Num_Acc;jour;mois;an;hrmn;lum;dep;com;agg;int;atm;col;adr;lat;long
202300000262;28;11;2023;09:35;1;82;82121;2;6;2;6;av du 11e regiment d’infanterie;44,02548492;1,35675707
202300000263;27;3;2023;09:20;1;42;42207;2;1;1;6;Boulevard François Delay;45,474667;4,507859
202300000264;21;3;2023;17:30;1;42;42218;2;1;1;6;Rue Charles de Gaulle;45,44269;4,386167
202300000265;27;3;2023;09:20;1;37;37195;2;1;1;6;HAUTES MARCHES (RUE DES);47,38389;0,6506
202300000266;29;11;2023;15:00;1;77;77059;2;1;1;2;D217B;48,85035;2,664717
202300000267;29;11;2023;13:15;1;76;76575;2;1;8;-1;Rue Paul Eluard;49,39615;1,09471
202300000268;26;3;2023;19:15;1;33;33249;2;3;2;3;Côte de la Garonne;44,88685;-0,51951
202300000269;28;11;2023;13:00;1;76;76351;2;2;1;6;RENE COTY;49,49754;0,11561
202300000270;11;12;2023;08:30;1;93;93053;2;3;8;3;VAILLANT COUTURIER (RUE);48,89148;2,44784
202300000271;28;11;2023;23:35;5;76;76351;2;1;2;6;Rue Commandant Abadie;49,50123;0,17188
202300000272;27;3;2023;18:55;1;28;28134;2;7;1;6;EPARGES (RUE DES);48,73165548;1,36993289
202300000273;23;4;2023;20:25;1;93;93053;2;1;8;6;PARIS (RUE DE) ;48,902083;2,461329
202300000274;26;11;2023;17:35;5;76;76114;2;3;1;6;VERLAINE PAUL (RUE);49,56555;0,47835
202300000275;27;3;2023;16:10;1;28;28134;2;1;1;2;Jean Hieaux;48,73198;1,36179
202300000276;25;3;2023;18:40;1;21;21617;2;1;1;6;RETISSEYS (DES) (RUE);47,33769321;4,99247909
202300000277;28;11;2023;16:25;1;72;72181;2;9;1;6;JAURES JEAN (AV) N° PAIRS 60 ET >;47,99056;0,20618
202300000278;29;11;2023;20:00;5;69;69266;2;7;1;6;Rue Greuze;45,7677;4,8936
202300000279;21;12;2023;19:20;4;67;67482;2;3;2;3;HERRENSCHMIDT (AVENUE);48,59879;7,75289
202300000280;18;3;2023;19:45;3;13;13026;1;3;1;1;CD 9;43,38692;5,19282
202300000281;29;11;2023;14:45;1;69;69092;2;9;1;3;Rond point des Petites Soeurs;45,9948;4,70722
202300000282;20;1;2023;02:20;5;13;13204;2;1;1;1;N/A;43,3152204;5,39222746
202300000283;21;6;2023;17:55;1;63;63113;2;2;2;3;Rue Kessler;45,7690925;3,0873007
202300000284;27;3;2023;13:35;1;9;9225;2;9;2;6;FOIX AVENUE DE;43,10779;1,61857
202300000285;29;11;2023;13:50;1;69;69115;2;1;1;2;Rue Pierre Ponot;45,975;4,70644
202300000286;16;5;2023;09:30;1;63;63113;2;1;1;3;rue Auger;45,7818;3,1054
202300000287;27;3;2023;17:55;1;8;8180;2;3;1;5;28 Avenue des Erables;49,72500538;4,72679606
202300000288;29;11;2023;13:00;1;69;69290;2;1;1;4;Rue de l'Aviation;45,72197;4,9344
202300000289;15;6;2023;11:18;1;63;63113;2;2;1;6;27 rue Bonnabaud;45,7747868;3,0796279
202300000290;24;3;2023;19:55;5;2;2738;2;2;1;6;N/A;49,65827;3,28853
202300000291;29;11;2023;06:50;5;69;69290;2;4;1;1;Montée du Lyonnais;45,7034;4,89543
202300000292;16;6;2023;10:28;1;63;63113;2;6;1;3;giratoire Bourdon/Chartoire;45,798;3,1474
202300000293;26;3;2023;15:05;1;75;75116;2;1;1;4;PORTE DE PASSY;48,856624;2,257509
202300000294;29;11;2023;10:48;1;64;64122;2;4;1;3;"""KENNEDY (AVENUE DU PRESIDENT J,F)""";43,46101;-1,54889
202300000295;13;6;2023;10:01;1;63;63113;2;1;1;2;Rue de l'Oradou;45,771225;3,10149
202300000296;29;11;2023;18:10;5;63;63113;2;1;1;7;SAINT JACQUES (VIADUC);45,7686;3,08975
202300000297;8;6;2023;13:23;1;63;63113;2;2;1;6;78 rue du Ressort;45,7893141;3,1166538
202300000298;29;11;2023;10:50;1;63;63113;2;1;1;4;BLANZAT (RUE DE);45,79123758;3,08403611
202300000299;29;11;2023;19:15;3;62;62907;1;9;1;1;D917;50,48488229;2,98334107
202300000300;7;6;2023;17:06;1;63;63113;2;2;1;4;rue Henri Dunant;45,7616;3,0894
202300000301;29;11;2023;18:05;4;61;61001;2;1;1;6;D112;48,43209;0,07185
202300000302;30;5;2023;21:52;5;63;63113;2;1;1;6;282 rue de l'Oradou;45,76448;3,12483
202300000303;28;11;2023;16:00;1;56;56121;2;2;1;6;GUILLEMOT (RUE  ARMAND );47,74317;-3,38876
202300000304;30;5;2023;17:44;1;63;63032;2;1;1;3;avenue de l'Europe;45,7532;3,0898
202300000305;29;11;2023;19:25;5;50;50147;2;1;8;3;DIVISION LECLERC;49,0648345;-1,432596
202300000306;30;5;2023;18:59;1;63;63113;2;1;1;3;30 rue Jean Monnet ;45,793093;3,068873
202300000307;28;11;2023;11:20;1;50;50129;2;3;1;3;SALENGRO (RUE ROGER);49,62409;-1,64592
202300000308;27;5;2023;06:55;1;63;63113;2;2;1;3;Gravanches / Brugière;45,7897;3,118
202300000309;21;11;2023;13:05;1;49;49099;2;2;1;3;LAC (AVENUE DU);47,04683;-0,84719
202300000310;28;11;2023;14:55;1;49;49007;2;1;1;6;MONTAIGNE AVENUE;47,46953;-0,53332
202300000311;25;5;2023;14:04;1;63;63075;2;1;1;5;7 avenue Pasteur;45,775403;3,068945
202300000312;28;11;2023;12:10;1;49;49007;2;1;1;6;JAURES;47,45557;-0,52434
202300000313;27;5;2023;16:13;1;63;63113;2;9;1;3;35 rue du Pre la Reine/parking;45,7843;3,1151
202300000314;29;11;2023;13:30;1;47;47001;2;9;1;3;PERES (RUE JEAN-BAPTISTE);44,20622;0,63535
202300000315;23;5;2023;13:03;1;63;63113;2;2;1;3;rue de Marmillat / rue de la Cerisière;45,79412;3,11246
202300000316;29;11;2023;05:15;5;45;45147;2;2;1;1;2 Rue André Dessaux;47,92093;1,90233
202300000317;21;5;2023;16:00;1;63;63113;2;1;1;6;Rue Youri Gagarine;45,79240705;3,14922988
202300000318;28;11;2023;14:04;1;44;44184;2;1;1;3;Boulevard de l'Atlantique;47,28737;-2,21006
202300000319;17;5;2023;09:58;1;63;63063;2;2;1;3;rue de Chancrole / rue de Narvik;45,81631;3,102681
202300000320;28;11;2023;07:55;2;44;44109;2;1;1;2;211 Route de Sainte Luce;47,23978796;-1,51308709
202300000321;29;11;2023;08:00;2;37;37261;2;1;8;3;DASSAULT (AVENUE MARCEL);47,36385;0,68794
202300000322;8;5;2023;12:54;1;63;63014;2;1;1;4;28 avenue du Roussillon-M2009;45,7508;3,1328
202300000323;16;5;2023;21:16;2;63;63014;2;1;1;7;N/A;45,7612;3,1092
202300000324;29;11;2023;19:30;5;33;33318;2;3;2;3;Avenue Antoine Becquerel;44,78654743;-0,64460725
202300000325;29;11;2023;18:00;5;33;33069;2;1;3;6;Avenue Victor Hugo;44,86652629;-0,59033677
202300000326;16;5;2023;09:36;1;63;63113;2;4;3;3;Cartoucherie / Herbet;45,77867;3,11669
202300000327;29;11;2023;11:25;1;33;33522;2;1;1;6;Route de Toulouse;44,8068;-0,5732
202300000328;3;5;2023;11:35;1;63;63075;2;2;1;6;Bd Pasteur/ aristide Briand;45,7734;3,0746
202300000329;29;11;2023;09:15;1;33;33069;2;6;1;3;Rue Georges Lafont;44,86833;-0,59831
202300000330;12;5;2023;14:50;1;63;63113;2;1;3;1;rue de la Charme;45,81162936;3,13219249
202300000331;29;11;2023;21:00;5;30;30007;2;1;2;6;MONGE (AVENUE);44,14536;4,10157
202300000332;29;11;2023;08:10;5;29;29232;2;1;1;6;Avenue Léon Blum;47,986579;-4,081436
202300000333;5;5;2023;17:35;1;63;63113;2;3;1;3;avenue Carnot ;45,7762;3,0934
202300000334;1;5;2023;16:06;1;63;63113;2;1;1;1;rue de la Charme Tronçon N°1;45,81159835;3,13226632
202300000335;29;11;2023;07:35;2;27;27375;2;1;8;6;SALENGRO (RUE ROGER);49,21712;1,16399
202300000336;18;12;2023;07:45;2;67;67152;1;1;5;2;_;48,52919;7,69379
202300000337;26;12;2023;08:20;5;91;91377;2;3;1;3;AV DU PRESIDENT J F KENNEDY;48,73953;2,30035
202300000338;29;11;2023;10:21;1;15;15014;2;3;1;3;GUTENBERG (RUE);44,916009;2,427595
202300000339;29;11;2023;18:30;5;14;14101;2;3;1;1;2 Avenue de Woodbury;49,166244;-0,418648
202300000340;27;11;2023;19:10;3;14;14137;1;3;3;6;Route de Caumont;49,18410292;-0,45852497
202300000341;19;12;2023;15:15;1;73;73065;2;1;1;6;RECLUS (FAUBOURG);45,56862;5,92155
202300000342;29;11;2023;09:00;1;13;13215;2;5;7;3;LE CHATELIER;43,34812;5,3625
202300000343;1;12;2023;06:50;5;32;32160;2;1;2;6;Rue Saint Martin;43,612665;1,080799
202300000344;14;12;2023;07:50;2;84;84087;2;1;1;1;FOCH (AVENUE MARECHAL);44,13247;4,81438
202300000345;10;6;2023;18:00;1;21;21060;2;9;1;3;Grande Rue;47,35587586;5,26534807
202300000346;27;5;2023;13:57;1;4;4209;1;1;1;5;Avenue Jean Jaurès;44,189419;5,946299
202300000347;11;6;2023;19:30;1;27;27185;1;1;1;7;D81;49,208759;0,981131
202300000348;11;6;2023;10:10;1;27;27289;1;1;8;1;D438;48,930477;0,439747
202300000349;20;6;2023;13:40;1;72;72181;2;1;1;3;BOLLEE (AV) N° IMP 1 A 63;48,00214;0,20727
202300000350;10;6;2023;17:35;1;37;37134;1;1;1;7;D50;47,18010813;0,77851501
202300000351;21;12;2023;16:45;1;60;60057;2;9;2;6;AQUITAINE (RUE D') ;49,4351;2,09979
202300000352;11;6;2023;13:50;1;30;30352;2;1;1;3;39 Avenue des Cevennes;43,789822;4,090412
202300000353;29;12;2023;22:25;5;30;30189;2;1;1;6;BARTHOLDI FREDERIC (AVENUE);43,8346;4,4136
202300000354;9;6;2023;16:30;1;88;88487;1;2;1;3;L?Hotel Enfonce;47,942562;6,471427
202300000355;11;12;2023;07:45;2;58;58194;2;1;2;3;LOURDES;46,99225;3,14532
202300000356;11;6;2023;03:00;3;973;97307;1;1;5;7;RN2 PK8;4,823599;-52,340305
202300000357;10;6;2023;22:00;5;978;97801;2;1;1;2;R QUARTIER D'ORLEANS;18,065255;-63,038805
202300000358;24;11;2023;19:30;5;58;58194;2;1;2;4;JEROME TRESAGUET;46,99911;3,15026
202300000359;9;6;2023;18:00;1;33;33205;1;1;1;2;A62 PK 021.100 sens BORDEAUX-TOULOUSE;44,62455402;-0,39741755
202300000360;10;6;2023;08:25;1;68;68278;2;2;1;3;Rue Jean Jaurès;47,765039;7,392167
202300000361;23;1;2023;21:15;5;93;93066;2;1;1;6;Rue Gabriel Péri;48,93172886;2,3561068
202300000362;11;6;2023;00:30;5;33;33005;2;1;1;6;292 Boulevard de la République;44,747457;-1,105526
202300000363;21;6;2023;20:45;1;59;59512;2;1;1;6;ITALIE (RUE D');50,69566;3,15975
202300000364;10;6;2023;09:50;1;988;98804;1;1;1;3;RPN3;-21,542451;166,011615
202300000365;8;12;2023;07:45;4;58;58194;2;1;3;1;HENRI BOUQUILLARD;46,99493;3,13339
202300000366;10;6;2023;18:40;1;29;29233;2;6;1;3;119 Rue du Couédic;47,87964487;-3,55418695
202300000367;21;6;2023;07:45;1;58;58194;2;6;1;3;GALVACHERS (ROND POINT);46,99462;3,18933
202300000368;10;6;2023;17:30;1;77;77265;1;1;1;1;D402;48,966852;3,164018
202300000369;12;11;2023;17:40;5;75;75112;2;1;3;6;95 boulevard poniatowski;48,834144;2,404051
202300000370;10;6;2023;18:32;1;66;66037;2;3;1;1;;42,688925;3,034871
202300000371;6;10;2023;15:05;1;93;93063;2;1;1;6;Avenue Gaston Roussel;48,89372743;2,4353696
202300000372;10;6;2023;13:15;1;66;66182;2;1;7;6;;42,728745;3,024588
202300000373;10;6;2023;16:32;1;68;68359;1;1;1;1;D431;47,849338;7,147746
202300000374;3;10;2023;03:10;5;93;93063;2;1;1;1;Route de Montreuil;48,87613647;2,44855594
202300000375;11;6;2023;18:05;1;55;55122;2;1;1;6;Rue de la Poterne;48,762261;5,592368
202300000376;2;10;2023;13:20;1;93;93045;2;9;1;6;Rue de Paris / Avenue Waldeck Rousseau;48,88092;2,42009
202300000377;10;6;2023;03:23;3;38;38565;1;9;1;6;Avenue du 11 Novembre;45,263464;5,656529
202300000378;11;6;2023;04:00;3;7;7279;1;1;1;6;D86;44,431557;4,642278
202300000379;26;9;2023;12:40;1;93;93063;2;1;1;6;Avenue Paul Vaillant - Couturier;48,8850988;2,43465029
202300000380;11;6;2023;02:50;3;69;69270;1;1;1;1;Route de Corbas;45,63706339;4,91756394
202300000381;19;9;2023;17:44;2;93;93006;2;1;8;3;MITTERRAND FRANCOIS RUE;48,87672;2,42325
202300000382;10;6;2023;12:25;1;31;31291;2;2;1;5;Avenue de Clairefontaine;43,594224;1,235458
202300000383;19;9;2023;12:30;1;93;93006;2;9;1;6;Rue Marie-anne Colombier ;48,87093;2,41727
202300000384;11;6;2023;07:30;1;33;33240;2;1;1;6;12 Avenue Pierre Mendes France;45,31291536;-0,9412998
202300000385;8;9;2023;22:40;5;93;93006;2;2;1;2;Rue Adelaide Lahaye / Rue Paul Vaillant-couturier ;48,86758954;2,41697341
202300000386;11;6;2023;17:45;1;33;33100;1;2;1;1;Lieu Dit la Pistolette;45,140876;-0,597411
202300000387;11;6;2023;06:20;2;56;56246;1;1;1;6;kerabus;48,0525;-2,982295
202300000388;2;9;2023;11:30;1;93;93006;2;9;1;3;Avenue de Stalingrad / Rue des Rigondes ;48,87113937;2,43077821
202300000389;11;6;2023;00:21;3;22;22136;1;1;1;6;D69;48,159219;-2,812146
202300000390;27;8;2023;09:55;1;93;93006;2;4;1;3;REPUBLIQUE AVENUE DE LA ;48,86335;2,41434
202300000391;12;12;2023;19:45;5;59;59512;2;8;1;6;Boulevard d'Armentières;50,702245;3,164571
202300000392;10;6;2023;19:15;1;59;59087;1;2;7;5;D943b;50,66744382;2,45745465
202300000393;10;6;2023;22:30;2;59;59452;2;1;1;1;D54a;50,459031;3,023177
202300000394;22;11;2023;08:00;1;44;44020;2;8;1;6;61 Rue Jean Mermoz;47,181883;-1,576117
202300000395;9;6;2023;07:34;1;13;13005;1;1;1;3;A50-Sens Marseille vers Aubagne;43,288972;5,559532
202300000396;29;7;2023;05:00;3;82;82028;1;8;1;1;402 Chemin de Villelongue;43,850862;1,286979
202300000397;6;6;2023;14:00;1;67;67218;1;1;1;2;M35;48,53066;7,6946
202300000398;2;12;2023;06:45;3;38;38454;1;8;1;6;Rue des Lavandes;45,1559;5,33619
202300000399;10;6;2023;15:55;1;91;91086;1;1;1;4;RN 104;48,62347;2,39039
202300000400;21;7;2023;20:30;3;64;64102;2;8;1;6;14 Rue Docteur André Voulgre;43,473552;-1,483459
202300000401;9;6;2023;20:00;1;91;91377;2;9;1;3;RN20;48,7192;2,29881
202300000402;13;7;2023;20:30;2;78;78372;2;8;1;6;19 rue de l'étang;48,871824;2,083314
202300000403;9;6;2023;19:50;1;94;94016;1;1;1;2;A6A;48,79246904;2,34446138
202300000404;25;4;2023;23:30;3;10;10426;1;8;1;6;Forges Saint-Bernard;48,162282;4,7882
202300000405;10;6;2023;17:30;1;78;78640;1;1;1;2;A86 INT;48,777711;2,218096
202300000406;17;4;2023;17:00;1;49;49307;1;1;1;6;Rue du Port La Vallée;47,412473;-0,31901
202300000407;9;6;2023;19:45;1;78;78140;1;1;1;6;A13;48,964974;1,924912
202300000408;9;6;2023;19:15;1;92;92036;1;1;1;3;A86;48,93540166;2,26544968
202300000409;10;6;2023;16:00;1;93;93078;1;1;1;2;AUTOROUTE A104;48,96216227;2,54624123
202300000410;16;4;2023;13:40;1;91;91027;2;1;2;2;AV DE MORANGIS;48,70579;2,366829
202300000411;10;6;2023;06:30;1;93;93008;1;1;1;6;AUTOROUTE A86;48,90640692;2,45788515
202300000412;9;6;2023;17:55;1;92;92036;1;1;1;2;RN 315 ;48,93472322;2,30194713
202300000413;29;9;2023;21:10;5;13;13213;1;1;1;2;A507 sens Aubagne- Marseille;43,32991768;5,40887117
202300000414;9;6;2023;16:00;1;95;95241;1;1;1;4;N104;49,05119;2,42953
202300000415;21;3;2023;08:00;1;52;52448;2;1;1;6;1 Rue André Theuriet ;48,640618;4,95495
202300000416;9;6;2023;19:15;1;94;94042;1;1;1;2;A4;48,82854107;2,47576095
202300000417;1;3;2023;12:50;1;1;1299;1;8;1;3;N/A;46,02382667;5,05243421
202300000418;9;6;2023;09:45;1;94;94052;1;1;1;4;A86;48,83826565;2,49372861
202300000419;28;9;2023;14:30;1;93;93061;2;1;1;3;PERI GABRIEL RUE;48,886602;2,407326
202300000420;9;6;2023;07:55;1;76;76351;2;3;1;6;FERNAND CHATEL;49,5196;0,11003
202300000421;9;6;2023;09:20;1;31;31555;2;2;2;3;AV DE TABAR;43,57425;1,4035
202300000422;9;6;2023;12:50;1;27;27681;2;6;1;6;MENDES FRANCE (AVENUE PIERRE);49,0904912;1,4845961
202300000423;18;9;2023;18:45;1;93;93006;2;3;1;3;CHATEAU RUE DU;48,862956;2,415185
202300000424;9;6;2023;16:50;1;27;27229;2;1;1;6;SAINT GERMAIN (RUE);49,01698;1,12549
202300000425;2;9;2023;21:25;5;93;93045;2;1;1;3;BRUYERES RUE DES;48,877304;2,413933
202300000426;9;6;2023;12:15;1;75;75109;2;3;1;6;RUE DU CONSERVATOIRE;48,87211;2,346702
202300000427;25;11;2023;12:45;1;41;41025;1;1;1;6;Route de Chambord;47,555681;1,537925
202300000428;7;6;2023;18:15;1;92;92036;2;1;1;6;CHANDON (AVENUE) (2/60);48,92355;2,29651
202300000429;10;11;2023;18:18;5;91;91434;2;7;8;6;TROIS MARTYRS (PLACE DES) ;48,66441;2,35314
202300000430;27;5;2023;17:50;1;62;62193;2;1;1;3;Boulevard Curie;50,939445;1,863403
202300000431;22;11;2023;18:30;5;59;59512;2;8;1;6;Boulevard des batisseurs;50,702245;3,164571
202300000432;7;6;2023;03:20;3;974;97416;1;1;1;1;RN1 (ROUTE NATIONALE);-21,30416;55,42741
202300000433;27;7;2023;11:00;1;30;30276;1;1;1;7;D979;43,613466;4,192484
202300000434;9;6;2023;07:50;1;974;97416;1;1;1;4;RN03;-21,31394;55,49387
202300000435;9;6;2023;07:00;1;974;97416;1;1;1;3;ENTRE DEUX (CHEMIN) CD26;-21,29586;55,44425
202300000436;21;12;2023;17:30;5;71;71270;2;1;2;6;11 avenue Edouard Herriot;46,30126441;4,83039012
202300000437;12;10;2023;14:50;1;84;84075;1;1;1;7;N/A;44,01313831;5,24676098
202300000438;9;6;2023;08:50;1;974;97407;2;6;1;2;MASCAREIGNES(BOULEVARD);-20,94062;55,30813
202300000439;9;6;2023;16:20;1;973;97302;2;1;1;5;MADELEINE (ROUTE DE LA);4,9171;-52,32148
202300000440;10;10;2023;19:00;1;47;47297;1;1;1;7;N/A;44,30711;0,642397
202300000441;9;6;2023;09:35;1;972;97213;1;1;1;2;AUTOROUTE A1;14,61329;-61,00925
202300000442;16;8;2023;18:40;1;71;71153;2;1;1;6;99 rue Marechal Foch;46,804456;4,440913
202300000443;9;6;2023;06:30;1;69;69389;2;1;1;2;307 Montée de Balmont;45,78571;4,80088
202300000444;17;10;2023;08:08;1;95;95394;2;1;1;6;39 CAMILLE PLAQUET (RUE);49,061132;2,182293
202300000445;9;6;2023;15:30;1;2B;2B037;1;1;1;4;TOUTES RUES;42,608179;9,437958
202300000446;8;12;2023;19:30;3;976;97613;1;1;1;1;Rue d?Andimaka;-12,756259;45,089575
202300000447;9;6;2023;13:30;1;971;97101;2;9;1;6;CENTRE COMMERCIAL LE PATIO;16,25176;-61,54082
202300000448;9;6;2023;12:45;1;2A;2A004;2;6;8;3;T21;41,9296;8,76117
202300000449;10;12;2023;00:00;3;91;91079;1;1;8;1;route départementale 721;48,371161;2,163749
202300000450;9;6;2023;09:30;1;95;95277;1;1;1;2;D317;48,99152208;2,47641921
202300000451;9;6;2023;16:53;1;95;95252;2;1;1;6;D14;48,98873183;2,20723271
202300000452;9;6;2023;15:30;1;95;95306;2;7;7;6;ETAUX PLACE DES);48,99084;2,16775
202300000453;4;12;2023;19:03;3;82;82051;1;1;2;5;RD 2 PK 11+750;44,213687;1,141881
202300000454;9;6;2023;13:40;1;91;91021;2;1;1;6;AV DE VERDUN;48,584171;2,244164
202300000455;9;6;2023;15:40;1;91;91479;2;1;1;7;AV DE VERDUN;48,70576;2,36306
202300000456;24;11;2023;14:40;1;82;82178;1;1;8;6;1174 Route de Beaumont;43,84332;1,158304
202300000457;9;6;2023;08:10;1;91;91589;2;2;1;3;BD ARISTIDE BRIAND;48,68085;2,34269
202300000458;8;12;2023;04:35;4;91;91095;2;2;9;3;Rue de la Croix de Fer;48,518445;2,288209
202300000459;9;6;2023;07:43;1;87;87085;2;1;1;6;AUTIER (RUE DE L');45,87425;1,29475
202300000460;9;6;2023;12:47;1;87;87085;2;1;1;7;LE BAIL (RUE JEAN);45,83893;1,22641
202300000461;9;6;2023;12:26;1;87;87085;2;1;1;7;CHARLET (RUE GASTON);45,81619;1,2223
202300000462;22;12;2023;04:00;3;84;84008;1;1;1;7;d 938;44,153021;5,12332
202300000463;8;6;2023;19:00;1;87;87113;2;1;1;6;LATTRE DE TASSIGNY (AVE DE);45,86966;1,31559
202300000464;9;6;2023;08:40;1;86;86194;2;2;1;3;Avenue de Nantes;46,585625;0,333167
202300000465;8;6;2023;10:15;1;86;86214;2;6;1;3;Route de Nouaille;46,560415;0,368224
202300000466;1;6;2023;17:05;1;80;80001;2;1;1;6;VAUBAN;50,10375;1,84056
202300000467;9;6;2023;09:00;1;78;78350;1;1;1;2;VERSAILLES (ROUTE DE);48,84351;2,10988
202300000468;9;6;2023;09:50;1;77;77210;1;1;1;1;RD 606;48,36124;2,89981
202300000469;9;6;2023;12:10;1;76;76540;2;3;9;1;Avenue de Grammont;49,42704;1,09606
202300000470;9;6;2023;06:35;1;76;76341;2;4;1;6;RD 6015;49,51058;0,19927
202300000471;8;6;2023;14:20;1;76;76447;2;1;1;6;FONTAINE LA MALLET (DE);49,54366;0,15046
202300000472;9;6;2023;12:21;1;74;74010;2;1;1;6;GARE (RUE DE LA)(SECTEUR 120);45,89938329;6,12183917
202300000473;8;6;2023;09:45;1;72;72181;2;1;1;2;CUGNOT NICOLAS (BD);47,98616;0,22529
202300000474;9;6;2023;21:30;1;71;71499;2;1;1;6;JEAN ZAY (RUE);46,64029;4,28625
202300000475;9;6;2023;20:55;1;71;71306;2;1;1;6;RN 70 (ROUTE EXPRESS);46,66567;4,33895
202300000476;9;6;2023;22:50;5;69;69266;2;1;2;6;Cours Tolstoï;45,76215;4,88037
202300000477;9;6;2023;13:40;1;69;69266;2;1;8;6;Rue Saint Jean;45,77633;4,9003
202300000478;9;6;2023;11:20;1;69;69286;2;1;1;6;440 Boulevard Marcel Yves André;45,80617;4,89718
202300000479;6;6;2023;10:45;1;66;66136;2;1;1;4;;42,67737;2,89074
202300000480;10;6;2023;00:50;5;64;64102;2;6;1;6;PONTOTS (GIRATOIRE LES);43,48812;-1,49102
202300000481;8;6;2023;08:10;1;64;64102;2;1;1;6;GRAND BASQUE (CHEMIN DU);43,50092;-1,44589
202300000482;9;6;2023;11:15;1;62;62907;2;9;1;6;Rue Andre Pantigny;50,48088;3,01412
202300000483;9;6;2023;18:15;1;59;59350;2;1;1;4;REPUBLIQUE AV DE LA (N°512-832);50,65628;3,08816
202300000484;8;6;2023;12:35;1;59;59178;2;1;1;1;FLANDRE (RUE MARGUERITE DE);50,40124;3,12581
202300000485;8;6;2023;20:10;1;56;56121;2;1;1;6;GUESDE (RUE  JULES );47,75477;-3,36154
202300000486;8;6;2023;11:55;1;56;56121;2;1;1;6;PORT (RUE  DU );47,74781;-3,36216
202300000487;8;6;2023;20:15;1;54;54495;2;1;1;1;Grand Rue;48,68919908;6,24955773
202300000488;8;6;2023;13:35;1;54;54395;2;2;7;6;POINCARE (RUE RAYMOND 1-29-2-30);48,69105003;6,17519081
202300000489;9;6;2023;11:40;1;54;54575;1;1;1;2;D26b;49,472;5,83868
202300000490;9;6;2023;19:20;1;51;51454;2;6;1;3;DROITS DE L'HOMME (PLACE) COTE IMPAIR;49,24137;4,04425
202300000491;9;6;2023;13:40;1;51;51454;2;1;1;1;PARIS (AVENUE DE) N°27 A 89 ET N°32 A 12;49,24802;4,00854
202300000492;8;6;2023;08:46;1;51;51230;2;1;7;6;CHAMPAGNE (AVENUE DE);49,04224;3,96453
202300000493;8;6;2023;21:40;1;50;50129;1;1;1;4;VAL CANU (RUE DU);49,64155;-1,5367
202300000494;25;10;2023;17:20;1;69;69383;2;2;3;3;Avenue Lacassagne;45,75282;4,86957
202300000495;25;10;2023;02:50;5;972;97213;1;1;1;5;AUTOROUTE A1;14,61644286;-61,01540744
202300000496;25;10;2023;18:35;5;972;97209;1;1;1;1;REDOUTE (ROUTE DE LA);14,61738;-61,06168
202300000497;25;10;2023;14:00;1;69;69389;2;1;1;6;332 Boulevard de Balmont;45,78919;4,79953
202300000498;10;10;2023;18:15;1;69;69389;2;1;1;6;2 Grande Rue de Vaise;45,77497;4,80602
202300000499;26;10;2023;15:05;1;971;97120;2;9;2;6;RASPAIL;16,23383207;-61,53271258
202300000500;25;10;2023;16:30;1;971;97113;1;3;1;3;BAS DU FORT;16,2177;-61,51403
202300000501;25;10;2023;23:08;5;91;91103;2;2;1;1;RUE DU PETIT PARIS;48,61253;2,27827
202300000502;25;9;2023;12:01;1;988;98818;2;2;1;3;RUE TOURVILLE/RUE DE SEBASTOPOL;-22,27724;166,44399
202300000503;30;9;2023;20:30;5;91;91174;2;2;1;1;BD JOHN KENNEDY;48,58308;2,47649
202300000504;25;9;2023;17:00;1;69;69149;2;1;1;2;Rue des Anciennes Tanneries;45,71439037;4,81840357
202300000505;25;10;2023;13:03;1;87;87050;2;2;3;3;EGLISE (RUE DE L');45,87695;1,24053
202300000506;25;9;2023;19:01;1;2B;2B120;2;1;1;6;11 - RT;42,64779;9,44026
202300000507;26;10;2023;13:45;1;84;84035;2;9;1;6;JOFFRE (AVENUE DU MARECHAL);43,834465;5,041005
202300000508;25;9;2023;14:00;1;971;97113;2;1;1;3;MONTAUBAN (SECTEUR);16,21571166;-61,50317609
202300000509;24;10;2023;12:03;1;80;80021;2;1;1;6;SAINT MARTIN AUX WAIDES (RUE);49,89482;2,29912
202300000510;25;9;2023;01:05;5;971;97101;2;1;1;6;CHAUVEL;16,23969;-61,51937
202300000511;18;10;2023;15:27;1;80;80674;1;1;8;4;RN 25;49,91594;2,34074
202300000512;24;9;2023;09:45;1;971;97113;1;1;2;1;SECTION TOMBEAU;16,21971;-61,47981
202300000513;26;10;2023;08:10;2;78;78220;1;1;1;3;D73;48,70833;1,89022
202300000514;24;9;2023;06:15;1;971;97101;1;1;2;7;PATRICK SAINT ELOI ( AVENUE );16,25813;-61,51951
202300000515;26;10;2023;19:05;3;78;78015;1;3;3;3;SCHOELCHER (AVENUE VICTOR);48,97943;2,048
202300000516;25;9;2023;16:30;1;2A;2A004;2;2;1;3;CANNES CITE RUE DES CANNES;41,93442;8,74183
202300000517;25;10;2023;20:40;3;77;77495;2;1;1;2;D306;48,57241;2,62113
202300000518;26;10;2023;10:30;1;76;76540;2;2;2;3;Place Saint Paul;49,43483;1,10583
202300000519;26;10;2023;02:00;5;76;76351;2;6;1;7;MICHEL FERE (QUAI);49,48925;0,11118
202300000520;24;9;2023;19:15;1;91;91645;2;3;1;5;BOULIE (RUE DE LA);48,7416;2,25426
202300000521;25;10;2023;18:20;2;69;69115;2;1;2;6;Rue du 11 Novembre 1918;45,97499;4,7103
202300000522;24;9;2023;14:10;1;91;91201;2;1;1;6;PL DE LA REPUBLIQUE;48,686;2,40964