Num_Acc;jour;mois;an;hrmn;lum;dep;com;agg;int;atm;col;adr;lat;long
202300000523;25;9;2023;09:15;1;91;91326;2;1;1;6;COUR DE FRANCE (AVENUE DE LA);48,687731;2,371749
202300000524;26;10;2023;08:35;1;67;67482;2;3;2;3;SAVERNE (PONT DE);48,58457;7,7408
202300000525;24;9;2023;09:50;1;91;91223;2;9;1;7;BRESSAULT (RUE DE);48,425363;2,144949
202300000526;25;10;2023;22:55;5;67;67482;2;3;8;3;ALPES (QUAI DES);48,57443;7,76711
202300000527;21;9;2023;20:36;2;87;87085;2;1;2;2;GRODNO  (AVENUE DE);45,82151;1,22369
202300000528;24;10;2023;09:20;1;67;67482;2;3;2;3;JACQUES KABLE (RUE);48,59221;7,74401
202300000529;17;9;2023;14:00;1;84;84087;1;6;1;3;ROUTE DE COURTHEZON;44,096;4,825
202300000530;25;9;2023;20:30;5;81;81018;2;2;1;7;CARMAUX (ROUTE DE);43,9592987;2,199504
202300000531;24;9;2023;16:50;1;78;78650;2;2;1;3;BELGIQUE (BOULEVARD DE);48,905136;2,130817
202300000532;26;10;2023;06:25;3;63;63300;1;3;8;3;ENNEZAT (ROUTE D');45,88872114;3,13733697
202300000533;22;10;2023;19:25;2;62;62765;2;1;1;6;Rue de Calais;50,75284;2,25132
202300000534;25;9;2023;05:55;5;78;78440;2;1;1;2;PAUL RAOULT (AVENUE);48,988523;1,91296
202300000535;25;10;2023;18:20;1;62;62400;2;2;1;6;D86;50,472013;2,577236
202300000536;24;9;2023;12:45;1;77;77186;2;2;2;7;GENERAL LECLERC (BOULEVARD);48,41335;2,71301
202300000537;26;10;2023;09:05;1;59;59378;2;1;3;3;LISFRANC-CROISE LAROCHE PLACE;50,66497;3,10372
202300000538;25;9;2023;10:25;1;77;77431;2;1;1;6;RUE DE LARCHANT;48,266795;2,68501
202300000539;23;9;2023;07:55;1;76;76341;2;9;1;6;RESISTANCE (AVENUE DE LA);49,50484;0,199883
202300000540;23;10;2023;17:25;1;57;57441;1;1;2;6;LUXEMBOURG (ROUTE DE);49,37814;6,16973
202300000541;25;10;2023;11:17;1;56;56121;2;1;1;6;LOTE (RUE  RENE );47,76949;-3,4033
202300000542;26;9;2023;00:05;5;73;73137;2;3;1;6;CASCADE (ROUTE DE LA);45,55567;5,91258
202300000543;25;10;2023;07:05;5;56;56098;2;6;8;2;TRUDAINE (RUE  DANIEL );47,777009;-3,338972
202300000544;23;9;2023;17:50;1;71;71105;2;1;1;6;PERTHUIS (RUE DU);46,31733;4,7859
202300000545;25;9;2023;08:00;1;71;71076;2;1;1;1;POTERNE (QUAI DE LA);46,78139;4,85986
202300000546;25;10;2023;23:40;5;54;54395;2;1;1;6;Rue des Carmes;48,69047;6,1813
202300000547;25;9;2023;08:30;1;69;69282;2;1;7;6;Rue Antoine Becquerel;45,76802;5,03189
202300000548;25;10;2023;12:00;1;54;54395;2;1;3;6;Rue du Capitaine Guynemer;48,69976;6,14004
202300000549;25;9;2023;15:50;1;69;69115;2;1;1;2;1427 Route d’Anse;45,9643879;4,71607656
202300000550;25;9;2023;18:40;1;69;69290;2;1;1;6;211 Route de Grenoble;45,71495;4,96408
202300000551;25;10;2023;06:25;5;54;54395;2;2;3;3;Boulevard Lobau;48,685601;6,19580626
202300000552;24;9;2023;20:50;5;69;69029;2;3;1;3;Avenue François Mitterrand;45,7374;4,91952
202300000553;26;10;2023;07:20;5;54;54371;1;3;2;3;D 136;49,19861;5,93125
202300000554;25;9;2023;11:02;1;65;65433;2;3;1;2;BARBUSSE (AVENUE HENRI);43,21913835;0,09570276
202300000555;26;10;2023;11:35;1;54;54099;1;1;2;7;RD 138;49,24409;6,02053
202300000556;25;10;2023;11:45;1;51;51454;2;1;1;1;AVIATION (RUE);49,27565;4,03914
202300000557;24;9;2023;02:30;3;65;65251;1;3;1;3;EVADES DE FRANCE (RUE DES);43,21492;0,08543
202300000558;23;10;2023;06:50;5;50;50129;2;1;1;6;MENDES FRANCE (BOULEVARD);49,63393;-1,62293
202300000559;25;9;2023;00:30;5;64;64373;2;3;1;3;GENERAL DE GAULLE DU;43,27638;-0,35142
202300000560;25;10;2023;19:05;5;44;44109;2;1;2;6;19 Rue Louis Blanc;47,20598;-1,55475
202300000561;25;10;2023;11:05;1;44;44109;2;1;8;6;107 Boulevard Jules Verne;47,2399909;-1,53100825
202300000562;24;9;2023;18:30;1;64;64024;2;1;1;3;AMOUR (AVENUE DE LA CHAMBRE D');43,49524;-1,53425
202300000563;26;10;2023;19:50;5;43;43046;2;1;2;1;MONTEE DE CHADRAC;45,05714;3,90029
202300000564;26;10;2023;20:05;5;43;43157;2;3;3;7;39 Avenue des Belges;45,04868;3,89808
202300000565;23;9;2023;14:10;1;64;64102;2;2;2;3;NAVARRE (AVENUE HENRI DE);43,49407;-1,45274
202300000566;23;9;2023;13:12;1;64;64140;2;3;8;6;PASTOU (RUE DU);43,5286;-1,48301
202300000567;20;10;2023;18:05;1;38;38421;2;8;3;3;AVENUE CENTRALE;45,1922;5,7643
202300000568;25;9;2023;20:30;5;59;59599;2;1;1;2;FRANCS (RUE DES);50,71962;3,13872
202300000569;26;10;2023;08:45;1;37;37214;1;1;8;4;RD 37;47,42986;0,65182
202300000570;25;9;2023;19:20;1;59;59328;2;4;1;1;LILLE RUE DE;50,648;3,045
202300000571;25;9;2023;22:00;5;59;59122;2;6;1;3;CATEAU (AVENUE DU);50,17475;3,24894
202300000572;25;10;2023;16:30;1;35;35238;2;3;1;2;LORIENT (DE);48,10748;-1,71641
202300000573;25;9;2023;12:10;1;57;57463;2;1;1;3;DEUX FONTAINES (AVENUE );49,1354;6,17265
202300000574;26;10;2023;20:20;5;33;33281;2;1;3;1;Avenue Pierre Mendès-France;44,82081;-0,63521
202300000575;22;9;2023;20:30;5;57;57019;2;3;1;3;PASTEUR (RUE);49,25787;6,1426
202300000576;25;9;2023;15:20;1;51;51454;2;1;1;2;EPERNAY (AVENUE D') COTE PAIR;49,22792;4,01425
202300000577;26;10;2023;19:50;5;33;33162;2;3;3;3;Avenue d'Eysines;44,87186411;-0,63136116
202300000578;25;9;2023;12:43;1;51;51454;2;2;1;3;MOULINS (RUE DES);49,24667;4,03907
202300000579;25;9;2023;10:40;1;51;51454;2;1;1;6;PAIX (BOULEVARD DE LA);49,25381;4,04083
202300000580;25;9;2023;09:30;1;51;51058;2;1;7;6;MONNET (AVENUE JEAN);49,21362;4,00644
202300000581;25;10;2023;16:35;1;30;30189;2;6;1;3;KENNEDY (AVENUE);43,81546;4,31387
202300000582;27;10;2023;02:00;3;26;26362;2;4;2;6;Avenue du Tricastin;44,93423;4,8878
202300000583;24;9;2023;11:13;1;51;51454;2;2;1;4;NATIONALE (AVENUE) LA NEUVILLETTE;49,284165;4,010159
202300000584;23;9;2023;19:20;1;49;49099;2;3;7;5;CHOUTEAU (BOULEVARD GUY);47,06726;-0,88742
202300000585;25;10;2023;08:03;1;22;22278;2;2;2;6;NICOLAS (JEAN);48,51726;-2,77873
202300000586;25;9;2023;13:50;1;49;49007;2;1;1;7;ALSACE;47,47;-0,55
202300000587;25;9;2023;07:52;1;43;43157;2;3;1;3;Route du Couderc;45,036792;3,904654
202300000588;26;10;2023;11:30;1;17;17333;2;1;2;3;TOURTET (AV. LT COLONEL);45,604533;-0,983542
202300000589;25;9;2023;19:55;5;42;42207;2;1;1;3;Route de Lyon;45,477721;4,523508
202300000590;25;10;2023;12:30;1;17;17306;2;1;3;4;BOUCHET LOUIS (AVENUE);45,62773;-0,99669
202300000591;25;9;2023;19:30;2;42;42183;2;3;1;3;Rue Jean Jaurès;45,40036502;4,35854807
202300000592;24;9;2023;15:30;1;41;41018;2;1;1;6;VERDUN (AVENUE DE);47,59738;1,34926
202300000593;25;9;2023;16:45;1;37;37261;2;1;1;6;NATIONALE (RUE);47,39374;0,68755
202300000594;26;10;2023;20:15;3;13;13117;1;1;1;2;ROUTE NATIONALE 113-L'ANJOLY;43,42856294;5,27208628
202300000595;21;9;2023;18:50;1;34;34301;2;1;1;3;CLERVILLE CHEVALIER DE (BOULEVARD);43,409963;3,675553
202300000596;26;10;2023;18:30;1;13;13106;1;1;1;6;BEDOULE (CHEMIN DE LA);43,38943;5,35393
202300000597;24;9;2023;03:45;5;34;34032;2;1;1;2;ALBERT 1ER (AVENUE);43,34823;3,21724
202300000598;26;10;2023;07:00;5;13;13213;2;1;1;1;VALLON VERT (CHEMIN DU);43,3352555;5,45376454
202300000599;25;9;2023;08:40;1;33;33318;2;6;1;3;Avenue du Haut Lévèque;44,78355;-0,65243
202300000600;25;9;2023;16:30;1;31;31555;2;3;1;3;AV DES ETATS UNIS;43,64795;1,42212
202300000601;25;10;2023;18:00;1;13;13047;1;1;1;2;D.5;43,56075;4,96271
202300000602;25;9;2023;13:18;1;31;31555;2;2;1;3;AV DU GENERAL EISENHOWER;43,5636;1,38686
202300000603;25;9;2023;07:53;2;29;29232;2;1;1;3;Route de Brest;48,01739;-4,083333
202300000604;25;10;2023;07:45;1;13;13047;1;1;1;3;RN 569;43,54889;4,95668
202300000605;19;9;2023;20:20;3;26;26362;1;1;1;2;Route de Montelier;44,93834;4,94053
202300000606;25;10;2023;08:20;2;10;10387;2;1;2;2;PAIX (RUE DE LA);48,30808;4,06305
202300000607;25;9;2023;20:55;5;25;25056;2;3;1;3;JOUCHOUX RUE AUGUSTE;47,23739;5,98837
202300000608;25;9;2023;08:10;1;25;25056;2;2;1;6;MICHEL  AVENUE LOUISE;47,235455;6,015385
202300000609;21;10;2023;12:50;1;6;6027;2;9;1;3;FRANCE ROUTE DE;43,66373;7,14882
202300000610;25;9;2023;09:08;1;6;6088;2;1;7;6;BLANQUI (PL. AUGUSTE);43,705297;7,289981
202300000611;17;9;2023;00:45;5;2;2408;2;1;1;7;34 Rampe Saint-Marcel;49,56603;3,61942
202300000612;2;10;2023;16:36;1;5;5061;2;6;1;6;FAUVINS ( ROUTE  DES );44,56381;6,10008
202300000613;24;9;2023;07:00;2;1;1451;1;2;5;3;PARIS (ROUTE DE);46,2488;5,18605
202300000614;2;10;2023;17:45;1;5;5061;2;2;1;1;ROGER SABATIER ( RUE );44,54929;6,06357
202300000615;25;9;2023;08:20;1;75;75118;2;1;1;2;BD PERIPHERIQUE INTERIEUR;48,900792;2,35757
202300000616;25;9;2023;19:15;2;75;75119;2;3;1;3;RUE DE KABYLIE;48,8843;2,367683
202300000617;26;10;2023;15:10;1;75;75113;2;1;1;3;PORTE D ITALIE;48,816347;2,363837
202300000618;25;9;2023;07:10;2;75;75113;2;1;1;3;AVENUE D ITALIE;48,830161;2,356094
202300000619;26;10;2023;13:50;1;75;75116;2;1;1;2;PORTE D AUTEUIL;48,846575;2,254875
202300000620;24;9;2023;12:19;1;75;75110;2;4;1;3;BOULEVARD DE MAGENTA;48,879578;2,353311
202300000621;26;10;2023;08:40;1;75;75116;2;1;2;7;ECHANGEUR MUETTE;48,866593;2,268615
202300000622;25;9;2023;00:50;5;75;75109;2;5;1;1;RUE D ATHENES;48,877915;2,326937
202300000623;25;10;2023;08:46;1;75;75111;2;3;2;3;BOULEVARD VOLTAIRE;48,860679;2,375304
202300000624;25;9;2023;12:30;1;75;75108;2;3;1;6;BOULEVARD HAUSSMANN;48,874093;2,32463086
202300000625;26;10;2023;20:40;5;75;75118;2;2;3;3;AVENUE DE LA PORTE DE SAINT OUEN;48,897731;2,329031
202300000626;25;9;2023;19:00;1;75;75107;2;3;1;3;PONT DE LA CONCORDE;48,86259042;2,31902486
202300000627;26;10;2023;19:00;5;75;75116;2;1;2;3;VOIE GEORGES POMPIDOU;48,848567;2,276053
202300000628;25;9;2023;07:30;1;75;75104;2;2;1;3;PONT SAINT MICHEL;48,854341;2,344906
202300000629;25;10;2023;13:20;1;75;75116;2;1;2;3;ALLEE DE LA REINE MARGUERITE;48,850949;2,241836
202300000630;23;9;2023;21:20;5;94;94067;2;2;1;1;Avenue Daumesnil;48,83499;2,41974
202300000631;25;9;2023;16:00;1;94;94078;2;3;1;1;Rue de Paris;48,73555;2,44692
202300000632;26;10;2023;00:04;5;75;75116;2;2;1;6;PONT MIRABEAU;48,847144;2,274472
202300000633;25;9;2023;08:25;1;94;94044;2;1;7;6;Rue Roger Salengro;48,7514004;2,49005288
202300000634;25;9;2023;17:41;1;94;94043;2;1;1;3;Avenue Eugène Thomas;48,809774;2,3592
202300000635;24;10;2023;07:45;5;75;75116;2;4;2;6;RUE HENRI HEINE;48,850719;2,267201
202300000636;25;9;2023;15:55;1;93;93073;2;2;1;1;Route des Petits Ponts / Avenue Henri Barbusse;48,9654;2,5693
202300000637;26;10;2023;07:35;2;75;75115;2;2;2;6;AVENUE DE LA PORTE BRANCION;48,82587212;2,30023026
202300000638;25;9;2023;08:15;1;93;93078;2;1;1;6;Rue Jacques Prévert;48,9573;2,5473
202300000639;25;9;2023;12:25;1;93;93051;2;1;1;6;Rue de la Closerie;48,83944;2,54716
202300000640;25;9;2023;11:40;1;93;93046;2;3;1;6;Allée Jeanne d'Arc / Boulevard de la République;48,9075;2,52012
202300000641;26;10;2023;15:00;1;75;75108;2;2;8;6;AVENUE MATIGNON;48,869402;2,310963
202300000642;24;9;2023;23:15;3;93;93029;2;4;1;6;Rue Anatole France / Rue Maurice Bernard;48,93065;2,45546
202300000643;26;10;2023;17:40;1;75;75115;2;4;1;3;AVENUE EMILE ZOLA;48,846238;2,279644
202300000644;25;9;2023;16:37;1;93;93047;2;1;1;6;Place Jean Mermoz;48,901677;2,571321
202300000645;24;9;2023;19:42;1;93;93014;2;1;1;6;Avenue Jean Moulin;48,90552;2,55873
202300000646;25;10;2023;17:25;1;75;75104;2;3;1;7;RUE BEAUTREILLIS;48,85345;2,364121
202300000647;25;9;2023;17:10;1;93;93010;2;3;7;1;Route d'Aulnay / Chemin Latéral;48,908474;2,480133
202300000648;26;10;2023;06:20;5;94;94080;2;1;2;6;Rue de Fontenay;48,848035;2,43953
202300000649;24;9;2023;10:50;1;93;93010;2;1;1;6;Avenue Galliéni;48,9065806;2,48574062
202300000650;25;9;2023;16:50;1;93;93007;2;1;1;3;Avenue Paul Vaillant Couturier;48,9254;2,46572
202300000651;25;10;2023;23:30;3;94;94073;2;3;1;3;Avenue de la République;48,771352;2,397034
202300000652;24;9;2023;18:30;1;92;92078;2;3;1;3;MARECHAL LECLERC (AVENUE) (PAIRS);48,93779;2,32434
202300000653;25;10;2023;06:30;5;94;94017;2;1;2;6;Boulevard de Stalingrad;48,82517023;2,49566022
202300000654;24;9;2023;13:30;1;92;92046;2;2;1;3;SALVADOR ALLENDE (RUE);48,81935107;2,30450571
202300000655;26;10;2023;14:30;1;93;93064;2;2;8;3;Avenue du Président John Kennedy / Rue Laënnec;48,88091739;2,49465876
202300000656;24;9;2023;23:24;5;92;92064;2;4;1;2;GEORGES CLEMENCEAU;48,84165528;2,22129688
202300000657;25;9;2023;07:20;2;92;92051;2;1;1;3;GENERAL KOENIG (BOULEVARD DU);48,8764;2,24642
202300000658;26;10;2023;08:27;1;93;93064;2;1;2;3;Rue Henri Mondor;48,86935;2,49559
202300000659;25;9;2023;16:00;1;92;92026;2;1;1;3;FAUVELLES (15 A FIN);48,90247311;2,24166467
202300000660;25;9;2023;20:40;3;92;92024;2;1;1;6;CLICHY (PONT DE);48,9096419;2,29946136
202300000661;25;10;2023;09:19;1;93;93064;2;1;2;1;Avenue du Général de Gaulle;48,87716344;2,48007967
202300000662;25;9;2023;13:30;1;92;92012;2;1;1;3;BILLANCOURT (RUE DE) 63/FIN - COTE IMPAI;48,83992;2,23582
202300000663;25;10;2023;08:36;1;93;93032;2;5;2;6;Rue Paul Vaillant Couturier / Avenue Emile Cossonneau;48,87447842;2,552038
202300000664;24;10;2023;19:15;3;93;93007;2;1;1;3;Rue du Parc;48,93895;2,44059
202300000665;25;9;2023;20:00;5;92;92009;2;1;1;3;JEAN JAURES ( RUE );48,91120349;2,27060124
202300000666;26;10;2023;10:20;1;92;92073;2;1;8;2;JAURES (AVENUE JEAN);48,86212;2,21142
202300000667;22;9;2023;17:05;1;86;86128;2;2;1;3;Rue Léon Gambetta;46,810106;0,325567
202300000668;26;10;2023;18:05;5;92;92064;2;9;2;2;EGLISE;48,84291;2,21938
202300000669;26;9;2023;11:30;1;73;73028;1;1;1;1;RD 1516;45,708371;5,726066
202300000670;24;10;2023;19:50;2;92;92064;2;1;2;7;CARNOT;48,84365512;2,22308743
202300000671;24;8;2023;09:30;1;41;41031;1;9;1;3;Clénord;47,533881;1,416187
202300000672;7;9;2023;17:22;1;6;6161;2;1;1;2;Route du Bord de Mer;43,630892;7,134933
202300000673;26;10;2023;17:15;1;92;92036;2;4;2;1;VILLEBOIS MAREUIL (RUE);48,93498;2,29995
202300000674;26;9;2023;07:45;2;21;21599;1;1;1;2;A31;47,60858811;5,19168192
202300000675;24;9;2023;15:45;1;11;11203;2;1;1;1;33 Boulevard Marechal Lyautey;43,202368;2,773742
202300000676;26;10;2023;08:55;1;92;92036;2;1;8;2;ARGENTEUIL (AVENUE D');48,93766;2,25795
202300000677;26;10;2023;10:00;1;92;92025;2;1;8;6;YOURI GAGARINE (RUE);48,92437;2,24235
202300000678;26;10;2023;19:55;5;92;92023;2;8;3;3;GENERAL DE GAULLE (AV DU) N°130 A 340 ET;48,78280325;2,24508119
202300000679;26;10;2023;22:00;5;34;34276;2;3;1;2;avenue louis cancel;43,771532;3,868759
202300000680;27;10;2023;12:00;1;57;57512;1;1;3;6;Nouilly;49,12423;6,24561
202300000681;25;10;2023;09:20;1;38;38336;1;1;1;2;D4b;45,492224;4,828169
202300000682;27;10;2023;14:20;1;25;25381;1;9;8;3;A 36 PK 124+200;47,279524;5,984384
202300000683;26;10;2023;22:52;3;27;27306;1;1;2;7;route de saint-andré;48,993242;1,184421
202300000684;25;10;2023;17:30;2;1;1347;1;1;2;3;Route de Saint Bernard;45,958157;4,766977
202300000685;27;10;2023;07:45;3;12;12157;1;8;2;3;RN88 - gages;44,399479;2,717142
202300000686;26;10;2023;10:30;1;19;19285;1;1;3;6;autoroute A20 PK 244.930;45,3833781;1,57512281
202300000687;26;10;2023;16:50;1;23;23166;1;1;2;6;Rue du Theuil;46,299379;1,630687
202300000688;27;10;2023;14:00;1;62;62611;1;1;1;6;D5;50,253297;2,807221
202300000689;26;10;2023;16:45;1;30;30141;1;1;8;3;Route des 4 Chemins;44,103049;4,611999
202300000690;26;10;2023;18:08;1;27;27079;1;1;1;2;A28;49,14010495;0,55957442
202300000691;5;5;2023;10:10;1;64;64102;2;6;1;3;LORRAINE (BOULEVARD D'ALSACE);43,49156;-1,46398
202300000692;5;5;2023;17:35;1;62;62186;2;1;1;1;Rue Jules Verne;50,43764;2,72511
202300000693;6;5;2023;23:05;5;61;61001;2;2;2;3;D112;48,43823;0,10254
202300000694;5;5;2023;17:00;1;59;59599;2;1;1;5;WATT (CHAUSSEE);50,72705;3,13521
202300000695;6;5;2023;11:45;1;59;59163;2;1;1;3;COURBET (RUE);50,68396;3,15875
202300000696;6;5;2023;02:00;5;59;59350;2;1;1;5;MARQUILLIES RUE;50,61478;3,05265
202300000697;6;5;2023;15:40;1;57;57480;2;1;1;6;GENERAL FRANIATTE (RUE DU );49,089105;6,15326
202300000698;6;5;2023;10:10;1;56;56121;2;6;2;3;FRANCE ( AVE ANATOLE );47,74676;-3,36638
202300000699;5;5;2023;15:29;1;56;56162;2;3;1;3;LARMOR (ROUTE DE);47,7318;-3,4202
202300000700;5;5;2023;15:10;1;56;56098;2;1;1;2;Pont du Bouc;47,76616;-3,32686
202300000701;6;5;2023;18:49;1;51;51454;2;2;1;3;rue Lamouche;49,26761;4,01969
202300000702;5;5;2023;22:50;3;49;49328;2;1;1;6;JAGUENEAU (QUAI DU);47,25181;-0,05888
202300000703;6;5;2023;01:05;5;45;45234;2;6;1;3;11 Boulevard de Verdun;47,90696395;1,9039979
202300000704;6;5;2023;09:55;1;29;29039;2;6;1;3;Rond poind de Kervinou ;47,86253;-3,88955
202300000705;6;5;2023;06:15;5;29;29019;2;1;2;7;rue Yves Collet;48,395176;-4,477408
202300000706;6;5;2023;13:30;1;25;25056;2;3;1;6;MOUILLERE RUE DE LA;47,24269;6,03244
202300000707;6;5;2023;03:08;4;22;22215;1;6;2;6;ROND POINT DE BREZILLET;48,495;-2,765
202300000708;6;5;2023;00:10;5;17;17306;2;1;8;6;BAILLET (BD COLONEL ROBERT);45,631742;-1,035696
202300000709;6;5;2023;12:30;1;14;14118;2;1;2;1;Boulevard Maréchal Juin;49,197223;-0,396616
202300000710;5;5;2023;17:15;1;14;14118;2;6;2;1;6 Rue d’Auge;49,17459;-0,35354
202300000711;6;5;2023;15:30;1;13;13215;1;1;1;6;MADRAGUE VILLE (chemin de la);43,33325;5,35862
202300000712;6;5;2023;08:50;1;13;13208;2;1;1;5;PRADO (AVENUE DU);43,27496262;5,38995265
202300000713;6;5;2023;05:00;5;13;13202;2;2;1;3;EVECHE (RUE DE L');43,30184;5,36706
202300000714;6;5;2023;03:10;5;13;13204;2;3;1;3;MARÉCHAL JUIN (BOULEVARD);43,31105;5,40365
202300000715;5;5;2023;17:05;1;13;13001;2;2;1;1;BROSSOLETTE PIERRE (AV);43,51929;5,44279
202300000716;23;4;2023;16:20;1;12;12013;2;1;1;6;MOULIN JEAN;44,52805;2,25558
202300000717;6;5;2023;19:50;1;75;75114;2;1;1;3;PORTE D ORLEANS;48,816656;2,337574
202300000718;6;5;2023;20:45;1;75;75120;2;3;1;6;RUE DE MENILMONTANT;48,868032;2,387029
202300000719;6;5;2023;17:45;1;75;75120;2;3;1;3;BOULEVARD DAVOUT;48,847925;2,411438
202300000720;5;5;2023;21:30;5;75;75120;2;1;3;4;BOULEVARD PERIPHERIQUE EXTERIEUR ;48,859012;2,41433
202300000721;6;5;2023;02:18;5;75;75116;2;2;1;3;Avenue de la Porte de Saint-Cloud;48,838653;2,254637
202300000722;6;5;2023;14:35;1;75;75115;2;3;1;7;RUE LINOIS;48,848521;2,28288
202300000723;6;5;2023;12:05;1;75;75115;2;3;1;3;RUE DE VAUGIRARD;48,83390236;2,29013792
202300000724;6;5;2023;23:05;5;75;75113;2;1;1;3;AVENUE PIERRE MENDES FRANCE;48,84093;2,368338
202300000725;6;5;2023;10:43;1;75;75111;2;2;1;3;AVENUE PARMENTIER;48,865273;2,374536
202300000726;6;5;2023;00:30;5;75;75110;2;3;1;6;BOULEVARD SAINT DENIS;48,869018;2,355443
202300000727;6;5;2023;06:55;1;75;75109;2;2;1;6;RUE DU FAUBOURG POISSONNIERE;48,872;2,347911
202300000728;6;5;2023;16:09;1;75;75107;2;3;8;1;QUAI D ORSAY;48,862881;2,315152
202300000729;6;5;2023;19:15;1;94;94067;2;7;1;3;Avenue Joffre / Avenue Gallieni;48,84655;2,41749
202300000730;6;5;2023;15:35;1;94;94019;2;1;8;2;13 Rue Rabelais;48,80276154;2,55370009
202300000731;5;5;2023;14:20;1;94;94056;2;2;1;3;Route de Brie Comte Robert;48,69621;2,55414
202300000732;5;5;2023;23:53;5;93;93070;2;2;2;3;Avenue Michelet / Avenue Frayce;48,90749;2,34412
202300000733;6;5;2023;18:55;1;93;93061;2;1;1;6;Avenue Edouard Vaillant;48,88101821;2,4090515
202300000734;6;5;2023;06:05;2;93;93050;2;2;1;1;Rue Paul et Camille Thomoux / Rue du Roussillon;48,86527;2,52932
202300000735;6;5;2023;17:50;1;93;93013;2;1;2;6;Avenue de la Division Leclerc;48,9339;2,4248
202300000736;6;5;2023;16:00;1;93;93001;2;3;1;3;Avenue de la République / Rue du Docteur Pesque;48,91311394;2,38293235
202300000737;6;5;2023;22:14;3;92;92024;2;1;1;2;GENERAL ROGUET (RUE DU) DE (1 A 57)   (2;48,90835592;2,31297076
202300000738;6;5;2023;14:25;1;92;92002;2;1;1;6;JEAN MOULIN (RUE);48,753114;2,308342
202300000739;6;5;2023;07:30;1;11;11413;1;1;8;6;N/A;43,330406;2,303164
202300000740;6;5;2023;21:10;3;37;37112;1;1;2;7;254 route de l'aunaie;47,389625;0,191139
202300000741;7;5;2023;10:35;1;47;47238;1;1;1;1;1102 Avenue de la Plaine;44,206173;0,521969
202300000742;7;5;2023;08:40;1;38;38270;2;1;1;3;215 Rue du Bourg;45,38036;5,540862
202300000743;5;4;2023;14:00;1;79;79140;2;2;1;3;N/A;46,084708;0,045932
202300000744;6;5;2023;21:55;3;60;60658;1;1;1;6;N2;49,23801498;3,00626278
202300000745;6;5;2023;22:05;3;62;62104;1;1;1;7;D252;50,739674;1,782714
202300000746;5;5;2023;09:40;1;2B;2B010;1;1;1;2;t30;42,60654;8,860495
202300000747;7;5;2023;04:48;2;82;82022;1;1;2;6;D7;44,256119;0,969833
202300000748;27;11;2023;17:15;2;11;11069;2;2;2;3;N/A;43,21282;2,3268
202300000749;6;5;2023;21:23;1;44;44021;1;1;8;6;N/A;47,030362;-1,871034
202300000750;29;11;2023;16:15;1;6;6069;2;1;1;3;GRAND CHENE (CHEMIN DU);43,63745;6,93219
202300000751;6;5;2023;05:15;3;35;35039;1;1;2;2;N157;48,10358635;-1,4748314
202300000752;29;11;2023;18:15;3;4;4112;2;1;1;7;SERRETS (AV.DES);43,81779;5,77512
202300000753;29;11;2023;11:33;1;75;75110;2;1;1;6;BOULEVARD DE LA VILLETTE;48,872303;2,37653
202300000754;5;5;2023;09:30;1;29;29186;1;1;2;4;RD76 PK6+500;48,629941;-3,830865
202300000755;7;5;2023;20:00;1;29;29016;1;1;1;6;lieu-dit coat compes;48,321432;-3,952096
202300000756;29;11;2023;07:50;1;75;75117;2;1;1;5;BOULEVARD PERIPHERIQUE INTERIEUR OUEST;48,884578;2,286301
202300000757;7;5;2023;17:05;1;1;1165;1;1;1;6;1204 Grande Rue;46,068646;4,811502
202300000758;6;5;2023;17:00;1;26;26099;1;1;1;6;D541;44,408487;4,916851
202300000759;29;11;2023;00:02;5;75;75117;2;1;1;2;BD PERIPHERIQUE INTERIEUR;48,900501;2,324889
202300000760;6;5;2023;21:11;5;6;6138;1;1;1;6;Avenue de Miramar;43,486076;6,946423
202300000761;28;11;2023;18:30;2;75;75106;2;3;1;2;BOULEVARD SAINT GERMAIN;48,853564;2,334198
202300000762;7;5;2023;17:40;1;50;50615;2;1;1;6;Rue Saint Malo;49,51179;-1,46114
202300000763;29;11;2023;16:05;1;75;75119;2;3;1;6;BOULEVARD DE LA VILLETTE;48,884321;2,36768
202300000764;7;5;2023;13:10;1;50;50185;1;2;1;4;N/A;48,841927;-1,246562
202300000765;28;11;2023;20:30;5;75;75118;2;1;1;3;BOULEVARD NEY;48,898228;2,348549
202300000766;6;5;2023;09:05;1;45;45148;2;2;1;3;D2007 PR 6 + 770;48,10299909;2,77507514
202300000767;29;11;2023;13:32;1;75;75117;2;2;1;3;RUE DE COURCELLES;48,87915;2,303144
202300000768;6;5;2023;19:44;1;7;7069;1;1;1;7;ROUTE DU DOUX;45,044798;4,698651
202300000769;7;5;2023;15:15;1;7;7129;1;3;1;3;D533 - route de Valence;44,986808;4,588037
202300000770;29;11;2023;13:45;1;75;75115;2;2;1;6;RUE PECLET;48,843676;2,298584
202300000771;29;11;2023;10:53;1;75;75115;2;7;1;3;PLACE CAMBRONNE;48,847785;2,30158
202300000772;7;5;2023;11:00;1;40;40234;1;1;1;4;D933n;43,957495;-0,337384
202300000773;28;11;2023;08:45;1;75;75115;2;5;1;3;BOULEVARD DU MONTPARNASSE;48,845087;2,320089
202300000774;7;5;2023;07:00;1;85;85220;1;3;1;6;la sangle;46,717556;-1,041319
202300000775;4;5;2023;18:00;1;27;27156;1;1;1;7;Route départementale 21;48,774268;0,752303
202300000776;27;11;2023;17:20;5;75;75114;2;2;8;3;RUE VERCINGETORIX;48,83548;2,315462
202300000777;7;5;2023;00:35;3;30;30305;1;1;1;7;Route de Servas;44,16691;4,171189
202300000778;28;11;2023;14:30;1;75;75111;2;1;1;6;BOULEVARD RICHARD LENOIR;48,856755;2,371076