Num_Acc;jour;mois;an;hrmn;lum;dep;com;agg;int;atm;col;adr;lat;long
202300000779;7;5;2023;01:40;5;34;34337;1;6;1;7;M986 PR 53+861;43,540165;3,897121
202300000780;29;11;2023;21:05;5;75;75110;2;3;1;6;RUE LEON JOUHAUX;48,868556;2,363043
202300000781;6;5;2023;18:30;1;33;33122;1;2;1;3;Route de Saucats;44,718723;-0,739635
202300000782;29;11;2023;09:30;1;75;75107;2;7;1;3;RUE DUROC;48,847411;2,312194
202300000783;29;4;2023;18:30;1;69;69043;2;1;1;1;72 Route de la Gare;45,700474;4,758984
202300000784;29;11;2023;13:45;1;75;75101;2;2;1;6;RUE BERTIN POIREE;48,858357;2,34464
202300000785;27;3;2023;13:17;1;75;75109;2;1;1;2;RUE DE CHATEAUDUN;48,876054;2,337575
202300000786;6;5;2023;13:00;1;34;34146;1;1;1;3;A9 - PK 78+3946;43,694283;4,082215
202300000787;29;11;2023;07:50;2;94;94074;2;1;1;3;Rue le Bois Cerdon;48,72799;2,47416
202300000788;26;3;2023;13:51;1;75;75119;2;2;1;6;RUE DES BOIS;48,878235;2,39791
202300000789;7;5;2023;11:15;1;69;69064;2;1;2;3;Rue Nationale;45,457158;4,756656
202300000790;29;11;2023;09:30;1;94;94068;2;1;1;2;Avenue du Docteur Calmette;48,802288;2,489756
202300000791;28;3;2023;16:45;1;75;75106;2;2;1;6;RUE DE RENNES;48,846927;2,326838
202300000792;6;5;2023;22:30;3;988;98811;2;3;1;6;avenue Jimmy Welepane/Rue des Mouettes;-21,103769;164,888654
202300000793;28;11;2023;20:30;5;94;94019;2;3;1;2;Rue Fusilles de Chateaubriant;48,79919;2,54251
202300000794;28;3;2023;20:00;2;75;75119;2;2;1;3;AVENUE DE FLANDRE;48,892332;2,379167
202300000795;7;5;2023;05:25;2;971;97118;1;1;1;1;RD 23, ROUTE DE LA TRAVERSEE, TABANON;16,202023;-61,637056
202300000796;29;11;2023;02:45;5;93;93077;2;2;1;6;Grande Rue / Rue Emile Erckmann;48,88402328;2,51014741
202300000797;6;5;2023;05:20;3;45;45108;1;1;1;6;D956 PR 2 + 312;47,639184;2,521064
202300000798;28;3;2023;20:05;5;75;75118;2;3;1;6;RUE DE CLIGNANCOURT;48,885698;2,347416
202300000799;29;11;2023;08:00;2;93;93050;2;2;1;6;Avenue Jean Stéphan / Avenue de Chelles;48,86749;2,55663
202300000800;4;5;2023;22:15;3;77;77225;1;6;1;7;D228;48,87660074;2,97945046
202300000801;6;5;2023;21:15;3;95;95211;1;6;1;7;D927;49,085953;2,113023
202300000802;29;11;2023;08:35;1;93;93046;2;1;1;3;Boulevard de la République;48,907375;2,520196
202300000803;28;3;2023;11:50;1;75;75116;2;3;1;6;AVENUE MARCEAU;48,872349;2,296426
202300000804;6;5;2023;22:24;3;83;83127;1;1;1;6;1200 Route de Marseille;43,285984;5,847538
202300000805;28;3;2023;09:40;1;75;75116;2;1;1;3;AVENUE GEORGES MANDEL;48,86378;2,280702
202300000806;28;11;2023;12:45;1;93;93032;2;2;1;3;Avenue Centrale / Avenue Charles Infroit;48,86772;2,55925
202300000807;6;5;2023;22:10;5;71;71342;2;1;1;6;Rue de Bellevue;46,44528;4,107717
202300000808;29;11;2023;19:50;5;92;92040;2;1;1;7;LASSERRE;48,82145646;2,27257937
202300000809;27;3;2023;12:20;1;75;75116;2;3;1;3;RUE DE SONTAY;48,871101;2,283462
202300000810;15;4;2023;23:45;3;73;73160;1;1;2;7;Chemin de la Manette;45,514105;5,914797
202300000811;29;11;2023;20:50;5;92;92012;2;1;1;2;REPUBLIQUE (BOULEVARD DE LA) 79/FIN - 76;48,83323533;2,2452668
202300000812;28;3;2023;08:20;1;75;75115;2;3;1;3;AVENUE DE LA PORTE DE LA PLAINE;48,829181;2,292366
202300000813;7;5;2023;03:38;3;38;38197;1;1;1;7;D517A;45,755135;5,134681
202300000814;29;11;2023;18:35;3;57;57716;1;3;8;6;Rue Principale Hessange;49,22748192;6,30075574
202300000815;6;5;2023;11:06;1;38;38071;2;1;1;3;Rue des Artisans;45,065799;5,722053
202300000816;27;3;2023;15:10;1;75;75114;2;3;1;3;BOULEVARD DU MONTPARNASSE;48,840539;2,333704
202300000817;29;11;2023;15:50;1;7;7349;2;1;8;6;218 Avenue Marie Curie;44,804029;4,787561
202300000818;3;4;2023;21:45;3;81;81104;1;1;1;6;D12;43,7870232;1,7640532
202300000819;29;11;2023;14:50;1;21;21038;1;1;1;6;A39;47,16711317;5,36426131
202300000820;27;3;2023;16:40;1;75;75113;2;2;1;3;PORTE D ITALIE;48,815786;2,360495
202300000821;7;5;2023;15:20;1;16;16077;1;4;1;1;Rue des Chaumes;45,642837;0,019146
202300000822;29;11;2023;09:15;1;974;97422;1;1;1;1;Chemin Albert Hibon;-21,259856;55,495963
202300000823;28;3;2023;14:35;1;75;75110;2;2;1;2;RUE LA FAYETTE;48,878991;2,355804
202300000824;30;11;2023;07:30;1;974;97404;2;1;1;6;College Simon Lucas (École);-21,264585;55,37155
202300000825;29;11;2023;14:30;1;28;28035;1;1;1;2;N154;48,387216;1,574768
202300000826;28;3;2023;14:20;1;75;75110;2;9;1;3;RUE DE SAMBRE ET MEUSE;48,875205;2,370355
202300000827;7;5;2023;06:30;2;33;33243;2;9;1;6;D1089;44,911108;-0,213761
202300000828;6;5;2023;23:50;3;44;44215;1;1;2;7;Route du Drouillet;47,155995;-1,488696
202300000829;28;3;2023;20:25;5;75;75107;2;2;1;6;RUE DU BAC;48,853992;2,32383
202300000830;29;11;2023;17:30;3;76;76177;1;1;2;1;D6;49,599613;1,170559
202300000831;7;5;2023;17:50;1;76;76678;1;1;1;1;D915;49,636078;1,450109
202300000832;28;3;2023;10:50;1;75;75107;2;2;1;3;QUAI ANATOLE FRANCE;48,859572;2,329304
202300000833;30;11;2023;17:20;3;2B;2B346;1;1;1;3;Arena;42,504376;9,468927
202300000834;6;5;2023;23:15;5;13;13028;1;1;1;6;A50-Sens LA CIOTAT vers Bandol;43,20212;5,59419
202300000835;28;3;2023;08:10;1;75;75104;2;1;1;6;QUAI HENRI IV;48,848128;2,363724
202300000836;25;11;2023;11:25;1;82;82151;2;4;1;3;chemin de foirail;44,323061;0,946031
202300000837;28;3;2023;18:20;1;94;94067;2;2;1;6;Avenue du Général de Gaulle / Avenue Victor Hugo;48,84395994;2,41762465
202300000838;5;5;2023;16:10;1;13;13071;1;1;1;4;A7-Sens Marseille vers Lyon;43,4096;5,28569
202300000839;29;11;2023;09:50;1;49;49055;1;6;1;2;Chemin des Nuits;47,521486;-0,572104
202300000840;6;5;2023;01:00;3;83;83069;1;1;1;3;A570;43,12537;6,08987
202300000841;23;11;2023;19:50;3;49;49228;1;1;1;3;cd 766;47,51377955;0,09970093
202300000842;27;3;2023;08:15;1;94;94046;2;3;8;3;Rue Jean Jaurès;48,79367;2,43449
202300000843;5;5;2023;00:23;3;57;57474;1;1;1;2;Autoroute A31;49,26444;6,17725
202300000844;30;11;2023;16:20;1;68;68004;2;9;2;6;18 Rue de l?Ill;47,626735;7,23594
202300000845;28;3;2023;10:15;1;93;93059;2;8;1;3;Avenue Elisée Reclus / Passage Maurice;48,95029;2,35769
202300000846;5;5;2023;17:15;1;67;67365;1;1;2;3;M35;48,536134;7,709835
202300000847;28;11;2023;12:00;1;38;38069;1;2;1;3;Route du Contour;45,43644;5,298763
202300000848;5;5;2023;22:56;4;91;91570;1;1;2;7;RN 104;48,62521;2,33097
202300000849;28;3;2023;08:13;1;93;93066;2;1;1;1;Boulevard de la Libération;48,92334;2,34288
202300000850;6;5;2023;18:35;1;75;75116;1;1;1;6;A13Y;48,848456;2,2449
202300000851;29;11;2023;17:20;2;38;38538;1;3;1;2;Rue Albert Girard Blanc;45,215263;5,850295
202300000852;28;3;2023;07:00;2;92;92050;2;1;1;3;CLEMENCEAU GEORGES AVENUE N° PAIR;48,88601099;2,21458465
202300000853;24;11;2023;04:40;3;2;2639;1;1;1;1;D420;49,720859;3,275471
202300000854;28;3;2023;16:10;1;92;92048;2;1;2;6;GARDES (ROUTE DES) N° 5 A 51;48,81885304;2,23187327
202300000855;5;5;2023;19:14;1;92;92050;1;1;2;4;A86;48,91808521;2,22294963
202300000856;29;11;2023;17:45;3;58;58067;1;1;1;1;D907;47,103718;3,072095
202300000857;28;3;2023;14:40;1;92;92040;2;1;1;6;JEAN-PIERRE TIMBAUD;48,81924872;2,24969342
202300000858;6;5;2023;07:49;1;93;93006;1;1;1;6;AUTOROUTE A3;48,86627623;2,41437177
202300000859;29;11;2023;17:47;3;50;50388;1;1;1;6;D971;49,028998;-1,462539
202300000860;28;3;2023;19:10;5;92;92062;2;9;8;2;DEFENSE (ROND POINT DE LA);48,890417;2,241709
202300000861;29;11;2023;12:00;1;64;64487;1;1;8;6;RD 918;43,19220313;-1,02317423
202300000862;6;5;2023;06:15;2;92;92036;1;1;2;7;AUTOROUTE A15;48,94364712;2,28775617
202300000863;30;11;2023;13:20;1;64;64250;1;1;2;6;Chemin de Laillet;43,513417;-1,209644
202300000864;28;3;2023;17:10;1;92;92025;2;2;1;6;STALINGRAD (AV DE);48,928776;2,268825
202300000865;5;5;2023;12:00;1;43;43157;2;7;1;6;27 Rue Jean Baudoin;45,030042;3,883772
202300000866;30;11;2023;08:20;1;64;64238;2;1;2;7;Route de Poutsas;43,25339379;-0,05384132
202300000867;4;5;2023;10:10;1;72;72181;2;9;1;6;TIRONNEAU ADRIEN (PL);47,9835;0,21034
202300000868;28;3;2023;16:30;1;92;92024;2;1;8;3;MARIE BRECHET (ALLEE);48,90192772;2,31900305
202300000869;30;11;2023;10:00;1;18;18011;1;1;1;1;N/A;47,566291;2,458266
202300000870;4;5;2023;19:50;1;30;30028;2;6;1;1;Route pont saint Esprit;44,16913;4,61946
202300000871;28;3;2023;12:00;1;92;92002;2;1;1;6;MEDITERRANEE (RUE DE LA);48,73809258;2,28948802
202300000872;2;4;2023;13:45;1;85;85051;2;1;1;2;44 Avenue du Maréchal de Lattre de Tassigny;46,68471;-1,041893
202300000873;4;5;2023;07:45;1;6;6085;2;1;1;6;CARIMAI (RUE);43,578131;6,992748
202300000874;30;11;2023;08:40;1;28;28089;2;3;1;6;57 Rue Jean Moulin;48,579528;1,243939
202300000875;28;3;2023;15:10;1;17;17045;1;1;1;1;D118;45,865752;-0,832633
202300000876;4;5;2023;18:44;1;94;94003;2;5;1;6;Avenue Jean Jaurès / Avenue du Chaperon Vert;48,81089151;2,33460036
202300000877;30;11;2023;06:30;3;52;52469;1;9;9;7;route communale 2;48,053128;5,073731
202300000878;28;3;2023;20:45;3;22;22190;1;1;1;6;Le Rocher;48,535746;-2,079549
202300000879;3;5;2023;08:00;1;91;91027;2;1;1;3;IMP DU QUAI DE L'INDUSTRIE;48,701524;2,398363
202300000880;29;3;2023;12:00;1;77;77505;1;1;1;7;D33A1;48,920081;2,988337
202300000881;5;7;2023;14:55;1;6;6069;2;1;1;1;BOBET (AVENUE LOUISON);43,62623;6,93957
202300000882;29;11;2023;11:10;1;31;31296;1;1;8;6;A64 - PK218.000;43,120268;0,895409
202300000883;29;3;2023;10:30;1;974;97422;2;3;1;3;Chemin Neuf;-21,248373;55,518828
202300000884;3;5;2023;12:00;1;93;93006;2;1;1;6;150 Rue Sadi Carnot;48,87394436;2,42220908
202300000885;30;11;2023;06:20;2;30;30347;1;1;8;1;Chemin des Canaux (Pont);43,726002;4,270517
202300000886;27;3;2023;14:30;1;972;97220;1;1;1;6;Morne Vent;14,5293765;-60,9003375
202300000887;2;5;2023;18:15;1;62;62193;2;1;1;6;COPERNIC;50,94174;1,86601
202300000888;28;11;2023;17:23;3;73;73068;1;1;8;2;Autoroute A43 - PK 124.300;45,56332127;6,20650917
202300000889;2;5;2023;18:10;1;34;34172;2;9;1;1;777 Rue de Bionne;43,60771;3,82135
202300000890;28;3;2023;13:30;1;38;38239;2;2;1;3;Route de Grenoble;45,329473;5,56913
202300000891;30;11;2023;16:10;1;3;3305;1;1;2;6;Point kilomètrique 004+040, A714, Sens 2;46,377336;2,679103
202300000892;2;5;2023;10:45;1;33;33063;2;2;1;6;Rue Tastet;44,83502;-0,58222
202300000893;29;3;2023;04:40;3;8;8163;1;1;1;2;A 34;49,607818;4,530079
202300000894;29;3;2023;17:50;1;35;35024;2;1;8;6;Rue du Mont Saint-Michel;48,188443;-1,626996
202300000895;2;5;2023;19:10;1;17;17415;2;1;1;6;TOMBOUCTOU AVENUE DE;45,737402;-0,657113
202300000896;28;3;2023;18:45;2;56;56240;2;1;1;6;Parking du supermarché Casino;47,527982;-2,75701
202300000897;2;5;2023;08:10;1;93;93029;2;1;1;6;Rue de la Station;48,92989;2,42587
202300000898;1;5;2023;10:45;1;92;92050;2;2;1;6;REPUBLIQUE AVENUE DE LA;48,89730805;2,19757944
202300000899;27;3;2023;10:50;1;76;76517;1;2;1;3;Route d?Houppeville - Route de Crève coeur;49,522179;1,136232
202300000900;29;3;2023;17:00;1;80;80512;2;1;1;2;19 Route de Rouen;50,086429;1,816171
202300000901;30;4;2023;14:35;1;78;78401;2;9;1;2;RHIN ET DANUBE (PONT);49,00384;1,90691
202300000902;29;3;2023;07:40;1;82;82112;2;9;1;6;Rue Elie Cayla;44,102333;1,09175
202300000903;30;4;2023;13:45;1;93;93072;2;1;1;6;Boulevard Maxime Gorki;48,95067;2,38567
202300000904;29;11;2023;17:25;5;6;6085;1;6;1;3;Avenue de la Victoire;43,5855909;7,0059725
202300000905;28;3;2023;15:30;1;81;81048;1;1;1;3;Route de Saint Quintin;43,960588;2,126911
202300000906;30;4;2023;10:00;1;93;93027;2;1;1;6;Rue Suzanne Masson;48,92325;2,38482
202300000907;29;11;2023;18:27;5;31;31254;2;9;1;6;Prologue (Arrêt de bus);43,548093;1,507648
202300000908;29;3;2023;17:50;1;11;11355;1;2;1;3;N/A;43,099784;2,207823
202300000909;28;4;2023;21:00;5;72;72181;2;1;1;6;BLUM LEON (RUE) N° IMP;47,99494;0,22968
202300000910;28;11;2023;08:55;1;34;34259;1;1;1;1;route de pignan;43,603469;3,783465
202300000911;28;3;2023;20:30;3;71;71134;1;1;1;6;Route de la Chapelle (Clermain);46,365417;4,576793
202300000912;27;4;2023;14:20;1;71;71306;2;1;1;6;DE LATTRE DE TASSIGNY (BLD DU MARECHAL);46,67679;4,37343
202300000913;28;3;2023;13:30;1;55;55166;2;4;1;3;D34;49,112759;5,386466
202300000914;26;4;2023;17:10;1;69;69386;2;5;1;6;Avenue Thiers;45,76607645;4,86179849
202300000915;29;11;2023;07:56;2;34;34202;1;1;1;4;M5;43,575267;3,74747
202300000916;23;3;2023;16:40;1;49;49291;1;1;2;7;D360;47,165844;-0,107895
202300000917;3;2;2023;15:30;1;972;97209;1;1;1;6;FOND LADA (RUE DU);14,62301;-61,08083
202300000918;27;3;2023;07:50;1;12;12254;1;1;1;3;D27;44,468262;2,497177
202300000919;29;11;2023;17:30;5;45;45028;2;1;1;3;D2152 PR 85 + 180;47,779046;1,629233
202300000920;5;5;2023;23:45;5;974;97416;2;1;1;4;HUBERT DE LISLE(BOULEVARD);-21,34365;55,47241
202300000921;28;3;2023;08:00;1;86;86129;1;1;1;3;D80;46,842827;0,752093
202300000922;28;11;2023;18:15;5;77;77315;1;1;1;3;D934;48,882331;2,8222289
202300000923;5;5;2023;11:45;1;974;97411;2;1;1;4;JAURES (BOULEVARD JEAN);-20,89033;55,45982
202300000924;28;3;2023;17:38;1;86;86082;1;3;1;2;D97c;46,356799;0,197668
202300000925;30;11;2023;18:05;5;77;77183;2;1;1;6;D603;48,94857;3,126293
202300000926;28;3;2023;07:40;1;68;68284;2;5;1;3;Rue de Waldighoffen;47,538869;7,328857
202300000927;5;5;2023;18:30;5;974;97407;1;1;1;3;ROUTE NATIONALE N° 1;-20,95272;55,31626
202300000928;30;11;2023;07:35;2;11;11243;1;1;1;6;D6113;43,35589;1,822481
202300000929;23;3;2023;15:40;1;44;44129;1;1;2;4;Rue Benjamin Franklin;47,409497;-2,036397
202300000930;6;5;2023;00:20;5;69;69387;2;3;1;3;Rue Challemel Lacour;45,72939;4,84577
202300000931;30;11;2023;08:45;1;13;13013;1;1;5;1;D908;43,414993;5,583158
202300000932;29;3;2023;13:10;1;35;35297;1;1;1;1;Le Bahac;48,20853543;-2,17529833
202300000933;29;11;2023;22:10;3;13;13027;1;1;2;2;Route de Tarascon;43,869095;4,812312
202300000934;5;5;2023;07:45;1;69;69388;2;1;1;6;5 Place André Latarjet;45,73017;4,88546
202300000935;28;3;2023;12:40;1;2;2571;1;3;1;3;N/A;49,887619;3,311949
202300000936;5;5;2023;08:20;1;971;97101;2;1;1;7;CHAUVEL;16,2386426;-61,52837276
202300000937;28;11;2023;07:50;2;71;71176;2;3;1;3;71 Rue François Ducarouge;46,490589;3,993788
202300000938;28;3;2023;17:45;1;26;26338;1;3;7;1;route de saint gervais;44,571019;4,808133
202300000939;3;5;2023;12:45;1;971;97113;2;1;1;3;GRAND BAIE ( RN4);16,21798;-61,50959
202300000940;28;3;2023;08:25;1;72;72039;2;1;1;6;8 Rue de Twistringen;48,185577;0,426951
202300000941;30;11;2023;14:20;1;38;38565;1;1;2;3;Quai des Chartreux;45,302841;5,638744
202300000942;28;3;2023;21:10;3;72;72190;1;1;1;1;RD40;47,91030156;0,76256275
202300000943;5;5;2023;12:54;1;2A;2A004;2;1;1;6;GIOVANANGELLI ROLAND  RUE;41,93153;8,75714
202300000944;29;3;2023;15:00;1;6;6150;2;9;1;7;Chemin des Vignasses;43,74266;7,395814
202300000945;29;11;2023;17:40;3;1;1142;2;3;1;3;Boulevard Robert Schumann;45,848995;5,064928
202300000946;29;3;2023;16:10;1;6;6079;2;6;1;3;675 Boulevard des Écureuils;43,544862;6,941614
202300000947;5;5;2023;22:07;5;95;95219;2;3;1;1;D909;48,98174;2,271
202300000948;28;11;2023;15:00;1;1;1043;2;3;2;3;Chemin des Malettes;45,822874;4,998506
202300000949;29;3;2023;07:50;1;6;6108;2;1;1;4;262 Boulevard du 8 Mai;43,598129;6,954969
202300000950;5;5;2023;13:20;1;95;95427;2;1;1;3;D193E;48,976171;2,352461
202300000951;29;3;2023;09:15;1;14;14177;1;1;1;6;Route de Manerbe;49,196457;0,191789
202300000952;5;5;2023;12:00;1;95;95018;2;1;1;6;29 BRIDAULT (AVENUE);48,94105;2,24311
202300000953;30;11;2023;12:30;1;76;76164;1;1;1;2;Avenue du Latham-47;49,524359;0,735784
202300000954;28;3;2023;20:40;3;9;9332;1;1;1;5;N20;43,075393;1,639431
202300000955;21;3;2023;02:25;3;10;10063;1;1;1;6;RD396;48,371988;4,538341
202300000956;29;11;2023;16:30;2;13;13211;1;1;1;4;Sens Aubagne vers Marseille;43,28944;5,44617
202300000957;28;3;2023;14:30;1;16;16287;1;1;1;6;N/A;45,58314;0,030041
202300000958;5;5;2023;08:15;1;91;91685;1;3;2;3;CHE DES MARCOUSSETS;48,65915;2,292279
202300000959;29;11;2023;11:18;1;83;83035;1;1;1;6;A50;43,1632446;5,76707021
202300000960;25;3;2023;11:20;1;7;7237;1;1;1;2;D 120;44,822403;4,700035
202300000961;26;3;2023;21:10;2;40;40146;2;1;1;6;280 Route de Bahus-soubiran;43,630245;-0,288066
202300000962;29;11;2023;22:00;3;33;33075;1;1;3;6;ROCADE A 630;44,89014923;-0,6140703
202300000963;5;5;2023;20:20;1;91;91479;2;1;1;4;AV DE VERDUN;48,70566;2,3612
202300000964;25;2;2023;22:49;5;85;85047;2;1;1;6;Prc de stationnement 175 Rue carnot;46,85336;-1,89384
202300000965;4;5;2023;16:21;1;87;87085;2;1;1;7;POMPIDOU (AVENUE GEORGES);45,81759;1,26695
202300000966;29;11;2023;09:58;1;92;92019;1;1;1;2;RN385;48,77615637;2,23692456
202300000967;29;3;2023;14:20;1;27;27286;1;1;1;1;D29;49,181465;0,573521
202300000968;5;5;2023;12:30;1;83;83137;2;1;1;3;AUTOROUTE OUEST;43,12735;5,91872
202300000969;28;3;2023;18:20;1;17;17043;2;3;1;2;30 Rue de la Rochelle;46,054438;-0,639854
202300000970;28;11;2023;22:13;3;92;92064;1;1;1;4;A13;48,83976303;2,20327874
202300000971;4;5;2023;17:30;1;83;83137;2;1;1;6;REBOUL (RUE PILOTE PIERRE);43,11266241;5,94187081
202300000972;28;3;2023;14:09;1;17;17346;1;3;1;3;D123;45,915793;-0,902635
202300000973;29;11;2023;17:28;3;95;95572;1;1;1;3;A15;49,03187;2,11556
202300000974;5;5;2023;08:55;1;82;82121;2;6;1;3;DANEMARK (BOULEVARD DU);43,98855;1,32979
202300000975;29;11;2023;08:45;1;93;93006;1;1;1;2;AUTOROUTE A3;48,86588;2,41673
202300000976;28;3;2023;17:00;1;17;17091;1;1;1;4;D9;46,293934;-1,085544
202300000977;28;11;2023;03:30;5;93;93066;1;1;8;2;AUTOROUTE A1;48,92426;2,3572
202300000978;28;3;2023;18:00;1;87;87140;1;3;1;1;Le Bois de Chamoret;45,902392;0,984671
202300000979;28;3;2023;18:45;1;30;30269;2;1;1;2;Avenue René Boudon;44,104407;3,884279
202300000980;29;3;2023;18:20;1;77;77431;2;1;1;3;D607;48,28046;2,68331
202300000981;27;9;2023;15:30;1;74;74012;2;3;1;3;MOLE (RUE DU);46,19744;6,23704
202300000982;24;3;2023;17:30;1;46;46083;1;1;1;6;pk 291.600 - A 20;45,01422976;1,53583867
202300000983;5;5;2023;13:10;1;77;77014;2;1;1;6;PEUPLIERS (RUE DES);48,41313;2,74158
202300000984;27;9;2023;06:30;5;74;74012;2;2;1;2;BONNEVILLE (ROUTE DE);46,187064;6,236103
202300000985;28;3;2023;18:37;1;6;6088;1;1;1;4;A8, PK 199.450, chaussée sud;43,73222;7,279687
202300000986;5;5;2023;19:00;1;77;77131;2;9;1;3;STRASBOURG (AVENUE DE);48,807217;3,083554
202300000987;24;9;2023;18:50;1;74;74033;2;6;1;7;10 Route de grange blanche;46,357465;6,675122
202300000988;29;3;2023;09:00;1;49;49129;1;1;1;3;A11 ;47,49889786;-0,51688541
202300000989;23;3;2023;22:30;3;51;51168;1;1;2;7;A26;48,906818;4,28441
202300000990;5;5;2023;08:40;1;76;76351;2;1;1;2;STRASBOURG (BD);49,49271;0,11769
202300000991;28;3;2023;00:40;5;987;98733;2;1;1;1;RT1 PK 18+500;-17,696;-149,548
202300000992;5;9;2023;17:15;1;74;74056;1;1;1;4;RN 205;45,90692606;6,84517175
202300000993;28;3;2023;10:35;1;974;97421;2;1;1;6;Rue Michel Debre;-21,033638;55,532485
202300000994;4;5;2023;23:30;5;76;76351;2;1;1;2;LENINGRAD (BD DE);49,50004;0,17146
202300000995;3;9;2023;12:30;1;74;74275;1;1;7;5;rd42;45,816678;6,244319
202300000996;29;3;2023;08:30;1;973;97304;1;1;3;7;Route de l?Espace;5,280901;-52,821085
202300000997;6;6;2023;19:30;1;73;73008;2;1;1;6;CHAMBERY RUE DE;45,68722;5,91399
202300000998;5;5;2023;11:05;1;74;74012;2;1;1;5;THONON (ROUTE DE);46,19551;6,26172
202300000999;29;3;2023;03:25;4;978;97801;2;3;1;6;VOI 48 RUE DE HOLLANDE;18,064699;-63,085685
202300001000;23;11;2023;16:30;1;976;97611;1;1;1;2;m'tsapere-Nationale 2 (route);-12,788498;45,222978
202300001001;5;5;2023;19:08;1;72;72181;2;6;1;2;OYON ALEXANDRE (BD);47,99;0,19
202300001002;29;3;2023;14:50;1;45;45051;1;1;1;1;D952 PR 37 + 509;47,838236;2,344605
202300001003;28;11;2023;07:25;1;974;97416;1;3;1;3;THOREZ (CHEMIN MAURICE);-21,26247;55,48101
202300001004;28;3;2023;18:30;1;13;13109;1;1;1;1;D17;43,523582;5,498857
202300001005;4;5;2023;23:00;3;72;72181;2;1;1;1;MADRID (AV DE);48,01808;0,21041
202300001006;29;3;2023;15:00;1;52;52432;1;1;1;6;D121;47,92662361;5,3387332
202300001007;28;11;2023;10:20;1;974;97416;1;1;1;3;ANTOINE PICARD(CHEMIN);-21,32938;55,52835
202300001008;27;3;2023;10:30;1;26;26179;1;6;1;3;Route de la Teppe;45,058515;4,866955
202300001009;4;5;2023;17:50;1;71;71153;2;9;1;2;MARCET (RUE BAPTISTE);46,79544;4,43463
202300001010;28;11;2023;05:30;1;974;97409;2;4;1;6;CRESSONNIERE (rue de la);-20,968862;55,656415
202300001011;28;3;2023;08:15;2;69;69140;2;3;1;3;Route de Charnay;45,886517;4,697063
202300001012;28;11;2023;11:30;1;972;97213;2;1;1;7;ROUTE NATIONALE 1;14,64132;-60,97606
202300001013;29;3;2023;10:45;1;33;33383;1;1;1;6;D103e5;45,34942085;-0,84008932
202300001014;27;11;2023;11:50;1;972;97209;2;1;1;6;ALFASSA (BOULEVARD);14,60192;-61,06764
202300001015;27;3;2023;19:55;1;85;85118;1;1;1;7;RD160;46,63614;-1,55038
202300001016;5;5;2023;20:56;1;69;69266;2;1;1;1;Pont de Croix-Luizet;45,78390038;4,89436066
202300001017;28;3;2023;08:15;1;60;60157;2;1;1;3;Avenue Gambetta;49,384328;2,398608
202300001018;5;5;2023;12:40;1;69;69290;2;1;1;2;36 Chemin de Genas;45,71681;4,96388
202300001019;28;11;2023;18:58;5;2B;2B033;2;6;6;3;GIACCOBBI - AV PAUL;42,67183;9,44178
202300001020;27;3;2023;14:28;1;59;59452;2;1;1;1;1 Allée de la Clairière;50,459292;3,033957
202300001021;28;11;2023;08:35;1;2B;2B037;1;1;1;6;TOUTES RUES;42,59417;9,43869
202300001022;5;5;2023;08:00;1;69;69276;2;6;1;3;Route de Vénissieux;45,683;4,87
202300001023;28;3;2023;17:30;1;13;13033;1;1;1;2;A55-Sens Martigues vers Marseille;43,38068171;5,21342039
202300001024;28;11;2023;09:40;1;2B;2B033;2;9;1;6;TOUTES RUES;42,67069;9,442
202300001025;28;3;2023;09:25;1;13;13210;1;1;1;2;A507 sens Marseille - Aubagne;43,28721681;5,42476967
202300001026;5;5;2023;05:45;2;67;67482;2;3;1;3;COMEDIE (RUE DE LA);48,585126;7,750983
202300001027;28;11;2023;17:50;3;971;97113;1;1;8;3;GRAND BAIE ( RN4);16,21821;-61,5121
202300001028;27;3;2023;08:50;1;13;13215;2;4;6;3;A7-Sens Marseille vers Lyon;43,365837;5,360607
202300001029;28;11;2023;14:00;1;971;97101;1;1;2;1;PETIT PEROU;16,26106;-61,51674
202300001030;5;5;2023;14:56;1;64;64335;2;1;1;2;TARBES DE;43,33216;-0,42353
202300001031;27;3;2023;09:30;1;83;83137;1;1;1;4;A57;43,124162;5,963961
202300001032;28;11;2023;07:00;1;971;97101;2;1;1;3;PETIT PEROU;16,25376;-61,51409
202300001033;28;3;2023;08:00;1;33;33550;1;1;1;2;ROCADE A 630;44,781;-0,581
202300001034;4;5;2023;18:50;1;60;60175;2;9;1;6;31 Rue Gambetta;49,26371;2,47402
202300001035;28;11;2023;09:30;1;90;90010;2;2;2;7;FRERY (RUE);47,64063;6,85985
202300001036;27;3;2023;08:35;1;33;33039;1;1;1;2;ROUTE NATIONALE 230;44,80550858;-0,53030491
202300001037;5;5;2023;13:45;1;60;60057;2;9;1;6;Avenue de Champagne;49,43755;2,09818
202300001038;27;11;2023;18:00;1;84;84007;2;1;1;6;SEGHERS (rue Pierre);43,92878;4,83868
202300001039;27;3;2023;06:30;5;33;33318;1;1;2;3;AUTOROUTE A 63;44,78920107;-0,62058806