Num_Acc;jour;mois;an;hrmn;lum;dep;com;agg;int;atm;col;adr;lat;long
202300001040;5;5;2023;21:30;2;59;59350;2;1;1;6;GAMBETTA LEON RUE;50,6296;3,055
202300001041;27;11;2023;13:00;1;84;84007;2;1;1;6;EISENHOWER (Avenue);43,94178;4,79876
202300001042;28;3;2023;08:00;1;91;91661;1;1;1;2;AUTOROUTE A10;48,70751;2,25078
202300001043;28;3;2023;08:56;1;92;92050;1;1;1;3;A14;48,90008747;2,20944671
202300001044;26;11;2023;15:15;1;84;84007;2;6;1;1;C.De GAULLE (Rocade);43,92887;4,81351
202300001045;5;5;2023;09:10;1;59;59378;1;3;1;3;BEUVRECQUE RUE DE LA;50,70531;3,11453
202300001046;27;3;2023;09:50;1;95;95582;1;1;1;4;A15;48,96682579;2,25512844
202300001047;23;11;2023;09:45;1;83;83129;2;1;1;6;REPUBLIQUE (AVENUE DE LA);43,09299929;5,83904238
202300001048;4;5;2023;16:00;1;57;57672;2;1;1;3;ASIE (CHAUSSEE D') - IMPAIR;49,365;6,1516
202300001049;15;10;2023;11:10;1;80;80001;2;9;7;6;GENERAL LECLERC (du);50,107365;1,84228
202300001050;28;3;2023;08:30;1;94;94015;1;1;1;3;A4;48,83297415;2,53364925
202300001051;6;6;2023;15:30;1;50;50129;2;2;1;3;EST (BOULEVARD DE L');49,63512;-1,58642
202300001052;5;5;2023;08:12;1;57;57463;2;1;1;3;GENERAL METMAN;49,11908;6,20484
202300001053;27;3;2023;23:29;3;94;94028;1;1;1;6;N406;48,77051476;2,44791993
202300001054;10;6;2023;00:30;3;49;49246;1;1;3;6;GALLIENI AVENUE;47,44128;-0,51183
202300001055;4;5;2023;13:15;1;54;54395;2;2;1;3;Boulevard Lobau;48,685609;6,195661
202300001056;27;3;2023;11:45;1;77;77363;1;1;1;2;A104;48,9147116;2,63454857
202300001057;27;3;2023;02:00;3;77;77059;1;1;1;7;A104;48,84560028;2,66239958
202300001058;28;11;2023;06:15;5;77;77438;2;1;2;6;MARNE (RUE DE  LA);48,87232;2,67672
202300001059;4;5;2023;10:20;1;52;52121;2;3;1;3;LILAS (RUE DES);48,11061;5,15099
202300001060;26;11;2023;20:55;3;77;77186;1;1;2;3;D142;48,454406;2,671203
202300001061;8;1;2023;10:00;1;74;74048;2;3;2;6;D903;46,276332;6,398367
202300001062;9;6;2023;05:31;4;44;44055;2;2;2;2;92 Avenue du Maréchal de Lattre de tassigny;47,28379;-2,4045
202300001063;5;5;2023;11:00;1;51;51454;2;4;2;3;avenue de Laon;49,27831;4,01512
202300001064;28;11;2023;08:29;1;76;76540;2;2;1;6;Avenue de la Porte des Champs;49,44299;1,10445
202300001065;9;6;2023;14:45;1;35;35055;2;1;1;3;COAT A NOZ (ALLEE DE);48,08508;-1,62928
202300001066;25;3;2023;07:40;1;75;75119;2;1;1;2;PORTE DE LA VILLETTE;48,899907;2,391475
202300001067;5;5;2023;16:16;1;49;49267;2;1;1;3;PATIS;47,47506;-0,50611
202300001068;5;5;2023;05:13;5;49;49007;2;1;1;7;PLANTAGENET;47,47241;-0,55449
202300001069;27;11;2023;13:40;1;76;76351;2;2;3;3;MARECHAL JOFFRE (RUE);49,49999;0,12961
202300001070;4;5;2023;14:20;1;49;49007;2;1;1;7;CAMUS;47,44855;-0,52512
202300001071;27;3;2023;18:00;2;75;75117;2;3;1;3;BOULEVARD BESSIERES;48,897616;2,324154
202300001072;9;6;2023;14:06;1;35;35238;1;1;1;2;RN136;48,11036716;-1,71798974
202300001073;27;11;2023;17:00;2;76;76351;2;1;3;6;CLEMENCEAU (BD);49,49017;0,09751
202300001074;9;6;2023;07:40;1;35;35278;2;6;2;3;AUGE DE PIERRE (ROND POINT DE L');48,13667;-1,69294
202300001075;27;3;2023;10:00;1;75;75116;2;1;7;6;AVENUE GEORGES LAFONT;48,83698621;2,25620449
202300001076;5;5;2023;12:59;1;47;47031;2;3;1;2;DOCTEUR NOGUES (AV DU);44,19133;0,65075
202300001077;27;11;2023;12:15;1;76;76351;1;2;2;3;AMIRAL COURBET;49,4852;0,13129
202300001078;7;6;2023;03:50;3;34;34301;1;1;1;1;Route d'Agde;43,37332;3,62471
202300001079;5;5;2023;07:50;1;45;45234;2;2;3;3;135 Rue du Petit Pont;47,92278396;1,92963928
202300001080;28;11;2023;07:55;2;72;72181;1;9;2;3;PIFFAULT PIERRE (AV) BESSEMER A MONNIER;47,97006;0,17986
202300001081;27;3;2023;13:18;1;75;75114;2;7;1;3;AVENUE DENFERT ROCHEREAU;48,834546;2,332611
202300001082;27;11;2023;07:45;5;72;72181;2;1;2;6;BOLLEE (AV) N° IMP 65 A 199;47,999;0,2129
202300001083;9;6;2023;06:45;1;33;33522;2;6;1;3;Rond-point Crespy;44,80663;-0,5862
202300001084;9;6;2023;08:08;1;31;31555;1;1;1;3;VA007598 LESPINET A620 Sortie 20;43,57319;1,47249
202300001085;28;11;2023;07:30;4;70;70550;2;6;2;6;DOLLE (RUE VICTOR);47,63785;6,15606
202300001086;5;5;2023;12:02;1;38;38053;2;6;1;6;SAINT MICHEL (BLD);45,58929721;5,27772435
202300001087;27;3;2023;16:05;1;75;75112;2;7;1;6;PLACE DE LA NATION;48,847472;2,396703
202300001088;9;6;2023;08:54;1;29;29019;2;1;1;6;rue Mirabeau;48,4077401;-4,48844133
202300001089;27;11;2023;15:00;1;69;69290;2;1;2;6;Route de Grenoble;45,71522;4,96334
202300001090;5;5;2023;13:35;1;37;37122;2;1;8;6;HUGO (AVENUE VICTOR);47,35108;0,66454
202300001091;9;6;2023;17:40;1;28;28134;2;1;1;7;ETHE VIRTON (RUE D);48,74346;1,38161
202300001092;27;3;2023;12:50;1;75;75112;2;1;1;3;RUE VILLIOT;48,841357;2,37495
202300001093;27;11;2023;10:00;1;69;69259;2;1;2;4;Boulevard Laurent Bonnevay;45,72040802;4,8819302
202300001094;5;5;2023;06:15;4;37;37261;2;1;3;2;GRAMMONT (AVENUE DE);47,37586026;0,69462776
202300001095;27;11;2023;19:30;5;67;67482;2;1;2;1;GANZAU (RUE DE LA);48,54335;7,76494
202300001096;4;5;2023;11:15;1;33;33063;2;2;7;2;Avenue de Verdun;44,83878;-0,62607
202300001097;9;6;2023;10:50;1;25;25462;2;1;1;2;LIBERATION DE LA (DU 22 A LA FIN);46,91748;6,34337
202300001098;27;3;2023;00:15;5;75;75112;2;3;1;2;AVENUE DU TREMBLAY;48,835837;2,453161
202300001099;25;11;2023;11:55;1;66;66136;2;1;1;2;N/A;42,6856;2,90198
202300001100;9;6;2023;11:45;1;25;25056;2;1;1;2;KASTLER RUE ALFRED;47,22652;5,97272
202300001101;5;5;2023;17:02;1;31;31555;2;1;1;6;SEMARD (BD PIERRE);43,611232;1,453069
202300001102;27;3;2023;16:45;1;75;75111;2;1;1;3;BOULEVARD VOLTAIRE;48,860235;2,376009
202300001103;28;11;2023;07:45;2;64;64348;1;3;1;2;MARTYRS DU PONT LONG DES;43,34834;-0,37996
202300001104;9;6;2023;02:00;5;25;25056;2;1;1;6;PORT CITEAUX RUE DU;47,23799;6,01683
202300001105;5;5;2023;15:30;1;31;31555;2;1;1;3;4 Boulevard de l'Embouchure;43,61609;1,43651
202300001106;28;11;2023;10:45;1;64;64024;2;1;1;2;ESPAGNE (AVENUE D');43,47982;-1,51763
202300001107;27;3;2023;18:45;1;75;75103;2;2;1;6;RUE BEAUBOURG;48,863748;2,354885
202300001108;4;5;2023;13:10;1;31;31555;2;1;1;6;BD DEODAT DE SEVERAC;43,590074;1,420873
202300001109;27;11;2023;16:05;1;64;64102;2;1;8;6;PAULMY (AVENUE DES ALLEES);43,48861;-1,48254
202300001110;9;6;2023;17:35;1;22;22278;2;1;3;7;BREST (DE);48,51224;-2,76703
202300001111;28;4;2023;06:00;1;30;30189;1;1;1;1;Route d'Alès;43,84126;4,319
202300001112;27;3;2023;12:16;1;75;75103;2;2;1;2;RUE VIEILLE DU TEMPLE;48,858678;2,358759
202300001113;28;11;2023;11:00;1;62;62525;2;1;1;3;Avenue Clemenceau;50,74259;2,24895
202300001114;9;6;2023;09:40;1;22;22278;2;1;2;2;PROUST (MARCEL);48,49332;-2,74913
202300001115;17;4;2023;07:30;1;30;30075;1;1;1;3;N/A;43,81945;4,29463
202300001116;27;11;2023;17:40;5;59;59599;2;1;3;6;JOFFRE (AVENUE MARECHAL);50,71587;3,174
202300001117;8;6;2023;10:48;1;19;19031;2;1;1;6;GONCOURT (RUE DES FRERES);45,15746;1,50794
202300001118;27;3;2023;16:40;1;94;94081;2;2;1;3;Avenue Rouget de Lisle / Rue Ansèlme Rondenay;48,77817;2,39649
202300001119;9;6;2023;19:50;2;15;15014;1;9;2;7;RN 122 ( LA SABLIERE);44,9005;2,41664
202300001120;28;11;2023;17:40;5;59;59033;2;1;2;2;JEAN JAURES (RUE);50,19881761;3,84294546
202300001121;27;3;2023;17:35;1;94;94067;2;2;1;3;Avenue Gallieni / Avenue Quihou;48,84665144;2,41663331
202300001122;5;5;2023;21:45;3;29;29039;2;6;2;2;Rue de Kerneac'H;47,88316;-3,92249
202300001123;9;6;2023;09:30;1;13;13215;2;1;1;1;RUISSEAU MI (RUE);43,35112707;5,35305313
202300001124;27;11;2023;08:40;1;59;59286;2;2;2;3;GAMBETTA LEON RUE;50,61049;2,98317
202300001125;27;3;2023;08:56;1;94;94041;2;2;1;3;Rue Molière / Boulevard de Brandebourg;48,81467664;2,39431947
202300001126;5;5;2023;22:00;5;29;29019;2;6;1;3;boulevard de l'Europe;48,415712;-4,475402
202300001127;9;6;2023;19:15;1;13;13001;2;1;1;3;ST LOUIS (COURS);43,53076778;5,45228994
202300001128;26;11;2023;18:15;5;57;57757;2;3;1;6;JAURES (RUE JEAN);49,35311276;6,18075371
202300001129;27;3;2023;19:15;1;94;94028;2;1;1;6;Rue Juliette Savar;48,78269;2,46427
202300001130;19;11;2023;10:45;1;55;55545;2;1;1;6;DIGUE (PLACE DE LA );49,15675;5,38725
202300001131;8;6;2023;09:21;1;10;10387;2;6;1;3;EDOUARD HERRIOT (RUE);48,27577;4,07842
202300001132;27;3;2023;20:00;2;93;93073;2;3;1;1;Avenue de la Paix / Rue Josette et Maurice Audin;48,94965;2,56903
202300001133;4;5;2023;17:40;1;28;28404;1;1;1;2;RN 154;48,70379;1,37285
202300001134;8;6;2023;17:40;1;7;7281;2;1;1;6;REPUBLIQUE (RUE DE LA);44,94589;4,84704
202300001135;12;11;2023;06:30;2;55;55545;2;1;1;3;QUARANTE DEUXIEME DIVISION (AVENUE DE LA;49,16343;5,39415
202300001136;27;3;2023;18:44;1;93;93066;2;1;1;3;Boulevard Anatole France;48,92347329;2,34791994
202300001137;4;5;2023;09:00;1;27;27234;1;1;1;2;RN 154;49,0163728;1,1903749
202300001138;23;10;2023;16:40;2;55;55545;2;1;1;3;COMMANDANT RAYNAL ( AVENUE );49,13322;5,30807
202300001139;9;6;2023;13:45;1;6;6088;2;2;1;3;GAL (R. AUGUSTE);43,70695;7,28756
202300001140;27;3;2023;15:20;1;93;93049;2;1;1;1;10 Rue Raspail;48,85409979;2,51431748
202300001141;3;5;2023;17:07;1;27;27229;2;1;1;6;DUHAMEL (RUE GEORGES);49,014;1,169
202300001142;19;12;2023;16:27;1;22;22187;2;1;2;1;DESCARTES (Rue René );48,54748;-2,80084
202300001143;9;6;2023;06:45;1;6;6123;2;1;1;4;VESPINS ROUTE DES;43,66035;7,18166
202300001144;27;11;2023;10:45;1;51;51454;2;3;2;3;LUNDY (BOULEVARD);49,258899;4,037484
202300001145;27;3;2023;14:45;1;93;93050;2;3;1;2;Avenue du Maréchal Leclerc / Rue Albert Camus;48,86118;2,54133
202300001146;6;6;2023;13:15;1;3;3101;2;1;1;6;Avenue de Bressolles;46,36484;2,52754
202300001147;27;3;2023;16:42;1;93;93079;2;1;1;6;Route de Saint-leu;48,95496;2,33399
202300001148;27;11;2023;07:45;3;51;51573;2;3;2;2;FEMMES (CHEMIN DES);49,24239;3,99075
202300001149;8;6;2023;13:35;1;2;2722;1;6;1;3;;49,36633;3,30984
202300001150;25;12;2023;11:40;1;976;97607;1;1;1;5;route de l'Est - Hajangoua;-12,872843;45,20911
202300001151;27;3;2023;08:10;1;92;92072;2;1;1;3;GRANDE RUE;48,82527;2,21585
202300001152;28;11;2023;08:20;1;49;49267;2;1;1;3;A87N;47,46669782;-0,51604572
202300001153;5;5;2023;09:50;1;22;22278;2;1;1;7;COURSES (CHEM. DES);48,5181468;-2,72387289
202300001154;27;3;2023;10:33;1;92;92020;2;1;1;6;DIVISION LECLERC AVENUE DE LA;48,7981;2,2827
202300001155;9;6;2023;18:30;1;75;75117;2;1;1;3;PORTE D ASNIERES;48,890115;2,29852
202300001156;19;12;2023;16:45;1;976;97607;1;1;1;1;route de l'Est;-12,863189;45,198092
202300001157;27;11;2023;09:38;1;49;49007;2;1;2;1;SAUMUROISE IMPASSE ET RUE;47,45619;-0,53081
202300001158;9;6;2023;10:30;1;75;75114;2;1;1;7;PORTE DE CHATILLON;48,82266;2,314235
202300001159;27;3;2023;17:15;1;92;92035;2;1;8;6;National ( boulevard );48,90553314;2,23925695
202300001160;5;5;2023;08:50;1;22;22278;2;1;1;6;METAIRIE (JEAN);48,5112;-2,76649
202300001161;25;8;2023;19:15;3;976;97611;2;1;1;6;les hauts vallons-Filaos ( av des  );-12,7588;45,22937
202300001162;27;3;2023;08:30;1;92;92026;2;1;1;6;ARMAND SILVESTRE ( DE 01 A 92);48,90159;2,26631
202300001163;28;11;2023;13:15;1;47;47001;2;2;1;3;PELLETAN (BOULEVARD EUGENE);44,19917759;0,62631082
202300001164;8;6;2023;21:15;5;75;75110;2;4;1;2;RUE LA FAYETTE;48,882511;2,369259
202300001165;2;6;2023;06:10;2;976;97611;2;9;1;6;kaweni-Kaweni sud  (Z I);-12,77072767;45,22686714
202300001166;5;5;2023;22:30;5;18;18033;2;2;1;3;Boulevard Gambetta;47,08678;2,38861
202300001167;26;3;2023;19:00;1;92;92004;2;1;2;6;YVONNE ( AVENUE );48,91837687;2,31544241
202300001168;27;11;2023;12:03;1;45;45004;2;1;3;2;D2107 PR 1 + 34;47,984715;2,732676
202300001169;27;5;2023;18:05;5;976;97611;2;1;1;6;Boulevard Mawana Madi;-12,7815;45,23476
202300001170;9;6;2023;20:45;2;75;75105;2;2;1;3;RUE DES ECOLES;48,848897;2,347469
202300001171;27;3;2023;06:20;5;92;92002;2;1;1;6;RABELAIS (AVENUE);48,75217;2,30789
202300001172;5;5;2023;20:05;1;17;17333;2;6;1;3;JUIN (AVENUE MARECHAL);45,612765;-0,991204
202300001173;13;2;2023;16:30;1;976;97611;2;1;7;6;tsoundzou-Kwalé ( route de );-12,7990573;45,21570343
202300001174;28;11;2023;08:25;2;38;38158;2;1;2;2;N 87;45,15911;5,75036
202300001175;9;6;2023;18:20;1;75;75106;2;1;1;2;RUE GUYNEMER;48,847904;2,33253
202300001176;27;3;2023;17:15;1;67;67273;1;1;8;7;Départementale 09;48,865315;7,284847
202300001177;25;12;2023;19:00;3;88;88209;2;1;1;6;DOMEVRE (RUE DE);48,20431;6,40578
202300001178;2;5;2023;17:20;1;15;15014;1;1;1;2;RN122;44,9229;2,47365
202300001179;27;3;2023;23:35;3;22;22067;1;1;1;6;RN 12 pk 91+0100;48,55350842;-3,17284119
202300001180;9;6;2023;12:20;1;75;75119;2;3;1;3;AVENUE MATHURIN MOREAU;48,87823;2,37354
202300001181;11;12;2023;17:30;5;88;88486;1;3;1;1;RD 43 - D243;48,024455;6,701365
202300001182;24;4;2023;01:00;3;13;13108;1;1;1;1;RD 970 ROUTE D'AVIGNON;43,7731;4,68758
202300001183;28;11;2023;17:45;5;37;37261;2;1;8;4;MIRABEAU (PONT);47,40368;0,70248
202300001184;9;6;2023;20:45;1;75;75117;2;3;1;6;AVENUE DE VILLIERS;48,881463;2,316007
202300001185;4;5;2023;23:44;5;10;10387;2;1;1;6;Quai du Comte Henri;48,2973;4,07955
202300001186;9;6;2023;03:40;5;75;75117;2;2;1;2;AVENUE DE CLICHY;48,89058;2,320196
202300001187;27;11;2023;17:30;4;37;37261;2;1;2;6;BRUXELLES (PLACE DE);47,42696;0,68545
202300001188;20;7;2023;14:05;1;91;91689;2;3;1;3;AV AMPERE;48,730531;2,318242
202300001189;4;5;2023;12:21;1;10;10357;2;9;1;2;Av Lieutenant Michel Taittinger;48,30225655;4,10246551
202300001190;25;3;2023;19:28;3;62;62362;1;1;1;3;D72;50,3947536;2,51296149
202300001191;11;7;2023;16:10;1;91;91044;2;1;1;1;Route d'Orléans;48,683113;2,284958
202300001192;28;11;2023;19:00;5;35;35115;2;1;2;6;GROSLAY (BD DE DU N°25 AU 43);48,35104201;-1,18496239
202300001193;9;6;2023;16:45;1;75;75116;2;3;1;2;RUE DE REMUSAT;48,847917;2,271405
202300001194;5;5;2023;13:15;1;6;6088;2;1;1;6;PENETRANTE DU PAILLON;43,72762;7,28379
202300001195;27;3;2023;07:57;2;51;51264;1;1;1;7;D373;48,796641;3,616889
202300001196;9;10;2023;18:57;2;28;28092;1;1;1;6;A 10;48,358188;1,87686
202300001197;28;11;2023;14:15;1;34;34172;2;1;1;3;DOMITIENNE (VOIE);43,6232;3,86133
202300001198;9;6;2023;11:00;1;75;75116;2;2;1;3;BOULEVARD EXELMANS;48,841475;2,263877
202300001199;16;12;2023;15:29;1;12;12145;2;1;1;6;AYROLLE (BOULEVARD DE L');44,09556;3,07668
202300001200;27;3;2023;17:50;1;31;31150;2;1;1;1;Route de Pibrac;43,641645;1,317131
202300001201;28;11;2023;22:50;5;33;33063;2;1;1;3;Boulevard des Frères Moga;44,82302;-0,54234
202300001202;9;6;2023;11:30;1;75;75115;2;2;1;6;AVENUE EMILE ZOLA;48,846555;2,283988
202300001203;24;12;2023;06:40;2;32;32123;1;1;1;3;D12;43,649076;0,880532
202300001204;28;3;2023;17:00;1;72;72241;2;1;1;2;Route de Saint Corneille;48,052353;0,392278
202300001205;9;6;2023;10:30;1;75;75114;2;1;1;6;RUE DU COMMANDANT RENE MOUCHOTTE;48,838287;2,319624
202300001206;28;11;2023;18:30;5;33;33063;2;3;1;3;Cours Edouard Vaillant;44,86335;-0,56131
202300001207;28;3;2023;13:10;1;5;5156;2;1;1;6;D40;44,53994628;6,49778697
202300001208;13;12;2023;16:15;1;14;14540;1;1;2;6;GROS HETRE (CHEMIN DU);49,155;0,244
202300001209;9;6;2023;20:10;1;75;75112;2;1;1;3;RUE DE CHARENTON;48,83463;2,393518
202300001210;10;2;2023;11:40;1;73;73043;2;9;1;6;IMPASSE DES CHARDONS;45,762918;5,929914
202300001211;21;12;2023;17:15;5;74;74010;2;1;1;6;152 Route de meclaz;45,837697;6,068833
202300001212;28;11;2023;15:30;1;33;33063;2;3;1;2;Boulevard Alfred Daney;44,86749;-0,57241
202300001213;9;6;2023;10:30;1;75;75112;2;2;1;3;ECHANGEUR BERCY;48,828189;2,390314
202300001214;11;11;2023;03:00;3;14;14726;1;1;2;7;26 Route d'Aunay-sur-Odon (Vassy);48,857805;-0,682096
202300001215;28;3;2023;10:40;1;24;24520;1;1;1;1;Route du Bugue;44,885226;1,188562
202300001216;28;11;2023;10:50;1;33;33119;2;3;1;3;Rue Jules Guesde;44,85527526;-0,5357451
202300001217;9;6;2023;22:38;5;75;75111;2;3;1;3;AVENUE DE LA REPUBLIQUE;48,865845;2,371548
202300001218;22;9;2023;14:00;1;52;52461;2;9;2;3;Rue Glapigny;48,002012;5,430116
202300001219;27;3;2023;11:40;1;38;38053;1;3;2;1;pk 0 D208;45,607624;5,229042
202300001220;28;11;2023;20:00;5;31;31555;2;1;1;6;BD DE LA MARQUETTE;43,611799;1,425165
202300001221;9;6;2023;15:00;1;75;75111;2;3;1;3;BOULEVARD DES FILLES DU CALVAIRE;48,861354;2,367168
202300001222;28;9;2023;23:56;4;972;97207;1;1;1;2;ROUTE NATIONALE 5;14,566193;-60,979139
202300001223;27;3;2023;12:15;1;974;97422;1;1;1;3;Route Nat 3 Pk 27;-21,171977;55,585338
202300001224;27;11;2023;17:20;2;31;31555;2;1;2;6;RUE LOUIS PLANA;43,613343;1,47669
202300001225;9;6;2023;12:20;1;75;75111;2;2;1;3;RUE JEAN PIERRE TIMBAUD;48,868931;2,38046
202300001226;18;9;2023;13:58;1;972;97213;1;1;1;2;ROUTE DEPARTEMENTALE 3;14,61295;-60,9951
202300001227;27;3;2023;10:30;1;28;28055;1;3;1;1;RD325.7;48,631845;1,414511
202300001228;7;11;2023;10:52;1;30;30189;2;2;1;6;RABAUT SAINT-ETIENNE (RUE);43,83796;4,35192
202300001229;9;6;2023;09:05;1;75;75111;2;1;7;3;RUE DE LA FONTAINE AU ROI;48,868325;2,370933
202300001230;28;3;2023;11:45;1;2A;2A247;2;3;1;3;Rue Henry Frenay;41,605796;9,279644
202300001231;15;9;2023;07:35;1;972;97213;1;1;1;4;AUTOROUTE A1;14,61853;-61,02458
202300001232;28;11;2023;18:05;3;29;29019;2;2;1;3;rue Louis Delobeau;48,39418;-4,49366
202300001233;28;3;2023;16:30;1;83;83077;2;1;7;6;Route de Brignoles;43,28623975;5,97573747
202300001234;9;6;2023;14:15;1;75;75108;2;2;1;3;RUE DE ROME;48,879496;2,321841
202300001235;27;11;2023;17:55;5;28;28209;2;9;2;3;SOUTINE (Avenue de);48,472375;1,468764
202300001236;29;10;2023;12:00;1;972;97213;1;9;2;1;ROUTE DEPARTEMENTALE 3;14,64105;-60,99135
202300001237;27;3;2023;14:48;1;70;70262;1;1;1;7;N19;47,66671;6,378073
202300001238;9;6;2023;15:30;1;94;94081;2;1;1;3;10 Avenue Youri Gagarine;48,788018;2,389907
202300001239;26;3;2023;10:00;1;33;33179;2;1;1;6;D18;44,998644;-0,275066
202300001240;23;10;2023;17:50;5;972;97213;1;1;1;1;ACAJOU PROLONGEE;14,6239344;-61,0193978
202300001241;27;11;2023;17:45;3;28;28218;2;1;2;6;PROUST( avenue MARCEL);48,43179;1,45737
202300001242;8;6;2023;04:15;5;94;94017;2;3;1;2;CHARLES FLOQUET (AV);48,819526;2,482435
202300001243;28;3;2023;04:30;3;33;33014;1;1;1;6;35 route de lyon;44,96895;-0,166072
202300001244;22;10;2023;07:07;1;972;97213;1;1;2;6;ROUTE DEPARTEMENTALE 13;14,63304;-61,02713
202300001245;6;6;2023;11:30;1;94;94052;2;1;1;3;23 Rue Thiers;48,83938556;2,48515007
202300001246;28;11;2023;08:44;1;27;27229;2;1;1;1;NORMANDIE (BOULEVARD DE);49,021343;1,137852
202300001247;27;3;2023;22:53;3;33;33439;1;1;1;1;1 Lieu Dit la Guillotine;45,121582;-0,416536
202300001248;10;10;2023;18:40;5;972;97213;1;9;1;2;ROUTE DEPARTEMENTALE 15;14,62934;-61,00817
202300001249;27;11;2023;07:45;5;22;22113;2;1;3;6;MARZIN (AVENUE PIERRE);48,75322;-3,4584
202300001250;9;6;2023;11:30;1;94;94043;2;1;1;2;Rue Pasteur;48,81542;2,36311
202300001251;28;3;2023;08:30;1;33;33051;2;1;7;3;136 Avenue de la Côte d?Argent;44,640135;-0,962763
202300001252;5;4;2023;12:35;1;13;13055;1;1;1;2;A50-Sens Marseille vers Aubagne;43,2969;5,42485
202300001253;27;3;2023;17:20;1;56;56206;2;1;1;6;16 Rue de Coëtdigo;47,68672;-2,758695
202300001254;28;11;2023;21:10;5;13;13204;2;2;1;3;MARÉCHAL FOCH (AVENUE);43,30072;5,3996
202300001255;9;6;2023;20:46;1;94;94073;2;1;1;7;Av du Mal de Lattre de Tassigny;48,75723;2,40433
202300001256;13;11;2023;10:30;1;32;32151;1;1;1;2;D935;43,613848;-0,020503
202300001257;28;11;2023;19:45;5;13;13208;2;1;1;6;SABLIER (BOULEVARD DU);43,24846;5,38171
202300001258;22;9;2023;19:40;1;92;92040;2;1;9;6;FRERES VOISIN (BOULEVARD DES);48,82787383;2,272677
202300001259;27;3;2023;11:00;1;60;60282;2;4;1;4;Route de Noailles a Vineuil;49,21141477;2,42855787
202300001260;28;11;2023;16:00;1;13;13209;2;1;1;1;LÉON LACHAMP (ROUTE);43,24840899;5,4538933
202300001261;9;6;2023;18:05;1;94;94028;2;5;1;5;Avenue du Général de Gaulle;48,78793;2,4466
202300001262;1;6;2023;07:50;1;77;77129;1;1;1;1;D17;49,07421357;3,13502741
202300001263;25;3;2023;09:00;1;57;57146;1;1;1;2;Autoroute A31;49,0261;6,1151
202300001264;28;11;2023;08:55;1;13;13214;2;1;1;2;DANIEL CASANOVA (BOULEVARD);43,33018804;5,37630722
202300001265;9;6;2023;16:57;1;94;94011;2;9;1;3;Avenue du Bicentenaire 1789 1989;48,76467;2,49052
202300001266;27;3;2023;11:20;1;33;33550;1;1;1;3;ROCADE A 630;44,77847408;-0,55457354
202300001267;5;11;2023;19:35;5;78;78126;1;1;1;2;A13;48,836146;2,129035
202300001268;24;3;2023;17:33;1;59;59462;1;1;1;6;AUTOROUTE A1;50,51303;3,03244
202300001269;8;6;2023;18:05;1;94;94028;2;1;1;6;Avenue du Général de Gaulle;48,78351;2,45278
202300001270;18;11;2023;15:55;1;12;12145;2;6;1;3;AUMIERES (ROND POINT DES) ;44,10147;3,06736
202300001271;27;11;2023;10:35;1;14;14040;1;1;2;6;Route du Molay-Littry;49,265263;-0,75354
202300001272;27;3;2023;07:29;2;94;94021;1;1;1;2;A6A;48,76295663;2,34128346
202300001273;23;11;2023;14:50;1;10;10387;2;1;8;7;MICHEL BAROIN (RUE);48,28302;4,092
202300001274;8;6;2023;23:00;5;93;93078;2;2;1;6;Boulevard Robert Ballanger / Avenue Roger Salengro;48,95503;2,53725
202300001275;24;12;2023;08:25;1;93;93066;2;1;8;6;Place Jean Poulmarch;48,932792;2,342561
202300001276;27;3;2023;02:24;3;91;91661;1;1;1;6;AUTOROUTE A10;48,693987;2,229945
202300001277;28;11;2023;15:00;1;75;75112;2;1;1;3;PORTE DOREE;48,833191;2,406946
202300001278;16;12;2023;18:20;3;67;67053;1;1;1;7;D705;48,226717;7,569623
202300001279;9;6;2023;08:30;1;93;93070;2;2;1;3;Boulevard Jean Jaurès / Rue du Landy;48,91517;2,33759
202300001280;27;11;2023;19:10;5;75;75118;2;1;2;7;PORTE DE SAINT OUEN;48,900847;2,334437
202300001281;28;12;2023;21:55;4;60;60290;2;1;1;5;Rue du Pont;49,481401;2,129256
202300001282;27;3;2023;10:00;1;92;92023;1;1;1;4;RN385;48,77680855;2,23069899
202300001283;9;6;2023;09:50;1;93;93066;2;3;1;1;Rue Maurice Thorez / Rue Pierre Brossolette;48,94184;2,34699
202300001284;1;1;2023;17:00;2;59;59112;1;1;1;7;N/A;50,39335674;3,54773465
202300001285;27;3;2023;02:00;5;92;92051;1;1;1;1;RN13;48,88309768;2,26592597
202300001286;28;11;2023;20:50;5;75;75119;2;2;1;6;AVENUE DE FLANDRE;48,890564;2,376969
202300001287;9;6;2023;07:05;1;93;93066;2;4;1;3;Boulevard de la Libération / Quai de Saint Ouen;48,92996362;2,34088992
202300001288;23;11;2023;17:55;3;43;43177;1;3;1;1;D500;45,316509;4,295075
202300001289;28;11;2023;12:00;1;75;75118;2;4;8;6;RUE LEIBNIZ;48,89659;2,335644
202300001290;9;6;2023;03:20;3;93;93066;2;9;1;6;Route de la Courneuve;48,93235337;2,37533115
202300001291;26;3;2023;17:00;1;92;92062;1;1;1;4;RN1013;48,89015578;2,24212911
202300001292;3;11;2023;11:10;1;13;13078;1;1;2;1;Route du Mat de Ricca;43,41719;4,816132
202300001293;9;6;2023;23:30;5;93;93064;2;1;1;6;Rue Conrad Adenauer;48,8794431;2,48200013
202300001294;26;3;2023;19:00;1;93;93053;1;1;1;2;AUTOROUTE A86;48,89701;2,46967
202300001295;28;11;2023;20:05;5;75;75117;2;7;1;5;RUE DE COURCELLES;48,884591;2,297662
202300001296;8;6;2023;18:25;1;93;93053;2;2;1;3;Rue Carnot / Boulevard Michelet;48,89226;2,46042