Num_Acc;jour;mois;an;hrmn;lum;dep;com;agg;int;atm;col;adr;lat;long
202300001554;8;6;2023;17:20;1;974;97407;2;1;1;3;COMMUNE DE PARIS (AVENUE);-20,9446;55,2926
202300001555;8;6;2023;17:25;1;973;97302;2;3;1;2;VIRGILE (AVENUE);4,94053967;-52,32020608
202300001556;6;12;2023;15:50;1;14;14068;1;6;1;2;Route de la Bijude;49,227128;-0,363511
202300001557;8;6;2023;09:00;1;973;97302;2;6;1;5;BADUEL (ROND POINT DE);4,93333464;-52,30958068
202300001558;23;11;2023;14:12;1;14;14117;2;6;8;6;Avenue de la Divette;49,278342;-0,133501
202300001559;11;11;2023;20:45;5;14;14225;2;1;1;7;10 Rue Gaston Manneville;49,28619;-0,09824
202300001560;3;6;2023;16:45;1;973;97302;2;3;1;3;SAINT ANTOINE (CHEMIN);4,93552973;-52,29510185
202300001561;22;12;2023;03:10;3;93;93051;1;1;1;4;A4;48,83479441;2,58274578
202300001562;8;6;2023;16:30;1;69;69387;2;1;1;1;Rue de la Madeleine;45,7494;4,84795
202300001563;21;12;2023;12:40;1;93;93027;2;1;2;2;Avenue Roger Salengro;48,93425;2,38725
202300001564;20;12;2023;21:02;5;93;93027;2;8;1;3;Avenue Jean Jaurès / Rue Danton;48,92234;2,40712
202300001565;8;6;2023;15:05;1;69;69388;2;4;1;3;Avenue Viviani;45,72649;4,86445
202300001566;8;6;2023;08:45;1;69;69384;2;1;1;1;Avenue de Birmingham;45,77470014;4,81118266
202300001567;20;12;2023;16:47;2;93;93051;1;1;2;6;A4;48,83519321;2,57205899
202300001568;7;6;2023;08:30;1;69;69034;2;1;1;1;Avenue de Poumeyrol;45,79;4,86
202300001569;20;12;2023;08:00;2;95;95088;1;2;8;3;EUROPE (AVENUE DE L');48,95875561;2,44530559
202300001570;8;6;2023;07:05;1;69;69149;2;1;1;6;Boulevard Emile Zola;45,71982;4,80043
202300001571;19;12;2023;14:10;1;93;93027;2;2;1;3;Rue de Valmy / Boulevard Pasteur;48,9231;2,38397
202300001572;7;6;2023;17:15;1;69;69034;2;1;1;2;96 Grande rue de Saint Clair;45,78937;4,8554
202300001573;18;12;2023;18:03;5;93;93027;2;3;1;3;Boulevard Pasteur / Avenue Victor Hugo;48,92450604;2,38433361
202300001574;8;6;2023;13:00;1;2B;2B033;2;1;1;1;NOUVEAU PORT - RUE DU;42,70753;9,45378
202300001575;18;12;2023;07:45;4;93;93051;1;1;1;3;A4;48,83538;2,57214
202300001576;15;12;2023;18:45;5;93;93030;2;2;1;6;Avenue Louis Larivière / Rue Georges Guynemer;48,954298;2,416355
202300001577;7;6;2023;20:00;5;971;97101;1;3;1;3;PENNEL - DUGAZON (CHEMIN);16,2514255;-61,51616335
202300001578;13;12;2023;07:55;3;93;93013;2;5;1;6;Rue Anizan Cavillon / Rue de Verdun;48,93277706;2,41330439
202300001579;7;6;2023;03:58;3;971;97113;2;9;1;3;RN4 - SECTION RIVIERA;16,21744926;-61,49446964
202300001580;9;12;2023;09:40;1;93;93027;2;6;3;3;Rue Emile Zola / Rue Suzanne Masson;48,92310495;2,38826841
202300001581;26;12;2023;15:15;1;74;74281;2;1;1;6;CANAL (BOULEVARD DU);46,3688;6,48015
202300001582;8;6;2023;07:07;2;2A;2A004;2;3;1;6;ROSSINI PASCAL BD;41,91563;8,7307
202300001583;22;12;2023;19:35;3;38;38544;1;1;2;6;D41;45,51882;4,91731
202300001584;8;12;2023;01:30;3;93;93051;1;9;2;7;A4;48,83647;2,54697
202300001585;8;6;2023;14:28;1;95;95585;2;1;1;3;D10;48,98425;2,37081
202300001586;6;12;2023;06:30;5;93;93013;2;5;1;3;Avenue de la Division Leclerc / Rue du Commandant Rolland;48,93485;2,42597
202300001587;1;6;2023;13:55;1;95;95585;2;1;1;6;PAUL VALERY (AVENUE);48,97844;2,38509
202300001588;4;12;2023;23:15;3;93;93051;1;1;2;4;A4;48,836653;2,548353
202300001589;8;6;2023;10:00;1;95;95197;2;4;1;6;EDOUARD BRANLY (RUE);48,965676;2,334443
202300001590;4;12;2023;22:20;3;93;93051;1;1;2;7;A4;48,836504;2,551036
202300001591;28;11;2023;17:40;3;93;93051;1;1;1;4;A4;48,83642921;2,55189158
202300001592;23;11;2023;06:45;5;93;93051;1;1;1;4;A4;48,836449;2,549878
202300001593;8;6;2023;16:40;1;91;91377;2;1;1;3;AV DU MARECHAL JUIN;48,71713;2,28259
202300001594;21;11;2023;13:20;1;93;93027;1;1;2;6;AUTOROUTE A1;48,93422403;2,39288139
202300001595;8;6;2023;15:30;1;91;91689;2;2;1;1;RUE DE L AMIRAL MOUCHEZ;48,73285;2,32801
202300001596;6;12;2023;18:50;3;60;60175;1;1;2;5;RD 201_SORTIE 201_ACCES BD S.ALLENDE;49,25;2,457
202300001597;7;6;2023;11:45;1;90;90008;2;3;7;3;BELFORT (RUE DE);47,624768;6,842114
202300001598;12;12;2023;18:25;5;8;8409;2;1;2;2;CHANZY (BOULEVARD);49,7035;4,93156
202300001599;7;6;2023;15:00;1;88;88415;2;1;1;3;RUE DU VELODROME;48,01229;6,60639
202300001600;14;12;2023;08:10;1;9;9225;2;1;2;6;MIREPOIX ROUTE DE;43,10426;1,62325
202300001601;7;6;2023;15:41;1;87;87085;2;3;1;2;FOUGERAS (RUE DE);45,86756152;1,29466585
202300001602;9;12;2023;07:05;3;9;9225;2;3;1;3;RIJOLE AVENUE DE LA;43,12407;1,62078
202300001603;7;6;2023;10:50;1;83;83137;2;1;1;6;15EME CORPS (AVE DU);43,12856;5,91363
202300001604;5;12;2023;06:40;3;9;9225;1;1;9;6;ROUTE NATIONALE 20;43,10662155;1,63226634
202300001605;8;6;2023;19:25;1;79;79191;2;1;1;7;;46,31095;-0,49216
202300001606;8;6;2023;09:35;1;78;78133;2;9;1;3;Route de Mantes;48,90578;2,049943
202300001607;27;12;2023;19:59;5;38;38053;2;3;1;3;Rue Theophile Diederichs;45,58998;5,27632
202300001608;23;12;2023;20:10;5;38;38053;2;6;1;3;Avenue Henri Barbusse;45,5939;5,26998
202300001609;23;12;2023;18:17;5;38;38053;2;1;1;3;Avenue Henri Barbusse;45,58402;5,28939
202300001610;8;6;2023;16:30;1;77;77350;1;1;1;6;D471;48,77647956;2,7089081
202300001611;23;10;2023;09:00;1;38;38185;2;2;2;6;RUE LESDIGUIÈRES;45,18773;5,72914
202300001612;8;6;2023;16:25;1;77;77350;2;9;1;6;RUE LAVOISIER;48,76806;2,68239
202300001613;17;11;2023;19:15;2;83;83126;2;2;1;3;QUATRE SEPTEMBRE (BD DU);43,10293;5,87427
202300001614;8;6;2023;16:50;1;77;77058;2;2;1;6;BOULEVARD PIERRE MENDES FRANCE;48,83341146;2,7089952
202300001615;7;6;2023;13:40;1;77;77438;1;1;1;2;D934;48,866722;2,676105
202300001616;8;12;2023;06:50;5;13;13001;2;4;3;3;GARDANNE (ROUTE DE );43,49350925;5,40591717
202300001617;6;6;2023;15:30;1;76;76351;2;1;1;6;RENE CANCE;49,50373;0,14793
202300001618;12;10;2023;12:00;1;32;32426;1;1;7;3;D129;43,487566;0,604415
202300001619;26;10;2023;08:00;5;32;32462;2;1;3;6;3 Rue de la République;43,758129;0,303757
202300001620;7;6;2023;12:15;1;72;72181;2;9;1;3;DEMORIEUX PAIRS-ROCADE A RP D'ALLONNES;47,98432;0,17765
202300001621;24;10;2023;15:30;1;62;62654;1;3;1;7;Chemin exploitation;50,91400471;1,74475551
202300001622;8;6;2023;11:20;1;71;71076;2;1;1;6;SAINT EXUPERY (RUE);46,80644624;4,84259427
202300001623;4;2;2023;14:55;1;62;62497;1;1;1;7;Rue Séraphin Cordier;50,44824;3,05885
202300001624;24;12;2023;11:35;1;88;88116;2;7;2;1;Place de la Pranziere;47,963243;6,838206
202300001625;8;6;2023;22:00;5;69;69256;2;1;1;3;120 Avenue Gabriel Péri;45,77518;4,91419
202300001626;7;6;2023;17:20;1;69;69029;2;1;1;7;39 Avenue du Président Salvador Allende;45,7411;4,92976
202300001627;19;12;2023;17:35;5;88;88321;2;3;2;3;Rue Jules Ferry;48,35770695;5,69778085
202300001628;8;12;2023;08:54;1;88;88462;1;1;2;6;Route de Gérardmer;48,03346;6,67793
202300001629;7;6;2023;23:20;5;69;69259;2;1;1;6;Boulevard Irène Joliot Curie;45,72128;4,87416
202300001630;4;6;2023;18:15;1;25;25018;1;1;1;7;D73;47,383825;6,569611
202300001631;4;6;2023;14:00;1;25;25619;1;1;1;7;Rue Principale;46,715578;6,247964
202300001632;8;6;2023;11:05;1;67;67482;2;3;1;3;VAUBAN (RUE);48,58059;7,77352
202300001633;4;4;2023;18:30;1;59;59135;2;1;1;7;rue de watten;50,802945;2,474547
202300001634;7;6;2023;17:30;1;67;67482;2;3;1;3;BUDAPEST (RUE DE);48,57064;7,77588
202300001635;16;10;2023;18:00;1;60;60097;1;3;7;3;D981;49,322758;1,894562
202300001636;15;11;2023;10:15;1;60;60175;1;6;1;3;RD 201;49,24452;2,4698
202300001637;13;12;2023;17:55;3;14;14304;1;1;2;2;D579;49,38464;0,24762
202300001638;5;6;2023;12:50;1;66;66136;2;1;1;3;;42,67874;2,852
202300001639;10;11;2023;23:35;5;9;9225;2;3;2;3;TOULOUSE AVENUE DE;43,12024;1,61127
202300001640;7;9;2023;03:35;3;13;13026;1;1;1;3;A55-Sens Martigues vers Marseille;43,39021;5,1359
202300001641;18;11;2023;07:30;3;14;14045;1;1;3;1;Route de Rouen;49,19788179;-0,13313566
202300001642;30;12;2023;20:40;3;18;18170;1;1;1;7;N/A;47,491069;2,550915
202300001643;26;12;2023;16:00;1;18;18033;2;2;1;6;Boulevard de Juranville;47,083279;2,389038
202300001644;19;11;2023;05:15;3;74;74079;2;1;1;6;1943 Route de Serraval;45,841092;6,332331
202300001645;18;12;2023;10:50;1;13;13063;2;1;1;6;Avenue de l’Arc En Ciel;43,596637;5,01109
202300001646;8;12;2023;23:15;3;13;13047;1;1;1;7;D.52A;43,48157;4,98168
202300001647;5;12;2023;19:50;5;13;13063;2;1;1;3;MARIUS CHALVE AVENUE;43,5797;5,00397
202300001648;31;12;2023;08:30;2;13;13213;2;6;1;3;COLIBRIS (ROND POINT DES);43,32858;5,43372
202300001649;23;10;2023;16:50;1;974;97409;2;1;1;3;CRESSONNIERE (rue de la);-20,96883;55,65712
202300001650;27;10;2023;16:35;1;24;24139;1;1;2;7;A89 PK 108.700;45,13595276;0,61393261
202300001651;26;10;2023;04:15;3;56;56220;1;1;1;7;Kergo;47,732216;-3,192644
202300001652;26;10;2023;17:40;2;80;80443;1;3;1;5;CD 51;49,843469;1,912276
202300001653;25;10;2023;11:35;1;65;65025;2;1;1;6;Maison médicale - Avenue des pyrénées-;43,00621433;-0,09875625
202300001654;26;9;2023;01:50;3;12;12264;1;1;1;6;D988;44,416977;2,656685
202300001655;27;10;2023;06:48;3;71;71133;1;1;1;5;D985;46,279284;4,30001
202300001656;25;9;2023;10:50;1;22;22341;1;1;1;2;RN12;48,39929;-2,40712
202300001657;26;10;2023;18:05;2;71;71412;1;1;2;4;ROUTE NATIONALE 70;46,727444;4,458663
202300001658;25;9;2023;14:30;1;22;22251;1;1;1;6;RN12, PR 63+781, sens RENNES-BREST, LA MARE AU BUDO;48,54492;-2,82229
202300001659;7;9;2023;15:45;1;974;97414;2;1;1;3;avenue principale;-21,291336;55,414304
202300001660;27;10;2023;17:00;2;63;63400;2;1;2;3;lieu dit les sources;46,061607;3,452057
202300001661;26;9;2023;08:50;1;1;1357;2;3;1;3;RD 1084 / RD 55;46,172743;5,729563
202300001662;27;10;2023;18:02;2;55;55153;1;1;1;7;D114;49,22452;5,517615
202300001663;26;9;2023;13:22;1;83;83070;2;1;1;2;Avenue du Général de Gaulle;43,138698;6,370704
202300001664;26;10;2023;13:00;1;46;46268;1;1;3;6;RIVIERE BASSE D662;44,465266;1,599401
202300001665;25;9;2023;13:30;1;8;8001;1;1;1;7;RN 51;49,500145;4,353182
202300001666;27;10;2023;07:05;2;47;47274;2;1;2;1;D813;44,14413073;0,77814109
202300001667;23;9;2023;18:30;1;47;47034;2;1;1;7;Le Clavier;44,38606343;0,10384168
202300001668;26;10;2023;06:30;5;25;25411;2;1;2;6;Rue Pasteur;47,05554;6,602975
202300001669;25;9;2023;18:35;1;41;41274;1;1;1;3;D917;47,765457;0,902306
202300001670;7;9;2023;08:12;1;34;34192;2;4;1;3;Rue Sire de Joinville;43,530314;3,936791
202300001671;26;9;2023;07:45;1;30;30196;1;1;1;1;RD5;44,090791;4,534607
202300001672;26;10;2023;13:50;1;38;38287;2;1;8;1;Route du Bourg;45,420892;5,469805
202300001673;25;9;2023;21:00;5;69;69100;1;1;1;4;Rue du Vieux Port;45,680332;4,83017
202300001674;27;10;2023;17:00;1;2;2810;1;1;8;6;Route Nationale 2;49,271277;3,141918
202300001675;25;9;2023;18:20;1;30;30034;1;1;1;3;N/A;43,759712;4,495243
202300001676;20;10;2023;16:45;1;14;14098;1;2;1;7;38 Rue de Secqueville à Putot;49,216322;-0,546184
202300001677;22;9;2023;14:00;1;56;56184;1;1;1;6;kerjuhel;47,705134;-2,434491
202300001678;26;9;2023;08:10;1;2B;2B218;1;1;7;6;T50;42,21224516;9,34026718
202300001679;26;10;2023;22:00;3;50;50394;1;6;3;5;D900/D24;49,191352;-1,427107
202300001680;26;9;2023;17:40;1;2B;2B318;1;1;1;6;Terra Rossa;42,43471;9,520399
202300001681;27;10;2023;15:10;1;50;50484;2;3;2;3;132 Rue de Paris;48,576636;-1,085764
202300001682;26;10;2023;16:00;1;45;45282;1;1;1;1;D951 PR 100 + 36;47,85628;1,815469
202300001683;27;10;2023;08:00;2;36;36012;1;1;2;7;Le Plaix;46,46747585;1,56460017
202300001684;25;9;2023;18:08;1;71;71162;1;3;1;2;Route de Beaune;46,974264;4,389746
202300001685;27;10;2023;08:30;1;40;40243;1;1;8;1;Rue de Cournaou;43,933892;-0,931386
202300001686;24;9;2023;18:56;1;63;63455;2;3;1;3;D8/ chemin du moulin de la paille;45,670028;3,162378
202300001687;11;10;2023;07:00;1;85;85078;1;3;5;2;RD25C;46,3252187;-0,7403433
202300001688;26;9;2023;18:00;1;55;55181;1;1;1;1;D618;49,232816;5,660448
202300001689;26;9;2023;18:00;1;39;39471;1;1;1;1;N/A;46,728323;5,506082
202300001690;27;10;2023;13:30;1;38;38486;2;1;1;3;Avenue Louis Vicat;45,152265;5,682554
202300001691;24;10;2023;05:15;3;30;30125;1;1;1;6;Autoroute A54 au point kilométrique 007+600;43,775843;4,417319
202300001692;25;9;2023;08:45;1;29;29076;2;1;1;1;Lieu Dit Keravel Quinquis;48,479223;-4,557132
202300001693;25;9;2023;19:00;1;31;31303;1;1;1;6;Route de Berat;43,358402;1,212584
202300001694;26;10;2023;19:35;3;42;42151;1;1;3;1;Route de Montbrison;45,648458;4,108407
202300001695;26;9;2023;07:15;1;38;38517;2;1;1;6;avenue de la gare;45,300969;5,49024
202300001696;26;10;2023;14:39;1;95;95658;1;1;8;7;D14;49,08193374;1,93337917
202300001697;27;10;2023;13:20;1;91;91461;2;1;1;1;D97;48,601715;2,224259
202300001698;26;10;2023;21:25;3;34;34307;1;1;2;6;Route de Montpellier;43,70996;4,005838
202300001699;21;7;2023;16:30;1;1;1263;2;1;1;6;Rue de Lyon;46,079739;4,758861
202300001700;27;10;2023;11:00;1;13;13027;2;1;7;1;Boulevard Ernest Genevet;43,887783;4,851258
202300001701;27;10;2023;14:25;1;71;71384;1;2;1;3;D906;46,69335;4,870677
202300001702;26;9;2023;11:25;1;26;26166;1;2;1;5;BOULEVARD FREDERIC MISTRAL;44,75592694;4,82611653
202300001703;26;9;2023;10:55;1;14;14478;2;1;1;6;6 Rue Guillonnière;49,022139;0,406234
202300001704;27;10;2023;07:10;2;26;26250;1;1;1;2;Route de Romans;45,019896;4,895447
202300001705;24;9;2023;21:45;3;50;50197;1;1;1;7;D7;48,877728;-1,387796
202300001706;27;10;2023;11:05;1;1;1390;1;2;1;5;D 84;45,820803;5,244002
202300001707;26;9;2023;08:00;1;60;60673;1;1;7;1;N/A;49,61202432;2,14485311
202300001708;27;10;2023;08:20;1;69;69047;1;1;1;6;Descente de Ladry;45,868886;4,656744
202300001709;25;9;2023;20:15;3;16;16323;1;1;1;6;D4, PK 12+700;45,621039;0,401355
202300001710;26;9;2023;11:35;1;21;21576;1;1;1;1;D26;47,375818;4,47808
202300001711;24;10;2023;18:45;3;60;60079;1;2;1;3;Route Départementale 922;49,14757047;2,86279041
202300001712;26;9;2023;13:45;1;37;37050;2;1;1;6;213 Avenue du Grand Sud;47,324809;0,708374
202300001713;27;10;2023;15:50;1;80;80236;1;1;1;7;D41 PK 5.200;49,696721;2,596507
202300001714;25;9;2023;13:00;1;42;42254;1;1;1;2;A89;45,839564;4,186306
202300001715;24;10;2023;23:50;5;13;13212;1;1;1;2;A507 sens Marseille - Aubagne;43,297;5,4255
202300001716;25;9;2023;17:20;1;34;34022;1;1;1;2;A709 PK 001+800;43,672737;4,017187
202300001717;26;10;2023;12:55;1;69;69029;1;1;1;2;Autoroute 43;45,72781088;4,90608824
202300001718;26;9;2023;04:45;3;83;83140;1;1;1;2;A8 pk 65.400;43,423611;5,959976
202300001719;27;8;2023;04:00;3;988;98808;1;1;1;6;Karagreu (Tribu);-21,34933;165,42835
202300001720;22;10;2023;11:05;1;67;67152;1;1;1;3;N/A;48,52583;7,6951
202300001721;18;9;2023;03:00;3;988;98819;1;1;1;6;Tribu de Saint Pierre;-20,427586;164,428564
202300001722;24;10;2023;13:20;1;33;33013;1;1;1;4;ROUTE NATIONALE 230;44,8462;-0,50239
202300001723;20;10;2023;08:15;1;59;59237;1;1;2;7;AUTOROUTE A25;50,76029;2,64357
202300001724;25;9;2023;08:15;1;77;77508;1;9;1;3;D231;48,8159;2,841972
202300001725;26;10;2023;20:30;3;91;91174;1;1;3;2;RN 104;48,6231;2,46628
202300001726;26;9;2023;08:20;1;77;77091;1;2;7;3;Intersection D96 et D216 PK20+565;48,743307;2,816319
202300001727;26;10;2023;19:30;3;94;94003;1;1;2;5;A6B;48,79974803;2,34378034
202300001728;26;10;2023;19:17;2;91;91161;1;1;2;4;AUTOROUTE A6;48,719;2,31061
202300001729;23;9;2023;15:00;1;68;68318;2;2;1;7;Rue de la Vallée;47,96737;7,231729
202300001730;26;10;2023;12:30;1;94;94021;1;1;2;2;A6A;48,7702866;2,34542494
202300001731;26;9;2023;09:45;1;88;88321;2;1;1;6;Rue de la 1ère Armée Française;48,35653717;5,6914933
202300001732;26;9;2023;10:50;1;55;55145;1;1;1;7;D19;49,335722;5,386584
202300001733;26;10;2023;11:00;1;91;91228;1;1;1;3;AUTOROUTE A6;48,61596;2,42904
202300001734;26;9;2023;15:10;1;63;63284;2;6;1;6;Sortie parking Intermarché;45,800533;3,242946
202300001735;26;10;2023;12:55;1;92;92025;1;1;8;4;A86;48,91943159;2,22419963
202300001736;25;10;2023;20:15;3;92;92047;1;1;2;7;A13;48,83519709;2,17572425
202300001737;26;9;2023;17:15;1;42;42094;2;4;1;3;Allée de la Loise;45,74979;4,225252
202300001738;26;9;2023;15:40;1;42;42214;2;3;1;7;Route de Bellegarde;45,67251;4,294172
202300001739;25;10;2023;05:00;3;78;78029;1;1;3;5;A13;48,968378;1,859457
202300001740;25;10;2023;02:30;5;92;92051;1;1;3;6;RN13;48,88419589;2,26244272
202300001741;26;9;2023;17:00;1;42;42147;1;4;1;2;Route de Précieux;45,59318;4,110662
202300001742;26;10;2023;12:20;1;95;95277;1;1;1;3;A3;48,98112;2,49824
202300001743;26;9;2023;09:35;1;42;42147;2;1;1;6;Montée de Rigaud;45,603691;4,068857
202300001744;26;10;2023;10:25;1;93;93053;1;1;2;6;AUTOROUTE A103;48,88778;2,4725
202300001745;26;10;2023;09:10;1;93;93078;1;1;2;6;AUTOROUTE A104;48,9634;2,52179
202300001746;26;9;2023;07:55;2;38;38059;2;1;1;3;D5;45,12780505;5,77827961
202300001747;25;10;2023;10:30;1;95;95582;1;1;2;6;D170;48,96252;2,2635
202300001748;26;9;2023;06:58;2;69;69050;2;2;1;1;Route Buissonniere;45,876049;4,644105
202300001749;28;10;2023;06:50;3;94;94018;1;1;2;6;A4;48,81986293;2,40335937
202300001750;21;9;2023;13:15;1;31;31291;1;1;1;3;D65;43,590439;1,230844
202300001751;26;10;2023;21:25;3;94;94044;1;1;2;6;N406;48,75738552;2,47631192
202300001752;26;10;2023;09:10;1;94;94073;1;1;2;2;A86;48,76801926;2,37873486
202300001753;14;1;2023;02:05;5;44;44190;2;1;2;6;54bis Route de Clisson;47,19146;-1,52404
202300001754;26;9;2023;10:23;1;33;33055;1;2;1;3;Rue de la Prade;45,323913;-0,905315
202300001755;20;7;2023;07:50;1;74;74010;2;1;7;3;Route de la roche sur foron;45,933421;6,128646
202300001756;19;8;2023;09:30;1;74;74275;2;4;1;3;Route de saint-germain;45,851566;6,216062
202300001757;23;9;2023;16:00;1;33;33266;2;1;1;4;route de cavignac;45,05577;-0,327934
202300001758;25;8;2023;21:45;5;74;74012;2;1;2;6;FLEUTET (RUE MME);46,19434;6,23947
202300001759;25;9;2023;08:00;1;13;13033;1;1;1;2;A55-Sens Martigues vers Marseille;43,37380564;5,19485609
202300001760;24;9;2023;23:30;3;83;83035;1;1;1;6;A50;43,16435815;5,7670293
202300001761;17;8;2023;18:20;1;74;74265;1;1;1;1;Route du Col du Marais;45,821095;6,335195
202300001762;23;9;2023;13:20;1;59;59403;1;1;1;6;AUTOROUTE A23;50,43222;3,37721
202300001763;16;8;2023;14:40;1;74;74263;2;1;1;6;Avenue de bonnatrait;46,333777;6,389253
202300001764;24;9;2023;07:26;2;59;59009;1;1;1;2;AUTOROUTE A22;50,65305;3,13276
202300001765;18;8;2023;17:15;1;74;74077;1;1;1;1;La Corbie (Prairie)_;46,104386;5,89314
202300001766;25;9;2023;20:30;5;91;91549;1;1;1;7;RN 104;48,626;2,343
202300001767;16;8;2023;01:50;3;74;74032;1;1;1;6;2072 Route de la Chèvrerie;46,223972;6,543944
202300001768;25;9;2023;02:30;3;92;92036;1;1;1;7;A86;48,93526651;2,26536727
202300001769;24;9;2023;18:45;1;78;78291;1;1;1;2;A13;48,965109;1,761655
202300001770;4;8;2023;15:25;1;74;74131;1;1;2;1;RD1508;46,022997;5,904701
202300001771;10;8;2023;06:15;2;74;74108;1;1;1;1;D1508;45,822519;6,208434
202300001772;25;9;2023;09:35;1;93;93064;1;1;1;2;AUTOROUTE A86;48,87582;2,47822
202300001773;3;8;2023;09:30;1;74;74191;2;1;1;6;698 Route d'avoriaz;46,182378;6,711686
202300001774;23;9;2023;11:33;1;31;31149;2;1;1;6;MARCEL DASSAULT (BOULEVARD);43,6114;1,34569
202300001775;19;8;2023;02:00;5;33;33063;2;6;1;7;Place Tourny;44,84523;-0,57805
202300001776;25;10;2023;08:20;1;974;97411;1;1;1;5;LANCASTEL (BOULEVARD);-20,88242;55,46391
202300001777;13;5;2023;16:30;1;14;14228;2;2;1;3;1 Allée du Temps Libre;49,300793;-0,383697
202300001778;24;10;2023;13:15;1;974;97411;1;7;1;1;YLANG-YLANG (CHEMIN DE L');-20,91368;55,4805
202300001779;24;9;2023;21:26;5;69;69382;2;3;1;3;Rue Vaubecour;45,75339;4,82569
202300001780;24;9;2023;10:40;1;971;97101;2;3;1;1;NELSON MANDELA;16,24524531;-61,53001964
202300001781;25;10;2023;19:05;1;973;97302;2;1;1;6;BONHOMME (CITE);4,92212035;-52,31770188
202300001782;24;9;2023;04:05;5;95;95268;2;1;1;7;D84;48,96594643;2,40867734
202300001783;23;10;2023;19:00;5;973;97302;2;9;1;3;BADUEL (ROUTE DE);4,93471;-52,3117
202300001784;23;9;2023;11:15;1;95;95428;2;4;1;1;GEORGES CLEMENCEAU (AVENUE);48,99343925;2,32155383
202300001785;25;10;2023;11:30;1;972;97213;2;1;1;2;ROUTE NATIONALE 1;14,62329;-60,98987
202300001786;25;9;2023;00:55;5;95;95018;2;6;1;1; JEAN LURCAT (RUE);48,95266;2,22789
202300001787;24;9;2023;17:55;1;91;91161;2;2;1;3;AV MAZARIN;48,70412;2,31728
202300001788;25;10;2023;08:50;1;972;97209;1;1;1;5;DOROTHY (ROUTE DE);14,61248;-61,04406
202300001789;23;9;2023;11:10;1;91;91097;2;1;1;2;RUE DE ROCHOPT;48,69092;2,52598
202300001790;24;9;2023;13:30;1;91;91027;1;3;1;3;RUE PAUL DEMANGE;48,7162;2,37124
202300001791;22;10;2023;23:30;4;972;97209;2;2;1;3;GENERAL DE GAULLE (BLD DU);14,60721;-61,06786
202300001792;23;9;2023;12:10;1;81;81163;2;3;1;3;TASSIGNY (DE LATTRE DE);43,48954;2,37118
202300001793;22;9;2023;15:50;1;81;81163;1;1;1;7;RD 118;43,463554;2,3540857
202300001794;26;10;2023;00:02;5;69;69389;2;2;2;3;Rue de Saint-Cyr;45,78460839;4,80839798
202300001795;24;9;2023;22:00;5;81;81065;2;3;1;3;DE GAULLE RD 612 (AV. CHARLES);43,60205473;2,25019415
202300001796;25;10;2023;15:18;1;69;69382;2;2;8;6;Quai Jules Courmont;45,76346;4,83813
202300001797;25;10;2023;06:35;1;971;97120;2;9;1;6;GERTY ARCHIMEDE (RESIDENCE);16,25017;-61,54192
202300001798;24;10;2023;21:30;5;971;97113;1;1;1;5;Morne Salines;16,20802;-61,45231
202300001799;29;4;2023;10:15;1;69;69266;2;1;1;5;Avenue Albert Einstein;45,78064;4,8759
202300001800;24;9;2023;22:42;5;64;64129;2;1;1;2;SANTONA DE;43,31925;-0,38294
202300001801;24;9;2023;20:40;5;64;64445;2;2;1;3;SERGENT BERNES CAMBOT DU;43,305;-0,37
202300001802;23;9;2023;13:50;1;61;61001;2;1;1;2;Voie Communale;48,438;0,095
202300001803;22;10;2023;04:45;4;95;95288;2;6;1;2;D311;48,98509;2,36164
202300001804;25;10;2023;07:35;5;95;95197;2;1;2;6;D311;48,97521548;2,33710259
202300001805;24;9;2023;21:14;5;54;54451;2;4;1;1;Rue de Longwy;49,50339;5,75399
202300001806;22;9;2023;16:30;1;51;51108;2;1;1;7;CARNOT (RUE);48,954825;4,365861
202300001807;23;9;2023;10:00;1;42;42305;2;2;7;6;Rue Victor Hugo;45,48239;4,43828
202300001808;6;9;2023;11:55;1;91;91174;2;2;1;2;RUE DE LA DAUPHINE;48,60073;2,47081
202300001809;24;9;2023;14:50;1;35;35238;2;1;1;6;DINAN (DE);48,11934;-1,68106
202300001810;24;10;2023;12:35;1;87;87085;1;1;1;7;GORDINI ( RUE AMEDEE);45,8956;1,28188
202300001811;24;9;2023;00:45;5;33;33063;2;1;1;2;Rue Lucien Faure;44,86567;-0,56032
202300001812;24;10;2023;09:06;1;84;84080;1;1;1;5;CD 942 RTE SARRIANS A ROSSI;44,02696;4,96782
202300001813;23;9;2023;17:20;1;17;17306;2;1;1;3;ROCHEFORT (DE)  (AVENUE);45,64093;-1,02475
202300001814;24;10;2023;15:00;1;30;30011;1;1;1;6;R.N. 100;43,95791;4,74931
202300001815;24;9;2023;01:10;5;15;15014;2;1;1;6;JAURES (BOULEVARD JEAN);44,93484;2,45236
202300001816;24;9;2023;14:00;1;13;13209;2;1;1;3;SORMIOU (CHEMIN DE);43,22960291;5,40133704
202300001817;24;9;2023;14:20;1;13;13205;2;1;1;2;BAILLE (BOULEVARD);43,28783957;5,3909831