Num_Acc;jour;mois;an;hrmn;lum;dep;com;agg;int;atm;col;adr;lat;long
202300001818;25;10;2023;08:20;2;77;77132;2;1;2;3;AV ROBERT SCHUMAN;48,86471;2,7913
202300001819;24;10;2023;18:38;2;72;72181;1;1;2;2;Boulevard Henri FRENAY;48,01256;0,24059
202300001820;24;9;2023;11:22;1;13;13216;1;1;1;1;LITTORAL (CHEMIN DU);43,34914848;5,34254324
202300001821;24;10;2023;07:30;2;67;67180;1;1;3;1;WOERTH (ROUTE DE);48,84477;7,7817
202300001822;24;9;2023;05:30;5;7;7281;2;1;1;1;TREMOLETS (RUE DES);44,9389;4,86013
202300001823;24;10;2023;09:40;1;64;64445;2;1;1;7;TOURASSE;43,30833;-0,34004
202300001824;25;10;2023;14:30;1;63;63113;2;1;2;3;DUNKERQUE (RUE DE);45,81605;3,10836
202300001825;23;9;2023;18:25;1;3;3185;2;4;1;3;Avenue Jules Guesde;46,34199;2,58877
202300001826;25;10;2023;09:50;1;63;63113;2;1;1;3;BOULANGER (RUE PIERRE);45,78122;3,13902
202300001827;19;10;2023;21:10;5;62;62215;2;1;1;6;Rue du 11 Novembre;50,4909062;2,9554764
202300001828;24;9;2023;09:49;1;1;1053;2;3;1;3;FERRY ( BOULEVARD JULES);46,19563;5,22186
202300001829;25;10;2023;07:15;3;62;62013;2;2;2;1;Rue Pasteur;50,26729;2,75379
202300001830;24;9;2023;20:10;5;75;75112;2;1;1;4;PORTE DE VINCENNES;48,844933;2,41426
202300001831;25;10;2023;13:15;1;61;61001;2;1;2;2;D112;48,43261;0,06949
202300001832;24;9;2023;10:17;1;75;75115;2;1;1;2;BD PERIPHERIQUE INTERIEUR;48,826185;2,298358
202300001833;24;9;2023;13:00;1;75;75106;2;1;1;6;QUAI MALAQUAIS;48,858039;2,334259
202300001834;25;10;2023;11:05;1;59;59512;2;2;2;3;SALENGRO  (AVENUE ROGER);50,68091;3,20474
202300001835;24;9;2023;12:10;1;75;75119;2;2;1;6;RUE MATHIS;48,89108;2,37378169
202300001836;24;9;2023;16:30;1;75;75115;2;1;1;6;BOULEVARD LEFEBVRE;48,829463;2,297542
202300001837;25;10;2023;14:20;1;59;59350;2;3;2;3;Facade de l'Esplanade;50,64501;3,05066
202300001838;23;9;2023;19:05;1;75;75112;2;2;1;3;RUE DE WATTIGNIES;48,835189;2,398764
202300001839;24;9;2023;00:10;5;75;75111;2;5;1;1;BOULEVARD VOLTAIRE;48,85041599;2,39245632
202300001840;25;10;2023;09:15;1;59;59143;1;4;2;3;PONCHELLE POREE (RUE);50,65867959;2,88291067
202300001841;24;10;2023;08:09;5;56;56121;2;2;2;7;DEMAINE ( BD YVES );47,75256;-3,37728
202300001842;24;9;2023;19:45;5;75;75110;2;3;1;3;BOULEVARD DE STRASBOURG;48,870592;2,354946
202300001843;24;10;2023;18:00;2;54;54495;2;1;1;2;Grand Rue;48,6884632;6,24759302
202300001844;24;9;2023;16:30;1;75;75110;2;4;1;3;RUE LOUIS BLANC;48,88425401;2,35939407
202300001845;24;10;2023;17:50;2;54;54547;2;1;1;2;Avenue des Jonquilles;48,66067;6,18386
202300001846;23;9;2023;23:30;5;75;75110;2;3;1;3;BOULEVARD DE BONNE NOUVELLE;48,870144;2,350506
202300001847;23;9;2023;20:55;5;75;75109;2;2;1;6;RUE DE LA CHAUSSEE D ANTIN;48,875268;2,332313
202300001848;24;10;2023;16:30;1;54;54395;2;1;1;6;Rue Mazagran;48,69029;6,17572
202300001849;24;10;2023;10:20;1;51;51454;2;2;2;3;TALLEYRAND (RUE);49,25757;4,02811
202300001850;25;10;2023;15:09;1;45;45232;2;2;1;3;595 Avenue de Verdun;47,86876;1,91123
202300001851;23;9;2023;20:20;5;75;75102;2;3;1;3;BOULEVARD DE SEBASTOPOL;48,86763;2,353325
202300001852;25;10;2023;19:05;5;38;38421;2;1;2;6;AVENUE DU 8 MAI 1945;45,17117;5,75692
202300001853;24;9;2023;03:35;4;94;94081;2;1;1;6;Rue du Gal Malleret Joinville;48,78048649;2,40358745
202300001854;24;9;2023;07:00;2;94;94058;2;5;1;3;Boulevard d'Alsace-lorraine;48,849187;2,496151
202300001855;25;10;2023;13:30;1;37;37122;2;3;1;5;JAURES (BOULEVARD JEAN);47,34843;0,66103
202300001856;25;10;2023;11:40;1;37;37261;2;6;1;3;POMPIDOU (AVENUE GEORGES);47,39487407;0,70462167
202300001857;24;9;2023;14:30;1;94;94078;2;3;1;2;Rue de Paris;48,742347;2,44672
202300001858;23;9;2023;23:35;5;94;94054;2;1;1;2;Rue du Bas Marin;48,75192234;2,3879155
202300001859;23;10;2023;18:10;1;29;29232;1;1;1;7;RN165;47,98302;-4,01665
202300001860;19;10;2023;18:30;1;29;29232;1;1;1;7;Rond-Point de Park Poullig;48,0301825;-4,08832804
202300001861;24;9;2023;18:20;1;93;93078;1;1;1;1;Avenue du Sausset;48,96227968;2,51580385
202300001862;25;10;2023;17:15;1;29;29019;2;3;1;6;rue du Commandant Drogou;48,40462;-4,501582
202300001863;24;9;2023;17:10;1;93;93078;1;1;1;7;Avenue du Sausset;48,96213041;2,51566894
202300001864;23;9;2023;16:25;1;93;93078;2;2;1;2;Boulevard Robert Ballanger / Av du Mal de Lattre de Tassigny;48,95772641;2,54555529
202300001865;25;10;2023;20:55;5;22;22278;2;3;2;6;CAMUS (ALBERT);48,513;-2,745
202300001866;24;9;2023;13:50;1;93;93071;2;3;1;3;Rue Gabriel Péri / Rue Henri Martin;48,94067057;2,53179421
202300001867;25;10;2023;14:45;1;17;17415;1;7;2;3;Départementale  137;45,71802624;-0,63565668
202300001868;24;9;2023;22:00;3;93;93070;2;1;1;6;Rue du Docteur Bauer;48,91253238;2,33545464
202300001869;25;10;2023;17:15;1;17;17306;2;3;3;3;Rue François Arago;45,63457;-0,9943
202300001870;25;10;2023;14:00;1;13;13209;2;3;1;3;ROMAIN ROLLAND (BOULEVARD);43,27046;5,40732
202300001871;24;9;2023;17:22;1;93;93066;2;2;1;3;Avenue de Stalingrad / Rue Guynemer;48,94551213;2,36380785
202300001872;24;9;2023;15:15;1;93;93051;2;2;1;3;Boulevard du Ru de Nesles / Rue des Aerostiers;48,8319;2,58404
202300001873;25;10;2023;09:20;1;13;13213;2;1;1;1;RUE PAUL PREBOIST;43,33161957;5,45107974
202300001874;24;9;2023;15:15;1;93;93046;2;1;1;7;Allee Jean Coulon;48,92874;2,55512
202300001875;25;10;2023;09:57;1;75;75105;2;3;2;6;BOULEVARD SAINT MARCEL;48,838967;2,358555
202300001876;24;9;2023;19:50;5;92;92064;2;9;1;1;BUZENVAL;48,8530466;2,20164281
202300001877;25;10;2023;07:35;5;75;75105;2;2;2;7;RUE MONGE;48,844484;2,352407
202300001878;24;9;2023;19:30;1;92;92020;2;1;1;6;LIBERTE BOULEVARD DE LA N° PAIRS;48,80193896;2,29228216
202300001879;24;9;2023;06:25;5;92;92024;2;2;1;3;VICTOR HUGO (BD);48,90082;2,31586
202300001880;25;10;2023;09:00;1;75;75118;2;3;2;1;BOULEVARD NEY;48,898646;2,357732
202300001881;24;9;2023;11:10;1;92;92012;2;1;1;7;JEAN BAPTISTE CLEMENT (AVENUE) 49/FIN -;48,84512143;2,23526828
202300001882;24;9;2023;12:10;2;92;92002;2;3;1;3;MIRABEAU (RUE);48,74401;2,29739
202300001883;25;10;2023;07:20;5;75;75116;2;1;2;6;PLACE D AUTEUIL;48,848211;2,257026
202300001884;25;9;2023;15:15;1;974;97415;1;1;3;7;Rue Hubert Delisle;-21,05792;55,308545
202300001885;25;10;2023;14:20;1;75;75113;2;3;2;1;AVENUE D IVRY;48,823312;2,365695
202300001886;22;9;2023;09:50;1;35;35236;2;3;1;3;Rue de Cotard;47,667501;-2,066583
202300001887;25;10;2023;06:19;5;75;75113;2;1;2;3;AVENUE DE LA PORTE D ITALIE;48,816934;2,360151
202300001888;25;10;2023;13:42;1;75;75111;2;2;1;6;RUE DE LA ROQUETTE;48,856774;2,377877
202300001889;17;9;2023;01:05;3;95;95529;1;1;1;3;A16;49,169408;2,228851
202300001890;25;10;2023;05:05;5;75;75110;2;7;2;1;Place du Colonel Fabien;48,877633;2,370387
202300001891;25;9;2023;08:25;1;11;11018;1;1;7;2;A61 - PK 311.180;43,220031;2,210956
202300001892;25;10;2023;08:15;1;75;75104;2;2;2;6;RUE DES ARCHIVES;48,858501;2,355256
202300001893;17;9;2023;18:25;2;33;33021;1;3;2;3;D12;44,504754;-0,137136
202300001894;22;10;2023;11:45;1;75;75103;2;3;1;3;PLACE DES VOSGES;48,856173;2,365757
202300001895;25;9;2023;06:10;3;83;83026;1;1;1;6;Autoroute A8, PK 86.000;43,40074729;6,21885431
202300001896;25;10;2023;00:30;5;94;94081;2;1;1;3;Avenue Rouget de Lisle;48,77969;2,39565
202300001897;24;9;2023;20:30;5;51;51346;2;1;1;6;16 avenue Paul Doumer;49,081653;3,751767
202300001898;25;10;2023;18:35;2;94;94073;2;3;1;3;Avenue de Fontainebleau;48,76293015;2,36852367
202300001899;24;9;2023;17:00;1;974;97412;1;1;1;1;Chemin Assing;-21,331874;55,652082
202300001900;25;9;2023;15:15;1;94;94038;2;1;8;6;Avenue Flouquet;48,77070205;2,32261464
202300001901;24;9;2023;19:00;1;27;27507;2;1;1;1;Rue de Foucrainville;48,90959;1,28054
202300001902;25;10;2023;12:00;1;93;93073;2;3;2;2;Chemin du Loup / Rue Rodin;48,95664219;2,56371081
202300001903;25;10;2023;19:30;5;93;93071;2;2;8;6;Rue Pierre Brossolette / Allée Corot;48,93472747;2,51268853
202300001904;18;9;2023;16:20;1;21;21272;1;1;1;2;A6;47,42785847;4,31753618
202300001905;25;10;2023;08:30;2;93;93073;2;1;2;6;Avenue du Parc;48,95412457;2,57273189
202300001906;25;9;2023;12:20;1;54;54127;1;1;1;6;D17b;49,478716;5,770515
202300001907;25;10;2023;21:40;5;93;93070;2;2;2;6;Avenue Gabriel Péri / Rue des Rosiers;48,90836;2,33267
202300001908;25;9;2023;09:50;1;83;83070;2;1;1;6;Avenue du General Bouvet;43,136432;6,367398
202300001909;25;10;2023;19:00;5;93;93066;2;3;1;3;Avenue Lénine / Rue Jules Védrines;48,945858;2,359384
202300001910;24;9;2023;19:30;2;50;50039;1;3;7;1;Le Hamel Dumont;48,961492;-1,134472
202300001911;25;10;2023;08:40;1;93;93062;2;1;2;3;LIVRY (AVENUE DE);48,9014;2,51934
202300001912;23;9;2023;17:05;1;56;56040;1;2;1;3;La Croix Hello;47,868312;-3,352954
202300001913;25;10;2023;17:08;1;93;93055;2;1;8;4;Avenue Jean Lolive;48,89318967;2,4130159
202300001914;24;10;2023;12:55;1;93;93053;2;1;2;6;CHANZY (RUE);48,89141286;2,46552503
202300001915;24;9;2023;10:23;1;56;56036;1;1;1;2;N/A;47,79185;-3,31579
202300001916;25;10;2023;12:25;1;93;93048;2;2;2;6;Rue Armand Carrel / Rue de la République;48,85194;2,41812
202300001917;23;10;2023;15:14;1;93;93063;2;3;2;6;Avenue Lénine / Avenue du Président Wilson;48,88370788;2,42850081
202300001918;23;9;2023;08:45;1;56;56177;1;1;1;4;Gohler;47,771414;-3,060132
202300001919;24;10;2023;17:11;1;93;93031;2;1;1;6;Avenue de Lattre de Tassigny;48,95313;2,31575
202300001920;19;9;2023;09:15;1;56;56233;1;3;1;1;Zone d’Activités de Kerran;47,593525;-2,983652
202300001921;25;10;2023;20:00;5;93;93027;2;1;8;6;Rue Suzanne Masson;48,92332299;2,38527141
202300001922;25;10;2023;08:10;2;92;92075;2;3;2;3;HOCHE (RUE);48,81531086;2,27727735
202300001923;24;9;2023;17:50;1;56;56126;1;9;1;3;D765 - Le Pont;47,526515;-2,311705
202300001924;24;10;2023;19:30;5;92;92050;2;1;1;2;GARCHES RUE DE;48,87844082;2,20561495
202300001925;25;9;2023;14:40;1;76;76446;2;1;1;3;763 Rue du Lieutenant Aubert;49,458749;1,005502
202300001926;25;10;2023;12:35;1;92;92040;2;1;2;6;ERNEST RENAN;48,82923179;2,28301384
202300001927;24;10;2023;07:50;1;92;92025;2;3;8;6;COMMERCE (RUE DU);48,91048079;2,24151564
202300001928;25;10;2023;20:20;5;92;92060;2;1;1;6;DESCARTES (AVENUE);48,77739829;2,24142534
202300001929;9;8;2023;13:20;1;81;81177;1;1;7;3;RD 59;43,693073;2,242863
202300001930;25;10;2023;11:09;1;92;92012;2;1;2;3;ANDRE MORIZET (AVENUE) 1/47 - 2/52;48,834;2,24294
202300001931;25;9;2023;01:00;3;71;71208;2;1;5;6;23 Montee Saint Martin;46,914715;5,165157
202300001932;24;10;2023;17:25;1;92;92012;2;3;1;3;POINT DU JOUR (QUAI DU);48,83106869;2,2572543
202300001933;25;10;2023;19:00;4;92;92002;2;1;8;3;GEORGES BESSE (RUE);48,73111883;2,31259096
202300001934;24;9;2023;16:50;1;61;61063;1;1;1;6;RD20;48,722999;-0,383901
202300001935;23;9;2023;16:20;1;42;42224;1;1;1;3;Route du Col de la Republique;45,345182;4,483227
202300001936;24;10;2023;21:10;5;92;92002;2;2;1;3;PRESIDENT KENNEDY (50 A LA FIN);48,73624149;2,29175341
202300001937;26;10;2023;17:40;1;80;80192;2;2;1;6;Rue d'Etinehem;49,909295;2,649593
202300001938;25;10;2023;20:15;3;51;51262;1;1;2;1;ROUTE DÉPARTEMENTALE 396;48,708238;4,600493
202300001939;25;9;2023;16:50;1;41;41280;1;1;1;3;La Marcottière;47,321036;1,777782
202300001940;26;10;2023;09:57;1;71;71222;1;1;2;7;D980;46,646273;4,451598
202300001941;15;9;2023;20:30;3;41;41280;1;1;1;5;Rue de Pruniers;47,296003;1,754917
202300001942;25;10;2023;18:08;2;19;19273;1;1;2;1;D8;45,06406333;1,56349291
202300001943;30;8;2023;20:05;1;41;41016;1;9;1;1;Rue de la Musse;47,29826;1,546623
202300001944;20;10;2023;08:05;2;56;56140;1;1;5;4;le roscoet;47,966444;-2,824978
202300001945;25;10;2023;16:45;1;31;31056;2;1;2;6;Route de Grenade;43,664317;1,371928
202300001946;23;9;2023;10:00;1;22;22235;1;1;1;6;Kroaz Martin;48,64757;-3,523812
202300001947;24;9;2023;18:15;1;39;39238;1;1;1;7;N/A;47,210778;5,500854
202300001948;6;7;2023;18:45;1;33;33226;2;1;1;6;Route de Créon;44,71519861;-0,39050817
202300001949;22;9;2023;09:45;1;44;44084;1;2;1;3;Le Chemin Noir;47,2238;-1,367405
202300001950;26;10;2023;17:50;1;71;71204;2;1;2;1;Rue Alfred Kastler;46,817426;4,856756
202300001951;24;9;2023;16:45;1;35;35211;2;1;1;3;31 Rue Chevalier Lancelot du Lac;48,023314;-2,172375
202300001952;25;10;2023;15:45;1;11;11105;2;1;1;6;5 Allée de la Pouzaque;43,033576;2,235739
202300001953;26;10;2023;16:40;1;89;89347;1;1;8;6;route départementale 36;47,413932;3,912538
202300001954;24;9;2023;18:30;1;29;29184;1;1;6;6;Route de Kerlaudy;48,63627764;-3,9780699
202300001955;25;10;2023;11:00;1;89;89034;1;1;2;1;D965;47,812477;3,715224
202300001956;26;10;2023;12:44;1;63;63178;2;1;2;3;Avenue Pierre Mendes-France;45,551644;3,258187
202300001957;24;9;2023;12:45;1;29;29166;1;1;1;3;Kervennou;48,152917;-4,202721
202300001958;23;10;2023;11:00;1;22;22345;1;1;2;6;D6, le Vallain;48,335934;-2,569513
202300001959;25;10;2023;17:00;1;39;39190;1;1;2;7;N/A;47,163346;5,741563
202300001960;25;9;2023;07:25;2;29;29260;1;3;1;3;Rue de l'Etain;48,446686;-4,622658
202300001961;26;10;2023;12:30;1;29;29020;1;2;1;3;Les Trois Croix;48,12239496;-4,01964535
202300001962;26;10;2023;13:11;1;29;29075;2;1;1;6;44 allée des Camélias;48,434292;-4,40963
202300001963;24;9;2023;19:50;4;2;2600;1;1;1;1;N/A;49,646632;3,773632
202300001964;24;10;2023;16:16;1;66;66009;1;1;1;1;N/A;42,464142;2,64587
202300001965;24;9;2023;10:45;1;70;70355;1;1;1;6;L'Abbayotte;47,42565449;5,99978238
202300001966;19;10;2023;09:55;1;14;14570;1;2;1;3;Valorbiquet;49,058986;0,335078
202300001967;25;9;2023;11:18;1;58;58083;2;1;7;6;Place du Champ de Foire;47,254529;3,684189
202300001968;25;10;2023;19:30;5;14;14623;2;2;2;3;17 Route d'Harcourt;49,116448;-0,374312
202300001969;23;9;2023;15:00;1;58;58178;1;1;1;6;Départementale 18;46,966021;3,644543
202300001970;26;10;2023;08:28;2;50;50110;1;1;3;1;le pont caudel;49,19002;-0,920459
202300001971;24;9;2023;16:05;1;54;54059;1;1;7;7;D44;48,84172913;6,16779327
202300001972;26;10;2023;15:30;1;18;18017;1;1;2;2;N/A;46,779531;2,858907
202300001973;26;10;2023;02:20;3;85;85139;2;2;1;6;31 Rue Principale;46,335149;-0,675959
202300001974;19;9;2023;13:30;1;50;50177;1;2;1;1;Le Grand Chemin;49,381926;-1,43687
202300001975;24;9;2023;01:15;3;50;50363;1;1;1;7;1650 Route de l?Aubannerie;49,004979;-1,098703
202300001976;25;10;2023;08:25;1;30;30088;1;1;1;5;D999;43,860819;4,109166
202300001977;26;10;2023;18:30;2;64;64430;1;1;3;6;A64;43,478787;-0,782239
202300001978;24;9;2023;10:30;1;83;83044;1;1;1;1;D955;43,682258;6,510451
202300001979;24;9;2023;20:00;3;45;45045;1;1;1;7;D30 PR 3 + 800;48,09092094;2,27094626
202300001980;26;10;2023;07:00;3;34;34298;1;1;8;4;N/A;43,306553;3,240423
202300001981;25;10;2023;18:30;3;69;69013;1;1;3;6;Autoroute 6;46,002417;4,73412
202300001982;25;9;2023;19:45;3;73;73096;1;3;1;1;D1006;45,513941;6,091769
202300001983;25;10;2023;15:50;1;2B;2B307;1;1;1;5;ROUTE TERRITORIALE 10;42,385113;9,530393
202300001984;25;10;2023;15:40;1;83;83071;2;6;1;7;Rond Point Chateau Vert;43,14435873;6,24933289
202300001985;24;9;2023;22:00;3;43;43152;1;1;1;5;D13;45,100945;3,850608
202300001986;26;10;2023;12:10;1;83;83143;1;1;1;3;D562;43,452272;6,105958
202300001987;24;9;2023;14:30;1;7;7011;1;1;1;7;578;44,716555;4,358963
202300001988;17;10;2023;16:06;1;21;21132;1;1;1;7;Chambœuf;47,225106;4,908786
202300001989;27;5;2023;09:30;1;21;21500;1;2;1;3;CD 9;47,506867;4,459781
202300001990;25;10;2023;17:12;1;10;10300;1;1;8;1;D50;48,430706;4,364732
202300001991;22;9;2023;16:20;1;40;40080;2;7;7;6;Place de l'Ancienne Bastide;43,760773;-0,316721
202300001992;25;10;2023;12:10;1;38;38545;2;4;1;1;1 Rue des Astragales;45,056186;5,66739
202300001993;26;10;2023;15:20;1;7;7264;1;1;8;6;D86;44,336931;4,641818
202300001994;24;9;2023;11:45;1;37;37033;1;1;1;6;Voie Communale 1;46,86336;0,899806
202300001995;25;10;2023;10:45;1;69;69255;1;4;8;3;Route d’Yzeron;45,726907;4,655462
202300001996;25;9;2023;15:30;1;48;48092;2;4;1;3;27 Avenue du Docteur de Framont;44,571706;3,284618
202300001997;26;10;2023;05:15;3;33;33498;2;3;3;3;Route de Badet;44,546124;-0,8543
202300001998;24;9;2023;04:00;3;987;98752;1;1;2;6;PK 54;-17,722;-149,399
202300001999;16;10;2023;17:55;1;27;27165;2;1;1;6;Route de Sainte-marguerite;48,954805;0,935136
202300002000;23;10;2023;19:35;5;59;59237;2;1;2;6;Route Nationale;50,753825;2,645093
202300002001;24;9;2023;08:15;2;24;24370;2;1;7;2;56 Avenue du Périgord;44,844958;0,156952
202300002002;26;10;2023;12:35;1;59;59051;1;6;8;7;Route de Lille;50,5420076;2,82006456
202300002003;24;9;2023;17:50;1;69;69027;2;1;1;6;Avenue Ferdinand Gaillard;45,675932;4,755358
202300002004;25;10;2023;01:00;3;69;69259;1;1;1;2;Boulevard Périphérique Laurent Bonnevay;45,71868;4,87299
202300002005;24;9;2023;08:20;1;987;98712;2;1;1;3;avenue ariipaea pomare ;-17,279;-149,542
202300002006;25;10;2023;18:15;1;91;91689;1;1;1;2;AUTOROUTE A6;48,72309;2,31192
202300002007;25;10;2023;16:30;1;91;91179;1;1;1;7;AUTOROUTE A6;48,5622;2,48104
202300002008;23;9;2023;10:35;1;11;11202;2;6;1;3;Avenue de septimanie;42,853548;3,035429
202300002009;25;10;2023;14:15;1;91;91136;1;1;8;7;AUTOROUTE A10;48,71067;2,28695
202300002010;25;9;2023;01:40;3;988;98823;1;1;1;6;Tribu de NEOUTA;-21,05515;165,39261
202300002011;25;10;2023;11:35;1;91;91228;1;1;1;3;RN 104;48,62533065;2,41809726
202300002012;25;10;2023;09:48;1;91;91521;1;1;1;7;RN 441;48,64220099;2,39358187
202300002013;6;8;2023;07:00;1;986;98613;2;9;1;3;Utufua;-13,285;-176,207
202300002014;25;10;2023;07:35;5;75;75113;1;1;2;6;A6B;48,816409;2,358981
202300002015;25;10;2023;05:10;4;91;91179;1;1;2;2;RN 337;48,56;2,48445
202300002016;22;9;2023;14:00;1;971;97125;1;1;1;3;Desbonnes;16,285005;-61,287414
202300002017;23;10;2023;21:10;3;78;78640;1;1;1;6;A86 EXT;48,777995;2,214251
202300002018;20;9;2023;16:20;1;29;29230;1;1;2;1;Penn ar Prat;47,928116;-3,549783
202300002019;25;9;2023;09:20;1;77;77153;2;9;1;1;D401;49,054271;2,694208
202300002020;24;9;2023;05:55;4;95;95592;2;1;1;1;D913;49,024752;1,873217
202300002021;24;9;2023;16:45;1;66;66030;1;1;1;6;D614A;42,726287;2,780603
202300002022;23;9;2023;22:20;3;11;11001;1;1;1;6;N/A;43,22479;2,533937
202300002023;24;9;2023;17:52;1;84;84003;1;1;1;6;D943;43,870109;5,374535
202300002024;24;9;2023;11:40;1;4;4152;1;1;1;7;Chemin de Montfuron;43,808955;5,724456
202300002025;21;9;2023;22:20;3;26;26002;1;1;2;5;Autoroutes A7 PK 033+000;45,241899;4,841924
202300002026;25;9;2023;07:35;1;67;67067;2;2;1;6;Rue de la Paix;48,734898;7,703953
202300002027;25;9;2023;08:10;2;54;54519;2;1;1;1;Rue d'Alsace;48,41207632;6,81017697
202300002028;6;9;2023;08:20;1;69;69056;2;3;7;3;Impasse des Saillants;45,888739;4,613131
202300002029;25;9;2023;15:40;1;69;69099;1;3;1;3;1940  Route de Saint Laurent;45,733239;4,424939
202300002030;25;9;2023;08:25;1;31;31161;1;3;1;3;intersection rd 813 chemin des monges;43,488214;1,529632
202300002031;20;9;2023;06:30;3;33;33184;1;2;1;3;les forgettes;45,168622;-0,543593
202300002032;24;9;2023;19:05;1;44;44073;1;2;1;3;Le Bois Sicard;47,457896;-1,690071
202300002033;22;9;2023;18:50;1;29;29161;1;1;1;1;Route de Goarem Kergrimen;47,919621;-4,027659
202300002034;24;9;2023;09:47;1;13;13001;1;1;1;6;A51-Sens Marseille vers Aix en Provence;43,5032484;5,40804365
202300002035;24;9;2023;06:40;3;13;13026;1;1;1;1;A55-Sens Marseille vers Martigues;43,40117;5,10344
202300002036;21;8;2023;20:48;1;10;10081;2;3;1;3;OUEST (BD);48,30554891;4,02666092
202300002037;21;8;2023;14:42;1;10;10081;2;1;1;6;PRESIDENT RENE COTY;48,31809;4,0375
202300002038;20;8;2023;04:50;5;6;6159;2;1;1;6;IMPERATRICE ANNA FEODOROVNA;43,702191;7,311298
202300002039;20;8;2023;12:50;1;6;6123;2;1;1;6;FAHNESTOCK G. CORNICHE;43,67432;7,1849
202300002040;20;8;2023;04:55;4;6;6155;2;2;1;7;LIBERTE AV.DE LA;43,569556;7,077167
202300002041;22;8;2023;18:53;1;6;6155;2;1;1;1;POSTE AV.DE LA;43,56875;7,07299
202300002042;21;8;2023;20:30;1;75;75119;2;1;1;3;PORTE D AUBERVILLIERS;48,900606;2,373933
202300002043;23;8;2023;12:30;1;75;75106;2;2;1;3;RUE DE SEVRES;48,850233;2,324167
202300002044;21;8;2023;14:20;1;75;75106;2;2;1;3;BOULEVARD SAINT GERMAIN;48,852093;2,340315
202300002045;23;8;2023;18:50;1;75;75120;2;1;2;3;BD PERIPHERIQUE INTERIEUR;48,849206;2,414929
202300002046;21;8;2023;13:10;1;75;75120;2;4;1;7;AVENUE IBSEN;48,866486;2,412668
202300002047;21;8;2023;17:40;1;75;75119;2;7;1;7;PLACE SKANDERBEG;48,900387;2,370399
202300002048;21;8;2023;14:50;1;75;75119;2;3;1;7;BOULEVARD DE LA VILLETTE;48,878432;2,370451
202300002049;23;8;2023;05:40;2;75;75118;2;1;1;1;BOULEVARD NEY;48,898695;2,367626
202300002050;23;8;2023;09:05;1;75;75117;2;3;1;6;RUE GUERSANT;48,88152;2,289212
202300002051;22;8;2023;19:10;1;75;75116;2;2;1;3;BOULEVARD MURAT;48,837105;2,260132
202300002052;22;8;2023;15:45;1;75;75116;2;2;1;3;AVENUE MARCEAU;48,867456;2,299239
202300002053;23;8;2023;16:25;1;75;75115;2;3;1;2;BOULEVARD LEFEBVRE;48,828179;2,302783
202300002054;23;8;2023;08:15;1;75;75115;2;1;7;3;QUAI D ISSY LES MOULINEAUX;48,83514541;2,26635933
202300002055;21;8;2023;18:30;1;75;75115;2;1;1;7;AVENUE DE LA PORTE DE SEVRES;48,835136;2,277845
202300002056;23;8;2023;12:20;1;75;75114;2;5;1;6;AVENUE DU MAINE;48,837542;2,322941
202300002057;23;8;2023;20:10;5;75;75115;2;1;1;6;PORT DE JAVEL BAS;48,846621;2,276936
202300002058;23;8;2023;20:50;5;75;75112;2;3;1;6;RUE DES MEUNIERS;48,834176;2,397716
202300002059;21;8;2023;09:10;1;75;75116;2;9;1;3;VOIE GEORGES POMPIDOU;48,853316;2,281972
202300002060;21;8;2023;00:30;5;75;75107;2;1;1;6;PONT D IENA;48,859456;2,292652
202300002061;23;8;2023;18:10;1;94;94041;2;1;1;6;Rue Carnot;48,80802566;2,37068331
202300002062;17;8;2023;09:25;1;94;94041;2;9;1;3;Boulevard de Stalingrad;48,80592;2,37602
202300002063;23;8;2023;17:40;1;94;94021;2;1;1;2;Avenue Georges Guynemer;48,763618;2,339251
202300002064;16;8;2023;11:41;1;94;94028;2;1;1;2;Rue des Mèches;48,7923;2,4577
202300002065;23;8;2023;20:55;2;94;94022;2;2;1;3;Avenue Victor Hugo;48,76881;2,42073
202300002066;23;8;2023;14:40;1;93;93066;2;2;1;1;Rue Gabriel Péri / Rue Franciade;48,93252323;2,35565076
202300002067;23;8;2023;06:45;2;93;93066;2;3;1;3;Boulevard de la Libération / Rue Michael Faraday;48,92254366;2,34324151
202300002068;23;8;2023;06:50;2;93;93050;2;9;1;3;Boulevard du Marechal Foch;48,85376;2,517723
202300002069;23;8;2023;17:35;1;93;93048;2;1;1;6;Bd Paul Vaillant Couturier;48,865604;2,44385
202300002070;22;8;2023;21:20;5;93;93063;2;3;1;3;Avenue Lénine / Rue Vassou;48,8847;2,431
202300002071;23;8;2023;14:10;1;93;93010;2;3;1;3;GALLIENI (AV.) DE 1 A 109;48,904252;2,472506
202300002072;22;8;2023;17:15;1;93;93001;2;3;1;1;Rue de Saint Denis / Rue de Valmy;48,92102665;2,37692771
202300002073;14;8;2023;16:15;1;92;92078;2;2;8;3;VERDUN (AVENUE) (PAIRS 92 ET PLUS);48,93486443;2,32484132