Num_Acc;jour;mois;an;hrmn;lum;dep;com;agg;int;atm;col;adr;lat;long
202300002074;22;8;2023;18:17;1;92;92073;2;1;1;3;LOUCHEUR (BOULEVARD LOUIS);48,86049799;2,21321797
202300002075;15;8;2023;19:55;1;92;92072;2;1;1;6;BRUYERES (RUE DES);48,8210288;2,21881092
202300002076;23;8;2023;16:50;1;92;92063;2;9;1;3;MONTBRISON (RUE DU LIEUTENANT COLONEL DE;48,85944556;2,19464564
202300002077;23;8;2023;01:45;5;92;92051;2;1;1;6;CHARLES DE GAULLE (AVENUE, N° 18 A 116);48,88069412;2,27409929
202300002078;23;8;2023;09:50;1;92;92044;2;1;1;3;ANA.FRANCE(RUE) 141+ ET 126 +;48,89861;2,27913
202300002079;23;8;2023;19:29;1;92;92025;2;3;1;6;STALINGRAD (AV DE);48,92781231;2,27181718
202300002080;16;8;2023;10:10;1;92;92024;2;2;1;6;VICTOR MERIC (RUE);48,90122698;2,30540916
202300002081;23;8;2023;12:00;1;92;92012;2;1;1;6;ANDRE MORIZET (AVENUE) - 49/FIN - 54/FIN;48,83690491;2,23635776
202300002082;16;8;2023;09:22;1;92;92012;2;1;1;6;PARIS (RUE DE) 1/97 - 2/114;48,8399956;2,24561244
202300002083;23;8;2023;12:55;1;39;39437;1;1;1;5;N/A;46,718145;5,785612
202300002084;21;8;2023;16:40;1;14;14162;1;1;1;6;La Lande;48,899832;-0,462917
202300002085;23;8;2023;03:00;3;83;83072;1;1;1;6;2050 Route de Salernes;43,507597;6,339286
202300002086;24;8;2023;06:45;2;66;66190;1;1;1;2;N/A;42,808121;2,902966
202300002087;22;8;2023;12:00;1;988;98812;1;1;1;6;RT1;-20,504923;164,259971
202300002088;21;8;2023;18:05;1;10;10350;2;1;7;6;Rue du Professeur d'Hérelle;48,172411;3,796731
202300002089;22;8;2023;19:00;1;62;62614;1;2;1;6;D 943;50,83773421;2,01754689
202300002090;24;8;2023;07:06;1;63;63264;1;1;1;6;D983;45,64948728;2,85204548
202300002091;23;8;2023;08:10;1;63;63004;2;1;1;6;Avenue du Plan d'Eau;45,925606;2,80977
202300002092;23;8;2023;19:25;1;55;55557;1;1;1;7;A4 - sens PARIS/METZ - PK 271.300;49,126817;5,626127
202300002093;24;8;2023;09:06;1;79;79174;1;3;7;3;N/A;46,215101;-0,141953
202300002094;24;8;2023;20:00;2;83;83070;1;1;1;1;D559;43,149658;6,415833
202300002095;18;8;2023;16:35;1;83;83070;2;3;1;1;379 route de Benat;43,13520205;6,35132392
202300002096;21;8;2023;19:30;2;65;65133;1;1;1;6;Route du Tourtou;43,319599;0,16034
202300002097;22;8;2023;11:50;1;38;38342;1;1;1;1;Ruisseau du Gravenon, RD 1075;44,888297;5,615105
202300002098;24;8;2023;08:30;1;62;62376;1;1;8;6;D 937;50,56217722;2,60363531
202300002099;21;8;2023;12:02;1;37;37179;1;1;1;5;autoroute a10;47,45446186;0,75288534
202300002100;24;8;2023;17:30;1;83;83116;2;1;1;6;Chemin du Real Vieux;43,452855;5,858958
202300002101;21;8;2023;21:30;5;91;91553;2;3;1;1;Route de St Germain Rd 947;48,617932;2,483724
202300002102;21;8;2023;19:25;1;51;51545;1;1;1;6;D977;48,724178;4,202737
202300002103;20;8;2023;13:00;1;19;19181;1;1;1;7;RD 128;45,477948;1,844029
202300002104;24;8;2023;16:00;1;56;56005;2;1;1;7;Rue Centrale;47,549592;-2,893667
202300002105;11;8;2023;14:30;1;77;77020;1;9;1;3;N4;48,692561;3,186051
202300002106;23;8;2023;15:50;1;76;76328;1;2;1;2;D151;49,655752;1,179928
202300002107;22;8;2023;11:30;1;2B;2B049;1;1;1;1;route de calenzana;42,535374;8,813438
202300002108;22;8;2023;10:00;1;2B;2B318;1;9;1;2;San Piovanaccio;42,440323;9,510389
202300002109;20;8;2023;21:30;3;80;80163;1;1;1;6;D3;50,121871;1,749744
202300002110;24;8;2023;00:45;4;65;65388;2;1;1;6;rd929 routed'autun;42,824255;0,331199
202300002111;22;8;2023;09:27;1;65;65470;1;3;1;1;Rd 921B;43,064855;-0,043194
202300002112;22;8;2023;13:30;1;55;55012;1;1;1;7;D908;48,857021;5,648453
202300002113;23;8;2023;17:10;1;49;49086;2;1;1;1;Rue de la bâte;47,27275;-0,454466
202300002114;23;8;2023;11:00;1;12;12171;1;1;7;1;D901;44,5252;2,413387
202300002115;24;8;2023;11:00;1;42;42181;1;1;1;6;Route de Montagny;45,99932022;4,21767578
202300002116;22;8;2023;12:30;1;42;42262;1;1;1;3;Route de Périgneux;45,40978133;4,18734211
202300002117;24;8;2023;09:10;1;47;47203;1;1;7;1;309 Route de Tournon;44,38443397;0,81635469
202300002118;23;8;2023;12:43;1;39;39328;1;1;1;7;N/A;46,503204;5,715369
202300002119;21;8;2023;15:55;1;39;39401;2;3;1;3;12 Rue du Château;46,905502;5,590496
202300002120;24;8;2023;12:40;1;25;25440;1;1;1;1;N57;47,002471;6,326795
202300002121;22;8;2023;07:42;2;29;29202;1;6;1;2;Roc’h Tredudon;48,41206091;-3,8953865
202300002122;24;8;2023;10:25;1;31;31589;1;1;1;6;D813;43,439537;1,651238
202300002123;23;8;2023;18:50;1;38;38163;1;9;1;6;Le Pleynet (Plateforme);45,272246;6,055323
202300002124;21;8;2023;21:50;3;2;2556;1;1;1;6;D18;49,677362;4,100819
202300002125;22;8;2023;17:25;1;2;2527;2;1;1;6;Rue des Vignes;49,456336;3,195562
202300002126;24;8;2023;16:30;1;3;3089;2;1;1;6;Place de l’Ecole;46,218716;3,012699
202300002127;29;7;2023;15:00;1;15;15188;1;1;1;6;D74;45,004952;3,171498
202300002128;21;8;2023;14:50;1;58;58080;1;1;1;7;D958, PK28+285;47,190161;3,648641
202300002129;21;8;2023;19:20;1;66;66179;1;1;1;1;départementale D3;42,370435;2,623133
202300002130;23;8;2023;20:30;2;72;72363;1;1;1;6;fief barry;48,10330215;0,50367236
202300002131;23;8;2023;09:45;1;72;72386;2;6;7;3;Avenue du Mans;48,00147363;0,2462554
202300002132;24;8;2023;20:30;5;14;14678;1;1;2;2;Route d'Argences;48,975553;-0,24046
202300002133;24;8;2023;10:40;1;14;14092;2;1;2;6;la Hogue;49,116422;-0,272872
202300002134;23;8;2023;17:30;1;50;50092;1;1;1;7;départementale 141;49,064071;-1,406153
202300002135;5;5;2023;12:15;1;6;6088;2;2;7;4;TURIN (RTE DE);43,71579;7,28445
202300002136;5;5;2023;22:00;5;6;6085;2;1;1;3;CAMPELIERES (CHEMIN DES);43,5805662;7,0067371
202300002137;4;5;2023;12:45;1;75;75112;2;1;1;3;ECHANGEUR BERCY;48,827141;2,39103
202300002138;4;5;2023;09:30;1;75;75106;2;3;1;3;RUE DE VAUGIRARD;48,84930393;2,33731717
202300002139;5;5;2023;12:45;1;75;75119;2;2;1;3;BOULEVARD D INDOCHINE;48,883642;2,396997
202300002140;28;11;2023;17:45;2;92;92025;2;3;1;3;ROUGET DE L'ISLE (RUE);48,921;2,24981
202300002141;5;5;2023;05:55;2;75;75119;2;1;1;6;PLACE DES FETES;48,876881;2,394327
202300002142;28;11;2023;12:27;1;92;92025;2;2;1;3;AGRICULTURE (RUE DE L');48,9132;2,23917
202300002143;5;5;2023;01:05;5;75;75119;2;2;1;3;RUE D AUBERVILLIERS;48,889687;2,368118
202300002144;24;11;2023;17:20;2;62;62447;2;1;1;6;D340;50,371686;2,043913
202300002145;5;5;2023;11:45;1;75;75115;2;2;1;3;RUE FIZEAU;48,831281;2,302468
202300002146;22;11;2023;04:45;3;38;38157;1;3;1;3;Rue des Potiers;45,4963;4,933301
202300002147;5;5;2023;09:50;1;75;75115;2;2;1;3;BOULEVARD DE VAUGIRARD;48,840448;2,315133
202300002148;29;11;2023;06:39;2;38;38238;2;2;1;1;Route des Cerisiers;45,493349;5,046756
202300002149;28;11;2023;20:25;3;2;2009;1;1;1;6;N/A;49,766908;3,356667
202300002150;5;5;2023;20:55;5;75;75112;2;5;2;4;RUE VAN GOGH;48,843418;2,370749
202300002151;29;11;2023;11:00;1;40;40304;2;1;1;6;328 Avenue des Pervenches;43,670305;-1,438399
202300002152;5;5;2023;08:30;1;75;75111;2;7;8;2;PLACE LEON BLUM;48,85794461;2,38032103
202300002153;28;11;2023;12:30;1;57;57232;1;1;1;1;D22;48,978203;6,799153
202300002154;5;5;2023;15:00;1;75;75110;2;2;1;1;RUE DU FAUBOURG SAINT DENIS;48,871572;2,353621
202300002155;28;11;2023;21:40;5;11;11203;2;3;9;3;N/A;43,205291;2,755149
202300002156;5;5;2023;19:40;2;75;75101;2;3;2;2;BOULEVARD DE SEBASTOPOL;48,861984;2,350172
202300002157;8;9;2023;15:30;1;36;36033;1;1;1;6;N/A;46,50995032;1,5070412
202300002158;5;5;2023;18:30;1;75;75102;2;2;1;7;RUE D ABOUKIR;48,867571;2,346374
202300002159;5;5;2023;20:20;1;94;94068;2;1;1;3;Rue Traversière;48,80425386;2,47119065
202300002160;28;11;2023;09:45;1;71;71420;1;3;2;3;Rue de la Poste;46,698104;4,979017
202300002161;5;5;2023;11:45;1;94;94068;2;2;1;6;Avenue du Bac;48,79275;2,51667
202300002162;28;11;2023;23:00;3;30;30331;1;1;1;6;d5;44,109128;4,574561
202300002163;5;5;2023;13:10;1;94;94015;2;6;8;3;Boulevard Pasteur;48,83194474;2,5329929
202300002164;28;11;2023;18:45;3;57;57602;1;1;1;1;D1;49,250462;6,203139
202300002165;5;5;2023;20:30;2;94;94073;2;9;1;3;Boulevard du Nord;48,758562;2,370985
202300002166;5;5;2023;07:10;2;94;94033;2;1;2;7;  Av. du Maréchal de Lattre de Tassigny;48,8581;2,49136
202300002167;13;11;2023;19:30;3;95;95612;1;1;1;7;D47;49,001555;2,464505
202300002168;5;5;2023;20:02;1;94;94071;2;1;8;6;Rue Henri Dunant;48,766254;2,528959
202300002169;25;11;2023;09:05;2;76;76014;1;1;7;6;D125;49,59267763;0,26947975
202300002170;5;5;2023;10:00;1;93;93078;2;1;2;6;Chemin des Fontaines;48,9648;2,53225
202300002171;4;5;2023;14:05;1;93;93078;2;6;1;2;Avenue Georges Clémenceau / Boulevard Robert Ballanger;48,96155;2,555
202300002172;29;11;2023;06:00;3;76;76449;1;3;1;3;D929;49,671804;1,165484
202300002173;5;5;2023;08:00;1;93;93005;2;1;2;3;Route de Mitry;48,94602499;2,51023656
202300002174;29;11;2023;06:30;3;79;79185;1;1;1;2;N/A;46,274642;-0,240133
202300002175;25;11;2023;00:55;3;63;63364;1;1;1;6;D2089;45,827483;3,447454
202300002176;4;5;2023;22:50;5;93;93070;2;2;1;6;Boulevard Jean Jaurès / Rue du Docteur Bauer;48,9129;2,33506
202300002177;5;5;2023;14:00;1;93;93051;2;3;1;3;Avenue du Pave Neuf / Allee Fernand Leger;48,8403;2,5568
202300002178;29;11;2023;11:55;1;55;55570;1;2;1;3;D901;48,884924;5,413663
202300002179;5;5;2023;20:15;2;93;93048;2;1;2;6;Rue de la Révolution;48,8557;2,42893
202300002180;29;11;2023;08:00;2;49;49218;2;3;1;1;Rue de Bel-Air (Chaudron-en-Mauges);47,288483;-0,974275
202300002181;4;5;2023;23:40;5;93;93063;2;1;1;3;56 Rue de Benfleet;48,87894;2,4393
202300002182;28;11;2023;20:45;3;42;42081;1;1;1;6;Route de Saint Galmier;45,609296;4,270183
202300002183;5;5;2023;07:10;2;93;93031;2;9;2;3;Avenue de Jarrow;48,95272438;2,33026293
202300002184;4;11;2023;17:00;2;34;34150;2;1;1;3;Impasse de la Gare;43,320635;3,53624
202300002185;5;5;2023;18:45;1;93;93029;2;1;1;6;29 Rue Roger Petieu;48,92314;2,44853
202300002186;28;11;2023;08:30;1;44;44166;1;3;1;5;Route des champs;47,184878;-1,736248
202300002187;4;5;2023;20:20;1;93;93027;2;2;1;3;Avenue Paul Vaillant Couturier / Rue Edouard Renard;48,9180693;2,40776271
202300002188;28;11;2023;10:00;1;44;44158;2;6;1;7;36 Rue du Temple;47,279615;-1,781502
202300002189;4;5;2023;04:45;5;93;93046;2;2;1;1;Rue Pachot Lainé / Avenue Liégeard;48,92459;2,53846
202300002190;28;11;2023;17:00;1;29;29015;2;1;1;7;8 Rue de Brest;48,498334;-4,504589
202300002191;5;5;2023;18:15;1;93;93005;2;3;1;3;Rue du Docteur Fleming / Rue du Docteur Jean Perlis;48,9529086;2,51745533
202300002192;27;11;2023;18:50;5;64;64547;2;1;3;1;Rue de Hiribehere;43,403247;-1,460087
202300002193;5;5;2023;18:10;1;92;92073;2;1;1;3;DASSAULT (QUAI MARCEL);48,860703;2,224837
202300002194;5;5;2023;22:00;5;92;92033;2;1;3;7;HENRI REGNAULT;48,8486;2,19056
202300002195;28;11;2023;18:45;3;73;73270;1;2;2;3;D1006;45,551984;6,160197
202300002196;4;5;2023;16:20;1;92;92036;2;1;1;6;GABRIEL PERI (AVENUE) (131/145);48,922363;2,294843
202300002197;29;11;2023;13:55;1;10;10328;1;1;1;4;D960;48,353982;4,263575
202300002198;4;5;2023;11:55;1;92;92036;2;2;1;6;LOUIS CALMEL (RUE) (1);48,926715;2,294667
202300002199;5;5;2023;18:10;1;92;92025;2;1;1;3;VALMY (BD DE);48,930866;2,255192
202300002200;29;11;2023;17:05;2;7;7007;1;1;1;5;D14;44,932542;4,753647
202300002201;5;5;2023;15:25;1;92;92025;2;2;1;3;PRESIDENT SALVADOR ALLENDE (RUE DU);48,91838;2,2243
202300002202;29;11;2023;15:30;1;7;7338;1;9;1;6;D21;44,906271;4,621167
202300002203;28;11;2023;22:55;3;53;53153;1;1;1;7;le brindeau;48,186504;-0,440252
202300002204;4;5;2023;18:00;1;92;92024;2;2;1;3;VICTOR HUGO (BD);48,89742;2,3105
202300002205;29;11;2023;16:20;1;23;23057;1;1;1;6;Soumeranges;46,311523;2,004522
202300002206;4;5;2023;05:42;5;92;92004;2;1;1;7;BERNARD JUSSIEU ( RUE );48,92780405;2,27796525
202300002207;27;11;2023;11:48;1;73;73082;1;1;1;6;Autoroute A 43;45,495292;6,062441
202300002208;6;5;2023;12:30;1;60;60040;1;9;1;3;D152;49,414994;2,600305
202300002209;28;11;2023;19:05;3;1;1031;1;1;1;3;A404;46,249352;5,62434
202300002210;5;5;2023;19:10;1;37;37147;1;1;1;2;la Motte;47,05453034;0,54139853
202300002211;29;11;2023;12:15;1;44;44028;1;6;1;6;Rond-point de la joie;47,340484;-1,349151
202300002212;6;5;2023;17:20;1;47;47145;1;1;1;6;D17;44,13872534;0,66303365
202300002213;28;11;2023;14:55;1;38;38062;1;1;2;2;Autoroute A41 s Point kilometrique 030.500;45,404416;5,996475
202300002214;6;5;2023;16:58;1;54;54264;1;9;1;7;D50;48,54214956;6,09342845
202300002215;27;11;2023;19:40;3;978;97801;1;1;1;6;R DES TERRES BASSES;18,061333;-63,131078
202300002216;5;5;2023;19:10;1;86;86183;2;1;1;6;D910;46,970823;0,606391
202300002217;6;5;2023;20:35;2;28;28018;1;1;3;6;A11 - PK 116.300;48,197508;0,871466
202300002218;30;10;2023;18:30;3;37;37072;1;2;1;1;D751;47,18672792;0,22253752
202300002219;5;5;2023;20:57;2;22;22093;1;1;1;3;RN12;48,46125;-2,539
202300002220;29;11;2023;11:57;1;91;91200;2;1;1;6;1 Rue Gautreau;48,530862;2,014945
202300002221;6;5;2023;01:40;3;974;97410;1;1;1;6;Route Nationale 2;-21,013849;55,691457
202300002222;28;11;2023;12:30;1;91;91405;2;4;1;6;Place du Marché;48,401664;2,470341
202300002223;29;11;2023;07:40;2;78;78090;1;3;1;3;rd113;48,956791;1,893758
202300002224;6;5;2023;13:45;1;50;50048;1;1;1;6;A84 pr 198 sens CAEN vers RENNES;48,877791;-1,154793
202300002225;29;11;2023;07:35;2;71;71371;1;2;5;3;Chemin de Nancelle;46,349657;4,762294
202300002226;29;11;2023;06:40;3;42;42094;2;1;5;6;Rue René Cassin;45,744231;4,232408
202300002227;5;5;2023;14:50;1;51;51181;1;1;1;4;D228;49,267349;3,832523
202300002228;6;5;2023;06:05;1;95;95527;1;6;1;2;D902A;49,005845;2,504797
202300002229;28;11;2023;07:50;1;7;7245;2;1;1;6;avenue de provence;45,075278;4,81644
202300002230;3;5;2023;16:00;1;79;79202;2;1;1;6;N/A;46,648269;-0,241533
202300002231;29;11;2023;11:10;1;1;1262;2;1;1;1;Avenue des Platanes;45,848906;5,060835
202300002232;6;5;2023;18:15;1;80;80609;1;1;1;6;7 Grand Rue le Festel;50,159178;2,010065
202300002233;29;11;2023;07:45;3;76;76418;1;1;2;7;D40;49,54939238;0,68654895
202300002234;5;5;2023;17:15;1;81;81124;1;1;1;6;pintou;43,688108;2,636933
202300002235;28;11;2023;22:00;5;62;62892;2;1;1;2;D50;50,35698228;2,83894254
202300002236;6;5;2023;11:20;1;71;71198;1;1;1;1;Route de Sellieres;46,581673;5,378805
202300002237;6;5;2023;13:15;1;71;71490;1;1;1;6;RN 70 les chèvres;46,516764;4,163003
202300002238;24;11;2023;18:06;5;59;59550;2;8;2;6;Rue Jules Ferry;50,541833;2,838319
202300002239;28;11;2023;06:25;5;13;13210;1;1;1;6;A507 sens Aubagne- Marseille;43,28636773;5,425318
202300002240;5;5;2023;19:00;1;89;89318;1;1;1;2;Villiers les Potots;47,402265;3,989587
202300002241;6;5;2023;17:40;1;61;61298;2;2;2;3;Voie Communale;48,759852;-0,066014
202300002242;3;11;2023;12:15;1;69;69199;1;1;1;4;Boulevard Périphérique Laurent Bonnevay;45,7166;4,85245
202300002243;23;11;2023;14:10;1;69;69029;1;1;1;4;Boulevard Périphérique Laurent Bonnevay;45,74369788;4,90587408
202300002244;6;5;2023;16:30;1;42;42091;1;4;1;1;Route du Musée;45,417491;3,993101
202300002245;6;5;2023;17:11;1;39;39557;1;1;1;7;N/A;46,360299;5,636966
202300002246;27;11;2023;18:10;3;67;67152;1;1;2;5;N/A;48,52784883;7,69407721
202300002247;6;5;2023;07:30;1;25;25560;1;6;5;6;Route de Belfort;47,271395;6,084055
202300002248;22;11;2023;08:30;1;67;67482;1;1;1;4;M351;48,58692;7,71543
202300002249;3;5;2023;17:30;1;44;44131;2;6;1;3;46 Rue de la Fontaine aux Bretons;47,10422204;-2,06595004
202300002250;27;11;2023;08:00;3;62;62498;1;1;2;2;A21;50,43800419;2,84750853
202300002251;5;5;2023;18:20;1;54;54491;1;3;1;3;RD 156;49,363497;5,928401
202300002252;22;11;2023;18:45;4;62;62624;1;1;1;3;A1;50,4177;2,98537
202300002253;5;5;2023;18:00;1;50;50110;1;1;8;6;D8 LES LANDES;49,197112;-0,948944
202300002254;28;11;2023;19:45;3;94;94038;1;1;1;5;A6B;48,78814065;2,3444426
202300002255;6;5;2023;15:55;1;64;64538;2;1;1;1;D933;43,15948;-1,244937
202300002256;28;11;2023;11:21;1;91;91228;1;1;1;6;AUTOROUTE A6;48,61947;2,42614
202300002257;5;5;2023;21:42;3;10;10063;1;1;1;2;D443;48,357582;4,533212
202300002258;28;11;2023;13:55;1;92;92078;1;1;1;3;AUTOROUTE A86;48,9281997;2,33143165
202300002259;28;11;2023;07:55;1;93;93006;1;1;1;2;AUTOROUTE A3;48,86596656;2,41295005
202300002260;29;4;2023;15:10;1;36;36220;1;1;1;3;La Renauderie;46,62610475;1,45917556
202300002261;6;5;2023;03:45;3;7;7204;2;6;1;6;20 Rue du Docteur Tourasse;45,006572;4,402342
202300002262;27;11;2023;19:40;3;93;93010;1;1;2;3;AUTOROUTE A3;48,9102;2,47515
202300002263;27;11;2023;18:00;3;95;95212;1;1;3;6;N104;49,02916687;2,53027797
202300002264;5;5;2023;22:00;3;53;53210;2;2;1;3;La Grande Rue;47,792239;-0,43968
202300002265;27;11;2023;16:15;1;93;93053;1;1;2;3;AUTOROUTE A3;48,88205;2,45558
202300002266;5;5;2023;21:45;5;21;21258;2;1;1;6;30 Rue de l'Orme;47,892438;4,525777
202300002267;27;11;2023;05:30;2;93;93008;1;1;2;2;AUTOROUTE A86;48,90728251;2,45507534
202300002268;5;5;2023;14:00;1;21;21713;2;1;2;1;d 961 route de pontailler;47,29558125;5,39534375
202300002269;28;11;2023;09:35;1;94;94018;1;1;2;2;A4;48,81766797;2,41481141
202300002270;6;5;2023;17:30;1;4;4208;1;1;1;7;RD51 le vieux jas;43,948802;5,565412
202300002271;28;11;2023;07:00;1;94;94065;1;1;2;6;A86;48,75378301;2,36800781
202300002272;6;5;2023;16:30;1;4;4024;1;1;1;3;D900;44,203858;6,370418
202300002273;28;9;2023;09:25;1;65;65440;2;1;1;6;Rue Serge Reggiani;43,25066;0,07529
202300002274;5;5;2023;11:40;1;27;27679;1;1;1;6;Chemin des Buttes Rouges;48,756907;0,891491
202300002275;26;11;2023;16:45;1;988;98818;2;3;1;2;ROUTE DE LA BAIE DES DAMES/RUE HENRI SIMONIN;-22,23481;166,4426
202300002276;6;5;2023;16:30;1;8;8217;1;1;1;7;N/A;49,862644;4,778516
202300002277;27;11;2023;06:50;1;976;97611;2;1;1;2;m'tsapere-Nationale 2 (route);-12,78806603;45,22387862
202300002278;6;5;2023;11:10;1;9;9193;1;3;1;3;D25;42,726798;2,064069
202300002279;26;11;2023;06:55;1;974;97411;2;1;1;6;RUISSEAU BLANC (CHEMIN DU);-20,89224;55,41672
202300002280;5;5;2023;17:15;1;34;34116;2;1;1;1;RM127;43,654475;3,790444
202300002281;2;5;2023;22:20;3;13;13067;1;1;1;2;A7;43,790149;5,044312
202300002282;26;11;2023;22:55;4;972;97213;1;1;1;3;AUTOROUTE A1;14,61661733;-61,01590498
202300002283;27;11;2023;08:40;1;971;97101;2;1;1;6;MARECHAL LECLERC;16,25659;-61,52979
202300002284;27;11;2023;07:00;1;971;97101;2;9;1;3;ROUTE DE CELIGNY;16,26493539;-61,46986037
202300002285;5;5;2023;15:00;1;971;97134;1;3;1;3;Val de l'Orge;16,044282;-61,752841
202300002286;27;11;2023;01:20;5;971;97101;1;9;1;6;Route de Besson;16,23999841;-61,51686991
202300002287;8;4;2023;17:20;1;77;77392;1;1;1;1;Départementale 41A;49,065298;2,70813
202300002288;26;11;2023;10:00;1;971;97105;2;4;1;4;FLAMBOYANTS (ALLEE DES);16,00603;-61,73554
202300002289;6;5;2023;01:30;3;6;6065;1;1;1;6;Route de Saint-Laurent;43,721521;7,16546
202300002290;6;5;2023;16:40;1;13;13059;1;1;1;7;rd 96;43,633742;5,517004
202300002291;27;11;2023;09:00;1;95;95280;1;1;2;3;D47;49,0188;2,4632
202300002292;6;5;2023;15:24;1;88;88387;1;2;1;5;D3;48,35267;5,854683
202300002293;27;11;2023;21:05;5;91;91021;2;1;3;4;RTE NATIONALE 20;48,588;2,24487
202300002294;27;11;2023;17:15;2;91;91589;2;1;2;6;AV CHARLES DE GAULLE;48,678507;2,346833
202300002295;5;5;2023;17:50;1;74;74042;2;2;1;3;Rue honoré martin;46,071714;6,420331
202300002296;27;11;2023;08:10;2;91;91027;2;3;2;3;AV DE MORANGIS;48,705637;2,359675
202300002297;2;5;2023;12:33;1;73;73026;1;1;1;6;D1006;45,209708;6,725993
202300002298;25;11;2023;17:28;5;87;87085;2;1;1;7;CURIE  (RUE PIERRE ET MARIE);45,82061;1,24687
202300002299;4;5;2023;12:15;1;42;42129;2;9;1;3;Route de Pélussin;45,368063;4,681836
202300002300;24;11;2023;14:55;1;87;87085;2;1;2;4;PORT DU NAVEIX (RUE DU);45,83359;1,27669
202300002301;6;5;2023;06:00;2;85;85167;1;1;1;6;RD65;46,49358;-0,76388
202300002302;24;11;2023;19:31;5;87;87085;2;1;1;4;DUMAS (AVENUE GEORGES);45,82661;1,2644
202300002303;27;11;2023;07:50;3;85;85191;2;1;1;6;Rue philippe lebon;46,69842;-1,43128
202300002304;5;5;2023;16:35;1;44;44122;1;1;1;1;N/A;47,41656;-1,474727
202300002305;25;11;2023;08:52;1;84;84007;2;3;1;7;SAINT MICHEL (Boulevard);43,94269;4,80998
202300002306;25;11;2023;06:13;5;84;84007;2;3;1;3;LIMBERT (Boulevard);43,94382;4,81506
202300002307;6;5;2023;16:20;1;56;56178;2;3;1;1;Boulevard des Poilus;48,056577;-2,975385
202300002308;21;11;2023;17:55;5;80;80021;2;1;2;6;DELIVRANCE (RUE DE LA);49,88641;2,32724
202300002309;27;11;2023;20:10;3;78;78551;2;1;2;6;ROUTE NATIONALE 13;48,89839;2,075737
202300002310;2;5;2023;08:30;1;69;69152;1;1;1;3;Autoroute 450 ;45,69351781;4,82585797
202300002311;27;11;2023;16:30;1;78;78481;2;3;2;3;CHARLES DE GAULLE (AVENUE);48,8953;2,1053
202300002312;4;5;2023;07:00;1;69;69163;1;1;1;2;Autoroute 46;45,92634;4,7568
202300002313;21;4;2023;15:50;1;1;1275;1;1;1;2;A42   4.353 A 5.760   GEN/LYON;45,810549;4,936477
202300002314;28;11;2023;00:10;5;77;77284;2;3;2;1;D603;48,956659;2,904702
202300002315;3;5;2023;07:50;1;69;69276;1;1;1;3;Autoroute 7 ;45,6735;4,84778
202300002316;5;5;2023;19:50;1;33;33397;1;1;1;2;AUTOROUTE A 10;44,91073;-0,48677
202300002317;5;5;2023;17:40;1;91;91589;1;1;1;7;AUTOROUTE A6;48,67378;2,34275
202300002318;27;11;2023;17:25;3;77;77186;1;1;2;4;D138. girat.valvins à croix de vitry;48,43918;2,72824
202300002319;5;5;2023;12:10;1;91;91471;1;1;1;6;RN 118;48,71411;2,17593
202300002320;27;11;2023;08:10;1;76;76705;1;6;2;6;Rue de l'Ile aux Boeufs;49,32893;1,10148
202300002321;5;5;2023;03:40;3;91;91471;1;1;1;2;RN 118;48,71135;2,18607
202300002322;27;11;2023;10:20;1;76;76351;2;1;3;4;LENINGRAD (BD DE);49,50003;0,17078
202300002323;26;11;2023;04:20;5;76;76351;2;1;1;7;FRISSARD (QUAI);49,49011;0,12642
202300002324;5;5;2023;16:20;1;78;78118;1;1;2;3;A13;48,9825;1,68655
202300002325;24;11;2023;20:35;5;76;76351;2;1;1;7;GEORGES LAFAURIE (RUE);49,500951;0,112688
202300002326;4;5;2023;07:15;1;92;92025;1;1;1;7;A86;48,92796388;2,23851064
202300002327;26;11;2023;16:30;1;76;76447;2;1;1;6;4 SAISONS (RUE DES );49,53626;0,18567
202300002328;4;5;2023;17:10;1;93;93066;1;1;1;7;AUTOROUTE A1;48,93351;2,37785
202300002329;24;11;2023;10:00;1;76;76351;2;1;1;1;BORIS VIAN;49,51522;0,16069
202300002330;4;5;2023;13:45;1;93;93066;1;1;1;3;AUTOROUTE A86;48,92256319;2,35502741
202300002331;27;11;2023;08:00;5;76;76026;2;9;2;3;ARCHELLES;49,882002;1,140494
202300002332;4;5;2023;12:40;1;95;95572;2;1;1;6;A15;49,03233;2,11057
202300002333;26;11;2023;08:00;1;71;71270;2;1;1;6;MOZART (RUE);46,30301273;4,81691029
202300002334;27;11;2023;17:00;2;71;71076;2;1;2;6;ANDRE (RUE DU LIEUTENANT);46,79706;4,85062
202300002335;3;5;2023;07:30;1;974;97411;1;1;1;3;LITTORAL (ROUTE 2 DU);-20,89445;55,37748
202300002336;3;5;2023;20:15;3;974;97407;1;9;1;7;ROND POINT DES DANSEUSES;-20,94987;55,30222
202300002337;26;11;2023;19:00;5;71;71076;2;1;1;6;MONNOT (AVENUE);46,788;4,86
202300002338;4;5;2023;16:15;1;973;97302;2;3;1;3;BADUEL (ROUTE DE);4,92895;-52,29993
202300002339;27;11;2023;23:40;5;69;69256;2;1;3;3;Avenue Eugène Hénaff;45,77415674;4,92579882