Num_Acc;jour;mois;an;hrmn;lum;dep;com;agg;int;atm;col;adr;lat;long
202300002340;27;11;2023;09:00;1;67;67204;2;1;1;6;REPUBLIQUE (RUE DE LA);48,6198;7,75542
202300002341;4;5;2023;10:20;1;972;97209;1;1;1;3;GEORGES GRATIANT (AVENUE);14,61245;-61,04073
202300002342;4;5;2023;18:30;1;69;69034;2;4;1;1;Montée de la Boucle;45,78284;4,83623
202300002343;4;5;2023;17:45;1;69;69081;2;2;1;1;2 Avenue Edouard Payen;45,77596;4,77453
202300002344;26;11;2023;19:30;5;64;64102;2;1;1;1;BONNAT (AVENUE LEON);43,49413;-1,47666
202300002345;4;5;2023;11:00;1;69;69389;2;1;1;2;Rue Joannès Carret;45,78862;4,81185
202300002346;4;5;2023;10:45;1;69;69385;2;3;7;6;Rue des Aqueducs;45,75873377;4,79531988
202300002347;26;11;2023;18:10;5;64;64024;2;1;1;4;N/A;43,48032;-1,51747
202300002348;4;5;2023;07:25;1;69;69034;2;9;1;6;272 Boulevard des Canuts;45,78495209;4,83243038
202300002349;4;5;2023;15:38;1;971;97101;2;2;1;3;GENERAL DE LA CROIX (CITE);16,27533926;-61,50700092
202300002350;17;11;2023;07:40;2;62;62427;2;2;2;6;Avenue des Déportés;50,42797251;2,94476938
202300002351;4;5;2023;22:50;4;95;95019;2;1;1;6;HENRI BARBUSSE (AVENUE);48,9856;2,41572
202300002352;3;5;2023;18:30;1;91;91345;2;4;9;3;RUE COPERNIC;48,68791;2,32079
202300002353;27;11;2023;07:50;4;62;62193;2;1;3;6;Boulevard Jacquard;50,95382;1,85103
202300002354;4;5;2023;17:40;1;91;91027;2;1;1;2;AV JEAN PIERRE BENARD;48,71356;2,37797
202300002355;26;11;2023;02:40;5;62;62310;2;1;1;6;Rue du 11 Novembre;50,54373;2,65596
202300002356;3;5;2023;17:35;1;91;91326;2;1;1;2;COUR DE FRANCE (AVENUE DE LA);48,69291;2,37076
202300002357;25;11;2023;02:13;3;62;62846;2;6;2;6;D943;50,47896666;2,73529159
202300002358;10;5;2023;09:40;1;91;91433;1;6;1;7;R.D. 20;48,45848;2,17729
202300002359;27;11;2023;18:50;5;59;59378;2;1;2;6;DOMINIAL (127 AV. DE LA MARNE);50,67435;3,10766
202300002360;2;5;2023;19:06;1;87;87085;2;1;1;6;TULIPES (RUE DES);45,85518;1,24921
202300002361;27;11;2023;17:10;5;59;59328;2;1;2;6;VAILLANT RUE;50,641444;3,021539
202300002362;29;4;2023;17:42;1;85;85194;2;3;1;6;Rue des rossignols;46,487494;-1,761809
202300002363;27;11;2023;12:07;1;59;59350;2;2;3;6;CANNES RUE DE;50,60706;3,04339
202300002364;4;5;2023;16:10;1;83;83137;2;1;1;3;DEMOCRATIE (BD DE LA);43,12575333;5,93761879
202300002365;27;11;2023;07:40;5;59;59271;2;1;3;1;PETITE-SYNTHE - AVENUE;51,01578;2,31331
202300002366;4;5;2023;06:50;1;82;82033;2;1;1;7;CHANTRE VC 3 TER (CHEMIN DU) ;44,04167;1,11768
202300002367;26;11;2023;06:27;5;58;58194;2;1;1;6;SAULAIES (ROUTE);46,98174;3,14736
202300002368;28;4;2023;15:50;1;80;80021;2;2;1;3;SAINT QUENTIN (BOULEVARD);49,87894;2,30521
202300002369;4;5;2023;23:56;3;77;77495;2;1;1;7;D.306;48,56121;2,63373
202300002370;3;5;2023;18:25;1;77;77040;2;6;1;6;MELUN ( ROUTE );48,520942;2,56911
202300002371;3;5;2023;23:55;3;72;72003;1;9;1;7;SIMONIERE (RUE DE LA);47,97147;0,14327
202300002372;27;11;2023;10:00;1;57;57463;2;1;2;6;GEORGES CLEMENCEAU (BOULEVARD );49,10982;6,16361
202300002373;23;11;2023;08:18;1;56;56260;1;1;8;4;N/A;47,66881;-2,76968
202300002374;25;11;2023;16:33;1;56;56162;2;1;1;6;SAINT BIEUZY (RUE DE);47,73503;-3,42938
202300002375;4;5;2023;15:15;1;71;71306;2;1;1;3;GAUTHEY (QUAI);46,66802;4,35496
202300002376;4;5;2023;13:55;1;69;69266;2;1;1;6;Cours Emile Zola;45,76537;4,90197
202300002377;4;5;2023;12:50;1;69;69256;2;1;1;1;4 Rue Joseph Blein;45,75713;4,92782
202300002378;3;5;2023;18:00;1;69;69264;2;1;1;3;Avenue de l’Europe;45,98642;4,74395
202300002379;4;5;2023;13:10;1;69;69259;2;1;1;6;120 Avenue Viviani;45,72234374;4,87854294
202300002380;26;11;2023;12:30;1;47;47323;1;2;1;3;ROUTE NATIONALE 21;44,4386;0,7157
202300002381;3;5;2023;19:30;2;67;67482;2;1;1;6;GENERAL KOENIG (QUAI DU);48,57532822;7,75543839
202300002382;27;11;2023;16:20;1;44;44143;2;1;1;3;30 Boulevard Victor Schoelcher;47,19325;-1,56287
202300002383;2;5;2023;16:42;1;66;66136;2;3;1;3;N/A;42,6993;2,88148
202300002384;27;11;2023;16:23;1;37;37261;2;1;2;7;VAILLANT (RUE EDOUARD);47,38182;0,70573
202300002385;3;5;2023;14:38;1;65;65047;2;2;1;3;Avenue Jean Jaurès;43,243399;0,095746
202300002386;27;11;2023;09:50;1;34;34172;2;3;1;3;SORBES (RUE DE LAS;43,61503;3,854
202300002387;4;5;2023;20:35;1;64;64545;1;2;1;3;AGORRETA (CHEMIN DE);43,37491;-1,68555
202300002388;28;4;2023;13:55;1;60;60159;1;1;1;1;Rd 973;49,39496;2,8773
202300002389;24;11;2023;16:35;1;34;34032;2;3;1;3;VERDIER PIERRE (AV);43,34456;3,23199
202300002390;2;5;2023;16:20;1;59;59178;2;3;1;3;SAINT AMAND (RUE DE);50,39479;3,12982
202300002391;26;4;2023;05:13;3;56;56260;1;1;1;2;N/A;47,67237;-2,71926
202300002392;3;5;2023;18:15;1;56;56121;2;1;1;7;Boulevard d'Oradour-sur-Glane;47,75533;-3,37146
202300002393;27;11;2023;19:00;5;34;34003;2;3;2;1;SERGENTS (I14 A K17;43,28305;3,51496
202300002394;3;5;2023;18:30;1;54;54395;2;2;7;3;METZ (RUE DE);48,70017;6,172601
202300002395;3;5;2023;14:20;1;54;54526;2;2;7;2;Boulevard Tolstoi;48,676323;6,221279
202300002396;27;11;2023;22:30;5;31;31555;2;1;1;2;RUE HENRI DESBALS;43,583197;1,414833
202300002397;4;5;2023;13:35;1;51;51454;2;6;1;3;place du Souvenir Français;49,26926;4,07006
202300002398;27;11;2023;19:30;5;31;31555;2;1;2;2;AV DU COLONEL ROCHE;43,5646;1,4784
202300002399;4;5;2023;16:15;1;49;49007;2;2;1;6;Boulevard Joseph Bédier;47,45062;-0,55282
202300002400;4;5;2023;13:50;1;45;45169;2;1;1;3;4 Rue Jean Nicot;47,90642;1,85902
202300002401;3;5;2023;17:45;1;45;45075;2;1;1;3;D2152 PR 63 + 860;47,8936293;1,85004169
202300002402;27;11;2023;09:15;1;31;31555;2;2;1;3;CHE DE GINESTOUS;43,64277064;1,41586572
202300002403;11;4;2023;16:40;1;42;42218;2;2;1;2;Boulevard Pierre Mendès France;45,43435;4,37959
202300002404;4;5;2023;10:30;1;41;41018;2;1;1;3;GALLOIS (RUE);47,58679;1,33039
202300002405;27;11;2023;16:30;1;29;29019;2;1;1;3;rue Joséphine Pencalet;48,420481;-4,458591
202300002406;3;5;2023;15:40;1;40;40192;1;3;1;5;ROCADE OUEST D834;43,90137;-0,53602
202300002407;3;5;2023;16:10;1;38;38421;2;2;1;6;AVENUE DU 8 MAI 1945;45,1717;5,75729
202300002408;27;3;2023;11:15;1;41;41208;1;1;1;2;Autoroute A10 PK 169+900 sens Province-Paris;47,579768;1,067047
202300002409;4;5;2023;17:00;1;37;37233;2;3;1;3;COLOMBIER (RUE DU);47,38693;0,75891
202300002410;25;3;2023;18:30;2;56;56036;2;1;3;6;4 Rue de la Libération;47,811162;-3,341228
202300002411;4;5;2023;19:10;1;35;35238;2;2;1;3;GUILLOUX (LOUIS);48,11194;-1,70232
202300002412;26;3;2023;08:00;1;79;79079;1;1;1;7;N/A;46,951529;-0,845894
202300002413;24;11;2023;18:15;5;24;24037;2;1;2;1;MALBEC (PLACE);44,85154;0,48513
202300002414;4;5;2023;18:00;1;35;35238;2;1;1;6;GUILLOUX (LOUIS);48,11061;-1,69973
202300002415;24;11;2023;19:15;3;24;24145;2;1;2;6;GRAND RUE (RUE);44,85529;0,56587
202300002416;4;5;2023;09:10;1;35;35238;2;6;2;2;SAINT-BRIEUC (DE);48,118;-1,71399
202300002417;23;3;2023;20:00;3;32;32160;2;1;1;6;Avenue de Verdun;43,616784;1,091369
202300002418;23;11;2023;14:10;1;23;23096;2;3;1;1;MURIERS (RUE DES);46,1683;1,8748
202300002419;4;5;2023;08:40;1;35;35238;2;1;2;5;RN136;48,11337938;-1,71893924
202300002420;26;3;2023;19:30;2;46;46246;1;1;2;7;Route départementale 39;44,784683;1,808356
202300002421;27;11;2023;10:59;1;22;22187;1;1;1;7;EUROPE (Rdp de l');48,53339;-2,75916
202300002422;4;5;2023;23:02;5;33;33075;2;3;1;6;Avenue Jean Jaurès;44,8825;-0,5931
202300002423;27;3;2023;14:20;1;22;22158;1;2;1;3;RN164;48,208738;-2,973443
202300002424;26;11;2023;04:00;4;22;22360;2;6;1;1;RD 27;48,47673;-2,75138
202300002425;4;5;2023;14:10;1;33;33063;2;2;1;3;Rue Bouthier;44,85205;-0,55708
202300002426;26;3;2023;18:00;1;29;29209;1;1;1;6;Tariec;48,544534;-4,502769
202300002427;27;11;2023;07:25;3;19;19275;1;1;2;3;N/A;45,52161;2,28404
202300002428;25;3;2023;22:20;3;29;29047;1;1;2;6;D788;48,526159;-4,383969
202300002429;4;5;2023;10:37;1;32;32013;2;1;1;3;SAMBRE ET MEUSE (AVENUE);43,6451;0,5973
202300002430;20;11;2023;08:06;1;18;18033;1;6;1;2;N/A;47,081719;2,353672
202300002431;31;3;2023;09:30;1;30;30189;2;3;1;3;PRIMEVERES (CHEMIN);43,85472;4,32161
202300002432;26;3;2023;17:00;1;29;29174;2;6;1;3;Rue de Canapé;47,869798;-4,235938
202300002433;26;11;2023;01:29;5;18;18033;2;1;1;6;Boulevard de Juranville;47,08183;2,38917
202300002434;15;4;2023;22:50;5;30;30189;2;1;1;6;Rue Utrillo;43,82571;4,33238
202300002435;27;11;2023;11:00;1;6;6088;2;3;1;3;ANGLAIS (N° 113);43,6906483;7,245293
202300002436;13;4;2023;15:35;1;30;30189;2;3;1;3;Avenue Jean-Jaurès;43,8283;4,3533
202300002437;27;11;2023;20:30;5;6;6123;2;1;1;3;ROND POINT COUBERTIN;43,6722;7,19359
202300002438;27;3;2023;01:00;3;3;3036;2;1;2;6;Boulevard Jean Bignon;46,580912;3,04722
202300002439;21;4;2023;22:20;5;30;30189;2;3;1;5;Avenue Kennedy;43,8314;4,3427
202300002440;27;11;2023;20:10;3;5;5061;1;1;4;1;RN 94;44,57676;6,11801
202300002441;26;3;2023;22:45;3;66;66149;1;1;1;1;N/A;42,62195;2,418333
202300002442;4;5;2023;09:30;1;29;29151;2;3;1;6;Route de Paris;48,57590793;-3,82116839
202300002443;27;11;2023;07:55;1;2;2738;2;1;2;3;106 Rue Hoche Prolongée;49,64455;3,29412
202300002444;27;3;2023;12:45;1;45;45062;1;1;1;1;D2020 PR 20 + 831;47,974065;1,885636
202300002445;4;5;2023;08:05;1;28;28404;2;6;1;3;CRECY (ROUTE DE);48,72868;1,33506
202300002446;27;11;2023;09:24;1;75;75113;2;1;2;5;PORTE D ITALIE;48,816707;2,365107
202300002447;4;5;2023;10:50;1;28;28229;2;1;1;3;RESISTANCE (AVENUE DE LA);48,45119;1,47057
202300002448;26;11;2023;21:30;5;75;75114;2;1;1;2;PORTE DE CHATILLON;48,82266;2,314235
202300002449;24;3;2023;16:20;1;72;72320;1;1;8;2;Autoroute A.28 - PK = 111+300;48,052497;0,180674
202300002450;26;11;2023;04:10;5;75;75111;2;1;1;2;BOULEVARD DE CHARONNE;48,857326;2,392578
202300002451;26;3;2023;12:20;1;1;1373;1;1;1;6;A404 - PK 0+700 - direction OYONNAX;46,135791;5,540907
202300002452;3;5;2023;12:34;1;27;27229;2;2;1;3;ALLENDE (BOULEVARD DU PRESIDENT);49,003;1,148
202300002453;27;11;2023;09:30;1;75;75119;2;2;2;3;RUE ALEXANDER FLEMING;48,882003;2,402516
202300002454;26;3;2023;17:40;1;1;1265;1;1;4;7;A 404 - PK 07+000 - direction OYONNAX;46,187762;5,567054
202300002455;20;8;2023;12:55;1;75;75116;2;1;1;6;RUE DU RANELAGH;48,853352;2,27872
202300002456;26;3;2023;17:50;1;34;34244;1;1;1;2;AUTOROUTE A9 PK 087+500 SENS BEZIERS NIMES;43,676653;4,029144
202300002457;3;5;2023;18:15;1;22;22113;2;9;1;3;KERMARIA (PONT DE);48,7279;-3,4581
202300002458;27;11;2023;12:30;1;75;75116;2;3;2;6;AVENUE FERDINAND BUISSON;48,836818;2,253584
202300002459;26;3;2023;10:30;1;987;98744;1;1;1;7;Unaa;-22,434791;-151,358128
202300002460;3;5;2023;08:00;1;19;19031;2;2;1;3;RIBOT (AVENUE);45,16532;1,52049
202300002461;27;11;2023;07:50;2;75;75117;2;7;2;2;AVENUE DE LA GRANDE ARMEE;48,8773232;2,28401899
202300002462;23;3;2023;15:10;1;973;97301;1;1;1;1;route nationale 2, PK 137;4,11266475;-52,07334495
202300002463;4;5;2023;20:45;2;14;14167;2;3;1;3;2 Rue Robert Bothereau;49,20657;-0,29395
202300002464;27;11;2023;18:49;5;75;75113;2;2;2;6;BOULEVARD DU GENERAL JEAN SIMON;48,824166;2,376794
202300002465;25;3;2023;05:40;5;44;44020;2;6;1;3;50quater Rue de l'Aviation;47,16283823;-1,58512652
202300002466;4;5;2023;18:10;1;13;13043;2;1;1;6;JAN PALACH (AV );43,39061;5,23203
202300002467;27;11;2023;07:15;5;75;75113;2;7;2;7;PLACE D ITALIE;48,83127645;2,35626698
202300002468;24;3;2023;09:00;1;77;77392;1;1;1;2;N2;49,070111;2,714829
202300002469;26;11;2023;18:30;5;75;75101;2;4;1;6;PLACE DU CARROUSEL;48,8622;2,334661
202300002470;3;5;2023;07:00;1;13;13103;2;1;1;3;BOULEVARD JOLY - VICTOR;43,63825879;5,09526708
202300002471;27;3;2023;09:15;1;48;48117;1;1;1;6;Lieu dit Castanet;44,452336;3,893859
202300002472;27;11;2023;19:15;5;94;94041;2;1;8;1;Boulevard Paul Vaillant Couturier;48,81975;2,39616
202300002473;4;5;2023;17:40;1;13;13216;2;1;1;4;MILLIE MATHYS (AVENUE);43,36559;5,35104
202300002474;27;3;2023;07:15;2;34;34092;1;1;1;3;2b Domaine de Sériège;43,32986;2,950591
202300002475;26;11;2023;01:30;5;94;94081;2;1;1;5;Rue des Carrières;48,79948;2,38925
202300002476;26;3;2023;21:40;3;34;34154;1;1;2;1;475 Route de Perols;43,604775;3,999088
202300002477;4;5;2023;15:45;1;13;13211;2;1;1;2;SAINT MENET (AVENUE DE);43,28859;5,49928
202300002478;4;5;2023;14:00;1;13;13214;2;3;1;6;MERLAN (AVENUE);43,33778;5,40749
202300002479;27;11;2023;17:30;3;94;94074;2;2;2;3;Avenue du Rû de Gironde;48,747258;2,46209
202300002480;25;3;2023;19:25;3;71;71555;1;2;1;3;D906;46,69335498;4,87078831
202300002481;4;5;2023;11:00;1;13;13209;2;9;1;5;SAINTE MARGUERITE (BOULEVARD);43,2685;5,4045
202300002482;26;11;2023;18:30;5;94;94042;2;1;1;2;Avenue du Général Galliéni;48,82024;2,46878
202300002483;27;3;2023;03:45;3;21;21371;1;1;1;6;Route départementale 20;47,169277;5,351633
202300002484;3;5;2023;16:30;1;13;13005;2;1;1;4;CANIERS (AVENUE DES);43,28521;5,59429
202300002485;27;11;2023;19:00;5;94;94041;2;1;2;6;Rue Westermeyer;48,81783;2,39392
202300002486;27;11;2023;18:20;3;93;93070;2;1;2;6;Avenue Michelet;48,91092;2,34418
202300002487;26;3;2023;12:30;1;38;38072;1;1;8;6;Route de Lyon;45,31888389;4,80808899
202300002488;4;5;2023;19:30;1;11;11069;1;6;7;3;10 Route de Limoux;43,19645;2,32212
202300002489;25;3;2023;10:00;1;1;1376;2;1;1;6;Rue Simone de Beauvoir;45,830201;4,978585
202300002490;4;5;2023;15:05;1;7;7102;2;1;1;3;REPUBLIQUE (AV. DE LA) [DU N° AU N°];44,93794;4,86964
202300002491;27;11;2023;18:55;5;93;93066;2;2;2;3;Avenue de Stalingrad / Chemin de Saint Leger;48,94754;2,37489
202300002492;4;5;2023;11:20;1;6;6069;2;1;1;6;SAINT EXUPERY (AVENUE ANTOINE DE);43,663936;6,93735
202300002493;27;3;2023;16:15;1;19;19101;2;9;1;6;Rue des Armuriers;45,242552;1,779318
202300002494;27;11;2023;08:30;2;93;93077;2;2;2;3;Avenue Louise / Avenue Marie;48,88892679;2,51748785
202300002495;3;5;2023;12:30;1;5;5061;1;1;1;4;RN 94;44,57748;6,12088
202300002496;27;11;2023;17:30;5;93;93063;2;2;2;6;Rue de Benfleet / Rue de la République;48,88061656;2,43702171
202300002497;27;3;2023;10:50;1;35;35360;2;2;1;3;Avenue d?Helmstedt;48,113454;-1,199961
202300002498;27;11;2023;21:30;5;93;93013;2;5;2;6;Rue Anizan Cavillon / Avenue Jean Jaurès;48,93445647;2,41942495
202300002499;29;4;2023;17:22;1;5;5061;2;9;1;6;PROVENCE (AVENUE DE);44,53304;6,04911
202300002500;23;3;2023;11:35;1;57;57323;2;1;2;2;Rue du Soleil;49,41915;6,155857
202300002501;27;11;2023;16:40;5;93;93010;2;3;3;6;Avenue Maurice Benhamou / Rue Lucien Chapelain;48,912281;2,485204
202300002502;3;5;2023;07:10;1;3;3310;2;1;2;3;33 Rue Georges Clémenceau;46,12582;3,42258
202300002503;27;3;2023;07:40;1;80;80212;1;1;1;1;D1;49,917694;2,517545
202300002504;27;11;2023;12:37;1;93;93008;2;4;2;3;Avenue Paul Vaillant - Couturier / Rue Honore d'Estienne d'Orves;48,90745;2,45641
202300002505;25;3;2023;19:20;3;13;13005;1;1;1;2;A50-Sens Marseille vers Aubagne;43,2748;5,58828
202300002506;4;5;2023;18:30;1;75;75116;2;4;1;3;BD PERIPHERIQUE EXTERIEUR;48,85106059;2,25193977
202300002507;26;3;2023;15:15;1;91;91521;1;1;1;6;RN 104;48,63431;2,4063
202300002508;27;11;2023;08:10;2;92;92072;2;2;2;3;GRANDE RUE;48,82543967;2,2158688
202300002509;2;5;2023;19:35;1;75;75113;2;1;1;3;BD PERIPHERIQUE EXTERIEUR;48,81621;2,359911
202300002510;27;11;2023;08:40;2;92;92040;2;1;2;6;PAIX (AVENUE DE LA);48,81712755;2,27411538
202300002511;24;3;2023;18:05;1;29;29019;2;1;1;6;rue Jean Jaurès;48,40191;-4,46797
202300002512;4;5;2023;05:00;5;75;75109;2;2;1;3;RUE LA FAYETTE;48,874615;2,339315
202300002513;24;3;2023;09:23;1;29;29019;2;1;2;6;rue Magenta;48,397496;-4,472418
202300002514;27;11;2023;09:45;1;92;92026;2;9;2;3;DIEPPE;48,89991516;2,23975204
202300002515;25;3;2023;23:55;3;974;97407;2;1;1;7;MARINE(BOULEVARD);-20,94808;55,28257
202300002516;4;5;2023;01:52;4;75;75108;2;7;1;2;PLACE DE LA CONCORDE;48,86663;2,321946
202300002517;24;3;2023;23:30;3;973;97302;2;1;1;7;TIGRE (ROUTE DU);4,91022834;-52,30819952
202300002518;26;11;2023;18:35;5;92;92025;2;1;1;6;CHARLES DE GAULLE (BD);48,91424545;2,22952839
202300002519;3;5;2023;16:50;1;75;75112;2;3;1;6;BOULEVARD DE LA BASTILLE;48,848008;2,367639
202300002520;25;3;2023;16:00;1;69;69386;2;2;1;3;Avenue Maréchal de Saxe;45,76676;4,8443
202300002521;27;11;2023;16:20;5;92;92024;2;3;2;3;VICTOR HUGO (BD);48,89992251;2,31444597
202300002522;4;5;2023;21:51;5;75;75119;2;9;1;6;RUE RIQUET;48,88927;2,371274
202300002523;25;3;2023;10:45;1;972;97209;1;1;1;5;BALATA (ROUTE DE);14,62114;-61,07124
202300002524;27;11;2023;13:45;1;92;92032;2;1;2;6;PETIT ANTOINE (RUE);48,79002364;2,28877366
202300002525;4;5;2023;16:15;1;75;75119;2;1;1;3;RUE D AUBERVILLIERS;48,89775;2,37074
202300002526;24;3;2023;21:10;5;972;97209;2;1;2;1;BALATA (ROUTE DE);14,6207;-61,07107
202300002527;27;11;2023;10:44;1;92;92012;2;6;2;3;RHIN ET DANUBE (ROND POINT);48,84075516;2,2289139
202300002528;4;5;2023;18:25;1;75;75118;2;3;1;6;RUE DOUDEAUVILLE;48,888468;2,353568
202300002529;24;3;2023;20:10;5;69;69385;2;1;1;6;35 Rue de Champvert;45,76285;4,79526
202300002530;27;11;2023;17:45;5;92;92014;2;2;2;6;HUIT MAI 1945 (RUE DU);48,78241243;2,31654167
202300002531;4;5;2023;09:00;1;75;75116;2;3;1;1;ALLEE DE LA REINE MARGUERITE;48,86490753;2,2490859
202300002532;25;3;2023;06:45;1;2A;2A004;2;1;1;6;ROSSINI PASCAL BD;41,91703;8,73639
202300002533;4;5;2023;09:00;1;75;75114;2;1;1;6;AVENUE DE LA PORTE D ORLEANS;48,820904;2,325526
202300002534;9;11;2023;21:25;5;57;57043;1;6;2;1;Départemantale 1;49,24053113;6,2098825
202300002535;24;3;2023;19:35;5;91;91421;2;2;2;3;FRANCIS CHIRAT (RUE);48,710206;2,441828
202300002536;4;5;2023;16:48;1;75;75113;2;3;1;3;RUE JEANNE D ARC;48,831359;2,366339
202300002537;25;3;2023;16:50;1;83;83137;2;1;1;1;15EME CORPS (AVE DU);43,12858;5,91387
202300002538;28;11;2023;13:25;1;1;1004;2;3;7;1;13 Avenue de la Libération;45,956324;5,33265
202300002539;4;5;2023;10:10;1;75;75112;2;1;1;6;Avenue Daumesnil;48,8453;2,379516
202300002540;24;3;2023;02:20;5;83;83069;2;1;1;6;PROVENCE (RUE DE);43,11772;6,13038
202300002541;27;11;2023;17:30;5;68;68112;2;1;3;7;D430;47,90848;7,216149
202300002542;27;11;2023;07:30;2;81;81203;1;1;8;6;Route de Montfranc;43,818551;2,460916
202300002543;4;5;2023;20:20;2;75;75111;2;4;1;3;BOULEVARD VOLTAIRE;48,852845;2,388495
202300002544;24;3;2023;16:00;1;83;83118;2;1;1;4;ROUTE DES GOLFS;43,4484;6,84066
202300002545;25;3;2023;15:00;1;81;81021;2;1;1;3;CD 612;43,509389;2,37665
202300002546;28;11;2023;17:40;2;28;28088;2;6;1;5;Rue de la République;48,070348;1,329373
202300002547;24;3;2023;23:00;3;81;81144;1;1;1;6;RN 88;43,97706;2,17781
202300002548;25;3;2023;14:55;1;78;78586;2;2;1;1;SCHUMAN (ROBERT);48,948343;2,194181
202300002549;24;11;2023;21:10;3;27;27271;1;9;1;5;D141;48,946138;1,304369
202300002550;25;3;2023;00:10;3;77;77305;1;1;9;6;D605;48,39303;2,94566
202300002551;27;11;2023;18:05;5;11;11067;2;3;1;3;Faubourg Saint Jacques;43,22753;2,84702
202300002552;25;3;2023;09:16;1;77;77243;2;2;1;3;D10;48,86553;2,71356
202300002553;26;11;2023;14:40;1;51;51545;1;2;1;3;D977;48,744743;4,207506
202300002554;24;3;2023;16:10;1;72;72181;2;1;3;6;COURBOULAY PAUL (RUE);48,00454;0,19187
202300002555;27;11;2023;18:35;5;76;76101;2;1;2;6;Grande Rue Francois Mitterrand;49,932109;1,628294
202300002556;24;3;2023;19:30;5;72;72181;2;3;3;3;19 MARS 1962 (PL);47,98224;0,20723
202300002557;25;11;2023;14:47;1;2A;2A271;1;1;1;3;D1;41,995721;8,837551
202300002558;24;3;2023;16:05;1;72;72181;2;1;1;6;MAC JEAN (AV) N° PAIRS 2 A 82;47,98302;0,21099
202300002559;25;3;2023;23:20;5;64;64024;2;4;1;3;MER (BOULEVARD DE LA);43,49487;-1,54282
202300002560;28;11;2023;07:50;1;2B;2B096;1;1;8;3;route territorial 20;42,311434;9,153113
202300002561;25;3;2023;02:43;5;64;64102;2;1;1;7;HAYET (CHEMIN DE);43,4922;-1,45294
202300002562;27;11;2023;08:45;1;2B;2B309;2;1;1;3;42 Route du Bord de Mer;42,743246;9,462109
202300002563;27;11;2023;17:10;5;68;68126;2;9;2;7;85 Rue de Hésingue;47,569392;7,52446
202300002564;25;3;2023;01:50;5;59;59350;2;9;2;6;SOLFERINO RUE N°110 - 206;50,63253;3,05221
202300002565;25;11;2023;13:35;1;29;29207;1;1;1;6;Cosquer .;48,54839962;-3,81810672
202300002566;24;3;2023;16:45;1;59;59359;1;1;1;1;MAISON BLANCHE (ROUTE DE LA);51,01069;2,19641
202300002567;27;11;2023;18:50;5;38;38416;2;1;3;3;Avenue du Docteur Carrier;45,15363;5,317013
202300002568;25;3;2023;16:40;1;57;57447;2;1;8;3;11EME D'AVIATION (RUE DE LA);49,086222;6,145225
202300002569;27;11;2023;17:45;5;38;38416;2;1;2;6;Cours Vallier;45,153357;5,317554
202300002570;25;3;2023;22:37;5;49;49007;2;3;2;3;AYRAULT;47,47539;-0,5486
202300002571;25;3;2023;02:59;5;49;49007;2;1;2;6;GARDOT;47,46779;-0,53468
202300002572;25;11;2023;19:05;3;38;38422;1;1;2;1;Route d'Uriage;45,139445;5,833225
202300002573;21;3;2023;17:25;1;46;46042;2;2;1;6;RACINE (RUE JEAN);44,461338;1,45424
202300002574;28;11;2023;07:50;2;2;2810;2;1;8;6;2 Rue Pelet Otto;49,252794;3,087826
202300002575;25;3;2023;20:30;5;45;45147;2;3;1;1;19 Rue du 11 Octobre;47,93415;1,90019
202300002576;11;3;2023;20:58;5;45;45234;2;1;1;6;Avenue de Trévise;47,89454866;1,90039605
202300002577;28;11;2023;17:05;2;58;58006;1;1;1;1;D34;46,971292;3,510303
202300002578;25;3;2023;15:45;1;45;45234;2;1;1;6;2 Rue des Jacinthes;47,88716;1,91057
202300002579;25;3;2023;13:25;1;45;45234;2;1;1;6;34 Rue Basse d'Ingré;47,9059;1,88707
202300002580;25;3;2023;16:45;1;44;44184;2;3;1;1;4 Rue Martin Luther King;47,27825;-2,22565
202300002581;28;11;2023;11:27;1;54;54256;1;2;1;3;D112;48,529779;6,310401
202300002582;28;11;2023;09:40;1;72;72132;2;9;1;6;10 Avenue du 8 Mai 1945;48,1859;0,648285
202300002583;25;3;2023;15:30;1;37;37214;2;9;1;6;MAISONS BLANCHES (QUAI DES);47,39652;0,65966
202300002584;27;11;2023;07:50;2;90;90094;2;1;1;6;Rue de Leupe;47,588289;6,867233
202300002585;25;3;2023;07:55;1;37;37214;2;1;1;6;DE GAULLE (BD CHARLES);47,42922;0,64667
202300002586;7;6;2023;15:45;1;65;65440;2;3;1;3;Rue Achille Jubinal;43,23964;0,07524
202300002587;27;11;2023;12:00;1;64;64138;1;1;2;2;cd 938;43,245351;-0,269326
202300002588;25;3;2023;09:40;1;27;27229;2;2;1;2;BRIAND (AVENUE ARISTIDE);49,0216;1,13742
202300002589;6;6;2023;09:40;1;62;62624;2;1;1;1;Avenue de la République;50,413607;2,988184
202300002590;28;11;2023;15:00;1;73;73022;1;1;1;1;D921;45,502426;5,767002
202300002591;25;11;2023;15:25;1;53;53147;2;1;1;6;Rue Volney;48,298116;-0,609843
202300002592;25;3;2023;10:03;1;16;16102;2;2;1;3;SAINT-FRANCOIS (RUE);45,699681;-0,319528
202300002593;4;6;2023;18:30;1;62;62193;2;1;1;1;Avenue Pierre de Coubertin;50,95346;1,83908
202300002594;25;3;2023;19:45;2;13;13102;2;6;1;7;JEAN MLOUIS CALDERON (BD );43,41207;5,2373
202300002595;13;4;2023;13:59;1;61;61169;2;6;1;3;VC;48,74337;-0,56217
202300002596;25;3;2023;17:45;5;13;13214;2;9;1;6;SALVADOR ALLENDE (RUE);43,33005;5,39023
202300002597;25;3;2023;19:15;5;13;13203;2;1;1;6;AUPHAN (RUE);43,31689;5,37635