Num_Acc;jour;mois;an;hrmn;lum;dep;com;agg;int;atm;col;adr;lat;long
202300002598;6;6;2023;10:50;1;60;60382;2;1;1;6;Avenue Raymond Poincaré;49,42303;2,82361
202300002599;21;3;2023;18:10;1;13;13212;2;1;1;6;24 AVRIL 15 (AVENUE DU);43,30802216;5,43401104
202300002600;9;6;2023;00:30;5;59;59512;2;1;1;6;ALSACE (AVENUE D');50,69974;3,16132
202300002601;20;9;2023;06:30;2;974;97409;2;9;2;3;DU CENTRE(CHEMIN);-20,944468;55,668205
202300002602;24;3;2023;20:30;5;13;13203;2;2;1;3;NATIONAL (BOULEVARD);43,3089;5,3808
202300002603;8;6;2023;11:10;1;59;59512;2;1;1;3;TOURCOING (RUE DE);50,70316;3,17181
202300002604;15;9;2023;08:50;1;974;97409;2;3;1;6;DE LA COMMUNAUTE(RUE);-20,96013;55,65434
202300002605;8;6;2023;17:00;1;59;59043;2;1;1;6;LILLE (RUE DE);50,73128;2,74605
202300002606;24;3;2023;21:10;5;13;13001;2;1;1;3;MONNET JEAN (AV);43,53253;5,42638
202300002607;27;5;2023;11:20;1;974;97409;1;1;2;2;RN2 SENS ST BENOIT ST DENIS;-20,94262;55,6475
202300002608;25;3;2023;16:50;1;11;11069;2;1;1;6;15 Rue des Lauriers;43,222;2,3599
202300002609;8;6;2023;13:25;1;58;58194;2;3;7;3;GUICHET;46,984096;3,154651
202300002610;7;12;2023;20:30;3;33;33063;2;1;3;2;Avenue de Nontraste;44,87721846;-0,56599438
202300002611;25;3;2023;16:49;1;6;6088;2;1;1;6;FAURE (AV. FELIX);43,698522;7,274475
202300002612;17;12;2023;11:00;1;13;13071;2;1;1;6;MITTERRAND (AVENUE FRANCOIS);43,38022;5,34858
202300002613;25;3;2023;07:22;1;6;6088;2;1;1;2;TUNNEL ET VOIE MALRAUX;43,70689;7,2801
202300002614;2;10;2023;17:30;1;27;27054;2;1;1;7;chemin de la seigneurie;48,853922;0,874754
202300002615;6;6;2023;22:48;3;57;57019;2;6;1;7;TERRASSES DU SOLEIL (CHEMIN DES);49,25461;6,13542
202300002616;25;3;2023;01:37;5;6;6088;2;2;1;6;GARIBALDI (PL.);43,70073;7,28075
202300002617;3;4;2023;08:30;1;93;93062;2;1;1;2;Avenue de Livry;48,90053;2,51857
202300002618;24;3;2023;11:55;1;75;75119;2;1;1;7;BOULEVARD PERIPHERIQUE EXTERIEUR;48,8835;2,399945
202300002619;7;6;2023;16:53;1;54;54395;2;2;1;3;BOUFFLERS (AV. DE 74 A 334 - 53 A 399);48,69162;6,15019
202300002620;24;3;2023;05:00;5;75;75116;2;1;2;2;ECHANGEUR PASSY;48,85864;2,26136
202300002621;27;3;2023;08:20;1;93;93062;2;9;1;3;SAPINS (ALLEE DES);48,89721;2,5296
202300002622;7;6;2023;23:15;5;51;51454;2;2;1;3;LAON (AVENUE) DU N° 51 A 217 ET DU N° 62;49,27013;4,02242
202300002623;23;3;2023;00:15;5;75;75106;2;2;1;6;BOULEVARD DU MONTPARNASSE;48,846861;2,316686
202300002624;30;12;2023;13:15;1;74;74173;2;1;1;1;603 Route nationale;45,863952;6,625246
202300002625;7;6;2023;10:35;1;51;51454;2;1;1;2;BERTHELOT ( BOULEVARD  MARCELLIN);49,27156;4,0677
202300002626;24;3;2023;13:25;1;75;75105;2;1;2;3;RUE LAGRANGE;48,852062;2,34812
202300002627;28;12;2023;14:45;1;74;74018;1;1;8;2;A40;46,08604035;6,36662253
202300002628;24;3;2023;11:50;1;75;75105;2;1;1;6;SQUARE VERMENOUZE;48,8408;2,34937
202300002629;7;6;2023;11:45;1;49;49007;2;4;1;3;SAINT MICHEL BOULEVARD;47,47382;-0,53849
202300002630;25;3;2023;02:30;5;75;75119;2;4;1;6;AVENUE JEAN JAURES;48,88289836;2,37062484
202300002631;16;12;2023;17:00;5;74;74010;2;1;1;6;CARNOT (RUE);45,9045;6,1243
202300002632;6;6;2023;16:35;1;49;49007;2;2;1;6;PASTEUR AVENUE;47,4721;-0,54143
202300002633;24;3;2023;11:40;1;75;75119;2;4;1;6;RUE DE CRIMEE;48,89386;2,3733
202300002634;28;12;2023;22:40;3;74;74112;1;1;1;7;1636 Route de la Montagne;45,949443;6,090135
202300002635;8;6;2023;08:00;1;48;48095;2;3;1;3;OCTROI (RUE DE L');44,53629386;3,50233249
202300002636;25;3;2023;17:55;1;75;75117;2;3;1;3;AVENUE DE CLICHY;48,888799;2,323328
202300002637;25;3;2023;04:15;5;75;75117;2;1;1;6;RUE DE ROME;48,886191;2,3162221
202300002638;8;6;2023;10:45;1;45;45147;2;1;1;6;195 Rue des Fosses;47,93554;1,92951
202300002639;28;12;2023;10:45;1;74;74225;2;4;8;6;Avenue Gantin;45,86139;5,94756
202300002640;8;6;2023;01:00;3;44;44162;1;1;1;6;;47,23562;-1,65387
202300002641;24;3;2023;12:20;1;75;75117;2;7;1;3;PLACE DE LA PORTE MAILLOT;48,878521;2,282954
202300002642;24;12;2023;05:20;3;74;74165;1;1;1;1;route de rumilly;45,836858;5,977507
202300002643;25;3;2023;00:01;5;75;75115;2;2;1;3;PLACE FERNAND FOREST;48,849565;2,281288
202300002644;8;6;2023;23:05;5;43;43157;2;2;1;3;Rue du Faubourg Saint Jean;45,04643;3,89185
202300002645;26;12;2023;07:50;2;74;74010;1;1;1;2;A41;45,878103;6,073165
202300002646;4;6;2023;13:00;1;42;42207;2;1;1;6;Grande rue;45,48107194;4,52711365
202300002647;30;12;2023;11:53;1;74;74081;2;1;1;6;238 Avenue paul bechet;46,064961;6,575741
202300002648;24;3;2023;19:45;5;75;75115;2;2;2;6;RUE DE DANTZIG;48,833479;2,298671
202300002649;8;6;2023;18:20;1;37;37261;2;1;1;3;MAGINOT (AV. ANDRE);47,42271;0,69693
202300002650;25;12;2023;23:15;4;74;74267;2;1;1;6;Route d'albertville;45,863721;6,140306
202300002651;7;6;2023;17:00;1;36;36044;2;1;1;3;189 Avenue d'Argenton;46,7974252;1,66762322
202300002652;25;3;2023;16:45;1;75;75113;2;3;1;3;RUE DE LA FONTAINE A MULARD;48,822982;2,348896
202300002653;8;6;2023;16:00;1;35;35238;2;1;1;3;LORIENT (DE);48,10687;-1,72798
202300002654;15;12;2023;17:30;5;74;74043;2;2;1;3;335 Avenue du jura;46,263365;6,36492
202300002655;25;3;2023;14:30;1;75;75111;2;2;1;3;AVENUE PHILIPPE AUGUSTE;48,855754;2,391347
202300002656;12;12;2023;12:35;1;74;74171;1;1;2;6;N/A;46,314139;6,323791
202300002657;7;6;2023;16:00;1;35;35238;2;2;1;3;BULGARIE (BD DE);48,0845;-1,65396
202300002658;25;3;2023;20:15;5;75;75110;2;3;1;6;BOULEVARD DE LA CHAPELLE;48,884274;2,359201
202300002659;23;12;2023;10:55;1;74;74010;2;1;1;3;LAC (RUE DU);45,90032;6,12741
202300002660;24;3;2023;18:30;1;75;75109;2;2;3;6;RUE LAMARTINE;48,876526;2,344295
202300002661;7;6;2023;12:36;1;31;31555;2;1;1;3;MINIMES (AV DES) DU 1AU 178;43,621918;1,435035
202300002662;21;12;2023;07:30;5;74;74281;2;3;2;3;DRANSE (AVENUE DE LA);46,3691;6,5
202300002663;24;3;2023;00:00;5;75;75109;2;1;2;6;BOULEVARD POISSONNIERE;48,87124873;2,34452695
202300002664;7;6;2023;11:00;1;29;29232;1;1;1;6;RN 165;47,98864;-4,02746
202300002665;12;12;2023;22:19;5;74;74133;1;1;2;6;A411;46,18697779;6,20568017
202300002666;3;6;2023;18:10;1;29;29232;2;1;1;6;Rue de Stang Bihan;48,00919;-4,10636
202300002667;25;3;2023;14:00;1;75;75108;2;7;1;3;PLACE DE LA CONCORDE;48,865857;2,319885
202300002668;24;3;2023;13:40;1;75;75108;2;1;2;3;PLACE DE LA CONCORDE;48,8651;2,32233
202300002669;7;6;2023;14:17;1;29;29039;2;1;1;6;Rue du Colonel Moll;47,87313082;-3,92086163
202300002670;11;12;2023;07:45;2;74;74042;1;1;3;5;A40;46,06669688;6,41978082
202300002671;25;3;2023;04:05;5;75;75107;2;3;1;3;QUAI VOLTAIRE;48,859265;2,330219
202300002672;8;6;2023;13:20;1;28;28404;2;1;1;1;DELIBES (RUE LEO);48,71668;1,36468
202300002673;24;3;2023;20:50;5;75;75107;2;3;1;3;AVENUE RAPP;48,858751;2,300508
202300002674;17;11;2023;23:40;3;74;74262;1;1;1;5;A40;46,1221986;6,32898978
202300002675;5;11;2023;01:30;5;74;74133;1;1;2;7;A411;46,18710592;6,20535373
202300002676;24;3;2023;18:20;1;75;75107;2;2;3;3;RUE DE L UNIVERSITE;48,857357;2,328889
202300002677;24;3;2023;13:10;1;75;75102;2;1;2;6;BOULEVARD DE SEBASTOPOL;48,86685082;2,35286593
202300002678;13;12;2023;17:50;5;12;12202;2;6;2;6;PAUL RAMADIER (BOULEVARD);44,360917;2,573767
202300002679;7;6;2023;14:10;1;27;27681;2;1;7;2;JAURES (BOULEVARD JAURES);49,09314;1,47
202300002680;9;11;2023;10:40;1;13;13056;1;1;3;1;COURONNE;43,36501;5,05957
202300002681;7;6;2023;12:25;1;27;27229;1;1;1;2;ORLEANS (RUE D');49,00283;1,152235
202300002682;24;3;2023;18:05;2;94;94080;2;1;2;4;Rue de Fontenay;48,84800063;2,43963861
202300002683;14;12;2023;15:05;1;57;57370;2;6;8;3;route de thionville;49,391522;6,271498
202300002684;22;12;2023;04:50;3;57;57556;2;1;2;7;Rue Nationale;49,06471889;6,95677042
202300002685;6;6;2023;18:45;1;22;22278;2;1;1;2;71° RI (DU);48,51114;-2,76226
202300002686;25;12;2023;01:46;3;57;57482;1;1;1;1;D603;49,117004;6,263103
202300002687;24;3;2023;14:50;1;94;94078;2;1;1;2;Rue de Paris;48,741916;2,446593
202300002688;8;6;2023;14:15;1;22;22106;2;1;1;2;VERNE (RUE JULES);48,49657;-2,72699
202300002689;30;12;2023;15:30;1;43;43268;1;1;1;7;D7;45,162406;4,058483
202300002690;8;6;2023;08:30;1;22;22215;1;1;1;4;LOGE (RUE DE LA);48,47588;-2,79838
202300002691;29;12;2023;00:00;5;44;44109;2;2;8;3;25 Boulevard Emile Romanet;47,21000046;-1,60363171
202300002692;24;3;2023;08:40;1;94;94074;1;1;1;5;Avenue Julien Duranton;48,76031545;2,44999932
202300002693;28;12;2023;11:15;1;44;44190;2;1;8;3;47 Avenue de la Martellière;47,199152;-1,52395215
202300002694;7;6;2023;16:20;1;17;17333;2;6;1;3;SUZAC (AVENUE DE);45,58966;-0,98702
202300002695;23;3;2023;17:20;2;94;94068;2;1;2;6;27 Avenue de Chanzy;48,7899721;2,51868238
202300002696;27;12;2023;11:40;1;44;44143;2;1;8;6;65 Rue Aristide Briand;47,18128384;-1,54516126
202300002697;24;5;2023;17:50;1;13;13056;2;9;1;7;HOTEL DE VILLE ROND POINT DE L';43,40555;5,04786
202300002698;23;12;2023;13:48;1;44;44109;2;6;8;2;Rue Gaston Michel;47,21003255;-1,56140328
202300002699;8;6;2023;21:40;5;13;13212;2;3;1;3;CAILLOLS (AVENUE DES);43,30302449;5,44680694
202300002700;24;3;2023;21:55;5;94;94058;2;9;2;2;Boulevard Raymond Poincaré;48,84953;2,49546
202300002701;8;6;2023;16:30;1;13;13005;2;1;1;3;SAINT JEAN DE GARGUIER (CHEMIN);43,30330436;5,59851453
202300002702;21;12;2023;09:20;1;44;44109;2;6;8;3;4 Rue Marcel Paul;47,21460505;-1,53764375
202300002703;25;3;2023;18:35;1;94;94076;2;1;1;2;50 Avenue de la République;48,788518;2,361944
202300002704;21;12;2023;21:40;5;44;44109;2;1;8;6;16 Rue de la Garde;47,25289708;-1,50560434
202300002705;7;6;2023;08:30;1;13;13005;2;1;1;2;CD 2 (CAMP MAJOR);43,28702;5,53337
202300002706;21;12;2023;19:35;3;44;44114;1;1;8;6;N/A;47,25956435;-1,61954907
202300002707;7;6;2023;18:00;1;13;13004;2;1;1;1;CHE DE MARGAILLAN PT DE CRAU;43,66782152;4,66434052
202300002708;25;3;2023;14:45;1;94;94003;2;1;1;1;Avenue Paul Vaillant-couturier;48,800626;2,341477
202300002709;19;12;2023;07:30;2;44;44109;2;6;8;3;Rue Marcel Paul;47,21470921;-1,53786936
202300002710;7;6;2023;16:57;1;10;10387;2;1;1;3;LIEUTENANT PIERRE MURARD (RUE);48,303;4,05696
202300002711;19;12;2023;14:20;1;44;44109;2;6;8;3;Rond-Point de la Louisiane;47,19835835;-1,58845031
202300002712;24;3;2023;14:00;1;94;94076;2;1;1;5;Boulevard Maxime Gorki;48,79707444;2,36804831
202300002713;7;6;2023;21:10;1;10;10333;2;2;1;2;PRESIDENT WILSON (CD);48,28954;4,06536
202300002714;4;6;2023;09:30;1;8;8409;2;9;1;2;STACKLER (AVENUE);49,69509;4,95617
202300002715;24;3;2023;13:55;1;94;94011;2;1;2;2;Avenue Rhin et Danube;48,77186;2,4902
202300002716;31;12;2023;19:05;3;93;93064;1;1;1;1;AUTOROUTE A86;48,87923146;2,47630036
202300002717;23;3;2023;14:45;1;94;94028;2;1;1;6;Route de Choisy;48,786443;2,449796
202300002718;16;10;2023;10:00;1;93;93046;2;9;1;2;ARISTIDE BRIAND AVENUE;48,91145634;2,51683474
202300002719;8;6;2023;07:55;1;6;6069;2;1;1;3;SAINT EXUPERY (AVENUE ANTOINE DE);43,66217;6,9342
202300002720;7;6;2023;19:25;1;75;75120;2;1;1;2;BD PERIPHERIQUE EXTERIEUR;48,859908;2,414207
202300002721;25;10;2023;04:00;5;93;93046;2;2;2;3;Avenue Vauban / Avenue Paul Bert;48,91897597;2,52456047
202300002722;25;3;2023;11:50;1;94;94017;2;2;1;5;Boulevard de Stalingrad;48,82170029;2,49875852
202300002723;8;6;2023;01:25;5;75;75106;2;3;1;3;RUE DE SEVRES;48,848228;2,320196
202300002724;31;10;2023;19:00;5;93;93046;2;2;2;1;Boulevard Gutenberg / Avenue Vauban;48,91295;2,51838
202300002725;24;3;2023;16:10;1;94;94017;2;2;2;2;Rue Charles Floquet;48,81486548;2,48118791
202300002726;7;6;2023;18:40;1;75;75120;2;9;1;3;BOULEVARD DE MENILMONTANT;48,863085;2,38736
202300002727;1;10;2023;09:35;1;93;93046;2;3;1;6;Avenue Aristide Briand / Avenue de Sully;48,91216;2,52135
202300002728;8;6;2023;14:50;1;75;75119;2;1;1;6;AVENUE DE LA PORTE DU PRE SAINT GERVAIS;48,880942;2,401646
202300002729;24;3;2023;10:30;1;94;94017;2;1;1;3;Boulevard de Stalingrad;48,81948408;2,5019403
202300002730;9;10;2023;09:24;1;93;93074;2;1;1;3;Rue de Meaux;48,93431255;2,5645633
202300002731;18;12;2023;18:10;5;44;44109;2;3;8;3;6 Rue du Cherche Midi;47,2080671;-1,52697702
202300002732;24;3;2023;15:00;1;93;93066;2;1;1;6;Boulevard Félix Faure;48,93862;2,357877
202300002733;8;6;2023;20:20;1;75;75116;2;2;1;3;RUE NUNGESSER ET COLI;48,842445;2,251391
202300002734;28;9;2023;00:30;5;93;93046;2;1;1;6;Avenue Emile Gérard;48,92124;2,52301
202300002735;8;6;2023;16:20;1;75;75116;2;1;1;6;AVENUE DE NEW YORK;48,863697;2,297769
202300002736;24;3;2023;20:30;5;93;93055;2;1;8;3;Avenue Jean Jaurès;48,90961;2,39871
202300002737;16;12;2023;22:58;3;44;44109;2;1;8;7;Boulevard Benoît Frachon;47,20742886;-1,58089759
202300002738;8;6;2023;12:55;1;75;75116;2;2;1;6;AVENUE D IENA;48,869485;2,295604
202300002739;8;6;2023;09:00;1;75;75116;2;1;1;3;AVENUE VICTOR HUGO;48,869076;2,283949
202300002740;15;12;2023;15:30;1;44;44109;2;1;8;6;4 Place de l'Ecluse;47,21631892;-1,55622352
202300002741;24;3;2023;16:00;1;93;93053;2;1;2;3;Avenue de Rosny;48,89018;2,47121
202300002742;16;12;2023;09:00;1;9;9160;2;1;1;2;rue jean jaures;42,932469;1,84765
202300002743;7;6;2023;13:30;1;75;75115;2;7;1;2;BOULEVARD DE GRENELLE;48,848159;2,300652
202300002744;10;12;2023;10:30;1;9;9167;1;3;1;7;D919;43,292619;1,341738
202300002745;25;3;2023;17:40;1;93;93051;2;1;1;5;Boulevard Paul Pambrun;48,85025;2,55376
202300002746;7;6;2023;10:55;1;75;75115;2;3;1;6;RUE SAINT CHARLES;48,841239;2,280816
202300002747;5;12;2023;17:30;2;9;9282;1;1;1;1;D820;43,24560911;1,574049
202300002748;24;3;2023;16:55;1;93;93051;2;3;2;6;Avenue du Fort / Avenue Médéric;48,83022;2,55889
202300002749;14;12;2023;17:45;5;66;66017;2;9;1;1;Rue Annibal;42,803123;3,037173
202300002750;8;6;2023;20:45;2;75;75113;2;3;1;3;AVENUE D ITALIE;48,824442;2,35781
202300002751;10;11;2023;15:55;1;13;13076;1;3;1;2;D26;43,815919;5,01716
202300002752;6;6;2023;22:15;5;75;75113;2;2;1;2;BOULEVARD KELLERMANN;48,819143;2,359461
202300002753;24;3;2023;15:20;1;93;93049;2;1;8;6;6 Boulevard Galliéni;48,85260319;2,51265451
202300002754;14;12;2023;15:40;1;44;44143;2;3;8;2;32 Avenue de la libération;47,19157212;-1,54894626
202300002755;8;6;2023;11:30;1;75;75112;2;2;1;6;COURS DE VINCENNES;48,847805;2,39909
202300002756;12;12;2023;07:53;2;44;44109;2;-1;8;6;Rue André Tardieu;47,20900621;-1,53745707
202300002757;24;3;2023;17:10;1;93;93048;2;3;2;3;Boulevard Aristide Briand / Rue Claude Bernard;48,87012;2,45037
202300002758;8;6;2023;08:30;1;75;75112;2;2;1;6;AVENUE DU GENERAL MICHEL BIZOT;48,836675;2,403511
202300002759;12;12;2023;11:00;1;44;44109;2;3;8;3;46 Boulevard de la Solidarité;47,21652753;-1,59160786
202300002760;24;3;2023;17:00;1;93;93046;2;1;6;7;9 Boulevard Jean Jaurès;48,91669937;2,53019281
202300002761;11;12;2023;10:10;1;44;44109;2;1;8;6;6 Rue Casimir Perier;47,22932254;-1,56627441
202300002762;9;12;2023;19:20;5;44;44109;2;1;8;6;171 Route de Sainte Luce;47,23705707;-1,51725
202300002763;8;6;2023;12:30;1;75;75109;2;2;1;3;RUE BLANCHE;48,882791;2,332057
202300002764;25;3;2023;18:34;1;93;93031;2;3;1;6;67 Rue Félix Merlin / Rue de Dijon;48,95534648;2,29526952
202300002765;8;12;2023;19:49;5;44;44109;2;1;8;7;7 Cours des 50 Otages;47,219707;-1,5555997
202300002766;8;6;2023;09:16;1;94;94078;2;1;1;6;Place Pierre Semard;48,730406;2,446912
202300002767;7;12;2023;19:00;5;44;44143;2;1;8;6;64 Rue de la Commune de 1871;47,1884919;-1,5513899
202300002768;7;12;2023;20:35;5;44;44109;2;-1;8;7;46 Rue Joseph Doury;47,23002828;-1,51801308
202300002769;8;6;2023;08:45;1;94;94078;2;1;1;6;Avenue Léo Lagrange;48,73081877;2,45912641
202300002770;25;3;2023;08:45;1;93;93029;2;1;1;3;Rue Anatole France;48,928951;2,452892
202300002771;7;12;2023;08:45;2;44;44162;2;1;8;6;Boulevard Salvardor Allende;47,22221355;-1,63767922
202300002772;8;6;2023;21:40;2;94;94046;2;2;1;3;Avenue de la République;48,80284;2,43411
202300002773;7;12;2023;12:00;1;44;44162;2;6;8;6;66 Avenue de la Bouvardière;47,23832964;-1,5958259
202300002774;6;12;2023;09:50;1;44;44109;2;1;1;7;6 Boulevard des Américains;47,23565091;-1,56888092
202300002775;24;3;2023;17:30;1;93;93027;2;2;2;3;Avenue Jean Jaurès / Rue Raspail;48,92567;2,39681
202300002776;5;12;2023;15:40;1;44;44109;2;1;8;6;13 Boulevard du Tertre;47,21828347;-1,60381851
202300002777;8;6;2023;11:00;1;94;94046;2;2;1;2;Rue Jean Jaurès;48,79752338;2,43322767
202300002778;5;12;2023;12:25;1;44;44109;1;1;8;2;Pont de Cheviré;47,19326425;-1,61347387
202300002779;24;3;2023;10:40;1;93;93027;2;1;8;6;Allée Philippe Roux;48,92697998;2,39249906
202300002780;4;12;2023;09:16;1;44;44109;2;6;8;3;82 Route de Rennes;47,25409546;-1,5763507
202300002781;8;6;2023;18:45;2;94;94043;2;1;1;2;Place Jean Jaures;48,81228;2,35723
202300002782;8;6;2023;03:30;5;94;94076;2;1;1;7;Boulevard Maxime Gorki;48,799774;2,365551
202300002783;4;12;2023;18:30;5;44;44143;2;3;8;6;49 Rue de la Chesnaie;47,17766267;-1,56130978
202300002784;23;3;2023;21:24;5;93;93027;2;1;2;6;Avenue Paul Vaillant Couturier;48,9214;2,41148
202300002785;1;12;2023;20:00;3;44;44162;2;3;1;1;Boulevard Charles de Gaulle;47,21834978;-1,64748484
202300002786;7;6;2023;19:45;1;94;94081;2;2;1;3;Avenue Rouget de Lisle;48,77819;2,39648
202300002787;1;12;2023;03:30;5;44;44109;2;1;1;7;107 Rue de Coulmiers;47,22527681;-1,53996691
202300002788;25;3;2023;17:45;1;93;93005;2;1;1;6;Boulevard Marc Chagall;48,952612;2,497502
202300002789;29;11;2023;17:30;3;44;44162;1;1;8;3;N/A;47,204;-1,623
202300002790;8;6;2023;19:40;1;94;94073;1;1;1;2;N186B;48,753558;2,376021
202300002791;28;11;2023;08:15;2;44;44143;2;6;8;6;28 Rue François Marchais;47,18854137;-1,57279846
202300002792;7;6;2023;15:00;1;94;94011;2;9;1;3;Route de Stains;48,78259078;2,4945095
202300002793;27;11;2023;16:35;2;44;44109;1;2;8;3;17 Rue George Sand;47,22251686;-1,57217117
202300002794;25;3;2023;16:00;1;93;93005;2;2;1;3;Rue Paul Vaillant Couturier / Av du Mal de Lattre de Tassigny;48,92947;2,48678
202300002795;8;6;2023;19:35;1;93;93031;2;1;1;3;Avenue de Lattre de Tassigny;48,95779277;2,30967183
202300002796;25;11;2023;12:29;1;44;44143;2;3;8;2;112 Rue Aristide Briand;47,17790435;-1,54427701
202300002797;23;11;2023;17:40;5;44;44190;2;1;8;3;19 Rue des Bignons;47,19931095;-1,49825057
202300002798;8;6;2023;19:52;1;93;93027;2;1;1;6;Rue de la Convention;48,92760672;2,39200749
202300002799;23;12;2023;14:11;1;74;74282;1;9;1;2;A41;45,987678;6,127657
202300002800;25;3;2023;08:27;1;93;93005;2;9;1;3;Avenue Charles de Gaulle;48,931341;2,484792
202300002801;8;6;2023;07:40;1;93;93014;2;1;1;3;Allée de Montfermeil;48,8975297;2,53338926
202300002802;17;12;2023;15:45;1;74;74108;1;1;7;6;D1508;45,828986;6,188342
202300002803;8;6;2023;15:30;1;93;93007;2;1;1;6;Chemin de Notre Dame;48,95291114;2,44374043
202300002804;31;12;2023;11:55;1;74;74133;2;1;3;3;ZONE (ROUTE DE);46,18333;6,2166
202300002805;24;3;2023;00:01;5;93;93027;2;6;2;6;Place du Huit Mai 1945;48,920859;2,41034
202300002806;21;12;2023;22:00;3;74;74041;1;9;3;6;D22;46,298486;6,6742
202300002807;8;6;2023;17:50;1;93;93007;2;2;1;3;Avenue Henri Barbusse / Rue Maxime Gorki;48,94015807;2,46248309
202300002808;21;12;2023;21:20;3;74;74128;1;1;2;6;D20;46,157384;6,347694
202300002809;22;3;2023;15:00;1;92;92072;2;2;8;3;VILLE D'AVRAY (RUE DE );48,82585161;2,20270112
202300002810;8;6;2023;19:00;1;92;92051;2;2;7;3;MAILLOT (BOULEVARD);48,87889;2,27076
202300002811;21;12;2023;14:41;1;74;74159;1;1;2;1;D1205;46,010275;6,626574
202300002812;8;6;2023;16:50;1;92;92020;2;1;1;6;PARIS AVENUE DE N°2 A82;48,805868;2,291856
202300002813;24;3;2023;09:39;1;92;92064;2;1;1;3;MARCEL DASSAULT;48,85461665;2,22274728
202300002814;19;12;2023;01:00;4;74;74191;2;1;9;1;Route de la combe à zore;46,187221;6,692433
202300002815;17;12;2023;08:10;2;74;74105;2;2;1;6;Avenue des voirons;46,30575;6,301389
202300002816;8;6;2023;03:10;5;92;92020;2;2;1;1;REPUBLIQUE AV. N°27 A 105 ET 26 A 178;48,804;2,2978
202300002817;8;12;2023;16:55;5;74;74112;1;3;2;6;rue du commerce;45,938169;6,074163
202300002818;24;3;2023;17:35;1;92;92063;2;1;2;2;LECLERC DE HAUTECLOQUE (AVENUE DU MARECH;48,8585;2,19142
202300002819;18;12;2023;16:00;1;74;74026;1;1;1;7;Route de la léchère;45,970623;6,049921
202300002820;7;6;2023;17:45;1;92;92020;2;6;1;3;REPUBLIQUE AV. N°27 A 105 ET 26 A 178;48,802316;2,296826
202300002821;30;11;2023;16:40;5;74;74123;2;1;2;6;Rue simon tissot dupont;45,745935;6,295102
202300002822;7;6;2023;15:32;1;92;92025;2;1;1;3;VALMY (BD DE);48,930906;2,255201
202300002823;2;11;2023;03:50;3;74;74044;1;1;8;6;A40;46,15010056;6,15113708
202300002824;24;3;2023;21:00;5;92;92050;2;2;1;3;MARTIN HENRI AVENUE;48,89471;2,19269
202300002825;23;10;2023;21:50;5;74;74042;1;9;8;5;RD1205;46,06898702;6,44443651
202300002826;6;6;2023;11:15;1;92;92004;2;1;1;5;DOCTEUR DERVAUX  ( QUAI DU );48,90927;2,2936
202300002827;21;9;2023;15:00;1;35;35176;2;3;1;3;D777;47,825452;-1,853986
202300002828;6;6;2023;19:30;1;92;92004;2;1;1;2;PONT DE CLICHY;48,91146;2,29861
202300002829;25;3;2023;20:30;5;92;92020;2;1;2;6;PARIS AVENUE DE N° IMPAIRS;48,807697;2,294797
202300002830;28;10;2023;18:40;3;62;62203;1;2;3;3;D215;50,846272;1,903188
202300002831;7;6;2023;17:30;1;76;76517;1;9;1;4;A28;49,504701;1,177554
202300002832;13;10;2023;14:00;1;22;22391;1;1;8;1;le Bas Fouénard;48,32268521;-2,16644883
202300002833;24;3;2023;20:35;4;92;92049;2;2;2;6;BRIAND AVENUE ARISTIDE N°2 A 114;48,81751822;2,32557714
202300002834;22;11;2023;11:30;1;44;44162;2;1;1;6;Avenue de Cheverny;47,24184924;-1,59976932
202300002835;7;6;2023;16:55;1;22;22237;1;1;9;6;la millière;48,524634;-2,259343
202300002836;22;11;2023;14:20;1;44;44109;2;1;8;6;41 Rue Général Buat;47,23143063;-1,53822899
202300002837;18;11;2023;21:40;5;44;44109;2;2;1;3;38 Rue Ledru Rollin;47,19381511;-1,53566195
202300002838;4;6;2023;01:20;3;33;33166;2;2;1;2;Le Bourg;45,06051;-0,030663
202300002839;22;3;2023;19:02;1;92;92036;2;1;1;2;CAMELINAT (BOULEVARD) (2 AU 66);48,9304;2,30122
202300002840;18;11;2023;11:15;1;44;44109;2;3;8;1;Place Primil;47,19777363;-1,5423882
202300002841;8;6;2023;08:29;1;6;6161;2;1;1;3;Avenue des Plans;43,654772;7,12505
202300002842;16;11;2023;08:00;2;44;44109;2;2;1;6;5 Avenue Chanzy;47,22461592;-1,54666109
202300002843;24;3;2023;11:45;1;92;92035;2;1;1;3;National ( boulevard );48,90596534;2,23896325
202300002844;15;11;2023;08:10;2;44;44109;2;2;8;3;3 Cours Olivier De Clisson;47,21329053;-1,55442805
202300002845;7;6;2023;17:45;1;49;49092;1;3;1;3;D160 SAINT GEORGES DES GARDES 49120;47,165151;-0,753711
202300002846;15;11;2023;14:20;1;44;44109;2;1;8;7;Rue Voltaire;47,21220577;-1,56509438
202300002847;14;11;2023;13:00;1;44;44109;2;1;8;6;151 Rue des Hauts Pavés;47,22849505;-1,57128766
202300002848;8;6;2023;14:15;1;974;97412;2;1;1;6;170 Boulevard de l'Océan;-21,371845;55,58476