Num_Acc;jour;mois;an;hrmn;lum;dep;com;agg;int;atm;col;adr;lat;long
202300002849;10;11;2023;16:15;1;44;44190;2;3;8;6;277 Route de Clisson;47,18838198;-1,49852454
202300002850;24;3;2023;16:10;1;92;92025;2;1;8;6;BOURNARD (RUE DU);48,92286;2,25538
202300002851;31;5;2023;14:15;1;972;97227;1;1;1;1;Voie No 5 Lot les Cerisiers;14,468521;-60,923366
202300002852;10;11;2023;10:15;1;44;44109;2;6;8;3;1 Place Beaumanoir;47,21273421;-1,57170925
202300002853;8;11;2023;09:25;1;44;44109;2;1;8;3;34 Boulevard Bénoni Goullin;47,20168532;-1,55390251
202300002854;9;6;2023;14:45;1;76;76616;1;1;1;3;Côte de Gournay;49,527604;0,230477
202300002855;30;12;2023;23:00;3;93;93066;1;1;1;2;AUTOROUTE A86;48,92195;2,3599
202300002856;23;3;2023;20:45;5;92;92025;2;3;1;3;MONTS CLAIRS (AV VILLA RUE);48,919108;2,255542
202300002857;9;6;2023;05:30;1;1;1446;1;1;1;7;D936;46,040189;4,859712
202300002858;8;6;2023;12:20;1;14;14027;1;1;1;7;D54;49,004547;-0,6318
202300002859;30;12;2023;01:20;3;93;93007;1;1;1;1;AUTOROUTE A3;48,91857885;2,47854047
202300002860;23;3;2023;19:20;3;92;92025;2;1;1;6;PAUL BERT (RUE);48,929971;2,245869
202300002861;29;12;2023;13:15;1;69;69382;2;1;2;2;Quai Perrache;45,73250407;4,81721373
202300002862;2;12;2023;13:35;1;15;15012;1;1;8;6;RD 617;44,87754;2,4088
202300002863;5;6;2023;18:50;1;84;84025;1;2;1;3;intersection D2 et D148;43,879312;5,156085
202300002864;8;6;2023;17:40;1;85;85144;1;9;2;6;le Bois Trieau;46,844108;-1,121657
202300002865;23;3;2023;07:25;1;92;92025;2;2;2;1;VALMY> 68   55 (BD DE);48,934308;2,255856
202300002866;29;11;2023;09:30;1;13;13211;1;1;1;6;A50-Sens Aubagne vers Marseille;43,29297841;5,47637741
202300002867;9;6;2023;10:10;1;44;44129;1;1;1;3;;47,44339988;-2,08134592
202300002868;20;11;2023;19:00;3;13;13214;1;1;1;2;A7-Sens Lyon vers Marseille;43,32836;5,37825
202300002869;6;6;2023;11:00;1;66;66050;2;9;1;6;;42,759564;2,944109
202300002870;23;3;2023;14:00;1;92;92024;2;2;1;3;VICTOR HUGO (BD);48,899958;2,314383
202300002871;24;8;2023;16:30;1;60;60577;1;1;1;1;Route Nationale 31;49,461486;1,76719
202300002872;8;6;2023;07:40;1;30;30060;2;1;1;2;Chemin de la Carreirasse (Pont);43,799559;4,386914
202300002873;17;11;2023;19:46;3;13;13106;1;1;1;2;A7-Sens Marseille vers Lyon;43,38390643;5,35110591
202300002874;28;5;2023;10:50;1;57;57275;1;1;1;7;D79;49,019071;6,683936
202300002875;17;11;2023;14:42;1;13;13203;1;1;1;2;A557-Liaison A7 Marseille-A55 Marseille;43,319;5,368
202300002876;25;3;2023;15:00;1;80;80668;2;1;6;1;25 Grande Rue;49,787002;2,379428
202300002877;8;6;2023;19:00;1;51;51027;1;9;1;1;D3;49,034509;4,692888
202300002878;23;8;2023;17:00;1;18;18278;1;2;1;3;N/A;46,57022;2,455852
202300002879;18;11;2023;09:58;1;13;13071;1;1;1;3;A55 - Sens Marseille vers Martigues;43,39721579;5,28706226
202300002880;26;3;2023;12:15;1;60;60357;1;1;3;7;D58;49,500458;2,539172
202300002881;8;6;2023;04:50;3;51;51388;1;1;1;6;CD 19;49,150107;4,398136
202300002882;23;8;2023;19:30;1;16;16065;1;1;9;6;LIEU DIT LE PETIT VIGNAUD;46,083151;0,816261
202300002883;8;11;2023;07:20;5;13;13212;1;1;1;2;A507 sens Marseille - Aubagne;43,3005;5,4251
202300002884;5;6;2023;21:05;1;56;56249;1;1;1;6;Bel Air;47,942474;-2,416925
202300002885;21;8;2023;17:30;1;7;7258;1;1;7;7;D121;45,146589;4,465336
202300002886;7;11;2023;17:40;2;13;13088;1;1;1;2;A55-Sens Marseille vers Martigues;43,38315;5,22875
202300002887;25;3;2023;06:35;1;47;47040;2;1;1;1;Avenue des Landes;44,197382;0,558972
202300002888;10;5;2023;10:00;1;56;56008;1;1;1;6;Kerfraval D316;47,610619;-2,914746
202300002889;21;8;2023;17:45;1;21;21414;1;1;7;7;voie communale 11;47,142949;4,507994
202300002890;2;11;2023;21:05;3;93;93073;2;9;1;2;Rue du Chapitre;49,00326053;2,53684187
202300002891;7;6;2023;16:45;1;76;76197;1;1;1;5;D149;49,779407;1,076113
202300002892;7;11;2023;08:45;1;44;44109;2;3;1;3;158 Boulevard des Anglais;47,22399688;-1,58443897
202300002893;20;8;2023;19:14;1;21;21412;2;2;1;3;Rue de la Gare;46,971742;4,786826
202300002894;25;3;2023;23:50;3;974;97404;1;1;1;6;sortie 19 RN1;-21,26505;55,339776
202300002895;30;10;2023;16:45;1;44;44143;2;6;1;6;Rue des Sorinières;47,15777302;-1,54161036
202300002896;9;6;2023;16:45;1;2A;2A271;2;1;1;6;T22;41,957492;8,801154
202300002897;23;8;2023;19:25;1;24;24129;1;3;1;3;d78 - LES DANES;45,365214;0,734088
202300002898;14;11;2023;19:00;3;93;93051;1;1;1;3;A4;48,83534;2,56962
202300002899;24;3;2023;15:00;1;26;26324;1;1;1;4;A7 PK 141.500 vers nord;44,347484;4,73794
202300002900;8;6;2023;12:00;1;2A;2A271;1;3;1;6;T22;41,95267772;8,78619321
202300002901;23;8;2023;21:25;3;85;85096;2;1;1;6;Rue de la Minoterie;46,894268;-1,848332
202300002902;7;11;2023;07:00;3;93;93051;1;1;1;3;A4;48,83627877;2,55459225
202300002903;25;3;2023;15:50;1;65;65153;1;1;1;7;D21;43,237747;0,201616
202300002904;7;6;2023;19:20;1;2B;2B251;2;3;1;3;Casamozza;41,98982;9,401727
202300002905;2;11;2023;06:00;3;93;93051;1;1;6;7;A4;48,83656;2,54396
202300002906;8;6;2023;19:53;1;2B;2B150;1;1;1;7;rt30;42,573231;8,830658
202300002907;25;3;2023;19:00;2;72;72260;1;1;2;2;Lieu Dit les Hunaudieres;47,953202;0,229318
202300002908;19;8;2023;14:00;1;17;17140;1;1;1;3;Route des Huîtres;45,924584;-1,23439
202300002909;30;10;2023;20:40;3;44;44035;1;-1;8;3;N/A;47,25712133;-1,54665023
202300002910;25;3;2023;17:30;1;41;41184;1;1;1;6;La Triffardiere;47,668454;0,909843
202300002911;5;6;2023;07:50;1;82;82131;1;1;1;3;1110 Route de Caussade;44,230748;1,473767
202300002912;30;10;2023;17:15;1;44;44109;2;9;8;6;Place de Bretagne;47,2176653;-1,55904649
202300002913;24;8;2023;12:30;1;87;87154;1;2;7;3;Lieu Dit la Grosse Borne;45,864672;0,899001
202300002914;31;8;2023;10:16;1;38;38389;1;1;1;7;Route du Revoireau;45,5443;5,05956
202300002915;8;6;2023;18:45;1;32;32190;2;3;1;3;place de l'armagnac;43,799988;0,22655
202300002916;28;10;2023;02:15;5;44;44109;2;1;8;3;52 Boulevard Joliot Curie;47,19452023;-1,53292799
202300002917;23;8;2023;19:55;1;30;30210;2;2;1;3;Avenue de l'Aigoual;43,911003;4,000681
202300002918;26;3;2023;09:45;1;19;19229;1;1;1;2;A89;45,164142;1,452545
202300002919;27;10;2023;07:40;2;44;44109;2;1;8;3;Bouelvard de la Prairie de Mauves;47,23022602;-1,48827211
202300002920;24;8;2023;19:20;2;48;48027;1;1;1;7;D6;44,554271;3,787966
202300002921;9;6;2023;19:35;2;63;63179;1;1;2;1;pont de chantemerle;45,622119;3,72135
202300002922;21;10;2023;17:00;2;44;44162;2;1;8;6;20 Rue Jean Jacques Rousseau;47,22960867;-1,6016249
202300002923;26;3;2023;05:30;3;51;51391;1;1;2;1;N31;49,2747;3,868175
202300002924;28;5;2023;12:00;1;61;61210;1;4;1;3;Intersection D29/D784;48,683852;-0,122952
202300002925;24;8;2023;08:18;1;31;31255;1;2;1;3;intersection N125 / D825;43,04369;0,593232
202300002926;24;3;2023;12:10;1;19;19010;2;6;2;7;D1120;45,090936;1,932654
202300002927;26;12;2023;11:25;1;88;88319;2;1;1;3;Rue de l'Hôtel de Ville;48,379432;6,91202
202300002928;9;6;2023;12:00;1;55;55060;1;1;1;3;D154;49,104647;5,568588
202300002929;25;3;2023;20:25;3;59;59337;1;1;8;1;18 Route de Saint Omer;50,810057;2,293096
202300002930;22;12;2023;13:15;1;88;88290;1;3;2;2;D674;48,438362;5,783068
202300002931;20;8;2023;17:45;1;1;1067;1;1;1;1;A40 PK 129.070;46,127426;5,501436
202300002932;31;5;2023;20:00;2;49;49069;1;1;7;1;L'Epinaiserie (Champtoceaux);47,310158;-1,274419
202300002933;25;12;2023;05:25;4;88;88251;1;1;1;6;D32;48,323501;6,771612
202300002934;26;3;2023;03:50;3;82;82127;1;1;1;6;Route de Laujol;44,165506;1,115917
202300002935;10;7;2023;18:45;1;35;35353;2;1;1;3;Route de Lorient;48,10492252;-1,740987
202300002936;7;6;2023;10:00;1;12;12056;2;1;1;6;Avenue de Toulouse;44,27676;2,430279
202300002937;18;12;2023;13:45;1;88;88320;2;1;7;6;Chemin des Goutys;48,287473;7,003677
202300002938;25;3;2023;22:20;5;65;65455;2;1;1;6;6 Route de Cantaous;43,083245;0,439662
202300002939;9;6;2023;00:05;3;34;34223;1;1;1;1;D909;43,428333;3,2232
202300002940;21;8;2023;19:20;1;13;13058;2;1;1;1;65 Avenue de la Vallée des Baux;43,720856;4,805392
202300002941;26;12;2023;15:18;1;10;10220;1;1;2;4;RD619;48,50064;3,799553
202300002942;8;6;2023;19:15;1;44;44006;1;1;2;6;28 Rue du Calvaire;47,429423;-2,385873
202300002943;24;8;2023;10:19;1;28;28392;1;1;1;6;autoroute A10 point kilométrique 061+260 direction Orléans (45);48,234734;1,849566
202300002944;1;12;2023;12:15;1;10;10224;2;2;1;3;Rue Gambetta;48,404406;3,729719
202300002945;24;3;2023;17:00;1;65;65375;1;2;1;6;D5;43,372886;0,153841
202300002946;21;8;2023;08:00;1;987;98722;2;1;1;6;Descente Atima;-17,509514;-149,485377
202300002947;8;6;2023;17:15;1;35;35122;2;3;1;1;Rue d'Aleth;48,604436;-1,896064
202300002948;24;7;2023;13:45;1;34;34289;2;4;1;3;D13;43,394188;3,411469
202300002949;7;6;2023;16:30;1;3;3093;1;1;1;2;Rue du Mourgon;46,185492;3,465364
202300002950;13;9;2023;18:00;1;93;93066;1;1;1;4;AUTOROUTE A1;48,909;2,35809
202300002951;22;8;2023;17:20;1;987;98729;1;1;1;3;RT 91 PK 8 - Afareaitu;-17,577;-150,202
202300002952;25;3;2023;19:25;2;33;33384;1;1;8;6;Lieu Dit Guillemot;44,887533;-0,127839
202300002953;7;6;2023;17:00;1;70;70467;2;1;1;3;Avenue d'Augrogne;47,882844;6,2675221
202300002954;25;10;2023;20:20;5;44;44162;2;6;1;3;17 Rue Jacques Cartier;47,22567404;-1,63539351
202300002955;22;8;2023;12:38;1;974;97408;1;1;1;7;N1;-20,930689;55,331118
202300002956;23;10;2023;19:15;3;44;44162;2;1;1;6;31 Avenue du Parnasse;47,23338909;-1,5946152
202300002957;26;3;2023;17:30;1;71;71014;2;1;7;6;Rue de la Croix Blanche;46,956605;4,302255
202300002958;9;6;2023;09:50;1;26;26118;2;2;1;3;Chemin du Bois de Seyve;45,316932;4,954716
202300002959;23;8;2023;21:30;3;973;97311;1;1;1;5;Route départementale 9, PK 8+100;5,550252;-53,936911
202300002960;21;10;2023;19:11;4;44;44109;2;6;1;3;Rue des Dervallières;47,22190912;-1,57879487
202300002961;6;6;2023;17:48;1;72;72253;2;9;1;1;Route de la Suze;47,894971;0,056828
202300002962;26;3;2023;17:32;1;61;61214;2;1;8;6;Voie Communale;48,765821;0,631703
202300002963;8;6;2023;04:35;3;6;6150;1;1;1;7;Avenue de Cap d'Ail;43,729705;7,393013
202300002964;20;10;2023;07:45;2;44;44109;2;1;1;2;57 Rue Amiral Du Chaffault;47,20737387;-1,5826348
202300002965;20;8;2023;11:50;1;33;33333;1;1;1;4;route du temple;44,87572;-1,046813
202300002966;20;10;2023;19:10;4;44;44143;2;6;8;6;Rue de la Gamalière;47,17300056;-1,55484931
202300002967;25;3;2023;16:45;1;42;42149;2;1;1;1;Avenue des Sources;45,639701;4,234972
202300002968;7;6;2023;01:10;3;50;50464;1;1;1;7;route de l'abbaye;49,009726;-1,378586
202300002969;20;8;2023;07:50;1;45;45051;2;1;1;6;Rue de Chateaubriand;47,828268;2,389956
202300002970;11;8;2023;19:15;1;10;10333;2;3;1;3;THIERS (RUE);48,28495;4,0671
202300002971;8;6;2023;18:15;1;50;50158;1;1;1;3;D48;48,724406;-1,098676
202300002972;24;3;2023;20:15;5;44;44069;1;1;2;1;1097 route de saint-lyphard;47,341142;-2,407363
202300002973;9;8;2023;12:44;1;10;10333;2;2;1;1;Rue Pierre de Celle;48,2811;4,0469
202300002974;9;6;2023;09:05;1;60;60319;1;1;1;1;D981;49,35036006;1,93523955
202300002975;18;8;2023;22:34;3;45;45039;2;3;1;1;D948 PR 30 + 475;47,796242;2,381576
202300002976;7;6;2023;06:45;2;45;45148;2;1;1;6;30 Rue du Val;48,071487;2,763993
202300002977;24;3;2023;23:30;3;29;29174;2;1;1;6;Rue Jules Ferry;47,903077;-4,284534
202300002978;20;10;2023;21:55;5;44;44109;2;3;8;6;Avenue Général de Gaulle;47,20672728;-1,53969386
202300002979;24;3;2023;19:00;2;2;2232;1;1;8;7;N/A;49,189315;2,984113
202300002980;5;8;2023;19:55;1;10;10081;2;1;8;3;JULES FERRY (RUE);48,315;4,06078
202300002981;21;8;2023;15:30;1;45;45316;1;1;1;1;D2060 PR 60 + 265;47,934961;2,346737
202300002982;9;6;2023;17:35;1;18;18126;1;1;1;5;;46,934455;2,402261
202300002983;19;10;2023;17:07;1;44;44109;2;1;1;6;Rue Henri IV;47,2164812;-1,5468106
202300002984;25;3;2023;16:30;1;66;66222;2;1;1;6;15 Boulevard des Pyrénées;42,549121;2,385347
202300002985;7;6;2023;21:30;2;36;36120;1;1;1;6;le relais;46,68971218;1,89512014
202300002986;17;10;2023;10:40;1;44;44114;2;1;1;2;87 Avenue de la Patouillerie;47,2452705;-1,58123304
202300002987;9;6;2023;11:45;1;36;36140;1;1;1;7;Poudeau;46,879265;1,834559
202300002988;19;8;2023;14:45;1;91;91461;1;9;1;3;D116d;48,593853;2,212533
202300002989;25;3;2023;17:45;1;72;72381;2;1;1;7;Zone D Activite Za Actival Lieu Dit Les Clottees;47,944231;0,111681
202300002990;17;10;2023;07:20;2;44;44162;2;6;1;6;277 Boulevard Marcel Paul;47,22949926;-1,63390338
202300002991;8;6;2023;17:20;1;53;53043;1;1;1;7;route départementale 557;48,163037;-0,542922
202300002992;14;10;2023;19:15;1;44;44143;2;1;1;7;28 Rue du Lieutenant de Monti;47,18658072;-1,55722553
202300002993;23;8;2023;05:50;2;91;91587;1;1;1;6;N 20;48,68862;2,28631
202300002994;9;6;2023;05:25;2;24;24067;1;1;1;6;1173 Chemin de Nivelle;44,933727;0,914183
202300002995;25;3;2023;20:40;3;60;60030;1;1;2;5;D927;49,367731;2,105942
202300002996;14;10;2023;11:55;1;44;44162;2;3;8;6;46 Rue de la Porchellerie;47,22248552;-1,66763614
202300002997;8;6;2023;01:00;3;24;24481;1;1;1;6;86 Route de la Coquille;45,481314;0,998206
202300002998;14;10;2023;11:25;1;44;44109;1;6;8;6;Rond-Point Abel Durant;47,22107017;-1,6023926
202300002999;22;8;2023;13:40;1;66;66140;1;1;1;1;N/A;42,693073;2,757314
202300003000;8;6;2023;21:10;2;4;4233;1;1;1;7;D4;44,275811;5,932446
202300003001;25;3;2023;19:00;1;18;18270;1;1;1;3;Route de Farges;46,760841;2,378883
202300003002;22;8;2023;09:00;1;66;66037;2;1;1;3;N/A;42,70150063;3,0142504
202300003003;25;3;2023;16:15;1;36;36016;2;1;1;6;Rue de l’Abbe Pigeaud;46,550463;1,156668
202300003004;9;6;2023;17:00;1;4;4008;1;1;2;1;rn 202;43,945218;6,689483
202300003005;13;10;2023;13:00;1;44;44109;1;1;1;2;Pont de Cheviré;47,19224239;-1,61349714
202300003006;21;8;2023;23:20;3;84;84068;2;1;1;6;Route de Vaugines;43,767483;5,37019
202300003007;26;3;2023;13:00;1;7;7343;1;6;1;6;Rond-Point aérodrome D104;44,541005;4,351144
202300003008;6;6;2023;12:00;1;85;85246;1;2;1;3;intersection RD52 RD29;46,715628;-1,241927
202300003009;9;10;2023;08:50;2;44;44109;2;1;1;3;546 Route de Saint Joseph;47,27682103;-1,51227741
202300003010;21;8;2023;12:15;1;84;84054;1;1;1;6;D938;43,88382;5,041137
202300003011;4;10;2023;06:20;2;44;44109;2;1;1;7;14 Rue Léon Maître;47,21398575;-1,55315757
202300003012;26;3;2023;19:30;2;85;85146;1;1;1;6;la mussetière;47,016012;-1,359569
202300003013;9;6;2023;00:40;3;17;17032;1;1;9;7;Rue des Rampots;46,050748;-0,958289
202300003014;4;10;2023;12:25;1;44;44109;2;2;8;3;38 Rue Grande Biesse;47,20572266;-1,54879645
202300003015;23;8;2023;22:10;3;84;84141;2;1;1;1;Route de Morières;43,970411;4,896297
202300003016;8;6;2023;12:00;1;37;37033;1;1;7;1;D725;46,83719942;0,89757442
202300003017;2;10;2023;11:00;1;44;44109;2;1;8;7;15 Boulevard Emile Gabory;47,19624216;-1,53058731
202300003018;8;6;2023;15:30;1;30;30227;2;1;1;2;Boulevard du Portalet;44,26058;4,198081
202300003019;25;3;2023;18:44;1;17;17448;1;2;1;3;Le bois de la coudrée;45,977539;-0,75296
202300003020;21;8;2023;17:35;1;83;83042;2;3;1;1;221 Route des Mines;43,250212;6,52449
202300003021;3;10;2023;07:40;5;44;44162;2;1;8;3;11 Avenue des Thébaudières;47,24410805;-1,60646591
202300003022;5;6;2023;16:40;1;48;48128;1;1;1;7;ZI de Pont Archat;44,753484;3,283249
202300003023;4;6;2023;21:00;2;31;31341;1;1;1;6;Route de Montaigut;43,727038;1,249647
202300003024;26;3;2023;09:40;1;87;87017;1;9;2;3;Rn 145;46,132051;1,08622
202300003025;29;11;2023;14:45;1;92;92040;2;3;1;3;GARIBALDI (BOULEVARD);48,83153835;2,26721272
202300003026;22;8;2023;03:55;5;83;83099;2;2;1;3;Dn7;43,452841;6,691312
202300003027;9;6;2023;15:45;1;74;74014;1;1;2;3;D6;46,046682;6,616859
202300003028;5;11;2023;00:06;3;13;13071;1;1;1;2;A55 - Sens Marseille vers Martigues;43,39055;5,30239
202300003029;25;3;2023;20:44;3;30;30061;1;1;1;6;N/A;43,90677459;4,27398205
202300003030;30;9;2023;08:30;1;44;44109;2;6;8;3;4 Place Général Mellinet;47,21160702;-1,576663
202300003031;23;8;2023;10:10;1;6;6134;2;1;1;6;Route Departementale 6085;43,766193;6,651288
202300003032;9;6;2023;11:15;1;66;66172;2;1;1;6;;42,71548;2,849246
202300003033;29;9;2023;18:40;1;44;44143;1;1;1;2;N/A;47,15919636;-1,54560624
202300003034;22;8;2023;22:50;3;6;6058;1;1;1;7;ROUTE DEPARTEMENTALE 6085;43,739445;6,767857
202300003035;6;6;2023;08:28;1;80;80695;1;1;1;2;A2;50,02871;2,893267
202300003036;29;9;2023;03:35;3;44;44215;1;1;8;6;N/A;47,1821842;-1,50147447
202300003037;25;3;2023;17:45;1;10;10256;1;1;8;6;N/A;48,44084423;4,15622617
202300003038;24;8;2023;12:00;1;5;5063;1;1;1;6;D1091;45,042427;6,271468
202300003039;9;6;2023;11:30;1;974;97418;2;1;1;2;Rue Roger Payet;-20,909658;55,5097
202300003040;28;9;2023;14:00;1;44;44109;2;2;8;6;Boulevard François Bruneau;47,2289363;-1,56216324
202300003041;26;3;2023;01:30;4;971;97103;1;1;1;7;N1;16,254377;-61,552314
202300003042;18;9;2023;17:45;1;44;44143;2;6;8;2;Rue de l'île Macé;47,1926166;-1,55450345
202300003043;8;6;2023;04:55;3;13;13040;1;1;1;1;D6;43,479067;5,559345
202300003044;26;3;2023;01:00;3;988;98808;1;1;1;6;collège de wani;-21,278433;165,615571
202300003045;28;9;2023;08:40;1;44;44114;2;1;8;2;325 Route de Vannes;47,2471031;-1,60589084
202300003046;23;8;2023;21:20;3;13;13066;1;1;1;1;D28;43,885676;4,912841
202300003047;8;6;2023;16:20;1;95;95040;1;1;1;6;D14;49,11560117;1,86832488
202300003048;27;9;2023;12:20;1;44;44109;2;1;8;3;81 Boulevard Jules Verne;47,23863287;-1,53202195
202300003049;21;8;2023;16:00;1;38;38215;2;1;1;7;2274 Route du Plan;45,605926;4,961934
202300003050;4;6;2023;01:20;3;91;91041;1;1;1;2;Route Nationale 20;48,561613;2,226877
202300003051;25;9;2023;09:35;1;44;44143;2;1;8;7;80 Rue Charles Rivière;47,17117585;-1,54329928
202300003052;24;3;2023;22:20;3;971;97117;1;1;1;6;Route de la Houssaie;16,334868;-61,378609
202300003053;8;6;2023;14:30;1;2B;2B084;1;1;1;7;rd151;42,567214;8,883111
202300003054;18;9;2023;14:30;1;44;44109;2;6;8;6;535 Route de Saint Joseph;47,2748123;-1,51388542
202300003055;21;8;2023;07:20;1;1;1142;2;6;7;3;Rue des Chartinières;45,846129;5,065561
202300003056;18;9;2023;18:15;1;44;44109;2;6;1;7;Boulevard des Tribunes;47,24483254;-1,56136558
202300003057;9;6;2023;15:20;1;66;66171;2;1;1;2;;42,6363332;3,00003737
202300003058;24;3;2023;20:05;3;84;84105;1;1;1;1;D900;43,872031;5,449916
202300003059;22;8;2023;10:45;1;69;69178;2;1;1;1;Le Bourg;45,705336;4,449157
202300003060;17;9;2023;06:40;2;44;44109;2;1;8;6;Boulevard Jean Phillipot;47,21178393;-1,55626159
202300003061;8;6;2023;19:15;1;30;30258;2;1;1;3;Rue Andre Gide;43,682895;4,437227
202300003062;17;9;2023;04:31;5;44;44109;2;1;8;3;168 Rue Paul Bellamy;47,23022271;-1,56325373
202300003063;25;3;2023;18:15;1;13;13030;1;1;1;2;D8N;43,272581;5,688075
202300003064;24;8;2023;08:30;1;81;81105;2;3;1;6;Avenue de l'Europe;43,7649955;1,9952076
202300003065;16;9;2023;10:30;1;44;44109;2;1;8;6;1 Rue Général Buat;47,23373837;-1,53610223
202300003066;7;6;2023;13:45;1;84;84049;1;9;1;3;D8;44,166891;4,968572
202300003067;23;8;2023;14:30;1;65;65059;2;1;1;2;52 rue du Général de Gaulle;43,069264;0,155772
202300003068;25;3;2023;20:00;5;13;13041;2;3;1;3;Avenue Pierre Brossolette;43,455777;5,485201
202300003069;15;9;2023;13:00;1;44;44109;2;1;1;2;Pont Eric Tabarly;47,21225865;-1,52904336
202300003070;19;8;2023;18:44;1;31;31395;2;1;1;6;N/A;43,475074;1,322957
202300003071;14;9;2023;17:20;1;44;44109;2;1;8;7;27 Boulevard Pierre de Coubertin;47,22680474;-1,58532845
202300003072;9;6;2023;19:25;1;71;71150;2;3;8;2;RD906;46,241461;4,787062
202300003073;26;3;2023;10:45;1;58;58160;2;1;3;7;Route de Saint-baudière;46,971029;3,115568
202300003074;14;9;2023;09:10;1;44;44109;2;1;8;6;Boulevard Bénoni Goullin;47,20165161;-1,5538891
202300003075;9;6;2023;14:40;1;68;68247;1;1;1;7;D430 Route des Crètes;47,943925;7,019357
202300003076;24;8;2023;05:10;5;33;33042;2;1;1;6;24 Route de Bordeaux;44,510872;-0,790656
202300003077;13;9;2023;11:05;1;44;44109;2;6;8;3;41 Rue des Bourbonnières;47,18768145;-1,52037935
202300003078;6;6;2023;05:23;2;57;57242;1;1;1;6;D54;49,2759849;6,14397797
202300003079;21;8;2023;23:40;4;49;49332;1;9;1;7;D63;47,1053676;-0,95367317
202300003080;11;9;2023;12:00;1;44;44020;2;6;8;7;Rond-Point de la Pierre;47,18685922;-1,59773162
202300003081;9;6;2023;02:40;3;81;81038;1;6;1;6;D968;43,876369;1,907544
202300003082;24;3;2023;16:50;1;67;67118;2;2;1;5;74 Avenue du Général de Gaulle;48,580476;7,687013
202300003083;9;9;2023;00:05;5;44;44190;2;6;8;3;Boulevard des Pas Enchantés;47,20953615;-1,5096999
202300003084;8;6;2023;14:50;1;65;65168;1;1;1;6;Vaenue du Barège;42,885359;-0,01605
202300003085;21;8;2023;06:15;2;49;49020;1;9;1;7;D523;47,468322;-0,622546
202300003086;9;9;2023;07:50;1;44;44162;2;1;8;6;34 Boulevard du Tertre;47,2157988;-1,60531607
202300003087;25;3;2023;18:20;2;54;54437;1;1;1;1;chemin de pulligny;48,55228219;6,15912437
202300003088;7;9;2023;14:20;1;44;44114;2;1;1;2;62 Avenue e la Paquelais;47,24816655;-1,60424029
202300003089;9;6;2023;18:30;1;17;17058;2;3;1;3;Avenue du Général de Gaulle;45,850423;-1,15342
202300003090;23;8;2023;08:35;1;22;22054;1;2;1;3;La Croix Rouge;48,600236;-2,461737
202300003091;2;9;2023;11:15;1;14;14754;1;1;1;7;3105 Route de Touques;49,294254;0,018764
202300003092;9;3;2023;09:50;1;73;73179;1;1;1;5;D1504;45,63526024;5,87237692
202300003093;22;8;2023;18:30;1;80;80561;2;1;1;7;Chemin du Fond d?Amiens;49,655294;2,570243
202300003094;7;6;2023;16:40;1;33;33530;2;9;1;5;Avenue de Royan;45,102244;-0,541002
202300003095;5;9;2023;20:49;1;44;44109;2;2;1;3;Boulevard de Doulon;47,22842837;-1,52626834
202300003096;8;6;2023;18:45;1;85;85092;2;3;1;3;Rue georges clemenceau;46,466592;-0,80757
202300003097;4;9;2023;19:10;1;44;44109;2;6;8;7;34 Rue Saint-Jacques;47,19705341;-1,54011151
202300003098;8;6;2023;21:40;1;50;50041;2;1;1;6;Chemin du Palis;49,701065;-1,841025
202300003099;27;12;2023;18:15;5;33;33236;2;2;1;3;Route du Moulin;44,790607;-1,139102
202300003100;21;8;2023;18:06;1;13;13015;1;1;1;3;A515CM-sortie Gardanne/Bouc Bel Air;43,4303;5,3907
202300003101;7;6;2023;11:40;1;56;56167;1;1;1;4;N/A;47,66491;-2,898942
202300003102;26;8;2023;05:30;2;44;44020;1;1;3;6;Route de Pornic;47,18173791;-1,60630591
202300003103;21;8;2023;15:50;1;13;13071;1;1;1;2;A7-Sens Marseille vers Lyon;43,41163;5,28306
202300003104;8;6;2023;16:50;1;22;22179;1;1;1;7;D34;48,642529;-2,391779
202300003105;22;8;2023;18:17;1;44;44114;2;1;8;6;307 Route de Vannes;47,24596029;-1,60300259
202300003106;16;8;2023;18:00;1;13;13081;1;1;1;3;A7-Sens Lyon vers Marseille;43,48638;5,24068
202300003107;9;6;2023;13:15;1;22;22242;1;1;1;3;Départementale 52;48,598607;-2,425597
202300003108;21;8;2023;16:35;1;44;44143;2;1;8;6;2 Rue Azucena Villaflor;47,19385482;-1,54680702
202300003109;10;8;2023;12:15;1;62;62274;1;1;1;7;A21;50,42741;2,99112
202300003110;17;8;2023;12:35;1;44;44162;2;6;8;7;86 Avenue de la Branchoire;47,21731467;-1,61206237