Num_Acc;jour;mois;an;hrmn;lum;dep;com;agg;int;atm;col;adr;lat;long
202300003628;24;10;2023;11:40;1;93;93001;2;1;1;6;Rue Bordier;48,903334;2,387281
202300003629;24;10;2023;10:15;1;92;92075;2;1;1;6;VICTOR HUGO (AVENUE);48,82558;2,29265
202300003630;23;9;2023;12:05;1;44;44137;1;2;1;3;80 Le Rocher;47,378759;-2,007397
202300003631;24;10;2023;17:40;1;92;92063;2;6;1;3;MONTBRISON (RUE DU LIEUTENANT COLONEL DE;48,85817465;2,19394684
202300003632;23;9;2023;18:10;1;29;29217;1;2;1;3;Ker Eol;47,865872;-3,764126
202300003633;23;9;2023;20:40;3;26;26337;1;1;1;2;RN7;44,71555957;4,8037976
202300003634;23;10;2023;10:30;1;92;92036;2;2;1;7;LAURENT CELY (AVENUE) (1/143);48,91734414;2,30747348
202300003635;24;9;2023;15:00;1;50;50158;1;1;1;7;D911;48,720669;-1,090822
202300003636;24;9;2023;06:39;2;83;83083;1;1;1;6;RD 22 PK 20.762;43,467194;6,114144
202300003637;24;9;2023;09:50;1;60;60303;1;2;1;3;Rue de la Maladrerie;49,63514446;1,87673615
202300003638;22;9;2023;19:00;3;54;54411;1;3;1;3;D6;48,48652116;6,1874941
202300003639;22;9;2023;18:09;1;18;18057;1;2;1;3;N/A;46,554316;2,18681
202300003640;24;10;2023;18:00;2;2A;2A348;1;1;8;1;RD70;42,15895;8,77327
202300003641;23;9;2023;18:05;2;43;43137;2;4;1;3;47 Avenue de la Libération;45,289703;4,170071
202300003642;13;7;2023;10:55;1;58;58194;2;3;1;6;HOCHE;46,98928;3,15932
202300003643;24;9;2023;15:30;1;7;7207;2;1;1;3;450 Avenue Pasteur;44,427545;4,303111
202300003644;12;7;2023;11:49;1;56;56098;2;2;1;3;CROIZAT ( AVE AMBROISE );47,77441;-3,34661
202300003645;11;7;2023;11:30;1;54;54395;2;1;1;6;Rue de Boudonville;48,69762;6,1593
202300003646;24;9;2023;09:40;1;7;7162;2;1;1;3;10 Route de Sanilhac;44,527762;4,292237
202300003647;25;10;2023;07:40;2;66;66015;1;1;1;5;A9;42,57696;2,844515
202300003648;23;9;2023;03:05;3;4;4230;1;1;1;6;D6 (face à la boutique Angelvin);43,824144;5,939323
202300003649;13;7;2023;07:35;1;54;54323;2;6;1;3;Avenue de l'Aviation;49,518043;5,752251
202300003650;22;9;2023;13:00;1;987;98752;1;1;3;7;PK 51;-17,756841;-149,366941
202300003651;25;10;2023;19:45;5;68;68112;2;3;2;1;3 Route d'Issenheim;47,902869;7,226804
202300003652;13;7;2023;15:07;1;51;51454;2;1;1;5;NATIONALE (AVENUE) LA NEUVILLETTE;49,283263;4,010878
202300003653;25;10;2023;12:30;1;22;22004;1;1;8;6;D767pr 34+500 sens lannion vers ggp;48,6109635;-3,2767868
202300003654;22;9;2023;17:15;3;73;73183;1;1;8;6;A43;45,51652527;5,99142373
202300003655;12;7;2023;17:21;1;51;51108;2;9;1;3;JAURES (RUE JEAN) (N° INFERIEUR A 59-34);48,95463;4,35236
202300003656;23;9;2023;18:00;3;988;98805;2;1;3;7;Route des Charbonniers (Radier);-22,129679;166,43969
202300003657;24;10;2023;21:30;3;30;30014;1;1;1;7;D982;43,993617;4,347582
202300003658;22;9;2023;19:25;2;1;1274;1;1;2;6;A 40 PK 115+200;46,161003;5,652444
202300003659;12;7;2023;11:30;1;50;50129;2;6;1;3;EST (BOULEVARD DE L');49,636752;-1,596193
202300003660;24;10;2023;10:40;1;71;71263;2;1;2;6;8 Rue de Bram;46,627985;5,216945
202300003661;30;6;2023;21:00;1;49;49099;2;3;2;3;CHOUTEAU (BOULEVARD GUY);47,06729;-0,88723
202300003662;24;9;2023;13:08;1;69;69244;2;3;7;3;Promenade des Tuileries;45,763228;4,77868
202300003663;24;10;2023;09:50;1;49;49080;2;1;1;6;lieu dit la Verrouillèe D859;47,68149;-0,499578
202300003664;14;7;2023;00:55;5;45;45234;2;1;1;3;Place d'Arc;47,9066;1,90488
202300003665;22;9;2023;08:35;1;6;6018;1;3;8;1;Route de Valbonne;43,633765;7,081525
202300003666;20;10;2023;18:00;1;86;86097;1;1;2;7;Lieu Dit Chambaron;46,302444;0,419111
202300003667;24;9;2023;08:00;2;21;21575;1;1;5;2;A36, PK 182+000, sens BEAUNE vers MULHOUSE;47,078685;5,334506
202300003668;13;7;2023;16:35;1;45;45234;2;2;1;3;92 Rue de Coulmiers;47,91191;1,89718
202300003669;13;7;2023;16:30;1;45;45338;2;2;1;3;2 Rue des Plantes;47,98110339;2,71642864
202300003670;18;10;2023;15:30;1;29;29207;2;1;3;3;Rue Beethoven;48,570012;-3,819986
202300003671;22;9;2023;22:50;3;45;45203;1;1;1;2;A10 PR 110 + 904;47,859102;1,706142
202300003672;13;7;2023;18:25;1;44;44109;2;1;1;6;26 Rue de la Basse Chénaie;47,2384;-1,5074
202300003673;23;10;2023;09:20;1;38;38261;2;6;2;6;Route de GRENOBLE;45,671434;5,470709
202300003674;24;9;2023;11:30;1;29;29147;1;1;1;1;Lieu Dit Lesforn;47,895072;-3,592674
202300003675;7;7;2023;09:30;1;40;40192;2;1;1;3;VILLENEUVE (AV DE);43,88916;-0,46668
202300003676;22;10;2023;17:00;1;58;58039;1;1;8;3;Route de Brèves;47,416814;3,580374
202300003677;24;9;2023;12:40;1;45;45191;2;1;1;1;D24 PR 3 + 350;48,296196;2,353821
202300003678;15;6;2023;12:10;1;38;38053;2;1;1;5;CHAMP DE MARS (PL);45,5906;5,2782
202300003679;24;9;2023;12:50;1;77;77192;1;3;1;3;Route de Chaubuisson;48,701275;2,905283
202300003680;13;7;2023;16:45;1;37;37261;2;1;1;3;ALOUETTE (AVENUE);47,36157;0,69633
202300003681;23;9;2023;11:10;1;2A;2A247;2;1;1;6;Avenue de Bastia;41,604163;9,27711
202300003682;25;10;2023;18:00;1;14;14057;1;2;1;3;Route de Bourguebus;49,116803;-0,242356
202300003683;13;7;2023;18:30;1;35;35115;1;6;1;2;RN12;48,33871;-1,21131
202300003684;24;9;2023;17:40;1;13;13027;1;2;1;3;Chemin Roumieux;43,86401;4,861295
202300003685;13;7;2023;21:45;4;34;34172;2;1;1;1;24 Avenue Henri Marès;43,620212;3,854826
202300003686;24;9;2023;00:20;4;26;26072;1;1;1;6;A7 PK 047.500 sens Sud/Nord;45,115817;4,892108
202300003687;21;10;2023;15:10;1;64;64060;1;3;1;3;D802;43,321884;-0,466785
202300003688;24;9;2023;16:20;1;71;71448;1;2;1;7;Les jonchets;46,382903;4,867373
202300003689;12;7;2023;16:32;1;34;34032;2;1;1;6;19 Avenue Georges Clémenceau;43,34579;3,21669
202300003690;24;10;2023;07:30;3;43;43112;1;1;2;3;Avenue du Gévaudan;45,087718;3,508855
202300003691;23;9;2023;15:00;1;68;68318;1;1;1;7;Rue d'Osenbach;47,979484;7,225753
202300003692;13;7;2023;07:40;1;33;33039;2;2;1;1;Boulevard Jean-Jacques Bosc;44,81331;-0,55545
202300003693;24;10;2023;16:38;1;10;10323;2;1;1;6;32 Rue Milford Haven;48,504792;3,720076
202300003694;24;9;2023;18:15;2;7;7018;1;1;1;7;Route Nationale 102;44,694319;4,030319
202300003695;13;7;2023;17:45;1;29;29051;2;1;1;6;Bali ar Rouilhenn;47,99945;-4,05414
202300003696;25;10;2023;06:00;3;7;7329;1;1;2;7;D24;44,605341;4,072288
202300003697;23;9;2023;11:55;1;69;69039;2;3;1;3;Route de Dième;45,982389;4,507739
202300003698;12;7;2023;18:10;1;29;29232;2;6;1;2;Rond-Point de l'Eau Blanche;47,99033;-4,07402
202300003699;12;7;2023;19:45;1;29;29232;1;1;1;7;Route de Brest;48,01272;-4,0766
202300003700;12;10;2023;17:40;1;21;21301;2;1;1;3;13 Rue de la Plage;47,048055;5,109668
202300003701;23;9;2023;16:30;1;69;69069;2;2;1;3;47 Rue Centrale;45,745899;4,716512
202300003702;13;7;2023;14:50;1;28;28085;2;9;1;4;SOURS (ROND POINT ROUTE DE);48,42932;1,51688
202300003703;18;10;2023;12:02;1;24;24425;1;1;2;1;Route Départementale 78;45,414358;0,83668
202300003704;21;9;2023;17:08;1;79;79048;1;1;3;1;N/A;46,348647;-0,34306
202300003705;22;9;2023;10:00;1;17;17086;1;3;1;3;N141;45,72997;-0,529532
202300003706;13;7;2023;14:45;1;25;25204;2;1;1;3;Grande rue;46,92787;6,35022
202300003707;24;10;2023;18:20;1;28;28089;2;6;1;1;Avenue Langlois;48,577015;1,239068
202300003708;23;9;2023;22:30;3;35;35228;1;1;1;1;N/A;48,592768;-2,066159
202300003709;13;7;2023;15:55;1;25;25056;2;2;1;3;FLEMING BOULEVARD;47,22553;5,96537
202300003710;24;10;2023;15:50;1;30;30004;1;3;1;1;N113;43,719751;4,206069
202300003711;21;9;2023;12:15;1;60;60341;2;1;3;4;N330;49,08611707;2,75607705
202300003712;24;6;2023;17:05;1;22;22278;2;1;1;2;CLEMENCEAU (BD);48,50944;-2,75981
202300003713;23;9;2023;13:05;1;33;33366;1;1;1;6;AUTOROUTE A 10;44,985907;-0,42767
202300003714;19;10;2023;16:45;1;30;30348;1;1;1;7;Route Nationale 106;44,04612101;4,12779951
202300003715;12;7;2023;11:50;1;19;19031;2;1;1;3;RIBOT (AVENUE);45,16468;1,5158
202300003716;11;7;2023;08:00;1;19;19031;2;1;1;6;MENDES FRANCE (AVENUE PIERRE);45,14428;1,47508
202300003717;23;9;2023;14:12;1;91;91161;1;1;1;4;AUTOROUTE A126;48,71073;2,29968
202300003718;25;10;2023;08:40;1;973;97309;2;2;1;1;Route de Montjoly;4,917821;-52,277294
202300003719;22;9;2023;18:45;1;91;91103;1;1;1;2;RN 104;48,62486;2,30432
202300003720;12;7;2023;18:11;1;17;17291;1;1;1;2;33 PK RN11 NANTES ROCADE;46,17764;-1,10184
202300003721;24;10;2023;19:01;5;973;97309;2;1;1;1;Route de Rémire (rd2);4,906426;-52,272981
202300003722;13;7;2023;23:35;3;13;13117;1;9;1;7;STADIUM (CD9);43,44312533;5,29622132
202300003723;22;9;2023;17:30;1;91;91216;1;1;1;4;AUTOROUTE A6;48,6854;2,32719
202300003724;12;7;2023;17:20;1;13;13071;2;1;1;5;ROUTE NATIONALE 368 (PLAN DES PENNES);43,40336;5,27761
202300003725;22;9;2023;16:25;1;91;91161;1;1;1;3;AUTOROUTE A6;48,69943;2,31189
202300003726;12;7;2023;16:45;1;13;13071;2;2;1;3;ZOLA ( AVENUE EMILE );43,41734;5,28915
202300003727;23;9;2023;20:05;3;92;92025;1;1;1;3;A86;48,92712802;2,23638145
202300003728;23;10;2023;16:00;1;971;97116;1;1;1;5;section lasserre - RN5;16,320201;-61,424689
202300003729;13;7;2023;07:10;2;13;13056;2;4;7;3;MARSEILLE ANCIENNE ROUTE DE;43,39742;5,07413
202300003730;23;9;2023;18:00;1;92;92036;1;1;1;2;RN 315 ;48,93615504;2,3006601
202300003731;24;10;2023;07:40;1;971;97128;1;1;1;1;Courcelles;16,254246;-61,329685
202300003732;23;9;2023;19:15;2;93;93027;1;1;1;3;AUTOROUTE A1;48,93740949;2,40993619
202300003733;13;7;2023;18:33;1;13;13207;2;2;1;3;CORSE (AVENUE DE LA);43,28933;5,35757
202300003734;13;7;2023;21:40;1;13;13028;2;6;1;6;CAMUGLI (AVENUE ANTOINE );43,18273;5,61467
202300003735;24;10;2023;16:10;1;78;78506;1;2;1;3;D177;48,489079;1,803732
202300003736;23;9;2023;13:50;1;93;93027;1;1;1;2;AUTOROUTE A86;48,92248;2,37868
202300003737;22;10;2023;14:30;1;73;73006;2;1;1;7;D220 route de la plagne;45,556945;6,656548
202300003738;23;9;2023;10:30;1;95;95018;1;1;1;2;A15;48,95198648;2,2795558
202300003739;13;7;2023;08:15;1;13;13028;2;4;1;1;FONTSAINTE (AVENUE DE);43,19084633;5,64077139
202300003740;23;9;2023;02:00;3;93;93073;1;1;1;2;AUTOROUTE A104;48,96846;2,56591
202300003741;24;10;2023;16:15;1;38;38467;1;9;2;7;Route du Bugey;45,668345;5,346576
202300003742;22;9;2023;17:40;1;93;93066;1;1;1;3;AUTOROUTE A1;48,90870624;2,35812243
202300003743;13;7;2023;07:50;1;13;13001;2;3;7;3;FERRINI FORTUNE (AV);43,49435124;5,43261842
202300003744;24;10;2023;07:50;2;19;19207;1;1;2;3;RD44;45,253133;1,631932
202300003745;22;9;2023;17:40;1;93;93027;1;1;1;2;AUTOROUTE A1;48,93538856;2,40271792
202300003746;13;7;2023;19:45;1;11;11069;1;2;7;3;36 Boulevard des Collines;43,20414;2,38643
202300003747;23;9;2023;14:25;1;77;77169;1;1;1;3;A4.Y;48,83066;2,60778
202300003748;21;10;2023;02:19;3;33;33080;1;1;3;6;2297 Avenue de Toulouse;44,740847;-0,540052
202300003749;13;7;2023;09:40;1;8;8480;1;1;1;4;N/A;49,73761;4,76343
202300003750;22;9;2023;23:15;4;94;94069;1;1;1;2;A4;48,81745795;2,41989569
202300003751;12;7;2023;13:10;1;3;3185;2;2;1;3;Avenue Jean Nègre;46,34726;2,58209
202300003752;19;6;2023;09:10;1;13;13028;2;1;1;6;Rond-point DE LATTRE DE TASSIGNY;43,189;5,604
202300003753;23;10;2023;15:44;1;22;22198;1;3;8;3;Route de Trégastel;48,782204;-3,490439
202300003754;22;5;2023;15:15;1;13;13028;2;1;1;2;WILSON (AVENUE PRESIDENT);43,181;5,613
202300003755;27;6;2023;10:55;1;2;2340;2;9;1;5;N/A;49,82447;3,27991
202300003756;10;10;2023;19:00;1;22;22388;2;1;1;6;Rue des Templiers;48,439316;-2,156024
202300003757;13;7;2023;14:40;1;75;75117;2;1;1;2;BD PERIPHERIQUE INTERIEUR;48,880992;2,282333
202300003758;9;5;2023;18:40;1;13;13028;2;1;2;1;DULAC (AVENUE GUILLAUME);43,20035;5,62007
202300003759;12;7;2023;13:00;1;75;75120;2;1;1;2;PORTE DE BAGNOLET;48,863502;2,413408
202300003760;28;4;2023;19:00;1;13;13028;2;1;1;3;AVENUE MIREILLE;43,18966;5,6296
202300003761;24;10;2023;10:45;1;35;35089;1;2;7;3;D47;47,88196543;-1,49422377
202300003762;11;7;2023;11:00;1;75;75118;2;1;1;3;PORTE D AUBERVILLIERS;48,900802;2,369807
202300003763;25;4;2023;19:15;1;13;13028;2;1;1;6;DULAC (AVENUE GUILLAUME);43,1936;5,6103
202300003764;24;10;2023;18:15;2;27;27014;1;1;2;6;D112 - PK 12 - La mare Hermier;49,151356;1,138415
202300003765;21;9;2023;16:40;1;974;97411;2;2;1;3;CASSIN (AVENUE RENE);-20,90287;55,48804
202300003766;13;7;2023;15:20;1;75;75106;2;3;1;6;BOULEVARD DU MONTPARNASSE;48,842462;2,328431
202300003767;24;10;2023;20:30;3;27;27229;1;1;2;7;cd830;49,01468;1,107591
202300003768;12;7;2023;21:00;1;75;75119;2;1;1;2;AVENUE DE LA PORTE DU PRE SAINT GERVAIS;48,88022;2,401277
202300003769;20;9;2023;04:35;3;974;97411;1;1;1;3;LITTORAL (ROUTE 1 DU);-20,8814;55,3948
202300003770;13;7;2023;13:20;1;75;75118;2;1;1;6;RUE RIQUET;48,890079;2,361295
202300003771;22;9;2023;21:50;5;974;97407;2;1;1;6;COMMUNE DE PARIS (AVENUE);-20,9347;55,29152
202300003772;13;7;2023;10:00;1;75;75118;2;1;1;7;AVENUE DE LA PORTE DE CLIGNANCOURT;48,898768;2,344178
202300003773;24;10;2023;18:50;2;76;76313;1;4;2;3;Route de Paris;49,349524;1,145518
202300003774;21;9;2023;14:50;1;973;97302;2;1;1;1;HAMEAU DES ENCENS (RUE DU) Cité St Marti;4,9381701;-52,31402323
202300003775;13;7;2023;21:30;1;75;75117;2;3;1;3;AVENUE DE LA PORTE D ASNIERES;48,891059;2,302533
202300003776;24;10;2023;04:45;3;59;59047;1;1;1;2;D917;50,075334;3,184071
202300003777;21;9;2023;13:05;1;973;97302;2;1;1;2;BADUEL (ROUTE DE);4,93519008;-52,31239378
202300003778;13;7;2023;15:10;1;75;75115;2;3;8;6;RUE DU GENERAL DE CASTELNAU;48,850505;2,299994
202300003779;12;7;2023;23:40;5;75;75115;2;1;1;2;PONT DU GARIGLIANO;48,83914;2,26881
202300003780;22;9;2023;16:35;1;972;97213;1;1;1;2;AUTOROUTE A1;14,6179;-61,03231
202300003781;24;10;2023;11:00;1;13;13212;1;1;2;2;A507 sens Aubagne- Marseille;43,31369816;5,42385578
202300003782;22;9;2023;11:55;1;69;69381;1;1;1;6;Cours d'Herbouville;45,77278407;4,83846621
202300003783;12;7;2023;19:40;1;75;75115;2;1;1;3;RUE DE LA CONVENTION;48,841518;2,286969
202300003784;24;10;2023;07:00;5;13;13216;1;1;3;1;A55-Sens Martigues vers Marseille;43,34518;5,34618
202300003785;12;7;2023;18:10;1;75;75115;2;3;1;6;RUE BRANCION;48,831286;2,302452
202300003786;22;9;2023;15:35;1;971;97120;2;3;2;6;CHANZY (BOULEVARD);16,24099118;-61,53587759
202300003787;22;9;2023;13:40;1;971;97120;2;9;1;3;CHANZY (BOULEVARD);16,24288;-61,53971
202300003788;13;7;2023;09:20;1;75;75114;2;3;1;3;RUE DE L AMIRAL MOUCHEZ;48,822115;2,342072
202300003789;13;7;2023;00:10;5;75;75114;2;4;1;7;AVENUE REILLE;48,824604;2,339887
202300003790;22;9;2023;20:14;3;2A;2A004;1;1;8;6;T40;41,92;8,73
202300003791;24;10;2023;13:20;1;83;83137;1;1;8;4;A57;43,1271;5,97422
202300003792;13;7;2023;12:30;1;75;75113;2;2;1;1;RUE DE TOLBIAC;48,825751;2,346581
202300003793;24;10;2023;09:45;1;83;83126;1;1;2;2;A50;43,1198;5,8506
202300003794;13;7;2023;15:59;1;75;75111;2;2;1;3;AVENUE LEDRU ROLLIN;48,853261;2,37728
202300003795;24;10;2023;21:55;3;33;33162;1;1;1;4;ROCADE A 630;44,87675034;-0,63256882
202300003796;13;7;2023;12:30;1;75;75109;2;3;1;3;RUE LAFFITTE;48,873433;2,337828
202300003797;22;9;2023;19:20;2;91;91657;2;1;1;2;AV HENRI BARBUSSE;48,70176;2,42527
202300003798;13;7;2023;16:33;1;75;75107;2;3;1;6;QUAI D ORSAY;48,862743;2,311637
202300003799;22;9;2023;13:00;1;88;88209;2;2;1;3;LONGERE (RUE);48,18923414;6,42961442
202300003800;13;7;2023;16:40;1;75;75101;2;3;1;6;RUE DE RIVOLI;48,85946728;2,345154
202300003801;24;10;2023;10:38;1;33;33249;1;1;1;4;ROCADE A 630;44,87933711;-0,53397685
202300003802;21;9;2023;15:50;1;87;87085;2;2;2;7;QUEUILLE (PLACE HENRI);45,81507;1,26981
202300003803;15;6;2023;19:45;1;75;75104;2;3;1;3;BOULEVARD HENRI IV;48,851068;2,362211
202300003804;21;9;2023;14:30;1;87;87065;1;1;2;6;AUTOROUTE A20;45,79045;1,3032
202300003805;22;10;2023;05:00;3;62;62274;1;1;2;2;A21;50,42944049;2,97371292
202300003806;12;7;2023;17:49;1;94;94046;2;1;1;1;Rue Marc Sangnier;48,80609;2,45341
202300003807;22;9;2023;18:00;1;78;78650;2;2;1;3;MONTESSON (ROUTE DE);48,90103;2,12876
202300003808;23;10;2023;17:14;2;75;75113;1;1;1;3;A6B;48,816066;2,357973
202300003809;12;7;2023;14:30;1;94;94016;2;1;1;3;Avenue Léon Blum;48,7893;2,3369
202300003810;22;9;2023;08:24;2;77;77181;2;1;2;2;PIERRE LECLERC (RUE);48,82789;2,69838
202300003811;13;7;2023;11:30;1;94;94021;2;6;1;6;Avenue des 3 Marches;48,76026791;2,35350993
202300003812;23;10;2023;17:50;2;91;91617;1;1;8;2;A5A;48,63469;2,53518
202300003813;22;9;2023;09:15;1;77;77014;2;9;2;6;GAMBETTA (RUE);48,40170344;2,72188318
202300003814;13;7;2023;14:00;1;94;94028;2;1;1;6;Avenue de Verdun;48,79632317;2,46362641
202300003815;23;10;2023;16:50;1;91;91521;1;1;2;6;RN 449;48,63589;2,40124
202300003816;13;7;2023;03:05;5;94;94018;2;1;1;6;Rue de Paris;48,822973;2,411393
202300003817;22;9;2023;00:20;5;76;76451;2;1;1;7;Avenue du Général Galliéni;49,45807;1,08437
202300003818;13;7;2023;07:10;2;93;93001;2;1;1;6;Boulevard Félix Faure;48,90778596;2,37883337
202300003819;24;10;2023;18:54;1;92;92050;1;1;1;5;A86;48,90558947;2,20974594
202300003820;22;9;2023;08:55;1;76;76341;2;2;2;6;JEHAN DE GROUCHY;49,50484986;0,19989932
202300003821;13;7;2023;19:09;1;93;93062;2;2;1;3;Boulevard de l'Est / Allée de l'Eglise;48,90267;2,52281
202300003822;22;9;2023;22:10;5;73;73008;2;1;2;6;AVENUE P DE COUBERTIN;45,69276;5,89074
202300003823;13;7;2023;06:10;1;93;93048;2;1;1;6;Boulevard Théophile Sueur;48,86547936;2,46876016
202300003824;24;10;2023;16:50;1;92;92064;1;1;1;4;A13;48,84298206;2,22247096
202300003825;22;9;2023;20:50;5;72;72003;2;1;3;3;CHATELET (RUE DU);47,94227;0,15585
202300003826;12;7;2023;14:20;1;93;93063;2;3;1;3;Avenue Pierre Kérautret / Boulevard Roger Salengro;48,87956;2,44866
202300003827;24;10;2023;09:45;1;78;78640;1;1;1;5;A86 INT;48,778941;2,202884
202300003828;21;9;2023;11:20;1;72;72181;2;1;8;2;CHANZY (RUE)  N° IMP 1 A 71 BIS;48,00268;0,20272
202300003829;24;10;2023;17:55;1;95;95256;1;1;1;1;N184;49,05559;2,20312
202300003830;12;7;2023;07:50;1;93;93045;2;1;1;3;Rue du President Robert Schuman;48,88602;2,4212
202300003831;22;9;2023;14:25;1;71;71306;2;1;2;7;GENERAL DE GAULLE (QUAI DU);46,67412;4,36207
202300003832;24;10;2023;11:00;1;95;95527;1;1;1;7;A3;48,98787;2,50626
202300003833;13;7;2023;16:50;1;93;93031;2;2;1;6;Avenue Galliéni / Rue de Saint-gratien;48,96311;2,29711
202300003834;13;7;2023;19:20;1;93;93010;2;3;1;3;Avenue du 14 Juillet / Allée d'Athènes;48,91128886;2,49112997
202300003835;24;10;2023;09:00;1;95;95527;1;1;1;5;A3;48,99145;2,51079
202300003836;13;7;2023;17:30;1;93;93057;2;1;1;6;Allée de Rocroy;48,90484158;2,50824891
202300003837;24;10;2023;11:00;1;93;93027;1;1;8;4;AUTOROUTE A86;48,92482;2,39033
202300003838;13;7;2023;15:16;1;93;93057;2;3;1;3;Avenue Aristide Briand / Rue Georges;48,90792969;2,49414984
202300003839;13;7;2023;11:00;1;93;93001;2;1;1;3;Rue Danielle Casanova;48,91862318;2,39232116
202300003840;13;7;2023;08:05;1;92;92078;2;3;1;3;VERDUN (AVENUE) (PAIRS 2 A 38);48,93551413;2,33388591
202300003841;23;10;2023;20:30;3;93;93078;1;1;2;4;AUTOROUTE A104;48,96222102;2,52337066
202300003842;13;7;2023;07:50;1;92;92063;2;1;1;3;HUGO (AVENUE VICTOR);48,88564537;2,17616057
202300003843;23;10;2023;22:35;3;93;93064;1;1;8;6;AUTOROUTE A103;48,88668867;2,47586131
202300003844;13;7;2023;05:36;2;92;92051;2;1;1;3;CHARLES DE GAULLE (AVENUE,N°118 A 192 +;48,88402225;2,26301551
202300003845;24;10;2023;01:35;3;95;95572;1;1;2;6;N184;49,03385171;2,11134374
202300003846;13;7;2023;03:50;5;92;92048;2;3;1;7;VAUGIRARD (ROUTE DE);48,82225306;2,23225549
202300003847;23;10;2023;22:05;3;92;92036;1;1;1;3;AUTOROUTE A15;48,94074039;2,29291143
202300003848;12;7;2023;21:00;2;92;92048;2;3;1;3;COLONEL MORAINE (ROUTE DU);48,79648773;2,21765399
202300003849;23;10;2023;23:20;3;93;93078;1;1;2;6;AUTOROUTE A104;48,96407;2,5208
202300003850;13;7;2023;18:58;1;92;92044;2;1;1;3;BAUDIN (RUE) 1A25 ET 2A34;48,89601447;2,27998674
202300003851;23;10;2023;15:35;1;95;95500;1;1;3;2;A15;49,04030613;2,08317518
202300003852;13;7;2023;01:23;5;92;92044;2;2;1;3;ARISTIDE BRIAND(RUE)51A83  54A96;48,89213;2,28768
202300003853;23;10;2023;15:50;1;93;93066;1;1;2;6;AUTOROUTE A1;48,93246;2,37408
202300003854;13;7;2023;14:20;2;92;92036;2;3;1;6;GENERAL DE GAULLE (AVENUE) (PAIRS);48,93377768;2,31342405
202300003855;23;10;2023;09:00;1;95;95491;1;1;1;2;A115;49,00449;2,24545
202300003856;12;7;2023;08:45;1;92;92036;2;1;1;6;PRINCIPALE DU PORT (ROUTE) (1/17);48,93914;2,28439
202300003857;23;10;2023;03:45;3;95;95277;1;1;1;6;D170 ;48,97714;2,47251
202300003858;13;7;2023;12:20;1;92;92007;2;3;1;3;BARBUSSE (AVENUE HENRI) AUTRES NUMEROS;48,80071802;2,31395423
202300003859;13;7;2023;18:45;1;92;92004;2;2;1;2;MAURICE BOKANOWSKI;48,9072168;2,28591666
202300003860;24;10;2023;09:15;1;94;94069;1;1;1;3;A4;48,81720028;2,44370615
202300003861;14;7;2023;03:50;3;71;71507;1;1;1;6;D127;46,579439;4,670649
202300003862;23;10;2023;08:30;1;77;77373;1;1;1;2;RN104;48,78450516;2,61663
202300003863;13;7;2023;19:30;1;71;71477;1;1;1;7;Impasse des Rolands;46,617865;4,400089
202300003864;29;7;2023;16:25;1;14;14663;1;1;1;2;Route d'Arromanches;49,300182;-0,685263
202300003865;14;7;2023;19:50;1;21;21002;1;1;1;6;A38 PK 018.700;47,301656;4,771952
202300003866;30;6;2023;16:00;1;14;14409;2;1;1;1;98 route de Cabourg;49,28255659;-0,19260406
202300003867;14;7;2023;01:50;3;71;71170;1;1;1;6;PK 315.200 autoroute A6;46,929634;4,820493
202300003868;13;7;2023;18:10;1;25;25614;1;1;1;6;A36 pk 046.900 vers besancon;47,521881;6,854353
202300003869;14;7;2023;05:45;3;84;84038;1;1;1;1;D973;43,777493;5,109994
202300003870;14;7;2023;11:20;1;87;87201;1;1;1;3;N141;45,858807;1,145325
202300003871;8;4;2023;16:50;1;14;14724;2;3;1;6;10 Route de Cabourg;49,253499;-0,160994
202300003872;14;7;2023;14:55;1;83;83097;1;3;1;3;Dn7;43,477728;5,757651
202300003873;7;4;2023;16:35;1;14;14436;2;1;1;1;531 Route de Blary;49,24367419;-0,68395552
202300003874;13;7;2023;19:55;1;79;79355;1;1;1;2;N/A;46,304875;-0,36151
202300003875;8;3;2023;11:50;1;14;14047;2;9;1;1;12 Boulevard d'Eindhoven;49,283435;-0,711493
202300003876;14;7;2023;04:00;3;80;80650;1;6;1;6;RD929;49,933351;2,411885
202300003877;14;7;2023;08:15;1;71;71014;1;1;1;7;Route de Saint Denis;46,968957;4,321446
202300003878;22;8;2023;21:45;3;13;13214;2;1;1;6;ROSIERS (TRAVERSE DES);43,32122;5,3856
202300003879;13;7;2023;20:25;1;71;71469;1;1;1;7;RD45;46,28744;4,517398
202300003880;23;10;2023;15:40;1;974;97411;2;2;1;1;MALRAUX (AVENUE ANDRE);-20,88801;55,46481
202300003881;14;7;2023;07:30;1;63;63249;1;1;1;7;Route de Courpiere;45,806083;3,515732
202300003882;23;10;2023;15:40;1;974;97411;2;6;1;3;JAURES (BOULEVARD JEAN);-20,90065;55,48713
202300003883;4;5;2023;15:40;1;75;75107;2;3;1;1;QUAI D ORSAY;48,862284;2,30635
202300003884;4;5;2023;00:00;5;75;75108;2;7;1;1;PLACE DE LA CONCORDE;48,867085;2,320658
202300003885;4;5;2023;19:30;1;94;94074;2;6;1;5;Rue Théodule Jourdain /  Rue de la Ferme de la Tour;48,77041;2,44692