Num_Acc;jour;mois;an;hrmn;lum;dep;com;agg;int;atm;col;adr;lat;long
202300003886;3;5;2023;13:00;1;94;94033;2;3;1;2;Av. du Maréchal de Lattre de Tassigny / A86;48,85962;2,49001
202300003887;4;5;2023;00:40;5;93;93064;2;1;1;6;Rue Evariste Galois;48,86292165;2,48707674
202300003888;4;5;2023;19:45;1;93;93055;2;3;1;1;Avenue du Général Leclerc / Rue Delizy;48,89827;2,40629
202300003889;4;5;2023;21:45;5;93;93048;2;2;1;3;Rue Lenain de Tillemont / Rue du Bel Air;48,86071203;2,45976652
202300003890;4;5;2023;18:05;1;93;93048;2;2;1;2;Bd Paul Vaillant Couturier / Avenue Pasteur;48,86291;2,44163
202300003891;4;5;2023;08:45;1;93;93066;2;3;1;1;Avenue Paul Vaillant-couturier / Rue Albert Einstein;48,93448992;2,36721168
202300003892;4;5;2023;09:06;1;93;93029;2;3;1;3;Rue Charles Gide / Rue du Domaine;48,9171;2,44428
202300003893;4;5;2023;07:55;1;93;93014;2;1;1;3;Allée de Montfermeil;48,89921883;2,54166716
202300003894;4;5;2023;18:10;1;92;92046;2;1;1;1;AVAULEE (RUE);48,81558;2,29033
202300003895;3;5;2023;11:05;1;92;92051;2;1;1;3;GENERAL LANREZAC (RUE);48,88534;2,25675
202300003896;3;5;2023;07:55;1;92;92025;2;1;1;6;STALINGRAD (AV DE);48,930818;2,267298
202300003897;4;5;2023;08:45;1;92;92024;2;1;1;3;JEAN JAURES (BD) DE 47 A 109)   (56 A 14;48,90703724;2,30057895
202300003898;4;5;2023;16:00;1;92;92012;2;1;1;1;GEORGES GORSE (QUAI);48,82387;2,23782
202300003899;3;5;2023;18:50;1;92;92004;2;1;1;2;VOLTAIRE  ( PLACE );48,91256;2,29601
202300003900;1;5;2023;18:30;1;38;38238;1;2;1;3;RD 502;45,501038;5,011289
202300003901;3;5;2023;12:10;1;68;68112;2;3;1;3;18 rue de la commanderie;47,909676;7,207152
202300003902;2;5;2023;07:44;1;49;49092;2;3;1;3;Rue d'Anjou de la Chapelle (La Chapelle-Rousselin);47,21356;-0,793038
202300003903;27;4;2023;04:30;3;81;81059;2;1;1;6;D84;43,88372;2,106843
202300003904;26;3;2023;14:30;1;28;28409;1;9;1;2;a11 - pk 089.000;48,277884;1,195064
202300003905;4;5;2023;18:05;1;38;38105;1;1;1;2;D1075;45,422823;5,557816
202300003906;5;5;2023;12:50;1;38;38239;2;1;1;3;D1085;45,326365;5,580277
202300003907;3;5;2023;10:45;1;971;97132;1;1;1;6;Route de Sapotille;15,981324;-61,625893
202300003908;4;5;2023;19:40;1;60;60176;2;6;1;1;Rue Marie Rotsen;49,22357162;2,89189679
202300003909;5;5;2023;09:10;1;83;83019;2;1;1;2;2799 avenue lou mistraou;43,143364;6,328002
202300003910;3;5;2023;11:30;1;56;56147;1;1;1;1;Le Soleil Levant;47,522247;-2,277233
202300003911;4;5;2023;16:15;1;67;67066;2;1;1;6;94 Rue du Général de Gaulle;48,472815;7,215373
202300003912;5;5;2023;17:20;1;2A;2A006;1;1;1;6;D561 PEASE DI LEAVE;41,974891;8,744165
202300003913;2;5;2023;10:45;1;80;80782;1;1;1;3;RD 12;49,955748;2,231169
202300003914;5;5;2023;12:20;1;81;81288;1;1;1;7;D151;43,446797;2,042191
202300003915;3;5;2023;12:10;1;71;71269;2;1;1;6;13-15 route de lyon;46,751965;4,84835
202300003916;4;5;2023;08:20;1;47;47168;1;1;1;1;295 Route de Saint Barthelemy;44,586582;0,361401
202300003917;10;2;2023;15:20;1;51;51599;1;1;1;7;D944;49,087457;4,276621
202300003918;4;5;2023;21:04;2;41;41115;1;3;1;7;Route des Tailles de l'Abbaye;47,857644;1,183203
202300003919;12;2;2023;20:15;3;84;84099;1;1;1;1;D 31;43,871489;5,081778
202300003920;12;2;2023;17:40;2;41;41188;1;1;1;6;bois de Boisseleau;47,764073;1,294509
202300003921;2;5;2023;15:30;1;22;22211;1;4;1;3;D11;48,692816;-3,444707
202300003922;13;2;2023;08:20;1;51;51621;1;1;1;3;D67;49,20265624;4,97516245
202300003923;3;5;2023;14:25;1;29;29117;2;6;1;7;Avenue général de Gaulle;48,5816241;-4,52138246
202300003924;22;1;2023;18:00;3;56;56027;1;1;1;6;N/A;47,922328;-2,668442
202300003925;4;5;2023;10:30;1;31;31042;2;1;1;6;Allees d'Etigny;42,794084;0,596696
202300003926;8;2;2023;10:05;1;56;56157;2;3;1;6;rue de kerambourg;47,779882;-2,693367
202300003927;12;2;2023;11:30;1;77;77197;1;3;1;7;D75A / D15;48,707226;3,197939
202300003928;13;2;2023;10:50;1;80;80680;2;1;1;2;Route de Vauvillers;49,825681;2,712293
202300003929;10;2;2023;14:30;1;65;65075;2;2;1;6;Pe de Trey;42,856344;0,349658
202300003930;4;5;2023;12:45;1;38;38416;2;3;1;3;Avenue de Provence;45,150773;5,316465
202300003931;12;2;2023;17:35;1;33;33544;1;2;1;3;D1215;45,535032;-1,099255
202300003932;1;5;2023;18:00;1;2;2816;1;1;1;7;N/A;49,176464;3,535784
202300003933;12;2;2023;20:25;3;33;33128;1;1;1;1;Route de Goulee;45,33321;-0,91988
202300003934;12;2;2023;17:25;1;61;61075;2;1;1;6;D24 PR 17+800;48,49124;-0,632824
202300003935;4;5;2023;21:00;5;15;15267;1;2;1;3;RD 120;44,935356;2,39421
202300003936;12;2;2023;15:35;1;49;49155;1;1;1;7;Le Pas;47,571622;-0,706505
202300003937;5;5;2023;16:15;1;1;1447;1;3;1;6;D42;46,207718;5,406797
202300003938;12;2;2023;08:00;1;49;49057;1;1;8;1;D156;47,16651174;-0,4941097
202300003939;12;2;2023;21:40;5;39;39475;1;9;5;6;10 Rue Philibert de la Beaume;46,440726;5,335354
202300003940;3;5;2023;21:40;3;26;26324;1;1;1;2;D59;44,358247;4,739496
202300003941;13;2;2023;10:25;1;25;25403;1;4;1;3;D447;47,012523;6,627347
202300003942;5;5;2023;18:00;1;58;58145;1;1;1;6;D170;47,278574;3,805572
202300003943;13;2;2023;11:25;1;44;44061;1;1;1;6;;47,23834;-1,95738
202300003944;4;5;2023;20:15;1;72;72386;1;1;1;2;D313;48,00507;0,246098
202300003945;12;2;2023;22:15;3;29;29302;1;3;1;6;D770;48,267537;-4,078752
202300003946;13;2;2023;13:40;1;2;2349;1;1;1;2;;49,499051;3,852103
202300003947;5;5;2023;12:00;1;21;21003;2;1;1;6;26 Rue de Dijon;47,364598;5,028212
202300003948;10;2;2023;14:20;1;84;84077;1;1;1;6;chemin du combeau;44,100055;5,12439
202300003949;12;2;2023;15:25;1;3;3128;1;1;1;3;D71;46,387253;2,464917
202300003950;29;4;2023;19:15;1;21;21086;2;1;1;6;11 Rue de l'Eglise;46,985376;4,826614
202300003951;13;2;2023;08:05;1;58;58243;1;1;1;7;D10;46,916674;3,665413
202300003952;5;5;2023;11:58;1;27;27428;2;1;7;6;Rue de Verdun;49,150412;0,906925
202300003953;12;2;2023;17:40;2;54;54228;1;1;7;7;D22;48,443067;6,500559
202300003954;13;2;2023;07:24;2;50;50369;1;1;5;6;Route de la Paperie;49,521434;-1,5536
202300003955;5;5;2023;12:30;1;28;28018;1;1;1;1;D9;48,214501;0,879958
202300003956;12;2;2023;21:45;3;50;50567;1;1;1;6;Les Fosses;49,579555;-1,507938
202300003957;13;2;2023;18:45;3;50;50582;1;1;1;2;la petite moriniere;48,731526;-0,918506
202300003958;4;5;2023;18:00;1;6;6152;1;1;1;1;300 Route de Biot;43,643026;7,024295
202300003959;10;2;2023;06:30;3;45;45146;1;1;1;1;D2020 PR 46 + 100;47,753766;1,936319
202300003960;12;2;2023;18:10;1;64;64014;1;1;1;3;D20;43,313805;-1,495224
202300003961;27;4;2023;23:20;5;6;6085;2;1;1;1;avenue général de gaulle;43,60587;7,011842
202300003962;13;2;2023;15:15;1;7;7308;1;1;1;3;D86;45,181255;4,800258
202300003963;3;5;2023;17:30;3;987;98745;2;1;1;7;PK 26.5 - Quartier Motutairi - District Vaitoare;-16,62;-151,496
202300003964;12;2;2023;02:35;3;7;7303;1;1;9;6;D265;44,788308;4,655982
202300003965;13;2;2023;07:10;3;53;53018;1;1;5;4;la neslerie;47,914041;-1,061811
202300003966;3;5;2023;22:10;5;6;6123;1;1;1;3;A8;43,667344;7,194296
202300003967;12;2;2023;16:11;1;87;87124;1;1;1;7;Route de Nexon;45,668334;1,112473
202300003968;5;5;2023;07:25;1;974;97408;2;9;1;3;88 Rue Mahatma Gandhi;-20,944134;55,328767
202300003969;7;2;2023;20:40;5;87;87001;2;1;1;6;25 Avenue du Général de Gaulle;45,796311;1,146795
202300003970;12;2;2023;20:10;3;3;3118;1;1;1;2;A71 PK 348+750;46,1087242;3,13827038
202300003971;4;5;2023;14:30;1;972;97228;1;1;3;1;RN1 - DERRIERE MORNE;14,758532;-60,98088
202300003972;12;2;2023;12:29;1;6;6104;1;1;1;7;Roquebrune-Cap Martin (Embranchement d'autoroute);43,758387;7,443924
202300003973;4;5;2023;17:55;1;77;77474;1;5;1;2;N3;48,957813;2,805612
202300003974;4;5;2023;17:10;1;91;91494;2;6;1;3;D19;48,615236;2,351589
202300003975;12;2;2023;20:40;3;973;97303;1;1;2;5;Route Nationale 1;5,472038;-53,182583
202300003976;5;5;2023;10:30;1;2B;2B109;1;1;1;6;D80;42,728049;9,340954
202300003977;13;2;2023;09:20;1;29;29234;1;1;1;2;L’Ile;47,84026557;-3,49503668
202300003978;13;2;2023;18:25;1;30;30156;2;9;1;3;Avenue de la Gare;43,85692;4,446491
202300003979;5;5;2023;16:42;1;83;83077;1;3;1;5;Route de Brignoles;43,29832195;5,98383476
202300003980;12;2;2023;14:45;1;13;13030;1;1;1;5;D8n;43,269985;5,678142
202300003981;13;2;2023;06:00;3;13;13066;1;1;1;3;D7n;43,883279;4,915878
202300003982;4;5;2023;08:26;1;13;13100;1;1;1;3;1470 Route de Maillane;43,804342;4,820823
202300003983;12;2;2023;16:30;1;21;21263;1;2;1;1;D996;47,257658;5,059124
202300003984;4;5;2023;16:01;1;67;67021;1;1;1;7;D854;48,413864;7,387536
202300003985;12;2;2023;18:00;3;68;68226;2;1;1;1;D417;48,043388;7,157056
202300003986;13;2;2023;17:20;2;31;31291;2;6;7;3;Rond point de la Méditerranée;43,601026;1,248488
202300003987;3;5;2023;17:10;1;3;3286;2;3;1;3;D707 - route bleue;46,505755;3,362498
202300003988;12;2;2023;06:40;3;22;22364;1;1;5;6;La Bouillie;48,434682;-2,087585
202300003989;19;1;2023;20:55;3;22;22277;1;1;2;6;17 La Ville au Pilon;48,37493;-2,879915
202300003990;4;5;2023;18:00;1;73;73328;1;1;1;3;D1201A;45,648158;5,889755
202300003991;13;2;2023;13:30;1;76;76164;1;1;1;7;Route du Quesnay;49,502277;0,635147
202300003992;12;2;2023;21:00;3;80;80210;1;1;1;1;D920;49,748638;2,10871
202300003993;28;4;2023;18:18;1;26;26271;1;3;1;3;Route des Chênes Verts;45,033251;4,881642
202300003994;29;1;2023;10:55;1;13;13106;1;1;1;2;A7-Sens Marseille vers Lyon;43,39959526;5,34924076
202300003995;11;2;2023;15:18;1;83;83137;1;1;1;4;A50 Sortie Tunnel Tube Sud;43,12207309;5,95538157
202300003996;24;4;2023;07:30;2;17;17220;1;2;5;3;D142;45,51295;-0,45799
202300003997;11;2;2023;00:30;3;69;69029;1;1;1;3;Autoroute 43;45,7288186;4,89912313
202300003998;7;2;2023;07:54;1;67;67152;1;1;1;2;M35;48,52367;7,64735
202300003999;4;5;2023;13:30;1;17;17058;2;3;1;3;Rue William Bertrand;45,847751;-1,155699
202300004000;12;2;2023;05:27;3;91;91228;1;1;1;5;AUTOROUTE A6;48,62462;2,41869
202300004001;27;4;2023;21:56;3;24;24068;1;1;1;7;D29;44,842687;0,88309
202300004002;12;2;2023;02:20;3;91;91617;1;1;1;7;RN 104;48,644223;2,539601
202300004003;12;2;2023;20:50;3;78;78646;1;1;1;4;RN12;48,791049;2,106297
202300004004;4;5;2023;17:05;1;22;22012;1;2;1;3;Départementale 17;48,566654;-2,462525
202300004005;12;2;2023;19:30;5;93;93053;1;1;1;3;AUTOROUTE A86;48,90368296;2,4666784
202300004006;10;2;2023;20:10;5;75;75117;2;1;1;5;BD PERIPHERIQUE EXTERNE;48,900488;2,322065
202300004007;9;2;2023;12:40;1;75;75120;2;2;1;6;BOULEVARD DE MENILMONTANT;48,867136;2,383384
202300004008;5;5;2023;17:15;1;80;80670;1;2;8;3;D51;49,843265;2,094317
202300004009;11;2;2023;05:20;5;75;75119;2;4;1;6;BOULEVARD PERIPHERIQUE INTERIEUR NORD  ;48,90079088;2,37162799
202300004010;4;5;2023;09:05;1;13;13211;1;1;1;3;Sens Aubagne vers Marseille;43,2935;5,45639
202300004011;11;2;2023;12:30;1;75;75118;2;3;1;6;RUE STEPHENSON;48,888012;2,356204
202300004012;4;5;2023;20:30;1;91;91377;1;1;1;2;RD 188;48,71907;2,27005
202300004013;10;2;2023;22:15;5;75;75116;2;1;1;3;AVENUE DES NATIONS UNIES;48,861845;2,291642
202300004014;4;5;2023;07:20;1;91;91432;1;1;1;2;AUTOROUTE A6;48,69121;2,3221
202300004015;11;2;2023;15:20;1;75;75115;2;1;1;4;AVENUE DE LA PORTE DE SEVRES;48,827343;2,293198
202300004016;3;5;2023;10:00;1;91;91286;1;1;1;3;RD 310;48,64397;2,39175
202300004017;11;2;2023;12:00;1;75;75114;2;1;1;3;AVENUE DENFERT ROCHEREAU;48,835452;2,333437
202300004018;29;1;2023;22:00;5;75;75107;2;2;8;2;RUE DE SEVRES;48,851606;2,326883
202300004019;3;5;2023;09:55;1;92;92036;1;1;1;2;A86;48,93440186;2,28032461
202300004020;11;2;2023;15:50;1;75;75112;2;1;1;3;AVENUE DE SAINT MANDE;48,844804;2,404043
202300004021;11;2;2023;03:50;5;75;75109;2;1;1;6;BOULEVARD DE ROCHECHOUART;48,883422;2,347976
202300004022;10;2;2023;21:45;5;75;75110;2;3;1;7;BOULEVARD DE BONNE NOUVELLE;48,87035602;2,34955341
202300004023;3;5;2023;22:10;3;93;93027;1;1;1;3;AUTOROUTE A86;48,92458528;2,38937632
202300004024;10;2;2023;20:10;5;75;75104;2;3;1;3;RUE DE RIVOLI;48,855106;2,361706
202300004025;3;5;2023;12:40;1;92;92036;1;1;1;2;AUTOROUTE A15;48,9446849;2,28538563
202300004026;11;2;2023;15:05;1;94;94081;2;3;1;3;Rue Eugene Henaff / Parking Carrefour rue Eugène Henaff;48,79417;2,41613
202300004027;4;5;2023;09:10;1;94;94052;1;1;1;2;A86;48,83826565;2,49372861
202300004028;11;2;2023;21:00;5;94;94078;2;3;1;4;Avenue du 8 Mai 1945 / Impasse Saint-georges;48,724692;2,445158
202300004029;11;2;2023;00:40;5;94;94046;2;1;1;2;Avenue du Général Leclerc;48,8103;2,43225
202300004030;3;5;2023;20:00;1;94;94069;1;1;1;2;A86;48,81723758;2,45368052
202300004031;11;2;2023;20:50;5;94;94001;2;3;1;3;Quai de la Baronnie / Rue du Bac;48,72114;2,41833
202300004032;3;5;2023;15:44;1;974;97411;2;1;1;6;LITTORAL (ROUTE 1 DU);-20,876;55,43641
202300004033;11;2;2023;11:00;1;94;94070;1;1;1;2;Route de Mandres;48,71368975;2,56097692
202300004034;1;5;2023;05:30;2;974;97407;1;1;1;6;OWENS JAMES;-20,93439;55,3194
202300004035;11;2;2023;10:45;1;94;94048;2;1;1;2;1 Rue des Forestiers;48,74286;2,559836
202300004036;11;2;2023;10:30;1;95;95212;1;1;8;1;PERIPHERIQUE NORD (RTE);49,02891;2,56093
202300004037;3;5;2023;08:36;1;973;97302;2;1;1;7;MADELEINE (ROUTE DE LA);4,91194;-52,32125
202300004038;11;2;2023;11:50;1;92;92072;2;1;1;3;GRANDE RUE;48,82589;2,21779
202300004039;4;5;2023;00:45;5;69;69388;2;1;1;6;26 Rue Henri Barbusse;45,7306367;4,85710874
202300004040;10;2;2023;23:30;5;92;92072;2;1;1;2;GRANDE RUE;48,82397979;2,20980629
202300004041;11;2;2023;00:10;5;92;92033;2;1;1;7;COLONEL DE ROCHEBRUNE;48,85564469;2,19514534
202300004042;3;5;2023;13:30;1;69;69387;2;5;1;3;Avenue Debourg;45,73172;4,82408
202300004043;10;2;2023;08:45;1;92;92063;2;2;8;3;COLMAR (AVENUE DE);48,88712;2,17959
202300004044;3;5;2023;18:12;1;69;69149;2;2;1;1;Rue de la République;45,71701;4,81256
202300004045;11;2;2023;18:19;5;92;92040;2;2;1;3;ROUGET DE L'ISLE;48,82982;2,26128
202300004046;27;11;2023;17:10;2;27;27210;1;1;2;3;D613;49,129148;0,820262
202300004047;10;2;2023;20:15;5;92;92025;2;2;1;7;CHARLES DE GAULLE (BD);48,914629;2,229093
202300004048;3;5;2023;14:30;1;2A;2A004;2;1;1;3;CALVI  ROUTE;41,95525;8,78373
202300004049;27;11;2023;17:00;2;37;37050;2;1;2;6;Route de la Vigne;47,33674;0,687584
202300004050;11;2;2023;20:20;3;35;35046;1;2;1;3;La Barriais;47,875958;-2,042652
202300004051;3;5;2023;13:25;1;2A;2A271;1;1;1;2;T20;41,9578;8,8123
202300004052;28;11;2023;08:25;2;49;49355;1;1;1;3;Autoroute A87 - PK : 042+100;47,133425;-0,825176
202300004053;3;5;2023;12:00;1;2A;2A004;2;1;1;6;MEZZAVIA ROUTE DE;41,95241;8,78107
202300004054;18;11;2023;02:15;3;24;24115;2;1;1;6;route de la tour blanche;45,25258;0,691302
202300004055;11;2;2023;18:00;3;95;95134;1;1;1;6;D4;49,140636;2,255153
202300004056;3;5;2023;12:40;1;2A;2A004;2;1;1;6;NAPOLEON COURS APRES BEVERINI;41,92769;8,73852
202300004057;28;11;2023;08:35;1;53;53108;1;1;1;6;A81 PK 265+650;48,081132;-1,006343
202300004058;11;2;2023;09:45;1;86;86254;1;2;7;3;D729;46,375478;0,844198
202300004059;27;11;2023;19:20;3;38;38253;1;1;4;7;RD220;45,026837;6,08796
202300004060;11;2;2023;21:00;3;60;60385;1;1;2;6;Chemin du Parc de Bourneville;49,146878;3,121018
202300004061;2;5;2023;19:10;1;91;91421;1;1;1;2;NATIONALE 6 (PARTIE FORET);48,6899;2,46555
202300004062;28;11;2023;13:25;1;6;6088;1;1;1;7;Autoroute A8, PK 193.600, sens France vers Italie;43,721583;7,218146
202300004063;8;2;2023;10:50;1;44;44103;1;1;1;2;;47,324454;-2,1698
202300004064;11;2;2023;19:40;3;23;23235;1;1;1;7;Mas Fevrier;46,214511;1,548493
202300004065;29;11;2023;00:00;3;988;98831;2;3;1;7;Route de la Plage de Gatope;-20,96839;164,66989
202300004066;2;5;2023;14:15;1;87;87085;2;1;1;3;LEGENDRE (RUE CHARLES);45,81441;1,24254
202300004067;12;2;2023;08:50;1;21;21373;1;1;5;7;D33;47,319814;4,79962
202300004068;11;2;2023;17:00;1;51;51287;1;1;1;3;D1;49,070436;3,95673
202300004069;30;4;2023;08:15;1;87;87085;2;6;1;2;BUGEAUD (COURS);45,83417;1,26258
202300004070;8;11;2023;19:00;5;78;78537;2;3;1;3;D29;48,579042;1,943314
202300004071;12;2;2023;14:45;1;82;82155;1;1;7;1;D958;44,151201;1,7407
202300004072;30;4;2023;05:30;3;87;87085;2;1;1;6;DORMOY (RUE MAX);45,82657;1,22438
202300004073;28;11;2023;18:00;5;84;84054;2;1;1;2;avenue aristide briand;43,925779;5,048561
202300004074;12;2;2023;09:00;1;32;32107;1;1;1;1;route de cahuzac;43,976982;0,380208
202300004075;29;4;2023;02:00;5;87;87085;2;1;1;6;LECLERC (AVENUE DU GENERAL);45,85402;1,26608
202300004076;26;11;2023;16:40;2;13;13097;1;1;6;6;N568;43,552778;4,805145
202300004077;12;2;2023;11:20;1;61;61483;2;6;1;6;D916;48,549918;-0,402517
202300004078;28;4;2023;20:20;2;87;87048;1;1;1;7;PEYROUX (LIEU DIT LE);45,78295;1,22607
202300004079;27;11;2023;13:45;1;89;89438;1;1;3;3;Autoroute A6 PK 166+600;47,792169;3,667846
202300004080;30;4;2023;20:20;1;85;85194;2;1;1;1;14 Rue jean neau;46,49001;-1,76146
202300004081;12;2;2023;01:45;3;42;42185;1;1;1;6;Rue de la Loire;45,584778;4,245076
202300004082;12;2;2023;07:45;2;22;22203;1;1;5;6;Les Ecredes (L'Hermitage-Lorge);48,362073;-2,874663
202300004083;27;11;2023;18:35;5;67;67067;2;1;3;6;Rue Jacques Kablé;48,73071;7,709103
202300004084;3;5;2023;19:35;1;83;83069;2;2;1;1;DECUGIS (AVENUE ALFRED);43,11486;6,15621
202300004085;11;2;2023;15:00;1;39;39560;1;1;7;7;;46,358402;5,847434
202300004086;12;2;2023;10:10;1;29;29093;1;1;1;1;16 - Treverroc;48,586285;-4,413731
202300004087;3;5;2023;19:30;1;78;78418;2;6;1;3;HUIT MAI 1945 (RUE DU);48,912011;2,146546
202300004088;27;11;2023;19:35;3;88;88531;1;1;4;1;D8;48,098194;6,904875
202300004089;11;2;2023;01:30;4;38;38095;1;6;1;6;D20;45,124928;5,280068
202300004090;27;11;2023;18:30;3;73;73176;1;1;4;7;D1090;45,62122582;6,85770661
202300004091;3;5;2023;15:40;1;77;77243;2;1;1;4;JACQUES LEPAIRE  (RUE   );48,87921;2,70157
202300004092;12;2;2023;04:15;3;2;2759;2;4;5;6;8 Rue de Verdun;49,859408;3,788888
202300004093;27;11;2023;18:45;5;73;73213;2;2;2;6;Rue Richelieu;45,559628;5,965852
202300004094;4;5;2023;00:10;5;76;76157;2;3;1;1;Avenue du President Allende;49,45;1,03512
202300004095;11;2;2023;19:45;3;3;3080;1;2;1;3;D2209;46,103515;3,260558
202300004096;3;5;2023;19:50;1;76;76319;1;1;7;7;D132;49,34672;1,00151
202300004097;25;11;2023;08:15;1;38;38449;1;1;1;6;Chemin de la Poype;45,625623;5,091088
202300004098;12;2;2023;15:10;1;15;15038;2;3;1;3;D 679;45,37658;2,577109
202300004099;3;5;2023;15:00;1;76;76540;2;2;1;6;Rue Victor Hugo;49,44029;1,10084
202300004100;2;5;2023;09:10;1;76;76391;2;1;1;6;Rue Frété;49,306367;0,957168
202300004101;12;2;2023;10:25;1;72;72373;1;1;8;1;les jauges;48,041752;0,777733
202300004102;12;2;2023;12:20;1;50;50464;1;1;1;3;La Vaudonniere;48,983188;-1,413009
202300004103;30;4;2023;22:50;3;76;76447;1;1;1;2;RD 489;49,54054;0,21188
202300004104;27;11;2023;18:25;5;38;38158;2;3;2;3;Rue Irene Joliot Curie;45,149479;5,740228
202300004105;12;2;2023;08:00;3;50;50251;1;1;1;6;La croix verte;49,501247;-1,428742
202300004106;3;5;2023;06:31;1;72;72181;2;3;1;6;ROUSSEAU JJ  BD N° IMP 1 A 133;47,97979;0,20642
202300004107;11;2;2023;20:30;3;60;60029;1;1;2;6;Route de Villotran;49,357869;1,983637
202300004108;28;11;2023;07:00;2;69;69009;1;1;2;3;Route de Lyon;45,92137606;4,7295688
202300004109;12;2;2023;05:55;3;43;43152;1;1;1;6;5 Route du Collet;45,061368;3,84986
202300004110;3;5;2023;21:45;5;69;69266;2;6;1;6;Rue Gabriel Péri;45,77294;4,86662
202300004111;27;11;2023;17:30;5;81;81140;2;6;2;6;5 Allées Jean Jaurès;43,6990395;1,8151494
202300004112;3;5;2023;14:25;1;69;69266;2;1;1;6;161 Rue Léon Blum;45,7606;4,90524
202300004113;11;2;2023;20:20;3;36;36128;1;1;1;6;Rosiers;46,84645632;1,75055059
202300004114;2;5;2023;00:30;5;69;69256;2;1;1;6;Avenue Salvador Allende;45,78073;4,92467
202300004115;26;11;2023;16:00;2;46;46057;1;1;1;6;lasfargue;44,683717;1,998047
202300004116;11;2;2023;20:30;5;7;7183;2;3;1;7;2830 Route de Ruoms;44,472773;4,355988
202300004117;3;5;2023;13:00;1;69;69264;2;3;1;3;Rue Jean-Michel Savigny;45,98208;4,71499
202300004118;28;11;2023;20:35;3;17;17021;2;1;1;6;11 Rue des Bergères;45,748345;-1,156204
202300004119;11;2;2023;16:00;1;24;24216;1;1;1;1;Néplier - D708;45,16288;0,254035
202300004120;11;2;2023;16:45;1;85;85047;2;6;7;3;VC Rue de Bois de Céné;46,851079;-1,879655
202300004121;27;11;2023;19:10;3;86;86017;1;1;2;6;D42;46,665223;0,081167
202300004122;3;5;2023;20:00;1;69;69259;2;6;1;3;Avenue Jacques Duclos;45,69739;4,89095
202300004123;11;2;2023;13:15;1;85;85090;1;1;1;1;D64;46,83526;-0,85808
202300004124;27;11;2023;17:05;2;47;47157;2;1;3;6;25 Rue Jean Moulin;44,499023;0,179039
202300004125;12;2;2023;03:30;3;42;42185;1;1;1;6;Route de Veauche;45,589175;4,268287
202300004126;3;5;2023;07:17;1;69;69259;2;2;1;3;Avenue Jean Cagne;45,69496898;4,87336223
202300004127;12;2;2023;07:45;2;49;49068;1;1;1;6;A 11 PK 289;47,427855;-0,914097
202300004128;20;11;2023;13:25;1;60;60524;1;1;8;3;D1016;49,329003;2,435542
202300004129;3;5;2023;11:15;1;67;67218;2;1;1;6;STRASBOURG (AVENUE DE);48,545299;7,738031
202300004130;11;2;2023;16:40;1;976;97605;2;1;1;7;Route de Sohoa;-12,826332;45,111516
202300004131;12;2;2023;11:45;1;62;62559;1;9;1;6;A26;50,211259;3,098121
202300004132;25;11;2023;21:15;5;60;60433;2;1;1;2;D1001;49,254816;2,206093
202300004133;27;4;2023;15:40;1;67;67043;2;3;1;3;PERIGUEUX (AVENUE DE);48,61474;7,73394
202300004134;18;11;2023;18:50;5;2;2381;2;1;2;6;50 Avenue de Verdun;49,912981;4,09179
202300004135;27;4;2023;10:20;1;67;67482;2;3;1;6;SALZMANN (RUE);48,58007;7,74526
202300004136;12;2;2023;16:30;1;34;34327;1;1;1;5;D68;43,675705;3,951735
202300004137;2;5;2023;21:42;5;66;66136;2;1;1;2;N/A;42,68777;2,8989
202300004138;12;2;2023;06:50;3;42;42065;1;1;1;6;Route de Roanne;45,767283;4,216626
202300004139;27;11;2023;15:45;1;59;59626;1;1;2;1;D129;50,296666;3,637322
202300004140;11;2;2023;17:34;1;1;1032;2;1;1;6;Montee de Beligneux;45,855164;5,12842
202300004141;1;5;2023;13:54;1;66;66136;2;3;1;3;JUIN (AVENUE DU MARECHAL);42,68788;2,89844
202300004142;24;11;2023;10:35;1;38;38087;1;9;1;2;A7;45,58184;4,80136
202300004143;12;2;2023;17:45;1;85;85250;1;1;1;1;D760;46,55099;-1,727099
202300004144;9;2;2023;22:00;3;83;83027;1;1;1;2;A50;43,195;5,696
202300004145;27;11;2023;12:35;1;33;33063;1;1;2;6;ROCADE A 630;44,88364244;-0,55623114
202300004146;3;5;2023;12:35;1;64;64483;2;1;1;5;ASCAIN (ROUTE D');43,38266;-1,64381
202300004147;24;1;2023;15:00;1;69;69297;1;1;1;3;Autoroute 47;45,58812;4,78752
202300004148;3;5;2023;01:05;3;64;64545;1;1;1;7;ROUTE D'IBARDIN;43,32122;-1,6843
202300004149;27;11;2023;09:00;1;33;33013;1;1;2;3;ROUTE NATIONALE 230;44,84996918;-0,50386101
202300004150;11;2;2023;22:05;3;91;91617;1;1;1;2;RN 104;48,631898;2,497016
202300004151;2;5;2023;12:10;1;64;64445;2;1;1;6;ALSACE LORRAINE D';43,3055;-0,3752
202300004152;27;11;2023;10:07;1;94;94003;1;1;2;3;A6A;48,80193886;2,34201599
202300004153;11;2;2023;20:43;3;91;91377;1;1;1;2;AUTOROUTE A10;48,71849;2,29246