Num_Acc;jour;mois;an;hrmn;lum;dep;com;agg;int;atm;col;adr;lat;long
202300004154;2;5;2023;17:52;1;64;64024;2;1;1;3;MONTBRUN (AVENUE DE);43,503792;-1,496462
202300004155;11;2;2023;17:29;2;91;91689;1;1;1;2;AUTOROUTE A6;48,722;2,312
202300004156;26;11;2023;04:25;3;94;94034;1;1;1;6;A86;48,75609704;2,34121956
202300004157;2;5;2023;17:20;1;64;64102;2;1;1;7;SOULT (AVENUE MARECHAL);43,48566;-1,49138
202300004158;11;2;2023;11:18;1;91;91161;1;1;1;2;AUTOROUTE A6;48,69861;2,31344
202300004159;11;2;2023;02:30;3;91;91477;1;1;1;6;AUTOROUTE A126;48,721531;2,251348
202300004160;26;11;2023;18:40;3;78;78158;1;1;1;5;A13;48,841346;2,1061
202300004161;25;4;2023;09:10;1;63;63032;2;2;1;3;Rt de ROMAGNAT / Barbier d'Aubrée;45,74668;3,0938
202300004162;11;2;2023;15:15;1;93;93053;1;1;1;2;AUTOROUTE A3;48,89382816;2,47190204
202300004163;11;2;2023;05:00;3;95;95252;1;1;1;6; A15;48,98761518;2,20662576
202300004164;2;5;2023;08:30;1;63;63113;2;1;1;3;CLEMENTEL (BD ETIENNE);45,81111827;3,10936689
202300004165;26;11;2023;17:50;3;92;92036;1;1;1;4;A86;48,93664599;2,29068481
202300004166;10;2;2023;23:40;5;93;93066;1;1;1;4;AUTOROUTE A1;48,93164776;2,3697567
202300004167;3;5;2023;22:15;3;62;62774;1;1;1;2;PARC DOVER PATROL;50,92459;1,7156
202300004168;27;11;2023;08:00;2;93;93064;1;1;2;3;AUTOROUTE A86;48,86176;2,48349
202300004169;10;2;2023;19:30;5;95;95018;1;1;1;2;A15;48,9496723;2,2802208
202300004170;27;11;2023;13:45;2;94;94017;1;1;2;2;A4;48,82665078;2,51617424
202300004171;2;5;2023;16:55;1;60;60325;1;1;1;4;Rd 1131;49,40255;2,78344
202300004172;10;2;2023;15:00;1;93;93007;1;1;1;4;AUTOROUTE A1;48,95096029;2,44989302
202300004173;10;2;2023;07:40;2;67;67267;2;1;1;6;KONRAD ADENAUER (RUE);48,555906;7,692587
202300004174;3;5;2023;07:50;1;56;56260;2;3;1;3;49 Boulevard des Iles;47,65336;-2,78215
202300004175;27;11;2023;09:30;1;94;94017;1;1;2;5;A4;48,82665078;2,51617424
202300004176;10;2;2023;19:37;3;49;49246;2;1;1;6;VEST;47,44171;-0,48542
202300004177;2;5;2023;17:34;1;56;56121;2;1;1;3;NORMANDIE ( BD ET IMP DE );47,75978;-3,36629
202300004178;28;8;2023;08:50;1;74;74208;1;9;2;2;Route Nationale 205;45,926518;6,75193012
202300004179;10;2;2023;16:35;1;75;75116;2;3;1;6;RUE RAYNOUARD;48,85482912;2,27961112
202300004180;2;11;2023;19:43;5;14;14137;2;1;2;6;59 Route de Caumont;49,18357;-0,44238
202300004181;3;5;2023;22:45;5;45;45234;2;2;1;3;305 Rue des Murlins;47,92743;1,8881
202300004182;10;2;2023;07:50;1;93;93064;2;2;1;3;Rue des 2 Communes / Rue Henri Mondor;48,8681865;2,5010781
202300004183;18;5;2023;10:30;1;14;14409;2;1;1;3;98 Route de Cabourg;49,28269;-0,192284
202300004184;3;5;2023;18:00;1;38;38185;2;1;1;6;RUE NICOLAS CHORIER;45,1853;5,71076
202300004185;10;2;2023;16:40;1;92;92076;2;1;1;6;GENETS;48,84003462;2,15508789
202300004186;26;11;2023;16:40;1;974;97416;2;1;1;6;MAHY (RUE FRANCOIS DE);-21,34316;55,47445
202300004187;24;4;2023;21:20;5;36;36044;2;1;1;6;13 Rue Joseph Bellier;46,81218611;1,69230491
202300004188;9;2;2023;10:15;1;76;76540;2;1;1;6;Boulevard de la Marne;49,446496;1,089938
202300004189;9;2;2023;11:19;1;63;63113;2;2;1;6;TORPILLEUR SIROCCO / rue du Cheval;45,80711142;3,10683757
202300004190;26;11;2023;10:00;1;974;97416;1;9;1;7;RN1(BRETELLE ACCES);-21,30475;55,42789
202300004191;3;5;2023;12:00;1;35;35238;2;2;1;3;STRASBOURG (BOULEVARD DE);48,10993;-1,65543
202300004192;9;2;2023;18:37;5;63;63075;2;1;1;6;BERTHELOT (BOULEVARD);45,77968;3,071636
202300004193;3;5;2023;16:15;1;33;33119;2;1;1;6;Avenue René Cassagne;44,86232489;-0,51426664
202300004194;9;2;2023;07:30;1;13;13202;2;1;1;6;ROGER SALENGRO (AVENUE);43,31536503;5,36998338
202300004195;26;11;2023;10:45;1;973;97302;2;2;1;3;MANDELA  (BOULEVARD);4,94064;-52,32681
202300004196;9;2;2023;08:25;1;91;91468;1;1;1;5;AUTOROUTE A6;48,5733;2,4674
202300004197;3;5;2023;11:45;1;33;33162;2;3;1;3;Avenue du Médoc;44,88368;-0,63295
202300004198;25;11;2023;20:30;5;973;97302;2;1;1;7;SAINT ANTOINE (CHEMIN);4,93201;-52,29726
202300004199;8;2;2023;08:25;1;8;8409;2;1;9;6;MARNE (AVENUE DE LA);49,69588;4,91436
202300004200;20;4;2023;16:00;1;30;30189;2;6;1;3;rond point zion ;43,8371;4,3884
202300004201;25;11;2023;18:50;5;973;97302;1;1;1;6;ROUTE NATIONALE 1;4,9084;-52,3233
202300004202;8;2;2023;12:20;1;67;67482;2;1;1;6;COLMAR (AVENUE DE);48,55277;7,74409
202300004203;8;2;2023;10:45;1;77;77288;2;1;1;6;SAINT AMBROISE (RUE);48,535;2,657
202300004204;25;11;2023;00:40;5;973;97302;2;1;2;7;ROBERT VIGNON (RUE);4,93026;-52,3222
202300004205;29;4;2023;10:38;1;28;28085;2;1;7;6;BOIS MERRAIN (RUE DU);48,44;1,48
202300004206;10;2;2023;09:18;1;976;97611;2;1;1;2;m'tsapere-Case pente ( rue );-12,77636;45,22542
202300004207;26;11;2023;15:25;1;972;97209;2;1;1;2;RD 41 (ROCADE);14,61489;-61,07037
202300004208;28;4;2023;13:45;1;27;27229;2;1;1;6;BART (RUE JEAN);49,02564;1,17207
202300004209;10;2;2023;12:35;1;974;97416;1;1;1;2;RN1 (ROUTE NATIONALE);-21,30112;55,42464
202300004210;3;5;2023;19:30;1;26;26198;2;6;1;6;Route d’Espeluche;44,54316;4,7716
202300004211;8;2;2023;22:45;5;974;97411;2;6;1;2;JAURES (BOULEVARD JEAN);-20,901085;55,496597
202300004212;26;11;2023;15:20;1;69;69389;2;2;1;3;Rue Marietton;45,7758;4,8019
202300004213;3;5;2023;20:20;1;25;25056;2;1;1;2;LANGUEDOC RUE DU;47,218569;5,964853
202300004214;10;2;2023;07:07;1;973;97302;2;1;1;3;BADUEL (ROUTE DE);4,93206798;-52,30765164
202300004215;20;4;2023;03:00;5;22;22278;2;1;1;6;LAENNEC (BD);48,51077;-2,77415
202300004216;10;2;2023;08:45;1;972;97213;1;1;2;3;PAYS MELES;14,62666;-61,00794
202300004217;26;11;2023;13:30;1;971;97105;2;3;1;5;BOLOGNE (ROUTE DE);16,00609897;-61,73224747
202300004218;3;5;2023;14:01;1;17;17300;2;9;1;6;CHEF DE VILLE   RUE;46,15828;-1,15511
202300004219;10;2;2023;15:55;1;2A;2A004;2;1;1;1;ROUTE DU STILETTO;41,94661472;8,76571029
202300004220;10;2;2023;12:05;1;2A;2A004;2;1;1;3;ROUTE DU STILETTO;41,94640725;8,76746982
202300004221;3;5;2023;10:15;1;14;14271;1;1;1;3;N814;49,13706;-0,39031
202300004222;25;11;2023;17:50;3;95;95585;2;1;1;5;D125;48,98498;2,38547
202300004223;9;2;2023;17:40;1;91;91174;2;1;1;6;RUE PAUL BERT;48,58423;2,47213
202300004224;3;5;2023;12:30;1;13;13206;2;2;1;6;ROUET (RUE DU);43,2842;5,38554
202300004225;10;2;2023;08:35;1;86;86214;2;2;1;3;D162;46,563567;0,351414
202300004226;26;11;2023;14:00;1;91;91692;2;1;1;2;OCEANIE (AVENUE DE L');48,67945;2,20075
202300004227;4;2;2023;13:00;1;80;80021;2;9;1;3;LONGUEVILLE (PLACE);49,887989;2,294665
202300004228;3;5;2023;12:40;1;13;13211;2;1;1;6;SAINT MENET (MONTEE);43,29531388;5,48900052
202300004229;3;5;2023;07:52;1;13;13210;2;1;1;4;ROMAIN ROLLAND (BOULEVARD);43,27926;5,421
202300004230;10;2;2023;20:20;5;76;76322;2;1;1;6;Boulevard Maurice Ravel;49,412;1,0475
202300004231;15;1;2023;01:10;3;73;73065;2;6;3;6;Marius Berroir / Costa de Beauregard;45,5638;5,9318
202300004232;3;5;2023;05:50;2;13;13215;2;1;1;6;BOURRELY (CHEMIN DES);43,37956;5,36165
202300004233;26;11;2023;18:20;5;91;91097;2;9;1;4;AV DU GAL CHARLES DE GAULLE;48,6849;2,53036
202300004234;7;2;2023;05:15;5;67;67482;2;1;1;3;COMTES (ALLEE DES);48,58506;7,71453
202300004235;3;5;2023;21:40;3;13;13005;2;1;1;7;AVELANEDE (CHEMIN DE L');43,28878;5,58705
202300004236;9;2;2023;17:10;1;67;67482;2;1;1;2;LOUIS PASTEUR (QUAI);48,57431;7,73954
202300004237;26;11;2023;10:30;1;91;91097;2;1;1;6;AV JEAN MOULIN;48,68232;2,53151
202300004238;3;5;2023;19:45;1;13;13001;2;1;1;6;MARSEILLE (ROUTE DE );43,48347;5,41746
202300004239;10;2;2023;11:50;1;64;64445;2;1;1;1;TOURASSE;43,30913;-0,34367
202300004240;2;5;2023;14:40;1;10;10333;2;1;1;4;Avenue d'Echenilly;48,28035844;4,04548466
202300004241;26;11;2023;18:00;5;89;89387;2;3;1;3;LUCIEN CORNET (AVENUE);48,1977;3,274
202300004242;9;2;2023;20:53;5;64;64445;2;2;1;3;JEAN MERMOZ;43,3081;-0,37654
202300004243;2;5;2023;08:26;1;10;10333;2;1;1;3;AUXERRE (ROUTE);48,27253014;4,05524254
202300004244;26;11;2023;19:17;5;77;77320;2;1;1;6;D934;48,82876;3,02801
202300004245;3;5;2023;19:20;1;6;6088;2;3;1;6;CIMIEZ (BD) A PARTIR DU 16-17;43,7151;7,27188
202300004246;26;3;2023;11:12;1;38;38348;2;6;9;7;impasse du plan d'eau;45,584225;5,308183
202300004247;3;5;2023;08:50;1;4;4112;2;1;1;6;MAJORAL ARNAUD (AV.);43,83037;5,78363
202300004248;26;11;2023;18:35;5;76;76540;2;2;1;3;Rue du Renard;49,45193;1,06902
202300004249;10;2;2023;18:05;1;64;64024;2;1;1;1;DASSAULT (AVENUE MARCEL);43,49517;-1,49975
202300004250;25;3;2023;20:40;5;69;69028;2;3;1;7;Route Neuve;45,725566;4,701177
202300004251;3;5;2023;19:15;1;2;2738;2;1;1;1;56 Rue Denfert Rochereau;49,65849;3,29057
202300004252;26;3;2023;03:00;3;9;9082;1;1;1;7;RD 117;43,013865;1,368737
202300004253;25;11;2023;16:12;1;76;76575;1;1;1;3;Boulevard Lénine;49,3956;1,1117
202300004254;26;3;2023;19:30;2;14;14076;1;1;3;6;10 Rue de la Mer;49,223483;-0,286524
202300004255;10;2;2023;16:30;1;64;64102;2;1;1;3;PINEDE (CHEMIN);43,50261;-1,43856
202300004256;3;5;2023;14:20;1;75;75108;2;2;1;3;PLACE DE LA CONCORDE;48,8666721;2,32205272
202300004257;25;11;2023;15:40;1;69;69266;2;2;1;3;Rue Octavie;45,77839;4,88917
202300004258;26;3;2023;05:00;3;35;35242;1;1;2;7;CD 12 - PK 10+ 100;48,388559;-1,535339
202300004259;26;11;2023;16:40;5;67;67482;2;1;1;6;FEDERATION (ROUTE DE LA);48,5616;7,75033
202300004260;2;5;2023;21:08;5;75;75107;2;2;1;1;RUE DU BAC;48,857703;2,327972
202300004261;25;3;2023;19:30;3;27;27123;1;3;1;2;Route Nationale 13;49,012274;1,302041
202300004262;10;2;2023;15:18;1;64;64102;2;1;1;6;PIECE NOYEE (ROND POINT DE LA);43,49936;-1,48166
202300004263;26;11;2023;06:30;3;64;64132;1;1;1;6;D938;43,28724;-0,32974
202300004264;3;5;2023;16:45;1;75;75105;2;3;1;2;QUAI DE LA TOURNELLE;48,850412;2,353529
202300004265;25;3;2023;17:50;1;60;60589;2;6;8;3;Avenue de la Paix;49,23153021;2,4589473
202300004266;25;11;2023;11:30;1;62;62667;2;2;1;7;D119E1;50,70463;1,57287
202300004267;3;5;2023;17:50;1;75;75117;2;1;1;3;AVENUE DE WAGRAM;48,886697;2,304433
202300004268;20;2;2023;14:20;1;69;69152;1;1;1;4;Route de Métropole 7;45,69459;4,84218
202300004269;26;11;2023;10:10;1;58;58194;2;1;5;1;MARECHAL KOENING;46,9904;3,16628
202300004270;3;5;2023;18:40;2;75;75115;2;2;1;3;RUE DE LA CROIX NIVERT;48,839987;2,29038
202300004271;9;2;2023;16:20;1;64;64024;2;1;1;3;LARREBAT (RUE JUSTIN);43,49274;-1,5071
202300004272;25;3;2023;00:00;3;91;91553;1;1;1;5;RN6 PROVINCE / RN104 INT;48,63175;2,50444
202300004273;24;11;2023;22:00;5;57;57606;2;7;2;3;AGORA (RUE DE L');49,10801523;6,69721842
202300004274;3;5;2023;18:30;1;75;75113;2;4;1;3;BOULEVARD KELLERMANN;48,821098;2,354415
202300004275;9;2;2023;18:52;5;62;62178;2;1;1;6;Rue Louis Dussart;50,47764463;2,55898333
202300004276;25;11;2023;22:30;5;51;51454;2;1;1;3;COURLANCY (RUE DE);49,24316;4,02766
202300004277;3;5;2023;18:30;1;75;75113;2;2;1;3;AVENUE D ITALIE;48,826176;2,3573
202300004278;25;3;2023;17:55;1;92;92050;1;1;1;6;A86;48,89512395;2,1929711
202300004279;6;2;2023;16:30;1;62;62119;2;6;1;6;Rue Marcelin Berthelot;50,52831;2,64269
202300004280;26;11;2023;12:30;1;41;41047;2;1;1;3;ONYX (RUE DE);47,6092;1,35637
202300004281;3;5;2023;18:00;1;75;75112;2;3;1;3;AVENUE DE GRAVELLE;48,81836;2,451657
202300004282;25;3;2023;15:15;1;95;95527;1;1;1;3;A3;48,98622;2,50804
202300004283;26;11;2023;07:05;5;35;35238;2;3;1;3;SAINT-JEAN BAPTISTE DE LA SALLE;48,11634;-1,7078
202300004284;3;5;2023;16:20;1;75;75112;2;2;1;3;QUAI DE LA RAPEE;48,845846;2,367629
202300004285;10;2;2023;14:30;1;59;59599;2;1;1;6;GRAND PLACE;50,72155;3,15974
202300004286;24;3;2023;20:10;3;93;93064;1;1;8;4;AUTOROUTE A86;48,86369651;2,48274872
202300004287;24;3;2023;13:15;1;95;95252;1;1;1;6;A115;48,98695437;2,24255979
202300004288;25;11;2023;16:45;1;35;35278;2;6;1;5;MONTGERMONT (ROND POINT DE);48,15828256;-1,68785512
202300004289;3;5;2023;16:40;1;75;75111;2;2;1;3;BOULEVARD DES FILLES DU CALVAIRE;48,862451;2,366882
202300004290;24;3;2023;18:50;3;972;97213;1;1;2;6;ROUTE DEPARTEMENTALE 15;14,62164;-61,0066
202300004291;10;2;2023;22:00;3;59;59636;1;1;1;6;VERT GALANT LIEU DIT;50,69284;3,01944
202300004292;26;11;2023;14:05;1;34;34172;2;3;1;3;AUTIGNAC (RUE GUILLAUME D');43,5942;3,87029
202300004293;23;3;2023;19:25;5;62;62186;2;1;3;6;D166;50,45771491;2,7212491
202300004294;3;5;2023;06:45;1;75;75111;2;2;1;3;AVENUE PARMENTIER;48,869993;2,371057
202300004295;22;3;2023;17:00;1;59;59350;2;1;8;6;GAMBETTA LEON RUE;50,62832182;3,0518496
202300004296;26;11;2023;18:36;5;33;33200;2;3;1;3;Avenue Pasteur;44,86697;-0,66862
202300004297;3;5;2023;10:45;1;75;75110;2;3;1;3;RUE DU FAUBOURG SAINT MARTIN;48,876098;2,360605
202300004298;10;2;2023;20:20;5;59;59350;2;1;1;3;ESCH SUR ALZETTE RUE;50,640107;3,07686
202300004299;22;3;2023;16:55;1;29;29019;2;1;1;6;rue Corot;48,41440647;-4,46931794
202300004300;3;5;2023;08:00;1;75;75110;2;1;1;1;BOULEVARD DE MAGENTA;48,882663;2,350344
202300004301;26;11;2023;06:36;5;33;33063;2;3;1;6;Cours de la Marne;44,82877;-0,56347
202300004302;7;2;2023;17:10;1;59;59328;2;1;1;1;CHENIER ANDRE RUE;50,65554;3,028427
202300004303;26;11;2023;16:10;1;31;31555;2;1;1;3;BD GRIFFOUL DORVAL;43,593696;1,457645
202300004304;24;3;2023;19:30;5;973;97302;2;6;1;3;SUZINI (CARREFOUR);4,92722;-52,28999
202300004305;3;5;2023;13:20;1;75;75108;2;2;1;5;RUE DE COURCELLES;48,876388;2,307886
202300004306;10;2;2023;09:20;1;56;56098;2;6;1;2;TRUDAINE (RUE  DANIEL );47,77739;-3,33909
202300004307;26;11;2023;03:00;3;30;30007;2;1;1;6;MAS D'HOURS (QUAI DU);44,11467;4,09589
202300004308;23;3;2023;18:12;2;973;97302;2;1;1;7;TROUBIRAN (CHEMIN DE);4,92670469;-52,30347705
202300004309;26;11;2023;11:45;1;29;29051;1;1;1;6;Route d'Elliant;47,9925414;-4,02702591
202300004310;24;3;2023;23:26;5;69;69381;2;2;1;6;Rue de la Martinière;45,76816;4,83132
202300004311;10;2;2023;16:25;1;54;54547;2;6;1;6;EUROPE (BOULEVARD DE L');48,663098;6,171957
202300004312;24;3;2023;08:20;1;69;69152;2;1;1;6;154 Rue des Martyrs de la Libération;45,70032;4,82456
202300004313;3;5;2023;19:10;1;75;75101;2;3;1;3;RUE DE RIVOLI;48,863257;2,333813
202300004314;9;2;2023;15:35;1;54;54395;2;1;1;6;SAINT JEAN (RUE);48,69;6,18
202300004315;25;11;2023;20:54;3;28;28134;1;9;1;1;N 154 (ROCADE);48,73052;1,39004
202300004316;24;3;2023;11:46;1;2A;2A004;2;1;1;2;SEBASTIANU COSTA BD;41,94162;8,7478
202300004317;24;3;2023;21:00;5;95;95680;2;1;1;6;Allee Pierre Corneille;49,00048312;2,41578519
202300004318;3;5;2023;16:45;1;75;75101;2;3;1;6;RUE DE RIVOLI;48,862464;2,336261
202300004319;26;11;2023;14:50;1;25;25056;2;2;1;2;KENNEDY  BOULEVARD J.F.;47,23808;5,98801
202300004320;23;3;2023;18:37;1;95;95598;2;1;1;3;Avenue de Paris;48,98962;2,291787
202300004321;3;5;2023;22:00;5;94;94046;2;1;1;2;Avenue du Général de Gaulle;48,81071237;2,42318501
202300004322;9;2;2023;16:35;1;50;50129;2;2;1;3;LECLERC (RUE DU GENERAL);49,64639;-1,64948
202300004323;25;11;2023;05:00;3;13;13108;1;1;1;7;ARLES (PETITE ROUTE D ARLES CD 35);43,77069;4,66858
202300004324;3;5;2023;07:20;1;94;94003;2;9;1;3;PAUL VAILLANT COUTURIER (AV);48,79983524;2,34290743
202300004325;24;3;2023;16:30;1;91;91691;2;1;1;6;PIERRE GUILBERT(RUE);48,717199;2,494106
202300004326;22;11;2023;15:45;1;30;30032;2;1;7;6;AVENUE DE LA PLAINE;43,80533;4,63766
202300004327;9;2;2023;18:45;3;49;49007;2;3;1;6;DAVID D'ANGERS;47,47194;-0,55055
202300004328;3;5;2023;18:35;1;94;94041;2;1;1;3;Rue Amédée Huon;48,80504222;2,38821664
202300004329;24;3;2023;19:45;5;91;91286;2;1;2;3;CORBEIL (ROUTE DE);48,654431;2,389184
202300004330;28;10;2023;12:00;1;30;30032;2;1;1;6;COURS GAMBETTA;43,80605;4,64357
202300004331;9;2;2023;15:20;1;49;49007;2;1;1;6;CAMUS BOULEVARD;47,48296;-0,5752
202300004332;3;5;2023;10:50;1;94;94077;2;6;1;6;Rue du Maréchal Lyautey / Avenue de la République;48,7308992;2,41844851
202300004333;23;3;2023;06:50;2;91;91228;2;1;2;3;JEAN MERMOZ (RUE);48,62394;2,41296
202300004334;9;2;2023;08:15;1;49;49007;2;1;1;7;DUNANT RUE HENRI ET ROND POINT;47,48462;-0,5314
202300004335;26;11;2023;03:45;5;13;13204;2;1;1;3;ALEX. FLEMING (BOULEVARD);43,314;5,4064
202300004336;3;5;2023;14:45;1;94;94079;2;3;1;3;Av du Mal de Lattre de Tassigny;48,82135351;2,53461671
202300004337;21;3;2023;17:50;1;85;85194;2;1;1;2;VC Boulevard pasteur;46,49039;-1,76782
202300004338;23;3;2023;18:46;1;84;84007;1;1;1;6;VERTES RIVES (Avenue des ) - MONTFAVET;43,93772;4,88557
202300004339;25;11;2023;23:43;5;13;13212;2;3;1;6;SAINT JULIEN (AVENUE DE );43,30445084;5,41455392
202300004340;3;5;2023;07:40;1;94;94079;2;2;1;3;Avenue des Saules;48,82271;2,56218
202300004341;23;3;2023;15:10;1;84;84007;2;1;1;1;MAGNANARELLES (Avenue des)-MONTFAVET;43,92068;4,87744
202300004342;10;2;2023;12:00;1;45;45338;2;2;8;2;82 Rue du Vieux Bourg;47,98096;2,72316
202300004343;25;11;2023;21:50;5;13;13214;2;1;1;6;ROLAND DORGELES (BOULEVARD);43,34619;5,38124
202300004344;3;5;2023;18:50;1;93;93059;2;3;1;6;Rue Jules Chatenay / Avenue Jacques Prévert;48,97017;2,36962
202300004345;25;11;2023;17:55;5;13;13208;2;1;1;3;HAMBOURG (BOULEVARD);43,249;5,39
202300004346;3;5;2023;13:00;1;93;93031;2;1;1;3;Avenue du 18 Juin 1940;48,95315;2,3076
202300004347;22;3;2023;08:30;1;84;84007;2;2;1;6;C.De GAULLE (Rocade);43,9285;4,80991
202300004348;26;11;2023;19:45;2;6;6069;2;6;1;1;CANNES (ROUTE DE)  -RD 6085-;43,6341981;6,9518601
202300004349;10;2;2023;00:50;5;44;44109;2;1;1;1;10 Boulevard de l'Estuaire;47,204419;-1,556019
202300004350;2;5;2023;08:30;1;93;93057;2;3;1;6;Avenue Aristide Briand / Rue des Ecoles;48,90837904;2,49777764
202300004351;24;3;2023;10:50;1;83;83137;2;1;1;6;PRUNEAU (AVE GENERAL);43,12034281;5,95374566
202300004352;26;11;2023;12:00;1;6;6004;1;1;1;3;LITTORAL(BDM APRES BIJOU PLAGE RN98;43,5712348;7,1002218
202300004353;3;5;2023;11:15;1;93;93001;2;2;1;6;Avenue des Ponceaux / Rue de Crèvecoeur;48,91914894;2,3863287
202300004354;9;2;2023;08:10;1;41;41018;2;1;1;2;CABOCHON (RUE DE);47,58288;1,31591
202300004355;24;3;2023;18:15;1;83;83069;1;1;1;1;PIERREFEU (ROUTE DE) RD 12;43,16158;6,12408
202300004356;26;11;2023;15:05;1;75;75112;2;1;1;5;PORTE DE VINCENNES;48,841357;2,413552
202300004357;2;5;2023;18:51;1;92;92046;2;7;1;6;ONZE NOVEMBRE 1918 (PLACE DU);48,82116319;2,3024109
202300004358;24;3;2023;09:55;1;82;82121;2;2;1;3;CHATEAUVIEUX (RUE DE);44,02247615;1,35723799
202300004359;3;5;2023;16:00;1;92;92050;2;1;1;6;LEVANT BOULEVARD DU;48,8904613;2,19930005
202300004360;10;2;2023;07:45;1;40;40192;2;3;1;3;HAUSSEZ (BD D');43,89509;-0,50528
202300004361;26;11;2023;00:15;5;75;75112;2;1;1;2;PORTE DE VINCENNES;48,843158;2,413707
202300004362;23;3;2023;09:40;1;82;82121;2;3;1;3;Rue rené char;44,02198626;1,37402259
202300004363;10;2;2023;16:16;1;38;38151;2;3;1;3;COURS JEAN JAURÈS;45,15424;5,7076
202300004364;3;5;2023;20:13;1;92;92044;2;1;1;3;CHARLES PASQUA (QUAI) 32 A 58;48,89998116;2,28195101
202300004365;25;11;2023;05:30;5;75;75116;2;1;1;2;PORTE MAILLOT;48,877655;2,280344
202300004366;10;2;2023;15:30;2;38;38169;2;1;1;6;QUAI DU DRAC;45,19072;5,70072
202300004367;3;5;2023;16:45;1;92;92044;2;1;1;6;VOLTAIRE(RUE)53A81 ET 42A62;48,89367902;2,28832394
202300004368;10;2;2023;14:00;1;35;35238;2;1;1;6;POSTUMINUS;48,10333;-1,68962
202300004369;25;11;2023;17:45;5;75;75116;2;1;1;3;PORTE DE PASSY;48,859496;2,262727
202300004370;10;2;2023;15:30;1;35;35281;2;1;1;3;NANTES (RUE DE);48,08788997;-1,69424683
202300004371;3;5;2023;13:00;1;92;92035;2;2;1;2;Kléber ( rue );48,90592629;2,23950371
202300004372;10;2;2023;08:05;2;35;35238;2;1;1;6;SAINT-BRIEUC (DE);48,11547;-1,70777
202300004373;24;11;2023;18:33;5;75;75117;2;3;1;2;AVENUE DE LA PORTE DE CHAMPERRET;48,886334;2,286531
202300004374;24;3;2023;13:30;1;76;76540;2;4;1;3;Route de Bonsecours;49,43327;1,10766
202300004375;3;5;2023;13:30;1;92;92026;2;1;1;2;AUGUSTE BAILLY;48,90559167;2,27732152
202300004376;22;3;2023;19:15;5;72;72181;2;2;2;3;LOUIS BLANC (QUAI);48,00639;0,1928
202300004377;3;5;2023;08:30;1;92;92025;2;1;1;3;STALINGRAD (AV DE);48,930996;2,267187
202300004378;26;11;2023;10:46;1;75;75105;2;2;1;6;RUE MONGE;48,848075;2,350494
202300004379;10;2;2023;17:40;1;34;34172;2;2;1;3;717 Avenue Jean Mermoz;43,61034;3,8905
202300004380;24;3;2023;10:20;1;69;69256;2;1;8;3;39 Avenue Eugénie Cotton;45,77177383;4,92378021
202300004381;3;5;2023;02:15;5;92;92024;2;3;1;6;BAC D'ASNIERE (RUE DU);48,90380535;2,29057029
202300004382;10;2;2023;22:05;4;33;33200;2;6;1;7;Avenue de Magudas;44,8594;-0,6848
202300004383;26;11;2023;07:35;2;75;75118;2;3;1;6;BOULEVARD BARBES;48,884209;2,349485
202300004384;11;2;2023;01:45;3;22;22187;2;1;1;7;GRIPPET (Rue du );48,52844;-2,75157
202300004385;4;5;2023;08:18;1;85;85181;1;1;1;5;RD 148;46,49768;-0,924643
202300004386;24;11;2023;13:45;1;75;75116;2;1;1;1;ROUTE DE SURESNES;48,871187;2,272599
202300004387;23;3;2023;19:50;5;67;67482;2;1;1;3;DRESDE (BOULEVARD DE);48,59929316;7,76137412
202300004388;24;3;2023;16:20;1;64;64102;2;1;1;3;MAI 1945 (AVENUE DU 8);43,474255;-1,485425
202300004389;28;4;2023;16:54;1;67;67034;1;1;3;1;D30;48,682856;7,631281
202300004390;25;11;2023;01:40;5;75;75115;2;2;1;6;QUAI DE GRENELLE;48,854388;2,28865
202300004391;10;2;2023;18:30;3;22;22187;1;1;1;2;RN12;48,53215;-2,75696
202300004392;4;5;2023;15:20;1;32;32418;1;1;1;1;RD32;43,432521;0,843442
202300004393;24;3;2023;12:15;1;64;64102;1;1;2;3;SAINT BERNARD (CHEMIN DE);43,50123;-1,48187
202300004394;26;11;2023;12:40;1;75;75114;2;2;1;3;AVENUE DE LA PORTE DE CHATILLON;48,822317;2,314343
202300004395;10;2;2023;13:05;1;22;22278;2;1;1;7;ECLUSES (CHEM. DE L');48,52719;-2,72846
202300004396;30;4;2023;09:15;1;62;62785;1;1;1;6;D939;50,348742;2,566316
202300004397;23;3;2023;19:20;5;64;64102;2;1;1;2;SAINT LEON (ROND POINT);43,48825;-1,48283
202300004398;10;2;2023;20:50;3;13;13019;1;1;1;7;D9;43,45664;5,3267
202300004399;25;11;2023;15:04;1;75;75113;2;2;1;3;BOULEVARD DU GENERAL JEAN SIMON;48,825669;2,382084
202300004400;4;5;2023;13:45;1;34;34270;1;3;1;1;2 Rue Louis Breguet;43,56053;3,84272
202300004401;23;3;2023;13:45;1;64;64102;2;6;1;3;DE MARTRES (AVENUE RAYMOND);43,48692;-1,48304
202300004402;4;5;2023;07:20;2;34;34270;2;1;7;6;6 Route de Beziers;43,575195;3,82593
202300004403;26;11;2023;18:45;5;75;75111;2;2;1;6;BOULEVARD DE BELLEVILLE;48,870019;2,379104
202300004404;23;1;2023;22:50;5;13;13056;2;1;1;6;RIMBAUD ARTHUR;43,42168;5,05696
202300004405;4;5;2023;05:00;5;37;37153;1;1;1;6;A 10;47,490335;0,819498
202300004406;25;11;2023;23:55;5;75;75120;2;7;1;3;BOULEVARD DE MENILMONTANT;48,8629;2,387539
202300004407;23;3;2023;09:00;1;64;64024;2;2;1;3;CINQ CANTONS (RUE DES);43,48826;-1,52206
202300004408;4;5;2023;15:20;1;51;51412;1;1;1;7;D5;48,6952757;3,89168143
202300004409;26;11;2023;16:40;2;93;93055;2;1;1;6;Avenue Édouard Vaillant;48,899505;2,396538
202300004410;10;2;2023;18:15;5;13;13210;2;5;1;1;PAUL CLAUDEL (BOULEVARD);43,26930611;5,42092259