Num_Acc;jour;mois;an;hrmn;lum;dep;com;agg;int;atm;col;adr;lat;long
202300004411;21;3;2023;14:30;1;62;62637;2;1;1;3;DARCHICOURT (AV FERNAND);50,46758;2,98746
202300004412;25;11;2023;18:47;5;93;93046;2;1;1;1;Boulevard Jean Moulin;48,91201761;2,51377366
202300004413;10;2;2023;10:45;1;13;13208;2;1;1;6;HAMBOURG (BOULEVARD);43,25218;5,38688
202300004414;22;3;2023;17:55;1;62;62758;1;1;2;1;Rue du Denacre;50,73555;1,63394
202300004415;26;11;2023;12:00;1;92;92064;2;1;1;7;PARC SAINT CLOUD;48,8285049;2,21044081
202300004416;10;2;2023;11:45;1;13;13214;2;1;1;6;SAINTE MARTHE (chemin);43,32363;5,38914
202300004417;24;3;2023;16:00;1;59;59350;2;2;1;3;CORMONTAIGNE  METRO;50,62621;3,0402
202300004418;26;11;2023;17:58;3;35;35268;1;2;1;3;La Belle Alouette;47,76644061;-1,89079911
202300004419;10;2;2023;08:57;1;13;13215;2;1;1;1;DE SAINT LOUIS AU ROVE (chemin);43,35272;5,35348
202300004420;24;3;2023;12:15;1;59;59143;2;9;2;3;KLEBER RINGOT (PLACE);50,67677;2,88966
202300004421;25;11;2023;07:30;1;1;1383;1;1;1;1;Route de Servas;46,111735;5,146472
202300004422;22;3;2023;14:30;1;58;58194;2;6;1;3;CROIX JOYEUSE (CARREFOUR);46,99508;3,16876
202300004423;26;11;2023;03:20;3;1;1054;1;1;1;6;D1084;45,86688093;5,14930755
202300004424;7;6;2023;07:30;1;69;69385;2;1;1;7;31 Montée du Chemin Neuf;45,75997078;4,82449732
202300004425;25;11;2023;11:05;1;6;6161;1;9;1;2;Boulevard Valery Giscard d'Estaing;43,643636;7,133151
202300004426;22;3;2023;15:00;1;54;54526;2;2;1;3;FRATERNITE (RUE DE LA);48,69312267;6,21237159
202300004427;6;6;2023;13:31;1;2B;2B120;1;1;2;2;11 - RT;42,653156;9,441015
202300004428;20;11;2023;18:35;5;49;49092;2;1;2;6;Avenue du Général de Gaulle (Chemillé);47,209205;-0,722694
202300004429;22;3;2023;17:54;1;51;51454;2;1;1;2;rue de l'Arbalète;49,25642;4,03156
202300004430;7;6;2023;13:48;1;2A;2A004;2;3;1;2;NAPOLEON COURS AVANT BEVERINI;41,92652516;8,73832583
202300004431;25;11;2023;17:40;5;68;68145;2;3;1;7;Rue du Jura;48,078083;7,391508
202300004432;24;3;2023;17:10;1;51;51663;2;1;1;2;Avenue Alfred Anatole Thevenet;49,05663;3,96511
202300004433;7;6;2023;13:15;1;95;95197;2;2;7;3;PAVILLON (RUELLE DU);48,96846;2,33292
202300004434;24;3;2023;15:25;1;49;49007;1;1;1;6;Rue François Mauriac;47,44568;-0,56446
202300004435;26;11;2023;19:50;3;972;97222;2;1;1;6;N1;14,67055;-60,954769
202300004436;23;3;2023;14:48;1;49;49007;2;1;1;6;BRIAND AVENUE;47,4738;-0,5775
202300004437;7;6;2023;13:00;1;95;95288;2;1;1;6;D311;48,98517;2,35747
202300004438;26;11;2023;14:00;1;972;97220;1;1;1;1;Regale;14,529771;-60,920713
202300004439;7;6;2023;09:50;1;95;95210;2;1;1;2;D311;48,971701;2,304975
202300004440;24;3;2023;07:35;1;45;45234;2;3;1;3;158bis Rue de la Barrière Saint-Marc;47,93082733;1,93395317
202300004441;26;11;2023;14:25;1;974;97414;1;1;1;2;N5;-21,26638;55,456034
202300004442;24;3;2023;19:33;5;37;37261;2;2;2;3;GIRAUDEAU (RUE);47,37973;0,67743
202300004443;27;11;2023;07:30;2;68;68315;2;1;1;7;Route de Bollwiller;47,881136;7,236015
202300004444;22;11;2023;23:30;3;85;85109;1;1;1;7;Route de l'Aurière;46,857022;-1,053979
202300004445;24;3;2023;19:55;5;35;35238;2;1;1;3;BOURGEOIS (BOULEVARD LEON);48,09901515;-1,65332705
202300004446;24;11;2023;08:10;1;30;30141;2;3;1;3;N580;44,106116;4,694037
202300004447;24;3;2023;13:45;1;35;35238;2;3;1;3;SAINT-HELIER;48,10273;-1,66142
202300004448;24;3;2023;22:30;5;34;34172;2;1;1;1;500 Avenue des Prés d'Arènes;43,592;3,88094
202300004449;7;11;2023;17:15;3;51;51115;2;6;1;4;D951;49,201672;4,013389
202300004450;27;11;2023;08:20;1;51;51418;1;1;3;7;D980 - PK 31;49,22833892;3,95498574
202300004451;24;3;2023;20:10;5;33;33281;2;2;1;2;Avenue du Truc;44,84951;-0,65584
202300004452;26;11;2023;10:00;1;51;51030;1;2;1;6;départemantele D201;49,05719;4,034045
202300004453;23;3;2023;08:15;1;33;33281;2;3;1;3;Avenue de la Libération;44,86068;-0,64254
202300004454;27;11;2023;08:05;2;19;19002;1;1;9;3;Le Ciarneix;45,586864;2,378497
202300004455;7;6;2023;17:37;1;91;91425;1;1;1;2;RTE D ORLEANS RN 20;48,65015;2,27217
202300004456;24;3;2023;21:20;5;33;33529;2;9;1;3;LAGRUA (RUE);44,64495;-1,1578
202300004457;27;11;2023;07:57;2;76;76070;1;1;2;3;Route d’Ardouval;49,729057;1,244845
202300004458;7;6;2023;10:45;1;91;91377;2;6;1;3;RUE VICTOR BASCH;48,7298;2,26968
202300004459;21;3;2023;23:10;5;31;31555;2;1;1;3;CARNOT (BD LAZARE) DU 1AU 81;43,60294;1,45127
202300004460;10;7;2023;10:30;1;61;61484;2;6;1;3;D407;48,266883;0,675616
202300004461;23;11;2023;18:15;3;2B;2B346;2;1;1;1;RT 10;42,510751;9,452598
202300004462;2;5;2023;14:40;1;91;91174;2;1;1;3;QUAI DE L APPORT PARIS;48,61764;2,47701
202300004463;9;7;2023;18:30;1;61;61081;1;3;1;3;D737 PR5+920;48,676698;0,181129
202300004464;26;11;2023;15:00;1;2B;2B207;2;1;1;3;Folelli;42,450093;9,506457
202300004465;4;6;2023;22:04;5;91;91174;2;1;1;1;RUE PABLO PICASSO;48,615126;2,461564
202300004466;6;6;2023;13:42;1;87;87085;2;1;1;6;FEUILLANTS (RUE DES);45,83268;1,26298
202300004467;24;3;2023;07:25;1;26;26313;1;1;1;5;LACRA RN532;44,96020261;4,94099379
202300004468;13;7;2023;20:30;2;12;12133;2;6;7;6;Avenue de Rodez;44,292981;2,559605
202300004469;6;6;2023;12:30;1;85;85194;2;2;1;3;62bis Rue du docteur schweitzer;46,4925;-1,75968
202300004470;13;7;2023;22:00;3;47;47173;1;1;1;7;Rouby;44,450046;0,514399
202300004471;24;3;2023;19:40;1;26;26198;2;1;1;3;Route de Dieulefit;44,55055;4,77089
202300004472;26;11;2023;20:35;3;61;61484;1;2;1;3;D923 PR10+100;48,263121;0,746995
202300004473;4;6;2023;15:45;1;83;83118;2;6;1;6;AVENUE VALROSE;43,417198;6,810088
202300004474;13;7;2023;18:55;1;47;47252;1;1;1;1;D911;44,388497;0,589319
202300004475;24;3;2023;17:25;1;24;24037;2;1;1;3;Boulevard Auguste Comte;44,84813857;0,49239457
202300004476;27;11;2023;08:15;2;22;22265;1;1;3;6;Route de Goazoures;48,747141;-3,398005
202300004477;11;4;2023;23:00;5;83;83061;1;1;1;1;AVENUE DE LA CORNICHE D'AZUR;43,37444;6,71797
202300004478;24;3;2023;23:50;3;17;17415;2;6;3;7;DICONCHE;45,72447;-0,63995
202300004479;12;7;2023;19:50;1;86;86271;1;1;1;6;D15;46,771751;0,228825
202300004480;2;6;2023;13:35;1;80;80021;2;6;1;6;ALEXANDRE DUMAS (RUE);49,87083;2,30746
202300004481;24;3;2023;19:10;2;17;17300;2;1;8;3;GRANDES VARENNES   AVENUE DES;46,16817;-1,17762
202300004482;10;7;2023;13:05;1;25;25147;2;3;1;3;Place de la Mare;47,226712;5,894546
202300004483;26;11;2023;18:12;3;25;25063;1;1;5;6;D480;47,391885;6,856145
202300004484;7;6;2023;18:20;1;78;78440;2;1;1;3;MOLIERE (RUE);48,98389;1,9153
202300004485;24;3;2023;07:05;1;13;13210;2;1;1;3;TOULON (AVENUE DE);43,28384;5,39645
202300004486;11;7;2023;17:15;1;44;44018;2;6;1;3;Rue de Nantes;47,14415316;-1,68696999
202300004487;26;11;2023;19:40;3;44;44183;1;1;1;6;N/A;47,381382;-2,385664
202300004488;24;3;2023;03:30;5;13;13211;2;1;1;1;MENARD (PIERRE) (BOULEVARD);43,29050124;5,44020506
202300004489;27;11;2023;11:50;1;58;58046;1;1;8;1;Lieu Dit les Arreaux;46,848848;3,626744
202300004490;13;7;2023;19:30;1;35;35331;1;2;1;3;Crabassou;48,07198329;-1,91267654
202300004491;24;3;2023;13:00;1;13;13004;2;1;1;3;AV STALINGRAD;43,69002002;4,6371372
202300004492;13;7;2023;20:00;1;34;34192;2;1;1;6;Avenue de la Pourquiere;43,543671;3,968602
202300004493;22;3;2023;16:10;1;11;11069;2;2;1;3;N/A;43,21129;2,32655
202300004494;25;11;2023;15:50;1;72;72191;1;1;7;3;L'Archerie;47,72767193;0,27553439
202300004495;8;6;2023;00:20;5;74;74218;1;1;1;5;THONON (AVENUE DE);46,38671;6,52116
202300004496;24;3;2023;12:40;1;7;7102;2;1;1;6;LYON (AVENUE DE);44,9348;4,8562
202300004497;14;7;2023;04:40;3;29;29143;2;9;1;6;Hameau de Ranyéré;48,035185;-4,432613
202300004498;7;6;2023;19:05;1;74;74012;2;1;1;6;MONT-BLANC (RUE DU);46,19553;6,23532
202300004499;27;11;2023;07:45;1;6;6007;1;1;1;2;Route de Saint Jacques;43,619087;6,918619
202300004500;24;3;2023;15:20;1;6;6069;2;9;1;4;ORME (CHEMIN DE L');43,64898;6,94739
202300004501;12;7;2023;19:35;1;38;38012;2;2;1;2;D1516;45,587431;5,606949
202300004502;6;6;2023;19:20;1;72;72181;2;1;1;5;MITTERAND FRANCOIS (AV);48,00351;0,19946
202300004503;24;3;2023;19:00;2;6;6027;2;1;1;6;NICE AVENUE DE (RN7);43,6559;7,153
202300004504;7;11;2023;15:25;1;5;5011;1;1;1;6;D942;44,53913545;6,19262714
202300004505;14;7;2023;06:30;1;2;2564;1;1;1;6;N/A;49,33964;3,324051
202300004506;26;11;2023;21:30;3;5;5132;1;1;1;6;Route de Pelisse D23;44,700569;6,070375
202300004507;30;5;2023;16:45;1;71;71076;2;3;1;3;VERDUN (AVENUE);46,77648;4,86681
202300004508;23;3;2023;15:48;1;6;6027;2;2;1;1;CHENES AVENUE DES;43,66207;7,16843
202300004509;7;6;2023;11:13;1;69;69266;2;2;1;3;Boulevard Laurent Bonnevay;45,78697326;4,87898891
202300004510;22;1;2023;06:00;3;13;13077;1;1;1;7;RN 568;43,42346866;4,97541973
202300004511;27;11;2023;16:30;1;73;73182;2;1;2;3;Chemin via dessous;45,689761;5,933752
202300004512;14;7;2023;15:00;1;15;15124;1;1;7;1;RD 3;45,306553;2,605069
202300004513;26;11;2023;16:50;5;43;43012;1;9;1;7;Avenue de Firminy;45,370198;4,205281
202300004514;23;3;2023;18:05;3;976;97611;2;1;1;6;cavani-Belle vue (rue);-12,78632;45,22035
202300004515;7;6;2023;00:05;5;69;69259;2;2;1;3;Boulevard Irène Joliot Curie;45,71432;4,87926
202300004516;23;3;2023;15:30;1;976;97611;2;1;1;6;mamoudzou centre-Cinema Alpajoe (rue du);-12,78002;45,2288
202300004517;6;6;2023;23:00;5;69;69259;2;1;1;4;Boulevard Pinel;45,72576;4,88711
202300004518;25;11;2023;20:20;5;987;98735;1;3;1;3;Mataiea pk 44.500;-17,722;-149,399
202300004519;8;7;2023;18:15;1;6;6089;1;5;1;2;D3;43,646479;7,011187
202300004520;23;3;2023;17:00;1;974;97407;2;1;1;6;MAHY FRANCOIS (RUE);-20,93805;55,29309
202300004521;22;7;2023;21:30;2;44;44184;2;1;1;6;41 rue Georges de Buffon;47,28535758;-2,22421446
202300004522;14;7;2023;16:05;1;5;5098;2;1;1;3;Route du Boussolenc;44,497206;6,55482
202300004523;3;6;2023;00:15;3;66;66136;1;1;1;1;;42,67703;2,86292
202300004524;23;3;2023;06:30;1;973;97302;2;2;1;3;MONTABO (ROUTE DE) 1;4,93618648;-52,29620147
202300004525;21;7;2023;03:00;3;44;44109;2;1;1;7;Boulevard Léon Jouhaux;47,20974562;-1,59366387
202300004526;13;7;2023;13:15;1;5;5132;1;1;1;7;Route du Domaine;44,669691;6,08855
202300004527;25;11;2023;02:00;5;987;98748;1;1;1;6;PK 17+800 Teahupoo;-17,805532;-149,293535
202300004528;24;3;2023;00:50;5;69;69386;2;1;2;6;Rue Duguesclin;45,77433;4,84634
202300004529;6;6;2023;17:45;1;64;64445;2;1;1;6;PARC EN CIEL;43,32108;-0,34372
202300004530;7;7;2023;15:15;1;90;90005;1;1;1;1;D12;47,726933;6,75833
202300004531;20;7;2023;13:00;1;44;44109;2;2;8;3;74 Quai de la Fosse;47,20918066;-1,56654576
202300004532;7;6;2023;07:30;1;64;64125;2;1;1;3;BAYONNE (AVENUE DE);43,4486;-1,57145
202300004533;25;11;2023;18:20;3;988;98817;1;1;1;1;Roches lianes (Arrêt de bus);-22,23557;166,56687
202300004534;23;3;2023;09:30;1;69;69383;2;2;1;3;1 Rue Bonnand;45,75034;4,88438
202300004535;18;7;2023;18:30;1;44;44109;2;1;1;6;52 Rue Nicolas Appert;47,21369771;-1,58077115
202300004536;13;7;2023;18:00;1;60;60286;2;1;1;3;Rue de Rouen;49,66168568;1,9329532
202300004537;27;11;2023;11:30;1;976;97608;2;1;1;3;Boulevard des Crabes;-12,78743;45,263849
202300004538;23;3;2023;18:00;1;69;69152;2;1;1;6;21 Rue Voltaire;45,70323435;4,82152893
202300004539;11;12;2023;09:05;1;10;10401;2;2;2;3;Rue des Anciennes Tanneries;48,236615;4,469086
202300004540;26;11;2023;00:15;3;13;13088;1;1;1;7;D568;43,364526;5,243596
202300004541;2;6;2023;16:45;1;62;62498;2;3;1;6;Boulevard Emile Basly;50,429922;2,82694
202300004542;23;3;2023;09:00;1;69;69381;2;3;1;3;10 Rue de la République;45,76536957;4,83588745
202300004543;13;7;2023;23:40;3;64;64495;1;2;1;3;D918;43,364853;-1,590453
202300004544;1;6;2023;18:55;1;62;62193;2;1;1;7;Impasse Magnesia;50,939043;1,88134
202300004545;29;11;2023;13:40;1;10;10328;1;1;2;-1;RD 960;48,35077706;4,24478035
202300004546;25;11;2023;00:45;3;13;13033;1;1;6;2;D9;43,355422;5,204159
202300004547;22;3;2023;16:34;1;971;97101;1;1;1;2;Secteur Pont de la Gabarre;16,25342;-61,54796
202300004548;13;7;2023;17:20;1;64;64216;1;1;1;1;CD817;43,256565;-0,145075
202300004549;27;11;2023;09:57;1;37;37129;1;1;8;6;129 Les 3 Cheminees;47,12883153;0,28600931
202300004550;21;11;2023;17:14;2;10;10064;1;4;2;3;D960;48,388912;4,533782
202300004551;17;5;2023;16:50;1;62;62244;2;6;7;3;D127;50,926392;1,868371
202300004552;25;11;2023;14:10;1;77;77088;2;1;1;6;Rue de l?Avenir;48,324585;2,577233
202300004553;17;7;2023;13:13;1;44;44172;2;1;8;3;24 Route de Paris;47,26318911;-1,49317762
202300004554;23;3;2023;16:20;1;95;95277;1;1;1;5;RD170;48,97692;2,47523
202300004555;26;5;2023;14:30;1;62;62193;2;1;1;6;Rue Martin Luther King;50,95435;1,89217
202300004556;13;7;2023;17:10;1;43;43051;1;3;1;1;Les Barandons;45,06874;4,328538
202300004557;25;11;2023;05:56;3;77;77044;1;1;1;5;D227;48,566356;2,880521
202300004558;15;7;2023;08:30;1;44;44162;2;1;1;6;2 Chemin du Vigneau;47,21763558;-1,62496511
202300004559;7;3;2023;16:19;1;95;95427;2;1;1;6;D311;48,97482756;2,34263062
202300004560;14;7;2023;15:05;1;16;16382;1;1;1;7;Route de Villebois-Lavalette;45,54208006;0,22339314
202300004561;7;6;2023;09:50;1;60;60057;2;1;1;1;59 Rue de Savignies;49,43701387;2,06010991
202300004562;15;7;2023;09:45;1;44;44109;2;1;8;6;15 Chemin des Basteliers;47,22053231;-1,51086138
202300004563;26;11;2023;15:05;1;66;66164;2;1;1;7;chemin de saint-bernard;42,749139;2,877163
202300004564;23;3;2023;11:30;1;91;91589;2;1;1;3;AV CHARLES DE GAULLE;48,67878;2,34646
202300004565;14;7;2023;00:30;3;17;17085;1;1;1;7;D215;45,913377;-0,768936
202300004566;14;7;2023;10:40;1;44;44109;2;1;8;6;Boulevard Léon Jouhaux;47,20971447;-1,59559796
202300004567;7;6;2023;21:00;1;59;59512;2;2;1;3;LANNOY (RUE DE);50,68386;3,19129
202300004568;26;11;2023;14:42;1;11;11295;1;1;1;6;les Campets;43,051615;2,886261
202300004569;13;7;2023;16:00;1;23;23022;1;1;1;7;freiteix;46,344217;2,09223
202300004570;14;7;2023;18:30;1;44;44109;2;1;8;3;3 Rue du Quebec;47,26178019;-1,57839986
202300004571;13;7;2023;09:33;1;87;87027;1;1;1;7;Le Cluzaud;45,630965;1,012427
202300004572;23;3;2023;14:45;1;83;83137;2;3;1;3;LECLERC (AVE GENERAL);43,12585;5,92761
202300004573;7;6;2023;18:23;1;59;59585;1;1;7;3;VENDEVILLE ROUTE DE;50,56605;3,05801
202300004574;23;11;2023;11:45;1;84;84141;2;6;1;3;rond point   RD942 avec l'autoroute;43,982629;4,886346
202300004575;13;7;2023;19:10;1;44;44190;2;1;1;3;12 Rue des Couscous;47,1986683;-1,51381908
202300004576;14;7;2023;04:30;3;30;30285;1;1;1;6;N/A;44,01925;4,232676
202300004577;25;11;2023;03:00;3;83;83107;1;1;1;6;Dn7;43,462517;6,644309
202300004578;7;6;2023;07:05;2;57;57630;2;2;1;3;PHALSBOURG;48,74089;7,07412
202300004579;15;3;2023;18:45;1;83;83129;2;3;7;6;EUROPE (AVENU DE L');43,11749;5,84415
202300004580;14;11;2023;17:25;5;88;88413;2;1;3;6;Avenue de l'egalité;48,29166;6,94056
202300004581;27;11;2023;08:10;1;67;67118;2;1;1;3;10 Avenue du Général de Gaulle;48,580554;7,693954
202300004582;4;6;2023;16:30;1;54;54174;2;1;1;6;avenue du 15e génie;48,67982;5,87435
202300004583;7;11;2023;17:19;3;88;88413;2;1;1;3;Rue d'Alsace;48,27742;6,96062
202300004584;14;3;2023;07:45;2;83;83050;2;6;1;3;VERDUN( AVENUE DE);43,53331;6,48265
202300004585;13;7;2023;16:40;1;33;33122;1;1;1;1;Chemin de la Croix d'Hins;44,742377;-0,69061
202300004586;13;7;2023;08:30;1;44;44109;2;1;8;7;Boulevard de Vendée;47,1860024;-1,52200207
202300004587;7;6;2023;19:00;1;47;47001;2;6;1;3;LECLERC (AV. DU GENERAL);44,18345;0,62212
202300004588;27;11;2023;07:55;2;42;42147;2;6;8;3;Avenue de Saint Étienne;45,597964;4,076346
202300004589;23;3;2023;15:10;1;82;82033;2;3;1;2;MARECHAL LECLERC (AVENUE DU) ;44,05243;1,10123
202300004590;12;7;2023;00:05;5;44;44109;2;6;8;3;Rond-Point de Rennes;47,23327188;-1,56601084
202300004591;7;6;2023;16:20;1;38;38185;2;8;1;6;AVENUE MARCELIN BERTHELOT;45,17889;5,73177
202300004592;13;7;2023;22:47;3;33;33284;1;1;1;2;A660 PK 08+200;44,630795;-0,934181
202300004593;23;3;2023;19:11;2;81;81257;1;1;1;7;VILLEFRANCHE ( AVENUE DE );43,92967;2,24467
202300004594;26;11;2023;14:00;1;33;33243;2;2;1;3;D1089;44,922073;-0,224681
202300004595;11;7;2023;07:50;1;44;44109;2;1;8;3;162 Rue Paul Bellamy;47,22989962;-1,56300532
202300004596;14;7;2023;13:00;1;45;45302;1;9;1;6;A10 PR 93 + 502;47,948108;1,848895
202300004597;20;2;2023;08:20;1;78;78621;1;1;1;3;CD 912;48,78709;1,9815
202300004598;7;6;2023;00:15;5;38;38185;2;2;1;3;COURS JEAN JAURÈS;45,19099;5,71997
202300004599;25;11;2023;17:30;2;44;44210;1;9;1;5;N/A;47,304538;-2,211084
202300004600;11;7;2023;12:35;1;44;44109;2;1;8;3;26ter Boulevard Gabriel Guist'Hau;47,21686363;-1,56692815
202300004601;14;7;2023;11:26;1;973;97311;2;1;7;2;Avenue Christophe Colomb;5,478563;-54,03766
202300004602;9;7;2023;15:25;1;44;44143;2;1;8;7;90 Rue des Sorinières;47,15640939;-1,5382613
202300004603;7;6;2023;18:20;1;37;37261;2;1;1;3;LOUIS XI (BOULEVARD);47,37364;0,67827
202300004604;22;3;2023;17:10;1;77;77186;2;3;1;3;GRANDE (RUE);48,4071;2,70327
202300004605;25;11;2023;09:30;1;60;60141;1;9;1;3;D924;49,18318858;2,49151901
202300004606;8;7;2023;08:50;1;44;44114;2;6;8;3;329 Route de Vannes;47,24771454;-1,60757935
202300004607;14;7;2023;12:55;1;95;95199;2;9;7;3;1 CLICHY (ALLEE);49,03875766;2,31096447
202300004608;7;6;2023;09:10;1;37;37261;2;4;1;6;REMPART (RUE DU);47,39058;0,69744
202300004609;22;3;2023;19:02;1;72;72181;2;9;2;2;MESSIAEN OLIVIER (AV) IMPAIRS;48,01577;0,15177
202300004610;7;7;2023;09:25;1;44;44109;2;1;8;3;3 Rue Félix Lemoine;47,23580571;-1,54686059
202300004611;13;7;2023;09:40;1;84;84003;2;1;1;6;Avenue de la Libération;43,875545;5,403831
202300004612;6;6;2023;12:50;1;37;37122;2;1;1;3;ROND-POINT DES QUATRE BORNES;47,35188;0,68641
202300004613;7;7;2023;10:10;1;44;44109;2;1;8;3;8 Rue Porte Neuve;47,21934355;-1,56137199
202300004614;27;11;2023;16:15;2;80;80237;2;1;2;5;Grande Rue;49,819964;2,535712
202300004615;21;3;2023;16:25;1;72;72181;2;1;1;6;PATTON GENERAL RTE BAUGE A CHEMIN RONDE;48,00126;0,17327
202300004616;7;6;2023;07:00;1;34;34172;2;1;1;6;RM986;43,588922;3,890832
202300004617;14;7;2023;10:00;1;83;83065;1;1;1;5;D61;43,240032;6,600044
202300004618;27;11;2023;07:20;5;80;80570;2;1;2;6;6 Place Norbert Malterre;49,77205;2,483254
202300004619;6;7;2023;23:15;5;44;44109;2;1;1;3;76 Route de Vertou;47,18876001;-1,53148381
202300004620;23;3;2023;23:25;5;69;69266;2;1;1;6;Rue du Canal;45,77928772;4,8973756
202300004621;7;6;2023;14:45;1;33;33063;1;1;1;1;Avenue de Labarde;44,89171;-0,54901
202300004622;6;7;2023;18:15;1;44;44184;2;6;1;3;Giratoire Sadi Lecointe;47,29392922;-2,18846487
202300004623;12;7;2023;11:00;1;6;6048;1;1;1;3;Avenue Flaminius Raiberti;43,820976;7,303064
202300004624;21;11;2023;16:45;1;80;80799;1;3;1;3;D 23;49,851034;2,524779
202300004625;23;3;2023;18:30;2;69;69266;2;6;1;3;32 Rue Gabriel Péri;45,77228954;4,86597791
202300004626;7;6;2023;09:50;1;28;28134;2;9;1;3;JUILLET (BOULEVARD DE);48,72401;1,37426
202300004627;5;7;2023;16:00;1;44;44143;2;1;1;3;72 Rue Ernest Sauvestre;47,16320518;-1,5423748
202300004628;26;11;2023;02:20;3;13;13028;1;1;1;2;A50-Sens Toulon vers Aubagne;43,20791;5,5861
202300004629;10;7;2023;08:40;1;13;13093;2;1;1;3;D561;43,692884;5,388599
202300004630;5;7;2023;13:40;1;44;44009;1;1;8;6;N/A;47,21530059;-1,47961809
202300004631;6;6;2023;12:45;1;27;27681;2;1;1;3;FOCH (AVENUE DU MARECHAL);49,09765;1,47608
202300004632;22;3;2023;17:35;1;69;69259;2;1;1;4;Rue du Professeur Roux;45,71781;4,85944
202300004633;25;11;2023;22:56;3;13;13216;1;1;1;3;A55-Sens Martigues vers Marseille;43,35556;5,34744
202300004634;13;7;2023;22:15;5;71;71512;2;3;1;1;rue de la république;46,636651;4,871004
202300004635;6;6;2023;10:30;1;19;19031;2;1;1;6;RIVET (AVENUE JEAN CHARLES);45,15102;1,50012
202300004636;4;7;2023;14:15;1;44;44109;2;1;8;5;19 Quai Ernest Renaud;47,2051244;-1,57459125
202300004637;26;11;2023;18:05;3;91;91617;1;1;1;2;RN 104;48,631;2,503
202300004638;13;7;2023;20:15;1;67;67067;2;1;1;7;162 Avenue de Strasbourg;48,71352;7,707306
202300004639;22;3;2023;15:00;1;69;69091;2;2;1;3;Rue Victor Hugo;45,58839;4,77088
202300004640;4;7;2023;16:34;1;44;44109;2;1;1;6;38 Boulevard Michelet;47,23510144;-1,55649666
202300004641;6;6;2023;22:30;3;14;14118;1;1;1;6;N814;49,20061;-0,3694
202300004642;26;11;2023;12:40;1;94;94038;1;1;1;5;A6A;48,78404999;2,34665964
202300004643;13;7;2023;18:20;1;64;64256;2;9;1;3;D22;43,382712;-1,320677
202300004644;19;8;2023;20:00;5;976;97613;2;1;1;1;Rue du College M;-12,758106;45,079747
202300004645;7;6;2023;12:45;1;13;13215;2;1;1;3;LYON (RUE DE);43,34088;5,36093
202300004646;19;8;2023;07:04;1;976;97611;2;1;1;6;cavani-Belle vue (rue);-12,78635;45,22011
202300004647;26;11;2023;06:20;3;91;91477;1;1;1;2;AUTOROUTE A10;48,71218;2,25275
202300004648;14;7;2023;08:45;1;49;49023;1;2;1;3;Les Noues (Andrezé);47,166595;-0,972322
202300004649;22;3;2023;13:53;1;67;67482;2;1;1;1;GEORGES WODLI (RUE);48,58925;7,73549
202300004650;7;6;2023;08:21;1;11;11069;2;6;1;3;650 Boulevard Henry Bouffet;43,21086;2,30296
202300004651;13;7;2023;18:20;1;50;50041;1;2;1;3;La Croix Aux Rois;49,621165;-1,749004
202300004652;17;8;2023;11:00;1;976;97610;2;1;1;1;Hauts Vallons - Majicavo ( rue des);-12,74095763;45,20438299
202300004653;22;3;2023;08:50;1;66;66136;2;1;1;2;N/A;42,73441;2,88664
202300004654;26;11;2023;17:50;3;93;93010;1;1;1;4;AUTOROUTE A3;48,89084;2,47342
202300004655;7;6;2023;23:50;5;6;6123;2;1;1;1;GUYNEMER AVENUE;43,66085;7,19553
202300004656;17;6;2023;08:10;1;988;98818;2;1;2;3;PROMENADE ROGER LAROQUE;-22,29626;166,43804
202300004657;26;11;2023;16:20;1;95;95607;1;1;1;6;A115;49,0282805;2,20346689
202300004658;13;7;2023;15:30;1;69;69266;1;9;1;4;Boulevard Périphérique Laurent Bonnevay;45,7822;4,8931
202300004659;14;3;2023;15:35;1;62;62193;2;6;1;1;COUSTEAU(Jean-Yves);50,968819;1,874897
202300004660;25;11;2023;14:00;1;95;95572;1;1;1;6;N184;49,03745;2,12221
202300004661;7;6;2023;10:00;1;75;75114;2;1;1;2;BD PERIPHERIQUE INTERIEUR;48,817844;2,334024
202300004662;29;6;2023;09:20;1;44;44109;2;2;8;3;15 Rue Louis Blanc;47,20651349;-1,55482515
202300004663;26;11;2023;21:00;3;77;77249;1;1;1;6;RN104;48,748571;2,61388023
202300004664;29;6;2023;19:20;1;44;44162;2;6;8;6;1 Rue de la Johardière;47,2238629;-1,6440047
202300004665;5;6;2023;10:25;1;75;75120;2;1;1;3;BD PERIPHERIQUE INTERIEUR;48,862608;2,413553
202300004666;13;7;2023;17:55;1;33;33550;1;1;1;2;ROCADE A 630;44,77792574;-0,56380033
202300004667;22;3;2023;17:50;1;62;62244;1;1;2;3;Chemin de la Riviere Neuve;50,900369;1,887531
202300004668;26;11;2023;19:45;5;94;94017;1;1;1;2;A4;48,8271602;2,51033987
202300004669;29;6;2023;14:30;1;44;44143;2;1;8;3;62 Rue Aristide Briand;47,18098591;-1,54511461
202300004670;13;7;2023;14:15;1;33;33550;1;1;1;3;AUTOROUTE A 62;44,76436806;-0,54877996
202300004671;7;6;2023;07:25;1;75;75114;2;1;1;2;RUE D ALESIA;48,834142;2,313255