Num_Acc;jour;mois;an;hrmn;lum;dep;com;agg;int;atm;col;adr;lat;long
202300004672;8;3;2023;08:10;1;59;59350;2;4;1;3;HUGO VICTOR  BVD N°104 - 294;50,61953;3,05355
202300004673;21;6;2023;19:15;1;44;44162;2;6;1;3;22bis Boulevard du Massacre;47,23482352;-1,58869566
202300004674;25;11;2023;14:15;1;77;77169;1;1;1;2;RN104;48,8035342;2,62736421
202300004675;7;6;2023;00:50;5;75;75119;2;4;1;3;AVENUE JEAN JAURES;48,883043;2,37149
202300004676;13;7;2023;20:40;1;92;92002;1;1;1;4;AUTOROUTE A10;48,730763;2,308482
202300004677;20;6;2023;14:00;5;44;44109;2;1;8;2;48 Boulevard de la Beaujoire;47,25877699;-1,5221499
202300004678;23;3;2023;10:13;1;57;57441;2;3;2;3;MONDORFF (ROUTE DE);49,388836;6,186165
202300004679;25;11;2023;06:10;3;94;94017;1;1;1;5;A4;48,82687932;2,51122881
202300004680;7;6;2023;07:15;2;75;75118;2;2;1;3;BOULEVARD NEY;48,897544;2,32891
202300004681;12;6;2023;12:50;1;44;44109;2;3;1;3;Route de Paris;47,25584216;-1,50970155
202300004682;13;7;2023;16:50;1;78;78118;1;1;1;4;A13;48,983853;1,681415
202300004683;21;3;2023;17:30;1;57;57647;2;1;1;3;GAULLE (RUE CHARLES);49,31989;6,09278
202300004684;24;11;2023;19:20;3;94;94028;1;1;1;2;A86;48,77627223;2,43100362
202300004685;12;6;2023;15:45;1;44;44109;2;1;1;3;5 Boulevard Ernest Dalby;47,2279835;-1,5269393
202300004686;13;7;2023;06:30;1;92;92062;1;1;1;2;A14;48,8931253;2,23367661
202300004687;22;3;2023;21:04;5;56;56121;2;7;2;7;BEAUFORT ( PL. DES FRERES DE );47,74669;-3,36604
202300004688;6;6;2023;22:30;5;75;75118;2;2;1;5;RUE BELLIARD;48,897222;2,342291
202300004689;3;9;2023;11:45;1;74;74311;2;3;1;3;Allée des tattes;46,141541;6,400673
202300004690;12;6;2023;11:41;1;44;44109;2;3;8;6;14 Rue de la Basse Chénaie;47,23735476;-1,5076966
202300004691;13;7;2023;17:25;1;93;93063;1;1;1;3;AUTOROUTE A3;48,87821319;2,4466415
202300004692;7;6;2023;14:45;1;75;75117;2;3;1;7;AVENUE DE VILLIERS;48,884421;2,301218
202300004693;20;3;2023;17:55;1;50;50129;2;1;2;1;TRIBUNAUX (RUE DES);49,63808;-1,62358
202300004694;13;9;2023;16:50;1;93;93001;2;1;8;2;Avenue du Président Roosevelt;48,91799266;2,37906722
202300004695;16;9;2023;17:30;1;74;74311;1;4;1;3;Route des brasses;46,163909;6,412802
202300004696;13;7;2023;17:30;1;77;77373;1;1;1;3;RN104;48,798594;2,623613
202300004697;10;9;2023;01:55;3;77;77148;1;9;1;6;D102;49,102856;3,082695
202300004698;23;3;2023;16:45;1;45;45147;2;1;1;3;416 Rue du Faubourg Bannier;47,93479;1,89481
202300004699;7;6;2023;09:15;1;75;75116;2;3;1;3;AVENUE HENRI MARTIN;48,864118;2,272851
202300004700;24;9;2023;04:30;3;74;74275;2;1;1;6;Le thoron;45,844216;6,213825
202300004701;12;7;2023;20:00;2;77;77337;1;1;1;3;RN104;48,82822;2,617906
202300004702;6;9;2023;19:30;1;74;74185;1;1;1;6;N/A;46,1636377;6,2402361
202300004703;7;6;2023;17:40;1;44;44109;2;3;8;3;1 Rue Georges Clemenceau;47,22000707;-1,5450046
202300004704;7;6;2023;07:35;1;75;75116;2;1;1;2;CHAUSSEE LA MUETTE;48,858259;2,272311
202300004705;23;3;2023;13:55;1;44;44162;2;6;8;3;68 Boulevard du Massacre;47,23353;-1,59016
202300004706;6;6;2023;23:40;4;44;44109;2;6;1;3;Place Alexis Ricordeau;47,21236199;-1,55446026
202300004707;23;9;2023;10:30;1;74;74256;2;3;1;6;Route de megève;45,93536;6,629664
202300004708;12;7;2023;08:00;1;94;94073;1;1;1;5;A86;48,76210053;2,38167667
202300004709;23;3;2023;10:30;1;38;38053;2;1;1;6;ALPES;45,5855679;5,26932
202300004710;7;6;2023;17:25;1;75;75115;2;3;1;3;AVENUE DE LA MOTTE PICQUET;48,850231;2,299592
202300004711;7;6;2023;19:20;1;44;44109;2;6;1;3;80 Rue Chanoine Poupard;47,25057385;-1,57033825
202300004712;22;9;2023;20:30;3;74;74241;1;1;3;2;Route de la Vallée du Giffre;46,134631;6,455128
202300004713;18;9;2023;07:30;2;74;74018;1;1;3;6;A40;46,0878678;6,36378497
202300004714;7;6;2023;08:50;1;75;75112;2;3;1;6;RUE DE REUILLY;48,846584;2,387471
202300004715;12;7;2023;21:30;5;988;98818;2;2;1;3;ROUTE DES DEUX VALLEES/RUE DU COMMANDANT ROUGY;-22,26868;166,44802
202300004716;2;6;2023;06:00;1;44;44109;2;3;1;3;7 Rue Stanislas Baudry;47,22002778;-1,54498285
202300004717;23;3;2023;10:00;1;37;37261;2;6;1;3;CHAUTEMPS (AVENUE CAMILLE);47,37463;0,7162
202300004718;17;9;2023;17:00;1;74;74001;1;1;1;6;D22;46,288026;6,693088
202300004719;2;6;2023;11:30;1;44;44162;2;6;1;1;Place de la Révolution Française;47,2284936;-1,60536969
202300004720;7;6;2023;12:50;1;75;75111;2;3;1;6;BOULEVARD VOLTAIRE;48,852139;2,389604
202300004721;14;9;2023;12:00;1;74;74154;1;1;1;1;D24;46,387246;6,679634
202300004722;12;7;2023;09:25;1;976;97611;2;3;1;3;passamanty-Tanamalaza (rue );-12,8009;45,20689
202300004723;24;3;2023;00:00;5;33;33063;2;1;1;1;Cours du Maréchal Gallieni;44,82097;-0,59528
202300004724;7;6;2023;13:30;1;75;75110;2;1;1;6;BOULEVARD DE LA VILLETTE;48,879347;2,370115
202300004725;1;6;2023;09:45;1;44;44172;1;1;8;4;N/A;47,23905955;-1,48528478
202300004726;12;7;2023;07:25;1;976;97611;2;1;1;6;kaweni-Kaweni nord ( Z I );-12,76231;45,22605
202300004727;31;5;2023;15:45;1;44;44162;2;6;1;6;Boulevard Salvador Allende;47,22130262;-1,63097476
202300004728;22;3;2023;17:40;1;33;33281;2;5;1;3;Avenue de la Libération;44,85256;-0,64505
202300004729;12;7;2023;22:20;3;974;97407;1;1;1;6;ROUTE NATIONALE N° 1;-20,95803;55,3091
202300004730;24;9;2023;01:05;5;74;74012;2;2;1;3;VERDUN (AVENUE DE);46,19127;6,24227
202300004731;7;6;2023;08:30;1;75;75108;2;7;1;2;PLACE DE LA CONCORDE;48,866611;2,321969
202300004732;30;5;2023;15:55;1;44;44109;2;1;8;6;Rue Anatole de Monzie;47,20191273;-1,54348569
202300004733;11;7;2023;20:25;5;974;97407;2;1;1;7;SIMON PERNIC (RUE) ;-20,95002;55,30679
202300004734;30;8;2023;17:40;1;74;74145;2;1;1;1;Route de paconinges;46,21907;6,288896
202300004735;7;6;2023;13:50;1;75;75101;2;3;1;3;RUE DE L AMIRAL DE COLIGNY;48,860394;2,34056
202300004736;30;5;2023;07:25;1;44;44162;2;1;1;3;12 Boulevard du Tertre;47,21883941;-1,60383582
202300004737;22;3;2023;16:05;1;33;33281;2;6;2;3;Avenue Jacqueline Auriol;44,8405;-0,68497
202300004738;12;7;2023;10:15;1;973;97302;2;1;1;3;FLAMBOYANTS (RUE DES);4,92459625;-52,31784537
202300004739;19;9;2023;09:00;1;74;74179;1;1;2;1;Route de Bellegarde;45,998102;6,010004
202300004740;28;5;2023;19:00;1;44;44162;1;1;1;7;N/A;47,21184877;-1,62705145
202300004741;21;9;2023;15:35;1;74;74031;2;1;1;7;Route du saleve;46,094647;6,109053
202300004742;7;6;2023;07:20;1;75;75102;2;2;1;3;BOULEVARD DE SEBASTOPOL;48,868923;2,354023
202300004743;12;7;2023;08:00;1;973;97302;2;1;1;3;BADUEL (ROUTE DE);4,92911;-52,29651
202300004744;27;5;2023;13:20;1;44;44109;2;1;1;7;6 Rue Charles Brunellière;47,20918659;-1,56882013
202300004745;12;9;2023;13:45;1;74;74048;1;1;1;6;Route de thonon-les-bains;46,279647;6,404557
202300004746;6;6;2023;23:27;5;75;75102;2;3;1;7;AVENUE DE L OPERA;48,86925;2,3329
202300004747;11;7;2023;07:42;1;972;97213;1;1;3;7;DEPARTEMENTALE 28;14,6281;-60,97219
202300004748;26;5;2023;19:30;1;44;44109;2;1;8;7;173 Rue Paul Bellamy;47,23033613;-1,56334683
202300004749;15;9;2023;10:50;1;74;74123;2;3;1;3;Route d'albertville;45,747147;6,296775
202300004750;23;3;2023;13:25;1;29;29019;2;6;3;3;rue du Bot;48,40569;-4,4573
202300004751;24;5;2023;11:50;1;44;44109;2;1;8;3;221 Route de Sainte Luce;47,24058586;-1,51178611
202300004752;12;7;2023;14:25;1;972;97213;2;1;1;2;ROUTE NATIONALE 6;14,625;-60,97712
202300004753;6;6;2023;07:50;1;75;75103;2;3;1;3;RUE SAINT GILLES;48,858013;2,365461
202300004754;9;9;2023;12:10;1;74;74302;2;2;7;1;820 Route du borgeal;45,913258;6,375922
202300004755;24;5;2023;07:50;1;44;44109;2;1;8;6;16 Boulevard Paul Chabas;47,22215735;-1,58742245
202300004756;7;6;2023;21:00;2;94;94080;2;3;1;6;D237;48,84135415;2,43054371
202300004757;12;7;2023;17:06;1;2B;2B033;2;1;1;1;ROUTE ROYALE;42,68231;9,42275
202300004758;22;3;2023;09:50;1;29;29019;2;3;1;3;rue du Valy-Hir;48,38575885;-4,52090434
202300004759;29;8;2023;19:08;1;74;74229;1;8;1;3;chemin des poules d'eau;46,233144;6,307477
202300004760;21;5;2023;18:50;1;44;44109;1;1;8;2;N/A;47,19972925;-1,61721193
202300004761;7;6;2023;19:10;1;94;94074;2;1;1;3;60 Rue du Colonel Fabien;48,74237013;2,47211105
202300004762;14;8;2023;03:00;3;74;74197;1;1;1;6;A40;46,153114;6,295225
202300004763;12;7;2023;15:55;1;971;97101;1;2;1;3;PERRIN (SECTEUR);16,30073296;-61,51133537
202300004764;18;5;2023;18:00;1;44;44109;2;1;8;1;22 Côte Saint Sébastien;47,19966222;-1,53616624
202300004765;7;6;2023;16:10;1;94;94074;2;1;1;2;Avenue Henri Barbusse;48,76232;2,44247
202300004766;25;11;2023;09:10;1;974;97416;1;1;1;3;PARADIS (LIGNE) (1);-21,30154;55,4579
202300004767;12;7;2023;09:05;1;2A;2A004;2;1;1;6;HERMINIER GARE MARITIME QUAI;41,92214;8,73949
202300004768;23;3;2023;10:05;1;24;24037;2;6;1;3;DE GAULLE (AVENUE DU GENERAL);44,84154842;0,46492696
202300004769;17;5;2023;09:56;1;44;44109;2;1;8;6;Rue Esnoul des Châtelets;47,19573039;-1,5439098
202300004770;6;6;2023;22:27;3;94;94074;2;1;1;1;Avenue Henri Barbusse;48,77018;2,44361
202300004771;25;11;2023;14:45;1;974;97411;2;9;1;5;LATTRE DE TASSIGNY (AVENUE MARECHAL DE);-20,88934;55,47648
202300004772;17;11;2023;07:55;1;14;14645;1;1;1;6;653 Route de Touques;49,296947;0,022058
202300004773;7;6;2023;13:30;1;94;94068;2;2;1;3;18 Rue Clément;48,80126;2,47797
202300004774;19;3;2023;19:30;2;16;16015;2;2;1;1;Rue de Montmoreau;45,636286;0,154272
202300004775;18;6;2023;03:45;3;91;91692;2;1;2;1;PROVENCE (AVENUE DE);48,676826;2,176351
202300004776;7;12;2023;18:30;3;51;51183;1;1;2;3;D966;49,310813;4,023507
202300004777;25;11;2023;14:15;1;974;97409;2;2;1;1;DESCHANETS(RUE);-20,95015;55,65132
202300004778;22;12;2023;19:30;5;973;97311;2;1;1;1;Avenue Gaston Monnerville;5,493067;-54,009348
202300004779;7;6;2023;08:45;1;94;94016;2;3;1;2;rue Pierre Mauroy;48,79177;2,32874
202300004780;12;7;2023;07:50;1;91;91201;2;2;1;3;AV DU BOIS;48,694428;2,41744
202300004781;25;11;2023;07:30;2;69;69387;2;3;1;2;Avenue Leclerc;45,74628;4,83242
202300004782;23;3;2023;14:10;1;14;14437;1;3;1;3;D513;49,18199;-0,32202
202300004783;25;11;2023;20:40;3;972;97209;1;1;1;7;BEAUSEJOUR JAMBETTE (ROUTE DE );14,62;-61,04
202300004784;6;6;2023;10:00;1;94;94016;2;1;1;6;Rue du Docteur Gosselin;48,798258;2,328257
202300004785;16;7;2023;15:30;1;14;14570;2;1;1;6;446 Rue de la Jouerie;49,047587;0,323539
202300004786;11;7;2023;16:30;1;91;91691;2;1;1;6;ROYALE(RUE);48,72211;2,50198
202300004787;9;3;2023;16:15;1;13;13077;2;3;1;1;THOREZ MAURICE (avenue);43,41016;4,98256
202300004788;25;11;2023;11:45;1;972;97209;2;1;1;6;MONTESQUIEU (RUE);14,61085;-61,0709
202300004789;28;11;2023;09:15;1;13;13115;1;1;1;7;D22b;43,688884;5,18074
202300004790;12;7;2023;21:10;2;91;91326;2;1;1;3;N/A;48,690882;2,370652
202300004791;7;6;2023;18:30;1;94;94034;2;3;1;3;Avenue de la Liberté;48,763448;2,318258
202300004792;25;11;2023;15:58;1;971;97101;1;1;1;7;PAGES;16,2544;-61,50098
202300004793;22;11;2023;13:10;1;68;68201;1;1;7;6;Rue de la Clairière;47,752381;7,007132
202300004794;21;1;2023;10:30;1;13;13039;1;1;6;7;RN 568;43,42685616;4,9700855
202300004795;24;11;2023;11:20;1;971;97101;2;1;1;6;ROLAND GARROS - DUGAZON (RUELLE);16,25015171;-61,51967168
202300004796;6;6;2023;11:20;1;94;94028;2;1;1;2;Avenue du Général de Gaulle;48,78313;2,45252
202300004797;12;7;2023;10:25;1;91;91027;2;3;1;2;RTE NATIONALE 7;48,716033;2,371078
202300004798;17;5;2023;08:15;2;44;44109;2;1;8;6;6 Quai Ceineray;47,2205879;-1,55348762
202300004799;23;3;2023;16:20;1;13;13210;2;1;1;6;BENJAMIN DELESSERT (RUE);43,28340447;5,40491955
202300004800;7;6;2023;21:00;1;94;94077;2;1;1;7;Cours de Verdun;48,7352;2,40541
202300004801;10;7;2023;16:45;1;85;85194;2;9;1;2;RD 949;46,513883;-1,79022071
202300004802;22;3;2023;10:23;1;10;10343;2;1;1;6;GAMBETTA (RUE);48,2737;4,0964
202300004803;25;11;2023;15:15;1;971;97105;2;1;1;1;CHARLES DE GAULLE (BD DU GENERAL);15,99802;-61,73375
202300004804;15;5;2023;09:10;1;44;44109;2;3;8;3;Boulevard Gustave Roch;47,20220013;-1,55387719
202300004805;7;6;2023;20:00;1;94;94017;2;1;1;2;Avenue du Général de Gaulle;48,82393479;2,49713016
202300004806;12;5;2023;14:36;1;44;44109;2;1;8;6;Avenue de l'Etrier;47,24829582;-1,5580016
202300004807;12;7;2023;09:30;1;78;78650;2;1;1;2;CARNOT (BOULEVARD);48,8978;2,11264
202300004808;23;3;2023;15:45;1;7;7019;1;1;8;2;LEONCE VERNY (AVENUE);44,62062;4,39409
202300004809;25;11;2023;18:30;5;91;91097;2;3;1;6;RUE MARCEL PAGNOL;48,67804;2,529
202300004810;7;6;2023;19:20;1;94;94002;2;1;1;6;Rue de Geneve;48,78641;2,43241
202300004811;12;5;2023;12:25;1;44;44109;2;1;1;6;46 Route de Vannes;47,23415005;-1,57998476
202300004812;22;3;2023;15:15;1;4;4070;2;1;1;6;verdun ( avenue de );44,08955;6,22761
202300004813;7;6;2023;07:35;1;93;93073;2;1;1;2;Aeroport Charles de Gaulle;49,00671;2,5555
202300004814;10;5;2023;07:51;1;44;44109;2;6;8;6;144 Boulevard de la Fraternité;47,2221561;-1,58537858
202300004815;21;3;2023;15:00;1;3;3095;2;1;1;6;Rue des Charmilles;46,137173;3,435348
202300004816;25;11;2023;16:30;1;91;91589;2;2;1;3;RUE ERNEST FONTAINE;48,682889;2,364609
202300004817;11;7;2023;08:42;1;77;77288;1;6;1;2;D606;48,55288;2,64305
202300004818;7;6;2023;19:15;1;93;93072;2;3;1;6;Avenue de Stalingrad / Rue Roger Salengro;48,94946493;2,38471378
202300004819;10;5;2023;07:16;1;44;44109;2;3;8;3;24 Boulevard de la Beaujoire;47,25828924;-1,51529574
202300004820;23;3;2023;13:40;1;3;3185;2;1;1;3;Rue Benoist d'Azy;46,35506;2,6079
202300004821;15;6;2023;19:00;1;77;77296;1;2;1;2;D402;48,620829;2,581707
202300004822;7;6;2023;13:00;1;93;93066;2;1;1;3;Avenue du Président Wilson;48,91480112;2,35812298
202300004823;10;5;2023;08:45;1;44;44109;1;1;8;2;Pont de Cheviré;47,19242497;-1,61363382
202300004824;24;3;2023;16:30;1;86;86224;1;1;1;6;La Grande Eau;46,919725;0,412926
202300004825;3;5;2023;07:45;1;44;44109;2;1;8;6;Rue Paul Bellamy;47,23297211;-1,56557194
202300004826;7;6;2023;11:30;1;93;93066;2;1;1;6;Avenue Lénine;48,94272202;2,3641794
202300004827;12;7;2023;09:50;1;77;77243;2;3;1;3;IMPRIMERIE (RUE DE  L' );48,88123;2,71437
202300004828;25;3;2023;00:30;3;51;51085;1;1;1;6;D42;48,971745;3,654263
202300004829;3;5;2023;14:00;1;44;44109;2;1;8;3;30 Rue Jean Poulain;47,25183949;-1,56496406
202300004830;12;7;2023;17:50;1;76;76322;2;1;1;3;Rue Edwin Aldrin;49,41311762;1,04867908
202300004831;24;4;2023;14:50;1;44;44172;1;1;8;4;Pont de Bellevue;47,23235166;-1,47305058
202300004832;7;6;2023;00:14;3;93;93064;2;1;1;3;Rue Jules Ferry;48,87531;2,47789
202300004833;12;7;2023;18:50;1;76;76540;2;1;1;2;Boulevard Ferdinand de Lesseps;49,44502;1,06535
202300004834;25;3;2023;16:12;1;6;6109;1;1;1;1;M6202;43,841236;7,195449
202300004835;21;11;2023;17:00;2;60;60338;1;3;9;6;D932a;49,34468;2,774112
202300004836;7;6;2023;23:20;5;93;93049;2;3;1;3;Avenue du Président Roosevelt / Rue de Verdun;48,8537309;2,50846772
202300004837;24;3;2023;20:30;3;34;34032;1;1;1;2;A75;43,371116;3,285749
202300004838;12;7;2023;11:00;1;76;76498;2;6;1;3;Place des bruyères;49,4122;1,0717
202300004839;30;11;2023;18:25;3;60;60206;1;1;2;3;D15;49,515875;2,816979
202300004840;25;3;2023;18:00;1;30;30315;1;1;1;7;Route Nationale 100;43,950745;4,710351
202300004841;24;4;2023;10:30;1;44;44109;2;1;8;6;36 Boulevard de la Beaugeoire;47,25866068;-1,51904396
202300004842;7;6;2023;08:50;1;93;93013;2;3;1;3;Rue Anizan Cavillon / Rue des Jardins;48,93421;2,41846
202300004843;11;7;2023;16:25;1;76;76351;2;2;1;3;GRAVILLE (BD DE);49,496234;0,146769
202300004844;20;4;2023;14:52;1;44;44215;1;1;8;2;N/A;47,17456036;-1,51233864
202300004845;23;3;2023;10:47;1;67;67234;2;4;2;1;1 Rue de la Libération;48,968678;7,042794
202300004846;8;7;2023;20:45;1;76;76351;2;2;1;3;PIERRE LOTI;49,50578;0,14843
202300004847;8;4;2023;23:30;3;44;44114;1;1;8;7;N/A;47,26497453;-1,59078889
202300004848;5;6;2023;20:10;1;93;93010;2;1;1;3;Avenue Galliéni;48,90690569;2,48746159
202300004849;28;10;2023;09:35;1;62;62826;2;6;2;7;Avenue François Godin;50,51085394;1,58862662
202300004850;7;6;2023;16:00;2;93;93007;2;1;1;6;87 Avenue de la Division Leclerc;48,94600212;2,46050298
202300004851;24;3;2023;23:30;3;76;76151;1;1;6;2;Route Departementale 20;49,844051;0,727297
202300004852;11;7;2023;17:00;1;72;72181;2;9;1;6;PATTON GENERAL RTE ST-AUBIN A AV RUBILLA;48,03018079;0,17912507
202300004853;11;12;2023;07:50;4;74;74256;2;1;3;6;1051 Avenue de geneve;45,94578;6,629882
202300004854;12;7;2023;14:00;1;69;69286;2;1;1;6;Avenue de l'Europe;45,81724;4,90061
202300004855;7;6;2023;21:40;2;93;93001;2;1;1;6;Rue Lopez et Jules Martin;48,91461878;2,39931
202300004856;28;11;2023;19:00;5;74;74263;2;1;1;6;100 Avenue de bonnatrait;46,334736;6,394
202300004857;25;3;2023;12:20;1;80;80621;1;1;6;7;D45;49,830999;2,84647
202300004858;7;6;2023;15:40;1;92;92063;2;1;1;5;BONAPARTE (AVENUE NAPOLEON) SUD;48,87272386;2,16322874
202300004859;28;11;2023;09:55;1;74;74210;1;1;1;1;Route de la gare;46,302347;6,428424
202300004860;24;3;2023;17:55;1;63;63040;2;2;1;3;Avenue Victor Cohalion / rue Clair matin;45,723336;3,35127
202300004861;12;7;2023;21:40;2;69;69259;2;3;1;3;2 Boulevard Ambroise Croizat;45,7066;4,88742
202300004862;7;6;2023;09:15;1;92;92051;2;1;1;3;COMMANDANT CHARCOT (BOULEVARD DU);48,87925;2,25779
202300004863;18;2;2023;18:30;1;44;44109;2;1;8;4;7 Rue de la Rosière d'Artois;47,21204421;-1,56708955
202300004864;12;7;2023;08:53;1;67;67482;2;1;1;6;BREITLACH (RUE DE LA);48,531;7,773
202300004865;25;3;2023;14:50;1;12;12208;1;1;1;3;D999;43,955854;2,859669
202300004866;16;12;2023;18:18;5;10;10387;2;1;5;3;PIERRE BROSSOLETTE (RUE);48,288;4,077
202300004867;7;6;2023;17:35;1;92;92050;2;1;1;3;JOFFRE MARECHAL AVENUE DU;48,88527111;2,19557208
202300004868;9;7;2023;10:06;1;66;66136;2;1;1;6;SAINT-ASSISCLE (BOULEVARD DE);42,69769;2,87796
202300004869;25;3;2023;06:58;2;12;12120;1;1;1;6;Ruisseau du Mayroux (Buse);44,385332;2,826158
202300004870;6;6;2023;15:30;1;92;92040;2;1;1;1;DOCTEUR ZAMENHOFF (DU);48,8150255;2,26783589
202300004871;8;7;2023;17:00;1;66;66136;2;3;1;3;N/A;42,73075;2,90831
202300004872;24;3;2023;23:00;3;41;41059;1;1;2;6;route départementale 7;47,439989;1,374085
202300004873;7;6;2023;09:08;1;92;92035;2;1;1;1;Joffre ( avenue );48,90475;2,2447
202300004874;8;7;2023;11:15;1;66;66136;1;1;1;2;N/A;42,6791;2,87286
202300004875;25;3;2023;07:40;1;2;2286;1;1;1;1;N/A;49,969738;3,762399
202300004876;3;10;2023;11:50;1;44;44055;1;1;1;4;N/A;47,29926;-2,36138
202300004877;6;6;2023;12:50;1;92;92024;2;3;1;6;OLAF PALME (RUE);48,907078;2,317735
202300004878;12;7;2023;10:28;1;65;65433;2;3;1;1;BARBUSSE (AVENUE HENRI);43,219256;0,095747
202300004879;10;10;2023;19:30;5;13;13208;2;1;1;6;MENDES FRANCE (AVENUE);43,2535;5,3759
202300004880;24;3;2023;15:20;1;3;3019;1;1;1;7;RD236;46,608977;3,69148
202300004881;12;7;2023;11:44;1;64;64335;2;1;2;6;FLANDRES DUNKERQUE;43,32093;-0,43524
202300004882;7;6;2023;00:10;5;92;92012;2;1;1;2;PONT DE SEVRES (ROND POINT DU);48,82920843;2,22886473
202300004883;10;10;2023;07:00;2;13;13212;2;1;1;3;CAILLOLS (AVENUE DES);43,305;5,426
202300004884;25;3;2023;11:50;1;70;70198;1;3;1;3;D70;47,547118;5,669332
202300004885;7;6;2023;18:00;1;92;92004;2;1;1;1;ROBERT DUPONT;48,92026;2,2819
202300004886;12;7;2023;09:30;1;62;62193;2;2;1;3;Rue Voltaire;50,95499;1,87173
202300004887;17;7;2023;21:30;5;13;13208;2;1;1;6;pointe rouge (ave);43,24767;5,37444
202300004888;2;7;2023;20:25;1;61;61006;2;1;1;6;D238A;48,73928;-0,02334
202300004889;25;3;2023;14:15;1;72;72382;1;2;1;3;chemin de la sapiniere;47,927393;0,466399
202300004890;7;6;2023;17:15;1;76;76281;1;2;1;3;D484;49,524804;0,581803
202300004891;12;7;2023;08:10;1;59;59350;2;1;1;2;FAUBOURG D'ARRAS RUE;50,615298;3,062649
202300004892;25;3;2023;16:50;1;50;50076;1;1;1;6;Le Moulin Saint Martin;48,895781;-1,531724
202300004893;5;12;2023;19:50;3;41;41148;1;2;9;4;route départemenatle 951;47,647436;1,438415
202300004894;7;6;2023;10:10;1;84;84142;1;6;1;2;Route d'Avignon (Pont);43,968558;4,980476
202300004895;9;7;2023;02:55;5;57;57019;2;1;1;6;SOURCE (RUE DE LA);49,24021;6,13462
202300004896;25;3;2023;09:35;1;50;50239;2;1;1;3;Rue Saint Martin;49,126139;-1,165358
202300004897;7;4;2023;12:45;1;44;44109;2;1;8;6;23 Boulevard Luc Olivier Merson;47,22362354;-1,57329165
202300004898;8;7;2023;11:56;1;57;57591;2;6;1;3;POINCARE (RUE RAYMOND);49,25653;6,1065
202300004899;7;4;2023;10:30;1;44;44109;2;1;8;3;6 Rue Gigant;47,2144791;-1,568503
202300004900;25;3;2023;11:25;1;30;30269;1;4;1;3;La Bigore;44,112791;3,857676
202300004901;7;6;2023;17:45;1;62;62883;1;1;1;7;D99;50,41472657;2,2926271
202300004902;6;4;2023;16:30;1;44;44109;2;1;8;6;110 boulevard du Massacre;47,23148202;-1,59268231
202300004903;10;7;2023;17:36;1;56;56121;2;6;1;3;MULLER ( DU COLONEL JEAN );47,76596;-3,40071
202300004904;4;4;2023;08:45;1;44;44109;2;1;8;1;Rue Félix Eboué;47,21135493;-1,55801353
202300004905;7;6;2023;09:45;1;56;56231;1;1;1;3;N/A;47,692346;-2,63821
202300004906;11;7;2023;16:50;1;49;49007;2;6;1;3;GATS;47,47431;-0,51589
202300004907;1;4;2023;06:24;5;44;44109;2;1;8;6;5 Allée de l'Ile Gloriette;47,21114822;-1,55753216
202300004908;30;3;2023;14:25;1;44;44109;2;9;8;6;Boulevard de Stalingrad;47,21964962;-1,53309731
202300004909;12;7;2023;19:40;1;44;44109;2;1;1;2;Pont Georges Clemenceau;47,201804;-1,53515
202300004910;25;3;2023;04:30;3;30;30333;1;1;1;4;A9 Pk 64+700 sens Montpellier-Nimes;43,75414;4,258211
202300004911;8;6;2023;18:50;1;82;82112;2;1;1;1;3bis Côte Saint-Laurent;44,106701;1,083285
202300004912;16;6;2023;19:30;1;44;44109;2;1;1;6;Cours des 50 Otages;47,219716;-1,555647
202300004913;28;3;2023;08:51;1;44;44109;2;1;8;3;Prairie des Mauves;47,22345462;-1,50172578
202300004914;24;3;2023;13:30;1;976;97605;2;1;1;6;avenue du collège;-12,832631;45,118975
202300004915;26;3;2023;11:45;1;44;44020;1;-1;8;6;N/A;47,17933899;-1,60479435
202300004916;7;6;2023;14:00;1;65;65031;1;1;1;3;D929 PK50;42,918296;0,363171
202300004917;11;7;2023;19:40;1;42;42218;2;2;1;3;Place Jean et Hippolyte Vial;45,43576;4,43769
202300004918;26;3;2023;01:00;3;44;44162;1;1;1;6;Rue de la Rousselière;47,2391721;-1,64222967
202300004919;8;6;2023;16:45;1;71;71107;1;1;1;1;grand route;46,837114;4,663417
202300004920;24;3;2023;17:15;1;988;98830;1;1;1;6;Kongouma (Tribu);-20,756967;165,115542
202300004921;25;3;2023;20:45;1;44;44109;2;1;8;6;62 Boulevard Jules Verne;47,23869083;-1,53186433
202300004922;12;7;2023;18:44;1;38;38185;2;2;4;3;Boulevard;45,18069;5,71951
202300004923;8;6;2023;08:30;1;61;61116;2;1;1;3;VC;48,378088;0,84585
202300004924;24;3;2023;15:30;1;972;97224;2;1;3;3;Rivière Roches;14,684474;-61,016087
202300004925;25;3;2023;14:00;1;44;44190;2;6;8;3;Rue de la Commune de 1871;47,19922551;-1,50022126
202300004926;1;7;2023;01:20;3;38;38421;2;1;1;7;RUE DU BOURGAMON;45,16553737;5,76080295
202300004927;25;3;2023;09:05;1;78;78193;1;1;1;6;D58;48,712942;1,973231