Num_Acc;jour;mois;an;hrmn;lum;dep;com;agg;int;atm;col;adr;lat;long
202300004928;24;3;2023;18:00;1;44;44184;2;1;8;6;150 Boulevard Emile Broodcoorens;47,26662074;-2,24778382
202300004929;8;6;2023;17:30;1;61;61129;1;3;1;3;D9;48,478614;0,599098
202300004930;12;7;2023;12:45;1;37;37261;2;3;1;3;LOUIS XI (BOULEVARD);47,37495;0,66958
202300004931;21;3;2023;09:40;1;44;44190;2;1;8;1;119 Route de Clisson;47,19015026;-1,52008631
202300004932;8;6;2023;17:08;1;50;50413;2;1;1;6;Voie de la Liberté;48,608029;-1,380855
202300004933;24;3;2023;07:40;1;84;84047;1;2;1;6;Route des Nourrats;43,889566;5,3509
202300004934;12;7;2023;14:55;1;35;35238;2;3;1;3;N/A;48,097683;-1,67301849
202300004935;20;3;2023;08:00;1;44;44109;2;6;8;3;Boulevard du Petit Port;47,24344039;-1,55682017
202300004936;7;6;2023;18:10;1;64;64499;2;1;1;6;28 Avenue des Docteurs Foix;43,473485;-0,920271
202300004937;25;3;2023;10:00;1;6;6101;1;1;1;2;D6202;43,950019;6,987262
202300004938;11;7;2023;16:12;1;34;34032;2;1;1;6;38 Boulevard de Verdun;43,33634;3,22288
202300004939;8;6;2023;12:00;1;7;7128;1;1;7;6;Route de Rochepaule;45,10499124;4,50959532
202300004940;13;3;2023;09:45;1;44;44109;2;2;8;3;39 Rue Vidie;47,23390175;-1,56297068
202300004941;12;7;2023;11:15;1;33;33529;2;1;8;1;MAGRETTE (CH. DE LA);44,63415;-1,12792
202300004942;24;3;2023;23:00;3;71;71307;1;1;1;1;PR 013+0071 - Route du marais;46,376192;4,033028
202300004943;7;6;2023;12:30;1;27;27284;2;1;1;6;11 Rue du Pré de l’Empereur;49,28646;1,794182
202300004944;13;3;2023;19:48;1;44;44109;2;3;1;3;69 Avenue du Bout des Landes;47,26190706;-1,57953974
202300004945;13;7;2023;00:30;5;31;31149;2;7;8;1;FORT (RUE DU);43,61376;1,33706
202300004946;3;2;2023;16:00;1;12;12243;1;1;1;7;D992;44,029082;2,964805
202300004947;8;6;2023;07:55;1;17;17480;1;1;1;1;D117;46,140396;-0,854509
202300004948;24;3;2023;18:30;1;71;71556;2;1;1;2;D906;46,272102;4,798338
202300004949;12;7;2023;09:50;1;31;31483;1;1;1;2;D 5;43,13066;0,723919
202300004950;30;11;2023;18:00;5;43;43002;2;1;3;6;Avenue de Bonneville;45,05042;3,88544
202300004951;8;6;2023;09:05;1;87;87097;1;1;1;6;D951;46,103381;0,87425
202300004952;12;7;2023;14:07;1;17;17415;2;1;1;6;ANCIENNE CASERNE PASSAGE DE;45,74469;-0,6228
202300004953;25;3;2023;03:45;4;88;88086;2;1;1;7;20 Rue du 5 Septembre 1944;48,195466;6,720876
202300004954;14;12;2023;09:00;1;43;43157;2;1;8;3;12 Boulevard Docteur Chantemesse;45,05146;3,87802
202300004955;7;6;2023;17:10;1;30;30012;1;6;1;2;;43,901019;4,699627
202300004956;25;3;2023;09:45;1;54;54318;2;1;6;6;56 Route de Pompey;48,750799;6,075522
202300004957;8;6;2023;16:00;1;13;13024;1;1;1;1;D67;43,700148;5,249426
202300004958;14;12;2023;08:00;1;43;43089;2;1;2;4;36 Avenue du Puy_;45,045269;3,873723
202300004959;12;7;2023;17:00;1;17;17306;2;4;1;4;Rue Emile Gaboriau;45,627107;-1,012362
202300004960;25;3;2023;06:45;1;63;63470;1;1;1;7;D450;45,84624025;3,04571271
202300004961;10;3;2023;17:15;1;44;44109;2;1;1;6;80 Boulevard Joliot Curie;47,19394072;-1,53128636
202300004962;7;6;2023;14:55;1;1;1303;1;1;1;2;A40 Pk 136.400;46,097125;5,426173
202300004963;12;7;2023;08:20;1;13;13071;2;3;1;2;ROUTE NATIONALE 368 (VILLAGE);43,40805;5,30898
202300004964;25;3;2023;13:25;1;38;38135;1;1;1;1;D1075;45,74288;5,404673
202300004965;25;9;2023;13:31;1;74;74218;2;6;1;6;DRANSE (RUE DU PONT DE)_;46,3833;6,51231
202300004966;12;7;2023;02:15;3;13;13208;2;1;1;6;MENDES FRANCE (AVENUE);43,24958;5,37515
202300004967;1;6;2023;08:10;1;69;69244;2;3;1;7;Avenue Victor Hugo;45,766707;4,784621
202300004968;24;3;2023;14:15;1;17;17336;2;3;1;3;18bis Impasse des Nourauds;45,777173;-0,723639
202300004969;15;6;2023;13:30;1;13;13213;2;1;1;6;FRANÇOIS MIGNET (AVENUE);43,33033;5,42721
202300004970;8;6;2023;17:25;1;53;53108;1;3;1;3;Intersection D57 et D168;48,073147;-1,011611
202300004971;12;7;2023;20:20;1;10;10387;2;6;1;7;GEORGES POMPIDOU (RUE);48,28798;4,08118
202300004972;24;3;2023;16:00;1;35;35292;1;1;1;1;L'Esconnerie;48,36806325;-1,42710418
202300004973;8;6;2023;07:30;1;38;38348;1;1;1;2;A43 - PK 39-800;45,571725;5,321374
202300004974;12;7;2023;13:36;1;10;10333;2;1;1;6;CHARLES DE REFUGE (RUE);48,28279;4,05541
202300004975;24;3;2023;18:52;1;60;60139;2;1;2;6;Place de l’Eglise;49,16624331;2,24586618
202300004976;20;11;2023;08:00;2;74;74105;2;1;1;6;66 Avenue de geneve;46,304198;6,296964
202300004977;3;6;2023;17:30;1;33;33229;1;1;1;2;Cd106;44,77789528;-1,03359461
202300004978;8;7;2023;17:50;1;7;7070;1;1;1;2;ROUTE DEPARTEMENTALE 86;44,9792;4,85056
202300004979;13;12;2023;11:43;1;74;74296;1;1;2;7;N/A;46,080345;6,053635
202300004980;25;3;2023;17:20;1;2;2555;1;1;1;7;N/A;48,953621;3,329308
202300004981;12;7;2023;17:15;1;6;6027;2;1;1;2;PLAGE BOULEVARD DE LA;43,65327;7,1553
202300004982;22;8;2023;17:45;1;74;74281;2;2;1;6;MARTINET (CHEMIN DU)_;46,36389;6,47619
202300004983;18;3;2023;13:29;1;59;59411;2;6;1;6;D120;50,47949772;3,10458389
202300004984;7;6;2023;16:50;2;988;98808;1;2;1;6;tribu de BA;-21,18574;165,54464
202300004985;8;6;2023;00:30;5;971;97128;1;6;1;6;Bouliqui;16,257928;-61,455041
202300004986;12;7;2023;00:40;4;5;5061;2;1;1;1;JEAN MACE ( RUE );44,55836;6,06992
202300004987;9;3;2023;15:20;1;44;44109;2;1;8;2;15 Rue Louis Blanc;47,20645241;-1,55483197
202300004988;28;1;2023;18:50;5;13;13213;1;1;1;2;A507 sens Marseille - Aubagne;43,32828784;5,41725594
202300004989;7;6;2023;18:25;1;28;28096;1;1;1;1;D115.2;48,892388;1,484742
202300004990;24;3;2023;20:00;3;69;69029;1;1;1;6;Route Départementale 383;45,74342;4,90586
202300004991;11;7;2023;23:50;5;75;75119;2;4;1;4;PORTE D AUBERVILLIERS;48,90017259;2,37638891
202300004992;9;3;2023;14:30;1;44;44109;2;1;8;6;Cours des 50 Otages;47,21739457;-1,55707353
202300004993;7;6;2023;19:28;1;77;77183;2;1;1;6;D603;48,950803;3,126528
202300004994;10;7;2023;21:50;5;75;75119;2;1;1;7;PORTE DE PANTIN;48,8835;2,399945
202300004995;8;3;2023;11:00;1;44;44143;1;1;8;3;N/A;47,15938595;-1,53713983
202300004996;21;3;2023;17:10;1;54;54357;1;1;1;3;Autoroute A 31;48,720543;6,167568
202300004997;8;3;2023;08:00;1;44;44162;2;6;2;7;boulevard salvador allende;47,2192455;-1,62182392
202300004998;10;7;2023;09:20;1;75;75116;2;1;1;2;PORTE DAUPHINE;48,869784;2,271684
202300004999;7;6;2023;13:00;1;13;13101;1;1;1;2;Grand Rue;43,404829;5,529934
202300005000;24;3;2023;17:50;1;94;94021;1;1;2;7;A6A;48,76446314;2,34264628
202300005001;26;12;2023;08:45;2;83;83123;1;1;7;2;N/A;43,14312445;5,78852677
202300005002;12;7;2023;12:47;1;75;75108;2;2;1;6;BOULEVARD MALESHERBES;48,877778;2,316286
202300005003;8;6;2023;15:45;1;7;7324;2;1;1;1;28 Rue du Doux;45,070112;4,825472
202300005004;24;3;2023;16:50;1;91;91161;1;1;1;1;AUTOROUTE A126;48,70908;2,30833
202300005005;24;5;2023;22:20;3;1;1264;1;1;1;6;RD 936;46,187991;5,119439
202300005006;10;7;2023;21:45;2;75;75119;2;3;1;2;BOULEVARD PERIPHERIQUE INTERIEUR NORD  ;48,89990223;2,38529921
202300005007;24;3;2023;15:35;1;91;91216;1;1;1;2;AUTOROUTE A6;48,67927;2,33363
202300005008;7;6;2023;13:30;1;46;46138;1;1;1;6;A20 / AIRE DES JARDINS DES CAUSSES;44,658351;1,570015
202300005009;11;7;2023;15:45;1;75;75116;2;1;1;2;BOULEVARD PERIPHERIQUE INTERIEUR OUEST;48,866524;2,268792
202300005010;3;3;2023;07:05;1;44;44109;2;3;8;3;92 Route de Sainte Luce;47,23267949;-1,52183814
202300005011;26;4;2023;08:05;1;83;83137;1;1;1;2;A50 ENTRÉE TUNNEL TUBE SUD;43,12697515;5,91375934
202300005012;24;3;2023;14:48;1;91;91136;1;1;1;4;AUTOROUTE A126;48,71098;2,29355
202300005013;12;7;2023;09:03;1;75;75105;2;1;1;1;BOULEVARD SAINT MARCEL;48,838837;2,358202
202300005014;15;12;2023;07:15;5;74;74008;2;3;1;3;MON IDEE (RUE DE);46,20035;6,22526
202300005015;24;3;2023;15:50;1;92;92036;1;1;1;3;A86;48,93576409;2,28722247
202300005016;2;6;2023;17:15;1;57;57474;1;1;1;3;Autoroute A31;49,26244746;6,17736071
202300005017;13;12;2023;07:40;3;74;74012;2;1;3;6;18 AOUT 44 (RUE DU);46,19238;6,25111
202300005018;23;3;2023;17:50;1;78;78455;1;1;1;2;A13;48,85472;2,0596
202300005019;12;7;2023;00:00;5;75;75120;2;2;1;3;BOULEVARD DAVOUT;48,851306;2,411119
202300005020;7;6;2023;16:10;1;94;94065;1;1;1;2;N186;48,7549;2,34533
202300005021;11;12;2023;07:00;3;74;74298;2;1;3;3;EUROPE (AVENUE DE L');46,17674;6,24025
202300005022;9;12;2023;15:30;1;74;74012;2;1;2;6;18 AOUT 44 (RUE DU);46,19137;6,23319
202300005023;12;7;2023;11:15;1;75;75119;2;3;1;7;AVENUE SIMON BOLIVAR;48,876424;2,376851
202300005024;24;3;2023;08:45;1;95;95351;1;1;1;4;RN 104;49,03843116;2,48465076
202300005025;7;6;2023;14:55;1;94;94038;1;1;1;2;A6B;48,78431731;2,34694866
202300005026;6;12;2023;10:40;1;74;74010;2;1;1;6;FRANCE (AVENUE)(SECTEUR 310);45,90965;6,13853
202300005027;24;3;2023;07:30;1;93;93063;1;1;1;3;AUTOROUTE A3;48,87528738;2,44004158
202300005028;7;6;2023;07:25;1;94;94038;1;1;1;6;A6A;48,77318113;2,34587558
202300005029;12;7;2023;18:55;1;75;75117;2;2;1;3;AVENUE DE LA PORTE D ASNIERES;48,891826;2,301581
202300005030;15;12;2023;17:00;5;10;10387;2;3;1;3;MADAGASCAR (RUE DE)_;48,28878;4,08027
202300005031;24;3;2023;06:41;5;93;93066;1;1;1;2;AUTOROUTE A1;48,91524;2,3579
202300005032;11;7;2023;18:50;1;75;75116;2;1;1;2;SOUTERRAIN VARSOVIE;48,860213;2,29093
202300005033;15;12;2023;08:57;1;10;10333;2;1;8;3;AUXERRE (ROUTE)_;48,27242;4,05516
202300005034;7;6;2023;09:16;1;91;91553;1;1;1;5;RN 104;48,62519;2,47158
202300005035;2;9;2023;06:30;2;5;5061;2;1;1;6;RN 85;44,57288;6,08163
202300005036;11;7;2023;23:05;5;75;75116;2;2;1;3;AVENUE INGRES;48,857361;2,264678
202300005037;24;3;2023;07:40;1;93;93051;1;1;1;5;A4;48,83546;2,571
202300005038;7;6;2023;02:00;3;91;91534;1;1;1;7;RN 118;48,72814;2,1656
202300005039;6;6;2023;22:11;3;91;91179;1;1;1;7;AUTOROUTE A6;48,55584;2,49189
202300005040;13;10;2023;17:15;1;3;3155;2;1;1;1;22 boulevard Gambetta;46,7318;2,939297
202300005041;23;3;2023;08:55;1;75;75116;2;1;1;3;ECHANGEUR MUETTE;48,864978;2,267427
202300005042;21;11;2023;10:42;1;74;74119;1;1;9;6;RTE DE LA CORNICHE;46,38536019;6,58981258
202300005043;11;7;2023;12:00;1;75;75113;2;4;1;6;BOULEVARD SAINT MARCEL;48,839957;2,361729
202300005044;22;3;2023;22:00;5;75;75113;2;1;1;2;PORTE DE GENTILLY;48,816586;2,347239
202300005045;7;6;2023;17:25;1;92;92063;1;1;1;3;A86;48,88961195;2,16890822
202300005046;22;3;2023;12:30;1;75;75120;2;1;1;6;ECHANGEUR BAGNOLET;48,86429599;2,41363406
202300005047;11;7;2023;09:50;1;75;75110;2;2;1;7;QUAI DE JEMMAPES;48,879513;2,36804
202300005048;7;6;2023;09:50;1;92;92023;1;1;1;7;A86;48,77689465;2,22498357
202300005049;22;10;2023;13:40;1;74;74218;2;3;1;4;RIVE (AVENUE DE LA) RD 1005;46,39501242;6,54072243
202300005050;23;3;2023;13:18;1;75;75114;2;2;8;3;AVENUE DU MAINE;48,83236996;2,32504606
202300005051;12;7;2023;14:44;1;75;75108;2;2;1;6;AVENUE HOCHE;48,876546;2,301692
202300005052;16;10;2023;16:50;1;74;74281;2;9;1;3;CORNICHE (BD DE LA) SUPERIEUR N°20;46,361;6,45
202300005053;6;6;2023;07:20;1;92;92025;1;1;1;2;A86;48,9244141;2,23084474
202300005054;12;7;2023;11:40;1;94;94058;2;1;1;6;Avenue du Général de Gaulle;48,83511937;2,51344121
202300005055;9;10;2023;20:40;3;74;74119;2;3;1;3;GOLF (ROUTE DU);46,39505;6,5754
202300005056;4;6;2023;23:30;3;93;93005;1;1;1;3;AUTOROUTE A3;48,96235;2,47364
202300005057;12;7;2023;12:30;1;94;94076;1;1;1;3;Avenue Paul Vaillant-couturier;48,80041;2,34774
202300005058;30;9;2023;16:29;1;74;74281;2;1;1;2;PLANTEES (AVENUE DES);46,38;6,491
202300005059;22;3;2023;19:56;5;75;75115;2;1;1;2;BOULEVARD PERIPHERIQUE EXTERIEUR SUD;48,825793;2,299593
202300005060;30;9;2023;15:50;1;74;74281;2;1;1;2;SAINT DISDILLE (AVENUE DE);46,38993;6,50732
202300005061;4;6;2023;21:30;2;95;95042;1;1;1;5;N104;49,06191;2,32597
202300005062;9;7;2023;11:50;1;94;94033;2;9;1;3;Avenue de Neuilly;48,84759061;2,48789477
202300005063;20;9;2023;14:14;1;74;74218;2;1;1;1;RIVE (AVENUE DE LA) RD 1005;46,39421;6,544
202300005064;12;7;2023;09:50;1;94;94073;2;2;1;6;route de fontainebleau;48,74609;2,36959
202300005065;12;7;2023;17:55;1;94;94018;1;1;1;7;Quai de Charenton;48,82494;2,39264
202300005066;4;6;2023;14:50;1;95;95277;1;1;1;5;D170 ;48,97803406;2,43674397
202300005067;28;11;2023;07:25;3;50;50546;1;1;3;4;Rue de Tessy - Gourfaleur;49,078655;-1,091702
202300005068;12;7;2023;09:10;1;94;94018;2;9;1;2;Quai de Bercy;48,82248;2,39755
202300005069;7;6;2023;19:20;1;77;77249;1;1;1;3;RN104;48,72829035;2,60429471
202300005070;2;3;2023;09:50;1;44;44109;2;1;2;2;18 Rue Marceau;47,21603323;-1,56379339
202300005071;12;7;2023;18:20;1;94;94017;2;1;1;3;Avenue Maurice Thorez;48,81344;2,53715
202300005072;23;2;2023;12:14;1;44;44190;2;1;8;6;64 Avenue de la Martellière;47,19914299;-1,52693909
202300005073;11;7;2023;21:32;1;94;94002;2;9;1;6;33 Rue des Ecoles;48,803839;2,416722
202300005074;7;6;2023;16:35;1;94;94011;1;1;1;4;N406;48,76152155;2,49235572
202300005075;15;2;2023;13:05;1;44;44109;2;1;8;6;104 Route de Saint-Joseph;47,23943476;-1,53754143
202300005076;12;7;2023;06:40;2;93;93073;2;9;7;6;Aeroport Charles de Gaulle;48,989971;2,5461
202300005077;16;4;2023;11:55;1;95;95018;2;9;1;6;HELOISE (BOULEVARD);48,939465;2,24846363
202300005078;13;2;2023;08:45;1;44;44109;2;1;8;3;12 Rue Louis Blanc;47,20673158;-1,55503788
202300005079;13;3;2023;16:00;1;43;43224;2;1;1;1;Route du Mont;45,248841;4,237354
202300005080;12;7;2023;18:30;1;93;93077;2;2;1;3;Avenue Franklin / Rue Jean Fallay;48,89521;2,50066
202300005081;7;2;2023;11:05;1;44;44109;2;1;8;6;28 Rue de Gigant;47,21435939;-1,57112016
202300005082;10;3;2023;11:40;1;43;43007;1;1;6;7;D15;45,03536429;4,190678
202300005083;3;2;2023;08:00;1;44;44109;2;1;8;7;boulevard du général de gaulle;47,20495444;-1,53772556
202300005084;12;7;2023;13:00;1;93;93077;2;2;1;3;Avenue Franklin / Rue Jean Fallay;48,89516;2,50065
202300005085;3;2;2023;12:25;1;44;44020;2;1;8;3;Rue de la Californie;47,18871426;-1,58725238
202300005086;6;6;2023;18:55;1;93;93059;2;1;1;6;Avenue Gabriel Péri;48,96336509;2,35650381
202300005087;11;7;2023;20:10;1;93;93053;2;5;1;2;Boulevard Michelet / Avenue Marceau;48,89015;2,45892
202300005088;1;2;2023;08:35;1;44;44109;2;1;1;3;21 Rue Paul Painlevé;47,22603683;-1,57066015
202300005089;6;6;2023;16:20;1;93;93027;2;3;1;3;Avenue Jean Jaurès / Rue Corneille;48,9244;2,4016
202300005090;12;7;2023;19:19;1;93;93051;2;1;1;3;Boulevard du Marechal Foch;48,84536501;2,52824692
202300005091;30;1;2023;08:05;1;44;44109;2;1;8;4;297 Route de Sainte Luce;47,24387354;-1,5050334
202300005092;6;6;2023;13:15;1;92;92024;2;2;1;6;GEORGES BOISSEAU (RUE);48,90628595;2,31393769
202300005093;12;7;2023;14:20;1;93;93051;2;9;1;3;Boulevard du Ru de Nesles;48,83690352;2,58244962
202300005094;28;1;2023;02:15;5;44;44109;2;1;8;6;135 Boulevard Robert Schuman;47,24026304;-1,57226127
202300005095;28;1;2023;15:05;1;44;44109;2;1;8;6;20 Quai Ernest Renaud;47,20496851;-1,57491557
202300005096;5;6;2023;12:40;1;82;82033;2;1;7;6;Route de Moissac rd 813;44,063837;1,097456
202300005097;16;6;2023;09:10;1;93;93008;2;1;1;2;Av du President Salvador Allende;48,9046627;2,44445272
202300005098;20;1;2023;13:30;1;44;44109;2;1;8;7;72 Boulevard Jules Verne;47,23964513;-1,53119285
202300005099;5;6;2023;16:25;1;94;94058;2;1;1;6;137 bis Avenue Pierre Brossolette;48,83466775;2,50743923
202300005100;12;7;2023;19:40;1;93;93001;2;1;1;5;Avenue Jean Jaurès;48,9130795;2,40225027
202300005101;27;1;2023;08:00;1;44;44109;2;3;8;6;Rue de Strasbourg;47,21848949;-1,55334485
202300005102;6;2;2023;12:50;1;93;93031;2;1;1;6;Avenue Galliéni;48,96367546;2,2979116
202300005103;12;7;2023;10:40;1;92;92078;1;1;1;6;GALLIENI (BD) (1 A 79 ET 22 A 102);48,92683417;2,32776189
202300005104;25;1;2023;10:20;1;44;44190;2;3;8;6;126 Rue du Général De Gaulle;47,20898376;-1,48793276
202300005105;12;2;2023;20:00;5;92;92023;2;1;1;3;GENERAL DE GAULLE (AV DU) N°130 A 340 ET;48,78456562;2,24955261
202300005106;12;7;2023;10:00;1;92;92051;2;9;1;2;COMMANDANT CHARCOT (BOULEVARD DU);48,87446785;2,25531265
202300005107;23;1;2023;07:40;1;44;44087;1;6;8;2;Rond-Point du Moulin Morcat;46,9900326;-1,79588217
202300005108;23;8;2023;06:50;1;91;91363;1;1;1;3;A10 - PK 003+200 - en direction de la province;48,649101;2,168341
202300005109;5;6;2023;09:15;1;987;98735;2;1;1;4;CLEMENCEAU ( RUE QTIER DEFLESSELLE);-17,53663;-149,56028
202300005110;12;7;2023;12:10;1;92;92050;2;1;1;6;PICASSO PABLO AVENUE;48,88921103;2,22018528
202300005111;21;8;2023;00:00;5;11;11202;2;1;1;2;avenue georges candilis;42,840428;3,042129
202300005112;6;6;2023;15:50;1;974;97416;1;1;1;2;RN03;-21,3176;55,4903
202300005113;11;7;2023;10:12;1;92;92049;2;1;1;3;DARDAN RUE GERMAIN;48,812243;2,302807
202300005114;22;12;2023;10:00;1;21;21464;1;1;3;5;A31;47,128958;4,971099
202300005115;3;8;2023;11:20;1;987;98747;2;1;7;3;PK 60 - TARAVAO CENTRE;-17,756;-148,736
202300005116;10;7;2023;08:40;1;92;92002;2;1;1;6;ARMAND GUILLEBAUD (AVENUE);48,74581674;2,31446542
202300005117;5;6;2023;08:30;1;974;97416;1;3;1;3;BOISSY (CHEMIN DE);-21,345;55,5029
202300005118;22;8;2023;16:10;1;77;77339;2;1;1;6;La Chesnaye;48,394579;2,494251
202300005119;13;7;2023;04:40;5;11;11194;2;1;1;6;Route des 4 Chateaux;43,333642;2,380643
202300005120;9;12;2023;15:45;1;45;45254;1;3;1;3;D940 PR 11 + 162;47,645933;2,588611
202300005121;22;8;2023;14:00;1;2B;2B059;1;1;1;1;RT30;42,492479;9,184055
202300005122;6;6;2023;19:00;5;974;97411;2;1;1;6;BEDIER (AVENUE JOSEPH);-20,8933;55,48651
202300005123;11;12;2023;18:50;5;14;14118;2;3;1;6;Quai Vendeuvre;49,18027;-0,34989
202300005124;13;7;2023;00:15;5;91;91235;2;1;1;2;39 Rue Clément Ader;48,622509;2,361986
202300005125;15;9;2023;10:50;1;36;36150;1;1;1;7;N/A;46,43426838;1,4785409
202300005126;6;6;2023;07:30;1;974;97407;2;1;7;6;14 JUILLET 1789(AVENUE DU);-20,93201;55,29591
202300005127;14;8;2023;23:15;5;34;34344;1;1;1;2;D62;43,569346;4,078213
202300005128;5;7;2023;13:30;1;38;38336;2;1;1;7;384 Route Nationale 7 Nord St Christ;45,492698;4,832659
202300005129;21;1;2023;01:00;5;44;44109;2;1;8;6;1 rue des forges;47,22324049;-1,51846558
202300005130;22;8;2023;11:54;1;83;83068;2;1;1;6;1651 Route du Littoral;43,280459;6,5794
202300005131;6;6;2023;15:45;1;973;97302;2;1;1;2;COLLERY (ZONE INDUSTRIELLE);4,90415705;-52,32608843
202300005132;9;7;2023;05:00;2;41;41150;1;3;1;7;Route de Clènord;47,537047;1,435084
202300005133;20;1;2023;01:15;3;44;44109;2;1;8;7;Pont de Tbilissi;47,21307478;-1,54095567
202300005134;22;8;2023;19:20;1;83;83068;2;1;1;5;Route du Littoral;43,267491;6,574228
202300005135;11;7;2023;07:00;1;49;49092;1;1;7;2;Route Départementale 24;47,221958;-0,566525
202300005136;6;6;2023;13:50;1;973;97302;2;9;1;3;MADELEINE (ROUTE DE LA);4,92100198;-52,32201934
202300005137;21;1;2023;14:30;1;44;44162;2;3;8;7;Chemin des Bodinières;47,20796724;-1,64360917
202300005138;23;8;2023;11:30;1;68;68136;1;1;1;1;Rue de Sainte Croix En Plaine;48,003764;7,445512
202300005139;12;7;2023;18:57;1;41;41144;2;2;1;3;Rue de Pasnel;47,479481;1,094956
202300005140;5;6;2023;19:20;4;973;97302;2;1;1;6;MANDELA  (BOULEVARD);4,93149326;-52,32651758
202300005141;20;1;2023;08:35;1;44;44082;1;1;8;2;N/A;47,3855666;-1,36457511
202300005142;10;7;2023;09:50;1;5;5027;1;1;1;7;D902;44,82645358;6,72801914
202300005143;20;1;2023;08:25;1;44;44109;2;1;8;7;Quai Henri Barbusse;47,22717744;-1,55300997
202300005144;9;8;2023;13:15;1;67;67368;1;1;1;1;D426;48,42692188;7,39328505
202300005145;5;6;2023;20:50;1;973;97309;2;1;1;2;TIGRE (ROUTE DU);4,91291495;-52,30820686
202300005146;13;7;2023;04:00;3;21;21642;1;1;1;7;A6 PK 220+130;47,494168;4,124894
202300005147;20;1;2023;07:00;2;44;44109;2;3;8;7;45 Route de Paris;47,25209492;-1,51703842
202300005148;22;8;2023;17:30;1;57;57474;2;2;1;3;Rue de Boussange;49,259658;6,158473
202300005149;13;7;2023;18:00;1;41;41091;1;1;1;2;Autoroute A10 PK 155.950 en direction de TOURS;47,61681;1,282611
202300005150;5;6;2023;06:55;1;973;97302;2;1;1;3;MONTABO (ROUTE DE) 1;4,94418754;-52,31794935
202300005151;19;1;2023;17:24;1;44;44184;1;1;8;1;Route de la laiterie;47,29362986;-2,25740293
202300005152;22;8;2023;14:00;1;73;73117;2;3;1;3;D1006 Avenue de la liberté;45,191963;6,651717
202300005153;22;1;2023;19:15;5;44;44215;2;1;1;7;486 Route de Clisson;47,18693564;-1,47737446
202300005154;4;6;2023;23:20;5;973;97302;2;6;2;1;MADELEINE (ROUTE DE LA);4,92081;-52,32192
202300005155;13;7;2023;10:25;1;6;6033;1;1;1;5;RM 6202 bis;43,772256;7,20929
202300005156;16;11;2023;18:00;2;14;14543;1;6;2;6;Route de Bayeux;49,20355399;-0,49056292
202300005157;23;8;2023;14:05;1;42;42296;1;1;1;7;D10;45,745815;4,275055
202300005158;13;7;2023;20:15;1;60;60092;1;1;1;7;D20;49,134252;3,000212
202300005159;6;6;2023;07:05;1;69;69386;2;2;1;3;Cours Vitton;45,77020508;4,86166281
202300005160;19;1;2023;15:50;1;44;44143;2;6;8;1;50 Rue Camille Claudel;47,16662524;-1,55185023
202300005161;20;8;2023;11:15;1;1;1444;2;1;1;7;269 rue du Village;45,847402;5,435588
202300005162;17;1;2023;15:45;1;44;44109;2;1;8;6;68 Boulevard Eugène Orieux;47,23413914;-1,55331459
202300005163;23;8;2023;19:50;1;64;64109;2;1;1;1;101 Rue des Pyrénées;43,190311;-0,221277
202300005164;5;6;2023;16:50;1;69;69387;2;3;1;3;Avenue Berthelot;45,74459;4,84393
202300005165;23;8;2023;10:00;1;85;85054;1;1;1;7;chateaulong;46,664562;-1,754766
202300005166;17;1;2023;12:55;1;44;44109;2;6;8;7;route de carquefou;47,26248298;-1,51636826
202300005167;13;7;2023;00:00;3;63;63116;1;1;1;2;A89 PK 355+900 vers Bordeaux;45,96758785;3,0637246
202300005168;9;7;2023;10:15;1;61;61194;1;1;1;6;A88 PK28+780;48,772581;-0,105979
202300005169;22;8;2023;10:25;1;22;22070;2;9;7;3;Rue de la passerelle;48,560722;-3,153394
202300005170;11;11;2023;16:00;1;14;14118;2;2;1;3;Boulevard Maréchal Juin;49,203162;-0,391083
202300005171;5;6;2023;16:00;1;69;69383;2;2;1;3;Rue Vendôme;45,75564;4,84758
202300005172;22;8;2023;18:30;1;22;22197;1;1;1;7;Rue champ des grèves - croix formal;48,527121;-1,936619
202300005173;12;7;2023;09:35;1;51;51113;2;6;1;3;D951;48,880931;3,77596
202300005174;13;1;2023;03:20;5;44;44190;2;6;1;6;Boulevard des Pas Enchantés;47,20739418;-1,51810879
202300005175;22;8;2023;02:21;3;22;22026;1;1;1;6;La Noe;48,396164;-2,034037
202300005176;6;6;2023;13:10;1;972;97209;2;3;1;3;JEAN JAURES (AVENUE);14,61072;-61,07096
202300005177;13;1;2023;15:50;1;44;44109;2;1;8;6;11 Boulevard Alexandre Millerand;47,20785722;-1,53005416
202300005178;20;8;2023;15:20;1;22;22093;1;1;1;3;Rue Albert Jacquard (Lamballe);48,452567;-2,492352
202300005179;12;1;2023;12:50;1;44;44109;2;6;8;6;77 rue du Perray;47,24635852;-1,51149554
202300005180;6;6;2023;08:00;1;972;97209;2;1;1;4;SOLEIL LEVANT (BOULEVARD DU);14,61903;-61,03896
202300005181;23;8;2023;12:50;1;60;60446;2;1;1;6;10 Rue de la Croix Verte;49,14225805;2,79727042
202300005182;12;1;2023;08:45;1;44;44109;2;1;8;3;9 Avenue Carnot;47,21396375;-1,5450777
202300005183;12;7;2023;16:30;1;67;67281;1;1;1;1;D424;48,178603;7,542039