Num_Acc;jour;mois;an;hrmn;lum;dep;com;agg;int;atm;col;adr;lat;long
202300005184;5;6;2023;00:40;3;972;97209;1;1;1;6;RN9;14,60017;-61,0466
202300005185;12;7;2023;16:45;1;67;67072;2;1;1;2;53 Rue de Ratzwiller;48,968292;7,225728
202300005186;22;8;2023;14:30;1;13;13215;2;1;1;2;A7-Sens Lyon vers Marseille;43,37821;5,35614
202300005187;8;1;2023;16:10;2;44;44035;1;1;8;3;N/A;47,25622853;-1,53963184
202300005188;13;7;2023;11:30;1;2A;2A040;1;1;1;6;T201;42,094668;9,090747
202300005189;22;8;2023;02:38;3;13;13081;1;1;1;6;A7-Sens Marseille vers Lyon;43,4839;5,24105
202300005190;27;10;2023;11:12;1;38;38151;2;1;1;6;COURS JEAN JAURÈS_;45,1426;5,70377
202300005191;6;6;2023;14:10;1;69;69152;2;1;1;4;14 Rue Henri Moissan;45,70661;4,82514
202300005192;13;7;2023;17:12;1;80;80092;1;1;1;1;D933;49,956755;2,27484
202300005193;21;8;2023;20:58;3;13;13088;1;1;1;2;A55-Sens Marseille vers Martigues;43,38953;5,24623
202300005194;14;10;2023;16:25;1;38;38053;2;2;8;6;ALPES_;45,58572;5,27318
202300005195;13;7;2023;18:55;1;65;65062;2;1;1;6;15bis Rue de l'Egalité;43,197487;0,114972
202300005196;5;6;2023;07:55;1;69;69385;2;5;1;6;Place de Trion;45,75805;4,81325
202300005197;21;8;2023;16:27;1;13;13071;1;1;1;2;A7-Sens Marseille vers Lyon;43,4126;5,2818
202300005198;12;7;2023;18:30;1;11;11020;1;1;1;6;D212;42,94771;2,498038
202300005199;7;9;2023;08:35;1;38;38563;2;3;1;6;GRANDE (RUE);45,36750437;5,59224758
202300005200;7;1;2023;16:04;1;44;44109;2;1;1;6;1 Boulevard Général de Gaulle;47,20738;-1,54007238
202300005201;22;8;2023;01:00;5;83;83137;1;1;1;3;A50 TUNNEL TUBE NORD;43,12021469;5,94799881
202300005202;4;6;2023;17:20;1;69;69202;2;1;1;4;Avenue de Limburg;45,72814;4,77868
202300005203;13;7;2023;11:15;1;55;55543;1;1;1;5;Rue de Ligny;48,697408;5,308601
202300005204;3;1;2023;10:00;1;44;44109;2;1;1;2;4 Boulevard Léon Bureau;47,20612655;-1,56397108
202300005205;22;8;2023;01:19;3;69;69091;1;1;1;3;Autoroute 47;45,58455516;4,7481147
202300005206;12;7;2023;08:00;1;34;34223;1;2;1;6;RD16E4;43,45187;3,188604
202300005207;3;6;2023;17:00;1;69;69381;2;3;1;3;Quai Jean Moulin;45,76833;4,83779
202300005208;3;1;2023;16:54;2;44;44109;2;3;1;7;21 Rue de la Colterie;47,24538481;-1,50831261
202300005209;21;8;2023;22:45;3;57;57757;2;9;1;6;Autoroute A31;49,34665477;6,174016
202300005210;12;7;2023;15:30;1;38;38370;1;1;8;7;Route du Furand;45,127411;5,240564
202300005211;2;9;2023;16:10;1;62;62083;1;1;1;7;D179;50,46719;2,6338
202300005212;6;6;2023;21:55;3;2B;2B120;1;9;1;6;11 - RT;42,64577;9,44005
202300005213;21;8;2023;18:17;1;33;33550;1;1;1;2;ROCADE A 630;44,7784;-0,5555
202300005214;11;7;2023;14:00;1;84;84017;1;1;1;6;Route du Mont-ventoux;44,124583;5,261577
202300005215;1;12;2023;22:50;5;971;97101;1;1;1;6;BOULEVARD DE LA RENOVATION - LE RAIZET;16,25548371;-61,533131
202300005216;6;6;2023;07:30;1;971;97113;1;1;1;3;RN4 - SECTION RIVIERA;16,21783;-61,49079
202300005217;11;7;2023;18:20;1;3;3052;1;3;1;3;N/A;46,335714;2,686456
202300005218;17;11;2023;16:00;1;33;33024;2;1;1;3;1 Route du Dropt;44,624878;-0,051116
202300005219;21;8;2023;00:05;3;59;59090;1;1;1;6;AUTOROUTE A22;50,71634;3,12393
202300005220;4;6;2023;17:55;1;971;97101;2;1;1;1;ACHILLE RENE BOISNEUF (RUE);16,26848523;-61,50688291
202300005221;12;7;2023;10:50;1;66;66024;2;1;1;6;N/A;42,526886;2,831544
202300005222;10;12;2023;04:00;5;34;34032;2;1;1;2;LIBERTE (BD DE LA);43,34058;3,22259
202300005223;20;8;2023;15:30;1;59;59449;1;1;1;6;AUTOROUTE A23;50,46038;3,26353
202300005224;4;6;2023;07:05;1;971;97113;1;1;1;6;ROUTE DE MARE A BWA;16,23377;-61,4704
202300005225;12;7;2023;17:40;1;72;72161;1;9;1;1;Croisement route du stade et CD 304;47,75044319;0,55318594
202300005226;11;7;2023;14:20;1;45;45203;2;1;1;7;6 Rue du Filoir;47,8245;1,692972
202300005227;3;6;2023;21:35;3;971;97113;1;9;1;3;PONT DE POUCET;16,21824594;-61,50437236
202300005228;19;8;2023;15:20;1;59;59123;1;1;1;5;AUTOROUTE A1;50,49816;3,00414
202300005229;11;8;2023;20:15;1;59;59159;1;1;1;7;AUTOROUTE A16;50,97448;2,22268
202300005230;12;7;2023;17:03;1;73;73300;2;1;8;2;D1201;45,68408837;5,89480247
202300005231;6;6;2023;14:55;1;2A;2A004;2;1;1;2;AMIRAUTE PORT BD CHARLES BONAPARTE;41,93386;8,74922
202300005232;6;6;2023;09:10;1;2A;2A004;2;1;1;6;SEBASTIANU COSTA BD;41,9421;8,74962
202300005233;3;7;2023;19:15;2;7;7010;2;3;1;1;Allée de Beauregard;45,250223;4,663471
202300005234;18;10;2023;14:30;1;51;51454;2;1;2;3;SALINES (RUE);49,24387;4,04446
202300005235;22;8;2023;11:58;1;91;91471;1;1;1;4;RN 118;48,71495;2,17448
202300005236;13;7;2023;12:30;1;85;85146;1;1;1;2;RD763;47,001281;-1,288565
202300005237;5;6;2023;20:25;2;2A;2A004;1;6;1;5;T40;41,93136157;8,80281016
202300005238;2;11;2023;20:00;3;44;44212;1;1;2;3;N/A;47,15495205;-1,2294817
202300005239;21;8;2023;10:30;1;92;92036;1;1;1;4;RN315 W;48,92167671;2,30596916
202300005240;4;6;2023;04:38;5;95;95268;2;1;1;6;D125;48,97689459;2,39130735
202300005241;8;12;2023;16:45;1;74;74305;2;1;1;6;DAVID (RUE FERNAND);46,2048;6,24957
202300005242;22;8;2023;14:50;1;92;92036;1;1;1;3;AUTOROUTE A15;48,94589035;2,28373638
202300005243;6;6;2023;09:00;1;95;95277;2;1;1;2;PIERRE SALVI (AVENUE);48,99129;2,433579
202300005244;29;11;2023;18:30;5;9;9122;1;1;1;6;PLANISSOLE (FAUBOURG)_;42,964455;1,600139
202300005245;10;7;2023;14:55;1;87;87089;1;1;1;4;D942;46,213335;1,147362
202300005246;2;6;2023;09:00;1;95;95210;2;1;1;3;COTTE (BOULEVARD);48,96414794;2,31361717
202300005247;22;8;2023;12:15;1;93;93066;1;1;1;4;AUTOROUTE A1;48,91936344;2,35754643
202300005248;1;6;2023;13:30;1;73;73211;2;1;1;7;D67;45,72001969;6,45743698
202300005249;13;7;2023;10:20;1;48;48147;1;1;1;1;N/A;44,422502;3,506323
202300005250;5;6;2023;15:00;1;95;95476;1;1;1;2;D915;49,07128;2,08185
202300005251;22;8;2023;10:25;1;93;93006;1;1;1;5;AUTOROUTE A3;48,86823415;2,42795706
202300005252;13;7;2023;12:00;1;72;72231;1;1;1;7;A28 - PK 089+700;47,942653;0,316458
202300005253;6;6;2023;16:20;1;95;95063;2;1;1;6;D392;48,93517;2,2084
202300005254;3;1;2023;17:55;5;14;14191;2;1;1;6;61 Avenue de la Combattante;49,335116;-0,452183
202300005255;13;7;2023;09:43;1;13;13050;1;1;1;2;Route de Pelissanne;43,64443;5,199827
202300005256;20;8;2023;16:25;1;94;94011;2;9;1;3;Rue Pierre Sémard;48,76317;2,4799
202300005257;6;6;2023;14:35;1;91;91477;2;1;1;7;VAUVE (AV DE LA);48,71534;2,20228
202300005258;12;7;2023;22:15;3;63;63113;1;1;1;2;A71;45,80620809;3,15149976
202300005259;15;8;2023;22:00;5;93;93049;2;2;1;3;Chemin Tortu / Allee Marie;48,86116;2,51619
202300005260;12;7;2023;22:30;3;13;13044;1;1;1;1;D69;43,623685;5,046732
202300005261;5;6;2023;16:35;1;91;91477;2;3;1;3;SACLAY (ROUTE DE);48,721043;2,203732
202300005262;6;6;2023;13:00;1;42;42218;2;1;1;2;Boulevard Pierre Mendès France;45,43888068;4,37867859
202300005263;15;4;2023;20:20;2;38;38053;2;1;1;6;CHAMPARET (BLD);45,58689;5,2913
202300005264;16;6;2023;22:00;5;94;94043;2;1;1;2;Avenue de Fontainebleau;48,807312;2,36294447
202300005265;15;6;2023;17:48;1;94;94076;2;1;1;1;Rue René Hamon;48,789086;2,3616
202300005266;15;6;2023;08:20;1;13;13071;1;1;1;2;A55-Sens Martigues vers Marseille;43,38891;5,30394
202300005267;17;6;2023;06:14;2;91;91228;1;1;1;2;RN 104;48,61961;2,42562
202300005268;17;6;2023;04:30;3;94;94076;1;1;1;2;A6A;48,79253545;2,34469358
202300005269;16;6;2023;19:40;1;75;75113;1;1;1;5;A6B;48,816066;2,357973
202300005270;16;6;2023;01:20;3;91;91549;1;1;1;1;RN 104;48,626641;2,346269
202300005271;18;8;2023;10:53;1;988;98818;2;2;1;3;RUE DU R.P. DELOIRE/RUE PATRICE NIELLY;-22,23407;166,43725
202300005272;16;8;2023;17:15;3;976;97611;2;1;1;3;tsoundzou-Kwalé ( route de );-12,81063;45,20273
202300005273;19;8;2023;01:10;3;974;97416;2;1;1;6;BRUNET (AVENUE LOUIS);-21,34104;55,48217
202300005274;18;8;2023;11:45;1;974;97411;2;1;1;6;GAULLE (DU GENERAL DE);-20,8852161;55,46295708
202300005275;16;8;2023;14:17;1;974;97411;1;1;1;7;LITTORAL (ROUTE 1 DU);-20,87605;55,43418
202300005276;15;8;2023;11:30;1;974;97411;1;4;1;3;JAURES (BOULEVARD JEAN);-20,89199;55,46757
202300005277;15;8;2023;12:05;1;974;97411;2;2;1;6;RUISSEAU DES NOIRS (RUE);-20,89027;55,452
202300005278;17;8;2023;22:50;5;974;97407;1;1;1;6;MASCAREIGNES(BOULEVARD);-20,94224;55,30654
202300005279;17;8;2023;09:30;1;974;97407;1;1;1;2;ROUTE DU SACRE COEUR;-20,95338;55,30742
202300005280;16;8;2023;12:00;1;974;97407;2;9;1;3;ROUTE DU SACRE COEUR;-20,95399345;55,30870056
202300005281;18;8;2023;22:05;5;973;97302;1;1;1;2;ROUTE NATIONALE 1;4,89738091;-52,32812762
202300005282;18;8;2023;20:00;5;973;97302;1;1;1;3;ROUTE NATIONALE 1;4,90612;-52,32281
202300005283;18;8;2023;16:30;1;973;97302;2;2;1;3;BARTHELEMY (RENE);4,93367491;-52,33044237
202300005284;18;8;2023;04:55;3;973;97302;2;1;1;7;ZEPHIR (ROCADE);4,92634482;-52,32111096
202300005285;16;8;2023;09:55;1;973;97302;2;6;1;3;SUZINI (CARREFOUR);4,9274;-52,28999
202300005286;19;8;2023;04:35;5;69;69387;2;1;1;6;Rue de Gerland;45,73215212;4,83888598
202300005287;18;8;2023;10:00;1;69;69383;2;2;1;3;Rue de Bonnel;45,7616;4,84542
202300005288;18;8;2023;00:10;5;69;69386;2;2;1;3;Rue Bossuet;45,76817;4,85445
202300005289;17;8;2023;20:30;5;69;69386;2;3;1;3;Rue Béranger;45,77022;4,86073
202300005290;17;8;2023;14:45;1;69;69386;2;2;1;3;Rue Cuvier;45,76707;4,84763
202300005291;16;8;2023;13:00;1;69;69383;2;3;1;3;66 Rue Ferdinand Buisson;45,74976;4,88983
202300005292;19;8;2023;07:30;1;972;97213;1;1;1;2;AUTOROUTE A1;14,5993;-60,99961
202300005293;18;8;2023;13:50;1;972;97213;1;1;1;6;AUTOROUTE A1;14,59846;-60,99909
202300005294;18;8;2023;08:50;1;972;97213;1;1;1;3;AUTOROUTE A1;14,61829;-61,02624
202300005295;17;8;2023;18:55;5;972;97213;1;1;2;2;AUTOROUTE A1;14,61849;-61,02325
202300005296;17;8;2023;10:00;1;972;97213;1;4;8;4;ROUTE DEPARTEMENTALE 3;14,61867875;-60,98799089
202300005297;19;8;2023;11:50;1;69;69034;2;1;1;3;Rue Pasteur;45,79778;4,85097
202300005298;16;8;2023;10:07;1;69;69384;2;1;2;2;50 Quai Joseph Gillet;45,77899397;4,81123903
202300005299;18;8;2023;01:30;5;2B;2B033;2;1;1;6;AV DE LA LIBERATION;42,67971;9,44317
202300005300;19;8;2023;04:15;5;971;97120;2;9;1;3;HANNE (BOULEVARD);16,24009;-61,53203
202300005301;16;8;2023;20:45;4;971;97101;1;1;1;6;ROUTE DES ABYMES;16,26815;-61,50485
202300005302;16;8;2023;05:15;5;971;97101;2;1;1;3;PATRICK SAINT ELOI ( AVENUE );16,25164;-61,52691
202300005303;16;8;2023;00:25;5;971;97101;2;1;1;6;PATRICK SAINT ELOI ( AVENUE );16,25368;-61,52348
202300005304;17;8;2023;12:15;1;2A;2A004;1;1;1;4;T20;41,9449958;8,81118804
202300005305;16;8;2023;08:34;1;2A;2A004;2;1;1;2;RECCO ABBE BOULEVARD;41,938047;8,740074
202300005306;17;8;2023;14:50;1;95;95268;1;1;1;1;D84;48,96595112;2,40869497
202300005307;18;8;2023;11:10;1;95;95555;2;1;1;1;D14;48,9654;2,283
202300005308;18;8;2023;09:25;1;91;91122;2;1;1;1;CHARTRES (ROUTE DE);48,69515;2,167654
202300005309;13;8;2023;19:45;2;91;91097;2;1;1;6;AV JEAN MOULIN;48,68124;2,53038
202300005310;18;8;2023;18:30;1;91;91027;2;1;1;6;AV FRANCOIS MITTERRAND;48,71401;2,37267
202300005311;15;8;2023;16:45;1;89;89387;2;2;1;3;ARISTIDE BRIAND (BOULEVARD);48,20496;3,28495
202300005312;15;8;2023;16:55;1;87;87114;2;1;1;6;BASTIE (MARYSE-);45,83475;1,30707
202300005313;16;8;2023;12:39;1;87;87085;2;1;1;6;CHASSAGNE (RUE JEAN);45,81322;1,24304
202300005314;15;8;2023;07:54;1;87;87113;1;1;2;6;MITTERRAND (AVENUE FRANCOIS);45,873685;1,343044
202300005315;16;8;2023;15:22;1;86;86194;2;1;1;6;Rue de l'Aérodrome;46,588238;0,314204
202300005316;15;8;2023;04:20;3;85;85194;1;1;1;1;RD32;46,53169;-1,75173
202300005317;17;8;2023;14:48;1;83;83144;2;9;1;3;LIBERATION (AVE DE LA);43,14308009;5,98800963
202300005318;11;8;2023;07:40;1;83;83129;2;1;1;6;MER (AVENUE DE LA) N°IMPAIRS;43,10263;5,82096
202300005319;12;8;2023;13:00;1;83;83061;2;1;1;6;PLACE DES JÉSUITES;43,43176;6,73414
202300005320;19;8;2023;11:30;1;83;83050;1;3;1;3;RD 54;43,52403;6,52576
202300005321;16;8;2023;12:45;1;81;81021;2;1;1;6;THORE;43,50768;2,35544
202300005322;18;8;2023;18:15;1;81;81004;2;2;1;3;POMPIDOU (LICES GEORGES);43,92969;2,14753
202300005323;11;8;2023;02:15;5;80;80021;2;1;1;7;SAINT FUSCIEN (RUE);49,87093;2,30675
202300005324;16;8;2023;03:45;5;79;79191;2;6;1;7;N/A;46,307766;-0,44239
202300005325;17;8;2023;18:15;1;78;78401;2;1;1;2;TESSANCOURT (RUE DE);49,008091;1,905064
202300005326;15;8;2023;10:45;1;78;78440;2;2;1;3;EUROPE (AVENUE DE L');48,975947;1,915738
202300005327;17;8;2023;10:50;1;77;77251;2;9;1;3;ALL DU TRAIT D'UNION;48,61891;2,54247
202300005328;18;8;2023;16:35;1;77;77209;2;1;1;1;LA FONTAINE  (RUE   );48,86089;2,69638
202300005329;17;8;2023;14:00;1;76;76231;1;1;1;7;Rue de la Forêt d'Elbeuf;49,25863;1,01032
202300005330;16;8;2023;16:00;1;76;76108;2;3;1;2;Route de Neufchâtel;49,45595;1,1071
202300005331;18;8;2023;21:00;5;76;76447;1;1;1;7;LA LEZARDE (CENTRE COMMERCIAL);49,5264;0,18986
202300005332;16;8;2023;23:00;5;76;76447;2;1;1;2;PIERRE MENDES FRANCE;49,53016;0,18137
202300005333;15;8;2023;00:45;5;76;76351;2;1;1;6;REPUBLIQUE (COURS DE LA);49,492784;0,124281
202300005334;18;8;2023;13:10;1;76;76545;2;6;8;3;BOURBON (COURS);49,91525;1,09436
202300005335;17;8;2023;19:45;1;76;76114;2;1;1;6;SOREUIL CHARLES (RUE);49,57892;0,47841
202300005336;18;8;2023;20:30;1;73;73065;2;6;1;6;AV. de Lyon;45,5622881;5,91251578
202300005337;15;8;2023;07:05;2;71;71076;2;2;2;3;NIEPCE (AVENUE NICEPHORE);46,7790602;4,84998107
202300005338;18;8;2023;00:43;5;69;69266;2;2;1;2;188 Avenue Roger Salengro;45,78185;4,88742
202300005339;16;8;2023;06:15;1;69;69282;2;2;1;3;Avenue de la Libération;45,7763;4,9982
202300005340;14;7;2023;22:52;5;69;69199;2;2;1;4;Rue Louis Girardet;45,70554;4,85541
202300005341;15;8;2023;21:30;5;69;69290;2;1;1;2;22 Rue Garibaldi;45,68586962;4,94417295
202300005342;15;8;2023;18:05;1;69;69290;2;1;1;2;Rue Claude Farrère;45,688;4,95149
202300005343;17;8;2023;18:05;1;67;67447;2;1;1;6;SELESTAT (RUE DE);48,60673;7,73697
202300005344;16;8;2023;18:10;1;67;67482;2;1;1;1;MACON (RUE DE);48,54715;7,76398
202300005345;17;8;2023;22:51;5;66;66136;2;1;1;2;WILSON (BOULEVARD THOMAS);42,7022;2,89678
202300005346;14;8;2023;16:33;1;66;66136;2;1;1;3;VIELLEDENT (JEAN);42,69483;2,9011
202300005347;18;8;2023;13:00;1;65;65286;2;1;1;6;Boulevard de la Grotte;43,09842;-0,04966
202300005348;16;8;2023;09:00;1;64;64545;2;1;8;2;CORNICHE (ROUTE DE LA);43,3901;-1,68569
202300005349;17;8;2023;11:50;1;64;64445;2;3;1;3;GRAMONT;43,29654;-0,3743
202300005350;16;8;2023;16:35;1;64;64445;2;2;1;6;MARECHAL JOFFRE;43,29516;-0,37366
202300005351;17;8;2023;20:00;1;64;64024;2;1;1;3;ADOUR (AVENUE DE L');43,5239;-1,50428
202300005352;16;8;2023;14:25;1;64;64102;2;1;1;2;PONT GRENET;43,4981;-1,48241
202300005353;15;8;2023;03:45;5;64;64102;2;1;1;6;HAURANNNE (AVENUE DUVERGIER DE);43,49001;-1,46778
202300005354;20;8;2023;20:45;2;63;63113;2;5;1;3;Av des Paulines/ Bd Fleury;45,77560021;3,09602827
202300005355;18;8;2023;05:20;2;62;62040;2;1;1;3;Avenue du Général de Gaulle;50,72569;2,30812
202300005356;16;8;2023;15:55;1;62;62727;2;1;1;6;Rue de Bethune;50,4694022;2,59110796
202300005357;16;8;2023;21:45;3;62;62178;1;1;1;3;D188;50,49475;2,53934
202300005358;17;8;2023;08:10;1;62;62753;2;1;1;5;D42;50,3044896;2,81493258
202300005359;14;8;2023;21:30;5;62;62041;2;1;1;1;Rue des Fauvettes;50,289118;2,743286
202300005360;18;8;2023;16:50;1;59;59599;2;1;1;6;CURIE (CHAUSSEE PIERRE);50,73243426;3,18245353
202300005361;14;8;2023;18:05;1;59;59512;2;2;1;3;ALGER (RUE D');50,70781319;3,18667047
202300005362;18;7;2023;01:00;3;59;59350;2;3;1;2;Avenue du Président Hoover;50,62804;3,0785
202300005363;15;8;2023;13:30;1;59;59328;2;1;1;3;DUNKERQUE AVENUE DE;50,64416991;3,0144918
202300005364;16;8;2023;13:30;1;57;57463;2;1;1;7;RN431;49,10059438;6,21504307
202300005365;23;7;2023;06:20;2;56;56260;2;1;8;3;JUDE(RUE DU CAPITAINE);47,66322;-2,76429
202300005366;22;9;2023;16:03;1;71;71153;2;1;1;6;REPUBLIQUE (AVENUE DE LA);46,79345;4,44823
202300005367;17;8;2023;16:39;1;56;56162;2;1;1;6;BERLIOZ ( HECTOR );47,73064;-3,42715
202300005368;23;9;2023;02:00;5;69;69264;2;3;1;3;Rue Nationale;45,98907;4,71849
202300005369;14;8;2023;20:38;1;56;56083;2;3;1;3;CONTI (RUE  ANITA );47,80042;-3,2615
202300005370;15;8;2023;03:50;5;54;54395;2;1;2;6;Avenue de la Libération;48,69648;6,16131
202300005371;22;9;2023;20:05;5;67;67482;2;1;2;6;THUMENAU (RUE DE LA);48,5715;7,755
202300005372;15;8;2023;10:45;1;52;52121;2;1;2;6;BALZAC (RUE HONORE DE);48,10547;5,13538
202300005373;18;9;2023;20:30;5;67;67482;2;3;8;3;SOULTZ (RUE DE);48,56619;7,77854
202300005374;16;8;2023;07:20;1;51;51525;1;1;1;6;CD 1;48,93276;4,44674
202300005375;22;9;2023;12:40;1;66;66136;2;1;8;6;N/A;42,68780885;2,90524542
202300005376;19;8;2023;01:40;5;50;50502;2;1;2;7;MARNE;49,11369;-1,08318
202300005377;22;9;2023;10:40;1;64;64102;2;1;2;3;RESPLANDY (AVENUE DU CAPITAINE);43,48913;-1,46622
202300005378;12;8;2023;08:30;1;50;50129;2;2;1;3;LECLERC (RUE DU GENERAL);49,64748;-1,65087
202300005379;21;9;2023;22:30;5;64;64024;2;1;3;7;BAB (BOULEVARD DU);43,49726326;-1,49717152
202300005380;15;8;2023;20:10;1;50;50129;2;1;1;3;LUCET (RUE);49,62353;-1,61368
202300005381;21;9;2023;19:45;1;64;64024;2;3;2;1;HARDOY (RUE DE);43,49265;-1,50639
202300005382;15;8;2023;13:40;1;49;49099;2;1;1;6;AUSTERLITZ (RUE D');47,04409;-0,89764
202300005383;21;9;2023;18:30;1;64;64102;2;1;1;6;VITAL BIRABEN (AVENUE);43,47901;-1,48145
202300005384;17;8;2023;18:51;1;49;49278;2;6;1;3;BOUCHEMAINE ROUTE;47,4447;-0,5767
202300005385;22;9;2023;12:45;1;63;63113;2;1;1;3;PAULINES (AVENUE DES);45,77395;3,09341
202300005386;15;8;2023;21:03;5;49;49007;2;1;1;7;FAURE QUAI;47,48308;-0,54922
202300005387;22;9;2023;18:50;1;61;61001;2;1;8;3;Voie Communale;48,41209;0,09596
202300005388;16;8;2023;15:00;1;49;49246;1;1;1;1;BELLE POULE LEVEE;47,42127;-0,49112
202300005389;21;9;2023;08:10;1;57;57306;2;1;1;6;TOURNEUR (RUE) ;49,32856;6,06245
202300005390;16;8;2023;11:15;1;47;47323;1;3;1;2;TOURNON (ROUTE DE);44,395;0,75916
202300005391;21;9;2023;18:10;1;56;56121;2;1;2;3;76 Avenue général Charles De Gaulle;47,74141;-3,37262
202300005392;17;8;2023;08:25;1;43;43157;2;2;1;6;Rue Pierret;45,04177;3,88564
202300005393;21;9;2023;08:15;1;54;54395;2;1;1;3;Rue Monseigneur Turinaz;48,674748;6,173834
202300005394;16;8;2023;17:35;1;43;43157;2;1;1;6;16 Rue Meymard;45,04366191;3,88425037
202300005395;21;9;2023;17:55;1;54;54382;2;1;3;6;Rue Mathieu de Dombasle;49,540837;5,78919
202300005396;17;8;2023;04:00;3;41;41226;1;1;1;6;ROCHEBOYER (RUE DE);47,80648;1,08505
202300005397;22;9;2023;08:00;1;51;51454;2;1;1;3;JAURES (AVENUE JEAN) DU N° 74 A FIN (PAI;49,26428;4,05799
202300005398;14;8;2023;23:45;3;41;41295;2;6;1;7;GRAIN D'OR (RUE DU);47,56885;1,37346
202300005399;22;9;2023;07:35;2;51;51454;2;1;1;6;VAUBAN (RUE);49,22164;4,0281
202300005400;16;8;2023;07:45;2;38;38421;2;1;1;4;RN 87;45,17466;5,76681
202300005401;19;8;2023;09:10;1;37;37261;2;1;2;6;ALOUETTE (AVENUE);47,36349;0,69936
202300005402;21;9;2023;17:20;1;49;49099;1;1;1;3;CHAUVIERE (RUE DE LA);47,06927;-0,90851
202300005403;17;8;2023;17:10;1;37;37261;2;3;1;7;GAUTHIER (RUE MARCEL);47,40598;0,71183
202300005404;16;8;2023;18:18;1;36;36063;2;1;9;3;704 Chemin des Marais;46,838751;1,696976
202300005405;22;9;2023;13:39;1;49;49267;1;2;1;2;RD 347;47,47334;-0,46545
202300005406;21;9;2023;15:55;1;49;49246;2;6;8;7;GAULLE RUE CHARLES DE;47,425;-0,52521
202300005407;19;8;2023;08:20;1;35;35238;2;3;1;6;PORTUGAL (BD DU);48,08342;-1,66089
202300005408;18;8;2023;20:40;1;35;35238;1;1;1;6;RN136;48,08197;-1,642
202300005409;22;9;2023;17:55;1;37;37261;2;1;1;1;POMPIDOU (AVENUE GEORGES);47,38279;0,71155
202300005410;17;8;2023;15:40;1;35;35238;2;1;1;6;ROCHESTER (AVENUE DE);48,12767;-1,65342
202300005411;22;9;2023;13:00;1;37;37261;2;2;1;3;BOYER (RUE LEON);47,39359;0,67197
202300005412;16;8;2023;14:00;1;35;35278;2;1;1;2;PORTE DE ST MALO;48,13906;-1,69372
202300005413;22;9;2023;08:05;1;37;37122;1;1;8;6;RD 37;47,34001789;0,66646519
202300005414;22;9;2023;07:30;1;37;37261;2;1;8;7;WAGNER (BOULEVARD RICHARD);47,3742;0,69958
202300005415;17;8;2023;03:30;5;34;34172;2;2;1;3;LAVERUNE (ROUTE DE;43,60289;3,8553
202300005416;16;8;2023;21:45;5;34;34172;2;1;1;6;LIBERTE (AVENUE DE LA;43,61154;3,82805
202300005417;22;9;2023;07:45;2;37;37122;2;3;1;2;RD 86 DE MONTS à TOURS;47,33450868;0,66464134
202300005418;21;9;2023;13:45;1;37;37233;2;1;8;7;ATELIERS (RUE DES);47,38507;0,71061
202300005419;19;8;2023;13:55;1;33;33075;2;3;7;3;Avenue Jean Jaurès;44,87502;-0,59041
202300005420;19;8;2023;11:40;1;33;33063;2;1;1;2;Quai de Brazza;44,85663189;-0,5483374
202300005421;22;9;2023;21:11;5;35;35238;2;3;1;3;GUILLOUX (LOUIS);48,10978332;-1,69850618
202300005422;22;9;2023;15:45;1;35;35238;1;1;1;2;RN136;48,11042805;-1,7180112
202300005423;18;8;2023;19:06;1;33;33063;2;2;1;3;Boulevard George V;44,82533;-0,58914
202300005424;22;9;2023;08:30;1;35;35238;2;1;2;3;STATION DE METRO HENRI FREVILLE (AUX ABO;48,08867831;-1,67496175
202300005425;17;8;2023;20:50;1;33;33063;2;3;1;3;Boulevard Maréchal Leclerc;44,82981;-0,59621
202300005426;22;9;2023;21:35;5;34;34172;2;1;1;7;BLAYAC (RUE DU PROFESSEUR);43,62476;3,8268
202300005427;18;8;2023;17:45;1;33;33529;1;1;7;2;RD 1250 (BONNEVAL -LA HUME) - STADE;44,61342479;-1,14871502
202300005428;19;9;2023;16:50;1;34;34172;2;6;1;3;COLOMB (PLACE CHRISTOPHE);43,60614;3,89862
202300005429;18;8;2023;12:00;1;32;32013;2;1;1;6;JEROME CUZIN (SQUARE);43,64688;0,58185
202300005430;22;9;2023;02:40;5;33;33063;2;1;2;1;Quai Deschamps;44,83411;-0,5511
202300005431;18;8;2023;02:10;5;31;31555;2;9;1;3;ECHANGEUR SESQUIERES (A62-A620);43,647686;1,420962
202300005432;17;8;2023;05:50;5;31;31555;2;1;2;3;NARBONNE (ROUTE DE);43,5717;1,45362
202300005433;22;9;2023;22:40;5;31;31149;2;1;1;3;BD DU 14 EME REGIMENT INFANTERIE;43,6151;1,33201
202300005434;4;8;2023;19:00;1;30;30189;2;1;1;1;COMBE DES OISEAUX (CHEMIN);43,8388;4,321
202300005435;22;9;2023;08:05;1;31;31555;2;1;1;1;AV JEAN RIEUX;43,58126;1,4812
202300005436;17;8;2023;06:00;5;29;29232;2;9;1;6;Rue de la Fontaine;47,989604;-4,089309
202300005437;16;8;2023;19:00;1;27;27562;2;9;1;3;PRES (RUE DES);49,10251;1,45352
202300005438;22;9;2023;05:00;5;31;31555;2;2;8;3;BD DE LA GARE;43,60647;1,45653
202300005439;19;8;2023;09:47;1;27;27229;2;1;1;7;BART (RUE JEAN);49,02849;1,17111
202300005440;19;9;2023;18:50;2;30;30189;2;3;1;1;Rue Galilée;43,8295;4,3265
202300005441;17;8;2023;17:30;1;27;27229;2;1;1;2;VAL ITON (RUE DU);49,033281;1,146076
202300005442;7;9;2023;17:50;1;30;30189;1;3;1;3;Ancienne-Route d'Anduze;43,8719;4,3197
202300005443;18;6;2023;16:45;1;25;25056;2;6;1;3;rue pierre mesnage;47,24889;5,99648
202300005444;22;9;2023;21:10;3;26;26362;2;1;1;3;BEAUVALLON ROUTE;44,89948;4,88818