Num_Acc;jour;mois;an;hrmn;lum;dep;com;agg;int;atm;col;adr;lat;long
202300005445;16;8;2023;11:36;1;22;22215;2;1;1;2;JUILLET 1789 (RUE DU 14);48,50073;-2,78102
202300005446;15;8;2023;09:10;1;22;22278;2;1;1;7;ARMOR (AV. D') COTE IMPAIR;48,51219;-2,7543
202300005447;22;9;2023;21:16;5;26;26362;2;1;2;3;Route de Romans;44,95311;4,92963
202300005448;15;6;2023;08:05;1;22;22187;2;1;1;6;PRES JOSSE (rue des );48,53247;-2,76305
202300005449;21;9;2023;17:37;1;21;21231;2;3;8;3;MARTYRS DE LA RESISTANCE (DES) (BOULEVAR;47,33078;5,0645
202300005450;18;8;2023;04:03;5;21;21231;2;3;1;3;BOSSUET (RUE);47,32213726;5,03795812
202300005451;22;9;2023;11:20;1;21;21054;2;1;1;6;FERRY (BOULEVARD JULES);47,0224;4,84198
202300005452;15;8;2023;09:20;1;19;19031;2;6;1;3;TOULZAC (RUE JEAN BAPTISTE);45,15644;1,50403
202300005453;19;9;2023;16:35;1;13;13071;2;1;1;3;RD 543;43,41827;5,36707
202300005454;19;8;2023;04:00;5;18;18213;2;1;1;6;Route de la Charité;47,097849;2,464698
202300005455;23;9;2023;00:20;5;13;13203;2;1;1;2;NATIONAL   1 A 51 (BOULEVARD);43,30594185;5,38362972
202300005456;18;8;2023;16:18;1;17;17333;1;3;1;5;107 REGIMENT D'INFANTERIE;45,59619;-0,97443
202300005457;22;9;2023;21:00;5;13;13214;2;1;1;6;PAUL COXE (RUE);43,34588;5,38029
202300005458;18;8;2023;14:09;1;17;17306;2;1;1;2;ROCHEFORT (DE)  (AVENUE);45,64681;-1,02439
202300005459;22;9;2023;07:55;1;13;13204;2;1;2;3;MARÉCHAL JUIN (BOULEVARD);43,3132;5,4051
202300005460;17;8;2023;10:45;1;17;17028;2;1;1;6;GRASSET   AVENUE EDMOND;46,133784;-1,115109
202300005461;23;8;2023;12:41;1;11;11262;2;2;1;3;1 Rue Sidoine Apollinaire;43,19618;2,96162
202300005462;16;8;2023;13:36;1;14;14487;1;1;1;1;D579;49,17788;0,226543
202300005463;22;9;2023;16:09;1;10;10387;2;1;1;3;LOMBARDS (AVENUE);48,27119;4,07988
202300005464;22;9;2023;16:30;1;6;6069;2;1;1;2;CHENES (CHEMIN DES);43,64115;6,91501
202300005465;22;9;2023;13:25;1;6;6069;2;1;1;6;CAPUCINS (CHEMIN ET IMPASSE DES);43,65059;6,93148
202300005466;22;9;2023;06:15;5;4;4070;2;1;2;7;chaffaut ( route du );44,07034;6,19973
202300005467;21;9;2023;18:30;1;75;75118;2;1;1;3;PORTE DE LA CHAPELLE;48,900926;2,358867
202300005468;22;9;2023;13:40;1;75;75120;2;3;2;3;RUE DE BELLEVILLE;48,875335;2,393549
202300005469;22;9;2023;12:00;1;75;75120;2;1;1;3;BOULEVARD DAVOUT;48,857294;2,409818
202300005470;22;9;2023;15:00;1;75;75119;2;3;1;3;RUE DE LA GARE;48,901899;2,37274
202300005471;22;9;2023;18:45;2;75;75118;2;1;1;1;BOULEVARD NEY;48,89849;2,356093
202300005472;22;9;2023;14:20;1;75;75118;2;3;1;6;RUE MARX DORMOY;48,889058;2,359898
202300005473;21;9;2023;18:30;1;75;75118;2;1;1;6;BOULEVARD NEY;48,897848;2,336152
202300005474;21;9;2023;09:45;1;75;75116;2;1;2;6;BOULEVARD LANNES;48,870522;2,274544
202300005475;22;9;2023;18:45;1;75;75113;2;2;1;6;QUAI D AUSTERLITZ;48,841915;2,367878
202300005476;22;9;2023;15:20;1;75;75112;2;3;1;3;RUE DE REUILLY;48,844209;2,390275
202300005477;21;9;2023;03:50;5;75;75112;2;1;2;6;QUAI DE LA RAPEE;48,843796;2,369704
202300005478;22;9;2023;14:36;1;75;75110;2;2;1;7;RUE DU FAUBOURG DU TEMPLE;48,868796;2,367629
202300005479;21;9;2023;22:50;5;75;75108;2;4;1;3;AVENUE GEORGE V;48,866145;2,301346
202300005480;21;9;2023;11:20;1;75;75108;2;1;1;6;AVENUE MONTAIGNE;48,8655;2,303356
202300005481;22;9;2023;22:50;5;75;75104;2;3;1;7;BOULEVARD HENRI IV;48,851078;2,362217
202300005482;22;9;2023;13:45;1;75;75104;2;2;8;7;RUE DE RIVOLI;48,857897;2,3502
202300005483;22;9;2023;09:45;1;75;75104;2;2;3;3;BOULEVARD DE SEBASTOPOL;48,861982;2,350163
202300005484;21;9;2023;23:55;5;94;94042;2;1;1;4;Avenue du Général Galliéni;48,82012;2,46769
202300005485;21;9;2023;12:55;1;94;94068;2;2;3;3;Avenue Louis Blanc;48,79329;2,49791
202300005486;22;9;2023;19:50;2;94;94076;2;1;1;6;Boulevard Maxime Gorki;48,79133;2,36948
202300005487;22;9;2023;20:45;5;94;94033;2;6;1;3;Rue Carnot;48,85266;2,49064
202300005488;22;9;2023;16:13;1;94;94033;2;1;8;2;Avenue de Lattre de Tassigny;48,85486824;2,49281891
202300005489;22;9;2023;23:00;3;94;94028;2;1;1;3;Avenue Pierre Brossolette;48,7909;2,46273
202300005490;22;8;2023;19:56;2;94;94022;2;2;1;3;VICTOR HUGO (AV);48,7691894;2,42247677
202300005491;22;9;2023;12:30;1;93;93078;1;1;3;2;AUTOROUTE A 104;48,96496;2,51882
202300005492;22;9;2023;14:20;1;93;93027;2;6;2;3;Avenue Jean Jaurès / Avenue Paul Vaillant Couturier;48,92079086;2,4106729
202300005493;22;9;2023;19:20;2;93;93031;2;1;1;1;Avenue de la République;48,948914;2,334256
202300005494;22;9;2023;08:30;1;93;93079;2;1;2;3;Rue Roger Salengro;48,96410874;2,34407553
202300005495;22;9;2023;21:30;5;93;93047;2;3;2;2;Rue Utrillo / Avenue Paul Cézanne;48,90328;2,55595
202300005496;21;9;2023;15:20;1;93;93014;2;2;2;5;Allée de Gagny / Allee du Chene Pointu;48,90149;2,54691
202300005497;22;9;2023;15:45;1;93;93005;2;1;2;6;Avenue du Marechal Juin;48,93674;2,504353
202300005498;21;9;2023;08:05;1;92;92033;2;1;3;3;GAUDONNES;48,85385199;2,19280243
202300005499;22;9;2023;22:00;5;92;92051;2;1;1;6;GENERAL LECLERC (BOULEVARD DU, N° 1 A 27;48,88839941;2,25818932
202300005500;22;9;2023;17:30;1;92;92044;2;2;8;6;DANTON(RUE) 1A73 ET 2A88;48,88805668;2,2861889
202300005501;21;9;2023;20:25;5;92;92035;2;1;1;3;Général de Gaulle  ( avenue du );48,90999453;2,25496281
202300005502;22;9;2023;00:00;5;92;92024;2;2;3;3;MARTRE (RUE) DE (111 A 119)   (122 A 144;48,90622004;2,30320528
202300005503;22;9;2023;12:25;1;92;92012;2;6;2;2;SEVRES (RUE DE) 1/55 - 2/40;48,84048577;2,2286135
202300005504;21;9;2023;09:45;1;92;92012;2;1;2;6;VICTOR HUGO (AVENUE) DEBUT/47 BIS- DEBUT;48,84036161;2,24755347
202300005505;22;9;2023;17:10;1;92;92007;2;3;1;6;MATHURINS (RUE DES);48,79506;2,30644
202300005506;11;9;2023;19:14;2;51;51649;2;6;1;3;Avenue Jean Juif;48,725217;4,604993
202300005507;23;9;2023;02:45;3;988;98810;1;1;8;6;Gamaï (Tribu);-20,69153;164,45205
202300005508;22;9;2023;19:30;1;31;31044;2;1;1;6;Avenue des Arènes (Piste cyclable);43,610951;1,489436
202300005509;22;9;2023;10:15;1;974;97422;2;6;1;3;rue de l'europe;-21,274079;55,506459
202300005510;22;9;2023;17:45;1;63;63091;1;1;1;4;A75, pk 45+100;45,42791733;3,27279423
202300005511;22;9;2023;13:40;1;30;30209;1;1;1;1;Route d'Avignon;43,988905;4,782727
202300005512;22;9;2023;09:35;1;35;35251;1;2;7;3;D106;48,259681;-1,61815
202300005513;22;9;2023;09:37;1;57;57269;1;1;1;3;Départementale D60;49,297196;6,21926
202300005514;22;9;2023;20:00;2;62;62440;2;1;1;1;Rue de Beaumetz;50,109183;3,026114
202300005515;22;9;2023;20:20;3;56;56078;1;1;1;6;Coat Cant;47,760085;-3,463472
202300005516;23;9;2023;02:20;4;79;79080;2;3;1;7;N/A;46,65854;-0,239317
202300005517;22;9;2023;20:32;2;82;82168;1;1;2;6;Route de Cahors;44,185901;1,005464
202300005518;23;9;2023;14:30;1;65;65258;2;1;1;6;236 Rue Maréchal Juin;43,12174333;0,38488242
202300005519;23;9;2023;05:30;3;89;89216;1;1;1;6;D3;47,552505;3,27045
202300005520;22;9;2023;08:00;1;63;63387;1;1;1;7;D906;46,041723;3,456488
202300005521;22;9;2023;23:20;3;68;68273;1;4;1;1;D463;47,545858;7,295394
202300005522;8;9;2023;01:56;3;39;39475;2;1;1;7;7 Avenue de Nice;46,434899;5,338932
202300005523;22;9;2023;19:00;1;44;44099;1;1;1;1;N/A;47,63505;-1,33272
202300005524;23;10;2023;06:20;1;974;97407;1;1;1;3;TAMATAVE (BOULEVARD);-20,93029;55,30163
202300005525;14;9;2023;18:25;1;29;29193;2;1;1;1;5 Rue de l'Etang;48,554389;-4,087133
202300005526;23;9;2023;13:39;1;2;2197;2;9;1;6;N/A;49,965591;3,973306
202300005527;23;9;2023;13:25;1;3;3283;1;1;2;6;D12;46,529269;3,563213
202300005528;23;9;2023;03:50;3;1;1237;2;1;8;6;371 Route d?Oyonnax;46,21386;5,611715
202300005529;23;10;2023;09:20;1;973;97302;2;2;1;3;RABAN (ROUTE DE);4,93356534;-52,31330842
202300005530;23;10;2023;22:55;5;69;69389;2;1;3;7;31 Rue Roger Salengro;45,77826;4,80551
202300005531;23;9;2023;07:45;2;66;66071;1;1;1;6;N/A;42,785842;2,680149
202300005532;23;9;2023;10:00;1;5;5092;1;1;1;1;lieu dit pré longet d46;44,51087779;6,03245704
202300005533;23;9;2023;04:00;3;43;43114;1;1;1;6;La Chambertière Basse;45,16876904;4,21293859
202300005534;23;10;2023;18:40;4;69;69081;2;2;3;1;Boulevard du Valvert;45,76632;4,76935
202300005535;22;9;2023;16:30;1;43;43132;1;1;8;3;RD56;45,11664;3,492038
202300005536;23;9;2023;16:05;1;7;7292;1;1;1;7;Rue des Claux;45,164104;4,660129
202300005537;24;10;2023;00:16;5;2B;2B033;1;1;1;6;DANESI - BLD BENOITE;42,69214;9,43577
202300005538;22;9;2023;18:30;1;7;7129;2;1;1;6;place charles seignobos;44,985159;4,580084
202300005539;23;10;2023;19:20;4;95;95585;2;1;2;6;D316;48,98515756;2,3742485
202300005540;22;9;2023;13:25;1;53;53161;2;3;1;1;88 Rue de Sable;48,133015;-0,553173
202300005541;6;8;2023;13:25;1;21;21100;1;3;1;3;D905;47,461461;4,502335
202300005542;23;10;2023;13:00;1;95;95280;2;1;2;2;GARE (ROUTE DE LA);49,02032356;2,4654758
202300005543;22;9;2023;21:15;3;21;21414;1;1;1;1;D981;47,153347;4,491026
202300005544;23;9;2023;13:55;1;85;85172;1;1;1;1;D205;46,807748;-1,978511
202300005545;22;9;2023;18:10;1;17;17124;2;2;1;3;Rue Saint Jean;46,03882;-0,572571
202300005546;21;10;2023;21:15;5;95;95280;2;2;3;3;ALBERT SARRAUT (AVENUE);49,030935;2,459515
202300005547;23;9;2023;07:55;1;30;30274;2;1;1;1;574 Avenue des Rosiers;44,17182;4,10569
202300005548;16;9;2023;12:30;1;88;88250;1;1;1;6;Route d'Archettes;48,114813;6,56682
202300005549;21;9;2023;14:30;1;31;31502;1;1;2;3;D5 PR 30+300;43,182806;0,734754
202300005550;19;9;2023;01:50;3;73;73213;1;1;2;6;A43;45,553516;5,955757
202300005551;22;9;2023;08:45;1;987;98738;2;9;1;3;RT 1 PK 13;-17,618;-149,549
202300005552;23;10;2023;20:45;3;91;91692;1;9;2;3;CD35;48,67443;2,17731
202300005553;22;9;2023;13:45;1;3;3175;1;1;3;2;A 71 PK 332+331;46,239969;3,09484
202300005554;21;10;2023;14:26;1;90;90010;2;1;1;6;VAUBAN (QUAI);47,638094;6,858677
202300005555;22;9;2023;21:20;3;13;13009;1;1;1;6;D572;43,6216;5,214429
202300005556;19;10;2023;07:54;2;87;87085;2;2;2;3;ARMAND (AVE Z.A.C;45,8693;1,26935
202300005557;22;9;2023;21:00;3;1;1320;1;1;1;2;Autoroute A40 - PK199.500;46,311147;4,892239
202300005558;22;9;2023;20:35;3;69;69250;1;1;2;6;Autoroute 89;45,820041;4,70972
202300005559;21;10;2023;15:42;1;87;87085;2;1;2;6;AUTOROUTE A20;45,83924;1,28114
202300005560;16;9;2023;16:30;1;66;66172;1;1;1;6;N/A;42,700618;2,864787
202300005561;22;9;2023;09:50;1;90;90035;1;9;1;5;diffuseur 11 A;47,584993;6,85696
202300005562;21;10;2023;10:14;1;87;87075;1;1;1;3;PERIGUEUX (ROUTE DE);45,80223;1,23193
202300005563;22;9;2023;08:00;1;63;63014;1;1;1;4;A75 - Sortie n°02-bretelle Montpellier-Aubière;45,741266;3,147138
202300005564;23;9;2023;00:40;5;27;27332;1;1;1;6;A13, PK 090+436 vers ROUEN;49,19143;1,232636
202300005565;22;9;2023;17:45;1;2B;2B314;1;1;1;6;route de padula - terre rosse - D262;42,618384;9,281862
202300005566;23;9;2023;17:40;1;83;83035;1;3;1;1;RND8;43,242706;5,799901
202300005567;22;10;2023;20:00;5;83;83137;2;1;1;1;BARRE (CHEMIN DE LA);43,12038;5,96237
202300005568;23;10;2023;16:15;1;81;81004;2;1;1;6;MENDES FRANCE (AV);43,92016366;2,16588378
202300005569;22;9;2023;15:50;1;31;31395;2;1;1;1;D19;43,4471467;1,29595622
202300005570;22;9;2023;16:15;1;17;17086;1;1;1;1;Route de la Chapelle des Pots;45,748951;-0,579985
202300005571;23;10;2023;02:10;5;78;78440;2;3;1;6;BOSQUETS (RUE DES);48,98982;1,89613
202300005572;23;9;2023;14:31;1;60;60682;1;3;2;2;D932a;49,23782752;2,63209702
202300005573;23;9;2023;11:45;1;59;59452;1;1;1;3;Rue Emile Macquart;50,464703;3,040402
202300005574;20;9;2023;08:20;1;1;1275;1;1;1;3;A42   4.353 A 5.760   GEN/LYON;45,80769;4,92816
202300005575;21;9;2023;13:48;1;33;33063;1;1;2;4;ROCADE A 630;44,88011508;-0,53849638
202300005576;21;9;2023;06:00;3;33;33075;1;1;1;6;ROCADE A 630;44,88891026;-0,618276
202300005577;22;9;2023;22:00;3;93;93066;1;1;1;4;AUTOROUTE A86;48,92258;2,35269
202300005578;22;9;2023;06:45;3;93;93005;1;1;1;3;AUTOROUTE A3;48,92988;2,48135
202300005579;23;10;2023;21:00;3;76;76157;1;1;2;1;Route de Sahurs;49,42908;1,01053
202300005580;22;9;2023;08:00;1;93;93063;1;1;2;2;AUTOROUTE A3;48,87391673;2,43718835
202300005581;21;9;2023;08:30;1;95;95018;2;9;3;5;A15;48,96288121;2,26552784
202300005582;23;10;2023;15:30;1;76;76540;2;2;2;6;Rue François Arago;49,43455;1,08776
202300005583;22;9;2023;15:50;1;94;94017;1;1;1;3;A4;48,83027345;2,49234529
202300005584;22;9;2023;12:10;1;77;77337;1;1;1;7;RN104;48,828825;2,618534
202300005585;21;10;2023;12:20;1;76;76447;1;1;2;7;OCTEVILLE (ROUTE D');49,54799696;0,1641798
202300005586;20;9;2023;21:25;3;94;94081;1;1;1;3;A86;48,77355694;2,40191898
202300005587;13;7;2023;20:20;2;40;40088;2;1;1;3;BLANC (RUE LOUIS);43,69472;-1,04465
202300005588;16;4;2023;15:40;1;13;13028;2;1;1;6;FERRY (AVENUE JULES );43,183;5,601
202300005589;22;10;2023;18:20;1;76;76351;2;3;1;3;ACACIAS (DES);49,5081;0,1384
202300005590;19;9;2023;18:35;2;974;97411;2;1;1;6;CHAUDRON  (BLD 1 DU);-20,89931;55,49725
202300005591;21;9;2023;08:00;1;973;97302;2;3;1;3;MONTABO (ROUTE DE) 2;4,93572;-52,29537
202300005592;15;10;2023;12:00;1;76;76217;2;2;1;6;BLD DU MARECHAL JOFFRE;49,92201;1,07685
202300005593;21;9;2023;18:10;2;69;69387;2;2;3;6;Rue Montesquieu;45,75292;4,84221
202300005594;21;9;2023;13:00;1;972;97213;1;1;1;6;ROUTE DEPARTEMENTALE 14;14,64233;-61,02426
202300005595;21;9;2023;19:25;5;69;69389;2;3;3;5;Rue Joannès Carret;45,7892;4,81259
202300005596;21;9;2023;11:45;1;69;69385;2;1;1;6;Chemin de Choulans;45,75147;4,8209
202300005597;23;10;2023;14:15;1;69;69290;2;1;1;2;8 Rue du Maconnais;45,69524254;4,9222826
202300005598;21;9;2023;14:09;1;2B;2B033;2;1;1;3;SAMPIERO CORSO - AV;42,67646;9,4444
202300005599;23;10;2023;21:25;5;64;64125;2;1;3;7;ESPAGNE (AVENUE D');43,42666;-1,60365
202300005600;21;9;2023;15:10;1;971;97101;1;1;2;1;CARAQUE;16,25152163;-61,48895502
202300005601;20;10;2023;20:10;5;64;64122;2;1;2;6;SALON (RUE DE);43,46283;-1,55889
202300005602;21;9;2023;13:10;1;95;95280;2;3;3;3;SARRAUT ALBERT (AVENUE);49,03771145;2,45500982
202300005603;10;9;2023;21:45;4;91;91570;1;3;1;3;ROSIERES (RUE);48,625331;2,311606
202300005604;21;9;2023;05:10;3;91;91689;1;1;2;2;RD 118;48,71454;2,33456
202300005605;21;9;2023;12:00;1;91;91215;2;3;3;6;AV CHARLES GOUNOD;48,69563;2,5222
202300005606;23;10;2023;22:50;5;59;59350;2;1;2;6;CORDONNIER DENIS AVENUE;50,62451;3,0821
202300005607;20;9;2023;17:00;1;91;91691;2;1;1;3;RENE COTY(RUE);48,7184;2,48879
202300005608;20;10;2023;18:45;5;56;56098;2;1;2;7;CLEMENT (RUE  JEAN-BAPTISTE );47,77312;-3,33998
202300005609;21;9;2023;13:10;1;91;91027;2;3;3;3;AV MONTESQUIEU;48,7056;2,35963
202300005610;21;9;2023;08:00;1;88;88413;2;1;1;2;Rue SAINT CHARLES;48,28826;6,9517
202300005611;20;9;2023;15:49;1;87;87050;2;1;1;3;BASTIE (AVE MARYSE);45,8902;1,22892
202300005612;23;10;2023;22:31;5;45;45286;2;1;2;6;61 Rue du Moulin;47,87643486;1,92668876
202300005613;20;9;2023;17:05;1;84;84035;2;1;3;3;MARSEILLE-RD938 (ROUTE DE);43,82763;5,03272
202300005614;21;9;2023;03:40;5;82;82121;2;3;1;1;ALLENDE (RUE DU PRESIDENT SALVADOR);44,02348677;1,36286795
202300005615;10;10;2023;09:10;1;42;42187;2;2;7;6;Rue Benoit Malon;46,03447;4,06958
202300005616;20;9;2023;20:40;5;81;81244;1;1;1;6;BLAYE ( AVENUE DE );44,04704;2,13398
202300005617;20;9;2023;17:47;1;79;79329;2;1;1;7;N/A;46,97558;-0,21557
202300005618;23;10;2023;14:48;1;40;40192;2;1;1;2;MARTYRS DE LA RÉSISTANCE (AV DES);43,8875;-0,50992
202300005619;21;9;2023;08:00;1;78;78650;2;2;3;6;BOCAGES (RUE DES);48,89565;2,13935
202300005620;23;10;2023;19:55;5;38;38169;2;1;8;2;LANGEVIN (BOULEVARD P.)       (1 A 61);45,18988;5,68254
202300005621;23;10;2023;07:55;2;37;37261;2;1;1;1;RENAULT (RUE DU GAL);47,37971;0,68033
202300005622;23;10;2023;11:20;1;34;34172;2;1;8;3;ABRIVADO (RUE DE L');43,589717;3,88753
202300005623;21;9;2023;16:40;1;77;77307;2;6;3;6;AV DE L EUROPE;48,85553;2,76928
202300005624;23;10;2023;23:05;5;33;33063;2;2;2;3;Rue Ernest Renan;44,84969;-0,59198
202300005625;21;9;2023;11:25;1;77;77014;2;1;2;6;FRANKLIN ROOSEVELT (AVENUE);48,41568;2,72084
202300005626;23;10;2023;07:08;5;33;33192;2;6;3;3;Rue de Benedigues;44,77731;-0,59285
202300005627;21;9;2023;07:15;2;77;77131;2;1;2;6;FLORNOY BERTRAND  (RUE);48,80953;3,08285
202300005628;16;6;2023;07:10;2;76;76540;2;3;1;3;Quai de Boisguilbert;49,44410107;1,07201242
202300005629;21;9;2023;09:40;1;74;74012;2;1;1;3;EUROPE (AVENUE DE L');46,178579;6,236726
202300005630;23;10;2023;08:49;2;27;27681;2;1;8;6;BONNARD (RUE PIERRE);49,098;1,4892
202300005631;20;9;2023;14:50;1;72;72181;2;9;1;6;FOUCAUDIERE (PONT DE LA);47,97461;0,19346
202300005632;23;10;2023;19:25;5;26;26362;2;1;1;6;Avenue Victor Hugo;44,92213;4,88659
202300005633;21;9;2023;15:50;1;71;71153;2;1;3;6;CRETES (PROMENADE DES);46,80895;4,39689
202300005634;21;9;2023;20:10;3;69;69266;2;1;3;1;Rue Jean Voillot;45,75176402;4,91211802
202300005635;21;9;2023;16:20;1;69;69266;2;2;1;6;Rue Frédéric Mistral;45,75561302;4,87621041
202300005636;23;10;2023;22:45;3;25;25056;1;1;3;1;OUEST BOULEVARD;47,21723;5,98587
202300005637;20;9;2023;18:00;1;67;67218;2;1;1;3;LYON (RTE DE);48,52877;7,710624
202300005638;20;9;2023;10:45;1;67;67447;2;3;7;3;EUROPE (AVENUE DE L );48,61323869;7,7163358
202300005639;23;10;2023;21:10;3;18;18180;1;9;1;6;N/A;47,040517;2,416402
202300005640;21;9;2023;09:45;1;66;66136;2;5;1;6;N/A;42,69324;2,90391
202300005641;21;9;2023;07:00;1;66;66136;2;1;1;2;N/A;42,73453746;2,88592279
202300005642;21;9;2023;18:10;1;64;64445;2;9;2;6;CHAMPETIER DE RIBES;43,30458;-0,37714
202300005643;23;10;2023;19:20;5;17;17415;2;2;3;3;DOUMER 2 A 143 /ROC.OUEST COURS PAUL;45,746237;-0,664578
202300005644;21;9;2023;13:00;1;64;64041;2;9;2;1;MATACHOT;43,28089;-0,33287
202300005645;19;9;2023;17:08;1;64;64102;2;1;1;6;MAUBEC (RUE);43,49794;-1,46761
202300005646;13;10;2023;15:45;1;15;15014;2;6;1;3;Avenue du Général Milhaud;44,92156;2,43567
202300005647;21;10;2023;14:10;1;13;13204;2;3;1;3;PIERRE ROCHE (RUE);43,3097;5,4015
202300005648;21;9;2023;20:11;2;63;63032;2;1;1;3;NOELLET (AVENUE JEAN);45,7576;3,1028
202300005649;23;10;2023;20:30;5;6;6088;2;1;1;3;ANGLAIS (A PARTIR DU N° 351);43,67164;7,22438
202300005650;23;10;2023;11:30;1;1;1053;2;1;2;6;RECAMIER ( RUE JULIETTE);46,21265;5,23958
202300005651;10;9;2023;07:15;1;62;62133;2;1;1;7;D46;50,412762;2,909866
202300005652;23;10;2023;08:00;2;75;75118;2;1;1;3;PORTE DE SAINT OUEN;48,900847;2,334437
202300005653;22;10;2023;21:45;5;75;75118;2;1;1;2;PORTE DE CLIGNANCOURT;48,901047;2,344
202300005654;22;10;2023;19:15;4;75;75120;2;1;1;3;PORTE DE BAGNOLET;48,866942;2,41322
202300005655;23;10;2023;12:50;1;75;75119;2;2;2;2;AVENUE DE LA PORTE DES LILAS;48,878169;2,409362
202300005656;23;10;2023;18:25;1;75;75119;2;1;2;2;AVENUE DE FLANDRE;48,88545;2,370203
202300005657;23;10;2023;01:20;5;75;75119;2;7;1;1;PLACE DE LA BATAILLE DE STALINGRAD;48,88324994;2,36913085
202300005658;23;10;2023;13:20;1;75;75118;2;2;3;6;RUE JOSEPH DE MAISTRE;48,888748;2,331806
202300005659;23;10;2023;22:55;5;75;75117;2;1;8;7;RUE DENIS POISSON;48,877134;2,287668
202300005660;23;10;2023;15:15;1;75;75116;2;2;2;6;AVENUE PAUL DOUMER;48,860223;2,281057
202300005661;23;10;2023;07:50;1;75;75116;2;1;8;7;VOIE GEORGES POMPIDOU;48,843522;2,271174
202300005662;23;10;2023;11:30;1;75;75113;2;2;2;3;PORTE D ITALIE;48,815747;2,36070335
202300005663;23;10;2023;15:20;1;75;75112;2;2;2;3;RUE DE CHARENTON;48,838997;2,389257
202300005664;23;10;2023;19:40;5;75;75107;2;3;2;7;PONT DE LA CONCORDE;48,862588;2,319064
202300005665;23;10;2023;19:20;5;75;75107;2;2;2;6;QUAI D ORSAY;48,862835;2,313436
202300005666;23;10;2023;08:50;1;75;75115;2;1;1;3;AVENUE DE BRETEUIL;48,846298;2,311916
202300005667;18;10;2023;12:10;1;94;94080;2;2;2;6;Rue Raymond du Temple;48,846075;2,438223
202300005668;23;10;2023;06:35;5;94;94078;2;1;1;6;2 Rue des Chataigniers;48,73426019;2,4624036
202300005669;23;10;2023;22:00;5;94;94011;2;3;8;1;Avenue de Choisy;48,77072;2,476747
202300005670;23;10;2023;10:15;1;94;94043;2;1;1;6;Rue Carnot;48,80918;2,36519
202300005671;23;10;2023;17:15;1;94;94073;2;1;2;1;Avenue du Luxembourg;48,7607901;2,37129606
202300005672;23;10;2023;18:00;2;94;94028;2;9;2;1;Rue du Château;48,79236;2,45792
202300005673;22;10;2023;21:30;3;93;93005;2;9;1;3;Avenue Raoul Dufy;48,95938;2,503103
202300005674;23;10;2023;08:55;1;93;93051;2;4;1;3;Avenue Victor Basch / Allee du Clos d’Ambert;48,84320059;2,55955294
202300005675;23;10;2023;11:50;1;93;93049;2;1;2;3;Boulevard Galliéni;48,853097;2,514014
202300005676;22;10;2023;15:25;1;93;93032;2;3;8;6;19 Rue du 19 Mars 1962 / Avenue des Dahlias;48,895;2,54295
202300005677;23;10;2023;08:38;1;93;93047;2;5;1;6;Rue du Génèral Leclerc / Place Jean Mermoz;48,901414;2,570414
202300005678;23;10;2023;13:45;1;93;93008;2;8;2;3;STALINGRAD (IMPASSE DE);48,913653;2,432575
202300005679;23;10;2023;15:50;1;93;93005;2;3;8;3;Boulevard de Gourgues / Avenue du Clocher;48,931095;2,501498
202300005680;23;10;2023;01:00;5;93;93001;2;9;1;1;REPUBLIQUE (AVE DE LA ) 43/106 =>;48,90789;2,38765
202300005681;23;10;2023;08:00;2;92;92046;2;1;1;3;PIERRE BROSSOLETTE (AVENUE);48,81477488;2,30381727
202300005682;23;10;2023;16:45;1;92;92051;2;1;2;3;CHARLES DE GAULLE (AVENUE,N°118 A 192 +;48,88447154;2,26213628
202300005683;23;10;2023;14:54;1;92;92044;2;4;3;3;VIC. HUGO(RUE)115A149 ET 148A178;48,899266;2,29345898
202300005684;23;10;2023;17:50;1;92;92019;2;2;2;3;DIVISION LECLERC (AVENUE DE LA);48,76387149;2,27182674
202300005685;23;10;2023;20:00;5;92;92012;2;1;2;3;ANATOLE FRANCE (BOULEVARD) 1/4BIS;48,8510642;2,2344321
202300005686;23;10;2023;09:40;1;92;92012;2;2;1;3;JEAN JAURES (BOULEVARD) 217/FIN - 210/FI;48,82786888;2,24671501
202300005687;23;10;2023;10:50;1;92;92007;2;3;2;6;ADELE (RUE);48,79815739;2,30349129
202300005688;20;10;2023;19:40;2;92;92004;2;1;3;6;PARFUMERIE ( RUE DE LA );48,91217979;2,30037224
202300005689;11;10;2023;19:00;2;13;13078;2;1;1;6;71 Avenue de la République;43,390688;4,810742
202300005690;23;10;2023;18:10;1;42;42307;1;1;1;7;Route de Givors;45,544869;4,665992
202300005691;11;10;2023;09:40;1;68;68343;2;2;1;3;Rue d'ensisheim;47,876922;7,314094
202300005692;24;10;2023;07:59;2;48;48099;1;1;1;2;A75;44,524454;3,241181
202300005693;23;10;2023;18:05;1;34;34114;1;1;8;6;autoroute A750;43,625483;3,61403
202300005694;14;10;2023;18:55;1;62;62232;1;1;1;6;Rue de la Gare;50,43728136;2,48803317
202300005695;24;10;2023;21:40;3;77;77236;1;1;1;2;D2411;48,412945;3,261899
202300005696;24;10;2023;15:45;1;76;76168;1;1;1;2;D100 - route de la voie romaine;49,770667;1,147594
202300005697;20;10;2023;15:30;1;79;79025;1;1;3;7;N/A;46,609679;-0,33574
202300005698;22;10;2023;16:10;1;2A;2A326;1;1;1;6;Route départementale 3;41,971512;8,963599
202300005699;9;10;2023;15:20;1;82;82042;1;1;1;1;Lieu Dit Saint Quintin;44,210049;1,184313
202300005700;24;10;2023;05:45;3;71;71061;1;4;2;3;D975;46,562328;5,015146