Num_Acc;jour;mois;an;hrmn;lum;dep;com;agg;int;atm;col;adr;lat;long
202300005701;13;10;2023;09:42;1;71;71116;1;3;7;3;D987;46,280292;4,37052
202300005702;24;10;2023;07:55;1;71;71038;1;1;2;1;d980;46,761884;4,357839
202300005703;7;10;2023;21:50;4;89;89200;1;6;1;1;intersection D91 -D84;47,928601;3,605543
202300005704;23;10;2023;19:55;3;61;61070;1;1;1;7;D300;48,80621;-0,59301
202300005705;23;10;2023;15:02;1;46;46225;1;9;1;1;Route de Niaudon;44,52516569;1,203475
202300005706;24;10;2023;15:12;1;68;68068;2;9;2;3;Rue de Belfort;47,631261;7,110171
202300005707;23;10;2023;00:30;3;29;29150;1;1;1;6;Menhir;47,80281857;-3,61903678
202300005708;23;10;2023;19:35;2;50;50435;1;1;1;7;RD 50, le haut bonnet;49,517526;-1,59409
202300005709;20;10;2023;19:00;2;60;60471;2;1;1;6;Boulevard Carnot;49,577767;3,00328
202300005710;24;10;2023;17:10;1;60;60043;2;1;1;6;D40;49,495239;2,971008
202300005711;23;10;2023;17:30;1;45;45255;1;1;2;1;4 Rue de Montargis;48,107291;2,691447
202300005712;22;10;2023;09:45;1;43;43199;1;1;7;2;Route de Freycenet;45,078006;4,21434
202300005713;16;10;2023;17:05;1;10;10323;2;9;1;6;Avenue du Château;48,520548;3,727659
202300005714;9;9;2023;12:40;1;53;53245;1;1;1;2;le bas fousseau;48,281201;-1,078715
202300005715;23;10;2023;14:30;1;24;24370;1;6;2;6;d936;44,84611;0,143176
202300005716;24;10;2023;05:40;5;76;76489;1;1;1;2;RN 1029, PK 004.800, Viaduc du grand canal;49,455516;0,271955
202300005717;24;10;2023;00:20;3;31;31399;1;1;1;4;A64;43,362622;1,271914
202300005718;14;10;2023;19:30;3;73;73183;1;1;2;6;A43;45,51682829;5,990335
202300005719;21;10;2023;19:20;3;33;33351;1;1;3;6;A10;45,198259;-0,495318
202300005720;24;10;2023;10:35;1;6;6155;1;1;2;6;A8 PK 170.200 Nord;43,601776;7,05848
202300005721;24;10;2023;01:00;3;13;13068;2;1;1;7;Route des arcades;43,713441;4,777079
202300005722;14;10;2023;07:00;3;38;38530;1;1;3;2;A43, PK 026.000;45,625203;5,175676
202300005723;23;10;2023;11:00;1;77;77339;1;1;2;3;A6 PK 55+300 direction PARIS;48,380132;2,560718
202300005724;22;10;2023;06:00;1;986;98613;2;1;1;1;Mata'Utu;-13,277749;-176,172123
202300005725;24;10;2023;10:00;1;44;44020;2;1;1;1;Rue des Pontreaux;47,177881;-1,601123
202300005726;23;10;2023;09:00;1;34;34026;1;1;3;6;D910;43,305662;2,76724
202300005727;23;10;2023;15:52;1;21;21038;2;2;2;3;Rue du Colonel Redoutey;47,192129;5,39057
202300005728;23;10;2023;11:00;1;63;63383;1;1;2;6;D978;45,5360224;2,97722906
202300005729;24;10;2023;18:06;1;38;38537;2;1;1;3;Avenue de la Gare;45,627974;5,150933
202300005730;24;10;2023;05:34;3;19;19146;1;1;3;2;Route départementale 1120;45,33308251;1,76110258
202300005731;11;10;2023;09:05;1;33;33449;2;1;1;3;Avenue Paul Berniard;44,88340805;-0,70792347
202300005732;23;10;2023;18:30;2;44;44026;1;3;2;3;N/A;47,28444;-1,507884
202300005733;24;10;2023;11:30;1;22;22035;1;1;1;5;D794;48,438312;-1,953635
202300005734;23;10;2023;12:30;1;27;27016;2;1;1;6;30 avenue de la république;49,245038;1,410155
202300005735;24;10;2023;19:35;3;80;80561;1;1;1;1;D935;49,65578;2,569427
202300005736;22;10;2023;20:30;3;13;13005;1;1;1;2;A52-Sens Pont de l'Etoile vers Toulon;43,2939;5,58792
202300005737;21;10;2023;17:05;1;62;62193;1;1;2;7;A16;50,93872;1,83788
202300005738;22;10;2023;11:35;1;59;59560;1;1;1;5;AUTOROUTE A1;50,53793;3,05096
202300005739;23;10;2023;19:30;3;92;92002;1;1;2;4;RN 385;48,76012157;2,28083073
202300005740;23;10;2023;09:20;1;91;91377;1;1;1;2;RN20;48,7225;2,29919
202300005741;23;10;2023;08:24;1;78;78117;1;1;1;3;RN12;48,787585;2,145424
202300005742;21;10;2023;21:00;3;78;78640;1;1;2;4;A86 EXT;48,777753;2,217567
202300005743;23;10;2023;18:25;3;93;93064;1;1;2;6;AUTOROUTE A103;48,88676;2,47699
202300005744;23;10;2023;16:30;1;95;95582;1;1;3;6;A115;48,97789;2,24081
202300005745;23;10;2023;01:15;3;95;95252;1;1;1;2;A15;48,97622779;2,23643124
202300005746;22;10;2023;02:20;3;94;94022;1;1;8;6;A86;48,77610897;2,41417148
202300005747;21;10;2023;21:50;3;94;94073;1;1;2;4;A86;48,77000825;2,38147652
202300005748;21;10;2023;02:15;3;94;94073;1;1;2;4;A86;48,75424833;2,38105273
202300005749;2;3;2023;18:00;1;14;14712;1;1;1;2;Rue de Rouen;49,179361;-0,196767
202300005750;9;7;2023;19:50;1;13;13081;2;1;1;2;D113;43,483621;5,22386
202300005751;31;7;2023;10:00;1;13;13100;2;6;1;3;Av du Gal Goislard de Monsabert;43,790418;4,847159
202300005752;22;10;2023;23:35;5;974;97416;2;6;1;1;RN2 (1);-21,32818;55,47059
202300005753;21;10;2023;18:50;5;974;97411;1;1;1;6;VINH-SAN (BLD 1 DU PRINCE);-20,88808;55,44318
202300005754;22;10;2023;17:10;1;974;97407;1;1;1;3;MARINE(BOULEVARD);-20,95113;55,28682
202300005755;21;10;2023;19:15;5;974;97407;2;2;1;3;MASCAREIGNES(BOULEVARD);-20,94651;55,30432
202300005756;7;10;2023;22:50;5;973;97302;2;1;1;2;BOUDINOT (AUGUSTE) CITE THEMIRE;4,93416393;-52,31922269
202300005757;19;10;2023;15:00;1;973;97302;2;1;1;2;CABASSOU (ROUTE DE);4,91990455;-52,31946677
202300005758;22;10;2023;19:05;5;69;69388;2;1;1;2;Rue Général Gouraud;45,7347;4,8528
202300005759;22;10;2023;14:00;1;69;69383;2;1;1;3;Cours Lafayette;45,76361197;4,85649066
202300005760;22;10;2023;02:30;5;95;95450;2;6;2;7;DAGNAUDES (CHEMIN DES);49,01468;2,05773
202300005761;22;10;2023;20:00;5;91;91377;2;6;1;3;RUE DE PARIS;48,72453;2,26857
202300005762;20;10;2023;07:30;5;89;89387;2;1;8;6;EMILE ZOLA (RUE);48,19777;3,27311
202300005763;22;10;2023;05:19;3;82;82033;1;1;1;6;3 bis chemin de Taillefer;44,07583;1,14152
202300005764;21;10;2023;14:00;1;81;81021;1;1;1;6;CD 612;43,516;2,372
202300005765;21;10;2023;19:45;5;80;80001;2;1;3;6;AMIENS (d');50,10208;1,85509
202300005766;4;10;2023;20:00;1;77;77373;2;1;1;1;AV CHARLES ROUXEL;48,79143067;2,6040494
202300005767;21;10;2023;22:00;3;77;77458;1;1;2;1;D207;48,18048;2,72155
202300005768;22;10;2023;19:20;4;76;76599;2;6;1;1;Route de Lyons;49,43524;1,14633
202300005769;22;10;2023;14:35;1;74;74118;1;1;1;1;18 AOUT (RUE DU);46,16642;6,19424
202300005770;21;10;2023;17:15;1;69;69115;2;1;1;3;Avenue Edouard Herriot;45,97866888;4,72618551
202300005771;10;10;2023;10:30;1;68;68376;1;1;1;3;RD 430;47,809;7,301
202300005772;22;10;2023;09:30;1;64;64335;1;6;1;3;NOVELLA;43,32302;-0,42073
202300005773;22;10;2023;21:50;5;62;62498;2;9;8;3;D58E1;50,42986264;2,82247728
202300005774;22;10;2023;10:15;1;59;59560;2;1;8;6;LILLE ROUTE DE;50,56454;3,04134
202300005775;23;10;2023;02:21;3;54;54382;2;1;5;6;rue Jacques Prévert;49,54213;5,80765
202300005776;22;10;2023;11:10;1;51;51454;2;1;1;6;CERISAIE (RUE);49,23051;4,05699
202300005777;21;10;2023;23:00;3;51;51573;2;1;2;6;SOISSONS (ROUTE DE);49,253174;3,977506
202300005778;22;10;2023;11:35;1;49;49328;2;6;1;3;rond point du general arnold;47,2629;-0,09041
202300005779;11;10;2023;13:30;1;46;46042;2;6;1;6;PONT NEUF (OU PONT  DE CABESSUT);44,448745;1,443475
202300005780;22;10;2023;22:20;5;43;43089;2;1;1;6;84 Avenue de la Bernarde;45,04767;3,85468
202300005781;22;10;2023;05:50;5;35;35238;2;5;1;6;LESAGE;48,11724;-1,6776
202300005782;21;10;2023;18:10;2;35;35238;2;3;8;3;MULLER (CHARLES);48,09892439;-1,67130187
202300005783;21;10;2023;18:10;1;31;31344;1;1;1;1;POINTIS INARD (ROUTE DE);43,097;0,76
202300005784;21;10;2023;15:00;1;27;27681;1;1;2;7;ROUTE DEPARTEMENTALE 313 Route de Magny;49,09832;1,50855
202300005785;22;10;2023;00:35;3;27;27681;1;1;2;7;RELIGIEUSES (CHEMIN);49,07316;1,46875
202300005786;21;10;2023;01:00;3;22;22113;1;1;2;6;TREBEURDEN (ROUTE DE);48,74617;-3,47977
202300005787;22;10;2023;14:50;1;13;13071;2;1;1;3;QUICK (CD6);43,41438;5,34877
202300005788;22;10;2023;18:45;2;13;13205;2;3;1;3;SAKAKINI (BOULEVARD);43,2957;5,4006
202300005789;22;10;2023;18:25;2;13;13215;2;3;1;3;LYON (RUE DE);43,33552;5,36332
202300005790;22;10;2023;19:20;2;13;13209;2;1;1;6;SCHLOESING (BOULEVARD);43,27089;5,40228
202300005791;22;10;2023;01:52;5;13;13210;2;1;1;1;CAPELETTE (AVENUE DE LA);43,28177;5,40434
202300005792;8;2;2023;15:50;1;13;13212;2;1;1;3;SAINT JULIEN (AVENUE DE );43,30614807;5,41991203
202300005793;10;2;2023;09:15;1;13;13047;1;4;1;3;D.5;43,56042;4,96287
202300005794;10;2;2023;15:30;1;11;11069;2;1;1;2;61 Avenue Georges Guille;43,22972668;2,3626399
202300005795;9;2;2023;09:00;1;10;10191;2;6;1;3;JEAN JAURES (RUE);48,3297;4,1
202300005796;10;2;2023;23:15;5;7;7281;2;1;1;7;Avenue du 8 Mai;44,94654;4,85138
202300005797;8;2;2023;22:15;5;974;97416;2;6;1;1;HUBERT DE LISLE(BOULEVARD);-21,34059;55,46115
202300005798;9;2;2023;08:20;1;974;97416;1;1;7;3;RECHERCHANT(RUE ADRIEN);-21,28971;55,4861
202300005799;9;2;2023;17:46;2;973;97302;2;9;8;6;MONTABO (ROUTE DE) 2;4,94327;-52,307
202300005800;9;2;2023;08:00;1;973;97302;2;3;2;3;MONTABO (ROUTE DE) 1;4,92978;-52,29035
202300005801;9;2;2023;07:30;1;973;97302;2;1;1;6;BADUEL (ROUTE DE);4,93513;-52,31218
202300005802;9;2;2023;09:03;1;69;69383;2;1;1;6;16 Rue Claudius Pionchon;45,76099;4,87086
202300005803;9;2;2023;15:35;1;972;97209;1;1;1;6;RN9;14,6048;-61,04217
202300005804;7;2;2023;07:10;1;972;97209;2;1;1;7;SAINTE CATHERINE (BOULEVARD);14,61606;-61,05878
202300005805;9;2;2023;11:22;1;2A;2A004;2;1;8;2;NAPOLEON COURS AVANT BEVERINI;41,92227;8,73746
202300005806;8;2;2023;12:55;1;91;91228;2;1;1;7;RUE DE L ECOLE;48,61997;2,43096
202300005807;8;2;2023;19:24;5;91;91228;2;6;1;6;RUE DE MONTESPAN;48,63624;2,43867
202300005808;8;2;2023;17:22;1;87;87050;2;2;1;3;GARDE (RUE DE LA);45,88063;1,22626
202300005809;8;2;2023;14:45;1;87;87085;2;1;1;6;BUXEROLLES (RUE DE);45,86414;1,26386
202300005810;9;2;2023;13:45;1;82;82121;2;6;1;3;Avenue Henri Dunant;44,00279;1,3598
202300005811;9;2;2023;08:30;1;81;81004;2;1;1;6;TEILLET (RTE DE);43,92066;2,17089
202300005812;3;2;2023;08:15;5;80;80021;2;1;2;6;JEAN MOULIN (RUE);49,87971;2,27542
202300005813;9;2;2023;20:15;5;77;77243;2;4;1;2;D10;48,87549;2,70167
202300005814;9;2;2023;08:50;2;77;77186;1;1;1;2;D138;48,44005;2,72646
202300005815;9;2;2023;19:40;5;76;76498;2;1;1;6;Avenue Jean Jaurès;49,42716;1,06461
202300005816;8;2;2023;14:50;1;73;73065;1;1;1;1;N201 - VOIE RAPIDE URBAINE;45,59343;5,89579
202300005817;8;2;2023;16:55;1;73;73011;1;1;7;6;N90;45,66298;6,38701
202300005818;9;2;2023;19:05;5;72;72181;2;1;1;6;WILBUR WRIGHT (RUE);48,009;0,1957
202300005819;8;2;2023;16:00;1;69;69266;2;3;1;6;8 Rue Jules Kumer;45,76733;4,89072
202300005820;8;2;2023;16:10;1;69;69256;2;3;1;3;Avenue Eugénie Cotton;45,77396;4,92296
202300005821;9;2;2023;21:00;4;69;69199;1;3;1;3;Boulevard Pierre Sémard;45,69453;4,84419
202300005822;9;2;2023;13:20;1;67;67482;2;1;1;2;JESUITES (RUE DES);48,54031;7,76188
202300005823;8;2;2023;09:00;1;63;63113;2;1;1;1;VIEILLARDS (RUE DES);45,7794;3,0791
202300005824;9;2;2023;18:50;5;62;62160;2;1;1;1;Rue du Chemin Vert;50,73752;1,614847
202300005825;8;2;2023;09:15;1;60;60175;2;1;1;3;;49,24522;2,48231
202300005826;8;2;2023;15:38;1;57;57012;2;1;1;6;CLEMENCEAU (RUE);49,35835;6,04792
202300005827;8;2;2023;18:48;5;54;54304;2;2;1;3;EUROPE (AVENUE DE L');48,680403;6,153521
202300005828;9;2;2023;08:15;1;54;54099;2;1;1;6;SCHUMAN (RUE ROBERT);49,260494;5,931543
202300005829;9;2;2023;10:25;1;51;51454;2;2;9;6;ROBESPIERRE (BOULEVARD);49,27073;4,02642
202300005830;7;2;2023;12:10;1;49;49099;2;2;1;6;CALINS (AVENUE DES);47,0594;-0,8741
202300005831;9;2;2023;09:26;1;49;49007;2;1;1;7;ROI RENE BOULEVARD;47,46692;-0,55444
202300005832;8;2;2023;22:45;5;49;49007;2;2;1;1;GASNIER AVENUE;47,48756;-0,57355
202300005833;8;2;2023;11:10;1;47;47323;2;6;1;3;AGEN (AVENUE D');44,39163843;0,71045977
202300005834;9;2;2023;17:00;1;45;45234;2;2;1;2;Avenue Roger Secrétain;47,87967;1,90848
202300005835;9;2;2023;08:10;1;45;45234;2;1;1;6;2 Quai du Fort des Tourelles;47,894826;1,905177
202300005836;9;2;2023;01:10;3;45;45232;1;9;1;6;Avenue de Sologne;47,86239;1,91245
202300005837;9;2;2023;12:20;1;37;37122;2;1;1;3;RD 86 DE MONTS à TOURS;47,32937;0,66403
202300005838;9;2;2023;09:15;1;35;35051;2;1;1;3;FOUGERES (ROUTE DE);48,13616763;-1,62371546
202300005839;4;2;2023;18:30;5;35;35115;2;3;1;3;RECOLLETS (RUE DES);48,35738;-1,19556
202300005840;5;2;2023;01:10;5;35;35150;2;2;1;2;BUTTE (RUE DE LA);48,36167;-1,22392
202300005841;9;2;2023;20:10;5;33;33069;2;1;1;3;Place Ravesies;44,86578;-0,57621
202300005842;3;5;2023;04:30;3;19;19028;2;4;1;6;Avenue du Cantal;45,3804711;2,48683446
202300005843;9;2;2023;08:00;1;33;33281;2;1;1;1;Avenue Pierre Mendès-France;44,81841;-0,63449
202300005844;8;2;2023;19:30;5;33;33032;2;6;1;6;Avenue de la Somme;44,90599818;-0,5171755
202300005845;9;2;2023;08:53;1;33;33529;2;1;1;2;AERODROME (AVE DE L');44,60443;-1,12634
202300005846;3;5;2023;14:35;1;77;77467;1;1;1;2;D75;48,394446;3,092695
202300005847;9;2;2023;22:35;5;31;31555;2;3;1;6;47 Rue de Metz;43,600463;1,451719
202300005848;4;5;2023;15:45;1;76;76075;2;1;1;2;Route de Criquetot;49,769212;1,052842
202300005849;8;2;2023;13:39;1;31;31069;1;1;1;1;CORNEBARRIEU (ROUTE DE);43,64538;1,35478
202300005850;3;5;2023;23:20;3;69;69006;1;1;1;6;Route de Ronno;45,973807;4,359319
202300005851;8;2;2023;18:05;2;29;29232;1;1;1;2;D100;48,001;-4,14553
202300005852;3;5;2023;14:30;1;71;71310;2;1;1;6;Rue du Cimetière;46,747069;4,461227
202300005853;9;2;2023;14:10;1;28;28134;2;1;1;3;VIEUX PRE (PLACE DU);48,73164;1,36445
202300005854;9;2;2023;08:10;1;28;28134;2;1;1;6;LIEVRE D'OR (RUE DU);48,72983;1,38308
202300005855;3;5;2023;15:45;1;61;61394;1;1;7;6;D211;48,28301;0,580435
202300005856;9;2;2023;10:39;1;26;26362;2;9;1;3;GAUMONT RUE LEON;44,92131;4,92711
202300005857;3;5;2023;21:00;3;42;42134;1;1;1;6;Route de Germanieux;45,669725;3,996148
202300005858;30;1;2023;19:15;3;26;26064;1;3;1;1;Route de Montelier;44,94024815;4,95399714
202300005859;3;5;2023;17:30;1;34;34216;1;9;1;7;D22E5;43,627743;3,090109
202300005860;7;2;2023;12:30;1;25;25539;2;9;1;1;PALE (RUE DE LA);47,46268;6,85632
202300005861;3;5;2023;10:20;1;22;22219;2;1;1;6;14 Rue d'Enfer;48,281561;-2,699391
202300005862;9;2;2023;08:00;1;17;17415;2;1;1;3;ORMEAU DE PIED RUE DE L';45,74318;-0,66639
202300005863;3;5;2023;17:50;1;38;38108;1;1;1;1;route départementale 531;45,061321;5,406488
202300005864;9;2;2023;19:40;5;13;13209;2;1;1;2;CATHERINE BLUM (BOULEVARD);43,26347111;5,41799371
202300005865;3;5;2023;01:20;3;14;14371;1;1;1;6;3906 Route de la Pierre Tournante;49,026928;0,200612
202300005866;8;2;2023;14:30;1;13;13204;2;3;1;6;CHARTREUX (AVENUE DES);43,30964;5,40065
202300005867;9;2;2023;01:00;5;13;13208;2;3;1;2;MAZARGUES (AVENUE DE);43,25916347;5,39416278
202300005868;8;2;2023;12:50;1;12;12089;1;1;1;7;ESTAQUES (LES);44,58571;2,24793
202300005869;3;5;2023;19:45;2;60;60579;1;9;1;3;D85;49,349143;2,843935
202300005870;9;2;2023;08:25;1;9;9122;2;1;1;4;BARCELONE (AVENUE DE);42,964048;1,611665
202300005871;8;2;2023;11:55;1;4;4070;2;1;1;6;SAINT CHRISTOPHE (AVENUE);44,07726;6,18844
202300005872;3;5;2023;15:25;1;60;60354;1;1;1;7;chemin des Miselines;49,68604;1,993976
202300005873;6;2;2023;11:15;1;2;2408;2;3;1;1;183 Boulevard Pierre Brossolette;49,56947;3,61282
202300005874;9;2;2023;11:40;1;75;75120;2;1;1;6;square emmanuel fleury;48,86990436;2,41220713
202300005875;4;5;2023;12:00;1;36;36009;1;1;1;7;les baudets;46,656121;1,721733
202300005876;9;2;2023;00:44;5;75;75111;2;2;1;1;AVENUE PHILIPPE AUGUSTE;48,85355741;2,39269942
202300005877;3;5;2023;17:05;1;21;21101;1;3;1;3;D970;47,408501;4,415367
202300005878;10;2;2023;15:40;1;75;75118;2;2;8;3;RUE D AUBERVILLIERS;48,89670713;2,3706007
202300005879;4;5;2023;13:41;1;40;40001;2;2;1;3;RD02 PK52+16;43,689594;-0,280157
202300005880;10;2;2023;11:25;1;75;75118;2;2;1;3;BOULEVARD BARBES;48,88656227;2,34956011
202300005881;4;5;2023;10:50;1;4;4076;2;1;1;2;Avenue vauban - PK 50+210;43,949289;6,809903
202300005882;9;2;2023;21:20;5;75;75117;2;2;1;3;AVENUE DE LA PORTE D ASNIERES;48,892275;2,301108
202300005883;3;5;2023;08:33;1;17;17253;1;1;1;7;D911;46,004515;-0,882232
202300005884;9;2;2023;18:00;5;75;75117;2;3;1;3;AVENUE DES TERNES;48,879738;2,289377
202300005885;4;5;2023;09:00;1;30;30294;2;1;1;6;140 Route de Saint Privat;44,139337;4,127507
202300005886;10;2;2023;08:50;1;75;75116;2;3;1;7;RUE DE PASSY;48,857943;2,281186
202300005887;10;2;2023;10:15;1;75;75116;2;2;1;5;AVENUE FOCH;48,8736;2,292816
202300005888;10;2;2023;06:30;3;75;75116;2;3;1;3;ALLEE DE LA REINE MARGUERITE;48,8634608;2,24812299
202300005889;10;2;2023;06:35;5;75;75116;2;7;1;2;PLACE DE VARSOVIE;48,86036576;2,29122072
202300005890;3;5;2023;13:40;1;68;68072;1;1;1;6;A35;47,703683;7,439868
202300005891;10;2;2023;08:04;1;75;75114;2;5;1;3;AVENUE REILLE;48,82649133;2,34159261
202300005892;3;5;2023;08:45;1;76;76391;1;1;1;2;A13;49,340654;0,938864
202300005893;10;2;2023;21:45;5;75;75112;2;2;1;3;AVENUE DAUMESNIL;48,84111422;2,38895103
202300005894;3;5;2023;19:05;1;77;77216;1;1;1;2;Autoroute A6 PK 69+500 direction LYON;48,29149407;2,67922794
202300005895;8;2;2023;11:55;1;75;75102;2;7;1;5;PLACE DE L OPERA;48,870628;2,332074
202300005896;10;2;2023;17:48;1;94;94081;2;1;1;6;Rue du Gal Malleret Joinville;48,77481935;2,40692116
202300005897;3;5;2023;15:00;1;45;45082;1;1;1;1;D2060 PR 69 + 1;47,884554;2,244462
202300005898;9;2;2023;16:30;1;94;94080;2;1;1;4;Avenue de Paris;48,845;2,43384
202300005899;4;5;2023;08:30;1;78;78601;1;1;1;2;N10;48,58222;1,83229
202300005900;9;2;2023;07:20;5;94;94080;2;1;1;6;Rue Defrance;48,84890721;2,4549062
202300005901;9;2;2023;08:55;1;94;94021;2;2;1;6;Rue du Béarn;48,772853;2,360972
202300005902;16;4;2023;16:08;1;78;78206;2;9;1;7;Rue du Beauregard;48,952332;1,914738
202300005903;8;2;2023;14:05;1;94;94028;2;6;1;3;Car de Pompadour;48,77413;2,43959
202300005904;10;2;2023;08:26;1;94;94022;2;3;1;6;Avenue d'Alfortville / Avenue du Docteur Charcot;48,76864252;2,41386339
202300005905;4;5;2023;08:00;1;66;66069;1;1;1;3;N/A;42,774434;2,830207
202300005906;10;2;2023;15:25;1;94;94055;2;1;1;6;Route de Provins;48,79342;2,55471
202300005907;10;2;2023;03:00;5;94;94017;2;1;2;6;Avenue Henri-Marie le Boursicaud;48,81517;2,52325
202300005908;4;5;2023;11:00;1;66;66065;1;3;1;3;N/A;42,599621;2,963165
202300005909;9;2;2023;11:15;1;94;94017;2;1;1;3;Avenue du Général de Gaulle;48,825339;2,50229
202300005910;10;2;2023;08:20;2;94;94047;2;1;8;3;35 Rue François Coppée;48,71085;2,53929
202300005911;4;5;2023;08:27;1;52;52449;2;1;1;3;Route de Dijon;47,835139;5,330574
202300005912;9;2;2023;22:20;5;93;93064;2;2;1;3;Rue de Strasbourg / Rue du Rhin;48,86686;2,49767
202300005913;10;2;2023;18:15;5;93;93051;2;1;1;2;Chemin de Halage;48,85107;2,51666
202300005914;4;5;2023;16:00;1;68;68063;2;3;1;3;Faubourg de Colmar;47,813493;7,19189
202300005915;10;2;2023;15:10;1;93;93048;2;1;1;3;33 Boulevard Rouget de Lisle;48,85985106;2,43882403
202300005916;10;2;2023;15:20;1;93;93029;2;1;1;6;Rue Sadi Carnot;48,92556;2,4406
202300005917;3;5;2023;18:55;1;3;3242;2;1;1;2;58 Route Nationale 7;46,3499558;3,3791526
202300005918;10;2;2023;09:10;1;93;93013;2;3;1;3;Avenue John Fitzgerald Kennedy / Rue du Docteur Roux;48,93834;2,42749
202300005919;4;5;2023;16:30;1;74;74018;2;1;1;1;25 Route de Bonneville;46,105249;6,33402
202300005920;10;2;2023;19:25;5;93;93047;2;9;1;3;Avenue des 7 Iles;48,900427;2,549713
202300005921;4;5;2023;08:04;1;42;42010;2;4;1;1;Route de la Gimond;45,57422;4,376035
202300005922;10;2;2023;20:05;5;93;93007;2;1;1;5;Avenue Paul Vaillant Couturier;48,92750772;2,47373405
202300005923;8;2;2023;22:20;3;92;92046;2;1;1;3;BROSSOLETTE AVENUE PIERRE;48,82089;2,31217
202300005924;4;5;2023;07:15;1;38;38067;1;4;1;3;départementale 75, route de vienne;45,676738;5,161552
202300005925;10;2;2023;07:55;1;92;92025;2;2;1;3;VERDUN (RUE DE);48,923222;2,252337
202300005926;3;5;2023;16:20;1;64;64430;2;1;7;6;1 Avenue de la Moutète;43,488833;-0,775545
202300005927;31;1;2023;16:15;1;33;33187;2;3;1;3;route de Beauséjour.;44,58772;-0,082601
202300005928;17;4;2023;10:30;1;64;64430;2;1;1;3;641 Avenue Adrien Planté;43,481643;-0,752181
202300005929;10;2;2023;12:50;1;31;31044;2;1;1;3;31 Avenue des Arenes;43,613593;1,488439
202300005930;11;2;2023;07:35;1;62;62645;1;1;1;6;D940;50,98246745;2,07371664
202300005931;4;5;2023;15:55;1;85;85092;2;1;1;7;162 Boulevard du maréchal de lattre de tassigny;46,471942;-0,791858
202300005932;10;2;2023;17:25;1;27;27360;1;1;1;7;D547;48,918565;1,205492
202300005933;4;5;2023;15:20;1;59;59660;1;1;1;7;Chaussee de Verdun;50,636152;3,235994
202300005934;10;2;2023;19:50;3;35;35085;1;2;1;3;La galonnière;48,36994847;-1,76275045
202300005935;3;5;2023;09:50;1;13;13055;1;1;1;1;A50 - Sens Aubagne vers Marseille;43,286111;5,429922
202300005936;10;2;2023;10:15;1;46;46201;2;1;1;1;2127 avenue de saint jean;44,339772;1,201619
202300005937;11;2;2023;11:08;1;44;44071;1;6;1;7;Rue de la Châtaigneraie;47,190091;-1,4352359
202300005938;11;2;2023;06:20;2;29;29278;1;1;5;6;D82;48,202858;-3,687755
202300005939;3;5;2023;14:05;1;33;33122;1;1;1;2;AUTOROUTE A 63;44,75007;-0,69555
202300005940;11;2;2023;02:10;3;19;19237;2;1;1;6;Rue de Bellevue;45,138075;2,092482
202300005941;2;5;2023;19:10;1;33;33039;1;1;1;3;ROCADE A 630;44,78921;-0,54071
202300005942;10;2;2023;16:35;1;71;71014;2;4;7;3;Place du General Brosset;46,967531;4,314591
202300005943;10;2;2023;15:20;1;89;89262;1;9;1;3;;47,920548;4,018872
202300005944;2;5;2023;17:00;1;59;59646;1;1;1;4;ROUTE DEPARTEMENTALE 656;50,67439;3,11886
202300005945;11;2;2023;16:00;1;49;49155;2;6;1;2;Rue du Lionnais;47,61398;-0,708441
202300005946;3;5;2023;18:10;1;91;91136;1;1;1;3;AUTOROUTE A126;48,71262;2,28271
202300005947;11;2;2023;00:35;3;49;49259;2;1;1;6;Rue René Gasnier;47,357408;-0,655409
202300005948;3;5;2023;16:00;1;92;92002;1;1;1;2;AUTOROUTE A10;48,7326;2,31148
202300005949;11;2;2023;00:40;3;34;34114;1;1;1;6;D32 PR 27+100;43,636638;3,534245
202300005950;10;2;2023;12:25;1;25;25515;1;1;1;6;D47;46,878206;6,291368
202300005951;3;5;2023;11:15;1;91;91471;1;1;1;3;RN 118;48,71436;2,17609
202300005952;11;2;2023;02:55;3;29;29030;1;1;1;6;Lieu Dit Kerfiat;48,6908391;-4,101269
202300005953;3;5;2023;07:00;1;91;91363;1;1;1;2;RN 104;48,64906;2,18649
202300005954;10;2;2023;18:17;2;2;2648;2;1;1;1;3 Rue Condorcet;49,797143;3,461262
202300005955;11;2;2023;16:30;1;2;2014;1;1;2;1;N/A;49,599919;3,308666
202300005956;10;2;2023;18:45;3;60;60660;1;4;1;1;D166;49,33589;1,87701
202300005957;2;5;2023;09:00;1;974;97416;1;1;1;2;ENTRE DEUX (CHEMIN) CD26;-21,30346;55,43043
202300005958;10;2;2023;22:30;3;7;7337;1;1;1;6;D370a;45,243342;4,711243
202300005959;14;1;2023;01:30;3;17;17332;1;1;1;7;D142;45,504693;-0,454516
202300005960;9;2;2023;06:50;5;69;69244;2;2;9;6;23ter Avenue Général Brosset;45,757389;4,778249
202300005961;2;5;2023;20:15;3;974;97411;2;2;1;3;VICTOIRE (AVENUE DE LA);-20,87661;55,44789
202300005962;11;2;2023;03:45;3;30;30123;1;1;1;4;N/A;43,72507379;4,17372233
202300005963;2;5;2023;10:00;1;69;69383;2;8;1;6;Avenue Félix Faure;45,75418;4,86358