Num_Acc;jour;mois;an;hrmn;lum;dep;com;agg;int;atm;col;adr;lat;long
202300005964;10;2;2023;23:54;3;59;59244;1;1;1;1;A2 PK 28.200;50,16914602;3,17810688
202300005965;31;1;2023;02:45;2;973;97305;1;1;1;3;Route Departementale 5;4,95143191;-52,4311164
202300005966;2;5;2023;19:45;1;69;69382;2;2;1;3;Quai Jean Moulin;45,7636;4,83819
202300005967;10;2;2023;18:05;2;78;78380;2;9;1;6;Route de Mantes;48,917578;1,851148
202300005968;2;5;2023;16:10;1;69;69149;2;1;1;6;Boulevard Emile Zola;45,71811;4,80831
202300005969;10;2;2023;17:00;1;30;30027;1;1;1;5;2762a Route de Lézan;44,06040388;4,06594992
202300005970;2;5;2023;08:00;1;69;69389;2;2;1;3;Rue de Bourgogne;45,78051042;4,8009058
202300005971;11;2;2023;10:30;1;83;83071;1;1;1;3;D88;43,172795;6,215757
202300005972;10;2;2023;16:15;1;5;5079;1;1;1;1;RD1091;45,042937;6,421643
202300005973;2;5;2023;18:45;1;2A;2A004;2;1;1;3;RECCO ABBE BOULEVARD;41,9376;8,73898
202300005974;10;2;2023;20:15;3;13;13076;1;1;1;7;Route du Pas de Lanciers;43,814943;5,017705
202300005975;11;2;2023;10:00;1;13;13079;2;1;7;2;Avenue Henri Froidfond;43,523176;5,677231
202300005976;2;5;2023;16:39;1;2A;2A004;2;1;1;5;NAPOLEON COURS AVANT BEVERINI;41,926485;8,738296
202300005977;8;2;2023;13:40;1;57;57582;1;1;1;2;D60;49,29841;6,168979
202300005978;10;2;2023;20:15;5;38;38455;1;1;1;2;130 Route du Bugey;45,624022;5,283284
202300005979;2;5;2023;14:00;1;2A;2A004;2;1;1;2;CAMPI LOUIS BD;41,942701;8,750447
202300005980;11;2;2023;01:45;5;1;1249;2;3;1;6;1687 Grande Rue;45,826486;4,96094
202300005981;2;5;2023;16:45;1;91;91477;2;1;1;6;GUTEMBERG (RUE);48,70839;2,25629
202300005982;10;2;2023;12:00;1;64;64376;2;1;1;6;27 Route de Pau;43,272038;-0,319553
202300005983;2;5;2023;01:00;5;91;91027;2;9;1;6;RUE DU VERCORS;48,6969;2,38407
202300005984;10;2;2023;13:20;1;85;85088;1;4;1;7;VC Route des brandes;46,706955;-1,887406
202300005985;28;4;2023;18:15;1;87;87085;2;1;1;2;CARNOT (BOULEVARD);45,83282;1,25934
202300005986;7;2;2023;09:10;1;14;14166;2;2;7;6;40 Rue des Petites Rues;49,27247;-0,299694
202300005987;7;2;2023;16:20;1;14;14228;2;9;1;3;Rue de Bourgogne;49,294279;-0,369504
202300005988;2;5;2023;17:15;1;85;85194;2;1;1;3;79 Avenue de bretagne;46,5066;-1,77746
202300005989;6;2;2023;10:20;1;35;35090;2;1;1;6;Rue de Chanteloup;47,93746;-1,657353
202300005990;2;5;2023;17:45;1;84;84087;2;3;6;4;ROUTE DE ROQUEMAURE;44,08813;4,7822
202300005991;11;2;2023;15:15;1;27;27022;2;3;2;3;Rue de la Chartreuse;49,170018;1,347864
202300005992;2;5;2023;08:55;1;83;83137;2;3;1;6;15EME CORPS (AVE DU);43,12827;5,90859
202300005993;10;2;2023;16:10;1;60;60346;2;9;1;3;Chaussée de Bertinval;49,153127;2,429175
202300005994;10;2;2023;00:00;3;69;69199;1;1;1;6;Autoroute 7;45,69363;4,84366
202300005995;10;2;2023;16:20;1;33;33535;1;1;1;2;ROUTE NATIONALE 230;44,8304431;-0,50163209
202300005996;29;4;2023;22:00;2;76;76351;2;2;1;3;CONCORDE (DE LA);49,507921;0,158963
202300005997;10;2;2023;02:05;5;33;33122;1;1;1;6;AUTOROUTE A 63;44,74232;-0,70635
202300005998;1;5;2023;00:50;3;76;76351;1;1;1;6;RD 6382;49,50162;0,193413
202300005999;8;2;2023;08:40;1;59;59179;1;1;1;4;AUTOROUTE A2;50,30219;3,37256
202300006000;2;5;2023;09:00;1;76;76114;2;1;1;4;PASSAS JULES (BOULEVARD);49,56877;0,4751
202300006001;10;2;2023;08:50;1;78;78208;1;1;1;3;RN12 EXT;48,800115;1,980437
202300006002;10;2;2023;07:44;2;92;92036;1;1;1;3;A86;48,93650752;2,29084397
202300006003;2;5;2023;21:15;3;73;73029;1;3;1;3;D5 / N201;45,55954;5,94952
202300006004;10;2;2023;14:00;1;92;92036;1;1;1;2;AUTOROUTE A15;48,94067835;2,29263081
202300006005;28;4;2023;23:25;5;72;72181;2;8;1;6;LECLERC GENERAL (AV) PAIRS DE 2 A 68;48,00011;0,19621
202300006006;10;2;2023;08:00;1;93;93064;1;1;1;2;AUTOROUTE A86;48,87665786;2,47771427
202300006007;8;2;2023;02:40;3;93;93066;1;1;1;2;AUTOROUTE A1;48,9279;2,3577
202300006008;1;5;2023;12:30;1;71;71497;2;2;1;3;GENERAL DE GAULLE (BOULEVARD DU);46,33128;4,84288
202300006009;10;2;2023;17:05;1;94;94046;1;1;1;2;A86;48,80856288;2,44905786
202300006010;2;5;2023;18:35;1;69;69266;2;1;1;6;36 Avenue Antoine de Saint-Exupéry;45,75861;4,87932
202300006011;8;2;2023;18:10;2;75;75114;2;1;1;3;BD PERIPHERIQUE EXTERIEUR;48,821922;2,316733
202300006012;2;5;2023;09:35;1;69;69286;2;1;1;6;66 Avenue Général Leclerc;45,81324291;4,89570634
202300006013;8;2;2023;18:25;5;75;75113;2;1;1;3;BD PERIPHERIQUE EXTERIEUR;48,826081;2,387937
202300006014;8;2;2023;16:10;2;75;75120;2;1;1;3;BD PERIPHERIQUE INTERIEUR;48,853568;2,41404
202300006015;27;4;2023;15:18;1;67;67218;2;1;1;3;LYON (RTE DE);48,52125;7,70545
202300006016;7;2;2023;21:20;2;75;75113;2;1;1;3;BD PERIPHERIQUE INTERIEUR;48,824838;2,384286
202300006017;1;5;2023;17:10;1;65;65417;2;9;1;7;Avenue Francois Mitterrand;43,22425181;0,10172412
202300006018;2;5;2023;14:03;1;64;64445;2;1;1;2;CATHERINE DE BOURBON;43,32465;-0,35734
202300006019;7;2;2023;20:40;5;75;75116;2;4;1;2;BD PERIPHERIQUE EXTERIEUR;48,835006;2,261347
202300006020;14;4;2023;02:41;4;59;59650;2;1;8;6;LIBERTE (BOULEVARD DE LA);50,70840113;3,18805754
202300006021;1;5;2023;12:00;1;59;59507;2;1;1;3;CARNOT SADI RUE;50,60763;3,10761
202300006022;8;2;2023;12:25;1;75;75119;2;1;1;4;BD PERIPHERIQUE EXTERIEUR porte des lilas;48,881514;2,402691
202300006023;8;2;2023;08:20;1;75;75113;2;1;1;3;BD PERIPHERIQUE INTERIEUR;48,816467;2,34455
202300006024;2;5;2023;07:05;1;56;56162;2;3;1;3;DOUET NEUF (RUE DU);47,70854;-3,43857
202300006025;9;2;2023;07:21;5;75;75110;2;2;1;3;RUE DU FAUBOURG SAINT MARTIN;48,881108;2,365166
202300006026;9;2;2023;13:36;1;75;75119;2;1;1;3;QUAI DE LA GIRONDE;48,894957;2,384091
202300006027;2;5;2023;19:05;1;51;51454;2;1;1;2;avenue Henri Farman;49,23765;4,06669
202300006028;9;2;2023;14:36;1;75;75117;2;7;1;6;PLACE DE CLICHY;48,88347395;2,32717976
202300006029;9;2;2023;08:20;1;75;75116;2;1;1;7;BOULEVARD SUCHET;48,858052;2,265126
202300006030;2;5;2023;16:50;1;51;51454;2;3;1;2;rue des Moulins;49,24466373;4,03345495
202300006031;9;2;2023;08:15;1;75;75116;2;2;1;7;BOULEVARD SUCHET;48,85735877;2,26465613
202300006032;1;5;2023;12:22;1;51;51454;2;2;1;6;boulevard de la Paix;49,25506;4,04033
202300006033;9;2;2023;16:50;1;75;75114;2;3;1;3;RUE DE LA SANTE;48,831572;2,341254
202300006034;30;4;2023;18:25;1;50;50129;2;2;1;3;MENDES FRANCE (BOULEVARD);49,63451;-1,6261
202300006035;7;2;2023;12:55;1;75;75114;2;7;1;3;PLACE DU VINGT CINQ AOUT 1944;48,822086;2,325317
202300006036;8;2;2023;23:00;5;75;75113;2;1;1;6;RUE EUGENE OUDINE;48,825248;2,373169
202300006037;28;4;2023;18:45;2;49;49007;2;9;1;3;GEOFFRAY;47,45835;-0,54501
202300006038;9;2;2023;08:55;1;75;75109;2;2;1;6;RUE DE LONDRES;48,87654114;2,33095497
202300006039;2;5;2023;07:35;2;47;47001;2;9;1;3;PAGANEL (RUE);44,19768;0,63299
202300006040;9;2;2023;08:55;1;75;75109;2;1;1;3;RUE DE MONTHOLON;48,87659;2,345236
202300006041;2;5;2023;16:30;1;45;45284;2;6;1;3;52 Avenue Charles Péguy;47,90512;1,94499
202300006042;9;2;2023;08:00;1;93;93072;2;2;1;3;Rue d'Amiens / Rue Jean Durand;48,95246789;2,36920327
202300006043;2;5;2023;13:24;1;45;45147;2;2;1;1;20 Rue André Dessaux;47,92734;1,89845
202300006044;8;2;2023;14:15;1;93;93006;2;1;1;6;5 Rue de la Noue;48,86424;2,42834
202300006045;2;5;2023;11:45;1;45;45232;2;1;1;6;parking Leclerc;47,84297;1,91675
202300006046;1;5;2023;10:05;1;45;45208;2;1;1;6;parking centre commercial ;47,99735;2,74196
202300006047;9;2;2023;10:00;1;93;93014;2;1;1;3;Boulevard du Temple;48,90278239;2,53132611
202300006048;9;2;2023;09:20;1;93;93005;2;1;1;6;Rue Edgar Degas;48,956507;2,495537
202300006049;1;5;2023;17:45;2;42;42218;2;3;1;1;Rue Docteur Poty;45,42048;4,38628
202300006050;9;2;2023;19:30;3;93;93001;2;1;1;3;Avenue Jean Jaurès;48,913361;2,402535
202300006051;9;2;2023;11:20;1;93;93001;2;1;1;1;4bis Rue Waldeck Rochet;48,91468;2,3682
202300006052;2;5;2023;20:30;1;37;37261;2;2;1;5;HEURTELOUP (BOULEVARD);47,39242;0,70039
202300006053;9;2;2023;07:50;1;93;93001;2;1;1;6;Rue du Clos Bénard;48,911598;2,386027
202300006054;9;2;2023;19:20;5;92;92051;2;1;1;2;VICTOR HUGO (BOULEVARD, N° 51 A 75 ET 62;48,89131587;2,27518782
202300006055;1;5;2023;21:33;5;37;37261;2;2;1;3;GIRAUDEAU (RUE);47,37973;0,67738
202300006056;9;2;2023;19:40;5;92;92044;2;1;1;6;PDT WILSON(RUE)107A131 ET 110A130;48,8967631;2,28619024
202300006057;2;5;2023;19:50;2;35;35238;2;2;1;6;LIBERTE (BD DE LA);48,11019524;-1,67779416
202300006058;8;2;2023;22:00;5;92;92036;2;2;1;3;CHANDON (AVENUE) (1/63);48,92412;2,29538
202300006059;2;2;2023;13:15;1;92;92036;2;6;1;3;MARCEL PAUL (AVENUE) (2/50);48,933539;2,302461
202300006060;2;5;2023;18:10;1;35;35238;2;6;1;3;BIGNON (DU);48,09684;-1,63522
202300006061;9;2;2023;19:00;5;92;92026;2;1;1;2;PRÉSIDENT PAUL DOUMER (QUAI DU);48,89132;2,25795
202300006062;1;5;2023;17:55;1;34;34172;2;1;1;6;9 Rue du Faubourg de la Saunerie;43,606119;3,875658
202300006063;9;2;2023;18:20;5;92;92026;2;1;1;3;MARECHAL JOFFRE (QUAI DU);48,90019391;2,27373449
202300006064;2;5;2023;08:22;1;29;29019;2;1;1;3;rue Mirabeau;48,407816;-4,487833
202300006065;9;2;2023;12:15;1;92;92012;2;1;1;3;BELLEVUE (RUE DE) 73/FIN - 80/FIN;48,83105877;2,23262116
202300006066;9;2;2023;11:00;1;92;92004;2;1;1;3;DOCTEUR DERVAUX  ( QUAI DU );48,90779;2,29221
202300006067;9;2;2023;17:30;1;35;35333;2;3;1;3;Rue Amand de Léon des Ormeaux;47,919745;-1,429711
202300006068;10;2;2023;07:10;5;37;37077;2;4;1;5;22 Route de Mazieres;47,3497;0,44949
202300006069;9;2;2023;16:30;1;12;12300;1;1;7;1;départementale 1;44,38306;2,03383
202300006070;10;2;2023;10:45;1;44;44014;1;1;1;1;Land Jard;47,12154868;-1,49270833
202300006071;2;5;2023;18:40;1;25;25056;2;7;1;6;N/A;47,229323;5,996079
202300006072;10;2;2023;07:25;2;28;28088;2;1;1;6;66 Boulevard Jean-jaurès;48,066518;1,34602
202300006073;9;2;2023;19:30;3;51;51559;2;1;1;7;D79;49,11393684;4,53695118
202300006074;2;5;2023;17:00;1;25;25056;2;1;1;6;TREMOLIERES RUE;47,254543;6,028496
202300006075;2;5;2023;11:20;1;25;25056;2;8;1;6;MITTERAND AVENUE FRANCOIS;47,22318;5,98401
202300006076;10;2;2023;12:15;1;26;26160;2;1;1;3;Avenue de la Croix des Mailles;45,199114;4,814699
202300006077;10;2;2023;17:41;2;68;68315;2;1;1;6;Route de Wuenheim;47,878876;7,221896
202300006078;4;4;2023;17:55;1;19;19031;2;1;1;7;RIVET (AVENUE JEAN CHARLES);45,15052;1,49789
202300006079;9;2;2023;22:10;5;85;85153;2;1;1;6;20 Rue du Commandant Guilbaud;46,778742;-1,062884
202300006080;20;4;2023;19:30;1;19;19031;2;1;1;3;PARIS (AVENUE DE);45,16161;1,53273
202300006081;9;2;2023;18:40;3;34;34095;1;1;8;5;M613;43,553416;3,787365
202300006082;10;2;2023;07:20;5;91;91573;2;1;1;6;Avenue Louis Lachenal;48,610817;2,510789
202300006083;2;5;2023;19:01;1;17;17028;1;3;1;3;GRASSET   AVENUE EDMOND;46,13045;-1,08605
202300006084;10;2;2023;08:00;1;79;79079;1;3;1;3;;46,934005;-0,832674
202300006085;1;5;2023;18:30;1;16;16015;2;1;1;1;LATTRE DE TASSIGNY (AVENUE DE);45,656789;0,170585
202300006086;8;2;2023;13:55;1;11;11270;1;1;1;6;;42,86621;2,684467
202300006087;2;5;2023;20:20;2;13;13103;2;2;1;3;BOULEVARD DU ROY RENE;43,63187;5,10002
202300006088;2;5;2023;18:30;1;13;13103;2;1;1;4;BOULEVARD DANTON;43,63586;5,08908
202300006089;1;5;2023;17:45;1;13;13103;1;1;1;4;Avenue du 18 Juin 1940;43,62817376;5,11103986
202300006090;3;5;2023;00:35;5;13;13208;2;1;1;3;PRADO (AVENUE DU);43,27075;5,38875
202300006091;2;5;2023;12:55;1;13;13215;2;1;1;3;HENRI BARNIER (BOULEVARD);43,37319;5,35352
202300006092;2;5;2023;23:53;5;13;13001;2;1;1;3;ROI RENE (BD DU);43,52401564;5,44998748
202300006093;2;5;2023;08:25;2;7;7186;2;1;1;6;SAINT LOUIS (COURS);44,73513;4,59575
202300006094;2;5;2023;13:30;1;6;6029;2;1;1;1;COTEAUX (AVENUE DES);43,56582;7,02154
202300006095;2;5;2023;08:45;1;75;75112;2;1;1;2;BD PERIPHERIQUE INTERIEUR;48,835203;2,411409
202300006096;2;5;2023;07:05;1;75;75120;2;1;1;2;BD PERIPHERIQUE EXTERIEUR;48,877377;2,409157
202300006097;2;5;2023;22:10;5;75;75118;2;2;1;3;AVENUE DE SAINT OUEN;48,890426;2,326589
202300006098;2;5;2023;19:45;1;75;75118;2;2;1;6;RUE JACQUES CARTIER;48,894334;2,32988
202300006099;2;5;2023;18:30;1;75;75111;2;3;1;3;PLACE DE LA REPUBLIQUE;48,866718;2,365162
202300006100;2;5;2023;13:20;1;75;75111;2;3;1;6;RUE DE CHARONNE;48,855563;2,390129
202300006101;2;5;2023;00:50;5;75;75111;2;3;1;3;BOULEVARD VOLTAIRE;48,851645;2,390499
202300006102;1;5;2023;19:40;1;75;75109;2;2;1;3;RUE LA FAYETTE;48,87504164;2,340855
202300006103;2;5;2023;16:55;1;75;75108;2;2;1;2;COURS LA REINE;48,865005;2,313712
202300006104;1;5;2023;18:35;1;75;75107;2;2;1;3;QUAI BRANLY;48,860632;2,295487
202300006105;2;5;2023;17:55;1;75;75101;2;7;1;3;QUAI DE LA MEGISSERIE;48,857308;2,34692
202300006106;2;5;2023;01:10;5;94;94081;2;1;1;2;Rue Camille Blanc;48,78473027;2,39559594
202300006107;2;5;2023;19:15;1;75;75112;2;2;1;3;Avenue Gallieni;48,846575;2,415859
202300006108;1;5;2023;12:35;1;94;94068;2;2;1;3;Avenue de l’Alma;48,78904808;2,49527004
202300006109;2;5;2023;00:30;5;94;94016;2;1;1;6;Avenue Aristide Briand;48,791289;2,320031
202300006110;2;5;2023;19:00;1;94;94041;2;2;1;6;Rue Lénine / Rue Molière;48,81570165;2,39351347
202300006111;29;4;2023;21:20;5;94;94073;2;1;1;2;Rue du Bas Marin;48,75494376;2,38590565
202300006112;1;5;2023;12:00;1;94;94060;2;3;8;3;Rue du Général de Gaulle;48,78086;2,57342
202300006113;2;5;2023;14:56;1;93;93059;2;2;1;1;Boulevard Pasteur / Boulevard Jean Mermoz;48,96572;2,36313
202300006114;2;5;2023;18:45;1;93;93066;2;1;1;3;Rue du Landy;48,91484855;2,34915644
202300006115;1;5;2023;23:17;5;93;93051;2;6;1;3;Boulevard du Ru de Nesles / Boulevard du Champy Richardets;48,8378;2,5819
202300006116;2;5;2023;18:47;1;93;93031;2;3;1;3;Route de Saint-leu / Rue Pierre Curie;48,94964142;2,34137937
202300006117;2;5;2023;08:10;1;93;93005;2;1;1;4;Rue Charles Gouppy;48,94161651;2,49845048
202300006118;2;5;2023;10:30;1;92;92078;2;3;1;3;VERDUN (AVENUE) (N° PAIRS 40 A 90);48,934888;2,32485
202300006119;2;5;2023;19:20;1;92;92064;2;1;1;6;VAL D' OR;48,85964026;2,21530616
202300006120;2;5;2023;17:59;1;92;92049;2;7;1;3;BRIAND AVENUE ARISTIDE N°1 A 129;48,81114563;2,32640326
202300006121;2;5;2023;13:04;1;92;92049;2;2;1;1;BROSSOLETTE AVENUE PIERRE;48,8175;2,3079
202300006122;2;5;2023;08:32;1;92;92049;2;1;1;6;BROSSOLETTE AVENUE PIERRE;48,81955258;2,31041998
202300006123;1;5;2023;14:40;1;92;92036;2;1;3;6;GABRIEL PERI (AVENUE) (101/129);48,92097;2,29498
202300006124;28;4;2023;14:45;1;92;92036;2;6;1;3;MARCEL PAUL (AVENUE) (1/103);48,93350633;2,30243236
202300006125;2;5;2023;20:05;2;92;92024;2;2;1;3;VICTOR HUGO (BD);48,89794989;2,31125683
202300006126;2;5;2023;10:25;1;92;92002;2;1;1;6;ONZE NOVEMBRE (AVENUE DU);48,75066438;2,30676614
202300006127;2;5;2023;12:30;1;39;39130;1;1;1;6;N/A;46,491538;5,83293
202300006128;12;7;2023;16:35;1;83;83001;1;1;1;6;A8 PK 148.400 Nord;43,5386027;6,83902845
202300006129;2;5;2023;17:00;1;22;22172;1;3;1;3;La Ville Martin;48,53748;-2,224174
202300006130;9;7;2023;19:55;1;38;38170;1;1;1;6;A48;45,25318943;5,64832408
202300006131;30;4;2023;19:55;1;33;33138;1;2;1;3;3 Lieu Dit les Mougneaux;45,059468;-0,103673
202300006132;2;5;2023;15:00;1;11;11067;1;2;1;3;N/A;43,21902;2,845894
202300006133;13;7;2023;21:10;5;988;98821;2;3;1;3;Route du Mont Mou/Rue du Bougainvillier;-22,122951;166,374646
202300006134;2;5;2023;20:30;2;54;54138;1;1;1;6;Rue Cote du Val;49,52703293;5,71932793
202300006135;12;7;2023;18:20;1;971;97117;1;1;1;6;route de l'écluse;16,312087;-61,383963
202300006136;2;5;2023;16:20;1;974;97410;1;1;1;2;RN2;-21,052523;55,720274
202300006137;9;7;2023;20:20;1;33;33527;1;1;1;7;D216;44,527407;-1,017928
202300006138;25;11;2023;08:25;1;91;91027;2;1;1;6;AV JULES VALLES;48,69991;2,37579
202300006139;3;5;2023;19:00;1;59;59487;1;2;1;3;103 Rue du Bas;50,635435;2,890939
202300006140;25;11;2023;17:03;1;86;86041;2;3;1;6;Rue Maurice Ravel;46,597808;0,353185
202300006141;22;4;2023;22:25;3;34;34325;1;1;1;2;A75 PK 320+9691;43,411567;3,372245
202300006142;13;7;2023;05:00;2;91;91200;2;1;1;3;22 Rue de Bonniveau;48,532303;2,006853
202300006143;25;11;2023;17:44;1;84;84007;2;3;1;3;SOULIER (BD Denis);43,94235;4,81668
202300006144;3;5;2023;15:30;1;62;62281;2;1;7;6;Route de Tournes;50,693909;1,671617
202300006145;13;7;2023;13:00;1;83;83016;1;3;1;3;Dn8;43,186514;5,818226
202300006146;10;3;2023;17:05;1;51;51029;2;1;1;6;Avenue de Sulzfeld;48,975098;4,031188
202300006147;25;11;2023;06:45;2;84;84007;2;3;1;1;CHARLES DE GAULLE;43,94087;4,79036
202300006148;2;5;2023;11:33;1;74;74208;2;3;1;3;Avenue rené raffort deruttet;45,923308;6,685599
202300006149;13;7;2023;14:58;1;83;83053;2;1;1;1;Dn8;43,17508;5,827995
202300006150;25;11;2023;02:05;3;78;78372;2;1;1;6;GEORGES TATTEVIN;48,8651;2,08805
202300006151;2;5;2023;21:00;2;76;76315;1;6;1;6;D50;49,762138;0,621009
202300006152;24;11;2023;17:35;3;71;71153;2;9;8;6;ABATTOIRS (boulevard des);46,78777;4,44393
202300006153;11;7;2023;16:55;1;83;83068;2;2;1;3;Route du Littoral;43,287652;6,602397
202300006154;3;5;2023;08:30;1;2B;2B343;2;1;1;2;Diceppo;42,492811;9,473648
202300006155;25;11;2023;06:00;3;71;71445;1;1;1;1;RD673;46,78017;4,88327
202300006156;13;7;2023;16:00;1;6;6146;2;1;1;1;La Courbaisse (Arrêt de bus);43,925385;7,185724
202300006157;2;5;2023;17:40;1;80;80130;1;2;1;3;D211;49,890017;2,136347
202300006158;2;5;2023;09:53;1;82;82087;1;1;1;6;D68;44,158363;1,243987
202300006159;25;11;2023;16:00;1;69;69290;2;2;1;2;126 Route de Grenoble;45,71030411;4,97778611
202300006160;13;7;2023;15:30;1;3;3179;2;3;1;1;16 Rue du Docteur Chirol;46,297233;3,507412
202300006161;1;5;2023;21:15;3;69;69267;1;1;1;7;Route de Lancie;46,165506;4,700233
202300006162;20;11;2023;17:45;3;67;67462;2;1;8;6;EBERMUNSTER (RUE D);48,26956;7,45837
202300006163;12;7;2023;23:00;5;44;44035;2;1;1;7;5 Boulevard Jacques Demy;47,268146;-1,549437
202300006164;2;5;2023;17:40;1;42;42047;1;1;1;1;D53;45,861011;3,828456
202300006165;6;7;2023;20:30;1;44;44045;1;1;1;6;34 La Peille;47,276678;-1,855633
202300006166;24;11;2023;17:52;3;63;63300;1;1;2;2;CHATELGUYON-GUYON (ROUTE DE);45,90568679;3,09814185
202300006167;2;5;2023;18:45;1;41;41126;1;1;1;1;Route d'Orbigny;47,259038;1,325666
202300006168;13;7;2023;08:20;1;17;17304;1;2;1;3;Rue du Petit Loubet;45,67896;-0,493178
202300006169;1;5;2023;14:40;1;41;41132;1;9;1;6;Route de Saint-clair;47,342567;1,449155
202300006170;24;4;2023;08:20;1;33;33449;2;1;1;6;Avenue Blaise Pascal;44,8945975;-0,76823696
202300006171;25;11;2023;01:43;3;62;62573;1;1;3;1;D165;50,49528;2,91205
202300006172;2;5;2023;18:14;1;39;39526;2;3;1;3;65 Rue de l’Abergement;47,039017;5,401698
202300006173;25;11;2023;02:50;5;62;62119;2;9;3;6;Avenue du President Kennedy;50,53704;2,64915
202300006174;11;7;2023;13:50;1;14;14228;2;2;1;3;1 Rue du General de Gaulle;49,296973;-0,375221
202300006175;2;5;2023;14:30;1;25;25527;1;1;1;6;D13;47,191927;5,807907
202300006176;12;7;2023;17:00;1;76;76610;2;1;1;1;Rue Jean Mermoz;49,628045;0,762423
202300006177;3;5;2023;17:00;1;29;29171;1;3;1;3;D785 - Ti Boutig;47,849174;-4,250014
202300006178;11;7;2023;21:20;2;69;69256;1;1;1;2;Autoroute 42;45,80086163;4,9276402
202300006179;16;11;2023;18:50;5;62;62041;2;4;2;6;Rue Abel Bergaigne;50,28663954;2,77731049
202300006180;3;5;2023;15:30;1;31;31275;1;1;1;6;D29;43,740057;1,025398
202300006181;25;11;2023;16:35;2;57;57487;1;1;2;1;FRESCATY (RUE DE );49,08904472;6,14320278
202300006182;12;7;2023;11:50;1;33;33122;1;1;2;4;AUTOROUTE A 63;44,7425;-0,708
202300006183;2;5;2023;19:15;1;2;2352;1;9;1;3;N/A;50,00266;3,270165
202300006184;12;7;2023;10:00;1;94;94043;1;1;1;1;A6B;48,81449566;2,35556902
202300006185;25;11;2023;22:20;5;54;54578;2;6;8;3;Boulevard du Marechal Foch;48,6773;6,15645
202300006186;3;5;2023;12:35;1;58;58020;1;1;1;7;Beaugy;46,81783;3,394346
202300006187;2;5;2023;08:10;1;6;6023;1;9;1;7;Route du Col de Brouis,;43,954429;7,514064
202300006188;25;11;2023;18:54;5;54;54395;2;1;2;2;Rue des Carmes;48,69132624;6,18066251
202300006189;12;7;2023;10:35;1;92;92064;1;1;1;2;A13;48,83963957;2,19735978
202300006190;2;5;2023;18:35;1;64;64133;1;6;1;2;D938;43,225709;-0,250454
202300006191;22;11;2023;17:17;2;54;54099;2;1;2;3;Rue Raymond Mondon;49,25005;5,941214
202300006192;2;5;2023;21:40;3;16;16128;1;1;1;6;ROUTE DE PRESSAC;46,078135;0,551698
202300006193;12;7;2023;15:40;1;93;93048;1;1;1;2;AUTOROUTE A3;48,87275;2,43539
202300006194;1;5;2023;14:45;1;7;7165;1;1;1;1;d578;44,93137727;4,48134899
202300006195;25;11;2023;12:35;1;49;49007;2;6;1;3;MONTAIGNE AVENUE;47,4665;-0,52504
202300006196;3;5;2023;07:20;1;53;53007;1;1;1;3;D32 - PK/PR 032.400;48,099805;-0,625985
202300006197;24;11;2023;14:25;1;46;46042;2;1;1;2;ZOLA (RUE EMILE);44,45176;1,437
202300006198;21;4;2023;15:10;1;21;21016;1;1;1;7;D28d;47,358311;5,163295
202300006199;11;7;2023;01:25;3;93;93005;1;1;1;5;AUTOROUTE A1;48,95961163;2,46644694
202300006200;25;11;2023;18:55;5;45;45147;2;4;1;3;294 Rue Marcellin Berthelot;47,93985;1,91939
202300006201;12;7;2023;20:00;2;77;77450;1;1;1;2;RN104;48,717276;2,599117
202300006202;1;5;2023;09:05;1;24;24547;2;1;1;1;Route des Fours à Chaux;45,116573;1,307367
202300006203;11;7;2023;20:30;2;77;77373;1;1;1;3;RN104;48,787242;2,617241
202300006204;25;11;2023;12:35;1;45;45232;2;2;1;3;Rue de Châteauroux-Boulevard Duhamel du Monceau ;47,8462;1,9276
202300006205;26;4;2023;17:15;1;4;4209;2;1;1;1;D4085;44,200836;5,940063
202300006206;23;3;2023;16:23;1;75;75120;2;1;1;3;BOULEVARD DE BELLEVILLE;48,868091;2,381969
202300006207;3;5;2023;14:25;1;28;28120;1;1;1;7;D4;48,702985;1,160318
202300006208;25;11;2023;10:32;1;41;41269;2;1;1;6;POTERIE (RUE);47,794;1,06489
202300006209;29;4;2023;23:00;5;74;74012;2;2;1;1;MOLE (RUE DU);46,19742;6,23706
202300006210;3;5;2023;11:00;1;87;87117;1;1;1;7;Tramonteil;45,848517;1,754766
202300006211;26;4;2023;02:00;3;74;74012;2;1;1;1;ARVE (QUAI D');46,18531;6,22602
202300006212;22;11;2023;02:20;5;37;37195;2;3;1;1;MAIRIE (RUE DE LA);47,38957196;0,66168487
202300006213;2;5;2023;20:45;2;49;49301;1;9;1;1;N249;47,122023;-1,099598
202300006214;23;3;2023;08:20;1;75;75117;2;2;8;7;BOULEVARD PEREIRE;48,882154;2,29168
202300006215;25;4;2023;07:30;1;74;74123;1;1;2;1;N/A;45,755367;6,299372
202300006216;3;5;2023;14:35;1;38;38249;1;1;1;6;A41;45,218982;5,818167
202300006217;23;3;2023;08:00;1;75;75117;2;2;1;6;AVENUE NIEL;48,879643;2,294708
202300006218;16;3;2023;07:10;1;74;74224;2;3;1;6;Rue du champ laitier;46,069249;6,29897
202300006219;24;11;2023;15:40;1;37;37233;2;1;1;4;DUCLOS (AVENUE JACQUES);47,38116;0,73898
202300006220;1;5;2023;04:00;3;30;30123;1;1;1;2;A9 PK 73+000;43,725285;4,175068
202300006221;23;3;2023;15:05;1;75;75116;2;2;1;2;RUE DE LA POMPE;48,86411955;2,27759778
202300006222;10;3;2023;13:05;1;74;74081;1;2;2;3;D1205;46,051068;6,588299
202300006223;25;11;2023;12:35;1;35;35238;2;2;1;3;CHATEAUBRIAND (QUAI);48,11021911;-1,67777941