Num_Acc;jour;mois;an;hrmn;lum;dep;com;agg;int;atm;col;adr;lat;long
202300006224;22;3;2023;21:30;5;75;75116;2;2;1;3;AVENUE DU PRESIDENT WILSON;48,863791;2,290652
202300006225;7;11;2023;20:14;5;35;35115;2;1;8;3;VERRERIE (AVENUE DE LA);48,36517;-1,18641
202300006226;1;5;2023;04:00;3;987;98740;2;1;1;7;Tiputa;-14,975601;-147,623999
202300006227;28;4;2023;22:30;5;13;13026;2;5;1;3;CD 48 A;43,38354;5,16053
202300006228;22;3;2023;19:10;5;75;75114;2;3;1;6;RUE DU DEPART;48,841962;2,322659
202300006229;25;11;2023;11:20;1;34;34172;2;1;1;6;VILLENEUVE-ANGOULEME (AVENUE DE;43,59519;3,86774
202300006230;29;4;2023;14:15;1;987;98747;1;1;1;6;Taravao route de la dorsale;-17,756;-148,736
202300006231;22;3;2023;11:38;1;75;75114;2;2;2;6;BOULEVARD JOURDAN;48,82326;2,32554
202300006232;2;5;2023;16:40;1;77;77196;2;1;1;7;Rue Henri de Guenegaud;48,939419;2,744286
202300006233;25;11;2023;16:46;2;33;33162;2;2;1;3;Avenue du Taillan-Médoc;44,87712;-0,64236
202300006234;22;3;2023;19:49;5;75;75107;2;1;1;3;RUE DE BELLECHASSE;48,859773;2,324335
202300006235;3;5;2023;08:30;1;83;83071;1;1;1;2;D98;43,150018;6,282624
202300006236;10;7;2023;08:00;1;974;97411;2;1;1;2;EUCALYPTUS (ROUTE DES);-20,88517;55,43902
202300006237;25;11;2023;07:00;5;33;33063;2;1;1;3;Quai Richelieu;44,83903408;-0,56775659
202300006238;23;3;2023;11:45;1;75;75104;2;3;1;6;RUE DE RIVOLI;48,855083;2,361663
202300006239;9;7;2023;09:45;1;974;97411;2;4;1;3;BOUGAINVILLEES (ROUTE DES);-20,89107;55,42121
202300006240;25;11;2023;05:10;3;30;30243;1;1;6;6;MOULIN (AVENUE J.);44,05901;4,09149
202300006241;2;5;2023;18:47;1;89;89350;1;1;1;2;autoroute A6 sens Lyon vers Paris;48,016238;3,144107
202300006242;23;3;2023;10:00;1;75;75109;2;2;1;3;RUE DE ROCHECHOUART;48,878424;2,345115
202300006243;2;5;2023;12:45;1;3;3104;1;1;1;6;D156;46,330187;2,802882
202300006244;11;7;2023;06:55;1;973;97302;2;9;1;2;FLAMBOYANTS (RUE DES);4,92460159;-52,31781185
202300006245;2;5;2023;13:15;1;38;38468;2;2;1;7;Route de Chanas;45,336498;4,815059
202300006246;25;11;2023;19:35;5;27;27375;2;3;1;3;PARIS (CHAUSSEE DE);49,20691;1,18803
202300006247;22;3;2023;17:00;1;94;94081;2;1;8;2;Avenue Rouget de Lisle;48,78390329;2,39337373
202300006248;11;7;2023;00:15;3;973;97302;2;1;2;1;TROUBIRAN (CHEMIN DE);4,93277168;-52,29674846
202300006249;3;5;2023;14:50;1;7;7268;1;1;1;7;RD290;44,301862;4,594517
202300006250;22;3;2023;13:45;1;94;94068;2;2;1;3;28 Avenue des Falonnières;48,78627;2,50367
202300006251;25;11;2023;09:30;1;22;22278;2;1;7;2;TREGUEUX (DE);48,50019;-2,75691
202300006252;11;7;2023;04:00;5;69;69387;2;3;1;1;Avenue Tony Garnier;45,72983;4,82379
202300006253;22;3;2023;00:40;5;94;94052;2;2;1;3;Boulevard Albert 1er;48,83554;2,49386
202300006254;25;4;2023;19:40;1;33;33312;2;3;8;3;Rue de Landegrand;44,960304;-0,620974
202300006255;11;7;2023;01:35;5;972;97209;2;1;2;6;SOLEIL LEVANT (BOULEVARD DU);14,62378;-61,03898
202300006256;25;11;2023;19:30;5;14;14715;2;1;1;2;Route d'Aguesseau;49,37249;0,12358
202300006257;11;7;2023;21:45;4;2B;2B033;1;1;1;6;11 - RT;42,66295;9,44204
202300006258;25;11;2023;02:40;5;13;13071;2;1;1;7;RD 543;43,41951;5,36686
202300006259;5;6;2023;18:00;1;91;91201;2;3;1;6;BD HENRI BARBUSSE;48,66478;2,41955
202300006260;22;3;2023;19:08;5;94;94046;2;1;2;6;18 Avenue de la Liberté;48,796121;2,431231
202300006261;6;6;2023;11:40;1;91;91421;2;1;1;7;GARENNE (RUE DE LA);48,70047;2,4476
202300006262;23;3;2023;13:30;1;94;94011;2;1;1;6;Chemin de la Pompadour;48,76574;2,47619
202300006263;19;10;2023;19:40;5;13;13056;2;1;2;3;RAYETTES;43,41218;5,04337
202300006264;10;7;2023;16:50;1;971;97113;1;1;1;4;GRAND BAIE ( RN4);16,21921;-61,51526
202300006265;4;6;2023;22:00;2;91;91027;2;1;1;3;AV FRANCOIS MITTERRAND;48,70194;2,37183
202300006266;23;3;2023;12:20;1;94;94022;2;3;1;3;Avenue Léon Gourdault;48,7624;2,4067
202300006267;11;7;2023;18:45;1;2A;2A004;2;1;1;6;GRANDVAL COURS PAIR;41,91810263;8,73362929
202300006268;25;11;2023;23:30;5;13;13208;2;1;1;2;PARADIS (RUE);43,27133;5,38613
202300006269;4;6;2023;12:00;1;91;91479;2;1;7;6;PL HENRI BARBUSSE;48,71358;2,36314
202300006270;10;7;2023;18:45;1;2A;2A004;2;1;1;3;MEZZAVIA ROUTE DE;41,95199;8,77819
202300006271;25;11;2023;09:30;1;13;13005;2;1;1;1;GOUMS (AVENUE DES);43,29281;5,5634
202300006272;23;3;2023;13:15;1;94;94069;2;6;1;2;Rue du Maréchal Leclerc;48,81499;2,4615
202300006273;29;5;2023;00:15;5;91;91174;2;3;1;7;AV DU 8 MAI 1945;48,61091;2,45329
202300006274;11;7;2023;17:00;1;91;91692;2;1;1;6;CHAMPS LASNIERS (AVENUE);48,68683;2,16853
202300006275;24;11;2023;15:15;1;6;6159;1;1;1;1;CONDAMINE (AVENUE DE LA);43,7215977;7,3342304
202300006276;23;3;2023;19:00;4;93;93071;2;1;2;3;Boulevard Westinghouse;48,926927;2,520054
202300006277;5;6;2023;07:50;1;91;91223;2;1;7;1;PASTEUR (BOULEVARD);48,42881;2,1418
202300006278;23;3;2023;12:30;1;93;93070;2;9;1;2;Rue du Landy Prolongée;48,91791438;2,33060762
202300006279;10;7;2023;19:50;1;91;91477;2;2;1;6;PASTEUR (RUE);48,71535;2,24841
202300006280;1;11;2023;18:30;5;5;5061;2;5;2;3;TRAUNSTEIN (AVENUE DE);44,54249;6,05951
202300006281;21;3;2023;12:20;1;93;93053;2;9;1;1;Rue de Brément;48,88750224;2,46488422
202300006282;25;11;2023;15:00;1;4;4070;2;1;7;6;TAMPINET (PL. DU);44,091521;6,231373
202300006283;10;7;2023;12:45;1;91;91657;2;3;1;3;RUE DE LA LONGUERAIE;48,715859;2,436731
202300006284;2;6;2023;19:10;1;89;89024;2;2;1;3;JOFFRE (AVENUE);47,79838;3,55651
202300006285;23;3;2023;23:05;5;93;93048;2;3;2;1;Rue de Rosny / Rue Saint Antoine;48,865013;2,453648
202300006286;6;7;2023;14:11;1;87;87085;2;3;1;3;PERRIN (RUE FRANCOIS);45,82674;1,23806
202300006287;24;11;2023;23:00;5;75;75112;2;1;1;2;BD PERIPHERIQUE EXTERIEUR;48,831344;2,404078
202300006288;4;6;2023;01:00;5;88;88209;2;2;1;3;MOSELLE (RUE DE LA);48,19338;6,44157
202300006289;17;3;2023;19:30;5;93;93032;2;1;2;6;Avenue Jean Jaurès;48,88329579;2,52826765
202300006290;10;7;2023;10:35;1;84;84007;2;2;1;6;C.De GAULLE (Rocade);43,93102;4,82563
202300006291;3;6;2023;13:54;1;87;87085;2;1;1;2;BEAUBREUIL (PLACE DE);45,88029;1,29437
202300006292;23;3;2023;07:50;1;93;93031;2;1;1;1;Avenue Jean Jaurès;48,95411;2,31717
202300006293;11;7;2023;08:25;1;83;83137;2;1;1;6;INFANTERIE DE MARINE (AVE D');43,11752;5,9359
202300006294;23;11;2023;18:50;5;75;75117;2;1;1;5;PORTE DE CLICHY;48,895031;2,306589
202300006295;22;3;2023;16:05;1;93;93010;2;1;1;2;Avenue Galliéni;48,906622;2,485638
202300006296;11;7;2023;18:50;1;83;83126;2;1;1;1;PACHA (CORNICHE MICHEL);43,09313;5,90691
202300006297;3;6;2023;01:57;5;87;87085;2;2;1;3;DUMAS (AVENUE GEORGES);45,82603;1,26801
202300006298;11;7;2023;09:30;1;83;83009;2;1;1;1;LIBERATION (AVENUE DE LA);43,138735;5,765282
202300006299;23;3;2023;07:00;2;93;93008;2;3;2;6;Chemin des Vignes / Rue Benoit Frachon;48,90056188;2,42881932
202300006300;2;6;2023;15:46;1;87;87085;1;1;1;4;AUTOROUTE A20;45,85079;1,27624
202300006301;23;11;2023;10:24;1;75;75114;2;7;1;6;AVENUE DU GENERAL LECLERC;48,82802;2,326949
202300006302;23;3;2023;19:00;2;93;93005;2;1;2;2;Boulevard Marc Chagall;48,952608;2,497517
202300006303;7;7;2023;11:20;1;83;83123;2;1;1;6;HUIDE (CHEMIN DE) N° IMPAIRS;43,125405;5,801215
202300006304;3;6;2023;06:25;2;86;86194;2;1;1;2;Boulevard Chasseigne;46,589393;0,346798
202300006305;25;11;2023;16:00;1;75;75105;2;2;8;6;BOULEVARD SAINT MICHEL;48,850621;2,342812
202300006306;23;3;2023;09:55;1;92;92040;2;1;1;3;PDT ROOSEVELT (QUAI DU);48,83165;2,26239
202300006307;11;7;2023;11:00;1;83;83061;2;1;1;1;RUE DU DOCTEUR LOUIS TURCAN;43,43358309;6,73921466
202300006308;6;6;2023;15:20;1;83;83137;2;3;1;3;BRUNET (AVE DE);43,13003;5,96245
202300006309;23;3;2023;08:02;1;92;92026;2;1;2;6;SAINT DENIS BD (120 A 174 / 199 A 315);48,89791657;2,26342571
202300006310;6;6;2023;08:30;1;83;83069;2;1;1;6;STRASBOURG (COURS DE);43,12183006;6,13105729
202300006311;25;11;2023;07:48;2;75;75120;2;2;1;3;AVENUE DE LA PORTE DE MONTREUIL;48,853529;2,410791
202300006312;11;7;2023;17:45;1;81;81018;1;1;1;1;RD 100;43,96477;2,24111
202300006313;23;3;2023;07:50;1;92;92012;2;1;8;6;JEAN BAPTISTE CLEMENT (AVENUE) 49/FIN -;48,84237;2,23067
202300006314;25;11;2023;14:15;1;75;75115;2;1;1;6;BOULEVARD DE GRENELLE;48,853635;2,289881
202300006315;5;6;2023;17:30;1;83;83061;1;1;2;1;D8;43,4222;6,70532
202300006316;20;1;2023;13:00;1;51;51531;1;1;4;7;D216;48,7715045;4,90179598
202300006317;11;7;2023;14:00;1;79;79329;2;2;1;3;N/A;46,98083;-0,2142
202300006318;25;11;2023;07:00;5;75;75115;2;7;1;6;PLACE D ALLERAY;48,836278;2,306511
202300006319;6;6;2023;18:20;1;78;78502;2;1;1;3;SAINT GERMAIN (AVENUE DE);48,88032;2,10862
202300006320;15;3;2023;13:00;1;91;91235;2;2;1;3;Av du Dr Louis Francois Fichez;48,639291;2,361892
202300006321;5;6;2023;15:49;1;78;78029;2;4;1;3;PLATEAU (RUE DU);48,96007;1,85959
202300006322;24;11;2023;02:15;5;75;75115;2;2;1;3;RUE DE LA CONVENTION;48,83724;2,296414
202300006323;20;3;2023;15:39;1;6;6161;2;1;1;3;2040 Route Départementale 6007;43,631486;7,1346
202300006324;11;7;2023;16:25;1;77;77143;2;2;7;7;D330;48,97549;2,86545
202300006325;11;7;2023;19:30;1;76;76484;2;3;1;6;Rue Emile Zola;49,346607;1,096
202300006326;24;11;2023;23:10;5;75;75114;2;2;1;2;BOULEVARD BRUNE;48,824651;2,319576
202300006327;20;1;2023;15:00;1;974;97412;1;1;1;6;Rue de la Passerelle;-21,375191;55,649657
202300006328;6;6;2023;09:35;1;77;77468;2;1;7;6;EGLISE (PLACE DE L');48,85027;2,65322
202300006329;11;7;2023;10:15;1;69;69029;2;3;1;3;Boulevard Pinel;45,73512;4,88987
202300006330;17;1;2023;19:00;3;972;97210;1;1;1;1;croix mission;14,606456;-60,894781
202300006331;25;11;2023;18:10;5;75;75113;2;3;1;3;BOULEVARD KELLERMANN;48,820006;2,34709
202300006332;6;6;2023;08:05;1;77;77482;2;2;1;3;VC;48,37598;2,94481
202300006333;24;2;2023;08:30;1;86;86254;1;1;1;7;D729;46,391086;0,85134697
202300006334;10;7;2023;16:15;1;69;69091;2;1;1;3;Place Port du Bief;45,58073;4,77872
202300006335;11;7;2023;18:50;1;67;67482;2;8;1;6;COLMAR (AVENUE DE);48,5533;7,74434
202300006336;25;11;2023;15:07;1;75;75113;2;2;1;3;RUE DE TOLBIAC;48,825989;2,35365
202300006337;23;3;2023;22:20;3;14;14475;1;1;3;6;A84;49,11841019;-0,5780297
202300006338;5;6;2023;09:55;1;77;77255;1;8;1;3;VC GARE  (AVENUE DE LA );48,50945;2,67944
202300006339;8;4;2023;10:00;1;74;74210;1;2;1;3;D35_;46,297122;6,453186
202300006340;11;7;2023;07:30;1;67;67204;2;6;7;3;STADE (RUE DU);48,6264;7,7697
202300006341;23;3;2023;15:30;1;80;80792;1;4;1;1;6 Rue du Chateau d?Eau;50,071321;2,331352
202300006342;7;12;2023;14:40;1;74;74012;2;7;1;6;MARCHES (PLACE DES);46,1913;6,2356
202300006343;6;6;2023;07:30;1;77;77014;2;1;1;3;GARE (PLACE DE LA);48,4159;2,72571
202300006344;25;11;2023;11:36;1;75;75113;2;5;1;3;RUE BOBILLOT;48,825811;2,350362
202300006345;24;3;2023;13:26;1;71;71585;1;1;2;6;D19;46,842864;4,852653
202300006346;10;7;2023;18:55;1;67;67482;2;1;1;3;LONDRES (RUE DE);48,5785;7,77308
202300006347;6;6;2023;23:02;5;76;76540;2;2;1;1;Rue Henri Dunant;49,46076;1,13549
202300006348;8;7;2023;07:42;1;66;66136;2;1;1;2;N/A;42,66218;2,92157
202300006349;14;3;2023;21:15;3;89;89074;2;1;1;3;10 Rue du Vau;48,31733;3,13192
202300006350;25;11;2023;02:00;5;75;75112;2;4;1;1;AVENUE DU TREMBLAY;48,834062;2,454936
202300006351;26;10;2023;19:15;5;50;50341;2;3;1;3;D974;49,487712;-1,381413
202300006352;4;6;2023;11:45;1;76;76540;2;1;1;2;Route de Neufchâtel;49,4526;1,09977
202300006353;7;7;2023;09:28;1;66;66136;2;3;1;3;N/A;42,69116;2,88189
202300006354;24;11;2023;17:50;5;75;75110;2;2;1;6;RUE DU FAUBOURG SAINT MARTIN;48,871763;2,357184
202300006355;10;7;2023;06:10;2;64;64483;2;3;1;2;RD810;43,4017;-1,63696
202300006356;29;11;2023;11:40;1;971;97118;1;1;1;2;N1;16,178037;-61,594934
202300006357;5;6;2023;18:05;1;76;76351;2;4;1;2;AUGUSTE BLANQUI (PONT);49,50047;0,16248
202300006358;24;3;2023;05:15;3;68;68291;1;1;2;6;D8;47,843579;7,477398
202300006359;11;7;2023;22:25;5;64;64102;2;6;2;3;COMPAGNET (GIRATOIRE DE);43,46041;-1,49551
202300006360;24;11;2023;22:10;5;75;75110;2;3;1;4;RUE LA FAYETTE;48,880616;2,361999
202300006361;23;3;2023;15:17;1;25;25532;1;1;8;6;RN57;47,206392;6,123376
202300006362;5;6;2023;18:30;1;76;76351;2;3;1;6;PIERRE FARCIS;49,51712;0,09783
202300006363;31;1;2023;13:50;1;64;64284;2;2;1;3;VALLEES DES;43,29298;-0,38668
202300006364;24;3;2023;00:59;3;29;29170;1;1;2;6;Route de Pont l'Abbe;47,945611;-4,171841
202300006365;11;7;2023;20:43;1;64;64102;2;1;1;6;SALA (QUAI AMIRAL ANTOINE);43,49559;-1,47149
202300006366;24;11;2023;21:50;5;75;75104;2;1;1;2;QUAI HENRI IV;48,847725;2,36432
202300006367;3;6;2023;02:50;5;76;76351;2;1;1;2;REPUBLIQUE (COURS DE LA);49,49123;0,12111
202300006368;22;3;2023;17:30;2;38;38547;1;1;1;7;Avenue des Papeteries;45,241045;5,895587
202300006369;10;7;2023;19:30;1;63;63300;1;3;1;3;RD224 /chemin de Mariol;45,88876;3,16372
202300006370;2;6;2023;15:35;1;76;76351;2;1;1;7;JULES LECESNE (RUE);49,49265133;0,11739492
202300006371;25;11;2023;12:40;1;75;75103;2;4;1;6;RUE SAINT MARTIN;48,869004;2,35562
202300006372;24;3;2023;08:00;1;3;3103;2;1;2;6;21 Place de la République;46,350534;3,793888
202300006373;20;10;2023;11:35;1;38;38318;1;1;1;5;LAVERLOCHERE(RUE);45,52083;4,92007
202300006374;24;3;2023;03:30;3;1;1230;1;1;1;6;D975;46,436633;5,093172
202300006375;4;7;2023;22:30;3;59;59369;1;1;2;6;RD 40;50,307549;3,470316
202300006376;2;6;2023;20:20;2;76;76351;2;2;1;4;LENINGRAD (BD DE);49,49707;0,15077
202300006377;25;11;2023;19:45;5;94;94080;2;2;1;3;Rue de Fontenay;48,84822;2,4371
202300006378;20;1;2023;02:00;3;58;58278;1;1;1;6;D13;46,967331;3,17507
202300006379;3;10;2023;10:22;1;38;38544;2;1;7;6;JEAN MOULIN(RUE);45,51032;4,8564
202300006380;10;7;2023;17:10;1;59;59279;2;1;1;1;LEMIRE (RUE DE L'ABBE);50,78547;3,1399
202300006381;25;11;2023;14:45;1;94;94042;2;1;1;3;Rue Charles Pathe;48,820013;2,471466
202300006382;24;3;2023;07:45;2;66;66098;2;1;1;1;20 Rue de la Quillane;42,527784;2,122679
202300006383;3;6;2023;23:30;5;76;76447;2;1;1;2;MARECHAL FOCH;49,5327;0,18912
202300006384;23;9;2023;10:20;1;38;38544;1;1;1;5;CD 41;45,52173;4,90531
202300006385;24;11;2023;18:20;5;94;94046;2;1;1;6;Rue de Mesly;48,797144;2,440909
202300006386;10;7;2023;07:04;1;59;59512;2;2;1;3;ARMENTIERES (BOULEVARD D');50,70015;3,16132
202300006387;23;3;2023;15:30;1;54;54135;1;1;2;6;D4;48,529968;5,884976
202300006388;30;5;2023;14:30;1;76;76351;2;2;1;6;GUSTAVE BRINDEAU (RUE);49,49354;0,13901
202300006389;20;9;2023;18:03;2;38;38544;2;3;1;3;JEAN MOULIN(RUE);45,50818;4,85966
202300006390;11;7;2023;08:00;1;59;59328;2;6;1;3;ALLIANCE NORD OUEST BVD DE L;50,65650308;3,014642
202300006391;3;6;2023;20:30;1;76;76351;2;9;1;3;VERDUN (RUE DE);49,50223;0,15802
202300006392;24;3;2023;15:50;1;54;54312;1;1;1;6;RD 910 ;48,924188;6,096158
202300006393;25;11;2023;09:55;1;94;94041;2;5;1;3;Boulevard Paul Vaillant Couturier;48,81662938;2,39962703
202300006394;16;9;2023;15:53;1;38;38544;2;1;8;6;BRILLIER(COUR);45,52165;4,87314
202300006395;6;7;2023;16:00;1;59;59350;2;7;1;2;Avenue Le Corbusier;50,63761;3,0715
202300006396;5;6;2023;20:30;1;74;74298;2;1;1;6;MAIRIE (PLACE DE LA );46,174487;6,257501
202300006397;4;8;2023;18:05;2;38;38544;2;1;1;6;ST MARCEL(MONTEE);45,5188;4,88
202300006398;24;3;2023;14:00;1;50;50453;1;2;8;3;Rue des Etangs;48,817262;-1,196651
202300006399;10;7;2023;16:05;1;59;59476;2;1;7;3;PARIS (ROUTE DE);50,15662221;3,22314084
202300006400;4;12;2023;08:38;1;74;74305;2;1;1;6;VOIRONS (RUE DES);46,20104;6,26195
202300006401;25;11;2023;00:10;5;94;94038;2;3;1;3;Avenue Henri Barbusse;48,78334;2,32805
202300006402;21;3;2023;08:30;1;60;60686;1;1;1;2;D92;49,20502227;2,38538303
202300006403;5;6;2023;22:12;5;72;72181;2;1;1;7;NEGRIER GENERAL (BD) N° IMP;48,0102;0,20691
202300006404;11;7;2023;07:30;1;51;51454;2;1;7;6;WITRY (ROUTE DE);49,2651;4,06036
202300006405;25;11;2023;03:55;5;94;94077;2;1;1;6;Avenue de la République;48,73111364;2,42209241
202300006406;3;12;2023;10:10;1;74;74010;2;1;1;6;FINS (SECTEUR 410);45,91936;6,12117
202300006407;25;11;2023;03:30;5;94;94018;2;1;1;6;Av du Mal de Lattre de Tassigny;48,822919;2,419804
202300006408;5;6;2023;15:10;1;72;72181;2;9;1;3;ANGEVINIERE (RUE DE L');47,98306;0,17338
202300006409;10;7;2023;19:52;1;51;51454;2;1;1;2;CHALONS (ROUTE DE) RN 44;49,236193;4,071901
202300006410;3;6;2023;16:35;1;72;72181;1;1;1;2;PATTON GENERAL RTE ST-AUBIN A AV RUBILLA;48,03102741;0,17897844
202300006411;24;3;2023;06:20;3;64;64211;1;2;1;6;42;43,289741;-0,129679
202300006412;25;11;2023;06:40;5;93;93059;2;1;1;1;Avenue Laënnec;48,962202;2,371651
202300006413;8;7;2023;18:33;1;49;49007;2;3;1;3;ARAGON AVENUE;47,47255;-0,56585
202300006414;5;6;2023;12:40;1;71;71076;2;1;1;3;RICHARD (RUE ANTONIN);46,7937;4,8375
202300006415;30;11;2023;18:20;5;56;56260;2;2;1;3;RESISTANCE(BLD DE LA) 4 A DDASS;47,64623;-2,78005
202300006416;6;7;2023;19:50;1;48;48095;2;1;1;7;GORGES DU TARN (AVENUE DES);44,511676;3,471113
202300006417;24;11;2023;21:40;5;93;93051;2;3;1;6;Rue de la République / Rue de la Comédie;48,8462;2,55217
202300006418;14;3;2023;15:15;1;36;36064;1;2;1;3;N/A;46,829616;1,811795
202300006419;6;6;2023;19:50;1;69;69282;2;1;1;6;8 Rue du 8 Mai 1945;45,76986;5,00171
202300006420;24;3;2023;02:58;3;7;7204;2;1;1;6;lotissement lichessol;44,983621;4,428874
202300006421;11;7;2023;19:00;1;44;44109;2;1;1;1;14 Rue de la Bottière;47,237981;-1,5223467
202300006422;24;11;2023;16:45;2;93;93033;2;7;1;3;Place Churchill / Rue Henri Guèrin;48,85908;2,58139
202300006423;23;3;2023;22:30;3;24;24526;1;1;2;7;Bois Quatre Routes du Breu;45,377924;1,181647
202300006424;6;6;2023;16:24;1;69;69266;2;6;1;3;Cours André Philip;45,77237035;4,86590666
202300006425;20;10;2023;06:35;5;94;94028;2;1;2;6;Place des Alizes;48,77024;2,46137
202300006426;10;7;2023;15:20;1;42;42207;2;2;1;3;Rue Victor Hugo;45,47435;4,51421
202300006427;25;11;2023;18:30;5;93;93032;2;1;8;2;Rue Contant;48,88668;2,53306
202300006428;18;1;2023;01:10;3;85;85273;1;9;8;6;RD948;46,88887;-1,97546
202300006429;6;7;2023;11:16;1;83;83019;1;1;1;7;N/A;43,15038105;6,30673447
202300006430;27;12;2023;15:55;1;65;65083;2;1;1;7;N/A;43,1651224;0,1101704
202300006431;25;11;2023;19:35;5;93;93031;2;3;1;3;Avenue de la République / Rue Henri Dunant;48,95163;2,32086
202300006432;19;3;2023;15:30;1;17;17466;1;9;1;3;N11;46,213887;-0,990309
202300006433;5;6;2023;08:15;1;67;67482;2;3;1;3;LEBLOIS (BOULEVARD);48,5822;7,7714
202300006434;10;7;2023;16:45;1;37;37208;2;1;1;1;GRAND COUR (RUE DE);47,36296;0,71552
202300006435;16;9;2023;14:15;-1;65;65239;1;1;-1;7;RD 26 Route du Col de Coupe;43,03030481;0,34006161
202300006436;22;3;2023;12:10;1;87;87041;1;1;1;1;D44;46,147298;1,290572
202300006437;4;6;2023;14:30;1;67;67482;2;1;1;3;CHEMIN DE FER (RUE DU);48,58693;7,71064
202300006438;25;11;2023;14:25;1;93;93029;2;1;1;2;Avenue Henri Barbusse;48,919543;2,450845
202300006439;18;1;2023;06:35;3;35;35210;1;1;8;6;N/A;48,143454;-1,778883
202300006440;10;10;2023;08:00;1;69;69264;2;2;1;5;Rue Loyson de Chastelus;45,98661;4,72497
202300006441;4;6;2023;00:45;5;67;67482;2;1;1;2;DOUBS (RUE DU);48,55534;7,73354
202300006442;25;11;2023;08:20;1;93;93029;2;1;1;3;Avenue Henri Barbusse;48,9228;2,45761
202300006443;11;7;2023;17:10;1;35;35238;1;1;1;4;RN136;48,14214;-1,65598
202300006444;24;3;2023;17:40;2;6;6067;1;1;1;1;Tunnel de la Coupière - A8 - PK 216.300;43,77757;7,449052
202300006445;24;10;2023;09:30;1;75;75107;2;4;8;3;RUE DU BAC;48,856615;2,326864
202300006446;4;6;2023;19:20;1;67;67482;2;3;1;3;LA FONTAINE (BOULEVARD);48,58882;7,70648
202300006447;25;11;2023;19:50;5;93;93030;2;1;1;2;Avenue du Général de Gaulle;48,94796;2,414
202300006448;24;3;2023;13:00;1;69;69026;1;1;8;1;14 Route de Fontmartin;45,894728;4,595525
202300006449;11;7;2023;19:35;2;33;33192;2;2;1;1;Rue du Marais;44,77469;-0,5972
202300006450;30;12;2023;23:25;3;49;49301;1;1;1;1;D158;47,09133959;-1,03498469
202300006451;2;6;2023;08:21;1;66;66172;1;1;1;2;;42,70068;2,86473
202300006452;25;11;2023;10:45;1;93;93008;2;2;1;6;Avenue Louis Aragon / Rue de la Paix;48,91491;2,4409
202300006453;28;2;2023;08:27;1;76;76484;1;1;1;2;A13;49,341237;1,065985
202300006454;11;7;2023;10:35;1;33;33550;2;2;1;2;Avenue des Pyrénées;44,76222;-0,55885
202300006455;29;10;2023;14:00;1;14;14715;2;1;1;6;19 Route de Honfleur;49,377788;0,097028
202300006456;21;3;2023;17:50;1;971;97125;2;1;1;6;avenue de l'europe;16,274237;-61,267898
202300006457;1;6;2023;17:07;1;66;66136;2;1;1;2;;42,70192;2,89572
202300006458;24;11;2023;17:45;5;93;93005;2;2;1;3;Route de Mitry / Allee du Docteur Claude Bernard;48,950341;2,523214
202300006459;25;11;2023;05:55;5;84;84035;1;1;1;2;DUNANT (AVENUE HENRY);43,81511;5,04447
202300006460;10;7;2023;20:27;2;33;33522;2;3;7;3;Rue François Rabelais;44,79711424;-0,59859931
202300006461;1;6;2023;10:33;1;66;66136;2;1;1;6;;42,69424;2,88971
202300006462;19;3;2023;16:10;1;978;97801;2;1;1;3;rue low town SAINT JAMES;18,063154;-63,086763
202300006463;25;11;2023;03:56;5;92;92040;2;1;1;7;VICTOR CRESSON (AVENUE) DU 02 AU 40;48,82245159;2,26729095
202300006464;27;12;2023;13:40;1;38;38301;1;2;7;3;D1075;44,797229;5,63574
202300006465;6;6;2023;18:25;1;64;64189;2;1;7;3;GENERAL DE GAULLE (PONT DU);43,38499;-1,66395
202300006466;11;7;2023;10:25;1;31;31555;2;1;1;6;BD GABRIEL KOENIGS;43,595574;1,419573
202300006467;25;11;2023;12:25;1;92;92012;2;1;1;1;PIERRE GRENIER (AVENUE);48,83153;2,25272
202300006468;19;1;2023;18:10;5;77;77440;2;2;1;6;D603;48,947689;3,080771
202300006469;11;6;2023;23:10;3;14;14701;1;1;1;6;488 Chemin du Solier;49,33852;0,06075
202300006470;10;7;2023;11:15;1;30;30007;2;1;1;6;Avenue du Docteur Jean Goubert;44,14098;4,08987
202300006471;14;3;2023;17:00;1;34;34299;1;1;2;2;D37E11;43,284204;3,283088
202300006472;26;11;2023;15:30;1;9;9214;2;1;8;6;Chemin du Bord du Lez;42,964519;1,102758
202300006473;3;6;2023;12:55;1;64;64102;2;1;1;1;PLANTOUN (AVENUE);43,49563;-1,4566
202300006474;3;6;2023;05:30;2;14;14079;1;1;1;6;840 Route de Beaumont;49,315304;0,0206
202300006475;23;3;2023;07:45;1;25;25505;1;1;2;3;D25 PR20;47,487571;6,345763
202300006476;5;6;2023;07:34;1;60;60057;2;9;1;6;Boulevard Saint - André;49,43210046;2,08998692
202300006477;26;11;2023;18:53;5;30;30334;2;1;1;6;8 Avenue des Cévennes;44,015494;4,412672
202300006478;7;7;2023;19:25;1;30;30007;1;3;1;3;MONTEE DES CYPRES;44,099855;4,081161
202300006479;28;5;2023;04:15;5;14;14220;2;1;1;3;84 Avenue de la République;49,35908;0,07884
202300006480;20;1;2023;16:35;1;68;68323;1;1;1;2;lieu dit les sources d'appoline;47,681382;7,370206
202300006481;5;6;2023;16:25;1;59;59508;2;1;1;6;LATTE (RUE DE LA);50,75207442;3,12725723
202300006482;26;11;2023;06:19;3;30;30030;1;1;1;1;D981;44,060453;4,262213
202300006483;11;7;2023;08:45;1;29;29232;1;1;2;5;Avenue de Ty Bos;47,969308;-4,06323