Num_Acc;jour;mois;an;hrmn;lum;dep;com;agg;int;atm;col;adr;lat;long
202300006484;24;3;2023;17:10;1;73;73303;1;1;2;1;D1508;45,766434;6,365107
202300006485;28;11;2023;17:40;5;74;74298;2;6;1;3;EUROPE (AVENUE DE L');46,17716;6,24429
202300006486;6;6;2023;23:15;3;59;59527;2;1;1;1;FAURE FELIX RUE;50,66761;3,05703
202300006487;11;7;2023;13:00;1;28;28110;2;1;1;1;DU GORD;48,4206;1,48874
202300006488;25;11;2023;23:10;3;62;62583;1;9;1;7;Rue de Grincourt;50,168522;2,471173
202300006489;24;3;2023;05:00;5;73;73213;2;3;2;6;D1006 route de challes;45,571027;5,952466
202300006490;7;9;2023;10:59;1;93;93013;2;2;1;6;Avenue de la Division Leclerc / Avenue John Fitzgerald Kennedy;48,93771745;2,42860469
202300006491;11;7;2023;13:40;1;27;27701;1;1;1;2;RD6015;49,25224494;1,18420601
202300006492;5;6;2023;18:00;1;59;59350;2;2;1;1;CANONNIERS RUE DES 1:17-26:44;50,64002638;3,06931615
202300006493;23;3;2023;21:40;5;69;69121;2;9;1;6;Route du Pont de Dorieux;45,855758;4,678293
202300006494;25;11;2023;19:50;3;77;77162;1;1;1;1;D204;48,874641;3,194538
202300006495;22;3;2023;17:50;1;9;9066;1;1;1;6;Hameau de Cazals;42,938429;1,521851
202300006496;11;7;2023;17:25;1;25;25462;2;1;1;6;SALENGRO ROGER PLACE;46,90371;6,35231
202300006497;5;6;2023;13:00;1;59;59350;2;1;1;3;TURENNE RUE;50,628316;3,037495
202300006498;18;9;2023;12:00;1;29;29011;1;2;1;3;D26;48,43454417;-4,5011574
202300006499;25;11;2023;16:10;1;56;56205;1;3;1;2;D20, La Vache Enragée;47,557979;-2,695481
202300006500;10;7;2023;13:00;1;18;18033;1;1;1;3;Rue Nicephore Niepce;47,044514;2,345266
202300006501;22;3;2023;16:30;1;17;17095;1;3;8;3;D156e1;45,29940447;-0,26218995
202300006502;2;6;2023;09:30;1;59;59008;2;1;1;1;GASPARD (RUE);50,337111;3,246365
202300006503;18;12;2023;16:30;1;60;60612;2;1;2;6;Avenue de Compiègne;49,212058;2,593635
202300006504;5;6;2023;06:24;1;57;57757;2;1;1;2;Nations (Avenue);49,362564;6,198339
202300006505;23;3;2023;10:10;1;49;49021;2;7;1;6;Place Jeanne de Laval (Beaufort-en-Vallée);47,440131;-0,215982
202300006506;11;7;2023;05:25;5;17;17461;2;6;1;7;ROND-POINT DE BEAULIEU;45,661773;-1,060238
202300006507;24;3;2023;05:15;3;56;56041;1;1;9;6;Pontic Meïn;48,142301;-3,1114804
202300006508;5;6;2023;23:20;5;57;57480;2;1;1;7;CANAL (RUE DU );49,10746;6,15998
202300006509;25;11;2023;19:55;3;65;65033;1;1;5;6;chemin de lassere lieu dit ball trapp;43,07406942;0,0456487
202300006510;11;7;2023;23:45;5;13;13214;2;1;1;6;CAPITAINE GEZE (BOULEVARD);43,33146;5,37495
202300006511;23;3;2023;18:00;1;62;62560;1;1;3;1;D231;50,822496;1,723834
202300006512;25;11;2023;09:15;1;71;71263;2;1;8;7;Rue des Cours Béthy;46,65848;5,158688
202300006513;7;11;2023;08:20;1;13;13216;1;1;1;3;A55-Sens Martigues vers Marseille;43,36923768;5,32375514
202300006514;1;6;2023;14:27;1;57;57591;2;2;1;3;GARE (RUE DE LA);49,25632;6,09806
202300006515;23;3;2023;09:35;1;59;59256;1;1;1;5;M145;50,575375;3,116899
202300006516;26;12;2023;07:30;4;59;59507;1;1;2;7;AUTOROUTE A1;50,61256598;3,08782339
202300006517;10;7;2023;15:15;1;13;13047;2;1;1;3;JEAN JACQUES PRAT BOULEVARD;43,50842;4,98756
202300006518;26;11;2023;15:10;1;71;71359;1;1;1;3;d37 route de cuisery;46,541491;4,966625
202300006519;4;6;2023;10:43;1;57;57019;2;1;1;6;FERME (RUE DE LA VIEILLE);49,25929;6,13353
202300006520;26;9;2023;18:30;1;14;14110;1;6;1;6;Route de Varaville;49,257764;-0,10348
202300006521;23;3;2023;08:09;1;59;59071;2;2;2;5;Rue Nestor Longue Epee;50,48034;3,134639
202300006522;26;11;2023;12:30;1;63;63368;1;1;1;7;Route de Billom;45,69819353;3,31012918
202300006523;11;7;2023;23:00;3;13;13004;1;1;1;2;VC 113 DITE DE PALUN LONGUE;43,66502593;4,57061023
202300006524;22;11;2023;14:00;1;74;74256;2;1;1;6;Rue de savoie;45,944883;6,630769
202300006525;25;11;2023;16:40;1;63;63155;2;1;2;6;D997- lieu dit le pialoux;45,697604;3,435357
202300006526;5;6;2023;15:35;1;57;57660;2;1;1;2;NATIONALE(RUE)LIMITE FORBACH/RUE ST ALIC;49,197641;6,924769
202300006527;23;3;2023;10:00;1;13;13211;1;1;1;2;A50-Sens Marseille vers Aubagne;43,290203;5,448072
202300006528;10;7;2023;22:05;5;9;9225;2;3;1;3;TOULOUSE ROUTE DE;43,12334;1,61082
202300006529;26;11;2023;04:30;3;61;61081;1;1;1;6;D438;48,679152;0,207527
202300006530;6;6;2023;10:15;1;56;56121;2;1;1;6;SCORFF ( BD DU );47,76177;-3,36642
202300006531;17;11;2023;15:45;1;74;74058;2;1;8;1;Route des frasses;46,288611;6,807618
202300006532;6;6;2023;11:00;1;56;56121;2;1;1;6;Parking du supermarché GEANT;47,73402;-3,38381
202300006533;14;11;2023;00:26;5;74;74096;1;1;3;7;A41;46,016665;6,104279
202300006534;10;7;2023;12:40;1;7;7316;2;1;1;2;OLIVIER DE SERRES (AVENUE);44,88694;4,85134
202300006535;23;3;2023;06:15;2;13;13026;1;1;1;2;A55-Sens Marseille vers Martigues;43,392357;5,13105
202300006536;6;6;2023;08:14;1;56;56121;2;1;1;6;MARESCHAL ( RUE GEORGES );47,76386;-3,40093
202300006537;9;11;2023;19:00;5;74;74242;2;1;2;2;22 Route d?Annecy;45,833884;6,163778
202300006538;26;11;2023;12:09;1;42;42289;1;1;1;6;Route de Croizet-sur-Gand;45,93862945;4,2139712
202300006539;11;7;2023;16:35;1;6;6088;2;1;1;3;VOIE RAPIDE;43,692004;7,242551
202300006540;2;11;2023;19:00;3;74;74042;1;1;2;1;Route de geneve;46,087091;6,389751
202300006541;5;6;2023;08:20;2;56;56121;2;2;7;3;GUEMENE (RUE  DE );47,74603;-3,35633
202300006542;2;6;2023;18:34;1;56;56121;2;1;1;7;BOIS-DU-CHATEAU (RUE  DU );47,76409;-3,37916
202300006543;27;10;2023;20:00;3;74;74094;1;9;2;2;Route des chasseurs;46,20477;6,287098
202300006544;10;7;2023;16:45;1;6;6149;2;1;1;4;PENETRANTE DU PAILLON;43,73378;7,29686
202300006545;5;6;2023;22:39;5;54;54265;2;6;1;3;Allée de la Genelière;48,637951;6,184706
202300006546;16;6;2023;09:40;1;5;5061;2;1;1;3;EMILE FABRE (COURS  );44,56187;6,07764
202300006547;22;3;2023;15:40;1;13;13071;1;1;1;2;A55 - Sens Marseille vers Martigues;43,38036978;5,31581691
202300006548;18;10;2023;16:00;1;74;74269;1;3;1;3;D992;45,976446;5,838595
202300006549;5;6;2023;15:30;1;54;54274;2;2;1;3;MALGRANGE (AVENUE DE LA);48,66536779;6,19746655
202300006550;5;7;2023;12:15;1;5;5061;1;1;1;3;VEYNES ( ROUTE DE );44,54813116;6,03806686
202300006551;25;11;2023;21:10;3;47;47208;1;1;1;1;D933;44,225766;0,043795
202300006552;5;6;2023;12:05;1;54;54339;2;1;1;6;PASTEUR (RUE;48,709119;6,193446
202300006553;12;6;2023;08:00;1;5;5061;1;1;1;2;RN85;44,50913;6,04574
202300006554;15;10;2023;03:40;3;74;74233;1;1;1;6;A41;45,807657;5,982368
202300006555;6;6;2023;09:10;1;54;54261;2;3;1;3;Avenue de la Concorde;49,52343;5,79648
202300006556;12;10;2023;22:15;3;74;74212;2;1;1;7;749 Route de termine;46,026522;6,394486
202300006557;11;7;2023;17:30;1;3;3185;2;9;1;1;SEMARD ( RUE PIERRE );46,33171;2,60067
202300006558;23;3;2023;17:36;1;69;69382;1;1;1;3;Route de Métropole 7;45,74736;4,82965
202300006559;2;6;2023;13:15;1;52;52534;1;1;1;1;CLOS SAINT JEAN (CHEMIN DU);48,6562;4,91748
202300006560;3;12;2023;17:16;5;2;2691;2;1;2;6;58 Rue d'Isle;49,84369;3,29216
202300006561;10;7;2023;13:10;1;75;75106;2;2;1;6;RUE DE SEVRES;48,850235;2,324156
202300006562;15;10;2023;18:20;1;51;51660;2;2;1;3;rue du 08 mai 1918 et rue des marais;49,348056;4,219592
202300006563;5;6;2023;20:45;1;51;51454;2;1;1;6;BARTHOU (BOULEVARD LOUIS) IMPAIR;49,2341;4,03013
202300006564;21;3;2023;22:10;3;33;33162;1;1;1;6;ROCADE A 630;44,86419369;-0,65452337
202300006565;25;11;2023;14:59;1;86;86235;1;1;1;5;D741;46,39843;0,395881
202300006566;4;6;2023;17:20;1;51;51454;2;1;1;1;ADRIATIQUE  (RUE DE L');49,24998;4,06341
202300006567;20;10;2023;15:49;1;45;45208;2;1;1;3;95 Rue André Coquillet;47,9891104;2,73239994
202300006568;11;7;2023;16:21;1;75;75118;2;7;1;3;PLACE ALBERT KAHN;48,895643;2,346335
202300006569;26;11;2023;09:00;2;31;31430;1;1;5;6;route de gariouere;43,105092;0,594544
202300006570;19;3;2023;04:10;3;59;59143;1;1;1;6;AUTOROUTE A25;50,65298;2,91571
202300006571;25;11;2023;21:30;3;1;1245;1;1;2;6;RD 979;46,164332;5,370142
202300006572;4;6;2023;13:45;1;51;51454;2;2;1;3;SFAX (RUE DE);49,26795;4,05403
202300006573;11;7;2023;19:00;1;75;75118;2;1;1;6;RUE JEAN HENRI FABRE;48,901229;2,342683
202300006574;29;7;2023;08:15;1;35;35196;1;2;1;3;N/A;48,088168;-1,799312
202300006575;3;6;2023;20:10;1;51;51454;2;1;1;2;OSEILLE (RUE);49,24541;4,04141
202300006576;23;3;2023;17:45;1;91;91689;1;1;1;4;AUTOROUTE A6B;48,74166;2,32203
202300006577;11;7;2023;11:00;1;75;75118;2;1;1;2;RUE DE LA BARRIERE BLANCHE;48,889466;2,330392
202300006578;28;9;2023;09:40;1;22;22113;2;1;1;2;VIARMES (QUAI DE);48,73198;-3,46494
202300006579;24;11;2023;17:30;2;26;26345;1;1;1;3;Route de Ste-Cécile;44,278392;4,861622
202300006580;3;6;2023;18:20;1;51;51454;2;2;1;3;DANTON (RUE);49,27109;4,02485
202300006581;10;7;2023;21:45;5;75;75118;2;3;1;6;RUE MARX DORMOY;48,886835;2,359629
202300006582;23;3;2023;13:30;1;91;91340;1;1;1;4;AUTOROUTE A6;48,60277;2,438
202300006583;10;7;2023;13:00;1;75;75116;2;1;1;6;AVENUE DE LA GRANDE ARMEE;48,874458;2,292283
202300006584;23;3;2023;09:15;1;94;94076;1;1;1;3;A6B;48,79309594;2,34508279
202300006585;23;3;2023;07:55;2;91;91064;1;1;8;7;RN 118;48,75018;2,22139
202300006586;5;6;2023;10:35;1;49;49007;2;1;1;5;ATLANTIQUE  AVENUE DE L';47,4679;-0,56558
202300006587;25;11;2023;21:30;3;58;58245;1;1;1;6;RD979;46,757769;3,638062
202300006588;27;11;2023;21:52;5;74;74012;2;2;2;6;AMOUREUX (RUE DES);46,1904;6,2345
202300006589;23;3;2023;06:25;3;91;91286;1;1;2;2;AUTOROUTE A6;48,64795;2,38654
202300006590;25;11;2023;22:50;4;14;14174;2;1;1;6;31 Rue du Pont Cel;48,85681;-0,55726
202300006591;26;1;2023;17:15;2;91;91479;1;1;1;2;RTE DE FONTAINEBLEAU;48,72093;2,37066
202300006592;11;7;2023;10:50;1;75;75115;2;3;1;3;RUE DE LA CONVENTION;48,845659;2,277874
202300006593;23;3;2023;05:00;3;78;78423;1;1;1;6;A12 Y;48,784506;2,034096
202300006594;25;11;2023;18:35;3;18;18103;1;1;1;7;la Plaisance;47,104777;1,881602
202300006595;30;7;2023;06:00;2;75;75116;2;5;1;2;ALLEE DE LONGCHAMP;48,86369;2,240058
202300006596;26;11;2023;18:15;3;18;18224;1;1;1;7;Le Grand Briou;47,168738;2,929182
202300006597;22;3;2023;17:50;1;92;92025;1;1;1;5;A86;48,92648547;2,23549596
202300006598;5;6;2023;12:45;1;49;49007;1;1;1;2;ATLANTIQUE  AVENUE DE L';47,4693;-0,6004
202300006599;25;11;2023;10:30;1;7;7143;2;1;1;1;Rue d?Arcoules;45,36331;4,754559
202300006600;27;1;2023;01:40;5;59;59512;2;9;1;2;FOURMIES (BOULEVARD DE);50,67291;3,18662
202300006601;21;3;2023;09:45;1;78;78007;1;1;1;4;A13W;48,89827;2,00576
202300006602;7;12;2023;18:35;5;40;40279;2;1;2;6;SAINT-VINCENT DE PAUL (BD);43,7291;-1,0389
202300006603;26;11;2023;02:05;3;63;63035;1;1;1;6;autoroute A 71 PR 365+300;45,968013;3,099968
202300006604;23;3;2023;17:20;1;93;93066;1;1;1;4;AUTOROUTE A1;48,90719;2,35851
202300006605;11;7;2023;13:50;1;75;75109;2;2;1;6;RUE LE PELETIER;48,875887;2,339857
202300006606;23;3;2023;20:50;5;94;94028;2;3;2;3;Avenue Pierre Brossolette;48,78937;2,46545
202300006607;25;11;2023;23:10;3;63;63072;1;1;2;7;A89 - PK 447+500 - Sens LYON/CLERMONT-FERRAND;45,86955721;3,70821287
202300006608;23;3;2023;08:30;1;93;93008;1;1;1;3;AUTOROUTE A86;48,91000889;2,44512121
202300006609;24;10;2023;18:20;1;73;73225;2;1;1;1;D12 Route des goulettes;45,537571;5,950183
202300006610;26;11;2023;04:15;3;971;97112;1;1;1;6;Ducos;15,88977;-61,304129
202300006611;5;6;2023;06:55;1;49;49007;2;6;1;3;DE LATTRE DE TASSIGNY;47,44824;-0,5386
202300006612;22;3;2023;09:00;1;93;93007;1;1;2;3;AUTOROUTE A1;48,95422;2,45588
202300006613;20;2;2023;15:25;1;81;81311;2;1;1;7;N/A;43,74950504;2,19757944
202300006614;11;7;2023;00:15;5;75;75109;2;2;1;6;BOULEVARD DES CAPUCINES;48,869926;2,328001
202300006615;21;3;2023;22:00;3;95;95527;1;1;1;4; A1;48,99732912;2,5185583
202300006616;25;11;2023;18:00;5;971;97115;1;2;1;3;route nationale 2;16,267666;-61,649641
202300006617;4;6;2023;18:10;1;49;49246;2;6;1;3;CHAUVIN AVENUE;47,43347;-0,52971
202300006618;11;7;2023;00:51;5;75;75107;2;3;1;6;AVENUE DE LA BOURDONNAIS;48,855791;2,302996
202300006619;25;11;2023;22:32;3;977;97701;2;6;1;1;RT 209, Lieu dit Saint Jean;17,91723412;-62,85441399
202300006620;22;3;2023;07:00;1;94;94015;1;1;1;2;A4;48,82945356;2,52827231
202300006621;5;6;2023;10:36;1;47;47201;2;3;1;2;BENAZIE (RUE DE LA);44,19396;0,60707
202300006622;11;7;2023;15:10;1;75;75104;2;2;1;6;RUE SAINT ANTOINE;48,853742;2,365679
202300006623;5;6;2023;07:15;1;44;44109;2;1;7;6;Route de Paris;47,26023;-1,49927
202300006624;25;11;2023;10:35;1;977;97701;2;1;1;7;Route de Colombier;17,911255;-62,85244
202300006625;22;3;2023;10:20;1;54;54528;2;3;1;3;Rue de Verdun;48,6894;5,9006
202300006626;11;7;2023;09:45;1;75;75101;2;2;1;2;RUE DE RIVOLI;48,862747;2,33538
202300006627;5;6;2023;19:10;1;43;43157;2;1;8;7;Rue de la Ronzade;45,040549;3,879175
202300006628;21;11;2023;17:30;1;977;97701;2;1;1;1;RT209;17,904109;-62,84773
202300006629;22;3;2023;15:30;1;6;6029;2;1;1;6;HIBERT (BOULEVARD JEAN);43,54827;7,01008
202300006630;11;7;2023;18:30;1;94;94081;2;1;1;6;Impasse André Kommer;48,78288723;2,37676187
202300006631;8;5;2023;19:50;1;42;42218;2;2;2;3;Rue de la Chance;45,44039;4,40357
202300006632;11;7;2023;15:40;1;94;94081;2;1;1;6;GABRIEL PERI (R);48,78972796;2,40270406
202300006633;26;11;2023;01:05;3;33;33199;2;1;1;6;Domaine de la Forge;44,604661;-1,1058
202300006634;11;7;2023;09:40;1;94;94041;2;1;1;6;Bd Paul Vaillant Couturier;48,81797813;2,39818635
202300006635;5;6;2023;19:37;1;42;42187;2;6;1;3;Boulevard Baron du Marais;46,04354;4,06772
202300006636;13;10;2023;16:40;1;32;32013;2;3;1;6;GUYNEMER;43,64657;0,58062
202300006637;11;7;2023;08:10;1;94;94065;2;1;1;5;N186B;48,75378107;2,36232126
202300006638;5;6;2023;08:30;1;41;41018;2;3;1;1;BART (RUE JEAN);47,58934;1,30808
202300006639;22;3;2023;12:50;1;976;97611;2;1;1;6;doujani-Mouhindi Hassani (rue );-12,79529;45,21617
202300006640;11;10;2023;14:20;1;17;17449;2;1;1;6;ALSACE LORRAINE RUE;45,943068;-0,8895874
202300006641;11;7;2023;08:30;1;94;94011;2;9;1;1;Av. du Maréchal Leclerc;48,77315;2,49084
202300006642;26;11;2023;03:30;3;37;37091;1;1;5;6;135 rue de Chenonceaux;47,33680606;1,0088625
202300006643;5;6;2023;19:20;1;37;37233;2;1;7;3;FARGES (AVENUE YVES);47,38673;0,74512
202300006644;19;8;2023;01:10;4;14;14118;2;1;2;6;N814;49,1967;-0,39616
202300006645;22;12;2023;14:41;1;5;5061;2;1;7;2;FRANCOIS MITTERAND (AVENUE);44,54408;6,06138
202300006646;8;7;2023;03:55;5;94;94017;2;1;1;6;Boulevard de Stalingrad;48,82435;2,49603
202300006647;22;3;2023;13:15;1;974;97416;2;1;1;2;LEBLOND 2 (RUE MARIUS ET ARY);-21,33482;55,4639
202300006648;6;6;2023;19:30;1;35;35238;2;6;1;2;GAYEULLES (AVENUE DES);48,12714879;-1,65222734
202300006649;18;8;2023;03:10;3;13;13117;2;1;1;6;Boulevard des Tamaris;43,45033217;5,2308549
202300006650;27;12;2023;19:00;5;44;44172;1;6;3;3;N/A;47,235783;-1,482908
202300006651;11;7;2023;17:45;1;93;93078;2;6;7;2;Avenue Georges Clémenceau / Boulevard Robert Ballanger;48,9615;2,5551
202300006652;19;8;2023;16:30;1;13;13208;2;9;1;3;MAZARGUES (AVENUE DE);43,26306988;5,39291533
202300006653;6;6;2023;12:05;1;35;35238;2;2;1;3;DONELIERE (RUE DE LA);48,13062;-1,68455
202300006654;25;11;2023;16:19;2;37;37042;1;1;7;2;Crissay;47,20431159;0,08477859
202300006655;26;9;2023;16:55;1;25;25200;2;2;1;2;Route de Vesoul;47,331123;6,011667
202300006656;11;7;2023;17:50;1;93;93072;2;1;1;2;Avenue de Stalingrad;48,95179174;2,38825265
202300006657;22;11;2023;09:00;2;45;45234;2;1;1;6;Place du Martroi;47,90265;1,90356
202300006658;6;6;2023;08:50;1;35;35238;2;2;1;3;VITRE (BLD DE);48,11571;-1,64838
202300006659;11;7;2023;16:52;1;93;93070;2;1;1;2;Rue du Docteur Bauer;48,90799;2,34051
202300006660;25;11;2023;01:20;3;45;45137;1;1;1;6;D2152 PR 29 + 470;48,128594;2,19742
202300006661;19;8;2023;10:05;1;13;13213;2;3;1;3;ALBERT EINSTEIN (RUE);43,33710584;5,43532788
202300006662;5;6;2023;17:20;1;35;35238;2;1;1;6;NANTES (DE);48,09122;-1,69223
202300006663;1;10;2023;13:15;1;38;38185;2;3;1;3;LIBERATION ET DU GENERAL DE GAULLE (COUR;45,17773;5,71545
202300006664;20;3;2023;08:10;1;974;97411;2;1;1;3;RAMBAUD (LEOPOLD);-20,88641;55,4925
202300006665;11;7;2023;08:00;1;93;93070;2;1;1;3;Rue du Landy;48,91659223;2,33424484
202300006666;18;8;2023;10:00;1;13;13210;2;1;1;3;L ARMEE D AFRIQUE (CHEMIN DE L');43,28594713;5,41866879
202300006667;22;3;2023;12:45;1;974;97407;2;1;1;6;20 DECEMBRE 1948(AVENUE DU);-20,93781;55,29865
202300006668;5;6;2023;09:00;1;34;34301;2;1;1;3;21 Rue Montmorency;43,4065;3,69288
202300006669;11;7;2023;14:45;1;93;93053;2;3;1;6;Boulevard Michelet / Rue Condorcet;48,8887;2,45749
202300006670;24;11;2023;19:45;5;74;74305;2;3;2;6;COTES (CHEMIN DES);46,2052;6,2653
202300006671;28;6;2023;06:40;2;13;13215;2;1;1;3;PADOUANE (BD DE LA );43,3533;5,3659
202300006672;5;6;2023;15:40;1;34;34172;2;1;1;6;RM66;43,60743;3,9164
202300006673;22;3;2023;08:32;1;973;97302;2;1;1;6;VOLTAIRE(AVENUE);4,94170343;-52,32515359
202300006674;11;7;2023;13:17;1;93;93053;2;9;1;3;Boulevard Michelet;48,88993068;2,45867848
202300006675;21;3;2023;09:24;1;973;97302;2;6;1;6;MONTABO (ROUTE DE) 2;4,92722;-52,28985
202300006676;25;11;2023;23:20;3;13;13105;1;1;6;6;Chemin des Brayettes;43,747731;5,085994
202300006677;4;6;2023;16:55;1;34;34336;2;3;1;3;49 Rue Jean Laurès;43,31751;3,28035
202300006678;24;10;2023;14:30;1;13;13028;2;3;1;3;CARDINAL MAURIN (AVENUE );43,17128;5,60281
202300006679;17;8;2023;19:24;1;13;13211;2;6;1;2;VALENTINE (ROUTE DE LA);43,29004;5,47624
202300006680;11;7;2023;18:30;1;93;93048;2;2;1;6;Rue de Stalingrad / Rue Désiré Chevalier;48,85692108;2,44480401
202300006681;22;3;2023;18:20;1;69;69383;2;2;1;6;Rue de la Bannière;45,7533;4,8564
202300006682;15;10;2023;19:24;3;13;13033;1;1;6;7;D5;43,347355;5,183144
202300006683;24;11;2023;17:30;3;89;89257;2;7;2;6;Place Henri Dunant;47,963316;3,510849
202300006684;17;8;2023;15:45;1;13;13208;2;9;1;3;PIERRE GUERRE (ROND-POINT);43,2501;5,38886
202300006685;10;7;2023;22:35;5;93;93046;2;9;1;1;Av du Consul General Nordling;48,917212;2,53317905
202300006686;26;11;2023;04:40;3;89;89050;2;1;1;6;Rue du Seche Bouteille;47,927106;3,540906
202300006687;22;3;2023;17:30;1;69;69388;2;1;1;6;Avenue Berthelot;45,73948;4,8603
202300006688;5;6;2023;02:15;3;34;34003;2;6;1;3;1 Rond Point des Vignerons;43,30879;3,47679
202300006689;25;6;2023;11:45;1;22;22077;1;1;1;7;Le Maupas;48,534333;-2,47304
202300006690;17;8;2023;01:37;5;13;13215;2;2;1;3;MADRAGUE VILLE (RUE);43,3411;5,35189
202300006691;25;11;2023;23:15;3;38;38529;1;1;1;6;Route de Prémol;45,101884;5,847006
202300006692;22;3;2023;18:10;1;69;69388;2;1;1;1;27 Avenue Jean Mermoz;45,73541;4,87243
202300006693;23;11;2023;07:30;2;74;74118;2;1;8;3;DE GAULLE (RUE CHARLES);46,16563;6,18789
202300006694;10;7;2023;23:45;5;93;93007;2;2;1;3;Avenue Henri Barbusse / Rue Joseph Darriet;48,94198;2,46452
202300006695;6;6;2023;08:15;1;33;33249;2;1;1;3;Avenue de Paris;44,88515;-0,50821
202300006696;16;8;2023;20:40;2;13;13214;2;1;1;6;SIMON BOLIVAR (BOULEVARD);43,34443089;5,37820676
202300006697;22;3;2023;12:05;1;69;69387;2;7;1;6;8 Place Jean Macé;45,74565;4,84272
202300006698;23;11;2023;08:53;1;47;47001;2;6;1;6;1019 avenue de cahors;44,21393666;0,65104937
202300006699;25;11;2023;10:15;1;69;69206;1;1;1;1;Route Départementale 306;46,042616;4,71689
202300006700;5;6;2023;12:45;1;33;33318;2;1;1;6;Avenue du Maréchal Juin;44,79408;-0,62895
202300006701;16;8;2023;13:50;1;13;13210;2;9;1;1;CAPELETTE (AVENUE DE LA);43,27959;5,41061
202300006702;11;7;2023;19:00;1;93;93001;2;2;1;3;Avenue du Président Roosevelt / Rue Schaeffer;48,91705;2,37972
202300006703;22;3;2023;11:30;1;972;97209;2;1;1;2;BISHOP (Avenue Maurice);14,60903;-61,0557
202300006704;25;11;2023;23:02;3;31;31318;1;1;1;6;D10;43,224153;0,973932
202300006705;16;8;2023;12:20;1;13;13203;2;1;1;6;CAMILLE PELLETAN (AVENUE);43,30629;5,37327
202300006706;6;10;2023;10:20;1;13;13051;1;1;1;2;A7, PK 242+900 sens nord-sud;43,58653;5,201039
202300006707;22;3;2023;12:00;1;95;95019;2;1;2;6;Rue Jean Jaurès;48,98727;2,41956
202300006708;26;11;2023;14:00;1;40;40301;2;1;1;7;D72;43,65016;-1,134216
202300006709;10;7;2023;17:05;1;92;92050;2;1;1;2;JOFFRE MARECHAL AVENUE DU;48,88556036;2,19624585
202300006710;16;8;2023;12:15;1;13;13206;2;1;1;6;BRETEUIL (RUE);43,28598398;5,37756868
202300006711;5;6;2023;09:30;1;33;33039;2;2;1;3;Boulevard Jean-Jacques Bosc;44,8169523;-0,5485037
202300006712;16;8;2023;12:15;1;13;13214;2;1;1;2;LAVOISIER (BOULEVARD);43,33859018;5,368531
202300006713;25;10;2023;19:30;5;33;33449;2;1;2;6;Avenue Descartes;44,884907;-0,691763
202300006714;16;6;2023;00:59;5;92;92007;2;1;1;6;REPUBLIQUE AV. AUTRES N° ET METRO;48,81029;2,30207
202300006715;5;6;2023;11:40;1;33;33529;2;1;1;3;RD 1250 (Camicas - Sortie Dune);44,64744;-1,15803
202300006716;21;3;2023;17:50;1;91;91471;2;1;1;7;DUBREUIL (BOULEVARD);48,69839;2,18716
202300006717;29;12;2023;09:15;1;69;69286;1;1;2;3;Autoroute 46;45,84937;4,91135
202300006718;17;8;2023;14:25;1;13;13063;1;2;1;3;BELVAL CHEMIN DE;43,58263;5,03559
202300006719;11;7;2023;19:10;1;92;92026;2;2;1;3;COLOMBES;48,89883888;2,25665385
202300006720;21;3;2023;17:14;1;87;87085;2;2;1;7;LATTRE-DE-TASSIGNY (AVENUE DU MARECHAL);45,8256;1,27881
202300006721;25;11;2023;18:55;2;44;44026;1;1;1;5;Chemin de la Pintinière;47,301545;-1,47654
202300006722;6;6;2023;07:19;1;31;31555;2;1;1;1;ROSTAND (RUE EDMOND) DU 2AU 187;43,6440789;1,463947
202300006723;7;8;2023;09:00;1;10;10238;1;1;1;7;14 rue du lac;48,25684;4,338576
202300006724;16;8;2023;17:05;1;13;13047;2;2;1;3;ASPIC RUE DE L';43,50986069;4,99739332
202300006725;20;8;2023;09:00;1;44;44128;1;1;1;7;N/A;47,55680298;-1,94260729
202300006726;21;3;2023;15:08;1;87;87085;2;1;1;7;VANTEAUX (BOULEVARD DE);45,82139;1,24095
202300006727;11;7;2023;10:25;1;92;92026;2;1;1;3;VERDUN (DE 62 A FIN);48,90142398;2,25981966
202300006728;26;11;2023;11:20;1;35;35107;1;1;1;6;D26;48,25551152;-1,53031021
202300006729;6;6;2023;19:00;1;29;29232;1;1;1;3;Route de Rosporden;47,985934;-4,04400587
202300006730;21;12;2023;15:25;1;44;44069;2;1;-1;7;Route des Paludiers;47,333217;-2,46855
202300006731;11;7;2023;13:15;1;92;92012;2;1;1;7;VICTOR HUGO (AVENUE) DEBUT/47 BIS- DEBUT;48,83425105;2,24393874
202300006732;14;8;2023;17:00;1;13;13028;2;3;1;3;DULAC (AVENUE GUILLAUME);43,18678;5,60769
202300006733;6;6;2023;15:35;1;29;29232;2;6;1;6;Boulevard Louis le Guennec;47,9794;-4,09536
202300006734;25;11;2023;23:50;3;62;62235;1;1;1;6;D940;50,63746854;1,64443162
202300006735;21;3;2023;13:31;1;87;87085;2;2;1;3;SABLARD (AVENUE DE);45,82817;1,28218
202300006736;10;6;2023;13:15;1;92;92002;2;4;1;3;RAYMON ARON (AVENUE);48,7704888;2,31201857
202300006737;16;8;2023;11:15;1;13;13005;2;4;1;3;GOUMS (AVENUE DES);43,29305;5,56313
202300006738;24;11;2023;18:40;5;13;13213;1;1;1;3;A507 sens Marseille - Aubagne;43,32982403;5,40543437