Num_Acc;jour;mois;an;hrmn;lum;dep;com;agg;int;atm;col;adr;lat;long
202300006739;5;6;2023;20:20;1;28;28134;2;1;1;2;ROND POINT DES LIVRAINDIERES;48,74808;1,3511
202300006740;12;7;2023;11:02;1;2A;2A174;1;1;1;6;Bocca di Sorrù (Col de montagne);42,175653;8,860329
202300006741;18;8;2023;17:35;1;13;13001;2;9;1;3;ROI RENE (BD DU);43,52401114;5,45008597
202300006742;25;11;2023;17:00;2;91;91689;1;1;1;6;AUTOROUTE A6B;48,74112;2,32109
202300006743;21;12;2023;20:00;3;61;61348;1;3;1;3;D938;48,473234;0,546913
202300006744;11;7;2023;11:00;1;91;91340;1;1;1;3;9 Rue des Pyrénées;48,60711;2,431487
202300006745;5;6;2023;19:15;1;27;27229;2;3;1;1;Place de la République;49,025968;1,157093
202300006746;16;8;2023;19:42;1;10;10387;2;3;1;6;BLANQUI (RUE);48,306;4,05
202300006747;31;12;2023;16:00;1;59;59357;1;1;1;2;D649;50,289644;3,868873
202300006748;25;11;2023;11:25;1;91;91589;1;1;1;4;AUTOROUTE A6;48,6744;2,34235
202300006749;21;4;2023;15:00;1;41;41147;2;1;1;1;D764;47,504428;1,299074
202300006750;17;8;2023;21:50;5;9;9122;1;1;1;6;RD 919;42,985748;1,615567
202300006751;5;6;2023;17:15;1;27;27229;2;1;1;3;BECQUEREL (RUE HENRI);48,9962;1,14514
202300006752;12;7;2023;11:00;1;28;28073;1;9;1;6;Autoroute A11 dans le sens Paris vers Province au PK 047+000;48,485353;1,654998
202300006753;20;8;2023;05:30;5;7;7186;2;1;1;6;AUBENAS (ROUTE D');44,73205;4,58709
202300006754;11;8;2023;02:45;3;60;60480;1;1;1;2;A16 - PK 079.000;49,48864268;2,16607046
202300006755;22;3;2023;04:20;5;71;71076;2;1;1;6;PARIS (AVENUE DE);46,80248;4,84579
202300006756;16;8;2023;09:50;1;7;7281;1;1;1;7;TASSINI (AVENUE VICTOR);44,949;4,82806
202300006757;24;11;2023;20:30;3;91;91174;1;1;1;2;RN 104;48,62;2,46
202300006758;12;7;2023;16:15;1;83;83036;1;1;1;1;D559;43,1634463;6,50609084
202300006759;5;6;2023;16:00;1;27;27229;2;3;7;3;MARNIERE RIGA (RUE DE LA);49,01357;1,1655
202300006760;25;7;2023;09:35;1;60;60139;1;1;2;2;D1001;49,1647308;2,23180926
202300006761;22;3;2023;14:45;1;69;69290;2;9;1;3;261 Route de Grenoble;45,71815888;4,95117362
202300006762;19;8;2023;11:00;1;6;6088;2;1;1;6;PENETRANTE DU PAILLON;43,743687;7,306521
202300006763;11;7;2023;20:40;1;51;51147;1;1;1;7;D66;49,045594;4,506327
202300006764;24;11;2023;19:05;3;92;92036;1;1;1;3;A86;48,93512928;2,28395155
202300006765;5;8;2023;19:15;1;5;5061;2;3;1;3;JEAN JAURES ( AVENUE );44,54998792;6,06866688
202300006766;5;6;2023;16:20;1;26;26362;2;1;1;1;Rue de la Forêt;44,9214;4,90903
202300006767;19;8;2023;11:30;1;6;6088;2;1;1;6;DABRAY (RUE ET IMP.);43,7072;7,25688
202300006768;21;3;2023;15:50;1;67;67447;2;1;2;3;NOYER (RUE DU);48,60403;7,72365
202300006769;11;7;2023;13:00;1;72;72124;1;1;1;6;Départementale 110;47,813587;0,272212
202300006770;25;11;2023;02:40;3;92;92036;1;1;1;2;A86;48,93480505;2,28150149
202300006771;18;8;2023;19:20;1;6;6088;1;1;1;1;MERCANTOUR (BD);43,71885;7,18635
202300006772;1;12;2023;10:35;1;93;93001;2;3;1;3;Rue du Landy;48,91537288;2,36805677
202300006773;5;6;2023;17:25;1;26;26198;2;1;1;2;GOURNIER (Avenue de);44,5329723;4,73633051
202300006774;22;3;2023;17:32;1;64;64348;2;3;1;3;MARTYRS DU PONT LONG DES;43,34475;-0,37985
202300006775;11;7;2023;13:15;1;72;72200;1;1;1;3;7 Route de Mulsanne;47,89893;0,21036
202300006776;18;8;2023;03:10;5;6;6088;2;1;1;6;ANGLAIS (DU N° 45 AU N° 112);43,69382;7,25607
202300006777;8;10;2023;09:10;1;93;93051;2;1;1;1;Route de Neuilly;48,85127305;2,53429592
202300006778;5;6;2023;07:23;1;24;24138;1;3;1;3;La Rampinsolle RD6021;45,16867;0,71631
202300006779;24;11;2023;22:00;3;92;92048;1;1;1;5;N118;48,8086465;2,21195337
202300006780;17;8;2023;01:30;5;6;6088;2;1;1;1;MONZIE (R. ANATOLE DE);43,73844;7,3047
202300006781;2;10;2023;10:20;1;93;93066;1;1;1;2;AUTOROUTE A1;48,92863623;2,35847443
202300006782;22;3;2023;14:40;1;64;64445;2;1;1;7;PAIX;43,3212;-0,35851
202300006783;12;7;2023;13:45;1;51;51312;2;1;1;6;allée du lac;49,013829;4,269819
202300006784;6;6;2023;22:55;3;22;22278;2;1;1;7;COURSES (CHEM. DES);48,51813;-2,72046
202300006785;5;8;2023;22:50;5;6;6088;2;1;1;2;NAPOLEON III (PONT);43,66387;7,198914
202300006786;25;11;2023;11:45;1;77;77294;1;1;1;2;A104;48,96826485;2,60209057
202300006787;12;7;2023;08:30;1;59;59164;2;9;1;6;11 Chaussée Brunehaut;50,146364;3,579204
202300006788;11;2;2023;20:00;3;22;22113;2;1;8;6;TREBEURDEN (ROUTE DE);48,74796;-3,48392
202300006789;21;3;2023;15:20;1;64;64102;2;1;1;6;BAB (Boulevard);43,49803;-1,49048
202300006790;25;11;2023;04:35;5;77;77517;1;9;2;6;A104.INT;48,90676269;2,64007446
202300006791;16;8;2023;10:45;1;6;6104;2;1;1;6;GROTTES (CHEMIN DES);43,75366;7,44037
202300006792;22;4;2023;18:20;1;62;62108;2;2;1;6;Rue du Docteur Victor Ménard;50,4046604;1,56316665
202300006793;6;6;2023;08:33;1;18;18279;2;1;1;1;62 avenue maréchal philippe leclerc de hauteclocque;47,20836;2,05175
202300006794;25;11;2023;02:45;3;94;94017;1;1;1;6;A4;48,83020089;2,495767
202300006795;21;3;2023;18:10;1;63;63113;2;6;1;3;Rd-pt Brézet (Brézet/Blériot);45,78829375;3,13949883
202300006796;18;8;2023;10:05;1;6;6030;2;1;1;3;VALBONNE (ROUTE  DE);43,57827;7,01718
202300006797;11;7;2023;15:50;1;56;56232;1;2;1;5;La Grae;47,677391;-2,126477
202300006798;14;11;2023;17:53;2;74;74118;2;1;2;2;DEPORTES (ROUTE DES );46,1821;6,23003
202300006799;5;6;2023;17:52;1;18;18033;2;1;1;6;36 Rue Pasteur John Bost;47,11966;2,41265
202300006800;19;8;2023;01:30;5;6;6027;2;9;1;6;PLAGE BOULEVARD DE LA;43,650273;7,151256
202300006801;11;3;2023;18:10;1;59;59350;2;1;1;2;Avenue Beethoven;50,62052;3,03486
202300006802;20;10;2023;20:15;3;74;74208;1;1;2;6;Rn 205;45,9140441;6,71776573
202300006803;24;11;2023;20:00;3;94;94065;1;1;1;5;N186;48,75372695;2,35565731
202300006804;11;7;2023;18:30;1;80;80019;1;1;1;6;D936;49,959953;1,909858
202300006805;20;3;2023;22:11;5;52;52121;2;1;1;1;REPUBLIQUE (AVENUE);48,10079157;5,14476849
202300006806;17;8;2023;22:40;5;6;6123;2;1;1;5;MER AVENUE DE LA;43,65664;7,17858
202300006807;23;5;2023;19:30;1;15;15014;2;6;1;2;CARMES (RUE DES);44,923319;2,44036
202300006808;17;11;2023;15:55;1;74;74012;2;6;1;2;AMOUREUX (RUE DES);46,19022;6,233
202300006809;10;7;2023;20:20;2;65;65467;1;1;1;6;route du hautacam;42,982714;-0,037036
202300006810;24;11;2023;12:36;1;987;98735;2;1;1;6;DESTREMEAU (RUE URANIE);17,54629;149,5
202300006811;11;7;2023;22:30;4;33;33193;1;1;1;6;Route de l?Ocean;45,434313;-1,150882
202300006812;22;3;2023;16:00;1;51;51454;2;3;1;6;rue des Crayères;49,24307;4,05831
202300006813;16;8;2023;09:31;1;6;6027;2;3;1;6;JUIN BOULEVARD MARECHAL;43,661299;7,150676
202300006814;17;11;2023;16:45;2;74;74012;2;1;1;2;THONON (ROUTE DE);46,19745;6,26719
202300006815;10;7;2023;20:30;1;11;11116;1;1;1;7;D1118;43,244492;3,022517
202300006816;24;11;2023;08:45;1;976;97611;1;1;1;3;tsoundzou-Mangadzia  Tsoundzou 2 (rue );-12,815123;45,198113
202300006817;13;8;2023;14:06;1;4;4070;1;4;1;6;chaffaut ( route du );44,06244;6,1795
202300006818;6;11;2023;07:30;1;54;54149;1;3;8;2;D27;49,44739;5,91872
202300006819;10;7;2023;09:48;1;11;11014;1;1;1;3;D31;43,194962;3,06952
202300006820;28;10;2023;20:51;3;54;54096;1;1;2;7;D27;49,44664;5,90054
202300006821;19;8;2023;10:28;1;3;3185;2;1;1;6;Rue Stephane Servant;46,33722;2,59996
202300006822;12;7;2023;07:10;1;12;12203;1;1;1;6;RD 999;43,978784;2,965053
202300006823;24;11;2023;06:30;1;974;97416;2;3;1;3;L'ENTRE DEUX(ROUTE DE);-21,30313;55,43065
202300006824;6;6;2023;12:55;1;13;13203;2;1;1;3;PLOMBIERES (BOULEVARD DES);43,3162;5,38359
202300006825;8;12;2023;17:30;1;971;97106;1;1;1;1;Section Thomas, RN2;16,111081;-61,772577
202300006826;17;8;2023;17:40;1;75;75112;2;1;1;2;PORTE DE CHARENTON;48,828353;2,397596
202300006827;11;7;2023;14:15;1;42;42224;2;1;1;6;Rue du Feuillage;45,34304;4,424913
202300006828;31;5;2023;08:15;1;11;11262;2;1;1;6;18 Boulevard de 1830;43,19032;3,01784
202300006829;21;3;2023;07:20;1;51;51454;2;1;1;4;boulevard Joffre;49,2616;4,02929
202300006830;16;8;2023;16:50;1;75;75115;2;1;1;2;BOULEVARD PERIPHERIQUE EXTERIEUR;48,827973;2,290836
202300006831;13;12;2023;20:35;3;13;13026;1;1;1;2;A55-Sens Marseille vers Martigues;43,38346;5,15308
202300006832;24;11;2023;08:00;1;974;97411;2;1;1;3;JAURES (BLD 2 JEAN);-20,89191;55,46759
202300006833;10;7;2023;19:00;1;47;47052;2;2;1;3;Rue de Veyries;44,314691;0,088202
202300006834;20;11;2023;08:30;1;91;91114;1;9;1;7;RTE NATIONALE 6;48,684131;2,489325
202300006835;23;5;2023;16:15;1;11;11262;2;2;8;3;6 Rue D 'Alger;43,18584;3,01001
202300006836;22;3;2023;22:55;3;49;49099;1;1;2;2;RN 249;47,05966;-0,92413
202300006837;16;8;2023;18:22;1;75;75106;2;3;1;2;BOULEVARD SAINT GERMAIN;48,852285;2,338753
202300006838;24;11;2023;16:00;1;973;97302;2;1;1;7;BOULEVARD DES CITES;4,92071;-52,31717
202300006839;11;7;2023;16:00;1;34;34028;1;1;1;1;D908;43,59819;3,149772
202300006840;22;3;2023;01:54;5;49;49007;2;1;1;7;BEAUSSIER BOULEVARD;47,47745;-0,59871
202300006841;24;11;2023;17:00;1;973;97302;2;1;1;7;MARINGOUINS (ROND-POINT);4,90768834;-52,3220678
202300006842;6;6;2023;02:01;5;10;10081;2;6;1;6;JEAN BAPTISTE COLBERT (RUE);48,31794;4,02224
202300006843;18;8;2023;14:40;1;75;75120;2;4;1;3;RUE SORBIER;48,865535;2,393295
202300006844;18;12;2023;17:45;3;59;59009;2;9;1;1;Rue Jean Jaures;50,65574;3,13275
202300006845;11;7;2023;17:50;1;31;31017;1;1;1;6;Coumanios;42,897908;0,698942
202300006846;6;6;2023;15:00;1;9;9122;1;1;1;6;20 (R.N.) COTE NORD DU TUNNEL;42,977849;1,62242
202300006847;24;11;2023;10:30;1;973;97302;2;1;2;7;14 ET 22 JUIN 1962;4,93341231;-52,32696962
202300006848;18;8;2023;16:40;1;75;75119;2;1;1;6;BOULEVARD MACDONALD;48,896704;2,392254
202300006849;22;3;2023;00:06;5;49;49007;2;2;1;3;DESJARDIN;47,46796;-0,54651
202300006850;19;1;2023;14:45;1;92;92048;2;1;1;2;BANES (RUE) N° 3 A 19;48,8082154;2,2400672
202300006851;10;7;2023;11:00;1;2;2575;2;1;1;6;50 Rue Pasteur;49,840044;3,488588
202300006852;6;6;2023;09:00;1;6;6069;2;1;1;6;CARNOT (BOULEVARD ET TRAVERSE);43,656689;6,922942
202300006853;17;8;2023;21:50;5;75;75119;2;1;1;6;AVENUE DE FLANDRE;48,889587;2,375267
202300006854;21;12;2023;14:50;1;26;26369;1;1;1;1;rd 94;44,37683576;5,43228865
202300006855;24;11;2023;08:00;1;973;97302;2;2;1;3;ROUGET DE L ' ISLE;4,93989646;-52,32733369
202300006856;22;3;2023;20:28;3;35;35238;2;4;2;3;PORTE ALMA;48,08176;-1,67616
202300006857;18;8;2023;14:35;1;75;75117;2;3;1;6;BOULEVARD MALESHERBES;48,889012;2,304211
202300006858;12;7;2023;18:00;1;14;14685;1;3;1;3;Route de Creully;49,244426;-0,460367
202300006859;6;6;2023;22:25;5;6;6029;2;2;1;1;REPUBLIQUE (BOULEVARD DE LA);43,55778;7,02229
202300006860;22;3;2023;12:15;1;35;35238;2;1;2;2;VERDUN (BD DE);48,11649886;-1,69082433
202300006861;24;11;2023;18:35;5;69;69387;2;3;2;3;Avenue Félix Faure;45,75211;4,84679
202300006862;11;12;2023;09:50;1;94;94052;2;1;1;4;8bis Avenue de Joinville;48,83384;2,471967
202300006863;5;6;2023;16:30;1;6;6030;2;1;2;3;BORDE (AVENUE DE LA);43,5669648;6,9662707
202300006864;16;8;2023;12:10;1;75;75117;2;3;1;5;BOULEVARD DES BATIGNOLLES;48,881985;2,319191
202300006865;12;7;2023;17:10;1;5;5132;1;1;1;7;Route des Combes;44,688793;6,136379
202300006866;21;3;2023;21:54;5;33;33522;2;6;1;3;Cours Maréchal Gallieni;44,81849;-0,60219
202300006867;6;11;2023;19:20;5;62;62239;2;6;2;6;Avenue Charles de Gaulle;50,92955;1,79793
202300006868;24;11;2023;16:10;1;69;69388;2;4;1;6;Rue de l'Eternité;45,741;4,8586
202300006869;5;6;2023;16:00;1;6;6027;2;1;2;7;CANNES AVENUE DE (RN7);43,65078;7,14139
202300006870;18;8;2023;17:40;1;75;75115;2;2;1;3;RUE LECOURBE;48,838605;2,289425
202300006871;22;3;2023;08:05;1;28;28134;2;1;2;6;SAINT JEAN (RUE);48,73944;1,37083
202300006872;12;7;2023;07:45;1;50;50589;1;2;1;3;Rue de la Carrière;48,600523;-1,436462
202300006873;24;11;2023;08:00;1;972;97213;2;1;1;2;ROUTE DEPARTEMENTALE 14;14,61981;-61,00266
202300006874;16;8;2023;23:50;5;75;75114;2;2;1;3;RUE D ALESIA;48,832741;2,311509
202300006875;6;6;2023;10:40;1;6;6004;2;1;1;6;MAS ENSOLEILLE AV.DU;43,58623;7,11793
202300006876;11;7;2023;22:35;3;18;18035;1;1;1;1;N/A;47,112006;2,596743
202300006877;7;10;2023;19:30;5;42;42218;2;3;1;6;Rue Paul Bert;45,44076;4,38387
202300006878;24;11;2023;22:40;5;69;69389;2;1;8;6;31 Rue Marietton;45,77539;4,80482
202300006879;19;8;2023;04:10;5;75;75113;2;1;1;6;BOULEVARD ARAGO;48,834855;2,342662
202300006880;19;3;2023;12:50;1;22;22113;1;3;1;1;TREBEURDEN (ROUTE DE);48,74876;-3,48678
202300006881;7;9;2023;16:30;1;1;1354;2;1;1;3;Rue de Genève;46,240043;6,032047
202300006882;24;11;2023;08:50;1;69;69034;2;1;8;3;95 Quai Clemenceau;45,80928;4,84438
202300006883;2;6;2023;18:00;1;3;3095;2;2;1;2;Rue Antoinette Mizon;46,13638;3,45052
202300006884;11;7;2023;19:34;1;43;43257;1;3;1;3;N102;45,037601;3,757957
202300006885;16;8;2023;18:10;1;75;75113;2;3;1;1;RUE NEUVE TOLBIAC;48,831817;2,379132
202300006886;24;11;2023;14:50;1;2A;2A004;2;1;1;3;MEZZAVIA ROUTE DE;41,949;8,76681
202300006887;8;12;2023;09:20;1;91;91228;2;2;1;2;BD DES COQUIBUS;48,62483;2,43696
202300006888;22;3;2023;13:25;1;15;15012;1;3;1;2;RD 990;44,89341;2,45887
202300006889;2;6;2023;13:50;1;1;1053;2;3;1;3;VERNE (AVENUE JEAN MARIE );46,19938;5,22599
202300006890;18;8;2023;20:15;1;75;75112;2;1;1;4;AVENUE DE LA PORTE DE VINCENNES;48,846806;2,413151
202300006891;8;10;2023;17:50;3;84;84022;1;6;1;2;d20;44,27824;4,998562
202300006892;11;7;2023;16:00;1;27;27377;1;1;1;5;D6;49,378964;1,521521
202300006893;24;11;2023;07:45;1;2A;2A004;2;1;1;5;CALVI  ROUTE;41,95305;8,78341
202300006894;22;3;2023;14:45;1;13;13103;2;6;1;3;ALLEE  DE SZENTENDRE;43,63360438;5,07646572
202300006895;18;8;2023;18:13;1;75;75120;2;3;1;3;RUE DES ORTEAUX;48,856934;2,3988
202300006896;6;6;2023;15:00;1;75;75117;2;1;1;3;BOULEVARD BERTHIER;48,89206;2,307842
202300006897;12;7;2023;01:30;3;27;27502;1;1;1;6;D54;48,830077;0,687525
202300006898;24;11;2023;07:05;1;2A;2A004;2;1;1;6;GEORGES POMPIDOU AVENUE;41,93082;8,75706
202300006899;16;12;2023;18:15;3;35;35225;1;2;1;3;Pilleverte;48,433717;-1,931394
202300006900;22;3;2023;13:30;1;13;13212;2;2;1;3;RAMPAL (AVENUE);43,31788395;5,44555288
202300006901;17;8;2023;21:40;5;75;75112;2;3;1;3;BOULEVARD SOULT;48,842541;2,409859
202300006902;24;11;2023;18:30;5;95;95427;2;3;1;3;JULES FERRY (RUE);48,95705;2,3346
202300006903;30;12;2023;12:35;1;40;40313;1;2;1;1;Route de Pomiro;43,832453;-0,789707
202300006904;19;12;2023;16:55;2;6;6018;2;1;1;6;Avenue Roumanille;43,617522;7,074476
202300006905;6;6;2023;00:15;5;75;75105;2;3;1;3;QUAI DE MONTEBELLO;48,851432;2,350422
202300006906;22;3;2023;11:40;1;13;13203;2;1;1;6;GUIGOU (BOULEVARD);43,31;5,39
202300006907;11;7;2023;09:55;1;23;23168;1;1;1;6;RD 940 / PK 17;46,013446;1,851497
202300006908;16;8;2023;19:05;1;75;75112;2;3;1;2;BOULEVARD DIDEROT;48,84581;2,372451
202300006909;24;11;2023;14:05;1;95;95018;2;3;2;3;RESISTANCE (BOULEVARD DE LA);48,95045523;2,2243318
202300006910;10;12;2023;22:30;3;988;98830;1;4;1;6;Pont de la Tiwaka;-20,86668;165,24988
202300006911;22;3;2023;03:50;5;13;13211;2;1;1;7;JEAN MONDET (ROND POINT );43,29;5,48118
202300006912;11;7;2023;13:00;1;987;98733;1;1;1;7;PK 10.500 C/MT Route du Lotissement TAAPUNA SOCIAL;-17,618;-149,549
202300006913;5;6;2023;12:15;1;75;75106;2;1;1;3;BOULEVARD SAINT MICHEL;48,849222;2,342007
202300006914;13;11;2023;10:00;1;74;74010;2;1;1;6;ALERY (GRANDE RUE D');45,8988;6,1101
202300006915;16;8;2023;17:50;1;75;75111;2;4;1;6;BOULEVARD RICHARD LENOIR;48,854776;2,369541
202300006916;17;11;2023;20:40;4;91;91552;2;6;2;6;RTE DE CORBEIL;48,59458;2,26426
202300006917;22;3;2023;00:00;4;13;13214;2;1;1;6;CLAUDE MONET (avenue);43,32545;5,39358
202300006918;6;6;2023;16:10;1;75;75119;2;1;1;1;AVENUE SIMON BOLIVAR;48,874413;2,383375
202300006919;13;11;2023;07:00;5;74;74010;2;9;2;2;ANJOT (AVENUE DU CAPITAINE);45,8957;6,0901
202300006920;23;11;2023;10:39;1;91;91667;2;1;2;6;CORBEIL (ROUTE);48,66572;2,33761
202300006921;18;8;2023;06:30;1;75;75110;2;2;1;3;BOULEVARD DE LA CHAPELLE;48,884271;2,364651
202300006922;22;3;2023;08:00;1;13;13001;1;1;1;2;RD9;43,50611;5,40272
202300006923;6;6;2023;14:30;1;75;75119;2;2;1;6;RUE DE CRIMEE;48,879578;2,389505
202300006924;11;7;2023;15:15;1;47;47238;1;1;1;4;autoroute A.62, pk 117.400;44,18820409;0,53054579
202300006925;23;11;2023;06:22;5;91;91685;2;1;1;7;PERI (RUE GABRIEL);48,65757;2,30837
202300006926;16;8;2023;17:39;1;75;75109;2;3;1;6;RUE AUBER;48,871757;2,330566
202300006927;27;10;2023;05:50;5;74;74010;2;2;2;3;FRANCE (AVENUE)(SECTEUR 310);45,91039;6,1378
202300006928;22;3;2023;10:07;1;6;6088;2;1;1;3;VOIE RAPIDE;43,69;7,24
202300006929;6;6;2023;20:00;1;75;75118;2;1;1;3;BOULEVARD PERIPHERIQUE INTERIEUR NORD  ;48,901036;2,353295
202300006930;12;7;2023;07:00;1;77;77534;2;6;1;6;N36;48,635709;2,787462
202300006931;5;11;2023;02:30;3;11;11262;1;1;2;7;N/A;43,1779;2,96955
202300006932;6;6;2023;09:40;1;75;75118;2;1;1;6;BOULEVARD ORNANO;48,896964;2,345183
202300006933;24;11;2023;19:30;5;91;91589;2;9;1;2;RUE DES ROSSAYS;48,673373;2,352631
202300006934;15;8;2023;23:15;5;75;75109;2;2;1;3;BOULEVARD POISSONNIERE;48,871492;2,343066
202300006935;11;7;2023;21:25;2;66;66217;2;1;1;1;N/A;42,608737;2,81301
202300006936;21;3;2023;21:30;5;75;75118;2;1;1;3;PORTE DE LA CHAPELLE;48,900899;2,361608
202300006937;24;11;2023;12:30;1;91;91432;2;1;1;7;AV ARISTIDE BRIAND;48,70065;2,32467
202300006938;6;6;2023;00:15;5;75;75118;2;2;1;3;BOULEVARD NEY;48,897733;2,337513
202300006939;27;8;2023;17:45;1;73;73257;1;1;3;3;D117 - PK 15+600 - PONT DE LA COMBE;45,4080193;6,49030223
202300006940;20;8;2023;21:40;5;75;75108;2;2;1;3;RUE DES MATHURINS;48,873307;2,324304
202300006941;12;7;2023;12:35;1;83;83071;2;3;1;1;Route de Collobrieres;43,14759366;6,228493
202300006942;20;3;2023;12:30;1;75;75114;2;1;1;2;PORTE DE CHATILLON;48,822847;2,312865
202300006943;22;8;2023;13:20;1;32;32207;1;1;1;3;D175;43,665078;0,662549
202300006944;6;6;2023;14:50;1;75;75117;2;3;1;3;RUE DE COURCELLES;48,88009;2,302246
202300006945;12;7;2023;13:30;1;6;6099;2;1;1;6;Avenue Alexandre Bottin;43,954904;6,899001
202300006946;16;8;2023;00:08;5;75;75108;2;7;1;3;PLACE SAINT AUGUSTIN;48,87488603;2,3198787
202300006947;23;11;2023;13:19;1;87;87085;1;2;1;2;RN520;45,89093;1,2802
202300006948;5;6;2023;16:00;1;75;75117;2;7;1;3;AVENUE MAC MAHON;48,87438;2,294949
202300006949;27;12;2023;19:40;5;40;40279;2;1;1;3;RESISTANCE (AVE DE LA);43,7333;-1,05
202300006950;21;3;2023;23:40;5;75;75113;2;2;1;3;BOULEVARD AUGUSTE BLANQUI;48,831961;2,341067
202300006951;12;7;2023;08:33;1;26;26124;1;1;1;2;autoroute A7 PK 83.983 sens Nord-Sud;44,840899;4,863682
202300006952;23;11;2023;08:52;1;87;87085;2;1;1;2;LECLERC (AVENUE DU GENERAL);45,84665;1,26099
202300006953;14;8;2023;21:50;5;75;75108;2;2;8;3;PLACE DE LA CONCORDE;48,866662;2,322014
202300006954;25;11;2023;19:00;5;11;11262;2;3;1;6;35 Avenue d'Espagne;43,17088;2,99005
202300006955;5;6;2023;15:14;1;75;75117;2;3;1;2;RUE CARDINET;48,883263;2,30719
202300006956;21;3;2023;08:40;1;75;75112;2;2;1;3;QUAI DE BERCY;48,833511;2,382103
202300006957;20;8;2023;08:53;1;75;75109;2;2;7;6;RUE DE PROVENCE;48,874197;2,328399
202300006958;24;11;2023;10:45;1;84;84007;2;1;1;3;C.De GAULLE (Rocade);43,9364;4,83222
202300006959;27;12;2023;18:15;5;5;5061;2;1;1;7;EMILE DIDIER ( AV );44,5642;6,0894
202300006960;6;6;2023;14:50;1;75;75115;2;2;1;3;RUE DE VAUGIRARD;48,8404;2,30425
202300006961;18;8;2023;00:30;5;75;75101;2;4;1;3;RUE DE TURBIGO;48,863705;2,348202
202300006962;21;3;2023;02:50;5;75;75115;2;2;1;3;RUE CASTAGNARY;48,833564;2,309216
202300006963;9;7;2023;19:40;1;73;73099;1;1;1;6;D925 - Pont de Détrier;45,44044346;6,09604731
202300006964;19;12;2023;20:30;5;92;92060;2;2;2;3;EDOUARD HERRIOT (AVENUE) RD60;48,78236494;2,25911826
202300006965;23;11;2023;16:11;1;84;84007;1;4;1;3;BONPAS ( Pont)-MONTFAVET;43,89102;4,91632
202300006966;21;3;2023;16:00;1;75;75116;2;1;1;6;RUE DE L ANNONCIATION;48,856724;2,279208
202300006967;13;7;2023;08:55;1;84;84019;2;1;1;6;Avenue Salvador Allende;44,288104;4,755728
202300006968;6;6;2023;07:55;1;75;75115;2;2;1;2;BOULEVARD PASTEUR;48,845123;2,311121
202300006969;12;7;2023;13:15;1;38;38349;1;2;1;3;Rue des Granges;45,328239;4,781606
202300006970;16;8;2023;17:30;1;75;75103;2;2;1;3;RUE DES ARCHIVES;48,861253;2,358206
202300006971;23;11;2023;17:30;5;83;83144;2;9;1;3;Rond point de l'Université;43,13660694;6,00025946
202300006972;21;3;2023;13:39;1;75;75114;2;2;1;6;RUE DE LA LEGION ETRANGERE;48,821782;2,325023
202300006973;22;9;2023;07:45;1;19;19130;1;1;2;1;D1089;45,45651673;2,11570583
202300006974;6;6;2023;01:50;5;75;75115;2;3;1;6;QUAI DE GRENELLE;48,851697;2,285357
202300006975;16;8;2023;10:08;1;75;75103;2;2;1;6;RUE BEAUBOURG;48,861222;2,353493
202300006976;24;11;2023;18:50;5;83;83069;2;2;1;3;AVENUE RITONDALE LEOPOLD;43,11553492;6,1395101
202300006977;22;3;2023;11:15;1;75;75110;2;4;2;3;RUE DU FAUBOURG SAINT MARTIN;48,874896;2,359003
202300006978;6;6;2023;07:50;1;75;75114;2;1;1;3;BOULEVARD BRUNE;48,826531;2,310956
202300006979;27;6;2023;18:20;1;26;26235;1;1;1;4;route departementale 59;44,367981;4,654341
202300006980;31;10;2023;19:00;5;30;30269;2;1;1;1;departementale 983;44,106628;3,886081
202300006981;16;8;2023;19:17;1;94;94081;1;1;1;2;A86;48,77433;2,40512
202300006982;30;9;2023;13:00;1;976;97611;2;1;1;6;m'tsapere-Maeventana (rue);-12,78901;45,219269
202300006983;22;3;2023;02:50;5;75;75104;2;-1;1;7;RUE DE LA CITE;48,85359506;2,34711528
202300006984;5;6;2023;12:15;1;75;75114;2;7;1;2;AVENUE DU COLONEL HENRI ROL TANGUY;48,83405;2,332146
202300006985;12;7;2023;12:35;1;1;1187;2;3;2;1;Route des Lesines;45,973277;5,701459
202300006986;24;11;2023;09:59;1;77;77186;2;2;8;3;D210;48,41296;2,70692
202300006987;20;6;2023;19:45;1;94;94080;2;2;1;3;Rue de Fontenay;48,848412;2,434538
202300006988;6;9;2023;16:45;1;976;97611;2;7;1;3;kaweni-Kaweni sud  (Z I);-12,76513;45,22595
202300006989;11;7;2023;14:40;1;17;17089;1;1;1;1;D131;45,76661;-0,514673
202300006990;22;3;2023;08:38;1;94;94041;2;5;1;3;Rue Hoche / Avenue du Général Leclerc;48,81073;2,38007
202300006991;24;11;2023;17:45;5;76;76366;2;2;1;6;Rue du Général de Gaulle;49,50857;1,03934
202300006992;6;6;2023;04:20;5;75;75113;2;2;1;2;RUE DE TOLBIAC;48,826169;2,359957
202300006993;16;8;2023;18:30;1;94;94078;2;1;1;6;Rue de Verdun;48,73024;2,4478
202300006994;6;6;2023;18:45;1;75;75112;2;1;1;6;RUE EUGENIE EBOUE;48,845696;2,386549
202300006995;14;12;2023;08:10;5;89;89387;2;6;1;3;BARBIER (ROND POINT);48,20546;3,27762
202300006996;12;7;2023;15:00;1;17;17121;1;9;1;4;PK019+550 RD735;46,198332;-1,426257
202300006997;16;8;2023;11:00;1;94;94076;2;1;7;6;Rue de Chevilly;48,787272;2,354228
202300006998;22;3;2023;19:45;5;94;94043;2;6;2;3;Avenue de Fontainebleau;48,80969;2,36264
202300006999;24;11;2023;08:20;1;74;74012;2;1;1;6;CURIOZ (RUE ALBERT);46,18578;6,24607