Num_Acc;jour;mois;an;hrmn;lum;dep;com;agg;int;atm;col;adr;lat;long
202300007000;6;6;2023;19:05;1;75;75111;2;1;1;6;RUE DE CHARONNE;48,855275;2,388114
202300007001;22;12;2023;18:00;5;62;62041;2;1;1;6;Rue des Hirondelles;50,2895;2,74243
202300007002;19;8;2023;11:00;1;94;94041;2;9;2;3;Boulevard de Stalingrad;48,80531133;2,37644564
202300007003;24;11;2023;07:45;1;71;71270;2;1;8;6;LYON (ROUTE DE);46,28724;4,80986
202300007004;11;7;2023;18:15;1;60;60589;2;2;7;2;Route de Gouvieux;49,213694;2,447323
202300007005;6;6;2023;15:25;1;75;75110;2;3;1;6;RUE DU FAUBOURG SAINT DENIS;48,881276;2,358117
202300007006;22;3;2023;13:40;1;94;94076;2;2;1;3;Rue François Billoux;48,80221;2,35495
202300007007;18;8;2023;06:35;1;94;94041;2;1;1;2;Avenue de Verdun;48,81297;2,37032
202300007008;26;12;2023;05:04;4;59;59179;2;1;1;6;RUE DE DENAIN;50,30914;3,38319
202300007009;12;7;2023;13:00;1;60;60088;2;1;1;1;29 Rue Pasteur;49,19533;2,207801
202300007010;6;6;2023;18:15;1;75;75108;2;1;1;6;AVENUE DE MARIGNY;48,869995;2,31551
202300007011;23;11;2023;08:20;2;71;71270;2;3;1;6;JAURES (QUAI);46,30769;4,83704
202300007012;22;3;2023;17:50;1;94;94073;2;1;1;3;Avenue de Versailles;48,75756;2,38976
202300007013;11;7;2023;18:30;1;60;60461;1;1;1;7;D513;49,446575;2,171967
202300007014;16;8;2023;19:50;1;94;94041;2;1;1;3;Avenue Maurice Thorez;48,81857;2,37369
202300007015;6;6;2023;11:10;1;75;75115;2;2;1;3;RUE DE L ABBE GROULT;48,840461;2,295719
202300007016;10;7;2023;16:26;1;13;13106;1;1;1;3;A7-Sens Lyon vers Marseille;43,38871837;5,35090093
202300007017;31;3;2023;22:10;3;972;97210;2;1;1;5;N6;14,612654;-60,916572
202300007018;22;3;2023;21:40;4;94;94022;2;1;1;3;7 Rue Alphonse Brault;48,76122;2,41045
202300007019;24;11;2023;12:12;1;71;71153;2;2;2;4;EUROPE (AVENUE DE L');46,80672;4,41712
202300007020;6;6;2023;09:40;1;75;75107;2;1;1;6;RUE VANEAU;48,851216;2,319249
202300007021;25;3;2023;22:55;5;972;97221;2;1;1;7;Medecin;14,505114;-60,98338
202300007022;11;7;2023;11:45;1;13;13071;1;1;1;3;A7-Sens Lyon vers Marseille;43,40656;5,3333
202300007023;19;8;2023;16:00;1;94;94021;1;1;1;4;Avenue de Stalingrad;48,75892;2,36848
202300007024;22;3;2023;17:30;1;94;94017;2;1;8;3;Avenue du Général de Gaulle;48,82114506;2,48801789
202300007025;24;11;2023;10:40;1;71;71153;2;3;9;7;PRESIDENT WILSON (RUE DU);46,79688;4,43107
202300007026;6;6;2023;12:00;1;75;75104;2;2;1;2;BOULEVARD HENRI IV;48,851051;2,362292
202300007027;23;6;2023;22:30;5;972;97216;1;9;1;3;route nationale 1;14,827628;-61,03357
202300007028;17;8;2023;16:25;1;94;94028;2;9;1;2;Route de Choisy;48,77966;2,443606
202300007029;5;6;2023;22:50;5;94;94080;2;1;1;3;Avenue de Nogent;48,84456034;2,4396476
202300007030;10;7;2023;11:00;1;13;13015;1;1;1;4;A515CD-Gardanne vers A51-Marseille;43,43001;5,39673
202300007031;5;6;2023;06:30;1;972;97213;1;9;1;7;AUTOROUTE A1;14,6181;-61,03027
202300007032;22;3;2023;09:40;1;94;94017;2;2;2;3;Avenue Charles Baudin;48,81752;2,55521
202300007033;24;11;2023;13:50;1;67;67365;2;3;1;3;ALFRED KASTLER (RUE);48,537767;7,695184
202300007034;11;8;2023;19:00;2;94;94079;2;6;2;3;Boulevard Jean Monnet;48,83168764;2,53342983
202300007035;6;6;2023;13:25;1;94;94046;2;1;1;3;279 Avenue du Général Leclerc;48,802568;2,447094
202300007036;11;7;2023;00:50;5;13;13213;1;1;1;2;A507 sens Aubagne- Marseille;43,32994;5,40539
202300007037;4;6;2023;04:40;4;972;97213;1;1;1;6;ROUTE DEPARTEMENTALE 3_;14,600575;-60,997377
202300007038;24;11;2023;14:30;1;67;67482;2;1;1;3;COLMAR (AVENUE DE);48,55681;7,74766
202300007039;22;3;2023;09:20;1;93;93066;2;5;2;3;Boulevard Anatole France / Rue Jules Saulnier;48,92553638;2,35066384
202300007040;3;6;2023;20:30;5;972;97213;1;1;1;6;ROUTE NATIONALE 1_;14,620511;-60,992706
202300007041;6;6;2023;18:50;1;94;94034;2;2;1;3;Boulevard Pasteur;48,75756995;2,31638711
202300007042;18;8;2023;16:40;1;93;93078;2;2;9;3;Avenue Georges Clémenceau / Avenue Charles de Gaulle;48,95812;2,55828
202300007043;24;11;2023;06:11;5;64;64129;1;9;1;6;BAYONNE DE;43,30456;-0,40121
202300007044;6;6;2023;19:00;1;94;94034;2;9;1;7;Avenue de Stalingrad;48,75772;2,32945
202300007045;5;11;2023;17:55;3;74;74179;1;1;2;1;RD 1508;45,997923;6,01024
202300007046;10;7;2023;06:58;1;13;13026;1;1;1;2;A55-Sens Marseille vers Martigues;43,37458;5,17922
202300007047;22;3;2023;12:30;1;93;93031;2;1;2;4;Route de Saint-leu;48,95668563;2,33153164
202300007048;20;8;2023;08:20;1;93;93005;2;3;1;3;Avenue Raoul Dufy / Route Camille Pissaro;48,96012033;2,50218234
202300007049;24;11;2023;21:45;5;64;64102;2;1;1;6;ARITXAGUE (BD D');43,48675;-1,49057
202300007050;5;6;2023;11:10;1;94;94011;2;3;1;3;chemin de la POMPADOUR;48,76559422;2,47689195
202300007051;6;11;2023;16:30;1;74;74003;1;1;2;5;D909;45,891726;6,255341
202300007052;11;7;2023;18:10;1;33;33192;1;1;1;3;ROCADE A 630;44,7872;-0,59805
202300007053;6;6;2023;05:00;2;94;94022;2;1;1;6;Rue de la Remise aux Faisans;48,75135;2,40737
202300007054;20;8;2023;01:00;5;93;93007;2;3;1;1;Avenue Aristide Briand / Avenue des Champs;48,94313;2,44165
202300007055;22;3;2023;18:45;5;93;93005;2;1;2;5;Avenue Raoul Dufy;48,96258;2,49863
202300007056;6;7;2023;01:25;4;59;59350;1;1;1;6;ROUTE NATIONALE 356;50,63437307;3,08554162
202300007057;9;11;2023;14:05;1;74;74010;2;1;3;6;Route de thônes;45,921366;6,177833
202300007058;24;11;2023;19:00;5;64;64102;2;3;2;2;LOUIS DE FOIX (AVENUE);43,50883;-1,46785
202300007059;6;6;2023;13:40;1;75;75112;2;2;1;3;Avenue de Nogent;48,844494;2,4395
202300007060;11;7;2023;18:49;1;91;91573;1;1;1;3;RN 104;48,63133;2,519874
202300007061;16;8;2023;18:00;1;93;93066;2;1;1;2;Rue Paul Eluard;48,93904364;2,34785682
202300007062;16;11;2023;19:00;3;74;74150;1;1;2;1;Route des penets;46,27748;6,311606
202300007063;24;11;2023;16:40;1;64;64102;2;1;1;3;QUATORZE AVRIL (AVENUE DU);43,50346;-1,46632
202300007064;19;3;2023;12:00;1;93;93001;2;2;2;3;Rue des Cités / Rue Sadi Carnot;48,90679;2,38766
202300007065;6;6;2023;07:25;1;75;75112;2;5;1;3;Avenue des Canadiens;48,817223;2,459069
202300007066;14;11;2023;18:10;3;74;74282;1;1;3;1;Route Impériale;45,958691;6,132721
202300007067;19;8;2023;14:20;1;93;93064;2;2;1;3;Rue de Strasbourg / Rue du Rhin;48,86688;2,49764
202300007068;11;7;2023;13:09;1;91;91553;1;1;1;5;RN 104;48,62811;2,47993
202300007069;24;11;2023;11:10;1;63;63300;1;1;1;3;RD 2009;45,87717877;3,12490163
202300007070;6;6;2023;18:10;1;94;94002;2;1;1;3;Rue Paul Vaillant Couturier;48,80005;2,4226
202300007071;19;8;2023;17:52;1;93;93055;2;3;7;1;Rue Davoust / Avenue Édouard Vaillant;48,89975;2,39611
202300007072;14;11;2023;08:20;1;74;74256;1;1;3;5;Route de passy;45,934442;6,649216
202300007073;22;3;2023;08:40;1;92;92062;2;1;2;5;DE DION BOUTON (QUAI) DU 29 AU 65;48,88486;2,25046
202300007074;18;8;2023;20:00;2;93;93048;2;1;1;6;Boulevard Aristide Briand;48,8686094;2,44755811
202300007075;24;11;2023;22:49;5;63;63113;2;6;2;3;Giratoire Gordon Benett;45,78893;3,08042
202300007076;4;11;2023;18:08;3;74;74177;2;1;3;1;D27;46,048648;6,181183
202300007077;5;6;2023;19:30;1;95;95527;1;2;1;3;ARPENTEUR (ROUTE DE L');49,0123935;2,52888322
202300007078;21;3;2023;17:15;1;92;92036;2;3;1;3;GENERAL DE GAULLE (AVENUE) (PAIRS);48,93378;2,31347
202300007079;20;8;2023;19:40;1;93;93046;2;8;1;3;Avenue Gambetta;48,92083786;2,51538903
202300007080;24;11;2023;19:36;5;63;63075;2;1;2;6;GAMBETTA (BOULEVARD);45,76782852;3,06260794
202300007081;6;6;2023;16:00;1;93;93070;2;9;7;3;Rue Charles Schmidt;48,90379057;2,33360589
202300007082;4;11;2023;01:30;3;74;74112;1;1;1;3;Route de Bellegarde;45,93458;6,077757
202300007083;21;3;2023;14:40;1;92;92036;1;3;1;4;LAURENT CELY (AVENUE) (1/143);48,91760319;2,30815619
202300007084;16;8;2023;19:22;1;93;93046;2;1;1;6;Allee Jean Coulon;48,92952;2,55304
202300007085;23;11;2023;18:10;4;62;62386;2;1;1;6;D165;50,44776;2,74898
202300007086;6;6;2023;14:00;1;93;93049;2;2;1;3;Rue du Bois d'Avron / Avenue Carnot;48,86685179;2,50456212
202300007087;8;10;2023;18:45;1;14;14076;2;1;1;7;Rue des Blanchisseuses;49,234011;-0,298787
202300007088;18;8;2023;18:18;1;93;93006;2;3;1;6;Rue de la Capsulerie / Rue des Blancs Champs;48,86362178;2,41984407
202300007089;18;3;2023;17:35;1;92;92036;2;1;1;2;LOUIS CALMEL (RUE) (60/106);48,92365;2,28762
202300007090;6;6;2023;12:10;1;93;93048;2;3;1;1;Rue de Rosny / Rue Nungesser;48,87079704;2,46842355
202300007091;28;10;2023;16:35;1;14;14488;1;1;3;2;D515;49,260523;-0,264305
202300007092;21;11;2023;17:15;5;62;62276;2;2;1;6;D947;50,50884322;2,80788356
202300007093;22;3;2023;19:50;5;92;92062;2;1;1;6;FRANCE (RUE ANATOLE) DU 11 AU 33;48,88476571;2,2392945
202300007094;6;6;2023;12:50;1;93;93031;2;1;1;6;Avenue Galliéni;48,96367238;2,29793139
202300007095;18;8;2023;10:15;1;93;93029;2;3;1;3;Avenue Marceau;48,92917348;2,43414444
202300007096;15;11;2023;17:50;5;62;62041;2;1;1;3;Rue Leon Gambetta;50,28794;2,77848
202300007097;29;10;2023;11:05;1;14;14228;2;6;7;3;1 Voie des Alliés;49,294694;-0,377735
202300007098;20;3;2023;08:40;1;92;92025;2;9;1;6;CHARLES DE GAULLE (BD);48,91339;2,23052
202300007099;6;6;2023;07:42;1;93;93031;2;1;1;3;Boulevard Foch;48,94918111;2,32990891
202300007100;17;8;2023;13:05;1;93;93047;2;2;1;3;Avenue des Myosotis / Avenue des Charmilles;48,89241;2,54886
202300007101;22;11;2023;18:45;2;60;60159;2;1;1;6;Avenue de Bury Saint-Edmunds;49,40497;2,79883
202300007102;22;3;2023;09:25;1;92;92024;2;1;2;6;GENERAL LECLERC (RUE DU) DE (81 A 109)  ;48,90966382;2,30673462
202300007103;6;6;2023;18:35;1;93;93047;2;2;1;6;Rue de la Halle / Rue des Perriers;48,9001;2,56897
202300007104;15;12;2023;13:20;1;69;69092;2;4;1;3;Boulevard Roger Salengro;46,002378;4,719068
202300007105;6;6;2023;09:10;1;93;93008;2;1;1;7;Chemin Latéral;48,90426;2,45486
202300007106;16;8;2023;09:25;1;93;93010;2;2;1;3;Avenue Galliéni / Rue Auguste Polissard;48,90576398;2,4802797
202300007107;26;12;2023;16:25;1;41;41061;1;3;1;3;D52;47,468913;1,404362
202300007108;24;11;2023;15:50;1;60;60057;2;1;1;6;Rue Desgroux;49,42926054;2,0804404
202300007109;22;3;2023;13:35;1;92;92012;2;1;8;7;POINT DU JOUR (QUAI DU);48,83226;2,25954
202300007110;16;8;2023;06:30;2;93;93008;2;1;1;6;Rue Hector Berlioz;48,90475563;2,45293086
202300007111;6;6;2023;18:45;1;93;93001;2;1;1;3;Rue de la Nouvelle France;48,91332179;2,38698842
202300007112;8;12;2023;19:06;5;44;44179;1;1;2;6;12 le grand patis;47,375188;-1,450362
202300007113;24;11;2023;18:05;3;59;59350;2;1;1;6;JACQUET EUGENE RUE N°PAIRS;50,63734;3,08576
202300007114;4;3;2023;01:50;5;92;92009;1;1;1;6;CHEVREUIL ( AVENUE );48,90758358;2,26584703
202300007115;17;8;2023;10:20;1;93;93005;2;2;1;3;Rue Jean Charcot / Avenue Boileau;48,93374;2,49056
202300007116;15;9;2023;23:30;3;42;42183;1;1;1;2;N88;45,39732;4,35577
202300007117;4;6;2023;18:40;1;92;92046;2;2;1;7;FABIEN (BOULEVARD DU COLONEL);48,81179547;2,28074402
202300007118;20;11;2023;11:40;1;59;59183;2;2;3;6;VANGHELUWE ROBERT;51,04262;2,40438
202300007119;22;3;2023;19:18;2;34;34314;1;3;1;3;D17 ;43,746462;3,860038
202300007120;10;8;2023;23:03;5;92;92078;2;3;1;6;8 MAI 1945 (RUE);48,93739328;2,32436299
202300007121;9;11;2023;18:35;5;74;74012;2;2;2;6;FERRY (AVENUE JULES);46,19299;6,23739
202300007122;23;3;2023;18:18;2;974;97415;2;1;1;6;Boulevard du Front de Mer;-21,004014;55,275157
202300007123;19;8;2023;15:39;1;92;92075;2;1;1;6;CHATILLON (RUE DE);48,81639754;2,2831285
202300007124;24;11;2023;08:35;1;59;59183;2;3;1;3;PERES ACHILLE;51,01459812;2,33037304
202300007125;5;6;2023;17:15;1;92;92022;2;3;1;3;PAVE DES GARDES (RUE DU);48,80741999;2,18816891
202300007126;7;11;2023;11:40;1;74;74012;2;1;2;6;DUPRAZ (RUE DU CP CHARLES);46,19065;6,23525
202300007127;18;8;2023;12:20;1;92;92063;2;1;1;6;BONAPARTE (AVENUE NAPOLEON) NORD;48,87064;2,15935
202300007128;23;3;2023;00:35;3;51;51277;1;1;3;7;D57;48,618499;4,78286
202300007129;6;6;2023;13:30;1;92;92063;2;1;1;6;BROSSOLETTE (RUE PIERRE);48,88155666;2,18312949
202300007130;29;12;2023;16:00;1;42;42095;2;1;1;6;Impasse des Artisans;45,38816;4,299
202300007131;20;8;2023;20:00;1;92;92050;2;1;1;6;NORMANDIE ALLEE DE;48,9006597;2,21694982
202300007132;23;11;2023;13:40;1;56;56121;2;1;8;7;BLUM ( BD LEON );47,748753;-3,3738803
202300007133;5;6;2023;11:30;1;92;92050;2;1;1;6;VAILLANT COUTURIER PAUL RUE;48,88663;2,20115
202300007134;21;3;2023;11:05;1;1;1248;2;3;1;7;D1083;45,896791;4,930905
202300007135;21;12;2023;11:35;1;11;11262;2;3;1;6;PYRENEES (PLACE ET AVENUE);43,18439;2,99883
202300007136;20;11;2023;17:15;3;55;55029;2;1;3;6;AVENUE ROBERT SCHUMANN;48,7748;5,16838
202300007137;19;8;2023;22:45;5;92;92050;2;2;1;6;CLEMENCEAU GEORGES AVENUE N° PAIR;48,8856014;2,21976149
202300007138;6;6;2023;17:45;1;92;92026;2;1;1;2;BEZONS  (DE 01 A 22);48,89326;2,25231
202300007139;20;12;2023;18:10;5;6;6083;2;1;8;6;GORBIO (ROUTE DE);43,77171;7,47849
202300007140;24;11;2023;08:40;1;54;54395;2;1;1;6;Place des Vosges;48,68504;6,18712
202300007141;19;8;2023;18:35;1;92;92050;2;1;1;3;REPUBLIQUE AVENUE DE LA;48,9057;2,21028
202300007142;22;3;2023;20:10;3;66;66164;1;1;1;4;N/A;42,78013632;2,89451122
202300007143;5;6;2023;14:00;1;92;92025;2;2;1;3;CHARLES DE GAULLE (BD);48,910406;2,234649
202300007144;21;12;2023;21:40;5;69;69034;1;1;1;2;Boulevard Périphérique Nord;45,79396787;4,82560649
202300007145;18;8;2023;20:00;2;92;92049;2;2;1;7;ROLLAND BLD ROMAIN N°23 A 69;48,81973018;2,32552439
202300007146;23;11;2023;18:40;5;54;54395;2;3;1;6;Rue Saint-Nicolas;48,68764808;6,18785888
202300007147;22;3;2023;07:58;1;38;38337;1;1;1;3;D1085;45,346004;5,49741
202300007148;13;1;2023;08:05;2;91;91086;1;1;2;7;RN 104;48,62441;2,37737
202300007149;6;6;2023;16:00;1;92;92024;2;3;1;3;GEORGES BOISSEAU (RUE);48,90274;2,31883
202300007150;23;11;2023;13:27;1;54;54304;2;1;8;6;Boulevard Emile Zola;48,68143;6,15674
202300007151;12;8;2023;12:10;1;92;92036;2;3;1;3;LAURENT CELY (AVENUE) (1/143);48,9218;2,30583
202300007152;23;3;2023;11:10;1;66;66028;2;6;8;3;N/A;42,685704;2,939995
202300007153;14;12;2023;21:30;5;971;97101;2;1;1;7;RN05;16,27119048;-61,51154995
202300007154;18;8;2023;21:52;5;92;92035;2;1;1;6;National ( boulevard );48,90759868;2,23818719
202300007155;6;6;2023;20:30;1;92;92023;2;1;1;6;JEAN BAPTISTE CLEMENT (AVENUE);48,79075;2,26278
202300007156;23;3;2023;06:45;2;80;80024;2;1;2;3;rue du bois 14;49,93653681;2,26142943
202300007157;24;11;2023;22:50;3;54;54159;1;1;2;6;chemin de la Rigole;48,60811;6,3472
202300007158;30;12;2023;14:40;1;40;40088;2;1;1;1;PERLE (RUE DE LA);43,6988;-1,0632
202300007159;22;3;2023;19:30;5;89;89074;2;1;8;6;Avenue du Château;48,320327;3,128921
202300007160;6;6;2023;08:27;1;92;92002;2;1;1;6;RENE MORIN (AVENUE);48,74691334;2,30713025
202300007161;16;8;2023;17:20;1;92;92026;2;2;1;1;VERDUN (DE 01 A 61);48,89949704;2,26171035
202300007162;24;11;2023;16:05;3;54;54099;1;1;3;2;RD 906;49,2707;5,955
202300007163;6;6;2023;23:15;3;2B;2B121;1;1;1;6;D 81;42,411273;8,683198
202300007164;11;4;2023;12:00;1;11;11262;2;1;1;3;N/A;43,192068;3,014093
202300007165;19;8;2023;11:54;1;92;92024;2;3;1;3;MEDERIC (RUE) DE (19 A 57)   (36   56);48,90663;2,29889
202300007166;21;3;2023;18:24;1;63;63287;1;1;1;1;RD 999;45,52272604;3,30135942
202300007167;27;12;2023;16:45;1;68;68300;1;1;1;7;A35;47,780405;7,402468
202300007168;21;11;2023;16:20;1;50;50129;2;1;1;6;THOMAS (RUE ALBERT);49,65633;-1,68798
202300007169;20;5;2023;15:00;1;33;33373;2;2;1;6;D10;45,027883;0,038892
202300007170;18;8;2023;19:15;1;92;92023;2;2;1;3;GENERAL DE GAULLE (AVENUE DU);48,78638553;2,25398988
202300007171;22;3;2023;16:35;1;12;12105;1;1;1;3;D 39;44,243593;2,080536
202300007172;28;12;2023;12:52;1;17;17299;1;1;1;2;A837;45,962919;-0,962051
202300007173;6;6;2023;18:00;1;85;85014;1;1;1;7;Le Loing (Rivière);46,662515;-0,937743
202300007174;23;11;2023;18:05;5;49;49099;2;3;1;2;Boulevard Pierre de Coubertin;47,0484;-0,87439
202300007175;11;10;2023;22:37;3;59;59316;1;1;1;7;CD 952;50,57544;3,0037
202300007176;22;3;2023;12:00;1;12;12056;1;1;1;1;N2088;44,286776;2,492051
202300007177;19;8;2023;05:00;5;92;92012;2;2;1;3;REPUBLIQUE (BOULEVARD DE LA) 5/77BIS - 6;48,83208;2,25306
202300007178;7;6;2023;22:00;5;974;97412;2;1;1;3;Rue Raphaël Babet;-21,380581;55,609725
202300007179;23;11;2023;17:41;5;49;49007;2;1;1;6;BLANCHOIN BOULEVARD;47,44645;-0,54383
202300007180;15;9;2023;16:35;1;14;14055;1;3;1;3;RD 675;49,259879;0,101291
202300007181;18;8;2023;09:00;1;92;92007;2;2;1;6;MATHURINS (RUE DES);48,79502562;2,30646041
202300007182;22;3;2023;11:45;1;41;41232;2;2;1;6;Boulevard de la République;47,426668;2,052196
202300007183;6;6;2023;10:50;1;1;1427;2;2;1;6;Rue de l'Hopital;45,941309;4,772089
202300007184;18;3;2023;11:00;1;86;86161;1;1;1;6;D15;46,879191;0,033128
202300007185;6;6;2023;10:20;1;68;68300;2;1;1;1;7 Rue de Mulhouse;47,78428;7,367465
202300007186;12;8;2023;02:00;3;92;92004;2;2;1;1;AULAGNIER ( QUAI );48,91395;2,30956
202300007187;18;12;2023;19:50;1;92;92047;1;8;1;6;GARE;48,83704616;2,18468584
202300007188;16;8;2023;17:00;1;60;60186;1;1;1;7;D127;49,441343;2,472653
202300007189;23;3;2023;05:45;2;68;68004;2;4;1;3;Route de Thann;47,630741;7,236672
202300007190;7;6;2023;08:15;1;1;1354;2;3;1;3;40 Rue de Lyon;46,240133;6,015497
202300007191;18;8;2023;07:30;1;974;97415;2;1;7;6;Rue Gabriel Martin;-20,979257;55,318013
202300007192;4;6;2023;11:40;1;6;6025;1;1;1;1;1368 route de nice;43,80398;7,172678
202300007193;16;12;2023;07:45;1;988;98823;1;3;1;6;Monéo (Tribu) - RT3/Voie privée;-21,149865;165,479722
202300007194;20;8;2023;14:05;1;974;97415;1;1;1;7;N1;-21,009162;55,277196
202300007195;23;3;2023;10:57;1;25;25424;1;1;8;3;N57;47,084267;6,3516
202300007196;7;6;2023;15:48;1;83;83070;2;9;1;6;Quai Baptistin Pins;43,137998;6,37265
202300007197;22;12;2023;11:40;1;56;56151;1;2;1;3;Quistinidan;48,051321;-2,922953
202300007198;16;8;2023;15:00;1;51;51224;1;5;2;3;N4;48,696336;4,693748
202300007199;7;6;2023;16:58;1;72;72287;1;1;1;6;Route de la Noirie;47,860801;0,188935
202300007200;21;12;2023;11:51;1;44;44195;2;3;1;6;4 Place  Guépin;47,35994;-1,94312
202300007201;19;8;2023;16:55;1;1;1443;2;3;1;2;Rue de Dombes;46,000841;5,025414
202300007202;6;6;2023;13:25;1;85;85109;2;2;1;1;Avenue de l'Aurore;46,865293;-0,987026
202300007203;23;10;2023;12:18;1;88;88292;2;1;2;6;Rue du General Leclerc;48,279366;6,133123
202300007204;6;6;2023;15:00;1;4;4033;1;1;1;7;D900;44,443572;6,390055
202300007205;29;10;2023;00:40;3;88;88306;1;1;2;6;Les Chacheux;48,402622;7,019121
202300007206;19;8;2023;10:30;1;1;1105;1;1;1;1;D43;45,904255;4,875333
202300007207;5;6;2023;21:30;1;91;91577;2;1;1;7;Route de Melun;48,599072;2,496997
202300007208;28;10;2023;19:00;3;88;88470;1;1;2;1;11 Route du Col de Bonnefontaine;48,09481;6,722174
202300007209;17;8;2023;16:50;1;1;1244;2;3;7;2;8 Rue des Maisons Neuves;45,904848;5,200564
202300007210;7;6;2023;14:00;1;51;51488;1;1;1;6;D951;49,094704;3,977064
202300007211;6;6;2023;19:35;1;24;24026;1;1;2;7;A89 - pk 128.300;45,163412;0,839269
202300007212;20;8;2023;03:00;3;62;62803;1;2;1;3;N42;50,7283342;1,90745008
202300007213;24;10;2023;05:40;3;88;88054;1;1;1;1;N/A;48,27398797;7,05404739
202300007214;23;10;2023;11:45;1;88;88508;2;1;2;6;Rue de l'Etang;48,175614;6,208104
202300007215;7;6;2023;06:20;1;32;32051;1;1;1;1;D4;43,539628;0,884303
202300007216;20;8;2023;11:15;1;24;24309;2;2;1;3;Route de Mauriac;45,10065;0,444469
202300007217;6;6;2023;20:15;1;71;71035;1;1;1;7;D187;46,483697;4,775689
202300007218;21;9;2023;07:55;1;62;62757;2;1;3;3;D928;50,75605059;2,23419034
202300007219;14;8;2023;12:25;1;24;24509;2;1;1;7;83 Route des Landes;45,157416;0,382129
202300007220;4;6;2023;03:56;3;61;61153;1;1;1;6;D924;48,712271;-0,173252
202300007221;18;8;2023;13:00;1;83;83072;1;1;1;6;Chemin de Berne;43,51252426;6,36232263
202300007222;13;12;2023;16:15;1;83;83126;2;3;1;3;QUATRE SEPTEMBRE (BD DU);43,10375763;5,8717618
202300007223;6;6;2023;16:00;1;42;42313;1;1;1;2;Route de Montbrison;45,732816;4,010171
202300007224;10;12;2023;14:00;1;59;59279;2;1;1;3;LIBERATION (RUE DE LA);50,78143784;3,126868
202300007225;19;8;2023;20:10;1;38;38199;1;1;1;3;Route de Chalon;45,496722;4,892156
202300007226;7;6;2023;17:45;1;46;46034;1;3;1;3;intersection RD 840 et RD 653;44,700012;1,915929
202300007227;14;12;2023;16:20;1;11;11262;2;1;1;5;HUGO (QUAI ET PASSERELLE VICTOR);43,18088;3,00964
202300007228;7;6;2023;12:25;1;47;47283;2;2;1;3;Rue du Pont;44,478928;0,948746
202300007229;21;8;2023;01:40;3;66;66136;1;1;1;2;N/A;42,72767982;2,87861109
202300007230;16;7;2023;16:00;1;43;43262;1;1;1;7;rd 585;45,261355;3,400354
202300007231;29;12;2023;10:05;1;44;44154;2;1;1;3;Avenue Guy Lafontaine;47,244593;-2,158036
202300007232;21;8;2023;11:55;1;71;71047;1;1;1;3;Avenue du Fourneau;46,63128;3,718869
202300007233;4;12;2023;11:00;1;67;67550;1;1;4;7;RD927;48,927102;7,746134
202300007234;21;5;2023;12:15;1;47;47043;1;1;1;7;D108;44,23118908;0,27622318
202300007235;19;8;2023;18:50;1;40;40296;2;3;7;6;2 Avenue du Penon;43,687875;-1,42896
202300007236;20;8;2023;15:15;1;40;40296;1;1;1;6;Avenue des Lacs;43,707416;-1,420888
202300007237;23;8;2023;13:35;1;9;9207;2;9;1;3;PYRENEES (AV DES);42,927008;1,635535
202300007238;19;8;2023;05:45;3;76;76049;1;1;1;6;D1314;49,910777;1,424296
202300007239;10;10;2023;08:54;1;26;26362;2;2;1;3;CHABEUIL AVENUE DE (102);44,92732;4,91495
202300007240;18;10;2023;16:30;1;13;13108;1;1;1;3;ARLES (PETITE ROUTE D ARLES CD 35);43,75896;4,66677
202300007241;20;8;2023;04:55;2;84;84137;1;1;1;2;route d'orange;44,251036;5,061098
202300007242;17;12;2023;07:45;5;69;69387;2;1;1;6;20 Quai Claude Bernard;45,74988;4,83535
202300007243;19;8;2023;17:40;1;21;21171;2;3;1;3;Rue de la Toison d'Or;47,302825;5,124682
202300007244;18;8;2023;08:20;1;21;21261;1;1;7;6;A31 pk: 038.200;47,270628;5,137696
202300007245;17;8;2023;22:30;3;83;83023;1;1;1;1;A8;43,421706;6,074308
202300007246;18;8;2023;07:35;1;68;68026;1;2;1;6;Croisement entre 2 chemins de vigne;48,141209;7,339436
202300007247;16;8;2023;18:45;1;68;68076;1;1;1;7;canal de colmar;48,10751;7,508163
202300007248;18;8;2023;17:35;2;974;97422;2;6;1;2;Rue Paul Hermann;-21,269816;55,517848
202300007249;17;8;2023;11:20;1;974;97422;2;1;1;6;Avenue de l'Europe;-21,277153;55,503252
202300007250;15;8;2023;19:50;5;972;97225;2;1;1;2;135 Rue Bouille;14,742357;-61,176274
202300007251;19;8;2023;23:20;3;83;83086;1;1;1;6;D1555;43,47376808;6,53657476
202300007252;10;8;2023;17:15;1;11;11360;1;9;1;6;Route de Saint Pons;43,263741;2,902923
202300007253;13;8;2023;02:50;3;63;63206;1;1;1;6;Lieu Dit les Noyers;45,969504;2,978577
202300007254;18;8;2023;14:30;1;28;28048;1;1;1;3;route nationale 10;48,322695;1,430814
202300007255;19;8;2023;11:55;1;12;12057;1;1;1;6;D902;44,174648;2,53458
202300007256;15;8;2023;14:50;1;86;86191;1;2;1;3;D54;46,486894;0,787234