Num_Acc;jour;mois;an;hrmn;lum;dep;com;agg;int;atm;col;adr;lat;long
202300007257;19;8;2023;00:15;3;21;21247;1;1;1;6;a6;47,481872;4,177401
202300007258;17;8;2023;14:57;1;21;21676;1;1;1;2;Auroute A6;47,453305;4,266858
202300007259;17;8;2023;16:40;1;67;67302;2;3;1;2;Rue du Maréchal Joffre;48,746031;7,37836
202300007260;25;7;2023;17:00;1;54;54314;1;3;8;6;D171;49,495511;5,713078
202300007261;19;8;2023;23:00;5;1;1419;1;1;1;6;D89k;46,234231;6,006901
202300007262;17;8;2023;19:00;1;29;29189;2;1;1;3;RN165;48,386069;-4,395953
202300007263;19;8;2023;12:55;1;91;91363;1;1;1;3;D446;48,663559;2,199411
202300007264;10;8;2023;22:45;3;84;84037;1;1;1;1;D17;44,059932;4,801801
202300007265;16;8;2023;15:40;1;62;62261;2;6;1;3;D940;50,48813048;1,62338207
202300007266;19;8;2023;11:20;1;65;65153;1;1;1;7;D21;43,237629;0,20153
202300007267;20;8;2023;23:50;3;50;50535;1;1;1;6;a84 pr 180.080;48,755439;-1,278727
202300007268;20;8;2023;03:20;3;44;44209;1;1;1;5;N/A;47,338132;-1,654226
202300007269;16;8;2023;18:18;1;48;48099;1;1;1;2;N/A;44,56949;3,251191
202300007270;20;8;2023;03:30;3;30;30315;1;1;1;6;N/A;43,95053;4,708972
202300007271;20;8;2023;15:35;1;50;50295;1;2;7;3;La Croix Mariee;48,956742;-1,200621
202300007272;22;7;2023;06:00;2;47;47121;1;1;1;1;D933;44,35586571;0,10721139
202300007273;18;8;2023;09:25;1;34;34270;2;9;1;1;26 Route de Montpellier;43,577173;3,834395
202300007274;24;6;2023;15:00;1;35;35197;1;1;1;7;La Bourjauderie;48,2177163;-1,6231361
202300007275;19;8;2023;14:50;1;57;57067;2;1;1;7;8 Route de Thionville;49,311463;6,185501
202300007276;18;8;2023;16:50;1;57;57302;1;1;1;1;D90;48,63449683;6,95898056
202300007277;18;8;2023;10:40;1;57;57253;1;1;1;6;D89;48,681384;6,895423
202300007278;20;8;2023;08:00;1;57;57695;1;1;1;7;D19;49,130664;6,463778
202300007279;17;8;2023;00:45;3;51;51412;1;1;1;7;Route départementale 05 OGNES;48,700648;3,915006
202300007280;10;8;2023;19:40;1;51;51069;1;1;1;7;D980;49,185967;3,855493
202300007281;16;8;2023;17:50;1;59;59464;1;3;1;2;chaussee brunehaut;50,172724;3,615661
202300007282;19;8;2023;15:20;1;95;95527;1;1;1;2;D317;49,02242;2,497587
202300007283;10;8;2023;11:15;1;56;56102;1;2;1;3;bocneuf la rivière;47,965151;-2,617879
202300007284;18;8;2023;12:00;1;56;56249;1;1;1;4;Les Alleux D8;47,995849;-2,460798
202300007285;15;8;2023;11:00;1;56;56078;1;1;1;6;Kergaher;47,755613;-3,500741
202300007286;12;8;2023;09:15;1;56;56243;2;1;1;6;Le Poulfanc;47,651686;-2,724009
202300007287;19;8;2023;16:15;1;56;56155;2;3;1;5;Bilaire;47,4715424;-2,4673462
202300007288;17;8;2023;16:55;1;56;56221;1;3;1;1;Le Bois Guy;47,650631;-2,218541
202300007289;19;8;2023;00:00;4;59;59663;2;1;1;6;Route de Steenvoorde;50,876814;2,473297
202300007290;16;8;2023;18:40;1;78;78346;1;2;1;3;D928;48,928445;1,609618
202300007291;21;8;2023;16:10;1;67;67277;1;1;1;1;Route du Rhin;48,187978;7,562628
202300007292;19;8;2023;12:45;1;76;76260;2;3;1;3;Promenade En Pays de Bray;49,478665;1,740174
202300007293;17;8;2023;22:16;3;76;76146;1;1;1;6;D919;49,588069;1,387689
202300007294;18;8;2023;02:00;3;76;76123;2;3;1;3;D47;49,543063;1,110276
202300007295;20;9;2023;15:20;1;62;62178;2;3;1;2;Rue de la République;50,47936186;2,54099572
202300007296;13;8;2023;19:40;1;79;79007;1;1;1;7;N/A;46,564172;-0,414305
202300007297;20;9;2023;11:25;1;59;59476;1;1;1;1;RD 643;50,14377;3,20966
202300007298;19;8;2023;12:45;1;2A;2A271;1;9;1;1;Gare de Mezzana;41,979592;8,833974
202300007299;21;9;2023;14:30;1;58;58194;2;2;2;3;PERE DE FOUCAULD;46,99494;3,127011
202300007300;18;8;2023;15:45;1;2B;2B283;1;1;1;5;RT 10;41,869229;9,397339
202300007301;21;8;2023;17:46;1;80;80240;2;4;7;1;rue de peronne;49,933133;2,952294
202300007302;20;9;2023;21:42;5;55;55029;2;3;1;3;VERDUN ( RUE DE );48,77048626;5,16799986
202300007303;20;9;2023;12:10;1;54;54304;2;1;1;6;MOSELLE (RUE DE LA);48,699144;6,135551
202300007304;18;8;2023;00:20;3;80;80167;1;1;1;1;D928;50,195427;1,879577
202300007305;21;9;2023;17:45;1;54;54382;2;1;3;6;Route de Longwy;49,53551;5,76699
202300007306;17;8;2023;22:20;3;80;80008;2;1;1;6;grand rue;50,033314;1,618364
202300007307;21;9;2023;13:00;1;54;54036;1;1;1;7;RD139;49,292782;5,980179
202300007308;17;8;2023;13:54;1;82;82186;2;1;1;1;Avenue du Quercy;44,114535;0,895418
202300007309;21;9;2023;12:50;1;51;51454;2;1;2;7;CHAMPAGNE   (  AVENUE DE);49,2248;4,02606
202300007310;17;8;2023;13:24;1;82;82112;1;9;1;6;1638 Côte de Saint-Julien;44,154218;1,097855
202300007311;21;9;2023;08:30;1;50;50502;1;1;1;6;FUMICHON (lieu dit);49,09732;-1,05828
202300007312;21;8;2023;08:40;1;82;82002;1;1;1;1;Route de Daynes;44,065687;1,451649
202300007313;20;9;2023;13:00;1;50;50129;2;3;1;3;MARITIME (BOULEVARD);49,64721;-1,59376
202300007314;19;8;2023;03:45;3;82;82087;1;1;1;7;Route de Vazerac;44,153972;1,223736
202300007315;29;7;2023;19:15;1;82;82087;2;1;1;3;lieu dit camparnaud;44,134706;1,195756
202300007316;19;9;2023;12:10;1;49;49099;2;2;1;3;MARCEL DOUTRELIGNE;47,0474;-0,84767
202300007317;18;8;2023;15:45;1;65;65195;1;1;1;7;Route de Val Louron;42,8084;0,401223
202300007318;20;9;2023;16:13;1;49;49007;2;1;1;7;BARANGE BOULEVARD;47,45508;-0,56879
202300007319;17;8;2023;09:30;1;65;65039;1;1;1;3;Route du Col D918;42,925593;0,34785
202300007320;21;9;2023;20:10;4;45;45298;2;1;2;2;Rue des Hautes Levées;47,88866;1,86156
202300007321;20;8;2023;08:20;1;65;65452;1;1;1;6;Route de Bonnefont;43,3012767;0,36253582
202300007322;21;9;2023;12:15;1;45;45302;2;1;3;6;D2701 PR 2 + 1;47,94224;1,88433
202300007323;21;8;2023;12:15;1;33;33316;1;2;1;3;Saint Laurent;44,755842;0,123473
202300007324;21;9;2023;09:40;1;45;45298;1;1;3;1;D951 PR 96 + 730;47,87569797;1,84913939
202300007325;19;8;2023;15:10;1;33;33400;1;1;1;6;D16;44,672201;0,063112
202300007326;21;9;2023;09:05;1;45;45234;2;1;3;2;206 Rue du Faubourg Bannier;47,92053;1,8982
202300007327;18;8;2023;02:00;3;32;32079;1;1;1;7;D264;43,921591;0,131943
202300007328;21;9;2023;19:35;1;44;44109;2;1;3;3;Quai de la Fosse;47,20863;-1,56795
202300007329;17;8;2023;13:30;1;32;32127;2;1;1;6;4 Rue de l'Armagnac;43,866604;-0,108311
202300007330;20;8;2023;17:45;1;71;71314;1;1;1;6;route de saint germain du bois;46,804815;5,306847
202300007331;21;9;2023;15:40;1;38;38169;2;9;1;3;BOULEVARD PAUL LANGEVIN;45,197245;5,671739
202300007332;19;8;2023;01:45;3;89;89428;2;1;8;6;1 Route de Courtenay;48,225339;3,031385
202300007333;21;9;2023;18:00;1;37;37261;2;3;2;6;SAINT VINCENT DE PAUL (AVENUE);47,35901;0,7048
202300007334;20;8;2023;04:45;3;89;89436;1;1;1;7;24 Rue des Roches;48,016338;3,719018
202300007335;20;9;2023;14:00;1;37;37261;2;1;1;6;VICTOIRE (RUE DE LA);47,39275;0,67867
202300007336;18;8;2023;16:45;1;89;89158;1;1;1;6;D6;47,518534;3,299975
202300007337;20;9;2023;10:20;1;35;35238;2;2;1;3;TOUR D'AUVERGNE (BD DE LA);48,10544;-1,68464
202300007338;20;8;2023;10:40;1;63;63097;1;1;1;7;D23 PK 18+500;45,49128896;3,06965785
202300007339;19;9;2023;04:45;3;35;35238;1;1;1;2;RN136;48,08412;-1,6987
202300007340;20;8;2023;14:15;1;63;63010;2;1;1;6;Route de Dore l'Eglise;45,407218;3,727895
202300007341;20;9;2023;12:10;1;34;34003;2;6;1;3;SOLEIL (G15 A J18;43,303261;3,485677
202300007342;20;9;2023;18:20;2;31;31555;2;1;1;1;LAUNAGUET (RTE DE) DU 1AU 109;43,647;1,439
202300007343;19;9;2023;18:15;1;30;30007;2;3;1;3;Quai Boissier de Sauvages;44,12728;4,07709
202300007344;21;9;2023;17:05;1;26;26198;1;3;1;3;Route du Teil;44,55392;4,71145
202300007345;21;9;2023;02:00;5;13;13208;2;2;2;3;LIANDIER (RUE);43,27844;5,3923
202300007346;20;9;2023;17:20;1;13;13209;2;1;2;2;LANCIER (CHEMIN DU);43,24652133;5,3956803
202300007347;20;9;2023;17:50;1;11;11069;2;9;8;3;3 Route de Montreal;43,21193;2,33005
202300007348;20;9;2023;14:05;1;11;11069;2;1;2;7;690 Boulevard Denis Papin;43,209215;2,32315
202300007349;20;9;2023;17:28;1;10;10387;2;1;1;-1;EDOUARD HERRIOT (RUE);48,27415;4,0835
202300007350;21;9;2023;15:15;1;7;7281;1;1;3;6;C.D.533;44,93268;4,81451
202300007351;19;9;2023;12:35;1;6;6069;2;1;2;2;SIDI BRAHIM (AVENUE);43,64965;6,93231
202300007352;20;9;2023;18:50;2;5;5023;2;6;2;7;MAISONS BLANCHES (RUE DES);44,882057;6,622711
202300007353;20;9;2023;14:29;1;2;2722;2;1;1;6;39 Rue Saint Christophe;49,38196;3,32173
202300007354;21;9;2023;16:19;1;75;75113;2;1;1;3;PORTE D ITALIE;48,817884;2,35351
202300007355;20;9;2023;22:20;5;75;75118;2;1;1;2;BD PERIPHERIQUE EXTERIEUR;48,901208;2,353476
202300007356;20;9;2023;22:20;3;75;75114;2;1;1;7;BD PERIPHERIQUE INTERIEUR;48,817212;2,334982
202300007357;20;9;2023;20:15;5;75;75120;2;1;1;2;BD PERIPHERIQUE INTERIEUR;48,847428;2,41456
202300007358;20;9;2023;18:30;1;75;75116;2;1;1;2;BD PERIPHERIQUE INTEREIUR;48,861934;2,2646
202300007359;20;9;2023;14:03;1;75;75116;2;1;1;2;ECHANGEUR MAILLOT;48,87827311;2,28020364
202300007360;21;9;2023;05:51;5;75;75108;2;5;2;6;BOULEVARD HAUSSMANN;48,87378;2,327025
202300007361;21;9;2023;18:25;2;75;75105;2;1;1;3;BOULEVARD DE PORT ROYAL;48,838706;2,340566
202300007362;21;9;2023;17:05;1;75;75106;2;2;1;6;BOULEVARD DU MONTPARNASSE;48,843125;2,326434
202300007363;21;9;2023;12:00;1;75;75105;2;2;2;6;AVENUE DE L OBSERVATOIRE;48,83968373;2,33668149
202300007364;21;9;2023;07:45;2;75;75105;2;7;2;3;PLACE VALHUBERT;48,844413;2,365025
202300007365;21;9;2023;02:15;5;75;75117;2;3;2;3;AVENUE DE CLICHY;48,889985;2,321249
202300007366;21;9;2023;18:40;1;75;75116;2;1;1;3;AVENUE VICTOR HUGO;48,87002;2,286183
202300007367;21;9;2023;15:30;1;75;75115;2;2;2;3;QUAI DE GRENELLE;48,84933;2,281625
202300007368;21;9;2023;15:00;1;75;75115;2;2;2;3;RUE LECOURBE;48,836861;2,283584
202300007369;21;9;2023;09:15;1;75;75115;2;1;2;2;BOULEVARD DE VAUGIRARD;48,840797;2,316274
202300007370;21;9;2023;08:10;1;75;75115;2;1;2;3;RUE BALARD;48,839032;2,278283
202300007371;21;9;2023;09:45;1;75;75115;2;1;2;7;BOULEVARD LEFEBVRE;48,82787806;2,30417848
202300007372;20;9;2023;11:50;1;75;75114;2;2;1;6;RUE D ALESIA;48,826531;2,34159
202300007373;21;9;2023;08:05;1;75;75113;2;2;2;3;AVENUE DES GOBELINS;48,833414;2,35421
202300007374;21;9;2023;17:38;1;75;75107;2;1;1;3;RUE SAINT DOMINIQUE;48,859949;2,316205
202300007375;21;9;2023;14:55;1;75;75107;2;7;2;3;PLACE VAUBAN;48,853276;2,313018
202300007376;21;9;2023;08:40;1;75;75102;2;1;2;7;BOULEVARD DES ITALIENS;48,871808;2,339045
202300007377;21;9;2023;07:50;1;75;75101;2;2;2;7;BOULEVARD DE SEBASTOPOL;48,861985;2,350163
202300007378;19;9;2023;17:45;1;75;75104;2;2;1;3;PONT DE SULLY;48,850802;2,361437
202300007379;21;9;2023;11:25;1;94;94068;2;1;2;2;Avenue du Bac;48,79555;2,50881
202300007380;21;9;2023;20:40;3;94;94041;2;9;1;6;Avenue de Verdun;48,80785069;2,37493944
202300007381;21;9;2023;01:15;3;94;94073;2;9;1;3;Avenue de Fontainebleau;48,748086;2,36933
202300007382;20;9;2023;21:20;5;94;94028;2;1;1;6;Rue du Docteur Ramon;48,77289781;2,46571465
202300007383;21;9;2023;19:45;2;94;94077;2;1;2;6;Route d’Orly;48,7396272;2,4068071
202300007384;21;9;2023;18:50;1;94;94069;2;1;1;2;Avenue Saint Maurice du Valais;48,81679;2,45947
202300007385;21;9;2023;11:20;1;94;94017;2;1;2;6;Avenue du Général de Gaulle;48,82492;2,50092
202300007386;21;9;2023;11:35;1;94;94070;2;1;3;2;Rte de Paris;48,720016;2,566071
202300007387;21;9;2023;16:50;1;94;94002;2;1;2;2;43 Rue Emile Zola;48,79966592;2,42591147
202300007388;21;9;2023;17:48;1;93;93073;2;2;1;3;Avenue Diderot / Avenue Jacques Debris;48,95619243;2,57665034
202300007389;21;9;2023;13:45;1;93;93073;1;9;3;6;Rue du Chapitre;49,00207;2,53705
202300007390;21;9;2023;16:35;1;93;93079;2;1;1;2;Avenue Jean-baptiste Clément;48,957502;2,33789
202300007391;21;9;2023;13:40;1;93;93079;2;1;2;7;Route de Saint-leu;48,95048673;2,34042853
202300007392;21;9;2023;20:15;5;93;93027;2;3;8;5;Avenue Paul Vaillant Couturier / Rue Jean Vernet;48,92354884;2,41391985
202300007393;21;9;2023;14:56;1;93;93008;2;1;2;2;Rue de Paris;48,9010677;2,45520696
202300007394;20;9;2023;14:10;1;93;93008;2;1;2;6;Avenue Jean Jaures;48,905009;2,439478
202300007395;21;9;2023;10:20;1;93;93008;2;2;2;3;Rue de Paris;48,89854;2,44187
202300007396;20;9;2023;20:40;5;92;92051;2;1;1;6;CHARLES DE GAULLE (AVENUE, N° 18 A 116);48,88127679;2,27171302
202300007397;21;9;2023;09:15;1;92;92050;2;3;3;6;FONTANOT RUE DES TROIS;48,8946017;2,22532332
202300007398;21;9;2023;13:40;1;92;92049;2;1;3;6;BARBES RUE;48,81746;2,32664
202300007399;21;9;2023;13:00;1;92;92020;2;2;2;3;PERI RUE GABRIEL;48,80189;2,28738
202300007400;21;9;2023;13:33;1;92;92040;2;1;3;6;GAMBETTA (BOULEVARD);48,82745264;2,2770282
202300007401;21;9;2023;16:00;1;92;92004;2;2;1;3;EMILE ZOLA ( RUE );48,92460758;2,28409876
202300007402;20;9;2023;18:00;1;92;92036;2;1;1;3;BAS ( RUE DES );48,91434;2,29697
202300007403;21;9;2023;18:15;1;92;92002;2;2;1;6;MIRABEAU (RUE);48,74771059;2,29932368
202300007404;21;9;2023;12:00;1;92;92002;2;3;2;3;BOIS DE VERRIERES (AVENUE DU);48,75657189;2,2816658
202300007405;22;9;2023;07:15;1;2A;2A065;1;1;2;6;Pont de chiuni, D81;42,1802579;8,61484382
202300007406;20;9;2023;20:20;5;6;6161;2;1;1;3;Route Départementale 6007;43,633353;7,134181
202300007407;22;9;2023;07:55;1;974;97412;2;1;1;3;Rue Juliette Dodu;-21,378789;55,613293
202300007408;22;9;2023;10:15;1;972;97212;2;1;1;6;les Deux Terres;14,701453;-61,013839
202300007409;21;9;2023;17:30;1;44;44051;1;1;1;3;Le Tertre;47,665449;-1,68932
202300007410;21;9;2023;10:00;1;30;30334;2;3;2;7;N/A;43,990703;4,42874
202300007411;22;8;2023;19:40;1;91;91560;1;6;1;3;D35;48,675012;2,168072
202300007412;22;9;2023;09:45;1;56;56204;1;1;1;6;La Ville Bretonne;47,918323;-2,73029
202300007413;14;9;2023;14:30;1;67;67088;2;1;1;7;Dehlingen;48,98673;7,191389
202300007414;19;9;2023;16:30;1;2B;2B123;2;6;1;3;Intersection D 344 et rue du Renosu;42,017042;9,4042
202300007415;15;9;2023;21:20;3;80;80649;1;2;1;3;D32d;50,316655;1,630247
202300007416;21;9;2023;20:50;3;65;65161;1;1;9;2;N21;43,34513915;0,13458095
202300007417;22;9;2023;14:30;1;63;63132;1;1;2;3;N/A;45,617504;3,550301
202300007418;21;9;2023;12:20;1;49;49345;1;9;1;3;D120;47,286158;-0,520949
202300007419;21;9;2023;17:40;1;34;34140;2;9;1;6;Avenue Ingarrigues;43,376462;3,177677
202300007420;21;9;2023;09:56;1;68;68138;2;1;1;6;16 Rue de Bettendorf;47,585586;7,259113
202300007421;22;9;2023;09:20;1;39;39470;1;1;8;1;N/A;46,499017;6,099292
202300007422;20;9;2023;13:45;1;44;44129;1;1;1;6;l'Île Bayon;47,3817909;-2,0516574
202300007423;21;9;2023;20:05;2;44;44146;1;1;2;6;12 Arche;47,77435576;-1,41385674
202300007424;19;9;2023;19:55;5;29;29235;2;4;2;3;rue Brizeux;48,406172;-4,391079
202300007425;22;9;2023;09:50;1;29;29174;1;1;1;7;Route de Quelordan;47,872401;-4,240382
202300007426;21;9;2023;15:00;1;3;3062;2;1;2;1;D35;46,183099;3,164964
202300007427;22;9;2023;11:45;1;15;15074;1;1;2;1;N 122 ;44,931949;2,492545
202300007428;20;9;2023;23:45;3;26;26113;1;1;1;7;D93;44,766481;5,330815
202300007429;22;9;2023;03:40;3;50;50273;1;1;3;2;Route de la Haye du Puits;49,292497;-1,521649
202300007430;22;9;2023;00:35;3;18;18008;1;1;2;7;N/A;46,952826;2,349079
202300007431;18;9;2023;15:00;1;43;43051;2;2;1;3;Route de Saint-Agrève;45,055667;4,313464
202300007432;19;9;2023;18:35;1;36;36088;2;3;1;6;Chemin du Postillon;46,95174652;1,99873388
202300007433;20;9;2023;22:42;5;30;30307;1;1;3;6;N/A;44,19419;4,043602
202300007434;22;9;2023;16:45;1;30;30061;1;9;1;6;N/A;43,934951;4,254504
202300007435;21;9;2023;18:56;1;48;48074;1;1;8;6;pk 13 D996;44,204374;3,336695
202300007436;21;9;2023;18:20;1;63;63370;1;9;2;7;Autoroute A89;45,666321;2,682445
202300007437;22;9;2023;15:45;1;6;6018;2;1;1;6;Chemin Neuf;43,6278;7,095461
202300007438;20;9;2023;13:40;1;68;68297;1;1;1;2;A35;47,605496;7,52944
202300007439;22;9;2023;14:00;1;30;30189;1;1;1;5;N/A;43,806524;4,363106
202300007440;21;9;2023;13:40;1;974;97422;2;1;1;6;112 Rue Raphael Douyère;-21,21323;55,552524
202300007441;25;8;2023;06:45;2;83;83079;1;3;1;3;D98;43,212081;6,493499
202300007442;22;9;2023;16:00;1;13;13035;1;1;7;1;Route d?Orgon;43,708625;5,02794
202300007443;4;9;2023;08:00;2;13;13027;2;1;1;3;D28;43,885295;4,864503
202300007444;22;9;2023;09:30;2;63;63284;2;6;1;3;avenue Roger Prat /chemin de la Quarte;45,8006;3,243005
202300007445;22;9;2023;17:00;1;38;38087;2;1;2;6;Avenue Léon Blum;45,581236;4,796814
202300007446;16;9;2023;18:00;1;7;7235;2;1;2;1;d116;44,808787;4,188956
202300007447;7;9;2023;16:20;1;1;1249;2;3;7;3;Rue des Brotteaux;45,823231;4,966727
202300007448;9;9;2023;11:49;1;69;69107;1;1;1;6;Route du Col;46,03609394;4,51972483
202300007449;20;9;2023;19:15;1;33;33243;2;6;1;3;Avenue du Général de Gaulle;44,90319;-0,221947
202300007450;21;9;2023;09:00;1;50;50294;1;1;1;3;D352 PR 01.500;49,602742;-1,640825
202300007451;22;9;2023;19:00;2;27;27412;1;1;1;6;D79;49,272019;1,123996
202300007452;22;9;2023;11:30;1;60;60106;1;9;2;6;D37;49,38691161;2,45605803
202300007453;21;9;2023;22:15;3;2;2495;1;1;1;6;33 Avenue de Verdun;49,965963;4,053741
202300007454;21;9;2023;13:40;1;59;59531;2;1;3;6;2 Rue du Cateau;50,075547;3,530796
202300007455;22;9;2023;08:30;1;59;59250;1;6;1;3;Fournes-en-Weppes;50,58434;2,907665
202300007456;21;9;2023;11:00;1;13;13005;1;1;1;2;A52-Sens Toulon vers Pont de l'Etoile;43,3236;5,5981
202300007457;20;9;2023;18:00;1;13;13019;1;1;2;3;A51-Sens Marseille vers Aix en Provence;43,4213827;5,36970087
202300007458;21;9;2023;07:10;2;13;13028;1;1;3;6;A50;43,195996;5,645306
202300007459;6;9;2023;18:00;1;69;69256;1;1;1;2;Autoroute 42 ;45,80420156;4,92603372
202300007460;21;9;2023;06:49;2;67;67482;2;1;1;2;M350;48,59696;7,74994
202300007461;21;9;2023;17:30;1;91;91339;1;1;1;5;RN 104;48,62387;2,2661
202300007462;21;9;2023;15:40;1;91;91136;1;1;2;6;AUTOROUTE A10;48,71073;2,28843
202300007463;21;9;2023;09:20;1;91;91235;1;1;3;7;RN 104;48,626;2,353
202300007464;21;9;2023;07:45;1;91;91286;1;1;2;3;AUTOROUTE A6;48,65409;2,38047
202300007465;21;9;2023;15:25;1;78;78640;1;1;2;5;A86 EXT;48,777254;2,223418
202300007466;21;9;2023;09:00;1;78;78217;1;1;3;6;A13;48,963053;1,833688
202300007467;19;9;2023;08:28;1;78;78640;1;1;1;3;N118;48,784529;2,223155
202300007468;21;9;2023;19:00;1;93;93029;1;1;8;3;AUTOROUTE A86;48,91636;2,42967
202300007469;21;9;2023;16:45;1;92;92036;1;1;1;7;AUTOROUTE A86;48,93897699;2,3024278
202300007470;21;9;2023;11:30;1;93;93027;1;1;3;4;AUTOROUTE A1;48,93557;2,40278
202300007471;21;9;2023;10:00;1;92;92036;1;1;3;3;AUTOROUTE A15;48,94364712;2,28775617
202300007472;21;9;2023;08:45;1;93;93010;1;1;3;6;AUTOROUTE A3;48,90759;2,47309
202300007473;21;9;2023;21:25;5;94;94069;1;1;2;6;A4;48,81720461;2,42851783
202300007474;21;9;2023;09:40;1;77;77337;1;1;3;3;A4;48,82994857;2,61980264
202300007475;21;9;2023;09:00;1;77;77294;1;1;3;6;N1104;48,97156364;2,57335321
202300007476;21;9;2023;07:40;1;94;94042;1;1;3;4;A4;48,82800728;2,4730466
202300007477;19;6;2023;07:50;1;62;62826;2;6;1;3;D939;50,50823;1,61152
202300007478;19;9;2023;19:50;1;92;92049;2;1;1;2;GINOUX AV. HENRI N°1 A 95 ET 2 A 104;48,81915;2,32324
202300007479;20;9;2023;06:00;1;974;97416;2;1;1;7;AERODROME (CHEMIN DE L');-21,30236;55,4237
202300007480;20;9;2023;19:45;5;974;97407;2;1;1;6;DAYOT(RUE);-20,94623;55,29195
202300007481;20;9;2023;12:20;1;974;97407;2;1;1;3;JACQUES PREVERT (RUE) RIVIERE DES GALETS;-20,94308;55,32896
202300007482;20;9;2023;14:33;1;69;69387;2;8;1;3;Quai Charles de Gaulle;45,74781;4,8336
202300007483;20;9;2023;07:00;2;69;69386;2;2;1;3;20 Rue Masséna;45,7711;4,8539
202300007484;20;9;2023;19:55;5;69;69389;2;1;1;6;7 Rue Marietton;45,77486;4,80752
202300007485;20;9;2023;14:45;1;2B;2B033;2;1;1;3;TOUTES RUES;42,67893;9,43872
202300007486;20;9;2023;08:25;1;91;91421;2;1;1;5;NATIONALE 6 (CES POMPIDOU);48,69095;2,45396
202300007487;20;9;2023;15:53;1;91;91434;2;1;1;6;JEAN-PIERRE TIMBAUD (RUE);48,661255;2,359245
202300007488;20;9;2023;07:55;1;89;89387;2;1;1;2;VERDUN (BOULEVARD DE);48,20445;3,28981
202300007489;19;9;2023;18:14;1;30;30011;1;3;1;3;Route d'Aramon;43,94925;4,78793
202300007490;16;9;2023;23:15;5;83;83126;2;3;1;3;ORVES (AV ESTIENNE D');43,11207;5,87781
202300007491;17;9;2023;22:55;5;83;83061;2;6;1;3;AVENUE DE PROVENCE;43,42648;6,75596
202300007492;20;9;2023;14:35;1;78;78551;2;1;1;3;LYAUTEY (DU MARECHAL);48,89477;2,09718
202300007493;20;9;2023;12:30;1;77;77330;2;1;1;2;CRECY (CHEMIN DE);48,927133;2,884128
202300007494;20;9;2023;14:17;1;77;77058;2;1;1;6;GENERAL DE GAULLE  (AVENUE DU);48,83784;2,70993
202300007495;20;9;2023;20:40;3;76;76540;2;3;1;3;Avenue de la Libération;49,42573;1,06861
202300007496;20;9;2023;18:00;1;76;76497;1;1;1;2;D418 (Bretelle);49,38409;1,04945
202300007497;20;9;2023;08:15;1;73;73008;2;3;1;3;D991 GRAND PORT (RONDEAU) AVENUE DU;45,700796;5,902385
202300007498;19;9;2023;18:15;1;72;72181;2;6;1;3;DEMORIEUX (BD) ENTRE HUISNE ET RD-POINT;47,99296;0,18452
202300007499;20;9;2023;08:30;1;71;71076;2;1;1;6;VERDUN (AVENUE);46,77655341;4,86013766
202300007500;20;9;2023;16:30;1;69;69256;2;2;1;3;Avenue Gaston Monmousseau;45,77994;4,91018
202300007501;20;9;2023;16:10;1;69;69275;2;2;1;3;Avenue Franklin Roosevelt;45,76771;4,93663
202300007502;20;9;2023;18:15;1;69;69259;2;1;1;3;Route de Vienne;45,723567;4,85412093
202300007503;19;9;2023;20:00;1;69;69259;2;2;1;3;Route de Vienne;45,71687668;4,85628833
202300007504;20;9;2023;10:10;1;64;64260;2;3;1;2;CANETA (RUE DE);43,357354;-1,77631
202300007505;20;9;2023;17:50;1;64;64445;2;1;1;6;ORLEANS D';43,29899;-0,37286
202300007506;20;9;2023;14:50;1;64;64284;2;1;1;2;8 MAI 1945 DU;43,29291;-0,41055
202300007507;20;9;2023;10:00;1;64;64284;1;1;1;6;18 JUIN 1940 DU;43,29335129;-0,41141063
202300007508;20;9;2023;08:30;1;64;64445;2;1;7;3;UNIVERSITE DE L';43,31125;-0,3634
202300007509;20;9;2023;09:45;1;63;63300;2;1;1;6;VIRLOGEUX (AVENUE);45,8902;3,1184
202300007510;20;9;2023;07:50;1;63;63113;2;2;1;3;Lafayette / Paulines;45,7734;3,0924
202300007511;20;9;2023;07:50;2;63;63113;2;2;1;6;rue abbé Prevost;45,79349;3,07842
202300007512;20;9;2023;08:50;1;62;62193;2;1;2;6;Rue Descartes;50,95385;1,860194
202300007513;20;9;2023;13:35;1;61;61001;2;6;1;3;D27 PR1+350;48,43477;0,11293
202300007514;20;9;2023;07:50;1;61;61001;2;3;1;3;D2;48,43908;0,07471
202300007515;22;10;2023;05:57;5;6;6083;2;1;1;7;SOLEIL (PROMENADE DU, N° 850 A 960);43,772985;7,499787
202300007516;22;10;2023;16:45;1;6;6004;1;1;1;1;R.N.98 BORD DE MER SIESTA;43,604639;7,125518
202300007517;6;10;2023;16:07;1;4;4112;2;1;1;3;SAVELS (AV. DES);43,82693;5,78119
202300007518;22;10;2023;04:37;5;1;1053;2;1;1;6;POINCARE ( RUE RAYMOND);46,21033;5,22212
202300007519;22;10;2023;12:50;1;75;75120;2;1;1;5;PORTE DES LILAS;48,872376;2,412504
202300007520;22;10;2023;13:15;1;75;75116;2;1;1;3;PORTE D AUTEUIL;48,844967;2,255002
202300007521;21;10;2023;18:40;5;75;75113;2;1;2;2;PORTE D ITALIE;48,817318;2,366127
202300007522;20;10;2023;17:30;1;75;75113;2;1;1;3;PORTE D IVRY;48,820273;2,37556