Num_Acc;jour;mois;an;hrmn;lum;dep;com;agg;int;atm;col;adr;lat;long
202300007523;20;10;2023;13:40;1;75;75117;2;1;2;2;PORTE DE CLICHY;48,896462;2,310057
202300007524;21;10;2023;05:52;3;75;75118;2;1;1;6;RUE DE LA CHAPELLE;48,897854;2,359105
202300007525;22;10;2023;12:15;1;75;75117;2;3;1;6;BOULEVARD GOUVION SAINT CYR;48,882262;2,286022
202300007526;21;10;2023;17:00;1;75;75117;2;5;6;5;BOULEVARD DE DOUAUMONT;48,896248;2,310003
202300007527;22;10;2023;20:10;5;75;75116;2;2;1;3;ALLEE DE LONGCHAMP;48,874949;2,27113
202300007528;22;10;2023;16:55;1;75;75116;2;3;1;6;RUE DE L ASSOMPTION;48,855853;2,264758
202300007529;21;10;2023;20:20;5;75;75116;2;2;2;6;CHAUSSEE LA MUETTE;48,85817;2,274299
202300007530;21;10;2023;15:30;1;75;75116;2;2;2;3;ALLEE DE LONGCHAMP;48,874922;2,271112
202300007531;22;10;2023;03:20;5;75;75113;2;1;8;6;BOULEVARD DU GENERAL JEAN SIMON;48,825217;2,380391
202300007532;22;10;2023;00:20;5;75;75107;2;2;1;3;QUAI D ORSAY;48,862588;2,310411
202300007533;22;10;2023;16:35;1;75;75110;2;1;1;3;BOULEVARD DE LA VILLETTE;48,880981;2,370073
202300007534;22;10;2023;15:55;1;75;75110;2;1;1;6;RUE DES PETITES ECURIES;48,873908;2,349562
202300007535;20;10;2023;18:30;1;75;75108;2;2;1;6;AVENUE DE FRIEDLAND;48,874154;2,298921
202300007536;21;10;2023;23:23;5;75;75107;2;3;2;6;PONT D IENA;48,85906346;2,29326189
202300007537;22;10;2023;17:20;1;75;75102;2;2;1;3;BOULEVARD DE SEBASTOPOL;48,864411;2,351528
202300007538;22;10;2023;13:10;1;94;94073;2;1;1;6;Rue de la Résistance;48,757281;2,38808
202300007539;22;10;2023;04:40;5;94;94033;2;1;2;6;Rue Gambetta;48,85024;2,46472
202300007540;21;10;2023;22:20;5;94;94033;2;1;3;3;Avenue de Lattre de Tassigny;48,85711;2,49183
202300007541;22;10;2023;18:50;5;93;93077;2;6;1;6;Rue Saint Louis / Avenue Masséna;48,88963;2,50139
202300007542;22;10;2023;11:55;1;93;93055;2;1;1;3;Avenue du Général Leclerc;48,899037;2,407865
202300007543;22;10;2023;20:10;5;93;93048;2;1;1;3;Rue Franklin;48,86310703;2,4440271
202300007544;22;10;2023;17:15;1;93;93048;2;1;1;1;Rue Jean Lolive;48,86713;2,42917
202300007545;22;10;2023;22:20;5;93;93029;2;3;1;3;Rue de la Station / Rue de la République;48,9262;2,42579
202300007546;22;10;2023;20:40;5;93;93010;2;1;1;2;GALLIENI (AV.) DE 111 A 175;48,906412;2,483173
202300007547;22;10;2023;11:30;1;93;93008;2;6;8;3;Avenue Paul Vaillant - Couturier;48,90955;2,44572
202300007548;22;10;2023;20:30;5;92;92036;2;1;1;3;MARCEL PAUL (AVENUE) (1/103);48,93362127;2,30274975
202300007549;22;10;2023;14:35;1;92;92012;2;1;1;7;GEORGES SOREL (RUE);48,83493049;2,24090838
202300007550;23;10;2023;04:49;3;83;83061;1;1;1;7;Gare de Péage du Capitou;43,469405;6,7308
202300007551;11;10;2023;18:53;5;974;97422;2;3;1;3;101 Rue Hubert Delisle;-21,282544;55,51947
202300007552;23;10;2023;10:00;1;6;6095;2;1;8;2;23 Avenue de Peygros;43,635131;6,865549
202300007553;23;10;2023;17:50;1;58;58044;1;1;2;1;La Giraffe;47,491232;2,921001
202300007554;23;10;2023;08:50;2;50;50095;2;1;8;6;Rue de Carbonnel;49,07648;-1,173531
202300007555;22;10;2023;10:15;1;51;51002;1;1;2;1;D11;48,990778;3,82174
202300007556;22;3;2023;18:30;2;19;19063;2;1;1;1;N/A;45,13837056;1,58181667
202300007557;22;10;2023;19:35;3;56;56140;1;1;2;6;Le Petit Resto;47,949983;-2,792459
202300007558;22;10;2023;20:00;3;32;32160;1;1;1;2;N124;43,605575;1,07607
202300007559;22;10;2023;10:42;1;11;11397;2;4;1;3;D3;43,206071;2,430612
202300007560;22;10;2023;21:00;3;63;63397;1;1;8;6;D82;45,629045;2,690685
202300007561;23;10;2023;10:40;1;63;63409;1;1;1;6;D26;45,536501;3,044507
202300007562;23;10;2023;19:52;3;68;68011;1;1;2;6;D34;47,783202;7,146327
202300007563;22;10;2023;13:15;1;68;68126;2;1;1;1;45 Rue de Hésingue;47,565429;7,527024
202300007564;22;10;2023;13:05;1;22;22085;1;1;1;7;D20;48,821047;-3,188613
202300007565;7;10;2023;17:25;1;29;29177;1;3;1;1;Langue;48,43227565;-4,69461896
202300007566;20;10;2023;10:25;2;29;29174;1;1;2;2;Trelluant;47,89751099;-4,3090853
202300007567;22;10;2023;11:54;1;3;3038;1;3;1;3;D1;46,327391;3,242667
202300007568;23;10;2023;13:30;1;3;3257;1;1;8;6;N7;46,220786;3,665062
202300007569;23;10;2023;08:00;2;3;3170;1;1;3;6;Meillers;46,516366;3,094604
202300007570;22;10;2023;17:30;1;1;1183;2;1;1;6;Rue des Charmes;46,110561;4,791085
202300007571;23;10;2023;13:40;1;58;58232;1;1;2;2;D978;47,003831;3,416448
202300007572;22;10;2023;09:45;1;72;72198;1;2;1;3;les Biards;48,07055665;0,14041901
202300007573;22;10;2023;23:30;3;72;72109;1;1;1;6;D310;48,20457;-0,09896
202300007574;22;10;2023;14:00;1;14;14057;1;3;1;3;3845 Route de Bourguebus;49,115755;-0,259776
202300007575;22;10;2023;14:45;1;43;43211;1;1;1;7;Route de Confolent;45,251447;4,148412
202300007576;21;10;2023;10:28;1;43;43186;1;1;1;2;6 Route de la Teyssonneyre;44,980638;4,09569
202300007577;21;10;2023;19:35;3;36;36215;1;1;1;7;N/A;46,87670087;2,08023806
202300007578;22;10;2023;21:55;3;36;36064;1;1;1;7;Fourches;46,826616;1,814246
202300007579;21;10;2023;17:50;2;23;23130;1;1;1;1;Montepinaud;46,435018;1,765537
202300007580;23;10;2023;14:20;1;10;10162;1;1;1;7;A5;48,212227;4,243426
202300007581;23;10;2023;08:30;1;10;10045;1;1;1;2;A5;48,170895;4,468522
202300007582;10;10;2023;08:30;2;35;35208;2;1;8;6;rue de rennes;48,00007614;-1,6671887
202300007583;23;10;2023;19:30;5;95;95250;2;1;2;6;BEAUMONT (AVENUE DE);49,103434;2,509172
202300007584;20;10;2023;15:40;1;68;68386;2;1;8;7;1 rue de mulhouse;47,72077;7,388574
202300007585;22;10;2023;17:22;1;987;98729;1;1;1;3;Temae;-17,577;-150,202
202300007586;12;10;2023;07:00;2;974;97415;2;3;7;3;Route du Théâtre;-21,04478126;55,22984147
202300007587;19;10;2023;07:50;3;29;29234;1;1;2;2;RN165;47,84313849;-3,49936854
202300007588;21;10;2023;15:51;1;28;28113;1;1;8;1;Route de Prouais;48,678076;1,541278
202300007589;22;10;2023;10:50;1;77;77453;2;9;8;3;6 route departementale 605;48,527264;2,756518
202300007590;22;10;2023;05:26;3;13;13076;1;2;1;1;D73e;43,800711;5,003953
202300007591;18;10;2023;19:00;5;67;67506;2;3;3;3;Route de Strasbourg;48,667484;7,71944
202300007592;22;10;2023;17:39;1;54;54335;1;1;1;6;D70;48,638893;6,45074
202300007593;22;10;2023;11:40;1;63;63247;1;1;1;2;Route Départementale 5;45,566513;2,948649
202300007594;20;10;2023;16:00;1;47;47157;1;9;2;6;route de bordeaux - parking leclerc;44,51301;0,134164
202300007595;22;10;2023;17:45;1;33;33539;1;1;1;6;D20;44,869466;-0,310664
202300007596;22;10;2023;10:00;1;60;60213;1;9;2;4;N330;49,111026;2,722701
202300007597;22;10;2023;11:45;1;59;59465;1;1;1;7;Route ers l'étang du flaquet;50,124007;3,592637
202300007598;22;10;2023;19:25;3;69;69277;1;1;1;6;Rocade Est;45,7317;4,97908
202300007599;22;10;2023;01:00;3;69;69296;1;1;1;4;Autoroute 7;45,65133;4,83613
202300007600;22;10;2023;02:52;5;94;94037;1;1;2;6;A6A;48,81658529;2,33656859
202300007601;21;10;2023;05:40;3;91;91661;1;1;1;1;AUTOROUTE A10;48,69581;2,23516
202300007602;22;10;2023;06:00;3;92;92036;1;1;2;2;AUTOROUTE A15;48,94364712;2,28775617
202300007603;22;10;2023;04:30;3;95;95060;1;1;2;6;A115;49,04211;2,18871
202300007604;22;10;2023;02:35;3;92;92036;1;1;2;5;AUTOROUTE A15;48,94920532;2,28069842
202300007605;21;10;2023;23:00;3;95;95582;1;1;3;6;A15;48,96296926;2,265324
202300007606;22;10;2023;06:45;3;77;77122;1;1;1;4;RN104;48,64574262;2,55287143
202300007607;16;6;2023;07:24;1;972;97209;1;1;1;4;RD 41 (ROCADE);14,61486;-61,07584
202300007608;10;6;2023;17:50;1;972;97203;2;1;1;7;11 Rue du Docteur Morestin_;14,869051;-61,118837
202300007609;9;6;2023;15:10;1;972;97210;2;1;1;6;Boulevard des Fusillés;14,616361;-60,901975
202300007610;25;7;2023;12:20;1;13;13112;1;1;1;3;A7 PK 248.500;43,542953;5,225378
202300007611;8;7;2023;19:10;1;13;13028;2;1;1;6;WILSON (AVENUE PRESIDENT);43,18214;5,61441
202300007612;28;6;2023;18:50;1;14;14700;1;2;1;3;2 Route d'Étréham;49,302079;-0,800486
202300007613;27;6;2023;13:00;1;14;14180;1;1;1;4;Route de Putange;48,856636;-0,229477
202300007614;28;7;2023;19:10;1;14;14366;2;1;1;2;14 Boulevard Sainte Anne;49,143408;0,227966
202300007615;18;7;2023;15:30;1;14;14712;2;1;1;6;2 Rue du Maréchal Leclerc;49,177934;-0,221819
202300007616;11;7;2023;17:30;1;14;14473;1;1;1;6;1200 Route de Lisieux;49,11451;0,042033
202300007617;21;10;2023;04:00;3;974;97416;1;1;1;7;THOREZ (CHEMIN MAURICE);-21,27151;55,47413
202300007618;21;10;2023;11:45;1;974;97411;2;2;8;3;DODU 2 (RUE JULIETTE);-20,88049;55,45194
202300007619;6;10;2023;08:55;1;973;97302;2;1;1;3;BARTHELEMY (RENE);4,93616011;-52,33242989
202300007620;21;10;2023;00:40;5;973;97302;1;1;1;2;ROUTE NATIONALE 1;4,90444;-52,32388
202300007621;20;10;2023;08:45;1;973;97302;2;1;1;3;ZEPHIR (ROCADE);4,93477;-52,30857
202300007622;22;10;2023;01:15;5;69;69386;2;3;1;6;Cours Lafayette;45,76371099;4,8580645
202300007623;21;10;2023;05:40;5;69;69387;2;3;1;3;Avenue Jean Jaurès;45,7267;4,83085
202300007624;21;10;2023;06:35;2;2B;2B033;2;9;1;1;FRANCOIS VITTORI;42,67713;9,43892
202300007625;20;10;2023;22:15;5;971;97101;2;1;8;6;PATRICK SAINT ELOI ( AVENUE );16,25313;-61,52429
202300007626;21;10;2023;11:40;1;91;91549;2;3;1;3;REGIMENT NORMANDIE-NIEMEN (AVENUE DU);48,637491;2,330457
202300007627;21;10;2023;20:15;5;91;91421;2;1;3;6;CHARLES DE GAULLE (AVENUE);48,6963;2,45635
202300007628;20;10;2023;15:50;1;91;91223;2;2;2;3;SAINT MICHEL (BOULEVARD);48,44931;2,17147
202300007629;20;10;2023;08:25;1;91;91223;2;3;8;3;COQUERIVE (RUE DE);48,43517;2,16771
202300007630;16;10;2023;12:45;1;89;89338;2;1;1;1;FONTAINE D'AZON (RUE DE LA);48,21747;3,2826
202300007631;21;10;2023;15:26;1;85;85191;2;1;1;6;29 Rue du président de gaulle;46,67142;-1,42361
202300007632;21;10;2023;12:30;1;83;83137;2;1;1;3;SAINT ROCH (AVE);43,1292735;5,92107508
202300007633;20;10;2023;18:33;5;78;78418;2;1;8;6;JULES VERNE (ALLEE);48,93049;2,14242
202300007634;20;10;2023;19:50;4;77;77305;2;1;3;6;D605;48,38898;2,959746
202300007635;21;10;2023;03:30;3;77;77389;1;1;2;2;D606;48,50942;2,65797
202300007636;21;10;2023;06:00;5;76;76498;2;2;2;3;Rue Leon Maletra;49,429874;1,067594
202300007637;21;10;2023;06:10;3;76;76565;1;1;8;6;ROUEN (ROUTE DE);49,8823;1,06783
202300007638;22;10;2023;00:00;5;73;73008;2;3;1;3;D991 MARLIOZ AVENUE DE;45,67519;5,90855
202300007639;20;10;2023;07:50;1;69;69264;2;1;8;6;Rue Ampere;45,98858;4,72174
202300007640;21;10;2023;22:30;3;69;69199;2;2;1;3;Rue Pasteur;45,70635;4,8564
202300007641;21;10;2023;00:55;5;68;68166;1;2;2;2;RD 430;47,781402;7,329725
202300007642;21;10;2023;17:30;1;67;67482;2;1;1;2;CANONNIERS (RUE DES);48,55445;7,76593
202300007643;21;10;2023;18:45;1;64;64284;2;1;1;7;CORPS FRANC POMMIES;43,2924;-0,39841
202300007644;20;10;2023;17:35;1;62;62215;2;1;1;6;Rue Cyprien Quinet;50,49133;2,96987
202300007645;21;10;2023;12:20;1;54;54547;2;1;1;3;route de Mirecourt;48,66216;6,18852
202300007646;21;10;2023;08:30;1;54;54547;1;9;8;6;RD 674;48,67037;6,19251
202300007647;21;10;2023;12:03;1;51;51454;2;2;1;3;PONSARDIN (RUE);49,25097;4,04067
202300007648;20;10;2023;19:20;5;51;51454;2;2;1;1;EPERNAY (AVENUE D') COTE IMPAIR;49,23191;4,01416
202300007649;21;10;2023;18:44;2;51;51242;2;1;1;7;GENERAL LECLERC (RUE DU);48,96563;4,31656
202300007650;21;10;2023;16:14;1;49;49007;2;1;2;6;SAINT AUBIN;47,46864;-0,55229
202300007651;21;10;2023;07:22;3;49;49007;1;1;1;6;RD 323;47,46974;-0,5921
202300007652;21;10;2023;05:22;4;49;49246;2;1;1;6;N/A;47,43115;-0,50737
202300007653;21;10;2023;18:26;2;45;45234;2;3;3;3;Pont René Thinat;47,90037495;1,91987953
202300007654;21;10;2023;12:10;1;45;45234;2;1;1;6;11 Rue du Faubourg Bannier;47,90834;1,90105
202300007655;20;10;2023;11:40;1;45;45004;2;9;1;3;D163 PR 1 + 830;47,990436;2,766386
202300007656;17;10;2023;07:50;2;44;44132;2;1;1;4;96 Boulevard de Saint-Nazaire;47,25554;-2,31292
202300007657;21;10;2023;09:10;1;35;35238;1;1;3;4;N/A;48,081;-1,69662
202300007658;21;10;2023;12:00;1;35;35238;1;1;3;2;RN136;48,08200453;-1,69726431
202300007659;21;10;2023;04:38;3;28;28085;1;1;2;6;ARAGO (RUE FRANCOIS);48,43787;1,52113
202300007660;21;10;2023;10:00;1;22;22113;2;9;2;3;ARMOR (BOULEVARD D');48,74663;-3,46182
202300007661;21;10;2023;11:40;1;17;17415;2;9;2;6;RECOUVRANCE BOULEVARD DE;45,75385;-0,65643
202300007662;21;10;2023;22:00;5;13;13206;2;2;1;3;LIEUTAUD (COURS);43,29113465;5,38317372
202300007663;20;10;2023;22:50;5;13;13215;2;1;1;6;SAINT ANTOINE (AVENUE DE);43,38314;5,35827
202300007664;21;10;2023;07:30;2;13;13216;2;2;1;3;RABELAIS (RUE);43,35922;5,33282
202300007665;21;10;2023;14:40;1;13;13005;1;1;1;1;CIOTAT (ROUTE DE LA RN559);43,28365;5,58319
202300007666;21;10;2023;15:10;1;13;13001;2;1;1;7;ALLUMETTES (RUE DES);43,52466;5,4399
202300007667;21;10;2023;15:49;1;11;11069;2;1;1;6;N/A;43,20646;2,3667
202300007668;20;10;2023;13:20;1;7;7102;2;1;1;3;MALRAUX (Rue André);44,92743;4,86407
202300007669;21;10;2023;17:24;1;6;6088;2;1;1;1;DELVALLE (RUE PROF.);43,72082;7,28372
202300007670;21;10;2023;15:15;1;75;75120;2;1;8;5;PORTE DE MONTREUIL;48,855447;2,413826
202300007671;20;10;2023;20:45;5;75;75120;2;3;2;6;AVENUE GAMBETTA;48,864974;2,395557
202300007672;21;10;2023;13:48;1;75;75119;2;2;2;2;AVENUE JEAN JAURES;48,886629;2,384844
202300007673;20;10;2023;23:35;5;75;75119;2;4;2;1;RUE DE LA CLOTURE;48,897327;2,392608
202300007674;20;10;2023;19:30;4;75;75115;2;2;3;3;QUAI DE GRENELLE;48,850653;2,284024
202300007675;21;10;2023;14:40;1;75;75114;2;1;1;3;BOULEVARD ARAGO;48,834525;2,334987
202300007676;20;10;2023;16:30;1;75;75114;2;4;2;6;BOULEVARD ARAGO;48,83445;2,333449
202300007677;21;10;2023;19:45;5;75;75113;2;1;3;6;BOULEVARD AUGUSTE BLANQUI;48,831269;2,342498
202300007678;21;10;2023;12:10;1;75;75113;2;2;8;6;RUE CHARCOT;48,830347;2,37043
202300007679;21;10;2023;05:50;5;75;75114;2;2;1;2;BOULEVARD JOURDAN;48,822235;2,330387
202300007680;21;10;2023;09:55;1;75;75110;2;1;2;6;IMPASSE MARTINI;48,870075;2,355647
202300007681;21;10;2023;03:30;5;75;75108;2;5;2;7;RUE DE COURCELLES;48,879134;2,303156
202300007682;21;10;2023;00:25;5;75;75108;2;3;2;2;AVENUE DE WAGRAM;48,876342;2,296922
202300007683;20;10;2023;21:04;5;75;75107;2;1;2;2;QUAI D ORSAY;48,862898;2,317681
202300007684;21;10;2023;19:45;5;75;75102;2;4;2;3;RUE MONTMARTRE;48,869125;2,343204
202300007685;21;10;2023;09:30;1;75;75102;2;2;1;7;RUE SAINT MARC;48,870399;2,340925
202300007686;21;10;2023;16:50;1;94;94042;2;9;8;3;Avenue du Général Galliéni;48,820154;2,476024
202300007687;21;10;2023;19:10;5;94;94065;1;1;2;3;N186B;48,75379;2,36348
202300007688;21;10;2023;08:51;1;94;94073;2;1;1;6;8 Rue Louis Duperrey;48,76836;2,39152
202300007689;21;10;2023;03:10;3;94;94017;2;1;8;6;Av. Henri-Marie le Boursicaud;48,81525;2,52278
202300007690;21;10;2023;16:30;1;93;93066;2;2;1;2;Rue Danielle Casanova / Rue Taittinger;48,92881778;2,36242674
202300007691;21;10;2023;14:20;1;93;93077;2;1;1;2;Rue de Neuilly;48,877789;2,520341
202300007692;20;10;2023;20:40;5;93;93032;2;3;2;3;Avenue Jean Jaurès / Rue Parmentier;48,88384642;2,53071931
202300007693;21;10;2023;01:55;5;92;92046;2;1;1;1;GABRIEL PERI;48,81933718;2,30435157
202300007694;21;10;2023;19:20;5;92;92073;2;2;2;6;GAULLE (AVENUE GENERAL CHARLES DE);48,86998387;2,22428834
202300007695;21;10;2023;14:05;1;92;92063;2;1;2;2;LIBERATION (RUE DE LA);48,87703301;2,18453608
202300007696;21;10;2023;21:20;5;92;92050;2;2;2;3;JOFFRE MARECHAL AVENUE DU;48,88459689;2,19385497
202300007697;20;10;2023;22:43;3;95;95313;1;1;8;2;A16;49,10523;2,260587
202300007698;22;10;2023;13:00;1;95;95052;2;9;2;4;ISLE ADAM (RUE DE L');49,137291;2,273237
202300007699;9;10;2023;15:00;1;972;97217;2;2;1;1;N6;14,4740641;-60,8625167
202300007700;21;10;2023;18:50;3;972;97234;1;1;3;6;RN2;14,669311;-61,162879
202300007701;22;10;2023;16:14;1;1;1075;2;1;1;1;Route de saint trivier;46,030826;4,806878
202300007702;22;10;2023;02:15;3;50;50592;1;1;2;6;A84;48,9471786;-1,0280448
202300007703;22;10;2023;15:20;1;41;41278;1;1;1;3;La Duperrerie;47,638242;0,944685
202300007704;22;10;2023;05:20;3;51;51234;1;1;2;7;D48;48,562257;3,662881
202300007705;22;10;2023;11:50;1;59;59539;1;1;1;6;1830 Route de Bourbourg;50,910931;2,185898
202300007706;22;10;2023;19:20;2;71;71522;2;3;1;3;Rue Saint Jean;46,624401;4,987257
202300007707;20;10;2023;07:45;2;71;71120;2;2;2;6;Avenue Van de Walle;46,204651;4,335598
202300007708;14;10;2023;08:45;1;63;63080;2;9;1;6;Chemin de Tourouze;45,584081;3,120834
202300007709;22;10;2023;01:30;3;49;49240;1;1;1;1;Bagatelle;47,084771;-0,610505
202300007710;9;2;2023;19:20;3;89;89428;1;1;1;6;;48,228718;3,034458
202300007711;9;2;2023;18:20;3;89;89419;1;9;1;1;;47,731718;3,308076
202300007712;7;2;2023;11:00;1;63;63382;1;2;1;3;D2144/RD99;46,06797678;2,99682677
202300007713;10;2;2023;16:10;1;44;44031;1;1;1;3;;47,614181;-1,199307
202300007714;9;2;2023;07:35;2;31;31224;2;2;1;3;D825;43,082254;0,575259
202300007715;9;2;2023;16:00;1;31;31474;1;1;1;7;760 Route du Plan;43,193382;1,104662
202300007716;9;2;2023;17:45;2;66;66063;1;1;1;6;;42,47876;2,845824
202300007717;10;2;2023;07:30;1;6;6032;2;1;1;6;120 Avenue du Trois Septembre;43,723126;7,396309
202300007718;8;2;2023;13:00;1;6;6079;1;4;1;6;La Bocca (Embranchement d'autoroute) sortie 41;43,561066;6,951486
202300007719;10;2;2023;13:30;1;14;14194;1;1;1;6;Route de Saint Germain;49,079404;0,376271
202300007720;10;2;2023;16:45;1;50;50390;1;1;1;5;D42;49,504114;-1,350561
202300007721;10;2;2023;07:45;1;73;73184;1;1;1;1;D921;45,58664234;5,78556758
202300007722;21;1;2023;10:50;1;7;7010;2;1;1;6;5 Rue Leon Blum;45,246434;4,680407
202300007723;20;1;2023;11:35;1;7;7288;1;1;4;3;Route départementale 104;44,720972;4,535336
202300007724;9;2;2023;14:40;1;7;7076;1;1;1;6;D86;44,638075;4,748046
202300007725;8;2;2023;17:45;1;27;27102;1;3;7;3;D675;49,3579;0,746679
202300007726;9;2;2023;16:15;1;42;42279;2;6;7;2;Avenue Mellet Mandard;45,503215;4,259938
202300007727;9;2;2023;08:28;1;6;6088;1;1;1;7;A8 PK 197.600 en chaussée nord;43,730771;7,256271
202300007728;10;2;2023;08:45;1;59;59312;1;1;8;2;A.26;50,01417415;3,17207909
202300007729;9;2;2023;20:57;3;974;97422;2;1;1;1;Rue Raphael Douyère;-21,21289;55,551145
202300007730;10;2;2023;08:20;1;77;77437;2;1;1;6;Rue de l'Inte;49,031231;2,799502
202300007731;9;2;2023;09:50;1;66;66065;1;1;1;1;;42,5915581;2,979333
202300007732;9;2;2023;02:00;3;13;13014;1;1;1;1;D113;43,51479;5,202498
202300007733;9;2;2023;11:45;1;26;26116;2;2;1;3;Basse Bourgade;44,441996;4,712223
202300007734;10;2;2023;16:55;1;1;1262;2;3;1;3;9 Rue Pied des Vignes;45,850178;5,05335
202300007735;9;2;2023;17:20;2;81;81210;2;1;7;3;Route départementale 51;43,53234;1,986101
202300007736;9;2;2023;20:15;3;17;17421;1;1;1;7;196 route de Royan;45,682416;-0,900654
202300007737;10;2;2023;04:30;3;60;60079;1;2;1;7;D922;49,147671;2,871847
202300007738;9;2;2023;09:10;1;13;13211;1;1;1;2;A50-Sens Marseille vers Aubagne;43,2874;5,437
202300007739;8;2;2023;05:55;3;13;13005;1;1;1;6;A50-Sens Marseille vers Aubagne;43,2692;5,5879
202300007740;9;2;2023;07:50;4;33;33039;1;1;1;2;ROCADE A 630;44,79811926;-0,53689241
202300007741;8;2;2023;18:15;4;33;33063;1;1;1;2;A 630;44,882976;-0,553285
202300007742;9;2;2023;19:00;3;91;91689;1;1;1;4;AUTOROUTE A6;48,73318;2,31594
202300007743;9;2;2023;09:40;1;91;91645;1;1;1;3;RN 385 Extèrieure;48,75988;2,25941
202300007744;9;2;2023;09:00;1;91;91687;1;1;1;2;AUTOROUTE A6;48,66279;2,36874
202300007745;9;2;2023;19:25;5;92;92050;1;1;1;2;A86;48,901756;2,20302
202300007746;8;2;2023;17:53;2;78;78455;1;1;1;2;A13;48,858324;2,051896
202300007747;8;2;2023;08:32;1;78;78126;1;1;1;5;A13;48,83643;2,12776
202300007748;7;2;2023;20:50;5;78;78090;1;1;1;3;A13;48,969917;1,911523
202300007749;9;2;2023;17:30;2;93;93053;1;1;1;4;AUTOROUTE A3;48,89912191;2,46932995
202300007750;9;2;2023;07:00;2;93;93053;1;1;1;4;AUTOROUTE A3;48,89279;2,4729
202300007751;8;2;2023;16:10;1;95;95277;1;1;1;6;A3;48,97463;2,49117
202300007752;8;2;2023;10:30;1;93;93027;1;1;1;2;AUTOROUTE A1;48,93403539;2,38575811
202300007753;8;2;2023;08:30;1;95;95277;1;1;1;3;RD 170 ;48,97587;2,48265
202300007754;7;2;2023;08:15;1;93;93005;1;1;1;4;AUTOROUTE A3;48,92699031;2,48157263
202300007755;6;2;2023;08:30;1;95;95256;1;1;1;3;RN 184;49,05805321;2,20880281
202300007756;5;2;2023;21:45;3;93;93048;1;1;1;2;AUTOROUTE A3;48,87205909;2,43354142
202300007757;5;2;2023;20:55;5;93;93029;1;1;1;3;AUTOROUTE A86;48,92316604;2,4273026
202300007758;4;2;2023;23:50;3;93;93005;1;1;1;4;AUTOROUTE A3;48,96600043;2,47713089
202300007759;8;2;2023;20:30;4;77;77258;1;1;1;6;A4.W;48,83170164;2,64572401
202300007760;8;2;2023;17:40;2;94;94017;1;1;1;4;A4;48,82909738;2,47958054
202300007761;7;2;2023;13:35;1;29;29019;2;4;1;6;rue Auguste Rodin;48,39766175;-4,46494123
202300007762;8;2;2023;07:30;1;974;97416;2;9;1;6;BANK (BOULEVARD);-21,33069;55,47751
202300007763;8;2;2023;11:30;1;974;97411;1;1;1;3;LITTORAL (ROUTE 2 DU);-20,89589653;55,37575597
202300007764;8;2;2023;21:15;5;974;97409;2;6;1;3;ROCADE SUD(RUE);-20,97263;55,65183
202300007765;8;2;2023;15:45;1;973;97302;2;6;1;3;CATAYEE (JUSTIN);4,92433;-52,32421
202300007766;7;2;2023;21:55;5;972;97209;1;1;3;4;AUTOROUTE A1;14,617754;-61,040412
202300007767;8;2;2023;12:12;1;2A;2A004;2;3;1;3;NAPOLEON COURS APRES BEVERINI;41,92815;8,73866
202300007768;8;2;2023;22:35;5;91;91687;2;1;1;6;GENERAL DE GAULLE (AVENUE DU);48,67576;2,38546
202300007769;8;2;2023;14:00;1;91;91434;2;1;1;6;RENE CASSIN (AVENUE);48,656923;2,339715
202300007770;8;2;2023;04:15;5;91;91027;2;2;1;2;RTE NATIONALE 7;48,71662;2,37106
202300007771;7;2;2023;18:20;5;87;87085;2;1;1;6;PERRIN (RUE FRANCOIS);45,82206;1,21523
202300007772;7;2;2023;08:23;1;87;87085;1;3;1;2;RN520;45,86585;1,16549
202300007773;8;2;2023;15:55;1;83;83137;2;1;1;6;GASQUET (AVE JOSEPH DE 1408 A FIN;43,11870333;5,97995165
202300007774;8;2;2023;15:00;1;78;78015;2;1;1;2;MARC (BD NOEL);48,979154;2,058439
202300007775;8;2;2023;09:30;1;76;76108;2;6;7;6;Chemin de la Breteque;49,47877;1,11294
202300007776;7;2;2023;13:25;1;76;76351;2;1;1;6;VERDUN (RUE DE);49,50254;0,17239
202300007777;8;2;2023;09:50;1;76;76026;2;7;1;6;LEON BAUDELOT (PLACE);49,88;1,12
202300007778;8;2;2023;18:50;5;69;69266;2;1;1;2;56 Rue Nicolas Garnier;45,75414329;4,91494909
202300007779;8;2;2023;19:00;5;69;69290;2;1;1;6;Route de Grenoble;45,70695;4,98695
202300007780;7;2;2023;13:50;1;69;69290;2;3;1;3;Avenue Pierre Cot;45,70614709;4,89729064
202300007781;7;2;2023;13:50;1;66;66136;2;1;2;3;;42,694241;2,90199
202300007782;8;2;2023;01:24;4;63;63113;2;1;1;6;BERGOUGNAN (AVENUE RAYMOND);45,78463;3,06612
202300007783;3;2;2023;08:40;1;62;62041;2;6;1;6;Rue Hans Geiger;50,28882;2,80777
202300007784;8;2;2023;21:30;5;59;59279;2;1;1;3;LILLE (RUE DE);50,77791;3,12449
202300007785;8;2;2023;14:35;1;59;59599;2;1;7;6;CHANZY (RUE);50,720419;3,15895
202300007786;8;2;2023;14:35;1;59;59512;2;2;1;6;LEBAS (AVENUE JEAN);50,69253;3,1709