Num_Acc;jour;mois;an;hrmn;lum;dep;com;agg;int;atm;col;adr;lat;long
202300007787;4;2;2023;19:25;5;58;58194;2;1;1;6;MARECHAL LECLERC;47,00004;3,16015
202300007788;7;2;2023;16:22;1;57;57491;2;1;7;3;POINCARE (RUE);49,2455;6,03574
202300007789;7;2;2023;17:40;1;54;54328;2;6;1;6;TECHNOLOGIES (BOULEVARD DES);48,61882;6,17633
202300007790;4;2;2023;21:20;5;52;52448;2;2;1;3;CAMUS (RUE JEAN);48,64007;4,97325
202300007791;8;2;2023;08:40;1;49;49328;2;6;1;6;TOURS (ROUTE DE);47,2671;-0,06974
202300007792;7;2;2023;07:42;5;49;49007;2;1;1;7;CHATENAY AVENUE VICTOR;47,48646;-0,51379
202300007793;7;2;2023;08:10;1;44;44184;2;6;1;6;Boulevard de Sarrelouis;47,27114;-2,245
202300007794;8;2;2023;16:30;1;37;37122;2;1;1;6;CHANTEPIE (RUE DE);47,35249;0,65879
202300007795;9;2;2023;00:40;5;35;35238;2;2;1;6;NANTES (DE);48,10169;-1,68446
202300007796;8;2;2023;19:50;5;34;34172;2;9;1;3;BRUSSES (RUE DES);43,63855;3,8569
202300007797;8;2;2023;02:50;5;31;31555;2;1;1;6;AGDE (RTE D) DU 1AU 67;43,62265;1,47227
202300007798;8;2;2023;17:35;2;25;25056;2;1;1;2;RN 1057 (ROUTE DE GRAY-CH.EPITAPHE);47,232224;5,982679
202300007799;8;2;2023;11:30;1;25;25056;2;9;1;2;ALLENDE  BOULEVARD SALVADOR;47,223893;5,97885
202300007800;8;2;2023;19:55;3;17;17291;1;9;1;4;N11;46,173;-1,1174
202300007801;8;2;2023;07:45;1;13;13103;2;3;1;6;BOULEVARD SCHUMAN -ROBERT;43,65162;5,10037
202300007802;7;2;2023;10:56;1;10;10387;2;1;1;6;Avenue du 1er Mai;48,30452;4,08926
202300007803;7;2;2023;07:51;1;10;10387;2;1;1;3;ANATOLE FRANCE (RUE);48,2842;4,07288
202300007804;8;2;2023;10:50;1;6;6123;2;3;1;6;JEANNE D'ARC AVENUE;43,66263;7,18323
202300007805;2;2;2023;07:00;2;3;3095;2;1;1;6;Rue Fernand Lafaye;46,127953;3,450547
202300007806;8;2;2023;22:25;5;93;93001;2;9;1;6;Avenue Victor Hugo;48,91005335;2,37879733
202300007807;8;2;2023;15:35;1;75;75118;2;2;1;2;RUE DAMREMONT;48,89531;2,337563
202300007808;8;2;2023;15:00;1;75;75116;2;5;1;2;ROUTE DE LA PTE DES SABLONS A LA PTE MAI;48,877347;2,279256
202300007809;7;2;2023;13:00;1;75;75116;2;3;1;6;AVENUE MARCEAU;48,872342;2,296388
202300007810;7;2;2023;18:40;5;75;75116;2;1;1;3;ROUTE DE LA PTE DAUPHINE A LA PTE DES SA;48,872953;2,272885
202300007811;8;2;2023;13:20;1;75;75113;2;3;1;3;AVENUE D IVRY;48,8237154;2,36490101
202300007812;8;2;2023;15:20;1;75;75112;2;1;1;6;AVENUE COURTELINE;48,84422;2,411025
202300007813;8;2;2023;13:30;1;75;75112;2;3;1;3;RUE DE CHARENTON;48,85078298;2,37294763
202300007814;8;2;2023;11:15;1;75;75111;2;2;1;3;BOULEVARD DES FILLES DU CALVAIRE;48,86247;2,366892
202300007815;8;2;2023;08:00;2;75;75111;2;3;1;6;BOULEVARD VOLTAIRE;48,853266;2,387717
202300007816;8;2;2023;13:00;1;75;75110;2;1;1;6;RUE DE MAUBEUGE;48,881112;2,353331
202300007817;7;2;2023;12:20;1;75;75108;2;2;1;3;BOULEVARD MALESHERBES;48,8777889;2,31628597
202300007818;8;2;2023;19:28;5;75;75101;2;3;1;3;BOULEVARD DE SEBASTOPOL;48,8624762;2,35042781
202300007819;8;2;2023;15:40;1;75;75102;2;2;1;3;RUE DU QUATRE SEPTEMBRE;48,870126;2,333646
202300007820;7;2;2023;09:49;1;94;94081;2;2;1;3;Avenue Rouget de Lisle /  Rue Watteau;48,77817;2,3965
202300007821;8;2;2023;20:00;5;94;94046;2;1;1;3;Avenue Gambetta;48,809933;2,445028
202300007822;8;2;2023;12:10;1;94;94043;2;1;1;4;Avenue Eugène Thomas;48,80981773;2,35934454
202300007823;8;2;2023;15:40;1;94;94022;2;8;1;3;Avenue du Général Leclerc / Avenue de la République;48,76235298;2,40680659
202300007824;8;2;2023;08:15;1;94;94079;2;3;1;6;Rue du Général Galliéni;48,82603522;2,54027697
202300007825;8;2;2023;21:50;5;95;95527;2;3;1;6;Rue des 2 Soeurs;49,01220698;2,52115465
202300007826;8;2;2023;09:10;1;93;93070;2;2;1;3;Rue des Bateliers / Rue la Clef des Champs;48,91314;2,32668
202300007827;8;2;2023;15:05;1;93;93055;2;1;1;3;Avenue Jean Lolive;48,892782;2,410964
202300007828;7;2;2023;21:00;5;93;93053;2;3;1;1;Rue de Brément / Rue du Progrès;48,88805196;2,45848084
202300007829;8;2;2023;15:10;1;93;93006;2;2;1;3;Avenue Gambetta / Rue Marie-anne Colombier;48,87085;2,41753
202300007830;8;2;2023;16:10;1;93;93063;2;2;1;3;Avenue du Président Wilson / Rue de la Liberte;48,88343;2,4298
202300007831;8;2;2023;10:33;1;93;93029;2;1;1;6;Avenue Jean Jaurès;48,917472;2,456088
202300007832;8;2;2023;12:52;1;93;93014;2;9;1;3;3 Boulevard Gagarine;48,907253;2,535408
202300007833;8;2;2023;17:30;1;93;93010;2;1;1;3;Chemin du Pont;48,90823062;2,48985512
202300007834;8;2;2023;17:30;1;93;93001;2;2;1;6;Avenue Victor Hugo / Boulevard Félix Faure;48,90850663;2,37785795
202300007835;7;2;2023;16:30;1;93;93001;2;1;1;6;Rue Madeleine Vionnet;48,90312;2,3741
202300007836;7;2;2023;12:00;1;93;93001;2;2;1;6;Rue Trevet / Rue Lécuyer;48,90592936;2,39245125
202300007837;8;2;2023;12:54;1;92;92078;2;1;1;3;GALLIENI (BD) (154 ET 214);48,92795;2,33113
202300007838;8;2;2023;03:25;5;92;92046;2;1;1;6;DOUZE FEVRIER 1934 (AVENUE DU);48,81864;2,30702
202300007839;8;2;2023;17:31;1;92;92051;2;2;1;6;CHEZY (RUE DE, N° 21 A 99);48,89002522;2,27379978
202300007840;8;2;2023;15:50;1;92;92020;2;2;1;6;VERDUN AVENUE DE N°2 A 28;48,80253199;2,28615135
202300007841;8;2;2023;14:40;1;92;92044;2;9;1;3;VIC. HUGO(RUE)091A113 ET 112A146;48,89699418;2,29552835
202300007842;8;2;2023;20:25;5;92;92026;2;1;8;6;BEZONS  (DE 01 A 22);48,89298663;2,25264108
202300007843;8;2;2023;21:30;5;92;92024;2;1;1;6;GENERAL ROGUET (RUE DU) DE (1 A 57)   (2;48,90463;2,31291
202300007844;8;2;2023;11:15;1;92;92024;2;9;1;6;HUNTZINGER (RUE);48,90025;2,30218
202300007845;8;2;2023;15:30;1;92;92012;2;3;1;7;VIEUX PONT DE SEVRES (RUE DU) 100/170 -;48,83169;2,2425
202300007846;8;2;2023;12:30;1;92;92012;2;1;1;3;JEAN JAURES (BOULEVARD) 217/FIN - 210/FI;48,83036319;2,24536031
202300007847;9;2;2023;16:25;1;73;73330;2;2;1;3;D921A - Rue capitaine Simon;45,703917;5,770199
202300007848;9;2;2023;09:00;1;57;57650;2;1;1;6;Quai des Ducs de Lorraine;49,441533;6,356189
202300007849;7;2;2023;17:00;1;6;6044;2;1;1;7;1463 Route de Cagnes;43,673266;7,120558
202300007850;8;2;2023;20:40;3;10;10263;1;1;1;1;;48,241424;3,753591
202300007851;9;2;2023;12:15;1;38;38239;1;1;1;1;D1085;45,316607;5,603006
202300007852;8;2;2023;13:10;1;59;59278;2;1;1;6;119 Rue du General de Gaulle;50,610233;2,965413
202300007853;9;2;2023;18:10;3;71;71355;1;1;1;6;D73;46,912428;5,122139
202300007854;9;2;2023;17:54;2;76;76136;2;1;1;6;route de la mer;49,814678;0,950764
202300007855;9;2;2023;17:40;1;63;63178;2;1;1;2;Avenue Pierre Mendes-France;45,5514928;3,25338274
202300007856;7;2;2023;09:26;1;34;34119;1;1;4;1;D160;43,585598;3,116148
202300007857;8;2;2023;22:10;5;44;44152;1;1;1;1;;47,43642;-2,079112
202300007858;8;2;2023;16:40;2;34;34344;1;1;7;3;Avenue de Carnon;43,55728788;4,03968573
202300007859;8;2;2023;07:50;2;29;29105;2;1;1;6;Rue du Ponant;48,519353;-4,080667
202300007860;9;2;2023;18:42;2;29;29020;1;1;1;6;D72 - Rue Amiral de la Grandiere;48,099493;-3,991438
202300007861;3;2;2023;02:45;4;29;29176;1;1;1;6;Lanzent;48,142604;-4,231443
202300007862;18;1;2023;21:15;3;26;26305;1;1;1;1;RD134 PK 7+195;44,574913;4,876546
202300007863;9;2;2023;07:45;1;54;54433;1;1;7;1;RD 120;48,885587;6,155283
202300007864;8;2;2023;20:20;3;36;36018;2;6;1;1;Place André Gasnier;46,633323;1,063265
202300007865;7;2;2023;07:55;2;53;53276;1;1;1;1;La Piarderie;48,152285;-0,238025
202300007866;8;2;2023;13:48;1;4;4122;1;1;1;7;N85;44,040226;6,074066
202300007867;8;2;2023;16:16;1;27;27045;2;1;1;7;Chemin du Buisson de Bleu;49,319221;1,765982
202300007868;8;2;2023;18:10;3;28;28033;1;1;1;6;RD 349.2;48,495542;1,062568
202300007869;9;2;2023;09:45;1;52;52492;1;1;7;1;N19;47,82055;5,48324
202300007870;7;2;2023;20:30;5;35;35210;2;1;1;6;le Pont Amelin;48,15470576;-1,7843248
202300007871;8;2;2023;15:00;1;35;35210;2;1;1;6;Rue Charles Tillon;48,148572;-1,772224
202300007872;9;2;2023;15:55;1;13;13037;2;6;1;3;Les Guigues;43,550239;5,181588
202300007873;9;2;2023;13:30;1;74;74010;2;1;1;7;Avenue jean clerc;45,885071;6,095133
202300007874;7;2;2023;18:55;3;34;34129;1;1;1;7;A709 - PK016.500 - BRETELLE ACCES SENS 1;43,573019;3,876007
202300007875;8;2;2023;21:35;3;28;28363;1;1;1;2;A10;48,390914;1,891537
202300007876;8;2;2023;20:45;3;77;77257;1;1;1;7;D147;49,049008;3,016434
202300007877;3;2;2023;16:30;1;66;66088;1;1;1;6;;42,678216;2,6280391
202300007878;8;2;2023;13:15;1;66;66212;1;1;1;1;RD 11 E;42,760956;3,014696
202300007879;26;1;2023;16:50;1;13;13066;1;1;1;2;D7n - route de St andiol;43,866175;4,913625
202300007880;31;1;2023;04:55;5;69;69190;1;1;1;7;72 Rue Marcel Mérieux;45,76487296;4,69884293
202300007881;8;2;2023;11:20;1;33;33445;1;2;1;3;D120;45,034044;-0,264208
202300007882;5;2;2023;05:15;3;13;13106;1;1;1;3;A7-Sens Marseille vers Lyon;43,38974;5,35119
202300007883;8;2;2023;08:06;1;83;83137;1;1;1;2;A57;43,12267;5,9571
202300007884;8;2;2023;19:10;3;91;91589;1;1;1;4;AUTOROUTE A6;48,67112;2,34679
202300007885;8;2;2023;13:15;1;91;91345;1;1;1;2;AUTOROUTE A6;48,68943;2,32435
202300007886;8;2;2023;11:00;1;91;91589;1;1;1;4;AUTOROUTE A6;48,68558;2,32726
202300007887;8;2;2023;18:10;2;92;92050;1;1;1;6;A86;48,89355695;2,18863069
202300007888;7;2;2023;12:03;1;92;92048;1;1;1;2;N118;48,80359917;2,21419888
202300007889;7;2;2023;08:02;1;78;78297;1;1;1;3;RN12;48,788591;2,068377
202300007890;7;2;2023;10:10;1;93;93066;1;1;1;3;AUTOROUTE A1;48,9261;2,35695
202300007891;7;2;2023;09:10;1;95;95582;1;1;1;2; A15;48,96526067;2,25973884
202300007892;7;2;2023;07:45;1;93;93066;1;1;1;3;AUTOROUTE A1;48,93114;2,36801
202300007893;7;2;2023;06:30;2;95;95252;1;1;1;5;A15;48,97685891;2,23427744
202300007894;7;2;2023;11:05;1;77;77379;2;1;1;6;D1E;48,54850735;3,29338227
202300007895;7;2;2023;09:58;1;27;27229;2;3;7;6;FORET (RUE DE LA);49,01163299;1,15983576
202300007896;6;2;2023;11:30;1;17;17415;2;3;1;3;GUILLET MAILLET 1-65;45,748147;-0,622618
202300007897;4;2;2023;10:10;1;83;83126;2;9;1;6;EUROPE (BD DE L');43,11076;5,85914
202300007898;2;2;2023;18:07;1;63;63113;2;1;1;6;LIMOUSIN (AVENUE DU);45,79128101;3,0594644
202300007899;2;5;2023;15:00;1;85;85160;1;2;1;3;RD36;46,593541;-1,443171
202300007900;2;5;2023;15:05;1;50;50288;1;1;1;6;D973;48,71138;-1,39873
202300007901;30;4;2023;12:30;1;22;22040;1;1;7;7;D8;48,52294;-3,168762
202300007902;3;5;2023;13:50;1;59;59126;2;1;7;3;Rue de Cambrai;50,309155;3,127912
202300007903;3;5;2023;12:15;1;59;59129;1;3;1;3;D549;50,503137;3,177667
202300007904;2;5;2023;09:45;1;33;33448;1;1;1;4;AUTOROUTE A 62;44,72223263;-0,52385688
202300007905;2;5;2023;17:50;1;92;92050;1;1;1;2;A86;48,90425;2,20717
202300007906;2;5;2023;16:55;1;78;78640;1;1;1;2;A86 INT;48,780473;2,181529
202300007907;2;5;2023;10:40;1;92;92064;1;1;1;1;A13;48,8382291;2,19103797
202300007908;1;5;2023;18:55;1;78;78140;1;1;1;6;A13;48,96087;1,93015
202300007909;1;5;2023;14:30;1;78;78466;1;1;8;2;A13;48,91975;2,00348
202300007910;2;5;2023;09:50;1;95;95218;1;1;1;5;A15;49,03546598;2,09715486
202300007911;2;5;2023;06:30;2;93;93010;1;1;1;2;AUTOROUTE A3;48,91557;2,47787
202300007912;28;2;2023;10:30;1;43;43040;2;3;1;3;Rue Andocede Carrot;45,297992;3,380769
202300007913;1;5;2023;22:25;4;974;97411;1;1;1;2;Boulevard Lancastel;-20,88128767;55,46216011
202300007914;1;5;2023;15:45;1;972;97213;2;6;1;6;ROUTE DEPARTEMENTALE 3;14,61944;-60,99433
202300007915;1;5;2023;08:20;1;972;97213;1;1;1;6;ROUTE DEPARTEMENTALE 14;14,632868;-61,016678
202300007916;30;4;2023;20:15;5;972;97213;1;6;1;3;ROUTE NATIONALE 1;14,61843;-61,00521
202300007917;1;5;2023;19:27;2;2B;2B120;2;1;2;1;LAGUNE (Route de la) D107;42,65;9,45
202300007918;1;5;2023;12:20;1;2A;2A004;2;1;1;2;PIETRI NICOLAS AVENUE;41,91658;8,72308
202300007919;1;5;2023;19:35;2;95;95280;2;1;1;6;GEORGES PITARD (RUE);49,034173;2,453529
202300007920;29;4;2023;11:40;1;91;91421;2;1;1;2;REPUBLIQUE (AVENUE DE LA);48,70027;2,46783
202300007921;1;5;2023;18:30;1;91;91027;2;2;7;3;AV LEON BLUM;48,71012;2,38545
202300007922;1;5;2023;09:20;1;83;83126;2;6;1;3;RENOIR (AV AUGUSTE);43,08415;5,86618
202300007923;1;5;2023;10:45;1;78;78481;2;9;8;3;CHARLES DE GAULLE (AVENUE);48,88941;2,10373
202300007924;1;5;2023;19:35;1;73;73008;2;1;1;2;D1201 CHARCOT  BOULEVARD JEAN;45,69104;5,89592
202300007925;27;4;2023;16:45;1;69;69271;1;1;1;1;Chemin de Meyzieu;45,75179;4,98278
202300007926;1;5;2023;13:20;1;69;69290;2;1;1;6;45 Rue Anatole France;45,69353025;4,93188636
202300007927;1;5;2023;02:30;3;62;62065;1;9;1;6;N17;50,412631;2,822949
202300007928;1;5;2023;20:36;1;59;59599;2;2;7;3;DUNKERQUE (RUE DE);50,71727;3,14781
202300007929;1;5;2023;10:50;1;54;54099;2;3;1;3;Rue Louis Bertrand;49,242447;5,938245
202300007930;1;5;2023;16:50;1;51;51454;2;6;1;6;avenue Paul Marchandeau;49,2421;4,02432
202300007931;1;5;2023;11:46;1;49;49267;2;2;1;3;GEMMETRIE;47,46129;-0,49252
202300007932;1;5;2023;20:25;1;44;44184;2;1;1;6;34 Avenue Albert de Mun;47,27832;-2,20905
202300007933;1;5;2023;06:30;2;38;38516;2;3;2;3;VERDUN (AV. DE)OUEST PASSAGE RICOU;45,19227;5,74619
202300007934;1;5;2023;07:15;1;38;38185;1;9;8;6;A480;45,17129;5,702
202300007935;1;5;2023;14:00;1;31;31483;1;1;1;3;3875 Route de la Serre de Cazaux;43,14636;0,74155
202300007936;1;5;2023;16:20;1;29;29051;1;1;1;6;RN 165;48,00591002;-4,06221804
202300007937;1;5;2023;02:59;5;17;17300;2;2;1;3;DENFERT-ROCHEREAU   AVENUE (59);46,16428;-1,2018
202300007938;1;5;2023;10:00;1;13;13205;2;2;1;6;SAKAKINI (BOULEVARD);43,29573;5,40017
202300007939;27;4;2023;17:30;1;13;13001;2;9;1;3;ANCIENNE ROUTE DES ALPES (RTE);43,5484;5,45559
202300007940;1;5;2023;18:30;1;6;6027;2;2;3;3;VAL FLEURI CHEMIN DU;43,66456;7,17165
202300007941;30;4;2023;14:00;1;75;75116;2;2;1;3;AVENUE KLEBER;48,868997;2,291569
202300007942;29;4;2023;21:28;5;75;75101;2;3;1;6;QUAI FRANCOIS MITTERRAND;48,860075;2,333394
202300007943;29;4;2023;03:30;5;75;75101;2;1;1;3;QUAI DES TUILERIES;48,863672;2,321585
202300007944;1;5;2023;18:10;1;75;75120;2;1;1;2;BOULEVARD DAVOUT;48,859454;2,409439
202300007945;1;5;2023;01:00;5;75;75119;2;3;1;3;QUAI DE L OISE;48,89051;2,383123
202300007946;30;4;2023;01:00;5;75;75116;2;3;1;6;RUE DE L ASSOMPTION;48,85555;2,266102
202300007947;1;5;2023;15:55;1;75;75115;2;2;1;3;AVENUE DE LA PORTE BRANCION;48,825865;2,300224
202300007948;1;5;2023;16:45;1;75;75113;2;1;2;1;RUE REGNAULT;48,823055;2,369392
202300007949;1;5;2023;13:15;1;94;94074;2;6;1;3;Rue Théodule Jourdain / Avenue Julien Duranton;48,770444;2,446882
202300007950;1;5;2023;20:04;1;94;94028;2;1;1;3;Rue du Général Leclerc;48,788862;2,466626
202300007951;1;5;2023;08:13;1;94;94017;2;1;1;5;Pont de Nogent;48,83103;2,49304
202300007952;1;5;2023;13:00;1;94;94021;2;1;1;2;Avenue du Général de Gaulle;48,77306769;2,33827485
202300007953;1;5;2023;20:30;1;94;94002;2;3;1;2;Quai Blanqui / Rue des Essertes;48,80156602;2,41639875
202300007954;1;5;2023;18:45;1;93;93066;2;2;1;3;Rue de Villiers / Rue d'Andilly;48,94212782;2,37708566
202300007955;1;5;2023;01:30;5;93;93066;2;2;1;3;Rue du Fort de la Briche / Quai de Seine;48,94190858;2,3416481
202300007956;1;5;2023;08:20;1;93;93048;2;2;1;3;Rue Galilée / Rue de Rosny;48,86185;2,44665
202300007957;1;5;2023;17:50;1;93;93057;2;3;1;3;Allée des Platanes / Allée de Bougainville;48,91638538;2,49564326
202300007958;1;5;2023;19:15;1;93;93008;2;2;1;6;Promenade Jean Rostand / Rue Marguerite Yourcenar;48,90876;2,45371
202300007959;1;5;2023;17:10;1;92;92012;2;1;1;3;JEAN JAURES (BOULEVARD) 63/215 - 70/208;48,835751;2,242292
202300007960;1;5;2023;16:00;1;92;92012;2;1;1;6;CHARLES DE GAULLE (AVENUE) COTE IMPAIR;48,84951;2,2375
202300007961;1;5;2023;02:00;5;92;92014;2;3;1;1;GALOIS (AVENUE);48,77678171;2,3191908
202300007962;30;4;2023;17:30;1;40;40304;2;1;1;6;124 Avenue de Paris;43,667467;-1,413004
202300007963;2;5;2023;04:30;3;21;21016;1;1;1;5;Autoroute A 31- PK 52.200;47,38734293;5,17240043
202300007964;1;5;2023;13:15;1;62;62390;2;1;1;7;D940;50,391301;1,604884
202300007965;1;5;2023;18:15;2;974;97413;1;1;1;7;Rue du Musee;-21,187903;55,287543
202300007966;30;4;2023;16:40;1;87;87201;1;3;1;7;Rue de Limoges;45,855654;1,151285
202300007967;1;5;2023;15:45;1;34;34095;1;1;6;7;M114 PR 21+833;43,516269;3,767723
202300007968;1;5;2023;19:10;1;57;57106;2;6;1;7;Rue du Luxembourg;49,298074;6,530911
202300007969;29;4;2023;15:40;1;19;19095;1;1;1;6;D940;45,635464;1,842264
202300007970;1;5;2023;11:50;1;59;59536;1;3;1;3;D53;50,773859;2,508305
202300007971;2;5;2023;14:00;1;79;79174;1;1;1;2;N/A;46,22814;-0,087816
202300007972;2;5;2023;16:35;1;2B;2B286;2;1;1;2;RT 10;42,485715;9,479828
202300007973;1;5;2023;15:05;1;2B;2B281;1;1;2;7;Sagro;42,796082;9,489822
202300007974;2;5;2023;15:00;1;82;82079;1;1;1;1;1025 Route de Montauban;43,93767;1,35823
202300007975;2;5;2023;11:00;1;41;41229;1;1;1;2;A85 PK 153.200 sens 2;47,306895;1,367433
202300007976;1;5;2023;15:35;1;69;69012;1;1;2;1;207 Chemin des Valettes;46,17297963;4,54660199
202300007977;2;5;2023;17:00;1;12;12012;2;2;1;3;avenue de rodez;44,544744;2,142034
202300007978;30;4;2023;06:30;2;41;41097;1;1;1;6;D724;47,31065;1,666907
202300007979;1;5;2023;13:00;1;34;34101;1;1;1;1;D32 PR 53+276;43,415967;3,433496
202300007980;1;5;2023;19:00;1;34;34267;1;1;1;7;251 Chemin des Plos;43,700093;3,541423
202300007981;30;4;2023;20:40;2;68;68273;1;1;1;7;D463;47,53934;7,277241
202300007982;2;5;2023;13:45;1;68;68374;1;1;1;4;D83;48,082803;7,312109
202300007983;1;5;2023;16:20;1;44;44155;1;1;1;7;N/A;47,04858274;-1,56493705
202300007984;2;5;2023;11:30;1;35;35179;1;1;1;4;route départementale 137;48,546238;-1,922908
202300007985;30;4;2023;23:00;3;29;29076;1;1;1;6;Lieu Dit les 3 Cures;48,472679;-4,525031
202300007986;2;5;2023;09:00;1;29;29160;2;1;1;2;D788;48,49358414;-4,43165312
202300007987;2;5;2023;14:58;1;2;2502;2;3;1;6;6 Place de l’Hotel de Ville;49,695309;4,014403
202300007988;1;5;2023;11:16;1;70;70120;2;1;1;7;29 avenue de France;47,69297;6,658997
202300007989;2;5;2023;17:50;1;26;26327;1;3;1;1;route déprtementale 539 - route de chatillon;44,68385;5,44409
202300007990;2;5;2023;09:25;1;58;58095;2;1;1;6;Route de Champvert;46,835438;3,469257
202300007991;1;5;2023;19:45;1;18;18230;1;2;1;3;Route des Brulis;46,663737;2,303234
202300007992;2;5;2023;16:00;1;40;40224;2;8;1;3;Route de Bayonne;43,546452;-1,112076
202300007993;1;5;2023;07:00;2;85;85146;1;3;1;3;VC la brunelière;46,991608;-1,319883
202300007994;21;3;2023;19:20;4;27;27547;2;9;1;1;route d'orbec;49,046532;0,404971
202300007995;2;5;2023;00:10;3;88;88116;1;1;2;6;Le Rond Champ;47,96596471;6,84802026
202300007996;1;5;2023;03:17;3;6;6029;1;1;1;4;A8, PK 160.800 voie nord;43,560926;6,968679
202300007997;2;5;2023;07:45;1;45;45155;1;1;1;1;D952 PR 7 + 150;47,677973;2,663755
202300007998;2;5;2023;13:05;1;67;67300;2;1;1;6;11 Avenue du General de Gaulle;48,54276;7,488864
202300007999;1;5;2023;05:28;2;67;67098;1;1;2;6;D392;48,539537;7,403922
202300008000;1;5;2023;15:00;1;42;42168;1;1;2;6;5 Route du Col de l'Oeillon;45,426178;4,659423
202300008001;2;5;2023;14:15;1;81;81105;1;1;1;7;La plaine;43,77831;1,985779
202300008002;1;5;2023;16:30;1;17;17452;1;1;1;7;D25;45,720166;-1,229782
202300008003;1;5;2023;19:30;2;16;16355;1;1;1;6;RD 55;45,77551557;-0,36462189
202300008004;1;5;2023;17:40;1;33;33463;2;1;1;6;85 Avenue de la Libération;44,571727;-0,190726
202300008005;1;5;2023;16:20;1;33;33019;2;1;1;3;Allée des Chèvres;44,69178931;-1,01953179
202300008006;1;5;2023;08:55;1;53;53157;1;9;1;7;rond point du port sec;48,031149;-0,80846071
202300008007;30;4;2023;21:05;3;61;61213;1;3;2;3;RN12;48,473074;-0,130867
202300008008;9;4;2023;16:45;1;50;50239;1;1;1;6;D900;49,129659;-1,170345
202300008009;30;4;2023;20:25;1;29;29058;1;1;1;6;Route du Grand Large;47,847788;-4,036193
202300008010;2;5;2023;17:20;1;27;27015;2;1;1;6;Route Nationale;49,231331;1,239288
202300008011;30;4;2023;17:10;1;76;76001;2;1;1;6;9 Rue du Docteur Patenotre;49,596306;0,676335
202300008012;30;4;2023;16:30;1;62;62609;1;1;1;6;D55;50,37508544;2,76883976
202300008013;30;4;2023;16:00;1;59;59136;1;6;1;3;CD932;50,108043;3,523146
202300008014;1;5;2023;18:25;1;78;78165;1;1;1;5;RN12 INT;48,79924;1,99066
202300008015;1;5;2023;13:45;1;93;93005;1;1;2;6;AUTOROUTE A104;48,97269957;2,49253392
202300008016;1;5;2023;05:44;3;77;77373;1;1;1;6;RN104;48,782248;2,616277
202300008017;30;4;2023;15:05;1;974;97416;2;1;1;7;RUBEL (CHEMIN LAURENT);-21,2845;55,46764
202300008018;30;4;2023;19:30;5;974;97409;1;1;1;6;RN2 SENS ST BENOIT ST DENIS;-20,94382;55,64946
202300008019;30;4;2023;13:20;1;974;97407;2;1;1;1;LONDRES(RUE);-20,9419;55,29444
202300008020;30;4;2023;04:53;5;69;69386;2;2;1;3;45 Rue Duquesne;45,77284;4,84653
202300008021;30;4;2023;04:45;5;69;69387;2;3;1;6;Boulevard Chambaud de la Bruyère;45,72285;4,84236
202300008022;6;6;2023;18:50;1;34;34047;1;1;1;6;RD32;43,541308;3,485527
202300008023;29;4;2023;12:35;1;972;97213;1;9;1;3;ROUTE DEPARTEMENTALE 3;14,65055;-60,98756
202300008024;1;6;2023;02:45;3;22;22258;1;1;1;6;Le Beau Fréro;48,422113;-2,69982
202300008025;7;6;2023;16:40;1;44;44067;2;1;1;7;2 Rue de l'Hotel de Ville;47,628522;-1,834241
202300008026;30;4;2023;16:10;1;972;97209;1;9;1;1;BALATA (ROUTE DE);14,61725;-61,07122
202300008027;7;6;2023;04:58;2;29;29236;1;1;1;6;Moulin Helou;47,83305615;-3,6830121
202300008028;7;6;2023;16:45;1;2;2067;2;1;1;6;rue du general de gaulle;50,032035;3,710546
202300008029;30;4;2023;03:30;5;972;97209;2;3;1;6;BISHOP (Avenue Maurice);14,60873;-61,05628
202300008030;7;6;2023;08:05;1;2;2360;1;1;7;6;D62;49,428093;3,960421
202300008031;29;4;2023;01:15;4;972;97209;1;1;1;2;RD 41 (ROCADE);14,61001;-61,0847
202300008032;30;4;2023;21:50;5;69;69081;2;1;1;6;1 Chemin de Chalin;45,77736;4,79196
202300008033;7;6;2023;15:25;1;3;3298;1;1;1;1;74 Route de Moulins;46,33718448;3,3831559
202300008034;30;4;2023;20:58;5;2B;2B033;2;9;2;6;VEZZANI - RUE CESAR;42,689333;9,447233
202300008035;7;6;2023;06:39;1;3;3306;1;1;1;6;Village des Baillons;46,090801;3,496034
202300008036;6;6;2023;18:50;1;14;14682;1;1;1;1;Route de Rouen;49,299858;0,228578
202300008037;28;4;2023;15:00;1;971;97113;1;3;1;5;Morne Salines;16,20805712;-61,44964457
202300008038;7;6;2023;18:40;1;50;50111;1;1;1;3;Les Nouettes;49,035283;-1,278464
202300008039;30;4;2023;23:10;5;91;91657;2;3;1;6;AV HENRI BARBUSSE;48,7043;2,4354
202300008040;30;4;2023;22:00;5;91;91286;2;1;1;2;DE LA 1ERE ARMEE RHIN ET DANUBE (AVENUE);48,65385;2,39644
202300008041;7;6;2023;17:15;1;50;50615;2;3;1;3;Route de Sottevast;49,513605;-1,499934
202300008042;6;6;2023;00:30;3;45;45053;2;1;1;6;Boulevard Loreau;47,64736;2,729947
202300008043;29;4;2023;20:20;1;85;85191;2;1;1;6;Place de la vendée;46,66992;-1,43208
202300008044;24;11;2023;20:20;5;47;47001;2;3;2;6;8 MAI 1945 (ALLEE DU);44,20061;0,61752
202300008045;11;7;2023;12:00;1;91;91136;1;1;1;4;A10 PROVINCE / RD188 PROVINCE;48,71308;2,28234
202300008046;28;4;2023;18:30;1;83;83137;2;1;1;2;BONAPARTE (ROND POINT DU GENERAL);43,126183;5,92587