Num_Acc;jour;mois;an;hrmn;lum;dep;com;agg;int;atm;col;adr;lat;long
202300008047;6;6;2023;19:55;1;73;73204;2;2;1;1;D1006;45,52955086;5,68484301
202300008048;24;11;2023;18:05;5;47;47001;2;1;2;6;LIBERTE (BOULEVARD DE LA);44,19625;0,61899
202300008049;1;5;2023;00:25;3;77;77251;1;1;1;6;ALL DU POINTS DE VUE;48,618404;2,540559
202300008050;11;7;2023;01:44;3;91;91617;1;1;1;7;RN6 PROVINCE / RN 104 EXT;48,6419;2,53538
202300008051;24;11;2023;14:00;1;45;45285;2;3;1;6;18 Rue Charles Beauhaire;47,90987;1,88166
202300008052;7;6;2023;07:40;1;24;24551;1;3;1;3;les bouilloux;45,422601;0,935458
202300008053;7;6;2023;08:50;1;85;85254;1;1;1;1;RD 960B;46,78772;-0,78069
202300008054;29;4;2023;17:15;1;64;64445;2;1;2;7;14 JUILLET DU;43,28734;-0,38022
202300008055;6;6;2023;18:40;1;17;17337;2;1;1;7;D126;45,970675;-1,289102
202300008056;24;11;2023;08:59;1;45;45068;1;1;2;4;D2007 PR 17 + 385;48,013263;2,739327
202300008057;11;7;2023;00:20;3;91;91161;1;1;1;2;AUTOROUTE A6;48,71331;2,30857
202300008058;29;4;2023;15:48;1;64;64335;2;9;2;1;JEAN JAURES;43,31711;-0,42968
202300008059;24;11;2023;19:10;5;44;44109;2;1;1;6;11 Rue de Bréa;47,21092;-1,56597
202300008060;6;6;2023;20:15;1;87;87153;1;1;1;1;lieu dit ladrat;45,834768;1,747089
202300008061;29;4;2023;11:43;1;64;64445;2;3;2;6;MOUROT;43,2991;-0,37183
202300008062;24;11;2023;20:20;5;37;37214;1;1;1;3;MOTTE (PONT DE LA);47,39405893;0,64713907
202300008063;30;4;2023;19:10;1;64;64122;2;1;1;7;GUYNEMER (RUE);43,47332;-1,56383
202300008064;24;11;2023;11:15;1;37;37122;2;1;1;7;GAMARD (RUE);47,35031;0,66263
202300008065;30;4;2023;02:55;4;64;64102;2;1;1;7;LESSEPS (QUAI DE);43,49736;-1,47774
202300008066;6;6;2023;15:20;1;95;95394;2;1;1;3;103 THERESE LETHIAS (RUE);49,05534638;2,17159688
202300008067;11;7;2023;16:45;1;92;92036;1;1;1;2;A86;48,93452516;2,26967584
202300008068;24;11;2023;12:15;1;37;37208;2;1;1;2;GRANDMONT (RUE DE);47,36554;0,71535
202300008069;31;5;2023;06:45;2;973;97307;2;1;7;6;115 rue léon gontran damas;4,850723;-52,32724
202300008070;30;4;2023;20:55;1;62;62400;2;1;1;5;D86;50,47361;2,58016
202300008071;24;11;2023;07:10;5;37;37214;2;4;2;3;DE GAULLE (BD CHARLES);47,41814;0,66528
202300008072;7;6;2023;18:00;1;34;34337;1;1;1;3;5 Chemin du Boulidou;43,525729;3,83985
202300008073;6;6;2023;17:00;1;78;78455;2;1;1;7;Rue de Chevreloup;48,837451;2,068692
202300008074;24;11;2023;17:40;2;35;35238;2;2;1;3;ROOSEVELT (BD FRANKLIN);48,0959;-1,6615
202300008075;29;4;2023;18:05;1;54;54274;1;1;1;4;RD 674;48,67357;6,19616
202300008076;11;7;2023;20:15;1;95;95018;1;1;1;2;A15;48,96209;2,26724
202300008077;24;11;2023;07:55;3;35;35238;1;1;1;5;RN136;48,08089355;-1,67097867
202300008078;28;4;2023;21:55;5;45;45068;2;1;1;3;7 Rue Roger Salengro;48,012929;2,718023
202300008079;29;5;2023;16:15;1;82;82025;1;1;1;4;A20 PK 427+000;43,939501;1,321449
202300008080;24;11;2023;07:45;2;33;33192;2;6;1;3;Rue d'Ornon;44,76581;-0,63922
202300008081;11;7;2023;18:00;1;93;93066;1;1;1;2;AUTOROUTE A1;48,91934;2,35742
202300008082;30;4;2023;04:30;5;38;38185;2;5;1;3;PLACE HUBERT DUBEDOUT;45,19232;5,72043
202300008083;7;6;2023;03:03;3;17;17219;1;1;1;1;RD 123, PR 03.000;45,824523;-1,044881
202300008084;23;11;2023;13:00;1;33;33032;2;1;1;6;AVE SAINT-EXUPERY;44,90302;-0,5132
202300008085;30;4;2023;17:10;1;37;37261;2;1;1;6;MEFFRE (PLACE);47,38043;0,69928
202300008086;6;6;2023;20:17;2;42;42009;2;1;1;1;Route de Biterne - Les Grands prés;45,771164;4,043323
202300008087;24;11;2023;17:15;5;31;31555;2;1;2;6;RUE HENRI DESBALS;43,5903;1,420204
202300008088;30;4;2023;15:45;1;35;35238;2;2;1;3;FREVILLE (AVENUE HENRI);48,08669;-1,675
202300008089;6;6;2023;23:50;3;77;77192;1;1;1;1;N36;48,701498;2,828465
202300008090;10;7;2023;20:20;1;95;95018;1;1;1;5;AUTOROUTE A15;48,96209;2,26724
202300008091;30;4;2023;18:10;1;33;33249;2;1;1;3;Quai Elisabeth Dupeyron;44,86863;-0,53773
202300008092;6;6;2023;17:45;1;91;91661;1;1;7;1;Avenue de la Plesse;48,693874;2,237616
202300008093;24;11;2023;19:40;3;29;29232;2;1;1;5;Boulevard Louis le Guennec;47,98306669;-4,11074257
202300008094;30;4;2023;17:53;1;33;33063;2;3;1;6;Cours de Verdun;44,84721;-0,57669
202300008095;6;6;2023;23:26;3;5;5052;1;1;1;6;d902;44,6862397;6,6983076
202300008096;24;11;2023;18:45;5;29;29019;1;1;1;2;rue Général Paulet;48,42257538;-4,47700816
202300008097;11;7;2023;09:40;1;93;93064;1;1;1;3;AUTOROUTE A86;48,88339239;2,46986931
202300008098;30;4;2023;10:00;1;33;33063;2;2;1;3;Passage Bernard Jabouin;44,85802;-0,58779
202300008099;7;6;2023;17:00;1;5;5178;1;1;1;3;Route de Gap;44,373717;5,928497
202300008100;22;11;2023;17:15;1;29;29019;2;1;1;3;30 quai Commandant Malbert;48,380677;-4,48772
202300008101;30;4;2023;07:55;1;31;31555;2;1;8;6;VA007644 EMPALOT A620 Sortie 24;43,57538;1,44057
202300008102;6;6;2023;18:00;1;89;89387;2;1;1;2;;48,21243;3,26448
202300008103;20;11;2023;17:33;1;29;29019;1;3;2;2;chemin de Kerlossouarn;48,449407;-4,494245
202300008104;30;4;2023;03:15;3;28;28134;2;1;1;6;PARIS (ROUTE DE);48,74774;1,4012
202300008105;11;7;2023;09:20;1;93;93010;1;1;1;5;AUTOROUTE A3;48,90722835;2,47254249
202300008106;5;6;2023;04:55;2;67;67400;1;1;1;7;D264;48,975485;7,937686
202300008107;24;11;2023;17:40;5;27;27229;2;1;1;6;SAINT SAUVEUR (RUE);49,028027;1,143645
202300008108;29;4;2023;16:45;1;27;27681;2;1;1;3;HUGO (AVENUE VICTOR);49,09246;1,48176
202300008109;24;11;2023;13:13;1;27;27229;2;1;1;6;DUC DE BOUILLON (RUE DU);49,02675;1,14821
202300008110;10;7;2023;18:00;1;93;93078;1;1;1;3;AUTOROUTE A104;48,95789816;2,53055763
202300008111;7;6;2023;13:00;1;69;69009;2;3;1;3;Route de Saint Bernard;45,94395906;4,72602745
202300008112;30;4;2023;14:10;1;27;27229;2;1;1;2;FORET (RUE DE LA);49,00945;1,15611
202300008113;5;6;2023;13:45;1;69;69295;2;1;1;7;670 Route de Chuzelles;45,605752;4,879861
202300008114;1;5;2023;00:15;3;26;26198;1;6;1;6;Route de Chateauneuf;44,53251;4,73765
202300008115;24;11;2023;09:15;1;27;27229;2;1;2;4;FOCH (AVENUE DU MARECHAL);49,02344;1,13728
202300008116;11;7;2023;07:25;1;93;93051;1;1;1;2;A4;48,83515238;2,57609455
202300008117;5;6;2023;08:30;1;79;79049;1;1;1;7;;46,790746;-0,430334
202300008118;30;4;2023;11:20;1;26;26198;2;1;1;6;Avenue d'Espoulette;44,55392;4,76085
202300008119;24;11;2023;08:50;2;27;27229;2;1;2;2;VERNON (RUE DE);49,03118;1,15991
202300008120;29;4;2023;11:40;1;22;22113;2;1;1;2;SAINT MARC (RUE DE);48,73455;-3,4443
202300008121;6;6;2023;11:45;1;86;86078;2;1;1;7;Rue Duplessis;46,147971;0,293874
202300008122;11;7;2023;05:25;3;77;77372;1;1;1;2;A104;48,888994;2,667469
202300008123;24;11;2023;07:50;5;27;27229;2;1;2;3;SAINT LEGER (RUE DU FAUBOURG);49,03288;1,15547
202300008124;26;3;2023;06:26;3;38;38544;1;1;2;6;D46A;45,50169;4,89334
202300008125;30;4;2023;01:51;5;18;18033;2;2;1;3;Boulevard de l'Avenir;47,07977;2,38216
202300008126;24;11;2023;08:50;1;25;25056;2;1;2;6;VESOUL RUE DE (inf 52);47,25417;6,0152
202300008127;6;6;2023;19:15;1;85;85071;2;3;1;1;577 Rue de saint-gilles;46,75719;-1,85279
202300008128;30;4;2023;05:50;5;15;15014;2;1;2;6;RD 920;44,910299;2,451631
202300008129;5;7;2023;07:56;1;49;49099;2;1;7;6;CARNOT (RUE SADI);47,06317;-0,86567
202300008130;7;6;2023;08:45;1;49;49035;1;1;1;7;D126;47,415144;-0,645919
202300008131;30;4;2023;02:16;5;11;11069;2;9;2;3;1 Boulevard Jules Guesde;43,20847;2,33194
202300008132;6;6;2023;07:00;1;61;61141;1;1;1;3;D2;48,460838;0,029037
202300008133;30;4;2023;11:48;1;10;10387;2;1;1;7;LOMBARDS (AVENUE);48,272899;4,076847
202300008134;25;11;2023;01:55;5;13;13206;2;2;6;2;BRETEUIL (RUE);43,28943;5,37616
202300008135;5;6;2023;00:05;3;22;22149;2;1;1;6;20 Rue des Camélias;48,278192;-2,894174
202300008136;8;5;2023;20:00;1;85;85194;2;1;1;7;GABARET (AVENUE ALCIDE);46,4961;-1,7741
202300008137;30;4;2023;09:50;1;7;7102;2;2;1;3;MONTGOLFIER (RUE);44,93306;4,87367
202300008138;24;11;2023;21:30;5;13;13211;2;1;1;3;RAOUL FOLLEREAU (AV);43,29391976;5,44493745
202300008139;7;6;2023;12:00;1;27;27343;1;1;7;1;RD57 Pr 18.500 vers EVREUX;49,062704;1,365416
202300008140;30;4;2023;12:40;1;6;6029;2;3;2;3;OXFORD (BOULEVARD D');43,56491;7,02636
202300008141;10;7;2023;14:45;1;974;97416;1;1;1;2;RN1;-21,31088;55,43498
202300008142;24;11;2023;15:35;1;13;13213;2;1;1;1;POILUS (AVENUE DES);43,32262;5,45707
202300008143;30;4;2023;20:05;2;75;75120;2;1;1;3;PORTE DES LILAS;48,872376;2,412504
202300008144;7;6;2023;05:15;1;27;27599;1;1;1;7;RD 6015 PR 14. 200;49,150093;1,381059
202300008145;24;11;2023;10:15;1;13;13206;2;2;1;3;GOUFFE (COURS);43,28591;5,38796
202300008146;29;4;2023;19:20;1;75;75115;2;1;1;3;BD PERIPHERIQUE INTERIEUR;48,834927;2,266773
202300008147;24;11;2023;10:40;1;13;13202;2;1;1;1;ROBERT SCHUMANN (AVENUE);43,30127;5,36614
202300008148;30;4;2023;07:35;1;75;75120;2;1;1;3;RUE DES MARAICHERS;48,855152;2,406141
202300008149;4;6;2023;19:00;1;76;76610;1;6;1;4;D131e;49,62521438;0,78907907
202300008150;30;4;2023;15:40;1;75;75119;2;1;1;6;AVENUE SIMON BOLIVAR;48,874661;2,383008
202300008151;23;11;2023;00:50;5;13;13207;2;1;1;2;SAINTE (RUE);43,29167;5,37202
202300008152;10;7;2023;17:25;1;973;97302;1;1;1;3;ROUTE NATIONALE 3;4,92882;-52,3292
202300008153;30;4;2023;05:43;5;75;75119;2;3;1;6;AVENUE JEAN JAURES;48,882956;2,370613
202300008154;6;6;2023;16:30;1;60;60589;2;1;1;4;Rue Louis Saint Just;49,242834;2,470894
202300008155;24;11;2023;09:30;1;13;13001;2;1;1;3;BONAPARTE NAPOLEON(AV);43,52749765;5,44275557
202300008156;30;4;2023;19:10;1;75;75118;2;2;8;6;RUE RIQUET;48,889926;2,363085
202300008157;7;6;2023;08:30;1;2;2495;1;2;1;3;Route Departementale 1043;49,959928;4,013392
202300008158;22;11;2023;20:40;3;12;12202;2;1;2;6;SALABRU (CHEMIN DE);44,36029;2,56358
202300008159;30;4;2023;01:50;5;75;75117;2;2;1;3;AVENUE DE WAGRAM;48,881552;2,300695
202300008160;16;6;2023;07:55;1;973;97302;2;6;1;3;MARINGOUINS (ROND-POINT);4,90699;-52,32227
202300008161;24;11;2023;12:30;1;10;10387;2;1;8;6;COLONEL DRIANT (RUE DU);48,29478;4,068
202300008162;30;4;2023;22:12;5;75;75115;2;2;1;3;AVENUE EMILE ZOLA;48,846397;2,283171
202300008163;6;6;2023;18:15;1;13;13211;1;1;1;2;A50-Sens Aubagne vers Marseille;43,2929;5,4696
202300008164;22;11;2023;14:35;1;10;10387;2;1;1;7;LIEUTENANT PIERRE MURARD (RUE);48,30349;4,05814
202300008165;30;4;2023;16:05;1;75;75113;2;1;1;2;AVENUE D ITALIE;48,829388;2,35632
202300008166;24;11;2023;03:50;3;9;9122;2;1;1;6;LABARRE;42,98637;1,61558
202300008167;5;6;2023;22:10;3;13;13211;1;1;1;2;A50-Sens Marseille vers Aubagne;43,29344;5,45678
202300008168;30;4;2023;18:45;1;75;75112;2;1;1;3;QUAI DE BERCY;48,841276;2,373387
202300008169;24;11;2023;16:20;1;6;6069;2;1;1;3;SEMARD (AVENUE PIERRE);43,6565;6,92808
202300008170;30;4;2023;00:20;5;75;75112;2;3;1;3;AVENUE LEDRU ROLLIN;48,849615;2,374283
202300008171;5;6;2023;07:25;1;13;13213;1;1;1;2;A507 sens Marseille - Aubagne;43,32673;5,42048
202300008172;24;11;2023;19:55;5;75;75115;2;1;1;2;PORTE DE VERSAILLES;48,828061;2,290946
202300008173;30;4;2023;14:50;1;75;75103;2;2;1;3;RUE ROGER VERLOMME;48,856826;2,365998
202300008174;10;7;2023;15:00;1;69;69387;2;1;1;1;Cours Gambetta;45,75556;4,84186
202300008175;23;11;2023;20:00;5;75;75116;2;1;1;4;PORTE DE PASSY;48,859377;2,262867
202300008176;30;4;2023;04:40;5;75;75101;2;1;1;6;QUAI FRANCOIS MITTERRAND;48,859066;2,339087
202300008177;5;6;2023;08:00;1;67;67152;1;1;1;4;M35;48,52485;7,66392
202300008178;23;11;2023;20:19;5;75;75118;2;1;1;2;PORTE DE LA CHAPELLE;48,900802;2,369807
202300008179;30;4;2023;07:11;2;94;94060;1;1;1;2;Rue du Général de Gaulle;48,78722;2,56254
202300008180;6;6;2023;09:30;1;91;91471;1;1;1;2;RN 118;48,71209;2,18333
202300008181;24;11;2023;08:30;1;75;75112;2;3;1;6;AVENUE DAUMESNIL;48,835932;2,405657
202300008182;29;4;2023;20:20;2;94;94034;2;1;1;1;Avenue de la Paix;48,75912;2,32946
202300008183;6;6;2023;09:30;1;92;92002;1;1;1;2;AUTOROUTE A10;48,73068;2,30871
202300008184;10;7;2023;07:45;1;972;97209;2;1;1;3;LOUIS DOMERGUE (AVENUE);14,62002;-61,04891
202300008185;23;11;2023;22:43;5;75;75116;2;7;1;1;PLACE DE VARSOVIE;48,860414;2,291153
202300008186;30;4;2023;17:45;1;93;93073;1;1;1;5;Rue des Buissons;48,99092;2,52421
202300008187;24;11;2023;18:30;5;75;75120;2;3;1;3;AVENUE DU PROFESSEUR ANDRE LEMIERE;48,858724;2,414744
202300008188;6;6;2023;08:15;1;91;91228;1;1;1;3;AUTOROUTE A6;48,6302;2,40974
202300008189;30;4;2023;22:45;5;93;93066;2;1;1;3;Avenue Romain Rolland;48,93912;2,3797752
202300008190;10;7;2023;13:31;1;2B;2B033;2;2;1;3;TOUTES RUES;42,67;9,44
202300008191;24;11;2023;18:05;5;75;75120;2;3;1;3;BOULEVARD MORTIER;48,870558;2,408813
202300008192;30;4;2023;20:45;5;93;93055;2;3;1;3;Avenue Jean Lolive / Rue Honoré d’Estienne d’Orves;48,89176;2,40643
202300008193;5;6;2023;01:10;3;91;91553;1;9;1;2;RN 104;48,62933;2,48327
202300008194;30;4;2023;18:35;1;93;93006;2;1;1;6;16 Rue Descartes;48,86978083;2,42619485
202300008195;24;11;2023;15:00;1;75;75119;2;2;1;1;AVENUE DE LA PORTE CHAUMONT;48,886075;2,398245
202300008196;6;6;2023;08:40;1;92;92036;1;1;1;3;RN315 W;48,93557975;2,30154336
202300008197;30;4;2023;19:00;1;93;93001;2;3;1;3;Rue de la Nouvelle France / Rue Mendel Kalmenson;48,91346;2,38631
202300008198;24;11;2023;19:30;3;75;75116;2;3;1;3;PLACE DE COLOMBIE;48,86321;2,268552
202300008199;6;6;2023;07:10;1;92;92064;1;1;1;5;A13;48,83958871;2,2007699
202300008200;30;4;2023;15:44;1;92;92078;2;1;1;1;MARECHAL LECLERC (AVENUE) (N° IMPAIRS);48,938244;2,32415
202300008201;24;11;2023;12:20;1;75;75116;2;7;1;3;PLACE DE LA PORTE DE SAINT CLOUD;48,83840342;2,25696078
202300008202;30;4;2023;09:30;1;92;92044;2;2;1;7;ANA. FRANCE(RUE)1A75 ET 2A72;48,89129479;2,28579193
202300008203;10;7;2023;09:03;1;971;97101;1;1;1;2;GRAND CAMP(SECTION);16,25063;-61,53247
202300008204;24;11;2023;11:30;1;75;75115;2;1;1;6;RUE DE VAUGIRARD;48,844665;2,318606
202300008205;30;4;2023;20:50;2;92;92026;2;1;1;3;SAINT-DENIS BD DE (01 A 197 / 02 A 118);48,89814;2,26402
202300008206;5;6;2023;13:30;1;78;78007;1;1;1;4;A13 Y;48,898719;2,005721
202300008207;8;7;2023;23:00;5;971;97107;2;1;1;6;GERMAIN ST RUF (AVENUE );16,05068355;-61,56260043
202300008208;28;4;2023;17:36;1;13;13001;1;1;1;4;A5116CD-Aix-Centre vers A51-Marseille;43,51837;5,433
202300008209;5;6;2023;18:30;1;95;95218;1;1;1;2;A15;49,03544363;2,09728717
202300008210;22;11;2023;17:40;3;75;75114;2;2;1;3;PLACE DENFERT ROCHEREAU;48,833695;2,33192
202300008211;9;7;2023;19:15;1;95;95428;2;1;1;2;D124;48,99851;2,32208
202300008212;6;4;2023;21:45;3;69;69259;1;1;1;6;Boulevard Urbain Sud;45,68527591;4,87794394
202300008213;5;6;2023;16:30;1;93;93010;1;1;1;3;AUTOROUTE A3;48,90625339;2,47214056
202300008214;30;4;2023;08:15;1;91;91468;1;1;1;7;AUTOROUTE A6;48,57519;2,46595
202300008215;24;11;2023;18:15;5;75;75113;2;2;1;6;AVENUE CLAUDE REGAUD;48,821574;2,372481
202300008216;4;6;2023;21:30;1;95;95527;1;9;1;3;A1;48,99732912;2,5185583
202300008217;30;4;2023;05:15;3;94;94034;1;1;1;2;A6A;48,75769527;2,33590151
202300008218;24;11;2023;00:40;5;75;75113;2;3;1;6;AVENUE D ITALIE;48,819137;2,359575
202300008219;30;4;2023;03:40;3;91;91477;1;1;1;6;AUTOROUTE A10;48,71839;2,25622
202300008220;10;7;2023;13:20;1;95;95555;2;2;1;2;D14;48,96415792;2,28866994
202300008221;23;11;2023;22:00;5;75;75113;2;3;1;2;AVENUE DES GOBELINS;48,83434;2,35354
202300008222;3;6;2023;23:50;3;95;95277;1;1;1;6;A3;48,96973;2,48227
202300008223;29;4;2023;23:55;3;77;77384;1;1;1;2;AUTOROUTE A5A;48,5967;2,61
202300008224;9;7;2023;16:10;1;95;95197;2;1;1;6;CONCORDE (RUE DE LA);48,96573;2,317772
202300008225;3;6;2023;20:00;1;93;93027;1;1;1;6;AUTOROUTE A1;48,93720852;2,40978107
202300008226;24;11;2023;08:50;1;75;75111;2;3;1;6;RUE DE CHARONNE;48,853591;2,380406
202300008227;29;4;2023;22:44;4;94;94038;1;1;1;4;A6A;48,78809908;2,34493544
202300008228;6;6;2023;20:05;1;94;94022;1;1;1;4;A86;48,77568996;2,41313841
202300008229;24;11;2023;01:30;5;75;75111;2;3;2;2;RUE SEDAINE;48,855469;2,370525
202300008230;9;7;2023;15:30;1;95;95555;2;1;1;1;D15;48,97108326;2,29290247
202300008231;6;6;2023;12:10;1;94;94002;1;1;1;2;A86;48,7761544;2,42762751
202300008232;30;4;2023;02:40;5;93;93066;1;1;1;2;AUTOROUTE A1;48,91598;2,35784
202300008233;24;11;2023;17:20;2;75;75110;2;3;1;1;RUE LA FAYETTE;48,88064;2,362017
202300008234;10;7;2023;18:45;1;95;95582;2;3;1;3;JEAN MOULIN (RUE);48,980028;2,243219
202300008235;6;6;2023;10:15;1;77;77294;1;1;1;6;A104;48,96069827;2,61897152
202300008236;24;11;2023;01:00;5;75;75108;2;3;1;6;BOULEVARD MALESHERBES;48,87378269;2,32057983
202300008237;6;6;2023;09:00;1;94;94022;1;1;1;2;A86;48,77323814;2,39995477
202300008238;30;4;2023;01:40;3;93;93078;1;1;1;2;AUTOROUTE A104;48,96569101;2,55693444
202300008239;10;7;2023;08:38;1;87;87085;1;1;1;6;AEROPORT LIMOGES BELLEGARDE (AVENUE DE);45,861092;1,172945
202300008240;24;11;2023;01:30;5;75;75108;2;2;2;3;RUE DE LISBONNE;48,877744;2,315594
202300008241;6;6;2023;07:00;1;93;93051;1;1;1;3;A4;48,83642302;2,55202737
202300008242;8;7;2023;23:10;5;87;87085;2;2;1;3;LIAISON SUD ( voie de);45,81742;1,2528
202300008243;23;11;2023;07:30;1;94;94052;2;1;1;4;Boulevard de Strasbourg;48,84335;2,48598
202300008244;27;2;2023;17:45;2;74;74010;2;1;1;6;Rue de malaz;45,882305;6,099515
202300008245;24;2;2023;01:10;4;74;74250;2;6;1;6;Avenue du mont blanc;46,0731;6,394797
202300008246;8;7;2023;15:40;1;87;87085;2;2;1;3;LECLERC (AVENUE DU GENERAL);45,8518;1,26472
202300008247;24;11;2023;20:00;5;94;94073;2;9;1;3;Avenue de Fontainebleau;48,76292775;2,36845232
202300008248;7;7;2023;12:17;1;87;87065;2;1;1;2;EYMOUTIERS (RUE D');45,81848;1,29536
202300008249;30;3;2023;18:10;1;74;74225;2;1;1;6;Rue de Verdun;45,85652;5,94412
202300008250;24;11;2023;20:00;5;94;94028;2;9;1;3;Avenue de Verdun;48,79928;2,46628
202300008251;26;3;2023;06:30;2;74;74282;1;1;1;6;462 Chemin de l?Étang;46,040457;6,245105
202300008252;24;11;2023;16:07;1;94;94077;1;9;2;3;Cours de Verdun;48,74036;2,40914
202300008253;9;7;2023;01:22;5;84;84007;2;7;1;2;LYON (route de );43,95013;4,82015
202300008254;13;3;2023;14:00;1;74;74010;2;1;1;3;Avenue des vieux moulins (Seynod);45,889762;6,114927
202300008255;5;3;2023;20:25;3;74;74188;1;1;1;6;route du lac;46,209678;6,720731
202300008256;24;11;2023;19:42;5;94;94071;2;6;1;3;Rue de Champigny;48,77444;2,51095
202300008257;1;3;2023;17:00;1;74;74263;2;9;1;1;Sciez;46,329306;6,381308
202300008258;24;11;2023;19:05;5;94;94002;2;9;1;3;Quai Blanqui;48,81452962;2,41119843
202300008259;5;6;2023;19:25;1;75;75112;2;1;1;3;BD PERIPHERIQUE EXTERIEUR;48,832542;2,406109
202300008260;24;11;2023;08:25;1;93;93073;2;2;1;3;Avenue Henri Barbusse / Dixieme Avenue;48,96159;2,57065
202300008261;5;6;2023;08:10;1;75;75112;2;1;1;2;BD PERIPHERIQUE INTERIEUR;48,830927;2,402991
202300008262;7;7;2023;00:30;5;83;83118;2;1;1;3;ROUTE DE LA CORNICHE;43,41791864;6,82560052
202300008263;22;11;2023;20:45;5;93;93078;2;2;1;3;Avenue du Général Leclerc / Rue de Touraine;48,94809406;2,56120727
202300008264;24;11;2023;21:10;5;93;93072;2;3;1;3;Avenue de Stalingrad / Rue Pierre Curie;48,95946;2,39877
202300008265;5;6;2023;16:36;1;75;75109;2;2;1;3;RUE DE CHATEAUDUN;48,876058;2,33713
202300008266;6;7;2023;15:40;1;80;80021;2;1;1;6;FRANCS MURIERS (RUE DES);49,89668;2,30038
202300008267;24;11;2023;15:05;1;93;93064;2;2;1;3;Avenue du Général de Gaulle / A3;48,88591087;2,47265875
202300008268;5;6;2023;14:30;1;75;75118;2;3;1;6;RUE MARX DORMOY;48,886105;2,359525
202300008269;24;11;2023;15:10;1;93;93055;2;1;8;6;Avenue du Général Leclerc;48,90171;2,41359
202300008270;24;11;2023;11:10;1;93;93051;2;1;1;6;Rue des 4 Saisons;48,84727777;2,54884066
202300008271;5;6;2023;10:00;1;75;75118;2;2;1;1;RUE ORDENER;48,892524;2,34431
202300008272;24;11;2023;12:05;1;93;93010;2;1;8;6;Rue Roger Salengro;48,89601606;2,47716781
202300008273;5;6;2023;09:20;1;75;75116;2;2;1;2;AVENUE DE L HIPPODROME;48,858548;2,244879
202300008274;22;11;2023;10:05;1;93;93007;2;1;1;3;Avenue Paul Vaillant Couturier;48,929138;2,478983
202300008275;10;7;2023;16:20;1;78;78638;1;3;1;2;D 922;49,01989;1,95909
202300008276;26;12;2023;17:45;5;50;50218;2;9;2;6;MARECHAL LECLERC (AV DU);48,83794;-1,58646
202300008277;22;11;2023;10:05;1;93;93007;2;2;1;6;Avenue Paul Vaillant Couturier / Avenue de Bel-abbès;48,929013;2,478158
202300008278;30;12;2023;15:45;1;13;13210;2;2;1;6;ROMAIN ROLLAND (BOULEVARD);43,27753;5,420408
202300008279;4;6;2023;16:15;1;75;75116;2;1;1;3;ROUTE D AUTEUIL AUX LACS;48,851203;2,253295
202300008280;24;11;2023;15:11;1;92;92046;2;1;2;6;DE STALINGRAD;48,81394486;2,28851885
202300008281;10;7;2023;20:45;1;69;69264;2;9;1;6;Boulevard Burdeau;45,99706;4,73013
202300008282;5;6;2023;11:40;1;75;75115;2;2;1;3;RUE DU THEATRE;48,84811;2,290123
202300008283;6;12;2023;16:00;1;92;92063;2;1;1;3;POMPIDOU (AVENUE DU PRESIDENT);48,87038834;2,1964716
202300008284;9;12;2023;20:25;5;92;92004;2;1;2;3;VICTOIRES  ( PLACE DES  );48,91066274;2,29088567
202300008285;22;3;2023;14:45;1;54;54206;1;1;1;3;RD 148 PK 6;48,52360407;6,53742313
202300008286;10;7;2023;17:30;1;67;67482;2;1;1;6;GARE (PLACE DE LA);48,5843;7,7361
202300008287;5;6;2023;09:50;1;75;75112;2;1;1;3;RUE DE BERCY;48,837375;2,38271
202300008288;23;11;2023;17:00;2;92;92063;2;9;1;3;COLMAR (AVENUE DE);48,88687591;2,17031658
202300008289;22;3;2023;16:30;1;72;72310;1;1;2;1;D313;48,030827;0,187529
202300008290;14;12;2023;18:55;5;92;92004;2;1;1;2;LAURENT-CELY  ( AVENUE );48,91637682;2,30807863
202300008291;10;7;2023;14:40;1;67;67482;2;1;1;6;RHIN (AVENUE DU);48,57291;7,75935
202300008292;6;7;2023;17:36;1;66;66136;2;1;1;6;N/A;42,69016156;2,90819049
202300008293;22;12;2023;18:30;4;92;92009;2;6;1;1;JEAN JAURES ( RUE );48,91247506;2,26162076
202300008294;5;6;2023;18:05;1;75;75111;2;3;1;3;RUE DU CHEMIN VERT;48,858127;2,371947
202300008295;21;3;2023;18:05;1;36;36123;2;2;1;3;N/A;46,82118999;1,20929539
202300008296;24;11;2023;19:30;5;92;92051;2;3;1;4;CHARLES DE GAULLE (AVENUE,N°118 A 192 +;48,88241036;2,26756167
202300008297;26;12;2023;08:00;1;42;42323;2;3;1;6;Rue du 19 Mars 1962;45,561506;4,286406
202300008298;10;7;2023;14:00;1;64;64373;2;3;1;3;LOUIS BARTHOU;43,2768;-0,35693
202300008299;5;6;2023;12:17;1;75;75111;2;2;1;1;AVENUE LEDRU ROLLIN;48,853269;2,377276
202300008300;22;3;2023;17:40;1;40;40194;1;3;1;3;Route de Tartas;43,716694;-0,842503
202300008301;24;11;2023;07:40;2;92;92035;2;1;1;2;Général de Gaulle  ( avenue du );48,90676468;2,25565624
202300008302;3;11;2023;23:55;3;58;58024;1;1;2;6;D958;47,137717;3,606815
202300008303;10;7;2023;20:16;1;63;63113;2;6;1;3;Palissy/Blériot;45,78808;3,13919
202300008304;23;3;2023;07:55;1;17;17223;1;1;2;7;D739;45,869588;-0,204626
202300008305;5;6;2023;12:15;1;75;75111;2;3;1;3;AVENUE PARMENTIER;48,868641;2,372086
202300008306;21;12;2023;07:10;2;54;54458;1;1;3;2;RD7;48,612172;6,828561