Num_Acc;jour;mois;an;hrmn;lum;dep;com;agg;int;atm;col;adr;lat;long
202300008569;9;7;2023;18:19;1;92;92025;2;1;1;1;PRESIDENT SALVADOR ALLENDE (RUE DU);48,92221322;2,23554906
202300008570;4;6;2023;14:50;1;63;63430;2;1;1;6;Route de Baruptel (Pont);45,846234;3,512841
202300008571;18;8;2023;20:00;2;31;31574;1;6;7;6;D820;43,442098;1,415657
202300008572;20;8;2023;18:35;1;18;18096;2;1;1;6;45 Les Tournis;47,194426;2,142034
202300008573;17;3;2023;18:20;2;91;91228;2;1;2;3;MONTESPAN (RUE DE);48,63267;2,43517
202300008574;10;7;2023;03:29;5;92;92024;2;1;1;7;REPUBLIQUE (PLACE DE LA);48,90338406;2,31280178
202300008575;24;11;2023;17:35;3;93;93010;1;1;1;2;AUTOROUTE A3;48,89213;2,47323
202300008576;5;6;2023;19:30;1;12;12288;1;1;1;6;RD840 virage du prefet;44,44941048;2,4262113
202300008577;19;8;2023;14:35;1;38;38189;1;2;7;3;D53A;45,636074;5,061334
202300008578;10;7;2023;10:10;1;92;92007;2;1;1;3;HUGO (AVENUE VICTOR);48,80480311;2,32221127
202300008579;20;3;2023;17:30;1;91;91223;2;1;1;6;REPUBLIQUE (RUE DE LA);48,4332;2,16719
202300008580;24;11;2023;06:35;3;95;95277;1;1;1;2;D170 ;48,97697542;2,47517467
202300008581;6;6;2023;06:50;1;68;68025;1;2;1;3;D432;47,480959;7,291038
202300008582;23;11;2023;05:00;3;95;95241;1;1;1;6;N104;49,04997;2,431
202300008583;6;6;2023;14:45;1;68;68155;2;1;1;6;50 Rue de la Promenade;48,091879;7,296848
202300008584;11;7;2023;10:00;1;60;60180;2;2;1;3;D133;49,520883;1,930032
202300008585;19;8;2023;22:05;3;38;38012;1;1;1;6;D592;45,60967;5,609679
202300008586;18;3;2023;16:00;1;77;77296;2;2;2;2;AV JEAN JAURES;48,62738;2,58036
202300008587;6;8;2023;11:50;1;22;22266;1;3;1;3;D790;48,251062;-3,304642
202300008588;5;6;2023;11:35;1;38;38439;1;3;7;1;D525;45,366635;6,026444
202300008589;19;8;2023;10:00;1;38;38043;2;3;1;3;Route de Charavines;45,444969;5,534068
202300008590;11;7;2023;13:55;1;85;85137;1;4;1;3;coq joyeux;46,537152;-0,862851
202300008591;24;11;2023;17:40;2;94;94069;1;1;1;3;A4;48,81739242;2,43622472
202300008592;21;3;2023;14:50;1;77;77296;1;3;1;1;D402;48,63014;2,61773
202300008593;5;6;2023;18:45;1;38;38422;1;1;1;6;D111;45,149319;5,864235
202300008594;10;7;2023;16:00;1;40;40065;2;3;7;3;Boulevard du Docteur Junqua;43,642722;-1,428067
202300008595;17;8;2023;17:55;1;38;38082;1;1;1;5;Route de Vers Ars;45,443648;5,513227
202300008596;29;12;2023;19:03;5;973;97302;2;3;1;3;ZEPHIR (ROCADE);4,93797;-52,30633
202300008597;5;6;2023;17:20;1;38;38543;1;1;1;1;D1075;45,647071;5,491083
202300008598;22;11;2023;08:30;1;976;97611;1;1;1;5;passamanty-Vahibé ( route );-12,79870638;45,20204544
202300008599;18;8;2023;19:45;2;15;15130;1;2;1;3;D990;45,063518;3,239207
202300008600;10;7;2023;15:30;1;68;68331;1;3;1;3;carrefour D415/D208;48,043013;7,470533
202300008601;20;3;2023;15:00;1;77;77288;2;2;1;6;D606;48,5340628;2,6546029
202300008602;4;6;2023;17:15;1;2;2003;2;1;1;6;1 Rue du Jury;49,353014;3,420131
202300008603;22;11;2023;10:45;1;974;97416;2;1;1;6;LORION(RUE LUC);-21,33731;55,47007
202300008604;18;8;2023;21:40;3;15;15092;1;1;1;6;RD922;45,41912;2,50056
202300008605;28;12;2023;04:10;5;972;97209;1;1;1;6;BEAUSEJOUR JAMBETTE (ROUTE DE );14,63963;-61,04151
202300008606;10;7;2023;23:45;3;10;10363;1;1;1;1;Route Departementale 671;48,22386134;4,1361781
202300008607;6;6;2023;10:10;1;3;3112;1;1;1;1;D223;46,215246;3,211543
202300008608;20;3;2023;11:40;1;74;74281;1;1;1;1;THONON (AVENUE DE);46,38;6,508
202300008609;23;11;2023;17:50;1;974;97411;2;1;1;6;DIGUE (ROUTE);-20,89223;55,46989
202300008610;8;7;2023;04:45;5;972;97221;1;6;2;6;D7;14,526237;-60,988899
202300008611;15;8;2023;12:10;1;1;1314;2;6;8;7;Grande Rue de la Cotiere;45,99707;5,281366
202300008612;5;6;2023;15:20;1;15;15104;1;1;1;6;D151 ;44,720782;2,246747
202300008613;30;12;2023;08:35;2;87;87050;1;1;5;1;CAMPANELLE (RUE);45,89242;1,249
202300008614;5;7;2023;06:50;1;84;84056;1;1;1;1;Route de Courthézon;44,110792;4,895112
202300008615;5;6;2023;13:30;1;6;6090;1;1;1;6;Route de Tanneron;43,563828;6,908287
202300008616;19;8;2023;11:15;1;70;70507;1;1;1;3;Grande Rue;47,447561;6,032985
202300008617;22;11;2023;18:10;1;974;97411;2;4;1;3;SAINT-FRANCOIS (BOULEVARD DE);-20,89766;55,46254
202300008618;5;6;2023;20:30;2;9;9324;1;1;3;7;laborie;43,053712;1,650181
202300008619;10;7;2023;16:00;1;26;26116;1;1;1;2;A7;44,434343;4,746324
202300008620;30;12;2023;17:30;5;76;76351;2;6;3;7;MICHEL FERE (QUAI);49,48928;0,11114
202300008621;20;3;2023;19:10;5;72;72181;2;1;1;4;BROSSOLETTE PIERRE (BD) N° IMP;47,97883;0,20531
202300008622;16;8;2023;12:30;1;26;26162;1;9;1;7;RD 538;45,299037;5,039753
202300008623;5;6;2023;16:05;1;24;24159;1;1;1;1;Route du Docteur Piotay;45,128804;0,230799
202300008624;11;7;2023;07:30;1;12;12169;1;1;1;2;Naucelle (Gare);44,192198;2,364362
202300008625;20;3;2023;16:05;1;72;72181;2;6;1;6;MESSIAEN OLIVIER (AV) PAIRS;48,0144;0,16211
202300008626;31;12;2023;06:43;5;76;76341;2;6;3;7;BELLEVUE;49,51192;0,19938
202300008627;23;11;2023;21:35;5;69;69387;2;8;1;3;Avenue Tony Garnier;45,7315;4,8239
202300008628;12;8;2023;15:00;1;26;26148;1;2;1;3;Route de Beaurepaire;45,274009;5,034986
202300008629;8;7;2023;14:20;1;65;65270;2;1;1;6;Route départementale 5;43,214861;0,171554
202300008630;20;3;2023;12:05;1;72;72181;1;9;1;6;PATTON GENERAL RTE BAUGE A CHEMIN RONDE;48,028;0,175
202300008631;6;6;2023;16:30;1;85;85280;1;1;1;1;D205;46,85163;-1,90707
202300008632;17;8;2023;19:30;2;58;58079;2;1;1;6;Route de Surgy;47,468708;3,520573
202300008633;10;7;2023;13:34;1;57;57721;2;1;1;1;Haut Pont;48,781039;7,245363
202300008634;30;12;2023;08:00;2;76;76447;2;6;1;3;RD 31;49,54715;0,18896
202300008635;20;8;2023;11:44;1;58;58223;1;1;1;6;chatenay;47,037462;3,553734
202300008636;23;11;2023;06:50;5;69;69387;2;2;1;6;Rue Pré Gaudry;45,73823;4,8376
202300008637;21;3;2023;20:55;5;69;69264;2;1;1;6;Rue d’Anse;45,98506;4,71808
202300008638;4;6;2023;18:00;1;28;28098;1;1;1;3;route nationale 12;48,752857;1,460254
202300008639;10;7;2023;18:25;1;19;19063;1;3;1;3;RD 921 / RD162;45,157802;1,601129
202300008640;17;8;2023;11:30;1;58;58177;1;1;1;6;D161;47,143741;3,871232
202300008641;30;12;2023;17:30;5;76;76351;2;3;1;6;VOLTAIRE;49,48999;0,10355
202300008642;23;11;2023;10:15;1;972;97209;2;1;1;2;BISHOP (Avenue Maurice);14,60607;-61,05889
202300008643;20;3;2023;17:25;1;69;69264;2;1;1;6;173 Rue Thimonnier;45,99865;4,71405
202300008644;4;7;2023;09:20;1;19;19123;2;6;1;3;rond point Simone VEIL;45,168996;1,560152
202300008645;6;6;2023;12:15;1;30;30161;1;1;1;6;;44,02066;4,10464
202300008646;30;12;2023;00:05;5;14;14366;2;1;1;6;Route d'Orbec;49,13634;0,24041
202300008647;17;8;2023;18:10;1;58;58088;1;1;1;3;D977;47,012486;3,202874
202300008648;10;7;2023;21:39;2;77;77325;2;1;1;7;Rue d'Henrien;48,423183;3,248946
202300008649;21;3;2023;14:00;1;69;69259;2;1;1;1;34 Boulevard Marcel Sembat;45,71385;4,8783
202300008650;29;12;2023;18:45;5;92;92026;2;1;1;7;GAMBETTA;48,89435;2,24903
202300008651;5;6;2023;12:00;1;988;98825;1;3;1;3;RT1, en face du motel de Tia;-21,14951;164,87821
202300008652;23;11;2023;17:00;5;69;69389;2;2;1;3;Quai du Commerce;45,78054;4,80905
202300008653;11;7;2023;02:45;3;76;76360;1;1;1;6;Rue du Pont Rouge;49,75136;1,09905
202300008654;17;8;2023;11:50;1;58;58303;2;1;1;3;Boulevard Camille Dagonneau;47,019099;3,14798
202300008655;20;3;2023;19:30;2;67;67447;2;3;1;3;Carrefour des quatre vents;48,60449;7,7474
202300008656;11;7;2023;10:00;1;2B;2B305;2;1;1;3;D 131;42,721267;9,451729
202300008657;5;6;2023;22:30;3;988;98832;1;1;2;7;Touaourou (Tribu);-22,23256;167,004611
202300008658;22;11;2023;09:45;1;69;69389;2;4;8;6;Avenue Joannès Masset;45,77354;4,80042
202300008659;6;12;2023;11:55;1;57;57269;2;1;1;3;Rue Galla;49,302398;6,214882
202300008660;20;8;2023;11:30;1;58;58095;2;1;1;3;2 Rue Marèchal Foch;46,828094;3,460095
202300008661;11;7;2023;09:11;1;19;19274;1;1;1;7;autoroute A89 - PK 182+800;45,1694029;1,46646792
202300008662;17;3;2023;22:30;5;67;67482;2;1;1;6;MELANIE (RUE);48,60298;7,79258
202300008663;3;6;2023;19:50;5;974;97422;2;1;1;7;Chemin Notre Dame de la Salette;-21,238322;55,520541
202300008664;23;11;2023;06:50;5;69;69382;2;1;1;7;16 Quai Perrache;45,74498492;4,82721716
202300008665;10;7;2023;19:10;1;41;41002;1;1;1;3;A85;47,295487;1,243794
202300008666;30;12;2023;10:10;1;34;34237;1;1;1;3;départementale 15;43,50076;3,30269
202300008667;17;8;2023;14:50;1;58;58151;2;1;1;1;11 Rue Clémence Bonde;46,895804;3,466771
202300008668;5;6;2023;01:30;5;978;97801;1;1;1;6;RD 208, les Terres Basses;18,068759;-63,12139
202300008669;23;11;2023;13:00;1;971;97105;2;1;1;6;MAURICE MARIE-CLAIRE(RUE);15,99609521;-61,73097074
202300008670;20;3;2023;09:45;1;66;66136;2;1;1;3;N/A;42,69696;2,90556
202300008671;10;7;2023;18:30;1;11;11165;1;1;1;7;;42,872286;2,153977
202300008672;21;8;2023;02:50;3;66;66024;2;1;1;6;Bretelle d'accès D618/D900;42,516935;2,830374
202300008673;30;12;2023;18:30;2;988;98805;1;1;1;1;Col de Tonghoué (Arrêt de bus);-22,18969;166,481444
202300008674;11;7;2023;12:30;1;42;42262;1;1;1;6;Route de Rozier;45,393334;4,178525
202300008675;16;3;2023;06:15;3;63;63103;1;1;1;7;RD 227;45,91289339;3,08069676
202300008676;22;11;2023;09:00;1;95;95539;2;1;1;6;JEAN MOULIN (AVENUE);48,9948941;2,36513972
202300008677;4;6;2023;20:45;3;971;97121;1;1;1;1;RN2;16,205964;-61,780586
202300008678;21;8;2023;14:45;1;54;54206;1;1;1;6;Rue du Haut Meix;48,5242507;6,55021191
202300008679;30;12;2023;08:00;1;986;98613;2;1;1;3;RT1 Mata'Utu ;-13,281824;-176,176299
202300008680;17;7;2023;09:50;1;72;72180;2;1;1;7;20 Rue Châtelaine;48,351671;0,370203
202300008681;23;11;2023;17:15;5;91;91689;2;6;1;2;RUE DES AVERNAISES;48,73654;2,34798
202300008682;19;3;2023;14:27;1;63;63113;2;5;1;3;FLAUBERT/ Oradou/Schuman;45,76452;3,12553
202300008683;6;6;2023;08:30;1;91;91318;2;1;1;3;D17;48,516617;2,268079
202300008684;10;7;2023;21:30;1;39;39432;2;3;1;3;Place de la Liberte;47,223528;5,501779
202300008685;30;12;2023;17:40;3;77;77029;1;1;1;6;D211;48,637659;2,862754
202300008686;5;6;2023;18:55;1;11;11433;1;1;1;6;D620;43,304106;2,475105
202300008687;11;7;2023;09:25;1;44;44007;1;1;1;7;;47,637114;-1,970201
202300008688;17;8;2023;18:38;1;72;72111;1;2;1;3;lieu dit la grande grouas;48,081082;0,017654
202300008689;22;11;2023;20:30;3;91;91433;2;6;8;2;R.D.20;48,45802;2,17706
202300008690;9;7;2023;17:15;1;29;29163;1;1;1;7;D785;48,5241384;-3,86919123
202300008691;6;6;2023;13:15;1;84;84078;1;1;1;3;N7;44,229895;4,712663
202300008692;20;8;2023;11:30;1;6;6086;1;1;1;7;Route de Turini;43,976857;7,392486
202300008693;18;3;2023;09:35;1;60;60159;2;1;1;2;Place du Général De Gaulle;49,418;2,82955
202300008694;22;11;2023;18:00;4;88;88484;2;1;1;6;CD417;48,1174;6,3658
202300008695;19;8;2023;07:25;1;14;14005;1;1;1;6;Route de Paris;49,122141;-0,126868
202300008696;21;3;2023;14:15;1;56;56121;2;1;1;6;4 Rue colonel Le Barillec;47,76261;-3,39717
202300008697;9;7;2023;16:45;1;1;1098;1;4;1;3;D1504;45,820723;5,642806
202300008698;6;6;2023;06:45;1;83;83065;1;3;1;3;D 559, face Mas St-Martin;43,25149;6,573429
202300008699;22;11;2023;18:50;5;87;87085;2;1;1;6;PERRIN (RUE FRANCOIS);45,82815;1,2414
202300008700;31;12;2023;15:30;1;84;84150;1;1;1;1;D976;44,348343;4,955918
202300008701;16;8;2023;16:50;1;14;14145;1;3;7;3;N/A;49,041313;-0,279216
202300008702;10;7;2023;21:00;2;1;1451;1;6;1;3;Route de Paris;46,259385;5,176537
202300008703;21;3;2023;08:50;1;56;56121;2;1;1;2;40bis Rue de Lanveur;47,74297;-3,38874
202300008704;6;6;2023;08:45;1;5;5079;1;1;1;1;RD 1091;45,042755;6,417142
202300008705;23;11;2023;21:55;3;84;84080;1;1;1;2;BEAUCHAMP CHEMIN DE;44,02962;4,96762
202300008706;10;7;2023;17:10;1;70;70134;1;1;1;1;cd 13;47,631706;6,077328
202300008707;30;12;2023;14:30;1;62;62476;2;2;1;3;D40;50,360557;2,947557
202300008708;20;3;2023;15:15;1;54;54265;2;1;1;2;RD 570;48,64473;6,18187
202300008709;5;6;2023;18:15;1;7;7245;1;1;1;3;D86;45,092732;4,818953
202300008710;16;8;2023;16:45;1;14;14041;1;1;1;5;Route du Bois du Breuil;49,394133;0,1899
202300008711;9;7;2023;00:20;3;70;70163;1;1;1;6;D119;47,656615;6,219571
202300008712;19;8;2023;02:05;3;50;50003;2;1;1;7;72 avenue de la mer;49,045238;-1,590917
202300008713;19;12;2023;20:37;3;13;13005;1;1;1;2;A50-Sens Aubagne vers Marseille;43,28252;5,57942
202300008714;5;6;2023;16:10;1;17;17027;1;1;1;1;D142;45,537749;-0,488586
202300008715;8;7;2023;09:15;1;26;26146;1;3;1;3;Route de Montélimar;44,419053;4,898003
202300008716;24;11;2023;01:30;3;82;82121;2;1;1;6;avenue d'ardus;44,03796;1,35657
202300008717;20;3;2023;12:30;1;54;54395;2;1;1;4;KENNEDY (VIADUC);48,68782039;6,17381752
202300008718;17;12;2023;03:45;3;54;54232;1;1;1;2;Autoroute A 31;48,689157;5,987492
202300008719;10;7;2023;00:30;3;58;58151;1;1;1;7;Rue de Decize;46,875045;3,460865
202300008720;2;6;2023;12:10;1;33;33273;1;3;1;3;2 Chemin de Monfaucon;44,84763;-0,756834
202300008721;21;8;2023;12:30;1;50;50471;1;2;1;1;D650;49,368479;-1,723266
202300008722;11;7;2023;20:00;1;66;66052;1;1;1;6;;42,592102;2,418703
202300008723;30;12;2023;22:43;5;67;67482;1;1;1;6;N/A;48,5953;7,74207
202300008724;20;3;2023;17:10;1;54;54329;2;1;1;3;RUE SAINTE ANNE;48,588;6,48453
202300008725;5;6;2023;22:05;5;33;33029;2;4;1;7;Rue Hector Berlioz;44,609836;-0,765717
202300008726;17;8;2023;19:02;1;50;50031;2;3;1;3;Avenue de la Mer;49,374186;-1,758832
202300008727;22;11;2023;16:30;1;77;77350;2;1;1;5;AV MAURICE CHEVALIER;48,76597;2,68237
202300008728;18;3;2023;15:45;1;52;52448;2;1;1;6;LOUBERT (AVENUE DE LA) CORA;48,64769;4,96312
202300008729;10;7;2023;22:25;2;50;50058;1;4;1;3;D651;49,066668;-1,595335
202300008730;30;10;2023;18:00;5;5;5061;2;1;3;4;PROVENCE (AVENUE DE);44,54209312;6,05898142
202300008731;17;8;2023;16:20;1;50;50452;1;1;1;1;La Fosse;48,550858;-1,13966
202300008732;6;6;2023;07:40;1;50;50535;2;9;1;2;Route Nationale;48,758431;-1,292363
202300008733;11;7;2023;18:15;1;60;60029;2;1;1;7;Avenue du Maréchal Foch;49,371063;1,993842
202300008734;26;7;2023;17:50;1;14;14520;2;1;1;6;Chemin des Vatines;49,143566;0,150772
202300008735;21;11;2023;11:30;1;76;76447;2;2;2;3;FAUBOURG ASSIQUET;49,547029;0,195705
202300008736;13;3;2023;21:20;5;50;50129;2;4;2;1;FONTAINE (PLACE DE LA);49,6398;-1,62569
202300008737;30;5;2023;08:10;1;35;35273;1;1;1;1;D19;48,400645;-1,293125
202300008738;10;7;2023;23:10;3;10;10259;1;1;1;7;D951;48,469638;3,451411
202300008739;28;9;2023;15:50;1;14;14054;1;1;8;6;2 la lande;48,897153;-0,961084
202300008740;9;7;2023;10:45;1;36;36022;1;1;2;6;Les Patras;46,62604611;1,7119935
202300008741;23;11;2023;00:01;5;72;72181;2;9;1;3;CHANZY (RUE)  N° IMP 1 A 71 BIS;47,99835;0,2031
202300008742;21;3;2023;15:10;1;45;45234;2;1;1;6;67 Rue de la Bécasse;47,82945;1,9283
202300008743;9;7;2023;11:46;1;40;40243;1;1;1;7;D380;43,881385;-0,914934
202300008744;30;12;2023;16:25;1;84;84007;2;1;1;3;SAINT ROCH (Boulevard);43,94263;4,80457
202300008745;10;7;2023;21:40;5;24;24296;1;1;1;6;Avenue de la Graviere - D660;44,851887;0,614778
202300008746;21;3;2023;11:55;1;37;37261;2;1;1;6;PREFECTURE (RUE DE LA);47,39235;0,68911
202300008747;23;11;2023;05:50;5;71;71486;2;1;2;3;MAURICE THOREZ (RUE);46,64603989;4,37018333
202300008748;31;12;2023;07:05;1;971;97105;2;1;1;6;PAUL LACAVE (AVENUE );15,9917429;-61,72140598
202300008749;19;8;2023;16:45;1;50;50413;1;1;1;5;Précey;48,611406;-1,373742
202300008750;6;6;2023;19:55;2;80;80176;1;3;1;3;D930;49,709516;2,827139
202300008751;10;7;2023;18:50;1;85;85025;1;1;1;7;la Basse Grange;46,948584;-1,175503
202300008752;29;12;2023;06:20;5;74;74012;2;2;1;2;AMOUREUX (RUE DES);46,19043;6,23456
202300008753;21;8;2023;09:30;1;83;83074;1;4;1;2;D6085;43,775596;6,644006
202300008754;8;7;2023;16:00;1;27;27679;1;5;1;3;route national 12;48,732474;0,92813
202300008755;22;11;2023;14:50;1;69;69264;2;3;1;3;Rue Ernest Renan;45,99292;4,70724
202300008756;21;3;2023;11:35;1;37;37261;2;2;8;4;JOLIVET (RUE);47,38979;0,70566
202300008757;6;6;2023;06:48;1;80;80670;1;2;1;3;D1029;49,84499;2,14985
202300008758;8;7;2023;15:27;1;23;23061;2;1;1;6;17 Rue Alcide Sarre;46,113574;2,173306
202300008759;9;12;2023;19:15;5;42;42218;2;3;2;3;Boulevard Alexandre de Fraissinette;45,4178;4,41554
202300008760;5;6;2023;11:00;1;83;83137;1;1;1;3;A50;43,1266;5,91139
202300008761;23;11;2023;11:50;1;69;69290;2;2;1;3;Boulevard de la Porte des Alpes;45,71486;4,92552
202300008762;19;8;2023;17:30;1;83;83044;2;4;1;3;D955;43,710238;6,507302
202300008763;11;7;2023;19:40;1;37;37014;1;3;1;3;pr4, d39;47,28469261;0,46943665
202300008764;20;3;2023;16:50;1;37;37261;2;3;1;3;MAINE (RUE DU);47,42618;0,68447
202300008765;4;6;2023;16:52;1;57;57445;1;1;1;7;N/A;48,9994977;6,10537291
202300008766;19;8;2023;10:35;1;83;83121;2;1;1;6;Boulevard de la Libération;43,560903;6,240031
202300008767;23;11;2023;17:30;5;67;67482;2;8;1;6;ROMAINS (ROUTE DES);48,57957654;7,71509796
202300008768;10;7;2023;08:49;1;37;37050;1;1;1;3;Route de Loches;47,335936;0,736685
202300008769;21;3;2023;16:43;1;35;35278;2;1;1;6;CHESNAIS BEAUREGARD (RUE DU);48,13684;-1,69067
202300008770;31;12;2023;20:00;3;31;31555;1;1;1;5;VA007500 CROIX DAURADE A62 Sortie 14;43,6476;1,44037
202300008771;23;11;2023;08:45;1;67;67482;2;1;8;3;BAN DE LA ROCHE (RUE DU);48,57754;7,72771
202300008772;20;8;2023;05:55;2;83;83046;1;1;1;6;D13;43,51062;6,159747
202300008773;21;3;2023;12:20;1;35;35238;2;6;1;3;ALBERT 1ER (BD);48,09010445;-1,69091552
202300008774;5;6;2023;13:20;1;33;33013;1;1;1;4;ROUTE NATIONALE 89;44,86853563;-0,5026406
202300008775;10;7;2023;12:00;1;31;31216;1;1;1;2;A68 Pk  17+500;43,743073;1,599069
202300008776;19;8;2023;04:00;5;9;9285;2;1;1;6;Avenue de la Baraque;42,865486;1,204893
202300008777;19;12;2023;20:45;5;27;27229;2;3;1;2;Rue Jacquard;49,001953;1,138697
202300008778;22;11;2023;13:55;1;67;67482;2;4;1;3;RHIN (AVENUE DU);48,57089;7,78656
202300008779;5;6;2023;20:45;2;91;91377;1;1;1;7;AUTOROUTE A10;48,72719;2,30306
202300008780;11;7;2023;07:50;2;33;33380;1;9;1;2;A10;45,28049326;-0,55079699
202300008781;21;3;2023;17:20;1;34;34301;2;1;1;3;1026 Boulevard de Verdun;43,41144;3,68019
202300008782;23;11;2023;18:30;5;64;64125;2;1;1;3;Avenue Cumba;43,44693;-1,57763
202300008783;5;6;2023;08:10;1;91;91477;1;1;1;2;AUTOROUTE A10;48,70834;2,25078
202300008784;31;12;2023;18:50;5;75;75114;2;1;1;4;BD PERIPHERIQUE INTERIEUR;48,821152;2,317932
202300008785;17;8;2023;13:50;1;9;9032;1;1;1;1;N20;42,689308;1,824707
202300008786;10;7;2023;17:10;1;38;38027;2;6;1;3;D1090;45,434915;6,0014
202300008787;21;3;2023;18:09;1;33;33529;2;1;1;3;INDUSTRIE (BD DE L') DU 01 ET +;44,61012;-1,12968
202300008788;5;6;2023;09:00;1;92;92050;1;1;1;3;A86;48,9154303;2,2202268
202300008789;21;8;2023;08:37;1;60;60513;2;1;1;1;30 Rue Saint-Germer;49,20645;2,377362
202300008790;23;11;2023;08:00;1;63;63300;2;3;1;1;Rue Virlogeux/ rue Grégoire de Tours;45,89004795;3,11985165
202300008791;31;12;2023;22:19;5;75;75101;2;3;1;3;QUAI DE LA MEGISSERIE;48,857737;2,345455
202300008792;21;3;2023;10:00;1;31;31555;2;3;1;1;RUE MARIA MONBIOLA;43,57899057;1,43694252
202300008793;31;7;2023;14:40;1;64;64188;2;1;1;6;route de Barragary;43,233362;-0,873499
202300008794;5;6;2023;10:30;1;78;78640;1;1;1;4;N118;48,78593647;2,22286766
202300008795;31;12;2023;21:45;5;75;75101;2;3;1;6;BOULEVARD DU PALAIS;48,85534;2,345989
202300008796;23;11;2023;14:06;1;63;63113;2;2;1;3;CLEMENTEL (BD ETIENNE);45,80984;3,10943
202300008797;19;8;2023;10:30;1;64;64371;2;1;1;1;Avenue de Belzunce;43,225755;-0,878611
202300008798;22;11;2023;17:15;2;62;62083;2;1;8;6;Boulevard Marcel Wacheux;50,45198;2,61189
202300008799;3;6;2023;18:30;1;95;95218;1;1;1;3;A15;49,03513188;2,09841549
202300008800;31;12;2023;20:10;5;75;75101;2;4;1;6;AVENUE DE L OPERA;48,86495943;2,33476639
202300008801;21;3;2023;08:15;1;25;25056;2;1;1;6;SCHUMANN RUE ROBERT;47,223195;5,977027
202300008802;16;8;2023;19:00;1;64;64495;2;3;1;3;D3- Route de Bayonne;43,364756;-1,544915
202300008803;4;6;2023;01:00;3;93;93053;1;1;1;2;AUTOROUTE A3;48,89544;2,47107
202300008804;3;11;2023;19:45;5;62;62498;2;2;1;6;D947;50,43780161;2,82133077
202300008805;21;3;2023;16:00;1;24;24037;1;1;1;6;GAUFFRE (IMPASSE JEAN-LOUIS);44,840243;0,466523
202300008806;31;12;2023;22:45;5;92;92004;2;2;1;3;AULAGNIER ( QUAI );48,91432506;2,31078565
202300008807;3;6;2023;01:40;3;95;95277;1;1;1;6;A3;48,97462627;2,48970687
202300008808;23;11;2023;07:20;3;62;62193;2;1;1;6;Rue Costes et Bellonte;50,95439;1,91057
202300008809;21;3;2023;10:50;1;13;13215;2;1;1;6;MILLIE MATHYS (AVENUE);43,36563457;5,35026225
202300008810;17;8;2023;09:05;1;64;64516;1;1;1;4;Route de Montaner;43,32915;-0,173668
202300008811;23;11;2023;11:40;1;62;62764;2;9;1;2;D63;50,30153248;2,78227879
202300008812;5;6;2023;17:15;1;94;94028;1;1;1;5;A86;48,79983715;2,44627859
202300008813;19;8;2023;16:45;1;73;73059;1;4;7;3;D991 - Boulevard gaston mollex;45,728015;5,881419
202300008814;10;7;2023;10:50;1;18;18029;1;4;1;1;N/A;46,734941;2,791761
202300008815;11;7;2023;03:02;3;60;60682;1;1;1;6;Autoroute A1 - PK 47+000 sens LILLE/PARIS;49,23301909;2,65677107
202300008816;17;8;2023;07:55;1;73;73010;2;2;1;3;D991C Rue de la Chambotte;45,7851;5,94075
202300008817;21;1;2023;20:00;3;5;5061;1;1;1;1;COL DE MANSE ( ROUTE DU );44,61172;6,1333
202300008818;23;11;2023;13:55;1;61;61006;2;6;1;3;D158;48,73899;-0,02416
202300008819;13;12;2023;12:15;1;31;31157;2;1;1;6;Avenue du général joseph bares;43,536478;1,365062
202300008820;20;3;2023;17:19;1;3;3101;1;3;1;3;CD943;46,39085;2,54612
202300008821;18;8;2023;15:50;1;18;18148;1;1;1;7;42bis Avenue de Vierzon;47,201355;2,05896
202300008822;22;11;2023;21:35;5;59;59041;2;3;1;3;MAUBEUGE (RUE DE);50,21349735;3,86531746
202300008823;30;12;2023;19:40;5;62;62908;2;3;8;6;D237;50,731488;1,707634
202300008824;21;8;2023;15:15;1;18;18031;2;9;7;1;Route de Sancoins;46,895655;2,734756
202300008825;21;3;2023;17:25;1;75;75113;2;1;1;2;PORTE D IVRY;48,819197;2,371793
202300008826;9;7;2023;21:00;3;973;97313;2;1;1;3;Avenue des 2 Fromagers;4,889344;-52,49892
202300008827;3;6;2023;09:20;1;988;98818;2;9;1;3;RUE GEORGES LEQUES;-22,22373;166,4855
202300008828;30;12;2023;15:30;1;51;51432;2;1;1;6;12 Rue du General Leclerc;48,690346;3,871173
202300008829;23;11;2023;08:00;2;59;59507;2;9;1;6;MARGUERITOIS CHEMIN DES;50,60506918;3,07414658
202300008830;19;8;2023;12:15;1;43;43032;1;1;1;6;D988A;45,05907;3,990821
202300008831;9;7;2023;17:00;1;971;97129;2;1;1;1;Desbonnes;16,329797;-61,753324
202300008832;23;11;2023;21:43;3;57;57463;1;1;8;7;POUILLY (RUE DE );49,0674135;6,18515253
202300008833;19;8;2023;09:30;1;43;43215;1;1;1;7;Route nationale 88;44,810644;3,879719
202300008834;4;6;2023;11:30;1;974;97416;2;1;1;2;BOEUF(CHEMIN);-21,29778799;55,45526147
202300008835;21;3;2023;15:40;1;75;75113;2;1;1;5;PORTE D ITALIE;48,817787;2,353378