Num_Acc;jour;mois;an;hrmn;lum;dep;com;agg;int;atm;col;adr;lat;long
202300008836;31;12;2023;13:00;1;22;22232;1;1;2;1;D21;48,626112;-2,862668
202300008837;14;8;2023;22:00;2;36;36178;1;1;1;7;Rue de Saint-Aigny;46,65079973;1,01646603
202300008838;11;7;2023;13:30;1;978;97801;2;2;1;3;R LOUIS CONSTANT FLEMING;18,068708;-63,081104
202300008839;22;11;2023;17:24;5;57;57283;2;1;1;6;DE GAULLE (RUE DU GENERAL);49,25014;6,15527
202300008840;30;12;2023;16:30;1;29;29199;1;1;2;2;D64;48,59747424;-3,69031742
202300008841;20;3;2023;19:30;4;75;75119;2;1;1;2;PORTE DES LILAS;48,881438;2,402473
202300008842;21;8;2023;11:40;1;36;36003;2;1;1;7;Rue du Paré;46,77960451;1,95981368
202300008843;3;6;2023;20:20;5;974;97416;2;3;1;1;CAYENNE (RUE DE LA);-21,33785;55,46752
202300008844;10;7;2023;07:15;1;13;13087;1;1;1;3;D7N;43,487747;5,617275
202300008845;31;12;2023;15:55;1;84;84050;1;1;8;7;D156;43,901773;5,230286
202300008846;19;8;2023;16:57;1;36;36021;1;1;7;6;N/A;46,96843345;1,96498716
202300008847;11;7;2023;10:20;1;77;77318;1;1;1;1;D231;48,774462;2,902107
202300008848;4;6;2023;05:08;5;973;97302;2;1;2;1;BADUEL (ROUTE DE);4,93222992;-52,30788267
202300008849;22;11;2023;20:50;5;54;54304;2;4;1;1;Rue de Maréville;48,6846;6,15398
202300008850;20;3;2023;18:00;2;75;75116;2;1;1;3;ECHANGEUR MUETTE;48,866593;2,268615
202300008851;15;8;2023;18:20;1;36;36171;2;1;1;3;N/A;47,06424382;2,03303935
202300008852;9;7;2023;17:35;1;2B;2B350;1;1;1;2;funtanone;42,523989;9,417064
202300008853;22;11;2023;08:25;1;54;54304;2;4;1;3;Rue Ernest Renan;48,68402;6,15008
202300008854;29;12;2023;20:15;5;1;1093;2;3;1;1;Route de Relevant;46,113553;4,951701
202300008855;21;3;2023;05:15;5;75;75118;2;3;2;3;RUE JOSEPH DE MAISTRE;48,886176;2,333804
202300008856;3;6;2023;10:35;1;973;97302;2;1;1;4;CABASSOU (ROUTE DE);4,91957478;-52,31861186
202300008857;10;7;2023;11:23;1;66;66065;2;1;7;6;;42,60312699;2,97929317
202300008858;20;8;2023;06:35;2;16;16205;1;1;1;1;D16;45,937107;0,633937
202300008859;29;12;2023;16:00;1;66;66205;1;1;1;1;RD 117;42,787685;2,681823
202300008860;23;11;2023;21:00;5;51;51454;2;1;1;1;MARIN LA MESLEE (RUE);49,24705;4,04988
202300008861;4;6;2023;02:15;5;69;69383;2;2;2;3;Rue Paul Bert;45,7571;4,86161
202300008862;11;7;2023;10:10;1;11;11433;1;3;1;3;D620;43,300298;2,464521
202300008863;21;3;2023;19:50;5;75;75117;2;1;1;4;BOULEVARD BERTHIER;48,88995;2,303469
202300008864;31;12;2023;17:35;3;54;54455;1;1;2;6;Chemin de Rétimont;48,45640945;6,45887732
202300008865;20;8;2023;16:15;1;53;53147;2;3;1;6;Impasse Yvette Cauchois;48,284051;-0,624365
202300008866;6;7;2023;15:00;1;84;84129;2;6;7;3;Route de Châteauneuf-du-pape;44,018392;4,868993
202300008867;31;12;2023;00:43;3;7;7334;1;1;1;6;D104a;44,414387;4,152473
202300008868;22;11;2023;15:50;1;51;51454;1;1;1;3;POMPIDOU (AVENUE GEORGES);49,21912;4,02405
202300008869;4;6;2023;14:25;1;972;97209;1;2;1;3;RAYMOND ROY-CAMILLE (RUE DU PROFESSEUR);14,61224;-61,04686
202300008870;21;3;2023;18:30;5;75;75116;2;2;1;3;PORTE DAUPHINE;48,872561;2,273662
202300008871;10;7;2023;16:50;1;6;6099;1;1;1;3;Route du Col de Saint Raphael;43,947049;6,909188
202300008872;31;12;2023;13:40;1;7;7199;1;1;2;7;RD212;44,494539;4,270592
202300008873;19;8;2023;12:10;1;53;53086;1;2;1;3;Belle Fontaine;48,206484;-1,071855
202300008874;10;7;2023;18:15;1;5;5081;1;1;1;6;D994;44,418835;5,693917
202300008875;4;6;2023;20:25;2;91;91477;1;1;1;3;CD 36;48,71966;2,22301
202300008876;11;12;2023;05:20;4;78;78356;1;1;1;6;D36;48,748351;2,074184
202300008877;18;8;2023;14:16;1;53;53015;1;1;1;7;route de la croix verte;48,163445;-0,882136
202300008878;22;11;2023;07:55;1;51;51454;2;2;1;3;VINCI (RUE LEONARD);49,27009;4,01152
202300008879;9;7;2023;09:30;1;5;5126;1;1;1;7;Route de Nyons;44,377413;5,443983
202300008880;21;3;2023;18:30;1;75;75112;2;1;1;5;ROUTE DE LA PYRAMIDE;48,83674611;2,44132787
202300008881;20;8;2023;10:30;1;21;21695;2;1;1;7;rue de la corvée;47,570612;4,580253
202300008882;29;12;2023;11:50;1;71;71176;2;3;8;6;Lotissement les Peupliers;46,483486;3,9827
202300008883;4;6;2023;23:00;4;91;91687;2;1;1;1;VICTOR SCHOELCHER (AVENUE);48,64999;2,36865
202300008884;11;7;2023;14:55;1;4;4195;1;1;1;2;RD 900;44,3863;6,617289
202300008885;21;8;2023;06:46;1;21;21247;1;1;1;6;RD 954 PK 3;47,502881;4,152875
202300008886;21;3;2023;11:30;1;75;75112;2;1;1;6;BOULEVARD DE LA GUYANE;48,83760058;2,41325051
202300008887;23;11;2023;09:55;1;37;37261;2;1;8;3;DOUETS (RUE DES);47,43456;0,6854
202300008888;30;12;2023;01:15;5;68;68154;2;2;1;3;Rue de Sausheim;47,772113;7,360958
202300008889;11;7;2023;16:25;1;21;21106;2;2;1;1;Rue du Canal;47,235291;5,113857
202300008890;4;6;2023;17:15;1;84;84087;2;9;2;6;DELSUC (RUE ALBERT);44,14333;4,81093
202300008891;20;3;2023;17:30;1;75;75104;2;3;1;6;RUE SAINT ANTOINE;48,85430923;2,36373693
202300008892;20;8;2023;18:00;1;21;21284;1;1;1;1;Francheville;47,423934;4,861044
202300008893;23;11;2023;16:15;1;35;35238;2;1;8;6;LORRAINE (DE);48,12261;-1,70591
202300008894;11;7;2023;10:30;1;54;54429;1;1;1;7;D50b;48,554408;6,120189
202300008895;12;12;2023;12:00;1;67;67098;2;3;1;1;70 Rue du Général de Gaulle;48,54258;7,427399
202300008896;3;6;2023;18:00;1;83;83129;2;1;1;3;CABRY (BD DE);43,11668;5,81171
202300008897;21;8;2023;11:30;1;40;40022;1;1;1;1;D2;43,668399;-0,343532
202300008898;11;7;2023;07:15;1;63;63204;1;1;1;3;D2;45,80429106;3,20082178
202300008899;23;11;2023;16:30;2;34;34172;2;3;1;1;VIEILLE POSTE (RUE DE LA;43,61616;3,91036
202300008900;21;3;2023;17:00;1;94;94081;2;2;1;2;Avenue Maximilien de Robespierre / Avenue de l'Abbé Roger Derry;48,78943537;2,38922918
202300008901;17;11;2023;12:00;1;67;67348;2;1;2;6;Rue du General Gouraud;48,462191;7,483822
202300008902;10;8;2023;09:37;1;40;40326;2;1;1;6;ROUTE DE L'ÉTANG;43,904923;-1,309884
202300008903;10;7;2023;14:00;1;73;73232;2;1;1;6;Sainte-Foy-Tarentaise;45,597142;6,879635
202300008904;4;6;2023;08:50;1;83;83123;1;6;1;3;TOULON (ANCIEN CHEMIN DE);43,128996;5,802316
202300008905;28;12;2023;17:40;5;27;27016;2;2;8;6;Avenue de la République;49,243432;1,403198
202300008906;20;3;2023;23:45;5;94;94081;2;1;2;2;Rue Edouard Til;48,78793;2,385544
202300008907;23;11;2023;13:40;1;31;31555;2;1;1;3;CHE DE LA FLAMBERE;43,61709;1,39575
202300008908;20;8;2023;15:05;1;4;4178;1;1;1;2;RD 113;44,090868;5,792692
202300008909;11;7;2023;12:36;1;73;73179;2;2;1;3;Rue des allobroges;45,597221;5,876511
202300008910;24;12;2023;19:40;5;13;13210;1;1;1;6;A50-Sens Aubagne vers Marseille;43,28432;5,4047
202300008911;3;6;2023;11:35;1;83;83009;2;1;1;6;CHEMIN DES ROUMPINAS;43,145681;5,76507
202300008912;19;11;2023;13:30;1;31;31555;2;1;1;6;SAINT SIMON (RTE DE) DU 276 AU 389;43,5901427;1,4160642
202300008913;21;3;2023;17:25;1;94;94078;2;2;1;6;Rue Fernand Pelloutier / Avenue de Valenton;48,74013167;2,45704174
202300008914;8;7;2023;05:50;2;1;1249;2;1;1;3;343 Route de Strasbourg;45,867329;4,912839
202300008915;18;8;2023;20:37;2;4;4045;2;3;1;6;Route des Pres;43,859179;5,598639
202300008916;14;8;2023;15:50;1;38;38563;2;3;1;3;LEPRINCE-RINGUET (RUE L.);45,38270745;5,5777479
202300008917;22;11;2023;08:20;1;29;29019;2;2;1;6;98 boulevard de l'Europe;48,413063;-4,495891
202300008918;21;3;2023;15:00;1;94;94078;2;1;1;2;Avenue du Champ Saint-julien;48,74776;2,46068
202300008919;16;8;2023;12:30;1;85;85234;2;6;7;3;16 Rue des moulins;46,789615;-2,074957
202300008920;10;7;2023;13:45;1;81;81271;2;3;1;3;758 route de saint lieux;43,771965;1,697677
202300008921;3;6;2023;02:10;5;81;81065;2;4;1;3;VITTOZ (BD.RAYMOND);43,60222;2,2436
202300008922;22;11;2023;18:20;3;27;27681;1;1;1;6;GISORS (ROUTE DE);49,110236;1,489851
202300008923;17;9;2023;19:30;3;38;38225;1;1;1;1;département  106 meaudre;45,105879;5,529728
202300008924;3;7;2023;16:45;1;81;81099;2;1;1;7;Chemin des Perdrix;43,912425;1,923047
202300008925;16;8;2023;22:34;3;27;27156;1;1;1;6;D54;48,80167;0,764827
202300008926;21;3;2023;00:10;5;94;94065;1;1;1;2;N186B;48,75325273;2,35606366
202300008927;3;6;2023;19:40;1;78;78517;2;1;1;6;POMPIDOU (AVENUE GEORGES);48,637945;1,83405
202300008928;9;7;2023;06:50;1;17;17460;1;1;1;1;RD 142;45,69449;-0,764623
202300008929;23;11;2023;19:35;5;27;27229;2;6;1;6;SEPTIEME CHASSEUR (RUE DU);49,02701;1,15136
202300008930;14;8;2023;13:51;1;27;27198;1;1;1;6;D833 route fleurie;48,853647;1,024175
202300008931;6;9;2023;07:50;1;38;38563;2;2;1;6;PRAIRIES (RUE DES);45,36344;5,59134
202300008932;10;7;2023;14:45;1;17;17225;1;1;1;3;D268;45,740005;-1,168499
202300008933;23;11;2023;16:15;1;26;26198;1;1;1;6;Boulevard Charles Andre;44,52559914;4,74426985
202300008934;21;3;2023;07:52;1;94;94073;2;1;2;5;Boulevard de Stalingrad;48,769228;2,402291
202300008935;11;7;2023;08:20;1;17;17207;1;3;1;1;D 102;46,21659;-1,460495
202300008936;4;6;2023;15:30;1;77;77373;2;1;7;6;CHE DES QUATRE CHENES;48,77574;2,58651
202300008937;18;8;2023;16:00;1;28;28008;1;1;1;2;rd 928;48,55595;1,195933
202300008938;2;9;2023;11:00;1;38;38563;2;3;1;3;BRUNERIE (AVENUE DE LA);45,38278996;5,577698
202300008939;23;11;2023;10:00;1;25;25056;2;3;1;6;DUCHAILLUT RUE LIEUTENANT;47,253473;6,029478
202300008940;10;7;2023;17:50;1;86;86115;2;3;1;3;D20;46,692968;0,375026
202300008941;20;8;2023;11:20;1;17;17466;1;1;1;3;D107 - RUE DES GUES;46,178404;-0,938194
202300008942;4;6;2023;16:30;1;77;77371;2;1;7;6;ECLUSES (RUE DES);48,813809;2,99552
202300008943;21;3;2023;09:20;1;94;94002;2;2;2;3;Rue Louis Blanc / Rue Paul Vaillant Couturier;48,80629;2,4185
202300008944;23;9;2023;03:15;3;29;29165;1;2;1;3;Lieu Dit Quelarn;47,821461;-4,252304
202300008945;23;11;2023;08:30;1;25;25056;2;5;1;6;place de la liberté;47,24757;6,02833
202300008946;8;7;2023;10:40;1;85;85035;2;1;1;1;Avenue de la corniche;46,630478;-1,879476
202300008947;17;8;2023;16:50;1;87;87117;2;1;1;7;d222;45,80182;1,84345
202300008948;21;3;2023;20:30;5;93;93039;2;1;1;6;Quai du Châtelier;48,92446118;2,33343216
202300008949;4;6;2023;10:00;1;72;72003;2;1;1;1;BEAU SOLEIL (RUE DE);47,95596;0,16667
202300008950;17;8;2023;10:25;1;37;37050;2;1;1;3;7 Rue Rolland Pilain;47,340527;0,706286
202300008951;9;6;2023;07:40;1;22;22136;1;1;2;1;D778;48,160775;-2,727023
202300008952;23;11;2023;08:39;1;14;14536;1;1;8;3;D580;49,41243;0,28287
202300008953;11;7;2023;15:15;1;29;29001;1;1;2;5;D791;48,2629959;-4,30747665
202300008954;3;6;2023;15:12;1;69;69256;2;2;1;3;Rue Emile Zola;45,77733;4,9197
202300008955;21;3;2023;19:00;5;93;93066;2;2;1;3;Rue des Fillettes / Avenue de la Métallurgie;48,9090284;2,36563727
202300008956;20;8;2023;02:30;5;30;30033;2;1;1;6;Chemin de l?Esquillon;43,717582;4,316007
202300008957;7;7;2023;14:00;1;22;22162;2;1;1;7;48 Rue des 8 Patriotes;48,781741;-3,047671
202300008958;23;11;2023;07:50;1;13;13208;2;1;1;2;CLOT BEY (AVENUE);43,25594;5,38167
202300008959;31;12;2023;13:15;1;974;97407;2;9;1;1;LONDRES (RUE);-20,9429;55,2953
202300008960;3;6;2023;16:20;1;64;64483;2;1;1;3;THIERS ADOLPHE (BOULEVARD);43,3904;-1,65906
202300008961;16;8;2023;03:20;5;30;30037;2;1;1;6;Route de Revety;44,277105;4,132945
202300008962;22;11;2023;17:15;5;13;13204;2;1;1;6;HENRI BARBUSSE (RUE);43,3;5,4
202300008963;21;3;2023;15:00;1;93;93048;2;3;1;1;Boulevard de la Boissière / Rue Edouard Branly;48,87686;2,46511
202300008964;31;12;2023;21:57;3;973;97302;1;1;1;2;COLLERY (ZONE INDUSTRIELLE);4,90349;-52,31629
202300008965;4;6;2023;12:00;1;59;59332;2;1;1;6;TOURNAI (RUE DE);50,66728;3,21126
202300008966;8;7;2023;11:50;1;59;59557;1;1;1;5;AUTOROUTE A2;50,3506317;3,577251
202300008967;19;8;2023;01:20;3;30;30248;1;2;1;3;D982;43,985806;4,272137
202300008968;31;12;2023;01:39;3;2B;2B033;1;1;1;7;ST FLORENT-ANCIENNE RT DE;42,68127;9,39946
202300008969;21;3;2023;18:20;1;93;93006;2;1;1;3;Rue des Loriettes;48,87188;2,419421
202300008970;10;7;2023;21:15;2;75;75114;1;1;1;6;A6A;48,818994;2,33117
202300008971;22;11;2023;11:50;1;10;10357;2;9;7;2;ROCADE EST (RD 610);48,295647;4,137345
202300008972;31;12;2023;17:00;1;971;97101;1;1;1;7;RN1 ROCADE DE CHAUVEL;16,2390203;-61,52378082
202300008973;4;6;2023;17:35;1;59;59636;2;1;1;7;BONDUES RUE DE;50,69635;3,06628
202300008974;21;3;2023;20:00;5;93;93079;2;1;1;6;Rue Pasteur;48,960854;2,351653
202300008975;17;8;2023;16:20;1;48;48065;1;1;7;1;N/A;44,21577;3,528977
202300008976;13;10;2023;16:17;1;6;6069;2;1;1;6;CAPUCINS (CHEMIN ET IMPASSE DES);43,65212;6,92987
202300008977;31;12;2023;05:50;2;971;97101;1;1;1;2;RN1 ROCADE DE CHAUVEL;16,23599;-61,5232
202300008978;10;7;2023;17:05;1;91;91228;1;1;1;4;AUTOROUTE A6;48,62418;2,41915
202300008979;20;3;2023;17:05;1;93;93057;2;1;1;6;Avenue Aristide Briand;48,9076692;2,4933292
202300008980;4;6;2023;12:00;1;54;54431;1;9;1;3;Rue du Bois le Prêtre;48,92157;6,04018
202300008981;19;8;2023;03:50;3;48;48070;1;1;1;6;D985;44,798341;3,626063
202300008982;31;12;2023;02:50;5;971;97113;1;1;1;7;GRAND BAIE ( RN4);16,21822;-61,51276
202300008983;21;11;2023;10:20;1;6;6069;2;1;1;6;GRAND CHENE (CHEMIN DU);43,66667;6,91667
202300008984;10;7;2023;19:00;1;91;91161;1;1;1;2;AUTOROUTE A6;48,69896;2,31265
202300008985;31;12;2023;14:57;1;2A;2A004;2;1;1;3;DIAMANT I RCE AV PASCAL ROSSINI;41,91695202;8,73679563
202300008986;16;8;2023;11:30;1;8;8218;1;1;1;3;N/A;49,8692;4,843415
202300008987;22;11;2023;09:35;1;6;6027;2;1;1;6;ALPES AVENUE DES;43,6622;7,13222
202300008988;21;3;2023;16:25;1;92;92033;2;3;1;3;DIX NEUF JANVIER;48,849986;2,197777
202300008989;10;7;2023;16:40;1;91;91377;2;2;1;2;RN20;48,72988;2,30042
202300008990;20;8;2023;17:30;1;88;88426;2;1;1;7;Rue du Ballon d'Alsace;47,836645;6,834548
202300008991;30;12;2023;17:55;2;95;95280;2;7;1;3;D47A;49,01118077;2,48385832
202300008992;21;3;2023;02:40;3;92;92051;2;1;1;6;CHARLES DE GAULLE (AVENUE,N°118 A 192 +;48,88263572;2,26741299
202300008993;23;11;2023;11:30;1;6;6004;1;1;1;6;VAUTRIN BD DU GENERAL;43,583953;7,11819
202300008994;10;7;2023;18:30;1;91;91286;1;1;1;3;AUTOROUTE A6;48,65744;2,37643
202300008995;16;8;2023;12:15;1;68;68252;1;1;1;2;RD83;48,153382;7,374594
202300008996;31;12;2023;18:20;5;95;95428;2;1;1;6;CHARLES DE GAULLE (AVENUE DE);48,973495;2,310835
202300008997;21;3;2023;07:06;1;92;92050;2;3;2;6;FONTANOT RUE DES TROIS;48,89567167;2,22208411
202300008998;22;11;2023;18:30;5;5;5061;2;1;1;4;COMMANDANT DUMONT ( AVENUE);44,56902;6,08331
202300008999;9;7;2023;12:03;1;78;78498;1;1;2;5;A13;48,905727;2,005148
202300009000;20;8;2023;13:38;1;10;10240;1;1;1;6;A5;48,271354;3,936056
202300009001;30;12;2023;11:35;1;84;84087;2;9;7;6;GAULLE (AVENUE CHARLES DE);44,136;4,804
202300009002;8;7;2023;19:17;1;78;78498;1;1;1;3;A13;48,91444;2,00557
202300009003;22;11;2023;07:44;1;5;5061;2;1;1;6;GEORGES POMPIDOU ( BD);44,55636;6,07923
202300009004;18;8;2023;17:10;1;24;24086;1;1;1;7;combe longue;44,794544;1,135175
202300009005;21;3;2023;17:15;1;92;92026;2;1;1;3;GEORGES CLEMENCEAU;48,90282815;2,27320218
202300009006;8;7;2023;01:50;3;78;78322;1;1;1;6;RN12;48,78705;2,14857
202300009007;31;12;2023;18:40;5;83;83034;2;9;1;1;AVENUE DE FONT BRUN;43,08537;6,09948
202300009008;20;11;2023;18:30;5;3;3310;2;1;2;6;Avenue des Célestins;46,1225;3,42797
202300009009;10;7;2023;02:43;3;95;95572;1;1;1;1;A15;49,03327;2,11153
202300009010;21;8;2023;04:51;3;45;45036;1;1;1;7;A77 PR 54 + 511;47,766618;2,715769
202300009011;20;3;2023;07:40;1;92;92025;2;1;1;6;GABRIEL PERI (RUE);48,92314448;2,25123435
202300009012;30;12;2023;09:45;1;83;83069;2;1;1;3;SERE DE RIVIERE (RUE);43,11836;6,12234
202300009013;10;7;2023;09:15;1;94;94069;1;1;1;2;A4;48,81743988;2,42118259
202300009014;19;8;2023;11:30;1;3;3104;1;1;1;2;Autoroute A71, PK307+200, sens 1;46,348949;2,840331
202300009015;23;11;2023;17:45;2;75;75117;2;1;1;3;PORTE D ASNIERES;48,89261;2,302462
202300009016;21;3;2023;11:05;1;92;92019;2;1;1;6;RENOIR AUGUSTE (ALLEE);48,76505788;2,26496726
202300009017;20;8;2023;13:45;1;65;65389;1;1;1;6;A64 ;43,10667;0,466034
202300009018;31;12;2023;07:55;2;78;78502;2;3;2;3;BELLEVUE (RUE DE);48,8774;2,10648
202300009019;21;3;2023;06:35;2;92;92019;2;1;2;1;SULLY PRU'DHOMME (AVENUE);48,77357;2,28669
202300009020;23;11;2023;08:20;1;75;75115;2;1;2;4;PORTE D ISSY;48,835142;2,269365
202300009021;31;12;2023;19:45;3;78;78015;1;1;1;1;RD POINT RD55/TRIEL/ANDRESY;48,980332;2,049466
202300009022;21;3;2023;07:05;2;92;92004;2;2;1;3;DOCTEUR DERVAUX  ( QUAI DU );48,9110459;2,2985217
202300009023;20;8;2023;18:55;1;18;18148;1;1;1;4;N/A;47,204048;2,03519
202300009024;21;3;2023;05:10;5;92;92014;2;1;2;6;GENERAL LECLERC (AV.) (1 A 55BIS - 2 A 4;48,77888;2,31781
202300009025;29;12;2023;09:27;1;77;77132;2;1;1;2;AV ROBERT SCHUMAN;48,87183649;2,79765769
202300009026;22;11;2023;22:40;5;75;75113;2;1;1;6;PORTE D IVRY;48,818263;2,369457
202300009027;20;8;2023;06:07;2;35;35353;1;6;5;6;les Petites Hayes;48,12117235;-1,774638
202300009028;31;12;2023;23:15;5;77;77464;2;1;1;1;CLAYE  (RUE DE  );48,89318817;2,70829866
202300009029;22;3;2023;06:10;2;6;6114;2;1;1;1;Quai de la Banquiere;43,739782;7,287611
202300009030;16;8;2023;04:00;5;78;78455;2;1;1;7;D307;48,842574;2,057538
202300009031;22;3;2023;15:50;1;83;83148;1;1;7;2;Autoroute A 8;43,40549979;6,41098891
202300009032;30;12;2023;20:15;5;76;76259;2;3;1;1;LEBORGNE ( RUE CHARLES);49,756;0,376
202300009033;22;3;2023;11:30;1;28;28103;2;9;8;6;Rue Saint Michel;47,994556;1,229042
202300009034;17;8;2023;20:15;1;34;34153;1;1;1;5;D986;43,732647;3,793298
202300009035;31;12;2023;17:00;1;72;72181;2;3;1;3;PREMARTINE (RUE) N° IMP 185 ET >;48,00892;0,21976
202300009036;21;3;2023;22:00;3;972;97222;1;1;1;1;d1;14,691267;-60,950968
202300009037;18;8;2023;21:00;3;6;6152;1;1;1;2;Route du Parc;43,613246;7,045609
202300009038;31;12;2023;18:30;5;66;66136;2;2;1;3;Avenue de GRANDE-BRETAGNE;42,69881;2,87777
202300009039;19;8;2023;11:30;1;6;6152;1;1;1;3;Route de Biot;43,643055;7,050176
202300009040;14;3;2023;14:55;1;974;97414;1;1;1;6;RN5;-21,284636;55,42256
202300009041;26;12;2023;17:40;5;62;62197;2;9;1;2;D341;50,48819;2,46441
202300009042;22;3;2023;06:00;3;44;44051;1;1;8;7;N/A;47,6395608;-1,6535067
202300009043;19;8;2023;16:15;1;66;66195;1;1;1;7;N/A;42,67872314;2,79681176
202300009044;31;12;2023;15:15;1;62;62510;2;1;2;6;D58;50,42157818;2,80032382
202300009045;21;3;2023;13:23;1;47;47233;2;1;1;6;Avenue de Graveyron;44,53109;0,09454
202300009046;12;8;2023;19:20;1;90;90076;1;1;1;7;A36;47,645297;6,907868
202300009047;30;12;2023;11:40;1;59;59220;2;9;1;3;EGALITE RUE DE L;50,584212;3,08302
202300009048;21;3;2023;11:15;1;95;95026;1;1;2;5;RD 909;49,14950377;2,37959152
202300009049;20;8;2023;21:20;3;6;6088;1;1;1;3;a8, PK192+450, sens CANNES-NICE;43,711506;7,212669
202300009050;31;12;2023;14:40;1;56;56260;2;1;1;3;DE LATTRE DE TASSIGNY(AVENUE DU MARECHAL;47,64625;-2,75907
202300009051;22;3;2023;13:00;1;76;76315;1;2;2;3;Départementale 71;49,73882259;0,68840504
202300009052;19;8;2023;15:20;1;6;6088;1;1;1;2;A8, PK 186+500 sens CANNES-NICE;43,67519;7,19715
202300009053;31;12;2023;20:10;5;47;47001;2;1;2;3;RIQUET (RUE PIERRE-PAUL DE);44,21102;0,64289
202300009054;22;3;2023;13:00;1;2A;2A139;2;1;1;6;Capo di lecci;41,68397;9,30763
202300009055;20;8;2023;21:00;2;86;86066;1;1;1;2;A10;46,808015;0,513708
202300009056;22;3;2023;15:30;1;2B;2B123;2;3;1;3;Intersection rue des écoles - Route de Ghisoni;42,01703;9,40419
202300009057;31;12;2023;18:45;5;47;47001;2;2;1;1;LACOUR (BD EDOUARD);44,18801;0,63086
202300009058;17;8;2023;20:00;2;38;38375;2;1;1;7;la berarde;44,935489;6,282592
202300009059;31;12;2023;18:30;5;45;45234;2;2;1;3;58 Rue Porte Madeleine;47,90144;1,89373
202300009060;21;3;2023;17:50;1;65;65375;1;2;7;3;D5;43,372886;0,153819
202300009061;19;8;2023;02:45;3;64;64545;1;1;1;3;autoroute A 63, PK 197.400, sens Espagne/France;43,349399;-1,718373
202300009062;21;3;2023;15:10;1;12;12154;1;4;1;3;moulin neuf;43,886987;2,812913
202300009063;21;8;2023;14:45;1;14;14218;1;1;1;3;A13;49,249375;0,017681
202300009064;31;12;2023;17:25;2;37;37233;2;2;2;5;COLOMBIER (RUE DU);47,38108965;0,73812094
202300009065;21;3;2023;18:45;2;41;41059;2;1;8;7;Avenue du Général de Gaulle;47,426824;1,428089
202300009066;31;12;2023;03:15;5;35;35238;2;2;2;6;SAINT-MALO (RUE DE);48,12721;-1,68654
202300009067;19;3;2023;10:00;1;86;86023;1;1;1;6;D14;46,89977;0,257442
202300009068;17;8;2023;17:45;1;13;13032;1;9;1;1;D 17 lieu dit les 4 termes;43,566485;5,346898
202300009069;21;3;2023;13:00;1;86;86160;2;1;1;1;1 Rue Gambetta;46,7847;0,182413
202300009070;29;12;2023;13:30;1;22;22113;2;6;8;3;BUZULZO (RUE DE);48,7278;-3,459
202300009071;20;8;2023;06:10;2;38;38193;1;1;1;2;Autoroute A43, PK 029.400;45,612476;5,213538
202300009072;31;12;2023;13:11;1;6;6088;2;6;2;3;MERCANTOUR (BD);43,70239;7,18889
202300009073;31;12;2023;15:00;1;75;75106;2;2;1;2;RUE DU VIEUX COLOMBIER;48,851609;2,331126
202300009074;14;3;2023;17:50;1;68;68126;1;1;1;3;Rue de Bale;47,561639;7,545767
202300009075;20;8;2023;08:30;1;13;13105;1;1;1;1;autoroute A7 - PK 223.107 - sens AVIGNON / MARSEILLE;43,726111;5,089567
202300009076;30;12;2023;23:30;5;75;75120;2;1;1;6;RUE DE MENILMONTANT;48,868846;2,390389
202300009077;20;1;2023;23:00;3;68;68107;1;1;4;7;D103;47,645727;7,1379
202300009078;8;8;2023;21:35;5;13;13051;1;1;1;2;A7;43,595327;5,169089
202300009079;31;12;2023;16:00;1;75;75118;2;9;1;6;BOULEVARD DE ROCHECHOUART;48,882556;2,341915
202300009080;22;3;2023;08:10;1;44;44064;1;1;2;1;1ter le Haut Fief;47,0925509;-1,3091325
202300009081;20;8;2023;07:40;1;78;78564;1;1;1;6;A10 PK31+000 direction PARIS;48,501156;1,90795
202300009082;31;12;2023;11:30;1;75;75118;2;3;1;3;RUE DE CLIGNANCOURT;48,888418;2,348001
202300009083;18;3;2023;19:40;3;29;29212;2;7;1;6;rue de Brest;48,37375316;-4,57668275
202300009084;18;8;2023;08:45;1;91;91017;1;1;1;6;Autoroute A10 PK 013+850 sens Paris/Province;48,596507;2,05174
202300009085;31;12;2023;04:45;5;75;75111;2;7;3;6;PLACE DE LA BASTILLE;48,85350094;2,36963511
202300009086;22;3;2023;16:25;1;6;6079;2;1;1;6;16 Chemin Jean Aicard;43,558597;6,931695
202300009087;18;8;2023;21:30;3;988;98815;1;1;1;7;tribu de Nécé;-21,47418;167,83582
202300009088;31;12;2023;14:00;1;75;75111;2;3;1;3;BOULEVARD RICHARD LENOIR;48,866197;2,369659
202300009089;21;3;2023;15:15;1;60;60560;1;2;1;2;D1324;49,223235;2,739694
202300009090;19;8;2023;08:30;1;988;98809;2;1;1;6;Ouatchia (Tribu);-22,61521;167,49421
202300009091;31;12;2023;17:10;2;75;75110;2;4;1;2;RUE DE L AQUEDUC;48,880699;2,360246
202300009092;17;8;2023;17:30;2;986;98613;2;1;1;7;RT 1  ;-13,29773731;-176,1843485
202300009093;3;3;2023;13:45;1;45;45322;1;1;1;1;D2060 PR 15 + 285;48,02036115;2,89871156
202300009094;14;8;2023;18:30;2;971;97117;2;1;1;6;Route de la plage;16,329833;-61,340031
202300009095;18;3;2023;05:50;3;64;64317;1;1;1;7;D88;43,379136;-1,458709
202300009096;31;12;2023;14:30;1;75;75107;2;3;1;3;RUE DU BAC;48,85881;2,328732