Num_Acc;jour;mois;an;hrmn;lum;dep;com;agg;int;atm;col;adr;lat;long
202300009097;6;8;2023;04:25;3;971;97126;1;1;1;6;route de baliziers;15,953335;-61,24658
202300009098;22;3;2023;15:00;1;16;16070;2;1;1;6;65 ROUTE DE BELLEVUE;45,868115;0,730036
202300009099;31;12;2023;13:30;1;94;94074;2;1;1;6;Rue du Colonel Fabien;48,74602086;2,46849811
202300009100;22;3;2023;06:45;2;30;30336;1;1;1;7;D126;43,881191;4,631209
202300009101;16;8;2023;14:40;1;971;97115;1;1;1;6;Jaula;16,275165;-61,65933
202300009102;31;12;2023;13:35;1;94;94028;2;1;1;6;Rue Paul François Avet;48,793871;2,464228
202300009103;20;8;2023;12:45;1;33;33527;1;1;1;1;20 Rue de Boulange;44,62768;-1,022704
202300009104;22;3;2023;11:00;1;68;68321;2;1;1;3;26 rue de la république;47,827377;7,250676
202300009105;31;12;2023;12:08;1;93;93078;2;9;1;2;Boulevard Robert Ballanger;48,95123018;2,52628148
202300009106;22;3;2023;07:15;1;13;13069;2;1;7;6;47 av jean moulin;43,63296159;5,14211756
202300009107;19;8;2023;09:00;1;33;33527;2;2;1;3;12 Rue de l?Industrie;44,629959;-1,021562
202300009108;31;12;2023;18:15;4;92;92050;2;3;1;3;NATIONAL BOULEVARD;48,88498499;2,19069276
202300009109;21;3;2023;16:30;1;6;6085;2;1;1;2;Route de Vallauris;43,593004;7,041324
202300009110;18;8;2023;19:40;1;33;33199;2;2;1;3;Rue du Maréchal Foch;44,633364;-1,079932
202300009111;21;3;2023;16:45;1;21;21684;1;1;1;6;bifurcation A6/A31;47,03243;4,873418
202300009112;31;12;2023;20:42;5;92;92012;2;2;1;6;JEAN BAPTISTE CLEMENT (AVENUE) 49/FIN -;48,84549667;2,23613799
202300009113;20;8;2023;06:45;2;13;13033;1;1;1;1;Départementale 9;43,380864;5,191748
202300009114;22;3;2023;20:30;4;13;13114;1;4;1;6;Route de Roquefavour;43,538193;5,274221
202300009115;20;8;2023;18:15;1;77;77453;1;1;1;7;D408;48,547481;2,76628
202300009116;31;12;2023;17:00;1;63;63189;1;1;4;7;Route départementale D922;45,656663;2,746818
202300009117;31;12;2023;18:45;3;67;67478;1;1;1;7;D283;48,744326;7,429537
202300009118;17;8;2023;19:37;1;77;77252;1;2;1;3;D619 - chemin de soignolles;48,631955;2,685492
202300009119;22;3;2023;10:45;1;69;69118;2;3;1;1;166 Route de Beaucaire;45,567493;4,799969
202300009120;31;12;2023;23:25;3;54;54476;1;1;6;6;D176;49,45253139;5,46625614
202300009121;20;3;2023;15:20;1;33;33496;2;6;1;3;Avenue du Périgord;44,831526;-0,399671
202300009122;17;8;2023;11:30;1;77;77175;1;3;1;3;D48 - D35;48,647392;2,671724
202300009123;31;12;2023;15:50;1;87;87201;1;1;2;6;N141;45,865315;1,127343
202300009124;19;8;2023;02:59;5;2B;2B079;2;1;1;1;ROUTE TERRITORIALE 20;42,48001;9,279295
202300009125;31;12;2023;17:55;5;66;66017;1;1;1;2;D83;42,82482688;3,032763
202300009126;20;8;2023;15:30;1;2B;2B042;1;1;1;7;RT11;42,564832;9,454315
202300009127;21;3;2023;22:00;3;77;77344;1;2;1;6;N330;49,052678;2,786307
202300009128;31;12;2023;20:12;5;44;44015;2;1;2;6;33 Route de Nozay;47,47891;-1,757694
202300009129;22;3;2023;11:16;1;95;95141;2;1;2;3;D983;49,13264488;1,78906775
202300009130;31;12;2023;18:00;3;24;24538;1;1;2;3;Tute Basse;44,809753;0,999509
202300009131;16;8;2023;06:55;2;2B;2B355;1;1;1;2;T20;42,514116;9,393144
202300009132;21;3;2023;07:25;1;83;83065;2;1;1;1;D98a;43,259569;6,591502
202300009133;29;6;2023;13:00;1;26;26220;1;9;1;3;D538;44,354998;5,137101
202300009134;17;8;2023;10:40;1;2A;2A041;2;1;1;3;Avenue Sylver Bohn;41,394353;9,163472
202300009135;21;8;2023;15:00;1;66;66008;1;1;1;6;N/A;42,547485;2,996725
202300009136;22;3;2023;03:15;3;54;54318;1;1;1;6;D90;48,74255;6,049851
202300009137;30;12;2023;15:15;1;13;13212;1;1;1;5;A507 sens Aubagne- Marseille;43,3091;5,425
202300009138;19;8;2023;23:15;3;66;66037;2;3;1;6;N/A;42,697795;3,032127
202300009139;31;12;2023;17:10;1;33;33249;1;1;2;7;ROUTE NATIONALE 230;44,88139406;-0,51122599
202300009140;19;8;2023;05:15;2;34;34151;1;6;1;6;RD 61;43,596566;4,10547
202300009141;20;1;2023;14:00;1;73;73094;1;1;1;6;D71A;45,793442;6,487598
202300009142;31;12;2023;15:10;1;75;75114;1;1;1;6;A6A;48,81710442;2,33469325
202300009143;18;8;2023;11:50;1;34;34344;2;1;1;6;Allee Andre Malraux;43,561743;4,087531
202300009144;22;3;2023;17:45;1;1;1249;1;3;1;6;Route de Tramoyes;45,85232717;4,95871916
202300009145;20;8;2023;17:30;1;34;34256;1;1;1;7;N/A;43,702754;4,022788
202300009146;30;12;2023;18:25;3;91;91340;1;1;1;5;AUTOROUTE A6;48,60044;2,43915
202300009147;16;8;2023;19:05;1;84;84016;2;1;1;6;Avenue de la Gare;44,040743;4,894291
202300009148;31;12;2023;14:15;1;95;95252;1;1;1;3;AUTOROUTE A115;48,98492453;2,24170914
202300009149;22;3;2023;08:15;1;69;69188;1;1;1;1;Route Départementale 313;45,933796;4,440376
202300009150;16;8;2023;10:15;1;83;83127;1;1;1;7;D2;43,287296;5,849082
202300009151;21;3;2023;18:15;1;40;40244;2;3;1;3;route de la foret;43,679133;-1,153393
202300009152;16;8;2023;18:35;1;83;83068;1;1;1;3;D558;43,276588;6,509888
202300009153;30;12;2023;10:15;1;976;97611;1;1;1;6;vahibe-Departementale 3 ( route );-12,7861;45,17439
202300009154;19;8;2023;19:10;1;6;6070;2;1;1;6;2421 Boulevard du Grand Pre;43,83348;6,964756
202300009155;30;12;2023;06:15;1;974;97411;2;1;1;6;GARE ROUTIERE (DE LA);-20,87705;55,45647
202300009156;19;8;2023;11:50;1;5;5177;1;1;1;1;D902;44,583239;6,682885
202300009157;30;12;2023;11:40;1;973;97302;2;1;1;2;MANDELA  (BOULEVARD);4,93670258;-52,32594162
202300009158;21;3;2023;16:45;1;33;33535;2;1;1;5;60 Avenue de Branne;44,837734;-0,486885
202300009159;18;8;2023;21:40;5;5;5006;2;6;1;3;Avenue Charles de Gaulle;44,7906;6,557599
202300009160;2;3;2023;17:50;1;27;27397;2;1;1;6;Rue Aristide Briand;49,033233;1,367709
202300009161;30;12;2023;11:10;1;69;69383;2;3;1;5;Rue Desaix;45,75744;4,85465
202300009162;9;8;2023;12:15;1;13;13053;1;2;1;3;D7n;43,72936;5,150818
202300009163;29;12;2023;04:20;5;972;97209;1;1;1;6;RAVINE VILAINE (CHEMIN DEPARTEMENTAL DE);14,64761;-61,05961
202300009164;9;8;2023;15:59;1;13;13086;2;9;1;1;Avenue du Repos;43,342115;5,603399
202300009165;30;12;2023;20:30;5;95;95203;2;3;1;3;D909;48,98802;2,27384
202300009166;16;8;2023;18:50;1;13;13085;1;4;1;7;route de la ciotat;43,241615;5,594031
202300009167;18;8;2023;21:30;3;13;13052;1;1;1;2;D5;43,824616;4,796087
202300009168;21;3;2023;01:55;5;13;13015;1;1;1;3;A51-Sens Aix en Provence vers Marseille;43,44167517;5,39607474
202300009169;14;12;2023;09:30;1;83;83123;2;3;1;5;GARE (ROUTE);43,12154;5,82032
202300009170;20;9;2023;17:00;1;60;60057;2;3;1;3;Rue du Docteur Schweitzer;49,41412;2,1061
202300009171;19;8;2023;12:20;1;13;13074;1;6;1;3;rd96;43,64625;5,590389
202300009172;16;1;2023;23:00;5;83;83144;1;1;1;2;A57;43,13378696;5,98583722
202300009173;30;12;2023;16:00;1;74;74119;1;3;1;3;CORNICHE (ROUTE DE LA)  CD21;46,386;6,58
202300009174;20;9;2023;18:25;1;59;59386;2;6;1;6;CASSEL RUE DE;50,67198;3,04605
202300009175;20;3;2023;23:24;3;38;38087;1;1;1;6;A7;45,57382;4,80877
202300009176;16;8;2023;16:30;1;13;13041;2;3;1;3;Chemin de la Garde;43,462794;5,483358
202300009177;30;12;2023;14:01;1;73;73011;2;1;1;2;PIERRE DU ROY (CHEMIN DE LA);45,66678247;6,3938427
202300009178;21;3;2023;16:15;1;33;33013;1;1;1;6;ROUTE NATIONALE 89;44,86784368;-0,47372103
202300009179;20;9;2023;13:45;1;58;58194;2;1;1;2;GEORGES POMPIDOU (ROND POINT);47,00091;3,15599
202300009180;18;8;2023;11:55;1;89;89263;1;1;1;2;A6 PK 158+600;47,843803;3,610586
202300009181;29;12;2023;18:15;5;72;72181;2;6;8;2;DEMORIEUX (BD) ENTRE HUISNE ET RD-POINT;47,9803;0,17667
202300009182;20;3;2023;06:48;2;33;33065;1;1;1;6;ROUTE NATIONALE 230;44,8126;-0,52115
202300009183;20;8;2023;11:00;1;68;68269;1;1;1;6;RD 11.v;48,193614;7,22497
202300009184;19;9;2023;15:30;1;56;56098;2;6;1;3;SEMBAT (RUE MARCEL);47,76172;-3,34695
202300009185;30;12;2023;20:55;5;71;71076;2;1;1;3;SABATIER (RUE PAUL);46,81235;4,85529
202300009186;21;3;2023;16:40;1;78;78571;1;1;1;2;A13;48,874209;2,023938
202300009187;18;8;2023;20:50;2;67;67074;2;1;1;6;3 rue des vignes;49,00605581;7,88294001
202300009188;18;9;2023;15:50;1;54;54395;2;2;3;3;Rue de Graffigny;48,68312;6,171458
202300009189;29;12;2023;19:55;5;70;70550;1;6;1;2;VAUGINE (ROND POINT DE LA);47,64052;6,14407
202300009190;17;8;2023;21:50;5;88;88076;2;1;1;1;4 Rue de l'Hôtel de Ville;48,234247;6,732012
202300009191;21;3;2023;17:30;1;78;78431;1;1;1;2;A13;48,943088;1,9517
202300009192;19;9;2023;15:50;1;51;51454;2;1;1;6;PAIX (BOULEVARD DE LA);49,25386;4,04082
202300009193;21;8;2023;19:20;1;55;55258;1;1;7;6;D908;48,772087;5,738297
202300009194;30;12;2023;11:15;1;66;66136;2;1;1;6;JULIEN PANCHOT (AVENUE);42,69248526;2,88526565
202300009195;20;3;2023;16:15;1;95;95042;1;1;1;6;RN 104;49,058399;2,284542
202300009196;17;8;2023;18:00;1;54;54584;1;1;1;6;D10a;48,73946;5,963785
202300009197;20;3;2023;00:20;3;92;92078;1;1;1;6;AUTOROUTE A86;48,9311293;2,32352796
202300009198;19;9;2023;21:20;5;49;49007;2;2;1;3;BRESSIGNY;47,46638;-0,54767
202300009199;30;12;2023;23:00;5;64;64122;2;2;1;3;DE LATTRE DE TASSIGNY MAL (AV);43,48099831;-1,53528236
202300009200;17;8;2023;16:35;1;57;57561;1;1;1;7;D83;48,991419;7,266279
202300009201;19;3;2023;02:15;3;93;93064;1;1;9;2;AUTOROUTE A86;48,86737315;2,48181211
202300009202;30;12;2023;17:30;2;64;64102;2;6;1;6;FRAIS (CHEMIN DE );43,48304;-1,44994
202300009203;19;9;2023;18:20;1;49;49246;2;1;1;2;A87N;47,43323067;-0,50748467
202300009204;14;8;2023;19:00;1;57;57159;1;3;1;5;D19;49,04832;6,581519
202300009205;20;9;2023;08:55;1;45;45232;2;6;1;6;Rue de Bourges;47,8452791;1,91617441
202300009206;18;3;2023;22:10;3;93;93073;1;1;1;2;AUTOROUTE A104;48,96795;2,56422
202300009207;30;12;2023;15:00;1;64;64102;2;1;1;4;Rond-point des Allées Marines;43,4971;-1,48319
202300009208;19;8;2023;18:48;1;3;3006;1;1;1;3;RD207;46,125694;3,705128
202300009209;19;9;2023;19:25;1;45;45208;2;1;1;7;8 Rue de la Sirene;48,000861;2,727462
202300009210;21;3;2023;17:15;1;93;93051;1;1;1;2;A4;48,83584948;2,56275053
202300009211;17;8;2023;14:45;1;73;73232;1;1;1;6;D902;45,56304462;6,89274203
202300009212;30;12;2023;04:45;5;59;59599;2;1;1;6;PIATS (RUE DES);50,72312;3,17173
202300009213;14;9;2023;18:00;1;45;45338;2;2;1;3;1 Rue Frédéric Mistral;47,98588;2,71432
202300009214;18;8;2023;05:00;5;42;42147;2;3;1;6;Montée de Rigaud;45,603717;4,068887
202300009215;21;3;2023;16:15;1;94;94069;1;1;1;5;A4;48,81731613;2,44009667
202300009216;30;12;2023;03:25;5;59;59508;2;9;1;-1;TOURCOING (RUE DE);50,73645;3,12647
202300009217;11;9;2023;16:00;1;42;42095;2;1;7;6;Rue Verdié;45,38972489;4,28416014
202300009218;11;7;2023;11:50;1;26;26116;2;1;1;1;Avenue des Dolia;44,438851;4,712861
202300009219;21;3;2023;09:40;1;94;94073;1;1;1;2;A86;48,77122081;2,38978389
202300009220;30;12;2023;13:50;1;54;54274;2;1;1;1;Rue de la République;48,66879958;6,20775282
202300009221;15;8;2023;21:30;3;7;7156;1;1;1;6;departementale 536;44,67107414;4,28713091
202300009222;29;12;2023;20:00;5;52;52121;2;1;1;6;REPUBLIQUE (AVENUE);48,10395;5,14376
202300009223;21;3;2023;09:25;1;94;94018;1;1;1;4;A4;48,81980862;2,40430844
202300009224;20;9;2023;20:20;5;38;38421;2;3;1;3;AVENUE GABRIEL PÉRI;45,1821266;5,77808709
202300009225;30;12;2023;19:40;5;33;33069;2;1;1;6;Avenue d'Eysines;44,85962;-0,60803
202300009226;18;8;2023;08:40;1;69;69206;1;3;1;3;Route Départementale 306;46,04970899;4,72207808
202300009227;7;9;2023;10:15;1;38;38053;2;1;1;6;REPUBLIQUE;45,585;5,273
202300009228;20;3;2023;11:10;1;93;93073;2;3;1;1;Rue de l'Orme Benoit / Rue de l'Estrelle;48,97796;2,56298
202300009229;17;8;2023;14:30;1;69;69032;1;1;1;1;Route de Paris;45,84383395;4,57947313
202300009230;14;9;2023;20:30;5;35;35288;2;6;1;6;JUIN MARECHAL  (AVENUE);48,64903;-1,97716
202300009231;30;12;2023;20:20;5;31;31555;2;3;1;3;AV DE MURET;43,59083;1,43303
202300009232;18;3;2023;07:40;2;76;76351;2;1;2;6;HUIT MAI 1945 (AVENUE DU);49,51576;0,17093
202300009233;16;8;2023;08:35;1;65;65006;1;1;1;7;hourquette d'ancizan;42,91018;0,286873
202300009234;20;9;2023;12:10;1;33;33249;2;6;1;3;Rue François Villon;44,87135;-0,5164
202300009235;13;8;2023;12:20;1;65;65059;1;1;1;3;RD 918 - Lieu-dit LA MONGIE - PR 045.100;42,910533;0,175738
202300009236;18;3;2023;11:30;1;973;97302;2;1;1;2;14 ET 22 JUIN 1962;4,93451124;-52,3272475
202300009237;20;9;2023;19:45;1;31;31555;2;1;1;6;Avenue Jacques Chirac;43,60692;1,47317
202300009238;17;3;2023;22:00;5;973;97302;2;1;1;3;CABASSOU (ROUTE DE);4,9203;-52,32047
202300009239;18;8;2023;14:50;1;46;46070;1;1;1;6;AUTOROUROUTE A20 PK 370+000 SENS PARIS - TOUTE;44,37656738;1,50748602
202300009240;30;12;2023;18:30;5;22;22360;2;1;2;1;SEGUIN (RUE MARC);48,48582;-2,71617
202300009241;20;9;2023;11:57;1;31;31483;1;1;1;6;GAULLE (BOULEVARD CHARLES DE);43,10923;0,72371
202300009242;20;3;2023;17:30;1;69;69383;1;3;1;1;80 Rue du Dauphiné;45,75263552;4,8688282
202300009243;20;9;2023;13:45;1;30;30007;2;1;1;7;Chemin des Sports;44,11209;4,09291
202300009244;20;8;2023;13:30;1;31;31324;2;1;1;3;La Riviere;43,183001;0,974028
202300009245;20;3;2023;18:10;1;69;69383;2;1;1;4;Pont Lafayette;45,76355;4,84031
202300009246;17;8;2023;18:40;1;17;17452;2;1;7;4;D25;45,792529;-1,178445
202300009247;11;8;2023;21:30;5;17;17452;2;1;1;7;74 Rue Bouffard;45,762417;-1,150962
202300009248;20;8;2023;12:54;1;27;27681;1;1;1;7;EVREUX (ROUTE D');49,07691;1,46337
202300009249;20;3;2023;08:30;1;972;97213;1;1;3;2;ROUTE NATIONALE 1;14,614222;-61,010325
202300009250;20;8;2023;08:00;1;17;17240;1;1;7;2;Allée du Lac;45,273471;-0,402278
202300009251;19;3;2023;11:50;1;972;97213;1;1;1;6;VIEUX CHEMIN CALIFORNIE (RUE DU);14,62158;-61,03284
202300009252;20;9;2023;19:47;1;27;27229;2;1;1;3;BART (RUE JEAN);49,0276;1,17131
202300009253;17;8;2023;21:40;3;86;86079;1;2;1;6;voie communale 5;46,967712;0,148766
202300009254;17;3;2023;23:30;5;972;97213;1;1;1;7;AUTOROUTE A1;14,61795;-61,03119
202300009255;20;9;2023;20:25;5;25;25056;2;1;1;6;MIRABEAU RUE;47,249596;6,058461
202300009256;19;8;2023;11:38;1;33;33293;1;1;1;6;5 Route de la Poste;44,877806;-0,411429
202300009257;21;3;2023;00:30;5;69;69382;2;1;1;4;Quai Docteur Gailleton;45,7511;4,83249
202300009258;24;7;2023;13:30;1;33;33492;2;2;1;3;D250;45,142412;-0,386732
202300009259;20;9;2023;12:00;1;25;25056;2;4;1;3;PONTARLIER RUE DE;47,23606;6,02997
202300009260;18;3;2023;16:30;1;69;69034;2;1;1;6;47 Quai Clémenceau;45,79587;4,83081
202300009261;17;8;2023;10:50;1;33;33284;1;1;1;6;Route de Villemore;44,549512;-0,987288
202300009262;19;8;2023;19:15;1;33;33436;1;1;7;3;24 route de bordeaux;44,543088;-0,645125
202300009263;20;3;2023;14:58;1;2A;2A004;2;1;2;4;ROUTE DU STILETTO;41,94608;8,76844
202300009264;16;8;2023;18:00;1;85;85226;2;1;1;6;159 Avenue de la Foret;46,715463;-1,973768
202300009265;20;9;2023;17:30;2;22;22106;2;1;3;4;RN12;48,50132;-2,72846
202300009266;20;3;2023;14:00;1;2A;2A004;2;1;1;3;BONAPARTE LUCIEN  COURS;41,91163;8,72227
202300009267;19;8;2023;20:30;1;85;85003;1;1;1;7;la grelerie;46,738125;-1,532743
202300009268;20;9;2023;16:14;1;22;22278;2;9;2;6;SAINT-BENOIT (ET ESPACE);48,51484;-2,7572
202300009269;20;3;2023;10:49;1;2A;2A004;2;3;1;1;MONT THABOR RUE DU;41,93681;8,75728
202300009270;17;3;2023;19:30;2;88;88160;2;1;1;6;5 Route de Jeuxey;48,19317;6,45322
202300009271;19;8;2023;00:00;3;49;49301;1;1;1;6;D158;47,08904903;-1,03638321
202300009272;19;9;2023;18:00;1;19;19031;2;1;1;5;ROCHE (RUE MARCELIN);45,16492;1,531
202300009273;18;3;2023;20:23;5;87;87085;2;6;1;7;FOCH (RUE DU MARECHAL);45,84464;1,23082
202300009274;20;3;2023;12:15;1;85;85191;2;3;1;6;RD37 Rue abbé pierre arnaud;46,67961;-1,42161
202300009275;20;9;2023;12:00;1;13;13103;2;2;1;3;CHEMIN DU QUINTIN;43,63489;5,09029
202300009276;20;3;2023;19:32;5;79;79191;2;3;1;2;N/A;46,32942;-0,45392
202300009277;20;9;2023;21:07;5;13;13211;2;3;2;2;EMMANUEL ALLARD (RUE);43,29005188;5,44103025
202300009278;16;3;2023;08:10;1;73;73011;2;3;1;3;CAMPING (AVENUE DU);45,6772713;6,39516771
202300009279;20;9;2023;11:50;1;13;13203;2;2;8;1;DOCTEUR LÉON PERRIN (RUE);43,315;5,389
202300009280;20;3;2023;17:03;1;64;64445;2;6;1;3;LEON BERARD;43,31322;-0,36887
202300009281;20;3;2023;00:10;5;64;64102;2;9;1;6;SAINT LEON (ROND POINT);43,48783;-1,48233
202300009282;20;9;2023;07:30;1;13;13216;2;1;1;2;RUISSEAU MI (RUE);43,35016;5,34874
202300009283;19;9;2023;21:58;5;13;13206;2;9;1;3;ROME (RUE DE);43,29087;5,38093
202300009284;20;9;2023;18:50;1;12;12145;2;2;1;3;TARRAL JEAN (BOULEVARD);44,09636568;3,06255296
202300009285;19;9;2023;18:45;1;10;10340;2;1;1;4;AUXERRE (ROUTE );48,26146469;4,03488708
202300009286;15;9;2023;09:00;1;6;6088;2;9;1;3;NAPOLEON III (BD);43,674526;7,221089
202300009287;19;9;2023;08:08;1;6;6012;2;1;1;3;GUYNEMER (BOULEVARD);43,750462;7,430422
202300009288;20;9;2023;12:15;1;6;6069;2;1;8;1;SAINT LAURENT (AVENUE);43,67992;6,95438
202300009289;20;9;2023;07:40;2;6;6029;2;9;1;3;BROUSSAILLES (AVENUE DES);43,56576;7,00653
202300009290;18;9;2023;11:30;1;3;3094;1;1;1;3;Rue de Boutiron;46,14695;3,42661
202300009291;19;9;2023;17:45;1;75;75112;2;1;1;3;PORTE DE VINCENNES;48,843158;2,413707
202300009292;20;9;2023;16:39;1;75;75113;2;1;1;5;BD PERIPHERIQUE INTERIEUR;48,817045;2,348402
202300009293;19;9;2023;13:50;1;75;75114;2;4;1;3;BOULEVARD PERIPHERIQUE INTERIEUR SUD;48,819228;2,329614
202300009294;19;9;2023;17:50;1;75;75120;2;1;1;6;BOULEVARD MORTIER;48,872067;2,408485
202300009295;19;9;2023;14:40;1;75;75120;2;3;1;6;AVENUE GAMBETTA;48,869693;2,402636
202300009296;20;9;2023;06:05;3;75;75118;2;3;1;6;RUE DU MONT CENIS;48,891215;2,343662
202300009297;20;9;2023;13:20;1;75;75117;2;1;1;3;BOULEVARD DU FORT DE VAUX;48,893217;2,302572
202300009298;19;9;2023;17:15;1;75;75116;2;1;1;1;ALLEE DE LA REINE MARGUERITE;48,86629;2,247151
202300009299;20;9;2023;14:45;1;75;75113;2;3;1;3;BOULEVARD VINCENT AURIOL;48,832705;2,362211
202300009300;20;9;2023;01:45;3;75;75113;2;3;1;6;BOULEVARD VINCENT AURIOL;48,834015;2,364705
202300009301;20;9;2023;14:55;1;75;75112;2;4;1;3;AVENUE DE LA PORTE DE CHARENTON;48,830798;2,399482
202300009302;20;9;2023;15:10;1;75;75112;2;7;1;1;AVENUE DU POLYGONE;48,835115;2,431382
202300009303;19;9;2023;20:50;5;75;75112;2;2;1;1;QUAI DE LA RAPEE;48,843396;2,370712
202300009304;19;9;2023;15:20;1;75;75112;2;2;1;6;AVENUE LEDRU ROLLIN;48,849613;2,374287
202300009305;20;9;2023;16:00;1;75;75111;2;3;1;3;BOULEVARD RICHARD LENOIR;48,864008;2,370676
202300009306;20;9;2023;12:55;1;75;75112;2;3;1;6;RUE DU FAUBOURG SAINT ANTOINE;48,850357;2,381348
202300009307;20;9;2023;10:25;1;75;75111;2;3;8;6;BOULEVARD VOLTAIRE;48,852166;2,389745
202300009308;20;9;2023;13:32;1;75;75110;2;7;1;1;PLACE DU COLONEL FABIEN;48,87765983;2,37001115
202300009309;20;9;2023;12:50;1;94;94068;2;1;1;6;4 Boulevard du Général Giraud;48,79872;2,47368
202300009310;10;10;2023;09:15;1;94;94046;2;1;1;3;Avenue du Professeur Cadiot;48,80383;2,4331
202300009311;18;9;2023;17:50;1;94;94011;2;6;2;3;Avenue du Bicentenaire 1789 1989;48,76578;2,48876
202300009312;20;9;2023;11:05;1;94;94022;2;1;1;3;Avenue Léon Gourdault;48,76304;2,40618
202300009313;20;9;2023;10:00;1;94;94002;2;9;1;6;63 Rue Victor Hugo;48,804139;2,422153
202300009314;20;9;2023;22:20;5;93;93071;2;5;1;3;Avenue du Commandant Charcot / Avenue John Fitzgerald Kennedy;48,93635;2,51532
202300009315;20;9;2023;18:00;1;93;93053;2;1;1;3;Avenue du 18 Avril 1944;48,88627;2,456891
202300009316;20;9;2023;09:00;1;93;93051;2;3;1;3;Route de Neuilly / Rue de la Plaine;48,8516;2,53393
202300009317;20;9;2023;10:00;1;93;93048;2;5;1;3;Rue de Stalingrad / Rue Molière;48,85765;2,44408
202300009318;20;9;2023;18:10;1;93;93029;2;1;1;1;Avenue Henri Barbusse;48,91800537;2,44756159
202300009319;20;9;2023;18:28;1;92;92075;2;1;1;6;VICTOR HUGO (AVENUE);48,82405063;2,28994846
202300009320;20;9;2023;12:50;1;92;92064;2;1;1;3;REPUBLIQUE;48,85039;2,21344
202300009321;20;9;2023;12:26;1;92;92064;2;1;1;7;ALPHONSE MOGUEZ;48,85331907;2,21760454
202300009322;20;9;2023;13:10;1;92;92063;2;1;1;2;RICHELIEU (BOULEVARD);48,86974;2,1853
202300009323;20;9;2023;11:25;1;92;92063;2;9;1;2;MONTBRISON (RUE DU LIEUTENANT COLONEL DE;48,86120701;2,19570833
202300009324;20;9;2023;14:45;1;92;92050;2;1;1;6;JOILIOT CURIE F. ET IRENE AVENUE N°IMPAI;48,89144158;2,2078684
202300009325;20;9;2023;16:20;1;92;92040;2;1;1;7;HOCHE (ALLEE);48,82349949;2,2696774
202300009326;2;10;2023;15:30;1;92;92036;2;3;1;7;MARCEL PAUL (AVENUE) (1/103);48,94263;2,30295
202300009327;18;9;2023;20:00;1;92;92036;2;1;1;2;BAS (RUE DES) (78   +);48,91937762;2,2900182
202300009328;20;9;2023;12:30;1;92;92026;2;3;1;2;COLOMBES;48,90190039;2,2561976
202300009329;17;9;2023;20:03;2;92;92025;2;1;1;3;HENRI BARBUSSE (AV);48,91937483;2,25266978
202300009330;19;9;2023;23:19;5;92;92046;2;2;1;1;CAMELINAT;48,8169421;2,29406744
202300009331;20;9;2023;17:45;1;91;91086;2;1;1;3;Rue des Trois Parts;48,614328;2,368997
202300009332;17;9;2023;18:00;1;21;21485;1;1;1;4;A38;47,336474;4,969404
202300009333;21;9;2023;14:10;1;87;87122;1;1;3;6;A20;46,050905;1,357691
202300009334;20;9;2023;21:30;3;24;24139;1;1;1;1;A89;45,147845;0,631456
202300009335;1;9;2023;03:45;3;95;95352;1;1;2;6;D316;49,106691;2,426444
202300009336;15;9;2023;17:09;1;56;56028;1;2;1;1;Le Huet;47,667803;-2,31253
202300009337;14;9;2023;17:05;1;76;76034;1;3;1;1;Rue de Chamacourt;49,723075;1,150389
202300009338;17;9;2023;19:00;2;69;69209;1;1;1;5;Route de la Clayette;46,260809;4,400625
202300009339;16;6;2023;08:35;1;61;61369;2;1;1;6;D962;48,646528;-0,621577
202300009340;20;9;2023;23:50;3;61;61153;1;1;2;6;D924;48,718135;-0,076797
202300009341;19;9;2023;18:00;1;55;55533;2;1;1;3;Rue de Tusey;48,612711;5,669299
202300009342;21;9;2023;10:25;1;12;12026;1;3;1;5;Avenue Claude Salles;44,395489;2,765003
202300009343;20;9;2023;14:15;1;46;46253;1;1;1;7;Lieu Dit l?Estampe;44,684842;1,485697
202300009344;21;9;2023;06:50;3;29;29079;1;1;2;6;Kerveguen Huella;48,63858;-3,925644
202300009345;21;9;2023;17:00;1;15;15268;1;1;2;6;RD 20;44,857044;2,246146
202300009346;8;9;2023;00:10;5;6;6079;2;1;1;6;av de la mer;43,533346;6,946239
202300009347;21;9;2023;08:00;1;50;50093;1;1;2;7;Lieu Dit Hotel Caudel;49,088137;-1,26305
202300009348;20;9;2023;08:30;1;43;43163;1;1;1;1;D 503;45,243878;4,430537
202300009349;20;9;2023;18:27;1;40;40273;1;3;1;2;1110 Route de l'Adour;43,521189;-1,382056
202300009350;19;9;2023;19:35;1;85;85006;1;1;1;6;16 Route de saint-paul;46,778909;-1,7649763
202300009351;13;9;2023;09:30;1;37;37280;1;1;1;1;La Henauderie;47,103594;0,856998
202300009352;24;8;2023;16:15;1;8;8283;1;1;1;6;D987;49,621776;4,611983
202300009353;21;9;2023;08:59;1;974;97415;2;1;1;1;27 Rue Joseph Hubert - Saint Gilles Les Hauts;-21,047239;55,267236
202300009354;20;9;2023;14:40;1;68;68242;1;1;1;2;A 35 PK 77.700;47,97891893;7,37421155
202300009355;20;9;2023;12:55;1;31;31424;1;1;1;1;Route de Lamasquère;43,536874;1,280427
202300009356;21;9;2023;07:20;1;55;55122;2;2;1;3;avenue de verdun;48,758947;5,583329