Num_Acc;jour;mois;an;hrmn;lum;dep;com;agg;int;atm;col;adr;lat;long
202300009357;20;9;2023;21:00;3;6;6104;1;4;2;2;A8, PK 214+300 , sens FRANCE-ITALIE;43,76106;7,44666
202300009358;21;9;2023;00:00;3;34;34135;1;1;1;2;A9 point kilométrique 170+314;43,277924;3,184276
202300009359;21;9;2023;17:40;1;976;97617;1;1;1;1;route de coconi;-12,798499;45,128961
202300009360;21;9;2023;09:10;1;91;91111;1;9;3;3;A10 PK 008.200 DIRECTION PARIS;48,623107;2,135427
202300009361;19;9;2023;12:15;1;988;98817;2;2;3;3;Rue de la Tribu de Saint Louis/RPS1;-22,231775;166,545938
202300009362;20;9;2023;17:55;2;971;97117;1;1;1;3;Route d?Angerville;16,305468;-61,429261
202300009363;16;9;2023;21:45;3;91;91482;1;7;1;6;D24;48,651255;2,032827
202300009364;20;9;2023;09:25;1;78;78575;2;1;1;2;74 Avenue du Général Leclerc;48,706642;2,062608
202300009365;16;9;2023;16:20;1;67;67104;1;1;1;7;Fort de Schoenenbourg;48,968717;7,909083
202300009366;21;9;2023;02:50;4;54;54053;2;1;1;6;Route d'Einville;48,673379;6,525187
202300009367;20;9;2023;18:50;1;57;57032;2;1;1;4;Rue du Bois le Prêtre;49,074903;6,07478
202300009368;14;9;2023;18:00;2;69;69040;2;6;1;6;Chemin du Tronchon;45,80151302;4,78500085
202300009369;21;9;2023;17:52;1;64;64422;2;6;3;3;Boulevard Francois Mitterrand;43,184538;-0,622128
202300009370;13;9;2023;10:00;1;33;33243;2;1;1;6;Cours Tourny;44,913045;-0,240632
202300009371;21;9;2023;07:30;2;14;14258;2;6;8;6;D658;48,902894;-0,204079
202300009372;20;9;2023;08:24;2;59;59256;1;1;8;3;M145;50,56426;3,126941
202300009373;19;9;2023;19:17;1;59;59256;2;1;1;3;Rue du Mont de Sainghin;50,582169;3,131869
202300009374;20;9;2023;01:10;3;69;69290;1;1;1;6;Autoroute 43;45,71444528;4,94418
202300009375;15;9;2023;22:30;5;59;59599;1;1;1;4;ROUTE DEPARTEMENTALE 656;50,69555;3,14783
202300009376;19;9;2023;08:10;1;59;59350;1;1;1;5;ROUTE NATIONALE 356;50,62184;3,08303
202300009377;20;9;2023;17:50;1;75;75113;1;1;1;3;A6B;48,81630481;2,36078148
202300009378;20;9;2023;16:10;1;78;78321;1;1;1;6;RN12 INT;48,798681;1,915179
202300009379;20;9;2023;08:54;1;92;92012;1;1;1;2;A13;48,84817532;2,23384674
202300009380;20;9;2023;17:50;1;93;93053;1;1;1;2;AUTOROUTE A86;48,90368296;2,4666784
202300009381;29;4;2023;23:59;3;82;82033;1;1;2;6;SAINT AIGNAN (ROUTE DE) ;44,0235;1,08078
202300009382;18;4;2023;19:35;1;82;82033;1;1;1;6;Route de Lafrançaise d45;44,05771;1,13074
202300009383;15;4;2023;04:42;3;82;82115;1;1;2;6;Route de Vaissac;44,01916;1,583737
202300009384;19;9;2023;11:00;1;974;97416;2;1;1;6;LORION(RUE LUC);-21,33052;55,47241
202300009385;18;9;2023;20:35;5;974;97416;2;1;1;6;BANK (BOULEVARD);-21,33031;55,47375
202300009386;19;9;2023;06:15;1;974;97411;2;9;1;3;JAURES (BLD 1 JEAN);-20,88988;55,45285
202300009387;19;9;2023;08:15;1;973;97302;2;2;1;3;FELIX EBOUE(ROCADE);4,92958409;-52,31511086
202300009388;19;9;2023;06:57;1;973;97302;2;3;1;3;EAU-LISETTE (CITE);4,92912;-52,32115
202300009389;18;9;2023;22:10;5;973;97302;2;3;1;5;LIBERTE (AVENUE DE LA);4,93670793;-52,32780308
202300009390;18;9;2023;20:33;5;973;97302;2;1;1;6;MONT LUCAS  2 (CITE);4,92458;-52,30016
202300009391;19;9;2023;14:40;1;69;69387;2;1;1;4;Boulevard des Tchécoslovaques;45,74177;4,857
202300009392;19;9;2023;09:40;1;69;69383;2;9;1;6;Boulevard Marius Vivier-Merle;45,76093;4,85788
202300009393;19;9;2023;07:48;1;972;97209;1;6;1;3;BISHOP (Avenue Maurice);14,6139;-61,0516
202300009394;19;9;2023;14:25;1;2B;2B033;2;3;1;2;ROUTE ROYALE;42,67736;9,43394
202300009395;19;9;2023;06:15;1;971;97113;1;1;1;3;Section Port Blanc;16,23193666;-61,45603895
202300009396;19;9;2023;00:30;5;971;97101;1;9;1;2;RN1-  HAUTEUR DE SORTIE LAURICISQUE;16,25289;-61,53329
202300009397;19;9;2023;13:25;1;91;91201;2;1;1;6;BD HENRI BARBUSSE;48,665039;2,419089
202300009398;19;9;2023;07:25;1;91;91223;2;1;1;6;MAI 1945 (AVENUE DU 8);48,4374;2,16303
202300009399;18;9;2023;12:31;1;87;87085;2;1;1;7;FRACHON ( ave Benoit);45,85064;1,2983
202300009400;19;9;2023;10:52;1;85;85194;2;6;8;3;Boulevard du vendée globe;46,50202;-1,75908
202300009401;13;9;2023;17:00;1;84;84035;2;9;1;2;VERDUN (AVENUE DE);43,83156;5,03928
202300009402;19;9;2023;14:42;1;83;83090;2;3;1;2;RESISTANCE (AVE DE LA);43,1332;5,84608
202300009403;19;9;2023;20:20;5;77;77243;2;6;1;3;JACQUES LEPAIRE  (RUE   );48,87818;2,70148
202300009404;18;9;2023;14:00;1;76;76329;1;1;2;1;RD 487;49,54495;0,49486
202300009405;18;9;2023;17:40;1;71;71306;2;6;1;3;MARECHAL LECLERC (AVENUE DU);46,68117;4,37015
202300009406;13;9;2023;17:00;1;69;69264;2;6;1;3;Avenue de l’Europe;45,9981;4,73899
202300009407;17;9;2023;01:34;3;67;67180;1;9;1;7;MARIENTHAL (ROUTE DE);48,79907;7,81926
202300009408;18;9;2023;11:01;1;66;66136;2;1;1;6;N/A;42,68669949;2,9073751
202300009409;16;9;2023;17:47;1;66;66136;2;3;1;3;N/A;42,72472;2,88193
202300009410;15;9;2023;12:06;1;66;66136;2;1;1;6;N/A;42,69067;2,90118
202300009411;19;9;2023;12:15;1;64;64260;2;5;1;3;BEHOBIE (RUE DE);43,34963;-1,77493
202300009412;19;9;2023;12:40;1;64;64445;2;3;1;3;TOURASSE;43,3113;-0,35418
202300009413;18;9;2023;10:15;1;64;64122;2;6;1;3;ROND POINT DE L EUROPE;43,48073;-1,54088
202300009414;18;9;2023;06:50;5;64;64102;2;6;1;3;LEGION TCHEQUE (AVENUE DE LA);43,49383;-1,49187
202300009415;18;9;2023;21:35;5;62;62178;2;2;1;3;Avenue Augustin Flament;50,47070762;2,5563072
202300009416;15;9;2023;16:35;1;57;57672;2;2;1;3;FOCH (BOULEVARD);49,35844;6,16122
202300009417;18;9;2023;13:17;1;54;54339;2;2;1;3;Rue de la République;48,70898;6,18468
202300009418;17;9;2023;13:20;1;49;49099;2;2;1;6;TURBAUDIERES (BOULEVARD DES );47,04641;-0,89591
202300009419;19;9;2023;11:50;1;49;49007;2;2;1;6;AYRAULT;47,47594;-0,55001
202300009420;18;9;2023;13:02;1;49;49007;2;6;1;3;VISITATION PLACE;47,46641;-0,55724
202300009421;19;9;2023;13:45;1;47;47031;2;6;1;2;Avenue de Bigorre;44,17595;0,63543
202300009422;19;9;2023;07:45;1;47;47001;2;6;1;2;STALINGRAD (AVENUE DE );44,20875042;0,62855981
202300009423;19;9;2023;15:45;1;37;37261;2;1;1;6;BUNEL (RUE JACOB);47,37606;0,68929
202300009424;19;9;2023;17:55;1;35;35238;2;1;1;6;JANVIER (AVENUE JEAN);48,1095;-1,6739
202300009425;14;9;2023;17:00;1;34;34172;2;2;1;3;HENRI (RUE);43,6172;3,88074
202300009426;19;9;2023;21:50;5;33;33063;2;1;1;3;Cours Georges Clémenceau;44,84453;-0,57851
202300009427;19;9;2023;08:50;1;31;31069;2;1;1;1;BD DE L'EUROPE;43,652438;1,374245
202300009428;19;9;2023;04:40;3;29;29232;1;6;1;6;Rond-Point Gutenberg;47,97994;-4,0793
202300009429;18;9;2023;18:25;1;29;29019;2;3;1;3;83 rue Anatole France;48,38205;-4,52457
202300009430;18;9;2023;17:10;1;27;27285;2;1;1;6;CROQUET (RUE DU);49,07559;1,52877
202300009431;18;9;2023;17:40;1;26;26004;1;1;1;2;LACRA RN532;44,98749;4,98221
202300009432;19;9;2023;08:00;1;26;26198;2;3;1;3;Chemin de la Resse;44,55299;4,76304
202300009433;19;9;2023;22:50;3;25;25056;1;1;1;6;CHAILLUZ  CHEMIN DES BAS;47,273689;6,02696
202300009434;19;9;2023;10:05;1;25;25056;2;3;1;3;MARCEAU  AV. COMMANDANT;47,24659;6,01714
202300009435;12;9;2023;18:30;1;22;22278;1;1;1;4;RN12;48,52104141;-2,74826628
202300009436;26;8;2023;21:15;5;15;15014;2;1;2;7;EGALITE (RUE DE L');44,931539;2,443015
202300009437;19;9;2023;16:55;1;14;14333;2;1;1;7;1 Cours Jean de Vienne;49,41511466;0,24564034
202300009438;19;9;2023;20:05;2;13;13212;2;1;1;3;GENERAL NOLLET (BOULEVARD DU);43,30373;5,4305
202300009439;19;9;2023;07:35;1;13;13211;2;1;1;3;JEAN LOMBARD (AVENUE);43,28902541;5,43304127
202300009440;19;9;2023;12:20;1;13;13206;2;2;1;6;AUGUSTE BLANQUI (RUE);43,29231;5,386
202300009441;18;9;2023;16:09;1;13;13208;2;1;1;3;PRADO (AVENUE DU);43,27060981;5,38832144
202300009442;19;9;2023;20:00;5;13;13063;2;3;1;3;ARISTIDE BRIAND BOULEVARD;43,58296;5,00381
202300009443;18;9;2023;08:04;2;11;11069;1;1;8;7;MONTQUIER -CHEMIN DE-;43,20397;2,30105
202300009444;18;9;2023;12:06;1;10;10387;2;1;1;3;JEAN MOULIN (RUE);48,30522;4,07419
202300009445;18;9;2023;14:00;1;3;3185;2;9;1;6;EINSTEIN ( RUE ALBERT );46,348;2,599
202300009446;19;9;2023;16:25;1;75;75116;2;1;1;3;PORTE MAILLOT;48,874364;2,275955
202300009447;19;9;2023;15:30;1;75;75116;2;2;1;1;ALLEE DE LONGCHAMP;48,872518;2,264424
202300009448;22;10;2023;14:45;1;49;49069;1;1;1;1;RD751 Orée d'Anjou;47,334984;-1,280315
202300009449;22;10;2023;06:00;3;47;47310;1;1;8;7;Route des Roches Reculé;44,382851;0,307028
202300009450;22;10;2023;12:58;1;39;39101;1;1;1;1;N/A;47,10872;5,429649
202300009451;22;10;2023;15:30;1;84;84017;1;1;1;7;cd 164 bedoin;44,149095;5,317769
202300009452;21;10;2023;01:50;3;72;72126;1;1;2;6;l'étang;48,037774;-0,119528
202300009453;21;10;2023;19:30;5;14;14431;2;1;3;6;52 Avenue Jean Jaurès;49,075488;-0,066218
202300009454;16;10;2023;16:15;1;14;14475;2;2;1;3;1756 Route de Bretagne (Noyers-Bocage);49,121088;-0,566122
202300009455;22;10;2023;20:14;3;50;50277;1;1;1;7;D114;48,85311;-1,526155
202300009456;22;10;2023;08:20;2;50;50292;1;1;2;6;11 Rue de Saint Sauveur Lendelin;49,099267;-1,256733
202300009457;21;10;2023;16:00;1;7;7227;1;1;1;6;D82;45,25585;4,720699
202300009458;22;10;2023;07:15;3;53;53219;1;1;1;6;RN12;48,30975;-0,68029
202300009459;22;10;2023;11:30;1;17;17267;1;2;1;3;D109;46,229119;-0,923538
202300009460;21;10;2023;13:30;1;30;30344;1;1;1;1;Route Nationale 113;43,733658;4,233143
202300009461;20;10;2023;20:30;3;67;67429;1;1;2;6;PK426.700;48,383746;7,478342
202300009462;22;10;2023;19:00;3;38;38239;1;1;1;4;A48 PK075.550 direction LYON;45,34505;5,564334
202300009463;22;10;2023;07:35;1;973;97305;1;2;1;1;Route Nationale 1;4,974109;-52,44181
202300009464;21;10;2023;14:20;1;45;45268;1;1;8;6;Route départementale 951;47,755346;2,417572
202300009465;13;10;2023;15:20;1;2B;2B134;2;1;1;3;Allée Charles de Gaulle;42,631137;8,937271
202300009466;21;10;2023;18:30;1;34;34299;1;6;1;6;route de la maire;43,281361;3,288088
202300009467;22;10;2023;14:00;1;4;4092;1;1;1;1;D4085;43,823583;6,581524
202300009468;21;10;2023;17:50;1;13;13014;1;1;1;7;Route de Saint Chamas;43,504021;5,14967
202300009469;19;10;2023;07:25;2;13;13092;2;3;1;3;D16b;43,551705;5,039847
202300009470;21;10;2023;19:12;2;13;13097;1;3;1;3;Route nationale 568;43,58465;4,765105
202300009471;22;10;2023;16:30;1;71;71342;2;4;1;3;Route de Poisson;46,445368;4,116923
202300009472;22;10;2023;15:00;1;55;55496;1;1;1;1;pk 30 D964;48,714978;5,610516
202300009473;21;10;2023;13:15;1;1;1386;1;3;1;2;D20a;45,885778;5,347681
202300009474;21;10;2023;21:50;5;69;69140;1;1;1;5;Route de Chazay;45,893555;4,699981
202300009475;22;10;2023;11:45;1;31;31291;2;3;1;3;62 Avenue de Bouconne;43,604619;1,223109
202300009476;22;10;2023;14:50;1;64;64315;1;1;1;6;D802;43,300931;-0,427807
202300009477;21;10;2023;11:25;1;14;14040;1;2;2;3;2 Route du Pont Roch;49,266873;-0,743954
202300009478;21;10;2023;21:30;3;22;22136;1;9;2;1;Belle Joie;48,20527;-2,755508
202300009479;20;10;2023;18:32;2;13;13215;1;1;1;2;A7-Sens Marseille vers Lyon;43,34994821;5,36891233
202300009480;20;10;2023;04:00;3;13;13210;1;1;2;6;A507 sens Marseille - Aubagne;43,28425;5,403
202300009481;18;9;2023;08:00;1;69;69382;1;1;1;7;Route de Métropole 6;45,75087618;4,82290372
202300009482;21;10;2023;16:40;1;33;33318;1;1;1;6;AUTOROUTE A 63;44,78742;-0,62397
202300009483;21;10;2023;11:50;1;91;91689;1;1;1;2;AUTOROUTE A6B;48,74468;2,32288
202300009484;20;10;2023;12:00;1;91;91661;1;1;8;3;RD 188 CHEVREUSE;48,69671;2,21463
202300009485;21;10;2023;07:10;3;92;92050;1;1;1;2;A14;48,90183264;2,20286349
202300009486;21;10;2023;17:08;1;95;95572;1;1;1;3;N184;49,03385054;2,11133838
202300009487;21;10;2023;17:15;1;93;93013;1;1;8;4;AUTOROUTE A1;48,94036;2,42343
202300009488;21;10;2023;01:25;3;93;93051;1;1;2;6;A4;48,836465;2,547832
202300009489;20;10;2023;22:45;3;94;94073;1;1;2;6;A86;48,76906913;2,37939164
202300009490;21;8;2023;08:38;1;87;87075;2;1;1;6;MARS 1962 (RUE DU 19);45,80841;1,2253
202300009491;20;8;2023;11:10;1;78;78138;1;1;1;6;POISSY (AVENUE DE);48,969307;2,032331
202300009492;21;8;2023;09:20;1;45;45234;2;1;1;3;Avenue Roger Secrétain;47,88621;1,89647
202300009493;21;8;2023;01:41;5;13;13203;2;3;1;1;NATIONAL (BOULEVARD);43,31281;5,37573
202300009494;20;10;2023;11:00;1;988;98818;2;1;1;4;RUE LUCIEN HERVOUET;-22,2363;166,44951
202300009495;20;10;2023;17:00;1;69;69388;2;2;2;6;Rue Professeur Joseph Nicolas;45,73213;4,88077
202300009496;20;10;2023;18:00;3;972;97213;1;1;1;2;AUTOROUTE A1;14,618;-61,03215
202300009497;20;10;2023;06:50;1;972;97209;2;1;2;2;ARAWAKS (AVENUE DES);14,6165;-61,0448
202300009498;20;10;2023;17:35;2;69;69384;2;2;1;3;Place Marcel Bertone;45,77758;4,83485
202300009499;18;10;2023;07:35;2;69;69034;2;1;1;2;Montée de la Boucle;45,78273149;4,83672432
202300009500;20;10;2023;19:50;3;95;95539;2;1;8;2;D301;48,99732;2,36062
202300009501;19;10;2023;12:06;1;95;95555;2;1;1;1;PARMENTIER (RUE);48,96790978;2,28082216
202300009502;19;10;2023;20:05;5;89;89387;2;2;2;3;LIBERTE (BOULEVARD DE LA );48,19142;3,27654
202300009503;19;10;2023;14:06;1;87;87085;2;1;2;1;PUY IMBERT (RUE DU);45,83887;1,27864
202300009504;19;10;2023;19:55;1;84;84007;2;1;8;7;neuf peyres (chemin des);43,9419;4,83121
202300009505;19;10;2023;08:30;1;83;83126;2;3;8;3;CARMILLE ( AV DU GENERAL);43,09713525;5,88828027
202300009506;20;10;2023;07:45;2;82;82121;2;2;1;3;GASSERAS (AVENUE DE);44,01757;1,32032
202300009507;18;10;2023;19:10;2;80;80131;2;1;2;2;COMMANDANT JAN (RUE DU);49,84451;2,39706
202300009508;20;10;2023;08:25;2;78;78401;2;1;2;2;GENERAL LECLERC (AVENUE DU );49,011572;1,906922
202300009509;20;10;2023;23:20;5;77;77479;2;1;2;1;RUE DE TORCY;48,86911;2,64598
202300009510;6;10;2023;15:30;1;77;77249;2;1;1;6;AV DES HYVERNEAUX;48,7394;2,60738
202300009511;19;10;2023;14:00;1;76;76351;2;2;1;6;INGOUVILLE (RUE);49,49742;0,10949
202300009512;19;10;2023;17:05;1;72;72181;2;1;1;6;JACOBINS (QUINCONCE DES);48,00871;0,20298
202300009513;19;10;2023;09:00;1;72;72181;2;1;1;6;OYON ALEXANDRE (BD);47,99505;0,1878
202300009514;19;10;2023;07:00;5;72;72181;2;9;2;3;BONNETABLE (RTE) N° IMP;48,02078;0,22614
202300009515;20;10;2023;11:15;1;71;71040;2;3;1;3;MACON (ROUTE DE);46,68650815;4,39066647
202300009516;20;10;2023;17:30;1;71;71076;2;9;2;6;PARIS (AVENUE DE);46,80697;4,84404
202300009517;19;10;2023;15:45;1;69;69029;2;1;1;6;Avenue du 8 Mai 1945;45,72755;4,91559
202300009518;19;10;2023;12:15;1;69;69029;2;2;3;1;Avenue Franklin Roosvelt;45,73066;4,91737
202300009519;28;7;2023;10:05;1;69;69091;2;2;1;3;Avenue Youri Gagarine;45,60195;4,77039
202300009520;20;10;2023;10:50;1;67;67043;2;1;3;6;PERIGUEUX (AVENUE DE);48,614841;7,742139
202300009521;20;10;2023;11:30;1;66;66136;1;6;1;3;N/A;42,69416;2,85022
202300009522;19;10;2023;18:25;2;64;64129;2;1;2;3;GASTON PHOEBUS;43,29841;-0,38672
202300009523;10;10;2023;08:50;1;64;64445;2;2;1;3;PAIX;43,31644;-0,33955
202300009524;17;10;2023;21:45;5;62;62510;2;1;1;3;Rue Hoche;50,41706;2,77183
202300009525;20;10;2023;07:50;2;62;62263;2;1;3;6;Avenue de l'Hippodrome;50,29224696;2,72809607
202300009526;20;10;2023;21:10;5;60;60057;2;1;1;2;Rue d'Amiens;49,43725;2,08774
202300009527;20;10;2023;19:30;5;59;59378;2;3;8;3;CLEMENCEAU BLVD (N°168-294);50,66207;3,09644
202300009528;20;10;2023;07:00;5;59;59350;2;1;2;6;DUNKERQUE AVENUE DE;50,63426;3,03057
202300009529;20;10;2023;08:00;2;59;59509;2;1;2;6;FERRER (RUE FRANCISCO);50,40504;3,10687
202300009530;19;10;2023;11:35;1;59;59390;2;3;1;3;COMPIEGNE (RUE);50,33756;3,19095
202300009531;19;10;2023;19:00;5;58;58194;2;1;2;5;GUSTAVE MATHIEU;46,98623;3,14496
202300009532;18;10;2023;19:05;5;57;57757;2;1;3;6;Nations (Avenue);49,35513;6,18241
202300009533;16;10;2023;12:40;1;56;56260;2;6;1;3;KERANGUEN(GIRATOIRE DE);47,659373;-2,794118
202300009534;20;10;2023;14:20;1;56;56162;2;1;2;6;SAINTE  ANNE (RUE);47,73749;-3,42306
202300009535;20;10;2023;08:10;2;56;56098;2;1;2;1;STOSSKOPF ( AV. INGEN.-GAL );47,7504;-3,3398
202300009536;18;10;2023;07:30;2;55;55029;2;6;1;3;REPUBLIQUE ( PLACE DE LA );48,77326297;5,16618449
202300009537;19;10;2023;16:10;1;54;54395;2;1;3;6;Place de la République;48,68873406;6,17561996
202300009538;20;10;2023;08:50;1;51;51454;2;3;3;6;rue Raoul Dufy;49,225503;4,014265
202300009539;20;10;2023;08:25;2;51;51573;2;1;3;6;PERI (RUE GABRIEL);49,245678;3,997428
202300009540;20;10;2023;08:00;5;51;51454;2;4;3;3;boulevard Dieu Lumière;49,2393;4,03873
202300009541;20;10;2023;07:30;5;51;51573;2;1;3;6;VINGT NEUF AOUT 44 (AVENUE DU);49,24795;3,99706
202300009542;19;10;2023;17:15;1;51;51454;2;1;1;6;LECLERC (BOULEVARD DU GENERAL);49,25312;4,02192
202300009543;19;10;2023;08:09;2;51;51454;2;1;1;4;ARNOULD (BOULEVARD CHARLES);49,26024;4,00893
202300009544;20;10;2023;09:47;1;49;49328;2;1;2;6;PRESSOIR (RUE DU);47,25155686;-0,07744811
202300009545;19;10;2023;10:45;1;49;49099;2;6;8;3;DOROHOI (PLACE DE);47,0508;-0,87165
202300009546;20;10;2023;05:14;5;49;49267;2;1;1;6;A87N;47,46628;-0,51612
202300009547;8;2;2023;11:49;1;988;98818;2;2;1;3;Rue CHARLES DE VERNEILH/RUE AUGUSTE BRUN;-22,27613;166,4466
202300009548;20;10;2023;04:10;5;47;47001;2;1;1;6;GRAVIER (ESPL. ET PERYST. DU );44,20239;0,6111
202300009549;12;10;2023;18:25;1;46;46042;2;1;1;2;Départementale 820;44,4665;1,42617
202300009550;6;2;2023;13:10;1;988;98818;2;3;1;3;RUE AUER;-22,24128;166,45409
202300009551;20;10;2023;20:20;3;45;45302;1;1;2;4;D2701 PR 2 + 130;47,94148;1,88579
202300009552;7;2;2023;17:20;1;974;97416;2;1;1;3;ANCIENNE RN 1;-21,30807;55,43129
202300009553;20;10;2023;08:30;1;41;41047;2;1;1;1;RD 50;47,62196;1,35239
202300009554;6;2;2023;15:55;1;974;97416;1;1;1;3;CD 26;-21,2987;55,4378
202300009555;20;10;2023;00:40;5;41;41018;2;1;3;2;SAUSSAYE (QUAI DE LA);47,58546;1,335238
202300009556;7;2;2023;23:00;5;974;97411;2;1;3;6;LECONTE DE LISLE (AVENUE);-20,89555;55,48945
202300009557;20;10;2023;16:05;1;38;38185;2;1;1;3;AVENUE JULES VALLÈS;45,18583;5,7469
202300009558;7;2;2023;17:01;1;973;97302;1;6;1;7;ROUTE NATIONALE 1;4,92065725;-52,33026803
202300009559;7;2;2023;07:00;1;973;97302;2;1;2;6;TIGRE (ROUTE DU);4,91557;-52,31132
202300009560;7;2;2023;20:20;5;69;69387;2;1;1;6;Boulevard Yves Farge;45,7374;4,8288
202300009561;20;10;2023;18:00;1;37;37261;2;9;3;3;GRANDIERE (RUE DE LA);47,39096;0,68386
202300009562;7;2;2023;18:55;5;69;69387;2;1;1;6;Grande Rue de la Guillotière;45,74733566;4,85858387
202300009563;20;10;2023;12:20;1;37;37122;2;1;1;3;JEAN JAURES;47,34862;0,66215
202300009564;20;10;2023;11:10;1;35;35238;2;7;8;6;SOUVENIR (PLACE DU);48,094096;-1,663025
202300009565;7;2;2023;13:30;1;69;69383;2;1;1;5;Boulevard Marius Vivier-Merle;45,75862;4,85844
202300009566;7;2;2023;14:00;1;2A;2A004;2;1;1;6;MEZZAVIA ROUTE DE;41,95012572;8,7717998
202300009567;20;10;2023;23:55;5;34;34172;2;1;1;2;FONTAINE DE CELLENEUVE (RUE DE LA);43,61173;3,82765
202300009568;7;2;2023;11:00;1;2A;2A004;2;3;1;3;AVENUE DU DOCTEUR NOEL FRANCHINI;41,93650356;8,7535429
202300009569;20;10;2023;21:22;5;33;33192;2;3;2;3;Cours du Général de Gaulle;44,78641;-0,60497
202300009570;6;2;2023;12:20;1;2A;2A004;2;3;1;3;Route de Mezzavia;41,94895;8,76671
202300009571;6;2;2023;15:30;1;95;95277;2;1;1;4;AVENUE GEORGES KERDAVID;48,99421;2,44111
202300009572;20;10;2023;17:45;1;33;33063;2;3;3;5;Cours de l'Yser;44,82165;-0,57143
202300009573;7;2;2023;09:21;1;91;91432;2;6;7;3;AV FERDINAND DE LESSEPS;48,701666;2,339293
202300009574;20;10;2023;10:00;1;33;33063;2;3;6;3;Avenue Charles de Gaulle;44,84886;-0,59905
202300009575;7;2;2023;08:55;1;91;91027;2;1;1;3;AV ARISTIDE BRIAND;48,70603;2,39147
202300009576;4;2;2023;11:03;1;87;87085;2;2;1;3;BORIE (BOULEVARD DE LA);45,83982;1,23636
202300009577;20;10;2023;11:13;1;31;31555;2;1;2;1;RTE D ALBI;43,64307606;1,46778524
202300009578;4;2;2023;07:45;5;87;87085;2;2;1;3;BAUDIN (AVENUE) ( RN21);45,81737;1,25259
202300009579;19;10;2023;11:30;1;29;29019;2;1;1;4;20 avenue Victor Le Gorgeu;48,40017079;-4,49808732
202300009580;7;2;2023;19:00;3;84;84087;1;3;1;3;LYON (ROUTE DE);44,15907;4,79715
202300009581;20;10;2023;06:50;5;27;27229;2;1;8;6;SAINT GERMAIN (RUE);49,01719;1,1272
202300009582;7;2;2023;16:00;1;83;83137;2;1;1;6;BESAGNE (AVE DE);43,12134;5,93648
202300009583;2;2;2023;07:45;1;83;83050;2;9;1;6;VERDUN( AVENUE DE);43,53371;6,47743
202300009584;7;2;2023;19:00;5;79;79191;2;2;1;3;;46,30977;-0,48204
202300009585;20;10;2023;09:55;1;25;25388;2;1;2;6;Rue Charles Contejean;47,50888;6,79404
202300009586;7;2;2023;12:40;1;77;77464;1;1;1;7;D105B;48,89578;2,72412
202300009587;6;2;2023;18:35;5;77;77243;2;1;1;1;MAL DE LATTRE DE TASSIGNY (AVENUE DU);48,87654;2,68286
202300009588;20;10;2023;08:15;2;25;25056;2;1;3;6;121a rue de dole;47,228417;5,986027
202300009589;7;2;2023;05:50;5;76;76540;2;2;1;3;Route de Neufchâtel;49,451103;1,098458
202300009590;20;10;2023;04:00;5;25;25056;2;9;3;6;KENNEDY  BOULEVARD J.F.;47,229546;5,981101
202300009591;6;2;2023;10:45;1;72;72181;2;1;1;6;GENESLAY FELIX (AV) N° IMP 265 A 383;47,97429;0,20651
202300009592;6;2;2023;07:45;5;72;72181;2;1;1;6;ALLEGRET MARC (RUE);48,01345;0,16442
202300009593;19;10;2023;07:55;2;19;19031;2;3;1;3;ROYER (BOULEVARD GONTRAN);45,16717;1,52518
202300009594;7;2;2023;11:15;1;69;69266;2;1;1;6;4 Rue Léon Blum;45,75944775;4,89096062
202300009595;13;1;2023;12:37;1;67;67482;2;4;1;3;MEINAU (ROUTE DE LA);48,5528;7,74869
202300009596;15;10;2023;19:01;3;15;15014;2;1;1;3;RD 117;44,914061;2,451147
202300009597;7;2;2023;17:45;1;65;65440;2;2;1;3;Rue Saint-jean;43,23702;0,081891
202300009598;20;10;2023;00:26;5;13;13071;1;6;3;3;VERSAILLES (ROND POINT DIT DE);43,4098;5,32494
202300009599;1;2;2023;12:25;1;65;65440;2;1;1;3; ROND-POINT DE LA SEDE;43,232673;0,06128
202300009600;7;2;2023;11:00;1;65;65286;2;1;1;2;Avenue Antoine Béguère;43,10432;-0,0608
202300009601;20;10;2023;13:40;1;13;13005;1;1;1;2;GEMENOS (ROUTE DE CD2);43,2982;5,60364
202300009602;7;2;2023;09:10;1;64;64483;2;1;8;6;CHANTACO (AVENUE DE );43,38907;-1,65367
202300009603;12;10;2023;19:10;2;10;10387;2;1;1;2;PASTEUR (RUE);48,30267;4,06306
202300009604;7;2;2023;15:00;1;64;64445;2;1;1;3;SARAGOSSE DE;43,30702;-0,35387
202300009605;6;2;2023;14:03;1;64;64445;2;1;1;3;PIERRE MASSE;43,315;-0,35715
202300009606;17;10;2023;15:00;1;6;6088;2;1;8;1;TURIN (RTE DE);43,7324174;7,2910104
202300009607;6;2;2023;13:45;1;63;63113;2;2;1;3;POURCHON (BD MAURICE)/ Beaupeyras;45,79023;3,08345
202300009608;20;10;2023;20:00;5;6;6104;2;1;8;2;MONLEON (AVENUE SYLVIO DE);43,753532;7,48376
202300009609;6;2;2023;08:05;2;63;63113;2;3;1;3;NIEL (RUE) / Rue de la Liève;45,78326;3,10239
202300009610;20;10;2023;15:20;1;75;75114;2;1;1;4;PORTE DE GENTILLY;48,817844;2,334024
202300009611;22;1;2023;18:50;5;62;62628;2;2;1;3;Rue d'Artois;50,421106;2,891195
202300009612;7;2;2023;04:50;5;60;60057;2;1;1;6;Rue Veuve Sénéchal;49,42023;2,10077
202300009613;19;10;2023;18:45;2;75;75119;2;1;8;3;BD PERIPHERIQUE EXTERIEUR;48,90073;2,372563
202300009614;7;2;2023;14:15;1;59;59183;2;1;1;6;RD 601;51,022159;2,337535