Num_Acc;jour;mois;an;hrmn;lum;dep;com;agg;int;atm;col;adr;lat;long
202300009615;5;2;2023;18:15;3;59;59375;1;1;1;6;FLINES(ROUTE DE);50,4078;3,24502
202300009616;19;10;2023;14:57;1;75;75109;2;1;1;5;RUE DE CHATEAUDUN;48,876247;2,334227
202300009617;6;2;2023;14:15;1;59;59017;2;2;1;3;Rue des Resistants;50,69082;2,87458
202300009618;20;10;2023;17:20;1;75;75106;2;2;2;6;RUE DAUPHINE;48,854708;2,339314
202300009619;7;2;2023;09:40;1;57;57672;2;2;1;6;ALBERT 1ER (AVENUE) - IMPAIR;49,36309;6,16946
202300009620;19;10;2023;20:35;5;75;75106;2;1;2;3;BOULEVARD DU MONTPARNASSE;48,843491;2,325321
202300009621;6;2;2023;13:00;1;57;57757;2;1;1;6;Nations (Avenue);49,35649;6,18536
202300009622;18;10;2023;13:15;1;75;75120;2;4;2;3;RUE DU JAPON;48,86589;2,399332
202300009623;19;10;2023;21:35;5;75;75119;2;3;2;3;AVENUE DE FLANDRE;48,888378;2,374116
202300009624;20;10;2023;09:40;1;75;75119;2;3;2;6;BOULEVARD MACDONALD;48,898893;2,380948
202300009625;7;2;2023;07:45;2;56;56098;2;2;1;3;78 Rue Emile Combes;47,77192;-3,33878
202300009626;20;10;2023;06:30;5;75;75118;2;7;2;1;PLACE HEBERT;48,89312;2,363414
202300009627;19;10;2023;21:50;5;75;75117;2;7;2;7;BOULEVARD PERSHING;48,880887;2,284047
202300009628;20;10;2023;10:15;1;75;75116;2;3;8;3;RUE JEAN DE LA FONTAINE;48,850906;2,271787
202300009629;6;2;2023;16:22;1;56;56107;2;1;1;3;LE PORT (ROGER BOULEVARD);47,71846;-3,37396
202300009630;6;2;2023;18:49;5;51;51454;2;1;1;6;rue de la Maison Blanche;49,23565562;4,02553707
202300009631;19;10;2023;21:10;5;75;75116;2;2;2;3;AVENUE INGRES;48,857357;2,264662
202300009632;7;2;2023;09:26;1;51;51454;2;1;1;3;avenue d'Epernay;49,23921657;4,0137367
202300009633;18;10;2023;22:40;5;75;75116;2;2;2;3;AVENUE FOCH;48,872685;2,284576
202300009634;7;2;2023;08:25;1;51;51454;2;2;1;6;avenue Georges Clemenceau;49,25113;4,04909
202300009635;20;10;2023;07:45;2;75;75115;2;2;2;6;BOULEVARD LEFEBVRE;48,829013;2,298941
202300009636;7;2;2023;09:40;1;50;50129;2;2;1;3;GAMBETTA (RUE);49,63818;-1,62529
202300009637;6;2;2023;20:30;5;49;49353;2;1;1;6;QUANTINIERE LIEU DIT;47,45626;-0,47248
202300009638;20;10;2023;15:50;1;75;75113;2;1;1;2;BOULEVARD MASSENA;48,823692;2,375921
202300009639;6;2;2023;18:48;4;49;49007;2;1;1;6;ESTIENNE D'ORVES BOULEVARD;47,45445;-0,53385
202300009640;20;10;2023;12:30;1;75;75113;2;2;1;6;BOULEVARD DU GENERAL JEAN SIMON;48,825668;2,382084
202300009641;7;2;2023;19:29;5;45;45234;2;2;1;3;14 Rue Maurice Dubois;47,9226857;1,89565954
202300009642;20;10;2023;01:40;5;75;75114;2;1;2;3;AVENUE PIERRE DE COUBERTIN;48,816999;2,343695
202300009643;7;2;2023;16:00;1;45;45232;2;1;7;3;476 Boulevard Victor Hugo;47,85756;1,90445
202300009644;19;10;2023;12:40;1;75;75112;2;3;1;6;RUE DU FAUBOURG SAINT ANTOINE;48,850514;2,379363
202300009645;4;2;2023;16:00;1;42;42127;2;1;1;1;Route de Paris;46,06798;4,05149
202300009646;19;10;2023;20:50;5;75;75110;2;3;2;3;PLACE NAPOLEON III;48,880247;2,353655
202300009647;20;10;2023;16:00;1;75;75109;2;2;1;6;RUE SAINT LAZARE;48,875543;2,326669
202300009648;7;2;2023;07:59;1;41;41018;2;9;1;3;VENDOME (AVENUE DE);47,5965;1,327
202300009649;20;10;2023;16:00;1;75;75108;2;2;8;7;AVENUE DE FRIEDLAND;48,874152;2,298927
202300009650;7;2;2023;16:10;1;35;35238;2;1;1;6;PARIS (RUE DE);48,11271;-1,6645
202300009651;19;10;2023;18:52;2;75;75108;2;2;1;6;PLACE DE LA CONCORDE;48,86666822;2,32201087
202300009652;20;10;2023;20:30;5;94;94068;2;1;3;6;Place de la Louvière;48,80521;2,487386
202300009653;6;2;2023;01:40;5;33;33063;2;1;1;5;Boulevard Alienor d'Aquitaine;44,87914261;-0,5632755
202300009654;20;10;2023;12:55;1;94;94068;2;1;1;1;Rue Benjamin Franklin;48,79674;2,51385
202300009655;7;2;2023;11:15;1;31;31555;2;1;2;4;SAINT PIERRE (PL) DU 8AU 17;43,60393;1,43494
202300009656;7;2;2023;08:15;1;31;31555;2;3;1;3;RUE DU PONT GUILHEMERY;43,60173;1,45827
202300009657;20;10;2023;16:30;1;94;94043;2;1;2;6;Rue de la Convention;48,81211931;2,35699978
202300009658;6;2;2023;15:30;1;31;31069;2;1;1;3;ZOLA (ALL EMILE);43,64667;1,36918
202300009659;19;10;2023;11:50;1;94;94021;2;6;1;2;Boulevard Jean Mermoz;48,772746;2,339464
202300009660;6;2;2023;10:00;1;31;31555;2;2;1;3;RUE ROGER CAMBOULIVES;43,57048;1,3861
202300009661;20;10;2023;13:55;1;93;93066;2;9;2;3;Boulevard de la Libération;48,929669;2,341
202300009662;7;2;2023;19:05;5;30;30007;2;1;1;6;rue rene cassin;44,10761;4,09818
202300009663;7;2;2023;16:45;1;27;27229;2;6;1;3;ALLENDE (BOULEVARD DU PRESIDENT);49,00358;1,15162
202300009664;20;10;2023;12:15;1;93;93051;2;3;1;6;Avenue Médéric / Rue du Richardet;48,8300594;2,56152229
202300009665;20;10;2023;20:25;5;93;93048;2;2;3;3;Rue de Vincennes / Rue Marcellin Berthelot;48,85647;2,43735
202300009666;6;2;2023;17:41;1;27;27229;1;2;1;3;ALLENDE (BOULEVARD DU PRESIDENT);49,00344;1,14806
202300009667;7;2;2023;21:05;5;25;25388;2;1;1;1;HELVETIE (AVENUE D');47,50848;6,80369
202300009668;20;10;2023;12:46;1;93;93031;2;9;2;6;Avenue de la République / Rue du Vert Galant;48,946909;2,344367
202300009669;7;2;2023;08:35;1;22;22278;2;2;1;3;94 Rue de Paris;48,50135676;-2,73446113
202300009670;20;10;2023;11:45;1;93;93029;2;3;2;2;Avenue Henri Barbusse / 8 Rue du 8 Mai 1945;48,91850681;2,44865493
202300009671;2;2;2023;16:40;1;22;22113;2;1;1;2;RUSQUET (ROND POINT DU);48,75095;-3,44905
202300009672;20;10;2023;17:20;1;93;93014;2;1;2;6;Parking Allee de la Fosse Maussoin;48,90745;2,53252
202300009673;5;2;2023;11:30;1;18;18033;2;2;1;3;197 Avenue du Général de Gaulle;47,10616;2,41136
202300009674;20;10;2023;06:50;5;93;93001;2;1;2;3;SAINT DENIS (RUE DE);48,9224;2,37211
202300009675;20;10;2023;18:00;2;92;92020;2;3;8;3;PIERRE BROSSOLETTE;48,81097154;2,29955221
202300009676;6;2;2023;14:00;1;13;13043;2;9;1;2;POUSARAQUE (AV DE LA );43,38673;5,22283
202300009677;20;10;2023;10:25;1;92;92073;2;2;2;6;SYNDICAT DES CULTIVATEURS (RUE DU);48,86424977;2,20820582
202300009678;6;2;2023;09:50;1;13;13043;1;1;1;4;LINO VENTURA (AV );43,39373;5,19805
202300009679;7;2;2023;15:55;1;13;13103;2;2;1;3;CHEMIN DU QUINTIN;43,63227;5,08976
202300009680;20;10;2023;08:45;1;92;92073;2;4;1;3;ROOSVELT (AVENUE FRANKLIN);48,872761;2,22109312
202300009681;13;11;2023;08:05;2;92;92077;2;1;2;3;DESVALLIERES (CHEMIN);48,82545044;2,19803953
202300009682;7;2;2023;20:23;5;13;13214;2;1;1;3;ARNAVON (AVENUE);43,33072;5,37992
202300009683;20;10;2023;20:40;5;92;92047;1;1;3;2;HARAS DE JARDY;48,83;2,15191
202300009684;7;2;2023;21:30;5;13;13213;2;1;1;1;PARTY (CHEMIN DE);43,34826;5,41611
202300009685;7;2;2023;12:51;1;13;13213;2;1;1;6;SAINT JEROME (AVENUE DE);43,33044;5,41904
202300009686;20;10;2023;07:59;2;92;92048;2;2;3;1;ONZE NOVEMBRE 1918 (AVENUE DU);48,82082659;2,22617269
202300009687;2;2;2023;16:09;1;12;12145;2;3;1;3;BAD SALZUFLEN (BOULEVARD DE);44,09225;3,06034
202300009688;20;10;2023;20:35;5;92;92040;2;7;2;6;AUGUSTE GERVAIS;48,82281272;2,27355659
202300009689;6;2;2023;18:00;5;10;10343;2;2;1;3;DIJON (RUE DE);48,2771;4,0828
202300009690;20;10;2023;06:13;5;92;92040;2;1;3;3;PASTEUR (AVENUE);48,82106059;2,26251215
202300009691;6;2;2023;09:50;1;8;8105;2;7;1;6;MOHON PLACE;49,75244959;4,7315307
202300009692;20;10;2023;12:10;1;92;92035;2;1;2;6;National ( boulevard );48,90486;2,23898
202300009693;7;2;2023;12:00;1;6;6088;2;1;1;6;MATISSE (AV. HENRI);43,6744;7,220604
202300009694;7;2;2023;08:45;1;6;6012;2;1;1;3;Bretelle Vistaero;43,752353;7,429517
202300009695;20;10;2023;18:40;2;92;92025;2;2;2;3;CHARLES DE GAULLE (BD);48,91454643;2,22896531
202300009696;7;2;2023;08:25;1;6;6030;2;1;1;3;JOURDAN (AVENUE MICHEL (LE CANNET);43,561021;6,967372
202300009697;20;10;2023;06:28;5;92;92023;2;2;2;6;CLAUDE TREBIGNAUD (AVENUE) BOIS S102;48,78958293;2,25271153
202300009698;7;2;2023;18:20;5;6;6004;1;1;1;2;GRASSE RTE DE;43,60235;7,071913
202300009699;6;2;2023;13:20;1;3;3013;1;1;1;6;Route de Decize;46,59571;3,3525
202300009700;20;10;2023;18:40;2;92;92012;2;1;2;2;VICTOR HUGO (AVENUE) 49/FIN - 60/FIN;48,83769;2,24599
202300009701;6;2;2023;13:00;1;988;98818;2;1;1;3;N°44 RUE AUER;-22,2377;166,45134
202300009702;21;10;2023;01:30;5;54;54571;2;1;6;7;54 Grande Rue;48,616373;6,254178
202300009703;6;2;2023;15:35;1;974;97416;1;1;1;3;ANCIENNE RN 1;-21,32111;55,4444
202300009704;6;2;2023;14:10;1;973;97302;2;1;1;2;PASTEUR (AVENUE LOUIS);4,94382411;-52,32227772
202300009705;20;10;2023;09:30;1;69;69136;1;1;3;1;Route des Esses;45,64721175;4,74600181
202300009706;3;2;2023;10:10;1;973;97302;2;6;9;1;EAU-LISETTE (CITE);4,92850012;-52,32226914
202300009707;14;10;2023;17:10;1;6;6130;2;2;1;3;D6085;43,694231;6,85598
202300009708;6;2;2023;22:20;5;69;69383;2;2;1;3;68 Rue Paul Bert;45,75706;4,85876
202300009709;6;2;2023;18:45;5;69;69387;2;1;1;6;Allée Pierre de Coubertin;45,72267806;4,82999325
202300009710;21;10;2023;06:20;3;60;60069;1;1;1;1;D922;49,1509674;2,92841864
202300009711;6;2;2023;13:40;1;972;97213;1;1;1;1;Z I LA JAMBETTE;14,61692;-61,03496
202300009712;20;10;2023;07:20;3;56;56148;1;1;2;2;N/A;47,77005;-3,17263
202300009713;5;2;2023;08:45;1;971;97101;2;3;2;3;Rue Frederic Jalton;16,248719;-61,531521
202300009714;20;10;2023;12:30;1;67;67436;1;3;2;1;D 424;48,399744;7,139719
202300009715;4;2;2023;12:45;1;971;97113;1;1;1;4;MARINA (ZONE COMMERCIALE);16,22185;-61,523
202300009716;21;10;2023;12:46;1;82;82180;1;1;1;6;D928;43,91768;1,057456
202300009717;4;2;2023;08:02;1;971;97120;2;9;2;4;Amitié des peuples;16,24474;-61,54141
202300009718;6;2;2023;15:25;1;95;95277;2;1;1;6;Rue Claret;48,98712309;2,44085044
202300009719;21;10;2023;10:30;1;81;81217;2;3;1;3;Route des Barrières;43,94174489;1,71971353
202300009720;5;2;2023;06:55;5;87;87085;2;2;1;1;BRIAND (RUE ARISTIDE);45,84335;1,27462
202300009721;16;10;2023;15:40;1;89;89393;1;1;1;5;D965;47,814567;3,894396
202300009722;4;2;2023;18:39;5;87;87085;2;2;1;3;LECLERC (AVENUE DU GENERAL);45,85174;1,26647
202300009723;4;2;2023;10:21;1;87;87085;2;1;1;6;BLUM (RUE LEON);45,82603;1,28389
202300009724;16;10;2023;16:30;1;63;63283;1;2;1;1;D941;45,85016619;2,69805014
202300009725;1;2;2023;17:40;1;87;87085;2;3;1;6;FEUILLANTS (RUE DES);45,83248;1,262354
202300009726;21;10;2023;12:35;1;63;63282;2;3;1;6;Intersection Chemin du Coin et D3;45,626055;3,148071
202300009727;5;2;2023;14:25;1;84;84007;2;6;1;3;LAVARIN (Chemin du );43,92133;4,80274
202300009728;4;2;2023;07:10;4;84;84007;1;1;6;7;CARDINAL BERTRAND (Cours)-MONTFAVET;43,93062;4,87443
202300009729;20;10;2023;13:20;1;61;61483;2;1;1;6;D235;48,556489;-0,408926
202300009730;3;2;2023;09:00;1;84;84007;2;1;1;5;MORIERES (Route de );43,95088;4,85422
202300009731;13;10;2023;07:53;2;61;61412;1;6;1;3;Intersection D4/D7;48,504208;0,359265
202300009732;7;2;2023;00:05;5;83;83069;2;1;1;7;TOULON RD 554 (AVENUE DE);43,12296;6,1158
202300009733;6;2;2023;11:50;1;83;83069;2;3;1;6;GAMBETTA (AVENUE);43,11975;6,12855
202300009734;20;10;2023;22:10;5;49;49050;2;2;2;3;Grande rue;47,320391;-0,41034
202300009735;21;10;2023;13:45;1;12;12105;2;2;1;6;D922;44,23679;2,033715
202300009736;21;10;2023;02:10;3;47;47100;1;1;1;6;D13;44,267161;0,632615
202300009737;6;2;2023;17:00;1;77;77378;1;9;1;6;VIEUX MOULIN(RUE DU);48,528645;2,549964
202300009738;2;8;2023;07:30;1;34;34150;1;1;1;2;D51;43,346357;3,506441
202300009739;5;2;2023;02:10;5;77;77495;1;1;1;1;D346;48,5575;2,61132
202300009740;21;10;2023;10:00;1;25;25320;1;1;1;1;D9;46,778345;6,303341
202300009741;6;2;2023;10:50;1;77;77048;1;2;1;3;D40D / D104;48,32073;2,6953
202300009742;3;2;2023;14:00;1;76;76351;2;2;1;3;MONT GAILLARD (AVENUE DU);49,52558;0,11537
202300009743;20;10;2023;14:20;1;44;44154;1;1;2;5;N/A;47,277482;-2,164993
202300009744;6;2;2023;11:50;1;76;76114;2;1;1;2;GAMBETTA LEON (RUE);49,57081;0,47046
202300009745;20;10;2023;18:15;1;29;29139;1;2;3;3;Tourquelennec;48,307333;-4,024569
202300009746;21;10;2023;04:10;3;70;70408;1;1;8;1;D475;47,27872919;5,58338284
202300009747;6;2;2023;19:40;5;69;69290;2;3;1;5;17 Rue de Provence;45,69423297;4,92367165
202300009748;6;2;2023;13:45;1;69;69259;2;1;1;7;Boulevard Irène Joliot Curie;45,71745;4,87653
202300009749;21;10;2023;13:40;1;58;58295;2;1;2;6;Hameau le Bouchat;47,323851;2,945296
202300009750;4;2;2023;18:00;2;67;67519;1;1;1;5;LA WANTZENAU (ROUTE DE);48,65090575;7,80647278
202300009751;4;2;2023;10:30;1;67;67482;2;1;1;3;PAUL ELUARD (RUE);48,59125;7,69326
202300009752;5;2;2023;10:30;1;66;66136;2;2;1;6;;42,68721;2,901811
202300009753;5;2;2023;19:34;5;65;65440;2;6;1;2;PAU (ROND POINT DE);43,237647;0,042139
202300009754;6;2;2023;19:00;5;64;64102;2;1;1;5;Avenue du 14 Avril 1814;43,5019;-1,4574
202300009755;6;2;2023;09:45;1;64;64102;2;1;1;6;Pont Henri Grenet;43,49718;-1,48312
202300009756;5;2;2023;07:06;1;63;63113;2;1;1;6;MENAT (RUE ANTOINE);45,779;3,07603
202300009757;27;1;2023;12:15;1;62;62193;2;1;8;6;Avenue Roger Salengro;50,94477;1,82693
202300009758;5;2;2023;11:10;1;62;62108;2;1;1;2;D317;50,40832;1,59183
202300009759;6;2;2023;18:55;5;59;59616;2;9;1;6;FERDINAND DERVAUX (RUE);50,45901;3,56927
202300009760;6;2;2023;07:35;5;59;59512;2;1;1;6;LANNOY (RUE DE);50,68345;3,19234
202300009761;6;2;2023;19:05;5;59;59378;2;3;1;6;CHATEAU D'EAU CHEMIN DU;50,65513;3,102
202300009762;19;1;2023;16:20;1;59;59271;2;9;7;6;PETITE-SYNTHE - AVENUE;51,01595956;2,31440306
202300009763;5;2;2023;16:10;1;58;58194;2;1;1;1;AMIRAL JACQUINOT;46,98306;3,18322
202300009764;4;2;2023;02:40;3;57;57757;1;1;1;6;KUNTZIG (RUE DE);49,35202;6,21937
202300009765;4;2;2023;01:25;3;57;57019;1;1;2;7;USINE (RUE DE L');49,26253;6,12213
202300009766;5;2;2023;17:45;5;54;54395;2;3;2;3;ADAM  (RUE SIGISBERT);48,6998;6,1828
202300009767;4;2;2023;17:50;5;54;54526;2;2;1;6;boulevard du millénaire;48,68162;6,21587
202300009768;6;2;2023;21:44;5;54;54580;2;4;1;3;D26;49,469416;5,916561
202300009769;6;2;2023;13:50;1;51;51454;2;1;1;2;avenue de Champagne;49,23419381;4,04005587
202300009770;6;2;2023;10:40;1;51;51172;2;6;1;2;Place de la Fraternité;49,21477;4,05082
202300009771;4;2;2023;17:45;1;49;49099;2;1;1;7;FERRIE (AVENUE GUSTAVE);47,06554;-0,85371
202300009772;6;2;2023;19:45;5;45;45285;2;3;1;2;61 Rue Charles Beauhaire;47,91158;1,87765
202300009773;5;2;2023;22:24;5;45;45068;2;2;1;1;63bis Rue du Gâtinais;48,01111;2,70798
202300009774;5;2;2023;18:55;5;45;45208;2;2;1;3;134 Rue la Liberation 23 Aout 1944;47,99287751;2,71977416
202300009775;6;2;2023;08:15;1;44;44190;2;1;1;6;130 Boulevard des Pas Enchantés;47,21085;-1,49883
202300009776;6;2;2023;21:30;5;37;37261;2;1;1;2;MARECHAL JUIN (BD);47,40995;0,70328
202300009777;6;2;2023;07:48;2;37;37233;2;3;1;6;LOIRE (LEVEE DE LA);47,39698;0,70679
202300009778;6;2;2023;13:25;1;35;35051;2;1;1;6;ALLIES (BOULEVARD DES);48,13074004;-1,62101179
202300009779;5;2;2023;22:30;5;34;34032;2;1;1;6;7 Avenue Colonel d'Ornano;43,33895;3,2101
202300009780;5;2;2023;06:45;3;33;33200;2;6;1;3;Avenue de Magudas;44,85871;-0,67286
202300009781;6;2;2023;16:20;1;30;30007;2;3;8;7;MOULIN (GRAND' RUE JEAN);44,12452;4,0736
202300009782;6;2;2023;16:30;1;27;27681;2;1;1;2;CLEMENCEAU (PONT);49,09490887;1,48602963
202300009783;6;2;2023;06:10;5;25;25462;2;9;1;6;ROCADE G.POMPIDOU (DU 25 A LA FIN);46,90004;6,33593
202300009784;5;2;2023;19:20;5;25;25462;2;5;4;3;BESANCON (RUE DE);46,91837;6,34396
202300009785;3;2;2023;20:22;5;21;21540;2;1;1;6;Rue Docteur Schmitt;47,324073;5,073706
202300009786;3;2;2023;19:45;5;19;19031;2;2;1;3;ESTIENNE D'ORVES (BOULEVARD D');45,16604;1,51986
202300009787;6;2;2023;08:27;1;17;17306;2;1;1;2;ROCHEFORT (DE)  (AVENUE);45,63998;-1,02494
202300009788;6;2;2023;21:40;5;14;14118;2;1;1;6;Boulevard Henri Becquerel;49,2118;-0,358
202300009789;3;2;2023;18:05;2;30;30032;1;1;1;1;;43,79280001;4,58557159
202300009790;16;1;2023;00:15;5;30;30032;2;1;1;3;Quai de la Paix;43,8064;4,6362
202300009791;6;2;2023;19:30;5;13;13002;2;1;1;7;CANTON VERT (AVENUE DU);43,34062035;5,47308258
202300009792;6;2;2023;15:00;1;13;13201;2;3;1;3;CONSOLAT (RUE)     47 A 155;43,30065;5,38837
202300009793;6;2;2023;11:10;1;13;13002;2;6;1;3;;43,33938329;5,48415861
202300009794;6;2;2023;07:57;2;13;13213;2;1;1;3;LEPRINCE RINGUIET (rue);43,344;5,44218
202300009795;6;2;2023;17:00;1;13;13001;2;1;1;3;GAMBETTA (COURS);43,52162;5,45848
202300009796;6;2;2023;08:30;1;4;4112;2;1;8;6;;43,83358123;5,78648439
202300009797;6;2;2023;08:50;1;1;1053;2;6;1;6;PIGNIER ( rue François );46,22022;5,24465
202300009798;6;2;2023;16:10;1;75;75119;2;1;1;2;PORTE DE PANTIN;48,886514;2,397054
202300009799;6;2;2023;07:40;1;75;75116;2;1;1;2;PORTE DE SAINT CLOUD;48,835112;2,25999
202300009800;6;2;2023;08:00;1;75;75116;2;1;1;2;ECHANGEUR MUETTE;48,864239;2,266641
202300009801;7;2;2023;09:05;1;75;75120;2;3;1;6;AVENUE GAMBETTA;48,864126;2,392272
202300009802;7;2;2023;22:05;5;75;75119;2;2;1;6;AVENUE DE FLANDRE;48,88438;2,369209
202300009803;7;2;2023;22:30;5;75;75118;2;2;1;3;RUE ORDENER;48,893372;2,338261
202300009804;7;2;2023;08:35;1;75;75117;2;4;1;6;BOULEVARD PEREIRE;48,887736;2,312558
202300009805;7;2;2023;13:45;1;75;75115;2;3;1;3;RUE DE VAUGIRARD;48,842312;2,310553
202300009806;6;2;2023;14:00;1;75;75114;2;2;1;3;RUE FERRUS;48,831686;2,340878
202300009807;7;2;2023;11:10;1;75;75113;2;1;1;6;RUE PINEL;48,833693;2,360575
202300009808;7;2;2023;10:20;1;75;75112;2;1;1;6;RUE DE CHARENTON;48,837662;2,390776
202300009809;7;2;2023;15:50;1;75;75103;2;2;1;3;RUE DE TURENNE;48,858156;2,364496
202300009810;7;2;2023;18:44;5;94;94077;2;6;1;6;Place Amédée Soupault /  Avenue Sadi Carnot;48,7349;2,41773
202300009811;7;2;2023;18:40;5;94;94076;2;2;1;3;Avenue Paul Vaillant-couturier;48,79457;2,36024
202300009812;7;2;2023;10:30;1;94;94003;2;2;1;1;Rue Emile Bougard;48,810119;2,340704
202300009813;7;2;2023;08:20;1;94;94041;2;1;1;3;Avenue Maurice Thorez;48,81143;2,382939
202300009814;7;2;2023;19:30;5;94;94034;2;9;1;2;Rond-Point Roosevelt;48,757671;2,329453
202300009815;7;2;2023;14:15;1;93;93066;2;9;1;6;Rue du Pont Saint-Lazare;48,944632;2,34838
202300009816;7;2;2023;10:30;1;93;93039;2;1;1;6;29 Quai de Seine;48,940672;2,338696
202300009817;7;2;2023;08:20;1;93;93048;2;9;1;3;13 Avenue Jean Moulin;48,858678;2,449008
202300009818;7;2;2023;13:10;1;93;93046;2;1;1;3;Boulevard Robert Schuman;48,92736;2,54753
202300009819;7;2;2023;09:30;1;93;93010;2;2;1;3;Avenue Galliéni / Route d'Aulnay;48,906032;2,480382
202300009820;7;2;2023;22:15;5;92;92063;2;9;1;3;JONCHERE (CHEMIN DE LA);48,86817316;2,15723366
202300009821;7;2;2023;17:00;1;92;92062;2;1;1;6;GENERAL DE GAULLE (AV) DU 63 AU 107;48,88749;2,23324
202300009822;6;2;2023;10:21;1;92;92049;2;1;1;3;MARNE AVENUE DE LA;48,81452605;2,30564699
202300009823;7;2;2023;18:20;5;92;92026;2;1;1;4;JEAN-PIERRE TIMBAUD;48,89837;2,25286
202300009824;7;2;2023;16:00;1;92;92024;2;1;1;3;JEAN JAURES (BD) DE (1 A 45)   (2 A 54);48,898637;2,307394
202300009825;7;2;2023;08:30;1;92;92014;2;3;1;3;LYCEE LAKANAL (AVENUE DU);48,77702;2,31018
202300009826;8;2;2023;11:15;1;8;8362;2;1;1;6;28 Rue Pierre Curie;49,50973;4,364853
202300009827;7;2;2023;12:55;1;95;95313;2;1;1;3;RD 64;49,1120013;2,21980065
202300009828;7;2;2023;18:20;3;95;95313;2;1;1;6;Avenue du Chemin Vert;49,11918949;2,22598135
202300009829;8;2;2023;12:20;1;62;62852;2;8;1;3;D219;50,96039629;2,046634
202300009830;8;2;2023;07:24;2;11;11172;1;3;1;3;;43,266113;2,735628
202300009831;8;2;2023;12:35;1;29;29020;1;1;7;2;Impasse de Kerhoantien;48,1323725;-4,02506687
202300009832;29;4;2023;20:30;1;95;95582;1;1;1;1;D170;48,964095;2,267892
202300009833;28;4;2023;23:20;3;95;95151;1;1;1;6;N104;49,06442;2,26269
202300009834;29;4;2023;17:45;1;94;94042;1;1;1;2;A4;48,82728643;2,46925563
202300009835;28;4;2023;13:20;1;94;94017;1;1;1;3;A4;48,82678408;2,51416833
202300009836;29;4;2023;18:50;5;988;98818;2;3;1;6;Rue du 18 JUIN/Rue des TOURS;-22,2704;166,46408
202300009837;29;4;2023;19:50;5;976;97611;2;1;1;3;vahibe-Departementale 3 ( route );-12,78981;45,17889
202300009838;11;4;2023;07:30;1;973;97302;2;2;1;3;EBOUE (ROCADE FELIX);4,92957207;-52,31509227
202300009839;29;4;2023;00:30;5;69;69266;2;9;2;3;Quai Charles de Gaulle;45,78567;4,86228
202300009840;28;4;2023;04:00;3;972;97209;1;1;1;6;Bretelle sortie A1;14,61838;-61,03637
202300009841;25;4;2023;19:40;2;972;97209;2;1;3;2;RD 41 (ROCADE);14,61283;-61,07055
202300009842;29;4;2023;09:50;1;69;69385;2;1;8;7;29 Montée de Choulans;45,7525;4,82051
202300009843;29;4;2023;22:24;3;2B;2B120;1;1;1;3;11 - RT;42,636;9,438
202300009844;29;4;2023;00:05;5;95;95268;2;1;1;6;D84;48,965078;2,407309
202300009845;29;4;2023;14:50;1;91;91657;2;1;8;6;AV HENRI BARBUSSE;48,7051;2,43739
202300009846;29;4;2023;01:15;3;85;85194;2;9;1;2;28 Avenue charles de gaulle;46,50554;-1,77182
202300009847;29;4;2023;10:20;1;83;83098;2;1;1;3;LE LEAP (AVENUE ALAIN);43,11019;6,021243
202300009848;29;4;2023;15:29;1;83;83129;2;1;1;2;KENNEDY (AVENUE J.)N°PAIRS 2A2560;43,1076;5,81933
202300009849;29;4;2023;04:40;5;83;83069;1;1;1;6;ALMANARRE (ROUTE DE L');43,08492;6,12872
202300009850;29;4;2023;09:10;1;77;77122;2;6;1;3;RUE DE VARENNES;48,665846;2,551929
202300009851;29;4;2023;23:45;4;76;76108;2;3;1;1;Route de Neufchâtel;49,4641;1,11404
202300009852;29;4;2023;19:00;1;76;76540;2;1;1;4;Quai du Havre;49,4403;1,08408
202300009853;29;4;2023;18:15;1;76;76540;2;1;1;3;Rue des Faulx;49,44173;1,10095
202300009854;29;4;2023;10:40;1;76;76540;2;1;1;3;Quai de Boisguilbert;49,443154;1,074878
202300009855;29;4;2023;13:40;1;72;72003;2;6;1;6;19 MARS 1962 (AV);47,96396;0,16318
202300009856;29;4;2023;21:25;5;71;71076;2;3;1;3;KENNEDY (AVENUE JOHN FITZGERALD);46,79649;4,86276
202300009857;29;4;2023;12:52;1;64;64129;2;9;2;2;BAYONNE DE;43,30161266;-0,39534688
202300009858;29;4;2023;11:27;1;64;64024;2;1;2;3;ADOUR (AVENUE DE L');43,51193;-1,50026
202300009859;29;4;2023;19:15;1;61;61001;2;2;1;2;Avenue de Quakenbrück;48,438389;0,102616
202300009860;29;4;2023;07:10;1;59;59512;2;1;8;6;NATIONS UNIES (AVENUE DES);50,694438;3,172882
202300009861;29;4;2023;21:45;5;59;59350;2;3;1;3;FERRER FRANCISCO RUE;50,62953324;3,09100986
202300009862;29;4;2023;03:50;5;59;59350;2;2;1;3;ROYALE RUE;50,64291;3,0558
202300009863;29;4;2023;16:08;1;57;57660;2;1;8;6;SAINT FRANCOIS (RUE);49,20114;6,9283
202300009864;29;4;2023;17:20;1;51;51454;2;1;1;3;rue des Thiolettes;49,25044;4,05512
202300009865;29;4;2023;16:18;1;49;49007;2;2;1;3;STRASBOURG BOULEVARD;47,4571;-0,55407
202300009866;28;4;2023;19:00;1;46;46042;2;1;1;1;BEYNE (AVENUE DE LA) N°PAIR;44,42959;1,44213
202300009867;29;4;2023;04:10;5;38;38185;2;2;2;3;EDMOND ESMONIN (AVENUE);45,15946297;5,72414745
202300009868;29;4;2023;04:15;5;37;37261;2;9;1;6;GRAMMONT (AVENUE DE);47,38648;0,69026
202300009869;29;4;2023;12:30;1;33;33281;2;1;1;3;Rue Rouget de Lisle;44,84508;-0,68737
202300009870;29;4;2023;13:45;1;33;33063;2;2;2;2;Boulevard Antoine Gautier;44,83663638;-0,59887826