Num_Acc;jour;mois;an;hrmn;lum;dep;com;agg;int;atm;col;adr;lat;long
202300009871;28;4;2023;16:00;1;33;33119;2;1;1;3;Boulevard Joliot-Curie;44,85081;-0,53782
202300009872;28;4;2023;19:35;1;33;33009;2;1;1;6;TARTAS (CRS) DU 02 AU 92;44,66024;-1,16927
202300009873;28;3;2023;18:05;1;29;29232;2;6;1;3;Rond-Point Philippe Lebon;47,99463;-4,0731
202300009874;28;4;2023;07:30;2;29;29019;2;6;1;2;Place des Formes;48,386152;-4,475191
202300009875;29;4;2023;21:40;3;28;28085;2;1;1;6;MERMOZ (RUE JEAN);48,45153;1,51521
202300009876;29;4;2023;18:00;1;26;26198;1;1;1;7;Rue Marceau Bres;44,54938;4,71379
202300009877;29;4;2023;05:40;5;25;25056;2;6;1;2;CHURCHILL BD WINSTON;47,246333;5,997974
202300009878;28;4;2023;17:13;1;10;10387;2;3;1;3;DAMPIERRE (QUAI);48,30316;4,07571
202300009879;29;4;2023;13:10;1;3;3190;2;6;1;3;Pont Régemortes;46,56254;3,32507
202300009880;28;4;2023;18:30;1;3;3101;2;2;7;3;Rue du Chat-Huant;46,37061;2,56788
202300009881;29;4;2023;08:05;1;75;75112;2;1;1;2;PORTE DOREE;48,833569;2,408341
202300009882;29;4;2023;18:30;1;75;75118;2;3;1;3;PLACE DE LA CHAPELLE;48,884787;2,359249
202300009883;29;4;2023;16:30;1;75;75117;2;1;1;3;BOULEVARD DU FORT DE VAUX;48,893115;2,302399
202300009884;29;4;2023;14:20;1;75;75116;2;1;1;2;AVENUE DE NEW YORK;48,860204;2,290907
202300009885;29;4;2023;10:30;1;75;75115;2;4;1;3;QUAI D ISSY LES MOULINEAUX;48,835403;2,266885
202300009886;29;4;2023;16:45;1;75;75104;2;2;1;6;RUE SAINT MARTIN;48,858069;2,349685
202300009887;29;4;2023;11:50;1;75;75102;2;2;1;6;BOULEVARD SAINT DENIS;48,869327;2,354265
202300009888;28;4;2023;17:55;1;75;75112;2;2;1;3;Avenue de Paris;48,84457231;2,43877172
202300009889;29;4;2023;12:10;1;94;94068;2;2;1;3;Avenue Gambetta;48,79800638;2,49129742
202300009890;29;4;2023;08:40;1;94;94002;2;1;2;6;40 Quai Blanqui;48,80466;2,41149
202300009891;28;4;2023;21:40;5;94;94002;2;6;1;2;Place d’Ochagan;48,78706;2,42287
202300009892;29;4;2023;05:00;3;93;93073;2;1;1;2;Aeroport Charles de Gaulle;48,99478616;2,54284859
202300009893;29;4;2023;19:50;1;93;93048;2;2;1;3;Bd Paul Vaillant Couturier / Rue des Epernons;48,86806483;2,44662416
202300009894;29;4;2023;19:10;1;93;93031;2;1;1;4;Avenue de Lattre de Tassigny;48,955353;2,312221
202300009895;28;4;2023;18:30;1;93;93047;2;3;1;3;Avenue Jean Jaurés / Avenue des Rosiers;48,89865;2,54887
202300009896;29;4;2023;21:00;2;93;93005;2;1;1;6;Rue du Préfet Chaleil;48,9398718;2,5060564
202300009897;29;4;2023;20:00;1;93;93001;2;1;1;1;Quai Adrien Agnès;48,918795;2,369055
202300009898;29;4;2023;18:50;1;92;92063;2;1;1;2;DIX-HUIT JUIN 1940 (AVENUE DU) EST;48,867909;2,194344
202300009899;29;4;2023;17:30;1;92;92051;2;9;1;3;GENERAL KOENIG (BOULEVARD DU);48,88489;2,25507
202300009900;1;5;2023;15:25;1;60;60223;2;1;1;6;Rue de la Ganterie;49,42754581;2,63555199
202300009901;29;4;2023;14:40;1;45;45334;1;1;8;7;D88 PR 9 + 590;47,873051;2,438096
202300009902;30;4;2023;16:50;1;6;6044;2;6;2;4;Boulevard Pierre Sauvaigo;43,6837;7,11509
202300009903;23;4;2023;19:20;2;28;28021;1;3;2;3;D921;48,353267;1,308615
202300009904;1;5;2023;02:30;3;972;97221;1;1;1;1;RN5;14,526697;-60,982275
202300009905;1;5;2023;02:08;5;974;97413;1;1;1;1;4 rue rolland garros;-21,150555;55,302558
202300009906;30;4;2023;16:30;1;19;19148;1;1;1;6;vent-bas, neuvic;45,31125;2,293568
202300009907;29;4;2023;20:30;2;59;59135;1;1;1;7;Route d'Oudezeele;50,81524511;2,49839187
202300009908;29;4;2023;11:30;1;76;76208;1;1;1;3;Route du Mont Louvet;49,50661;1,668688
202300009909;30;4;2023;05:30;3;76;76067;2;1;1;7;Route du Camp Caillot;49,484841;1,617157
202300009910;29;4;2023;17:10;1;63;63234;1;1;1;6;RD 978 PK21+200;45,56402592;3,06059341
202300009911;30;4;2023;16:30;1;49;49125;2;2;1;1;D69 - Intersection Boulevard Dr Lionet, Rue d'Argenton et Boulevard Jacques Savary;47,187456;-0,279478
202300009912;28;4;2023;15:30;1;12;12171;1;1;1;7;D901 ;44,506254;2,430575
202300009913;29;4;2023;23:00;3;46;46183;1;1;3;7;montredon;44,54846;1,800385
202300009914;1;5;2023;00:10;3;47;47195;1;1;1;5;PR 9+210, RD 930;44,09178289;0,36100287
202300009915;30;4;2023;11:11;1;86;86290;2;3;1;3;Route de Gizay;46,456656;0,37476
202300009916;30;4;2023;11:28;1;68;68302;1;1;1;3;D83;47,745052;7,150791
202300009917;1;5;2023;07:20;1;2;2447;1;1;1;7;D6;49,307861;3,455672
202300009918;30;4;2023;15:15;1;2;2280;1;1;1;6;N/A;49,100988;3,452239
202300009919;30;4;2023;18:10;1;1;1236;1;1;1;6;Route de Bâgé;46,328795;5,060974
202300009920;1;5;2023;15:00;1;58;58210;1;1;1;7;Ruisseau Morin;47,128885;4,046504
202300009921;30;4;2023;17:30;1;66;66146;1;1;5;2;N/A;42,555735;1,744423
202300009922;30;4;2023;16:10;1;72;72080;1;9;1;1;Route du mans, RD323;48,153978;0,631258
202300009923;29;4;2023;18:55;1;50;50579;2;1;1;7;D62 route de Valognes;49,52572;-1,589536
202300009924;30;4;2023;17:20;1;43;43113;2;3;1;6;57-59 Rue du Puy;45,003884;3,999166
202300009925;30;4;2023;16:30;1;16;16347;2;1;1;1;D2;45,267294;0,168282
202300009926;1;5;2023;08:30;1;24;24443;1;1;1;7;1445 Route des Lacets;45,021885;1,091219
202300009927;1;5;2023;10:57;1;85;85020;2;1;1;3;RD148;46,37308;-0,58383
202300009928;30;4;2023;20:05;2;37;37257;1;1;1;1;La Pinardiere;47,242608;0,582334
202300009929;30;4;2023;17:05;1;8;8311;1;1;1;1;D 19;49,608961;5,109753
202300009930;29;4;2023;17:50;2;987;98745;1;1;1;3;PK 8+800 à TAPUAMU;-16,62;-151,496
202300009931;30;4;2023;20:48;2;37;37072;1;2;1;2;les Pussinières;47,18658209;0,22459745
202300009932;30;4;2023;18:45;1;77;77455;1;1;1;7;D619;48,63479;2,736858
202300009933;1;5;2023;12:35;1;83;83127;1;1;1;7;D402;43,24975312;5,80656228
202300009934;1;5;2023;11:30;1;83;83030;1;2;1;5;RD43 intersection D12;43,363293;6,093915
202300009935;30;4;2023;23:30;3;67;67345;1;1;1;7;Rue des Champs;48,773222;7,874644
202300009936;1;5;2023;10:55;1;88;88196;1;1;1;7;Départementale 486 PK 029.695;48,030884;6,868837
202300009937;1;5;2023;15:50;1;38;38467;1;4;1;1;Route du Bugey;45,673083;5,359869
202300009938;30;4;2023;20:10;2;7;7245;1;1;1;6;RD86;45,092156;4,81876
202300009939;19;4;2023;21:00;5;69;69157;1;6;1;3;Route Nationale 7;45,879108;4,475089
202300009940;1;5;2023;12:50;1;33;33207;2;1;1;6;268 Avenue d'Uchamp;44,905988;-0,360695
202300009941;30;4;2023;23:45;5;76;76533;1;9;1;7;parc logistique du pont de normandie;49,476058;0,260367
202300009942;30;4;2023;19:40;1;80;80176;1;2;1;3;D1017;49,702238;2,808487
202300009943;30;4;2023;20:00;1;80;80561;1;1;1;7;822 Rue Pasteur Prolongee;49,654332;2,597832
202300009944;30;4;2023;17:45;1;62;62693;1;1;1;6;D72;50,444516;2,561952
202300009945;29;4;2023;17:09;1;13;13071;1;1;1;3;A7-Sens Marseille vers Lyon;43,40572;5,29322
202300009946;29;4;2023;06:00;2;13;13211;1;1;1;6;N/A;43,29046;5,44828
202300009947;28;4;2023;02:20;3;13;13005;1;1;1;7;A50-Sens Marseille vers Aubagne;43,28858;5,56053
202300009948;28;4;2023;10:45;1;13;13022;1;1;1;6;A50-Sens Aubagne vers Toulon;43,232189;5,586662
202300009949;28;4;2023;22:10;5;83;83137;1;1;1;5;A50;43,125395;5,899183
202300009950;26;4;2023;22:00;3;91;91659;1;1;1;2;AUTOROUTE A6;48,58137;2,45951
202300009951;29;4;2023;13:58;1;92;92036;1;1;1;2;A86;48,93554103;2,28513973
202300009952;29;4;2023;01:52;3;78;78466;1;1;1;6;A13;48,92435;2
202300009953;28;4;2023;22:33;5;92;92064;1;1;1;6;A13;48,83978493;2,20977193
202300009954;28;4;2023;20:30;1;93;93007;1;1;1;4;AUTOROUTE A3;48,93338;2,48078
202300009955;29;4;2023;04:20;3;92;92036;1;1;1;1;AUTOROUTE A15;48,94920532;2,28069842
202300009956;28;4;2023;12:10;1;93;93027;1;1;1;3;AUTOROUTE A86;48,9259159;2,39833117
202300009957;28;4;2023;08:30;1;93;93029;1;1;2;3;AUTOROUTE A86;48,92634273;2,42216545
202300009958;27;4;2023;10:56;1;973;97302;2;1;2;3;CABASSOU (ROUTE DE);4,91758345;-52,31308195
202300009959;27;4;2023;08:01;1;973;97302;2;1;1;3;BADUEL (ROUTE DE);4,92872;-52,29798
202300009960;28;4;2023;19:00;1;69;69382;2;3;2;3;27 Quai Tilsitt;45,75506;4,82588
202300009961;28;4;2023;17:40;1;69;69381;2;3;1;3;Boulevard de la Croix-Rousse;45,7723;4,81907
202300009962;28;4;2023;12:25;1;69;69385;2;2;1;3;Pont Kitchener-Marchand;45,75175289;4,82148937
202300009963;28;4;2023;10:15;1;69;69385;2;1;1;2;143 Avenue Barthélémy Buyer;45,76362608;4,79811802
202300009964;4;6;2023;18:45;1;54;54300;2;1;1;6;Rue Raoul Cézard;48,64972203;6,23847887
202300009965;4;6;2023;19:27;2;54;54575;1;1;1;6;D26b;49,4768;5,85592
202300009966;28;4;2023;04:30;5;69;69382;2;2;1;3;Rue de la Bourse;45,76499;4,83688
202300009967;4;6;2023;17:05;1;53;53130;2;1;7;6;11 NOVEMBRE ( PLACE DU );48,071105;-0,773318
202300009968;26;4;2023;18:08;1;69;69034;2;5;1;3;Grande rue de Saint Clair;45,79104803;4,8600472
202300009969;4;6;2023;20:00;1;44;44109;2;1;1;3;12 Boulevard Emile Gabory;47,196625;-1,531222
202300009970;28;4;2023;22:02;5;2B;2B037;2;1;1;6;TOUTES RUES;42,61906;9,43697
202300009971;4;6;2023;13:00;1;44;44109;2;1;1;1;22 Rue Paul Bellamy;47,22199;-1,55633
202300009972;28;4;2023;20:45;2;95;95476;1;9;1;6;D915;49,06994601;2,08295579
202300009973;3;6;2023;16:26;1;42;42053;1;1;1;6;Route de Sainte Croix;45,50749;4,62951
202300009974;28;4;2023;05:15;3;95;95218;2;2;2;3;N184;49,0183652;2,09600687
202300009975;2;6;2023;08:00;1;42;42207;2;2;1;3;Chemin de Grange Badet;45,45847;4,502139
202300009976;3;6;2023;14:30;1;38;38053;2;3;1;3;BARBUSSE;45,59077;5,27207
202300009977;28;4;2023;10:54;1;87;87085;2;3;1;2;RUBEN (AVENUE ERNEST);45,82135;1,25158
202300009978;4;6;2023;15:45;1;35;35051;1;9;1;2;BEAULIEU (PORTE DE);48,10129005;-1,61023468
202300009979;27;4;2023;17:27;1;87;87065;2;6;1;3;PLAISANCE ( rond point de );45,8183;1,29539
202300009980;4;6;2023;03:45;5;35;35238;2;1;1;6;GUILLOUX (LOUIS);48,11065;-1,69997
202300009981;27;4;2023;14:26;1;87;87050;1;3;1;3;POITIERS (RUE DE);45,89753;1,22866
202300009982;4;6;2023;11:30;1;30;30028;2;2;1;3;Route de Saint-Gervais;44,1782;4,6143
202300009983;28;4;2023;08:10;1;83;83137;2;3;1;1;CLOVIS (AVE HUGUES);43,13894486;5,90443897
202300009984;3;6;2023;06:50;1;29;29232;2;1;1;6;Rue President Sadate;47,97765;-4,09777
202300009985;21;4;2023;18:55;1;80;80021;2;9;1;6;PAIX (AVENUE DE LA);49,91164;2,30868
202300009986;4;6;2023;05:45;2;29;29019;2;1;1;6;rue de Maissin;48,38633;-4,503
202300009987;4;6;2023;10:00;1;28;28134;1;1;1;2;RN 12 (CITE AMERICAINE);48,74618;1,37952
202300009988;28;4;2023;18:05;1;72;72181;2;1;1;6;CHAMPFLEURY (CHEMIN DE);48,0239;0,14403
202300009989;3;6;2023;20:00;1;25;25056;2;6;1;3;rue boissy d'anglas;47,243893;6,052573
202300009990;28;4;2023;18:15;1;69;69275;2;2;1;3;Avenue Jean Jaurès;45,77077;4,9825
202300009991;28;4;2023;13:00;1;69;69266;2;2;1;1;Rue de la Doua;45,77664;4,87415
202300009992;2;6;2023;17:30;1;15;15014;2;3;1;3;FIRMINY (RUE DE);44,91564;2,43192
202300009993;4;6;2023;18:40;1;13;13208;2;1;2;7;pointe rouge (ave);43,24813465;5,37497163
202300009994;26;4;2023;21:12;5;68;68066;2;2;1;2;Route de Sélestat;48,08479;7,36191
202300009995;26;4;2023;19:35;1;66;66136;2;2;1;1;N/A;42,6932;2,9038
202300009996;4;6;2023;16:30;1;13;13209;2;6;1;1;LÉON LACHAMP (ROUTE);43,24496;5,42791
202300009997;28;4;2023;12:22;1;65;65047;2;2;1;3;Avenue Jean Jaurès;43,255406;0,10037
202300009998;4;6;2023;11:10;1;6;6029;2;1;1;3;HIBERT (BOULEVARD JEAN);43,54809;7,01251
202300009999;28;4;2023;12:10;1;64;64445;1;9;1;4;EUROPE DE L';43,321161;-0,311534
202300010000;27;4;2023;19:54;1;63;63113;2;2;1;2;Oradou / Médicis;45,76953;3,1121
202300010001;4;6;2023;15:50;1;75;75118;2;1;1;3;PORTE DE SAINT OUEN;48,900701;2,334452
202300010002;27;4;2023;21:25;3;56;56083;2;6;2;7;LIBERATION ( AV. DE LA );47,80441;-3,27325
202300010003;27;4;2023;16:50;1;54;54395;2;2;1;6;LOBAU (BOULEVARD);48,679622;6,198697
202300010004;4;6;2023;13:30;1;75;75116;2;1;1;2;PORTE DE PASSY;48,853921;2,253668
202300010005;26;4;2023;10:06;1;51;51108;2;5;1;3;METZ (AVE DE);48,95923;4,38372
202300010006;4;6;2023;12:04;1;75;75120;2;2;1;3;RUE DES PYRENEES;48,852707;2,406128
202300010007;28;4;2023;10:25;1;49;49099;2;6;1;3;D160;47,05813;-0,85646
202300010008;27;4;2023;17:11;1;49;49007;2;9;2;7;DAVIERS BOULEVARD;47,47858;-0,55621
202300010009;4;6;2023;05:55;4;75;75120;2;2;1;3;RUE DE BAGNOLET;48,859149;2,402129
202300010010;27;4;2023;13:51;1;49;49015;2;1;2;1;COPERNIC RUE;47,51628;-0,61165
202300010011;4;6;2023;20:10;1;75;75118;2;2;1;3;RUE BOUCRY;48,894062;2,361758
202300010012;27;4;2023;14:03;1;49;49007;2;2;1;3;COPERNIC;47,48287;-0,52237
202300010013;28;4;2023;22:19;5;45;45234;2;1;1;3;Avenue Roger Secrétain;47,87219;1,91259
202300010014;3;6;2023;18:17;1;75;75117;2;3;1;3;AVENUE DE VILLIERS;48,885154;2,295659
202300010015;4;6;2023;12:35;1;75;75114;2;1;1;6;BOULEVARD BRUNE;48,824644;2,319529
202300010016;28;4;2023;20:10;1;44;44162;2;1;1;3;57 Boulevard du Massacre;47,2335;-1,59
202300010017;28;4;2023;13:45;1;38;38151;2;1;1;6;AVENUE PAUL VAILLANT-COUTURIER;45,14896;5,70265
202300010018;4;6;2023;20:30;2;75;75112;2;2;7;3;BOULEVARD PONIATOWSKI;48,831825;2,39767
202300010019;4;6;2023;06:30;1;75;75103;2;7;1;2;PLACE DE LA REPUBLIQUE;48,867955;2,36239
202300010020;27;4;2023;08:10;1;38;38421;2;3;7;3;RUE HENRI WALLON;45,17284;5,75864
202300010021;4;6;2023;06:20;2;75;75111;2;1;1;6;BOULEVARD DE BELLEVILLE;48,870021;2,379098
202300010022;28;4;2023;18:30;1;37;37261;2;1;1;6;VAILLANT (RUE EDOUARD);47,38025;0,70814
202300010023;4;6;2023;01:00;5;75;75108;2;2;1;3;RUE DE MIROMESNIL;48,876544;2,31568
202300010024;28;4;2023;18:25;1;37;37261;2;6;1;3;POMPIDOU (AVENUE GEORGES);47,39484;0,70463
202300010025;28;4;2023;14:05;1;33;33063;2;2;1;6;Cours de l'Yser;44,82977479;-0,568057
202300010026;3;6;2023;16:30;1;75;75116;2;2;1;3;AVENUE DU MAHATMA GANDHI;48,875844;2,262196
202300010027;22;3;2023;13:40;1;30;30189;2;2;1;1;avenue kenndy;43,82618;4,332368
202300010028;27;4;2023;17:50;1;29;29019;2;3;2;2;rue de Kervao;48,42217949;-4,50025499
202300010029;4;6;2023;18:40;1;94;94074;2;1;1;6;Avenue Julien Duranton;48,760877;2,449482
202300010030;28;4;2023;15:20;1;28;28134;1;1;1;2;RN 12 (LES CHATELETS);48,7447;1,39165
202300010031;4;6;2023;14:00;1;94;94078;2;3;7;3;Avenue du 8 Mai 1945;48,72761782;2,44548033
202300010032;27;4;2023;18:00;1;27;27681;2;1;2;3;BONNARD (RUE PIERRE);49,1013;1,48597
202300010033;28;4;2023;18:20;1;25;25580;2;1;1;6;GEROME (ALLEE JEAN-LEON);47,478545;6,829444
202300010034;4;6;2023;09:15;1;94;94081;2;3;1;3;Avenue de la République;48,80242;2,39725
202300010035;28;4;2023;01:30;5;25;25056;2;1;9;6;MALCOMBE  CHEMIN DE LA;47,22446;5,98344
202300010036;3;4;2023;23:33;5;94;94077;2;9;1;6;D136;48,730822;2,425458
202300010037;28;4;2023;10:35;1;13;13103;2;9;1;6;BOULEVARD JOLY - VICTOR;43,63839616;5,09529997
202300010038;4;6;2023;00:40;5;94;94073;2;1;1;6;Avenue du Luxembourg;48,756482;2,374005
202300010039;27;4;2023;19:58;1;10;10333;2;1;1;6;CROIX BLANCHE (RUE DE LA );48,27769;4,0544
202300010040;28;4;2023;14:00;1;7;7281;1;1;1;7;C.D.533;44,93862;4,8309
202300010041;4;6;2023;12:40;1;94;94019;2;1;1;4;40 Rue de Sucy;48,78771096;2,52068156
202300010042;28;4;2023;12:00;1;7;7102;2;1;1;7;Chemin des MULETS;44,93876;4,85839
202300010043;28;4;2023;03:20;5;6;6069;2;9;1;6;BAUDOIN (AVENUE YVES EMMAUEL)  -D2085-;43,65777;6,91879
202300010044;4;6;2023;03:00;5;93;93073;2;1;1;6;Onzieme Avenue;48,96540053;2,57298276
202300010045;27;4;2023;23:30;5;75;75116;2;1;2;2;BD PERIPHERIQUE INTERIEUR;48,873578;2,275295
202300010046;27;4;2023;16:55;1;75;75114;2;1;1;2;BD PERIPHERIQUE INTERIEUR;48,819228;2,329614
202300010047;4;6;2023;15:30;1;93;93072;2;1;1;3;Avenue Gaston Monmousseau;48,94889777;2,39011497
202300010048;27;4;2023;08:20;1;75;75118;2;1;1;3;BD PERIPHERIQUE EXTERIEUR PORTE DE CLIGNANCOURT;48,901194;2,350747
202300010049;26;4;2023;13:20;1;75;75116;2;1;1;5;PORTE MAILLOT;48,869784;2,271684
202300010050;3;6;2023;23:15;5;93;93064;2;1;1;2;Avenue de la République;48,86824977;2,48504812
202300010051;26;4;2023;23:20;5;75;75120;2;1;1;4;PORTE DE BAGNOLET;48,851873;2,414958
202300010052;28;4;2023;00:05;5;75;75119;2;9;2;7;PLACE SKANDERBEG;48,901223;2,370703
202300010053;3;6;2023;23:45;5;93;93055;2;3;1;3;Avenue Jean Lolive / Rue Lépine;48,89445;2,41976
202300010054;28;4;2023;09:30;1;75;75117;2;1;1;7;BOULEVARD DE DOUAUMONT;48,895368;2,307319
202300010055;28;4;2023;02:20;5;75;75116;2;1;3;7;AVENUE DE VERSAILLES;48,843235;2,269542
202300010056;4;6;2023;18:40;1;93;93053;2;4;7;1;Rue de la Chasse / Boulevard Gabriel Péri;48,88007;2,46079
202300010057;26;4;2023;23:50;5;75;75116;2;2;8;6;AVENUE DES NATIONS UNIES;48,860838;2,291329
202300010058;4;6;2023;17:45;1;93;93051;2;3;1;3;Quai de la Rive Charmante / Rue Suzanne;48,85384;2,54485
202300010059;27;4;2023;21:10;5;75;75114;2;7;2;3;PLACE DENFERT ROCHEREAU;48,833696;2,331799
202300010060;28;4;2023;16:00;1;75;75113;2;3;1;3;PONT D AUSTERLITZ;48,84442397;2,36503243
202300010061;4;6;2023;14:30;1;93;93051;2;2;1;3;Avenue du Marechal Joffre / Rue de la République;48,84663;2,5564
202300010062;28;4;2023;14:40;1;75;75112;2;1;1;5;BOULEVARD DE PICPUS;48,842108;2,401365
202300010063;28;4;2023;12:05;1;75;75111;2;2;1;3;AVENUE DE LA REPUBLIQUE;48,866166;2,369632
202300010064;27;4;2023;23:20;5;75;75110;2;2;2;3;RUE D ENGHIEN;48,872118;2,35004
202300010065;4;6;2023;18:50;1;93;93050;2;2;1;6;Rue d'Avron / Rue des Glycines;48,85918124;2,52420041
202300010066;28;4;2023;02:55;5;75;75116;2;3;3;2;BOULEVARD DE BEAUSEJOUR;48,856615;2,266321
202300010067;4;6;2023;22:00;2;93;93046;2;1;1;3;Boulevard de l'Europe;48,92818913;2,55199513
202300010068;4;6;2023;20:30;1;93;93029;2;1;1;3;Avenue Henri Barbusse;48,91558535;2,44241148
202300010069;4;6;2023;18:30;1;93;93057;2;1;1;4;Avenue Aristide Briand;48,91000623;2,50878553
202300010070;4;6;2023;21:00;1;93;93007;2;1;1;2;Avenue du Marechal Foch;48,92775;2,46653
202300010071;22;11;2023;08:50;1;75;75120;2;1;1;2;BD PERIPHERIQUE INTERIEUR PORTE DE MONTREUIL;48,855447;2,413826
202300010072;4;6;2023;16:19;1;92;92050;2;9;1;2;USINE ELECTRIQUE CHEMIN D'ACCES;48,90755226;2,21192658
202300010073;21;11;2023;21:00;5;75;75112;2;1;1;5;PORTE DOREE;48,834102;2,40929
202300010074;3;6;2023;12:20;1;59;59594;2;1;1;2;Rue Alphonse Dussart;50,493633;3,447545
202300010075;21;11;2023;19:20;5;75;75112;2;1;8;2;PORTE DE VINCENNES;48,846538;2,414356
202300010076;3;6;2023;15:25;1;39;39085;1;1;8;7;N/A;46,733566;6,10636
202300010077;23;11;2023;16:55;2;75;75119;2;2;1;2;RUE DE MEAUX;48,882815;2,375692
202300010078;3;6;2023;15:15;1;35;35328;1;1;1;3;METAIRIE NEUVE;47,783744;-2,071287
202300010079;23;11;2023;10:00;1;75;75119;2;5;2;2;PLACE DE LA BATAILLE DE STALINGRAD;48,882806;2,370305
202300010080;30;5;2023;14:30;1;50;50493;2;4;1;7;route du village pestour;48,798203;-1,478251
202300010081;23;11;2023;16:03;1;75;75117;2;3;8;3;BOULEVARD PEREIRE;48,8863;2,300582
202300010082;4;6;2023;23:00;3;37;37123;1;1;1;6;L'Aurore;47,36655002;0,37259102
202300010083;23;11;2023;10:20;1;75;75117;2;1;8;2;RUE JOUFFROY D ABBANS;48,882336;2,302088
202300010084;3;6;2023;17:00;1;86;86153;2;1;1;7;Route de Poitiers;46,406333;0,694668
202300010085;22;11;2023;16:55;2;75;75116;2;1;1;3;AVENUE FOCH;48,872619;2,279397
202300010086;4;6;2023;07:30;1;2A;2A211;1;1;1;6;T40;41,764934;8,950821
202300010087;23;11;2023;22:00;5;75;75115;2;1;1;6;VILLA SAINT CHARLES;48,845844;2,283688
202300010088;22;11;2023;11:30;1;75;75115;2;1;1;3;QUAI BRANLY;48,855888;2,289786
202300010089;3;6;2023;17:10;1;38;38336;1;3;1;3;D4G;45,492623;4,828566
202300010090;22;11;2023;19:30;2;75;75115;2;5;1;6;BOULEVARD DU MONTPARNASSE;48,845075;2,320046
202300010091;22;11;2023;19:00;2;75;75115;2;1;1;7;VILLA THORETON;48,838233;2,283693
202300010092;5;6;2023;13:20;1;86;86128;2;2;1;3;Rue du Stade;46,81863;0,331757
202300010093;23;11;2023;13:50;1;75;75114;2;2;1;5;BOULEVARD BRUNE;48,823681;2,323172
202300010094;23;11;2023;17:35;5;75;75111;2;1;8;6;RUE DES TAILLANDIERS;48,853669;2,375565
202300010095;4;6;2023;18:45;1;66;66190;1;1;1;5;;42,86007;2,966223
202300010096;23;11;2023;15:35;1;75;75111;2;1;1;3;RUE DU FAUBOURG SAINT ANTOINE;48,852825;2,371052
202300010097;3;6;2023;14:35;1;66;66144;1;1;1;3;;42,643918;2,861145
202300010098;23;11;2023;06:40;5;75;75111;2;3;1;3;AVENUE PARMENTIER;48,868618;2,372085
202300010099;23;11;2023;20:00;5;75;75108;2;3;1;6;AVENUE DES CHAMPS ELYSEES;48,867089;2,31604
202300010100;4;6;2023;11:55;1;52;52114;1;2;1;3;D65;47,98106;4,893873
202300010101;23;11;2023;09:40;1;75;75108;2;2;2;3;RUE MARBEUF;48,867234;2,301927
202300010102;4;6;2023;19:40;1;95;95052;1;1;7;1;D922;49,146749;2,299506
202300010103;22;11;2023;13:30;1;94;94028;2;2;1;3;Rue Emmanuel Chabrier;48,7778;2,46259
202300010104;30;12;2023;04:00;3;13;13206;2;1;1;2;BRETEUIL (RUE);43,28634;5,37743
202300010105;22;11;2023;09:35;1;94;94028;2;1;1;3;Avenue François Mitterrand;48,76959;2,46441
202300010106;29;12;2023;23:30;3;13;13047;1;4;1;1;LAVALDUC CHEMIN DE;43,47461;4,97766
202300010107;5;6;2023;09:03;1;57;57469;1;1;1;6;D38;48,856887;6,959141
202300010108;22;11;2023;22:30;5;94;94022;2;9;1;3;Avenue Léon Gourdault;48,76418974;2,40546727
202300010109;30;12;2023;23:36;5;6;6155;2;3;1;3;LIBERTE AV.DE LA;43,566078;7,070203
202300010110;23;11;2023;11:25;1;94;94079;2;9;2;6;Rue Jean Jaurès;48,82793;2,53012
202300010111;30;12;2023;22:46;5;75;75106;2;3;1;6;CARREFOUR ODEON;48,85227964;2,33873069
202300010112;30;5;2023;12:40;1;71;71195;1;1;1;6;A6, PK 364+400 sens L/P;46,506761;4,907726
202300010113;30;12;2023;05:15;5;75;75120;2;2;1;3;AVENUE DU DOCTEUR GLEY;48,877994;2,40951
202300010114;23;11;2023;07:45;2;94;94004;1;1;1;4;Av du Mal de Lattre de Tassigny;48,7328;2,52205
202300010115;23;11;2023;10:50;2;94;94002;1;6;1;6;Allée Jean-baptiste Preux;48,77903;2,42554
202300010116;30;12;2023;16:15;1;75;75119;2;1;1;3;AVENUE DE FLANDRE;48,886643;2,372011
202300010117;23;11;2023;18:15;5;93;93046;2;1;1;6;Chemin de la Mare au Chanvre;48,92961177;2,54050586
202300010118;2;6;2023;17:20;1;85;85209;2;1;1;5;Route de fontenay le comte;46,52595;-0,997588
202300010119;30;12;2023;15:40;1;75;75111;2;2;1;3;RUE RAMPON;48,866277;2,367427
202300010120;22;4;2023;11:15;1;88;88075;2;3;1;1;Rue Mougel Bey;48,006244;6,874303
202300010121;23;11;2023;09:45;1;92;92064;2;1;2;3;MARCEL DASSAULT;48,85953344;2,22421771
202300010122;4;6;2023;16:14;1;974;97404;2;1;1;6;Rue Lambert;-21,256557;55,374275
202300010123;30;12;2023;16:10;1;75;75110;2;5;1;3;RUE LA FAYETTE;48,878524;2,354048
202300010124;9;7;2023;13:05;1;976;97611;2;3;1;3;kaweni-Poste ( rue de la );-12,77166;45,22306
202300010125;23;11;2023;18:45;5;92;92051;2;2;1;3;BINEAU (BOULEVARD, N°133 A 217 ET 134 A;48,89234567;2,26893461
202300010126;4;6;2023;17:20;1;26;26337;1;1;8;3;Autoroute A7;44,717286;4,785517
202300010127;30;12;2023;14:45;1;75;75108;2;2;1;6;RUE MARBEUF;48,867963;2,302797
202300010128;9;7;2023;13:00;1;974;97411;1;1;1;5;MONTAGNE (ROUTE DE LA);-20,88784;55,44097