Num_Acc;jour;mois;an;hrmn;lum;dep;com;agg;int;atm;col;adr;lat;long
202300010393;9;7;2023;17:20;1;93;93070;2;1;1;3;Rue Albert Dhalenne;48,91403882;2,33292403
202300010394;23;11;2023;07:20;3;78;78646;1;1;2;4;RN12;48,791272;2,072068
202300010395;20;3;2023;07:20;1;37;37122;2;1;1;6;PAPIN (RUE DENIS);47,35639;0,65446
202300010396;9;7;2023;17:00;1;93;93066;2;1;1;6;Avenue du Colonel Fabien;48,94522484;2,35195234
202300010397;29;12;2023;21:30;3;77;77335;1;1;2;7;RN3 (ROUTE NATIONALE);48,95894229;2,83335686
202300010398;12;8;2023;13:47;1;13;13212;1;1;1;4;A507 sens Marseille - Aubagne;43,29657;5,42481
202300010399;3;6;2023;18:00;1;1;1454;1;3;8;5;D1504;45,709772;5,719591
202300010400;23;11;2023;07:20;2;78;78090;1;1;2;4;A13;48,970419;1,894521
202300010401;19;3;2023;16:05;1;37;37261;2;1;2;5;RN 76 - Route de St Avertin;47,3646;0,70775
202300010402;9;7;2023;19:00;1;93;93031;2;3;1;3;Avenue de la République / Rue Gounod;48,94793248;2,33856417
202300010403;19;8;2023;13:40;1;33;33075;1;1;1;3;ROCADE A 630;44,88827683;-0,58809847
202300010404;28;12;2023;22:35;5;72;72181;2;6;1;3;CHANZY (RUE)  N° IMP 1 A 71 BIS;48,00389;0,20262
202300010405;20;3;2023;20:50;3;36;36063;1;1;1;2;N/A;46,81656465;1,740008
202300010406;9;7;2023;02:14;5;92;92023;2;1;1;1;GENERAL DE GAULLE (AVENUE DU);48,7933;2,27083
202300010407;23;11;2023;14:50;1;93;93027;1;1;1;5;AUTOROUTE A1;48,93559831;2,40348051
202300010408;2;6;2023;17:50;1;1;1115;2;3;1;3;Route du Logis Neuf;46,255671;5,061428
202300010409;16;8;2023;14:45;1;33;33013;1;1;1;4;ROUTE NATIONALE 89;44,86874;-0,50193
202300010410;20;3;2023;08:40;1;33;33063;2;4;1;6;Rue de Caudéran;44,84555845;-0,59453738
202300010411;23;11;2023;07:00;3;93;93063;1;1;1;3;AUTOROUTE A3;48,87661;2,44332
202300010412;9;7;2023;05:40;2;35;35002;1;1;1;1;Lieu Dit le Gripail;48,005874;-1,512921
202300010413;3;6;2023;23:45;3;70;70256;1;1;1;1;La Grande Croix;47,761022;6,637105
202300010414;13;8;2023;06:56;2;59;59350;1;1;1;2;ROUTE NATIONALE 356;50,64121298;3,09214746
202300010415;29;12;2023;01:15;5;69;69290;2;3;8;3;Rue de l'Egalité;45,68965;4,94677
202300010416;9;7;2023;13:40;1;974;97415;1;1;1;6;RN1;-20,978791;55,295509
202300010417;20;3;2023;11:00;1;31;31555;2;1;1;2;CHE DE FENOUILLET;43,64156984;1,41694129
202300010418;22;11;2023;09:10;1;95;95607;1;1;1;2;A115;49,01246621;2,22204119
202300010419;12;8;2023;23:10;3;59;59360;1;1;1;2;AUTOROUTE A25;50,61936479;3,00541766
202300010420;28;12;2023;17:45;5;68;68066;2;6;1;6;Rue d'Altkirch;48,070331;7,341011
202300010421;4;6;2023;09:10;1;66;66045;1;3;1;3;rd 619 catllar;42,63478;2,417491
202300010422;26;6;2023;16:40;1;43;43108;1;1;1;1;Route de ;45,30046096;3,7618534
202300010423;20;3;2023;08:15;1;30;30007;2;6;1;3;Quai Boissier de Sauvages;44,12687;4,07354
202300010424;20;8;2023;04:30;3;91;91689;1;1;1;2;A6;48,74373;2,32256
202300010425;22;11;2023;06:18;3;95;95424;1;1;1;4;A15;48,99026895;2,19614983
202300010426;9;7;2023;10:30;1;68;68250;1;1;1;7;Orschwihr;47,934731;7,233918
202300010427;5;6;2023;06:45;1;54;54193;1;1;1;6;D3;48,90041334;5,96082153
202300010428;29;12;2023;19:25;3;62;62525;1;1;2;3;D928;50,73265;2,2515
202300010429;10;7;2023;08:00;1;974;97412;1;6;1;6;Naationale 1002;-21,372833;55,620786
202300010430;19;3;2023;17:55;1;28;28404;2;9;1;3;DUC DE GUISE (RUE DU);48,71754;1,38733
202300010431;19;8;2023;18:20;1;91;91086;1;1;1;4;RN 104;48,62363;2,38918
202300010432;23;11;2023;17:45;3;77;77121;1;1;1;3;A4;48,83231629;2,66676002
202300010433;30;12;2023;00:15;4;62;62032;2;9;1;6;D51;50,40637;2,76656
202300010434;19;8;2023;12:50;1;91;91136;1;1;2;7;AUTOROUTE A10;48,711879;2,284928
202300010435;3;6;2023;16:56;1;54;54126;1;4;1;2;D913;48,867949;6,291754
202300010436;9;7;2023;17:35;1;11;11098;1;1;7;3;D6113;43,185778;2,702352
202300010437;20;3;2023;09:45;1;27;27562;1;3;7;1;HERMAND (RUE GEORGES);49,09499;1,43
202300010438;16;7;2023;19:15;1;38;38185;1;1;1;2;A480;45,1762;5,7021
202300010439;29;12;2023;19:30;5;62;62386;2;2;2;1;Boulevard de Tahiti;50,44711;2,74964
202300010440;8;7;2023;21:45;2;22;22034;1;1;1;6;RD767;48,679238;-3,355529
202300010441;17;8;2023;19:30;2;77;77495;1;1;1;2;AUTOROUTE A5A;48,594573;2,614917
202300010442;3;6;2023;23:59;3;72;72308;2;6;1;7;D311 - Rue de perseigne;48,41678339;0,10884762
202300010443;8;7;2023;23:40;3;58;58236;1;1;1;6;Le Bourg;47,321432;3,140518
202300010444;23;9;2023;10:00;1;74;74118;2;6;1;2;SAINT-JULIEN (ROUTE DE);46,18053;6,22967
202300010445;21;12;2023;13:10;1;62;62193;2;3;2;6;Avenue Georges Guynemer;50,95130333;1,89250195
202300010446;16;8;2023;16:45;1;91;91560;1;1;1;2;RN 104;48,6659;2,19086
202300010447;5;6;2023;08:20;1;72;72100;1;1;1;1;lieu dit giraudeau;47,780924;-0,011469
202300010448;7;6;2023;23:40;5;62;62197;1;1;1;1;D70;50,48261078;2,42785453
202300010449;20;3;2023;07:50;1;25;25056;2;1;8;1;GRETTE  RUE;47,228141;6,00878
202300010450;22;11;2023;22:20;5;988;98818;2;1;1;6;AVENUE KOENIG;-22,23424;166,47281
202300010451;16;8;2023;14:57;1;91;91174;1;1;1;3;RN 104;48,62106;2,46107
202300010452;26;12;2023;14:10;1;62;62178;2;9;1;6;Rue du Conseil de l'Europe;50,48057;2,5476
202300010453;9;7;2023;15:00;1;62;62285;1;1;1;6;D5;50,187094;2,900262
202300010454;18;3;2023;02:12;5;21;21231;2;3;1;6;CHARLES DUMONT (RUE);47,311989;5,039453
202300010455;22;11;2023;16:15;1;974;97411;2;1;1;7;PARIS (RUE DE);-20,88074;55,44929
202300010456;16;8;2023;09:53;1;94;94003;1;1;1;3;A6A;48,80193886;2,34201599
202300010457;21;5;2023;13:00;1;72;72363;1;2;1;3;la béguiniere;48,094971;0,540411
202300010458;29;12;2023;22:30;5;54;54395;2;9;1;3;Rue Mansuy Gauvain;48,67894;6,19754
202300010459;3;6;2023;13:35;1;6;6068;1;1;1;7;D3;43,75217;6,990465
202300010460;16;6;2023;09:15;1;94;94038;1;1;1;3;A6B;48,77278861;2,34604004
202300010461;10;7;2023;06:10;2;66;66050;1;1;1;3;D83;42,7774379;2,93101072
202300010462;20;3;2023;17:55;5;13;13209;2;3;1;3;LUMINY (AVENUE DE);43,23358645;5,43592507
202300010463;26;12;2023;11:55;1;50;50502;1;1;1;6;POPIELUJKO;49,10503;-1,086624
202300010464;22;11;2023;13:10;1;972;97213;1;4;1;3;ROUTE DEPARTEMENTALE 13;14,63606;-61,02086
202300010465;19;8;2023;18:15;1;92;92064;1;1;1;2;A13;48,83920007;2,21186215
202300010466;28;12;2023;22:50;5;50;50129;2;1;2;6;LAVIEILLE (RUE FRANCOIS);49,6418;-1,62542
202300010467;5;6;2023;12:55;1;83;83025;1;1;1;6;route départementale 560;43,52765;5,981149
202300010468;8;7;2023;10:00;1;91;91573;2;1;1;3;Rue du Grand Maury;48,616236;2,508767
202300010469;21;11;2023;11:40;1;972;97209;2;3;1;3;MOUTTE (ROUTE DE);14,61797;-61,0569
202300010470;19;3;2023;14:35;1;6;6069;2;1;1;3;SIDI BRAHIM (AVENUE);43,65133;6,92608
202300010471;18;8;2023;15:00;1;92;92026;1;1;1;3;RN1014 Y;48,88849622;2,24910695
202300010472;28;12;2023;14:05;1;46;46042;2;1;1;3;ORMEAUX (COTE DES);44,4654;1,42836
202300010473;9;7;2023;17:50;1;19;19105;1;1;1;6;Route de la Bitarelle;45,1243;1,669471
202300010474;3;6;2023;17:40;1;60;60188;2;3;1;3;Rue du Pont Chevalier;49,396211;3,004573
202300010475;16;3;2023;17:29;1;4;4070;2;1;1;6;GASSENDI (BD);44,09261;6,23506
202300010476;22;11;2023;15:45;1;69;69081;2;2;8;3;Avenue du Docteur Terver;45,77175;4,77713
202300010477;29;12;2023;12:35;1;45;45068;2;1;1;2;D740 PK 4 + 434;48,02316;2,73825
202300010478;9;7;2023;17:30;1;19;19229;1;1;1;1;RD 152;45,16388444;1,45502329
202300010479;18;8;2023;10:38;1;78;78140;1;1;1;4;A13;48,966715;1,92224
202300010480;22;11;2023;07:15;1;971;97113;2;1;1;7;SECTION COCOYER;16,23239;-61,47916
202300010481;4;3;2023;20:20;5;2;2408;2;1;1;2;69 Boulevard Pierre Brossolette;49,56942;3,62125
202300010482;29;12;2023;18:40;2;44;44109;2;1;1;6;31 Rue Frère Louis;47,19373088;-1,53747305
202300010483;18;8;2023;08:10;1;78;78206;1;1;1;5;A13;48,94747;1,9471
202300010484;3;6;2023;17:25;1;64;64147;1;3;1;3;D936;43,466364;-1,292701
202300010485;9;7;2023;06:30;2;76;76240;2;1;1;7;16 Route du Havre;49,70714;0,364756
202300010486;17;10;2023;16:45;1;971;97113;2;9;1;3;SECTION LEROUX;16,24253627;-61,47385418
202300010487;29;12;2023;10:15;1;41;41269;2;9;1;3;SAINT LUBIN (FAUBOURG);47,79035;1,06368
202300010488;17;1;2023;07:45;3;69;69162;1;1;4;3;Route de Saint-vincent;46,135947;4,614934
202300010489;16;8;2023;17:50;1;92;92025;1;1;1;2;A86;48,92201331;2,22672771
202300010490;28;6;2023;19:55;1;79;79170;2;3;1;7;;46,196282;-0,665397
202300010491;29;12;2023;04:35;5;38;38185;2;7;1;6;PLACE DE LA RÉSISTANCE;45,20551;5,70006
202300010492;17;8;2023;09:00;2;78;78321;1;1;1;2;RN12 EXT;48,797652;1,911572
202300010493;20;11;2023;18:00;2;95;95197;2;3;2;7;ABEL FAUVEAU (RUE) ;48,96093703;2,32601702
202300010494;10;7;2023;12:10;1;2A;2A139;2;1;1;3;T10;41,671966;9,312758
202300010495;15;8;2023;03:20;5;92;92063;1;1;1;6;A86 DUPLEX;48,87079506;2,15722482
202300010496;18;3;2023;20:30;5;75;75116;2;1;1;5;PORTE DAUPHINE;48,873692;2,275113
202300010497;3;6;2023;18:20;1;53;53161;1;1;1;1;D32;48,115569;-0,596341
202300010498;29;12;2023;19:35;5;37;37122;2;3;8;3;JAURES (BOULEVARD JEAN);47,34806;0,65834
202300010499;9;7;2023;12:30;1;2B;2B043;1;1;1;1;D80;42,788319;9,485235
202300010500;17;11;2023;20:25;5;95;95598;2;1;8;3;D109;48,985091;2,295405
202300010501;20;8;2023;07:50;1;93;93005;1;1;1;3;AUTOROUTE A3;48,96024199;2,47332287
202300010502;3;6;2023;22:15;3;21;21576;1;1;1;6;d70;47,392527;4,459216
202300010503;29;12;2023;11:10;1;37;37261;2;9;1;6;EUROPE (AVENUE DE L');47,4228;0,68372
202300010504;20;3;2023;18:05;1;75;75119;2;2;1;2;AVENUE SIMON BOLIVAR;48,875592;2,381883
202300010505;9;7;2023;02:00;3;2B;2B152;1;1;1;6;D 180;42,893939;9,445817
202300010506;19;8;2023;18:50;1;95;95424;1;1;1;6;A15;48,9939;2,18536
202300010507;17;11;2023;18:00;5;95;95637;2;2;2;6;GEORGES BRASSENS (MAIL);49,02003;2,0262
202300010508;2;6;2023;20:45;2;21;21163;1;1;1;6;D28;47,566986;5,287085
202300010509;28;6;2023;22:02;3;82;82155;2;9;1;6;Route de Caussade;44,153441;1,737438
202300010510;30;12;2023;00:38;5;35;35238;2;3;1;3;LIBERTE (BD DE LA);48,10743;-1,67452
202300010511;18;8;2023;20:30;1;93;93066;1;1;1;2;AUTOROUTE A1;48,92963775;2,36322463
202300010512;20;3;2023;08:55;1;75;75119;2;3;1;2;AVENUE JEAN JAURES;48,88655992;2,38461524
202300010513;21;11;2023;09:30;1;84;84007;2;2;1;6;AMANDIER (Avenue de l');43,9378;4,84944
202300010514;4;6;2023;18:45;1;40;40217;1;1;1;6;3598 Route de Luë;44,321768;-1,037846
202300010515;18;8;2023;19:35;1;92;92036;1;1;1;2;AUTOROUTE A86;48,93594318;2,31910014
202300010516;29;12;2023;06:20;5;35;35238;2;3;2;6;VERDUN (BD DE);48,1187;-1,6889
202300010517;10;7;2023;08:20;1;82;82126;1;9;7;5;Route du Causse;44,169727;1,584762
202300010518;21;11;2023;16:00;1;84;84007;2;1;1;1;MORIERES (Route de );43,95246;4,84239
202300010519;18;8;2023;19:00;1;93;93027;1;1;1;2;AUTOROUTE A1;48,93726;2,41041
202300010520;2;6;2023;07:50;2;40;40284;2;9;1;3;Avenue de Terreblanque;43,661725;-1,287525
202300010521;19;3;2023;20:30;5;75;75117;2;2;1;1;AVENUE DE WAGRAM;48,88155431;2,30070502
202300010522;29;12;2023;18:30;3;34;34129;1;1;1;1;PEROLS D132 (AVENUE DE);43,56325;3,92155
202300010523;22;11;2023;19:00;5;78;78481;2;1;1;6;CHARLES DE GAULLE (AVENUE);48,89022;2,10368
202300010524;8;7;2023;20:45;2;65;65045;1;1;1;6;Aucun;43,004569;-0,212667
202300010525;18;8;2023;16:45;1;93;93007;1;1;1;4;AUTOROUTE A3;48,93389;2,48076
202300010526;29;12;2023;21:07;5;33;33281;2;2;5;3;Avenue Marcel Dassault;44,84353;-0,6729
202300010527;18;3;2023;21:30;5;75;75117;2;1;1;2;AVENUE DES TERNES;48,881216;2,288644
202300010528;3;6;2023;14:50;1;40;40233;1;1;1;3;Route de Dax;43,628613;-1,023515
202300010529;9;7;2023;12:15;1;11;11302;1;1;1;7;route départementale 117;42,813403;2,32393
202300010530;22;11;2023;10:46;1;78;78642;2;3;1;3;MALRAUX BD ANDRE;48,982482;1,969681
202300010531;18;8;2023;00:50;3;93;93013;1;1;1;2;AUTOROUTE A1;48,94234;2,4322
202300010532;30;12;2023;00:04;5;29;29232;2;1;1;6;2bis Rue Haute;47,99005526;-4,11050243
202300010533;7;7;2023;11:00;1;71;71379;1;1;1;7;Route du Moulin;46,59458;5,324995
202300010534;19;3;2023;21:58;5;75;75116;2;3;1;6;RUE DE LA POMPE;48,864115;2,277584
202300010535;5;6;2023;16:04;1;85;85006;1;2;1;3;l'hommelet;46,784777;-1,733029
202300010536;17;8;2023;11:50;1;95;95277;1;9;1;1;A3;48,973777;2,486815
202300010537;7;7;2023;05:00;2;76;76252;1;1;1;7;D22;50,022692;1,384964
202300010538;22;11;2023;10:05;1;77;77251;2;6;1;3;ALL DU TRAIT D'UNION;48,617286;2,543415
202300010539;20;3;2023;18:30;2;75;75115;2;7;1;2;BOULEVARD DE GRENELLE;48,848024;2,301549
202300010540;22;11;2023;03:50;5;72;72181;2;1;1;6;MIROIR (RUE DU);47,99257;0,19759
202300010541;9;7;2023;06:35;1;49;49167;1;1;1;7;LD  le Pavé;47,365223;-0,453143
202300010542;15;8;2023;21:30;3;93;93005;1;1;1;5;AUTOROUTE A1;48,96199218;2,46989183
202300010543;3;6;2023;14:00;1;27;27323;1;2;1;3;Route de la Daviere;48,907523;0,540229
202300010544;29;12;2023;11:50;1;25;25462;2;6;8;2;ROCADE G.POMPIDOU (DU 25 A LA FIN);46,90135;6,34846
202300010545;17;11;2023;18:30;5;69;69266;2;1;1;6;Avenue Roger Salengro;45,77878;4,88002
202300010546;9;7;2023;16:45;1;12;12270;1;3;1;3;le merdans;44,335688;3,064464
202300010547;20;3;2023;07:45;1;75;75115;2;2;1;3;RUE DES QUATRE FRERES PEIGNOT;48,846408;2,283175
202300010548;4;6;2023;08:00;1;28;28124;1;1;1;6;D313.16;48,766276;1,158643
202300010549;29;12;2023;19:35;5;13;13214;2;1;1;4;ROLAND DORGELES (BOULEVARD);43,34706;5,37869
202300010550;9;7;2023;17:19;1;42;42334;1;1;1;6;Route du Chene;45,848652;4,331145
202300010551;20;8;2023;08:45;1;77;77363;1;1;1;2;A104;48,92468643;2,62950739
202300010552;22;11;2023;18:30;5;69;69266;2;2;1;6;Rue Henri Legay;45,75213;4,9161
202300010553;20;3;2023;13:45;1;75;75113;2;4;1;3;BOULEVARD DE L HOPITAL;48,839898;2,361761
202300010554;21;11;2023;18:10;5;69;69029;2;1;1;6;Avenue Louis Mouillard;45,72583117;4,93594398
202300010555;29;12;2023;23:30;5;13;13208;2;1;1;2;pointe rouge (ave);43,24543;5,37323
202300010556;19;8;2023;20:40;2;94;94046;1;1;1;3;A86;48,81070243;2,44917546
202300010557;14;5;2023;14:50;1;17;17236;1;1;1;1;La Basquette;45,343308;-0,563017
202300010558;10;7;2023;14:00;1;42;42252;1;1;1;1;D1089;45,790158;3,909638
202300010559;21;11;2023;08:00;1;69;69290;2;1;2;3;73 Rue Aristide Briand;45,69617;4,92664
202300010560;18;8;2023;19:40;1;94;94011;1;1;1;3;N406;48,76122778;2,49120678
202300010561;19;3;2023;22:30;5;75;75111;2;2;1;3;AVENUE DE LA REPUBLIQUE;48,86674503;2,36679733
202300010562;9;7;2023;17:30;1;44;44088;1;1;1;2;N/A;47,114595;-1,396058
202300010563;18;8;2023;19:30;1;93;93051;1;1;1;2;A4;48,83522527;2,57472356
202300010564;3;6;2023;21:35;2;17;17091;2;1;1;1;73 Rue Pierre Loti;46,305049;-1,093976
202300010565;22;11;2023;18:50;5;64;64189;2;2;1;3;PETIT BOIS (ALLEE DU);43,37783;-1,66368
202300010566;20;3;2023;08:40;1;75;75108;2;2;1;6;RUE DES MATHURINS;48,873427;2,322416
202300010567;28;12;2023;15:30;1;13;13206;2;1;8;6;BRETEUIL (RUE);43,29228;5,37501
202300010568;7;7;2023;19:13;1;29;29105;2;1;1;3;Rue du General Weygand;48,513633;-4,067235
202300010569;18;8;2023;18:40;1;93;93051;1;1;1;3;A4;48,83620546;2,5559632
202300010570;28;5;2023;15:20;1;87;87199;1;1;1;7;La Roudarie;45,77107;0,845894
202300010571;27;12;2023;19:30;3;12;12013;1;1;1;6;RUAU BAS LIEU-DIT;44,54884;2,29578
202300010572;22;11;2023;20:40;5;64;64024;2;6;1;2;HAUSQUETTE (RUE DE);43,49671976;-1,50929779
202300010573;19;3;2023;20:10;5;75;75108;2;4;1;3;RUE DE CONSTANTINOPLE;48,880659;2,318324
202300010574;9;7;2023;20:00;1;2;2135;1;1;1;1;Rue du 8 Mai 1945;49,957992;3,838284
202300010575;18;8;2023;14:00;1;94;94028;1;1;1;5;A86;48,78269366;2,44086088
202300010576;22;11;2023;13:10;1;64;64024;2;1;1;7;BAYONNE (AVENUE DE);43,48289;-1,50417
202300010577;3;6;2023;12:25;1;30;30259;1;3;1;3;D981;44,103308;4,12903
202300010578;28;12;2023;23:45;3;75;75112;2;1;1;3;AVENUE LEDRU ROLLIN;48,848855;2,37297
202300010579;20;3;2023;10:25;1;75;75102;2;2;1;6;BOULEVARD SAINT DENIS;48,869337;2,354244
202300010580;17;8;2023;16:00;1;77;77517;1;1;1;3;RN104;48,9066654;2,63983324
202300010581;10;7;2023;11:30;1;2;2610;1;1;1;5;D6;49,386556;3,277262
202300010582;3;6;2023;12:00;1;48;48094;1;1;1;6;le Villaret;44,271987;3,225655
202300010583;22;11;2023;08:55;1;63;63113;2;2;2;3;Parlette / RM2009-Jean Moulin;45,77686;3,11753
202300010584;20;3;2023;10:15;1;94;94068;2;1;1;2;Quai du Port au Fouarre;48,7892202;2,4785623
202300010585;29;12;2023;10:25;1;75;75118;2;3;1;3;BOULEVARD NEY;48,897923;2,338361
202300010586;9;7;2023;15:10;1;2;2095;2;1;1;3;6 Route de Seboncourt;49,980677;3,458249
202300010587;22;5;2023;14:30;1;88;88089;1;1;3;3;2016 Chemin Departemental 60;48,18238;6,799555
202300010588;8;7;2023;18:30;1;2;2305;1;1;1;7;D967;49,186977;3,51202
202300010589;29;12;2023;00:00;5;75;75117;2;1;1;7;AVENUE DE LA PORTE DE CHAMPERRET;48,886158;2,287435
202300010590;22;11;2023;07:20;2;63;63113;2;1;2;1;MEUNIERS (RUE DES);45,7661;3,10468
202300010591;4;6;2023;18:30;1;52;52197;1;1;1;1;grande rue  (Broncourt);47,758876;5,658222
202300010592;20;3;2023;16:50;1;94;94073;2;1;1;6;Rue de la Couture du Moulin;48,76414;2,38354
202300010593;27;4;2023;11:59;1;88;88409;1;4;1;7;RUE DE LAFORÊT;48,02699;6,65708
202300010594;29;12;2023;04:41;5;75;75116;2;1;1;6;RUE DE LA POMPE;48,866968;2,280415
202300010595;10;7;2023;08:10;1;15;15012;1;1;1;4;D920;44,841493;2,479756
202300010596;17;11;2023;11:15;1;62;62587;2;4;1;7;Rue Victor Hugo;50,428253;2,934708
202300010597;29;12;2023;03:42;5;75;75115;2;1;1;6;RUE SAINT CHARLES;48,837595;2,277677
202300010598;3;6;2023;16:35;1;88;88437;2;1;1;1;Grande Rue;48,280423;6,316591
202300010599;20;3;2023;12:00;1;94;94055;2;1;1;2;Avenue Wladimir d'Ormesson;48,78683;2,54288
202300010600;17;4;2023;17:00;1;88;88415;2;1;1;3;rue de la Moselotte;48,01996526;6,6143167
202300010601;9;7;2023;19:50;1;1;1454;1;4;1;1;D1504;45,708745;5,72083
202300010602;22;11;2023;03:20;5;62;62457;2;1;8;6;Chemin du Souvenir Francais;50,45204;2,54143
202300010603;3;3;2023;07:50;1;14;14728;1;1;1;2;Rue saint Julien;49,27420647;-0,73973199
202300010604;29;12;2023;20:00;5;75;75114;2;2;2;3;RUE RAYMOND LOSSERAND;48,828768;2,307671
202300010605;19;3;2023;11:30;1;94;94018;2;3;8;3;Avenue de Gravelle / Rue de Valmy;48,82835949;2,40497321
202300010606;10;7;2023;08:30;1;85;85151;1;9;8;2;RD149;46,98365;-0,933639
202300010607;3;6;2023;19:45;1;18;18103;1;1;1;6;;47,110283;1,886773
202300010608;22;11;2023;21:20;5;59;59599;2;1;1;6;CALAIS (RUE DE);50,71641;3,15135
202300010609;13;8;2023;17:25;1;65;65286;2;1;1;6;CHATEAU FORT;43,09778;-0,04851
202300010610;9;7;2023;18:35;1;58;58003;1;1;1;3;Pierre-Ecrite;47,188845;4,217573
202300010611;28;12;2023;23:13;5;75;75108;2;2;1;3;AVENUE DE MARIGNY;48,867788;2,313853
202300010612;20;3;2023;13:35;1;93;93046;2;1;1;2;Avenue du Maréchal Leclerc;48,920525;2,540092
202300010613;3;6;2023;03:40;3;17;17016;1;1;1;1;D700;45,531542;-0,310729
202300010614;22;11;2023;18:00;2;59;59279;2;1;1;1;LOISEL (CHEMIN DE);50,773742;3,14536071
202300010615;26;5;2023;13:34;1;74;74010;2;3;1;2;ALERY (GRANDE RUE D');45,89872232;6,11062802
202300010616;9;7;2023;16:10;1;66;66024;1;1;1;1;;42,53849;2,845716
202300010617;29;12;2023;17:35;5;75;75101;2;1;1;3;RUE CAMBON;48,867984;2,326659
202300010618;20;3;2023;13:00;1;93;93066;2;1;1;6;Rue André Campra;48,919256;2,353884
202300010619;22;11;2023;14:00;1;59;59512;2;1;1;6;EPEULE (RUE DE L');50,6906;3,16222
202300010620;5;6;2023;09:05;1;69;69033;2;3;1;6;Montée de la Vigourette;45,852239;4,87256
202300010621;9;7;2023;13:30;1;72;72376;1;1;1;1;Lieu dit La Vetière axe D33;47,896823;0,47601342
202300010622;25;5;2023;00:51;3;74;74010;1;1;1;1;OUEST (BOULEVARD);45,9046;6,0895
202300010623;20;3;2023;10:15;1;93;93048;2;1;1;3;Rue de Rosny;48,86714492;2,45668083
202300010624;29;12;2023;00:20;5;94;94068;2;1;1;2;Rue du Chemin Vert;48,80082;2,47078
202300010625;22;11;2023;07:50;1;59;59328;2;9;1;6;HIPPODROME AV DE L N°237 AU389;50,65154;3,02269
202300010626;15;1;2023;17:50;5;60;60107;2;6;1;7;Rue du Grand Air;49,360912;2,42506
202300010627;9;7;2023;05:20;2;72;72300;1;1;1;2;Route de Saint Etienne du Narais;48,002385;0,40393
202300010628;20;3;2023;13:00;1;93;93007;2;1;1;6;212 Avenue du 8 Mai 1945;48,952838;2,442308
202300010629;5;6;2023;14:00;1;21;21054;1;1;1;2;autoroute A31 PK 000+100 (sens Sud/Nord);47,018701;4,869583
202300010630;29;12;2023;20:25;5;94;94041;2;1;2;6;Avenue Pierre Sémard;48,8211;2,37914
202300010631;10;7;2023;13:50;1;14;14431;2;1;1;6;1 Rue Henri Dunant;49,07302;-0,069103
202300010632;19;11;2023;10:35;1;59;59017;2;9;2;6;DE MUN  (RUE ALBERT );50,68;2,8866
202300010633;27;5;2023;12:45;1;50;50603;1;9;1;3;Rue du Pont;49,042464;-1,554866
202300010634;23;3;2023;21:25;5;92;92075;2;6;1;7;JACQUES JEZEQUEL (AVENUE);48,8199;2,2906
202300010635;3;6;2023;20:45;1;21;21606;1;1;1;6;A31 aire de serrigny vers Beaune;47,073806;4,923002
202300010636;22;11;2023;14:25;1;57;57463;2;1;1;1;ANDRE MAGINOT (BOULEVARD);49,116918;6,184973
202300010637;19;4;2023;20:20;1;73;73008;2;9;1;2;FORESTIER GENERAUX BOULEVARD;45,70315754;5,90649846
202300010638;28;12;2023;20:10;5;94;94028;2;1;1;3;Avenue du Maréchal Foch;48,78561;2,43641
202300010639;20;3;2023;18:20;1;92;92063;2;1;1;2;CREVEL DUVAL (RUE);48,88237;2,19157
202300010640;9;7;2023;19:10;1;50;50389;1;2;1;3;Route de l?Abbaye;49,012788;-1,36152
202300010641;4;6;2023;00:10;3;11;11262;1;1;1;6;Autoroute A9, PK 192.000 snes ESPAGNE / FRANCE;43,163651;2,994976
202300010642;4;4;2023;17:15;1;73;73225;2;1;1;2;D201;45,52583302;5,95517635
202300010643;22;11;2023;09:30;1;51;51454;2;1;1;3;INTERMARCHE (BOULEVARD WILSON);49,241722;4,017348
202300010644;29;12;2023;17:35;5;94;94017;2;1;2;5;Avenue du Général de Gaulle;48,82389;2,49721
202300010645;20;3;2023;17:50;1;92;92050;2;1;1;6;JOFFRE MARECHAL AVENUE DU;48,88543;2,1945
202300010646;10;7;2023;09:37;1;60;60667;1;2;1;1;;49,276754;2,718394
202300010647;18;11;2023;00:59;4;47;47323;2;6;8;7;ROL TANGUY;44,40903182;0,73558291
202300010648;4;4;2023;15:26;1;73;73084;1;2;1;3;D1006;45,5073482;6,0236147
202300010649;4;6;2023;18:00;1;83;83097;1;1;2;3;autoroute A8 PK44+300 direction AIX-EN-PROVENCE;43,47974484;5,72693735
202300010650;20;3;2023;16:30;1;92;92044;2;2;1;6;ALSACE (RUE) N°1 A 17 ET 2 A 18;48,889918;2,292477
202300010651;29;12;2023;13:50;1;93;93070;2;5;1;3;Avenue Gabriel Péri /  Rue Louis Blanc;48,90683;2,33208
202300010652;21;11;2023;17:41;2;41;41018;2;1;2;2;MOULIN (RUE JEAN);47,58738;1,32817
202300010653;10;7;2023;11:50;1;64;64321;2;2;1;3;Chemin de Passabet;43,439062;-0,298004
202300010654;15;8;2023;07:45;1;976;97611;2;3;1;3;doujani-Mosquée de doujani ( rue de la );-12,79519;45,21389
202300010655;3;6;2023;13:50;1;83;83089;1;1;1;2;AUTOROUTE A8 51+000;43,47212122;5,81924772
202300010656;20;3;2023;19:10;5;92;92036;2;1;1;3;avenue d'Argenteuil;48,93885223;2,25653708
202300010657;29;12;2023;20:10;5;93;93014;2;2;2;3;Chemin des Postes / Avenue de Sévigné;48,91275519;2,5400612