Num_Acc;jour;mois;an;hrmn;lum;dep;com;agg;int;atm;col;adr;lat;long
202300010658;8;7;2023;12:30;1;43;43020;1;1;1;1;Route de Lamure;45,321073;4,130945
202300010659;11;8;2023;19:32;3;972;97209;2;1;1;6;PAUL NARDAL  (PLACE);14,61389;-61,07311
202300010660;22;11;2023;18:00;5;38;38185;2;9;1;3;BERRIAT (COURS)            100-93 A 148-;45,18857;5,71068
202300010661;20;3;2023;20:20;5;92;92024;2;1;1;5;MARTRE (RUE) DE (59 A 109)   (58 A 120);48,90321;2,30601
202300010662;29;12;2023;12:15;1;93;93005;2;9;1;3;Rue Calmette et Guerin;48,95203;2,516178
202300010663;3;6;2023;12:15;1;69;69115;1;1;1;2;Autoroute 6 ;45,974553;4,733723
202300010664;22;11;2023;15:50;1;37;37261;2;2;1;3;EUROPE (AVENUE DE L');47,42281;0,68569
202300010665;9;7;2023;06:25;2;10;10332;2;1;1;6;Rue des Charmottes;48,275258;4,183056
202300010666;15;8;2023;12:45;1;2B;2B033;2;2;1;3;TOUTES RUES;42,70262;9,45213
202300010667;29;12;2023;13:36;1;93;93001;2;1;1;7;Avenue Victor Hugo;48,90660199;2,37577297
202300010668;5;6;2023;08:15;2;60;60482;2;1;1;6;D118;49,13942356;2,48860376
202300010669;22;11;2023;12:15;1;37;37261;2;1;1;6;PALISSY (RUE BERNARD);47,39355;0,693
202300010670;20;3;2023;16:40;1;92;92024;2;2;1;3;GENERAL LECLERC (BD DU) (9 A 59)   (4 A;48,9013;2,31524
202300010671;15;8;2023;02:35;3;971;97113;1;1;1;1;RN4 - SECTION RIVIERA;16,21893;-61,50346
202300010672;9;7;2023;17:35;1;53;53188;2;1;1;1;44 Rue de l'Aubinière;47,796289;-1,057675
202300010673;29;12;2023;18:20;5;92;92046;2;3;8;3;GABRIEL PERI;48,81931737;2,30448537
202300010674;20;3;2023;05:10;5;92;92023;2;1;1;6;GENERAL DE GAULLE (AVENUE DU);48,78919;2,26089
202300010675;9;7;2023;15:50;1;53;53267;1;1;1;7;La couture;48,025122;-0,44574
202300010676;22;11;2023;19:15;3;35;35334;1;1;1;2;RN136;48,1432;-1,58703
202300010677;14;8;2023;16:25;1;971;97101;1;1;1;1;Aeroport Pole Caraibe;16,27577;-61,51947
202300010678;3;6;2023;12:45;1;987;98724;1;1;1;1;District de Fare - Marina de Fare;-16,752;-150,997
202300010679;29;12;2023;10:27;1;92;92073;2;1;1;3;SELLIER (BOULEVARD HENRI);48,86502119;2,21922129
202300010680;20;3;2023;20:40;5;92;92012;2;1;2;7;REPUBLIQUE (BOULEVARD DE LA) 79/FIN - 76;48,8332235;2,24526376
202300010681;20;11;2023;11:50;1;34;34301;2;1;1;6;BOSC (QUAI DE);43,40907;3,69463
202300010682;15;8;2023;21:40;5;95;95197;2;9;1;3;D928;48,96019;2,32695
202300010683;29;12;2023;12:55;1;92;92051;2;1;1;3;ROULE (AVENUE DU, N° 29 A 91 ET 30 A 86);48,8827161;2,27651596
202300010684;26;5;2023;19:58;5;987;98733;2;1;1;1;PK19;-17,668476;-149,592977
202300010685;9;7;2023;08:45;1;40;40175;1;1;1;5;D 30;43,835719;-0,370231
202300010686;16;8;2023;01:00;3;95;95476;1;1;1;6;D915;49,07529;2,07681
202300010687;20;3;2023;13:40;1;92;92012;2;2;1;1;EDOUARD VAILLANT (AVENUE) 57/FIN - 58/FI;48,83554;2,24946
202300010688;22;11;2023;18:05;5;34;34172;2;1;1;2;MOULARES (CHEMIN DE;43,5983;3,89331
202300010689;9;7;2023;15:15;1;24;24484;1;1;1;7;Route de Fayard;45,118298;0,87612
202300010690;29;12;2023;15:15;1;92;92044;2;3;8;3;ED.VAILLANT(RUE) 47A73 ET 50A78;48,89452823;2,29033493
202300010691;7;7;2023;16:00;1;28;28203;1;1;1;6;d920;48,462365;1,208861
202300010692;22;11;2023;17:30;1;33;33318;2;1;1;3;11bis Avenue Pierre Wiehn;44,80152;-0,63122
202300010693;26;5;2023;13:20;1;987;98733;2;1;1;6;PK 23.500;-17,706399;-149,583921
202300010694;14;8;2023;17:15;1;91;91421;1;1;2;7;NATIONALE 6 (GLACIERE);48,70307;2,44369
202300010695;14;3;2023;23:37;5;92;92004;2;3;1;6;AULAGNIER ( QUAI );48,91407;2,30991
202300010696;28;12;2023;12:57;1;92;92025;2;1;8;3;ESTIENNE D'ORVES (RUE);48,90938305;2,2318992
202300010697;15;8;2023;14:15;1;83;83061;2;1;1;7;AVENUE GÉNÉRAL NORBERT RIERA;43,448082;6,748624
202300010698;19;3;2023;19:45;3;83;83049;2;1;1;6;D97;43,244634;6,084864
202300010699;9;7;2023;12:20;1;30;30307;1;3;1;3;N106;44,169777;4,051176
202300010700;6;5;2023;08:40;1;987;98733;2;1;1;3;Grottes de Maraa;-17,74649;-149,564781
202300010701;22;11;2023;08:20;1;33;33529;2;1;1;4;CAZAUX (BD DE) DU 02 ET +;44,60921;-1,13223
202300010702;29;12;2023;14:15;1;92;92023;2;1;1;3;GENERAL DE GAULLE (AVENUE DU) N°2 A 132;48,79284049;2,26980105
202300010703;14;8;2023;21:25;5;77;77501;1;1;1;6;RTE DE MORET;48,34001;2,8463
202300010704;8;7;2023;15:45;1;88;88454;1;1;1;7;Route de Vaudéville;48,240724;6,537552
202300010705;21;11;2023;15:50;1;31;31555;2;1;1;6;BD DE MARENGO;43,61066;1,45701
202300010706;26;12;2023;11:30;1;86;86190;1;1;1;7;Lieu Dit la Baudiere;46,345632;0,721056
202300010707;5;6;2023;08:54;1;971;97108;2;1;1;7;Lieu Dit Girard;15,912109;-61,21346
202300010708;20;3;2023;18:40;1;62;62647;2;1;2;1;D123;50,380591;2,105159
202300010709;15;8;2023;06:45;1;74;74298;2;6;1;3;COLLINE (ROUTE DE LA );46,186784;6,257519
202300010710;9;7;2023;21:15;2;39;39159;1;1;1;2;N/A;46,88272;5,586265
202300010711;29;12;2023;04:10;3;2A;2A348;1;1;1;6;RD 70;42,151975;8,753872
202300010712;21;3;2023;15:15;1;62;62196;2;1;9;6;D139;50,47578391;1,72789322
202300010713;21;11;2023;13:35;1;29;29019;2;2;1;6;rue Edouard Corbière;48,39178;-4,47419
202300010714;30;12;2023;17:40;3;28;28022;1;1;2;7;Route Departementale 939;48,487487;1,391435
202300010715;15;8;2023;16:00;1;64;64335;1;1;1;2;D817;43,34286;-0,41273
202300010716;9;7;2023;19:00;2;69;69385;2;1;1;1;60 Avenue Général Eisenhower;45,7511906;4,78148847
202300010717;21;3;2023;17:50;1;40;40167;1;1;1;7;D315 PK 19 +275;44,247293;-0,557325
202300010718;3;6;2023;19:30;3;972;97224;2;1;1;1;route de jambette beauséjour;14,649585;-61,043043
202300010719;22;11;2023;19:00;5;28;28332;2;4;1;1;KENNEDY (AVENUE DU PRESIDENT);48,72787;1,38923
202300010720;29;12;2023;14:45;1;86;86170;2;2;1;3;Route Nationale N°147;46,331001;0,811376
202300010721;15;8;2023;08:45;1;64;64445;2;2;8;3;DIDIER DAURAT;43,33113;-0,3796
202300010722;22;11;2023;18:00;2;28;28134;2;1;1;6;VIEUX PRE (RUE DU);48,73206;1,36477
202300010723;21;5;2023;08:58;1;6;6004;1;1;1;4;A8, PK 172.000 voie nord;43,603299;7,083306
202300010724;20;3;2023;18:20;1;35;35193;1;3;1;2;N/A;48,238062;-1,709978
202300010725;15;8;2023;09:16;1;64;64445;2;1;1;2;BOSQUET;43,2972;-0,36643
202300010726;22;11;2023;09:45;2;28;28134;2;1;1;6;BOIS SABOT (RUE DU);48,73682;1,36194
202300010727;20;3;2023;21:15;3;89;89239;2;4;1;6;rue de l'industrie;48,186093;3,318143
202300010728;9;7;2023;17:45;1;90;90080;1;1;1;2;A36;47,65643;6,939235
202300010729;5;6;2023;08:01;1;33;33199;2;2;1;3;Cours de Verdun;44,63625;-1,080726
202300010730;14;12;2023;17:10;2;22;22225;1;1;1;4;N12 PR82+0500;48,5407;-3,07137
202300010731;21;3;2023;00:55;3;62;62129;1;1;1;7;D7;50,11772214;2,81561953
202300010732;9;7;2023;21:50;2;27;27518;1;1;1;6;A 131;49,451361;0,544553
202300010733;15;8;2023;23:15;5;64;64125;2;3;1;3;CUMBA (AVENUE);43,44668;-1,58
202300010734;21;11;2023;17:35;5;27;27229;2;1;2;5;GAMBETTA (BOULEVARD);49,01875;1,1442
202300010735;4;6;2023;17:25;1;77;77322;1;1;1;3;D26e;49,070881;2,618185
202300010736;20;3;2023;17:50;1;56;56123;1;1;1;1;Ville Es Braies;47,687146;-2,338564
202300010737;9;7;2023;00:45;3;84;84087;1;1;1;2;A9;44,098434;4,78858
202300010738;10;8;2023;07:35;1;62;62193;2;2;7;1;Boulevard Léon Gambetta;50,94707;1,84826
202300010739;20;3;2023;19:15;3;79;79063;1;1;1;7;N/A;47,002668;-0,367291
202300010740;4;6;2023;09:00;1;77;77264;1;1;1;7;D201;48,697996;2,963471
202300010741;10;7;2023;04:30;3;13;13001;1;1;1;2;A8;43,523496;5,408431
202300010742;15;8;2023;18:50;1;62;62160;2;3;7;3;D236;50,71697;1,59291
202300010743;21;11;2023;17:35;3;22;22187;2;7;8;6;CHANOINE GUINARD (QUAI DU);48,52415;-2,74781
202300010744;20;3;2023;21:00;5;11;11397;2;1;1;1;D3;43,203186;2,430752
202300010745;4;6;2023;16:10;1;77;77480;1;1;1;1;D107;48,445493;2,883106
202300010746;15;8;2023;08:00;1;62;62035;2;1;1;6;Rue Frederic Joliot Curie;50,53104537;2,60472679
202300010747;30;12;2023;10:05;1;71;71052;1;1;1;4;autroute A6;46,592888;4,896571
202300010748;9;7;2023;17:40;1;13;13112;1;1;1;2;A7 - PK 252.000 - SENS SUD NORD;43,512985;5,233183
202300010749;21;3;2023;14:50;1;34;34284;2;1;8;3;84 Grand'Rue;43,488015;2,763024
202300010750;30;12;2023;19:20;5;30;30334;2;1;1;6;Avenue des Cévennes;44,014727;4,414455
202300010751;27;5;2023;13:50;1;2B;2B313;2;1;1;1;Moriani Plage;42,369178;9,529706
202300010752;14;8;2023;11:50;1;61;61169;2;2;1;3;VC;48,731924;-0,58335
202300010753;21;3;2023;07:55;2;29;29212;1;2;1;3;route de Guilers;48,38101;-4,576117
202300010754;22;11;2023;15:30;1;13;13117;2;3;1;1;SALYENS ( AVENUE DES );43,44398;5,25176
202300010755;9;7;2023;23:55;3;33;33229;1;6;1;6;D106;44,778092;-1,018354
202300010756;4;6;2023;23:30;5;2B;2B042;1;1;1;6;Route des Marines de Borgo;42,578702;9,509976
202300010757;29;12;2023;09:00;1;30;30331;1;1;1;3;Route départementale 6086;44,125037;4,614547
202300010758;10;8;2023;13:45;1;61;61466;2;1;1;1;C11;48,7369;-0,5413
202300010759;4;7;2023;19:27;1;78;78009;1;1;2;6;A10;48,47696;1,912984
202300010760;29;12;2023;23:38;5;37;37153;1;1;1;6;A10;47,49031628;0,82009077
202300010761;5;6;2023;12:40;5;2A;2A247;2;1;1;6;rue maréchal leclerc;41,591439;9,278158
202300010762;6;8;2023;18:38;1;59;59392;2;1;1;7;DIX-NEUF MARS 1962 (AVENUE DU);50,275462;3,982227
202300010763;22;11;2023;15:00;1;13;13210;2;2;1;3;ELIE WIESEL (BD);43,27146324;5,42199915
202300010764;21;3;2023;16:20;1;38;38434;1;3;1;3;D73;45,514625;5,525179
202300010765;3;6;2023;13:45;1;48;48135;1;1;1;6;Chemin Départemental 906;44,420149;3,93222
202300010766;8;7;2023;16:00;1;987;98733;2;1;1;1;PK 29.00, RT1, Hauteur du panneau fin agglomération PAEA;-17,746561;-149,56461
202300010767;22;11;2023;12:50;1;13;13210;2;1;1;2;ELIE WIESEL (BD);43,27495721;5,42487596
202300010768;30;12;2023;13:50;1;89;89076;1;1;1;3;RD 129, PK 1+130;48,013446;3,681396
202300010769;21;3;2023;15:00;1;50;50639;2;1;1;6;Rue du Général de Gaulle;48,836253;-1,221054
202300010770;15;8;2023;21:45;5;38;38185;2;1;1;3;AVENUE PAUL VERLAINE;45,16236;5,71499
202300010771;21;11;2023;16:04;1;13;13205;2;2;1;3;EUGENE PIERRE (BOULEVARD);43,29765;5,39055
202300010772;3;6;2023;17:45;1;34;34143;1;3;1;6;Allee Raimond Roger Trencavel;43,448771;3,606552
202300010773;9;7;2023;17:50;1;2A;2A288;1;1;1;1;CD 859;41,538121;9,176309
202300010774;30;12;2023;13:39;1;61;61479;1;1;1;1;D2;48,664006;-0,077579
202300010775;20;3;2023;22:40;3;18;18126;1;1;1;1;N/A;46,917265;2,411284
202300010776;10;7;2023;09:23;1;66;66011;2;1;7;6;85 Avenue Jean Jaurès;42,60584813;2,89349869
202300010777;30;12;2023;07:45;2;55;55462;1;1;1;7;D331;48,99915253;5,65364252
202300010778;20;11;2023;17:00;1;13;13206;2;3;1;3;BRETEUIL (RUE);43,29177;5,3753
202300010779;14;8;2023;23:30;5;34;34172;2;3;1;1;EUCALYPTUS (RUE DES);43,62267661;3,85458648
202300010780;3;6;2023;18:40;1;34;34213;1;3;1;1;RD2E5;43,471063;3,681182
202300010781;20;3;2023;14:15;1;10;10295;1;1;1;1;D671;48,08138;4,384537
202300010782;23;11;2023;01:35;5;11;11069;2;1;1;7;3 Place du Général de Gaulle;43,21026;2,35277
202300010783;15;8;2023;12:40;1;34;34003;2;1;1;2;Avenue de la Butte;43,29133;3,51469
202300010784;29;12;2023;17:20;5;12;12026;2;1;1;4;Avenue Claude Salles;44,393756;2,777613
202300010785;9;7;2023;13:00;1;34;34143;1;1;1;5;RD 613;43,43909273;3,62463559
202300010786;4;6;2023;15:40;1;34;34327;2;3;1;1;8 Chemin des 4 Coins;43,656159;3,96217
202300010787;21;3;2023;12:30;1;53;53121;2;1;1;1;route des rabelais;48,415359;-0,340126
202300010788;12;12;2023;09:00;1;34;34332;2;3;1;3;Boulevard de la Liberte;43,310924;3,418685
202300010789;9;7;2023;17:50;1;83;83035;1;3;7;1;5471Route des Hauts du Camp;43,255135;5,758746
202300010790;15;8;2023;19:45;1;33;33529;1;1;1;4;RD 1250 (OUSTALET - BONNEVAL);44,61483;-1,14306
202300010791;21;11;2023;19:30;5;10;10387;2;4;2;3;GAMBETTA (RUE);48,29771;4,06709
202300010792;30;12;2023;16:35;1;68;68216;2;1;1;7;29 Rue Principale;47,511378;7,215984
202300010793;4;6;2023;17:45;1;13;13015;2;1;3;1;D6b;43,423565;5,388772
202300010794;14;8;2023;16:55;1;17;17415;2;9;1;7;FENETRE RUE DE LA;45,755354;-0,634508
202300010795;9;7;2023;21:10;2;83;83042;2;6;1;1;D558;43,256584;6,532118
202300010796;20;3;2023;20:15;3;27;27019;1;2;1;3;pk 37 N12;48,678519;0,799076
202300010797;21;11;2023;17:45;5;10;10387;2;3;1;3;ST DOMINIQUE (MAIL);48,29474;4,08261
202300010798;14;12;2023;17:00;3;70;70405;1;1;2;1;N57;47,496995;6,109557
202300010799;3;6;2023;22:00;5;13;13041;2;9;1;6;rue Franklin;43,456233;5,469128
202300010800;15;8;2023;23:52;5;17;17306;2;2;1;3;CLEMENCEAU  GEORGES (BD);45,63143;-1,02969
202300010801;9;7;2023;11:30;1;4;4039;1;1;1;1;RD 952;43,834836;6,493263
202300010802;21;3;2023;01:50;3;87;87028;1;1;1;6;D4;46,174716;0,853275
202300010803;29;12;2023;16:53;1;14;14406;1;1;1;6;D93;49,255727;-0,520264
202300010804;21;11;2023;16:53;2;10;10387;2;1;8;2;FAUBOURG CRONCELS (RUE DU);48,28181;4,07966
202300010805;15;8;2023;22:30;3;14;14715;1;1;1;6;47 Route de Honfleur;49,38106;0,10093
202300010806;8;7;2023;07:42;1;13;13007;2;1;1;2;D560;43,369392;5,657305
202300010807;3;6;2023;21:20;2;70;70081;1;1;1;1;D143;47,69293;6,425313
202300010808;29;12;2023;11:30;1;64;64294;1;1;1;7;lieu-dit le chäteau;43,384866;-1,057845
202300010809;20;3;2023;14:30;1;30;30018;1;1;1;1;N/A;43,8195;4,0524
202300010810;21;11;2023;13:17;1;10;10387;2;3;1;1;MARGUERITE BOURGEOYS (RUE);48,29699;4,08441
202300010811;15;8;2023;00:55;5;13;13213;2;3;1;3;BARA (BOULEVARD);43,34763;5,44881
202300010812;5;6;2023;00:55;3;89;89067;2;1;1;6;Rue du Moulin d'En Haut;47,992072;3,339994
202300010813;29;12;2023;19:00;3;4;4121;1;1;1;6;D907;44,011257;6,207297
202300010814;9;7;2023;11:15;1;13;13022;1;1;1;1;CD559;43,23486875;5,51200505
202300010815;16;3;2023;14:15;1;67;67324;2;1;7;6;Rue Clemenceau;48,950711;7,642064
202300010816;22;11;2023;14:50;1;6;6088;2;1;1;6;KLEIN (PL. YVES);43,70172;7,27848
202300010817;29;5;2023;18:27;1;67;67160;1;1;7;6;D28;48,939585;7,763697
202300010818;8;7;2023;17:00;1;71;71193;1;1;1;6;D67;46,602457;4,802077
202300010819;7;10;2023;02:00;3;35;35275;1;1;1;1;la Croix Denieul;48,16853743;-1,84158862
202300010820;15;8;2023;15:20;1;13;13209;2;1;1;3;COL DE LA GINESTE D559;43,23782304;5,49341257
202300010821;5;6;2023;09:30;1;55;55178;1;1;1;6;D6;48,800928;5,29335
202300010822;22;11;2023;09:27;1;6;6088;2;3;1;3;ANGLAIS (DU N° 114 AU N° 263);43,67832;7,22948
202300010823;7;7;2023;17:10;1;21;21352;2;1;1;6;N/A;47,21034992;5,25269788
202300010824;30;12;2023;03:10;3;6;6085;2;1;1;7;333 Boulevard Georges Courteline;43,598374;6,996703
202300010825;29;12;2023;22:00;3;987;98715;1;1;1;7;Sortie RDO PUURAI dans le sens faaa - papeete;-17,584;-149,56
202300010826;8;7;2023;11:55;1;68;68199;2;1;1;6;12 Allee de la Filature;47,86438;7,03825
202300010827;20;11;2023;08:00;1;6;6027;2;6;1;6;ALPES AVENUE DES;43,6627791;7,1317666
202300010828;14;8;2023;09:57;1;13;13202;2;1;1;1;REPUBLIQUE (RUE DE LA);43,2978;5,3727
202300010829;2;6;2023;10:55;1;54;54176;1;3;7;3;D914;48,64799134;6,4826256
202300010830;21;3;2023;14:25;1;33;33042;1;1;1;2;A63 - PK043.500;44,471055;-0,822872
202300010831;30;12;2023;03:05;5;38;38382;1;1;8;6;a.48 pk 090.500 direction lyon;45,242004;5,659032
202300010832;22;11;2023;14:30;1;4;4070;2;1;7;6;SOUSTRE (BD);44,09155;6,23689
202300010833;27;7;2023;11:11;1;11;11262;2;6;1;2;N/A;43,175832;3,0262
202300010834;29;6;2023;13:30;1;67;67046;1;2;1;1;Rue de Rohrwiller;48,760694;7,86944
202300010835;15;8;2023;08:00;1;3;3321;1;1;2;6;RD 779;46,57996;3,38602
202300010836;17;11;2023;16:20;2;3;3023;1;1;1;1;Avenue Fernand Auberger;46,102863;3,401621
202300010837;4;6;2023;12:00;1;54;54111;1;1;1;2;chemin du charbonnier;48,64390119;6,07972026
202300010838;6;7;2023;18:20;1;88;88078;2;4;1;3;20bis Avenue de Lattre de Tassigny;48,206171;6,715511
202300010839;15;8;2023;03:20;5;75;75120;2;4;1;6;BOULEVARD PERIPHERIQUE EXTERIEUR;48,875701;2,410144
202300010840;29;12;2023;20:11;3;83;83097;1;1;1;4;autoroute A8 point routier 46+700 sens Est-Ouest;43,479425;5,760741
202300010841;20;3;2023;13:50;1;69;69024;1;1;1;5;L'Azergues;45,939706;4,543866
202300010842;22;11;2023;08:22;1;75;75119;2;7;1;3;AVENUE DE LA PORTE CHAUMONT;48,88646;2,394401
202300010843;4;6;2023;00:40;3;42;42065;1;1;3;6;Route de Rozier en Donzy;45,781416;4,253731
202300010844;7;7;2023;09:40;1;38;38474;2;2;1;3;Rue des Grands Champs;45,219683;5,66107
202300010845;29;12;2023;22:05;3;38;38053;1;1;1;2;A43;45,602089;5,26228
202300010846;21;3;2023;07:25;1;13;13118;1;1;7;2;A8 sens nord sud PK 005+000;43,55509138;5,27911986
202300010847;7;7;2023;17:50;1;1;1276;1;1;1;1;Rue du pont de jons;45,81432;5,085683
202300010848;15;8;2023;15:00;1;75;75105;2;3;1;1;QUAI SAINT MICHEL;48,853317;2,345905
202300010849;22;11;2023;16:00;1;75;75116;2;3;1;3;AVENUE VICTOR HUGO;48,87196;2,290742
202300010850;30;12;2023;11:15;1;973;97305;1;1;1;3;Route Nationale 1;4,991595;-52,4499
202300010851;9;7;2023;05:40;2;81;81099;1;1;1;7;12 Chemin de la Mousse;43,914106;1,918976
202300010852;15;8;2023;15:00;1;75;75118;2;1;1;3;BOULEVARD ORNANO;48,893097;2,348407
202300010853;10;7;2023;13:40;1;65;65006;1;1;1;7;D113 PK 19+500;42,9389426;0,28476415
202300010854;12;3;2023;11:56;1;988;98821;2;3;1;3;RT1/Entrée parking du magasin Korail;-22,1296;166,364374
202300010855;22;11;2023;09:40;1;75;75116;2;3;1;3;BOULEVARD SUCHET;48,862634;2,268082
202300010856;9;7;2023;11:50;1;29;29057;1;1;1;7;ZA la Grande Halte;47,92545585;-3,97493117
202300010857;15;8;2023;20:10;2;75;75108;2;3;1;3;BOULEVARD HAUSSMANN;48,874082;2,324593
202300010858;29;12;2023;16:40;1;44;44020;2;1;2;7;8 Rue Eugène Pottier;47,17616;-1,625006
202300010859;15;3;2023;16:30;1;6;6147;2;1;1;1;645 Boulevard Léon Sauvan;43,785554;7,271624
202300010860;22;11;2023;11:15;1;75;75113;2;1;1;6;RUE DU CHATEAU DES RENTIERS;48,827086;2,368696
202300010861;15;8;2023;12:00;1;93;93046;2;2;1;3;Boulevard Roger Salengro / Rue de Simiane;48,91337;2,53023
202300010862;21;3;2023;08:00;1;57;57482;1;1;8;5;D603;49,117006;6,264908
202300010863;10;7;2023;08:00;1;60;60313;2;3;1;3;D12;49,36786;2,246232
202300010864;22;11;2023;12:08;1;75;75110;2;3;1;6;QUAI DE JEMMAPES;48,871055;2,365944
202300010865;15;8;2023;15:30;1;93;93001;2;2;1;3;Avenue Victor Hugo / Rue des Gardinoux;48,90604433;2,37514222
202300010866;30;12;2023;03:15;3;77;77153;1;1;2;5;N2;49,05439;2,699531
202300010867;21;11;2023;23:20;4;75;75117;2;9;1;2;AVENUE DE LA GRANDE ARMEE;48,877187;2,28372
202300010868;7;7;2023;17:00;1;59;59416;2;2;1;3;Avenue des Flandres;50,703807;2,524098
202300010869;15;8;2023;18:30;1;92;92033;2;2;1;3;GEORGES CLEMENCEAU;48,84268649;2,1864152
202300010870;18;3;2023;13:00;1;38;38562;1;1;1;4;N85;45,080641;5,766256
202300010871;22;11;2023;18:30;5;75;75107;2;1;9;7;PORT DE LA BOURDONNAIS;48,86276;2,2999
202300010872;12;8;2023;21:30;5;13;13028;1;1;1;3;A50-Sens Aubagne vers Toulon;43,20577;5,58847
202300010873;8;7;2023;19:00;1;13;13215;1;9;1;2;A7-Sens Lyon vers Marseille;43,37555188;5,35995209
202300010874;30;12;2023;05:40;3;4;4106;1;3;1;3;D4096;43,961162;5,89991
202300010875;22;11;2023;14:30;1;75;75107;2;2;1;7;AVENUE DE LA MOTTE PICQUET;48,85722;2,309939
202300010876;9;3;2023;11:30;1;69;69238;2;1;1;6;Rue Andre Loste;45,631314;4,458277
202300010877;15;8;2023;19:40;1;83;83144;1;1;1;2;A57;43,13372646;5,98554601
202300010878;22;11;2023;13:25;1;75;75107;2;1;1;6;AVENUE DE LA MOTTE PICQUET;48,854964;2,306547
202300010879;8;7;2023;04:50;2;13;13023;1;1;1;2;A50;43,20918;5,62056
202300010880;11;12;2023;07:40;2;67;67046;2;3;1;6;Rue des Violettes;48,774625;7,851872
202300010881;22;11;2023;23:15;5;75;75102;2;3;1;6;RUE MONTMARTRE;48,870858;2,342849
202300010882;30;12;2023;02:20;3;7;7247;2;9;1;6;920 Route de la Gare;44,587092;4,533303
202300010883;10;8;2023;15:15;1;69;69142;1;1;1;3;Route de Métropole 7;45,72926;4,816
202300010884;18;3;2023;18:40;2;69;69250;2;1;1;3;41 Avenue de la Poterie;45,822144;4,716167
202300010885;8;7;2023;18:00;1;83;83137;1;1;1;4;A57;43,12665296;5,97393251
202300010886;29;12;2023;19:15;3;85;85302;1;1;2;3;la maucarière;46,915529;-0,979038
202300010887;14;8;2023;22:30;3;91;91136;1;1;2;6;AUTOROUTE A10;48,71057;2,28708
202300010888;20;11;2023;21:34;5;75;75103;2;3;2;6;BOULEVARD BEAUMARCHAIS;48,860084;2,367404
202300010889;9;7;2023;00:20;3;69;69266;1;1;1;6;Boulevard Périphérique Nord;45,79161;4,88266
202300010890;19;3;2023;11:00;1;17;17219;2;2;1;3;Avenue de Lattre de Tassigny;45,828601;-1,115842
202300010891;14;8;2023;04:45;3;95;95424;1;1;1;6;A15;48,99077818;2,19376802
202300010892;8;7;2023;10:55;1;69;69276;1;1;1;6;Autoroute 7 ;45,66338;4,8427
202300010893;29;12;2023;01:10;5;59;59400;1;1;6;7;168 Rue Barra;50,646178;2,658778
202300010894;22;11;2023;17:15;5;94;94041;2;1;1;3;Avenue de l’Industrie;48,81015582;2,40687838
202300010895;15;8;2023;13:15;1;77;77438;1;1;1;6;A104;48,85991343;2,6666107
202300010896;8;7;2023;08:50;1;67;67482;1;1;1;4;M35;48,56597;7,73276
202300010897;22;12;2023;17:40;3;59;59603;1;1;1;2;AUTOROUTE A2;50,341;3,487052
202300010898;22;11;2023;21:15;5;94;94016;2;9;1;1;Avenue Cousin de Méricourt;48,79587;2,33535
202300010899;14;8;2023;21:48;3;94;94073;1;1;1;2;A86;48,76965562;2,38000814
202300010900;9;7;2023;13:00;1;91;91689;1;1;1;2;A6;48,739299;2,318744
202300010901;19;3;2023;01:00;3;85;85003;1;1;1;4;RD948;46,72371;-1,55666
202300010902;22;11;2023;14:10;1;94;94038;2;1;1;6;Avenue du Général de Gaulle;48,78322;2,34537
202300010903;14;8;2023;05:05;5;94;94004;1;1;1;6;N19;48,76092035;2,49734715
202300010904;29;12;2023;17:45;3;91;91136;1;1;2;4;AUTOROUTE A10;48,71328;2,27794
202300010905;22;11;2023;10:20;1;94;94077;2;1;1;6;Avenue Paul Painlevé;48,73933499;2,41697107
202300010906;8;7;2023;13:30;1;94;94034;1;1;1;5;A86;48,7584371;2,32563827
202300010907;21;3;2023;17:50;1;49;49301;2;6;1;3;Rue du Carrefour Rouge (St André-de-la-Marche);47,10833;-0,992063
202300010908;29;12;2023;15:05;1;91;91570;1;1;1;2;RN 104;48,62504;2,30934
202300010909;15;6;2023;19:20;1;94;94017;2;1;1;6;Voie Sonia Delaunay;48,81258992;2,53187596
202300010910;29;12;2023;18:00;3;78;78217;1;1;2;7;A13;48,964617;1,822725
202300010911;20;3;2023;17:00;1;35;35240;2;6;1;6;Rue Jean Châtel;48,09876437;-1,78834409
202300010912;22;11;2023;07:15;3;94;94022;2;2;1;6;Voie de l'Epinette;48,77215045;2,40688774
202300010913;9;7;2023;15:05;1;93;93006;1;1;1;3;AUTOROUTE A3;48,86919;2,42968
202300010914;14;6;2023;22:49;5;92;92049;2;3;1;7;GUESDE RUE JULES AUTRES N°;48,81415169;2,30533451
202300010915;22;11;2023;00:30;5;94;94071;2;1;1;6;Boulevard Louis Boon;48,776998;2,513523
202300010916;29;12;2023;04:00;5;92;92026;1;1;1;2;RN192;48,89400206;2,24078538
202300010917;8;7;2023;04:40;3;75;75112;1;1;1;2;A4;48,819807;2,459598
202300010918;15;6;2023;16:30;1;91;91689;1;1;1;3;AUTOROUTE A6B;48,744;2,324
202300010919;20;3;2023;09:15;1;33;33143;1;1;1;4;AUTOROUTE A 10;44,95552593;-0,45241356