Num_Acc;jour;mois;an;hrmn;lum;dep;com;agg;int;atm;col;adr;lat;long
202300010920;22;11;2023;08:35;1;93;93066;2;2;1;6;Avenue Marcel Cachin / Avenue Romain Rolland;48,93736;2,37194
202300010921;28;12;2023;21:40;3;92;92036;1;1;1;5;AUTOROUTE A86;48,93851705;2,30001759
202300010922;15;6;2023;05:15;2;91;91312;1;1;1;2;RD 444;48,73636;2,22862
202300010923;7;7;2023;17:00;1;77;77373;1;1;1;2;RN104;48,797104;2,622287
202300010924;22;11;2023;08:50;1;93;93079;2;9;8;6;Route de Saint-leu;48,95346271;2,33626097
202300010925;29;12;2023;18:30;3;77;77373;1;1;1;3;RN104;48,76322073;2,6158798
202300010926;27;4;2023;17:20;1;43;43046;2;1;1;6;12 Rue de l'Aubette;45,06681;3,90344
202300010927;22;11;2023;08:35;1;92;92064;1;1;1;3;MARCEL DASSAULT;48,85303;2,22279
202300010928;20;3;2023;19:40;3;91;91161;1;1;1;5;AUTOROUTE A6;48,69407;2,31969
202300010929;14;8;2023;18:30;5;974;97411;2;2;8;3;GIMART (AVENUE STANISLAS);-20,89442;55,47496
202300010930;28;4;2023;14:30;1;62;62160;2;1;1;6;Rue Nationale;50,722045;1,607606
202300010931;28;12;2023;21:25;3;77;77337;1;1;1;2;RN104;48,82814833;2,61805928
202300010932;22;11;2023;15:05;1;92;92051;2;3;1;6;GENERAL LECLERC (BOULEVARD DU, N° 1 A 27;48,88915483;2,25919783
202300010933;11;8;2023;17:50;1;974;97409;1;1;1;2;PATELIN (chemin);-20,9725;55,67892
202300010934;20;3;2023;14:55;1;94;94003;1;1;1;4;A6B;48,8019795;2,34359623
202300010935;8;9;2023;19:30;1;47;47086;1;1;1;1;Taminage;44,69045414;0,20585217
202300010936;16;4;2023;19:40;1;62;62667;2;1;1;3;Boulevard d'Arras;50,71287797;1,58141667
202300010937;22;11;2023;21:30;5;92;92050;2;3;1;3;SARTROUVILLE RUE DE;48,90987;2,21565
202300010938;14;8;2023;07:15;1;973;97302;2;6;1;3;SUZINI (CARREFOUR);4,92698;-52,28996
202300010939;20;3;2023;12:20;1;94;94038;1;1;1;4;A6A;48,77662426;2,34629943
202300010940;28;12;2023;13:55;1;988;98818;2;2;1;3;ROUTE DU PORT DESPOINTES/RUE DE METZ;-22,27752;166,45048
202300010941;8;7;2023;01:25;5;75;75107;2;2;1;3;AVENUE DE BRETEUIL;48,851647;2,312532
202300010942;5;8;2023;14:23;1;973;97302;2;1;1;7;MADELEINE (ROUTE DE LA);4,90792;-52,32201
202300010943;22;11;2023;14:30;1;92;92050;2;3;1;4;CLEMENCEAU GEORGES AVENUE N° PAIR;48,88661694;2,20676243
202300010944;14;8;2023;09:28;1;972;97213;1;1;1;6;ROUTE DEPARTEMENTALE 3;14,61223;-60,99944
202300010945;28;12;2023;07:15;1;976;97611;2;1;1;6;tsoundzou-Maternelle ( rue de la );-12,80746;45,2052
202300010946;20;3;2023;07:35;1;95;95252;1;1;1;3;A15;48,97685891;2,23427744
202300010947;8;7;2023;09:00;1;976;97611;2;6;1;2;mgombani-Mahabou (rond point);-12,78312;45,23434
202300010948;22;11;2023;09:50;1;92;92020;2;1;1;7;PARIS AVENUE DE N° IMPAIRS;48,80768217;2,29479736
202300010949;14;8;2023;12:15;1;69;69149;2;3;1;3;Grande Rue;45,71508;4,80803
202300010950;27;12;2023;16:40;1;974;97416;1;1;1;3;BOIS NOIRS(ALLEE DES);-21,29541;55,45006
202300010951;20;3;2023;06:45;2;77;77337;1;1;1;6;A4;48,83006;2,61699
202300010952;22;11;2023;11:15;1;92;92044;2;1;1;6;BAUDIN (RUE) 27A83 ET 36 A84;48,8979938;2,28483617
202300010953;19;9;2023;00:05;5;75;75116;2;3;1;3;AVENUE PAUL DOUMER;48,860672;2,282359
202300010954;8;7;2023;14:15;1;974;97416;1;1;1;4;RN02;-21,32977;55,47241
202300010955;28;12;2023;17:45;5;69;69383;2;9;1;6;Rue de Bonnel;45,76171;4,8463
202300010956;13;8;2023;23:45;5;971;97113;1;1;1;6;BAS DU FORT;16,2194;-61,51708
202300010957;21;11;2023;21:10;5;92;92044;2;1;1;6;CAMILLE PELLETAN(RUE)17 + ET 14+;48,89645971;2,29172677
202300010958;18;3;2023;21:45;3;77;77122;1;1;1;6;RN104;48,65222063;2,61326769
202300010959;8;7;2023;22:20;5;974;97411;2;3;1;3;PLESSIS (RUE DU);-20,89711;55,48682
202300010960;22;11;2023;09:11;1;92;92026;2;1;1;6;ALMA;48,89651555;2,25139618
202300010961;13;8;2023;20:30;4;971;97113;2;1;1;3;SECTION MARE-GAILLARD;16,21359;-61,43942
202300010962;19;9;2023;21:50;3;75;75112;2;2;1;3;COURS DE VINCENNES;48,847155;2,406238
202300010963;22;11;2023;19:30;5;92;92025;2;9;1;3;EDGARD QUINET (BD);48,92400523;2,24811388
202300010964;14;8;2023;10:40;1;95;95268;2;3;1;6;D84;48,96215508;2,40214348
202300010965;28;12;2023;08:35;1;69;69387;2;4;1;3;Avenue Félix Faure;45,75215549;4,84695821
202300010966;7;7;2023;18:10;3;974;97411;2;2;1;3;BOYER DE LA GIRODAY (RUE);-20,90614;55,50215
202300010967;19;3;2023;17:00;1;988;98818;2;9;1;3;RUE JACQUES IEKAWE;-22,22986;166,48132
202300010968;19;9;2023;18:30;1;75;75110;2;2;1;6;BOULEVARD DE STRASBOURG;48,872271;2,355908
202300010969;7;7;2023;16:50;1;974;97409;2;1;1;6;Grand Canal ( chemin);-20,95876;55,68835
202300010970;23;11;2023;17:40;2;35;35136;1;2;2;3;Les Landes de Bellevue;47,919301;-1,534095
202300010971;10;8;2023;21:03;1;91;91228;2;1;1;3;AV DU LAC;48,62152;2,42459
202300010972;28;12;2023;12:20;1;972;97209;2;3;1;3;BALATA (ROUTE DE);14,63433;-61,07303
202300010973;22;11;2023;17:15;2;39;39427;1;1;1;6;N/A;46,811968;6,035706
202300010974;19;9;2023;07:50;2;75;75109;2;2;1;6;RUE DE CHATEAUDUN;48,875889;2,339872
202300010975;19;3;2023;11:30;1;974;97416;1;2;1;3;D'EQUERRE (LIGNE);-21,29538;55,46146
202300010976;8;7;2023;14:30;1;973;97302;2;2;1;3;BADUEL (ROUTE DE);4,93924968;-52,31833085
202300010977;9;8;2023;15:30;1;91;91228;2;2;1;3;BD MAL DE LATTRE DE TASSIGNY;48,62493;2,45198
202300010978;17;11;2023;07:58;2;83;83072;2;6;7;6;Rond-Point 19 Mars 1962 (Arrêt de bus);43,490129;6,363541
202300010979;28;12;2023;08:35;1;972;97209;2;1;1;1;VICTOR SEVERE (RUE);14,60635;-61,07041
202300010980;19;9;2023;11:45;1;75;75108;2;2;1;7;PLACE DE LA CONCORDE;48,866803;2,322099
202300010981;19;3;2023;08:50;1;974;97416;1;1;1;1;BADAMIER(CHEMIN);-21,30828;55,457
202300010982;8;7;2023;09:20;1;69;69383;2;2;1;3;Rue Docteur Rebatel;45,75061631;4,87392141
202300010983;13;8;2023;20:35;2;83;83137;1;1;1;3;FAVIERES (CHEMIN DES);43,1490469;5,97393948
202300010984;23;11;2023;11:30;1;84;84088;1;3;1;3;D938;44,026261;5,052222
202300010985;28;12;2023;16:40;1;69;69081;2;3;1;6;Rue Benoit Tabard;45,77385;4,77671
202300010986;18;3;2023;09:40;1;974;97416;2;1;1;6;AUGUSTIN ARCHAMBAUD(RUE);-21,32986;55,47998
202300010987;19;9;2023;08:05;1;75;75107;2;3;1;6;RUE SAINT DOMINIQUE;48,859032;2,304255
202300010988;8;7;2023;03:48;5;69;69383;2;2;2;3;Rue de Bonnel;45,76297836;4,86184172
202300010989;27;10;2023;17:40;1;43;43040;2;1;7;6;Rue Emile Barbet;45,301309;3,380378
202300010990;10;8;2023;16:50;1;83;83118;2;1;1;6;BOULEVARD DE LA PLAGE;43,43286498;6,8577801
202300010991;8;7;2023;13:50;1;972;97213;1;1;1;2;AUTOROUTE A1;14,6183;-61,0204
202300010992;28;12;2023;13:35;1;2B;2B304;2;9;1;3;TOUTES RUES;42,3957;9,2622
202300010993;19;9;2023;20:00;5;75;75102;2;3;1;7;BOULEVARD DE BONNE NOUVELLE;48,86977734;2,35227048
202300010994;19;3;2023;05:55;1;974;97411;2;6;1;3;JAURES (BOULEVARD JEAN);-20,88977;55,46126
202300010995;20;11;2023;07:00;3;68;68253;1;1;1;6;Route de Service EDf;47,77437;7,521137
202300010996;10;8;2023;16:15;1;77;77186;2;1;1;3;ROND POINT OBELISQUE;48,39679;2,69194
202300010997;8;7;2023;23:00;5;69;69382;2;1;1;6;13 Quai Jean Moulin;45,76544;4,83834
202300010998;19;3;2023;07:05;1;973;97302;2;1;1;7;REPUBLIQUE (BD DE LA);4,93793;-52,32292
202300010999;23;11;2023;08:30;1;35;35066;1;1;8;3;N/A;48,034333;-1,68785
202300011000;19;9;2023;17:55;1;94;94081;2;1;1;5;PONT DU PORT A L'ANGLAIS;48,796992;2,418235
202300011001;25;12;2023;03:40;5;971;97101;2;2;1;6;RN5-BOISRIPEAUX;16,27586;-61,50742
202300011002;13;8;2023;23:50;5;76;76351;2;2;1;7;WINSTON CHURCHILL;49,49401;0,13839
202300011003;8;7;2023;10:30;1;69;69382;2;3;1;6;Rue Childebert;45,76024;4,83553
202300011004;27;12;2023;17:50;5;95;95306;2;1;1;6;D392;48,997502;2,182144
202300011005;19;3;2023;20:00;5;972;97213;1;1;1;5;AUTOROUTE A1;14,609;-61,00558
202300011006;6;7;2023;11:30;1;971;97107;2;3;1;7;MARQUISAT ( ROUTE DE );16,04107041;-61,56641722
202300011007;18;9;2023;22:00;5;94;94081;2;1;1;3;D155;48,80107;2,40187
202300011008;23;11;2023;11:30;1;25;25246;1;1;1;6;autoroute A36 PK 084+745 vers MULHOUSE;47,407179;6,459188
202300011009;8;7;2023;07:30;1;95;95428;2;1;1;6;D124;49,00366685;2,31856585
202300011010;24;12;2023;20:20;3;91;91425;1;1;1;6;RTE D ORLEANS RN 20;48,65154;2,27256
202300011011;18;3;2023;08:50;1;972;97213;1;1;1;2;EMMANUEL COURANT (RUE);14,61036;-61,00438
202300011012;19;9;2023;07:25;1;94;94080;2;3;1;3;Rue de Fontenay;48,84819933;2,4377203
202300011013;8;7;2023;09:10;1;83;83137;2;1;1;6;BARTOLINI (RUE JEAN);43,12018;5,94272
202300011014;19;3;2023;21:40;5;76;76366;2;3;1;6;Rue du Général de Gaulle;49,505;1,04105
202300011015;14;8;2023;20:40;2;74;74012;2;1;1;3;TOURNELLES (RUE DES);46,19;6,24
202300011016;28;12;2023;15:20;1;91;91027;2;2;1;3;RUE GEORGES FOURNIER;48,7049;2,36765
202300011017;8;7;2023;00:53;3;81;81021;2;1;2;6;THORE;43,50811536;2,3524189
202300011018;19;9;2023;18:10;1;94;94044;2;1;1;6;Avenue Descartes;48,741034;2,479682
202300011019;8;7;2023;08:50;1;78;78642;2;1;7;6;MALRAUX BD ANDRE;48,983879;1,967279
202300011020;14;8;2023;22:40;5;69;69275;2;1;1;2;Rocade Est;45,77356567;4,98435455
202300011021;19;3;2023;03:10;5;69;69256;2;2;1;3;Avenue Pablo Picasso;45,77558;4,91753
202300011022;19;9;2023;17:58;1;94;94043;2;1;1;6;Rue de la Convention;48,812845;2,361183
202300011023;26;12;2023;20:15;5;87;87085;2;9;1;3;GARIBALDI (AVENUE);45,83519;1,26041
202300011024;14;8;2023;20:40;1;69;69266;2;1;1;2;Boulevard Stalingrad;45,78424123;4,86009508
202300011025;19;3;2023;16:50;1;69;69199;2;3;3;3;Boulevard Yves Farge;45,69879727;4,85727988
202300011026;19;9;2023;12:50;1;94;94041;2;2;1;3;LENINE (R);48,81669;2,39532
202300011027;8;7;2023;20:30;1;77;77039;2;1;1;1;D39;48,52922;2,58078
202300011028;14;8;2023;14:12;1;69;69290;2;1;1;3;Rue de la Cordière;45,69403;4,9492
202300011029;11;8;2023;19:30;2;94;94028;2;1;2;6;AVENUE BERNARD HALPERN;48,79216802;2,44615442
202300011030;8;7;2023;20:00;1;76;76498;2;6;1;2;Rue Pablo Neruda;49,4259;1,059
202300011031;18;3;2023;20:00;3;59;59009;1;1;1;4;BREUCQ BOULEVARD DU;50,63859295;3,14282477
202300011032;18;9;2023;15:35;1;94;94079;2;9;1;6;Chemin des Prunais;48,833894;2,547866
202300011033;14;8;2023;13:05;1;67;67218;2;3;1;1;BURKEL (ROUTE);48,52595;7,71752
202300011034;7;7;2023;23:14;5;73;73008;2;1;9;3;D991 GRAND PORT (RONDEAU) AVENUE DU;45,70007479;5,9033877
202300011035;19;3;2023;13:55;1;54;54270;2;1;1;1;D26;49,49182;5,87504
202300011036;12;8;2023;14:44;1;66;66136;2;3;1;3;N/A;42,70922;2,89146
202300011037;19;9;2023;16:45;1;94;94017;2;1;1;6;Rue de Musselburgh;48,81158;2,51453
202300011038;29;6;2023;13:20;1;73;73008;2;9;1;4;D991 WILSON BOULEVARD;45,68724627;5,90986394
202300011039;12;8;2023;08:09;1;66;66136;2;1;1;6;N/A;42,69518;2,87911
202300011040;17;3;2023;18:25;1;47;47323;2;3;1;3;PUJOLS (AVENUE);44,3997;0,69844
202300011041;19;9;2023;15:45;1;94;94002;2;1;1;6;Rue du Président Kennedy;48,8026;2,4215
202300011042;11;8;2023;20:25;1;66;66136;2;1;2;6;N/A;42,7298;2,89745
202300011043;19;3;2023;01:57;4;38;38151;2;1;1;1;AVENUE VICTOR HUGO;45,15605;5,71268
202300011044;19;9;2023;12:01;1;93;93072;2;1;1;3;RESISTANCE (AVENUE DE LA);48,95715;2,39414
202300011045;8;7;2023;12:15;1;71;71059;1;1;1;7;R.D 290;46,79023;4,4806
202300011046;23;12;2023;14:40;1;87;87050;2;1;2;4;RN 147;45,91127;1,21915
202300011047;14;8;2023;22:05;5;63;63113;2;2;1;3;FLAUBERT (BD GUSTAVE);45,76441;3,12594
202300011048;8;7;2023;07:55;1;71;71540;1;1;1;7;R.D 28;46,78498;4,4371
202300011049;19;9;2023;18:40;1;93;93071;2;1;1;6;Avenue Jean Moulin;48,93373427;2,51866044
202300011050;19;3;2023;17:50;1;37;37261;2;2;1;3;FOUQUET (RUE JEHAN);47,3863;0,68408
202300011051;19;3;2023;14:40;1;35;35115;2;1;1;6;MOTELLE (BD DE LA);48,36264597;-1,21150821
202300011052;15;8;2023;00:55;3;62;62239;1;6;1;7;D246E1;50,92099;1,83955
202300011053;7;7;2023;18:15;1;71;71076;2;6;1;6;NUGUE (AVENUE PIERRE);46,78838;4,86582
202300011054;14;8;2023;18:50;1;54;54547;2;1;1;6;Boulevard de l'Europe;48,663792;6,170563
202300011055;27;12;2023;19:40;5;85;85194;2;1;2;1;Avenue du Pas du Bois;46,49892;-1,741
202300011056;7;7;2023;17:20;1;69;69091;2;1;1;5;Rue de la Paix;45,58709;4,75732
202300011057;19;3;2023;20:20;3;34;34129;1;1;1;2;Avenue de l’Europe;43,570789;3,897833
202300011058;19;9;2023;22:30;5;93;93064;2;2;1;3;Rue de Brément / Avenue du Général de Gaulle;48,88658;2,471883
202300011059;14;8;2023;18:50;1;51;51454;2;6;1;3;ROUSSEAU (PLACE MAX);49,26456;4,00996
202300011060;8;7;2023;11:25;1;67;67482;2;3;1;6;JULES RATHGEBER (RUE);48,56511;7,75458
202300011061;19;9;2023;11:20;1;93;93062;2;1;1;6;Allée des Brulis;48,89864987;2,52871236
202300011062;14;8;2023;18:22;1;49;49007;2;1;1;6;PATTON AVENUE;47,47365;-0,584
202300011063;28;12;2023;19:15;5;84;84087;2;1;1;3;FOCH (AVENUE MARECHAL);44,12993;4,81871
202300011064;19;3;2023;04:10;4;34;34198;1;1;2;5;M66;43,56704;3,95626
202300011065;7;7;2023;14:02;1;67;67180;2;1;1;3;NESSEL (BLD);48,81262;7,78421
202300011066;14;8;2023;20:30;1;37;37261;2;1;1;1;PRESLE (RUE DE LA);47,42;0,70854
202300011067;19;9;2023;18:45;1;93;93050;2;5;1;2;Rue Paul et Camille Thomoux / Avenue Léon Blum;48,866445;2,529065
202300011068;27;12;2023;15:50;1;76;76351;2;3;1;6;ROMAIN ROLLAND (RUE);49,50647;0,11165
202300011069;14;8;2023;13:45;1;37;37208;2;1;1;2;GRANGES GALANT (RUE DES);47,36938;0,71877
202300011070;8;7;2023;12:59;1;64;64445;2;1;1;4;GASTON LACOSTE;43,29244;-0,36356
202300011071;19;3;2023;13:30;1;31;31555;2;1;1;6;BD MATABIAU;43,61501;1,44234
202300011072;28;12;2023;13:55;1;74;74012;2;1;1;3;ETOILE (PLACE DE L');46,19351;6,24004
202300011073;19;9;2023;09:10;1;93;93048;2;3;1;3;Boulevard de Chanzy / Rue Désiré Préaux;48,85852826;2,43164485
202300011074;14;8;2023;13:40;1;35;35238;2;9;1;3;CHURCHILL (AVENUE SIR WINSTON);48,1165;-1,70767
202300011075;18;3;2023;13:00;1;13;13054;2;1;1;3;MARECHAL JUIN (AV DU );43,41944;5,22367
202300011076;8;7;2023;10:40;1;64;64445;2;2;1;6;LILAS DES;43,30401;-0,35101
202300011077;8;7;2023;09:20;1;64;64445;2;1;1;2;GASTON LACOSTE;43,29249;-0,363556
202300011078;14;8;2023;23:20;5;33;33522;2;2;1;3;Avenue de la Vieille Tour;44,81477;-0,60058
202300011079;19;3;2023;07:50;1;13;13204;2;2;2;3;MARÉCHAL JUIN (BOULEVARD);43,30940937;5,40293947
202300011080;19;9;2023;07:54;1;93;93029;2;2;1;3;Rue Mirabeau / Rue Andre Laillie;48,92675;2,43821
202300011081;14;8;2023;19:30;1;29;29232;1;6;2;7;Route de Brest;48,01241;-4,07793
202300011082;9;7;2023;01:35;5;64;64102;2;1;1;3;PONT MAYOU;43,4923;-1,47431
202300011083;27;12;2023;18:10;3;74;74118;1;9;1;2;18 AOUT (RUE DU);46,16919;6,20558
202300011084;14;8;2023;12:10;1;29;29232;1;1;2;6;RN165;48,0159;-4,07813
202300011085;19;3;2023;03:15;5;13;13215;2;1;2;3;SAINT ANTOINE (AVENUE DE);43,3789;5,35701
202300011086;19;9;2023;22:10;5;93;93070;2;1;1;6;Pont de Saint-Ouen;48,91863;2,32884
202300011087;9;8;2023;17:00;1;22;22113;2;6;1;7;BOUTIL (LIEU-DIT);48,72405818;-3,43054265
202300011088;13;3;2023;19:50;5;13;13004;2;9;1;6;CHE DE BIGOT;43,67239;4,62349
202300011089;8;7;2023;22:20;5;64;64024;2;1;1;3;ADOUR (AVENUE DE L');43,52449;-1,50565
202300011090;19;9;2023;17:15;1;93;93010;2;9;1;6;Avenue Galliéni;48,905373;2,474949
202300011091;27;12;2023;16:40;1;73;73008;2;3;1;6;GRAND PORT (JUSQU'A L'HOPITAL) AVENUE DU;45,69505;5,90974
202300011092;14;8;2023;21:50;1;17;17306;2;3;1;3;ROCHEFORT (DE)  (AVENUE);45,6414;-1,02477
202300011093;19;3;2023;18:40;1;9;9225;1;1;1;6;N/A;43,118536;1,629928
202300011094;19;9;2023;13:40;1;93;93057;2;2;1;3;Allée Monthyon / Allée du Clocher d’Aulnay;48,911708;2,509542
202300011095;28;12;2023;15:05;1;71;71153;2;1;2;7;ABATTOIRS (RUE DES);46,7893;4,44681
202300011096;14;8;2023;19:20;1;16;16374;2;3;1;2;DE GAULLE (AVENUE DU GENERAL);45,64401;0,1828
202300011097;19;3;2023;21:00;2;3;3190;2;6;1;3;Cours de Bercy;46,56934;3,32536
202300011098;13;8;2023;01:49;3;15;15014;2;1;1;6;PESTEIL (RUE DE);44,919774;2,414161
202300011099;19;9;2023;06:50;2;93;93010;2;3;1;1;Route de Villemomble / Rue Rene Char;48,892008;2,488983
202300011100;14;8;2023;18:27;1;6;6088;2;5;1;3;NAPOLEON III (BD);43,67833;7,21864
202300011101;30;5;2023;22:15;3;93;93007;2;1;1;6;MAURICE AUDIN (RUE);48,94767342;2,45166091
202300011102;28;12;2023;02:50;5;69;69271;1;3;1;6;Boulevard Charles de Gaulle;45,74496;4,93714
202300011103;14;8;2023;09:19;1;6;6159;2;1;1;6;NAPOLEON III (BOULEVARD);43,7036001;7,3228387
202300011104;19;3;2023;14:30;1;75;75112;2;1;1;2;PORTE DE CHARENTON;48,830807;2,403154
202300011105;14;9;2023;16:20;1;92;92064;2;4;1;6;REPUBLIQUE;48,84974355;2,22111353
202300011106;19;3;2023;09:50;1;75;75105;2;1;1;6;BOULEVARD SAINT MICHEL;48,852294;2,34364
202300011107;14;8;2023;13:01;1;75;75111;2;4;1;6;BOULEVARD RICHARD LENOIR;48,856333;2,370893
202300011108;19;9;2023;09:00;1;92;92062;2;1;1;6;REPUBLIQUE (RUE DE LA) DU 102 AU 200;48,88454339;2,2384944
202300011109;27;12;2023;16:30;1;64;64545;1;1;1;5;CORNICHE (ROUTE DE LA);43,385;-1,7193
202300011110;19;3;2023;05:55;4;75;75120;2;7;2;3;PLACE DE LA PORTE DE BAGNOLET;48,864446;2,408505
202300011111;14;8;2023;07:20;1;75;75105;2;3;1;1;QUAI SAINT BERNARD;48,846846;2,360984
202300011112;19;9;2023;16:00;1;92;92051;2;2;1;6;ARGENSON (BOULEVARD, N° 17 AU 43);48,88811341;2,26481527
202300011113;14;8;2023;13:40;1;75;75119;2;2;7;7;RUE RIQUET;48,889254;2,371299
202300011114;27;12;2023;17:30;5;62;62771;2;1;1;3;Rue Casimir Beugnet;50,41967;2,87795
202300011115;19;3;2023;05:30;5;75;75118;2;3;2;3;RUE CHAMPIONNET;48,895776;2,341359
202300011116;14;8;2023;02:50;5;75;75118;2;1;1;3;BOULEVARD NEY;48,898332;2,36167
202300011117;19;9;2023;09:30;1;92;92051;2;1;1;4;CHARLES DE GAULLE (AVENUE, N°27 A 129);48,88042;2,27377
202300011118;18;3;2023;22:30;5;75;75108;2;7;1;6;PLACE CHARLES DE GAULLE;48,87352689;2,29584754
202300011119;28;12;2023;07:54;2;54;54528;1;1;8;1;RD960;48,648;5,869
202300011120;14;8;2023;06:10;2;75;75117;2;7;1;7;PLACE DU MARECHAL JUIN;48,88485851;2,29792356
202300011121;19;9;2023;09:05;1;92;92020;2;3;1;6;LASSEGUE RUE N° IMPAIRS;48,80333092;2,27741227
202300011122;19;3;2023;20:20;5;75;75115;2;3;1;6;QUAI ANDRE CITROEN;48,84738239;2,27891743
202300011123;13;8;2023;21:10;5;75;75107;2;2;1;6;AVENUE DE SUFFREN;48,84945;2,303742
202300011124;18;3;2023;19:45;5;75;75115;2;1;1;3;PONT DE GRENELLE;48,85005111;2,28045702
202300011125;19;9;2023;12:37;1;92;92040;2;3;1;1;GALLIENI (BOULEVARD);48,82392;2,26788
202300011126;14;8;2023;12:40;1;75;75114;2;3;1;3;AVENUE PAUL APPELL;48,821787;2,326724
202300011127;28;12;2023;11:10;1;51;51454;2;1;1;2;POMMERY (BOULEVARD);49,251421;4,053147
202300011128;19;3;2023;15:36;1;75;75112;2;1;1;6;AVENUE DE SAINT MAURICE;48,834457;2,42018
202300011129;18;9;2023;20:35;1;92;92036;2;1;1;6;GALLIENI (BOULEVARD) (2/20);48,92471;2,32492
202300011130;20;7;2023;21:00;2;94;94058;2;2;1;3;Boulevard d'Alsace-lorraine;48,84924;2,49631
202300011131;17;3;2023;23:00;5;75;75104;2;3;9;2;BOULEVARD HENRI IV;48,850087;2,358933
202300011132;28;12;2023;14:40;1;50;50218;2;1;1;6;SAINT NICOLAS (RUE);48,83335;-1,56783
202300011133;13;8;2023;22:14;5;93;93078;2;2;1;3;Avenue du Général Leclerc / Rue de Touraine;48,94809063;2,5612188
202300011134;19;9;2023;08:40;1;92;92026;2;1;1;2;RÉPUBLIQUE ( DE 01 A 31 ET DE 02 A 52 );48,9;2,24
202300011135;19;3;2023;13:00;1;94;94058;2;2;2;1;Avenue du 11 Novembre;48,84442316;2,49762851
202300011136;13;8;2023;23:20;5;93;93064;2;1;1;3;Avenue du Président John Kennedy;48,879397;2,491299
202300011137;17;9;2023;21:00;5;92;92024;2;1;1;6;CLICHY (PONT DE);48,91004442;2,2992897
202300011138;27;12;2023;16:40;1;49;49246;2;1;1;6;GALLIENI AVENUE;47,4366;-0,516
202300011139;19;3;2023;11:20;1;94;94076;2;1;2;3;Boulevard Maxime Gorki;48,79180835;2,36957408
202300011140;14;8;2023;06:45;2;93;93047;2;4;1;1;Boulevard Bargue / Rue du Général de Gaulle;48,89920368;2,55428654
202300011141;18;9;2023;23:20;5;92;92019;2;6;1;3;PETIT CLAMART (ROND POINT DU);48,77669;2,23054
202300011142;27;12;2023;11:00;1;49;49007;2;1;1;6;HAUTE DES BANCHAIS;47,48485;-0,51177
202300011143;18;3;2023;23:15;5;94;94003;2;1;1;3;Avenue Aristide Briand;48,80156;2,32402
202300011144;14;8;2023;07:20;1;93;93001;2;2;1;1;Avenue de la République / Avenue Jean Jaurès;48,90384184;2,39176333
202300011145;18;9;2023;07:35;2;92;92004;2;2;1;6;REDOUTE ( AVENUE DE LA  );48,92816044;2,27709621
202300011146;19;3;2023;18:30;2;94;94017;2;1;1;2;Avenue du Général de Gaulle;48,82723;2,52077
202300011147;13;8;2023;18:45;1;93;93001;2;9;1;3;Avenue Victor Hugo;48,91185545;2,37966324
202300011148;20;9;2023;08:20;1;974;97415;1;1;1;5;D2;-20,971553;55,308593
202300011149;13;8;2023;09:35;1;92;92075;2;1;1;6;ERNEST LAVAL (RUE);48,82053608;2,29018718
202300011150;19;3;2023;16:30;1;93;93055;2;1;1;3;Avenue du Général Leclerc;48,89864;2,40711
202300011151;10;9;2023;06:40;3;16;16150;1;1;1;6;RN 141 PK 102;45,672663;-0,262363
202300011152;14;8;2023;04:07;5;92;92063;2;1;1;6;ALBERT 1ER (AVENUE);48,88144154;2,1785506
202300011153;19;3;2023;17:00;1;93;93053;2;1;1;6;Rue de Brément;48,88750576;2,46492177
202300011154;14;8;2023;10:00;1;92;92040;2;1;1;2;PDT ROOSEVELT (QUAI DU);48,83410422;2,2648555
202300011155;19;9;2023;12:50;1;22;22311;1;1;1;7;RD 768;48,530162;-2,227135
202300011156;19;3;2023;14:40;1;93;93050;2;1;1;2;8 Rue du Raincy;48,874278;2,52694
202300011157;20;9;2023;10:15;1;21;21452;1;1;1;7;pk 37 A31;47,262526;5,125698
202300011158;15;8;2023;19:30;1;62;62271;1;1;1;3;D190;50,628973;2,175626
202300011159;18;3;2023;23:35;5;93;93046;2;1;1;4;Avenue Aristide Briand;48,912985;2,523465
202300011160;15;8;2023;20:20;1;86;86272;1;1;1;3;Route de Rettel;46,827346;0,471491
202300011161;20;9;2023;08:15;1;83;83130;1;1;1;3;A57;43,195619;6,040614
202300011162;18;3;2023;22:35;5;93;93063;2;1;1;6;Rue des Noyers;48,87802;2,43528
202300011163;14;8;2023;09:30;1;95;95052;2;1;1;6;42 EDOUARD BOURCHY (RUE);49,142237;2,289803
202300011164;19;9;2023;20:00;3;974;97412;1;1;1;7;Route de la Grande Corniche;-21,371884;55,591523
202300011165;19;3;2023;10:45;1;92;92024;2;1;2;3;VICTOR HUGO (BD);48,89710016;2,31014907
202300011166;15;8;2023;18:24;1;95;95529;1;6;1;3;GRATELEUX (RUE DU);49,16799802;2,21885741
202300011167;16;8;2023;13:50;1;6;6161;2;1;1;7;200 avenue lattre de tassigny;43,640594;7,138259
202300011168;19;9;2023;05:40;4;972;97222;1;2;1;6;Augrain;14,669749;-60,958044
202300011169;19;3;2023;15:50;1;92;92014;2;1;1;6;GALOIS (AVENUE);48,77678339;2,31626585
202300011170;16;8;2023;07:15;1;35;35286;2;1;1;6;rue des marais;48,39500093;-1,65214956
202300011171;19;3;2023;16:50;1;35;35123;2;1;1;6;17 Rue des Croix de Roche;48,004015;-1,841186
202300011172;15;8;2023;20:30;1;88;88115;1;1;1;6;Route du Plafond - RD 60 - PK 14.000;48,16399;6,909113
202300011173;6;9;2023;08:20;1;67;67117;1;4;7;2;D1004;48,766995;7,316809
202300011174;19;3;2023;15:30;1;35;35126;1;1;1;6;23 Chauvignac;47,9528;-1,784055