Num_Acc;jour;mois;an;hrmn;lum;dep;com;agg;int;atm;col;adr;lat;long
202300011175;16;8;2023;09:30;1;35;35338;1;1;1;1;Lieu Dit la Favrie;48,058678;-1,278845
202300011176;20;9;2023;02:30;3;51;51422;2;3;1;6;Rue de la Gare;49,218378;3,931255
202300011177;20;3;2023;12:15;1;95;95116;1;1;8;3;RD 924;49,161211;2,338602
202300011178;15;8;2023;02:40;5;83;83036;2;1;1;6;Boulevard de l'Eau Blanche;43,181875;6,536388
202300011179;19;3;2023;15:43;1;21;21638;1;9;3;6;A31 PK 071.500;47,53123895;5,19905176
202300011180;14;8;2023;15:15;1;35;35098;1;1;1;6;RN137;47,77338;-1,7053
202300011181;20;9;2023;10:40;1;33;33314;2;2;1;1;Rue Jeanne d'Arc;45,202255;-0,748315
202300011182;20;3;2023;08:40;1;52;52282;1;1;5;7;A5;47,979415;5,134043
202300011183;15;8;2023;01:10;4;91;91665;2;6;1;7;Route de Nozay;48,66246;2,255931
202300011184;16;9;2023;19:00;2;11;11436;1;4;1;6;Lieu dit Ripaud;43,040979;2,833958
202300011185;20;3;2023;09:30;1;52;52432;1;1;1;7;PK127.000, autoroute A31, sens DIJON/NANCY;47,95399;5,368994
202300011186;16;8;2023;15:15;1;62;62677;1;1;1;1;D124;50,337552;2,049884
202300011187;20;9;2023;12:40;1;49;49140;1;1;1;3;D145;47,19103536;0,01700161
202300011188;19;3;2023;18:25;1;14;14061;1;1;1;1;Le Bourg Bures les Monts (Bures-les-Monts);48,94846361;-0,96747165
202300011189;15;8;2023;19:10;1;51;51416;1;1;1;1;Chemin du Moulin de la Ville;48,956323;3,692817
202300011190;19;9;2023;11:37;1;12;12208;1;1;1;1;D999;43,946856;2,908223
202300011191;16;3;2023;14:30;1;87;87020;1;1;1;2;autoroute A20 PR171+295 SUD/NORD;45,928468;1,303639
202300011192;15;8;2023;08:06;1;59;59528;2;4;7;3;30 Rue Camille Desmoulins;50,205545;3,407425
202300011193;16;3;2023;17:10;1;34;34270;1;1;1;3;2260 Route de Sete;43,563278;3,850145
202300011194;16;9;2023;14:50;1;34;34031;1;1;1;1;D612a;43,333388;3,424129
202300011195;15;8;2023;22:40;3;56;56214;1;1;1;2;la Saline;47,525359;-2,844923
202300011196;19;3;2023;16:00;1;62;62440;2;1;1;6;Rue du Cimetière;50,108992;3,04126
202300011197;20;9;2023;17:55;1;34;34018;1;1;8;7;D909;43,496145;3,187988
202300011198;30;7;2023;04:45;3;2B;2B150;1;1;1;7;Route Territoriale 30;42,584567;8,831221
202300011199;19;3;2023;18:25;1;56;56177;1;1;1;1;Lann Miséricorde;47,761772;-2,966148
202300011200;19;9;2023;16:00;1;68;68082;2;3;1;1;Rue des Platanes;47,867451;7,342526
202300011201;19;3;2023;16:15;1;78;78192;1;1;1;5;D928;48,929274;1,613338
202300011202;19;9;2023;17:01;1;25;25245;1;2;1;2;D104;47,208709;6,053617
202300011203;19;3;2023;23:35;3;79;79185;1;1;1;7;N/A;46,275183;-0,241334
202300011204;20;3;2023;10:30;1;89;89005;2;1;1;6;Place de Clermont Tonnerre;47,775304;4,163577
202300011205;18;9;2023;19:20;1;35;35299;1;3;1;1;les champs élus;48,641828;-1,93921
202300011206;17;9;2023;05:32;3;31;31109;1;1;1;6;D81;43,240232;0,8002
202300011207;18;3;2023;15:00;1;34;34085;1;1;8;1;D15;43,456299;3,268991
202300011208;19;9;2023;16:27;1;1;1269;2;2;1;2;Rue du Docteur Mercier;46,153772;5,604744
202300011209;16;3;2023;09:50;1;34;34130;1;1;1;7;2 Rue des Granges;43,522678;3,198674
202300011210;19;3;2023;19:10;3;25;25321;1;1;3;6;Rue du Bois de Ban;47,074795;6,688002
202300011211;20;9;2023;07:45;1;1;1134;1;1;7;1;D51c;46,282902;4,875242
202300011212;19;3;2023;10:15;1;29;29074;2;6;1;3;Route de Kermat;48,486718;-3,995665
202300011213;19;9;2023;15:00;1;1;1108;1;1;1;6;rte du suran;46,37290048;5,36460042
202300011214;20;3;2023;16:30;1;38;38517;2;1;1;6;Avenue de la Gare;45,298619;5,485182
202300011215;20;9;2023;11:00;1;70;70467;2;4;1;6;16 Avenue Michel Leroy;47,889045;6,271989
202300011216;20;3;2023;14:00;1;58;58180;1;1;1;1;Nataloup;47,23524;4,033957
202300011217;20;9;2023;18:50;2;54;54359;1;1;1;6;RD 9 ;48,50506868;6,36478543
202300011218;3;3;2023;07:50;1;14;14582;1;1;1;6;D103;49,06824294;0,17406464
202300011219;20;3;2023;07:20;2;14;14455;1;1;1;6;Route de la Ballière;48,995009;-0,360221
202300011220;20;9;2023;07:30;1;6;6079;2;1;1;6;99 Avenue Auguste Renoir;43,52724;6,925424
202300011221;18;9;2023;16:30;1;7;7005;1;1;1;1;d107;44,56125;4,597467
202300011222;17;3;2023;18:45;2;50;50378;1;2;1;3;le clos Dumont;48,976217;-1,241176
202300011223;19;3;2023;13:30;1;50;50442;1;1;1;7;Vge de Cleville;49,480394;-1,81651
202300011224;18;9;2023;17:25;1;53;53185;1;2;8;3;D144;48,442837;-0,172965
202300011225;20;3;2023;09:30;1;85;85102;1;1;1;6;RD81 les Boisselières;46,855261;-1,630569
202300011226;5;9;2023;17:15;1;21;21580;1;1;1;7;D26;47,437232;4,641123
202300011227;16;9;2023;10:45;1;24;24087;1;1;7;7;la couture;44,849419;1,077003
202300011228;19;3;2023;18:00;1;30;30006;1;2;1;5;N/A;43,687101;4,199142
202300011229;15;9;2023;10:59;1;27;27565;1;5;1;3;Rue du Bois;48,900592;0,806691
202300011230;20;3;2023;08:00;1;73;73213;1;1;1;4;A43 PK 98+700;45,53959346;5,96537363
202300011231;19;9;2023;19:40;2;30;30103;2;3;1;6;8 Rue de l?Alambic;43,9299;4,650698
202300011232;18;3;2023;14:30;1;13;13112;1;1;1;7;D55;43,512884;5,244008
202300011233;20;3;2023;04:45;3;1;1029;1;1;1;6;A39;46,44242353;5,27382374
202300011234;19;9;2023;18:15;1;6;6085;1;1;1;5;A8, PK 167.000 voie NORD;43,5845824;7,0251696
202300011235;6;3;2023;19:50;3;91;91037;1;1;1;7;Ferme de Portes;48,519788;2,483082
202300011236;20;9;2023;12:45;1;45;45317;1;1;1;7;A10 PR 123 + 210;47,78007336;1,5909512
202300011237;19;3;2023;17:11;1;72;72105;1;1;1;2;A11, PK 125+700;48,171094;0,747006
202300011238;15;9;2023;18:45;5;987;98725;1;9;2;5;PK 9 + 400;-17,507529;-149,496835
202300011239;19;3;2023;13:30;1;976;97604;1;1;1;1;CCD6;-12,923916;45,095057
202300011240;18;9;2023;15:40;1;91;91200;1;1;1;7;Autoroute A10, PK 22+000, Direction Province;48,557899;1,94144
202300011241;20;3;2023;08:50;1;971;97103;1;1;1;6;Nationale 1 Pk 55 vers Pointe à Pitre;16,254406;-61,554894
202300011242;20;3;2023;08:00;1;68;68278;2;1;1;3;37 Rue de Mulhouse;47,752984;7,396486
202300011243;20;9;2023;18:00;1;33;33234;1;1;1;4;D113;44,78657531;-0,50656333
202300011244;20;9;2023;17:15;1;77;77266;1;1;1;6;D40;48,435095;2,849793
202300011245;19;3;2023;09:52;1;971;97121;2;1;2;6;Lieu Dit Baillargent;16,256182;-61,789808
202300011246;19;3;2023;07:00;2;45;45217;1;1;1;6;5 Rue du Parc;48,25103392;2,17254236
202300011247;20;9;2023;06:45;2;84;84016;2;4;1;3;Route de Sarrians;44,03883;4,909687
202300011248;19;3;2023;16:30;1;34;34060;1;1;1;1;D122;43,816395;3,641014
202300011249;20;9;2023;14:00;1;6;6134;2;1;3;6;Villaute;43,763958;6,656379
202300011250;20;3;2023;09:15;1;84;84141;2;1;1;3;Route de Morieres;43,956207;4,90107
202300011251;19;9;2023;16:45;1;13;13030;1;1;1;1;D8n;43,268206;5,735142
202300011252;18;3;2023;12:15;1;13;13064;1;6;1;7;CD99;43,803556;4,950201
202300011253;20;9;2023;12:00;1;3;3031;1;1;7;1;D 33;46,369113;2,722871
202300011254;19;3;2023;06:38;2;38;38388;1;1;2;1;ZA des Isles;45,052749;5,712043
202300011255;19;9;2023;17:05;1;86;86222;2;1;1;7;62 Route de la Moussie;46,659727;0,423318
202300011256;19;3;2023;21:37;3;33;33196;1;1;1;2;D128    PK 31+300;44,800212;-0,210344
202300011257;19;9;2023;15:45;1;85;85071;1;2;1;3;RD 21;46,799525;-1,7917203
202300011258;20;3;2023;08:55;1;60;60559;1;1;1;2;N31;49,41379705;2,27984692
202300011259;18;9;2023;13:50;1;27;27602;2;3;1;3;D830;49,008808;1,09211
202300011260;19;3;2023;12:23;1;83;83137;2;1;2;2;A50 Sortie Tunnel Tube Sud;43,12093276;5,95201534
202300011261;20;9;2023;09:00;1;60;60107;2;1;1;3;Rue André Oudin;49,374878;2,427367
202300011262;19;3;2023;03:20;3;33;33162;1;1;2;2;ROCADE A 630;44,8676;-0,648
202300011263;16;7;2023;05:20;3;69;69259;1;1;2;2;Route Départementale 383;45,7167529;4,85246166
202300011264;19;3;2023;19:25;3;92;92048;1;1;1;2;N118;48,79819142;2,21667127
202300011265;16;9;2023;00:50;3;59;59378;1;1;1;6;AUTOROUTE A22;50,67923;3,11304
202300011266;18;3;2023;19:05;3;77;77122;1;1;1;6;N/A;48,65870955;2,61286308
202300011267;19;9;2023;19:43;1;91;91689;1;1;1;3;AUTOROUTE A6B;48,7388;2,3181
202300011268;18;3;2023;16:40;1;77;77294;1;1;1;2;A104;48,972158;2,59268
202300011269;17;3;2023;12:30;1;77;77294;1;1;1;2;A104;48,95655271;2,62589792
202300011270;19;9;2023;18:00;1;91;91216;1;1;1;6;AUTOROUTE A6;48,68634;2,3265
202300011271;10;1;2023;22:40;3;74;74137;2;1;1;6;Chemin des crêts blancs;46,00112;6,170177
202300011272;9;1;2023;20:28;3;74;74281;1;1;3;6;CONTOURNEMENT;46,34711;6,44756
202300011273;19;9;2023;11:08;1;91;91687;1;1;1;5;AUTOROUTE A6;48,66245;2,36852
202300011274;7;1;2023;13:20;1;74;74010;2;1;1;1;NANFRAY (ROUTE DE);45,8941;6,08803
202300011275;19;9;2023;08:35;1;94;94034;1;1;1;3;A86;48,76020129;2,32061692
202300011276;19;9;2023;08:10;1;91;91432;1;1;1;3;AUTOROUTE A6;48,6917;2,32209
202300011277;19;9;2023;18:00;1;93;93066;1;1;1;5;AUTOROUTE A1;48,92812889;2,3579759
202300011278;19;9;2023;11:35;1;93;93001;1;1;1;6;AUTOROUTE A86;48,92126;2,37568
202300011279;19;9;2023;08:30;1;95;95582;1;1;1;5;A15;48,968865;2,251202
202300011280;19;9;2023;07:10;1;93;93066;1;1;1;3;AUTOROUTE A1;48,92902;2,35988
202300011281;19;9;2023;04:00;3;95;95018;1;1;1;6;A15;48,95727;2,276
202300011282;19;9;2023;00:56;3;93;93027;1;1;1;6;AUTOROUTE A86;48,92736;2,40711
202300011283;18;9;2023;20:30;3;95;95042;1;1;3;6;N104;49,05741;2,29748
202300011284;18;9;2023;17:45;5;93;93066;1;1;1;4;AUTOROUTE A1;48,9084409;2,35836017
202300011285;18;9;2023;08:10;1;92;92024;2;3;1;3;VICTOR HUGO (BD);48,89992162;2,31448352
202300011286;30;4;2023;12:00;1;14;14143;1;2;1;3;2113 Route de Saint Germain;49,104985;-0,763389
202300011287;16;6;2023;11:20;1;13;13047;1;1;1;1;D.5;43,59069;4,94554
202300011288;18;6;2023;15:00;1;75;75119;2;3;1;1;RUE D AUBERVILLIERS;48,894498;2,370603
202300011289;17;6;2023;13:50;1;75;75119;2;9;1;2;BOULEVARD SERURIER;48,878535;2,402512
202300011290;16;6;2023;19:45;1;75;75119;2;4;1;6;RUE DE CRIMEE;48,884211;2,384278
202300011291;16;6;2023;12:49;1;75;75119;2;7;1;7;BOULEVARD DE LA VILLETTE;48,878469;2,370436
202300011292;16;6;2023;12:45;1;75;75119;2;2;1;2;RUE DE CRIMEE;48,882988;2,385609
202300011293;15;6;2023;19:00;1;75;75119;2;2;1;3;AVENUE CORENTIN CARIOU;48,898182;2,386022
202300011294;15;6;2023;17:35;1;75;75119;2;2;1;3;AVENUE JEAN JAURES;48,886079;2,383089
202300011295;15;6;2023;15:55;1;75;75119;2;3;1;6;BOULEVARD DE LA VILLETTE;48,881487;2,370407
202300011296;18;6;2023;01:20;5;75;75118;2;2;1;3;RUE ORDENER;48,892392;2,345061
202300011297;17;6;2023;20:43;1;75;75110;2;2;1;6;RUE DE LA GRANGE AUX BELLES;48,876003;2,368358
202300011298;16;6;2023;19:30;1;75;75118;2;1;1;2;BOULEVARD DE ROCHECHOUART;48,882987;2,344095
202300011299;16;6;2023;11:02;1;75;75118;2;9;1;6;RUE DE LA CHAPELLE;48,890837;2,359964
202300011300;15;6;2023;15:45;1;75;75117;2;3;1;6;BOULEVARD MALESHERBES;48,884709;2,307827
202300011301;15;6;2023;01:00;5;75;75117;2;2;1;6;AVENUE DE CLICHY;48,889124;2,322747
202300011302;17;6;2023;16:45;1;75;75116;2;1;3;6;RUE CHANEZ;48,84691;2,259672
202300011303;16;6;2023;02:07;5;75;75116;2;2;1;3;AVENUE DE NEW YORK;48,86024324;2,29048052
202300011304;13;6;2023;21:00;1;75;75116;2;2;1;2;AVENUE DE LA PORTE DE SAINT CLOUD;48,83869;2,25395
202300011305;13;6;2023;20:35;1;75;75116;2;3;1;6;RUE D AUTEUIL;48,847528;2,269105
202300011306;17;6;2023;18:20;1;75;75115;2;1;1;2;RUE LINOIS;48,84732;2,284732
202300011307;17;6;2023;02:12;5;75;75115;2;3;1;6;BOULEVARD LEFEBVRE;48,831178;2,291885
202300011308;16;6;2023;16:50;1;75;75115;2;3;1;6;RUE DE VOUILLE;48,835119;2,30379
202300011309;16;6;2023;00:30;5;75;75115;2;3;1;1;QUAI DE GRENELLE;48,853702;2,28768
202300011310;15;6;2023;09:15;1;75;75115;2;2;1;6;BOULEVARD VICTOR;48,834291;2,283909
202300011311;17;6;2023;19:30;1;75;75113;2;1;1;2;BOULEVARD DU GENERAL JEAN SIMON;48,826199;2,383317
202300011312;16;6;2023;00:35;5;75;75113;2;3;1;1;AVENUE DE FRANCE;48,833646;2,373606
202300011313;17;6;2023;20:43;1;75;75110;2;2;1;6;RUE DE LA GRANGE AUX BELLES;48,87601;2,368323
202300011314;15;6;2023;15:10;1;75;75110;2;2;1;6;QUAI DE JEMMAPES;48,873252;2,364217
202300011315;14;6;2023;23:09;5;75;75110;2;2;1;7;QUAI DE JEMMAPES;48,86883;2,367648
202300011316;18;6;2023;10:15;1;75;75109;2;2;1;3;RUE DE LA CHAUSSEE D ANTIN;48,875263;2,332308
202300011317;14;6;2023;19:30;1;75;75109;2;2;1;2;RUE SCRIBE;48,87021;2,32989
202300011318;16;6;2023;13:50;1;75;75108;2;7;1;3;PLACE DE LA CONCORDE;48,865864;2,319853
202300011319;16;6;2023;11:33;1;75;75108;2;2;1;3;PLACE DE LA CONCORDE;48,865869;2,319902
202300011320;17;6;2023;13:03;1;75;75107;2;2;1;7;BOULEVARD DES INVALIDES;48,847974;2,316146
202300011321;16;6;2023;08:50;1;75;75114;2;1;1;6;RUE PIERRE LAROUSSE;48,828663;2,3147
202300011322;16;6;2023;09:00;1;75;75107;2;2;1;3;RUE DE L UNIVERSITE;48,86113948;2,30547819
202300011323;16;6;2023;10:15;1;75;75104;2;3;1;7;QUAI DES CELESTINS;48,851357;2,362285
202300011324;15;6;2023;09:20;1;75;75109;2;3;1;7;BOULEVARD DE CLICHY;48,884097;2,330821
202300011325;14;6;2023;17:40;1;75;75101;2;2;1;3;RUE DE RICHELIEU;48,865612;2,336622
202300011326;14;6;2023;11:22;1;75;75104;2;2;1;3;BOULEVARD DE SEBASTOPOL;48,860581;2,349376
202300011327;14;6;2023;04:50;5;75;75104;2;2;1;7;BOULEVARD DU PALAIS;48,854338;2,344919
202300011328;26;4;2023;15:20;1;32;32156;1;3;1;3;D2;43,525729;0,458143
202300011329;14;6;2023;16:00;1;60;60676;2;1;1;7;15 Rue de Dives le Franc;49,560595;2,947379
202300011330;9;9;2023;23:45;4;976;97611;2;1;1;7;kaweni-Kaweni nord ( Z I );-12,76926;45,22404
202300011331;18;9;2023;10:20;1;69;69386;2;2;3;3;Rue Vendôme;45,76803;4,8454
202300011332;18;9;2023;12:00;1;69;69383;2;2;2;6;Cours Lafayette;45,7636;4,85526
202300011333;18;9;2023;09:50;1;69;69381;2;1;2;6;2 Place Rouville;45,76962;4,82506
202300011334;17;9;2023;23:40;3;971;97101;1;1;1;7;RN5-BOISRIPEAUX;16,28952;-61,50406
202300011335;18;9;2023;18:30;1;95;95197;2;2;1;6;PAUL FLEURY (AVENUE);48,96986014;2,31668293
202300011336;18;9;2023;08:30;1;95;95210;2;1;1;6;COUSSAYE (RUE DE LA);48,96441;2,30466
202300011337;18;9;2023;23:30;5;91;91097;2;1;1;7;RUE DU VIEUX PONT;48,68806;2,53348
202300011338;14;9;2023;17:20;1;91;91027;2;1;1;3;RTE DE FONTAINEBLEAU;48,699643;2,371832
202300011339;18;9;2023;20:30;2;91;91223;2;1;2;2;PORTEREAUX (SENTE DES);48,428018;2,151903
202300011340;16;9;2023;15:00;1;89;89387;2;2;1;3;PIERRE DE COUBERTIN (AVENUE);48,19544;3,30166
202300011341;8;9;2023;13:25;1;89;89346;2;6;1;3;GENERAL DE BILLY ( RUE );47,80338;3,53564
202300011342;16;9;2023;23:21;5;87;87085;2;1;1;6;NEXON (RUE DE);45,81693;1,26132
202300011343;18;9;2023;12:20;1;81;81004;2;1;1;3;CENTRE VILLE;43,91898;2,10925
202300011344;12;9;2023;09:30;1;80;80021;2;1;1;6;VALLEE (RUE DE LA );49,89183;2,30944
202300011345;7;9;2023;00:30;5;80;80021;2;1;1;6;JULES FERRY (CHAUSSEE);49,87723;2,34202
202300011346;17;9;2023;11:35;1;76;76351;2;3;1;7;FRISSARD (QUAI);49,48967;0,12468
202300011347;15;9;2023;17:40;1;76;76447;2;1;1;6;ANCIENNE HUILERIE (PLACE);49,544512;0,187861
202300011348;15;9;2023;16:45;1;76;76447;1;1;1;2;RD 489;49,53966202;0,20851065
202300011349;18;9;2023;11:40;1;72;72181;2;9;2;6;FRESNELLERIE BD DE LA N° IMP;47,96981;0,20614
202300011350;18;9;2023;15:10;1;69;69266;2;2;1;3;Rue Alexis Perroncel;45,77480246;4,87406835
202300011351;18;9;2023;22:30;5;69;69264;2;1;2;6;Avenue Theodore Braun;45,97911;4,73903
202300011352;17;9;2023;16:20;1;69;69029;2;1;1;3;Avenue Franklin Roosevelt;45,73777;4,89581
202300011353;15;9;2023;09:34;1;67;67462;2;1;7;3;GENERAL CASTELNAU (BOULEVARD DU);48,26098;7,45713
202300011354;17;9;2023;06:35;2;62;62033;2;1;1;6;D917;50,45285;2,87563
202300011355;14;9;2023;13:10;1;62;62193;2;2;1;3;Rue du Général Chanzy;50,94850312;1,8586868
202300011356;18;9;2023;16:45;1;59;59512;2;2;1;6;MONTGOLFIER (RUE);50,68116;3,18539
202300011357;18;9;2023;12:15;1;59;59350;2;1;1;3;SALENGRO ROGER RUE;50,629;3,10219
202300011358;16;9;2023;08:20;1;57;57672;2;1;1;6;BRUYERES (RUE DES);49,35602;6,11201
202300011359;17;9;2023;01:30;3;56;56121;2;1;1;7;SAINT-CHRISTOPHE ( PONT );47,76144;-3,36417
202300011360;18;9;2023;07:25;1;51;51454;2;1;1;6;CERNAY (RUE DE ) DU N° 39 A FIN ET DU N°;49,25729;4,06272
202300011361;17;9;2023;21:05;5;51;51454;2;1;1;7;THIOLETTES (RUE DES);49,250411;4,055403
202300011362;15;9;2023;23:20;5;50;50129;2;1;1;6;BELGIQUE (RUE DE);49,64675;-1,65264
202300011363;18;9;2023;22:30;5;41;41047;2;1;1;2;N152;47,602891;1,349257
202300011364;3;8;2023;18:50;1;40;40088;2;2;8;3;SAINT-VINCENT DE PAUL (AVENUE);43,71584;-1,05383
202300011365;18;9;2023;14:17;1;37;37261;2;2;1;3;MIRABEAU (RUE);47,39759;0,69947
202300011366;17;9;2023;18:30;2;37;37122;2;1;3;7;RD 37;47,34097;0,65374
202300011367;18;9;2023;18:10;1;35;35238;2;1;1;2;RN24;48,10727955;-1,71871394
202300011368;18;9;2023;09:55;1;35;35238;2;6;1;3;LANGEVIN (PAUL);48,09153055;-1,65824085
202300011369;18;9;2023;17:50;1;33;33249;2;1;7;6;Rue des Gravières;44,87178;-0,51806
202300011370;18;9;2023;11:55;1;31;31555;2;1;1;1;CHE DE LA SAUDRUNE;43,54036;1,391532
202300011371;17;9;2023;12:25;1;27;27229;2;1;1;2;SAINT LEGER (RUE DU FAUBOURG);49,0345;1,15609
202300011372;18;9;2023;21:45;5;25;25056;2;2;2;3;BLUM BOULEVARD LEON (sup 90);47,26257;6,04007
202300011373;16;9;2023;12:55;1;19;19031;2;2;1;3;DE JOUVENEL (BOULEVARD HENRI);45,16065;1,52319
202300011374;17;9;2023;11:00;1;13;13202;2;9;1;3;LAZARET (QUAI DU);43,31095;5,36725
202300011375;17;9;2023;06:00;5;13;13206;2;1;1;2;LIEUTAUD (COURS);43,28856;5,38426
202300011376;18;9;2023;13:35;1;2;2304;2;1;1;6;1 Rue de la République;49,66228;3,36591
202300011377;18;9;2023;09:20;1;75;75117;2;1;1;2;PORTE D ASNIERES;48,89261;2,302462
202300011378;18;9;2023;07:10;2;75;75120;2;1;1;5;PORTE DE BAGNOLET;48,862587;2,413767
202300011379;18;9;2023;00:25;5;75;75120;2;1;1;3;PORTE DE BAGNOLET;48,864274;2,413499
202300011380;15;9;2023;23:35;5;75;75116;2;1;1;5;BOULEVARD PERIPHERIQUE INTERIEUR OUEST;48,841434;2,254139
202300011381;17;9;2023;22:50;5;75;75107;2;3;1;6;QUAI BRANLY;48,860643;2,295479
202300011382;20;10;2023;16:30;1;54;54102;1;1;2;7;D904;48,72589;5,867839
202300011383;20;10;2023;22:30;4;14;14288;1;1;3;6;Route de Creully;49,264257;-0,482924
202300011384;7;9;2023;18:00;1;83;83046;2;1;1;3;D13;43,53056874;6,15225918
202300011385;20;10;2023;20:05;3;73;73128;1;1;1;1;D911 Route des Bauges;45,727124;5,945749
202300011386;20;10;2023;20:30;3;10;10034;1;1;3;3;D671;48,0943983;4,38012258
202300011387;21;10;2023;19:50;5;7;7010;2;1;1;6;montée du quebec;45,252157;4,682118
202300011388;21;10;2023;12:20;1;7;7234;1;1;1;3;départementale 82;45,2494;4,774214
202300011389;20;10;2023;16:40;1;53;53096;2;4;8;1;Milieu Pannard;48,306145;-0,942695
202300011390;20;10;2023;20:00;3;21;21044;1;1;3;6;CD21;47,82478997;4,41408189
202300011391;21;10;2023;15:06;1;24;24496;1;1;8;6;D707;45,414166;0,86314
202300011392;21;10;2023;18:10;1;85;85047;1;1;2;2;RD 948;46,832848;-1,8228252
202300011393;21;10;2023;12:50;1;85;85182;1;1;2;6;RD 43;46,79006;-0,832406
202300011394;21;10;2023;15:00;1;48;48002;1;1;1;6;D809;44,872401;3,25044
202300011395;20;10;2023;21:45;3;24;24331;1;1;2;6;Route Henri de Navarre;44,785125;0,393705
202300011396;9;10;2023;09:45;1;6;6152;2;1;1;6;18 Boulevard Carnot;43,64242;7,009166
202300011397;20;10;2023;16:05;1;72;72105;1;1;3;2;A11;48,17374399;0,75320005
202300011398;20;10;2023;20:30;3;51;51569;1;1;3;5;A4 - PK130+950 sens PARIS vers METZ;49,24654388;3,93545998
202300011399;21;10;2023;08:15;2;62;62476;1;1;1;3;A1;50,355866;2,955494
202300011400;26;8;2023;08:05;1;988;98822;1;3;1;6;Tribu d'Ina - CR13/RT3;-20,938815;165,357971
202300011401;20;10;2023;15:00;1;976;97607;2;9;1;2;Route de l'est , Hajangoua;-12,862996;45,198033
202300011402;21;10;2023;01:15;3;974;97422;1;1;5;6;Route Nat 3 PR 32 + 800;-21,185507;55,579845
202300011403;19;10;2023;17:30;2;974;97420;2;1;8;2;Rue Raymond Verges;-20,937232;55,63814
202300011404;20;10;2023;10:35;1;33;33535;2;1;3;6;Avenue des Bons Enfants;44,841751;-0,44765
202300011405;21;10;2023;09:00;1;45;45155;2;1;1;6;Parking Auchan;47,689081;2,621194
202300011406;19;10;2023;09:12;1;77;77466;1;1;1;1;Rue de la Forêt;48,820909;2,891142
202300011407;20;10;2023;16:15;1;30;30128;1;1;2;1;D14;43,711525;4,368031
202300011408;20;10;2023;23:15;5;13;13086;2;1;1;7;D96;43,352064;5,605195
202300011409;14;10;2023;14:30;1;21;21699;1;1;1;7;Route Departementale 905;47,202999;5,343797
202300011410;20;10;2023;13:40;1;38;38317;2;1;8;6;Place du 8 Mai 1945;45,123263;5,697763
202300011411;20;10;2023;11:55;1;33;33449;2;6;3;6;Avenue Anatole France;44,893804;-0,74721
202300011412;20;10;2023;07:15;3;85;85119;2;1;2;6;Rue du stade;46,966542;-1,120939
202300011413;20;10;2023;18:50;3;60;60065;1;1;2;2;Rue du Moulin de Conflans;49,340894;2,209128
202300011414;21;10;2023;01:30;3;60;60542;1;1;1;6;D513;49,414387;2,191687
202300011415;20;10;2023;09:55;1;2;2596;1;9;2;6;Route de Nogent;48,963441;3,291682
202300011416;20;10;2023;19:00;3;59;59619;1;9;2;3;D951;50,258301;3,661736
202300011417;20;10;2023;05:50;3;13;13085;1;1;3;7;A50-Sens Toulon vers Aubagne;43,2438;5,5951
202300011418;20;10;2023;00:55;3;33;33013;1;1;2;6;ROUTE NATIONALE 89;44,86862814;-0,49783677
202300011419;18;10;2023;17:51;1;33;33192;1;1;1;3;ROCADE A 630;44,78946;-0,61969
202300011420;14;10;2023;10:03;1;59;59606;1;1;1;6;AUTOROUTE A23;50,36328;3,48473
202300011421;20;10;2023;18:00;1;91;91286;1;1;1;2;AUTOROUTE A6;48,65571;2,37873
202300011422;3;2;2023;11:25;1;59;59123;1;1;1;5;D41;50,496149;3,007894
202300011423;20;10;2023;18:45;3;91;91347;1;1;3;2;RN 104;48,622681;2,289647
202300011424;8;2;2023;08:05;1;6;6033;2;1;1;6;13 Rue de la Beilouno;43,776621;7,189925
202300011425;8;2;2023;09:00;1;83;83054;2;3;1;6;Avenue Gaspard Monge;43,164716;6,041145
202300011426;8;2;2023;15:40;1;57;57329;2;1;1;6;Rue du Maréchal Foch;49,261486;6,495763
202300011427;20;10;2023;07:52;2;94;94038;1;1;2;4;A6A;48,77222023;2,34575745
202300011428;8;2;2023;07:37;1;59;59159;1;1;9;1;D300;50,968275;2,228975
202300011429;20;10;2023;08:11;2;91;91645;1;1;2;2;RN 385;48,75976855;2,2622524
202300011430;7;2;2023;13:20;1;67;67434;2;1;1;7;30 Rue du Maréchal Foch;48,941503;7,084435
202300011431;20;10;2023;08:10;1;92;92063;1;1;2;6;A86;48,89000239;2,17016741
202300011432;7;2;2023;18:45;2;80;80196;1;1;1;3;D53;49,981006;1,83594
202300011433;8;2;2023;13:25;1;55;55065;2;1;1;6;21 Route de Varennes;49,197756;5,041702
202300011434;19;10;2023;22:15;5;92;92050;1;1;1;3;A14;48,89453775;2,22945678
202300011435;7;2;2023;16:30;1;49;49160;1;3;7;3;D723;47,408868;-0,942646
202300011436;19;10;2023;14:10;1;78;78640;1;9;1;6;A86 INT;48,780536;2,180044
202300011437;7;2;2023;18:00;3;12;12208;1;1;1;1;D50;43,98208466;2,90252388
202300011438;8;2;2023;14:30;1;46;46028;1;1;1;6;D 803;44,931874;1,757469
202300011439;19;10;2023;08:25;1;78;78545;1;1;2;4;A12 Y;48,810346;2,055613
202300011440;1;2;2023;21:40;5;47;47179;2;1;1;7;Avenue de la Gare;44,484761;0,943483