Num_Acc;jour;mois;an;hrmn;lum;dep;com;agg;int;atm;col;adr;lat;long
202300011441;6;2;2023;20:10;5;34;34079;2;1;1;7;4 Rue Descartes;43,634938;3,433995
202300011442;19;10;2023;08:00;1;78;78090;1;1;2;5;A13;48,970326;1,902646
202300011443;7;2;2023;15:30;1;22;22250;2;1;1;6;pont neuf;48,701253;-3,160374
202300011444;7;2;2023;17:00;1;29;29259;2;1;1;7;Lieu Dit Penarth;48,683538;-3,959091
202300011445;18;10;2023;20:45;3;78;78466;1;1;2;4;A13;48,91954;2,004711
202300011446;7;2;2023;08:00;2;29;29044;1;1;9;7;D60 PR 4+400;48,22265;-4,171548
202300011447;5;2;2023;17:50;1;84;84123;1;1;1;7;CD 30 route de st christol;44,064705;5,469668
202300011448;18;10;2023;17:18;2;78;78640;1;1;2;3;N118;48,778668;2,222551
202300011449;20;10;2023;14:15;1;93;93053;1;1;1;4;AUTOROUTE A3;48,88065;2,45189
202300011450;6;2;2023;06:32;3;66;66125;1;1;1;6;;42,561163;2,2879111
202300011451;7;2;2023;11:15;1;6;6103;2;2;1;6;14 Avenue Philippe Corniglion;44,011691;7,307552
202300011452;20;10;2023;09:45;1;92;92036;1;1;2;2;AUTOROUTE A15;48,94920532;2,28069842
202300011453;14;1;2023;16:00;1;14;14098;1;1;2;1;D83;49,20497674;-0,51028369
202300011454;5;2;2023;16:30;1;7;7193;1;1;1;1;ROUTE DE PRUNET;44,579407;4,279926
202300011455;8;2;2023;06:00;5;27;27125;2;1;8;6;Rue Jules Quatrenoix;49,190181;0,752349
202300011456;20;10;2023;06:55;3;93;93027;1;1;3;4;AUTOROUTE A86;48,92739;2,40738
202300011457;15;1;2023;20:15;3;87;87028;1;1;9;6;RD 942;46,23093;0,919794
202300011458;19;10;2023;22:10;3;92;92036;1;1;2;5;AUTOROUTE A15;48,94815749;2,28119607
202300011459;8;2;2023;11:20;1;68;68266;1;9;1;3;Rue de Munchhouse;47,892305;7,376032
202300011460;6;2;2023;18:57;3;73;73151;1;1;1;2;A41;45,471813;6,017224
202300011461;6;2;2023;02:40;3;1;1274;1;1;1;6;Autoroute A40 - PK 115+200 - sens GENEVE-MACON;46,160847;5,652444
202300011462;19;10;2023;04:25;3;93;93063;1;1;1;5;AUTOROUTE A3;48,87973;2,44963
202300011463;4;2;2023;05:02;3;1;1373;1;1;1;3;A40 PK 123+300 direction GENEVE;46,127395;5,565844
202300011464;20;10;2023;06:10;3;77;77146;1;1;2;6;A4;48,83225661;2,66501136
202300011465;8;2;2023;16:40;1;37;37003;1;2;1;3;Grande Allée de Jumeaux (Chemin);47,376471;1,041105
202300011466;5;2;2023;06:15;3;59;59010;1;1;3;5;Autoroute A26;50,163484;3,103981
202300011467;20;8;2023;22:58;5;69;69386;2;1;1;1;Quai Charles de Gaulle;45,77678961;4,84378919
202300011468;8;2;2023;06:45;1;973;97305;1;1;1;3;Route Nationale 1;4,989607;-52,448859
202300011469;7;2;2023;22:10;3;37;37088;1;1;1;6;RD 751 - lieu dit les Vauclous;47,198208;0,092067
202300011470;20;8;2023;05:20;5;69;69387;2;2;1;3;Avenue Jean Jaurès;45,7451;4,84185
202300011471;7;2;2023;15:50;1;2B;2B029;2;1;1;1;lieu dit piazze;42,689291;9,378411
202300011472;8;2;2023;16:40;1;2A;2A247;1;1;2;5;RT10;41,637569;9,293956
202300011473;20;8;2023;01:10;5;77;77379;1;3;1;1;29 EME DRAGONS (PLACE DU);48,565509;3,300588
202300011474;5;2;2023;13:00;1;34;34299;2;6;1;7;30 Avenue Georges Pompidou;43,26906824;3,27500671
202300011475;5;2;2023;08:30;2;83;83104;1;1;1;7;D3;43,58995;5,748103
202300011476;20;8;2023;21:27;5;74;74008;2;3;1;1;MARTINIERE (RUE DE LA);46,19937;6,22544
202300011477;8;2;2023;16:45;1;73;73284;1;1;1;1;D117;45,47027;6,522581
202300011478;20;8;2023;02:20;5;69;69259;2;2;1;3;Rue Francisco Ferrer;45,72123;4,89078
202300011479;7;2;2023;16:55;2;73;73006;1;1;1;5;N90;45,550119;6,625599
202300011480;19;8;2023;19:55;1;65;65440;2;1;1;6;MARCADIEU (PLACE);43,23141312;0,0841763
202300011481;7;2;2023;16:55;1;33;33366;1;1;1;1;D10e1;45,008952;-0,420189
202300011482;19;8;2023;14:05;1;35;35238;2;2;1;3;TOULLIER;48,10939;-1,67396
202300011483;8;2;2023;01:00;5;44;44172;2;1;1;2;146 Route de Paris;47,2660638;-1,4872473
202300011484;7;2;2023;17:10;2;29;29124;2;6;1;3;Rue de la Libération;48,572738;-4,316554
202300011485;3;6;2023;11:10;1;19;19275;2;4;1;2;R.D. 45;45,53843901;2,32655883
202300011486;8;2;2023;15:20;1;59;59482;2;1;1;6;Rue de Warneton;50,713504;2,99919
202300011487;7;2;2023;18:20;2;13;13081;1;1;1;3;A7-Sens Lyon vers Marseille;43,48881066;5,24058515
202300011488;2;2;2023;20:10;5;69;69297;1;9;1;3;Autoroute 47;45,58805;4,7874
202300011489;24;7;2023;01:25;3;13;13040;1;1;1;1;D96 - PK.23.100;43,466189;5,544995
202300011490;5;2;2023;12:15;1;57;57672;1;1;1;2;Autoroute A31;49,39335;6,11054
202300011491;7;2;2023;14:50;1;91;91589;1;1;1;2;AUTOROUTE A6;48,67395;2,3426
202300011492;19;10;2023;05:50;2;974;97416;1;1;1;7;ENTRE DEUX (CHEMIN) CD26;-21,29732;55,43975
202300011493;7;2;2023;18:59;3;78;78466;1;1;1;4;A13;48,928364;1,989032
202300011494;19;10;2023;07:15;5;69;69386;2;2;3;1;Rue Louis Blanc;45,76458;4,84689
202300011495;7;2;2023;18:30;3;78;78640;1;1;1;3;RN12 INT;48,781593;2,167368
202300011496;7;2;2023;09:05;1;92;92023;1;1;1;6;RN385;48,77653794;2,23443726
202300011497;7;2;2023;08:05;2;92;92064;1;1;1;7;A13;48,83978058;2,20456477
202300011498;19;10;2023;06:20;4;69;69388;2;1;2;1;Rue Feuillat;45,74378;4,87436
202300011499;19;10;2023;20:20;5;69;69384;2;1;2;6;47 Rue Philippe de Lassalle;45,78046;4,82053
202300011500;6;2;2023;17:00;5;92;92050;1;1;1;4;A86;48,90687;2,21143
202300011501;18;10;2023;13:10;1;69;69389;2;2;2;3;Rue Gorge de Loup;45,76942;4,80096
202300011502;6;2;2023;20:30;5;75;75105;2;2;1;6;RUE DES ECOLES;48,849918;2,343608
202300011503;6;2;2023;19:00;5;75;75120;2;1;1;6;RUE DES PYRENEES;48,859622;2,401553
202300011504;19;10;2023;21:54;5;2B;2B033;2;9;1;3;AV DE LA LIBERATION;42,68394;9,44472
202300011505;6;2;2023;09:40;1;75;75117;2;1;1;3;AVENUE DE WAGRAM;48,876949;2,297244
202300011506;19;10;2023;16:25;1;971;97113;2;1;1;6;MONTAUBAN (SECTEUR);16,21335592;-61,5007782
202300011507;6;2;2023;10:20;1;75;75116;2;1;1;3;AVENUE GEORGES MANDEL;48,863307;2,283416
202300011508;19;10;2023;15:35;1;971;97101;1;1;3;6;RN11;16,27675;-61,52171
202300011509;6;2;2023;13:45;1;75;75115;2;3;1;6;RUE DE SEVRES;48,84611;2,314235
202300011510;19;10;2023;08:10;1;971;97113;1;1;1;3;RN4 - SECTION RIVIERA;16,20911;-61,47114
202300011511;14;10;2023;13:30;1;971;97101;2;9;9;6;PROVIDENCE;16,2716;-61,51673
202300011512;6;2;2023;09:50;1;75;75115;2;2;1;6;AVENUE DE LA PORTE DE SEVRES;48,836045;2,278178
202300011513;19;10;2023;18:15;1;95;95585;2;3;1;3;FERNAND LEGER (RUE);48,99323;2,38297
202300011514;5;2;2023;17:45;1;75;75115;2;2;1;3;RUE DE LOURMEL;48,843764;2,286359
202300011515;19;10;2023;07:50;2;91;91339;2;1;8;6;AV GEORGES BOILLOT;48,62584;2,25957
202300011516;5;2;2023;14:55;1;75;75114;2;2;1;3;AVENUE PAUL VAILLANT COUTURIER;48,816778;2,334941
202300011517;18;10;2023;22:47;5;91;91425;2;1;2;2;RTE DEPARTEMENTALE 133;48,64701;2,27664
202300011518;6;2;2023;16:30;1;75;75113;2;3;1;3;AVENUE DE FRANCE;48,832663;2,374604
202300011519;6;2;2023;09:10;1;75;75113;2;3;1;2;QUAI FRANCOIS MAURIAC;48,832948;2,378733
202300011520;18;10;2023;15:00;1;89;89387;2;9;2;6;SENIGALLIA (AVENUE DE);48,187;3,285
202300011521;6;2;2023;07:50;5;75;75112;2;5;1;5;AVENUE DU GENERAL MICHEL BIZOT;48,834653;2,400763
202300011522;18;10;2023;12:15;1;89;89387;2;3;1;6;PONT NEUF (BOULEVARD DU);48,204;3,271
202300011523;6;2;2023;16:50;1;75;75111;2;3;1;3;AVENUE PARMENTIER;48,861148;2,377883
202300011524;6;2;2023;08:03;2;75;75110;2;2;1;3;RUE LA FAYETTE;48,87852;2,354044
202300011525;18;10;2023;19:00;2;87;87085;2;3;1;3;BRIAND (RUE ARISTIDE);45,83733;1,2664
202300011526;6;2;2023;12:30;1;75;75107;2;3;1;7;QUAI D ORSAY;48,862371;2,309654
202300011527;18;10;2023;18:23;1;87;87085;2;1;1;2;ARMAND (AVE Z.A.C;45,86743;1,26903
202300011528;6;2;2023;01:45;5;75;75102;2;2;1;6;BOULEVARD DES ITALIENS;48,871978;2,339998
202300011529;18;10;2023;17:24;1;87;87065;1;1;1;7;BOISSEUIL (RUE DE);45,79577;1,3267
202300011530;6;2;2023;16:58;1;94;94078;2;2;1;3;Rue Thimonnier / Rue Guynemer;48,750826;2,446788
202300011531;6;2;2023;08:10;2;94;94077;2;2;1;3;Avenue Victor Hugo;48,7325;2,41824
202300011532;18;10;2023;11:07;1;87;87085;2;1;2;6;BAUDIN ( AVENUE) (VC);45,81198739;1,24345027
202300011533;6;2;2023;15:35;1;94;94070;2;9;1;3;Route de PARIS;48,719882;2,566347
202300011534;18;10;2023;13:39;1;87;87085;2;6;1;7;ROUGET DE LISLE (RUE);45,8162;1,27928
202300011535;6;2;2023;11:30;1;93;93078;2;6;1;2;Avenue Georges Clémenceau;48,96084017;2,5562489
202300011536;18;10;2023;12:19;1;87;87075;1;3;1;6;BOULEAUX (RUE DES);45,80365;1,18883
202300011537;6;2;2023;12:35;1;93;93077;2;2;7;3;Avenue Gustave Rodet / Avenue du General Leclerc;48,88569;2,51182
202300011538;6;2;2023;09:30;1;93;93053;2;3;1;6;Rue de Brément / Rue Pierre Brossolette;48,8891;2,45484
202300011539;6;2;2023;20:45;5;93;93074;2;1;1;3;Rue de Meaux;48,93493;2,56887
202300011540;6;2;2023;09:45;1;92;92075;2;2;1;3;JACQUES JEZEQUEL (AVENUE);48,81871;2,29169
202300011541;6;2;2023;11:50;1;92;92064;2;1;1;6;FRANCIS CHAVETON;48,85943;2,20961
202300011542;18;10;2023;16:54;1;84;84035;1;1;8;2;VIGNERES-RD98 (ROUTE DES);43,86317;5,02108
202300011543;6;2;2023;20:37;5;92;92049;2;1;1;3;JAURES AVENUE JEAN N°53 A FIN;48,81186965;2,30385929
202300011544;6;2;2023;16:50;1;92;92040;2;2;1;3;PONT D ISSY;48,82985459;2,26079777
202300011545;19;10;2023;06:50;5;83;83137;2;6;1;3;PONT DE BOIS (CHEMIN DU);43,13196;5,90431
202300011546;6;2;2023;20:05;3;92;92025;2;3;1;1;STALINGRAD (AV DE);48,931725;2,266606
202300011547;6;2;2023;12:25;1;92;92025;2;3;1;3;STALINGRAD (AV DE);48,928282;2,270236
202300011548;18;10;2023;22:21;5;83;83137;2;2;1;3;JOFFRE (BD MARECHAL);43,12346;5,94811
202300011549;6;2;2023;10:30;1;92;92023;2;2;1;3;COQUELICOTS (RUE DES);48,79213;2,25944
202300011550;17;10;2023;18:10;1;83;83137;2;2;1;3;JUIN (AVE ALPHONSE);43,12033726;5,94728708
202300011551;6;2;2023;19:20;2;92;92012;2;1;1;7;YVES KERMEN (RUE) 51/FIN - 40/FIN;48,82970989;2,2357741
202300011552;17;10;2023;20:30;5;78;78133;2;9;1;3;MANTES (ROUTE DE);48,90964;2,03433
202300011553;4;2;2023;15:50;1;62;62812;2;1;1;6;Rue de Cloquant;50,624665;2,065467
202300011554;4;2;2023;21:00;3;988;98812;2;1;1;6;RT1;-20,56283;164,28656
202300011555;7;2;2023;06:00;3;77;77235;1;1;1;2;PK 58.700 - AUTOROUTE A4;48,982414;3,079433
202300011556;21;1;2023;04:45;3;51;51592;1;1;1;7;D1;49,101114;3,740394
202300011557;6;2;2023;16:05;1;59;59067;2;1;1;6;Rue du 16 Septembre 1944;50,969103;2,435843
202300011558;19;10;2023;13:30;1;77;77284;2;1;7;6;D603;48,9574;2,89691
202300011559;3;2;2023;19:10;5;71;71578;2;1;1;5;Route Nationale (Clux);46,963627;5,173863
202300011560;18;10;2023;14:50;1;76;76351;2;3;2;6;FRERE CONSTANCE;49,49022105;0,10063836
202300011561;5;2;2023;06:00;3;62;62717;1;1;1;2;D939;50,366841;2,371062
202300011562;6;2;2023;16:15;1;91;91600;1;1;1;7;Route Forestière de Soisy (Chemin);48,659427;2,456077
202300011563;13;10;2023;15:10;1;71;71270;2;2;1;3;Carf rue des Lilas-rue des Anémones;46,30976;4,82687
202300011564;7;2;2023;08:45;1;2B;2B319;1;1;1;4;Penticchie;42,430946;9,523392
202300011565;6;2;2023;21:35;2;11;11255;1;1;1;2;;43,18517272;2,92986638
202300011566;19;10;2023;08:10;1;71;71059;1;1;8;7;R.D 290;46,79074;4,4811
202300011567;7;2;2023;10:15;1;89;89419;2;9;7;6;Avenue du Général de Gaulle;47,721666;3,313205
202300011568;18;10;2023;14:00;1;71;71076;2;1;1;3;134 EME RI  (RUE);46,78974;4,84317
202300011569;6;2;2023;17:15;1;35;35039;2;1;1;3;Clos de la Hache;48,107352;-1,484656
202300011570;4;2;2023;14:45;1;35;35096;1;3;1;1;L?Epine;48,0634;-1,36489
202300011571;6;2;2023;22:45;3;35;35116;1;1;1;6;zone artisanale de la folleville;48,583957;-1,832351
202300011572;20;10;2023;01:15;5;69;69264;2;6;3;6;Avenue de l’Europe;45,99506;4,74152
202300011573;5;2;2023;05:45;3;29;29017;2;1;1;6;Rue de Plourin;48,47827;-4,716053
202300011574;6;2;2023;14:18;1;29;29190;1;3;1;2;Route de Brest;48,358238;-4,70776
202300011575;18;10;2023;10:20;1;69;69290;2;9;2;2;Route de Lyon;45,7047;4,91286
202300011576;6;2;2023;17:50;1;2;2173;2;6;1;3;22 Place du Brouage;49,614846;3,21393
202300011577;18;10;2023;11:15;1;69;69388;2;1;2;2;Avenue Jean Mermoz;45,73068;4,88673
202300011578;6;2;2023;14:36;1;83;83011;1;9;1;3;Route de Claviers;43,61819;6,557497
202300011579;18;10;2023;18:50;2;67;67482;2;3;3;3;CHARLES PEGUY (RUE);48,58657;7,70368
202300011580;7;2;2023;02:20;3;45;45148;2;1;1;6;D2007 PR 8 + 944;48,084229;2,769172
202300011581;18;10;2023;17:15;1;67;67482;2;1;2;6;ANCIENNE ECOLE (RUE DE L );48,561578;7,763755
202300011582;11;1;2023;19:15;3;64;64282;1;1;2;1;route des cimes;43,419419;-1,414146
202300011583;6;2;2023;20:50;3;18;18204;1;1;1;7;;46,935287;2,551768
202300011584;17;10;2023;20:10;5;67;67043;2;9;1;3;MAIRES SCHAUB (RUE DES);48,61443;7,76393
202300011585;7;2;2023;11:45;1;7;7295;1;1;1;7;RD120;44,816748;4,602585
202300011586;7;2;2023;09:50;1;4;4001;1;1;9;6;RN 85;44,052546;6,15185
202300011587;19;10;2023;20:50;5;62;62771;2;2;1;6;Avenue de la Fosse 4;50,41797;2,86679
202300011588;6;2;2023;16:40;1;85;85095;2;1;1;3;58 Rue de l'océan;46,869177;-1,759272
202300011589;19;10;2023;20:41;5;62;62637;2;1;1;3;Rue des 80 Fusillés;50,47065;2,98432
202300011590;6;2;2023;16:50;1;87;87151;1;1;1;6;D15;45,680355;1,292996
202300011591;7;2;2023;08:15;1;30;30083;1;1;1;6;Route du Grau du Roi;43,719753;4,223417
202300011592;18;10;2023;10:05;1;62;62193;2;1;1;2;Rue de Toul;50,94069472;1,84536213
202300011593;7;2;2023;06:30;3;34;34240;1;1;3;4;A709 pk 005+300;43,642224;3,974008
202300011594;19;10;2023;22:35;3;62;62400;2;1;8;7;D86;50,46967785;2,57193768
202300011595;19;10;2023;15:30;1;59;59346;2;1;1;6;COUTURIER PAUL-VAILLANT RUE;50,61418;3,11302
202300011596;7;2;2023;10:15;1;988;98821;2;1;1;6;Rue du Notou;-22,119582;166,367538
202300011597;6;2;2023;18:00;2;45;45229;1;2;1;3;1 Rue de Montbouy;47,850132;2,747827
202300011598;18;10;2023;21:10;5;56;56098;2;3;2;7;73 Avenue Ambroise Croizat;47,77522;-3,34622
202300011599;6;2;2023;16:30;1;68;68309;2;1;1;2;60 Rue Poincaré;47,66348;7,44578
202300011600;18;10;2023;20:25;3;56;56121;2;1;2;7;Rue amiral de Spitz;47,76334;-3,37016
202300011601;31;1;2023;17:30;5;69;69121;2;9;1;6;73 Route de Lyon;45,85498885;4,68118503
202300011602;6;2;2023;09:10;1;69;69204;2;6;1;3;Chemin du Grand Revoyet;45,695985;4,807227
202300011603;18;10;2023;18:16;1;56;56121;2;1;1;2;Rue René Lote;47,77234;-3,40456
202300011604;5;2;2023;08:45;1;69;69204;2;1;1;1;16 Route du Millénaire;45,67300376;4,78897461
202300011605;4;2;2023;11:37;1;9;9108;1;1;1;6;1 la materette;43,021714;1,366392
202300011606;19;10;2023;22:20;5;54;54395;2;1;2;6;Rue Alfred Krug;48,68213;6,20309
202300011607;5;2;2023;18:30;5;44;44094;1;1;1;7;Quai des Mariniers ;47,29434565;-1,38331309
202300011608;5;2;2023;15:30;1;60;60024;1;1;1;7;D60;49,408404;2,681694
202300011609;18;10;2023;13:40;1;54;54395;2;1;1;6;Rue Jeanne d'Arc;48,68894;6,17018
202300011610;6;2;2023;09:00;1;59;59636;1;1;1;6;ROUTE DEPARTEMENTALE 652;50,68203;3,06081
202300011611;6;2;2023;08:30;1;91;91340;1;1;1;3;RN 104;48,60835;2,4352
202300011612;19;10;2023;06:50;3;54;54580;2;4;1;3;RUE DE VERDUN;49,46501;5,93347
202300011613;6;2;2023;10:45;1;78;78571;1;1;1;6;A13;48,873995;2,02405
202300011614;18;10;2023;21:20;5;51;51454;2;2;2;6;BUIRETTE (RUE);49,25452;4,02538
202300011615;6;2;2023;07:50;2;78;78206;1;1;1;2;A13;48,945517;1,948973
202300011616;18;10;2023;11:40;1;50;50129;2;1;3;1;LANSONNEUR (RUE LOUIS);49,61981;-1,62029
202300011617;5;2;2023;13:47;1;92;92036;1;1;1;4;A86;48,93408555;2,27788505
202300011618;16;10;2023;08:20;1;50;50129;2;2;1;3;LECLERC (RUE DU GENERAL);49,64748;-1,65086
202300011619;4;2;2023;11:50;1;93;93027;1;1;2;2;AUTOROUTE A86;48,9247;2,39135
202300011620;18;10;2023;16:35;1;49;49007;2;1;2;6;ROMANERIE BOULEVARD;47,48599;-0,51193
202300011621;27;10;2023;07:45;5;47;47001;2;2;3;3;GAMBETTA (COURS);44,20025;0,61188
202300011622;20;10;2023;16:50;1;47;47001;2;3;2;6;BARBUSSE (AV. HENRI);44,20546098;0,62859071
202300011623;4;2;2023;20:45;5;94;94017;1;1;1;4;A4;48,82664869;2,5137924
202300011624;19;10;2023;14:50;1;45;45147;2;1;1;6;RUE LOUIS LABONNE;47,9266;1,9077
202300011625;4;2;2023;18:40;3;94;94028;1;1;2;4;N406;48,78200276;2,44056815
202300011626;10;10;2023;10:40;1;42;42187;2;6;1;3;Boulevard Baron du Marais;46,04356;4,06763
202300011627;5;2;2023;06:00;3;73;73011;1;1;1;6;N90;45,66123;6,38316
202300011628;5;2;2023;22:15;3;974;97411;1;9;1;7;DORO (CHEMIN);-20,92239;55,40272
202300011629;5;2;2023;16:30;1;974;97411;2;1;1;3;DIGUE (ROUTE);-20,89186;55,4706
202300011630;19;10;2023;12:00;1;37;37261;2;6;1;7;MAGINOT (AV. ANDRE);47,4186;0,69269
202300011631;5;2;2023;14:45;1;974;97411;2;1;1;3;NOTRE DAME DE LA TRINITE (BOULEVARD);-20,89647;55,46698
202300011632;19;10;2023;08:45;1;37;37261;2;1;1;6;ALOUETTE (AVENUE);47,3638;0,69952
202300011633;19;10;2023;07:50;1;37;37261;2;1;2;2;PORTILLON (QUAI DE);47,40095;0,68492
202300011634;5;2;2023;10:30;1;974;97411;2;1;1;6;DORET 1 (BOULEVARD);-20,8901;55,46148
202300011635;4;2;2023;23:20;3;973;97309;1;1;3;1;TIGRE (ROUTE DU);4,91356487;-52,30847239
202300011636;19;10;2023;13:00;1;35;35238;2;6;3;7;FOUGERES (RUE DE);48,12755;-1,65134
202300011637;5;2;2023;15:30;1;972;97209;2;1;1;1;CHATEAUBOEUF (ROUTE DE);14,62045;-61,04345
202300011638;4;2;2023;13:20;1;972;97209;2;1;1;6;ABBE LAVIGNE (AVENUE);14,612398;-61,07171
202300011639;19;10;2023;10:35;1;35;35051;1;1;2;6;LONGCHAMPS (PORTE DES);48,14168294;-1,62781656
202300011640;25;1;2023;08:45;1;69;69149;2;1;1;7;34 Rue Narcisse Bertholey;45,71555552;4,80471163
202300011641;4;2;2023;18:10;2;69;69389;2;1;1;3;10bis Rue Saint Simon;45,7794;4,79914
202300011642;19;10;2023;07:45;2;35;35238;2;6;8;2;PAYS-BAS (AVENUE DES);48,08661;-1,66107
202300011643;5;2;2023;04:51;4;90;90010;2;1;2;7;FRANCE BOULEVARD ANATOLE );47,639473;6,839239
202300011644;18;10;2023;20:15;5;35;35238;2;9;2;6;VERN (DE);48,09294;-1,64758
202300011645;5;2;2023;04:20;5;76;76484;1;6;1;6;D18 E;49,34553641;1,07718945
202300011646;18;10;2023;08:15;2;34;34108;1;1;1;5;RD 612;43,42068;3,73614
202300011647;5;2;2023;02:15;5;76;76540;2;2;1;3;Avenue de Bretagne;49,43329;1,08529
202300011648;5;2;2023;12:30;1;69;69259;2;1;1;2;16 Allée Picard;45,70700984;4,86515327
202300011649;5;2;2023;08:37;1;59;59367;2;1;8;7;CATINAT (RUE);50,67363581;3,20262194
202300011650;19;10;2023;19:35;5;33;33063;2;2;2;3;Rue Lucien Faure;44,86593;-0,5611
202300011651;5;2;2023;14:30;1;59;59009;2;2;1;3;FUSILLES RUE DES DU N° 2-110;50,61906;3,14224
202300011652;19;10;2023;17:35;2;33;33063;2;3;1;3;Boulevard du Président Wilson;44,83771;-0,59909
202300011653;5;2;2023;13:05;1;51;51230;2;1;1;3;Rue Gallice;49,04121104;3,95319253
202300011654;10;10;2023;14:45;1;29;29254;1;1;1;6;RN12;48,58699116;-3,8478934
202300011655;3;2;2023;18:20;2;50;50129;2;9;1;3;SALENGRO (RUE ROGER);49,62902;-1,64118
202300011656;5;2;2023;02:15;3;45;45169;2;4;1;3;10 Rue Pierre et Marie Curie;47,90067;1,85099
202300011657;19;10;2023;12:03;1;29;29019;2;2;1;3;avenue Victor Le Gorgeu;48,410203;-4,514802
202300011658;5;2;2023;03:50;3;37;37195;1;1;1;1;PERIPHERIQUE OUEST;47,3769;0,65231
202300011659;19;10;2023;07:25;3;29;29019;2;3;2;3;avenue de l'Ecole Navale;48,373521;-4,525603
202300011660;4;2;2023;16:40;1;34;34172;2;3;1;3;527 Avenue Saint Clément;43,61805;3,84405
202300011661;4;2;2023;16:45;1;31;31483;2;1;1;6;14bis Av du Pdt Francois Mitterrand;43,10964;0,72945
202300011662;18;10;2023;16:35;1;28;28070;1;1;3;3;D823;48,46879;1,51855
202300011663;19;10;2023;18:10;1;27;27701;1;9;2;6;RD6015;49,2515;1,1851
202300011664;4;2;2023;20:50;5;25;25462;1;1;2;1;ROCADE G.POMPIDOU ( DE 0 A 6);46,904964;6,33033
202300011665;19;10;2023;08:15;1;27;27701;2;1;3;6;VILLAGE (CHAUSSEE DU);49,261556;1,207388
202300011666;2;2;2023;23:30;3;22;22187;2;1;1;6;VIEUX MOULIN (RUE DU);48,52352;-2,7528
202300011667;19;10;2023;05:40;5;26;26362;2;1;2;3;Avenue de la Libération;44,905;4,884
202300011668;3;2;2023;19:45;5;13;13202;2;2;1;3;ANTHOINE (RUE D');43,3165;5,36842
202300011669;19;10;2023;13:15;1;25;25056;2;1;2;2;OUEST BOULEVARD;47,25391;5,99002
202300011670;5;2;2023;15:50;1;13;13213;2;1;1;5;SAINT JUST (AVENUE DE);43,31522866;5,4036259
202300011671;19;10;2023;10:40;1;25;25056;2;1;2;3;CHAR  RUE RENE;47,217484;5,949541
202300011672;5;2;2023;13:30;1;13;13212;2;1;1;6;POILUS (AVENUE DES);43,31392389;5,46293117
202300011673;18;10;2023;14:03;1;19;19272;2;1;2;7;Chammard (Quai);45,26786606;1,77233827
202300011674;5;2;2023;11:50;1;13;13208;2;6;1;3;ALAIN SAVARY (ROND-POINT);43,246161;5,39458622
202300011675;5;2;2023;14:30;1;7;7019;2;1;1;6;LAZUEL ( ROUTE DE );44,62603;4,37883
202300011676;5;2;2023;19:00;5;6;6069;2;4;2;6;ROTHSCHILD (BOULEVARD ALICE DE);43,663709;6,927576
202300011677;20;10;2023;00:35;5;13;13205;2;9;2;6;JEAN MOULIN (BOULEVARD);43,28678478;5,39988935
202300011678;5;2;2023;05:25;5;1;1053;2;1;1;1;LECLERC (BVD  MARECHAL COTE PAIR);46,20656;5,21972
202300011679;3;2;2023;22:20;5;91;91687;2;1;1;3;GENERAL DE GAULLE (AVENUE DU);48,67953;2,38124
202300011680;3;2;2023;09:45;1;13;13028;2;1;1;6;QUINET (RUE EDGARD);43,17514;5,61004
202300011681;19;10;2023;23:30;5;13;13205;2;9;3;1;VERDUN (RUE DE);43,2965;5,39758
202300011682;4;2;2023;16:15;1;988;98818;2;2;1;3;RUE JULES FERRY/AVENUE JAMES COOK;-22,26752;166,43739
202300011683;4;2;2023;13:00;1;976;97611;2;9;3;6;convalescence/vetivers-Seize Villas ( ru;-12,77814;45,21931
202300011684;19;10;2023;11:30;1;13;13209;2;1;1;1;RAYMOND TEISSERE (RUE);43,27342998;5,39885805
202300011685;4;2;2023;07:20;1;973;97309;2;3;1;3;TIGRE (ROUTE DU);4,91520569;-52,31077239
202300011686;18;10;2023;20:00;5;10;10343;2;1;2;7;DIJON (RUE DE);48,2674;4,089
202300011687;4;2;2023;12:30;1;972;97209;2;3;1;3;CHATEAUBOEUF (ROUTE DE);14,61451;-61,05131
202300011688;17;10;2023;17:40;1;9;9122;2;1;1;6;ESPAGNE (ROUTE D');42,94786;1,62633
202300011689;3;2;2023;16:50;1;2A;2A004;2;1;1;2;ROUTE DU STILETTO;41,94567;8,77024
202300011690;19;10;2023;17:20;1;6;6069;1;1;2;3;Route de PLASCASSIER;43,652355;6,951565
202300011691;4;2;2023;18:15;2;81;81004;2;1;1;3;TEYSSIER (AV DU COLONEL);43,92492;2,15064
202300011692;16;10;2023;10:05;1;6;6069;2;1;1;4;PAGNOL (BOULEVARD MARCEL);43,645307;6,943649
202300011693;3;2;2023;16:20;1;74;74133;2;3;1;3;CHATELET (RUE DU);46,19054445;6,21144294
202300011694;4;2;2023;20:15;5;71;71306;2;2;1;1;CLUNY (RUE DE);46,6738;4,37389
202300011695;19;10;2023;11:50;1;4;4070;1;1;1;1;MARCOUX ( rte de );44,10705;6,25766
202300011696;3;2;2023;17:55;2;71;71486;2;3;1;3;8 MAI 1945 (RUE);46,64878;4,36598
202300011697;19;10;2023;17:47;5;75;75120;2;1;2;3;BD PERIPHERIQUE INTERIEUR;48,871428;2,413002
202300011698;30;1;2023;14:00;1;69;69266;2;6;8;6;92 Cours André Philip;45,77235382;4,86639037
202300011699;3;2;2023;18:16;5;68;68166;2;1;1;6;Rue d'Illzach;47,79055;7,34325
202300011700;19;10;2023;14:05;1;75;75112;2;1;1;5;BD PERIPHERIQUE EXTERIEUR;48,828642;2,398889
202300011701;4;2;2023;18:40;1;65;65440;2;2;1;2;Rue Saint-jean;43,238439;0,081873
202300011702;19;10;2023;07:50;5;75;75120;2;1;2;2;PORTE DE BAGNOLET;48,863502;2,413408