Num_Acc;jour;mois;an;hrmn;lum;dep;com;agg;int;atm;col;adr;lat;long
202300011703;3;2;2023;16:39;1;65;65286;2;6;1;6;Boulevard de la Grotte;43,09945;-0,0455
202300011704;4;2;2023;12:30;1;64;64445;2;9;1;6;20 rue monseigneur Campo;43,32076;-0,345
202300011705;4;2;2023;21:30;5;62;62826;2;2;1;3;Boulevard Daloz;50,51869;1,58587
202300011706;18;10;2023;07:45;2;75;75120;2;1;2;3;PORTE DE VINCENNES;48,847428;2,41456
202300011707;4;2;2023;19:25;5;59;59599;2;2;1;7;GAND (RUE DE);50,73695;3,16218
202300011708;4;2;2023;05:15;3;59;59271;1;1;8;6;RD 601;51,02326988;2,30754465
202300011709;19;10;2023;15:05;1;75;75117;2;1;1;5;BD PERIPHERIQUE INTERIEUR ;48,882612;2,283497
202300011710;4;2;2023;22:10;5;51;51454;2;2;1;3;rue Chanzy;49,252137;4,032208
202300011711;17;10;2023;09:00;1;75;75116;2;3;1;3;RUE DE BOULAINVILLIERS;48,855157;2,275296
202300011712;30;1;2023;16:40;1;38;38179;1;9;1;7;RUE DU MOIRON;45,18518;5,79873
202300011713;4;2;2023;19:15;5;33;33063;2;1;1;2;Boulevard Alienor d'Aquitaine;44,87528;-0,56466
202300011714;19;10;2023;10:30;1;75;75119;2;3;1;6;RUE MANIN;48,8843315;2,39129609
202300011715;4;2;2023;18:00;5;33;33063;2;1;1;2;Cours Aristide Briand;44,8321;-0,57843
202300011716;3;2;2023;15:05;1;33;33522;2;1;1;2;Cours de la Libération;44,80952;-0,59129
202300011717;19;10;2023;21:17;5;75;75118;2;3;2;6;RUE CAULAINCOURT;48,886617;2,33263466
202300011718;4;2;2023;03:39;5;33;33529;2;6;1;6;LECLERC (AVE DU GAL) DU 02 ET +;44,64811515;-1,15267128
202300011719;4;2;2023;15:35;1;31;31557;2;9;1;7;BELBEZE (RUE DE);43,580686;1,336783
202300011720;3;2;2023;16:20;1;31;31555;2;1;1;6;ALL HENRI SELLIER;43,57713;1,44054
202300011721;18;10;2023;16:40;1;75;75117;2;1;2;4;BOULEVARD DE DOUAUMONT;48,894601;2,305127
202300011722;3;2;2023;20:25;3;29;29019;2;1;1;2;rue de la Porte;48,384237;-4,500853
202300011723;3;2;2023;09:15;1;29;29019;2;3;1;3;rue Inkermann;48,39943238;-4,46795063
202300011724;18;10;2023;12:40;1;75;75115;2;2;1;6;RUE SAINT CHARLES;48,844764;2,283905
202300011725;19;10;2023;11:10;1;75;75111;2;3;1;3;AVENUE PARMENTIER;48,85914;2,379469
202300011726;4;2;2023;09:52;1;22;22187;1;1;1;7;RN12;48,54499;-2,78762
202300011727;19;10;2023;14:30;1;75;75110;2;3;1;2;RUE ROBERT BLACHE;48,877054;2,363836
202300011728;31;1;2023;16:50;1;16;16089;2;1;1;6;ANGOULEME (AVENUE D');45,686866;-0,309052
202300011729;19;10;2023;15:30;1;75;75108;2;3;1;6;AVENUE BERTIE ALBRECHT;48,874954;2,301047
202300011730;19;10;2023;11:00;1;75;75108;2;3;8;3;PLACE DE LA CONCORDE;48,86439;2,320311
202300011731;18;10;2023;23:00;5;75;75108;2;1;2;7;AVENUE MONTAIGNE;48,867212;2,306804
202300011732;19;10;2023;15:00;1;75;75101;2;3;1;7;RUE DE RIVOLI;48,86631;2,324165
202300011733;19;10;2023;13:40;1;75;75101;2;3;1;6;RUE DES LAVANDIERES SAINTE OPPORTUNE;48,859089;2,346392
202300011734;18;10;2023;13:50;1;75;75103;2;2;2;3;RUE DE TURBIGO;48,865463;2,356088
202300011735;19;10;2023;20:10;5;94;94078;2;1;3;3;Avenue du 8 Mai 1945;48,72735;2,44539
202300011736;18;10;2023;21:20;5;94;94068;2;3;2;3;Boulevard de Champigny;48,80776;2,50911
202300011737;19;10;2023;20:00;5;94;94046;2;9;2;3;Avenue du Général Leclerc;48,80747349;2,43754399
202300011738;19;10;2023;14:40;1;94;94043;2;9;1;1;Rue Gabriel Péri;48,806089;2,345914
202300011739;17;10;2023;18:00;1;94;94016;2;1;1;2;Avenue Louis Georgeon;48,7929349;2,33603185
202300011740;17;10;2023;10:40;1;94;94033;2;6;1;3;Pl. de l'Amitié entre les Peuples;48,8527;2,4816
202300011741;18;10;2023;22:15;3;94;94028;1;7;2;3;Place des Jonquilles;48,804184;2,457361
202300011742;19;10;2023;19:52;5;94;94079;2;1;2;6;Rue de Noisy;48,83298;2,54589
202300011743;19;10;2023;03:45;5;94;94069;2;1;2;7;A4;48,81693343;2,45226055
202300011744;18;10;2023;13:05;1;93;93032;2;1;2;6;Chemin de Montguichet;48,879331;2,546716
202300011745;19;10;2023;20:15;5;93;93031;2;3;2;1;Boulevard Foch / Rue de l'Yser;48,9444;2,3377
202300011746;19;10;2023;07:51;3;93;93031;2;2;3;6;Avenue du 18 Juin 1940 /Avenue Salvador Allende;48,95467;2,307986
202300011747;19;10;2023;20:15;5;93;93001;2;2;2;3;Rue Nicolas Rayer / Rue du Port;48,917767;2,374813
202300011748;18;10;2023;17:00;1;92;92078;2;1;2;2;HENRI BARBUSSE (RUE) (PAIRS);48,93621918;2,33317089
202300011749;18;10;2023;21:50;5;92;92078;2;9;2;4;MOULIN CAGE (QUAI);48,92423478;2,32904471
202300011750;19;10;2023;11:40;1;92;92076;2;6;1;3;ROBERT CHEVALIER;48,8433122;2,17444217
202300011751;19;10;2023;08:05;2;92;92063;2;2;2;6;DIX-HUIT JUIN 1940 (AVENUE DU) EST;48,8680164;2,19307914
202300011752;19;10;2023;18:00;1;92;92051;2;3;1;2;GENERAL KOENIG (BOULEVARD DU);48,88155;2,25238
202300011753;17;10;2023;11:39;1;92;92050;2;1;1;3;COMMUNE DE PARIS AVENUE DE LA;48,90419;2,20635
202300011754;19;10;2023;06:55;5;92;92040;2;1;1;3;GAMBETTA (BOULEVARD);48,82750204;2,27680291
202300011755;28;4;2023;16:10;1;75;75107;2;3;1;6;QUAI D ORSAY;48,862628;2,319032
202300011756;27;4;2023;20:18;5;75;75104;2;3;2;1;RUE SAINT ANTOINE;48,854303;2,363748
202300011757;28;4;2023;05:15;5;94;94081;2;3;3;3;Boulevard de Stalingrad / Rue Germain Tailleferre;48,803653;2,377435
202300011758;28;4;2023;15:00;1;94;94068;2;3;1;2;Boulevard de la Marne;48,78762;2,51791
202300011759;28;4;2023;03:35;5;94;94003;2;1;3;2;Avenue de la Convention;48,800718;2,333388
202300011760;28;4;2023;15:50;1;94;94021;2;1;1;2;78 Avenue de Stalingrad;48,77323;2,367453
202300011761;28;4;2023;09:00;1;94;94034;2;9;2;3;Carrefour de la Déportation;48,760557;2,31830809
202300011762;27;4;2023;22:45;5;94;94073;2;1;2;5;116 Avenue de Versailles;48,75913511;2,39506607
202300011763;28;4;2023;12:15;1;94;94017;2;2;1;1;Rue de Dunkerque / Avenue Marx Dormoy;48,80632;2,530083
202300011764;27;4;2023;12:35;1;94;94017;2;1;1;3;Avenue du Général de Gaulle;48,82152251;2,48903538
202300011765;28;4;2023;15:15;1;93;93078;2;9;1;3;Route de Tremblay;48,965134;2,539195
202300011766;28;4;2023;18:13;1;93;93031;2;3;1;3;Rue des Carrières / Rue de Rennes;48,95824;2,29524
202300011767;28;4;2023;09:25;1;93;93066;2;1;2;7;Avenue Lénine;48,938919;2,370017
202300011768;27;4;2023;01:00;5;93;93005;2;2;1;1;Boulevard Lefèvre / Rue Ordener;48,94326;2,49322
202300011769;28;4;2023;16:30;1;92;92075;2;6;1;6;VICTOR HUGO (AVENUE);48,82554;2,29261
202300011770;28;4;2023;14:30;1;92;92063;2;1;1;3;MONTBRISON (RUE DU LIEUTENANT COLONEL DE;48,86174;2,196041
202300011771;28;4;2023;09:00;1;92;92050;2;1;8;3;PONS NOEL RUE;48,90643783;2,22437203
202300011772;28;4;2023;08:20;1;92;92040;2;9;2;6;HOCHE;48,82456606;2,27094457
202300011773;27;4;2023;18:15;1;92;92036;2;3;2;6;GENERAL DE GAULLE (AVENUE) (PAIRS);48,9336983;2,31342539
202300011774;28;4;2023;20:13;1;92;92025;2;2;1;2;FELIX FAURE (RUE);48,914922;2,252883
202300011775;27;4;2023;00:35;3;92;92025;2;1;1;4;KLEBER (AV);48,933581;2,252309
202300011776;28;4;2023;12:26;1;92;92012;2;2;2;3;MARECHAL DE LATTRE DE TASSIGNY (AVENUE);48,84108692;2,22511232
202300011777;28;4;2023;19:45;1;92;92007;2;3;1;3;EGALITE (RUE DE L') N° IMPAIRS;48,801237;2,30743
202300011778;27;4;2023;18:00;1;92;92004;2;2;1;5;PONT DE CLICHY;48,91101;2,29858
202300011779;30;4;2023;12:25;1;39;39097;1;1;1;1;N/A;46,742091;5,928393
202300011780;30;4;2023;03:10;3;50;50237;2;3;1;6;133 Rue de la Liberation;48,801829;-1,396181
202300011781;30;4;2023;20:35;3;51;51141;1;1;1;7;N44;48,842442;4,509351
202300011782;29;4;2023;22:50;3;83;83023;1;1;1;3;AUTOROUTE A 8;43,42114466;6,07659089
202300011783;28;4;2023;19:00;5;974;97422;2;1;1;2;114 Chemin Neuf;-21,245192;55,514281
202300011784;29;4;2023;12:55;1;51;51217;2;1;1;7;Le Gault;49,066661;3,645819
202300011785;30;4;2023;01:00;3;30;30331;1;1;1;6;RD6086;44,12515;4,614521
202300011786;29;4;2023;15:00;1;66;66028;2;1;1;1;N/A;42,675024;2,938848
202300011787;30;4;2023;05:30;2;51;51009;1;1;1;7;D5;48,591235;3,824589
202300011788;30;4;2023;01:25;5;51;51117;2;1;1;7;Rue de Jâlons;48,97210329;4,16700214
202300011789;28;4;2023;16:45;1;19;19013;1;1;1;3;ROUTE DU LAC;45,17615674;1,67319037
202300011790;30;4;2023;07:15;2;56;56177;1;4;1;6;Kerleano;47,782431;-3,02189
202300011791;29;4;2023;20:25;1;80;80677;1;1;1;6;D24;49,947229;3,101314
202300011792;30;4;2023;18:15;1;32;32462;1;1;1;6;Route de Mouchan;43,794446;0,305155
202300011793;30;4;2023;12:40;1;55;55520;1;1;1;4;D36;48,694215;5,676085
202300011794;30;4;2023;12:30;1;12;12101;1;4;1;2;départementale 963 - le crucifix;44,598802;2,248152
202300011795;30;4;2023;18:48;1;12;12094;1;1;1;7;La Montade;44,655993;2,545084
202300011796;29;4;2023;17:40;1;41;41059;1;1;1;3;route départementale 675;47,400237;1,413589
202300011797;30;4;2023;08:50;2;44;44211;2;1;2;6;47 Rue du Fan;47,350269;-2,480772
202300011798;30;4;2023;19:30;1;31;31107;1;1;1;1;Route de Lancon;43,32364;1,218549
202300011799;30;4;2023;11:15;1;3;3045;1;1;8;6;D995;46,100443;3,513104
202300011800;29;4;2023;16:35;1;70;70490;1;1;1;1;Le Pont Joly;47,719268;6,303674
202300011801;30;4;2023;02:15;3;50;50452;1;1;1;6;Le Bas Cerisier;48,565678;-1,101728
202300011802;30;4;2023;02:00;3;10;10103;1;1;1;7;D74;48,248337;4,800843
202300011803;29;4;2023;15:10;1;24;24547;2;3;1;3;Route du Périgord;45,127068;1,295097
202300011804;30;4;2023;02:40;3;30;30341;1;1;9;6;Route de Franquevaux;43,64455;4,311616
202300011805;28;4;2023;13:40;1;77;77354;1;1;1;2;PK 023+600 SENS 1;48,471144;2,874088
202300011806;29;4;2023;13:10;1;1;1077;1;1;2;6;A40, PK 132+300, SENS MACON/GENEVE;46,11471;5,471964
202300011807;25;4;2023;14:00;1;34;34255;2;1;1;3;60 Avenue du Clapas;43,689956;3,807431
202300011808;30;4;2023;14:28;1;69;69288;1;1;1;6;Autoroute 432;45,690394;5,06201
202300011809;28;4;2023;21:20;3;987;98745;1;1;1;6;PK 9 Ouest district de TAPUAMU;-16,62;-151,496
202300011810;14;4;2023;01:40;3;34;34146;1;1;1;4;Aire de Nabrigas (Embranchement d'autoroute);43,689578;4,06352
202300011811;30;4;2023;03:50;3;78;78003;1;1;1;6;A11;48,53056;1,850123
202300011812;29;4;2023;05:40;2;987;98733;2;1;1;6;PK 21.900 coté montagne, vallée orofero, route principale;-17,690413;-149,579716
202300011813;30;4;2023;09:30;1;988;98802;2;3;1;3;RT1 intersection route de Bouraké (RM1);-21,86179;166,04642
202300011814;29;4;2023;12:15;1;973;97305;1;3;1;2;Route Nationale 1;4,937649;-52,409313
202300011815;29;4;2023;20:15;3;84;84136;1;1;1;7;route de beaumes de venise D 7;44,129076;4,995711
202300011816;21;4;2023;19:30;1;13;13110;1;1;1;1;D7n;43,488478;5,669589
202300011817;29;4;2023;21:25;3;21;21183;1;1;1;6;Rue des Meix;47,224028;5,259506
202300011818;29;4;2023;13:30;1;67;67544;2;3;1;3;Rue de l'Industrie;49,029526;7,948147
202300011819;29;4;2023;11:20;1;67;67101;1;3;1;3;RD 392;48,522826;7,505931
202300011820;30;4;2023;14:30;1;63;63203;1;1;1;3;D796;45,84387466;3,05945544
202300011821;29;4;2023;10:30;1;38;38087;2;2;1;3;Avenue de Nor-hadjin;45,581735;4,79771
202300011822;30;4;2023;05:30;2;33;33417;1;1;1;6;Chemin de Cordes;45,005168;-0,900965
202300011823;30;4;2023;06:05;5;29;29087;1;1;2;1;la Croix Neuve;48,03478234;-4,2442065
202300011824;30;4;2023;11:00;1;27;27448;1;1;1;6;Route de Paris;49,008199;1,405204
202300011825;28;4;2023;15:00;1;33;33122;1;1;1;4;AUTOROUTE A 63;44,74832;-0,69827
202300011826;27;4;2023;13:03;1;33;33550;1;1;1;3;ROCADE A 630;44,78215996;-0,58431387
202300011827;28;4;2023;18:15;1;91;91521;1;1;1;4;RN 104;48,638106;2,396659
202300011828;28;4;2023;15:45;1;91;91689;1;1;1;4;AUTOROUTE A6A;48,7481;2,32704
202300011829;28;4;2023;15:00;1;78;78545;1;1;1;2;A12 W;48,819548;2,0675
202300011830;27;4;2023;22:00;3;78;78466;1;1;2;3;A13;48,92757;1,99156
202300011831;28;4;2023;17:25;1;93;93053;1;1;1;3;AUTOROUTE A3;48,89605238;2,47019827
202300011832;28;4;2023;00:10;3;77;77384;1;1;2;2;A5b;48,603902;2,633665
202300011833;28;4;2023;00:35;3;93;93051;1;1;2;6;A4;48,8366;2,54514
202300011834;27;4;2023;17:05;1;974;97416;1;4;1;3;LIGNE PARADIS(ROUTE DE LA);-21,32255;55,48497
202300011835;27;4;2023;07:20;1;974;97416;2;3;1;1;BABET (RUE AUGUSTE);-21,33707;55,48016
202300011836;27;4;2023;04:50;5;974;97407;2;1;1;7;RUE THEODORE DROUET;-20,945482;55,317518
202300011837;27;4;2023;18:20;1;69;69388;2;2;1;6;Avenue Jean Mermoz;45,73256895;4,88162773
202300011838;26;4;2023;10:25;1;972;97209;1;1;3;6;PASTEUR (AVENUE);14,61324;-61,067
202300011839;27;4;2023;15:55;1;69;69385;2;1;1;3;92 Rue Joliot Curie;45,75446;4,78457
202300011840;26;4;2023;09:15;1;2B;2B033;2;6;1;3;TOUTES RUES;42,70296;9,44659
202300011841;26;4;2023;17:10;1;971;97101;2;1;1;3;DE L'OUEST (AVENUE);16,25748;-61,53064
202300011842;25;4;2023;10:10;2;95;95598;2;6;1;3;D109E;48,99024;2,29648
202300011843;27;4;2023;18:15;1;91;91103;2;2;2;3;RUE DU PETIT PARIS;48,612532;2,278243
202300011844;21;4;2023;16:40;1;83;83126;2;6;1;6;RENOIR (AV AUGUSTE);43,08513182;5,85822657
202300011845;27;4;2023;20:15;2;83;83069;2;1;1;6;RENAUDEL (AVENUE PIERRE);43,10786;6,1267
202300011846;27;4;2023;16:50;1;83;83141;1;1;1;3;RD 54;43,494936;6,510234
202300011847;27;4;2023;10:20;1;82;82121;2;3;2;6;ALBERT (RUE D');44,02097;1,35464
202300011848;23;4;2023;23:54;5;80;80021;2;1;1;6;CAMBRESIS (RUE);49,91244;2,30986
202300011849;15;4;2023;18:24;1;80;80021;2;2;1;3;JULES FERRY (CHAUSSEE);49,87911;2,33533
202300011850;26;4;2023;14:46;1;78;78146;2;2;8;3;MARECHAL FOCH (AVENUE DU);48,889788;2,15638
202300011851;14;4;2023;07:35;1;78;78498;2;1;1;6;MALADRERIE AV DE LA;48,92228;2,03815
202300011852;27;4;2023;14:00;1;77;77083;2;1;1;3;AMPERE (AVENUE);48,84421807;2,58319509
202300011853;25;4;2023;23:10;5;76;76351;2;1;1;7;CLAUDE MONET;49,5014;0,08878
202300011854;27;4;2023;15:40;1;76;76349;1;3;1;3;OUVILLE (ROUTE D');49,892462;1,03999
202300011855;25;3;2023;17:15;1;76;76114;2;1;1;6;PASSAS JULES (BOULEVARD);49,56755;0,4726
202300011856;26;4;2023;19:25;2;71;71040;2;3;1;1;BOIS CLAIR (RUE DU );46,69876;4,37861
202300011857;27;4;2023;23:17;5;69;69266;2;1;1;4;Cours Emile Zola;45,7708;4,87238
202300011858;27;4;2023;15:40;1;69;69266;2;2;1;3;Rue Francis de Pressensé;45,77108;4,887
202300011859;27;4;2023;07:45;1;69;69286;2;1;1;4;Route du Mas-Rillier;45,82321186;4,90805676
202300011860;27;4;2023;12:30;1;69;69013;1;1;1;2;Avenue de Joux;46,00975;4,72557
202300011861;27;4;2023;11:50;1;69;69029;2;1;1;2;20 Avenue Jules Mas;45,73685002;4,91117209
202300011862;27;4;2023;07:23;1;69;69259;2;2;1;6;Avenue Jules Guesde;45,70837;4,88704
202300011863;26;4;2023;18:45;2;67;67482;2;1;1;3;VIENNE (ROUTE DE);48,57338;7,7554
202300011864;26;4;2023;15:30;1;67;67043;2;1;1;3;GENERAL LECLERC (RUE DU);48,613798;7,753669
202300011865;26;4;2023;17:00;1;67;67462;2;1;1;6;MARECHAL FOCH (BOULEVARD DU);48,2595;7,45069
202300011866;27;4;2023;21:20;5;64;64445;2;1;1;6;JEAN MERMOZ;43,306;-0,376
202300011867;27;4;2023;10:55;1;64;64335;1;2;1;3;SAULT DE NAVAILLES DE;43,34702;-0,43595
202300011868;27;4;2023;20:20;1;64;64024;2;1;1;7;BAYONNE (AVENUE DE);43,48133;-1,5111
202300011869;26;4;2023;14:45;1;64;64102;2;1;1;2;MAI 1945 (AVENUE DU 8);43,46378;-1,49554
202300011870;27;4;2023;09:00;1;63;63113;2;1;1;2;QUINET (BD EDGAR);45,80334;3,1174
202300011871;26;4;2023;16:56;1;63;63113;2;1;1;6;BLATIN (RUE);45,77639;3,07549
202300011872;22;4;2023;16:30;1;62;62587;2;1;1;3;D46;50,431007;2,922197
202300011873;27;4;2023;22:20;5;59;59350;2;3;1;3;N/A;50,63333;3,06666
202300011874;13;4;2023;16:00;1;59;59328;2;3;1;3;DUNKERQUE AVENUE DE;50,6369;3,02521
202300011875;26;4;2023;16:20;1;57;57566;2;9;1;7;RUE DE NANCY;48,74280931;7,08814859
202300011876;17;4;2023;17:28;1;56;56260;2;1;1;2;Boulevard de la Résistance;47,64774;-2,78178
202300011877;26;4;2023;20:30;2;56;56083;2;6;1;6;ALLENDE ( AV. PRES. SALVADOR );47,8086;-3,25573
202300011878;26;4;2023;10:30;1;56;56121;2;1;2;1;50 Rue de Kervénanec;47,73751;-3,3919
202300011879;26;4;2023;15:45;1;54;54323;1;1;1;6;RN52;49,516966;5,750128
202300011880;27;4;2023;10:40;1;51;51454;2;1;1;3;rue Libergier;49,25168;4,02834
202300011881;28;4;2023;02:25;4;47;47201;2;9;1;6;BENAZIE (RUE DE LA);44,1937;0,60723
202300011882;26;4;2023;01:20;5;44;44190;2;1;1;4;87 Rue de la Jaunaie;47,19717;-1,49879
202300011883;26;4;2023;13:00;1;43;43041;2;1;1;4;Avenue Charles Dupuy;45,05034;3,91338
202300011884;27;4;2023;22:53;5;37;37261;2;6;8;3;HEURTELOUP (BOULEVARD);47,39465;0,70473
202300011885;27;4;2023;19:35;1;35;35278;2;9;1;3;ROUTE DE ST MALO;48,136703;-1,692329
202300011886;27;4;2023;12:30;1;35;35238;2;2;2;3;CARTIER (BD JACQUES);48,097165;-1,676994
202300011887;26;4;2023;08:20;1;33;33281;2;1;2;6;Allée de Pagneau;44,81634;-0,69953
202300011888;24;4;2023;23:20;5;33;33522;2;3;2;1;Cours de la Libération;44,7983;-0,59987
202300011889;27;4;2023;21:00;5;31;31555;2;3;1;3;ALBI (RTE D) DU 1AU 243;43,64386;1,46848
202300011890;27;4;2023;22:44;2;31;31555;1;1;1;2;ECHANGEUR SESQUIERES (A62-A620);43,653599;1,426946
202300011891;26;4;2023;12:05;2;31;31555;2;1;2;1;AV DE LATTRE DE TASSIGNY;43,575149;1,436137
202300011892;27;4;2023;10:25;1;30;30007;2;1;1;1;GAGARINE (AVE YOURI);44,1312;4,0964
202300011893;27;4;2023;18:10;1;25;25031;2;1;1;1;JAURES (AVENUE JEAN);47,48882;6,82785
202300011894;27;4;2023;09:00;1;22;22113;2;2;2;3;SAINT ELIVET (RUE DE);48,7273;-3,44692
202300011895;26;4;2023;15:45;1;17;17306;2;6;2;6;D25;45,63945;-1,0256
202300011896;27;4;2023;10:45;1;15;15014;2;1;1;6;BERTHOU (CHEMIN DE);44,91659;2,43661
202300011897;26;4;2023;18:40;1;14;14118;2;9;1;6;144 Rue de Falaise;49,166638;-0,350965
202300011898;27;4;2023;00:30;5;14;14118;2;2;1;1;64 Rue Saint-Jean;49,181518;-0,358897
202300011899;26;4;2023;19:40;1;14;14118;2;6;1;3;28 Avenue Jean Monnet;49,201425;-0,383739
202300011900;23;4;2023;22:45;3;13;13039;2;1;1;2;ROUTE NATIONALE 569;43,47146;4,95009
202300011901;27;4;2023;22:15;5;13;13208;2;1;1;1;RABATAU (BOULEVARD);43,27616415;5,39709346
202300011902;27;4;2023;23:50;5;13;13211;2;1;1;1;MAZENODE (AVENUE);43,28917755;5,42664105
202300011903;27;4;2023;14:50;1;13;13204;2;8;1;6;MARÉCHAL FOCH (AVENUE);43,29892;5,40214
202300011904;27;4;2023;06:20;2;13;13047;1;1;1;1;R.N 569;43,54411;4,95543
202300011905;27;4;2023;15:20;1;13;13005;2;1;8;6;BROSSOLETTE (AVENUE PIERRE);43,28687534;5,55329029
202300011906;13;4;2023;11:00;1;11;11262;2;3;1;3;26 Avenue Pompidor;43,18279;2,97916
202300011907;26;4;2023;12:15;1;11;11069;1;3;1;4;295 Rue Andre Ampere;43,21186;2,31741
202300011908;27;4;2023;13:00;1;6;6069;2;4;1;1;VICTORIA (AVENUE ET TRAVERSE);43,666623;6,9364
202300011909;26;4;2023;17:00;1;6;6029;2;1;1;3;JOURDAN (AVENUE MICHEL);43,552628;6,976793
202300011910;27;4;2023;17:30;1;1;1344;2;3;1;3;TREVOUX (AVENUE DE);46,20121;5,20335
202300011911;25;4;2023;12:50;1;75;75114;2;1;1;2;PORTE D ORLEANS;48,820678;2,323145
202300011912;25;4;2023;08:40;1;75;75120;2;1;1;4;PORTE DES LILAS;48,877377;2,409157
202300011913;26;4;2023;17:46;1;75;75119;2;2;1;5;RUE HENRI RIBIERE;48,87677;2,3956
202300011914;26;4;2023;22:55;5;75;75120;2;3;1;6;RUE DES PYRENEES;48,863292;2,399719
202300011915;27;4;2023;16:25;1;75;75119;2;1;2;2;RUE RIQUET;48,889508;2,369555
202300011916;27;4;2023;12:30;1;75;75119;2;1;1;3;PORTE DE PANTIN;48,888881;2,396854
202300011917;27;4;2023;20:34;5;75;75118;2;1;2;2;BOULEVARD NEY;48,898612;2,363193
202300011918;27;4;2023;09:25;1;75;75118;2;2;1;3;RUE DU POTEAU;48,894796;2,34076
202300011919;26;4;2023;13:35;1;75;75117;2;1;1;7;BOULEVARD BERTHIER;48,892065;2,307827
202300011920;27;4;2023;09:35;1;75;75110;2;2;1;3;RUE LA FAYETTE;48,879739;2,358696
202300011921;27;4;2023;05:15;3;75;75109;2;3;1;2;RUE DROUOT;48,872011;2,340063
202300011922;27;4;2023;09:30;1;75;75107;2;3;1;3;QUAI D ORSAY;48,862608;2,319075
202300011923;27;4;2023;11:15;1;75;75101;2;3;1;6;BOULEVARD DE SEBASTOPOL;48,861981;2,350191
202300011924;26;4;2023;20:46;5;75;75104;2;2;1;3;QUAI DES CELESTINS;48,85333;2,357812
202300011925;26;4;2023;13:57;1;75;75104;2;1;1;6;SOUTERRAIN HENRI IV;48,847732;2,364261
202300011926;27;4;2023;09:45;1;94;94080;2;1;1;3;Avenue du Général de Gaulle;48,84226906;2,43324798
202300011927;27;4;2023;00:10;4;93;93066;2;1;1;2;Rue Paul Eluard;48,941816;2,346168
202300011928;27;4;2023;08:30;1;93;93053;2;1;1;3;Rue de Brément;48,8899953;2,45350608
202300011929;26;4;2023;19:10;1;93;93032;2;2;1;3;Avenue Centrale / Avenue Charles Infroit;48,867722;2,559289
202300011930;27;4;2023;08:45;1;93;93014;2;8;1;6;Allée Romain Rolland / Allee Francoise Nguyen;48,90449;2,5528
202300011931;27;4;2023;21:15;5;93;93070;2;2;2;3;Quai de Seine / Rue Albert Dhalenne;48,91792;2,32953
202300011932;27;4;2023;20:27;2;92;92022;2;2;2;3;PAVE DES GARDES (ROUTE DU);48,80731233;2,18786448
202300011933;27;4;2023;20:45;5;92;92072;2;1;2;7;GRANDE RUE;48,82442833;2,21219346
202300011934;27;4;2023;12:25;1;92;92064;2;1;1;6;MARECHAL FOCH;48,84851;2,20302
202300011935;27;4;2023;19:42;2;92;92044;2;1;2;6;MARIE-JEANNE BASSOT (PLACE);48,89763065;2,28282407
202300011936;26;4;2023;19:50;1;92;92036;2;2;1;3;SQUARE (RUE DU);48,91710688;2,30314784
202300011937;27;4;2023;08:47;1;92;92026;2;9;1;2;PRÉSIDENT PAUL DOUMER (QUAI DU);48,89199;2,25863
202300011938;26;4;2023;17:00;1;92;92025;2;1;1;6;PAUL LANGEVIN (ALLEE);48,933226;2,266771
202300011939;27;4;2023;17:00;1;92;92002;2;4;1;3;LEON JOUHAUX (AVENUE);48,734106;2,313146
202300011940;28;4;2023;16:30;1;24;24202;1;4;1;1;232 Avenue de l'Europe;45,20051;1,13833
202300011941;19;4;2023;17:54;1;38;38536;1;1;1;7;D37;45,424419;4,883755
202300011942;28;4;2023;17:45;1;973;97353;2;3;1;3;Rue Simon Sacapou;3,641675;-54,032446
202300011943;29;4;2023;19:30;1;41;41194;2;2;1;3;Avenue Saint Exupery;47,353329;1,749959
202300011944;28;4;2023;20:10;1;28;28088;2;1;1;7;Carrefour Saint-médard;48,070573;1,322426
202300011945;28;4;2023;23:30;4;974;97405;1;1;1;3;N1002;-21,369501;55,581636
202300011946;29;4;2023;02:30;5;972;97223;2;1;1;6;29 Rue Gueydon;14,55967;-60,941516
202300011947;29;4;2023;04:35;3;52;52312;1;1;1;2;A31 PK 110.700 sens Nancy vers Dijon;47,88281385;5,22155151
202300011948;16;8;2023;17:50;1;71;71391;2;1;1;3;Rue du Pont;46,824621;4,60019
202300011949;15;8;2023;20:00;2;63;63003;1;1;1;7;lieu dit cleurette;45,57912782;3,73799505
202300011950;15;8;2023;17:40;1;61;61241;1;4;1;1;Intersection D36/D918;48,461254;0,892779
202300011951;15;8;2023;21:05;2;49;49055;2;4;1;6;2 Rue René Marion;47,53559;-0,568475
202300011952;16;8;2023;08:30;1;46;46297;1;9;2;3;route de Cazals D 673-;44,68179;1,243407
202300011953;15;8;2023;15:11;1;22;22189;1;1;1;6;le Pont du Trieux;48,442768;-3,095913
202300011954;8;7;2023;15:10;1;62;62224;1;3;1;3;D943;50,54304;2,55081
202300011955;15;8;2023;16:40;1;39;39404;1;1;1;6;N/A;46,69193;5,610044
202300011956;13;7;2023;21:00;3;35;35018;1;1;1;6;belle étoile;48,44357666;-1,08425081
202300011957;8;7;2023;18:00;1;59;59426;2;2;1;3;TOURCOING (RUE DE);50,74932298;3,1549108
202300011958;3;7;2023;16:05;1;59;59350;2;1;1;7;MOLINEL RUE N°IMPAIRS;50,63268;3,06412