Num_Acc;jour;mois;an;hrmn;lum;dep;com;agg;int;atm;col;adr;lat;long
202300012223;28;12;2023;11:40;1;75;75117;2;1;8;3;RUE AMPERE;48,885204;2,305584
202300012224;9;7;2023;10:00;1;40;40309;2;2;1;3;avenue du 11 novembre 1918;43,789526;-0,714801
202300012225;3;6;2023;10:00;1;45;45285;2;1;1;3;124 Rue Charles Beauhaire;47,91424;1,87088
202300012226;13;8;2023;04:00;3;69;69266;2;1;1;6;Boulevard Laurent Bonnevay;45,78765;4,8819
202300012227;28;12;2023;20:30;5;75;75115;2;1;1;3;BOULEVARD DE VAUGIRARD;48,840892;2,316595
202300012228;8;7;2023;19:50;1;24;24002;1;1;1;6;D69 - PK 9+600;45,307493;0,734711
202300012229;5;11;2023;23:40;5;95;95598;2;2;1;3;D928;48,990937;2,289383
202300012230;13;8;2023;22:00;5;69;69264;2;2;1;3;Boulevard Louis Blanc;45,98864;4,72163
202300012231;28;12;2023;18:50;5;75;75115;2;7;1;6;RUE CAMBRONNE;48,847782;2,301582
202300012232;3;6;2023;19:30;1;44;44162;2;6;1;2;Route de Vannes;47,25167;-1,62159
202300012233;5;7;2023;05:45;2;24;24311;2;9;1;3;Rue du Pavé;45,53306;0,662667
202300012234;20;11;2023;12:45;1;91;91552;2;4;1;6;RTE NATIONALE 20;48,60151;2,24697
202300012235;8;7;2023;16:08;1;24;24026;1;1;7;6;PR 39+150 mètres (sens croissant);45,195466;0,87985
202300012236;13;8;2023;20:10;1;69;69199;2;1;2;6;Avenue Jean Jaurès;45,71079;4,85511
202300012237;3;6;2023;15:45;1;38;38421;2;3;1;3;JULES VALLES (AVENUE);45,17657;5,75234
202300012238;28;12;2023;06:00;5;75;75115;2;2;1;3;RUE DE LA CROIX NIVERT;48,843614;2,295743
202300012239;13;8;2023;18:00;1;65;65440;2;1;1;6;Boulevard Henri IV;43,23553;0,0563
202300012240;21;11;2023;08:40;1;91;91191;2;9;2;3;François Mitterrand (Avenue);48,722664;2,466076
202300012241;9;7;2023;01:35;4;4;4149;1;9;1;1;D4096;44,016336;5,92707
202300012242;28;12;2023;15:15;1;75;75107;2;2;1;3;RUE DE CONSTANTINE;48,859945;2,314836
202300012243;2;6;2023;16:50;1;37;37261;2;1;7;3;MARMOUTIER (QUAI DE);47,40272;0,72189
202300012244;13;8;2023;17:57;1;59;59122;2;6;1;3;ILE DE FRANCE (RUE D');50,16162;3,25757
202300012245;8;7;2023;14:20;1;85;85047;1;2;1;3;Chemin de la Poilière;46,7947259;-1,83546245
202300012246;21;11;2023;19:20;5;91;91479;2;4;1;3;RTE DE FONTAINEBLEAU;48,711622;2,371114
202300012247;27;12;2023;20:40;5;94;94081;2;2;2;3;Avenue Ernest Havet;48,78781;2,40256
202300012248;13;8;2023;17:55;1;51;51454;2;1;1;3;MATHIEU (RUE LEON) DU N°1 A 49 ET DU N°2;49,24042;4,00994
202300012249;3;6;2023;22:45;5;35;35238;2;2;1;3;SERGENT MAGINOT (AVENUE);48,10993018;-1,655505
202300012250;8;7;2023;05:45;2;27;27251;1;1;1;3;1309 Route de Bernay;49,091572;0,669599
202300012251;28;12;2023;18:37;5;94;94041;2;1;1;6;DANIELLE CASANOVA (AV);48,813907;2,384566
202300012252;13;8;2023;08:50;1;45;45234;2;1;1;3;24 Rue Royale;47,89921;1,90417
202300012253;20;11;2023;18:20;5;91;91479;2;2;2;3;RUE DU DOCTEUR CHARCOT;48,70376;2,35354
202300012254;3;6;2023;01:20;5;34;34301;2;1;1;1;12 Avenue Antoine de Saint Exupéry;43,4129;3,66457
202300012255;8;7;2023;19:10;1;30;30062;2;2;1;3;Rue André Hebrard;43,7861;4,2022
202300012256;13;8;2023;18:30;1;44;44215;1;1;1;7;N/A;47,1815;-1,50213
202300012257;28;12;2023;09:55;1;93;93078;2;1;1;6;Avenue Roger Salengro;48,95464;2,53785
202300012258;21;11;2023;05:42;5;87;87085;2;1;2;6;GIFFARD (RUE HENRI);45,87009;1,2698
202300012259;3;6;2023;20:00;1;34;34172;2;3;1;3;37 Rue de la Figairasse;43,6054149;3,85372147
202300012260;8;7;2023;19:30;1;38;38449;1;1;1;3;Autoroute A43 de Chambéry à Lyon;45,647318;5,125079
202300012261;13;8;2023;18:25;1;43;43157;2;3;1;1;Rue Charles Rocher;45,03955;3,88046
202300012262;27;12;2023;18:20;5;93;93073;2;2;1;3;Avenue du General Pouderoux / Rue Charles Cros;48,96704;2,56797
202300012263;3;6;2023;21:40;5;33;33039;2;2;8;3;Boulevard Jean-Jacques Bosc;44,81699;-0,54849
202300012264;30;7;2023;11:30;1;38;38053;2;1;1;6;TRIBUNAL;45,5866;5,2776
202300012265;8;7;2023;18:00;2;988;98817;2;6;2;6;AVENUE DES DEUX BAIES/RUE DES MORATIA;-22,21992;166,48994
202300012266;3;6;2023;12:15;1;33;33063;2;1;1;3;Boulevard Alfred Daney;44,86725;-0,57251
202300012267;20;11;2023;18:05;2;84;84007;1;1;1;4;MARSEILLE (Route)-MONTFAVET;43,90223;4,89443
202300012268;8;7;2023;19:50;1;77;77005;1;1;1;2;D418;48,908821;2,710233
202300012269;28;12;2023;14:40;1;92;92050;2;2;1;3;BOUVETS BOULEVARD DES;48,89686;2,22403
202300012270;12;8;2023;14:10;1;33;33529;1;1;1;1;BISCAROSSE (AVE) DUNE VERS BISCA;44,5867;-1,2051
202300012271;7;7;2023;22:10;4;91;91249;1;1;1;1;Rue du Ruisseau;48,619612;2,080075
202300012272;12;8;2023;17:44;1;31;31555;2;1;1;3;AV MAURICE MAGRE;43,576307;1,383149
202300012273;3;6;2023;01:30;3;33;33318;2;1;1;1;Avenue du Haut Lévèque;44,794;-0,65785
202300012274;19;11;2023;16:16;1;84;84007;2;1;1;2;MARSEILLE (Route de );43,90592;4,89098
202300012275;28;12;2023;20:20;5;92;92012;2;2;1;3;ANDRE MORIZET (AVENUE) 1/47 - 2/52;48,8350074;2,24128246
202300012276;6;7;2023;21:10;2;66;66008;2;3;1;6;;42,54481;3,036593
202300012277;13;8;2023;05:25;4;29;29039;2;6;1;6;Place de l'Eglise;47,888716;-3,90178
202300012278;3;6;2023;10:59;1;27;27229;2;1;1;3;COCHEREL (RUE DE);49,020658;1,181701
202300012279;7;7;2023;19:10;1;66;66008;1;6;1;3;;42,551382;2,997293
202300012280;29;12;2023;20:10;3;66;66172;1;1;1;6;N/A;42,70289619;2,86487818
202300012281;5;7;2023;18:00;1;34;34127;2;1;1;7;201 Route de Mauguio;43,648117;4,068943
202300012282;19;11;2023;01:11;5;84;84007;2;6;1;3;FOLIE (Avenue de la);43,9469;4,82858
202300012283;29;12;2023;11:15;1;22;22311;2;1;1;3;14 Rue des Tilleuls;48,545489;-2,229635
202300012284;2;6;2023;14:35;1;26;26198;1;1;1;4;TEIL (Route du);44,55537;4,719969
202300012285;7;7;2023;19:10;1;84;84054;1;1;1;6;Route d'Apt;43,912601;5,073713
202300012286;20;11;2023;07:55;1;83;83144;2;1;1;6;FARNOUS (IMP /  RUE J.);43,13698;5,98229
202300012287;29;12;2023;12:40;1;17;17015;1;1;3;6;D114;45,560627;-0,859492
202300012288;12;8;2023;12:20;1;18;18279;1;1;2;6;N/A;47,249876;2,060307
202300012289;3;6;2023;23:50;3;22;22187;2;1;1;6;SURCOUF (RUE);48,53727;-2,72104
202300012290;30;6;2023;20:50;1;84;84036;2;2;7;3;route du THOR;43,926749;4,94845
202300012291;18;11;2023;16:25;1;83;83137;2;1;1;1;OLLIVIER (RUE EMILE);43,11988;5,94376
202300012292;29;12;2023;15:00;1;41;41040;1;1;1;3;D957;47,679316;1,218066
202300012293;3;6;2023;02:10;3;18;18279;1;1;1;6;Route du Village d’En Haut;47,236643;2,116123
202300012294;13;8;2023;20:36;1;17;17300;2;1;1;7;BEL AIR RUE;46,167794;-1,167352
202300012295;9;7;2023;13:34;1;6;6146;1;1;1;6;M2205;43,918608;7,189457
202300012296;15;11;2023;13:30;1;83;83123;2;1;1;3;DEUXIEME SPAHIS (AVENUE DU);43,12015367;5,80287832
202300012297;3;6;2023;21:50;2;17;17306;2;1;1;3;HEDDE (AVENUE DANIEL);45,63699;-1,028429
202300012298;8;7;2023;02:10;3;13;13066;1;9;1;7;D26;43,872921;4,915514
202300012299;12;8;2023;15:15;1;14;14302;1;2;1;7;Route de Villers;49,289812;0,078699
202300012300;13;8;2023;18:25;1;13;13216;2;1;1;7;ANDRÉ ROUSSIN (AVENUE);43,36177;5,3395
202300012301;3;6;2023;11:25;1;14;14118;2;1;1;3;Boulevard des Baladas;49,17177;-0,37687
202300012302;28;12;2023;21:14;5;37;37266;1;1;8;2;Autoroute 85, Péage de Veigné, sens ANGERS-VIERZON;47,31187612;0,7346034
202300012303;21;11;2023;17:45;5;77;77284;2;2;2;6;D360;48,957564;2,875926
202300012304;7;7;2023;18:55;2;21;21138;1;3;7;3;D905;47,204788;5,324681
202300012305;29;12;2023;09:50;1;62;62207;2;1;3;6;D901E1;50,45419771;1,75529373
202300012306;2;6;2023;17:00;1;13;13043;2;1;1;1;GAL RAOUL SALAN (AV DU );43,3965;5,21961
202300012307;12;8;2023;16:40;1;13;13028;2;2;1;3;CD 559 (CHEMIN DEPARTEMENTAL°;43,18536075;5,66173972
202300012308;29;12;2023;05:00;3;89;89367;1;1;2;6;D9 lieu dit  le deffand;47,625488;3,295341
202300012309;8;7;2023;15:00;1;68;68296;1;2;1;3;Rue de la Gare;48,22746;7,380672
202300012310;13;8;2023;18:17;1;6;6004;2;1;1;2;NICE(RN.7) AV.ET RTE DE;43,606144;7,123598
202300012311;3;6;2023;08:00;1;13;13004;2;1;1;6;AV DES ALYSCAMPS;43,67423046;4,63227691
202300012312;21;11;2023;19:30;5;77;77438;2;2;2;1;D217B;48,8496;2,67774
202300012313;7;7;2023;08:50;1;67;67028;1;1;1;6;D212;48,355893;7,606251
202300012314;19;12;2023;17:50;5;22;22207;2;1;2;1;rue de la gare;48,610796;-3,471884
202300012315;13;8;2023;18:05;1;4;4070;2;1;1;3;verdun ( avenue de );44,08805;6,22166
202300012316;8;7;2023;19:30;1;3;3165;2;1;1;6;22-24 Place de l'Eglise;46,072836;3,66835
202300012317;21;11;2023;09:37;1;77;77131;2;9;2;6;D402;48,81499;3,08226
202300012318;29;12;2023;04:47;3;25;25139;1;1;2;6;D48;47,014048;6,380026
202300012319;3;6;2023;06:45;1;13;13001;1;6;1;2;ST HILAIRE (CH);43,47908;5,39396
202300012320;3;8;2023;21:15;2;3;3185;2;6;1;3;Avenue des Guineberts;46,33695;2,58729
202300012321;20;11;2023;12:00;1;76;76351;2;6;2;6;LOUIS BLANC;49,507101;0,128483
202300012322;3;6;2023;12:30;1;6;6088;2;1;1;3;VEIL (AV. SIMONE);43,689242;7,201129
202300012323;28;12;2023;15:30;1;44;44005;2;3;1;3;42 Rue de Pornic;47,116602;-1,946753
202300012324;9;7;2023;11:45;1;38;38548;2;1;1;6;351 Avenue des Bains;45,067526;5,547938
202300012325;13;8;2023;11:20;1;75;75119;2;2;1;6;RUE DE L OURCQ;48,890279;2,382684
202300012326;3;6;2023;04:20;5;5;5023;2;1;1;6;SYLVESTRE (RUE JOSEPH);44,88541;6,633904
202300012327;21;11;2023;08:35;4;76;76217;2;9;3;6;BERIGNY (BOULEVARD);49,92;1,08
202300012328;27;12;2023;22:28;4;44;44126;2;6;1;6;6 Rue de la Croix Mouraud;47,137899;-2,19196
202300012329;8;7;2023;17:45;1;7;7127;2;1;1;6;Route du Puy;44,658275;4,307606
202300012330;13;8;2023;11:40;1;75;75116;2;1;1;6;PORTE DAUPHINE;48,87329;2,272378
202300012331;21;11;2023;09:30;1;72;72181;2;9;8;3;NATIONS UNIES (BD DES);47,99538;0,22742
202300012332;3;6;2023;13:35;1;75;75119;2;1;1;3;BD PERIPHERIQUE EXTERIEUR;48,879766;2,407328
202300012333;9;7;2023;06:30;2;86;86074;1;1;1;6;D21;46,586168;0,112975
202300012334;13;8;2023;15:40;1;75;75115;2;1;1;6;RUE GASTON DE CAILLAVET;48,848975;2,284572
202300012335;26;12;2023;08:12;2;14;14057;1;1;1;6;Route de Bourguebus;49,11936;-0,225606
202300012336;21;11;2023;07:45;2;72;72181;2;9;8;2;KLOTZ HENRI-PIERRE (AV);48,02028;0,16202
202300012337;12;8;2023;13:20;1;75;75112;2;1;1;6;AVENUE DE GRAVELLE;48,824787;2,415596
202300012338;2;6;2023;21:45;5;75;75112;2;1;1;3;BD PERIPHERIQUE EXTERIEUR;48,827141;2,39103
202300012339;7;7;2023;19:50;1;85;85113;2;1;1;1;50 Chemin du grand pas;46,725565;-2,368192
202300012340;8;7;2023;19:15;1;22;22208;1;1;1;7;rue de la libération;48,307733;-1,999276
202300012341;21;11;2023;17:50;2;71;71306;2;1;1;6;GENERAL DE GAULLE (QUAI DU);46,67546;4,36339
202300012342;13;8;2023;03:30;5;75;75111;2;2;1;3;RUE SAINT MAUR;48,863062;2,379321
202300012343;27;12;2023;15:40;1;21;21685;2;2;1;1;Rue de Montbard;47,679276;4,524034
202300012344;2;6;2023;14:20;1;75;75118;2;1;1;4;PORTE DE CLIGNANCOURT;48,900954;2,346667
202300012345;8;7;2023;23:45;3;27;27458;1;1;1;2;D321;49,328639;1,231488
202300012346;20;11;2023;16:00;1;71;71270;2;1;1;6;HERITAN (RUE DE L');46,30687;4,82933
202300012347;12;8;2023;23:45;5;75;75119;2;1;1;3;AVENUE CORENTIN CARIOU;48,895471;2,383141
202300012348;28;12;2023;23:00;5;21;21114;2;1;2;6;Rue des Forges;47,648443;4,275476
202300012349;8;7;2023;23:50;3;60;60342;2;9;1;6;D62F;49,296038;2,451748
202300012350;2;6;2023;09:30;1;75;75113;2;1;1;2;PORTE D ITALIE;48,816224;2,363941
202300012351;28;12;2023;18:50;3;85;85127;2;1;2;6;chemin des grandes plantes;46,403554;-1,499773
202300012352;20;11;2023;17:40;5;71;71076;2;3;1;3;HUGO (AVENUE VICTOR HUGO);46,78219;4,8448
202300012353;13;8;2023;18:45;1;75;75116;2;1;1;3;PONT D IENA;48,86017401;2,29151845
202300012354;28;6;2023;15:05;1;59;59249;2;1;1;6;Rue Xavier Clavon;50,016133;4,039113
202300012355;31;5;2023;12:50;1;75;75117;2;1;1;2;BD PERIPHERIQUE EXTERIEUR;48,881911;2,282727
202300012356;13;8;2023;20:05;2;94;94054;2;1;1;3;Route Charles Tillon;48,74478;2,38632
202300012357;8;7;2023;13:55;1;59;59400;2;1;1;3;Rue du Rinchon;50,644616;2,652588
202300012358;15;12;2023;17:58;3;37;37139;1;2;1;5;D3;47,42730609;0,55045228
202300012359;21;11;2023;17:45;5;69;69266;2;8;8;3;Rue Frédéric Fays;45,7579556;4,90766754
202300012360;28;12;2023;00:45;3;30;30249;1;6;1;7;D40;43,808692;4,231705
202300012361;3;6;2023;19:50;1;75;75115;2;1;1;3;QUAI DE GRENELLE;48,849971;2,282455
202300012362;12;8;2023;23:30;4;93;93077;2;2;1;4;Grande Rue / Rue de Neuilly;48,88288;2,51378
202300012363;28;12;2023;00:45;3;30;30085;1;1;1;6;D3;43,968272;4,479235
202300012364;20;11;2023;12:55;1;69;69290;2;2;1;3;99 Route de Lyon;45,71110479;4,9021711
202300012365;8;7;2023;15:15;1;91;91432;1;1;1;4;AUTOROUTE A6;48,691;2,322
202300012366;3;6;2023;10:23;1;75;75114;2;1;1;6;RUE VERCINGETORIX;48,832418;2,311017
202300012367;29;12;2023;05:20;3;8;8015;1;1;2;6;Rue du Marais;49,849695;4,311185
202300012368;21;11;2023;23:00;5;67;67482;2;1;1;6;RHIN TORTU (RUE DU);48,55324;7,75774
202300012369;13;8;2023;15:30;1;92;92025;2;2;1;3;EDGARD QUINET (BD);48,92565332;2,24724931
202300012370;29;12;2023;09:00;1;13;13051;1;1;1;6;D15;43,582155;5,099469
202300012371;8;7;2023;13:05;1;92;92036;1;1;1;4;A86;48,93513721;2,26665421
202300012372;3;6;2023;18:15;1;75;75112;2;1;1;7;RUE DU FAUBOURG SAINT ANTOINE;48,849803;2,386567
202300012373;15;8;2023;12:30;1;2A;2A065;1;1;1;3;Route Départementale 81;42,133877;8,598347
202300012374;21;11;2023;18:15;5;67;67482;2;2;2;6;OBERHAUSBERGEN (ROUTE D );48,59178;7,72091
202300012375;7;7;2023;21:25;1;78;78043;1;1;1;2;A12 W;48,82734;2,078
202300012376;28;12;2023;06:30;5;69;69019;1;1;1;2;Autoroute 6;46,095332;4,746673
202300012377;15;8;2023;15:30;1;974;97404;1;1;1;3;183 Chemin le Cap;-21,246525;55,385538
202300012378;2;6;2023;21:15;2;75;75108;2;7;1;3;PLACE DU GENERAL BROCARD;48,878014;2,305161
202300012379;21;11;2023;10:10;1;67;67482;2;1;1;3;EGLISE ROUGE (RUE DE L );48,59608;7,74629
202300012380;8;7;2023;07:30;1;93;93053;1;1;1;2;AUTOROUTE A3;48,89707199;2,46965129
202300012381;14;8;2023;17:13;1;28;28380;1;1;1;7;D939;48,41516;1,580186
202300012382;31;8;2023;17:45;1;78;78537;1;1;1;2;A10;48,556714;1,938346
202300012383;3;6;2023;04:07;5;75;75108;2;7;1;7;PLACE DE LA CONCORDE;48,864089;2,320196
202300012384;21;11;2023;10:21;1;66;66136;2;3;1;3;PIA (TRAVERSE DE);42,70835;2,89463
202300012385;15;8;2023;16:05;1;6;6046;1;9;1;1;98 Route d'Aspremont;43,764005;7,228966
202300012386;28;12;2023;22:35;5;974;97421;2;1;1;6;103 RD52;-21,033883;55,533121
202300012387;8;7;2023;05:10;2;95;95527;1;1;1;5;A3;48,98424459;2,50466824
202300012388;3;6;2023;19:15;1;75;75107;2;4;1;6;RUE DE GRENELLE;48,854448;2,325841
202300012389;13;8;2023;17:30;1;84;84071;2;1;1;1;D29;43,845361;5,145679
202300012390;18;11;2023;12:05;1;66;66136;2;3;1;3;N/A;42,70142;2,89377
202300012391;26;12;2023;13:25;1;28;28064;1;1;2;7;D21;48,805125;1,492724
202300012392;8;7;2023;00:55;3;93;93053;1;1;1;6;AUTOROUTE A103;48,88865176;2,47259966
202300012393;3;6;2023;19:20;1;75;75104;2;3;1;3;QUAI DE L HOTEL DE VILLE;48,854071;2,355744
202300012394;14;8;2023;08:50;1;44;44224;1;1;1;3;N/A;47,50093;-1,71651
202300012395;21;11;2023;08:20;1;64;64445;2;6;2;2;TOURASSE;43,30833;-0,33915
202300012396;7;7;2023;07:00;1;95;95277;1;1;1;2;A3;48,97380877;2,48839259
202300012397;25;12;2023;19:10;3;77;77376;1;1;1;3;D54a;48,933024;2,762135
202300012398;15;8;2023;00:50;3;30;30326;1;6;1;7;D6580;44,007879;4,734802
202300012399;3;6;2023;02:10;5;75;75104;2;4;1;6;AVENUE VICTORIA;48,857298;2,349615
202300012400;21;11;2023;06:05;5;64;64445;2;6;3;2;COMBATTANTS D' INDOCHINE DES;43,31826733;-0,37837923
202300012401;7;7;2023;16:30;1;94;94033;1;1;1;1;A86;48,8552845;2,48933585
202300012402;13;8;2023;23:45;3;83;83092;1;1;1;6;Route de Pignans;43,307165;6,25011
202300012403;29;12;2023;10:30;1;83;83030;1;3;1;3;D12;43,365001;6,095406
202300012404;2;6;2023;19:30;2;75;75101;2;2;1;6;RUE DE RIVOLI;48,860964;2,340841
202300012405;21;11;2023;18:48;5;64;64125;2;1;2;4;BAYONNE (AVENUE DE);43,44866;-1,57147
202300012406;15;8;2023;14:40;1;56;56165;1;1;1;6;N/A;47,91892;-2,40461
202300012407;3;6;2023;17:43;1;94;94069;2;1;1;6;Avenue Saint Maurice du Valais;48,81561665;2,46172848
202300012408;6;7;2023;11:50;1;76;76540;2;2;1;6;Rue de la Roche;49,44514;1,10337
202300012409;27;12;2023;22:01;3;26;26362;1;1;1;2;autoroute A 7 pk 074.300 sens sud nord;44,901856;4,875518
202300012410;28;12;2023;19:30;5;71;71150;1;1;1;6;D906;46,228719;4,786016
202300012411;7;7;2023;21:20;2;54;54395;2;1;1;6;Place Henri Mengin;48,68931;6,18335
202300012412;14;8;2023;12:15;1;56;56032;1;1;1;1;La Motte;47,96214;-2,270694
202300012413;3;6;2023;15:25;1;94;94044;2;1;7;3;20 Avenue Descartes;48,740296;2,486343
202300012414;21;11;2023;18:00;5;64;64122;2;1;3;4;MARCEL DASSAULT (BD);43,45377;-1,55391
202300012415;7;7;2023;18:40;1;25;25388;2;1;1;6;Rue Jacques Foillet;47,50025;6,81119
202300012416;29;12;2023;02:30;4;73;73081;2;1;1;6;23 Rue amédée v;45,68236;6,137393
202300012417;3;6;2023;20:42;1;94;94068;2;1;1;3;121 Boulevard de Champigny;48,80696244;2,5089477
202300012418;20;11;2023;17:30;2;64;64122;2;1;2;7;VOLTAIRE (IMPASSE - AVENUE);43,47641;-1,55098
202300012419;14;8;2023;17:00;1;80;80228;2;3;1;3;Rue Georges Doudoux;50,252875;1,621014
202300012420;29;12;2023;11:40;1;38;38344;2;1;1;6;Rue Claude Bernard;45,360702;4,802651
202300012421;7;7;2023;13:45;1;93;93071;2;2;1;1;Avenue John Fitzgerald Kennedy / Allée des Peupliers;48,9333;2,51616
202300012422;14;8;2023;14:30;1;65;65039;1;1;1;7;D918;42,937983;0,340362
202300012423;21;11;2023;08:43;1;63;63113;2;1;2;2;JOUHAUX (BD LEON);45,7935;3,1177
202300012424;28;12;2023;18:20;5;69;69009;2;1;1;6;633 Route de Villefranche;45,94278;4,715468
202300012425;14;8;2023;14:01;1;11;11165;1;1;1;6;Route départementale 117;42,875913;2,157695
202300012426;5;7;2023;10:10;1;63;63113;2;2;1;3;CLEMENTEL /Quinet;45,80004;3,1113
202300012427;3;6;2023;16:00;1;94;94033;2;1;1;6;Avenue Parmentier;48,85506278;2,45628226
202300012428;24;12;2023;05:55;2;85;85092;2;1;1;6;Avenue du maréchal juin;46,467795;-0,829853
202300012429;4;7;2023;10:14;1;66;66136;2;1;1;6;Rue Paul RUBENS;42,69587;2,917
202300012430;17;11;2023;00:27;5;62;62193;1;1;1;6;N216;50,97276167;1,89313531
202300012431;29;12;2023;18:40;5;60;60500;2;1;2;1;Centre commercial Les Portes du Valois (Galerie marchande);49,097096;2,749892
202300012432;3;6;2023;19:30;1;94;94028;2;9;1;2;Av du Mal de Lattre de Tassigny;48,798002;2,455888
202300012433;21;6;2023;22:20;5;13;13056;2;1;1;6;REPUBLIQUE;43,40553;5,05492
202300012434;14;8;2023;18:30;1;63;63045;1;2;8;3;lieu-dit Chez Barrioux;45,789911;3,460178
202300012435;28;12;2023;10:40;1;59;59092;2;1;1;6;Rue Henri Bocquet;50,281132;3,320644
202300012436;21;11;2023;08:10;1;61;61001;2;1;2;2;D438;48,44297;0,09916
202300012437;3;6;2023;12:00;1;94;94028;2;1;1;6;Avenue de la France Libre;48,7783;2,45521
202300012438;7;7;2023;12:45;1;973;97302;2;1;1;6;MATOURY (RUE);4,92666;-52,32054
202300012439;14;8;2023;16:45;1;63;63146;1;1;1;6;Route de la Forestille;45,705471;3,419623
202300012440;27;12;2023;12:30;1;13;13005;1;1;1;7;A52-Sens Pont de l'Etoile vers Toulon;43,28555079;5,58582502
202300012441;21;11;2023;10:00;1;59;59512;2;1;1;6;JOUFFROY (RUE);50,68354;3,1851
202300012442;7;7;2023;08:00;1;973;97302;2;1;2;3;BADUEL (ROUTE DE);4,92838;-52,29354
202300012443;3;6;2023;17:45;1;94;94017;2;5;1;6;Boulevard Gabriel Péri;48,8193;2,5022
202300012444;15;8;2023;09:10;1;61;61159;1;1;1;1;D31 PR28+800;48,662442;0,392707
202300012445;20;11;2023;12:20;1;54;54099;1;1;3;7;RD 138;49,25542456;5,99783062
202300012446;28;12;2023;15:25;1;92;92002;1;1;1;4;AUTOROUTE A86;48,76298539;2,30430529
202300012447;7;7;2023;02:15;5;973;97302;2;1;1;1;ZEPHIR (ROCADE);4,93592763;-52,30779111
202300012448;3;6;2023;10:48;1;94;94017;2;3;1;1;1 Rue du Panorama;48,81747;2,51595
202300012449;14;8;2023;23:25;3;49;49123;1;1;1;7;D347;47,23677431;-0,11212893
202300012450;21;11;2023;08:33;1;53;53130;2;3;1;3;GUE D'ORGER ( RUE DU );48,06185;-0,78097
202300012451;28;12;2023;15:35;1;91;91286;1;1;8;3;AUTOROUTE A6;48,65198;2,38268
202300012452;7;7;2023;09:45;1;69;69383;2;2;1;3;69 Boulevard Marius Vivier-Merle;45,75618;4,85895
202300012453;14;8;2023;14:30;1;12;12006;1;2;1;2;D 25 intersection D56 - Lieu-dit La Capelle Farcel;44,14147;2,651101
202300012454;2;6;2023;23:50;5;93;93027;2;2;1;2;Rue de Crèvecoeur / Boulevard Pasteur;48,91956766;2,38265052
202300012455;16;11;2023;15:05;1;50;50218;2;6;1;3;VENDEENS (AV DES);48,82971;-1,56726
202300012456;28;12;2023;02:50;3;78;78238;1;1;1;2;A13;48,96964;1,86721
202300012457;15;8;2023;15:20;1;46;46068;1;1;1;1;RD 8;44,464324;1,748478
202300012458;17;11;2023;15:00;1;49;49099;2;2;1;6;RICHARD (BOULEVARD GUSTAVE);47,06224;-0,88056
202300012459;3;6;2023;16:30;1;93;93030;2;2;1;3;Avenue Louis Larivière / Rue Emile Zola;48,95369;2,41637
202300012460;28;12;2023;19:40;4;93;93010;1;1;1;2;AUTOROUTE A3;48,88983;2,47343
202300012461;7;7;2023;16:25;1;972;97209;1;1;1;4;RD 41 (ROCADE);14,61631;-61,05659
202300012462;28;12;2023;16:15;1;92;92036;1;1;1;6;AUTOROUTE A86;48,93837004;2,30014011
202300012463;6;7;2023;21:00;5;972;97209;2;1;1;6;CHATEAUBOEUF (ROUTE DE);14,62045;-61,04345
202300012464;21;11;2023;07:45;2;49;49007;2;2;1;6;HAUTE DES BANCHAIS;47,48375;-0,51352
202300012465;3;6;2023;21:50;5;93;93057;2;1;1;2;Avenue Aristide Briand;48,90995507;2,50798613
202300012466;14;8;2023;19:15;1;29;29228;1;3;1;3;Route de la Pointe du Raz;48,02896148;-4,62804083
202300012467;7;7;2023;12:30;1;69;69382;2;1;1;2;13 Quai Jean Moulin;45,76568;4,83798
202300012468;28;12;2023;18:10;4;95;95212;1;1;1;6;AUTOROUTE A1;49,03336862;2,5402969
202300012469;14;8;2023;19:35;1;2;2474;1;1;1;7;D3090;49,692342;3,281372
202300012470;21;11;2023;14:05;1;45;45234;2;3;2;3;42 Boulevard Alexandre Martin;47,90577517;1,9098241
202300012471;3;6;2023;09:20;1;93;93008;2;2;1;3;Avenue Henri Barbusse / Rue de la République;48,90761014;2,42582299
202300012472;7;7;2023;12:55;1;69;69384;2;2;1;1;Place Marcel Bertone;45,77762;4,8348
202300012473;15;8;2023;11:20;1;15;15267;1;2;1;3;D120;44,932686;2,34983
202300012474;21;11;2023;08:17;2;45;45232;1;9;2;2;D2271;47,840339;1,877389
202300012475;3;6;2023;18:19;1;92;92078;2;1;1;2;JEAN JAURES (RUE) (N°PAIRS);48,93277;2,32536
202300012476;28;12;2023;12:10;1;92;92036;1;1;1;5;AUTOROUTE A15;48,93788866;2,29766722
202300012477;7;7;2023;10:50;1;69;69149;2;3;1;3;Rue Fleury;45,71553;4,8074
202300012478;20;11;2023;16:15;1;45;45286;2;1;1;3;35 Rue du General de Gaulle;47,892334;1,918015
202300012479;3;6;2023;01:11;5;92;92046;2;1;1;7;VINCENT MORIS (RUE);48,82115613;2,30839759
202300012480;13;8;2023;11:20;1;1;1388;1;3;1;2;route départementale 975;46,468931;5,076338
202300012481;9;7;2023;21:00;5;11;11262;2;1;1;6;106 Avenue de Bordeaux;43,18176;2,98142
202300012482;7;7;2023;15:40;1;2A;2A004;2;1;1;3;MEZZAVIA ROUTE DE;41,94623;8,76081