Num_Acc;jour;mois;an;hrmn;lum;dep;com;agg;int;atm;col;adr;lat;long
202300012483;21;11;2023;07:40;1;45;45004;1;1;1;7;D163 PR 5 + 962;47,98521;2,8185
202300012484;11;8;2023;19:25;1;26;26099;1;1;1;6;Route départementale 231;44,369307;4,891094
202300012485;3;6;2023;12:40;1;92;92073;2;3;1;3;BRIAND (BOULEVARD ARISTIDE);48,86751;2,22694
202300012486;27;12;2023;15:50;1;976;97611;2;1;1;3;m'tsapere-Stade (Boulevard du);-12,78434;45,22387
202300012487;14;8;2023;17:50;1;54;54400;1;1;1;6;D 913;48,896464;6,226093
202300012488;6;7;2023;09:00;1;95;95598;2;1;1;2;D928;48,98104436;2,30220973
202300012489;21;11;2023;12:10;1;44;44184;2;1;1;6;31 Route de Saint-Marc;47,25464;-2,25994
202300012490;27;12;2023;12:50;1;976;97611;2;1;1;6;kaweni-Centrale EDM (rue de la );-12,76161;45,22624
202300012491;3;6;2023;13:30;1;92;92050;2;1;1;2;PICASSO PABLO AVENUE;48,89017265;2,21906018
202300012492;30;7;2023;15:45;1;6;6138;2;3;1;3;Avenue de Lérins;43,516335;6,93741
202300012493;27;12;2023;00:50;5;974;97411;2;9;1;6;CANAL (CHEMIN DU GRAND);-20,9058;55,4981
202300012494;21;11;2023;18:15;5;41;41018;2;1;2;6;INDUSTRIE (BOULEVARD DE L');47,60154;1,32142
202300012495;14;8;2023;11:00;1;50;50200;1;1;1;3;Le Nomen;48,670545;-0,794481
202300012496;3;6;2023;19:20;1;92;92012;2;2;1;1;SILLY (RUE DE) 89/FIN - 90/FIN;48,84136;2,23131
202300012497;25;12;2023;03:30;5;974;97407;2;9;1;1;COMMUNE DE PARIS (AVENUE);-20,94453;55,29259
202300012498;7;7;2023;08:20;1;91;91657;2;3;1;3;RUE DE LA LONGUERAIE;48,72059;2,44055
202300012499;15;8;2023;09:20;1;60;60511;1;3;7;1;D934;49,59978786;2,96953878
202300012500;2;6;2023;22:40;5;92;92012;2;1;1;2;DANJOU (RUE) 17/FIN - 20/FIN;48,83344;2,24807
202300012501;25;12;2023;02:40;5;974;97407;2;9;1;1;19 MARS 1946(AVENUE DU);-20,94979;55,29571
202300012502;14;8;2023;14:30;1;45;45265;1;9;1;6;2153 Route de Merinville;48,10555597;2,94861674
202300012503;7;7;2023;12:45;1;91;91286;2;6;1;2;R.N. 7;48,66315;2,400347
202300012504;27;12;2023;19:20;3;973;97302;2;1;1;6;ZEPHIR (ROCADE);4,93765;-52,30668
202300012505;14;8;2023;14:20;1;18;18203;1;1;1;6;N/A;46,569977;2,361326
202300012506;21;11;2023;18:00;2;38;38185;2;9;2;6;Rue de Bretagne;45,15872;5,71382
202300012507;13;4;2023;08:10;1;13;13088;1;1;1;2;A55-Sens Martigues vers Marseille;43,38;5,22
202300012508;7;7;2023;15:20;1;86;86194;2;2;1;3;D162;46,55318;0,30971
202300012509;14;8;2023;11:45;1;16;16362;1;1;1;6;nougerede;45,392212;0,229812
202300012510;27;12;2023;20:00;5;69;69383;2;1;1;7;Rue Feuillat;45,75266;4,87689
202300012511;7;7;2023;20:40;1;85;85191;1;1;7;6;RD 948;46,69217;-1,47119
202300012512;21;11;2023;17:44;5;38;38421;2;3;2;6;AVENUE DU DOYEN LOUIS WEIL;45,18734;5,7581
202300012513;1;6;2023;22:40;3;13;13056;1;1;1;6;A55-Sens Martigues vers Marseille;43,40796;5,03716
202300012514;14;8;2023;17:00;1;7;7096;1;1;1;3;la pleine du coulet;44,860103;4,560147
202300012515;27;12;2023;15:10;1;69;69149;2;1;1;6;Avenue Edmond;45,71586;4,81551
202300012516;7;7;2023;13:55;1;83;83137;2;1;1;6;DE LATTRE DE TASSIGNY (AVE MARECHAL);43,11379;5,93974
202300012517;15;8;2023;12:15;1;85;85021;2;4;1;6;RD86;47,049253;-1,266622
202300012518;24;5;2023;11:40;1;69;69256;1;1;1;3;Autoroute 42 ;45,80222;4,92677
202300012519;27;12;2023;05:45;5;971;97101;2;3;1;3;ACHILLE RENE BOISNEUF (RUE);16,26976;-61,50615
202300012520;21;11;2023;08:30;1;38;38053;2;3;2;3;ALPES;45,58536;5,2709
202300012521;6;7;2023;17:55;1;83;83069;1;1;1;4;AVENUE RITONDALE LEOPOLD;43,11778;6,14618
202300012522;21;11;2023;10:15;1;37;37208;2;1;1;6;GRANDMONT (RUE DE);47,36522;0,71521
202300012523;3;6;2023;20:00;1;92;92019;1;1;1;3;RN 385 INT;48,7652226;2,24538423
202300012524;15;8;2023;15:47;1;85;85135;1;2;1;3;Rue des flandres dunkerque;46,523523;-1,204374
202300012525;24;12;2023;02:50;5;971;97113;1;1;1;1;GRAND BAIE ( RN4);16,21808;-61,50896
202300012526;7;7;2023;17:03;1;78;78650;2;2;1;3;PRISE D'EAU (AVENUE DE LA);48,89649;2,12174
202300012527;15;8;2023;12:10;1;27;27056;2;3;1;6;Rue de Lisieux;49,090689;0,594131
202300012528;26;12;2023;12:50;1;95;95598;2;1;2;2;D109;48,98344;2,29387
202300012529;21;11;2023;09:05;1;35;35051;1;1;1;4;ROCH (LIEU-DIT LA PREE SAINT);48,12687308;-1,61540598
202300012530;3;6;2023;16:05;1;91;91645;1;1;1;6;N385;48,75987838;2,26783991
202300012531;6;7;2023;21:12;2;78;78551;2;2;1;3;REPUBLIQUE (DE LA);48,89877;2,09109
202300012532;15;8;2023;03:51;3;27;27376;2;4;1;6;38 Route de Saint Georges Motel;48,801875;1,328359
202300012533;20;11;2023;18:15;5;35;35238;2;1;2;6;MANIEZ (AVENUE JULES);48,09816;-1,69989
202300012534;7;7;2023;19:40;1;77;77307;2;2;1;3;D934;48,87812;2,74483
202300012535;27;12;2023;19:45;3;91;91228;2;1;8;4;RTE NATIONALE 7;48,63067;2,43915
202300012536;3;6;2023;15:45;1;94;94034;1;1;1;4;A86;48,76101392;2,31812717
202300012537;14;8;2023;16:10;1;30;30061;1;1;1;3;D936;43,907818;4,272995
202300012538;26;12;2023;17:10;1;87;87085;2;1;1;3;BEAUBREUIL (PLACE DE);45,88061;1,29156
202300012539;7;7;2023;09:00;1;77;77058;1;1;1;2;MARIE CURIE  (AVENUE);48,831967;2,698871
202300012540;21;11;2023;17:00;2;34;34172;2;2;1;3;RABELAIS (BOULEVARD);43,6006;3,87936
202300012541;3;6;2023;13:33;1;91;91589;1;1;1;4;AUTOROUTE A6;48,6784;2,3359
202300012542;15;8;2023;12:00;1;33;33527;1;1;1;2;A660;44,615144;-0,988405
202300012543;7;7;2023;21:45;2;76;76484;1;1;1;6;Route des Essarts;49,34318313;1,07347369
202300012544;27;12;2023;09:00;1;86;86194;2;9;1;1;Rue de Vouneuil;46,55988;0,306102
202300012545;21;11;2023;16:00;1;34;34172;2;1;1;6;CHASSEURS (RUE DES);43,59736;3,86417
202300012546;12;8;2023;18:00;2;987;98715;1;1;1;7;route puurai en sortant de la RDO;-17,584;-149,56
202300012547;3;6;2023;10:35;1;91;91534;1;1;1;7;RN 118;48,73964;2,18078
202300012548;7;7;2023;03:36;5;76;76540;2;2;1;3;Boulevard de l'Europe;49,43456065;1,07646865
202300012549;23;12;2023;07:15;3;77;77305;2;1;2;2;BRAY (ROUTE DE);48,38271;2,97234
202300012550;15;8;2023;13:10;1;38;38285;1;1;1;6;rd526;45,034988;5,974631
202300012551;21;11;2023;12:50;1;34;34129;2;6;1;2;GARE (ROND POINT DE LA);43,56816;3,90339
202300012552;3;6;2023;07:35;1;77;77251;1;1;1;2;AUTOROUTE A5A;48,61843;2,55341
202300012553;6;7;2023;18:00;1;73;73087;2;1;1;6;D1006 LYON (ROUTE DE);45,55996;5,89709
202300012554;14;8;2023;20:45;5;11;11262;2;1;1;6;51 Résidence le Hameau de la Plage (np);43,156111;3,160125
202300012555;27;12;2023;01:00;5;77;77445;1;1;1;1;ROUTOIRES (AVENUE DES);48,59197;2,59147
202300012556;20;11;2023;15:22;1;34;34172;2;1;1;1;TOULOUSE (AVENUE DE;43,58878;3,85312
202300012557;6;7;2023;19:55;1;73;73065;2;1;1;5;CROIX ROUGE (RUE DE LA);45,5979;5,91754
202300012558;3;6;2023;11:27;1;78;78140;1;1;1;2;A13;48,957784;1,934499
202300012559;14;8;2023;23:30;5;60;60138;1;9;1;6;Aire du Péage de Chamant (Aire de repos);49,215516;2,627897
202300012560;26;12;2023;21:30;5;76;76351;2;3;1;3;ANDREI SAKHAROV (RUE);49,50484;0,17179
202300012561;3;6;2023;07:33;1;78;78043;1;1;1;6;A12 W;48,840057;2,092784
202300012562;7;7;2023;13:45;1;71;71153;2;2;1;3;CAVELL (RUE EDITH);46,80043;4,42097
202300012563;21;11;2023;18:10;5;33;33249;2;1;1;3;Avenue Carnot;44,86449;-0,51848
202300012564;22;12;2023;17:10;2;72;72181;2;1;1;2;PREMARTINE (RUE) N° IMP 43 A 181;48,00832;0,20962
202300012565;14;8;2023;12:40;1;37;37141;1;2;1;3;1 Les Petits Gars;47,296775;1,053041
202300012566;20;11;2023;17:40;3;33;33249;2;1;2;6;Rue Edouard Herriot - Arrêt de bus;44,87014;-0,51751
202300012567;7;7;2023;12:15;1;71;71076;2;1;1;3;SABATIER (RUE PAUL);46,8124;4,85542
202300012568;27;12;2023;08:05;5;72;72181;2;6;1;3;LOUIS BLANC (QUAI);48,0093;0,1955
202300012569;27;12;2023;14:27;1;71;71076;2;1;1;6;Rue Philibert Léon Couturier;46,78067752;4,85178259
202300012570;14;8;2023;14:20;1;37;37079;1;2;1;3;Le Fossé Fourrier;47,340789;1,036754
202300012571;3;6;2023;05:00;3;93;93048;1;1;1;2;AUTOROUTE A3;48,87013196;2,43074208
202300012572;21;11;2023;16:30;1;29;29232;2;1;1;3;Bali Frañs Dieub;48,01012;-4,09587
202300012573;7;7;2023;19:20;1;69;69264;2;6;8;1;Avenue de l’Europe;45,99797;4,7343
202300012574;26;12;2023;18:25;5;69;69290;2;6;1;3;Boulevard François Reymond;45,69682;4,94176
202300012575;2;6;2023;21:40;2;91;91223;2;1;1;6;GUETTARD (RUE J.E.);48,44479;2,16639
202300012576;15;8;2023;05:00;3;2B;2B289;1;1;1;1;ROUTE TERRITORIALE 20;42,357581;9,17169
202300012577;7;7;2023;07:30;1;69;69199;2;2;1;3;Rue Parmentier;45,70553;4,85993
202300012578;27;12;2023;19:15;5;67;67482;2;2;1;6;ILL (RUE DE L );48,61142;7,78105
202300012579;21;11;2023;07:45;5;28;28134;2;6;2;6;ROND POINT DU GENERAL LECLERC;48,74218;1,387467
202300012580;1;6;2023;20:50;1;75;75120;2;3;1;1;RUE DE GUEBRIANT;48,873123;2,409459
202300012581;26;12;2023;15:00;1;64;64102;2;1;1;2;N/A;43,498143;-1,482268
202300012582;15;8;2023;12:15;1;5;5116;1;3;1;3;RD38;44,679334;6,602762
202300012583;1;6;2023;15:30;1;13;13108;2;1;1;6;GAMBETTA (BOULEVARD);43,80481;4,6626
202300012584;6;7;2023;18:50;1;69;69029;2;2;1;1;15 Rue des Paquerettes;45,75048;4,90114
202300012585;20;11;2023;18:05;5;28;28404;2;9;8;5;BRUXELLES (RUE DE);48,71621;1,3684
202300012586;27;12;2023;19:00;5;63;63113;2;1;1;3;JAURES (BD JEAN);45,7679;3,08418
202300012587;8;7;2023;00:50;3;67;67218;2;1;1;6;DENIS PAPIN (RUE);48,511725;7,707165
202300012588;2;6;2023;16:45;1;976;97611;2;1;1;1;m'tsapere-Nationale 2 (route);-12,7919093;45,22137344
202300012589;15;8;2023;13:02;1;5;5139;1;1;1;1;D937 Défilé de la Souloise, Tunnel;44,747175;5,885949
202300012590;19;8;2023;12:20;1;13;13074;2;6;1;6;rd96;43,646258;5,590373
202300012591;28;12;2023;23:38;5;59;59378;2;1;1;2;BAROEUL AVENUE DU;50,65297;3,10954
202300012592;7;7;2023;11:00;1;67;67482;2;3;1;3;ANVERS (BOULEVARD D );48,58401;7,77486
202300012593;21;11;2023;14:00;1;27;27681;2;3;1;3;SAINT LAZARE (RUE);49,096537;1,475788
202300012594;15;8;2023;11:45;1;3;3187;1;1;1;7;D21;46,350949;3,456981
202300012595;7;7;2023;18:30;1;64;64445;2;1;6;1;LILAS DES;43,312;-0,342
202300012596;15;8;2023;17:50;1;7;7324;1;1;1;7;voie sud;45,054187;4,815412
202300012597;21;11;2023;08:30;1;26;26362;2;6;1;3;FAVENTINES ROND POINT;44,92444564;4,90370315
202300012598;26;12;2023;18:20;5;59;59527;2;2;1;4;LECLERC RUE DU GENERAL;50,65609;3,04894
202300012599;2;6;2023;16:25;1;973;97302;2;9;1;2;MONTABO (ROUTE DE) 1;4,9439212;-52,30821759
202300012600;15;6;2023;07:40;1;64;64445;2;1;1;6;ROYALE;43,2945;-0,37091
202300012601;14;8;2023;15:20;1;86;86050;1;1;1;1;RN 149;46,659345;-0,03003
202300012602;2;6;2023;19:50;1;69;69383;2;2;1;3;24 Rue Julien;45,75254;4,88826
202300012603;21;11;2023;07:40;3;22;22113;2;9;1;3;PARK NEVEZ (AVENUE DE);48,72977012;-3,44297871
202300012604;23;12;2023;02:40;3;59;59569;1;1;1;1;RD 500;50,37255;3,12137
202300012605;6;7;2023;15:50;1;64;64102;2;1;1;2;CASTERA (RUE DU MOULIN);43,48837;-1,45964
202300012606;2;6;2023;13:35;1;69;69381;2;1;1;3;3 Rue de la Martinière;45,76823432;4,82848686
202300012607;7;7;2023;15:30;1;63;63113;2;1;3;7;AGRICULTURE (AVENUE DE L');45,7791;3,1217
202300012608;20;11;2023;07:50;1;19;19031;2;1;1;6;MARGERIT (RUE ROBERT);45,14669;1,47233
202300012609;14;8;2023;19:45;1;33;33417;1;1;1;1;D6;44,971736;-0,8797
202300012610;27;12;2023;18:20;5;51;51454;2;2;1;1;COURCELLES (RUE DE) DU 1 AU 97 ET 2 A 22;49,25933;4,02042
202300012611;2;6;2023;06:15;2;69;69152;2;1;1;6;15 Rue Emile Zola;45,70512;4,81945
202300012612;19;11;2023;01:35;4;19;19031;2;1;1;6;GALLIENI (AVENUE);45,16167;1,51899
202300012613;7;7;2023;14:30;1;63;63113;1;1;1;3;BREZET (AVENUE);45,77917;3,14836
202300012614;15;8;2023;14:00;1;33;33128;1;1;1;6;Route de Goulée;45,33416;-0,919461
202300012615;27;12;2023;15:05;1;46;46191;1;1;1;6;GRANDE RUE;44,49546;1,39417
202300012616;2;6;2023;11:35;1;971;97120;2;1;1;6;DUGOMMIER;16,23728;-61,53228
202300012617;21;11;2023;18:22;3;17;17415;1;4;1;1;Départementale  137;45,71878;-0,63621
202300012618;15;8;2023;14:10;1;85;85189;1;1;1;3;465 Chemin des essarts;46,764512;-1,880636
202300012619;7;7;2023;10:40;1;63;63113;2;2;1;3;ITALIE (AVENUE DE L');45,77920435;3,09592634
202300012620;2;6;2023;12:50;1;971;97105;2;3;1;3;GOUVERNEUR DU LYON (AVE);16,0022316;-61,73790693
202300012621;15;8;2023;16:30;1;85;85019;2;1;1;6;Rue du pont caillaud (Saligny);46,807874;-1,4236266
202300012622;27;12;2023;07:20;5;45;45208;2;3;1;2;1 Place Mirabeau;47,99827;2,73298
202300012623;21;11;2023;17:50;5;14;14079;2;1;1;6;45 Avenue Michel d'Ornano;49,33861;0,028205
202300012624;4;7;2023;17:40;1;63;63113;2;2;1;3;Rue du Ressort /allée des Tilleuls;45,78767081;3,11248899
202300012625;15;8;2023;12:45;1;22;22176;2;3;1;6;Rue du Centre;48,446511;-2,746732
202300012626;27;12;2023;16:15;1;37;37261;2;1;1;3;DANIEL MAYER;47,41859;0,69274
202300012627;21;11;2023;18:00;5;14;14118;2;1;2;6;19 Rue de la Pigacière;49,188011;-0,358513
202300012628;2;6;2023;16:30;1;95;95428;2;3;1;3;CHESNEAUX (RUE DES);48,98219562;2,3154223
202300012629;9;6;2023;12:30;1;59;59009;2;1;1;3;DE VIGNY ALFRED RUE;50,65554;3,14671
202300012630;13;8;2023;17:30;1;27;27016;2;1;1;2;Rue de Penthièvre;49,244837;1,396927
202300012631;26;12;2023;19:30;3;34;34032;2;1;1;3;HEMINGWAY ERNEST (BLD);43,36419;3,22512
202300012632;20;11;2023;17:02;2;14;14327;2;1;1;1;D515;49,202541;-0,323816
202300012633;6;7;2023;20:50;1;59;59350;2;2;1;3;MARCEAU RUE;50,62654;3,11012
202300012634;25;12;2023;04:10;5;31;31555;2;1;1;7;ROND-POINT JOSEPH SAUVEUR;43,57867;1,39385
202300012635;14;8;2023;18:45;1;76;76057;2;1;1;3;avenue du président kennedy;49,549597;0,942403
202300012636;2;6;2023;16:40;1;91;91421;2;1;1;3;NOUZET (RUE DU);48,70716;2,44189
202300012637;21;11;2023;07:50;1;13;13054;2;1;1;6;SAINT PIERRE (CHE );43,41219;5,20709
202300012638;7;7;2023;12:20;1;57;57306;2;1;1;6;LIBERTE (ESPLANADE DE LA);49,32918;6,06601
202300012639;12;8;2023;05:23;3;13;13043;1;1;1;7;A55-Sens Martigues vers Marseille;43,39145;5,25972
202300012640;7;7;2023;19:30;1;57;57660;2;9;1;3;SCHOENECK(RUE DE)DU PONT AUTOROUTE AU PO;49,2107;6,93272
202300012641;3;6;2023;00:20;5;91;91326;2;9;1;3;COUR DE FRANCE (AVENUE DE LA);48,68858;2,3713
202300012642;21;11;2023;22:00;5;13;13211;2;3;1;3;POMME (BOULEVARD DE LA );43,29276202;5,45725133
202300012643;27;12;2023;15:20;1;25;25462;2;1;1;4;ROCADE G.POMPIDOU (DU 25 A LA FIN);46,90012;6,33858
202300012644;13;8;2023;01:10;3;95;95018;1;1;1;4;A15;48,95956;2,27285
202300012645;1;6;2023;17:40;1;91;91223;2;1;1;6;PARIS (AVENUE DE);48,437396;2,163841
202300012646;21;11;2023;11:50;1;13;13214;2;1;1;6;GIBBES (CHEMIN DE);43,32592;5,38349
202300012647;27;12;2023;10:00;1;13;13201;2;1;1;3;ATHENES (BOULEVARD D');43,30264;5,37983
202300012648;6;7;2023;12:45;1;54;54395;2;1;1;3;Rue des Tiercelins;48,6915;6,1921
202300012649;13;8;2023;20:00;1;94;94028;1;1;1;2;A86;48,79871719;2,44499982
202300012650;20;11;2023;15:26;1;13;13215;2;1;1;1;MADRAGUE VILLE (chemin de la);43,34031;5,35373
202300012651;2;6;2023;07:51;1;87;87075;2;1;1;2;COURRIERES (AVENUE DES);45,82059;1,20862
202300012652;26;12;2023;12:20;1;13;13202;2;1;1;3;DAMES (BOULEVARD DES);43,30177;5,37258
202300012653;1;6;2023;16:19;1;87;87085;2;6;3;7;EUROPE (CARREFOUR DE L');45,86175;1,27492
202300012654;12;8;2023;10:13;1;988;98818;2;3;1;7;RUE VARIN/ROUTE DE LA BAIE DES DAMES;-22,23523;166,43766
202300012655;6;7;2023;10:30;1;54;54395;2;3;1;6;Rue Raymond Poincaré;48,69039137;6,17299139
202300012656;11;11;2023;00:35;5;13;13028;2;6;1;3;Rond Point DULAC/ROVARCH;43,19185;5,60509
202300012657;27;12;2023;16:35;1;75;75119;2;1;1;6;AVENUE DE FLANDRE;48,89195;2,378654
202300012658;29;5;2023;22:43;5;86;86194;2;5;1;3;Place Charles Martel;46,59056;0,33922
202300012659;12;8;2023;03:55;3;988;98818;2;3;1;6;AVENUE JAMES COOK;-22,25846;166,39346
202300012660;20;11;2023;15:15;1;13;13001;1;1;1;6;PETIT MOULIN (RTE DU);43,50896988;5,32965201
202300012661;6;7;2023;08:20;1;54;54395;2;1;1;3;Boulevard Jean Jaurès;48,68279846;6,17750823
202300012662;27;12;2023;21:18;5;75;75117;2;2;2;1;Avenue de Wagram;48,884244;2,302669
202300012663;20;11;2023;13:50;1;11;11069;2;1;1;3;6 Rue Jean Francois Champollion;43,21217;2,32697
202300012664;12;8;2023;10:15;1;69;69388;2;2;1;3;80 Avenue Général Frère;45,7317239;4,87618403
202300012665;31;5;2023;04:40;5;86;86194;2;5;1;6;D910;46,602793;0,327141
202300012666;26;12;2023;19:15;5;75;75114;2;4;2;7;AVENUE DU MAINE;48,83234642;2,32503533
202300012667;6;7;2023;12:00;1;51;51454;2;6;1;3;BRIAND (PLACE ARISTIDE);49,25768;4,03886
202300012668;20;11;2023;08:50;1;11;11069;2;1;1;6;JOLIOT CURIE -BD IRENE FREDERIC- PAIRS;43,21328;2,37051
202300012669;12;8;2023;20:10;5;972;97213;1;1;2;7;AUTOROUTE A1;14,61806;-61,03047
202300012670;7;7;2023;22:24;3;49;49353;2;1;1;7;PERREYEUX;47,45537;-0,5119
202300012671;2;6;2023;12:30;1;83;83062;2;3;1;3;FABRI DE PEIRESC (AVENUE);43,13884;6,02771
202300012672;27;12;2023;00:05;5;75;75107;2;1;1;1;QUAI BRANLY;48,862201;2,299324
202300012673;2;6;2023;10:40;1;83;83137;2;1;1;6;VICTOIRE DU 8 MAI 1945 (AVE DE LA);43,13097351;5,9363308
202300012674;12;8;2023;21:53;5;2B;2B033;2;1;1;2;Avenue Sampiero Corso;42,676059;9,444297
202300012675;20;11;2023;17:24;3;10;10060;1;1;2;4;ROCADE OUEST;48,25267;4,10866
202300012676;6;7;2023;19:38;1;49;49246;2;6;1;3;CHAUVIN AVENUE;47,43347;-0,52957
202300012677;27;12;2023;06:00;5;75;75104;2;2;1;3;RUE DE RIVOLI;48,857538;2,351296
202300012678;27;5;2023;17:30;1;83;83061;2;1;1;6;AVENUE DU HUIT MAI 1945;43,42404475;6,73008531
202300012679;20;11;2023;18:10;5;10;10387;2;1;2;6;MAJOR GENERAL VANIER (AVENUE);48,30679;4,07022
202300012680;6;7;2023;14:35;1;49;49007;1;1;1;3;RD 323;47,46957;-0,59457
202300012681;2;6;2023;13:05;1;78;78418;2;6;1;3;HUIT MAI 1945 (RUE DU);48,91198;2,14649
202300012682;12;8;2023;14:20;1;971;97113;1;4;2;3;RN4 - SECTION RIVIERA;16,20899;-61,47082
202300012683;27;12;2023;21:05;5;94;94081;2;8;2;1;Avenue Youri Gagarine;48,78608;2,39186
202300012684;7;7;2023;23:20;5;47;47031;1;1;2;1;RN21;44,17193;0,61546
202300012685;20;11;2023;12:55;1;6;6155;2;1;1;3;CLEMENCEAU AV.GEORGES;43,575295;7,056471
202300012686;2;6;2023;18:15;1;78;78015;2;1;1;3;VERDUN (RUE DE);48,98929;2,05979
202300012687;7;7;2023;22:25;4;45;45298;2;1;1;1;Pont de l'Europe;47,89522605;1,87625885
202300012688;21;11;2023;08:40;1;75;75118;2;1;2;2;PORTE DE CLIGNANCOURT;48,900935;2,338542
202300012689;2;6;2023;19:01;1;77;77018;2;1;1;7;RUE DE PARIS;48,84575;2,81312
202300012690;27;12;2023;16:30;1;93;93005;2;1;1;6;Boulevard Marc Chagall;48,953044;2,500448
202300012691;7;7;2023;05:50;2;45;45286;2;1;1;1;Pont René Thinat;47,89623;1,92108
202300012692;12;8;2023;11:00;1;971;97120;1;1;2;2;Secteur Pont de la Gabarre;16,25368;-61,54917
202300012693;21;11;2023;08:40;1;75;75116;2;1;2;2;PORTE DAUPHINE;48,871218;2,27332
202300012694;2;6;2023;15:45;1;77;77070;1;3;7;2;D 934;48,794338;3,107329
202300012695;21;11;2023;12:20;1;75;75106;2;7;2;7;PLACE DE L ODEON;48,850008;2,338712
202300012696;27;12;2023;12:50;1;93;93070;2;2;1;3;Avenue du Cimetière / Avenue Michelet;48,90731;2,34431
202300012697;12;8;2023;00:18;5;971;97101;2;1;1;6;VIEUX BOURG;16,24831;-61,53212
202300012698;7;7;2023;11:00;1;44;44184;2;2;1;3;44bis Rue du Commandant Gâté;47,27571;-2,22147
202300012699;22;12;2023;18:00;5;93;93077;2;1;9;3;Avenue du Général Galliéni;48,89103824;2,50803173
202300012700;20;11;2023;22:33;3;75;75105;2;2;2;6;AVENUE DES GOBELINS;48,83680548;2,35185805
202300012701;2;6;2023;13:20;1;76;76540;2;3;1;3;Boulevard de l'Yser;49,44769;1,10206
202300012702;8;7;2023;01:30;5;44;44109;2;1;1;6;74 Rue des Alouettes;47,20217;-1,60737
202300012703;9;8;2023;00:12;4;971;97101;1;1;1;6;RN05;16,26087;-61,51683
202300012704;21;11;2023;18:50;5;75;75120;2;1;2;6;RUE PELLEPORT;48,874818;2,397918
202300012705;27;12;2023;19:20;5;93;93048;2;2;1;3;Boulevard Jeanne d’Arc / Rue des 3 Territoires;48,85182;2,4445
202300012706;1;6;2023;12:50;1;76;76351;2;3;1;2;Rue Socrate;49,516561;0,156034
202300012707;12;8;2023;18:20;1;91;91377;2;1;1;6;AV CARNOT;48,72498;2,26227
202300012708;7;7;2023;18:00;1;44;44109;2;1;1;6;19 Rue Chateaubriand;47,22211;-1,55429
202300012709;21;11;2023;13:50;1;75;75120;2;1;1;3;RUE DES PYRENEES;48,856962;2,404452
202300012710;13;8;2023;01:15;5;85;85194;2;1;1;7;19 Rue de la bonne vierge;46,5017154;-1,8018131
202300012711;27;12;2023;17:32;5;93;93074;2;1;1;6;Rue de Meaux;48,93474;2,56719
202300012712;2;6;2023;23:47;5;72;72181;2;1;1;6;MICHEL ANGE (RUE);47,97874;0,21552
202300012713;21;11;2023;00:15;5;75;75119;2;1;2;6;BOULEVARD DE LA VILLETTE;48,875973;2,372665
202300012714;11;8;2023;19:25;1;83;83129;2;1;1;6;MER (AVENUE DE LA) N° PAIRS;43,103771;5,819115
202300012715;27;12;2023;14:35;1;93;93046;2;1;1;2;Boulevard Gutenberg;48,91261;2,51928
202300012716;7;7;2023;18:39;1;38;38421;1;4;1;2;RN87;45,16676;5,75787
202300012717;31;5;2023;17:30;1;72;72181;1;1;1;2;LATTRE DE TASSIGNY MARECHAL DE (BD);48,02949;0,18336
202300012718;21;11;2023;17:30;2;75;75117;2;3;1;3;PORTE D ASNIERES;48,88929;2,297413
202300012719;12;8;2023;20:15;1;79;79259;1;2;1;3;N/A;46,953845;-0,21521
202300012720;27;12;2023;07:25;5;93;93078;2;5;1;3;Avenue du Pasteur Martin Luther King / Boulevard Robert Ballanger;48,95191;2,52846
202300012721;7;7;2023;21:00;1;37;37214;2;1;1;2;PORTILLON (RUE DE);47,40733555;0,67919433
202300012722;1;6;2023;08:57;1;72;72181;2;9;1;3;PADERBORN (AV) N° 3;48,00794;0,19877
202300012723;21;11;2023;09:00;1;75;75117;2;1;2;6;BOULEVARD BERTHIER;48,89338;2,310862
202300012724;12;8;2023;06:25;3;78;78005;1;1;2;3;RN 184;48,985386;2,084538
202300012725;26;12;2023;19:20;5;92;92072;2;1;2;2;SEVRES (PONT DE);48,82796;2,22517
202300012726;7;7;2023;11:00;1;35;35281;2;1;1;6;POTTIER (RUE EUGENE);48,06747;-1,7151
202300012727;1;6;2023;17:15;1;71;71499;1;1;1;1;JEAN BOUVERI (RUE);46,65821;4,32398
202300012728;30;11;2023;16:25;1;92;92026;2;1;1;6;EDITH CAVELL (DE 47 A FIN);48,90307828;2,26825297
202300012729;13;8;2023;01:40;5;76;76540;2;1;1;6;Avenue de Bretagne;49,433832;1,085483
202300012730;21;11;2023;07:40;2;75;75117;2;2;2;3;AVENUE NIEL;48,881264;2,295544
202300012731;6;7;2023;17:45;1;33;33162;2;3;1;3;Rue du Lieutenant Villemeur;44,88335;-0,64815
202300012732;4;1;2023;18:05;3;74;74250;1;1;1;6;A40;46,083687;6,37074
202300012733;2;6;2023;16:10;1;69;69290;2;1;1;6;Route de Grenoble;45,71489;4,96412
202300012734;12;8;2023;13:30;1;76;76410;1;1;1;7;A150;49,46838669;1,03542253
202300012735;26;12;2023;21:33;5;92;92007;2;1;8;3;FOCH (AVENUE DU MARECHAL) AUTRES NUMEROS;48,78972282;2,30045311
202300012736;21;11;2023;09:50;1;75;75116;2;3;2;6;RUE BOILEAU;48,845934;2,264789
202300012737;7;7;2023;02:50;5;33;33529;2;1;1;6;CUREPIPE (BD DE) DU 02 ET +;44,63709;-1,13122
202300012738;2;1;2023;10:45;1;74;74010;2;1;1;1;Route du pont de brogny;45,932673;6,127844
202300012739;27;12;2023;14:30;1;92;92004;2;9;1;3;AULAGNIER ( QUAI );48,91197178;2,301566