Num_Acc;jour;mois;an;hrmn;lum;dep;com;agg;int;atm;col;adr;lat;long
202300012740;2;6;2023;11:08;1;69;69029;2;1;1;3;Avenue Franklin Roosevelt;45,73903925;4,8919637
202300012741;11;8;2023;18:05;1;71;71270;2;4;1;6;DESERTE (RUE DE LA);46,3221;4,83545
202300012742;21;11;2023;09:35;1;75;75116;2;7;2;2;CARREFOUR DES ANCIENS COMBATTANTS   BOUL;48,84783;2,242226
202300012743;11;8;2023;16:20;1;69;69091;1;1;1;3;3971 Route de Rive-de-Gier;45,57948673;4,7337288
202300012744;21;12;2023;08:15;1;1;1074;2;2;8;6;Place du Marché;45,996977;5,170816
202300012745;17;3;2023;16:20;1;29;29019;2;2;1;6;rue Marcellin Duval;48,413285;-4,486732
202300012746;7;7;2023;10:09;1;15;15014;2;6;1;3;VOLONTAIRE (AVENUE DES);44,91492;2,44049
202300012747;21;11;2023;09:05;1;75;75116;2;2;2;3;AVENUE DE LA PORTE D AUTEUIL;48,848008;2,24897
202300012748;2;6;2023;03:00;5;69;69276;2;3;1;3;Avenue des Frères Perret;45,68076762;4,84868258
202300012749;11;8;2023;17:14;1;65;65440;2;1;1;3;JUBINAL (RUE ACHILLE);43,23927;0,07769
202300012750;7;7;2023;14:20;1;13;13117;1;1;1;2;CHEMIN DEPARTEMENTAL 9 (EST);43,44491;5,29878
202300012751;27;12;2023;10:30;1;11;11076;1;1;1;2;A61;43,284787;1,968406
202300012752;21;11;2023;14:20;1;75;75115;2;1;1;3;AVENUE FELIX FAURE;48,841918;2,28997
202300012753;19;3;2023;10:20;1;988;98818;2;3;2;3;MARCELLIN LACABANNE/ROUTE DE L'ANSE VATA;-22,29368;166,44642
202300012754;2;6;2023;14:00;1;64;64445;2;1;1;2;HONORE BARADAT;43,3048;-0,36523
202300012755;26;12;2023;13:00;1;972;97226;2;3;1;1;AVENUE NELSON MANDELA;14,432818;-60,879656
202300012756;7;7;2023;13:25;1;13;13103;2;1;1;3;AVENUE CABRIER - GASTON;43,64103882;5,10140569
202300012757;11;8;2023;08:08;1;65;65440;2;5;1;3;PRADEAU (PROMENADE DU);43,23237;0,06521
202300012758;17;3;2023;16:40;1;976;97611;2;1;2;1;m'tsapere-M'tsapéré- M'tsangani ( rue );-12,7942;45,2184
202300012759;21;11;2023;13:25;1;75;75115;2;2;2;3;RUE DE JAVEL;48,843768;2,28639
202300012760;2;6;2023;19:50;1;64;64024;2;1;1;3;BAYONNE (AVENUE DE);43,48224;-1,50623
202300012761;11;8;2023;17:20;1;64;64445;2;1;1;6;CHAMPETIER DE RIBES;43,30447;-0,377243
202300012762;28;5;2023;15:45;1;12;12202;2;3;1;6;FRANCOIS MAHOUX (RUE);44,35039;2,57947
202300012763;19;3;2023;04:30;5;974;97411;1;9;1;6;RN2/043;-20,89396;55,50199
202300012764;27;12;2023;23:50;3;76;76584;1;1;1;7;A28;49,747348;1,478026
202300012765;21;11;2023;19:30;5;75;75114;2;3;1;2;AVENUE ERNEST REYER;48,822406;2,323901
202300012766;1;6;2023;16:45;1;64;64102;2;1;1;2;SABALCE (CHEMIN DE);43,49265;-1,49123
202300012767;12;8;2023;14:20;1;64;64122;2;1;1;3;"""KENNEDY (AVENUE DU PRESIDENT J,F)""";43,46102;-1,54886
202300012768;6;7;2023;20:45;2;11;11069;2;2;1;3;;43,21277;2,32674
202300012769;18;3;2023;17:10;1;973;97302;2;1;1;3;CABASSOU (ROUTE DE);4,91719;-52,31248
202300012770;21;11;2023;09:39;1;75;75113;2;2;2;3;BOULEVARD DU GENERAL JEAN SIMON;48,825717;2,38193
202300012771;12;8;2023;18:00;1;62;62160;2;6;1;6;Rue de Solferino;50,71946;1,597316
202300012772;26;12;2023;16:06;1;14;14389;1;1;8;5;A84;49,0638;-0,684628
202300012773;7;7;2023;03:45;5;10;10387;2;2;1;3;PIERRE BROSSOLETTE (RUE);48,287724;4,077193
202300012774;21;11;2023;09:40;1;75;75113;2;1;2;3;QUAI D AUSTERLITZ;48,83936;2,371432
202300012775;18;3;2023;19:27;2;972;97209;1;1;2;4;RD 41 (ROCADE);14,61358;-61,05417
202300012776;6;7;2023;22:00;3;7;7281;1;1;2;7;C.D.533;44,93732;4,78978
202300012777;24;12;2023;13:20;1;56;56198;1;3;1;6;Rue Saint Eutrope;48,078566;-2,769853
202300012778;2;6;2023;16:50;1;60;60057;2;3;1;3;Rue d'Amiens;49,440014;2,089459
202300012779;20;11;2023;18:15;5;75;75112;2;3;2;6;AVENUE DAUMESNIL;48,834419;2,409877
202300012780;7;7;2023;06:32;1;6;6088;2;9;1;6;TURIN (RTE DE);43,7326;7,2903
202300012781;26;12;2023;18:05;5;2B;2B043;1;9;1;1;Lavasina;42,755485;9,466969
202300012782;2;6;2023;22:45;5;59;59378;2;3;1;3;FORT RUE DU;50,688274;3,112669
202300012783;12;8;2023;14:15;1;59;59350;2;1;1;6;MONTAIGNE RUE DE;50,62038;3,06304
202300012784;21;11;2023;07:45;2;75;75110;2;2;2;3;BOULEVARD DE LA VILLETTE;48,881492;2,370055
202300012785;28;12;2023;18:25;3;47;47209;1;1;1;1;Route de Saint Arnaud;44,243347;0,678577
202300012786;17;3;2023;22:30;5;972;97209;2;3;1;1;RELIGIEUSES (ROUTE DES);14,6157;-61,0583
202300012787;1;6;2023;18:20;1;56;56162;1;1;1;6;LARMOR (ROUTE DE);47,72945;-3,41682
202300012788;12;8;2023;13:51;1;56;56121;2;6;1;7;Rue Monistrol;47,7333;-3,3854
202300012789;26;12;2023;11:00;1;38;38075;1;5;1;3;Route du Grésivaudan;45,470535;5,990507
202300012790;21;11;2023;10:10;1;75;75108;2;2;2;2;AVENUE GEORGE V;48,870074;2,300994
202300012791;18;3;2023;20:45;5;69;69385;2;1;1;6;Place Docteur Schweitzer;45,75614;4,78687
202300012792;1;6;2023;14:12;1;56;56098;2;9;1;3;DJIBAOU (RUE  JEAN-MARIE );47,77804;-3,35285
202300012793;11;8;2023;17:25;1;54;54167;1;1;7;2;RD909;48,671;5,93301
202300012794;20;11;2023;16:15;2;75;75104;2;1;1;6;VOIE GEORGES POMPIDOU;48,856685;2,348897
202300012795;19;3;2023;01:00;5;95;95572;2;1;2;6;Rue de Paris;49,04127;2,11293
202300012796;28;12;2023;08:30;1;84;84020;1;1;8;3;D900;43,866419;5,31381
202300012797;2;6;2023;18:40;1;54;54395;2;1;1;2;Boulevard Lobau;48,68174;6,19769
202300012798;12;8;2023;16:00;1;51;51454;2;1;1;3;BONAPARTE (AVENUE DU GENERAL);49,23123;4,00684
202300012799;21;11;2023;08:12;1;94;94028;2;9;2;3;Avenue de Verdun;48,79374;2,46127
202300012800;1;6;2023;14:15;1;54;54547;1;1;1;2;Route de Mirecourt;48,66054902;6,18743777
202300012801;18;3;2023;18:15;1;91;91687;2;1;1;2;COMMANDANT BARRE (AVENUE DU);48,661397;2,364201
202300012802;28;12;2023;09:30;1;3;3138;2;2;2;6;Place de la République;46,246404;3,63553
202300012803;12;8;2023;15:50;1;50;50147;2;1;1;3;ECLUSE CHETTE;49,05522;-1,44548
202300012804;21;11;2023;07:20;2;94;94028;2;1;2;2;Av du Mal de Lattre de Tassigny;48,80181555;2,44847354
202300012805;26;12;2023;17:30;5;3;3060;2;6;1;6;Route de Saint-pourçain;46,157035;3,393402
202300012806;17;3;2023;17:00;1;91;91027;2;1;1;2;RUE HENRI GOURMELIN;48,7164;2,39321
202300012807;31;5;2023;18:30;1;54;54439;2;1;7;4;Avenue Charles de Gaulle;48,70471824;6,24936193
202300012808;12;8;2023;13:28;1;49;49007;2;2;1;3;ONZE NOVEMBRE 1918 AVENUE;47,47129;-0,5468
202300012809;21;11;2023;13:00;1;94;94018;2;1;2;6;Rue de Paris;48,82148;2,41377
202300012810;17;3;2023;10:40;1;83;83062;1;9;1;2;DRAGUIGNAN (AVENUE DE);43,14203;6,03634
202300012811;27;12;2023;15:20;1;15;15163;2;3;7;1;RD 45;44,869565;2,376325
202300012812;31;5;2023;15:55;1;54;54547;2;1;1;2;RM 674;48,664665;6,189884
202300012813;12;8;2023;19:15;1;44;44109;2;1;1;3;123 Route de Sainte Luce;47,23459;-1,52045
202300012814;17;3;2023;17:50;1;78;78609;1;5;1;3;CD 28;49,016016;1,910404
202300012815;31;5;2023;08:45;1;54;54498;2;1;1;2;RD 674;48,71461;6,25291
202300012816;21;11;2023;19:00;2;93;93066;2;7;1;5;Rue Ambroise Croizat;48,9308038;2,35010626
202300012817;28;12;2023;11:54;1;1;1232;1;1;1;1;960 Route de Bourg-en-bresse;46,331369;5,251272
202300012818;2;6;2023;17:15;1;54;54323;2;1;1;6;DE LATTRE DE TASSIGNY (PLACE);49,51468;5,77038
202300012819;18;3;2023;17:55;1;76;76540;2;3;2;3;Quai Cavelier de la Salle;49,43804;1,08293
202300012820;12;8;2023;15:40;1;35;35238;2;3;1;1;LORIENT (DE);48,10578;-1,73313
202300012821;28;12;2023;18:14;3;73;73128;1;1;1;6;Route de Mognard;45,73667484;5,93950778
202300012822;31;5;2023;08:05;1;52;52125;2;1;1;3;RD 619;48,0904;5,14565
202300012823;21;11;2023;17:45;5;93;93050;2;3;2;3;Boulevard du Marechal Foch / Rue Villebois Mareuil;48,85521;2,52459
202300012824;18;3;2023;11:30;1;69;69199;2;2;1;3;Rue Emile Zola;45,71074;4,86261
202300012825;7;7;2023;03:40;3;34;34108;1;1;1;7;RD 600;43,4413;3,71684
202300012826;2;6;2023;18:00;1;51;51454;2;1;1;6;DE GAULLE (AVENUE DU GENERAL);49,24563;4,01771
202300012827;28;12;2023;07:10;3;8;8311;1;1;1;1;D19;49,574017;5,043583
202300012828;17;3;2023;15:50;1;67;67180;2;9;1;3;KLEBER (RUE);48,80459;7,78223
202300012829;21;11;2023;07:40;2;93;93031;2;3;2;6;Rue de Paris / Rue du Général Julien;48,95322578;2,31201712
202300012830;2;6;2023;16:20;1;51;51454;2;1;1;2;NATIONALE (AVENUE) LA NEUVILLETTE;49,28738;4,00719
202300012831;12;8;2023;20:50;1;33;33522;2;2;1;3;Rue Jean Mette;44,816;-0,58983
202300012832;18;3;2023;15:40;1;64;64348;2;1;1;3;DIDIER DAURAT;43,33358;-0,37969
202300012833;28;12;2023;16:00;1;8;8457;2;1;1;3;Rue de la Suine;49,795187;4,638178
202300012834;2;6;2023;17:25;1;51;51454;2;1;1;3;CHENIER (RUE ANDRE);49,21456;4,02507
202300012835;12;8;2023;18:00;1;32;32013;1;1;1;3;ROCADE (RN 124 EST);43,663;0,599
202300012836;21;11;2023;14:37;1;93;93027;2;2;2;2;Avenue Paul Vaillant Couturier / Rue Rateau;48,92481204;2,41489358
202300012837;18;3;2023;12:00;1;64;64237;2;3;1;3;GELOS DE;43,28482;-0,37794
202300012838;26;12;2023;17:40;5;35;35189;2;1;1;1;Rue de Coupigné;48,151746;-1,719863
202300012839;12;8;2023;23:10;5;31;31555;2;1;1;1;SEYSSES (RTE DE) DU 296 AU 403;43,57919;1,42345
202300012840;2;6;2023;13:50;1;51;51454;2;1;1;4;CHAMPAGNE   (  AVENUE DE);49,2301;4,03488
202300012841;18;3;2023;18:55;1;64;64102;2;1;2;1;NAVARRE (AVENUE HENRI DE);43,51107;-1,44169
202300012842;25;12;2023;16:00;2;1;1032;1;1;1;6;autoroute A42 PK 023+000;45,863607;5,151531
202300012843;21;11;2023;08:52;1;93;93072;2;3;2;3;Boulevard Maxime Gorki / Rue Pelletier;48,95393;2,38405
202300012844;12;8;2023;19:30;1;31;31555;2;9;1;3;RTE DE LAUNAGUET;43,64293;1,43906
202300012845;27;12;2023;19:30;5;987;98724;2;1;1;6;district de fare;-16,711296;-151,035345
202300012846;17;3;2023;16:50;1;64;64140;2;2;1;3;DOUANE (QUAI DE LA);43,52236;-1,48967
202300012847;21;11;2023;07:30;3;93;93047;2;3;2;6;Rue du Général de Gaulle / Avenue Victor Hugo;48,89929;2,56345
202300012848;12;8;2023;02:25;5;31;31555;2;1;1;3;MINIMES (AV DES) DU 1AU 178;43,61847;1,4365
202300012849;2;6;2023;07:40;1;49;49099;2;6;1;2;RONTARDIERE (BOULEVARD DE LA);47,05826;-0,85616
202300012850;18;3;2023;14:10;1;54;54395;2;2;1;3;SAINT DIZIER (RUE 82 ET 113 A FIN);48,68684;6,18538
202300012851;25;12;2023;21:10;3;987;98747;1;1;2;6;PK48+300 RT2 Faaone;-17,756;-148,736
202300012852;21;11;2023;18:00;5;93;93007;2;1;2;6;Avenue de la République;48,936011;2,466684
202300012853;11;8;2023;03:00;5;28;28134;2;1;1;7;DE GAULLE (RUE DU GENERAL);48,73652;1,37001
202300012854;1;6;2023;14:00;1;49;49007;1;1;1;2;ATLANTIQUE  AVENUE DE L';47,46906;-0,60798
202300012855;21;11;2023;19:00;3;93;93055;2;1;2;7;Avenue Jean Jaurès;48,909798;2,398825
202300012856;18;3;2023;22:30;5;37;37195;2;1;1;1;CHER (LEVEE DU);47,37484;0,64588
202300012857;27;12;2023;21:30;3;988;98802;1;1;1;7;RPS4;-21,85655;166,04415
202300012858;11;8;2023;20:10;1;27;27681;2;3;2;3;CROQUET (SENTE DU);49,08223;1,4983
202300012859;2;6;2023;10:40;1;49;49007;2;6;1;3;PAJOTIN;47,46433;-0,53137
202300012860;18;3;2023;16:25;1;29;29019;2;1;8;2;rue Auguste Kervern;48,40312;-4,48881
202300012861;2;8;2023;13:10;1;18;18279;2;1;1;7;Place Salvador Allende;47,2262;2,08476
202300012862;23;12;2023;15:40;1;973;97304;2;6;1;6;Avenue Gaston Monnerville;5,17213;-52,650261
202300012863;1;6;2023;21:47;2;49;49007;2;1;1;7;;47,47961;-0,55168
202300012864;21;11;2023;15:15;5;92;92078;2;3;1;3;GALLIENI (BD) (1 A 79 ET 22 A 102);48,93389791;2,33273931
202300012865;18;3;2023;16:30;1;25;25462;2;1;1;6;REMPARTS;46,90257;6,35432
202300012866;12;8;2023;15:40;1;18;18033;2;7;8;6;Place de Juranville;47,08307;2,38886
202300012867;1;6;2023;16:34;1;49;49246;1;1;1;6;D952;47,43361;-0,47719
202300012868;22;12;2023;21:15;5;971;97128;1;1;1;1;Marly;16,278036;-61,340045
202300012869;21;11;2023;08:00;1;92;92075;2;6;2;3;CARREFOUR DE L'INSURRECTION;48,82028378;2,29062492
202300012870;17;3;2023;13:15;1;21;21054;2;3;1;6;FOCH (BOULEVARD MARECHAL);47,027654;4,838566
202300012871;10;8;2023;15:10;1;18;18033;2;3;1;3;Rue Jean Jacques Rousseau;47,07939;2,38957
202300012872;2;6;2023;12:10;1;44;44184;2;1;1;2;113bis Boulevard Pierre de Maupertuis;47,28226;-2,2276
202300012873;19;12;2023;11:30;1;30;30211;2;4;1;7;Rue du Parc;43,834113;4,499819
202300012874;18;3;2023;07:17;1;18;18279;1;1;1;1;N/A;47,197914;2,09173
202300012875;21;11;2023;12:30;1;92;92063;2;3;2;3;RICHELIEU (BOULEVARD);48,87057;2,18423
202300012876;12;8;2023;10:50;1;17;17415;2;6;2;3;GAUTIER RUE;45,74092;-0,62245
202300012877;17;3;2023;17:55;1;17;17415;2;1;1;4;DUFAURE AVENUE JULES;45,748622;-0,609956
202300012878;21;11;2023;08:55;1;92;92048;2;1;2;6;GARDES (ROUTE DES) N° 2 A 12;48,81877297;2,24018276
202300012879;27;12;2023;16:05;1;84;84003;1;1;7;1;D3 - le jonquier;43,855218;5,352831
202300012880;20;11;2023;00:35;5;92;92036;2;1;1;6;GENERAL DE GAULLE (AVENUE) (PAIRS);48,93426476;2,3175289
202300012881;2;6;2023;15:20;1;43;43157;1;3;1;2;88 (ROUTE NATIONALE);45,00415;3,87869
202300012882;18;3;2023;01:35;5;13;13212;2;3;1;2;CHARLES KADDOUZ (RUE);43,31497969;5,43345659
202300012883;28;12;2023;12:05;1;13;13022;2;1;1;1;D559;43,226037;5,538096
202300012884;21;11;2023;19:27;5;92;92012;2;1;2;6;EDOUARD VAILLANT (AVENUE) - DEBUT/55 - C;48,8341154;2,24482995
202300012885;18;3;2023;23:12;5;10;10081;2;1;8;7;JEAN MERMOZ (RUE);48,31209;4,03666
202300012886;2;6;2023;11:10;1;38;38516;2;9;1;2;RANDON (AV. MAL);45,20106;5,74195
202300012887;21;11;2023;14:00;1;92;92012;2;1;1;6;ANDRE MORIZET (AVENUE) 1/47 - 2/52;48,83551969;2,24000931
202300012888;18;3;2023;18:10;1;5;5061;1;1;1;6;PATAC (BARREAU DE);44,53917196;6,0710299
202300012889;21;11;2023;14:10;1;92;92004;2;1;2;1;MARNE   ( AVENUE DE LA );48,90970454;2,28676665
202300012890;15;3;2023;17:10;1;75;75113;2;3;1;6;AVENUE DES GOBELINS;48,83320096;2,35435456
202300012891;2;6;2023;14:24;1;37;37261;2;2;1;3;FOUQUET (RUE JEHAN);47,38634;0,68403
202300012892;27;12;2023;21:30;3;14;14658;1;1;6;6;Rue du Vieux Château;48,81291647;-1,02104314
202300012893;21;11;2023;08:52;1;92;92009;2;2;2;3;RAOUL NORRLING ( RUE );48,90531996;2,26426435
202300012894;18;3;2023;11:06;1;75;75120;2;3;1;6;RUE DE BELLEVILLE;48,872553;2,378521
202300012895;1;6;2023;16:30;1;37;37233;2;1;1;3;DUCLOS (AVENUE JACQUES);47,3804;0,73014
202300012896;19;12;2023;14:45;1;56;56178;2;1;2;6;Quai des Récollets;48,071326;-2,9653
202300012897;18;3;2023;07:01;1;75;75104;2;2;1;3;QUAI HENRI IV;48,850825;2,361459
202300012898;24;12;2023;13:15;1;22;22067;1;1;8;2;D54;48,5542;-3,17639
202300012899;2;6;2023;11:30;1;35;35238;2;3;1;3;MALAKOFF (PONT);48,10672;-1,6931
202300012900;21;11;2023;15:15;1;63;63345;1;2;2;3;D778/D5;45,715993;2,994236
202300012901;18;3;2023;17:15;1;75;75117;2;2;1;3;AVENUE DE WAGRAM;48,881559;2,300701
202300012902;28;12;2023;12:25;1;59;59029;2;7;1;3;Place du General de Gaulle;50,4793;3,204517
202300012903;1;6;2023;08:23;1;34;34301;2;9;1;1;695 Avenue des Eaux Blanches;43,419443;3,713282
202300012904;22;11;2023;03:00;5;976;97610;2;1;1;1;Route Nationale 1 - Koungou;-12,744796;45,222859
202300012905;18;3;2023;11:45;1;75;75116;2;1;1;6;ALLEE DES FORTIFICATIONS;48,852707;2,259855
202300012906;27;12;2023;13:25;1;33;33249;1;1;7;2;AUTOROUTE A 10;44,88788887;-0,50517155
202300012907;18;3;2023;01:25;5;75;75116;2;3;1;3;AVENUE DE NEW YORK;48,864096;2,299466
202300012908;1;8;2023;16:10;1;1;1325;1;2;1;3;D22;45,960011;5,148854
202300012909;2;6;2023;21:10;2;33;33281;2;1;1;1;Avenue Bon Air;44,81936;-0,64922
202300012910;21;11;2023;19:40;3;67;67535;1;1;1;7;D712;48,939606;7,390527
202300012911;17;3;2023;22:00;5;75;75116;2;2;2;2;QUAI LOUIS BLERIOT;48,847151;2,274479
202300012912;26;12;2023;09:49;1;59;59560;1;1;1;4;AUTOROUTE A1;50,53404;3,04827
202300012913;23;10;2023;18:35;2;6;6149;2;1;1;1;36 Boulevard Général de Gaulle;43,737472;7,309034
202300012914;18;3;2023;19:20;5;75;75112;2;1;1;3;ROUTE DE LA PYRAMIDE;48,829582;2,451057
202300012915;26;12;2023;12:50;1;78;78402;1;1;1;2;A13;48,965169;1,763263
202300012916;18;3;2023;13:30;1;75;75112;2;1;1;3;BOULEVARD DIDEROT;48,847291;2,385978
202300012917;22;11;2023;09:40;1;31;31022;2;1;1;3;42 Route de Fronton;43,670417;1,427777
202300012918;26;12;2023;04:40;3;93;93064;1;9;1;6;AUTOROUTE A86;48,87859;2,47631
202300012919;18;3;2023;03:20;5;75;75111;2;2;1;3;RUE DU FAUBOURG SAINT ANTOINE;48,850102;2,384715
202300012920;20;11;2023;18:30;3;68;68295;2;9;2;3;D201;48,020207;7,380715
202300012921;18;3;2023;10:20;1;75;75109;2;1;1;6;BOULEVARD DE ROCHECHOUART;48,882652;2,343686
202300012922;27;12;2023;03:45;3;77;77175;1;1;1;5;A5b;48,64598426;2,62308483
202300012923;22;11;2023;15:30;1;83;83086;1;1;1;3;D1555;43,473609;6,537187
202300012924;17;3;2023;21:55;5;75;75108;2;1;2;3;AVENUE HOCHE;48,875967;2,300241
202300012925;28;6;2023;07:10;1;32;32382;1;1;1;6;RD 939 - PK 18+330;43,730887;0,376968
202300012926;22;11;2023;07:30;2;58;58261;1;1;9;2;D33;47,392929;2,980894
202300012927;18;3;2023;15:45;1;94;94044;2;1;2;1;Avenue Descartes;48,740528;2,484288
202300012928;25;12;2023;12:00;1;974;97407;2;1;1;6;14 JUILLET 1789(AVENUE DU);-20,93258;55,29453
202300012929;18;3;2023;10:15;1;94;94052;2;9;1;6;168 Grande Rue Charles de Gaulle;48,8382135;2,49124525
202300012930;17;9;2023;19:05;2;75;75120;2;1;1;3;BOULEVARD PERIPHERIQUE;48,848263;2,414947
202300012931;17;3;2023;14:20;1;94;94079;2;1;1;3;Boulevard Jean Monnet;48,832264;2,533758
202300012932;18;9;2023;20:20;5;75;75119;2;2;2;3;RUE DE CRIMEE;48,89525;2,37196
202300012933;26;12;2023;11:10;1;973;97302;2;1;1;1;GRANT (CITE);4,94848;-52,30453
202300012934;18;3;2023;12:42;1;94;94076;2;1;1;6;99 Rue de Chevilly;48,78230686;2,35532874
202300012935;17;9;2023;22:30;5;75;75119;2;2;2;2;AVENUE DE LA PORTE DE PANTIN;48,889879;2,396631
202300012936;18;3;2023;13:50;1;94;94028;2;1;1;3;Rue René Arcos;48,777823;2,464735
202300012937;26;12;2023;00:20;5;973;97302;1;1;1;3;LEBLOND (ROND POINT);4,92162285;-52,32992738
202300012938;18;9;2023;08:40;1;75;75118;2;1;8;6;RUE DE LA CHAPELLE;48,896612;2,3597574
202300012939;18;3;2023;19:32;5;92;92073;2;1;2;7;WASHINGTON (BOULEVARD);48,87383;2,21762
202300012940;18;9;2023;08:00;1;75;75118;2;2;1;3;BOULEVARD BARBES;48,883853;2,349473
202300012941;18;3;2023;20:35;5;92;92049;2;3;1;3;DORMOY AVENUE MARX N°102 A FIN;48,81061192;2,30895415
202300012942;25;12;2023;21:23;5;973;97302;2;9;1;3;BADUEL (ROUTE DE);4,92879;-52,29928
202300012943;18;9;2023;17:05;1;75;75117;2;3;2;6;AVENUE DES TERNES;48,878982;2,292772
202300012944;18;3;2023;14:00;1;92;92044;2;2;1;6;LOUIS ROUQUIER(RUE)47A111 ET 50A104;48,891011;2,287358
202300012945;25;12;2023;19:57;5;973;97302;2;9;1;6;FLAMBOYANTS (RUE DES);4,92579745;-52,31563926
202300012946;17;9;2023;13:30;1;75;75116;2;1;1;3;QUAI SAINT EXUPERY;48,837837;2,265288
202300012947;19;3;2023;06:05;3;80;80047;1;1;5;6;D20;50,025732;2,667103
202300012948;18;9;2023;10:30;1;75;75115;2;2;1;6;BOULEVARD LEFEBVRE;48,829718;2,295714
202300012949;18;3;2023;11:45;1;2A;2A064;1;1;1;2;Route territoriale 40;41,843894;8,964565
202300012950;26;12;2023;12:40;1;972;97209;1;2;1;6;EAUX DECOUPEES (CHEMIN DES);14,60806;-61,05515
202300012951;18;9;2023;09:20;1;75;75115;2;2;1;5;ESPLANADE HENRI DE FRANCE;48,838183;2,270645
202300012952;19;3;2023;11:30;1;42;42120;1;2;1;3;Route de Saint Jean;45,992167;3,996929
202300012953;25;12;2023;21:30;5;972;97209;2;1;1;1;BISHOP (Avenue Maurice);14,61322433;-61,05248551
202300012954;18;3;2023;22:50;3;31;31480;1;1;2;6;D18;43,545064;1,628879
202300012955;18;9;2023;13:30;1;75;75111;2;2;1;3;BOULEVARD DE MENILMONTANT;48,858437;2,389436
202300012956;26;12;2023;20:10;5;69;69202;2;2;1;6;Route de la Libération;45,72814;4,77894
202300012957;18;3;2023;19:30;5;974;97422;2;1;1;7;10 Rue Montaigne;-21,26509374;55,4909724
202300012958;18;9;2023;17:53;1;75;75110;2;3;1;6;RUE DU FAUBOURG SAINT DENIS;48,882861;2,359048
202300012959;16;3;2023;20:15;3;972;97207;1;9;1;6;N5;14,582587;-60,980086
202300012960;9;9;2023;21:55;5;94;94081;2;1;1;6;Boulevard de Stalingrad;48,80157;2,37894
202300012961;26;12;2023;04:31;5;971;97120;2;6;1;7;BLANCHARD;16,22948497;-61,53143048
202300012962;18;9;2023;14:45;1;94;94078;2;1;1;2;132 Rue de Paris;48,733766;2,446732
202300012963;19;3;2023;15:30;1;58;58270;1;1;1;1;Le Gué des Saules;47,482391;2,988989
202300012964;25;12;2023;19:45;5;971;97105;2;1;1;1;PAUL LACAVE (AVENUE );15,9936;-61,71903
202300012965;19;3;2023;10:08;1;87;87014;1;1;2;6;A20 - SORTIE 24 - EN DIRECTION DU NORD , PK 148+290;46,110024;1,375662
202300012966;17;9;2023;22:05;5;94;94074;2;1;2;2;Avenue Henri Barbusse;48,77021;2,44044
202300012967;18;3;2023;15:30;1;34;34095;1;1;3;1;M185;43,547708;3,812943
202300012968;17;9;2023;10:10;1;94;94011;2;9;1;3;Rue Pierre Sémard;48,76271;2,4786
202300012969;18;3;2023;00:30;3;19;19110;1;1;1;6;Le Braud;45,302247;2,245617
202300012970;25;12;2023;15:00;1;971;97105;2;3;1;3;SCHOECHER (RUE);15,99604708;-61,73111558
202300012971;18;9;2023;00:00;5;94;94081;2;1;2;6;Rue Léon Geffroy;48,781557;2,407816
202300012972;19;3;2023;13:50;1;56;56090;2;1;1;6;Lieu-dit le Pontoir;47,861391;-3,233564
202300012973;26;12;2023;21:35;3;91;91223;1;1;1;6;RD 191;48,44363;2,12523
202300012974;18;9;2023;02:09;5;93;93066;2;1;1;3;Rue Ambroise Croizat;48,93314;2,34799
202300012975;29;1;2023;04:00;3;56;56123;2;7;1;6;Place de l’Eglise;47,677525;-2,296641
202300012976;26;12;2023;04:45;5;87;87085;2;3;1;2;BAUDIN ( AVENUE) (VC);45,82724;1,25983
202300012977;18;9;2023;12:20;1;93;93066;2;6;1;3;Avenue Lénine / Rue de Strasbourg;48,93582661;2,36789864
202300012978;18;3;2023;16:20;1;76;76302;2;1;1;1;Rue de la Voie Romaine;49,644402;0,373911
202300012979;24;12;2023;19:30;5;78;78172;2;1;1;6;BOURSEUL (RUE CHARLES);48,99854;2,10378
202300012980;17;9;2023;17:30;1;93;93051;2;1;1;3;Rue du Réseau Robert Keller;48,85238029;2,56809925
202300012981;18;3;2023;16:45;1;2B;2B219;2;1;1;1;le village;42,377426;9,366531
202300012982;19;3;2023;11:10;1;65;65442;1;1;2;6;Route de Boulogne;43,293825;0,62798
202300012983;18;9;2023;18:00;1;93;93029;2;1;8;3;Avenue Henri Barbusse;48,91966792;2,45100407
202300012984;26;12;2023;12:15;1;76;76351;2;3;1;3;CAVEE VERTE (RUE DE LA);49,50588;0,1168
202300012985;19;3;2023;12:40;1;25;25212;2;1;2;3;Rue du Vallon;47,273045;5,992162
202300012986;17;9;2023;13:30;1;93;93027;2;1;1;6;Avenue Paul Vaillant Couturier;48,92536092;2,41561192
202300012987;26;12;2023;02:20;5;76;76351;2;1;1;7;GOBELINS (DES);49,49783;0,10456
202300012988;18;9;2023;11:05;1;92;92051;2;1;1;6;BINEAU (BOULEVARD, N°133 A 217 ET 134 A;48,89105384;2,27024263
202300012989;22;12;2023;20:40;3;76;76270;1;1;1;6;RD 6382;49,53031;0,12958
202300012990;15;3;2023;13:05;1;35;35230;1;2;1;5;D15;48,45977427;-1,23937503
202300012991;18;9;2023;15:10;1;92;92044;2;1;1;2;CHARLES PASQUA (QUAI) 58 A90;48,90231778;2,28715897
202300012992;18;3;2023;20:20;3;29;29300;1;1;1;6;La Croix Logan;47,89842;-3,67439
202300012993;22;12;2023;20:15;5;76;76305;2;6;2;3;Jacques EBERHARD (Avenue);49,51098;0,22932
202300012994;18;9;2023;07:55;1;92;92044;2;2;1;3;P.V.COUTURIER(RUE)65A79 ET50A58;48,89706459;2,28933279