Num_Acc;jour;mois;an;hrmn;lum;dep;com;agg;int;atm;col;adr;lat;long
202300012995;18;3;2023;20:53;5;38;38022;1;1;1;1;ROUTE DES ALPES;45,617775;5,540414
202300012996;18;9;2023;09:20;1;92;92062;2;1;1;6;BOULEVARD CIRCULAIRE;48,88731;2,24958
202300012997;25;12;2023;18:05;5;74;74298;2;3;1;3;CHENES (ALLEE DES );46,18536;6,273
202300012998;18;9;2023;12:40;1;92;92026;2;1;1;3;COLOMBES;48,89836891;2,25658572
202300012999;18;3;2023;20:55;3;1;1319;1;1;1;6;Route de Chatillon;46,102362;4,950816
202300013000;25;12;2023;18:40;3;74;74010;2;4;1;6;CORNICHE (BOULEVARD DE LA);45,88408;6,14238
202300013001;18;9;2023;15:15;1;92;92014;2;3;8;4;FONTENAY (RUE);48,78481;2,31104
202300013002;26;12;2023;11:05;1;73;73011;2;9;1;6;CURIE (RUE PIERRE ET MARIE);45,66826;6,38095
202300013003;18;3;2023;17:35;1;45;45040;2;3;1;6;Chemin de la Cheuille;47,574343;2,817795
202300013004;18;9;2023;06:35;3;35;35136;1;1;1;2;Janzé;47,96303845;-1,51493847
202300013005;25;12;2023;20:05;5;69;69290;2;1;1;1;Route d'Heyrieux;45,68375639;4,95152861
202300013006;18;3;2023;11:30;1;10;10287;1;1;1;2;D960;48,363118;4,31856
202300013007;19;9;2023;07:10;2;47;47272;1;1;1;1;route de paris;44,681257;0,575173
202300013008;26;12;2023;17:45;5;66;66136;2;1;1;6;Boulevard Aristide BRIAND;42,69442;2,90147
202300013009;19;9;2023;07:00;2;45;45247;1;1;1;1;Rue de la Varenne;48,013281;2,67913
202300013010;19;3;2023;00:45;3;16;16380;1;1;2;7;Au Rochet;45,399535;-0,203226
202300013011;18;3;2023;15:15;1;24;24038;1;1;3;6;D708;45,322895;0,365751
202300013012;15;9;2023;18:00;1;68;68295;1;2;1;3;Route de Herrlisheim;48,014279;7,369283
202300013013;17;9;2023;18:40;1;14;14061;1;1;1;6;5 Route de Caen;48,890794;-0,84776
202300013014;26;12;2023;10:30;1;66;66136;2;1;1;4;N/A;42,70718;2,90733
202300013015;19;9;2023;17:45;1;42;42322;1;1;1;6;1689 Route de la Croix de Chaubouret;45,412088;4,523696
202300013016;19;3;2023;15:15;1;21;21423;1;1;2;3;Autoroute A6, PK 307.600 sens Lyon vers Paris;46,99304383;4,85559746
202300013017;26;12;2023;10:30;1;66;66136;2;9;1;6;Boulevard Docteur Joseph DENOYES;42,70991291;2,8846246
202300013018;19;9;2023;06:10;3;8;8027;1;1;1;2;A34;49,564502;4,468431
202300013019;18;3;2023;01:30;3;988;98819;1;9;1;7;col amos;-20,333682;164,426376
202300013020;17;9;2023;20:51;5;51;51629;2;1;1;7;D951;49,164082;4,01734
202300013021;26;12;2023;11:53;1;64;64483;2;1;1;2;RD810;43,39970532;-1,64011717
202300013022;18;9;2023;09:25;1;56;56261;1;3;1;3;Lieu Dit Hutte Saint Pierre;47,696556;-2,540841
202300013023;19;3;2023;15:30;1;973;97305;1;3;1;3;Hôtel Maillard (Patrimoine national);4,974173;-52,441714
202300013024;26;12;2023;18:15;3;64;64284;1;1;1;2;RAUSKI;43,26611;-0,38957
202300013025;18;9;2023;17:30;1;56;56212;1;1;1;1;La mine;47,54383;-2,186805
202300013026;18;3;2023;17:25;1;33;33245;1;1;2;6;D115;44,801274;-0,433853
202300013027;19;3;2023;03:00;3;33;33214;1;1;1;6;D6;45,003477;-1,154197
202300013028;18;9;2023;17:40;1;79;79293;1;5;1;3;N/A;46,374736;-0,492537
202300013029;26;12;2023;00:45;5;64;64024;2;6;1;3;N/A;43,49655;-1,50888
202300013030;19;3;2023;06:15;3;28;28363;1;1;2;1;RD24;48,42206;1,862692
202300013031;18;9;2023;16:25;1;82;82182;1;1;1;1;D41 PK 10+953;44,264646;1,053518
202300013032;17;3;2023;13:45;1;45;45155;2;2;1;1;75 Avenue President Wilson;47,693989;2,631086
202300013033;26;12;2023;13:00;1;56;56162;2;1;2;1;Chemin de Lorient au passage Saint-Maurice;47,73872;-3,4088
202300013034;19;9;2023;17:10;1;65;65363;1;2;1;3;d817;43,10940038;0,44425216
202300013035;19;3;2023;01:30;3;30;30211;2;1;1;6;N/A;43,82617176;4,50152993
202300013036;18;9;2023;19:26;1;65;65069;2;1;1;6;Chemin du Haut-Mour;43,072611;0,383427
202300013037;18;3;2023;17:15;1;70;70046;1;2;1;3;D486;47,619954;6,436838
202300013038;19;9;2023;11:55;1;71;71154;1;1;1;7;123 Rue Principale;46,826553;4,897742
202300013039;24;12;2023;15:05;1;56;56121;2;1;1;7;TOULLEC (RUE  FRANCOIS );47,73234;-3,37919
202300013040;18;3;2023;18:22;2;67;67529;1;1;1;6;Rue Creuse;48,720878;7,82041
202300013041;19;9;2023;17:44;2;71;71014;2;1;7;6;Rue de l?Arquebuse;46,950691;4,303191
202300013042;18;3;2023;22:30;3;1;1211;1;1;1;7;Route départementale 64a;46,116123;5,180864
202300013043;19;9;2023;11:15;1;42;42034;1;1;1;6;Les Chassagnes;45,83611;3,763719
202300013044;17;3;2023;23:36;3;17;17058;2;3;1;7;Rue de la Sainceaudière;45,847998;-1,134912
202300013045;18;9;2023;13:45;1;41;41164;2;2;1;3;Avenue de la Gare;47,280674;1,381048
202300013046;18;3;2023;06:15;3;33;33175;1;1;1;6;5 Route de Rauzan;44,74179026;-0,1535967
202300013047;17;9;2023;01:17;5;31;31033;2;1;1;6;Avenue de Nailloux;43,35638674;1,48534834
202300013048;18;3;2023;10:00;1;72;72264;2;6;2;3;7 Rue de la Petite Vitesse;47,84262;-0,342583
202300013049;19;3;2023;11:30;1;35;35360;1;1;1;7;RD 178;48,120883;-1,233076
202300013050;15;9;2023;22:00;5;2;2328;2;1;1;6;1 Rue des Dîmes;49,049075;3,482005
202300013051;28;2;2023;14:30;1;60;60141;2;6;1;3;rond point de sylvie;49,186107;2,460744
202300013052;19;9;2023;17:05;1;2;2215;2;3;1;3;10 Rue de Reims;49,461371;3,825498
202300013053;19;3;2023;16:50;1;59;59660;1;1;1;7;Chaussee de Verdun;50,64063;3,235281
202300013054;18;3;2023;19:20;2;13;13026;1;1;1;6;A55-Sens Marseille vers Martigues;43,40309;5,10987
202300013055;18;9;2023;16:45;1;14;14578;1;3;1;4;31bis Route de Honfleur;49,363676;0,201145
202300013056;18;9;2023;05:45;3;90;90033;2;1;2;7;Boulevard de la Liberte;47,51323;6,995056
202300013057;18;3;2023;13:30;1;33;33249;1;1;1;5;ROCADE A 630;44,87964;-0,53601
202300013058;19;9;2023;12:55;1;9;9189;1;1;1;6;N20;42,664176;1,833959
202300013059;18;3;2023;16:10;1;91;91286;1;1;1;3;AUTOROUTE A6;48,654;2,38
202300013060;16;9;2023;14:15;1;45;45296;1;1;1;2;D955 PR 17 + 800;47,995163;1,713374
202300013061;18;3;2023;13:20;1;91;91689;1;1;1;2;AUTOROUTE A6B;48,74928726;2,32841223
202300013062;16;9;2023;12:00;1;73;73229;1;3;1;7;D1006 Route de chambery;45,455647;5,781098
202300013063;18;3;2023;10:20;1;91;91319;1;1;1;7;AUTOROUTE A10;48,645681;2,162932
202300013064;19;9;2023;13:30;1;10;10054;1;1;1;6;D440;48,364917;3,635745
202300013065;18;3;2023;09:05;1;91;91037;1;1;1;7;AUTOROUTE A6;48,53249;2,50083
202300013066;18;9;2023;12:20;1;16;16208;1;2;1;3;carrefour D119 - D75;45,761191;-0,152156
202300013067;17;3;2023;23:45;3;91;91103;1;1;1;7;RN 104;48,62405;2,29921
202300013068;19;9;2023;13:30;1;85;85018;1;1;1;2;RD 948;46,915677;-2,0566968
202300013069;18;3;2023;00:01;3;91;91136;1;1;1;7;A10 EXT;48,713638;2,276318
202300013070;18;3;2023;16:05;1;92;92025;1;1;1;3;A86;48,92431667;2,23108042
202300013071;18;9;2023;17:29;1;27;27665;1;3;1;1;D89;49,423648;0,569358
202300013072;18;3;2023;09:30;1;92;92072;1;1;1;6;N118;48,82725286;2,22440344
202300013073;19;9;2023;08:10;1;30;30184;1;1;1;5;N/A;43,98376;4,246516
202300013074;19;9;2023;11:30;1;6;6152;1;1;1;3;Route du Parc;43,616593;7,039449
202300013075;18;3;2023;09:00;5;92;92063;1;1;1;2;A86;48,88652814;2,16549995
202300013076;19;9;2023;10:34;1;33;33227;1;1;1;2;A62 PK 038.345;44,53122597;-0,23156852
202300013077;18;2;2023;05:15;3;78;78423;1;1;1;6;A12 Y;48,796372;2,039832
202300013078;18;3;2023;22:23;3;78;78238;1;1;1;2;A13;48,969816;1,867271
202300013079;19;9;2023;10:10;1;69;69003;2;1;1;4;31 Avenue Henri Barbusse;45,86067026;4,83511144
202300013080;17;3;2023;20:55;3;78;78238;1;1;8;4;A13;48,968989;1,862377
202300013081;3;9;2023;04:50;3;13;13018;1;1;1;2;autoroute A7 pk 203.000;43,866713;4,966679
202300013082;18;9;2023;17:30;1;34;34202;1;1;1;3;M5e5;43,598489;3,782451
202300013083;18;3;2023;12:10;1;93;93007;1;1;1;2;AUTOROUTE A1;48,94925302;2,44676549
202300013084;18;9;2023;18:20;1;77;77171;2;1;1;3;Avenue Charles de Gaulle;48,900179;2,811486
202300013085;18;3;2023;07:45;1;93;93078;1;1;8;6;AUTOROUTE A104;48,95805467;2,52849698
202300013086;15;9;2023;07:30;2;66;66230;2;3;1;6;Rue du 19 Mars 1962;42,644704;2,529044
202300013087;18;3;2023;04:45;3;93;93005;1;1;2;6;A104;48,97312;2,49099
202300013088;18;3;2023;02:00;3;95;95277;1;1;8;6;A3;48,97566099;2,49022422
202300013089;19;9;2023;16:03;1;11;11076;2;1;1;6;13 Avenue Monseigneur de Langle;43,315179;1,960534
202300013090;9;9;2023;14:40;1;4;4152;1;1;1;6;Chemin des plaines;43,809029;5,770204
202300013091;18;3;2023;01:30;3;93;93005;1;1;9;6;AUTOROUTE A104;48,97265;2,49233
202300013092;18;3;2023;06:50;2;94;94028;1;1;2;2;A86;48,79510362;2,44232708
202300013093;14;9;2023;19:00;2;13;13051;1;2;1;1;Route des Baisses;43,531951;5,148801
202300013094;16;3;2023;14:35;1;45;45004;2;1;7;6;302 Rue Briselance;47,97973;2,73444
202300013095;18;9;2023;06:15;3;52;52227;1;1;1;6;D16;48,17808933;5,61901376
202300013096;15;3;2023;18:00;2;6;6027;2;1;1;6;SOUTINE RUE;43,666;7,1512
202300013097;17;9;2023;13:45;1;38;38298;2;2;1;3;Rue de Bregnieux;45,377759;4,801662
202300013098;17;3;2023;18:30;1;974;97411;2;1;1;7;FOUCQUE (AVENUE HIPPOLYTE);-20,89864;55,4867
202300013099;19;9;2023;16:30;1;69;69014;1;4;1;1;Route Départementale 4E;45,66808473;4,48505468
202300013100;19;9;2023;09:25;1;31;31395;2;6;7;6;Avenue des Pyrénées;43,458949;1,326229
202300013101;17;3;2023;14:55;1;974;97411;2;1;1;1;AVENIR (RUE DE L');-20,902485;55,39918
202300013102;18;9;2023;11:10;1;79;79081;1;1;1;2;N/A;46,34792;-0,35388
202300013103;17;3;2023;11:51;1;972;97213;2;1;1;3;BASSE GONDEAU (CHEMIN RURAL N°3 DE);14,62161;-61,02018
202300013104;18;9;2023;07:35;1;33;33438;2;1;1;3;Route de Gascogne;44,568825;-0,242922
202300013105;17;3;2023;11:05;1;69;69382;2;4;1;3;4 Quai Maréchal Joffre;45,75349;4,82501
202300013106;18;9;2023;21:15;3;44;44052;1;1;1;7;12 Route de Montoir-de-Bretagne;47,329483;-2,088577
202300013107;16;3;2023;07:35;1;69;69034;2;9;1;2;Avenue Louis Dufour;45,80018749;4,85134019
202300013108;16;9;2023;21:45;5;22;22093;2;6;1;7;Rue de Penthièvre;48,46314;-2,519941
202300013109;25;8;2023;17:00;1;59;59053;1;1;1;7;D649;50,298072;3,813041
202300013110;16;3;2023;06:50;1;971;97113;1;1;1;3;RN4 - SECTION RIVIERA;16,21768;-61,49367
202300013111;17;3;2023;17:35;1;95;95680;2;1;1;6;Boulevard Salvador Allende;49,004034;2,392614
202300013112;15;9;2023;17:50;1;54;54197;1;1;1;4;Autoroute A 33;48,621356;6,189576
202300013113;17;3;2023;09:00;1;91;91421;2;1;1;6;REPUBLIQUE (AVENUE DE LA);48,699;2,469
202300013114;18;9;2023;19:39;1;33;33192;1;1;1;6;ROCADE A 630;44,78926;-0,61985
202300013115;17;3;2023;20:35;5;91;91687;2;3;3;3;COMMANDANT BARRE (AVENUE DU);48,6603;2,3683
202300013116;14;9;2023;22:10;3;59;59082;1;1;1;6;ROUTE NATIONALE 225;50,95953;2,40478
202300013117;16;3;2023;16:35;1;91;91433;2;1;1;6;MALADRERIE (RUE DE LA)     CD17;48,44925;2,18784
202300013118;15;9;2023;18:05;1;59;59124;1;1;1;7;AUTOROUTE A27;50,60408;3,27445
202300013119;17;3;2023;19:00;5;84;84035;2;2;1;1;VERDUN (AVENUE DE);43,83277;5,04035
202300013120;18;9;2023;08:49;1;91;91345;1;1;1;3;AUTOROUTE A6;48,68994;2,32358
202300013121;16;3;2023;11:10;1;78;78551;1;2;1;3;RN 184;48,93958;2,09586
202300013122;18;9;2023;17:10;1;92;92050;1;1;2;5;A86;48,91244562;2,21780957
202300013123;15;3;2023;06:00;3;77;77373;1;1;1;3;RN 4;48,7731;2,61672
202300013124;17;9;2023;18:00;1;92;92036;1;1;1;2;A86;48,93615747;2,28919347
202300013125;17;3;2023;11:55;1;77;77384;1;1;1;1;D57;48,60471;2,64618
202300013126;17;9;2023;00:38;3;92;92048;1;1;1;3;N118;48,80962829;2,21206164
202300013127;16;9;2023;17:00;1;78;78321;1;1;1;2;RN12 INT;48,79855;1,915058
202300013128;18;9;2023;18:00;1;93;93063;1;1;1;4;AUTOROUTE A3;48,87391673;2,43718835
202300013129;17;3;2023;19:00;2;76;76157;2;3;1;3;Cote de Canteleu;49,44515;1,04208
202300013130;18;9;2023;08:00;1;95;95582;1;1;1;2;A15;48,969467;2,250208
202300013131;16;3;2023;16:25;1;76;76351;2;2;1;3;GABRIEL PERI;49,4939;0,11834
202300013132;18;9;2023;08:30;1;93;93008;1;1;1;3;AUTOROUTE A86;48,90844;2,45082
202300013133;17;3;2023;07:25;2;72;72181;2;6;1;1;LOUIS BLANC (QUAI);48,0094;0,19557
202300013134;18;9;2023;07:30;1;93;93064;1;1;1;3;AUTOROUTE A86;48,88318367;2,47202095
202300013135;17;3;2023;09:45;1;71;71306;2;1;1;2;ALOUETTES (AVENUE DES);46,68313;4,36138
202300013136;17;9;2023;03:30;5;93;93027;1;9;1;2;AUTOROUTE A1;48,93399243;2,38993411
202300013137;17;3;2023;16:00;1;69;69264;2;1;1;6;Avenue Saint-Exupery;45,99114;4,71345
202300013138;18;9;2023;14:20;1;77;77468;1;1;1;2;A104;48,85191141;2,66193581
202300013139;16;3;2023;12:30;1;67;67482;2;7;1;3;HAGUENAU (PLACE DE);48,59167;7,74142
202300013140;18;9;2023;10:00;1;94;94017;1;1;1;3;A4;48,82953894;2,49806034
202300013141;16;3;2023;18:42;2;66;66136;2;2;1;1;N/A;42,70775;2,88633
202300013142;17;9;2023;22:20;3;94;94028;1;1;2;2;A86 INT;48,78839103;2,44007985
202300013143;16;3;2023;13:20;1;66;66136;1;1;1;2;N/A;42,68242;2,85621
202300013144;22;6;2023;19:15;1;33;33318;2;6;7;3;Avenue Marc Desbats;44,80426;-0,62547
202300013145;16;3;2023;07:51;2;66;66136;1;1;1;4;N/A;42,66252;2,92135
202300013146;30;5;2023;17:45;1;14;14011;1;1;1;6;2208 Route d'Anctoville;49,09436;-0,699164
202300013147;17;3;2023;15:15;1;64;64024;2;3;1;6;BAYONNE (AVENUE DE);43,4824;-1,50517
202300013148;16;9;2023;16:05;1;976;97611;2;1;2;3;m'tsapere-Mosquée Maevantana (ruelle );-12,78767;45,2186
202300013149;17;3;2023;10:58;1;64;64140;2;1;1;7;FOIX (AV LOUIS DE);43,52574;-1,49385
202300013150;16;3;2023;10:12;1;63;63113;2;1;1;3;FONTGIEVE (RUE);45,78126336;3,07485491
202300013151;17;9;2023;02:30;5;973;97302;2;2;1;3;BRASSE (LIEUTENANT);4,93585;-52,33455
202300013152;17;3;2023;16:00;1;59;59599;2;1;1;6;GRAMME (CHAUSSEE);50,736983;3,168552
202300013153;16;9;2023;18:50;3;972;97213;1;1;1;2;ROUTE NATIONALE 1;14,63844;-60,97718
202300013154;17;3;2023;16:45;1;58;58194;2;3;1;3;COLBERT;46,99357;3,15949
202300013155;17;9;2023;15:45;1;972;97209;1;1;1;6;SOLEIL LEVANT (BOULEVARD DU);14,61903;-61,03899
202300013156;16;3;2023;21:45;5;57;57672;2;1;1;6;VINGTIEME CORPS (BOULEVARD DU);49,3621;6,16304
202300013157;17;9;2023;17:10;1;69;69385;2;9;1;3;23 Quai de Bondy;45,76533439;4,82906325
202300013158;17;3;2023;22:11;5;54;54304;2;1;2;1;QUATRE VENTS (AVENUE DES);48,6991;6,1366
202300013159;17;9;2023;17:13;1;2B;2B033;2;3;1;3;AV DE LA LIBERATION;42,68489;9,445
202300013160;17;3;2023;19:40;5;54;54395;2;2;1;3;STRASBOURG (AVENUE DE);48,67868;6,19733
202300013161;17;9;2023;12:20;1;971;97120;2;2;1;3;HANNE (BOULEVARD);16,23994;-61,53206
202300013162;16;3;2023;16:55;1;54;54578;2;3;1;2;MALRAUX (AVENUE ANDRE);48,66965459;6,14806563
202300013163;17;9;2023;11:00;1;971;97113;1;1;1;3;Section Port Blanc;16,22382;-61,4646
202300013164;15;3;2023;07:51;1;52;52121;2;1;1;2;ASHTON UNDER LYNE (AVENUE D');48,09291;5,13704
202300013165;8;9;2023;00:10;5;971;97113;1;3;1;3;RN4 - SECTION RIVIERA;16,21844167;-61,50571883
202300013166;17;3;2023;23:40;3;51;51431;1;1;1;7;D40;49,01792;3,95019
202300013167;17;9;2023;21:00;5;77;77111;2;1;1;6;BD DU GRAND FOSSE;48,865931;2,764445
202300013168;16;3;2023;08:35;1;50;50129;2;1;1;5;NORTHEIM (AVENUE DE);49,64348;-1,58077
202300013169;16;9;2023;17:20;1;77;77186;2;1;1;3;ANDRE MAGINOT (BOULEVARD);48,4076;2,6875
202300013170;16;3;2023;08:30;1;50;50129;2;2;2;2;NORMANDIE (AVENUE DE);49,626973;-1,63658
202300013171;15;9;2023;11:00;1;68;68376;2;1;1;6;SAINT CLOUD (RUE DU);47,81126;7,3372
202300013172;16;3;2023;18:33;1;49;49007;2;1;1;6;BEDIER BOULEVARD;47,45119;-0,54775
202300013173;17;3;2023;08:40;1;45;45075;2;1;1;6;8 Rue d'Ingré;47,891646;1,840047
202300013174;17;9;2023;20:28;5;63;63164;2;3;1;3;PONT (RUE DU);45,8269;3,1411
202300013175;17;3;2023;11:00;1;45;45004;2;1;1;6;69 Rue Marchais Muraille;47,99117;2,76907
202300013176;16;9;2023;10:25;1;62;62765;2;1;1;6;Avenue Charles de Gaulle;50,74421;2,25448
202300013177;17;3;2023;12:30;1;38;38151;2;1;1;1;COURS JEAN JAURÈS;45,15012;5,70609
202300013178;17;9;2023;21:35;5;62;62083;2;2;1;3;Rue de Versailles;50,45384;2,6189
202300013179;17;3;2023;10:00;1;37;37214;2;1;1;4;DE GAULLE (BD CHARLES);47,42919;0,64879
202300013180;17;9;2023;18:50;1;62;62186;2;3;8;6;D166;50,4542;2,72103
202300013181;17;3;2023;17:05;1;35;35238;2;2;1;3;LIBERTE (BD DE LA);48,10741;-1,67785
202300013182;17;9;2023;10:55;1;62;62457;2;6;1;3;D86;50,44757;2,52965
202300013183;16;9;2023;21:30;5;62;62643;2;1;1;1;Rue des Peupliers;50,70007;1,5868
202300013184;18;3;2023;01:50;5;33;33063;2;1;2;6;Rue Yves Glotin;44,89243454;-0,54691046
202300013185;17;3;2023;23:25;5;33;33063;2;1;2;6;Rue du Tondu;44,8292;-0,58727
202300013186;15;9;2023;15:30;1;60;60057;2;1;1;3;Rue des Déportés;49,42506;2,07185
202300013187;17;3;2023;08:40;1;33;33522;2;1;1;3;Chemin de Leysotte;44,80081;-0,57595
202300013188;17;9;2023;19:20;1;59;59350;2;1;1;3;DOREZ BARTHELEMY PLACE;50,61813;3,04948
202300013189;17;3;2023;03:45;3;33;33550;2;1;1;6;Avenue Maréchal de Lattre de Tassigny;44,77693;-0,55346
202300013190;17;9;2023;17:15;1;58;58194;2;9;1;2;DOCKS;46,99315;3,14885
202300013191;17;9;2023;12:05;1;42;42207;2;9;1;3;Boulevard de la Grande Terre;45,47721;4,53669
202300013192;17;3;2023;11:30;1;31;31555;2;1;1;3;BD SILVIO TRENTIN;43,62689;1,43355
202300013193;17;9;2023;22:45;5;35;35238;2;6;1;3;VALLES (JULES);48,10501447;-1,70815408
202300013194;16;3;2023;10:40;1;31;31555;2;1;1;2;Chemin des Etroits;43,54742315;1,43928409
202300013195;17;9;2023;11:15;1;35;35238;1;1;1;7;N/A;48,08261855;-1,69690222
202300013196;16;3;2023;07:55;2;31;31555;2;1;1;6;AV DE RANGUEIL;43,5696;1,46486
202300013197;17;9;2023;02:10;5;33;33529;2;1;1;6;CHENES VERTS (AVE DES);44,63423;-1,19372
202300013198;17;3;2023;13:30;1;26;26198;2;1;1;6;Rue Roland Barthes;44,54618;4,73202
202300013199;17;9;2023;10:30;1;31;31555;2;1;1;3;LARDENNE (AV DE) DU 1AU 84;43,59215;1,39964
202300013200;16;3;2023;13:30;1;19;19031;2;2;1;2;PASTEUR (AVENUE);45,16769693;1,53144479
202300013201;17;9;2023;04:50;3;29;29232;1;9;1;6;Rond-Point de Koad Bili;48,03159;-4,08393
202300013202;17;3;2023;16:40;1;17;17415;2;1;1;3;JEAN RUE DU DOCTEUR;45,73714;-0,615243
202300013203;17;9;2023;19:38;2;28;28404;2;6;1;3;NUISEMENT (RUE DE);48,71866;1,37556
202300013204;15;3;2023;13:50;1;14;14366;2;6;1;3;2 Boulevard Sainte Anne;49,143703;0,22903
202300013205;17;9;2023;20:35;5;25;25388;2;1;1;6;BOIS BOURGEOIS (RUE DU);47,5129;6,78897
202300013206;17;3;2023;17:21;1;14;14327;2;6;1;3;Le Grand Parc;49,19798;-0,33333
202300013207;17;9;2023;09:30;1;16;16015;2;6;1;2;BORDEAUX (ROUTE DE N° IMPAIRS);45,64316;0,13622
202300013208;17;3;2023;20:30;5;13;13106;2;3;1;3;8 MAI 1945 (AVENUE DU);43,39025;5,36273
202300013209;17;9;2023;13:50;1;13;13212;2;1;1;1;CAMPANULES (CHEMIN DES);43,30041988;5,44842219
202300013210;13;2;2023;13:40;1;13;13039;1;1;1;2;VENTILLON (zone du);43,47797003;4,90643779
202300013211;15;9;2023;08:00;1;13;13028;2;1;1;2;DULAC (AVENUE GUILLAUME);43,20145;5,62255
202300013212;17;3;2023;19:10;2;13;13208;2;1;1;3;MENDES FRANCE (AVENUE);43,25569928;5,37651984
202300013213;17;9;2023;12:30;1;7;7281;1;1;1;7;C.D.533;44,93669;4,81979
202300013214;17;3;2023;15:15;1;13;13201;2;1;1;3;CANEBIERE    81 A FIN;43,29891;5,38499
202300013215;17;9;2023;12:00;1;75;75120;2;1;1;2;PORTE DES LILAS;48,874745;2,410543
202300013216;17;3;2023;13:30;1;13;13211;2;1;1;4;JEAN LOMBARD (AVENUE);43,289;5,432
202300013217;16;9;2023;13:25;1;75;75120;2;1;1;2;PORTE DES LILAS;48,873182;2,411905
202300013218;17;3;2023;08:00;1;11;11069;2;9;6;3;500 Boulevard Denis Papin;43,207735;2,318123
202300013219;17;9;2023;17:20;1;75;75120;2;1;1;6;RUE DES PYRENEES;48,855745;2,405169
202300013220;17;3;2023;04:20;5;11;11069;2;2;1;6;2 Chemin de Saint Salvy;43,22444;2,34562
202300013221;17;9;2023;01:20;5;75;75120;2;1;1;3;AVENUE GAMBETTA;48,863478;2,389827
202300013222;16;3;2023;22:35;5;11;11069;2;1;1;6;4 Boulevard Barbès;43,21023536;2,35238314
202300013223;17;9;2023;16:45;1;75;75114;2;2;1;6;RUE DE L OUEST;48,833715;2,31498
202300013224;17;3;2023;19:30;5;10;10387;2;1;1;2;Cours Jacquin;48,30396;4,07939
202300013225;16;9;2023;22:35;5;75;75113;2;3;1;3;AVENUE D ITALIE;48,827386;2,356889
202300013226;17;3;2023;13:58;1;10;10325;2;2;1;3;BERTHELIN DE ROSIERES (RUE);48,26076;4,06373
202300013227;17;9;2023;09:30;1;75;75112;2;1;1;3;ROUTE DE LA PYRAMIDE;48,831044;2,448881
202300013228;16;3;2023;14:15;1;10;10333;1;9;1;3;N/A;48,28393;4,0398
202300013229;16;9;2023;21:55;5;75;75110;2;2;1;1;RUE DE SAINT QUENTIN;48,878984;2,355784
202300013230;16;3;2023;12:41;1;10;10357;2;2;1;3;HENRI BARBUSSE (RUE);48,29958017;4,11137044
202300013231;17;9;2023;01:30;5;75;75107;2;2;1;6;QUAI D ORSAY;48,862826;2,313466
202300013232;17;3;2023;17:16;1;6;6088;2;1;1;6;VAUBAN (R. MARECHAL);43,70041;7,28643
202300013233;17;9;2023;16:45;1;75;75107;2;1;1;7;PORT DE LA BOURDONNAIS;48,861022;2,29487
202300013234;17;3;2023;16:00;1;6;6159;2;9;1;6;ALBERT 1ER (AVENUE);43,7058;7,3107
202300013235;16;9;2023;02:15;5;75;75104;2;7;1;6;PLACE DE LA BASTILLE;48,85293;2,368507
202300013236;17;3;2023;07:48;1;6;6069;2;1;1;3;SEMARD - LA GARE (AVENUE PIERRE);43,654958;6,9274
202300013237;17;3;2023;09:30;1;6;6004;2;4;1;6;ESTEREL AV.DE L';43,5702;7,10972
202300013238;17;9;2023;00:50;5;94;94074;2;3;1;5;Avenue Henri Barbusse;48,7646;2,44185
202300013239;16;3;2023;18:10;5;75;75116;2;1;1;3;PORTE D AUTEUIL;48,850649;2,252218
202300013240;17;9;2023;18:30;1;94;94043;2;1;1;3;Avenue de Fontainebleau;48,81133104;2,36197861
202300013241;15;3;2023;18:50;5;75;75114;2;1;1;5;PORTE DE VANVES;48,824292;2,30637
202300013242;16;9;2023;03:10;5;94;94022;2;9;1;4;D5;48,77315778;2,40174678
202300013243;15;3;2023;13:50;1;75;75114;2;1;1;2;PORTE DE VANVES;48,825225;2,30219
202300013244;17;9;2023;16:40;1;93;93070;2;1;1;6;Rue Charles Schmidt;48,90580736;2,33239272
202300013245;16;3;2023;20:50;5;75;75117;2;2;1;7;BOULEVARD PERIPHERIQUE EXTERIEUR OUEST;48,886122;2,288028
202300013246;17;9;2023;15:30;1;93;93031;2;3;1;3;Avenue de la République / Villa Magnier;48,95;2,328
202300013247;17;3;2023;11:35;1;75;75120;2;2;1;3;RUE DE LAGNY;48,848927;2,406566
202300013248;16;9;2023;16:40;1;93;93007;2;2;1;3;Rue de la Victoire / Avenue Charles Floquet;48,94052587;2,4463436
202300013249;17;3;2023;19:55;5;75;75117;2;2;2;3;AVENUE DE WAGRAM;48,883275;2,301943
202300013250;17;9;2023;21:50;3;93;93005;2;2;3;3;Boulevard Marc Chagall / Chemin du Moulin de la Ville;48,95304;2,50263
202300013251;17;9;2023;16:05;1;92;92076;2;1;1;6;LA CELLE SAINT CLOUD;48,84684933;2,161915
202300013252;17;3;2023;13:45;1;75;75115;2;2;1;6;RUE LECOURBE;48,840502;2,295767
202300013253;16;9;2023;22:35;5;92;92033;2;1;1;6;DIX NEUF JANVIER;48,84984625;2,18446174
202300013254;17;9;2023;09:50;1;92;92073;2;1;1;3;VERDUN (RUE DE) N° 78 A 164;48,87786;2,2343
202300013255;17;9;2023;07:20;2;92;92026;2;1;1;3;COLOMBES;48,90088604;2,25634371
202300013256;16;9;2023;22:30;3;974;97415;1;1;1;6;Route Nationale 1;-20,96640553;55,2991848
202300013257;17;9;2023;20:00;3;51;51094;1;1;1;7;RD 15;48,739663;4,713564