Num_Acc;jour;mois;an;hrmn;lum;dep;com;agg;int;atm;col;adr;lat;long
202300013258;16;9;2023;17:45;1;1;1450;1;1;1;1;Chemin de Chatillon la Palud;45,940661;5,227035
202300013259;17;9;2023;01:30;5;988;98810;2;1;1;7;RT1;-20,66792;164,39285
202300013260;14;9;2023;11:50;1;974;97422;2;2;1;1;Rue du Général de Gaulle;-21,276453;55,520841
202300013261;16;9;2023;15:30;1;974;97412;2;1;1;6;13 Rue des Bosquets;-21,380051;55,649373
202300013262;18;9;2023;10:35;1;52;52147;1;1;1;2;A31 PK105.480;47,83699651;5,23052044
202300013263;14;9;2023;22:50;3;62;62338;1;2;1;3;D169;50,63346456;2,80435691
202300013264;15;9;2023;16:20;1;74;74026;2;1;1;2;Route de choisy;45,970407;6,052147
202300013265;17;9;2023;17:35;1;4;4033;1;1;1;7;d900;44,43946;6,36968
202300013266;17;9;2023;08:00;2;56;56070;1;1;2;6;La Ville Conan;47,9119423;-2,5812864
202300013267;12;9;2023;14:25;1;76;76272;2;9;1;6;Rue Edouard Loisel;49,813086;0,850287
202300013268;18;9;2023;12:50;1;80;80133;1;2;2;2;Cabane Bambou (Restaurant);50,242762;1,953673
202300013269;16;9;2023;21:39;5;33;33207;2;1;1;7;29 Avenue du Lac;44,922527;-0,376899
202300013270;18;9;2023;06:45;2;33;33046;1;1;1;6;N524;44,3379;-0,234597
202300013271;18;9;2023;02:00;3;81;81051;1;1;2;6;Route de Salettes;43,964511;1,928562
202300013272;18;9;2023;00:00;3;11;11006;1;1;1;6;Route départementale 40 pk 9+ 800;43,008331;2,73559
202300013273;11;9;2023;16:45;1;49;49358;1;1;1;7;D145;47,194583;0,004077
202300013274;17;9;2023;17:30;1;42;42138;1;1;1;6;Route de Bellegarde;45,646957;4,359285
202300013275;18;9;2023;11:00;1;46;46316;1;2;1;3;D6;44,606877;1,327457
202300013276;14;9;2023;20:10;3;47;47070;1;1;1;7;la courtine;44,49266934;0,89250209
202300013277;16;9;2023;21:00;3;86;86281;2;1;1;6;Rue du Gué;46,700252;0,287543
202300013278;18;9;2023;07:15;5;68;68365;1;6;3;2;D83;48,054227;7,311286
202300013279;17;9;2023;23:50;3;44;44199;2;6;1;6;N/A;47,739515;-1,297465
202300013280;13;9;2023;14:15;1;38;38184;2;1;2;1;Rue Vers Vaulx;45,660697;5,080383
202300013281;17;9;2023;17:50;1;15;15101;1;1;1;6;N122;45,114238;2,81913
202300013282;18;9;2023;14:15;1;70;70245;1;2;1;3;N57;47,926744;6,429416
202300013283;18;9;2023;13:45;1;66;66034;1;1;1;6;N/A;42,6406465;2,40395665
202300013284;17;9;2023;19:15;2;64;64062;1;1;2;1;RD920;43,117275;-0,438402
202300013285;16;9;2023;09:09;1;73;73270;2;2;7;6;Rue hortense mancini;45,567812;6,153325
202300013286;14;9;2023;21:24;3;10;10033;1;1;1;6;D4;48,21491209;4,69531721
202300013287;16;9;2023;14:00;1;40;40062;1;3;1;1;Piste de la Sabliere;43,910677;-0,561915
202300013288;17;9;2023;18:10;1;17;17241;2;3;2;3;D158e1;45,206678;-0,157777
202300013289;17;9;2023;05:20;1;987;98734;1;1;1;6;PK 36+300;-17,712127;-149,506143
202300013290;18;9;2023;04:15;3;77;77165;1;1;1;2;Autoroute A5 pk20+150 direction PARIS;48,486804;2,851467
202300013291;5;9;2023;19:00;1;95;95430;1;1;1;3;D9;49,07553158;2,27643371
202300013292;16;9;2023;18:30;1;40;40209;1;9;1;3;A 63 plate forme péage ONDRES;43,54145227;-1,43485032
202300013293;17;9;2023;21:00;3;988;98808;1;1;1;6;Tribu de Ho;-21,16849;165,5292
202300013294;15;9;2023;19:25;5;77;77077;2;1;1;6;4 Ruelle a la Jacquenne;48,995092;2,892973
202300013295;18;9;2023;19:05;2;77;77315;2;3;1;3;Avenue du Marechal Foch;48,88979;2,827939
202300013296;18;9;2023;08:50;1;95;95139;2;1;9;3;D14;49,1842777;1,73182598
202300013297;17;9;2023;13:45;1;2B;2B257;1;1;1;1;route de Calvi, D81;42,66277;9,27896
202300013298;3;2;2023;17:00;1;15;15014;2;1;1;6;Avenue du General Milhaud;44,92279;2,43782
202300013299;4;2;2023;09:10;1;13;13204;2;1;1;6;MARÉCHAL JUIN (BOULEVARD);43,3117634;5,40367751
202300013300;3;2;2023;13:00;1;13;13205;2;4;1;3;SAKAKINI (BOULEVARD);43,2924;5,4
202300013301;4;2;2023;03:00;5;11;11069;2;1;1;6;19 Boulevard Omer Sarraut;43,21644;2,35151
202300013302;4;2;2023;04:00;5;10;10081;2;1;8;7;JEAN JAURES (AVENUE);48,31079;4,03969
202300013303;4;2;2023;00:10;5;10;10362;2;1;1;6;NOES (RUE DES);48,29704;4,05998
202300013304;20;1;2023;18:50;5;5;5061;2;1;1;2;VALSERRES ( RUE DE );44,5548772;6,07899338
202300013305;3;2;2023;13:15;1;5;5061;2;1;1;6;STADE ( RUE  DU );44,54817;6,0673
202300013306;3;2;2023;07:20;5;5;5061;2;2;1;3;JEAN MACE ( RUE );44,56294;6,07698
202300013307;5;2;2023;19:00;5;75;75112;2;1;1;5;PORTE DE CHARENTON;48,828471;2,397418
202300013308;5;2;2023;15:00;1;75;75118;2;4;1;2;PORTE DE LA CHAPELLE;48,900869;2,364336
202300013309;4;2;2023;14:00;1;75;75114;2;1;1;3;PORTE D ORLEANS;48,819228;2,329614
202300013310;5;2;2023;01:22;5;75;75114;2;2;1;3;RUE D ALESIA;48,831821;2,314114
202300013311;5;2;2023;19:15;5;75;75117;2;3;1;3;RUE LEGENDRE;48,88434;2,314575
202300013312;4;2;2023;11:20;1;75;75117;2;2;2;6;AVENUE DE VILLIERS;48,883813;2,304682
202300013313;5;2;2023;00:00;5;75;75112;2;1;1;2;QUAI DE BERCY;48,828947;2,387717
202300013314;5;2;2023;01:20;5;75;75110;2;2;1;6;BOULEVARD DE MAGENTA;48,87497;2,357338
202300013315;4;2;2023;22:50;5;75;75109;2;2;1;3;RUE LE PELETIER;48,875066;2,339505
202300013316;4;2;2023;14:00;1;75;75117;2;2;1;5;RUE DE ROME;48,885662;2,316816
202300013317;5;2;2023;16:05;1;93;93077;2;2;1;3;Rue du Parc / Rue de la Prévoyance;48,88107;2,52627
202300013318;5;2;2023;15:30;1;93;93029;2;3;1;3;Avenue Henri Barbusse / Avenue Cappechi;48,91640382;2,44415358
202300013319;5;2;2023;20:35;5;92;92020;2;1;1;6;PERRIERE AVENUE CLEMENT;48,808101;2,288136
202300013320;3;2;2023;12:30;1;39;39406;2;1;1;6;2 Grande Rue;46,801022;5,906222
202300013321;5;2;2023;03:50;3;50;50027;1;1;1;7;La Poliniere;48,685408;-1,429167
202300013322;5;2;2023;18:20;2;2A;2A070;2;1;1;3;Tiuccia - Murtone - RD 81;42,066395;8,734517
202300013323;28;1;2023;12:15;1;17;17136;2;1;1;7;7 rue des vallées;46,106407;-1,005057
202300013324;5;2;2023;23:40;3;6;6161;1;1;2;6;2809 Route de Grasse;43,6579;7,090702
202300013325;28;1;2023;17:30;1;26;26339;1;1;1;7;A7 - PK 111.600;44,593321;4,798794
202300013326;5;2;2023;09:00;2;1;1143;2;6;7;6;Avenue de Genève;46,353952;6,139416
202300013327;4;2;2023;18:35;5;62;62261;2;2;1;6;Rue de la Canche;50,50961323;1,62714373
202300013328;5;2;2023;18:30;3;62;62086;1;2;1;3;N25;50,218151;2,578354
202300013329;5;2;2023;20:00;3;3;3063;1;1;1;2;A79 PK 90+100;46,46080007;3,962147
202300013330;27;1;2023;18:00;3;56;56135;1;2;1;3;La Mare Varion;47,71562;-2,44072
202300013331;5;2;2023;15:35;1;80;80109;1;1;1;6;cd 928;50,265822;1,979331
202300013332;5;2;2023;21:18;5;32;32162;2;3;1;7;Boulevard du midi;43,75718;0,457335
202300013333;3;2;2023;14:30;1;11;11357;1;1;1;7;D4;43,271769;2,13595
202300013334;4;2;2023;12:40;1;61;61116;1;1;1;6;D928;48,40364;0,922186
202300013335;6;2;2023;16:30;1;12;12107;1;1;1;1;N88;44,353928;2,916999
202300013336;3;2;2023;01:45;3;47;47203;1;1;5;7;D243;44,3944184;0,81778136
202300013337;5;2;2023;16:45;1;34;34232;1;1;1;1;Départementale 19, PK 3+400;43,485046;3,04553
202300013338;2;2;2023;08:28;1;39;39269;1;1;1;7;N/A;46,373296;5,706979
202300013339;3;2;2023;09:30;1;29;29217;2;1;1;6;62 Rue Emile Bernard;47,858362;-3,751972
202300013340;6;2;2023;10:20;1;29;29235;2;3;1;3;route de Kerscao;48,402946;-4,406725
202300013341;5;2;2023;21:20;5;26;26165;1;1;6;1;N7;44,77686601;4,84763618
202300013342;5;2;2023;06:40;3;54;54546;1;1;1;6;RD 952;48,94472906;6,04048491
202300013343;5;2;2023;16:45;1;36;36062;1;1;1;3;les tuleu;46,46390363;1,59934718
202300013344;5;2;2023;15:00;1;7;7069;1;4;1;1;route de la combe de beaune;45,054651;4,707886
202300013345;5;2;2023;06:04;3;17;17327;1;2;1;7;D115;46,086894;-0,591588
202300013346;1;2;2023;15:55;1;8;8490;2;1;1;6;13 Rue Chanzy;49,39751;4,701795
202300013347;6;2;2023;07:55;1;66;66213;2;9;2;3;38 Avenue Aristide Maillol;42,669121;2,831571
202300013348;5;2;2023;21:10;3;68;68278;1;1;2;6;A35 pk 103.900;47,748801;7,420398
202300013349;28;1;2023;07:25;3;45;45154;1;1;1;5;A10 PR 86 + 760;48,00629;1,847763
202300013350;4;2;2023;14:20;1;987;98757;2;1;1;7;Hakahau;-9,36438;-140,046878
202300013351;5;2;2023;10:30;1;988;98802;1;1;1;6;Lieu dit Haute Ouaménie - PR 88+308;-21,857117;165,962949
202300013352;5;2;2023;12:15;1;978;97801;2;3;1;6;R DE CONCORDIA;18,066907;-63,081436
202300013353;6;2;2023;08:00;1;29;29233;2;3;1;3;Rue du Couédic;47,87788307;-3,55273783
202300013354;6;2;2023;07:30;5;95;95355;2;1;1;6;Rue de Crosne;49,150916;1,787688
202300013355;20;1;2023;22:35;3;34;34341;1;1;1;6;D158e3;43,48489;3,609803
202300013356;5;2;2023;22:40;5;84;84078;2;1;1;7;RN7;44,234058;4,711649
202300013357;5;2;2023;16:25;1;67;67520;1;1;2;7;Rue de la Papeterie;48,625867;7,423872
202300013358;5;2;2023;21:40;3;38;38377;1;4;1;3;Impasse de la ferme;45,576685;5,514134
202300013359;1;2;2023;17:20;1;79;79049;2;6;1;6;N/A;46,83976;-0,48885
202300013360;6;2;2023;09:40;1;50;50041;2;1;1;6;D37;49,595976;-1,774737
202300013361;4;2;2023;19:00;5;80;80485;2;1;1;3;21 Rue d'Amiens;49,77589;2,17599
202300013362;4;2;2023;15:10;1;13;13106;1;1;1;3;A517 G- Liaison A7 vers A51;43,40248;5,35641
202300013363;5;2;2023;16:30;1;13;13213;1;1;1;3;A507 sens Aubagne- Marseille;43,32286571;5,42302103
202300013364;4;2;2023;22:00;3;1;1275;1;1;1;7;A42  4.020 A 4.353   GEN/LYON;45,80777;4,92867
202300013365;4;2;2023;11:40;1;69;69273;1;1;1;4;Boulevard Urbain Sud;45,6809754;4,89141479
202300013366;4;2;2023;13:55;1;67;67482;1;9;1;4;M35;48,59003;7,73188
202300013367;17;10;2023;08:45;1;92;92035;2;1;1;3;République ( boulevard de la );48,90665091;2,24627137
202300013368;5;2;2023;17:50;2;94;94034;1;1;1;2;A86;48,76020129;2,32061692
202300013369;5;2;2023;07:50;2;78;78090;1;1;1;6;A13Y;48,97037;1,90638
202300013370;17;10;2023;18:40;1;92;92025;2;1;1;6;PROGRES (RUE DU);48,9288887;2,26194799
202300013371;4;2;2023;20:10;3;92;92064;1;1;1;2;A13;48,8382291;2,19103797
202300013372;4;2;2023;18:35;5;92;92025;1;1;1;2;A86;48,9324074;2,24852678
202300013373;19;10;2023;20:20;5;92;92060;2;2;2;7;FOSSE BAZIN (RUE DE LA);48,78577808;2,27480534
202300013374;5;2;2023;12:00;1;92;92078;1;1;1;7;AUTOROUTE A86;48,92763153;2,33315814
202300013375;19;10;2023;13:45;1;92;92004;2;1;1;3;ARGENTEUIL AV D';48,91955894;2,28017978
202300013376;4;2;2023;13:00;1;93;93005;1;1;8;2;AUTOROUTE A3;48,941457;2,47843623
202300013377;4;2;2023;18:15;1;75;75120;2;1;8;2;PORTE DE MONTREUIL;48,854377;2,414079
202300013378;20;10;2023;09:05;1;81;81131;1;2;8;3;Chemin de la Bouissounade;43,895554;1,968817
202300013379;4;2;2023;16:20;1;75;75113;2;1;8;2;PORTE DE GENTILLY;48,81641;2,345917
202300013380;19;10;2023;20:45;3;51;51270;1;1;2;5;D396;48,613324;4,563779
202300013381;4;2;2023;00:40;5;75;75119;2;7;1;3;PLACE RHIN ET DANUBE;48,881999;2,393293
202300013382;4;2;2023;18:15;5;75;75117;2;3;1;3;BOULEVARD DES BATIGNOLLES;48,882355;2,320981
202300013383;20;10;2023;08:15;2;91;91340;2;1;2;2;Rue du Bois Chaland;48,605589;2,430747
202300013384;4;2;2023;10:45;1;75;75117;2;2;2;7;AVENUE DE WAGRAM;48,875124;2,295984
202300013385;20;10;2023;08:45;1;43;43185;1;1;2;1;La Fumade;45,415669;3,296038
202300013386;4;2;2023;19:10;5;75;75104;2;2;1;3;RUE MORNAY;48,849507;2,365647
202300013387;4;2;2023;08:16;1;94;94078;2;3;1;1;Av de l’Appel du 18 Juin 1940 / Rue Louis Armand;48,760461;2,443019
202300013388;20;10;2023;08:25;1;57;57629;1;1;2;1;route départementale 43;48,767321;7,067031
202300013389;4;2;2023;17:55;3;94;94079;2;1;2;2;Avenue Auguste Rodin;48,83466;2,54944
202300013390;20;10;2023;00:05;3;71;71543;1;1;3;2;A6 Pk 356+800 Sens PARIS-LYON;46,56462;4,895871
202300013391;4;2;2023;09:35;1;93;93070;2;3;2;3;Boulevard Jean Jaurès / Rue du Docteur Bauer;48,91256404;2,33464032
202300013392;4;2;2023;14:30;1;93;93048;2;2;2;3;Avenue Ferdinand Buisson / Rue des Rigondes;48,87358;2,43369
202300013393;18;10;2023;21:00;5;85;85233;2;1;1;3;91 Avenue des érables;46,525741;-1,068506
202300013394;4;2;2023;09:55;1;93;93029;2;3;2;6;Rue Anatole France / Rue Sedaine;48,92842;2,45223
202300013395;4;2;2023;11:15;1;92;92064;2;1;2;6;REPUBLIQUE;48,8443594;2,20842227
202300013396;20;10;2023;07:00;2;83;83130;2;9;2;1;Route départementale 554;43,196289;6,039774
202300013397;4;2;2023;13:30;1;92;92062;2;9;2;6;REPUBLIQUE (RUE DE LA) DU 102 AU 200;48,88474;2,23964
202300013398;4;2;2023;19:45;5;92;92012;2;1;1;6;RHIN ET DANUBE (ROND POINT);48,84048654;2,22860831
202300013399;3;2;2023;14:30;1;31;31282;2;1;1;1;74 Route de Bessières;43,677073;1,447103
202300013400;17;1;2023;17:15;5;62;62851;2;1;1;6;D182;50,591004;2,70276
202300013401;20;10;2023;13:00;1;83;83140;1;3;1;6;D1;43,407285;5,899411
202300013402;3;2;2023;22:15;5;971;97132;1;1;2;5;route nationale 1;15,986765;-61,617497
202300013403;19;10;2023;17:05;1;31;31157;2;1;1;6;32 Rue Alfred Sauvy;43,534561;1,355529
202300013404;4;2;2023;12:30;1;42;42032;2;1;1;2;166 Rue du Grand Chemin;45,521355;4,54011
202300013405;19;10;2023;17:55;1;59;59631;1;1;1;7;D960;50,070415;3,334557
202300013406;4;2;2023;14:25;1;95;95527;2;1;1;3;RD 317;49,02477584;2,49922924
202300013407;5;2;2023;10:45;1;56;56231;1;1;1;6;N/A;47,67218;-2,70492
202300013408;20;10;2023;07:15;3;82;82134;2;1;1;1;D115;44,071824;1,521049
202300013409;4;2;2023;15:00;1;56;56008;2;1;1;6;17bis Rue du Gréo;47,618868;-2,91581
202300013410;5;2;2023;16:30;1;82;82192;1;4;1;6;Route départementale 87 / chemin de la rivière;43,924991;1,525962
202300013411;12;10;2023;20:10;3;33;33026;1;1;1;1;Route du Moulias;44,490827;-0,451748
202300013412;5;2;2023;14:15;1;32;32464;1;1;1;6;nationale 21 PK 95+500;43,415632;0,224082
202300013413;4;2;2023;14:55;1;63;63418;1;1;1;6;lieu dit goutte mercier;45,77851162;3,47935081
202300013414;4;2;2023;18:45;5;42;42302;2;1;1;6;Avenue Antony Barrallon;45,484801;4,449334
202300013415;4;2;2023;10:25;1;47;47100;1;3;1;3;D13;44,259462;0,640512
202300013416;19;10;2023;07:45;4;71;71263;2;3;2;6;3 Rue d'Alsace;46,629967;5,226166
202300013417;4;2;2023;19:45;3;35;35095;1;1;1;6;N/A;48,553461;-1,758413
202300013418;5;2;2023;14:25;1;13;13010;1;1;6;1;route de la gare;43,896957;4,778656
202300013419;4;2;2023;20:00;3;26;26229;1;1;1;6;D5, PK 5 + 200;44,245829;5,229578
202300013420;4;2;2023;08:30;1;14;14326;1;1;1;1;4495 Route de Cormeilles;49,173343;0,301073
202300013421;6;10;2023;14:56;1;63;63003;1;9;1;3;d906;45,549591;3,745486
202300013422;4;2;2023;08:10;2;64;64411;1;1;1;1;Route Départementale 918 Point Repère 074+000;43,201258;-1,013392
202300013423;5;2;2023;16:00;1;18;18176;1;1;1;7;;47,275907;2,545724
202300013424;4;2;2023;06:00;3;40;40117;1;9;5;6;D824;43,792302;-0,445311
202300013425;3;2;2023;18:10;1;17;17365;1;1;1;1;D910bis;45,233863;-0,195105
202300013426;19;10;2023;08:40;1;35;35207;1;2;1;3;Les Patissiaux;48,079439;-1,478715
202300013427;4;2;2023;09:40;1;87;87051;1;1;8;6;Puy Guillaume;45,646306;1,57392
202300013428;4;2;2023;00:50;3;30;30008;1;1;1;6;D16;44,196889;4,227992
202300013429;18;10;2023;08:30;2;35;35207;1;1;2;7;Les Hautes Babinais;48,089011;-1,514785
202300013430;4;2;2023;23:45;3;8;8363;1;1;2;6;;49,94509256;4,6412226
202300013431;4;2;2023;11:15;1;987;98734;1;1;1;6;PK 39+500 coté Mer;-17,774823;-149,472857
202300013432;15;1;2023;22:00;5;971;97103;1;1;1;1;Rue Thomas Edison;16,253355;-61,566846
202300013433;4;2;2023;16:21;1;13;13018;1;1;1;1;Autoroute A7, PK 201+500, sens MARSEILLE-LYON;43,876688;4,941155
202300013434;18;10;2023;16:50;1;35;35010;1;3;9;2;pont galou;48,544796;-1,709946
202300013435;4;2;2023;13:55;1;988;98831;1;9;1;1;RT1;-20,843371;164,569791
202300013436;4;2;2023;17:55;1;988;98825;1;1;2;7;RT1;-21,285336;165,0051
202300013437;20;10;2023;11:25;1;31;31202;1;1;2;1;1875 Route de Grisolles;43,841852;1,362561
202300013438;4;2;2023;19:38;3;95;95658;1;1;8;6;RD 14;49,07726512;1,94468614
202300013439;4;2;2023;18:30;3;95;95177;1;1;8;5;RD 915;49,12090436;2,02695558
202300013440;5;2;2023;02:10;3;2B;2B193;1;1;9;7;caporalino;42,369107;9,182741
202300013441;4;2;2023;14:00;1;11;11429;1;1;1;6;RD 620 La Mijeanne;43,245855;2,391409
202300013442;19;10;2023;21:00;3;38;38184;1;3;1;3;route departementale 1006;45,665897;5,091621
202300013443;4;2;2023;22:30;3;68;68147;1;1;1;2;D1b;48,175416;7,32316
202300013444;19;10;2023;17:40;1;3;3254;1;1;8;6;D35;46,281104;3,268481
202300013445;31;1;2023;20:15;3;67;67192;1;1;1;1;D 82;48,345853;7,61665
202300013446;20;10;2023;15:20;1;66;66049;2;1;1;1;N/A;42,501475;2,761306
202300013447;4;2;2023;16:45;1;73;73213;1;1;1;3;D1006;45,57177;5,958261
202300013448;4;2;2023;19:30;3;42;42168;1;1;1;6;Vaubertrand;45,427646;4,661717
202300013449;4;2;2023;21:25;3;1;1027;1;1;1;2;RD1084 PK15;45,850064;5,096717
202300013450;5;2;2023;13:50;1;69;69243;2;1;1;6;5 avenue Jean jaurès;45,893275;4,437833
202300013451;5;2;2023;01:20;3;69;69159;1;1;1;7;Route de la Maladiere;45,974165;4,624332
202300013452;19;10;2023;15:25;1;14;14761;2;3;3;1;12 Route de Saint Pierre sur Dives;49,119627;-0,195597
202300013453;5;2;2023;13:05;1;33;33073;1;3;1;5;RD 136E3;45,245442;-0,642539
202300013454;20;10;2023;09:17;1;36;36052;1;2;8;3;N/A;46,95397287;2,06190392
202300013455;5;2;2023;17:30;1;50;50564;1;1;1;6;D297;49,230945;-1,304911
202300013456;5;2;2023;06:15;3;50;50298;1;1;2;6;D903;49,287151;-1,298093
202300013457;5;2;2023;17:20;1;22;22136;1;1;1;1;La Besliere;48,180824;-2,723215
202300013458;20;10;2023;17:50;1;17;17292;1;2;3;2;D739;45,963292;-0,749956
202300013459;5;2;2023;09:30;1;60;60342;1;1;2;2;D1016;49,29652761;2,4523762
202300013460;19;10;2023;08:10;1;17;17466;1;1;1;7;N11;46,214741;-0,991194
202300013461;4;2;2023;17:10;1;59;59084;1;2;1;1;2515 Rue du Mont du Pil;50,687459;2,36912
202300013462;18;10;2023;12:30;1;37;37050;2;1;3;6;14 Rue Charles Coulomb;47,336065;0,700917
202300013463;3;2;2023;12:30;1;13;13211;1;1;1;4;A50-Sens Marseille vers Aubagne;43,29468737;5,46455936
202300013464;31;1;2023;15:20;1;69;69271;1;1;1;4;Rocade Est;45,75274124;4,98558693
202300013465;4;2;2023;18:00;3;91;91589;1;1;1;2;AUTOROUTE A6;48,67261;2,34418
202300013466;20;10;2023;22:45;3;988;98805;2;1;1;6;VE2;-22,195233;166,446347
202300013467;4;2;2023;18:15;3;91;91434;1;1;1;3;AUTOROUTE A6;48,6698;2,34955
202300013468;4;2;2023;10:00;1;94;94037;1;1;2;4;A6A;48,81567897;2,33682579
202300013469;20;10;2023;14:15;1;31;31571;1;2;8;1;D20;43,597266;1,77029
202300013470;4;2;2023;00:33;3;78;78646;1;1;1;6;RN12;48,792408;2,073354
202300013471;10;10;2023;22:20;3;84;84081;1;1;1;6;Autoroute A7;43,925655;4,913313
202300013472;3;2;2023;21:50;5;92;92062;1;1;1;4;RN1014 W;48,88818802;2,24926628
202300013473;4;2;2023;15:00;1;93;93066;1;1;2;5;AUTOROUTE A1;48,92207;2,35707
202300013474;20;10;2023;04:00;4;62;62426;1;1;2;4;A1;50,23576564;2,85470444
202300013475;4;2;2023;14:50;1;95;95127;1;1;1;4;A15;49,04122122;2,08079948
202300013476;4;2;2023;14:00;1;93;93027;1;1;2;6;BDL;48,92684;2,40341
202300013477;20;10;2023;18:10;3;988;98803;1;1;1;1;RT3;-21,461177;165,488091
202300013478;4;2;2023;04:40;3;95;95018;1;1;1;2;A15;48,95967623;2,27188361
202300013479;19;10;2023;15:30;1;973;97311;2;1;1;1;2200 Avenue Gaston Monnerville;5,493087;-54,009508
202300013480;3;2;2023;19:50;3;95;95277;1;1;1;4;A3;48,97369139;2,48648286
202300013481;3;2;2023;23:20;5;6;6030;2;1;1;6;SADI CARNOT (BOULEVARD);43,57283;7,01639
202300013482;20;10;2023;08:48;1;971;97106;2;1;1;3;N2;16,16105;-61,774294
202300013483;2;2;2023;13:24;1;51;51108;2;1;8;6;Rue Emile Schmit;48,96771902;4,35806125
202300013484;3;2;2023;09:20;1;988;98818;2;6;1;2;ROND POINT PAPEETE;-22,24653;166,4479
202300013485;19;10;2023;10:30;1;972;97228;1;1;1;1;N1;14,804934;-61,009564
202300013486;3;2;2023;11:30;1;974;97411;2;6;1;3;DORET 1 (BOULEVARD);-20,89016;55,46145
202300013487;2;2;2023;07:20;1;974;97411;2;9;1;3;PARIS (RUE DE);-20,88551;55,45099
202300013488;19;10;2023;14:27;1;91;91111;2;2;1;3;D97;48,62108;2,116992
202300013489;2;2;2023;17:25;1;974;97407;1;9;2;2;ROUTE DU SACRE COEUR;-20,95301;55,30693
202300013490;23;9;2023;10:45;1;66;66180;2;1;1;6;N/A;42,7736;3,012732
202300013491;3;2;2023;18:20;2;973;97302;2;9;2;3;FELIX EBOUE(ROCADE);4,93041;-52,31408
202300013492;3;2;2023;09:45;1;973;97302;2;1;1;6;HEDER (place);4,94144761;-52,33238161
202300013493;19;10;2023;19:40;3;13;13081;1;1;2;5;D21;43,493402;5,214354
202300013494;3;2;2023;17:15;1;69;69386;2;2;1;4;Avenue Maréchal Foch;45,77247;4,84311
202300013495;3;2;2023;10:15;1;69;69387;2;1;1;3;64 Rue de Marseille;45,75022;4,83911
202300013496;3;2;2023;20:30;5;69;69034;2;1;1;6;Chemin  Petit;45,80413;4,86027
202300013497;17;10;2023;08:22;1;13;13041;1;1;1;4;D6;43,457712;5,463556
202300013498;3;2;2023;05:45;5;69;69202;2;1;1;6;33 Boulevard de l'Europe;45,74744;4,79659
202300013499;3;2;2023;10:20;1;971;97120;2;1;1;6;MORTENOL;16,24095;-61,53018
202300013500;20;10;2023;17:25;1;25;25032;2;1;8;4;Route de Rougemont;47,377811;6,377939
202300013501;3;2;2023;19:15;5;95;95585;2;3;1;6;Boulevard du Docteur Galvani;48,99616119;2,37127125
202300013502;18;10;2023;13:00;1;68;68265;2;4;2;7;Rue de Mulhouse;47,650242;7,37795
202300013503;3;2;2023;09:00;1;91;91645;2;9;8;3;PARON (RUE DE);48,74614;2,26683
202300013504;3;2;2023;00:05;5;91;91174;2;1;1;3;RUE DE PARIS;48,6044;2,46828
202300013505;18;10;2023;09:30;1;67;67300;2;3;1;2;2 Route Industrielle de la Hardt;48,537309;7,501334
202300013506;2;2;2023;07:52;1;87;87065;2;3;1;2;AUTOROUTE A20;45,80815;1,29909
202300013507;1;2;2023;11:21;1;87;87085;2;3;2;3;SAINT MARTIAL (QUAI);45,82188;1,2641
202300013508;19;10;2023;10:15;1;57;57645;1;7;1;6;Voie Romaine;49,19835654;6,14952207
202300013509;2;2;2023;13:30;1;84;84007;2;1;1;1;COLCHESTER (Avenue de);43,94183;4,82742
202300013510;20;10;2023;14:20;1;57;57155;1;1;8;1;D603;49,111938;6,373599
202300013511;20;10;2023;07:30;5;57;57620;2;1;3;6;Rue de Briey;49,195229;5,998245
202300013512;3;2;2023;19:23;5;83;83126;2;1;1;1;RABIN(ROND POINT YITZHAK;43,11161;5,8632
202300013513;3;2;2023;21:30;5;83;83061;2;1;1;6;AVENUE MARÉCHAL DE LATTRE DE TASSIGNY;43,431799;6,751452
202300013514;22;1;2023;02:40;5;80;80001;2;1;9;6;PORT (du);50,112752;1,824151
202300013515;20;10;2023;16:40;1;26;26235;1;2;3;3;Chemin de Sérignan;44,361595;4,679806
202300013516;3;2;2023;14:15;1;78;78440;2;6;1;3;GYMNASE PIERRE DE COUBERTIN;48,996869;1,913191
202300013517;3;2;2023;17:40;5;77;77139;2;1;1;3;RUE AIME FLUTTAZ;48,91247;2,59513
202300013518;19;10;2023;08:30;1;69;69175;1;3;2;3;Route Départementale 389;45,79814594;4,58848475
202300013519;3;2;2023;07:50;2;77;77350;1;3;1;3;D471 / D350;48,75637611;2,70515746
202300013520;3;2;2023;05:40;2;77;77210;1;1;1;1;D605;48,425113;2,908064
202300013521;4;2;2023;00:30;3;77;77209;2;1;1;7;D35A;48,86079;2,69399
202300013522;19;10;2023;10:02;1;81;81039;2;3;1;6;Place de la Mairie;43,751428;1,907989
202300013523;3;2;2023;06:25;3;73;73065;1;1;1;6;D211 rue de Montagny;45,59903;5,92487
202300013524;3;2;2023;13:25;1;72;72181;2;1;1;6;OYON ALEXANDRE (BD);47,99419;0,19238