Num_Acc;jour;mois;an;hrmn;lum;dep;com;agg;int;atm;col;adr;lat;long
202300013525;3;2;2023;20:20;5;69;69029;2;3;1;1;36 Avenue Franklin Roosevelt;45,73752227;4,89632204
202300013526;20;10;2023;15:21;1;81;81031;1;1;2;5;D622;43,6287971;2,4171976
202300013527;3;2;2023;12:45;1;69;69259;2;3;1;2;11 Avenue Marcel Paul;45,70063;4,88132
202300013528;19;10;2023;20:00;3;19;19098;1;1;3;1;D1120;45,17611058;1,85624602
202300013529;2;2;2023;11:10;1;66;66136;2;1;1;6;;42,69785916;2,93596208
202300013530;19;10;2023;21:00;5;19;19101;1;1;2;7;Avenue du Mas;45,249679;1,784356
202300013531;2;2;2023;08:50;1;66;66141;1;6;1;3;;42,729331;2,91641
202300013532;3;2;2023;19:10;5;64;64545;2;9;1;3;RD810;43,37449;-1,679
202300013533;2;2;2023;07:45;2;64;64122;2;1;1;6;22 Avenue de Verdun;43,481768;-1,556359
202300013534;19;10;2023;11:28;1;19;19098;1;1;2;1;D1120;45,17611058;1,85624602
202300013535;3;2;2023;18:20;5;62;62133;2;1;1;7;D46;50,413627;2,908149
202300013536;3;2;2023;09:30;1;61;61001;2;1;1;7;PLANCHES (CHEMIN DES);48,438;0,06627
202300013537;19;10;2023;19:05;3;33;33104;1;1;3;6;D1215;44,974453;-0,823889
202300013538;3;2;2023;07:29;5;60;60057;2;1;2;3;Boulevard de l'Assaut;49,43486393;2,08885074
202300013539;3;2;2023;08:45;1;59;59512;2;8;1;3;DOUAI (BOULEVARD DE);50,68126;3,16792
202300013540;30;1;2023;07:30;5;59;59009;2;1;1;6;RECHERCHE RUE DE LA;50,64925;3,15834
202300013541;4;2;2023;22:45;5;59;59122;2;1;8;6;HUGO (AVENUE VICTOR);50,17615;3,25315
202300013542;19;10;2023;09:15;1;33;33380;1;2;8;3;D23 PR 19+700;45,28064046;-0,46147272
202300013543;3;2;2023;18:47;5;54;54357;2;1;2;6;Avenue de Metz;48,70852;6,16688
202300013544;20;10;2023;11:15;1;14;14762;2;3;8;6;3 Avenue du General de Gaulle;48,842398;-0,889125
202300013545;3;2;2023;16:30;1;54;54395;2;2;1;3;SAINT DIZIER (RUE 82 ET 113 A FIN);48,6868;6,1854
202300013546;2;2;2023;22:30;5;54;54395;2;2;2;2;LOBAU (BOULEVARD);48,68955;6,19382
202300013547;18;10;2023;18:10;2;27;27501;1;1;2;1;d57;49,06127;1,361017
202300013548;2;2;2023;18:09;5;54;54395;2;2;8;3;LOBAU (BOULEVARD);48,691782;6,192998
202300013549;19;10;2023;19:30;3;13;13043;1;1;2;5;A55-Sens Martigues vers Marseille;43,38348165;5,23054559
202300013550;3;2;2023;12:10;1;51;51454;2;2;2;6;rue Colbert;49,25612462;4,03349787
202300013551;2;2;2023;21:50;3;49;49015;2;1;1;6;D775;47,51248;-0,6183
202300013552;15;10;2023;13:00;1;69;69290;1;1;1;3;Autoroute 43;45,71854;4,9378
202300013553;3;2;2023;15:35;1;48;48095;2;3;1;1;HUIT MAI 1945 (AVENUE DU);44,52308;3,49547
202300013554;3;2;2023;13:15;1;43;43157;2;1;1;2;AIGUILHE (AVENUE D');45,04733;3,88022
202300013555;18;10;2023;07:45;4;33;33448;1;1;2;4;AUTOROUTE A 62;44,72173713;-0,5232802
202300013556;19;10;2023;09:50;1;91;91521;1;1;8;3;AUTOROUTE A6;48,63875;2,39591
202300013557;2;2;2023;16:00;1;41;41018;2;6;1;7;CAP CINE (ROND POINT);47,61091;1,33886
202300013558;18;10;2023;20:30;3;95;95500;1;1;2;3;A15;49,03717;2,09074
202300013559;2;2;2023;19:40;5;39;39198;2;1;1;6;1 Rue Maurice Pagnon;47,086685;5,484147
202300013560;18;10;2023;20:55;5;93;93066;1;1;2;3;AUTOROUTE A1;48,91913;2,3572
202300013561;19;10;2023;08:35;1;92;92036;1;1;1;3;AUTOROUTE A86;48,93837004;2,30014011
202300013562;19;10;2023;09:30;1;95;95582;1;1;1;6;A15;48,963424;2,264711
202300013563;19;10;2023;05:20;3;95;95582;1;1;2;6;A15;48,970308;2,249598
202300013564;18;10;2023;17:00;1;95;95572;1;1;2;4;A15;49,03189623;2,11539388
202300013565;18;10;2023;10:00;1;93;93078;1;1;1;3;AUTOROUTE A104;48,96300436;2,52239723
202300013566;19;10;2023;09:00;1;77;77373;1;1;1;6;RN104;48,79932574;2,62419184
202300013567;19;10;2023;06:20;2;77;77373;1;1;2;6;RN104;48,764234;2,61541914
202300013568;18;10;2023;23:30;3;77;77337;1;1;2;6;RN104;48,82902097;2,61865052
202300013569;18;10;2023;16:50;1;94;94052;1;1;2;2;A86;48,83736648;2,49419421
202300013570;19;8;2023;16:25;1;69;69387;2;2;1;3;Rue Saint Michel;45,75239;4,84434
202300013571;19;8;2023;18:50;1;6;6069;2;1;1;1;MADELEINE;43,65779;6,93114
202300013572;2;8;2023;22:13;3;32;32365;1;1;2;7;D 139;43,345686;0,636263
202300013573;18;10;2023;07:15;1;974;97416;1;1;1;3;ANCIENNE RN 1;-21,32384;55,4453
202300013574;18;10;2023;06:00;2;974;97407;2;6;1;6;COMPAGNIE DES INDES (BD DE LA) ;-20,94534;55,32575
202300013575;17;10;2023;15:37;1;973;97302;2;3;1;3;MANDARINES(RUE DES);4,93142797;-52,32467562
202300013576;20;8;2023;21:23;5;973;97302;2;1;1;6;FELIX EBOUE (Rue);4,93698896;-52,3278527
202300013577;20;8;2023;10:20;1;973;97302;2;4;1;7;CABASSOU (ROUTE DE);4,91755;-52,31286
202300013578;18;10;2023;11:25;1;69;69383;2;3;2;6;Rue d'Aubigny;45,76133;4,86409
202300013579;18;10;2023;19:01;5;2B;2B033;2;2;1;3;MIOT - RUE;42,69918;9,45118
202300013580;18;10;2023;08:50;1;971;97113;2;1;1;6;GENERAL DE GAULLE (AVENUE);16,20618;-61,49213
202300013581;15;10;2023;04:20;3;971;97101;1;1;1;2;RN5-BOISRIPEAUX;16,30518;-61,49221
202300013582;13;10;2023;13:11;1;971;97101;2;4;1;3;ACHILLE RENE BOISNEUF (RUE);16,27060343;-61,50547206
202300013583;8;10;2023;00:10;3;971;97113;1;1;1;2;RN4 - SECTION RIVIERA;16,21854;-61,50663
202300013584;17;10;2023;17:43;1;87;87085;2;6;1;7;ETOILE DE FONTAURY (RUE DE L');45,84349;1,263
202300013585;18;10;2023;23:16;5;81;81004;1;6;1;7;TEILLET (RTE DE);43,91866;2,18053
202300013586;17;10;2023;19:45;5;80;80021;1;1;1;2;FRANKLIN ROOSEVELT (RUE);49,91802;2,29288
202300013587;17;10;2023;06:04;3;77;77450;1;1;1;1;RD 316;48,70692;2,59631
202300013588;18;10;2023;12:45;1;77;77449;2;3;1;7;BD LA MERIDIENNE;48,85099;2,7869
202300013589;18;10;2023;18:45;2;76;76498;2;1;6;3;Boulevard Charles de Gaulle;49,4225;1,06638
202300013590;18;10;2023;09:15;1;76;76351;2;2;2;7;JEAN CHARCOT;49,49853;0,10079
202300013591;18;10;2023;07:50;2;74;74012;2;1;1;3;EUROPE (AVENUE DE L');46,178743;6,236536
202300013592;18;10;2023;14:15;1;74;74010;2;3;1;6;BROGNY (AVENUE DE) (SECTEUR 110);45,9054;6,12613
202300013593;18;10;2023;11:15;1;72;72181;2;9;2;3;GAULLE GENERAL DE (AV DU);48,00391;0,20259
202300013594;18;10;2023;07:50;4;72;72181;2;9;2;3;JAURES JEAN (AV) N° IMP 35 A 179;47,99146;0,20573
202300013595;17;10;2023;07:40;2;71;71486;1;1;1;3;RD 974;46,65078;4,33937
202300013596;13;10;2023;22:51;3;70;70550;2;1;6;7;KENNEDY (BOULEVARD);47,63223;6,16181
202300013597;18;10;2023;22:41;5;69;69256;2;1;2;3;155 Avenue Gabriel Péri;45,77199487;4,91095329
202300013598;18;10;2023;20:20;5;69;69266;2;3;3;2;Rue des Antonins;45,77915134;4,87902508
202300013599;18;10;2023;14:50;1;68;68224;2;3;8;3;BRUNSTATT (RUE DE);47,73781;7,31784
202300013600;18;10;2023;15:35;1;64;64189;2;1;1;2;JAURES JEAN  (AVENUE);43,38097;-1,66824
202300013601;18;10;2023;07:20;5;64;64102;2;6;2;2;SAINT BERNARD (CHEMIN DE);43,50052;-1,4812
202300013602;18;10;2023;09:03;1;63;63300;2;1;2;6;STADE (AVENUE DU);45,88600406;3,12030762
202300013603;18;10;2023;18:22;1;61;61001;2;1;1;6;Voie Communale;48,4384;0,10452
202300013604;17;10;2023;16:35;1;59;59339;1;1;1;6;EUROPE (AVENUE DE L');50,68039;3,22394
202300013605;18;10;2023;18:57;3;59;59368;2;1;2;6;DOUMER PAUL RUE;50,6489;3,07207
202300013606;17;10;2023;07:05;5;56;56098;2;6;2;3;Avenue du Président Salvador Allende;47,76301;-3,32863
202300013607;17;10;2023;15:40;1;54;54273;2;2;7;6;Rue de Verdun;49,16478;5,86541
202300013608;18;10;2023;18:50;5;51;51454;2;1;2;1;VAL DE VESLE (BOULEVARD);49,22993;4,06638
202300013609;17;10;2023;08:14;1;49;49246;2;2;1;3;PASTEUR;47,42868;-0,52771
202300013610;17;10;2023;14:05;1;49;49007;2;2;1;6;DE LATTRE DE TASSIGNY;47,45257;-0,54055
202300013611;17;10;2023;07:35;1;49;49015;2;3;1;1;ETANG ROUTE;47,51389;-0,61568
202300013612;18;10;2023;12:20;1;47;47001;2;1;2;2;BARBUSSE (AV. HENRI);44,20655;0,63626
202300013613;17;10;2023;13:10;1;46;46042;1;1;1;3;Côte de la Marchande;44,41217;1,46776
202300013614;18;10;2023;09:10;1;45;45004;2;6;1;3;Rue de Couleuvreux;47,98660637;2,7691108
202300013615;18;10;2023;12:20;1;37;37261;2;2;2;3;MIRABEAU (PONT);47,39778;0,6995
202300013616;18;10;2023;18:05;1;35;35055;2;1;1;6;BONNIN ANDRE (AVENUE);48,08681853;-1,61594778
202300013617;18;10;2023;09:00;1;35;35281;2;3;3;3;TILLION (AVENUE GERMAINE);48,09441;-1,70568
202300013618;18;10;2023;08:05;2;35;35238;2;5;3;3;ROOSEVELT (BD FRANKLIN);48,09725;-1,6578
202300013619;18;10;2023;21:07;5;33;33522;2;6;1;2;Rue Pacaris;44,79659;-0,57948
202300013620;18;10;2023;06:43;5;33;33249;2;1;2;3;Chemin de Lissandre;44,86356005;-0,53715698
202300013621;18;10;2023;07:45;2;25;25462;2;3;8;1;ARMEE DE L'EST (AVENUE DE L');46,89416;6,3645
202300013622;18;10;2023;15:00;1;13;13103;2;3;1;6;CRS HUGO - VICTOR;43,64149;5,09704
202300013623;18;10;2023;21:40;5;13;13211;2;2;1;3;MAZENODE (AVENUE);43,28994;5,42612
202300013624;18;10;2023;19:30;2;13;13075;2;1;1;2;FREDERIC MISTRAL (AVE);43,35051137;5,47091228
202300013625;18;10;2023;11:00;1;13;13215;2;4;1;6;MADRAGUE VILLE (chemin de la);43,32605;5,36119
202300013626;18;10;2023;23:40;5;11;11069;2;3;1;3;N/A;43,22308;2,36002
202300013627;18;10;2023;14:40;1;6;6069;2;3;2;4;SANTON (CHEMIN DU);43,639496;6,9494787
202300013628;18;10;2023;11:50;1;6;6004;2;1;8;6;Boulevard Albert 1er;43,5792418;7,1220162
202300013629;18;10;2023;11:10;1;4;4070;2;1;1;6;GAMBETTA (BD);44,087;6,22831
202300013630;18;10;2023;17:45;1;1;1053;2;1;2;2;avenue de bad kreuznach;46,2145;5,2429
202300013631;18;10;2023;09:50;1;75;75119;2;1;1;6;AVENUE DE FLANDRE;48,886466;2,371428
202300013632;18;10;2023;18:50;5;75;75116;2;3;2;3;RUE LE MAROIS;48,83879398;2,26132751
202300013633;18;10;2023;10:20;1;75;75115;2;2;1;3;RUE DE LA CROIX NIVERT;48,84119;2,291805
202300013634;18;10;2023;15:00;1;75;75113;2;2;3;6;BOULEVARD KELLERMANN;48,821013;2,350756
202300013635;18;10;2023;20:25;5;75;75111;2;2;1;6;RUE DU CHEMIN VERT;48,857792;2,370931
202300013636;18;10;2023;12:00;1;75;75120;2;1;1;6;BOULEVARD DE CHARONNE;48,857702;2,392276
202300013637;18;10;2023;17:30;1;75;75110;2;3;2;6;BOULEVARD DE STRASBOURG;48,870612;2,355016
202300013638;18;10;2023;17:10;2;75;75110;2;7;2;2;BOULEVARD DE MAGENTA;48,868495;2,362983
202300013639;18;10;2023;13:10;1;75;75110;2;3;2;3;BOULEVARD DE STRASBOURG;48,870605;2,355001
202300013640;18;10;2023;09:10;1;75;75110;2;1;1;6;RUE DU FAUBOURG SAINT MARTIN;48,876804;2,361025
202300013641;18;10;2023;19:50;5;75;75109;2;2;2;6;RUE LA FAYETTE;48,873624;2,335346
202300013642;18;10;2023;14:20;1;75;75109;2;2;3;6;RUE DE LA CHAUSSEE D ANTIN;48,875261;2,332291
202300013643;17;10;2023;10:20;1;75;75107;2;2;1;4;AVENUE DE VILLARS;48,85177393;2,313844
202300013644;18;10;2023;18:50;1;94;94074;2;1;2;2;Avenue Henri Barbusse;48,77125;2,44026
202300013645;18;10;2023;09:40;1;94;94078;2;1;1;3;Place Pierre Semard;48,729242;2,44713
202300013646;18;10;2023;07:35;5;94;94074;2;1;1;2;Rue Salvador Allende;48,751357;2,461364
202300013647;18;10;2023;19:00;5;94;94033;2;1;2;6;Avenue du Maréchal Joffre;48,85333;2,47588
202300013648;18;10;2023;12:35;1;94;94028;2;1;1;2;Route de Choisy;48,77701508;2,44166724
202300013649;18;10;2023;05:05;3;94;94028;2;1;1;6;Rue Monfray;48,79126;2,46526
202300013650;18;10;2023;08:40;1;94;94071;2;1;1;3;Rue de Villeneuve;48,7667;2,50886
202300013651;28;4;2023;14:47;1;37;37228;1;1;1;2;A85;47,256893;0,162553
202300013652;18;10;2023;12:40;1;93;93078;2;1;8;4;Boulevard Robert Ballanger;48,95629216;2,54134427
202300013653;16;4;2023;19:20;1;56;56033;1;2;1;3;D773;47,820633;-2,124041
202300013654;18;10;2023;12:40;1;93;93066;2;1;2;5;Rue Paul Eluard;48,94145;2,34243
202300013655;29;4;2023;03:30;3;56;56002;1;1;1;6;N/A;47,5558;-2,49632
202300013656;18;10;2023;20:00;5;93;93064;2;1;2;6;Rue Laënnec;48,877417;2,499015
202300013657;28;4;2023;13:00;1;76;76232;2;1;8;7;Rue des Wagands;49,797292;0,471425
202300013658;18;10;2023;19:18;5;93;93031;2;1;2;3;Avenue Joffre;48,96007;2,29869
202300013659;29;4;2023;16:10;1;76;76524;2;2;1;3;D50;49,751402;0,866324
202300013660;18;10;2023;07:10;5;93;93029;2;1;2;1;STALINGRAD (DE);48,91722;2,419676
202300013661;29;4;2023;02:17;3;80;80271;2;1;1;7;Rue d'Ecosse;50,012259;3,119039
202300013662;17;10;2023;16:40;1;93;93029;2;1;1;3;Avenue Henri Barbusse;48,92298;2,45779
202300013663;29;4;2023;09:40;1;65;65129;2;1;1;2;Route du Comminges;43,293153;0,518289
202300013664;17;10;2023;10:30;1;93;93029;2;3;1;2;Avenue Henri Barbusse / Rue du Docteur Albert Schweitzer;48,9234;2,45931
202300013665;28;4;2023;18:30;1;81;81128;1;4;1;1;Lacrouzette;43,65604435;2,36735031
202300013666;18;10;2023;11:20;1;92;92063;2;1;1;6;RICHELIEU (BOULEVARD);48,86959032;2,1854724
202300013667;28;4;2023;17:00;1;11;11262;1;1;1;7;N/A;43,163507;3,051517
202300013668;29;4;2023;01:15;3;63;63003;1;1;3;6;D65;45,5675852;3,71462591
202300013669;18;10;2023;10:30;1;92;92051;2;1;1;5;CHARLES DE GAULLE (AVENUE,N°118 A 192 +;48,88330756;2,26485443
202300013670;28;4;2023;21:45;5;63;63453;2;1;1;6;80 Avenue Jacques Duclos;45,786164;3,283961
202300013671;18;10;2023;03:00;5;92;92051;2;1;1;2;CHARLES DE GAULLE (AVENUE, N° 18 A 116);48,87955016;2,27702683
202300013672;29;4;2023;13:25;1;46;46317;1;1;2;7;Combarele;44,81034293;1,74710408
202300013673;18;10;2023;18:55;2;92;92048;2;1;2;3;rue du PETIT CLAMART;48,78203474;2,22628579
202300013674;29;4;2023;13:40;1;29;29273;1;9;1;3;Rue de la Plaine;48,694374;-4,0346
202300013675;18;10;2023;08:50;1;92;92035;2;2;8;3;Raymond Ridel ( rue );48,90493509;2,2536571
202300013676;29;4;2023;10:40;1;31;31143;1;1;2;7;D33l;43,05789;0,635329
202300013677;18;10;2023;17:05;2;92;92012;2;1;2;2;GENERAL LECLERC (AVENUE DU) 35/FIN - 60/;48,83070344;2,23440921
202300013678;28;4;2023;20:00;2;38;38343;1;2;1;1;Route du Bugey;45,54304;5,66227
202300013679;18;10;2023;13:55;1;92;92012;2;1;2;3;EDOUARD VAILLANT (AVENUE) 57/FIN - 58/FI;48,83368543;2,24398792
202300013680;28;4;2023;13:30;1;15;15187;2;1;1;1;4 Rue Baptiste Rozières;45,040141;3,070139
202300013681;18;10;2023;12:30;1;92;92012;2;2;8;4;GEORGES GORSE (QUAI);48,82607;2,23311
202300013682;28;4;2023;14:45;1;1;1374;1;2;1;3;intersection chemin des bordes - RD 1075;46,118611;5,29732
202300013683;17;10;2023;22:00;3;92;92004;2;1;1;2;AULAGNIER ( QUAI );48,91309373;2,30692363
202300013684;28;4;2023;11:35;1;70;70567;1;3;2;3;D96;47,545879;6,649298
202300013685;18;10;2023;06:30;5;92;92002;2;1;2;3;ADOLPHE PAJEAUD (RUE);48,74022403;2,28017235
202300013686;29;4;2023;16:35;1;54;54018;1;1;1;5;D643;49,278082;5,875211
202300013687;28;4;2023;15:40;1;72;72071;1;1;1;1;Rue Oscar Moneris;47,687919;0,450273
202300013688;19;10;2023;08:00;2;60;60590;1;3;8;4;D901;49,537554;1,997795
202300013689;24;4;2023;16:15;1;14;14716;1;2;1;1;720 Route des Vallées;49,18206924;-0,72347546
202300013690;10;9;2023;19:20;2;60;60387;2;1;1;3;Rue du Chauffour;49,577572;1,963227
202300013691;19;10;2023;10:40;1;63;63116;2;1;3;6;117 Avenue Etienne Clémentel;45,982263;3,08808
202300013692;28;4;2023;18:25;1;50;50378;1;2;1;3;D51;48,976471;-1,241241
202300013693;8;3;2023;22:30;3;40;40185;1;4;3;7;RD 111;43,595708;-0,367248
202300013694;18;10;2023;16:25;1;64;64410;2;3;1;5;Avenue du lac;43,378458;-0,602692
202300013695;29;4;2023;06:15;3;40;40197;1;1;1;6;D 38 - route des plages;44,036887;-0,962934
202300013696;29;4;2023;02:25;3;40;40062;2;1;1;6;CD 38;43,917537;-0,601555
202300013697;18;10;2023;07:08;3;1;1288;1;3;8;1;D984;46,199958;5,94988
202300013698;29;4;2023;15:10;1;85;85280;1;1;1;5;RD948;46,874854;-1,947879
202300013699;18;10;2023;17:15;1;22;22020;1;1;2;6;N12 PK 06.000;48,29252;-2,21602
202300013700;28;4;2023;15:20;1;30;30106;1;1;1;3;RD 982;43,979406;3,927999
202300013701;18;10;2023;18:45;5;974;97413;2;1;1;3;N1a;-21,231689;55,296487
202300013702;29;4;2023;19:30;1;8;8095;2;1;1;6;10 Route d?Omont;49,574539;4,710458
202300013703;11;10;2023;10:10;1;85;85109;2;1;2;7;15 Avenue des Sables;46,867644;-1,024958
202300013704;29;4;2023;15:45;1;8;8203;1;1;1;7;RD 28;49,68385;4,654952
202300013705;28;4;2023;09:54;1;57;57119;1;1;2;2;Route nationale 4 - PK 020+050;48,730266;7,07056
202300013706;26;4;2023;07:15;2;13;13114;1;1;7;1;Route de Berre;43,545908;5,333852
202300013707;29;4;2023;17:30;1;988;98825;1;1;1;6;RT1;-21,209409;164,89205
202300013708;19;10;2023;08:10;2;62;62870;1;1;2;1;D901;50,393418;1,727257
202300013709;29;4;2023;05:15;5;973;97305;2;3;1;2;Chemin Departemental 5;5,004356;-52,46226
202300013710;18;10;2023;11:00;1;77;77182;2;1;1;6;7 Avenue de la Maison Blanche;48,78178;3,296
202300013711;29;4;2023;03:40;4;971;97107;1;1;2;6;Poirier;16,087898;-61,563123
202300013712;19;10;2023;04:10;4;95;95056;2;2;1;3;D85;49,090281;2,368683
202300013713;29;4;2023;17:35;1;45;45082;1;2;1;3;D11 PR 10 + 471;47,883247;2,198553
202300013714;28;4;2023;22:55;3;77;77504;1;1;1;7;D218;48,287219;2,86534
202300013715;18;10;2023;17:00;1;56;56061;2;1;2;6;Rue du Relais Postal;47,763287;-2,129867
202300013716;19;10;2023;07:55;2;82;82165;1;1;1;3;Route du Gers;44,067985;0,869272
202300013717;18;10;2023;20:15;5;33;33490;2;3;1;3;Cours Georges Mandel;45,430639;-1,035086
202300013718;28;4;2023;16:33;1;30;30156;2;1;1;1;D135;43,875018;4,443307
202300013719;27;7;2023;18:50;1;81;81288;1;3;1;3;Route de Carcassonne;43,439305;2,034918
202300013720;29;4;2023;13:10;1;83;83101;1;1;1;3;Route des Plages;43,248551;6,646656
202300013721;19;10;2023;06:30;3;11;11195;1;2;2;2;N/A;43,277947;1,979749
202300013722;29;4;2023;00:20;3;38;38468;1;1;1;5;Autoroute A7 PK021.000 sens Nord / Sud;45,343308;4,807806
202300013723;18;10;2023;10:10;1;63;63258;2;1;8;1;Lieu Dit Giroux Gare;45,692425;3,594595
202300013724;28;4;2023;22:00;3;89;89067;1;1;1;1;N/A;47,983384;3,335558
202300013725;10;10;2023;22:15;3;49;49125;1;1;1;6;D69;47,214423;-0,277834
202300013726;29;4;2023;05:00;2;68;68063;2;3;1;1;Faubourg de Belfort;47,796139;7,172856
202300013727;29;4;2023;15:00;1;26;26173;1;1;1;6;Route de la Barberolle;44,970389;5,110896
202300013728;28;4;2023;22:05;3;26;26367;1;1;1;6;D538;44,376447;5,104566
202300013729;18;10;2023;14:47;1;22;22152;1;1;2;3;D786;48,770182;-3,268616
202300013730;29;4;2023;15:40;1;1;1043;2;1;1;7;277 Chemin de Grange Debout;45,832567;5,003495
202300013731;18;10;2023;16:15;1;25;25127;1;1;1;6;D464;47,20236;6,82214
202300013732;29;4;2023;12:35;1;1;1187;1;3;2;1;d55;46,108667;5,69514
202300013733;28;4;2023;15:30;1;69;69206;2;1;1;3;110 Rue de l’Industrie;46,053539;4,720688
202300013734;16;10;2023;07:45;2;38;38094;1;1;1;1;D502;45,485378;5,206041
202300013735;28;4;2023;18:55;1;31;31451;2;1;1;6;38 Avenue de Castelnaudary;43,455283;1,997259
202300013736;19;10;2023;09:26;1;26;26238;1;1;8;6;226 Route de Gap;44,389296;5,200819
202300013737;28;4;2023;19:42;1;33;33393;2;4;1;6;206 avenue de Paris;44,97352;-0,21558
202300013738;28;4;2023;17:00;1;14;14488;2;3;1;2;38 Rue de l'Yser;49,274679;-0,25319
202300013739;29;4;2023;06:00;2;35;35287;2;9;8;6;Pointe du Decolle;48,641962;-2,114262
202300013740;28;4;2023;22:45;3;27;27188;1;9;1;6;D321;49,29906;1,07864
202300013741;27;4;2023;13:35;1;83;83126;1;1;1;3;A50;43,11976;5,864349
202300013742;27;4;2023;07:15;1;33;33318;1;1;1;6;ROCADE A 630;44,7882;-0,63334
202300013743;27;4;2023;19:29;1;94;94034;1;1;1;3;A6B;48,75247446;2,33047185
202300013744;27;4;2023;20:30;2;91;91521;1;1;2;2;RN 104;48,634653;2,400793
202300013745;27;4;2023;17:30;1;91;91553;1;1;2;3;RN 104;48,62849;2,4806
202300013746;27;4;2023;14:17;1;91;91692;1;1;1;2;RN 118;48,68628;2,18985
202300013747;27;4;2023;20:20;1;78;78640;1;1;2;2;N118;48,772875;2,225378
202300013748;27;4;2023;20:25;2;78;78007;1;1;2;7;A13;48,90101;2,005071
202300013749;27;4;2023;22:15;3;93;93064;1;1;2;2;AUTOROUTE A3;48,88398;2,46943
202300013750;27;4;2023;19:00;1;95;95042;1;1;2;7;N104;49,06299;2,3258
202300013751;27;4;2023;13:35;1;93;93010;1;1;1;7;AUTOROUTE A3;48,88897465;2,47422427
202300013752;26;4;2023;22:00;3;93;93007;1;1;2;3;AUTOROUTE A1;48,94925302;2,44676549
202300013753;26;4;2023;17:40;1;93;93053;1;1;1;3;AUTOROUTE A86;48,90443;2,46555
202300013754;27;4;2023;16:15;1;77;77018;1;1;1;5;A4;48,835672;2,808302
202300013755;27;4;2023;13:50;1;94;94073;1;1;1;3;A86;48,75710948;2,38389571
202300013756;27;4;2023;10:00;1;75;75112;1;1;1;2;A86 EXT;48,81771331;2,45475769
202300013757;27;4;2023;22:00;3;47;47146;2;2;1;2;D242;44,430928;0,654293
202300013758;27;4;2023;18:12;1;86;86092;2;1;1;6;les varennes du moulin à vent;46,924678;0,600736
202300013759;27;4;2023;14:00;1;13;13078;1;4;1;3;Route de Carteau;43,378663;4,840914
202300013760;28;4;2023;14:30;1;67;67430;1;4;2;1;CARREFOUR D203-D253;48,344613;7,38277
202300013761;28;4;2023;08:30;1;972;97207;2;1;1;5;Quartier Syndic;14,582448;-60,95719
202300013762;27;4;2023;22:30;4;63;63225;2;1;1;6;37 Rue des Noisetiers;45,614385;2,546076
202300013763;26;4;2023;19:10;1;29;29068;1;1;1;6;N12;48,524136;-3,990109
202300013764;26;4;2023;18:45;1;30;30273;1;4;1;3;N/A;44,2859;4,581234
202300013765;28;4;2023;14:50;1;79;79166;1;1;1;7;N/A;46,202869;-0,437586
202300013766;26;4;2023;22:45;3;31;31056;2;1;1;6;M924;43,670495;1,359408
202300013767;27;4;2023;22:45;5;69;69168;2;3;1;1;596 Quai Pierre Dupont;45,84481;4,835197
202300013768;27;4;2023;15:40;1;32;32125;1;1;1;6;RN 124;43,791334;0,102562
202300013769;27;4;2023;12:00;1;32;32160;2;4;1;3;Avenue Charles de Gaulle;43,613347;1,085935
202300013770;28;4;2023;18:35;1;12;12244;2;1;1;6;Avenue du Pont du Tarn;44,053733;2,900224
202300013771;27;4;2023;15:24;1;22;22220;1;1;1;7;Laizot Uhellan;48,255477;-3,266695
202300013772;27;4;2023;10:30;1;31;31584;1;1;1;6;D32;43,879815;1,484227
202300013773;27;4;2023;18:15;1;84;84030;2;1;1;5;Route de Modène;44,108427;5,114087
202300013774;26;4;2023;09:30;1;15;15138;1;1;8;3;RD 3;45,13358;2,832853
202300013775;28;4;2023;11:55;1;58;58283;1;1;1;7;D180;47,309434;3,503437
202300013776;27;4;2023;19:05;1;66;66096;1;1;7;7;N/A;42,771663;2,668752
202300013777;22;4;2023;22:00;3;72;72300;2;9;1;3;Impasse de Paris;48,029571;0,371501
202300013778;28;4;2023;13:35;1;6;6067;1;1;1;3;1225 Route de Menton;43,785694;7,45119
202300013779;28;4;2023;10:30;1;5;5045;1;1;1;5;Route de Gap;44,532566;6,45318
202300013780;28;4;2023;17:40;1;9;9323;1;9;1;1;chemin des oiseaux;43,09888;1,759331
202300013781;28;4;2023;12:15;1;60;60651;2;1;1;7;Rue de la Fosse;49,2566295;2,2600674
202300013782;28;4;2023;15:50;1;64;64495;1;1;1;3;D255;43,38063;-1,539502
202300013783;28;4;2023;07:30;2;40;40197;2;2;1;3;5 Rue Victor Duruy;44,034781;-0,914279
202300013784;7;4;2023;14:00;1;27;27398;1;1;1;6;D133;49,098332;0,633559
202300013785;15;3;2023;18:00;2;978;97801;2;1;1;2;RN7 - la savane;18,086159;-63,06618
202300013786;28;4;2023;16:15;1;13;13037;1;1;1;7;Route Departementale 19;43,56630398;5,22430614
202300013787;28;4;2023;06:00;2;13;13086;1;1;1;6;autoroute A52 pk 18 sens nord;43,3462;5,615001
202300013788;28;4;2023;13:30;1;21;21684;1;1;1;2;autoroute A31 PK 002+000;47,035086;4,880623
202300013789;27;4;2023;14:15;1;988;98821;1;4;1;1;VE2;-22,129018;166,33584