Num_Acc;jour;mois;an;hrmn;lum;dep;com;agg;int;atm;col;adr;lat;long
202300013790;28;4;2023;16:45;1;95;95409;1;1;1;3;D301;49,04892;2,331371
202300013791;22;4;2023;03:00;3;34;34017;1;3;1;7;D613;43,476969;3,456531
202300013792;28;4;2023;04:30;3;83;83104;1;3;1;7;Route de Jouques;43,612683;5,750892
202300013793;24;4;2023;17:10;1;4;4197;2;2;1;5;D4096 av marcel paul;43,784261;5,769142
202300013794;27;4;2023;09:00;1;13;13081;2;1;1;6;Avenue Joseph Cugnot;43,478304;5,233998
202300013795;28;4;2023;10:30;1;68;68012;1;1;2;1;Route de Thann;47,781977;7,131178
202300013796;26;4;2023;17:40;1;67;67046;2;3;1;3;Rue des Maçons;48,761677;7,861302
202300013797;22;4;2023;13:04;1;67;67046;2;2;1;3;Rue du Moulin;48,771525;7,855933
202300013798;27;4;2023;21:40;3;42;42175;1;1;1;6;Route de Balbigny;45,810645;4,217334
202300013799;27;4;2023;20:25;2;26;26004;2;6;1;3;Rue Marc Seguin;44,9885;4,978255
202300013800;26;4;2023;18:30;1;69;69019;2;1;1;3;Route Départementale 337;46,120618;4,738272
202300013801;26;4;2023;08:43;1;81;81037;1;1;2;6;voie de Jaladieu;43,618804;2,531855
202300013802;24;4;2023;17:18;1;86;86062;2;1;1;3;12 Rue des Frênes;46,643004;0,356282
202300013803;28;4;2023;10:40;1;33;33243;2;1;1;6;216 Avenue du Maréchal Foch;44,926879;-0,239561
202300013804;28;4;2023;10:45;1;60;60370;2;3;2;4;Rue de Gournay;49,256658;2,108989
202300013805;27;4;2023;18:55;1;59;59435;1;1;1;5;Rue d'Ouvignies;50,516877;3,228243
202300013806;17;2;2023;23:20;3;74;74128;1;1;1;1;N/A;46,151156;6,320153
202300013807;16;2;2023;22:30;5;74;74208;2;7;1;7;Avenue du docteur jacques arnaud;45,939501;6,70747
202300013808;14;2;2023;16:08;1;74;74002;1;1;1;2;A41;45,81911;6,013105
202300013809;12;2;2023;04:30;3;74;74112;1;1;1;6;D3508;45,935867;6,10217
202300013810;5;2;2023;11:40;1;74;74155;1;1;1;3;D26;46,293193;6,538163
202300013811;2;2;2023;07:55;1;74;74012;2;1;1;2;FERRY (AVENUE JULES);46,19246;6,23704
202300013812;26;4;2023;16:55;1;78;78517;2;1;1;6;MUGUET (RUE DU);48,64463;1,84026
202300013813;26;4;2023;17:37;1;72;72181;2;1;1;6;FRESNAYE ROGER DE LA (RUE);47,97532;0,21667
202300013814;20;4;2023;20:19;1;29;29019;2;1;1;6;rue Claude Farrère;48,416173;-4,491866
202300013815;31;1;2023;19:05;3;40;40281;1;1;1;7;ROCADE SUD RD 824;43,86855;-0,51536
202300013816;26;4;2023;18:50;4;974;97411;2;1;1;6;JAURES (BOULEVARD JEAN);-20,88995;55,46224
202300013817;26;4;2023;20:25;1;69;69387;2;1;1;6;Avenue Berthelot;45,74071738;4,85580699
202300013818;26;4;2023;17:15;1;69;69383;2;3;1;2;Rue Feuillat;45,75494;4,87732
202300013819;26;4;2023;16:55;2;972;97213;1;1;2;2;AUTOROUTE A1;14,61799;-61,03117
202300013820;26;4;2023;16:45;1;972;97213;1;1;2;3;ACAJOU PROLONGEE;14,6295863;-61,0212811
202300013821;25;4;2023;19:00;3;972;97209;2;1;3;6;RD 41 (ROCADE);14,61357;-61,07012
202300013822;25;4;2023;20:40;1;69;69385;2;1;1;3;107 Avenue Barthélémy Buyer;45,76254;4,80227
202300013823;26;4;2023;09:21;1;2A;2A004;2;2;1;3;CANNES CITE RUE DES CANNES;41,93419;8,742
202300013824;25;4;2023;15:00;1;91;91549;2;1;1;3;LIERS (RUE DE);48,630049;2,332354
202300013825;26;4;2023;23:55;3;91;91432;2;1;1;7;RUE PIERRE BOURDAN;48,69419;2,33098
202300013826;26;4;2023;13:55;1;91;91479;2;3;1;3;AV DE VERDUN;48,705613;2,360386
202300013827;26;4;2023;09:30;1;87;87085;2;1;2;7;LATTRE-DE-TASSIGNY (AVENUE DU MARECHAL);45,82528;1,27249
202300013828;25;4;2023;23:19;5;87;87085;2;3;2;3;SABLARD (AVENUE DE);45,82846;1,28288
202300013829;26;4;2023;07:41;2;87;87085;2;3;2;3;TOULOUSE (RUE DE);45,8105;1,28447
202300013830;31;3;2023;04:30;5;84;84007;2;6;1;3;C.De GAULLE (Rocade);43,93016;4,78411
202300013831;26;4;2023;07:30;1;83;83137;2;6;1;2;RAMEAU (RUE JP);43,11845;5,94281
202300013832;26;4;2023;08:20;1;77;77306;1;2;1;3;D.471;48,59127;2,68917
202300013833;26;4;2023;13:00;1;76;76575;2;1;1;5;Rue de l'Industrie;49,37963;1,10936
202300013834;25;4;2023;17:00;1;76;76351;2;2;1;6;GUSTAVE FLAUBERT;49,497924;0,111588
202300013835;26;4;2023;20:06;1;72;72181;2;1;1;7;PARC DES EXPOSITIONS (AV DU);47,95687;0,20253
202300013836;25;4;2023;14:55;1;72;72181;2;3;1;3;JAURES JEAN (AV) N° IMP 35 A 179;47,9915;0,20567
202300013837;26;4;2023;06:10;2;69;69266;2;1;1;2;Boulevard de la Bataille de Stalingrad;45,77935;4,85949
202300013838;26;4;2023;08:30;1;69;69276;1;4;1;3;Route Départementale 312                  ;45,66889;4,84659
202300013839;20;4;2023;17:56;1;68;68066;2;3;1;3;Rue de Riquewihr;48,08965;7,33274
202300013840;26;4;2023;12:15;1;67;67482;2;1;1;3;TOREAU (RUE);48,59344;7,779114
202300013841;24;4;2023;23:57;3;66;66136;1;1;1;6;N/A;42,697565;2,8615
202300013842;23;4;2023;07:40;1;64;64122;2;1;1;6;GOLF (AVENUE - IMPASSE);43,4901;-1,54662
202300013843;25;4;2023;19:00;1;64;64024;2;6;1;2;CINQ CANTONS (RUE DES);43,49342;-1,52814
202300013844;26;4;2023;08:00;1;59;59426;2;1;1;6;TOURCOING (RUE DE);50,74532;3,15992
202300013845;26;4;2023;10:00;1;59;59512;2;3;1;3;COQ FRANCAIS (RUE DU);50,68555;3,18167
202300013846;23;4;2023;15:50;1;57;57019;2;1;3;6;VIEIL AMNEVILLE (RUE DU);49,26137;6,13031
202300013847;25;4;2023;14:55;1;54;54547;2;6;2;6;Rue du Morvan;48,649227;6,15075
202300013848;25;4;2023;08:15;1;38;38185;2;3;8;1;RUE RAYMOND PITET;45,15991;5,71376
202300013849;26;4;2023;06:05;5;35;35238;2;2;1;1;SAINT-BRIEUC (DE);48,1165;-1,70983
202300013850;26;4;2023;14:00;1;35;35150;2;2;8;3;MARTRAY (RUE DU);48,36775;-1,2188
202300013851;26;4;2023;08:35;1;34;34108;2;3;1;1;14c Avenue des Vignerons;43,44487;3,75111
202300013852;24;4;2023;09:45;1;34;34032;2;3;1;1;49 Avenue Jean Moulin;43,34751;3,22108
202300013853;26;4;2023;19:30;1;33;33063;2;1;2;2;Rue Lucien Faure;44,86747;-0,56336
202300013854;26;4;2023;17:30;1;13;13209;1;1;1;1;COL DE LA GINESTE D559;43,24623;5,44583
202300013855;26;4;2023;15:45;1;13;13206;2;2;1;3;BEL AIR (RUE);43,2896;5,38221
202300013856;26;4;2023;15:15;1;13;13214;2;1;1;6;DANIEL CASANOVA (BOULEVARD);43,326;5,374
202300013857;26;4;2023;11:50;1;13;13206;2;2;1;3;BEL AIR (RUE);43,2896;5,38221
202300013858;26;4;2023;11:55;1;9;9225;2;2;1;3;LOUMET RUE DE;43,11163;1,61182
202300013859;26;4;2023;17:35;1;6;6088;2;9;1;6;CORNICHE FLEURIE (AV. DE LA);43,68326;7,211185
202300013860;26;4;2023;15:15;1;75;75114;2;4;1;2;PORTE D ORLEANS;48,817721;2,333999
202300013861;26;4;2023;12:10;1;75;75112;2;4;1;3;ECHANGEUR BERCY;48,82678093;2,39018887
202300013862;26;4;2023;11:41;1;75;75112;2;2;1;5;BOULEVARD PONIATOWSKI;48,831843;2,397727
202300013863;26;4;2023;07:10;1;75;75120;2;3;1;6;RUE CHARLES CROS;48,876972;2,408671
202300013864;26;4;2023;19:15;1;75;75120;2;1;1;7;AVENUE GAMBETTA;48,863474;2,389843
202300013865;26;4;2023;08:20;1;75;75119;2;3;1;3;BOULEVARD SERURIER;48,878353;2,403427
202300013866;26;4;2023;12:30;1;75;75118;2;1;1;3;BOULEVARD DE LA CHAPELLE;48,884516;2,363692
202300013867;26;4;2023;18:30;1;75;75117;2;2;1;3;RUE DE COURCELLES;48,886466;2,295772
202300013868;26;4;2023;18:05;1;75;75115;2;3;1;6;RUE DE CASABLANCA;48,838728;2,289491
202300013869;25;4;2023;03:05;5;75;75115;2;1;2;6;PLACE DES MARTYRS DE LA RESISTANCE;48,83514;2,277844
202300013870;26;4;2023;08:55;1;75;75114;2;3;1;3;BOULEVARD DE PORT ROYAL;48,838389;2,342093
202300013871;26;4;2023;16:30;1;75;75111;2;3;1;3;AVENUE DE LA REPUBLIQUE;48,865826;2,371559
202300013872;26;4;2023;14:30;1;75;75110;2;1;1;6;BOULEVARD DE LA VILLETTE;48,884215;2,365352
202300013873;26;4;2023;14:05;1;75;75109;2;1;1;2;BOULEVARD HAUSSMANN;48,873074;2,332287
202300013874;26;4;2023;20:00;1;75;75107;2;2;1;7;AVENUE DE LA BOURDONNAIS;48,858645;2,298595
202300013875;25;4;2023;18:35;1;94;94078;2;3;1;6;Rue de Paris / Rue de l'Orme Sainte Marie;48,738828;2,446656
202300013876;25;4;2023;15:30;1;94;94019;2;1;1;5;Square Auguste Comte;48,80184894;2,5474543
202300013877;26;4;2023;21:21;5;94;94004;2;1;2;3;Avenue Charles de Gaulle;48,75666;2,498
202300013878;26;4;2023;15:35;1;93;93071;2;3;1;3;Avenue Salvador Allende / Rue Frederic Joliot Curie;48,947555;2,527106
202300013879;7;4;2023;11:55;1;93;93066;2;1;1;5;Avenue du Président Wilson;48,91021;2,3577
202300013880;26;4;2023;18:15;1;93;93055;2;1;1;6;Rue Jules Auffret;48,88626463;2,41056078
202300013881;26;4;2023;14:30;1;93;93048;2;2;2;6;Avenue du Président Wilson / Rue de la Solidarité;48,85307817;2,43884171
202300013882;26;4;2023;07:40;2;93;93048;2;5;1;3;Avenue du Colonel Fabien / Boulevard de la Boissière;48,878;2,45714
202300013883;12;8;2023;08:20;1;17;17333;2;6;8;3;MOCQUERIES (AVENUE);45,60214;-0,99342
202300013884;12;8;2023;22:00;5;13;13054;2;2;1;3;FIGUERES (RUE DES );43,42114481;5,20776728
202300013885;12;8;2023;03:20;5;13;13208;2;1;1;6;MENDES FRANCE (AVENUE);43,24998;5,37533
202300013886;12;8;2023;00:57;5;13;13213;2;1;1;3;NOTRE DAME DE CONSOLATION;43,33543;5,43296
202300013887;12;8;2023;14:00;1;13;13005;2;1;1;3;BOYER (AVENUE ANTIDE);43,29492;5,56204
202300013888;13;8;2023;01:25;5;11;11262;2;1;1;2;14 Avenue de Bordeaux;43,18209;2,99055
202300013889;8;8;2023;08:00;1;5;5061;2;1;1;3;PIERRE ET MARIE CURIE ( BD);44,561203;6,084397
202300013890;10;8;2023;21:05;1;75;75118;2;4;1;3;PORTE DE LA CHAPELLE;48,90088492;2,36386299
202300013891;12;8;2023;17:40;1;75;75113;2;1;1;6;AVENUE D ITALIE;48,819915;2,359218
202300013892;12;8;2023;06:20;2;75;75118;2;7;2;2;AVENUE DE LA PORTE D AUBERVILLIERS;48,90038888;2,37039685
202300013893;12;8;2023;00:03;5;75;75114;2;3;2;7;RUE D ALESIA;48,827846;2,329133
202300013894;12;8;2023;17:40;1;75;75111;2;1;1;6;AVENUE DE LA REPUBLIQUE;48,865917;2,371111
202300013895;12;8;2023;08:50;1;75;75110;2;7;2;4;BOULEVARD DE LA VILLETTE;48,878435;2,370104
202300013896;2;8;2023;21:20;2;75;75108;2;1;1;2;AVENUE FRANKLIN D ROOSEVELT;48,870101;2,310055
202300013897;12;8;2023;04:10;5;75;75104;2;3;3;6;RUE DU RENARD;48,85985;2,352738
202300013898;11;8;2023;09:43;1;75;75101;2;3;1;3;RUE DE RIVOLI;48,862464;2,336255
202300013899;7;7;2023;09:00;1;6;6069;1;1;1;6;Pénétrante;43,641067;6,935652
202300013900;5;7;2023;22:50;5;75;75113;2;4;1;7;BD PERIPHERIQUE INTERIEUR;48,820798;2,376664
202300013901;12;8;2023;18:45;1;93;93066;2;3;1;2;Rue Ambroise Croizat / Rue Charles Christofle;48,93014;2,35066
202300013902;7;7;2023;13:10;5;75;75101;2;1;1;6;souterrain halles;48,860567;2,348132
202300013903;12;8;2023;20:15;1;93;93071;2;6;1;7;Avenue Lucie Aubrac / Avenue Henri Barbusse;48,93346;2,54304
202300013904;7;7;2023;11:55;1;75;75106;2;2;1;6;RUE DU CHERCHE MIDI;48,85023;2,32718
202300013905;11;8;2023;23:40;5;93;93047;2;1;1;1;Rue du Général de Gaulle;48,89937;2,5603
202300013906;7;7;2023;18:30;1;75;75116;2;1;1;2;AVENUE DES NATIONS UNIES;48,861711;2,291615
202300013907;6;7;2023;16:30;1;75;75116;2;7;1;6;PLACE DU GENERAL STEFANIK;48,839755;2,255753
202300013908;12;8;2023;21:20;2;92;92022;2;1;8;7;SALENGRO (AVENUE ROGER);48,81737186;2,19610155
202300013909;7;7;2023;20:00;1;75;75114;2;1;1;3;BOULEVARD JOURDAN;48,820004;2,339803
202300013910;7;7;2023;20:40;1;75;75112;2;1;1;2;ROUTE DAUPHINE;48,830033;2,439532
202300013911;13;8;2023;17:23;1;84;84088;2;1;1;1;Avenue René Char;43,997649;5,069252
202300013912;7;7;2023;17:05;1;75;75111;2;9;1;2;AVENUE PHILIPPE AUGUSTE;48,8523658;2,393442
202300013913;13;8;2023;22:00;3;27;27256;1;3;1;3;pk 6 D554;48,938944;1,232373
202300013914;14;8;2023;02:20;3;12;12073;1;1;1;6;D641;44,221265;2,588128
202300013915;7;7;2023;04:30;4;75;75111;2;3;1;1;BOULEVARD VOLTAIRE;48,851623;2,390508
202300013916;13;8;2023;05:00;3;63;63178;1;1;1;2;A75 pk 29+110;45,5632013;3,25726455
202300013917;7;7;2023;08:45;1;75;75110;2;9;7;3;PLACE DULCIE SEPTEMBER;48,880617;2,362027
202300013918;13;8;2023;05:58;1;51;51518;1;3;1;7;D944;49,309925;3,984738
202300013919;7;7;2023;08:20;1;75;75108;2;1;1;5;BOULEVARD MALESHERBES;48,880094;2,31346
202300013920;14;8;2023;14:40;1;56;56219;1;3;1;1;La Ville au Vent;47,772687;-2,530042
202300013921;6;7;2023;09:38;1;75;75107;2;3;1;3;BOULEVARD DES INVALIDES;48,848259;2,315773
202300013922;14;8;2023;08:20;1;65;65388;1;1;1;6;Route du Pla d?Adet;42,82789043;0,28753281
202300013923;13;8;2023;18:48;1;65;65258;2;4;1;6;15 Rue Bellevue;43,122138;0,38995
202300013924;7;7;2023;17:21;1;75;75102;2;2;1;1;BOULEVARD DE SEBASTOPOL;48,864447;2,351547
202300013925;13;8;2023;18:00;1;32;32148;1;1;1;1;N124;43,616209;0,933559
202300013926;7;7;2023;11:40;1;75;75101;2;3;1;3;BOULEVARD DE LA MADELEINE;48,869685;2,326639
202300013927;12;8;2023;06:00;2;11;11008;1;1;1;6;N/A;42,977368;2,26328
202300013928;6;7;2023;20:00;1;75;75104;2;2;1;6;RUE SAINT ANTOINE;48,853447;2,367167
202300013929;13;8;2023;17:50;1;61;61063;1;3;1;3;D924;48,704046;-0,378513
202300013930;27;6;2023;12:55;1;94;94081;2;1;1;2;Rue Ansèlme Rondenay;48,77867509;2,39766216
202300013931;7;7;2023;22:25;5;94;94076;2;1;1;3;Avenue de Paris;48,806709;2,363273
202300013932;14;8;2023;08:50;1;12;12160;1;3;2;3;D907;44,197909;3,189356
202300013933;14;8;2023;02:54;3;12;12066;1;1;1;6;D57;44,390276;2,41726
202300013934;6;7;2023;19:00;1;94;94043;2;3;1;3;CHARLES GIDE (AV);48,80664;2,35142
202300013935;12;8;2023;11:25;1;39;39500;2;1;1;6;55 Rue de la République;46,935646;5,87745
202300013936;15;6;2023;20:00;1;94;94076;2;1;1;4;Boulevard Maxime Gorki;48,794354;2,369051
202300013937;13;8;2023;16:25;1;29;29015;1;1;1;5;D13;48,50118;-4,496434
202300013938;7;7;2023;13:45;1;94;94081;2;5;1;3;Avenue Rouget de Lisle;48,78268;2,39398
202300013939;14;8;2023;08:30;1;29;29135;2;1;2;6;Route déportamentale 2;47,83512104;-4,18996564
202300013940;14;8;2023;13:05;1;2;2455;1;1;1;7;Malzy;49,928585;3,718443
202300013941;7;7;2023;07:20;1;94;94065;1;1;1;5;N186;48,7537;2,36558
202300013942;7;7;2023;13:35;1;94;94011;2;1;1;1;Rue Alfred Gillet;48,77569;2,4899
202300013943;14;8;2023;12:25;1;66;66036;1;4;1;3;N/A;42,53402;2,254171
202300013944;5;7;2023;10:00;1;94;94011;2;6;1;3;Avenue Rhin et Danube;48,768531;2,487948
202300013945;14;8;2023;10:40;1;66;66009;2;1;1;2;9 Baills Jean Baptiste Barjau;42,455549;2,634693
202300013946;7;7;2023;19:00;1;94;94017;2;1;1;6;Avenue Salvador Allendé;48,80955582;2,54506371
202300013947;14;8;2023;17:22;1;6;6059;1;1;1;6;M6007;43,727956;7,356302
202300013948;6;7;2023;09:20;1;94;94017;2;2;1;3;Voie Sonia Delaunay;48,81222;2,53401
202300013949;14;8;2023;13:45;1;5;5046;2;1;1;3;Avenue de la Clapière - D994H;44,553548;6,483728
202300013950;13;8;2023;11:15;1;43;43102;1;1;1;7;Route de la Chapelette;45,182218;4,179831
202300013951;6;7;2023;15:00;1;93;93078;2;2;1;3;Boulevard Robert Ballanger / Avenue Barbes;48,95604;2,54082
202300013952;14;8;2023;10:43;1;16;16286;1;3;1;7;Route des Vignes;45,817943;-0,021468
202300013953;7;7;2023;19:00;1;93;93051;2;1;1;6;Rue de la Butte Verte;48,84122043;2,5784263
202300013954;14;8;2023;12:30;1;7;7337;1;1;1;7;D270;45,20647654;4,75880496
202300013955;7;7;2023;19:40;1;93;93048;2;1;1;3;Avenue Ferdinand Buisson;48,87268364;2,43594231
202300013956;8;8;2023;16:40;1;40;40128;1;2;1;3;Route de Doazit;43,671713;-0,615546
202300013957;6;7;2023;22:30;5;93;93074;2;1;1;3;Avenue du Général de Gaulle;48,94265;2,56922
202300013958;14;8;2023;13:26;1;28;28214;2;1;1;3;Rue de Verneuil;48,476289;1,01859
202300013959;7;7;2023;18:15;1;93;93029;2;1;1;6;Rue Charlot;48,91530794;2,45908008
202300013960;14;8;2023;08:17;1;67;67388;1;1;1;3;D53;48,951268;7,677759
202300013961;7;7;2023;09:00;1;93;93010;2;1;1;2;Avenue Jean Moulin;48,91249152;2,47877103
202300013962;13;8;2023;16:30;1;38;38495;1;1;1;6;A 49 - PK 36+400;45,12434802;5,29200456
202300013963;7;7;2023;13:42;1;92;92075;2;1;1;7;JEAN BLEUZEN (RUE);48,82323;2,29625
202300013964;7;7;2023;02:35;5;92;92046;2;1;1;7;PIERRE BROSSOLETTE (AVENUE);48,81735;2,30733
202300013965;14;8;2023;09:10;1;47;47186;1;1;1;7;A 62  PK 111.300;44,21177088;0,46268285
202300013966;14;8;2023;16:30;1;72;72198;1;1;1;6;A81 pk 174.000;48,063176;0,132071
202300013967;15;6;2023;20:50;1;92;92075;2;3;1;3;LYCEE (BOULEVARD DU);48,82261129;2,2845313
202300013968;12;8;2023;05:00;2;987;98715;1;1;1;2;PK 3.6 c/mont RT1 FAA'A;-17,584;-149,56
202300013969;7;7;2023;08:08;1;92;92076;2;1;1;3;REPUBLIQUE;48,83752196;2,15485883
202300013970;13;8;2023;19:00;3;987;98724;1;1;1;6;RT 111;-16,767822;-151,009227
202300013971;6;7;2023;14:30;1;92;92064;2;8;1;6;DANTAN;48,84312191;2,22186202
202300013972;18;6;2023;16:55;1;92;92050;2;1;1;6;HETRES RUE DES;48,91174644;2,22055927
202300013973;13;8;2023;10:15;1;988;98822;1;1;1;7;Tibarama (Tribu);-20,93738;165,38505
202300013974;7;7;2023;10:00;1;92;92049;2;7;1;3;JAURES PLACE JEAN;48,81609;2,31124
202300013975;6;8;2023;10:30;1;971;97115;2;1;1;6;route du pont;16,269688;-61,631477
202300013976;14;6;2023;19:13;1;92;92044;2;2;1;6;CAMILLE PELLETAN(RUE)1A15 ET 2A12;48,89597497;2,2902444
202300013977;13;8;2023;22:50;3;66;66182;1;1;1;3;N/A;42,739573;3,024244
202300013978;7;7;2023;17:00;1;92;92040;2;1;1;6;MANUFACTURE (ESPLANADE DE LA);48,8286;2,28248
202300013979;9;8;2023;18:40;1;8;8487;1;1;1;3;voie verte;50,044284;4,726009
202300013980;6;7;2023;16:20;1;92;92026;2;1;1;2;MARECHAL JOFFRE (QUAI DU);48,89964;2,27224
202300013981;14;8;2023;00:30;3;3;3298;1;1;8;3;Lieu Dit les Beurriers;46,324023;3,377051
202300013982;7;7;2023;01:55;5;92;92012;2;1;1;6;RENE CLAIR (PLACE);48,83366;2,25653
202300013983;13;8;2023;11:55;1;3;3315;1;1;1;7;D33;46,392789;2,818733
202300013984;7;7;2023;19:00;1;92;92002;2;1;1;3;PRESIDENT KENNEDY (2 A 48);48,74044;2,30184
202300013985;13;8;2023;23:00;3;38;38054;1;1;1;6;D52;45,782871;5,436988
202300013986;13;8;2023;07:12;5;81;81105;2;1;1;7;4 Rue Carlac;43,762273;1,983853
202300013987;1;7;2023;22:00;3;47;47049;1;2;1;3;Avenue de Casseneuil;44,43097487;0,65387787
202300013988;13;8;2023;10:15;1;65;65123;1;1;1;6;RD 918 - PR 051.900;42,936222;0,208719
202300013989;7;7;2023;19:45;1;85;85174;1;1;1;1;D949;46,46612;-0,90577
202300013990;4;6;2023;12:00;1;64;64422;1;3;1;3;RD 919;43,172822;-0,646026
202300013991;13;8;2023;16:20;1;40;40229;1;1;1;3;CD 626;44,238527;-1,085072
202300013992;7;7;2023;21:10;5;6;6161;2;2;1;3;Boulevard des Italiens;43,641474;7,14222
202300013993;14;8;2023;00:50;3;60;60619;1;1;1;7;D84;49,109089;2,766518
202300013994;13;8;2023;03:35;3;60;60259;1;1;1;7;D49;49,201266;2,263321
202300013995;7;7;2023;18:20;1;18;18241;1;4;1;3;;47,328752;2,842672
202300013996;7;7;2023;09:35;1;28;28410;1;1;1;6;955;48,035282;1,520276
202300013997;14;8;2023;15:40;1;60;60612;2;1;1;3;Rue du Faubourg Saint-martin;49,198553;2,579041
202300013998;13;8;2023;22:23;5;60;60103;2;1;1;7;16 Rue du Petit Chantilly;49,410633;2,246508
202300013999;8;7;2023;00:36;3;51;51410;1;1;1;6;Ruelle des Gains;49,074411;3,782167
202300014000;2;6;2023;21:00;2;33;33063;2;1;1;1;Rue Yves Glotin;44,89273;-0,54611
202300014001;12;8;2023;15:53;1;62;62148;2;1;1;6;Route de Neuvireuil;50,383985;2,911881
202300014002;14;8;2023;08:30;1;59;59582;1;6;7;7;Route d'Hazebrouck;50,728683;2,625782
202300014003;5;7;2023;13:33;1;57;57428;1;1;1;6;D603;49,115484;6,762815
202300014004;2;6;2023;07:50;1;33;33069;2;2;1;3;Avenue Victor Hugo;44,86509;-0,59057
202300014005;8;7;2023;10:20;1;42;42233;1;1;1;7;Route de Renaison;46,070494;3,921889
202300014006;2;6;2023;15:10;1;33;33529;2;1;1;1;RD1250 (BONNEVAL - LA HUME) - Z.A.;44,63251;-1,15987
202300014007;12;8;2023;06:50;2;33;33281;1;1;1;6;ROCADE A 630;44,83210308;-0,67642361
202300014008;8;7;2023;08:50;1;83;83049;1;1;1;1;D40;43,25533426;6,07224255
202300014009;11;8;2023;23:05;3;91;91136;1;1;2;7;AUTOROUTE A10;48,71264;2,28954
202300014010;2;6;2023;23:20;5;31;31555;2;1;1;1;RTE D AGDE;43,62443709;1,47462219
202300014011;8;7;2023;13:00;1;50;50535;1;1;1;3;a84;48,738531;-1,293468
202300014012;12;8;2023;11:20;1;78;78118;1;1;1;2;A13;48,98257;1,68673
202300014013;27;5;2023;14:30;1;30;30189;1;3;1;3;ANDUZE (ROUTE OU ANCIENNE ROUTE);43,8674;4,30108
202300014014;8;7;2023;10:55;1;30;30278;1;1;1;1;D121;44,071122;4,688512
202300014015;22;11;2023;16:54;1;66;66141;1;3;6;1;D900b;42,771085;2,898588
202300014016;8;7;2023;12:00;1;62;62113;2;1;1;6;D82;50,3440235;2,53683576
202300014017;12;8;2023;03:45;3;75;75116;1;1;3;6;A13W;48,848237;2,247354
202300014018;2;6;2023;15:10;1;29;29232;2;1;1;2;Route de Benodet;47,97272;-4,08733
202300014019;22;11;2023;15:50;1;56;56251;2;1;7;3;Rue de Ker Anna;47,629219;-2,637298
202300014020;12;8;2023;09:45;1;95;95582;1;1;8;2;A15;48,97107622;2,24907517
202300014021;2;6;2023;17:45;1;29;29039;1;1;1;2;Rue du Poteau Vert;47,89502;-3,91287
202300014022;8;7;2023;00:50;3;2A;2A269;1;1;1;1;Cala d'Oru;41,826371;9,404181
202300014023;12;8;2023;08:50;1;93;93078;1;1;8;6;AUTOROUTE A104;48,96317823;2,52207041
202300014024;2;6;2023;09:40;1;29;29019;2;6;1;3;Rond point Herman Melville ;48,38669;-4,47086756
202300014025;21;11;2023;19:45;3;77;77239;1;3;1;3;D209;48,657599;3,103402
202300014026;8;7;2023;05:50;2;82;82125;1;1;1;1;Route de Toulouse;43,931883;1,221092
202300014027;12;8;2023;08:00;1;93;93064;1;1;2;6;AUTOROUTE A86;48,88515;2,47212
202300014028;30;5;2023;20:00;1;29;29019;2;1;1;6;rue Albert Louppe;48,40238;-4,46727
202300014029;22;11;2023;04:00;5;11;11351;2;3;6;6;11 Quartier Le Cabirou;43,086834;2,695888
202300014030;12;8;2023;02:30;3;93;93064;1;1;2;6;AUTOROUTE A103;48,8867163;2,47692347
202300014031;8;7;2023;11:07;1;61;61345;1;1;1;1;D920;48,424825;0,784001
202300014032;12;8;2023;00:00;3;93;93078;1;1;2;6;AUTOROUTE A104;48,96300436;2,52239723
202300014033;22;11;2023;07:45;2;71;71230;2;1;2;3;43 Route de Bourbon-lancy;46,5955;4,034557
202300014034;11;8;2023;23:10;3;93;93078;1;1;2;6;AUTOROUTE A104;48,95844;2,52713
202300014035;7;7;2023;08:25;1;49;49041;1;3;1;2;Route d?Allonnes;47,290066;0,03915
202300014036;1;6;2023;20:55;1;27;27229;2;6;1;6;MOULIN (RUE JEAN);49,00389;1,15178
202300014037;21;11;2023;19:30;3;71;71576;1;1;1;1;D906;46,544713;4,919305
202300014038;13;8;2023;11:20;1;15;15066;1;1;8;3;D680;45,119016;2,646224
202300014039;22;11;2023;16:50;1;46;46231;1;1;1;1;D811;44,50748705;1,15518465
202300014040;1;6;2023;16:30;1;27;27229;2;3;7;3;SAINT (RUE);49,02116;1,1555
202300014041;7;7;2023;18:35;1;49;49114;1;1;1;1;D206;47,390476;0,124068
202300014042;12;8;2023;16:50;1;37;37123;1;1;1;6;D57;47,351821;0,38877
202300014043;21;11;2023;21:20;3;68;68092;1;1;1;7;D9b;47,507606;7,387635
202300014044;1;6;2023;18:30;1;18;18279;2;1;1;1;Boulevard de la Nation;47,216045;2,060002
202300014045;5;7;2023;16:30;1;46;46328;2;3;1;6;le bourg;44,359133;1,718926
202300014046;12;8;2023;21:35;3;26;26231;1;1;1;6;Route de la Feyta;45,113402;5,069815
202300014047;2;6;2023;05:08;5;17;17028;2;9;1;7;SALENGRO   AVENUE ROGER;46,1389;-1,1315
202300014048;18;11;2023;19:09;3;44;44117;1;2;3;3;Rue des Sports;47,144449;-1,334479
202300014049;7;7;2023;22:00;5;47;47021;2;1;1;6;Rue de la Republique;44,17105076;0,27772038
202300014050;12;8;2023;14:40;1;38;38199;2;9;1;3;241 Route du Tonkin;45,509794;4,920695
202300014051;2;6;2023;19:05;1;14;14327;2;1;1;6;901 Le Val;49,20906;-0,33387