Num_Acc;jour;mois;an;hrmn;lum;dep;com;agg;int;atm;col;adr;lat;long
202300014052;7;7;2023;20:00;1;41;41053;1;1;1;6;D151a;47,968225;0,913872
202300014053;13;8;2023;16:59;3;25;25007;1;1;1;6;D32;47,161824;6,385868
202300014054;7;7;2023;21:35;3;34;34047;1;1;1;6;RD32;43,541004;3,485527
202300014055;22;11;2023;16:39;1;44;44200;2;2;1;1;1 Rue de la Brutz;47,829097;-1,473863
202300014056;13;8;2023;01:30;5;973;97362;2;1;1;1;Loka;3,82823161;-54,19209659
202300014057;8;7;2023;12:30;1;68;68288;1;1;1;7;D432;47,549073;7,252264
202300014058;2;6;2023;22:35;5;13;13002;2;3;1;1;CANTON VERT (AVENUE DU);43,34132;5,47259
202300014059;13;8;2023;02:58;3;91;91016;1;1;1;7;N20;48,334272;2,032621
202300014060;21;11;2023;17:41;3;2;2468;2;1;1;6;N/A;49,741261;3,756337
202300014061;7;7;2023;01:40;3;22;22294;1;1;1;7;D767;48,371432;-3,086944
202300014062;2;6;2023;16:00;1;13;13201;2;1;1;6;MARSEILLAISES (PLACE DES)    IMPAIRS;43,30141;5,38029
202300014063;12;8;2023;08:00;2;91;91022;2;1;2;6;montelimas;48,337788;2,167525
202300014064;7;7;2023;16:50;1;39;39434;2;3;1;3;Route de Dole;46,848144;5,697854
202300014065;20;10;2023;07:45;2;45;45104;1;2;1;3;D40 PR 3 + 965;48,046042;2,706907
202300014066;3;6;2023;00:35;5;13;13005;2;1;1;1;GOUMS (AVENUE DES);43,29132;5,56114
202300014067;8;7;2023;03:13;3;38;38543;1;1;1;7;Route de Bourgoin;45,653727;5,453205
202300014068;13;8;2023;07:00;1;41;41161;1;1;1;6;A71;47,52491;2,003932
202300014069;21;11;2023;20:20;3;18;18275;1;1;1;7;N/A;46,892519;2,891636
202300014070;2;6;2023;12:20;1;13;13001;2;1;8;3;BEAUVALLE (CH DE LA);43,51433;5,43489
202300014071;29;6;2023;18:15;1;13;13010;2;1;1;3;Route d'Avignon;43,904865;4,764805
202300014072;12;8;2023;16:35;1;42;42231;1;1;1;1;N7;46,110857;3,957717
202300014073;19;11;2023;22:00;3;36;36240;1;1;8;6;N/A;46,43924614;2,11644355
202300014074;1;6;2023;08:05;1;11;11069;1;1;2;6;Chemin de la Madeleine;43,22023;2,38495
202300014075;12;8;2023;21:00;2;60;60479;1;1;1;3;D136;49,20103502;2,85014105
202300014076;21;11;2023;13:40;1;16;16030;1;1;1;7;RD 38;45,477948;-0,209706
202300014077;8;7;2023;15:10;1;2;2792;1;2;1;3;Route de Chateau Thierry;49,088795;3,21389
202300014078;2;6;2023;09:50;1;10;10297;2;9;1;3;TIRVERTS (RUE);48,313664;4,085039
202300014079;13;8;2023;02:30;4;47;47068;2;1;1;6;Rue du Cahors;44,447683;0,025948
202300014080;21;11;2023;18:50;5;7;7090;2;3;1;3;Rue du 11 novembre 1918;44,743579;4,667457
202300014081;1;6;2023;17:31;1;10;10387;2;1;1;2;JULES GUESDE (RUE);48,29488;4,08184
202300014082;23;7;2023;07:55;1;87;87038;1;1;1;1;Rue du Gros Hêtre;45,931242;1,230015
202300014083;21;11;2023;18:00;3;53;53096;1;1;1;6;RN12;48,2982;-0,90233
202300014084;1;6;2023;15:12;1;10;10387;2;1;1;6;NICOLAS SIRET (RUE);48,293896;4,080331
202300014085;7;7;2023;23:55;4;2;2468;2;1;1;3;;49,749506;3,770918
202300014086;21;11;2023;08:45;1;24;24291;1;1;8;6;Chemin de la Requeyrie;45,04045;1,12877
202300014087;13;8;2023;10:00;1;41;41278;1;1;1;1;N10;47,645252;0,94993
202300014088;12;8;2023;20:00;1;19;19269;2;1;1;6;Avenue Paul Plazanet;45,53339137;1,79990378
202300014089;7;7;2023;19:42;1;3;3285;1;3;1;3;D22;46,467813;2,882884
202300014090;21;11;2023;19:25;3;27;27638;2;1;2;7;D840;49,264202;0,980401
202300014091;1;6;2023;14:10;1;6;6027;2;1;1;6;NICE AVENUE DE (RN7);43,657918;7,159409
202300014092;12;8;2023;14:15;1;56;56013;1;9;1;3;Les Quatre Chemins;47,665486;-3,178588
202300014093;2;6;2023;22:10;5;6;6004;1;9;1;6;CHATAIGNIERS AV.DU;43,58009;7,11557
202300014094;8;7;2023;15:00;1;58;58180;1;1;1;3;Route de Saulieu;47,217021;4,034616
202300014095;29;7;2023;07:20;1;79;79185;1;1;3;7;N/A;46,318032;-0,252148
202300014096;27;10;2023;06:50;2;27;27578;2;2;1;3;D840;48,806581;0,921392
202300014097;8;7;2023;18:00;1;58;58179;1;1;1;7;D126;47,179672;3,757555
202300014098;1;6;2023;21:10;1;2;2408;2;1;7;6;;49,56978;3,60806
202300014099;13;8;2023;05:07;2;2A;2A139;1;1;1;1;Pont de l'Oso;41,66602915;9,30652231
202300014100;30;5;2023;04:05;3;1;1289;1;1;1;6;DOMBES (ALLEE DES);46,18341;5,19503
202300014101;7;7;2023;16:05;1;72;72090;1;1;7;1;La Maison Dieu;48,054842;0,481811
202300014102;22;11;2023;09:15;1;28;28405;1;2;7;3;route nationale 12;48,74873;1,269122
202300014103;13;8;2023;18:50;1;2B;2B283;1;1;1;5;RT 10;41,885909;9,394153
202300014104;8;7;2023;13:25;1;50;50109;2;1;1;3;Rue de la Gare;48,918971;-1,430925
202300014105;1;6;2023;08:50;1;75;75117;2;1;1;2;PORTE DE CHAMPERRET;48,885809;2,288302
202300014106;8;11;2023;11:07;1;67;67506;2;1;1;2;Rue du Général Leclerc;48,669278;7,710353
202300014107;8;7;2023;13:35;1;64;64185;1;1;1;7;N134 PR 99+910;42,938812;-0,600053
202300014108;13;8;2023;03:00;5;2B;2B318;1;9;1;3;Parc Galea (Attraction);42,432354;9,522566
202300014109;2;6;2023;03:27;5;75;75107;2;2;1;6;QUAI VOLTAIRE;48,859533;2,329291
202300014110;22;11;2023;09:25;1;51;51507;1;1;1;3;A4;49,090225;4,977107
202300014111;13;8;2023;14:35;1;80;80205;1;1;1;1;D3;49,996609;2,039874
202300014112;7;7;2023;21:20;2;10;10375;1;1;1;6;D619;48,280337;4,190319
202300014113;1;6;2023;07:40;1;75;75110;2;3;1;3;BOULEVARD DE STRASBOURG;48,8706;2,354953
202300014114;12;8;2023;15:55;1;65;65116;1;1;1;6;RD 113;42,894045;0,324397
202300014115;21;11;2023;09:30;1;60;60138;1;1;1;7;Autoroute A1 PK 46+400;49,2280612;2,65154171
202300014116;6;7;2023;08:25;1;36;36154;2;2;7;3;Avenue de la Font Pie VII;46,58251643;1,53226286
202300014117;2;6;2023;13:02;1;75;75113;2;3;1;6;RUE DE LA GLACIERE;48,831692;2,344386
202300014118;11;8;2023;19:10;1;65;65464;2;3;7;6;rue du Moulin;43,145564;0,115072
202300014119;22;11;2023;12:30;1;974;97424;1;1;1;7;RN5;-21,151541;55,473758
202300014120;12;8;2023;15:00;1;63;63319;1;1;1;7;D996;45,54568485;3,93462834
202300014121;4;7;2023;13:57;1;21;21317;1;4;1;3;D959;47,54652443;5,12240291
202300014122;2;6;2023;10:20;1;75;75106;2;3;1;2;QUAI DE CONTI;48,857159;2,338609
202300014123;12;8;2023;11:00;1;61;61207;1;1;1;6;D277;48,301881;0,551977
202300014124;21;11;2023;17:12;1;973;97305;1;1;1;3;RN1, PK14;4,933481;-52,402532
202300014125;26;6;2023;16:30;1;40;40217;1;3;1;3;D43;44,343239;-1,016876
202300014126;13;8;2023;18:30;1;39;39306;1;1;1;6;N/A;46,632966;5,547629
202300014127;2;6;2023;07:40;2;75;75106;2;2;1;2;RUE D ASSAS;48,848968;2,328742
202300014128;11;11;2023;16:10;1;978;97801;2;1;1;6;R CHARLES TONDU;18,063585;-63,090936
202300014129;12;8;2023;10:44;1;25;25287;1;1;1;6;D673;47,20631;5,896504
202300014130;8;7;2023;11:40;1;24;24484;1;3;1;3;rd6089;45,122566;0,873199
202300014131;1;6;2023;08:30;1;75;75120;2;2;1;1;RUE EVARISTE GALOIS;48,874086;2,413048
202300014132;10;8;2023;12:00;1;35;35284;1;1;1;2;D137;48,612413;-1,981857
202300014133;22;11;2023;09:15;1;95;95177;2;1;1;1;PIERRE ET MARIE CURIE (RUE);49,115312;2,019269
202300014134;7;7;2023;19:15;1;85;85154;1;1;1;3;RD 89;46,679182;-0,856258
202300014135;2;6;2023;14:10;1;75;75119;2;1;1;6;PLACE MARCEL ACHARD;48,873687;2,3765
202300014136;9;8;2023;23:35;3;35;35132;1;1;1;6;Route de la Fresnais;48,611775;-1,842817
202300014137;21;11;2023;15:00;1;34;34057;2;1;1;3;720 Route de Nimes;43,637566;3,929586
202300014138;2;6;2023;11:00;1;75;75117;2;3;1;3;AVENUE DES TERNES;48,879736;2,289492
202300014139;6;7;2023;16:15;1;87;87199;1;2;1;5;D901;45,75905;0,851226
202300014140;21;11;2023;21:50;3;81;81143;1;1;1;2;Route de La Bouriette;43,532041;2,100599
202300014141;1;6;2023;22:20;5;75;75116;2;1;1;6;AVENUE PRUDHON;48,859214;2,268998
202300014142;12;8;2023;18:15;1;29;29176;1;1;8;6;D107;48,10657384;-4,24542335
202300014143;21;11;2023;12:20;1;81;81138;1;1;2;6;RD 30;43,8221195;2,0417364
202300014144;7;7;2023;10:30;1;30;30003;2;2;1;3;D979;43,558325;4,182933
202300014145;8;7;2023;06:50;2;48;48037;2;1;1;6;chemin de l'église;44,513986;3,64634
202300014146;2;6;2023;16:00;1;75;75116;2;2;1;3;RUE SPONTINI;48,86826;2,277377
202300014147;12;8;2023;16:00;1;31;31391;2;6;1;3;Place du Pré Commun;43,112658;0,934069
202300014148;22;11;2023;17:00;1;31;31188;1;1;1;1;Route de Fonsorbes;43,54613;1,204344
202300014149;2;6;2023;16:10;1;75;75116;2;1;1;3;AVENUE FOCH;48,872494;2,282906
202300014150;3;7;2023;17:00;1;52;52119;1;3;1;3;Chaudenay;47,81746546;5,49101035
202300014151;11;8;2023;18:30;1;31;31071;1;3;1;3;Route du Chateau  92 Lieu dit BONET;43,342805;1,159343
202300014152;22;11;2023;08:30;1;33;33535;2;6;1;3;D936;44,839195;-0,4899
202300014153;12;8;2023;15:50;1;1;1229;1;1;1;7;Route de Guelin;46,329438;5,162233
202300014154;7;7;2023;07:59;1;30;30020;1;1;1;3;D135;43,749801;4,304789
202300014155;2;6;2023;13:24;1;75;75116;2;2;1;3;AVENUE THEOPHILE GAUTIER;48,849936;2,272229
202300014156;12;8;2023;18:00;1;26;26063;1;1;1;7;Route de Séderon;44,301002;5,29541
202300014157;2;7;2023;01:20;4;988;98805;1;1;1;6;VE2;-22,224316;166,467816
202300014158;21;11;2023;07:59;2;22;22070;2;1;2;6;Rue de Cadolan;48,555712;-3,149595
202300014159;31;5;2023;07:35;1;75;75116;2;1;1;2;ROUTE DES TRIBUNES;48,861806;2,230303
202300014160;13;8;2023;12:00;1;26;26165;2;1;1;3;26 Avenue joseph combier;44,770765;4,841752
202300014161;4;7;2023;17:00;1;973;97309;2;3;1;7;Rue des Pionniers;4,915731;-52,281913
202300014162;21;11;2023;15:09;1;62;62609;1;1;8;3;D937;50,37220297;2,74194981
202300014163;2;6;2023;16:45;1;75;75115;2;1;1;2;RUE DE LA CONVENTION;48,838779;2,293014
202300014164;7;7;2023;16:40;1;91;91045;1;1;1;3;départementale 191;48,51659;2,381995
202300014165;13;8;2023;18:15;1;5;5045;1;3;1;1;N94;44,529923;6,42877
202300014166;21;11;2023;14:50;1;13;13215;1;1;1;2;A55-Sens Marseille vers Martigues;43,34591;5,34576
202300014167;2;6;2023;15:30;1;75;75115;2;2;1;7;RUE SAINT CHARLES;48,844754;2,283894
202300014168;12;8;2023;20:00;1;60;60123;1;1;1;7;D61;49,55951645;2,31877891
202300014169;7;7;2023;06:35;2;973;97360;1;1;7;3;Route de Maiman;5,176473;-54,324753
202300014170;20;11;2023;11:50;1;67;67482;1;1;2;7;Bretelle sortie autoroute;48,57045;7,73167
202300014171;2;6;2023;14:15;1;75;75115;2;7;1;3;PLACE DES INSURGES DE VARSOVIE;48,827499;2,292124
202300014172;8;7;2023;02:50;3;38;38530;1;1;1;6;A43;45,628054;5,170033
202300014173;21;11;2023;00:40;4;33;33063;1;1;2;1;ROCADE A 630;44,88489799;-0,5600962
202300014174;2;6;2023;13:50;1;75;75115;2;1;1;7;AVENUE DE LA PORTE DE SEVRES;48,834973;2,277581
202300014175;13;8;2023;11:30;1;7;7039;1;1;1;6;D578;45,060775;4,661894
202300014176;8;7;2023;18:15;3;988;98808;1;1;1;6;Paraouyé (Tribu);-21,27844;165,65406
202300014177;1;6;2023;18:30;1;75;75114;2;1;1;7;AVENUE PAUL APPELL;48,821542;2,327935
202300014178;13;8;2023;02:15;5;24;24253;2;1;1;6;Rue Pierre Degail;45,450351;0,451679
202300014179;21;11;2023;09:00;1;91;91689;1;1;2;3;AUTOROUTE A6;48,7271;2,31367
202300014180;8;7;2023;11:00;1;988;98811;1;1;1;1;RPN2;-21,026758;164,985552
202300014181;11;8;2023;09:20;1;87;87176;1;1;1;7;D19a1;45,656738;1,314733
202300014182;2;6;2023;21:10;2;75;75112;2;7;1;1;BOULEVARD DE PICPUS;48,844815;2,402028
202300014183;20;11;2023;22:55;3;91;91434;1;1;1;2;AUTOROUTE A6;48,66761;2,35698
202300014184;3;7;2023;08:10;1;29;29005;2;1;1;3;450 Route de Quimperlé;47,86044218;-3,59990651
202300014185;13;8;2023;11:50;1;30;30140;1;1;1;1;N/A;44,03479;3,823199
202300014186;13;8;2023;17:15;1;8;8102;1;1;1;7;N/A;49,603257;4,314741
202300014187;2;6;2023;14:25;1;75;75108;2;2;1;3;RUE DE ROME;48,88198;2,320514
202300014188;20;11;2023;21:15;3;91;91161;1;1;2;2;AUTOROUTE A6;48,69803;2,31396
202300014189;7;7;2023;17:15;1;45;45253;1;9;1;4;D927 PR 7 + 5;48,1688569;2,16728239
202300014190;2;6;2023;03:51;5;75;75108;2;2;1;3;PLACE DE LA CONCORDE;48,866781;2,322095
202300014191;13;8;2023;17:44;1;13;13069;1;1;1;1;Route de Salon;43,629296;5,133362
202300014192;20;11;2023;13:50;1;92;92004;1;1;1;2;RN315 W;48,91719011;2,30784188
202300014193;1;7;2023;14:45;1;77;77344;1;2;1;5;N330;49,052741;2,786255
202300014194;1;6;2023;11:20;1;75;75108;2;2;1;6;RUE D ARTOIS;48,873703;2,306497
202300014195;21;11;2023;20:15;3;95;95218;1;1;2;2;A15;49,03589387;2,09570646
202300014196;7;7;2023;18:00;1;77;77095;1;1;1;1;D54;48,962525;2,75068
202300014197;2;6;2023;16:10;1;75;75101;2;2;1;6;RUE MOLIERE;48,864483;2,334966
202300014198;21;11;2023;18:45;3;95;95604;1;1;2;4;A1;49,10594;2,55131
202300014199;7;7;2023;16:30;1;34;34090;1;1;1;3;RM65;43,659675;3,938731
202300014200;12;8;2023;00:07;3;86;86007;1;1;1;2;A10;46,912175;0,526537
202300014201;1;6;2023;16:55;1;75;75101;2;2;1;3;RUE DE RIVOLI;48,858537;2,34823
202300014202;21;11;2023;19:40;3;93;93027;1;1;2;2;AUTOROUTE A1;48,93412;2,38391
202300014203;8;7;2023;17:20;1;84;84054;1;1;1;1;Route de Petit Palais;43,876296;5,078084
202300014204;21;11;2023;09:15;1;93;93010;1;1;2;7;AUTOROUTE A3;48,90389;2,47134
202300014205;1;6;2023;09:13;1;75;75104;2;2;1;6;RUE DES DEUX PONTS;48,851832;2,356547
202300014206;13;8;2023;02:40;3;17;17226;1;1;1;2;A10 PK 416.600;45,94012;-0,559186
202300014207;8;7;2023;08:50;1;83;83068;1;1;1;2;D 14;43,26905;6,53753
202300014208;12;8;2023;10:50;1;59;59244;1;1;1;7;autoroute A2 PK 026.200 sens Bruxelles - Paris;50,1564198;3,15777822
202300014209;31;5;2023;09:58;1;75;75104;2;2;1;7;QUAI DE L HOTEL DE VILLE;48,853322;2,3578
202300014210;21;11;2023;09:05;1;93;93066;1;1;2;5;AUTOROUTE A1;48,93376;2,3809
202300014211;7;7;2023;12:45;1;71;71399;2;3;1;6;place des halles;46,289998;4,17717
202300014212;21;11;2023;05:15;3;95;95212;1;1;2;6;A1;49,02389297;2,53550291
202300014213;7;7;2023;22:19;3;67;67205;1;1;1;6;D37;48,674031;7,77423
202300014214;13;8;2023;06:30;1;988;98823;2;3;1;6;RT3/VU2;-21,07449;165,40245
202300014215;13;8;2023;04:00;2;988;98819;1;1;1;6;FERNHILL - RPN7;-20,36195;164,42373
202300014216;30;5;2023;12:00;1;75;75104;2;2;1;3;BOULEVARD HENRI IV;48,851054;2,362285
202300014217;21;11;2023;00:40;3;93;93078;1;1;2;7;AUTOROUTE A104;48,96346;2,52181
202300014218;13;8;2023;08:15;1;971;97111;1;1;1;6;caféière;16,325813;-61,766424
202300014219;21;11;2023;14:10;1;77;77121;1;1;2;6;A104;48,83562025;2,66525863
202300014220;8;7;2023;10:45;1;57;57663;2;3;1;3;Rue Lucie Aubrac;49,237461;6,164516
202300014221;2;6;2023;18:55;1;94;94081;2;1;1;1;Avenue Paul Vaillant Couturier;48,79475;2,39707
202300014222;21;11;2023;07:40;1;77;77372;1;1;2;2;A104;48,87593751;2,66912639
202300014223;7;7;2023;08:45;1;26;26179;1;1;1;3;D532;45,060915;4,905629
202300014224;11;8;2023;19:40;1;77;77023;2;2;2;3;D38;49,016429;2,882629
202300014225;2;6;2023;14:05;1;94;94058;1;3;1;3;98 Boulevard d'Alsace-lorraine;48,85078;2,50384
202300014226;7;7;2023;18:25;1;1;1276;1;1;1;4;Rue du pont de jons;45,81432;5,085683
202300014227;1;6;2023;23:40;5;94;94041;2;3;1;6;Quai Marcel Boyer;48,82217919;2,39282615
202300014228;20;11;2023;17:40;3;77;77121;1;1;2;6;A4;48,83189783;2,67415376
202300014229;13;8;2023;10:29;1;77;77470;2;1;1;5;29 Rue de Provins;48,739018;2,767493
202300014230;3;7;2023;14:45;1;81;81271;2;1;1;6;Route de Montauban;43,777102;1,675227
202300014231;2;6;2023;19:30;1;94;94065;2;1;1;6;Rue Mondétour;48,75625946;2,34657562
202300014232;20;11;2023;08:10;1;94;94004;1;1;1;2;N19;48,75940121;2,50031751
202300014233;8;7;2023;11:30;1;31;31318;1;1;1;7;D10F;43,217926;0,96618
202300014234;12;8;2023;22:45;3;83;83035;1;1;1;1;Route des Sources;43,19723;5,763273
202300014235;2;6;2023;13:05;1;94;94033;2;1;1;7;MARECHAL DE LATTRE DE TAS;48,8583;2,49131
202300014236;20;11;2023;06:50;4;77;77083;1;1;2;2;A4.W;48,83100751;2,60627873
202300014237;7;7;2023;16:35;1;44;44210;2;9;1;6;Boulevard de l'Atlantique;47,289557;-2,209368
202300014238;13;8;2023;10:29;1;5;5122;1;1;1;3;RN 94;44,755404;6,575038
202300014239;2;6;2023;15:00;1;94;94028;1;1;1;2;D1;48,78279;2,45952
202300014240;8;7;2023;08:30;1;29;29021;1;1;1;6;Lieu-Dit Lanveur;48,64461555;-4,34379928
202300014241;19;11;2023;03:49;3;94;94022;1;1;2;4;A86;48,77610897;2,41417148
202300014242;13;8;2023;14:20;1;73;73296;1;4;1;3;D902;45,5210257;6,91343844
202300014243;2;6;2023;17:05;1;94;94004;2;4;1;2;Avenue du Général Leclerc;48,74840561;2,50904278
202300014244;8;7;2023;16:50;1;59;59619;1;1;1;1;D932;50,24027402;3,7111729
202300014245;21;9;2023;23:50;5;74;74133;2;1;3;3;GENEVE (RUE DE);46,191467;6,213514
202300014246;7;7;2023;09:46;1;13;13211;1;1;1;6;N/A;43,29148;5,45135
202300014247;12;8;2023;22:40;3;26;26271;1;1;1;3;Route du Dauphiné;45,02492296;4,86823729
202300014248;2;6;2023;19:36;1;93;93078;2;1;1;3;46 Boulevard Robert Ballanger;48,95223891;2,52908975
202300014249;19;9;2023;18:00;1;74;74012;2;1;1;6;ILE DE FRANCE (RUE DE L');46,19028;6,24971
202300014250;4;7;2023;20:04;1;13;13106;1;1;1;2;A7-Sens Lyon vers Marseille;43,3887;5,3509
202300014251;25;8;2023;12:00;1;74;74186;1;1;1;6;route d'annecy;45,863921;6,057882
202300014252;12;8;2023;12:39;1;69;69131;2;1;2;3;Route des Monts du Lyonnais;45,688375;4,674232
202300014253;1;6;2023;18:24;1;93;93005;2;3;1;6;Boulebard Kennedy / Chemin de Savigny;48,946136;2,51510739
202300014254;14;6;2023;20:15;2;13;13005;1;1;2;6;A50-Sens Marseille vers Aubagne;43,26866461;5,58800697
202300014255;11;8;2023;14:25;1;65;65295;2;1;1;3;1 Avenue de Saint sauveur;42,873149;-0,003508
202300014256;23;8;2023;16:00;1;74;74225;1;1;1;1;D910;45,884325;5,934827
202300014257;6;7;2023;22:20;3;69;69296;1;1;1;2;Autoroute 7;45,64494;4,83059
202300014258;17;8;2023;18:45;1;74;74105;2;3;1;3;Avenue des Voirons;46,303489;6,30259
202300014259;26;5;2023;20:45;1;93;93053;2;2;1;3;Place Jeanne d’Arc / Rue de Brément;48,89006105;2,45297012
202300014260;7;7;2023;16:35;1;33;33550;1;1;1;2;ROCADE A 630;44,78161;-0,5826
202300014261;12;8;2023;15:50;1;85;85113;2;1;1;3;9 Rue jean yole;46,719887;-2,349257
202300014262;2;6;2023;19:10;1;93;93057;2;1;1;1;Chemin de Halage;48,91287706;2,50048726
202300014263;7;7;2023;16:05;1;33;33063;1;1;1;2;ROCADE A 630;44,88070806;-0,54144144
202300014264;20;7;2023;18:05;1;74;74002;1;1;1;3;pont du chêne;45,825226;6,043103
202300014265;12;8;2023;13:19;1;35;35343;1;2;1;3;La Richardais;47,851834;-1,559002
202300014266;7;7;2023;08:00;1;59;59508;1;1;1;6;AUTOROUTE A22;50,74601;3,14149
202300014267;1;6;2023;20:30;1;93;93005;2;1;1;6;Boulevard Marc Chagall;48,95249;2,49688
202300014268;16;6;2023;18:00;1;74;74042;2;1;7;3;1676 Route de bouverat;46,064527;6,437379
202300014269;4;7;2023;15:35;1;62;62193;1;1;1;6; A16;50,93473655;1,89503283
202300014270;28;7;2023;18:35;1;76;76057;1;4;1;1;Route de Fresquiennes;49,544899;0,972086
202300014271;31;5;2023;18:50;1;92;92063;2;1;1;6;BONAPARTE (AVENUE NAPOLEON) SUD;48,87266303;2,16338038
202300014272;7;7;2023;03:37;3;94;94034;1;1;1;6;A6A;48,75331485;2,33176301
202300014273;12;8;2023;17:25;1;62;62318;1;1;1;6;D940;50,53783161;1,62363068
202300014274;1;6;2023;12:00;1;74;74042;2;1;1;4;route départementale 1205;46,072293;6,426256
202300014275;2;6;2023;05:30;2;92;92050;2;9;1;6;GRANDS PRES RUE DES;48,91046304;2,21421719
202300014276;7;7;2023;00:05;3;91;91534;1;1;1;2;RN 118;48,73849;2,17867
202300014277;2;6;2023;19:20;1;92;92020;2;6;1;6;DIVISION LECLERC AVENUE DE LA;48,798125;2,28296
202300014278;11;8;2023;00:45;5;67;67447;2;3;1;3;DONON (RUE DU);48,60974;7,74463
202300014279;17;7;2023;18:20;1;14;14258;2;2;1;3;3 Rue de Rugles;48,894333;-0,18791
202300014280;6;7;2023;22:55;3;91;91345;1;1;1;2;AUTOROUTE A6;48,68702;2,32608
202300014281;7;7;2023;11:13;1;78;78133;1;1;1;6;A14;48,908182;2,051426
202300014282;27;2;2023;13:30;1;38;38421;2;2;1;3;AVENUE AMBROISE CROIZAT;45,18381;5,75435
202300014283;2;6;2023;12:00;1;92;92044;2;4;1;2;PDT WILSON(RUE) 2A24 ET 1A21;48,89061272;2,29173392
202300014284;12;6;2023;23:30;3;69;69271;1;1;1;2;Rocade Est;45,72836;4,97676
202300014285;7;7;2023;10:28;1;92;92047;1;1;1;6;A13;48,83488984;2,17313111
202300014286;12;8;2023;09:10;1;988;98818;2;3;1;3;RUE DE METZ/ROUTE DE L'ANSE VATA;-22,2771;166,44781
202300014287;1;6;2023;16:45;1;92;92036;1;1;1;1;GABRIEL PERI (AVENUE) (147/177);48,92422;2,29457
202300014288;2;6;2023;10:11;1;92;92012;2;1;1;7;ANDRE MORIZET (AVENUE) - 49/FIN - 54/FIN;48,83699462;2,23630518
202300014289;11;8;2023;18:07;2;974;97411;2;9;8;7;RIVIERE DES PLUIES (ROUTE DE LA);-20,90249;55,50279
202300014290;19;11;2023;20:15;5;30;30351;2;9;1;3;JACOB;43,975125;4,782559
202300014291;6;7;2023;23:55;5;92;92076;1;1;1;3;A13;48,83169441;2,14920613
202300014292;3;6;2023;01:10;3;14;14710;1;1;1;6;Route des Veines;48,897972;-0,344537
202300014293;15;11;2023;07:15;1;973;97302;2;1;1;6;MERE THERESA (rue);4,92553476;-52,31280541
202300014294;11;8;2023;08:00;1;974;97407;1;9;1;3;ROUTE DU SACRE COEUR;-20,95364;55,30819
202300014295;7;7;2023;18:45;1;92;92078;1;1;1;3;AUTOROUTE A86;48,9311293;2,32352796
202300014296;15;11;2023;09:28;1;973;97302;2;1;2;2;EBOUE (ROCADE FELIX);4,92733;-52,3195
202300014297;1;6;2023;15:15;1;62;62492;1;1;1;7;D108;50,46384;1,984096
202300014298;15;11;2023;08:10;1;973;97302;2;1;1;7;BADUEL (ROND POINT DE);4,93334176;-52,30968547
202300014299;7;7;2023;18:30;1;93;93027;1;1;1;3;AUTOROUTE A1;48,93386;2,38603
202300014300;10;8;2023;21:50;3;972;97213;1;1;1;6;ROUTE NATIONALE 1;14,62498;-60,9841
202300014301;20;11;2023;16:55;2;69;69388;2;2;1;3;Rue des Serpollières;45,732;4,864
202300014302;11;8;2023;22:25;5;69;69389;2;4;1;3;107 Rue Marietton;45,77589;4,79544
202300014303;20;11;2023;00:30;5;69;69388;2;3;1;6;Rue de Narvik;45,72928;4,88517
202300014304;7;7;2023;07:20;1;95;95018;1;1;1;4;A15;48,95758;2,27564
202300014305;3;6;2023;01:50;3;66;66137;1;1;1;5;;42,471653;2,863183
202300014306;20;11;2023;14:15;1;69;69034;2;1;1;6;74 Avenue Général de Gaulle;45,808;4,85613
202300014307;11;8;2023;12:00;1;69;69202;1;3;1;2;112 Route de la Libération;45,72293885;4,78023247
202300014308;6;7;2023;22:35;3;93;93006;1;1;1;3;AUTOROUTE A3;48,86575;2,42124
202300014309;6;7;2023;14:30;1;95;95500;1;1;1;7;A15;49,03831;2,087934
202300014310;2;6;2023;18:15;1;67;67317;2;3;1;6;31 Rue Principale;48,305995;7,339709
202300014311;20;11;2023;16:40;1;2A;2A004;2;2;1;3;NAPOLEON COURS AVANT BEVERINI;41,92108;8,73734
202300014312;11;8;2023;08:40;1;69;69149;2;2;1;3;133 Avenue de l'Aqueduc de Beaunant;45,72437;4,78063
202300014313;2;6;2023;12:10;1;974;97412;1;1;2;6;Rue Jean de Cambiaire;-21,35956763;55,5965656
202300014314;6;7;2023;05:15;1;93;93066;1;1;1;6;AUTOROUTE A1;48,92705786;2,35713065
202300014315;17;3;2023;12:23;1;75;75107;2;2;1;2;RUE DE GRENELLE;48,852722;2,329378
202300014316;2;6;2023;16:35;1;57;57428;1;1;1;6;d603;49,11205;6,752048
202300014317;20;11;2023;18:30;5;95;95369;2;9;2;6;18 JUIN (AVENUE DU);49,00361;2,28831
202300014318;5;7;2023;02:00;3;93;93064;1;1;2;2;AUTOROUTE A86;48,88086587;2,4751941
202300014319;10;8;2023;20:45;5;971;97107;2;1;1;6;GERMAIN ST RUF (AVENUE );16,0517421;-61,56226516
202300014320;17;3;2023;15:45;1;94;94068;2;2;1;3;Boulevard de Champigny;48,809513;2,509715
202300014321;2;6;2023;18:10;1;83;83116;1;1;1;1;D560;43,434621;5,853395
202300014322;7;7;2023;17:55;1;77;77169;1;1;1;3;RN104;48,815808;2,623204