Num_Acc;jour;mois;an;hrmn;lum;dep;com;agg;int;atm;col;adr;lat;long
202300014323;11;8;2023;11:16;1;2A;2A004;1;1;1;2;T20;41,94141;8,80752
202300014324;20;11;2023;18:20;5;91;91477;2;4;2;6;JEAN JACQUES ROUSSEAU (RUE);48,71567;2,25563
202300014325;3;6;2023;00:50;3;35;35173;1;1;1;6;Lieu Dit la Garbotais;48,216645;-1,731538
202300014326;16;3;2023;16:55;1;94;94068;2;1;1;6;Avenue Foch;48,79807;2,50244
202300014327;11;8;2023;10:50;1;91;91223;1;1;1;3;R.D.721;48,42991;2,1842
202300014328;14;6;2023;10:30;1;77;77363;1;1;1;6;RN104;48,91469805;2,63429878
202300014329;19;11;2023;21:50;5;88;88209;2;2;3;3;MOSELLE (RUE DE LA);48,19374;6,44322
202300014330;2;6;2023;13:50;1;56;56186;2;1;1;7;64 Avenue des Druides;47,489157;-3,113591
202300014331;11;3;2023;09:05;1;94;94015;2;9;1;6;Rue Léon Menu;48,839703;2,538924
202300014332;10;8;2023;19:40;1;87;87085;2;1;1;7;BROGLIE (AVENUE LOUIS DE);45,88195;1,28927
202300014333;7;7;2023;00:20;5;974;97411;2;1;1;6;MACE (ROUTE GABRIEL);-20,91337;55,49711
202300014334;17;11;2023;18:20;5;87;87114;2;1;2;7;PUY-LA-RUE (ALLEE DE);45,84298;1,3201
202300014335;19;11;2023;12:17;1;87;87085;2;3;2;6;FONTAINEBLEAU (RUE DE);45,84346;1,25646
202300014336;6;7;2023;22:00;5;974;97411;2;9;1;2;JAURES (BLD 2 JEAN);-20,8955;55,4731
202300014337;10;8;2023;11:20;1;87;87085;1;1;1;7;GORDINI ( RUE AMEDEE);45,89314;1,28018
202300014338;16;3;2023;07:50;1;94;94028;2;3;1;3;Route de Choisy;48,78852;2,45135
202300014339;2;6;2023;19:00;1;76;76046;1;2;1;2;RD13;49,440017;1,294456
202300014340;6;7;2023;07:45;1;974;97411;2;1;1;2;MAZAGRAN (RUE);-20,8894;55,45508
202300014341;11;8;2023;01:38;3;86;86066;2;1;1;2;Chemin du Roc;46,82339;0,54959
202300014342;18;11;2023;16:19;1;87;87085;2;1;1;3;VALIN (AVENUE DU GENERAL MARTIAL);45,809609;1,27578
202300014343;30;5;2023;19:20;1;2A;2A362;2;9;7;2;t10;41,698908;9,345798
202300014344;17;3;2023;07:11;1;94;94022;2;3;1;6;Rue Christophe Colomb / Rue Vasco de Gama;48,75259807;2,41638078
202300014345;2;7;2023;00:50;4;974;97411;1;1;1;6;SAINT-FRANCOIS (BOULEVARD);-20,89928333;55,46033621
202300014346;19;11;2023;12:15;1;87;87114;2;1;2;1;LIBERATION (AVENUE DE LA);45,8251;1,29036
202300014347;2;6;2023;14:05;1;12;12128;1;4;3;3;D39;44,251377;2,15385926
202300014348;17;3;2023;08:40;1;94;94068;2;1;1;6;Avenue de la République;48,80003694;2,48593917
202300014349;11;8;2023;09:20;1;78;78372;2;3;1;6;AMIRAL LEMONNIER (AVENUE DE L');48,8786;2,09969
202300014350;17;11;2023;12:08;1;87;87085;2;1;2;3;TOULOUSE (RUE DE);45,81471;1,27808
202300014351;5;7;2023;22:10;5;974;97407;2;2;1;3;LILLE (RUE);-20,93796;55,29495
202300014352;2;6;2023;23:30;4;47;47280;2;1;1;3;Rue du Pont;44,395328;0,807109
202300014353;6;7;2023;04:10;3;973;97302;1;1;8;6;ROUTE NATIONALE 1;4,90321;-52,32417
202300014354;17;3;2023;08:00;1;94;94070;2;2;1;3;Route de Paris;48,71994695;2,56636092
202300014355;2;6;2023;18:20;1;25;25299;1;1;1;6;RD 21;47,320287;6,388164
202300014356;10;8;2023;19:34;1;77;77487;1;3;1;3;D 605;48,53637;2,7034
202300014357;18;11;2023;19:13;5;84;84007;2;6;1;2;PIERRE SEMARD (avenue);43,93938;4,82119
202300014358;17;3;2023;16:18;1;93;93073;2;3;1;6;Route de Roissy / Rue des Fosses;48,97795;2,55645
202300014359;6;7;2023;10:35;1;69;69386;2;4;1;6;Boulevard des Belges;45,76976;4,85726
202300014360;2;6;2023;19:00;1;44;44188;1;3;1;3;1bis le maupas;47,009816;-1,65363
202300014361;18;11;2023;18:09;2;30;30351;2;2;1;6;VERDUN AVENUE DE;43,96793;4,79865
202300014362;6;7;2023;08:40;1;972;97209;1;1;1;6;SOLEIL LEVANT (BOULEVARD DU);14,620014;-61,0390265
202300014363;11;8;2023;14:45;1;77;77243;2;3;1;3;GENERAL LECLERC  (AVENUE DU);48,87657;2,69953
202300014364;25;5;2023;15:45;1;29;29106;1;1;1;6;D770;48,08849436;-4,07566488
202300014365;17;3;2023;11:15;1;93;93070;2;1;1;6;Rue Ardoin;48,911708;2,325141
202300014366;6;7;2023;19:45;1;69;69389;2;3;1;6;Montée de Balmont;45,78245;4,79697
202300014367;2;11;2023;19:50;5;80;80001;2;6;3;6;GENERAL LECLERC (du);50,106597;1,84544
202300014368;10;8;2023;17:30;1;76;76351;2;2;1;6;LOUIS BRINDEAU;49,49134;0,10528
202300014369;17;3;2023;09:30;1;93;93066;2;1;1;2;Avenue Lénine;48,942498;2,364629
202300014370;3;6;2023;11:45;1;38;38559;1;4;1;6;Route de Varacieux;45,226657;5,371849
202300014371;11;8;2023;10:00;1;71;71270;2;1;1;6;LYON (ROUTE DE);46,28492;4,80731
202300014372;17;3;2023;09:20;1;93;93077;2;1;1;3;30 Allée de la Tour;48,89672;2,50447
202300014373;9;8;2023;14:25;1;71;71270;2;1;1;7;LIBERTE (BOULEVARD DE LA);46,30377;4,81994
202300014374;20;11;2023;12:50;1;76;76575;2;1;8;6;Avenue des Canadiens;49,401379;1,064717
202300014375;2;6;2023;17:45;1;1;1323;1;2;1;3;chemin des chapelles;46,41839;4,91738
202300014376;6;7;2023;12:25;1;2B;2B120;2;1;1;6;11 - RT;42,65491;9,44115
202300014377;17;3;2023;18:35;1;93;93032;2;1;2;1;Avenue des Marronniers;48,87215197;2,55930215
202300014378;11;8;2023;17:30;1;69;69266;2;3;1;3;Rue Dedieu;45,76959;4,8699
202300014379;2;6;2023;14:45;1;1;1130;2;1;1;7;260 Chemin de Balvay;46,313148;5,195361
202300014380;19;11;2023;19:15;5;76;76540;2;3;1;3;Boulevard de l'Yser;49,44774;1,10208
202300014381;5;7;2023;16:50;1;971;97101;1;3;1;3;PERRIN;16,29367;-61,51119
202300014382;17;3;2023;21:45;5;93;93029;2;1;1;6;Rue Fernand Péna;48,91526101;2,43200451
202300014383;11;8;2023;00:45;3;69;69275;2;6;1;6;Chemin des Pépinières;45,78295;4,95388
202300014384;6;7;2023;08:00;1;2A;2A004;2;1;1;6;SEBASTIANU COSTA BD;41,941765;8,748614
202300014385;17;3;2023;22:15;5;93;93008;2;9;2;3;Rue de Paris;48,90196515;2,46003896
202300014386;19;11;2023;07:10;5;76;76351;2;1;1;2;GRAVILLE (BD DE);49,49048;0,14934
202300014387;5;7;2023;12:00;1;95;95427;2;1;1;6;JEAN MERMOZ (RUE);48,97411;2,34014
202300014388;3;6;2023;01:40;3;58;58223;1;1;1;3;Grandchamp;47,041612;3,571281
202300014389;11;8;2023;03:00;5;69;69199;2;1;1;1;Place Georges Girardet;45,70562807;4,85322862
202300014390;16;3;2023;18:00;1;92;92050;2;1;1;6;CLEMENCEAU GEORGES AVENUE N° PAIR;48,8853339;2,22361028
202300014391;6;7;2023;11:30;1;95;95510;1;1;1;6;N14;49,05835025;2,00296909
202300014392;17;3;2023;15:45;1;92;92049;2;1;1;7;GAMBETTA AVENUE LEON N° IMPAIRS;48,81434236;2,3210831
202300014393;10;8;2023;14:58;1;68;68224;2;1;1;3;WALLACH (BOULEVARD ALFRED);47,74007;7,34143
202300014394;20;11;2023;08:48;1;74;74281;1;1;1;4;CONTOURNEMENT;46,36166;6,49074
202300014395;17;3;2023;15:55;1;92;92040;2;1;1;2;GAMBETTA (BOULEVARD);48,82731;2,27786
202300014396;3;6;2023;07:40;1;14;14371;1;1;1;7;2780 Route de Saint-Pierre-en-Auge;48,993777;0,11838
202300014397;7;8;2023;19:42;1;68;68066;2;9;1;1;MULHOUSE (RUE DE);48,07066;7,3411
202300014398;16;3;2023;12:08;1;92;92036;2;1;1;6;INDUSTRIE (RUE DEL');48,932049;2,310725
202300014399;19;11;2023;16:04;1;72;72181;2;9;1;3;Robert Jarry (Bd);47,998;0,189
202300014400;5;7;2023;19:10;1;87;87050;2;1;1;2;BUXEROLLES (ROUTE DE);45,87684;1,24366
202300014401;11;8;2023;13:30;1;67;67482;2;1;1;2;RHIN (AVENUE DU);48,57271;7,75994
202300014402;1;6;2023;16:40;1;14;14456;1;3;1;1;Route des Pédouze;49,122192;-0,131487
202300014403;6;7;2023;17:10;1;85;85191;2;1;1;2;AQUITAINE AVENUE ALIENOR D' (SECTEUR 310;46,68675;-1,42996
202300014404;15;3;2023;21:10;5;92;92025;2;3;1;3;GENERAL LECLERC (PLACE DU);48,922682;2,252581
202300014405;20;11;2023;09:35;2;69;69271;2;1;5;3;72 Avenue du Progrès;45,72996423;4,96370385
202300014406;11;8;2023;14:55;1;67;67180;2;9;1;3;DEPUTE HALLEZ (CHEMIN DU);48,79633;7,77023
202300014407;17;3;2023;23:25;5;92;92024;2;3;2;7;GEORGES COURTELINE (RUE);48,904657;2,30963141
202300014408;9;8;2023;08:40;1;64;64445;2;1;1;3;CATHERINE DE BOURBON;43,32499;-0,35727
202300014409;6;7;2023;22:30;5;83;83137;2;1;8;5;LECLERC (AVE GENERAL);43,1257;5,92832
202300014410;2;6;2023;17:10;1;50;50074;1;4;1;3;Rue des Pélerins;48,726345;-1,192167
202300014411;17;3;2023;10:25;1;92;92012;2;1;1;1;POINT DU JOUR (QUAI DU);48,8316;2,25824
202300014412;20;11;2023;10:15;1;64;64445;2;2;1;3;ALSACE LORRAINE D';43,3055;-0,37455
202300014413;11;8;2023;15:15;1;64;64102;2;1;1;2;PLANTOUN (AVENUE);43,49502;-1,45746
202300014414;17;3;2023;19:40;5;92;92002;2;6;3;3;ADOLPHE PAJEAUD (RUE);48,741586;2,28433415
202300014415;1;7;2023;02:38;3;83;83098;1;1;1;6;PLAINES (CHEMIN DES);43,113991;6,036872
202300014416;2;6;2023;19:00;1;90;90065;1;1;1;7;Route du Ballon d?Alsace;47,798368;6,839397
202300014417;19;11;2023;14:55;1;64;64269;2;6;7;7;D817;43,30786;-0,30769
202300014418;17;3;2023;12:45;1;24;24463;1;1;1;1;Lieu dit les  fourches;45,347093;1,085908
202300014419;31;7;2023;22:33;5;63;63014;2;2;1;4;MARGERIDE (AVENUE DE LA);45,75973;3,12294
202300014420;1;6;2023;07:40;1;60;60044;2;1;1;6;Rue du Général Leclerc;49,300669;2,332385
202300014421;3;6;2023;23:25;5;83;83069;2;1;1;7;GAMBETTA (AVENUE);43,11803021;6,12859172
202300014422;18;11;2023;18:15;3;64;64125;2;9;1;2;BIARRITZ (AVENUE DE);43,4539;-1,57371
202300014423;22;2;2023;19:00;3;95;95313;1;1;2;3;A16;49,11835546;2,25256335
202300014424;11;8;2023;08:35;1;63;63113;2;2;1;6;Jean Bapt Dumas / Blanzat;45,78714535;3,08465034
202300014425;11;8;2023;09:10;1;60;60057;2;9;1;3;N/A;49,4421777;2,09380209
202300014426;20;11;2023;12:25;1;64;64024;2;1;2;3;PLAGES (BOULEVARD DES);43,5088;-1,53137
202300014427;16;3;2023;07:40;2;37;37188;1;6;1;3;D109;47,062025;0,559831
202300014428;3;6;2023;07:14;1;45;45195;2;4;1;3;1 Route d’Athouas;48,104537;2,188092
202300014429;4;7;2023;16:10;1;78;78361;1;1;1;1;RUE NATIONALE;48,997495;1,668901
202300014430;9;3;2023;11:44;1;86;86153;2;1;1;7;Route de Bouresse;46,404827;0,695781
202300014431;11;8;2023;08:12;1;59;59350;2;3;1;6;SAINT SEBASTIEN RUE;50,64731316;3,05984025
202300014432;18;3;2023;10:00;1;38;38199;1;1;1;6;Route de Bérardier;45,507482;4,921092
202300014433;20;11;2023;09:20;1;62;62895;1;1;1;4;D165;50,48758;2,86511
202300014434;10;8;2023;08:40;1;56;56121;2;1;1;5;ROBELIN (RUE);47,74164;-3,38179
202300014435;18;3;2023;09:55;1;95;95487;2;1;7;6;Avenue Jacques Vogt;49,154079;2,270324
202300014436;15;5;2023;14:00;1;73;73255;1;3;1;3;Rue de la Crouze / Rte des Grands Prés;45,346958;6,303084
202300014437;16;11;2023;11:50;1;62;62427;2;9;2;3;Chemin de Noyelles;50,40106055;2,97791255
202300014438;10;8;2023;11:15;1;54;54578;2;1;1;1;Avenue Paul Muller;48,66684;6,14588
202300014439;18;3;2023;10:30;1;68;68143;2;1;1;6;27 Rue du Général De Gaulle;48,110501;7,42318
202300014440;10;8;2023;08:40;1;54;54184;2;1;1;6;Avenue de Saulxures;48,70546;6,2455
202300014441;6;7;2023;18:15;1;77;77479;1;3;1;3;CHE DU GUE DE LAUNAY;48,87688405;2,64914598
202300014442;20;11;2023;08:00;1;62;62193;2;1;3;1;Avenue Yervant Toumaniantz;50,95335;1,88857
202300014443;2;6;2023;21:40;1;10;10268;1;9;1;6;D919;48,494455;3,523425
202300014444;14;3;2023;14:30;1;26;26353;1;1;1;7;Autoroute A7 Péage Montélimar-Nord (Embranchement d'autoroute);44,669454;4,795071
202300014445;11;8;2023;03:40;5;50;50129;2;1;1;6;LUCET (RUE);49,62396;-1,61593
202300014446;18;3;2023;00:12;3;62;62579;1;1;2;6;D35;50,183219;2,669549
202300014447;20;11;2023;08:00;1;61;61001;2;6;1;3;D438;48,43418;0,09402
202300014448;2;6;2023;17:20;1;7;7089;1;1;1;6;175 Chemin Rural de Font Aube;45,306809;4,740381
202300014449;10;8;2023;12:45;1;49;49099;1;1;1;3;VIEILLE ROUTE DU MAY;47,09279;-0,84421
202300014450;6;7;2023;09:45;1;76;76540;2;2;1;3;Boulevard de l'Europe;49,42816;1,081
202300014451;18;3;2023;15:14;1;51;51386;1;1;1;7;D375;48,806242;3,53852
202300014452;10;8;2023;15:35;1;49;49353;2;1;1;7;PARMENTIER;47,452371;-0,514011
202300014453;15;1;2023;00:50;3;78;78291;1;1;2;6;D113;48,964385;1,760044
202300014454;2;6;2023;18:20;1;30;30276;1;1;1;6;;43,607999;4,193591
202300014455;18;3;2023;19:45;3;79;79277;1;1;1;6;N/A;47,051485;-0,223042
202300014456;10;8;2023;13:39;1;49;49007;2;1;1;7;CUL D'ANON CHEMIN;47,47604;-0,51525
202300014457;6;7;2023;12:05;1;74;74012;2;1;1;2;ETREMBIERES (ROUTE D');46,18918;6,23298
202300014458;17;3;2023;11:00;1;65;65258;2;1;7;6;Rue des Résistants;43,113852;0,384371
202300014459;11;8;2023;21:40;2;37;37050;1;1;2;7;RD 37;47,33083373;0,67848659
202300014460;19;11;2023;22:39;5;59;59512;1;1;2;5;DUNKERQUE (QUAI DE);50,7047492;3,16707993
202300014461;3;6;2023;02:45;3;8;8468;1;1;1;6;2 Pre du Seigneur;49,776927;4,458674
202300014462;18;3;2023;15:45;1;69;69214;1;1;1;6;Route du Bancillon;46,003788;4,342212
202300014463;1;6;2023;14:10;1;973;97309;2;1;1;6;Route de Montjoly;4,91435018;-52,27418125
202300014464;21;11;2023;01:10;5;59;59350;2;2;1;6;ROYALE RUE;50,64212;3,05644
202300014465;11;8;2023;22:15;5;37;37261;2;3;1;3;ALOUETTE (AVENUE);47,36414;0,7037
202300014466;5;7;2023;17:55;1;74;74012;2;1;1;3;SALEVE (RUE DU);46,19252;6,22877
202300014467;11;8;2023;13:45;1;37;37261;2;2;1;3;PREUILLY (BOULEVARD);47,39345;0,67191
202300014468;17;3;2023;21:00;3;49;49248;1;1;1;6;la peurière;47,760813;-1,202724
202300014469;3;6;2023;04:50;3;1;1049;1;1;1;6;autoroute A42;45,8354;5,034758
202300014470;6;7;2023;14:10;1;69;69259;2;1;1;1;Allée des Savoies;45,7172;4,85963
202300014471;17;11;2023;15:15;1;59;59509;2;1;8;4;MARTYRS DE LA RESISTANCE (AVENUE DES);50,41485;3,10766
202300014472;11;8;2023;18:30;1;33;33063;2;1;1;2;Quai des Chartrons;44,85246;-0,56766
202300014473;11;8;2023;12:15;1;33;33529;1;1;1;3;RD 1250 (OUSTALET - BONNEVAL);44,61835;-1,12618
202300014474;17;3;2023;16:46;1;49;49183;2;1;2;6;2 Rue du Genêt;47,510553;-0,983344
202300014475;2;6;2023;19:15;1;68;68278;2;1;1;3;57 Rue de Habsheim;47,744792;7,412258
202300014476;5;7;2023;12:15;1;69;69259;2;9;1;6;Boulevard Irène Joliot Curie;45,711;4,88253
202300014477;18;11;2023;04:55;4;59;59122;2;2;2;3;PARIS (AVENUE DE);50,16789;3,2299
202300014478;11;8;2023;19:30;1;31;31555;2;6;1;3;AV LUCIEN BAROUX;43,58937;1,47881
202300014479;17;3;2023;16:22;1;44;44142;1;2;2;6;18 Chez Genicot;47,036179;-1,417349
202300014480;20;11;2023;05:50;5;51;51454;2;1;1;7;BOIS D'AMOUR (RUE DU);49,25796;4,00554
202300014481;6;7;2023;08:30;1;67;67447;2;1;1;6;HAUSBERGEN (ROUTE DE);48,60733;7,72273
202300014482;3;6;2023;11:40;1;37;37185;2;6;1;6;D1;47,442892;0,994764
202300014483;10;8;2023;00:30;5;31;31555;2;1;1;6;BOULINGRIN;43,595;1,45194
202300014484;18;3;2023;10:30;1;38;38261;2;1;1;6;grande rue;45,677176;5,469665
202300014485;20;11;2023;17:29;2;51;51230;2;1;8;6;HUIT MAI 1945 (AVENUE DU);49,029727;3,953556
202300014486;2;6;2023;21:35;1;77;77420;1;1;1;6;D41;49,04050768;2,71581478
202300014487;11;8;2023;11:00;1;13;13054;2;1;1;1;ANTOINE DE SAINT EXUPERY (RUE );43,41701;5,21883
202300014488;5;7;2023;17:30;1;67;67180;1;1;1;1;RD263;48,88467;7,82755
202300014489;18;3;2023;12:30;1;15;15202;1;1;1;1;D922;45,12355;2,41269
202300014490;18;11;2023;18:15;1;50;50129;2;9;2;6;INDUSTRIES (RUE DES);49,63286;-1,58835
202300014491;2;6;2023;02:20;3;95;95212;1;1;1;7;D165;49,036468;2,564127
202300014492;4;7;2023;17:00;1;66;66136;2;3;1;6;Boulevard Georges Clemenceau;42,70082;2,89169
202300014493;11;8;2023;19:47;1;13;13216;2;1;1;3;FENOUIL (BOULEVARD);43,35805;5,32082
202300014494;20;11;2023;17:25;1;49;49007;1;1;2;2;RD 323;47,46899;-0,58739
202300014495;16;3;2023;14:00;1;1;1263;2;3;1;3;Avenue du Marquet;46,08062631;4,76908967
202300014496;22;12;2023;18:28;5;56;56083;2;1;1;7;POMPIDOU ( AVENUE GEORGES );47,80253;-3,26526
202300014497;2;6;2023;13:15;1;91;91338;2;1;1;2;Rue du Couvent;48,64383;2,075531
202300014498;11;8;2023;19:45;1;13;13208;2;1;1;6;MONTREDON (AVENUE DE);43,24138772;5,36843039
202300014499;20;11;2023;17:00;1;49;49015;2;1;1;3;DE GAULLE AVENUE DU GENERAL;47,503;-0,59192
202300014500;6;7;2023;11:01;1;63;63075;2;4;1;6;ROYAT (AVENUE DE);45,77572765;3,06715965
202300014501;18;3;2023;04:45;3;26;26165;2;1;1;2;Route de fiancey;44,80618523;4,8554155
202300014502;26;12;2023;14:30;1;54;54575;1;1;8;6;D26B;49,48041;5,85916
202300014503;8;6;2023;15:20;1;62;62193;2;1;1;6;Rue de Tunis;50,94483;1,82953
202300014504;20;11;2023;15:44;1;49;49353;2;6;1;7;JEAN JAURES RUE;47,44063;-0,48947
202300014505;29;5;2023;09:55;1;34;34154;1;3;1;2;3 Chemin du Bosc Viel;43,603986;3,998348
202300014506;20;2;2023;17:24;1;6;6079;2;1;1;3;325 Avenue Janvier Passero;43,549482;6,938412
202300014507;5;7;2023;11:15;1;54;54395;2;1;1;2;Rue de Villers;48,6844418;6,16604984
202300014508;2;6;2023;16:50;1;34;34057;1;1;1;1;RM65;43,643265;3,896059
202300014509;21;12;2023;16:00;1;49;49007;2;1;8;3;AYRAULT;47,47723;-0,55334
202300014510;20;11;2023;13:30;1;49;49007;2;6;1;3;BOQUEL;47,48538;-0,55372
202300014511;5;7;2023;17:45;1;54;54280;2;9;1;6;Rue d'Arly;49,22555;6,01642
202300014512;21;12;2023;16:45;1;44;44109;2;1;1;7;4 Boulevard Guy Mollet;47,24592;-1,55531
202300014513;18;11;2023;23:35;3;45;45338;1;1;2;6;39 Rue de la Surandière;47,98078;2,68669
202300014514;2;6;2023;20:50;2;6;6157;2;3;1;3;place antony mars 06140;43,721913;7,114423
202300014515;17;3;2023;19:05;5;45;45059;2;1;2;1;D2157 PR 11 + 11;47,934754;1,763467
202300014516;19;11;2023;01:07;3;45;45068;2;1;2;6;2 Rue Nelson Mandela;48,01318;2,72875
202300014517;17;3;2023;22:45;3;18;18073;1;1;5;7;N/A;46,897347;2,295509
202300014518;26;12;2023;21:18;5;37;37233;2;1;1;3;MOTTE (RUE DE LA);47,38610351;0,76058328
202300014519;20;11;2023;17:20;2;41;41269;2;1;1;3;TUILERIE (RUE DE LA);47,79048;1,07342
202300014520;18;3;2023;08:30;1;10;10351;1;1;1;3;Rue du Poncelat;48,431279;3,680377
202300014521;23;12;2023;05:35;3;34;34032;1;1;1;1;ROUTE DE BEDARIEUX (RD.909);43,38177;3,2227
202300014522;18;3;2023;04:15;3;10;10106;1;1;1;7;D951;48,45965094;3,41335982
202300014523;17;11;2023;14:07;1;41;41018;2;1;1;6;CHAILLES (LEVEE DE);47,57428;1,32344
202300014524;5;7;2023;13:30;1;52;52448;2;1;1;6;FRACHON (AVENUE BENOIT);48,64425;4,95939
202300014525;3;6;2023;09:05;1;13;13100;1;1;1;3;D99, PK 21+305;43,79602;4,803793
202300014526;22;12;2023;19:30;3;34;34032;2;1;1;7;LAZARE JOSEPH (AV);43,333746;3,223159
202300014527;18;3;2023;14:30;1;7;7296;1;2;1;3;Avenue de l'Espinasse;44,581233;4,391876
202300014528;16;6;2023;20:50;1;49;49099;1;2;1;3;Lieu dit la Savardière;47,08996;-0,84231
202300014529;20;11;2023;13:46;1;40;40281;1;1;1;5;ROCADE SUD (RD 824);43,8665;-0,50963
202300014530;3;6;2023;05:30;2;25;25198;2;1;1;6;42 Grande Rue;47,536069;6,67715
202300014531;20;11;2023;14:00;1;38;38185;2;9;1;6;REYNOARD (AV. M.);45,16402;5,72878
202300014532;28;12;2023;07:00;5;29;29019;2;6;1;3;rue Amiral Romain-Desfossés;48,426067;-4,477547
202300014533;3;6;2023;09:30;1;71;71275;2;1;1;3;8 Rue de la Chenale;46,275512;4,041938
202300014534;17;3;2023;21:38;3;17;17366;1;1;1;6;Route de Chamadelle D260;45,121302;-0,090015
202300014535;5;7;2023;19:00;1;49;49007;2;1;1;3;BERGSON;47,44515;-0,56237
202300014536;20;11;2023;07:35;1;37;37261;2;1;1;6;MARECHAL JUIN (BD);47,41224;0,70295
202300014537;17;3;2023;21:00;5;87;87105;2;1;1;6;Rue du Stade;45,724649;1,6144
202300014538;2;6;2023;19:54;1;21;21390;2;6;1;1;D974;47,27928635;5,0070185
202300014539;5;7;2023;12:30;1;49;49007;2;2;1;3;AYRAULT;47,47737;-0,55323
202300014540;27;12;2023;00:35;5;15;15014;2;1;1;6;Avenue du 4 Septembre;44,922564;2,434894
202300014541;2;6;2023;09:20;1;68;68063;1;6;1;3;D1066;47,795355;7,158596
202300014542;20;11;2023;17:30;3;35;35238;1;1;2;4;N136;48,11161;-1,71847
202300014543;17;3;2023;16:30;1;37;37204;1;2;2;3;D48;47,538282;0,631456
202300014544;6;7;2023;08:00;1;47;47001;2;3;1;3;JAURES (AV. JEAN);44,19499;0,6425
202300014545;3;6;2023;12:50;1;54;54318;2;1;1;7;Avenue Eugène Lerebourg;48,752829;6,06146
202300014546;26;12;2023;15:50;2;13;13054;2;2;1;3;SIGNORE (BD DE LA );43,4211;5,20777
202300014547;20;11;2023;16:05;1;35;35238;2;3;8;3;ARMORIQUE (BD D');48,13061;-1,67641
202300014548;14;3;2023;12:05;1;88;88516;2;4;1;3;Rue de la Voivre;48,203368;5,96468
202300014549;6;7;2023;18:50;1;45;45234;2;8;1;1;Pont George V;47,89634;1,90437
202300014550;3;6;2023;10:10;1;1;1249;1;3;1;7;Route du Mas Rillier;45,846159;4,935935
202300014551;20;11;2023;23:40;3;33;33063;2;1;2;1;Bretelle de sortie A630 E4 via Cours Charles Bricaud;44,8859;-0,5612
202300014552;25;12;2023;16:05;2;13;13210;2;1;7;6;PAUL CLAUDEL (BOULEVARD);43,26819;5,41863
202300014553;6;7;2023;13:12;1;45;45004;2;1;1;6;D2107 PR 2 + 10;47,97600637;2,73334446
202300014554;17;3;2023;08:35;1;987;98745;2;1;1;1;PK 0.9 Coté Montagne - RC Ouest - Secteur Patio;-16,62;-151,496
202300014555;20;11;2023;17:42;5;32;32013;2;1;2;3;FRANCOIS MITTERAND (Rue);43,65961;0,58933
202300014556;22;12;2023;18:35;5;11;11262;2;1;1;3;12 Boulevard Gambetta;43,18241;3,00728
202300014557;16;3;2023;18:40;5;987;98745;2;1;1;2;PATIO devant creperie de TAHAA (magasin RONALD);-16,62;-151,496
202300014558;5;7;2023;19:00;1;43;43041;2;1;1;2;9 Cote de Tireboeuf;45,04959376;3,90612792
202300014559;3;6;2023;11:30;1;14;14680;1;1;1;1;4 Route des Hauts Vents;49,298683;-0,735767
202300014560;17;3;2023;23:15;3;67;67506;1;1;1;6;Autoroute A4 - PK 472.800 à PK 472.900- Sens de circulation PARIS vers STRASBOURG;48,678228;7,734096
202300014561;20;11;2023;16:35;1;31;31555;2;1;8;6;CHE CASSAING;43,6166;1,47295
202300014562;25;12;2023;16:26;1;10;10387;2;2;1;3;JULIEN GREE (RUE);48,282;4,0908
202300014563;2;6;2023;15:00;1;56;56152;2;4;1;3;Route de Sauzon;47,349204;-3,160694
202300014564;18;3;2023;10:00;1;13;13058;1;1;1;6;D5;43,749676;4,832997
202300014565;6;7;2023;11:20;1;37;37261;2;1;1;2;STENDHAL (AVENUE);47,36821;0,70884
202300014566;20;11;2023;09:56;1;27;27229;2;1;1;3;DUNANT (RUE HENRI);49,02881;1,17426
202300014567;2;6;2023;07:45;1;22;22081;2;1;1;7;Rue des Vergers;48,487017;-2,640865
202300014568;26;12;2023;05:55;5;7;7102;1;6;1;6;Chemin des MULETS;44,92346;4,85992
202300014569;3;7;2023;11:30;1;35;35288;2;1;1;6;CHATEAUBRIAND (BOULEVARD);48,65899;-1,99418
202300014570;17;3;2023;22:10;3;11;11262;1;9;1;2;Autoroute A9 - PK 187.000;43,175326;3,031197
202300014571;2;6;2023;08:20;1;35;35194;1;3;1;6;D794;48,1514;-1,25972
202300014572;20;11;2023;15:47;1;17;17291;1;1;1;4;NATIONALE  ROUTE;46,17374;-1,114883
202300014573;30;6;2023;00:30;3;35;35241;1;1;1;2;RANCE (BARRAGE DE LA);48,61740165;-2,02786011
202300014574;18;3;2023;14:50;1;13;13021;1;1;1;6;D9;43,343902;5,169743
202300014575;22;12;2023;02:20;3;6;6069;2;1;1;6;ROUQUIER (BOULEVARD EMMANUEL);43,64246;6,94222
202300014576;1;6;2023;19:40;1;69;69199;1;1;1;2;Route Départementale 383 ;45,71606;4,84713
202300014577;16;11;2023;17:27;2;16;16102;2;1;2;2;HUGO (AVENUE VICTOR);45,68881399;-0,31583548
202300014578;5;7;2023;19:40;1;34;34172;2;1;1;3;455 Rue de l'Industrie;43,586938;3,883274
202300014579;26;12;2023;12:20;1;4;4070;2;9;1;6;ALPILLES (CH. DES);44,0813889;6,20583
202300014580;18;3;2023;12:45;1;78;78470;1;2;2;3;RD 176;48,579276;1,818581
202300014581;19;11;2023;18:40;3;13;13071;2;1;1;1;POURRANQUE ( CHEMIN DE LA );43,41491;5,29784
202300014582;26;12;2023;12:15;1;75;75118;2;1;1;2;PORTE DE SAINT OUEN;48,900701;2,334452