Num_Acc;jour;mois;an;hrmn;lum;dep;com;agg;int;atm;col;adr;lat;long
202300014583;20;11;2023;14:45;1;13;13213;2;1;1;2;FRÉDÉRIC MISTRAL (AVENUE);43,3234386;5,45376226
202300014584;17;3;2023;14:30;1;38;38003;1;2;1;3;D519;45,32715;4,875333
202300014585;29;4;2023;09:15;1;38;38336;1;9;8;2;A7   32.870 A 35.680;45,47256;4,83295
202300014586;17;3;2023;19:40;3;61;61433;1;1;1;6;D2 PR10+480;48,488681;-0,017761
202300014587;20;11;2023;08:45;1;13;13208;2;9;1;6;PIERRE GUERRE (ROND-POINT);43,25;5,38
202300014588;25;12;2023;17:00;1;75;75115;2;1;1;6;PORTE BRANCION;48,825912;2,298574
202300014589;9;5;2023;05:29;4;69;69266;1;1;1;6;Route Départementale 383;45,76147;4,90973
202300014590;19;11;2023;09:40;1;10;10387;2;1;1;7;CHARMILLES (MAIL DES);48,3009;4,08727
202300014591;1;7;2023;10:15;1;34;34032;2;3;3;1;28 Impasse Anne Frank;43,33643;3,24382
202300014592;18;3;2023;05:20;3;60;60103;1;1;1;6;route nationale 31;49,416669;2,239838
202300014593;2;6;2023;07:27;1;33;33063;1;1;1;7;ROCADE A 630;44,8846;-0,5612
202300014594;18;11;2023;17:26;5;10;10387;2;1;3;6;CHOMEDEY DE MAISONNEUVE (AVE);48,30685;4,07033
202300014595;25;12;2023;13:30;1;75;75120;2;1;1;2;PORTE DE MONTREUIL;48,859033;2,41411
202300014596;17;3;2023;20:05;5;80;80561;2;1;2;6;1 Avenue Paul Doumer;49,647872;2,570672
202300014597;6;7;2023;09:05;1;33;33063;2;3;1;3;Boulevard Alfred Daney;44,875;-0,5542
202300014598;20;11;2023;08:00;1;6;6069;2;1;1;7;MARIGARDE (ROUTE DE LA);43,654914;6,938912
202300014599;31;5;2023;07:55;1;33;33013;1;1;1;4;ROUTE NATIONALE 89;44,86644201;-0,48696846
202300014600;6;7;2023;10:15;1;32;32013;2;1;1;7;SAMBRE ET MEUSE (AVENUE);43,64745;0,59764
202300014601;18;3;2023;11:30;1;59;59524;1;3;1;1;M41;50,57229157;2,88567252
202300014602;26;12;2023;01:20;5;75;75119;2;2;1;2;AVENUE DE FLANDRE;48,892317;2,379133
202300014603;6;7;2023;10:16;1;29;29232;1;1;1;3;Route de Penvern;48,0309;-4,09832
202300014604;20;11;2023;09:55;1;5;5061;2;3;1;3;PROVENCE (AVENUE DE);44,525792;6,048391
202300014605;14;3;2023;16:57;1;13;13207;1;1;1;6;Tunnel Joliette Marseille vers Aubagne;43,2911;5,3659
202300014606;26;12;2023;19:55;5;75;75115;2;2;2;6;RUE VASCO DE GAMA;48,837881;2,281776
202300014607;20;11;2023;12:10;1;3;3185;2;9;1;1;Avenue du Canal du Berry;46,35184;2,59678
202300014608;5;7;2023;07:12;1;29;29039;2;9;1;3;Route de Melgven - Vc 32;47,87777;-3,8492
202300014609;2;6;2023;17:57;1;94;94038;1;1;1;3;A6B;48,77431145;2,34553563
202300014610;16;3;2023;08:01;1;13;13215;1;1;1;5;A7-Sens Lyon vers Marseille;43,37114;5,36104
202300014611;20;11;2023;19:50;5;75;75118;2;1;1;2;BD PERIPHERIQUE INTERIEUR;48,900787;2,338559
202300014612;26;12;2023;18:10;5;75;75114;2;3;2;6;RUE FROIDEVAUX;48,83637;2,326594
202300014613;13;3;2023;07:25;2;59;59586;1;1;1;2;AUTOROUTE A23;50,55511;3,17684
202300014614;2;6;2023;15:40;1;94;94021;1;1;1;3;A6A;48,76761859;2,3442356
202300014615;6;7;2023;03:55;5;29;29019;2;2;1;3;rue Marcellin Duval;48,41329;-4,48664
202300014616;20;11;2023;19:00;5;75;75118;2;1;2;3;BD PERIPHERIQUE EXTERIEUR;48,900869;2,364336
202300014617;26;12;2023;15:35;1;75;75113;2;1;1;3;QUAI DE LA GARE;48,836467;2,374614
202300014618;17;3;2023;18:00;1;94;94037;1;1;2;2;A6A;48,81520826;2,33637682
202300014619;20;11;2023;18:35;5;75;75119;2;1;1;2;BD PERIPHERIQUE EXTERIEUR;48,900503;2,384818
202300014620;2;6;2023;08:57;1;91;91216;1;1;1;4;AUTOROUTE A6;48,68545;2,32711
202300014621;6;7;2023;00:35;5;27;27229;2;1;1;6;VERNON (RUE DE);49,0244606;1,1680408
202300014622;17;3;2023;14:40;1;77;77251;1;1;1;3;RN 104;48,63235;2,5296
202300014623;19;11;2023;18:30;5;75;75116;2;1;1;2;BD PERIPHERIQUE INTERIEUR PORTE D AUPHINE;48,869784;2,271684
202300014624;26;12;2023;20:10;5;75;75112;2;3;2;6;AVENUE DE SAINT MAURICE;48,827465;2,419395
202300014625;17;3;2023;13:45;1;91;91471;1;1;1;3;RN 118;48,69827;2,19238
202300014626;6;7;2023;15:25;1;17;17415;2;6;7;3;SAINTONGE BLANC. A APOTRES AVENUE DE;45,740786;-0,626808
202300014627;19;11;2023;01:15;3;75;75120;2;1;8;5;PORTE DE BAGNOLET;48,863283;2,414083
202300014628;16;3;2023;18:40;3;78;78466;1;1;1;3;A13;48,932825;1,973916
202300014629;6;7;2023;09:00;1;17;17306;2;1;1;2;REGAZZONI (AVENUE CHARLES);45,63723;-1,03905
202300014630;1;6;2023;08:10;1;92;92050;1;1;1;5;A86;48,91808521;2,22294963
202300014631;26;12;2023;01:20;5;75;75111;2;2;1;5;RUE SEDAINE;48,855693;2,371644
202300014632;20;11;2023;17:45;5;75;75105;2;2;2;2;BOULEVARD SAINT GERMAIN;48,849504;2,352877
202300014633;16;3;2023;18:50;2;93;93048;1;1;1;5;AUTOROUTE A86;48,8645;2,48231
202300014634;7;7;2023;00:30;3;17;17200;1;1;1;7;D 105;46,19335;-1,14124
202300014635;2;6;2023;17:00;1;93;93005;1;1;1;3;AUTOROUTE A3;48,94695037;2,47598946
202300014636;26;12;2023;13:50;1;75;75104;2;1;1;6;VOIE GEORGES POMPIDOU;48,848546;2,362762
202300014637;6;7;2023;07:30;1;17;17300;2;1;1;6;EGLANTIERS   RUE DES;46,16764;-1,12366
202300014638;20;11;2023;08:00;1;75;75120;2;2;1;6;RUE DES PYRENEES;48,86665;2,397114
202300014639;16;3;2023;18:15;1;95;95241;1;1;1;3;RN 104;49,0467717;2,45605464
202300014640;2;6;2023;06:45;1;93;93005;1;1;1;2;AUTOROUTE A3;48,96157;2,47377
202300014641;26;12;2023;19:45;5;94;94021;2;8;2;6;Avenue de Stalingrad;48,76843218;2,3678906
202300014642;16;3;2023;17:00;1;95;95572;1;1;1;2;RN 184;49,0412385;2,12812338
202300014643;20;11;2023;18:30;5;75;75118;2;3;1;2;BOULEVARD NEY;48,897771;2,333427
202300014644;1;6;2023;14:45;1;93;93066;1;1;1;2;AUTOROUTE A1;48,92005;2,35853
202300014645;16;3;2023;07:00;1;95;95306;1;1;1;2;A15;49,00326696;2,16891228
202300014646;25;12;2023;22:38;5;94;94011;2;9;1;3;Rue Pierre Sémard;48,76266428;2,47877428
202300014647;19;11;2023;21:55;5;75;75114;2;9;1;3;BOULEVARD BRUNE;48,825083;2,316836
202300014648;15;3;2023;17:20;1;93;93006;1;1;1;3;AUTOROUTE A3;48,86628452;2,41411418
202300014649;1;6;2023;08:25;1;95;95488;1;1;1;2;A15;49,01412222;2,14740336
202300014650;26;12;2023;18:35;5;94;94034;2;1;2;6;Rue Henri Barbusse;48,7561223;2,32239957
202300014651;19;11;2023;09:45;1;75;75112;2;1;1;6;AVENUE DE SAINT MAURICE;48,833241;2,420385
202300014652;17;3;2023;22:40;4;94;94042;1;1;2;7;A4;48,82854107;2,47576095
202300014653;1;6;2023;08:45;1;93;93063;1;1;1;2;AUTOROUTE A3;48,87835874;2,44648683
202300014654;20;11;2023;14:57;1;75;75110;2;3;2;6;BOULEVARD DE MAGENTA;48,871438;2,360324
202300014655;26;12;2023;15:55;1;94;94018;2;2;1;3;Rue de Conflans;48,822354;2,410712
202300014656;1;6;2023;08:45;1;93;93010;1;1;1;3;AUTOROUTE A3;48,90635;2,47223
202300014657;17;3;2023;21:55;5;94;94058;1;1;2;6;A86;48,84825895;2,49161327
202300014658;20;11;2023;07:40;2;75;75116;2;4;1;2;AVENUE FOCH;48,872786;2,280393
202300014659;1;6;2023;08:40;1;92;92036;1;1;1;3;AUTOROUTE A86;48,93858011;2,30135264
202300014660;26;12;2023;13:20;1;93;93078;2;6;1;2;Avenue Georges Clémenceau / Boulevard Robert Ballanger;48,96085;2,55636
202300014661;20;11;2023;10:45;1;75;75103;2;2;1;7;RUE BEAUBOURG;48,863741;2,354922
202300014662;17;3;2023;12:30;1;77;77146;1;9;1;6;A4.Y;48,832062;2,652488
202300014663;1;6;2023;04:20;3;93;93078;1;1;1;6;AUTOROUTE A104;48,96431;2,52016
202300014664;26;12;2023;02:32;3;93;93053;2;1;1;6;Avenue d'Alsace Lorraine;48,897452;2,468729
202300014665;20;11;2023;08:15;1;75;75104;2;3;1;7;BOULEVARD DE SEBASTOPOL;48,858737;2,348473
202300014666;16;3;2023;17:50;1;91;91286;2;1;1;2;ROUTE NATIONALE 7;48,66477;2,39835
202300014667;31;5;2023;17:30;1;92;92078;1;1;1;3;AUTOROUTE A86;48,93058384;2,32463231
202300014668;20;11;2023;09:20;1;94;94076;2;3;1;6;Avenue du Colonel Fabien;48,78995;2,37423
202300014669;26;12;2023;17:45;5;93;93001;2;4;2;6;Rue de Saint Denis / Rue Heurtault;48,91925;2,37825
202300014670;20;11;2023;07:40;2;94;94011;2;1;8;6;Avenue de Boissy;48,76604;2,49055
202300014671;14;3;2023;11:20;1;972;97209;1;1;1;1;REDOUTE (ROUTE DE LA);14,63587;-61,05583
202300014672;26;12;2023;19:15;2;92;92064;2;1;2;2;CARNOT;48,84572378;2,22382888
202300014673;13;1;2023;03:00;5;42;42218;2;1;1;6;Rue Liogier;45,42885;4,40275
202300014674;20;11;2023;10:01;1;94;94022;2;3;1;3;Avenue de la République;48,75837;2,40962
202300014675;16;3;2023;14:52;1;974;97416;2;3;1;6;ALBERT LUTHULI(RUE);-21,33971;55,46154
202300014676;20;11;2023;11:30;1;93;93066;2;1;1;3;Rue Gaston Philippe;48,93956707;2,35069125
202300014677;22;12;2023;20:40;5;92;92009;2;2;8;3;EUROPE (AVENUE);48,9068387;2,2614206
202300014678;20;11;2023;07:45;1;93;93066;2;1;1;3;Rue Henri Delaunay;48,92608417;2,35999452
202300014679;16;3;2023;09:20;1;974;97416;1;1;1;5;RN3 (ANCIENNE ROUTE);-21,3134;55,4942
202300014680;27;12;2023;19:30;5;76;76476;2;2;9;3;Rue des Communes;49,536489;0,601727
202300014681;2;6;2023;17:45;1;77;77258;1;1;1;2;A4.W;48,830839;2,634812
202300014682;16;3;2023;10:30;1;974;97407;2;9;1;3;ROUTE DU SACRE COEUR;-20,9569;55,314
202300014683;20;11;2023;18:50;5;93;93055;2;2;1;6;Avenue Jean Lolive;48,89158;2,40528
202300014684;16;3;2023;13:30;1;973;97302;2;1;1;3;MADELEINE (ROUTE DE LA);4,92265;-52,3234
202300014685;25;12;2023;19:10;3;57;57028;1;6;2;6;D1;49,209839;6,210237
202300014686;20;11;2023;16:45;2;93;93046;2;2;2;6;Boulevard Gutenberg / Avenue Vauban;48,91295808;2,51840734
202300014687;16;3;2023;08:35;1;973;97302;2;1;1;2;BADUEL (ROUTE DE);4,93083;-52,30561
202300014688;20;11;2023;21:30;5;93;93031;2;3;1;1;Route d'Argenteuil / Rue de Marseille;48,960886;2,293431
202300014689;2;6;2023;12:45;1;94;94073;1;1;1;2;A86;48,75910401;2,38383813
202300014690;5;11;2023;18:35;3;11;11059;1;9;1;2;route departementale 623;43,160721;2,113178
202300014691;16;3;2023;07:30;1;973;97302;2;1;1;3;N/A;4,9293;-52,2961
202300014692;25;8;2023;03:00;3;11;11410;2;1;1;6;25 Avenue Jean Jaurès;43,257839;2,412438
202300014693;2;6;2023;00:50;3;77;77337;1;1;1;6;RN104;48,82922;2,61576
202300014694;20;11;2023;20:29;5;93;93031;2;1;2;1;Avenue Salvador Allende;48,956308;2,30855
202300014695;16;3;2023;16:20;1;69;69388;2;1;1;6;21 Rue Joseph Chapelle;45,73524;4,86707
202300014696;18;9;2023;00:29;3;6;6143;2;1;1;6;la Peïruo;43,943314;7,014309
202300014697;20;11;2023;12:40;1;93;93079;2;1;1;2;Avenue de la Division Leclerc;48,95768;2,34492
202300014698;31;5;2023;15:19;1;987;98735;2;1;1;6;PRINCE HINOI (AVENUE);-17,53389403;-149,5613743
202300014699;26;12;2023;09:40;1;85;85223;1;1;1;6;A83 pk 076.400;46,537034;-1,079434
202300014700;16;3;2023;07:55;1;69;69383;2;3;1;3;68 Rue Ferdinand Buisson;45,74979;4,88985
202300014701;1;6;2023;09:20;1;974;97416;1;9;1;7;RN03;-21,32945;55,4708
202300014702;20;11;2023;18:45;3;93;93008;2;1;2;6;Rue Carnot;48,90661;2,44987
202300014703;17;9;2023;14:35;1;88;88196;1;1;1;1;PK 28.300 RD417 route d'Epinal;48,072513;6,841275
202300014704;13;3;2023;19:20;5;69;69389;2;1;2;6;74 Rue de Saint-Cyr;45,78425128;4,80839207
202300014705;1;6;2023;13:30;1;974;97407;2;1;1;1;SIMON PERNIC (RUE) ;-20,94646;55,31001
202300014706;20;11;2023;02:00;5;93;93007;2;2;1;3;Avenue Paul Vaillant Couturier / Rue Pierre Sémard;48,92932669;2,47993316
202300014707;16;3;2023;08:30;1;2B;2B120;1;1;1;3;11 - RT;42,64779;9,44028
202300014708;17;9;2023;10:50;1;57;57443;2;1;1;3;N52;49,209737;6,126772
202300014709;27;12;2023;10:20;1;41;41167;1;1;1;5;D952;47,466016;1,095162
202300014710;11;11;2023;19:45;5;92;92049;2;1;1;7;MARNE AVENUE DE LA;48,8137093;2,30490196
202300014711;1;6;2023;15:20;1;69;69383;2;1;1;2;52 Avenue Maréchal de Saxe;45,75803;4,84615
202300014712;9;3;2023;17:45;1;91;91514;1;1;2;7;CD 33;48,6712;2,52609
202300014713;1;6;2023;17:30;2;972;97209;1;1;1;2;RD 41 (ROCADE);14,60913;-61,06675
202300014714;20;11;2023;11:30;1;92;92049;2;3;1;3;BROSSOLETTE AVENUE PIERRE;48,8128;2,30166
202300014715;23;12;2023;18:20;3;26;26216;1;1;2;6;1140 Route de Saint Uze;45,19105;4,89494
202300014716;18;9;2023;08:10;1;7;7015;1;1;3;5;PK 28 D86;45,132573;4,80227
202300014717;15;3;2023;21:38;5;91;91223;2;1;1;7;PARIS (AVENUE DE);48,43983;2,16877
202300014718;15;3;2023;17:55;1;83;83137;2;1;1;6;GASQUET (AVE JOSEPH DE 1 A 1423;43,1252;5,9667
202300014719;1;6;2023;17:41;1;69;69034;2;1;1;3;112 Quai Clémenceau;45,81152;4,84602
202300014720;20;11;2023;09:25;1;75;75115;2;3;1;3;Boulevard Gallieni;48,82973149;2,2673808
202300014721;17;9;2023;10:35;1;65;65059;2;3;1;6;Place des Vignaux;43,066203;0,149367
202300014722;26;12;2023;16:40;1;41;41010;2;9;1;3;Rue de Buissay;47,854163;1,002803
202300014723;1;6;2023;10:10;1;69;69385;2;2;1;3;Rue Joliot Curie;45,75444;4,78216
202300014724;20;11;2023;18:50;3;92;92025;2;2;2;6;CHARLES DE GAULLE (BD);48,91904197;2,22299731
202300014725;16;9;2023;23:50;3;9;9003;1;9;1;6;D117;42,919302;1,891322
202300014726;18;9;2023;01:45;3;86;86062;2;6;1;7;Rue des Sables;46,646195;0,368042
202300014727;22;12;2023;17:35;3;67;67435;1;3;1;2;D8;48,917444;7,085946
202300014728;18;11;2023;23:45;5;92;92025;2;1;2;6;STALINGRAD (AV DE);48,93201;2,26635
202300014729;30;5;2023;21:45;3;971;97101;1;1;1;3;RN1-  HAUTEUR DE SORTIE LAURICISQUE;16,25315935;-61,5442729
202300014730;16;3;2023;13:30;1;77;77249;1;1;1;7;RTE DE MAISON BLANCHE;48,75;2,6125
202300014731;14;9;2023;17:00;1;85;85112;1;1;7;7;la brochetiere;46,554112;-1,765299
202300014732;1;6;2023;15:30;1;95;95277;1;1;1;1;D970;49,00573;2,42707
202300014733;20;11;2023;10:20;1;92;92024;2;2;1;3;CLICHY (QUAI DE) DE (8 A 60);48,90844989;2,30021238
202300014734;27;12;2023;16:04;1;71;71263;1;1;1;1;Rue du Jura;46,633058;5,25147
202300014735;18;9;2023;09:20;1;85;85113;2;1;1;6;9 Rue neptune;46,723866;-2,344481
202300014736;15;3;2023;16:50;1;77;77495;1;1;1;4;D306;48,57202;2,62156
202300014737;7;11;2023;21:50;5;92;92036;2;2;1;3;PIERRE DE COUBERTIN  ( BD );48,92926369;2,28446531
202300014738;16;3;2023;13:35;1;76;76351;2;4;1;3;JULES DELAMARE;49,49144;0,1612
202300014739;26;12;2023;15:40;1;71;71243;1;1;1;3;D112;46,465221;5,321503
202300014740;30;5;2023;00:30;4;91;91174;2;1;1;1;D446;48,61065;2,44896
202300014741;18;11;2023;20:10;3;63;63345;1;1;1;2;D942;45,743164;2,955
202300014742;17;9;2023;21:45;5;60;60346;2;9;3;6;Avenue de la Libération;49,149884;2,442637
202300014743;15;3;2023;07:45;1;76;76351;2;2;2;3;FLEURUS (DE);49,49262;0,1375
202300014744;27;12;2023;19:30;3;71;71218;1;1;1;6;Le Belvedere;46,311357;4,350032
202300014745;1;6;2023;18:05;1;89;89342;1;2;1;2;;48,2218;3,27106
202300014746;20;11;2023;17:30;3;54;54113;1;1;2;1;D674;48,74003465;6,33505046
202300014747;18;9;2023;17:00;1;60;60009;2;3;2;1;Rue de la Chapelle;49,40765;2,131197
202300014748;16;3;2023;19:55;5;73;73008;2;6;1;3;D50 / D991;45,68555;5,91003
202300014749;27;12;2023;12:45;1;61;61293;1;3;1;3;D8;48,520118;0,562191
202300014750;31;5;2023;14:20;1;87;87085;1;1;1;2;AUTOROUTE A20;45,89472;1,29376
202300014751;17;9;2023;00:50;5;13;13202;1;1;1;7;Tunnel Joliette Marseille vers Aubagne;43,3022;5,36465
202300014752;21;11;2023;08:30;2;95;95205;1;4;2;1;D316;49,025533;2,387091
202300014753;16;3;2023;07:45;1;72;72181;2;3;1;3;RUAUDIN (RUE) N° PAIRS 74 A 190;47,9802;0,2166
202300014754;20;11;2023;16:05;1;85;85092;2;1;1;1;4 Rue de grissais;46,46551;-0,817022
202300014755;16;9;2023;21:40;5;69;69029;1;9;1;2;Boulevard Périphérique Laurent Bonnevay;45,74247364;4,90562873
202300014756;26;5;2023;17:03;1;87;87085;2;1;1;6;LIAISON SUD ( voie de);45,81098;1,25688
202300014757;27;12;2023;12:49;1;49;49362;2;2;1;3;Boulevard Saint-vincent;47,222913;-0,061879
202300014758;15;3;2023;20:25;5;72;72181;2;2;1;3;SAVORGNAN DE BRAZZA (AV) N° PAIRS;48,0143;0,22143
202300014759;15;9;2023;00:40;3;67;67482;2;9;1;6;M35;48,57043;7,73176
202300014760;20;11;2023;16:45;1;11;11095;1;1;1;1;A61 PK 343+350;43,179309;2,583643
202300014761;29;5;2023;21:06;1;87;87085;1;1;1;6;FRAUD (RUE DU);45,85474;1,20413
202300014762;26;12;2023;03:50;3;86;86211;1;1;1;6;Lieu-dit la Borichère;46,258924;0,341855
202300014763;15;3;2023;19:22;2;72;72181;2;4;1;3;DURAND GEORGES (AV) N° IMP 313 ET plus;47,96577;0,22043
202300014764;12;9;2023;18:40;1;67;67152;1;1;1;6;M35;48,52784;7,6879
202300014765;27;5;2023;17:35;1;87;87085;2;1;1;6;CAMBUSES (Avenue des);45,89054;1,27852
202300014766;19;11;2023;15:50;1;6;6161;2;9;1;3;2507 Route Départementale 6007;43,627274;7,13265
202300014767;27;12;2023;04:15;3;68;68377;1;1;1;7;Rue de Hirsingue;47,620202;7,27367
202300014768;15;3;2023;19:45;5;71;71040;2;1;1;6;MARCEL GUEUGNEAU (RUE);46,69921;4,3927
202300014769;12;9;2023;14:40;1;67;67482;1;1;1;2;M352;48,57095;7,73496
202300014770;26;5;2023;15:56;1;87;87085;2;1;1;2;PERRIN (RUE FRANCOIS);45,82647;1,23721
202300014771;27;12;2023;00:15;3;29;29277;1;1;2;7;Vern Ar Plantec;48,41441062;-4,09525636
202300014772;21;11;2023;12:30;1;974;97404;2;3;1;1;Avenue Raymond Barre;-21,26637;55,368497
202300014773;16;3;2023;08:10;1;69;69264;2;3;1;6;Rue Jeanne Jugan;45,9929;4,70726
202300014774;2;6;2023;01:00;5;85;85191;2;1;1;7;85 Rue du maréchal joffre;46,66637;-1,42454
202300014775;16;3;2023;07:45;1;67;67482;2;1;1;6;LYON (BOULEVARD DE);48,57738;7,73127
202300014776;20;11;2023;18:45;5;60;60176;2;1;2;6;63 Rue Henri Laroche;49,225429;2,904599
202300014777;27;12;2023;17:10;2;2;2780;1;1;1;1;N/A;49,3614531;3,39632777
202300014778;1;6;2023;09:20;1;83;83090;2;6;1;6;NATIONALE 8 (ROUTE);43,13474;5,859
202300014779;20;11;2023;12:30;1;50;50214;1;1;3;6;A84;48,921741;-1,08159
202300014780;14;3;2023;19:00;2;66;66136;2;1;1;2;N/A;42,726211;2,89244
202300014781;14;3;2023;14:17;1;66;66136;2;1;1;6;ARGELES SUR MER AVENUE D';42,68151;2,9105
202300014782;27;12;2023;10:45;1;14;14478;2;1;1;2;8 Rue des Augustines;49,022128;0,40507
202300014783;17;9;2023;18:15;1;33;33474;1;1;1;4;AUTOROUTE A 62;44,672009;-0,475206
202300014784;18;11;2023;14:40;1;62;62207;1;3;2;3;D901E1;50,449669;1,75056
202300014785;27;5;2023;16:15;1;83;83126;2;6;1;2;LONDRES (AV DE);43,109183;5,857514
202300014786;14;3;2023;11:47;1;66;66136;2;3;1;3;N/A;42,701621;2,8997
202300014787;17;9;2023;18:50;1;94;94003;1;1;1;6;A6A;48,79951772;2,34247635
202300014788;20;11;2023;22:10;3;41;41238;1;1;2;6;route de monplaisir;47,890442;0,821432
202300014789;27;12;2023;14:00;1;60;60471;2;3;1;1;Rue du Faubourg d'Amiens;49,584497;2,995368
202300014790;26;5;2023;10:38;1;80;80021;2;2;7;6;PAIX (AVENUE DE LA);49,91166;2,30106
202300014791;16;3;2023;00:45;5;64;64445;2;1;1;6;JEAN MERMOZ;43,3105;-0,37708
202300014792;24;12;2023;11:00;1;64;64059;1;1;7;3;RD 817;43,281392;-0,241849
202300014793;30;5;2023;08:20;1;80;80489;2;2;1;3;GENERAL GALLIENI (RUE DU );49,86904;2,35563
202300014794;17;9;2023;13:55;1;94;94034;1;1;1;5;A86;48,75895409;2,32434215
202300014795;21;11;2023;13:20;1;19;19002;1;3;2;5;D1089;45,610615;2,414809
202300014796;15;3;2023;16:36;1;63;63113;2;2;1;4;BERTHELOT / A.Menat;45,77874487;3,07204396
202300014797;16;12;2023;03:15;4;16;16304;2;1;5;6;13 Rue de la Trache;45,685458;-0,288105
202300014798;28;5;2023;17:35;1;80;80001;2;1;1;6;Boulevard de la République;50,10918;1,83946
202300014799;16;9;2023;17:15;1;94;94021;1;1;1;6;A6B;48,76918213;2,34391194
202300014800;21;11;2023;18:30;3;32;32414;1;9;1;1;D3;43,670704;-0,060285
202300014801;7;3;2023;10:00;1;62;62525;1;1;2;6;D942;50,74566;2,2336
202300014802;1;6;2023;18:30;1;78;78005;2;1;7;6;KASTLER (RUE ALFRED);48,96917;2,07307
202300014803;27;12;2023;10:50;1;4;4187;1;1;1;6;D19;43,97543;6,389183
202300014804;21;11;2023;19:18;3;71;71182;1;3;2;3;D981;46,800985;4,752177
202300014805;16;3;2023;08:30;1;61;61006;2;3;1;3;Voie Communale;48,732452;-0,025123
202300014806;16;9;2023;21:00;5;93;93006;1;1;1;2;AUTOROUTE A3;48,86690246;2,42530059
202300014807;16;9;2023;22:00;5;93;93008;1;1;1;7;AUTOROUTE A86;48,91351503;2,43444657
202300014808;16;3;2023;16:30;1;60;60057;2;1;1;2;Avenue Corot;49,42712991;2,10257077
202300014809;25;12;2023;17:40;5;27;27445;1;1;2;3;D181;49,251039;1,673727
202300014810;20;11;2023;15:15;1;63;63350;1;1;1;7;chemin des pres bas a viquery;45,71761;3,236549
202300014811;1;6;2023;18:15;1;77;77209;1;2;1;3;D217BIS;48,85393;2,69071
202300014812;15;9;2023;10:10;1;95;95351;1;1;1;2;N104;49,03851501;2,48434782
202300014813;26;12;2023;18:33;3;28;28121;1;6;1;7;2154;48,095215;1,865176
202300014814;16;3;2023;20:20;5;59;59350;2;3;1;3;FAUBOURG DES POSTES RUE;50,61483;3,04826
202300014815;20;11;2023;08:35;1;38;38180;1;2;1;3;Chemin de Lemps;45,388761;5,305474
202300014816;21;11;2023;16:50;2;70;70245;1;1;2;6;D83;47,906296;6,452086
202300014817;16;9;2023;20:30;4;94;94069;1;1;1;3;A4;48,81728543;2,43173439
202300014818;16;3;2023;19:20;2;59;59009;2;2;1;3;FUSILLES RUE DES DU N°9 AU N° 121;50,61514391;3,15447624
202300014819;1;6;2023;13:45;1;77;77268;2;1;1;2;D93;48,85986;2,81075
202300014820;21;11;2023;19:10;5;6;6023;2;1;1;7;Pont Charabot;43,938288;7,513323
202300014821;15;3;2023;12:00;1;56;56121;2;4;1;6;42 Boulevard Eugène Cosmao-Dumanoir;47,75424;-3,36624
202300014822;1;6;2023;22:55;5;76;76484;2;2;1;6;Rue Jean Jacques Rousseau;49,34537;1,09345
202300014823;16;9;2023;16:30;1;94;94069;1;1;1;5;A4;48,81737184;2,4349508
202300014824;21;11;2023;13:30;1;6;6023;2;1;1;6;200 Rue Rene Cassin;43,940981;7,514772
202300014825;11;3;2023;10:15;1;54;54323;2;1;4;6;Avenue de l'Aviation;49,51838;5,75523
202300014826;31;5;2023;17:15;1;76;76341;2;1;1;6;FRIEDRICH ENGELS;49,512349;0,19128
202300014827;26;12;2023;17:50;3;63;63224;1;1;1;4;A 71;45,86727435;3,15720141
202300014828;15;3;2023;17:00;1;49;49099;2;2;8;6;LAENNEC (RUE DU DOCTEUR RENE);47,05705;-0,86789
202300014829;8;11;2023;07:30;2;5;5040;2;2;1;3;Grande Rue;44,545012;6,278059
202300014830;1;6;2023;15:55;1;74;74281;2;1;1;1;CRETS (CHEMIN DE DESSOUS LES);46,3759;6,50033
202300014831;15;3;2023;00:30;3;49;49007;2;1;1;6;GAUTIER RUE ET SQUARE;47,46424;-0,56199
202300014832;26;12;2023;16:30;1;51;51278;1;1;1;7;A4 PK 165+650;49,072327;4,267496
202300014833;21;11;2023;18:00;5;50;50603;2;1;2;6;Rue de l'Amiral;49,046427;-1,542394
202300014834;26;5;2023;16:55;1;25;25462;2;1;1;3;BESANCON (DU 72TER A LA FIN);46,91675;6,34438
202300014835;30;5;2023;07:50;1;72;72181;2;3;1;3;FRESNELLERIE BD DE LA N° IMP;47,96981;0,2061
202300014836;26;12;2023;18:15;3;28;28367;1;1;1;6;Autoroute A10 PK 71.040;48,147495;1,85585
202300014837;16;9;2023;15:30;1;974;97416;2;1;1;3;ARCHAMBAUD (RUE);-21,33169;55,4789
202300014838;16;3;2023;19:40;2;42;42184;2;1;1;5;Boulevard Ouest;46,04567;4,0607
202300014839;1;6;2023;08:40;1;71;71040;2;1;1;1;route départementale 601;46,70778;4,41455
202300014840;20;11;2023;19:15;3;45;45161;1;1;2;6;D315 PR 1 + 52;48,076516;2,827713
202300014841;26;12;2023;06:45;1;988;98825;1;1;1;1;RT1;-21,243062;164,913969
202300014842;16;9;2023;13:30;1;69;69383;2;1;1;1;Rue Maurice Flandin;45,7605;4,86353
202300014843;16;3;2023;07:23;1;38;38053;2;1;7;3;LYON (ROUTE DE LYON COTE NORD);45,58724;5,25256
202300014844;31;5;2023;20:15;1;71;71105;2;2;1;7;Grande Rue de la Coupée;46,3086;4,80924
202300014845;21;11;2023;19:20;5;53;53147;2;1;2;6;rue Pierre Curie;48,302973;-0,622455