Num_Acc;jour;mois;an;hrmn;lum;dep;com;agg;int;atm;col;adr;lat;long
202300014846;20;11;2023;22:40;3;30;30062;1;1;1;7;route départementale 01;43,754982;4,205189
202300014847;16;3;2023;23:30;5;35;35238;2;1;1;6;GUILLOUX (LOUIS);48,10889;-1,69717
202300014848;16;9;2023;05:30;1;972;97213;1;1;1;6;ROUTE DEPARTEMENTALE 3;14,63462;-60,99189
202300014849;1;6;2023;18:00;1;71;71153;2;2;7;3;PRES (RUE DES);46,805155;4,457424
202300014850;25;12;2023;20:30;5;971;97106;1;1;1;1;rn2;16,144134;-61,770673
202300014851;21;11;2023;17:40;5;30;30185;2;1;1;6;rue du puits vieux;43,736162;4,202946
202300014852;16;3;2023;12:20;1;35;35238;2;1;1;3;BATAILLE FLANDRES/ DUNKERQUE MAI 40;48,121349;-1,701835
202300014853;1;6;2023;19:30;1;69;69256;2;1;1;6;Rue Franklin;45,78904;4,92981
202300014854;12;9;2023;10:05;1;972;97209;2;1;1;6;ERNEST DEPROGE (RUE);14,60310987;-61,06998861
202300014855;21;12;2023;08:24;1;77;77142;2;1;1;2;D934;48,858451;2,921772
202300014856;14;3;2023;18:14;2;34;34003;2;9;1;3;Route de Rochelongue;43,289671;3,481389
202300014857;1;6;2023;16:36;1;68;68224;2;6;7;7;GAY-LUSSAC (RUE);47,74227;7,3313
202300014858;18;11;2023;23:15;3;30;30354;1;2;1;3;D123;43,945117;4,141588
202300014859;17;9;2023;00:25;5;69;69385;2;1;1;3;36 Quai Fulchiron;45,7543;4,8237
202300014860;15;3;2023;16:50;1;31;31149;1;1;7;2;RN124;43,60755;1,35166
202300014861;28;9;2023;17:00;1;34;34344;2;1;1;6;Avenue de la Petite Motte;43,567014;4,074275
202300014862;21;11;2023;04:30;3;42;42156;1;1;2;2;N82;45,919117;4,164589
202300014863;1;6;2023;08:20;1;68;68066;2;1;1;1;7 Rue de Londres;48,082759;7,329717
202300014864;16;3;2023;16:25;1;30;30028;1;2;1;2;Route de Nîmes;44,13775857;4,61289525
202300014865;31;5;2023;19:20;1;67;67447;2;1;1;6;BISCHWILLER (ROUTE DE);48,60041;7,74368
202300014866;16;9;2023;23:00;5;69;69385;2;1;1;1;5 Avenue Barthélémy Buyer;45,75865757;4,81231807
202300014867;26;12;2023;16:40;1;13;13022;2;3;1;2;Avenue Marechal Foch;43,21691951;5,55037826
202300014868;15;3;2023;19:48;5;29;29019;2;1;8;6;avenue Maréchal Foch;48,3964892;-4,48875278
202300014869;14;11;2023;08:00;1;13;13104;2;6;1;2;D5;43,339086;5,10408
202300014870;14;3;2023;08:15;1;27;27562;1;1;1;3;CROIX BLANCHE (RUE DE LA);49,08734;1,43552
202300014871;15;9;2023;16:45;1;69;69034;2;2;1;3;Montée des Soldats;45,7912;4,8607
202300014872;27;12;2023;16:30;2;33;33317;1;1;1;7;5 Lieu Dit la Massonne;45,030715;-0,308191
202300014873;15;3;2023;18:40;1;27;27375;2;1;1;2;BELGIQUE (RUE DE);49,20544;1,155
202300014874;1;6;2023;10:30;1;64;64545;1;1;8;2;N/A;43,3343;-1,67761
202300014875;16;9;2023;04:30;5;2B;2B037;1;9;2;6;TOUTES RUES;42,62999;9,43791
202300014876;20;11;2023;20:15;3;45;45229;1;2;2;3;D627 PR 2 + 148;47,847172;2,730736
202300014877;16;9;2023;07:25;2;95;95277;2;1;1;1;GEORGES POMPIDOU (AVENUE);48,9901;2,4297
202300014878;14;9;2023;17:15;1;95;95424;2;1;1;6;EUGENE DELACROIX (PLACE);48,99427;2,20301
202300014879;16;3;2023;21:25;5;25;25056;2;6;1;3;TREY  RUE DE (inf 36);47,255609;6,021736
202300014880;20;11;2023;18:00;5;91;91179;2;2;3;6;rue panharsd;48,56432;2,482127
202300014881;30;9;2023;18:50;2;85;85151;2;6;7;3;RD149;46,984922;-0,936279
202300014882;1;6;2023;17:30;1;64;64445;1;1;1;5;CAMI SALIE DU;43,32853;-0,34872
202300014883;16;9;2023;11:55;1;83;83126;2;3;1;3;STALINGRAD (BD);43,10434127;5,87087023
202300014884;16;3;2023;11:00;1;22;22278;2;3;1;5;DOUVENANT (DE);48,50123;-2,73428
202300014885;31;5;2023;04:40;5;64;64445;2;1;1;6;COPERNIC;43,32378;-0,32945
202300014886;26;12;2023;23:48;3;29;29042;2;1;1;6;Kersignénou Greiz;48,25886087;-4,55040531
202300014887;16;9;2023;06:15;5;76;76540;2;1;1;6;Avenue de la Libération;49,42747;1,07007
202300014888;16;3;2023;07:47;1;17;17300;2;1;1;3;REPENTIE   AVENUE DE LA;46,17117;-1,20844
202300014889;27;12;2023;06:30;3;76;76649;1;1;1;7;d1314;49,680236;1,503711
202300014890;31;5;2023;07:10;1;61;61001;2;3;1;3;D112;48,43551;0,09696
202300014891;15;9;2023;18:50;1;69;69013;1;1;1;1;Route du Verrier;46,02192;4,7188
202300014892;7;3;2023;17:00;1;13;13210;2;9;1;1;RABATAU (BOULEVARD);43,28259933;5,39948772
202300014893;26;12;2023;08:50;2;83;83123;1;1;1;2;A50;43,1431019;5,78862956
202300014894;31;5;2023;17:25;1;61;61001;2;6;1;6;Voie Communale;48,43077;0,09115
202300014895;16;3;2023;11:00;1;13;13210;2;9;1;3;RABATAU (BOULEVARD);43,28204261;5,39955568
202300014896;16;9;2023;20:09;2;64;64122;2;2;1;3;BOUSSINGORY (RUE);43,4802;-1,54654
202300014897;28;5;2023;19:50;1;60;60057;2;1;7;6;Avenue du 8 Mai 1945;49,43915;2,10023
202300014898;15;3;2023;11:30;1;13;13212;2;1;1;6;LA FOURRAGERE (AVENUE);43,30190994;5,43064162
202300014899;16;9;2023;19:00;1;64;64024;2;1;1;7;SAINT PEE (ROUTE DE);43,45654952;-1,5070112
202300014900;1;6;2023;17:30;1;59;59392;2;1;1;6;LIBERTE (RUE DE LA);50,278471;3,952148
202300014901;16;3;2023;08:00;1;13;13028;2;6;1;3;SEVERIERS (CHEMIN DES);43,20219;5,61581
202300014902;26;12;2023;08:40;2;83;83123;1;1;1;2;A50;43,1431019;5,78862956
202300014903;16;9;2023;17:30;1;64;64102;2;1;1;7;MAUBEC (RUE);43,49722;-1,46789
202300014904;16;3;2023;07:30;1;13;13005;2;1;1;6;BARBAROUX PROLONGEE AV. MAGUY;43,28437;5,54601
202300014905;1;6;2023;18:00;2;59;59360;2;1;1;6;FOCH RUE DU MARECHAL;50,61416;3,01008
202300014906;16;9;2023;21:05;5;61;61001;2;1;1;6;Voie Communale;48,4211;0,09505
202300014907;22;12;2023;17:30;3;59;59507;1;1;1;2;AUTOROUTE A1;50,61413;3,08587
202300014908;15;3;2023;17:20;1;13;13005;2;1;1;3;GEMENOS (ROUTE DE CD2);43,28805;5,52328
202300014909;1;6;2023;13:50;1;59;59378;2;1;1;6;CLEMENCEAU BLVD (N°31-191);50,66564;3,07681
202300014910;15;9;2023;16:50;1;56;56121;2;1;1;2;NAYEL ( ET PLACE AUGUSTE );47,7473877;-3,36237
202300014911;26;12;2023;01:25;3;91;91037;1;1;1;2;AUTOROUTE A6;48,53073;2,50102
202300014912;15;3;2023;11:27;1;10;10387;2;1;1;6;CLOITRE ST ETIENNE (RUE DU);48,29667;4,0819
202300014913;31;5;2023;10:25;1;59;59193;2;2;1;3;HAUBOURDIN, RUE D';50,59826;2,99942
202300014914;16;9;2023;15:20;1;54;54431;2;9;1;3;Route de Briey;48,910383;6,038411
202300014915;16;3;2023;11:15;1;7;7281;2;1;1;6;REPUBLIQUE (RUE DE LA);44,94384;4,84155
202300014916;26;12;2023;10:55;1;94;94018;1;1;1;2;A4;48,82467978;2,3932333
202300014917;15;9;2023;17:40;1;54;54395;2;1;1;3;Avenue de Strasbourg;48,67659;6,19938
202300014918;1;6;2023;12:10;1;59;59350;2;1;1;4;MONTEBELLO BOULEVARD N° RESTE;50,623;3,04455
202300014919;16;3;2023;08:15;1;7;7316;1;1;1;3;LYON (ROUTE DE);44,90517;4,8534
202300014920;15;9;2023;19:50;2;51;51454;2;1;1;6;BOIS D'AMOUR (RUE DU);49,25677;4,00829
202300014921;16;3;2023;18:40;1;6;6069;2;1;1;7;SAINTE MARGUERITE (CHEMIN);43,643165;6,948896
202300014922;26;10;2023;10:35;1;74;74225;2;9;2;6;Rue Frédéric Girod;45,867253;5,943054
202300014923;15;3;2023;10:45;1;974;97411;2;1;1;3;LANCASTEL (BOULEVARD);-20,88413;55,4671
202300014924;16;9;2023;08:25;1;50;50066;1;2;1;1;VOIE NOUVELLE ROUTE DU CROISSANT;48,81359;-1,54618
202300014925;15;3;2023;06:05;1;974;97411;2;1;1;2;JAURES (BOULEVARD JEAN);-20,8883;55,4452
202300014926;17;9;2023;01:35;5;49;49007;2;1;1;6;D323;47,47798;-0,55318
202300014927;1;6;2023;07:55;1;59;59350;2;1;1;2;VAUBAN BOULEVARD N°2-18-1-39;50,63314;3,047526
202300014928;17;10;2023;15:27;1;74;74161;2;3;1;6;Route de peignât;45,874552;5,997795
202300014929;14;3;2023;13:00;1;973;97302;2;3;1;1;BOUDINOT (AUGUSTE) CITE THEMIRE;4,933255;-52,31953365
202300014930;10;3;2023;16:55;1;973;97302;2;1;1;3;SPATULES (RUE DES) CITE EAU LISETTE;4,9273089;-52,32206395
202300014931;16;9;2023;03:57;3;42;42127;2;6;1;6;Rue Alfred de Musset;46,06257;4,05798
202300014932;15;3;2023;21:30;5;69;69388;2;2;1;6;Boulevard des Etats-Unis;45,72955;4,86739
202300014933;13;10;2023;16:10;1;74;74010;1;1;1;1;Route de geneve;45,94796;6,121487
202300014934;16;9;2023;12:30;1;38;38421;2;2;8;3;AVENUE DE LA MOGNE;45,17234;5,75189
202300014935;15;3;2023;20:10;5;69;69387;2;3;1;6;106 Cours Gambetta;45,75147931;4,85390021
202300014936;5;10;2023;20:05;5;74;74150;1;3;1;3;D1206;46,267596;6,315197
202300014937;15;3;2023;19:45;5;69;69386;2;1;1;6;Boulevard des Belges;45,77556;4,84663
202300014938;16;9;2023;11:40;1;35;35051;1;1;2;4;RN157;48,11377;-1,55252
202300014939;15;3;2023;17:30;2;972;97213;2;1;1;1;AEROPORT (ROND POINT DE L');14,5980995;-61,0011846
202300014940;15;9;2023;08:40;1;35;35238;2;1;1;6;CHARDONNET (AVENUE);48,10721388;-1,6463238
202300014941;16;9;2023;12:50;1;33;33075;2;1;1;3;Boulevard Jacques Chaban-Delmas;44,88303555;-0,58474034
202300014942;15;3;2023;15:30;1;972;97213;2;3;1;3;PLAISANCE (CHEMIN);14,67297;-60,99101
202300014943;18;2;2023;03:20;5;71;71270;2;6;-1;2;Place Saint Clément;46,297664;4,821267
202300014944;11;3;2023;16:30;1;972;97209;2;1;1;7;SAINT CHRISTOPHE (RUE);14,6107;-61,0509
202300014945;15;9;2023;15:50;1;29;29254;2;3;1;6;PORS AN TREZ (RUE);48,58195;-3,83968
202300014946;14;3;2023;20:10;5;972;97209;2;1;1;2;BISHOP (Avenue Maurice);14,60531;-61,05991
202300014947;9;9;2023;05:40;3;55;55505;2;1;1;3;VARENNES (ROUTE DE );49,17629;5,345
202300014948;20;6;2023;09:35;1;29;29254;2;1;1;6;Place de la Barrière;48,575272;-3,844346
202300014949;15;3;2023;21:50;5;69;69384;2;4;1;6;Place de la Croix-Rousse;45,7736974;4,82353173
202300014950;16;9;2023;10:10;1;27;27375;2;1;1;6;TISSERANDS (RUE DES);49,2105;1,1739
202300014951;14;3;2023;18:05;1;69;69081;2;1;1;6;3 Chemin de Grandvaux;45,77332;4,77374
202300014952;16;9;2023;12:15;1;27;27229;2;1;1;6;FAUVILLE (RUE DE);49,02528;1,17576
202300014953;27;5;2023;15:45;1;60;60616;2;1;1;1;Rue Pierre Eugène Boyer;49,348107;1,773976
202300014954;15;3;2023;05:30;2;971;97113;1;1;1;7;GRAND BAIE ( RN4);16,21816352;-61,51281059
202300014955;13;7;2023;20:54;1;60;60195;2;3;1;2;rd 915;49,219699;1,840467
202300014956;16;9;2023;18:55;1;17;17200;2;1;1;7;BENOIST   RUE DU MOULIN;46,19235;-1,15281
202300014957;15;3;2023;15:10;1;95;95277;2;1;1;3;Avenue des Jasmins;49,00156707;2,42964685
202300014958;16;9;2023;06:18;5;17;17300;2;1;2;7;BERNIER   AVENUE DU LIEUTENANT-;46,172195;-1,15992
202300014959;25;9;2023;08:10;2;82;82175;1;3;7;6;D74;44,11105934;0,97301406
202300014960;15;3;2023;08:00;1;95;95219;2;1;7;6;Rue de la République;48,989;2,25916
202300014961;16;9;2023;21:00;5;14;14220;2;1;1;7;15p Impasse du Coteau;49,3498;0,07361
202300014962;8;9;2023;12:06;1;82;82096;2;1;1;6;Grand Rue;44,033069;1,218629
202300014963;15;9;2023;17:30;1;13;13103;1;3;1;3;RTE D' EYGUIERES-RD 17;43,66268016;5,07907834
202300014964;15;3;2023;18:15;1;91;91347;2;1;1;2;RTE DES TEMPLIERS;48,643435;2,282713
202300014965;8;9;2023;16:38;1;82;82127;1;1;1;6;D957;44,197159;1,070201
202300014966;15;3;2023;14:18;1;91;91103;2;9;1;2;CTRE ESSAIS EN VOL;48,60121;2,31816
202300014967;16;9;2023;06:45;5;13;13208;2;3;1;3;RABATAU (BOULEVARD);43,27542;5,39589
202300014968;25;9;2023;16:25;1;82;82117;2;6;1;3;Place Mercadiel;44,339565;1,017802
202300014969;15;9;2023;06:39;2;13;13207;2;1;1;2;CORSE (AVENUE DE LA);43,28988;5,3658
202300014970;15;3;2023;13:50;1;91;91477;2;6;1;3;ALLIES (AVENUE DES);48,7236;2,24803
202300014971;15;9;2023;08:15;1;13;13001;2;1;9;6;BEISSON (CITE);43,53972798;5,44772905
202300014972;15;3;2023;05:45;5;91;91161;2;1;1;6;RUE FRANCOIS MOUTHON;48,703232;2,315789
202300014973;24;9;2023;10:25;1;13;13111;1;1;1;3;Le Puits d'Auzon Nord;43,555126;5,700896
202300014974;15;3;2023;16:00;1;91;91434;2;2;1;3;JUVISY (AVENUE DE);48,658;2,3579
202300014975;16;9;2023;05:15;5;11;11069;2;3;1;3;N/A;43,219719;2,341598
202300014976;13;3;2023;18:10;1;91;91228;2;1;1;6;GRIGNY (ROUTE DE);48,62881;2,42402
202300014977;15;3;2023;08:10;1;87;87085;2;1;1;6;PUY IMBERT (RUE DU);45,83908;1,28026
202300014978;16;9;2023;21:20;5;10;10387;2;1;1;3;GUSTAVE MASSON (RUE);48,2746;4,0818
202300014979;11;3;2023;05:57;5;87;87085;2;6;3;6;VALIN (AVENUE DU GENERAL MARTIAL);45,8039089;1,27848387
202300014980;23;12;2023;23:10;5;988;98818;2;2;1;7;AVENUE DE LA BAIE DE KOUTIO/RUE CLAUDE BERNARD;-22,22723;166,44695
202300014981;16;9;2023;21:20;5;10;10387;2;1;1;2;CHARLES BALTET (RUE);48,29;4,07
202300014982;15;3;2023;13:30;1;83;83069;2;1;1;6;GAMBETTA (AVENUE);43,1185;6,12858
202300014983;16;9;2023;16:25;1;8;8105;2;1;1;6;32 Av des Martyrs de la Resistance;49,75855;4,72562
202300014984;25;12;2023;00:30;3;972;97213;1;1;1;6;ROUTE DEPARTEMENTALE 13;14,63043527;-61,00976438
202300014985;14;3;2023;20:45;3;78;78551;1;2;1;3;RD 308;48,93941;2,07596
202300014986;15;9;2023;19:45;2;7;7281;2;1;1;3;BOUVAT (AVENUE MARC);44,94693;4,85024
202300014987;15;3;2023;10:15;1;78;78029;2;6;1;3;FLEURIOTTES (RUE DES);48,95492;1,85986
202300014988;15;9;2023;17:15;1;6;6069;2;1;1;1;ROUQUIER (BOULEVARD EMMANUEL);43,63143;6,9389
202300014989;16;9;2023;02:45;3;3;3185;2;1;1;6;COMMUNE LIBRE ( RUE DE LA );46,35271;2,59791
202300014990;25;12;2023;01:50;5;972;97209;2;1;1;2;VICTOR SCHOELCHER (RUE);14,60626;-61,06841
202300014991;14;3;2023;17:30;1;76;76351;2;2;1;3;SAULES (DES);49,50859;0,14984
202300014992;15;9;2023;21:15;5;75;75116;2;1;1;2;PORTE DAUPHINE;48,874475;2,275778
202300014993;15;9;2023;16:30;1;75;75117;2;1;1;7;PORTE DE SAINT OUEN;48,900471;2,323526
202300014994;15;3;2023;22:55;5;72;72181;1;6;1;6;ALENCON (RTE D');48,03188;0,17858
202300014995;14;3;2023;18:15;1;72;72181;2;1;1;6;HEUZE OLIVIER (AV) N° IMP DE 1 A 239;47,99396;0,17655
202300014996;15;9;2023;12:05;1;75;75120;2;1;1;3;PORTE DE BAGNOLET;48,870563;2,413456
202300014997;24;12;2023;17:50;5;972;97209;2;2;8;3;ABBE LAVIGNE (AVENUE);14,61291;-61,07195
202300014998;16;9;2023;13:25;1;75;75106;2;3;1;3;RUE D ASSAS;48,847546;2,329981
202300014999;15;3;2023;20:40;5;69;69256;2;7;1;6;Place Guy Moquet;45,78496893;4,91153734
202300015000;16;9;2023;02:40;5;75;75106;2;3;1;2;QUAI DES GRANDS AUGUSTINS;48,854395;2,340719
202300015001;15;3;2023;11:00;1;69;69266;2;3;1;1;Rue de la Soie;45,76149611;4,91854684
202300015002;25;12;2023;13:25;1;78;78005;2;6;1;6;PAQUET (AVENUE);48,96105;2,07391
202300015003;16;9;2023;11:15;1;75;75119;2;3;1;1;AVENUE DE FLANDRE;48,8944236;2,38149941
202300015004;14;3;2023;07:56;2;66;66136;2;3;1;3;N/A;42,69637;2,90716
202300015005;24;12;2023;16:00;1;78;78172;2;7;1;6;CLEMENT (RUE DESIRE);49,00496;2,11639
202300015006;16;9;2023;14:15;1;75;75118;2;1;1;3;RUE DES POISSONNIERS;48,896152;2,352902
202300015007;14;3;2023;07:37;2;66;66136;2;3;1;3;N/A;42,71781958;2,88736582
202300015008;25;12;2023;08:30;1;64;64445;2;1;1;6;EUROPE DE L';43,32008;-0,30958
202300015009;16;9;2023;12:15;1;75;75117;2;3;1;6;BOULEVARD PEREIRE;48,887115;2,301774
202300015010;15;3;2023;08:05;1;64;64545;2;9;1;3;RD810;43,3688;-1,6846
202300015011;12;12;2023;17:55;5;59;59599;2;1;2;6;GAND (RUE DE);50,73702456;3,16217196
202300015012;15;3;2023;08:40;1;64;64445;2;1;1;1;LOUP DU;43,31797;-0,35127
202300015013;15;9;2023;11:15;1;75;75117;2;3;1;6;RUE JEAN LECLAIRE;48,895456;2,326567
202300015014;25;12;2023;14:00;1;59;59378;2;2;1;6;TRAVERSIERE RUE;50,66791;3,07447
202300015015;15;3;2023;07:45;1;64;64024;2;1;1;1;ROUTE DE PITOYS;43,46326112;-1,50906444
202300015016;16;9;2023;17:00;1;75;75116;2;1;1;3;ALLEE DE LONGCHAMP;48,870023;2,257601
202300015017;25;12;2023;09:35;1;45;45234;2;2;2;3;Avenue Roger Secrétain;47,88553746;1,89717069
202300015018;15;9;2023;09:25;1;75;75116;2;1;1;3;AVENUE RAYMOND POINCARE;48,871187;2,284962
202300015019;14;3;2023;22:25;5;64;64102;2;6;1;3;DELAY (ROND POINT DU PROFESSEUR JEAN);43,48123;-1,48272
202300015020;25;12;2023;17:40;5;38;38185;2;1;1;6;RUE JOSEPH CHANRION;45,18829;5,738
202300015021;12;9;2023;21:15;5;75;75116;2;3;1;6;AVENUE VICTOR HUGO;48,872485;2,291992
202300015022;15;3;2023;08:45;1;62;62548;1;2;1;3;D940;50,95835;1,99149
202300015023;25;12;2023;09:42;1;37;37233;2;7;9;6;MOULIN (PLACE JEAN);47,38984;0,7268
202300015024;14;3;2023;20:40;5;59;59183;2;1;1;6;PRANARD CHARLES;51,03014;2,35993
202300015025;16;9;2023;16:30;1;75;75115;2;2;1;6;RUE DE LA CROIX NIVERT;48,840004;2,290355
202300015026;9;3;2023;09:45;1;59;59008;2;1;1;3;FENDALI (RUE);50,34437;3,25682
202300015027;25;12;2023;19:00;3;33;33529;1;1;5;2;CAZAUX (BD DE);44,5619;-1,1506
202300015028;16;9;2023;22:02;5;75;75114;2;1;1;3;BOULEVARD ARAGO;48,834505;2,334647
202300015029;10;3;2023;15:15;1;59;59178;2;1;2;6;FAUBOURG DE BETHUNE (RUE DU);50,38115;3,06168
202300015030;16;9;2023;14:45;1;75;75114;2;1;1;3;BOULEVARD JOURDAN;48,819606;2,341906
202300015031;25;12;2023;06:59;2;31;31555;2;1;1;3;PONT NEUF (PL DU) DU 1AU 9;43,59909;1,44017
202300015032;14;3;2023;18:30;1;50;50129;1;1;1;6;Route Départementale 16;49,63487;-1,71378
202300015033;16;9;2023;14:30;1;75;75114;2;1;1;7;RUE RAYMOND LOSSERAND;48,831813;2,314166
202300015034;25;12;2023;11:52;1;25;25204;1;3;1;3;Grande rue;46,932;6,366
202300015035;15;3;2023;08:00;1;47;47001;2;2;1;3;CASSIN (RUE RENE);44,19411354;0,62398948
202300015036;16;9;2023;18:30;1;75;75113;2;2;1;3;RUE VERGNIAUD;48,827893;2,345647
202300015037;15;3;2023;14:40;1;37;37261;2;1;1;6;TRANCHEE (AVENUE DE LA);47,40193;0,6839
202300015038;16;9;2023;02:30;5;75;75107;2;1;1;6;QUAI ANATOLE FRANCE;48,861844;2,321847
202300015039;25;12;2023;14:10;1;25;25056;2;2;1;2;CHURCHILL BD WINSTON (sup19);47,25097;6,00922
202300015040;16;9;2023;20:20;5;75;75111;2;3;1;6;RUE OBERKAMPF;48,866615;2,381311
202300015041;25;12;2023;21:53;3;17;17300;2;1;1;2;N137;46,16503;-1,12172
202300015042;15;3;2023;20:00;5;35;35238;2;3;1;3;CHEZY (BD DE);48,11362;-1,68723
202300015043;25;12;2023;23:00;3;13;13117;2;1;1;2;BAOU (QUARTIER DU PONT DU... RN 113);43,47489;5,22781
202300015044;16;9;2023;12:10;1;75;75110;2;3;1;6;BOULEVARD DE MAGENTA;48,869081;2,362417
202300015045;15;3;2023;18:15;1;35;35238;2;7;1;3;BRETAGNE (PLACE DE);48,10993;-1,68384
202300015046;15;9;2023;09:45;1;75;75110;2;2;1;3;BOULEVARD DE MAGENTA;48,870548;2,361191
202300015047;25;12;2023;10:50;1;13;13208;2;3;1;3;VINCENT DELPUECH (BOULEVARD);43,28303;5,39012
202300015048;15;9;2023;13:19;1;75;75108;2;3;1;6;BOULEVARD MALESHERBES;48,880099;2,313461
202300015049;25;12;2023;11:35;1;13;13001;1;1;1;4;RN 296;43,544;5,43042
202300015050;25;12;2023;04:00;5;6;6088;2;1;1;6;MADELEINE (BD DE LA);43,70063;7,23747
202300015051;16;9;2023;23:00;3;75;75104;2;3;1;2;QUAI DE L HOTEL DE VILLE;48,855327;2,352743
202300015052;25;12;2023;20:05;3;6;6069;1;1;1;6;D6185;43,627526;6,947868
202300015053;16;9;2023;21:55;5;75;75103;2;2;1;7;BOULEVARD BEAUMARCHAIS;48,859246;2,367645
202300015054;25;12;2023;13:45;1;75;75118;2;2;1;3;BOULEVARD NEY;48,898224;2,352505
202300015055;16;9;2023;20:25;5;75;75104;2;2;1;6;RUE DE RIVOLI;48,857732;2,350772
202300015056;25;12;2023;01:45;5;75;75117;2;1;1;7;BOULEVARD BESSIERES;48,895146;2,315556
202300015057;25;12;2023;17:10;5;94;94017;2;1;1;6;Avenue du Général de Gaulle;48,824654;2,499715
202300015058;16;9;2023;16:30;1;94;94003;2;1;1;3;Rue du Colonel Fabien;48,79924064;2,34010506
202300015059;25;12;2023;18:00;2;93;93078;2;3;2;1;Avenue Charles de Gaulle / Rue le Corbusier;48,95444;2,55196
202300015060;16;9;2023;11:25;1;94;94028;2;1;1;2;Av du Mal de Lattre de Tassigny;48,798907;2,453815
202300015061;25;12;2023;02:35;5;93;93014;2;1;1;1;Allée de Montfermeil;48,8989973;2,54541782
202300015062;16;9;2023;18:10;1;93;93066;2;4;1;1;Rue Paul Eluard/ Rue Maurice Thorez;48,9399996;2,34496705
202300015063;25;12;2023;01:00;5;93;93005;2;1;1;6;Allée de l'Union;48,92296159;2,51408614
202300015064;15;9;2023;17:00;1;93;93066;2;1;1;3;Rue du Docteur Delafontaine;48,936244;2,373218
202300015065;25;12;2023;12:05;1;92;92048;2;1;2;6;GARDES (ROUTE DES) N° 91 A 93;48,81522126;2,22150207
202300015066;16;9;2023;19:30;1;93;93046;2;2;1;3;Avenue Vauban / Boulevard Jean Jaurès;48,920696;2,526149
202300015067;24;12;2023;23:17;5;92;92024;2;3;1;3;GENERAL LECLERC (BD DU) (9 A 59)   (4 A;48,90959842;2,30678782
202300015068;26;12;2023;02:05;3;22;22356;1;1;1;7;Lieu Dit Noyette;48,561815;-2,874754
202300015069;16;9;2023;14:50;1;93;93031;2;3;1;3;Route de Saint-leu / Rue Rouget de Lisle;48,95103511;2,33939347
202300015070;24;12;2023;19:10;3;36;36023;1;1;1;6;N/A;47,05684012;1,664536
202300015071;16;9;2023;13:45;1;93;93014;2;1;1;3;Boulevard Gagarine;48,90711;2,53572
202300015072;24;12;2023;10:00;1;42;42069;1;1;1;6;D56;45,983138;4,05712
202300015073;16;9;2023;12:35;1;93;93047;2;4;1;6;Boulevard Bargue / Rue du Général de Gaulle;48,89903475;2,55407399
202300015074;3;12;2023;05:50;3;83;83054;1;1;1;4;A57;43,157248;6,044668
202300015075;16;9;2023;00:48;5;93;93007;2;2;1;3;Avenue de la République / Avenue Pasteur;48,93564;2,47557
202300015076;25;12;2023;02:50;3;974;97422;2;1;9;3;Rue des Flamboyants;-21,284406;55,50534
202300015077;25;12;2023;00:20;3;974;97422;2;1;1;6;Chemin des Longoses;-21,235372;55,506347
202300015078;16;9;2023;00:30;5;93;93007;2;2;1;3;Rue Victor Hugo / Rue Julian Grimau;48,94102;2,45877
202300015079;24;12;2023;19:15;3;972;97217;1;1;1;3;Quartier Perou;14,506859;-60,863807
202300015080;15;9;2023;20:40;3;93;93005;2;1;1;6;Rue Camille Pelletan;48,9410555;2,49480557
202300015081;25;12;2023;16:00;1;41;41046;1;1;1;7;A71;47,610489;1,967111
202300015082;16;9;2023;19:00;1;92;92078;2;1;1;7;GALLIENI (BD) (1 A 79 ET 22 A 102);48,92722892;2,33015084
202300015083;25;12;2023;18:00;3;971;97132;2;1;1;7;pont de la ravine blondeau;15,958152;-61,674145
202300015084;16;9;2023;07:31;1;92;92072;2;1;1;6;GRANDE RUE;48,82415;2,21048
202300015085;23;12;2023;16:40;2;95;95652;2;9;2;6;D909;49,12819308;2,37025738
202300015086;16;9;2023;11:55;1;92;92050;2;3;1;3;CLEMENCEAU GEORGES AVENUE N°IMPAIR;48,88571392;2,21925616
202300015087;24;12;2023;20:00;3;80;80082;1;1;1;5;D1001;49,977639;2,142441
202300015088;17;9;2023;12:20;1;2B;2B067;2;1;1;7;RD 146;42,355472;9,381316
202300015089;17;9;2023;19:40;2;1;1333;1;1;1;6;route departemental 82;45,935841;4,946208
202300015090;16;9;2023;21:00;3;973;97362;1;1;1;7;Piste Papaichton Maripasoula;3,820301;-54,157276
202300015091;7;10;2023;12:20;1;61;61438;1;2;1;3;D932;48,601097;0,477889
202300015092;15;9;2023;19:48;2;22;22121;1;9;1;1;12 ZA de Kercadiou;48,639626;-2,987031
202300015093;22;12;2023;11:30;1;61;61389;2;2;1;3;D926;48,714241;0,429137
202300015094;16;9;2023;09:45;1;43;43040;1;1;1;7;Avenue de la Gare;45,305263;3,368275
202300015095;26;12;2023;11:30;1;12;12120;2;1;1;6;Place Abbé Bessou;44,381631;2,821646
202300015096;24;12;2023;15:30;1;34;34013;2;1;1;7;CHEMIN DE TOURNEVEILLE;43,56261;3,44563
202300015097;17;9;2023;10:15;1;17;17244;1;1;1;7;Route de Thaims;45,627533;-0,751807
202300015098;25;12;2023;17:20;3;68;68155;1;4;1;1;D415;48,106091;7,299557
202300015099;16;9;2023;18:20;1;31;31003;1;1;1;1;M18;43,564399;1,580349
202300015100;25;12;2023;17:30;5;25;25157;1;1;1;6;11 Les Rosiers;46,885472;6,364961
202300015101;25;12;2023;22:30;3;25;25336;1;1;1;6;D17;47,052413;5,804515
202300015102;16;9;2023;17:30;1;30;30081;1;1;8;1;N/A;44,15091;4,69584