Num_Acc;jour;mois;an;hrmn;lum;dep;com;agg;int;atm;col;adr;lat;long
202300015368;25;1;2023;12:25;1;76;76319;1;1;1;7;N138;49,350953;1,024584
202300015369;2;2;2023;17:00;1;74;74012;2;1;1;6;VALLEES (ROUTE DES);46,1933;6,24286
202300015370;2;2;2023;17:45;5;73;73008;2;3;1;3;D991;45,67207;5,90845
202300015371;1;2;2023;15:38;1;72;72181;2;1;1;6;MAILLETS (RUE DES) IMP 37 A 159;48,01442014;0,20981133
202300015372;1;2;2023;02:40;5;71;71270;2;2;1;7;NEUF CLES (BOULEVARD DES);46,30784;4,82065
202300015373;2;2;2023;20:50;5;69;69266;2;1;1;4;Avenue Roger Salengro;45,78280636;4,89022605
202300015374;2;2;2023;21:30;5;69;69259;2;1;1;6;21 Rue Carnot;45,70342;4,88055
202300015375;1;2;2023;18:50;5;67;67447;2;1;1;3;BISCHWILLER (ROUTE DE);48,60275557;7,74599433
202300015376;31;1;2023;16:36;1;66;66136;2;2;1;4;;42,695271;2,9022
202300015377;2;2;2023;21:11;5;64;64348;2;1;1;3;JEAN MERMOZ;43,32254;-0,37929
202300015378;2;2;2023;09:25;1;64;64445;1;1;7;4;OLOF PALME;43,33541;-0,36176
202300015379;2;2;2023;08:30;1;64;64024;2;1;1;2;10bis Rue de Dous Bos;43,489745;-1,502998
202300015380;1;2;2023;09:00;1;64;64102;2;1;1;7;17 LORRAINE (BOULEVARD D'ALSACE);43,49469;-1,4685
202300015381;1;2;2023;07:50;2;64;64140;2;1;1;5;SAINT GOBAIN (QUAI);43,51689;-1,48875
202300015382;2;2;2023;08:20;1;60;60057;2;1;1;6;Rue de Calais;49,4368;2,08444
202300015383;2;2;2023;12:00;1;59;59599;2;2;1;3;GAMBETTA (BOULEVARD);50,70544;3,16016
202300015384;2;2;2023;20:20;5;59;59350;2;1;1;3;JACQUET EUGENE RUE N°IMPAIRS;50,63737496;3,08402002
202300015385;31;1;2023;08:30;1;59;59009;2;1;1;2;HEM RUE D;50,65074;3,16061
202300015386;24;1;2023;11:00;1;59;59183;2;9;1;6;CAMBON PAUL - BOULEVARD;51,043692;2,404205
202300015387;2;2;2023;11:44;1;54;54174;1;3;8;2;Avenue du Maréchal Joffre;48,66719;5,8539
202300015388;3;2;2023;00:05;5;51;51454;2;1;1;7;rue de Chevigné;49,25626;4,04892
202300015389;30;1;2023;15:25;1;50;50129;2;3;1;3;VAL DE SAIRE (RUE DU);49,63904;-1,60628
202300015390;1;2;2023;08:54;1;49;49007;2;3;1;3;BRESSIGNY;47,46716;-0,54942
202300015391;2;2;2023;12:48;1;45;45208;2;1;1;6;12 Rue de Triqueti;47,99876;2,73246
202300015392;2;2;2023;21:20;5;44;44190;2;2;1;3;57 Rue du Douet;47,19926;-1,50799
202300015393;2;2;2023;22:20;5;42;42044;2;1;1;6;Rue James Jackson;45,39887;4,33979
202300015394;1;2;2023;17:30;1;38;38563;2;6;1;6;KOFLER (BOULEVARD E.);45,36133;5,59864
202300015395;2;2;2023;11:20;1;38;38185;2;3;1;6;BOULEVARD JEAN PAIN;45,1858;5,7334
202300015396;2;2;2023;16:30;1;35;35278;1;1;1;2;GAULLE (RUE DU GAL DE);48,1417;-1,68665
202300015397;2;2;2023;08:40;1;35;35238;2;3;1;6;BOUZAT (DOYEN ALBERT);48,12829;-1,63861
202300015398;2;2;2023;12:10;1;34;34172;2;6;1;2;Avenue Ernest Hemingway;43,63647;3,83157
202300015399;19;10;2023;08:30;1;6;6032;2;1;2;6;liaison marquet;43,727435;7,412314
202300015400;1;2;2023;18:30;5;33;33281;2;3;1;3;Avenue Montesquieu;44,84638122;-0,63506824
202300015401;2;2;2023;17:25;1;33;33529;1;6;1;6;CAZAUX (BD DE) DU 02 ET +;44,61694809;-1,13757312
202300015402;18;10;2023;16:30;1;64;64362;1;1;1;1;d14;43,33999;-1,076242
202300015403;1;2;2023;21:05;5;33;33529;2;1;1;1;PORT (RUE DU);44,63625117;-1,14453077
202300015404;19;10;2023;07:10;5;18;18197;2;1;8;6;26 Rue Henri Barbusse;46,723164;2,501793
202300015405;1;2;2023;15:40;1;33;33529;2;6;1;3;LECLERC (AVE DU GAL);44,64837;-1,15288
202300015406;2;2;2023;17:35;1;32;32013;2;1;1;6;MARNE (AVENUE DE LA);43,64926;0,59651
202300015407;18;10;2023;15:40;1;36;36018;2;2;2;5;Rue Albert Chichery;46,638189;1,061763
202300015408;2;2;2023;16:10;1;31;31555;2;1;1;6;BD DE L EMBOUCHURE;43,61612651;1,43647045
202300015409;2;2;2023;11:55;1;29;29232;2;1;1;6;Place Louis Armand;47,994222;-4,09224
202300015410;18;10;2023;07:50;3;40;40001;2;1;2;2;Coste de Lariou;43,694966;-0,274084
202300015411;2;2;2023;17:20;1;28;28404;2;1;1;3;MARTIN LUTHER KING (RUE);48,71988;1,34183
202300015412;17;10;2023;20:50;3;40;40163;1;1;1;7;avenue des grands lacs;44,261091;-0,991988
202300015413;2;2;2023;12:05;1;25;25056;2;8;8;3;CORVEE RUE DE LA;47,25748;6,04193
202300015414;1;2;2023;17:24;1;22;22278;1;1;1;2;RN12;48,50478;-2,73257
202300015415;18;10;2023;17:00;1;24;24520;1;1;2;3;Route d'Alsace;44,912604;1,20719
202300015416;2;2;2023;07:30;2;21;21355;2;3;1;3;CHICAGO (DE) (BOULEVARD);47,300397;5,059999
202300015417;1;2;2023;06:50;3;19;19031;2;3;1;7;LISSAC (ROUTE DE);45,134286;1,475273
202300015418;13;9;2023;16:20;1;85;85234;2;1;1;7;57 Route de la caillauderie;46,774943;-2,033399
202300015419;2;2;2023;22:05;5;17;17300;2;2;1;1;JOFFRE   BOULEVARD (79 et 18);46,15801;-1,14217
202300015420;18;10;2023;14:45;1;87;87154;2;1;3;1;Avenue Gay Lussac;45,887801;0,886792
202300015421;2;2;2023;20:15;5;14;14271;2;1;1;6;21 Route d'Harcourt;49,14962;-0,37206
202300015422;19;10;2023;08:57;1;37;37143;2;1;1;6;14 Route de Bléré;47,13858262;0,79588652
202300015423;2;2;2023;19:10;3;13;13117;1;9;1;3;BERNARDE (AUBERGE LA) RN 113;43,47405;5,22857
202300015424;18;10;2023;07:40;5;24;24226;2;1;2;6;Route de Bergerac;44,851762;0,029655
202300015425;1;2;2023;16:30;1;13;13054;2;3;1;3;COMBATTANTS AFN 52 62 (AV DES );43,40101;5,22578
202300015426;2;2;2023;08:45;1;13;13206;2;1;1;3;DELPHES (AVENUE DE);43,28413;5,38753
202300015427;5;10;2023;08:00;1;24;24189;1;9;1;3;Conterie Est;44,881152;0,182337
202300015428;2;1;2023;09:15;1;13;13207;2;1;1;1;Corniche John Fitzgérald Kennedy;43,28838;5,35309
202300015429;2;2;2023;21:15;5;6;6088;2;9;1;3;DURANTE (AV.);43,70282;7,26236
202300015430;18;10;2023;16:45;1;91;91649;1;1;2;1;D26;48,561611;2,354286
202300015431;2;2;2023;08:15;1;6;6069;2;1;1;2;PEGOMAS (ROUTE DE);43,638304;6,933609
202300015432;19;10;2023;17:20;1;6;6030;1;1;2;5;A8;43,583624;7,02271
202300015433;2;2;2023;09:45;1;6;6123;2;4;1;3;GERBAULT ALAIN PROMENADE;43,6566;7,17968
202300015434;18;10;2023;16:38;1;13;13032;1;1;8;3;d18 route de loqui;43,566485;5,346898
202300015435;31;1;2023;16:15;1;3;3101;2;6;1;3;Rue du Stade;46,3573;2,53716
202300015436;2;2;2023;17:20;1;92;92073;2;1;1;6;BAC (RUE DU);48,86923132;2,22999474
202300015437;19;10;2023;12:45;1;68;68118;2;1;2;1;153 Rue du Général de Gaulle;47,721322;7,418341
202300015438;31;1;2023;13:00;1;75;75114;2;4;1;5;BOULEVARD PERIPHERIQUE EXTERIEUR SUD;48,816449;2,342122
202300015439;15;10;2023;13:55;1;13;13076;1;1;1;2;A7, PK 208+400 direction MARSEILLE;43,830889;5,012233
202300015440;1;2;2023;12:40;1;75;75120;2;1;1;2;PORTE DE MONTREUIL;48,855428;2,414051
202300015441;19;10;2023;07:15;2;60;60482;1;1;1;3;D924a;49,159411;2,516341
202300015442;2;2;2023;12:00;1;75;75119;2;2;1;3;BOULEVARD MACDONALD;48,898299;2,386144
202300015443;17;10;2023;07:50;1;973;97305;1;1;1;3;Route Nationale 1;4,946617;-52,420299
202300015444;19;10;2023;08:20;2;77;77082;1;1;2;1;D47;48,603868;2,805612
202300015445;18;10;2023;11:15;1;2B;2B298;1;1;1;1;D238;42,678791;9,315977
202300015446;14;9;2023;16:35;1;6;6142;2;1;1;6;D2204;43,848027;7,363278
202300015447;19;10;2023;18:08;3;25;25350;1;1;2;6;D663;47,462886;6,681962
202300015448;19;10;2023;07:30;2;68;68298;2;2;2;6;Rue Kroeber Imlin;48,244757;7,179887
202300015449;19;10;2023;15:45;1;68;68189;2;1;2;6;9 Rue d'Appenwihr;48,023375;7,411469
202300015450;18;10;2023;16:30;1;57;57206;1;6;1;3;Route Nationale 52;49,282742;6,125543
202300015451;18;10;2023;19:55;5;38;38071;2;1;2;7;Avenue Louis Colmard;45,08246;5,731226
202300015452;18;10;2023;23:55;4;38;38486;1;1;3;7;109 Avenue de Claix;45,14518;5,676769
202300015453;18;10;2023;17:45;1;60;60157;2;3;2;6;Rue de la Croix Picard;49,380599;2,410727
202300015454;16;10;2023;14:27;1;57;57672;1;1;1;2;Autoroute A31;49,3482577;6,16371632
202300015455;18;10;2023;08:55;1;33;33249;1;1;3;7;ROUTE NATIONALE 230;44,88082209;-0,51066577
202300015456;18;10;2023;06:13;5;33;33397;1;1;2;4;AUTOROUTE A 10;44,914017;-0,480853
202300015457;18;10;2023;07:42;3;91;91434;1;1;8;2;AUTOROUTE A6;48,66829;2,35401
202300015458;18;10;2023;09:00;1;94;94003;1;1;1;5;A6A;48,80193886;2,34201599
202300015459;17;10;2023;19:35;3;78;78640;1;1;1;3;N118;48,782318;2,223139
202300015460;17;10;2023;08:30;1;78;78571;1;1;1;3;A13;48,867415;2,033212
202300015461;17;10;2023;08:30;2;78;78646;1;1;1;7;RN12 INT;48,783697;2,158476
202300015462;18;10;2023;14:30;1;93;93006;1;1;3;2;AUTOROUTE A3;48,86628;2,41456
202300015463;18;10;2023;14:00;1;94;94033;1;1;2;2;A86;48,84919697;2,49125102
202300015464;18;10;2023;11:15;1;94;94073;1;1;1;2;A86;48,7704672;2,38375781
202300015465;18;10;2023;08:20;1;94;94028;1;1;1;2;A86;48,78530834;2,44039875
202300015466;18;10;2023;07:40;2;77;77083;1;1;1;5;A4.W;48,83372592;2,59108543
202300015467;14;8;2023;12:45;1;973;97302;2;1;1;7;RABAN (ROUTE DE);4,93658411;-52,31502369
202300015468;5;5;2023;09:06;1;41;41212;2;6;2;5;PATTE D'OIE (rond point);47,56189;1,37272
202300015469;13;4;2023;16:00;1;13;13103;1;1;1;1;RN 113;43,64045497;5,06564132
202300015470;22;7;2023;23:20;3;13;13056;1;1;1;6;MARITIME (bld);43,40344;5,02547
202300015471;18;8;2023;16:50;1;13;13026;2;1;1;6;JAI (plage du);43,40411;5,14648
202300015472;9;6;2023;18:25;1;92;92078;2;9;1;6;JEAN GIRAUDOUX (SQUARE);48,93698458;2,32766725
202300015473;16;10;2023;17:40;1;976;97611;2;1;1;3;kaweni-Kaweni nord ( Z I );-12,75653;45,23331
202300015474;17;10;2023;17:50;1;974;97411;2;1;1;6;GRENADIERS (CHEMIN DES);-20,91399;55,47749
202300015475;17;10;2023;07:40;1;973;97302;2;1;1;1;RABAN (ROUTE DE);4,92666461;-52,31393874
202300015476;11;10;2023;07:10;1;973;97302;2;2;1;3;MANDELA  (BOULEVARD);4,94126322;-52,32696623
202300015477;17;10;2023;09:20;1;972;97213;1;1;1;2;AUTOROUTE A1;14,61824;-61,0341
202300015478;11;10;2023;13:40;1;972;97209;2;1;1;3;DIDIER (CHEMIN DEPARTEMENTAL N°45 DE);14,61855;-61,07972
202300015479;16;10;2023;14:40;1;972;97209;2;9;1;3;REDOUTE (ROUTE DE LA);14,61771;-61,0618
202300015480;17;10;2023;07:20;1;971;97101;2;4;1;3;DUGAZON;16,2517139;-61,51903331
202300015481;16;10;2023;06:05;1;971;97101;2;9;1;4;CHAUVEL;16,23869;-61,52634
202300015482;17;10;2023;09:00;1;95;95277;1;1;1;2;D170;48,97473;2,48645
202300015483;16;10;2023;19:20;2;95;95427;2;1;1;6;D193E;48,97731578;2,36465693
202300015484;17;10;2023;13:46;1;95;95018;2;1;1;6;RETHONDES (RUE DE);48,94637;2,22963
202300015485;17;10;2023;11:30;1;91;91027;2;1;1;2;AV ARISTIDE BRIAND;48,70598;2,39122
202300015486;17;10;2023;08:45;1;91;91589;2;1;1;6;RUE DES PALOMBES;48,697588;2,354561
202300015487;17;10;2023;04:40;5;91;91326;2;2;1;4;COUR DE FRANCE (AVENUE DE LA);48,69132;2,370748
202300015488;12;9;2023;18:20;2;91;91174;2;2;2;4;BD JEAN JAURES;48,60873;2,46397
202300015489;17;10;2023;12:30;1;87;87085;2;3;1;3;FOUGERAS (RUE DE);45,86656514;1,2932
202300015490;8;10;2023;19:56;2;87;87065;1;1;1;7;CHURCHILL (AVENUE WINSTON-);45,80265;1,33062
202300015491;16;10;2023;16:17;1;86;86194;2;1;1;1;Rue de la pierre levée;46,574384;0,361556
202300015492;16;10;2023;16:35;1;84;84087;2;3;1;3;FOURCHESVIEILLES (AVENUE);44,14617;4,80389
202300015493;22;9;2023;11:05;1;30;30351;2;2;1;6;Place Jean Jaures;43,9639;4,7979
202300015494;16;10;2023;15:15;1;84;84007;2;3;1;3;LESCURE (IMPASSE);43,93422;4,80239
202300015495;16;10;2023;16:27;1;82;82121;2;9;1;6;VOLTAIRE (RUE);44,03776;1,3609
202300015496;17;10;2023;16:20;1;81;81004;2;6;1;6;GAMBETTA (AV);43,924556;2,1483077
202300015497;13;10;2023;18:37;2;80;80021;2;1;1;1;ALSACE LORRAINE (BOULEVARD D');49,89043;2,30627
202300015498;17;10;2023;13:40;1;77;77111;2;1;1;2;D934;48,8781;2,76195
202300015499;17;10;2023;11:20;1;77;77209;1;3;1;3;DEUX CHATEAUX (AVENUE DES );48,85391;2,69071
202300015500;17;10;2023;07:00;5;77;77243;2;1;1;6;D221;48,88065233;2,704871
202300015501;17;10;2023;11:10;1;76;76640;2;2;1;1;Rue aux Saulniers;49,2835;1,03823
202300015502;10;10;2023;11:00;1;76;76540;2;2;1;6;Boulevard de l'Yser;49,44837;1,1005
202300015503;20;8;2023;21:30;2;76;76231;2;2;1;3;Rue de la République;49,29072;0,99989
202300015504;10;10;2023;15:45;1;76;76552;2;1;1;7;CARROUSEL ( RUE DU );49,514489;0,068508
202300015505;16;10;2023;16:15;1;76;76351;2;2;1;3;GUSTAVE NICOLLE;49,492517;0,148463
202300015506;13;10;2023;19:10;5;72;72181;2;9;1;2;VOLTAIRE (RUE) N° IMP 1 A 113;48,01203;0,19082
202300015507;16;10;2023;17:00;1;72;72003;1;9;1;7;SPAY (RTE DE);47,94148;0,15815
202300015508;17;10;2023;22:00;5;71;71076;2;1;1;1;AVENUE Pierre MENDES FRANCE;46,774;4,84
202300015509;17;10;2023;17:45;1;71;71475;2;1;1;3;LYON (ROUTE DE );46,76358;4,84257
202300015510;17;10;2023;20:35;5;69;69264;2;6;1;6;Route de Frans;45,98401;4,74348
202300015511;16;10;2023;20:55;3;69;69259;2;9;1;6;Rue du Professeur Roux;45,71742506;4,85923941
202300015512;16;10;2023;12:50;1;69;69290;2;3;1;3;208 Route de Grenoble;45,71525;4,96337
202300015513;12;10;2023;08:40;1;68;68376;2;1;7;6;SAULE (RUE DU);47,82313;7,34021
202300015514;16;10;2023;16:42;1;67;67482;2;1;1;2;JEAN MERMOZ (RUE);48,54687;7,77102
202300015515;16;10;2023;08:40;1;66;66136;2;6;1;3;N/A;42,69246;2,87966
202300015516;17;10;2023;18:27;1;65;65440;2;2;1;3;Bd du Mal de Lattre de Tassigny;43,2281;0,0565
202300015517;17;10;2023;09:30;1;64;64445;2;1;1;6;GOLDA MEIR;43,31009;-0,36093
202300015518;16;10;2023;13:40;1;64;64335;2;6;1;3;SANTOS-DUMONT;43,32305;-0,42058
202300015519;9;10;2023;18:30;1;64;64445;2;1;1;3;PAIX;43,32148;-0,36111
202300015520;17;10;2023;11:00;1;64;64102;2;6;1;3;LEGION TCHEQUE (AVENUE DE LA);43,49367;-1,49162
202300015521;16;10;2023;19:10;1;64;64102;2;1;1;7;PAULMY (AVENUE DES ALLEES);43,49163;-1,48117
202300015522;16;10;2023;18:30;1;64;64102;2;6;1;4;ARITXAGUE (BD D');43,46646;-1,49486
202300015523;16;10;2023;17:28;1;64;64024;2;3;1;3;BIARRITZ (AVENUE DE);43,48031;-1,52622
202300015524;23;9;2023;19:00;1;62;62624;2;1;1;3;Avenue de la République;50,41391;2,9867
202300015525;8;10;2023;07:20;1;62;62498;2;2;1;6;Rue Léon Blum;50,4426526;2,80252236
202300015526;17;10;2023;08:00;1;62;62041;2;1;1;6;Avenue John Fitzgerald Kennedy;50,28805;2,75378
202300015527;17;10;2023;02:15;5;59;59512;2;2;1;3;GAND (QUAI DE);50,70551;3,17025
202300015528;10;10;2023;20:15;5;59;59183;2;1;1;6;REPUBLIQUE - F MITTERAND - BOULEVARD;51,04582;2,40802
202300015529;11;10;2023;08:30;1;59;59244;2;1;1;6;BAPAUME (ROUTE DE);50,17385;3,19321
202300015530;16;10;2023;17:00;1;56;56083;2;1;1;2;REPUBLIQUE ( AV. DE LA );47,79996;-3,2885
202300015531;6;10;2023;15:55;1;55;55545;2;1;1;7;METZ ( AVENUE DE );49,1482;5,40209
202300015532;16;10;2023;20:00;5;51;51454;2;1;1;5;HUET (RUE ANDRE);49,27574;4,00676
202300015533;15;10;2023;23:40;5;49;49007;2;1;1;7;FEVRE QUAI;47,47393;-0,55865
202300015534;17;10;2023;11:07;1;45;45208;2;1;1;6;48 Place de la République;47,99556;2,73337
202300015535;17;10;2023;21:55;5;37;37261;2;6;1;3;HEURTELOUP (BOULEVARD);47,39476;0,70437
202300015536;17;10;2023;17:36;1;37;37122;1;1;1;3;RD 37;47,37119;0,65398
202300015537;17;10;2023;19:25;5;35;35238;2;2;1;3;FOUGERES (RUE DE);48,12961;-1,64294
202300015538;17;10;2023;13:30;1;35;35051;1;1;1;6;ROCADE 15-16;48,14502;-1,6185
202300015539;17;10;2023;09:10;1;35;35238;1;1;1;4;RN136;48,11546;-1,71934
202300015540;17;10;2023;17:45;1;34;34172;2;1;2;3;VALERY (BOULEVARD PAUL;43,59199;3,85355
202300015541;16;10;2023;12:25;1;33;33063;2;1;1;2;Avenue de la République;44,83974;-0,60444
202300015542;17;10;2023;13:20;1;33;33529;2;1;1;6;LESCA (RUE ANDRE);44,63864;-1,131423
202300015543;16;10;2023;17:15;1;32;32013;2;1;1;3;CORPS FRANC POMMIES (AVENUE DU);43,6292;0,57999
202300015544;17;10;2023;16:20;1;31;31149;1;1;1;2;3 COLOMIERS EST (A624);43,60514;1,34394
202300015545;16;10;2023;17:52;1;29;29051;1;1;1;5;Route de Coray;48,02707305;-3,96714898
202300015546;16;10;2023;17:25;1;28;28404;2;2;1;3;NUISEMENT (RUE DE);48,72464;1,36879
202300015547;17;10;2023;10:25;1;27;27554;2;1;1;3;ROUEN (AVENUE DE);49,11069;1,45223
202300015548;17;10;2023;16:25;1;26;26198;1;1;1;1;Route de Saint Paul;44,53768328;4,75066423
202300015549;12;10;2023;15:55;1;22;22113;2;1;1;2;TREBEURDEN (ROUTE DE);48,74843011;-3,48487794
202300015550;15;10;2023;22:40;5;19;19031;2;2;1;3;MIRABEAU (BOULEVARD) COTE NORD;45,16531;1,5205
202300015551;17;10;2023;23:04;3;17;17028;1;1;1;6;GRASSET   AVENUE EDMOND;46,13157;-1,10025
202300015552;10;10;2023;09:40;1;15;15014;2;2;1;1;MONRAISSE (AVENUE DU COMMANDANT);44,91334;2,43317
202300015553;17;10;2023;17:00;1;13;13207;2;1;1;1;JUPITER (TRAVERSE);43,28019;5,36468
202300015554;17;10;2023;08:00;5;10;10387;2;3;1;3;GUERARDE (RUE);48,30457;4,05905
202300015555;17;10;2023;13:40;1;9;9225;2;1;1;6;CHARLES DE GAULLE RUE;43,11533;1,60971
202300015556;17;10;2023;07:50;2;9;9225;2;1;1;6;FREDERIC SOULIE RUE;43,11506;1,61785
202300015557;11;10;2023;12:05;1;9;9225;2;1;1;6;LOUMET RUE DE;43,11178781;1,61137059
202300015558;17;10;2023;14:40;1;6;6069;2;9;2;7;MOULIN DE BRUN (CHEMIN ET TRAVERSE DU);43,653961;6,944243
202300015559;17;10;2023;18:30;2;5;5061;2;3;2;2;CHAMPSAURINS ( RUE DES);44,56729;6,08335
202300015560;17;10;2023;12:30;1;4;4112;2;9;2;3;PASCAL (RUE B.);43,82285;5,79939
202300015561;17;10;2023;17:03;1;3;3185;2;1;8;6;Rue des Rouges Gorges;46,34521;2,57857
202300015562;17;10;2023;16:10;1;75;75120;2;1;1;4;BD PERIPHERIQUE EXTERIEUR;48,862587;2,413767
202300015563;17;10;2023;08:40;1;75;75112;2;1;1;4;BD PERIPHERIQUE INTERIEUR;48,82776546;2,393486
202300015564;15;10;2023;18:15;5;75;75120;2;1;1;4;BOULEVARD PERIPHERIQUE INTERIEUR NORD  ;48,873182;2,411905
202300015565;17;10;2023;19:50;2;75;75106;2;2;1;3;RUE DE VAUGIRARD;48,847819;2,329549
202300015566;17;10;2023;15:25;1;75;75105;2;3;1;6;RUE GEOFFROY SAINT HILAIRE;48,838494;2,357064
202300015567;17;10;2023;14:45;1;75;75105;2;2;1;2;RUE GAY LUSSAC;48,84433278;2,34203562
202300015568;17;10;2023;15:45;1;75;75120;2;2;1;6;RUE DES ORTEAUX;48,8562;2,40493
202300015569;17;10;2023;22:05;5;75;75117;2;3;1;3;RUE LEMERCIER;48,88811;2,32103
202300015570;16;10;2023;17:00;1;75;75116;2;1;1;3;BOULEVARD EXELMANS;48,841871;2,262435
202300015571;17;10;2023;12:20;1;75;75115;2;2;1;3;RUE DE DANTZIG;48,829906;2,295619
202300015572;17;10;2023;19:30;5;75;75113;2;2;1;5;AVENUE CLAUDE REGAUD;48,821561;2,372528
202300015573;17;10;2023;22:40;5;75;75112;2;1;1;3;AVENUE DES TERROIRS DE FRANCE;48,831754;2,388339
202300015574;17;10;2023;19:00;5;75;75112;2;3;1;3;AVENUE DAUMESNIL;48,84281;2,38456
202300015575;17;10;2023;16:15;1;75;75111;2;2;1;3;RUE ALEXANDRE DUMAS;48,85364;2,39322
202300015576;17;10;2023;17:40;1;75;75110;2;1;1;6;RUE DU FAUBOURG SAINT MARTIN;48,87986343;2,36365619
202300015577;17;10;2023;01:20;5;75;75112;2;5;1;5;QUAI DE BERCY;48,838484;2,375933
202300015578;17;10;2023;21:05;5;75;75108;2;1;1;3;PLACE DE LA CONCORDE;48,865952;2,320926
202300015579;17;10;2023;07:40;2;75;75117;2;2;1;3;AVENUE DE LA PORTE DE SAINT OUEN;48,900976;2,330161
202300015580;17;10;2023;18:45;2;75;75103;2;1;1;6;BOULEVARD SAINT MARTIN;48,868387;2,359444
202300015581;17;10;2023;17:20;1;75;75101;2;3;1;7;RUE COQUILLIERE;48,863654;2,342781
202300015582;15;10;2023;13:10;1;94;94081;2;2;1;6;Avenue du 8 Mai 1945;48,78442276;2,39816844
202300015583;17;10;2023;21:56;5;94;94080;2;9;1;3;Avenue du Général de Gaulle;48,84113;2,43293
202300015584;14;10;2023;12:32;1;94;94042;2;1;1;2;Quai Pierre Brossolette;48,81903204;2,46788891
202300015585;17;10;2023;13:15;1;94;94076;2;1;1;3;90 Av du President Salvador Allende;48,798165;2,347107
202300015586;17;10;2023;19:00;2;94;94041;2;1;1;3;Pont Nelson Mandela;48,81961;2,39991
202300015587;17;10;2023;07:45;3;94;94017;2;2;1;3;Rue Louis Talamoni;48,81373333;2,51023972
202300015588;16;10;2023;17:00;1;94;94047;2;1;1;6;75bis Rue de Verdun;48,705412;2,552748
202300015589;17;10;2023;20:46;5;93;93031;2;3;1;3;Avenue de la République / Rue Gounod;48,94803;2,33853
202300015590;17;10;2023;17:15;1;93;93005;2;1;1;3;Boulevard Lefèvre;48,939494;2,489619
202300015591;16;10;2023;17:20;1;93;93001;2;6;1;6;Avenue Victor Hugo / Quai Lucien Lefranc;48,907103;2,376322
202300015592;17;10;2023;02:40;5;92;92020;2;1;1;6;JAURES AVENUE JEAN;48,80696133;2,3044526
202300015593;17;10;2023;18:45;2;92;92012;2;1;1;1;GENERAL LECLERC (AVENUE DU) 35/FIN - 60/;48,82987686;2,23095059
202300015594;17;10;2023;09:21;1;92;92007;2;1;1;6;VAILLANT-COUTURIER (AVENU PAUL);48,79293;2,31573
202300015595;17;10;2023;12:30;1;92;92004;2;1;1;2;ARGENTEUIL AV D';48,91221552;2,28473139
202300015596;18;10;2023;11:16;1;974;97412;1;1;1;7;Rue Dardanelle;-21,369546;55,590611
202300015597;17;10;2023;22:00;3;83;83085;1;1;1;6;D254;43,522142;6,536865
202300015598;17;10;2023;18:15;1;79;79122;2;1;1;7;N/A;46,121358;-0,127641
202300015599;17;10;2023;16:30;1;85;85065;1;2;1;3;RD 6;46,907161;-1,1894842
202300015600;17;10;2023;17:45;1;37;37233;1;1;1;2;a10 vers bordeaux pk206+500;47,39758423;0,70859671
202300015601;16;10;2023;10:26;1;30;30135;1;9;1;3;D999;43,83133;4,575248
202300015602;16;10;2023;09:30;1;57;57097;2;3;7;6;Rue du Colonel Ving;49,184568;6,493075
202300015603;18;10;2023;12:45;1;2B;2B101;2;7;1;6;place du village;42,413314;9,363737
202300015604;16;10;2023;18:40;1;65;65062;2;1;1;7;Rue de l'Arbizon;43,196029;0,116928
202300015605;17;10;2023;15:30;1;46;46177;1;1;1;7;D118;44,866728;1,813002
202300015606;18;10;2023;14:50;1;44;44056;1;1;2;5;la ridelais;47,41778;-1,81886
202300015607;17;10;2023;23:10;3;3;3016;1;1;1;6;33 Route de Brout Vernet;46,214337;3,255279
202300015608;14;10;2023;12:40;1;15;15141;1;1;1;6;D34;45,124826;2,969337
202300015609;18;10;2023;17:25;1;15;15028;1;1;8;1;D990;44,887987;2,557566
202300015610;17;10;2023;07:10;2;26;26330;1;2;1;3;Route des Marguerits;45,279875;4,956915
202300015611;17;10;2023;17:30;1;58;58256;2;1;1;6;rue des métiers;47,356923;2,997991
202300015612;16;10;2023;18:50;1;6;6079;2;1;1;2;Avenue des Anciens Combattants;43,554951;6,941391
202300015613;16;10;2023;07:55;2;73;73268;1;1;1;3;N90;45,59250872;6,44860737
202300015614;17;10;2023;21:40;3;13;13080;1;1;1;1;1076, d14;43,648302;5,421675
202300015615;17;10;2023;02:50;3;51;51097;1;1;1;6;Autoroute A4;49,03046076;4,54756379
202300015616;18;10;2023;08:30;1;28;28199;1;1;8;6;autoroute A10 PK 65.600;48,197708;1,851169
202300015617;16;10;2023;14:45;1;13;13087;1;1;1;2;A8;43,470036;5,655051
202300015618;26;4;2023;18:15;1;93;93027;2;6;1;3;Rue Emile Zola / Rue Suzanne Masson;48,92319912;2,38836229
202300015619;17;10;2023;12:15;1;976;97615;2;1;1;1;20 Route Nationale 4;-12,795862;45,273934
202300015620;26;4;2023;18:30;1;93;93010;2;1;1;4;Avenue Galliéni;48,90759692;2,49194317
202300015621;26;4;2023;08:15;1;93;93001;2;2;1;3;Boulevard Edouard Vaillant / Rue de la Liberté;48,918173;2,404992
202300015622;22;4;2023;14:45;1;92;92036;2;1;1;2;MARCEL PAUL (AVENUE) (1/103);48,93963;2,30415
202300015623;26;4;2023;20:20;2;92;92024;2;1;1;6;MARTYRES DE L'OCCUPATION (PLACE DES);48,90078;2,30682
202300015624;27;4;2023;15:00;1;2B;2B121;1;1;1;7;route du bord de mer;42,436285;8,671002