Num_Acc;jour;mois;an;hrmn;lum;dep;com;agg;int;atm;col;adr;lat;long
202300015625;21;4;2023;07:50;1;24;24299;2;3;1;1;Rue Bourdery;45,032723;0,364547
202300015626;26;4;2023;23:00;3;52;52088;1;1;1;6;D384;48,46669;4,763582
202300015627;21;4;2023;16:00;1;6;6161;2;3;1;1;Route Départementale 6007;43,634335;7,133774
202300015628;27;4;2023;17:15;1;76;76135;1;1;3;2;A150;49,554589;0,915384
202300015629;25;4;2023;08:00;1;972;97225;2;1;1;3;Rue Victor Hugo;14,741698;-61,175936
202300015630;27;4;2023;06:50;1;28;28100;2;1;1;6;10 Rue Charles Péguy;48,449616;1,361957
202300015631;27;3;2023;20:35;3;68;68300;1;1;1;1;Route Départementale 541;47,772488;7,403707
202300015632;25;4;2023;22:15;3;83;83048;2;1;1;7;Chemin du Gourbenet;43,2143107;6,56436342
202300015633;26;4;2023;10:25;1;67;67283;1;6;1;6;D1004;48,692448;7,384754
202300015634;27;4;2023;09:25;1;974;97414;2;1;1;3;Rue Saint-julien;-21,28705;55,409562
202300015635;25;4;2023;13:30;1;62;62261;2;2;1;6;D940;50,473601;1,617576
202300015636;23;4;2023;16:15;1;34;34079;1;1;3;6;A75 291+000;43,641644;3,44639
202300015637;27;4;2023;10:15;1;38;38204;1;1;1;3;RD 1075;44,725397;5,677732
202300015638;23;4;2023;02:58;3;37;37031;1;1;1;6;Autoroute 85 - PK 56;47,256806;0,165396
202300015639;25;4;2023;23:00;3;77;77512;2;1;1;6;3 Rue de la Glacière;48,862858;3,342125
202300015640;26;4;2023;14:50;1;66;66028;2;1;1;6;N/A;42,676872;2,950003
202300015641;26;4;2023;12:15;1;95;95527;2;1;1;5;BELLE ETOILE (RUE DE LA);48,987483;2,512988
202300015642;25;4;2023;10:10;1;76;76307;1;4;1;3;Rue Gaston Delahais;49,636721;0,209561
202300015643;25;4;2023;07:30;2;2A;2A017;1;1;2;1;carbinica;41,99881557;8,74273539
202300015644;26;4;2023;12:40;1;2B;2B049;1;1;1;7;Col de Marsolino (Col de montagne);42,475836;8,754451
202300015645;26;4;2023;02:53;3;65;65258;2;1;1;6;Cote de Pinaouet;43,121284;0,397096
202300015646;18;4;2023;16:45;1;65;65121;1;6;1;3;D935;43,35878;0,069324
202300015647;25;4;2023;15:50;1;11;11401;1;1;8;6;Lieu dit domaine de rolland;42,917629;2,714374
202300015648;27;4;2023;08:20;1;71;71175;1;1;1;1;Route de Villegaudin;46,767463;5,111786
202300015649;26;4;2023;18:00;1;61;61116;1;1;1;6;D287;48,392137;0,929074
202300015650;26;4;2023;14:00;1;61;61484;1;1;8;5;D923 PR6+880;48,279173;0,778967
202300015651;3;4;2023;09:36;1;49;49205;1;1;1;7;Lieu dit la roise;47,76328;-0,501713
202300015652;27;4;2023;06:15;2;49;49138;1;1;5;3;Route départementale 347 pk 043.800;47,413307;-0,163894
202300015653;15;4;2023;06:00;3;42;42097;1;1;2;6;M1082;45,484643;4,340608
202300015654;26;4;2023;09:00;1;47;47051;1;1;2;1;Vitrac;44,190897;0,711257
202300015655;11;4;2023;20:00;1;34;34079;2;6;1;6;D2 PR 2+250;43,615301;3,456023
202300015656;26;4;2023;15:15;1;34;34334;1;1;8;7;D14 PR 33+774;43,530598;2,992916
202300015657;7;4;2023;23:00;3;35;35023;1;1;1;5;RN  12 PK 81 +900;48,18451796;-1,94276959
202300015658;26;3;2023;18:15;1;29;29177;1;1;6;7;Route de Lampaul-plouarzel;48,438604;-4,719958
202300015659;25;4;2023;13:35;1;31;31118;1;1;2;3;Route de Fronton;43,810407;1,371939
202300015660;25;4;2023;20:00;2;38;38099;2;1;1;3;50 Route de Roybon;45,188347;5,291526
202300015661;26;4;2023;08:57;1;2;2095;1;1;1;1;D 960;49,994912;3,437283
202300015662;26;4;2023;17:00;1;2;2173;2;2;1;4;26 Boulevard Gambetta;49,614422;3,220936
202300015663;26;4;2023;12:00;1;26;26330;1;1;1;1;D1;45,285788;4,941616
202300015664;26;4;2023;18:40;1;58;58072;1;1;1;1;Route de Jaugenay;46,888443;3,247249
202300015665;26;4;2023;18:20;1;72;72152;1;1;1;3;Route d?Or;48,240495;0,118129
202300015666;25;4;2023;18:20;1;6;6059;1;1;1;7;M6007;43,733027;7,389679
202300015667;26;4;2023;15:20;1;50;50345;2;2;1;3;Route de Coutances;49,082858;-1,421968
202300015668;25;4;2023;17:50;1;50;50402;1;1;1;6;RD 650;49,507795;-1,803346
202300015669;26;4;2023;19:00;1;90;90049;2;1;1;7;18bis Faubourg Saint-Martin;47,635938;6,992959
202300015670;26;4;2023;21:45;3;10;10144;1;1;1;6;D373;48,564631;3,867413
202300015671;27;4;2023;13:20;1;36;36018;2;1;1;6;Boulevard François Mitterrand;46,635268;1,071982
202300015672;21;4;2023;17:50;1;16;16383;2;1;1;6;21 rue de la Faye;45,775643;0,175471
202300015673;26;4;2023;11:00;1;4;4135;1;1;1;7;d952;43,846097;6,203227
202300015674;26;4;2023;08:17;1;85;85234;1;1;1;6;Chemin de la parée verte;46,75863;-1,98319
202300015675;27;4;2023;08:00;1;85;85025;1;1;2;1;RD23;46,93646;-1,175995
202300015676;26;4;2023;10:00;1;27;27049;2;2;1;3;Rue du Bois des Forges;49,006651;0,675724
202300015677;25;4;2023;09:55;1;17;17385;1;1;8;1;Le Cuchas;45,94971;-1,328418
202300015678;25;4;2023;21:50;3;17;17065;2;2;8;1;D5;45,988244;-0,953563
202300015679;17;4;2023;14:15;1;30;30245;1;3;1;3;N/A;43,857;4,1883
202300015680;26;4;2023;15:15;1;88;88285;1;2;1;3;D13;48,242131;5,893607
202300015681;26;4;2023;15:18;1;974;97410;2;1;1;6;RN2;-21,043772;55,716149
202300015682;25;4;2023;17:10;1;31;31028;2;2;1;3;intersection D52C et D52;43,216651;0,880634
202300015683;27;4;2023;10:30;1;77;77295;1;1;1;6;Autoroute A5 pk09+470;48,569192;2,754271
202300015684;25;4;2023;21:40;2;34;34333;1;1;2;5;D612 PR 15+56;43,475221;3,770757
202300015685;26;4;2023;18:23;1;6;6018;1;6;1;6;Route des Chappes;43,615039;7,080482
202300015686;26;4;2023;17:40;1;42;42279;2;2;1;3;Route de Saint-Etienne;45,507215;4,264444
202300015687;26;4;2023;21:35;3;78;78466;2;1;1;3;D154;48,932223;1,973644
202300015688;16;4;2023;10:00;1;38;38382;1;1;1;4;A 48;45,237698;5,661778
202300015689;27;4;2023;11:05;1;45;45093;1;1;1;4;A10 PR 83 + 151;48,038481;1,84006
202300015690;25;4;2023;18:35;1;38;38348;1;1;1;3;A43- PK 039.000;45,57278558;5,31433793
202300015691;25;4;2023;11:50;1;987;98725;2;3;1;3;Route ceinture est Atima;-17,507396;-149,483757
202300015692;25;4;2023;02:00;5;987;98733;2;1;1;1;RT1 PK 27 MARAA;-17,736843;-149,577597
202300015693;27;4;2023;10:00;1;988;98811;1;1;1;7;RPN2;-21,024249;164,987215
202300015694;27;4;2023;12:45;1;976;97607;1;1;1;3;Route nationale 2 - IRONI BE -;-12,834105;45,188838
202300015695;23;4;2023;20:45;5;971;97125;1;1;1;3;N4;16,259813;-61,295385
202300015696;23;4;2023;06:20;2;971;97115;2;1;1;1;Rue du Pont;16,268001;-61,631021
202300015697;22;4;2023;07:30;2;978;97801;2;1;1;6;R DE HOLLANDE;18,066754;-63,083684
202300015698;25;4;2023;18:00;1;28;28160;1;2;1;3;D939;48,407625;1,640632
202300015699;25;4;2023;13:00;1;45;45229;1;1;1;6;D2007 PR 37 + 623;47,836733;2,744836
202300015700;25;4;2023;13:05;1;66;66210;1;6;1;7;N/A;42,646033;2,778865
202300015701;26;4;2023;11:35;1;34;34213;1;1;1;1;D600;43,473197;3,687029
202300015702;27;4;2023;18:24;1;34;34272;1;1;1;1;RD110;43,667051;4,105283
202300015703;26;4;2023;18:00;1;84;84132;1;2;1;3;D31;43,935484;5,029796
202300015704;27;4;2023;12:10;1;83;83108;1;1;1;3;D64;43,332225;5,996346
202300015705;27;4;2023;12:00;1;73;73232;1;1;1;6;D902 - Lieu-dit la petite viclaire;45,6065072;6,84976459
202300015706;24;4;2023;18:30;1;7;7138;1;1;1;3;Cote de ville;44,5925;4,426675
202300015707;24;4;2023;17:25;1;69;69040;2;3;1;3;84 Avenue de Lanessan;45,798203;4,789116
202300015708;24;4;2023;12:30;1;33;33326;1;1;1;1;D137 PR 42+100;45,315385;-0,576675
202300015709;27;4;2023;14:13;1;29;29022;2;1;5;1;chemin des douaniers;48,25940543;-4,56116607
202300015710;26;4;2023;17:30;1;22;22081;2;3;1;5;8b Rue de Bel Orient;48,512329;-2,66824
202300015711;27;4;2023;11:45;1;76;76057;2;1;1;6;Rue Jean-baptiste Lamarck;49,539072;0,957243
202300015712;4;4;2023;19:50;2;59;59586;1;3;1;3;Rue du Paradis;50,53910829;3,161906
202300015713;24;4;2023;16:55;1;83;83137;1;1;1;3;A50;43,126299;5,887313
202300015714;26;4;2023;18:10;1;91;91689;1;1;1;2;AUTOROUTE A6;48,72384;2,31244
202300015715;26;4;2023;16:25;1;91;91434;1;1;1;3;AUTOROUTE A6;48,66987;2,34952
202300015716;26;4;2023;08:03;1;91;91687;1;1;1;2;AUTOROUTE A6;48,6616;2,37
202300015717;25;4;2023;16:50;1;974;97411;2;9;2;3;JAURES (BOULEVARD JEAN);-20,900887;55,48698664
202300015718;25;4;2023;16:50;1;974;97411;2;1;1;6;VINH-SAN (BLD 1 DU PRINCE);-20,88738;55,44108
202300015719;25;4;2023;16:25;1;974;97411;2;1;2;6;VINH-SAN (BLD 2 DU PRINCE);-20,88738;55,44108
202300015720;25;4;2023;17:30;1;973;97302;2;1;1;5;BADUEL (ROUTE DE);4,92880993;-52,29827696
202300015721;25;4;2023;15:30;1;973;97302;2;2;2;1;TROUBIRAN (CHEMIN DE);4,9268971;-52,30349216
202300015722;25;4;2023;08:58;1;69;69387;2;2;1;6;Rue de l'Université;45,75073;4,83945
202300015723;25;4;2023;11:45;1;972;97209;2;1;1;3;ARAWAKS (AVENUE DES);14,61785;-61,04229
202300015724;25;4;2023;23:20;5;69;69382;2;2;1;3;Quai Jean Moulin;45,76501;4,83813
202300015725;25;4;2023;17:55;1;69;69388;2;1;1;6;Rue de l'Epargne;45,74173;4,86032
202300015726;25;4;2023;12:25;1;69;69034;2;3;1;3;Rue Coste;45,78625;4,83376
202300015727;25;4;2023;19:10;5;971;97101;2;9;1;3;Frédéric JALTON;16,2766;-61,50112
202300015728;25;4;2023;08:10;1;2A;2A004;2;1;1;6;BEL HORIZONTE RCE AV DU MONT THABOR;41,93435;8,75507
202300015729;25;4;2023;20:20;1;95;95280;2;2;1;3; ARTHUR MELIN (RUE);49,0401;2,47149
202300015730;25;4;2023;09:00;1;95;95277;2;1;2;2;D370;48,98542;2,43859
202300015731;25;4;2023;09:10;1;91;91027;2;2;1;3;PL HENRI DEUDON;48,70915;2,38709
202300015732;21;4;2023;21:38;5;87;87085;2;1;1;3;VANTEAUX (BOULEVARD DE);45,82117;1,23966
202300015733;20;3;2023;12:50;1;84;84007;2;1;1;3;EISENHOWER (Avenue);43,93774;4,79662
202300015734;25;4;2023;05:00;5;83;83069;2;1;1;7;LECLERC (AVENUE MARECHAL);43,11858;6,11772
202300015735;25;4;2023;19:40;1;78;78372;2;1;8;3;VERSAILLES (ROUTE DE);48,87196;2,10373
202300015736;25;4;2023;09:07;1;76;76157;1;1;1;5;A150;49,45808;1,04709
202300015737;25;4;2023;09:35;1;76;76540;2;2;1;3;Rue du Renard;49,45194;1,06896
202300015738;24;4;2023;16:25;1;72;72181;2;9;1;2;CHANZY (RUE) N° PAIRS 36 A N° 138;47,99979;0,20301
202300015739;24;4;2023;16:15;1;69;69256;2;2;1;2;Avenue du 8 Mai 1945;45,78716;4,91772
202300015740;26;4;2023;00:20;5;69;69259;2;2;1;2;Avenue de la République;45,70609;4,87621
202300015741;25;4;2023;22:12;5;69;69259;2;2;1;3;Boulevard Yves Farge;45,69542781;4,85920682
202300015742;25;4;2023;18:00;1;64;64445;2;3;1;3;LILAS DES;43,3098;-0,3438
202300015743;25;4;2023;09:55;1;64;64445;2;1;2;6;LILAS DES;43,30601;-0,34948
202300015744;24;4;2023;10:20;1;64;64335;1;3;1;2;SAULT DE NAVAILLES DE;43,3566;-0,44174
202300015745;23;4;2023;00:10;4;62;62642;2;2;1;3;D941;50,453141;2,477008
202300015746;24;4;2023;23:25;5;59;59426;2;1;2;6;TOURCOING (RUE DE);50,74577;3,15876
202300015747;24;4;2023;17:25;1;59;59588;1;1;8;1;FURNES - ROUTE NATIONALE;51,04124;2,43163
202300015748;25;4;2023;11:45;1;58;58194;2;1;1;6;NIEVRE;46,99043;3,1657
202300015749;24;4;2023;07:45;1;56;56036;1;1;1;6;N/A;47,79235;-3,30994
202300015750;24;4;2023;23:30;5;54;54395;2;2;1;3;LEOPOLD (COURS);48,69702;6,17564
202300015751;26;4;2023;00:04;3;54;54149;1;3;1;3;D27;49,447232;5,918527
202300015752;24;4;2023;17:05;1;45;45308;2;1;1;3;106Bis Avenue Louis Gallouedec;47,94169866;1,94358096
202300015753;25;4;2023;14:07;1;34;34172;2;2;1;3;2733 Avenue Albert Einstein;43,61198;3,93008
202300015754;22;4;2023;20:20;1;33;33529;2;1;1;3;CARNOT (RUE DU PRESIDENT);44,62775341;-1,14321649
202300015755;25;4;2023;17:50;1;31;31483;1;2;1;7;D 9  ROUTE DE LA SERRE DE NEROUS;43,13179;0,70607
202300015756;25;4;2023;17:50;1;29;29039;1;1;1;2;D783;47,869;-3,89503
202300015757;24;4;2023;08:50;1;29;29019;2;6;1;3;Rond Point de Pen ar Ch'leuz;48,41461;-4,48029
202300015758;24;4;2023;08:20;1;26;26058;1;1;1;1;LA ROCHE DE GLUN ROUTE DE;44,963;4,867
202300015759;21;4;2023;14:45;1;17;17415;2;6;1;2;ALLENDE AVENUE DU PRESIDENT SALVADOR;45,739049;-0,642739
202300015760;21;4;2023;17:10;1;14;14366;2;1;1;6;3 Rue Roger Aini;49,14662;0,231449
202300015761;25;4;2023;18:30;1;13;13214;2;1;1;2;SAINTE MARTHE (chemin);43,32783;5,39153
202300015762;25;4;2023;16:10;1;13;13206;2;2;1;3;PRADO (AVENUE DU);43,28202;5,386
202300015763;25;4;2023;12:30;1;13;13205;2;1;1;2;BAILLE (BOULEVARD);43,2884;5,393
202300015764;25;4;2023;17:00;1;13;13004;2;2;1;3;AV MARECHAL LYAUTEY;43,6712;4,6331
202300015765;25;4;2023;21:35;5;10;10387;2;1;1;1;GEORGES POMPIDOU (RUE);48,29947;4,09673
202300015766;25;4;2023;19:30;1;6;6069;2;1;1;6;POISSONNIERS (CHEMIN DES);43,64845;6,93974
202300015767;14;4;2023;21:20;5;5;5061;2;1;1;3;BONNE (RUE DE );44,56303;6,08315
202300015768;25;4;2023;17:15;1;1;1289;2;2;1;6;LYON ( AVE DE) A PARTIR;46,191776;5,212388
202300015769;31;1;2023;16:30;1;74;74298;2;9;1;2;TANINGES (ROUTE DE);46,18903;6,26411
202300015770;31;1;2023;09:29;1;74;74281;2;8;1;3;GENEVRAY (CH.DU) APRES N°20;46,359821;6,46335
202300015771;30;1;2023;18:30;3;74;74027;1;1;1;1;D909;45,89742639;6,27969928
202300015772;30;1;2023;08:15;1;74;74012;2;7;1;6;FERRY (AVENUE JULES);46,19283;6,23728
202300015773;29;1;2023;21:35;5;74;74012;2;9;1;3;ROMAGNY (RUE DE);46,19721;6,25217
202300015774;29;1;2023;17:45;3;74;74238;1;3;1;1;RD902;46,243857;6,642394
202300015775;28;1;2023;19:30;3;74;74010;1;4;1;3;Route des machurettes;45,963076;6,08031
202300015776;28;1;2023;00:30;5;74;74298;2;1;1;7;THONON (ROUTE DE);46,190512;6,260322
202300015777;15;1;2023;10:20;1;74;74083;2;1;2;6;1 Route de la Croix de Pierre;45,895151;6,644726
202300015778;24;4;2023;16:50;1;75;75112;2;1;1;3;PORTE DE CHARENTON;48,827466;2,392312
202300015779;25;4;2023;17:14;1;75;75120;2;7;1;3;AVENUE DE LA PORTE DE BAGNOLET;48,864483;2,409021
202300015780;25;4;2023;16:04;1;75;75118;2;3;8;6;BOULEVARD DE ROCHECHOUART;48,88371;2,346993
202300015781;25;4;2023;14:22;1;75;75116;2;1;1;2;BOULEVARD SUCHET;48,855819;2,263679
202300015782;24;4;2023;09:35;1;75;75114;2;2;1;1;RUE JULIA BARTET;48,82499;2,302137
202300015783;25;4;2023;18:40;1;75;75112;2;4;1;3;RUE LACUEE;48,849457;2,369918
202300015784;25;4;2023;18:15;1;75;75120;2;9;1;6;COURS DE VINCENNES;48,847553;2,408961
202300015785;25;4;2023;08:20;1;75;75112;2;1;8;6;RUE DU CHAROLAIS;48,839741;2,387322
202300015786;25;4;2023;15:20;1;75;75110;2;1;1;3;AVENUE CLAUDE VELLEFAUX;48,874766;2,370306
202300015787;25;4;2023;00:20;5;75;75110;2;2;2;3;RUE DU FAUBOURG SAINT MARTIN;48,883849;2,36859
202300015788;24;4;2023;13:07;1;75;75107;2;3;1;3;QUAI BRANLY;48,860637;2,295471
202300015789;25;4;2023;09:23;1;75;75101;2;2;1;6;BOULEVARD DE SEBASTOPOL;48,861987;2,35018
202300015790;24;4;2023;22:30;5;75;75104;2;1;2;6;BOULEVARD BEAUMARCHAIS;48,854523;2,368797
202300015791;24;4;2023;05:25;5;75;75101;2;2;1;7;RUE SAINT HONORE;48,863217;2,335518
202300015792;25;4;2023;13:05;1;94;94078;2;3;1;2;Avenue Winston Churchill / Rue des Pres de l’Hopital;48,75365;2,45057
202300015793;24;4;2023;19:20;1;94;94041;2;1;1;1;Rue Westermeyer;48,81851627;2,39568204
202300015794;25;4;2023;07:15;1;94;94073;2;1;2;4;Boulevard de Stalingrad;48,76905;2,36812
202300015795;25;4;2023;16:48;1;94;94059;2;3;8;1;avenue de chennevières;48,8110871;2,56369776
202300015796;24;4;2023;21:10;5;94;94017;2;1;3;3;Avenue du Général de Gaulle;48,827293;2,51277092
202300015797;24;4;2023;20:20;2;94;94017;2;3;2;2;Boulevard des Alliés;48,82878;2,48589
202300015798;25;4;2023;13:10;1;93;93073;2;2;8;3;Rue de Savoie / Avenue Albert Sarraut;48,94349;2,59082
202300015799;25;4;2023;20:25;2;93;93064;2;1;1;2;Avenue du Général de Gaulle;48,88064836;2,47723126
202300015800;24;4;2023;09:00;1;93;93010;2;2;1;2;Route de Stains / Avenue Galliéni;48,90423;2,47073
202300015801;25;4;2023;20:00;1;93;93048;2;1;1;6;Rue Molière;48,85816711;2,44203266
202300015802;15;6;2023;16:04;1;15;15014;2;1;1;2;PONT ROUGE (BOULEVARD DU);44,927291;2,448217
202300015803;25;4;2023;08:00;1;93;93010;2;3;2;3;Avenue Jean Moulin / Rue Germaine Tillion;48,9124;2,47953
202300015804;6;7;2023;19:10;1;14;14118;2;2;1;3;17 Avenue de la Côte de Nacre;49,19836;-0,3601
202300015805;24;4;2023;23:50;5;93;93008;2;9;2;6;Rue Carnot / gare routière;48,90657;2,45
202300015806;25;4;2023;21:10;5;93;93007;2;2;1;3;Avenue Aristide Briand / Rue Victor Hugo;48,945;2,4498
202300015807;5;7;2023;18:15;1;14;14167;2;6;1;3;Route de Cabourg;49,19145;-0,29928
202300015808;25;4;2023;13:15;1;93;93001;2;1;1;3;Avenue Victor Hugo;48,91315512;2,38036931
202300015809;6;7;2023;12:40;1;14;14101;1;1;1;5;N814;49,17323;-0,42984
202300015810;25;4;2023;18:20;1;92;92040;2;2;1;6;CAMILLE DESMOULINS;48,8291378;2,26383001
202300015811;25;4;2023;16:40;1;92;92012;2;1;1;2;ALPHONSE LE GALLO (QUAI) 1/34;48,83468;2,22594
202300015812;4;7;2023;08:45;1;13;13077;2;6;1;6;RN 568;43,41455;4,9871
202300015813;25;4;2023;19:40;1;13;13117;1;1;1;2;A7-Sens Lyon vers Marseille;43,44617245;5,24263165
202300015814;6;7;2023;19:05;1;13;13213;2;3;1;6;CHATEAU GOMBERT CHEMIN;43,34524;5,42384
202300015815;24;4;2023;08:00;1;13;13071;1;1;1;4;A7-Sens Marseille vers Lyon;43,40456;5,31667
202300015816;6;7;2023;13:00;1;13;13214;2;1;1;2;CLAUDE MONET (avenue);43,32507306;5,39393405
202300015817;6;7;2023;01:30;5;13;13209;2;1;1;6;RAYMOND TEISSERE (RUE);43,27254;5,3997
202300015818;6;7;2023;10:30;1;13;13028;2;1;1;6;SAINT JEAN (AVENUE DE);43,18869088;5,6305468
202300015819;5;7;2023;13:33;1;10;10387;2;3;8;3;PIERRE BROSSOLETTE (RUE);48,29019;4,07595
202300015820;6;7;2023;16:40;1;6;6069;2;1;1;6;ROUQUIER (BOULEVARD EMMANUEL);43,64196;6,94255
202300015821;5;7;2023;17:10;1;6;6069;2;3;1;3;CHENES (CHEMIN DES);43,6408;6,91714
202300015822;6;7;2023;07:00;1;2;2738;2;2;1;3;8 Avenue André Boulloche;49,657943;3,316161
202300015823;6;7;2023;14:40;1;75;75113;2;1;1;6;PORTE D ITALIE;48,816833;2,364982
202300015824;6;7;2023;16:00;1;75;75118;2;2;1;3;AVENUE DE LA PORTE DE CLIGNANCOURT;48,901237;2,344249
202300015825;8;8;2023;11:00;1;13;13210;2;5;1;1;PAUL CLAUDEL (BOULEVARD);43,2693;5,42094
202300015826;6;7;2023;13:40;1;75;75101;2;2;1;1;PONT NEUF;48,8584475;2,342505
202300015827;10;8;2023;14:00;1;13;13204;2;1;1;2;FRANÇOISE DUPARC (BOULEVARD);43,30132;5,40089
202300015828;5;7;2023;19:15;1;75;75118;2;1;1;2;BOULEVARD PERIPHERIQUE EXTERIEUR NORD  ;48,901076;2,345273
202300015829;7;8;2023;09:45;1;7;7019;2;9;1;6;GEORGES COUDERC (RUE);44,61671;4,39001
202300015830;3;7;2023;23:06;5;75;75108;2;2;1;6;AVENUE DE WAGRAM;48,875144;2,296017
202300015831;6;7;2023;17:00;1;75;75120;2;2;1;3;AVENUE GAMBETTA;48,864964;2,395548
202300015832;8;8;2023;19:50;1;6;6004;2;1;1;6;767 Chemin des Quatre Chemins;43,603075;7,114012
202300015833;6;7;2023;00:15;5;75;75120;2;2;1;6;AVENUE DE LA PORTE DES LILAS;48,87778;2,4082
202300015834;11;8;2023;14:30;1;75;75114;2;1;1;2;BD PERIPHERIQUE EXTERIEUR;48,822268;2,315459
202300015835;6;7;2023;20:00;1;75;75117;2;2;1;3;AVENUE DES TERNES;48,87853;2,294223
202300015836;11;8;2023;15:20;1;75;75119;2;3;1;3;AVENUE JEAN JAURES;48,888789;2,393107
202300015837;6;7;2023;20:30;2;75;75117;2;2;1;3;AVENUE DE LA PORTE DE CLICHY;48,894453;2,313479
202300015838;6;7;2023;17:55;1;75;75117;2;4;1;6;RUE GUSTAVE CHARPENTIER;48,879549;2,280875
202300015839;11;8;2023;14:30;1;75;75119;2;2;1;6;RUE ARMAND CARREL;48,88259;2,37973
202300015840;6;7;2023;12:00;1;75;75117;2;3;1;3;RUE CARDINET;48,889105;2,31614
202300015841;6;7;2023;11:00;1;75;75117;2;2;1;6;RUE DE LA JONQUIERE;48,893456;2,325375
202300015842;11;8;2023;09:50;1;75;75119;2;3;1;3;RUE BOURET;48,88172;2,373793
202300015843;5;7;2023;19:45;1;75;75117;2;1;1;3;BOULEVARD DU FORT DE VAUX;48,893306;2,30283
202300015844;11;8;2023;22:25;5;75;75116;2;2;2;3;QUAI LOUIS BLERIOT;48,847163;2,274442
202300015845;6;7;2023;16:25;1;75;75116;2;2;1;3;AVENUE KLEBER;48,864984;2,288665
202300015846;11;8;2023;15:24;1;75;75116;2;1;1;3;AVENUE DES NATIONS UNIES;48,86182;2,291655
202300015847;6;7;2023;10:05;1;75;75115;2;7;1;3;PLACE FALGUIERE;48,836228;2,310173
202300015848;10;8;2023;19:10;1;75;75116;2;2;1;2;AVENUE DE L HIPPODROME;48,857831;2,250238
202300015849;5;7;2023;02:45;5;75;75114;2;3;1;2;AVENUE DU MAINE;48,838354;2,322294
202300015850;11;8;2023;19:50;1;75;75113;2;2;2;3;RUE BOUSSINGAULT;48,824128;2,344528
202300015851;6;7;2023;12:00;1;75;75113;2;4;1;3;BOULEVARD DE L HOPITAL;48,839946;2,361742
202300015852;10;8;2023;05:45;1;94;94041;2;3;1;1;Boulevard de Stalingrad;48,8059449;2,37568308
202300015853;20;11;2023;08:05;1;83;83107;1;3;1;3;D8;43,361105;6,673363
202300015854;5;7;2023;07:30;1;75;75113;2;3;1;3;AVENUE DE LA PORTE D IVRY;48,820258;2,371826
202300015855;21;11;2023;10:10;1;42;42285;1;2;1;3;Route de Montbrison;45,575765;4,117502
202300015856;11;8;2023;08:00;1;94;94078;2;1;1;2;Rue de Paris;48,7332;2,4468
202300015857;6;7;2023;17:10;1;75;75112;2;2;1;2;COURS DE VINCENNES;48,8468934;2,41139
202300015858;21;11;2023;04:25;3;7;7040;1;1;1;6;D534;45,03184903;4,70582596
202300015859;6;7;2023;02:40;5;75;75112;2;1;1;2;QUAI DE BERCY;48,836702;2,378291
202300015860;21;11;2023;10:30;1;64;64422;2;1;2;6;Rue Justice;43,19222;-0,607413
202300015861;10;8;2023;21:41;3;94;94078;2;1;1;3;Avenue de Melun;48,724339;2,445046
202300015862;5;7;2023;12:23;1;75;75108;2;4;8;2;VOIE GEORGES POMPIDOU;48,864657;2,303798
202300015863;20;11;2023;15:00;1;85;85092;2;1;1;6;35 Rue du port;46,4637606;-0,80085396
202300015864;5;7;2023;21:00;1;75;75107;2;1;1;3;QUAI D ORSAY;48,862906;2,317676
202300015865;5;7;2023;13:37;1;75;75107;2;2;1;3;AVENUE DU MARECHAL GALLIENI;48,860966;2,31499
202300015866;20;11;2023;18:45;3;22;22339;1;2;2;1;D2;48,46929;-2,0602
202300015867;11;8;2023;00:05;4;94;94028;2;1;1;3;DEPARTEMENTALE(VOIE);48,79583;2,44246
202300015868;6;7;2023;06:24;1;75;75103;2;7;1;3;PLACE DE LA REPUBLIQUE;48,86651;2,364788
202300015869;19;11;2023;19:00;3;35;35309;1;1;2;6;Rue du Stade;48,375958;-1,563975
202300015870;5;7;2023;20:00;1;75;75103;2;3;1;7;RUE SAINT MARTIN;48,869007;2,355595
202300015871;4;7;2023;07:40;2;94;94081;2;7;1;6;Av du President Salvador Allende;48,79;2,41
202300015872;20;11;2023;16:20;2;60;60339;2;2;2;1;D9;49,497155;2,211353
202300015873;18;11;2023;17:10;2;62;62281;1;1;2;6;A16;50,70043842;1,63367595
202300015874;11;8;2023;18:30;1;94;94018;2;2;2;1;Rue de Paris;48,8247;2,40883
202300015875;6;7;2023;17:00;1;94;94078;2;3;1;3;Rue de Paris;48,735585;2,446849
202300015876;20;11;2023;16:00;1;59;59586;2;1;8;3;57 Rue de l'Hardiniere;50,534128;3,19597
202300015877;5;7;2023;17:12;1;94;94042;2;2;1;3;Avenue Guy Môquet;48,82283;2,47251
202300015878;11;8;2023;19:25;2;94;94028;2;1;2;6;Voie DEPARTEMENTALE;48,77242;2,46231
202300015879;29;6;2023;08:00;1;94;94058;2;3;1;3;Boulevard d'Alsace-lorraine;48,850771;2,50309
202300015880;11;8;2023;14:50;1;93;93055;2;1;1;6;Avenue Édouard Vaillant;48,90237814;2,3932755
202300015881;20;11;2023;10:00;1;13;13106;1;1;1;2;A7-Sens Marseille vers Lyon;43,39071033;5,35120523
202300015882;4;7;2023;16:25;1;94;94042;2;1;2;2;Avenue du Général Galliéni;48,820138;2,475473
202300015883;11;8;2023;19:00;1;92;92046;2;1;2;3;DE STALINGRAD;48,81506;2,28292
202300015884;6;7;2023;18:30;1;94;94028;2;1;1;1;Rue Jean Jaurès;48,78796476;2,43575397