Num_Acc;jour;mois;an;hrmn;lum;dep;com;agg;int;atm;col;adr;lat;long
202300015885;11;8;2023;15:25;1;35;35046;1;3;3;3;D248;47,872569;-2,05071
202300015886;12;8;2023;17:00;1;2B;2B121;1;1;1;7;D81b, lieu dit Ferraghiola;42,45584;8,673019
202300015887;5;7;2023;15:30;1;94;94028;1;1;1;5;HALPERN.(AVENUE BERNARD);48,77944;2,45918
202300015888;20;11;2023;18:00;3;91;91161;1;1;2;3;AUTOROUTE A6;48,70224;2,30766
202300015889;12;8;2023;13:30;1;2A;2A065;2;1;1;6;Rue Martinetti;42,134123;8,594248
202300015890;5;7;2023;12:30;1;94;94017;2;1;1;2;Rue Benoit Frachon;48,818914;2,522481
202300015891;12;8;2023;20:50;2;91;91340;1;1;1;7;D446;48,611225;2,434362
202300015892;20;11;2023;02:14;5;94;94034;1;1;1;3;A86;48,75609704;2,34121956
202300015893;5;7;2023;14:05;1;94;94002;2;1;1;3;Rue de Rome;48,78845;2,42885
202300015894;11;8;2023;21:33;5;95;95487;2;1;2;6;D78;49,149373;2,279647
202300015895;6;7;2023;18:10;1;93;93055;2;1;1;6;Avenue Jean Lolive;48,89386664;2,41659818
202300015896;20;11;2023;00:57;4;92;92019;1;1;1;3;RN 385 Extèrieure;48,76754609;2,2442129
202300015897;11;8;2023;21:45;3;21;21676;1;1;1;7;pk228.600 autoroute A6 sens PARIS LYON;47,463626;4,248898
202300015898;6;7;2023;05:00;2;93;93053;2;1;1;6;Allée Joséphine;48,89583255;2,46259626
202300015899;12;8;2023;14:15;1;22;22228;1;1;1;6;RN12;48,54942;-3,44061
202300015900;20;11;2023;20:00;3;92;92036;1;1;2;6;AUTOROUTE A15;48,94355783;2,28738079
202300015901;28;6;2023;10:10;1;92;92046;2;2;1;6;GUY MOQUET (RUE);48,81477264;2,29698792
202300015902;16;11;2023;20:10;3;95;95018;1;1;2;3;A15;48,95182;2,28002
202300015903;29;7;2023;17:35;1;974;97413;1;1;1;6;N1;-21,187253;55,296968
202300015904;3;7;2023;21:40;2;92;92063;2;3;1;2;HOPITAL STELL (BOULEVARD DE L');48,87864396;2,18639749
202300015905;12;8;2023;15:00;1;38;38456;1;1;1;7;route de corps;44,817068;5,866163
202300015906;20;11;2023;17:55;3;94;94022;1;1;2;7;A86;48,7764277;2,41579932
202300015907;12;8;2023;18:15;1;62;62214;2;1;1;6;D52;50,65025224;1,70590247
202300015908;6;7;2023;09:05;1;92;92026;2;1;1;6;BOULEVARD CIRCULAIRE;48,89204;2,24599
202300015909;12;8;2023;11:40;1;59;59135;2;3;1;7;Rue Bollaert le Gavrian;50,80187;2,481861
202300015910;6;7;2023;12:30;1;92;92025;2;9;1;3;CHARLES DE GAULLE (BD);48,91842496;2,22390801
202300015911;20;11;2023;07:50;1;77;77258;1;1;1;4;A4.W;48,83029831;2,628491
202300015912;12;8;2023;15:00;1;76;76302;2;1;1;3;100 Route du Hameau de Versailles;49,644555;0,37897
202300015913;5;7;2023;00:01;5;92;92025;2;3;2;3;GABRIEL PERI (RUE);48,9189314;2,24073386
202300015914;6;7;2023;03:20;5;92;92012;2;2;1;3;REINE (ROUTE DE LA) 82/FIN - 107TER/FIN;48,84047;2,23162
202300015915;18;11;2023;22:10;3;94;94073;1;1;2;4;A86;48,77011469;2,38223272
202300015916;12;8;2023;08:00;1;80;80190;1;1;1;3;D925;50,085634;1,661596
202300015917;6;7;2023;16:25;1;92;92007;2;2;1;3;RAVERA (AVENUE HENRI) N° 111 A 217 ET 10;48,80598874;2,31372401
202300015918;12;8;2023;12:39;1;82;82151;1;1;1;1;D80;44,304898;0,930625
202300015919;11;8;2023;19:20;1;33;33490;2;1;1;6;50 Rue du Général de Gaulle;45,432793;-1,044288
202300015920;5;7;2023;10:40;1;92;92036;2;1;1;3;GRESILLONS ( AVENUE DES  );48,9202;2,31519
202300015921;18;11;2023;10:50;1;974;97416;2;1;1;6;REBECCA (CHEMIN STEPHEN);-21,31407;55,47179
202300015922;12;8;2023;13:20;1;63;63091;1;1;1;6;1 rue de la source;45,422703;3,282938
202300015923;26;6;2023;15:21;1;91;91235;1;1;1;3;D296;48,635231;2,357946
202300015924;3;8;2023;18:30;1;49;49378;1;1;2;2;81 Route de Longué;47,339464;-0,069098
202300015925;11;8;2023;16:00;1;46;46311;1;1;1;7;Chemin de Lasmarie-Haute;44,881954;2,040281
202300015926;29;6;2023;00:20;5;91;91086;2;1;1;1;Rue du Canal;48,620683;2,374495
202300015927;19;11;2023;14:15;1;973;97302;2;1;1;3;CABASSOU (CITE);4,92059356;-52,31608741
202300015928;3;7;2023;22:30;3;17;17278;1;4;1;3;Intersection de la D142 et de la rue du bois des cordes;45,714046;-0,808804
202300015929;10;8;2023;16:00;1;86;86286;1;2;1;3;D347;46,840646;0,160326
202300015930;7;7;2023;08:50;1;44;44014;1;1;1;2;;47,106442;-1,496243
202300015931;19;11;2023;12:10;1;973;97302;2;2;1;3;LALLOUETTE(RUE);4,94004147;-52,33206564
202300015932;7;7;2023;08:00;1;974;97422;2;1;7;6;36 Rue Albert Fréjaville;-21,279737;55,514088
202300015933;11;8;2023;11:05;1;38;38384;2;3;1;5;D519;45,341389;5,349317
202300015934;5;7;2023;09:25;1;62;62057;2;2;1;6;D219;50,8803797;2,08487566
202300015935;11;8;2023;17:55;1;15;15061;1;1;1;7;D3;45,180888;2,839473
202300015936;18;11;2023;22:34;5;973;97302;2;9;1;3;LALLOUETTE;4,94135212;-52,32666349
202300015937;7;7;2023;06:09;2;68;68238;1;1;1;3;D52;47,708671;7,512047
202300015938;12;8;2023;12:00;1;26;26292;1;1;1;7;PK 16+950;44,279402;5,418727
202300015939;12;8;2023;19:00;1;14;14726;1;1;1;6;Route de Lassy;48,868356;-0,676582
202300015940;7;7;2023;06:30;2;71;71003;1;1;1;6;;46,907937;4,9359
202300015941;19;11;2023;23:09;5;69;69388;2;3;1;3;Rue de Montagny;45,73196;4,85355
202300015942;10;8;2023;18:30;1;14;14047;2;6;1;3;117 Rue Saint Patrice;49,28233;-0,71883
202300015943;7;7;2023;08:25;1;62;62061;1;2;1;3;D939;50,359891;2,458899
202300015944;11;8;2023;09:55;1;73;73259;1;1;1;1;D213;45,376282;6,323994
202300015945;7;7;2023;12:15;1;66;66021;2;1;1;3;46 Avenue de la Salanque;42,728783;2,943258
202300015946;19;11;2023;19:30;5;69;69387;2;2;1;6;Boulevard Yves Farge;45,74431939;4,83505318
202300015947;10;8;2023;15:30;1;40;40031;1;6;1;7;D380;43,828947;-0,834135
202300015948;7;7;2023;16:30;1;31;31588;2;1;1;2;8 Avenue de Francazal;43,524371;1,343714
202300015949;11;8;2023;15:45;1;40;40261;1;1;1;2;300 Route de la Gare;43,67701;-1,23321
202300015950;24;6;2023;14:45;1;56;56117;2;1;1;7;4 Rue Alain Lesage;47,887442;-2,838973
202300015951;18;11;2023;20:30;3;972;97213;2;1;1;2;AUTOROUTE A1;14,61441;-61,01176
202300015952;7;7;2023;13:35;1;67;67513;1;1;1;7;D57;48,392567;7,249673
202300015953;19;11;2023;22:35;5;69;69382;2;3;1;7;Quai Docteur Gailleton;45,75312;4,8339
202300015954;12;8;2023;04:20;3;24;24064;1;1;1;1;D939 - route des Charentes - PK 31+500;45,397448;0,620105
202300015955;7;7;2023;16:34;1;76;76655;1;3;1;7;D79;49,8593;0,68583
202300015956;12;8;2023;16:25;1;4;4166;1;1;1;3;RD952 PK 63+400;43,807081;6,058209
202300015957;6;7;2023;23:30;3;79;79007;1;1;1;3;;46,566713;-0,414546
202300015958;12;8;2023;16:52;1;85;85234;2;1;1;7;Avenue des pays de monts;46,787984;-2,080536
202300015959;7;7;2023;08:15;1;2A;2A269;1;1;1;5;Pianiccia;41,788069;9,397162
202300015960;19;11;2023;01:00;5;69;69034;1;1;8;4;Quai Bellevue;45,78774891;4,86212926
202300015961;12;8;2023;09:00;1;85;85252;1;1;2;1;RD 19;46,646043;-0,799175
202300015962;6;7;2023;12:15;1;69;69168;2;3;1;3;Quai Pierre Dupont;45,844812;4,835173
202300015963;7;7;2023;06:15;1;71;71318;1;1;1;3;Route de la Chapelle Thecle;46,557577;5,149798
202300015964;19;11;2023;12:41;1;69;69389;2;2;1;3;Rue du Bourbonnais;45,7745;4,80181
202300015965;11;8;2023;18:30;1;28;28156;1;2;3;3;Intersection D15/D2;48,497583;0,999069
202300015966;7;7;2023;09:00;1;71;71370;1;3;1;6;les chevrets;46,542809;4,028501
202300015967;19;11;2023;16:35;1;2A;2A004;2;9;1;3;NAPOLEON COURS APRES BEVERINI;41,93234;8,74065
202300015968;31;7;2023;09:40;1;28;28202;1;2;8;3;Intersection RD4 et 318;48,631912;0,939927
202300015969;6;7;2023;19:00;1;71;71014;2;7;1;3;Place Anatole de Charmasse;46,950489;4,304178
202300015970;31;5;2023;15:10;1;54;54395;1;1;1;7;RM 674;48,67502;6,1983
202300015971;25;7;2023;17:15;1;37;37099;1;1;1;1;D751;47,30059617;0,55358845
202300015972;19;11;2023;20:28;5;95;95218;2;1;1;3;N184;49,01615;2,09206
202300015973;29;6;2023;14:50;1;89;89053;1;1;1;1;D176;47,87476;3,475349
202300015974;12;8;2023;06:00;1;30;30339;1;1;1;6;Route de la Serreyrède;44,090452;3,638492
202300015975;1;6;2023;13:15;1;51;51454;2;6;1;3;MARCHANDEAU (AVENUE PAUL);49,24227;4,02459
202300015976;18;11;2023;17:18;5;91;91549;2;1;2;6;REGIMENT NORMANDIE-NIEMEN (AVENUE DU);48,63732;2,3318
202300015977;31;5;2023;19:40;2;51;51454;2;1;1;7;BETTINGER (RUE DU DOCTEUR);49,27897;4,0166
202300015978;7;7;2023;10:30;1;39;39526;1;1;1;5;;47,030251;5,403688
202300015979;12;8;2023;15:28;1;30;30193;1;1;1;1;D999;43,861608;4,210156
202300015980;6;7;2023;21:46;1;44;44087;1;1;1;7;3 la tuilerie;47,023747;-1,737337
202300015981;11;8;2023;21:45;2;30;30061;1;1;1;7;route de dions d22;43,928051;4,270458
202300015982;31;5;2023;15:30;1;51;51454;2;1;1;4;CHAMPAGNE   (  AVENUE DE);49,21858;4,02022
202300015983;6;7;2023;23:15;3;44;44213;1;1;1;6;La Mostière;47,481568;-1,049194
202300015984;19;11;2023;04:40;3;78;78624;1;1;2;1;RD1;48,96796;1,9989
202300015985;12;8;2023;03:50;3;48;48129;1;1;1;6;N/A;44,722101;3,781646
202300015986;1;6;2023;14:55;1;47;47001;2;3;1;5;RIQUET (RUE PIERRE-PAUL DE);44,21201;0,64414
202300015987;6;7;2023;11:20;1;35;35299;1;1;1;4;rd 76;48,638581;-1,895485
202300015988;19;11;2023;06:35;2;76;76540;1;1;1;6;Route de Lyons la Foret;49,43614;1,13731
202300015989;12;8;2023;16:10;1;8;8272;1;1;1;7;Rue de Maimby;49,718417;4,348344
202300015990;5;7;2023;14:11;1;29;29205;2;1;1;6;Carrefour des Ecoles;48,298729;-3,590123
202300015991;1;6;2023;07:25;1;45;45234;2;1;1;3;Avenue des Droits de l'Homme;47,92370663;1,93497026
202300015992;11;8;2023;00:15;3;973;97307;1;1;1;6;N1;4,892647;-52,331834
202300015993;19;11;2023;19:10;5;73;73222;2;1;8;6;D9 CHESSES (ROUTE DE);45,5821778;5,94854817
202300015994;1;6;2023;20:30;1;42;42187;2;1;1;6;Rue Nicolas Cugnot;46,04195;4,06277
202300015995;4;7;2023;14:25;1;29;29282;1;1;1;1;D67;48,36164277;-4,74784802
202300015996;12;8;2023;11:40;1;80;80107;1;1;1;5;A29 Pk204+300;49,856681;2,440665
202300015997;5;7;2023;10:20;1;31;31100;1;1;1;7;15 Chemin de Faou;43,294404;1,61524
202300015998;31;5;2023;16:40;1;42;42187;2;2;1;1;Boulevard Baron du Marais;46,0412;4,06488
202300015999;6;7;2023;22:05;5;13;13017;2;6;1;6;Avenue de la Montagnette;43,865744;4,688762
202300016000;14;11;2023;17:45;5;73;73087;2;1;3;5;D1006 LYON (ROUTE DE);45,55464;5,89193
202300016001;12;8;2023;10:45;1;973;97309;2;1;1;3;283 Route de Montjoly;4,914008;-52,273909
202300016002;1;6;2023;16:10;1;41;41018;2;9;1;3;BURY (ALLEE DE);47,57791;1,28137
202300016003;7;7;2023;20:30;1;2;2815;1;1;1;6;;49,7719;3,100623
202300016004;12;8;2023;13:55;1;82;82007;1;1;1;1;Route de Montpezat;44,188518;1,468615
202300016005;19;11;2023;16:35;1;69;69266;2;2;1;3;Rue Dedieu;45,76938;4,86475
202300016006;1;6;2023;18:25;1;38;38421;2;2;1;3;AVENUE GABRIEL PÉRI;45,18526;5,76199
202300016007;11;8;2023;20:30;2;45;45317;1;1;2;6;A10 PR 124 + 51;47,775041;1,582632
202300016008;7;7;2023;11:15;1;2;2468;2;4;7;1;1 Rue des Moulins;49,74028;3,767458
202300016009;19;11;2023;21:10;5;64;64102;2;1;1;2;AVRIL (AVENUE DU 14);43,5036;-1,46752
202300016010;7;7;2023;06:45;1;3;3276;1;1;1;6;route de Sussat;46,153348;3,030639
202300016011;11;8;2023;17:45;1;11;11262;1;1;1;2;Autoroute A9;43,183369;3,050508
202300016012;1;6;2023;05:25;3;38;38179;2;2;1;6;RUE DE LA GARE;45,18164;5,78806
202300016013;11;8;2023;15:40;1;33;33005;2;1;1;6;2bis Allee des Cigales;44,742287;-1,090533
202300016014;9;11;2023;07:30;1;62;62464;2;3;2;6;D39;50,48690105;2,8082673
202300016015;5;7;2023;14:20;1;3;3193;1;3;1;2;Route de Verigny;46,488635;2,617884
202300016016;1;6;2023;08:00;1;37;37122;2;1;1;2;BORDEAUX (AVENUE DE);47,35577664;0,69867522
202300016017;11;8;2023;02:15;5;976;97615;2;3;1;1;Boulevard des Amoureux;-12,791845;45,280146
202300016018;7;7;2023;19:55;1;70;70115;1;1;1;6;N/A;47,59576;6,314306
202300016019;10;5;2023;17:04;1;36;36159;2;1;1;6;Rue du 30 Aout 1944;46,76388476;1,72241271
202300016020;12;8;2023;20:35;5;974;97415;2;1;1;1;Rue du Gen de Gaulle (st G);-21,051329;55,225329
202300016021;11;8;2023;14:10;1;971;97111;1;1;1;6;Ferry;16,281565;-61,80353
202300016022;6;7;2023;11:38;1;72;72328;1;1;1;2;3911 route de bonnetable;48,06047581;0,27222633
202300016023;1;6;2023;09:30;1;35;35238;2;2;7;3;COMBES (BD EMILE);48,09512;-1,66352
202300016024;6;7;2023;07:30;1;6;6016;1;1;1;7;Route de Nice - PK 15 + 100;44,047606;6,977106
202300016025;11;8;2023;13:00;1;84;84078;2;9;1;3;Chemin des Rosieres;44,244265;4,71638
202300016026;19;11;2023;06:00;5;60;60057;2;3;2;5;Boulevard du Docteur Lamotte;49,4357;2,08546
202300016027;1;6;2023;08:50;1;35;35238;2;3;1;3;VILLEBOIS MAREUIL (BD);48,10224;-1,6495
202300016028;11;8;2023;23:00;5;67;67065;2;1;1;3;Rue Principale;48,579567;7,604964
202300016029;7;7;2023;10:30;1;14;14371;2;4;1;3;17 Route de Lisieux;49,013586;0,152264
202300016030;12;8;2023;05:25;2;67;67529;2;1;1;7;Rue de la Republique;48,711067;7,800361
202300016031;1;6;2023;07:30;1;35;35051;2;6;1;3;VILAINE (ROND-POINT DE LA);48,11184;-1,62181
202300016032;19;11;2023;11:40;1;59;59350;2;1;2;2;SCHUMAN ROBERT BOULEVARD;50,64951;3,06665
202300016033;6;7;2023;09:50;1;5;5124;1;3;1;3;Route de Briançon;44,577699;6,133075
202300016034;11;8;2023;22:00;3;81;81131;1;1;1;4;A68;43,886819;1,985067
202300016035;30;5;2023;16:33;1;34;34032;2;3;1;1;Avenue Auguste Albertini;43,35;3,23749
202300016036;7;7;2023;02:00;3;5;5004;1;1;1;7;D13  Les faix;44,635315;6,193285
202300016037;19;11;2023;16:00;1;56;56121;2;6;1;3;NOUVEAU BRUNSWICK (RD-PT DU);47,74426;-3,39532
202300016038;11;8;2023;20:45;1;17;17086;1;3;1;2;Route des Jonquilles;45,738226;-0,557245
202300016039;1;6;2023;20:50;1;33;33192;2;3;1;3;Rue d'Ornon;44,77224;-0,64036
202300016040;5;7;2023;11:50;1;83;83007;2;1;1;3;Avenue Albert 1er;43,63074;6,220644
202300016041;30;7;2023;16:54;1;33;33324;2;1;1;6;55 Rue Jean Moulin;44,847031;0,239025
202300016042;18;11;2023;17:10;5;54;54099;2;3;2;6;Rue de la Cartoucherie;49,24417;5,93553
202300016043;6;7;2023;07:35;1;9;9296;1;8;2;2;Route Nationale 20;42,800396;1,653118
202300016044;12;8;2023;02:15;3;33;33056;1;6;1;6;Avenue du Port du Roy (Borne 7848);44,912251;-0,58035
202300016045;1;6;2023;12:40;1;33;33013;2;6;1;2;Avenue de l'Ile de France;44,84687;-0,49713
202300016046;19;11;2023;15:20;1;41;41018;2;1;1;6;VERDUN (AVENUE DE);47,59486;1,34704
202300016047;6;7;2023;17:10;1;73;73128;2;3;1;3;Route d'Antoger;45,72610366;5,91881856
202300016048;12;8;2023;17:40;1;85;85098;1;2;1;3;RD100;46,712521;-1,476475
202300016049;31;5;2023;15:25;1;33;33039;2;3;1;3;Rue des Mûriers;44,8139;-0,54966
202300016050;12;8;2023;13:35;1;22;22081;1;2;1;3;D786;48,504383;-2,617634
202300016051;19;11;2023;19:00;5;36;36044;2;2;1;3;N/A;46,80875694;1,70490056
202300016052;7;7;2023;09:20;1;16;16016;1;2;1;3;LE CERISIER DE LA BARRE;45,989564;0,621082
202300016053;31;5;2023;16:20;1;31;31555;2;1;1;3;RUE LOUIS PLANA;43,61;1,47936
202300016054;19;11;2023;17:52;3;31;31555;2;1;1;6;AV PAUL SEJOURNE;43,60748;1,42812
202300016055;11;8;2023;22:45;4;22;22214;2;1;1;1;11 Route de Saint Brieuc;48,748089;-2,985181
202300016056;7;7;2023;00:25;3;16;16312;1;1;1;6;Route départementale 118;45,777008;-0,03297
202300016057;31;5;2023;10:20;1;31;31483;2;1;1;6;ENCORE (BOULEVAR D');43,11462891;0,73111787
202300016058;7;7;2023;09:55;1;53;53097;2;1;1;6;56 Boulevard du Marechal Foch;48,150313;-0,401468
202300016059;18;11;2023;16:25;1;29;29051;2;3;8;3;Venelle de la Salleverte;47,997;-4,04882
202300016060;31;5;2023;17:40;1;29;29019;2;1;1;1;Boulevard Tanguy Prigent;48,394281;-4,53904
202300016061;12;8;2023;11:20;1;76;76753;1;3;1;4;D13;49,355433;1,175108
202300016062;3;7;2023;17:25;1;85;85047;2;4;1;3;46 Rue des sables;46,839044;-1,874435
202300016063;1;6;2023;15:40;1;28;28404;2;1;1;1;BREZOLLES (ROUTE DE);48,7286;1,32229
202300016064;19;11;2023;22:00;5;28;28404;2;1;1;6;CRECY (ROUTE DE);48,72769;1,33338
202300016065;1;7;2023;23:20;3;27;27383;1;1;1;2;D926;48,743431;0,851317
202300016066;11;8;2023;13:15;1;13;13214;1;1;1;3;A507 sens Marseille - Aubagne;43,33304;5,38506
202300016067;19;11;2023;22:42;3;26;26004;1;1;1;6;RN 532;44,99177739;4,98834535
202300016068;2;7;2023;19:20;1;28;28191;1;1;1;7;Rue des Sables;48,610608;1,647788
202300016069;11;8;2023;16:16;1;13;13081;1;1;1;2;A7-Sens Marseille vers Lyon;43,4899;5,2405
202300016070;19;11;2023;17:05;3;25;25056;2;1;8;7;RN 1057 (CH. EPITAPHE-CH. MONTBOUCONS);47,26538;6,005
202300016071;1;6;2023;11:50;1;27;27681;2;1;1;6;Avenue de l'Ardéche;49,089;1,482
202300016072;9;8;2023;02:30;3;83;83090;1;1;1;2;A50;43,12608109;5,88263494
202300016073;6;7;2023;07:55;1;37;37156;2;2;1;1;79 rue de boisdenier, montlouis;47,384716;0,814115
202300016074;19;11;2023;18:50;5;22;22113;2;1;1;6;TREBEURDEN (ROUTE DE);48,74771;-3,48308
202300016075;1;6;2023;20:14;1;70;70285;1;1;1;6;D16;47,58652;6,74654
202300016076;11;8;2023;15:45;1;69;69297;1;1;1;2;Autoroute 7;45,59977821;4,79594016
202300016077;6;7;2023;10:40;1;37;37241;2;2;7;3;3 Rue des Remparts;47,44356;0,320106
202300016078;18;11;2023;17:00;1;13;13103;1;1;1;3;ROUTE DE JEAN MOULIN-RN 538;43,66672;5,09483
202300016079;7;7;2023;17:20;1;48;48063;1;1;1;6;D806;44,728595;3,360679
202300016080;11;8;2023;13:30;1;42;42218;1;1;1;2;N488;45,441067;4,436521
202300016081;19;11;2023;17:48;5;13;13202;2;1;1;1;DUNKERQUE  (BOULEVARD DE);43,30617;5,36753
202300016082;7;7;2023;16:07;1;48;48107;1;1;1;7;moulin de la chaze;44,523039;3,298468
202300016083;31;5;2023;07:50;1;70;70285;1;9;7;4;Z.A. LES GUINNOTTES;47,5902;6,77921
202300016084;9;8;2023;12:35;1;33;33122;1;1;1;4;AUTOROUTE A 63;44,75543196;-0,68755209
202300016085;19;11;2023;15:45;1;13;13203;2;1;1;6;CAMILLE PELLETAN (AVENUE);43,30367;5,37375
202300016086;7;7;2023;00:30;3;8;8349;2;1;1;1;Route de Messempré;49,673467;5,166594
202300016087;1;6;2023;09:00;1;25;25056;2;1;7;4;RN 1057 (BD CHURCHIL-ROUTE DE GRAY);47,23971;5,97995
202300016088;11;8;2023;15:50;1;91;91377;1;1;1;2;AUTOROUTE A10;48,72753;2,30358
202300016089;7;7;2023;02:15;3;13;13044;1;1;1;1;Route de Salon;43,61424;5,069225
202300016090;18;11;2023;15:30;1;12;12013;1;1;1;7;Zone Industrielle du Plégat;44,55166;2,2883
202300016091;1;6;2023;08:56;1;25;25056;2;1;1;3;CONCORDE RUE DE LA;47,23029;5,99105
202300016092;19;4;2023;09:00;1;69;69081;2;2;1;2;Boulevard du Valvert;45,766333;4,769225
202300016093;19;11;2023;19:00;4;11;11069;2;1;1;6;25 Boulevard Barbès;43,21036;2,352319
202300016094;11;8;2023;16:15;1;91;91434;1;1;8;4;AUTOROUTE A6;48,66828;2,35455
202300016095;1;6;2023;07:40;1;25;25056;2;9;1;2;LAGRANGE  AVENUE LEO;47,2446;5,99735
202300016096;11;8;2023;21:55;3;94;94073;1;1;2;4;A86;48,768846;2,37919993
202300016097;19;11;2023;11:27;1;11;11069;1;1;1;1;ROCADE SUD RD 6161;43,20447;2,38303
202300016098;31;5;2023;18:18;1;18;18033;1;1;1;1;;47,04582;2,42088
202300016099;6;7;2023;10:10;1;37;37173;1;2;1;3;D81;47,16855455;1,28117323
202300016100;11;8;2023;09:20;1;94;94046;1;1;1;3;A86;48,80856288;2,44905786
202300016101;7;7;2023;09:50;1;73;73304;1;1;1;1;D902;45,443368;7,019065
202300016102;12;5;2023;19:55;1;13;13056;1;1;1;1;MICHEL BOULEVARD LOUISE;43,42342;5,04322
202300016103;19;11;2023;18:25;5;75;75118;2;1;1;3;PORTE DE CLIGNANCOURT;48,901047;2,344
202300016104;10;8;2023;16:45;1;2A;2A004;2;1;1;6;ROSSINI PASCAL BD;41,91649;8,73155
202300016105;6;7;2023;08:00;1;971;97119;1;1;1;6;N6;16,375578;-61,472116
202300016106;24;5;2023;15:50;1;13;13056;2;1;1;3;DEGAS ALLEE EDGARD;43,40426;5,04389
202300016107;10;8;2023;13:00;1;47;47001;2;1;1;6;LACOUR (BD EDOUARD);44,19022;0,63015
202300016108;14;11;2023;17:45;1;75;75120;2;1;1;7;PORTE DE MONTREUIL;48,852658;2,414748
202300016109;7;7;2023;16:40;1;33;33214;1;3;1;3;route de saumos;44,9761;-1,046737
202300016110;22;3;2023;15:56;1;75;75115;2;1;1;6;Place de la Porte de Versailles;48,832072;2,288339
202300016111;1;6;2023;08:50;1;13;13214;2;1;1;6;MERLAN (AVENUE);43,34035;5,40665
202300016112;19;11;2023;02:05;4;75;75120;2;1;2;2;BD PERIPHERIQUE INTERIEUR PORTE DES LILAS;48,876382;2,409421
202300016113;10;8;2023;15:50;1;976;97611;2;1;1;2;mgombani-Baobab ( Bd );-12,78491;45,22876
202300016114;6;7;2023;12:28;1;41;41220;2;2;1;3;Rue de l?Industrie;47,709509;1,60616
202300016115;31;5;2023;10:30;1;11;11262;1;1;1;5;N/A;43,18051;2,95934
202300016116;6;7;2023;11:45;1;37;37003;2;1;1;6;face au 08 rue de la Marne;47,419349;0,98175
202300016117;18;11;2023;16:00;5;75;75116;2;1;2;2;PORTE DAUPHINE;48,862819;2,264975
202300016118;10;8;2023;19:40;5;974;97416;1;1;1;2;AUGUSTIN ARCHAMBAUD(RUE);-21,32558;55,48593
202300016119;1;6;2023;03:06;5;6;6088;2;1;1;6;JAURES (BD JEAN);43,69433;7,28281
202300016120;7;7;2023;11:50;1;2A;2A247;1;3;1;3;RT10;41,639902;9,294734
202300016121;17;11;2023;11:40;1;75;75116;2;1;1;2;PORT D AUTEUIL;48,844061;2,254911
202300016122;10;8;2023;05:25;5;69;69387;2;2;1;1;Cours Gambetta;45,75595;4,84089
202300016123;27;5;2023;17:10;1;2;2722;2;1;1;6;2 Rue Léon Blum;49,37611;3,30731
202300016124;17;5;2023;16:45;1;2;2722;2;1;1;6;18 Boulevard Georges Clémenceau;49,37966;3,30906
202300016125;17;11;2023;09:10;1;75;75118;2;1;1;3;PORTE DE SAINT OUEN;48,900847;2,334437
202300016126;10;8;2023;08:30;1;69;69388;2;1;1;3;Avenue Jean Mermoz;45,73348;4,87861
202300016127;6;7;2023;19:30;1;30;30258;2;2;1;5;;43,673316;4,4216
202300016128;6;7;2023;19:25;1;83;83127;2;1;1;6;1 Avenue du Cheval Blanc;43,290459;5,867804
202300016129;31;5;2023;18:50;1;2;2408;2;6;1;6;27 Rue Nestor Gréhant;49,56946;3,60836
202300016130;10;8;2023;17:50;1;69;69149;2;2;1;3;235 Grande Rue;45,71003047;4,79967407
202300016131;18;11;2023;18:10;5;75;75106;2;2;1;6;BOULEVARD DU MONTPARNASSE;48,845513;2,319139
202300016132;1;6;2023;19:00;1;75;75117;2;1;1;2;PORTE MAILLOT;48,882612;2,283497
202300016133;19;11;2023;11:40;1;75;75119;2;1;1;6;AVENUE DE FLANDRE;48,889051;2,374601
202300016134;10;8;2023;11:26;1;971;97101;1;1;1;2;RN05;16,25232;-61,52526
202300016135;7;7;2023;08:24;1;83;83001;1;1;1;5;D37;43,556402;6,796801
202300016136;5;7;2023;18:00;1;6;6091;1;1;1;7;Route des Clues;43,818644;7,378596
202300016137;1;6;2023;08:55;1;75;75105;2;2;1;6;RUE D ARRAS;48,847134;2,351231
202300016138;9;8;2023;14:30;1;91;91514;2;6;1;3;RTE DE BOUSSY ST ANTOINE;48,68314;2,53809
202300016139;19;11;2023;09:20;1;75;75119;2;1;1;5;AVENUE DE LA PORTE DE PANTIN;48,89027;2,398039
202300016140;1;6;2023;18:20;1;75;75118;2;1;1;2;RUE DE LA CHAPELLE;48,892677;2,35979
202300016141;6;7;2023;08:25;1;13;13086;2;3;1;3;Rue Sainte Anne;43,351077;5,604234
202300016142;6;7;2023;19:03;1;13;13022;2;1;1;6;26 Avenue Jules Ferry;43,220508;5,540467
202300016143;19;11;2023;13:25;1;75;75112;2;2;1;1;RUE DE RAMBOUILLET;48,844829;2,382951
202300016144;9;8;2023;16:55;1;87;87048;1;3;1;5;RD 11;45,79549;1,2632
202300016145;31;5;2023;23:10;5;75;75118;2;3;1;3;BOULEVARD BARBES;48,888347;2,349589
202300016146;6;7;2023;07:25;1;89;89337;1;1;1;1;;47,739504;3,657836
202300016147;19;11;2023;06:20;5;94;94046;2;1;2;6;Avenue de la République;48,80079;2,43116
202300016148;9;8;2023;23:23;5;87;87085;2;1;1;7;DEPREZ (RUE MARCEL);45,80258;1,28002
202300016149;1;6;2023;08:30;1;75;75116;2;2;1;3;ROUTE DE LA MUETTE A NEUILLY;48,87253;2,264428