Num_Acc;jour;mois;an;hrmn;lum;dep;com;agg;int;atm;col;adr;lat;long
202300016150;7;7;2023;09:00;1;54;54343;1;2;7;3;D907;48,8498805;5,80421984
202300016151;19;11;2023;19:15;5;94;94022;2;9;1;3;Avenue Léon Gourdault;48,763536;2,406256
202300016152;9;8;2023;14:38;1;87;87085;2;6;1;2;VALOINE (ROND-POINT DE LA);45,80395;1,29174
202300016153;7;7;2023;15:30;1;3;3139;1;1;1;7;D182 PK9+800;45,999257;3,828156
202300016154;1;6;2023;17:45;1;75;75115;2;2;1;3;RUE DE LOURMEL;48,843778;2,286348
202300016155;9;8;2023;07:55;1;86;86158;2;1;1;2;Rue des Entreprises;46,611665;0,313861
202300016156;7;7;2023;17:00;1;63;63226;1;1;1;1;D1;45,75866429;3,2340877
202300016157;31;5;2023;17:40;1;75;75114;2;3;1;6;RUE DE RIDDER;48,832084;2,310475
202300016158;10;8;2023;08:30;1;78;78498;1;1;1;3;QUARANTE SOUS ROUTE DE;48,91718;2,0126
202300016159;18;11;2023;20:20;5;94;94079;2;2;2;3;Boulevard de Friedberg;48,83491;2,54726
202300016160;7;7;2023;16:20;1;73;73290;1;1;1;7;D1006;45,21502703;6,95503601
202300016161;31;5;2023;14:00;1;75;75114;2;3;1;6;BOULEVARD RASPAIL;48,841471;2,329755
202300016162;6;7;2023;19:25;1;9;9241;1;1;1;7;D23;42,848037;1,542657
202300016163;10;8;2023;06:00;3;76;76486;1;1;1;6;D132;49,31499087;0,98608625
202300016164;19;11;2023;17:35;5;94;94018;2;1;1;2;Rue de Paris;48,82799;2,40351
202300016165;1;6;2023;20:25;1;75;75113;2;1;1;6;QUAI D AUSTERLITZ;48,840153;2,370349
202300016166;12;6;2023;12:45;1;17;17119;1;2;1;7;Route de Saujon;45,634278;-0,876133
202300016167;19;11;2023;10:00;1;93;93071;2;9;7;6;Avenue Alfred Nobel;48,933086;2,511732
202300016168;1;6;2023;19:40;1;75;75112;2;1;1;3;PONT D AUSTERLITZ;48,84539841;2,36680269
202300016169;6;7;2023;19:45;1;85;85208;1;1;1;3;RD6;46,812255;-1,366121
202300016170;1;6;2023;18:30;1;75;75112;2;1;1;2;AVENUE LEDRU ROLLIN;48,84733;2,370261
202300016171;19;11;2023;17:42;5;93;93066;2;1;2;2;Route de la Courneuve;48,93267472;2,3748881
202300016172;9;8;2023;17:54;1;76;76351;2;5;1;7;RENE COTY;49,49644167;0,11013454
202300016173;1;6;2023;09:10;1;75;75110;2;3;1;6;PLACE FRANZ LISZT;48,877631;2,351555
202300016174;1;7;2023;14:45;1;22;22067;2;3;1;5;Rue de Callac;48,550089;-3,170967
202300016175;19;11;2023;05:45;5;93;93066;2;2;1;3;Avenue du Stade de France / Rue des Bretons;48,92101;2,36158
202300016176;31;5;2023;18:00;1;75;75109;2;3;1;6;RUE CHARRAS;48,874214;2,329769
202300016177;7;7;2023;05:15;2;80;80204;1;1;1;1;AUTOROUTE A1, PK 135+000;50,009835;2,866389
202300016178;8;8;2023;12:00;1;76;76351;2;3;1;3;GUSTAVE NICOLLE;49,49167;0,14635
202300016179;9;8;2023;12:50;1;72;72181;2;9;1;6;ROUMANIE (RUE DE);47,99666;0,23461
202300016180;19;11;2023;00:40;5;93;93055;2;3;2;2;Avenue Jean Lolive / Rue Auger;48,890842;2,400882
202300016181;6;7;2023;18:50;1;13;13117;1;1;1;2;A7-Sens Marseille vers Lyon;43,44991;5,23968
202300016182;31;5;2023;20:40;2;75;75102;2;3;1;3;RUE D ABOUKIR;48,868583;2,349719
202300016183;10;8;2023;20:15;1;67;67482;2;1;1;7;FREDERIC RIFF (RUE);48,60882;7,7824
202300016184;5;7;2023;19:40;1;13;13071;1;1;1;2;A7-Sens Marseille vers Lyon;43,40491;5,31886
202300016185;19;11;2023;12:30;1;93;93032;2;3;1;6;Avenue Paul Vaillant Couturier / Avenue Massenet;48,87239012;2,55379787
202300016186;31;5;2023;20:05;1;75;75104;2;3;1;3;RUE SAINT ANTOINE;48,853955;2,364765
202300016187;5;7;2023;18:45;1;13;13071;1;1;1;2;A7-Sens Lyon vers Marseille;43,40557;5,32134
202300016188;10;8;2023;16:00;1;67;67267;2;1;1;5;MARECHAL FOCH (RUE DU);48,55747;7,68294
202300016189;31;5;2023;16:25;1;75;75101;2;2;1;6;RUE DU LOUVRE;48,863892;2,342379
202300016190;4;7;2023;01:25;3;67;67482;1;9;1;6;M35;48,58693;7,72743
202300016191;10;8;2023;16:24;1;67;67482;1;1;1;2;LA ROCHELLE (RUE DE);48,5104;7,77237
202300016192;1;6;2023;20:13;1;94;94074;2;1;2;6;6 Rue du Colonel Fabien;48,74804314;2,4662298
202300016193;6;7;2023;18:07;1;33;33063;1;1;1;2;ROCADE A 630;44,88691113;-0,56942225
202300016194;9;8;2023;17:40;1;67;67482;2;1;1;3;REUSS (ALLEE);48,54487;7,76916
202300016195;1;6;2023;16:45;1;94;94058;2;1;1;-1;Avenue Lamartine;48,85099548;2,49728204
202300016196;19;11;2023;20:42;5;92;92046;2;2;9;3;RAYMOND DAVID;48,81723929;2,29470205
202300016197;6;7;2023;18:33;1;94;94034;1;1;1;4;A86;48,7581323;2,32682889
202300016198;10;8;2023;11:30;1;64;64483;2;2;1;3;LARRAMENDY PIERRE (AVENUE);43,383;-1,659
202300016199;6;7;2023;18:40;1;91;91174;1;1;1;3;RN 104;48,62384;2,46862
202300016200;31;5;2023;15:50;1;94;94011;2;2;1;3;Route de Stains / Route de l’Ile Barbiere;48,78244318;2,49508899
202300016201;19;11;2023;15:20;1;92;92051;2;1;1;3;DUC D'ORLEANS (PLACE DU);48,88975386;2,27633339
202300016202;10;8;2023;18:55;1;64;64125;1;1;1;1;SOUHARA (RUE);43,44413;-1,57558
202300016203;30;5;2023;19:40;1;94;94079;2;6;1;3;8 Boulevard de Strasbourg;48,82446632;2,54415706
202300016204;6;7;2023;13:05;1;94;94038;1;1;1;5;A6A;48,77319669;2,34566363
202300016205;19;11;2023;14:30;1;92;92004;2;2;1;3;CONCORDE ( RUE DE LA );48,91092215;2,29184908
202300016206;10;8;2023;14:40;1;59;59431;1;3;1;3;HOUCKE (AVENUE JULES);50,679061;2,836961
202300016207;31;5;2023;16:20;1;94;94017;2;3;1;3;Rue Diderot;48,81302;2,48953
202300016208;6;7;2023;10:04;1;94;94034;1;1;1;2;A86;48,75938138;2,32309048
202300016209;19;11;2023;15:35;1;17;17389;1;1;1;7;1a Rue de Saintonge;45,844414;-0,8691
202300016210;10;8;2023;17:30;1;54;54575;2;1;1;6;D26B;49,47356;5,83049
202300016211;5;7;2023;20:09;1;91;91645;1;1;1;2;N385;48,7597123;2,26475667
202300016212;1;6;2023;17:40;1;93;93066;2;3;1;3;Avenue Paul Vaillant-couturier / Rue Lesne;48,93129;2,364
202300016213;19;11;2023;15:50;1;35;35085;2;3;1;3;6 Avenue des Prunus;48,41338;-1,742411
202300016214;10;8;2023;16:30;1;51;51454;2;1;1;2;MAISON BLANCHE (RUE) DU N° 75 A FIN ET N;49,23585;4,02575
202300016215;1;6;2023;06:45;1;93;93053;2;3;1;3;Rue de Brément / Rue Parmentier;48,88823597;2,45997782
202300016216;10;8;2023;10:00;1;51;51454;2;4;1;6;MARTYRS DE LA RESISTANCE (PLACE);49,2545;4,03527
202300016217;6;7;2023;07:55;1;92;92072;1;1;1;5;N118;48,81757294;2,21630638
202300016218;1;6;2023;03:50;5;93;93053;2;1;1;6;Rue de Paris;48,89970431;2,44864911
202300016219;9;8;2023;11:30;1;42;42071;2;1;1;6;Route de Commelle;46,0222;4,0842
202300016220;6;7;2023;10:35;1;95;95277;1;1;1;2;A3;48,98129;2,49859
202300016221;10;8;2023;17:40;1;37;37261;2;3;1;3;SEBASTOPOL (RUE);47,38863;0,68461
202300016222;1;6;2023;18:50;1;93;93050;2;3;1;3;Avenue Jean Jaures / Avenue Jean Stéphan;48,86487;2,55528
202300016223;5;7;2023;16:20;1;93;93008;1;1;1;3;AUTOROUTE A86;48,90620241;2,459907
202300016224;9;8;2023;13:45;1;34;34301;2;1;1;3;D'AUGIER PREVOT (RUE);43,40992;3,68837
202300016225;15;3;2023;11:00;1;35;35238;2;2;1;3;VOLCLAIR (BD LOUIS);48,08840597;-1,66758567
202300016226;1;6;2023;16:55;1;93;93049;2;2;1;3;Avenue Daniel Perdrigé / Avenue des Fauvettes;48,87363434;2,50884494
202300016227;4;7;2023;23:15;3;93;93007;1;9;3;2;AUTOROUTE A3;48,92328565;2,4807592
202300016228;4;8;2023;16:55;1;34;34301;2;1;1;6;MOULIN JEAN (RUE);43,41069;3,68673
202300016229;15;3;2023;09:45;1;35;35238;1;1;1;3;RN136;48,08058;-1,67918
202300016230;19;11;2023;18:45;3;3;3286;1;1;2;1;RD53;46,517886;3,435888
202300016231;4;7;2023;09:30;1;93;93066;1;9;1;5;AUTOROUTE A1;48,91936344;2,35754643
202300016232;31;5;2023;18:50;1;93;93032;2;5;1;5;Rue Hippolyte Pina / Rue Paul Vaillant Couturier;48,87449125;2,55195788
202300016233;11;8;2023;01:23;5;34;34172;2;1;1;6;LODEVE (AVENUE DE;43,6133;3,84183
202300016234;15;3;2023;19:05;1;33;33063;2;1;1;6;Rue Albert;44,85575;-0,57942
202300016235;19;11;2023;15:30;1;56;56122;1;1;8;7;La Noë Mennais;47,986193;-2,391425
202300016236;6;7;2023;17:40;1;94;94028;1;1;1;3;A86;48,7849558;2,44038353
202300016237;1;6;2023;08:30;1;93;93008;2;1;1;6;Avenue Karl Marx;48,90522539;2,44190779
202300016238;9;8;2023;16:00;1;34;34172;2;1;1;6;CELLENEUVE A SAINT HILAIRE (RUE DE);43,60563;3,8298
202300016239;19;11;2023;16:50;2;71;71132;1;1;1;6;N70;46,615562;4,274014
202300016240;15;3;2023;12:10;1;33;33063;2;3;1;3;Rue Terrasson;44,820505;-0,573457
202300016241;6;7;2023;11:15;1;93;93051;1;1;1;3;A4;48,83550949;2,5693073
202300016242;31;5;2023;20:10;1;93;93007;2;1;1;6;Rue Jean Pierre Timbaud;48,94179;2,44968
202300016243;9;8;2023;13:00;1;29;29019;2;9;1;7;RD 205;48,37798;-4,54553
202300016244;19;11;2023;18:55;3;89;89460;1;1;1;6;18 Route de Montereau;48,3429;3,0497
202300016245;5;7;2023;04:00;3;94;94069;1;1;1;2;A4;48,81713893;2,44226193
202300016246;14;3;2023;15:30;1;33;33200;2;6;1;2;Avenue de Magudas;44,85871;-0,67293
202300016247;31;5;2023;18:08;1;92;92064;2;1;1;7;ROYALE;48,842396;2,218874
202300016248;10;8;2023;14:00;1;27;27375;2;1;1;3;CHURCHILL (AVENUE WINSTON);49,22573;1,16807
202300016249;5;7;2023;20:05;1;95;95063;2;1;1;6;MICHEL CARRE (RUE);48,92717;2,22795
202300016250;19;11;2023;22:30;3;63;63233;2;1;2;1;32 Rue de la Poste;46,178003;2,809416
202300016251;14;3;2023;08:50;1;33;33522;2;1;1;6;Avenue de l'Université;44,80184;-0,59798
202300016252;1;6;2023;08:45;1;92;92051;2;3;7;3;RICHARD WALLACE (BOULEVARD);48,87484;2,25231
202300016253;19;11;2023;10:30;1;61;61443;1;1;1;6;D268;48,740917;-0,630102
202300016254;9;8;2023;17:45;1;25;25462;2;3;1;2;HALLE;46,90497;6,35496
202300016255;5;7;2023;13:40;1;976;97611;2;1;1;3;Boulevard Halidi Selemani;-12,77895;45,22656
202300016256;15;3;2023;20:15;5;33;33529;2;1;1;2;DE GAULLE ( AVE CHARLES) 01 AU 85;44,63744;-1,12524
202300016257;1;6;2023;15:00;1;92;92050;1;1;1;2;RD 914;48,89974136;2,21995939
202300016258;5;7;2023;22:50;5;974;97411;2;1;1;6;JAURES (BLD 1 JEAN);-20,89010201;55,46469748
202300016259;20;11;2023;16:30;1;55;55008;1;1;2;1;D618 PK2.500;49,239877;5,665056
202300016260;10;8;2023;11:25;1;25;25056;2;2;1;6;CHOPIN RUE FREDERIC;47,262011;6,040483
202300016261;3;7;2023;10:00;1;974;97411;1;9;1;6;RN2/091;-20,88541;55,47363
202300016262;15;3;2023;15:15;1;33;33529;2;3;1;3;RAMOND (RUE CLEMENT);44,63086;-1,14523
202300016263;1;6;2023;07:30;1;92;92050;2;1;1;2;FONDRIERES RUE DES;48,89398;2,1817
202300016264;15;11;2023;12:30;1;12;12171;1;1;1;3;RD 901;44,533357;2,409557
202300016265;9;8;2023;11:55;1;17;17415;1;1;1;2;route nationale 141;45,73332;-0,61226
202300016266;14;3;2023;18:10;1;31;31555;2;1;9;6;ALL DE BELLEFONTAINE;43,56572968;1,39942378
202300016267;5;7;2023;19:30;3;973;97302;2;1;2;1;MANGO (ROUTE);4,93077014;-52,31644392
202300016268;19;11;2023;21:30;3;46;46320;2;1;1;6;Avenue de Montagnac - D662;44,472256;1,683998
202300016269;31;5;2023;21:05;1;92;92040;2;1;1;3;VICTOR CRESSON (AVENUE) DU 01 AU 27;48,82341461;2,2709164
202300016270;5;7;2023;15:37;1;973;97302;2;1;1;6;RABAN (ROUTE DE);4,93133132;-52,3131448
202300016271;10;8;2023;03:25;3;13;13103;1;1;1;2;RN 113;43,64;4,96
202300016272;19;11;2023;18:30;3;47;47052;1;1;1;1;Chemin du Bas Lanin;44,29867944;0,09824964
202300016273;5;7;2023;07:45;1;973;97302;2;1;1;6;BADUEL (ROUTE DE);4,93038;-52,30481
202300016274;31;5;2023;20:11;1;92;92040;2;2;1;1;PAIX (AVENUE DE LA);48,81736431;2,27372042
202300016275;10;8;2023;14:15;1;13;13214;2;3;1;3;SAINT JOSEPH (CHEMIN DE);43,34364;5,38533
202300016276;5;7;2023;07:00;1;973;97302;2;1;1;2;MONTABO (ROUTE DE) 3;4,93938;-52,30093
202300016277;17;11;2023;19:30;5;34;34284;2;1;1;1;Avenue de la Gare;43,486883;2,772988
202300016278;28;5;2023;18:35;1;92;92036;2;1;1;6;PIERRE TIMBAUD (RUE) (1/45);48,933369;2,300625
202300016279;13;3;2023;10:15;1;27;27684;2;1;1;2;COCHEREL (RUE DE);49,016033;1,186902
202300016280;5;7;2023;02:40;3;973;97309;2;1;2;7;TIGRE (ROUTE DU);4,91356;-52,30845
202300016281;20;11;2023;08:50;1;44;44036;1;1;1;6;Rte de Saint Aubin des Chateaux;47,713014;-1,399341
202300016282;9;8;2023;17:00;1;13;13004;1;1;1;3;RTE N570 AVIGNON STES MARIES;43,71932;4,64668
202300016283;1;6;2023;10:00;1;92;92026;2;9;1;3;SAINT DENIS BD (120 A 174 / 199 A 315);48,90442187;2,27874738
202300016284;11;11;2023;21:30;3;29;29150;1;1;3;6;Lieu Dit Mescleo;47,80178475;-3,61345663
202300016285;5;7;2023;15:30;1;69;69388;2;2;1;3;Avenue Jean Mermoz;45,73331;4,87917
202300016286;10;8;2023;09:30;1;11;11069;2;1;1;2;36 Avenue du Général Leclerc;43,21;2,3645
202300016287;31;5;2023;17:30;1;92;92025;2;2;1;6;BELLEVUE (RUE DE);48,918124;2,230784
202300016288;5;7;2023;04:30;5;69;69386;2;1;1;7;Rue Bossuet;45,76798628;4,85236217
202300016289;20;11;2023;16:35;1;26;26167;2;1;1;6;160 Avenue de la Gare;44,614948;5,454462
202300016290;8;8;2023;08:05;1;75;75119;2;1;1;2;PORTE D AUBERVILLIERS;48,900495;2,373846
202300016291;15;3;2023;07:05;1;26;26198;2;6;1;3;Boulevard de l'Europe;44,54594;4,75567
202300016292;5;7;2023;07:15;1;972;97209;1;1;1;7;RD 41 (ROCADE);14,61446;-61,05033
202300016293;1;6;2023;08:06;1;92;92023;2;1;7;6;GENERAL DE GAULLE (AVENUE DU);48,78456;2,24955
202300016294;18;11;2023;10:00;1;6;6112;2;1;1;6;9 Route d'Opio;43,672894;7,004846
202300016295;1;6;2023;16:00;1;92;92019;2;1;1;7;DIVISION LECLERC (AVENUE DE LA);48,76215142;2,28573024
202300016296;10;8;2023;17:10;1;75;75120;2;3;1;2;BOULEVARD DAVOUT;48,862422;2,409178
202300016297;5;7;2023;08:30;1;2B;2B353;1;1;1;3;CAP - ROUTE DU CAP;42,7144;9,45478
202300016298;14;3;2023;10:50;1;26;26198;2;4;1;2;Route de Saint Paul;44,54511;4,74894
202300016299;18;11;2023;12:50;1;14;14614;1;1;3;6;205 route de Notre Dame;49,230392;-0,961626
202300016300;10;8;2023;16:00;1;75;75117;2;1;1;3;AVENUE DE SAINT OUEN;48,8921;2,327114
202300016301;1;6;2023;14:40;1;92;92071;2;9;1;2;HOUDAN (RUE);48,77883;2,28746
202300016302;5;7;2023;10:58;1;971;97101;1;1;1;1;CARAQUE;16,25239714;-61,48979187
202300016303;15;3;2023;19:15;2;17;17300;2;1;1;7;BILLAUD-VARENNE   AVENUE;46,15199;-1,12275
202300016304;19;11;2023;14:00;1;40;40164;1;1;1;7;D224;44,110122;-0,272845
202300016305;5;7;2023;07:53;1;971;97120;2;9;1;6;LAURICISQUE;16,25084;-61,54716
202300016306;31;5;2023;20:28;1;92;92036;2;1;1;6;GRESILLONS ( AVENUE DES  );48,91550204;2,3025839
202300016307;15;3;2023;19:05;5;13;13210;2;1;1;6;ELLEON (AVENUE);43,28355622;5,44292157
202300016308;9;8;2023;22:25;5;75;75117;2;2;1;3;BOULEVARD DU BOIS LE PRETRE;48,898916;2,322361
202300016309;17;11;2023;15:00;1;4;4088;1;1;1;7;Chemin des Tourettes;43,965824;5,806661
202300016310;1;6;2023;13:40;1;39;39461;1;1;1;6;;46,769221;6,05957
202300016311;3;7;2023;03:40;5;971;97107;2;3;1;6;DUMANOIR ( ALLEE );16,0401;-61,5664
202300016312;10;8;2023;18:40;1;75;75115;2;2;1;3;BOULEVARD PASTEUR;48,84299;2,312807
202300016313;15;3;2023;07:15;1;13;13207;2;3;1;6;PASTEUR (AVENUE);43,29086;5,35911
202300016314;17;11;2023;17:55;3;85;85008;1;1;2;2;départementale 747;46,623461;-1,442428
202300016315;5;7;2023;23:50;5;95;95268;2;9;1;3;D84;48,96078;2,40118
202300016316;9;8;2023;16:16;1;75;75114;2;2;1;6;RUE RAYMOND LOSSERAND;48,830951;2,312295
202300016317;12;3;2023;10:15;1;12;12202;2;4;1;6;DE LATTRE DE TASSIGNY (BOULEVARD);44,34782;2,56799
202300016318;4;7;2023;20:10;2;95;95680;2;1;3;6;D10;49,00624;2,40081
202300016319;10;8;2023;14:35;1;75;75108;2;2;1;6;AVENUE MARCEAU;48,867531;2,299411
202300016320;19;11;2023;19:15;5;52;52455;2;1;2;6;9 Rue Jean Jaures;48,201;5,57843
202300016321;31;5;2023;08:45;1;51;51141;2;2;7;3;Avenue du Docteur Justin Jolly;48,834288;4,518652
202300016322;14;3;2023;12:05;1;11;11069;2;1;2;7;4 Boulevard Barbès;43,2102;2,35243
202300016323;2;6;2023;00:15;3;1;1378;1;1;1;7;Rroute Départementale 84;45,826168;5,149884
202300016324;19;11;2023;19:20;5;8;8185;2;1;1;6;N/A;49,980787;4,689363
202300016325;5;7;2023;16:20;1;95;95427;2;3;1;3;D311;48,97613976;2,34781265
202300016326;10;8;2023;18:05;1;75;75104;2;3;1;2;RUE BOUTAREL;48,852447;2,354851
202300016327;25;5;2023;23:40;4;84;84088;1;6;1;1;route de velleron;44,000733;5,011954
202300016328;14;3;2023;16:23;1;10;10333;2;1;2;2;AUXERRE (ROUTE);48,27826165;4,06604648
202300016329;10;8;2023;16:00;1;94;94041;2;1;1;6;Rue Maurice Gunsbourg;48,81425;2,40781
202300016330;1;6;2023;15:30;1;5;5027;1;1;1;7;D902;44,82623;6,728396
202300016331;19;11;2023;22:48;3;49;49228;1;3;1;3;Route de Saumur (Noyant);47,505863;0,11063
202300016332;1;7;2023;10:20;1;85;85194;2;6;1;3;VENDEE GLOBE (BOULEVARD DU);46,49541;-1,752005
202300016333;14;3;2023;13:15;1;10;10387;2;1;3;6;FAUBOURG CRONCELS (RUE DU);48,28231;4,07942
202300016334;10;8;2023;14:15;1;94;94073;1;1;1;1;Avenue du Luxembourg;48,756144;2,373559
202300016335;1;6;2023;10:30;1;972;97222;2;1;1;3;59 Route du Port;14,669613;-60,94328
202300016336;20;11;2023;10:50;1;76;76489;1;1;2;6;RN 1029;49,474148;0,269465
202300016337;4;7;2023;18:01;1;78;78643;1;6;1;5;ORGEVAL ROUTE D';48,95887;1,98028
202300016338;9;8;2023;21:15;1;94;94065;2;1;1;4;Avenue Charles Lindbergh;48,755827;2,346297
202300016339;14;3;2023;13:29;1;10;10387;2;6;2;3;GEORGES POMPIDOU (RUE);48,28842;4,08083
202300016340;17;11;2023;15:55;1;34;34113;1;1;1;3;Autotoute A9, PK 117.500, sens Sud Nord;43,50564;3,735909
202300016341;1;6;2023;17:50;1;1;1322;1;4;1;3;Montee des Balmes;45,939361;4,80098
202300016342;10;8;2023;06:15;2;94;94022;2;1;1;1;Avenue Anatole France;48,7566629;2,41410103
202300016343;5;7;2023;12:35;1;77;77284;2;1;1;6;ROOSEVELT (AV.DU PDT);48,957139;2,898718
202300016344;15;3;2023;22:59;5;75;75113;2;1;1;3;BOULEVARD PERIPHERIQUE INTERIEUR;48,819066;2,371901
202300016345;1;6;2023;08:19;1;1;1143;2;6;1;3;Avenue des Voirons;46,348505;6,137018
202300016346;5;7;2023;10:50;1;77;77284;2;1;1;2;GRAND CERF (RUE DU);48,95864;2,88004
202300016347;10;8;2023;08:15;1;93;93066;2;1;1;5;Avenue Roger Sémat;48,94850831;2,35760915
202300016348;19;11;2023;17:22;1;971;97103;2;1;1;3;Bd du Marquisat du Houelbourg;16,240369;-61,587438
202300016349;4;7;2023;21:40;3;76;76305;1;1;3;7;RD 6015;49,51215;0,22191
202300016350;10;8;2023;15:10;1;93;93055;2;1;1;3;Rue du Pré Saint Gervais;48,889296;2,403407
202300016351;15;3;2023;11:38;1;75;75118;2;2;1;3;AVENUE DE SAINT OUEN;48,891333;2,326889
202300016352;30;5;2023;15:35;1;67;67485;1;4;1;1;d64;48,634781;7,624337
202300016353;20;11;2023;16:30;2;95;95604;1;1;3;1;D317;49,104823;2,531834
202300016354;27;6;2023;19:30;1;68;68224;2;1;1;7;BOURTZWILLER (PONT DE);47,76342134;7,32502699
202300016355;30;5;2023;17:20;1;67;67293;1;1;1;3;Minversheim;48,771383;7,626041
202300016356;10;8;2023;13:15;1;93;93055;2;2;1;2;Rue Delizy / Rue Victor Hugo;48,8932682;2,40964879
202300016357;9;6;2023;20:27;1;68;68066;2;9;1;6;INGERSHEIM (ROUTE D');48,087162;7,326501
202300016358;15;3;2023;20:25;3;75;75106;2;3;1;1;QUAI MALAQUAIS;48,85785869;2,33623624
202300016359;8;11;2023;09:50;1;60;60138;1;1;1;2;Autoroute A1 - PK 045.000 - Sens L/P;49,22059268;2,63725519
202300016360;10;8;2023;00:25;3;93;93008;2;1;1;7;Chemin des Vignes;48,89859;2,43586
202300016361;2;6;2023;08:05;1;1;1354;2;6;1;3;Rue Germaine Tillion;46,240307;6,033758
202300016362;4;7;2023;20:09;1;67;67482;2;8;1;3;CRANACH (RUE);48,56555;7,71772
202300016363;15;3;2023;12:15;1;75;75114;2;1;1;7;BOULEVARD BRUNE;48,825768;2,314409
202300016364;10;8;2023;17:15;1;93;93045;2;5;1;6;Rue de Paris / Rue des Bruyères;48,87897927;2,41300524
202300016365;19;11;2023;10:03;1;77;77069;1;9;1;3;D637;48,457535;2,588329
202300016366;2;6;2023;08:17;1;6;6140;2;1;1;3;Route de Saint Cezaire;43,63788;6,838619
202300016367;4;7;2023;07:58;1;67;67462;2;1;1;6;DOCTEUR CH. HOUILLON (AVENUE DU);48,26287;7,45914
202300016368;15;3;2023;09:40;1;75;75113;2;4;1;3;BOULEVARD DE L HOPITAL;48,83885283;2,36099303
202300016369;23;5;2023;23:45;3;59;59307;1;1;1;6;43 Route de Bourbourg;50,870778;2,198975
202300016370;19;11;2023;08:00;1;988;98819;1;1;1;7;Route de MANGHINE 1;-20,392161;164,4138336
202300016371;5;7;2023;16:25;1;63;63113;2;2;2;6;FONTGIEVE (RUE);45,78072;3,07657
202300016372;9;8;2023;03:10;5;93;93010;2;1;1;6;Pont de Bondy;48,90478941;2,47035108
202300016373;28;5;2023;17:45;1;85;85017;1;1;1;1;la Riviere Galochon;46,892021;-1,125584
202300016374;16;3;2023;16:20;1;75;75112;2;1;1;2;AVENUE DES MINIMES;48,84291;2,423275
202300016375;18;11;2023;21:20;3;986;98613;2;1;2;7;utufua ;-13,339568;-176,193752
202300016376;10;8;2023;19:10;1;93;93001;2;1;1;3;Rue Léopold Réchossière;48,91451171;2,38959195
202300016377;1;6;2023;07:34;1;34;34036;1;9;1;6;A75, PK 285+200, sens BEZIERS/MILLAU;43,678076;3,407521
202300016378;5;7;2023;13:30;1;63;63113;2;6;1;2;JULIEN (AVENUE);45,77354;3,07539
202300016379;19;11;2023;10:18;1;83;83035;1;1;1;2;D2;43,260206;5,756814
202300016380;16;3;2023;06:31;2;75;75110;2;2;1;3;BOULEVARD DE MAGENTA;48,874637;2,357391
202300016381;10;8;2023;21:00;1;92;92049;2;3;1;3;PIERRE BROSSOLETTE (AVENUE);48,81983;2,31082
202300016382;5;7;2023;16:00;1;59;59512;2;1;1;3;ALSACE (AVENUE D');50,69;3,16
202300016383;1;6;2023;16:50;1;57;57334;2;1;1;3;D97 à hauteur du 44 rue principale;48,673945;7,176037
202300016384;10;8;2023;17:30;1;92;92022;2;1;1;1;SALENGRO (AVENUE ROGER);48,80530833;2,18314201
202300016385;16;3;2023;06:20;2;75;75110;2;2;1;6;RUE LA FAYETTE;48,880618;2,362028
202300016386;5;7;2023;00:28;5;56;56121;2;9;1;3;ORADOUR (PONT D');47,75413;-3,37115
202300016387;2;6;2023;13:35;1;51;51350;1;1;1;1;D11;48,923046;3,66791
202300016388;4;7;2023;21:31;1;49;49007;1;1;2;6;EPINARD ROUTE;47,503;-0,567
202300016389;10;8;2023;10:00;1;92;92072;2;1;1;2;GRANDE RUE;48,82691;2,22132
202300016390;16;3;2023;09:30;1;75;75108;2;2;1;3;BOULEVARD HAUSSMANN;48,875037;2,309198
202300016391;1;5;2023;15:00;1;56;56116;1;3;1;3;Lieu Dit Fetan Stirec;47,578465;-2,957232
202300016392;20;11;2023;06:30;5;73;73181;1;1;8;1;N90;45,481235;6,527832
202300016393;10;8;2023;22:00;3;50;50066;1;1;1;1;Route de la Chevallerie;48,745913;-1,559478
202300016394;16;3;2023;12:00;1;75;75107;2;1;1;6;AVENUE DE LA BOURDONNAIS;48,855617;2,303336
202300016395;1;6;2023;18:15;1;76;76540;2;1;1;3;Quai Gaston Boulet (Trémie);49,443596;1,076789
202300016396;5;7;2023;13:50;1;45;45302;2;1;1;4;D557 PR 0 + 341;47,95121;1,86205
202300016397;11;8;2023;10:30;1;95;95313;2;1;1;6;D64;49,11292;2,216275
202300016398;19;11;2023;20:24;3;73;73227;1;1;2;7;D98;45,433146;6,57835
202300016399;2;6;2023;15:00;1;79;79196;1;1;1;7;;46,893508;-0,04798
202300016400;16;3;2023;10:00;1;94;94078;2;9;1;3;Avenue Winston Churchill;48,754048;2,449157
202300016401;11;8;2023;15:30;1;95;95487;2;1;2;7;D4;49,153008;2,256773
202300016402;4;7;2023;14:30;1;44;44162;2;1;1;6;2 Place des Thébaudières;47,24376;-1,60643
202300016403;2;6;2023;08:45;1;2A;2A092;2;1;1;6;Tarcu;41,747354;9,402924
202300016404;15;3;2023;18:34;1;94;94068;2;9;1;6;Avenue Joffre;48,80242941;2,4926227
202300016405;18;11;2023;00:10;4;1;1297;2;1;2;1;431 Route de Bourg-en-bresse;45,886046;5,088714
202300016406;6;8;2023;07:05;2;40;40304;2;9;1;3;Res les Terrasses Notre Dame;43,656649;-1,44187
202300016407;2;6;2023;11:00;1;65;65095;1;1;1;7;Route de Lahitte;43,244859;0,363504