Num_Acc;jour;mois;an;hrmn;lum;dep;com;agg;int;atm;col;adr;lat;long
202300016408;16;3;2023;06:00;5;94;94068;2;2;1;2;Avenue Pierre Semard;48,80261455;2,51158029
202300016409;19;11;2023;17:15;4;79;79088;1;1;1;2;N/A;46,786515;-0,339664
202300016410;10;8;2023;15:20;1;23;23068;1;1;1;1;D13;46,112099;2,064571
202300016411;1;6;2023;21:15;2;81;81288;1;1;1;1;D85;43,453312;2,025036
202300016412;10;8;2023;22:45;3;35;35193;1;1;9;7;Lieu Dit Gouault;48,228992;-1,728979
202300016413;15;3;2023;17:09;1;94;94068;2;3;1;3;Avenue de la Banque;48,79186;2,49802
202300016414;20;11;2023;07:33;2;17;17121;1;1;1;1;D735, PK 018+040;46,20027;-1,403975
202300016415;10;8;2023;10:45;1;57;57179;1;1;1;7;D56;49,340825;6,268559
202300016416;2;6;2023;09:00;1;11;11293;1;1;1;5;D118;43,109787;2,265732
202300016417;5;7;2023;20:05;1;41;41018;2;2;1;1;TOURVILLE (RUE DU MARECHAL DE);47,5909;1,3068
202300016418;20;11;2023;09:10;1;49;49023;2;1;1;2;Rue des Mauges (Beaupréau);47,199401;-0,994826
202300016419;10;8;2023;14:35;1;51;51245;1;1;1;7;Rue de l?Abbaye d?Igny;49,222555;3,783808
202300016420;16;3;2023;08:45;1;94;94046;2;1;1;3;81 Avenue de la République;48,804632;2,438254
202300016421;2;6;2023;08:40;1;71;71187;1;1;1;2;N80;46,74896;4,50769
202300016422;9;8;2023;18:00;1;56;56066;2;2;7;6;Rue Famille Bouchard;48,141173;-3,608236
202300016423;4;7;2023;18:30;1;41;41018;2;3;8;3;CROIX PICHON (RUE DE LA;47,59721;1,30444
202300016424;10;8;2023;17:16;1;56;56165;1;1;1;1;Carrieres de Co;47,904124;-2,377209
202300016425;16;3;2023;19:45;5;94;94003;2;2;1;3;Rue d'Arcueil;48,81012;2,34067
202300016426;5;7;2023;09:20;1;35;35238;2;1;1;6;NOEL (YVES);48,09078;-1,67627
202300016427;2;6;2023;16:00;1;61;61116;1;1;7;3;D923 PR4+280;48,361595;0,87338
202300016428;18;11;2023;18:13;3;13;13005;1;1;1;2;A50-Sens Toulon vers Aubagne;43,279;5,58553
202300016429;4;7;2023;14:30;1;34;34003;1;1;1;6;RD912;43,31;3,48548
202300016430;16;3;2023;11:45;1;94;94073;2;3;1;6;91 Av du Mal de Lattre de Tassigny / Rue Spinoza;48,75516;2,40494
202300016431;29;5;2023;12:20;1;61;61230;1;1;1;7;D36 PR13+820;48,57523;0,864347
202300016432;19;11;2023;09:40;1;13;13106;1;1;1;7;A7-Sens Marseille vers Lyon;43,39418;5,35149
202300016433;1;6;2023;12:40;1;34;34142;1;1;1;7;RD35;43,731856;3,292825
202300016434;5;7;2023;20:00;1;33;33063;2;2;1;3;Rue de Macau;44,85598035;-0,5886282
202300016435;9;3;2023;22:30;5;94;94028;2;1;2;6;27 Avenue François Mitterrand;48,76955419;2,4645393
202300016436;11;8;2023;10:50;1;65;65388;2;3;1;6;Rue du Neouvielle;42,816504;0,320288
202300016437;1;6;2023;09:50;1;34;34317;1;1;1;3;D130;43,793712;3,489318
202300016438;15;3;2023;12:50;1;94;94028;2;1;1;6;Rue de Mesly;48,788783;2,461613
202300016439;5;7;2023;02:40;3;33;33063;2;1;1;1;Rue Achard;44,86488;-0,54941
202300016440;17;11;2023;17:02;2;13;13071;1;1;1;2;A55 - Sens Marseille vers Martigues;43,394;5,281
202300016441;31;5;2023;14:45;1;68;68338;1;1;1;6;D10;48,0842;7,270256
202300016442;5;8;2023;18:55;1;65;65050;2;1;1;1;rd25;42,842483;0,407656
202300016443;4;7;2023;20:02;1;33;33119;2;1;1;6;Avenue Georges Clémenceau;44,85074882;-0,50875336
202300016444;17;11;2023;02:11;3;13;13211;1;1;1;7;A50-Sens Marseille vers Aubagne;43,28832;5,49876
202300016445;16;3;2023;09:00;1;94;94017;2;2;1;3;Avenue du Général de Gaulle / Rue Destouches;48,82161887;2,48967576
202300016446;9;8;2023;13:15;1;65;65460;1;1;1;2;D934;43,386164;0,081239
202300016447;26;5;2023;13:46;1;68;68237;1;1;7;2;D11.2;48,098149;7,255681
202300016448;16;3;2023;11:00;1;95;95527;2;1;1;1;2 SOEURS (RUE DES);49,01147399;2,52127111
202300016449;10;8;2023;22:20;4;11;11262;1;1;1;1;D13;43,209031;3,012561
202300016450;18;11;2023;08:30;1;69;69385;1;1;1;2;Route de Métropole 6;45,75138206;4,82144145
202300016451;25;5;2023;16:41;1;39;39436;1;1;1;7;;46,86234;5,899685
202300016452;11;8;2023;17:10;1;55;55286;1;1;1;7;Voie Sacree;49,072179;5,286269
202300016453;16;3;2023;09:25;1;93;93064;2;9;1;6;Rue Leon Blum;48,88365329;2,47945803
202300016454;2;6;2023;11:20;1;25;25228;2;1;1;6;35 Av du General Charles de Gaulle;47,506531;6,858416
202300016455;8;10;2023;01:25;3;69;69297;1;1;1;3;Autoroute 7;45,610282;4,805966
202300016456;11;8;2023;17:00;1;55;55348;2;9;1;3;10 Rue de Verdun;48,533047;5,268475
202300016457;19;11;2023;10:32;1;91;91103;1;1;1;6;RN 104;48,62379;2,29785
202300016458;1;6;2023;04:50;2;25;25488;1;1;5;1;RN 83;47,009805;5,851856
202300016459;16;3;2023;11:00;1;93;93053;2;3;1;2;Chemin de Montreuil à Claye / Rue de Brément;48,88709;2,47049
202300016460;10;8;2023;18:25;1;12;12185;1;1;1;6;d911;44,29354021;2,68620282
202300016461;18;11;2023;21:50;3;91;91617;1;1;1;2;RN 104 EXT / RN 6 PARIS;48,63552;2,53538
202300016462;10;8;2023;17:20;1;47;47049;1;1;1;7;Peraud;44,46690335;0,58555276
202300016463;1;6;2023;18:07;1;44;44100;2;1;1;1;12 Coursay;47,112477;-1,362197
202300016464;16;3;2023;07:55;1;93;93051;2;2;1;6;Avenue Aristide Briand / Rue du Docteur Jean Vaquier;48,84784;2,5528
202300016465;11;8;2023;16:40;1;39;39170;1;1;1;1;N/A;46,674433;5,485129
202300016466;30;5;2023;14:10;1;44;44106;2;1;1;1;Chemin des Tranglois;47,0659098;-1,9856442
202300016467;16;3;2023;19:50;5;93;93050;2;3;1;6;Rue de Suffren / Rue de Tourville;48,86554;2,53683
202300016468;19;11;2023;18:05;2;78;78238;1;1;1;2;A13;48,970517;1,87801
202300016469;6;8;2023;12:35;1;44;44182;2;1;1;6;74 Avenue Ernest Chevrier;47,163509;-2,156909
202300016470;1;6;2023;18:15;1;35;35142;2;1;1;6;Rue Victor Hugo;48,415587;-1,15162
202300016471;2;6;2023;12:00;1;29;29113;2;1;1;6;Place de la Mairie;48,647307;-3,715541
202300016472;11;8;2023;08:28;1;29;29076;1;1;5;1;Lieu Dit La Sapinière;48,44547157;-4,56017333
202300016473;16;3;2023;15:25;1;93;93029;2;1;1;2;Rue Philippe Lalouette;48,928886;2,4397
202300016474;19;11;2023;14:10;1;92;92064;1;1;1;2;A13;48,83850309;2,19236004
202300016475;15;3;2023;23:50;5;92;92046;2;9;1;6;Charles de gaulle;48,82477444;2,30184898
202300016476;2;6;2023;13:43;1;38;38150;1;1;1;1;D11;45,198653;5,847731
202300016477;10;8;2023;23:56;5;31;31334;1;1;1;1;D215;43,387838;1,28451
202300016478;19;11;2023;06:32;3;92;92064;1;1;1;2;A13;48,83921391;2,21834502
202300016479;21;5;2023;12:57;1;3;3312;1;1;1;6;D57;46,507819;2,845471
202300016480;10;8;2023;18:55;1;2;2319;1;1;1;7;d70;49,90092;3,390613
202300016481;16;3;2023;21:45;5;92;92020;2;2;1;6;PARIS AVENUE DE N°2 A82;48,80390104;2,28865251
202300016482;19;11;2023;04:50;3;92;92036;1;1;1;6;RN315 W;48,93513695;2,30171031
202300016483;2;6;2023;08:15;1;26;26198;1;1;1;2;route de sauzet;44,573457;4,788467
202300016484;18;11;2023;23:50;5;92;92072;1;1;1;6;N118;48,82775845;2,22479876
202300016485;19;11;2023;12:00;1;93;93064;1;1;1;6;AUTOROUTE A86;48,86937;2,48244
202300016486;16;3;2023;13:55;1;92;92020;2;2;1;3;REPUBLIQUE AV. N°27 A 105 ET 26 A 178;48,801;2,29374
202300016487;1;6;2023;12:30;1;26;26108;2;1;1;6;Rue Laurent Mognat;44,728585;5,018824
202300016488;19;11;2023;10:00;1;95;95572;1;1;1;6;N184;49,03386578;2,11132765
202300016489;10;8;2023;16:50;1;15;15119;1;1;1;6; D909;45,231397;3,197086
202300016490;2;6;2023;14:10;1;26;26144;1;1;1;1;Departementale 113;44,728222;4,924938
202300016491;16;3;2023;09:05;1;92;92020;2;4;1;7;PIERRELAIS RUE DES;48,79675638;2,28807047
202300016492;19;11;2023;09:00;1;95;95212;1;1;1;6;N104;49,02856189;2,52593279
202300016493;11;8;2023;06:50;2;26;26093;1;1;1;6;D133;44,380488;4,797227
202300016494;19;11;2023;09:45;1;95;95527;1;1;1;6;A3;48,98692009;2,50492573
202300016495;2;6;2023;10:00;1;60;60167;2;2;1;3;Rue de Reims;49,399049;3,031583
202300016496;19;11;2023;05:25;3;93;93027;1;1;2;2;AUTOROUTE A1;48,9345;2,39654
202300016497;11;8;2023;01:00;3;58;58003;2;1;1;1;D121;47,195326;4,174376
202300016498;2;6;2023;16:20;1;60;60577;1;3;1;4;RD104;49,43427242;1,74996368
202300016499;19;11;2023;02:30;3;93;93053;1;1;8;6;AUTOROUTE A103;48,88748;2,4731
202300016500;11;8;2023;13:20;1;6;6072;1;1;1;6;M2205;44,016892;7,131071
202300016501;15;3;2023;10:20;1;92;92036;2;3;1;3;LOUIS ROCHE (AVENUE) (1/45);48,92971;2,30913
202300016502;19;11;2023;03:20;3;93;93066;1;1;8;6;AUTOROUTE A86;48,92426;2,34198
202300016503;30;5;2023;19:00;1;45;45166;1;1;1;1;D102 PR 8 + 257;48,014358;1,801093
202300016504;10;8;2023;23:15;3;14;14287;1;1;1;2;Route de Paris;49,140737;-0,242718
202300016505;16;3;2023;17:50;1;92;92026;2;3;1;6;IRIS (PLACE);48,88879;2,24782
202300016506;19;11;2023;02:20;3;95;95252;1;1;1;6;A15;48,98826;2,20528
202300016507;1;6;2023;23:20;3;18;18067;1;1;1;6;N/A;47,54054;2,35757
202300016508;10;8;2023;18:30;1;64;64154;1;1;1;7;D120;43,174653;-1,151097
202300016509;1;6;2023;15:00;1;18;18197;2;1;1;7;Chemin du Grand Tertre;46,713193;2,506063
202300016510;11;8;2023;18:50;1;36;36141;1;1;1;7;Bel Air;46,60112505;1,81929836
202300016511;16;3;2023;17:40;1;92;92007;2;6;1;3;VAILLANT-COUTURIER (AVENU PAUL);48,79228789;2,31555372
202300016512;18;11;2023;22:50;3;93;93078;1;1;8;4;AUTOROUTE A104;48,9638;2,52113
202300016513;1;6;2023;19:30;1;27;27295;1;2;1;3;Chemin des Bruyeres;49,044788;0,537547
202300016514;10;8;2023;16:39;1;16;16066;2;1;1;6;D731;45,338376;-0,044889
202300016515;16;3;2023;11:49;1;92;92007;2;1;1;6;SCHWEITZER (RUE DU DOCTEUR);48,78952058;2,31298551
202300016516;19;11;2023;19:30;3;77;77294;1;1;1;2;A104;48,96991748;2,59832365
202300016517;19;11;2023;15:55;1;77;77384;1;1;1;6;A5;48,59353611;2,6410138
202300016518;1;6;2023;08:15;1;17;17008;1;1;1;4;pk 127 D137;46,28314;-0,994649
202300016519;10;8;2023;11:00;1;7;7261;1;1;1;6;D21;44,826079;4,774527
202300016520;8;3;2023;10:25;1;84;84142;2;2;1;1;rue carriero frédéric mistral;43,95691;5,030588
202300016521;19;11;2023;15:50;1;77;77237;1;1;1;7;A4;48,8306;2,7572
202300016522;1;6;2023;10:28;1;30;30305;2;1;1;6;33 Rue Henri Merle;44,170999;4,156576
202300016523;19;11;2023;06:00;3;94;94044;1;1;8;6;N406;48,75866642;2,46997279
202300016524;4;8;2023;08:50;1;4;4230;1;3;1;2;Route de Manosque;43,813411;5,930901
202300016525;16;3;2023;17:44;1;18;18257;1;1;1;3;N/A;47,494255;2,860608
202300016526;2;6;2023;17:17;1;52;52027;1;1;1;1;D141;47,740579;5,191662
202300016527;19;11;2023;00:35;3;93;93051;1;1;1;3;A4;48,83613158;2,54122138
202300016528;31;7;2023;09:00;1;85;85234;1;3;1;3;RD 753;46,803758;-2,0295135
202300016529;2;6;2023;09:30;1;8;8352;2;1;1;7;21 Rue du Haut;49,663581;4,581918
202300016530;18;11;2023;23:15;3;94;94033;1;1;2;6;A86;48,85837971;2,48781332
202300016531;1;6;2023;14:45;1;49;49209;1;1;1;7;D197;47,622516;-0,194771
202300016532;18;9;2023;17:05;1;74;74012;2;1;1;6;BONNEVILLE (ROUTE DE);46,18397;6,23727
202300016533;17;3;2023;16:30;1;59;59260;1;1;1;1;ROUTE D'UXEM;51,035201;2,502426
202300016534;31;5;2023;15:30;1;33;33284;1;1;1;5;A63;44,64769534;-0,83718985
202300016535;26;7;2023;17:30;1;62;62108;2;1;1;6;D940;50,41647;1,59471
202300016536;16;11;2023;13:18;1;92;92025;2;1;3;6;G.PERI 2 A 192 1 A 247 (RUE);48,92303128;2,25184071
202300016537;17;3;2023;07:45;1;83;83019;1;4;1;3;D98;43,149857;6,291411
202300016538;2;6;2023;03:45;3;11;11145;1;1;1;5;N/A;43,24096431;3,14632152
202300016539;16;3;2023;17:50;1;30;30117;1;6;1;3;D6113;43,69419;4,598079
202300016540;18;7;2023;20:00;1;13;13005;1;1;1;1;RD 559 A (ROUTE DE LA BEDOULE);43,28067;5,58356
202300016541;1;6;2023;15:40;1;77;77078;1;1;1;6;D603;48,971911;3,138439
202300016542;13;11;2023;01:30;5;62;62099;2;1;8;6;Rue de la Republique;50,27;2,784
202300016543;17;3;2023;08:00;1;89;89086;1;1;1;7;N/A;47,887888;3,162947
202300016544;2;6;2023;15:50;1;2A;2A215;2;1;1;2;T40;41,494966;9,051227
202300016545;18;11;2023;13:10;1;974;97416;1;1;1;3;RN1 (ROUTE NATIONALE);-21,30863;55,43199
202300016546;12;3;2023;09:03;1;89;89025;2;1;1;1;20 Avenue de la Morlande;47,490662;3,901371
202300016547;1;6;2023;16:00;1;83;83108;1;1;1;6;D468;43,32776442;5,99342836
202300016548;17;3;2023;10:30;1;61;61214;2;1;1;6;Voie Communale;48,764845;0,62599
202300016549;1;6;2023;14:20;1;6;6017;1;1;1;7;pk 7 D8;43,801774;7,101618
202300016550;18;11;2023;06:30;1;972;97213;1;1;1;1;ROUTE NATIONALE 6;14,59621;-60,97936
202300016551;29;5;2023;13:30;1;5;5052;2;1;1;2;N94;44,6708605;6,6182971
202300016552;16;3;2023;09:30;1;61;61210;1;2;1;3;D784 - D204;48,691314;-0,114583
202300016553;2;6;2023;10:35;1;5;5038;1;1;1;1;Prats-bas - Route départementale n°5;44,749111;6,831307
202300016554;16;3;2023;13:40;1;34;34237;1;7;1;7;8 Rue du Pont Second;43,50144;3,319687
202300016555;1;6;2023;13:20;1;13;13074;2;6;1;7;rond point du perou;43,646402;5,573008
202300016556;18;11;2023;14:00;1;972;97209;1;1;1;1;REDOUTE (ROUTE DE LA);14,6225;-61,0606
202300016557;16;3;2023;13:50;1;68;68004;2;1;1;3;Rue de Hirtzbach;47,615118;7,234765
202300016558;18;11;2023;17:18;2;69;69382;2;1;1;6;22 Rue de la Charité;45,7563;4,83339
202300016559;1;6;2023;15:17;1;71;71082;2;1;1;6;Le Genevrier;46,467298;4,248201
202300016560;18;11;2023;09:30;1;69;69149;2;1;1;6;3 Rue Colonel Sebbane;45,71667;4,79486
202300016561;16;3;2023;16:40;1;25;25411;2;9;1;3;Rue de la Louhiere;47,061054;6,606131
202300016562;18;11;2023;17:40;3;2B;2B120;1;1;1;7;VILLAGE (Route du) D364;42,65751;9,42011
202300016563;2;6;2023;16:50;1;71;71235;2;4;1;3;Rue des Verchères;46,354563;4,796802
202300016564;18;11;2023;10:50;1;91;91345;2;1;2;6;RUE GEORGES BIZET;48,69902;2,29962
202300016565;16;11;2023;18:05;5;85;85194;2;6;1;6;Rue du bocage;46,5032861;-1,73231
202300016566;1;6;2023;01:00;3;67;67551;1;1;1;2;M351;48,598778;7,656312
202300016567;17;11;2023;18:15;5;83;83137;2;9;1;6;ESTIENNE D'ORVES (AVE);43,12722;5,91844
202300016568;16;3;2023;19:15;1;29;29061;2;1;1;1;route de Penguerec;48,44123;-4,46554
202300016569;2;6;2023;14:55;1;3;3070;1;1;1;1;route du Montet ;46,402467;2,952479
202300016570;18;11;2023;19:00;4;78;78133;2;1;2;6;MANTES (ROUTE DE);48,911507;2,03194
202300016571;26;5;2023;19:13;1;69;69116;2;1;1;7;517 Route de Bellevue;45,843241;4,76909
202300016572;17;11;2023;18:35;5;77;77379;2;1;2;6;D01E;48,54715;3,29215
202300016573;16;3;2023;19:30;3;38;38082;2;1;1;6;1210 Rue Principale;45,426294;5,516886
202300016574;17;5;2023;14:00;1;9;9160;2;6;1;6;Avenue Léon Blum;42,924429;1,837313
202300016575;18;11;2023;20:40;5;77;77390;2;6;2;7;AV DE LA MALIBRAN;48,80044;2,6337
202300016576;1;6;2023;23:10;3;17;17064;2;1;2;7;Route de Taupignac;45,675752;-1,056747
202300016577;11;3;2023;10:30;1;2;2706;1;1;1;6;N/A;49,34474;3,36967
202300016578;1;6;2023;07:30;1;33;33165;2;1;1;3;Chemin Profond;44,82561128;-0,43184102
202300016579;18;11;2023;19:15;3;77;77307;1;1;3;3;RAYMOND POINCARE  (AVENUE);48,86664;2,73788
202300016580;17;3;2023;02:25;3;66;66082;1;1;1;6;N/A;42,604275;2,102243
202300016581;2;6;2023;18:15;1;50;50041;1;1;1;1;le hutret;49,637524;-1,766846
202300016582;17;3;2023;07:10;1;6;6032;2;1;1;6;M6007;43,730922;7,40949
202300016583;18;11;2023;21:20;5;69;69266;2;2;1;3;Rue Poizat;45,75816;4,89329
202300016584;1;6;2023;20:25;1;22;22327;1;1;1;1;Départemental 57;48,494824;-2,0123
202300016585;16;3;2023;18:15;2;60;60021;1;1;1;2;RD 1032;49,59499764;3,12128019
202300016586;18;11;2023;09:40;1;69;69256;2;1;1;1;244 Avenue Franklin Roosevelt;45,74668;4,93303
202300016587;16;3;2023;14:45;1;73;73300;1;1;1;2;D1201;45,670872;5,893564
202300016588;18;11;2023;12:30;1;69;69290;2;4;1;3;Boulevard de la Porte des Alpes;45,71693;4,92815
202300016589;9;3;2023;16:20;1;24;24117;2;1;1;6;Route des quatre vents;45,090907;1,367802
202300016590;2;6;2023;13:45;1;80;80278;1;3;1;5;D329;49,720387;2,663541
202300016591;17;11;2023;11:55;1;60;60057;2;9;1;6;Rue d'Allonne;49,41788758;2,10450557
202300016592;16;3;2023;19:42;3;23;23013;1;1;1;7;pont de courleix;46,030096;2,517307
202300016593;15;3;2023;17:00;1;87;87071;2;9;7;6;Mairie de Glandon (Hôtel de ville);45,48028;1,224412
202300016594;17;11;2023;11:20;1;59;59360;2;1;1;3;BARBUSSE HENRI RUE;50,6101;3,01118
202300016595;16;3;2023;13:20;1;46;46083;1;1;1;6;autoroute A.20 - parking station service de Pech Montat - sens Toulouse / Paris;45,032804;1,524782
202300016596;1;6;2023;12:13;1;62;62014;2;2;1;3;Boulevard Clémenceau;50,6428;2,396618
202300016597;16;3;2023;17:00;1;38;38530;2;1;1;1;Route de Vienne;45,612679;5,173472
202300016598;18;11;2023;14:35;1;56;56036;1;1;3;4;Pendreff;47,77629;-3,36271
202300016599;16;3;2023;21:30;3;68;68300;1;1;1;7;autoroute A36;47,786064;7,418261
202300016600;26;5;2023;09:30;1;59;59350;1;1;1;5;AUTOROUTE A25;50,61632;3,0684
202300016601;18;11;2023;22:00;5;54;54395;2;1;3;6;Quai Choiseul;48,70339;6,16778
202300016602;16;3;2023;12:30;1;31;31259;1;1;1;6;Allée louis delafage;43,50702985;1,41371593
202300016603;23;12;2023;18:00;3;29;29232;1;1;3;2;148 Hent Brest;48,01466616;-4,0774044
202300016604;1;6;2023;08:05;1;91;91687;1;1;1;2;AUTOROUTE A6;48,66278;2,36787
202300016605;17;3;2023;12:40;1;89;89415;1;1;1;2;N/A;47,58722;3,9201
202300016606;18;11;2023;19:00;5;54;54328;2;1;3;3;route de mirecourt;48,61588;6,17625
202300016607;1;6;2023;07:45;1;94;94038;1;1;1;2;A6B;48,77376519;2,34617558
202300016608;23;12;2023;21:10;3;18;18279;1;1;2;2;N/A;47,252841;2,060294
202300016609;16;3;2023;16:05;1;13;13065;1;1;1;1;Route départementale 5;43,679729;4,890847
202300016610;1;6;2023;15:50;1;92;92072;1;1;1;4;N118;48,82187046;2,22150108
202300016611;17;11;2023;17:10;1;54;54547;1;1;1;6;Avenue de Bourgogne;48,647276;6,142207
202300016612;1;6;2023;12:08;1;78;78571;1;1;1;3;A13;48,863626;2,040937
202300016613;13;2;2023;16:00;1;45;45146;1;1;1;2;A71 PR 125 + 709;47,675964;1,912222
202300016614;24;12;2023;17:40;5;14;14118;2;1;1;6;Avenue Henry Chéron;49,17095;-0,40025
202300016615;16;3;2023;17:00;1;974;97415;2;1;1;2;N1a;-21,039271;55,218927
202300016616;1;6;2023;07:35;1;92;92025;1;1;1;3;A86;48,92376825;2,22996229
202300016617;17;3;2023;09:00;1;77;77382;2;1;1;6;Rue de Meaux;48,901124;2,876942
202300016618;31;5;2023;20:15;1;95;95582;1;1;1;5;A15;48,97238617;2,2473371
202300016619;17;11;2023;16:40;1;54;54357;2;1;1;1;Rue Paul Langevin;48,7043536;6,13081366
202300016620;17;3;2023;12:40;1;2A;2A215;1;1;1;3;Sapara da padda;41,483594;9,058657
202300016621;31;5;2023;22:40;3;93;93007;1;1;1;6;AUTOROUTE A1;48,95432;2,45653
202300016622;14;3;2023;04:45;3;66;66165;1;1;1;6;N/A;42,64691;2,567195
202300016623;24;12;2023;16:30;1;13;13201;2;2;1;1;VOLTAIRE    PAIRS (BOULEVARD);43,30347;5,38596
202300016624;30;5;2023;12:30;1;93;93007;1;1;1;2;AUTOROUTE A1;48,94625;2,44147
202300016625;17;3;2023;08:15;1;66;66044;1;6;1;6;N/A;42,65276396;2,72568762
202300016626;18;11;2023;12:15;1;54;54116;1;1;2;1;D400;48,59064;6,5548
202300016627;30;5;2023;08:00;1;93;93027;1;1;1;5;AUTOROUTE A86;48,92572;2,39606
202300016628;16;3;2023;19:30;5;83;83115;2;4;1;1;Boulevard Jean Moulin;43,305596;6,632003
202300016629;1;6;2023;18:50;1;94;94017;1;1;1;3;A4;48,82650013;2,51586685
202300016630;24;12;2023;13:50;1;13;13202;2;7;1;3;MELCHIOR GUINOT (RUE);43,30928;5,36863
202300016631;18;11;2023;14:00;1;54;54580;2;4;2;3;RUE FRANCOIS EMILE BABOEUF;49,461999;5,936691
202300016632;17;3;2023;07:50;1;83;83107;1;1;7;2;DN 7;43,465434;6,619579
202300016633;17;11;2023;16:20;1;49;49328;1;6;1;2;ROCADE N 347;47,28621;-0,04882
202300016634;1;6;2023;17:05;1;77;77175;1;1;1;4;RN104;48,668694;2,612329
202300016635;17;3;2023;07:50;1;38;38158;2;1;1;1;Avenue Jean Jaures;45,158767;5,745823
202300016636;24;12;2023;12:10;1;13;13201;2;1;1;1;MONTRICHER (BOULEVARD);43,30497;5,3934
202300016637;18;11;2023;12:15;1;49;49099;2;1;1;6;NAPOLEON BONAPARTE (AVENUE);47,047665;-0,893636
202300016638;1;6;2023;16:40;1;94;94022;1;1;1;2;A86;48,7761107;2,42505182
202300016639;16;3;2023;11:00;1;1;1276;1;6;1;3;D61A;45,838564;5,050087
202300016640;31;5;2023;16:30;1;75;75112;1;1;1;2;A4;48,818684;2,457463
202300016641;24;12;2023;03:07;5;13;13206;2;2;1;1;PIERRE PUGET (COURS);43,29069;5,37772
202300016642;18;11;2023;12:40;1;49;49015;2;6;1;1;MENDES FRANCE AVENUE PIERRE;47,49927;-0,58299
202300016643;16;3;2023;13:15;1;1;1213;1;1;1;4;D1084;45,937516;5,299674
202300016644;18;11;2023;14:15;1;43;43041;2;1;1;7;Voie verte;45,05103;3,90832
202300016645;31;5;2023;11:10;1;77;77373;1;1;1;3;RN104;48,782318;2,616032
202300016646;24;12;2023;13:20;1;6;6029;2;7;1;6;Rue Docteur Baloux;43,5508845;6,9766699
202300016647;18;11;2023;22:20;3;35;35051;1;1;1;6;D 175;48,15409678;-1,62442356
202300016648;16;3;2023;09:30;1;69;69273;1;1;1;3;300 Route de Marennes;45,647041;4,910088
202300016649;25;12;2023;00:30;3;6;6123;2;1;1;6;ISCLES CHEMIN DES;43,709891;7,183437
202300016650;31;5;2023;17:15;1;974;97416;1;1;1;6;BASSIN MARTIN (CHEMIN);-21,3131;55,5071
202300016651;18;11;2023;18:10;2;33;33192;2;1;1;6;159 Cours du Général de Gaulle;44,77305;-0,61421
202300016652;16;3;2023;13:20;1;33;33233;1;1;1;1;route départementale 22;45,11322;-0,360988
202300016653;31;5;2023;12:50;1;974;97416;2;3;1;3;DELISLES (ROUTE HUBERT) CD3;-21,3435;55,47743
202300016654;24;12;2023;10:40;1;75;75114;2;1;1;3;PORTE DE CHATILLON;48,823131;2,31157
202300016655;18;11;2023;07:18;5;33;33063;2;1;1;6;Cours Charles Bricaud;44,89406359;-0,56567252
202300016656;13;3;2023;08:15;1;44;44026;1;1;2;1;3 Chemin des Princes;47,316301;-1,481035
202300016657;18;11;2023;22:30;5;31;31555;2;1;1;7;ALL PAUL HARRIS;43,645086;1,451127
202300016658;31;5;2023;21:00;5;973;97302;2;1;2;3;MONTABO (ROUTE DE) 2;4,93603;-52,29594
202300016659;16;9;2023;03:15;5;988;98818;2;2;2;3;RUE DU GENERAL GALLIENI/AVENUE PAUL DOUMER;-22,2682;166,43872
202300016660;23;12;2023;18:30;5;75;75117;2;1;1;3;PORTE D ASNIERES;48,890115;2,29852
202300016661;17;3;2023;15:00;1;59;59523;1;6;1;3;Rue des Saules;50,585035;3,137565
202300016662;15;9;2023;19:10;3;974;97411;2;1;1;3;BANCOUL (CHEMIN);-20,90937;55,4801
202300016663;30;5;2023;20:30;3;973;97302;2;1;1;1;TIGRE (ROUTE DU);4,93287;-52,33022
202300016664;17;11;2023;22:59;5;29;29019;2;1;2;6;rue de Verdun;48,398101;-4,462732
202300016665;24;12;2023;15:13;1;75;75119;2;1;1;3;RUE DAVID D ANGERS;48,882946;2,38885
202300016666;12;3;2023;04:30;5;59;59212;2;1;1;6;43 Rue du Bois;50,655475;2,717879
202300016667;15;9;2023;18:45;2;974;97411;2;2;1;3;PAYET (RUE ROGER);-20,89302;55,48217
202300016668;30;5;2023;21:10;4;69;69387;2;3;1;3;Avenue Tony Garnier;45,72624;4,83771
202300016669;18;11;2023;03:55;5;25;25056;2;1;2;6;RAGOTS   CHEMIN DES;47,23776;6,03699
202300016670;24;12;2023;11:30;1;75;75118;2;5;1;3;BOULEVARD BARBES;48,887416;2,349681
202300016671;17;3;2023;07:30;1;59;59416;2;2;1;3;D916 / D138;50,691445;2,515378
202300016672;15;9;2023;14:40;1;974;97411;2;4;1;6;LATTRE DE TASSIGNY (AVENUE MARECHAL DE);-20,88745;55,47211
202300016673;31;5;2023;10:00;1;972;97209;1;1;1;5;AUTOROUTE (A1);14,61693;-61,0409
202300016674;22;12;2023;14:30;1;75;75108;2;1;2;7;PLACE DE LA MADELEINE;48,869506;2,323649
202300016675;14;3;2023;05:00;3;13;13214;1;1;1;2;A7-Sens Marseille vers Lyon;43,32257;5,37828