Num_Acc;jour;mois;an;hrmn;lum;dep;com;agg;int;atm;col;adr;lat;long
202300016676;18;11;2023;18:30;4;22;22215;2;4;2;6;CURIE (RUE PIERRE ET MARIE);48,487;-2,8
202300016677;31;5;2023;21:55;5;69;69382;2;1;2;6;24 Quai Docteur Gailleton;45,75328;4,83372
202300016678;15;9;2023;22:00;1;973;97309;2;1;1;3;TIGRE (ROUTE DU);4,9093372;-52,28449345
202300016679;24;12;2023;09:30;1;75;75107;2;2;1;6;PONT DE L ALMA;48,862429;2,301608
202300016680;15;3;2023;15:00;1;83;83144;1;1;1;2;A57;43,14183;6,00618
202300016681;24;12;2023;05:40;5;94;94078;2;1;1;6;Place Pierre Semard;48,730483;2,44684
202300016682;17;11;2023;17:00;1;16;16102;2;1;1;4;JAVREZAC (BOULEVARD DE);45,69176;-0,34428
202300016683;15;9;2023;19:40;1;973;97309;2;3;7;3;TROUBIRAN (CHEMIN DE);4,92123269;-52,30406553
202300016684;30;5;2023;17:45;1;69;69152;2;1;1;5;Chemin du Barrage;45,69593;4,83299
202300016685;15;3;2023;23:05;5;69;69276;1;1;1;2;Route Départementale 301;45,68363;4,85388
202300016686;31;5;2023;08:23;1;2B;2B033;1;1;1;3;11 - RT;42,66848;9,44306
202300016687;18;11;2023;14:00;1;14;14333;2;1;3;6;11 Rue de la Foulerie;49,419446;0,231617
202300016688;23;12;2023;21:20;5;93;93046;2;2;1;1;Avenue Emile Gérard / Avenue Gambetta / Avenue Turgot;48,9187;2,52045
202300016689;15;9;2023;19:30;2;69;69383;2;2;1;3;Quai Victor Augagneur;45,76341;4,84142
202300016690;16;3;2023;09:10;1;91;91363;1;1;1;4;RN 104;48,64897;2,18644
202300016691;31;5;2023;06:35;1;971;97105;2;9;1;7;PAUL LACAVE (AVENUE );15,9911;-61,7224
202300016692;15;9;2023;16:37;1;69;69388;2;8;1;6;Avenue Berthelot;45,73749;4,86588
202300016693;18;11;2023;19:20;5;13;13215;2;1;1;1;SAINT LOUIS (AVENUE DE);43,34404;5,35975
202300016694;24;12;2023;09:15;1;93;93005;2;2;1;3;Boulevard Charles Floquet / Rue Jules Princet;48,93719759;2,49864018
202300016695;31;5;2023;14:02;1;2A;2A004;2;9;2;3;MARECHAL JUIN AVENUE;41,93496;8,7511
202300016696;16;3;2023;08:00;1;91;91471;1;1;1;4;RN 118;48,71531;2,17384
202300016697;15;9;2023;08:25;1;69;69387;2;3;1;3;Boulevard de l'Artillerie;45,73389;4,84272
202300016698;24;12;2023;14:09;1;92;92009;2;2;1;7;RASPAIL ( RUE );48,91579632;2,27175817
202300016699;15;3;2023;13:45;1;93;93005;1;1;1;2;AUTOROUTE A3;48,96888116;2,48032451
202300016700;31;5;2023;08:50;1;2A;2A228;2;6;1;2;T22;41,84523;8,75857
202300016701;25;12;2023;04:00;3;41;41268;1;6;1;7;Le Pavillon;47,433425;1,700622
202300016702;15;9;2023;02:45;5;69;69387;2;1;1;1;Rue de Gerland;45,72658;4,83771
202300016703;14;3;2023;19:50;3;95;95500;1;1;1;2;A15;49,03773617;2,08928876
202300016704;31;5;2023;18:45;1;95;95197;2;1;1;6;JEAN MERMOZ (RUE);48,96154811;2,31798112
202300016705;15;9;2023;18:00;1;69;69389;2;1;1;2;2 Quai Arloing;45,77372;4,80944
202300016706;16;3;2023;15:30;1;94;94033;1;1;1;2;A86;48,85684395;2,48790403
202300016707;24;12;2023;09:00;1;1;1033;1;1;2;1;D1084;46,162134;5,771772
202300016708;31;5;2023;08:10;1;91;91377;2;2;1;3;AV DU MARECHAL LECLERC;48,73015;2,30041
202300016709;15;3;2023;04:25;3;77;77373;1;1;1;6;RN104;48,78352;2,616569
202300016710;15;9;2023;16:15;1;69;69384;2;1;1;6;Cours d'Herbouville;45,77667;4,84004
202300016711;31;5;2023;07:53;1;91;91645;2;1;1;6;FOCH (BOULEVARD DU MARECHAL);48,74164;2,26088
202300016712;23;12;2023;17:45;3;31;31541;2;1;1;4;10 Route du Bac;43,692856;1,358984
202300016713;15;9;2023;16:00;1;2B;2B033;2;1;1;6;MARTYRS - QUAI DES;42,696;9,4522
202300016714;14;3;2023;17:32;1;75;75108;2;4;1;1;AVENUE GEORGE V;48,869924;2,301005
202300016715;31;5;2023;13:53;1;86;86194;2;3;7;3;Avenue du Plateau des Glières;46,605103;0,322004
202300016716;23;12;2023;03:44;3;80;80635;1;1;2;7;Départementale 183;50,078047;1,922736
202300016717;15;9;2023;11:04;1;2B;2B033;2;9;1;6;PAOLI DU NR 21 AU 45 -BLD;42,7022;9,45071
202300016718;14;3;2023;15:00;1;75;75117;2;3;2;6;AVENUE DE LA PORTE D ASNIERES;48,892269;2,301017
202300016719;31;5;2023;20:30;2;85;85191;2;1;1;2;73 Boulevard gaston guitton;46,65933;-1,43643
202300016720;24;12;2023;23:10;3;71;71202;1;1;1;2;le gauchard;46,849714;4,807291
202300016721;15;9;2023;15:20;1;2A;2A004;1;6;1;2;T21;41,9286;8,7712
202300016722;15;3;2023;18:30;2;75;75106;2;2;1;3;BOULEVARD RASPAIL;48,84734826;2,32792407
202300016723;31;5;2023;11:40;1;83;83137;2;5;1;3;LOTI (AVE PIERRE);43,11465;5,94525
202300016724;14;9;2023;19:20;1;95;95680;2;9;1;6;CHAMP DOLENT (RUE LE);49,00313664;2,3920691
202300016725;25;12;2023;13:00;1;39;39096;1;1;1;1;N/A;47,24763;5,493636
202300016726;31;5;2023;13:20;1;83;83034;1;9;2;1;AVENUE DE FONT BRUN;43,0854269;6,09577882
202300016727;15;3;2023;09:30;1;75;75120;2;2;1;3;PORTE DE VINCENNES;48,846883;2,413873
202300016728;15;9;2023;15:15;1;95;95585;2;1;1;3;D316A3;48,981355;2,369519
202300016729;25;12;2023;11:00;1;29;29061;2;1;2;6;rue Prosper Garnot;48,43267442;-4,4690115
202300016730;15;3;2023;09:15;1;75;75110;2;2;1;6;RUE DE L AQUEDUC;48,88142084;2,36187413
202300016731;31;5;2023;17:42;1;81;81004;2;1;2;6;BOURDES (DE);43,91898;2,11023
202300016732;15;9;2023;22:55;3;95;95127;1;1;1;2;N14;49,05510616;2,05250144
202300016733;15;3;2023;17:00;1;94;94081;2;1;1;2;Avenue Youri Gagarine;48,78768222;2,39062661
202300016734;24;12;2023;20:06;5;1;1265;2;1;1;6;8 Rue du Maquis;46,172825;5,578517
202300016735;15;9;2023;11:00;1;91;91687;2;1;1;3;FRANCOEUR (RUE);48,67522;2,3841
202300016736;31;5;2023;12:20;1;78;78551;2;2;1;3;ROOSEVELT (DU PRESIDENT);48,899458;2,070529
202300016737;15;3;2023;18:20;1;94;94080;2;2;1;6;Rue de Fontenay / Rue de Montreuil;48,8484336;2,43489513
202300016738;14;9;2023;23:40;5;87;87085;2;1;1;6;CORDERIE (BOULEVARD DE LA);45,82905;1,26547
202300016739;24;12;2023;15:50;1;30;30026;1;2;1;3;D999;43,97912;3,598773
202300016740;31;5;2023;12:20;1;78;78029;1;3;1;3;MONTGARDE ( RUE DE);48,947946;1,846398
202300016741;15;3;2023;18:35;1;94;94074;2;1;1;2;Avenue du Rû de Gironde;48,742826;2,465883
202300016742;14;9;2023;09:46;1;87;87065;1;2;1;3;BOISSEUIL (RUE DE);45,79076382;1,30540609
202300016743;24;12;2023;19:00;3;51;51569;1;1;1;1;A4 - PK 131+200 sens PARIS / METZ;49,247582;3,940862
202300016744;15;3;2023;08:55;1;94;94074;2;3;1;6;Avenue Julien Duranton / Rue Raspail;48,7655;2,4476
202300016745;14;9;2023;17:20;1;86;86194;2;1;1;3;Promenade des Cours;46,57256;0,33845
202300016746;31;5;2023;19:30;1;77;77374;1;1;1;2;D471;48,78549366;2,71132109
202300016747;25;12;2023;02:50;5;987;98725;2;1;1;6;PK 8.500 COL DU TAHARA'A;-17,512538;-149,501309
202300016748;14;3;2023;19:40;5;94;94068;2;2;8;3;D130;48,78486275;2,49532717
202300016749;2;7;2023;18:40;1;84;84087;2;1;1;3;PINAY (AVENUE ANTOINE);44,134173;4,799433
202300016750;15;9;2023;08:50;1;83;83137;2;1;7;6;LOSTE (AVE COMMANDANTJEAN);43,125773;5,970547
202300016751;15;3;2023;10:50;1;94;94058;2;1;1;2;Quai de l'Artois;48,82985;2,51174
202300016752;31;5;2023;08:10;1;77;77464;2;1;1;6;CLAYE  (RUE DE  );48,884;2,7085
202300016753;14;9;2023;10:25;1;83;83126;2;1;1;1;LA SEYNE A BASTIAN (CHEMIN DE);43,090904;5,87067
202300016754;15;3;2023;20:20;5;94;94069;2;1;1;3;Quai de la République;48,81792799;2,42412928
202300016755;25;12;2023;00:05;3;971;97107;1;1;1;1;Route Nationale N . 1;16,060166;-61,565881
202300016756;16;9;2023;01:00;5;78;78350;1;1;1;1;VERSAILLES (ROUTE DE);48,84393;2,10981
202300016757;15;3;2023;11:40;1;93;93073;1;1;1;2;Rue de la Belle Borne;48,98950392;2,52638876
202300016758;15;9;2023;09:14;1;77;77445;2;2;1;3;EUROPE (AVENUE DE L');48,59821;2,59118
202300016759;25;12;2023;16:30;2;42;42012;2;1;1;6;Route du vieux Vinols;45,59795207;4,03560609
202300016760;15;3;2023;19:55;5;93;93066;2;3;1;2;Avenue du Président Wilson / Rue des Bretons;48,919775;2,357733
202300016761;15;9;2023;11:30;1;77;77243;2;1;1;6;JACQUES LEPAIRE  (RUE   );48,87881449;2,70147371
202300016762;15;3;2023;18:20;1;93;93055;2;1;1;4;Rue Condorcet;48,90539268;2,39527989
202300016763;25;12;2023;19:30;5;60;60575;2;1;2;1;Rue de Noailles;49,295779;2,186105
202300016764;15;9;2023;09:00;1;76;76114;2;1;1;1;MARTYRS DE LA RESISTANCE (RUE DES);49,57339;0,47499
202300016765;14;3;2023;10:50;1;93;93050;2;3;2;4;Rue Paul et Camille Thomoux / Rue du Mal de Lattre de Tassigny;48,8636;2,52992
202300016766;15;9;2023;08:55;1;76;76476;2;9;1;1;Rue Claude Bernard;49,486087;0,571896
202300016767;25;12;2023;03:30;3;60;60088;1;1;2;1;Rue du Ménillet;49,196052;2,20602
202300016768;15;3;2023;21:00;5;93;93071;2;6;1;3;Avenue Lucie Aubrac / Avenue Henri Barbusse;48,93364;2,54339
202300016769;14;9;2023;16:04;1;72;72181;2;9;1;3;LOUIS BLANC (QUAI);48,00648;0,19255
202300016770;14;3;2023;15:40;1;93;93031;2;1;1;3;Avenue Salvador Allende;48,956111;2,308512
202300016771;14;9;2023;07:44;1;72;72181;2;1;1;2;RUBILLARD AV N° PAIRS 118 ET >;48,01322;0,17436
202300016772;15;3;2023;15:25;1;93;93008;2;1;1;3;Avenue Paul Vaillant - Couturier;48,90860694;2,45101306
202300016773;24;12;2023;06:16;3;13;13085;1;1;1;2;A50-Sens Marseille vers Aubagne;43,24914995;5,59614814
202300016774;14;9;2023;14:10;1;71;71270;2;9;1;6;NEUF CLES (BOULEVARD DES);46,31543103;4,82350674
202300016775;15;3;2023;20:06;5;93;93007;2;1;1;6;35 Rue de l'Angélus;48,92227675;2,4640735
202300016776;15;9;2023;13:50;1;71;71076;2;1;1;1;BOUCICAUT (AVENUE);46,7877513;4,83850926
202300016777;15;3;2023;08:00;1;92;92050;2;1;1;3;VAILLANT COUTURIER PAUL RUE;48,88418;2,20322
202300016778;23;12;2023;23:20;3;13;13211;1;1;1;6;A50-Sens Aubagne vers Marseille;43,29472;5,46471
202300016779;15;3;2023;18:10;1;92;92044;2;1;1;6;DANTON(RUE)125+ ET 134BIS+;48,89581;2,27857
202300016780;15;9;2023;11:40;1;71;71076;2;3;1;3;COUBERTIN (RUE PIERRE DE);46,80867984;4,85181838
202300016781;24;12;2023;12:35;1;83;83129;1;1;1;7;A50;43,1206124;5,84313268
202300016782;15;3;2023;09:05;1;92;92024;2;1;1;3;HENRI BARBUSSE (RUE) DE (1 A 73)   (2 A;48,89760773;2,30061516
202300016783;15;9;2023;17:30;1;69;69256;2;2;1;3;Avenue Gabriel Péri;45,78223;4,91873
202300016784;24;12;2023;03:05;3;33;33162;1;1;1;6;ROCADE A 630;44,87075629;-0,64298432
202300016785;15;3;2023;18:09;1;92;92014;2;1;1;4;ROOSEVELT PRESIDENT F (AVE DU);48,77726;2,30822
202300016786;15;9;2023;07:40;2;69;69029;2;3;1;3;Place Kimmerling;45,75281977;4,8986493
202300016787;15;3;2023;12:15;1;92;92004;2;1;1;3;BAS ( RUE DES );48,91723;2,29392
202300016788;14;9;2023;21:50;3;69;69259;2;1;1;1;Chemin du Charbonnier;45,7024012;4,8944353
202300016789;15;3;2023;11:20;1;92;92004;2;1;1;6;VICTOIRES  ( PLACE DES  );48,910643;2,291972
202300016790;14;9;2023;18:10;1;69;69259;2;1;1;6;Avenue du 11 Novembre 1918;45,68965438;4,86496898
202300016791;24;12;2023;18:00;5;94;94034;1;1;1;4;A86;48,75772551;2,32805983
202300016792;14;3;2023;09:30;1;92;92004;2;1;1;6;MAGENTA;48,91246;2,27612
202300016793;24;12;2023;07:49;3;78;78322;1;1;1;6;RN12 EXT;48,787362;2,147975
202300016794;14;9;2023;16:45;1;67;67482;2;3;1;3;HERRENSCHMIDT (AVENUE);48,5967;7,75603
202300016795;14;3;2023;18:10;1;92;92004;2;1;1;3;AULAGNIER ( QUAI );48,9144;2,31192
202300016796;13;9;2023;14:00;1;66;66136;2;1;1;6;N/A;42,68932;2,8945
202300016797;13;3;2023;19:20;5;9;9261;2;1;3;6;avenue d'aulot;42,982507;1,151131
202300016798;23;12;2023;23:30;3;78;78126;1;1;1;6;A13;48,842;2,11124
202300016799;15;9;2023;21:50;5;64;64445;2;1;2;3;CONDORCET;43,31152;-0,36261
202300016800;16;3;2023;17:05;1;974;97412;1;1;1;6;24 Rue de la Passerelle;-21,37993;55,646252
202300016801;15;3;2023;13:00;1;83;83070;2;6;1;3;Avenue de la Baou;43,13913172;6,35505243
202300016802;15;9;2023;16:35;1;64;64348;2;3;2;2;ERCKMAN CHATRIAN;43,32558;-0,38546
202300016803;10;3;2023;18:00;1;62;62285;2;1;2;6;D956;50,180275;2,907247
202300016804;24;12;2023;18:09;3;95;95306;1;1;1;6;A15;49,00739355;2,16194967
202300016805;15;9;2023;08:55;1;64;64445;2;6;1;3;EUROPE DE L';43,319183;-0,307461
202300016806;15;3;2023;20:00;3;62;62117;1;1;1;6;D19;50,080016;2,975514
202300016807;16;3;2023;07:00;1;77;77051;2;1;1;6;Avenue Alain Peyrefitte;48,410018;3,245779
202300016808;15;9;2023;09:00;1;63;63113;2;2;1;3;rue Alexis Duvert / rue des Côte fleuries;45,79971285;3,08408707
202300016809;24;12;2023;16:30;2;93;93053;1;1;1;5;AUTOROUTE A3;48,89465546;2,471265
202300016810;16;3;2023;09:30;1;81;81277;1;3;1;1;D903;43,987338;2,263487
202300016811;15;9;2023;08:30;1;63;63014;1;6;1;3;N/A;45,7436;3,1387
202300016812;15;3;2023;15:35;1;71;71230;2;3;1;3;voie du souvenir français;46,601679;4,055902
202300016813;16;9;2023;00:20;3;62;62510;1;1;1;3;D58;50,42796579;2,75785661
202300016814;15;3;2023;18:55;1;12;12198;1;1;1;7;RD 911;44,319811;2,220204
202300016815;23;12;2023;13:15;1;976;97611;2;1;1;3;kaweni-Kaweni sud  (Z I);-12,77477;45,22932
202300016816;15;9;2023;11:40;1;61;61001;2;1;7;3;D438;48,42079;0,08947
202300016817;16;3;2023;12:58;1;34;34332;2;4;1;3;D912;43,31375;3,417242
202300016818;16;9;2023;20:35;5;59;59271;2;1;1;1;MICHELET;51,01262;2,29976
202300016819;16;3;2023;18:45;2;34;34335;1;6;1;3;517f Camp Esprit;43,59528;3,128148
202300016820;23;12;2023;16:18;1;974;97416;2;1;1;6;BONS ENFANTS (RUE DES);-21,3402;55,475
202300016821;14;9;2023;16:50;1;56;56121;2;3;1;3;DE GAULLE ( AVE DU GENERAL );47,7422;-3,3704
202300016822;16;3;2023;12:05;1;68;68179;2;6;1;3;D466;47,756936;7,018306
202300016823;14;9;2023;08:31;1;56;56162;2;6;1;6;Boulevard François Mitterrand;47,732594;-3,422187
202300016824;14;3;2023;08:55;1;22;22158;1;1;7;6;N164 - Lieu dit Trefaut;48,21505;-3,00315
202300016825;23;12;2023;12:50;1;974;97416;1;1;1;3;BADAMIER(CHEMIN);-21,30966;55,4565
202300016826;14;9;2023;13:00;1;54;54265;2;1;1;1;Rue Antoine de Saint-exupery;48,63717;6,18355
202300016827;13;3;2023;17:25;1;22;22132;1;1;2;1;Lieu Dit Landresmeur;48,476844;-3,487237
202300016828;14;9;2023;14:15;1;50;50129;2;2;1;2;BECQUEREL (RUE);49,62726;-1,63778
202300016829;16;3;2023;09:15;1;25;25328;2;1;1;6;Route. de Lyon, N.83;47,18383;5,963441
202300016830;11;9;2023;19:30;1;50;50129;2;2;1;3;VINDITS (RUE DES);49,62794;-1,65617
202300016831;21;12;2023;12:45;1;973;97302;2;2;1;3;DE GAULLE (AVENUE);4,93989;-52,32733
202300016832;12;3;2023;04:35;3;29;29100;2;1;1;6;Le Bourg;48,549967;-4,387515
202300016833;15;9;2023;11:01;1;49;49007;2;2;1;3;PAPIN;47,46553;-0,55437
202300016834;14;9;2023;23:15;3;49;49007;2;1;1;2;PLANTAGENET;47,47214;-0,55439
202300016835;14;3;2023;18:00;1;31;31468;2;2;2;1;carrefour d36 et d52;43,264816;0,863178
202300016836;14;9;2023;08:50;1;49;49007;2;4;1;3;PASTEUR AVENUE;47,47416;-0,53726
202300016837;15;3;2023;18:20;1;31;31493;1;2;1;3;D5;43,230313;0,749656
202300016838;21;12;2023;08:20;1;973;97302;2;3;3;3;RABAN (ROUTE DE);4,92616578;-52,31362492
202300016839;15;9;2023;19:21;1;47;47001;2;1;1;3;BARBUSSE (AV. HENRI);44,20637233;0,63448191
202300016840;16;3;2023;08:00;1;2;2814;1;1;1;6;N/A;49,92306;3,678145
202300016841;15;9;2023;08:55;1;44;44109;2;1;1;3;328 Route de Saint Joseph;47,25799;-1,52832
202300016842;16;3;2023;16:35;1;14;14305;1;1;1;6;Chemin de la Butte au Vilain;49,308097;-0,012445
202300016843;16;3;2023;11:15;1;5;5046;2;1;1;2;Route de Caléyères;44,566739;6,494631
202300016844;15;9;2023;10:55;1;43;43157;2;1;1;4;Boulevard Carnot;45,04607;3,87977
202300016845;23;12;2023;19:05;2;69;69383;2;2;1;1;Avenue Félix Faure;45,75401;4,86161
202300016846;15;3;2023;15:35;1;36;36200;1;3;1;5;N/A;46,593891;1,537507
202300016847;16;9;2023;00:30;5;37;37261;2;2;1;5;HEURTELOUP (BOULEVARD);47,39218;0,70057
202300016848;15;3;2023;17:45;1;40;40228;1;4;7;3;1120 Avenue Jean Barbé;43,623398;-0,839912
202300016849;15;9;2023;15:20;1;37;37261;2;1;1;2;VAILLANT (RUE EDOUARD);47,38126;0,70691
202300016850;16;3;2023;17:20;1;30;30059;1;1;1;1;N/A;43,662846;4,232027
202300016851;23;12;2023;11:45;1;69;69388;2;2;8;6;Place Ambroise Courtois;45,74552866;4,87120733
202300016852;15;9;2023;18:15;1;35;35238;2;2;1;3;CHARLES TILLON (RUE);48,12605907;-1,69280112
202300016853;16;3;2023;07:50;1;88;88158;2;3;1;1;Rue de l'Elle;48,087848;6,608368
202300016854;15;9;2023;19:10;2;35;35150;1;3;1;7;GAUTRAIS (LA PETITE) LIEUX-DITS;48,34627;-1,21782
202300016855;16;3;2023;09:55;1;24;24167;2;1;1;6;48 Boulevard National;44,666555;0,398898
202300016856;23;12;2023;10:50;1;69;69386;2;1;2;6;Quai Charles de Gaulle;45,78606;4,85901
202300016857;15;9;2023;12:53;1;34;34172;2;3;1;3;LODEVE (AVENUE DE;43,61362;3,8392
202300016858;15;3;2023;10:40;1;69;69244;2;3;1;2;49 Avenue de la République;45,763892;4,779262
202300016859;15;3;2023;17:00;1;6;6018;1;1;1;1;Route de Valbonne;43,634091;7,075666
202300016860;15;9;2023;19:10;1;33;33522;2;3;1;2;Rue Peydavant;44,80434011;-0,5867359
202300016861;23;12;2023;06:00;1;972;97213;2;1;1;1;ROUTE DEPARTEMENTALE 3;14,62575;-60,9893
202300016862;16;3;2023;05:10;3;89;89208;1;1;1;7;Autoroute A6;47,623998;3,907898
202300016863;15;9;2023;02:15;3;33;33281;2;1;1;6;Avenue de la Libération;44,85468741;-0,64427599
202300016864;16;3;2023;11:30;1;58;58303;2;1;1;3;Boulevard Camille Dagonneau;47,014344;3,14989
202300016865;15;9;2023;11:20;1;31;31555;2;1;1;3;MATABIAU (BD) DU 1AU 75;43,615539;1,440617
202300016866;23;12;2023;07:55;1;972;97209;1;1;1;2;RD 41 (ROCADE);14,6166;-61,06034
202300016867;14;9;2023;19:30;2;31;31555;2;1;1;1;RUE LOUIS BONIN;43,63137;1,415
202300016868;16;3;2023;22:45;3;988;98820;1;1;3;6;Tribu de Lékine - VU2;-20,69539;166,48449
202300016869;14;9;2023;15:15;1;31;31555;2;1;7;6;RUE DU TAUR;43,60754;1,44203
202300016870;16;3;2023;10:30;1;13;13088;1;3;1;3;ZA les Pielettes;43,376434;5,226912
202300016871;15;9;2023;19:20;1;28;28218;2;1;1;3;VIEUX PUITS (CITE-RUE DU);48,4336;1,46261
202300016872;23;12;2023;11:45;1;69;69202;2;1;1;1;1 Chemin des Hauts du Bois;45,73893;4,78716
202300016873;15;9;2023;18:05;1;27;27681;2;9;7;6;JAURES (BOULEVARD JAURES);49,095;1,464
202300016874;16;3;2023;08:15;1;78;78062;2;6;1;3;Carrefour de l'Estandart;48,85197;1,878083
202300016875;15;3;2023;17:00;1;66;66210;2;6;1;2;N/A;42,62866;2,761581
202300016876;15;9;2023;08:20;1;27;27234;2;1;1;2;NATIONALE 13 (ROUTE);49,01484399;1,20422892
202300016877;23;12;2023;10:40;1;971;97101;2;1;1;3;CARAQUE;16,2499;-61,4892
202300016878;16;3;2023;08:15;1;57;57481;2;1;1;7;85 Rue de la Mine;49,21403;6,010761
202300016879;15;9;2023;13:15;1;25;25388;2;3;1;6;ALLIES (AVENUE DES);47,51195;6,79977
202300016880;25;2;2023;05:30;3;69;69227;1;1;1;1;Route Départementale 311;45,668555;4,577866
202300016881;15;9;2023;17:30;1;22;22360;1;1;1;4;RN12;48,483163;-2,699368
202300016882;16;3;2023;17:00;1;69;69171;2;1;1;1;855 Montée des Alouettes;45,816346;4,596279
202300016883;23;12;2023;10:35;1;2A;2A004;2;1;1;2;SAMPIERO BD;41,9243;8,73922
202300016884;15;3;2023;20:00;3;85;85118;1;1;1;2;401 la grolle;46,641848;-1,545203
202300016885;15;9;2023;09:39;1;22;22360;1;1;1;4;RD700;48,47248;-2,77246
202300016886;22;12;2023;14:49;1;2A;2A004;2;1;1;3;ROUTE DU STILETTO;41,94794;8,7739
202300016887;15;3;2023;14:10;1;22;22176;2;6;1;3;Rue des Ecoles;48,443333;-2,749457
202300016888;15;9;2023;07:10;5;17;17300;2;1;1;2;MARILLAC   AVENUE;46,1404;-1,16446
202300016889;15;3;2023;14:00;1;35;35315;2;7;1;6;Ruelle aux Chevaux;48,218866;-1,579281
202300016890;16;3;2023;14:10;1;60;60139;2;1;1;6;401 Avenue des Martyrs;49,163761;2,251886
202300016891;6;9;2023;09:40;1;17;17449;2;1;1;6;AUNIS AVENUE D';45,950343;-0,926853
202300016892;15;3;2023;14:29;1;13;13005;1;1;1;7;A50 - Sens Aubagne vers Marseille;43,27084;5,5888
202300016893;23;12;2023;12:10;1;91;91114;2;1;2;4;RTE NATIONALE 6;48,68249;2,49125
202300016894;15;9;2023;07:12;2;15;15014;2;3;1;3;REPUBLIQUE (AVENUE DE LA);44,92555;2,43908
202300016895;15;3;2023;17:17;1;33;33143;1;1;1;2;AUTOROUTE A 10;44,97316776;-0,43428183
202300016896;8;3;2023;16:28;1;59;59557;1;1;1;2;AUTOROUTE A2;50,3504;3,57727
202300016897;15;9;2023;19:30;1;14;14536;2;3;1;2;Rue Robert Cécire;49,40240943;0,2507624
202300016898;2;3;2023;07:30;2;59;59260;1;1;1;6;AUTOROUTE A16;51,04222324;2,51139577
202300016899;23;12;2023;21:15;5;84;84007;2;3;1;2;TARASCON ( Avenue de);43,92737;4,8094
202300016900;12;9;2023;19:00;2;13;13214;2;9;1;1;ROLAND DORGELES (BOULEVARD);43,34765899;5,37779567
202300016901;15;3;2023;09:49;1;78;78640;1;1;1;3;N118;48,78134;2,222978
202300016902;14;9;2023;21:15;5;13;13028;2;1;1;3;ROVARCH (AVENUE PIERRE);43,19002;5,62566
202300016903;14;3;2023;14:00;1;92;92036;1;1;2;3;A86;48,93488462;2,28273043
202300016904;22;12;2023;16:00;1;83;83069;2;1;7;6;8 MAI (AVENUE);43,11581816;6,13084268
202300016905;13;3;2023;18:15;1;92;92036;1;1;1;2;A86;48,93626044;2,28962372
202300016906;22;12;2023;16:45;2;77;77350;1;1;2;2;DEPARTEMENTALE 1004;48,76767;2,64628
202300016907;15;9;2023;18:50;1;13;13004;1;1;1;4;RTE N113 MARSEILLE A BORBEAUX;43,6604;4,6415
202300016908;11;3;2023;16:08;1;95;95488;1;9;1;5; A15;49,01168438;2,1517226
202300016909;14;3;2023;09:00;1;93;93008;1;1;8;2;AUTOROUTE A86;48,91058;2,44346
202300016910;23;12;2023;18:10;5;76;76231;2;6;8;6;Rue Jean Jaurès;49,28724;1,00907
202300016911;15;9;2023;12:00;1;13;13001;1;1;1;1;LAVOISIER ANTOINE (RUE);43,48891238;5,36850803
202300016912;14;3;2023;06:40;2;93;93066;1;1;2;3;AUTOROUTE A1;48,91922;2,35739
202300016913;15;9;2023;03:35;5;11;11069;2;1;1;6;N/A;43,22215;2,35688
202300016914;12;3;2023;13:05;1;92;92036;1;1;1;2;AUTOROUTE A86;48,93786065;2,29673004
202300016915;14;9;2023;17:25;1;11;11069;2;1;1;6;N/A;43,20263;2,33522
202300016916;23;12;2023;16:30;1;74;74305;2;1;1;2;THONON (ROUTE DE);46,19871;6,27036
202300016917;14;9;2023;04:50;5;11;11069;2;1;1;3;N/A;43,23652;2,36715
202300016918;15;3;2023;20:00;3;94;94069;1;1;1;3;A4;48,81722515;2,42374656
202300016919;16;9;2023;01:00;5;10;10387;2;1;1;6;ST DOMINIQUE (QUAI);48,29511;4,08215
202300016920;23;12;2023;20:03;5;72;72181;2;1;1;3;MAC JEAN (AV) N° IMP 107 ET plus;47,98104;0,21852
202300016921;14;3;2023;16:55;1;972;97209;2;1;1;6;VICTOR SCHOELCHER (RUE);14,60665;-61,0682
202300016922;15;9;2023;09:24;1;10;10387;2;6;1;3;CHOMEDEY DE MAISONNEUVE (AVE);48,30825;4,06907
202300016923;22;12;2023;12:15;1;71;71153;2;1;2;2;PRESIDENT WILSON (RUE DU);46,79783;4,43414
202300016924;14;9;2023;07:48;1;10;10387;2;6;1;3;EDOUARD VAILLANT (RUE);48,27644;4,08015
202300016925;22;12;2023;19:05;3;71;71540;2;6;2;2;R.D 28;46,77813;4,44347
202300016926;14;9;2023;17:00;1;6;6029;2;1;1;6;WINDSOR (AVENUE);43,55129;7,0306
202300016927;13;9;2023;17:00;1;6;6029;2;4;1;3;POESIE (AVENUE PIERRE);43,55142;6,96199
202300016928;15;9;2023;11:05;1;6;6155;2;1;1;6;POSTE AV.DE LA;43,56842;7,07228
202300016929;22;12;2023;13:30;1;71;71153;2;3;2;5;ABATTOIRS (boulevard des);46,78716;4,44124
202300016930;15;9;2023;07:59;2;5;5061;2;1;1;6;EYSSAGNIERES ( ROUTE DES );44,55726;6,05503
202300016931;22;12;2023;19:05;5;71;71076;2;1;2;6;CASSIN (RUE RENE);46,77477;4,86464
202300016932;15;9;2023;12:00;1;75;75116;2;1;1;3;ECHANGEUR MUETTE;48,869171;2,270687
202300016933;15;9;2023;11:45;1;75;75112;2;1;1;3;PORTE DE VINCENNES;48,845831;2,414445