Num_Acc;jour;mois;an;hrmn;lum;dep;com;agg;int;atm;col;adr;lat;long
202300016934;23;12;2023;05:10;3;69;69282;2;6;2;2;Avenue du Crottay;45,75304;5,01921
202300016935;15;9;2023;08:20;1;75;75116;2;1;1;5;PORTE DE SAINT CLOUD;48,836323;2,256396
202300016936;23;12;2023;12:10;1;69;69264;2;3;1;3;Avenue de l’Europe;45,992571;4,741998
202300016937;15;9;2023;08:30;1;75;75116;2;2;1;6;BOULEVARD MURAT;48,845354;2,257551
202300016938;23;12;2023;06:15;3;69;69199;2;1;8;6;Avenue des Frères Perret;45,69303;4,84516
202300016939;23;12;2023;19:00;5;67;67482;2;8;1;6;COLMAR (AVENUE DE);48,55134;7,74294
202300016940;15;9;2023;17:15;1;75;75119;2;1;1;6;ROUTE DES PETITS PONTS;48,893265;2,397999
202300016941;15;9;2023;13:15;1;75;75117;2;1;1;6;AVENUE DE LA GRANDE ARMEE;48,876713;2,286459
202300016942;22;12;2023;17:00;1;64;64249;2;3;3;1;GETARIA(AVENUE);43,42082;-1,60666
202300016943;22;12;2023;20:40;3;63;63245;1;1;1;7;ROCADE RD 446;45,89988416;3,08578738
202300016944;15;9;2023;09:50;1;75;75117;2;1;1;3;BOULEVARD MALESHERBES;48,885647;2,30669
202300016945;23;12;2023;09:30;1;63;63032;2;6;1;3;POURLIAT (ROND-POINT DU);45,74845;3,0943
202300016946;15;9;2023;18:20;1;75;75115;2;2;1;6;RUE DE LOURMEL;48,837887;2,281779
202300016947;15;9;2023;12:03;1;75;75115;2;1;1;7;BOULEVARD GENERAL MARTIAL VALIN;48,837206;2,273879
202300016948;23;12;2023;14:45;1;62;62193;2;2;1;6;Rue Richelieu;50,95631561;1,85003686
202300016949;15;9;2023;16:45;1;75;75114;2;2;1;6;BOULEVARD BRUNE;48,826156;2,312749
202300016950;22;12;2023;13:45;1;62;62244;2;3;1;3;D247E4;50,93081;1,88646
202300016951;14;12;2023;08:00;5;61;61006;2;6;9;3;Place du Géneral Leclerc;48,741619;-0,025465
202300016952;14;9;2023;11:55;1;75;75107;2;2;1;6;PONT DE L ALMA;48,86245;2,301942
202300016953;15;9;2023;00:24;5;75;75111;2;2;1;1;BOULEVARD VOLTAIRE;48,8547;2,385324
202300016954;19;12;2023;17:30;5;59;59017;2;1;2;6;LILLE (RUE DE );50,684814;2,881693
202300016955;24;12;2023;01:00;5;54;54578;2;9;8;6;Rue de la Mutualité;48,67056;6,15551
202300016956;15;9;2023;01:50;5;75;75109;2;2;1;6;RUE LE PELETIER;48,875895;2,339896
202300016957;23;12;2023;19:30;5;54;54498;2;1;2;2;route de Sarreguemines;48,71518495;6,25409603
202300016958;14;9;2023;20:38;5;75;75108;2;2;1;3;RUE DE ROME;48,881996;2,320511
202300016959;23;12;2023;06:34;5;54;54395;2;1;2;6;Avenue de Boufflers;48,692859;6,144047
202300016960;15;9;2023;12:10;1;75;75107;2;2;1;6;RUE DE GRENELLE;48,857964;2,315212
202300016961;23;12;2023;10:50;1;54;54382;2;1;1;1;Rue du Faisceau;49,541171;5,791484
202300016962;23;12;2023;05:00;5;51;51454;2;1;1;6;CHAMPAGNE   (  AVENUE DE);49,23515;4,04203
202300016963;15;9;2023;11:50;1;75;75101;2;3;1;6;BOULEVARD DE SEBASTOPOL;48,862919;2,3507
202300016964;23;12;2023;12:15;1;47;47001;2;1;1;6;GRAVIER (ESPL. ET PERYST. DU );44,20249;0,61165
202300016965;15;9;2023;18:47;1;94;94042;2;2;1;3;Avenue du Général Galliéni;48,82002;2,47728
202300016966;23;12;2023;14:30;1;45;45234;2;2;2;1;12 Rue Fernand Rabier;47,90379;1,90982
202300016967;22;12;2023;15:45;1;42;42275;2;2;1;3;Avenue F. Mitterrand;45,46747;4,378
202300016968;15;9;2023;20:10;5;94;94021;1;6;1;3;Avenue Georges Guynemer;48,760674;2,341382
202300016969;14;12;2023;10:00;1;42;42270;2;3;8;3;Allée du Velay;45,39127;4,24109
202300016970;14;9;2023;23:10;5;94;94073;2;1;1;6;Avenue de la République;48,767869;2,394477
202300016971;23;12;2023;09:10;1;38;38185;1;1;1;1;ÉCHANGEUR DES MARTYRS;45,19323;5,70284
202300016972;15;9;2023;19:39;2;94;94079;2;1;1;2;11 Avenue Auguste Rodin;48,834555;2,549698
202300016973;23;12;2023;11:15;1;35;35281;2;1;1;6;NANTES (RUE DE);48,08614;-1,69522
202300016974;14;9;2023;12:15;1;94;94017;2;2;1;3;Rue de l'Etang;48,81042;2,54742
202300016975;22;12;2023;16:35;1;34;34172;2;1;1;3;FIGAIRASSE (RUE DE LA);43,605834;3,852705
202300016976;14;9;2023;08:17;1;93;93070;2;1;1;1;Rue du Landy Prolongée;48,91792477;2,33096141
202300016977;23;12;2023;17:45;5;24;24382;2;1;1;2;AVE DE MAGUDAS;44,849985;0,66033
202300016978;15;9;2023;08:45;1;93;93053;2;7;1;6;Boulevard Michelet / Rue de Brément;48,88852781;2,45730433
202300016979;23;12;2023;16:15;2;31;31555;2;1;2;2;48 Boulevard Pierre-Paul Riquet;43,60894;1,45435
202300016980;13;9;2023;11:20;1;93;93053;2;3;1;6;Rue de Brément / Rue de la Pierre Feuillère;48,888218;2,460693
202300016981;23;12;2023;19:15;5;29;29019;2;3;1;3;rue Daumier;48,412549;-4,468749
202300016982;15;9;2023;09:25;1;93;93046;2;2;1;3;Avenue Paul Bert / Avenue Léo Lagrange;48,92129;2,51913
202300016983;23;12;2023;06:20;5;27;27701;2;3;2;3;CLOUETS ( VOIE );49,25208;1,17674
202300016984;15;9;2023;12:45;1;93;93010;2;1;1;6;Rue Roger Salengro;48,89876219;2,47802978
202300016985;23;12;2023;13:55;1;27;27229;2;1;1;6;SAINT SAUVEUR (RUE);49,02554;1,14597
202300016986;15;9;2023;17:30;1;92;92076;2;1;1;6;SAINT CUCUFA;48,84555477;2,17396572
202300016987;23;12;2023;05:05;3;22;22278;1;1;1;2;RN12;48,517425;-2,744857
202300016988;23;12;2023;05:00;5;13;13208;2;6;1;1;pointe rouge (ave);43,24625;5,3738
202300016989;15;9;2023;17:20;1;92;92076;2;6;1;3;NAPOLEON III;48,83288198;2,15036273
202300016990;23;12;2023;09:39;1;13;13215;2;1;1;2;LYON (RUE DE);43,34166;5,36012
202300016991;15;9;2023;16:10;1;92;92050;2;1;1;6;COURBEVOIE RUE DE;48,89349897;2,20616341
202300016992;23;12;2023;09:15;1;13;13047;1;1;1;1;CD16 (LE DELA);43,52977;5,01195
202300016993;15;9;2023;11:55;1;92;92050;2;3;1;6;ALLENDE SALVADOR RUE;48,89421699;2,2250399
202300016994;22;12;2023;23:00;5;13;13047;2;8;1;6;FOS (ROUTE DE) - RN 569;43,49421;4,97169
202300016995;18;12;2023;11:25;1;11;11262;2;6;1;6;N/A;43,18234;2,99799
202300016996;15;9;2023;15:36;1;92;92020;2;3;1;3;PIERRELAIS RUE DES;48,79675747;2,28808075
202300016997;23;12;2023;17:50;5;10;10387;2;1;1;6;PREMIER RAM (RUE DU);48,29247;4,07348
202300016998;23;12;2023;05:40;5;6;6088;2;1;1;6;CORNIGLION MOLINIER (BD);43,66707;7,21255
202300016999;15;9;2023;12:35;1;92;92044;2;3;1;2;JEAN JAURES(RUE)101A+ ET 104A+;48,89436935;2,29567267
202300017000;22;12;2023;17:33;5;1;1053;2;2;2;1;JUIN (AVENUE MARECHAL COTE PAIR);46,191057;5,241974
202300017001;14;9;2023;15:30;1;92;92036;2;6;1;3;PRINCIPALE DU PORT (ROUTE) (1/17);48,94175297;2,295295
202300017002;22;12;2023;09:15;1;75;75118;2;1;2;3;BD PERIPHERIQUE EXTERIEUR;48,900819;2,333069
202300017003;23;12;2023;19:00;5;75;75120;2;2;1;3;Avenue de la Porte de Vincennes;48,846693;2,415864
202300017004;15;9;2023;01:12;3;92;92019;1;1;1;1;BIEVRES ( ROUTE DE);48,7759764;2,22895145
202300017005;23;12;2023;19:45;5;75;75119;2;1;1;3;BOULEVARD MACDONALD;48,898806;2,383841
202300017006;23;12;2023;03:30;5;75;75119;2;3;1;1;RUE DE CRIMEE;48,892484;2,374716
202300017007;15;9;2023;09:35;1;92;92014;2;6;1;2;DOCTEUR SCHWEITZER (ROND-POINT);48,7893;2,31406
202300017008;22;12;2023;15:41;1;75;75119;2;1;1;6;RUE GASTON TESSIER;48,895968;2,373939
202300017009;14;9;2023;22:15;5;92;92002;2;1;1;7;ARISTIDE BRIAND (AVENUE);48,75839;2,307
202300017010;23;12;2023;15:23;1;75;75116;2;2;1;3;AVENUE FOCH;48,872692;2,284575
202300017011;16;9;2023;14:15;1;12;12301;1;1;1;1;Frontenac;44,419465;2,043795
202300017012;23;12;2023;13:15;1;75;75116;2;4;1;3;RUE BOIS LE VENT;48,857666;2,273633
202300017013;22;12;2023;12:15;1;75;75116;2;3;2;6;RUE DE LONGCHAMP;48,868596;2,274175
202300017014;15;9;2023;20:00;3;26;26107;1;1;1;7;Chemin de Saint-mury;45,173676;5,047815
202300017015;23;12;2023;12:40;1;75;75115;2;3;1;6;RUE DE VAUGIRARD;48,840626;2,304981
202300017016;15;9;2023;13:40;1;88;88492;1;1;1;6;D430;48,062617;7,019545
202300017017;22;12;2023;11:00;1;75;75115;2;1;2;3;RUE HENRY FARMAN;48,834466;2,272677
202300017018;15;9;2023;13:35;1;22;22206;1;1;1;6;RN 12 PR 79+270;48,53642;-3,02298
202300017019;22;12;2023;08:03;2;75;75107;2;3;2;6;BOULEVARD DE LA TOUR MAUBOURG;48,85398462;2,30953288
202300017020;15;9;2023;17:45;1;76;76265;1;1;1;7;A29, pk136.000;49,741951;1,594187
202300017021;23;12;2023;11:37;1;75;75114;2;2;1;3;BOULEVARD JOURDAN;48,823231;2,325557
202300017022;22;12;2023;16:55;5;75;75110;2;3;2;6;BOULEVARD DE STRASBOURG;48,87381509;2,35677204
202300017023;16;9;2023;12:50;1;6;6140;2;2;1;3;Ancien Chemin de Cabris;43,63811;6,852304
202300017024;23;12;2023;12:35;1;94;94074;2;9;8;3;Rue Théodule Jourdain;48,77043;2,44698
202300017025;16;9;2023;01:00;3;42;42307;1;1;1;7;Route de Givors;45,545102;4,665992
202300017026;22;12;2023;23:40;5;94;94068;2;2;2;3;Avenue Foch;48,79942;2,49901
202300017027;23;12;2023;07:00;2;94;94011;2;1;8;6;Avenue Rhin et Danube;48,76872;2,48836
202300017028;16;9;2023;02:38;3;34;34270;1;1;8;1;M132e2;43,587028;3,827711
202300017029;23;12;2023;12:20;1;93;93073;2;3;1;3;Route des Petits Ponts / Septieme Avenue;48,96443;2,56582
202300017030;15;9;2023;23:30;3;62;62896;2;3;1;6;Rue du Valinglin;50,692482;1,757523
202300017031;23;12;2023;20:00;5;93;93066;2;1;1;6;Avenue du Colonel Fabien;48,94524;2,35182
202300017032;18;12;2023;17:49;5;93;93051;2;1;1;3;Avenue du Pave Neuf;48,84;2,56
202300017033;15;9;2023;12:15;1;62;62064;2;3;1;3;Rue d’Albert;50,104004;2,840202
202300017034;23;12;2023;21:15;5;93;93077;2;5;1;3;Grande Rue / Rue Huraut;48,88332;2,51205
202300017035;23;12;2023;07:15;5;93;93032;2;3;2;3;Rue Parmentier / Rue Tainturier;48,88296;2,53422
202300017036;15;9;2023;00:20;3;19;19238;1;1;1;7;D982;45,62636403;2,27681734
202300017037;23;12;2023;12:25;1;93;93047;2;2;2;3;Rue du Général de Gaulle / Avenue Daniel Perdrigé;48,89937;2,55955
202300017038;16;9;2023;08:00;1;19;19182;1;1;1;1;D17;45,24322767;1,4043575
202300017039;22;12;2023;18:20;5;93;93047;2;2;2;3;Avenue Jean Jaurés / Avenue des Primevères;48,89852;2,55192
202300017040;15;9;2023;17:15;1;56;56206;1;1;1;6;Le Poteau;47,69912;-2,76709
202300017041;15;9;2023;23:15;3;76;76587;1;1;1;7;D925;49,775779;0,461729
202300017042;23;12;2023;17:40;3;93;93005;2;2;1;3;Rue Edgar Degas;48,955929;2,496393
202300017043;23;12;2023;00:00;5;93;93005;2;2;1;3;Avenue Berthollet / Rue Pierre Jouhet;48,923996;2,504496
202300017044;16;9;2023;13:10;1;89;89441;1;2;8;3;D606;47,64779;3,738366
202300017045;23;12;2023;20:11;5;92;92073;2;1;2;2;JAURES (AVENUE JEAN);48,86404309;2,20849425
202300017046;23;12;2023;15:40;1;92;92063;2;9;1;2;SOLFERINO (BOULEVARD);48,87379768;2,18291044
202300017047;16;9;2023;20:30;3;61;61435;1;1;1;6;D919 PR5+610;48,810018;0,62316
202300017048;23;12;2023;01:40;5;92;92019;2;6;2;2;SALENGRO ROGER (RUE);48,77023818;2,27402329
202300017049;13;9;2023;12:45;1;49;49200;1;1;1;1;Chemin rural dit de la Membrolle à la Chesnaie (Pruillé);47,566091;-0,675278
202300017050;23;12;2023;16:03;1;49;49244;2;1;2;2;20 Quai des Mariniers (Montjean-sur-Loire);47,392194;-0,863677
202300017051;23;12;2023;13:30;1;49;49063;2;3;1;1;Avenue Jean Robin;47,349215;-0,762289
202300017052;14;9;2023;14:55;1;47;47004;1;1;1;1;D8;44,2855201;0,33038568
202300017053;23;12;2023;04:10;5;31;31044;2;1;8;6;avenue des arènes;43,609649;1,490203
202300017054;16;9;2023;10:45;1;86;86248;1;3;1;3;RD 741;46,338206;0,462037
202300017055;23;12;2023;12:20;1;12;12033;1;1;2;5;RD 988 - pont d'alencq;44,452546;2,725226
202300017056;24;12;2023;07:15;3;60;60658;1;1;1;2;N2;49,240452;3,015516
202300017057;16;9;2023;06:02;3;34;34130;1;1;1;4;D909;43,52214912;3,18839028
202300017058;22;12;2023;20:40;3;34;34016;1;1;1;6;A750;43,624399;3,638747
202300017059;16;9;2023;08:00;1;68;68192;1;1;7;1;Rue de Montreux-vieux;47,623109;7,045519
202300017060;23;12;2023;19:45;5;56;56030;2;2;8;3;Rue Paul Ladmirault;47,48125;-2,39692
202300017061;15;9;2023;21:25;3;22;22254;2;1;8;6;RD33;48,67277;-3,325446
202300017062;22;12;2023;23:00;3;79;79293;1;1;1;1;N/A;46,370284;-0,50188
202300017063;15;9;2023;17:30;1;22;22251;1;1;1;7;D786;48,561368;-2,810612
202300017064;23;12;2023;19:35;3;33;33421;1;1;2;1;D670;44,80742364;-0,13535634
202300017065;16;9;2023;01:30;4;39;39354;1;1;1;6;N/A;46,884801;5,657775
202300017066;24;12;2023;11:40;1;71;71351;2;4;1;6;Place du Monument;46,88419;5,262102
202300017067;24;12;2023;15:30;1;71;71338;1;1;1;7;D14;46,549417;4,861622
202300017068;15;9;2023;20:50;3;44;44015;1;1;1;1;N/A;47,430555;-1,832421
202300017069;24;12;2023;17:00;2;89;89469;1;2;1;3;Courroy;48,3134;3,4578
202300017070;23;12;2023;15:30;1;63;63050;2;6;1;7;Avenue de Charbonnier;45,413986;3,320301
202300017071;15;9;2023;15:00;1;35;35078;1;1;1;1;Lieu Dit les Beaux Bois;48,600168;-1,699668
202300017072;24;12;2023;02:45;3;46;46240;1;1;8;6;D673;44,804364;1,605785
202300017073;16;9;2023;10:05;1;2;2364;1;1;1;6;N/A;49,355316;3,839424
202300017074;15;9;2023;19:30;1;1;1303;2;2;1;3;Rue du 11 Novembre 1918;46,085776;5,408109
202300017075;23;12;2023;20:05;3;25;25578;1;3;2;5;D461;47,150487;6,314671
202300017076;16;9;2023;00:05;3;54;54105;1;1;1;7;RD 11;48,56425442;5,85217237
202300017077;24;12;2023;19:00;3;29;29162;1;1;2;1;N164;48,21571592;-3,93739664
202300017078;24;12;2023;04:50;4;15;15029;2;1;2;6;RD 601;44,695009;2,38619
202300017079;15;9;2023;14:30;1;18;18159;1;2;1;3;N/A;47,317792;2,147784
202300017080;23;12;2023;19:00;5;14;14303;1;4;5;3;550 Route de Paris;49,14485;0,287029
202300017081;16;9;2023;13:10;1;43;43164;1;1;1;6;Route de Retournac;45,249385;3,943309
202300017082;23;12;2023;13:00;1;14;14336;2;2;2;7;7 Rue de L'Église;49,152135;-0,647678
202300017083;13;9;2023;14:20;1;85;85047;2;6;1;6;RD 1753;46,8361854;-1,8698469
202300017084;23;12;2023;11:25;1;64;64147;1;1;2;1;D312;43,461719;-1,356452
202300017085;15;9;2023;11:00;1;85;85020;1;3;1;3;D25e;46,405744;-0,596191
202300017086;15;9;2023;23:30;3;27;27056;1;1;1;6;Route Departementale 138;49,103812;0,534639
202300017087;23;12;2023;17:50;2;7;7037;1;1;9;6;D378;44,87514297;4,18911695
202300017088;24;12;2023;06:30;3;68;68082;1;1;1;7;Autoroute A35;47,83995;7,394314
202300017089;11;9;2023;17:15;1;37;37109;1;1;1;5;D952;47,383205;0,583563
202300017090;24;12;2023;05:00;3;66;66038;1;1;1;6;N/A;42,65610036;2,85076439
202300017091;15;9;2023;20:55;5;987;98752;1;1;1;7;PK 49,Rt 1;-17,722015;-149,398189
202300017092;24;12;2023;13:45;1;6;6027;1;1;1;2;A8, en chaussée Nord;43,660848;7,154401
202300017093;15;9;2023;22:55;3;10;10381;1;1;1;2;A5;48,262969;3,969802
202300017094;23;12;2023;17:30;3;51;51588;1;1;2;4;A4 - PK 201+300;49,06496048;4,7255848
202300017095;22;12;2023;15:20;1;38;38052;2;1;1;1;RD1091;45,067398;6,021624
202300017096;16;9;2023;03:12;3;35;35032;1;1;9;6;D82;47,998369;-1,624673
202300017097;16;9;2023;11:40;1;4;4112;1;1;3;6;A51;43,790552;5,807648
202300017098;23;12;2023;15:40;1;45;45008;1;1;1;4;A10 PR 78 + 548;48,080086;1,851239
202300017099;22;12;2023;11:05;1;11;11370;1;1;1;7;Aire de repos de Vinnassan Sud sur l'A9;43,214997;3,0913
202300017100;23;12;2023;21:45;5;987;98750;2;1;2;1;pk 8.2 coté montagne;-16,821;-151,404
202300017101;24;12;2023;10:20;1;973;97313;1;1;2;3;PK 27 CD5;4,93285;-52,506516
202300017102;23;12;2023;14:50;1;971;97125;1;1;1;6;La Baie Olive;16,279103;-61,248323
202300017103;23;12;2023;10:50;1;971;97125;2;9;1;3;Rue Martin Luther King;16,257305;-61,274378
202300017104;24;12;2023;13:45;1;971;97117;1;1;3;6;3240 Route de Sainte Marguerite;16,368162;-61,409159
202300017105;23;12;2023;12:50;1;45;45253;1;1;2;6;D927 PR 7 + 568;48,168232;2,159886
202300017106;23;12;2023;20:00;3;78;78366;1;1;1;2;N12;48,796541;1,866984
202300017107;15;9;2023;17:40;1;7;7010;1;1;1;3;D121;45,23703348;4,61884975
202300017108;23;12;2023;22:25;5;66;66103;2;3;1;6;N/A;42,639259;2,4832
202300017109;15;9;2023;17:26;1;38;38170;1;1;1;7;Autoroute A48 - PK 090+000;45,249385;5,653249
202300017110;17;9;2023;03:00;3;988;98819;1;1;1;6;Tribu de saint pierre;-20,427616;164,428489
202300017111;23;12;2023;16:08;1;38;38507;2;1;8;6;Route de Crémieu;45,751936;5,19683
202300017112;24;12;2023;14:45;1;26;26235;1;1;1;1;Route Nationale 7;44,379177;4,691205
202300017113;15;9;2023;17:00;1;37;37185;2;3;1;3;Route de la Gare;47,4319096;0,98174547
202300017114;23;12;2023;16:09;1;81;81219;1;2;2;3;Route d'en Alric;43,587222;2,019757
202300017115;15;9;2023;16:40;1;91;91017;2;6;7;6;Rue de Bonnelles;48,593896;2,063949
202300017116;24;12;2023;08:00;1;33;33056;1;1;2;1;Avenue de Labarde -Rd 209;44,92049;-0,56258
202300017117;16;9;2023;15:55;1;11;11292;1;1;1;6;N/A;43,399014;1,965877
202300017118;24;12;2023;18:15;3;49;49021;1;3;1;1;RD 7;47,423765;-0,239309
202300017119;13;9;2023;17:45;1;83;83016;2;1;1;1;route de marseille;43,19006378;5,81398433
202300017120;23;12;2023;22:45;5;80;80236;2;1;1;6;2 Rue de la Chaussée;49,707809;2,599608
202300017121;15;9;2023;19:50;3;83;83068;1;1;1;2;Route de la Garde Freinet;43,28742305;6,50078649
202300017122;24;12;2023;08:40;1;59;59096;2;1;9;6;Rue Maurice Molhant;50,556385;3,243306
202300017123;23;12;2023;01:00;3;42;42225;1;1;1;3;A47;45,5186;4,5911
202300017124;16;9;2023;12:20;1;83;83138;1;6;1;3;D19;43,617891;6,707132
202300017125;23;12;2023;18:50;5;92;92002;2;1;1;3;A86;48,76329456;2,30558731
202300017126;23;12;2023;07:00;3;94;94003;1;1;1;2;A6B;48,79896363;2,34374287
202300017127;15;9;2023;23:15;5;68;68322;2;1;1;6;90 Route de Thann;47,810436;7,147723
202300017128;15;9;2023;18:15;1;68;68283;1;1;1;7;D481;48,285934;7,260118
202300017129;23;12;2023;12:55;1;92;92064;1;1;1;4;A13;48,83918281;2,19487929
202300017130;23;12;2023;15:20;1;93;93053;1;1;1;3;AUTOROUTE A3;48,8833591;2,45795473
202300017131;16;9;2023;10:00;1;57;57222;1;1;7;5;D31bis;49,160512;6,926398
202300017132;23;12;2023;03:55;3;93;93078;1;1;1;2;AUTOROUTE A104;48,96281;2,54833
202300017133;22;12;2023;22:40;3;94;94022;1;1;1;6;A86;48,77669983;2,41635026
202300017134;16;9;2023;12:10;1;38;38072;2;1;1;4;Route de Marseille;45,304969;4,809823
202300017135;9;10;2023;15:50;1;77;77079;2;9;1;3;COTE DE ST MAMMES;48,39049;2,80647
202300017136;22;9;2023;16:00;1;19;19037;1;1;1;2;le moulin ecrasé;45,40309044;1,72100161
202300017137;16;9;2023;12:25;1;69;69072;2;1;1;1;10 Route du Pérollier;45,802048;4,766462
202300017138;22;12;2023;20:15;5;988;98818;2;3;1;6;RUE JULES FERRY/RUE JEAN JAURES;-22,27104;166,43771
202300017139;9;9;2023;15:00;1;65;65481;1;9;1;2;Route de Tournaboup;42,903295;0,101342
202300017140;22;12;2023;23:40;5;974;97409;2;1;1;6;RTE DE DEVIATION STA4;-20,93634;55,65163
202300017141;15;9;2023;16:05;1;85;85176;2;1;1;3;34 Route du moulin charron;46,48889;-0,805006
202300017142;21;12;2023;21:30;5;973;97302;1;3;1;3;ROUTE NATIONALE 1;4,90541771;-52,32028484
202300017143;16;9;2023;19:00;1;2;2676;2;1;1;6;N/A;49,519428;3,863432
202300017144;21;12;2023;21:00;5;973;97302;2;2;1;1;EBOUE (ROCADE FELIX);4,93102401;-52,31324404
202300017145;15;9;2023;18:50;1;80;80212;2;2;1;3;Rue Paul Baroux;49,90881;2,507993
202300017146;21;12;2023;16:35;1;973;97302;2;3;1;3;CABASSOU (ROUTE DE);4,91996067;-52,31956869
202300017147;16;9;2023;04:00;3;62;62589;1;1;1;6;RD 341;50,35299165;2,68132855
202300017148;21;12;2023;21:20;3;972;97207;1;1;1;5;ROUTE NATIONALE 6;14,60074;-60,96642
202300017149;15;9;2023;19:40;2;59;59377;2;3;7;3;Rue de la Republique;50,122628;3,170859
202300017150;21;12;2023;17:50;2;972;97213;1;1;1;3;AUTOROUTE A1;14,61729;-61,01813
202300017151;15;9;2023;06:15;4;13;13210;1;1;1;6;A50-Sens Marseille vers Aubagne;43,28489979;5,41754007
202300017152;22;12;2023;08:00;1;972;97209;2;1;1;2;RD 41 (ROCADE);14,6143;-61,06326
202300017153;14;9;2023;08:35;1;13;13211;1;1;1;4;A50-Sens Aubagne vers Marseille;43,2872;5,437
202300017154;13;9;2023;16:40;1;83;83137;1;1;1;2;A50 TUNNEL TUBE SUD;43,12689066;5,93036739
202300017155;22;12;2023;05:15;3;972;97209;1;6;1;3;DILLON (AVENUE DE) EX RUE 15;14,61164;-61,04211
202300017156;15;9;2023;18:47;1;33;33192;1;1;1;2;ROCADE A 630;44,789819;-0,613548
202300017157;15;9;2023;17:10;1;33;33366;1;1;1;4;AUTOROUTE A 10;44,982979;-0,428564
202300017158;15;9;2023;11:50;1;33;33192;1;1;1;4;ROCADE A 630;44,789893;-0,614323
202300017159;2;2;2023;19:15;5;75;75117;2;1;1;3;RUE DU PRINTEMPS;48,887231;2,309386
202300017160;2;2;2023;18:20;5;75;75113;2;1;1;6;RUE BARRAULT;48,824005;2,346692
202300017161;2;2;2023;12:45;1;75;75105;2;1;1;7;BOULEVARD DE PORT ROYAL;48,838004;2,344213
202300017162;2;2;2023;08:45;1;75;75110;2;2;1;6;AVENUE PARMENTIER;48,869993;2,371021
202300017163;2;2;2023;09:00;1;75;75110;2;2;1;3;RUE LA FAYETTE;48,87975;2,358658
202300017164;2;2;2023;01:10;5;75;75110;2;3;1;7;QUAI DE VALMY;48,870762;2,365396
202300017165;2;2;2023;09:08;1;75;75108;2;3;1;6;AVENUE GABRIEL;48,869484;2,313412
202300017166;2;2;2023;07:45;2;94;94078;2;6;1;6;Avenue Winston Churchill;48,75296;2,4534
202300017167;2;2;2023;20:40;5;94;94043;2;2;1;3;Avenue de Fontainebleau / Rue de la Convention;48,81263511;2,36142325
202300017168;2;2;2023;12:00;1;94;94065;2;1;1;2;N186;48,75481508;2,34686114
202300017169;1;2;2023;18:00;2;94;94060;2;1;1;6;87 Rue de Picardie;48,79059;2,58146
202300017170;2;2;2023;19:45;3;94;94044;1;1;1;3;N19;48,7392;2,51609
202300017171;2;2;2023;06:15;3;77;77291;2;9;1;2;rue de la Fossette;49,01219;2,59568
202300017172;2;2;2023;19:45;5;93;93064;2;1;1;3;Rue de Lisbonne;48,88086481;2,47222099
202300017173;2;2;2023;07:45;5;93;93062;2;3;1;3;Avenue de Livry / Place des Fêtes;48,9023;2,52011
202300017174;2;2;2023;07:25;2;93;93062;2;2;1;3;Boulevard du Midi / Allée Nicolas Carnot;48,891349;2,515254
202300017175;1;2;2023;06:43;5;93;93053;2;1;1;5;Rue de Brément;48,88735459;2,46586865
202300017176;2;2;2023;20:20;5;93;93048;2;1;1;6;Rue de Rosny;48,869397;2,463375
202300017177;2;2;2023;18:30;5;93;93048;2;2;1;3;Boulevard Aristide Briand / Rue Saint-Denis;48,8731;2,45368
202300017178;2;2;2023;16:00;1;93;93008;2;1;1;2;Rue de la République;48,90685;2,430665
202300017179;2;2;2023;15:16;1;92;92075;2;1;1;3;CARREFOUR DE L'INSURRECTION;48,82047;2,29087
202300017180;2;2;2023;14:07;1;92;92050;2;4;1;3;COMMUNE DE PARIS AVENUE DE LA;48,9069736;2,21131235
202300017181;2;2;2023;09:00;1;92;92049;2;2;1;7;BROSSOLETTE AVENUE PIERRE;48,81977;2,31076
202300017182;1;2;2023;21:50;5;92;92020;2;1;1;3;VANVES BOULEVARD N° IMPAIRS;48,80547;2,28703
202300017183;1;2;2023;09:05;1;92;92020;2;1;1;6;VERDUN AVENUE DE AUTRES N°;48,79965;2,28169
202300017184;1;2;2023;22:45;5;92;92040;2;1;1;3;PASTEUR (AVENUE);48,82100946;2,26245537
202300017185;1;2;2023;13:55;1;92;92036;2;2;1;3;HUIT MAI 45 (RUE DU) (1);48,92195238;2,29480737
202300017186;1;2;2023;13:45;1;92;92025;2;2;8;3;PAUL BERT (RUE);48,93109219;2,24422172
202300017187;2;2;2023;18:20;5;92;92024;2;1;1;3;ASNIERES (ROUTE D');48,90208993;2,2909686
202300017188;1;2;2023;22:17;5;92;92023;2;1;1;7;HENRI BARBUSSE (AVENUE);48,8158741;2,25411505
202300017189;2;2;2023;13:35;1;92;92002;2;1;1;2;DOCTEUR TENINE (AVENUE DU);48,76315126;2,31176752
202300017190;31;1;2023;13:45;1;62;62177;2;1;8;6;D219;50,449858;1,831618
202300017191;2;2;2023;14:40;1;83;83003;1;1;1;7;D49;43,604262;6,377349
202300017192;31;1;2023;11:30;1;68;68112;2;1;1;6;11 Route de Soultz;47,903698;7,217398