Num_Acc;jour;mois;an;hrmn;lum;dep;com;agg;int;atm;col;adr;lat;long
202300017193;3;2;2023;06:00;1;988;98810;1;1;1;7;KOUKADJANA;-20,665393;164,613047
202300017194;28;1;2023;15:00;1;68;68300;2;1;8;6;Route Départementale 201;47,779252;7,388864
202300017195;2;2;2023;11:15;1;83;83048;1;6;1;3;Boulevard Saint Raphael;43,191684;6,556445
202300017196;2;2;2023;12:20;1;974;97414;2;3;1;1;Avenue de Toulouse;-21,288075;55,400437
202300017197;2;2;2023;12:15;1;6;6064;2;9;1;3;avenue de la tourre;43,764872;7,200315
202300017198;18;1;2023;20:30;3;61;61181;1;1;4;2;A28 PK201+900;48,783134;0,318327
202300017199;15;1;2023;04:55;3;79;79301;1;1;9;7;;46,225943;-0,048645
202300017200;3;2;2023;18:30;5;82;82037;2;1;1;6;Boulevard Léonce Granié;44,161388;1,535865
202300017201;3;2;2023;12:40;1;71;71330;1;1;1;6;route de La Chapelle-au-Mans - PK 8+250;46,606928;3,959391
202300017202;26;1;2023;10:50;1;61;61140;1;1;1;4;D918 PR51+800;48,724194;0,655017
202300017203;2;2;2023;19:15;3;61;61508;1;2;1;3;D979;48,922745;0,224897
202300017204;3;2;2023;12:25;1;42;42246;1;1;1;1;Route de la Garinière;45,292905;4,619231
202300017205;2;2;2023;13:50;1;41;41151;1;1;1;7;Chemin du Stade;47,346629;1,205845
202300017206;16;1;2023;14:45;1;29;29045;1;3;1;3;Mondragon;48,42571713;-4,26197715
202300017207;2;2;2023;08:30;1;34;34150;1;1;1;2;D32e8;43,36493463;3,51572885
202300017208;1;2;2023;17:40;3;25;25510;1;2;1;2;D67;47,280481;5,777307
202300017209;1;2;2023;16:30;1;29;29260;1;1;1;7;D67 - Hameau de Keravel;48,42503217;-4,61289704
202300017210;2;2;2023;13:40;1;31;31390;2;1;1;6;Rue des Tourreilles;43,093557;0,576764
202300017211;2;2;2023;22:00;3;26;26305;1;1;1;7;Route de Clèon;44,59025;4,895294
202300017212;3;2;2023;13:20;1;14;14270;1;1;8;6;D613;49,14422557;0,32632828
202300017213;3;2;2023;00:10;3;60;60188;2;1;1;6;Rue des Lunetiers;49,396528;3,003168
202300017214;20;1;2023;08:25;2;60;60616;2;9;1;6;Rue Marcel Cachin;49,348577;1,771406
202300017215;3;2;2023;01:30;3;18;18211;1;1;1;6;;47,185717;2,415742
202300017216;1;2;2023;12:45;1;43;43200;2;1;2;6;19 Rue Chaussade;45,035253;4,061328
202300017217;3;2;2023;04:15;3;24;24364;1;1;9;7;RD 704;45,034082;1,225625
202300017218;3;2;2023;16:30;1;24;24356;2;1;1;6;12 Avenue Edmond Roger;45,049808;0,974522
202300017219;29;1;2023;01:30;3;87;87103;1;1;1;6;le grand bois;46,01932;1,204649
202300017220;2;2;2023;07:20;2;30;30004;1;3;1;5;Route Nationale 113;43,719769;4,206133
202300017221;3;2;2023;19:45;3;30;30012;1;1;6;1;D2;43,912108;4,724722
202300017222;3;2;2023;16:00;1;88;88516;2;2;8;6;92 Rue du Lieutenant Gauffre;48,197744;5,940245
202300017223;3;2;2023;06:58;5;24;24194;2;3;9;3;D936/D4;44,836974;0,331306
202300017224;30;1;2023;08:41;1;10;10419;1;1;1;7;Autoroute A5;48,199793;4,260807
202300017225;30;1;2023;12:15;1;10;10003;1;1;1;4;Autoroute A5;48,26713363;3,7447747
202300017226;2;2;2023;07:15;1;987;98735;1;1;1;6;Aratia Nelson Mandela;-17,546276;-149,581536
202300017227;3;2;2023;08:00;2;53;53147;2;1;1;6;Rue du Pommier;48,305813;-0,62798
202300017228;31;1;2023;18:15;1;987;98733;2;1;1;6;PK 22.800 RT1;-17,700665;-149,584812
202300017229;1;2;2023;05:15;3;988;98802;1;3;1;2;RT1/Voie privée (route mine Montagnat);-21,975763;166,197309
202300017230;3;2;2023;01:45;3;977;97701;1;1;1;7;SALINE;17,91751996;-62,8544569
202300017231;26;1;2023;20:50;5;33;33085;2;1;2;6;Route des 2 Ponts;44,769124;-0,493516
202300017232;2;2;2023;20:18;5;28;28279;2;1;1;6;32 Rue du Général de Gaulle;48,64834;1,530532
202300017233;3;2;2023;17:25;1;2B;2B355;1;1;1;5;lieu dit Saltello, RT 20;42,518689;9,394724
202300017234;2;2;2023;16:20;1;13;13081;2;1;1;6;Boulevard de la Tête Noire;43,488953;5,220421
202300017235;2;2;2023;16:50;1;13;13027;2;1;6;3;Avenue Jean Moulin;43,879436;4,861718
202300017236;2;2;2023;21:30;5;67;67348;2;1;1;7;Route de Niedernai;48,458974;7,504429
202300017237;3;2;2023;04:40;3;46;46102;2;1;1;6;d822 avenue de toulouse;44,60477;2,034239
202300017238;3;2;2023;08:00;1;31;31248;2;1;1;5;282 Route du Plantaurel;43,471877;1,397844
202300017239;17;1;2023;21:30;3;40;40283;1;1;4;1;Route de Buglose;43,757697;-1,005313
202300017240;3;2;2023;18:30;5;14;14258;2;1;2;3;Route de Caen;48,908772;-0,207378
202300017241;2;2;2023;10:30;1;35;35191;1;1;8;3;D15;48,456559;-1,304841
202300017242;2;2;2023;07:35;2;13;13071;1;1;1;6;A55 - Sens Marseille vers Martigues;43,386437;5,307376
202300017243;1;2;2023;16:36;1;83;83027;1;1;1;6;A50;43,16912;5,76977
202300017244;30;1;2023;16:55;1;59;59343;1;1;1;3;AUTOROUTE A1;50,58377;3,09116
202300017245;2;2;2023;18:30;3;91;91468;1;1;1;4;AUTOROUTE A6;48,57491;2,46594
202300017246;2;2;2023;17:40;5;94;94043;1;1;1;4;A6B;48,8069485;2,34653959
202300017247;1;2;2023;16:53;1;92;92050;1;1;1;2;A86;48,90809836;2,21351713
202300017248;2;2;2023;18:05;3;93;93064;1;1;1;3;AUTOROUTE A86;48,88130031;2,47480899
202300017249;2;2;2023;02:20;3;974;97416;1;1;1;6;RN3 (ANCIENNE ROUTE);-21,32465;55,44582
202300017250;1;2;2023;18:40;1;974;97416;2;9;1;3;PRESIDENT MITTERAND(AVENUE);-21,342984;55,481531
202300017251;1;2;2023;09:15;1;974;97409;1;1;1;2;RN2 SENS STE SUZANNE ST BENOIT;-20,9443;55,6498
202300017252;1;2;2023;19:40;5;974;97407;2;1;1;3;MONDON (AVENUE);-20,93358;55,30734
202300017253;1;2;2023;17:55;1;973;97302;2;3;1;3;MADELEINE (ROUTE DE LA);4,9167;-52,32145
202300017254;1;2;2023;16:15;1;973;97302;2;3;1;3;BADUEL (ROUTE DE);4,92878908;-52,29843423
202300017255;1;2;2023;18:30;2;69;69383;2;1;1;2;11 Rue du Dauphiné;45,74995;4,86358
202300017256;1;2;2023;06:45;3;69;69383;2;2;1;3;Cours Richard Vitton;45,7539;4,88756
202300017257;1;2;2023;01:35;5;69;69382;2;1;1;4;41 Quai Docteur Gailleton;45,75045986;4,83180657
202300017258;1;2;2023;15:20;1;2A;2A004;1;1;8;3;SAINT JEAN HLM AV KENNEDY;41,93151;8,73383
202300017259;1;2;2023;08:15;1;91;91103;1;1;9;3;RUE DU MORVAN;48,588542;2,304126
202300017260;30;1;2023;13:20;1;91;91692;2;1;1;6;CHAMPAGNE (AVENUE DE);48,687294;2,173568
202300017261;1;2;2023;23:20;5;91;91326;2;9;1;6;JEAN DANAUX (RUE);48,68977;2,38626
202300017262;1;2;2023;08:10;1;91;91326;2;9;8;3;PARIS CAMPAGNE (AVENUE DE);48,69569;2,36494
202300017263;1;2;2023;16:20;1;91;91223;2;1;1;3;PARIS (AVENUE DE);48,43869;2,16702
202300017264;1;2;2023;15:30;1;83;83137;1;1;1;5;RD46;43,14823636;5,97636402
202300017265;1;2;2023;12:40;1;83;83137;2;1;1;6;GOURAUD (AVE GENERAL);43,13660876;5,91536379
202300017266;30;1;2023;14:05;1;77;77053;2;1;1;6;RUE DU DOCTEUR JEAN CONGY;48,69051;2,61049
202300017267;1;2;2023;14:50;1;76;76540;2;1;1;2;Rue Louis Ricard;49,44488;1,09959
202300017268;1;2;2023;14:25;1;76;76322;2;2;1;6;Avenue Léon Blum;49,40663;1,04984
202300017269;30;1;2023;18:05;5;76;76540;2;3;8;6;Rue Edouard Fortier;49,45399;1,09386
202300017270;1;2;2023;18:55;2;74;74010;2;3;1;3;PARMELAN;45,90712;6,135
202300017271;1;2;2023;07:55;2;72;72181;2;9;1;6;BRETAGNE (RUE DE) N° IMP 35 ET plus;47,96823;0,19751
202300017272;1;2;2023;20:10;5;71;71076;2;1;1;7;HERRIOT (AVENUE EDOUARD);46,79574;4,86843
202300017273;1;2;2023;12:35;1;69;69259;2;2;1;3;Avenue d'Oschatz;45,69522042;4,88036185
202300017274;31;1;2023;07:30;2;67;67482;2;1;8;6;ALPHONSE ADAM (RUE);48,54537;7,76686
202300017275;31;1;2023;19:05;5;64;64102;2;1;1;2;URSUYA (AVENUE DE L');43,47881;-1,49585
202300017276;31;1;2023;18:15;2;64;64102;2;1;1;7;LAMOTHE (AVENUE);43,50981038;-1,46604717
202300017277;1;2;2023;09:00;1;60;60057;2;1;1;4;Rue de Calais;49,4393;2,0821
202300017278;1;2;2023;13:50;1;59;59599;2;1;1;6;BIENFAISANCE (RUE DE LA);50,72471;3,15786
202300017279;1;2;2023;18:40;5;59;59512;2;2;2;3;DE GAULLE  (BOULEVARD DU GENERAL);50,68121;3,16783
202300017280;30;1;2023;17:00;1;59;59343;2;3;1;3;BONS CAMARADES RUE DES;50,5845;3,1029
202300017281;31;1;2023;20:30;5;56;56121;2;1;1;2;GUIEYSSE (RUE  PAUL );47,75761;-3,37188
202300017282;31;1;2023;18:31;5;54;54395;2;1;1;6;Rue de Metz;48,70104;6,17211
202300017283;31;1;2023;17:12;5;54;54395;2;2;2;6;Rue Oberlin;48,703298;6,181999
202300017284;31;1;2023;17:15;1;52;52125;1;1;8;2;N/A;48,0790083;5,1553983
202300017285;31;1;2023;12:30;1;51;51454;2;1;1;6;rue César Poulain;49,25471;4,04272
202300017286;31;1;2023;11:14;1;51;51506;2;1;8;3;Avenue du Président Roosevelt;48,94489083;4,38271813
202300017287;31;1;2023;14:10;1;49;49246;2;1;1;5;ROC EST;47,4205;-0,5045
202300017288;30;1;2023;08:40;1;49;49015;2;1;2;2;D775;47,51098;-0,61843
202300017289;1;2;2023;13:29;1;45;45234;2;9;1;6;2 Place de l'Indien;47,83947;1,93452
202300017290;1;2;2023;20:21;5;44;44109;2;1;1;3;Rue Gaston Michel;47,21015;-1,56214
202300017291;31;1;2023;16:00;1;37;37261;2;1;1;3;MARECHAL JUIN (BD);47,41236;0,70292
202300017292;1;2;2023;19:20;5;35;35238;2;1;1;6;MARTENOT;48,11249;-1,67303
202300017293;1;2;2023;15:50;1;35;35238;2;3;1;3;GUERINIERE (ALLEE DE LA);48,09453;-1,63299
202300017294;27;1;2023;08:00;1;33;33281;2;3;1;3;Avenue du Maréchal Lyautey;44,8543;-0,65675
202300017295;1;2;2023;12:15;1;31;31555;2;9;1;3;BD DE LA GARE;43,60109;1,45674
202300017296;1;2;2023;08:30;1;31;31555;2;1;1;3;82 Chemin du Ramelet Moundi;43,58507;1,38449
202300017297;31;1;2023;14:15;1;29;29019;2;6;1;2;avenue Georges Pompidou;48,41400382;-4,47944462
202300017298;1;2;2023;11:40;1;28;28134;2;1;1;4;RN 12 (DESCENTE ET PONT FERMAINCOURT);48,74592;1,37234
202300017299;31;1;2023;11:15;1;27;27681;2;2;1;3;ARDECHE (AVENUE DE L');49,08703;1,48033
202300017300;1;2;2023;17:14;1;27;27528;1;1;1;4;RD6015;49,26758;1,16009
202300017301;9;1;2023;08:02;2;18;18050;1;1;1;6;N/A;47,059505;2,34042
202300017302;1;2;2023;21:20;5;16;16102;2;6;1;6;HUGO (AVENUE VICTOR);45,691543;-0,323171
202300017303;31;1;2023;18:30;5;15;15014;2;1;8;6;D 120;44,919228;2,428819
202300017304;29;1;2023;11:30;1;13;13098;1;1;1;3;D.51A;43,46581;4,98045
202300017305;1;2;2023;07:55;1;13;13005;2;1;8;6;BLANCARD (PROMENADE PIERRE);43,2972638;5,56574732
202300017306;1;2;2023;14:55;1;6;6069;1;1;1;6;MARIGARDE (ROUTE DE LA);43,645887;6,953275
202300017307;1;2;2023;12:40;1;6;6069;2;9;1;2;ROUQUIER (BOULEVARD EMMANUEL);43,636406;6,940695
202300017308;31;1;2023;14:25;1;75;75119;2;1;1;3;PORTE DES LILAS;48,878061;2,408447
202300017309;31;1;2023;23:01;5;75;75118;2;1;1;6;PORTE DE LA CHAPELLE;48,900887;2,364217
202300017310;31;1;2023;08:40;1;75;75119;2;2;1;6;QUAI DE LA MARNE;48,8899;2,383086
202300017311;1;2;2023;05:40;5;75;75119;2;2;1;1;BOULEVARD DE LA VILLETTE;48,884177;2,3686
202300017312;1;2;2023;07:40;2;75;75117;2;7;1;6;AVENUE DE LA GRANDE ARMEE;48,875774;2,289028
202300017313;1;2;2023;15:00;1;75;75116;2;1;1;3;AVENUE GEORGES MANDEL;48,863261;2,283626
202300017314;1;2;2023;16:20;1;75;75110;2;3;1;3;QUAI DE JEMMAPES;48,871706;2,365387
202300017315;31;1;2023;23:00;5;75;75110;2;2;1;3;BOULEVARD DE STRASBOURG;48,874803;2,357405
202300017316;31;1;2023;23:28;5;75;75109;2;2;1;3;BOULEVARD HAUSSMANN;48,872368;2,337446
202300017317;1;2;2023;09:14;1;94;94081;2;3;1;6;Rue Auber / Rue des Malassis;48,799825;2,377778
202300017318;30;1;2023;19:00;2;94;94028;2;2;2;6;Avenue du Général de Gaulle / Rue Leonard Euler;48,79569;2,44773
202300017319;30;1;2023;18:50;5;94;94011;2;1;1;1;Avenue Rhin et Danube;48,77165;2,49017
202300017320;1;2;2023;14:15;1;94;94022;2;1;1;4;110 Avenue Victor Hugo;48,770139;2,425579
202300017321;1;2;2023;09:00;1;94;94017;2;6;1;3;Rue du Tunnel;48,81487284;2,5199604
202300017322;1;2;2023;18:00;5;94;94004;2;1;1;1;Rue de Valenton;48,74474123;2,5065735
202300017323;1;2;2023;16:15;1;94;94071;2;6;1;2;177 Rue de Boissy;48,75987303;2,52693844
202300017324;1;2;2023;15:00;1;93;93066;2;3;1;3;Rue de Strasbourg / Rue Menand;48,93616907;2,36988455
202300017325;1;2;2023;14:25;1;93;93066;2;2;1;6;Rue Francis de Pressensé / Avenue du Président Wilson;48,91812;2,35799
202300017326;1;2;2023;08:25;1;93;93062;2;2;1;5;Boulevard du Midi / Allée de la Fontaine;48,8925461;2,51940832
202300017327;1;2;2023;08:30;1;93;93049;2;2;1;3;Rue des 2 Communes / Rue du Bois d'Avron;48,86701;2,50097
202300017328;1;2;2023;09:00;1;93;93057;2;1;1;2;Avenue Aristide Briand;48,91006;2,50831
202300017329;1;2;2023;18:25;1;93;93008;2;9;1;6;Rue Carnot;48,90661;2,45081
202300017330;1;2;2023;10:55;1;93;93008;2;1;1;6;Avenue Paul Vaillant - Couturier;48,90880919;2,45005041
202300017331;1;2;2023;14:20;1;93;93007;2;2;1;3;Avenue Henri Barbusse / Rue Olivier Métra;48,94135;2,46385
202300017332;1;2;2023;12:36;1;93;93007;2;9;1;1;Avenue Pasteur;48,93873565;2,47274412
202300017333;1;2;2023;07:40;1;92;92077;2;1;1;3;ST CLOUD (RUE DE);48,828409;2,190734
202300017334;1;2;2023;12:30;1;92;92050;2;1;1;1;LENINE VLADIMIR ILITCH AVENUE;48,88813798;2,19151765
202300017335;2;2;2023;23:00;5;92;92007;2;3;1;6;JAURES (AVENUE JEAN) N° 1 ET 2 A 24;48,80006215;2,30139166
202300017336;1;2;2023;09:17;1;91;91340;1;1;9;1;Route de Lisses;48,579833;2,417829
202300017337;30;1;2023;10:05;1;83;83072;2;6;1;6;boulevard de la libération;43,48958;6,353906
202300017338;2;2;2023;11:50;1;45;45293;1;1;1;1;D2060 PR 39 + 100;47,97018312;2,59768863
202300017339;1;2;2023;13:45;1;83;83148;2;1;1;6;3 Avenue du Président Wilson;43,426888;6,430864
202300017340;31;1;2023;21:10;3;26;26330;1;1;1;2;D1;45,279748;4,927497
202300017341;2;2;2023;15:33;1;48;48128;1;1;1;2;AUTOROUTE A75 - PK 127+976.05 - SENS NORD / SUD - DIRECTION MILLAU (12);44,783754;3,292058
202300017342;1;2;2023;07:20;5;38;38113;1;3;1;3;D1075 ROUTE DE LA GRENOBLE;44,830058;5,607222
202300017343;31;1;2023;21:35;3;11;11255;1;9;1;1;RD 6113;43,182047;2,952726
202300017344;26;1;2023;10:35;1;11;11254;1;1;4;6;ROUTE DEPARTEMENTALE 119;43,208241;2,182503
202300017345;5;1;2023;10:45;1;34;34245;2;1;7;6;26 Grand Rue;43,421547;2,946836
202300017346;2;2;2023;07:38;2;25;25467;2;3;1;1;Rue de Bon Grain;47,255701;5,930809
202300017347;1;2;2023;18:20;5;31;31561;2;1;1;2;RD888;43,649771;1,471868
202300017348;1;2;2023;19:30;3;38;38062;1;4;1;3;D1090;45,426532;5,993981
202300017349;1;2;2023;14:00;1;58;58297;2;9;1;3;2 Le Bourg;46,911205;3,419629
202300017350;29;1;2023;15:29;1;90;90034;1;1;1;7;Rue du Vieux Moulin;47,655827;6,920308
202300017351;1;2;2023;19:10;3;60;60616;1;1;1;4;D915;49,364;1,766782
202300017352;2;2;2023;12:58;1;18;18124;1;8;1;3;;47,042946;2,033479
202300017353;2;2;2023;08:00;2;18;18057;1;9;1;5;;46,556913;2,260308
202300017354;30;1;2023;19:35;3;30;30003;1;6;1;7;;43,56608081;4,12386417
202300017355;1;2;2023;14:20;1;6;6018;1;1;1;6;1022 Route de Valbonne;43,632169;7,087083
202300017356;17;10;2023;17:30;2;972;97224;1;1;7;2;D13A, route de Beauséjour Jambette, PR003.150, sens FORT-DE-FRANCE;14,652299;-61,04057
202300017357;16;10;2023;14:50;1;91;91100;2;1;1;4;Route d'Etampes;48,430906;2,266413
202300017358;18;10;2023;00:43;3;2B;2B109;1;1;1;1;RD80;42,718693;9,335294
202300017359;18;10;2023;12:30;1;84;84092;2;1;1;2;40 Avenue Charles de Gaulle;43,957266;4,848783
202300017360;18;10;2023;11:30;1;13;13092;1;1;1;2;D10;43,526709;5,07534
202300017361;18;10;2023;12:35;1;13;13119;2;1;1;2;52 Avenue de Cassis;43,248383;5,549598
202300017362;18;10;2023;15:45;1;52;52269;1;1;1;1;Rue de Saints-Geosmes;47,835762;5,349757
202300017363;17;10;2023;10:10;1;3;3200;2;1;1;6;1 Rue Saint Vincent;46,559283;3,293517
202300017364;17;10;2023;17:36;1;38;38158;2;1;1;6;rue mendès france;45,151636;5,746982
202300017365;15;10;2023;16:00;1;7;7268;1;1;1;7;D290;44,319373;4,548828
202300017366;18;10;2023;07:25;3;69;69106;1;1;1;7;Route des Bois d'Alix;45,925861;4,681093
202300017367;18;10;2023;10:15;1;86;86173;2;1;2;1;Rue Jules Ferry;46,975275;0,047582
202300017368;18;10;2023;11:30;1;14;14341;2;2;2;3;2 Rue Modigliani;49,154704;-0,344099
202300017369;10;10;2023;12:20;1;29;29124;2;1;1;6;N/A;48,571063;-4,326551
202300017370;18;10;2023;13:20;1;35;35106;1;1;2;7;La ruisselais;47,84289766;-1,58858389
202300017371;17;10;2023;07:40;2;80;80685;2;2;1;6;Boulevard des Glycines;49,707223;2,77872
202300017372;16;10;2023;11:06;1;13;13202;2;1;1;4;A55-Sens Martigues vers Marseille;43,30245;5,3643
202300017373;17;10;2023;16:00;1;83;83137;2;1;1;3;A50;43,12476769;5,90137449
202300017374;17;10;2023;08:50;1;91;91340;1;1;1;2;RN 104;48,61098;2,43305
202300017375;17;10;2023;07:53;2;91;91161;1;1;1;2;AUTOROUTE A6;48,70847;2,30657
202300017376;16;10;2023;20:05;3;91;91161;1;1;1;5;AUTOROUTE A6;48,72192;2,31151
202300017377;17;10;2023;17:45;1;93;93066;1;1;1;7;AUTOROUTE A1;48,92832946;2,35827677
202300017378;17;10;2023;09:00;1;93;93064;1;1;1;4;AUTOROUTE A86;48,87834;2,47705
202300017379;16;10;2023;14:20;1;93;93078;1;1;1;4;RD 170;48,97093;2,49969
202300017380;17;10;2023;08:30;1;94;94069;1;1;1;2;A4;48,81748654;2,44035369
202300017381;19;7;2023;17:40;1;73;73008;2;3;1;2;D991 GOLF AVENUE DU;45,66546;5,90882
202300017382;31;5;2023;07:50;1;73;73008;2;3;1;1;LEPIC BOULEVARD;45,67655;5,90462
202300017383;22;5;2023;18:45;1;74;74024;2;1;1;5;1787 Route de Marignier;46,081972;6,439741
202300017384;14;5;2023;08:30;1;74;74143;1;1;2;6;RN 205;45,91004277;6,77400738
202300017385;6;6;2023;22:15;5;74;74143;1;9;1;7;tunnel des chavants;45,891905;6,790763
202300017386;5;6;2023;10:55;1;74;74201;1;1;1;2;D1201;46,12012;6,095159
202300017387;23;7;2023;14:20;1;74;74275;2;1;1;2;D909a_;45,816221;6,229036
202300017388;21;7;2023;16:00;1;74;74168;1;3;1;1;La vy du moulin;46,024126;6,014725
202300017389;21;7;2023;15:45;1;74;74154;1;1;1;5;RD 1005;46,407965;6,697589
202300017390;21;7;2023;08:30;1;74;74032;1;1;1;7;D22;46,250149;6,49689
202300017391;14;7;2023;16:25;1;74;74267;2;1;1;2;1165 Route d'albertville;45,873006;6,14138
202300017392;3;7;2023;12:00;1;74;74243;1;1;1;6;A40_;46,13410929;6,10478014
202300017393;2;7;2023;12:10;1;74;74104;2;1;1;3;Route du pont monnet_;45,778636;6,222854
202300017394;1;8;2023;17:05;1;74;74065;2;1;8;6;route de saint-julien;46,029193;5,963688
202300017395;26;5;2023;08:00;1;29;29260;1;1;1;5;D67;48,41763561;-4,63761601
202300017396;14;10;2023;12:20;1;974;97411;2;3;1;3;CHAUDRON (BLD 2 DU);-20,89567;55,49484
202300017397;4;10;2023;07:25;1;973;97302;2;1;1;6;BRASSE (LIEUTENANT);4,93614586;-52,33344913
202300017398;16;10;2023;08:20;1;973;97302;2;1;1;3;GALMOT (AVENUE);4,93205551;-52,32815444
202300017399;15;10;2023;21:55;5;973;97302;1;1;1;2;COLLERY (ZONE INDUSTRIELLE);4,90152;-52,32503
202300017400;10;10;2023;16:30;1;973;97302;2;1;1;3;BECKER (LIEUTENANT);4,93858964;-52,32715264
202300017401;16;10;2023;04:30;5;69;69387;2;3;1;6;Avenue Tony Garnier;45,72576;4,84047
202300017402;15;10;2023;03:05;5;972;97213;1;1;1;6;AUTOROUTE A1;14,61822;-61,02675
202300017403;16;10;2023;14:10;1;972;97229;1;9;1;6;FELIX EBOUE (IMPASSE);14,61912195;-61,08323026
202300017404;16;10;2023;09:10;1;972;97209;2;1;1;6;DESENCLAVEMENT (RUE DU);14,62285;-61,05752
202300017405;10;10;2023;17:08;1;69;69034;2;3;1;6;Avenue Jean Monnet;45,78801;4,84334
202300017406;16;10;2023;12:10;1;2B;2B037;1;2;1;3;RUE DES CYPRES;42,59438;9,44263
202300017407;15;10;2023;04:20;2;971;97101;1;1;2;1;JEAN  IGNACE (RUE) ;16,24087;-61,52034
202300017408;14;10;2023;10:05;1;971;97101;2;1;1;2;Frédéric JALTON;16,27297;-61,5051
202300017409;13;10;2023;16:35;1;971;97101;1;9;1;6;PALAIS ROYAL;16,29193;-61,49518
202300017410;14;10;2023;11:36;1;87;87085;2;1;2;7;CHATENET (RUE DU);45,87494;1,29266
202300017411;16;10;2023;08:21;1;87;87085;2;1;1;6;GAGNANT (AVENUE JEAN);45,83395;1,27212
202300017412;16;10;2023;12:37;1;84;84031;2;2;1;2;Route de Velleron;44,02246;5,03617
202300017413;13;10;2023;00:05;3;83;83118;1;9;1;6;ROUTE DES GOLFS;43,44497;6,84556
202300017414;16;10;2023;21:40;3;78;78517;1;1;1;6;RN 10;48,6398;1,83935
202300017415;11;10;2023;19:35;2;78;78299;2;8;1;6;BARRES (RUE DES);49,001201;1,891274
202300017416;16;10;2023;14:58;1;78;78498;2;4;1;3;MALADRERIE AV DE LA;48,916755;2,024167
202300017417;16;10;2023;18:25;5;77;77096;2;1;1;6;D115;48,48671;2,69634
202300017418;16;10;2023;10:15;1;77;77464;2;3;1;3;D105B;48,88301107;2,71487732
202300017419;14;10;2023;02:25;5;76;76351;2;3;1;6;JULES SIEGFRIED;49,49226;0,11026
202300017420;9;10;2023;18:30;1;76;76351;2;1;1;6;JULES LECESNE (RUE);49,4928;0,12329
202300017421;6;10;2023;21:20;5;76;76351;2;2;1;3;ARISTIDE BRIAND;49,50088;0,14443
202300017422;6;10;2023;19:30;5;76;76351;2;1;1;6;MONT GAILLARD (AVENUE DU);49,52509;0,11461
202300017423;16;10;2023;14:50;1;74;74010;2;1;8;5;ROCADE (BOULEVARD DE LA);45,90999;6,1184
202300017424;16;10;2023;19:05;5;73;73008;2;1;1;4;D1201 - ROOSEVELT FRANKLIN AVENUE;45,70607;5,91096
202300017425;15;10;2023;19:55;2;72;72181;2;1;1;6;MAILLETS (RUE DES) N° PAIRS 14 ET >;48,01719;0,21772
202300017426;15;10;2023;13:50;1;72;72181;2;9;1;3;DURAND GEORGES (AV) N° PAIRS 112 AU 164;47,9773;0,2138
202300017427;16;10;2023;14:55;1;71;71118;1;6;1;3;GIVRY (ROUTE);46,78054;4,79708
202300017428;16;10;2023;15:45;1;69;69256;2;2;1;6;Avenue Salvador Allende;45,78071;4,92348
202300017429;16;10;2023;13:35;1;64;64445;2;3;1;3;EUROPE DE L';43,32912;-0,35256
202300017430;16;10;2023;07:25;2;64;64445;2;1;8;3;HAUTERIVE;43,32375;-0,35153
202300017431;10;10;2023;20:01;5;64;64024;2;9;1;1;GUYNEMER (AVENUE);43,4991;-1,53962
202300017432;16;10;2023;12:12;1;63;63113;2;3;1;3;CUGNOT (RUE NICOLAS-JOSEPH);45,78442;3,12356
202300017433;16;10;2023;10:15;1;63;63113;2;4;1;2;CHANDIOTS (RUE DES);45,78849;3,11815
202300017434;14;10;2023;01:00;5;62;62178;2;1;1;6;Rue des Frères Lumière;50,49570453;2,58207661
202300017435;15;10;2023;16:20;1;62;62178;2;3;1;3;Rue Emile Basly;50,48961578;2,52843118
202300017436;7;10;2023;16:40;1;62;62643;2;2;1;3;D236;50,70668358;1,58089194
202300017437;16;10;2023;22:30;5;59;59155;2;1;1;6;BERGUES CD 916 - ROUTE;51,00519;2,38231
202300017438;15;10;2023;11:30;1;59;59178;2;1;1;6;BAILLIENCOURT (RUE DE);50,38427;3,08196
202300017439;13;10;2023;18:40;2;59;59375;1;1;1;1;CD 957;50,39679417;3,28352273
202300017440;13;10;2023;09:10;1;52;52448;2;1;7;6;RAOUL Laurent ( RUE );48,64444;4,96342
202300017441;14;10;2023;12:08;1;51;51454;2;1;1;6;BIR HAKEIM (RUE);49,25558;4,02218
202300017442;16;10;2023;17:30;1;51;51506;2;1;1;6;MOULIN A VENT (RUE DU);48,95929736;4,38692453
202300017443;16;10;2023;15:25;1;49;49007;2;1;1;6;GARDOT;47,46853;-0,53283
202300017444;16;10;2023;13:45;1;49;49007;2;1;1;3;SAINT MICHEL BOULEVARD;47,47368;-0,54007
202300017445;14;10;2023;00:25;3;47;47323;1;1;1;6;LAS PARETS;44,40247;0,77477
202300017446;16;10;2023;21:00;5;46;46042;2;1;1;6;CLEMENCEAU (RUE GEORGES);44,4459;1,4432
202300017447;16;10;2023;12:41;1;45;45286;1;2;1;3;Rue de la Cornaillère;47,87039908;1,93230513
202300017448;6;10;2023;08:50;1;45;45234;2;2;1;3;62 Rue Xaintrailles;47,90675;1,89281
202300017449;16;10;2023;15:25;1;43;43251;2;9;1;3;Avenue Jeanne d'Arc;45,02615172;3,88042688
202300017450;15;10;2023;20:11;5;43;43046;2;1;1;2;Boulevard de la Petite-mer;45,06472;3,90695
202300017451;16;10;2023;08:10;1;35;35238;1;1;1;2;RN136;48,12801;-1,71258