Num_Acc;jour;mois;an;hrmn;lum;dep;com;agg;int;atm;col;adr;lat;long
202300017452;16;10;2023;12:45;1;31;31149;2;9;1;3;RD PT TERRE ENVOL;43,594825;1,325494
202300017453;15;10;2023;14:45;1;31;31555;2;1;1;2;RTE DE NARBONNE;43,5702;1,45516
202300017454;15;10;2023;11:25;1;31;31555;2;1;1;6;RUE PIERRE CAZENEUVE;43,62177;1,445708
202300017455;16;10;2023;09:45;1;29;29232;2;1;1;2;Boulevard Louis le Guennec;47,98013937;-4,1036957
202300017456;16;10;2023;16:15;1;28;28404;2;1;7;6;BRUXELLES (RUE DE);48,71729;1,36938
202300017457;15;10;2023;21:00;5;27;27229;2;1;1;1;SEMARD (RUE PIERRE);49,01623;1,16359
202300017458;16;10;2023;09:55;1;25;25204;2;3;1;2;Grande rue;46,92749;6,34712
202300017459;13;10;2023;17:05;1;19;19031;2;1;1;3;Avenue Jean Charles Rivet;45,15085;1,49927
202300017460;13;10;2023;16:00;1;19;19031;2;1;1;6;RIVET (AVENUE JEAN CHARLES);45,15200662;1,5034318
202300017461;16;10;2023;09:48;1;13;13071;2;9;1;6;TOTAL (RN 113 - LE TUNNEL);43,41;5,311
202300017462;2;9;2023;18:05;1;13;13077;2;6;1;6;BOUC ANTOINE (rue);43,40691;4,98612
202300017463;16;10;2023;18:30;2;13;13213;2;3;1;5;POILUS (AVENUE DES);43,32055;5,45832
202300017464;16;10;2023;15:30;1;13;13206;2;6;1;6;BAILLE (BOULEVARD);43,28612;5,3843
202300017465;16;10;2023;07:00;2;13;13212;2;1;1;3;WILLIAM BOOTH (AVENUE);43,29429889;5,44195952
202300017466;15;10;2023;18:30;1;13;13204;2;2;1;3;FRANÇOISE DUPARC (BOULEVARD);43,30101;5,40066
202300017467;16;10;2023;12:13;1;12;12145;2;3;1;3;GABRIAC JEAN (BOULEVARD);44,09146;3,06842
202300017468;16;10;2023;19:53;5;75;75115;2;1;1;3;BOULEVARD DE VAUGIRARD;48,841494;2,318708
202300017469;15;10;2023;03:00;5;75;75112;2;1;1;6;AVENUE DU GENERAL MICHEL BIZOT;48,833142;2,398791
202300017470;16;10;2023;10:00;1;75;75111;2;2;1;6;RUE OBERKAMPF;48,862652;2,367308
202300017471;16;10;2023;10:20;1;75;75111;2;3;1;3;AVENUE DE LA REPUBLIQUE;48,864186;2,380239
202300017472;16;10;2023;14:10;1;75;75108;2;1;1;6;RUE D ARTOIS;48,873975;2,306059
202300017473;16;10;2023;12:55;1;75;75115;2;2;1;6;QUAI BRANLY;48,854577;2,288849
202300017474;16;10;2023;08:39;1;75;75107;2;3;8;3;QUAI D ORSAY;48,86287145;2,31519163
202300017475;16;10;2023;17:05;1;75;75103;2;1;1;6;BOULEVARD SAINT MARTIN;48,868648;2,357676
202300017476;16;10;2023;17:35;1;94;94078;2;1;1;3;208 Rue de Paris;48,740416;2,446647
202300017477;15;10;2023;15:30;1;94;94015;2;3;1;3;Avenue du Général Leclerc;48,829341;2,517798
202300017478;16;10;2023;14:25;1;94;94046;2;1;1;3;Rue Jean Jaurès;48,795758;2,433709
202300017479;16;10;2023;20:45;5;94;94016;2;7;1;6;Rue Guichard;48,79412;2,3368
202300017480;16;10;2023;08:30;1;94;94041;2;1;1;3;14 Rue de Châteaudun;48,815744;2,366512
202300017481;9;10;2023;19:00;2;94;94073;2;1;1;2;Rue du Docteur Marie;48,7462;2,37175
202300017482;14;10;2023;23:35;5;94;94011;2;6;1;3;Route de Stains;48,77928;2,4923
202300017483;16;10;2023;17:30;1;94;94069;2;1;1;3;Rue du Maréchal Leclerc;48,81714;2,45367
202300017484;16;10;2023;12:40;1;93;93073;2;2;1;6;Avenue Henri Barbusse / Rue Hector Berlioz;48,95911;2,57247
202300017485;16;10;2023;21:00;5;93;93066;2;9;1;6;Rue de la Legion d'Honneur;48,93137212;2,35686443
202300017486;16;10;2023;11:55;1;93;93062;2;1;1;2;Avenue de la Résistance;48,896983;2,515345
202300017487;15;10;2023;16:30;1;93;93063;2;3;1;3;Avenue Gaston Roussel / Rue Louise Dory;48,89388;2,43452
202300017488;16;10;2023;16:20;1;93;93029;2;2;1;3;Avenue Henri Barbusse / Rue Roger Gibrat;48,91945;2,45052
202300017489;16;10;2023;05:00;5;93;93013;2;2;1;3;Rue Edouard Vaillant / Rue Jean Moulin;48,93584;2,435233
202300017490;15;10;2023;06:40;2;93;93047;2;3;1;3;Boulevard Bargue / Avenue de Clichy-sous-bois;48,90303;2,56226
202300017491;16;10;2023;19:47;2;93;93001;2;2;1;6;Avenue de la République / Rue Guyard Delalain;48,91126;2,384676
202300017492;1;9;2023;23:10;5;92;92078;2;9;1;3;LONGUE BERTRANE (RUE);48,93070162;2,3208189
202300017493;16;10;2023;16:45;1;92;92073;2;3;1;6;GAUCHERE (RUE DE LA);48,87220323;2,22412097
202300017494;16;10;2023;10:10;1;92;92024;2;1;8;6;CASTERES (RUE);48,89948046;2,3028717
202300017495;16;10;2023;16:49;2;92;92012;2;1;1;1;BILLANCOURT (RUE DE) 1/61 - 2/104;48,83862851;2,2361598
202300017496;16;10;2023;16:35;1;92;92012;2;1;1;6;JEAN JAURES (BOULEVARD) 63/215 - 70/208;48,83837571;2,240834
202300017497;16;10;2023;10:00;1;92;92012;2;1;1;6;AGUESSEAU (RUE D') 91/FIN - 84/FIN;48,83707824;2,23787892
202300017498;15;10;2023;11:53;1;92;92009;2;6;1;3;CHEVREUL ( AVENUE );48,90741111;2,26576692
202300017499;16;10;2023;18:20;1;35;35175;2;1;1;6;10 Rue Anne de Bretagne;47,896621;-1,972971
202300017500;17;10;2023;01:15;3;50;50167;1;1;1;6;Route d?Avranches;48,686289;-1,466849
202300017501;14;9;2023;16:30;1;12;12300;2;1;1;6;Route de Montauban;44,360525;1,996186
202300017502;5;7;2023;14:05;1;972;97232;2;2;1;4;rue jean jaures;14,544467;-60,840869
202300017503;17;10;2023;12:30;1;22;22180;1;1;1;1;RN 176 - PR : 23+300;48,425214;-2,198489
202300017504;17;10;2023;15:30;1;30;30209;1;1;1;7;D177 - PK +1.8;44,008003;4,741936
202300017505;16;10;2023;19:15;3;62;62885;1;4;1;3;Rue a l’Eau;50,54302;2,349347
202300017506;15;10;2023;01:00;3;77;77406;2;1;1;6;D222;48,842744;3,193904
202300017507;16;10;2023;01:36;3;61;61349;1;1;1;6;A88;48,785459;-0,125029
202300017508;17;10;2023;10:45;1;83;83067;1;1;8;6;D97;43,339748;6,296019
202300017509;16;10;2023;23:21;3;62;62599;1;2;1;3;N42;50,73607602;1,8752895
202300017510;17;10;2023;03:50;3;56;56101;1;1;1;7;N/A;47,835211;-3,168783
202300017511;14;10;2023;21:25;5;82;82013;2;1;1;2;Avenue de Gascogne;43,879204;0,982043
202300017512;16;10;2023;21:15;3;33;33424;1;1;1;6;D1215;45,14026603;-0,8178808
202300017513;16;10;2023;19:30;3;11;11106;2;2;1;1;89 Avenue Jean Jaurès;43,234303;3,064027
202300017514;16;10;2023;17:00;1;71;71428;1;2;1;5;D83;46,195948;4,298261
202300017515;16;10;2023;14:21;1;61;61476;1;1;1;6;D955;48,350388;0,397331
202300017516;16;10;2023;05:05;3;61;61370;1;1;1;6;D826 PR5+110;48,554995;-0,636241
202300017517;16;10;2023;17:00;1;47;47186;1;1;1;7;D436, PR 2+960;44,23321304;0,44945098
202300017518;16;10;2023;18:20;1;68;68138;2;1;1;7;Rue de Bettendorf;47,58631;7,256995
202300017519;16;10;2023;13:45;1;25;25405;1;1;1;3;D437;46,827396;6,334895
202300017520;16;10;2023;18:00;1;3;3031;1;1;1;6;Bornais;46,415257;2,718515
202300017521;17;10;2023;10:50;1;26;26113;1;3;1;3;RD543;44,767943;5,350986
202300017522;20;4;2023;19:40;1;13;13106;1;1;1;2;A7-Sens Lyon vers Marseille;43,39238545;5,35127638
202300017523;17;10;2023;07:40;2;72;72042;1;9;1;3;La Cave;47,981383;0,561773
202300017524;20;4;2023;09:15;1;69;69199;1;1;1;4;Autoroute 7;45,69126;4,84534
202300017525;17;10;2023;18:00;1;6;6079;2;9;1;3;873 Avenue de Cannes;43,547356;6,939781
202300017526;24;4;2023;09:15;1;69;69290;1;1;1;2;Autoroute 43 ;45,69671;4,97894
202300017527;18;3;2023;03:00;3;42;42207;1;1;1;7;A47;45,48695358;4,50418049
202300017528;14;10;2023;16:30;1;64;64504;2;1;1;7;Quartier Lehenbiscay;43,30325;-1,586435
202300017529;17;10;2023;07:40;2;73;73162;1;3;5;6;D1090;45,611752;6,291122
202300017530;25;4;2023;16:35;1;33;33122;1;1;1;4;AUTOROUTE A 63;44,74455;-0,70406
202300017531;17;10;2023;14:36;1;10;10373;1;1;1;1;N77;48,209853;4,007027
202300017532;22;4;2023;01:19;3;59;59462;1;1;1;2;AUTOROUTE A1;50,50512061;3,01817179
202300017533;16;10;2023;16:25;1;27;27137;1;1;1;2;d926;48,749467;0,777772
202300017534;25;4;2023;17:00;1;78;78455;1;1;1;3;A13;48,860713;2,047205
202300017535;24;4;2023;01:20;5;92;92050;1;1;1;2;A86;48,90206507;2,20316291
202300017536;25;4;2023;19:00;1;93;93008;1;1;1;7;AUTOROUTE A86;48,91139887;2,44020849
202300017537;25;4;2023;14:40;1;95;95042;1;1;1;6;N104;49,06084;2,309894
202300017538;16;10;2023;17:50;1;987;98734;2;1;1;1;PK 35.500 en face de Pizza Papy;-17,712;-149,508
202300017539;25;4;2023;07:55;1;93;93066;1;1;1;5;AUTOROUTE A1;48,92253435;2,35702102
202300017540;16;10;2023;11:31;1;19;19085;1;1;1;2;A89 - PK 222+500;45,30726464;1,83190731
202300017541;25;4;2023;07:05;1;93;93066;1;1;1;2;AUTOROUTE A1;48,91977;2,35723243
202300017542;17;10;2023;07:50;1;26;26057;1;1;1;2;A 49 - PK : 059.500 / Sens GRENOBLE vers VALENCE;45,022208;5,050545
202300017543;14;10;2023;18:10;1;78;78043;1;1;1;1;Route de Fontenay;48,830374;2,069249
202300017544;24;4;2023;18:40;1;93;93005;1;1;1;5;AUTOROUTE A3;48,95700911;2,47337222
202300017545;17;10;2023;08:55;1;77;77508;2;1;1;6;boulevard de l'ouest;48,814771;2,826372
202300017546;24;4;2023;10:40;1;93;93001;1;1;1;2;AUTOROUTE A86;48,92164654;2,36690506
202300017547;17;10;2023;10:00;1;67;67223;1;1;1;2;A35 PK 411.200 sens STRASBOURG vers COLMAR;48,50166;7,569081
202300017548;24;4;2023;21:00;3;94;94042;1;1;2;7;A4;48,82846891;2,47633616
202300017549;24;4;2023;07:50;1;976;97611;2;1;1;6;kaweni-SPPM ( rue de la );-12,770496;45,2211162
202300017550;24;4;2023;14:15;1;94;94043;2;1;1;6;Avenue de Fontainebleau;48,81251;2,36168
202300017551;15;10;2023;12:50;1;987;98725;2;6;1;3;PK 9 - RT2 - rond point du Tahara, sens Mahina-Arue;-17,558;-149,476
202300017552;24;4;2023;20:55;3;974;97411;2;1;2;7;RN2/043;-20,8879369;55,50037622
202300017553;16;10;2023;15:40;1;987;98719;2;1;1;3;Village de RIKITEA;-22,334;-135,802
202300017554;24;4;2023;08:00;1;974;97411;2;6;1;3;ABATTOIR (RUE DE L');-20,8765;55,44236
202300017555;16;10;2023;08:52;1;77;77107;1;1;1;1;Route Nationale 36;48,667654;2,811255
202300017556;24;4;2023;17:20;1;973;97302;2;3;2;3;ARON (ANDRE);4,94274;-52,31969
202300017557;24;4;2023;14:25;1;973;97302;1;1;2;2;ROUTE NATIONALE 1;4,89963;-52,32635
202300017558;15;10;2023;21:15;3;77;77354;1;3;1;3;D605;48,469105;2,858521
202300017559;24;4;2023;12:50;1;973;97302;2;2;2;3;FELIX EBOUE(ROCADE);4,92962;-52,31509
202300017560;17;10;2023;08:10;1;91;91338;1;2;1;3;D988 Rue de Chartres;48,637726;2,061862
202300017561;24;4;2023;09:30;1;973;97302;2;2;1;6;VOLTAIRE(AVENUE);4,94236;-52,3224
202300017562;16;10;2023;17:45;1;11;11426;1;1;1;7;D 620;43,286332;2,439597
202300017563;24;4;2023;20:10;2;69;69387;2;2;1;6;Avenue Berthelot;45,74743;4,83494
202300017564;24;4;2023;15:50;1;69;69386;2;3;1;3;Avenue Thiers;45,76628;4,86204
202300017565;24;4;2023;08:00;1;69;69387;2;3;1;6;Rue Paul Duvivier;45,74064;4,84859
202300017566;16;10;2023;17:45;1;13;13027;1;1;8;1;D571;43,905205;4,814887
202300017567;23;4;2023;21:00;5;972;97209;1;1;1;7;PARADISIERS (AVENUE DES);14,62294;-61,03688
202300017568;24;4;2023;07:15;1;971;97120;2;1;1;6;HANNE (BOULEVARD);16,24087;-61,53486
202300017569;22;4;2023;22:20;5;971;97120;1;1;1;7;CHEMIN NEUF;16,23036;-61,53129
202300017570;24;4;2023;15:40;1;91;91421;2;1;1;1;DOCTEUR BESSON (RUE DU);48,69958;2,45453
202300017571;24;4;2023;22:40;5;91;91687;2;3;2;6;NATIONALE 445 (ROUTE);48,6594;2,37278
202300017572;24;4;2023;12:55;1;91;91479;2;3;1;3;AV ALEXANDRE DUMAS;48,71137;2,35907
202300017573;24;4;2023;09:37;1;91;91479;2;3;1;3;RUE MAXIMIL ROBESPIERRE;48,70722;2,36163
202300017574;23;4;2023;16:50;1;87;87085;2;1;1;6;LOCARNO (AVENUE);45,83668;1,27051
202300017575;24;4;2023;08:00;1;83;83137;2;1;1;6;JOFFRE (BD MARECHAL);43,12387;5,95373
202300017576;23;4;2023;13:50;1;76;76351;2;4;2;3;WINSTON CHURCHILL;49,49272799;0,13210952
202300017577;24;4;2023;20:33;1;69;69290;2;3;1;6;Rue Aristide Briand;45,69049;4,9367
202300017578;23;4;2023;10:40;1;67;67482;2;3;1;3;FOSSE DES ORPHELINS (RUE DU);48,579102;7,755484
202300017579;24;4;2023;08:27;1;64;64445;2;3;1;3;PAIX;43,32155;-0,36143
202300017580;24;4;2023;07:45;1;64;64445;2;2;1;3;BEZIOU;43,30740067;-0,38017094
202300017581;23;4;2023;18:54;1;64;64102;2;2;1;2;BERNEDE (RUE);43,49335;-1,4757
202300017582;21;4;2023;17:55;1;63;63113;2;2;1;3;MARGERIDE/ rue Roger Maerte;45,75997;3,1223
202300017583;21;4;2023;14:24;1;63;63113;2;1;1;4;CLEMENTEL (BD ETIENNE);45,81412;3,10993
202300017584;24;4;2023;19:00;1;59;59271;2;2;1;6;MOULIN;51,02328382;2,30408067
202300017585;20;4;2023;19:50;1;58;58194;2;3;1;1;SAINT BENIN;46,98689;3,14422
202300017586;20;4;2023;18:04;1;58;58194;1;1;1;6;MARECHAL JUIN;47,0045;3,15379
202300017587;22;4;2023;04:30;3;56;56121;2;1;2;7;COSMAO-DUMANOIR ( BD );47,75369;-3,36943
202300017588;24;3;2023;12:55;1;51;51454;2;1;3;7;rue du Bois d'Amour;49,2568;4,00818
202300017589;21;4;2023;19:30;1;49;49099;2;6;1;2;LECLERC (AVENUE DU MARECHAL);47,06657;-0,85896
202300017590;20;4;2023;23:04;4;49;49007;2;1;1;2;RD 323;47,47633;-0,55441
202300017591;24;4;2023;18:00;1;44;44109;2;1;1;3;14 Rue de la Basse Chénaie;47,2374;-1,5077
202300017592;21;4;2023;03:55;3;44;44055;1;1;1;2;Route Bleue;47,30246;-2,36979
202300017593;24;4;2023;10:36;1;38;38421;2;3;8;3;RUE GEORGES SADOUL;45,18615;5,76942
202300017594;24;4;2023;14:20;1;37;37261;2;1;1;7;PASCAL (RUE BLAISE);47,38818339;0,693115
202300017595;24;4;2023;14:00;1;29;29232;1;6;1;7;Rond-Point de Kerustum;47,979525;-4,095134
202300017596;20;4;2023;08:30;2;22;22113;1;1;1;3;ROSPEZ (ROUTE DE);48,73216;-3,41315
202300017597;23;4;2023;05:35;5;19;19031;2;1;1;6;BRUNE (BOULEVARD);45,15298;1,53493
202300017598;22;4;2023;09:37;1;19;19031;2;1;1;6;BOUDY (RUE NOEL)  JUSQU'A N°  73 - 66;45,15734;1,51557
202300017599;24;4;2023;23:00;5;13;13207;2;1;1;1;COLONEL SEROT (AVENUE);43,26768;5,37195
202300017600;24;4;2023;18:40;1;13;13210;2;1;1;3;COMTESSE LILY PASTRE (AVENUE);43,2833231;5,42407646
202300017601;24;4;2023;14:30;1;6;6069;2;1;1;2;ORME (CHEMIN DE L');43,65154;6,94452
202300017602;23;4;2023;21:00;5;6;6027;2;1;2;5;NICE AVENUE DE (RN7);43,659;7,163
202300017603;24;4;2023;01:30;5;6;6155;2;1;1;7;LIBERTE AV.DE LA;43,572246;7,084288
202300017604;20;4;2023;16:55;1;4;4070;2;4;1;2;FRONT DE BLEONE (AV.);44,10271;6,22939
202300017605;23;4;2023;06:40;2;75;75115;2;1;1;2;BD PERIPHERIQUE EXTERIEUR;48,826659;2,29572
202300017606;24;4;2023;02:10;5;75;75106;2;2;1;6;BOULEVARD SAINT GERMAIN;48,852901;2,336994
202300017607;24;4;2023;21:00;5;75;75120;2;2;2;3;RUE D AVRON;48,852688;2,406117
202300017608;24;4;2023;14:35;1;75;75120;2;3;1;3;AVENUE IBSEN;48,866449;2,41263
202300017609;24;4;2023;14:15;1;75;75119;2;3;1;7;PLACE DU COLONEL FABIEN;48,87803;2,37068
202300017610;24;4;2023;14:40;1;75;75116;2;1;1;3;AVENUE RAYMOND POINCARE;48,868379;2,285663
202300017611;24;4;2023;09:20;1;75;75115;2;2;1;2;RUE VIALA;48,850698;2,292342
202300017612;23;4;2023;15:10;1;75;75115;2;1;8;6;RUE LECOURBE;48,842768;2,30303501
202300017613;24;4;2023;14:50;1;75;75111;2;2;8;3;BOULEVARD RICHARD LENOIR;48,861909;2,372143
202300017614;24;4;2023;18:05;1;75;75110;2;2;1;3;RUE DU FAUBOURG POISSONNIERE;48,875792;2,348264
202300017615;24;4;2023;09:20;1;75;75110;2;1;8;6;RUE JULIETTE DODU;48,874638;2,369681
202300017616;24;4;2023;09:55;1;75;75108;2;3;1;2;AVENUE DES CHAMPS ELYSEES;48,871387;2,302568
202300017617;24;4;2023;10:05;1;94;94074;2;3;8;2;Avenue Henri Barbusse / Rue de la Ferme de la Tour;48,77018;2,4405
202300017618;23;4;2023;22:10;5;94;94068;2;2;2;3;Avenue du Général Leclerc;48,8076164;2,50586128
202300017619;24;4;2023;14:30;1;94;94076;2;1;1;3;Boulevard Maxime Gorki;48,79314;2,36926
202300017620;24;4;2023;09:40;1;93;93074;1;6;1;2;Route Strategique / Av du Marechal de Lattre de Tassigny;48,92445649;2,57007712
202300017621;19;4;2023;21:00;5;92;92073;2;1;1;6;ROOSVELT (AVENUE FRANKLIN);48,87333236;2,22146308
202300017622;23;4;2023;22:10;5;92;92033;2;6;2;6;HENRI BERGSON;48,8413586;2,1794799
202300017623;24;4;2023;11:13;1;92;92051;2;1;1;6;CHATEAU (BOULEVARD DU);48,889736;2,268159
202300017624;24;4;2023;02:23;5;92;92050;2;2;1;3;STALINGRAD RUE DE;48,89418;2,19585
202300017625;24;4;2023;18:30;1;92;92023;2;9;2;3;PROVENCE (RUE DE);48,78748482;2,24882975
202300017626;24;4;2023;17:20;1;92;92002;2;6;2;3;LEWISHAM (PLACE DE);48,75002;2,30875
202300017627;20;4;2023;10:00;1;974;97415;2;1;1;7;Rue Leconte de Lisle;-20,983514;55,334106
202300017628;22;4;2023;14:20;1;67;67372;2;9;1;3;Rue de Strasbourg;48,842153;7,613279
202300017629;23;4;2023;10:30;1;71;71320;1;1;1;6;D980;46,629787;4,464977
202300017630;24;4;2023;12:58;1;84;84043;2;1;1;2;512 Avenue Jean Jaurès;44,001982;4,923372
202300017631;25;4;2023;09:40;1;22;22048;1;1;8;1;D794;48,468504;-2,128848
202300017632;24;4;2023;21:56;3;60;60398;1;1;2;3;Rd 4;49,162737;2,280543
202300017633;25;4;2023;19:00;1;76;76320;1;4;1;6;La barronnerie;49,92000115;1,48854822
202300017634;15;4;2023;14:35;1;83;83148;2;3;1;6;Avenue Charles Pellegrin;43,425978;6,430639
202300017635;24;4;2023;15:45;1;22;22341;1;1;1;6;RN 12 PR 024+600;48,40362;-2,41264
202300017636;25;4;2023;12:30;1;76;76571;1;2;1;3;D98;49,57059695;1,31692842
202300017637;25;4;2023;07:15;2;79;79179;1;1;5;1;N/A;46,689538;-0,619687
202300017638;24;4;2023;19:03;1;12;12195;1;4;1;1;RD32;43,870292;2,756833
202300017639;8;4;2023;09:30;1;12;12208;2;1;1;6;Route de lapeyre;43,947759;2,896829
202300017640;24;4;2023;18:50;1;39;39191;1;1;1;6;Tramelans;46,814471;5,593168
202300017641;24;4;2023;23:15;3;29;29069;1;1;1;6;Route de kervaly;48,410075;-4,545014
202300017642;23;4;2023;16:20;1;38;38261;2;2;2;3;route du bourg;45,684286;5,462753
202300017643;21;4;2023;15:45;1;72;72156;1;9;1;3;Route départementale 1;48,103706;0,71763
202300017644;24;4;2023;15:00;1;6;6074;1;1;1;7;M2565;43,961623;7,303097
202300017645;24;4;2023;09:53;1;50;50181;1;1;1;6;Le Bosq;49,163291;-1,318643
202300017646;24;4;2023;11:54;1;53;53128;2;6;1;3;D11;47,941857;-1,084439
202300017647;24;4;2023;17:11;1;4;4209;2;1;1;6;Avenue de la Libération;44,191489;5,945081
202300017648;24;4;2023;17:10;1;28;28164;1;1;1;1;N 154;48,23525297;1,78695917
202300017649;24;4;2023;13:30;1;973;97307;2;3;2;3;rue du polygone;4,89502;-52,330713
202300017650;24;4;2023;18:45;1;66;66012;2;1;1;3;N/A;42,703635;2,822295
202300017651;25;4;2023;09:06;1;69;69019;2;3;1;2;Avenue de Verdun;46,10109;4,734035
202300017652;24;4;2023;08:20;1;45;45317;1;1;1;2;A10 PR 126 + 9;47,764322;1,561925
202300017653;24;4;2023;19:14;3;973;97305;1;1;1;1;Route Nationale 1;4,939841;-52,411308
202300017654;24;4;2023;14:40;1;13;13040;2;1;1;3;le clos des chenes;43,446906;5,556046
202300017655;23;4;2023;12:40;1;41;41220;1;1;1;1;D925;47,743407;1,642778
202300017656;25;4;2023;20:15;2;2B;2B134;2;1;6;6;port de commerce;42,642834;8,93631
202300017657;25;4;2023;08:45;1;34;34058;1;1;1;3;M610;43,667435;3,987001
202300017658;25;4;2023;17:00;1;42;42299;1;1;1;1;Rue de Feurs;45,621932;4,078267
202300017659;24;4;2023;17:40;1;31;31304;1;1;1;6;D826;43,581044;1,795149
202300017660;25;4;2023;09:28;1;40;40202;2;6;3;3;Rue Alphonse Daudet;43,701932;-1,019497
202300017661;24;4;2023;18:30;1;22;22093;2;1;2;6;714 Rue de l'Etang;48,506569;-2,606211
202300017662;24;4;2023;22:30;3;76;76563;1;1;1;6;Route d'Oudalle;49,516144;0,327664
202300017663;24;4;2023;01:20;4;91;91661;1;1;1;6;AUTOROUTE A10;48,703369;2,248799
202300017664;24;4;2023;01:20;3;95;95572;1;1;1;2;N184;49,03319521;2,10962176
202300017665;22;4;2023;19:10;1;72;72095;2;1;1;6;EUROPE (PL DE L');48,0227;0,20793
202300017666;21;4;2023;14:35;1;976;97611;2;9;1;6;m'tsapere-Nationale 2 (route);-12,80266;45,21383
202300017667;21;4;2023;03:56;3;49;49007;1;1;1;1;ATLANTIQUE  AVENUE DE L';47,46484;-0,57586
202300017668;21;4;2023;15:50;1;27;27229;2;1;1;6;JOSEPHINE (RUE);49,023776;1,1435916
202300017669;20;4;2023;23:45;4;63;63032;2;1;1;6;MONT-DORE (AVENUE DU);45,74759;3,07324
202300017670;20;4;2023;13:00;1;75;75112;2;1;1;2;ECHANGEUR BERCY;48,827258;2,390884
202300017671;20;4;2023;13:00;1;75;75120;2;3;1;6;RUE DE BAGNOLET;48,857024;2,398145
202300017672;20;4;2023;17:55;1;93;93046;2;3;1;5;Avenue Aristide Briand / Avenue Camille Desmoulins;48,91268;2,5226
202300017673;22;4;2023;10:35;1;976;97611;2;9;1;7;kaweni-Mangrove (route de la);-12,761545;45,226282
202300017674;23;4;2023;19:05;5;974;97416;2;1;1;6;HIPPOLYTE  PIOT (RUE);-21,29795;55,45276
202300017675;23;4;2023;13:50;1;974;97411;2;1;1;3;RAIMBAULT (CHEMIN DU PERE);-20,91079;55,41099
202300017676;23;4;2023;19:10;5;974;97407;2;1;1;6;COMMUNE DE PARIS (AVENUE);-20,93975;55,29109
202300017677;23;4;2023;13:49;1;972;97213;1;1;1;4;Z I CALIFORNIE;14,61828;-61,03065
202300017678;23;4;2023;19:20;5;972;97209;2;3;1;3;REDOUTE (ROUTE DE LA);14,63034418;-61,05504775
202300017679;23;4;2023;19:50;5;971;97105;2;9;1;6;BD GERTY ARCHIMEDE;15,98926073;-61,72694206
202300017680;23;4;2023;12:20;1;2A;2A004;2;1;1;2;MONTEE SAINT JEAN;41,93144604;8,73828828
202300017681;22;4;2023;18:30;1;83;83009;2;2;1;3;ESCOURCHE (BD DE L');43,139546;5,756642
202300017682;23;4;2023;01:10;5;81;81065;2;1;2;2;VITTOZ (BD.RAYMOND);43,60262;2,24373
202300017683;23;4;2023;19:00;1;78;78401;2;1;1;6;PONTOISE (ROUTE DE );49,01305;1,91675
202300017684;4;7;2023;18:55;1;33;33063;2;2;1;3;Avenue de Mérignac;44,83877;-0,62592
202300017685;5;7;2023;10:30;1;32;32013;2;1;1;6;LEDRU ROLLIN (PLACE);43,64838;0,58728
202300017686;5;7;2023;21:10;1;29;29232;2;1;1;7;Route de Pont l'Abbe;47,97932008;-4,12309242
202300017687;5;7;2023;13:45;1;29;29019;2;1;1;2;boulevard Tanguy Prigent;48,40065;-4,52533
202300017688;19;4;2023;05:45;2;74;74010;2;3;1;3;CRETE (DE LA);45,90915;6,10705
202300017689;23;4;2023;04:50;5;69;69276;2;1;2;3;Route de Lyon;45,68765414;4,86151712
202300017690;3;6;2023;22:30;5;19;19031;2;1;1;6;RIBOT (AVENUE);45,16471;1,51696
202300017691;23;4;2023;00:45;4;60;60175;2;9;1;3;N/A;49,24626;2,47091
202300017692;23;4;2023;14:40;1;59;59009;2;1;1;3;TOURNAI BOULEVARD DE;50,6148;3,139512
202300017693;4;7;2023;23:48;3;18;18033;1;1;2;7;Route de la Chapelle;47,07197;2,33766
202300017694;23;4;2023;06:00;2;54;54184;2;3;1;3;BRIGACHTAL (AVENUE DE);48,70303;6,22795
202300017695;23;4;2023;21:32;5;54;54254;2;1;2;6;VICTOR HUGO (RUE);49,48877;5,80777
202300017696;23;4;2023;15:07;1;51;51172;2;3;1;3;Rue de la Sentelle;49,21533;4,04941
202300017697;5;7;2023;23:25;3;17;17415;1;1;1;4;ROCADE SUD;45,73001;-0,62934
202300017698;23;4;2023;06:35;2;35;35238;1;1;3;2;RN 12;48,12032;-1,72273
202300017699;17;6;2023;11:20;1;15;15014;2;6;1;4;46 Avenue des Volontaires;44,91513;2,44035
202300017700;23;4;2023;12:00;1;29;29232;1;3;1;5;Route de Benodet;47,95762;-4,08254
202300017701;16;6;2023;10:20;1;15;15014;2;1;1;4;58 Avenue des Pupilles de la Nation;44,91865;2,43852
202300017702;23;4;2023;22:57;5;29;29039;1;6;1;3;la Boissière;47,92122774;-3,90096613
202300017703;4;7;2023;09:45;1;14;14220;2;6;1;6;2 Avenue de la République;49,36042;0,08473
202300017704;23;4;2023;20:40;5;25;25056;2;4;2;6;BELFORT RUE DE (inf144);47,246341;6,025646
202300017705;5;7;2023;22:00;5;13;13211;2;3;1;3;SAINT MARCEL (BOULEVARD DE );43,28881301;5,46134529
202300017706;23;4;2023;21:17;5;13;13211;2;1;1;6;SAINT LOUP (BOULEVARD DE);43,28539131;5,44113557
202300017707;4;7;2023;15:11;1;6;6027;2;1;1;6;GARE AVENUE DE LA;43,658642;7,147731
202300017708;23;4;2023;05:45;2;13;13206;2;1;1;2;BOSSUET (RUE);43,28496;5,3794