Num_Acc;jour;mois;an;hrmn;lum;dep;com;agg;int;atm;col;adr;lat;long
202300017709;23;4;2023;10:10;1;13;13206;2;1;1;6;LIEUTAUD (COURS);43,2927;5,38277
202300017710;5;7;2023;17:20;1;75;75120;2;1;1;3;BD PERIPHERIQUE EXTERIEUR;48,872526;2,412676
202300017711;23;4;2023;00:50;5;13;13211;2;3;1;1;EMMANUEL ALLARD (RUE);43,29021;5,44121
202300017712;23;4;2023;00:10;5;13;13208;2;1;1;2;MENDES FRANCE (AVENUE);43,2508;5,37567
202300017713;3;7;2023;09:50;1;75;75117;2;1;1;5;PORTE DE CLICHY;48,899104;2,317124
202300017714;22;4;2023;19:45;2;9;9122;1;1;1;7;RD 117;42,9671;1,595001
202300017715;23;4;2023;16:30;1;7;7186;1;1;3;7;COTE DU BARON;44,71215;4,59662
202300017716;5;7;2023;08:50;1;75;75120;2;1;1;5;AVENUE DE LA PORTE DE BAGNOLET;48,864911;2,410887
202300017717;22;4;2023;17:00;1;988;98818;2;3;1;3;VDE/RUE ARNOLD DALY;-22,26831;166,47268
202300017718;22;4;2023;05:40;3;974;97416;1;1;1;6;RN2 (1);-21,34054;55,49352
202300017719;5;7;2023;21:10;1;75;75119;2;1;1;6;AVENUE DE FLANDRE;48,886269;2,371519
202300017720;22;4;2023;07:50;1;974;97416;2;3;1;3;FOUR A CHAUX(RUE DU);-21,3432;55,478
202300017721;21;4;2023;09:00;1;974;97407;2;1;1;6;20 DECEMBRE 1948(AVENUE DU);-20,94195;55,29783
202300017722;22;4;2023;17:55;1;973;97302;1;1;3;7;ZONE COLLERY I OU II;4,90049;-52,32793
202300017723;5;7;2023;09:30;1;75;75119;2;9;1;3;BOULEVARD D INDOCHINE;48,887703;2,395965
202300017724;21;4;2023;11:00;1;972;97209;2;1;1;2;ALEXANDRE NESTORET (RUE);14,62301;-61,08083
202300017725;22;4;2023;09:30;1;971;97113;1;9;1;6;ROUTE DE PERINET-RD 119;16,21073573;-61,4780277
202300017726;5;7;2023;15:30;1;75;75116;2;3;1;6;RUE DE LA POMPE;48,865003;2,27867
202300017727;22;4;2023;02:10;5;2A;2A004;1;9;1;3;ALZO DI SOLE RCE;41,927;8,782
202300017728;22;4;2023;21:05;3;83;83129;2;1;1;6;AUDIBERT (RUE ET CH);43,09256777;5,84848076
202300017729;22;4;2023;12:30;1;79;79329;1;1;1;7;N/A;46,99212;-0,19561
202300017730;5;7;2023;15:30;1;75;75115;2;3;1;6;RUE SAINT CHARLES;48,849948;2,288408
202300017731;22;4;2023;19:30;1;77;77186;2;2;1;3;D210;48,41296;2,70686
202300017732;5;7;2023;06:55;1;75;75115;2;2;1;3;BOULEVARD DE VAUGIRARD;48,84047;2,315176
202300017733;11;4;2023;17:25;1;77;77333;2;1;1;6;RUE DU SOUVENIR;48,26757485;2,69940617
202300017734;21;4;2023;16:10;1;71;71270;1;3;1;3;JULIENAS (ROUTE DE);46,27572;4,78625
202300017735;5;7;2023;11:15;1;75;75114;2;2;1;3;AVENUE DU GENERAL LECLERC;48,823283;2,32562
202300017736;5;7;2023;19:50;1;75;75111;2;3;1;3;RUE DE LA ROQUETTE;48,858942;2,38525
202300017737;23;4;2023;01:15;5;69;69266;2;3;3;4;241 Cours Emile Zola;45,76809;4,88727
202300017738;5;7;2023;20:15;1;75;75101;2;3;1;3;RUE DE RIVOLI;48,864709;2,329328
202300017739;11;8;2023;08:20;1;28;28313;1;3;1;3;Intersection RD. 132 et RD. 17;48,338433;1,742497
202300017740;4;7;2023;23:18;5;75;75101;2;2;2;3;PLACE VENDOME;48,868319;2,330248
202300017741;22;4;2023;17:55;1;69;69290;2;3;1;3;Rue de l'Egalité;45,6937;4,94635
202300017742;5;7;2023;18:20;1;94;94080;2;1;1;6;Rue Saulpic;48,84643039;2,43576752
202300017743;7;8;2023;18:35;1;17;17486;1;1;1;6;D273;46,002688;-1,342348
202300017744;11;8;2023;11:05;1;48;48080;2;1;1;6;20 Boulevard Charles de Gaulle;44,726321;3,855667
202300017745;4;7;2023;20:50;2;94;94043;2;1;3;3;56 Rue de la Convention;48,81233942;2,35363036
202300017746;21;4;2023;23:23;5;69;69259;2;3;6;1;Avenue Pierre Cot;45,70518459;4,89623119
202300017747;10;8;2023;16:00;1;95;95394;2;1;1;6;D928;49,061189;2,189217
202300017748;5;7;2023;17:10;1;94;94041;2;1;1;6;Avenue de Verdun;48,807342;2,375043
202300017749;11;8;2023;01:10;5;69;69244;2;4;1;6;1 Route de Brignais;45,754151;4,770116
202300017750;22;4;2023;01:05;5;64;64445;2;1;1;6;LEON BLUM;43,32067;-0,32702
202300017751;5;7;2023;15:00;1;94;94065;1;1;1;2;N186B;48,75377;2,35785
202300017752;11;8;2023;02:45;5;6;6018;2;1;1;7;Chemin du Plan;43,621938;7,100773
202300017753;23;4;2023;02:58;5;64;64102;2;1;1;6;RUE DU ROYAL (BASTION);43,48723;-1,47445
202300017754;3;7;2023;13:30;1;94;94028;2;1;1;2;voie DEPARTEMENTALE;48,779647;2,4596
202300017755;10;8;2023;17:20;1;30;30189;1;1;1;2;A54 PK  02+400;43,806566;4,3611
202300017756;23;4;2023;02:04;3;64;64024;2;1;1;6;EUGENE BERNAIN (AVENUE);43,48285;-1,51067
202300017757;16;7;2023;08:30;1;987;98722;1;1;1;2;PK 36,800 - District de Hitiaa;-17,592;-149,391
202300017758;4;7;2023;10:20;1;94;94019;2;1;1;3;Route du Plessis;48,79948224;2,54609227
202300017759;22;4;2023;22:35;5;64;64102;2;1;1;2;AVRIL (AVENUE DU 14);43,50357;-1,46595
202300017760;3;7;2023;09:10;1;94;94017;2;1;1;2;Rue du Chemin Vert;48,81634;2,49969
202300017761;11;8;2023;08:30;1;974;97415;2;3;1;3;Rte du Trou d?Eau;-21,107918;55,254375
202300017762;22;4;2023;18:15;1;64;64024;2;1;1;3;LAPORTE (AVENUE JEAN LEON);43,48467;-1,50246
202300017763;5;7;2023;14:55;1;93;93078;2;2;1;3;Avenue de la Republique / Rue Pierre Curie;48,94969;2,55678
202300017764;22;4;2023;13:00;1;60;60057;2;1;2;6;Av du Pdt J Fitzgerald Kennedy;49,430497;2,09149754
202300017765;10;8;2023;22:20;3;66;66101;1;1;1;1;RD 612;42,621897;2,773855
202300017766;21;4;2023;18:45;1;57;57751;1;1;1;7;NORROY LE VENEUR (RUE DE );49,16129;6,13938
202300017767;5;7;2023;20:00;1;93;93066;2;1;1;3;Rue Francis de Pressensé;48,92371129;2,37153186
202300017768;11;8;2023;16:30;1;34;34146;1;1;1;1;Route du Mas des Caves;43,685928;4,07684
202300017769;5;7;2023;18:10;1;93;93066;2;1;1;5;Rue Ambroise Croizat;48,93112772;2,34977592
202300017770;21;4;2023;10:00;1;57;57537;2;3;1;1;FORBACH(VIEILLE ROUTE DE);49,19930298;6,85660601
202300017771;10;8;2023;15:45;1;13;13082;2;1;1;1;Avenue de Lambesc;43,664294;5,340045
202300017772;11;8;2023;06:00;2;71;71491;1;1;1;6;RD 352 bis PK 3+800;46,42837244;4,07578826
202300017773;5;7;2023;09:05;1;93;93066;2;1;1;3;Avenue Lénine;48,94343478;2,36291081
202300017774;10;8;2023;20:05;2;52;52447;2;1;1;7;rue du Lac;47,88229;5,254962
202300017775;21;4;2023;17:30;1;56;56098;1;1;1;4;N/A;47,78127;-3,34222
202300017776;5;7;2023;09:50;1;93;93055;2;3;1;3;Avenue Jean Lolive / Rue Lépine;48,89449;2,41975
202300017777;11;8;2023;15:42;1;10;10084;1;1;1;6;D99;48,413688;4,18048267
202300017778;29;7;2023;10:15;1;68;68298;2;1;2;7;Rue Clémenceau;48,243353;7,162265
202300017779;4;7;2023;23:45;5;93;93050;2;2;3;3;Rue Paul et Camille Thomoux / Avenue du General de Gaulle;48,85709;2,53121
202300017780;21;4;2023;11:55;1;51;51454;2;2;1;1;rue de Tinqueux;49,24863;4,01272
202300017781;10;8;2023;17:50;1;73;73227;1;1;8;1;D915;45,444763;6,59881
202300017782;5;7;2023;19:45;1;93;93027;2;3;1;3;Avenue Gabriel Péri / Avenue de la République;48,9268614;2,38969156
202300017783;21;4;2023;19:18;2;43;43157;2;1;1;1;9 Rue de Compostelle;45,040245;3,87407
202300017784;5;7;2023;12:30;1;92;92073;2;2;1;3;CARON (RUE ALBERT);48,865133;2,208594
202300017785;8;8;2023;11:45;1;73;73054;1;4;1;3;RD902 / route de la foret;45,649178;6,787255
202300017786;22;4;2023;20:30;5;37;37261;2;1;8;7;GRAMMONT (AVENUE DE);47,3858;0,69088
202300017787;5;7;2023;09:10;1;92;92062;2;1;1;6;CARTAULT (RUE);48,88196047;2,23045242
202300017788;9;8;2023;12:00;1;38;38276;2;1;1;5;Route Departementale 1085;45,556853;5,305195
202300017789;21;4;2023;15:50;1;31;31555;2;1;1;6;ALL CHARLES DE FITTE;43,594447;1,43348
202300017790;9;8;2023;09:20;1;26;26271;2;6;1;6;Route de Valence;45,011066;4,850319
202300017791;5;7;2023;19:35;1;92;92049;2;1;1;6;GINOUX AV. HENRI N°1 A 95 ET 2 A 104;48,81579;2,32082
202300017792;10;8;2023;15:00;1;49;49021;1;1;1;3;D7;47,42501;-0,237601
202300017793;5;7;2023;11:50;1;92;92020;2;1;1;3;REPUBLIQUE AV. AUTRES N° ET METRO;48,805296;2,29802
202300017794;21;4;2023;18:12;1;31;31555;2;1;1;1;BD DE L EMBOUCHURE;43,61309972;1,42926872
202300017795;4;7;2023;17:46;1;92;92036;2;1;1;1;LOUIS CALMEL (RUE) (18/58);48,92585;2,29148
202300017796;10;8;2023;14:10;1;61;61382;1;2;1;3;Voie Communale;48,460984;-0,057806
202300017797;22;4;2023;09:20;1;30;30007;2;6;1;3;Route de Bagnols;44,12994;4,10615
202300017798;4;7;2023;06:25;1;92;92025;2;4;1;3;ARGENTEUIL (AVENUE D');48,93748;2,25816
202300017799;7;8;2023;18:10;1;56;56151;1;3;1;3;Guer Jouanic;48,068401;-2,936289
202300017800;5;7;2023;15:30;1;92;92035;2;3;1;3;National ( boulevard );48,90503;2,23908
202300017801;9;8;2023;15:00;1;29;29247;2;6;7;3;Route de Fouesnant;47,932808;-4,020642
202300017802;5;7;2023;16:34;1;92;92026;2;2;1;6;PASTEUR (DE 44 A FIN);48,90403587;2,26948893
202300017803;9;8;2023;16:20;1;59;59053;2;1;1;3;Rue de la Chaussée;50,29277;3,785876
202300017804;5;7;2023;01:38;5;92;92024;2;1;1;4;CLICHY (QUAI DE) DE (8 A 60);48,90816888;2,29965359
202300017805;9;8;2023;15:52;1;13;13215;1;1;1;3;A7-Sens Lyon vers Marseille;43,36896;5,36082
202300017806;5;7;2023;11:30;1;92;92012;2;1;1;3;HEINRICH (RUE);48,82756;2,24563
202300017807;4;7;2023;23:50;5;92;92012;2;6;2;3;MARCEL SEMBAT (PLACE);48,83376;2,24364
202300017808;9;8;2023;10:10;1;33;33122;1;1;1;4;AUTOROUTE A 63;44,73308;-0,72217
202300017809;4;7;2023;19:40;1;92;92004;2;2;1;3;VOLTAIRE ( BD );48,91698;2,28815
202300017810;10;8;2023;19:55;1;95;95527;1;1;1;2;N104;49,0271052;2,51444995
202300017811;6;7;2023;08:45;1;44;44124;1;1;1;6;;47,590142;-1,118733
202300017812;10;8;2023;17:50;1;94;94079;1;1;1;4;A4;48,82799527;2,52620846
202300017813;6;7;2023;08:35;1;22;22049;1;1;1;1;Route de L Arguenon;48,542701;-2,214893
202300017814;2;7;2023;16:50;1;36;36077;1;1;1;6;;47,21213323;1,53196441
202300017815;10;8;2023;11:30;1;94;94017;1;1;1;3;A4;48,83020089;2,495767
202300017816;28;5;2023;14:00;1;50;50165;2;1;1;3;COUTANCES (ROUTE DE);48,84454;-1,58527
202300017817;5;7;2023;06:20;3;974;97414;2;1;1;6;Avenue du Docteur Raymond Verges;-21,290974;55,413902
202300017818;4;2;2023;17:40;2;5;5054;2;1;1;2;Lieux dit Les BARRAQUES;44,674331;6,072956
202300017819;5;7;2023;17:30;1;62;62571;2;3;1;1;D940;50,458361;1,612582
202300017820;13;3;2023;17:43;1;69;69132;1;3;1;3;Route de Lyon;45,66884;4,395604
202300017821;2;7;2023;08:31;1;56;56174;1;9;1;7;La Gare;47,861052;-2,876804
202300017822;6;7;2023;02:45;3;31;31150;1;6;1;6;Route de Colomiers;43,640959;1,330767
202300017823;23;5;2023;16:40;1;19;19031;2;1;3;2;VOLTAIRE (BOULEVARD);45,15985;1,54067
202300017824;5;7;2023;17:00;1;63;63413;1;4;2;2;D 797 /bretelle A75 (accès vers Montpellier);45,649816;3,172399
202300017825;10;6;2023;09:15;1;92;92023;2;2;1;3;HEBERT (RUE);48,8116153;2,27515966
202300017826;6;7;2023;20:00;1;76;76618;2;1;1;7;Rue Jeanne d?Arc;49,9593201;1,18807149
202300017827;9;6;2023;12:15;1;69;69266;1;1;1;4;Route Départementale 383 ;45,76916499;4,90350289
202300017828;5;7;2023;20:05;1;61;61079;1;1;1;1;RD 136;48,244742;0,75808
202300017829;9;8;2023;10:55;1;974;97416;1;1;1;3;ISAUTIER (AVENUE CHARLES);-21,3215;55,44919
202300017830;5;7;2023;10:30;1;61;61146;2;3;1;3;D21 PR 41+365;48,63271;-0,552443
202300017831;9;8;2023;12:50;1;974;97411;2;9;1;5;JAURES (BOULEVARD JEAN);-20,88982135;55,46394968
202300017832;6;7;2023;18:10;1;12;12021;1;1;7;6;Vabre-Tizac (Zone résidentielle);44,277032;2,12225
202300017833;6;7;2023;09:50;1;39;39365;2;1;7;6;10 Route de Dole;46,983391;5,594188
202300017834;9;8;2023;12:00;1;974;97411;2;4;1;1;LECONTE DE LISLE (AVENUE);-20,89471;55,48662
202300017835;8;8;2023;18:40;5;974;97411;2;9;1;3;MONTAGNE (ROUTE DE LA);-20,87693;55,44208
202300017836;6;7;2023;16:35;1;44;44036;2;1;1;3;2 Avenue Quentin Miglioretti;47,707556;-1,377459
202300017837;9;8;2023;13:45;1;69;69386;2;1;1;3;Quai Charles de Gaulle;45,78357;4,84908
202300017838;5;7;2023;23:15;3;29;29016;1;1;1;6;keradennec;48,29864;-3,945948
202300017839;4;7;2023;17:30;1;29;29160;1;3;2;3;Lieu Dit Mendy Bihan;48,470852;-4,396209
202300017840;8;8;2023;17:00;1;972;97209;1;1;1;4;RD 41 (ROCADE);14,61466;-61,04734
202300017841;4;7;2023;19:45;1;2;2820;1;1;1;2;;49,629164;3,253691
202300017842;9;8;2023;09:10;1;971;97101;1;1;1;3;RN05;16,25654;-61,52073
202300017843;6;7;2023;09:00;1;85;85302;1;1;1;2;A87 PK067.100 ;46,944363;-0,9549
202300017844;9;8;2023;11:37;1;2A;2A004;2;1;1;3;RECCO ABBE BOULEVARD;41,93856;8,74113
202300017845;4;7;2023;09:00;1;6;6136;2;1;1;6;D2204;43,877845;7,447532
202300017846;5;7;2023;17:00;1;45;45329;2;3;1;3;450 Route des Fontaines;47,935261;2,993976
202300017847;8;8;2023;16:20;1;95;95539;1;9;1;3;D301A3;49,012363;2,35219002
202300017848;5;7;2023;20:00;1;18;18015;2;1;1;-1;21 Route de Sainte Montaine;47,489086;2,432796
202300017849;3;8;2023;02:50;5;83;83137;2;1;1;6;RESISTANCE (AVE / IMP DE LA);43,11471;5,94989
202300017850;5;7;2023;15:25;1;10;10401;1;1;1;3;D619;48,238119;4,441261
202300017851;5;7;2023;15:55;1;7;7269;2;1;1;3;Rue de Crezenoux;44,936195;4,387906
202300017852;5;7;2023;19:25;1;7;7296;2;1;1;7;Route de Janicou;44,565743;4,392733
202300017853;9;8;2023;20:10;1;76;76231;2;2;1;6;Rue de la République;49,29073;0,99983
202300017854;6;7;2023;17:00;1;40;40222;1;4;1;3;carrefour route du pelerin du pélerin - D33;43,624714;-1,212369
202300017855;9;8;2023;09:30;1;74;74012;2;9;1;7;THONON (ROUTE DE);46,193451;6,256107
202300017856;6;7;2023;15:20;1;13;13050;1;3;1;1;D572;43,617514;5,263245
202300017857;6;7;2023;13:00;1;13;13050;1;1;1;1;D7n;43,676334;5,228151
202300017858;9;8;2023;10:40;1;71;71486;2;2;1;3;GUILLAUME APOLLINAIRE (RUE);46,65592;4,33475
202300017859;8;8;2023;16:10;1;71;71270;2;1;1;7;SANCE (RUE DE);46,31593;4,83295
202300017860;5;7;2023;18:30;5;987;98738;2;1;1;1;PK 10.5 - RT1 au niveau serv. Tefautea;-17,618;-149,549
202300017861;9;8;2023;17:15;1;69;69199;1;2;1;3;Avenue Albert;45,69351;4,843
202300017862;5;7;2023;16:30;1;82;82125;1;1;1;3;A62;43,961766;1,277997
202300017863;9;8;2023;09:00;1;64;64122;2;9;1;1;ROND POINT DE L EUROPE;43,48096;-1,54121
202300017864;4;7;2023;18:40;1;67;67506;1;1;1;4;A4;48,667349;7,736832
202300017865;6;7;2023;13:35;1;976;97604;2;1;1;6;Rue Bacar Sidi moinatrindri;-12,899926;45,098083
202300017866;8;8;2023;13:18;1;56;56121;2;1;1;2;SIMONE VEIL (AVENUE - EX LENINE);47,76366;-3,36997
202300017867;6;7;2023;01:00;3;11;11145;1;1;1;6;;43,220627;3,132734
202300017868;8;8;2023;08:20;1;56;56121;2;1;1;6;PERRIERE ( AV DE LA );47,735;-3,3659
202300017869;30;5;2023;16:55;1;69;69064;1;2;1;3;Route de Longes;45,487986;4,75016
202300017870;6;7;2023;10:50;1;2A;2A247;1;1;1;6;D468b;41,622629;9,293715
202300017871;6;7;2023;13:40;1;30;30214;1;1;1;6;;44,050194;4,09638
202300017872;6;7;2023;09:50;1;34;34344;2;1;1;6;Avenue Jean Bene;43,562007;4,084645
202300017873;7;8;2023;17:15;1;56;56098;2;2;1;4;DE GAULLE ( AV. GENERAL );47,7622;-3,33709
202300017874;6;7;2023;18:45;1;83;83068;1;9;1;3;les rives de beauvallon;43,284844;6,595831
202300017875;8;8;2023;19:30;1;54;54395;1;3;1;3;Rue du Maréchal Pierre Koenig;48,70372554;6,14601374
202300017876;4;7;2023;22:00;5;13;13086;2;1;1;3;41 Avenue du Général de Gaulle;43,32686;5,596935
202300017877;8;8;2023;16:00;1;47;47323;1;1;7;5;ROUTE NATIONALE 21;44,44715259;0,70373918
202300017878;9;8;2023;20:51;2;37;37122;1;1;1;7;PERIPHERIQUE N585;47,34001727;0,66646698
202300017879;6;7;2023;11:35;1;13;13022;1;6;1;3;Parc Régis VIDAL;43,23104;5,537592
202300017880;6;7;2023;13:15;1;8;8328;2;1;1;3;44 Rue Jules Fuzelier;49,818971;4,744246
202300017881;5;7;2023;19:05;1;67;67300;2;6;1;3;Rue des Sports;48,541422;7,499017
202300017882;9;8;2023;13:13;1;37;37233;2;1;1;4;DUCLOS (AVENUE JACQUES);47,38106;0,73488
202300017883;9;8;2023;06:40;1;37;37261;2;1;1;7;AUBERDIERE (RUE DE L');47,36273;0,69195
202300017884;5;7;2023;19:16;1;3;3102;2;3;1;3;D55 / D779;46,519584;3,684422
202300017885;5;7;2023;18:15;1;38;38223;2;1;1;7;Route de Courtil Jacquet;45,56796;5,263064
202300017886;8;8;2023;08:20;1;35;35051;1;1;1;1;BESNARDE (LIEU-DIT);48,098861;-1,568789
202300017887;5;7;2023;17:30;1;38;38348;2;1;1;3;Chemin des Vignes;45,590114;5,310908
202300017888;9;8;2023;23:00;5;33;33063;2;1;1;2;Rue Général de Larminat;44,8335;-0,59214
202300017889;6;7;2023;14:30;1;69;69159;1;1;1;4;Route de Tarare;45,97909888;4,68009667
202300017890;9;8;2023;01:35;5;31;31555;1;1;1;7;33 A LALANDE (PEAGE NORD);43,65718;1,42789
202300017891;5;7;2023;08:30;1;69;69219;1;1;1;3;Route Départementale 30;45,649013;4,687868
202300017892;15;6;2023;17:45;1;27;27701;2;1;1;2;CHAUSSE DU VEXIN;49,25603;1,179715
202300017893;6;7;2023;03:00;3;81;81162;1;1;1;6;RN 126;43,585831;1,808335
202300017894;6;7;2023;13:15;1;31;31075;1;1;1;6;D58g;43,5418732;1,12371147
202300017895;4;8;2023;10:05;1;26;26058;2;6;1;3;VIVIER RUE MARCEL;44,9613869;4,90125418
202300017896;18;11;2023;19:10;3;11;11069;2;1;1;7;N/A;43,19994;2,35375
202300017897;9;8;2023;12:25;1;24;24197;1;2;1;1;D709 (Rte de Mussidan);44,914348;0,446112
202300017898;2;7;2023;21:20;5;86;86100;2;6;1;1;Route de Poitiers;46,535016;0,259268
202300017899;9;8;2023;09:40;1;13;13208;2;1;1;3;pointe rouge (ave);43,24859639;5,3748128
202300017900;12;2;2023;05:30;3;59;59419;2;1;1;4;D938 LE BERCU;50,525671;3,283555
202300017901;18;11;2023;09:24;1;11;11069;2;1;1;2;Avenue du Président Franklin Roosevelt ;43,21808;2,34477
202300017902;9;8;2023;05:10;3;13;13063;1;1;1;2;D 10;43,56897;5,02292
202300017903;5;7;2023;17:15;1;13;13117;1;1;1;2;A7-Sens Lyon vers Marseille;43,4338;5,256
202300017904;18;11;2023;14:30;1;6;6088;2;1;1;6;JAURES (BD JEAN);43,69845;7,27634
202300017905;9;8;2023;08:30;1;13;13001;2;1;1;3;ST JOHN PERSE (AV);43,52510501;5,4211719
202300017906;5;7;2023;00:40;3;13;13056;1;1;1;2;A55-Sens Marseille vers Martigues;43,40476;5,04044
202300017907;6;8;2023;06:20;2;6;6004;2;1;1;7;EUCALYPTUS AV.ET CH.DES;43,585227;7,089962
202300017908;18;11;2023;12:50;1;6;6069;2;9;1;2;Rd point des Quatre Chemins;43,64507;6,94013
202300017909;4;8;2023;09:50;1;2;2168;1;1;1;1;N/A;49,067313;3,39354
202300017910;5;7;2023;18:43;1;33;33039;1;1;1;3;A630;44,80446064;-0,53183377
202300017911;5;7;2023;10:10;1;33;33448;1;1;1;7;AUTOROUTE A 62;44,69525;-0,49792
202300017912;8;8;2023;12:45;1;75;75116;2;1;1;2;PORTE MAILLOT;48,878055;2,27962
202300017913;17;11;2023;23:36;5;3;3185;2;2;1;1;Avenue Jules Guesde;46,34211;2,5892
202300017914;4;7;2023;18:20;1;33;33550;1;1;1;3;ROCADE A 630;44,77964933;-0,57428974
202300017915;9;8;2023;17:20;1;75;75106;2;5;1;6;RUE DE VAUGIRARD;48,845095;2,32011
202300017916;9;8;2023;17:50;1;75;75105;2;2;1;6;BOULEVARD SAINT MICHEL;48,850346;2,342629
202300017917;5;7;2023;01:31;4;94;94003;1;1;1;4;A6B;48,80098849;2,34364314
202300017918;18;11;2023;05:55;5;75;75119;2;1;2;6;PORTE DE PANTIN;48,89001;2,396056
202300017919;5;7;2023;01:20;3;94;94003;1;1;2;2;A6B;48,80048354;2,34369821
202300017920;8;8;2023;11:25;1;75;75107;2;5;1;3;AVENUE DE SUFFREN;48,85116;2,300905
202300017921;17;11;2023;02:48;5;75;75112;2;1;1;6;AVENUE DE LA PORTE DE VINCENNES;48,846895;2,411989
202300017922;9;8;2023;19:30;1;75;75119;2;2;1;7;PLACE DE LA BATAILLE DE STALINGRAD;48,88279;2,370277
202300017923;5;7;2023;01:31;3;94;94003;1;1;2;7;A6B;48,80072795;2,34367155
202300017924;9;8;2023;13:40;1;75;75115;2;2;1;3;RUE DE LA CROIX NIVERT;48,843611;2,295756
202300017925;18;11;2023;10:40;1;75;75105;2;1;2;3;RUE MONGE;48,845094;2,352183
202300017926;5;7;2023;17:05;1;92;92025;1;1;1;4;A86;48,93541254;2,26118997
202300017927;8;8;2023;14:05;1;75;75115;2;1;1;6;QUAI ANDRE CITROEN;48,848225;2,280614
202300017928;5;7;2023;18:00;1;92;92036;1;1;1;2;RN315 Y;48,92990191;2,30211945
202300017929;9;8;2023;00:09;5;75;75112;2;2;1;6;RUE DE PICPUS;48,845549;2,395379
202300017930;17;11;2023;23:20;5;75;75117;2;2;1;2;AVENUE DE WAGRAM;48,883279;2,301953
202300017931;5;7;2023;04:25;3;78;78402;1;1;1;2;A13;48,964949;1,801531
202300017932;8;8;2023;13:15;1;75;75112;2;5;1;2;RUE DU GENERAL DE LANGLE DE CARY;48,82813;2,39218
202300017933;4;7;2023;17:15;1;92;92025;1;1;1;6;A86;48,93484607;2,25934802
202300017934;9;8;2023;15:31;1;75;75108;2;2;1;7;AVENUE GEORGE V;48,866211;2,301491
202300017935;4;7;2023;08:00;1;78;78640;1;1;1;2;A86 EXT;48,77786;2,21643
202300017936;9;8;2023;02:36;5;75;75101;2;2;1;2;PONT SAINT MICHEL;48,85434;2,344908
202300017937;18;11;2023;18:55;5;75;75114;2;1;2;3;BOULEVARD RASPAIL;48,836199;2,33174
202300017938;3;7;2023;19:30;1;92;92048;1;1;1;5;N118;48,79643659;2,21723738
202300017939;9;8;2023;07:05;1;94;94021;2;2;1;3;Avenue des Maraichers;48,763113;2,34873
202300017940;5;7;2023;10:00;1;93;93005;1;1;1;2;AUTOROUTE A1;48,9666118;2,47689199
202300017941;17;11;2023;23:00;5;75;75110;2;2;1;6;RUE DE ROCROY;48,879498;2,350807
202300017942;9;8;2023;18:02;1;93;93001;2;5;1;1;Rue Danielle Casanova / Rue Hemet;48,91906;2,38712
202300017943;4;7;2023;16:45;1;95;95585;2;1;1;6;JEAN ZAY (RUE);48,9988;2,36914
202300017944;17;11;2023;14:50;1;75;75102;2;2;2;7;BOULEVARD DE SEBASTOPOL;48,865253;2,351976
202300017945;3;8;2023;20:45;1;92;92078;2;9;3;2;MARC SANGNIER (AVENUE);48,92797;2,32628
202300017946;7;8;2023;19:50;1;92;92046;2;2;1;2;GABRIEL PERI;48,81921;2,30284
202300017947;13;3;2023;14:40;1;14;14225;2;2;1;3;28 Rue Salvador Allende;49,28016;-0,09978
202300017948;18;11;2023;00:25;3;94;94068;2;1;2;2;Pont de champigny;48,80978;2,50982
202300017949;8;8;2023;18:35;1;92;92050;2;2;1;1;HOCHE AVENUE;48,90025575;2,20019907
202300017950;19;4;2023;12:40;1;13;13039;1;2;1;3;RN 545;43,43587;4,92516
202300017951;18;11;2023;02:22;5;94;94003;2;1;2;6;Rue Paul Bert;48,80092814;2,32786882
202300017952;9;8;2023;17:59;1;54;54345;1;9;1;2;D112;48,60200589;6,25834465
202300017953;31;3;2023;12:15;1;974;97422;2;1;1;2;Rue Raphael Douyère;-21,218626;55,55258
202300017954;7;8;2023;19:20;1;91;91648;1;6;1;2;D26;48,561301;2,351911
202300017955;3;7;2023;21:55;5;973;97302;2;1;1;4;HEDER (place);4,94006071;-52,3341693
202300017956;4;8;2023;09:30;1;31;31113;2;1;1;6;6 Chemin d'Augustin;43,519607;1,514855
202300017957;18;11;2023;00:40;5;94;94003;2;9;1;3;Avenue de la Convention;48,800877;2,333458
202300017958;4;7;2023;13:40;1;69;69383;2;1;1;3;Cours Gambetta;45,75007;4,85887
202300017959;9;8;2023;08:40;1;10;10412;1;1;1;3;D610;48,312542;4,129701
202300017960;18;11;2023;00:45;5;94;94002;2;1;2;6;Quai Blanqui;48,80831;2,40993
202300017961;9;8;2023;10:35;1;5;5085;1;1;1;7;N94 PK 171+450;44,927362;6,703935
202300017962;4;7;2023;09:40;1;69;69387;2;3;1;2;Rue de l'Epargne;45,74557;4,851
202300017963;31;5;2023;22:15;4;76;76575;1;1;1;3;Boulevard Lénine;49,37903;1,11135
202300017964;9;8;2023;17:45;1;76;76167;1;2;1;1;Route de Montivilliers;49,573328;0,155611
202300017965;18;11;2023;16:00;1;93;93071;2;6;3;1;Avenue Henri Barbusse;48,93404109;2,54226592
202300017966;4;7;2023;05:15;5;972;97213;1;1;2;2;AUTOROUTE A1;14,61295888;-61,0093841
202300017967;31;5;2023;22:30;5;71;71076;2;1;1;6;JUIN (RUE MARECHAL);46,80128;4,86487
202300017968;3;7;2023;13:55;1;972;97213;1;1;2;4;AUTOROUTE A1;14,61551;-61,01419
202300017969;18;11;2023;13:20;1;93;93064;2;1;2;3;Avenue du Général de Gaulle;48,876888;2,480324
202300017970;31;5;2023;22:40;4;69;69282;1;6;2;6;Route d'Azieu;45,75287751;5,01807899