Num_Acc;jour;mois;an;hrmn;lum;dep;com;agg;int;atm;col;adr;lat;long
202300017971;9;8;2023;20:10;1;1;1109;1;1;1;5;RD 984;46,123032;5,899551
202300017972;4;7;2023;13:50;1;972;97209;2;1;1;2;REDOUTE (ROUTE DE LA);14,62903;-61,05591
202300017973;30;5;2023;21:20;5;69;69259;2;1;1;3;Boulevard du Docteur Coblod;45,70256;4,88917
202300017974;18;11;2023;08:20;2;93;93064;2;1;3;1;Avenue du Général de Gaulle;48,88329733;2,47482354
202300017975;10;8;2023;02:37;3;22;22025;1;1;2;1;Kermagotton;48,43439;-3,378822
202300017976;31;5;2023;15:20;1;64;64269;2;1;1;6;COMMANDANT RENE MOUCHOTTE DU;43,30175;-0,31632
202300017977;18;11;2023;16:30;2;93;93032;2;1;3;6;Rue de Maison Rouge;48,89231;2,540697
202300017978;9;8;2023;09:05;1;42;42199;1;2;1;1;Route du Creux de Lan;46,030275;3,958015
202300017979;4;7;2023;20:20;1;69;69382;2;4;1;3;Quai Perrache;45,74536;4,82756
202300017980;30;5;2023;07:55;1;64;64024;2;1;1;2;MONTBRUN (AVENUE DE);43,50377;-1,49667
202300017981;9;8;2023;21:10;5;58;58086;2;1;1;3;Boulevard de la République;47,410454;2,925743
202300017982;31;5;2023;21:27;2;62;62771;2;1;1;6;Rue Edouard Vaillant;50,41973;2,87289
202300017983;4;7;2023;18:10;1;69;69152;2;1;1;3;25 Chemin des Mûriers;45,69504;4,82427
202300017984;10;8;2023;10:25;1;30;30096;1;3;1;3;D980;44,212952;4,491745
202300017985;31;5;2023;06:10;1;62;62548;2;1;1;6;RUE HENRI RAVISSE;50,9411;1,93726
202300017986;17;11;2023;12:00;1;93;93032;2;2;2;3;Avenue de la Passerelle / Rue de Valenciennes;48,86659;2,5623
202300017987;9;8;2023;07:50;1;22;22020;1;1;1;6;D712;48,30611;-2,235675
202300017988;4;7;2023;18:20;1;69;69389;2;1;1;3;4 Rue de la Navigation;45,78747;4,81409
202300017989;7;8;2023;14:45;1;56;56024;1;3;1;3;D17;48,124452;-2,69098
202300017990;31;5;2023;11:50;1;61;61001;2;2;1;2;Pl du 103e Regiment d’Infanterie;48,4272;0,08945
202300017991;23;6;2023;19:00;3;971;97101;2;9;2;6;CHAUFFOUR;16,23029;-61,52032
202300017992;18;11;2023;07:10;5;93;93029;2;1;2;4;Rue de la République;48,92167;2,44451
202300017993;31;5;2023;14:28;1;60;60057;1;1;1;2;Rue du Moulin de Bracheux;49,426499;2,117
202300017994;3;7;2023;14:33;1;971;97101;1;9;1;3;PERRIN (SECTEUR);16,2818;-61,51138
202300017995;8;8;2023;14:11;1;56;56154;1;2;1;3;La Croix des Bois;47,704657;-2,213799
202300017996;18;11;2023;20:30;5;92;92076;2;1;2;7;JARDY;48,83266;2,1531
202300017997;10;8;2023;00:00;3;2A;2A269;1;1;1;6;Route Territoriale 10;41,829026;9,403782
202300017998;31;5;2023;10:40;1;54;54431;2;2;1;6;Avenue Guynemer;48,91671;6,06301
202300017999;4;7;2023;20:15;1;2A;2A004;2;1;1;3;NAPOLEON COURS APRES BEVERINI;41,9308;8,73959
202300018000;18;11;2023;07:35;2;93;93070;2;1;2;6;Rue Pierre Dreyfus;48,90512022;2,32053751
202300018001;10;8;2023;18:40;1;80;80324;2;1;1;6;Rue du Haut;49,943213;1,808804
202300018002;4;7;2023;11:45;1;2A;2A004;2;1;1;3;SARTENE ANCIENNE ROUTE;41,92977;8,76372
202300018003;30;5;2023;17:38;1;54;54184;2;1;1;2;Avenue de Brigachtal;48,70330801;6,22918904
202300018004;9;8;2023;17:45;1;65;65127;1;1;1;4;D817;43,11599;0,319998
202300018005;4;7;2023;17:20;1;91;91477;2;1;1;3;HUIT MAI 1945 (AVENUE DU);48,71257;2,2457
202300018006;31;5;2023;20:56;2;54;54254;2;1;1;6;Rue de la Seine;49,509553;5,808073
202300018007;18;11;2023;22:20;3;2A;2A272;1;1;1;5;RT 40;41,625596;8,957012
202300018008;10;8;2023;07:00;1;33;33540;1;1;1;6;Rue de l?Abbe Banneau;45,349702;-1,042371
202300018009;4;7;2023;09:10;1;91;91201;2;1;1;3;AV DU GENERAL DE GAULLE;48,68642;2,40409
202300018010;18;11;2023;10:10;1;2A;2A065;2;1;1;6;Rue de la République;42,134712;8,596866
202300018011;31;5;2023;07:45;1;45;45302;2;1;1;3;Parc d'Activités des Vallées;47,94287296;1,8948884
202300018012;9;8;2023;20:30;2;33;33506;2;1;1;6;1074 Route de La réole;44,68376;-0,076457
202300018013;3;7;2023;19:00;1;91;91286;2;1;1;6;VLAMINCK (RUE);48,6563;2,39259
202300018014;9;8;2023;23:30;3;33;33404;1;1;1;2;Route départementale 16;44,631238;0,079629
202300018015;18;11;2023;13:50;1;17;17420;1;4;1;3;rue du mississipi RD109;46,10835;-1,051426
202300018016;31;5;2023;09:55;1;44;44109;2;3;1;4;Rue du Chêne Vert;47,23832;-1,5868
202300018017;4;7;2023;14:20;1;91;91326;2;3;2;4;COUR DE FRANCE (AVENUE DE LA);48,68816;2,3715
202300018018;6;8;2023;19:50;1;33;33236;1;3;1;3;D106;44,686497;-1,246321
202300018019;4;7;2023;12:10;1;91;91223;2;1;1;1;SAINT JACQUES (RUE);48,43169;2,1514
202300018020;30;5;2023;09:00;1;44;44109;2;6;1;6;4 Boulevard Léon Jouhaux;47,20953;-1,5959
202300018021;17;11;2023;09:00;1;6;6161;1;4;1;3;Avenue Saint Andrieu;43,647151;7,136446
202300018022;6;8;2023;19:45;1;32;32007;1;1;1;6;Lieu-dit A Miché 2;43,735647;0,978395
202300018023;23;6;2023;11:12;1;87;87085;2;1;1;7;BRIQUET (RUE GEORGES);45,84194;1,23048
202300018024;18;11;2023;17:05;2;5;5093;1;1;1;6;Col de l'échelle R D 1 T;45,02168;6,644277
202300018025;9;8;2023;11:30;1;71;71419;2;3;1;6;9 place du marché;46,752746;5,242651
202300018026;26;5;2023;23:00;5;42;42218;2;2;1;2;Rue des Alliés;45,4395;4,39788
202300018027;3;7;2023;16:33;1;87;87050;1;1;1;1;RN520;45,892801;1,25085354
202300018028;17;11;2023;19:30;2;972;97222;1;2;1;3;N1;14,661994;-60,969636
202300018029;9;8;2023;15:40;1;63;63262;2;2;1;3;Rue des Percèdes/voie romaine;45,703029;3,167308
202300018030;30;5;2023;15:50;1;38;38185;2;1;1;6;RUE LÉON JOUHAUX;45,17581;5,74403
202300018031;1;6;2023;16:50;1;83;83129;2;3;1;6;MER (AVENUE DE LA) N°IMPAIRS;43,10187;5,82219
202300018032;19;11;2023;07:10;3;42;42284;1;1;8;6;N7;46,090555;4,007092
202300018033;9;8;2023;09:45;1;68;68090;2;1;1;7;Rue Xavier Desgrandchamps;47,489665;7,326601
202300018034;27;5;2023;19:00;1;34;34003;1;9;1;6;D612 PR 45+130;43,30446;3,50779
202300018035;9;8;2023;23:40;3;39;39495;1;1;1;6;N/A;46,968779;5,88888
202300018036;4;7;2023;17:40;1;83;83034;2;9;1;3;BOULEVARD DE LA LIBERTÉ;43,09251;6,07699
202300018037;19;11;2023;15:35;1;36;36239;1;1;1;2;N/A;46,46894924;1,49639861
202300018038;31;5;2023;12:55;1;33;33119;2;2;1;3;Rue du Docteur Pierre Masfrand;44,85804;-0,53539
202300018039;9;8;2023;12:43;1;29;29150;2;1;1;3;Rue de Bellevue;47,805552;-3,628665
202300018040;19;11;2023;10:30;1;87;87202;2;1;2;6;55 Route de Saint Junien;45,892695;1,05436
202300018041;3;6;2023;16:45;1;78;78350;2;3;1;6;MONTBUISSON (RUE DE);48,86026;2,12089
202300018042;9;8;2023;10:45;1;29;29020;1;2;1;3;Route de Menez Rouz;48,05297484;-4,05322552
202300018043;31;5;2023;10:20;1;29;29232;2;3;1;3;Boulevard des Frères Maillet;48,00172;-4,09311
202300018044;4;7;2023;13:09;1;78;78498;2;1;1;3;Rue du Port;48,93389;2,03866
202300018045;30;5;2023;19:55;1;28;28218;2;1;1;6;BRUXELLES (RUE DE);48,43;1,44
202300018046;9;8;2023;18:30;1;29;29197;2;1;1;4;Rue de Locquéran;48,01853957;-4,5251441
202300018047;19;11;2023;00:01;4;77;77182;2;1;2;1;D934;48,775758;3,31532
202300018048;31;5;2023;18:40;1;22;22278;1;9;1;6;RN12;48,50803;-2,73672
202300018049;9;8;2023;11:28;1;15;15119;1;1;1;7;RD 21;45,25544;3,177283
202300018050;18;11;2023;18:07;3;56;56177;1;3;2;3;Route de Landaul;47,769626;-3,025939
202300018051;31;5;2023;18:30;1;13;13215;2;1;2;1;LITTORAL (CHEMIN DU);43,33634;5,35339
202300018052;4;7;2023;17:55;1;77;77495;2;1;1;3;EUROPE (AVENUE DE L');48,56594;2,63032
202300018053;8;8;2023;16:30;1;1;1093;1;1;1;3;D936;46,123758;4,950266
202300018054;4;7;2023;20:20;1;77;77284;2;1;1;1;BRIAND (RUE ARISTIDE);48,95586;2,88953
202300018055;9;8;2023;18:30;1;26;26125;1;9;7;6;route d'allex;44,756867;4,95139
202300018056;30;5;2023;11:46;1;11;11069;1;1;1;3; -;43,2363;2,3703
202300018057;19;11;2023;18:10;3;76;76597;1;1;2;4;D149;49,753171;0,889549
202300018058;18;11;2023;21:00;3;79;79172;1;1;2;7;N/A;46,510385;-0,333581
202300018059;9;8;2023;17:45;1;66;66193;1;1;1;2;N/A;42,565702;2,313716
202300018060;30;5;2023;11:00;1;11;11069;2;1;1;2;19 Boulevard Paul Sabatier;43,2159;2,3606
202300018061;3;7;2023;11:35;1;76;76351;2;3;1;6;ACACIAS (DES);49,50899;0,14046
202300018062;29;7;2023;23:35;3;5;5011;1;1;1;7;RD942;44,525693;6,177658
202300018063;28;5;2023;18:00;1;6;6083;2;1;1;1;DELATTRE DE TASSIGNY (ALLEE);43,788;7,493
202300018064;9;8;2023;17:00;1;10;10287;1;1;1;6;D50;48,319834;4,377151
202300018065;15;11;2023;11:00;1;82;82135;1;2;1;3;D930;43,891174;1,432525
202300018066;4;7;2023;23:09;5;74;74305;2;6;1;3;ESPERANCE (RUE DE);46,20066;6,24948
202300018067;10;8;2023;02:45;3;7;7191;1;6;1;7;Chemin de Chateau Reynard;44,596545;4,715624
202300018068;30;5;2023;19:00;1;6;6069;2;1;1;1;VICTOR HUGO  (BD);43,653994;6,918878
202300018069;4;7;2023;14:00;1;74;74012;2;1;1;3;GENEVE (RUE DE);46,192806;6,229582
202300018070;18;11;2023;11:10;1;65;65183;2;1;1;1;Rue de Hount Hérède;43,231263;0,417239
202300018071;10;8;2023;18:15;1;53;53269;1;1;7;7;D102;48,323868;-0,855319
202300018072;31;5;2023;11:47;1;6;6029;2;1;1;6;TONNER (AVENUE FRANCIS);43,54993;6,96569
202300018073;26;6;2023;14:00;1;73;73065;2;1;1;6;HOUILLE BLANCHE (AVENUE DE LA);45,58377;5,89367
202300018074;9;8;2023;19:30;1;53;53084;1;1;1;6;RD 771;47,835305;-0,983008
202300018075;18;11;2023;23:00;5;11;11116;1;1;1;2;D413;43,260456;3,008254
202300018076;9;8;2023;10:14;1;4;4209;2;9;1;6;Avenue du Stade;44,182962;5,946763
202300018077;23;6;2023;07:50;1;70;70550;2;3;1;3;MONTOILLOTTE (CHEMIN DE LA);47,63435;6,14166
202300018078;31;5;2023;17:36;1;75;75106;2;3;1;4;RUE DE SEVRES;48,851879;2,328631
202300018079;18;11;2023;15:20;1;89;89482;1;1;2;1;D965;47,817578;3,908944
202300018080;10;8;2023;09:12;1;4;4140;1;1;1;7;D946;44,172994;5,625386
202300018081;19;11;2023;03:20;3;89;89344;2;1;2;6;D965;47,69939;3,173163
202300018082;6;8;2023;06:20;2;4;4219;1;1;1;6;D908;44,110638;6,578965
202300018083;4;7;2023;13:33;1;69;69259;2;2;1;3;Boulevard Marcel Sembat;45,71433;4,87929
202300018084;31;5;2023;01:40;5;75;75106;2;3;1;3;AVENUE DE L OBSERVATOIRE;48,842522;2,337492
202300018085;6;8;2023;16:00;1;85;85172;2;1;1;2;RD753;46,820341;-1,986278
202300018086;19;11;2023;01:55;3;63;63178;1;1;1;6;D 996 Route de Parentignat;45,543193;3,275127
202300018087;4;7;2023;10:30;1;69;69199;2;3;1;3;Avenue Jean Jaurès;45,7145;4,8548
202300018088;30;5;2023;20:50;1;75;75105;2;2;1;1;QUAI DE LA TOURNELLE;48,849958;2,354884
202300018089;10;8;2023;12:00;1;37;37046;1;1;1;6;D511;47,228851;1,158639
202300018090;4;7;2023;07:50;1;67;67482;2;1;1;6;ZURICH (RUE DE);48,58057;7,75641
202300018091;10;8;2023;10:45;1;68;68375;2;1;1;2;Rue d'Ensisheim;47,809712;7,240779
202300018092;10;8;2023;10:18;1;77;77099;1;1;1;6;Autoroute A77 PK 009.100;48,148694;2,749672
202300018093;3;7;2023;20:30;2;67;67482;2;1;1;6;FEDERATION (ROUTE DE LA);48,563855;7,742069
202300018094;30;5;2023;20:00;1;75;75119;2;2;1;2;BOULEVARD SERURIER;48,880126;2,398559
202300018095;18;11;2023;17:37;2;86;86039;1;1;1;1;voie communale;46,240522;0,163137
202300018096;9;8;2023;23:45;3;13;13091;1;1;1;6;D7n;43,60125377;5,34450393
202300018097;23;6;2023;17:40;1;67;67462;2;1;1;6;COLMAR (ROUTE DE);48,25256;7,43937
202300018098;19;11;2023;14:00;1;29;29272;1;1;1;6;Croissant Kerleanou;47,956562;-3,888307
202300018099;31;5;2023;11:10;1;75;75117;2;7;1;3;BOULEVARD MALESHERBES;48,883353;2,309513
202300018100;9;8;2023;14:44;1;40;40295;1;9;1;4;A63 BPV;44,346885;-0,860345
202300018101;4;7;2023;19:45;1;64;64445;2;1;1;2;TOURASSE;43,311;-0,35082
202300018102;19;11;2023;13:20;1;2;2543;2;1;1;6;13 Avenue de la Gare;49,178109;3,263224
202300018103;31;5;2023;16:30;1;75;75116;2;7;1;3;AVENUE VICTOR HUGO;48,869541;2,28503
202300018104;9;8;2023;18:25;1;1;1373;1;1;1;6;AUTOROUTE A40 PK 121+100 vers Genève;46,130586;5,595405
202300018105;4;7;2023;14:00;1;64;64445;1;9;1;3;LOUIS SALLENAVE;43,31726;-0,36028
202300018106;18;11;2023;01:45;5;84;84070;2;1;1;6;19 Chemin de Saint-félix;44,018629;5,15936
202300018107;8;8;2023;15:10;1;6;6152;1;6;1;2;Route du Parc;43,616598;7,038247
202300018108;2;7;2023;21:55;1;64;64024;2;1;1;7;BAYONNE (AVENUE DE);43,480559;-1,514037
202300018109;31;5;2023;10:48;1;75;75115;2;7;1;3;ROND POINT DU PONT MIRABEAU;48,846082;2,276972
202300018110;10;8;2023;06:30;2;27;27390;1;1;1;7;RN 154 PK 007.200;48,837831;1,182532
202300018111;3;7;2023;02:55;5;64;64102;2;1;1;2;SAINT BERNARD (CHEMIN DE);43,507447;-1,487269
202300018112;19;11;2023;18:28;3;66;66085;2;2;1;3;N/A;42,55615727;2,36388445
202300018113;31;5;2023;08:10;1;75;75115;2;3;1;6;RUE LECOURBE;48,838766;2,290202
202300018114;10;8;2023;18:35;1;27;27188;1;1;1;2;A13 pk 106.000;49,299144;1,120133
202300018115;19;11;2023;10:30;1;54;54533;2;4;1;6;20 Rue d’Alsace;49,32641563;5,92186689
202300018116;31;5;2023;11:40;1;75;75114;2;3;1;6;RUE DU MONTPARNASSE;48,842985;2,326324
202300018117;4;7;2023;10:19;1;63;63014;2;9;1;3;ROUSSILLON (AVENUE DU);45,75552;3,12925
202300018118;10;8;2023;07:50;1;78;78009;1;1;1;2;autoroute A10, PK32, sens Paris / province, commune de ALLAINVILLE 78660;48,484003;1,912965
202300018119;17;11;2023;14:30;1;72;72367;2;1;1;6;10 rue de la juiverie;47,962385;-0,075121
202300018120;30;5;2023;14:40;1;75;75114;2;1;1;6;BOULEVARD BRUNE;48,827389;2,307173
202300018121;5;8;2023;15:45;1;66;66008;2;6;1;6;N/A;42,550997;3,046829
202300018122;4;7;2023;08:30;1;59;59350;2;9;1;3;FLUVIAL PORT;50,62258;3,02823
202300018123;18;11;2023;11:35;1;6;6059;1;1;1;1;M45 - Route de la Turbie;43,729088;7,367352
202300018124;9;8;2023;20:00;1;34;34189;2;6;1;3;Route de BEZIERS;43,283758;2,736293
202300018125;2;7;2023;02:10;5;59;59345;2;1;1;6;DERVEAUX (RUE FAMILLE);50,33998;3,17544
202300018126;31;5;2023;22:10;5;75;75113;2;3;1;6;RUE DE TOLBIAC;48,828476;2,372929
202300018127;5;8;2023;23:52;5;13;13041;2;1;1;1;Avenue de Nice;43,460684;5,480456
202300018128;4;7;2023;08:40;1;58;58194;2;1;1;2;PONT DE LOIRE;46,98314;3,15922
202300018129;19;11;2023;00:05;5;6;6038;2;1;1;1;Route de Nice;43,678957;6,973658
202300018130;31;5;2023;00:20;5;75;75113;2;2;1;1;AVENUE DE LA PORTE D ITALIE;48,81887;2,359546
202300018131;9;8;2023;17:30;1;68;68344;1;1;1;7;Col de Bussang (Col de montagne);47,889273;6,899452
202300018132;19;11;2023;16:45;2;50;50417;1;1;2;7;La Poule;49,578984;-1,353722
202300018133;3;7;2023;10:00;1;57;57672;1;1;1;6;ALBERT 1ER (AVENUE) - IMPAIR;49,36013;6,17087
202300018134;30;5;2023;09:15;1;75;75113;2;3;1;3;BOULEVARD VINCENT AURIOL;48,831703;2,357934
202300018135;9;8;2023;10:56;1;88;88261;2;2;1;1;Chemin des Aulnes;48,202241;6,690003
202300018136;4;7;2023;08:30;1;51;51454;2;3;1;3;DE LATTRE DE TASSIGNY (BOULEVARD);49,2561;4,0616
202300018137;31;5;2023;11:40;1;75;75112;2;1;1;6;ROUTE DE LA PYRAMIDE;48,838432;2,439025
202300018138;19;11;2023;12:37;1;10;10254;1;2;1;3;D76;48,58384;3,516623
202300018139;9;8;2023;16:10;1;73;73132;1;1;1;6;D70 Route des traverses;45,750936;6,591432
202300018140;29;5;2023;01:15;5;51;51454;2;1;1;7;ROUBAIX (RUE DE);49,23518;4,02406
202300018141;5;8;2023;14:15;1;69;69143;2;3;1;3;46 Avenue Auguste Wissel;45,883929;4,849166
202300018142;31;5;2023;10:07;1;75;75112;2;3;1;3;RUE DE BERCY;48,842091;2,376396
202300018143;19;11;2023;11:00;1;21;21003;1;1;1;2;D 107 A;47,383049;5,025124
202300018144;3;7;2023;19:45;1;50;50129;1;1;1;1;AMFREVILLE (RUE D');49,647;-1,73589
202300018145;10;8;2023;17:30;1;69;69116;1;1;1;3;Route Départementale 306;45,824269;4,763775
202300018146;19;11;2023;10:30;1;40;40007;1;1;1;6;2212 Route du Luy de France;43,59719428;-0,62499762
202300018147;31;5;2023;08:40;1;75;75112;2;3;1;2;AVENUE DAUMESNIL;48,837521;2,42533
202300018148;2;7;2023;18:10;1;50;50129;2;3;1;3;LECLERC (RUE DU GENERAL);49,6404;-1,5977
202300018149;18;11;2023;10:45;1;40;40131;1;1;1;7;d626;43,97675;-0,208724
202300018150;9;8;2023;15:25;1;49;49298;2;3;1;3;Rue Yves Chauvin (Saint-Léger-des-Bois);47,46916;-0,695432
202300018151;3;7;2023;18:49;1;49;49007;2;1;1;6;PIGNEROLLES;47,46877;-0,56067
202300018152;31;5;2023;18:32;1;75;75111;2;2;1;6;AVENUE DE LA REPUBLIQUE;48,864615;2,378013
202300018153;16;11;2023;17:46;2;17;17326;1;1;1;1;Route de Saint Maigrin;45,493894;-0,296556
202300018154;4;7;2023;05:04;3;47;47323;1;1;1;6;RIOU DE METGE;44,4082;0,70725
202300018155;9;8;2023;22:15;5;44;44026;2;3;1;3;122 Route de Paris;47,26598552;-1,48770601
202300018156;31;5;2023;17:30;1;75;75111;2;3;1;3;RUE DE LA FONTAINE AU ROI;48,86812;2,372411
202300018157;4;7;2023;02:45;3;46;46042;2;4;1;6;ORMEAUX (COTE DES);44,45998;1,43162
202300018158;10;8;2023;02:45;3;14;14066;2;1;1;6;route de Courseulles;49,32944;-0,434588
202300018159;18;11;2023;14:51;1;37;37098;1;2;8;1;D910;47,05116783;0,613904
202300018160;4;7;2023;18:25;1;44;44184;2;2;1;3;44bis Rue du Commandant Gâté;47,2757049;-2,2215141
202300018161;9;8;2023;13:20;1;22;22277;1;1;1;1;Le Moulin Neuf;48,409164;-2,862958
202300018162;28;5;2023;19:20;1;75;75108;2;3;1;6;COURS LA REINE;48,865071;2,315569
202300018163;9;8;2023;22:00;2;22;22186;2;1;1;1;Rue Clémenceau;48,586633;-2,544215
202300018164;3;7;2023;16:00;1;42;42044;2;4;1;2;Place Jean Jaurès;45,39613;4,32457
202300018165;10;8;2023;17:00;1;76;76684;1;1;1;6;D39;49,486995;0,463325
202300018166;2;7;2023;14:45;1;41;41018;1;1;1;7;PINGRES (CHEMIN DES);47,5807;1,35083
202300018167;31;5;2023;18:40;1;75;75114;2;3;1;2;place de mazagran;48,816112;2,343916
202300018168;19;11;2023;19:05;3;13;13091;2;1;1;6;Chemin du Val Dernier;43,626811;5,295941
202300018169;3;7;2023;10:20;1;37;37214;2;1;8;6;PORTILLON (RUE);47,40621;0,6794
202300018170;31;5;2023;10:10;1;75;75114;2;1;1;6;RUE D ALESIA;48,828233;2,32561
202300018171;9;8;2023;12:10;1;33;33063;1;1;1;6;ROCADE A 630;44,8839009;-0,55809259
202300018172;19;11;2023;06:45;4;13;13037;2;1;1;3;Avenue du Général de Gaulle;43,550562;5,213603
202300018173;4;7;2023;20:04;1;35;35051;2;1;1;2;VALETTE (ROUTE DE LA);48,11661;-1,59343
202300018174;31;5;2023;15:50;1;75;75104;2;2;1;3;BOULEVARD BEAUMARCHAIS;48,855823;2,368484
202300018175;18;11;2023;13:35;1;6;6088;1;1;1;7;Autoroute A8 Péage Saint-Isidore;43,699956;7,188296
202300018176;4;7;2023;17:05;1;35;35238;1;1;2;2;ROCADE 6-7;48,11875;-1,719952
202300018177;8;8;2023;12:10;1;33;33096;1;1;1;2;AUTOROUTE A 10;44,89118802;-0,50207734
202300018178;31;5;2023;09:40;1;94;94081;2;3;7;3;Av du President Salvador Allende / Rue de Seine;48,795565;2,406884
202300018179;29;6;2023;12:07;1;35;35150;2;9;2;3;PARC (LE) LIEUX-DITS;48,35145;-1,2265
202300018180;18;11;2023;05:28;3;34;34135;1;1;1;2;A9;43,275341;3,18286
202300018181;8;8;2023;09:40;1;33;33122;1;1;1;4;AUTOROUTE A 63;44,75293;-0,69114
202300018182;31;5;2023;16:30;1;94;94078;2;1;1;3;30 Place Pierre Semard;48,7297;2,44694
202300018183;4;7;2023;22:31;5;33;33039;2;1;1;2;Route de Toulouse;44,78466;-0,56618
202300018184;31;5;2023;14:30;1;94;94078;2;1;1;6;Rue des Vignes;48,731848;2,450854
202300018185;8;8;2023;23:55;4;91;91689;1;1;1;3;AUTOROUTE A6B;48,74192;2,32013
202300018186;17;11;2023;19:15;3;13;13051;1;1;1;2;Autoroute A7 PK 240+200;43,591636;5,181631
202300018187;3;7;2023;13:00;1;30;30189;2;1;1;2;N/A;43,8878609;4,29623938
202300018188;30;5;2023;17:42;1;94;94078;2;1;1;6;Rue Jean-jacques Rousseau;48,74792503;2,45064412
202300018189;9;8;2023;01:15;5;92;92050;1;1;1;6;A86;48,90255581;2,20307529
202300018190;18;11;2023;17:10;3;45;45094;1;1;2;6;A6 PR 92 + 500;48,149834;2,90197
202300018191;9;8;2023;14:30;1;95;95527;1;1;1;6;A1;49,00052596;2,52228228
202300018192;31;5;2023;09:00;1;94;94015;2;1;1;6;16 Rue de Cherbourg;48,843158;2,523668
202300018193;3;7;2023;07:20;1;29;29019;2;3;1;6;route des Quatre Pompes;48,374989;-4,531698
202300018194;25;10;2023;13:53;1;77;77168;1;1;3;6;Autoroute A6, PK 92+450, sens  Courtenay vers Paris;48,171953;2,86078
202300018195;9;8;2023;06:30;2;93;93066;1;1;1;3;AUTOROUTE A86;48,92465;2,3407
202300018196;30;5;2023;23:30;5;94;94041;2;2;1;3;56 Bd Paul Vaillant Couturier;48,81809968;2,39792785
202300018197;4;7;2023;15:20;1;26;26362;2;1;1;3;Avenue de Romans;44,93549;4,90948
202300018198;18;11;2023;23:20;3;95;95002;1;1;2;2;D28;49,078284;1,97344
202300018199;18;11;2023;01:10;3;95;95141;1;1;2;6;D14G3;49,144605;1,803346
202300018200;28;5;2023;17:00;1;83;83100;1;1;1;6;Route de Pierrefeu;43,274999;6,14802
202300018201;30;5;2023;18:25;1;94;94041;2;1;1;3;Avenue Jean Jaurès;48,81058;2,403432
202300018202;4;7;2023;09:35;1;25;25056;2;2;1;3;boulevard léon blum;47,25786;6,0227
202300018203;18;11;2023;19:50;3;78;78366;1;1;2;6;Chemin du Moulin de l'Hirondelle (Pont);48,787209;1,847793
202300018204;30;5;2023;02:37;5;94;94041;2;2;1;3;Rue Pierre et Marie Curie;48,81527069;2,37561509
202300018205;3;7;2023;15:18;1;15;15012;2;1;1;7;24 Rue du Four à Chaux;44,90382;2,47096
202300018206;19;11;2023;10:35;1;84;84068;1;1;1;3;D943;43,787826;5,347767
202300018207;26;5;2023;17:45;1;83;83069;2;1;1;5;PIERREFEU (ROUTE DE) RD 12;43,160685;6,125609
202300018208;29;5;2023;09:10;1;94;94033;2;2;1;6;Place Moreau-david;48,84371204;2,46584339
202300018209;4;7;2023;19:45;1;14;14079;2;2;2;2;7 Avenue Michel d'Ornano;49,340495;0,032179
202300018210;8;8;2023;12:15;1;85;85191;2;1;1;6;RD763;46,676546;-1,429701
202300018211;31;5;2023;14:00;1;94;94028;2;1;1;2;Avenue des Compagnons de la Libération;48,77755957;2,45750796
202300018212;4;7;2023;08:40;1;13;13106;2;1;1;6;DOCTEUR EDOUARD SAUZE (AVENUE DU);43,40625;5,36168
202300018213;8;8;2023;22:15;5;69;69264;2;5;1;6;Boulevard Jean Jaures;45,986979;4,714771
202300018214;19;11;2023;12:30;1;83;83077;1;1;1;3;Route de Brignoles;43,297409;5,983461
202300018215;31;5;2023;15:40;1;94;94017;2;2;1;6;20 Rue Louis Talamoni;48,8133025;2,51125279
202300018216;4;7;2023;06:00;1;13;13117;2;1;1;1;ZI ESTROUBLANS RN 113;43,44353;5,24213
202300018217;31;5;2023;17:15;1;94;94017;2;1;1;6;527 Avenue Maurice Thorez;48,81322747;2,53704069
202300018218;8;8;2023;19:05;1;92;92025;2;2;1;3;MOSLARD 1 A 95   2 A 100 (RUE);48,91274183;2,23938525
202300018219;4;7;2023;20:25;2;13;13001;2;2;1;3;BOREL GILLES (CH);43,51791;5,45927
202300018220;31;5;2023;09:00;1;94;94071;2;1;1;6;Avenue Georges Pompidou;48,771325;2,5237
202300018221;21;5;2023;21:00;1;74;74281;1;1;7;6;VISITATION (ROUTE DE LA);46,34575;6,4543
202300018222;4;7;2023;19:36;1;10;10325;2;6;2;3;ROCADE OUEST (RD 610);48,2679;4,062
202300018223;31;5;2023;06:25;1;94;94075;2;1;1;3;Av du Mal de Lattre de Tassigny;48,72768;2,530454
202300018224;8;8;2023;13:25;1;974;97405;1;1;1;2;RN2 (1);-21,36193;55,53841
202300018225;3;7;2023;17:45;1;10;10081;2;3;1;3;JEAN MERMOZ (RUE);48,311774;4,036672
202300018226;7;8;2023;15:55;1;974;97416;1;1;1;7;ISAUTIER (AVENUE CHARLES);-21,31549;55,45159
202300018227;31;5;2023;14:00;1;93;93078;2;1;1;4;22 Route de Tremblay;48,966764;2,542174
202300018228;18;11;2023;16:45;2;42;42147;2;1;1;3;Avenue de la Libération;45,602553;4,069874
202300018229;24;6;2023;12:00;1;7;7186;2;3;1;3;HUGO (PLACE VICTOR);44,73508;4,59624
202300018230;7;8;2023;16:40;1;974;97416;1;1;1;5;RN3 (1);-21,30682;55,42998