Num_Acc;jour;mois;an;hrmn;lum;dep;com;agg;int;atm;col;adr;lat;long
202300018231;31;5;2023;00:10;5;93;93073;2;3;1;3;Treizieme Avenue / Onzieme Avenu;48,96366;2,57224
202300018232;6;8;2023;00:05;5;973;97302;2;1;1;7;EUGENE GOBERT(RUE);4,93158029;-52,33270749
202300018233;4;7;2023;13:10;1;6;6004;2;3;1;3;NICE(RN.7) AV.ET RTE DE;43,596259;7,12004
202300018234;17;11;2023;18:40;5;38;38474;2;1;2;3;Avenue de Romans;45,199129;5,670305
202300018235;31;5;2023;14:45;1;93;93064;2;1;1;2;Boulevard Gabriel Péri;48,87882668;2,472233
202300018236;8;8;2023;14:05;1;69;69388;2;1;1;2;Avenue Viviani;45,72588951;4,86640523
202300018237;3;7;2023;21:35;1;3;3101;1;1;1;6;route de Chateauroux;46,40117;2,53226
202300018238;31;5;2023;16:49;1;93;93051;2;1;1;3;Avenue Montaigne;48,84481;2,53896
202300018239;18;11;2023;23:45;3;69;69255;2;1;1;1;29 Rue de Lyon;45,734033;4,664697
202300018240;8;8;2023;12:45;1;69;69383;2;1;1;6;Cours Richard Vitton;45,75413431;4,88530608
202300018241;4;7;2023;16:50;1;75;75120;2;1;1;2;BD PERIPHERIQUE EXTERIEUR;48,848263;2,414947
202300018242;31;5;2023;09:15;1;93;93048;2;2;1;3;Boulevard de la Boissière / Boulevard Aristide Briand;48,87803407;2,45746002
202300018243;19;11;2023;11:15;1;81;81182;1;1;1;7;Chemin de la Coste;43,732654;2,324252
202300018244;7;8;2023;09:10;1;972;97209;2;1;1;3;CHATEAUBOEUF (ROUTE DE);14,61875;-61,04498
202300018245;18;11;2023;13:30;1;65;65059;2;1;1;7;RD 938 route de Toulouse;43,07593;0,158835
202300018246;6;8;2023;22:00;5;69;69381;2;1;1;7;Tunnel de la Croix-Rousse;45,77356302;4,82532935
202300018247;31;5;2023;13:30;1;93;93046;2;3;1;3;Allée de Penthièvre / Avenue Liégeard;48,92632142;2,52579476
202300018248;19;11;2023;00:20;3;9;9210;1;1;1;6;Montoulieu;42,908443;1,638422
202300018249;8;8;2023;16:50;1;971;97113;1;1;1;3;RN4 - SECTION RIVIERA;16,21754;-61,49419
202300018250;19;11;2023;21:10;3;87;87167;1;1;5;6;D56a;45,901059;1,464357
202300018251;28;5;2023;14:28;1;93;93031;2;2;1;6;Avenue de Lattre de Tassigny;48,95963;2,30432
202300018252;8;8;2023;12:10;1;2A;2A004;2;1;1;6;ROSSINI PASCAL BD;41,91621;8,73124
202300018253;19;11;2023;04:40;3;16;16236;1;1;1;6;D12;45,581893;0,129025
202300018254;31;5;2023;08:15;1;93;93014;2;1;1;4;Boulevard Gagarine;48,90580425;2,53963902
202300018255;31;5;2023;19:55;1;93;93010;2;1;1;6;Avenue Henri Varagnat;48,91514241;2,48404662
202300018256;4;8;2023;09:10;1;87;87085;2;1;2;2;BROGLIE (AVENUE LOUIS DE);45,88209559;1,29009604
202300018257;19;11;2023;17:15;1;22;22162;1;3;1;6;Chemin de Kerbiguet;48,766081;-3,100845
202300018258;19;11;2023;14:15;1;76;76743;2;1;8;6;2743 Route de Duclair;49,527559;0,930405
202300018259;30;5;2023;19:40;1;93;93007;2;3;1;3;Avenue Descartes / Avenue des Cosmonautes;48,95019;2,45463
202300018260;7;8;2023;09:59;1;86;86194;2;2;1;1;Avenue de Nantes;46,58561;0,3332
202300018261;5;8;2023;09:10;1;84;84007;1;1;1;2;ROGNONAS (PONT DE);43,91567;4,80878
202300018262;31;5;2023;15:00;1;92;92051;2;1;1;6;YBRY (RUE);48,88760889;2,26026803
202300018263;31;5;2023;10:20;1;92;92051;2;9;1;6;SABLONS (BOULEVARD DES);48,8795;2,27114
202300018264;7;8;2023;19:40;1;83;83129;2;1;1;7;JUIN MARECHAL (AV DU);43,096149;5,849067
202300018265;17;11;2023;19:11;5;83;83144;1;1;1;2;A57;43,1342081;5,98745607
202300018266;30;5;2023;21:21;1;92;92020;2;3;1;7;GAY-LUSSAC RUE N° PAIRS;48,80639542;2,27671668
202300018267;18;11;2023;00:55;3;33;33075;1;1;1;6;ROCADE A 630;44,88779288;-0,5796361
202300018268;4;8;2023;17:45;1;80;80021;2;2;1;3;MARECHAL DE LATTRE DE TASSIGNY (RUE DU);49,89024;2,29084
202300018269;31;5;2023;16:20;1;92;92026;2;9;1;1;MISSION MARCHAND (COTE PAIR);48,89979643;2,23996568
202300018270;18;11;2023;18:10;3;91;91347;1;1;2;6;RN 104;48,62286;2,28921
202300018271;18;11;2023;12:20;1;91;91228;1;1;2;7;RN 449;48,63433;2,40608
202300018272;31;5;2023;07:50;1;92;92032;2;1;1;6;DOLIVET J ET M (AVENUE);48,79143618;2,28954166
202300018273;31;5;2023;19:35;1;92;92012;2;1;1;3;POINT DU JOUR (QUAI DU);48,8325419;2,2597973
202300018274;18;11;2023;14:28;1;92;92002;1;1;3;2;AUTOROUTE A10;48,73048853;2,30839062
202300018275;7;8;2023;19:55;1;78;78238;1;6;1;3;RENAULT (ROUTE DE);48,96976;1,86408
202300018276;18;11;2023;09:04;1;91;91659;1;1;3;7;AUTOROUTE A6;48,57865;2,46318
202300018277;6;8;2023;00:25;3;77;77514;1;1;3;6;ROUTE NATIONALE 3;48,93546;2,61318
202300018278;31;5;2023;20:30;1;92;92012;1;2;1;3;PAUL BERT (RUE);48,83475953;2,23945946
202300018279;7;8;2023;11:00;1;76;76351;2;3;1;3;LOUIS LUMIERE;49,52703;0,13002
202300018280;18;11;2023;03:45;3;91;91661;1;1;2;5;AUTOROUTE A10;48,69787;2,24088
202300018281;31;5;2023;09:25;1;92;92012;2;1;1;2;POINT DU JOUR (QUAI DU);48,82505;2,24877
202300018282;30;5;2023;22:45;2;92;92004;2;1;1;7;BRETAGNE ( RUE DE );48,90490374;2,28338465
202300018283;8;8;2023;09:45;1;72;72181;2;1;1;6;GAULLE GENERAL DE (AV DU);48,0041;0,20122
202300018284;17;11;2023;15:20;1;91;91521;1;1;1;2;AUTOROUTE A6;48,632;2,406
202300018285;30;5;2023;16:44;1;92;92004;2;1;1;6;PIERRE BOUDOU;48,91380641;2,30160624
202300018286;8;8;2023;12:55;1;69;69275;2;2;1;3;Avenue Jean Jaurès;45,7716;4,96795
202300018287;17;11;2023;20:20;3;78;78291;1;1;3;2;A13;48,970257;1,734698
202300018288;8;8;2023;18:52;1;64;64102;1;9;1;6;PHILIPPE VEYRIN (RUE);43,49611;-1,48613
202300018289;8;8;2023;03:54;5;64;64102;2;1;1;7;ARITXAGUE (BD D');43,48442;-1,49038
202300018290;1;6;2023;16:00;1;83;83136;1;3;1;2;RD 562;43,485369;6,216615
202300018291;18;11;2023;01:49;3;78;78206;1;1;1;2;A13;48,95474;1,93843
202300018292;7;8;2023;13:25;1;64;64102;2;1;1;1;NAVARRE (AVENUE HENRI DE);43,49858;-1,44769
202300018293;18;11;2023;16:25;1;95;95582;1;1;2;6;A15;48,96602;2,25752
202300018294;28;5;2023;17:47;1;57;57664;1;1;7;3;D199f;48,778468;6,755143
202300018295;18;11;2023;10:00;1;92;92050;1;1;2;7;AUTOROUTE A86;48,91165005;2,2168204
202300018296;7;8;2023;10:50;2;64;64102;2;1;1;2;LABOURD (PONT DU);43,48603;-1,47441
202300018297;31;5;2023;10:15;1;974;97422;2;1;1;6;Rue Bazeilles;-21,282217;55,517108
202300018298;7;8;2023;17:00;1;63;63014;1;1;1;6;N/A;45,74339014;3,13852787
202300018299;18;11;2023;05:40;3;93;93007;1;1;2;2;AUTOROUTE A1;48,94617059;2,44137667
202300018300;31;5;2023;15:40;1;85;85109;2;1;1;3;Avenue Charles de Gaulle;46,860917;-1,019669
202300018301;8;8;2023;10:15;1;59;59343;2;8;1;3;FAIDHERBE RUE;50,59106;3,11786
202300018302;18;11;2023;00:30;5;93;93048;1;1;1;3;AUTOROUTE A3;48,87291;2,43567
202300018303;7;8;2023;16:20;1;59;59350;2;1;1;2;NATIONALE RUE N°2 - 178B-1 - 171;50,63343;3,05406
202300018304;29;5;2023;13:30;1;51;51621;1;1;1;7;rd 67;49,202738;4,973695
202300018305;17;11;2023;10:00;1;95;95500;1;1;1;2;A15;49,03791015;2,08944082
202300018306;1;6;2023;19:45;1;62;62268;2;1;1;6;Rue de la Gare;50,668015;1,840124
202300018307;8;8;2023;01:23;3;56;56107;2;6;1;3;MINIO (GIRATOIRE DU);47,71782;-3,38392
202300018308;30;5;2023;14:30;1;19;19010;1;9;1;6;Route de Saint Privat;45,09436138;1,94940518
202300018309;18;11;2023;11:20;1;94;94017;1;1;1;4;A4;48,82665078;2,51617424
202300018310;31;5;2023;14:15;1;76;76744;2;2;1;3;Rue du Caud Soleil;49,834287;1,568298
202300018311;14;11;2023;16:45;1;974;97416;2;1;1;3;LIGNE PARADIS(ROUTE DE LA);-21,3162;55,478
202300018312;31;5;2023;16:05;1;69;69103;2;1;1;1;Route de Jullie;46,23112321;4,7128178
202300018313;17;11;2023;06:50;1;974;97416;1;1;2;7;MAURICE THOREZ(CHEMIN);-21,26528;55,47983
202300018314;1;6;2023;18:45;1;63;63469;1;1;1;7;D311;45,768545;3,646581
202300018315;17;11;2023;21:10;5;974;97407;2;1;1;3;VERGES(AVENUE);-20,9399;55,3064
202300018316;1;6;2023;15:55;1;63;63097;1;1;1;7;route départementale 23;45,48749079;3,07432652
202300018317;13;3;2023;19:55;5;67;67482;2;2;3;6;JEAN GIRAUDOUX (RUE);48,58717431;7,7008608
202300018318;16;11;2023;22:10;5;973;97302;2;2;1;3;BRASSE (LIEUTENANT);4,93614;-52,33358
202300018319;31;5;2023;14:10;1;42;42234;1;1;1;1;Route de l'Etrat;45,510933;4,384237
202300018320;1;6;2023;20:50;2;46;46028;2;1;1;6;Route de Vayrac;44,944571;1,730473
202300018321;29;5;2023;11:50;1;41;41242;2;6;1;7;Allée de la Gravouille;47,273325;1,557592
202300018322;17;11;2023;01:40;5;69;69386;2;1;1;2;Avenue de Grande-Bretagne;45,77385;4,84183
202300018323;14;3;2023;20:20;5;973;97302;2;3;1;3;VOLTAIRE(AVENUE);4,94371776;-52,32272279
202300018324;31;5;2023;19:30;1;39;39475;2;1;1;7;1 Rue Lamartine;46,438175;5,343904
202300018325;17;11;2023;07:15;2;69;69034;2;1;2;3;45 Quai Clemenceau;45,79538865;4,82955872
202300018326;14;3;2023;12:31;1;973;97302;2;2;1;3;BADUEL (ROUTE DE);4,92844;-52,29349
202300018327;14;3;2023;17:50;1;69;69386;2;1;1;6;45 Boulevard des Belges;45,77371;4,85115
202300018328;17;11;2023;07:30;1;971;97113;1;9;1;3;SECTEUR DAMPIERRE;16,20895;-61,47086
202300018329;3;5;2023;18:20;1;35;35069;2;3;1;3;Rue du Stade Ossé;48,056215;-1,450158
202300018330;10;3;2023;13:30;1;972;97209;2;1;1;6;VICTOR SEVERE (RUE);14,60562;-61,06914
202300018331;31;5;2023;16:20;1;2;2339;1;1;1;6;;49,098462;3,189208
202300018332;17;11;2023;19:05;5;95;95585;2;1;2;3;GARGES (ROUTE DE);48,989464;2,377097
202300018333;14;3;2023;15:20;1;95;95598;2;2;2;3;Avenue Kellermann;48,98146;2,292589
202300018334;31;5;2023;12:10;1;66;66149;2;1;1;1;;42,622764;2,442012
202300018335;17;11;2023;18:40;5;95;95280;2;6;1;6;ROGER SALENGRO ( BOULEVARD);49,03226905;2,47394085
202300018336;6;3;2023;13:50;1;95;95306;2;8;1;6;PORT AUX VINS (RUE DU);48,98758072;2,16671795
202300018337;31;5;2023;18:20;1;66;66214;2;1;1;1;;42,539082;2,846296
202300018338;14;3;2023;17:35;1;95;95063;2;1;1;3;RUE EMILE ZOLA;48,92383;2,20685
202300018339;17;11;2023;10:50;1;91;91345;2;2;1;3;RUE MAURICE;48,69344;2,29139
202300018340;31;5;2023;17:10;1;6;6079;2;6;1;3;Rond-Point de la Canardière (Arrêt de bus);43,550333;6,946553
202300018341;14;3;2023;16:50;1;91;91027;2;2;2;3;AV FRANCOIS MITTERRAND;48,705924;2,371725
202300018342;16;11;2023;08:57;1;91;91174;2;7;3;6;RUE FERAY;48,60493;2,46787
202300018343;1;6;2023;15:20;1;60;60156;2;1;1;3;68 rue de la république;49,44203656;2,86105112
202300018344;11;3;2023;12:47;1;87;87085;2;2;2;1;CARNOT (BOULEVARD);45,83296;1,25894
202300018345;17;11;2023;11:05;1;91;91223;2;1;1;1;RD 191;48,43315;2,17881
202300018346;10;3;2023;18:43;1;87;87085;2;1;2;3;LATTRE-DE-TASSIGNY (AVENUE DU MARECHAL);45,826996;1,285558
202300018347;1;6;2023;16:20;1;73;73246;1;1;1;2;D1006;45,47046272;5,81861019
202300018348;16;11;2023;09:19;1;87;87085;2;3;3;3;FURTH( RUE DE);45,81928;1,2231
202300018349;31;5;2023;12:30;1;16;16312;1;2;7;3;D939;45,771287;-0,025122
202300018350;16;11;2023;07:50;2;87;87085;2;1;2;3;MAUVENDIERE (RUE DE LA);45,83232;1,25023
202300018351;14;3;2023;06:05;5;76;76351;2;6;1;3;MARCEAU (RUE);49,49181;0,13264
202300018352;10;3;2023;23:30;5;76;76351;2;1;1;6;CLEMENCEAU (BD);49,48446;0,10245
202300018353;18;11;2023;01:40;3;78;78440;2;8;2;6;NOUVELLE FRANCE (RUE);48,98681;1,89469
202300018354;31;5;2023;13:45;1;87;87203;1;3;1;3;La Reynie;45,675707;1,373463
202300018355;14;3;2023;17:30;1;76;76217;2;1;1;6;VERDUN (BOULEVARD DE);49,92556;1,07127
202300018356;31;5;2023;09:50;1;987;98734;1;3;1;2;pk 32.900;-17,753101;-149,540234
202300018357;14;3;2023;18:40;2;69;69266;2;2;1;3;Route de Genas;45,74932;4,91415
202300018358;17;11;2023;17:20;2;77;77284;2;1;1;6;ROSE (BD.JEAN);48,96191;2,88017
202300018359;22;5;2023;17:45;1;68;68297;1;1;1;2;autoroute A35;47,607291;7,526751
202300018360;14;3;2023;08:25;1;64;64445;2;1;3;2;18EME REGIMENT D'INFANTERIE DU;43,29767;-0,38518
202300018361;17;11;2023;10:45;1;77;77333;2;1;1;6;D607;48,26736;2,69853
202300018362;1;6;2023;15:30;1;72;72080;1;1;1;2;AUTOROUTE A11 ;48,14490927;0,67251205
202300018363;13;3;2023;16:40;1;64;64445;2;6;8;6;ALFRED NOBEL;43,31872;-0,3075
202300018364;17;11;2023;07:55;2;76;76681;2;1;3;3;Pont de 4 Mares;49,40482;1,10745
202300018365;12;3;2023;04:50;4;63;63113;2;1;2;6;CLEMENTEL (BD ETIENNE);45,81456;3,10954
202300018366;1;6;2023;07:40;1;57;57468;1;1;1;4;RN4 PK32+000;48,764899;7,223672
202300018367;16;11;2023;16:30;1;76;76351;2;4;2;2;GENERAL FERRIE (AVENUE);49,504473;0,177745
202300018368;11;3;2023;21:58;5;63;63113;2;2;2;2;BLUM (AVENUE LEON)/ Pochet Lagaye;45,76304;3,09927
202300018369;1;6;2023;15:25;1;45;45317;1;1;1;6;A10 PR 123 + 70;47,780982;1,592245
202300018370;13;11;2023;16:33;1;73;73008;2;9;2;6;D1201 - ROOSEVELT FRANKLIN AVENUE;45,699464;5,908394
202300018371;14;3;2023;01:45;3;61;61169;1;1;3;6;D25 PR23+520;48,73261;-0,60475
202300018372;31;5;2023;14:45;1;971;97125;2;1;1;2;Chemin de Bragelogne;16,268568;-61,309955
202300018373;17;11;2023;13:40;1;72;72181;2;9;1;6;MESSIAEN OLIVIER (AV) IMPAIRS;48,01474;0,15913
202300018374;14;3;2023;22:15;3;59;59043;1;1;1;6;PAEPERSTRAETE (VOIE COMMUNALE);50,74895;2,71213
202300018375;31;5;2023;17:00;1;28;28015;1;1;1;1;D18;48,484365;1,766932
202300018376;16;11;2023;13:30;1;72;72181;2;9;2;2;RUBILLARD AV N° IMP 57 ET >;48,01319;0,17623
202300018377;12;3;2023;15:15;1;57;57143;2;3;1;3;CLEMENCEAU (RUE);49,25921;6,09467
202300018378;1;6;2023;07:50;1;77;77510;2;1;1;6;D21;48,81603278;2,794181
202300018379;17;11;2023;10:35;1;71;71076;2;2;7;3;ARNAL (RUE RAYMOND);46,79251;4,85389
202300018380;1;6;2023;08:30;1;84;84141;2;6;1;6;Avenue d'Eguilles;43,986469;4,896727
202300018381;17;11;2023;08:25;1;69;69256;2;1;1;6;59 Rue de la République;45,78625183;4,92587075
202300018382;11;3;2023;11:40;1;52;52121;2;3;1;3;VAL BARIZIEN (RUE DU);48,10483;5,13033
202300018383;1;6;2023;18:18;1;89;89206;1;1;1;1;D47;47,98048;3,435702
202300018384;17;11;2023;18:45;5;67;67482;2;1;1;3;ILL (RUE DE L );48,61215;7,77702
202300018385;10;3;2023;17:45;1;52;52121;2;1;1;6;SOUVENIR FRANCAIS (AVENUE DU);48,10963;5,14329
202300018386;1;6;2023;18:20;1;21;21292;1;1;1;6;D25;47,237727;5,209782
202300018387;14;3;2023;19:55;5;51;51454;2;1;1;7;rue de Vesle;49,25216;4,02521
202300018388;17;11;2023;15:07;1;67;67482;2;3;3;3;ABBE LEMIRE (RUE DE L );48,58057;7,72335
202300018389;6;5;2023;09:50;1;67;67028;2;3;1;3;Rue Kullmann;48,367886;7,589927
202300018390;14;3;2023;14:35;1;51;51454;2;4;1;2;rue Modeste Goulet;49,27447;4,05783
202300018391;17;11;2023;13:50;1;67;67447;2;3;8;6;ABATTOIR (RUE DE L );48,60509;7,75752
202300018392;31;5;2023;08:15;1;63;63284;2;1;1;3;avenue de l'Europe;45,794871;3,226612
202300018393;1;6;2023;06:53;2;1;1301;1;1;1;1;Route d'Attignat;46,253903;5,142546
202300018394;14;3;2023;16:34;1;47;47031;2;3;2;3;JEAN JAURES (Avenue)  ;44,17659122;0,65838361
202300018395;17;11;2023;07:45;1;67;67482;2;3;3;3;SCHULZENFELD (CHEMIN);48,54413;7,78135
202300018396;1;6;2023;12:38;1;69;69269;1;1;1;1;Route de Thurins;45,698027;4,601555
202300018397;14;3;2023;08:05;2;47;47031;1;3;2;3;RD17;44,15484;0,6549
202300018398;16;11;2023;13:40;1;67;67482;2;3;3;3;VOSGES (AVENUE DES);48,59107;7,74614
202300018399;31;5;2023;07:15;1;33;33494;1;1;1;2;17 Route de Lacanau;44,939937;-0,833289
202300018400;13;3;2023;09:28;1;45;45208;2;3;1;3;24 Rue du Faubourg de la Chaussee;47,99795;2,73915
202300018401;16;11;2023;17:45;5;67;67462;2;9;2;3;GENERAL DE GAULLE (AVENUE DU);48,260409;7,444769
202300018402;1;6;2023;07:50;1;85;85214;1;1;1;1;D80;46,53736;-1,70208
202300018403;13;3;2023;08:00;1;40;40192;2;3;1;3;VILLENEUVE (AV DE);43,88913;-0,46755
202300018404;17;11;2023;18:45;5;64;64129;2;3;1;1;BAYONNE DE;43,30425;-0,40021
202300018405;14;3;2023;00:05;3;38;38158;1;1;3;6;RN87;45,15907;5,7504
202300018406;23;5;2023;09:10;1;85;85178;2;3;1;3;35 Boulevard des deux moulins;46,76961;-1,50442
202300018407;17;11;2023;13:44;1;64;64129;2;9;1;6;JEAN MERMOZ;43,31678;-0,37828
202300018408;14;3;2023;14:05;1;37;37214;2;1;1;6;VOISIN (BOULEVARD ANDRE-GEORGES);47,43085;0,67066
202300018409;1;6;2023;21:11;2;27;27275;1;1;7;6;Cote des Sables;49,156197;1,354365
202300018410;13;3;2023;15:30;1;37;37122;2;6;2;6;TROIS CROIX (PLACE DES);47,3504;0,65635
202300018411;17;11;2023;12:25;1;64;64445;1;1;1;4;MARTYRS DU PONT LONG DES;43,34351127;-0,37981421
202300018412;1;6;2023;16:50;1;60;60612;2;1;1;6;Avenue Claude Debussy;49,205517;2,568516
202300018413;14;3;2023;17:42;1;35;35281;2;1;1;6;MERMOZ (BOULEVARD JEAN);48,09243767;-1,70318261
202300018414;17;11;2023;08:15;1;64;64445;1;1;1;2;MARTYRS DU PONT LONG DES;43,34558;-0,37969
202300018415;6;5;2023;07:50;1;67;67482;1;1;1;3;M35;48,57055;7,7312
202300018416;14;3;2023;17:30;1;35;35238;2;3;1;3;STRASBOURG (BOULEVARD DE);48,1117;-1,65605
202300018417;14;11;2023;19:23;5;64;64125;2;1;2;6;BAYONNE (AVENUE DE);43,44779;-1,5737
202300018418;31;5;2023;10:20;1;33;33096;1;1;1;3;AUTOROUTE A 10;44,89058375;-0,50245017
202300018419;14;3;2023;14:20;1;35;35238;2;1;1;4;GROS MALHON (AVENUE);48,13311021;-1,68512464
202300018420;18;11;2023;01:10;5;64;64024;2;1;1;3;BAYONNE (AVENUE DE);43,48275;-1,50473
202300018421;31;5;2023;15:18;1;94;94016;1;1;1;2;A6B;48,79259523;2,34427063
202300018422;14;3;2023;09:20;1;35;35238;2;3;1;3;BRIAND (AVENUE ARISTIDE);48,11021;-1,66411
202300018423;16;11;2023;15:28;1;63;63245;1;1;6;2;ROCADE RD 446;45,88258135;3,08552291
202300018424;14;3;2023;12:40;1;33;33063;2;1;3;6;Rue Esprit-Des-Lois;44,84306861;-0,57295337
202300018425;17;11;2023;07:30;2;62;62041;2;2;2;3;Rue Frédéric Degeorge;50,28597;2,77279
202300018426;31;5;2023;13:15;1;91;91228;1;1;1;5;AUTOROUTE A6;48,62628;2,41578
202300018427;14;3;2023;08:40;1;33;33039;2;3;2;3;Avenue Lénine;44,79788452;-0,55269331
202300018428;14;11;2023;15:10;1;61;61006;2;1;2;3;D958;48,6893;0,00633
202300018429;31;5;2023;13:00;1;91;91549;1;1;1;2;RN 104;48,6263;2,35223
202300018430;14;3;2023;07:45;2;32;32013;2;3;1;3;Avenue de la Marne;43,6491;0,5961
202300018431;17;11;2023;09:50;1;60;60057;2;6;1;6;Avenue Nelson Mandela;49,43179833;2,06985671
202300018432;31;5;2023;08:00;1;91;91617;1;1;1;4;RN 104;48,631493;2,514598
202300018433;11;10;2023;07:30;2;60;60057;2;9;1;2;Rue de la Madeleine;49,42873655;2,08613025
202300018434;31;5;2023;08:50;1;94;94003;1;1;1;3;A6A;48,80072795;2,34367155
202300018435;17;11;2023;21:55;3;59;59495;1;9;9;6;RAPIDE (VOIE);50,27675;4,02647
202300018436;13;3;2023;17:55;1;22;22187;2;2;1;3;VERDUN (rue de );48,54414;-2,78446
202300018437;13;3;2023;16:53;1;22;22278;2;1;2;2;APOLLINAIRE (GUILLAUME);48,4968;-2,74778
202300018438;17;11;2023;09:25;1;59;59360;2;2;7;1;RECHERCHE (Avenue de la );50,60197;3,03784
202300018439;31;5;2023;09:15;1;78;78158;1;1;1;2;A13;48,841703;2,104253
202300018440;16;11;2023;00:52;3;57;57306;1;1;2;6;D13;49,33529;6,08393
202300018441;27;2;2023;23:00;5;16;16358;2;1;1;6;SAINT-JEAN-D'ANGELY (ROUTE DE);45,664891;0,135679
202300018442;30;5;2023;09:56;1;92;92062;1;1;1;4;RN1014 Y;48,88710935;2,25283375
202300018443;16;11;2023;11:25;1;54;54304;2;1;1;3;Avenue de la Résistance;48,69443;6,13641
202300018444;8;3;2023;21:10;5;14;14366;2;6;1;3;68 Boulevard Louis Pasteur;49,143886;0,219078
202300018445;2;2;2023;23:15;3;73;73162;1;4;1;6;D1090;45,606472;6,282088
202300018446;13;3;2023;17:15;1;13;13103;2;1;1;6;ALLEES DE CRAPONNE;43,63457135;5,10011602
202300018447;27;5;2023;18:05;1;34;34032;2;1;1;6;67 Avenue Jean Moulin;43,34822;3,22244
202300018448;17;11;2023;22:10;3;54;54149;1;1;2;6;N 52;49,42433;5,91164
202300018449;14;3;2023;16:10;1;13;13209;2;1;1;3;LUMINY (AVENUE DE);43,23918474;5,43667351
202300018450;30;5;2023;08:10;1;976;97611;1;1;1;3;vahibe-Departementale 3 ( route );-12,7875;45,1651
202300018451;17;11;2023;10:45;1;54;54451;2;1;2;2;Rue de Cutry;49,498;5,7524
202300018452;13;3;2023;16:30;1;13;13002;2;1;1;1;PROVENCE (AVENUE DE);43,32982;5,48444
202300018453;30;5;2023;17:30;1;974;97416;1;1;1;2;RN3 (1);-21,31265;55,49532
202300018454;16;11;2023;08:25;2;50;50129;2;1;3;6;EGLANTINES (ALLEE DES);49,63451;-1,56806
202300018455;29;5;2023;17:20;2;974;97411;2;1;1;6;SAINT-FRANCOIS (RAIDILLON DE);-20,91874;55,45883
202300018456;14;3;2023;13:30;1;13;13063;2;1;1;3;HUIT MAI 1945 AVENUE DU;43,59697629;5,00544166
202300018457;15;11;2023;12:30;1;50;50129;2;2;1;3;CONQUERANT (BOULEVARD GUILLAUME LE);49,6423;-1,63716
202300018458;30;5;2023;19:40;1;69;69388;2;1;1;3;Route de Vienne;45,7377;4,85243
202300018459;13;3;2023;20:50;5;11;11069;2;2;3;3;22 Rue du Palais;43,21566;2,3561
202300018460;30;5;2023;08:20;1;69;69388;2;8;1;6;Boulevard des Etats-Unis;45,73007;4,86717
202300018461;15;11;2023;17:50;2;49;49099;2;1;1;6;BOUET (AVENUE FRANCIS);47,060292;-0,890181
202300018462;14;3;2023;17:48;1;75;75105;2;2;8;3;QUAI DE LA TOURNELLE;48,851104;2,351292
202300018463;29;5;2023;11:50;1;971;97101;2;1;1;2;VIEUX BOURG;16,24987;-61,52879
202300018464;17;11;2023;08:48;1;49;49007;2;2;1;6;CHAUMIN BOULEVARD;47,45062;-0,55285
202300018465;30;5;2023;16:25;1;91;91345;2;1;1;6;RUE PASTEUR;48,691561;2,294973
202300018466;14;3;2023;10:30;1;75;75118;2;5;2;6;BOULEVARD NEY;48,898447;2,352482
202300018467;16;11;2023;19:16;5;45;45232;2;5;2;3;Avenue de Verdun ;47,86861;1,91217
202300018468;30;5;2023;09:30;1;91;91377;2;9;1;7;AV DE L EUROPE;48,72688;2,27707
202300018469;17;11;2023;19:10;5;43;43041;2;1;1;7;139 Avenue Charles Dupuy;45,052793;3,911068
202300018470;14;3;2023;07:50;1;75;75117;2;4;1;2;AVENUE DE WAGRAM;48,88221;2,30117
202300018471;30;5;2023;15:07;1;86;86066;2;1;1;6;Grand Rue de Chateauneuf;46,81359;0,5325
202300018472;21;12;2023;19:50;3;972;97209;1;1;1;1;AUTOROUTE (A1);14,61647;-61,0428
202300018473;14;3;2023;08:25;1;75;75117;2;1;1;3;BOULEVARD DE COURCELLES;48,881038;2,314177
202300018474;30;5;2023;08:00;1;83;83069;2;3;1;3;TOULON RD 46 ( ROUTE DE );43,12593;6,09371
202300018475;21;12;2023;07:45;2;69;69389;2;6;2;6;Rue de Saint-Cyr;45,79972;4,81983
202300018476;17;11;2023;05:00;3;42;42184;2;6;2;1;CHARLES DE GAULLE(AV);46,05081;4,06645
202300018477;14;3;2023;12:15;1;75;75116;2;3;1;3;AVENUE VICTOR HUGO;48,872967;2,293123
202300018478;21;12;2023;09:15;2;2B;2B033;1;6;1;6;IMPERIALE - ROUTE;42,66596;9,43944
202300018479;14;11;2023;17:40;5;42;42316;2;1;2;6;Rue du Président Kennedy;45,39955;4,25923
202300018480;14;3;2023;16:50;1;75;75113;2;5;1;6;RUE NEUVE TOLBIAC;48,832232;2,379765
202300018481;22;12;2023;15:10;1;971;97101;1;1;1;3;RN1 ROCADE DE CHAUVEL;16,24881;-61,52777
202300018482;14;11;2023;08:49;1;38;38053;2;1;2;6;Rue de Belle-Rive;45,59722;5,29403
202300018483;30;5;2023;10:00;1;77;77058;2;1;1;3;EUROPE (AVENUE DE L' );48,831297;2,712053
202300018484;22;12;2023;10:50;1;971;97101;1;1;1;2;DESRAVINIERES;16,27973;-61,49107
202300018485;14;3;2023;09:40;1;75;75112;2;3;2;3;BOULEVARD DE LA BASTILLE;48,848785;2,367984
202300018486;23;12;2023;00:10;5;2A;2A004;2;1;1;7;ACQUALONGA CHEMIN;41,95473;8,7747
202300018487;17;11;2023;22:48;5;37;37261;2;2;1;3;DANIEL MAYER;47,41887;0,68139
202300018488;30;5;2023;09:00;1;76;76540;2;2;1;3;Rue Martainville;49,43809;1,10509
202300018489;14;3;2023;18:50;5;75;75110;2;2;2;7;BOULEVARD DE MAGENTA;48,874915;2,357302
202300018490;29;5;2023;18:10;1;76;76351;2;1;1;6;JENNER (TUNNEL);49,50814;0,13614