Num_Acc;jour;mois;an;hrmn;lum;dep;com;agg;int;atm;col;adr;lat;long
202300019009;22;12;2023;10:54;1;40;40110;2;2;2;6;Place de l'Hôtel de Ville;43,640027;-0,378149
202300019010;30;1;2023;13:30;1;93;93078;1;1;2;2;AUTOROUTE A104;48,97104;2,49948
202300019011;15;9;2023;08:18;1;974;97418;1;1;1;2;N2;-20,898258;55,519575
202300019012;1;2;2023;18:45;3;75;75112;1;1;1;2;A4;48,819242;2,458531
202300019013;15;9;2023;10:00;1;21;21540;1;1;1;2;D700;47,325589;5,081348
202300019014;23;12;2023;19:05;3;24;24354;1;1;2;7;656 Route d'Angoulême;45,16292;0,008175
202300019015;1;2;2023;08:40;1;94;94028;1;1;1;4;A86;48,78839102;2,44007985
202300019016;15;9;2023;15:15;1;2B;2B093;1;1;1;3;RT 30;42,623649;8,916328
202300019017;1;2;2023;07:40;2;75;75112;1;1;1;2;A4;48,820452;2,46066
202300019018;23;12;2023;11:50;1;4;4158;1;9;1;1;Chemin du Plan;43,723808;6,039476
202300019019;15;9;2023;15:45;1;66;66175;1;1;1;3;N/A;42,54577;2,909242
202300019020;31;1;2023;16:50;1;37;37261;2;9;1;6;DELAROCHE (RUE);47,42534;0,67722
202300019021;22;12;2023;20:30;3;85;85101;1;1;1;6;RD19;46,494364;-1,3967454
202300019022;26;1;2023;19:15;5;59;59183;2;1;1;6;KRUYSBELLAERT;51,03873;2,37661
202300019023;13;9;2023;13:30;1;11;11188;1;3;1;3;D709;42,972054;3,000464
202300019024;8;12;2023;08:40;1;27;27065;2;1;1;6;Rue du Chanoine Leprieur;49,34281;0,345549
202300019025;29;1;2023;15:10;1;988;98818;2;2;1;2;AVENUE DE LA VICTOIRE H. LAFLEUR/RUE DE SEBASTOPOL;-22,2743;166,44381
202300019026;11;9;2023;08:30;1;83;83119;2;3;1;3;Avenue François Pelletier;43,267138;6,640728
202300019027;22;12;2023;10:45;1;28;28391;1;1;1;3;RD 2020;48,222185;1,950964
202300019028;31;1;2023;18:00;1;976;97611;1;9;1;6;kaweni-Europe (avenue);-12,77099;45,22539
202300019029;14;9;2023;20:30;3;83;83108;1;1;1;1;D554;43,320709;6,021865
202300019030;31;1;2023;08:15;1;974;97411;1;1;1;2;CHALOUPE (CHEMIN DE LA GRANDE);-20,896248;55,376004
202300019031;22;12;2023;17:40;3;8;8302;1;1;3;7;D1;49,868786;4,72381
202300019032;15;9;2023;13:25;1;5;5007;1;1;1;1;Route départementale D902 - PR 49+200;44,711674;6,742093
202300019033;31;1;2023;17:35;1;973;97302;2;1;1;2;ZONE COLLERY I OU II;4,904;-52,31722
202300019034;14;9;2023;11:50;1;4;4193;1;1;1;7;D902;44,527678;6,716804
202300019035;9;12;2023;10:31;5;67;67256;1;1;3;6;M263;48,65066;7,723668
202300019036;31;1;2023;12:40;1;973;97302;2;3;1;3;BADUEL (ROUTE DE);4,93765;-52,31595
202300019037;15;9;2023;09:05;1;25;25276;2;1;1;1;D25;47,436053;6,43948
202300019038;31;1;2023;17:30;5;69;69387;2;2;1;6;56 Avenue Jean Jaurès;45,74888;4,84404
202300019039;14;9;2023;14:30;1;3;3102;2;2;1;2;Route de Vichy;46,519684;3,68005
202300019040;31;1;2023;11:45;1;69;69388;2;2;1;3;45 Rue Professeur Beauvisage;45,72978;4,86847
202300019041;15;9;2023;10:00;1;73;73290;1;1;5;6;D1006;45,218884;6,968926
202300019042;30;1;2023;18:05;3;2B;2B037;1;1;1;3;TOUTES RUES;42,61656;9,43735
202300019043;15;9;2023;14:50;1;73;73176;1;4;1;6;D84 Le Villaret;45,612484;6,860828
202300019044;31;1;2023;21:40;5;2A;2A004;2;1;1;3;PINS RCE LES AV MONT THABOR;41,94404;8,7647
202300019045;31;1;2023;13:40;1;2A;2A004;2;1;1;1;VAZZIO HAUTS DU HLM;41,93495;8,78754
202300019046;12;9;2023;10:30;1;26;26064;1;2;1;3;Chemin des Charbonniers;44,915898;5,005281
202300019047;31;1;2023;01:35;5;95;95306;2;6;1;6;BOEUFS (CHEMIN DES);49,010935;2,129586
202300019048;23;12;2023;00:26;4;78;78043;1;1;2;5;D307;48,838036;2,08825
202300019049;14;9;2023;15:30;1;69;69067;1;1;1;3;10 Route de Chavanne;45,75835499;4,56324361
202300019050;31;1;2023;18:00;5;91;91027;2;1;1;2;AV JULES VALLES;48,698623;2,372914
202300019051;14;9;2023;07:15;2;9;9309;1;1;1;6;D6;43,093944;1,778455
202300019052;30;1;2023;07:35;5;91;91174;1;1;1;6;RUE DE NAGIS;48,60205;2,47757
202300019053;15;9;2023;18:00;1;85;85198;2;3;1;3;RD 53;46,99101;-1,044468
202300019054;31;1;2023;00:38;3;91;91433;2;1;5;7;CD 17;48,47807;2,19671
202300019055;22;12;2023;20:10;5;78;78455;1;1;2;4;D307;48,849125;2,052659
202300019056;31;1;2023;09:54;1;87;87050;1;3;2;3;MONTIN (ROUTE DU);45,88076;1,25722
202300019057;15;9;2023;07:50;1;44;44122;1;2;1;3;Beau-soleil;47,423239;-1,435778
202300019058;29;1;2023;14:19;1;87;87065;2;6;1;7;RD979;45,81789;1,30258
202300019059;14;9;2023;11:00;1;50;50034;2;3;1;7;Le Moulin;49,083452;-1,072642
202300019060;27;1;2023;07:25;2;84;84007;2;1;1;6;FOLLEREAU (rue Raoul);43,91969;4,8001
202300019061;13;9;2023;17:20;1;27;27161;1;1;1;3;D613;49,065558;1,027865
202300019062;31;1;2023;13:15;1;83;83062;1;3;1;3;PLANQUETTE (CHEMIN DE LA);43,13442;6,02993
202300019063;23;12;2023;01:45;3;63;63265;1;1;2;2;A89 PK424+000 sens LYON/CLERMONT-FERRAND;45,849156;3,436232
202300019064;14;9;2023;10:50;1;60;60500;2;1;1;3;Avenue de la Gare;49,096028;2,742741
202300019065;28;1;2023;08:00;1;83;83126;2;1;1;3;EVESCAT (CHEMIN DE L');43,09281;5,8872
202300019066;10;9;2023;09:00;1;13;13212;1;1;1;2;A507 sens Aubagne- Marseille;43,31404945;5,42342663
202300019067;31;1;2023;09:00;1;83;83123;2;1;7;2;BUGE (CHEMIN DE LA) N° IMPAIRS;43,12085;5,80752
202300019068;8;9;2023;15:25;1;67;67447;1;1;1;4;M35;48,60035;7,73568
202300019069;26;1;2023;12:24;1;83;83129;2;3;1;7;SOLVIOU (CORNICHE DE);43,1034;5,81289
202300019070;14;9;2023;19:20;1;33;33249;1;1;1;3;AUTOROUTE A 10;44,8854;-0,50855
202300019071;23;12;2023;00:00;3;6;6088;1;1;1;6;Autoroute A8 - PK 187+500 - Chaussée SUD -;43,682103;7,192719
202300019072;13;9;2023;09:50;1;59;59346;1;1;1;6;ROUTE NATIONALE 227;50,60577544;3,13002996
202300019073;30;1;2023;18:30;5;77;77058;2;1;1;6;ANTOINE GIROUST (BOULEVARD );48,83964;2,710855
202300019074;13;9;2023;07:05;1;59;59143;1;1;1;7;AUTOROUTE A25;50,65431;2,91189
202300019075;14;12;2023;18:10;5;971;97116;2;1;8;1;MARIEULE;16,32482089;-61,46914959
202300019076;31;1;2023;12:00;1;77;77186;1;1;1;5;D606;48,48519;2,66552
202300019077;11;9;2023;10:50;1;59;59348;1;1;1;2;AUTOROUTE A2;50,27815;3,34093
202300019078;30;1;2023;19:30;5;76;76351;2;3;1;6;IRENE JOLIOT CURIE (RUE);49,5135;0,10452
202300019079;31;1;2023;14:30;1;71;71153;2;1;1;7;GUESDES (RUE JULES);46,80628;4,426831
202300019080;14;9;2023;17:00;1;91;91659;1;1;1;5;AUTOROUTE A6;48,58486;2,45392
202300019081;23;12;2023;15:45;1;45;45324;2;1;1;1;D951 PR 62 + 774;47,795247;2,201361
202300019082;13;9;2023;21:41;3;78;78090;1;1;1;6;A13;48,97063;1,88755
202300019083;31;1;2023;18:20;2;69;69271;2;2;1;4;16 Avenue Louis Blériot;45,72787225;4,96256064
202300019084;31;1;2023;17:05;1;69;69259;1;1;1;6;28 Rue de Montelier;45,69943502;4,89736765
202300019085;13;9;2023;17:45;1;78;78640;1;1;1;5;A86 EXT;48,778051;2,213446
202300019086;21;12;2023;13:10;1;77;77257;2;1;2;6;Route de Beauval;49,030146;3,010173
202300019087;30;1;2023;17:47;5;68;68066;2;9;1;3;Rue du Florimont;48,07885;7,34881
202300019088;14;9;2023;16:50;1;92;92036;1;1;1;4;AUTOROUTE A86;48,93895984;2,3073606
202300019089;31;1;2023;17:00;1;64;64483;1;1;1;3;Route D 'Ascain;43,37718165;-1,63772793
202300019090;14;9;2023;16:50;5;93;93008;1;1;1;5;AUTOROUTE A86;48,90837;2,4509
202300019091;31;1;2023;18:50;5;64;64445;2;2;1;3;boulevard d'Alsace Lorraine;43,30549;-0,37451
202300019092;23;12;2023;14:00;1;2B;2B307;2;3;1;3;10;42,384443;9,530334
202300019093;14;9;2023;09:00;1;93;93066;1;1;1;5;AUTOROUTE A86;48,92190936;2,36424249
202300019094;31;1;2023;12:05;1;64;64445;2;1;1;2;PAIX;43,31977;-0,34956
202300019095;30;1;2023;05:35;5;64;64102;2;1;1;6;FOCH (AVENUE MARECHAL);43,49459;-1,48569
202300019096;14;9;2023;07:50;1;93;93005;1;1;1;3;AUTOROUTE A1;48,95885089;2,46459185
202300019097;14;9;2023;21:02;3;77;77146;1;1;1;6;RN104.EXT;48,80861819;2,63032097
202300019098;30;1;2023;12:14;1;64;64102;2;1;1;3;Rue Bécadine;43,49907;-1,4506
202300019099;22;12;2023;21:45;3;34;34321;1;1;1;2;Route Nationale 113;43,672761;4,059382
202300019100;14;9;2023;01:40;5;94;94058;1;1;1;2;A86;48,84536665;2,49270959
202300019101;30;1;2023;10:50;1;63;63070;2;3;4;3;JB Marrou /ARTIERE (AVENUE DE L');45,74376;3,05892
202300019102;30;1;2023;16:45;1;62;62427;2;2;1;3;Rue Fénélon;50,421118;2,941115
202300019103;11;7;2023;14:15;1;13;13077;1;6;1;3;DIX NEUF MARS 1962 (rue du);43,41433;4,99827
202300019104;23;12;2023;06:30;5;84;84089;2;1;1;1;354 Route de la Bastidonne;43,696863;5,518844
202300019105;30;1;2023;14:10;1;62;62215;2;1;1;6;Rue Emile Zola;50,49378;2,95638
202300019106;18;6;2023;14:30;1;93;93007;2;1;1;3;Avenue Pasteur;48,94198406;2,46801616
202300019107;21;1;2023;06:35;5;62;62119;2;1;2;1;avenue pierre mendes france;50,51939;2,64148
202300019108;23;12;2023;00:30;4;13;13014;1;9;1;7;D21b;43,512518;5,126581
202300019109;31;1;2023;01:35;5;60;60414;2;9;1;6;Rue de Finsterwalde;49,25152;2,4519
202300019110;12;9;2023;07:15;1;974;97416;1;3;1;3;ARCHAMBAUD (RUE);-21,33;55,4795
202300019111;13;9;2023;16:00;1;973;97302;1;6;1;7;N/A;4,89696936;-52,32843876
202300019112;31;1;2023;07:55;1;59;59360;2;1;1;2;KUHLMANN AVENUE;50,62216;3,01538
202300019113;13;9;2023;11:50;1;972;97209;1;1;1;3;AUTOROUTE A1;14,614575;-61,048533
202300019114;23;12;2023;17:05;2;71;71238;1;3;1;1;D982;46,22372;4,04902
202300019115;30;1;2023;21:30;5;59;59220;2;2;1;3;VERDUN AVENUE DE;50,58988954;3,0820781
202300019116;22;12;2023;09:30;1;55;55262;1;1;3;7;D69;49,462351;5,318456
202300019117;13;9;2023;11:00;1;2A;2A004;2;3;1;3;GRANDVAL COURS PAIR;41,91767;8,73111
202300019118;30;1;2023;17:00;1;59;59509;2;3;1;3;BLUM (RUE LEON);50,41723;3,09118
202300019119;26;1;2023;17:10;5;51;51230;2;1;2;6;Avenue de Champagne;49,043429;3,958139
202300019120;13;9;2023;14:05;1;91;91027;2;1;1;3;VC QUAI DE L'INDUSTRIE;48,6977;2,39452
202300019121;23;12;2023;18:29;5;57;57683;2;1;2;6;14 Rue du Muguet;49,302628;6,152175
202300019122;31;1;2023;08:50;1;49;49007;2;1;1;3;BIRGE BOULEVARD;47,4716;-0,51912
202300019123;13;9;2023;08:20;1;91;91286;2;6;1;3;EMILE AILLAUD (AVENUE);48,647885;2,367112
202300019124;30;1;2023;17:58;2;49;49267;2;1;1;7;GIONO;47,47057;-0,48439
202300019125;21;12;2023;18:25;5;63;63042;2;1;2;6;route de Sayat;45,827368;3,071966
202300019126;10;9;2023;02:40;5;86;86194;2;1;1;6;D910;46,614942;0,349973
202300019127;29;1;2023;20:00;5;49;49007;2;2;1;3;GASNIER AVENUE;47,48743;-0,57353
202300019128;19;12;2023;10:50;1;38;38562;2;9;1;6;315 Rue Ambroise Croizat;45,084305;5,761519
202300019129;28;1;2023;03:50;5;49;49015;2;1;1;6;MENDES FRANCE AVENUE PIERRE;47,49528;-0,57949
202300019130;23;12;2023;14:10;1;26;26381;1;1;1;6;180 Route de l’Ecancière;45,03424976;5,17187834
202300019131;31;1;2023;12:30;1;47;47201;2;3;1;3;PYRENEES (AVENUE DES);44,1754;0,60667
202300019132;13;9;2023;19:34;1;79;79191;2;6;1;3;N/A;46,3169;-0,48104
202300019133;30;1;2023;13:50;1;42;42218;2;1;2;6;Rue Alexandre Pourcel;45,42338;4,39231
202300019134;23;12;2023;06:00;3;7;7279;1;1;1;6;Route de Valescure;44,42829684;4,6249786
202300019135;31;1;2023;15:40;1;35;35150;1;2;2;3;PILAIS (LA) LIEUX-DITS;48,35491809;-1,23035163
202300019136;19;12;2023;16:50;1;69;69242;2;9;8;6;Route de Villeneuve;46,130869;4,767219
202300019137;31;1;2023;11:00;1;29;29232;2;1;1;1;Rue de Pen Ar Stang;47,99035817;-4,10189822
202300019138;31;1;2023;07:25;3;28;28404;1;1;8;2;RD 828A;48,72647;1,34487
202300019139;22;12;2023;16:05;1;69;69121;1;1;2;5;Route de la Tour ;45,839937;4,691913
202300019140;30;1;2023;17:10;1;27;27229;2;1;1;6;BROSSOLETTE (RUE PIERRE);49,0225;1,16434
202300019141;22;12;2023;21:35;5;33;33019;2;2;2;3;Rue du Port;44,681451;-1,015012
202300019142;30;1;2023;08:10;2;27;27229;2;1;1;6;ROCHETTE (RUE DE LA);49,02688;1,14104
202300019143;31;1;2023;08:30;1;25;25056;2;9;1;1;;47,254828;6,032045
202300019144;13;11;2023;16:05;1;44;44122;1;2;1;5;1 Beau Soleil;47,42325;-1,435843
202300019145;31;1;2023;17:30;1;18;18033;2;2;1;3;Avenue Pierre Semard;47,09298;2,3999
202300019146;22;12;2023;13:35;1;56;56178;2;1;1;6;Rue Roger le Cunff;48,075703;-2,961169
202300019147;31;1;2023;16:20;1;18;18033;2;3;1;6;3 Rue Pelvoysin;47,08579;2,39347
202300019148;31;1;2023;19:20;3;17;17415;2;9;1;7;Route Nationale 137;45,72483;-0,63939
202300019149;11;1;2023;08:20;1;13;13056;2;1;1;3;RAYETTES;43,41279;5,04176
202300019150;22;12;2023;13:05;1;13;13071;1;1;6;2;A7-Sens Lyon vers Marseille;43,40498387;5,3398132
202300019151;7;1;2023;19:30;3;13;13077;1;1;1;4;RN 568;43,4136735;5,00434666
202300019152;22;12;2023;07:00;5;13;13212;1;1;1;3;A507 sens Aubagne- Marseille;43,29122199;5,42444229
202300019153;31;1;2023;16:00;1;13;13214;2;3;1;3;AVENUE RAIMU;43,33332;5,39895
202300019154;21;12;2023;22:15;3;13;13001;1;1;1;3;A51-Sens Marseille vers Aix en Provence;43,5133;5,42626
202300019155;31;1;2023;15:00;1;13;13203;2;3;1;6;JEAN CRISTOFOL (RUE);43,31076;5,38366
202300019156;31;1;2023;09:30;1;13;13213;2;3;1;6;POILUS (AVENUE DES);43,32389;5,45615
202300019157;22;12;2023;01:05;3;69;69259;1;1;2;7;Boulevard Laurent Bonnevay;45,7180857;4,86731916
202300019158;31;1;2023;07:40;1;13;13002;2;1;1;1;GENERAL LECLERC (AVENUE DU);43,342;5,486
202300019159;30;1;2023;17:00;1;13;13005;2;9;7;6;TOURTELLE (QUARTIER DE LA);43,28567;5,5547
202300019160;21;12;2023;21:15;3;69;69081;1;1;2;2;Route de Métropole 6;45,78423;4,78418
202300019161;31;1;2023;13:58;1;10;10060;1;1;1;5;ROCADE OUEST (RD 610);48,25434595;4,10560906
202300019162;20;12;2023;12:15;1;42;42225;1;1;1;2;A47;45,52011;4,59287
202300019163;31;1;2023;13:39;1;10;10387;2;1;1;2;GENERAL SARRAIL (AVE);48,308;4,0446
202300019164;31;1;2023;12:28;1;10;10387;2;1;1;4;PASTEUR (RUE);48,30081;4,06463
202300019165;30;1;2023;18:20;5;10;10387;2;3;1;1;LOMBARDS (AVENUE);48,26899;4,08458
202300019166;22;12;2023;12:35;1;33;33249;1;1;2;4;ROUTE NATIONALE 230;44,8811691;-0,51108956
202300019167;29;1;2023;19:00;2;2;2408;1;6;1;3;;49,57128;3,5869
202300019168;22;12;2023;07:35;3;33;33554;1;1;2;2;ROUTE NATIONALE 89;44,86911748;-0,46932921
202300019169;31;1;2023;14:40;1;75;75105;2;3;1;6;BOULEVARD SAINT GERMAIN;48,850325;2,347549
202300019170;31;1;2023;13:50;1;75;75106;2;2;1;6;RUE DU FOUR;48,852648;2,333167
202300019171;31;1;2023;15:10;1;75;75119;2;3;1;6;RUE MANIN;48,880422;2,37962
202300019172;31;1;2023;18:50;5;75;75116;2;2;1;3;ROUTE DE LA MUETTE A NEUILLY;48,875852;2,262205
202300019173;22;12;2023;20:20;3;91;91689;1;1;2;4;AUTOROUTE A6;48,73165;2,31532
202300019174;30;1;2023;10:15;1;75;75114;2;3;2;6;AVENUE DU GENERAL LECLERC;48,833246;2,331528
202300019175;22;12;2023;16:30;1;91;91689;1;1;8;4;AUTOROUTE A6;48,741353;2,320856
202300019176;30;1;2023;08:00;1;75;75114;2;7;2;6;BOULEVARD ARAGO;48,834468;2,332583
202300019177;22;12;2023;12:38;1;92;92036;1;1;2;2;A86;48,93554103;2,28513973
202300019178;31;1;2023;15:40;1;75;75113;2;2;1;2;RUE DE TOLBIAC;48,827691;2,371388
202300019179;21;12;2023;22:50;3;78;78423;1;1;2;6;A12 W;48,79374;2,04095
202300019180;31;1;2023;01:05;5;75;75113;2;3;1;3;BOULEVARD KELLERMANN;48,820926;2,354944
202300019181;21;12;2023;17:45;1;78;78423;1;1;2;7;A12 Y;48,798488;2,044172
202300019182;31;1;2023;17:55;2;75;75111;2;1;1;3;BOULEVARD VOLTAIRE;48,85949286;2,3772727
202300019183;30;1;2023;23:08;5;75;75108;2;2;1;6;BOULEVARD MALESHERBES;48,877778;2,31634
202300019184;29;1;2023;19:35;5;75;75107;2;2;1;3;QUAI D ORSAY;48,862863;2,313431
202300019185;21;12;2023;15:50;1;92;92025;1;1;2;4;A86;48,9330032;2,25090697
202300019186;30;1;2023;19:55;5;75;75103;2;2;1;6;RUE BEAUBOURG;48,863761;2,354864
202300019187;21;12;2023;08:50;1;78;78126;1;1;2;3;A13;48,83558;2,130056
202300019188;31;1;2023;08:55;1;94;94033;2;4;8;3;Avenue du Maréchal Joffre;48,853959;2,473452
202300019189;31;1;2023;19:05;5;94;94054;2;2;1;3;Avenue de la Victoire / Av des Martyrs de Chateaubriant;48,746822;2,407216
202300019190;31;1;2023;09:32;1;94;94077;2;1;1;2;Avenue Didier Daurat;48,73532;2,40098
202300019191;31;1;2023;14:30;1;93;93072;2;7;1;6;Place Marcel Pointet / Avenue Francois Bégué;48,95165;2,38196
202300019192;31;1;2023;13:55;1;93;93053;2;3;1;3;Rue de Brément / Rue de la Pierre Feuillère;48,88822;2,46077
202300019193;31;1;2023;13:05;1;93;93050;2;1;8;6;Avenue du 8 Mai 1945;48,86568257;2,53450874
202300019194;31;1;2023;17:45;2;93;93048;2;3;1;3;Boulevard Théophile Sueur / Rue Saint Exupéry;48,86971968;2,47072086
202300019195;31;1;2023;07:10;5;93;93048;2;1;1;3;Boulevard Théophile Sueur;48,86435;2,46772
202300019196;31;1;2023;10:10;1;93;93031;2;3;1;2;Avenue Jean Jaurès / Rue Henri Wallon;48,957121;2,321255
202300019197;31;1;2023;14:05;1;92;92063;2;1;1;6;MAISTRASSE (AVENUE ALEXANDRE);48,86425759;2,20113713
202300019198;30;1;2023;16:15;1;92;92077;2;1;8;3;COROT (RUE);48,82828981;2,19384822
202300019199;31;1;2023;19:36;5;92;92040;2;1;1;1;VERDUN (AVENUE DE) DU 116 AU 150;48,81954895;2,2559537
202300019200;31;1;2023;07:30;5;92;92023;2;2;1;6;GENERAL DE GAULLE (AV DU) N°130 A 340 ET;48,78345681;2,24662256
202300019201;31;1;2023;17:30;2;6;6031;1;6;1;6;Pénétrante du Paillon;43,762012;7,319978
202300019202;1;2;2023;15:50;1;31;31454;1;1;1;6;Route de Beaufort;43,439558;1,118859
202300019203;31;1;2023;14:45;1;41;41245;1;1;1;7;Autoroute A10 - Sens province vers Paris;47,747577;1,538944
202300019204;1;2;2023;14:30;1;85;85109;2;1;1;6;50 Avenue du Bocage;46,88028;-1,014911
202300019205;1;2;2023;08:45;1;91;91553;2;1;1;3;Avenue Charles de Gaulle;48,619141;2,493
202300019206;31;1;2023;17:00;1;51;51234;2;1;1;1;Rue de Bourgogne;48,55388;3,652799
202300019207;31;1;2023;13:30;1;56;56204;2;7;1;3;Place Joseph Marot;47,910154;-2,722962
202300019208;31;1;2023;13:15;1;67;67434;2;1;8;6;Rue du Chalet;48,939211;7,090285
202300019209;31;1;2023;17:45;1;76;76717;2;3;1;3;1 Quai Napoléon;49,377443;1,002243
202300019210;30;1;2023;10:05;1;2B;2B049;1;1;1;6;RD 151;42,513733;8,849675
202300019211;31;1;2023;20:50;3;32;32457;1;1;1;6;D953;43,863526;0,715635
202300019212;18;1;2023;16:15;1;61;61345;1;1;1;6;D10 PR18+330;48,418499;0,821018
202300019213;1;2;2023;17:50;5;55;55291;2;1;1;6;Rue du Général de Gaulle;48,677881;5,325585
202300019214;1;2;2023;12:28;1;49;49112;1;1;1;6;D347;47,167543;-0,140119
202300019215;1;1;2023;03:36;3;12;12288;1;1;1;6;D840;44,449445;2,426149
202300019216;31;1;2023;18:40;3;47;47173;1;4;1;3;Bordeneuve;44,429106;0,494428
202300019217;27;1;2023;16:40;1;44;44134;1;1;1;6;570 La Simoniere;47,469414;-1,213405
202300019218;31;1;2023;15:40;1;38;38240;1;2;1;3;D51;45,378731;4,995786
202300019219;1;2;2023;08:10;2;50;50598;1;3;1;5;Rue Alexis de Tocqueville;49,670394;-1,346397
202300019220;1;2;2023;12:40;1;9;9189;1;1;1;1;RN20;42,613354;1,820168
202300019221;16;1;2023;18:15;3;40;40126;1;1;3;3;369 Route de Poyartin;43,699128;-0,92356
202300019222;1;2;2023;08:50;1;4;4231;1;1;1;7;D304;44,25668;5,94149
202300019223;18;1;2023;09:45;1;27;27498;2;1;4;3;D137;49,147401;0,833939
202300019224;1;2;2023;06:45;3;63;63311;1;1;8;2;A 71 PR 357.100;46,03840647;3,11336256
202300019225;1;2;2023;08:40;1;6;6104;1;1;1;6;A8 PK 214.200 sens Italie-France;43,76137;7,44673
202300019226;30;1;2023;18:10;4;6;6088;1;1;1;6;Autoroute A8 pk 186+800 sud;43,675147;7,197064
202300019227;18;1;2023;07:20;5;49;49307;1;1;9;1;D113;47,463024;-0,408329
202300019228;31;1;2023;23:45;3;30;30333;1;1;1;2;A9 - point kilométrique 63.400;43,76302;4,265656
202300019229;1;2;2023;01:10;3;69;69013;1;1;1;4;Autoroute 6 ;46,016739;4,727082
202300019230;31;1;2023;12:00;1;32;32091;1;1;1;2;RD930 - PK 1 + 465;43,682296;0,527548
202300019231;1;2;2023;10:30;1;24;24223;2;1;1;6;Avenue du Général Leclerc;44,838888;0,739363
202300019232;21;1;2023;01:30;3;22;22210;1;1;1;6;D789;48,792316;-3,03662
202300019233;16;1;2023;19:00;3;27;27213;1;1;8;7;Vexin-sur-Epte;49,146366;1,627157
202300019234;1;2;2023;16:50;1;60;60612;2;6;1;6;Avenue Félix Vernois;49,206516;2,578536
202300019235;31;1;2023;11:05;1;59;59406;1;1;1;7;Route d'Aulnoye;50,182632;3,863357
202300019236;1;2;2023;13:00;1;59;59011;2;1;1;3;Rue Nationale;50,525078;2,93541
202300019237;20;1;2023;04:50;5;69;69389;1;1;1;2;Route de Métropole 6  ;45,76425;4,80177
202300019238;30;1;2023;05:50;3;93;93064;1;1;2;3;AUTOROUTE A86;48,8803;2,47535
202300019239;29;1;2023;22:45;3;95;95392;1;1;1;6;N184;49,06749081;2,21727448
202300019240;31;1;2023;18:20;5;77;77294;1;1;1;3;A104;48,96562366;2,60764472
202300019241;31;1;2023;14:50;1;77;77181;1;1;1;6;A4;48,82899155;2,72059197
202300019242;31;1;2023;12:00;1;94;94033;1;1;2;5;A86;48,85115;2,489818
202300019243;29;1;2023;04:00;5;62;62019;2;6;9;6;D937;50,426654;2,711173
202300019244;29;1;2023;19:43;5;10;10387;2;3;1;6;JULES GUESDE (RUE);48,285;4,082
202300019245;30;1;2023;11:20;1;973;97302;2;6;1;2;CATAYEE (JUSTIN);4,92422;-52,32415
202300019246;30;1;2023;15:20;1;69;69386;2;1;1;2;66 Boulevard des Belges;45,77235;4,8539
202300019247;30;1;2023;09:45;1;69;69383;2;2;1;2;Rue Paul Bert;45,75648;4,84722
202300019248;30;1;2023;07:00;1;972;97213;2;1;1;2;MAHAULT;14,6188;-61,0034
202300019249;30;1;2023;19:15;5;69;69384;2;6;1;3;2 Place de Serin;45,77418;4,81294
202300019250;29;1;2023;21:35;3;971;97101;2;1;1;6;ROND POINT IGNACE;16,25205037;-61,52130246
202300019251;30;1;2023;16:10;1;971;97105;2;1;1;2;GASTON FEUILLARD(AVENUE);16,00432;-61,7293
202300019252;30;1;2023;08:00;5;95;95288;2;1;8;6;D301;48,98519746;2,36147046
202300019253;28;1;2023;10:25;1;91;91174;2;1;1;3;BD FONTAINEBLEAU;48,59733;2,47424
202300019254;28;1;2023;14:15;1;80;80021;2;9;1;6;ABBE HENOCQUE (RUE DE);49,90972;2,29295
202300019255;25;1;2023;07:05;5;80;80021;2;9;1;2;AVAL (PORT D');49,89827;2,29289
202300019256;30;1;2023;07:07;3;77;77358;1;1;2;1;;48,997142;2,851285
202300019257;30;1;2023;16:40;1;76;76103;2;3;1;6;Route de Paris;49,42411;1,12303
202300019258;30;1;2023;21:00;5;69;69259;2;1;1;6;Avenue Maurice Thorez;45,69992809;4,86324446
202300019259;28;1;2023;04:10;5;67;67218;2;1;1;6;LYON (RTE DE);48,52020501;7,70518184
202300019260;27;1;2023;14:00;1;67;67482;2;1;1;2;SCHNOKELOCH (RUE DU);48,57722;7,71318
202300019261;27;1;2023;09:30;1;67;67482;2;1;1;6;OBERHAUSBERGEN (ROUTE D );48,592268;7,71816
202300019262;26;1;2023;20:50;5;67;67482;2;3;1;3;UNTERELSAU (RUE DE L );48,57004;7,72787
202300019263;27;1;2023;20:03;5;66;66136;2;3;1;3;;42,690751;2,9012
202300019264;28;1;2023;17:14;1;64;64102;2;6;1;3;Giratoire de Maignon;43,46559;-1,49522
202300019265;28;1;2023;15:39;1;63;63113;2;1;1;4;FLAUBERT (BD GUSTAVE);45,75737;3,12763
202300019266;26;1;2023;07:40;5;59;59350;2;1;2;3;SOLFERINO RUE N°110 - 206;50,62761;3,06165
202300019267;30;1;2023;07:15;5;59;59350;2;1;2;3;CORMONTAIGNE PLACE;50,626242;3,040524
202300019268;30;1;2023;20:45;5;59;59043;1;1;1;6;LILLE (ROUTE DE);50,728059;2,767204
202300019269;27;1;2023;20:45;3;57;57221;1;1;1;6;ETOILE (RUE DE L');49,3406;6,1097
202300019270;30;1;2023;06:45;5;54;54526;2;9;2;3;Rue Louis Pasteur;48,68396;6,22121
202300019271;27;1;2023;18:50;5;54;54329;2;1;1;6;RUE DU GENERAL CHANZY;48,5962;6,48947
202300019272;30;1;2023;05:30;5;54;54580;2;1;1;6;D27;49,45961;5,92738
202300019273;30;1;2023;08:38;1;47;47001;2;1;1;6;LUXEMBOURG (AV. MAURICE);44,19929;0,62273