Num_Acc;jour;mois;an;hrmn;lum;dep;com;agg;int;atm;col;adr;lat;long
202300019274;30;1;2023;09:05;1;43;43157;2;1;1;6;Avenue Louis Jonget;45,01516;3,90064
202300019275;26;1;2023;12:25;1;39;39300;2;1;1;6;243 Route de Macornay;46,667383;5,545558
202300019276;30;1;2023;10:50;1;38;38563;2;1;1;7;CURIE (RUE M.);45,374;5,589
202300019277;30;1;2023;18:40;5;38;38185;2;1;1;6;AVENUE RHIN ET DANUBE;45,1798;5,70539
202300019278;16;10;2023;15:20;1;88;88077;2;1;1;1;Rue de Lorraine;48,34734;6,676651
202300019279;17;10;2023;08:13;1;3;3040;1;3;1;2;impasse des linards;46,523693;3,318188
202300019280;15;10;2023;20:25;3;73;73150;1;1;1;5;N90;45,56349795;6,67676123
202300019281;14;10;2023;12:50;1;33;33366;2;1;1;3;Rue Emile Martin Dantagnan;44,994206;-0,441915
202300019282;17;10;2023;08:35;1;60;60057;2;1;1;3;Avenue Descartes;49,4083224;2,11787653
202300019283;16;10;2023;19:59;5;59;59126;2;1;1;6;2 Rue du Moulinel;50,313476;3,122252
202300019284;15;10;2023;17:23;1;13;13214;1;1;1;3;A507 sens Marseille - Aubagne;43,33173866;5,38679838
202300019285;16;10;2023;05:45;3;33;33039;1;1;1;2;ROCADE A 630;44,8001;-0,53564
202300019286;16;10;2023;07:08;3;91;91136;1;1;1;6;AUTOROUTE A10;48,71213;2,28463
202300019287;16;10;2023;14:15;1;92;92036;1;1;1;4;A86;48,93535855;2,28516302
202300019288;15;10;2023;21:15;3;78;78073;1;1;1;5;N12Y;48,798617;2,003875
202300019289;16;10;2023;18:40;2;93;93007;1;1;1;6;AUTOROUTE A3;48,9233048;2,48049511
202300019290;16;10;2023;09:50;1;94;94018;1;1;1;3;A4;48,81948161;2,40571551
202300019291;16;10;2023;09:10;1;94;94022;1;1;1;4;A86;48,77601929;2,4276246
202300019292;15;10;2023;00:05;3;94;94069;1;1;1;4;A4;48,81723163;2,4298979
202300019293;2;7;2023;14:15;1;73;73270;1;2;1;3;D32 Route du général curial;45,56222;6,168829
202300019294;9;7;2023;15:45;1;73;73023;1;1;1;7;D1006;45,216129;6,753266
202300019295;11;6;2023;17:45;1;73;73322;1;1;3;6;D215;45,20719858;6,67688861
202300019296;4;6;2023;04:10;2;13;13097;1;1;1;3;Route Nationale 568;43,51439526;4,85150736
202300019297;14;10;2023;23:45;5;973;97302;2;2;1;6;DE GAULLE (AVENUE);4,93987989;-52,32734442
202300019298;15;10;2023;21:36;5;69;69388;2;1;1;3;Avenue Paul Santy;45,72972014;4,87581481
202300019299;15;10;2023;19:15;5;69;69387;2;1;1;6;Rue Crépet;45,73885;4,83594
202300019300;13;10;2023;22:20;5;972;97213;1;1;1;2;ROUTE NATIONALE 5;14,59692;-60,99767
202300019301;14;10;2023;07:20;1;972;97213;1;1;1;3;ROUTE NATIONALE 1;14,63257;-60,97778
202300019302;13;10;2023;22:40;5;972;97213;1;1;1;2;ROUTE NATIONALE 5;14,59609;-60,98825
202300019303;15;10;2023;06:50;5;69;69382;2;1;1;6;Rue Guynemer;45,75514;4,8264
202300019304;15;10;2023;18:23;5;971;97101;1;3;1;3;BESSON;16,24089847;-61,49590194
202300019305;9;10;2023;11:35;1;971;97113;2;1;1;2;GRAND BAIE ( RN4);16,22013;-61,51918
202300019306;15;10;2023;19:05;2;2A;2A004;2;3;1;3;GRANDE ARMEE AVENUE;41,92766;8,73329
202300019307;15;10;2023;07:40;5;91;91692;2;1;1;6;AUBRAC (AVENUE DE L');48,677174;2,174054
202300019308;15;10;2023;22:50;5;91;91114;2;1;1;7;BD CHARLES DE GAULLE;48,69416;2,50763
202300019309;15;10;2023;14:20;1;91;91097;2;9;1;7;AV DU GAL CHARLES DE GAULLE;48,683998;2,531786
202300019310;14;10;2023;21:55;5;86;86194;2;1;1;2;Avenue John Kennedy;46,583917;0,366778
202300019311;14;10;2023;14:40;1;86;86194;2;9;1;3;Avenue de Nantes;46,585594;0,333202
202300019312;15;10;2023;14:30;1;69;69266;2;1;1;3;1 Boulevard de la Bataille de Stalingrad;45,78305;4,85992
202300019313;15;10;2023;17:50;1;67;67482;2;8;1;3;ARMANDE BEJART (RUE);48,59235;7,71131
202300019314;14;10;2023;13:15;1;67;67365;2;1;2;2;ETTORE BUGATTI (RUE);48,54208;7,69723
202300019315;19;8;2023;19:14;1;63;63063;1;9;7;7;N/A;45,83061;3,11391
202300019316;15;10;2023;20:20;5;62;62498;2;1;1;6;Route de Lille;50,43712;2,84236
202300019317;15;10;2023;15:30;1;62;62193;2;1;1;1;Rue des Dunes;50,9704474;1,88332683
202300019318;15;10;2023;12:05;1;49;49007;2;1;1;2;MOULIN BOULEVARD;47,49223;-0,54948
202300019319;15;10;2023;09:00;1;49;49007;2;2;1;6;COUBERTIN;47,45813738;-0,53300589
202300019320;15;10;2023;12:40;1;45;45302;1;3;1;3;ROUTE NATIONALE 20;47,964174;1,888438
202300019321;28;8;2023;19:20;1;42;42218;2;3;1;6;Rue Francisque Voytier;45,42231;4,40568
202300019322;15;10;2023;22:10;3;38;38151;1;1;1;4;A480;45,15076;5,69694
202300019323;15;10;2023;06:30;5;37;37261;2;3;1;3;WAGNER (BOULEVARD RICHARD);47,3744;0,70388
202300019324;15;10;2023;02:30;5;34;34172;2;1;1;1;LIBERTE (AVENUE DE LA;43,6088;3,84431
202300019325;15;10;2023;16:40;1;33;33069;2;2;1;3;Boulevard Pierre 1er;44,85705;-0,59118
202300019326;15;10;2023;06:10;4;33;33318;2;6;1;6;Avenue Gustave Eiffel;44,78159;-0,64981
202300019327;15;10;2023;00:35;5;33;33063;2;2;1;3;RUE LUCIEN FAURE;44,86597;-0,56134
202300019328;15;10;2023;18:55;1;32;32013;2;1;1;2;Avenue du Corps Franc Pommiès;43,62984;0,58041
202300019329;15;10;2023;14:50;1;13;13203;2;1;1;3;PARIS (BOULEVARD DE);43,31332;5,36742
202300019330;15;10;2023;07:00;1;13;13203;2;2;1;3;NATIONAL (BOULEVARD);43,30566;5,38395
202300019331;15;10;2023;06:44;5;13;13213;2;9;1;1;ALBERT EINSTEIN (RUE);43,33305;5,43042
202300019332;14;10;2023;16:50;1;13;13028;2;1;1;2;ERNEST SUBILIA;43,18435506;5,60934093
202300019333;15;10;2023;05:40;5;6;6104;2;1;1;3;AZUR (AVENUE DE LA COTE D');43,762221;7,457794
202300019334;15;10;2023;11:45;1;4;4070;2;1;1;3;NICE (RTE);44,07766;6,21116
202300019335;15;10;2023;06:30;5;75;75117;2;4;1;2;PORTE DE CLICHY;48,89550339;2,30764389
202300019336;15;10;2023;01:40;5;75;75120;2;3;1;2;BOULEVARD DAVOUT;48,858697;2,409835
202300019337;15;10;2023;14:30;1;75;75119;2;3;1;3;AVENUE JEAN JAURES;48,886555;2,384617
202300019338;15;10;2023;14:45;1;75;75118;2;2;1;7;RUE DE LA CHAPELLE;48,890244;2,359916
202300019339;15;10;2023;20:05;3;75;75116;2;1;1;6;PORTE DAUPHINE;48,874363;2,271394
202300019340;15;10;2023;01:05;5;75;75116;2;1;1;2;AVENUE MOZART;48,851713;2,267749
202300019341;15;10;2023;01:40;5;75;75112;2;4;1;6;RUE DE CHARENTON;48,841721;2,386936
202300019342;15;10;2023;20:40;5;75;75107;2;2;1;3;AVENUE BOSQUET;48,861161;2,3024
202300019343;14;10;2023;23:33;5;94;94068;2;2;1;3;Avenue de l’Alma;48,78600688;2,49520853
202300019344;15;10;2023;19:05;5;94;94076;2;1;1;6;Rue Marcel Grosménil;48,79986;2,3552
202300019345;15;10;2023;14:00;1;94;94022;2;9;1;3;Avenue Victor Hugo;48,769308;2,422342
202300019346;15;10;2023;09:55;1;94;94054;2;1;1;3;7 Rue Christophe Colomb;48,750381;2,417955
202300019347;15;10;2023;14:40;1;93;93072;2;9;1;3;Avenue de Stalingrad;48,948347;2,378637
202300019348;14;10;2023;17:20;1;93;93051;2;3;1;3;Rue du Centre / Rue de la Closerie;48,83844;2,54718
202300019349;15;10;2023;14:09;1;93;93029;2;3;1;6;Avenue Jean Jaurès / Rue François Carels;48,91643;2,45803
202300019350;15;10;2023;18:30;5;93;93066;2;1;1;3;Boulevard Anatole France;48,929241;2,35496
202300019351;15;10;2023;20:40;5;93;93010;2;1;1;6;Avenue Léon Blum;48,9132432;2,4784772
202300019352;15;10;2023;09:15;1;93;93008;2;1;1;7;Avenue Paul Vaillant - Couturier;48,908428;2,451436
202300019353;15;10;2023;00:45;5;93;93007;2;2;1;7;CHARLES FLOQUET (AVENUE);48,94009099;2,43844718
202300019354;15;10;2023;20:17;5;92;92072;2;1;1;7;GRANDE RUE;48,82555721;2,21633828
202300019355;15;10;2023;12:35;1;92;92063;2;9;1;3;CHATOU (PONT DE);48,88786297;2,16539249
202300019356;14;10;2023;21:38;5;92;92023;2;3;1;6;CAVEE (RUE DE LA);48,78834334;2,25838137
202300019357;15;10;2023;19:10;2;92;92019;2;1;1;7;FAYO VINCENT (RUE);48,76285299;2,28262782
202300019358;15;10;2023;22:00;3;80;80498;1;1;1;7;pk 41 D919;50,064398;2,593138
202300019359;16;10;2023;13:00;1;87;87002;1;1;1;1;Le Tarier;45,940424;1,367497
202300019360;15;10;2023;19:25;3;36;36013;1;2;1;3;N/A;47,0589226;1,6022893
202300019361;15;10;2023;19:45;2;41;41167;2;2;1;1;Avenue de la République;47,492508;1,18404
202300019362;16;10;2023;07:25;2;28;28018;1;1;1;2;Autoroute A11 PK 116+150 vers Paris;48,195306;0,864622
202300019363;13;10;2023;05:40;3;83;83132;1;1;1;2;autoroute A57, PK 11.700 sens Nord;43,173699;6,049261
202300019364;15;10;2023;19:10;5;62;62571;2;2;8;3;D940;50,4735525;1,61761022
202300019365;16;10;2023;16:45;1;59;59082;1;1;1;1;Route de Bergues;50,964276;2,415202
202300019366;15;10;2023;12:35;1;44;44138;1;3;1;3;N/A;47,490453;-1,638164
202300019367;15;10;2023;06:10;2;83;83130;1;3;1;3;rd554 domaine des 4 saisons;43,18942574;6,05584645
202300019368;15;10;2023;12:35;1;32;32066;1;2;1;3;CD282;43,842884;0,727512
202300019369;15;10;2023;16:15;1;63;63223;1;1;8;1;D2144;46,11685257;2,88642555
202300019370;6;10;2023;15:30;1;12;12210;1;1;1;3;D922;44,186128;2,028072
202300019371;15;10;2023;16:00;1;68;68264;1;4;1;1;D21;47,571258;7,410407
202300019372;15;10;2023;15:00;1;39;39470;1;1;1;6;N/A;46,456526;6,06477
202300019373;13;10;2023;14:30;1;25;25586;1;1;1;1;D480;47,470511;6,897536
202300019374;15;10;2023;18:20;2;25;25328;1;1;1;7;Route Nationale;47,185863;5,964632
202300019375;12;10;2023;11:17;1;31;31528;1;1;1;2;D5;43,24291543;0,73436469
202300019376;15;10;2023;16:15;1;15;15223;2;1;1;7;RD 422;45,31832;2,436503
202300019377;15;10;2023;18:50;2;1;1254;2;1;8;3;2700 Route du Revermont;46,166539;5,295394
202300019378;16;10;2023;11:00;1;58;58243;1;1;1;1;Route du Bouron;46,899425;3,685913
202300019379;16;10;2023;08:30;1;54;54152;2;1;7;6;19 Rue du Mal de Lattre de Tassigny;48,557785;6,38541
202300019380;14;10;2023;14:00;1;6;6073;1;1;1;6;M97 - PK4 + 000;44,200309;7,072073
202300019381;14;10;2023;14:10;1;6;6073;2;1;1;6;M97;44,190532;7,152312
202300019382;16;10;2023;00:37;3;50;50604;1;1;1;6;D23;49,530752;-1,825511
202300019383;14;10;2023;15:20;1;50;50487;1;1;1;3;La Besliviere;48,536897;-1,358009
202300019384;15;10;2023;14:50;1;83;83046;1;1;1;7;Rd22 PR 11+250;43,544504;6,161313
202300019385;16;10;2023;16:50;1;7;7167;1;1;1;1;route départementale 2 07360;44,792967;4,61297
202300019386;15;10;2023;20:30;3;40;40333;1;1;1;6;D157;43,969963;-0,744882
202300019387;13;10;2023;21:00;3;85;85084;1;1;2;2;RD137;46,783255;-1,118874
202300019388;16;10;2023;09:25;1;27;27425;2;1;1;7;Rue du Chateau;49,151426;0,719079
202300019389;14;10;2023;19:40;3;37;37104;1;1;1;2;D943;47,32185542;0,76884985
202300019390;15;10;2023;11:20;1;30;30083;2;2;1;1;Route Nationale 113;43,727778;4,221057
202300019391;15;10;2023;16:20;1;30;30182;1;9;1;7;RD 999;43,860896;4,149528
202300019392;13;10;2023;14:55;1;88;88116;1;1;1;6;4 Route de Xoulces;47,965979;6,8505
202300019393;14;10;2023;18:25;1;78;78455;2;3;1;3;Chemin des Princes;48,84067;2,066991
202300019394;14;10;2023;15:30;1;53;53108;1;1;1;6;Péage de la GRAVELLE A81 PK 266+300;48,082838;-1,027576
202300019395;16;10;2023;14:45;1;6;6085;1;1;8;1;autoroute A8 PK 169.000 NORD;43,596119;7,049103
202300019396;12;10;2023;07:50;1;68;68084;2;1;1;4;Vieille Rue;47,712864;7,400115
202300019397;13;10;2023;14:00;1;986;98613;2;1;1;1;RT 1, HA'ATOFO;-13,329066;-176,192003
202300019398;16;10;2023;08:30;1;976;97607;1;1;1;1;Route Nationale 2, entre ONGOJOU et COCONI;-12,836668;45,144303
202300019399;15;10;2023;18:20;2;973;97305;1;3;1;3;Route Nationale 1 - PK 15.500;4,936463;-52,407929
202300019400;15;10;2023;15:45;1;13;13087;2;1;1;1;D56;43,479238;5,592095
202300019401;3;10;2023;19:00;2;41;41130;1;2;1;3;RD 110;47,778055;1,347456
202300019402;15;10;2023;10:00;1;83;83068;2;1;1;6;D559;43,283294;6,590461
202300019403;12;10;2023;02:00;3;13;13066;1;1;1;6;D30;43,846051;4,898234
202300019404;1;10;2023;21:10;3;25;25520;1;1;1;7;D464;47,276776;6,364893
202300019405;15;10;2023;17:00;1;67;67112;1;2;1;3;D147;48,513197;7,568437
202300019406;13;10;2023;17:25;1;67;67540;1;2;1;3;D160;48,795983;7,718945
202300019407;15;10;2023;07:47;1;57;57645;1;6;1;6;D652;49,196895;6,143696
202300019408;13;10;2023;05:45;5;57;57433;2;1;1;6;68 Grand'Rue;49,212369;6,159709
202300019409;15;10;2023;15:00;1;74;74154;1;1;1;7;Route de rully;46,379134;6,65544
202300019410;15;10;2023;16:20;1;44;44201;1;1;1;6;la Maillère;47,342814;-1,558857
202300019411;15;10;2023;22:47;3;38;38135;1;1;1;6;Grande Rue de Lancin;45,726154;5,410069
202300019412;14;10;2023;10:30;1;32;32312;1;1;1;7;D626;43,61423;0,677918
202300019413;15;10;2023;09:45;1;79;79319;1;1;1;1;N/A;46,359998;-0,170814
202300019414;15;10;2023;19:20;2;22;22168;2;4;1;1;RUE ERNEST RENAN;48,802094;-3,443533
202300019415;12;10;2023;05:45;3;27;27489;1;3;3;3;départementale 316;49,072207;1,223023
202300019416;15;10;2023;19:20;5;69;69266;1;1;1;2;Route Départementale 383 ;45,76607772;4,90619197
202300019417;13;10;2023;08:45;1;69;69091;1;1;1;5;Autoroute 47;45,57478;4,7177
202300019418;15;10;2023;04:34;3;91;91228;1;1;1;2;AUTOROUTE A6;48,62193;2,42328
202300019419;15;10;2023;19:40;3;93;93007;1;1;1;6;AUTOROUTE A1;48,95481;2,45745
202300019420;15;10;2023;15:30;1;93;93066;1;1;1;5;AUTOROUTE A1;48,91854;2,35757
202300019421;14;10;2023;20:00;3;92;92036;1;1;2;4;AUTOROUTE A15;48,93788866;2,29766722
202300019422;15;10;2023;20:30;3;94;94004;1;1;1;3;N19;48,75524349;2,50744352
202300019423;15;10;2023;05:45;3;77;77373;1;1;1;2;RN104;48,77186057;2,61192396
202300019424;22;4;2023;15:50;1;29;29232;1;1;2;6;Rond-Point de Troyalac'h;47,97846;-4,01754
202300019425;12;10;2023;01:30;4;57;57463;2;1;1;6;GABRIEL PIERNE (RUE );49,10164;6,17823
202300019426;18;7;2023;20:35;1;62;62160;2;1;1;7;Boulevard Beaucerf;50,71788199;1,61247687
202300019427;22;4;2023;19:00;1;27;27681;2;2;1;5;AZEMIA (BOULEVARD GEORGES);49,0820485;1,4821413
202300019428;22;5;2023;19:30;1;62;62160;2;1;1;3;D96;50,711257;1,613868
202300019429;22;4;2023;20:35;3;25;25056;2;1;2;6;GRAY ROUTE DE;47,246796;5,983315
202300019430;16;5;2023;19:20;1;62;62758;2;6;1;3;Rue au Bois;50,73136;1,63026
202300019431;22;4;2023;14:13;1;13;13205;2;2;1;3;BERCEAU (RUE);43,28815;5,39523
202300019432;14;10;2023;09:10;1;976;97611;2;1;1;6;vahibe-Vietnam (rue);-12,79044;45,17674
202300019433;22;4;2023;19:45;1;5;5023;2;1;1;2;GRENOBLE (ROUTE DE);44,90228;6,64162
202300019434;21;4;2023;13:00;1;3;3190;2;3;1;3;GAULLE (AV. DU GAL. DE);46,5746;3,32043
202300019435;14;10;2023;15:50;1;974;97416;1;1;1;3;ZONE (ALLEE DE LA);-21,32052;55,47427
202300019436;23;4;2023;15:40;1;75;75120;2;1;2;6;ECHANGEUR BAGNOLET;48,860805;2,414057
202300019437;14;10;2023;14:30;1;973;97302;2;1;1;6;VOLTAIRE(AVENUE);4,94230628;-52,32265323
202300019438;23;4;2023;02:59;5;75;75105;2;3;1;6;BOULEVARD DE L HOPITAL;48,84186;2,363172
202300019439;14;10;2023;12:00;1;973;97302;2;1;1;3;BRUTUS (CITE);4,93605634;-52,31852263
202300019440;23;4;2023;22:30;5;75;75117;2;3;1;3;BOULEVARD D AURELLE DE PALADINES;48,881915;2,283376
202300019441;14;10;2023;00:00;4;973;97302;2;1;1;3;FELIX EBOUE(ROCADE);4,92764;-52,31918
202300019442;23;4;2023;01:50;5;75;75117;2;2;1;6;RUE GUSTAVE FLAUBERT;48,88155;2,299629
202300019443;14;10;2023;17:15;1;69;69386;2;2;1;3;Avenue Maréchal de Saxe;45,76871;4,84388
202300019444;19;4;2023;11:40;1;75;75116;2;3;1;3;AVENUE DE L HIPPODROME;48,858;2,252686
202300019445;23;4;2023;22:00;5;75;75115;2;7;2;2;PLACE CAMBRONNE;48,847872;2,301227
202300019446;14;10;2023;18:00;1;69;69034;2;6;1;2;Rue Jean Moulin;45,80239743;4,85079233
202300019447;23;4;2023;18:40;1;75;75115;2;3;2;3;AVENUE FELIX FAURE;48,839833;2,284827
202300019448;13;10;2023;15:10;1;69;69202;2;2;1;3;106 Route de la Libération;45,72435;4,77929
202300019449;22;4;2023;12:40;1;75;75113;2;3;1;5;RUE CHARLES FOURIER;48,825339;2,35106
202300019450;14;10;2023;11:00;1;86;86194;2;1;1;2;Avenue de la Revolution;46,58531;0,38164
202300019451;23;4;2023;10:25;1;75;75112;2;1;2;2;RUE DE CHARENTON;48,851307;2,372323
202300019452;14;10;2023;19:35;5;84;84031;2;9;1;7;COMTAT VENAISSIN;44,04554;5,05994
202300019453;23;4;2023;00:00;4;75;75112;2;1;1;6;ROUTE DE LA PYRAMIDE;48,829542;2,451093
202300019454;13;10;2023;23:13;5;83;83137;2;7;1;4;JURIEN DE LA GRAVIERE (PLACE);43,12648002;5,92142506
202300019455;23;4;2023;20:55;3;75;75111;2;3;2;1;AVENUE PARMENTIER;48,862624;2,376493
202300019456;23;4;2023;18:45;1;75;75101;2;2;2;6;RUE DU PONT NEUF;48,85949;2,34355
202300019457;14;10;2023;19:45;2;82;82121;2;2;1;3;HERRIOT (BOULEVARD EDOUARD);44,01521757;1,36557814
202300019458;23;4;2023;15:20;1;75;75104;2;2;2;6;RUE DE RIVOLI;48,85613;2,357108
202300019459;13;10;2023;16:05;1;77;77333;2;1;1;3;D225;48,26488;2,71067
202300019460;23;4;2023;13:29;1;75;75102;2;3;2;5;BOULEVARD DE BONNE NOUVELLE;48,870053;2,350976
202300019461;14;10;2023;19:15;5;71;71270;2;1;1;6;MISTRAL (RUE FREDERIC);46,28927;4,80988
202300019462;22;4;2023;22:30;5;94;94081;2;2;1;3;Voie des Monis;48,78077;2,38279
202300019463;14;10;2023;21:10;5;69;69266;2;3;1;1;Rue du 1 Mars 1943;45,75992;4,88896
202300019464;23;4;2023;15:25;1;94;94028;2;1;8;2;Avenue des Compagnons de la Libération;48,77755;2,45562
202300019465;14;10;2023;19:20;5;69;69290;2;1;1;1;40 Rue Anatole France;45,69343;4,93215
202300019466;14;10;2023;12:40;1;69;69259;2;1;1;6;Avenue Marcel Cachin;45,69389;4,8751
202300019467;14;10;2023;06:00;3;69;69271;1;1;8;7;Route de Lyon;45,74324;4,94185
202300019468;23;4;2023;13:05;1;92;92049;2;3;2;6;GINOUX AV. HENRI N°1 A 95 ET 2 A 104;48,81587013;2,32088998
202300019469;23;4;2023;03:15;5;92;92044;2;1;1;6;VIC. HUGO(RUE)091A113 ET 112A146;48,89712837;2,29542911
202300019470;23;4;2023;18:26;1;92;92026;2;9;2;6;MISSION MARCHAND (COTE PAIR);48,89628;2,24048
202300019471;23;4;2023;15:10;1;92;92014;2;1;1;6;MONTROUGE (AVENUE DE);48,78517338;2,31016785
202300019472;13;10;2023;09:45;1;68;68376;2;1;1;7;MINES (RUE DES);47,80529;7,33594
202300019473;23;4;2023;12:29;1;974;97415;1;1;1;5;Rue gabriel guist'hau;-21,015536;55,271203
202300019474;14;10;2023;01:40;3;67;67458;1;1;1;1;RD 1063;48,807355;7,751567
202300019475;22;4;2023;20:45;3;974;97415;1;1;1;7;Route des Tamarins RN1;-21,022021;55,256166
202300019476;14;10;2023;10:20;1;64;64483;2;1;8;6;SALLAGOITY GARRA (RUE);43,38757;-1,65889
202300019477;14;10;2023;16:20;1;64;64445;2;1;1;2;ALSACE LORRAINE D';43,30312;-0,36295
202300019478;24;4;2023;07:00;1;976;97610;1;1;1;5;ROUTE NATIONALE MAJICAVO KOROPA;-12,7348973;45,19932032
202300019479;14;10;2023;12:41;1;63;63113;2;1;1;3;MICHELIN (AVENUE EDOUARD);45,78170234;3,100411
202300019480;14;10;2023;03:20;5;63;63113;2;3;1;1;Montlosier / Richepin;45,78144661;3,08863878
202300019481;23;4;2023;17:30;1;24;24462;1;1;2;5;D6089;45,031378;0,314303
202300019482;15;10;2023;00:20;5;62;62178;2;1;8;1;Rue Emile Basly;50,48411039;2,53545231
202300019483;10;10;2023;08:55;1;59;59172;2;1;1;3;RUE ALEXANDRE BAUDUIN;50,34493625;3,38184215
202300019484;20;4;2023;13:15;1;40;40065;2;3;1;3;85 Av Mal de Lattre de Tassigny;43,649864;-1,444434
202300019485;13;10;2023;22:20;5;59;59033;2;6;1;1;Rue Anatole France;50,201456;3,825171
202300019486;14;10;2023;19:40;5;59;59378;2;2;1;3;BUISSON RUE DU;50,65612;3,09001
202300019487;24;4;2023;10:35;1;67;67073;1;1;8;1;Rue de Ville;48,291378;7,363184
202300019488;13;10;2023;22:30;5;59;59247;2;1;1;3;PRINCIPALE RUE;50,63509;3,18839
202300019489;23;4;2023;16:50;1;972;97206;1;1;1;1;Fond Manoel;14,494914;-60,98823
202300019490;10;10;2023;17:00;1;54;54528;2;2;1;3;Avenue du General Bigeard;48,67027;5,89054
202300019491;23;4;2023;17:00;1;64;64382;1;1;1;6;Route Départementale 946;43,485458;-0,656004
202300019492;23;4;2023;08:00;1;21;21223;1;1;5;6;M971 Route de Troyes;47,359892;4,976506
202300019493;13;10;2023;16:50;1;51;51454;2;3;1;1;BRIMONTEL (RUE);49,273825;4,0334
202300019494;23;4;2023;15:10;1;62;62021;1;1;3;6;D126;50,507211;1,850456
202300019495;23;4;2023;15:59;1;57;57554;1;1;3;7;D113F;49,017982;6,203359
202300019496;21;4;2023;17:00;1;80;80488;2;1;1;6;Rue de la Division Leclerc;50,013941;1,990864
202300019497;14;10;2023;10:20;1;50;50129;2;1;1;3;SALINE (BOULEVARD DE LA);49,65397;-1,64922
202300019498;22;4;2023;11:50;1;32;32190;1;1;2;7;D626;43,795493;0,246956
202300019499;15;10;2023;00:01;5;49;49007;2;1;1;4;PASTEUR;47,47488;-0,53587
202300019500;22;4;2023;16:40;1;32;32384;1;1;2;1;D 930 / PK 005+385;43,712844;0,507077
202300019501;13;10;2023;14:00;1;49;49007;2;3;1;3;MIMOSAS;47,4814;-0,52348
202300019502;24;4;2023;16:17;1;63;63195;2;1;1;6;1 Rue des Augustins;45,828156;3,378618
202300019503;13;10;2023;12:00;1;48;48095;2;1;1;6;GENEVRIERS (RUE DES);44,52756;3,50773
202300019504;23;4;2023;15:21;1;63;63178;2;3;1;3;Bizaleix/  Eugène Barbet;45,546083;3,225635
202300019505;14;10;2023;03:14;5;38;38185;2;1;1;1;RUE JULES FLANDRIN;45,18821;5,74601
202300019506;24;4;2023;02:00;3;68;68139;1;1;2;7;D432;47,605419;7,225376
202300019507;23;4;2023;17:50;1;22;22101;1;1;1;1;D72 TRAOU ROUT;48,74821;-3,308001
202300019508;14;10;2023;22:40;5;34;34172;2;3;1;3;PONT TRINQUAT (AVENUE DU;43,5955;3,89679
202300019509;24;4;2023;15:54;1;44;44212;1;2;1;3;Les Courreres;47,195348;-1,249371
202300019510;14;10;2023;23:25;5;33;33063;2;3;1;3;RUE RENE MAGNE;44,88885;-0,5412
202300019511;23;4;2023;12:55;1;35;35302;1;2;2;3;Le Rosay;48,17560778;-2,13384479
202300019512;13;4;2023;08:20;1;15;15169;2;3;8;3;RD 236 rue du paradis;45,337707;2,48192
202300019513;24;4;2023;14:07;1;70;70245;1;2;1;5;N57;47,923453;6,423472
202300019514;19;4;2023;15:30;1;70;70129;2;2;7;3;Carrefour RD5 / RD23;47,475509;5,813527
202300019515;22;4;2023;12:40;1;26;26112;1;1;1;6;RD94;44,388037;5,23263
202300019516;24;4;2023;02:40;3;66;66167;2;1;2;6;N/A;42,457156;2,038067
202300019517;24;4;2023;02:50;5;64;64542;1;1;1;7;N1134 PK 119.900;42,792732;-0,54390371
202300019518;23;4;2023;19:30;1;10;10426;1;1;2;6;N/A;48,16626521;4,77608465
202300019519;23;4;2023;18:20;1;88;88486;2;1;3;1;57 Rue des Grands Prés;48,013134;6,731944
202300019520;4;7;2023;09:25;1;75;75113;2;1;1;3;BD PERIPHERIQUE EXTERIEUR;48,81688;2,348326
202300019521;16;6;2023;12:40;1;75;75106;2;2;1;3;BOULEVARD SAINT GERMAIN;48,853161;2,335939
202300019522;23;4;2023;22:20;5;6;6152;1;6;1;6;route des dolines;43,61767;7,037913
202300019523;4;7;2023;09:00;1;75;75119;2;3;1;6;BOULEVARD MACDONALD;48,89891293;2,38256747
202300019524;22;4;2023;22:20;3;49;49167;1;1;1;2;A87n;47,40584;-0,509689
202300019525;23;4;2023;13:25;1;34;34340;1;1;1;1;A9 aire d'ambrussum sud;43,712177;4,131052
202300019526;3;7;2023;20:00;1;75;75119;2;2;1;5;RUE BOTZARIS;48,879572;2,389501
202300019527;24;4;2023;08:00;1;17;17142;1;1;1;1;départementale 9  PK 000+105;46,176844;-1,070884
202300019528;4;7;2023;21:30;5;75;75117;2;2;3;6;BOULEVARD MALESHERBES;48,885221;2,307251
202300019529;24;4;2023;09:00;1;38;38067;1;4;1;3;RD 75;45,670324;5,1507
202300019530;4;7;2023;17:20;1;75;75117;2;3;1;3;AVENUE NIEL;48,883228;2,296606
202300019531;24;4;2023;06:45;1;974;97403;1;1;1;1;Route Departemental 26;-21,266985;55,464606
202300019532;4;7;2023;08:50;1;75;75117;2;4;1;2;BOULEVARD DE DOUAUMONT;48,896271;2,309989
202300019533;24;4;2023;13:20;1;77;77231;2;1;1;3;D17E;48,997659;3,007207