Num_Acc;jour;mois;an;hrmn;lum;dep;com;agg;int;atm;col;adr;lat;long
202300019534;4;7;2023;19:50;1;75;75116;2;2;2;3;AVENUE DE LA GRANDE ARMEE;48,874378;2,292935
202300019535;24;4;2023;08:00;1;83;83065;1;1;1;5;D559;43,221276;6,570779
202300019536;4;7;2023;09:20;1;75;75116;2;2;1;1;VOIE GEORGES POMPIDOU;48,847127;2,274709
202300019537;23;4;2023;19:30;1;13;13035;1;1;2;1;D569;43,679496;5,028498
202300019538;4;7;2023;08:00;1;75;75116;2;7;1;3;PLACE CHARLES DE GAULLE;48,873241;2,294674
202300019539;24;4;2023;15:00;1;68;68154;2;1;1;3;73 Rue des Vosges;47,778501;7,349562
202300019540;21;4;2023;02:20;3;67;67368;1;1;1;7;RD 426;48,432447;7,393606
202300019541;4;7;2023;08:25;1;75;75116;2;3;1;2;CHAUSSEE LA MUETTE;48,858309;2,272642
202300019542;3;7;2023;19:43;1;75;75115;2;3;1;6;PLACE VIOLET;48,844658;2,290502
202300019543;24;4;2023;13:25;1;33;33433;1;1;1;5;25 Route d'Ambarés;44,920361;-0,447677
202300019544;4;7;2023;16:20;1;75;75114;2;1;1;6;BOULEVARD EDGAR QUINET;48,8389511;2,3267135
202300019545;3;7;2023;16:15;1;75;75114;2;2;1;6;RUE DIDOT;48,829227;2,317316
202300019546;21;4;2023;14:25;1;33;33436;1;1;1;1;D111;44,60658632;-0,62040567
202300019547;3;7;2023;12:15;1;75;75114;2;3;1;6;AVENUE DU GENERAL LECLERC;48,824768;2,325973
202300019548;23;4;2023;15:40;1;2;2186;2;9;1;6;9 Chemin du Csa;48,984314;3,39857
202300019549;4;7;2023;09:20;1;75;75113;2;1;1;3;BOULEVARD SAINT MARCEL;48,839212;2,35933
202300019550;23;4;2023;17:42;1;13;13033;1;1;1;5;A55-Sens Martigues vers Marseille;43,38065;5,21414
202300019551;4;7;2023;12:40;1;75;75112;2;1;1;3;RUE DE BERCY;48,843945;2,373024
202300019552;18;4;2023;20:00;1;69;69256;2;1;1;2;Rocade est;45,79762;4,92732
202300019553;4;7;2023;09:23;1;75;75112;2;1;7;1;QUAI DE BERCY;48,82742956;2,38927567
202300019554;4;7;2023;11:30;1;75;75110;2;3;1;6;RUE DU HUIT MAI 1945;48,87630335;2,3574526
202300019555;23;4;2023;17:39;1;94;94034;1;1;1;4;A86;48,76069661;2,31909804
202300019556;15;6;2023;14:20;1;94;94074;2;2;1;1;Avenue du Rû de Gironde;48,74204;2,46621
202300019557;23;4;2023;16:45;1;91;91377;1;1;1;2;AUTOROUTE A10;48,72728;2,30353
202300019558;3;7;2023;10:15;1;94;94043;2;1;1;3;117 Avenue de Fontainebleau;48,808525;2,362981
202300019559;22;4;2023;11:50;1;91;91617;1;1;2;6;104 EXT/ A5A PROVINCE;48,63543;2,53562
202300019560;2;7;2023;07:45;1;94;94002;2;1;8;5;Avenue du Général Leclerc;48,79999;2,41915
202300019561;23;4;2023;11:10;1;91;91136;1;1;1;7;AUTOROUTE A10;48,713659;2,276047
202300019562;23;4;2023;16:15;1;93;93027;1;1;8;6;BDL;48,92686;2,40338
202300019563;4;7;2023;16:00;1;93;93073;2;2;2;3;Avenue Albert Sarraut / Rue de Berry;48,94304;2,58852
202300019564;23;4;2023;11:00;1;93;93027;1;1;8;2;AUTOROUTE A86;48,92855498;2,41576754
202300019565;3;7;2023;22:00;5;93;93078;2;2;1;3;Boulevard Robert Ballanger / Avenue Jean Paul Sartre;48,96011;2,55306
202300019566;23;4;2023;11:40;1;95;95582;1;1;8;6;A15;48,96346787;2,26421667
202300019567;23;4;2023;12:25;1;93;93064;1;1;8;6;AUTOROUTE A86;48,87833813;2,47687816
202300019568;4;7;2023;18:07;1;93;93070;2;2;1;3;Avenue Gabriel Péri / Rue des Rosiers;48,90841;2,33254
202300019569;15;6;2023;13:30;1;93;93066;2;1;1;6;Rue Jules Védrines;48,94699;2,36102
202300019570;22;4;2023;23:17;3;95;95154;1;1;1;5;A1;49,04933106;2,54743338
202300019571;22;4;2023;07:30;1;93;93053;1;1;3;6;AUTOROUTE A3;48,88709775;2,47365447
202300019572;4;7;2023;17:45;1;93;93048;2;1;1;6;Rue des Grands Pechers;48,86000221;2,46566623
202300019573;12;2;2023;20:10;5;69;69386;2;1;1;6;19 Allée Achille Lignon;45,78257;4,85015
202300019574;3;7;2023;11:50;1;93;93030;2;2;1;3;Avenue Louis Larivière / Rue Daniel Sueur;48,95284;2,41645
202300019575;21;4;2023;15:15;1;976;97611;2;1;1;6;cavani-Rond point du Stade;-12,78367;45,22255
202300019576;21;4;2023;14:15;1;976;97611;2;1;1;6;vahibe-Departementale 3 ( route );-12,80182;45,21189
202300019577;4;7;2023;20:34;1;93;93005;2;6;3;1;Boulevard André Citroën;48,96030445;2,48819189
202300019578;22;4;2023;02:15;3;974;97416;1;9;1;3;RN02;-21,3493;55,50301
202300019579;4;7;2023;07:35;1;92;92073;2;3;1;7;CHENES (RUE DES);48,880986;2,227081
202300019580;21;4;2023;14:50;1;69;69383;2;1;1;6;Cours Gambetta;45,75425;4,84612
202300019581;4;7;2023;16:15;1;92;92064;2;1;1;3;PORTE JAUNE;48,85007076;2,20305499
202300019582;3;7;2023;17:20;1;92;92049;2;1;1;3;BROSSOLETTE AVENUE PIERRE;48,81495877;2,30411544
202300019583;21;4;2023;02:00;5;69;69386;2;2;1;3;Rue de Sèze;45,76853;4,85054
202300019584;20;4;2023;23:30;5;2A;2A004;2;1;1;6;VITTULO ROUTE DU;41,92915;8,72713
202300019585;4;7;2023;18:45;1;92;92048;2;1;2;2;PEPINIERE (RUE DE LA);48,78536731;2,22440913
202300019586;4;7;2023;15:40;1;92;92040;2;1;2;3;AUGUSTE GERVAIS;48,8236516;2,27302802
202300019587;21;4;2023;14:30;1;91;91589;2;1;1;6;RUE DU MAIL;48,675432;2,353579
202300019588;1;7;2023;20:15;1;92;92004;2;2;1;3;MENIL;48,9203562;2,28424028
202300019589;20;4;2023;13:43;1;86;86066;2;1;1;7;D910;46,837471;0,547584
202300019590;5;7;2023;12:30;1;974;97415;2;1;1;3;33 Chemin Louis des Jardins;-20,978115;55,330158
202300019591;20;4;2023;09:15;1;83;83129;2;1;1;6;DE GAULLE (PROMENADE CHARLES);43,11531537;5,80883092
202300019592;4;7;2023;19:00;1;49;49244;1;1;1;1;La Chenillère (Le Marillais);47,35604;-1,046013
202300019593;22;4;2023;00:40;5;79;79259;2;1;1;7;N/A;46,966869;-0,20541
202300019594;2;7;2023;07:02;2;24;24462;1;1;1;1;départementale 6089;45,032713;0,317316
202300019595;20;4;2023;19:05;1;79;79329;2;2;1;2;N/A;46,992546;-0,21692
202300019596;21;4;2023;14:20;1;78;78498;2;2;1;1;DEVAUX BD;48,9311;2,04591
202300019597;5;7;2023;01:15;3;52;52206;1;1;1;6;D153a;48,523014;4,807699
202300019598;21;4;2023;05:40;5;78;78672;2;1;1;2;DE VOISINS AVENUE DU PRESIDENT GILBERT;48,92823;2,00572
202300019599;3;4;2023;16:15;1;76;76540;2;1;1;3;Quai de Paris;49,43637328;1,09939992
202300019600;4;7;2023;20:00;1;16;16204;1;3;1;3;route du colombier;45,571917;-0,09377
202300019601;21;4;2023;07:55;1;76;76681;2;2;1;3;Rue Victor Hugo;49,41201;1,09638
202300019602;5;7;2023;18:05;1;21;21665;1;1;1;2;A31;47,677109;5,176824
202300019603;21;4;2023;08:55;1;76;76341;1;4;1;6;RD 6015;49,5032;0,19422
202300019604;16;6;2023;20:00;1;69;69285;2;3;7;3;Rue des Canuts;45,764282;5,063737
202300019605;20;4;2023;02:10;5;76;76351;2;6;1;3;MARCEAU (RUE);49,49181;0,13285
202300019606;4;7;2023;14:37;1;21;21244;1;1;1;4;A6;47,306619;4,501981
202300019607;20;4;2023;11:25;1;72;72181;2;3;1;2;SABLONS RUE DES N° IMP 61 ET >;47,98883;0,21484
202300019608;4;7;2023;14:15;1;22;22193;1;1;2;6;RN 12 PR 031+300 sens Brest vers Rennes;48,422617;-2,451885
202300019609;5;7;2023;06:40;1;22;22206;1;1;1;2;RN 12 PR 076+500;48,529793;-2,987981
202300019610;19;4;2023;08:48;1;72;72181;2;2;1;3;ESTOURNELLES DE CONSTANT PAUL (BD D');48,0166;0,15737
202300019611;19;4;2023;15:00;1;71;71270;2;1;1;6;MICHEL (RUE LOUISE);46,3276;4,8277
202300019612;4;7;2023;07:20;1;26;26010;1;2;1;3;Rue Raymond Alleon;45,271615;4,835232
202300019613;21;4;2023;19:50;1;69;69286;2;1;1;3;Avenue de l'Europe;45,81910292;4,90636398
202300019614;4;7;2023;17:15;1;30;30202;1;1;1;3;N/A;44,247489;4,650521
202300019615;21;4;2023;12:15;1;69;69264;2;9;1;7;Route de Frans;45,98445;4,73396
202300019616;3;7;2023;18:00;1;19;19108;1;1;1;7;D22;45,709581;2,475979
202300019617;21;4;2023;14:00;1;69;69276;2;1;1;1;Avenue Albert Ramboz;45,67764155;4,84789869
202300019618;5;7;2023;15:30;1;56;56173;1;1;1;6;Kerlaria;47,953907;-3,009793
202300019619;2;7;2023;20:50;1;2A;2A085;1;1;1;6;route territoriale 40;41,917192;8,89751
202300019620;21;4;2023;09:05;1;69;69029;2;6;8;3;Carrefour des Marauders;45,73320955;4,93140935
202300019621;21;4;2023;20:21;1;68;68066;2;1;1;3;Avenue de la Foire aux Vins;48,09668;7,3565
202300019622;4;7;2023;14:45;1;80;80371;1;1;1;1;D928;50,219946;1,920633
202300019623;5;7;2023;12:45;1;81;81101;1;1;1;7;;43,9798933;2,1738684
202300019624;14;4;2023;22:29;5;67;67462;2;3;1;6;PAUL DEROULEDE (RUE);48,26053;7,45138
202300019625;21;4;2023;21:05;3;64;64373;1;9;1;6;MORTIMER DE LASSENCE;43,26161;-0,3553
202300019626;4;7;2023;17:00;1;32;32410;2;2;1;3;Boulevard des Castres;43,491296;0,929997
202300019627;21;4;2023;11:20;1;64;64348;1;1;1;6;SANTONA DE;43,31967;-0,38542
202300019628;5;7;2023;04:00;3;71;71134;1;1;1;6;RN79;46,364992;4,575747
202300019629;4;7;2023;18:44;1;89;89390;1;1;3;7;;48,333145;3,193567
202300019630;20;4;2023;16:10;1;64;64445;2;6;1;3;MARCA;43,29594;-0,37652
202300019631;21;4;2023;09:00;1;60;60057;2;9;1;1;Rue Fermepin;49,43364;2,09372
202300019632;4;7;2023;17:15;1;46;46273;1;1;1;1;Route du Barry haut;44,876347;1,877487
202300019633;21;4;2023;17:30;1;59;59295;2;1;2;6;BOULEVARD ABBE LEMIRE;50,72646;2,53769
202300019634;8;6;2023;08:45;1;44;44057;1;1;1;1;12 Le Villo;47,6;-2,044251
202300019635;21;4;2023;15:00;1;56;56098;2;1;1;3;Rue Andreï Sakharov;47,7775;-3,3439
202300019636;2;7;2023;05:00;3;38;38555;1;1;1;7;le Mollard;45,465633;5,137706
202300019637;21;4;2023;10:58;1;56;56121;2;3;1;6;8 Rue Auguste Nayel;47,74671;-3,36052
202300019638;4;7;2023;15:00;1;15;15187;2;1;1;6;RD 621;45,038297;3,066639
202300019639;20;4;2023;19:30;1;56;56121;2;3;1;3;MERVILLE (RUE  JEAN DE );47,74507;-3,37731
202300019640;5;7;2023;09:50;1;26;26101;1;1;1;3;D538 saint-maurice;44,554953;5,089095
202300019641;13;4;2023;18:40;1;49;49328;2;1;2;2;FOCH (AVENUE DU MARECHAL);47,26119;-0,08418
202300019642;5;7;2023;20:00;1;54;54533;2;7;1;7;8bis Rue des Aubepines;49,32692781;5,92718035
202300019643;2;7;2023;12:40;1;6;6073;1;1;1;7;RM97, PR13+400 - ISOLA 2000;44,193528;7,133024
202300019644;20;4;2023;23:18;3;49;49007;1;1;1;3;RD323;47,46475;-0,57521
202300019645;22;6;2023;06:00;2;64;64191;2;3;2;3;7 Avenue de la Gare;43,17268;-0,23322
202300019646;20;4;2023;19:00;1;37;37261;2;1;1;1;DUBOURG (ALLEE CHARLES);47,39398;0,67282
202300019647;5;7;2023;14:30;1;53;53224;1;1;1;7;D104;48,122703;-0,795908
202300019648;20;4;2023;16:55;1;37;37122;2;1;1;6;JEAN JAURES;47,3491;0,66557
202300019649;5;6;2023;17:30;1;53;53267;1;3;1;3;D24;48,045267;-0,484187
202300019650;21;4;2023;08:30;1;35;35238;2;1;1;2;ANGLETERRE (D');48,08166;-1,68943
202300019651;4;7;2023;17:10;1;24;24038;1;1;1;2;D708;45,326067;0,364062
202300019652;21;4;2023;10:58;1;33;33529;2;1;1;7;CAZAUX (BD DE) DU 02 ET +;44,61477151;-1,13606036
202300019653;3;7;2023;16:05;1;24;24224;1;9;1;3;ROUTE NATIONALE 21;44,889947;0,552921
202300019654;21;4;2023;09:35;1;33;33009;2;1;1;6;RD1250;44,6526;-1,15872
202300019655;4;7;2023;09:20;1;87;87054;1;1;1;6;la monnerie;45,7134464;0,86036668
202300019656;21;4;2023;19:10;1;29;29039;2;6;1;3;Rue de Kerneac'H;47,88319;-3,92248
202300019657;5;7;2023;16:25;1;87;87028;1;1;1;1;RN 147;46,207889;0,915942
202300019658;20;4;2023;18:15;1;29;29019;2;1;1;2;rue de Gouesnou;48,4132667;-4,46843469
202300019659;3;7;2023;08:57;1;10;10216;1;1;1;3;autoroute A26;48,672316;4,170181
202300019660;3;7;2023;22:20;5;78;78455;2;6;1;7;Allee des Mares;48,85113;2,049274
202300019661;21;4;2023;10:10;1;27;27229;2;1;1;6;VERNON (RUE DE);49,02998;1,16275
202300019662;4;7;2023;16:35;1;6;6018;1;1;1;3;32 Route des Dolines;43,623153;7,057664
202300019663;21;4;2023;16:00;1;26;26198;2;1;1;3;Avenue Jean Jaurès;44,54261;4,74649
202300019664;4;7;2023;20:30;1;91;91179;1;6;2;7;route départementale 948;48,562735;2,48262
202300019665;21;4;2023;13:30;1;22;22187;2;2;1;3;AV DU CHALUTIER LE FORBAN;48,53009;-2,76463
202300019666;4;7;2023;18:15;2;974;97418;1;1;1;6;Route de Beaumont;-20,939087;55,533551
202300019667;21;4;2023;10:58;1;18;18033;2;1;1;2;12 Boulevard Gambetta;47,08974;2,39154
202300019668;4;7;2023;06:55;1;78;78615;2;1;1;7;Chemin des Nourrices;48,838054;1,941404
202300019669;21;4;2023;19:40;2;13;13001;2;6;1;1;ANGENOT PAUL (BD DU GENERAL);43,5088;5,3927
202300019670;4;7;2023;16:30;1;2B;2B093;1;9;1;3;route territoriale 30;42,624241;8,918989
202300019671;21;4;2023;18:15;1;11;11069;1;1;1;2;N/A;43,21358;2,38599
202300019672;27;6;2023;23:41;3;2B;2B168;1;1;1;6;route departementale 63;42,616868;8,971045
202300019673;21;4;2023;22:10;3;10;10325;2;1;1;1;LIBERTE (RUE DE LA );48,2666;4,0666
202300019674;4;7;2023;23:30;3;2B;2B148;1;1;1;2;rt 11;42,546907;9,461138
202300019675;21;4;2023;19:19;1;10;10387;2;2;1;1;PASTEUR (RUE);48,30130021;4,06422794
202300019676;4;7;2023;19:16;1;84;84129;2;1;1;3;Avenue Jean Giono;43,984682;4,88353
202300019677;4;7;2023;18:20;1;83;83065;1;1;1;6;D98a;43,264304;6,623243
202300019678;5;7;2023;19:30;1;58;58051;1;1;1;7;rue du Pavillon;46,948548;3,140358
202300019679;21;4;2023;19:30;1;7;7316;2;1;1;5;MONTGOLFIERS (AVENENUE DES FRERES);44,89791;4,85185
202300019680;15;6;2023;18:20;1;68;68069;2;4;1;7;Rue de Balgau;47,974356;7,489768
202300019681;17;4;2023;11:00;1;6;6155;2;1;1;6;TAPIS VERT AV.DU;43,577895;7,057812
202300019682;21;4;2023;20:00;2;75;75117;2;1;1;2;PORTE DE SAINT OUEN;48,900348;2,322174
202300019683;5;7;2023;08:30;1;55;55366;1;2;7;1;D994 PK 20 + 232;48,81513;5,10463
202300019684;4;7;2023;22:10;3;79;79049;1;1;1;7;N/A;46,84728;-0,54079
202300019685;4;7;2023;14:50;1;17;17161;2;1;1;6;15 Rue des Caillotières;46,179775;-1,32617
202300019686;21;4;2023;02:45;5;75;75116;2;1;1;2;ECHANGEUR AUTEUIL;48,83953;2,25398
202300019687;20;4;2023;19:25;1;75;75112;2;1;1;4;ECHANGEUR BERCY;48,827258;2,390884
202300019688;4;7;2023;19:40;1;17;17360;1;1;3;4;D201;46,153765;-1,296387
202300019689;5;7;2023;10:30;1;33;33366;1;1;1;2;D1010;44,983036;-0,450965
202300019690;20;4;2023;18:55;1;75;75119;2;1;1;3;PORTE D AUBERVILLIERS;48,900171;2,377907
202300019691;25;6;2023;17:15;1;33;33439;1;1;1;7;D135;45,114246;-0,419025
202300019692;20;4;2023;17:30;1;75;75112;2;1;1;2;PORTE DE VINCENNES;48,840464;2,413466
202300019693;12;6;2023;14:30;1;44;44110;1;1;1;1;les Coudrais;47,430591;-1,5207
202300019694;22;4;2023;06:18;3;75;75120;2;3;2;6;RUE BELGRAND;48,864566;2,407314
202300019695;30;6;2023;15:55;1;44;44204;2;6;1;3;Place de la République;47,26679001;-1,44122601
202300019696;22;4;2023;09:50;1;75;75119;2;3;2;3;AVENUE DE FLANDRE;48,885811;2,37064
202300019697;4;7;2023;17:55;1;22;22389;2;3;2;3;Rue du Général de Gaulle;48,485165;-2,681715
202300019698;22;4;2023;10:15;1;75;75119;2;3;2;6;PLACE DES FETES;48,877172;2,392672
202300019699;4;7;2023;17:30;1;13;13106;1;1;1;2;A7-Sens Marseille vers Lyon;43,40288;5,34566
202300019700;22;4;2023;06:10;5;75;75118;2;1;2;2;RUE LEPIC;48,884265;2,333199
202300019701;1;6;2023;06:23;2;69;69199;1;1;1;2;Route Départementale 383  ;45,70080187;4,84547155
202300019702;21;4;2023;12:30;1;75;75117;2;1;1;3;BOULEVARD DES BATIGNOLLES;48,881807;2,31842
202300019703;28;6;2023;17:55;1;42;42207;1;1;1;3;A47;45,47404;4,4973
202300019704;22;4;2023;14:50;1;75;75108;2;7;8;3;PLACE DE LA CONCORDE;48,86437363;2,32030928
202300019705;29;6;2023;16:15;1;54;54357;1;1;1;3;Autoroute A 31;48,720383;6,167535
202300019706;21;4;2023;23:10;5;75;75108;2;7;1;6;PLACE DE LA CONCORDE;48,866371;2,323478
202300019707;4;7;2023;08:30;1;67;67152;1;1;1;3;M35;48,5314;7,69339
202300019708;22;4;2023;17:55;1;75;75107;2;2;1;1;BOULEVARD DES INVALIDES;48,849435;2,315155
202300019709;4;7;2023;17:30;1;94;94003;1;1;1;6;A6B;48,79896363;2,34374287
202300019710;22;4;2023;03:05;5;75;75107;2;1;1;3;PONT DE LA CONCORDE;48,86308673;2,31938124
202300019711;4;7;2023;09:30;1;91;91589;1;1;1;2;AUTOROUTE A6;48,67725;2,33832
202300019712;21;4;2023;23:15;5;75;75102;2;1;1;2;RUE DE TURBIGO;48,863867;2,349011
202300019713;3;7;2023;23:10;5;94;94043;1;1;1;6;A6B;48,80356955;2,3439041
202300019714;2;7;2023;23:30;3;91;91340;1;1;1;2;RN 104;48,60931;2,43977
202300019715;22;4;2023;00:04;5;94;94028;2;1;1;4;Route de la Pompadour;48,76932;2,46429
202300019716;4;7;2023;06:30;1;78;78291;1;1;1;6;A13;48,96535;1,76062
202300019717;22;4;2023;10:30;1;93;93005;2;1;3;6;Rue Jules Princet;48,93762;2,50018
202300019718;3;7;2023;17:20;1;78;78043;1;1;1;3;A12 W;48,82756;2,07838
202300019719;22;4;2023;04:05;4;93;93053;2;1;1;6;Boulevard Roger Salengro;48,88181322;2,45277856
202300019720;22;4;2023;15:20;1;93;93048;2;1;1;3;Rue Saint-Just;48,86361761;2,45428896
202300019721;14;6;2023;20:00;1;92;92064;1;1;1;4;A13;48,83972869;2,21941899
202300019722;21;4;2023;13:05;1;93;93027;2;1;1;6;Avenue Paul Vaillant Couturier;48,92393286;2,41404599
202300019723;22;4;2023;15:10;1;93;93010;2;1;1;6;Rue Auguste Polissard;48,90526811;2,48128846
202300019724;22;4;2023;01:40;5;93;93005;2;3;1;6;Rue Jules Princet / Rue Joseph Berger;48,93950668;2,50150457
202300019725;14;6;2023;08:50;1;78;78233;1;1;1;2;A13;48,88308;2,014595
202300019726;22;4;2023;14:40;1;92;92062;2;1;1;6;PDT WILSON (Avenue);48,8852667;2,22462684
202300019727;4;7;2023;19:50;1;93;93005;1;1;1;6;AUTOROUTE A3;48,96165;2,46645
202300019728;4;7;2023;17:15;1;93;93066;1;1;1;2;AUTOROUTE A1;48,92812889;2,3579759
202300019729;21;4;2023;18:05;1;92;92002;2;1;1;6;FRANCOIS SOMMER (AVENUE);48,731205;2,304157
202300019730;22;4;2023;10:20;1;60;60374;1;2;2;3;D929;49,56129556;2,48721872
202300019731;22;4;2023;09:20;1;35;35167;1;1;1;1;L'Erablette;47,868354;-1,321241
202300019732;4;7;2023;10:15;1;95;95500;1;1;1;4;A15;49,03956297;2,08485961
202300019733;22;4;2023;18:35;1;14;14656;2;1;1;6;13bis Route de Caen;48,940644;-0,503149
202300019734;3;7;2023;18:00;1;95;95572;1;1;1;3;N184;49,04066;2,12779
202300019735;23;4;2023;12:30;1;2A;2A272;1;1;1;6;T40;41,651968;8,934138
202300019736;22;4;2023;06:30;2;71;71348;1;1;3;6;Route de la Bourse;46,529897;3,846298
202300019737;3;7;2023;17:00;1;95;95572;1;1;1;2;A15;49,03406;2,10337
202300019738;23;4;2023;06:30;2;28;28403;1;1;1;7;Autoroute A11, Point-Kilométrique 065+400;48,376816;1,478479
202300019739;3;7;2023;09:00;1;95;95256;1;1;1;3;N184;49,05402806;2,20008731
202300019740;16;4;2023;15:45;1;972;97231;1;3;1;3;Départementale 07;14,529044;-61,01561
202300019741;3;7;2023;09:00;1;95;95018;1;1;1;2;A15;48,96023;2,27091
202300019742;23;4;2023;00:40;3;83;83004;1;1;1;1;Route Departementale 555;43,478647;6,48217
202300019743;23;4;2023;09:30;1;23;23247;1;1;1;2;RN 145;46,210754;1,746869
202300019744;3;7;2023;01:00;3;93;93013;1;1;1;6;AUTOROUTE A1;48,94076741;2,42507543
202300019745;19;4;2023;13:30;1;41;41114;1;1;1;6;Autoroute A 10 PK 127.400;47,755339;1,548429
202300019746;2;7;2023;18:30;1;95;95678;1;1;1;2;N184;49,07215;2,22452
202300019747;22;4;2023;23:10;5;971;97109;1;1;1;6;RN1;15,994809;-61,708456
202300019748;23;4;2023;03:10;3;79;79313;1;1;1;2;N/A;46,315628;-0,071626
202300019749;4;7;2023;16:45;1;94;94028;1;1;1;4;A86;48,77623444;2,43292233
202300019750;21;4;2023;19:46;1;37;37027;1;1;1;2;A85 PK 126;47,28787299;1,02369252
202300019751;3;7;2023;08:15;1;75;75112;1;1;1;3;A4;48,822587;2,462849
202300019752;23;4;2023;01:59;3;61;61214;2;6;1;3;Boulevard Vaugeois;48,762943;0,628715
202300019753;18;2;2023;01:30;3;39;39176;1;1;1;6;N/A;46,99633691;5,79078734
202300019754;22;4;2023;16:00;1;44;44131;2;1;1;6;12 Rue Notre-Dame;47,114339;-2,127721
202300019755;23;4;2023;10:15;1;3;3138;2;1;1;6;9 Avenue du 8 Mai 1945;46,247512;3,622355
202300019756;28;3;2023;16:10;1;88;88310;2;3;1;3;Rue des Champs Nauds;48,034243;5,982654
202300019757;19;4;2023;14:05;1;1;1263;2;6;1;1;Rue de Lyon;46,074857;4,763126
202300019758;3;7;2023;16:25;1;86;86194;2;2;1;6;D162;46,58989;0,35549
202300019759;22;4;2023;23:00;3;58;58003;1;1;1;7;Route de Saulieu;47,24365;4,184783
202300019760;3;7;2023;20:45;2;84;84087;2;1;7;6;VIOLETTE (RUE DE LA);44,15164;4,80564
202300019761;23;4;2023;13:10;1;66;66146;1;1;1;1;N/A;42,506234;1,833569
202300019762;22;4;2023;22:40;3;6;6079;2;1;1;6;705 Avenue Janvier Passero;43,552672;6,937572
202300019763;22;4;2023;19:10;1;14;14231;1;1;1;7;9 Route de Beuvron;49,203902;-0,018314
202300019764;3;7;2023;22:40;5;13;13005;2;3;1;3;BOURGADE (TRAVERSE DE LA);43,28452;5,52355
202300019765;23;4;2023;15:50;1;83;83020;1;1;1;6;D252;43,78516846;6,51895561
202300019766;3;7;2023;08:00;1;75;75119;2;4;1;3;AVENUE DE LA PORTE D AUBERVILLIERS;48,900402;2,371506
202300019767;22;4;2023;23:40;3;60;60518;1;1;1;6;D151;49,57552;2,179348
202300019768;23;4;2023;12:20;1;10;10439;1;1;2;7;D 38;48,103383;4,506079
202300019769;23;4;2023;14:50;1;49;49138;1;1;6;6;A85;47,484149;-0,221615
202300019770;3;7;2023;16:20;1;988;98818;2;1;1;3;RUE CLAUDE BERNARD;-22,22917;166,44511
202300019771;22;4;2023;18:10;1;3;3220;1;1;3;6;A71 PK 341+500;46,165677;3,129923
202300019772;23;4;2023;13:50;1;42;42173;1;1;2;6;A89;45,838876;4,09348
202300019773;3;7;2023;14:45;1;974;97416;2;3;1;1;BADAMIER(CHEMIN);-21,31356;55,45673
202300019774;22;4;2023;20:00;5;973;97311;2;1;2;6;Allee Simarouba;5,48146406;-54,0147965
202300019775;30;6;2023;08:45;1;974;97411;2;1;1;4;LITTORAL (ROUTE 1 DU);-20,87926;55,40096
202300019776;23;4;2023;07:20;1;973;97305;1;3;1;3;Route Nationale 1 - Point Kilométrique 22;4,98019;-52,444074
202300019777;23;4;2023;17:00;1;45;45096;1;1;1;7;D42 PR 22 + 14;47,818198;2,668948
202300019778;3;7;2023;08:45;1;973;97302;2;4;1;6;MONTABO (ROUTE DE) 2;4,9417;-52,30427
202300019779;23;4;2023;15:00;1;91;91634;2;1;2;7;Rue Héroard;48,60273;2,121096
202300019780;23;4;2023;12:00;1;2A;2A041;1;1;1;6;Route territoraile 40;41,422392;9,121571
202300019781;3;7;2023;18:00;1;69;69387;2;2;1;3;Grande Rue de la Guillotière;45,75105;4,84819
202300019782;22;4;2023;18:12;1;30;30211;1;1;1;1;D3;43,84391624;4,49495316
202300019783;3;7;2023;12:30;1;69;69383;2;9;1;3;Cours Albert Thomas;45,7467322;4,86782329
202300019784;22;4;2023;02:10;3;30;30211;2;1;1;1;Route de Beaucaire;43,82623;4,501707
202300019785;4;8;2023;18:51;1;56;56121;2;1;1;7;PERRIERE ( AV DE LA );47,7317865;-3,3634758
202300019786;3;7;2023;05:00;2;972;97213;1;1;2;2;;14,61659767;-61,01592869
202300019787;2;7;2023;04:18;4;972;97209;1;1;1;6;BALATA (ROUTE DE);14,63447;-61,07291
202300019788;8;8;2023;19:15;1;54;54025;1;1;1;1;Rue du Faubourg Saint-Phlin;48,6496;6,27356
202300019789;2;7;2023;03:40;5;2B;2B037;1;6;1;6;TOUTES RUES;42,628936;9,437632
202300019790;8;8;2023;18:20;1;50;50218;2;1;1;2;PONT JACQUES (VOIE DU);48,83689;-1,59896
202300019791;2;7;2023;18:50;5;971;97101;1;1;1;6;BEAUSOLEIL;16,27861943;-61,47627354
202300019792;7;8;2023;20:45;1;49;49007;2;2;1;3;Boulevard Henri Dunant;47,48322;-0,52366
202300019793;3;7;2023;13:15;1;91;91216;2;1;1;3;CD 257;48,66866;2,33816
202300019794;7;8;2023;12:45;1;49;49007;2;1;1;3;A87N;47,45209;-0,51483
202300019795;7;8;2023;09:25;1;49;49007;2;2;1;3;QUAI LIGNY;47,47013;-0,56226
202300019796;2;7;2023;22:10;5;87;87085;2;1;1;3;BLANC LOUIS (BOULEVARD);45,82768;1,26079
202300019797;1;7;2023;12:00;1;87;87085;2;1;2;7;BUXEROLLES (ROUTE DE);45,86864089;1,26055509
202300019798;8;8;2023;18:00;1;43;43157;2;2;1;3;Avenue Marechal Foch;45,03728;3,88795
202300019799;3;8;2023;17:40;1;42;42186;2;1;1;6;Avenue Charles de Gaulle;45,52494669;4,60336134