Num_Acc;jour;mois;an;hrmn;lum;dep;com;agg;int;atm;col;adr;lat;long
202300019800;3;7;2023;18:10;1;85;85191;2;6;1;2;PALISSY ROND-POINT BERNARD;46,689724;-1,429738
202300019801;3;7;2023;20:50;2;83;83137;2;1;1;3;DEMOCRATIE (BD DE LA);43,12587;5,93851
202300019802;7;8;2023;16:15;1;41;41018;2;1;1;6;PORTE COTE (RUE);47,58693;1,3313
202300019803;8;8;2023;16:15;1;35;35238;2;1;1;3;DUNANT (HENRY);48,1309;-1,65936
202300019804;3;7;2023;20:40;2;76;76575;2;2;1;3;RONDEAUX. RUE JEAN;49,38575;1,0995
202300019805;8;8;2023;13:45;1;35;35238;2;6;1;3;VERN (DE);48,08731;-1,64443
202300019806;3;7;2023;19:25;1;76;76157;2;3;1;6;Rue Camille Pissarro;49,45209955;1,03418416
202300019807;2;7;2023;19:17;1;76;76305;1;1;1;7;D 6382;49,49886688;0,20249605
202300019808;7;8;2023;17:30;1;35;35238;2;3;1;3;SAINT-CAST (QUAI);48,11024;-1,68552
202300019809;1;7;2023;12:50;1;76;76259;2;1;7;1;MANDELA ( BOULEVARD NELSON);49,74609;0,3913252
202300019810;8;8;2023;17:30;1;33;33529;2;1;1;1;TOURTERELLES (ALL. DES);44,62365488;-1,20161757
202300019811;2;7;2023;18:35;1;72;72181;1;9;1;3;RUAUDIN (RUE) N° IMP 191 ET >;47,96989;0,23329
202300019812;8;8;2023;07:30;2;31;31555;2;1;1;6;CHE DES ETROITS;43,565992;1,439862
202300019813;27;6;2023;08:50;1;68;68297;2;1;1;3;MULHOUSE ( RUE DE)JUSQUE CIMETIERE DU 1;47,58901;7,56082
202300019814;7;8;2023;17:15;1;31;31555;2;1;1;6;AV DE LARDENNE;43,593002;1,404522
202300019815;8;8;2023;22:04;5;28;28085;2;1;1;7;SAINT BARTHELEMY (RUE);48,44545;1,49738
202300019816;3;7;2023;22:20;5;67;67482;2;4;1;1;POLYGONE (ROUTE DU);48,57167;7,75607
202300019817;8;8;2023;16:20;1;27;27229;2;1;1;2;CHAMBEAUDOIN (BOULEVARD);49,02366;1,15204
202300019818;8;8;2023;11:55;1;26;26058;2;1;7;6;Avenue Georges Brassens;44,96028;4,90113
202300019819;30;6;2023;16:23;1;66;66136;2;1;1;6;N/A;42,69365;2,89048
202300019820;3;7;2023;10:10;1;64;64545;1;1;1;2;RD810;43,37154;-1,68189
202300019821;8;8;2023;11:00;1;13;13213;2;2;1;3;LEPRINCE RINGUIET (rue);43,3442;5,4432
202300019822;3;7;2023;15:58;1;63;63113;2;8;1;3;FLAUBERT (BD GUSTAVE);45,7632;3,12587
202300019823;7;8;2023;09:30;1;10;10297;2;1;1;3;Avenue Jean Jaures;48,31543;4,09791
202300019824;8;8;2023;15:45;1;6;6069;2;9;1;6;CHEVALIER (AVENUE MAURICE);43,62589;6,93569
202300019825;3;7;2023;07:20;1;63;63032;2;6;1;3;av Europe /rue Champclos;45,75425694;3,09281766
202300019826;8;8;2023;07:00;1;6;6123;2;9;7;2;SAUVAIGO PIERRE AVENUE;43,66436;7,18608
202300019827;3;7;2023;22:06;5;57;57463;2;1;1;7;ROBERT SCHUMAN (AVENUE );49,11282;6,17132
202300019828;4;8;2023;23:30;5;6;6155;2;1;1;6;CLEMENCEAU AV.GEORGES;43,574667;7,056853
202300019829;1;7;2023;22:15;5;56;56121;2;2;1;3;CARNOT (RUE  LAZARE );47,74271;-3,36072
202300019830;25;7;2023;14:27;1;5;5061;2;2;1;3;JEAN MOULIN ( CARREFOUR);44,56002;6,07569
202300019831;2;7;2023;10:40;1;56;56121;2;3;1;6;7 Rue Étienne Pérault;47,74467;-3,3632
202300019832;8;8;2023;18:35;1;75;75120;2;1;1;3;PORTE DE BAGNOLET;48,859033;2,41411
202300019833;2;7;2023;08:40;1;54;54395;2;3;1;6;Rue de Belfort;48,68512;6,1689
202300019834;2;7;2023;13:40;1;54;54329;2;2;1;3;RUE DES BOSQUETS;48,59223;6,49755
202300019835;6;8;2023;20:00;1;75;75114;2;1;1;4;PORTE D ORLEANS;48,820562;2,323112
202300019836;8;8;2023;18:05;1;75;75105;2;1;1;1;QUAI SAINT BERNARD;48,847876;2,359454
202300019837;1;7;2023;02:30;4;54;54329;2;2;1;6;RUE CHARLES GUERIN;48,59032;6,49851
202300019838;8;8;2023;11:40;1;75;75120;2;1;1;3;RUE DES PYRENEES;48,86046;2,40061
202300019839;8;8;2023;00:25;5;75;75120;2;2;1;3;RUE DES PYRENEES;48,852707;2,406124
202300019840;3;7;2023;16:45;1;51;51454;2;2;1;3;DE GAULLE (AVENUE DU GENERAL);49,24583;4,01768
202300019841;3;7;2023;08:45;1;51;51454;2;1;1;6;VESLE (RUE);49,252455;4,025791
202300019842;8;8;2023;21:00;2;75;75118;2;3;1;6;BOULEVARD ORNANO;48,897331;2,344857
202300019843;30;6;2023;19:19;1;49;49267;2;1;1;7;HAUTE DES BANCHAIS;47,4857;-0,51131
202300019844;8;8;2023;08:25;1;75;75117;2;3;1;3;RUE JACQUES KELLNER;48,895848;2,326736
202300019845;1;7;2023;02:46;4;49;49267;2;1;1;3;REUX;47,47016;-0,50963
202300019846;8;8;2023;10:30;1;75;75116;2;3;1;2;AVENUE DE VERSAILLES;48,84151;2,266541
202300019847;2;7;2023;20:34;1;49;49007;2;3;1;2;SAINT JACQUES;47,47384;-0,57646
202300019848;2;7;2023;23:15;3;44;44162;2;1;1;6;22 Avenue de Chenonceaux;47,2401;-1,59606
202300019849;8;8;2023;21:30;4;75;75113;2;3;1;3;BOULEVARD VINCENT AURIOL;48,837227;2,372886
202300019850;3;7;2023;15:40;1;37;37122;1;1;1;2;RD 37 sortie Nord;47,34748184;0,64619011
202300019851;2;7;2023;10:39;1;37;37261;2;1;1;1;PLAT D'ETAIN (RUE DU);47,38405;0,67448
202300019852;8;8;2023;17:00;1;75;75101;2;3;1;3;BOULEVARD DU PALAIS;48,855299;2,345877
202300019853;3;7;2023;15:25;1;35;35051;1;1;1;2;RN136;48,1307;-1,57399
202300019854;8;8;2023;14:06;1;94;94044;2;1;1;1;Rue Albert Garry;48,7563;2,4723
202300019855;3;7;2023;11:35;1;35;35238;2;2;1;3;BASCULE (DE LA);48,11419;-1,69424
202300019856;8;8;2023;19:20;1;94;94068;2;2;1;3;Rue du Docteur Roux;48,792449;2,49156
202300019857;8;8;2023;01:25;5;94;94041;2;1;1;6;Avenue de Verdun;48,80767363;2,37482464
202300019858;2;7;2023;18:09;1;34;34172;2;2;1;3;EUROPE (AVENUE DE L');43,63742;3,82234
202300019859;8;8;2023;20:30;1;94;94076;2;9;1;3;Rue Jean Mermoz;48,794615;2,36026
202300019860;4;7;2023;00:30;5;31;31555;2;2;1;3;EISENHOWER (AVENUE DU GENERAL);43,5581;1,40207
202300019861;21;7;2023;01:30;5;94;94028;2;1;1;6;60 Av du Mal de Lattre de Tassigny;48,79858;2,45472
202300019862;7;8;2023;18:00;1;94;94011;2;1;1;6;Avenue de Boissy;48,76105;2,49711
202300019863;2;7;2023;13:45;1;29;29019;2;2;1;3;rue Corot;48,41425;-4,47157
202300019864;8;8;2023;17:10;1;94;94002;2;1;1;1;Rue Marcellin Berthelot;48,81221;2,41272
202300019865;8;8;2023;12:20;1;93;93073;2;1;1;6;Rue du 8 Mai 1945;48,95287;2,56736
202300019866;3;7;2023;14:20;1;28;28134;2;6;1;3;SAINT THIBAULT (RUE);48,7327;1,35787
202300019867;8;8;2023;02:00;3;93;93073;1;2;1;6;Rue du Chapitre / Rue du Tarteret;49,002447;2,536984
202300019868;8;8;2023;01:15;5;93;93071;2;1;1;6;Rue Augustin Thierry;48,94044961;2,52798145
202300019869;5;8;2023;15:15;1;93;93070;2;1;1;3;Avenue Michelet;48,90919994;2,34418633
202300019870;4;7;2023;00:00;3;25;25056;1;1;1;6;RN 1057 (ROUTE DE GRAY-CH.EPITAPHE);47,23842;5,97932
202300019871;8;8;2023;22:40;5;93;93066;2;1;1;5;Route de la Courneuve;48,93222654;2,37581003
202300019872;3;7;2023;13:50;1;25;25056;2;1;8;3;rue jacquard;47,24168;5,99378
202300019873;8;8;2023;20:20;1;93;93064;2;1;1;3;Boulevard d'Alsace-Lorraine;48,88467318;2,48342924
202300019874;3;7;2023;07:50;1;22;22278;2;6;1;3;PARIS (DE);48,50377;-2,74065
202300019875;8;8;2023;08:00;1;93;93048;2;3;1;3;Rue Hoche / Rue Désiré Préaux;48,86395;2,43167
202300019876;29;6;2023;17:00;1;30;30032;1;1;1;4;;43,77836;4,54504
202300019877;8;8;2023;09:45;1;93;93050;2;1;1;3;Avenue Paul Doumer;48,85852852;2,52223114
202300019878;3;7;2023;13:56;1;1;1053;2;2;1;3;ALSACE LORRAINE (AVENUE );46,20373;5,2235
202300019879;7;8;2023;23:30;5;92;92051;2;1;1;3;CHARLES DE GAULLE (AVENUE, N°27 A 129);48,87867912;2,27903634
202300019880;3;7;2023;08:45;1;75;75117;2;1;1;2;PORTE DE CLICHY;48,896126;2,308709
202300019881;8;8;2023;18:10;1;92;92050;2;1;1;1;PESARO BOULEVARD DE;48,8971962;2,21984178
202300019882;2;7;2023;13:20;1;75;75116;2;1;1;2;ECHANGEUR PORTE DAUPHINE;48,870597;2,272352
202300019883;8;8;2023;18:26;1;92;92040;2;2;1;2;ROUGET DE L'ISLE;48,82913786;2,26381445
202300019884;5;8;2023;20:45;1;92;92036;2;9;1;3;LUCIEN LANTERNIER (AVENUE) (1/17);48,93210972;2,29045764
202300019885;3;7;2023;13:30;1;75;75114;2;3;1;6;RUE EMILE DEUTSCH DE LA MEURTHE;48,822626;2,335138
202300019886;8;8;2023;15:05;1;92;92024;2;1;1;2;MARTRE (RUE) DE (1 A 41);48,90363071;2,30564654
202300019887;2;7;2023;08:19;1;75;75118;2;4;1;1;ECHANGEUR PORTE DE LA CHAPELLE;48,90092124;2,36383688
202300019888;8;8;2023;02:22;5;92;92024;2;2;1;3;JEAN JAURES (BD) DE (1 A 45)   (2 A 54);48,89999627;2,30625093
202300019889;7;8;2023;12:10;1;92;92004;1;1;1;2;AULAGNIER ( QUAI );48,91276;2,30391
202300019890;1;7;2023;02:30;5;75;75119;2;1;2;3;BOULEVARD PERIPHERIQUE INTERIEUR NORD  ;48,892666;2,395321
202300019891;30;5;2023;17:20;1;75;75107;2;2;1;3;AVENUE RAPP;48,860973;2,301195
202300019892;3;7;2023;16:20;1;75;75116;2;3;1;3;ROUTE DES LACS A PASSY;48,858381;2,260737
202300019893;9;8;2023;04:11;3;95;95313;1;1;1;6;A16;49,113256;2,254451
202300019894;3;7;2023;11:00;1;75;75114;2;3;1;6;RUE RAYMOND LOSSERAND;48,832636;2,315674
202300019895;30;5;2023;14:55;1;75;75115;2;2;1;3;RUE DU THEATRE;48,84619;2,295173
202300019896;7;8;2023;12:01;1;2A;2A100;1;1;1;7;RD 70;42,244881;8,827729
202300019897;3;7;2023;08:10;1;75;75114;2;3;1;6;RUE D ARCUEIL;48,820457;2,342827
202300019898;8;8;2023;06:40;1;2A;2A048;1;1;1;7;rd 81;42,034528;8,760545
202300019899;30;5;2023;13:12;1;75;75106;2;9;1;6;RUE DE RENNES;48,846936;2,326833
202300019900;15;6;2023;10:14;1;75;75112;2;1;1;6;RUE NICOLAI;48,835891;2,394201
202300019901;29;5;2023;22:40;5;75;75120;2;1;1;3;AVENUE DU DOCTEUR GLEY;48,877095;2,410657
202300019902;8;8;2023;23:30;3;62;62613;1;1;3;6;D131;50,668913;2,056673
202300019903;3;7;2023;14:00;1;75;75111;2;2;1;3;BOULEVARD VOLTAIRE;48,85975;2,376847
202300019904;30;5;2023;10:10;1;75;75119;2;3;1;3;AVENUE DE LAUMIERE;48,883246;2,381108
202300019905;2;7;2023;10:10;1;75;75111;2;9;1;2;AVENUE PHILIPPE AUGUSTE;48,853528;2,392734
202300019906;5;8;2023;09:45;1;38;38019;2;1;1;1;Route Nationale 7 Village;45,42341581;4,8178777
202300019907;3;7;2023;15:15;1;94;94034;2;9;1;3;Avenue de la Division Leclerc;48,76104;2,3184
202300019908;30;5;2023;09:45;1;75;75119;2;2;1;3;RUE DE BELLEVILLE;48,875459;2,392288
202300019909;3;7;2023;15:40;1;94;94021;2;9;1;3;Avenue de Stalingrad;48,77391;2,36761
202300019910;9;8;2023;05:30;3;28;28110;1;1;1;4;A11;48,422316;1,51209
202300019911;30;5;2023;09:00;1;75;75119;2;3;1;3;RUE RIQUET;48,888942;2,372463
202300019912;3;7;2023;18:55;1;94;94073;2;3;1;3;D136;48,74784;2,36935
202300019913;4;7;2023;18:00;1;68;68145;2;1;1;6;102 Grand Rue;48,080237;7,401298
202300019914;29;5;2023;23:15;5;75;75119;2;3;1;3;AVENUE DE FLANDRE;48,888366;2,374122
202300019915;2;7;2023;21:40;1;93;93073;2;3;1;1;Route de Villepinte / Rue Claude Nicolas Ledoux;48,9691;2,5459
202300019916;9;8;2023;09:30;1;972;97201;2;1;1;6;Le Bourg Ouest;14,825227;-61,113896
202300019917;30;5;2023;16:40;1;75;75117;2;2;1;6;RUE POUCHET;48,895775;2,321857
202300019918;10;6;2023;14:30;1;93;93001;2;1;1;6;Rue Madeleine Vionnet;48,90353013;2,37448472
202300019919;4;8;2023;13:30;1;11;11203;2;6;1;1;1 Route de Ferrals;43,173842;2,740827
202300019920;3;7;2023;11:15;1;92;92025;2;1;1;3;GABRIEL PERI (RUE);48,91822227;2,23884881
202300019921;30;5;2023;08:50;1;75;75108;2;2;1;3;BOULEVARD DES BATIGNOLLES;48,88164;2,318833
202300019922;3;7;2023;08:39;1;92;92014;2;1;1;7;GENERAL LECLERC (AV.) (57 A 135 - 50 A 1;48,7819;2,31639
202300019923;8;8;2023;18:10;1;68;68300;1;1;1;7;Route Départementale 38;47,779355;7,378171
202300019924;30;5;2023;14:20;1;75;75115;2;7;1;3;RUE DUTOT;48,836454;2,306633
202300019925;2;7;2023;12:15;1;35;35013;1;1;1;6;La Hutte;47,722018;-2,054358
202300019926;22;7;2023;05:00;1;62;62866;2;2;1;3;D940;50,379517;1,652756
202300019927;30;5;2023;13:00;1;75;75115;2;2;1;6;RUE DESAIX;48,85381;2,294214
202300019928;3;7;2023;08:20;1;81;81064;1;1;1;1;rd 964 - PK 019.500;43,958086;1,846556
202300019929;30;5;2023;09:45;1;75;75115;2;7;1;6;PLACE D ALLERAY;48,836234;2,306449
202300019930;4;7;2023;12:00;1;2A;2A272;1;1;1;1;route de tizzano;41,565211;8,912895
202300019931;9;8;2023;17:15;1;60;60358;1;6;1;3;D332;49,19497;2,917514
202300019932;4;7;2023;04:42;2;67;67222;2;2;1;6;9 Route de Wimmenau;48,883827;7,469947
202300019933;4;8;2023;11:00;1;62;62770;1;1;1;7;Rue d'Aire;50,63721466;2,4714978
202300019934;29;5;2023;01:20;5;75;75115;2;3;1;2;RUE DU HAMEAU;48,833514;2,286588
202300019935;4;7;2023;17:15;1;87;87154;2;1;1;2;N141;45,897826;0,831774
202300019936;6;8;2023;17:50;1;56;56168;1;6;1;2;route de quiberon;47,565509;-3,134451
202300019937;30;5;2023;09:20;1;75;75114;2;3;1;6;RUE NANSOUTY;48,823512;2,335696
202300019938;4;7;2023;16:02;1;21;21599;1;1;3;6;A31;47,592262;5,207852
202300019939;29;5;2023;17:00;1;75;75114;2;4;1;6;AVENUE DU GENERAL LECLERC;48,828791;2,327753
202300019940;9;8;2023;11:08;1;76;76014;2;3;1;3;D125;49,590517;0,273542
202300019941;8;8;2023;16:15;1;76;76508;2;7;1;2;Rue du Major Frost;49,67197915;0,18880069
202300019942;30;5;2023;19:40;1;75;75111;2;3;1;3;AVENUE DE LA REPUBLIQUE;48,864186;2,380237
202300019943;16;11;2023;22:20;5;75;75116;2;3;3;3;AVENUE DE NEUILLY;48,878464;2,279935
202300019944;8;8;2023;11:45;1;79;79008;1;1;1;6;N/A;46,743463;-0,304334
202300019945;30;5;2023;10:10;1;75;75110;2;2;1;7;RUE DU CHATEAU D EAU;48,869858;2,360729
202300019946;17;11;2023;14:20;1;75;75115;2;1;1;6;RUE LINOIS;48,848076;2,283573
202300019947;8;8;2023;17:10;1;79;79109;2;1;1;5;N/A;46,360995;-0,42859
202300019948;17;11;2023;09:30;1;75;75115;2;2;2;6;BOULEVARD PASTEUR;48,84500301;2,31069088
202300019949;30;5;2023;16:50;1;75;75116;2;2;1;2;AVENUE DE L HIPPODROME;48,858544;2,244888
202300019950;9;8;2023;14:15;1;2B;2B207;1;1;1;6;route royale;42,462362;9,500556
202300019951;30;5;2023;09:40;1;75;75107;2;1;1;6;AVENUE DE LA BOURDONNAIS;48,854729;2,304722
202300019952;9;8;2023;12:30;1;2B;2B319;1;1;1;3;Penticchie;42,428755;9,524943
202300019953;16;11;2023;11:50;1;75;75115;2;3;3;3;RUE DE VAUGIRARD;48,838751;2,299252
202300019954;2;6;2023;15:45;1;94;94037;2;3;1;6;Avenue Lénine;48,815194;2,332973
202300019955;8;8;2023;18:45;1;65;65123;1;1;1;3;Route du Col d?Aspin - D918;42,939302;0,299249
202300019956;17;11;2023;12:56;1;75;75115;2;5;3;6;AVENUE DE LA PORTE BRANCION;48,825871;2,300216
202300019957;9;8;2023;09:45;1;65;65029;1;1;1;6;Route du Val d’Azun;42,983836;-0,145934
202300019958;30;5;2023;20:30;2;94;94073;2;1;1;2;Av du Pdt Franklin Roosevelt;48,76610491;2,39929162
202300019959;17;11;2023;01:45;5;75;75107;2;2;2;3;PLACE DE LA RESISTANCE;48,862412;2,301601
202300019960;9;8;2023;13:00;1;32;32296;2;1;1;1;2 Avenue du Midour;43,760366;-0,03136
202300019961;29;5;2023;22:30;5;94;94019;2;1;1;3;2 Route de la Libération;48,803453;2,537386
202300019962;8;8;2023;09:55;1;76;76255;2;1;8;6;Rue Jean Duhornay;50,048466;1,413444
202300019963;17;11;2023;16:20;1;75;75113;2;3;8;3;BOULEVARD DE L HOPITAL;48,838867;2,361004
202300019964;30;5;2023;17:20;1;94;94017;2;1;1;2;Av. François Mitterrand;48,81543279;2,51533645
202300019965;9;8;2023;17:53;1;12;12103;1;1;1;5;D920;44,618982;2,584158
202300019966;17;11;2023;18:10;3;75;75111;2;1;8;3;RUE JEAN PIERRE TIMBAUD;48,866542;2,37303
202300019967;30;5;2023;19:00;1;94;94071;2;3;1;3;Rue du Général Leclerc;48,77632229;2,51130107
202300019968;9;8;2023;13:35;1;46;46215;1;1;7;3;D820;44,770236;1,476932
202300019969;29;5;2023;22:40;5;93;93072;2;7;1;6;Avenue Paul Vaillant Couturier / Place Marcel Pointet;48,95117;2,38148
202300019970;17;11;2023;15:38;1;75;75110;2;7;1;3;PLACE DE LA BATAILLE DE STALINGRAD;48,882662;2,36986041
202300019971;9;8;2023;12:20;1;46;46334;1;1;1;2;Route du Lac;44,743091;1,463521
202300019972;30;5;2023;17:40;1;93;93031;2;1;1;1;Avenue de Lattre de Tassigny;48,95564621;2,31179602
202300019973;17;11;2023;18:50;5;75;75108;2;5;1;6;RUE D AMSTERDAM;48,87965;2,327021
202300019974;19;7;2023;15:45;1;46;46257;1;3;1;1;D704;44,788182;1,312163
202300019975;30;5;2023;09:15;1;93;93053;2;2;1;2;Rue Jean Jaurès / Rue de Brément;48,89042;2,45324
202300019976;9;8;2023;00:45;3;22;22152;1;1;1;6;Kerprigent;48,768268;-3,279017
202300019977;17;11;2023;11:30;1;75;75117;2;4;8;2;AVENUE DE LA GRANDE ARMEE;48,876839;2,285502
202300019978;30;5;2023;11:35;1;93;93051;2;1;1;6;Rue de la Haute Maison;48,84264706;2,57234529
202300019979;17;11;2023;17:50;2;75;75114;2;1;1;2;AVENUE DU GENERAL LECLERC;48,832645;2,331063
202300019980;7;8;2023;11:50;1;35;35010;1;2;1;3;Lieu Dit Languenan;48,53402;-1,689368
202300019981;30;5;2023;12:20;1;93;93027;2;2;1;3;Boulevard Pasteur / Rue Jollois;48,92179;2,38338
202300019982;17;11;2023;12:55;1;75;75107;2;2;3;7;QUAI BRANLY;48,860649;2,295461
202300019983;9;8;2023;14:15;1;15;15028;1;1;1;3;RD 990;44,89589;2,551317
202300019984;30;5;2023;08:00;1;92;92073;2;9;1;2;SELLIER (BOULEVARD HENRI);48,86141299;2,21591234
202300019985;17;11;2023;18:25;5;75;75104;2;5;1;6;QUAI DES CELESTINS;48,851364;2,362306
202300019986;9;8;2023;03:55;5;1;1303;2;3;1;3;avenue de la 1ère armée française rhin-danube;46,081905;5,410144
202300019987;29;5;2023;18:41;1;92;92072;2;5;1;3;MANUFACTURE NATIONALE (PLACE DE LA);48,82917;2,22411
202300019988;17;11;2023;13:40;1;75;75104;2;3;1;2;QUAI DES CELESTINS;48,85332798;2,35781729
202300019989;29;5;2023;14:15;1;92;92022;2;1;1;6;GENERAL DE GAULLE (COURS);48,81073;2,19182
202300019990;17;11;2023;09:40;1;75;75102;2;1;1;3;RUE DAUNOU;48,86926;2,332269
202300019991;8;8;2023;18:55;1;1;1246;2;1;1;5;524 Route de l'Effondras;46,23924;5,04419
202300019992;9;8;2023;16:30;1;66;66095;1;1;1;1;N20;42,485849;1,858685
202300019993;30;5;2023;10:00;1;92;92040;2;7;1;5;RESISTANCE (PLACE DE LA);48,82154506;2,25050211
202300019994;17;11;2023;08:20;1;75;75104;2;3;8;3;RUE DE BROSSE;48,854951;2,353557
202300019995;26;5;2023;20:15;1;92;92036;2;2;1;1;HENRI BARBUSSE (RUE) (1/35);48,92193546;2,29985207
202300019996;9;8;2023;14:28;1;50;50410;1;1;1;1;route nationale 176;48,561556;-1,526756
202300019997;17;11;2023;14:40;1;94;94058;2;3;1;2;Avenue du 11 Novembre;48,84847;2,49625
202300019998;29;7;2023;20:00;1;9;9120;1;1;8;6;3 pont de massot;43,096377;1,106738
202300019999;30;5;2023;19:08;1;92;92035;2;1;1;1;Général de Gaulle  ( avenue du );48,91114814;2,25463539
202300020000;8;8;2023;20:15;1;7;7201;1;1;1;2;Route départemantale 579;44,441341;4,345382
202300020001;17;11;2023;10:20;1;94;94076;2;9;2;3;135 Avenue de Paris;48,8011;2,36521
202300020002;30;5;2023;18:00;1;92;92026;2;1;1;6;MISSION MARCHAND (COTE PAIR);48,89638;2,24041
202300020003;28;7;2023;11:40;1;40;40273;2;1;1;3;Route des Barthes;43,497893;-1,381318
202300020004;28;7;2023;16:00;1;37;37132;2;6;3;7;route département 943;47,131462;0,982493
202300020005;16;11;2023;13:20;1;94;94076;2;2;3;6;Avenue Paul Vaillant-couturier;48,79486;2,35457
202300020006;27;5;2023;20:45;1;92;92025;2;2;1;3;CHARLES DE GAULLE (BD);48,90893398;2,23657876
202300020007;17;11;2023;21:20;5;94;94037;2;1;2;6;71 Avenue Paul Vaillant-couturier;48,81632;2,34103
202300020008;8;8;2023;17:45;1;30;30061;1;3;1;3;N/A;43,93638;4,264498
202300020009;8;8;2023;16:00;1;48;48146;1;1;1;6;D986;44,352055;3,404831
202300020010;29;5;2023;00:15;5;92;92024;2;2;1;2;NATIONS UNIES (PLACE DES);48,89732;2,31052
202300020011;8;8;2023;18:20;1;48;48027;1;1;1;7;N/A;44,568397;3,870159
202300020012;16;11;2023;23:15;5;94;94041;2;2;2;3;Rue Baudin;48,815285;2,375603
202300020013;9;8;2023;19:10;1;53;53262;1;1;1;7;A81 PK 226+900;48,069405;-0,556414
202300020014;30;5;2023;08:15;1;92;92012;2;1;1;2;POINT DU JOUR (QUAI DU);48,82618;2,25122
202300020015;16;11;2023;06:40;5;94;94081;2;3;3;1;Avenue de la République;48,8024;2,3973
202300020016;6;8;2023;16:04;1;89;89341;1;1;1;2;autoroute A6 pk 180.850 sens LYON-PARIS;47,710029;3,788073
202300020017;18;5;2023;21:00;1;92;92004;2;1;1;3;VOLTAIRE ( BD );48,91764;2,28549
202300020018;17;11;2023;10:25;1;94;94073;1;9;2;3;Avenue du Luxembourg;48,756025;2,373222
202300020019;17;11;2023;14:25;1;94;94028;2;9;1;3;Avenue du Général de Gaulle;48,7857;2,44947
202300020020;8;8;2023;17:27;1;13;13001;1;1;1;2;A8 PK 021.700, sens 1;43,512518;5,465956
202300020021;30;5;2023;13:15;1;92;92002;2;3;1;6;ARMAND GUILLEBAUD (AVENUE);48,74965815;2,30443999
202300020022;9;8;2023;14:34;1;45;45053;1;1;1;2;D2007 PR 64 + 115;47,61208954;2,77084859
202300020023;17;11;2023;18:40;5;94;94068;2;1;2;3;Rue Albert de Mun;48,78854;2,4846
202300020024;31;5;2023;14:45;1;60;60406;2;3;1;3;Rue de Pont Sainte Maxence;49,316027;2,547594
202300020025;9;8;2023;10:50;1;11;11262;1;9;1;2;A9 - PK 188.100 - Sens France / Espagne;43,180146;3,042698
202300020026;15;11;2023;20:18;5;94;94055;2;3;1;1;Avenue Olivier d'Ormesson;48,78087;2,52083
202300020027;8;8;2023;16:20;1;971;97110;1;1;1;5;D207 LE DÉSERT;16,321171;-61,032776
202300020028;31;5;2023;09:40;1;12;12140;1;2;1;3;D76;44,340943;1,919968
202300020029;17;11;2023;09:20;1;93;93070;2;2;1;3;Rue Raspail / Rue Garibaldi;48,90452016;2,33007482
202300020030;8;8;2023;21:50;5;77;77354;1;9;1;3;D227;48,469084;2,8585
202300020031;31;5;2023;07:25;1;84;84088;1;1;1;1;Route d'Althen;43,997156;5,000973
202300020032;17;11;2023;14:40;1;93;93062;2;2;1;5;Boulevard de l'Est / Allée de l'Eglise;48,90266606;2,52281768
202300020033;8;8;2023;18:40;1;95;95351;1;6;1;2;D317;49,028808;2,500033
202300020034;30;5;2023;18:35;1;95;95452;2;1;1;3;D78;49,1354893;2,28235602
202300020035;7;8;2023;06:20;1;2B;2B168;2;9;1;2;RT 30;42,63135;8,958176
202300020036;17;11;2023;09:25;1;93;93051;2;2;2;1;Boulevard Paul Pambrun / Avenue Dehais;48,84883;2,54539
202300020037;29;5;2023;11:50;1;51;51204;2;2;1;7;Chemin des Ardillieres;49,070882;3,886156
202300020038;7;8;2023;12:00;1;83;83042;1;9;1;3;D98a;43,2635;6,579514
202300020039;17;11;2023;14:25;1;93;93050;2;1;1;6;Avenue Jean Jaures;48,86272;2,54584
202300020040;31;5;2023;08:40;1;56;56165;1;1;1;2;N/A;47,910158;-2,40845
202300020041;8;8;2023;17:40;1;83;83068;2;1;1;1;Route du Littoral;43,289241;6,604816
202300020042;17;11;2023;03:30;5;93;93050;2;1;2;6;Avenue Jean Jaures;48,86484;2,55466
202300020043;16;11;2023;06:35;5;93;93045;2;2;3;1;Rue de Paris / Rue Léon Renault;48,88193;2,42268
202300020044;8;8;2023;16:15;1;73;73034;1;1;1;1;D925;45,697278;6,633897
202300020045;17;11;2023;18:43;5;93;93031;2;9;1;6;Rue de Strasbourg;48,95678015;2,29942828
202300020046;30;5;2023;17:20;1;77;77066;1;3;1;2;N4 intersection D15;48,690904;3,338449
202300020047;17;11;2023;14:30;1;93;93046;1;1;8;1;Route Strategique;48,917096;2,555255
202300020048;31;5;2023;07:45;1;76;76100;1;2;1;1;Route de la Vieux-rue;49,500824;1,262832
202300020049;9;8;2023;08:50;1;65;65335;1;3;1;7;RD 87;43,104657;0,129449
202300020050;8;8;2023;20:00;1;19;19098;1;1;1;6;D1120;45,189266;1,842613
202300020051;16;11;2023;15:10;1;93;93057;2;2;3;6;Avenue Jean Jaurès / Avenue Franklin;48,90292;2,50823
202300020052;31;5;2023;12:32;1;79;79031;1;1;1;1;;46,16155;-0,42834
202300020053;8;8;2023;17:18;1;40;40244;1;1;1;6;D113;43,696218;-1,158025
202300020054;17;11;2023;13:25;1;93;93008;2;9;1;1;Rue Pierre Sémard;48,910893;2,446592
202300020055;24;5;2023;12:35;1;2B;2B123;1;1;1;2;Route d?Alzitone;42,049671;9,428356
202300020056;9;8;2023;12:15;1;33;33554;2;1;1;3;Route de Sainte-eulalie;44,887241;-0,473061