Num_Acc;jour;mois;an;hrmn;lum;dep;com;agg;int;atm;col;adr;lat;long
202300020057;17;11;2023;13:00;1;93;93007;2;9;1;3;Avenue Pasteur;48,94214412;2,46776568
202300020058;30;5;2023;16:50;1;80;80288;1;9;7;1;RD 1029;49,875431;2,840733
202300020059;8;8;2023;16:10;1;56;56176;1;1;1;6;Rue de Lissaden;47,671135;-2,941879
202300020060;17;11;2023;17:05;2;93;93005;2;1;2;3;Allée des Roseaux;48,951158;2,496701
202300020061;30;5;2023;17:30;1;32;32227;1;1;1;3;le hountagna;43,80777;0,063756
202300020062;8;8;2023;11:40;1;35;35326;2;1;1;6;Avenue Philippe de Volvire;48,332436;-1,534742
202300020063;17;11;2023;08:10;1;92;92063;2;6;1;1;FOUILLEUSE (AVENUE DE);48,86204653;2,19621509
202300020064;31;5;2023;13:00;1;63;63178;2;1;1;2;rue Pierre MENDES FRANCE;45,543407;3,243035
202300020065;8;8;2023;23:25;3;60;60079;1;1;1;5;N2;49,17451684;2,87701249
202300020066;17;11;2023;07:49;1;92;92063;2;3;8;6;PERI (AVENUE GABRIEL);48,88272256;2,18835801
202300020067;30;5;2023;10:50;1;61;61500;1;1;1;6;RD 918;48,623987;0,68274
202300020068;11;7;2023;23:35;3;59;59323;2;1;1;7;D934;50,303314;3,628954
202300020069;17;11;2023;20:35;5;92;92050;2;9;1;3;FRANCE ANATOLE RUE;48,90127253;2,21027076
202300020070;31;5;2023;08:15;1;49;49140;1;2;1;3;D145;47,193686;0,007274
202300020071;17;11;2023;08:55;1;92;92020;2;1;1;6;REPUBLIQUE AV. N°27 A 105 ET 26 A 178;48,8046991;2,29794431
202300020072;7;8;2023;10:35;1;33;33122;1;1;1;4;AUTOROUTE A 63;44,7444;-0,70442
202300020073;31;5;2023;15:20;1;49;49215;1;2;1;1;D347;47,113531;-0,122186
202300020074;8;8;2023;00:31;3;91;91661;1;1;1;2;AUTOROUTE A10;48,69065;2,22247
202300020075;11;11;2023;18:15;5;92;92035;2;2;1;3;Verdun 1916 ( avenue de );48,90444373;2,23249519
202300020076;30;5;2023;12:40;1;29;29189;1;3;1;3;route de Porz Keralliou;48,376453;-4,408189
202300020077;7;8;2023;22:37;3;77;77251;1;1;1;3;AUTOROUTE A5A;48,62522;2,53991
202300020078;17;11;2023;11:20;1;92;92025;2;2;2;3;ESTIENNE D'ORVES (RUE);48,91323745;2,24060333
202300020079;28;5;2023;23:15;3;86;86032;1;1;1;3;Augeron;46,673037;0,554752
202300020080;8;8;2023;19:50;1;93;93064;1;1;1;5;AUTOROUTE A3;48,88497546;2,47135463
202300020081;17;11;2023;13:30;1;92;92004;2;1;1;3;VOLTAIRE ( BD 16 A FIN );48,9164;2,28956
202300020082;8;8;2023;18:10;1;95;95582;1;1;1;6;A15;48,97106448;2,24906981
202300020083;17;11;2023;18:21;5;92;92002;2;1;8;1;LEONARD DE VINCI (RUE);48,74113115;2,31485939
202300020084;30;5;2023;10:50;1;29;29015;1;1;1;1;D13;48,496951;-4,497027
202300020085;2;8;2023;19:30;1;33;33362;1;1;1;3;Rue des platières;45,02953173;-0,19545928
202300020086;5;8;2023;12:15;1;6;6069;2;1;1;6;MISTRAL (AVENUE ET PLACE FREDERIC);43,6461;6,91705
202300020087;17;11;2023;23:10;3;41;41266;1;1;1;6;taille ronde;47,47597;1,264243
202300020088;27;5;2023;18:35;1;31;31123;2;1;2;1;D618;42,806846;0,534114
202300020089;4;8;2023;11:24;1;27;27229;2;1;1;6;CHARTRAINE (RUE);49,02637;1,14789
202300020090;30;5;2023;13:45;1;3;3278;1;1;7;1;25 Route des Rifs;46,214355;3,167002
202300020091;3;8;2023;11:00;1;7;7019;2;1;1;6;LESIN LACOSTE (RUE);44,6202;4,38764
202300020092;30;5;2023;07:30;1;3;3254;1;3;1;3;D130;46,299055;3,301274
202300020093;2;8;2023;16:50;1;95;95218;2;1;1;6;ALBERT CAMUS (AVENUE);49,02015;2,10777
202300020094;18;11;2023;15:15;1;86;86114;1;2;8;2;Route de Lavoux;46,577263;0,556387
202300020095;29;5;2023;15:34;1;3;3156;1;1;1;1;Lusigny;46,590485;3,475161
202300020096;27;5;2023;07:55;1;987;98715;1;9;1;3;Quartier BARFF à St Hilaire;-17,584;-149,56
202300020097;17;11;2023;10:30;1;22;22034;1;1;2;3;D767 PR 42+500;48,676312;-3,354006
202300020098;7;8;2023;15:00;1;974;97416;2;3;1;6;AUGUSTIN ARCHAMBAUD(RUE);-21,34087;55,47769
202300020099;31;5;2023;08:20;1;1;1163;1;2;1;1;Route de Beaupont;46,404102;5,221762
202300020100;17;11;2023;20:40;3;38;38030;1;1;1;1;D519;45,338933;5,477629
202300020101;7;8;2023;12:20;1;974;97409;2;1;1;6;DE LA REPUBLIQUE(AVENUE);-20,96097;55,65051
202300020102;18;11;2023;07:00;1;26;26010;1;6;1;6;D1;45,278125;4,885268
202300020103;6;8;2023;06:00;1;972;97213;1;1;2;3;AUTOROUTE A1;14,59606;-60,98844
202300020104;31;5;2023;16:50;1;1;1335;2;2;1;5;ROUTE DE LA BRESSE;46,117272;5,078044
202300020105;18;11;2023;11:55;1;21;21339;1;1;1;1;Route d'Ancey;47,3378356;4,85839021
202300020106;7;8;2023;14:00;1;972;97209;2;4;8;2;RD 41 (ROCADE);14,61422;-61,05194
202300020107;29;5;2023;03:00;5;1;1001;2;3;1;7;291 Route de la Fontaine;46,14916;4,92195
202300020108;18;11;2023;06:05;3;44;44131;1;1;2;1;Route de la Plaine;47,13248;-2,159055
202300020109;6;8;2023;11:23;1;971;97101;1;9;1;6;HIBISCUS;16,25078345;-61,52769685
202300020110;31;5;2023;05:44;1;58;58215;1;1;1;7;Départementale 243;47,291223;2,944357
202300020111;12;10;2023;19:15;5;2B;2B251;1;1;1;3;RT10;42,006548;9,403353
202300020112;31;5;2023;13:40;1;58;58177;1;1;1;7;D 144;47,144225;3,864573
202300020113;6;8;2023;23:24;5;95;95019;2;3;1;6;COTTAGE (AVENUE DU);48,98892662;2,41007209
202300020114;29;5;2023;09:45;1;58;58277;1;1;1;3;449 Route de Moulins-Engilbert;47,02073;3,838187
202300020115;17;11;2023;21:30;5;2B;2B166;1;9;1;3;Intersection T10 et D110;42,516926;9,442628
202300020116;30;5;2023;21:30;2;58;58121;1;1;1;7;Rue France Bloch;47,036025;3,093735
202300020117;18;11;2023;11:50;1;82;82089;1;2;1;3;D813;44,123842;0,830091
202300020118;30;5;2023;09:45;1;66;66071;1;1;7;6;D611;42,789228;2,690835
202300020119;17;11;2023;17:57;2;82;82047;1;1;1;6;D18;43,848494;0,920609
202300020120;30;5;2023;15:04;1;5;5011;1;1;1;7;D942;44,549664;6,201466
202300020121;5;8;2023;22:50;5;87;87085;2;2;1;3;LECLERC (AVENUE DU GENERAL);45,84722;1,2613
202300020122;18;11;2023;18:00;3;55;55492;1;1;3;1;Chemin des Fontenelles;49,130173;5,456192
202300020123;28;5;2023;17:40;1;50;50166;1;1;1;1;Route de la Chapelle du Mont;49,32181;-1,557507
202300020124;6;8;2023;21:00;1;85;85194;2;6;1;6;RD 949;46,50556;-1,78994
202300020125;17;11;2023;12:50;1;55;55046;1;1;2;3;D904;48,967801;5,812508
202300020126;3;8;2023;12:00;1;83;83123;2;1;1;1;LANGE (CHEMIN);43,125943;5,795324
202300020127;30;5;2023;13:43;1;18;18126;2;3;1;6;Avenue Nationale;46,924952;2,408012
202300020128;17;11;2023;05:26;4;49;49214;2;1;1;1;43 Avenue Esperanto;47,53104;-0,596148
202300020129;4;8;2023;17:35;1;80;80021;2;3;1;3;JULES FERRY (CHAUSSEE);49,87911;2,33536
202300020130;6;8;2023;19:05;1;80;80489;1;1;1;3;RN 25;49,87024;2,37242
202300020131;30;5;2023;11:40;1;53;53104;2;1;1;5;Rue de la Division Leclerc;47,853656;-0,60877
202300020132;17;11;2023;21:20;3;34;34028;1;1;1;6;D 35;43,635702;3,162947
202300020133;30;5;2023;23:50;3;24;24146;1;1;1;6;N21;45,063552;0,679646
202300020134;7;8;2023;13:30;1;77;77450;1;9;1;3;N 19;48,70408;2,59469
202300020135;17;11;2023;10:40;1;44;44150;2;1;1;6;2 Place de l'Eglise;47,123043;-1,633477
202300020136;31;5;2023;14:45;1;4;4162;1;1;2;6;lieu dit les eyries;43,979564;5,661886
202300020137;4;8;2023;14:45;1;76;76351;2;1;1;3;VERDUN (RUE DE);49,50234;0,18826
202300020138;30;5;2023;08:00;1;85;85154;1;1;1;1;la sauvagère;46,6445;-0,841827
202300020139;11;11;2023;10:30;1;29;29214;2;1;1;7;Prat Kergoe;47,917367;-4,370634
202300020140;5;8;2023;14:24;1;71;71059;2;1;8;6;COUCHES (ROUTE DE);46,8103;4,4744
202300020141;30;5;2023;16:10;1;85;85014;1;1;1;1;12 la grange nicolas;46,657185;-0,87922
202300020142;7;8;2023;17:40;1;69;69266;2;1;1;6;4 Rue Pélisson;45,77373;4,88529
202300020143;13;11;2023;18:00;3;2;2250;1;2;2;2;N/A;49,389294;3,768278
202300020144;28;5;2023;23:20;3;17;17344;1;1;1;6;Chez Chevroux;45,862228;-0,591455
202300020145;7;8;2023;19:30;1;69;69029;2;2;1;3;Avenue Franklin Roosevelt;45,7354;4,9031
202300020146;17;11;2023;18:00;5;2;2173;2;2;2;3;5 Boulevard de l'Europe;49,626268;3,214834
202300020147;31;5;2023;16:40;1;8;8498;2;1;7;3;D3;49,74081519;4,67093239
202300020148;18;11;2023;07:55;1;70;70232;1;1;8;7;Aux Ruots;47,658035;5,983531
202300020149;4;8;2023;13:59;1;66;66136;2;3;1;3;N/A;42,72788;2,89501
202300020150;30;5;2023;17:40;1;973;97307;2;2;1;3;RN 2;4,884138;-52,335767
202300020151;7;8;2023;19:00;1;64;64260;2;1;1;3;BEHOBIE (RUE DE);43,35089;-1,78312
202300020152;17;11;2023;16:55;2;66;66167;2;1;1;6;N/A;42,45692327;2,03751862
202300020153;7;8;2023;12:24;1;64;64483;2;1;1;1;RD810;43,40371;-1,63319
202300020154;30;5;2023;18:00;1;24;24585;1;2;1;3;D57;44,604402;1,107838
202300020155;31;5;2023;07:45;1;76;76684;1;6;1;3;D910;49,477773;0,45869
202300020156;18;11;2023;13:05;1;50;50589;1;2;2;3;N175;48,577423;-1,448538
202300020157;7;8;2023;16:15;1;64;64335;2;3;1;3;SOUVENIR FRANCAIS DU;43,32234;-0,43715
202300020158;3;5;2023;19:45;2;67;67389;1;9;1;2;M63;48,648319;7,739098
202300020159;7;8;2023;17:35;1;64;64122;2;1;1;3;GENERAL DE GAULLE (BD DU);43,48353;-1,55931
202300020160;17;11;2023;18:15;5;64;64386;2;2;1;3;Route de Pau;43,189271;-0,250379
202300020161;31;5;2023;03:15;3;63;63300;1;1;1;6;A71;45,895291;3,153661
202300020162;7;8;2023;21:27;5;63;63113;2;3;1;2;DESAIX (BD)/Nestor Perret;45,77725084;3,08305174
202300020163;31;5;2023;07:40;1;13;13051;1;1;1;2;D10;43,572442;5,156719
202300020164;17;11;2023;07:10;2;73;73105;1;1;1;1;D1006;45,44573206;5,73935636
202300020165;7;8;2023;22:25;5;59;59009;2;2;1;6;VAN GOGH BOULEVARD;50,6202;3,13534
202300020166;30;5;2023;10:15;1;78;78466;1;3;1;6;Route de Quarante Sous (Pont);48,925111;1,991921
202300020167;17;11;2023;17:55;3;18;18141;2;1;2;1;23 Rue du Richefort;47,117354;2,206587
202300020168;7;8;2023;14:20;1;59;59350;2;3;1;3;MARQUILLIES RUE;50,614;3,052
202300020169;30;5;2023;18:05;1;38;38384;1;1;1;1;Route de Chartreuse;45,347131;5,350631
202300020170;18;11;2023;13:25;1;18;18229;1;1;1;7;N/A;47,238219;2,381351
202300020171;6;8;2023;10:20;1;54;54304;2;1;2;6;LIBERATION (RUE DE LA);48,67851;6,1605
202300020172;2;8;2023;18:05;1;40;40192;2;1;1;2;HOUGA (AV DU);43,87582;-0,47164
202300020173;29;5;2023;22:30;3;11;11262;1;1;1;2;;43,16579455;2,99907637
202300020174;18;11;2023;12:25;1;21;21420;2;1;1;1;D14;47,012219;4,581955
202300020175;7;8;2023;20:00;1;37;37261;2;1;1;2;BERT (QUAI PAUL);47,40187;0,6901
202300020176;31;5;2023;05:30;2;971;97116;2;6;1;6;rond point d'espérance;16,328624;-61,449366
202300020177;7;8;2023;07:42;1;37;37261;2;9;1;3;COURTELINE (RUE GEORGES);47,39313;0,67366
202300020178;14;11;2023;14:45;1;40;40286;1;3;1;2;Route d'Arzacq;43,616988;-0,456407
202300020179;29;5;2023;20:18;1;13;13040;1;2;1;1;D96 angle D56E;43,459792;5,54646
202300020180;18;11;2023;11:30;1;85;85160;1;1;2;1;RD 85, PK 5 + 100;46,5932252;-1,405804
202300020181;31;5;2023;14:20;1;77;77453;1;1;1;6;RD 408;48,545336;2,722936
202300020182;6;8;2023;01:12;3;14;14333;1;2;1;6;Chemin du Vallon;49,405828;0,205454
202300020183;31;5;2023;06:55;1;78;78531;1;1;1;2;autoroute a13 pk 54+300;49,004008;1,604329
202300020184;17;11;2023;15:00;1;28;28028;1;2;1;3;D110;48,076258;1,55419
202300020185;7;8;2023;13:45;1;13;13206;2;2;1;3;ROME (RUE DE);43,29119;5,38079
202300020186;30;5;2023;01:00;3;34;34296;1;1;3;6;D610;43,749645;4,057775
202300020187;7;8;2023;18:30;1;6;6069;2;1;1;1;BELLEVUE (BOULEVARD);43,665895;6,931504
202300020188;17;11;2023;11:30;1;37;37273;1;4;1;2;D142;47,386056;0,785555
202300020189;26;5;2023;18:30;1;84;84054;1;1;1;1;2444 Route de Carpentras;43,94543;5,054662
202300020190;18;11;2023;11:15;1;30;30075;1;1;1;1;D999;43,85215195;4,27229333
202300020191;5;8;2023;16:25;1;6;6004;2;2;1;3;CHATAIGNIERS AV.DU;43,58092;7,11489
202300020192;30;5;2023;23:05;3;84;84081;2;1;3;6;49 Avenue Pierre de Coubertin;43,935878;4,905363
202300020193;16;11;2023;22:30;3;88;88328;1;1;2;7;Route de Rambervillers;48,321639;6,84209
202300020194;6;8;2023;17:00;1;75;75118;2;4;1;2;PORTE DE LA CHAPELLE;48,90088492;2,36389518
202300020195;24;5;2023;18:50;1;13;13015;2;3;1;1;Avenue Thiers;43,447066;5,415793
202300020196;7;8;2023;08:48;1;75;75120;2;2;1;3;RUE ALEXANDRE DUMAS;48,854365;2,396183
202300020197;30;5;2023;07:40;1;71;71372;2;3;1;3;911 Route Nationale 6;46,182226;4,749307
202300020198;31;5;2023;07:15;1;67;67001;2;1;1;6;Route de Strasbourg;48,583045;7,631754
202300020199;7;8;2023;14:15;1;75;75119;2;1;1;3;BOULEVARD SERURIER;48,87853;2,402559
202300020200;18;11;2023;05:25;3;40;40306;1;1;1;6;A64  PK 38 sens Toulouse / Bayonne;43,511024;-1,052155
202300020201;29;5;2023;10:54;1;57;57123;2;1;7;6;202 Rue Principale;49,16798;6,716325
202300020202;7;8;2023;19:55;1;75;75117;2;3;1;3;RUE JULES BOURDAIS;48,888093;2,299665
202300020203;18;11;2023;15:30;1;988;98817;2;1;1;6;1213 Avenue des deux baies - PONT DES FRANCAIS;-22,22101;166,49624
202300020204;31;5;2023;08:20;1;3;3316;2;2;1;3;Route de Paris;46,662102;3,245516
202300020205;7;8;2023;06:40;2;75;75115;2;2;1;3;RUE DE LA CONVENTION;48,84344;2,282745
202300020206;7;11;2023;07:15;1;971;97128;1;4;1;3;Maudette;16,232838;-61,419386
202300020207;6;8;2023;16:50;1;75;75114;2;3;1;3;RUE MORERE;48,825077;2,320531
202300020208;30;5;2023;20:20;1;63;63099;1;2;1;2;"M402/chemin ""sous le bois""";45,841884;3,08313
202300020209;11;11;2023;18:20;3;77;77477;1;9;2;3;D152;48,337981;2,597119
202300020210;27;5;2023;11:45;1;26;26023;1;1;1;7;Col du Tourniol;44,939484;5,160055
202300020211;7;8;2023;19:47;1;75;75112;2;3;1;3;BOULEVARD SOULT;48,846174;2,41106
202300020212;17;11;2023;15:00;1;91;91226;1;1;1;4;RN20;48,495471;2,200195
202300020213;6;8;2023;21:00;2;75;75112;2;2;1;3;BOULEVARD PONIATOWSKI;48,831803;2,397635
202300020214;31;5;2023;18:00;1;7;7097;2;1;1;5;D222;45,016121;4,836388
202300020215;31;5;2023;15:45;1;69;69094;2;1;1;6;53 Route du Col de la Luère;45,74854;4,671025
202300020216;18;11;2023;13:35;1;66;66014;1;1;1;7;N/A;42,765098;2,826136
202300020217;7;8;2023;18:45;1;75;75107;2;3;1;1;BOULEVARD RASPAIL;48,852388;2,326466
202300020218;30;5;2023;15:40;1;81;81219;1;1;1;1;N126;43,56919;1,96386
202300020219;6;8;2023;21:20;5;75;75101;2;2;1;3;RUE DES PETITS CHAMPS;48,866987;2,33587
202300020220;17;11;2023;17:00;2;21;21390;2;3;1;6;Rue Claus Sluter;47,280514;5,004594
202300020221;31;5;2023;05:15;2;85;85302;1;1;1;2;RD72;46,95099;-0,971688
202300020222;31;5;2023;03:45;3;72;72154;1;1;1;6;647 voie de la liberté;47,694917;-0,107288
202300020223;31;5;2023;07:20;1;61;61182;1;1;1;6;N12 PR78 + 500;48,460255;-0,07655
202300020224;18;11;2023;16:00;1;63;63284;2;6;1;3;D1093;45,812081;3,240023
202300020225;4;8;2023;10:42;1;94;94033;2;2;1;3;Avenue du Président Roosevelt;48,843018;2,464842
202300020226;6;8;2023;16:50;1;93;93066;2;1;8;2;Avenue du Président Wilson;48,91761978;2,35722587
202300020227;15;11;2023;08:10;1;69;69045;1;2;1;3;Route des Saint-Étienne;46,082379;4,700933
202300020228;30;5;2023;16:50;1;35;35240;2;1;7;2;Rue Nationale;48,093653;-1,776102
202300020229;7;8;2023;17:25;1;93;93077;2;4;1;6;Rue Aristide Briand / Rue de Villemonble;48,874;2,52978
202300020230;18;11;2023;00:30;3;79;79189;1;1;2;1;N/A;46,416629;-0,175433
202300020231;30;5;2023;17:00;1;27;27242;2;1;1;1;Rue des Buissonnets;48,94895;0,817033
202300020232;6;8;2023;13:40;1;93;93029;2;1;1;6;Rue Roger Salengro;48,91772312;2,43614085
202300020233;18;11;2023;01:10;3;33;33049;1;1;1;6;Lieu Dit Lamirand;44,875184;-0,339965
202300020234;30;5;2023;13:20;1;62;62746;2;1;1;1;35 Rue Haffreingue;50,682927;1,623495
202300020235;17;11;2023;02:15;4;29;29046;2;6;2;7;Avenue Pablo Neruda;48,07951695;-4,32940658
202300020236;7;8;2023;09:30;1;93;93027;2;3;1;3;Rue Raspail / Passage Sainte Foix;48,92303184;2,39509678
202300020237;31;5;2023;09:15;1;59;59481;2;1;1;6;2 Route de Bavay;50,25476;3,64646
202300020238;17;11;2023;07:56;2;22;22050;2;1;8;6;56 Rue de Brest;48,452668;-2,058323
202300020239;7;8;2023;22:15;5;93;93005;2;2;1;3;Rue Jules Princet / Rue du Colonel Moll;48,93670207;2,49715703
202300020240;30;5;2023;15:20;1;83;83123;1;1;1;3;A50;43,14661757;5,77148283
202300020241;15;11;2023;18:35;5;22;22093;2;1;1;1;Place du Martray;48,469291;-2,515483
202300020242;7;8;2023;08:40;1;92;92063;2;3;1;6;HUGO (AVENUE VICTOR);48,88759496;2,17313898
202300020243;30;5;2023;09:25;1;33;33281;1;1;1;6;ROCADE A 630;44,81545;-0,67266
202300020244;7;8;2023;19:30;1;92;92050;2;3;1;3;FOCH MARECHAL PLACE DU;48,88824233;2,19409543
202300020245;30;5;2023;18:08;1;94;94003;1;1;1;5;A6B;48,80072795;2,34367155
202300020246;17;11;2023;15:12;1;33;33162;1;1;8;2;ROCADE A 630;44,87089023;-0,64275384
202300020247;7;8;2023;12:50;1;92;92004;2;1;1;2;PONT DE CLICHY;48,91014;2,29925
202300020248;30;5;2023;10:50;1;94;94003;1;1;1;2;A6B;48,80048354;2,34369821
202300020249;17;11;2023;07:15;5;33;33550;1;1;2;2;AUTOROUTE A 62;44,77075631;-0,55477738
202300020250;3;1;2023;23:45;5;92;92004;2;3;1;3;ARGENTEUIL AV D';48,91458;2,28318
202300020251;30;5;2023;10:36;1;91;91174;1;1;7;2;RN 104;48,62345;2,46653
202300020252;30;5;2023;09:15;1;91;91161;1;1;1;7;AUTOROUTE A6;48,700301;2,31081
202300020253;5;8;2023;20:24;1;92;92004;2;1;2;6;REDOUTE ( AVENUE DE LA  );48,9299473;2,28339672
202300020254;16;11;2023;09:08;1;33;33063;1;1;2;4;ROCADE A 630;44,88015056;-0,5385527
202300020255;17;11;2023;16:27;1;91;91553;1;1;1;7;RN 104;48,6329;2,5029
202300020256;29;5;2023;16:00;1;92;92064;1;1;1;4;A13;48,83887386;2,1936047
202300020257;8;8;2023;12:50;1;63;63302;1;1;1;1;D979;45,721766;3,159868
202300020258;17;11;2023;09:25;1;94;94021;1;1;2;2;A6B;48,77129754;2,34584423
202300020259;29;5;2023;10:40;1;78;78291;1;1;1;3;A13;48,967866;1,745041
202300020260;8;8;2023;08:45;1;71;71576;1;1;1;2;Autoroute A6, PK 362+200, sens LYON/PARIS;46,525767;4,918377
202300020261;29;5;2023;17:30;1;92;92036;1;1;1;4;AUTOROUTE A15;48,94651571;2,2827709
202300020262;17;11;2023;10:15;1;94;94034;1;1;2;4;A6B;48,75239992;2,33121177
202300020263;6;8;2023;20:10;1;57;57111;1;1;1;2;A4 - Sens PARIS/METZ - PK 309.000;49,195391;6,09458
202300020264;29;5;2023;08:45;1;93;93064;1;1;1;2;AUTOROUTE A103;48,88656;2,48053
202300020265;17;11;2023;18:00;3;78;78402;1;1;1;5;A13;48,965148;1,764426
202300020266;30;5;2023;15:45;1;94;94028;1;1;1;4;A86;48,78050715;2,4413936
202300020267;5;8;2023;13:20;1;35;35121;1;1;8;2;A84;48,24172;-1,45613
202300020268;5;8;2023;17:50;1;29;29302;1;1;1;6;RN165;48,26612;-4,11532
202300020269;30;5;2023;08:35;1;77;77249;1;1;1;3;RN104;48,751992;2,614445
202300020270;17;11;2023;18:00;3;78;78238;1;1;1;3;A13;48,970636;1,876598
202300020271;8;8;2023;07:30;2;6;6118;1;6;1;3;Route de Grasse, Rond Point Jacques Martel;43,650268;6,815976
202300020272;29;5;2023;14:20;1;94;94017;1;1;1;2;A4;48,82931384;2,49951954
202300020273;16;11;2023;08:29;1;78;78029;1;1;3;5;A13W;48,96795;1,857943
202300020274;19;3;2023;13:50;1;43;43089;2;1;2;2;36 Avenue du Puy;45,045335;3,873709
202300020275;6;8;2023;23:00;3;63;63352;1;1;1;4;a75, pk 44+100;45,43693275;3,27224008
202300020276;17;11;2023;21:30;4;95;95277;1;1;1;3;A3;48,98025923;2,49780178
202300020277;17;3;2023;14:00;1;43;43157;2;1;1;2;Avenue Baptiste Marcet;45,02833;3,88433
202300020278;6;8;2023;07:40;1;22;22175;1;1;1;6;D52;48,489989;-2,405834
202300020279;27;2;2023;16:30;1;14;14191;2;1;1;4;Route de Caen;49,31884358;-0,45240195
202300020280;17;11;2023;11:20;1;93;93078;1;1;8;6;AUTOROUTE A104;48,96358;2,52152
202300020281;7;8;2023;10:40;1;41;41149;2;2;7;6;Avenue Gambetta;47,757344;0,871198
202300020282;29;5;2023;20:40;1;69;69387;2;2;1;3;Avenue Félix Faure;45,7521;4,8466
202300020283;16;11;2023;23:45;4;93;93053;1;9;3;3;AUTOROUTE A3;48,89542;2,47057
202300020284;25;5;2023;14:40;1;972;97213;1;1;1;6;AUTOROUTE A1;14,59734;-60,99882
202300020285;7;8;2023;13:00;1;56;56130;1;2;1;3;Kermorvant;47,74156;-3,295276
202300020286;16;11;2023;22:30;3;93;93064;1;1;2;2;AUTOROUTE A86;48,88128;2,475
202300020287;17;11;2023;17:35;2;77;77146;1;1;1;6;A4.Y;48,83216;2,65293
202300020288;17;11;2023;07:30;4;94;94015;1;1;2;2;A4;48,83216525;2,53266592
202300020289;29;5;2023;06:05;1;91;91421;1;1;1;7;NATIONALE 6 (PARTIE FORET);48,6895;2,4724
202300020290;17;11;2023;03:30;4;77;77495;1;9;2;2;A105;48,56017;2,64569
202300020291;29;5;2023;19:30;1;69;69275;2;3;1;6;61 Rue Sully;45,76657;4,97438
202300020292;27;5;2023;19:20;1;38;38421;2;2;1;3;AVENUE AMBROISE CROIZAT;45,18149;5,76296
202300020293;28;5;2023;19:40;1;67;67482;2;2;1;3;PRESIDENT WILSON (BOULEVARD);48,58763;7,73861
202300020294;29;5;2023;08:40;1;64;64445;2;1;1;2;JEAN MERMOZ;43,30775;-0,37661
202300020295;13;3;2023;11:00;1;92;92007;2;1;2;2;MEUNIERS (RUE DES);48,79757098;2,30895549
202300020296;10;7;2023;15:15;1;13;13210;2;9;1;3;CAPELETTE (AVENUE DE LA);43,28367;5,40081
202300020297;29;5;2023;23:05;5;59;59350;2;3;1;3;FAUBOURG DE BETHUNE RUE;50,61754;3,02677
202300020298;14;3;2023;15:50;1;41;41194;1;1;1;6;Rue des Grelets;47,341684;1,738607
202300020299;15;6;2023;14:30;1;93;93077;2;1;1;6;Avenue du Général Galliéni;48,89029;2,50982
202300020300;13;3;2023;22:09;3;69;69289;1;1;2;6;Chemin de la Madone;45,646235;5,00457
202300020301;16;11;2023;12:10;1;976;97611;1;1;1;3;m'tsapere-M'tsapéré- M'tsangani ( rue );-12,792;45,22133
202300020302;29;5;2023;19:07;1;35;35278;1;1;1;5;RD 137;48,1701951;-1,71354264
202300020303;12;3;2023;08:30;1;972;97222;2;9;1;1;D3, vert pré;14,692933;-60,974826
202300020304;15;11;2023;16:05;1;974;97416;1;3;1;1;RN3 (ANCIENNE ROUTE);-21,294;55,51065
202300020305;12;3;2023;20:59;5;11;11421;2;1;1;6;;43,216397;2,858607
202300020306;29;5;2023;18:45;1;35;35238;2;1;1;6;KENNEDY (COURS JOHN-FITZGERALD);48,12148;-1,71021
202300020307;13;3;2023;09:30;1;83;83100;1;1;1;6;D97;43,275604;6,1227
202300020308;16;11;2023;08:20;1;973;97302;2;1;1;3;MONTABO (ROUTE DE) 2;4,93622;-52,29634
202300020309;29;5;2023;19:45;1;34;34108;2;1;2;6;Avenue d’Ingril;43,45229;3,80925
202300020310;3;3;2023;18:30;2;84;84062;1;2;1;3;D900;43,872251;5,10433
202300020311;29;5;2023;23:30;5;33;33063;2;1;1;6;Rue Carle Vernet;44,81567;-0,55647
202300020312;14;11;2023;22:20;5;972;97209;1;1;2;7;RD 41 (ROCADE);14,617;-61,04168
202300020313;14;3;2023;02:45;3;65;65265;1;1;1;6;Route de Tarbes;43,228755;0,159263
202300020314;12;3;2023;23:30;3;63;63404;1;1;1;6;Autoroute A75- Sens Sud/Nord - Point kilométrique:24+400;45,592575;3,236563
202300020315;16;11;2023;11:35;1;2B;2B037;1;6;1;2;D 82;42,5949;9,43858
202300020316;29;5;2023;22:00;5;33;33529;2;3;1;3;POILUS (RUE DES);44,62899;-1,15154
202300020317;16;11;2023;13:34;1;971;97101;1;9;1;3;ALBERT LEOGANE - TERRASSON (RUE);16,249853;-61,49692655
202300020318;10;3;2023;11:35;1;83;83140;1;1;6;3;dn7 pk 22+960;43,406733;5,938792
202300020319;29;5;2023;13:52;1;25;25462;2;2;1;6;SAINT ETIENNE FAUBOURG;46,90028;6,36102
202300020320;16;11;2023;08:57;1;971;97113;1;1;1;6;SECTION COCOYER;16,23253;-61,47909
202300020321;14;3;2023;09:40;1;56;56184;1;1;1;3;LEZADAN;47,679175;-2,3962
202300020322;15;11;2023;15:30;1;971;97101;2;1;1;1;ROUTE DE BOULIQUI;16,25828;-61,45541
202300020323;29;5;2023;12:40;1;13;13210;2;2;1;3;FLORIAN ( ROND POINT);43,28523252;5,42603447
202300020324;13;3;2023;19:45;3;76;76093;1;1;3;1;D916;49,421508;1,64095