Num_Acc;jour;mois;an;hrmn;lum;dep;com;agg;int;atm;col;adr;lat;long
202300020325;15;11;2023;08:20;1;971;97113;1;3;1;3;RN4 - SECTION RIVIERA;16,2085;-61,46751
202300020326;29;5;2023;20:05;1;10;10387;2;6;1;3;Boulevard Georges Pompidou;48,28788381;4,08091021
202300020327;16;11;2023;11:20;1;95;95582;2;2;3;3;D909;48,96311;2,26024
202300020328;29;5;2023;17:05;1;10;10343;2;6;1;3;Allée du Château des Cours;48,2718;4,09084
202300020329;14;3;2023;06:36;2;80;80080;1;2;3;3;D1029;49,875493;2,843085
202300020330;16;11;2023;17:15;5;95;95598;2;6;2;6;D109E;48,99046138;2,29642153
202300020331;13;3;2023;05:20;3;81;81276;1;1;2;7;Route de Montauban;43,914303;1,678591
202300020332;29;5;2023;22:18;5;6;6088;2;2;1;3;CIMIEZ (BD) A PARTIR DU 16-17;43,71343;7,27163
202300020333;13;11;2023;07:30;3;95;95127;2;1;3;6;OISE (BOULEVARD DE L');49,04289;2,01785
202300020334;29;5;2023;03:29;5;6;6088;2;1;1;7;QUAI LUNEL;43,69433;7,28281
202300020335;16;11;2023;16:50;1;91;91103;2;9;2;6;RUE DE LA PAIX;48,60857;2,30532
202300020336;26;2;2023;03:30;3;32;32020;2;1;1;6;D555;43,435762;0,270946
202300020337;12;3;2023;15:50;1;32;32305;1;1;1;6;Départementale 33;43,83397;-0,047035
202300020338;29;5;2023;18:05;1;75;75120;2;1;1;4;BD PERIPHERIQUE INTERIEUR;48,855447;2,413826
202300020339;16;11;2023;18:50;5;91;91114;2;2;2;3;AV KRUGER;48,6849;2,4964
202300020340;28;5;2023;22:35;5;75;75116;2;1;1;3;BD PERIPHERIQUE INTERIEUR;48,854539;2,254923
202300020341;13;3;2023;07:45;1;71;71543;2;3;1;3;627 Avenue Henri et Suzanne Vitrier;46,568151;4,893261
202300020342;16;11;2023;07:30;5;91;91687;2;9;3;3;GABRIEL PERI (AVENUE);48,67953;2,37552
202300020343;28;5;2023;07:41;1;75;75119;2;1;1;2;BD PERIPHERIQUE EXTERIEUR;48,890069;2,396274
202300020344;16;11;2023;07:40;4;91;91027;2;1;3;6;RUE EDOUARD VAILLANT;48,7057;2,39328
202300020345;12;3;2023;15:00;1;63;63393;2;4;1;3;Avenue des Bruyères;45,890781;3,597406
202300020346;16;11;2023;18:05;5;91;91223;2;6;2;6;RD 191;48,44166;2,13733
202300020347;29;5;2023;12:00;1;75;75116;2;2;1;7;AVENUE PAUL DOUMER;48,85971;2,27853
202300020348;14;3;2023;09:00;1;12;12198;1;1;3;6;D911;44,312798;2,235181
202300020349;29;5;2023;08:15;1;75;75115;2;3;1;6;RUE THEODORE DECK;48,83741933;2,2899735
202300020350;16;11;2023;01:22;5;87;87085;2;2;1;3;GARIBALDI (AVENUE);45,8318;1,26245
202300020351;14;3;2023;12:45;1;47;47315;1;1;3;1;D911;44,43727907;0,86586178
202300020352;29;5;2023;20:55;1;75;75113;2;1;1;6;BOULEVARD KELLERMANN;48,819233;2,358215
202300020353;15;11;2023;18:06;1;87;87113;1;1;1;1;ANGUERNAUD;45,88322;1,32408
202300020354;13;3;2023;09:00;1;47;47138;1;1;1;3;Paradis;44,253891;0,777492
202300020355;29;5;2023;16:55;1;75;75112;2;1;1;3;AVENUE DAUMESNIL   SAINT MANDE;48,83382;2,41582
202300020356;13;3;2023;09:15;1;39;39367;1;1;1;6;10 Rue de l'Europe;46,545698;6,017284
202300020357;15;11;2023;16:30;1;85;85194;2;6;1;6;DINGLER (QUAI JULES);46,49497;-1,79436
202300020358;29;5;2023;11:50;1;75;75110;2;2;1;1;PLACE FRANZ LISZT;48,877916;2,351624
202300020359;15;11;2023;17:45;1;84;84007;2;1;1;3;AMANDIER (Avenue de l');43,9474;4,85586
202300020360;13;3;2023;17:30;1;44;44091;1;2;1;3;Route de Vay;47,572634;-1,694904
202300020361;28;5;2023;22:00;2;75;75110;2;1;1;3;AVENUE CLAUDE VELLEFAUX;48,873046;2,370026
202300020362;15;11;2023;08:05;1;84;84007;2;1;1;3;PONCET (Rue Paul);43,92859;4,81974
202300020363;11;3;2023;12:54;1;29;29081;2;1;2;1;27 Rue du Docteur Jacq;48,363025;-3,742511
202300020364;28;5;2023;16:56;1;75;75108;2;2;1;3;PLACE DE LA CONCORDE;48,866781;2,322098
202300020365;14;3;2023;18:50;2;29;29171;2;1;1;6;D785;47,84089379;-4,28463766
202300020366;15;11;2023;14:25;1;83;83137;2;3;9;3;BONFANTE;43,14172;5,8922
202300020367;28;5;2023;19:50;1;94;94074;2;1;1;6;3 Rue du 11 Novembre 1918;48,7497;2,4676
202300020368;28;5;2023;19:00;2;93;93055;2;3;1;6;Avenue Jean Lolive / Rue Auger;48,89078883;2,40075157
202300020369;16;11;2023;12:05;1;81;81163;2;3;2;3;RICHARDE;43,4978558;2,3929611
202300020370;14;3;2023;14:15;1;38;38517;2;1;2;3;381 Route de Saint-quentin;45,297509;5,499768
202300020371;14;11;2023;13:40;1;80;80021;2;1;3;6;VANMARCKE (RUE);49,89653;2,30144
202300020372;28;5;2023;23:05;5;93;93051;2;1;1;2;26 Avenue du Général de Gaulle;48,84607;2,5588
202300020373;13;3;2023;19:25;3;72;72377;1;1;2;6;D41;47,75419075;-0,10163713
202300020374;29;5;2023;02:30;5;93;93046;2;3;1;3;Avenue Aristide Briand / Avenue Camille Desmoulins;48,91249;2,52245
202300020375;15;11;2023;10:49;1;78;78586;2;2;1;3;JOUHAUX (LEON);48,949102;2,193659
202300020376;14;3;2023;07:30;1;72;72071;2;9;2;3;76 Rue Aristide Briand;47,69583;0,41747
202300020377;29;5;2023;18:20;1;93;93047;2;7;1;3;Boulevard Bargue / Rue Notre Dame des Anges;48,9004241;2,55683452
202300020378;29;5;2023;15:00;1;93;93047;2;3;1;1;Rue Picasso / Avenue Paul Cézanne;48,90322188;2,56028894
202300020379;16;11;2023;15:35;1;77;77284;2;3;2;6;FUSILLIERS (RUE DES);48,95321;2,88013
202300020380;12;3;2023;17:50;1;6;6113;1;1;1;3;Route des Cabrolles;43,797206;7,478714
202300020381;29;5;2023;15:21;1;93;93008;2;9;1;3;Rue Henri Gautier;48,90499403;2,42647358
202300020382;29;5;2023;16:24;1;92;92063;2;1;1;6;MIRIBEL (RUE DU GENERAL DE);48,86144;2,17059
202300020383;12;3;2023;14:15;1;14;14032;1;1;1;6;Route de Bonneville - RD534;49,28631858;0,29824915
202300020384;16;11;2023;13:35;1;77;77058;2;2;2;3;ANDRE MALRAUX (AVENUE);48,84162;2,71905
202300020385;29;5;2023;16:37;1;92;92050;2;1;1;6;boulevard Aimé Césaire;48,89512296;2,22789198
202300020386;13;3;2023;20:30;3;5;5010;1;1;1;7;994B;44,53833906;5,78430498
202300020387;29;5;2023;12:40;1;92;92048;2;1;1;6;TRIVAUX (AVENUE DE) N° 9;48,79889061;2,23311737
202300020388;13;3;2023;09:05;1;5;5170;1;1;1;7;230 Avenue Pierre Bernard Reymond;44,45831;6,03453
202300020389;16;11;2023;08:40;1;77;77243;2;3;2;3;RAYMOND POINCARE  (AVENUE);48,8747;2,72324
202300020390;30;5;2023;08:15;1;76;76342;1;1;1;3;365 Chemin de la Cayenne;49,656867;0,545199
202300020391;12;3;2023;18:40;2;16;16334;1;1;2;7;Peudry;45,359737;0,096222
202300020392;16;11;2023;23:20;5;76;76540;2;1;2;6;Rue de Lillebonne;49,44704;1,06493
202300020393;14;3;2023;10:00;1;40;40132;1;1;3;6;4263 Route de Habas;43,565397;-0,942791
202300020394;30;5;2023;09:30;1;39;39097;2;3;1;3;25 Rue Clémenceau;46,743747;5,915639
202300020395;16;11;2023;19:15;5;76;76681;2;2;8;3;Rue Pierre Corneille;49,42123;1,09268
202300020396;30;5;2023;07:59;1;80;80016;2;3;7;6;Rue Paul Bert;50,000961;2,651605
202300020397;13;3;2023;08:45;1;23;23173;1;1;1;3;D941;45,985158;1,831037
202300020398;29;5;2023;18:45;1;54;54307;2;1;1;3;3 Grande Rue;48,43592407;6,24867797
202300020399;16;11;2023;09:45;1;74;74118;2;3;2;1;DE GAULLE (RUE CHARLES);46,166207;6,188913
202300020400;29;5;2023;06:40;2;86;86034;1;1;1;6;D12;46,370204;0,593054
202300020401;12;3;2023;01:20;3;1;1024;1;1;2;6;;46,26174779;5,16357958
202300020402;29;5;2023;02:30;3;2A;2A348;1;1;1;6;RD 70;42,158671;8,756474
202300020403;15;11;2023;07:55;1;72;72181;2;9;1;6;MAIGNANT ALBERT (RUE) N° IMP;48,00541;0,20398
202300020404;27;5;2023;14:35;1;52;52300;2;1;1;6;09 Grande Rue;48,513728;5,003347
202300020405;14;3;2023;11:00;1;37;37131;1;1;1;1;D952;47,43606102;1,02063417
202300020406;16;11;2023;14:10;1;71;71081;2;1;8;3;PARIS (RUE  DE);46,8163;4,84011
202300020407;28;5;2023;11:21;1;22;22048;1;1;1;1;la Brousse;48,487714;-2,230203
202300020408;13;3;2023;08:20;1;1;1213;1;1;1;6;A42 - PK 037+150 vers LYON;45,937897;5,284843
202300020409;16;11;2023;17:55;5;69;69266;2;8;8;3;20 Avenue Albert Einstein;45,78354137;4,8832178
202300020410;28;5;2023;22:30;4;41;41194;2;1;1;6;Rue Porte aux Dames;47,360517;1,746939
202300020411;7;2;2023;08:20;2;6;6085;2;1;1;6;Avenue General de Gaulle;43,608708;7,009452
202300020412;16;11;2023;12:15;1;69;69264;2;1;1;6;Avenue Saint-Exupery;45,99086;4,71109
202300020413;30;5;2023;13:05;1;28;28425;1;1;1;6;A11 pk 041+700;48,503185;1,703439
202300020414;13;3;2023;19:00;3;49;49308;1;1;2;4;A87N;47,4043;-0,510269
202300020415;30;5;2023;15:45;1;23;23193;1;1;1;7;La Planche;46,13953;1,906943
202300020416;16;11;2023;02:55;3;69;69290;1;1;1;6;357 Route de Grenoble;45,72362;4,93821
202300020417;30;5;2023;13:05;1;67;67163;1;6;1;7;D31;48,704098;7,556107
202300020418;13;3;2023;05:00;3;988;98832;1;1;1;6;Route du Carénage - RM10;-22,25516;166,83526
202300020419;15;11;2023;12:05;1;69;69029;1;1;1;5;Boulevard de l'Université;45,72416;4,92204
202300020420;30;5;2023;08:10;1;35;35208;1;1;1;4;N137 PK030.200;47,96552889;-1,69084847
202300020421;13;3;2023;21:30;3;973;97311;1;1;1;3;Avenue Christophe Colomb;5,446811;-54,041877
202300020422;16;11;2023;17:20;5;67;67482;2;3;3;3;LYON (BOULEVARD DE);48,57502;7,73378
202300020423;28;5;2023;05:30;3;974;97404;1;1;1;2;route Nationale 1 97427;-21,283536;55,370793
202300020424;30;5;2023;07:45;1;84;84134;1;1;1;2;RD 93;44,181207;4,887163
202300020425;14;11;2023;18:15;5;67;67482;2;6;2;2;BELGES (QUAI DES);48,57468201;7,77650499
202300020426;13;2;2023;15:25;1;973;97311;1;1;1;7;Route de Saint Jean;5,443746;-54,03868
202300020427;30;5;2023;15:50;1;51;51028;1;1;7;2;D9;49,075887;4,06051
202300020428;15;11;2023;19:20;3;66;66136;1;1;1;3;N/A;42,7118;2,96297
202300020429;12;3;2023;20:55;5;971;97116;2;1;1;3;Nationale 6;16,336016;-61,459236
202300020430;16;11;2023;19:50;3;64;64260;2;1;2;6;NOUVELLE (RUE);43,35433;-1,77434
202300020431;28;5;2023;10:10;1;56;56168;1;1;7;2;Voie verte littorale n°5;47,589487;-3,132999
202300020432;29;5;2023;17:45;1;76;76719;1;1;1;7;D10;49,743164;0,525627
202300020433;15;11;2023;09:15;1;64;64445;2;1;1;2;CATHERINE DE BOURBON;43,3209;-0,35885
202300020434;13;3;2023;18:20;2;971;97129;1;1;1;3;N2;16,29295;-61,670675
202300020435;16;11;2023;21:30;3;64;64122;2;9;1;7;PITCHOT (RUE DE);43,46486;-1,53516
202300020436;30;5;2023;09:30;1;79;79170;1;1;1;1;;46,193334;-0,661497
202300020437;13;3;2023;15:45;1;45;45173;2;1;3;1;17 Route d’Orléans;47,86225;2,112069
202300020438;16;11;2023;14:07;1;63;63300;1;1;6;2;RD 2009-contournement Est de Riom;45,9046647;3,12815334
202300020439;27;5;2023;17:30;1;65;65394;1;1;1;6;chemin de la bourdette;43,078725;0,526978
202300020440;11;3;2023;21:15;3;77;77005;1;6;2;6;D404;48,91634631;2,71175388
202300020441;15;11;2023;07:30;2;62;62842;2;1;8;3;Route de Wingles;50,47841;2,85885
202300020442;27;5;2023;10:00;1;65;65343;1;1;1;7;Route de Batsurguere;43,068449;-0,06875
202300020443;13;3;2023;19:35;5;78;78089;2;1;2;6;6 Rue Lazare Carnot;49,035958;1,576808
202300020444;12;11;2023;16:40;2;62;62498;2;1;2;6;D947;50,44358;2,81971
202300020445;14;3;2023;08:25;1;2A;2A247;1;1;1;2;Route de Muratello;41,59314;9,22247
202300020446;30;5;2023;17:15;1;32;32395;1;1;1;5;Bordeneuve;43,991209;0,674822
202300020447;11;3;2023;12:10;1;30;30085;1;1;1;7;;43,933042;4,473538
202300020448;15;11;2023;18:25;5;56;56121;2;1;2;2;SAINT-CHRISTOPHE ( PONT );47,76084;-3,36494
202300020449;12;3;2023;16:15;1;6;6147;2;1;1;6;528 Boulevard Léon Sauvan;43,786646;7,27164
202300020450;30;5;2023;17:48;1;71;71364;1;4;1;6;D996;46,828537;5,169228
202300020451;15;11;2023;10:45;1;54;54526;2;2;8;2;rue de la Fraternité;48,693463;6,211991
202300020452;13;3;2023;14:00;1;10;10338;1;1;1;4;N/A;48,498575;4,136932
202300020453;14;11;2023;19:15;3;54;54373;1;1;3;1;RN4;48,568065;6,540635
202300020454;12;3;2023;16:00;1;73;73153;1;1;1;7;D1212;45,732778;6,421015
202300020455;16;11;2023;21:20;5;54;54270;2;1;2;2;Rue du Marechal Foch;49,49665;5,8684
202300020456;13;3;2023;15:12;1;73;73030;1;4;1;6;D11;45,575131;5,980639
202300020457;16;11;2023;17:52;3;51;51454;2;6;2;6;NICE (RUE DE);49,26016;4,06336
202300020458;13;3;2023;16:49;1;38;38407;1;1;6;6;Route du Col;45,324868;5,655942
202300020459;14;3;2023;08:45;1;26;26064;1;6;9;7;D119;44,93816473;4,97562915
202300020460;15;11;2023;09:55;1;50;50218;2;3;2;2;MESNIL (RUE DU);48,83961;-1,56675
202300020461;13;3;2023;12:20;1;7;7324;2;3;1;6;Quai Farconnet;45,069766;4,828529
202300020462;15;11;2023;22:15;5;49;49007;2;1;1;6;LIZE;47,49074;-0,56439
202300020463;15;11;2023;10:20;1;49;49007;2;1;1;2;MEIGNANNE;47,48194;-0,57722
202300020464;12;3;2023;00:05;3;1;1213;1;1;2;2;D1084;45,92155;5,269135
202300020465;11;3;2023;09:20;1;69;69227;1;1;2;6;Route Départementale 122;45,646883;4,55703
202300020466;16;11;2023;19:20;5;45;45208;2;6;8;3;2 Rue du Port;48,00033159;2,7303063
202300020467;13;3;2023;11:00;1;64;64407;2;1;1;1;Avenue des Platanes;43,478491;-1,434134
202300020468;16;11;2023;23:00;5;44;44109;2;1;1;6;5 Rue Paul Bellamy;47,22094;-1,55552
202300020469;13;9;2023;08:00;1;79;79191;2;1;1;3;N/A;46,331101;-0,47055
202300020470;16;11;2023;10:25;1;44;44109;2;1;2;3;Pont Anne de Bretagne;47,20893;-1,56641
202300020471;13;3;2023;16:40;1;62;62318;2;1;1;2;D939;50,511373;1,646256
202300020472;13;9;2023;10:05;1;77;77284;2;9;1;3;RAOULT (COURS);48,958398;2,882363
202300020473;13;3;2023;15:35;1;62;62318;2;2;1;3;Avenue du Vieux Moulin;50,520248;1,649328
202300020474;5;9;2023;10:15;1;74;74012;2;9;1;6;BLANC (RUE RENE);46,19336;6,23627
202300020475;13;3;2023;09:15;1;13;13071;1;1;1;2;A7-Sens Marseille vers Lyon;43,403534;5,343686
202300020476;16;11;2023;12:10;1;43;43157;2;9;2;7;Rue Henri Dunant;45,03472;3,88724
202300020477;11;3;2023;20:50;3;33;33080;1;1;1;6;AUTOROUTE A 62;44,73113576;-0,53018689
202300020478;9;9;2023;18:50;1;73;73065;2;9;1;3;PIAF EDITH (ALLEE);45,599429;5,92071
202300020479;12;9;2023;14:00;1;42;42218;2;1;1;6;Cours Fauriel;45,42394;4,40842
202300020480;11;3;2023;13:05;1;33;33039;1;1;3;5;ROCADE A 630;44,79391;-0,53971
202300020481;13;9;2023;09:53;1;69;69286;2;4;2;6;Rue Hector Berlioz;45,8157;4,8951
202300020482;12;9;2023;08:35;1;69;69029;2;4;8;3;44 Avenue Jules Mas;45,73828;4,91059
202300020483;10;3;2023;17:25;1;33;33063;1;1;2;4;ROCADE A 630;44,8830799;-0,55390298
202300020484;16;11;2023;16:30;2;38;38185;2;1;1;6;RUE PIERRE SÉMARD;45,18866;5,71501
202300020485;13;3;2023;09:45;1;91;91064;1;1;2;2;RN 118;48,753548;2,223305
202300020486;13;9;2023;21:35;5;65;65440;2;2;1;3;Avenue Alsace Lorraine;43,24445;0,07334
202300020487;16;11;2023;13:13;1;38;38053;2;1;1;6;Impasse de la Plaine;45,60175;5,26635
202300020488;13;3;2023;17:55;2;92;92036;1;1;1;4;A86;48,93391754;2,27790653
202300020489;13;9;2023;15:18;1;65;65286;2;1;1;6;MARQUI (AVENUE ALEXANDRE);43,10251;-0,04345
202300020490;13;3;2023;07:50;2;78;78321;1;1;1;2;RN12 INT;48,7976;1,9113
202300020491;13;3;2023;00:30;3;95;95582;1;1;3;6;A115;48,97440712;2,24318997
202300020492;13;9;2023;16:10;1;64;64445;2;6;1;3;ALFRED NOBEL;43,31875;-0,30739
202300020493;16;11;2023;08:45;1;37;37122;2;1;2;2;RD 37;47,34072015;0,66353354
202300020494;11;3;2023;23:50;3;95;95527;1;1;2;6;A1;48,99210087;2,51284602
202300020495;13;9;2023;08:00;1;64;64102;2;1;2;6;BAB (Boulevard);43,49621;-1,48534
202300020496;11;3;2023;15:50;1;95;95306;1;1;1;2;A15;49,00512685;2,1657448
202300020497;16;11;2023;09:55;1;37;37261;2;3;2;6;DESMOULINS (RUE CAMILLE);47,38769;0,70311
202300020498;11;3;2023;01:55;3;95;95527;1;1;1;2;A1;48,99210087;2,51284602
202300020499;16;11;2023;08:30;1;37;37261;2;1;2;2;VICTOIRE (RUE DE LA);47,39595;0,67716
202300020500;13;9;2023;16:40;1;63;63070;1;1;2;2;D2089;45,73076;3,06949
202300020501;10;3;2023;18:15;1;93;93005;1;1;1;4;AUTOROUTE A1;48,96199218;2,46989183
202300020502;13;9;2023;07:20;1;59;59090;1;1;1;6;LANGEVIN (AVENUE PAUL);50,7165;3,1318
202300020503;9;3;2023;16:45;1;93;93013;1;1;1;2;AUTOROUTE A1;48,94156576;2,42856033
202300020504;16;11;2023;07:55;4;35;35150;1;1;2;6;MONET (BD JEAN DE LA);48,3688;-1,2021
202300020505;9;3;2023;13:00;1;93;93027;1;1;8;3;AUTOROUTE A86;48,92724936;2,41911829
202300020506;11;9;2023;06:00;2;57;57221;2;1;1;6;PASCAL (RUE);49,3333;6,1167
202300020507;10;11;2023;12:00;1;35;35115;2;2;8;1;REPUBLIQUE (PLACE);48,35038367;-1,1953935
202300020508;9;3;2023;08:20;1;95;95351;1;1;1;6;RN 104;49,0435424;2,47942176
202300020509;13;9;2023;07:35;2;56;56083;2;2;1;3;PASTEUR ( AVENUE );47,80235;-3,28434
202300020510;9;3;2023;04:35;3;93;93027;1;1;3;6;BDL;48,92672;2,40249
202300020511;12;9;2023;18:55;1;56;56121;2;1;7;3;JAURES ( AVE JEAN );47,74533;-3,36957
202300020512;9;3;2023;06:20;5;95;95572;1;1;1;6;RN 184;49,03385084;2,11134575
202300020513;8;3;2023;11:45;1;93;93005;1;1;2;2;AUTOROUTE A3;48,95286423;2,47371465
202300020514;16;11;2023;19:50;5;34;34172;2;1;1;2;EINSTEIN (AVENUE ALBERT;43,60536;3,90117
202300020515;12;9;2023;16:35;1;56;56121;2;6;1;2;KENNEDY ( ET RD-PT DU PRESIDENT );47,76416;-3,38089
202300020516;9;3;2023;05:10;3;95;95042;1;1;1;6;RN 104;49,05685485;2,28809664
202300020517;12;9;2023;08:00;1;56;56098;2;1;1;6;PONT DU BONHOMME;47,766894;-3,30904
202300020518;8;3;2023;14:20;1;93;93064;1;1;3;4;AUTOROUTE A86;48,88182;2,47348
202300020519;12;9;2023;13:00;1;54;54395;2;1;1;2;Avenue de Boufflers;48,68974686;6,15914047
202300020520;16;11;2023;13:50;1;34;34172;2;1;8;2;POUTINGON (CHEMIN DE);43,58498;3,85584
202300020521;8;3;2023;10:30;1;92;92036;1;1;2;6;A86;48,93701;2,29203
202300020522;8;3;2023;04:45;3;95;95582;1;1;3;3;A15;48,9660499;2,25742944
202300020523;12;9;2023;09:00;1;54;54184;2;1;1;4;route de l'Amezule;48,71597;6,24144
202300020524;12;3;2023;23:30;3;94;94073;1;1;2;7;A86;48,77011469;2,38223272
202300020525;16;11;2023;08:15;1;34;34172;2;3;2;3;ORIENT (BOULEVARD D');43,60322;3,88798
202300020526;12;9;2023;07:43;1;51;51454;2;2;1;3;POMPELLE (RUE);49,251963;4,051232
202300020527;9;3;2023;17:30;1;94;94017;1;1;2;2;A4;48,8268961;2,5128995
202300020528;16;11;2023;17:50;5;33;33281;2;1;2;6;Avenue de la Somme - Arrêt de Bus;44,82912;-0,66371
202300020529;11;9;2023;20:00;5;51;51454;2;2;1;3;VASNIER (BOULEVARD HENRI) COTE PAIR;49,24604;4,0468
202300020530;8;3;2023;15:30;1;77;77175;1;1;3;6;RN104;48,67223736;2,6113282
202300020531;12;3;2023;01:10;3;13;13005;2;1;1;6;CD 2 (CAMP MAJOR);43,28698;5,53215
202300020532;12;9;2023;17:45;1;49;49246;1;1;1;2;A87N;47,43619;-0,50933
202300020533;12;3;2023;13:45;1;974;97411;2;1;2;7;VINH-SAN (BLD 1 DU PRINCE);-20,88744;55,44094
202300020534;12;9;2023;10:45;1;49;49007;2;1;2;7;BASSE CHAINE PONT;47,47054;-0,56353
202300020535;11;3;2023;07:00;1;974;97411;2;1;1;6;MONGAILLARD (ROUTE DE);-20,90486;55,46654
202300020536;16;11;2023;14:27;1;33;33318;2;3;2;3;Avenue Antoine Becquerel;44,790446;-0,6503579
202300020537;5;9;2023;16:20;1;46;46042;1;1;1;1;Départementale 820;44,42776;1,43591
202300020538;30;1;2023;07:50;5;37;37233;2;9;1;3;STALINGRAD (AVENUE);47,39059;0,73872
202300020539;12;3;2023;20:45;5;69;69383;2;2;1;3;Rue Paul Bert;45,75702;4,85471
202300020540;29;1;2023;20:40;5;34;34172;2;1;1;3;46 Rue Adam de Craponne;43,60498;3,86491
202300020541;13;9;2023;17:43;1;45;45147;2;3;1;3;126bis Rue des Fosses;47,93102;1,92752
202300020542;6;3;2023;18:45;5;95;95555;2;6;8;6;Boulevard de l'Entente;48,97402;2,27427
202300020543;25;1;2023;15:24;1;34;34003;2;6;1;6;1 Rond Point des Vignerons;43,30883;3,47681
202300020544;12;9;2023;17:15;1;43;43041;2;1;2;7;14 Route du Monteil;45,05170519;3,92107343
202300020545;12;3;2023;16:25;1;91;91687;2;2;1;6;JEAN JAURES (RUE);48,684;2,377
202300020546;30;1;2023;07:50;1;33;33318;2;2;1;3;Avenue de Noès;44,81074;-0,65038
202300020547;13;9;2023;07:29;1;38;38516;2;3;2;3;CHARTREUSE (ROUTE DE) 34 A FIN;45,20775;5,74141
202300020548;12;3;2023;10:23;1;83;83069;2;3;1;1;MADRAGUE (ROUTE DE LA);43,04286;6,13981
202300020549;16;11;2023;12:45;1;33;33119;2;1;1;4;Avenue Carnot;44,86063;-0,52947
202300020550;13;9;2023;16:10;1;37;37214;2;1;1;6;VOISIN (BOULEVARD ANDRE-GEORGES);47,42722;0,6579
202300020551;12;3;2023;20:30;3;78;78418;2;1;3;1;SARTROUVILLEE (ROUTE DE);48,91144;2,16158
202300020552;30;1;2023;08:00;2;33;33063;2;3;1;3;Rue d'Ornano;44,83362;-0,59088
202300020553;12;9;2023;17:10;1;37;37122;2;1;1;3;CUGNOT (RUE JOSEPH);47,34316277;0,63700211
202300020554;12;3;2023;16:40;1;64;64189;1;1;1;2;ASCAIN (ROUTE D');43,37331;-1,64632
202300020555;30;1;2023;07:40;2;31;31555;2;3;1;3;FRONTON (AV DE) DU 1AU 176;43,63567268;1,43320218
202300020556;13;9;2023;20:24;2;35;35238;2;1;1;3;FLANDRE (DE);48,123;-1,70753
202300020557;12;3;2023;01:40;5;59;59352;1;1;9;7;QUESNOY (RUE);50,73634;3,06815
202300020558;30;1;2023;09:00;1;30;30028;2;1;1;1;Rue du 8 Mai 1945;44,155;4,6126
202300020559;16;11;2023;12:07;1;33;33162;2;1;6;6;125 Avenue du Taillan-Médoc;44,87799;-0,64417
202300020560;12;3;2023;05:01;5;45;45004;2;6;2;6;318 Rue du Vernisson;47,980323;2,729122
202300020561;30;1;2023;17:10;1;28;28085;2;1;8;3;SAINT BRICE (RUE);48,43666;1,4924
202300020562;12;3;2023;21:30;5;44;44109;2;1;2;6;1 Rue Eugène Varlin;47,20728;-1,57251
202300020563;13;9;2023;09:20;1;35;35238;2;1;1;4;ARMORIQUE (BD D');48,12946541;-1,67936057
202300020564;23;1;2023;10:15;1;21;21231;2;8;1;6;BOURROCHES (DES) (BOULEVARD);47,305157;5,023296
202300020565;11;3;2023;17:11;1;37;37261;2;3;8;3;STRAUSS (RUE JOHANN);47,36833;0,71032
202300020566;30;1;2023;08:00;2;13;13213;2;1;9;2;SAINT PAUL (AVENUE);43,32754312;5,40747336
202300020567;13;9;2023;22:15;5;33;33063;2;3;1;3;Rue Esprit-Des-Lois;44,84341;-0,57011
202300020568;30;1;2023;08:55;1;9;9207;2;1;7;6;PARIS (AV DE);42,93374;1,63385
202300020569;12;3;2023;11:00;1;33;33119;2;2;2;3;Rue du Maréchal Joffre;44,85357;-0,53189
202300020570;13;9;2023;20:55;5;31;31555;2;1;1;6;ALL FORAIN FRANCOIS VERDIER;43,6002;1,45233
202300020571;12;3;2023;07:30;2;33;33522;2;1;2;6;Chemin Bénédigues;44,79784;-0,58316
202300020572;30;1;2023;13:45;1;6;6069;2;3;1;3;CARNOT (BOULEVARD ET TRAVERSE);43,656447;6,92271
202300020573;13;9;2023;18:35;1;29;29232;2;6;1;3;52 Route de Guengat;48,00406;-4,12158
202300020574;12;3;2023;04:40;5;31;31555;2;1;2;3;173 Avenue des Minimes;43,62642;1,43398
202300020575;30;1;2023;07:25;2;6;6029;2;1;1;6;GOURGUETTES (RUE DES);43,57404;6,95953
202300020576;13;9;2023;16:30;1;29;29019;2;3;1;6;rue Colbert;48,38882;-4,4869
202300020577;12;3;2023;12:45;1;29;29051;1;1;2;6;Kerveguen;48,02441;-3,97883
202300020578;29;1;2023;20:25;5;974;97409;2;1;3;3;LETCHIS(RUE);-20,97345;55,65637
202300020579;8;9;2023;15:45;1;17;17028;2;6;1;6;REPUBLIQUE   BOULEVARD DE LA;46,13971;-1,14523
202300020580;12;3;2023;23:55;5;25;25056;2;2;1;3;BLUM BOULEVARD LEON (sup 90);47,259368;6,028752
202300020581;28;1;2023;17:00;1;974;97409;2;3;1;6;Lefaguyes (chemin);-20,94461;55,68212
202300020582;14;11;2023;10:50;1;29;29232;2;1;2;1;Route de Douarnenez;47,99907235;-4,13923895
202300020583;28;1;2023;13:40;1;973;97302;2;1;2;6;MONNERVILLE (AVENUE GASTON);4,93696446;-52,3333472
202300020584;12;3;2023;14:20;1;25;25056;2;2;1;2;CHOPIN RUE FREDERIC;47,262511;6,040198
202300020585;11;9;2023;05:20;2;15;15014;2;1;1;6;N 122;44,91175;2,44855
202300020586;12;3;2023;15:25;1;13;13054;2;3;1;3;COMBATTANTS AFN 52 62 (AV DES );43,40523;5,223
202300020587;29;1;2023;18:40;5;69;69387;2;1;1;4;39 Avenue Leclerc;45,7378;4,82466