Num_Acc;jour;mois;an;hrmn;lum;dep;com;agg;int;atm;col;adr;lat;long
202300020588;13;9;2023;15:40;1;13;13005;1;1;1;1;RD 43 C;43,30685;5,59229
202300020589;12;3;2023;00:15;5;13;13054;2;3;1;3;FIGUERES (RUE DES );43,41669;5,20976
202300020590;29;1;2023;18:30;5;69;69386;2;3;1;1;Avenue Verguin;45,77262;4,85657
202300020591;12;9;2023;17:55;1;10;10362;1;1;1;7;RD 660;48,28955;3,99168
202300020592;29;1;2023;17:25;1;972;97213;1;1;1;3;AUTOROUTE A1;14,60362;-61,00146
202300020593;12;3;2023;02:30;3;13;13103;1;1;1;3;ROUTE D'ARLES-RN 113;43,63041;5,07946
202300020594;29;1;2023;18:30;5;972;97209;2;4;2;3;VICTOR LAMON (AVENUE);14,60262;-61,0567
202300020595;12;3;2023;17:00;1;13;13203;2;1;1;1;FÉLIX PYAT (RUE);43,3139;5,37638
202300020596;12;9;2023;21:30;5;10;10321;2;2;1;1;GENERAL LECLERC (RUE DU);48,29146;4,0341
202300020597;12;3;2023;15:20;1;13;13205;2;1;1;3;JEAN MOULIN (BOULEVARD);43,29035;5,39996
202300020598;12;3;2023;02:44;5;13;13212;2;1;1;1;TROIS LUCS A LA VALENTINE (ROUTE);43,30847;5,47566
202300020599;29;1;2023;21:20;5;69;69389;2;2;1;3;27 Rue de la Grange;45,77005;4,80455
202300020600;12;9;2023;08:35;1;10;10265;2;9;1;6;Avenue du Général Sarrail;48,30653;4,04102
202300020601;12;3;2023;10:15;1;6;6069;2;6;1;3;SIDI BRAHIM (AVENUE);43,64975;6,93162
202300020602;11;3;2023;17:20;1;6;6069;2;1;1;6;MOULIN DE BRUN (CHEMIN ET TRAVERSE DU);43,65394;6,94419
202300020603;16;11;2023;20:15;5;25;25056;2;9;2;3;BREGILLE  PONT;47,237939;6,032519
202300020604;10;3;2023;15:25;1;5;5061;2;9;8;6;EMBRUN ( AVENUE D');44,56837;6,09902
202300020605;29;1;2023;05:05;5;69;69202;2;1;1;6;84 Avenue Valioud;45,73788;4,80558
202300020606;15;2;2023;12:40;1;4;4070;2;6;1;6;NOEL (AV. DU COL.);44,07702;6,18697
202300020607;13;9;2023;11:00;1;6;6083;2;1;1;2;DELATTRE DE TASSIGNY (ALLEE);43,78599;7,49443
202300020608;12;3;2023;18:20;2;1;1283;2;1;1;6;ECHALLON (RUE D');46,258617;5,66148
202300020609;29;1;2023;07:00;1;971;97101;1;1;1;6;DUGAZON;16,2515285;-61,51585758
202300020610;10;3;2023;22:10;5;75;75116;2;1;1;3;PORTE D AUTEUIL;48,849723;2,252205
202300020611;12;3;2023;01:15;5;75;75120;2;2;2;3;RUE ALEXANDRE DUMAS;48,854745;2,397522
202300020612;9;9;2023;11:40;1;5;5061;2;6;1;2;SILOS ( RUE DES );44,56595;6,08741
202300020613;12;3;2023;02:45;5;75;75108;2;7;2;5;ROND POINT CHAMPS ELYSEES;48,869283;2,309185
202300020614;28;1;2023;16:00;1;971;97113;1;1;1;1;Morne Salines;16,20906;-61,44732
202300020615;11;3;2023;15:00;1;75;75115;2;3;1;3;RUE DE L ABBE GROULT;48,838896;2,297633
202300020616;13;9;2023;13:05;1;4;4070;1;1;1;7;MARCOUX ( rte de );44,1074;6,25862
202300020617;12;3;2023;19:05;5;75;75112;2;1;1;6;BOULEVARD DE PICPUS;48,846549;2,400308
202300020618;28;1;2023;18:45;5;95;95572;2;1;1;3;Rue Pierre Godet;49,045241;2,107638
202300020619;12;3;2023;12:10;1;75;75112;2;1;1;2;AVENUE DAUMESNIL;48,83768061;2,42555916
202300020620;12;9;2023;17:10;1;75;75117;2;1;2;5;BD PERIPHERIQUE INTERIEUR;48,89736;2,312431
202300020621;12;3;2023;03:00;5;75;75107;2;7;2;7;PLACE DU PRESIDENT MITHOUARD;48,850859;2,314349
202300020622;29;1;2023;14:35;1;91;91286;2;2;1;5;EMILE ALLIAUD (AVENUE);48,648;2,375
202300020623;12;9;2023;17:30;1;75;75112;2;1;2;4;BD PERIPHERIQUE EXTERIEUR;48,831344;2,404078
202300020624;12;3;2023;22:40;5;94;94074;2;1;2;2;Avenue Henri Barbusse;48,764515;2,441914
202300020625;29;1;2023;08:20;1;91;91479;2;1;1;2;RTE DE FONTAINEBLEAU;48,70859;2,37135
202300020626;12;9;2023;17:00;1;75;75116;2;1;2;3;PORTE D AUTEUIL;48,849763;2,252406
202300020627;12;3;2023;19:10;1;94;94077;2;2;1;1;Rue du Maréchal Galliéni / Avenue du Role Prolongee;48,74255779;2,42224717
202300020628;29;1;2023;18:10;3;91;91223;2;1;1;1;RUE DU LT COLONEL ARNAUD BELTRAME;48,44763;2,13855
202300020629;6;9;2023;09:55;1;75;75120;2;1;1;4;PORTE DES LILAS;48,872526;2,412676
202300020630;29;1;2023;21:20;5;69;69266;2;1;1;3;144 Rue Léon Blum;45,76049;4,90496
202300020631;11;3;2023;22:20;5;94;94018;2;4;2;3;Quai de Bercy;48,82099318;2,40117386
202300020632;13;9;2023;21:15;5;75;75120;2;2;1;3;RUE EVARISTE GALOIS;48,873073;2,413374
202300020633;12;3;2023;18:54;2;93;93066;2;4;1;6;Rue Maurice Thorez / Rue Max Jacob;48,943192;2,352717
202300020634;29;1;2023;20:35;5;69;69264;2;2;1;3;Rue Philippe Heron;45,98906;4,70854
202300020635;12;9;2023;07:40;1;75;75120;2;2;1;6;AVENUE DE LA PORTE DE MONTREUIL;48,853753;2,412035
202300020636;28;1;2023;17:20;1;62;62617;2;1;1;3;Rue du General Moussy;50,4673;2,6755
202300020637;12;3;2023;16:15;1;93;93077;2;1;1;4;Rue Laënnec;48,88194;2,4946
202300020638;12;9;2023;02:30;5;75;75120;2;3;1;1;RUE DES PYRENEES;48,853979;2,405729
202300020639;29;1;2023;09:45;1;60;60057;2;6;1;3;rue de saint just ;49,43392;2,06204
202300020640;13;9;2023;10:10;1;75;75113;2;3;1;3;AVENUE PIERRE DE COUBERTIN;48,816817;2,344116
202300020641;12;3;2023;21:08;5;93;93008;2;3;2;7;Avenue Paul Vaillant - Couturier / Rue Pablo Picasso;48,909;2,44967
202300020642;29;1;2023;15:15;1;59;59350;2;2;1;5;MONTEBELLO BOULEVARD N° RESTE;50,623862;3,043175
202300020643;11;3;2023;11:00;1;92;92047;2;1;1;6;RAYMOND POINCARE;48,8382546;2,18255746
202300020644;13;9;2023;13:25;1;75;75110;2;4;8;3;BOULEVARD DE LA VILLETTE;48,881936;2,370053
202300020645;29;1;2023;10:40;1;59;59560;2;3;1;6;DE GIRARD PHILLIPE RUE;50,54746987;3,03302318
202300020646;12;3;2023;16:45;1;92;92026;2;9;1;3;MISSION MARCHAND (COTE PAIR);48,89997891;2,23986968
202300020647;13;9;2023;08:40;1;75;75103;2;2;1;1;RUE BEAUBOURG;48,86375;2,354884
202300020648;29;1;2023;02:00;5;59;59122;2;1;1;6;PARIS (AVENUE DE);50,15394179;3,2220633
202300020649;13;9;2023;07:50;2;94;94038;2;1;8;6;Avenue Henri Barbusse;48,77685;2,32686
202300020650;22;12;2023;15:25;1;93;93053;1;1;8;2;AUTOROUTE A3;48,89707199;2,46965129
202300020651;28;1;2023;07:30;5;50;50502;2;1;2;3;CARENTAN;49,12007;-1,09515
202300020652;11;3;2023;09:51;1;92;92026;2;3;1;3;GAMBETTA;48,89364719;2,24850789
202300020653;13;9;2023;14:50;1;94;94033;2;1;8;3;Avenue Victor Hugo;48,859114;2,477688
202300020654;29;1;2023;21:18;5;49;49007;2;2;1;3;VAUBAN AVENUE;47,45946;-0,56026
202300020655;12;3;2023;22:21;5;92;92023;2;1;2;7;Henri Becquerel (Rue);48,78554097;2,25397021
202300020656;12;9;2023;20:00;2;94;94028;2;2;8;3;Av du Mal de Lattre de Tassigny;48,79638;2,45777
202300020657;29;1;2023;19:20;5;47;47001;2;3;1;6;DUMON (BD SYLVAIN);44,20796;0,62081
202300020658;12;3;2023;11:10;1;92;92002;2;3;1;3;ALEXIS DE TOCQUEVILLE ((RUE);48,7337;2,31439
202300020659;12;9;2023;07:45;1;94;94019;2;1;1;6;Rue de Champigny;48,80212966;2,52458324
202300020660;29;1;2023;18:55;5;45;45232;2;9;1;6;643 RUE DE LA REINE BLANCHE;47,870032;1,888824
202300020661;13;9;2023;09:09;1;94;94071;2;6;1;3;Boulevard de la Liberté;48,76111;2,54905
202300020662;12;3;2023;17:00;1;58;58227;2;1;1;4;Route de Saint-sauveur;47,534041;3,074498
202300020663;28;1;2023;14:50;1;42;42218;2;3;2;1;Rue de la Pareille;45,43903;4,3793
202300020664;22;12;2023;14:00;1;95;95572;1;1;1;5;N184;49,0453204;2,12995684
202300020665;10;3;2023;21:50;3;89;89411;1;1;2;6;Rue de la Grenouillére;48,208202;3,475156
202300020666;13;9;2023;18:35;1;93;93064;2;1;1;3;Rue Jules Ferry;48,875007;2,478388
202300020667;22;12;2023;09:10;1;93;93010;1;1;2;7;AUTOROUTE A3;48,9027;2,47078
202300020668;12;3;2023;18:00;1;34;34175;1;1;1;7;D908;43,606639;3,373318
202300020669;29;1;2023;04:35;3;41;41018;2;1;1;7;MOULIN (RUE JEAN);47,58;1,325
202300020670;13;9;2023;08:40;1;93;93066;2;9;1;6;Fort de la Briche;48,94509048;2,34213098
202300020671;1;8;2023;16:25;1;41;41067;2;6;2;6;D765;47,517273;1,450388
202300020672;11;3;2023;23:30;3;39;39452;2;3;1;6;Grande Rue;47,144331;5,726289
202300020673;29;1;2023;00:15;5;37;37214;2;2;8;3;FLEURIE (RUE);47,40514;0,67262
202300020674;13;9;2023;20:30;5;93;93013;2;2;1;6;Rue du Commandant Rolland / Avenue de la Division Leclerc;48,93473;2,42615
202300020675;12;3;2023;12:15;1;44;44038;1;1;2;7;11 La Rousselais;47,158184;-2,0346
202300020676;29;1;2023;06:50;3;35;35238;1;1;1;6;RN136;48,08525;-1,69918
202300020677;12;3;2023;09:15;1;29;29008;1;1;1;7;D7;48,067125;-4,561129
202300020678;12;9;2023;19:00;1;93;93014;2;2;2;6;Allée de Gagny /  Allée de Montfermeil;48,89927;2,5467
202300020679;17;12;2023;09:50;1;974;97416;2;1;1;6;PERE MAITRE(RUE DU);-21,2859;55,4695
202300020680;27;1;2023;13:59;1;35;35115;2;6;1;3;SAINT JAMES (ROUTE DE);48,3673683;-1,20870262
202300020681;13;9;2023;19:04;1;92;92050;2;1;1;3;ZILINA RUE DE;48,89780571;2,19210997
202300020682;10;3;2023;12:00;1;6;6085;2;2;6;3;Chemin du Camp Lauvas;43,613525;6,998955
202300020683;13;9;2023;17:33;1;92;92050;2;1;1;6;ARAGO FRANCOIS AVENUE;48,89936062;2,22183287
202300020684;29;1;2023;19:00;5;31;31555;1;1;1;1;RUE JEAN GIBERT;43,64737;1,41821
202300020685;12;3;2023;03:35;5;83;83081;2;1;1;7;route de draguignan;43,599554;6,784884
202300020686;29;1;2023;12:50;1;22;22360;1;1;1;6;RD700;48,46638;-2,77772
202300020687;14;8;2023;15:30;1;92;92050;2;1;1;3;BOULEVARD DE LA DEFENSE;48,89679592;2,22939402
202300020688;21;12;2023;17:20;1;974;97411;2;1;1;5;JAURES (BOULEVARD JEAN);-20,89185;55,46733
202300020689;29;1;2023;11:50;1;17;17306;2;1;1;6;CORMORANS (DES);45,63776;-1,028549
202300020690;13;9;2023;12:30;1;92;92040;2;1;1;3;PONT D ISSY;48,82999316;2,26012874
202300020691;12;3;2023;22:20;3;81;81131;1;2;1;3;Route d?Albi;43,892835;2,0005084
202300020692;21;12;2023;14:20;1;974;97411;2;9;1;2;VINH-SAN (BLD 1 DU PRINCE);-20,88836;55,44524
202300020693;13;9;2023;17:55;1;92;92025;2;2;1;6;CHARLES DE GAULLE (BD);48,91452777;2,22919106
202300020694;28;1;2023;13:50;1;15;15014;2;1;1;6;Avenue des Volontaires;44,91439;2,44085
202300020695;13;3;2023;07:45;2;33;33042;1;1;1;2;Route d'Arcachon;44,525028;-0,80492
202300020696;13;9;2023;09:20;1;92;92024;2;1;8;2;GENERAL ROGUET (RUE DU) DE (1 A 57)   (2;48,90463;2,31293
202300020697;29;1;2023;18:00;5;13;13211;2;1;1;6;EMMANUEL ALLARD (RUE);43,29017;5,44159703
202300020698;11;3;2023;19:45;3;62;62235;1;1;1;1;D240;50,65381876;1,64606394
202300020699;12;9;2023;20:50;1;92;92004;2;3;1;2;VOLTAIRE ( BD );48,91757422;2,28579104
202300020700;21;12;2023;16:30;1;974;97407;2;2;1;3;COMMUNE DE PARIS (AVENUE);-20,9376;55,2906
202300020701;10;3;2023;08:47;1;13;13001;1;1;1;4;A51-Sens Aix en Provence vers Marseille;43,51633118;5,42813151
202300020702;29;1;2023;11:50;1;13;13203;2;2;1;3;STRASBOURG (BOULEVARD);43,3090358;5,37842167
202300020703;13;9;2023;09:50;1;92;92004;2;1;1;6;AULAGNIER ( QUAI );48,91318046;2,30725855
202300020704;10;3;2023;07:45;1;13;13071;1;1;1;6;A7-Sens Marseille vers Lyon;43,4044;5,31605
202300020705;29;1;2023;15:40;1;75;75108;2;2;1;3;AVENUE HOCHE;48,875218;2,298486
202300020706;20;12;2023;22:40;5;974;97407;2;1;1;6;MURAT CHANOINE(RUE);-20,93595;55,29558
202300020707;13;9;2023;11:25;1;76;76281;1;2;1;3;D484;49,524954;0,5819
202300020708;9;3;2023;17:15;1;13;13071;1;1;1;4;A7-Sens Marseille vers Lyon;43,412891;5,281422
202300020709;29;1;2023;23:10;5;75;75118;2;2;1;2;RUE D AUBERVILLIERS;48,898663;2,370398
202300020710;13;9;2023;17:15;1;65;65139;2;1;1;6;9 route de brouque;42,957447;0,579304
202300020711;21;12;2023;19:10;5;69;69386;2;2;2;6;Rue Duquesne;45,77232;4,84311
202300020712;3;3;2023;17:00;1;13;13216;1;1;1;2;A55-Sens Martigues vers Marseille;43,36626;5,33185
202300020713;29;1;2023;17:35;5;75;75117;2;2;1;6;RUE DE ROME;48,88212;2,320452
202300020714;11;9;2023;07:10;3;17;17131;2;2;1;3;23 Route de Royan;45,583579;-0,836699
202300020715;10;3;2023;17:30;1;67;67482;1;1;1;2;M351;48,58585;7,72204
202300020716;29;1;2023;18:45;5;75;75108;2;1;1;2;RUE DE BERRI;48,873256;2,305635
202300020717;22;7;2023;16:15;1;84;84069;2;1;1;3;route de carpentras;44,170539;5,126688
202300020718;30;1;2023;09:00;1;75;75115;2;3;8;6;RUE DE VAUGIRARD;48,839918;2,302513
202300020719;9;3;2023;11:00;1;33;33167;1;1;1;5;ROUTE NATIONALE 230;44,837146;-0,500532
202300020720;21;12;2023;19:40;5;69;69386;2;1;2;6;Quai Général Sarrail;45,76745;4,84131
202300020721;12;9;2023;11:09;1;83;83148;2;1;1;6;rue célestin gayol;43,42727;6,431562
202300020722;30;1;2023;09:20;1;75;75114;2;2;2;3;BOULEVARD BRUNE;48,82780508;2,30523258
202300020723;14;9;2023;09:50;1;19;19250;1;1;1;6;A20 - PK 227.580;45,50746087;1,5137066
202300020724;12;3;2023;09:25;1;91;91363;1;1;1;7;RN 104;48,645;2,19448
202300020725;21;12;2023;12:30;1;972;97213;1;1;1;6;DEPARTEMENTALE 28;14,63209;-60,96454
202300020726;30;1;2023;13:15;1;75;75113;2;3;1;2;AVENUE DE LA PORTE DE VITRY;48,82297372;2,37781852
202300020727;13;9;2023;18:55;1;65;65010;1;1;1;7;D817;43,197277;0,15456
202300020728;12;3;2023;00:35;3;91;91570;1;1;1;6;RN 104;48,62556;2,31474
202300020729;30;1;2023;21:50;5;75;75112;2;5;1;2;ECHANGEUR BERCY;48,82799931;2,39009231
202300020730;11;3;2023;23:41;3;91;91235;1;1;2;1;RN 104;48,6254;2,35359
202300020731;14;9;2023;14:45;1;30;30299;1;3;1;1;Route de Bagnols;44,023334;4,461672
202300020732;30;1;2023;19:55;5;75;75110;2;2;1;6;RUE DE PARADIS;48,875322;2,350935
202300020733;21;12;2023;02:55;5;69;69385;2;2;1;3;Rue Joliot Curie;45,75443836;4,78234248
202300020734;5;9;2023;22:45;5;34;34270;2;1;1;6;Rue Maryse Hilsz;43,55976;3,839818
202300020735;10;3;2023;21:44;3;94;94021;1;1;1;2;A6A;48,76366514;2,34209856
202300020736;30;1;2023;18:10;5;75;75104;2;3;1;6;RUE VIEILLE DU TEMPLE;48,857271;2,357366
202300020737;14;9;2023;09:15;1;61;61400;1;1;5;6;Autoroute A28;48,529216;0,159677
202300020738;9;3;2023;19:05;3;91;91689;1;1;2;4;AUTOROUTE A6B;48,738841;2,319588
202300020739;29;1;2023;20:00;5;75;75112;2;2;1;3;Avenue Daumesnil;48,83497651;2,41978884
202300020740;30;8;2023;17:39;1;56;56032;1;3;1;3;La Motte;47,962027;-2,268036
202300020741;30;1;2023;19:31;5;94;94074;2;1;1;2;Avenue Henri Barbusse;48,76819604;2,44083522
202300020742;12;9;2023;11:15;1;79;79133;1;1;1;7;N/A;46,471796;-0,43033
202300020743;9;3;2023;15:00;1;91;91689;1;1;2;4;AUTOROUTE A6;48,73253;2,31578
202300020744;20;12;2023;18:10;5;2B;2B033;2;1;1;4;11 - RT;42,67194;9,44358
202300020745;9;3;2023;12:40;1;94;94065;1;1;1;3;A106;48,74919633;2,3570081
202300020746;30;1;2023;02:33;5;94;94037;2;2;1;3;Rue du Val de Marne;48,816787;2,348635
202300020747;14;9;2023;11:50;1;65;65108;1;3;7;3;Rue de Bigorre;43,290264;0,094038
202300020748;30;1;2023;17:10;1;94;94073;2;3;2;7;Av du Pdt Franklin Roosevelt / Rue Victor Hugo;48,765605;2,396555
202300020749;11;3;2023;16:28;1;78;78545;1;1;1;2;A12 W;48,81531;2,06172
202300020750;21;12;2023;08:30;1;971;97120;2;1;1;6;CHANZY (BOULEVARD);16,24166;-61,53804
202300020751;8;9;2023;12:15;1;81;81120;1;3;1;3;Hameau du Réclot;43,521026;2,300123
202300020752;30;1;2023;17:15;1;93;93055;2;3;1;3;Rue Victor Hugo / Rue des Berges;48,89346;2,41122
202300020753;10;3;2023;09:20;1;78;78158;1;1;2;2;A13;48,839853;2,116323
202300020754;14;9;2023;16:25;1;71;71310;1;1;1;2;70;46,74718601;4,49083853
202300020755;10;3;2023;00:49;3;92;92050;1;1;2;3;A86;48,8924951;2,18633917
202300020756;30;1;2023;09:30;1;93;93048;2;3;8;3;Rue Paul Doumer / Rue Lenain de Tillemont;48,86144979;2,4561055
202300020757;6;12;2023;13:11;1;95;95210;2;3;1;1;DEPART (RUE DU);48,97486;2,30447
202300020758;14;9;2023;20:20;3;71;71050;1;2;1;2;Bourgvilain;46,362863;4,626698
202300020759;9;3;2023;08:45;1;92;92050;1;1;1;3;A86;48,91454622;2,21938482
202300020760;30;1;2023;08:20;1;93;93010;2;1;1;4;Avenue Galliéni;48,905706;2,477485
202300020761;14;9;2023;12:05;1;89;89100;1;1;1;2;les Morteaux;48,188366;2,990813
202300020762;30;1;2023;19:50;5;92;92046;2;1;1;7;DE STALINGRAD;48,81327;2,29043
202300020763;8;3;2023;16:30;1;78;78640;1;1;3;3;RN12 INT;48,781684;2,16636
202300020764;13;9;2023;13:20;1;63;63430;2;1;1;6;68 Avenue Léo Lagrange;45,846794;3,527814
202300020765;20;1;2023;19:20;5;92;92064;2;3;1;6;MONT VALERIEN;48,853315;2,21588
202300020766;14;9;2023;15:40;1;61;61075;1;1;1;7;D207;48,510594;-0,612093
202300020767;21;12;2023;03:25;3;95;95018;2;1;2;6;KARL MARX (BOULEVARD);48,94718707;2,25654781
202300020768;8;3;2023;20:00;5;93;93066;1;1;2;2;AUTOROUTE A1;48,90491893;2,35845923
202300020769;14;9;2023;10:15;1;12;12120;2;3;1;6;Avenue Joseph Lautard;44,38327;2,82199
202300020770;8;3;2023;13:45;1;93;93063;1;1;2;4;AUTOROUTE A3;48,87911188;2,44890332
202300020771;14;9;2023;14:40;1;2;2307;1;3;1;3;N/A;49,186265;3,121421
202300020772;21;12;2023;08:19;5;87;87050;2;2;2;6;GARE (AVENUE DE LA) RD125;45,88345314;1,24332297
202300020773;29;1;2023;18:25;5;92;92051;2;2;1;2;PERRONET (RUE, N°1 A 91 ET 2 A 108);48,88433191;2,27819699
202300020774;12;3;2023;15:45;1;75;75112;1;1;1;3;A4;48,822587;2,462849
202300020775;14;9;2023;08:02;1;2;2602;2;3;1;1;43 Rue de la Vendée;49,48391;3,452186
202300020776;30;1;2023;20:30;5;92;92062;2;2;1;3;PERRONET NORD ET SUD;48,89097;2,239534
202300020777;20;12;2023;22:00;5;87;87085;2;3;1;2;LOUYAT (AVENUE DE);45,84726;1,2586
202300020778;12;3;2023;06:20;3;94;94044;1;1;2;6;N406;48,7580093;2,47075818
202300020779;13;9;2023;18:12;1;1;1294;1;1;1;6;Route de Savoie;45,683574;5,686455
202300020780;28;1;2023;03:10;5;92;92004;2;1;1;2;AULAGNIER ( QUAI );48,91716959;2,3195824
202300020781;2;9;2023;01:30;3;26;26261;1;1;1;7;Route de Chantemerle les Grignan;44,432763;4,849252
202300020782;10;3;2023;22:00;3;77;77146;1;9;1;2;A4.Y;48,83097823;2,63889488
202300020783;27;1;2023;23:30;5;92;92004;2;1;1;3;ARGENTEUIL N° 176 A 388;48,92329314;2,27599946
202300020784;13;9;2023;16:40;1;58;58021;1;1;1;7;D195;46,768087;3,216891
202300020785;31;1;2023;08:30;1;95;95052;2;1;1;6;67 Rue Edmond Turcq;49,144487;2,294853
202300020786;10;9;2023;15:15;1;27;27174;1;1;1;7;D675;49,349506;0,601544
202300020787;28;1;2023;11:45;1;95;95052;2;1;1;6;16 Rue Edouard Bourchy;49,142121;2,288296
202300020788;13;9;2023;05:20;3;88;88334;1;1;1;6;Rue Clément de Boulay;48,337168;6,006909
202300020789;10;3;2023;20:45;3;77;77296;1;1;8;4;;48,63126055;2,62880408
202300020790;30;1;2023;17:50;2;7;7153;1;1;1;7;RN 102 PR 71+850;44,673933;4,090734
202300020791;20;12;2023;19:15;5;87;87085;2;2;1;3;BEL AIR (BOULEVARD DE);45,8186;1,2519
202300020792;10;3;2023;12:30;1;69;69286;2;1;1;6;115 Avenue de l'Hippodrome;45,81652;4,88924
202300020793;7;9;2023;16:10;1;78;78356;2;9;1;6;Route de Port-royal des Champs;48,724537;2,082902
202300020794;31;1;2023;12:20;1;31;31285;1;1;1;5;Route de Lavaur;43,648315;1,57546
202300020795;10;3;2023;16:38;1;38;38151;2;1;1;6;AVENUE DES ÉTATS GÉNÉRAUX;45,15441;5,71835
202300020796;3;9;2023;10:50;1;78;78406;2;4;1;6;Place de la Madeleine;48,725188;2,04887
202300020797;20;12;2023;13:35;1;87;87085;2;2;1;6;DEVERRINE (RUE);45,83566;1,25265
202300020798;31;1;2023;11:00;1;83;83036;2;1;1;6;220Avenue Pierre Rameil;43,17393;6,527805
202300020799;13;9;2023;19:20;1;31;31031;1;1;1;7;A 64 PK 188.000 sens Toulouse / Bayonne;43,097849;0,576611
202300020800;9;3;2023;17:00;1;34;34172;2;1;1;6;1204 Avenue de la Justice de Castelnau;43,6263;3,88427
202300020801;30;1;2023;20:57;3;22;22093;1;1;1;2;RN12;48,46048;-2,53701
202300020802;6;9;2023;13:35;1;35;35353;1;6;1;6;la Vallée;48,12115444;-1,77458435
202300020803;18;12;2023;15:27;1;87;87085;2;6;1;2;MAS-BOUYOL  (CITE ET BOULEVARD DU);45,82757;1,22676
202300020804;30;1;2023;14:25;1;59;59553;2;1;1;6;Rue Marx Dormoy;50,59944;2,961609
202300020805;9;3;2023;21:00;5;50;50129;2;3;3;6;NAPOLEON (PLACE);49,64377;-1,62591
202300020806;14;9;2023;14:46;1;973;97309;2;1;1;1;1074 Route de Rémire;4,896118;-52,273893
202300020807;21;12;2023;09:20;1;85;85194;2;1;1;6;10 Rue de la chevallerie;46,534961;-1,772101
202300020808;27;1;2023;16:45;1;30;30278;2;3;1;3;D101;44,058456;4,711236
202300020809;11;3;2023;20:10;5;988;98818;2;1;1;7;AVENUE JAMES COOK;-22,26589;166,41658
202300020810;31;1;2023;12:30;1;2B;2B150;1;1;1;7;RT 30;42,588624;8,830492
202300020811;14;9;2023;10:57;1;69;69044;2;3;1;1;Route de Paris;45,789589;4,744184
202300020812;11;3;2023;17:30;1;973;97302;2;1;1;7;BADUEL (ROUTE DE);4,92905;-52,29528
202300020813;19;12;2023;16:50;2;84;84087;1;1;1;1;ROUTE DE CAMARET;44,14609;4,84059
202300020814;30;1;2023;08:27;1;65;65235;1;1;1;2;N21;43,196172;0,008667
202300020815;11;3;2023;01:10;1;973;97309;2;3;1;2;TIGRE (ROUTE DU);4,91519;-52,31075
202300020816;13;9;2023;20:20;3;6;6088;1;1;1;3;A8, pk200.300, sens france-italie;43,733631;7,28687
202300020817;30;1;2023;21:20;3;11;11009;1;1;1;1;;43,240783;2,175626
202300020818;21;12;2023;07:50;5;79;79191;2;1;2;6;N/A;46,30973;-0,44766
202300020819;6;3;2023;16:45;1;69;69149;2;1;1;6;5 Grande Rue;45,72033;4,81115
202300020820;14;9;2023;13:55;1;27;27701;1;1;1;1;A154 - PK 002+500;49,230028;1,182768
202300020821;28;1;2023;05:35;3;61;61168;1;1;1;6;D20 PR10+640;48,608639;-0,359831
202300020822;11;3;2023;16:44;1;971;97113;1;1;1;7;RN4-ROND POINT SAINT FELIX;16,20750937;-61,4567256
202300020823;12;12;2023;13:05;1;78;78621;2;1;8;6;ALLENDE (AVENUE SALVADOR) NORD BEETHOVEN;48,78627;1,97966
202300020824;25;1;2023;00:00;3;2;2420;2;1;1;6;Rue de Bourgogne;49,900025;3,317619
202300020825;12;9;2023;09:30;1;27;27107;1;1;1;2;A131;49,389521;0,599484
202300020826;27;1;2023;16:30;1;72;72223;1;1;1;6;la besnerie;47,884046;-0,069072
202300020827;21;12;2023;11:20;1;77;77284;2;1;2;6;REPUBLIQUE (AV.DE LA);48,9595;2,89416
202300020828;11;3;2023;21:50;5;2A;2A004;2;9;8;1;NAPOLEON COURS AVANT BEVERINI;41,92583136;8,73820961
202300020829;14;9;2023;05:40;1;971;97129;1;1;1;3;Route Nationale;16,297094;-61,670895
202300020830;31;1;2023;11:20;1;60;60509;2;1;1;6;Rue Louis Pasteur;49,307172;2,590397
202300020831;31;1;2023;12:20;1;87;87109;1;1;8;6;Miaumande;46,224789;1,007121
202300020832;21;12;2023;20:30;5;76;76540;2;3;1;3;Rue Abbe Lemire;49,43226373;1,08436346
202300020833;11;3;2023;23:24;5;91;91223;2;3;1;3;PERRAY (RUE DU);48,434;2,17087
202300020834;31;1;2023;12:50;1;37;37156;2;1;1;6;2 Chemin de Montaigu;47,391072;0,844166
202300020835;11;9;2023;23:55;3;77;77142;1;1;2;6;D934;48,852207;2,932169
202300020836;21;12;2023;07:50;5;76;76351;2;1;2;3;GRAVILLE (BD DE);49,48754;0,15064
202300020837;30;1;2023;20:15;3;30;30062;1;1;1;6;CD 40;43,78046;4,197105
202300020838;13;9;2023;09:30;1;77;77100;2;1;1;6;Rue du 26 Août 1944;48,504441;2,79243
202300020839;11;3;2023;05:15;5;88;88413;1;1;1;7;RN 59;48,29306;6,92993
202300020840;31;1;2023;18:30;2;30;30050;1;1;1;1;D27;43,927452;4,049084
202300020841;11;3;2023;22:35;3;81;81004;2;1;2;6;GAULLE (AV GENERAL DE);43,92056;2,1399
202300020842;20;12;2023;14:40;1;76;76351;2;6;1;3;MARCEAU (RUE);49,48537;0,13673
202300020843;14;9;2023;18:50;1;95;95489;1;1;1;3;TETE RICHARD (ROUTE DE LA);49,01884249;2,35046536
202300020844;31;1;2023;12:35;1;80;80349;1;1;1;3;Autoroute A16;49,707386;2,238228
202300020845;13;9;2023;02:30;3;2B;2B290;1;1;1;7;RD 663;42,560373;8,969454
202300020846;30;1;2023;14:30;1;66;66213;2;1;1;6;;42,666943;2,832291