Num_Acc;jour;mois;an;hrmn;lum;dep;com;agg;int;atm;col;adr;lat;long
202300020847;21;12;2023;18:00;5;76;76545;2;6;1;2;BREAUTE (AVENUE);49,91406;1,09245
202300020848;31;1;2023;17:30;1;31;31220;1;1;1;2;A66 pk 20;43,282579;1,674643
202300020849;13;9;2023;14:30;1;66;66164;1;1;1;5;N/A;42,759963;2,853785
202300020850;20;12;2023;15:05;1;72;72181;2;1;1;6;SPOUTNIK (RUE DU);47,98413;0,18127
202300020851;11;3;2023;21:30;5;78;78403;2;1;2;6;CHATEAUBRIAND (AVENUE);48,994764;1,870753
202300020852;12;9;2023;04:30;3;11;11397;1;1;2;7;N/A;43,203369;2,470787
202300020853;31;1;2023;14:03;1;6;6004;1;1;1;2;A8, PK171.100 Sud;43,604165;7,06724
202300020854;20;12;2023;07:30;5;72;72181;2;9;1;3;LICORNES (ALLEE DES);47,98137;0,22106
202300020855;11;3;2023;18:50;2;77;77394;1;1;1;3;D636;48,55535;2,6723
202300020856;14;9;2023;07:30;2;84;84147;1;4;1;6;D37;43,727084;5,442492
202300020857;30;1;2023;07:55;1;6;6088;1;1;1;4;A8 pk 193.300 chaussée nord;43,719957;7,215277
202300020858;28;8;2023;13:44;1;13;13007;1;1;1;6;RD560;43,37606;5,676295
202300020859;11;3;2023;12:54;1;77;77268;2;1;1;6;AV DE LA FOSSE DES PRESSOIRS;48,87373;2,80977
202300020860;20;12;2023;07:40;2;69;69290;2;2;2;6;Rue Henri Maréchal;45,69428;4,94114
202300020861;27;1;2023;05:00;4;34;34172;1;1;1;3;A709;43,590273;3,898283
202300020862;13;9;2023;17:33;1;88;88169;1;1;1;6;Route de Fays;48,190696;6,681983
202300020863;11;3;2023;19:00;4;69;69266;2;1;2;6;Boulevard Laurent Bonnevay;45,78718;4,87895
202300020864;31;1;2023;17:00;1;69;69077;1;1;1;2;Autoroute 6;46,160988;4,770813
202300020865;21;12;2023;13:05;1;67;67482;2;3;1;3;COLMAR (AVENUE DE);48,55794;7,74855
202300020866;11;3;2023;21:05;5;64;64483;2;9;3;7;ITHURRALDE ANDRE (AVENUE);43,39169;-1,65488
202300020867;30;1;2023;07:15;1;987;98722;1;1;2;1;RT- PK 42.500;-17,592;-149,391
202300020868;11;3;2023;09:45;1;64;64102;2;1;2;7;MARINES (AVENUE DES ALLEES);43,49943;-1,48959
202300020869;13;9;2023;20:50;3;38;38190;2;1;1;7;Grande Rue du Moulin d?Avaux;45,801251;5,283887
202300020870;21;12;2023;17:30;5;66;66136;2;1;1;3;Cours Lazare ESCARGUEL;42,7;2,887
202300020871;29;1;2023;16:20;1;987;98733;2;1;1;1;PK 28.100 RT1;-17,742474;-149,570918
202300020872;13;9;2023;16:30;1;38;38158;2;1;2;1;avenue de Poisat;45,155018;5,752904
202300020873;11;3;2023;05:50;5;59;59350;2;5;2;3;VAUBAN BOULEVARD N° RESTE;50,62915;3,04323
202300020874;21;12;2023;19:00;5;64;64445;2;9;2;2;ETIGNY D';43,29714;-0,38726
202300020875;28;1;2023;01:40;3;971;97118;1;1;1;4;RN 1;16,190767;-61,607444
202300020876;13;9;2023;17:15;1;26;26220;2;6;1;3;Rond point du paroirs;44,349778;5,116652
202300020877;10;3;2023;14:05;1;58;58194;2;2;6;3;CHAMEANE (PLACE);46,993576;3,166235
202300020878;25;1;2023;15:15;1;84;84078;1;1;1;2;rn7 Mondragon;44,25801;4,706494
202300020879;21;12;2023;19:30;5;64;64335;2;9;2;1;SAINTE-CATHERINE;43,32711;-0,43995
202300020880;11;9;2023;13:30;1;69;69160;1;1;1;1;621 Route de Beaujeu;46,164756;4,447854
202300020881;30;1;2023;16:10;1;13;13092;2;2;1;7;D10;43,550714;5,039254
202300020882;11;3;2023;02:10;5;57;57660;2;1;8;2;NATIONALE(RUE)LIMITE FORBACH/RUE ST ALIC;49,196295;6,925327
202300020883;21;12;2023;13:20;1;64;64122;2;1;2;3;N/A;43,48239;-1,56692
202300020884;31;1;2023;14:30;1;55;55351;2;1;2;6;Rue Brunswig;49,521827;5,367385
202300020885;14;9;2023;07:20;2;33;33422;1;1;1;5;Rue du Camp de Souge;44,819457;-0,754173
202300020886;30;1;2023;13:00;1;7;7169;1;1;1;1;lieu dit gachon;45,171456;4,77475
202300020887;21;12;2023;11:35;1;64;64102;2;1;2;2;SAINT LEON (ROND POINT);43,48807;-1,48172
202300020888;10;9;2023;13:55;1;59;59659;2;1;1;6;Place Francois Mitterrand;50,015592;4,004232
202300020889;28;1;2023;17:00;1;40;40184;2;1;1;7;Avenue de Bordeaux;44,203928;-1,225657
202300020890;14;9;2023;16:25;1;59;59320;1;1;1;7;Hameau de l?Halpegarbe;50,571504;2,814581
202300020891;19;12;2023;23:47;5;64;64102;2;3;2;3;BERNARD GAUDEL (RUE DU DOCTEUR);43,48045;-1,50058
202300020892;17;1;2023;14:55;1;72;72084;1;9;8;2;lieu dit les gagneries;47,713075;-0,031993
202300020893;27;1;2023;17:00;1;49;49023;1;1;1;6;D246;47,158746;-1,074429
202300020894;10;9;2023;05:50;3;13;13211;1;1;1;3;A50-Sens Marseille vers Aubagne;43,291583;5,483294
202300020895;21;12;2023;15:59;1;63;63032;2;3;1;3;EUROPE (AVENUE DE L');45,75838;3,10023
202300020896;30;1;2023;07:15;2;27;27008;1;1;1;5;D321;49,314548;1,16822
202300020897;13;9;2023;22:35;3;33;33192;1;1;1;2;ROCADE A 630;44,78568316;-0,59436411
202300020898;13;12;2023;08:15;5;59;59392;2;1;2;6;HAUTMONT (RUE D');50,269708;3,95121373
202300020899;30;1;2023;15:00;1;60;60446;1;1;1;6;Route Nationale 2;49,147889;2,822027
202300020900;13;9;2023;08:58;1;33;33550;1;1;1;4;AUTOROUTE A 62;44,782127;-0,584454
202300020901;30;1;2023;08:00;2;60;60213;1;1;2;7;D922;49,12615472;2,72801578
202300020902;20;12;2023;07:50;2;59;59368;2;2;2;6;DE GAULLE RUE DU GENERAL;50,657737;3,073837
202300020903;30;1;2023;07:00;3;60;60204;1;1;2;1;D934;49,642495;2,897632
202300020904;12;9;2023;17:10;1;33;33013;1;1;2;5;ROUTE NATIONALE 230;44,86816811;-0,50439745
202300020905;20;12;2023;16:22;1;57;57283;2;6;2;1;HASSEL (CHEMIN DU);49,25202;6,15201
202300020906;20;1;2023;08:55;1;60;60491;1;1;8;7;D973;49,333904;2,991886
202300020907;12;9;2023;06:40;3;33;33039;1;1;1;7;ROCADE A 630;44,79476;-0,53952
202300020908;29;1;2023;11:45;1;59;59173;1;1;1;3;Route de Quesnoy;50,724702;2,978666
202300020909;20;12;2023;11:10;1;56;56162;2;1;1;3;DUPUY DE LOME (RUE);47,7416;-3,405
202300020910;30;1;2023;17:00;1;13;13056;1;1;1;2;A55-Sens Martigues vers Marseille;43,39966;5,09546
202300020911;13;9;2023;17:00;1;91;91573;1;1;1;2;RN104 INT;48,63126;2,51817
202300020912;18;12;2023;09:35;1;55;55545;2;1;1;1;CUMIERES ( RUE DE );49,16328;5,3728
202300020913;13;9;2023;13:30;1;91;91161;1;1;1;2;AUTOROUTE A6;48,71199;2,30795
202300020914;30;1;2023;08:39;1;13;13088;1;1;1;2;A55-Sens Martigues vers Marseille;43,38718991;5,24247855
202300020915;30;1;2023;21:05;3;69;69294;1;1;1;3;Autoroute 7 ;45,63756;4,82314
202300020916;23;11;2023;19:30;3;55;55545;1;1;1;1;CD 964;49,15172;5,39714
202300020917;13;9;2023;07:30;2;91;91286;1;1;8;3;AUTOROUTE A6;48,6497;2,3846
202300020918;21;12;2023;13:20;1;54;54099;2;3;2;7;Avenue Albert 1er;49,24817;5,94139
202300020919;28;1;2023;04:40;3;59;59203;1;1;1;6;AUTOROUTE A 21;50,34508344;3,30210003
202300020920;13;9;2023;01:30;3;91;91645;1;1;2;6;RN 118;48,76108;2,22643
202300020921;12;1;2023;05:45;3;59;59143;1;1;3;6;AUTOROUTE A25;50,66457;2,88541
202300020922;13;9;2023;22:55;5;92;92063;1;1;1;6;A86 DUPLEX;48,87336976;2,15727103
202300020923;21;12;2023;11:30;1;51;51454;2;6;2;3;SOUVENIR FRANCAIS (PLACE DU);49,26926;4,07052
202300020924;13;9;2023;04:45;3;93;93027;1;1;2;7;AUTOROUTE A86;48,92648671;2,40257539
202300020925;21;12;2023;11:35;1;49;49007;2;1;1;3;SAINT NICOLAS;47,47468;-0,56401
202300020926;30;1;2023;18:25;3;91;91471;1;1;1;4;RN 118;48,71372;2,17735
202300020927;12;9;2023;14:40;1;95;95394;1;1;2;2;N184;49,05282;2,177688
202300020928;21;12;2023;17:40;5;45;45234;2;1;2;6;Avenue de l'Hôpital;47,83228;1,92064
202300020929;30;1;2023;09:55;1;91;91549;1;1;1;4;RN 104;48,625;2,337
202300020930;13;9;2023;18:44;1;94;94011;1;9;1;2;N406;48,76302008;2,49548877
202300020931;30;1;2023;08:45;1;91;91687;1;1;1;7;AUTOROUTE A6;48,662708;2,36787
202300020932;21;12;2023;08:55;1;45;45286;2;3;1;4;D951 PR 91 + 50;47,893016;1,916469
202300020933;13;9;2023;09:35;1;94;94022;1;1;1;2;A86;48,77338115;2,40113955
202300020934;30;1;2023;18:15;3;78;78090;1;1;1;2;A13;48,970426;1,905235
202300020935;28;5;2023;15:15;1;43;43162;1;1;1;7;RD 103 ;45,19697;4,042422
202300020936;30;1;2023;09:15;1;92;92047;1;1;8;3;A13;48,83397544;2,16646875
202300020937;21;12;2023;08:34;2;45;45004;2;2;2;3;3 Rue Francis Prieur;47,97274;2,74975
202300020938;28;1;2023;10:10;1;75;75119;2;1;8;6;BOULEVARD PERIPHERIQUE INTERIEUR NORD  ;48,898624;2,393336
202300020939;27;5;2023;12:25;1;43;43130;1;4;1;2;route de la chèze;45,046481;4,196295
202300020940;21;12;2023;15:40;1;44;44109;2;1;8;6;2 Rue des Chalâtres;47,22532;-1,53088
202300020941;29;1;2023;22:35;5;75;75105;2;2;1;3;RUE GEOFFROY SAINT HILAIRE;48,839708;2,356608
202300020942;4;7;2023;02:46;5;26;26198;2;1;1;3;TEIL(vieille route du);44,559;4,73
202300020943;21;12;2023;17:55;5;43;43046;2;1;1;6;MONTEE DE CHADRAC;45,0546;3,89933
202300020944;28;1;2023;23:25;5;75;75120;2;1;1;3;BOULEVARD MORTIER;48,87404;2,408106
202300020945;10;7;2023;10:27;1;22;22278;2;1;1;2;PARIS (DE);48,50403;-2,74108
202300020946;29;1;2023;22:40;5;75;75117;2;3;1;3;RUE CARDINET;48,891106;2,318
202300020947;21;12;2023;13:50;1;43;43157;2;2;1;3;CLUNY (BD. DE);45,04832;3,89298
202300020948;14;7;2023;05:30;2;88;88465;2;1;1;1;270 Rue de Lorraine (Thaon-les-Vosges);48,266498;6,403806
202300020949;29;1;2023;20:35;5;75;75117;2;3;1;3;BOULEVARD BERTHIER;48,890257;2,304589
202300020950;17;12;2023;14:20;1;42;42218;1;1;1;6;Route de Rochetaillée;45,41576549;4,41073012
202300020951;12;9;2023;12:35;1;976;97611;2;1;1;6;kaweni-SPPM ( rue de la );-12,77081;45,22396
202300020952;29;1;2023;00:20;5;75;75112;2;1;1;2;QUAI DE BERCY;48,832807;2,383194
202300020953;11;9;2023;08:45;1;976;97611;2;1;1;3;m'tsapere-Nationale 2 (route);-12,788272;45,2235812
202300020954;29;1;2023;14:15;1;94;94028;2;2;1;3;Avenue Pierre Brossolette / Rue des Mèches;48,79363;2,46094
202300020955;11;9;2023;07:30;1;974;97416;1;3;7;3;PERE MAITRE(RUE DU);-21,28382;55,46626
202300020956;21;12;2023;16:40;2;38;38185;1;1;2;4;AUTOROUTE A 480;45,18795;5,70275
202300020957;11;9;2023;18:10;5;974;97409;2;1;1;3;DU CENTRE(CHEMIN);-20,95269;55,66247
202300020958;28;1;2023;20:10;5;94;94077;2;1;1;1;Avenue le Foll;48,728238;2,433885
202300020959;11;9;2023;15:05;1;974;97407;2;1;1;3;MASCAREIGNES(BOULEVARD);-20,93873;55,3079
202300020960;28;1;2023;20:20;5;93;93073;2;6;1;6;Route de la Croix au Plâtre;48,98408407;2,52582559
202300020961;20;12;2023;15:55;1;37;37261;2;6;1;3;CHAUTEMPS (AVENUE CAMILLE);47,37472;0,71632
202300020962;10;9;2023;21:45;5;974;97407;2;9;1;6;ROND POINT CITE RN4;-20,95413;55,30868
202300020963;29;1;2023;18:54;5;93;93062;2;1;1;1;Allée Nicolas Carnot;48,88985;2,51546
202300020964;11;9;2023;08:35;1;973;97302;2;1;1;4;MONTABO (ROUTE DE) 1;4,94445;-52,3101
202300020965;21;12;2023;19:50;5;35;35238;2;2;1;2;GINGUENE;48,09952;-1,67517
202300020966;29;1;2023;19:30;1;93;93057;2;1;1;2;Avenue Aristide Briand;48,910322;2,509781
202300020967;11;9;2023;09:49;1;973;97302;2;9;1;6;BADUEL (ROUTE DE);4,93606;-52,31336
202300020968;29;1;2023;20:35;5;92;92048;2;9;1;7;VAUGIRARD (ROUTE DE);48,82017;2,24264
202300020969;21;12;2023;17:30;5;35;35238;2;1;2;6;VANEAU;48,10987;-1,69282
202300020970;10;9;2023;21:50;5;973;97302;2;1;1;3;BADUEL (ROUTE DE);4,93108;-52,30595
202300020971;21;12;2023;09:20;1;35;35051;1;1;1;4;RN136;48,1072;-1,59815
202300020972;29;1;2023;16:50;2;60;60275;1;3;8;2;D22;49,495749;1,903575
202300020973;12;9;2023;13:38;1;69;69386;2;2;1;3;Rue Garibaldi;45,77126;4,85005
202300020974;30;1;2023;07:30;1;8;8314;2;3;2;6;Rue Jean Abraham Poupart;49,409848;4,307236
202300020975;21;12;2023;07:55;2;35;35238;2;3;2;6;COMBES (BD EMILE);48,093756;-1,66721
202300020976;12;9;2023;09:15;1;69;69383;2;1;1;1;Rue Louis;45,75271;4,88818
202300020977;28;1;2023;22:50;3;40;40004;1;1;2;7;D33 - Route de Tyrosse;43,657184;-1,343701
202300020978;11;9;2023;11:30;1;69;69387;1;1;1;4;Quai Claude Bernard;45,75229;4,83723
202300020979;30;1;2023;11:40;1;28;28123;1;1;1;6;Autoroute A11 dans le sens province vers Paris au PK 099+000 aire de service BROU-DAMPIERRE;48,239447;1,080713
202300020980;21;12;2023;07:30;3;35;35238;1;1;1;5;RN136;48,081839;-1,648198
202300020981;12;9;2023;12:30;1;972;97209;2;1;1;7;REDOUTE (ROUTE DE LA);14,62903;-61,05591
202300020982;30;1;2023;07:00;3;1;1427;2;3;1;6;Avenue du Docteur Bollet;45,940217;4,772251
202300020983;21;1;2023;05:15;3;38;38337;1;1;9;6;D50f;45,365896;5,486619
202300020984;11;9;2023;16:55;1;972;97209;2;1;1;3;GENERAL DE GAULLE (BLD DU);14,60586;-61,07525
202300020985;21;12;2023;22:00;5;34;34172;2;2;1;3;CHAPTAL (RUE);43,60509;3,87002
202300020986;28;1;2023;20:05;3;59;59499;1;1;1;6;17 Route de Bergues;50,946249;2,531593
202300020987;12;9;2023;07:35;1;972;97209;2;1;1;7;BEAUSEJOUR JAMBETTE (ROUTE DE );14,63573;-61,03975
202300020988;20;12;2023;16:42;1;33;33281;2;1;7;6;Avenue de l'Europe;44,8217;-0,66617
202300020989;29;1;2023;13:31;1;12;12084;1;1;1;2;A 75 PK 222.074;44,074036;3,023601
202300020990;12;9;2023;16:05;1;69;69382;2;2;1;6;GRENETTE                            (R );45,76335;4,83423
202300020991;21;12;2023;08:00;2;33;33009;2;6;8;6;DE GAULLE (AVE GAL);44,6595;-1,1652
202300020992;30;1;2023;07:45;2;51;51248;2;2;2;3;Avenue Pasteur;48,756532;3,988901
202300020993;12;9;2023;15:15;1;69;69382;2;3;1;6;105 Rue Président Edouard Herriot;45,75835;4,83387
202300020994;29;1;2023;03:00;3;19;19121;1;1;1;6;RD 901 LIEU DIT ENSARGNAT;45,469657;1,388757
202300020995;21;12;2023;18:15;5;31;31555;2;1;2;6;ALL DE BELLEFONTAINE;43,56573357;1,39940768
202300020996;27;1;2023;21:10;3;56;56044;1;1;1;6;14 La Belle Anguille;47,756435;-2,132303
202300020997;12;9;2023;09:00;1;69;69382;2;3;1;3;Quai Jules Courmont;45,76011;4,83781
202300020998;21;12;2023;12:45;1;30;30243;2;9;1;3;MONTEZE (ROUTE DE);44,09864;4,08166
202300020999;18;1;2023;08:55;1;11;11291;1;1;2;6;D6;43,1575772;1,9078684
202300021000;11;9;2023;13:00;1;69;69389;2;3;1;3;107 Rue Marietton;45,77548;4,79479
202300021001;21;1;2023;22:40;3;49;49080;1;1;8;2;D768;47,710296;-0,533888
202300021002;21;12;2023;13:25;1;29;29019;2;2;1;3;boulevard Léon Blum;48,405518;-4,484843
202300021003;11;9;2023;08:10;1;69;69149;2;1;1;3;253 Grande Rue;45,70871;4,79872
202300021004;27;1;2023;06:05;5;49;49373;2;6;8;7;6 rue Nationale - Vihiers;47,146988;-0,530562
202300021005;20;12;2023;19:10;3;29;29019;2;6;2;5;Girartoire de Pen ar Ch'leuz;48,415071;-4,479248
202300021006;10;9;2023;05:20;3;69;69034;1;4;1;6;Quai Bellevue;45,785826;4,84896855
202300021007;29;1;2023;14:20;1;86;86086;1;1;1;1;D80;46,829087;0,714918
202300021008;11;9;2023;15:34;1;971;97101;2;1;1;6;ACHILLE RENE BOISNEUF (RUE);16,27494962;-61,50319755
202300021009;20;12;2023;07:30;5;29;29019;2;3;1;3;1 rue Dupuy de Lome;48,388446;-4,515781
202300021010;30;1;2023;07:15;5;44;44041;2;1;1;6;34 Rue de la cle des champs;47,100757;-1,602631
202300021011;20;12;2023;08:20;2;27;27299;2;1;8;7;BRIAND (AVENUE ARISTIDE);49,05184;1,16547
202300021012;11;9;2023;14:30;1;971;97113;1;1;1;2;SECTION LABROUSSE;16,21882284;-61,51423216
202300021013;29;1;2023;10:15;1;29;29015;2;9;1;6;Rue des Abers;48,501283;-4,507195
202300021014;21;12;2023;07:40;2;26;26362;2;1;1;6;SCHWEITZER RUE DU DOCTEUR;44,93581;4,88965
202300021015;11;9;2023;15:10;1;971;97113;1;1;1;3;RN4 - SECTION RIVIERA;16,21764;-61,4934
202300021016;21;12;2023;07:45;2;25;25056;2;3;2;6;HUYGENS RUE CHRISTIAN;47,2128;5,97073
202300021017;18;1;2023;17:45;2;15;15138;1;1;4;7;D3;45,114723;2,858623
202300021018;10;9;2023;13:47;1;971;97101;2;3;1;3;Frédéric JALTON;16,27509208;-61,50296688
202300021019;21;12;2023;21:40;5;22;22278;2;1;1;6;GARNIER (ABBE);48,5051;-2,7614
202300021020;19;1;2023;21:15;3;15;15157;1;1;4;3;N122;44,74777;2,194455
202300021021;1;12;2023;18:30;5;15;15014;2;1;2;1;Avenue du général Leclerc;44,910355;2,444807
202300021022;28;1;2023;14:06;1;70;70404;1;1;1;6;D7;47,997417;6,032782
202300021023;9;9;2023;20:30;5;971;97101;1;9;1;4;PERRIN (SECTEUR);16,27721;-61,50885
202300021024;20;12;2023;11:30;1;15;15014;1;1;1;6;RN 122;44,9;2,41665
202300021025;24;1;2023;13:40;1;6;6105;2;1;1;1;D2085;43,663149;7,055574
202300021026;11;9;2023;22:00;5;2A;2A004;2;9;1;3;NAPOLEON COURS AVANT BEVERINI;41,93231;8,74045
202300021027;20;12;2023;18:00;5;14;14167;2;1;8;2;3 Rue des Frères Wilkin;49,20447;-0,29745
202300021028;30;1;2023;13:30;1;50;50483;2;6;1;3;Rue de l'Europe;49,104726;-1,175878
202300021029;29;1;2023;06:00;3;53;53101;1;1;1;7;RN162;47,89238;-0,68089
202300021030;11;9;2023;22:10;3;95;95585;1;1;1;3;D316;48,992558;2,386741
202300021031;21;12;2023;17:50;2;13;13019;1;1;1;1;ROUTE D’APT;43,45094578;5,35967588
202300021032;28;1;2023;22:50;3;53;53233;2;1;1;7;rue de laLibération;47,867595;-0,431589
202300021033;16;12;2023;00:20;5;13;13209;2;1;1;7;SOUDE (AVENUE DE LA);43,2441;5,40062
202300021034;12;9;2023;13:00;1;95;95277;1;1;3;4;D317;48,9835;2,4692
202300021035;20;1;2023;08:00;2;40;40224;2;4;8;3;Route de Bayonne;43,547209;-1,113771
202300021036;29;8;2023;22:20;1;95;95210;2;1;1;3;D15;48,96617417;2,30073452
202300021037;21;12;2023;20:17;5;13;13203;2;9;1;2;NATIONAL (BOULEVARD);43,314822;5,372312
202300021038;29;1;2023;12:15;1;24;24034;1;2;8;3;lieu dit les minières;44,981151;0,476312
202300021039;21;12;2023;13:50;1;13;13210;1;1;1;6;L ARMEE D AFRIQUE (CHEMIN DE L');43,286696;5,414489
202300021040;30;8;2023;12:20;1;95;95427;2;1;1;2;D928;48,95928;2,32897
202300021041;29;1;2023;19:34;3;973;97307;2;3;1;1;intersection route de la distillerie - RN2;4,876153;-52,337247
202300021042;20;12;2023;14:55;1;13;13201;2;9;1;1;GARIBALDI (BOULEVARD) N° IMPAIRS;43,2973;5,3808
202300021043;29;1;2023;15:30;1;987;98738;2;3;2;2;PK 15 à l'intersection de la servitude BERNARDINO;-17,640035;-149,608126
202300021044;29;1;2023;20:56;3;53;53267;1;1;1;6;A81;48,059266;-0,507946
202300021045;29;1;2023;19:01;5;31;31169;2;2;1;1;44 Avenue de Toulouse;43,514187;1,550108
202300021046;11;9;2023;15:30;1;91;91657;2;2;1;3;AV HENRI BARBUSSE;48,704099;2,433695
202300021047;17;1;2023;07:55;3;35;35024;1;1;8;6;Caleuvre;48,195902;-1,600699
202300021048;21;12;2023;19:00;3;13;13005;2;1;1;6;VERDUN (AVENUE DE);43,287827;5,578777
202300021049;11;9;2023;11:50;1;91;91421;2;1;1;6;JEAN JAURES (AVENUE);48,71343;2,44862
202300021050;29;1;2023;11:30;1;987;98714;1;1;1;1;quartier amanahune;-16,388;-151,765
202300021051;12;9;2023;08:30;1;91;91589;2;9;1;6;RUE JOLIOT CURIE;48,674881;2,352419
202300021052;20;12;2023;15:45;1;6;6069;1;1;1;4;D6185;43,636078;6,944095
202300021053;29;1;2023;13:30;1;988;98808;1;1;3;6;rpn3 tribu de pentecoste;-21,28962;165,70022
202300021054;11;9;2023;09:50;1;91;91027;2;1;1;3;AV ARISTIDE BRIAND;48,70598;2,3873
202300021055;29;1;2023;19:50;3;973;97311;1;1;8;6;D9 avenue Jean Galmot PK 6;5,539131;-53,945049
202300021056;10;9;2023;02:20;4;91;91027;2;1;1;7;RUE ROBERT SCHUMAN;48,71495;2,39821
202300021057;29;1;2023;17:20;1;971;97119;1;1;1;6;Route de Desvarieux;16,364286;-61,430483
202300021058;20;12;2023;14:40;1;6;6069;1;1;1;3;Pénétrante;43,62822;6,948
202300021059;19;1;2023;13:35;1;971;97118;1;1;1;7;Route Nationale 1;16,19395948;-61,60656452
202300021060;12;9;2023;07:59;1;91;91223;1;3;1;3;R.D.20;48,4034;2,12222
202300021061;20;12;2023;12:55;1;75;75117;2;1;8;3;PORTE DE SAINT OUEN;48,900348;2,322174
202300021062;26;1;2023;17:40;1;33;33199;2;1;1;2;95 Rue Chante Cigale;44,626512;-1,06236
202300021063;10;9;2023;21:23;5;90;90010;2;3;1;3;BRISACH (AVENUE DE);47,64533;6,87706
202300021064;30;1;2023;10:18;1;77;77183;2;1;2;6;Avenue Franklin Roosevelt;48,943606;3,122226
202300021065;10;9;2023;20:25;2;87;87085;2;2;1;3;GARIBALDI (AVENUE);45,83446;1,26093
202300021066;27;1;2023;22:15;3;78;78558;1;1;2;7;D89;48,982907;1,532013
202300021067;20;12;2023;13:45;1;75;75113;2;1;1;5;PORTE DE GENTILLY;48,81629;2,345777
202300021068;8;9;2023;21:39;5;87;87085;2;1;1;7;CHARLEMAGNE (RUE);45,8482;1,26398
202300021069;14;1;2023;17:23;1;11;11076;2;3;1;1;17 Avenue du General de Gaulle;43,319624;1,946801
202300021070;7;9;2023;13:22;1;87;87085;2;3;1;6;PERRIN (RUE FRANCOIS);45,82886;1,24388
202300021071;20;12;2023;23:45;5;75;75118;2;2;1;2;RUE DU MONT CENIS;48,894322;2,345388
202300021072;29;1;2023;16:56;1;6;6092;2;1;1;3;870 Boulevard de la Vallée;43,764987;7,346422
202300021073;7;9;2023;07:15;2;87;87085;2;3;1;3;TOULOUSE (RUE DE);45,81041;1,28436
202300021074;21;12;2023;18:10;5;75;75117;2;3;1;3;BOULEVARD MALESHERBES;48,88277489;2,31018484
202300021075;12;9;2023;06:32;2;86;86194;2;1;1;3;Route de Bonneuil Matours;46,588417;0,369785
202300021076;29;1;2023;12:00;1;13;13085;1;3;1;3;D3d;43,235152;5,670522
202300021077;11;9;2023;08:20;1;86;86214;2;1;1;2;D162;46,55181;0,320591
202300021078;20;12;2023;10:45;1;75;75117;2;2;1;6;BOULEVARD DES BATIGNOLLES;48,88299;2,32414
202300021079;29;1;2023;19:46;3;67;67497;1;3;1;6;D919;48,833086;7,701674
202300021080;11;9;2023;08:30;1;86;86194;2;3;1;3;Bd du Marechal de Lattre de Tassigny;46,583488;0,352116
202300021081;30;1;2023;09:00;1;26;26129;1;4;1;7;D325;45,072983;5,183229
202300021082;21;12;2023;13:10;1;75;75115;2;3;1;3;RUE LECOURBE;48,843771;2,306539
202300021083;1;9;2023;17:15;1;84;84007;2;1;1;3;FRANCOIS 1ER (RUE);43,92871;4,82243
202300021084;30;1;2023;20:00;5;7;7324;2;1;1;1;Quai Charles de Gaulle;45,067756;4,83458
202300021085;9;9;2023;09:00;1;83;83129;2;3;1;3;MER (AVENUE DE LA) N° PAIRS;43,100309;5,824738
202300021086;28;1;2023;10:50;1;69;69019;2;2;1;3;4 Rue Victor Hugo;46,108667;4,749656
202300021087;10;9;2023;19:05;1;82;82121;2;3;1;3;TOURNIER (RUE H.);44,02624;1,35279
202300021088;30;1;2023;09:20;1;81;81099;2;1;1;3;Avenue de Lattre de Tassigny;43,9079378;1,89792
202300021089;20;12;2023;20:50;5;75;75115;2;4;1;6;BOULEVARD GARIBALDI;48,846672;2,30623
202300021090;10;9;2023;20:22;3;78;78486;2;1;1;6;CHARTRES (RUE DE;48,69002;1,85111
202300021091;30;1;2023;07:45;1;86;86044;1;1;1;6;Champ Blanc;47,05448054;0,24347305
202300021092;20;12;2023;18:40;5;75;75114;2;1;1;6;BOULEVARD JOURDAN;48,819655;2,341933
202300021093;15;1;2023;20:35;3;86;86163;1;1;2;1;Rue du Petit Nieul;46,611118;0,392552
202300021094;20;12;2023;17:00;5;75;75114;2;1;1;7;BOULEVARD EDGAR QUINET;48,840873;2,325487
202300021095;28;1;2023;17:20;2;33;33449;2;1;1;6;Avenue du Haillan;44,873836;-0,704856
202300021096;17;1;2023;18:30;5;72;72154;2;1;1;3;Rue de la Dauversière;47,70074;-0,07161
202300021097;29;1;2023;17:30;1;27;27332;2;1;1;6;Allee de la Butte a Colas;49,189663;1,220405
202300021098;19;12;2023;23:15;5;75;75114;2;2;2;2;BOULEVARD SAINT JACQUES;48,833328;2,336182
202300021099;29;1;2023;20:10;3;60;60241;1;1;1;6;D330a;49,175952;2,691092
202300021100;29;1;2023;01:07;3;13;13215;1;1;1;2;A7-Sens Marseille vers Lyon;43,36223;5,36136
202300021101;21;12;2023;01:40;5;75;75113;2;3;2;6;AVENUE D IVRY;48,823012;2,366382
202300021102;27;1;2023;08:10;5;13;13210;1;1;1;2;Tunnel Prado Carénage;43,2827;5,3932
202300021103;28;7;2023;06:55;1;78;78402;1;1;1;1;CD 113;48,96222;1,77251
202300021104;20;12;2023;19:40;5;75;75113;2;1;1;6;BOULEVARD MASSENA;48,81995035;2,36411512
202300021105;20;12;2023;13:05;1;75;75112;2;1;1;6;AVENUE DU GENERAL MICHEL BIZOT;48,835026;2,401305
202300021106;6;9;2023;18:15;1;78;78208;2;3;1;3;VILLEDIEU (AVENUE DE LA) 220;48,770088;1,946037