Num_Acc;jour;mois;an;hrmn;lum;dep;com;agg;int;atm;col;adr;lat;long
202300021107;29;1;2023;18:40;3;91;91064;1;1;1;2;RN 118;48,7427;2,1882
202300021108;21;12;2023;19:00;5;75;75111;2;7;8;2;PLACE DE LA NATION;48,849117;2,39466
202300021109;21;12;2023;15:15;1;75;75108;2;3;2;2;PLACE DE LA CONCORDE;48,86668433;2,32204825
202300021110;20;12;2023;19:30;5;75;75107;2;1;1;6;QUAI BRANLY;48,85826;2,29212
202300021111;21;12;2023;21:05;5;75;75102;2;2;1;7;BOULEVARD MONTMARTRE;48,871491;2,343082
202300021112;21;12;2023;01:51;5;75;75103;2;1;2;6;BOULEVARD SAINT MARTIN;48,868184;2,360097
202300021113;21;12;2023;16:15;1;94;94078;2;3;2;3;Rue du Pont de la gendarmerie;48,731068;2,44671
202300021114;21;12;2023;16:45;3;94;94073;1;1;2;2;Avenue de Versailles;48,75481;2,38277
202300021115;21;12;2023;14:10;1;94;94073;2;9;2;3;Boulevard du Nord;48,75801;2,36981
202300021116;21;12;2023;12:15;1;94;94021;2;1;1;6;Boulevard Jean Mermoz;48,769232;2,337172
202300021117;20;12;2023;09:30;1;94;94011;2;9;1;3;Rue Pierre Sémard;48,76062916;2,47959035
202300021118;18;12;2023;22:32;5;94;94028;2;1;1;6;Place des Alizes;48,770153;2,46135
202300021119;21;12;2023;17:05;5;93;93039;2;1;2;6;Quai de Seine;48,935012;2,340994
202300021120;21;12;2023;10:44;1;93;93066;2;2;2;3;Avenue du Président Wilson / Rue Francis de Pressensé;48,918169;2,357798
202300021121;19;12;2023;21:30;5;93;93051;2;2;2;2;Rue des Hauts Roseaux / Allee de la Haute Place;48,84439;2,57642
202300021122;21;12;2023;13:21;1;93;93074;2;2;2;6;Rue de Meaux / Avenue du Général de Gaulle;48,93541;2,57281
202300021123;21;12;2023;17:20;5;93;93006;2;3;2;6;Rue Sadi Carnot / Rue Raoul Berton;48,86825;2,41876
202300021124;20;12;2023;07:35;5;93;93006;2;1;8;5;Avenue Gambetta;48,871652;2,418319
202300021125;21;12;2023;08:22;2;93;93032;2;2;8;3;Rue Aristide Briand / Rue Parmentier;48,8827;2,535
202300021126;21;12;2023;13:00;1;93;93031;2;1;2;6;Rue du Commandant Louis Bouchet;48,953474;2,319603
202300021127;21;12;2023;09:00;1;93;93007;2;1;2;6;Avenue Descartes;48,950487;2,442849
202300021128;20;12;2023;19:00;5;93;93001;2;3;2;3;Rue Charles Tillon / Avenue du Cimetière;48,917092;2,392951
202300021129;21;12;2023;19:45;5;92;92078;2;9;1;6;GALLIENI (BD) (153 ET 225);48,93549662;2,33296216
202300021130;21;12;2023;16:35;1;92;92064;2;1;1;3;GARCHES;48,84350084;2,20264994
202300021131;21;12;2023;02:50;5;92;92051;2;2;2;3;BINEAU (BOULEVARD, N°53 A 131 ET 52 A 13;48,88936;2,27296
202300021132;20;12;2023;19:10;5;92;92044;2;1;2;3;TREZEL(RUE) 1A13 ET 2A10;48,8951056;2,29501963
202300021133;20;12;2023;08:55;1;92;92044;2;9;1;6;RIVAY(RUE)97A107 ET 96A108;48,90067;2,28453
202300021134;20;12;2023;08:55;1;92;92044;2;1;1;6;P.V.COUTURIER(RUE)65A79 ET50A58;48,89661;2,28707
202300021135;19;12;2023;07:55;5;92;92024;2;1;2;6;GENERAL LECLERC (RUE DU) DE (81 A 109)  ;48,90926406;2,30701223
202300021136;21;12;2023;18:30;5;92;92023;2;6;2;3;MARQUIS (PLACE) N°1 ET 2;48,80510665;2,25922376
202300021137;21;12;2023;17:00;5;92;92023;2;1;2;6;VICTOR HUGO (AVENUE);48,80954376;2,27194011
202300021138;21;12;2023;15:30;1;92;92012;2;1;2;7;JEAN JAURES (BOULEVARD) 1/61 - COTE IMPA;48,84523278;2,23717734
202300021139;21;12;2023;23:55;5;24;24011;2;1;2;7;35 Route de Limoges;45,214107;0,831764
202300021140;20;12;2023;21:50;3;51;51316;1;3;2;3;D660;48,64791251;4,76010666
202300021141;20;12;2023;19:50;3;76;76057;1;1;2;2;A150;49,527734;0,952041
202300021142;10;12;2023;17:00;5;95;95313;2;6;1;3;CHEMIN VERT (RUE DU);49,1192404;2,23101988
202300021143;22;12;2023;07:49;5;95;95058;1;9;2;6;D929;49,15776679;2,28833869
202300021144;20;12;2023;18:10;3;18;18146;1;1;1;3;Route du Canal;47,324411;2,855201
202300021145;21;12;2023;15:37;1;18;18070;1;1;3;1;N/A;47,491783;2,555678
202300021146;22;12;2023;10:15;1;57;57060;1;3;3;3;D22;48,90129498;6,76974053
202300021147;21;12;2023;20:40;3;68;68009;1;1;2;1;D468;48,108764;7,533875
202300021148;21;12;2023;17:19;3;51;51217;1;1;2;2;D3;49,084263;3,657428
202300021149;17;12;2023;19:20;3;972;97217;2;1;1;7;stade o'neil;14,469526;-60,857343
202300021150;22;12;2023;19:30;3;52;52074;1;1;2;6;A31 PK152+400 Sens 2;48,07931888;5,6114443
202300021151;18;12;2023;08:30;3;29;29265;1;1;1;6;Zone Artisanale de Penprat;48,55039148;-3,88495321
202300021152;22;12;2023;03:30;5;62;62376;1;1;1;6;D937;50,57039952;2,59868954
202300021153;22;12;2023;16:50;3;37;37213;1;1;2;2;A28, PK 047+500, Sens LE MANS-TOURS;47,63788;0,497346
202300021154;22;12;2023;16:22;1;56;56254;1;1;1;3;Lieu Dit Coeby;47,768133;-2,533411
202300021155;21;12;2023;09:15;1;79;79135;1;1;2;1;N/A;46,72783;-0,213257
202300021156;17;12;2023;23:31;3;61;61406;1;1;5;1;D926;48,732215;0,507865
202300021157;21;12;2023;14:05;1;47;47209;2;2;2;3;Rue Frederic Chopin;44,224448;0,676153
202300021158;22;12;2023;01:10;5;41;41280;2;1;2;6;20 Avenue de la Commanderie;47,299606;1,76911
202300021159;21;12;2023;17:30;5;39;39526;2;3;8;3;16 Avenue Kennedy;47,042466;5,41576
202300021160;21;12;2023;23:25;3;25;25328;1;1;2;7;les Clairons;47,175916;5,972657
202300021161;21;12;2023;17:20;3;29;29266;1;1;2;6;Kerambloc’h;48,469592;-3,969326
202300021162;22;12;2023;17:55;3;38;38284;1;1;2;6;Chemin de Bellevue (Ornacieux);45,398243;5,216977
202300021163;21;12;2023;17:35;3;5;5084;1;3;1;5;N94;44,556342;6,23841
202300021164;21;12;2023;17:15;5;50;50215;2;1;2;6;3 Rue du 28 Juillet 1944;49,097677;-1,581668
202300021165;22;12;2023;11:00;1;60;60509;2;3;2;3;Avenue d?Auvelais;49,313883;2,605271
202300021166;22;12;2023;09:50;1;64;64527;2;1;3;6;Chemin de Banecau;43,345623;-1,470816
202300021167;21;12;2023;10:20;1;16;16222;1;1;2;1;D674 - PK 38+800;45,344711;0,079651
202300021168;22;12;2023;12:10;1;24;24330;1;1;2;7;D6;45,053494;1,023461
202300021169;22;12;2023;01:40;3;85;85295;1;1;1;6;D93;47,003267;-1,273155
202300021170;18;12;2023;20:00;3;6;6152;1;9;1;6;Route de Biot;43,644185;7,047011
202300021171;22;12;2023;14:15;1;68;68135;1;1;1;7;A35;47,586071;7,548949
202300021172;21;12;2023;20:54;3;45;45146;1;1;2;2;A71 PR 120 + 349;47,720751;1,891117
202300021173;22;12;2023;17:10;1;11;11144;1;1;8;1;N/A;42,870366;2,987874
202300021174;23;12;2023;00:30;5;988;98821;1;1;1;1;RT1- La Tontouta;-22,028981;166,231771
202300021175;22;12;2023;15:05;1;974;97418;1;1;1;6;RD 61 - PK 1 + 14;-20,931942;55,540099
202300021176;20;12;2023;19:15;5;971;97108;1;3;1;3;Vidon Robert;15,902617;-61,25158
202300021177;22;12;2023;14:50;1;77;77264;1;2;8;3;Route Départementale 231;48,75264;2,943708
202300021178;20;12;2023;20:00;5;77;77466;2;1;2;3;rue de la foret;48,82237136;2,90315068
202300021179;22;12;2023;15:05;1;34;34081;1;1;1;2;D 162;43,305645;3,137214
202300021180;21;12;2023;19:50;5;21;21038;1;1;2;2;D20B;47,1944;5,42819
202300021181;22;12;2023;01:32;3;63;63284;1;1;1;1;M769;45,789643;3,202734
202300021182;21;12;2023;22:10;3;38;38565;1;1;3;6;1520 Route de Chartreuse;45,303433;5,635343
202300021183;21;12;2023;18:45;3;69;69077;1;2;2;1;Route Départementale 109;46,145886;4,763024
202300021184;22;12;2023;11:35;1;17;17237;1;1;2;6;chemin du canal du grand garçon;45,872598;-1,0665
202300021185;8;12;2023;08:45;2;22;22136;2;1;2;1;Rue du Docteur Robin;48,182277;-2,760293
202300021186;20;12;2023;08:00;3;35;35124;1;1;1;6;D57;47,748493;-1,709597
202300021187;20;12;2023;17:30;5;27;27684;2;1;2;1;Rue des Pêcheurs;49,006873;1,218131
202300021188;22;12;2023;11:40;1;60;60139;2;9;2;1;Place de l?Eglise;49,166504;2,245581
202300021189;21;12;2023;17:40;3;60;60222;1;1;1;2;Route Nationale à Hatton;49,478752;2,302226
202300021190;22;12;2023;08:55;1;60;60157;2;1;2;3;Rue de Saint-Just;49,384973;2,413019
202300021191;22;12;2023;08:35;1;2;2684;2;4;2;6;31 Rue Barbusse;49,919827;4,13779
202300021192;21;12;2023;16:14;1;13;13117;1;1;1;2;A7-Sens Lyon vers Marseille;43,42468796;5,26516861
202300021193;21;12;2023;14:30;1;83;83137;1;1;1;7;A57;43,12309563;5,95843036
202300021194;21;12;2023;18:53;3;33;33550;1;1;2;4;AUTOROUTE A 62;44,775;-0,55654
202300021195;21;12;2023;09:50;1;33;33039;1;1;2;2;ROCADE A 630;44,79255009;-0,54016642
202300021196;21;12;2023;21:06;3;91;91534;1;1;1;3;RN 118;48,72736;2,16585
202300021197;21;12;2023;15:32;1;94;94034;1;1;2;3;A6B;48,75138018;2,32947546
202300021198;21;12;2023;01:09;3;91;91661;1;1;2;6;AUTOROUTE A10;48,68624;2,21258
202300021199;21;12;2023;08:45;1;92;92064;1;1;8;6;A13;48,8382291;2,19103797
202300021200;21;12;2023;08:30;1;78;78126;1;1;2;7;A13;48,837495;2,125009
202300021201;20;12;2023;08:48;5;92;92062;1;1;1;4;RN1014 W;48,89101935;2,23950963
202300021202;21;12;2023;19:30;3;95;95252;1;1;1;2;A15;48,981172;2,223851
202300021203;21;12;2023;08:50;1;95;95018;1;1;1;3;A15;48,95528809;2,27796417
202300021204;14;10;2023;15:05;1;29;29019;2;1;1;2;avenue Victor Le Gorgeu;48,399738;-4,496257
202300021205;15;10;2023;00:15;3;28;28404;2;1;1;7;RN 154;48,6964;1,37686
202300021206;13;10;2023;15:55;1;27;27681;2;2;1;3;ROUEN (AVENUE DE);49,09594;1,48244
202300021207;9;10;2023;16:45;1;25;25031;2;6;1;3;DASLE (RUE DE);47,47855;6,84892
202300021208;13;10;2023;18:50;1;23;23096;2;1;1;7;EUROPE (Rond Point de l'°;46,17993;1,87713
202300021209;14;10;2023;14:25;1;22;22215;1;1;1;2;PONT NOIR (RUE DU);48,48964;-2,8402
202300021210;14;10;2023;10:00;1;22;22278;2;1;1;1;PARIS (DE);48,50361;-2,7406
202300021211;14;10;2023;02:25;5;13;13203;2;1;1;3;PLOMBIERES (BOULEVARD DES);43,32037421;5,37688599
202300021212;14;10;2023;17:35;1;11;11069;2;1;1;6;Rue Albignac;43,22056;2,35422
202300021213;14;10;2023;04:05;3;7;7281;1;1;1;3;PUY-EN-VELAY (AVENUE DU);44,93591;4,8199
202300021214;14;10;2023;10:25;1;5;5061;2;3;1;2;JEAN JAURES ( AVENUE );44,54870342;6,06706828
202300021215;14;10;2023;13:25;1;3;3321;1;1;2;6;RD 779;46,58004;3,38651
202300021216;14;10;2023;12:20;1;75;75120;2;1;1;2;BD PERIPHERIQUE INTERIEUR;48,866942;2,41322
202300021217;13;10;2023;20:40;5;75;75119;2;1;1;4;BD PERIPHERIQUE EXTERIEUR PORTE DE LA VILLETTE;48,900623;2,387504
202300021218;13;10;2023;19:10;2;75;75119;2;1;1;4;BD PERIPHERIQUE INTERIEUR PORTE DES LILAS;48,881438;2,402473
202300021219;13;10;2023;11:30;1;75;75116;2;9;1;4;BD PERIPHERIQUE INTERIEUR PORTE DE SAINT CLOUD;48,839637;2,254165
202300021220;13;10;2023;15:55;1;75;75106;2;3;1;1;QUAI DES GRANDS AUGUSTINS;48,854607;2,342516
202300021221;14;10;2023;16:00;1;75;75120;2;3;1;3;RUE DES COURONNES;48,871799;2,389332
202300021222;14;10;2023;02:23;5;75;75120;2;1;2;3;RUE ETIENNE DOLET;48,86790651;2,38475534
202300021223;14;10;2023;14:00;1;75;75119;2;1;1;2;RUE DE L OURCQ;48,887135;2,384671
202300021224;13;10;2023;22:15;5;75;75118;2;3;1;6;RUE DU MONT CENIS;48,897799;2,347237
202300021225;14;10;2023;22:15;5;75;75116;2;3;1;3;PLACE CLEMENT ADER;48,85128;2,278359
202300021226;14;10;2023;02:34;5;75;75116;2;2;2;1;AVENUE FOCH;48,872685;2,284589
202300021227;14;10;2023;18:47;3;75;75114;2;3;2;6;RUE RAYMOND LOSSERAND;48,830947;2,312247
202300021228;14;10;2023;20:35;3;75;75112;2;3;1;3;PLACE LACHAMBEAUDIE;48,83571;2,386078
202300021229;9;10;2023;22:00;5;75;75112;2;2;1;4;AVENUE DE NOGENT;48,84211;2,449116
202300021230;14;10;2023;11:50;1;75;75108;2;1;1;3;AVENUE WINSTON CHURCHILL;48,865499;2,313846
202300021231;14;10;2023;00:45;5;75;75108;2;3;1;6;AVENUE DE MARIGNY;48,86775719;2,31395817
202300021232;14;10;2023;21:40;5;94;94033;2;1;8;6;Avenue Victor Hugo;48,859126;2,47648
202300021233;14;10;2023;15:32;1;94;94054;2;3;2;3;19 Avenue Marcel Cachin;48,74859;2,41214
202300021234;14;10;2023;15:05;1;94;94017;2;1;1;7;Avenue Marx Dormoy;48,81094553;2,51976264
202300021235;14;10;2023;09:15;1;93;93039;2;1;1;6;Quai de la Marine;48,939527;2,339467
202300021236;14;10;2023;14:40;1;93;93048;2;1;1;6;Rue de la République;48,85301702;2,42167679
202300021237;13;10;2023;23:15;5;93;93029;2;2;1;6;Avenue Henri Barbusse / Rue Charles Gide;48,9166;2,44445
202300021238;14;10;2023;20:30;5;93;93005;2;3;1;3;Rue Auguste Renoir / Rue Rembrandt;48,95344;2,49132
202300021239;14;10;2023;20:10;5;92;92063;2;3;2;1;DOUMER (AVENUE PAUL) NORD;48,87942086;2,17943609
202300021240;14;10;2023;14:00;1;92;92071;2;1;2;2;GENERAL LECLERC (AVENUE DU);48,77223964;2,31237173
202300021241;14;10;2023;07:30;1;95;95445;1;1;1;2;A16;49,097472;2,293643
202300021242;14;10;2023;09:35;1;80;80136;1;1;7;5;d329;49,965328;2,717571
202300021243;15;10;2023;00:15;3;87;87178;1;1;1;6;Rd29;45,879612;1,373291
202300021244;13;10;2023;09:08;1;46;46197;1;1;7;2;d820;44,35585524;1,4576674
202300021245;14;10;2023;17:20;1;58;58102;1;1;1;1;Les Cabets;47,343388;3,103681
202300021246;12;10;2023;10:00;1;89;89122;2;4;1;6;D79;48,287923;3,545821
202300021247;14;10;2023;13:45;1;59;59229;1;6;7;2;Rue de Glageon;50,041083;4,027637
202300021248;14;10;2023;19:00;1;19;19176;1;1;1;6;D142;45,40192;2,017985
202300021249;15;10;2023;00:00;3;71;71484;1;1;1;6;1582 Route de Saint-germain-du-bois;46,694969;5,263717
202300021250;14;10;2023;20:20;3;71;71015;1;1;1;6;RD978;46,951862;4,372553
202300021251;13;10;2023;23:35;3;89;89086;2;1;1;6;15 Rue Gaston Chausson;47,920653;3,171739
202300021252;15;10;2023;10:35;1;63;63188;1;1;1;7;D229 PK 20;45,67789826;3,2785495
202300021253;15;10;2023;01:10;3;61;61507;1;4;1;2;D312;48,54312;0,565908
202300021254;15;10;2023;16:30;1;55;55013;1;1;1;5;Hameau de Lopigneux;49,425853;5,638218
202300021255;15;10;2023;09:30;1;55;55222;1;1;1;1;D908;49,178358;5,651355
202300021256;15;10;2023;00:00;3;55;55232;1;1;1;6;D903;49,096267;5,73791
202300021257;14;10;2023;06:15;3;49;49125;1;1;1;7;Rue de maury;47,202485;-0,399542
202300021258;13;10;2023;00:00;3;47;47248;1;1;1;2;Route de Toulouse;44,15905097;0,72293096
202300021259;8;10;2023;14:50;1;22;22294;1;1;1;6;D767;48,365951;-3,08086
202300021260;14;10;2023;10:45;1;29;29160;2;3;1;3;Rue de Penhoat;48,456399;-4,455326
202300021261;14;10;2023;18:00;1;2;2810;1;4;1;3;N/A;49,26613238;3,12880457
202300021262;14;10;2023;20:00;3;2;2140;2;1;1;6;57 Route de Noyon;49,523519;3,142793
202300021263;14;10;2023;16:30;1;3;3319;2;1;1;7;Place du Bourg;46,328528;3,061602
202300021264;15;10;2023;07:30;2;26;26113;1;1;1;6;Route de Valence;44,767524;5,319518
202300021265;11;10;2023;09:25;1;72;72208;1;1;1;3;D36;48,106557;0,790436
202300021266;15;10;2023;10:00;1;14;14542;2;3;1;6;1 Chemin de la Messe;49,22526;-0,459822
202300021267;14;10;2023;20:30;5;64;64448;2;3;1;3;Rue Principale;43,353456;-0,469537
202300021268;15;10;2023;15:55;1;43;43218;1;1;1;6;RD 28;45,064428;4,063654
202300021269;14;10;2023;01:40;3;10;10355;1;1;6;7;D951;48,5074574;3,47689645
202300021270;15;10;2023;16:15;1;24;24301;1;2;1;6;D60;45,052908;1,380973
202300021271;15;10;2023;11:00;1;37;37205;2;1;1;1;2 Rue Frapesle;47,2478824;0,54732084
202300021272;15;10;2023;14:30;1;24;24084;1;1;1;2;D53;44,79627;1,042825
202300021273;11;10;2023;18:20;1;67;67309;2;2;7;1;Rue de l'industrie;48,634327;7,715911
202300021274;14;10;2023;12:09;1;35;35210;1;6;1;3;Rue de la Planche Fagline;48,147892;-1,755592
202300021275;14;10;2023;13:50;1;69;69244;2;2;1;3;Avenue Général Eisenhower;45,756651;4,782116
202300021276;14;10;2023;20:45;5;6;6088;1;1;1;5;A8 pk 186.200 chaussée nord;43,673222;7,199489
202300021277;15;10;2023;16:45;1;34;34270;1;9;1;6;A709, voie d' insertion A709, sortie 32;43,565381;3,838434
202300021278;14;10;2023;05:32;3;11;11322;1;1;1;5;Autoroute A9, PK 209.000, sens ESPAGNE / FRANCE;43,036384;2,952511
202300021279;15;10;2023;11:30;1;988;98803;1;1;1;6;RT3;-21,449374;165,481353
202300021280;14;10;2023;10:45;1;44;44020;1;1;1;2;Route de Pornic;47,168958;-1,650395
202300021281;15;10;2023;14:45;1;30;30130;2;1;1;7;Génolhac;44,336457;3,958855
202300021282;14;10;2023;15:50;1;83;83068;1;3;1;3;rd 558;43,28833864;6,49772584
202300021283;14;10;2023;18:00;1;4;4152;2;1;1;6;Avenue de la Couosto;43,814913;5,745887
202300021284;15;10;2023;07:00;4;89;89085;2;1;8;6;13 Route de Lyon;47,941014;3,492641
202300021285;15;10;2023;04:00;3;42;42094;2;1;1;6;Route Bleue;45,748057;4,221931
202300021286;14;10;2023;13:00;1;69;69242;2;2;1;3;Route Sainte Geneviève;46,132081;4,758582
202300021287;15;10;2023;09:00;1;69;69020;1;6;1;1;Route Buissonnière;45,85902;4,669581
202300021288;11;10;2023;12:42;1;31;31324;2;7;1;2;Avenue des Pyrénées;43,196076;1,001692
202300021289;15;10;2023;03:45;3;49;49023;1;3;1;3;La Forêt (Gesté);47,20169;-1,123009
202300021290;13;10;2023;07:40;1;13;13117;1;1;1;2;A7-Sens Lyon vers Marseille;43,45417014;5,23712977
202300021291;13;10;2023;08:00;1;83;83137;1;1;1;3;A50;43,12632163;5,90983057
202300021292;14;10;2023;10:45;1;91;91161;1;1;1;4;AUTOROUTE A6;48,69567;2,31808
202300021293;14;10;2023;12:10;1;91;91216;1;1;1;3;AUTOROUTE A6;48,683846;2,328477
202300021294;13;10;2023;19:45;3;91;91174;1;1;1;3;RN 104;48,61647;2,45566
202300021295;14;10;2023;08:40;1;92;92047;1;1;1;4;A13;48,83598254;2,18217218
202300021296;14;10;2023;02:40;4;92;92048;1;1;6;7;N118;48,7911923;2,2202633
202300021297;13;10;2023;21:30;3;78;78646;1;1;1;2;RN12;48,789171;2,129723
202300021298;14;10;2023;17:00;1;95;95582;1;1;1;3;A15;48,96359;2,26399
202300021299;14;10;2023;16:52;1;93;93008;1;1;1;4;AUTOROUTE A86;48,90892746;2,44905923
202300021300;14;10;2023;05:30;5;93;93066;1;1;1;6;AUTOROUTE A1;48,90785;2,3584
202300021301;14;10;2023;03:20;3;95;95682;1;1;2;2;N104;49,06814;2,39187
202300021302;13;10;2023;23:30;3;95;95212;1;9;6;7;A1;49,03336637;2,54209042
202300021303;13;10;2023;08:20;1;95;95488;1;1;1;3;A15;49,018009;2,14144
202300021304;14;10;2023;18:00;1;77;77083;1;1;1;6;A4.W;48,83345767;2,59320237
202300021305;14;10;2023;16:00;1;94;94079;1;1;1;5;A4;48,83284555;2,53382868
202300021306;14;10;2023;05:55;3;93;93051;1;1;1;2;A4;48,83507994;2,57743834
202300021307;14;10;2023;05:10;3;94;94015;1;1;2;6;A4;48,82934939;2,52849537
202300021308;13;10;2023;08:55;1;94;94004;1;1;1;3;N19;48,75008681;2,51503631
202300021309;13;10;2023;07:30;2;94;94022;1;1;1;5;A86;48,7756511;2,41314483
202300021310;12;10;2023;16:10;1;974;97416;1;9;1;1;RN2 (2);-21,35233;55,5083
202300021311;13;10;2023;12:20;1;974;97411;2;1;2;3;YLANG-YLANG (CHEMIN DE L');-20,9116;55,4804
202300021312;11;10;2023;12:40;1;974;97411;2;1;1;2;CHAUDRON (BLD 2 DU);-20,89264;55,49156
202300021313;13;10;2023;08:49;1;973;97302;2;1;1;3;BADUEL (ROUTE DE);4,93651;-52,31434
202300021314;12;10;2023;20:45;5;973;97302;2;3;1;1;MADELEINE (ROUTE DE LA);4,90973627;-52,32153207
202300021315;13;10;2023;12:05;1;69;69386;2;1;1;6;30 Avenue Verguin;45,77279;4,85811
202300021316;13;10;2023;12:05;1;69;69388;2;1;1;2;Boulevard des Etats-Unis;45,72836;4,86825
202300021317;13;10;2023;06:50;1;972;97213;2;1;2;4;ROUTE DEPARTEMENTALE 3;14,63894;-60,99176
202300021318;13;10;2023;10:50;1;69;69389;2;1;1;6;Place Abbé Pierre;45,78646;4,79546
202300021319;13;10;2023;08:10;1;69;69152;2;2;1;3;Rue Jules Guesde;45,69765;4,82123
202300021320;13;10;2023;10:45;1;971;97101;1;1;1;7;RN05;16,2824917;-61,50652885
202300021321;13;10;2023;18:40;2;95;95572;2;1;1;6;CHENNEVIERES (AVENUE DE);49,034909;2,110682
202300021322;13;10;2023;20:26;5;91;91570;2;9;1;3;SAINT SAENS (RUE);48,6312;2,32857
202300021323;13;10;2023;17:30;1;91;91425;2;1;1;3;RUE DES BOURGUIGNONS;48,646782;2,274368
202300021324;13;10;2023;07:30;5;91;91692;2;3;8;3;TROPIQUES (AVENUE DES);48,6844;2,1996
202300021325;10;10;2023;08:15;1;89;89387;2;1;1;6;VERDUN (BOULEVARD DE);48,19698;3,29718
202300021326;10;10;2023;12:26;1;87;87085;2;2;1;5;ISLE (RUE D');45,82471;1,23458
202300021327;14;10;2023;01:01;5;86;86194;2;2;1;1;Avenue john kennedy;46,589445;0,359995
202300021328;13;10;2023;17:03;1;86;86194;1;9;1;4;Route de Bonnes;46,584451;0,392447
202300021329;13;10;2023;11:07;1;84;84035;2;1;1;2;LIBERATION (AVENUE DE LA);43,84887;5,03848
202300021330;13;10;2023;14:50;1;84;84031;2;1;1;6;MOULIN AVENUE JEAN;44,05707;5,05852
202300021331;12;10;2023;13:46;1;84;84007;2;1;1;7;GARE (Avenue de la);43,92803;4,78535
202300021332;13;10;2023;14:20;1;78;78502;2;1;1;6;VERSAILLES (ROUTE DE);48,875901;2,104134
202300021333;13;10;2023;14:30;1;78;78172;2;2;1;3;LE GUEN (RUE PIERRE);49,006722;2,12104
202300021334;13;10;2023;22:45;5;77;77407;2;2;1;3;D607;48,52919;2,54666
202300021335;11;10;2023;10:40;1;77;77269;1;1;1;6;D.215;48,56845;2,71652
202300021336;9;10;2023;06:40;5;77;77445;2;1;1;6;HAIE (AVENUE DE LA);48,57856;2,59475
202300021337;13;10;2023;13:25;1;77;77186;1;2;1;2;RD152 de l'obélisque à panneau ONF;48,37286;2,64353
202300021338;13;10;2023;13:30;1;76;76451;2;3;1;3;Avenue du Mont aux Malades;49,46602;1,07109
202300021339;13;10;2023;19:07;1;72;72181;2;1;6;6;GENESLAY FELIX (AV) N° IMP 385 ET plus;47,97003;0,20452
202300021340;4;7;2023;11:40;1;63;63278;1;2;1;3;D20/D211;45,931147;3,171723
202300021341;13;10;2023;11:30;1;72;72181;2;9;1;3;PETITE-VITESSE (BD DE LA);47,99275;0,19828
202300021342;11;10;2023;21:30;5;72;72181;2;9;1;3;DEMORIEUX ENTRE PT CHEM DE FER ET HUISNE;47,99826;0,18876
202300021343;4;7;2023;15:50;1;1;1157;1;2;1;5;;46,031867;4,755709
202300021344;13;10;2023;20:15;5;71;71306;2;1;1;2;ALOUETTES (AVENUE DES);46,68;4,35
202300021345;3;7;2023;14:50;1;64;64410;2;6;1;7;D9;43,367926;-0,627186
202300021346;12;10;2023;09:00;1;71;71270;2;1;1;3;Rue de Flacé;46,31445;4,82668
202300021347;4;7;2023;15:45;1;1;1419;1;4;7;1;Rue de la Gare;46,228797;5,989013
202300021348;13;10;2023;17:20;1;69;69264;2;1;1;6;406 Rue Ernest Renan;45,99337409;4,70718752
202300021349;13;10;2023;19:00;1;69;69029;2;1;1;2;Route de Genas;45,75232376;4,90070395
202300021350;4;7;2023;09:00;1;34;34123;1;1;1;4;RN109;43,611619;3,801591
202300021351;13;10;2023;17:10;1;69;69290;2;6;6;3;Rue de l'Aviation;45,72000726;4,93245865
202300021352;2;7;2023;16:30;1;38;38208;1;1;1;6;D34;44,850666;5,692227
202300021353;13;10;2023;11:00;1;69;69290;2;3;1;3;Avenue Jean Jaurès;45,69728;4,93413
202300021354;3;7;2023;23:45;5;30;30202;2;2;1;3;Avenue Général de Gaulle;44,249726;4,645929
202300021355;12;10;2023;11:45;1;69;69259;2;8;1;6;Boulevard Ambroise Croizat;45,70067;4,88755
202300021356;2;7;2023;00:20;3;50;50624;1;1;1;6;Route de Gratot;49,075602;-1,47581
202300021357;13;10;2023;23:22;5;68;68224;2;2;1;3;LAVOISIER (RUE);47,75009;7,32748
202300021358;4;7;2023;02:56;3;83;83140;1;1;1;7;route nationale 7;43,411969;5,908885
202300021359;13;10;2023;17:30;1;67;67482;2;9;1;1;LA WANTZENAU (ROUTE DE);48,6193;7,79292
202300021360;4;7;2023;04:18;2;77;77530;1;1;1;7;D403;48,607383;3,378457
202300021361;3;7;2023;17:00;1;76;76602;1;1;1;1;Route d?Amiens;49,67454;1,10207
202300021362;13;10;2023;06:25;5;67;67447;2;3;1;1;BISCHWILLER (ROUTE DE);48,60642;7,74885
202300021363;3;7;2023;19:10;1;2A;2A271;2;3;1;3;T22;41,959835;8,806285
202300021364;11;10;2023;16:45;1;66;66136;2;1;1;3;N/A;42,69466;2,88917
202300021365;3;7;2023;19:15;1;2B;2B046;1;1;1;7;D80;42,863194;9,481308
202300021366;13;10;2023;01:31;5;65;65440;2;1;1;6;Rue de Gonnès;43,22936;0,07526