Num_Acc;jour;mois;an;hrmn;lum;dep;com;agg;int;atm;col;adr;lat;long
202300021367;4;7;2023;16:00;1;63;63321;1;1;1;1;D14;45,604798;3,314041
202300021368;12;10;2023;16:45;1;64;64189;2;1;1;6;LECLERC MARECHA (AVENUE);43,37725;-1,66815
202300021369;13;10;2023;19:20;5;64;64041;2;9;1;7;MATACHOT;43,2804182;-0,33012897
202300021370;4;7;2023;12:25;1;63;63178;2;1;1;3;Chemin des Vigieres;45,55067199;3,26939017
202300021371;2;7;2023;14:45;1;46;46265;1;1;1;7;D803;44,950179;1,658818
202300021372;13;10;2023;12:18;1;64;64445;2;1;1;2;CATHERINE DE BOURBON;43,32461;-0,35732
202300021373;4;7;2023;08:45;1;41;41159;2;3;1;1;Rue du 11 Novembre;47,536522;1,800631
202300021374;13;10;2023;16:40;1;64;64102;2;1;1;3;SOULT (AVENUE MARECHAL);43,48354;-1,50098
202300021375;10;10;2023;14:45;1;64;64102;2;1;1;3;LOUIS DE FOIX (AVENUE);43,5079;-1,46742
202300021376;18;6;2023;17:45;1;86;86053;1;2;1;3;D24;46,731441;0,115129
202300021377;18;6;2023;06:59;2;86;86244;1;1;1;7;D29;46,357984;0,047153
202300021378;2;7;2023;15:20;1;68;68182;1;1;1;6;Rue de Benken;47,498931;7,497064
202300021379;13;10;2023;23:37;5;63;63075;2;3;1;3;Montjoly / Bergson;45,7746;3,0696
202300021380;13;10;2023;18:15;1;61;61001;2;1;1;6;D112;48,4387;0,08391
202300021381;4;7;2023;08:40;1;22;22046;1;1;2;6;La Croix Huet;48,292588;-2,498338
202300021382;26;6;2023;07:15;1;25;25321;1;3;1;1;Ronde Sommette;47,047351;6,698592
202300021383;12;10;2023;18:10;1;60;60325;1;1;1;3;Place Jacques Tati;49,40311;2,77797
202300021384;13;10;2023;07:40;2;57;57672;1;1;1;6;CLEMENCEAU (AVENUE) 33+ ET 74+;49,36234;6,16351
202300021385;3;7;2023;12:50;1;35;35263;1;2;1;3;Rue de Saint Vincent;48,674176;-1,941914
202300021386;13;10;2023;11:15;1;54;54395;2;3;1;6;Rue des Quatre Églises;48,68739194;6,18357405
202300021387;13;10;2023;06:30;5;54;54580;2;1;2;6;RUE DE VERDUN;49,465013;5,933382
202300021388;1;7;2023;12:24;1;29;29167;1;1;1;1;Penfrat Huella;47,961627;-4,320073
202300021389;2;7;2023;10:00;1;38;38480;1;1;1;6;D38;45,550881;5,006366
202300021390;10;10;2023;08:30;1;51;51108;2;2;1;3;METZ (AVE DE);48,95916;4,38358
202300021391;13;10;2023;09:51;1;50;50218;2;1;1;1;MARGUERITE DE NAVARRE (RUE);48,83578;-1,55463
202300021392;2;7;2023;19:00;1;2;2569;1;1;1;1;;50,022566;3,673925
202300021393;4;7;2023;09:30;1;2;2173;2;1;1;6;1 Rue de la Paix;49,616223;3,219278
202300021394;12;10;2023;12:25;1;49;49007;2;2;1;3;DROITS DE L'HOMME;47,47856;-0,54912
202300021395;3;7;2023;21:55;2;3;3203;1;1;1;7;"Lieu-dit ""Rosières""";46,66225;3,636775
202300021396;13;10;2023;18:10;1;45;45234;2;1;8;6;85 Rue du Faubourg Saint-Jean;47,90768;1,88679
202300021397;22;6;2023;18:26;1;72;72172;1;9;1;3;D52;48,063829;0,563084
202300021398;13;10;2023;23:22;5;45;45208;2;2;6;3;26 Avenue Gaillardin;47,99423;2,73026
202300021399;4;7;2023;13:20;1;6;6059;1;1;1;3;Moyenne Corniche;43,72144;7,343929
202300021400;9;10;2023;11:20;1;42;42207;2;1;1;6;Rue de la Brosse;45,47597;4,51863
202300021401;3;7;2023;17:45;1;83;83032;2;1;1;2;Route départementale 562;43,474454;6,176419
202300021402;13;10;2023;09:55;1;41;41269;2;1;1;3;KENNEDY (BOULEVARD DU PRESIDENT);47,80023;1,0575
202300021403;21;6;2023;11:10;1;45;45269;1;4;1;2;D2152 PR 72 + 932;47,854225;1,744562
202300021404;12;10;2023;22:40;3;41;41212;1;1;1;2;RD 956;47,552;1,3863
202300021405;2;7;2023;15:00;1;18;18197;2;1;1;3;25 Avenue du Général de Gaulle;46,728172;2,498746
202300021406;13;10;2023;18:15;1;37;37261;2;1;1;3;RASPAIL (RUE);47,38012;0,70146
202300021407;10;10;2023;12:55;1;37;37195;1;1;1;6;RD 88;47,38979;0,64793
202300021408;30;6;2023;11:10;1;36;36022;1;4;1;3;;46,61553857;1,68477289
202300021409;14;10;2023;23:30;3;35;35278;2;1;1;6;ETANG DU DIABLE (RUE DE L');48,13809602;-1,68555915
202300021410;30;6;2023;17:15;1;85;85039;1;1;1;3;RD 755;47,005739;-1,181727
202300021411;3;7;2023;11:45;1;27;27243;1;1;1;3;D180;49,398693;0,310589
202300021412;13;10;2023;17:00;1;35;35238;2;2;1;5;POMPIDOU ( BD GEORGES);48,09822936;-1,68838084
202300021413;13;10;2023;22:50;5;34;34172;2;1;1;3;DEZEUZE (RUE FRANCOIS);43,60875;3,84194
202300021414;3;7;2023;19:35;1;17;17482;1;2;1;3;D208;46,1413;-0,805564
202300021415;13;10;2023;18:48;2;33;33162;2;1;1;4;RUE DU 19 MARS 1962;44,87122;-0,64827
202300021416;3;7;2023;18:30;1;17;17093;1;1;1;1;D26e2;45,871728;-1,226993
202300021417;13;10;2023;10:48;1;33;33318;2;3;1;3;Avenue des Provinces;44,78887;-0,68265
202300021418;4;7;2023;12:15;1;37;37172;1;1;1;1;Avenue Gustave Eiffel;47,44100706;0,6997776
202300021419;12;10;2023;18:25;1;33;33119;2;6;1;2;Avenue René Cassagne;44,85841;-0,51532
202300021420;4;7;2023;08:40;1;30;30133;2;4;1;1;piste cyclable canal du rhone à sete;43,540476;4,143037
202300021421;22;4;2023;16:18;1;13;13007;1;1;1;1;D2;43,322774;5,666671
202300021422;13;10;2023;15:10;1;33;33529;1;1;1;1;D259;44,60359;-1,17012
202300021423;22;4;2023;11:15;1;13;13097;2;1;1;6;Rue des Bergers;43,633761;4,801787
202300021424;3;7;2023;15:30;1;88;88030;1;1;1;6;Rue du docteur Liegois;48,202367;6,145493
202300021425;21;4;2023;23:45;3;67;67125;1;1;1;7;D203;48,347565;7,441821
202300021426;3;7;2023;14:55;1;49;49092;1;1;1;3;route du beaupréau;47,211308;-0,747719
202300021427;8;10;2023;20:40;5;30;30189;2;2;1;6;Boulevard des Arènes;43,83385;4,36002
202300021428;22;4;2023;16:35;1;67;67335;1;1;1;7;Rue de l'Emetteur;48,639715;7,492504
202300021429;4;7;2023;09:05;1;974;97415;1;1;1;6;d3;-21,07942;55,309194
202300021430;13;10;2023;12:45;1;29;29232;2;2;1;3;Rue Henri de Bournazel;48,00131;-4,10631
202300021431;30;6;2023;13:40;1;24;24207;1;1;1;2;Route de la Valade;44,799439;1,276329
202300021432;22;4;2023;01:30;3;57;57631;1;1;1;6;N61;49,093576;7,039211
202300021433;13;10;2023;15:15;1;29;29019;2;1;1;6;place de Strasbourg;48,402029;-4,46752
202300021434;2;7;2023;23:44;3;21;21423;1;1;1;6;Autoroute A6;46,99021122;4,85364109
202300021435;4;7;2023;05:15;2;971;97103;1;1;1;6;RN 2 FACE A DESTRELAND;16,250826;-61,590579
202300021436;23;4;2023;15:40;1;73;73123;1;1;1;3;D909 - Route du col des aravis;45,859121;6,496997
202300021437;12;10;2023;09:15;1;27;27229;2;3;2;3;ALLENDE (BOULEVARD DU PRESIDENT);49,003402;1,14806
202300021438;2;7;2023;04:30;5;987;98733;1;1;1;3;pk 21.900 RT1 Entrée Vallée de Orofero;-17,696;-149,548
202300021439;1;7;2023;22:45;5;971;97106;2;1;3;6;N2, section monchy;16,09398;-61,769085
202300021440;13;10;2023;11:00;1;21;21166;2;2;7;6;GAY LUSSAC (RUE);47,291083;5,020192
202300021441;4;7;2023;09:45;1;2B;2B239;1;1;1;7;RD38;42,6608009;9,366311
202300021442;22;4;2023;13:10;1;9;9306;2;1;2;6;RN 20 face à la brasserie le ST ROCH;42,843834;1,601939
202300021443;12;10;2023;16:40;1;21;21231;2;1;1;6;ARISTIDE BRIAND (AVENUE);47,330262;5,048271
202300021444;3;7;2023;19:20;1;84;84054;1;1;1;1;1805 Chemin des Dames Roses;43,881263;5,060677
202300021445;13;10;2023;20:43;5;17;17306;2;6;2;7;D25;45,63954;-1,02505
202300021446;22;4;2023;18:20;1;47;47094;1;1;1;3;D813;44,4449436;0,24422299
202300021447;12;6;2023;16:50;1;13;13081;1;1;1;3;N Rd 113;43,503546;5,210094
202300021448;22;4;2023;16:00;1;35;35072;1;2;1;6;intersection RD 178 - RD 24;48,21872;-1,169499
202300021449;13;10;2023;10:44;1;15;15014;2;6;1;3;RD 120;44,92232;2,42787
202300021450;3;7;2023;17:40;1;57;57039;2;2;1;3;Rue du Lieutenant Yves Le Saux;49,072137;6,120018
202300021451;13;10;2023;10:44;1;15;15012;2;7;1;3;RD 320;44,90088;2,45917
202300021452;22;4;2023;23:50;3;62;62318;2;2;2;3;D148;50,518209;1,651554
202300021453;4;7;2023;17:35;5;73;73006;1;1;1;1;N90 - Tunnel du Siaix;45,526525;6,577742
202300021454;11;10;2023;11:50;1;15;15014;2;1;1;7;BRIAND (AVENUE ARISTIDE);44,91915;2,44517
202300021455;22;4;2023;19:30;1;62;62235;2;1;1;3;D52;50,676239;1,637478
202300021456;4;7;2023;12:30;1;42;42005;2;3;1;3;Avenue de Montbrison;45,529719;4,253061
202300021457;4;7;2023;12:00;1;38;38247;2;2;1;1;47 Route de Lyon;45,81744;5,398863
202300021458;21;4;2023;23:30;3;13;13071;1;1;1;5;A7-Sens Marseille vers Lyon;43,41269032;5,2816386
202300021459;22;4;2023;22:10;5;33;33249;1;1;1;6;ROUTE NATIONALE 230;44,870673;-0,505344
202300021460;4;7;2023;17:31;1;38;38317;1;1;1;3;RN85;45,123891;5,693799
202300021461;13;10;2023;16:30;1;13;13203;2;1;1;2;LOUBON (RUE);43,31269566;5,38223337
202300021462;22;4;2023;18:15;1;91;91086;1;1;1;7;RN 104;48,624035;2,37459
202300021463;3;7;2023;17:50;1;69;69220;1;1;1;6;2381 Route de Souzy;45,721192;4,450525
202300021464;27;6;2023;17:00;1;33;33243;2;6;1;3;Place Jean Moulin;44,918836;-0,242162
202300021465;22;4;2023;09:00;1;91;91553;1;1;2;6;RN 104;48,63144;2,49509
202300021466;21;4;2023;21:17;3;94;94021;1;1;1;7;A6A;48,769387;2,34486209
202300021467;2;7;2023;20:50;1;14;14384;2;1;1;6;1 Avenue du Maréchal Foch;49,316391;-0,356922
202300021468;4;7;2023;17:30;1;76;76401;1;1;1;6;Route du Fayel;49,4963;0,72061
202300021469;21;4;2023;19:00;1;91;91521;1;1;1;4;AUTOROUTE A6;48,64262;2,39194
202300021470;3;7;2023;16:25;1;60;60157;2;3;1;3;Rue du Chemin Blanc;49,373537;2,416177
202300021471;22;4;2023;15:00;1;95;95212;1;1;1;2;A1;49,02835153;2,53798332
202300021472;22;4;2023;11:00;1;93;93066;1;1;2;2;AUTOROUTE A86;48,92247728;2,35626225
202300021473;3;7;2023;17:17;1;13;13212;1;1;1;2;A507 sens Marseille - Aubagne;43,2913;5,42437
202300021474;22;4;2023;07:00;1;95;95256;1;1;2;6;A115;49,04675736;2,18432665
202300021475;2;7;2023;23:10;3;13;13001;1;1;1;2;A51-Sens Aix en Provence vers Marseille;43,48379;5,40795
202300021476;21;4;2023;21:00;3;93;93005;1;1;1;6;AUTOROUTE A3;48,94503017;2,47686505
202300021477;1;7;2023;03:31;3;59;59544;1;1;1;6;AUTOROUTE A2;50,3653;3,59469
202300021478;7;1;2023;16:56;1;36;36044;2;1;1;7;avenue jacques chirac;46,81514;1,68482
202300021479;30;6;2023;17:05;1;59;59383;1;1;1;6;AUTOROUTE A2;50,33925;3,53282
202300021480;20;4;2023;08:25;1;974;97416;1;1;1;7;RN3 (ANCIENNE ROUTE);-21,30497;55,49812
202300021481;30;6;2023;05:40;2;62;62771;1;1;1;7;A21;50,43197;2,85597
202300021482;3;7;2023;16:30;1;91;91553;1;1;1;2;RN 104;48,628;2,482
202300021483;20;4;2023;18:50;4;974;97411;2;3;2;3;CHAUDRON  (BLD 1 DU);-20,9031;55,48628
202300021484;21;4;2023;10:30;3;973;97309;2;1;1;6;TROUBIRAN (CHEMIN DE);4,91915;-52,30486
202300021485;29;6;2023;20:20;2;95;95277;1;1;1;2;A3;48,97474071;2,48863265
202300021486;2;7;2023;05:00;3;95;95580;1;1;1;1;A1;49,08815;2,55096
202300021487;20;4;2023;17:20;1;973;97302;1;3;1;7;ROUTE NATIONALE 3;4,90380216;-52,31667137
202300021488;1;7;2023;19:30;1;93;93066;1;1;1;3;AUTOROUTE A1;48,90477;2,35847
202300021489;20;4;2023;16:30;1;69;69389;1;2;1;3;Quai Raoul Carrié;45,8018;4,8385
202300021490;3;7;2023;11:50;1;94;94065;1;1;1;5;N186;48,753896;2,353524
202300021491;19;4;2023;10:15;1;69;69382;2;3;1;1;11 Quai Rambaud;45,74861;4,82
202300021492;3;7;2023;02:40;3;94;94018;1;1;1;3;A4;48,82545834;2,39268336
202300021493;1;7;2023;02:00;3;94;94028;1;1;2;2;A86;48,77630937;2,43517187
202300021494;19;4;2023;09:25;1;69;69384;2;2;1;6;6 Rue Villeneuve;45,77493;4,82876
202300021495;20;4;2023;20:05;1;2B;2B033;2;1;1;7;TOUTES RUES;42,70077;9,43965
202300021496;5;3;2023;14:55;1;14;14252;1;1;1;2;N158;48,995678;-0,255089
202300021497;1;1;2023;09:50;1;972;97232;1;1;1;1;Ravine Plate;14,563512;-60,856522
202300021498;19;4;2023;14:45;1;971;97113;2;1;1;3;SECTION MARE-GAILLARD;16,21377;-61,43929
202300021499;29;4;2023;17:35;1;43;43268;2;1;1;7;Chemin de la Galoche;45,147624;4,122402
202300021500;21;4;2023;00:30;5;95;95280;2;2;1;6;HOCHE (AVENUE);49,02831568;2,46591568
202300021501;28;4;2023;09:45;1;43;43111;1;1;1;5;RN88 ;44,863911;3,84824
202300021502;20;4;2023;06:30;2;91;91477;1;3;1;3;SACLAY (ROUTE DE);48,71988;2,22504
202300021503;27;4;2023;15:05;1;43;43051;2;1;1;6;Côte de Molle;45,060048;4,313754
202300021504;19;4;2023;16:25;1;91;91201;2;1;1;7;RUE PIERRE BROSSOLETTE;48,68634;2,42156
202300021505;14;4;2023;16:15;1;43;43137;1;1;1;3;Les Bruyères de Gournier;45,291796;4,14662
202300021506;9;4;2023;04:45;5;43;43020;2;1;1;6;3 Route de Monistrol;45,296426;4,120412
202300021507;19;4;2023;16:45;1;91;91027;2;1;1;6;AV DU 18 AVRIL;48,69838;2,38203
202300021508;2;7;2023;06:35;2;976;97611;2;1;2;1;Route Départementale 3;-12,79152;45,18147
202300021509;19;4;2023;16:27;1;91;91223;2;1;1;1;REPUBLIQUE (RUE DE LA);48,43267;2,16837
202300021510;2;7;2023;12:50;1;974;97411;2;9;1;3;RAMBAUD (LEOPOLD);-20,88571;55,47277
202300021511;18;4;2023;16:35;1;90;90010;2;1;1;6;DESCHARRIERES (RUE DE L'ABBE);47,6456;6,85456
202300021512;2;7;2023;10:30;1;974;97411;2;1;1;6;BEARN (RUE DU);-20,90355;55,49013
202300021513;19;4;2023;17:07;1;87;87050;2;3;1;2;GARDE (RUE DE LA);45,88043;1,22448
202300021514;1;7;2023;22:05;5;973;97302;2;1;1;3;CABASSOU (ROUTE DE);4,91999;-52,31957
202300021515;19;4;2023;11:00;1;86;86194;2;1;1;6;Rue des Carmelites;46,58585;0,339782
202300021516;28;1;2023;15:39;1;86;86066;2;1;1;6;Avenue Camille Pagé;46,80719;0,52952
202300021517;2;7;2023;06:45;1;69;69388;2;3;1;3;Avenue des Frères Lumière;45,74332;4,87424
202300021518;20;4;2023;01:30;4;84;84007;2;1;1;6;C.De GAULLE (Rocade);43,93554;4,83201
202300021519;2;7;2023;20:20;3;972;97213;1;9;1;6;Z I LA LEZARDE;14,6104;-61,00694
202300021520;2;7;2023;15:45;1;972;97209;1;1;1;6;FLEURI NOEL (RUE DU);14,62584;-61,05169
202300021521;20;4;2023;13:13;1;78;78586;2;3;1;6;BERTEAUX (MAURICE) N°15 A 125;48,94025;2,16704
202300021522;2;7;2023;14:50;1;972;97209;1;1;1;7;PLAINE (AVENUE DE LA PLAINE);14,61736;-61,0486
202300021523;20;4;2023;15:20;1;78;78551;2;1;1;6;SAINT LEGER;48,89524;2,08071
202300021524;1;7;2023;19:00;5;971;97113;1;1;1;6;SECTION LEROUX;16,24064;-61,46698
202300021525;1;7;2023;17:20;1;2A;2A004;2;1;1;3;RECCO ABBE BOULEVARD;41,938007;8,740096
202300021526;20;4;2023;18:00;1;78;78440;2;6;1;3;AMPERE (RUE);48,996891;1,913174
202300021527;2;7;2023;22:24;3;95;95510;1;1;1;6;N14;49,05985417;2,01397419
202300021528;20;4;2023;16:00;1;78;78440;2;1;1;3;MARECHAL FOCH (AVENUE DU);48,997295;1,908843
202300021529;19;4;2023;11:33;1;78;78609;1;4;1;3;CD 28;49,01582;1,91042
202300021530;1;7;2023;10:29;1;91;91689;2;1;3;1;CHE DE FRESNES;48,742702;2,331009
202300021531;20;4;2023;07:10;1;78;78005;1;4;1;3;RD 30;48,9786;2,082
202300021532;19;4;2023;11:35;1;77;77373;2;1;1;6;RUE DE LA LIBERATION;48,78058946;2,60025498
202300021533;1;7;2023;19:00;1;91;91421;2;1;1;4;NATIONALE 6 (PARTIE FORET);48,68436;2,48875
202300021534;19;4;2023;16:00;1;77;77390;2;1;1;3;PREMIERE AVENUE;48,78997;2,65518
202300021535;2;7;2023;16:40;1;77;77132;1;1;1;1;D344;48,8771;2,79832
202300021536;20;4;2023;12:52;1;77;77307;2;1;1;3;CH DE LA BERGAME;48,87189;2,73687
202300021537;2;7;2023;09:30;1;77;77058;2;1;1;6;Avenue Jacques Cartier;48,83473;2,7087
202300021538;20;4;2023;14:21;1;69;69266;2;3;8;6;43 Rue de la Poudrette;45,76172261;4,9200651
202300021539;1;7;2023;17:50;1;77;77124;2;3;1;7;D10;48,8621;2,72242
202300021540;20;4;2023;18:25;1;69;69029;2;1;1;6;Boulevard Pinel;45,73021;4,88748
202300021541;2;7;2023;23:10;5;73;73008;2;2;1;3;D991 INNOCENT SAINT ROUTE DE;45,70883;5,89389
202300021542;2;7;2023;23:20;5;69;69275;2;1;1;1;57 Route de Vaulx;45,77915844;4,94736692
202300021543;20;4;2023;17:25;1;69;69259;2;2;1;3;Rue Gambetta;45,69644;4,8837
202300021544;2;7;2023;10:45;1;69;69286;2;1;2;3;Route de Strasbourg;45,82508;4,90396
202300021545;2;7;2023;17:45;1;64;64122;2;1;1;6;EDOUARD VII (AVENUE);43,48358;-1,55869
202300021546;20;4;2023;08:50;1;69;69290;2;9;1;5;139 Route de Toussieu;45,68688;4,98393
202300021547;1;7;2023;18:20;1;64;64122;2;6;8;7;"""KENNEDY (AVENUE DU PRESIDENT J,F)""";43,47031;-1,5552
202300021548;2;7;2023;09:50;1;63;63070;2;1;8;2;ROYAT (ROUTE DE);45,74705;3,06339
202300021549;20;4;2023;13:40;1;65;65286;2;1;1;6;10 Avenue du Marechal Foch;43,09238;-0,04622
202300021550;30;6;2023;15:38;1;62;62051;2;6;1;6;D 941;50,52072;2,79304
202300021551;30;6;2023;22:57;5;51;51230;2;1;1;1;MENDES FRANCE (PLACE PIERRE);49,04547;3,9587
202300021552;19;4;2023;13:50;1;64;64102;2;1;1;2;ALLEES MARINES (AVENUE DES);43,50029;-1,49119
202300021553;2;7;2023;11:05;1;38;38053;2;3;1;3;TIXIER (AVENUE);45,58857;5,28779
202300021554;18;4;2023;22:10;2;63;63113;2;2;1;3;Lafayette / Sablon;45,77357;3,09
202300021555;2;7;2023;12:00;1;37;37261;2;2;1;3;MALRAUX (QUAI ANDRE);47,39753;0,69946
202300021556;20;4;2023;22:15;5;61;61001;2;2;9;3;Rue du Château;48,42813;0,0855
202300021557;1;7;2023;15:50;1;35;35278;1;1;1;2;PORTE DE MAUREPAS;48,14083;-1,68911
202300021558;20;4;2023;19:15;1;57;57480;2;3;8;3;SAINT ANDRE (RUE );49,09393;6,16807
202300021559;1;7;2023;08:35;1;35;35115;2;6;2;3;JAURES (BD JEAN);48,35341031;-1,20088667
202300021560;20;4;2023;17:30;1;56;56260;2;2;1;3;Boulevard du General Monsabert;47,66206;-2,78132
202300021561;1;7;2023;18:00;1;34;34003;2;1;1;6;BAGNAS (CAMP NATURISTE;43,29702;3,517852
202300021562;20;4;2023;18:20;2;54;54382;2;1;1;1;JEAN-BAPTISTE BLONDEAU (RUE);49,5441;5,78243
202300021563;2;7;2023;01:25;3;33;33249;2;6;2;1;Avenue du Président J.F. Kennedy;44,86572;-0,51384
202300021564;20;4;2023;19:20;1;49;49099;2;1;1;1;MONNET (RUE JEAN);47,0465;-0,88892
202300021565;2;7;2023;12:12;1;19;19275;2;1;1;6;Rue Pierre Semard;45,55649945;2,31457686
202300021566;30;6;2023;16:00;1;15;15014;2;2;1;3;N 122;44,91224;2,43681
202300021567;20;4;2023;23:47;3;47;47031;1;1;1;2;JEAN JAURES (Avenue)  ;44,17623;0,65784
202300021568;2;7;2023;07:10;1;14;14118;2;1;1;6;29 Rue Basse;49,184842;-0,35727
202300021569;20;4;2023;02:25;4;45;45147;2;1;1;6;79 Rue Gustave Roland;47,92882;1,90672
202300021570;30;6;2023;12:35;1;12;12145;2;1;1;3;DE GAULLE CHARLES (AVENUE);44,11591;3,06737
202300021571;19;4;2023;17:30;1;39;39198;2;1;1;3;22 Boulevard des Frères Lumière;47,097965;5,499544
202300021572;27;6;2023;11:20;1;12;12089;2;1;1;6;DECAZES (PLACE);44,55538815;2,257213
202300021573;16;4;2023;22:25;5;34;34032;2;2;1;3;STRASBOURG (BD DE);43,34779;3,21693
202300021574;2;7;2023;09:30;1;6;6088;2;1;1;6;ARENE (AV. PAUL);43,705305;7,250904
202300021575;19;4;2023;11:45;1;33;33318;2;2;1;3;Avenue du Général Leclerc;44,7824;-0,68878
202300021576;1;7;2023;04:25;5;75;75117;2;1;1;2;PORTE DE CHAMPERRET;48,886423;2,289297
202300021577;19;4;2023;13:27;1;32;32013;2;9;1;2;SADI-CARNOT (BOULEVARD);43,6454;0,5878
202300021578;2;7;2023;08:28;1;75;75105;2;3;1;1;QUAI DE MONTEBELLO;48,851923;2,349172
202300021579;19;4;2023;07:25;1;32;32013;2;1;1;7;AMIRAL PEPHAU;43,63986;0,58811
202300021580;20;4;2023;21:00;1;29;29232;2;6;1;6;Avenue des Oiseaux;47,99209;-4,11969
202300021581;2;7;2023;17:50;1;75;75119;2;3;1;2;RUE DELESSEUX;48,888312;2,38628
202300021582;2;7;2023;12:30;1;75;75119;2;3;1;3;RUE DE BELLEVILLE;48,877192;2,406547
202300021583;20;4;2023;08:35;1;29;29232;1;1;1;4;Pont de Poulguinan;47,98330092;-4,11895037
202300021584;20;4;2023;21:40;5;29;29039;2;1;1;6;Avenue du Cabellou;47,85662211;-3,89911518
202300021585;2;7;2023;03:50;5;75;75119;2;3;1;2;AVENUE DE FLANDRE;48,89112;2,377568
202300021586;20;4;2023;15:10;1;29;29019;2;1;1;4;boulevard Léon Blum;48,40224;-4,48423
202300021587;1;7;2023;17:25;1;75;75117;2;5;1;3;AVENUE DE SAINT OUEN;48,893011;2,327454
202300021588;20;4;2023;19:40;2;28;28134;2;9;1;3;KENNEDY (AVENUE DU PRESIDENT);48,72827;1,38408
202300021589;2;7;2023;17:00;1;75;75116;2;5;1;2;BOULEVARD ANDRE MAUROIS;48,87777813;2,27937412
202300021590;2;7;2023;07:40;1;75;75116;2;3;1;3;RUE JOSEPH ET MARIE HACKIN;48,878363;2,279796
202300021591;20;4;2023;09:55;1;25;25056;2;2;1;6;CARNOT AVENUE;47,242459;6,029622
202300021592;2;7;2023;00:30;4;75;75116;2;1;1;6;ALLEE DE LONGCHAMP;48,865687;2,245546
202300021593;6;4;2023;19:15;1;22;22113;2;1;1;2;FRERES LAGADEC (RUE DES);48,727757;-3,465825
202300021594;27;6;2023;19:30;1;75;75114;2;3;1;7;AVENUE DU MAINE;48,836174;2,323471
202300021595;8;4;2023;18:35;1;19;19031;2;1;1;2;MICHELET (BOULEVARD);45,16547;1,54123
202300021596;2;7;2023;13:40;1;75;75114;2;4;1;3;AVENUE JEAN MOULIN;48,82703;2,324971
202300021597;19;4;2023;17:45;1;17;17415;2;1;7;2;SAINTONGE A10 A ROCADE OUEST AVENUE DE;45,740178;-0,656456
202300021598;2;7;2023;16:45;1;75;75112;2;4;1;2;QUAI DE LA RAPEE;48,844476;2,368136
202300021599;20;4;2023;23:30;3;16;16015;2;6;1;3;BORDEAUX (ROUTE DE N° IMPAIRS);45,643079;0,136135
202300021600;2;7;2023;05:35;2;75;75112;2;3;1;3;BOULEVARD DE LA BASTILLE;48,85149;2,369252
202300021601;2;7;2023;13:20;1;75;75109;2;3;1;6;RUE DE LA ROCHEFOUCAULD;48,878633;2,334574
202300021602;19;4;2023;17:30;1;15;15014;2;2;1;3;LECLERC (AVENUE DU GENERAL);44,90919;2,4464
202300021603;20;4;2023;15:01;1;13;13054;2;1;1;6;SAINT PIERRE (CHE );43,41196;5,20552
202300021604;2;7;2023;06:30;1;75;75109;2;3;1;2;PLACE DE CLICHY;48,883875;2,328582
202300021605;20;4;2023;17:30;1;7;7186;2;1;2;6;VIVARAIS (BLD.DU);44,71684;4,61277
202300021606;1;7;2023;22:30;5;75;75109;2;5;1;2;RUE PIERRE FONTAINE;48,882148;2,333729
202300021607;1;7;2023;20:00;1;75;75108;2;1;1;6;RUE D AMSTERDAM;48,878338;2,326973
202300021608;18;4;2023;18:00;1;6;6123;2;3;1;3;DE GAULLE GENERAL AVENUE;43,66715;7,19256
202300021609;2;7;2023;20:12;1;75;75103;2;3;1;3;BOULEVARD BEAUMARCHAIS;48,860106;2,367457
202300021610;1;7;2023;21:25;1;75;75101;2;3;1;3;BOULEVARD DE SEBASTOPOL;48,862923;2,350697
202300021611;19;4;2023;18:40;1;3;3310;2;5;1;3;GRAVES (BOULEVARD DES);46,1316;3,43187
202300021612;2;7;2023;05:15;5;94;94073;2;1;1;2;Boulevard de Stalingrad;48,770824;2,401187
202300021613;20;4;2023;15:20;1;75;75119;2;1;1;5;BD PERIPHERIQUE INTERIEUR;48,88343;2,399739
202300021614;1;7;2023;16:15;1;94;94075;2;1;1;6;Route de la Grange;48,734209;2,519676
202300021615;1;7;2023;22:15;5;93;93078;2;1;1;3;110 Boulevard Robert Ballanger;48,95674;2,54277
202300021616;20;4;2023;14:30;1;75;75119;2;4;1;2;PORTE D AUBERVILLIERS;48,900359;2,376642
202300021617;2;7;2023;13:35;1;93;93027;2;1;1;6;Avenue Jean Mermoz;48,93246689;2,40825648
202300021618;20;4;2023;03:55;5;75;75109;2;2;1;6;RUE BLANCHE;48,877786;2,331898
202300021619;2;7;2023;12:20;1;92;92012;2;1;1;7;PONT DE SEVRES (ROND POINT DU);48,82867183;2,23006904
202300021620;2;7;2023;08:15;1;17;17094;2;1;1;7;Avenue de la Falaise;46,059195;-1,089149
202300021621;21;4;2023;10:32;1;75;75120;2;1;8;7;BOULEVARD DE MENILMONTANT;48,866593;2,383559
202300021622;3;7;2023;12:15;1;69;69298;1;1;1;3;Route d'Heyrieux;45,6641154;4,99399441
202300021623;2;7;2023;06:15;2;40;40296;1;1;2;6;D79;43,72853;-1,411754
202300021624;21;4;2023;19:30;1;75;75116;2;1;1;4;ROUTE DES TRIBUNES;48,862633;2,230855
202300021625;20;4;2023;13:00;1;75;75116;2;2;1;3;RUE DE LA POMPE;48,859554;2,275202
202300021626;2;7;2023;16:10;1;17;17131;1;1;1;4;Route de Royan;45,586777;-0,853565
202300021627;1;7;2023;15:00;1;41;41045;1;1;1;7;route départementale 114;47,454457;1,217481
202300021628;21;4;2023;18:50;1;75;75114;2;1;1;3;AVENUE DU GENERAL LECLERC;48,83265944;2,3310703
202300021629;3;7;2023;10:20;1;5;5027;1;1;1;7;d902;44,82719403;6,72914743