Num_Acc;jour;mois;an;hrmn;lum;dep;com;agg;int;atm;col;adr;lat;long
202300021630;1;7;2023;03:00;3;62;62338;2;1;1;6;D 171;50,626679;2,820126
202300021631;20;4;2023;17:40;1;75;75105;2;2;1;6;BOULEVARD SAINT MARCEL;48,836806;2,351853
202300021632;3;7;2023;11:05;1;6;6109;1;1;1;3;RM 6202 - quartier baus roux;43,83722;7,194028
202300021633;21;4;2023;17:20;1;75;75111;2;1;1;6;AVENUE DE LA REPUBLIQUE;48,864608;2,378038
202300021634;2;7;2023;11:55;1;22;22369;2;4;1;3;Place des Ifs;48,3476;-2,263216
202300021635;21;4;2023;14:00;1;75;75110;2;1;1;7;RUE ALIBERT;48,871725;2,367896
202300021636;3;7;2023;00:05;3;61;61341;1;1;1;2;A28 PK 168+840;48,522175;0,149688
202300021637;21;4;2023;18:30;1;75;75107;2;2;1;2;RUE DE L UNIVERSITE;48,861049;2,313238
202300021638;2;7;2023;08:50;1;51;51109;1;2;8;1;D26;49,287987;3,918337
202300021639;30;6;2023;09:45;1;19;19278;1;3;1;3;Varetz;45,217924;1,418679
202300021640;21;4;2023;19:15;1;75;75104;2;2;1;2;PONT D ARCOLE;48,855851;2,350816
202300021641;1;7;2023;17:40;1;56;56002;1;3;1;3;Fleuriac;47,555061;-2,532064
202300021642;19;4;2023;22:30;5;94;94081;2;1;1;3;Avenue Henri Barbusse;48,793006;2,394022
202300021643;4;6;2023;10:50;1;79;79123;1;1;1;7;;46,801954;-0,64476
202300021644;21;4;2023;01:30;5;94;94046;2;1;1;6;Rue du 11 Novembre 1918;48,80685;2,43497
202300021645;2;7;2023;04:40;3;81;81120;1;1;2;1;N112;43,5269236;2,293047
202300021646;2;7;2023;23:00;3;71;71340;2;1;1;6;19 Rue du Moulin;46,566521;4,218439
202300021647;19;4;2023;20:45;2;94;94046;2;1;1;2;Rue Jean Jaurès;48,793487;2,434428
202300021648;3;7;2023;16:45;1;71;71085;1;1;1;7;6 Rue de Reme;46,929748;4,621425
202300021649;21;4;2023;22:10;5;93;93072;2;2;1;2;Avenue Marcel Cachin / Rue Pierre Huet;48,9596;2,38215
202300021650;3;7;2023;14:00;1;63;63223;1;1;1;2;Lieu Dit Montvachoux;46,11685257;2,88642555
202300021651;21;4;2023;09:00;1;93;93071;2;2;1;3;Allee de Bir Hakeim / Allée du Marechal Bugeaud;48,92888332;2,51926106
202300021652;1;7;2023;18:46;1;63;63121;2;3;1;3;D797/D797B Route de Clermont/Champeix;45,613613;3,203684
202300021653;21;4;2023;22:00;5;93;93066;2;1;1;6;Rue Gabriel Péri;48,936449;2,356065
202300021654;2;7;2023;19:00;1;49;49218;1;1;1;3;Le Terreau (Le Fief-Sauvin);47,237697;-1,069681
202300021655;2;7;2023;12:20;1;42;42026;2;1;1;2;13 Avenue de Verdun;46,150339;4,082729
202300021656;2;7;2023;12:30;1;46;46047;1;1;1;6;Route départementale 673;44,794323;1,555359
202300021657;21;4;2023;17:55;1;93;93046;2;2;1;3;Avenue Gambetta / Allée Montpensier;48,91815955;2,52179459
202300021658;3;7;2023;12:30;1;39;39201;1;1;1;2;N/A;46,655915;5,790881
202300021659;3;7;2023;11:15;1;44;44212;2;1;1;6;Rue du bois brule;47,172364;-1,267376
202300021660;21;4;2023;20:40;2;93;93001;2;9;1;3;Avenue Victor Hugo;48,91036;2,378963
202300021661;3;7;2023;15:00;1;44;44043;2;1;1;7;17 Rue de la Mare Rouge;47,087427;-1,289966
202300021662;1;7;2023;01:30;3;35;35340;1;1;2;7;Le Boulouee;48,03078108;-2,03481495
202300021663;21;4;2023;18:00;1;92;92073;2;2;1;3;JAURES (AVENUE JEAN);48,86414;2,20821
202300021664;2;7;2023;02:10;3;34;34154;1;1;1;2;D62;43,559014;4,030094
202300021665;21;4;2023;19:10;1;92;92076;2;1;1;2;REPUBLIQUE;48,83723;2,15145
202300021666;29;6;2023;15:41;1;31;31160;1;1;1;1;D17;43,708904;1,244899
202300021667;20;4;2023;17:00;1;92;92051;2;3;1;6;BAILLY (RUE);48,88597563;2,2610499
202300021668;3;7;2023;03:15;3;31;31587;1;1;1;6;Route de Vacquiers;43,782536;1,433823
202300021669;21;4;2023;10:30;1;92;92036;2;1;1;6;GRESILLONS (AVENUE DES) (47/101);48,91997;2,31455
202300021670;2;7;2023;00:00;3;38;38140;2;6;2;6;Avenue Ambroise Croizat;45,271728;5,888276
202300021671;21;4;2023;17:20;1;92;92026;2;6;1;4;TROIS FRÈRES LEBOEUF (PLACE DES);48,89768311;2,23824763
202300021672;7;6;2023;18:50;1;1;1392;1;6;1;1;Moulin du Pont;46,257164;5,566254
202300021673;21;4;2023;18:55;1;92;92024;2;3;1;7;MARTRE (RUE) DE (59 A 109)   (58 A 120);48,90212166;2,30705649
202300021674;3;7;2023;12:00;1;70;70117;2;1;1;6;13 Rue de Chenebier;47,640027;6,782475
202300021675;1;7;2023;20:55;1;58;58103;2;1;1;7;Route du Parloir;47,438013;3,58141
202300021676;21;4;2023;18:00;1;92;92024;2;3;1;3;MARTRE (RUE) DE (59 A 109)   (58 A 120);48,90138105;2,30768278
202300021677;2;7;2023;00:05;5;6;6035;2;1;1;6;Route de Castellar;43,805568;7,497584
202300021678;19;4;2023;18:24;1;92;92009;2;1;1;6;CHARLES DUFLOS ( RUE );48,91555047;2,2653649
202300021679;2;7;2023;20:10;1;17;17482;1;1;1;1;D115;46,162266;-0,82818
202300021680;20;4;2023;18:05;1;8;8179;1;1;1;6;D4;49,69094;5,045643
202300021681;3;7;2023;11:34;1;87;87187;2;6;8;6;Rue d?Arsonval;45,509491;1,200795
202300021682;22;4;2023;00:13;5;69;69279;2;3;1;6;Rue de la République;45,791437;5,045123
202300021683;29;6;2023;19:35;1;42;42108;1;1;3;2;A72;45,607523;4,207882
202300021684;22;4;2023;00:15;3;972;97207;2;1;1;6;route du bac;14,584668;-60,977613
202300021685;2;7;2023;18:50;1;67;67223;1;1;1;2;A35;48,497842;7,562209
202300021686;19;4;2023;14:30;1;84;84039;2;1;1;7;Faubourg de Luynes;44,085971;4,882044
202300021687;2;7;2023;16:10;1;38;38052;2;1;1;7;rd 1091 les sables;45,084566;6,012783
202300021688;22;4;2023;16:00;1;85;85109;1;1;1;3;RD11-l'Aubonnière;46,8637;-1,092825
202300021689;1;7;2023;16:59;1;73;73296;2;3;2;1;Avenue de Grande Motte;45,456808;6,898615
202300021690;21;4;2023;17:45;1;85;85109;2;6;1;3;RD160;46,87763;-1,012962
202300021691;29;6;2023;16:50;1;28;28029;1;1;1;6;autoroute A10 point kilométrique 069+120 direction province;48,164864;1,853672
202300021692;22;6;2023;20:30;3;987;98724;1;1;8;6;Motu MAeva;-16,70158;-150,983541
202300021693;21;4;2023;17:10;1;61;61464;1;1;1;6;A28 PK180+580;48,61781;0,191713
202300021694;2;7;2023;21:45;5;987;98748;2;1;8;6;PK 04.500 - RT 04 - Toahotu Pont de Aoma;-17,81;-149,243
202300021695;2;7;2023;18:30;3;988;98817;1;1;1;1;ROUTE DE LA CORNICHE;-22,27851;166,62211
202300021696;22;4;2023;14:50;1;51;51237;1;2;1;3;N4;48,71864229;3,54735553
202300021697;3;7;2023;08:29;1;972;97224;2;1;1;1;D13A quartier Jambette Beausejour;14,64824;-61,04373
202300021698;21;4;2023;15:15;1;56;56036;2;1;1;1;Rue Jean-Baptiste Martenot;47,784262;-3,342419
202300021699;1;7;2023;18:00;1;2B;2B134;2;9;1;6;Allée Charles De Gaulle;42,629144;8,936943
202300021700;3;7;2023;12:15;1;2B;2B084;2;1;1;6;RD71;42,571287;8,888894
202300021701;21;4;2023;19:08;1;76;76529;2;1;1;1;5a Rue des Tisserands;49,72743;0,562243
202300021702;2;7;2023;07:10;1;34;34006;1;1;1;6;RD910;43,323866;2,782427
202300021703;22;4;2023;10:43;1;2B;2B150;1;1;1;3;RT30;42,59948;8,839606
202300021704;2;7;2023;19:30;1;83;83101;1;1;1;5;1572 Route de la Rouillere;43,231545;6,611146
202300021705;21;4;2023;21:00;3;71;71559;1;1;1;6;Champerny;46,284641;4,349293
202300021706;2;7;2023;09:22;1;6;6141;1;1;1;7;D17;43,858018;7,124226
202300021707;22;4;2023;08:10;1;71;71016;1;3;1;3;Route de Peronne;46,438733;4,766183
202300021708;3;7;2023;13:00;1;5;5073;1;1;1;1;D942;44,361952;5,87539
202300021709;2;7;2023;11:05;1;4;4096;2;7;1;6;Grand Rue;44,418847;6,733498
202300021710;21;4;2023;18:40;1;42;42228;1;2;1;5;Route de Montbrison;45,561869;4,093831
202300021711;20;4;2023;08:20;1;35;35204;1;1;7;1;D39;48,032244;-1,556218
202300021712;2;7;2023;21:00;2;38;38425;1;1;1;2;Route de la CNR;45,375822;4,762541
202300021713;21;4;2023;17:00;1;29;29044;1;9;1;6;Menez Justice;48,213783;-4,137716
202300021714;21;4;2023;19:00;1;29;29235;2;1;1;6;rue d'Ouessant;48,39344;-4,406419
202300021715;21;4;2023;18:15;1;58;58134;2;1;1;2;Rue Edouard Vaillant;46,939034;3,257765
202300021716;22;4;2023;16:35;1;72;72168;1;3;1;1;La petite maison neuve;47,998749;-0,120394
202300021717;22;4;2023;16:55;1;6;6103;2;2;1;6;M69;44,01673;7,309352
202300021718;22;4;2023;13:20;1;83;83122;1;3;1;2;Hôtel l'Ermitage;43,77378068;6,21838528
202300021719;15;4;2023;16:45;1;64;64279;1;6;1;7;D918;43,344601;-1,402313
202300021720;22;4;2023;10:15;1;7;7181;2;3;1;3;Rue Jean Ferrat;44,741765;4,745622
202300021721;21;4;2023;15:21;1;53;53271;2;1;1;6;Parking Super U;48,34126108;-0,2711606
202300021722;21;4;2023;17:20;1;53;53008;1;1;1;3;Le Chene des Croix;48,296328;-0,536141
202300021723;21;4;2023;02:15;3;53;53062;2;9;1;6;Rue Abel Cahour;47,824749;-0,705107
202300021724;21;4;2023;23:15;3;85;85146;1;1;1;2;RD 1763  PR  5+450;46,99245;-1,35054
202300021725;22;4;2023;14:20;1;30;30116;1;1;1;1;N100;43,943379;4,621564
202300021726;21;4;2023;16:40;1;8;8263;1;1;8;2;N/A;49,73866084;4,78226066
202300021727;22;4;2023;04:45;3;973;97307;1;1;1;7;RN 2;4,841634;-52,339393
202300021728;20;4;2023;17:50;1;31;31216;1;1;1;2;A68;43,740088;1,590893
202300021729;28;3;2023;08:30;1;6;6085;2;1;1;6;Chemin des Campelieres;43,580608;7,006974
202300021730;19;4;2023;18:18;1;44;44028;1;1;1;7;N/A;47,34032;-1,378167
202300021731;20;4;2023;19:30;1;67;67460;1;1;1;6;Autoroute A4 - Entre PK 454.600 et 454.700 - Sens Paris vers Strasbourg;48,769242;7,598006
202300021732;21;4;2023;20:24;1;6;6088;1;1;1;6;A8, PK 197.530;43,728668;7,260442
202300021733;22;4;2023;10:15;1;40;40312;1;1;2;6;A 63 PK 169;43,518084;-1,442213
202300021734;8;8;2023;13:50;1;76;76650;1;3;1;3;D39;49,612399;0,290532
202300021735;22;4;2023;07:00;2;83;83116;1;1;1;2;Autoroute;43,45429;5,877771
202300021736;7;8;2023;23:30;3;2B;2B126;1;1;1;1;RT 50;42,184729;9,36887
202300021737;21;4;2023;07:25;1;987;98712;2;4;1;3;Avenue POMORE RT2 EST;-17,279;-149,542
202300021738;20;4;2023;13:40;1;34;34202;2;1;1;6;71 Avenue du General Grollier;43,585998;3,772465
202300021739;8;8;2023;12:45;1;2B;2B050;2;1;1;1;route de Porto;42,568298;8,75134
202300021740;21;4;2023;21:15;2;973;97305;1;1;3;2;Route Nationale 1;4,969705;-52,439321
202300021741;8;8;2023;19:00;1;65;65362;2;7;1;7;Place de la Gare;42,962857;-0,068166
202300021742;20;4;2023;09:40;1;84;84019;2;3;1;3;Avenue Emile Lachaux;44,27739;4,765341
202300021743;27;7;2023;11:50;1;69;69018;1;9;1;3;Route du Tacot;46,16388973;4,56916345
202300021744;22;4;2023;15:40;1;83;83146;1;1;1;1;Route des Lacs;43,646355;6,015208
202300021745;9;3;2023;19:15;3;69;69084;1;1;2;1;Route du Château de Grand Pré;46,17995;4,6856
202300021746;21;4;2023;14:05;1;26;26072;1;1;1;6;A7 PK 048.775;45,118546;4,894699
202300021747;5;8;2023;19:50;1;32;32256;1;1;1;6;n21;43,524196;0,416998
202300021748;21;4;2023;18:35;1;71;71235;1;4;1;7;Rue du Point du Jour;46,33631;4,793181
202300021749;7;8;2023;18:20;1;63;63209;2;3;1;6;Chemin du Bourly / D717 route d'Antoingt;45,488874;3,165243
202300021750;8;8;2023;16:11;1;63;63261;1;3;1;3;Chemin de Paille;45,584361;3,27304065
202300021751;21;4;2023;21:45;3;38;38562;1;1;1;3;N85;45,083835;5,760891
202300021752;21;4;2023;18:05;1;7;7323;2;1;1;6;780 Route de Monsano;44,904374;4,822054
202300021753;8;8;2023;15:30;1;55;55286;1;1;1;7;Voie Sacree;49,052636;5,288951
202300021754;22;4;2023;00:19;4;16;16304;1;1;1;6;Route de Nercillac;45,695828;-0,270115
202300021755;7;8;2023;15:43;1;12;12215;1;4;1;3;D840;44,485802;2,39687
202300021756;21;4;2023;23:00;3;33;33321;1;1;2;6;N10;45,04132;-0,412446
202300021757;1;3;2023;11:40;1;44;44210;2;1;1;6;102 Boulevard de l'Atlantique;47,300984;-2,206735
202300021758;6;8;2023;17:00;1;44;44015;1;1;1;7;N/A;47,47946487;-1,71590666
202300021759;8;8;2023;12:30;1;29;29182;1;1;1;6;D786;48,63958321;-3,68181391
202300021760;21;4;2023;23:50;3;61;61382;1;1;1;1;RN12;48,45489;-0,015689
202300021761;7;8;2023;16:10;1;38;38453;1;1;1;6;Route de Pont-En-Royans;45,108242;5,323648
202300021762;8;8;2023;10:05;1;3;3082;2;1;1;6;Rue du Creux du Lac;46,287521;2,728622
202300021763;21;4;2023;17:00;1;50;50139;1;3;1;3;route de Saint-Lo - RD 974;49,082974;-1,034281
202300021764;21;4;2023;18:15;1;76;76321;2;9;1;1;500 Route de Dieppe;49,788281;1,222948
202300021765;8;8;2023;12:55;1;15;15101;1;1;1;5;N 122;45,109029;2,770271
202300021766;21;4;2023;15:07;1;76;76684;1;1;1;7;D39;49,488019;0,458851
202300021767;5;8;2023;00:01;4;58;58242;2;1;1;3;7 Route de Brinon;47,373553;3,50134
202300021768;22;4;2023;09:20;1;60;60282;2;2;3;3;1 Rue Edmond Leveille;49,18438;2,413395
202300021769;8;8;2023;15:35;1;72;72090;2;9;1;3;Chemin de la Herse;48,054261;0,496852
202300021770;22;4;2023;16:30;1;59;59581;1;3;1;3;lieu dit grand chemin;50,68513874;2,75677443
202300021771;7;8;2023;16:16;1;64;64405;2;6;1;3;RD 943;43,322887;-0,299002
202300021772;8;8;2023;10:28;1;43;43203;2;1;1;7;Chemin du Prat;45,130136;4,053805
202300021773;20;2;2023;12:15;1;13;13106;1;1;1;5;A7-Sens Marseille vers Lyon;43,39034;5,35011
202300021774;7;8;2023;20:20;1;43;43015;1;1;1;6;Mont Mouchet;44,983256;3,35319
202300021775;20;4;2023;08:35;1;83;83137;1;1;1;2;A50;43,12624;5,896363
202300021776;29;7;2023;17:11;1;43;43156;1;1;1;1;Mahinc;44,884093;4,074737
202300021777;21;4;2023;15:30;1;91;91689;1;1;1;2;AUTOROUTE A6A;48,74863;2,32774
202300021778;21;4;2023;18:15;1;92;92072;1;1;1;7;N118;48,82499763;2,221007
202300021779;7;8;2023;20:03;2;85;85073;1;2;7;3;la Roblinière;46,487945;-1,17705
202300021780;8;8;2023;08:20;1;37;37254;1;1;1;6;D82;47,236894;0,839789
202300021781;21;4;2023;12:49;1;78;78118;1;1;1;2;A13;48,98244;1,686974
202300021782;7;8;2023;15:05;1;30;30123;2;2;1;3;5 Rue de la Cavalerie;43,720505;4,17404
202300021783;20;4;2023;08:29;1;92;92047;1;1;1;2;A13;48,83335317;2,16131084
202300021784;21;4;2023;17:00;1;95;95018;2;1;1;2;A15;48,95204423;2,27986403
202300021785;7;8;2023;21:37;4;42;42130;1;1;1;4;A72;45,682753;4,155589
202300021786;20;4;2023;22:25;3;77;77121;1;1;1;3;A104;48,83683;2,66519
202300021787;29;7;2023;09:00;1;973;97309;2;1;1;5;Route de Rémire;4,897201;-52,274001
202300021788;21;7;2023;15:50;1;68;68278;1;1;1;5;A35;47,742155;7,421619
202300021789;18;4;2023;12:50;1;75;75117;2;1;1;4;PORTE DE SAINT OUEN;48,900488;2,322065
202300021790;8;8;2023;13:45;1;38;38253;1;1;1;1;D1091;45,033979;6,091704
202300021791;7;8;2023;04:55;3;72;72363;1;1;5;6;A11, PK 142+100;48,10343828;0,54424882
202300021792;18;4;2023;09:50;1;75;75116;2;1;1;5;ECHANGEUR AUTEUIL;48,846575;2,254875
202300021793;17;4;2023;09:10;1;75;75116;2;4;1;2;PORTE DE SAINT CLOUD;48,841434;2,254139
202300021794;20;4;2023;15:45;1;75;75119;2;3;1;6;BOULEVARD DE LA VILLETTE;48,882484;2,370418
202300021795;7;8;2023;18:30;1;6;6149;1;1;7;5;A8, PK 205.450 sens ITALIE-FRANCE;43,743805;7,34597
202300021796;20;4;2023;22:15;5;75;75117;2;3;1;5;AVENUE DE LA PORTE DE CLICHY;48,894455;2,313438
202300021797;8;8;2023;13:55;1;988;98817;1;1;1;1;ROUTE EXPRESS DU MONT DORE;-22,231009;166,512169
202300021798;19;4;2023;21:10;5;75;75116;2;1;1;3;AVENUE VICTOR HUGO;48,868378;2,282312
202300021799;6;8;2023;18:00;3;988;98833;1;1;1;7;Kouaoua;-21,456823;165,809194
202300021800;19;4;2023;18:40;1;75;75116;2;9;1;3;AVENUE DE LA PORTE D AUTEUIL;48,847944;2,25734
202300021801;8;8;2023;16:20;1;974;97403;2;1;1;7;Arret de bus de la ferme;-21,272129;55,463431
202300021802;3;8;2023;22:00;5;66;66138;2;1;6;7;N/A;42,752483;2,849139
202300021803;20;4;2023;17:40;1;75;75115;2;2;1;6;BOULEVARD VICTOR;48,835982;2,278286
202300021804;8;8;2023;14:25;1;66;66065;2;3;1;3;N/A;42,599072;2,965043
202300021805;20;4;2023;16:20;1;75;75115;2;3;1;7;RUE DES MORILLONS;48,834042;2,296968
202300021806;4;8;2023;06:00;1;4;4039;1;1;1;7;Route départementale 952;43,828935;6,466173
202300021807;6;8;2023;16:30;1;4;4226;1;1;1;7;D908;44,32064;6,600852
202300021808;20;4;2023;07:00;2;75;75115;2;2;1;3;RUE LOUIS VICAT;48,825482;2,300273
202300021809;7;8;2023;14:45;1;21;21038;2;1;1;2;5 Rue de Chevigny;47,193744;5,396474
202300021810;20;4;2023;08:49;1;75;75112;2;1;1;1;PORT DE LA RAPEE;48,84235;2,37107
202300021811;7;8;2023;11:20;1;88;88173;1;1;1;3;N57;48,374041;6,258259
202300021812;20;4;2023;18:57;1;75;75111;2;3;1;2;BOULEVARD RICHARD LENOIR;48,854075;2,382672
202300021813;7;8;2023;23:40;5;7;7156;1;1;1;6;2770 Route du Puy En Velay;44,674215;4,25658
202300021814;20;4;2023;12:10;1;75;75120;2;2;1;3;RUE BELGRAND;48,864789;2,401322
202300021815;7;8;2023;20:30;1;29;29042;1;1;1;6;2 1-Kergoff-Porsalut;48,247887;-4,39819
202300021816;7;8;2023;13:15;1;27;27242;1;1;1;1;D830;48,938034;0,82994
202300021817;20;4;2023;09:55;1;75;75111;2;3;1;3;RUE DE LA ROQUETTE;48,856375;2,37678
202300021818;20;7;2023;16:45;1;60;60341;2;1;1;3;Route de Senlis;49,09320907;2,747969
202300021819;20;4;2023;16:50;1;75;75110;2;3;1;6;BOULEVARD DE MAGENTA;48,878248;2,354339
202300021820;7;8;2023;11:15;1;13;13215;1;1;1;3;A7-Sens Lyon vers Marseille;43,34361228;5,37576092
202300021821;6;8;2023;22:25;3;33;33122;1;1;1;6;AUTOROUTE A 63;44,726786;-0,73082685
202300021822;19;4;2023;04:00;5;75;75109;2;3;1;3;BOULEVARD DE CLICHY;48,883862;2,328563
202300021823;4;8;2023;07:10;2;59;59350;1;1;1;2;ROUTE DEPARTEMENTALE 652;50,64837;2,97886
202300021824;20;4;2023;21:01;5;94;94044;2;1;1;1;Avenue Gabriel Péri;48,75270488;2,48581016
202300021825;6;8;2023;10:23;1;78;78640;1;1;1;6;A86 EXT;48,779063;2,199744
202300021826;6;8;2023;05:44;2;92;92025;1;1;1;7;A86;48,93542176;2,2605831
202300021827;7;8;2023;01:35;3;95;95256;1;1;1;6;N184;49,05653;2,20573
202300021828;19;4;2023;16:45;1;94;94068;2;3;1;6;Avenue Victoria;48,79788;2,49603
202300021829;20;4;2023;11:10;1;94;94046;2;1;1;6;14 Rue Eugène Renault;48,81503;2,41835
202300021830;25;4;2023;12:30;1;13;13056;2;1;1;1;LAURONS RUE DES;43,3539;5,0255
202300021831;4;2;2023;17:00;1;93;93029;2;2;1;6;Avenue Henri Barbusse / Rue Charles Gide;48,91661;2,44463
202300021832;3;8;2023;19:00;5;988;98818;2;2;1;6;RUE LEON COURSIN/BOULEVARD EXTERIEUR;-22,27591;166,44901
202300021833;3;8;2023;14:39;1;988;98818;2;2;1;3;RUE LEON COURSINT/RUE DE LA VALBONNE;-22,27549;166,44876
202300021834;6;8;2023;01:00;3;974;97416;1;9;1;1;BADAMIER(CHEMIN);-21,32866;55,45894
202300021835;3;8;2023;15:40;1;974;97416;1;1;1;2;BOEUF(CHEMIN);-21,2895;55,4647
202300021836;5;8;2023;21:35;5;974;97411;2;3;1;3;BOIS DE NEFLES (RUE DU);-20,90574935;55,47850657
202300021837;5;8;2023;19:10;5;974;97411;2;2;1;3;WAGNER (AVENUE RICHARD);-20,89737;55,48272
202300021838;4;8;2023;01:30;5;974;97411;2;1;1;6;JOFFRE (BOULEVARD);-20,87433;55,45347
202300021839;3;8;2023;15:50;1;974;97411;2;9;1;3;JAURES (BOULEVARD JEAN);-20,88844;55,44655
202300021840;3;8;2023;10:00;1;974;97411;2;3;1;3;LABOURDONNAIS;-20,87654;55,44828
202300021841;4;8;2023;15:15;1;974;97407;2;3;1;3;STRASBOURG(BOULEVARD);-20,93564027;55,29668864
202300021842;4;8;2023;08:10;1;974;97407;2;2;7;6;LECONTE DELISLE;-20,93845;55,29007
202300021843;5;8;2023;16:10;1;973;97302;2;9;1;3;MONTABO (ROUTE DE) 1;4,9421032;-52,3047924
202300021844;5;8;2023;13:50;1;973;97302;2;2;1;3;DIGUE RONJON;4,93334087;-52,33167887
202300021845;6;7;2023;09:25;1;973;97302;2;1;1;2;BADUEL (ROUTE DE);4,93172;-52,3068
202300021846;20;7;2023;08:00;1;973;97302;2;2;1;3;JADFARD (RENE);4,93495403;-52,32951298
202300021847;3;8;2023;18:00;1;973;97302;2;1;1;3;TROUBIRAN (CHEMIN DE);4,92402;-52,30385
202300021848;3;8;2023;06:20;2;973;97302;2;1;1;6;CABASSOU (ROUTE DE);4,92001946;-52,31978059
202300021849;3;8;2023;00:20;5;973;97302;2;1;1;7;MALOUET;4,93650662;-52,33366773
202300021850;6;8;2023;17:50;1;69;69386;2;3;1;2;Avenue Maréchal de Saxe;45,76616;4,84443
202300021851;5;8;2023;07:00;2;69;69387;2;1;1;6;Rue Jean Grolier;45,72122;4,84349
202300021852;4;8;2023;14:56;1;69;69383;2;2;1;6;Rue Paul Bert;45,7562;4,84615
202300021853;4;8;2023;10:30;1;69;69386;2;3;2;1;Rue Boileau;45,77071;4,84869
202300021854;3;8;2023;13:00;1;69;69386;2;1;1;6;Cours Lafayette;45,76358987;4,84588357
202300021855;4;8;2023;03:55;5;972;97209;2;1;1;6;BISHOP (Avenue Maurice);14,60504;-61,0597
202300021856;2;8;2023;13:40;1;69;69389;1;9;1;6;Bretelle Tassin Voie Sud;45,76648338;4,78973775
202300021857;3;8;2023;00:22;3;2B;2B033;1;1;1;1;ST FLORENT-ANCIENNE RT DE;42,68482;9,42202
202300021858;3;8;2023;23:02;5;2B;2B120;1;1;1;2;11 - RT;42,65373;9,44105
202300021859;5;8;2023;02:30;5;971;97101;1;1;1;3;GRAND CAMP(SECTION);16,25386;-61,53622
202300021860;4;8;2023;11:30;1;971;97101;1;1;1;2;RN11;16,26832;-61,51189
202300021861;3;8;2023;16:00;1;971;97101;2;1;1;6;PATRICK SAINT ELOI ( AVENUE );16,25249;-61,52502
202300021862;3;8;2023;08:00;1;971;97105;2;1;1;3;GASTON FEUILLARD(AVENUE);16,00324;-61,72767
202300021863;3;8;2023;17:15;1;2A;2A004;1;1;1;2;CALVI  ROUTE;41,95542643;8,7834996
202300021864;11;7;2023;10:15;1;95;95268;2;1;1;1;D125;48,963953;2,411935
202300021865;5;8;2023;10:15;1;91;91326;2;2;1;3;ALOUETTES (AVENUE DES);48,69466;2,35899
202300021866;4;8;2023;14:30;1;91;91687;2;3;1;6;DE FLEURY (ROUTE );48,65112;2,36821
202300021867;28;7;2023;15:00;1;91;91228;2;1;1;6;ROUTE DE MENNECY;48,64133;2,4202
202300021868;5;8;2023;04:45;3;91;91223;2;1;2;7;GEROFOSSE (RUE DE);48,42811;2,1709
202300021869;4;8;2023;18:42;1;89;89387;2;1;1;4;D606;48,19092;3,31149
202300021870;6;8;2023;19:42;1;88;88383;2;9;1;1;Boulevard Thiers;48,01707;6,59511
202300021871;1;8;2023;10:00;1;87;87050;1;3;1;3;RN 147;45,90574;1,22264
202300021872;1;8;2023;09:20;1;87;87085;1;1;2;1;NEXON (RUE DE);45,80754;1,25542
202300021873;2;8;2023;00:05;4;87;87050;2;1;1;6;BUXEROLLES (ROUTE DE);45,87685;1,24943
202300021874;1;8;2023;06:12;4;87;87114;2;1;2;6;AUTOROUTE A20;45,83579;1,28426
202300021875;6;8;2023;12:20;1;85;85191;1;1;1;2;Rue philippe lebon;46,69944;-1,43092
202300021876;5;8;2023;19:00;1;83;83137;2;4;1;1;ROUTES (AVE DES);43,13728;5,91443
202300021877;3;8;2023;11:30;1;83;83069;2;9;1;2;GIENS (ROUTE DE );43,05903;6,14696
202300021878;6;7;2023;18:15;1;82;82121;2;3;1;3;VOLTAIRE (RUE);44,03;1,37
202300021879;1;8;2023;12:50;1;80;80489;2;1;1;3;GREAT EASTERN (AVENUE);49,87261;2,37441
202300021880;6;8;2023;15:45;1;78;78440;2;1;8;3;avenue de la République;48,985935;1,912918
202300021881;6;8;2023;08:50;1;77;77449;1;1;1;6;AV PAUL SERAMY;48,859584;2,794584
202300021882;5;8;2023;13:00;1;77;77372;2;1;8;1;GENERAL LECLERC  (RUE   );48,881918;2,697164
202300021883;4;8;2023;19:00;1;77;77237;2;1;2;2;D10;48,837961;2,752948
202300021884;4;8;2023;11:10;1;77;77108;2;1;1;6;D934;48,873;2,59
202300021885;2;8;2023;01:30;5;77;77058;2;1;3;7;GENETS (BOULEVARD DES);48,84341;2,720013
202300021886;6;8;2023;14:53;1;77;77333;2;2;1;3;RUE DE PARIS;48,2671;2,6929
202300021887;4;8;2023;17:30;1;77;77156;1;2;1;3;CHE DES PLEIGNES;48,2823;2,73576
202300021888;5;8;2023;10:50;1;76;76451;2;6;1;6;Avenue du Mont aux Malades;49,46241;1,07696
202300021889;4;8;2023;09:40;1;76;76217;2;1;1;3;GROULARD (CLAUDE);49,92316;1,07316
202300021890;3;8;2023;09:40;1;76;76026;1;1;2;7;RN 27;49,87166;1,11728
202300021891;5;8;2023;01:35;5;76;76476;2;3;1;3;DUFY  RAOUL (RUE);49,48623;0,58723
202300021892;4;8;2023;08:15;1;76;76114;2;1;1;6;GAMBETTA LEON (RUE);49,56961;0,47134
202300021893;4;8;2023;08:20;1;74;74010;2;1;1;3;ROCADE (BOULEVARD DE LA);45,90283;6,11052
202300021894;4;8;2023;23:10;5;72;72181;2;1;1;4;FOUCAUDIERE (RUE);47,97785;0,1995