Num_Acc;jour;mois;an;hrmn;lum;dep;com;agg;int;atm;col;adr;lat;long
202300021895;3;8;2023;14:30;1;72;72181;2;9;2;2;BROSSOLETTE PIERRE (BD) N° PAIRS;47,97886;0,20522
202300021896;3;8;2023;11:55;1;72;72181;2;9;2;3;DEMORIEUX (BD) ENTRE HUISNE ET RD-POINT;47,9943;0,18539
202300021897;2;8;2023;19:20;1;72;72181;2;9;1;1;EICHTHAL (RUE D');47,99972;0,18625
202300021898;3;8;2023;10:50;1;69;69092;2;4;1;3;Chemin des Rousses;45,99406;4,70447
202300021899;2;8;2023;13:50;1;69;69264;2;2;1;3;Boulevard Louis Blanc;45,98944;4,72161
202300021900;6;8;2023;19:15;1;69;69199;1;2;1;3;Avenue Albert Ramboz;45,69447;4,84468
202300021901;6;8;2023;10:10;1;69;69029;2;1;8;2;Route de Genas;45,75095056;4,90788344
202300021902;4;8;2023;11:15;1;69;69259;2;1;1;3;Boulevard Irène Joliot Curie;45,71112;4,88203
202300021903;3;8;2023;13:40;1;69;69029;2;1;1;2;11 Avenue du Président Salvador Allende;45,74339;4,93165
202300021904;3;8;2023;10:00;1;67;67482;2;1;2;6;POLYGONE (ROUTE DU);48,56325446;7,7617912
202300021905;2;8;2023;12:32;1;66;66136;2;1;1;2;N/A;42,67453;2,88637
202300021906;1;8;2023;17:20;1;66;66136;2;1;1;6;Boulevard Henri POINCARE;42,6913;2,89656
202300021907;5;8;2023;20:00;1;64;64260;2;2;3;3;LECLERC (BOULEVARD DU GENERAL);43,36625;-1,76967
202300021908;5;8;2023;16:40;1;64;64189;2;1;1;6;BENOIT PIERRE (BOULEVARD);43,38772;-1,67049
202300021909;28;7;2023;19:08;1;64;64445;2;1;1;6;MARECHAL LECLERC DU;43,30337;-0,3484
202300021910;5;8;2023;01:35;5;64;64132;2;6;1;7;COMMANDANT RENE MOUCHOTTE DU;43,30328;-0,32165
202300021911;4;8;2023;15:20;1;64;64445;2;1;1;6;HENRI FAISANS;43,29972;-0,36181
202300021912;4;8;2023;18:25;1;64;64125;2;1;1;7;ATHERBEA (AVENUE);43,43768;-1,59054
202300021913;3;8;2023;17:36;1;64;64102;1;1;1;6;SOULT (AVENUE MARECHAL);43,48707;-1,48546
202300021914;3;8;2023;05:16;5;64;64102;2;9;8;7;NAVARRE (AVENUE HENRI DE);43,51201;-1,43967
202300021915;5;8;2023;12:45;1;63;63300;1;3;1;3;ROCADE RD 446;45,87606;3,09958
202300021916;4;8;2023;16:23;1;63;63300;2;6;1;6;N/A;45,88373986;3,1115824
202300021917;30;5;2023;18:30;2;42;42293;1;1;1;3;Route de Bourg de Thizy;46,019742;4,277909
202300021918;30;5;2023;07:25;1;42;42019;2;1;1;6;Route de Montbrison;45,739578;4,006416
202300021919;6;8;2023;18:00;1;63;63063;1;3;1;3;M402 / M763;45,84332549;3,10765296
202300021920;30;5;2023;12:00;1;46;46219;1;1;1;3;Départementale 5;44,603966;1,423298
202300021921;6;8;2023;23:00;5;62;62193;2;9;1;3;Rue Salvador Allende;50,948228;1,87846
202300021922;2;8;2023;16:50;1;62;62774;1;1;3;6;D940;50,94829;1,76066
202300021923;29;5;2023;17:30;1;41;41097;1;1;1;1;D976;47,293861;1,627779
202300021924;27;5;2023;04:05;3;86;86286;1;3;1;7;Les Loges Nord;46,869388;0,22894
202300021925;31;7;2023;15:10;1;62;62178;2;2;2;3;Rue Augustin Caron;50,475059;2,538211
202300021926;2;8;2023;15:50;1;62;62048;1;2;1;3;D183;50,51660204;2,46866584
202300021927;28;5;2023;08:10;1;68;68062;1;2;1;3;D419;47,629682;7,195594
202300021928;28;5;2023;18:45;1;31;31167;2;1;1;6;Route de Cabanac;43,044664;0,739346
202300021929;6;8;2023;19:05;1;61;61001;2;2;1;3;Rue du Docteur Leopold Bailleul;48,4305;0,0935
202300021930;30;5;2023;14:20;1;2;2215;1;1;1;2;;49,448207;3,842146
202300021931;29;5;2023;17:15;1;70;70171;2;1;7;6;23 Rue de la Gare d’Aillevillers;47,91298;6,337067
202300021932;2;8;2023;09:05;1;60;60057;2;1;2;3;Rue de Clermont;49,43218;2,10798025
202300021933;27;5;2023;15:10;1;26;26165;2;1;1;1;Avenue leon aubin;44,77221194;4,84292771
202300021934;4;8;2023;14:30;1;59;59646;2;9;1;1;WASTYN (RUE JEAN);50,686947;3,145995
202300021935;29;5;2023;14:00;1;54;54383;1;1;1;7;D914;48,55400081;6,46455288
202300021936;4;8;2023;13:03;1;59;59512;2;1;1;6;ALMA  (RUE DE L)';50,69827;3,16756
202300021937;29;5;2023;18:40;1;14;14229;2;2;1;3;15 Rue Emile Nicol;49,232219;-0,044533
202300021938;3;8;2023;16:54;1;59;59350;2;2;1;3;Rue Jacquemars Giélée;50,63545;3,0525
202300021939;4;8;2023;14:14;1;57;57630;2;1;8;6;FRANCE (AV);48,73514;7,04796
202300021940;30;5;2023;16:00;1;5;5164;1;1;1;4;RN 94;44,52668;6,416981
202300021941;11;3;2023;10:20;1;56;56121;2;2;8;2;31 Cours Louis de Chazelles;47,75285;-3,36184
202300021942;5;8;2023;08:15;1;56;56260;2;6;2;3;GIRATOIRE DU DR CADORET;47,66603;-2,74875
202300021943;29;5;2023;16:15;1;64;64036;1;1;1;7;Route de LABASTIDE;43,378922;-0,997814
202300021944;10;3;2023;17:00;1;56;56098;2;1;2;3;CROIZAT ( AVE AMBROISE );47,777384;-3,344764
202300021945;6;8;2023;09:43;1;54;54528;1;1;2;7;RD904;48,70633;5,88458
202300021946;11;3;2023;11:30;1;51;51454;2;1;1;6;rue Marcel Thil;49,26265;4,02205
202300021947;30;5;2023;09:55;1;64;64495;2;6;1;3;D918;43,3555;-1,553986
202300021948;3;8;2023;16:15;1;54;54498;2;1;1;2;Avenue du Général de Gaulle;48,71345;6,25115
202300021949;29;5;2023;21:39;3;18;18043;1;1;1;6;N/A;46,778408;2,179218
202300021950;11;3;2023;03:40;5;50;50502;2;1;4;6;TORTERON (rue);49,11461;-1,09596
202300021951;2;8;2023;12:30;1;54;54395;2;6;2;2;Rue Marcel Brot;48,67649;6,20613
202300021952;11;3;2023;11:55;1;49;49007;2;1;2;7;BIRGE BOULEVARD;47,48142;-0,52191
202300021953;27;5;2023;09:49;1;43;43218;1;3;1;3;D15;45,035488;4,039857
202300021954;4;8;2023;02:20;5;54;54261;2;1;2;6;Rue du Côteau;49,51807;5,79973
202300021955;11;3;2023;06:43;5;49;49007;2;2;2;3;GAULLE BOULEVARD CHARLES DE;47,47012;-0,56224
202300021956;30;5;2023;09:55;1;16;16286;1;9;1;2;Lieu-dit Le Moulin;45,788759;-0,10555
202300021957;2;8;2023;12:20;1;54;54323;2;2;2;3;Rue Anatole France;49,52545;5,76189
202300021958;11;3;2023;18:40;1;45;45302;2;1;1;6;105 Allée de Bourgogne;47,93321;1,88664
202300021959;6;8;2023;10:05;1;51;51454;2;1;2;7;PAIX (BOULEVARD DE LA);49,25496;4,04039
202300021960;29;5;2023;22:45;5;7;7007;2;3;1;1;4 Route de Valence;44,944705;4,729955
202300021961;4;8;2023;08:30;1;51;51454;2;3;1;6;MYRON HERRICK (PLACE);49,25425;4,03115
202300021962;10;3;2023;17:28;1;45;45208;2;2;2;3;14 Rue Jean Jaurès;47,9939;2,73245
202300021963;2;8;2023;16:25;1;50;50066;1;1;1;4;D973;48,81848;-1,54967
202300021964;30;5;2023;10:30;1;40;40209;2;3;1;3;418 Avenue de la Plage;43,568653;-1,456437
202300021965;11;3;2023;11:15;1;37;37261;2;2;1;3;BEDEL (RUE MAURICE);47,37818;0,69748
202300021966;15;11;2023;07:30;2;19;19031;2;3;2;6;KENNEDY (AVENUE JOHN);45,16722;1,54861
202300021967;6;8;2023;14:25;1;49;49328;2;1;1;1;NANTILLY (PLACE DE);47,25313;-0,07716
202300021968;29;5;2023;11:09;1;17;17485;2;2;1;1;Route de la Giraudière;45,859031;-1,232336
202300021969;8;3;2023;12:20;1;37;37261;2;2;2;3;HUGO (RUE VICTOR);47,38605266;0,67216158
202300021970;4;8;2023;10:45;1;49;49328;2;1;1;3;MARCEAU (RUE);47,25133;-0,07659
202300021971;16;11;2023;19:44;4;17;17200;2;2;1;3;HUIT MAI 1945   AVENUE DU;46,1861;-1,1507
202300021972;28;5;2023;17:10;1;30;30003;1;6;1;3;N/A;43,5598;4,15401
202300021973;11;3;2023;11:30;1;32;32013;2;9;2;3;Route de Toulouse;43,65715;0,62741
202300021974;3;8;2023;15:25;1;49;49328;2;1;2;1;D 93;47,246459;-0,079
202300021975;29;5;2023;16:50;1;88;88075;2;1;1;6;34 Grande Rue;47,999733;6,870343
202300021976;10;11;2023;18:05;5;14;14118;2;1;2;2;30 Avenue de Creully;49,19110902;-0,37393212
202300021977;15;7;2023;00:50;5;49;49328;2;1;1;6;GAUTHIER (QUAI LUCIEN);47,26031;-0,07457
202300021978;11;3;2023;14:50;1;31;31555;2;6;2;3;RTE D ESPAGNE;43,56303;1,42497
202300021979;6;8;2023;00:44;5;49;49007;2;1;1;6;DE LATTRE DE TASSIGNY;47,45716;-0,54394
202300021980;30;5;2023;12:25;1;971;97103;2;9;1;3;Boulevard des Armees la Jaille;16,254576;-61,558912
202300021981;16;11;2023;19:00;5;13;13071;2;1;1;3;PLAN DE CAMPAGNE (AVE. DE );43,41381425;5,34406249
202300021982;11;3;2023;15:00;1;26;26362;1;1;1;2;L.A.C.R.A RN7 (BLV);44,95561704;4,93537188
202300021983;3;8;2023;16:20;1;49;49007;2;9;1;3;CHURCHILL AVENUE ET SQUARE;47,45146321;-0,55719137
202300021984;11;3;2023;23:40;5;25;25056;2;6;1;7;N/A;47,26304;6,05141
202300021985;16;11;2023;12:30;1;13;13019;2;9;2;1;ROUTE D’APT;43,42369;5,36749
202300021986;16;11;2023;12:10;1;13;13019;1;1;8;7;ROUTE D’APT;43,45045;5,36007
202300021987;9;4;2023;10:20;1;13;13087;1;1;1;3;autoroute A8, pioint kilométrique 035.620, direction AIX-EN-PROVENCE;43,479892;5,589595
202300021988;10;3;2023;17:50;1;22;22278;2;1;1;6;APOLLINAIRE (GUILLAUME);48,49688;-2,74759
202300021989;5;8;2023;06:57;1;47;47001;2;1;1;5;DELPECH (AV. GEORGES);44,21026;0,60988
202300021990;16;11;2023;07:20;2;13;13103;1;1;1;1;VIEILLE ROUTE DE PELISSANNE-RD 17;43,63768;5,11839
202300021991;4;8;2023;09:05;1;47;47001;2;1;1;3;FOCH (PL. DU MARECHAL);44,20621;0,61902
202300021992;11;3;2023;18:25;1;14;14333;2;2;8;3;1 Clos du Vert Galant;49,413513;0,230958
202300021993;16;11;2023;22:30;5;13;13208;2;1;1;3;ANDRE ZENATTI (AVENUE);43,24634745;5,38765949
202300021994;28;5;2023;12:20;1;77;77141;1;1;1;3;D 406;48,856005;2,857218
202300021995;3;8;2023;15:30;1;47;47001;2;2;1;1;LUXEMBOURG (AV. MAURICE);44,19913024;0,62621641
202300021996;11;3;2023;18:30;5;13;13211;2;1;1;2;SAINT MENET (AVENUE DE);43,28971738;5,49548469
202300021997;27;5;2023;07:30;1;95;95212;1;6;1;6;D165;49,02961709;2,55884618
202300021998;5;8;2023;13:05;1;45;45232;2;1;1;2;Avenue Roger Secrétain;47,87031;1,91204
202300021999;11;3;2023;12:00;1;13;13206;2;1;1;1;Montée de la bonne mère;43,2842;5,3716
202300022000;4;8;2023;12:30;1;45;45234;2;1;1;3;123 Rue du Faubourg de Bourgogne;47,90328941;1,93186104
202300022001;25;5;2023;21:15;2;95;95351;2;2;1;3;1 GARE (PLACE DE LA);49,050201;2,502139
202300022002;16;11;2023;18:30;5;13;13208;2;1;1;5;MICHELET (BOULEVARD);43,266308;5,394485
202300022003;11;3;2023;21:25;5;6;6027;2;1;1;6;KENNEDY BOULEVARD J.F.;43,652556;7,15178
202300022004;3;8;2023;17:55;1;45;45208;1;1;1;6;route forestières des sept freres ;48,0097;2,7477
202300022005;29;5;2023;16:40;1;78;78305;1;1;1;7;Route de Boulemont;48,902442;1,888479
202300022006;5;8;2023;15:00;1;42;42218;2;7;1;6;Rue Louis Soulié;45,44902;4,40191
202300022007;16;11;2023;12:40;1;13;13203;2;3;1;2;ROGER SALENGRO (AVENUE);43,31451;5,37072
202300022008;10;3;2023;16:15;1;5;5023;2;3;1;3;MAISONS BLANCHES (RUE DES);44,88344986;6,6258502
202300022009;5;8;2023;05:45;2;38;38421;2;6;1;7;AVENUE GABRIEL PÉRI;45,18251;5,77719
202300022010;10;3;2023;22:30;5;974;97411;2;1;1;6;MAHY (FRANCOIS DE);-20,896;55,485
202300022011;28;5;2023;19:42;1;66;66017;1;1;1;7;D83;42,796275;3,026818
202300022012;15;11;2023;12:05;1;13;13213;2;1;1;1;FRANÇOIS MIGNET (AVENUE);43,33185;5,42872
202300022013;3;8;2023;21:40;5;37;37261;2;2;2;3;MALRAUX (QUAI ANDRE);47,39754;0,69944
202300022014;10;3;2023;18:00;2;972;97213;1;1;1;2;MAHAULT;14,6182;-61,0068
202300022015;14;11;2023;19:50;5;13;13206;2;1;1;3;TROIS FRERES (RUE DES);43,29301;5,38539
202300022016;3;8;2023;16:40;1;37;37195;2;1;1;7;RD 88;47,38948;0,6471
202300022017;9;3;2023;16:00;1;972;97213;1;1;1;2;ACAJOU PROLONGEE;14,6238;-61,01864
202300022018;30;5;2023;12:00;1;83;83059;1;3;1;5;D15;43,340138;6,096441
202300022019;4;8;2023;22:10;5;35;35238;2;1;1;6;PATTON (AVENUE DU GENERAL SIR GEORGES);48,13402674;-1,66002721
202300022020;15;11;2023;16:55;1;12;12145;2;3;8;6;JULIE GEORGETTE (PASSAGE);44,10138;3,07639
202300022021;10;3;2023;09:00;2;95;95277;1;1;2;3;RD 170;48,97754;2,46241
202300022022;29;1;2023;18:00;3;94;94065;1;1;1;2;A106;48,75843686;2,3477169
202300022023;30;5;2023;17:30;1;13;13027;2;1;1;1;1054 Chemin du Barret;43,885547;4,831288
202300022024;4;8;2023;17:25;1;35;35238;2;3;1;3;GRIMAULT (BD LEON);48,09136;-1,6573
202300022025;28;1;2023;17:50;4;92;92064;1;1;1;3;A13;48,83850309;2,19236003
202300022026;15;11;2023;14:40;1;10;10357;1;1;1;1;ROCADE EST (RD 610);48,296225;4,137507
202300022027;27;5;2023;22:50;5;13;13041;2;1;1;6;D58;43,434601;5,466009
202300022028;4;8;2023;11:30;1;34;34129;1;1;1;3;MAUGUIO (ROUTE DE);43,57611;3,926
202300022029;29;1;2023;17:50;3;95;95252;1;1;1;2; A15;48,97649655;2,23542974
202300022030;16;11;2023;11:40;1;7;7186;1;1;1;6;COUX (AVENUE DE);44,73594;4,61219
202300022031;6;5;2023;15:30;1;38;38205;1;1;1;6;Route de Saint Donat;45,124648;5,590475
202300022032;2;8;2023;15:00;1;34;34172;2;1;1;6;GARRATS (AVENUE DES);43,61168;3,8389
202300022033;10;3;2023;06:30;5;91;91471;2;6;2;5;FERME (RUE DE LA);48,68492;2,1798
202300022034;28;1;2023;22:40;3;93;93051;1;1;1;7;A4;48,83487165;2,58137503
202300022035;30;5;2023;05:16;2;38;38317;1;1;1;1;RN85;45,112542;5,699201
202300022036;16;11;2023;13:40;1;6;6029;2;2;1;3;ALEXANDRE III (BOULEVARD );43,5466;7,03575
202300022037;28;1;2023;11:05;1;72;72181;2;1;1;6;BOLLEE (AV) N° PAIRS 64 A 146;47,99815;0,21346
202300022038;4;8;2023;08:10;1;34;34003;2;1;1;1;PASSEUR CHALLIES (J12 A M13;43,28016;3,50074
202300022039;10;3;2023;19:05;5;91;91097;2;6;2;6;AV DU GAL CHARLES DE GAULLE;48,69057;2,5255
202300022040;28;5;2023;20:20;1;1;1249;1;1;1;1;chemin de la vorla;45,811905;4,952897
202300022041;27;1;2023;16:15;1;976;97611;2;1;1;3;mamoudzou centre-Commandant Passot (Plac;-12,78109;45,23405
202300022042;10;3;2023;08:40;1;91;91479;1;1;2;2;RTE DE FONTAINEBLEAU;48,71320577;2,37127125
202300022043;16;11;2023;14:00;1;1;1289;2;2;7;1;LYON (AVE DE) JUSQ' N;46,17130665;5,19691944
202300022044;4;8;2023;20:20;1;33;33069;2;3;1;3;Avenue Félix Faure;44,85361;-0,59577
202300022045;28;1;2023;05:25;2;974;97411;2;9;1;6;RN2/091;-20,88546;55,47478
202300022046;30;5;2023;08:30;1;69;69094;1;2;1;3;Route du Col de la Luère;45,748834;4,663889
202300022047;10;3;2023;16:40;1;83;83137;2;2;1;3;PRUNEAU (AVE GENERAL);43,12187;5,95566
202300022048;28;1;2023;19:30;5;973;97302;2;3;2;3;CABASSOU (ROUTE DE);4,91848;-52,31551
202300022049;4;8;2023;14:45;1;33;33063;2;1;1;6;Boulevard des Frères Moga;44,82946;-0,55259
202300022050;16;11;2023;19:45;5;75;75113;2;1;2;3;BD PERIPHERIQUE INTERIEUR;48,817416;2,354674
202300022051;28;1;2023;16:25;1;972;97213;2;1;1;6;ROUTE DEPARTEMENTALE 3;14,60886;-60,99763
202300022052;4;8;2023;01:42;3;33;33039;2;1;2;6;Route de Toulouse;44,79493054;-0,56772977
202300022053;10;3;2023;09:30;1;83;83123;2;3;1;6;EUROPE UNIE (AVENUE);43,1187;5,808563
202300022054;18;5;2023;16:30;1;33;33240;2;3;1;3;Cours Mal de Lattre de Tassigny;45,30635722;-0,93626607
202300022055;27;1;2023;11:30;1;972;97209;2;1;1;2;BISHOP (Avenue Maurice);14,61064;-61,05466
202300022056;16;11;2023;17:15;2;75;75116;2;1;2;3;PORTE DE SAINT CLOUD;48,839637;2,254165
202300022057;1;8;2023;20:42;1;33;33281;2;1;1;3;Avenue de Magudas;44,85632;-0,65088
202300022058;5;3;2023;19:30;3;80;80131;1;1;1;7;DEPORTES RESISTANTS (RUE DES);49,85295;2,38753
202300022059;15;11;2023;16:20;1;75;75119;2;1;1;7;PORTE DE LA VILLETTE;48,900503;2,384818
202300022060;28;1;2023;19:15;4;971;97113;1;1;1;5;ROUTE DE CHAMPAGNE;16,23688459;-61,4776361
202300022061;9;3;2023;17:00;1;78;78401;2;9;8;6;BRIGITTE GROS (PLACE);49,004766;1,910231
202300022062;4;8;2023;17:50;1;33;33529;2;1;1;1;PARC DES EXPOSITIONS (Ave du);44,6059116;-1,12055719
202300022063;30;5;2023;09:00;1;60;60282;2;3;1;3;Rue de Lamorlaye;49,172107;2,430658
202300022064;28;1;2023;08:05;1;971;97113;1;1;1;7;RN4 - SECTION RIVIERA;16,21849318;-61,50633574
202300022065;16;11;2023;13:15;1;75;75105;2;2;2;6;RUE DES ECOLES;48,849937;2,343626
202300022066;24;7;2023;17:02;1;33;33009;2;3;1;6;DESBIEY (CRS) DU 99 ET +;44,6596;-1,17282
202300022067;24;1;2023;17:37;1;84;84035;1;1;1;3;VIGNERES-RD98 (ROUTE DES);43,86049;5,02548
202300022068;29;5;2023;09:05;1;75;75116;1;1;1;6;A13W;48,8481802;2,25269079
202300022069;2;8;2023;19:27;1;33;33009;2;1;1;1;MESTREZAT (BD);44,65571001;-1,14681199
202300022070;28;1;2023;11:00;1;83;83137;2;1;1;3;15EME CORPS (AVE DU);43,12849;5,9153
202300022071;16;11;2023;21:20;5;75;75119;2;2;1;2;AVENUE JEAN JAURES;48,885945;2,382193
202300022072;29;5;2023;05:51;1;78;78217;1;1;1;6;A13;48,962786;1,836956
202300022073;27;1;2023;10:15;1;83;83062;1;6;1;6;ROUTE NATIONALE 98;43,137792;6,02591
202300022074;6;8;2023;11:20;1;32;32013;1;1;1;3;BOIS DU COUGET (CHEMIN DU);43,62689;0,58726
202300022075;27;3;2023;06:30;3;74;74012;2;1;2;7;ARVE (QUAI D');46,185;6,22399
202300022076;9;3;2023;18:48;5;76;76540;2;2;2;3;Rue Robert Schuman;49,43791;1,1021
202300022077;16;11;2023;00:20;5;75;75118;2;3;1;3;RUE DAMREMONT;48,893607;2,336333
202300022078;5;8;2023;07:15;2;31;31555;2;1;1;1;FOULQUES (ALLEE DES);43,64745;1,42026
202300022079;10;3;2023;02:20;3;71;71486;1;1;2;6;RD 974;46,63529;4,33458
202300022080;24;3;2023;11:15;1;74;74012;2;1;2;2;LECLERC (AVENUE DU MARECHAL);46,18778;6,24834
202300022081;15;11;2023;12:45;1;75;75115;2;2;1;3;RUE DE LA CONVENTION;48,839256;2,291934
202300022082;28;1;2023;12:50;1;77;77243;2;4;1;1;D10;48,875548;2,701622
202300022083;9;3;2023;20:35;3;71;71040;2;1;3;5;RN 70 (ROUTE EXPRESS);46,70023;4,39115
202300022084;3;8;2023;18:30;1;31;31555;2;1;1;7;VA007333 LA FAOURETTE A620 Sortie 26;43,573789;1,409993
202300022085;16;11;2023;15:20;1;75;75114;2;1;2;6;RUE DU FAUBOURG SAINT JACQUES;48,838316;2,339351
202300022086;23;3;2023;07:35;1;74;74007;1;2;1;3;D903;46,079129;6,313094
202300022087;10;3;2023;14:30;1;69;69013;2;1;1;1;Route Départementale 686;46,00464383;4,71964671
202300022088;4;8;2023;19:59;1;29;29232;1;9;1;1;Allée de Kervoalic;47,96627;-4,08226
202300022089;28;1;2023;18:05;1;77;77070;1;4;1;1;D 934;48,787284;3,134132
202300022090;16;11;2023;13:00;1;75;75113;2;1;3;3;BOULEVARD MASSENA;48,821287;2,368212
202300022091;4;8;2023;06:52;2;29;29232;2;6;1;3;Rond-Point de Kerustum;47,97895;-4,09436
202300022092;7;3;2023;19:36;5;66;66136;2;3;1;3;;42,69544;2,88225
202300022093;18;3;2023;16:33;1;74;74133;1;1;1;1;INDUSTRIE (RUE DE L');46,18622;6,22155
202300022094;28;1;2023;18:50;2;72;72181;2;1;1;3;BOLLEE (AV) N° IMP 347 ET >;47,9987;0,23453
202300022095;16;11;2023;16:00;1;75;75111;2;2;3;6;AVENUE PARMENTIER;48,868117;2,372454
202300022096;1;3;2023;17:00;1;74;74258;2;1;1;6;397 Avenue du fer à cheval;46,08;6,728375
202300022097;28;1;2023;23:00;5;69;69259;2;2;1;3;61 Boulevard Lénine;45,69175;4,86505
202300022098;10;3;2023;05:55;5;64;64102;2;3;1;6;BOUFFLERS (ALLEES);43,49301;-1,47268
202300022099;3;8;2023;12:10;1;29;29232;2;1;1;5;Rue Emile Zola;47,98736;-4,0985
202300022100;27;1;2023;17:40;5;62;62570;2;3;1;3;Rue Pierre Simon;50,4081655;2,880979
202300022101;16;11;2023;10:17;1;75;75110;2;9;3;6;BOULEVARD DE STRASBOURG;48,869356;2,354295
202300022102;10;3;2023;08:25;1;63;63113;2;1;1;1;ITALIE (AVENUE DE L');45,78181;3,09542
202300022103;27;2;2023;10:08;1;74;74281;1;6;8;3;FERRY (AV JULES) APRES N°16;46,37814;6,49027
202300022104;6;8;2023;12:56;1;29;29039;1;3;1;3;RD 44;47,92067246;-3,92858079
202300022105;3;3;2023;22:05;3;62;62764;1;9;1;6;D917;50,312383;2,776159
202300022106;28;1;2023;05:55;5;60;60057;2;4;1;2;Rue du Général Koenig;49,43326;2,05267
202300022107;16;11;2023;12:45;1;75;75108;2;1;3;6;AVENUE HOCHE;48,875829;2,300286
202300022108;22;2;2023;22:15;3;74;74243;1;1;2;6;A40;46,131776;6,092981
202300022109;6;8;2023;11:29;1;29;29039;1;1;1;7;Stang Ar Lin;47,885312;-3,904548
202300022110;9;3;2023;18:15;1;59;59350;2;1;2;3;HUGO VICTOR  BVD N°104 - 294;50,6192;3,05261
202300022111;28;1;2023;05:40;5;54;54395;2;2;1;3;Rue de Metz;48,70167;6,17156
202300022112;16;11;2023;12:30;1;75;75108;2;2;3;7;BOULEVARD HAUSSMANN;48,875051;2,306108
202300022113;9;2;2023;07:05;2;74;74310;1;1;1;3;Avenue d'aix-les-bains;45,82645625;6,04665678
202300022114;9;3;2023;11:00;1;57;57221;2;1;2;3;VERDUN (RUE DE);49,32184;6,11254
202300022115;28;1;2023;17:40;2;51;51454;2;1;1;3;rue Jeanne d'Arc;49,25286;4,02688
202300022116;2;8;2023;16:40;1;29;29039;1;1;8;2;Rue de Keriolet;47,88829472;-3,91495628
202300022117;16;11;2023;20:45;5;75;75107;2;1;1;1;QUAI ANATOLE FRANCE;48,860371;2,326719
202300022118;28;1;2023;00:54;5;45;45147;2;6;1;6;400 Rue du Faubourg Bannier;47,93398;1,89486
202300022119;23;1;2023;13:10;1;73;73011;1;1;1;5;D1212;45,67027;6,3922
202300022120;15;11;2023;19:30;5;75;75103;2;2;1;7;RUE DE BRETAGNE;48,862485;2,363334
202300022121;10;3;2023;18:20;2;56;56121;2;2;2;3;21 Rue Louis Cren;47,74264;-3,37953
202300022122;4;8;2023;16:00;1;29;29019;2;2;1;1;rue Marcellin Duval;48,413405;-4,486631
202300022123;28;1;2023;13:15;1;44;44109;2;6;1;3;Place du 8 mai 1945;47,24336;-1,55659
202300022124;28;5;2023;02:00;5;46;46042;2;1;1;1;DELATTRE DE TASSIGNY (AVENUE);44,45327;1,43138
202300022125;9;3;2023;16:45;1;55;55545;2;1;1;6;MONJARDIN ( ALLEE );49,148;5,391
202300022126;28;1;2023;17:55;2;37;37261;2;2;8;3;SEVERINE (RUE);47,37557;0,70591
202300022127;28;5;2023;00:15;5;75;75117;2;1;1;6;BOULEVARD PERIPHERIQUE INTERIEUR OUEST;48,894393;2,305535
202300022128;15;11;2023;12:30;1;94;94081;2;3;1;3;Rue de Seine;48,796571;2,409287
202300022129;28;1;2023;11:45;1;34;34172;2;1;1;6;235a Avenue Paul Bringuier;43,61504;3,83982
202300022130;10;3;2023;06:30;2;54;54357;2;1;1;6;Avenue du Général de Gaulle;48,70273;6,12882
202300022131;15;11;2023;16:45;2;94;94046;2;1;1;6;7 Avenue du Général de Gaulle;48,813858;2,421412
202300022132;28;5;2023;18:00;3;974;97411;1;1;1;2;LITTORAL (ROUTE 1 DU);-20,8742;55,42903
202300022133;9;3;2023;12:00;1;54;54395;2;9;2;6;POINCARE (RUE RAYMOND 1-29-2-30);48,691;6,17496
202300022134;28;1;2023;08:20;4;33;33063;2;3;1;5;Boulevard Alfred Daney;44,86675;-0,57375
202300022135;28;5;2023;05:05;5;974;97411;2;1;1;6;MACE (BOULEVARD GABRIEL);-20,87219;55,4499
202300022136;10;3;2023;15:33;1;54;54323;1;1;1;7;RN52;49,528381;5,755305
202300022137;28;1;2023;06:15;3;33;33529;1;1;1;6;;44,61353171;-1,14771992
202300022138;16;11;2023;18:30;5;94;94041;2;2;3;3;Rue Robespierre;48,81099;2,38357
202300022139;9;3;2023;19:45;5;50;50502;2;1;2;6;ALSACE LORRAINE;49,11477;-1,09897
202300022140;28;1;2023;18:16;5;31;31555;2;1;1;3;ALL CHARLES DE FITTE;43,59952;1,42969
202300022141;28;5;2023;05:50;2;974;97407;2;9;1;2;ROUTE NATIONALE N° 1;-20,95107;55,31852
202300022142;16;11;2023;08:00;2;94;94038;2;1;3;6;Bd Paul Vaillant Couturier;48,77471;2,33967
202300022143;28;1;2023;05:00;5;31;31555;1;1;1;3;VA007456 SESQUIERES A620 Sortie 33;43,6479;1,42208
202300022144;9;3;2023;10:10;1;50;50129;2;1;1;7;CALIGNY (QUAI DE);49,64213;-1,62193
202300022145;27;5;2023;13:05;1;973;97302;2;1;1;3;MADELEINE (ROUTE DE LA);4,91055107;-52,3214719
202300022146;28;1;2023;02:20;5;31;31555;2;1;1;2;ECHANGEUR L'UNION  (A61/A62);43,63584;1,47769
202300022147;15;11;2023;08:40;1;94;94033;2;6;1;3;Avenue Louison Bobet;48,85250184;2,49063697
202300022148;10;3;2023;22:30;5;49;49007;2;3;2;2;MONPLAISIR BOULEVARD;47,48781;-0,51643
202300022149;28;1;2023;16:45;1;27;27229;2;1;1;3;MONOD (RUE JACQUES);49,02744805;1,18002176
202300022150;9;3;2023;17:47;1;49;49015;2;1;2;7;GRANDMONT AVENUE;47,48767;-0,5874
202300022151;28;5;2023;15:50;1;69;69386;2;3;1;3;Avenue Thiers;45,76629;4,86166
202300022152;16;11;2023;17:26;5;94;94022;2;9;2;3;Avenue de Lugo;48,77331;2,40947