Num_Acc;jour;mois;an;hrmn;lum;dep;com;agg;int;atm;col;adr;lat;long
202300022153;27;1;2023;18:55;5;25;25056;2;3;1;3;CHALEZEULE RUE DE (sup 72);47,24814;6,04285
202300022154;10;3;2023;20:30;5;45;45302;2;6;2;3;D197 PR 3 + 278;47,96006;1,8807
202300022155;27;1;2023;17:10;1;22;22106;2;2;1;1;HAUTS CHEMINS (RUE DES);48,49044208;-2,70035684
202300022156;10;3;2023;16:35;1;42;42170;1;4;8;7;Route de Roanne;46,03675;4,10431
202300022157;28;5;2023;01:10;5;69;69387;2;2;1;3;Avenue Berthelot;45,74233;4,85078
202300022158;14;11;2023;19:30;5;94;94042;2;3;2;3;Rue Henri Barbusse;48,81242;2,46745
202300022159;18;1;2023;16:25;1;14;14118;2;1;2;6;63 Rue Armand Marie;49,16275;-0,35799
202300022160;10;3;2023;19:58;5;41;41269;2;1;2;6;CHARTRAIN (FAUBOURG);47,79567;1,06813
202300022161;28;1;2023;20:30;3;13;13209;2;1;1;7;col de la gineste;43,24569;5,44611
202300022162;15;11;2023;09:10;1;94;94017;2;1;1;3;Avenue du Général de Gaulle;48,82198161;2,49099956
202300022163;28;1;2023;02:15;5;13;13209;2;1;1;1;CABOT (BOULEVARD);43,25883921;5,41714499
202300022164;9;3;2023;20:30;5;41;41018;2;1;2;6;VENDOME (AVENUE DE);47,60533;1,31347
202300022165;28;5;2023;19:05;1;69;69081;2;3;1;3;Chemin de la Sauvegarde;45,77923;4,78783
202300022166;27;1;2023;17:45;5;13;13205;2;1;1;6;SAINT PIERRE (RUE);43,29166;5,40416
202300022167;16;11;2023;14:15;1;93;93066;2;1;2;6;Rue de Strasbourg;48,936066;2,365095
202300022168;10;3;2023;18:05;2;38;38053;2;1;2;6;Rue Louis Braille;45,59584;5,23734
202300022169;28;1;2023;12:40;1;11;11069;2;9;8;6;;43,20511;2,39686
202300022170;16;11;2023;08:35;2;93;93062;2;6;2;6;Rond Point de Montfermeil;48,89595;2,52703
202300022171;27;5;2023;13:20;1;971;97101;1;1;1;1;ROUTE DE BOISVINS;16,26194;-61,46349
202300022172;27;1;2023;20:15;5;7;7316;2;1;1;7;MONTGOLFIERS (AVENENUE DES FRERES);44,8977;4,85183
202300022173;10;3;2023;14:30;1;37;37122;2;1;1;2;CHINON (BOULEVARD DE);47,35245;0,68851
202300022174;28;1;2023;21:00;5;2;2059;2;1;1;1;50 Rue de Tergnier;49,65867;3,343829
202300022175;16;11;2023;07:33;2;93;93055;2;3;2;3;Avenue Jean Jaurès / Rue Condorcet;48,9058062;2,39467182
202300022176;28;5;2023;15:30;1;2A;2A004;2;3;1;3;SAMPIERO BD;41,92494;8,7389
202300022177;10;3;2023;07:45;1;37;37261;2;7;2;3;JAURES (PLACE JEAN);47,39032;0,68969
202300022178;26;1;2023;22:30;5;92;92062;2;3;1;2;DE DION BOUTON (QUAI) DU 1 AU 28;48,87707876;2,24117607
202300022179;16;11;2023;18:10;5;93;93053;2;1;2;6;Rue de Brément;48,88913766;2,45488322
202300022180;27;1;2023;07:50;2;75;75120;2;1;1;2;PORTE DE MONTREUIL;48,858121;2,414325
202300022181;28;5;2023;06:04;2;95;95488;2;3;1;6;PAUL ELUARD (RUE);49,02155;2,16081
202300022182;9;3;2023;18:45;1;34;34108;2;3;1;3;10 Avenue du Muscat;43,4434;3,7492
202300022183;16;11;2023;08:30;2;93;93050;2;1;3;6;Avenue Pascal;48,86976;2,55346
202300022184;26;1;2023;17:30;5;75;75117;2;1;2;3;PORTE DE CLICHY;48,895158;2,30641
202300022185;28;5;2023;02:20;5;83;83137;2;1;1;2;HERRIOT (AVE EDOUARD);43,12915;5,89727
202300022186;25;1;2023;18:50;2;75;75116;2;1;1;2;ECHANGEUR MAILLOT;48,87783829;2,27973282
202300022187;16;11;2023;20:40;5;93;93048;2;1;2;3;Boulevard Aristide Briand;48,872676;2,453368
202300022188;10;3;2023;20:00;5;34;34172;2;1;1;2;12 Avenue Henri Marès;43,62042;3,85619
202300022189;28;1;2023;02:00;5;75;75120;2;1;1;2;BOULEVARD PERIPHERIQUE EXTERIEUR NORD  ;48,864274;2,413499
202300022190;27;5;2023;20:25;1;83;83069;2;1;1;3;AEROPORT (AVENUE DE L');43,09963;6,1326
202300022191;16;11;2023;16:23;1;93;93029;2;3;3;3;Rue Branly / Rue Paul Lossing;48,92808;2,45591
202300022192;10;3;2023;07:00;1;34;34172;2;2;8;1;108 Avenue du Pont Juvénal;43,6059;3,8941
202300022193;28;1;2023;16:55;1;75;75115;2;3;1;6;RUE BALARD;48,84399098;2,27733761
202300022194;28;5;2023;22:27;3;83;83050;2;1;1;1;GRASSE(ROUTE VIEILLE  DE);43,542568;6,487419
202300022195;16;11;2023;21:40;5;92;92046;2;1;1;7;DE STALINGRAD;48,81190998;2,29460174
202300022196;27;5;2023;16:25;1;77;77014;2;1;1;3;D210;48,41387;2,71515
202300022197;9;3;2023;16:50;1;34;34172;2;8;1;3;23 Avenue du Professeur Grasset;43,62378;3,86745
202300022198;28;1;2023;09:00;1;75;75114;2;1;8;6;BOULEVARD BRUNE;48,825565;2,315317
202300022199;16;11;2023;09:15;1;92;92075;2;1;2;7;ANTOINE FRATACCI (RUE);48,82148725;2,28766716
202300022200;28;1;2023;01:05;5;75;75111;2;2;1;3;BOULEVARD VOLTAIRE;48,854698;2,385376
202300022201;9;3;2023;12:00;1;34;34172;2;9;1;3;39 Rue de la Figairasse;43,60486;3,85585
202300022202;28;5;2023;19:05;1;74;74012;2;1;1;3;VERDUN (AVENUE DE);46,18;6,24
202300022203;15;11;2023;19:10;5;92;92062;2;1;1;3;DE DION BOUTON (QUAI) DU 29 AU 65;48,88347;2,24884
202300022204;28;1;2023;01:20;5;75;75109;2;2;1;3;RUE DE LA VICTOIRE;48,875262;2,332292
202300022205;10;3;2023;09:13;1;33;33069;2;3;6;3;Avenue Président Robert Schuman;44,85583;-0,59477
202300022206;28;5;2023;22:35;5;72;72181;2;1;1;3;BOLLEE (AV) N° PAIRS 154 A 222;47,99762;0,21567
202300022207;28;1;2023;01:00;5;75;75101;2;1;1;6;AVENUE GENERAL LEMONNIER;48,86231386;2,33104616
202300022208;16;11;2023;01:20;5;92;92020;2;1;1;1;VERDUN AVENUE DE AUTRES N°;48,79536411;2,27440345
202300022209;28;1;2023;01:00;5;94;94068;2;1;8;7;CENTENAIRE (AV DU);48,801067;2,509454
202300022210;10;3;2023;08:10;1;31;31555;2;9;1;3;ECHANGEUR SESQUIERES (A62-A620);43,64794;1,42203
202300022211;28;5;2023;12:50;1;72;72181;2;9;7;3;LECLERC GENERAL (AV) PAIRS DE 2 A 68;47,99875;0,19522
202300022212;28;1;2023;14:40;1;94;94038;2;9;1;3;Avenue du Général de Gaulle (accès c.c. Carrefour Hay les Roses);48,7836;2,34584
202300022213;16;11;2023;14:29;1;92;92040;2;3;2;3;GALLIENI (BOULEVARD);48,82525349;2,26781219
202300022214;10;3;2023;18:40;5;28;28134;2;9;2;5;RN 12 (ZONE COMMERCIALE);48,74593;1,36808
202300022215;28;5;2023;20:00;1;69;69259;2;1;1;6;10 Rue Georges Charpak;45,69472;4,87172
202300022216;10;3;2023;13:33;1;27;27229;2;1;2;3;Rue Victor Hugo;49,022195;1,146397
202300022217;15;11;2023;11:20;1;92;92012;2;9;1;3;BONTEMPS (rue Marcel);48,82649769;2,23967546
202300022218;27;1;2023;23:55;5;94;94041;2;1;8;7; Avenue Georges Gosnat;48,81152;2,38424
202300022219;28;5;2023;19:05;1;67;67482;2;1;1;2;PIERRE CORNEILLE (AVENUE);48,59309;7,69643
202300022220;14;11;2023;16:30;2;63;63026;1;1;1;7;D213;45,670864;2,998259
202300022221;9;3;2023;14:20;1;24;24138;1;1;1;3;La Rampinsolle RD6021;45,15853;0,70925
202300022222;28;1;2023;20:05;5;93;93005;2;6;1;3;Boulevard Lefèvre / Rue Louis Coutant;48,93868;2,48895
202300022223;10;3;2023;08:30;1;15;15014;2;9;2;7;SQUARE (PLACE DU);44,92836;2,44274
202300022224;16;11;2023;20:30;3;95;95313;1;1;2;6;A16;49,12320117;2,25300193
202300022225;28;1;2023;09:55;1;93;93064;2;6;1;3;Rond-Point de l'Europe;48,8776;2,47569
202300022226;28;5;2023;08:25;1;64;64284;2;6;1;3;18 JUIN 1940 DU;43,29118;-0,40498
202300022227;10;3;2023;10:05;1;13;13214;2;1;1;6;bougie (rue de la);43,32186;5,38948
202300022228;28;1;2023;10:58;1;93;93077;2;1;1;6;Boulevard d'Aulnay;48,897701;2,506978
202300022229;12;11;2023;15:39;1;95;95445;1;1;2;3;N184;49,09878715;2,26471599
202300022230;28;5;2023;20:14;1;61;61001;2;1;1;7;Voie Communale;48,42871;0,08179
202300022231;10;3;2023;07:50;1;10;10387;2;2;2;3;HENRI BARBUSSE (RUE);48,2967;4,08486
202300022232;28;1;2023;15:15;1;93;93046;2;1;1;2;Avenue Lucie Aubrac;48,92964;2,54802
202300022233;16;11;2023;19:09;5;95;95487;2;1;2;6;D929Z;49,149114;2,288758
202300022234;28;1;2023;13:30;1;92;92051;2;1;1;3;CHARLES DE GAULLE (AVENUE,N°118 A 192 +;48,88249967;2,26735014
202300022235;11;3;2023;20:05;5;75;75113;2;1;1;2;PORTE D IVRY;48,817614;2,367469
202300022236;28;5;2023;01:15;5;59;59527;2;1;1;3;NORD OUEST VOIE INTERCOMMUNALE;50,66282;3,0366
202300022237;28;1;2023;00:45;5;92;92026;2;9;1;7;BOULEVARD CIRCULAIRE;48,89012397;2,24946678
202300022238;10;3;2023;11:45;1;75;75117;2;1;1;3;PORTE D ASNIERES;48,889591;2,297417
202300022239;17;11;2023;08:40;1;6;6161;2;1;1;5;2411 Route Départementale 6007;43,628183;7,13309
202300022240;28;5;2023;18:00;1;57;57463;2;1;1;6;Rue Laurent Charles Maréchal;49,10078287;6,19047135
202300022241;28;1;2023;16:25;1;92;92025;2;3;1;2;HENRI LITTOLFF N° PAIRS SEULEMENT (RUE);48,91731764;2,26205975
202300022242;14;11;2023;15:00;1;31;31282;2;1;1;6;Route de Bessières;43,66966;1,445013
202300022243;10;3;2023;09:45;1;75;75120;2;1;2;5;PORTE DE VINCENNES;48,849145;2,41514
202300022244;28;1;2023;08:50;1;92;92060;2;3;8;3;RESISTANCE (AVENUE DE LA) (RD 75);48,7834212;2,26923868
202300022245;28;5;2023;10:19;1;49;49007;2;3;1;6;JAURES;47,45498;-0,52475
202300022246;17;11;2023;13:55;1;84;84037;1;1;1;1;d68;44,075516;4,832847
202300022247;10;3;2023;09:15;1;75;75113;2;1;2;2;PORTE D ITALIE;48,81803;2,352164
202300022248;28;1;2023;11:30;1;92;92012;2;1;8;2;GALLIENI (RUE) 55/157 - 50/140;48,83712765;2,24461654
202300022249;28;5;2023;03:00;3;45;45286;2;1;1;6;Avenue Gaston Galloux;47,88504;1,92439
202300022250;10;3;2023;06:30;2;75;75120;2;1;2;6;PORTE DE BAGNOLET;48,86488886;2,41294205
202300022251;27;1;2023;23:14;5;92;92002;2;9;2;3;ARISTIDE BRIAND (AVENUE);48,75846432;2,30699533
202300022252;27;1;2023;15:45;1;91;91235;2;1;1;6;27 Rue Edouard Aubert;48,6226;2,371379
202300022253;8;3;2023;14:00;1;75;75112;2;1;2;2;PORTE DE CHARENTON;48,830807;2,403154
202300022254;28;5;2023;13:30;1;35;35238;2;2;1;3;LAURENT (CHARLES);48,123557;-1,68454
202300022255;28;1;2023;12:00;1;972;97203;1;1;1;3;N3;14,83499;-61,09811
202300022256;11;3;2023;04:35;5;75;75106;2;3;1;6;RUE GUISARDE;48,851888;2,334555
202300022257;28;5;2023;16:50;1;34;34301;2;1;1;7;15 Rue de la Clavière;43,41207;3,68756
202300022258;11;3;2023;00:10;5;75;75116;2;2;1;3;ALLEE DE LA REINE MARGUERITE;48,858565;2,244878
202300022259;28;5;2023;19:10;1;25;25056;2;1;1;2;BLUM BOULEVARD LEON (entre 51 ET  90);47,26123;6,03469
202300022260;22;1;2023;18:15;3;11;11067;1;1;1;5;D6113;43,211322;2,833142
202300022261;11;3;2023;19:40;5;75;75120;2;4;2;7;RUE DES PYRENEES;48,867787;2,39621
202300022262;29;1;2023;19:00;5;84;84056;1;1;1;6;Route de Carpentras;44,108608;4,915014
202300022263;16;11;2023;17:00;3;21;21561;1;1;6;6;D16J;47,405059;4,7927
202300022264;29;1;2023;04:45;3;63;63388;1;1;1;6;D987;45,9988;2,7767
202300022265;11;3;2023;18:55;2;75;75111;2;4;8;3;BOULEVARD VOLTAIRE;48,862385;2,372509
202300022266;16;11;2023;11:35;1;76;76244;1;1;3;3;A28 - PK 063.000;49,713214;1,394813
202300022267;28;5;2023;07:20;1;25;25056;2;2;1;3;OBSERVATOIRE AVENUE DE L';47,24634;5,9979
202300022268;11;3;2023;09:55;1;75;75110;2;2;1;6;RUE DU FAUBOURG SAINT DENIS;48,872823;2,354427
202300022269;28;1;2023;23:00;3;60;60358;2;1;1;6;Rue de Paris;49,200933;2,919906
202300022270;28;1;2023;16:10;1;21;21520;1;1;1;6;Voie-Romaine (Chemin);47,281689;4,721804
202300022271;27;5;2023;11:40;1;25;25056;2;1;1;6;FLEMING BOULEVARD;47,22579;5,96542
202300022272;16;11;2023;17:30;3;25;25097;1;1;3;4;A36 PK046.100;47,529017;6,858301
202300022273;11;3;2023;01:52;5;75;75108;2;2;1;3;RUE DE L ARCADE;48,873316;2,324305
202300022274;29;1;2023;06:15;3;51;51056;1;1;9;7;D48;48,606317;3,6156553
202300022275;16;11;2023;22:00;3;25;25614;1;1;3;6;Autoroute A36 - PK 046.800 - Dir. MULHOUSE -Echangeur 10 - BROGNARD;47,521001;6,854219
202300022276;28;1;2023;05:10;3;56;56131;1;1;1;1;Bihilic;48,010123;-3,425025
202300022277;27;5;2023;20:35;1;22;22113;2;6;1;3;GARENN C'HLAS (RUE DE);48,72204;-3,48187
202300022278;11;3;2023;22:25;5;75;75101;2;2;2;3;BOULEVARD DE SEBASTOPOL;48,860581;2,349357
202300022279;28;1;2023;14:50;1;76;76636;1;1;1;7;Route de Rouen;49,500354;0,942324
202300022280;11;3;2023;18:35;5;75;75101;2;2;1;7;RUE DE RIVOLI;48,866438;2,323538
202300022281;17;11;2023;07:45;1;54;54166;1;1;1;7;Dommartin-la-Chaussée;49,01475083;5,87473512
202300022282;26;5;2023;17:30;1;17;17415;2;1;7;6;NATIONAL 1 A 67 ET 2 A 44 COURS;45,747341;-0,635532
202300022283;28;1;2023;23:45;3;49;49029;1;1;1;7;D751;47,380113;-0,386221
202300022284;10;3;2023;23:10;5;75;75104;2;3;1;3;RUE DU RENARD;48,859858;2,352755
202300022285;27;1;2023;15:35;1;29;29212;2;1;1;3;rue des Myosotis;48,373729;-4,583852
202300022286;28;5;2023;06:50;1;17;17415;2;1;1;7;Rue de Gatérat;45,74534;-0,676376
202300022287;17;11;2023;05:50;5;30;30334;2;5;1;1;Avenue de la Gare;44,011089;4,412159
202300022288;11;3;2023;23:19;5;94;94068;2;9;1;6;8 Rue de la Poste;48,79248899;2,51540156
202300022289;28;1;2023;10:20;1;29;29101;2;3;1;3;175 Rue de la Mairie;48,586192;-4,569079
202300022290;16;11;2023;17:20;2;62;62060;1;1;2;1;D119;50,244159;2,099472
202300022291;17;1;2023;18:10;3;29;29015;1;1;1;7;Grande Ile;48,489655;-4,500993
202300022292;11;3;2023;01:30;5;94;94077;2;1;1;6;41 Rue du Maréchal Galliéni;48,742688;2,422136
202300022293;12;11;2023;20:00;5;57;57540;2;1;2;6;Rue du Collège;48,767632;7,259763
202300022294;11;3;2023;15:29;1;93;93066;2;2;1;3;Avenue du Stade de France / Rue Francis de Pressensé;48,919681;2,361697
202300022295;28;5;2023;18:12;1;14;14536;2;2;1;3;6 Rue des Quatre Francs;49,409414;0,251495
202300022296;29;1;2023;05:20;4;31;31524;1;3;1;1;D125;42,836765;0,603518
202300022297;16;11;2023;13:30;1;56;56240;1;1;8;3;Village le Duer;47,536776;-2,740853
202300022298;27;1;2023;22:35;3;6;6132;1;1;1;2;D6204 quartier noce;43,989098;7,547463
202300022299;10;3;2023;10:05;1;93;93066;2;2;8;1;Rue du Landy / Rue du Gaz;48,91538;2,36529
202300022300;29;5;2023;00:45;3;13;13071;2;3;1;3;ROUTE NATIONALE 113 - GAVOTTE;43,39527;5,34348
202300022301;29;1;2023;09:45;1;64;64528;1;1;8;6;CD 22;43,23280489;-1,20669816
202300022302;11;3;2023;20:30;5;93;93048;2;1;1;6;157 Rue de Rosny;48,86728;2,45693
202300022303;16;11;2023;18:00;2;56;56147;1;1;1;2;La Garenne;47,537471;-2,270887
202300022304;28;1;2023;19:30;3;16;16175;1;1;1;6;Chez Embeillard;45,529651;-0,043774
202300022305;27;5;2023;12:00;1;13;13103;1;1;1;4;RN 113;43,602;5,101
202300022306;9;3;2023;12:30;1;93;93029;2;1;1;3;Rue du Colonel Fabien;48,93697;2,45441
202300022307;29;1;2023;07:45;2;85;85008;1;1;1;7;D747 PK4;46,63088818;-1,44034099
202300022308;16;11;2023;15:00;1;76;76400;2;9;2;3;Rue des Ecuyers;49,822882;0,919731
202300022309;11;3;2023;14:00;1;93;93027;2;1;1;6;40 Boulevard Pasteur;48,92245638;2,38359198
202300022310;28;5;2023;05:15;2;13;13209;2;1;1;2;MICHELET (BOULEVARD);43,25247775;5,40258883
202300022311;28;1;2023;23:30;4;37;37029;2;6;1;3;D760;47,11192;0,731283
202300022312;17;11;2023;15:25;1;76;76377;2;3;7;6;2892 Route de Neufchatel;49,507269;1,16259
202300022313;11;3;2023;12:45;1;92;92078;2;1;1;2;MOULIN CAGE (QUAI);48,92505;2,32975
202300022314;28;5;2023;20:00;1;13;13206;2;2;1;3;PIERRE PUGET (COURS);43,29;5,37254
202300022315;10;3;2023;13:40;1;92;92019;2;2;6;3;GRILLONS (RUE DES);48,75670165;2,27611586
202300022316;27;5;2023;22:45;5;13;13210;2;1;1;6;RABATAU (BOULEVARD);43,27972;5,39934
202300022317;11;3;2023;13:45;1;92;92002;2;1;1;6;BOIS DE VERRIERES (AVENUE DU);48,75611;2,28331
202300022318;29;10;2023;09:45;1;33;33506;2;1;3;7;Route de Langon;44,69115626;-0,08771628
202300022319;28;1;2023;19:42;5;971;97103;1;1;1;6;N1;16,245311;-61,588283
202300022320;27;5;2023;13:35;1;13;13211;2;3;1;1;VIENNE (AVENUE DE);43,288;5,44
202300022321;9;3;2023;19:10;3;8;8452;1;1;2;7;D946;49,472007;4,409851
202300022322;16;11;2023;02:35;3;33;33505;1;1;1;6;Route de Creon;44,77158399;-0,33083439
202300022323;29;1;2023;04:45;3;17;17465;1;1;1;7;Autoroute A10, PK 411+700, sens Bordeaux - Paris;45,971469;-0,548115
202300022324;12;3;2023;10:55;1;21;21261;1;1;1;7;A31;47,274658;5,147856
202300022325;29;1;2023;00:15;3;987;98722;1;1;1;6;pk 16.500 - papenoo;-17,592;-149,391
202300022326;28;5;2023;16:40;1;11;11069;2;1;1;3;9 Rue Voltaire;43,21105;2,34706
202300022327;28;5;2023;23:45;5;8;8497;2;1;1;7;1 Promenade des Bertholet;49,774529;4,681691
202300022328;11;3;2023;12:05;1;972;97226;1;1;1;3;departementale 9;14,454254;-60,861973
202300022329;28;1;2023;15:00;1;988;98808;2;1;3;7;RT3 tribu de Wany;-21,274918;165,617888
202300022330;17;11;2023;10:07;1;49;49064;1;1;1;2;N162;47,671456;-0,709267
202300022331;29;1;2023;12:00;1;973;97311;2;1;2;1;Allee des Paganis;5,472748;-54,032314
202300022332;15;11;2023;17:10;1;49;49183;1;1;2;7;les Hautes Allières;47,54639;-1,008672
202300022333;27;5;2023;19:50;2;7;7008;1;1;1;5;D2 ( ROUTE DEPARTEMENTALE );44,71428;4,62659
202300022334;12;3;2023;01:45;3;22;22030;1;1;8;6;D767 PR 48+800;48,709258;-3,383178
202300022335;28;1;2023;20:00;3;971;97115;2;1;2;6;rue de la pépinière;16,237786;-61,656008
202300022336;14;11;2023;07:10;2;42;42334;1;1;2;7;Route de Balbigny;45,85176;4,32591
202300022337;12;3;2023;14:00;1;79;79175;2;3;1;7;;46,130703;0,000177
202300022338;28;5;2023;18:35;1;7;7281;1;1;1;5;TASSIGNY (RUE DE LATTRE DE);44,95324;4,8193
202300022339;28;1;2023;20:45;3;13;13025;1;1;1;1;La Cardeline / D 7N;43,490277;5,56789
202300022340;17;11;2023;17:15;3;68;68025;1;1;3;5;PK039.800;47,473287;7,276683
202300022341;12;3;2023;20:00;3;72;72058;1;1;3;7;RD304 - Route du Mans;47,96543;0,27966
202300022342;28;5;2023;06:05;2;6;6029;2;3;1;3;MACE (RUE);43,55245;7,02236
202300022343;25;1;2023;08:35;2;33;33349;1;3;1;3;Le Joucla;44,744821;-0,486389
202300022344;11;3;2023;13:38;1;34;34032;1;1;1;6;A75 - PK 328 + 860;43,373172;3,289872
202300022345;26;5;2023;18:20;1;5;5061;2;1;1;6;Chemin du Châteauvieux;44,54371;6,06692
202300022346;16;11;2023;07:15;2;44;44188;1;6;1;3;les 5 coins;47,062565;-1,568744
202300022347;25;1;2023;17:30;2;33;33528;1;1;1;3;20 Route de Blagon;44,873115;-0,985637
202300022348;16;1;2023;15:20;1;30;30174;2;1;1;3;ROUTE D'ALÈS;44,029073;4,377649
202300022349;16;11;2023;13:26;1;3;3257;1;1;1;6;39 Route du Breuil;46,223022;3,643889
202300022350;27;5;2023;18:25;1;75;75115;2;1;1;2;BD PERIPHERIQUE ;48,826376;2,297013
202300022351;28;1;2023;21:30;3;37;37089;2;1;1;6;D21;47,162473;0,312359
202300022352;11;3;2023;17:45;1;57;57667;1;1;1;6;D954;49,239765;6,564412
202300022353;16;11;2023;17:40;5;15;15120;2;1;2;6;D681;45,215411;2,338756
202300022354;27;5;2023;21:20;1;75;75112;2;1;1;3;BD PERIPHERIQUE INTERIEUR;48,828471;2,397418
202300022355;28;1;2023;01:57;3;5;5006;1;1;1;6;N94;44,778301;6,560318
202300022356;11;3;2023;15:00;1;56;56164;2;6;1;3;26 Rue de Ker Anna;47,656826;-2,862778
202300022357;27;5;2023;20:45;1;75;75115;2;1;1;2;BD PERIPHERIQUE EXTERIEUR;48,834256;2,275894
202300022358;16;11;2023;18:00;5;70;70198;2;3;3;3;Rue Louis Pasteur;47,553013;5,684846
202300022359;11;3;2023;15:00;1;79;79080;1;6;2;7;;46,664735;-0,247471
202300022360;29;1;2023;14:30;1;13;13092;2;3;1;6;Place de la Sente;43,548925;5,031191
202300022361;17;11;2023;02:27;3;6;6079;1;1;1;6;Boulevard du Bon Puits;43,523276;6,931985
202300022362;27;5;2023;15:55;1;75;75112;2;1;1;4;BD PERIPHERIQUE INTERIEUR;48,837816;2,412726
202300022363;28;1;2023;19:45;3;71;71360;1;1;1;6;Route des Etoiles;46,314654;4,754409
202300022364;12;3;2023;12:30;1;79;79063;1;3;1;2;N/A;47,055812;-0,32324
202300022365;16;11;2023;23:30;5;16;16030;1;6;2;6;D731;45,493366;-0,204177
202300022366;12;3;2023;09:53;1;33;33310;1;1;8;6;Liot;44,49627447;-0,50872654
202300022367;27;5;2023;08:55;1;75;75114;2;1;1;3;BD PERIPHERIQUE INTERIEUR;48,82146;2,319226
202300022368;28;1;2023;19:30;3;67;67101;1;1;1;1;D422;48,527267;7,506524
202300022369;11;11;2023;10:45;1;16;16303;1;1;1;1;D5;45,465603;-0,098086
202300022370;28;5;2023;18:45;1;75;75117;2;1;1;2;AVENUE DE VILLIERS;48,884012;2,303803
202300022371;28;1;2023;20:45;3;22;22162;1;1;1;7;D786;48,77022;-3,094625
202300022372;12;3;2023;16:05;1;32;32224;1;1;1;1;D930;43,889937;0,378063
202300022373;28;5;2023;02:50;5;75;75116;2;2;1;7;AVENUE DE LA PORTE DE SAINT CLOUD;48,838675;2,253957
202300022374;28;1;2023;20:08;3;59;59215;1;1;1;3;départementale 350;50,356503;3,603103
202300022375;15;11;2023;18:05;3;53;53141;1;3;1;5;Bouge;48,064436;-0,618635
202300022376;10;3;2023;16:30;1;47;47310;2;3;2;3;Rue du Marechal Foch;44,39187;0,312595
202300022377;11;3;2023;16:54;1;2;2680;1;1;1;7;;49,607887;3,392565
202300022378;16;11;2023;22:50;3;21;21023;1;1;2;1;D981;47,114773;4,467176
202300022379;28;1;2023;07:00;3;78;78206;1;1;1;7;A13;48,946948;1,94746
202300022380;11;3;2023;18:10;1;66;66009;2;1;8;6;Avenue Alzine Rodone;42,466933;2,653645
202300022381;27;1;2023;23:14;4;92;92072;1;1;2;6;N118;48,82774854;2,22492176
202300022382;28;5;2023;21:50;5;75;75113;2;3;1;3;BOULEVARD MASSENA;48,82266;2,37284
202300022383;17;11;2023;08:00;2;85;85146;2;3;1;1;RD 763 Rue saint-nicolas;46,974561;-1,322892
202300022384;12;3;2023;04:10;4;45;45030;2;1;2;3;D9 PR 29 + 100;48,062687;2,417094
202300022385;27;1;2023;19:10;3;78;78043;1;1;1;4;A12 W;48,82476;2,074568
202300022386;28;5;2023;18:25;1;75;75112;2;2;1;3;PONT DE BERCY;48,83866217;2,37575054
202300022387;12;3;2023;18:15;1;36;36109;1;1;1;3;;46,56734555;1,96565865
202300022388;17;11;2023;16:40;1;95;95394;2;1;1;3;D928;49,062509;2,187602
202300022389;12;3;2023;15:35;1;85;85104;1;1;2;7;VC rue saint-hilaire;46,393651;-1,293946
202300022390;28;5;2023;12:20;1;75;75118;2;2;1;3;AVENUE DE LA PORTE DE SAINT OUEN;48,897746;2,329047
202300022391;28;1;2023;14:00;1;77;77363;1;1;1;6;A104;48,9230794;2,62986948
202300022392;16;11;2023;08:59;1;80;80485;1;1;3;2;A16 PK111.725;49,747306;2,23031
202300022393;11;3;2023;19:15;5;973;97309;2;3;1;3;Route des Plages;4,902476;-52,264624
202300022394;28;5;2023;21:35;2;75;75108;2;1;1;3;AVENUE DES CHAMPS ELYSEES;48,873114;2,297068
202300022395;26;1;2023;01:10;5;988;98818;2;1;1;6;N° 28 RUE DU REVEREND PERE DE MIJOLLA;-22,23064;166,4601
202300022396;17;11;2023;16:00;1;77;77164;1;1;8;2;A5 - PK 27.000 vers Troyes;48,447081;2,902279
202300022397;28;5;2023;18:15;1;94;94078;2;1;1;6;Avenue de Choisy;48,75020241;2,433945
202300022398;12;3;2023;05:00;3;69;69268;1;1;1;1;Route de Brignais;45,663726;4,762584
202300022399;27;1;2023;15:42;1;976;97611;2;9;1;1;kaweni-Mangrove (route de la);-12,77576;45,22526
202300022400;16;11;2023;12:45;1;6;6030;2;1;1;6;Chemin de l'Industrie;43,57406;6,990432
202300022401;28;5;2023;03:00;5;94;94068;2;6;1;6;place du 8 MAI 1945;48,80237;2,492
202300022402;10;3;2023;22:30;5;73;73257;2;1;4;6;Avenue de la Croisette;45,33200859;6,53620666
202300022403;27;1;2023;08:35;1;974;97416;1;1;8;7;DELISLES (ROUTE HUBERT) CD3;-21,31284;55,5427
202300022404;12;3;2023;08:00;1;973;97311;1;1;1;6;Route de Saint Jean;5,449225;-54,041598
202300022405;28;5;2023;17:15;1;94;94028;2;6;1;3;Car de Pompadour;48,77426976;2,438788
202300022406;24;1;2023;17:10;1;974;97416;1;1;2;3;DE LA ZONE(ALLEE);-21,3156;55,4757
202300022407;11;3;2023;20:30;3;28;28113;1;1;2;6;D983;48,67311;1,56229
202300022408;11;3;2023;20:05;3;45;45137;1;1;2;1;D2152 PR 26 + 900;48,123018;2,191
202300022409;28;5;2023;19:00;1;93;93078;2;2;1;6;Boulevard Robert Ballanger / Av du Mal de Lattre de Tassigny;48,9575;2,5453
202300022410;27;1;2023;14:15;1;973;97302;2;3;1;3;MADELEINE (ROUTE DE LA);4,91250795;-52,32102245