Num_Acc;jour;mois;an;hrmn;lum;dep;com;agg;int;atm;col;adr;lat;long
202300022672;27;1;2023;17:20;5;93;93032;2;1;1;6;Avenue Jean Jaurès;48,88323576;2,5282985
202300022673;29;5;2023;15:00;1;6;6154;2;1;2;6;Route Departementale 2;43,792451;6,66254
202300022674;20;12;2023;12:20;1;974;97411;2;1;1;6;LIMITES (RUE DES);-20,8775;55,4563
202300022675;27;1;2023;18:10;2;93;93031;2;1;1;2;Route de Saint-leu;48,94699;2,34516
202300022676;28;5;2023;11:40;1;68;68106;1;9;1;3;D13bvi;47,876789;7,117188
202300022677;27;1;2023;05:50;5;93;93010;2;2;1;3;Avenue Galliéni / Route d'Aulnay;48,90573811;2,48031646
202300022678;29;5;2023;16:15;1;55;55351;1;3;1;1;D643;49,497504;5,390969
202300022679;20;12;2023;08:40;1;974;97411;2;2;2;3;LECONTE DE LISLE (AVENUE);-20,89522;55,48888
202300022680;15;11;2023;14:30;1;76;76322;2;2;1;3;Rue Guy de Maupassant;49,416562;1,037879
202300022681;26;1;2023;11:45;1;93;93010;2;1;8;6;20 Route de Villemomble;48,8937129;2,47929722
202300022682;19;12;2023;20:00;5;973;97302;2;1;1;7;MERE THERESA (rue);4,93427;-52,31378
202300022683;27;1;2023;14:17;1;92;92051;2;1;1;6;SAUSSAYE (BOULEVARD DE LA, N° 7 A 61 ET;48,89030368;2,26473123
202300022684;28;5;2023;22:50;3;3;3243;1;1;1;1;Route de Montmarault;46,321986;2,996703
202300022685;14;11;2023;17:15;3;71;71076;2;1;2;4;HUIT MAI 1945 (AVENUE);46,79454;4,8386
202300022686;27;1;2023;08:40;1;92;92040;2;1;1;6;RODIN (BOULEVARD);48,82011;2,26121
202300022687;19;12;2023;15:15;1;973;97302;2;4;1;3;MANGO (ROUTE);4,92958676;-52,31513366
202300022688;27;1;2023;17:20;1;92;92026;2;1;1;6;BELFORT;48,89529;2,24661
202300022689;15;11;2023;15:50;1;67;67482;2;3;1;6;BOURGOGNE (RUE DE);48,54874;7,74924
202300022690;29;5;2023;09:50;1;38;38349;1;2;1;3;Route de l?Ecluse;45,307953;4,801674
202300022691;19;12;2023;15:40;1;973;97302;2;1;1;6;VOLTAIRE(AVENUE);4,94310528;-52,31930584
202300022692;27;1;2023;08:35;2;92;92012;2;1;8;5;SILLY (RUE DE) 1/87 - 2/88;48,83842337;2,23218262
202300022693;27;5;2023;17:40;1;65;65123;1;1;1;7;route du col de Tourmalet;42,965099;0,230289
202300022694;13;11;2023;18:20;5;67;67482;2;1;2;6;VIEUX MARCHE AUX POISSONS (RUE DU);48,58084;7,74935
202300022695;19;12;2023;11:40;1;973;97302;2;1;1;6;MORTIN (CITE);4,91433;-52,32563
202300022696;28;1;2023;12:45;1;60;60242;2;1;1;2;D901;49,58738409;1,95428871
202300022697;29;5;2023;18:40;1;64;64478;1;9;1;7;CHEMIN LAS HIES;43,271636;-0,438123
202300022698;14;11;2023;18:30;1;66;66136;2;3;1;6;MERMOZ (AVENUE JEAN);42,69605;2,9056
202300022699;20;12;2023;16:50;1;972;97213;1;1;1;3;AUTOROUTE A1;14,61827978;-61,03453824
202300022700;28;1;2023;07:00;1;976;97610;1;1;1;1;Trevani;-12,729203;45,190394
202300022701;14;11;2023;16:12;1;66;66136;2;1;1;6;Avenue Général GILLES;42,69826;2,92823
202300022702;28;1;2023;02:30;3;973;97353;2;1;1;7;Piste Abdalah;3,641128;-54,0394
202300022703;28;5;2023;18:30;1;59;59400;1;1;7;1;Rue Cappelboom;50,667321;2,600058
202300022704;20;12;2023;07:24;1;972;97213;1;6;1;1;ROUTE DEPARTEMENTALE 14;14,62011;-61,0215
202300022705;16;11;2023;00:30;3;64;64545;1;1;1;7;N/A;43,38481;-1,6977
202300022706;26;1;2023;11:25;1;62;62645;2;2;1;3;D940;50,978456;2,046167
202300022707;27;5;2023;17:45;1;13;13117;1;1;1;2;A7-Sens Lyon vers Marseille;43,43266;5,25693
202300022708;15;11;2023;14:40;1;64;64348;1;1;1;6;CHARLES DE GAULLE;43,31312;-0,41622
202300022709;20;12;2023;14:15;1;69;69384;2;1;1;3;35 Rue Jacques-Louis Hénon;45,77954707;4,82854828
202300022710;27;1;2023;18:00;3;62;62397;2;1;1;3;D215;50,86631023;1,87659788
202300022711;13;11;2023;14:30;1;64;64445;2;1;1;3;SARAGOSSE DE;43,30834;-0,36133
202300022712;27;5;2023;05:45;2;13;13056;1;1;1;2;A55-Sens Marseille vers Martigues;43,39936;5,03963
202300022713;20;12;2023;12:20;1;69;69202;2;1;1;6;Avenue de Limburg;45,7282;4,77939
202300022714;28;1;2023;06:00;2;971;97109;2;1;1;1;avenue du général de Gaulle;15,992871;-61,692519
202300022715;15;11;2023;07:45;1;64;64122;2;6;1;3;DASSAULT MARCEL (BD);43,4713;-1,5358
202300022716;28;1;2023;16:10;1;71;71312;1;1;1;7;D35;46,802847;4,998559
202300022717;19;12;2023;19:20;5;69;69385;2;2;1;1;49 Avenue du Point du Jour;45,75621;4,80289
202300022718;26;5;2023;19:40;1;67;67152;1;1;1;6;M83;48,530376;7,693313
202300022719;15;11;2023;19:55;5;63;63113;2;1;1;3;MICHELIN (AVENUE EDOUARD);45,78169;3,1007
202300022720;28;5;2023;18:30;1;94;94038;1;1;1;6;A6A;48,78216297;2,34689144
202300022721;15;11;2023;21:30;4;971;97101;2;3;1;2;PATRICK SAINT ELOI ( AVENUE );16,25505798;-61,52198106
202300022722;11;9;2023;08:15;1;77;77335;1;2;1;3;RD140 (ROUTE DEPARTEMENTALE);48,96985;2,82971
202300022723;15;11;2023;07:00;3;62;62270;1;1;1;7;D941;50,46526;2,49703
202300022724;17;1;2023;18:58;3;37;37141;1;1;4;6;Autoroute A85;47,2876406;1,04600072
202300022725;28;5;2023;17:30;1;77;77296;1;1;1;2;AUTOROUTE A5A;48,607475;2,582122
202300022726;20;12;2023;12:40;1;2A;2A004;2;3;1;3;ILES SANGUINAIRES ROUTE DES;41,90871;8,71798
202300022727;28;5;2023;07:25;1;92;92064;1;1;1;6;A13;48,83939388;2,21898131
202300022728;15;11;2023;10:15;1;59;59599;2;1;1;2;PARIS (RUE DE);50,71974242;3,14257174
202300022729;12;9;2023;17:25;1;77;77438;2;2;2;2;SAINT GERMAIN DES NOYERS  (AVENUE);48,86338;2,67534
202300022730;19;12;2023;16:22;1;87;87085;2;1;1;2;SAINT MARTIAL (QUAI);45,82145;1,26304
202300022731;28;5;2023;09:00;1;95;95018;1;1;1;2;D909;48,96161914;2,25928366
202300022732;15;11;2023;10:15;1;59;59350;2;1;1;6;DUNKERQUE AVENUE DE;50,63672;3,0253
202300022733;12;9;2023;07:50;2;77;77333;2;1;1;2;AV CARNOT;48,26829;2,68615
202300022734;27;5;2023;22:30;3;95;95306;1;1;1;6;A15;49,00983419;2,15635796
202300022735;19;12;2023;06:50;3;84;84007;2;1;1;6;C.De GAULLE (Rocade);43,9289;4,8158
202300022736;9;9;2023;06:40;2;76;76351;1;6;5;6;RD 982;49,50349;0,19235
202300022737;15;11;2023;10:30;1;59;59360;2;3;1;6;AVINEE EUGENE AVENUE;50,60395;3,0332
202300022738;19;12;2023;17:52;4;80;80021;2;1;2;6;STRASBOURG (BOULEVARD DE);49,88989;2,27761
202300022739;10;9;2023;03:05;3;76;76351;2;1;1;6;Chemin Rural 47 Bléville;49,527713;0,083581
202300022740;16;12;2023;21:10;4;80;80021;2;1;1;6;CARNOT (BOULEVARD);49,89071;2,29037
202300022741;13;11;2023;17:35;5;51;51454;2;1;2;3;SAINT MARCEAUX (BOULEVARD) N°2 A 68 ET C;49,25195;4,04352
202300022742;9;9;2023;09:55;1;76;76351;2;2;1;6;MARECHAL JOFFRE (RUE);49,4999;0,13018
202300022743;20;12;2023;08:00;5;78;78440;2;1;1;6;SEINE (RUE DE);48,997334;1,910889
202300022744;12;11;2023;02:50;3;50;50129;2;3;2;6;BENECERE (AVENUE DE);49,65651;-1,69135
202300022745;11;9;2023;14:00;1;74;74298;2;1;1;2;EUROPE (AVENUE DE L');46,17793;6,24443
202300022746;20;12;2023;01:00;5;78;78498;2;1;8;1;BON ROI SAINT LOUIS AVENUE;48,92995;2,03766
202300022747;14;11;2023;10:55;1;49;49007;2;1;8;3;BICHON PLACE;47,47853;-0,5647
202300022748;19;12;2023;15:00;1;77;77296;1;1;1;1;RD 306;48,6184;2,54029
202300022749;10;9;2023;14:35;1;71;71270;2;2;1;3;HERITAN (RUE DE L');46,306;4,82
202300022750;15;11;2023;08:00;2;47;47001;2;6;1;3;9EME DE LIGNE (COURS DU);44,19508;0,61231
202300022751;15;11;2023;08:25;1;38;38563;2;1;1;6;BECQUART-CASTELBON (COURS);45,36145;5,59067
202300022752;10;9;2023;21:15;5;71;71076;2;2;1;3;PONT DE FER (RUE DU);46,79381356;4,84266582
202300022753;20;12;2023;12:50;1;77;77449;2;6;8;4;D345;48,85188094;2,77814941
202300022754;15;11;2023;17:45;5;37;37261;2;2;1;6;COLOMB (RUE CHRISTOPHE);47,38084;0,70005
202300022755;19;12;2023;20:55;5;76;76640;2;1;2;1;Rue de Louviers;49,26829;1,04622
202300022756;13;9;2023;22:50;5;69;69266;2;2;2;3;Rue Antoine Primat;45,75817;4,89328
202300022757;15;11;2023;10:15;1;37;37261;2;1;1;2;VAILLANT (RUE EDOUARD);47,38612;0,69898
202300022758;11;9;2023;17:35;1;69;69256;2;1;1;6;94 Avenue du 8 Mai 1945;45,78814;4,91296
202300022759;11;9;2023;14:35;1;69;69282;2;1;7;6;Rue Joseph Desbois;45,77516;5,00508
202300022760;19;12;2023;15:35;1;76;76351;2;2;2;3;LOUIS EUDIER;49,48521;0,13039
202300022761;15;11;2023;08:40;1;37;37122;2;1;1;2;JAURES (BOULEVARD JEAN);47,34827;0,65959
202300022762;20;12;2023;21:30;5;74;74012;2;1;1;6;EUROPE (AVENUE DE L');46,1821;6,234
202300022763;11;9;2023;22:20;5;67;67482;2;1;1;6;ZURICH (RUE DE);48,57934;7,7582
202300022764;15;11;2023;08:40;1;37;37233;2;2;1;3;LENINE (AVENUE);47,3941;0,73844
202300022765;19;12;2023;07:55;2;69;69266;2;1;5;3;Cours Emile Zola;45,76756206;4,89001231
202300022766;10;9;2023;15:15;1;67;67218;2;1;1;7;LYON (RTE DE);48,53209;7,71803
202300022767;15;11;2023;20:35;5;34;34172;2;2;1;3;JUSTICE DE CASTELNAU (AVENUE DE LA);43,6268;3,86999
202300022768;20;12;2023;09:45;1;66;66136;2;1;1;2;N/A;42,71388;2,90187
202300022769;9;9;2023;15:26;1;66;66136;2;3;1;3;N/A;42,73614;2,89057
202300022770;15;11;2023;14:10;1;33;33318;1;1;1;3;Avenue du Maréchal de Lattre de Tassigny (rd);44,77331;-0,71053
202300022771;20;12;2023;13:10;1;64;64284;2;1;1;4;RAUSKI;43,2655;-0,38974
202300022772;15;11;2023;05:30;3;33;33039;1;1;2;2;Quai du Président Wilson;44,81582275;-0,5364646
202300022773;9;9;2023;10:18;1;66;66136;2;2;1;3;N/A;42,7017;2,89706
202300022774;20;12;2023;16:37;1;63;63113;2;6;1;2;elisée Reclus /Louis Blériot;45,78811;3,13981
202300022775;15;11;2023;19:11;5;27;27681;2;6;1;6;LECLERC (BOULEVARD DU MARECHAL);49,09554;1,48573
202300022776;12;9;2023;16:45;1;65;65440;2;1;8;6;Avenue des Forges;43,24115141;0,07722504
202300022777;1;12;2023;16:00;1;62;62510;2;1;1;3;D58E4;50,42525;2,79413
202300022778;15;11;2023;07:00;5;27;27229;2;2;1;3;BOIS DES COMMUNES (RUE DU);49,02939;1,17999
202300022779;12;9;2023;17:30;1;64;64445;2;1;3;3;EUROPE DE L';43,3265;-0,32633
202300022780;29;11;2023;00:10;5;62;62193;2;3;1;3;Boulevard Léon Gambetta;50,94656;1,84329
202300022781;14;11;2023;18:17;5;27;27229;2;2;1;6;CHURCHILL (AVENUE WINSTON);49,01792;1,167665
202300022782;11;9;2023;15:30;1;64;64445;2;1;1;2;LEON BLUM;43,32501;-0,32517
202300022783;14;11;2023;13:28;1;27;27229;2;1;2;2;GAMBETTA (BOULEVARD);49,019039;1,149494
202300022784;16;12;2023;18:00;3;62;62764;1;1;1;4;D917;50,31283;2,77585
202300022785;12;9;2023;21:40;5;64;64122;2;2;3;3;SABAOU (AVENUE DU);43,47442;-1,5503
202300022786;12;11;2023;17:40;3;15;15014;2;3;3;3;N 122;44,89801;2,41184
202300022787;17;12;2023;15:30;1;59;59350;2;3;1;3;CHEMIN SAINT MARTIN RUE DU;50,64129;2,97892
202300022788;12;9;2023;09:50;1;64;64122;2;1;8;6;VERDUN (AVENUE DE);43,4818;-1,5573
202300022789;19;12;2023;12:10;1;59;59178;2;1;2;6;WARENGHIEN (RUE DE);50,37333;3,06612
202300022790;15;11;2023;18:30;3;13;13117;2;3;1;3;EUROPE ( AVENUE DE L' );43,43175;5,24875
202300022791;11;9;2023;22:15;5;64;64024;2;6;2;3;BAHINOS (ROND POINT DE);43,49415479;-1,51876164
202300022792;12;12;2023;18:25;5;56;56260;2;1;1;6;AOUT 1944(RUE DU 4);47,67416;-2,7589
202300022793;15;11;2023;16:20;1;13;13215;2;3;1;3;SAINT ANTOINE (AVENUE DE);43,37852;5,35629
202300022794;10;9;2023;13:40;1;64;64024;2;1;1;3;GENERAL LECLERC (PLACE DU);43,49474;-1,52899
202300022795;19;12;2023;09:00;1;51;51454;2;3;1;1;CAILLOIS (RUE ROGER);49,21908;4,02407
202300022796;18;12;2023;17:25;5;51;51506;2;1;8;6;ROOSEVELT (AVE PRESIDENT);48,94503;4,38291
202300022797;12;9;2023;19:30;3;63;63164;1;1;2;3;D 210 A (RTE);45,82625;3,15732
202300022798;14;11;2023;20:25;5;13;13205;2;2;1;3;BAILLE (BOULEVARD);43,28801478;5,39141023
202300022799;20;12;2023;08:25;2;49;49267;2;1;1;3;VERDUN;47,46804;-0,49328
202300022800;7;9;2023;15:55;1;61;61169;1;9;1;3;D962;48,752344;-0,525048
202300022801;14;11;2023;18:25;5;10;10387;2;2;8;6;TEINTURIERS (DES);48,3;4,09
202300022802;19;12;2023;18:30;2;49;49267;2;1;1;6;GRAND MONTREJEAU;47,46557;-0,51963
202300022803;14;11;2023;14:30;1;10;10343;2;6;8;3;FABLE (RUE);48,27387;4,09263
202300022804;11;9;2023;17:40;1;61;61001;2;6;1;3;Voie Communale;48,43655;0,10493
202300022805;20;12;2023;11:36;1;45;45338;2;6;1;1;15 Rue George Sand;47,98465;2,71098
202300022806;14;11;2023;07:40;1;10;10387;2;2;1;6;NOES (RUE DES);48,29760313;4,05864894
202300022807;25;5;2023;21:45;5;59;59112;2;3;1;6;BERTHELOT (RUE);50,39342;3,527413
202300022808;20;12;2023;08:55;2;43;43157;2;3;1;6;Avenue D 'Aiguilhe;45,04709;3,87938
202300022809;15;11;2023;17:45;5;6;6088;2;1;1;1;JOLY (CORNICHE ANDRE DE);43,7023317;7,2945572
202300022810;12;9;2023;13:55;1;59;59508;2;1;1;6;LILLE (RUE DE)MENIN A 8 MAI 1945;50,74854518;3,11949668
202300022811;20;12;2023;16:30;2;41;41018;2;3;1;3;LAPLACE (RUE);47,60347;1,334
202300022812;15;11;2023;17:38;2;75;75116;2;1;1;6;BOULEVARD DE L AMIRAL BRUIX;48,873081;2,276727
202300022813;11;9;2023;13:15;1;59;59152;1;2;1;3;Chemin du Petit Enfer;50,744132;3,00225
202300022814;20;12;2023;06:40;5;38;38185;2;2;2;3;EDMOND ESMONIN (AVENUE);45,15927;5,72881
202300022815;13;11;2023;23:55;5;75;75120;2;7;1;6;PLACE DE LA PORTE DE BAGNOLET;48,864813;2,408939
202300022816;20;12;2023;19:00;5;37;37261;2;2;8;6;HALLEBARDIER (RUE DU);47,38235787;0,69498315
202300022817;12;9;2023;20:30;5;59;59328;2;2;1;3;HIPPODROME AV DE L N°237 AU389;50,64451;3,02866
202300022818;20;12;2023;16:10;1;37;37261;2;1;1;6;PAS NOTRE-DAME (RUE DU);47,41377;0,69661
202300022819;11;9;2023;18:30;2;59;59350;2;1;8;3;Avenue Roger Salengro;50,64037;2,99039
202300022820;15;11;2023;11:50;1;75;75119;2;2;1;2;RUE DE LORRAINE;48,885084;2,383773
202300022821;16;12;2023;16:53;1;36;36044;2;1;1;3;N/A;46,8173943;1,69703901
202300022822;15;11;2023;10:48;1;75;75118;2;2;1;6;BOULEVARD NEY;48,898088;2,344367
202300022823;25;6;2023;05:00;5;59;59360;2;2;1;3;PARE AMBROISE RUE;50,60164;3,03962
202300022824;20;12;2023;08:55;1;35;35238;2;1;1;2;TILLON (AVENUE CHARLES);48,12558;-1,69682
202300022825;20;12;2023;16:50;1;31;31557;2;9;2;6;CHE FERRO LEBRES;43,585012;1,372586
202300022826;9;9;2023;00:40;3;59;59185;2;1;1;6;D645;50,33606;3,20844
202300022827;19;12;2023;07:30;3;31;31069;2;1;8;6;PARC (AV DU);43,631285;1,38865
202300022828;20;12;2023;17:50;5;28;28134;2;1;1;6;EUROPE (BOULEVARD DE L');48,73779;1,347
202300022829;7;9;2023;18:30;1;59;59122;2;1;1;6;LIBERTE (BOULEVARD DE LA);50,1718682;3,22750578
202300022830;12;9;2023;09:55;1;58;58194;2;2;2;3;FRANCIS GARNIER;46,99327;3,1729
202300022831;20;12;2023;11:10;1;27;27229;2;2;8;1;GAMBETTA (BOULEVARD);49,01918;1,15212
202300022832;11;9;2023;12:25;1;58;58194;2;3;1;3;ARDENETS;46,97946;3,13153
202300022833;20;12;2023;10:12;1;27;27229;2;2;8;1;SEMARD (RUE PIERRE);49,01595;1,16566
202300022834;8;9;2023;21:29;5;57;57491;2;3;1;3;TREHEMONT (ROUTE DE);49,25177;6,05154
202300022835;11;9;2023;16:40;1;56;56083;2;1;1;6;REPUBLIQUE ( AV. DE LA );47,80004;-3,28818
202300022836;15;12;2023;12:30;1;26;26008;1;3;1;3;Route de Rochemaure;44,57578;4,72057
202300022837;11;9;2023;19:00;1;56;56162;1;1;1;7;MOULIN DU TER (RUE DU );47,73293;-3,40406
202300022838;10;9;2023;23:54;3;56;56098;1;1;1;3;N/A;47,77812;-3,35489
202300022839;15;12;2023;11:45;1;24;24322;2;1;1;6;FENELON (COURS);45,18165;0,72105
202300022840;9;9;2023;19:57;1;56;56162;2;3;1;1;DOLMEN (RUE DU);47,7042991;-3,4453561
202300022841;18;12;2023;10:39;1;21;21278;2;6;1;3;AHUY (D') (ROUTE);47,34704;5,03491
202300022842;11;9;2023;18:45;1;54;54578;2;3;7;3;Boulevard du Docteur Cattenoz;48,67332697;6,1599344
202300022843;19;12;2023;18:45;5;14;14118;2;1;2;6;137 Rue de Falaise;49,168522;-0,352014
202300022844;11;9;2023;19:50;2;54;54274;2;1;1;3;Rue Gabriel Fauré;48,67120857;6,21171176
202300022845;19;12;2023;18:10;5;14;14118;2;1;3;6;JUIN (BOULEVARD MARECHAL);49,20311;-0,39081
202300022846;12;9;2023;14:35;1;54;54270;1;1;1;6;D26;49,47743;5,88552
202300022847;19;12;2023;17:30;5;14;14437;2;1;3;6;65 Avenue Pierre Mendès France;49,1701;-0,32393
202300022848;7;9;2023;14:00;1;52;52448;1;1;1;5;RN4;48,62582;4,93471
202300022849;20;12;2023;12:45;1;13;13210;2;1;1;3;CAPELETTE (AVENUE DE LA);43,27963187;5,41055937
202300022850;19;12;2023;20:15;5;13;13210;2;1;1;3;JACQUES HEBERT (RUE);43,2831;5,39277
202300022851;12;9;2023;17:30;1;51;51454;2;2;8;2;VIGNOBLE (ALLEE);49,2225;4,01452
202300022852;19;12;2023;11:00;1;13;13208;2;1;1;6;PRADO (AVENUE DU);43,276;5,389
202300022853;12;9;2023;08:47;1;51;51454;2;9;1;3;FARMAN (AVENUE HENRI);49,2367;4,0711
202300022854;20;12;2023;13:25;1;13;13001;2;1;1;3;CLUB HIPPIQUE (AV);43,51263;5,42708
202300022855;8;9;2023;18:45;1;51;51172;2;6;1;3;ALSACE LORRAINE (BOULEVARD);49,2196;4,0414
202300022856;10;9;2023;10:00;1;51;51454;2;4;1;6;VOLTAIRE (RUE);49,25593;4,0386
202300022857;17;12;2023;08:40;1;7;7186;2;3;1;3;MOBILES (BLD. DES);44,73619;4,60125
202300022858;20;12;2023;07:30;3;7;7281;1;1;2;1;C.D. 533 (VERS LE PUY);44,93217;4,79362
202300022859;9;9;2023;18:20;1;50;50129;2;2;1;7;THIVET ( avenue du );49,63549;-1,66567
202300022860;31;8;2023;09:26;1;46;46042;2;1;1;6;BASTIE (AVENUE MARYSE);44,45935;1,4242
202300022861;12;9;2023;08:30;1;45;45234;2;1;1;6;2 Rue Alexandre Avisse;47,90315;1,893427
202300022862;10;9;2023;22:47;5;45;45004;2;1;1;7;D2107 PR 0 + 793;47,98680768;2,7325514
202300022863;19;12;2023;14:15;1;6;6088;2;1;1;3;Promenade des Anglais;43,6819761;7,232397
202300022864;4;9;2023;08:56;1;45;45004;2;1;1;3;D93 PR 0 + 393;47,97737;2,73652
202300022865;9;9;2023;20:23;2;45;45208;2;1;1;7;Boulevard John Kennedy;47,9982834;2,72085589
202300022866;11;9;2023;15:25;1;44;44184;2;1;1;3;Rue Pitre Grenapin;47,260403;-2,258477
202300022867;19;12;2023;09:00;1;6;6088;2;3;1;6;BARLA (RUE);43,701952;7,282894
202300022868;11;9;2023;19:10;2;43;43157;2;3;1;5;2b Boulevard Alexandre Clair;45,03958;3,88215
202300022869;19;12;2023;20:00;5;6;6069;2;1;1;3;Route de Cannes;43,62469;6,96474
202300022870;10;9;2023;21:10;5;41;41047;2;2;1;3;RD 2152;47,60314;1,34959
202300022871;20;12;2023;13:25;1;6;6029;2;1;1;3;POESIE (AVENUE PIERRE);43,55256;6,96278
202300022872;12;9;2023;18:35;1;38;38516;2;4;1;3;CHARTREUSE (ROUTE DE) 34 A FIN;45,20782;5,74152
202300022873;12;9;2023;14:02;1;38;38169;2;1;1;6;CURIE (BOULEVARD J.);45,1914;5,69492
202300022874;20;12;2023;17:50;5;75;75118;2;3;8;6;BOULEVARD BARBES;48,889734;2,34964
202300022875;11;9;2023;09:45;1;38;38185;2;3;1;6;BOULEVARD AGUTTE SEMBAT;45,18875;5,72574
202300022876;12;9;2023;08:45;1;38;38053;2;1;1;3;HERRIOT (EDOUARD);45,58721;5,2726
202300022877;12;9;2023;19:10;1;37;37261;2;1;1;2;NAPOLEON (PONT);47,39924;0,67547
202300022878;20;12;2023;10:07;1;75;75105;2;1;1;2;QUAI SAINT MICHEL;48,85339;2,345613
202300022879;11;9;2023;14:00;1;37;37261;2;1;1;6;STRAUSS (RUE JOHANN);47,36759;0,71056
202300022880;11;9;2023;18:30;1;35;35278;1;3;1;6;RD 82;48,16229;-1,69011
202300022881;11;9;2023;14:55;1;35;35238;2;2;1;3;GUYENNE (AVENUE DE);48,12141;-1,71461
202300022882;18;12;2023;21:50;5;75;75105;2;2;1;3;BOULEVARD DE PORT ROYAL;48,839482;2,337601
202300022883;11;9;2023;12:00;1;35;35278;1;1;1;4;RD 29;48,1571601;-1,69866174
202300022884;11;9;2023;17:08;1;34;34032;2;1;1;3;PEZENAS (ROUTE DE);43,35756;3,2426
202300022885;20;12;2023;14:10;1;75;75120;2;1;1;3;AVENUE DU PROFESSEUR ANDRE LEMIERE;48,858357;2,414626
202300022886;11;9;2023;15:20;1;34;34003;2;1;1;3;MARCELLIN ALBERT (H15 A H16;43,308;3,47803
202300022887;12;9;2023;17:05;1;33;33192;2;1;3;4;Cours du Général de Gaulle;44,78971;-0,60519
202300022888;12;9;2023;16:40;1;33;33550;2;8;3;6;Route de Toulouse;44,78186043;-0,56602389
202300022889;11;9;2023;17:55;1;33;33167;2;1;1;6;Rue Jules Guesde;44,82922;-0,5287
202300022890;11;9;2023;09:45;1;33;33063;1;1;1;4;Boulevard des Frères Moga;44,82385093;-0,54325461
202300022891;20;12;2023;17:10;5;75;75119;2;3;1;6;RUE AUGUSTIN THIERRY;48,876355;2,393124
202300022892;12;9;2023;19:55;2;32;32013;2;6;8;7;DARWIN;43,6331;0,58923
202300022893;20;12;2023;16:53;2;75;75118;2;3;2;6;AVENUE DE SAINT OUEN;48,890411;2,326602
202300022894;11;9;2023;13:03;1;31;31555;2;2;1;3;TUCAUT (CHE DE) DU 8AU 364;43,56014;1,3605
202300022895;7;9;2023;08:03;1;30;30189;2;3;1;3;Rue Docteur Calmette;43,82933357;4,36694473
202300022896;12;9;2023;20:15;1;29;29232;1;6;1;6;Rond-Point Gutenberg;47,98020542;-4,08071553
202300022897;20;12;2023;12:15;1;75;75116;2;3;1;2;RUE PERGOLESE;48,874392;2,28285
202300022898;11;9;2023;14:00;1;29;29019;2;1;1;6;avenue de Tarente;48,403379;-4,507795
202300022899;7;9;2023;17:00;1;26;26198;2;1;1;6;Vieille Route du Teil;44,56285;4,74723
202300022900;12;9;2023;21:00;5;25;25388;2;9;1;3;HOLLANDE (RUE DE LA PETITE);47,5038;6,79513
202300022901;12;9;2023;10:20;1;25;25056;2;2;1;3;CHASNOT RUE DU;47,25211;6,0269
202300022902;20;12;2023;13:10;1;75;75115;2;2;1;3;AVENUE DE SUFFREN;48,84581498;2,30955362
202300022903;12;9;2023;14:57;1;22;22187;2;2;1;3;CHALUTIER SANS PITIE (Avenue du);48,53013;-2,76466
202300022904;12;9;2023;07:40;1;22;22278;2;9;1;6;FONTAINE-SAINT-BRIEUC (DE LA);48,51769;-2,76644
202300022905;20;12;2023;11:30;1;75;75115;2;3;1;6;RUE NANTEUIL;48,835141;2,305568
202300022906;8;9;2023;16:25;1;19;19031;2;3;1;6;Boulevard Brune;45,15316;1,53437
202300022907;7;9;2023;09:30;1;19;19031;2;3;1;3;RIBOT (AVENUE);45,16473;1,51318
202300022908;8;9;2023;08:35;1;18;18033;2;6;1;6;49 Avenue des Frères Voisin;47,0695;2,3763
202300022909;20;12;2023;10:50;1;75;75115;2;3;1;6;RUE DE DANTZIG;48,832526;2,297625
202300022910;11;9;2023;11:50;1;17;17333;2;1;3;6;COTE DE BEAUTE (BOULEVARD);45,6015;-1,00001
202300022911;11;9;2023;23:30;5;13;13213;2;9;1;6;JEAN PAUL SARTRE (AVENUE);43,32179555;5,41772377
202300022912;11;9;2023;15:00;1;13;13208;2;1;1;1;MADRAGUE DE MONTREDON (AVE DE LA) ;43,23741;5,3638
202300022913;20;12;2023;00:09;5;75;75115;2;2;2;1;RUE DE VAUGIRARD;48,844427;2,317692
202300022914;11;9;2023;16:00;1;13;13203;2;3;1;5;NATIONAL (BOULEVARD);43,30573;5,38398
202300022915;11;9;2023;06:04;5;13;13207;2;1;1;6;RIVE NEUVE (QUAI);43,29274739;5,36878109
202300022916;20;12;2023;18:50;5;75;75111;2;2;8;6;RUE DU FAUBOURG SAINT ANTOINE;48,851302;2,376134
202300022917;6;8;2023;19:25;1;13;13028;1;1;1;2;BODIN (AVENUE EMILE);43,20642444;5,58575274
202300022918;20;12;2023;18:00;5;75;75111;2;2;2;3;BOULEVARD RICHARD LENOIR;48,855151;2,370335
202300022919;12;9;2023;08:00;1;13;13001;1;1;1;3;LOQUI (ROUTE DE);43,51625271;5,38066945
202300022920;20;12;2023;16:20;1;75;75102;2;1;2;6;RUE DES JEUNEURS;48,869709;2,343895
202300022921;11;9;2023;23:45;5;10;10343;2;1;1;7;SAPINS (AVENUE);48,27638;4,08892
202300022922;11;9;2023;22:24;5;10;10387;2;1;1;6;MAJOR GENERAL VANIER (AVENUE);48,3057;4,071
202300022923;20;12;2023;14:35;1;75;75102;2;2;1;6;RUE DE TURBIGO;48,864115;2,3501326
202300022924;11;9;2023;20:08;5;10;10343;2;1;1;7;MICHEL BAROIN (RUE);48,2817;4,0957
202300022925;9;9;2023;17:10;1;10;10387;2;1;1;2;GAMBETTA (RUE);48,29809;4,06816
202300022926;15;12;2023;08:00;2;94;94046;2;1;1;3;Rue Victor Hugo;48,80086;2,43441
202300022927;11;9;2023;17:30;1;9;9225;2;3;1;3;CORDELIERS RUE DES;43,1176;1,61228
202300022928;20;12;2023;00:42;5;94;94076;2;2;2;2;Boulevard Maxime Gorki;48,79606;2,36836