Num_Acc;jour;mois;an;hrmn;lum;dep;com;agg;int;atm;col;adr;lat;long
202300022929;11;9;2023;13:53;1;9;9122;2;1;1;6;LERIDA (AVENUE DE);42,964489;1,602872
202300022930;19;12;2023;19:15;5;94;94028;2;1;2;6;Avenue du Maréchal Foch;48,78461;2,43675
202300022931;12;9;2023;12:29;1;6;6088;2;9;1;1;REPUBLIQUE (AV. DE LA);43,70787;7,28407
202300022932;20;12;2023;11:15;1;94;94022;2;2;1;3;Boulevard des Alliés;48,7669;2,403992
202300022933;11;9;2023;09:40;1;6;6027;2;3;1;6;DELATTRE DE TASSIGNY AV DU MAL;43,658;7,162384
202300022934;20;12;2023;13:45;1;94;94018;2;3;1;3;37 Place Bobillot;48,82025634;2,40385804
202300022935;12;9;2023;12:00;1;4;4112;2;1;1;6;GIONO (AV. J.);43,82952;5,78545
202300022936;11;9;2023;15:05;1;3;3190;2;6;1;6;Rue Félix Mathé;46,562712;3,325246
202300022937;20;12;2023;18:20;5;93;93073;2;5;2;2;Avenue Pasteur / Rue de l'Argonne;48,94192;2,57364
202300022938;11;9;2023;08:10;1;1;1451;1;6;1;3;PARIS (ROUTE DE);46,22452;5,20666
202300022939;11;9;2023;16:00;1;75;75112;2;1;1;2;PORTE DOREE;48,83513;2,411619
202300022940;15;12;2023;23:45;5;93;93032;2;3;1;3;Rue Vaillant Couturier / Rue de l'Avenir;48,8705985;2,55476117
202300022941;11;9;2023;01:20;5;75;75120;2;1;1;4;PORTE DE MONTREUIL;48,85993;2,413982
202300022942;20;12;2023;08:10;1;93;93001;2;2;1;3;Boulevard Anatole France / Rue des Noyers;48,91624;2,38164
202300022943;20;12;2023;11:02;1;92;92063;2;9;1;6;DOUMER (AVENUE PAUL) EST;48,88010644;2,18108252
202300022944;12;9;2023;07:55;1;75;75105;2;3;1;3;QUAI SAINT MICHEL;48,853756;2,34429
202300022945;20;12;2023;08:14;2;92;92026;2;6;1;3;JEAN MERMOZ (SQUARE ET PLACE);48,90255816;2,27459908
202300022946;12;9;2023;18:00;1;75;75116;2;3;2;3;AVENUE DE LA PORTE DE SAINT CLOUD;48,83682443;2,25365326
202300022947;12;9;2023;14:30;1;75;75115;2;7;2;2;PLACE DES INSURGES DE VARSOVIE;48,827094;2,292701
202300022948;19;12;2023;19:27;5;92;92025;2;2;1;3;PAUL BERT (RUE);48,92566338;2,24716265
202300022949;12;9;2023;10:00;1;75;75115;2;2;1;3;RUE VIGEE LEBRUN;48,838547;2,311505
202300022950;20;12;2023;16:25;1;92;92009;2;3;8;3;EUROPE (AVENUE);48,90722905;2,26466328
202300022951;12;9;2023;16:20;1;75;75114;2;3;2;6;AVENUE DU GENERAL LECLERC;48,82878642;2,32774615
202300022952;20;12;2023;13:54;1;92;92004;2;1;2;3;DOCTEUR DERVAUX  ( QUAI DU );48,90656;2,29078
202300022953;12;9;2023;13:09;1;75;75114;2;3;3;3;AVENUE DU GENERAL LECLERC;48,8307816;2,32941172
202300022954;18;12;2023;09:00;1;33;33334;2;8;5;3;passage à niveau 28 Route de Rapin;44,689613;-0,417459
202300022955;12;9;2023;04:58;5;75;75114;2;7;1;5;PLACE VICTOR BASCH;48,827847;2,326656
202300022956;20;12;2023;14:40;1;51;51217;2;2;2;3;Rue Gambetta;49,074788;3,639999
202300022957;12;9;2023;18:30;1;75;75114;2;1;8;3;RUE BOISSONADE;48,8383;2,332
202300022958;21;12;2023;13:50;1;972;97227;1;1;1;1;RN5, Les coteaux;14,477484;-60,962706
202300022959;12;9;2023;11:55;1;75;75113;2;3;2;2;RUE DES PEUPLIERS;48,82287547;2,35298002
202300022960;12;9;2023;11:50;1;75;75112;2;2;3;1;QUAI DE LA RAPEE;48,843483;2,370693
202300022961;19;12;2023;18:45;3;50;50592;2;1;2;1;9 route de pont-farcy;48,96978;-1,06069
202300022962;11;9;2023;19:00;1;75;75112;2;2;1;1;CARREFOUR DE PATTE D OIE;48,8221;2,442
202300022963;20;12;2023;19:15;3;35;35193;1;1;2;6;D82;48,237651;-1,709576
202300022964;12;9;2023;02:58;5;75;75111;2;5;1;3;AVENUE LEDRU ROLLIN;48,857433;2,379698
202300022965;12;9;2023;18:30;1;75;75108;2;2;2;3;RUE LA BOETIE;48,871418;2,307311
202300022966;20;12;2023;14:05;1;51;51422;1;4;1;1;D980;49,22030939;3,93729215
202300022967;12;9;2023;17:00;1;75;75108;2;3;2;3;AVENUE CESAR CAIRE;48,87616175;2,31948289
202300022968;20;12;2023;17:15;1;56;56051;1;1;1;1;bellevue;47,900132;-2,593642
202300022969;12;9;2023;11:30;1;75;75108;2;3;1;6;RUE DE LISBONNE;48,87775285;2,31557143
202300022970;21;12;2023;13:20;1;89;89464;1;1;2;1;RD 606;48,062344;3,29059
202300022971;11;9;2023;10:38;1;75;75107;2;5;1;6;AVENUE BOSQUET;48,861902;2,302038
202300022972;12;9;2023;18:20;1;75;75104;2;2;8;2;RUE DE RIVOLI;48,855942;2,357966
202300022973;2;9;2023;00:20;5;94;94058;2;2;1;1;Avenue du Général de Gaulle;48,84325;2,5034
202300022974;21;12;2023;07:35;2;55;55470;1;2;2;3;D635;48,703725;5,070823
202300022975;11;9;2023;17:00;1;94;94043;2;1;1;6;20 Avenue de Fontainebleau;48,814722;2,360909
202300022976;19;12;2023;19:10;3;49;49180;1;2;1;3;D214;47,338372;-0,140526
202300022977;12;9;2023;14:40;1;94;94038;2;2;2;3;Rue de Chevilly;48,773931;2,351866
202300022978;21;12;2023;05:50;3;47;47228;1;1;2;6;N21;44,32532845;0,72028893
202300022979;12;9;2023;14:20;1;94;94028;2;2;3;6;Rue Juliette Savar;48,78009;2,46553
202300022980;20;12;2023;16:15;1;47;47069;1;1;1;1;D125;44,22763323;0,58292283
202300022981;12;9;2023;13:10;1;94;94028;2;1;2;3;Avenue de la Brèche;48,78407;2,45417
202300022982;12;9;2023;08:25;1;94;94017;2;1;1;3;Av. Henri-Marie le Boursicaud;48,81484;2,5244
202300022983;19;12;2023;17:35;3;41;41180;1;1;8;5;D764;47,376008;1,227338
202300022984;20;12;2023;18:20;3;34;34234;1;9;1;6;D13;43,533406;3,227202
202300022985;12;9;2023;19:30;1;93;93070;2;9;2;7;Rue du Docteur Bauer;48,91245546;2,33561654
202300022986;20;12;2023;23:20;3;25;25240;1;1;2;1;D461;47,050125;6,625056
202300022987;10;6;2023;05:45;2;93;93048;2;2;1;6;Avenue Walwein / Rue Franklin;48,86233;2,44393
202300022988;22;8;2023;19:00;1;93;93032;2;5;1;3;Avenue Vaillant Couturier / Rue Hippolyte Pina;48,8745;2,55199
202300022989;21;12;2023;12:05;1;25;25122;1;1;2;1;d72;46,94567;6,186397
202300022990;12;9;2023;09:40;1;93;93032;2;2;1;3;Avenue des Chèvrefeuilles / Avenue des Charmilles;48,88851638;2,54741594
202300022991;20;12;2023;10:50;1;29;29024;2;1;1;6;Rue de la Madeleine;48,27129;-3,575637
202300022992;11;9;2023;19:03;1;93;93032;2;2;1;2;Rue Paul Vaillant Couturier / Avenue de Bordeaux;48,87615;2,54971
202300022993;18;12;2023;08:10;1;38;38039;2;1;9;6;Chemin de la Gare;45,26851;5,86598
202300022994;21;12;2023;08:05;1;6;6090;2;1;1;1;1719 Avenue Lord Astor;43,614246;6,935236
202300022995;9;9;2023;03:05;5;93;93032;2;2;1;3;Rue Parmentier / Rue Aristide Briand;48,88277683;2,53501915
202300022996;20;12;2023;13:02;1;14;14377;1;1;8;6;D104;49,322503;-0,702766
202300022997;12;9;2023;12:50;1;93;93031;2;1;3;6;Rue de Saint-gratien;48,96009338;2,30375737
202300022998;20;12;2023;20:00;3;64;64411;1;1;2;7;RD 918 - col d'Osquich;43,19927531;-1,01934943
202300022999;12;9;2023;17:30;1;93;93010;2;1;2;3;Rue Paul Vaillant-couturier;48,90159942;2,476047
202300023000;20;12;2023;15:45;1;36;36117;1;1;1;6;N/A;46,55581;1,560295
202300023001;12;9;2023;00:25;5;92;92072;2;1;1;6;GRANDE RUE;48,82611;2,21852
202300023002;12;9;2023;19:40;1;92;92063;2;1;8;6;BONS RAISINS (RUE DES);48,87164509;2,20105451
202300023003;22;6;2023;05:10;3;7;7024;1;1;1;5;D901;44,385158;4,171844
202300023004;20;12;2023;09:58;1;21;21644;1;1;1;6;D104;47,349144;5,314312
202300023005;11;9;2023;18:15;1;92;92050;2;1;1;6;HEBERT CELESTIN RUE;48,89707394;2,22414047
202300023006;20;12;2023;15:50;1;85;85172;1;1;1;6;RD 59;46,798623;-1,978463
202300023007;11;9;2023;11:30;1;92;92036;2;1;1;4;GRESILLONS (QUAI DES);48,91976;2,32245
202300023008;20;12;2023;14:50;1;17;17218;2;1;1;7;Rive Gauche de la Sevre;46,319079;-0,969071
202300023009;12;9;2023;10:20;1;92;92025;2;3;2;3;VALMY> 68   55 (BD DE);48,93381;2,25559
202300023010;21;12;2023;15:00;1;30;30165;1;1;1;3;D981;44,09757357;4,14618874
202300023011;21;12;2023;02:40;5;987;98715;2;1;1;6;Route de ceinture, Pamatai, PK 3 +700, commune de FAA'A en face du magasin Tahiti Glace.;-17,584;-149,56
202300023012;12;9;2023;18:59;1;92;92024;2;1;8;4;CLICHY (QUAI DE) DE (104 A 202);48,91262;2,31236
202300023013;21;12;2023;18:55;4;13;13109;1;1;1;1;A8, pk 24.200, sens 2;43,507974;5,501575
202300023014;12;9;2023;16:15;1;974;97415;1;1;1;3;N1;-20,970837;55,298696
202300023015;12;9;2023;10:23;1;47;47169;1;1;1;6;D268;44,138464;0,607825
202300023016;10;12;2023;08:15;1;13;13001;1;1;1;2;A8;43,523578;5,408417
202300023017;13;9;2023;12:45;1;51;51649;2;1;1;1;Rue des Hauts-Pas;48,724746;4,584335
202300023018;8;12;2023;22:20;5;49;49129;1;4;1;3;A11-PK259+400;47,501359;-0,508541
202300023019;12;9;2023;11:45;1;51;51635;1;1;1;7;D14;48,806991;4,84201
202300023020;20;12;2023;15:00;1;51;51466;1;1;1;2;A4 PK 116.000 sens PARIS-REIMS;49,182854;3,750458
202300023021;12;9;2023;07:39;1;84;84088;1;2;1;3;Chemin de Prato-plage;44,02218;5,047413
202300023022;12;9;2023;09:25;1;1;1354;2;6;1;3;Rue de la Faucille;46,2594;6,029236
202300023023;20;12;2023;14:45;1;34;34329;1;1;6;5;Autoroute A9 PK 166+000;43,30334579;3,22158808
202300023024;12;9;2023;15:45;1;22;22044;1;1;2;2;RN 12 - PR 42+700;48,47704;-2,60042
202300023025;21;12;2023;16:40;1;974;97418;1;1;7;2;Route nationale 2;-20,902963;55,541832
202300023026;12;9;2023;11:55;1;50;50214;1;1;1;7;Aire de la Vallée de la Vire (Aire de pique-nique);48,908609;-1,104652
202300023027;20;12;2023;19:10;5;971;97125;1;2;1;2;nationale 4;16,256275;-61,289742
202300023028;21;12;2023;10:20;1;66;66056;2;6;7;2;N/A;42,659234;2,682794
202300023029;19;12;2023;05:50;3;66;66224;2;6;1;6;Avenue du Littoral;42,727292;2,993281
202300023030;12;9;2023;15:29;1;21;21273;1;1;8;7;D35;47,292564;4,816561
202300023031;21;12;2023;11:20;1;6;6157;2;3;1;6;Rue du Pavillon;43,72175;7,110327
202300023032;6;9;2023;06:47;2;51;51342;1;1;1;6;D40;48,9831;3,95084
202300023033;20;12;2023;08:00;2;38;38336;1;1;2;2;Autoroute A7 PK007+000 sens S/N;45,463652;4,832922
202300023034;21;12;2023;00:50;3;89;89298;1;1;2;7;A19;48,05449;3,108187
202300023035;8;9;2023;08:50;1;59;59624;2;1;1;2;D76;50,031656;3,294327
202300023036;21;12;2023;16:54;2;58;58124;1;1;2;6;route départementale 174;47,053078;3,061731
202300023037;12;9;2023;16:20;1;56;56165;1;1;1;4;Les Landes Brien;47,89391;-2,365601
202300023038;31;8;2023;02:15;3;56;56154;1;1;1;6;pont d'oust;47,72886;-2,21458
202300023039;20;12;2023;17:00;5;54;54215;2;3;2;6;Rue Anatole France;48,753948;6,142672
202300023040;12;9;2023;09:15;1;56;56083;1;1;1;4;N/A;47,78821;-3,28236
202300023041;12;9;2023;17:25;1;56;56147;2;3;2;2;Zone Artisanale des Metairies;47,521327;-2,287436
202300023042;21;12;2023;12:50;1;3;3308;1;1;1;3;D68;46,273544;2,976437
202300023043;13;9;2023;07:20;1;74;74275;1;1;1;1;D909a;45,8178344;6,22926634
202300023044;12;9;2023;19:30;2;2A;2A362;2;1;1;2;T 10;41,701051;9,350352
202300023045;20;12;2023;20:10;3;3;3283;1;1;1;1;les talbots;46,511419;3,593323
202300023046;13;9;2023;12:30;1;2B;2B049;1;1;1;7;Route départementale 81B;42,489694;8,684607
202300023047;11;9;2023;13:05;1;61;61091;1;1;7;6;Voie Communale;48,62004;-0,52372
202300023048;21;12;2023;09:00;1;73;73179;1;4;1;1;D13 Route du noiray;45,606243;5,85412
202300023049;9;9;2023;23:50;3;42;42081;1;8;1;6;Route de Bellegarde;45,620191;4,269519
202300023050;20;12;2023;16:30;2;1;1185;1;1;2;6;D8;45,983812;5,563374
202300023051;11;9;2023;06:39;3;22;22204;1;1;1;2;D8;48,696267;-3,21809
202300023052;19;12;2023;16:07;1;69;69143;2;9;1;3;53 Avenue Carnot;45,886337;4,831372
202300023053;12;9;2023;16:30;1;25;25349;1;1;1;2;D461;47,143825;6,497126
202300023054;21;12;2023;20:00;3;81;81140;1;1;2;6;D112;43,678379;1,877493
202300023055;5;9;2023;15:55;1;25;25262;1;1;1;7;D461;47,13652;6,615658
202300023056;12;9;2023;07:40;2;29;29150;1;1;5;6;Keryoualen;47,801741;-3,625617
202300023057;20;12;2023;13:15;1;65;65059;2;9;1;4;Rue Philadelphe de Gerde;43,068847;0,157494
202300023058;2;9;2023;20:45;2;29;29217;2;4;1;3;rue paul serusier;47,852639;-3,737342
202300023059;13;9;2023;14:40;1;84;84075;1;1;1;7;route de sault;44,01313831;5,24676098
202300023060;9;9;2023;12:30;1;84;84005;1;1;1;2;D164;44,142151;5,341372
202300023061;16;12;2023;23:30;4;62;62589;2;1;1;6;D341;50,347631;2,689016
202300023062;13;9;2023;17:00;1;26;26368;1;1;2;1;D93;44,718891;5,264871
202300023063;12;9;2023;16:15;1;58;58147;2;1;1;1;Le Bourg;47,159723;3,385747
202300023064;19;12;2023;20:50;3;13;13211;1;1;1;2;A50-Sens Marseille vers Aubagne;43,29191;5,48075
202300023065;13;9;2023;08:50;1;6;6079;2;1;7;6;Avenue de Fréjus;43,529182;6,928324
202300023066;17;12;2023;19:39;3;69;69271;1;1;1;2;Rocade Est;45,747781;4,988113
202300023067;13;9;2023;00:20;3;50;50569;1;3;1;7;6 Rue des Moulins;49,039781;-1,350471
202300023068;11;9;2023;08:30;1;90;90070;2;1;1;6;Rue de la Boulois;47,471064;6,922615
202300023069;12;9;2023;22:00;3;83;83005;1;1;1;6;D71;43,68786;6,113033
202300023070;9;9;2023;12:30;1;7;7100;1;1;1;3;route de villefort;44,42212318;4,04837857
202300023071;20;12;2023;09:55;3;33;33249;1;1;2;4;Pont d'Aquitaine;44,8787622;-0,53049139
202300023072;13;9;2023;16:20;1;24;24408;1;1;1;3;Route l'Ancienne Poste;45,323748;0,785828
202300023073;20;12;2023;09:15;1;33;33192;1;1;1;2;ROCADE A 630;44,79003708;-0,60711432
202300023074;10;9;2023;20:00;2;85;85192;1;1;1;5;RD 13;46,784333;-1,0136004
202300023075;20;12;2023;21:07;3;91;91064;1;1;1;7;RN 118;48,74876;2,21678
202300023076;11;9;2023;13:25;1;27;27069;1;1;1;6;130 Route de Breteuil;48,820614;0,754268
202300023077;12;9;2023;13:40;1;17;17140;1;1;1;7;Route de Boyardville;45,921737;-1,255918
202300023078;20;12;2023;18:00;3;94;94034;1;1;9;3;A6A;48,75628517;2,33422052
202300023079;13;9;2023;17:15;1;30;30320;1;1;1;1;N/A;44,121215;4,302851
202300023080;12;9;2023;16:17;1;88;88408;1;2;1;3;4 Route du Chêne;47,907076;6,681163
202300023081;20;12;2023;10:50;1;94;94038;1;1;2;5;A6B;48,77350191;2,34614102
202300023082;13;9;2023;16:30;1;95;95392;2;1;1;7;16 BEL AIR (RUE DU);49,076512;2,204819
202300023083;19;12;2023;21:37;3;91;91340;1;1;2;7;RN 104;48,60915;2,4397
202300023084;12;9;2023;13:00;1;39;39310;1;1;1;3;N/A;46,794771;5,530028
202300023085;13;9;2023;06:15;3;60;60030;1;1;1;6;Autoroute A16, PK 063+800 sens PARIS-BOULOGNE;49,36246743;2,10786009
202300023086;8;9;2023;15:40;1;59;59370;2;1;1;3;route de mons;50,315627;3,977308
202300023087;11;9;2023;14:10;1;79;79048;1;1;1;2;N/A;46,347105;-0,294871
202300023088;20;12;2023;08:20;2;93;93066;1;1;1;7;AUTOROUTE A1;48,91182;2,35786
202300023089;12;9;2023;21:40;3;37;37036;1;1;1;1;rd 766;47,54651611;0,28583698
202300023090;20;12;2023;17:52;3;94;94046;1;1;2;2;A86;48,80856288;2,44905786
202300023091;13;9;2023;09:15;1;69;69188;1;3;2;5;Route de Lyon;45,92308;4,458668
202300023092;12;9;2023;19:00;1;77;77216;1;1;3;6;A6;48,290375;2,682118
202300023093;20;12;2023;07:45;2;77;77258;1;1;1;6;A4.Y;48,83212511;2,65067079
202300023094;12;9;2023;19:25;2;77;77216;1;1;3;3;A6;48,290018;2,682998
202300023095;12;9;2023;12:00;1;34;34088;1;1;1;7;d5;43,571001;3,739192
202300023096;12;9;2023;12:35;1;66;66144;2;6;1;1;13 Rue des Constellations;42,633453;2,870599
202300023097;11;8;2023;19:00;1;10;10387;2;3;1;3;LEON BOURGEOIS (RUE);48,30157;4,05152
202300023098;11;8;2023;19:15;1;10;10387;2;1;1;6;VASSAULES (RUE DES);48,31005455;4,06819832
202300023099;28;9;2023;08:10;1;78;78190;2;1;1;6;FERNAND HOSTACHY (BOULEVARD);48,877729;2,145711
202300023100;11;10;2023;14:30;1;35;35055;2;6;1;3;BOURGOGNE (AVENUE DE);48,09051;-1,61573
202300023101;19;12;2023;09:45;1;976;97611;2;1;1;7;kaweni-Kaweni nord ( Z I );-12,76896;45,2245
202300023102;19;12;2023;08:45;1;974;97416;1;1;1;2;ROND POINT LA CAFRINE;-21,3536;55,51259
202300023103;18;12;2023;17:10;1;974;97416;1;1;1;3;BADAMIER(CHEMIN);-21,32966514;55,4584946
202300023104;19;12;2023;11:35;1;974;97411;2;1;1;6;LECLERC (DU MARECHAL);-20,88037;55,44892
202300023105;18;12;2023;06:50;1;974;97407;1;1;1;1;OWENS JAMES;-20,93072;55,30974
202300023106;19;12;2023;21:50;5;69;69386;2;1;1;6;Place Jules Ferry;45,7679;4,85931
202300023107;19;12;2023;11:55;1;69;69383;2;3;1;6;Rue d'Aubigny;45,76135327;4,86389056
202300023108;19;12;2023;19:10;5;69;69382;2;1;1;3;13 Quai Jean Moulin;45,76582;4,83801
202300023109;19;12;2023;20:30;5;2B;2B033;2;3;1;1;ROUTE ROYALE;42,67749;9,43359
202300023110;19;12;2023;14:57;1;2B;2B033;2;1;1;1;ROUTE ROYALE;42,7;9,45
202300023111;19;12;2023;17:15;1;971;97101;2;1;7;6;VIEUX BOURG;16,24962;-61,52956
202300023112;19;12;2023;06:58;1;971;97101;2;1;1;6;Frédéric JALTON;16,27356612;-61,50493026
202300023113;18;12;2023;14:00;1;971;97113;1;1;1;3;SECTION GRANDE RAVINE;16,21206;-61,47525
202300023114;19;12;2023;18:40;5;95;95555;2;1;2;6;D109;48,967085;2,284387
202300023115;19;12;2023;17:25;5;91;91421;2;9;1;6;SENART (AVENUE DE);48,70306;2,45413
202300023116;19;12;2023;19:10;3;91;91432;2;1;2;2;RD 118;48,713018;2,350722
202300023117;19;12;2023;13:44;1;87;87085;2;9;1;3;RUBEN (AVENUE ERNEST);45,82355;1,25121
202300023118;15;12;2023;18:00;3;80;80702;1;1;2;6;GRIMAUX (RUE);49,84372;2,29575
202300023119;19;12;2023;19:20;5;80;80001;2;1;2;6;GENERAL LECLERC (du);50,10673;1,84527
202300023120;19;12;2023;20:45;3;77;77337;2;2;2;3;LUZARD (COURS DU);48,8459;2,62015
202300023121;19;12;2023;19:30;3;77;77058;1;1;2;2;MARIE CURIE  (AVENUE);48,83727;2,74003
202300023122;19;12;2023;16:19;2;77;77131;2;1;1;6;STRASBOURG (AVENUE DE);48,80782;3,08342
202300023123;19;12;2023;19:25;5;76;76108;2;1;3;6;Chemin de Clères;49,46386842;1,09887421
202300023124;18;12;2023;19:20;5;76;76351;2;2;1;3;GEORGE V (QUAI);49,49075;0,11675
202300023125;19;12;2023;02:45;3;76;76341;1;1;1;6;RD 489;49,5218;0,18977
202300023126;18;12;2023;11:26;1;76;76351;2;2;1;3;WINSTON CHURCHILL;49,49408;0,13872
202300023127;17;12;2023;02:25;5;76;76351;2;1;1;7;VICTOR HUGO;49,49167493;0,10901016
202300023128;19;12;2023;18:55;3;73;73029;1;1;1;3;N201;45,56496;5,94707
202300023129;2;7;2023;19:22;1;88;88387;1;3;1;3;RD3;48,36918;5,825393
202300023130;30;6;2023;17:20;1;3;3290;1;1;1;6;RN 7;46,63606;3,277638
202300023131;2;7;2023;04:35;4;42;42304;2;9;2;6;1382 Route des Monts;45,546997;4,201713
202300023132;2;7;2023;02:30;3;31;31451;2;1;1;7;chemin de la barrière;43,475283;1,999115
202300023133;26;6;2023;19:15;1;31;31196;1;1;1;7;D75f;43,250282;0,997347
202300023134;13;10;2023;07:30;1;13;13209;2;3;1;3;CATHERINE BLUM (BOULEVARD);43,26391785;5,41842991
202300023135;1;7;2023;11:50;1;17;17458;1;1;1;7;D142;45,35878;-0,298519
202300023136;12;10;2023;17:00;1;13;13206;2;3;1;6;BRETEUIL (RUE);43,2803;5,37821
202300023137;3;7;2023;09:15;1;47;47157;2;3;1;3;107 Boulevard de la Liberté;44,503549;0,170288
202300023138;15;5;2023;08:55;1;33;33056;2;3;1;3;Avenue du 11 Novembre;44,904088;-0,619582
202300023139;2;7;2023;18:45;1;72;72185;1;1;1;6;Lieu Dit Pillette;47,711404;-0,012043
202300023140;12;10;2023;23:30;5;11;11069;2;1;1;6;41 Avenue Docteur Henri Gout;43,21096;2,3383
202300023141;13;10;2023;10:13;1;10;10333;2;1;1;6;NOTRE DAME DES PRES (RUE DE);48,2888;4,0453
202300023142;10;10;2023;16:00;1;6;6088;2;1;1;2;RIQUIER (BD DE);43,7012641;7,288064
202300023143;3;7;2023;14:25;1;14;14047;2;1;1;6;9 rue Maréchal Foch;49,277283;-0,701065
202300023144;13;10;2023;08:25;1;6;6069;2;3;1;3;CAPUCINS (CHEMIN ET IMPASSE DES);43,651782;6,9299386
202300023145;2;7;2023;12:50;1;13;13081;1;1;1;2;A7-Sens Marseille vers Lyon;43,4835;5,2413
202300023146;13;10;2023;20:25;5;6;6027;2;1;1;3;VAL FLEURI CHEMIN DU;43,66373;7,14882
202300023147;2;7;2023;03:30;3;13;13213;1;1;1;2;A507 sens Aubagne- Marseille;43,328437;5,41727082
202300023148;1;7;2023;06:15;1;83;83047;1;1;1;6;A570;43,13446859;6,04783523
202300023149;11;10;2023;08:25;1;6;6027;2;3;1;3;BOUCHER RUE HELENE;43,65874;7,14766
202300023150;13;10;2023;18:00;1;75;75119;2;1;1;2;BD PERIPHERIQUE EXTERIEUR PORTE DE LA VILLETTE;48,900334;2,380785
202300023151;1;7;2023;16:45;1;69;69029;2;2;1;2;Avenue Jean Mermoz;45,72957;4,89388
202300023152;13;10;2023;12:05;1;75;75120;2;1;1;2;PORTE DES LILAS;48,874745;2,410543
202300023153;2;7;2023;07:49;1;91;91377;2;9;1;2;RN20;48,71895;2,29896
202300023154;13;10;2023;09:55;1;75;75112;2;4;1;3;BOULEVARD PONIATOWSKI;48,829202;2,390256
202300023155;2;7;2023;17:40;1;94;94033;1;1;1;3;A86;48,85428168;2,48956832
202300023156;13;10;2023;10:45;1;75;75106;2;3;1;2;RUE DANTON;48,853042;2,342947
202300023157;2;7;2023;14:30;1;93;93051;1;1;1;5;A4;48,83623318;2,55184364
202300023158;12;10;2023;22:10;5;75;75120;2;3;1;1;RUE DES PYRENEES;48,852441;2,406129
202300023159;2;7;2023;14:00;1;94;94046;1;1;1;1;A86;48,81577215;2,45029735
202300023160;13;10;2023;23:20;5;75;75119;2;3;2;3;AVENUE DE FLANDRE;48,888376;2,374136
202300023161;2;7;2023;12:00;1;94;94073;1;1;1;5;A86;48,75511212;2,38274011
202300023162;12;10;2023;21:05;5;75;75116;2;1;1;6;AVENUE DE L HIPPODROME;48,860647;2,240629
202300023163;2;7;2023;09:00;1;93;93051;1;1;1;5;A4;48,83504713;2,5747177
202300023164;12;10;2023;22:30;5;75;75116;2;2;1;3;AVENUE DE LA PORTE DE SAINT CLOUD;48,838539;2,252225
202300023165;2;7;2023;04:15;3;94;94022;1;1;1;6;A86;48,77637562;2,42140187
202300023166;12;10;2023;19:40;5;75;75116;2;3;1;6;AVENUE DE VERSAILLES;48,838194;2,258221
202300023167;1;7;2023;11:30;1;94;94017;1;1;1;2;A4;48,83020089;2,495767
202300023168;13;10;2023;09:00;1;75;75115;2;1;1;7;BOULEVARD LEFEBVRE;48,830364;2,293993
202300023169;28;4;2023;16:45;1;74;74127;1;1;1;7;route des grandes alpes;46,341773;6,554632
202300023170;22;4;2023;17:15;1;74;74081;2;2;1;1;Rue émile chautemps;46,061012;6,577018
202300023171;12;10;2023;21:50;5;75;75115;2;2;1;1;RUE LECOURBE;48,842647;2,30269
202300023172;19;4;2023;16:25;1;74;74278;2;6;1;2;avenue des vallées;46,082336;6,538276
202300023173;13;10;2023;09:54;1;75;75113;2;1;1;3;RUE JEAN BAPTISTE BERLIER;48,825871;2,38482
202300023174;18;4;2023;07:30;1;74;74007;1;1;1;3;445 route de thonon;46,076669;6,313169
202300023175;13;10;2023;05:30;5;75;75111;2;3;1;2;RUE JEAN PIERRE TIMBAUD;48,867661;2,377289
202300023176;13;4;2023;08:39;1;74;74179;1;3;1;1;route de bellegarde;45,997677;6,010686
202300023177;13;10;2023;17:40;1;75;75108;2;4;1;1;RUE DE ROME;48,875497;2,324025
202300023178;31;3;2023;17:25;1;74;74010;2;1;2;5;Avenue d'aix-les-bains;45,888679;6,106188
202300023179;27;3;2023;17:45;1;74;74281;2;1;1;3;GENEVE (AVE DE) JUSQUE CROISEE ANTHY;46,35827;6,45163
202300023180;13;10;2023;15:00;1;75;75107;2;2;1;3;QUAI VOLTAIRE;48,859579;2,329523
202300023181;1;5;2023;03:40;3;69;69382;1;1;1;6;Route de Métropole 7;45,74804083;4,82996911
202300023182;15;3;2023;16:25;1;14;14256;2;1;1;3;16 Rue du Mont Cauvin;49,32217537;-0,78628028
202300023183;13;10;2023;00:10;5;75;75102;2;3;1;3;RUE MONTMARTRE;48,867776;2,343795
202300023184;1;7;2023;19:45;1;14;14118;2;1;1;6;66 Rue Eugène Boudin;49,1941;-0,38266
202300023185;12;10;2023;19:10;2;94;94081;2;2;1;1;Avenue du Colonel Fabien;48,78257;2,38085
202300023186;1;7;2023;19:00;3;974;97416;1;9;1;3;LENORMAND(CHEMIN);-21,27858;55,47081
202300023187;1;7;2023;06:00;2;973;97302;2;2;1;3;COLOMB (CHRISTOPHE);4,93921094;-52,32718349
202300023188;13;10;2023;15:05;1;94;94076;2;1;1;3;Rue de Gentilly;48,800541;2,352466
202300023189;1;7;2023;18:45;3;973;97309;2;1;2;7;TIGRE (ROUTE DU);4,91196769;-52,30809152