Num_Acc;jour;mois;an;hrmn;lum;dep;com;agg;int;atm;col;adr;lat;long
202300023190;11;10;2023;17:20;1;94;94037;2;2;1;3;Rue des Champs Elysées;48,81396;2,3386
202300023191;1;7;2023;08:55;1;972;97209;2;9;1;2;GRAND CARAIBE (RUE DU);14,60231211;-61,07568294
202300023192;13;10;2023;20:15;5;94;94073;2;6;1;6;Rue de la Saussaie;48,767721;2,385459
202300023193;30;6;2023;15:50;1;69;69202;2;7;1;6;Place Lieutenant Soubeirat;45,74754;4,80039
202300023194;12;10;2023;13:40;1;94;94028;2;1;2;2;Avenue des Compagnons de la Libération;48,77768;2,4577
202300023195;1;7;2023;19:37;1;2A;2A004;1;3;1;2;CONFINA 1 LOT;41,95257134;8,78447056
202300023196;12;10;2023;13:24;1;94;94028;2;3;1;1;Rue Juliette Savar;48,77635;2,46807
202300023197;1;7;2023;02:15;5;2A;2A004;2;9;1;2;RICANTO ROUTE ET PLAGE;41,92845;8,76532
202300023198;12;10;2023;09:00;1;94;94011;2;6;3;3;Avenue Jean Rostand;48,76805374;2,48753214
202300023199;1;7;2023;11:10;1;95;95280;2;2;1;3;MARCEAU (AVENUE);49,03001571;2,4646765
202300023200;11;10;2023;21:00;5;94;94053;2;1;1;1;Avenue Pierre Mendès France;48,77548;2,54829
202300023201;13;10;2023;06:30;5;94;94017;2;6;1;3;Avenue Ambroise Croizat;48,8174063;2,52723768
202300023202;1;7;2023;11:50;1;91;91027;2;1;1;3;AV FRANCOIS MITTERRAND;48,70414;2,37168
202300023203;13;10;2023;16:20;1;94;94002;2;1;1;6;Rue Joffrin;48,800098;2,427085
202300023204;1;7;2023;09:20;1;91;91027;2;2;2;3;AV FRANCOIS MITTERRAND;48,716083;2,370803
202300023205;30;6;2023;18:20;1;91;91687;2;3;1;6;CHATILLON (RUE DE);48,68333;2,38333
202300023206;13;10;2023;20:00;5;93;93078;2;3;6;1;Boulevard Robert Ballanger / Avenue Diderot;48,95549;2,539
202300023207;13;10;2023;06:45;5;93;93066;2;3;1;2;Avenue de Stalingrad / Rue de Las Casas;48,946047;2,366971
202300023208;1;7;2023;18:45;1;83;83061;1;1;1;5;D7;43,47994981;6,77573812
202300023209;13;10;2023;13:30;1;93;93051;2;3;1;3;Allee Charles Lindbergh / Allée Didier Daurat;48,84281;2,54074
202300023210;13;10;2023;09:10;1;93;93051;2;1;1;1;Place Pablo Picasso;48,83926;2,55552
202300023211;30;6;2023;23:30;3;71;71306;2;2;1;3;HOSPICE (RUE DE L');46,66613;4,36232
202300023212;13;10;2023;12:30;1;93;93048;2;1;1;3;Rue Brulefer;48,870835;2,463173
202300023213;1;7;2023;14:55;1;69;69290;2;2;1;3;Rue du Dauphiné;45,7122;4,92002
202300023214;13;10;2023;17:19;1;93;93079;2;1;1;6;Route de Saint-leu;48,953404;2,336274
202300023215;2;7;2023;00:22;5;64;64102;2;1;2;7;LORRAINE (BOULEVARD D'ALSACE);43,494421;-1,468135
202300023216;1;7;2023;13:55;1;64;64024;2;1;2;3;BARTHES (RUE DES);43,48426;-1,50678
202300023217;13;10;2023;15:35;1;93;93047;2;1;8;4;Rue du Général de Gaulle;48,899306;2,557853
202300023218;1;7;2023;18:20;1;63;63113;2;2;1;1;PAULINES (AVENUE DES);45,7753;3,09611
202300023219;13;10;2023;16:55;1;93;93010;2;1;1;6;Rue du Professeur Vaillant;48,89902766;2,49126792
202300023220;27;6;2023;08:00;1;59;59368;2;2;1;3;PRE CATELAN RUE DU;50,655414;3,060439
202300023221;13;10;2023;06:20;5;93;93008;2;1;1;1;BARBUSSE (AVENUE HENRI) A30;48,90535;2,42093
202300023222;1;7;2023;09:30;1;54;54525;1;1;2;6;D26;49,47281;5,88882
202300023223;1;7;2023;19:30;1;51;51454;2;1;1;7;CHAMPAGNE   (  AVENUE DE);49,23859;4,04491
202300023224;13;10;2023;07:40;3;93;93005;2;2;1;3;Avenue de Nonneville / Avenue Vercingétorix;48,923556;2,500025
202300023225;1;7;2023;18:00;1;50;50066;2;1;1;3;GRACE DE DIEU (RUE);48,80346;-1,56765
202300023226;1;7;2023;11:00;1;49;49007;2;1;1;6;CARNOT;47,4739;-0,54586
202300023227;12;10;2023;22:48;5;92;92075;2;1;1;2;JEAN BLEUZEN;48,82208391;2,29402435
202300023228;1;7;2023;18:55;1;45;45302;2;1;1;3;Parking Carrefour;47,96089;1,88723
202300023229;12;10;2023;18:25;1;92;92064;2;1;1;6;MARECHAL FOCH;48,84774376;2,20777273
202300023230;1;7;2023;14:55;1;37;37261;2;2;1;3;VELPEAU (PLACE);47,38761;0,70212
202300023231;13;10;2023;11:25;1;92;92062;2;1;1;6;JAURES (RUE JEAN) DU 165 AU 99;48,88358389;2,24362671
202300023232;1;7;2023;05:50;1;37;37261;2;1;2;7;PONT CHER (AVENUE DE);47,36504;0,67497
202300023233;1;7;2023;14:05;1;35;35238;2;1;8;2;MANOIR DE SERVIGNE (DU);48,10237;-1,72579
202300023234;13;10;2023;12:00;1;92;92020;2;3;1;3;BOIN RUE JEAN;48,80929481;2,28535652
202300023235;30;6;2023;23:55;3;29;29247;1;1;2;2;RN 165;47,9784134;-4,01133854
202300023236;13;10;2023;11:20;1;92;92040;2;1;1;3;GALLIENI (BOULEVARD);48,82711437;2,26761818
202300023237;12;10;2023;09:15;1;92;92012;2;1;2;3;DENFERT ROCHEREAU (RUE);48,84605598;2,2441349
202300023238;1;7;2023;19:35;1;29;29019;2;2;1;3;rue Albert Thibaudet;48,37283407;-4,5391117
202300023239;12;10;2023;17:19;1;92;92007;2;1;1;7;HUGO (AVENUE VICTOR);48,80583276;2,3245765
202300023240;1;7;2023;19:40;1;26;26362;2;1;1;1;Avenue de la Marne;44,93627;4,89721
202300023241;13;10;2023;15:45;1;92;92004;2;2;1;3;MAURICE LAISNEY;48,92397568;2,28216666
202300023242;1;7;2023;13:10;1;22;22360;2;6;1;3;ROND POINT DE BREZILLET;48,4931;-2,76225
202300023243;1;7;2023;05:10;3;17;17380;1;6;2;7;D25;45,661883;-1,060263
202300023244;14;10;2023;18:10;1;49;49063;2;4;7;1;D751;47,350245;-0,749141
202300023245;1;7;2023;01:30;5;14;14437;2;1;2;6;35 Rue Pasteur;49,1789;-0,32487
202300023246;1;7;2023;14:00;1;13;13117;2;1;1;6;MONTICELLI ( RUE ADOLPHE);43,44451;5,25316
202300023247;13;10;2023;15:25;1;33;33205;1;1;1;6;D11;44,623381;-0,370488
202300023248;27;6;2023;16:45;1;13;13208;2;1;1;3;RABATAU (BOULEVARD);43,27619539;5,39708273
202300023249;30;6;2023;17:00;1;13;13201;2;2;1;3;LIEUTAUD (COURS)      2 A 52;43,29515;5,38175
202300023250;13;10;2023;18:00;1;28;28139;1;1;1;6;A11 PK 077+700 sens PARIS-PROVINCE;48,318598;1,338287
202300023251;1;7;2023;14:37;1;10;10387;2;1;2;1;PREMIER RAM (RUE DU);48,2927;4,0723
202300023252;14;10;2023;15:05;1;51;51592;2;1;8;7;4 Rue du Four a Chaux;49,108322;3,736439
202300023253;1;7;2023;19:00;1;7;7281;1;1;1;2;PLAINE (CHEMIN DE LA);44,94797;4,85813
202300023254;1;7;2023;19:45;1;7;7316;1;1;1;3;NIMES (ROUTE DE);44,87972;4,84856
202300023255;14;10;2023;05:45;2;974;97412;2;1;1;2;31 Rue Hippolyte Foucque;-21,374427;55,623452
202300023256;14;10;2023;13:05;1;972;97216;1;1;1;1;nationale 1;14,812817;-61,021821
202300023257;30;6;2023;16:30;1;75;75120;2;1;1;4;PORTE DE MONTREUIL;48,851814;2,415215
202300023258;30;6;2023;12:10;1;75;75117;2;1;1;2;PORTE D ASNIERES;48,890886;2,299416
202300023259;29;6;2023;10:10;1;75;75116;2;4;1;3;PORTE DE PASSY;48,85857876;2,26113439
202300023260;14;10;2023;14:01;1;68;68300;1;3;1;3;échangereur D55/D8II;47,786915;7,433152
202300023261;1;7;2023;20:00;1;75;75105;2;3;1;6;RUE DES FOSSES SAINT BERNARD;48,848805;2,355332
202300023262;1;7;2023;18:15;1;75;75114;2;1;1;2;BOULEVARD BRUNE;48,824279;2,321087
202300023263;13;10;2023;20:10;5;86;86165;2;3;1;1;Avenue du Général de Gaulle;46,420786;0,869948
202300023264;1;7;2023;14:20;1;75;75114;2;2;1;3;BOULEVARD ROMAIN ROLLAND;48,819798;2,325758
202300023265;1;7;2023;17:00;1;75;75113;2;2;1;3;BOULEVARD AUGUSTE BLANQUI;48,829657;2,348308
202300023266;13;10;2023;17:30;1;974;97414;1;4;1;3;Route Hubert Delisle;-21,252717;55,424931
202300023267;1;7;2023;12:10;1;75;75120;2;2;1;3;RUE DE MENILMONTANT;48,870096;2,395759
202300023268;14;10;2023;00:30;5;38;38239;2;1;1;7;Route de Grenoble;45,327351;5,572659
202300023269;30;6;2023;18:30;1;75;75112;2;1;1;6;QUAI DE BERCY;48,83424;2,381181
202300023270;13;10;2023;17:25;1;38;38239;2;1;1;3;D1085;45,325366;5,587535
202300023271;30;6;2023;17:32;1;75;75109;2;1;7;7;BOULEVARD POISSONNIERE;48,871269;2,344332
202300023272;1;7;2023;20:15;1;75;75103;2;2;1;3;RUE DES ARCHIVES;48,861225;2,358205
202300023273;1;7;2023;15:00;1;75;75103;2;7;1;3;PLACE DE LA REPUBLIQUE;48,867344;2,363361
202300023274;13;10;2023;14:00;1;38;38239;2;1;1;4;6 Route de Grenoble;45,32696142;5,5743237
202300023275;30;6;2023;18:35;1;75;75104;2;4;1;2;QUAI DES CELESTINS;48,852004;2,361146
202300023276;1;7;2023;23:00;2;94;94068;2;1;1;6;Boulevard du Général Giraud;48,79841;2,47411
202300023277;14;10;2023;11:25;1;67;67278;1;1;1;7;D92;48,926954;7,141253
202300023278;1;7;2023;18:15;1;94;94076;2;1;1;3;Avenue Paul Vaillant-couturier;48,79456;2,35986
202300023279;14;10;2023;15:00;1;2A;2A085;1;1;1;3;T40;41,912789;8,924369
202300023280;1;7;2023;09:50;1;94;94028;2;2;2;3;Avenue Pierre Brossolette;48,791602;2,461996
202300023281;14;10;2023;17:40;1;80;80599;1;1;1;6;Chaussée Brunehaut;50,203773;1,983644
202300023282;1;7;2023;08:35;2;94;94071;2;1;2;6;Avenue Winston Churchill;48,76553334;2,52504498
202300023283;1;7;2023;19:38;1;93;93073;2;2;1;6;Rue de Picardie / Avenue Roger Salengro;48,9414;2,57132
202300023284;1;7;2023;11:50;1;93;93050;2;1;1;2;Avenue Léon Blum;48,86756;2,53291
202300023285;14;10;2023;17:30;1;81;81069;1;1;1;6;Route de Bournazel;44,071454;1,956339
202300023286;1;7;2023;20:45;1;93;93031;2;1;1;6;Rue Maurice;48,95106;2,32743
202300023287;1;7;2023;20:10;2;93;93001;2;1;1;2;Rue Molière;48,91883152;2,4048569
202300023288;14;10;2023;19:00;3;71;71289;1;1;1;6;Rue de la Clayette;46,325576;4,461962
202300023289;1;7;2023;11:00;1;92;92078;2;1;2;2;VERDUN (AVENUE) (IMPAIRS 1 A 25);48,93560824;2,33471132
202300023290;10;10;2023;11:45;1;55;55551;2;1;1;7;D901;48,975344;5,703492
202300023291;1;7;2023;13:00;1;92;92026;2;2;1;3;VERDUN (DE 01 A 61);48,90039828;2,26074815
202300023292;14;10;2023;13:05;1;12;12090;1;1;8;6;RD 994;44,3793;2,414471
202300023293;2;7;2023;02:00;3;44;44110;1;1;1;1;122 Franchaud;47,502228;-1,4822711
202300023294;2;7;2023;17:35;1;8;8430;1;1;7;3;D24;49,543862;4,922304
202300023295;13;10;2023;11:10;1;42;42149;2;3;1;6;Rue Philibert Gary;45,642893;4,231056
202300023296;2;7;2023;12:04;1;45;45288;1;2;1;3;D151 PR 3 + 254;48,039012;2,428488
202300023297;14;10;2023;10:25;1;22;22171;1;9;1;6;Saint-Guihen;48,402639;-2,776419
202300023298;2;7;2023;16:12;1;76;76238;1;1;1;3;D925;49,572333;0,234725
202300023299;2;7;2023;08:30;1;68;68238;2;1;1;6;3 Rue Principale;47,709529;7,506147
202300023300;13;10;2023;19:30;2;39;39333;2;2;1;6;2 Rue Roussin;46,431232;5,725658
202300023301;2;7;2023;00:06;3;22;22327;1;1;1;4;Point routier 08.400 - Route nationale 176;48,49194;-2,0414
202300023302;14;10;2023;16:37;1;39;39038;1;1;1;3;Route de la Plaine;46,548657;5,707376
202300023303;14;10;2023;00:30;3;25;25634;1;1;2;7;N57;46,975443;6,342266
202300023304;2;7;2023;16:35;1;85;85064;1;2;1;3;D6;46,837196;-1,3407048
202300023305;2;7;2023;17:00;1;24;24543;1;1;1;6;Autoroute A89, PK 89+380, sens Bordeaux/Brive;45,057986;0,423274
202300023306;2;7;2023;12:20;1;56;56189;1;1;1;3;D724;47,923252;-2,71285
202300023307;13;10;2023;20:30;4;35;35179;2;2;3;3;Rue des Terre Neuvas;48,514607;-1,908059
202300023308;2;7;2023;04:45;3;56;56063;1;1;1;6;N/A;47,79172;-3,44543
202300023309;1;7;2023;22:20;3;56;56002;1;1;1;7;Ker Eugène;47,53566;-2,545239
202300023310;13;10;2023;13:04;1;2;2820;1;1;1;3;D338;49,641206;3,258213
202300023311;1;7;2023;17:45;1;67;67463;1;1;8;7;D248;48,916013;8,123059
202300023312;30;6;2023;12:05;1;76;76067;1;1;1;7;Rn 31 les Carreaux;49,466228;1,619797
202300023313;14;10;2023;13:45;1;3;3108;1;1;2;6;32 Route du Kaolin;46,204709;2,922833
202300023314;1;7;2023;19:25;1;80;80008;2;1;1;6;193 Rue de Visse;50,032469;1,622796
202300023315;13;10;2023;18:35;1;6;6138;2;1;1;6;67 Avenue Corniche d?Or;43,501416;6,953226
202300023316;2;7;2023;07:40;1;71;71484;1;2;2;3;Route de Saint-germain-du-bois;46,684331;5,255008
202300023317;2;7;2023;06:00;2;42;42318;1;1;2;6;Route de Sauvessanges;45,379342;3,897089
202300023318;13;10;2023;20:00;4;50;50568;1;1;2;1;5 Route de Montpinchon;49,004434;-1,414585
202300023319;2;7;2023;17:50;1;47;47220;1;1;1;7;D120;44,345581;0,225391
202300023320;1;7;2023;18:00;1;34;34149;1;1;1;7;RD15;43,492261;3,294847
202300023321;13;10;2023;23:35;3;50;50111;1;1;1;6;La Roulandiere de Bas;49,046427;-1,266877
202300023322;2;7;2023;06:37;2;44;44102;1;1;1;6;1 La Vrignais;47,07720286;-1,46819871
202300023323;2;7;2023;06:30;2;29;29165;1;1;1;7;Touloupry;47,83866366;-4,22783363
202300023324;13;10;2023;17:40;1;50;50484;2;6;1;3;Rue de Mortain;48,581036;-1,091992
202300023325;1;7;2023;11:00;1;31;31490;1;1;1;2;Route Métropolitaine 820 (Ex D820);43,725134;1,381413
202300023326;2;7;2023;07:15;1;38;38347;1;1;1;1;route départementale 156;45,260842;5,270112
202300023327;30;6;2023;04:40;3;70;70312;1;1;2;6;D16;47,587837;6,745917
202300023328;1;7;2023;20:20;1;14;14174;1;4;1;2;D54;48,91497;-0,56909
202300023329;14;10;2023;02:27;3;45;45286;1;1;1;4;Route de Sandillon;47,873195;1,947134
202300023330;2;7;2023;00:54;3;18;18143;1;1;1;6;3 Route du Chautay;47,019017;2,950017
202300023331;1;7;2023;18:47;1;21;21416;1;1;8;6;D70;47,39129;5,306247
202300023332;13;10;2023;16:30;1;64;64327;1;1;1;7;D18;43,026494;-1,075984
202300023333;1;7;2023;22:30;2;85;85288;1;1;1;6;Rue du moulin des landes;46,495822;-1,582775
202300023334;29;6;2023;13:45;1;27;27050;1;1;1;4;Route de Bernay;49,093838;0,745277
202300023335;29;9;2023;20:00;3;73;73110;1;1;1;6;D66;45,62717322;6,43546933
202300023336;1;7;2023;21:00;2;27;27502;2;1;1;6;D21;48,815957;0,702503
202300023337;2;7;2023;06:00;2;987;98734;2;1;1;3;PK 35+500;-17,712;-149,508
202300023338;2;7;2023;06:00;2;24;24373;1;1;1;6;D25;44,681806;0,501766
202300023339;2;7;2023;05:40;2;37;37096;1;1;1;1;D 31;47,36592478;0,9851405
202300023340;13;10;2023;04:30;3;21;21500;1;1;1;6;Route Rd 905;47,520007;4,471557
202300023341;1;7;2023;23:15;3;68;68278;1;1;2;4;A35 PK 104.800;47,742765;7,421613
202300023342;14;10;2023;09:30;1;85;85135;2;1;1;2;3 Rue de fontenay;46,534919;-1,217349
202300023343;1;7;2023;12:00;1;987;98738;1;1;1;3;Ech. Outumaoro;-17,576044;-149,612828
202300023344;2;7;2023;07:00;1;988;98831;1;1;1;7;RT1, devant entreprise COLAS;-20,99285;164,72743
202300023345;14;10;2023;13:00;1;37;37206;1;1;1;6;D2;47,492063;0,658394
202300023346;1;7;2023;22:05;5;971;97108;1;1;2;6;d203;15,88525;-61,227804
202300023347;14;10;2023;14:05;1;48;48045;1;1;1;6;Rn 88 PR 16+250 décroissant;44,654093;3,739386
202300023348;1;7;2023;18:50;5;971;97131;2;1;1;6;Rue la Savane;15,862156;-61,584162
202300023349;2;7;2023;08:30;1;66;66108;1;1;1;6;;42,720832;2,669871
202300023350;13;10;2023;13:20;1;68;68118;1;1;1;2;A35;47,738162;7,422938
202300023351;2;7;2023;03:45;3;34;34154;1;4;1;4;D66;43,585427;3,941152
202300023352;1;7;2023;17:50;1;6;6019;1;6;1;1;D21;43,768443;7,331651
202300023353;13;10;2023;16:20;1;68;68278;2;1;1;1;Rue du Luxembourg;47,746279;7,416465
202300023354;2;7;2023;17:45;1;4;4096;1;1;1;7;Route de Restefond la Bonette;44,373997;6,782545
202300023355;2;7;2023;16:15;1;4;4120;1;1;1;3;Meyronnes;44,469309;6,814334
202300023356;2;7;2023;18:30;1;25;25465;1;1;1;1;D50;47,320251;6,359839
202300023357;1;7;2023;21:04;1;68;68230;1;1;1;1;D468;47,94192;7,543724
202300023358;1;7;2023;08:25;1;3;3143;1;1;2;6;D2144;46,65553;2,575474
202300023359;13;10;2023;22:40;3;77;77407;1;9;1;6;A6 PK 039+050 direction PARIS;48,521238;2,504239
202300023360;2;7;2023;01:20;5;38;38316;2;1;2;6;17 Rue de la République;45,749798;5,175278
202300023361;14;10;2023;17:15;1;988;98817;2;1;2;7;ROUTE DE LA COULEE;-22,237158;166,592689
202300023362;1;7;2023;22:25;3;38;38279;1;1;1;1;RN85;45,073483;5,760001
202300023363;13;10;2023;17:30;1;13;13040;1;1;1;1;D96;43,448721;5,548328
202300023364;1;7;2023;01:30;3;26;26005;1;1;1;3;D169;44,482805;4,776156
202300023365;14;10;2023;09:55;1;28;28007;2;1;8;6;19 Rue Charles Lechevrel;48,856469;1,437333
202300023366;1;7;2023;09:18;1;14;14530;1;6;1;3;2 Route du Pont de Ranville;49,239534;-0,263345
202300023367;2;7;2023;18:15;1;27;27602;2;3;1;2;Avenue du Vallon Fleuri;49,012154;1,093724
202300023368;13;10;2023;17:17;1;2B;2B265;1;1;7;1;D82;42,598911;9,401338
202300023369;1;7;2023;20:10;1;60;60451;2;3;1;3;Avenue des Biches;49,358773;2,397605
202300023370;1;7;2023;06:30;2;13;13001;1;1;1;1;A51-Sens Marseille vers Aix en Provence;43,51289;5,42576
202300023371;12;10;2023;17:10;1;2B;2B029;1;1;1;1;Col de Teghime (Col de montagne);42,677198;9,386004
202300023372;30;6;2023;09:00;1;13;13212;1;1;1;7;A507 sens Marseille - Aubagne;43,312614;5,424189
202300023373;13;10;2023;23:30;5;2A;2A114;2;6;1;6;D859;41,496292;9,13378
202300023374;18;6;2023;05:00;3;13;13005;1;1;1;6;A50-Sens Aubagne vers Marseille;43,28728;5,54184
202300023375;1;7;2023;10:30;1;91;91136;1;1;1;6;A10 BRETELLE D188;48,71746;2,2685
202300023376;1;7;2023;09:33;1;91;91161;1;1;1;4;AUTOROUTE A126;48,71117;2,29734
202300023377;14;10;2023;06:30;3;34;34145;1;2;5;1;D61 ROUTE DE LA MER;43,662124;4,138402
202300023378;1;7;2023;05:06;3;91;91434;1;1;1;6;AUTOROUTE A6;48,66798;2,3545
202300023379;14;10;2023;04:45;3;84;84132;1;1;1;1;Route Départementale N°31;43,939455;5,029142
202300023380;1;7;2023;16:20;1;91;91136;1;1;1;4;AUTOROUTE A126;48,71286;2,28686
202300023381;1;7;2023;19:20;1;78;78043;1;1;1;6;A12 Y;48,82706;2,07714
202300023382;13;10;2023;20:55;5;70;70310;2;3;1;1;53 rue des vosges;47,694025;6,501262
202300023383;1;7;2023;08:30;1;95;95277;1;1;2;6;A1;48,97778;2,49359
202300023384;13;10;2023;18:40;2;71;71350;1;1;1;6;234 Route des Monterrains;46,327861;4,682397
202300023385;30;6;2023;09:00;1;95;95018;1;1;1;4;A15;48,95848;2,2743
202300023386;13;10;2023;16:20;1;67;67237;2;3;1;3;D468 route nationale;48,676539;7,847167
202300023387;30;6;2023;17:40;1;77;77053;1;1;1;2;RN104;48,686706;2,597239
202300023388;14;10;2023;15:00;1;38;38064;1;1;1;3;D1006;45,569099;5,349201
202300023389;30;6;2023;09:55;1;94;94079;1;1;1;5;A4;48,83416652;2,53591477
202300023390;29;6;2023;17:10;1;976;97611;2;1;1;6;cavani-Kavani sud ( rue );-12,78417;45,2202
202300023391;30;6;2023;17:09;1;95;95018;2;1;1;1; HENRI BARBUSSE (RUE);48,93292;2,23244
202300023392;14;10;2023;06:55;2;69;69009;2;1;1;3;477 Route de Villefranche;45,94151;4,715937
202300023393;29;6;2023;18:30;1;58;58194;2;1;1;6;HENRI BOUQUILLARD;46,995992;3,129827
202300023394;14;10;2023;01:30;3;81;81112;1;1;1;6;Route de Marssac;43,930441;2,016667
202300023395;17;6;2023;22:10;4;71;71076;2;1;1;6;EUROPE (AVENUE DE L');46,80085;4,83216
202300023396;30;6;2023;19:10;3;974;97411;2;1;1;6;REYDELLET (ROUTE JULES);-20,93626;55,49
202300023397;13;10;2023;19:10;2;17;17164;1;3;1;3;Route de Saint Jean;45,77003;-0,579121
202300023398;30;6;2023;20:50;3;974;97407;2;1;1;6;28 NOVEMBRE 1942(AVENUE);-20,93026;55,29134
202300023399;13;10;2023;18:15;2;16;16061;1;1;1;7;Forêt Domaniale de la Braconne;45,739256;0,301362
202300023400;1;7;2023;06:40;4;973;97309;2;1;2;7;SAINT MARTIN (RESIDENCE);4,92076;-52,30334
202300023401;29;5;2023;11:51;1;973;97302;2;3;1;3;GOINET (LIEUTENANT);4,94048114;-52,32747701
202300023402;12;10;2023;14:30;1;33;33023;1;1;7;1;D1113;44,694498;-0,49402
202300023403;30;6;2023;18:05;1;69;69383;2;1;1;6;Cours Docteur Long;45,74851239;4,88141315
202300023404;13;10;2023;19:55;5;33;33312;2;1;1;3;Rue des Palus;44,947317;-0,589732
202300023405;7;6;2023;13:54;1;972;97213;1;1;1;6;ACAJOU PROLONGEE;14,624903;-61,019323
202300023406;13;10;2023;22:05;5;60;60141;2;1;1;6;Avenue du Maréchal Joffre;49,190834;2,463609
202300023407;29;6;2023;07:50;1;91;91114;2;1;8;1;RUE DE VILLECRESNES;48,70736;2,50108
202300023408;13;10;2023;20:10;3;69;69297;1;1;1;4;Autoroute 47 ;45,58797266;4,78470712
202300023409;30;6;2023;07:45;1;86;86066;1;6;1;3;D161;46,786142;0,546505
202300023410;30;6;2023;04:00;5;83;83137;2;1;2;6;MOULINS (AVE DES DE 328 A FIN;43,14285346;5,91306764
202300023411;12;10;2023;20:40;5;38;38544;2;1;1;2;RD1407   0.000 A 2.331;45,52695;4,87307
202300023412;29;6;2023;22:45;5;83;83137;2;2;1;1;ARMARIS (BD DES);43,12235;5,98171
202300023413;21;6;2023;13:15;1;83;83123;2;1;1;6;ESTIENNE D'ORVES (BD);43,11659495;5,80486523
202300023414;13;10;2023;21:29;3;33;33013;1;1;1;4;ROUTE NATIONALE 89;44,86854323;-0,50320387
202300023415;24;6;2023;17:55;1;83;83009;2;1;1;6;ESCOURCHE (BD DE L');43,140519;5,761063
202300023416;13;10;2023;13:45;1;91;91689;1;1;1;2;AUTOROUTE A6A;48,7299;2,31441
202300023417;13;10;2023;02:47;5;94;94043;1;1;1;7;A6B;48,81455092;2,35560776
202300023418;30;6;2023;18:00;1;69;69282;2;1;1;4;Avenue de Verdun;45,775;4,98804
202300023419;13;10;2023;16:45;1;78;78043;1;1;1;2;A12 W;48,841324;2,102097
202300023420;30;6;2023;18:30;1;69;69256;2;2;1;3;Rue Alexandre Dumas;45,75342;4,93226
202300023421;30;6;2023;06:45;1;69;69256;2;1;3;2;Avenue Garibaldi;45,76667;4,93127
202300023422;13;10;2023;12:15;1;78;78133;1;1;1;2;A13;48,887698;2,011411
202300023423;30;6;2023;15:50;1;67;67482;2;1;2;6;PREMIERE ARMEE (RUE DE LA);48,57771;7,75176
202300023424;12;10;2023;20:10;3;78;78043;1;1;1;2;A12 W;48,836445;2,089358
202300023425;29;6;2023;16:10;1;67;67482;2;3;1;3;GARE AUX MARCHANDISES (RUE DE LA);48,59162;7,73369
202300023426;30;6;2023;20:45;2;64;64102;2;6;1;3;MARAIS (ROND POINT DES);43,49091;-1,49537
202300023427;13;10;2023;18:30;5;93;93008;1;1;1;5;AUTOROUTE A86;48,91273457;2,43680722
202300023428;30;5;2023;14:50;1;62;62523;2;3;1;3;D917;50,44029;2,8488
202300023429;29;6;2023;21:20;2;62;62563;2;1;1;1;RUE MAX DORMOY;50,47353;2,71057
202300023430;13;10;2023;14:10;1;93;93027;1;1;1;2;AUTOROUTE A86;48,92333;2,38295
202300023431;29;6;2023;11:00;1;62;62427;2;1;1;6;Rue Denis Papin;50,420574;2,946789
202300023432;13;10;2023;16:37;1;92;92036;1;1;1;2;N 315 ;48,93724465;2,29915559
202300023433;30;6;2023;14:50;1;59;59279;2;1;1;3;LYS (RUE DE LA);50,78554;3,11834
202300023434;29;6;2023;15:35;1;59;59350;2;1;1;1;SALENGRO ROGER RUE;50,62939;3,10164
202300023435;12;10;2023;15:10;1;94;94028;1;1;1;5;A86;48,79644473;2,44316089
202300023436;30;6;2023;13:20;1;56;56121;2;1;1;2;Rue président John Kennedy;47,76312;-3,3817
202300023437;29;6;2023;21:39;1;56;56121;2;2;1;7;BLUM ( BD LEON );47,75149;-3,37154
202300023438;30;6;2023;17:20;1;54;54274;2;6;1;3;Rue de la République;48,66663825;6,21272564
202300023439;1;7;2023;15:30;1;13;13056;2;6;1;1;ROUTE DU PORT DE LAVERA;43,39737;5,03395
202300023440;29;6;2023;17:10;1;50;50129;2;6;1;3;RIVIERES (RUE DES);49,66086;-1,68522
202300023441;30;6;2023;13:50;1;49;49007;2;2;8;3;AYRAULT;47,47737;-0,55323
202300023442;26;7;2023;10:58;1;74;74155;1;9;1;6;Route du col de terramont;46,261039;6,507468
202300023443;12;10;2023;08:15;1;976;97611;2;1;1;6;passamanty-Vahibé ( route );-12,8;45,20392
202300023444;30;6;2023;01:30;4;49;49007;2;2;1;3;VERDUN PONT;47,47362;-0,559
202300023445;29;6;2023;19:21;1;49;49007;2;1;1;7;WALDECK ROUSSEAU;47,47083;-0,54451
202300023446;9;10;2023;12:45;1;974;97411;2;4;1;1;GUADELOUPE (DE LA);-20,90401;55,4949
202300023447;30;6;2023;17:55;1;45;45285;2;1;1;6;1 Rue Roger Toulouse;47,91206;1,87741
202300023448;12;10;2023;15:55;1;973;97302;2;2;1;3;MONTABO (ROUTE DE) 3;4,93517048;-52,29370549
202300023449;30;6;2023;08:55;1;45;45234;2;1;1;3;34 Rue du Faubourg Saint-Jean;47,90505;1,89266
202300023450;11;10;2023;23:10;3;973;97302;2;1;1;2;BADUEL (ROUTE DE);4,9292;-52,30232