Num_Acc;jour;mois;an;hrmn;lum;dep;com;agg;int;atm;col;adr;lat;long
202300023451;11;10;2023;13:40;1;972;97209;2;1;1;6;VICTOR LAMON (AVENUE);14,60454;-61,05622
202300023452;12;10;2023;08:45;1;69;69382;2;1;1;2;Pont Lafayette;45,76355;4,83947
202300023453;11;10;2023;17:30;1;69;69152;2;9;1;3;130 Boulevard de l'Europe;45,69635;4,82569
202300023454;10;10;2023;17:34;1;69;69382;2;2;1;3;Quai Jean Moulin;45,76501;4,83812
202300023455;12;10;2023;18:25;1;2B;2B037;2;1;1;1;TOUTES RUES;42,61958;9,43192
202300023456;12;10;2023;14:10;1;2B;2B033;2;2;1;3;CAPITAINE THEN;42,67473;9,43793
202300023457;12;10;2023;08:55;1;2B;2B037;1;2;1;3;D 82;42,59396;9,43716
202300023458;12;10;2023;07:45;1;971;97101;2;9;1;6;ROUTE DES ABYMES;16,26717;-61,50847
202300023459;12;10;2023;11:48;1;2A;2A004;2;4;1;2;CAMPI LOUIS BD;41,94346;8,75387
202300023460;11;10;2023;17:15;1;95;95218;2;1;1;3;CHARLES DE GAULLE (BOULEVARD);49,021956;2,113202
202300023461;12;10;2023;15:05;1;91;91549;2;1;1;6;LEO LAGRANGE (RUE);48,63354;2,34367
202300023462;12;10;2023;21:20;5;91;91161;2;1;1;6;RTE DE MASSY;48,7152;2,29882
202300023463;12;10;2023;16:15;1;91;91691;2;1;1;3;GABRIEL PERI(RUE) DU N°70 AU N°122;48,704;2,487
202300023464;11;10;2023;17:00;1;30;30351;2;1;1;7;Avenue Gabriel Peri;43,95778;4,79581
202300023465;11;10;2023;10:45;1;84;84007;2;3;1;3;TARASCON ( Avenue de);43,92664;4,8095
202300023466;12;10;2023;17:00;1;83;83137;2;1;1;6;LOTI (AVE PIERRE);43,11537;5,94359
202300023467;11;10;2023;17:10;1;83;83144;2;1;7;3;LAVOISIER (AVE / IMP);43,13828;5,99809
202300023468;11;10;2023;07:55;2;79;79191;2;2;5;3;N/A;46,31268;-0,44177
202300023469;12;10;2023;07:40;2;77;77373;1;1;1;2;RTE NATIONALE N 4;48,769648;2,636644
202300023470;11;10;2023;18:00;1;77;77114;2;1;1;3;D216;48,72191053;2,65263855
202300023471;11;10;2023;11:38;1;77;77288;2;2;1;6;HIPPOLYTE ROSSIGNOL  (QUAI);48,53511;2,65722
202300023472;12;10;2023;13:06;1;77;77058;2;2;1;3;BUISSONIERE (RUE);48,839951;2,710799
202300023473;12;10;2023;07:20;5;77;77058;2;6;1;3;EUROPE (AVENUE DE L' );48,83117;2,70671
202300023474;12;10;2023;07:50;1;72;72181;2;9;1;3;KLOTZ HENRI-PIERRE (AV);48,01938;0,16766
202300023475;11;10;2023;13:40;1;72;72181;2;1;1;6;DURAND GEORGES (AV) N° PAIRS 2 A 110;47,98084;0,21183
202300023476;12;10;2023;14:45;1;69;69266;2;2;1;5;Avenue Roger Salengro;45,78186;4,88742
202300023477;10;10;2023;08:00;1;67;67180;2;2;1;3;HENRI GRAN (RUE);48,81014;7,80347
202300023478;12;10;2023;09:00;1;64;64260;2;1;1;3;COMMERCE (RUE DU);43,35369;-1,77678
202300023479;12;10;2023;17:25;1;64;64348;2;3;1;3;FREDERIC ET IRENE JOLIOT CURIE;43,30617;-0,42272
202300023480;11;10;2023;09:30;1;64;64348;2;1;7;2;EUROPE DE L';43,32631;-0,38687
202300023481;12;10;2023;16:45;1;64;64102;2;1;1;7;MAUBEC (RUE);43,50117;-1,46733
202300023482;19;4;2023;16:25;1;94;94041;2;1;1;3;Rue Pierre et Marie Curie;48,81349;2,37175
202300023483;11;10;2023;15:45;1;64;64024;2;3;1;3;MER (BOULEVARD DE LA);43,49496;-1,54251
202300023484;20;4;2023;14:10;1;94;94043;2;1;1;3;Avenue Charles Gide;48,80731;2,35436
202300023485;11;10;2023;17:00;1;64;64102;2;1;1;3;LOUIS DE FOIX (AVENUE);43,51052;-1,46823
202300023486;20;4;2023;09:40;1;94;94033;2;9;1;3;Avenue de Neuilly;48,848022;2,490193
202300023487;11;10;2023;15:36;1;64;64024;2;1;1;6;MER (BOULEVARD DE LA);43,49498;-1,54253
202300023488;24;4;2023;17:40;1;94;94018;2;3;1;6;Quai des Carrieres / Rue de l'Abreuvoir;48,81784;2,41809
202300023489;12;10;2023;14:40;1;62;62040;2;9;2;6;Rue Emile Delattre;50,73746;2,28847
202300023490;20;4;2023;18:00;1;94;94041;2;2;1;3;Rue Marcel Lamant / Rue Maurice Coutant;48,805625;2,384431
202300023491;11;10;2023;16:45;1;62;62040;2;9;1;5;Avenue Georges Brassens;50,73564982;2,27974409
202300023492;20;4;2023;09:30;1;93;93063;2;2;1;3;Rue Jean Jaurès / Rue Marcel Ethis;48,87836;2,44541
202300023493;6;10;2023;18:50;1;62;62757;1;1;1;2;D942;50,75152;2,21075
202300023494;19;4;2023;15:30;1;93;93001;2;1;1;2;Avenue du Président Roosevelt;48,91791138;2,3791253
202300023495;20;4;2023;18:50;1;92;92048;2;1;1;6;CHARLES DESVERGNES (RUE);48,81773392;2,23063588
202300023496;12;10;2023;11:15;1;62;62193;2;1;3;6;Boulevard Léon Gambetta;50,9461;1,83953
202300023497;20;4;2023;10:05;1;92;92025;2;1;1;6;BOURNARD (RUE DU);48,923076;2,25632
202300023498;19;4;2023;19:20;1;92;92024;2;1;1;6;GENERAL LECLERC (BD DU) (9 A 59)   (4 A;48,90000576;2,31778935
202300023499;12;10;2023;09:30;2;62;62193;2;1;2;3;Avenue du Président Wilson;50,95271;1,85096
202300023500;21;4;2023;14:00;1;50;50541;1;1;1;7;Le Haut Theil;48,837415;-1,524133
202300023501;12;10;2023;07:00;4;62;62193;2;1;2;3;Rue Marcel Doret;50,95202;1,9185
202300023502;20;4;2023;07:00;2;71;71242;1;3;1;3;D983;46,63049518;4,55484688
202300023503;9;10;2023;17:20;1;60;60665;2;3;1;3;Rue des Martyrs;49,41706;2,80264
202300023504;20;4;2023;16:00;1;84;84088;2;1;1;1;Route de l?Isle sur la Sorgue;43,988768;5,046684
202300023505;11;10;2023;08:30;2;59;59291;2;1;1;3;USINES (RUE DES);50,24798;3,9019
202300023506;20;4;2023;08:15;1;22;22105;2;1;1;6;Rue de la Motte;48,508896;-2,124707
202300023507;12;10;2023;07:55;1;59;59368;2;2;1;3;GANTOIS RUE DES;50,65319;3,06908
202300023508;16;4;2023;21:30;5;972;97223;2;3;1;3;route départementale la haut;14,556243;-60,945207
202300023509;12;10;2023;09:00;1;59;59350;2;1;1;3;RUE MADELEINE REBERIOUX;50,62851;3,07931
202300023510;20;4;2023;18:45;2;52;52307;1;1;1;3;Autoroute A5;47,943474;5,188256
202300023511;10;10;2023;12:40;1;57;57672;2;1;1;3;ROBERT SCHUMANN (BOULEVARD);49,35351;6,17896
202300023512;10;10;2023;10:30;1;57;57227;2;6;1;6;SCHLOSSBERG (RUE DU );49,18524;6,89968
202300023513;20;4;2023;08:30;1;38;38239;1;1;1;5;D1085;45,33765687;5,5434823
202300023514;1;4;2023;15:30;1;72;72287;2;1;1;6;4 Rue de Touraine;47,876832;0,215977
202300023515;12;10;2023;09:10;1;56;56121;2;1;2;6;24 Avenue général Charles De Gaulle;47,74221;-3,37032
202300023516;20;4;2023;17:30;1;51;51507;2;2;2;3;Route Royale;49,093199;4,916097
202300023517;11;10;2023;10:05;1;56;56098;2;1;1;3;SARTRE (RUE  JEAN-PAUL );47,76449;-3,34485
202300023518;19;4;2023;19:00;1;59;59135;1;1;1;7;Route d'Oxelaere;50,790897;2,484004
202300023519;11;10;2023;14:30;1;54;54395;2;9;1;6;Boulevard Joffre;48,68783;6,17818
202300023520;21;4;2023;09:40;1;76;76271;1;1;1;1;Route de Rouen;49,558319;1,152942
202300023521;11;10;2023;12:20;1;54;54547;2;1;1;6;Rue Goethe;48,65984755;6,17991954
202300023522;11;10;2023;12:37;1;54;54395;2;1;1;3;Rue Charles Keller;48,70274;6,17532
202300023523;5;4;2023;12:30;1;2B;2B049;1;1;1;1;D151;42,527504;8,839493
202300023524;11;10;2023;09:15;1;54;54304;2;1;1;2;Avenue Paul Déroulède;48,68421989;6,15191191
202300023525;18;4;2023;07:30;1;71;71396;1;2;1;3;Route de Dijon;46,865785;5,161171
202300023526;19;4;2023;18:05;1;63;63172;1;1;1;6;D640;45,584517;3,04104
202300023527;11;10;2023;08:15;2;54;54578;2;3;9;2;Rue Albert 1er;48,671395;6,147528
202300023528;21;4;2023;06:40;2;63;63214;2;1;1;6;53 Rue de la Tuilerie;45,678934;3,197467
202300023529;20;4;2023;16:00;1;42;42334;2;1;1;6;Rue Jacques Vergnier;45,85164;4,357111
202300023530;10;10;2023;21:16;5;54;54395;2;2;1;3;LOBAU (BOULEVARD);48,67966;6,19878
202300023531;21;4;2023;10:35;1;41;41232;2;1;1;6;Boulevard de la République;47,423994;2,052985
202300023532;12;10;2023;05:45;5;54;54575;1;3;1;2;Avenue Jean Monnet;49,47509;5,8521
202300023533;20;4;2023;17:42;1;25;25318;1;1;1;5;N57 - PK 90+790;46,751293;6,378669
202300023534;12;10;2023;19:32;3;54;54099;1;1;2;7;RD138;49,252884;5,986975
202300023535;21;4;2023;17:45;1;25;25219;2;1;1;2;23 Grande Rue;47,130684;6,370724
202300023536;12;10;2023;08:50;1;51;51454;2;1;1;6;JAURES (AVENUE JEAN ) DU N° 61 A FIN;49,2595;4,04536
202300023537;20;4;2023;19:53;1;29;29089;1;1;1;6;moulin du roy;48,270722;-3,60144
202300023538;12;10;2023;08:55;1;51;51454;2;1;1;2;MARCHANDEAU (AVENUE PAUL);49,24191;4,02403
202300023539;21;4;2023;12:30;1;29;29165;1;3;1;2;Lieu Dit Quelarn;47,821346;-4,253232
202300023540;20;4;2023;17:00;1;31;31431;1;1;1;6;D618;42,943573;0,852149
202300023541;10;10;2023;21:45;5;51;51454;2;2;1;3;PAIX (BOULEVARD DE LA);49,2515847;4,04159617
202300023542;21;4;2023;17:10;1;31;31246;1;1;1;7;RD 817;43,112905;0,838995
202300023543;13;4;2023;11:09;1;3;3142;2;1;2;6;place de l'église;46,297911;3,816183
202300023544;12;10;2023;10:10;1;50;50129;2;3;2;3;GRAND PRE (RUE DU);49,63784;-1,59498
202300023545;11;10;2023;18:47;1;49;49007;2;1;1;2;DEUX CROIX BOULEVARD;47,47547;-0,52874
202300023546;19;4;2023;13:30;1;72;72289;1;1;1;3;D38;48,14465871;0,16196966
202300023547;11;10;2023;06:45;5;44;44109;2;1;1;6;Chaussée de la Madeleine;47,21243;-1,55302
202300023548;20;4;2023;11:35;1;6;6151;1;1;1;7;M6202;43,873953;7,194242
202300023549;21;4;2023;08:00;1;60;60238;2;3;1;2;D1017;49,277154;2,594603
202300023550;6;10;2023;19:30;2;42;42218;2;2;1;3;Rue Gambetta;45,43333;4,38881
202300023551;20;4;2023;13:15;1;24;24067;1;1;1;6;Route de Périgueux;44,926801;0,929077
202300023552;20;4;2023;22:55;4;85;85288;2;1;1;7;49 Avenue des taconnettes;46,443073;-1,664724
202300023553;12;10;2023;22:50;5;38;38151;2;9;1;3;AVENUE DE GRUGLIASCO;45,1500418;5,71806725
202300023554;21;4;2023;14:20;1;87;87047;1;3;1;1;La Croix de Daumart;46,018114;1,292787
202300023555;12;10;2023;10:20;1;38;38185;2;8;1;3;MARCELIN BERTHELOT (AVENUE);45,17628;5,73199
202300023556;21;4;2023;06:10;3;30;30284;1;1;9;1;N106;44,149192;4,060451
202300023557;20;4;2023;15:10;1;31;31094;1;1;1;6;A68;43,747165;1,625977
202300023558;21;4;2023;07:04;2;73;73079;1;1;3;6;Aire de l'Arclusaz;45,548881;6,15722
202300023559;20;4;2023;19:30;5;973;97309;2;3;3;2;Avenue Gaston Monnerville;4,887548;-52,282128
202300023560;18;4;2023;16:55;1;6;6152;1;4;1;2;686 Route de Biot;43,641999;7,029127
202300023561;21;4;2023;16:05;1;42;42256;1;4;1;6;D498;45,486262;4,148409
202300023562;19;4;2023;13:50;1;13;13076;1;1;1;2;Autoroute A7, pk 211, sens 2;43,828335;5,020409
202300023563;16;4;2023;08:15;1;976;97608;2;1;1;2;Boulevard des Crabes;-12,786477;45,262304
202300023564;19;4;2023;21:00;5;978;97801;2;1;1;3;R DE SANDY GROUND;18,059421;-63,106606
202300023565;21;4;2023;07:25;1;33;33165;2;1;1;5;Avenue de l’Entre 2 Mers;44,8241;-0,441663
202300023566;21;4;2023;14:30;1;78;78478;1;1;1;1;N191;48,47487;1,85508
202300023567;21;4;2023;10:50;1;34;34199;2;3;8;3;373 Avenue Général de Gaulle;43,453156;3,414221
202300023568;21;4;2023;15:40;1;83;83115;2;1;1;6;136 Avenue du Général Leclerc;43,31439;6,66162
202300023569;20;4;2023;08:13;1;21;21585;1;1;1;7;D996;47,200633;5,082679
202300023570;19;4;2023;16:30;1;68;68036;1;6;1;3;D52;48,033051;7,56089
202300023571;20;4;2023;11:30;1;67;67080;1;4;7;1;D30;48,555947;7,527325
202300023572;27;3;2023;21:24;5;69;69287;2;6;1;7;Route Départementale 306;45,699717;5,008832
202300023573;13;4;2023;07:42;1;60;60322;1;4;1;2;Départementale 153;49,308393;1,885689
202300023574;21;4;2023;03:45;5;62;62128;2;1;1;6;Rue du Général de Gaulle;50,312058;2,948415
202300023575;20;4;2023;13:40;1;13;13215;1;1;1;3;A7-Sens Lyon vers Marseille;43,38137116;5,35209239
202300023576;20;4;2023;08:15;1;13;13005;1;1;1;7;A50-Sens Marseille vers Aubagne;43,28446;5,57185
202300023577;20;4;2023;19:23;1;83;83137;1;1;1;4;A57;43,12027252;5,94951171
202300023578;19;4;2023;10:05;1;59;59350;1;1;1;6;AUTOROUTE A25;50,61788416;3,03078265
202300023579;20;4;2023;14:35;1;91;91161;1;1;1;2;AUTOROUTE A6;48,71142;2,30752
202300023580;20;4;2023;09:45;1;91;91312;1;1;1;1;RD 444;48,74007;2,22499
202300023581;20;4;2023;11:50;1;78;78545;1;1;1;2;A12 W;48,804503;2,049861
202300023582;20;4;2023;15:45;1;78;78029;1;1;1;3;A13W;48,965856;1,850768
202300023583;19;4;2023;20:25;1;92;92050;1;1;1;7;A14;48,89482877;2,22905785
202300023584;19;4;2023;02:55;3;78;78455;1;1;1;2;A13;48,8591;2,05016
202300023585;20;4;2023;09:30;1;95;95582;1;1;1;3;A15;48,97353;2,2458
202300023586;20;4;2023;10:30;1;93;93027;1;1;1;3;AUTOROUTE A86;48,92458528;2,38937632
202300023587;19;4;2023;17:15;1;93;93007;1;1;1;3;AUTOROUTE A3;48,93230265;2,48082971
202300023588;19;4;2023;18:05;1;93;93027;1;1;1;4;AUTOROUTE A86;48,92354496;2,38317132
202300023589;19;4;2023;12:30;1;93;93007;1;1;7;7;AUTOROUTE A3;48,92375;2,48068
202300023590;19;4;2023;08:45;1;93;93027;1;1;1;2;AUTOROUTE A86;48,92786049;2,40957519
202300023591;20;4;2023;16:20;1;94;94046;1;1;1;3;A86;48,81292733;2,44895577
202300023592;20;4;2023;13:15;1;94;94028;1;1;1;5;A86;48,78275411;2,44084607
202300023593;20;4;2023;08:45;1;77;77514;1;1;1;2;A104;48,942616;2,628501
202300023594;19;4;2023;22:15;3;94;94069;1;1;1;4;A4;48,81733586;2,43366427
202300023595;19;4;2023;21:55;3;77;77384;1;1;1;2;A105;48,597636;2,63483
202300023596;19;4;2023;16:40;1;93;93064;1;1;1;4;A86;48,86122426;2,48410075
202300023597;19;4;2023;00:09;3;94;94073;1;1;1;4;A86;48,77183853;2,39424537
202300023598;19;4;2023;11:10;1;974;97416;1;1;1;6;RN02;-21,33216726;55,47943354
202300023599;19;4;2023;16:40;1;974;97411;2;9;1;3;MACE (ROUTE GABRIEL);-20,91459;55,49473
202300023600;20;4;2023;00:15;5;69;69386;2;2;1;3;Rue Masséna;45,76959;4,8542
202300023601;19;4;2023;10:40;1;69;69387;2;1;1;3;Cours Gambetta;45,75562;4,84142
202300023602;19;4;2023;14:27;1;972;97209;1;1;1;2;RAVINE VILAINE (CHEMIN DEPARTEMENTAL DE);14,6326;-61,05974
202300023603;19;4;2023;17:50;1;69;69081;2;1;1;6;78 Chemin du Petit Bois;45,78757726;4,75944539
202300023604;30;3;2023;19:15;1;69;69034;2;1;1;3;60 Rue Pierre Brunier;45,7904147;4,83076349
202300023605;19;4;2023;08:55;1;2B;2B033;2;1;1;6;ANNONCIADE - CHEMIN DE L';42,706;9,441
202300023606;18;4;2023;21:00;3;971;97101;1;1;1;4;ROUTE DE BOULIQUI;16,25811361;-61,45572782
202300023607;19;4;2023;14:10;1;2A;2A004;2;1;1;6;ROUTE DU STILETTO;41,94806;8,77408
202300023608;19;4;2023;20:45;2;91;91657;2;3;1;3;AV DE LA TOURELLE;48,692582;2,444902
202300023609;13;4;2023;16:45;1;85;85194;2;9;1;6;Rue nicot;46,49976;-1,78503
202300023610;1;4;2023;21:37;5;84;84007;2;1;1;1;EUROPE (Pont de l');43,94375;4,79644
202300023611;19;4;2023;19:30;1;78;78418;2;1;1;3;PAUL DOUMER (AVENUE);48,9059;2,14877
202300023612;19;4;2023;19:25;1;77;77037;2;1;1;6;FORET (AVENUE DE LA);48,47383;2,69281
202300023613;19;4;2023;11:50;1;76;76231;2;2;1;3;Rue Jean Jaurès;49,291366;1,009974
202300023614;19;4;2023;20:30;2;69;69256;2;1;1;6;Avenue Paul Marcellin;45,77485;4,93249
202300023615;19;4;2023;17:30;1;69;69275;2;2;1;6;1 Avenue Paul Marcellin;45,76796701;4,93656173
202300023616;19;4;2023;14:30;1;69;69259;2;1;1;3;35 Avenue Jules Guesde;45,71590953;4,88797416
202300023617;19;4;2023;11:20;1;69;69271;1;3;1;3;Chemin de Brigneux;45,74774;4,97843
202300023618;14;4;2023;04:46;3;67;67218;1;1;1;1;ALFRED KASTLER (ROUTE);48,52832;7,74017
202300023619;19;4;2023;20:20;1;59;59279;2;1;1;3;LILLE (RUE DE);50,77512;3,1236
202300023620;19;4;2023;05:27;3;59;59599;2;3;1;3;YSER (RUE DE L');50,742351;3,169544
202300023621;19;4;2023;08:50;1;59;59392;2;9;1;2;EPINETTE (BOULEVARD DE L');50,28438;3,96748
202300023622;14;4;2023;18:15;1;54;54329;2;3;1;6;AVENUE VOLTAIRE;48,59159;6,50709
202300023623;31;3;2023;18:50;1;54;54116;1;1;1;6;Rue de Saverne;48,59667;6,54608
202300023624;19;4;2023;08:23;1;51;51454;2;2;1;3;NATIONALE (AVENUE) LA NEUVILLETTE;49,28874;4,00582
202300023625;14;4;2023;12:20;1;50;50129;2;5;1;2;MENDES FRANCE (BOULEVARD);49,63568;-1,63103
202300023626;18;4;2023;21:09;2;49;49246;2;1;1;6;PERRINS CHEMIN ET VILLAGE;47,44062;-0,52016
202300023627;4;8;2023;07:30;1;29;29019;2;6;1;3;Pen ar Ch'leuz;48,41428148;-4,47887063
202300023628;14;4;2023;05:00;3;40;40281;2;3;1;2;KENNEDY (AV DU PDT. JOHN FIDGERALD);43,8744;-0,49245
202300023629;3;8;2023;16:20;1;27;27229;2;1;2;2;CITES UNIES (BOULEVARD DES);49,017408;1,140731
202300023630;3;8;2023;05:03;3;26;26313;1;1;1;6;Route Nationale 7;44,95683179;4,92996454
202300023631;19;4;2023;09:30;1;38;38185;1;1;1;2;A480;45,16828014;5,70190748
202300023632;6;8;2023;13:40;1;25;25056;2;1;2;3;MITTERAND AVENUE FRANCOIS;47,22345;5,98652
202300023633;19;4;2023;23:02;5;37;37261;2;1;1;6;ELYSEE (RUE DE L');47,3834;0,69434
202300023634;3;8;2023;09:00;1;24;24037;2;1;1;3;MORIZE (RUE GERMAINE);44,85084;0,48074
202300023635;2;8;2023;10:10;1;22;22187;2;3;3;3;VERDUN (rue de );48,54483;-2,78575
202300023636;5;8;2023;03:40;3;22;22113;2;1;3;7;AERODROME (RUE DE L');48,7396;-3,46407
202300023637;19;4;2023;08:45;1;37;37208;2;1;1;3;CORMERY (RUE DE);47,34871;0,73424
202300023638;19;4;2023;16:15;1;35;35055;2;6;1;3;PARC (RUE DU);48,088;-1,60857
202300023639;6;8;2023;02:15;5;21;21231;2;2;1;3;Boulevard Mansart;47,310434;5,059946
202300023640;4;8;2023;16:00;1;19;19275;2;1;2;6;N/A;45,54650794;2,29699964
202300023641;19;4;2023;12:20;1;35;35238;2;6;1;6;SAINT-BRIEUC (DE);48,11773;-1,7136
202300023642;28;7;2023;21:40;5;18;18033;2;1;2;6;Rue des Hémerettes;47,079904;2,399776
202300023643;19;4;2023;10:10;1;35;35238;2;2;1;3;NANTES (DE);48,09728;-1,68881
202300023644;5;8;2023;12:40;1;17;17299;2;2;1;3;FRERES JAMAIN RUE DES;45,94024;-0,98425
202300023645;5;8;2023;20:15;1;16;16015;2;1;2;6;LATTRE DE TASSIGNY (AVENUE DE);45,65554;0,16921
202300023646;19;4;2023;08:35;1;35;35238;2;4;7;1;LORIENT (DE);48,10797446;-1,70294791
202300023647;4;8;2023;21:20;1;14;14333;2;1;1;6;9 Boulevard Charles V;49,42251;0,2329
202300023648;17;4;2023;13:45;1;34;34032;2;2;1;3;245 Rue de la Hotte;43,33593;3,27256
202300023649;3;8;2023;23:00;3;14;14536;2;2;1;2;900 Rue Saint-Clair;49,409407;0,251699
202300023650;18;4;2023;22:10;5;33;33281;2;3;1;3;Rue Camille Saint-Saëns;44,84375;-0,64549
202300023651;6;8;2023;03:15;5;13;13204;2;2;1;3;JEAN DUSSERT (RUE);43,31401;5,4028
202300023652;4;8;2023;15:05;1;13;13214;2;3;1;3;SAINTE MARTHE (chemin);43,3182;5,39031
202300023653;4;8;2023;15:30;1;13;13215;2;9;6;3;ROGER SALENGRO (AVENUE);43,32185135;5,36767691
202300023654;4;8;2023;15:00;1;13;13203;2;2;1;6;STRASBOURG (BOULEVARD);43,30907;5,37846
202300023655;19;4;2023;11:00;1;29;29232;2;6;1;3;Rond-Point Philippe Lebon;47,994574;-4,072878
202300023656;4;8;2023;08:50;1;13;13208;2;1;1;6;CLOT BEY (AVENUE);43,2582;5,3838
202300023657;18;4;2023;15:00;1;29;29232;1;1;1;3;Route de Morlaix;48,03969428;-4,06889552
202300023658;3;8;2023;03:15;5;13;13206;2;3;1;3;BRETEUIL (RUE);43,29024523;5,37584802
202300023659;3;8;2023;11:20;1;13;13208;2;3;1;6;PRADO (AVENUE DU);43,27612;5,3888
202300023660;17;4;2023;15:00;1;19;19031;2;1;1;6;MICHELET (BOULEVARD);45,16439;1,54082
202300023661;6;8;2023;21:55;5;13;13001;1;1;1;7;EGUILLES (ROUTE D');43,55067;5,38909
202300023662;4;8;2023;11:00;1;13;13001;1;1;1;1;R.N 7;43,55261;5,42381
202300023663;6;8;2023;12:25;1;12;12083;2;1;1;2;MOULIN JEAN (AVENUE);44,52536;2,27748
202300023664;5;8;2023;16:15;1;12;12013;1;1;1;1;RD 840;44,55515;2,28306
202300023665;5;8;2023;10:10;1;11;11069;2;1;1;2;N/A;43,22664;2,33076
202300023666;18;4;2023;14:40;1;14;14304;1;2;1;3;1 Rue du Nouveau Monde;49,38232;0,24479
202300023667;3;8;2023;11:00;1;11;11069;2;1;2;7;ROCADE SUD RD 6161;43,20442;2,33333
202300023668;19;4;2023;17:15;1;13;13209;2;3;1;3;CATHERINE BLUM (BOULEVARD);43,26403;5,41836
202300023669;5;8;2023;14:08;1;10;10321;2;2;2;3;DOCTEUR ROUX (RUE DU);48,28499;4,01196
202300023670;18;4;2023;23:50;5;13;13215;2;1;1;3;SAINT ANTOINE A SAINT JOSEPH (CHEMIN DE);43,3605;5,3641
202300023671;5;8;2023;14:45;1;6;6088;2;9;1;7;ANGLAIS (DU N° 1 AU N° 43);43,69475;7,26633
202300023672;18;4;2023;20:50;5;11;11069;2;1;1;3;248 Avenue du Général Leclerc;43,20745;2,37893
202300023673;31;7;2023;20:34;1;6;6083;2;9;1;1;CABROLLES (ROUTE DES);43,79798;7,48404
202300023674;18;4;2023;08:28;1;11;11069;2;1;1;6;8 Avenue du Souvenir Francais;43,20863;2,38377
202300023675;4;8;2023;19:20;1;6;6069;2;1;1;3;PAOUTE (ROUTE ET TRAVERSE DE LA);43,641619;6,957137
202300023676;19;4;2023;20:23;5;6;6088;2;2;1;3;DELFINO (BD GENERAL);43,705496;7,284348
202300023677;4;8;2023;15:30;1;6;6069;2;9;1;3;POMPIDOU (AVENUE GEORGES) -RD 6085;43,64768;6,93731
202300023678;14;4;2023;23:00;5;6;6027;2;1;1;7;TUILIERES AVENUE DES;43,66606;7,15722
202300023679;27;7;2023;08:30;1;6;6069;1;9;1;6;GINESTIERE (CHEMIN DE LA);43,68261;6,96295
202300023680;19;4;2023;21:48;5;75;75118;2;1;1;6;RUE SAINT ELEUTHERE;48,885845;2,341514
202300023681;5;8;2023;19:00;1;6;6027;2;1;1;1;CANNES AVENUE DE (RN7);43,652781;7,144213
202300023682;18;4;2023;12:31;1;75;75101;2;2;1;3;QUAI DES ORFEVRES;48,856858;2,341155
202300023683;5;8;2023;17:20;1;2;2408;2;1;1;1;N/A;49,55773;3,63474
202300023684;5;8;2023;19:00;1;75;75119;2;1;2;7;PORTE DE LA VILLETTE;48,897784;2,393798
202300023685;19;4;2023;18:15;1;75;75106;2;2;1;3;QUAI DES GRANDS AUGUSTINS;48,85132;2,34041
202300023686;5;8;2023;12:50;1;75;75117;2;4;1;3;ECHANGEUR MAILLOT;48,8827;2,283359
202300023687;18;4;2023;12:45;1;75;75105;2;3;1;3;BOULEVARD DE PORT ROYAL;48,837701;2,345498
202300023688;4;8;2023;12:40;1;75;75112;2;1;1;2;PORTE DOREE;48,83687;2,412401
202300023689;19;4;2023;18:30;1;75;75120;2;3;1;3;RUE DES PYRENEES;48,853986;2,405714
202300023690;3;8;2023;17:05;1;75;75117;2;1;2;3;BD PERIPHERIQUE INTERIEUR;48,889237;2,296154
202300023691;1;8;2023;17:20;1;75;75113;2;1;1;3;PORTE D ITALIE;48,816707;2,365107
202300023692;19;4;2023;09:00;1;75;75120;2;2;1;3;AVENUE DE LA PORTE DES LILAS;48,877099;2,4069
202300023693;4;8;2023;14:28;1;75;75118;2;3;1;6;BOULEVARD NEY;48,897799;2,333485
202300023694;19;4;2023;11:40;1;75;75119;2;2;1;3;PLACE DE LA PORTE DE PANTIN;48,889876;2,396631
202300023695;4;8;2023;16:07;1;75;75115;2;2;1;6;RUE DE LA CROIX NIVERT;48,843601;2,295735
202300023696;19;4;2023;18:15;1;75;75118;2;2;1;2;RUE CUSTINE;48,88878;2,34658
202300023697;3;8;2023;10:25;1;75;75119;2;2;1;6;BOULEVARD D INDOCHINE;48,883653;2,396988
202300023698;19;4;2023;17:20;1;75;75116;2;2;1;5;PLACE DE LA PORTE MAILLOT;48,878079;2,281028
202300023699;2;8;2023;16:45;1;75;75106;2;3;1;3;QUAI DES GRANDS AUGUSTINS;48,85428;2,343166
202300023700;18;4;2023;11:30;1;75;75116;2;1;1;2;RUE HENRY DE LA VAULX;48,835158;2,258875
202300023701;5;8;2023;13:00;1;75;75120;2;2;2;3;RUE DE BAGNOLET;48,859145;2,402116
202300023702;19;4;2023;13:50;1;75;75115;2;2;1;5;AVENUE EMILE ZOLA;48,846964;2,294353
202300023703;4;8;2023;10:30;1;75;75120;2;3;1;6;RUE DU RETRAIT;48,869521;2,393168
202300023704;6;8;2023;18:45;1;75;75119;2;3;1;1;RUE D HAUTPOUL;48,881848;2,388394
202300023705;19;4;2023;07:45;1;75;75113;2;1;1;3;BOULEVARD DE L HOPITAL;48,842311;2,363531
202300023706;4;8;2023;21:57;5;75;75119;2;1;1;6;BOULEVARD MACDONALD;48,89858;2,386477
202300023707;19;4;2023;16:45;1;75;75111;2;2;1;3;AVENUE DE LA REPUBLIQUE;48,864589;2,378039
202300023708;5;8;2023;03:55;2;75;75118;2;1;1;2;BOULEVARD PERIPHERIQUE INTERIEUR NORD  ;48,900815;2,339917
202300023709;19;4;2023;08:40;1;75;75110;2;3;1;3;BOULEVARD DE MAGENTA;48,873188;2,358843