Num_Acc;jour;mois;an;hrmn;lum;dep;com;agg;int;atm;col;adr;lat;long
202300023710;3;8;2023;10:30;1;75;75118;2;2;1;3;RUE DAMREMONT;48,893639;2,336364
202300023711;18;4;2023;12:22;1;75;75108;2;2;1;1;RUE DE ROME;48,878052;2,32261
202300023712;6;8;2023;18:00;1;75;75117;2;1;1;3;AVENUE DE VILLIERS;48,885258;2,294799
202300023713;4;8;2023;18:55;1;75;75117;2;2;2;6;AVENUE DES TERNES;48,880781;2,285195
202300023714;19;4;2023;17:50;1;75;75104;2;1;1;3;BOULEVARD HENRI IV;48,851699;2,364347
202300023715;3;8;2023;17:00;1;75;75117;2;3;2;3;BOULEVARD BESSIERES;48,897637;2,324125
202300023716;19;4;2023;11:30;1;94;94016;2;3;1;6;Rue Camille Desmoulins;48,794713;2,334971
202300023717;18;4;2023;07:50;1;94;94028;2;1;1;6;Rue de Cotonou;48,76774028;2,46957227
202300023718;3;8;2023;15:30;1;75;75116;2;2;3;3;ALLEE DE LONGCHAMP;48,872537;2,264465
202300023719;19;4;2023;16:32;1;94;94022;2;2;1;1;Avenue Victor Hugo / Av de Villeneuve Saint Georges;48,76687998;2,41438293
202300023720;3;8;2023;11:00;1;75;75116;2;2;1;3;AVENUE VICTOR HUGO;48,871134;2,288856
202300023721;19;4;2023;11:30;1;94;94001;2;2;1;3;Rue d'Estienne d'Orves / Avenue du General de Gaulle;48,7251276;2,41859615
202300023722;18;4;2023;18:50;2;93;93070;2;1;2;3;Boulevard Victor Hugo;48,908481;2,328294
202300023723;2;8;2023;12:52;1;75;75113;2;2;1;3;QUAI PANHARD ET LEVASSOR;48,83223577;2,37977386
202300023724;19;4;2023;11:14;1;93;93066;2;1;1;3;Avenue du Docteur Lamaze;48,93519;2,37235
202300023725;1;8;2023;23:30;5;75;75107;2;2;2;3;PLACE DE LA RESISTANCE;48,862425;2,301611
202300023726;18;4;2023;06:30;5;93;93031;2;3;1;3;Rue Gouraud / Avenue de la République;48,9479;2,3384
202300023727;4;8;2023;05:50;2;75;75112;2;2;1;3;RUE DE LYON;48,847971;2,371474
202300023728;19;4;2023;13:20;1;93;93064;2;1;1;5;Avenue du Général de Gaulle;48,8791871;2,47837454
202300023729;3;8;2023;01:05;5;75;75112;2;3;1;3;BOULEVARD DE PICPUS;48,843046;2,401248
202300023730;19;4;2023;12:35;1;93;93053;2;1;1;6;Avenue du Général Leclerc;48,88954;2,47068
202300023731;7;4;2023;13:20;1;93;93048;2;1;1;6;Rue des Grands Pechers;48,8589;2,46347
202300023732;5;8;2023;15:50;1;75;75111;2;2;8;6;RUE DE MONTREUIL;48,850472;2,384451
202300023733;19;4;2023;10:45;1;93;93029;2;1;1;3;Avenue Henri Barbusse;48,92206272;2,45591669
202300023734;19;4;2023;13:00;1;93;93001;2;1;1;7;215 Avenue Jean Jaurès;48,91548485;2,40472162
202300023735;19;4;2023;12:20;1;92;92078;2;1;1;6;VERDUN (AVENUE) (IMPAIRS 27 AU 73);48,935251;2,329825
202300023736;19;4;2023;10:00;1;92;92046;2;1;1;6;PIERRE LAROUSSE (AVENUE);48,82197718;2,30391361
202300023737;5;8;2023;23:50;5;75;75109;2;2;2;6;RUE CADET;48,875815;2,343691
202300023738;19;4;2023;21:10;5;92;92073;2;1;1;2;BLUM (QUAI LEON);48,86264;2,22581
202300023739;19;4;2023;11:15;1;92;92051;2;1;1;6;LONGCHAMP (RUE DE);48,880536;2,253936
202300023740;5;8;2023;20:40;1;75;75109;2;2;1;6;BOULEVARD DE CLICHY;48,88235;2,33697
202300023741;18;4;2023;16:30;1;92;92051;2;3;1;3;ROULE (AVENUE DU, N° 29 A 91 ET 30 A 86);48,883207;2,274545
202300023742;5;8;2023;12:40;1;75;75102;2;2;2;6;BOULEVARD POISSONNIERE;48,871478;2,343072
202300023743;18;4;2023;15:00;1;92;92051;2;3;1;3;BOURDON (BOULEVARD);48,89633516;2,27315658
202300023744;3;8;2023;13:30;1;75;75109;2;1;2;3;RUE DU FAUBOURG POISSONNIERE;48,87136;2,347895
202300023745;19;4;2023;11:55;1;92;92050;2;3;1;3;PICASSO PABLO AVENUE;48,890801;2,21583456
202300023746;4;8;2023;10:47;1;75;75108;2;3;1;7;AVENUE DE WAGRAM;48,875432;2,296239
202300023747;19;4;2023;18:00;1;92;92040;2;6;1;3;VAUGIRARD (RUE DE);48,81992715;2,24270511
202300023748;4;8;2023;10:14;1;75;75108;2;2;8;3;BOULEVARD MALESHERBES;48,878389;2,315551
202300023749;5;8;2023;12:25;1;75;75107;2;7;2;6;QUAI D ORSAY;48,862278;2,301955
202300023750;20;3;2023;22:35;5;92;92044;2;1;1;3;BINEAU (BOULEVARD);48,88644839;2,28515893
202300023751;3;8;2023;12:57;1;75;75107;2;4;8;6;RUE DE BABYLONE;48,851728;2,324376
202300023752;19;4;2023;04:50;5;92;92036;2;3;1;3;PIERRE DE COUBERTIN PROLONGE;48,93583;2,27975
202300023753;6;8;2023;10:00;1;75;75102;2;3;1;7;RUE BLONDEL;48,868966;2,352223
202300023754;19;4;2023;18:40;1;92;92035;2;1;1;6;République ( boulevard de la );48,90571;2,25354
202300023755;6;8;2023;03:30;5;75;75104;2;1;2;6;QUAI DES CELESTINS;48,851913;2,36135
202300023756;19;4;2023;14:35;1;92;92012;2;1;1;6;BIR HAKEIM (PLACE);48,8302;2,23891
202300023757;19;4;2023;21:30;5;92;92007;2;1;1;1;DOLET (RUE ETIENNE);48,797655;2,303271
202300023758;3;8;2023;15:20;1;75;75103;2;2;2;1;RUE DE TURENNE;48,862005;2,364664
202300023759;3;8;2023;10:40;1;75;75103;2;2;1;3;RUE DE TURBIGO;48,865457;2,356131
202300023760;5;8;2023;11:50;1;94;94067;2;1;3;2;Avenue de Paris;48,84609059;2,42102703
202300023761;19;4;2023;15:15;1;54;54462;2;4;1;6;Route de Dombasle;48,59943041;6,33790433
202300023762;5;8;2023;11:45;1;94;94078;2;9;2;6;Place Pierre Semard;48,73107;2,44681
202300023763;5;8;2023;01:00;5;94;94078;2;3;1;6;Rue de Paris;48,73309382;2,4468905
202300023764;20;4;2023;15:59;1;21;21177;1;1;1;2;Autoroute A6 - point kilométrique 245+000;47,373021;4,394739
202300023765;6;8;2023;11:00;1;94;94073;2;3;1;1;Avenue Léon Marchand;48,76643;2,38648
202300023766;20;4;2023;11:30;1;22;22206;1;1;1;2;rn12 pr 74+500;48,530269;-2,963369
202300023767;20;4;2023;09:40;1;14;14027;1;1;1;2;22 Route de Thury;49,009895;-0,61947
202300023768;5;8;2023;18:20;1;94;94073;2;1;2;2;Rdpt d'Espagne;48,7543;2,3748
202300023769;23;3;2023;18:50;1;19;19129;1;1;1;2;A20;45,543295;1,510006
202300023770;5;8;2023;08:30;1;94;94021;1;1;1;3;Avenue du Viaduc;48,761953;2,352413
202300023771;19;4;2023;19:30;1;38;38113;1;1;1;6;D526;44,82833;5,639098
202300023772;18;4;2023;08:10;1;66;66050;2;6;1;6;N/A;42,755496;2,954121
202300023773;3;8;2023;13:40;1;94;94034;2;2;2;3;Boulevard Pasteur;48,75397;2,31279
202300023774;19;4;2023;20:40;1;56;56078;1;1;1;2;N/A;47,80148;-3,45718
202300023775;4;8;2023;17:25;1;94;94028;2;1;1;6;Voie DEPARTEMENTALE;48,76843833;2,46581966
202300023776;20;4;2023;15:20;1;79;79062;2;1;1;3;N/A;46,815518;-0,665688
202300023777;4;8;2023;14:15;1;94;94018;2;2;3;3;Avenue de Gravelle;48,82408;2,41995
202300023778;19;4;2023;17:45;1;33;33311;2;1;1;1;Côte de Bourbon;44,685879;-0,360811
202300023779;20;4;2023;08:20;1;34;34284;2;9;1;6;12 Avenue de la Gare;43,487739;2,764395
202300023780;4;8;2023;23:30;5;94;94017;2;1;1;3;Boulevard de Stalingrad;48,8223;2,49799
202300023781;6;8;2023;02:38;3;94;94075;1;1;2;6;Av du Mal de Lattre de Tassigny;48,738162;2,516969
202300023782;19;4;2023;17:15;1;38;38144;1;1;1;6;D36;45,591128;5,08004
202300023783;6;8;2023;11:45;1;94;94002;2;9;1;6;Quai Blanqui;48,81421;2,41136
202300023784;19;4;2023;06:02;2;2;2820;2;2;1;3;1 Rue Jean Jaurès;49,631113;3,243161
202300023785;4;8;2023;17:20;1;94;94002;2;7;1;6;Place de la Gare;48,80188;2,42614
202300023786;19;4;2023;17:35;1;1;1037;1;1;1;1;route departementale 32;45,823514;5,467758
202300023787;19;4;2023;16:30;1;6;6007;2;2;1;3;Route de Saint Jacques;43,612358;6,915924
202300023788;4;8;2023;23:50;5;93;93059;2;1;1;2;Avenue Elisée Reclus;48,95069174;2,35781665
202300023789;20;4;2023;17:30;1;14;14231;1;1;1;7;875 Route de Dozulé;49,21621;0,010278
202300023790;3;8;2023;03:00;5;93;93072;2;3;2;7;Boulevard Maxime Gorki / Rue Salvador Allende;48,94652;2,38646
202300023791;5;8;2023;15:38;1;93;93066;2;1;1;6;Rue Gabriel Péri;48,94020282;2,35658692
202300023792;20;4;2023;09:15;1;50;50209;1;1;1;3;Route du Hamel Es Ronches;49,645256;-1,456391
202300023793;4;8;2023;16:40;1;93;93039;2;1;8;2;Quai de la Marine;48,94695825;2,3259841
202300023794;27;5;2023;17:30;1;95;95682;1;1;1;6;N104;49,06835027;2,39100677
202300023795;3;8;2023;16:25;1;93;93066;2;1;3;3;Rue d'Eaubonne;48,94508285;2,37383936
202300023796;28;5;2023;14:30;1;94;94018;1;1;7;4;A4;48,82050762;2,40183223
202300023797;3;8;2023;20:40;2;93;93049;2;1;2;2;Rue Raspail;48,85527774;2,51329088
202300023798;28;5;2023;11:45;1;77;77384;1;1;1;6;A5b;48,615458;2,63137
202300023799;28;5;2023;00:50;3;77;77175;1;1;1;6;RN104;48,668668;2,612379
202300023800;11;3;2023;10:35;1;3;3056;1;1;2;7;gagnol;46,090436;3,598537
202300023801;27;5;2023;18:50;1;77;77169;1;1;1;5;RN104.INT;48,807992;2,63001
202300023802;4;8;2023;02:00;5;93;93050;2;9;1;3;Rue Paul Vaillant Couturier;48,87201758;2,55378582
202300023803;27;5;2023;21:24;1;49;49007;2;1;1;6;JEAN XXIII AVENUE;47,44753;-0,56236
202300023804;11;3;2023;11:10;1;1;1185;2;3;2;1;rue de l'église;45,893484;5,597631
202300023805;8;3;2023;20:00;3;33;33351;1;1;1;6;D132e2;45,210929;-0,488275
202300023806;3;8;2023;07:05;2;93;93031;2;1;2;4;Avenue de la République;48,9493883;2,3312141
202300023807;11;3;2023;02:50;4;44;44168;2;1;2;7;154 Rue Joliot-Curie;47,385145;-2,202689
202300023808;27;5;2023;02:00;5;93;93027;2;2;1;1;Boulevard Pasteur / Rue Pierre Curie;48,92098071;2,38313559
202300023809;11;3;2023;15:40;1;59;59029;1;2;1;3;rue du vert bois;50,496231;3,191174
202300023810;27;5;2023;12:05;1;92;92012;2;1;1;2;POINT DU JOUR (QUAI DU);48,82743209;2,25267202
202300023811;9;3;2023;05:45;3;74;74012;2;1;1;6;LIVRON (ROUTE DU);46,18765;6,250793
202300023812;27;5;2023;02:20;3;974;97416;2;1;3;3;CADET (CHEMIN CYRIAQUE);-21,31271;55,54714
202300023813;27;5;2023;15:00;1;974;97416;2;1;2;7;PAUL LEGROS(CHEMIN);-21,29026;55,47386
202300023814;9;3;2023;17:05;1;988;98818;2;2;1;6;RUE COTE DE L'AMIRAL HALSEY/Rue Georges BAUDOUX;-22,28124;166,44313
202300023815;6;8;2023;01:20;5;93;93014;2;1;2;2;Boulevard Gagarine;48,90524;2,54159
202300023816;8;3;2023;14:15;1;81;81065;2;9;1;6;MENDES FRANCE (BD.PIERRE);43,59276;2,23382
202300023817;27;5;2023;07:07;1;974;97416;2;3;2;3;LEBLOND 1 (RUE MARIUS ET ARY);-21,33648451;55,47042131
202300023818;2;3;2023;10:40;1;24;24145;2;1;1;6;GRAND RUE (RUE);44,85604;0,56997
202300023819;27;5;2023;15:05;1;973;97302;2;2;1;3;PREVOT (ERNEST);4,93305;-52,33282
202300023820;3;2;2023;15:24;1;24;24037;2;1;1;6;NEUVE (RUE D'ARGENSON);44,85342;0,48847
202300023821;27;5;2023;14:34;1;973;97302;2;6;1;2;CATAYEE (JUSTIN);4,92487809;-52,32383966
202300023822;9;3;2023;16:00;1;988;98818;1;3;1;5;RUE DU 18 JUIN/RUE FELIX BROCHE;-22,27091;166,46404
202300023823;27;5;2023;13:55;1;973;97302;2;3;1;3;REPUBLIQUE (BD DE LA);4,93739888;-52,32509288
202300023824;9;3;2023;12:15;1;988;98818;2;3;1;3;RUE DU R.P. MONTROUZIER/ROUTE DU VELODROME;-22,29104;166,44524
202300023825;5;8;2023;19:45;1;93;93047;2;3;2;3;Boulevard Hardy / Avenue de Clichy-sous-bois;48,90305848;2,5622279
202300023826;27;5;2023;16:26;1;973;97302;2;3;1;3;TROUBIRAN (CHEMIN DE);4,9269044;-52,30349806
202300023827;8;3;2023;14:10;1;976;97611;2;9;1;3;doujani-Mouhindi Hassani (rue );-12,79376;45,21677
202300023828;9;3;2023;21:20;5;974;97411;2;1;2;6;FOUCQUE (AVENUE HIPPOLYTE);-20,89612;55,48724
202300023829;27;5;2023;11:20;1;972;97213;1;1;1;5;AUTOROUTE A1;14,617572;-61,017774
202300023830;9;3;2023;14:45;1;974;97411;1;1;1;1;COLLINE (RUE DE LA);-20,90187;55,45739
202300023831;27;5;2023;01:22;5;972;97213;1;6;2;7;ROUTE NATIONALE 1;14,613788;-61,012029
202300023832;2;8;2023;13:10;1;93;93057;2;1;1;3;Avenue Aristide Briand;48,91082314;2,5146058
202300023833;27;5;2023;06:20;2;69;69389;2;1;1;6;64 Montée de l'Observance;45,76892;4,80968
202300023834;9;3;2023;13:00;1;974;97409;1;1;1;2;RN2 SENS ST BENOIT ST DENIS;-20,94299;55,64851
202300023835;2;8;2023;10:25;1;92;92064;2;1;1;7;DE LATTRE DE TASSIGNY;48,85173487;2,22021103
202300023836;26;5;2023;23:45;5;69;69382;2;3;1;3;8 Quai Maréchal Joffre;45,75263187;4,8245864
202300023837;8;3;2023;08:45;1;974;97407;2;9;1;3;14 JUILLET 1789(AVENUE DU);-20,93218;55,2945
202300023838;26;5;2023;16:20;1;971;97101;1;1;1;4;PALAIS ROYAL;16,29969;-61,49106
202300023839;9;3;2023;15:20;1;69;69388;2;2;1;6;Avenue Berthelot;45,73948;4,8599
202300023840;5;8;2023;06:35;1;92;92035;2;3;1;3;Joffre ( avenue );48,90543;2,24437
202300023841;27;5;2023;18:30;1;95;95268;2;1;1;6;D125;48,97265;2,40063
202300023842;9;3;2023;08:00;1;69;69387;2;2;1;6;Rue Lortet;45,74246;4,84013
202300023843;5;8;2023;22:12;5;92;92025;2;1;2;3;VALMY (BD DE);48,93087734;2,25521484
202300023844;27;5;2023;15:00;1;95;95268;2;9;1;3;D125;48,97616;2,39449
202300023845;9;3;2023;08:30;1;69;69388;2;2;1;3;Rue Professeur Beauvisage;45,72756;4,86198
202300023846;27;5;2023;14:00;1;91;91161;2;1;1;7;RUE SEVERINE;48,69682;2,30652
202300023847;3;8;2023;16:50;1;92;92019;2;1;2;6;DIVISION LECLERC (AVENUE DE LA);48,76545844;2,25978434
202300023848;9;3;2023;12:00;1;972;97213;1;1;1;3;AUTOROUTE A1;14,61823;-61,02924
202300023849;26;5;2023;21:10;2;91;91027;2;9;1;7;AV FRANCOIS MITTERRAND;48,71505;2,37346
202300023850;9;3;2023;19:40;5;2B;2B037;2;9;1;6;TOUTES RUES;42,62886;9,43727
202300023851;3;8;2023;14:10;1;92;92012;2;2;1;1;ANDRE MORIZET (AVENUE) - 49/FIN - 54/FIN;48,83704266;2,23644091
202300023852;27;5;2023;12:20;1;85;85194;2;7;1;6;1 Avenue carnot;46,49767;-1,78268
202300023853;5;3;2023;20:25;5;971;97101;2;9;1;7;DUGAZON DE BOURGOGNE (ZONE);16,25892;-61,51129
202300023854;3;8;2023;21:35;5;92;92009;2;3;2;3;BOURGUIGNONS ( RUE 33 A FIN );48,91387145;2,27363527
202300023855;27;5;2023;14:00;1;83;83144;2;1;1;6;LUMIERE (AVE DES FRERES);43,13628;6,00001
202300023856;9;3;2023;17:15;1;95;95427;2;1;8;6;Route de Saint-Leu;48,95835;2,32952
202300023857;3;8;2023;19:00;1;92;92004;2;1;2;2;ARGENTEUIL AV D';48,91387;2,28347
202300023858;27;5;2023;14:00;1;78;78440;2;9;1;1;VEUVE FLEURET (RUE);48,992079;1,908364
202300023859;3;8;2023;15:25;1;92;92002;2;1;1;6;DIVISION LECLERC (31 A 51 -36 A 56 BIS);48,75072737;2,30452532
202300023860;9;3;2023;10:50;1;91;91027;2;1;1;2;AV FRANCOIS MITTERRAND;48,71369;2,37116
202300023861;3;8;2023;15:45;1;57;57125;1;1;8;6;D52;49,203551;6,241286
202300023862;27;5;2023;15:55;1;78;78172;2;3;1;2;REPUBLIQUE (QUAI DE LA);48,991448;2,090325
202300023863;1;8;2023;15:30;1;35;35176;1;1;8;2;D777;47,825114;-1,857942
202300023864;8;3;2023;13:50;1;91;91228;2;1;3;6;BD CHAMPS ELYSEES;48,62881;2,42402
202300023865;28;5;2023;00:30;3;76;76486;1;1;1;1;Chemin de l'Étoile;49,33411255;1,00232667
202300023866;5;8;2023;16:30;1;81;81077;1;1;1;1;D999;43,880263;2,512436
202300023867;9;3;2023;17:34;1;83;83137;2;3;1;3;PICOT (AVE DU COLONEL);43,13154;5,97415
202300023868;28;5;2023;00:10;5;76;76322;2;1;1;3;Avenue des Canadiens;49,40137776;1,06470381
202300023869;4;8;2023;08:04;1;25;25527;1;1;1;2;A36 PK 140+400;47,200939;5,825168
202300023870;3;3;2023;09:50;1;83;83069;1;1;1;6;MARAIS (ROUTE DES);43,07993;6,12779
202300023871;24;1;2023;18:00;5;51;51043;2;6;1;3;Rue d’Isles sur Suippe;49,360318;4,179
202300023872;9;3;2023;08:40;1;77;77431;2;1;8;6;D607;48,269404;2,685777
202300023873;26;5;2023;18:05;1;69;69264;2;1;7;3;Route de Frans;45,98496;4,73038
202300023874;4;8;2023;19:50;1;6;6149;2;1;8;3;3189 Route de Laghet;43,747657;7,348035
202300023875;27;1;2023;09:55;1;56;56179;2;2;1;6;Rue du Général de Gaulle;47,834225;-3,404984
202300023876;7;8;2023;05:30;3;16;16090;1;1;1;6;270 Route de Saint Estephe;45,589184;-0,037465
202300023877;9;3;2023;09:00;1;76;76451;2;1;1;6;Avenue du Mont aux Malades;49,46538238;1,07209784
202300023878;27;5;2023;11:50;1;69;69290;2;1;1;3;Rue du Lyonnais;45,70169;4,89855
202300023879;4;8;2023;23:55;3;16;16056;2;1;1;6;7 Route de Jarnac;45,672772;-0,210971
202300023880;16;1;2023;09:50;1;79;79347;2;1;1;1;;46,686175;-0,245025
202300023881;9;3;2023;16:50;1;74;74118;1;1;1;5;LIBERATION (ROUTE DE LA);46,17911;6,23272
202300023882;3;8;2023;12:45;1;22;22048;1;1;1;6;la Hestrinais;48,501283;-2,171248
202300023883;27;5;2023;18:15;1;67;67482;2;3;1;3;RIETH (RUE DU);48,6009;7,7148
202300023884;27;1;2023;21:40;3;39;39355;1;1;1;6;N/A;46,950214;5,749338
202300023885;28;1;2023;03:30;5;25;25157;2;1;1;6;134 lieu dit le frambourg;46,866078;6,373288
202300023886;4;8;2023;03:45;5;11;11068;1;1;2;2;N/A;43,178037;2,544408
202300023887;8;3;2023;20:50;5;71;71270;2;3;2;6;LAMARTINE (QUAI);46,3053;4,8358
202300023888;27;5;2023;16:45;1;67;67218;2;3;1;3;FORT UHRICH (ROUTE DU);48,5125;7,7181
202300023889;28;1;2023;00:00;5;70;70171;2;4;1;7;Avenue Jacques Parisot;47,88055631;6,3029784
202300023890;6;8;2023;06:10;3;40;40296;1;1;1;6;D337;43,718032;-1,395779
202300023891;28;1;2023;15:20;1;54;54105;2;9;1;6;43 Rue Saint-vincent;48,573434;5,853039
202300023892;9;3;2023;13:40;1;69;69271;2;3;1;3;75 Avenue du Progrès;45,73006;4,96367
202300023893;3;8;2023;14:45;1;42;42338;1;2;1;3;Route de Coutouvre;46,076598;4,136712
202300023894;27;5;2023;10:10;1;67;67267;2;3;1;3;SPORTS (RUE DES);48,56377;7,68967
202300023895;25;1;2023;09:00;1;5;5140;1;1;1;1;lieu dit le moulin;44,512482;6,165926
202300023896;5;8;2023;14:30;1;31;31044;2;1;1;3;Route de Lavaur;43,635924;1,496056
202300023897;9;3;2023;10:40;1;69;69259;2;9;1;6;241 Route de Vienne;45,72888363;4,85380664
202300023898;27;5;2023;07:00;2;67;67043;2;3;1;6;M35;48,615123;7,727256
202300023899;28;1;2023;01:30;3;50;50619;1;3;1;6;Route de Saint Pierre;49,627364;-1,365373
202300023900;5;8;2023;06:30;1;81;81078;1;1;1;7;1444 Route de Lavaur;43,6588;1,96148
202300023901;7;3;2023;15:40;1;67;67482;2;1;1;2;SCHIRMECK (ROUTE DE);48,570353;7,711319
202300023902;6;8;2023;21:15;5;68;68175;2;1;8;1;9 Rue du Docteur Macker;48,15301;7,171776
202300023903;26;5;2023;18:15;1;67;67462;2;9;1;3;THIERS (BOULEVARD);48,2576;7,45855
202300023904;27;1;2023;23:55;3;7;7238;1;1;1;6;Route des Vans;44,438759;4,199406
202300023905;28;1;2023;04:52;3;85;85108;1;1;1;6;D763;46,890755;-1,38726
202300023906;7;8;2023;17:31;5;974;97401;2;1;1;2;24 Chemin Kerbel;-21,238882;55,335069
202300023907;7;3;2023;14:21;1;66;66136;2;2;1;3;;42,68721;2,90184
202300023908;27;5;2023;11:54;1;64;64024;2;1;1;2;LAPORTE (AVENUE JEAN LEON);43,49082;-1,49841
202300023909;26;1;2023;15:45;1;27;27198;1;1;1;6;Lieu Dit la Geriaie;48,83322;1,053215
202300023910;6;8;2023;20:00;5;972;97203;2;1;1;6;Rue Schoelcher;14,868311;-61,113071
202300023911;6;3;2023;18:22;2;66;66136;2;1;1;3;;42,68538;2,86745
202300023912;28;1;2023;17:00;1;87;87018;1;1;1;7;RD 675, lieu dit labarderie;46,066025;0,983577
202300023913;4;8;2023;17:30;1;83;83085;1;1;1;1;D47;43,492935;6,571439
202300023914;27;1;2023;20:10;3;973;97307;1;1;1;3;Route du Larivot;4,89605093;-52,3326391
202300023915;4;8;2023;00:30;3;83;83085;1;3;1;7;Route de Bagnols;43,498099;6,578472
202300023916;9;3;2023;07:00;2;65;65440;2;6;1;3;ALSACE LORRAINE (AVENUE);43,24095;0,073643
202300023917;27;1;2023;17:45;3;1;1331;1;1;1;6;A40 PK 134+100;46,106565;5,454776
202300023918;5;8;2023;10:10;1;62;62618;2;1;2;6;D943;50,8188317;2,07765225
202300023919;27;5;2023;10:30;1;58;58194;2;1;1;7;PISSEROTTE (BOULEVARD);46,972527;3,127166
202300023920;9;3;2023;16:55;1;65;65286;2;1;1;3;Avenue Alexandre Marqui;43,105159;-0,041502
202300023921;25;1;2023;17:05;2;69;69244;2;2;8;3;2bis Avenue de la République;45,76414;4,785267
202300023922;1;8;2023;10:40;1;63;63001;1;6;1;3;RD2009/2019--giratoire;46,009452;3,197279
202300023923;6;8;2023;13:54;1;12;12216;1;1;1;7;Route départementale 987;44,531736;2,831908
202300023924;27;1;2023;23:30;3;33;33029;1;1;1;2;A63 PK 016.400 vers BORDEAUX;44,681318;-0,789471
202300023925;27;5;2023;04:40;2;57;57463;2;1;1;1;VALLIERES (RUE DE );49,1223;6,2141
202300023926;27;1;2023;17:34;2;38;38431;1;1;8;2;Autoroute A 41 ;45,248641;5,871205
202300023927;9;3;2023;21:05;5;64;64445;2;2;1;3;GRAND TOUR DU;43,29688;-0,37899
202300023928;27;5;2023;11:04;1;56;56260;2;1;1;3;Place de la Libération;47,65905;-2,7643
202300023929;4;8;2023;16:19;1;21;21177;1;1;1;2;Autoroute A6, PK 245.000;47,374634;4,391062
202300023930;27;1;2023;23:30;3;987;98729;1;1;1;1;PK 2 - TEMAE - MOOREA;-17,576888;-150,201988
202300023931;8;3;2023;13:38;1;64;64445;2;1;1;6;ALFRED NOBEL;43,32069;-0,30377
202300023932;3;8;2023;17:30;1;974;97414;2;3;1;3;route nationale 5;-21,274249;55,437945
202300023933;26;5;2023;08:45;1;56;56098;2;3;1;3;TRUDAINE (RUE  DANIEL );47,77632;-3,3387
202300023934;8;3;2023;21:30;5;64;64024;2;1;1;7;ETCHECOPAR (ALLEE);43,46503;-1,52909
202300023935;3;8;2023;16:55;1;85;85215;1;1;8;7;RD137;46,8739033;-1,2014021
202300023936;27;5;2023;13:40;1;49;49328;2;6;1;3;WEYGAND (ROND-POINT);47,2644;-0,09185
202300023937;7;3;2023;12:55;1;64;64102;2;1;2;6;PAULMY (AVENUE DES ALLEES);43,4944;-1,47877
202300023938;27;1;2023;09:00;1;987;98747;1;3;1;3;PK 1+300 AFAAITI;-17,756;-148,736
202300023939;3;8;2023;18:30;1;85;85109;2;1;2;7;22 Route de l'Aurière;46,857302;-1,052494
202300023940;27;5;2023;11:53;1;49;49353;2;1;1;2;JEAN JAURES RUE;47,44418;-0,49964
202300023941;6;8;2023;02:05;3;34;34114;1;1;1;6;A750 pk 30+100;43,65037745;3,54230692
202300023942;28;1;2023;13:30;1;988;98819;1;3;2;6;VU 27/ VU 16- OUEGOA;-20,34845;164,442372
202300023943;8;3;2023;08:30;1;63;63075;2;3;1;3;Savarounes/ Valéry Giscard d'Estaing;45,77817;3,06171
202300023944;23;7;2023;20:00;2;62;62490;1;1;3;7;Rue des sorbiers;50,28158317;2,57487544
202300023945;28;1;2023;03:50;3;971;97118;1;1;1;1;D23;16,217229;-61,607165
202300023946;9;3;2023;16:00;1;60;60057;2;1;2;3;Rue Henri Brispot;49,42501;2,08702
202300023947;5;8;2023;18:30;1;34;34270;2;1;1;3;D132E2;43,586919;3,830924
202300023948;26;5;2023;16:35;1;47;47323;2;1;1;1;FUMEL(AVENUE DE );44,4087;0,7307
202300023949;27;1;2023;19:21;3;78;78548;1;1;2;1;D13;48,724795;1,988171
202300023950;22;1;2023;12:07;1;13;13085;1;1;1;1;D3;43,235691;5,676992
202300023951;27;5;2023;10:05;1;47;47201;2;2;1;2;MARNE (AV. DE LA);44,1945;0,60332
202300023952;8;3;2023;20:10;5;59;59512;2;3;2;3;BRAME (AVENUE JULES);50,68598;3,20436
202300023953;2;8;2023;08:05;1;973;97304;2;1;1;3;Rue Denis PAPIN;5,15514;-52,66725
202300023954;27;1;2023;12:00;1;58;58160;2;1;3;7;Route de Busserolles;46,981936;3,103048
202300023955;5;8;2023;04:45;3;83;83116;1;1;1;6;Route de Rougiers;43,415628;5,84985
202300023956;17;1;2023;08:20;1;67;67028;2;9;1;6;Rue de l'Europe;48,375281;7,590265
202300023957;9;3;2023;09:05;1;59;59350;2;1;2;2;Pont Léon Jouhaux;50,6365;3,03691
202300023958;27;5;2023;15:00;1;45;45004;1;1;1;2;D2007 PR 21 + 314;47,97912697;2,74225187
202300023959;6;8;2023;00:20;5;44;44009;2;1;1;1;366bis Route du Loroux Bottereau;47,19058738;-1,46955013
202300023960;8;3;2023;15:00;1;59;59350;2;9;2;3;TOURNAI PONT DE;50,62197;3,08866
202300023961;28;1;2023;03:53;3;55;55038;1;1;1;2;chemin;49,038768;5,081091
202300023962;27;1;2023;19:30;3;57;57634;1;1;9;6;D50a;49,153278;6,123998
202300023963;7;3;2023;15:50;1;59;59569;2;1;1;6;CROIZAT (RUE AMBROISE);50,36723;3,11946
202300023964;4;8;2023;19:45;1;31;31157;2;1;1;6;Rue du Pré Vicinal;43,537303;1,343272
202300023965;26;5;2023;18:00;1;45;45068;1;1;1;2;D2007 PR 17 + 175;48,01519;2,73986
202300023966;3;8;2023;15:00;1;19;19273;1;1;1;7;D8;45,06307346;1,56379134
202300023967;28;1;2023;16:10;1;73;73150;1;1;1;1;N90 - PR67+250;45,564879;6,681631