Num_Acc;jour;mois;an;hrmn;lum;dep;com;agg;int;atm;col;adr;lat;long
202300023968;9;3;2023;16:45;1;59;59431;2;1;3;3;MOULIN  (RUE DU);50,700087;2,845653
202300023969;2;8;2023;22:40;3;19;19170;1;1;1;7;Lieu-dit Tillet;44,96583233;1,76236689
202300023970;26;1;2023;07:30;3;44;44066;1;1;2;2;Route de la paquelais;47,352518;-1,659257
202300023971;27;5;2023;23:40;5;44;44198;2;1;1;3;26 Rue de la Poste;47,14823;-1,53655
202300023972;7;3;2023;18:35;5;54;54482;2;6;1;6;JEAN XXIII (RUE);48,69916;6,21086
202300023973;6;8;2023;20:25;2;56;56051;1;1;1;7;Le Grazo;47,87006;-2,591625
202300023974;26;1;2023;13:30;1;38;38562;1;1;1;6;D1091;45,062351;5,763595
202300023975;1;8;2023;17:00;1;56;56177;1;1;2;7;Lieu Dit Malachappe;47,799233;-3,065979
202300023976;27;5;2023;15:05;1;38;38053;2;9;1;1;Rue Isaac Asimov;45,58965;5,252
202300023977;8;3;2023;08:15;1;44;44184;2;1;2;6;90 Rue Henri Gautier;47,28149;-2,20408
202300023978;28;1;2023;12:20;1;33;33321;1;1;8;6;D115 - PK 33+600;45,034616;-0,442489
202300023979;5;8;2023;18:40;1;56;56252;1;1;1;6;Banastère;47,521245;-2,654838
202300023980;28;1;2023;00:20;3;22;22168;2;1;1;7;Boulevard des Traouiero;48,823512;-3,484206
202300023981;27;5;2023;12:15;1;37;37261;2;1;1;2;CHURCHILL (BOULEVARD WINSTON);47,37361;0,6824
202300023982;29;7;2023;20:00;1;56;56143;2;1;1;6;Avenue du Parc;47,560079;-2,497662
202300023983;21;2;2023;19:44;5;42;42218;2;2;1;3;Boulevard Claude Verney Carron;45,46362;4,38224
202300023984;27;1;2023;18:45;3;91;91689;1;1;1;4;AUTOROUTE A6A;48,73903;2,31841
202300023985;27;5;2023;12:15;1;37;37214;2;1;1;7;VOISIN (BOULEVARD ANDRE-GEORGES);47,42619;0,65516
202300023986;6;8;2023;20:25;2;59;59307;1;2;1;3;D3 / rue Stephane Schoonaert;50,840162;2,207383
202300023987;27;1;2023;07:05;5;91;91689;1;1;1;2;AUTOROUTE A6B;48,74682;2,32643
202300023988;9;3;2023;19:30;5;37;37261;2;4;1;3;GARE DU CANAL (QUAI DE LA);47,39656;0,70358
202300023989;26;5;2023;23:50;5;34;34172;1;1;1;3;Avenue Président Pierre Mendès France;43,60766;3,93128
202300023990;5;8;2023;22:32;3;76;76317;1;1;3;6;Route de Bretteville;49,653252;0,403318
202300023991;27;1;2023;18:00;5;93;93078;1;1;1;4;AUTOROUTE A104;48,96162;2,54503
202300023992;27;5;2023;15:25;1;31;31555;2;1;1;3;RUE DU FAUBOURG BONNEFOY;43,61942;1,45693
202300023993;4;8;2023;12:20;1;79;79271;1;1;1;6;N/A;46,522301;-0,376964
202300023994;9;3;2023;17:50;1;37;37122;2;2;1;3;HORTENSE (RUE DE LA REINE);47,33565;0,64586
202300023995;6;8;2023;05:40;2;79;79217;1;1;1;7;N/A;46,338217;-0,19784
202300023996;27;5;2023;15:15;1;29;29039;2;6;1;3;Rue de Lanriec;47,86915662;-3,89317542
202300023997;9;3;2023;13:00;1;37;37261;2;1;3;6;BEDEL (RUE MAURICE);47,37806;0,69685
202300023998;27;1;2023;08:00;2;95;95682;1;1;1;4;N104;49,06726802;2,3781064
202300023999;4;8;2023;23:30;5;2A;2A271;2;1;1;3;RT20;41,979672;8,83378
202300024000;9;3;2023;08:50;1;37;37122;2;1;1;2;RD 37;47,37134316;0,65400553
202300024001;27;1;2023;19:30;3;77;77058;1;1;1;2;A4;48,830814;2,693132
202300024002;30;7;2023;11:22;3;2A;2A017;1;1;1;1;d81;42,009573;8,74921
202300024003;19;5;2023;15:00;1;19;19275;2;1;1;6;FOCH (BOULEVARD);45,54653839;2,3082608
202300024004;26;1;2023;15:35;1;974;97416;1;3;1;6;LAMBRIQUET (RUE JOSEPH);-21,33;55,48
202300024005;3;8;2023;20:00;2;2B;2B123;1;1;1;1;RT10 Bastia;42,048512;9,427729
202300024006;9;3;2023;09:25;1;37;37261;2;1;1;2;TANNEURS (RUE DES);47,39605063;0,68208039
202300024007;6;8;2023;10:30;1;2B;2B074;2;9;1;3;rt20;42,255753;9,169496
202300024008;26;1;2023;17:15;1;974;97411;2;4;1;3;GRANITS (ALLEE DES);-20,89932;55,44683
202300024009;9;3;2023;19:00;3;33;33281;2;1;1;3;Avenue François Mitterrand;44,81284;-0,69431
202300024010;6;8;2023;04:20;3;80;80080;1;1;2;6;D1029;49,875555;2,842283
202300024011;26;1;2023;18:25;1;974;97411;2;1;1;6;JAURES (BOULEVARD JEAN);-20,89945;55,47951
202300024012;26;5;2023;14:12;1;15;15014;2;1;1;1;LECLERC (AVENUE DU GENERAL);44,91211;2,44245
202300024013;4;8;2023;19:10;1;82;82149;1;1;1;7;N/A;44,13736224;1,48983718
202300024014;26;1;2023;13:35;1;974;97411;2;9;1;6;JAURES (BOULEVARD JEAN);-20,88988;55,46456
202300024015;9;3;2023;18:25;1;33;33192;2;4;2;3;Allée Flora;44,7691;-0,59709
202300024016;28;5;2023;00:20;5;13;13054;2;9;1;3;FIGUERES (RUE DES );43,42112;5,20776
202300024017;4;8;2023;08:10;1;82;82119;1;3;1;3;D820;44,217955;1,518243
202300024018;9;3;2023;16:40;1;33;33063;2;1;1;6;Place Pey Berland;44,83783;-0,57629
202300024019;25;1;2023;11:20;1;974;97411;2;9;2;5;PAYET (RUE ROGER);-20,89328;55,48693
202300024020;3;8;2023;16:50;1;65;65212;2;1;1;6;Route de la Vallee d’Aure;42,863705;0,338591
202300024021;27;5;2023;18:40;1;13;13210;2;9;1;3;ROMAIN ROLLAND (BOULEVARD);43,27224;5,41452
202300024022;9;3;2023;08:50;1;33;33063;2;1;1;3;Cours du Médoc;44,86263;-0,57199
202300024023;19;1;2023;14:23;1;973;97302;2;2;1;3;GRANT (CITE);4,94754;-52,30401
202300024024;6;8;2023;07:45;1;65;65218;2;1;1;1;D929;43,01483;0,372548
202300024025;8;3;2023;19:10;2;30;30007;1;9;1;1;CYPRES (MONTEE DES);44,09982;4,0811
202300024026;26;1;2023;04:30;5;69;69383;2;1;1;6;77 Rue du Dauphiné;45,75303866;4,87017348
202300024027;27;5;2023;21:05;4;11;11069;2;4;1;6;1821 Boulevard Léon Blum;43,22652;2,34024
202300024028;4;8;2023;13:55;1;65;65456;1;1;3;2;D929;43,142918;0,424588
202300024029;4;8;2023;15:15;1;65;65093;1;1;8;7;D775;43,044609;0,468282
202300024030;25;1;2023;08:50;1;69;69387;2;3;1;3;Avenue Jean Jaurès;45,73136;4,83361
202300024031;7;3;2023;08:00;1;29;29019;2;6;2;2;avenue de Provence;48,40776231;-4,51321274
202300024032;5;8;2023;11:00;1;32;32005;1;1;1;6;RD 25 PK 5.435;43,723246;-0,046402
202300024033;27;5;2023;10:05;1;10;10387;2;2;7;6;Boulevard du 14 Juillet;48,2941;4,0787
202300024034;21;1;2023;13:42;1;972;97213;1;1;1;1;ROUTE DEPARTEMENTALE 3;14,64942;-60,98892
202300024035;9;3;2023;07:08;5;27;27229;2;1;2;6;VAL ITON (RUE DU);49,03427;1,15378
202300024036;27;5;2023;03:20;5;8;8105;2;1;1;6;;49,777426;4,722889
202300024037;25;1;2023;19:15;5;2B;2B033;2;1;1;2;IMPERIALE - ROUTE;42,66642;9,43954
202300024038;3;8;2023;13:00;1;32;32264;1;2;1;3;D154;43,929589;-0,114109
202300024039;9;3;2023;13:10;1;25;25056;2;2;1;3;EDISON RUE THOMAS;47,235527;5,982739
202300024040;4;8;2023;22:10;3;11;11262;1;1;1;6;139 Route de Cuxac;43,224063;3,007588
202300024041;25;1;2023;19:25;5;971;97101;2;3;1;3;CHAUVEL;16,23949;-61,51939
202300024042;27;5;2023;22:05;5;6;6088;2;2;1;3;RIQUIER (BD DE);43,7036;7,28839
202300024043;26;1;2023;22:01;5;95;95280;2;1;2;6;PAUL VAILLANT COUTURIER (BOULEVARD);49,03093;2,45967
202300024044;8;3;2023;16:56;1;22;22113;1;9;2;2;TREBEURDEN (ROUTE DE);48,75291379;-3,5142839
202300024045;27;5;2023;15:44;1;6;6088;2;1;1;6;DESAMBROIS (AV.);43,705208;7,271911
202300024046;2;8;2023;22:32;3;11;11262;1;1;1;5;N/A;43,211682;3,012786
202300024047;29;7;2023;01:20;3;11;11090;1;1;1;6;N/A;43,098116;2,234602
202300024048;7;3;2023;12:10;1;19;19031;2;1;1;3;TEINCHURIER (AVENUE DU);45,14858;1,48062
202300024049;27;5;2023;17:10;1;6;6029;2;1;1;1;DOLLFUS (RUE JEAN);43,549733;7,007796
202300024050;26;1;2023;12:00;1;91;91549;2;2;2;3;VICTOR HUGO (AVENUE);48,64999;2,33183
202300024051;9;3;2023;17:15;1;13;13202;2;9;1;2;CARGO RHIN FIDELI (RUE);43,32684;5,35659
202300024052;26;1;2023;16:00;1;88;88424;2;1;1;6;Rond Point Ernest Charlier;48,27354;6,96797
202300024053;6;8;2023;19:00;1;71;71282;2;2;1;3;D680;46,83624;4,360242
202300024054;26;5;2023;22:00;5;75;75116;2;1;1;2;PORTE DAUPHINE;48,869887;2,27151
202300024055;21;1;2023;17:42;1;87;87085;2;1;1;6;LIAISON SUD ( voie de);45,8124;1,25559
202300024056;4;8;2023;14:50;1;89;89414;1;2;2;3;Route Departementale 939;48,284735;3,375721
202300024057;8;3;2023;12:50;1;13;13206;2;3;1;3;BAILLE (BOULEVARD);43,28649;5,38642
202300024058;26;5;2023;18:00;1;75;75120;2;1;1;2;PORTE DE BAGNOLET;48,85993;2,413982
202300024059;9;3;2023;20:50;5;75;75117;2;1;1;2;PORTE DE CLICHY;48,895031;2,306589
202300024060;26;1;2023;21:45;5;83;83062;2;3;1;3;FABRI DE PEIRESC (AVENUE);43,14106;6,03005
202300024061;6;8;2023;12:00;1;89;89418;1;2;1;3;D965;47,843407;3,955979
202300024062;9;3;2023;20:45;5;75;75120;2;2;2;6;AVENUE CARTELLIER;48,864586;2,412423
202300024063;27;5;2023;16:55;1;75;75118;2;2;1;3;BOULEVARD NEY;48,897734;2,329014
202300024064;22;1;2023;19:35;5;83;83061;2;1;1;1;RUE DE LA MONTAGNE;43,44209231;6,75345415
202300024065;19;1;2023;14:45;1;83;83061;1;1;1;6;D7;43,49399012;6,77851582
202300024066;26;5;2023;10:24;1;75;75116;2;3;1;6;AVENUE KLEBER;48,868835;2,291445
202300024067;9;3;2023;11:40;1;75;75118;2;2;1;3;BOULEVARD BARBES;48,88835;2,349611
202300024068;3;8;2023;21:45;3;89;89311;2;1;3;1;Les Vernes;47,747595;3,387201
202300024069;8;3;2023;22:47;5;75;75117;2;7;3;3;AVENUE DE WAGRAM;48,87840982;2,29840636
202300024070;27;5;2023;21:58;5;75;75105;2;3;1;1;BOULEVARD SAINT MICHEL;48,851375;2,343202
202300024071;26;1;2023;07:00;5;78;78440;2;1;2;2;EUROPE (AVENUE DE L');48,97076;1,919562
202300024072;9;3;2023;10:10;1;75;75115;2;2;1;3;RUE DE LA CONVENTION;48,839986;2,290357
202300024073;28;7;2023;08:15;2;49;49218;2;1;2;6;Rue des Mauges (Le Fuilet);47,280579;-1,116046
202300024074;27;5;2023;19:00;1;75;75120;2;1;1;1;RUE D AVRON;48,852488;2,404887
202300024075;9;3;2023;09:30;1;75;75115;2;1;8;6;QUAI DE GRENELLE;48,852594;2,286168
202300024076;26;1;2023;12:35;1;77;77067;1;2;8;3;BOISSENART CENTRE COMMERCIAL;48,58683;2,60275
202300024077;27;5;2023;16:30;1;75;75120;2;1;1;6;RUE BELGRAND;48,864739;2,403178
202300024078;5;8;2023;01:00;3;12;12291;1;1;1;6;Lieu-dit la Graillerie, D153;44,194901;3,067197
202300024079;25;1;2023;20:30;5;77;77371;2;1;1;6;D216;48,819827;3,014833
202300024080;8;3;2023;09:45;1;75;75114;2;2;8;1;BOULEVARD BRUNE;48,823042;2,325488
202300024081;26;1;2023;15:00;1;76;76540;1;1;1;3;A150;49,451;1,05729
202300024082;27;5;2023;22:01;5;75;75118;2;1;1;3;RUE STEPHENSON;48,889595;2,355907
202300024083;25;1;2023;19:50;5;74;74133;2;9;1;4;INDUSTRIE (RUE DE L');46,18528;6,21905
202300024084;1;8;2023;16:40;1;42;42273;1;2;1;3;Route de Marchangy;46,179518;4,121611
202300024085;25;1;2023;08:37;5;72;72181;2;3;1;3;MAC JEAN (AV) N° IMP 107 ET plus;47,98066;0,22004
202300024086;23;1;2023;18:28;3;71;71445;1;1;1;5;RD673;46,78384;4,8884
202300024087;9;3;2023;09:25;1;75;75113;2;3;1;3;RUE JEAN ANTOINE DE BAIF;48,82806877;2,3848325
202300024088;27;5;2023;17:00;1;75;75112;2;1;1;2;RUE DU FAUBOURG SAINT ANTOINE;48,850309;2,382764
202300024089;26;1;2023;07:30;5;66;66136;2;3;1;6;RICHEPIN (JEAN);42,70497;2,89055
202300024090;6;8;2023;14:15;1;42;42011;2;3;1;3;Rue du 11 Novembre;45,81840678;4,18426126
202300024091;25;1;2023;17:10;1;66;66136;2;3;1;3;;42,7246;2,88716
202300024092;26;1;2023;23:36;5;65;65440;2;1;8;6;AVENUE DU REGIMENT DE BIGORRE ;43,232319;0,072668
202300024093;26;1;2023;17:55;2;64;64445;2;1;1;3;rue Nogué;43,29934;-0,3712
202300024094;9;3;2023;20:15;5;75;75112;2;2;2;6;BOULEVARD DIDEROT;48,846756;2,381771
202300024095;26;1;2023;08:39;1;64;64445;2;6;2;6;ROND POINT FRANCOIS MITTERAND;43,33043;-0,35559
202300024096;4;8;2023;16:45;1;42;42302;1;1;1;2;Chemin de la Buanderie;45,483244;4,459832
202300024097;26;1;2023;13:20;1;64;64125;2;1;1;6;Rue Erretegia;43,44135188;-1,58819094
202300024098;26;1;2023;19:05;5;61;61001;2;1;1;3;D112;48,43829;0,08651
202300024099;9;3;2023;00:05;5;75;75112;2;2;2;6;AVENUE DAUMESNIL;48,841114;2,389032
202300024100;4;8;2023;21:30;2;47;47252;2;1;1;6;Av Jacques Bordeneuve;44,395075;0,586288
202300024101;26;1;2023;22:32;5;60;60057;2;2;1;3;Rue de Clermont;49,43364;2,09345
202300024102;26;1;2023;14:40;1;59;59378;2;9;1;6;CHATEAUX RUE DES;50,65477;3,11201
202300024103;25;1;2023;17:25;2;58;58194;2;1;1;7;PETIT MOUESSE;46,98881;3,17267
202300024104;27;5;2023;06:20;1;75;75108;2;2;1;1;AVENUE DE FRIEDLAND;48,87398549;2,29727983
202300024105;7;8;2023;15:50;1;41;41256;1;1;1;7;La Veve;47,326898;2,017493
202300024106;26;1;2023;15:30;1;54;54167;1;1;1;6;RD400;48,676366;5,926802
202300024107;9;3;2023;09:15;1;75;75111;2;3;8;3;BOULEVARD RICHARD LENOIR;48,85545165;2,37047732
202300024108;25;1;2023;12:35;1;54;54395;2;3;1;2;Boulevard du 26e Régiment d'Infanterie;48,69879;6,18769
202300024109;27;5;2023;17:15;1;94;94043;2;1;1;3;Avenue de Fontainebleau;48,81413;2,36109
202300024110;24;1;2023;17:10;1;49;49099;2;3;8;3;CALINS (AVENUE DES);47,05993;-0,87327
202300024111;25;1;2023;07:58;3;49;49007;2;6;1;3;VISITATION PLACE;47,46657;-0,55709
202300024112;27;5;2023;14:40;1;94;94043;2;1;1;3;1 Boulevard Chastenet de Géry;48,807737;2,357248
202300024113;3;8;2023;18:25;1;41;41181;1;2;3;3;D976;47,321433;1,292961
202300024114;26;1;2023;08:20;2;45;45232;2;3;2;6;405 Rue du Général de Gaulle;47,86583;1,89632
202300024115;8;3;2023;21:50;5;75;75110;2;2;2;3;RUE LA FAYETTE;48,88062;2,36203
202300024116;26;1;2023;03:30;5;37;37261;2;2;1;6;MIRABEAU (RUE);47,39756;0,6993
202300024117;27;5;2023;14:30;1;94;94041;2;2;1;6;Rue Lénine;48,81663419;2,39525422
202300024118;6;8;2023;02:25;3;41;41110;1;1;1;7;Route de Romorantin;47,294272;1,817282
202300024119;19;1;2023;10:32;1;35;35288;2;2;1;3;PORTES CARTIERS (LIEU DIT LES);48,66261;-1,98333
202300024120;26;1;2023;13:50;1;35;35115;2;1;1;6;PASTEUR (RUE);48,35035931;-1,19659647
202300024121;26;1;2023;01:00;5;33;33063;2;3;1;3;Rue de la Faiencerie;44,86358;-0,55943
202300024122;4;3;2023;04:30;5;75;75104;2;2;1;3;RUE CRILLON;48,849507;2,365649
202300024123;3;8;2023;11:50;1;34;34251;1;1;1;7;D25;43,771545;3,384266
202300024124;24;1;2023;20:10;3;31;31555;1;9;1;2;A621 (SEPT DENIERS-ANCELY);43,6241;1,4178
202300024125;27;5;2023;10:55;1;93;93078;2;2;1;3;Avenue de la Gare / Avenue Edouard Branly;48,94666;2,56358
202300024126;25;1;2023;06:15;5;29;29019;2;6;1;2;Rond Point de Pen ar Ch'leuz;48,415321;-4,479751
202300024127;8;3;2023;12:26;1;75;75109;2;1;2;6;RUE DE CHATEAUDUN;48,87623;2,334779
202300024128;2;8;2023;10:50;1;34;34074;2;1;1;1;Chemin du Moulin Neuf;43,451638;3,05061
202300024129;8;2;2023;01:00;5;93;93010;2;1;1;6;Rue Baudin;48,89851895;2,47305907
202300024130;9;3;2023;09:30;1;75;75108;2;2;8;3;PLACE DE LA CONCORDE;48,866782;2,322097
202300024131;26;1;2023;08:48;1;21;21231;2;1;8;1;2 Boulevard de l'Ouest;47,32336328;5,01840243
202300024132;5;8;2023;15:00;1;68;68082;2;2;1;2;D2;47,867653;7,34892
202300024133;14;11;2023;08:40;1;75;75118;2;2;8;3;BOULEVARD BARBES;48,888352;2,349584
202300024134;8;3;2023;09:10;1;75;75101;2;1;2;7;VOIE GEORGES POMPIDOU;48,85668;2,34835
202300024135;24;1;2023;17:10;1;19;19031;2;1;1;6;BRUNE (BOULEVARD);45,15323;1,5362
202300024136;26;5;2023;17:10;1;93;93027;2;1;1;2;Rue de la Convention;48,92775;2,3916
202300024137;2;8;2023;17:20;1;22;22015;1;1;1;3;Le Rocher;48,397083;-2,567292
202300024138;24;1;2023;08:45;1;19;19031;2;6;1;3;ALVITRE (AVENUE ABBE);45,15237863;1,50484264
202300024139;15;11;2023;03:35;5;75;75117;2;7;1;6;PLACE DU MARECHAL JUIN;48,884916;2,297937
202300024140;7;3;2023;21:40;5;75;75101;2;3;2;6;PONT NEUF;48,856868;2,341219
202300024141;26;5;2023;16:30;1;92;92076;2;1;1;6;CHASSE ROYALE;48,83483721;2,14630097
202300024142;6;8;2023;16:10;1;39;39202;1;2;3;3;N/A;46,925725;5,969337
202300024143;26;1;2023;10:00;1;13;13117;2;9;1;4;PADOVANI ( AVE );43,43609;5,25822
202300024144;9;3;2023;21:01;5;94;94041;2;3;2;6;Rue Robespierre / Rue Lucien Selva;48,80988962;2,38508427
202300024145;15;11;2023;00:40;5;75;75116;2;2;1;3;AVENUE DE NEUILLY;48,87867;2,280067
202300024146;27;5;2023;11:49;1;92;92048;2;4;1;2;LARRIS (RUE DES);48,80875623;2,24462762
202300024147;26;1;2023;02:10;5;13;13103;2;6;1;7;RN 113;43,61726;5,09539
202300024148;8;3;2023;20:20;5;94;94041;2;1;2;1;Rue Barbès;48,81804864;2,37390661
202300024149;5;8;2023;22:05;3;39;39019;1;2;1;3;N/A;46,945925;5,781185
202300024150;15;11;2023;07:40;1;75;75115;2;2;1;7;AVENUE DE SUFFREN;48,851171;2,300936
202300024151;26;1;2023;18:20;5;13;13208;2;1;1;6;PARADIS (RUE);43,27142;5,38599
202300024152;8;3;2023;17:10;1;94;94041;2;1;2;6;Avenue Maurice Thorez;48,81727;2,37598
202300024153;27;5;2023;16:15;1;92;92044;2;2;1;3;TREZEL(RUE)15A29 ET 12A24;48,89527;2,29493
202300024154;15;11;2023;14:15;1;75;75114;2;1;1;6;BOULEVARD JOURDAN;48,820212;2,33868
202300024155;26;1;2023;12:10;1;13;13215;2;1;1;1;FORTUNÉ CHAILLAN (RUE);43,36299;5,3606
202300024156;9;3;2023;16:45;1;94;94048;2;2;2;3;Avenue de la Belle Image / Rue des Orfevres;48,73595;2,55003
202300024157;6;8;2023;16:10;1;25;25074;1;1;2;1;pk 2 D41;47,183478;6,704696
202300024158;27;5;2023;15:49;1;92;92025;2;1;1;6;BELLEVUE (RUE DE);48,919528;2,237271
202300024159;26;1;2023;22:05;5;13;13004;2;1;1;2;RUE GAMBETTA;43,67532988;4,62497324
202300024160;14;11;2023;20:05;5;75;75104;2;3;8;3;BOULEVARD BEAUMARCHAIS;48,854812;2,368732
202300024161;9;3;2023;13:30;1;93;93066;2;7;1;6;Place Stéphane Mallarme;48,940474;2,357519
202300024162;5;8;2023;18:05;1;25;25403;1;4;1;7;Le Rondot;47,027017;6,619027
202300024163;26;5;2023;23:48;5;92;92007;2;2;1;7;PETIT (AVENUE ALBERT) N° 39 A FIN;48,796279;2,32175
202300024164;25;1;2023;22:45;3;11;11069;1;1;1;2;ROCADE NORD - RD 6113;43,22985;2,32614
202300024165;15;11;2023;18:10;5;75;75109;2;1;1;6;RUE DE CHATEAUDUN;48,876251;2,3342
202300024166;4;8;2023;05:00;3;25;25162;1;1;1;6;Rue de Saint Vit;47,225266;5,809278
202300024167;9;3;2023;18:30;2;93;93046;2;2;2;6;Av du Consul General Nordling / Av du Pdt J Fitzgerald Kennedy;48,91655249;2,53152788
202300024168;26;1;2023;07:57;5;10;10387;2;1;9;6;GEORGES POMPIDOU (RUE);48,2869;4,0785
202300024169;28;5;2023;16:00;1;2A;2A348;2;1;1;2;Route Départementale 70;42,12606834;8,70370388
202300024170;15;11;2023;09:25;1;75;75107;2;2;1;3;QUAI D ORSAY;48,862828;2,313466
202300024171;4;8;2023;23:00;5;44;44018;2;6;1;2;68bis Rue de Nantes;47,1442225;-1,68693244
202300024172;25;1;2023;14:40;1;10;10387;2;2;1;3;PAIX (RUE DE LA);48,309;4,061
202300024173;9;3;2023;00:20;5;93;93074;2;1;2;2;Rue de Meaux;48,93515774;2,57052451
202300024174;27;5;2023;20:50;2;1;1045;1;2;1;3;D2;45,963397;5,040541
202300024175;25;1;2023;10:54;1;10;10387;2;1;8;6;EMILE ZOLA (RUE);48,29615658;4,07409847
202300024176;15;11;2023;07:40;1;75;75104;2;2;1;6;RUE SAINT ANTOINE;48,855355;2,359587
202300024177;9;3;2023;18:05;5;93;93061;2;2;3;6;Avenue du Bélvédère / Avenue René Fonck;48,88048833;2,4083671
202300024178;5;8;2023;11:00;1;44;44029;1;2;2;3;6bis l’esperance;47,27575269;-1,30465329
202300024179;26;1;2023;21:57;5;6;6088;2;1;1;6;MASSENA (PLACE);43,69673;7,27066
202300024180;28;5;2023;17:30;1;86;86096;2;1;1;7;Rue de la Garenne;46,810701;0,309929
202300024181;4;8;2023;19:12;1;44;44087;1;1;1;6;N/A;47,02283634;-1,81196094
202300024182;9;3;2023;21:05;5;93;93027;2;2;3;6;Avenue Marcel Cachin / Rue Chabrol;48,92931;2,39659
202300024183;26;1;2023;16:15;1;75;75113;2;4;2;3;QUAI D IVRY;48,823637;2,382249
202300024184;14;11;2023;22:01;5;94;94068;2;2;2;3;Avenue Pierre Semard;48,802594;2,51158
202300024185;5;8;2023;18:30;1;44;44015;1;1;1;1;la Havardais;47,436695;-1,757169
202300024186;28;5;2023;02:50;3;85;85223;1;1;1;6;Autoroute A83, pk076+500, sortie 7, sens NANTES / NIORT;46,5381;-1,07999
202300024187;9;3;2023;08:10;1;92;92072;2;1;1;1;GRANDE RUE;48,82422;2,21254
202300024188;24;1;2023;22:30;5;75;75120;2;1;1;3;PORTE DE BAGNOLET;48,860823;2,413832
202300024189;14;11;2023;19:10;5;94;94015;2;1;2;1;Quai Louis Ferber;48,831345;2,516776
202300024190;23;1;2023;12:35;1;75;75116;2;1;1;3;PORTE DE PASSY;48,860277;2,263373
202300024191;8;3;2023;12:30;1;92;92072;2;1;2;2;GRANDE RUE;48,82438427;2,21300751
202300024192;28;5;2023;07:35;1;2;2776;1;1;1;2;A26;50,001025;3,179465
202300024193;4;8;2023;19:00;2;35;35263;1;3;1;2;La petite vallée;48,66764;-1,946125
202300024194;9;3;2023;20:25;5;92;92064;2;4;1;6;DAILLY;48,841765;2,22165
202300024195;5;8;2023;12:15;1;29;29277;2;1;2;7;Route de Locmélar;48,410921;-4,077542
202300024196;15;11;2023;09:01;1;94;94016;2;4;1;2;Rue Gabriel Péri;48,79638;2,34324
202300024197;25;1;2023;16:42;1;75;75112;2;1;1;6;AVENUE DAUMESNIL;48,837436;2,401459
202300024198;28;5;2023;10:11;1;68;68188;1;1;1;2;D430;47,936529;7,045584
202300024199;5;8;2023;21:15;1;29;29018;1;1;1;7;Route de Ty ar Boudiged;48,362927;-3,848986
202300024200;26;1;2023;22:20;5;75;75119;2;3;8;6;AVENUE JEAN JAURES;48,888767;2,393119
202300024201;27;5;2023;13:30;1;972;97221;2;1;1;6;Quartier Medecin;14,518845;-60,982125
202300024202;13;11;2023;07:30;2;94;94041;2;1;2;2;MAURICE GUNSBOURG (R);48,81114354;2,40093452
202300024203;9;3;2023;17:21;1;92;92050;2;1;2;3;CLEMENCEAU GEORGES AVENUE N° PAIR;48,88592;2,21605
202300024204;7;8;2023;15:00;1;31;31576;1;1;1;6;D16;43,407713;1,657047
202300024205;26;1;2023;08:25;1;75;75119;2;7;2;6;PLACE AUGUSTE BARON;48,90011617;2,38835156
202300024206;15;11;2023;13:20;1;94;94034;2;1;1;3;49 Boulevard Pasteur;48,757671;2,316494
202300024207;9;3;2023;07:35;1;92;92050;2;1;8;6;REPUBLIQUE AVENUE DE LA;48,90953;2,21731
202300024208;28;5;2023;11:45;1;28;28158;1;1;1;3;D921;48,412279;1,42716
202300024209;26;1;2023;15:15;1;75;75115;2;3;2;6;RUE DE LA FEDERATION;48,852785;2,298339
202300024210;15;11;2023;10:20;1;93;93049;2;1;1;6;Avenue Georges Clémenceau;48,867741;2,506459
202300024211;26;1;2023;17:05;5;75;75110;2;1;2;6;RUE DU FAUBOURG DU TEMPLE;48,87180975;2,37627357
202300024212;8;3;2023;18:00;1;92;92036;2;2;2;1;LOUIS ROCHE (AVENUE) (1/45);48,923357;2,3213
202300024213;26;5;2023;16:45;1;28;28006;1;3;1;3;D923;48,435824;1,406459
202300024214;26;1;2023;20:30;5;75;75103;2;3;2;3;BOULEVARD BEAUMARCHAIS;48,859253;2,36759
202300024215;9;3;2023;06:44;5;92;92012;2;2;1;3;ANATOLE FRANCE (BOULEVARD) 1/4BIS;48,85032;2,23773
202300024216;28;5;2023;05:30;2;51;51203;1;1;1;6;D977;49,049746;4,449495
202300024217;15;11;2023;16:30;1;93;93046;2;2;1;3;Allée Danton / Avenue Gambetta;48,918154;2,521715
202300024218;26;1;2023;16:40;1;94;94081;2;3;8;3;Avenue Lucien Français;48,78730638;2,3864952
202300024219;10;3;2023;02:05;3;62;62149;1;1;2;7;D206;50,750006;2,083347
202300024220;26;1;2023;07:00;5;94;94074;2;1;8;6;Avenue de la Plage Bleue;48,75131;2,46481
202300024221;15;11;2023;14:37;1;93;93063;2;3;1;6;Rue Vassou / Avenue Lénine;48,88482;2,43101
202300024222;7;3;2023;17:40;2;972;97223;2;4;1;1;Route départementale 6;14,558465;-60,942804
202300024223;26;1;2023;07:30;2;93;93049;2;2;2;6;HUIT MAI 1945 (AV DU);48,852479;2,511482
202300024224;28;5;2023;14:50;1;68;68106;1;1;1;7;D431;47,889974;7,113154
202300024225;10;3;2023;07:10;1;972;97227;2;1;1;6;Rue Jules Ferry;14,468861;-60,919147
202300024226;15;11;2023;12:56;1;93;93031;2;2;1;3;Avenue de la République / Rue Claude Debussy;48,947206;2,342627
202300024227;26;1;2023;15:20;1;94;94038;2;3;2;6;Rue Paul Hochart;48,77659;2,35916
202300024228;8;3;2023;19:45;3;35;35152;1;1;3;3;A84;48,234107;-1,481609
202300024229;27;5;2023;18:40;1;71;71456;1;1;1;1;D139;46,815848;5,022833