Num_Acc;jour;mois;an;hrmn;lum;dep;com;agg;int;atm;col;adr;lat;long
202300024230;25;1;2023;14:13;1;94;94028;2;1;1;6;Avenue de la Pompadour;48,77291;2,43448
202300024231;15;11;2023;09:00;1;92;92020;2;6;1;3;REPUBLIQUE AV. N°27 A 105 ET 26 A 178;48,80231734;2,29678622
202300024232;26;1;2023;13:45;1;94;94077;2;1;2;6;136 Avenue de la République;48,731395;2,415223
202300024233;27;5;2023;19:35;1;38;38342;1;1;1;7;RD 1075,  Farceyre;44,900439;5,615382
202300024234;26;1;2023;17:23;2;93;93073;2;2;2;3;Avenue Lavoisier / Avenue Gilbert Berger;48,95288;2,58949
202300024235;14;11;2023;19:47;3;92;92035;2;3;1;3;National ( boulevard );48,90225;2,2395
202300024236;9;3;2023;12:40;1;62;62422;2;5;1;6;D27;50,126706;2,634177
202300024237;26;1;2023;16:45;1;93;93078;2;1;2;3;Allee Louis Breguet;48,95671;2,56155
202300024238;14;11;2023;10:30;1;92;92035;2;2;2;3;National ( boulevard );48,90685;2,23885
202300024239;28;5;2023;16:30;1;22;22175;1;2;7;3;D52;48,492933;-2,406628
202300024240;26;1;2023;12:45;1;93;93078;2;2;2;3;Avenue Georges Clémenceau / Avenue Charles de Gaulle;48,95818;2,55833
202300024241;15;11;2023;19:35;5;92;92023;2;2;1;3;PASTEUR (RUE);48,77924;2,22848
202300024242;10;3;2023;00:00;3;30;30117;1;1;5;7;departementale 6113;43,722722;4,54598
202300024243;26;1;2023;17:25;1;93;93066;2;1;2;6;Avenue Romain Rolland;48,93753107;2,374219
202300024244;26;5;2023;14:20;1;34;34270;2;2;1;3;21 Rue des Coteaux;43,576489;3,837753
202300024245;5;3;2023;16:30;1;30;30060;2;6;1;7;D135;43,793991;4,384789
202300024246;15;11;2023;19:10;5;92;92012;2;1;1;6;JEAN JAURES (BOULEVARD) 1/61 - COTE IMPA;48,84051143;2,23961806
202300024247;26;1;2023;18:25;3;93;93048;2;3;2;3;Avenue de la Résistance / Rue de la Beaune;48,86187;2,43712
202300024248;9;3;2023;19:20;3;51;51625;1;1;3;3;D934;48,757992;3,41428
202300024249;27;5;2023;11:30;1;83;83087;2;1;1;2;Route de Brignoles;43,377386;5,785053
202300024250;26;1;2023;07:55;2;93;93006;2;2;1;3;Avenue de Stalingrad / Rue Jeanne Hornet;48,87425;2,42804
202300024251;9;3;2023;11:10;1;19;19055;1;1;2;6;Chez Durieux;45,450163;2,310809
202300024252;16;11;2023;11:50;1;976;97610;1;1;2;1;route nationale 1;-12,747482;45,227939
202300024253;10;3;2023;13:40;1;65;65128;1;1;1;6;D41;43,184308;0,345318
202300024254;8;5;2023;22:00;3;83;83096;1;1;1;1;Dn7;43,463413;5,809252
202300024255;25;1;2023;21:40;5;93;93047;2;2;1;3;Avenue Denis Papin / Avenue Pascal;48,90646;2,58785
202300024256;16;11;2023;06:40;3;8;8339;1;1;2;6;N/A;49,426809;4,349438
202300024257;27;5;2023;15:05;1;62;62080;2;1;1;6;Rue de Douai;50,106426;2,85284
202300024258;9;3;2023;10:30;1;11;11304;1;1;1;1;;42,89977228;2,16734355
202300024259;26;1;2023;09:30;1;93;93010;2;1;2;2;Avenue Galliéni;48,90687227;2,48703539
202300024260;9;3;2023;16:29;1;63;63432;2;1;2;6;3 Rue de la Croix Blanche;45,973397;3,256502
202300024261;26;1;2023;13:40;1;93;93008;2;2;2;3;Rue de Paris / Route de Noisy;48,8957;2,42623
202300024262;15;11;2023;18:50;5;86;86272;1;2;2;3;D14;46,828412;0,465728
202300024263;26;5;2023;13:55;1;51;51409;1;2;1;2;D977;48,879344;4,287313
202300024264;10;3;2023;14:45;1;41;41049;1;1;2;1;D956;47,326796;1,492274
202300024265;26;1;2023;10:40;1;93;93001;2;9;2;3;Avenue Jean Jaurès;48,9062376;2,3947674
202300024266;27;5;2023;17:30;1;56;56052;2;1;1;6;Rue Gohec;47,5208253;-2,57739544
202300024267;27;1;2023;14:50;1;21;21021;1;9;1;6;A31;47,347532;5,163392
202300024268;10;3;2023;10:25;1;34;34130;1;2;6;3;D909;43,501364;3,189165
202300024269;15;11;2023;18:00;2;43;43117;1;2;1;5;RN 102;45,249868;3,434787
202300024270;27;5;2023;04:50;3;11;11262;1;1;1;6;;43,224161;3,045251
202300024271;26;1;2023;20:10;3;37;37261;1;4;2;2;Bretelle d'entrée A10;47,391489;0,705925
202300024272;8;3;2023;15:40;1;68;68138;2;2;2;3;7 Rue de Bettendorf;47,585753;7,258793
202300024273;26;1;2023;19:30;3;51;51527;1;1;8;1;D28;49,2580491;3,78746688
202300024274;28;5;2023;07:00;1;63;63283;1;1;5;6;D941;45,856731;2,669704
202300024275;15;11;2023;18:50;5;68;68145;2;1;1;3;38 Grand'Rue;48,081378;7,392324
202300024276;26;1;2023;11:15;1;2B;2B218;1;1;1;6;T50;42,211983;9,319437
202300024277;9;3;2023;12:30;1;22;22366;2;1;2;6;Rue Beaumanoir;48,603907;-3,61182
202300024278;26;1;2023;20:55;5;2B;2B050;1;1;1;7;Route de l?Aeroport;42,549255;8,783526
202300024279;15;11;2023;18:35;3;974;97404;1;6;1;7;Avenue de l'Océan;-21,26252;55,339074
202300024280;28;5;2023;10:45;1;63;63239;2;1;1;3;départemental 9;45,703158;3,357428
202300024281;10;3;2023;12:30;1;22;22147;2;1;1;1;27 Rue Philippe Lemercier;48,191044;-2,40956
202300024282;27;5;2023;18:10;1;61;61309;1;1;1;6;D920;48,395311;0,627961
202300024283;14;11;2023;06:50;1;972;97227;1;1;1;6;Les Coteaux;14,500222;-60,981739
202300024284;27;1;2023;04:40;4;63;63073;1;1;4;7;D23;45,578292;3,175281
202300024285;9;3;2023;11:45;1;35;35068;2;1;2;1;Rue de Vitré;48,111156;-1,384229
202300024286;29;10;2023;13:00;1;51;51029;2;1;1;7;route départementale 9, PR 48+500;48,979178;4,028474
202300024287;28;5;2023;05:50;3;49;49125;2;4;1;7;Boulevard jacques savary;47,183074;-0,264412
202300024288;26;1;2023;18:00;2;47;47100;2;1;1;6;Avenue de la Candélie;44,236909;0,648993
202300024289;15;11;2023;17:20;2;56;56193;1;1;2;6;route de merlevenez;47,716764;-3,298109
202300024290;20;1;2023;18:40;3;34;34028;2;1;4;7;352 Impasse Rouanels;43,621351;3,153913
202300024291;29;10;2023;12:30;1;2A;2A017;1;1;1;6;D81;42,016174;8,729067
202300024292;20;1;2023;08:05;1;44;44084;2;1;8;6;29 Rue du Fresne;47,240965;-1,346688
202300024293;9;3;2023;18:20;1;35;35299;1;1;2;5;29 route de saint-malo;48,652857;-1,931571
202300024294;27;5;2023;20:55;2;12;12182;1;1;1;6;Le Truel;44,444993;2,936019
202300024295;18;1;2023;22:51;3;44;44192;1;1;1;7;1 Les Breteches;47,250929;-2,014811
202300024296;27;5;2023;01:55;3;47;47119;1;1;1;6;Larché;44,194298;-0,008154
202300024297;10;3;2023;11:45;1;58;58079;1;1;8;2;N151;47,451715;3,488846
202300024298;26;1;2023;10:50;1;29;29062;1;1;1;6;Penc?hoad;48,162876;-4,011394
202300024299;10;11;2023;14:40;1;32;32256;2;1;3;1;Boulevard Alsace Lorraine;43,512112;0,40644
202300024300;10;3;2023;12:37;1;58;58122;1;1;6;6;D1;47,282373;3,072996
202300024301;27;1;2023;05:30;4;3;3223;2;4;5;3;Place de la Bruyère;46,146031;3,550901
202300024302;27;5;2023;15:20;1;41;41296;1;2;1;3;Route C2;47,621887;2,076094
202300024303;16;11;2023;16:40;1;89;89276;1;1;2;1;Route Nationale 77;48,053135;3,799231
202300024304;10;3;2023;12:25;1;6;6059;1;1;1;3;676 Avenue Georges Clemenceau;43,73067;7,374192
202300024305;13;11;2023;16:00;1;49;49339;1;1;2;6;Chemin rural des Palluaux;47,561384;-0,546972
202300024306;26;5;2023;11:20;1;34;34194;2;3;1;3;70 Cours National;43,539858;3,458405
202300024307;25;1;2023;07:35;3;1;1258;1;2;1;3;D17;46,09617;4,810954
202300024308;8;3;2023;09:45;1;60;60577;2;1;1;1;Chemin du Grand Pre;49,438064;1,74997
202300024309;25;1;2023;14:15;1;58;58250;1;1;1;6;D34;46,851945;3,457185
202300024310;28;5;2023;16:00;1;34;34036;2;1;1;6;6 route du Bosc;43,70121;3,371547
202300024311;15;11;2023;07:50;2;12;12288;1;3;8;3;D840;44,430219;2,450906
202300024312;1;1;2023;07:15;3;14;14290;2;1;1;6;D132;49,06867683;-0,36797628
202300024313;7;3;2023;11:40;1;18;18223;1;1;1;2;Route de Méry Es Bois;47,220158;2,395872
202300024314;28;5;2023;09:00;1;39;39478;2;1;1;6;Avenue de la Libération;46,378483;5,848852
202300024315;27;1;2023;17:00;1;18;18242;1;1;1;1;;46,817694;2,914338
202300024316;5;3;2023;21:30;3;16;16082;2;1;1;6;D19;45,47849456;0,21320676
202300024317;27;5;2023;13:10;1;39;39510;1;1;1;6;N/A;46,368627;5,91519
202300024318;15;11;2023;20:00;3;47;47173;1;4;1;1;RD 667;44,429436;0,494047
202300024319;26;1;2023;16:20;1;10;10401;2;4;1;3;Rue de la Promenade du Parc;48,230897;4,472534
202300024320;18;5;2023;08:15;2;39;39510;1;1;1;6;N/A;46,359595;5,898866
202300024321;16;11;2023;09:45;1;34;34142;1;1;1;7;Lodève;43,697495;3,338138
202300024322;9;3;2023;16:25;1;21;21479;1;1;7;1;D6 PK 22+250;47,514505;4,80006
202300024323;26;1;2023;17:05;2;21;21154;2;1;8;6;Rue de la Libération;47,86496307;4,57424146
202300024324;27;1;2023;13:15;1;85;85289;1;1;1;7;RD49 ;46,617625;-0,649953
202300024325;10;11;2023;07:35;2;35;35069;2;1;2;6;D92;48,053214;-1,511929
202300024326;27;1;2023;12:50;1;87;87097;1;1;2;1;D62;46,043194;0,876256
202300024327;9;3;2023;18:50;2;85;85172;1;2;1;1;Route des birollières;46,82416;-1,942474
202300024328;15;11;2023;22:00;3;35;35284;1;1;2;6;Departemantal 137;48,606725;-1,976764
202300024329;26;1;2023;14:07;1;34;34255;2;1;1;6;4 Avenue du Clapas;43,69042;3,807294
202300024330;27;5;2023;10:50;1;38;38257;1;6;1;3;D520;45,485451;5,397924
202300024331;9;3;2023;23:15;3;27;27243;1;1;8;7;CD 180;49,397143;0,313427
202300024332;17;1;2023;14:45;1;53;53267;1;1;8;7;A81;48,058958;-0,504663
202300024333;15;11;2023;14:00;1;35;35243;1;1;1;1;La Renaudière;48,36963131;-1,23882651
202300024334;27;1;2023;07:20;2;6;6088;1;1;1;6;A8, Pk 188.800 chaussée sud;43,692266;7,189608
202300024335;28;5;2023;11:47;1;2;2382;1;1;1;3;N/A;49,851132;3,202821
202300024336;8;3;2023;22:10;3;28;28098;1;2;3;3;D308.4;48,743413;1,446767
202300024337;19;1;2023;07:10;3;64;64545;1;1;4;6;A63;43,358277;-1,71103
202300024338;27;5;2023;21:15;2;72;72150;1;1;1;7;lieu dit la foucaudiere;48,112975;0,234951
202300024339;15;11;2023;19:22;3;38;38297;1;2;1;3;Route d'1075 (arandon);45,698582;5,452116
202300024340;9;3;2023;18:05;1;37;37083;2;2;3;1;Rue de la Tuilerie;47,267873;0,831415
202300024341;27;5;2023;02:45;3;14;14098;1;1;1;6;680 Rue de la Guinguette;49,17601;-0,521339
202300024342;18;1;2023;20:05;3;64;64038;1;1;4;5;autoroute A63;43,453598;-1,529559
202300024343;15;11;2023;15:40;1;14;14143;1;1;8;1;Route de Caen (Caumont-l'Éventé);49,10010148;-0,78929714
202300024344;27;1;2023;12:10;1;60;60281;1;1;1;2;;49,484759;2,713552
202300024345;9;3;2023;11:34;1;13;13044;1;9;1;3;D69;43,627984;5,057573
202300024346;28;5;2023;16:18;1;18;18082;1;1;1;3;;46,991904;3,047054
202300024347;26;1;2023;10:30;1;987;98749;2;9;1;7;village;-14,673;-144,897
202300024348;16;11;2023;10:00;1;7;7288;1;1;1;1;RD104;44,722958;4,519275
202300024349;25;1;2023;07:30;1;974;97410;1;1;3;1;RN3;-21,10492;55,667574
202300024350;16;11;2023;06:40;3;28;28298;1;1;3;7;D136.5;48,595443;1,544716
202300024351;26;5;2023;19:40;1;10;10268;1;1;1;3;D54;48,484745;3,513367
202300024352;10;3;2023;07:45;1;86;86297;1;2;6;4;RD12;46,605874;0,264439
202300024353;18;1;2023;17:45;1;978;97801;2;1;1;1;R DU SOLEIL LEVANT;18,065347;-63,078303
202300024354;28;5;2023;15:45;1;10;10221;1;1;1;6;D400;48,423021;4,634063
202300024355;15;11;2023;10:30;1;17;17003;1;6;1;2;D939;46,103337;-0,940543
202300024356;9;3;2023;17:10;1;38;38343;1;1;1;6;A43 aire du guiers;45,578469;5,633562
202300024357;20;1;2023;10:15;1;78;78416;1;1;4;6;Rue de l'Eglise;49,047861;1,828982
202300024358;14;11;2023;11:30;1;8;8383;1;1;3;7;D946;49,330024;4,95665
202300024359;26;1;2023;14:10;1;66;66065;2;3;6;6;;42,601249;2,9744681
202300024360;28;5;2023;04:23;3;36;36053;1;1;1;6;;46,67029685;1,26157997
202300024361;10;3;2023;09:30;1;988;98817;1;1;1;1;RPS3 - Pont de la Rivière des Pirogues;-22,193167;166,712101
202300024362;16;11;2023;08:40;1;13;13008;1;1;2;1;D16;43,679088;5,149369
202300024363;20;1;2023;08:00;1;34;34052;1;1;1;1;D16;43,310762;3,031558
202300024364;17;1;2023;15:15;1;83;83086;1;1;1;7;Route Nd7;43,46777;6,600112
202300024365;6;3;2023;15:20;1;971;97118;1;9;1;3;Route de la Traversee;16,178387;-61,706128
202300024366;28;5;2023;00:20;5;21;21347;1;2;1;1;Rue des Bonnes Filles;46,998446;4,864068
202300024367;16;11;2023;01:00;3;11;11322;1;9;1;3;A9 - PK 212+200 - Sens France / Espagne;42,993913;2,968369
202300024368;27;1;2023;08:50;1;13;13041;2;9;1;6;Boulevard Victor Hugo;43,45422929;5,46504334
202300024369;14;11;2023;06:20;2;38;38343;1;1;2;2;"A43 ; PK0665+400";45,57542;5,64045
202300024370;27;1;2023;07:00;5;38;38087;2;2;1;3;Route de Givors;45,583815;4,783328
202300024371;6;3;2023;13:45;1;66;66171;2;3;1;3;Rue Paul Eluard;42,616962;3,000673
202300024372;28;5;2023;16:15;1;24;24528;1;1;1;1;La pouyade;45,479934;0,661824
202300024373;26;1;2023;17:05;1;32;32312;1;1;2;6;D626;43,61423;0,677918
202300024374;3;3;2023;08:25;1;84;84003;2;1;1;6;Place de la Bouquerie;43,876462;5,39352
202300024375;16;11;2023;07:20;3;27;27697;1;1;3;2;A13;49,20728;1,221886
202300024376;28;5;2023;14:58;1;4;4107;1;1;1;7;route départementale 17;43,866527;6,295981
202300024377;26;1;2023;11:20;1;22;22086;1;1;1;2;D7;48,72437313;-3,02537441
202300024378;9;3;2023;20:50;5;83;83099;1;6;1;2;Dn7;43,455808;6,689569
202300024379;27;5;2023;18:40;1;4;4084;1;1;1;6;D907;43,949312;6,176956
202300024380;27;1;2023;14:00;1;59;59120;2;3;1;6;1749 route de strazeele;50,745271;2,615926
202300024381;15;11;2023;20:10;3;84;84129;1;1;1;5;Autoroute A7;43,999313;4,887843
202300024382;27;5;2023;18:56;1;85;85101;1;1;1;1;les chaponnières;46,46679;-1,40191
202300024383;27;1;2023;07:20;3;59;59366;1;1;1;1;D642;50,730507;2,455916
202300024384;15;11;2023;18:35;5;971;97117;1;1;1;1;4231 Route de Cocoyer;16,292569;-61,397105
202300024385;9;3;2023;17:18;1;38;38474;1;1;1;2;Route de Villard de Lans;45,222707;5,651393
202300024386;26;1;2023;08:30;1;13;13106;1;1;1;2;A7-Sens Lyon vers Marseille;43,39968883;5,34920629
202300024387;9;3;2023;20:30;3;26;26038;1;1;1;6;Route de Chateauneuf;45,018518;4,93682
202300024388;28;5;2023;12:00;1;37;37028;1;2;1;3;D725;46,860235;0,965016
202300024389;15;11;2023;18:55;3;84;84067;2;1;1;2;1469 route de carpentras;44,06874;5,019733
202300024390;25;1;2023;07:30;2;13;13215;1;1;1;2;A7-Sens Lyon vers Marseille;43,37545956;5,36019444
202300024391;10;3;2023;15:20;1;26;26220;2;9;1;1;69 Route de Montelimar;44,364863;5,125996
202300024392;28;5;2023;04:00;3;37;37231;2;1;1;6;La Roche Racan;47,59440316;0,49790919
202300024393;26;1;2023;17:45;5;94;94034;1;1;2;2;A86;48,75720178;2,32940447
202300024394;26;5;2023;17:01;1;88;88075;1;1;1;7;Route des Crètes;48,039184;7,007732
202300024395;15;11;2023;11:40;1;73;73030;2;1;1;6;Rue jean baptiste Doncieu de la bathie;45,570711;5,976015
202300024396;8;3;2023;09:50;1;26;26170;1;2;1;3;Route Departementale 68;44,913657;4,960338
202300024397;26;1;2023;10:15;1;91;91286;1;1;8;4;AUTOROUTE A6;48,6561;2,37817
202300024398;26;5;2023;07:50;1;44;44026;1;1;1;7;;47,29159047;-1,46543026
202300024399;16;11;2023;15:54;1;42;42149;2;2;1;6;Avenue des Sources;45,643186;4,232075
202300024400;26;1;2023;10:10;1;91;91340;1;1;1;3;AUTOROUTE A6;48,59904;2,44031
202300024401;28;5;2023;11:50;1;11;11262;1;1;1;6;Route de Montfort;43,162556;3,011541
202300024402;9;3;2023;15:09;1;22;22070;2;2;2;3;Avenue John Fitzgerald Kennedy;48,563189;-3,16068
202300024403;26;1;2023;12:00;1;92;92047;1;1;2;3;A13;48,83351336;2,16261282
202300024404;15;11;2023;17:00;1;19;19146;1;1;1;2;avenue des résistants;45,32942112;1,76579136
202300024405;10;3;2023;19:25;3;60;60454;1;1;1;6;D55;49,39240964;2,32141729
202300024406;28;5;2023;05:45;1;971;97126;2;2;1;3;Rue Michel Sanctussy;15,955576;-61,317382
202300024407;25;1;2023;04:10;3;78;78423;1;1;1;2;N12W;48,79854;2,00022
202300024408;26;1;2023;14:20;1;95;95018;1;1;1;6;A15;48,95186906;2,27956653
202300024409;27;5;2023;19:40;1;45;45212;1;1;1;6;D117 PR 6 + 745;47,907677;2,819184
202300024410;25;1;2023;20:30;5;95;95212;1;1;1;3; A1;49,02528;2,53638
202300024411;9;3;2023;16:00;1;59;59497;1;2;2;7;1 rue du mont d'hiver;50,713584;2,370418
202300024412;26;1;2023;07:15;2;95;95527;1;1;5;6;A1;49,00317183;2,52470434
202300024413;28;5;2023;05:43;2;77;77272;1;1;1;6;D619;48,558247;3,147497
202300024414;15;11;2023;10:40;1;17;17119;1;2;2;3;D17;45,626711;-0,868306
202300024415;26;1;2023;05:10;3;95;95582;1;1;8;6; A15;48,96440785;2,26199961
202300024416;8;3;2023;10:10;1;86;86194;2;7;2;6;Rue de la Vallée Monnaie;46,565278;0,34332
202300024417;25;1;2023;12:30;1;95;95572;1;1;2;6;A15;49,03178837;2,11674035
202300024418;27;5;2023;04:40;3;34;34058;2;1;1;6;Esplanade Georges Frêche;43,67441;3,988503
202300024419;8;3;2023;14:45;1;24;24037;2;7;1;6;GAMBETTA (PLACE);44,855;0,482
202300024420;12;11;2023;07:25;2;33;33272;1;1;2;1;RD18;45,075616;-0,386372
202300024421;25;1;2023;12:00;1;93;93027;1;1;1;6;AUTOROUTE A1;48,9344735;2,39765242
202300024422;7;3;2023;20:15;5;72;72181;2;1;1;6;CUGNOT NICOLAS (BD);47,9941;0,2244
202300024423;25;1;2023;07:25;2;95;95018;1;1;8;6;A15;48,9496723;2,2802208
202300024424;27;5;2023;17:30;1;83;83112;1;3;1;3;2582 Route de la Cadiere;43,199404;5,726795
202300024425;7;3;2023;17:30;1;27;27229;2;1;1;6;HUGO (RUE VICTOR);49,02225;1,14748
202300024426;4;11;2023;08:50;1;29;29042;1;1;3;2;route de Crozon;48,24868197;-4,46472012
202300024427;25;1;2023;23:38;3;94;94022;1;1;1;4;A86;48,77669983;2,41635026
202300024428;27;5;2023;20:40;1;8;8316;2;1;1;7;33 Rue Pierre Delmont;49,807882;4,790869
202300024429;6;3;2023;11:49;1;77;77053;2;1;1;6;RUE GUSTAVE EIFFEL;48,70263;2,60145
202300024430;25;1;2023;18:00;3;94;94069;1;1;5;3;A86;48,81694401;2,45457186
202300024431;15;11;2023;09:10;1;69;69091;1;1;1;2;Autoroute 47;45,57915127;4,73129142
202300024432;28;5;2023;02:20;5;68;68262;2;1;1;6;15 Route Nationale;47,880597;7,011591
202300024433;8;3;2023;16:20;1;973;97302;2;1;1;3;MONTABO (ROUTE DE) 1;4,93805;-52,299
202300024434;25;1;2023;08:15;5;62;62826;2;2;8;6;allee;50,492881;1,608521
202300024435;8;3;2023;15:20;1;973;97302;2;1;1;6;CABASSOU (ROUTE DE);4,91982776;-52,31931245
202300024436;24;1;2023;14:50;1;33;33119;2;2;8;6;Avenue Jean Zay;44,85344134;-0,50596386
202300024437;27;5;2023;19:15;1;57;57482;1;3;1;1;D4;49,10201331;6,31143093
202300024438;23;1;2023;15:10;1;29;29019;2;1;1;6;rue de Kermenguy;48,402782;-4,501477
202300024439;8;3;2023;05:30;2;972;97213;2;3;1;3;ROUTE DEPARTEMENTALE 3;14,618;-60,996
202300024440;23;1;2023;04:30;3;974;97416;2;1;8;6;ENTRE DEUX(route de l');-21,2948;55,44638
202300024441;28;5;2023;07:35;1;73;73316;1;3;1;6;D925;45,485909;6,145794
202300024442;8;3;2023;00:40;5;972;97209;1;9;1;3;RD 41;14,61537;-61,06193
202300024443;25;1;2023;12:00;1;974;97411;2;3;2;3;TOURETTE (RUE);-20,8887;55,44639
202300024444;13;11;2023;07:30;1;54;54312;1;1;8;5;Autoroute A 31;48,936569;6,112245
202300024445;27;5;2023;09:45;1;38;38236;2;3;1;7;Chemin du Verney;45,404846;5,692007
202300024446;8;3;2023;09:55;1;69;69389;2;3;8;6;Avenue de Champagne;45,7893789;4,79332973
202300024447;23;1;2023;11:20;1;974;97411;2;9;2;3;LECONTE DE LISLE (AVENUE);-20,89254;55,48329
202300024448;27;5;2023;16:40;1;38;38442;1;1;1;6;rd 520 B 38380;45,349915;5,770424
202300024449;24;1;2023;23:00;3;974;97407;2;9;2;6;ROUTE DU SACRE COEUR;-20,95799;55,31738
202300024450;8;3;2023;19:00;5;971;97113;2;9;1;3;SECTION LEROUX;16,24257061;-61,47387028
202300024451;27;5;2023;19:10;1;26;26307;1;1;1;7;;45,014058;5,250628
202300024452;15;11;2023;18:55;3;33;33075;1;1;1;2;ROCADE A 630;44,88461546;-0,62193453
202300024453;26;1;2023;00:10;5;69;69387;2;1;1;7;169 Grande Rue de la Guillotière;45,74995736;4,85158579
202300024454;8;3;2023;09:10;1;95;95210;2;1;2;3;Rue du Départ;48,974169;2,305574
202300024455;27;5;2023;19:10;1;7;7133;1;1;1;6;route d'ellieux;44,452225;4,610782
202300024456;24;1;2023;07:50;1;972;97209;2;9;1;6;CHEVALIER DE SAINTE-MARTHE (BLD);14,603924;-61,065717
202300024457;24;5;2023;16:00;1;31;31395;2;1;1;6;Chemin de Bourdaya;43,459004;1,332497
202300024458;15;11;2023;14:15;1;33;33550;1;1;1;4;ROCADE A 630;44,78610578;-0,54146558
202300024459;21;1;2023;23:10;5;69;69034;2;3;2;3;Quai Clémenceau;45,79434;4,82781
202300024460;8;3;2023;10:30;1;91;91514;2;6;2;3;RTE DE BRUNOY;48,67817;2,5271
202300024461;27;5;2023;16:50;1;33;33238;2;9;1;1;27 Chemin de Jacquin;44,744304;-0,58395
202300024462;15;11;2023;09:08;1;33;33550;1;1;1;6;ROCADE A 630;44,77812502;-0,55844933
202300024463;25;1;2023;12:40;1;971;97101;2;1;1;6;MARECHAL LECLERC;16,25543;-61,53056
202300024464;27;5;2023;09:45;1;49;49138;1;1;1;3;Lieu dit les Gats route de longue;47,432881;-0,149152
202300024465;7;3;2023;23:41;5;87;87085;2;2;1;3;LABUSSIERE (AVENUE EMILE);45,84235;1,25517
202300024466;14;11;2023;15:21;1;59;59447;1;1;3;6;AUTOROUTE A2;50,37453;3,60512
202300024467;27;5;2023;16:10;1;22;22260;1;1;1;5;Lohan;48,237465;-2,900058
202300024468;15;11;2023;13:00;1;94;94076;1;1;1;2;A6B;48,7908173;2,34457243
202300024469;24;1;2023;12:03;1;91;91692;2;1;8;4;SAINTONGE(AVENUE DE);48,679656;2,162839
202300024470;15;11;2023;10:05;1;91;91521;1;1;1;2;AUTOROUTE A6;48,6373;2,3993
202300024471;27;5;2023;15:55;1;76;76024;1;1;1;2;Lieu dit Beau Regard;49,753698;1,261904
202300024472;18;1;2023;17:50;5;91;91174;2;1;1;6;AV DU 8 MAI 1945;48,61138;2,46126
202300024473;18;1;2023;11:35;1;91;91228;2;1;1;6;AV FRAGONARD;48,62977;2,45162
202300024474;15;11;2023;08:50;1;91;91689;1;1;1;3;AUTOROUTE A6B;48,74849;2,3267
202300024475;28;5;2023;08:05;1;2;2290;2;1;1;6;;49,046546;3,35274
202300024476;8;3;2023;19:20;5;77;77449;2;2;2;1;D344;48,85383105;2,77364032
202300024477;17;1;2023;18:10;5;91;91228;2;2;2;6;MITTERAND (BD FRANCOIS);48,62484;2,42687
202300024478;8;3;2023;20:05;5;77;77186;2;1;3;6;CASCADES (AVENUE DES);48,40061;2,70741
202300024479;28;5;2023;15:20;1;62;62318;2;2;7;3;Avenue du Mont Levin;50,519068;1,646791
202300024480;14;11;2023;19:00;3;92;92036;1;1;1;2;A86;48,93576409;2,28722247
202300024481;17;1;2023;21:13;5;91;91521;2;1;1;2;PLAT (RUE AUGUSTE) ;48,64557;2,40432
202300024482;8;3;2023;19:30;5;76;76540;2;4;2;6;Avenue Jean Rondeaux;49,428405;1,070861
202300024483;13;11;2023;11:25;1;78;78043;1;1;2;6;A12 Y;48,84122;2,093842
202300024484;27;5;2023;04:58;3;13;13211;1;1;1;2;A50-Sens Aubagne vers Marseille;43,289403;5,442337
202300024485;13;9;2023;16:00;1;84;84003;2;3;1;3;Quai Général Leclerc;43,876304;5,399861
202300024486;15;11;2023;18:15;5;77;77372;1;1;1;2;A104;48,87593751;2,66912639
202300024487;26;5;2023;17:15;1;13;13005;1;1;1;2;A50-Sens Marseille vers Aubagne;43,28568759;5,53017212
202300024488;8;3;2023;13:30;1;76;76217;2;3;1;3;CANADIENS (AVENUE DES)  RD925;49,91364;1,0751
202300024489;13;9;2023;02:00;3;84;84054;1;1;1;6;Route de Caumont;43,911931;5,034184
202300024490;28;6;2023;17:05;1;91;91044;2;1;1;2;60 Avenue de la Division Leclerc;48,664252;2,277724
202300024491;27;5;2023;08:45;1;38;38184;1;1;1;2;A43;45,65922;5,07616
202300024492;7;3;2023;11:35;1;72;72181;2;1;1;2;VOLTAIRE (RUE) N° IMP 1 A 113;48,011511;0,197993
202300024493;12;9;2023;12:05;1;84;84119;2;6;1;1;Avenue de la Rétanque;43,956889;4,93085
202300024494;23;5;2023;14:35;1;69;69389;1;1;1;2;Route de Métropole 6  ;45,76698;4,79729
202300024495;25;5;2023;02:05;5;91;91521;2;3;1;3;FROMONT (RUE DE);48,65809;2,4118
202300024496;8;3;2023;03:30;5;69;69259;2;9;1;3;Rue Président Edouard Herriot;45,69521;4,87649
202300024497;12;9;2023;19:20;1;83;83081;1;3;1;3;Route départementale 562;43,605763;6,766362