Num_Acc;jour;mois;an;hrmn;lum;dep;com;agg;int;atm;col;adr;lat;long
202300024498;27;5;2023;18:55;1;94;94034;1;1;1;2;A86;48,75979435;2,32184781
202300024499;24;5;2023;14:12;1;91;91249;1;1;1;7;A10;48,602084;2,067978
202300024500;8;3;2023;10:00;1;67;67482;2;1;1;3;VICTOIRE (BOULEVARD DE LA);48,582288;7,765292
202300024501;13;9;2023;13:25;1;52;52276;1;1;1;1;VOIE COMMUNALE 3;48,092807;5,211596
202300024502;27;5;2023;19:00;1;91;91434;1;1;1;4;AUTOROUTE A6;48,66806;2,35617
202300024503;8;3;2023;11:25;1;64;64348;2;1;1;3;CHENES DES;43,32645;-0,38912
202300024504;16;8;2023;22:30;3;74;74063;1;1;1;7;D 228 A;46,22863;6,79101
202300024505;26;5;2023;19:45;1;94;94016;1;1;1;3;A6B;48,79696969;2,34384666
202300024506;8;3;2023;15:40;1;59;59512;2;1;2;3;LEBAS (AVENUE JEAN);50,69256;3,17092
202300024507;8;3;2023;10:20;1;54;54395;2;2;1;6;SAINT GEORGES (RUE);48,69228;6,18714
202300024508;27;5;2023;18:22;1;92;92036;1;1;1;2;A86;48,93370714;2,2742219
202300024509;13;9;2023;10:18;1;54;54229;2;2;8;3;Grande Rue;48,47401842;6,69182181
202300024510;18;8;2023;17:08;1;74;74281;2;4;1;1;RIPAILLE (QUAI DE);46,386134;6,483629
202300024511;27;5;2023;08:50;1;95;95252;1;1;1;6;A15;48,9864;2,21139
202300024512;7;3;2023;19:30;5;54;54395;2;9;1;6;COLLIGNON (Avenue et Pont);48,68985;6,20317
202300024513;12;9;2023;16:36;1;69;69094;1;1;1;6;4 Route des Pierres Blanches;45,750017;4,696269
202300024514;26;5;2023;22:19;3;95;95277;1;1;1;6;A3;48,97287;2,48507
202300024515;9;9;2023;10:30;1;69;69067;1;1;7;6;Route Départementale 50E;45,749551;4,562448
202300024516;7;3;2023;12:30;1;54;54439;2;1;1;6;Route de Seichamps;48,706142;6,261041
202300024517;26;5;2023;13:05;1;93;93005;1;1;1;2;AUTOROUTE A3;48,94598218;2,47643491
202300024518;8;3;2023;16:55;1;51;51454;2;2;2;3;rue de Courlancy;49,247;4,01585
202300024519;4;9;2023;21:53;3;33;33284;1;1;1;6;D216;44,586739;-0,946128
202300024520;8;3;2023;08:50;1;51;51454;2;1;2;6;rue Chrétien De Troyes;49,21181;4,01774
202300024521;13;9;2023;07:00;2;49;49020;1;1;1;6;D56;47,483243;-0,633634
202300024522;30;8;2023;12:20;1;74;74099;2;6;1;6;Route de sallanches;45,877824;6,636881
202300024523;8;3;2023;07:40;1;51;51454;2;1;2;6;rue de Contrai;49,25104;4,03521
202300024524;27;5;2023;12:25;1;77;77450;1;1;1;4;RN104;48,717286;2,599318
202300024525;12;9;2023;21:50;5;60;60462;2;1;2;2;Rue de Calais;49,33312284;2,19869471
202300024526;8;3;2023;05:40;5;51;51454;2;1;2;6;avenue de Champagne;49,21937651;4,0209572
202300024527;6;3;2023;13:50;1;51;51454;2;1;1;6;rue de Mulhouse;49,24503;4,01696
202300024528;12;9;2023;18:10;1;13;13071;1;1;1;3;A55 - Sens Marseille vers Martigues;43,39721579;5,28706226
202300024529;12;8;2023;13:00;1;74;74263;2;3;1;1;634 Avenue de bonnatrait;46,33341;6,387643
202300024530;26;5;2023;20:00;1;77;77294;1;1;1;4;A104;48,965351;2,608798
202300024531;7;3;2023;17:30;1;50;50129;2;3;2;3;PRAIRIES (AVENUE DES);49,64055;-1,58041
202300024532;26;5;2023;14:40;1;72;72181;2;1;1;6;MAILLETS (RUE DES) IMP 1 A 29;48,01238;0,20592
202300024533;25;8;2023;20:00;2;74;74001;1;1;1;6;1644 Route de Richebourg;46,286642;6,743885
202300024534;12;9;2023;10:05;1;13;13070;1;1;1;2;A50-Sens Aubagne vers Marseille;43,28584555;5,51204403
202300024535;4;3;2023;19:30;5;50;50129;2;2;1;1;LEMONNIER (AVENUE AMIRAL);49,63441;-1,60231
202300024536;12;9;2023;11:35;1;13;13005;1;1;1;3;A50 - Sens Aubagne vers Marseille;43,2836038;5,57425215
202300024537;23;2;2023;17:15;1;73;73011;2;6;1;3;SAINTE THERESE (AVENUE);45,66703;6,38151
202300024538;8;3;2023;16:50;1;45;45302;2;6;2;2;20 Rue du Bourg;47,95104;1,88067
202300024539;20;8;2023;12:15;1;74;74082;1;2;7;1;961 Route de la croisette;46,136965;6,161302
202300024540;12;9;2023;07:15;1;13;13005;1;1;1;3;A50-Sens Aubagne vers Marseille;43,28497689;5,57087403
202300024541;26;5;2023;16:25;1;973;97302;2;1;1;3;BADUEL (ROUTE DE);4,93681;-52,31477
202300024542;8;3;2023;08:53;1;45;45004;2;1;2;3;1356 Avenue d'Antibes;47,97500918;2,73341453
202300024543;25;8;2023;16:40;1;74;74007;1;9;1;1;D1203;46,070222;6,321044
202300024544;11;9;2023;17:00;1;13;13071;1;1;1;2;A7-Sens Marseille vers Lyon;43,40439894;5,31594824
202300024545;26;5;2023;14:00;1;69;69386;2;2;1;1;Rue Sully;45,7711;4,8485
202300024546;8;3;2023;20:30;5;38;38185;2;2;2;6;RUE RASPAIL;45,18268;5,7097
202300024547;25;8;2023;16:40;1;74;74042;2;1;1;6;61 Rue des grèbes huppes;46,072963;6,42028
202300024548;12;9;2023;18:20;1;83;83137;1;1;1;6;A50;43,12632894;5,8870976
202300024549;8;3;2023;15:40;1;38;38185;2;1;8;3;Rue de Stalingrad;45,17147;5,72414
202300024550;9;8;2023;15:38;1;74;74096;1;1;1;7;RD1201;46,023943;6,101918
202300024551;12;9;2023;09:30;1;83;83137;2;1;1;2;A57;43,13206649;5,98119387
202300024552;26;5;2023;17:30;1;972;97213;1;1;1;5;ROUTE DEPARTEMENTALE 3;14,64645;-60,98954
202300024553;8;3;2023;08:45;1;37;37261;2;2;2;3;THALES DE MILET (RUE);47,42852;0,6903
202300024554;2;8;2023;09:30;1;74;74033;1;1;1;7;Route des avanchy;46,352378;6,638939
202300024555;12;9;2023;02:08;4;33;33122;1;1;2;6;AUTOROUTE A 63;44,748723;-0,697644
202300024556;26;5;2023;12:50;1;69;69389;2;1;1;3;39 Rue Louis Bouquet;45,79635;4,81974
202300024557;8;3;2023;15:25;1;35;35238;2;1;1;6;POTTIER (EUGENE);48,10218566;-1,71201378
202300024558;10;9;2023;20:00;1;62;62274;1;1;1;2;A1;50,43344;2,97836
202300024559;8;8;2023;07:30;1;74;74001;1;3;1;3;N/A;46,289308;6,747606
202300024560;26;5;2023;07:55;1;69;69385;2;1;7;6;21 Rue Joliot Curie;45,75654969;4,79451618
202300024561;8;3;2023;13:05;1;35;35051;2;1;2;1;PEUPLIERS (AVENUE DES);48,11208;-1,6122
202300024562;17;8;2023;13:22;1;74;74063;2;1;1;6;139 Route de vonnes;46,265958;6,841537
202300024563;26;5;2023;15:45;1;971;97105;2;1;1;6;VICTOR HUGUES (RUE);15,99706;-61,72245
202300024564;8;3;2023;19:10;2;34;34172;2;2;1;3;925 Avenue du Marché Gare;43,58327;3,88742
202300024565;30;7;2023;14:15;1;74;74250;1;1;1;1;Route de saint-laurent;46,055387;6,368841
202300024566;26;5;2023;15:40;1;95;95088;1;1;1;2;D170;48,97664;2,4302
202300024567;8;3;2023;08:30;1;33;33318;2;6;2;6;Avenue Jean Bart;44,7816;-0,6774
202300024568;10;9;2023;05:50;5;59;59386;1;1;1;2;ROUTE DEPARTEMENTALE 652;50,67063;3,03698
202300024569;29;7;2023;18:10;1;74;74299;2;1;2;3;D909_;45,896908;6,164618
202300024570;8;3;2023;20:15;5;31;31557;2;6;1;6;BD VINCENT AURIOL;43,5871;1,34915
202300024571;12;9;2023;16:50;1;91;91312;1;1;2;7;RD 444;48,74585;2,22035
202300024572;26;7;2023;13:00;1;74;74010;2;6;1;6;271 Route des creuses (Seynod);45,888656;6,076437
202300024573;12;9;2023;14:25;1;91;91228;1;1;2;2;AUTOROUTE A6;48,62661;2,41537
202300024574;20;7;2023;23:30;3;74;74152;2;1;1;1;Route de poisy;45,904421;6,041347
202300024575;26;5;2023;09:30;1;91;91114;2;1;7;6;RUE DE LA GARE;48,69836;2,50486
202300024576;12;9;2023;08:50;1;91;91161;1;1;1;3;AUTOROUTE A6;48,70219;2,3081
202300024577;8;3;2023;15:20;1;31;31483;2;6;1;3;D 5;43,09522;0,7365
202300024578;14;6;2023;16:50;1;74;74040;1;1;1;2;Avenue du fer à cheval_;46,166572;6,339481
202300024579;26;5;2023;12:45;1;91;91027;1;1;1;3;RTE DE FONTAINEBLEAU;48,71702;2,37083
202300024580;1;7;2023;19:45;2;13;13003;1;1;1;2;D23;43,721986;5,129843
202300024581;12;9;2023;18:20;1;95;95488;1;1;2;4;A15;49,01546;2,14514
202300024582;26;5;2023;16:00;1;91;91223;2;6;1;6;MAI 1945 (AVENUE DU 8);48,4373;2,16312
202300024583;11;9;2023;17:20;1;92;92036;1;1;1;3;AUTOROUTE A15;48,94647077;2,28241919
202300024584;14;11;2023;08:00;1;974;97416;1;1;1;4;RN3 (1);-21,30977;55,49729
202300024585;25;5;2023;21:50;5;87;87085;1;1;1;2;MAUVENDIERE (RUE DE LA);45,83295;1,24893
202300024586;11;9;2023;15:40;1;95;95572;1;1;1;6;A15;49,03091888;2,12129607
202300024587;14;11;2023;07:00;1;974;97409;2;1;1;6;MASCAREIGNES (Avenue des);-20,93685;55,64688
202300024588;26;5;2023;15:55;1;86;86194;2;1;1;7;Avenue de l'Europe;46,592153;0,348008
202300024589;14;11;2023;06:50;1;974;97409;2;1;1;6;CAMBUSTON (rue de);-20,93221;55,64408
202300024590;12;9;2023;17:20;1;75;75112;1;1;2;5;A4;48,818121;2,456369
202300024591;26;5;2023;13:50;1;83;83137;2;1;1;3;CHARCOT (QUAI JEAN);43,1283;5,90052
202300024592;14;11;2023;22:30;5;974;97407;2;1;1;6;SIMON PERNIC (RUE) ;-20,93465;55,31635
202300024593;12;9;2023;15:30;1;94;94044;1;1;2;6;N406;48,75738975;2,47653199
202300024594;14;11;2023;18:20;1;974;97407;2;1;2;6;OWENS JAMES;-20,93465;55,31635
202300024595;26;5;2023;12:10;1;83;83137;2;2;1;3;BRIAND (AVE ARISTIDE DE 1221 A FIN;43,12561;5,89693
202300024596;11;9;2023;12:45;1;75;75112;1;1;1;5;A4;48,819242;2,458531
202300024597;26;5;2023;19:10;1;78;78498;2;1;1;2;BON ROI SAINT LOUIS AVENUE;48,927511;2,025446
202300024598;11;9;2023;02:30;3;94;94069;1;1;1;3;A4;48,81713893;2,44226193
202300024599;26;5;2023;16:50;1;76;76540;2;2;1;6;Rue Saint Eloi;49,44043;1,08658
202300024600;10;9;2023;03:45;3;94;94022;1;1;1;3;A86;48,7766716;2,41970908
202300024601;25;5;2023;15:40;1;76;76351;2;6;1;7;FRISSARD (QUAI);49,49157;0,13257
202300024602;14;11;2023;20:10;1;973;97309;1;3;1;3;TROUBIRAN (CHEMIN DE);4,91516;-52,31068
202300024603;27;6;2023;01:10;3;38;38276;2;6;1;7;D1085;45,562689;5,303577
202300024604;18;6;2023;15:00;1;38;38197;1;1;5;2;Autoroute A432 - PK 022+000 sens VILLEFRANCHE/MARSEILLE;45,755278;5,091949
202300024605;18;6;2023;10:45;1;38;38287;1;1;1;7;Route de la Margotière;45,422346;5,472067
202300024606;14;11;2023;14:30;1;973;97302;2;1;1;3;ZEPHIR (ROCADE);4,93877;-52,3059
202300024607;9;6;2023;16:15;1;38;38357;2;2;2;3;Rue Gambetta;45,544321;5,533977
202300024608;19;4;2023;15:55;1;62;62765;2;3;1;3;D209;50,75952;2,27916
202300024609;14;11;2023;18:20;5;69;69388;2;2;2;1;Avenue Général Frère;45,72685111;4,88542132
202300024610;12;4;2023;12:57;1;62;62765;2;9;1;3;Rue Antoine de Saint Exupéry;50,743551;2,255888
202300024611;12;7;2023;07:10;1;74;74242;2;1;1;6;Route d?Albertville;45,833058;6,167651
202300024612;11;7;2023;08:45;1;74;74173;2;9;1;6;Route edmond de rothschild;45,859913;6,630614
202300024613;9;7;2023;04:50;3;74;74144;1;1;1;7;Route de chez cotin;46,0638;5,991422
202300024614;14;11;2023;07:50;1;972;97213;2;1;1;3;ROUTE DEPARTEMENTALE 3;14,61754;-60,99509
202300024615;8;7;2023;12:20;1;74;74238;1;1;1;3;RD 902;46,247567;6,636257
202300024616;12;6;2023;16:00;1;74;74238;2;3;1;3;Route des grandes alpes;46,237431;6,6522
202300024617;14;11;2023;21:40;5;69;69034;2;1;2;6;25 Montée des Soldats;45,79727;4,85468
202300024618;5;6;2023;15:30;1;74;74154;1;1;1;6;rd 1005;46,40430435;6,66594469
202300024619;26;3;2023;19:42;1;14;14209;1;2;1;3;1343 Rue du Mont Flambé;49,275131;-0,821478
202300024620;14;11;2023;14:45;1;69;69389;2;1;2;6;86 Rue de Saint-Cyr;45,78578;4,80793
202300024621;11;7;2023;03:15;3;69;69295;1;1;1;2;Autoroute 42;45,60497;4,85957
202300024622;16;6;2023;04:41;2;92;92051;1;1;1;6;N13;48,87949912;2,27714643
202300024623;11;9;2023;08:50;1;75;75118;2;1;1;2;PORTE DE CLIGNANCOURT;48,900758;2,337189
202300024624;14;11;2023;18:15;5;971;97113;2;9;1;2;MONTAUBAN (SECTEUR);16,21465;-61,50179
202300024625;11;9;2023;08:20;1;75;75120;2;1;1;3;PORTE DE BAGNOLET;48,862608;2,413553
202300024626;11;9;2023;19:25;1;75;75105;2;2;1;6;BOULEVARD SAINT MARCEL;48,838654;2,357837
202300024627;11;9;2023;14:05;1;75;75119;2;4;1;6;QUAI DE L OISE;48,890509;2,383128
202300024628;14;11;2023;15:35;1;2A;2A004;1;1;1;4;T20;41,94156;8,80773
202300024629;19;12;2023;18:00;5;72;72003;2;1;2;7;PAQUERETTES (RUE DES);47,97228;0,15871
202300024630;11;9;2023;09:00;1;75;75119;2;1;1;1;BOULEVARD MACDONALD;48,898859;2,378122
202300024631;11;9;2023;13:00;1;75;75118;2;2;1;3;PORTE DE LA CHAPELLE;48,898699;2,359358
202300024632;13;11;2023;16:35;1;95;95680;2;1;2;6;D10;49,00754477;2,40146756
202300024633;19;12;2023;18:01;5;72;72181;1;1;3;5;LEFAUCHEUX PIERRE (BD);47,95477;0,17971
202300024634;11;9;2023;12:00;1;75;75118;2;4;1;2;RUE RAMEY;48,887075;2,347543
202300024635;16;10;2023;19:00;5;95;95019;2;6;2;6;D208;48,985616;2,423
202300024636;11;9;2023;14:20;1;75;75117;2;1;1;1;BOULEVARD DU FORT DE VAUX;48,8927777;2,301732
202300024637;19;12;2023;13:40;1;72;72181;2;1;1;1;MESSIAEN OLIVIER (AV) IMPAIRS;48,01637;0,1472
202300024638;14;11;2023;07:19;5;91;91216;2;1;8;1;MONTAGNE (RUE);48,66719;2,31314
202300024639;11;9;2023;10:15;1;75;75116;2;2;1;6;AVENUE VICTOR HUGO;48,872972;2,293131
202300024640;19;12;2023;20:25;5;69;69275;2;1;1;2;Rue Elisée Reclus;45,74807;4,93773
202300024641;13;11;2023;19:45;4;91;91027;2;1;9;6;AV JEAN PIERRE BENARD;48,7121;2,38
202300024642;11;9;2023;17:31;1;75;75115;2;1;1;3;BOULEVARD LEFEBVRE;48,829227;2,298068
202300024643;10;9;2023;00:10;5;75;75115;2;1;1;6;PORT DE GRENELLE;48,851724;2,284339
202300024644;14;11;2023;14:20;1;91;91479;2;1;2;6;AV PAUL VAILLANT COUTURIER;48,71298;2,36487
202300024645;14;12;2023;15:30;1;69;69276;1;6;2;6;Route de Lyon;45,68716528;4,86128717
202300024646;12;11;2023;09:50;1;91;91174;2;1;2;6;BD GEORGES MICHEL;48,6078;2,47087
202300024647;18;12;2023;16:45;1;64;64483;2;1;1;6;LARRAMENDY PIERRE (AVENUE);43,38377;-1,65385
202300024648;11;9;2023;16:00;1;75;75113;2;2;1;2;BOULEVARD AUGUSTE BLANQUI;48,831198;2,354354
202300024649;11;9;2023;08:15;1;75;75109;2;1;1;7;RUE BLANCHE;48,879372;2,331427
202300024650;19;12;2023;19:35;5;64;64335;2;9;1;2;SANTOS-DUMONT;43,31966716;-0,42389631
202300024651;10;9;2023;23:45;5;75;75109;2;3;1;6;BOULEVARD MONTMARTRE;48,871482;2,34308
202300024652;14;11;2023;09:45;1;91;91433;1;6;2;5;R.D.20;48,45767;2,17679
202300024653;18;12;2023;19:10;5;64;64102;2;1;1;7;SOULT (AVENUE MARECHAL);43,486;-1,49009
202300024654;20;10;2023;12:17;1;87;87085;2;1;1;7;PETITES CARMES (BOULEVARD DES);45,83055;1,27185
202300024655;11;9;2023;18:41;1;75;75107;2;1;1;3;AVENUE DE SUFFREN;48,855235;2,294549
202300024656;18;12;2023;07:10;5;62;62041;2;1;1;6;Avenue Paul Michonneau;50,2949;2,78284
202300024657;18;10;2023;05:17;3;87;87114;1;1;1;6;RD941 (OUEST);45,84321;1,33614
202300024658;11;9;2023;16:50;1;75;75101;2;1;1;3;RUE JEAN JACQUES ROUSSEAU;48,864391;2,344157
202300024659;19;12;2023;08:10;3;59;59599;2;1;1;6;REPUBLIQUE (PLACE DE LA);50,721689;3,158792
202300024660;14;10;2023;04:55;5;87;87085;2;1;1;6;MAUVENDIERE (RUE DE LA);45,83201;1,25087
202300024661;11;9;2023;12:35;1;75;75101;2;2;1;2;AVENUE DE L OPERA;48,863943;2,335199
202300024662;2;10;2023;12:19;1;87;87085;2;1;1;7;COUTURES (AVENUE DES);45,8359;1,26952
202300024663;19;12;2023;08:40;2;59;59350;2;3;8;3;FAUBOURG D'ARRAS RUE;50,61318;3,06245
202300024664;11;9;2023;16:00;1;94;94081;2;2;1;6;Rue Julian Grimau;48,78158;2,37255
202300024665;13;11;2023;15:27;1;87;87085;2;2;2;3;MAS-BOUYOL  (CITE ET BOULEVARD DU);45,82747;1,22635
202300024666;17;12;2023;07:35;5;57;57227;2;6;1;1;SAINTE CROIX (RUE DU FAUBOURG);49,184096;6,911663
202300024667;11;9;2023;17:05;1;94;94041;2;9;1;3;Boulevard de Stalingrad;48,80688;2,37502
202300024668;13;11;2023;07:59;2;87;87085;1;1;2;4;AUTOROUTE A20;45,82322;1,28689
202300024669;19;12;2023;17:55;5;56;56083;2;6;2;6;BRUANT ( AV. ARISTIDE );47,80004;-3,26004
202300024670;10;9;2023;05:20;5;94;94028;2;9;1;1;Route de Choisy;48,77587;2,44037
202300024671;13;11;2023;17:13;2;86;86194;2;1;2;6;Avenue du Plateau des Glières;46,608375;0,319912
202300024672;11;9;2023;17:30;1;93;93072;2;2;1;3;Boulevard Maxime Gorki / Avenue de Stalingrad;48,94976;2,38599
202300024673;18;12;2023;19:44;5;54;54395;2;1;1;3;Rue de l'Armée Patton;48,69069569;6,17120504
202300024674;13;11;2023;19:15;2;84;84007;2;1;1;3;DALADIER (Pont);43,95079;4,80222
202300024675;18;8;2023;00:15;5;93;93070;2;1;1;2;Quai de Seine;48,91670273;2,32610534
202300024676;18;12;2023;11:30;1;54;54578;2;3;1;6;Boulevard Saint Bernard;48,65833806;6,11113697
202300024677;12;11;2023;19:00;5;84;84007;2;1;1;2;TARASCON ( Avenue de);43,92618;4,80947
202300024678;7;9;2023;18:19;1;93;93053;2;7;7;3;Rue Jean Jaurès / Rue de Brément;48,89019;2,45311
202300024679;11;9;2023;17:45;1;93;93051;2;3;1;6;Rue Jules Ferry / Rue des Hauts Roseaux;48,84782;2,5765
202300024680;12;11;2023;10:37;1;84;84007;2;6;1;3;PIERRE SEMARD (avenue);43,93933;4,82126
202300024681;18;12;2023;15:40;1;54;54575;2;3;1;1;D26B;49,47185;5,833913
202300024682;11;9;2023;10:30;1;93;93077;2;2;1;3;Boulevard Carnot / Avenue Detouche;48,88713;2,51677
202300024683;19;12;2023;02:00;5;51;51454;2;1;1;7;VAL CLAIR (RUE);49,22229;4,10811
202300024684;14;11;2023;08:20;1;84;84007;2;4;1;6;C.De GAULLE (Rocade);43,9455;4,83612
202300024685;10;9;2023;02:45;4;92;92022;2;1;1;1;SALENGRO (AVENUE ROGER);48,80681;2,18552
202300024686;17;12;2023;19:10;5;50;50129;2;6;1;6;RUE DES RIVIERES;49,66134;-1,68161
202300024687;5;11;2023;01:30;5;83;83069;2;2;1;7;AEROPORT (AVENUE DE L');43,09515233;6,13666579
202300024688;11;9;2023;18:15;1;92;92050;2;3;1;1;LENINE VLADIMIR ILITCH AVENUE;48,8882789;2,19340235
202300024689;19;12;2023;08:00;2;49;49007;2;1;1;3;PATTON AVENUE;47,4731;-0,60237
202300024690;5;9;2023;21:20;5;92;92036;2;3;1;6;LAURENT CELY (AVENUE) (2/152);48,91741984;2,30752273
202300024691;18;12;2023;07:15;5;49;49007;2;1;1;3;GAULLE BOULEVARD CHARLES DE;47,46975;-0,56164
202300024692;13;11;2023;17:45;5;83;83069;2;1;1;6;CORPS (AVENUE DU XVEME);43,1224;6,1422
202300024693;11;9;2023;19:55;1;92;92071;2;1;1;7;GENERAL LECLERC (AVENUE DU);48,77218;2,31231
202300024694;11;9;2023;14:10;1;92;92032;2;1;1;6;LOMBARD (AVENUE);48,7882564;2,29340851
202300024695;18;12;2023;08:17;2;49;49007;2;1;1;3;MILLOT BOULEVARD JACQUES;47,45301;-0,53857
202300024696;13;11;2023;17:18;1;83;83061;2;6;1;3;ROND-POINT DE L'EUROPE;43,44322;6,73923
202300024697;11;9;2023;13:10;1;92;92007;2;1;1;3;BRIAND (AVENUE ARISTIDE) N° 2 A 98;48,79622;2,32187
202300024698;18;12;2023;17:45;5;45;45169;2;1;1;3;12 Rue Pierre et Marie Curie;47,9007;1,8519
202300024699;9;11;2023;08:50;1;80;80021;2;3;1;3;RAPHAEL (RUE);49,91998;2,29124
202300024700;10;9;2023;10:46;1;92;92004;2;2;1;3;PONT D'ASNIERES;48,90489;2,28774
202300024701;19;12;2023;17:37;5;37;37122;2;1;2;6;JEAN JAURES;47,34853;0,66142
202300024702;14;11;2023;16:30;2;78;78624;2;1;2;6;GRANDE RUE DE PISSEFONTAINE;48,978708;2,013502
202300024703;12;9;2023;14:00;1;39;39393;1;2;1;3;N/A;46,783686;6,024638
202300024704;19;12;2023;18:15;5;35;35115;2;1;1;6;CHESNARDIERE (BD DE LA DU N°2 AU N°34);48,347183;-1,195815
202300024705;14;11;2023;13:30;1;77;77479;2;1;2;6;AV JEAN JAURES;48,87384;2,63792
202300024706;10;9;2023;17:00;1;74;74010;1;9;1;6;A41;45,895624;6,087102
202300024707;19;12;2023;08:53;1;34;34129;2;1;7;6;JARDINS DE MAGUELONNE (CHEMIN DES);43,55695;3,87572
202300024708;13;11;2023;12:13;1;77;77276;1;1;3;1;A 140;48,916357;2,875212
202300024709;21;8;2023;08:40;1;17;17152;1;3;1;3;RD 730;45,549978;-0,790608
202300024710;19;12;2023;19:35;5;33;33318;2;1;1;1;Rue du Plateau de Noès;44,80851;-0,64339
202300024711;13;11;2023;11:40;1;76;76351;2;3;2;6;GRAND HAMEAU (Avenue du );49,52061;0,11071
202300024712;11;9;2023;19:15;1;41;41234;1;1;3;1;La Coutussiere;47,554964;1,123663
202300024713;19;12;2023;18:50;5;33;33318;2;1;1;3;Esplanade des Antilles;44,79514;-0,61732
202300024714;13;11;2023;09:40;1;76;76351;2;2;2;1;BOIS AU COQ (AVENUE);49,5184;0,11668
202300024715;11;9;2023;21:00;3;42;42338;1;2;1;3;Route de Roanne;46,089841;4,116536
202300024716;19;12;2023;08:40;1;33;33281;2;3;1;5;Avenue du Chut;44,84888;-0,66402
202300024717;10;11;2023;22:39;5;76;76351;2;2;1;3;GENERAL SARRAIL;49,49588;0,11902
202300024718;11;9;2023;14:55;1;12;12033;2;1;1;4;Route d'Espalion;44,470691;2,729647
202300024719;19;12;2023;17:10;5;29;29039;2;1;2;6;13 Rue Lucien Vidie;47,893759;-3,915586
202300024720;9;11;2023;16:30;2;73;73011;1;1;2;5;R.N. 90 DE PT PIERRE DU ROY A C. DE TOUR;45,66117;6,41458
202300024721;11;9;2023;11:10;1;1;1209;2;1;1;1;D1206;46,11493;5,882698
202300024722;10;9;2023;22:45;5;67;67106;2;1;1;6;D929;48,756231;7,96321
202300024723;13;11;2023;11:35;1;72;72003;2;9;3;1;CHATELET (RUE DU);47,94631;0,14206
202300024724;22;6;2023;13:25;1;34;34270;1;1;3;2;RM612;43,559216;3,848991
202300024725;14;11;2023;18:40;5;69;69266;2;2;2;6;Avenue Roger Salengro;45,78159895;4,88661517
202300024726;10;9;2023;22:15;3;76;76361;1;1;1;6;route départementale 940;49,613032;0,155847
202300024727;19;12;2023;08:00;3;17;17415;1;1;8;1;CHERMIGNAC RUE DE;45,72609;-0,65235
202300024728;11;9;2023;17:30;1;2B;2B342;1;9;1;2;rt 10;41,939653;9,393332
202300024729;14;11;2023;17:50;5;69;69256;2;1;2;3;Route de Genas;45,74836704;4,92028606
202300024730;19;12;2023;08:50;1;15;15014;2;1;1;6;Avenue du Général Leclerc;44,91067;2,44444
202300024731;12;9;2023;15:00;1;33;33296;1;1;1;6;D17;44,822425;-0,042426
202300024732;14;11;2023;08:30;1;69;69290;2;6;2;6;Chemin du Charbonnier;45,69715;4,90224
202300024733;11;9;2023;17:56;1;81;81101;1;1;1;3;N88;43,99036;2,174456
202300024734;13;11;2023;22:30;5;69;69290;2;1;1;6;Rue de l'Industrie;45,68842024;4,93208368
202300024735;11;9;2023;18:30;1;71;71370;1;1;1;1;route de roche;46,56305;4,02039
202300024736;19;12;2023;04:50;5;13;13103;2;3;1;3;AVENUE FABRE -JULIEN;43,63954;5,10254
202300024737;13;11;2023;15:30;1;69;69290;2;1;8;3;Rue de l'Egalité;45,69177;4,94633
202300024738;11;9;2023;10:40;1;46;46086;1;1;1;6;Rue de Malastreges;44,963485;1,562977
202300024739;20;12;2023;01:05;5;13;13214;2;1;1;1;CAPITAINE GEZE (BOULEVARD);43,33124;5,37408
202300024740;12;9;2023;08:30;2;44;44116;2;1;1;6;29 Rue René Moritz;47,283443;-2,032433
202300024741;9;11;2023;17:30;2;69;69091;2;1;2;1;Chemin de la Forestière;45,59157378;4,73840557
202300024742;19;12;2023;14:30;1;13;13203;2;2;1;1;STRASBOURG (BOULEVARD);43,30904;5,37837
202300024743;13;11;2023;15:50;1;66;66136;2;1;1;6;Avenue du LANGUEDOC;42,72852;2,88833
202300024744;12;9;2023;12:00;1;29;29158;2;2;1;1;Rue du Menhir Couché;47,81972262;-4,35787618
202300024745;14;11;2023;10:00;1;63;63300;2;1;2;6;VIRLOGEUX (AVENUE);45,89032;3,11815
202300024746;19;12;2023;12:29;1;13;13211;2;1;1;6;RAOUL FOLLEREAU (AV);43,2939;5,4457
202300024747;10;9;2023;10:30;1;84;84017;1;2;1;3;Route de Flassan;44,116769;5,191909
202300024748;8;12;2023;19:00;5;12;12145;2;1;2;3;MERLE ALFRED;44,1017815;3,07510239
202300024749;13;11;2023;07:40;2;63;63300;1;9;1;3;RD227 / chemin des Pêchers;45,90778;3,09437
202300024750;12;9;2023;13:00;1;70;70056;2;4;1;3;Grande Rue;47,786356;6,011179
202300024751;19;12;2023;15:30;1;10;10387;2;1;1;7;TURENNE (RUE DE);48,29423;4,07262
202300024752;11;9;2023;18:20;1;70;70428;2;1;7;6;29 Rue Gustave Courtois;47,652936;6,123467
202300024753;14;11;2023;09:00;1;63;63113;2;3;1;1;PASTEUR (BD);45,77273;3,07832
202300024754;12;9;2023;14:50;1;58;58110;1;1;1;7;Hameau des Quatre Vents;47,179453;3,735472
202300024755;9;11;2023;11:00;1;62;62178;2;6;1;7;D841;50,49361;2,571742
202300024756;19;12;2023;16:00;1;6;6069;2;1;1;2;RIOU BLANQUET (TRAVERSE DE);43,6611999;6,924131