Num_Acc;jour;mois;an;hrmn;lum;dep;com;agg;int;atm;col;adr;lat;long
202300024757;9;9;2023;04:00;3;45;45272;1;1;1;6;D2020 PR 36 + 950;47,834614;1,916953
202300024758;13;11;2023;19:15;5;58;58194;2;1;2;1;SAINT GILDARD;46,99233;3,14942
202300024759;18;12;2023;12:00;1;5;5061;2;1;1;6;Bernard GIVAUDAN (Avenue) D900B;44,54166;6,06459
202300024760;11;9;2023;17:00;1;64;64555;2;1;1;3;D936, route des pyrénées;43,346887;-0,793537
202300024761;7;11;2023;01:15;4;58;58194;2;3;2;6;RIVAGE;46,9888;3,16327
202300024762;12;9;2023;01:30;3;64;64123;1;1;3;6;2435 Route de Saint-Palais;43,461022;-1,144351
202300024763;9;6;2023;14:00;1;73;73007;1;4;1;3;D72 / Route de la Muraz;45,562772;6,275285
202300024764;19;12;2023;16:30;2;3;3185;2;2;1;6;KENNEDY ( AVENUE JOHN );46,3281;2,60872
202300024765;8;9;2023;15:45;1;43;43163;1;1;1;7;D501;45,255585;4,40026
202300024766;14;11;2023;08:36;2;56;56083;2;1;2;6;Rue Nationale;47,80559;-3,27485
202300024767;10;9;2023;17:15;1;21;21500;1;1;1;6;Route de Marigny;47,50379;4,458711
202300024768;13;11;2023;18:40;5;56;56121;2;6;8;3;FAOUEDIC ( AVE DU );47,7478;-3,36494
202300024769;18;12;2023;15:00;1;2;2738;1;1;1;2;N/A;49,66396;3,26418
202300024770;8;9;2023;09:15;1;24;24133;1;4;7;1;La Meynardie (Château);45,548663;0,991441
202300024771;14;11;2023;18:50;5;54;54395;2;1;2;3;Rue Saint-Léon;48,68841;6,17341
202300024772;9;9;2023;15:40;1;85;85154;1;1;1;6;RD 949B;46,677098;-0,8591792
202300024773;13;11;2023;18:20;5;54;54547;2;1;3;6;Rue de Gembloux;48,6614;6,17866
202300024774;19;12;2023;11:26;1;75;75108;2;7;1;3;PLACE DE LA CONCORDE;48,866672;2,32202
202300024775;11;9;2023;13:30;1;85;85295;2;2;1;6;RD 753;46,98495;-1,228766
202300024776;19;12;2023;19:35;5;75;75106;2;1;2;3;RUE DE RENNES;48,845231;2,325217
202300024777;13;11;2023;17:45;4;54;54547;2;3;2;3;Avenue Jeanne d'Arc;48,66055;6,18582
202300024778;11;9;2023;23:15;3;85;85146;1;2;1;3;RD 86;46,9255125;-1,3137472
202300024779;10;9;2023;03:25;3;27;27267;1;1;1;3;route départementale 137;49,247582;0,672526
202300024780;19;12;2023;11:30;1;75;75120;2;2;1;6;RUE DE MENILMONTANT;48,868309;2,388191
202300024781;13;11;2023;15:00;1;54;54395;2;3;1;3;Boulevard Charlemagne;48,68259;6,1622
202300024782;12;9;2023;17:20;1;27;27057;1;2;1;3;RD  613 PK 034.234;49,059582;1,040761
202300024783;14;11;2023;18:15;5;53;53130;2;1;1;6;CARRES ( RUE DES GRANDS );48,07889;-0,7541
202300024784;19;12;2023;15:21;1;75;75119;2;2;1;2;RUE DE CRIMEE;48,895305;2,372052
202300024785;10;9;2023;14:40;1;30;30259;2;1;1;1;Route d’Uzes;44,108535;4,115914
202300024786;14;11;2023;08:00;2;51;51454;2;2;8;3;HOURLIER (RUE LEON);49,265166;4,028963
202300024787;19;12;2023;20:30;5;75;75118;2;2;2;6;AVENUE DE LA PORTE DE CLIGNANCOURT;48,900697;2,344205
202300024788;12;9;2023;07:40;1;88;88304;2;1;1;2;281 Av du Mal de Lattre de Tassigny;48,293287;6,131841
202300024789;29;8;2023;15:35;1;35;35210;1;1;1;7;RN12;48,14334;-1,7787
202300024790;14;11;2023;15:15;1;50;50218;2;6;2;1;VENDEENS (AV DES);48,8327;-1,57352
202300024791;18;12;2023;22:28;5;75;75116;2;7;1;1;AVENUE DE VERSAILLES;48,847416;2,273731
202300024792;14;11;2023;17:10;1;49;49328;2;1;1;1;ROMANS (RUE DES);47,24522;-0,10716
202300024793;11;9;2023;19:00;1;82;82037;1;1;1;5;A20;44,144615;1,504183
202300024794;19;12;2023;12:35;1;75;75115;2;1;1;5;RUE DE LA CROIX NIVERT;48,840469;2,290751
202300024795;13;11;2023;19:15;5;49;49007;2;1;1;3;AYRAULT;47,47739;-0,55324
202300024796;11;9;2023;12:30;1;69;69173;1;1;1;3;Autoroute 89;45,872594;4,549163
202300024797;14;11;2023;19:00;5;45;45234;2;1;1;6;Avenue de l'Hôpital;47,83486;1,9182
202300024798;11;9;2023;22:40;3;33;33343;1;1;3;7;A62;44,579204;-0,330065
202300024799;19;12;2023;12:05;1;75;75115;2;3;1;3;RUE LINOIS;48,848528;2,282858
202300024800;13;11;2023;17:50;2;45;45075;2;1;3;6;D2152 PR 78 + 294;47,88798;1,8326
202300024801;11;9;2023;17:40;1;11;11398;1;1;8;7;N/A;42,92228;2,934701
202300024802;18;12;2023;09:00;1;75;75114;2;2;8;6;AVENUE REILLE;48,824224;2,336078
202300024803;9;11;2023;09:30;1;42;42218;2;2;3;6;Rue des Passementiers;45,42151;4,39742
202300024804;9;9;2023;12:10;1;29;29233;1;3;1;5;Rue Rene Gasnier de Fresne;47,861182;-3,578979
202300024805;18;12;2023;13:00;1;75;75113;2;5;1;6;RUE BOBILLOT;48,828136;2,352779
202300024806;31;10;2023;18:30;5;42;42218;2;1;1;3;Boulevard Alfred de Musset;45,44238;4,37911
202300024807;11;9;2023;09:35;1;77;77183;2;1;1;3;87 Rue de Condé;48,944066;3,128899
202300024808;19;12;2023;00:20;5;75;75112;2;4;1;6;BOULEVARD DE BERCY;48,840267;2,380588
202300024809;14;11;2023;18:35;3;41;41018;2;1;6;2;RD 957;47,61359;1,33512
202300024810;10;9;2023;06:00;2;78;78531;1;9;1;4;A13 PK54 Sens Paris/Province;49,0018889;1,6076846
202300024811;14;11;2023;13:15;1;41;41018;2;1;1;1;RIFFAULT (RUE EUGENE);47,59187;1,34274
202300024812;18;12;2023;17:05;5;94;94046;2;2;8;2;Rue de Gravelle;48,811;2,452
202300024813;9;9;2023;05:55;3;84;84150;1;1;1;6;D976;44,332214;4,947313
202300024814;19;12;2023;16:00;1;94;94065;1;1;1;6;Rue du Lion;48,74171742;2,3560566
202300024815;14;11;2023;13:40;1;41;41018;2;9;8;1;GENTIL (BOULEVARD RENE);47,5792;1,35023
202300024816;10;9;2023;21:20;3;83;83107;1;1;1;6;D7;43,41338927;6,70332527
202300024817;12;9;2023;08:05;1;38;38158;1;1;1;3;avenue des maquis de l'oisans;45,148163;5,760033
202300024818;11;11;2023;09:50;1;41;41295;1;1;2;1;D951;47,60516;1,3767
202300024819;14;11;2023;18:31;5;38;38563;1;6;3;6;D1076;45,35002;5,56871
202300024820;11;9;2023;16:30;1;86;86294;2;2;1;3;Place Francois Albert;46,638956;0,165511
202300024821;14;11;2023;10:10;1;37;37214;2;1;2;6;RD 37;47,39404525;0,64710313
202300024822;19;12;2023;08:50;1;94;94028;2;9;1;3;Route de la Pompadour;48,772965;2,444783
202300024823;12;9;2023;06:45;5;33;33056;2;1;8;1;Rue Jean Duvert;44,918739;-0,612842
202300024824;11;9;2023;20:30;2;14;14328;2;1;1;6;30 Rue de Verdun;49,221718;-0,245025
202300024825;19;12;2023;22:26;5;94;94077;2;1;2;6;Voie de Seine;48,74168;2,42935
202300024826;14;11;2023;14:30;1;35;35238;2;5;1;6;PATTON (AVENUE DU GENERAL SIR GEORGES);48,13845;-1,65862
202300024827;11;9;2023;19:50;2;60;60015;2;6;1;7;Rue Roger Salengro;49,3255;2,32547
202300024828;19;12;2023;19:15;5;94;94017;2;1;3;6;Avenue Maurice Thorez;48,81630826;2,53857534
202300024829;14;11;2023;11:20;1;35;35238;2;1;2;6;LOUIS D'OR ( DU);48,11317;-1,68578
202300024830;11;9;2023;16:45;1;80;80393;1;2;1;2;D1017;49,730249;2,805011
202300024831;19;12;2023;15:25;1;93;93055;2;2;1;6;Avenue Édouard Vaillant / Impasse d’Aubervilliers;48,90276;2,39282
202300024832;12;9;2023;13:55;1;59;59214;1;2;1;3;D956;50,300302;3,055717
202300024833;14;11;2023;11:15;1;35;35051;1;1;2;2;LAVIAUX (LIEU-DIT);48,1125;-1,58246
202300024834;9;9;2023;20:20;2;59;59285;2;1;1;1;D955;50,270732;3,408444
202300024835;19;12;2023;01:30;3;93;93074;2;9;1;7;Rue de Sevran;48,934178;2,562202
202300024836;13;11;2023;22:00;3;35;35055;1;1;1;6;RD 463;48,075262;-1,581601
202300024837;11;9;2023;13:45;1;59;59034;2;1;1;3;Rue du Croquet;50,522919;3,087091
202300024838;19;12;2023;13:00;1;93;93005;2;1;1;3;Chemin du Moulin de la Ville;48,950489;2,495734
202300024839;14;11;2023;12:15;1;35;35115;2;1;2;2;CHESNARDIERE (BD DE LA DU N°2 AU N°34);48,34842;-1,19541
202300024840;11;9;2023;13:50;1;83;83126;1;1;1;2;A50;43,11955;5,86093
202300024841;19;12;2023;08:45;1;92;92046;2;1;8;6;PIERRE BROSSOLETTE;48,8182168;2,30856478
202300024842;14;11;2023;11:40;1;34;34172;2;1;1;3;VANIERES (AVENUE DE);43,59648;3,8452
202300024843;11;9;2023;15:40;1;33;33065;1;1;1;3;ROUTE NATIONALE 230;44,82867;-0,50341
202300024844;13;11;2023;23:30;5;34;34172;2;1;1;7;MALBOSC (RUE DE);43,62693;3,83143
202300024845;11;9;2023;19:00;1;94;94003;1;1;1;3;A6A;48,80831322;2,34031176
202300024846;19;12;2023;19:50;5;92;92050;2;1;2;3;BOULEVARD DE LA DEFENSE;48,90685;2,21226
202300024847;14;11;2023;20:05;5;33;33281;2;2;8;3;Avenue de Foncastel;44,83461;-0,63724
202300024848;11;9;2023;18:15;1;91;91235;1;1;1;2;RN 104;48,62486;2,36368
202300024849;19;12;2023;18:25;5;92;92050;2;1;2;6;ARAGO FRANCOIS AVENUE;48,90080852;2,22457767
202300024850;11;9;2023;03:57;3;92;92019;1;1;1;6;RN 385;48,75993977;2,27329095
202300024851;14;11;2023;19:02;2;33;33281;2;6;2;3;Avenue de Bourranville;44,84340713;-0,63200891
202300024852;19;12;2023;18:00;5;92;92044;2;1;2;7;BINEAU (BOULEVARD);48,88658872;2,28413254
202300024853;10;9;2023;21:15;5;92;92064;2;1;1;6;A13;48,83936013;2,21689418
202300024854;18;12;2023;19:40;5;92;92044;2;1;1;2;CHARLES PASQUA(QUAI) 2 A 30;48,90067;2,28398
202300024855;14;11;2023;08:22;1;33;33063;2;3;2;3;Cours Victor Hugo;44,835;-0,57203
202300024856;10;9;2023;18:35;1;78;78545;1;1;1;7;A12 W;48,808429;2,053935
202300024857;10;9;2023;14:25;1;92;92026;1;1;1;7;A14;48,88749184;2,25218368
202300024858;14;11;2023;10:00;1;33;33529;2;1;1;3;MARIOLAN (CH. DE);44,647369;-1,156134
202300024859;19;12;2023;08:45;1;92;92040;2;3;1;3;GALLIENI (BOULEVARD);48,82463897;2,26782471
202300024860;10;9;2023;11:10;1;92;92064;1;1;7;3;A13;48,83956984;2,2130155
202300024861;19;12;2023;16:50;5;92;92026;2;2;2;2;JULES FERRY ( RUE );48,89876053;2,26241648
202300024862;13;11;2023;22:20;5;29;29019;2;6;1;3;place Albert Premier;48,398138;-4,489019
202300024863;11;9;2023;11:15;1;93;93005;1;1;1;3;AUTOROUTE A3;48,96878607;2,48061025
202300024864;13;12;2023;20:20;5;92;92025;2;1;1;6;CHARLES DE GAULLE (BD);48,9142663;2,22913519
202300024865;13;11;2023;07:40;5;29;29019;2;8;3;3;rue Dupuy de Lome;48,388969;-4,514887
202300024866;11;9;2023;08:50;1;95;95252;1;1;1;3;A15;48,98829419;2,20429427
202300024867;19;12;2023;17:55;5;92;92019;2;2;2;6;DIVISION LECLERC (AVENUE DE LA);48,76275368;2,27988929
202300024868;11;9;2023;05:30;3;93;93001;1;1;1;3;AUTOROUTE A86;48,92155225;2,36732304
202300024869;4;7;2023;18:45;1;74;74134;1;1;1;1;D902;46,142214;6,642759
202300024870;19;12;2023;11:40;1;92;92012;2;3;8;3;JEAN JAURES (BOULEVARD) 63/215 - 70/208;48,83531166;2,24256098
202300024871;30;6;2023;19:20;1;74;74164;1;1;2;6;N/A;46,113468;6,502447
202300024872;14;11;2023;13:15;1;26;26198;1;1;1;1;Route de Sauzet;44,56309;4,76434
202300024873;19;12;2023;09:40;1;92;92012;2;9;8;3;JEAN JAURES (BOULEVARD) 63/215 - 70/208;48,83465518;2,24294454
202300024874;28;6;2023;17:54;1;74;74010;1;1;1;7;Route de cuvat;45,959601;6,118473
202300024875;14;11;2023;10:00;1;25;25462;2;1;2;1;ROCADE G.POMPIDOU (DU 25 A LA FIN);46,90223;6,32967
202300024876;18;12;2023;16:42;1;92;92007;2;3;1;7;PICHETS (RUE DES);48,78860335;2,30452806
202300024877;28;6;2023;12:30;1;74;74264;1;4;1;3;D1205;46,062817;6,544708
202300024878;14;11;2023;19:20;5;25;25056;2;1;2;1;GRAY ROUTE DE;47,244601;5,993433
202300024879;27;6;2023;19:15;1;74;74042;2;3;1;6;Quai du bargy_;46,075501;6,412786
202300024880;18;12;2023;20:50;5;92;92004;2;2;1;3;GAMBETTA (RUE);48,90973386;2,2928457
202300024881;14;11;2023;11:45;1;25;25056;2;3;2;3;MONTRAPON AVENUE DE;47,24615;6,00916
202300024882;27;6;2023;07:10;1;74;74042;2;1;1;3;587 Avenue des glières;46,073446;6,401301
202300024883;19;12;2023;16:50;5;92;92014;2;1;1;6;GENERAL LECLERC (AV.) (57 A 135 - 50 A 1;48,78220264;2,3164916
202300024884;19;12;2023;17:15;3;50;50565;2;1;2;6;19 Grande Rue;48,75355;-1,45814
202300024885;25;6;2023;19:25;1;74;74140;1;4;1;3;Route du Col;46,266639;6,462777
202300024886;13;11;2023;17:46;5;17;17333;2;2;2;3;JAURES (AVENUE);45,61306;-0,99427
202300024887;24;6;2023;19:30;1;74;74264;2;1;1;6;914, RUE DU CROZET;46,066561;6,538662
202300024888;9;11;2023;18:25;3;17;17306;2;9;2;3;HEDDE (AVENUE DANIEL);45,63186;-1,03194
202300024889;16;12;2023;21:30;5;68;68112;2;2;1;3;Route d'Issenheim;47,903627;7,221998
202300024890;19;6;2023;08:30;1;74;74234;1;3;1;3;D1508;45,757967;6,315382
202300024891;19;10;2023;07:12;5;30;30032;2;6;1;6;RD PT DES FONTETES;43,80708;4,63822
202300024892;19;12;2023;17:25;3;95;95134;1;1;2;4;D301;49,13593271;2,2548312
202300024893;18;6;2023;17:05;1;74;74094;2;1;1;6;413 Route de montagny;46,178103;6,296094
202300024894;24;6;2023;17:00;1;74;74212;1;1;1;7;D12;45,940422;6,402079
202300024895;20;12;2023;16:35;1;31;31575;1;1;2;6;Fourbet;43,52331956;1,42628342
202300024896;14;11;2023;20:00;5;13;13215;2;2;1;1;LE CHATELIER;43,34631;5,36612
202300024897;17;6;2023;14:30;1;74;74188;1;1;1;7;Route du lac;46,207339;6,716487
202300024898;17;6;2023;11:53;1;74;74136;1;1;1;1;Route de la colombière;45,9762;6,465095
202300024899;19;12;2023;15:45;1;972;97214;1;3;1;2;chemin bon repos;14,843973;-61,083272
202300024900;12;6;2023;18:18;1;74;74094;2;1;1;6;route des fontaines_;46,186664;6,283064
202300024901;14;11;2023;18:15;5;13;13210;2;1;1;6;MAURIAC (RUE);43,27274;5,42083
202300024902;12;6;2023;10:40;1;74;74147;2;9;1;3;Route du bout du lac_;45,791445;6,213316
202300024903;19;12;2023;15:10;1;972;97210;1;1;1;3;quartier vapeur;14,625232;-60,913873
202300024904;7;6;2023;20:30;2;74;74213;1;1;8;3;N/A;45,915042;6,082306
202300024905;5;6;2023;15:37;1;74;74043;2;1;1;2;665 Avenue du saleve;46,260587;6,349357
202300024906;14;12;2023;16:55;3;62;62307;1;1;2;1;D243;50,91513949;1,7364349
202300024907;4;6;2023;16:50;1;74;74250;1;1;1;2;autoroute A40;46,08079092;6,37457281
202300024908;13;12;2023;19:30;5;62;62261;2;1;2;6;D940;50,485917;1,623506
202300024909;29;5;2023;18:30;1;74;74238;1;1;1;7;D902;46,247271;6,636407
202300024910;29;4;2023;16:12;1;10;10081;1;1;1;6;ROCADE EST (RD 610);48,3296;4,04813
202300024911;19;12;2023;21:50;3;85;85153;1;1;2;6;la Bonnière;46,792112;-1,101468
202300024912;9;9;2023;07:00;1;974;97416;1;1;1;6;RN1;-21,30533;55,42898
202300024913;9;9;2023;19:35;5;972;97213;1;1;1;5;AUTOROUTE A1;14,61768;-61,0178
202300024914;19;12;2023;17:00;5;67;67194;2;2;2;6;Rue de la Haute Vienne;48,732764;7,90683
202300024915;9;9;2023;21:30;3;972;97209;1;1;1;6;REDOUTE (ROUTE DE LA);14,6352;-61,05544
202300024916;9;9;2023;17:00;1;972;97209;2;1;1;3;SALVADOR ALLENDE (AVENUE);14,61036;-61,04822
202300024917;10;9;2023;09:15;1;69;69384;2;1;1;2;Cours d'Herbouville;45,77390393;4,83843045
202300024918;10;9;2023;16:50;1;2B;2B033;2;1;1;6;TOUTES RUES;42,675312;9,437305
202300024919;19;12;2023;11:15;1;71;71240;1;1;8;2;RD 980;46,410745;4,658504
202300024920;10;9;2023;09:45;1;971;97101;1;1;1;7;RN1-  HAUTEUR DE SORTIE LAURICISQUE;16,25346;-61,53443
202300024921;10;9;2023;15:30;1;88;88429;1;1;7;7;Rue du Sous Froid;48,06745708;6,59732401
202300024922;20;12;2023;10:10;1;42;42128;1;1;2;3;N7;45,938905;4,29456
202300024923;8;9;2023;09:50;1;84;84035;1;1;1;3;BANON (ROUTE DE);43,88329;4,99745
202300024924;19;12;2023;16:25;1;47;47251;1;1;8;7;lieu dit Maillas;44,298621;0,257986
202300024925;19;12;2023;23:30;3;34;34281;1;1;1;6;D2;43,535218;3,561952
202300024926;10;9;2023;02:35;3;77;77186;1;1;1;2;RD606. de la rochette à l'obélisque;48,43969;2,69042
202300024927;9;9;2023;19:50;1;77;77131;2;3;1;3;DAVENE (RUE);48,81106;3,0778
202300024928;19;12;2023;14:35;1;25;25287;1;3;1;3;D12;47,187846;5,887417
202300024929;10;9;2023;17:00;1;69;69266;2;4;1;4;Rue du 4 Août 1789;45,76607;4,90163
202300024930;19;12;2023;13:55;1;25;25021;2;3;1;1;35 Grande Rue;47,031711;5,778637
202300024931;9;9;2023;18:50;1;63;63300;2;3;1;3;Rue de la Varenne / rue du Creux;45,88817;3,12113
202300024932;10;9;2023;13:00;1;63;63032;2;9;1;3;MONT-DORE (AVENUE DU);45,74972;3,07917
202300024933;19;12;2023;15:15;1;35;35142;2;4;1;6;Avenue Victor Hugo;48,415165;-1,151837
202300024934;8;9;2023;16:25;1;61;61006;1;3;1;2;D958;48,70917;-0,00409
202300024935;20;12;2023;07:45;2;84;84041;1;1;1;1;Route de Crillon à Bédoin;44,104013;5,156643
202300024936;9;9;2023;13:00;1;61;61397;2;1;1;6;Voie Communale;48,423243;0,080983
202300024937;20;12;2023;17:45;5;72;72262;2;1;2;6;Rue Principale;47,76091035;0,653826
202300024938;9;9;2023;09:00;1;60;60057;2;2;1;3;Rue Jean Minasse;49,42149;2,07647
202300024939;10;9;2023;18:30;1;59;59507;2;2;1;3;JAURES JEAN AVENUE.;50,60175;3,07905
202300024940;19;12;2023;17:50;3;14;14468;1;1;2;3;Route des Potiers;49,233443;-0,766811
202300024941;9;9;2023;17:20;1;57;57672;2;1;1;2;ROMAINS (ROUTE DES);49,3579;6,13714
202300024942;9;9;2023;07:05;1;57;57672;1;1;1;6;ARLON (ROUTE DE);49,37757;6,09457
202300024943;19;12;2023;17:30;3;14;14610;1;1;2;5;Route de Verson;49,178582;-0,486349
202300024944;9;9;2023;17:30;1;56;56121;2;3;1;3;COSMAO-DUMANOIR ( BD );47,753532;-3,370216
202300024945;19;12;2023;17:55;3;64;64495;1;3;8;5;d918;43,34581;-1,540221
202300024946;4;9;2023;15:00;1;44;44055;2;1;1;3;26 Boulevard du Docteur René Dubois;47,28092;-2,38372
202300024947;16;12;2023;20:20;5;28;28052;2;1;8;7;5 Rue de Chateauneuf;48,56498;1,507756
202300024948;5;9;2023;16:45;1;35;35150;2;2;1;3;MOTELLE (BD DE LA);48,36207;-1,21984
202300024949;19;12;2023;11:25;1;17;17053;1;2;1;3;route departemenantle 124;45,896213;-0,783806
202300024950;10;9;2023;23:00;5;33;33281;2;6;1;6;Avenue de la Marne;44,83549262;-0,63491911
202300024951;19;12;2023;14:35;1;17;17346;1;1;1;7;D137;45,921349;-0,884292
202300024952;10;9;2023;19:45;1;33;33281;2;1;1;4;Avenue François Mitterrand;44,81813574;-0,66728264
202300024953;1;12;2023;15:55;1;37;37050;2;1;8;6;Rue Philippe Maupas;47,337667;0,697605
202300024954;20;12;2023;07:30;5;44;44207;1;3;1;3;intersection D24/D26;47,474113;-1,372561
202300024955;18;12;2023;12:30;1;83;83116;1;1;1;2;autoroute A8;43,460872;5,86346333
202300024956;20;12;2023;13:50;1;29;29005;1;1;2;2;Beg Saint Ouarneau;47,84847512;-3,62487573
202300024957;19;12;2023;19:30;5;95;95039;2;1;2;6;48 GENERAL DE GAULLE (RUE DU);49,07060465;2,17168808
202300024958;19;12;2023;11:20;1;34;34145;2;1;1;6;Quai Voltaire;43,674627;4,132115
202300024959;20;12;2023;13:40;1;73;73179;2;4;1;6;Rue de la tessonnière;45,593587;5,864961
202300024960;20;12;2023;10:55;1;38;38317;1;1;2;5;N85;45,10996;5,699276
202300024961;18;12;2023;16:30;1;35;35240;1;1;1;1;RD288;48,108552;-1,77596
202300024962;20;12;2023;11:15;1;60;60612;2;1;1;6;Cours Thore Montmorency;49,206571;2,58938
202300024963;19;12;2023;13:40;1;60;60115;1;1;8;6;Rue de Crèvecoeur;49,463564;2,316468
202300024964;20;12;2023;12:45;1;59;59626;2;1;1;1;Route d'orsinval;50,284793;3,614186
202300024965;18;12;2023;19:15;5;13;13212;1;1;1;4;A507 sens Aubagne- Marseille;43,30955;5,42488
202300024966;18;12;2023;09:55;1;13;13085;1;1;1;2;A50-Sens Aubagne vers Toulon;43,2515;5,59554
202300024967;17;12;2023;04:00;3;42;42218;1;1;8;6;N88;45,433556;4,423245
202300024968;19;12;2023;19:30;5;33;33063;1;1;1;4;ROCADE A 630;44,88069728;-0,54105374
202300024969;19;12;2023;11:10;1;33;33167;1;1;1;4;ROUTE NATIONALE 230;44,82143083;-0,5173552
202300024970;19;12;2023;18:38;3;94;94021;1;1;2;4;A6A;48,76021232;2,33864852
202300024971;19;12;2023;17:45;3;91;91477;1;1;2;5;AUTOROUTE A10;48,71658;2,2634
202300024972;19;12;2023;11:35;1;92;92050;1;1;1;6;A14;48,90030972;2,20819115
202300024973;19;12;2023;08:23;1;78;78322;1;1;1;7;RN12;48,787167;2,148295
202300024974;19;12;2023;09:00;1;78;78158;1;1;8;3;A13;48,83151;2,14454
202300024975;18;12;2023;12:00;1;92;92064;1;1;1;3;A13;48,83831683;2,19175147
202300024976;18;12;2023;07:00;3;92;92025;1;1;1;4;A86;48,92755851;2,23725934
202300024977;19;12;2023;05:20;3;95;95527;1;1;1;4;A1;49,00223641;2,52363934
202300024978;18;12;2023;19:10;3;93;93066;1;1;1;2;AUTOROUTE A86;48,92272104;2,34559178
202300024979;19;12;2023;10:00;1;94;94052;1;1;1;7;A86;48,84027522;2,49328165
202300024980;18;12;2023;21:00;3;77;77373;1;1;1;2;RN104;48,79777024;2,62301428
202300024981;31;7;2023;07:30;1;86;86019;1;1;1;2;N/A;46,73868;0,412158
202300024982;19;7;2023;21:27;2;88;88253;2;9;1;6;43 Rue du Saut-le-cerf;48,199539;6,480651
202300024983;17;7;2023;16:55;1;88;88075;2;1;1;2;Rue du Hohneck_;48,001574;6,914772
202300024984;21;6;2023;13:10;1;88;88484;1;1;1;3;1 Devant la Goule_;48,086628;6,335018
202300024985;18;6;2023;20:10;1;88;88250;1;4;7;1;Route de Cheniménil;48,1141;6,568456
202300024986;25;5;2023;15:05;1;88;88516;1;3;1;3;D 229;48,194458;5,974867
202300024987;24;8;2023;10:35;1;9;9225;2;1;1;2;MIREPOIX ROUTE DE;43,10242;1,63204
202300024988;19;9;2023;07:50;1;9;9225;2;2;1;3;9° R.C.P. AVENUE DU;43,11481;1,6205
202300024989;10;9;2023;02:20;5;9;9225;2;1;1;1;MENESTRELS CHEMIN DES;43,11527504;1,62766233
202300024990;20;3;2023;09:30;1;14;14435;1;1;1;7;Route de la Boissière;49,11075987;0,13687849
202300024991;17;12;2023;20:35;4;974;97416;2;1;1;3;LIGNE PARADIS(ROUTE DE LA);-21,31151;55,47238
202300024992;18;12;2023;08:00;2;69;69383;2;2;8;3;Avenue Félix Faure;45,7529;4,85358
202300024993;17;12;2023;04:30;5;972;97209;2;1;2;6;BEAUSEJOUR JAMBETTE (ROUTE);14,61895;-61,03717
202300024994;18;12;2023;11:45;1;69;69389;2;1;1;3;25 Rue Joannès Carret;45,79245;4,81814
202300024995;18;12;2023;15:45;1;2B;2B033;2;1;1;2;TOUTES RUES;42,69256;9,451797
202300024996;18;12;2023;08:10;1;2B;2B033;2;9;7;3;CIMETIERE;42,69;9,45
202300024997;17;12;2023;18:50;3;971;97113;1;1;2;1;SECTION LEROUX;16,24138;-61,47596
202300024998;17;12;2023;18:00;3;971;97113;1;1;2;3;RN4 - SECTION RIVIERA;16,21229;-61,47571
202300024999;17;12;2023;17:45;5;971;97113;1;1;2;6;SECTION COCOYER;16,24138;-61,47596
202300025000;16;12;2023;16:45;1;971;97113;1;1;1;3;RN4 - SECTION RIVIERA;16,21785;-61,48605
202300025001;18;12;2023;11:19;1;2A;2A004;2;1;1;6;ALATA ROUTE;41,93472;8,73653
202300025002;18;12;2023;17:05;5;95;95323;2;1;1;6;D48E;49,01084;2,04671
202300025003;18;12;2023;08:01;2;91;91570;2;9;8;6;SAINT SAENS (RUE);48,63513;2,321
202300025004;18;12;2023;17:30;5;91;91161;2;3;1;6;RUE GAY LUSSAC;48,71023;2,29771
202300025005;16;12;2023;20:00;5;91;91657;2;2;1;3;RUE PIERRE SEMARD;48,69694;2,43595
202300025006;14;12;2023;19:05;5;91;91223;2;1;2;2;MAI 1945 (AVENUE DU 8);48,44078;2,15436
202300025007;18;12;2023;13:04;1;87;87085;1;1;1;7;CHATRADES (rue des);45,85247;1,17727
202300025008;18;12;2023;20:40;5;84;84080;2;1;1;6;LIBERATION AVENUE DE LA;44,03335;4,99816
202300025009;17;12;2023;02:00;5;84;84007;2;1;1;6;LYON (route de );43,95203;4,82813
202300025010;16;12;2023;13:50;1;80;80021;2;1;1;7;DEJEAN (RUE);49,89174;2,31258
202300025011;17;12;2023;15:00;1;78;78650;2;2;7;6;MONTESSON (ROUTE DE);48,90268;2,13693
202300025012;18;12;2023;19:24;5;78;78440;2;1;1;1;MARECHAL FOCH (AVENUE DU);48,98778;1,89669
202300025013;17;12;2023;17:50;5;76;76351;2;2;1;3;SPORTS;49,51379;0,12982
202300025014;18;12;2023;14:50;1;74;74012;2;3;5;6;ETREMBIERES (ROUTE D');46,184152;6,230761
202300025015;18;12;2023;12:00;1;72;72095;2;9;1;6;VIENNE (RUE DE);48,02434;0,20754
202300025016;18;12;2023;20:15;5;70;70388;2;3;1;6;RD457;47,61838;6,13486
202300025017;17;12;2023;11:30;1;69;69290;2;1;1;6;Route d'Heyrieux;45,68788;4,9426
202300025018;18;12;2023;13:00;1;67;67482;2;4;1;3;DUCS (RUE DES);48,59039;7,71589
202300025019;18;12;2023;06:30;2;67;67218;2;6;1;3;SEBASTIEN BRANT (RUE);48,52703;7,73429
202300025020;18;12;2023;08:40;1;64;64445;2;2;2;3;BAREGES DE;43,29424;-0,35901