Num_Acc;jour;mois;an;hrmn;lum;dep;com;agg;int;atm;col;adr;lat;long
202300025021;17;12;2023;23:20;5;64;64445;2;2;1;3;LIEGE DE;43,29883;-0,37491
202300025022;19;12;2023;17:30;4;62;62570;1;1;3;5;D50E2;50,38538;2,855
202300025023;18;12;2023;23:20;5;62;62498;2;1;1;6;Rue de Carency;50,42036459;2,82098088
202300025024;18;12;2023;06:45;5;61;61001;2;2;1;3;VC;48,42729;0,08945
202300025025;17;12;2023;13:30;1;59;59288;2;1;1;6;RUE DES ALOUETTES;50,314903;3,399871
202300025026;18;12;2023;09:00;2;59;59291;2;6;5;3;SAINT-PIERRE (PLACE);50,24967;3,92187
202300025027;14;12;2023;07:45;1;59;59009;2;1;2;2;RUE DE LA VOLONTE;50,60968046;3,13153388
202300025028;11;11;2023;08:15;3;59;59043;2;1;3;7;ABBE DEBACK (RUE DE L');50,71358809;2,68027735
202300025029;17;12;2023;14:45;1;54;54395;2;3;1;6;Rue Mazagran;48,68944;6,17624
202300025030;15;12;2023;19:30;5;49;49007;2;1;1;6;EPINARD ROUTE;47,4902;-0,5618
202300025031;18;12;2023;07:30;5;44;44184;2;1;1;6;30 Boulevard Albert 1er;47,26646;-2,2227
202300025032;13;12;2023;15:50;1;42;42187;2;1;2;-1;D207;46,03305;4,07884
202300025033;18;12;2023;07:35;2;37;37195;2;6;1;3;N/A;47,3866;0,65086
202300025034;18;12;2023;15:10;1;35;35278;1;1;1;6;RN 136;48,141233;-1,680019
202300025035;18;12;2023;05:00;5;34;34172;2;2;1;3;MOULINS (AVENUE DES;43,63359;3,84342
202300025036;17;12;2023;03:45;5;34;34172;2;4;1;1;MARES (AVENUE HENRI);43,62006;3,85116
202300025037;15;12;2023;13:55;1;34;34032;2;1;1;1;MOURRUT DOCTEUR (BD);43,34547;3,234
202300025038;18;12;2023;14:40;1;33;33063;2;1;5;2;Boulevard du Président Franklin Roosevelt;44,816;-0,5746
202300025039;18;12;2023;10:35;1;33;33063;2;3;1;3;Rue Borie;44,85334;-0,56722
202300025040;17;12;2023;00:30;5;33;33063;1;1;1;6;RUE RENE MAGNE;44,88877;-0,54326
202300025041;18;12;2023;12:55;1;27;27681;2;1;8;2;MAGNY (ROUTE DE);49,0984068;1,4935265
202300025042;13;12;2023;08:20;2;27;27299;2;1;2;3;BRIAND (AVENUE ARISTIDE);49,049718;1,1646099
202300025043;18;12;2023;09:55;1;25;25056;2;6;1;6;CAUSSES RUE DES;47,2175;5,9674
202300025044;18;12;2023;19:35;5;17;17333;1;6;1;7;EXPRESS (voie);45,61663;-0,98798
202300025045;18;12;2023;19:55;1;16;16166;1;2;1;3;REPUBLIQUE (AVENUE DE LA);45,66371;0,19495
202300025046;18;12;2023;15:25;1;13;13043;2;1;1;1;ALPES (RUE DES);43,38714;5,23913
202300025047;29;6;2023;19:40;1;44;44109;2;1;1;3;2 Boulevard Ernest Dalby;47,22835;-1,52635
202300025048;30;6;2023;19:40;1;35;35238;1;1;1;3;CHAMPS ROTIS (DES);48,13874;-1,71825
202300025049;30;6;2023;23:55;5;33;33063;2;3;2;3;Cours de la Somme;44,82486;-0,57249
202300025050;28;6;2023;00:20;5;31;31555;2;2;1;3;RTE D ALBI;43,64514;1,46946
202300025051;16;6;2023;18:25;1;31;31555;2;1;1;7;BD PIERRE PAUL RIQUET;43,60621;1,45602
202300025052;29;6;2023;11:25;1;29;29039;2;3;1;2;Rue de Kerose;47,873967;-3,902148
202300025053;30;6;2023;10:30;1;29;29019;2;1;1;4;avenue Maréchal Foch;48,393674;-4,488137
202300025054;28;6;2023;10:30;1;29;29019;2;1;2;3;place de Strasbourg;48,40224;-4,46672
202300025055;30;6;2023;15:45;1;27;27528;2;1;1;6;DE GAULLE (PLACE DU GENERAL);49,25631;1,2092
202300025056;30;6;2023;16:40;1;27;27229;2;3;1;3;MONOD (RUE JACQUES);49,028;1,17996
202300025057;30;6;2023;08:10;1;13;13001;1;1;8;1;ST CANADET (ROUTE) D.13;43,57904;5,4574
202300025058;30;6;2023;16:35;1;11;11069;2;2;1;6;HUGO VICTOR;43,21347;2,34938
202300025059;30;6;2023;12:10;1;6;6027;2;2;1;3;VIAL RUE DU CAPITAINE DE FREGATE;43,657755;7,168996
202300025060;30;6;2023;20:20;1;75;75112;2;1;1;3;PORTE DE VINCENNES;48,840464;2,413466
202300025061;15;6;2023;22:55;5;75;75113;2;1;1;7;PORTE D IVRY;48,820406;2,375444
202300025062;30;6;2023;19:35;1;75;75118;2;3;1;6;RUE VAUVENARGUES;48,89511;2,33181
202300025063;30;6;2023;19:00;1;75;75116;2;1;1;7;ROUTE DU CHAMP D ENTRAINEMENT;48,874288;2,245817
202300025064;30;6;2023;17:15;1;75;75116;2;1;1;3;AVENUE RAYMOND POINCARE;48,864182;2,28674
202300025065;29;6;2023;13:20;1;75;75116;2;1;1;3;AVENUE DE LA GRANDE ARMEE;48,876783;2,285583
202300025066;29;6;2023;19:55;1;75;75117;2;1;1;6;SOUTERRAIN MAILLOT;48,879878;2,282702
202300025067;23;6;2023;20:45;2;75;75116;2;2;1;6;RUE DE LA POMPE;48,85853;2,27497
202300025068;30;6;2023;15:11;1;75;75111;2;1;1;3;BOULEVARD VOLTAIRE;48,855005;2,384812
202300025069;30;6;2023;12:15;1;94;94068;2;1;1;3;Boulevard de Champigny;48,8079893;2,50912714
202300025070;30;6;2023;15:55;1;94;94059;2;2;1;3;Route de Combault;48,82276;2,55966
202300025071;30;6;2023;22:30;5;93;93055;2;3;1;3;Avenue Jean Lolive / Rue Charles Nodier;48,8908631;2,40144879
202300025072;30;6;2023;10:15;1;93;93051;2;6;1;3;Route de Neuilly / Boulevard du Mont d'Est;48,8431;2,54361
202300025073;30;6;2023;18:00;1;93;93031;2;1;1;6;Rue du 8 Mai 1945;48,955003;2,30139618
202300025074;30;6;2023;08:45;1;93;93029;2;3;1;3;Rue Jean Pierre Timbaud / Rue Cuvier;48,92365509;2,43976824
202300025075;30;6;2023;15:05;1;93;93071;2;1;1;3;Avenue Salvador Allende;48,94828912;2,52988867
202300025076;30;6;2023;18:55;1;92;92078;2;1;1;1;CHARLES DE GAULLE (BD) (4 AU 70);48,93738;2,32939
202300025077;26;6;2023;18:13;1;92;92049;2;3;1;6;GINOUX AV. HENRI N°1 A 95 ET 2 A 104;48,818;2,32224
202300025078;30;6;2023;14:15;1;92;92026;2;1;1;2;ANCRE;48,88929145;2,25182873
202300025079;29;6;2023;15:30;1;92;92012;2;1;1;4;ANATOLE FRANCE (BOULEVARD) 1/4BIS;48,8524;2,22829
202300025080;1;7;2023;13:40;1;2A;2A026;1;1;1;6;départementale 83;41,884947;9,028873
202300025081;29;6;2023;19:40;1;67;67362;1;1;1;6;D159;48,248722;7,357227
202300025082;1;7;2023;11:10;1;63;63048;1;1;2;7;D987;45,676906;2,567003
202300025083;1;7;2023;09:10;1;67;67548;2;6;1;3;D30;48,642834;7,601895
202300025084;30;6;2023;08:15;1;59;59499;2;1;1;6;Rue Jules Kinoo;50,940428;2,540589
202300025085;1;7;2023;01:29;3;30;30041;1;1;1;6;;43,95958;4,383154
202300025086;30;6;2023;13:00;1;21;21485;2;3;1;1;29 Route de Dijon;47,335994;4,983169
202300025087;30;6;2023;09:30;1;51;51211;1;1;1;1;Dommartin-Dampierre;49,071195;4,817124
202300025088;29;6;2023;17:29;1;79;79103;1;1;1;7;;46,785434;-0,59331
202300025089;30;6;2023;21:20;1;79;79210;1;1;2;7;;46,84315;-0,657903
202300025090;1;6;2023;14:00;1;2B;2B123;1;1;1;5;ROUTE DE BASTIA;42,055885;9,431736
202300025091;1;7;2023;01:25;4;71;71263;2;1;1;6;1555 route de montagny;46,642817;5,256918
202300025092;1;7;2023;16:45;1;71;71095;2;2;3;1;Route Départementale 985;46,260687;4,293192
202300025093;28;6;2023;05:15;4;71;71202;2;1;1;6;2 Rue du Clos l?Eveque;46,846428;4,75083
202300025094;30;6;2023;17:50;1;63;63352;1;2;1;3;RD 141 / Chemin;45,448939;3,230109
202300025095;1;7;2023;00:50;3;49;49200;1;6;2;7;D775;47,566928;-0,677408
202300025096;1;7;2023;10:30;1;42;42092;1;1;2;6;Route des Brossettes;45,500437;4,385583
202300025097;29;6;2023;19:00;1;41;41235;1;1;1;7;RD357;47,913991;0,833008
202300025098;29;6;2023;12:27;1;68;68259;1;9;1;7;D21b;47,456416;7,349167
202300025099;1;7;2023;13:15;1;25;25139;1;1;1;1;D48;47,020784;6,413196
202300025100;30;6;2023;16:25;1;44;44111;1;3;2;3;Route de Notre-Dame-des-Landes;47,363598;-1,673666
202300025101;30;6;2023;23:20;3;15;15021;1;1;1;6;RD 64;44,793874;2,270184
202300025102;30;6;2023;18:20;1;5;5176;1;1;1;6;D900B;44,470174;6,131916
202300025103;6;6;2023;19:00;1;83;83028;2;1;2;7;2807 route départementale 25;43,589659;6,535888
202300025104;29;6;2023;10:40;1;43;43244;1;1;1;1;Route de Charron;45,13072;4,293538
202300025105;1;7;2023;09:20;1;43;43230;2;1;1;6;RD251;45,14440284;3,91027484
202300025106;28;6;2023;18:45;1;87;87068;1;2;1;3;Carrefour D1 D63;46,1532;1,450195
202300025107;1;7;2023;10:10;1;30;30210;2;3;1;1;219 Route d'Anduze;43,913646;4,003637
202300025108;30;6;2023;16:40;1;30;30349;1;1;1;7;D6110;43,867796;4,098802
202300025109;1;7;2023;02:48;5;63;63164;1;9;1;6;A71;45,84141;3,160651
202300025110;28;6;2023;09:35;1;42;42276;1;1;1;6;Route de la Croix Trevingt;45,958712;3,756525
202300025111;29;6;2023;20:05;2;31;31037;1;1;3;2;A61 - pk 275.000;43,347901;1,816134
202300025112;30;6;2023;18:05;1;13;13086;1;1;1;3;A52 PK 17.000;43,333638;5,605259
202300025113;30;6;2023;14:15;1;17;17365;1;1;1;7;D910bis;45,236278;-0,197797
202300025114;28;6;2023;03:30;5;987;98712;2;1;1;3;RT2 au niveau de Min Chiu;-17,279;-149,542
202300025115;1;7;2023;05:00;2;988;98814;1;1;1;6;Tribu de Waihmeme;-20,87854;167,23471
202300025116;30;6;2023;18:50;1;34;34075;1;1;1;7;D10E1 PR 003+800;43,345904;2,709857
202300025117;27;6;2023;13:00;1;34;34240;1;3;1;1;2 rue rené salvador;43,618132;3,957315
202300025118;1;7;2023;13:00;1;13;13084;1;1;1;7;D67a;43,709548;5,290604
202300025119;1;7;2023;10:30;1;52;52449;1;1;2;6;D17;47,82181104;5,40053395
202300025120;30;6;2023;23:50;3;88;88242;1;1;1;7;D27;48,368941;5,824449
202300025121;30;6;2023;07:25;1;54;54596;1;1;1;1;D50;48,55811954;6,09709024
202300025122;30;6;2023;14:45;1;63;63470;1;1;1;3;RD 986;45,865031;3,015232
202300025123;30;6;2023;18:30;1;69;69062;1;1;1;6;Route de Grammond ;45,621622;4,442465
202300025124;27;6;2023;19:00;1;17;17393;1;1;1;3;Rue Malleville;45,71499;-0,864315
202300025125;28;6;2023;04:50;2;33;33366;1;2;1;1;RD 670;44,982437;-0,407739
202300025126;30;6;2023;20:30;1;85;85302;1;1;2;7;la rabotière;46,96651;-1,00238
202300025127;1;7;2023;15:50;1;14;14762;1;1;1;1;L'Oisonnière - Roullours;48,827195;-0,857084
202300025128;30;6;2023;19:45;1;60;60135;1;1;1;1;D44;49,30534243;2,24088623
202300025129;1;7;2023;05:45;1;59;59571;2;1;1;6;Rue de la Republique;50,187231;3,487671
202300025130;30;6;2023;11:15;1;13;13212;1;1;1;2;A507 sens Aubagne- Marseille;43,312229;5,424174
202300025131;22;6;2023;14:17;1;13;13071;1;1;1;2;A7-Sens Marseille vers Lyon;43,41182;5,28274
202300025132;28;6;2023;13:50;1;83;83137;1;1;1;3;A50;43,12629;5,90921
202300025133;30;6;2023;01:30;3;83;83035;1;1;2;6;A50;43,19021082;5,76551732
202300025134;29;6;2023;18:00;1;83;83062;1;1;1;6;A57;43,14363957;6,02062675
202300025135;28;6;2023;16:50;1;33;33065;1;1;1;3;ROUTE NATIONALE 230;44,82648;-0,50816
202300025136;29;6;2023;16:55;1;62;62907;1;1;1;3;A1;50,48588;2,98521
202300025137;30;6;2023;20:25;1;94;94038;1;1;1;7;A6A;48,79014534;2,3440838
202300025138;30;6;2023;16:40;1;92;92002;1;1;1;2;AUTOROUTE A10;48,730155;2,307558
202300025139;30;6;2023;15:30;1;91;91689;1;1;1;3;A6;48,7454;2,32439
202300025140;30;6;2023;11:15;1;91;91161;1;1;1;2;AUTOROUTE A126;48,71101;2,29825
202300025141;30;6;2023;17:18;1;78;78646;1;1;1;6;RN12;48,790765;2,110564
202300025142;30;6;2023;16:06;1;92;92050;1;1;1;3;A86;48,902288;2,203934
202300025143;30;6;2023;12:00;1;92;92036;1;1;1;2;RN 315 ;48,93664875;2,29983247
202300025144;30;6;2023;08:30;1;93;93006;1;1;1;3;AUTOROUTE A3;48,86562694;2,41958736
202300025145;29;6;2023;16:50;1;988;98818;2;1;1;2;COLLARD (RUE DU DOCTEUR GEORGES);-22,25165;166,45458
202300025146;29;6;2023;06:45;1;988;98818;2;3;1;3;RUE AUGUSTE BENEBIG/RUE BATAILLE;-22,27202;166,45059
202300025147;29;6;2023;12:55;1;976;97611;2;1;1;6;passamanty-Vahibé ( route );-12,80239;45,20974
202300025148;29;6;2023;08:20;1;974;97416;1;1;1;5;RN1 (ROUTE NATIONALE);-21,31261;55,49508
202300025149;28;6;2023;16:15;1;974;97416;1;1;1;2;RN02;-21,35314;55,51017
202300025150;18;6;2023;20:17;4;974;97411;2;3;1;3;BOIS DE NEFLES (ROUTE DE);-20,90364;55,4782
202300025151;29;6;2023;15:40;1;973;97302;2;3;1;1;NOVAPARC (RESIDENCE) RTE DE RABAN;4,92616;-52,31361
202300025152;29;6;2023;11:45;1;973;97302;2;1;1;3;BADUEL (ROUTE DE);4,93545;-52,31267
202300025153;29;6;2023;13:55;1;69;69387;2;2;1;3;Rue de l'Université;45,74922;4,842
202300025154;29;6;2023;14:00;1;69;69386;2;1;1;3;Rue Duquesne;45,77276;4,84593
202300025155;15;6;2023;13:10;1;69;69386;2;2;1;3;Rue de Créqui;45,76804;4,84611
202300025156;25;6;2023;19:20;5;972;97213;1;1;1;7;ROUTE NATIONALE 6;14,619025;-61,001507
202300025157;30;6;2023;00:10;5;69;69385;2;1;2;7;Rue des Macchabées;45,7557;4,81525
202300025158;29;6;2023;15:45;1;69;69149;2;1;1;2;Rue Francisque Jomard;45,71721;4,79369
202300025159;20;6;2023;06:50;1;971;97113;1;1;1;7;Section Port Blanc;16,21958;-61,476
202300025160;23;6;2023;08:09;1;971;97113;1;1;2;7;SECTION LEROUX;16,22778;-61,47592
202300025161;29;6;2023;13:40;1;2A;2A004;2;1;1;1;ANGELO LOT SAN ANCIENNE RTE DE SARTENE;41,9304;8,77988
202300025162;29;6;2023;14:30;1;86;86194;2;1;1;2;D910;46,5484402;0,299823
202300025163;29;6;2023;18:35;1;81;81060;2;1;1;6;ROUCAN ( AV. DU );44,0578;2,14996
202300025164;29;6;2023;21:45;2;78;78650;2;2;1;1;MONTESSON (ROUTE DE);48,90251;2,13573
202300025165;24;6;2023;17:00;1;77;77449;2;1;1;2;BD LA MERIDIENNE;48,851224;2,784793
202300025166;29;6;2023;15:15;1;77;77442;1;1;1;2;D210;48,42314;2,76773
202300025167;28;6;2023;20:30;1;76;76351;2;3;1;3;JEAN JAURES (AVENUE);49,50086;0,17817
202300025168;29;6;2023;22:40;5;71;71040;2;2;1;3;CHARBONNIERE (RUE DE LA);46,70469;4,39113
202300025169;29;6;2023;09:40;1;69;69264;2;9;1;3;Rue de Belleville;45,9995974;4,71931235
202300025170;29;6;2023;18:10;1;64;64348;2;1;2;4;CHARLES DE GAULLE;43,31324;-0,41664
202300025171;29;6;2023;00:55;5;64;64445;2;1;1;2;CAMI SALIE DU;43,31824;-0,30279
202300025172;28;6;2023;22:12;5;63;63113;2;2;1;3;CLOS NOTRE DAME / Diomède;45,78371124;3,07670295
202300025173;30;6;2023;00:10;5;59;59368;2;2;1;1;DE GAULLE RUE DU GENERAL;50,65772738;3,0738008
202300025174;29;6;2023;07:00;1;59;59360;2;1;1;1;DOUMER PAUL RUE;50,59681;3,03785
202300025175;28;6;2023;07:40;1;54;54395;2;2;1;6;boulevard de l'insurrection du ghetto de Varsovie;48,68557632;6,18139476
202300025176;27;6;2023;19:50;1;51;51454;2;1;1;4;LAMBERT (BOULEVARD VICTOR);49,24343;4,04556
202300025177;29;6;2023;17:00;1;47;47323;2;2;1;1;ABIDJAN;44,42211;0,70871
202300025178;29;6;2023;08:25;1;45;45234;2;3;1;3;25 Quai du Roi;47,89961;1,92474
202300025179;25;6;2023;21:30;1;44;44184;2;2;1;2;116 Rue Jean Gutenberg;47,28179;-2,23491
202300025180;7;5;2023;19:01;1;44;44184;2;5;1;6;1 Rue Michel de Montaigne;47,28647;-2,21847
202300025181;22;6;2023;07:50;1;44;44184;2;1;1;5;2 Boulevard Pierre de Maupertuis;47,27748;-2,23358
202300025182;18;6;2023;09:24;1;42;42170;1;1;1;6;Route du Beaujolais;46,0378;4,17256
202300025183;29;6;2023;00:48;3;41;41018;2;1;1;2;FOIX (QUAI DU);47,5804;1,32659
202300025184;28;6;2023;13:30;1;41;41295;2;1;1;7;D951;47,58981;1,35761
202300025185;29;6;2023;15:50;1;37;37261;2;1;1;6;DELAROCHE (RUE);47,422;0,67919
202300025186;28;6;2023;17:15;1;35;35055;1;1;1;2;VOIE DE LA LIBERTE;48,0797;-1,63484
202300025187;29;6;2023;16:00;1;34;34172;2;1;1;6;58 Cours Gambetta;43,608552;3,869018
202300025188;29;6;2023;10:15;1;34;34172;2;1;1;6;1694 Avenue de la Justice de Castelnau;43,62685;3,889766
202300025189;29;6;2023;19:00;1;33;33063;2;8;1;1;Quai de Bacalan;44,86336987;-0,55033296
202300025190;28;6;2023;21:22;2;31;31483;1;1;1;7;ROUTE DE LA SERRE DE CAZAUX;43,1286;0,72423
202300025191;29;6;2023;19:00;1;29;29232;2;2;1;3;Rue Laennec;47,99496559;-4,1080936
202300025192;28;6;2023;18:00;1;29;29232;2;1;1;6;Rue de Kergestin;47,98470006;-4,13130194
202300025193;28;6;2023;11:45;1;29;29039;2;1;1;2;rue de Penanguer;47,90578136;-3,91645157
202300025194;28;6;2023;19:30;1;29;29019;2;1;1;6;rue Anatole France;48,382816;-4,512095
202300025195;29;6;2023;10:55;1;25;25056;2;1;1;6;BLUM  BOULEVARD LEON (inf 51);47,259688;6,029474
202300025196;14;6;2023;11:45;1;22;22278;2;1;1;6;71° RI (DU);48,51106;-2,76042
202300025197;28;6;2023;17:20;1;17;17306;2;1;1;2;HEDDE (AVENUE DANIEL);45,635854;-1,028645
202300025198;29;6;2023;19:41;1;17;17300;2;3;1;3;LOMBARD   AVENUE MODERE;46,16885;-1,19512
202300025199;29;6;2023;10:45;1;13;13019;2;9;1;3;CD6;43,42275;5,370111
202300025200;12;10;2023;16:50;1;37;37233;2;1;1;2;BONNIN (AVENUE JEAN);47,39592;0,7097
202300025201;29;6;2023;03:55;3;11;11069;1;1;1;6;;43,20476;2,38796
202300025202;9;10;2023;01:15;4;34;34172;2;1;1;6;CORSE (RUE DE);43,63527;3,8117
202300025203;28;6;2023;21:56;5;10;10387;2;2;1;3;VICTOR HUGO (RUE);48,29347;4,06879
202300025204;10;10;2023;13:00;1;34;34003;2;1;1;6;REVEILLE (D5 A E4 ET E12 A F11;43,31508;3,46825
202300025205;29;6;2023;14:35;1;8;8105;2;1;1;6;106 Avenue Charles de Gaulle;49,77065;4,71114
202300025206;29;6;2023;14:25;1;7;7281;1;1;1;7;C.D.533;44,93132;4,81428
202300025207;12;10;2023;08:15;1;33;33063;2;3;1;3;Quai du Maréchal Lyautey;44,8433;-0,57008
202300025208;29;6;2023;13:05;1;6;6088;2;1;1;1;CESSOLE (BD DE) (A PARTIR DU 101-114);43,7105;7,255917
202300025209;29;6;2023;02:10;5;3;3190;2;1;1;6;Rue de Bourgogne;46,5673;3,338
202300025210;11;10;2023;22:10;3;33;33162;2;1;1;2;Avenue du Taillan-Médoc;44,8735;-0,6346
202300025211;29;6;2023;18:25;1;75;75120;2;1;1;2;PORTE DE MONTREUIL;48,856321;2,414137
202300025212;29;6;2023;15:10;1;75;75112;2;1;1;3;PORT DE BERCY;48,827141;2,39103
202300025213;12;10;2023;13:59;1;31;31555;2;1;1;6;AV DES MINIMES;43,617184;1,436891
202300025214;28;6;2023;07:10;1;75;75116;2;1;1;2;ECHANGEUR MAILLOT;48,878194;2,279974
202300025215;12;10;2023;07:45;2;31;31555;2;1;1;3;AV JEAN CHAUBET;43,60461;1,47543
202300025216;29;6;2023;12:00;1;75;75120;2;1;8;1;AVENUE GAMBETTA;48,863476;2,389832
202300025217;10;10;2023;08:20;1;31;31555;2;1;1;3;RTE D ALBI;43,636776;1,464455
202300025218;29;6;2023;15:15;1;75;75116;2;7;1;6;AVENUE DE VERSAILLES;48,838008;2,257573
202300025219;29;6;2023;14:45;1;75;75116;2;1;1;3;AVENUE VICTOR HUGO;48,869153;2,28414
202300025220;8;10;2023;04:25;3;31;31555;1;1;1;6;VA007553 A61;43,63403;1,47815
202300025221;28;6;2023;09:55;1;75;75115;2;1;1;6;RUE ALPHONSE BERTILLON;48,834405;2,310813
202300025222;12;10;2023;11:35;1;31;31483;2;1;1;6;PYRENNEES (BOULEVARD DES);43,101181;0,714929
202300025223;29;6;2023;11:45;1;75;75115;2;1;1;6;BOULEVARD GARIBALDI;48,845556;2,310234
202300025224;28;6;2023;14:30;1;75;75114;2;1;1;7;AVENUE DU MAINE;48,834058;2,324408
202300025225;12;10;2023;10:00;1;29;29039;2;1;2;3;2 Rue du Moros;47,877333;-3,904664
202300025226;29;6;2023;18:50;1;75;75113;2;2;1;6;RUE PAU CASALS;48,831029;2,377592
202300025227;11;10;2023;17:10;1;26;26252;2;1;1;7;DESCARTES RUE;44,86435;4,87173
202300025228;28;6;2023;23:00;5;75;75111;2;2;1;1;RUE DE CHARONNE;48,855758;2,391327
202300025229;29;6;2023;20:50;2;75;75110;2;2;1;6;RUE ALBERT THOMAS;48,869325;2,363372
202300025230;12;10;2023;21:30;5;25;25056;2;2;1;3;CHURCHILL BD WINSTON;47,2474;5,99904
202300025231;29;6;2023;14:40;1;75;75110;2;3;1;6;RUE DES ECLUSES SAINT MARTIN;48,877343;2,365828
202300025232;11;10;2023;15:47;1;19;19031;2;2;1;6;Rue Philibert Lalande;45,15975397;1,50347471
202300025233;29;6;2023;10:00;1;75;75110;2;3;1;3;BOULEVARD SAINT MARTIN;48,867951;2,362382
202300025234;29;6;2023;11:10;1;75;75108;2;2;1;3;RUE LA BOETIE;48,873931;2,315893
202300025235;12;10;2023;16:00;1;17;17415;2;9;1;6;LEMERCIER COURS;45,747693;-0,640273
202300025236;29;6;2023;13:23;1;75;75107;2;5;1;6;QUAI D ORSAY;48,862588;2,319022
202300025237;29;6;2023;10:30;1;94;94003;2;1;1;3;Avenue Aristide Briand;48,804126;2,325054
202300025238;27;6;2023;00:50;5;94;94028;2;9;1;6;Allée Parmentier;48,78788;2,45014
202300025239;12;10;2023;16:45;1;17;17291;1;1;1;2;08 PK RN237 RE MOULIN JUSTICE;46,17414;-1,122988
202300025240;26;6;2023;20:15;1;94;94069;2;1;1;6;Rue du Maréchal Leclerc;48,817935;2,441552
202300025241;29;6;2023;00:10;5;93;93070;2;1;1;2;Avenue Michelet;48,91222206;2,3442319
202300025242;29;6;2023;09:30;1;93;93048;2;9;1;3;Boulevard Aristide Briand;48,87262449;2,45331639
202300025243;29;6;2023;05:15;1;93;93007;2;6;1;6;Rue Maxime Gorki;48,94173051;2,45926397
202300025244;12;10;2023;17:15;1;14;14118;2;1;1;6;12 Avenue Président Coty;49,19199;-0,39515
202300025245;29;6;2023;10:25;1;92;92075;2;1;1;2;LYCEE (BOULEVARD DU);48,82252;2,28476
202300025246;28;6;2023;17:30;1;92;92048;2;9;1;2;PAVE DES GARDES (ROUTE DU);48,81145;2,21119
202300025247;12;10;2023;18:45;2;13;13117;2;3;1;3;GLACIERE ( RUE DE LA );43,42323;5,24116
202300025248;29;6;2023;13:24;1;92;92024;2;3;1;3;JEAN JAURES (BD) DE 47 A 109)   (56 A 14;48,90369789;2,30324775
202300025249;12;10;2023;17:56;2;13;13106;2;9;1;6;8 MAI 1945 (AVENUE DU);43,39864;5,3666
202300025250;29;6;2023;10:42;1;92;92024;2;1;1;5;JEAN JAURES (BD) DE (111 A 159);48,90756;2,30013
202300025251;28;6;2023;14:32;1;92;92012;2;1;1;3;REINE (ROUTE DE LA) 82/FIN - 107TER/FIN;48,84004;2,2366
202300025252;29;6;2023;19:30;1;92;92014;2;1;1;6;MARECHAL JOFFRE (BD DU) (43 A 97 - 58 A;48,78005;2,31367
202300025253;12;10;2023;23:28;5;13;13209;2;1;1;1;MICHELET (BOULEVARD);43,25184466;5,40297287
202300025254;28;6;2023;17:40;1;17;17045;1;2;1;3;D137;45,847262;-0,819104
202300025255;12;10;2023;22:45;5;13;13211;2;6;1;1;MONTRE (TRAVERSE DE LA);43,29743;5,4795
202300025256;29;6;2023;10:20;1;43;43185;1;1;1;7;D651;45,400785;3,302121
202300025257;30;6;2023;15:30;1;974;97405;1;1;1;1;40 Chemin Laguerre;-21,363761;55,559722
202300025258;12;10;2023;23:00;5;13;13212;2;3;1;3;24 AVRIL 15 (AVENUE DU);43,3083;5,43636
202300025259;24;6;2023;22:00;5;1;1427;2;1;1;6;Quai de Saone;45,940138;4,771124
202300025260;12;10;2023;18:07;1;13;13002;2;6;1;6;MOUREN (PLACE);43,35598;5,48664
202300025261;25;6;2023;05:10;2;1;1194;2;1;1;3;Rue du Marmont;45,986917;4,7623
202300025262;26;6;2023;12:40;1;14;14027;1;1;1;6;3 Route de Saint-Célerin (Ondefontaine);48,984245;-0,64064
202300025263;12;10;2023;00:50;5;13;13207;2;1;1;1;Corniche John Fitzgérald Kennedy;43,2765793;5,35808882
202300025264;12;10;2023;21:00;5;13;13001;2;9;1;6;REPUBLIQUE (BD DE LA);43,52889;5,4396
202300025265;12;10;2023;19:40;3;13;13001;1;9;1;3;ST CANADET (ROUTE) D.13;43,59053;5,45739
202300025266;12;10;2023;23:15;5;10;10387;2;1;1;3;FERNAND GIROUX (RUE);48,30089;4,06342
202300025267;12;10;2023;13:05;1;9;9207;2;1;1;6;PYRENEES (AV DES);42,92894;1,63559
202300025268;12;10;2023;11:37;1;6;6029;2;1;1;3;BUISSONS ARDENTS;43,55827;6,96512
202300025269;12;10;2023;08:50;1;6;6027;2;3;1;4;JUIN BOULEVARD MARECHAL;43,65768;7,15101
202300025270;10;10;2023;14:45;1;6;6027;2;1;1;2;CANNES AVENUE DE (RN7);43,653679;7,146436
202300025271;8;10;2023;16:45;1;2;2243;1;1;1;2;N/A;49,41555;3,39131
202300025272;7;10;2023;15:50;1;2;2722;2;1;1;6;66 Rue Saint-martin;49,3796;3,32811
202300025273;6;10;2023;18:30;1;2;2722;2;1;7;6;N/A;49,38415;3,32826
202300025274;5;10;2023;14:05;1;2;2722;2;1;1;6;N/A;49,37711;3,32872
202300025275;12;10;2023;12:05;1;75;75118;2;1;2;7;BOULEVARD PERIPHERIQUE;48,900911;2,360246
202300025276;11;10;2023;10:30;1;75;75114;2;1;1;2;PORTE D ORLEANS;48,819984;2,325696
202300025277;10;10;2023;18:30;1;75;75119;2;1;1;2;PORTE DE PANTIN;48,890069;2,396274
202300025278;12;10;2023;18:45;2;75;75120;2;3;8;6;AVENUE GAMBETTA;48,864691;2,394513
202300025279;10;10;2023;17:15;1;75;75120;2;4;1;6;RUE DES PYRENEES;48,867783;2,396215
202300025280;12;10;2023;11:22;1;75;75116;2;2;2;3;AVENUE FERDINAND BUISSON;48,836709;2,253626