Num_Acc;jour;mois;an;hrmn;lum;dep;com;agg;int;atm;col;adr;lat;long
202300025281;12;10;2023;14:45;1;75;75113;2;2;1;3;QUAI PANHARD ET LEVASSOR;48,828107;2,384874
202300025282;12;10;2023;16:10;1;75;75111;2;3;1;6;RUE DU FAUBOURG SAINT ANTOINE;48,851022;2,377215
202300025283;11;10;2023;12:55;1;75;75108;2;2;1;3;AVENUE DE MARIGNY;48,871105;2,316313
202300025284;11;10;2023;23:37;5;75;75101;2;2;1;6;BOULEVARD DE SEBASTOPOL;48,860075;2,34909
202300025285;11;10;2023;09:50;1;75;75102;2;1;1;6;BOULEVARD POISSONNIERE;48,871233;2,344566
202300025286;11;10;2023;14:15;1;94;94081;2;1;1;6;Avenue de l'Abbé Roger Derry;48,79069675;2,39258653
202300025287;11;10;2023;18:00;1;94;94068;2;1;1;3;117 Quai Winston Churchill;48,8013;2,5222
202300025288;11;10;2023;22:45;3;94;94068;2;2;1;3;Rue Garnier Pagès;48,800111;2,497301
202300025289;12;10;2023;09:40;1;94;94076;2;1;1;1;Rue Marcel Grosménil;48,7968;2,35472
202300025290;12;10;2023;08:45;1;94;94076;2;2;3;6;Avenue de la République;48,78847;2,3618
202300025291;12;10;2023;19:30;5;94;94076;2;1;1;6;45 Voie Dalou;48,786287;2,375968
202300025292;11;10;2023;23:00;5;94;94011;2;2;1;2;Avenue Auguste Gross;48,77391641;2,4865087
202300025293;11;10;2023;08:47;1;94;94028;2;1;1;6;Avenue François Mitterrand;48,769404;2,465235
202300025294;12;10;2023;08:20;1;93;93078;2;6;3;6;Avenue du Sausset / Avenue du Sausset;48,96303;2,51789
202300025295;12;10;2023;15:32;1;93;93070;2;2;1;3;Rue Louis Blanc / Avenue Gabriel Péri;48,90678;2,3318
202300025296;11;10;2023;09:36;1;93;93066;2;9;1;3;Rue du Fort de la Briche;48,944197;2,342166
202300025297;12;10;2023;12:10;1;93;93062;2;1;2;3;Allée des Bosquets;48,90165044;2,51836945
202300025298;12;10;2023;18:10;2;93;93055;2;3;1;3;Avenue Jean Lolive / Rue Pierre Brossolette;48,8945;2,42038
202300025299;11;10;2023;15:25;1;93;93051;2;1;1;3;Boulevard du Ru de Nesles;48,84039;2,58134
202300025300;12;10;2023;00:00;5;93;93049;2;2;1;6;Rue Edgar Quinet / Rue Faidherbe;48,856616;2,510459
202300025301;12;10;2023;13:00;1;93;93046;2;3;1;3;Avenue de Sully / Allée Dior;48,91434;2,52355
202300025302;12;10;2023;11:45;1;93;93079;2;3;1;6;Rue Maurice Grandcoing / Ruelle des Roses;48,9651;2,34427
202300025303;12;10;2023;15:39;1;93;93029;2;3;1;3;Rue Charles Gide / Rue Pierre Médrano;48,917538;2,443953
202300025304;12;10;2023;09:00;1;93;93029;2;1;2;4;Rue d'Alsace Lorraine;48,93018;2,443
202300025305;12;10;2023;21:50;5;93;93027;2;3;1;3;Avenue Henri Barbusse / Rue Paul Verlaine;48,93223909;2,39351173
202300025306;12;10;2023;13:35;1;93;93057;2;1;1;3;Allée Monthyon;48,913034;2,506322
202300025307;12;10;2023;14:35;1;93;93001;2;4;8;3;Rue André Karman / Rue Edouard Poisson;48,91045057;2,38505949
202300025308;12;10;2023;01:08;5;93;93001;2;1;1;3;Avenue du Président Roosevelt;48,918112;2,379023
202300025309;11;10;2023;20:09;5;92;92072;2;1;1;2;GARENNE (RUE DE LA);48,81876;2,20776
202300025310;10;10;2023;18:45;1;92;92063;2;1;1;2;NATIONAL (BOULEVARD);48,88643352;2,18787253
202300025311;12;10;2023;11:50;1;92;92062;2;1;1;2;DE DION BOUTON (QUAI) DU 29 AU 65;48,8803825;2,24496156
202300025312;11;10;2023;09:10;1;92;92050;2;6;8;3;NERUDA PABLO RUE;48,89568222;2,21584193
202300025313;12;10;2023;09:07;1;92;92048;2;1;3;3;PARIS (RUE DE) N° 12 A 164;48,81440703;2,24675596
202300025314;12;10;2023;21:10;5;92;92026;2;9;1;3;STRASBOURG;48,89101128;2,24777484
202300025315;11;10;2023;12:30;1;92;92024;2;3;1;3;JEAN JAURES (BD) DE 47 A 109)   (56 A 14;48,90089256;2,30552137
202300025316;12;10;2023;08:28;2;92;92007;2;1;2;3;BRIAND (AVENUE ARISTIDE) N° 162 A 300;48,80136958;2,32374287
202300025317;13;10;2023;13:26;1;80;80425;1;1;1;2;N/A;50,05738;2,580864
202300025318;12;10;2023;08:20;1;1;1105;2;2;1;6;Rue Victor Hugo;45,922125;4,883401
202300025319;11;10;2023;13:00;1;1;1325;1;4;1;5;D22;45,961001;5,149669
202300025320;12;10;2023;23:00;3;17;17413;1;1;1;2;D137;46,075925;-1,073034
202300025321;13;10;2023;06:00;3;6;6161;1;1;1;1;Route de Grasse;43,657454;7,108449
202300025322;13;10;2023;07:05;2;71;71270;1;1;1;2;A6 PK392.300 direction PARIS;46,27568296;4,78786245
202300025323;12;10;2023;15:45;1;28;28104;1;1;1;2;D134;48,475478;1,601821
202300025324;12;10;2023;21:30;3;17;17264;1;1;1;7;D106;46,206671;-1,158339
202300025325;13;10;2023;06:09;3;72;72213;1;1;1;1;D338;47,939289;0,236249
202300025326;13;10;2023;16:50;1;44;44073;1;1;2;7;N/A;47,41014;-1,64182
202300025327;13;10;2023;12:15;1;30;30060;1;6;1;6;d135 pk 15+78;43,804019;4,405056
202300025328;13;10;2023;15:30;1;76;76198;1;1;2;7;RUE DE LA GROTTE;49,672101;0,851129
202300025329;11;10;2023;07:45;1;76;76142;1;1;1;2;75 Route de Forges - D915;49,531451;1,637102
202300025330;13;10;2023;10:30;1;76;76330;2;1;1;1;332 Rue du Coudray;49,827752;0,904144
202300025331;12;10;2023;22:30;3;80;80142;1;2;1;6;D141;49,902986;2,086287
202300025332;13;10;2023;15:15;1;71;71450;1;1;1;7;Route de Quincy;46,916994;4,515188
202300025333;12;10;2023;13:35;1;63;63452;1;1;1;7;D996;45,57332653;3,04765024
202300025334;12;10;2023;22:38;3;49;49055;1;3;1;3;Le Pré des Landes;47,55379915;-0,58140099
202300025335;13;10;2023;07:55;2;42;42149;2;6;1;2;Route de St Etienne;45,63843;4,235927
202300025336;13;10;2023;14:45;1;42;42288;1;2;1;3;Route d'Arthun;45,770552;4,004525
202300025337;11;10;2023;09:50;1;46;46251;2;2;1;6;Rue Faidherbe;44,859896;1,888967
202300025338;12;10;2023;08:25;1;46;46322;1;1;1;1;Route des Vignes;44,42682321;1,3944912
202300025339;12;10;2023;19:55;3;68;68347;1;1;1;1;RD432;47,514462;7,294343
202300025340;12;10;2023;12:00;1;39;39013;2;3;1;1;Route de Villette;46,913331;5,7672254
202300025341;12;10;2023;19:00;2;25;25545;1;4;1;3;D334;47,032848;6,132281
202300025342;11;10;2023;11:15;1;35;35184;2;3;1;6;Rue du Général de Gaulle;48,200675;-2,046727
202300025343;8;10;2023;17:00;1;29;29185;2;1;1;2;D10;48,652361;-4,192613
202300025344;13;10;2023;10:45;1;31;31542;1;1;1;1;Rue du Bazert;43,05673;0,589356
202300025345;12;10;2023;19:45;3;31;31592;1;1;1;6;Route de Saint Paul;43,731685;1,239068
202300025346;13;10;2023;18:25;1;38;38150;2;1;1;3;93 Rue Jean Jaurès;45,198074;5,833957
202300025347;12;10;2023;06:38;3;2;2780;1;9;1;5;N/A;49,361443;3,396363
202300025348;7;10;2023;23:19;3;26;26099;1;1;1;6;Route de Montsegur;44,369856;4,891158
202300025349;12;10;2023;14:00;1;58;58205;1;1;1;7;D977bis;47,203288;3,965842
202300025350;12;10;2023;11:50;1;72;72312;1;1;1;7;impasse du grand breuil;47,930405;-0,147629
202300025351;13;10;2023;17:05;1;72;72031;1;1;8;7;Alliere;48,086021;0,496316
202300025352;10;10;2023;16:25;1;14;14431;1;1;1;2;D40;49,056552;-0,119905
202300025353;11;10;2023;15:50;1;64;64306;1;1;1;3;D281 - ROUTE DE NAVARRENX;43,364689;-0,636992
202300025354;13;10;2023;00:30;3;64;64353;1;1;1;1;D934;43,096173;-0,417743
202300025355;12;10;2023;10:10;1;64;64539;1;1;1;3;950 Route de Saint-Jean-Pied-de-Port;43,273175;-1,029764
202300025356;13;10;2023;16:00;1;18;18242;2;9;1;7;chemin communal non revêtu;46,822925;2,919928
202300025357;13;10;2023;15:00;1;10;10401;1;2;1;3;RD 163 / RD 81;48,22037716;4,42209318
202300025358;11;10;2023;14:20;1;7;7052;2;1;1;6;Chemin de Margier;44,948023;4,779959
202300025359;13;10;2023;16:53;1;53;53147;2;1;8;6;Rue Jules Renard;48,301556;-0,607982
202300025360;12;10;2023;21:30;3;4;4024;1;1;1;6;D900;44,189659;6,364796
202300025361;13;10;2023;05:15;3;17;17107;1;1;1;7;D5;46,034125;-0,942645
202300025362;5;10;2023;07:45;2;37;37151;1;1;1;3;D938;47,44436251;0,63521147
202300025363;12;10;2023;20:15;3;72;72300;1;1;1;6;A11;48,055652;0,367699
202300025364;12;10;2023;15:15;1;49;49323;1;6;1;3;Rond point D323 - Avenue des Carreaux;47,508864;-0,471146
202300025365;11;10;2023;17:50;1;13;13037;1;1;1;3;Chemin de la Bosque III;43,540071;5,200793
202300025366;9;10;2023;08:30;1;33;33122;2;1;1;1;Chemin de Marticot;44,75267391;-0,68721011
202300025367;13;10;2023;06:30;3;68;68278;1;1;1;2;A35 PK104.200;47,7457505;7,42103219
202300025368;12;10;2023;14:00;1;6;6085;1;1;1;6;A8;43,5856634;7,0280963
202300025369;13;10;2023;09:50;1;34;34166;1;1;1;2;A9 PK 152+900;43,362259;3,355701
202300025370;13;10;2023;16:40;1;13;13114;1;1;1;2;D10;43,546767;5,319668
202300025371;12;10;2023;06:45;1;987;98729;2;1;1;3;pk 4.5 c/montagne Paopao;-17,577;-150,202
202300025372;13;10;2023;04:50;2;971;97107;1;1;1;6;Allee des Mineurs;16,021236;-61,578777
202300025373;13;10;2023;17:20;1;29;29233;2;1;2;3;181 Rue de Pont-aven;47,87130953;-3,56392792
202300025374;12;10;2023;15:50;1;95;95675;1;1;2;4;D317;49,062836;2,523151
202300025375;12;10;2023;08:25;1;66;66164;2;3;1;6;N/A;42,766202;2,869363
202300025376;13;10;2023;11:15;1;34;34199;2;6;1;3;D913;43,451003;3,416619
202300025377;13;10;2023;08:35;1;83;83115;1;1;1;1;74 Avenue du Général Leclerc;43,308949;6,649738
202300025378;12;10;2023;14:30;1;57;57460;1;4;2;1;D63b;49,266187;6,643263
202300025379;9;10;2023;17:30;1;73;73227;1;1;1;1;D915 Route de champ greffon;45,44796204;6,5844413
202300025380;11;10;2023;16:00;1;38;38022;2;1;1;5;Route des Alpes;45,612049;5,537678
202300025381;13;10;2023;06:30;3;26;26235;2;6;1;2;D59;44,364264;4,726197
202300025382;12;10;2023;09:30;1;7;7140;1;1;1;3;RD 532;45,093239;4,764011
202300025383;11;10;2023;07:15;3;31;31395;1;1;1;2;avenue pic d'estats;43,423728;1,303521
202300025384;13;10;2023;07:38;3;16;16388;1;3;1;3;route départementale 41;45,637057;0,045147
202300025385;10;10;2023;07:45;2;44;44026;2;1;1;7;44 Le Chemin Nantais;47,289113;-1,4323
202300025386;13;10;2023;13:55;1;22;22259;1;1;8;3;3 La Ville Fontaine;48,454603;-2,104304
202300025387;12;10;2023;23:20;3;22;22002;1;1;1;7;Le Chesnay;48,505801;-2,588804
202300025388;12;10;2023;15:40;1;13;13071;1;1;1;2;A7-Sens Marseille vers Lyon;43,41556994;5,27772034
202300025389;12;10;2023;09:45;1;69;69385;1;1;1;5;Route de Métropole 6;45,75244;4,82
202300025390;12;10;2023;08:40;1;33;33318;1;1;1;3;ROCADE A 630;44,7888229;-0,62615097
202300025391;12;10;2023;08:25;1;33;33003;1;1;1;3;AUTOROUTE A 10;44,9319406;-0,46848267
202300025392;11;10;2023;19:25;1;33;33281;1;1;1;6;ROCADE A 630;44,82873109;-0,67551434
202300025393;11;10;2023;11:25;1;33;33550;1;1;1;4;AUTOROUTE A 62;44,77689;-0,55663
202300025394;10;10;2023;22:15;3;59;59271;1;1;1;2;AUTOROUTE A16;51,00444;2,31077
202300025395;12;10;2023;11:52;1;94;94021;1;1;1;2;A6A;48,7615291;2,34008141
202300025396;12;10;2023;09:30;1;94;94021;1;1;2;2;A6B;48,76323303;2,34206347
202300025397;12;10;2023;08:34;1;91;91064;1;1;3;2;RN 118;48,753485;2,223323
202300025398;10;10;2023;09:47;1;78;78007;1;1;1;4;A13W;48,895239;2,007189
202300025399;11;10;2023;19:45;1;93;93048;1;1;1;3;AUTOROUTE A3;48,87447;2,43874
202300025400;11;10;2023;20:30;5;93;93007;1;1;1;7;AUTOROUTE A1;48,94683358;2,44255543
202300025401;12;10;2023;10:00;1;94;94069;1;1;2;2;A4;48,81744769;2,43111134
202300025402;12;10;2023;08:30;1;94;94033;1;1;2;3;A86;48,85724;2,48879
202300025403;11;10;2023;17:15;1;77;77363;1;1;1;2;A104;48,92869685;2,62840045
202300025404;11;10;2023;05:30;3;77;77083;1;9;1;5;A4.W;48,83100751;2,60627873
202300025405;22;7;2023;16:25;1;35;35238;2;1;1;6;SAINT-GERMAIN (PLACE);48,11055;-1,67626
202300025406;11;10;2023;22:00;5;974;97411;2;1;1;2;BONNIER (ALLEE);-20,88083;55,45992
202300025407;11;10;2023;11:50;1;972;97213;2;1;1;6;PLACE D'ARMES;14,61339;-60,99354
202300025408;11;10;2023;15:30;1;69;69389;2;2;1;3;23 Quai du Commerce;45,780501;4,80907008
202300025409;11;10;2023;22:39;5;2B;2B120;1;1;1;6;11 - RT;42,65615;9,44143
202300025410;11;10;2023;09:45;1;971;97113;1;1;1;2;RN4 - SECTION RIVIERA;16,20873364;-61,47003204
202300025411;11;10;2023;08:05;1;971;97101;2;9;1;3;PETIT PEROU;16,25178772;-61,51388615
202300025412;11;10;2023;14:29;1;91;91432;2;1;1;6;AV FERDINAND DE LESSEPS;48,69563;2,336915
202300025413;7;10;2023;15:46;1;87;87065;2;3;1;3;TOULOUSE (RUE DE);45,79826;1,29568
202300025414;6;10;2023;14:05;1;83;83123;2;9;1;6;ESTIENNE D'ORVES (BD);43,11634;5,805659
202300025415;10;10;2023;07:30;1;83;83069;2;1;1;6;Route de Toulon;43,12623;6,09879
202300025416;11;10;2023;19:20;2;78;78299;2;1;1;1;MICHELET (BOULEVARD);49,00017;1,88929
202300025417;11;10;2023;22:40;5;77;77284;2;1;1;3;D603;48,9569;2,90017
202300025418;11;10;2023;13:30;1;77;77186;1;1;1;3;RD607 de Barbizon à pavé du roi;48,44074;2,65103
202300025419;8;10;2023;04:30;5;76;76351;2;1;1;7;JENNER (PLACE);49,50825;0,13626
202300025420;11;7;2023;17:35;1;74;74281;2;1;3;3;GENEVE (AVE DE) JUSQUE CROISEE ANTHY;46,355;6,447
202300025421;10;10;2023;12:31;1;67;67180;2;1;1;7;WINTERSHOUSE (ROUTE DE);48,80817;7,77414
202300025422;11;10;2023;19:20;2;64;64445;1;1;1;2;MARTYRS DU PONT LONG DES;43,341;-0,37975
202300025423;11;10;2023;22:10;5;64;64024;2;9;1;7;CHAMBRE D'AMOUR (AVENUE DE LA);43,49618;-1,53649
202300025424;10;10;2023;08:59;1;64;64102;2;1;1;2;LISSES (RUE DES);43,48943;-1,47206
202300025425;10;10;2023;20:05;5;63;63245;2;2;1;3;SANITAS LOUIS (RUE);45,89469253;3,09491515
202300025426;11;10;2023;08:39;1;63;63113;2;1;1;6;ROSSIGNOL (RUE);45,78426;3,06857
202300025427;6;10;2023;16:10;1;62;62215;2;3;1;6;Rue Montesquieu;50,4892;2,94893
202300025428;11;10;2023;17:15;1;59;59378;2;7;1;2;GUESDE JULES RUE;50,66694;3,07605
202300025429;11;10;2023;15:30;1;58;58194;2;3;1;3;PONT DE LOIRE;46,98186;3,16034
202300025430;10;10;2023;10:45;1;54;54184;2;1;1;3;avenue de Brigachtal;48,70004353;6,22381926
202300025431;11;10;2023;15:45;1;53;53130;2;1;1;6;PARIS ( RUE DE );48,07126;-0,76226
202300025432;10;10;2023;20:45;3;49;49015;1;1;1;1;RD 107;47,51506;-0,56953
202300025433;12;10;2023;01:15;5;44;44190;2;1;1;6;1 Rue Marie Curie;47,18755;-1,48325
202300025434;11;10;2023;18:36;1;42;42187;2;6;1;6;Rue Pierre Dépierre;46,03341;4,07747
202300025435;30;9;2023;06:12;5;35;35241;1;1;1;6;ACACIAS (RUE DES);48,6167657;-2,02935398
202300025436;12;10;2023;01:10;5;31;31555;2;3;1;3;RUE DU LOT;43,58185;1,40781
202300025437;11;10;2023;16:00;1;31;31069;2;1;1;3;GRENADE (ROUTE DE);43,63793;1,39024
202300025438;19;4;2023;19:55;1;60;60567;2;3;1;1;Route Nationale;49,436867;1,899048
202300025439;19;4;2023;16:20;1;16;16028;2;9;1;6;Avenue de l?Europe;45,476411;-0,160943
202300025440;19;4;2023;20:20;1;53;53073;2;1;1;6;Rue des Sports;47,81117;-1,118123
202300025441;20;4;2023;18:24;1;85;85278;1;1;1;7;Impasse du Bourg Paille;46,429664;-1,567279
202300025442;19;4;2023;16:40;1;52;52524;1;1;1;5;N67;48,26459311;5,12330988
202300025443;20;4;2023;17:20;1;30;30020;1;1;1;5;rd 135;43,761496;4,315706
202300025444;19;4;2023;18:30;1;1;1087;1;1;1;6;A40 PK 112+300 direction MACON;46,171283;5,68336
202300025445;20;4;2023;11:55;1;34;34337;2;2;1;3;Chemin de la Capouillere;43,53004;3,865892
202300025446;19;4;2023;14:20;1;13;13037;1;9;1;5;1455 Rn 113;43,547627;5,182875
202300025447;19;4;2023;11:15;1;13;13069;1;1;1;2;Autoroute A7 PK 236+600;43,624334;5,131817
202300025448;17;4;2023;15:15;1;33;33214;1;1;1;5;rd6;44,98458702;-1,06665015
202300025449;19;4;2023;12:37;1;77;77273;1;1;1;1;D401;49,050921;2,733976
202300025450;20;4;2023;17:35;1;34;34154;1;1;1;4;D66 PR 4+616;43,592498;3,940337
202300025451;20;4;2023;07:40;1;83;83112;2;1;1;3;D559;43,174497;5,712118
202300025452;20;4;2023;17:25;1;83;83023;1;1;1;3;DN 7;43,395272;6,140032
202300025453;20;4;2023;16:45;1;26;26235;1;1;1;7;D13;44,371263;4,672666
202300025454;20;4;2023;13:15;1;44;44172;2;6;1;3;170 Route de Thouaré;47,25788349;-1,4622277
202300025455;19;4;2023;15:05;1;29;29103;2;6;1;7;Pont de l'Europe;48,44986027;-4,26536783
202300025456;19;4;2023;14:50;1;13;13071;1;1;1;3;A51-Sens Aix en Provence vers Marseille;43,41418849;5,36456931
202300025457;19;4;2023;15:40;1;13;13071;1;1;1;2;A7-Sens Marseille vers Lyon;43,40439894;5,31594824
202300025458;19;4;2023;09:15;1;77;77517;1;1;7;2;A104.EXT;48,90909;2,6377
202300025459;18;4;2023;20:20;1;59;59512;2;2;1;3;GUESDE (RUE JULES);50,67534;3,20244
202300025460;18;4;2023;08:25;1;54;54184;2;6;1;6;M674;48,70823;6,24356
202300025461;18;4;2023;02:30;3;59;59196;1;1;1;2;AUTOROUTE A25;50,64469653;2,92983045
202300025462;17;4;2023;16:30;1;72;72181;2;1;1;6;TURQUIE (RUE DE);47,99252;0,23296
202300025463;12;4;2023;11:45;1;971;97120;2;2;1;6;FREBAULT;16,24088;-61,53527
202300025464;12;4;2023;17:50;1;76;76540;2;2;1;3;Route du Havre;49,4527662;1,05666697
202300025465;12;4;2023;12:30;1;62;62186;2;1;1;6;D58;50,443372;2,721288
202300025466;11;4;2023;10:29;1;76;76351;2;3;1;6;RENE COTY;49,4952;0,10983
202300025467;18;4;2023;18:00;5;974;97411;2;1;1;2;TOPAZES(ALLEE DES);-20,89582;55,44654
202300025468;18;4;2023;11:30;1;974;97411;2;3;1;6;CHAUDRON  (BLD 1 DU);-20,89123;55,49098
202300025469;18;4;2023;07:10;1;974;97409;2;1;1;3;BELZOR(RUE);-20,97278382;55,65191567
202300025470;18;4;2023;18:40;1;69;69387;2;1;1;6;Rue Pasteur;45,73325573;4,82095782
202300025471;18;4;2023;15:15;1;69;69383;2;2;1;6;Avenue Maréchal de Saxe;45,76032;4,84566
202300025472;17;4;2023;04:37;5;972;97213;1;1;2;6;ROUTE DEPARTEMENTALE 3;14,65495;-60,98943
202300025473;17;4;2023;21:00;5;972;97209;1;1;1;4;AUTOROUTE (A1);14,61427;-61,04671
202300025474;17;4;2023;14:20;1;69;69381;2;1;1;2;Pont de Lattre de Tassigny;45,77246;4,83888
202300025475;18;4;2023;14:41;1;971;97113;1;1;1;1;COCOYER;16,22720837;-61,47759855
202300025476;17;4;2023;17:20;1;971;97101;1;3;1;3;LE RAIZET(SECTEUR);16,2578235;-61,53228611
202300025477;18;4;2023;18:45;1;91;91161;2;3;1;1;RTE DE LONGJUMEAU;48,71142;2,29776
202300025478;17;4;2023;22:50;3;91;91432;2;1;1;3;RD 118;48,71341;2,34945
202300025479;17;4;2023;13:40;1;83;83123;2;1;1;2;CHARLES DE GAULLE (QUAI);43,11777;5,801581
202300025480;17;4;2023;17:45;1;83;83129;2;1;1;2;Traverse de la Calade;43,110641;5,826243
202300025481;17;4;2023;17:30;1;83;83090;2;6;1;3;ROUTE DE SANARY;43,12658;5,82499
202300025482;18;4;2023;21:15;5;81;81004;2;1;1;1;GAMBETTA (AV);43,92393;2,14779
202300025483;18;4;2023;08:00;1;81;81004;2;2;1;3;THOMAS (AV ALBERT);43,943;2,14996
202300025484;16;4;2023;15:10;1;76;76351;2;3;1;3;LOUIS BLANC;49,50725311;0,12630093
202300025485;18;4;2023;11:45;1;71;71076;2;1;1;3;THENARD (RUE LOUIS JACQUES);46,81015;4,85372
202300025486;18;4;2023;08:40;1;71;71475;1;1;1;2;ROUTE NATIONALE 80;46,75554;4,81532
202300025487;6;8;2023;02:00;3;2;2586;1;1;3;6;D977;49,74757;4,183109
202300025488;2;8;2023;22:30;3;2;2361;1;1;2;2;Route de Laon;49,889741;3,625842
202300025489;18;4;2023;17:10;1;69;69266;2;3;1;4;Rue Lucette et René Desgrand;45,78544;4,90049
202300025490;3;8;2023;08:00;1;2;2146;2;1;2;3;N/A;49,009044;3,568996
202300025491;18;4;2023;13:08;1;69;69282;2;2;1;3;Avenue Docteur Schweitzer;45,76629;5,02902
202300025492;5;8;2023;17:15;1;84;84123;1;1;1;5;RD942 - PK 66500;44,113442;5,41656
202300025493;5;8;2023;15:32;1;84;84089;2;6;1;3;Route d?Aix - Rond point du farigoulier;43,671131;5,497198
202300025494;6;8;2023;06:30;1;3;3118;2;4;1;6;Rue Jules Bertin;46,092558;3,197643
202300025495;1;8;2023;18:50;1;15;15251;1;1;1;7;D990;45,0578347;3,25693131
202300025496;18;4;2023;18:45;1;69;69259;2;2;1;1;Boulevard Irène Joliot Curie;45,71424;4,87917
202300025497;3;8;2023;14:40;1;15;15092;1;1;2;7;D922;45,41548064;2,50245273
202300025498;31;7;2023;19:00;1;15;15162;2;1;1;7;RD 3;45,285002;2,652158
202300025499;4;8;2023;11:50;1;15;15120;1;1;3;6;D681;45,203521;2,325521
202300025500;17;4;2023;19:45;1;69;69029;2;1;1;3;Avenue Franklin Roosevelt;45,73836;4,89426
202300025501;1;8;2023;15:30;1;1;1015;2;3;8;1;D10;45,707764;5,652879
202300025502;1;8;2023;10:50;1;1;1457;1;4;1;6;Route de Biziat;46,216049;4,974391
202300025503;5;8;2023;15:35;1;1;1447;2;1;1;7;Route de Neuville;46,188439;5,397195
202300025504;5;8;2023;14:00;1;85;85008;1;1;2;2;A87 sortie 32;46,625408;-1,438662
202300025505;5;8;2023;14:30;1;70;70532;1;3;1;6;D108;47,554012;6,131337
202300025506;5;8;2023;06:00;3;70;70372;1;1;5;6;D20;47,805528;5,991414
202300025507;16;4;2023;15:07;1;66;66136;2;3;1;3;DIAZ (NARCISSE VIRGILE);42,71754;2,88934
202300025508;5;8;2023;11:05;1;26;26369;1;1;1;2;RD 94;44,376854;5,432664
202300025509;5;8;2023;13:00;1;26;26306;1;1;1;7;D108;44,329006;5,26288
202300025510;6;8;2023;10:05;1;26;26146;1;1;1;2;Route de Montélimar;44,449655;4,944073
202300025511;18;4;2023;22:45;3;64;64545;1;6;1;7;RD810;43,37311942;-1,68030101
202300025512;5;8;2023;12:00;1;26;26165;1;1;1;1;route nationale 7;44,78597001;4,84949909
202300025513;18;4;2023;09:15;1;64;64483;2;1;1;3;ITHURRALDE ANDRE (AVENUE);43,39609;-1,64683
202300025514;30;7;2023;06:25;2;58;58245;1;1;1;6;D979;46,760525;3,634136
202300025515;30;7;2023;01:15;5;58;58151;2;1;1;6;1 Rue de Decize;46,883612;3,463429
202300025516;5;8;2023;15:26;1;66;66161;1;1;1;6;Route Nationale 116;42,605901;2,396998
202300025517;17;4;2023;08:35;1;64;64445;2;3;1;3;FEDERICO GARCIA LORCA;43,30781;-0,35486
202300025518;5;8;2023;16:05;1;54;54097;2;1;1;6;rue de Cirey;48,52489376;6,91921681
202300025519;17;4;2023;17:30;1;64;64024;2;1;1;3;BAYONNE (AVENUE DE);43,48104;-1,512
202300025520;5;8;2023;00:05;3;6;6162;1;1;1;3;Départementale 43;44,062245;7,601826
202300025521;3;8;2023;16:55;1;6;6136;1;1;1;7;Route de Breil;43,907209;7,473691
202300025522;3;8;2023;09:20;1;14;14026;2;1;2;7;Rue de Ducy;49,21511743;-0,60054159
202300025523;18;4;2023;17:40;1;62;62065;2;2;1;3;Rue de la Bastille;50,411528;2,834408
202300025524;4;8;2023;15:00;1;5;5114;2;1;2;5;D41;44,594841;6,365338
202300025525;18;4;2023;17:45;1;60;60057;2;1;1;2;N/A;49,43013137;2,118752
202300025526;7;8;2023;17:00;1;5;5096;2;9;1;1;Rue du Queyrelet;44,697713;6,328071
202300025527;18;4;2023;14:15;1;60;60057;2;1;1;2;Av du Pdt J Fitzgerald Kennedy;49,42602;2,10242
202300025528;27;7;2023;07:45;1;50;50471;2;2;3;3;Route de Barneville;49,364153;-1,729083
202300025529;18;4;2023;20:23;1;59;59599;2;3;1;3;PIATS (RUE DES);50,72285;3,17164
202300025530;18;4;2023;16:00;1;59;59599;2;3;1;6;VIROLOIS (RUE DU);50,7247;3,17564
202300025531;3;8;2023;20:50;1;50;50618;1;2;1;3;Route de Barfleur;49,668392;-1,375533
202300025532;31;7;2023;19:00;1;50;50639;2;1;3;6;24 Rue du Général de Gaulle;48,836574;-1,220958
202300025533;18;4;2023;11:30;1;59;59356;2;6;1;3;GRAND LOGIS ROND POINT DU;50,663;2,987
202300025534;3;8;2023;12:30;1;50;50239;1;1;2;2;rn 174, pk 26.6, thereval;49,115596;-1,156697
202300025535;7;8;2023;11:30;1;9;9189;1;1;1;1;Route Nationale 20, ;42,675781;1,835363
202300025536;18;4;2023;17:45;1;51;51454;1;1;1;4;Boulevard des Tondeurs;49,27311;4,06095
202300025537;5;8;2023;19:08;1;60;60667;1;1;3;7;départementale 932;49,291868;2,722185
202300025538;4;8;2023;12:10;1;64;64259;2;1;8;7;D22;43,303072;-1,250094
202300025539;18;4;2023;07:20;1;51;51454;2;1;1;6;rue du Docteur Lemoine;49,26442187;4,03977424
202300025540;3;8;2023;20:30;1;73;73043;2;3;1;3;D1201;45,759784;5,933143
202300025541;14;4;2023;14:00;1;50;50129;2;1;3;2;SCHMITT (AVENUE RENE);49,63115;-1,64614
202300025542;4;8;2023;06:40;2;18;18132;2;3;1;7;4 Route de Baugy;47,186731;2,820597