Num_Acc;jour;mois;an;hrmn;lum;dep;com;agg;int;atm;col;adr;lat;long
202300025543;14;4;2023;13:00;1;50;50129;2;1;2;7;BROSSOLETTE (RUE PIERRE);49,63296;-1,59046
202300025544;6;8;2023;15:35;1;43;43127;2;1;1;7;D46;45,333225;4,178892
202300025545;5;8;2023;17:35;1;43;43086;1;1;1;1;D20;45,244467;3,522009
202300025546;17;4;2023;18:30;1;49;49007;2;2;1;3;Boulevard de la Résistance et de la Déportation;47,47141;-0,54721
202300025547;7;8;2023;13:35;1;10;10114;1;1;1;7;route départementale 619;48,515204;3,646549
202300025548;6;8;2023;06:45;1;10;10193;1;1;1;6;D 960;48,42843766;4,42904741
202300025549;6;8;2023;16:20;1;10;10432;1;1;1;6;route départementale 36;48,066021;4,238663
202300025550;6;8;2023;19:40;1;16;16023;1;1;1;6;D27;45,925502;0,227435
202300025551;18;4;2023;20:40;2;45;45234;2;2;1;3;23bis Rue Croix de Bois;47,89975;1,89782
202300025552;5;8;2023;11:45;1;16;16280;1;1;2;7;D88;45,75926;0,336242
202300025553;3;8;2023;22:56;3;16;16120;1;1;2;7;D101;45,60929523;0,24756807
202300025554;18;4;2023;16:00;1;45;45208;2;1;8;1;Parking centre commercial;47,9971;2,74169
202300025555;7;8;2023;12:45;1;7;7301;1;1;1;6;RD532;45,105637;4,67457
202300025556;5;8;2023;08:20;1;21;21580;2;1;1;6;4 Rue du Bas;47,456406;4,661485
202300025557;18;4;2023;21:45;3;44;44162;2;1;1;1;14 Chemin du Vigneau;47,2153;-1,626
202300025558;3;8;2023;12:00;1;40;40310;2;6;1;3;giratoire intersection  D50 / D116;43,756508;-1,325242
202300025559;18;4;2023;09:00;1;44;44109;2;1;1;3;14 Boulevard Gustave Roch;47,20487;-1,54893
202300025560;5;8;2023;12:20;1;24;24172;1;1;1;1;Avenue des Grottes;44,938929;1,029196
202300025561;18;4;2023;20:55;5;37;37261;2;7;1;3;POUSSIN (RUE NICOLAS);47,37283;0,68454
202300025562;18;4;2023;18:30;1;37;37208;2;1;1;3;BEAUGAILLARD (AVENUE);47,36598;0,71811
202300025563;7;8;2023;17:30;1;24;24156;1;1;1;5;D710;45,0475;0,857443
202300025564;18;4;2023;18:05;1;35;35238;2;3;1;3;SAINT-JEAN BAPTISTE DE LA SALLE;48,11524;-1,70249
202300025565;6;8;2023;06:15;2;4;4113;1;1;1;6;D900;44,143087;6,294158
202300025566;18;4;2023;13:20;1;33;33318;2;6;1;3;Allée des Tulipes;44,78996;-0,63451
202300025567;3;8;2023;11:10;1;85;85127;1;1;2;1;RD21;46,424003;-1,516158
202300025568;18;4;2023;14:30;1;33;33009;2;3;1;3;KEMP (RUE ROBERT);44,65744;-1,15857
202300025569;18;4;2023;21:30;5;31;31555;2;1;1;6;39 Rue Henri Moissan;43,63041;1,45514
202300025570;6;8;2023;12:00;1;28;28304;1;2;1;1;N154;48,293601;1,709747
202300025571;18;4;2023;12:05;1;31;31555;2;1;1;2;AV EDOUARD BELIN;43,5702;1,47344
202300025572;4;8;2023;13:00;1;28;28147;1;1;3;6;D23;48,516299;1,241444
202300025573;18;4;2023;10:10;1;31;31555;2;1;1;3;68 Rue Adolphe Coll;43,59775;1,4225
202300025574;18;4;2023;09:20;1;31;31483;2;1;1;6;LIBERATION (PLACE DE LA );43,10933;0,72861
202300025575;3;8;2023;17:50;1;17;17150;1;2;2;3;D219e4;45,965825;-0,402317
202300025576;18;4;2023;07:50;1;30;30007;2;3;1;3;STALINGRAD (AVENUE DE);44,12504;4,08979
202300025577;2;8;2023;17:15;1;17;17410;1;1;1;2;Les Caillebottes;45,362131;-0,722748
202300025578;17;4;2023;20:30;1;29;29039;2;6;1;3;Rue de Keriolet;47,88774;-3,91599
202300025579;18;4;2023;19:00;1;28;28404;2;9;1;6;CRECY (ROUTE DE);48,72149;1,32395
202300025580;5;8;2023;18:00;1;37;37273;1;1;1;6;ZAC des Fougerolles (Zone commerciale);47,397249;0,784997
202300025581;18;4;2023;10:55;1;28;28085;2;9;1;6;LATHAN (RUE HUBERT);48,45216;1,49762
202300025582;3;8;2023;09:45;1;37;37109;1;1;1;6;Route de la Pinsonnerie;47,429423;0,582114
202300025583;17;4;2023;17:35;1;25;25056;2;1;8;2;FONTAINE-ARGENT AVENUE;47,24573;6,0336
202300025584;4;8;2023;15:10;1;37;37050;2;1;1;3;215 Avenue du Grand Sud;47,323367;0,709652
202300025585;18;4;2023;14:00;1;22;22278;2;1;1;5;APOLLINAIRE (GUILLAUME);48,49598;-2,74956
202300025586;17;4;2023;00:20;3;19;19031;1;1;1;7;Avenue Edmond Michelet;45,14548412;1,52894497
202300025587;5;8;2023;19:00;1;30;30346;1;1;1;2;D981;43,96621;4,509358
202300025588;16;4;2023;12:05;1;19;19031;2;2;1;3;SEMARD (AVENUE PIERRE) A PARTIR DE N° 75;45,1574;1,52375
202300025589;4;8;2023;12:30;1;30;30055;1;4;1;1;N/A;44,123206;4,236136
202300025590;17;4;2023;19:30;1;13;13071;1;1;1;2;QUICK (CD6);43,41071;5,32595
202300025591;6;8;2023;18:50;1;88;88116;1;1;1;7;Route de Travexin;47,951481;6,827118
202300025592;18;4;2023;07:30;1;13;13203;2;3;1;3;MIRABEAU (BOULEVARD);43,31427535;5,36974048
202300025593;18;4;2023;18:10;2;13;13005;1;1;1;3;DIRIGEABLE (AVENUE DU);43,28291;5,60651
202300025594;4;8;2023;11:10;1;88;88302;1;3;2;2;Rue du Seu;47,916878;6,791933
202300025595;18;4;2023;15:00;1;13;13070;2;3;1;3;VOLTAIRE (BOULEVARD);43,28141;5,51613
202300025596;6;8;2023;02:00;3;33;33015;1;9;1;6;Autoroute A89, PK 020.785, sens PERIGUEUX-BORDEAUX;44,885082;-0,268618
202300025597;18;4;2023;20:00;2;13;13001;2;1;1;7;ROI RENE (BD DU);43,52434;5,45262
202300025598;17;4;2023;17:40;1;11;11069;2;1;1;6;Rue de Verdun;43,21261081;2,35067791
202300025599;18;4;2023;23:30;5;6;6088;2;1;1;3;MONTEL (BD PAUL);43,67571;7,20736
202300025600;7;8;2023;01:45;3;68;68252;1;1;1;3;RD83 PK 051+800 SENS SUD NORD;48,141234;7,366419
202300025601;18;4;2023;17:40;1;75;75118;2;1;1;2;PORTE DE SAINT OUEN;48,900616;2,330349
202300025602;18;4;2023;17:05;1;75;75118;2;1;1;3;PORTE DE CLIGNANCOURT;48,901194;2,350747
202300025603;5;8;2023;18:45;2;973;97307;2;2;1;3;Rue Ebene Verte;4,844012;-52,323326
202300025604;18;4;2023;08:30;1;75;75115;2;1;1;2;BD PERIPHERIQUE EXTERIEUR;48,834941;2,26804
202300025605;17;4;2023;20:40;1;75;75112;2;1;1;3;PORTE DE VINCENNES;48,844933;2,41426
202300025606;18;4;2023;18:30;2;75;75115;2;2;2;3;RUE DE VAUGIRARD;48,845516;2,319163
202300025607;5;8;2023;16:45;1;973;97307;2;1;1;2;Route de la Distillerie;4,874553;-52,331293
202300025608;15;4;2023;13:25;1;75;75116;2;1;1;3;AVENUE RAYMOND POINCARE;48,8690871;2,28549
202300025609;6;8;2023;17:50;1;73;73272;1;1;1;7;A43 PK 141+300 SENS ITALIE - FRANCE;45,473231;6,288053
202300025610;18;4;2023;15:05;1;75;75112;2;2;1;6;AVENUE DU GENERAL MICHEL BIZOT;48,83622;2,402903
202300025611;4;8;2023;14:45;1;49;49307;1;1;1;7;A85;47,534878;-0,323753
202300025612;18;4;2023;18:45;1;75;75111;2;3;1;3;BOULEVARD VOLTAIRE;48,861007;2,374785
202300025613;7;8;2023;15:00;1;30;30036;1;1;1;3;RN 113;43,780243;4,29279
202300025614;18;4;2023;14:54;1;75;75110;2;2;1;4;RUE LA FAYETTE;48,87852;2,354068
202300025615;18;4;2023;09:15;1;75;75110;2;2;1;3;RUE DU FAUBOURG SAINT MARTIN;48,871771;2,357131
202300025616;6;8;2023;01:30;3;30;30344;1;2;1;5;Route Nationale 113;43,73982104;4,24346387
202300025617;18;4;2023;09:00;1;75;75110;2;3;1;3;RUE D ABBEVILLE;48,87863;2,350543
202300025618;18;4;2023;11:40;1;75;75109;2;4;1;5;RUE HALEVY;48,871157;2,332344
202300025619;3;8;2023;15:52;1;1;1451;1;1;1;2;A40 PK167+700;46,23835653;5,27549744
202300025620;18;4;2023;00:01;5;75;75107;2;3;1;2;AVENUE DE LA BOURDONNAIS;48,859917;2,296674
202300025621;6;8;2023;15:00;1;68;68300;1;1;1;6;Sausheim (Embranchement d'autoroute);47,790173;7,398895
202300025622;17;4;2023;15:40;1;75;75104;2;2;1;6;RUE FRANCOIS MIRON;48,855354;2,35959
202300025623;6;8;2023;07:20;2;68;68309;1;1;1;2;A35;47,671442;7,471991
202300025624;17;4;2023;14:40;1;75;75103;2;3;1;3;RUE DU TEMPLE;48,866776;2,361965
202300025625;17;4;2023;22:15;5;94;94068;2;1;1;6;Avenue de l’Alma;48,7853;2,4952
202300025626;4;8;2023;13:15;1;31;31004;1;1;1;6;A61 PK 253.900;43,452091;1,59851
202300025627;18;4;2023;18:25;1;94;94058;2;1;8;3;Avenue du Général de Gaulle;48,84768;2,4979
202300025628;18;4;2023;12:00;1;94;94076;2;1;1;3;Boulevard Maxime Gorki;48,79237347;2,36948363
202300025629;5;8;2023;15:40;1;987;98715;2;9;1;3;Face au marché de FAA'A;-17,584;-149,56
202300025630;18;4;2023;07:50;1;94;94043;2;1;1;3;Avenue de Fontainebleau;48,80901;2,36263
202300025631;6;8;2023;22:00;4;64;64021;1;1;1;6;A 64 PK 114.000 sens toulouse bayonne;43,298198;-0,230885
202300025632;18;4;2023;01:00;5;94;94019;2;2;1;6;Pont de Chennevières;48,79043313;2,52227077
202300025633;7;8;2023;09:30;1;13;13007;1;1;1;1;A52 P.K 14.160;43,360869;5,614538
202300025634;17;4;2023;14:25;1;94;94017;2;1;1;2;Boulevard de Stalingrad;48,82084419;2,49999958
202300025635;17;4;2023;21:25;5;93;93078;2;2;1;3;Boulevard Robert Ballanger / Avenue Emile Dambel;48,95747;2,54512
202300025636;18;4;2023;20:01;1;93;93064;2;3;1;3;Rue Leon Blum / Rue Conrad Adenauer;48,88097308;2,48008168
202300025637;4;8;2023;07:58;1;38;38486;2;9;1;2;D6;45,159729;5,694681
202300025638;18;4;2023;11:25;1;93;93031;2;1;1;1;Boulevard Foch;48,94452638;2,33741158
202300025639;17;4;2023;23:00;5;93;93031;2;3;1;1;Avenue Joffre / Rue des Carrières;48,95874;2,3008
202300025640;6;8;2023;14:45;1;34;34329;1;1;1;2;A9;43,295117;3,198379
202300025641;18;4;2023;21:45;5;93;93007;2;2;8;2;Avenue Hoche / Avenue Ambroise Croizat;48,93443923;2,46848355
202300025642;18;4;2023;16:25;1;93;93001;2;1;1;6;Pont de Stains;48,907425;2,376751
202300025643;18;4;2023;19:15;1;92;92046;2;3;2;3;PIERRE BROSSOLETTE (AVENUE);48,81715068;2,30712086
202300025644;18;4;2023;08:50;1;92;92072;2;1;1;6;GRANDE RUE;48,82710365;2,22204119
202300025645;18;4;2023;09:10;1;92;92050;2;5;1;2;RENAN ERNEST RUE;48,89289605;2,18661457
202300025646;5;8;2023;15:30;1;13;13103;1;1;1;2;A7;43,662516;5,099394
202300025647;18;4;2023;18:40;1;92;92020;2;1;1;6;DEFORGES RUE ETIENNE N° PAIRS;48,79897029;2,28690237
202300025648;18;4;2023;16:00;1;92;92040;2;1;1;7;GAMBETTA (BOULEVARD);48,82725198;2,27821738
202300025649;4;8;2023;18:25;3;987;98740;1;1;1;1;Atoll de TIKEHAU;-15,364;-147,964
202300025650;16;1;2023;06:00;5;91;91174;2;1;2;6;RUE DE PARIS;48,60539;2,46733
202300025651;17;4;2023;22:45;5;92;92040;2;3;1;3;GOUVERNEUR GAL EBOUE DU 02 AU 64;48,82593;2,26953
202300025652;15;1;2023;14:20;1;91;91521;2;1;1;6;BONTE (RUE);48,65895;2,4121
202300025653;6;8;2023;13:00;1;988;98822;1;1;1;6;Ometteux (Tribu);-21,004494;165,404314
202300025654;18;4;2023;09:25;1;92;92026;2;3;1;3;VERDUN (DE 62 A FIN);48,90131655;2,26000392
202300025655;11;1;2023;16:10;1;91;91174;2;1;1;3;BD JEAN JAURES;48,60611;2,4666
202300025656;4;8;2023;19:20;3;988;98803;1;1;1;6;RT1 - NESSSADIOU;-21,624608;165,546209
202300025657;5;8;2023;09:50;1;974;97403;2;1;1;7;270 Rue Jean Lauret;-21,244392;55,480276
202300025658;18;4;2023;18:45;1;92;92060;2;6;1;3;CHARLES DE GAULLE (PLACE);48,7727904;2,25171179
202300025659;11;1;2023;15:05;1;91;91521;2;1;1;4;ROUTE DE MENNECY ;48,64241;2,42043
202300025660;10;1;2023;08:10;5;91;91174;2;1;1;6;RUE DE LA POUDRERIE;48,60427;2,4775
202300025661;18;4;2023;14:30;1;92;92012;2;2;1;7;MEUDON (RUE DE) - COTE IMPAIR;48,82554285;2,24188149
202300025662;4;8;2023;11:20;1;973;97303;1;1;1;5;N1 - Trou Poissons;5,441877;-53,115463
202300025663;19;4;2023;05:00;3;83;83058;1;1;1;6;Route de Salernes;43,544987;6,322095
202300025664;4;1;2023;07:50;5;91;91228;2;1;2;6;AV DE L ORME A MARTIN;48,63068;2,41274
202300025665;7;8;2023;07:00;1;973;97304;1;4;1;3;PK41;5,08901;-52,612453
202300025666;18;1;2023;14:13;1;84;84087;1;6;1;1;VENISSAT-NORD (CHEMIN DE);44,11479;4,81979
202300025667;18;4;2023;18:40;1;41;41157;1;2;1;3;D20/D144;47,454791;1,575707
202300025668;25;1;2023;09:00;2;76;76231;1;1;8;7;Rue du Thuit Anger;49,282381;0,991424
202300025669;18;4;2023;17:40;1;11;11203;2;1;1;6;1a Avenue Georges Clémenceau;43,20012;2,76451
202300025670;5;8;2023;16:30;1;971;97118;2;1;1;3;Daubin;16,223771;-61,602799
202300025671;24;1;2023;07:25;2;76;76540;2;2;1;3;Rue d'Ornay;49,44323;1,12272
202300025672;19;4;2023;13:50;1;84;84091;2;3;1;3;2167 Avenue de Provence;44,174479;4,761618
202300025673;24;1;2023;15:45;1;76;76351;2;3;1;1;BELLOT;49,48534;0,1271
202300025674;19;4;2023;08:30;1;30;30076;2;1;1;6;Rue de Bagnols;44,113315;4,524043
202300025675;6;8;2023;02:45;3;971;97114;1;1;1;1;N1;16,144835;-61,582811
202300025676;18;4;2023;17:00;1;56;56243;2;1;1;6;route de l'hippodrome;47,635755;-2,723558
202300025677;24;1;2023;09:00;1;71;71486;2;2;1;3;WALDECK ROCHET (AVENUE);46,663202;4,369903
202300025678;19;4;2023;16:00;1;82;82025;1;2;1;3;4195 Route de Montbartier;43,968446;1,320822
202300025679;3;8;2023;15:05;1;972;97228;2;1;1;1;route nationale 1 belle étoile;14,76982;-60,985574
202300025680;25;1;2023;08:55;1;67;67482;2;3;8;3;SOLEURE (RUE DE);48,5775;7,75478
202300025681;19;4;2023;15:40;1;63;63139;1;1;1;1;ROUTE DÉPARTEMENTALE 906;45,37334467;3,75282142
202300025682;6;8;2023;08:10;1;44;44020;1;1;1;6;N/A;47,169235;-1,651683
202300025683;18;4;2023;14:40;1;63;63296;1;9;1;3;Route départementale 10;45,775268;3,382866
202300025684;24;1;2023;23:09;5;67;67482;2;1;1;6;KELLERMANN (QUAI);48,58604;7,74508
202300025685;19;4;2023;09:25;1;61;61063;1;1;1;7;D924;48,710156;-0,390736
202300025686;2;8;2023;18:00;1;33;33214;2;3;1;1;Avenue du Cantabria;45,006928;-1,193025
202300025687;24;1;2023;17:00;5;67;67482;2;1;1;4;LOUIS PASTEUR (QUAI);48,57431;7,73997
202300025688;19;4;2023;10:10;1;61;61240;1;3;1;4;D958;48,626884;0,131138
202300025689;4;8;2023;08:15;1;37;37118;1;2;9;1;D16;47,207839;0,253909
202300025690;18;4;2023;23:52;3;49;49125;2;6;1;6;Boulevard du docteur lionet;47,188371;-0,288568
202300025691;22;1;2023;00:30;5;67;67204;1;1;4;6;FONTAINE (RUE DE LA);48,62468;7,73961
202300025692;4;8;2023;20:40;2;77;77486;1;1;1;6;D2a;48,702046;3,10112
202300025693;19;4;2023;10:25;1;12;12107;1;1;1;6;Route de Rodez;44,363632;2,89479
202300025694;24;1;2023;18:08;2;66;66136;2;3;1;3;;42,69482;2,889091
202300025695;4;8;2023;11:50;1;95;95348;1;1;1;2;D14;49,074133;1,952852
202300025696;25;1;2023;08:30;1;62;62907;1;9;1;1;D917;50,485172;2,985604
202300025697;13;4;2023;17:33;1;68;68059;1;1;1;5;D83;47,730116;7,161992
202300025698;5;8;2023;03:10;3;91;91661;1;1;1;1;Avenue de la Plesse;48,697929;2,2487
202300025699;20;1;2023;16:10;1;59;59527;2;1;1;6;LECLERC RUE DU GENERAL;50,66608;3,04998
202300025700;7;8;2023;09:55;1;91;91038;1;1;1;7;Route de Villeneuve;48,484937;2,229323
202300025701;25;1;2023;08:15;1;59;59350;2;1;1;3;FAUBOURG D'ARRAS RUE;50,60381448;3,05665612
202300025702;18;4;2023;22:41;3;68;68078;1;1;1;1;D83;48,046784;7,322747
202300025703;24;1;2023;13:40;1;55;55545;2;1;1;3;MISS SIBLEY;49,15177;5,39578
202300025704;15;4;2023;20:15;2;35;35306;1;2;1;6;d76;48,579957;-1,916728
202300025705;10;4;2023;22:10;3;29;29281;1;1;1;6;Kerveguen;47,993167;-3,815104
202300025706;5;8;2023;09:25;1;2B;2B193;1;1;1;1;francardo T20;42,386991;9,193078
202300025707;25;1;2023;10:49;1;49;49267;2;3;1;3;TAILLANDERIE;47,46884;-0,50133
202300025708;18;4;2023;19:30;1;29;29031;1;1;1;2;Route de Lorient;47,798591;-3,522878
202300025709;24;1;2023;18:45;5;49;49007;2;1;1;2;GAULLE BOULEVARD CHARLES DE;47,46937;-0,5606
202300025710;7;8;2023;14:45;1;2B;2B199;1;1;1;2;route territoriale 30;42,652408;9,073784
202300025711;24;1;2023;17:20;2;49;49007;2;1;1;2;FOCH BOULEVARD;47,46813;-0,5507
202300025712;7;8;2023;09:40;1;2B;2B314;1;1;1;7;PSITE DE SALECCIA - CASTA;42,683823;9,176674
202300025713;19;4;2023;08:30;1;31;31160;1;1;1;3;Route de Toulouse;43,67852702;1,26580779
202300025714;24;1;2023;04:45;4;49;49015;2;1;1;6;219 Avenue Pierre Mendès-France;47,50671;-0,58967
202300025715;6;8;2023;06:00;2;2B;2B188;1;1;1;7;Pont de Torreno;42,592616;9,363651
202300025716;19;4;2023;06:20;2;2;2810;2;1;1;6;1 Rue Lavoisier;49,253171;3,097495
202300025717;25;1;2023;07:55;2;45;45284;1;1;2;4;D2060 PR 90 + 325;47,92302;1,9936
202300025718;6;8;2023;10:45;1;34;34213;1;3;1;3;Avenue de Sète;43,474513;3,678424
202300025719;18;4;2023;17:20;1;1;1050;2;3;1;2;Route de Saint Jean;46,384173;4,998641
202300025720;24;1;2023;19:15;5;44;44184;2;5;1;3;47 Boulevard du Moulin de La Butte;47,2865;-2,2185
202300025721;5;8;2023;19:20;1;34;34063;1;1;1;1;D13e5;43,493997;3,383446
202300025722;25;1;2023;03:50;3;44;44162;1;1;1;6;Rue de la Syonnière;47,24727;-1,64693
202300025723;19;4;2023;11:10;1;70;70292;2;6;1;3;Avenue Victor Hugo;47,828003;5,89912
202300025724;4;8;2023;10:00;1;34;34145;2;4;1;3;Avenue de Mauguio;43,67417;4,127667
202300025725;25;1;2023;18:10;1;41;41018;2;1;1;2;VENDOME (AVENUE DE);47,581535;1,3060893
202300025726;19;4;2023;14:50;1;5;5045;1;1;1;3;RN 94;44,532631;6,454597
202300025727;4;8;2023;02:00;3;84;84147;1;9;1;7;D973;43,702475;5,443425
202300025728;25;1;2023;18:45;5;37;37122;2;3;1;3;MARTYRS (RUE DES);47,35514;0,66696
202300025729;29;7;2023;16:30;1;83;83027;1;1;1;7;D66;43,201782;5,735362
202300025730;18;4;2023;14:20;1;64;64405;1;1;1;1;RD 943;43,338273;-0,263811
202300025731;25;1;2023;05:55;5;37;37261;2;2;1;7;RABELAIS (PLACE);47,38455;0,67689
202300025732;18;4;2023;15:15;1;18;18165;1;1;1;1;N/A;47,344043;2,302344
202300025733;25;1;2023;13:50;1;35;35278;1;3;1;2;RD 29;48,1582;-1,6974
202300025734;5;8;2023;16:00;1;83;83127;1;1;1;1;Route de Marseille;43,270894;5,790675
202300025735;18;4;2023;12:15;1;16;16194;1;2;1;3;D88;45,937913;-0,067938
202300025736;24;1;2023;08:20;1;34;34003;2;1;1;2;19 Avenue du 8 Mai 1945;43,3169;3,475
202300025737;18;4;2023;17:30;1;37;37179;2;4;1;3;D77;47,44980299;0,72437831
202300025738;25;1;2023;13:55;1;33;33162;2;6;1;3;Avenue de Saint-Medard;44,86404;-0,66098
202300025739;3;8;2023;10:30;1;83;83115;1;1;1;3;Av du Croiseur Leger le Malin;43,329025;6,667392
202300025740;18;4;2023;17:00;1;30;30161;1;1;1;2;N/A;44,024796;4,111537
202300025741;25;1;2023;21:50;5;31;31555;2;1;2;1;CHE DE LESTANG;43,55849;1,39435
202300025742;3;8;2023;15:30;1;83;83068;1;3;1;3;Route du Littoral;43,288628;6,604049
202300025743;23;1;2023;17:30;2;29;29019;1;1;1;2;D112;48,42257538;-4,47700816
202300025744;18;4;2023;20:50;2;88;88488;1;2;1;3;D165;48,19194;6,092252
202300025745;25;1;2023;19:10;5;22;22113;2;6;1;6;RESISTANCE (AVENUE DE LA);48,74741;-3,4613
202300025746;4;8;2023;13:40;1;83;83107;1;1;1;1;Route Nd7;43,461739;6,654834
202300025747;18;4;2023;17:05;1;62;62836;1;1;1;2;A26;50,509197;2,623295
202300025748;24;1;2023;08:25;2;18;18255;1;6;1;2;;47,04059;2,3304
202300025749;3;8;2023;18:10;1;6;6157;2;1;7;1;Route de Saint-Jeannet;43,733441;7,121211
202300025750;19;4;2023;06:45;1;976;97605;2;1;2;1;D16 CHICONI route du collège;-12,833488;45,122148
202300025751;5;8;2023;14:55;1;13;13042;1;1;1;6;rd2;43,303008;5,668001
202300025752;25;1;2023;18:15;5;14;14220;2;2;1;3;128-130 Avenue de la République;49,358089;0,075989
202300025753;19;4;2023;07:40;1;60;60533;1;1;1;2;A1;49,55012127;2,73059725
202300025754;25;1;2023;18:25;5;14;14137;1;3;1;3;D9;49,18721;-0,42195
202300025755;17;4;2023;20:15;3;987;98714;2;1;1;6;RT 101 Quai de Fare Piti - District de NUNUE;-16,388;-151,765
202300025756;5;8;2023;18:25;1;13;13097;1;1;6;1;D24;43,59873;4,778538
202300025757;24;1;2023;21:00;3;10;10357;1;1;1;2;N/A;48,30447;4,09979
202300025758;7;8;2023;15:00;1;13;13096;1;1;1;1;D38;43,52200104;4,38665792
202300025759;8;3;2023;08:45;1;29;29232;2;2;2;3;Rue du Frugy;47,98743839;-4,09855038
202300025760;24;1;2023;15:25;1;10;10387;2;6;1;3;ROBERT GALLEY (RUE);48,28982;4,06751
202300025761;17;4;2023;12:36;1;988;98821;2;1;2;7;N'dé (Tribu);-22,151562;166,302189
202300025762;1;8;2023;19:10;1;13;13059;1;6;7;6;RD96;43,642147;5,534331
202300025763;24;1;2023;20:00;5;6;6088;2;1;1;6;VERANY (BD J.B.);43,7096;7,28396
202300025764;7;3;2023;21:45;5;29;29019;2;2;3;3;rue Traverse;48,385811;-4,490721
202300025765;18;4;2023;16:15;1;66;66164;2;6;1;3;N/A;42,77111138;2,8841123
202300025766;24;1;2023;19:10;1;974;97411;1;1;3;6;LITTORAL (ROUTE 2 DU);-20,89634657;55,37607729
202300025767;6;3;2023;15:40;1;29;29019;2;2;1;3;rue Fautras;48,389436;-4,492625
202300025768;18;4;2023;17:20;1;83;83101;1;3;1;1;Route des Plages;43,251185;6,644497
202300025769;23;1;2023;16:55;1;974;97411;2;1;2;2;VICTOIRE (AVENUE DE LA);-20,87701;55,44799
202300025770;4;8;2023;18:15;1;71;71382;1;8;1;3;champ cornu;46,517927;3,857864
202300025771;24;1;2023;11:20;1;69;69388;2;1;1;6;Boulevard des Etats-Unis;45,7352;4,86542
202300025772;16;3;2023;15:15;1;83;83138;2;1;1;2;Route Departementale 562;43,609482;6,735778
202300025773;4;8;2023;23:10;3;10;10030;1;1;3;6;D610;48,325983;4,029161
202300025774;24;1;2023;07:43;2;69;69388;2;1;1;1;133 Rue Marius Berliet;45,73925;4,8662
202300025775;17;4;2023;22:00;3;13;13035;1;1;1;7;D569;43,676656;5,026717
202300025776;4;3;2023;16:50;1;26;26198;2;9;1;3;Avenue John Fitzgerald Kennedy;44,55396487;4,74203825
202300025777;6;8;2023;18:15;1;68;68329;2;1;2;6;11 Route de la Schlucht;48,04899;7,115298
202300025778;24;1;2023;09:45;1;69;69389;2;1;8;6;177 Avenue Sidoine Apollinaire;45,76198;4,80437
202300025779;19;4;2023;00:30;3;71;71481;1;2;1;7;Rue des Fougères;46,197894;4,773034
202300025780;5;8;2023;16:15;1;67;67010;1;1;1;3;D 425;48,39479;7,386804
202300025781;24;1;2023;07:35;5;69;69389;2;1;1;6;22 Avenue Joannès Masset;45,76872318;4,80102913
202300025782;23;5;2023;16:35;1;73;73008;2;6;1;3;MASSONNAT CHEMIN DES;45,70312;5,92956
202300025783;8;3;2023;22:41;5;17;17300;2;3;8;3;NORMANDIN   RUE EMILE;46,15042;-1,14614
202300025784;6;8;2023;06:50;2;67;67080;1;1;2;6;RD 93;48,548635;7,550434
202300025785;18;4;2023;18:30;1;57;57211;2;2;1;2;Rue de la Fontaine Chaudron;49,186686;6,146336
202300025786;24;1;2023;07:25;5;69;69034;2;1;1;6;120 Rue Pasteur;45,79445201;4,84666421
202300025787;23;5;2023;17:00;1;69;69029;2;1;1;3;Route de Genas;45,75105;4,90711
202300025788;23;1;2023;16:00;1;971;97113;1;1;1;6;Morne Salines;16,2118;-61,4407
202300025789;6;8;2023;01:15;3;55;55324;1;1;3;7;D643;49,45929316;5,41275528
202300025790;19;4;2023;16:00;1;73;73179;2;6;1;3;Rue de l'Erier;45,598583;5,886875
202300025791;15;1;2023;13:00;1;971;97113;1;1;1;7;GRAND BAIE ( RN4);16,21793688;-61,50968313
202300025792;3;5;2023;17:10;1;69;69091;2;1;1;2;Route Neuve;45,5838976;4,76730062
202300025793;7;8;2023;15:22;1;57;57724;1;6;1;3;N52;49,263653;6,109343
202300025794;15;1;2023;17:00;1;971;97113;1;1;1;4;GRAND BAIE ( RN4);16,21944095;-61,51654959
202300025795;8;3;2023;13:30;1;14;14437;1;1;2;5;N814;49,17735;-0,31747
202300025796;18;4;2023;10:10;1;1;1345;1;1;1;3;D1075;45,955797;5,3258
202300025797;24;5;2023;21:18;2;66;66136;2;3;1;5;;42,71977;2,88659
202300025798;24;1;2023;13:20;1;2A;2A004;2;3;2;3;BIANCAMARIA COLONEL ET CAPITAINE AVE;41,93292609;8,73736113
202300025799;8;3;2023;12:20;1;13;13117;1;1;1;3;;43,42727907;5,26433786
202300025800;18;4;2023;17:35;1;69;69127;1;9;1;3;Avenue Bourgelat;45,794669;4,719636
202300025801;4;8;2023;16:20;1;3;3040;1;3;1;5;D2009;46,546225;3,320205
202300025802;24;1;2023;09:15;1;2A;2A004;2;9;1;3;CAMPI LOUIS BD;41,94358;8,75436
202300025803;19;4;2023;08:00;1;64;64135;1;1;1;6;Route de Dax;43,554738;-0,803654
202300025804;8;3;2023;19:00;2;13;13210;2;1;1;2;PAUL CLAUDEL (BOULEVARD);43,26969573;5,42172105
202300025805;24;5;2023;08:11;1;66;66136;2;3;1;5;;42,68757;2,87208
202300025806;24;1;2023;08:23;1;2A;2A004;2;1;1;6;VAZZIO CITE EDF;41,93559;8,79335