Num_Acc;jour;mois;an;hrmn;lum;dep;com;agg;int;atm;col;adr;lat;long
202300025807;4;8;2023;15:40;1;63;63263;1;1;1;1;D68;45,768024;3,022141
202300025808;26;5;2023;16:40;1;64;64348;1;1;1;2;SANTONA DE;43,32126;-0,39354
202300025809;19;4;2023;15:35;1;14;14733;1;1;1;2;4 Vaussieux;49,26600061;-0,61310174
202300025810;7;3;2023;15:55;1;11;11069;2;1;2;3;8 Avenue du Souvenir Francais;43,20849;2,38387
202300025811;29;7;2023;23:00;3;42;42132;1;1;1;7;Route du Bourg;45,385107;4,727404
202300025812;24;1;2023;07:10;5;91;91027;2;1;1;2;VC QUAI DE L'INDUSTRIE;48,6976;2,3946
202300025813;26;5;2023;09:40;1;64;64445;2;6;1;3;BACHAGA BOUALAN;43,3164;-0,37487
202300025814;8;3;2023;13:55;1;6;6088;2;1;1;6;GIACOBI (AV.);43,711006;7,292427
202300025815;6;8;2023;12:30;1;7;7119;1;1;1;7;D16;44,82697696;4,08143027
202300025816;16;4;2023;17:55;1;27;27447;1;2;1;3;D830 ;48,9618;0,959469
202300025817;4;8;2023;17:20;1;1;1342;1;1;1;6;D2a;45,895724;5,028407
202300025818;26;5;2023;15:00;1;59;59279;2;1;1;6;PERI (RUE GABRIEL);50,784209;3,131931
202300025819;24;1;2023;07:35;2;85;85191;2;6;1;3;PALISSY ROND-POINT BERNARD;46,69039;-1,4289
202300025820;9;4;2023;20:30;2;60;60612;1;9;1;7;N324;49,209092;2,606555
202300025821;6;8;2023;09:45;1;1;1185;2;1;2;6;route départementale 8;45,978176;5,601777
202300025822;7;3;2023;21:15;5;75;75120;2;1;2;7;ECHANGEUR BAGNOLET;48,8645289;2,41338193
202300025823;26;5;2023;20:40;1;59;59512;2;3;1;3;Boulevard du Général de Gaulle;50,687465;3,174955
202300025824;19;4;2023;12:20;1;59;59091;1;6;1;7;113 Route Nationale;50,73176517;2,56778598
202300025825;7;3;2023;02:52;5;75;75112;2;1;1;6;QUAI DE BERCY;48,82834422;2,38826573
202300025826;4;5;2023;21:10;5;59;59360;2;1;1;6;CALMETTE RUE DU DOCTEUR;50,61336;3,01209
202300025827;24;1;2023;08:30;2;83;83137;2;1;3;2;HERRIOT (AVE EDOUARD);43,12931;5,8996
202300025828;6;8;2023;07:00;2;81;81038;1;1;1;6;A68;43,885877;1,943014
202300025829;13;4;2023;12:13;1;13;13213;2;1;1;2;A507 sens Aubagne- Marseille;43,32693815;5,42017771
202300025830;5;8;2023;22:10;3;81;81165;1;1;1;6;Route de Bonnan;44,134513;1,870573
202300025831;25;5;2023;07:50;1;57;57672;2;1;1;6;CHATEAU JEANNOT (RUE) ;49,36782;6,14962
202300025832;23;1;2023;14:15;1;83;83090;1;1;1;5;CANNIERS (CHEMIN DES);43,12332;5,88157
202300025833;6;3;2023;18:30;2;75;75106;2;3;1;3;RUE D ASSAS;48,846313;2,330985
202300025834;17;4;2023;17:20;1;33;33192;1;1;1;4;ROCADE A 630;44,787556;-0,598352
202300025835;4;8;2023;21:30;2;46;46102;2;3;1;3;Avenue du Marechal Joffre;44,608053;2,026049
202300025836;24;1;2023;19:00;5;81;81004;2;4;1;3;PARTISANS (ESPL DES);43,93107;2,14725
202300025837;26;5;2023;15:15;1;54;54395;2;1;1;3;Rue Marcel Brot;48,67801;6,20537
202300025838;8;3;2023;19:05;5;75;75120;2;2;8;6;BOULEVARD DE BELLEVILLE;48,872109;2,377036
202300025839;22;1;2023;16:45;1;80;80131;1;1;1;6;Rue Jean Leroy;49,86376;2,35148
202300025840;4;8;2023;20:50;1;79;79049;2;2;1;3;N/A;46,84026;-0,4932
202300025841;18;4;2023;13:58;1;94;94034;1;1;1;4;D86;48,75923;2,32379
202300025842;8;3;2023;17:25;1;75;75120;2;1;3;1;RUE D AVRON;48,851866;2,401376
202300025843;26;5;2023;13:00;1;54;54547;2;3;1;3;Avenue Jeanne d'Arc;48,65863;6,17926
202300025844;24;1;2023;18:20;3;79;79003;1;1;1;2;N/A;46,30768;-0,43009
202300025845;18;4;2023;16:30;1;95;95277;1;1;1;7;A3;48,97291672;2,48744845
202300025846;24;1;2023;13:14;1;77;77495;2;1;8;6;POUILLY (RUE DE);48,57026;2,61937
202300025847;6;8;2023;14:39;1;17;17064;1;2;1;4;D14;45,690471;-1,024872
202300025848;26;5;2023;08:50;1;54;54184;1;1;1;6;RD 674;48,70171961;6,24256521
202300025849;24;1;2023;18:05;5;77;77058;2;1;1;6;ANDRE MALRAUX (AVENUE);48,84274;2,723898
202300025850;26;5;2023;15:00;1;51;51454;2;6;1;7;avenue de l'Europe;49,25228;4,06286
202300025851;6;8;2023;02:10;5;17;17225;2;2;1;7;Avenue de la Palmyre;45,715158;-1,15625
202300025852;24;1;2023;03:10;3;77;77221;1;1;1;6;D217B;48,85228;2,72221
202300025853;8;3;2023;16:10;1;75;75120;2;5;2;3;AVENUE GAMBETTA;48,871725;2,404383
202300025854;22;6;2023;23:38;4;16;16078;2;1;1;6;Rue des Plantiers;45,72816633;0,18213894
202300025855;26;5;2023;11:50;1;51;51454;2;6;1;3;Place des combattants d'AFN;49,2203348;4,02100146
202300025856;18;4;2023;11:10;1;95;95277;1;1;1;2;A1;48,977517;2,493333
202300025857;24;1;2023;06:30;5;76;76540;2;3;1;3;Boulevard du Midi;49,433788;1,043926
202300025858;8;3;2023;14:45;1;75;75120;2;3;2;1;RUE MARTIN GARAT;48,865178;2,407279
202300025859;22;1;2023;22:00;5;76;76351;2;1;1;6;JULES DURAND (BD);49,49264;0,16913
202300025860;26;5;2023;08:30;1;49;49099;2;2;1;3;CALINS (AVENUE DES);47,0595;-0,87401
202300025861;17;4;2023;16:30;1;93;93005;1;1;1;4;AUTOROUTE A3;48,9409;2,47896
202300025862;3;8;2023;23:30;3;86;86274;1;2;3;3;D347;47,077375;-0,019692
202300025863;22;1;2023;02:30;5;76;76552;2;6;1;6;EDITH CAVELL;49,50903004;0,08466393
202300025864;25;5;2023;08:49;1;49;49246;1;1;1;2;A87N;47,44816;-0,51528
202300025865;8;3;2023;12:20;1;75;75118;2;3;2;3;RUE DES ROSES;48,89327;2,36143
202300025866;3;8;2023;15:35;1;47;47157;2;1;1;6;Avenue Jean Jaures;44,507023;0,146427
202300025867;24;1;2023;18:50;5;74;74118;2;1;1;6;DEPORTES (ROUTE DES );46,182347;6,230444
202300025868;16;4;2023;19:40;1;95;95527;1;1;1;5;A3;48,98502843;2,50547741
202300025869;27;5;2023;00:50;5;43;43157;2;2;1;3;Avenue Marechal Foch;45,041099;3,888393
202300025870;24;1;2023;12:40;1;74;74010;2;1;1;6;ROMAINS (PLACE DES);45,90847;6,12195
202300025871;16;4;2023;16:55;1;93;93005;1;1;1;2;AUTOROUTE A3;48,94127;2,47883
202300025872;7;3;2023;23:35;5;75;75118;2;3;2;6;9 RUE ORDENER;48,890291;2,358321
202300025873;6;8;2023;12:10;1;33;33554;2;3;1;3;Avenue des Tabernottes;44,87857464;-0,46672213
202300025874;26;5;2023;18:25;1;38;38158;1;1;1;2;RN87;45,151;5,735
202300025875;23;1;2023;16:20;1;72;72181;1;2;1;4;LEFAUCHEUX PIERRE (BD);47,95465;0,1796
202300025876;4;8;2023;22:10;5;33;33056;2;4;1;3;Rue des Gravières;44,93147534;-0,63366383
202300025877;26;5;2023;09:05;1;37;37261;2;7;1;3;CHURCHILL (BOULEVARD WINSTON);47,37371;0,68213
202300025878;8;3;2023;20:40;5;75;75117;2;2;3;3;BOULEVARD BERTHIER;48,893569;2,311795
202300025879;18;4;2023;18:30;1;94;94028;1;1;1;5;A86;48,79310493;2,44131616
202300025880;7;8;2023;19:45;1;33;33284;2;1;1;6;7 Avenue de la République;44,605847;-0,938331
202300025881;23;1;2023;13:20;1;71;71040;2;3;1;2;DE LATTRE DE TASSIGNY (BLD DU MARECHAL);46,670948;4,386307
202300025882;26;5;2023;10:10;1;35;35238;2;6;1;6;CANADA (AVENUE DU);48,0893;-1,68218
202300025883;8;3;2023;19:15;5;75;75117;2;3;2;3;AVENUE NIEL;48,883277;2,296577
202300025884;18;4;2023;13:30;1;77;77495;1;1;1;2;A105;48,58696;2,636647
202300025885;27;5;2023;00:15;5;34;34108;2;1;1;6;29 Avenue des Jardiniers;43,451615;3,756578
202300025886;6;8;2023;10:12;1;85;85163;2;2;1;3;Rue du puits neuf;47,00456609;-2,24534019
202300025887;24;1;2023;16:15;1;70;70388;2;2;8;6;HACQUARD (RUE MARCEL);47,61683668;6,12439983
202300025888;8;3;2023;11:05;1;75;75117;2;1;1;3;RUE DE COURCELLES;48,882129;2,300138
202300025889;6;8;2023;17:45;1;85;85214;1;1;1;6;RD 109;46,5512858;-1,6687926
202300025890;26;5;2023;09:10;1;34;34301;2;1;1;2;26 Promenade Jean-Baptiste Marty;43,39606;3,69535
202300025891;24;1;2023;14:20;1;69;69092;1;1;1;1;Avenue Alfred Gap;46,00726;4,71195
202300025892;23;1;2023;16:30;1;69;69264;2;1;1;6;32 Boulevard Etienne Bernand;45,9863;4,71486
202300025893;4;8;2023;15:30;1;85;85016;1;1;1;3;le plantis;46,6673275;-1,6180939
202300025894;8;3;2023;09:20;1;75;75117;2;2;2;2;PLACE GENERAL CATROUX;48,882517;2,31052
202300025895;24;5;2023;22:35;5;34;34172;2;1;1;1;1107 Avenue de Toulouse;43,59298;3,85948
202300025896;17;4;2023;06:30;2;77;77175;1;1;1;4;RN104;48,665098;2,613261
202300025897;23;1;2023;16:40;1;69;69290;2;1;8;6;17 Rue Anatole France;45,69128;4,93588
202300025898;7;8;2023;15:50;1;85;85300;1;1;1;6;RD4;46,703439;-1,519633
202300025899;17;4;2023;14:35;1;974;97416;2;1;1;7;COLARDEAU (CHEMIN FERNAND);-21,2854;55,46919
202300025900;8;3;2023;13:15;1;75;75116;2;4;1;6;RUE DE CHAILLOT;48,865821;2,29603
202300025901;26;5;2023;19:10;1;33;33063;2;1;1;2;Rue Duffour Dubergier;44,83718;-0,57605
202300025902;7;8;2023;00:40;3;44;44159;1;1;1;7;Rue du four à pain;47,148265;-1,39984
202300025903;24;1;2023;08:30;1;67;67482;2;8;8;3;JEAN JAURES (AVENUE);48,56676;7,77375
202300025904;17;4;2023;15:10;1;974;97411;2;1;1;3;MONTAGNE (ROUTE DE LA);-20,88031;55,44402
202300025905;7;3;2023;08:50;1;75;75116;2;2;1;3;AVENUE THEOPHILE GAUTIER;48,849939;2,27222
202300025906;26;5;2023;10:10;1;33;33281;2;3;7;3;Avenue Léon Blum;44,85254;-0,64314
202300025907;3;8;2023;17:00;1;50;50294;2;3;1;3;2 Le Haut de Tabarin;49,591968;-1,655529
202300025908;24;1;2023;17:05;1;64;64545;2;3;8;3;Rue Paul Gélos;43,37794;-1,67238
202300025909;6;8;2023;15:40;1;50;50616;2;1;1;3;2 Le Grand Neufbourg;48,668132;-1,383435
202300025910;8;3;2023;21:22;5;75;75115;2;2;3;6;ROND POINT DU PONT MIRABEAU;48,84606916;2,27694869
202300025911;26;5;2023;09:40;1;33;33069;2;3;1;3;Avenue d'Eysines;44,86206;-0,61585
202300025912;17;4;2023;21:50;5;974;97407;2;4;1;3;STRASBOURG(BOULEVARD);-20,93823;55,29673
202300025913;24;1;2023;17:10;1;64;64445;2;1;8;4;boulevard de la Paix;43,31732;-0,34238
202300025914;8;3;2023;17:50;1;75;75115;2;1;3;6;QUAI ANDRE CITROEN;48,845123;2,276391
202300025915;4;8;2023;16:15;1;14;14658;1;3;1;3;Route de la Dolère;48,840105;-0,978899
202300025916;25;5;2023;08:40;1;33;33192;2;1;1;3;Avenue Favard;44,78612862;-0,60403615
202300025917;23;1;2023;13:50;1;64;64102;2;1;8;3;Cours Comte de Cabarrus;43,481709;-1,485276
202300025918;6;8;2023;06:25;2;56;56178;2;9;1;6;Rue Henri Dunant;48,058567;-2,969136
202300025919;23;1;2023;18:39;2;63;63113;2;1;1;1;DELILLE (PLACE);45,77988;3,0917
202300025920;8;3;2023;15:35;1;75;75115;2;2;3;1;PONT DE GRENELLE;48,84956397;2,28126168
202300025921;25;5;2023;22:41;5;31;31555;2;1;1;1;RUE MARIE CLAIRE DE CATELLAN;43,62645502;1,4435555
202300025922;5;8;2023;19:25;1;56;56069;2;1;1;3;Route de Port Melite;47,639951;-3,449895
202300025923;21;1;2023;04:15;3;57;57672;2;1;4;6;MONDORFF (ROUTE DE);49,38985966;6,18676186
202300025924;8;3;2023;09:00;1;75;75115;2;1;2;7;13 Boulevard de Grenelle;48,85374331;2,28972673
202300025925;24;1;2023;10:40;1;56;56121;2;1;1;6;VILLARET DE JOYEUSE (RUE);47,76098;-3,37293
202300025926;5;8;2023;02:20;3;29;29181;1;1;2;1;Trévianou;48,479687;-4,260124
202300025927;24;1;2023;00:36;3;56;56121;2;1;1;6;6 Rue Monistrol;47,73867;-3,38092
202300025928;7;3;2023;16:35;1;75;75114;2;3;1;6;49 AVENUE DU MAINE;48,840078;2,321732
202300025929;6;8;2023;01:00;3;22;22176;1;1;1;6;La Mare;48,458096;-2,755433
202300025930;26;5;2023;19:10;1;29;29232;2;1;1;5;Rue Paul Borrossi;47,98754;-4,1292
202300025931;8;3;2023;16:30;1;75;75108;2;1;2;3;AVENUE GEORGE V;48,865464;2,301402
202300025932;3;8;2023;16:30;1;35;35178;1;1;2;3;La Bouzille;48,287984;-1,438975
202300025933;23;1;2023;19:25;5;56;56107;1;1;1;4;Quélisoy les Bruyères;47,72209;-3,38232
202300025934;26;5;2023;20:55;1;28;28404;1;1;1;6;BERTIN (RUE JEAN);48,71057;1,376
202300025935;5;8;2023;17:12;1;35;35334;2;1;1;1;76 Rue Nationale;48,156596;-1,591709
202300025936;23;1;2023;15:00;1;54;54395;2;1;1;6;Boulevard Lobau;48,6818;6,1976
202300025937;8;3;2023;20:05;5;75;75103;2;2;1;3;RUE DE TURBIGO;48,866844;2,361913
202300025938;26;5;2023;21:05;1;28;28404;2;1;1;6;CHAPPEY (AVE MARC);48,73044;1,34035
202300025939;14;1;2023;22:00;5;44;44109;2;9;2;6;13 Rue Gaëtan Rondeau;47,20671;-1,533915
202300025940;26;5;2023;07:35;1;27;27681;2;1;1;7;IVRY (ROUTE D');49,07252;1,47339
202300025941;4;8;2023;10:30;1;76;76658;2;1;1;6;Route du Chêne;49,504858;0,364609
202300025942;22;1;2023;05:20;3;40;40192;2;1;1;7;CANENX (AV DE) R.D. 53;43,9121;-0,48126
202300025943;8;3;2023;10:20;1;75;75102;2;2;5;4;BOULEVARD DES ITALIENS;48,871285;2,335932
202300025944;3;8;2023;20:20;1;76;76647;1;1;1;7;21 Avenue Maréchal de Lattre de Tassigny;49,536779;0,367475
202300025945;26;5;2023;11:30;1;27;27299;2;1;1;3;BRIAND (AVENUE ARISTIDE);49,04206;1,1596
202300025946;13;11;2023;18:00;5;13;13004;2;1;1;3;AV STALINGRAD;43,68813;4,63594
202300025947;24;1;2023;11:20;1;37;37261;2;2;1;6;TANNEURS (RUE DES);47,39582;0,68041
202300025948;7;3;2023;18:50;5;75;75104;2;3;1;6;6 QUAI DE GESVRES;48,856573;2,34953
202300025949;24;5;2023;11:30;1;27;27229;2;9;1;2;CONCHES (ROUTE DE);49,0190902;1,118632
202300025950;4;8;2023;12:30;1;2;2309;1;1;1;5;N/A;49,53478;3,752394
202300025951;24;1;2023;16:30;1;34;34172;2;1;1;6;545 Avenue du Pont Trinquat;43,59856;3,89055
202300025952;14;11;2023;18:40;5;6;6088;2;1;1;1;Boulevard René Cassin;43,670097;7,215556
202300025953;4;8;2023;04:19;3;59;59267;1;1;1;7;départementale 89;50,062766;3,150136
202300025954;8;3;2023;14:00;1;94;94081;2;3;2;3;Rue Auber / Rue Gournay;48,80411;2,37252
202300025955;26;5;2023;08:55;1;25;25056;2;6;1;2;VESOUL RUE DE (sup 52);47,2595;6,00846
202300025956;24;1;2023;00:10;5;33;33063;2;3;1;3;Cours d'Albret;44,83841029;-0,5817309
202300025957;4;8;2023;18:05;1;13;13005;1;1;1;2;A50-Sens Marseille vers Aubagne;43,28699573;5,56574464
202300025958;13;11;2023;08:25;1;6;6088;2;2;7;3;VERANY (BD J.B.);43,71635;7,28254
202300025959;26;5;2023;17:20;1;22;22278;2;6;1;7;ABERYSWITH (ROND POINT);48,49826;-2,75258
202300025960;8;3;2023;18:52;5;94;94071;2;4;2;3;Rue du Moulin à Vent;48,763883;2,529391
202300025961;4;8;2023;17:25;1;13;13056;1;1;6;2;A55-Sens Martigues vers Marseille;43,39666;5,04399
202300025962;23;1;2023;17:00;2;33;33550;2;3;1;3;Rue Saint Bris;44,79231523;-0,56721479
202300025963;13;11;2023;07:45;1;6;6088;2;9;1;6;STE MARGUERITE (AV.) A PARTIR DU 62-63);43,6781173;7,2182991
202300025964;8;3;2023;13:35;1;94;94075;2;3;2;7;Av du Mal de Lattre de Tassigny;48,73433;2,52032
202300025965;26;5;2023;05:50;1;17;17415;2;1;1;3;GAMBETTA 2 A 72 ET 5 A 87 AVENUE;45,74709;-0,62831
202300025966;4;8;2023;00:57;3;13;13005;1;1;1;6;A50-Sens Marseille vers Aubagne;43,28656021;5,53658673
202300025967;24;1;2023;15:20;1;31;31555;2;1;1;1;BD DE LA MEDITERRANEE;43,58576823;1,46136537
202300025968;12;11;2023;23:07;5;6;6088;2;1;1;1;BISCHOFFSHEIM (BD);43,71941;7,29651
202300025969;8;3;2023;09:55;1;94;94071;2;1;2;6;Rue de la Fosse Rouge;48,77546;2,52428
202300025970;3;8;2023;01:06;3;13;13005;1;1;1;2;A501-Sens Pont de l'Etoile vers Aubagne;43,30337;5,56959
202300025971;26;5;2023;16:15;1;17;17299;2;1;1;1;MILLE PATTES BOULEVARD DES;45,92563;-0,97554
202300025972;24;1;2023;09:14;1;31;31555;1;1;1;3;29 PURPAN  (PERIPH OUEST A620);43,60602;1,40503
202300025973;4;8;2023;11:10;1;83;83144;1;1;1;2;A57;43,13525855;5,99079429
202300025974;26;5;2023;10:00;1;15;15014;2;1;1;2;DAUZIER (BOULEVARD LOUIS);44,92358;2,43118
202300025975;14;11;2023;17:29;3;4;4112;1;1;1;3;BOUTEILLE(CHEMIN DE);43,8349;5,8085
202300025976;24;1;2023;13:15;1;29;29232;1;1;1;2;Rond-Point de Kerustum;47,97963;-4,09453
202300025977;2;8;2023;06:35;1;13;13028;1;1;1;6;A50;43,20238637;5,63307923
202300025978;8;3;2023;12:37;1;93;93073;1;2;1;3;Rue des Terres Noires / Rue du Sonnet;49,00243984;2,53329813
202300025979;26;5;2023;07:20;1;13;13103;1;9;1;2;ROUTE D'ARLES-RN 113;43,64050502;5,05180556
202300025980;14;11;2023;17:35;5;75;75114;2;1;1;3;PORTE DE VANVES;48,821922;2,316733
202300025981;6;8;2023;05:45;2;69;69199;1;1;1;6;Autoroute 7;45,69368763;4,84414887
202300025982;23;1;2023;15:15;1;29;29019;2;3;7;2;rue Monjaret de Kerjegu;48,38907;-4,45671
202300025983;26;5;2023;10:40;1;13;13214;2;1;1;2;DANIELLE CASANOVA PROLONGE (BD);43,32617;5,37449
202300025984;29;7;2023;22:30;3;69;69189;1;1;1;3;Autoroute 7;45,52385931;4,86057455
202300025985;7;3;2023;22:30;5;92;92036;2;2;2;3;BONGARDE (RUE);48,92488;2,325422
202300025986;24;1;2023;18:20;3;27;27375;2;1;1;2;TABARLY (VOIE ERIC);49,21439;1,18029
202300025987;13;11;2023;17:35;5;75;75117;2;1;1;5;BD PERIPHERIQUE INTERIEUR;48,893172;2,303521
202300025988;8;3;2023;11:30;1;92;92073;2;1;1;6;JAURES (AVENUE JEAN);48,864005;2,208598
202300025989;3;8;2023;19:44;1;42;42044;1;1;1;2;RN88;45,38886;4,30136
202300025990;25;5;2023;17:22;1;11;11069;2;3;2;2;;43,23029;2,36051
202300025991;24;1;2023;16:25;1;27;27234;1;1;8;2;RN 154;49,03396;1,1865
202300025992;13;11;2023;16:10;1;75;75116;2;1;2;6;BD PERIPHERIQUE EXTERIEUR;48,857246;2,258489
202300025993;2;8;2023;11:25;1;67;67218;1;1;2;2;M35;48,54934;7,73059
202300025994;8;3;2023;16:20;1;92;92051;2;6;2;3;BINEAU (BOULEVARD, N°53 A 131 ET 52 A 13;48,88669178;2,28305072
202300025995;24;5;2023;14:45;1;11;11069;2;1;1;2;5 Square Gambetta;43,21171;2,35737
202300025996;23;1;2023;17:20;1;22;22187;1;1;1;4;RN12;48,54518;-2,8015
202300025997;13;11;2023;13:00;1;75;75113;2;1;2;2;BD PERIPHERIQUE EXTERIEUR;48,826491;2,389146
202300025998;5;8;2023;14:05;1;33;33003;1;1;1;3;AUTOROUTE A 10;44,93225;-0,46843
202300025999;8;3;2023;20:44;5;92;92050;2;4;2;3;REPUBLIQUE AVENUE DE LA;48,90683256;2,21201509
202300026000;17;1;2023;08:02;2;18;18033;2;2;2;3;60 Boulevard du Marechal Foch;47,078221;2,408881
202300026001;26;5;2023;09:54;1;10;10387;2;2;7;6;Rue Etienne Pedron;48,3106;4,0745
202300026002;14;11;2023;20:30;3;75;75105;2;2;1;3;BOULEVARD DE L HOPITAL;48,843217;2,36418
202300026003;8;3;2023;10:24;1;92;92035;2;3;1;2;Général de Gaulle  ( avenue du );48,90886;2,25532
202300026004;24;1;2023;12:30;1;13;13206;2;1;1;3;NOTRE DAME (BOULEVARD);43,28728046;5,37370697
202300026005;14;11;2023;12:05;1;75;75119;2;1;2;6;AVENUE DE FLANDRE;48,893986;2,380895
202300026006;26;5;2023;07:29;1;10;10362;2;3;1;1;Avenue du General Leclerc;48,29217692;4,04056871
202300026007;8;3;2023;08:55;1;92;92024;2;1;2;7;HENRI BARBUSSE (RUE) DE (1 A 73)   (2 A;48,89722326;2,29957011
202300026008;2;8;2023;12:50;1;33;33487;1;1;2;4;AUTOROUTE A 10;44,95385559;-0,45651197
202300026009;24;1;2023;05:10;5;13;13214;2;1;1;3;BUREL (BOULEVARD);43,31590993;5,38871348
202300026010;14;11;2023;17:15;5;75;75116;2;3;2;2;ALLEE DE LA REINE MARGUERITE;48,864897;2,249075
202300026011;23;5;2023;18:35;1;7;7102;2;6;1;1;Jean MOULIN (Rue);44,937597;4,86353
202300026012;8;3;2023;07:50;1;92;92060;2;1;2;2;GALILEE (AVENUE);48,77400656;2,24489897
202300026013;2;8;2023;15:05;1;59;59462;1;1;1;2;AUTOROUTE A1;50,50830032;3,02539229
202300026014;23;1;2023;18:10;5;13;13005;2;1;1;1;Route de Marseille;43,28492108;5,5510041
202300026015;13;11;2023;08:50;1;75;75114;2;2;1;3;BOULEVARD ARAGO;48,834809;2,341573
202300026016;26;5;2023;01:30;5;75;75120;2;1;1;4;PORTE DE BAGNOLET;48,866942;2,41322
202300026017;8;3;2023;18:20;2;92;92012;2;5;3;1;ALPHONSE LE GALLO (QUAI) 1/34;48,8412;2,2252
202300026018;6;8;2023;15:00;1;91;91689;1;1;1;4;AUTOROUTE A6B;48,74852;2,32784
202300026019;23;1;2023;07:45;2;13;13004;2;1;1;6;AV STALINGRAD;43,6852;4,63402
202300026020;26;5;2023;18:48;1;75;75105;2;3;1;6;BOULEVARD SAINT MARCEL;48,837189;2,353
202300026021;7;3;2023;14:30;1;92;92004;2;1;8;6;MARNE   ( AVENUE DE LA );48,90824;2,28414
202300026022;14;11;2023;16:13;1;75;75113;2;7;2;3;PLACE D ITALIE;48,831092;2,35606
202300026023;24;1;2023;07:45;1;7;7281;2;6;1;2;GROSS-UMSTADT (AVENUE DE);44,9434;4,8576
202300026024;6;8;2023;12:00;1;91;91136;1;1;1;4;AUTOROUTE A10;48,71458;2,27288
202300026025;14;11;2023;00:20;5;75;75107;2;1;1;6;AVENUE CHARLES FLOQUET;48,855642;2,295187
202300026026;4;3;2023;05:25;3;37;37030;1;1;1;7;La Pitronnière;47,59452043;0,86339235
202300026027;26;5;2023;18:05;1;75;75120;2;2;1;6;AVENUE GAMBETTA;48,86495;2,397267
202300026028;25;1;2023;07:20;5;75;75120;2;1;1;2;PORTE DE BAGNOLET;48,862608;2,413553
202300026029;13;11;2023;20:15;5;75;75112;2;3;1;6;RUE DU FAUBOURG SAINT ANTOINE;48,850992;2,377203
202300026030;24;1;2023;20:35;5;75;75112;2;1;1;6;BOULEVARD PERIPHERIQUE INTERIEUR NORD  ;48,842254;2,413632
202300026031;26;5;2023;19:00;1;75;75119;2;3;1;6;RUE PETIT;48,884832;2,381962
202300026032;7;3;2023;11:20;1;6;6161;1;1;1;4;Route du Bord de Mer;43,618667;7,129833
202300026033;5;8;2023;20:50;1;91;91687;1;1;1;5;AUTOROUTE A6;48,66085;2,37098
202300026034;5;8;2023;18:15;1;91;91521;1;1;1;7;AUTOROUTE A6;48,642646;2,391731
202300026035;24;1;2023;08:50;1;75;75115;2;1;1;1;QUAI D ISSY LES MOULINEAUX;48,838819;2,269443
202300026036;14;11;2023;14:15;1;75;75111;2;2;2;3;BOULEVARD VOLTAIRE;48,850411;2,392517
202300026037;8;3;2023;17:45;1;974;97412;2;1;1;3;Rue Raphaël Babet;-21,379247;55,62534
202300026038;4;8;2023;18:45;1;94;94038;1;1;1;4;A6A;48,789453;2,34440982
202300026039;9;3;2023;07:50;2;63;63358;1;1;1;6;D122;46,027597;3,048282
202300026040;23;1;2023;21:59;5;75;75107;2;2;1;3;QUAI ANATOLE FRANCE;48,859548;2,329342
202300026041;26;5;2023;08:30;1;75;75116;2;7;1;3;PLACE DU MARECHAL DE LATTRE DE TASSIGNY;48,871669;2,274052
202300026042;14;11;2023;10:43;1;75;75111;2;3;2;3;AVENUE DE LA REPUBLIQUE;48,863802;2,382271
202300026043;26;5;2023;10:30;1;75;75114;2;1;1;6;RUE DIDOT;48,826976;2,313984
202300026044;4;8;2023;12:25;1;91;91617;1;9;1;2;RN6 PROVINCE / RN104 INT;48,645165;2,534629
202300026045;8;3;2023;14:40;1;28;28048;2;1;3;6;Route Nationale la Bourdiniere;48,318243;1,42885
202300026046;22;1;2023;19:40;5;75;75118;2;1;1;4;BOULEVARD PERIPHERIQUE EXTERIEUR NORD  ;48,90086;2,365712
202300026047;14;11;2023;10:40;1;75;75111;2;2;2;6;RUE SAINT MAUR;48,869462;2,373919
202300026048;25;5;2023;13:05;1;75;75114;2;3;1;6;RUE LIANCOURT;48,833881;2,327263
202300026049;24;1;2023;22:20;5;75;75105;2;3;1;6;RUE LACEPEDE;48,843707;2,353689
202300026050;8;3;2023;13:25;1;67;67283;1;1;2;1;D1004;48,691793;7,38528
202300026051;4;8;2023;13:50;1;91;91553;1;1;2;4;RN 104;48,63145;2,50236
202300026052;14;11;2023;13:08;1;75;75107;2;1;2;2;PLACE JOFFRE;48,852743;2,303232
202300026053;7;3;2023;07:20;1;62;62156;1;1;2;7;la grande place du haut buisson;50,889401;1,755011
202300026054;26;5;2023;18:45;1;75;75113;2;3;1;3;AVENUE D ITALIE;48,825795;2,357398
202300026055;4;8;2023;10:25;1;91;91086;1;1;1;2;RN 104;48,62536;2,39572
202300026056;24;1;2023;16:00;1;75;75116;2;2;1;3;ROUTE DE LA MUETTE A NEUILLY;48,872534;2,264433
202300026057;4;8;2023;02:23;3;91;91617;1;1;1;6;RN6 PROVINCE / RN 104 EXT;48,64409;2,5377
202300026058;26;5;2023;17:15;1;75;75112;2;1;1;2;ROUTE DAUPHINE;48,837576;2,436858
202300026059;13;11;2023;23:15;5;75;75107;2;3;1;3;RUE DE SEVRES;48,846007;2,313901
202300026060;6;3;2023;08:00;1;62;62775;2;1;1;1;Rue d’Eclemy;50,785848;1,902335
202300026061;3;8;2023;20:00;1;91;91377;1;1;1;3;AUTOROUTE A10;48,72196;2,29586
202300026062;6;8;2023;06:26;1;78;78117;1;1;1;6;RN12;48,788308;2,137474
202300026063;25;1;2023;09:10;1;75;75115;2;2;1;3;RUE DE LA CROIX NIVERT;48,835804;2,289715
202300026064;26;5;2023;13:25;1;75;75112;2;3;1;2;ESPLANADE SAINT LOUIS;48,84024;2,436141
202300026065;4;8;2023;12:55;1;78;78321;1;1;1;2;RN12 INT;48,797153;1,909635
202300026066;14;11;2023;23:35;5;75;75107;2;3;1;2;AVENUE RAPP;48,859877;2,300852