Num_Acc;jour;mois;an;hrmn;lum;dep;com;agg;int;atm;col;adr;lat;long
202300026067;9;3;2023;09:40;1;37;37229;1;1;1;2;A10 PK173+800;47,572878;1,053829
202300026068;25;1;2023;14:07;1;75;75113;2;2;1;5;BOULEVARD KELLERMANN;48,819161;2,359476
202300026069;26;5;2023;17:10;1;75;75109;2;2;1;3;RUE DES MATHURINS;48,873136;2,326738
202300026070;25;1;2023;12:05;1;75;75113;2;1;1;6;RUE DE LA PROVIDENCE;48,825475;2,348747
202300026071;14;11;2023;18:50;5;75;75102;2;2;1;3;BOULEVARD DE SEBASTOPOL;48,863398;2,350969
202300026072;7;3;2023;17:45;1;83;83097;1;1;2;1;Chemin Départemental 6;43,469895;5,752072
202300026073;3;8;2023;17:30;1;78;78043;1;1;2;5;A12 W;48,82588;2,07609
202300026074;24;1;2023;15:48;1;75;75113;2;2;1;6;QUAI D AUSTERLITZ;48,841929;2,367915
202300026075;6;8;2023;06:40;1;93;93066;1;1;1;7;AUTOROUTE A1;48,93395618;2,38339584
202300026076;8;3;2023;17:00;1;91;91225;1;1;2;2;Route Nationale 6;48,662983;2,514853
202300026077;13;11;2023;20:45;5;94;94073;2;1;1;2;Boulevard de Stalingrad;48,77383887;2,39942676
202300026078;24;5;2023;23:10;5;75;75108;2;2;1;3;RUE D ANJOU;48,873428;2,322411
202300026079;25;1;2023;16:15;2;75;75112;2;3;1;6;AVENUE DAUMESNIL;48,842414;2,38547
202300026080;7;3;2023;19:00;4;19;19178;1;2;1;1;D 920 LIEU DIT LES POUGES PK 36 + 990;45,266792;1,554973
202300026081;14;11;2023;08:26;1;94;94044;2;1;2;2;24 Avenue Gabriel Péri;48,753753;2,485159
202300026082;26;5;2023;19:30;1;94;94052;2;1;1;6;Boulevard Albert 1er;48,837884;2,493818
202300026083;5;8;2023;17:15;1;95;95154;1;1;2;6;A1;49,04869;2,54723
202300026084;24;1;2023;13:15;1;75;75112;2;2;1;3;AVENUE LEDRU ROLLIN;48,848674;2,372585
202300026085;14;11;2023;14:00;1;94;94052;2;9;9;1;Boulevard de Strasbourg;48,836392;2,475603
202300026086;7;3;2023;22:30;3;56;56240;1;1;3;7;Kerblanquet;47,52876;-2,753411
202300026087;4;8;2023;22:00;3;95;95582;1;1;8;6;A15;48,97054;2,24921
202300026088;26;5;2023;16:00;1;94;94076;2;2;1;7;Avenue de la Division Leclerc;48,784588;2,367381
202300026089;24;1;2023;07:05;2;75;75112;2;2;1;6;RUE CHALIGNY;48,846993;2,383798
202300026090;4;8;2023;17:40;1;93;93005;1;1;2;3;AUTOROUTE A1;48,96114;2,46937
202300026091;13;11;2023;22:00;5;94;94069;1;1;2;2;A4;48,817137;2,453088
202300026092;9;3;2023;09:45;1;2B;2B319;1;1;1;2;10 Penticchie;42,430683;9,523526
202300026093;25;1;2023;15:30;1;75;75110;2;1;1;6;BOULEVARD DE MAGENTA;48,869545;2,362107
202300026094;4;8;2023;09:45;1;93;93039;1;1;1;2;AUTOROUTE A86;48,92692;2,33586
202300026095;6;3;2023;18:41;1;32;32440;2;9;1;7;RD 180;43,639367;0,020165
202300026096;26;5;2023;14:40;1;94;94038;2;9;1;6;97 Avenue du Général de Gaulle;48,78365;2,34576
202300026097;24;1;2023;22:20;5;75;75110;2;2;1;7;BOULEVARD DE MAGENTA;48,878563;2,354059
202300026098;14;11;2023;15:59;1;93;93050;2;2;2;6;Avenue du General de Gaulle / Rue Marx Dormoy;48,8570023;2,53110158
202300026099;2;8;2023;19:00;1;93;93006;1;1;2;3;AUTOROUTE A3;48,86577158;2,41749625
202300026100;25;5;2023;19:20;1;94;94028;2;1;1;6;Avenue de la Pompadour;48,77299;2,43535
202300026101;3;3;2023;17:00;1;89;89063;1;1;1;1;D3;47,984364;3,278711
202300026102;25;1;2023;18:08;5;75;75109;2;1;1;1;RUE DE LA CHAUSSEE D ANTIN;48,87491;2,332463
202300026103;12;2;2023;17:12;1;61;61153;1;1;1;6;Voie Communale;48,71938;-0,070424
202300026104;14;11;2023;06:25;5;93;93048;2;2;1;3;Boulevard Théophile Sueur / Rue de la Cote du Nord;48,8633;2,46666
202300026105;6;8;2023;06:00;2;93;93051;1;1;1;2;A4;48,83501479;2,57867375
202300026106;25;1;2023;12:25;1;94;94041;2;1;8;6;Rue Louise Aglaé Crette;48,80223837;2,39702582
202300026107;26;5;2023;16:44;1;93;93066;2;2;1;2;Rue du Bec à Loué / Av I et Frederic Joliot Curie;48,9335371;2,36995843
202300026108;14;11;2023;17:00;5;93;93029;2;2;8;3;Avenue Jean Jaurès / Avenue Henri Barbusse;48,91983718;2,45139844
202300026109;25;1;2023;17:15;2;94;94080;2;2;1;3;Cours Marigny / Rue d'Idalie;48,8453;2,43966
202300026110;25;5;2023;22:00;5;93;93066;2;4;1;1;Boulevard de la Commune de Paris / Rue de Strasbourg;48,93610499;2,3646348
202300026111;8;3;2023;16:34;1;12;12200;2;2;1;6;Route de Millau - D907;44,186739;3,129164
202300026112;13;11;2023;08:30;1;93;93027;2;1;2;2;Avenue Jean Mermoz;48,93246;2,40668
202300026113;9;3;2023;15:00;1;12;12090;1;1;1;7;D598;44,389651;2,47879
202300026114;25;1;2023;08:35;1;94;94080;2;2;1;3;Avenue de Paris / Avenue du Château;48,84479311;2,43661469
202300026115;26;5;2023;17:00;1;93;93055;2;3;1;3;Avenue Jean Lolive / Route de Noisy;48,89556;2,4267
202300026116;25;1;2023;05:35;5;94;94052;2;2;2;7;Rue du Maréchal Vaillant;48,83943;2,49047
202300026117;14;11;2023;18:08;5;93;93029;2;1;2;3;Rue de Stalingrad;48,91582975;2,42566963
202300026118;9;3;2023;11:20;1;46;46083;1;3;1;2;Pech sagoulet;45,014437;1,579306
202300026119;26;5;2023;10:45;1;93;93055;2;1;1;1;Rue Kléber;48,88670569;2,41167734
202300026120;14;11;2023;17:00;2;93;93007;2;1;2;6;Avenue de la République;48,93609325;2,46652331
202300026121;25;1;2023;00:20;5;94;94041;2;2;1;3;Rue Jean le Galleu / Rue Michelet;48,80955;2,38042
202300026122;7;3;2023;20:40;5;46;46038;2;1;1;6;162 boulevard des Tilleuls;44,914014;1,837592
202300026123;26;5;2023;09:20;1;93;93006;2;5;1;1;Rue François Mitterrand / Avenue Pasteur;48,87608;2,42346
202300026124;24;1;2023;13:50;1;94;94076;2;1;1;6;Avenue du général de Gaulle;48,785025;2,347989
202300026125;14;11;2023;08:50;1;93;93005;2;1;2;2;Rue Jean Charcot;48,93396;2,490957
202300026126;9;3;2023;12:15;1;47;47252;1;2;1;3;RD911;44,396121;0,606287
202300026127;26;5;2023;16:33;1;93;93079;2;1;1;3;Route de Saint-leu;48,95413;2,33533
202300026128;24;1;2023;18:40;5;94;94018;2;3;1;6;Rue des Bordeaux / Rue Jean Pigeon;48,821504;2,409431
202300026129;14;11;2023;18:10;5;93;93001;2;1;2;3;Avenue Victor Hugo;48,911195;2,379358
202300026130;23;2;2023;16:50;1;86;86032;1;1;2;2;D3;46,676147;0,559448
202300026131;25;1;2023;09:12;1;93;93072;2;1;2;3;12 Rue du Président Harding;48,96938;2,37841
202300026132;14;11;2023;12:30;1;92;92078;2;1;2;6;NOBEL (AVENUE);48,94622;2,31737
202300026133;23;5;2023;01:00;5;92;92078;2;3;1;3;VERDUN (AVENUE) (IMPAIRS 1 A 25);48,93555653;2,33291656
202300026134;7;3;2023;19:20;5;35;35062;1;1;2;1;La Templerie;48,316756;-1,062147
202300026135;26;5;2023;13:25;1;92;92022;1;1;1;7;PAVE DE MEUDON (RUE DU);48,80421633;2,19461627
202300026136;25;1;2023;08:30;1;93;93077;2;2;1;3;Rue Marc Vieville / Rue Jean Jaurès;48,8785;2,50976
202300026137;14;11;2023;12:25;1;92;92073;2;9;1;1;BAS ROGERS (RUE DES);48,88040366;2,22938441
202300026138;9;3;2023;19:45;3;29;29196;1;1;6;6;Lieu Dit Kerherhal;48,531391;-4,623882
202300026139;26;5;2023;15:20;1;92;92050;2;1;1;6;JOLIOT CURIE F. ET IRENE AVENUE  N°PAIRS;48,89145;2,2079
202300026140;14;11;2023;18:30;5;92;92063;2;1;2;6;SAUVAGE (PLACE NICOLAS);48,88025667;2,18129441
202300026141;24;1;2023;22:35;5;93;93046;2;2;1;7;Avenue Jules Guesde / Avenue Aristide Briand;48,91066;2,5121
202300026142;14;11;2023;13:40;1;92;92020;2;1;2;6;PARIS AVENUE DE N°84 A FIN;48,80684144;2,29341763
202300026143;26;5;2023;14:30;1;92;92050;2;1;1;2;REPUBLIQUE AVENUE DE LA;48,90585586;2,21059889
202300026144;8;3;2023;16:54;1;29;29165;2;3;3;6;rue des équipages;47,797844;-4,213984
202300026145;24;1;2023;20:45;5;93;93006;2;9;1;3;Avenue de la République;48,86174347;2,41716
202300026146;24;1;2023;16:50;1;93;93032;2;1;1;6;10 Rue Henri Maillard;48,88508;2,53386
202300026147;13;11;2023;20:24;5;92;92036;2;3;1;3;BAS (RUE DES) (78   +);48,91911964;2,29024887
202300026148;13;5;2023;17:30;1;92;92050;2;2;1;3;VAILLANT COUTURIER PAUL RUE;48,88251811;2,20442981
202300026149;8;3;2023;21:10;3;3;3176;1;1;1;7;Pont Charroux;46,376605;3,30261
202300026150;25;1;2023;17:00;1;93;93010;2;1;1;6;Avenue Galliéni;48,90627407;2,48208672
202300026151;26;5;2023;15:55;1;92;92049;2;1;1;6;JAURES AVENUE JEAN N°53 A FIN;48,81468;2,308721
202300026152;9;3;2023;10:50;1;58;58092;1;1;1;3;Viard;47,145821;3,557011
202300026153;13;11;2023;14:30;1;92;92036;2;1;3;3;GRESILLONS (AVENUE DES) (141/215);48,91829653;2,30977035
202300026154;24;1;2023;16:10;1;93;93057;2;2;1;6;Allee du 14 Juillet / Boulevard de Paris;48,91401411;2,49188873
202300026155;26;5;2023;10:13;1;92;92035;2;1;1;2;République ( boulevard de la );48,90591598;2,25189149
202300026156;14;11;2023;09:45;1;92;92007;2;1;2;3;RAVERA (AVENUE HENRI) N° 111 A 217 ET 10;48,80562937;2,31343317
202300026157;6;3;2023;22:50;5;54;54076;2;9;1;1;14 Rue du Maréchal Leclerc;48,555533;6,407349
202300026158;25;1;2023;07:20;5;93;93001;2;1;2;6;Rue Heurtault;48,91595602;2,37695038
202300026159;26;5;2023;12:15;1;92;92007;2;9;1;3;VAILLANT-COUTURIER (AVENU PAUL);48,79057739;2,31467396
202300026160;14;11;2023;09:45;1;92;92014;2;1;2;6;GENERAL LECLERC (AV.) (57 A 135 - 50 A 1;48,78097617;2,31598015
202300026161;5;3;2023;09:10;1;6;6079;2;6;1;3;85 Allee Louis Bleriot;43,553801;6,952878
202300026162;23;1;2023;12:30;1;92;92078;2;6;1;3;CHARLES DE GAULLE (BD)(72 AU 308);48,94292035;2,31832069
202300026163;26;5;2023;10:30;1;92;92002;2;1;1;6;DIVISION LECLERC (1 A 29 -2 A 34);48,75220475;2,30452314
202300026164;8;11;2023;11:35;1;35;35120;2;1;8;3;46 Rue de Dinan;48,223338;-1,793322
202300026165;7;3;2023;18:55;3;50;50551;1;1;3;1;Route de Bricquebec;49,397401;-1,540715
202300026166;25;1;2023;19:30;5;92;92026;2;3;1;2;COLOMBES;48,89770303;2,25656658
202300026167;23;1;2023;15:05;1;92;92025;2;1;8;6;CHARLES DE GAULLE (BD);48,91574;2,22674
202300026168;27;5;2023;20:30;1;39;39097;2;3;1;3;Rue de Saint Exupéry (magasin NOZ);46,739633;5,91524
202300026169;15;11;2023;11:40;1;86;86007;1;2;7;3;Route de Bel Air;46,853691;0,53598
202300026170;25;1;2023;03:20;3;95;95487;1;1;1;6;D301;49,149321;2,24812
202300026171;7;3;2023;16:20;2;45;45193;1;1;1;1;D13 PR 5 + 980;47,80478643;2,07195184
202300026172;27;5;2023;08:00;1;6;6149;1;1;1;7;Boulevard Georges Buono;43,745975;7,31491
202300026173;23;1;2023;12:10;1;974;97412;2;6;2;6;Rue Hippolyte Foucque;-21,374811;55,626349
202300026174;13;11;2023;15:15;1;33;33191;2;2;2;3;D1089;45,011166;0,026881
202300026175;26;5;2023;17:15;1;43;43040;2;1;3;3;128 Avenue d'Auvergne;45,310138;3,375528
202300026176;6;3;2023;14:15;1;64;64256;2;1;1;5;Urcuray;43,367216;-1,358528
202300026177;23;1;2023;19:00;3;974;97412;2;6;3;3;N1002;-21,372838;55,620276
202300026178;26;5;2023;14:50;1;68;68089;1;1;1;7;Tour;47,930297;7,036035
202300026179;15;11;2023;15:24;1;17;17133;1;1;1;7;Route de la Montée Rouge;45,585197;-0,708854
202300026180;27;5;2023;12:10;1;31;31022;2;1;1;6;Chemin de Lespinasse;43,677439;1,415183
202300026181;7;3;2023;15:45;1;16;16287;1;1;8;1;44 Route de Pondeville;45,5678183;-0,01189423
202300026182;26;1;2023;08:25;2;77;77304;1;1;5;1;D215;48,839801;3,470208
202300026183;15;11;2023;17:00;1;974;97405;2;1;1;6;Rue Maxime Payet;-21,368767;55,575269
202300026184;25;1;2023;17:45;2;27;27130;1;1;1;6;A28;49,05206763;0,45763154
202300026185;14;11;2023;21:25;3;83;83004;1;1;1;6;Route Departementale 555;43,47758;6,482652
202300026186;26;1;2023;10:15;1;51;51237;2;1;1;6;place des droits de l'homme;48,732262;3,557253
202300026187;26;5;2023;17:50;1;67;67367;1;1;1;1;D1404;48,72279;7,381762
202300026188;8;3;2023;15:50;1;53;53147;2;6;1;3;RN12;48,30838;-0,63283
202300026189;14;11;2023;20:30;3;41;41256;1;1;1;7;A71;47,315432;2,04998
202300026190;26;1;2023;12:30;1;89;89419;1;1;8;5;;47,755598;3,294289
202300026191;9;3;2023;06:40;2;4;4084;1;1;5;6;D907;43,937659;6,16186
202300026192;26;5;2023;21:45;5;971;97132;2;1;1;3;route de grande anse;15,966579;-61,65713
202300026193;14;11;2023;16:10;2;83;83036;2;9;1;3;680 Avenue de Saint-raphaël;43,183822;6,542326
202300026194;18;1;2023;07:30;2;63;63003;1;1;4;1;ROUTE DEPARTEMENTALE 906;45,57813331;3,74142408
202300026195;7;3;2023;17:20;1;85;85146;1;1;1;5;pk 4 D1763;46,980013;-1,353876
202300026196;10;5;2023;16:45;1;974;97413;2;1;1;3;Rue du Musee;-21,200047;55,294039
202300026197;15;11;2023;07:30;2;48;48156;1;1;5;6;A75;44,454817;3,191185
202300026198;20;1;2023;16:30;1;76;76638;1;1;1;1;RD 1314;49,996154;1,435604
202300026199;24;1;2023;11:35;1;41;41211;2;1;1;1;111 Rue du Général de Gaulle;47,325974;1,128488
202300026200;8;3;2023;06:20;3;27;27493;1;2;2;3;RD20;49,316398;1,238902
202300026201;22;9;2023;12:05;1;22;22020;2;2;1;3;Rue du Souvenir Francais;48,317636;-2,254456
202300026202;7;5;2023;01:13;3;34;34194;1;1;1;4;A75 PK 305+342;43,522134;3,443313
202300026203;18;1;2023;20:05;3;44;44178;1;1;2;1;;47,101133;-1,738114
202300026204;9;3;2023;07:10;2;28;28387;1;1;2;6;D30.2;48,311806;1,001707
202300026205;15;11;2023;18:50;3;30;30060;1;3;1;3;D135;43,797406;4,394767
202300026206;25;1;2023;18:15;5;35;35297;2;1;1;4;Rue Louison Bobet;48,186483;-2,189439
202300026207;27;5;2023;16:00;1;30;30256;1;1;1;3;;44,181283;4,583032
202300026208;22;2;2023;16:15;1;87;87078;1;3;2;6;Le Chene Pignier;45,987402;0,943703
202300026209;26;1;2023;15:40;1;58;58273;1;1;8;1;PR 008+550 RD 978;46,994831;3,268776
202300026210;22;5;2023;18:05;1;59;59149;1;1;1;6;D15;50,064977;3,409163
202300026211;15;11;2023;08:50;1;57;57556;2;3;1;6;Rue de Strasbourg;49,050509;6,931311
202300026212;19;1;2023;20:30;3;14;14055;1;1;2;6;D675;49,258549;0,09033
202300026213;22;5;2023;14:15;1;56;56036;1;3;1;3;Rue du Maneguen;47,785444;-3,326883
202300026214;23;1;2023;22:15;3;64;64216;1;1;9;1;ROUTE DE TARBES;43,252674;-0,130731
202300026215;8;3;2023;10:15;1;78;78620;1;9;2;1;ROUTE DE VERSAILLES RD 6;48,73996;2,125527
202300026216;14;11;2023;14:15;1;51;51115;2;1;2;5;6 Route Nationale;49,198111;4,013175
202300026217;21;1;2023;10:30;1;53;53216;2;7;1;6;place de l'église;48,350217;-0,581023
202300026218;27;5;2023;10:15;1;56;56260;2;3;1;3;15 Avenue du Président Edouard Herriot;47,654067;-2,736415
202300026219;22;1;2023;15:20;1;17;17003;1;1;1;1;D939;46,101969;-0,918964
202300026220;8;3;2023;12:30;1;987;98715;2;3;1;3;route de ceinture RT1 face à l'OPT;-17,547235;-149,585273
202300026221;27;5;2023;07:50;1;82;82155;1;4;1;6;D75;44,174475;1,796136
202300026222;13;11;2023;16:50;2;80;80620;2;1;2;6;27 Place du Commandant Louis Daudre;49,929179;2,934694
202300026223;9;3;2023;08:00;1;24;24055;1;1;1;6;route jaufré rudel;45,2938;0,581481
202300026224;25;1;2023;18:50;5;37;37273;1;6;1;2;;47,39396984;0,78866065
202300026225;27;5;2023;15:30;1;11;11209;1;1;1;1;route départementale 118;42,970088;2,259423
202300026226;15;11;2023;07:50;1;82;82134;1;1;5;1;D115;44,065067;1,500991
202300026227;20;1;2023;12:30;1;978;97801;2;1;1;1;Route nationale 7 - Avant l'intersection Hameau de Rambaud - La Savane;18,085827;-63,066164
202300026228;27;5;2023;00:06;3;46;46228;2;2;1;6;D14;44,908026;1,820882
202300026229;15;11;2023;13:45;1;65;65456;2;1;1;6;D36;43,123775;0,417159
202300026230;26;1;2023;07:40;3;42;42279;2;1;5;6;Boulevard de la Libération;45,498822;4,242193
202300026231;8;3;2023;11:55;1;55;55166;1;1;2;6;Autoroute A4 PK 252+300;49,119086;5,389341
202300026232;26;1;2023;10:05;1;988;98817;2;3;1;3;RPS2/Rue Porte Dore;-22,23845;166,5811
202300026233;8;3;2023;13:20;1;987;98712;2;1;1;7;PK 5 RT2;-17,279;-149,542
202300026234;27;5;2023;12:14;1;68;68098;2;1;1;1;D7b;47,567246;7,147679
202300026235;14;11;2023;11:55;1;49;49331;2;9;2;7;7 Rue du 8 Mai 1945 (Segré);47,680767;-0,874558
202300026236;26;1;2023;13:00;1;973;97311;2;1;1;6;Rue Joseph Symphorien;5,49769;-54,029399
202300026237;9;3;2023;07:10;2;69;69007;1;1;9;3;Route Départementale 386;45,505603;4,841307
202300026238;26;5;2023;19:56;1;39;39101;1;1;1;7;;47,108507;5,430805
202300026239;14;11;2023;15:40;1;86;86082;2;1;2;7;D158;46,287054;0,244372
202300026240;23;1;2023;05:15;3;978;97801;1;1;2;5;rue de terre basse;18,066188;-63,128691
202300026241;8;3;2023;10:35;1;69;69235;2;1;8;6;81 Impasse du Rond Point;45,530369;4,864883
202300026242;15;11;2023;06:10;3;25;25466;1;1;2;2;Départementale 233 - PK 0+500;47,196536;5,845542
202300026243;8;3;2023;17:28;1;974;97401;1;1;1;3;N1a;-21,249962;55,321494
202300026244;25;1;2023;13:50;1;83;83047;2;3;1;3;1433 Avenue Jean Monnet;43,119045;6,064678
202300026245;15;11;2023;08:00;1;35;35095;2;6;2;3;Les Rolandières;48,55177559;-1,7260243
202300026246;26;5;2023;10:13;1;3;3267;1;3;1;3;D46;46,314706;3,263039
202300026247;9;3;2023;07:30;2;33;33085;1;1;1;3;Route des 2 Ponts;44,763967;-0,495125
202300026248;20;1;2023;12:50;1;4;4245;2;3;1;3;Avenue des Farigoules;43,868129;5,842924
202300026249;11;11;2023;14:20;1;29;29266;2;1;1;7;D118;48,52433928;-3,93563402
202300026250;26;5;2023;20:45;2;1;1069;1;1;1;1;Certines;46,114494;5,244384
202300026251;4;3;2023;19:00;3;77;77196;1;1;1;2;N3;48,950521;2,761195
202300026252;15;11;2023;12:00;1;31;31033;2;1;1;6;Avenue d'Hermannsburg;43,35619;1,460592
202300026253;26;1;2023;15:00;1;13;13048;1;1;1;1;D561;43,622275;5,669192
202300026254;6;3;2023;18:00;1;34;34344;2;1;1;7;19 Allee des Palombes;43,563846;4,084613
202300026255;26;5;2023;18:10;1;1;1010;1;1;1;2;D120;45,884357;5,779426
202300026256;24;1;2023;14:00;1;21;21292;2;1;1;3;Impasse de la Norges;47,237167;5,224594
202300026257;26;5;2023;20:00;1;58;58295;1;1;1;6;D553;47,3142;2,924894
202300026258;19;1;2023;18:00;3;42;42265;1;1;1;6;Route des Grands Pres;45,438563;4,728048
202300026259;8;2;2023;15:40;1;34;34344;2;2;1;3;Allée de la Grande Pyramide;43,56123;4,076926
202300026260;13;11;2023;04:20;3;2;2540;1;1;2;1;N/A;49,004904;3,42238
202300026261;27;5;2023;17:00;1;66;66048;1;1;1;7;D914;42,448981;3,162126
202300026262;26;1;2023;14:30;1;64;64139;1;1;8;7;630 Chemin de Bruges;43,179633;-0,347051
202300026263;9;11;2023;18:57;3;3;3214;1;1;2;7;D1;46,44596;3,027442
202300026264;26;5;2023;18:15;1;72;72169;1;1;1;7;La Grande molière;47,95190774;0,03577885
202300026265;9;3;2023;07:45;1;83;83112;2;3;1;2;Avenue de Tauroentum;43,180165;5,709221
202300026266;25;1;2023;09:15;1;40;40019;2;1;8;7;Route des Lacs;44,21451;-1,198947
202300026267;8;3;2023;23:10;3;83;83064;1;1;1;7;D554;43,32073576;6,02296362
202300026268;26;1;2023;08:05;5;14;14488;2;1;2;3;5 Place General de Gaulle;49,279593;-0,249842
202300026269;15;11;2023;15:40;1;1;1203;1;1;1;5;1256 Route de Thoissey;46,250913;4,876149
202300026270;8;3;2023;10:00;1;71;71297;2;1;2;6;5 Rue des Ponts;46,861266;4,242927
202300026271;23;1;2023;10:55;1;27;27123;1;3;1;3;RN13 intersection RD534;49,012386;1,300828
202300026272;14;11;2023;19:20;5;26;26165;2;1;2;6;62 Avenue leon aubin;44,77343233;4,84495574
202300026273;27;5;2023;05:00;5;60;60471;2;1;1;6;Rue du Faubourg d'Amiens;49,586629;2,992082
202300026274;26;1;2023;12:10;1;60;60619;1;1;2;7;nationale 2;49,11832984;2,77846267
202300026275;13;11;2023;19:00;3;72;72056;1;1;1;6;Les Essarts;48,390597;0,112454
202300026276;27;5;2023;11:10;1;64;64436;2;1;1;6;D 918, P.R. 50+900;43,23111;-1,300238
202300026277;4;3;2023;19:15;5;57;57683;2;4;1;2;Feux de circulation;49,301273;6,16253
202300026278;26;1;2023;08:25;1;59;59051;2;1;2;6;rue des casernes;50,532921;2,804346
202300026279;26;5;2023;20:25;2;73;73010;1;1;1;7;D991B Route de la Chambotte;45,78384711;5,86771896
202300026280;15;11;2023;17:09;2;6;6138;2;1;1;3;7 Avenue de Lérins;43,516113;6,937775
202300026281;6;3;2023;12:34;1;79;79049;2;1;1;6;14 Boulevard Alexandre Premier;46,840169;-0,494546
202300026282;26;5;2023;13:35;1;10;10184;1;1;1;7;Rue Principale;48,418948;4,6134
202300026283;25;1;2023;18:10;3;94;94038;1;1;1;3;A6B;48,77497329;2,34633377
202300026284;26;2;2023;11:45;1;33;33207;2;1;1;6;Rue de la Lande;44,91534;-0,362839
202300026285;26;5;2023;17:57;1;10;10345;1;1;1;7;Grande Rue;48,399911;4,49034
202300026286;14;11;2023;19:00;2;60;60511;1;1;1;5;D934;49,599651;2,969913
202300026287;8;3;2023;08:20;1;13;13071;1;1;1;2;A7-Sens Marseille vers Lyon;43,40372376;5,3115759
202300026288;25;1;2023;14:15;1;94;94003;1;1;1;5;A6B;48,8019795;2,34359623
202300026289;15;11;2023;18:05;5;64;64233;2;1;1;1;Cote Lefranc;43,559881;-0,269138
202300026290;24;5;2023;15:00;1;10;10232;2;1;1;3;Rue de l?Eglise;48,091628;4,387552
202300026291;4;3;2023;04:15;3;67;67482;1;1;1;2;M35;48,56562946;7,73265302
202300026292;25;1;2023;03:50;5;91;91377;2;1;1;6;RD 188;48,72372;2,278182
202300026293;27;5;2023;17:18;1;36;36018;2;1;1;6;Quai Aubépin;46,629651;1,06275
202300026294;14;11;2023;10:30;1;64;64191;1;1;1;7;Route de Montaut;43,15394947;-0,21797508
202300026295;6;3;2023;06:30;2;59;59515;1;1;1;7;AUTOROUTE A2;50,33399;3,44717
202300026296;26;5;2023;20:10;1;40;40134;2;1;1;6;Rue de Gouveia;44,210149;-0,924498
202300026297;24;1;2023;22:35;3;78;78291;1;1;1;2;A13;48,965676;1,750212
202300026298;14;11;2023;07:50;1;21;21154;2;5;1;6;Chemin de la Fontaine des Ducs;47,862568;4,580872
202300026299;26;5;2023;14:10;1;30;30133;2;1;1;7;Avenue Jean Lasserre;43,52171;4,135435
202300026300;8;3;2023;19:20;3;94;94034;1;1;2;2;A6B;48,75359848;2,33149496
202300026301;8;3;2023;17:35;1;94;94016;1;1;3;7;A6B;48,7950526;2,34443674
202300026302;24;1;2023;08:40;1;78;78090;1;1;1;5;A13;48,970134;1,90948
202300026303;14;11;2023;16:30;1;40;40031;1;1;1;4;pk 64 D824;43,828924;-0,854469
202300026304;8;3;2023;12:50;1;91;91286;1;1;2;2;AUTOROUTE A6;48,65349;2,38115
202300026305;24;1;2023;10:00;1;92;92047;1;1;1;3;A13;48,83343519;2,16195504
202300026306;23;5;2023;20:10;1;67;67415;1;1;1;6;D198;48,920187;7,513189
202300026307;13;11;2023;07:45;2;85;85034;1;3;2;3;RD 948 la Borelière;46,61526;-1,149128
202300026308;25;1;2023;13:00;1;94;94073;1;1;2;2;A86;48,77139558;2,39237225
202300026309;26;5;2023;22:10;3;13;13113;1;1;1;2;A51;43,59018145;5,48014692
202300026310;24;1;2023;21:50;3;94;94073;1;1;1;7;A86;48,75460606;2,38177965
202300026311;8;3;2023;12:45;1;92;92019;1;1;2;4;RN 385 Extèrieure;48,75989409;2,27833686
202300026312;27;10;2023;20:06;3;27;27565;1;2;2;3;Route de Mare Tasse;48,899406;0,839993
202300026313;27;5;2023;15:20;1;34;34255;1;6;1;2;RD986;43,708462;3,81879
202300026314;7;3;2023;23:40;3;94;94017;1;1;2;7;A4;48,8303229;2,48934965
202300026315;27;5;2023;00:30;5;971;97103;2;6;1;6;boulevard mahatma Gandhi;16,24096;-61,582925
202300026316;15;11;2023;13:20;1;28;28135;1;1;1;1;D122;48,589333;1,687793
202300026317;23;1;2023;14:50;1;75;75112;2;4;1;6;PORTE DE BERCY;48,8277368;2,39321172
202300026318;6;3;2023;09:00;1;974;97407;2;9;2;3;SAINT PAUL(RUE);-20,93663;55,29021
202300026319;27;5;2023;04:30;3;69;69077;1;1;1;2;Autoroute 6;46,17114492;4,77007821
202300026320;14;10;2023;00:05;3;87;87154;2;1;2;7;Chemin du Re Picard;45,890045;0,892028
202300026321;24;1;2023;19:00;5;75;75120;2;3;1;6;RUE DES REGLISES;48,854749;2,410248
202300026322;7;3;2023;13:25;1;973;97302;2;1;1;2;BADUEL (ROUTE DE);4,93562;-52,31318
202300026323;15;11;2023;10:50;1;30;30146;1;1;1;7;D6110;43,979661;4,10363
202300026324;27;5;2023;20:20;2;60;60482;2;4;1;3;Route Manon;49,15512;2,520662
202300026325;24;1;2023;19:30;5;75;75117;2;2;1;3;RUE PONCELET;48,880043;2,29887