Num_Acc;jour;mois;an;hrmn;lum;dep;com;agg;int;atm;col;adr;lat;long
202300026326;27;5;2023;04:45;3;95;95213;1;1;1;6;D22;49,1106993;2,0555377
202300026327;15;11;2023;20:15;3;48;48156;1;1;5;6;D52;44,470587;3,17816
202300026328;6;3;2023;08:20;1;973;97302;2;1;1;3;MADELEINE (ROUTE DE LA);4,91432;-52,32094
202300026329;24;1;2023;18:30;5;75;75117;2;2;1;3;BOULEVARD BERTHIER;48,894327;2,313636
202300026330;15;11;2023;03:50;3;8;8164;1;1;2;6;voie communale de Bagot;49,371533;4,720865
202300026331;27;5;2023;10:50;1;91;91041;1;1;1;1;D19;48,573342;2,238507
202300026332;7;3;2023;07:20;1;972;97213;1;1;1;5;AUTOROUTE A1;14,614;-61,013
202300026333;24;1;2023;18:25;2;75;75116;2;7;1;6;RUE DE LA TOUR;48,858568;2,284502
202300026334;26;5;2023;15:26;1;78;78601;1;1;1;1;D936;48,586228;1,869795
202300026335;13;11;2023;13:00;1;34;34116;2;1;1;1;317 Rue de la Valsiere;43,650145;3,833881
202300026336;6;3;2023;16:45;1;971;97113;1;1;1;1;Section Port Blanc;16,23777;-61,45073
202300026337;23;1;2023;15:50;1;75;75116;2;7;1;6;AVENUE RAYMOND POINCARE;48,869911;2,285297
202300026338;14;11;2023;07:00;2;69;69027;2;1;1;6;23 Rue Paul Bovier-Lapierre;45,67140069;4,76083568
202300026339;27;5;2023;20:03;1;2B;2B042;1;1;1;2;T11;42,580843;9,439825
202300026340;7;3;2023;08:59;1;2A;2A004;2;3;1;3;MEZZAVIA ROUTE DE;41,94854;8,766
202300026341;24;1;2023;18:45;5;75;75115;2;3;1;3;BOULEVARD LEFEBVRE;48,829004;2,298958
202300026342;14;11;2023;14:55;1;971;97116;2;3;1;3;Rue Victor Schoelcher;16,33229242;-61,45721108
202300026343;27;5;2023;01:30;3;11;11337;1;1;1;6;D111;43,2185;2,62761
202300026344;7;3;2023;22:36;3;95;95427;2;3;2;6;D928;48,95634513;2,3322612
202300026345;24;1;2023;10:40;1;75;75115;2;2;8;2;RUE DE VAUGIRARD;48,838305;2,298462
202300026346;26;5;2023;19:00;1;68;68117;2;9;1;2;Rue du Muhlele;48,042585;7,174839
202300026347;14;11;2023;16:15;1;78;78597;1;1;1;1;D928;48,953702;1,656398
202300026348;7;3;2023;17:45;1;95;95428;2;4;8;6;Avenue de la Division Leclerc;48,97742;2,30716
202300026349;24;1;2023;07:42;2;75;75114;2;5;1;6;RUE DE GERGOVIE;48,83058;2,319298
202300026350;23;5;2023;13:30;1;67;67368;1;1;1;7;PR 4 sur RD214;48,44349667;7,33787114
202300026351;14;11;2023;20:00;3;30;30128;1;1;1;7;Chemin d?Estagel;43,728964;4,37229
202300026352;24;1;2023;14:20;1;75;75111;2;1;1;3;BOULEVARD VOLTAIRE;48,864844;2,368268
202300026353;7;3;2023;19:38;5;91;91552;1;1;2;2;RTE NATIONALE 20;48,60338;2,24823
202300026354;24;1;2023;19:30;5;75;75110;2;1;1;3;RUE LOUIS BLANC;48,879123;2,368742
202300026355;17;10;2023;07:00;2;34;34022;1;1;1;6;Route de Nimes;43,661057;4,027637
202300026356;7;3;2023;17:25;1;91;91514;1;1;1;2;CD 33;48,66399;2,52435
202300026357;27;5;2023;10:09;1;81;81099;1;1;1;1;Chemin Toulze;43,90906;1,86662
202300026358;24;1;2023;17:25;5;75;75110;2;3;1;6;BOULEVARD DE BONNE NOUVELLE;48,870125;2,351061
202300026359;7;3;2023;20:25;5;91;91589;2;1;2;6;RUE DES PRES SAINT MARTIN;48,68024;2,36482
202300026360;26;5;2023;17:20;1;65;65192;1;1;1;7;Route de Gavarnie;42,77631192;0,01439667
202300026361;15;11;2023;12:44;1;83;83104;1;1;7;2;D3;43,614326;5,764051
202300026362;24;1;2023;14:10;1;75;75110;2;2;8;7;RUE DU FAUBOURG DU TEMPLE;48,868172;2,365428
202300026363;7;3;2023;16:30;1;90;90032;2;9;1;3;VEZELOIS (RUE DE);47,62004;6,87221
202300026364;26;5;2023;23:20;3;17;17483;1;1;1;6;PR 103 +749;46,059418;-1,05907
202300026365;24;1;2023;09:21;1;75;75108;2;2;1;6;AVENUE DE WAGRAM;48,877036;2,297399
202300026366;14;11;2023;18:03;5;13;13015;2;3;1;3;549 Avenue de la Croix d?Or;43,460349;5,405692
202300026367;27;5;2023;04:40;3;29;29247;1;6;1;6;Route de Concarneau;47,950587;-4,022884
202300026368;6;3;2023;20:00;3;83;83050;1;1;1;1;SCAMARONI(AVENUE FRED);43,51612109;6,42908549
202300026369;14;11;2023;22:20;3;25;25170;1;1;2;6;D438;47,493668;6,77923
202300026370;27;5;2023;15:05;1;22;22162;2;1;1;2;Rue de Poulgoic;48,783971;-3,048567
202300026371;15;11;2023;18:15;4;38;38087;2;1;1;6;Avenue Francois Mitterrand;45,583429;4,798493
202300026372;6;3;2023;17:15;1;78;78586;2;2;1;2;FRESNAY;48,94428;2,16436
202300026373;7;11;2023;08:15;1;38;38565;2;1;1;6;Avenue Henri Chapays;45,298336;5,63412
202300026374;26;5;2023;14:15;1;2;2221;1;1;1;1;N/A;49,026416;3,270321
202300026375;14;11;2023;16:15;1;69;69059;2;1;3;6;151 route de Marcilly;45,85889503;4,71361069
202300026376;7;3;2023;19:50;5;76;76497;2;2;2;2;Rue Aristide Briand;49,388239;1,022842
202300026377;26;5;2023;13:00;1;69;69382;1;1;1;4;Route de Métropole 7;45,73748;4,82112
202300026378;15;11;2023;12:30;1;81;81099;2;1;1;3;71 Avenue Maréchal Foch;43,906523;1,89876
202300026379;24;5;2023;09:00;1;33;33318;1;1;1;3;ROCADE A 630;44,79290911;-0,64932793
202300026380;6;3;2023;16:00;1;76;76165;2;3;1;3;Rue de la République;49,283756;1,016775
202300026381;15;11;2023;08:15;1;81;81117;1;1;1;5;D964 - P.R 42+000;43,790893;1,979417
202300026382;7;3;2023;09:35;1;76;76351;2;1;1;3;MAC ORLAN;49,5017;0,12663
202300026383;26;5;2023;18:30;1;94;94034;1;1;1;2;A86;48,75620362;2,33732646
202300026384;26;5;2023;12:00;1;92;92002;1;1;1;3;AUTOROUTE A10;48,7301183;2,30785096
202300026385;7;3;2023;19:24;5;72;72181;2;1;1;6;GENESLAY FELIX (AV) N° PAIRS 2 A 144;47,98009;0,20897
202300026386;26;5;2023;00:45;3;91;91570;1;1;1;7;RN 104;48,62503;2,32287
202300026387;15;11;2023;12:45;1;57;57323;1;1;3;1;D14a;49,395216;6,151303
202300026388;4;3;2023;12:47;1;72;72003;2;3;1;3;GOUNOD CHARLES (RUE);47,96877;0,16382
202300026389;25;5;2023;20:55;1;78;78124;1;1;1;2;A14;48,91362;2,16133
202300026390;13;11;2023;17:00;1;13;13005;1;1;1;3;A50-Sens Aubagne vers Marseille;43,28771;5,54383
202300026391;25;5;2023;09:00;5;92;92062;1;1;1;3;A14;48,89356969;2,23306507
202300026392;7;3;2023;14:50;1;69;69264;2;1;1;3;Avenue Saint-Exupery;45,99046;4,70818
202300026393;5;11;2023;12:25;1;69;69271;1;1;8;2;Route Départementale 302;45,7489318;4,99278264
202300026394;6;3;2023;16:15;1;69;69264;2;9;1;6;66 Rue de la Maladiere;45,97885088;4,71609236
202300026395;25;5;2023;11:05;1;92;92036;1;1;1;3;RN315 Y;48,93280548;2,3021252
202300026396;9;11;2023;14:10;1;69;69271;1;1;2;7;Route Départementale 302;45,75053;4,98513
202300026397;6;3;2023;15:04;1;66;66136;2;1;1;7;;42,69726843;2,92466462
202300026398;25;5;2023;19:50;1;95;95018;1;1;1;5;A15;48,95927808;2,27316141
202300026399;14;11;2023;17:21;4;33;33075;1;1;2;5;ROCADE A 630;44,88998961;-0,613731
202300026400;25;5;2023;17:00;1;93;93027;1;1;1;5;AUTOROUTE A1;48,93398895;2,39130199
202300026401;3;3;2023;13:50;1;63;63113;2;5;1;4;Av Italie / rue Grande Bretagne;45,77811;3,09613
202300026402;14;11;2023;14:15;1;94;94034;1;1;2;3;A86;48,76020129;2,32061692
202300026403;25;5;2023;17:15;1;93;93066;1;1;1;5;AUTOROUTE A86;48,92365;2,34243
202300026404;6;3;2023;14:40;1;62;62757;2;1;1;1;D928;50,759192;2,220991
202300026405;25;5;2023;13:45;1;92;92036;1;1;1;3;AUTOROUTE A15;48,94355783;2,28738079
202300026406;14;11;2023;11:55;1;94;94043;1;1;1;4;A6B;48,8036176;2,34401681
202300026407;6;3;2023;15:00;1;62;62617;2;1;1;3;D937;50,47311;2,66788
202300026408;14;11;2023;09:50;1;91;91645;1;1;1;2;N385;48,75969;2,26549
202300026409;25;5;2023;08:10;1;95;95500;1;1;1;4;A15;49,0417221;2,080383
202300026410;7;3;2023;08:10;1;59;59163;2;1;2;2;HEM (RUE D');50,66738;3,15749
202300026411;14;11;2023;08:20;1;91;91553;1;1;1;3;RN 104;48,63139;2,49287
202300026412;7;3;2023;12:10;1;59;59350;2;1;2;6;BAPAUME RUE DE;50,619113;3,05872
202300026413;24;5;2023;09:30;1;92;92036;1;1;1;2;AUTOROUTE A15;48,93788866;2,29766722
202300026414;14;11;2023;08:40;1;91;91689;1;1;1;2;AUTOROUTE A6B;48,74267;2,3225
202300026415;6;3;2023;09:45;1;59;59328;2;1;1;2;HIPPODROME AV DE L N°246 AU 410;50,65572;3,0164
202300026416;26;5;2023;08:05;1;94;94018;1;1;1;6;A4;48,82050762;2,40183223
202300026417;25;5;2023;21:50;4;75;75112;1;1;1;6;A4;48,823575;2,462949
202300026418;14;11;2023;06:33;3;91;91377;1;1;1;3;AUTOROUTE A10;48,72686;2,3031
202300026419;5;3;2023;18:20;1;56;56121;2;6;1;2;MANIO ( ECHANGEUR ET RD POINT DU );47,75619;-3,38411
202300026420;25;5;2023;16:38;1;68;68224;2;1;1;6;PRINTEMPS (RUE DU);47,74874;7,3496
202300026421;14;11;2023;05:35;5;78;78043;1;1;1;6;A12 W;48,841018;2,097659
202300026422;5;3;2023;05:45;3;56;56036;1;1;1;6;N/A;47,78626;-3,33265
202300026423;13;11;2023;15:50;1;78;78297;1;1;8;6;RN12;48,788439;2,068056
202300026424;25;5;2023;16:45;1;62;62413;2;2;1;6;Rue de Stalingrad;50,44563923;2,89661551
202300026425;7;3;2023;06:59;2;51;51454;2;2;1;3;avenue du Général De Gaulle;49,24192;4,01417
202300026426;14;11;2023;12:30;1;92;92036;1;1;2;6;AUTOROUTE A15;48,94920532;2,28069842
202300026427;14;11;2023;17:10;2;92;92036;1;1;1;7;AUTOROUTE A86;48,93838168;2,31330853
202300026428;7;3;2023;07:00;5;50;50129;2;1;3;5;VOSGES (RUE DES);49,62923;-1,61993
202300026429;14;11;2023;08:25;1;93;93066;1;1;1;6;AUTOROUTE A1;48,91277;2,35829
202300026430;5;3;2023;20:40;5;50;50129;2;5;1;3;NAPOLEON (PLACE);49,64283;-1,62432
202300026431;13;11;2023;23:00;3;92;92036;1;9;1;2;AUTOROUTE A15;48,93873;2,29434
202300026432;25;5;2023;11:35;1;976;97611;2;1;1;1;kaweni-Centrale EDM (rue de la );-12,76149;45,22656
202300026433;2;3;2023;09:00;1;49;49328;2;3;1;6;REPUBLIQUE (PLACE DE LA);47,26029;-0,07554
202300026434;14;11;2023;12:20;1;94;94017;1;1;1;4;A4;48,82665078;2,51617424
202300026435;7;3;2023;18:00;1;44;44109;2;3;1;3;30 Boulevard des Anglais;47,22868;-1,57711
202300026436;24;5;2023;09:10;1;974;97411;2;1;1;4;MALARTIC (RUE);-20,886726;55,452167
202300026437;14;11;2023;08:50;1;94;94022;1;1;1;2;A86;48,7760143;2,42729991
202300026438;25;5;2023;08:18;1;973;97302;2;1;1;3;COLOMB (CHRISTOPHE);4,93877705;-52,32898124
202300026439;20;3;2023;07:36;1;60;60559;1;1;1;5;route nationale 31;49,414072;2,287173
202300026440;25;5;2023;20:30;1;69;69388;2;1;1;6;Avenue Jean Mermoz;45,73295;4,8803
202300026441;7;3;2023;14:30;1;38;38169;2;2;8;3;VERCORS (AVENUE DU)   (1 A 52);45,19242;5,69844
202300026442;31;8;2023;00:25;5;62;62160;2;3;1;6;Rue Beaurepaire;50,73017;1,61085
202300026443;6;3;2023;15:15;1;37;37261;2;9;1;7;D76 - Route de St Avertin;47,36532;0,71214
202300026444;25;5;2023;19:00;1;69;69383;2;1;1;3;Rue Docteur Bouchut;45,7595;4,8555
202300026445;5;3;2023;03:00;5;34;34032;2;6;1;7;BRANDT WILLY (RD POINT);43,34561;3,2087
202300026446;21;1;2023;11:00;1;83;83023;2;9;1;6;Centre Commercial E. Leclerc (Supermarché);43,407175;6,048317
202300026447;25;5;2023;17:20;1;69;69387;2;2;1;3;Avenue Leclerc;45,74556;4,83193
202300026448;7;3;2023;17:00;1;33;33063;2;1;8;6;Rue Esprit-Des-Lois;44,84306;-0,57264
202300026449;7;3;2023;14:31;1;33;33039;1;1;2;5;A631;44,8193255;-0,53871095
202300026450;13;11;2023;07:30;1;974;97411;2;3;1;7;TOPAZES(ALLEE DES);-20,894;55,44392
202300026451;25;5;2023;09:10;1;69;69388;2;2;1;3;Rue Challemel Lacour;45,72943;4,85109
202300026452;25;5;2023;13:15;1;972;97213;1;1;1;7;ROUTE DEPARTEMENTALE 14;14,63023;-61,01603
202300026453;13;11;2023;19:58;5;973;97302;2;1;1;3;FLAMBOYANTS (RUE DES);4,92485;-52,31733
202300026454;5;3;2023;18:40;1;33;33249;2;2;1;3;Voie Ctre Cial Quatre Pavillons;44,86522;-0,51893
202300026455;25;5;2023;15:45;1;972;97209;2;1;1;6;REPUBLIQUE (RUE DE LA );14,60549;-61,0711
202300026456;6;3;2023;16:15;1;29;29019;2;1;1;3;boulevard de l'Europe;48,41309;-4,48927
202300026457;13;11;2023;16:12;1;973;97302;2;1;1;2;14 ET 22 JUIN 1962;4,93394;-52,32712
202300026458;25;5;2023;22:20;1;69;69381;2;1;1;3;Tunnel de la Croix Rousse;45,77356027;4,8251774
202300026459;7;3;2023;13:10;1;28;28134;2;1;1;2;MARCEAU (AVENUE DU GENERAL);48,72755;1,36656
202300026460;25;5;2023;10:30;1;2B;2B033;2;1;1;2;11 - RT;42,68599;9,44638
202300026461;13;11;2023;18:15;5;69;69383;2;2;1;3;Rue de la Caille;45,75086;4,8955
202300026462;7;3;2023;17:30;1;27;27681;2;2;2;3;CHAMBRAY (ROUTE DE);49,09355;1,47189
202300026463;24;5;2023;15:50;1;971;97101;2;3;1;1;PETIT PEROU;16,2565;-61,51497
202300026464;10;9;2023;02:50;5;25;25056;2;2;1;6;FLEMING BOULEVARD;47,226;5,96587
202300026465;13;11;2023;07:40;2;69;69388;2;2;2;3;Avenue Jean Jaurès;45,73606;4,8864
202300026466;10;9;2023;02:16;4;14;14715;2;1;1;6;126 Boulevard Fernand Moureaux;49,36442;0,08275
202300026467;7;3;2023;14:53;1;25;25056;2;1;1;6;avenue de la paix;47,24471;6,01769
202300026468;13;11;2023;07:54;1;971;97113;1;1;1;3;Chemin de la BOUAYE;16,21885;-61,49016
202300026469;25;2;2023;05:40;3;30;30032;1;1;1;7;FOURQUES ROUTE DE;43,78801;4,62745
202300026470;10;9;2023;14:00;1;13;13210;2;2;1;3;PAUL CLAUDEL (BOULEVARD);43,2692995;5,42086889
202300026471;12;11;2023;21:15;5;971;97101;2;9;1;3;BAIMBRIDGE (ROUTE DE);16,24811;-61,52777
202300026472;7;3;2023;17:30;5;13;13206;2;1;1;1;BAILLE (BOULEVARD);43,28739;5,38941
202300026473;10;9;2023;03:20;3;13;13098;1;1;1;7;D.5;43,45048;5,01382
202300026474;25;5;2023;08:20;1;91;91434;2;1;1;2;GRIBELETTE (BOULEVARD DE LA);48,646;2,358
202300026475;7;3;2023;22:30;5;13;13047;2;1;2;3;BEL AIR CHEMIN;43,51238;4,97953
202300026476;25;5;2023;09:24;1;87;87075;2;1;1;6;JAURES (RUE JEAN);45,80646;1,2262
202300026477;13;11;2023;18:00;5;2A;2A004;2;1;1;2;NAPOLEON COURS AVANT BEVERINI;41,93089;8,73975
202300026478;11;9;2023;00:44;5;6;6088;2;2;1;3;GAMBETTA (JUSQU'AU N° 62-73);43,69752;7,25621
202300026479;25;5;2023;07:50;1;87;87085;2;2;1;3;DUMAS (AVENUE GEORGES);45,82674;1,26365
202300026480;7;3;2023;19:00;5;6;6088;2;2;1;3;CIMIEZ (BD) A PARTIR DU 16-17;43,71339;7,27164
202300026481;13;11;2023;16:35;1;95;95277;2;9;3;6;D370;48,9926332;2,42770493
202300026482;24;5;2023;13:15;1;82;82121;2;1;1;1;TOULOUSE (AVENUE DE);43,99611;1,33817
202300026483;10;9;2023;06:27;2;6;6088;2;3;1;3;CORNICHE FLEURIE (AV. DE LA);43,68966;7,20611
202300026484;6;3;2023;20:45;3;3;3321;1;1;1;3;RN7;46,54485833;3,38516235
202300026485;12;11;2023;10:57;1;87;87085;2;1;2;3;BELLAC (RUE DE);45,85121;1,24466
202300026486;24;5;2023;17:20;1;81;81065;2;2;1;3;MITTERRAND (AV. FRANCOIS);43,59333356;2,24991347
202300026487;10;9;2023;09:07;2;5;5061;2;1;1;1;ST JEAN ( ROUTE DE );44,53758769;6,05028704
202300026488;1;2;2023;10:00;1;11;11262;2;3;1;6;Avenue Pierre de Coubertin;43,183024;3,021877
202300026489;24;5;2023;18:30;1;79;79329;2;1;1;7;;46,97362;-0,21643
202300026490;4;1;2023;20:55;5;69;69266;2;1;1;6;Rue Léon Blum;45,76122;4,90911
202300026491;9;9;2023;17:35;1;4;4070;1;1;1;7;chaffaut ( route du );44,05553;6,1719
202300026492;25;5;2023;19:15;1;78;78481;2;9;1;3;SARTROUVILLE (ROUTE DE);48,90281;2,11482
202300026493;9;9;2023;14:18;1;4;4070;2;9;1;6;NOEL (AV. DU COL.);44,07681;6,18816
202300026494;6;3;2023;08:40;1;973;97302;2;1;8;2;ZEPHIR (ROCADE);4,9342881;-52,30881107
202300026495;21;5;2023;11:45;1;77;77133;2;1;1;6;SALINS (ROUTE DE);48,41388;3,05267
202300026496;11;11;2023;21:15;5;84;84007;2;1;1;7;MARSEILLE (Route de );43,92399;4,8527
202300026497;4;3;2023;04:05;5;973;97302;2;1;1;3;MANDELA  (BOULEVARD);4,93879;-52,32637
202300026498;25;5;2023;18:50;1;77;77243;2;1;1;6;MAL DE LATTRE DE TASSIGNY (AVENUE DU);48,87698;2,6849
202300026499;10;9;2023;13:15;1;75;75114;2;1;1;4;BD PERIPHERIQUE INTERIEUR;48,822011;2,316797
202300026500;6;3;2023;18:00;1;69;69388;2;1;1;6;Rue de Montagny;45,73161191;4,85405097
202300026501;24;5;2023;18:40;1;77;77243;2;9;1;3;CHARPENTIER (BOULEVARD);48,87538;2,70336
202300026502;6;3;2023;09:40;1;972;97213;1;9;1;6;ROUTE DEPARTEMENTALE 14;14,6362;-61,02078
202300026503;25;5;2023;23:20;3;77;77070;1;1;1;7;D 37;48,80707;3,13169
202300026504;10;9;2023;01:20;5;75;75118;2;1;1;2;BD PERIPHERIQUE EXTERIEUR;48,900886;2,365712
202300026505;10;11;2023;15:45;2;84;84007;2;2;1;3;F.BEC  (Avenue);43,9439;4,81929
202300026506;5;3;2023;23:13;5;972;97213;1;1;2;6;ROUTE NATIONALE 5;14,592528;-60,983736
202300026507;25;5;2023;07:55;1;76;76707;1;1;1;1;Rue de Miromesnil;49,86317;1,08651
202300026508;10;11;2023;14:10;1;30;30011;1;1;1;5;R.N. 100;43,95775;4,75223
202300026509;10;2;2023;12:00;1;971;97101;1;1;3;4;Secteur Pont de la Gabarre;16,25321;-61,54679
202300026510;25;5;2023;08:00;2;76;76114;2;2;1;3;MARTYRS DE LA RESISTANCE (RUE DES);49,57357;0,47711
202300026511;9;9;2023;19:10;1;75;75117;2;1;1;5;BD PERIPHERIQUE INTERIEUR;48,885809;2,288302
202300026512;24;5;2023;13:50;1;71;71306;1;1;1;6;;46,67863;4,34588
202300026513;6;3;2023;06:35;1;971;97101;1;1;1;3;DESRAVINIERES;16,27649788;-61,49001718
202300026514;10;11;2023;14:00;1;84;84007;2;1;1;3;C.De GAULLE (Rocade);43,94268;4,79362
202300026515;9;9;2023;13:28;1;75;75117;2;1;1;6;PLACE DE VERDUN;48,87908;2,28007
202300026516;19;5;2023;21:30;2;71;71270;2;2;1;3;Rue de Lyon/rue de l'Europe;46,2997668;4,82567221
202300026517;8;11;2023;19:50;5;80;80021;2;1;2;6;DELIVRANCE (RUE DE LA);49,8869;2,32527
202300026518;6;3;2023;04:40;5;971;97120;2;9;1;7;FAIDHERBE (BOULEVARD);16,24298;-61,53306
202300026519;24;5;2023;12:20;1;69;69264;2;1;1;6;Rue Nationale;45,9858;4,7181
202300026520;9;9;2023;12:00;1;75;75105;2;3;1;2;BOULEVARD SAINT GERMAIN;48,849892;2,349464
202300026521;24;5;2023;17:55;1;69;69259;2;1;1;6;Boulevard du Docteur Coblod;45,69721;4,89602
202300026522;13;11;2023;23:45;5;78;78005;2;2;1;6;RAVEL (RUE MAURICE);48,949188;2,071832
202300026523;10;9;2023;18:45;1;75;75118;2;3;1;6;AVENUE DE CLICHY;48,884948;2,326783
202300026524;5;3;2023;21:00;5;971;97101;1;9;1;2;HIBISCUS;16,25106;-61,52789
202300026525;25;5;2023;16:10;1;67;67482;2;3;1;3;COLMAR (AVENUE DE);48,56726;7,75169
202300026526;4;3;2023;12:35;1;971;97113;2;1;1;6;BAS DU FORT;16,21773;-61,51683
202300026527;10;9;2023;18:45;1;75;75117;2;3;1;2;AVENUE DE CLICHY;48,888037;2,32461
202300026528;24;5;2023;20:20;1;67;67482;2;3;1;6;CHAMP DE MANOEUVRE (RUE DU);48,601349;7,710093
202300026529;9;9;2023;07:25;1;75;75117;2;2;1;3;AVENUE DES TERNES;48,87993;2,28824
202300026530;24;5;2023;14:10;1;67;67482;2;3;1;3;ENGELBREIT (RUE DE L );48,58388;7,70715
202300026531;13;11;2023;18:25;5;77;77288;1;9;2;1;D 605;48,5449;2,67912
202300026532;13;11;2023;11:30;1;76;76681;2;7;1;6;Place Voltaire;49,42334;1,08948
202300026533;24;5;2023;17:05;1;64;64102;2;3;1;3;JEAN JAURES (BOULEVARD);43,49324;-1,4618
202300026534;10;9;2023;12:40;1;75;75114;2;3;1;7;BOULEVARD BRUNE;48,824451;2,319653
202300026535;6;3;2023;08:30;2;91;91687;2;1;1;2;GABRIEL PERI (AVENUE);48,680949;2,378046
202300026536;10;9;2023;15:10;1;75;75113;2;1;1;6;RUE DU MOULIN DE LA POINTE;48,824238;2,357018
202300026537;11;11;2023;18:45;5;76;76351;2;1;1;2;JULES DURAND (BD);49,49282;0,16954
202300026538;4;3;2023;22:30;3;91;91228;2;1;1;6;RUE DE MONTESPAN;48,63463;2,4388
202300026539;9;9;2023;09:49;1;75;75110;2;4;1;2;RUE LA FAYETTE;48,877828;2,351232
202300026540;4;3;2023;19:35;2;91;91433;1;9;8;2;R.D. 20;48,45814;2,1773
202300026541;24;5;2023;14:30;1;64;64024;2;1;1;1;LAROCHEFOUCAULD (AVENUE DE);43,48753;-1,53536
202300026542;11;11;2023;05:20;5;76;76351;2;1;3;6;AUGUSTE BLANQUI;49,50208;0,16174
202300026543;7;2;2023;11:40;1;89;89387;2;1;1;3;DROITS DE L'HOMME (ROND POINT);48,203596;3,310184
202300026544;10;9;2023;19:10;1;75;75107;2;3;1;7;AVENUE DE TOURVILLE;48,85371;2,31467
202300026545;3;3;2023;15:24;1;87;87085;2;2;1;3;MAS-BOUYOL  (CITE ET BOULEVARD DU);45,83453;1,22648
202300026546;24;5;2023;09:20;1;64;64024;2;1;1;6;RANSAN (RUE PIERRE);43,502858;-1,504926
202300026547;10;9;2023;11:05;1;75;75107;2;3;1;2;AVENUE DE LA BOURDONNAIS;48,856207;2,302489
202300026548;12;11;2023;18:25;2;71;71306;2;3;2;3;SEMARD (RUE DE);46,67057917;4,37812954
202300026549;25;5;2023;20:10;1;59;59360;2;1;1;1;PARE AMBROISE RUE;50,60633;3,02225
202300026550;6;3;2023;22:50;5;78;78172;2;6;1;3;HAUTIL (RUE DE L');49,0027;2,07572
202300026551;9;9;2023;23:40;5;75;75101;2;3;1;1;RUE DE RIVOLI;48,865356;2,327296
202300026552;24;11;2023;19:50;3;70;70388;1;9;1;2;RD13;47,62002;6,12437
202300026553;25;5;2023;16:30;1;59;59609;1;1;1;3;SECLIN RUE DE;50,57730723;3,08354795
202300026554;2;3;2023;15:30;1;73;73008;2;1;1;2;D991 RUSSIE BOULEVARD DE;45,68450049;5,91029441
202300026555;13;11;2023;18:50;5;69;69282;2;9;2;3;Rue Antoine Becquerel;45,76839363;5,03349262
202300026556;6;3;2023;09:30;1;69;69266;2;2;1;6;82 Rue du 8 Mai 1945;45,77637;4,89267
202300026557;10;9;2023;19:31;1;94;94054;2;2;1;3;Allée Louis Bréguet;48,74809;2,41536
202300026558;13;11;2023;17:10;5;69;69256;2;1;8;6;Rue de la République;45,78623;4,92582
202300026559;6;3;2023;09:40;1;69;69259;2;2;1;1;Route de Corbas;45,69127;4,89044
202300026560;10;9;2023;14:47;1;94;94018;2;1;1;6;Rue Guerin;48,8226914;2,41666965
202300026561;11;11;2023;11:15;1;69;69290;2;1;1;6;Route de Grenoble;45,7145;4,9651
202300026562;5;3;2023;13:10;1;69;69029;2;3;1;6;Avenue François Mitterrand;45,73877;4,92603
202300026563;9;9;2023;22:10;5;94;94004;2;1;1;3;Avenue Charles de Gaulle;48,75875;2,50015
202300026564;6;3;2023;13:50;1;64;64445;2;3;1;1;GASTON LACOSTE;43,29315;-0,36138
202300026565;13;11;2023;15:45;1;64;64445;2;2;1;3;ALSACE LORRAINE D';43,30486;-0,37057
202300026566;10;9;2023;12:00;1;93;93051;2;1;1;6;Route de Villiers;48,84382;2,54832
202300026567;6;3;2023;04:00;5;59;59346;2;1;1;6;TOURNAI BOULEVARD DE;50,61509;3,12189
202300026568;10;9;2023;17:00;1;93;93050;2;2;1;3;Rue Villebois Mareuil / Rue Jules Lamant et Ses Fils;48,85714106;2,52408043
202300026569;12;11;2023;23:00;5;64;64024;2;6;1;6;BARRE (PROMENADE DE LA);43,51545;-1,51603
202300026570;9;9;2023;22:30;5;93;93057;2;9;1;7;Allée Berthie Albrecht;48,90110314;2,49969538
202300026571;6;3;2023;20:23;5;56;56260;2;3;1;6;Avenue de la Marne;47,6594;-2,77609
202300026572;10;9;2023;16:15;1;93;93007;2;1;1;2;Rue Galilée;48,94272;2,47891
202300026573;12;11;2023;21:30;5;64;64024;2;1;1;2;BAB (BOULEVARD DU);43,4932;-1,53077
202300026574;10;9;2023;16:35;1;93;93007;2;1;1;2;Avenue Albert Einstein;48,94497;2,47171
202300026575;12;11;2023;12:20;1;64;64102;2;1;8;2;BAB (Boulevard);43,49813;-1,4912
202300026576;10;9;2023;11:02;1;92;92064;2;3;1;3;REPUBLIQUE;48,85808465;2,21087694
202300026577;10;9;2023;09:30;1;92;92012;2;1;1;7;ALPHONSE LE GALLO (QUAI) 35/FIN;48,83492;2,22576
202300026578;10;9;2023;04:40;3;60;60484;1;1;1;6;Rue de Villepoix;49,552027;2,031237
202300026579;11;9;2023;07:40;2;50;50590;1;1;1;7;D41;48,799783;-1,313446
202300026580;13;11;2023;09:00;1;63;63113;2;1;1;2;rue Anatole France;45,77822915;3,10829937
202300026581;11;9;2023;11:58;1;54;54296;1;1;7;6;RD674 ;48,726342;6,283311
202300026582;8;9;2023;22:00;5;62;62053;2;1;1;6;D92;50,58735784;2,13455152
202300026583;9;9;2023;14:40;1;43;43074;1;1;1;7;D14;45,338467;3,362889
202300026584;13;11;2023;08:10;1;63;63032;2;1;1;3;MONT-DORE (AVENUE DU);45,74899538;3,07875752
202300026585;9;9;2023;21:45;5;35;35318;2;1;1;6;22 Rue de Tourdelin;48,334796;-1,933631
202300026586;13;11;2023;19:00;5;59;59616;2;2;1;6;RENE BETH (RUE);50,479;3,577
202300026587;9;9;2023;21:30;3;35;35265;1;1;1;2;D137;48,34176503;-1,86184466