Num_Acc;jour;mois;an;hrmn;lum;dep;com;agg;int;atm;col;adr;lat;long
202300026588;11;9;2023;09:00;1;63;63473;1;2;1;3;D404;45,938482;3,102259
202300026589;13;11;2023;08:05;2;59;59599;2;3;8;6;GRAMME (CHAUSSEE);50,73613;3,17322
202300026590;10;9;2023;17:20;1;21;21214;1;1;1;4;autoroute a6;47,18167509;4,67994755
202300026591;13;11;2023;05:45;5;59;59122;2;7;2;3;BRIAND (PLACE ARISTIDE);50,17521;3,23496
202300026592;11;9;2023;12:50;1;974;97410;2;9;1;3;Route Nationale 2;-21,078082;55,742797
202300026593;11;11;2023;11:35;1;57;57757;2;1;1;6;Nations (Avenue);49,35757;6,18762
202300026594;11;9;2023;08:10;1;6;6126;1;1;1;1;M6202;43,800982;7,202134
202300026595;13;11;2023;05:30;5;57;57463;2;1;3;6;LAVOIR (RUE DU );49,09715;6,17486
202300026596;10;9;2023;17:24;1;65;65447;2;1;1;7;route départementale 817;43,189987;0,23273
202300026597;13;11;2023;12:40;1;56;56098;2;1;8;2;NERUDA (AVENUE  PABLO );47,77275;-3,33389
202300026598;5;9;2023;16:00;1;23;23077;1;1;1;3;D85;45,743239;1,973902
202300026599;10;9;2023;10:00;1;21;21081;1;1;1;6;D16;47,370193;4,774096
202300026600;10;11;2023;18:25;5;56;56083;2;1;2;6;PASTEUR ( AVENUE );47,80202;-3,28363
202300026601;10;6;2023;16:15;1;30;30047;1;1;1;1;D6113;43,794196;4,424754
202300026602;12;11;2023;03:35;5;50;50129;2;1;2;7;ATLANTIQUE (BOULEVARD DE L');49,6303;-1,6446
202300026603;10;9;2023;16:50;1;56;56190;1;2;1;3;Le Crano;47,982788;-2,7630986
202300026604;11;11;2023;15:40;1;49;49099;2;1;1;7;ETOILE (RUE DE L');47,06524;-0,88595
202300026605;10;9;2023;05:45;3;56;56248;2;1;1;5;35 bis Rue Kerlann Borne;47,58035;-2,64652
202300026606;14;8;2023;12:00;1;74;74104;1;2;1;2;RD 1508;45,783686;6,225353
202300026607;11;11;2023;01:41;5;49;49007;2;1;1;3;VOIE DES BERGES;47,47232;-0,55824
202300026608;11;9;2023;14:20;1;76;76636;1;1;2;3;Route de Duclair;49,492786;0,897853
202300026609;10;9;2023;16:10;1;80;80649;1;1;1;7;D32;50,331306;1,595378
202300026610;10;9;2023;07:58;1;82;82125;2;1;1;6;Avenue de Montauban;43,965368;1,254984
202300026611;13;11;2023;16:00;1;45;45302;2;1;2;4;1385 Rue Nationale 20;47,95036;1,89171
202300026612;18;12;2023;19:40;2;13;13209;2;1;1;6;LUMINY (AVENUE DE);43,232668;5,435843
202300026613;13;11;2023;18:50;5;45;45208;2;9;3;6;31 Rue du Faubourg de la Chaussee;47,998;2,74232
202300026614;11;9;2023;08:40;1;71;71061;1;2;1;2;RD 971;46,563954;5,029603
202300026615;18;12;2023;19:00;4;13;13213;2;1;1;7;ROSE (AVENUE DE LA);43,32656;5,42084
202300026616;13;11;2023;07:50;2;43;43157;2;9;8;7;Place du Breuil;45,041917;3,882648
202300026617;2;9;2023;17:20;1;71;71263;2;1;1;6;Avenue du Docteur Jean Vial;46,629684;5,246916
202300026618;18;12;2023;17:50;1;13;13214;2;1;1;6;GIBBES (CHEMIN DE);43,32402;5,38201
202300026619;10;9;2023;12:15;1;63;63319;1;1;7;6;RD 966 lieu-dit Rabiller-bas;45,51660086;3,89020118
202300026620;10;9;2023;01:30;3;63;63273;2;1;1;7;17 Route de Billom;45,726761;3,238249
202300026621;13;11;2023;18:25;5;38;38185;2;7;2;2;MARTYRS (RUE DES);45,19825;5,70934
202300026622;18;12;2023;10:05;1;13;13202;2;9;1;2;CARGO RHIN FIDELI (RUE);43,32706;5,35784
202300026623;10;9;2023;12:45;1;61;61480;1;1;1;6;D26;48,558379;0,035518
202300026624;18;12;2023;09:40;1;13;13207;2;1;1;1;Corniche John Fitzgérald Kennedy;43,27327;5,36309
202300026625;13;11;2023;17:35;1;37;37122;1;1;3;4;RD 37;47,37134582;0,65398693
202300026626;18;12;2023;15:50;1;6;6069;1;1;1;3;CROISSET (AVENUE FR. DE);43,67055;6,94147
202300026627;10;9;2023;15:57;1;55;55363;1;1;1;1;D903;49,097793;5,757174
202300026628;10;9;2023;20:30;2;49;49125;2;1;1;6;76 Route de montreuil;47,190423;-0,266327
202300026629;13;11;2023;17:40;5;37;37208;2;4;3;3;ORMEAU (RUE DE L');47,35563;0,73772
202300026630;18;12;2023;09:00;1;6;6069;1;1;7;2;PLAN (ROUTE DU) -D304-;43,652751;6,946701
202300026631;13;11;2023;14:10;1;37;37261;2;1;2;6;GANCE (BOULEVARD ABEL);47,43015;0,70542
202300026632;10;9;2023;17:57;1;42;42334;1;1;1;3;Route de Balbigny;45,849328;4,302719
202300026633;18;12;2023;09:50;1;3;3321;2;1;1;6;rue des cladets;46,55712;3,3462
202300026634;13;11;2023;07:55;2;37;37261;2;1;2;6;SAVONNIERES (ROUTE DE);47,37068;0,6774
202300026635;10;9;2023;17:30;1;42;42142;1;1;1;1;Route de Leignecq;45,37759;4,020535
202300026636;18;12;2023;08:50;2;75;75113;2;1;1;3;PORTE D ITALIE;48,819992;2,36812
202300026637;11;9;2023;07:40;1;46;46028;1;1;1;6;rd 803;44,94953413;1,72129652
202300026638;13;11;2023;14:00;1;35;35238;2;6;1;3;FORCES FRANCAISES DE L'ONU (ROND POINT);48,08954;-1,68267
202300026639;17;12;2023;18:30;5;75;75116;2;4;1;6;ROUTE DE LA MUETTE A NEUILLY;48,866679;2,264943
202300026640;13;11;2023;23:50;5;33;33063;2;1;2;6;Quai des Chartrons;44,85307;-0,56699
202300026641;9;9;2023;16:27;1;46;46317;1;2;1;3;Intresection D60 et D14;44,831815;1,770784
202300026642;13;11;2023;20:15;5;33;33063;2;8;2;6;CRS DE L'ARGONNE;44,82886;-0,57404
202300026643;16;12;2023;20:22;5;75;75105;2;2;1;3;RUE DU CARDINAL LEMOINE;48,847494;2,352706
202300026644;10;9;2023;18:45;1;47;47320;1;2;7;3;route de Lussac;44,31846;0,200415
202300026645;13;11;2023;08:46;2;31;31555;2;1;1;6;AV DE LESPINET;43,57603;1,47108
202300026646;10;9;2023;17:45;1;22;22194;1;1;1;7;D42;48,62871321;-3,61635
202300026647;18;12;2023;17:17;5;75;75118;2;3;1;6;RUE DE LA CHAPELLE;48,890843;2,359896
202300026648;13;11;2023;08:10;1;31;31555;2;1;1;1;RUE VESTREPAIN;43,58378;1,40716
202300026649;18;12;2023;15:40;1;75;75116;2;1;8;6;RUE JEAN DE LA FONTAINE;48,849978;2,269404
202300026650;9;9;2023;18:00;1;22;22062;1;1;1;3;La Touche Couesbot;48,172833;-2,45509
202300026651;10;9;2023;21:18;2;39;39008;1;1;1;7;N/A;47,148877;5,565709
202300026652;13;11;2023;11:20;1;31;31483;2;1;1;3;FOURNIER (PLACE );43,11295797;0,7141435
202300026653;18;12;2023;18:11;5;75;75113;2;3;1;1;QUAI FRANCOIS MAURIAC;48,832949;2,378741
202300026654;9;9;2023;17:25;1;35;35069;2;1;1;6;Univer (Zone tertiaire);48,041396;-1,515389
202300026655;10;11;2023;07:19;1;30;30189;1;3;1;3;SOUS FONT DAME (CHEMIN OU IMPASSE);43,80531;4,336394
202300026656;9;9;2023;09:20;1;35;35227;1;1;1;6;La Ricandais;48,178871;-1,886188
202300026657;18;12;2023;08:50;1;75;75111;2;3;2;2;RUE DE LA ROQUETTE;48,857154;2,3789
202300026658;10;9;2023;18:30;1;29;29020;1;1;7;6;Route de Langolen;48,08765497;-3,9522971
202300026659;13;11;2023;21:10;5;27;27229;2;6;1;6;QUATORZE JUILLET (BOULEVARD);49,01;1,16719
202300026660;18;12;2023;19:15;5;75;75101;2;2;1;7;BOULEVARD DE SEBASTOPOL;48,861983;2,350179
202300026661;8;9;2023;17:30;1;31;31100;1;1;1;1;16 Chemin de Lasserre;43,294762;1,630086
202300026662;13;11;2023;18:30;5;25;25056;2;1;2;4;BLUM  BOULEVARD LEON (inf 51);47,26242;6,0402
202300026663;18;12;2023;09:05;1;94;94081;2;3;1;3;Quai Jules Guesde;48,78336;2,41779
202300026664;13;11;2023;17:50;3;22;22278;2;3;1;6;LE FLEM (PAUL);48,50556;-2,76936
202300026665;18;12;2023;20:35;5;94;94052;2;1;8;3;2bis Boulevard de Strasbourg;48,835924;2,474996
202300026666;8;9;2023;18:10;1;3;3126;2;4;1;5;D131;46,091247;3,44198
202300026667;13;11;2023;12:50;1;17;17415;1;9;2;6;Route Nationale 150;45,72588;-0,649154
202300026668;18;12;2023;23:00;5;94;94041;2;1;1;6;Rue Louis Bertrand;48,816837;2,3787555
202300026669;9;9;2023;13:20;1;1;1319;1;2;1;3;D27;46,060833;4,946825
202300026670;13;11;2023;07:15;1;13;13005;2;9;1;3;NATIONALE 8 DE PARIS A TOULON (ROUTE);43,28663;5,5858
202300026671;17;12;2023;01:00;5;94;94073;2;9;1;2;Boulevard de Stalingrad;48,77386143;2,39918348
202300026672;10;9;2023;18:50;1;58;58244;1;1;7;3;La Croix de Chaligny;47,063874;3,886478
202300026673;12;11;2023;23:05;5;10;10387;2;6;8;1;ROBERT GALLEY (RUE);48,2898;4,0678
202300026674;18;12;2023;10:55;1;93;93066;2;1;8;2;Avenue de Stalingrad;48,94711029;2,37299372
202300026675;10;9;2023;16:40;1;14;14494;1;2;1;3;Route Départementale 27;49,258405;-0,094871
202300026676;18;12;2023;15:26;1;93;93029;2;1;8;6;Avenue Marceau;48,929047;2,434324
202300026677;11;11;2023;19:27;5;75;75120;2;1;1;4;PORTE DES LILAS;48,877377;2,409157
202300026678;17;12;2023;18:45;5;92;92050;2;1;1;3;PICASSO PABLO AVENUE;48,89006278;2,21929371
202300026679;10;9;2023;14:30;1;50;50509;1;1;1;3;D913;49,389022;-1,216908
202300026680;12;11;2023;19:07;5;75;75116;2;1;1;7;AVENUE DE VERSAILLES;48,843246;2,269502
202300026681;18;12;2023;16:35;2;92;92049;2;1;8;7;VERDIER AVENUE N°25 A 79;48,81565339;2,31640488
202300026682;10;9;2023;18:50;1;64;64005;1;1;1;1;Route Départementale 229;43,339412;-0,524297
202300026683;13;11;2023;17:50;5;75;75119;2;2;2;6;RUE ANDRE DANJON;48,885259;2,384614
202300026684;17;12;2023;14:55;1;92;92044;2;1;1;3;ANA.FRANCE(RUE)77A139 ET 74A124;48,89434;2,28299
202300026685;11;9;2023;17:15;1;64;64464;1;3;1;3;30 Route de Sévignacq;43,521512;-0,278102
202300026686;13;11;2023;07:50;1;75;75117;2;7;2;3;PLACE DU MARECHAL JUIN;48,885402;2,297631
202300026687;18;12;2023;09:45;1;92;92002;2;2;1;6;DIVISION LECLERC (1 A 29 -2 A 34);48,75136877;2,30455801
202300026688;10;9;2023;09:45;1;43;43141;2;2;1;3;Route de la Tour;45,188438;4,32326
202300026689;9;9;2023;21:00;3;43;43131;1;1;9;6;D4;45,192823;3,541358
202300026690;13;11;2023;15:25;1;75;75116;2;3;8;3;AVENUE VICTOR HUGO;48,870782;2,288098
202300026691;14;12;2023;19:30;3;47;47124;1;1;1;1;Lacavaillere Nord;44,512727;0,812559
202300026692;9;9;2023;23:20;3;16;16085;1;3;1;7;RUE DU LOGIS;45,827502;0,459039
202300026693;13;11;2023;07:50;1;75;75113;2;3;2;7;BOULEVARD MASSENA;48,820512;2,366019
202300026694;18;12;2023;18:35;3;47;47015;1;1;5;7;D130;44,057716;0,637679
202300026695;13;11;2023;17:55;5;75;75113;2;1;2;2;AVENUE D ITALIE;48,829783;2,356207
202300026696;8;9;2023;10:50;1;7;7010;2;1;1;6;Avenue de l'Europe;45,244947;4,668331
202300026697;12;11;2023;04:00;5;75;75114;2;3;2;6;AVENUE RENE COTY;48,830237;2,333747
202300026698;18;12;2023;16:30;2;11;11366;1;1;1;1;CD5;43,289655;2,862239
202300026699;19;12;2023;10:55;1;59;59653;2;1;2;6;Rue Voltaire;50,572511;2,934795
202300026700;11;9;2023;17:50;1;21;21582;1;1;7;1;Rue des Sources;46,904927;4,685975
202300026701;19;12;2023;06:50;3;19;19021;1;1;1;6;D21;45,65798502;2,22610224
202300026702;10;9;2023;16:05;1;21;21492;1;3;1;3;D973;47,010902;4,801497
202300026703;13;11;2023;09:15;1;75;75112;2;2;8;6;QUAI DE LA RAPEE;48,843375;2,370816
202300026704;10;9;2023;18:20;1;85;85172;1;1;1;2;RD 205;46,815388;-1,959168
202300026705;10;9;2023;19:34;1;85;85254;1;1;1;7;6 la haute passière;46,784434;-0,745662
202300026706;10;9;2023;08:05;1;85;85031;2;1;1;6;2bis Rue des venelles;46,7956997;-0,92821732
202300026707;18;12;2023;18:25;3;79;79195;1;1;1;4;N/A;46,894337;-0,619601
202300026708;11;9;2023;12:35;1;27;27056;1;3;2;3;D40;49,105494;0,575935
202300026709;13;12;2023;15:40;1;82;82119;1;1;2;6;D820;44,214075;1,526359
202300026710;10;9;2023;21:45;3;27;27608;1;1;1;7;D131;49,065628;0,506453
202300026711;22;8;2023;01:20;3;87;87118;1;1;1;7;Route RD 128;45,949255;1,142246
202300026712;24;11;2023;16:45;1;33;33140;2;1;1;6;26 Boulevard Victor Hugo;44,77494028;-0,34604251
202300026713;10;9;2023;12:30;1;37;37277;1;1;1;6;D12;47,15644037;1,25566292
202300026714;9;9;2023;17:45;1;30;30341;2;1;1;6;498 Boulevard Jean Moulin;43,69828;4,28463
202300026715;10;9;2023;11:20;1;48;48192;1;1;1;6;D56;44,502222;3,103369
202300026716;10;9;2023;16:20;1;8;8457;2;1;7;6;N/A;49,794423;4,636752
202300026717;10;9;2023;16:20;1;88;88408;1;1;1;1;7 Rue de Saulx;47,90813;6,688657
202300026718;19;12;2023;05:00;3;11;11024;1;1;1;1;D 6009;43,126042;2,958643
202300026719;18;8;2023;19:20;5;987;98734;2;3;1;3;PK 39+300 - C/MONT - Quartier CARRIERE;-17,712;-149,508
202300026720;9;9;2023;19:45;3;988;98805;1;1;1;6;Col de Tonghoue;-22,182779;166,47673
202300026721;18;12;2023;08:02;1;63;63430;2;1;1;6;30 Avenue des Etats Unis;45,857929;3,542742
202300026722;10;9;2023;16:55;1;18;18157;1;1;1;7;N/A;47,061645;2,300198
202300026723;26;11;2023;21:00;3;63;63423;1;1;1;6;Lieu Dit Maisonneuve;45,605155;3,39514
202300026724;10;9;2023;22:45;5;973;97309;2;2;1;6;Avenue Cyprien Gildon;4,913449;-52,280138
202300026725;10;9;2023;19:01;3;973;97309;1;1;1;1;Route Departementale 23;4,901552;-52,304707
202300026726;18;12;2023;22:33;3;49;49060;1;1;1;6;D162;47,188566;-0,0202
202300026727;11;9;2023;09:50;1;1;1200;2;2;1;3;intersection RD1084, rue de la cote au maréchal;46,093825;5,482269
202300026728;18;12;2023;22:20;3;12;12215;1;1;1;6;D840;44,493995;2,387402
202300026729;22;8;2023;18:45;1;34;34032;1;1;1;4;A9 PK 168+800;43,304366;3,229809
202300026730;9;9;2023;11:35;1;69;69043;2;1;1;6;6 Bd Pierre Philippe Reydellet;45,708326;4,746496
202300026731;18;12;2023;10:45;1;47;47174;1;1;1;6;D930;44,029073;0,360847
202300026732;10;9;2023;18:10;1;38;38053;1;1;1;2;A43 Pk 34+600 direction LYON;45,597975;5,276184
202300026733;19;12;2023;07:10;3;68;68305;1;1;1;6;D463;47,533152;7,158673
202300026734;19;12;2023;17:35;5;39;39491;2;3;1;6;1 Rue du Jura;46,401543;5,793083
202300026735;11;9;2023;08:40;1;69;69013;1;1;1;4;Autoroute 6;45,99995933;4,73508624
202300026736;18;12;2023;16:40;1;44;44084;2;1;1;7;Rue du Rocher;47,228734;-1,374391
202300026737;9;9;2023;19:00;2;69;69080;1;1;1;7;Route des Haies;45,5295;4,74187
202300026738;10;9;2023;16:40;1;91;91249;1;1;1;7;A10 - PK 011+200 - PARIS / PROVINCE;48,605376;2,082188
202300026739;16;12;2023;16:15;1;29;29105;2;6;1;7;Espace commercial du Vern;48,52107327;-4,05834349
202300026740;11;9;2023;06:45;1;988;98803;1;1;1;7;RT1;-21,47477;165,35426
202300026741;8;9;2023;07:10;1;971;97125;1;1;1;6;ROUTE POINTE DES CHATEAU;16,251491;-61,210027
202300026742;10;9;2023;20:15;2;45;45210;1;1;1;6;D93 PR 17 + 650;47,844616;2,835546
202300026743;19;12;2023;17:30;3;2;2042;1;1;3;2;N/A;49,002717;3,352911
202300026744;8;9;2023;19:40;1;45;45212;2;3;1;6;2 Rue de la Cave;47,906411;2,807007
202300026745;11;9;2023;17:15;1;77;77144;1;3;1;2;D216 intersection D231;48,77606;2,898813
202300026746;18;12;2023;15:30;1;3;3062;1;2;1;3;D42;46,188519;3,185212
202300026747;9;9;2023;09:30;1;48;48004;1;1;1;1;Maison blanche;44,463744;3,883187
202300026748;18;12;2023;15:50;1;70;70413;1;1;1;2;Route d'Auxelles;47,722224;6,741502
202300026749;10;9;2023;08:30;1;84;84053;1;3;1;1;Chemin du Temple;44,382018;4,91598
202300026750;7;9;2023;14:30;1;84;84004;2;1;1;3;Avenue-majoral-jouve;44,082792;5,036169
202300026751;19;12;2023;00:40;4;14;14057;1;1;1;6;Route de Caen;49,129724;-0,21838
202300026752;10;9;2023;09:35;1;84;84103;1;1;1;7;route de banon;43,919775;5,482028
202300026753;10;9;2023;14:25;1;6;6154;1;1;1;3;1615 Route Departementale 2211;43,795588;6,657125
202300026754;9;9;2023;11:20;1;6;6055;1;1;1;3;rm15;43,888321;7,299428
202300026755;18;12;2023;20:15;3;50;50215;1;1;1;1;Route du Village Quintaine;49,084578;-1,48177
202300026756;10;9;2023;16:20;1;5;5052;1;1;1;2;Route de la Gare;44,66799356;6,61794327
202300026757;18;12;2023;18:20;2;50;50400;1;1;1;6;9 Rue de la Salette;49,338474;-1,419392
202300026758;11;9;2023;14:11;1;13;13081;1;1;1;1;D21;43,492682;5,205765
202300026759;9;9;2023;12:45;1;13;13053;1;1;1;1;DRN7;43,733414;5,136731
202300026760;18;12;2023;13:50;1;60;60465;1;1;2;1;d1001;49,543758;2,201557
202300026761;11;9;2023;08:55;1;13;13035;1;1;1;7;Route de Miramas;43,672734;5,02521
202300026762;18;12;2023;07:00;2;64;64083;1;1;1;6;D936;43,390914;-0,965005
202300026763;10;9;2023;03:30;3;21;21564;1;3;1;3;D996;47,12257445;5,099119
202300026764;11;9;2023;07:50;1;68;68348;2;1;1;6;31 Route d'Aspach;47,801969;7,116289
202300026765;19;12;2023;13:15;1;21;21061;1;1;1;6;D901;47,696368;4,63578
202300026766;18;12;2023;18:00;2;24;24586;1;1;1;3;2720 Route de l'Avenir;45,26309;0,37711
202300026767;9;9;2023;17:30;1;68;68368;1;4;1;3;Route de Gunsbach;48,047444;7,183262
202300026768;19;12;2023;08:35;1;4;4049;2;3;1;1;17 route de manosque;44,074203;5,991819
202300026769;8;9;2023;10:25;1;54;54173;1;1;1;2;Route de Drouville;48,65949089;6,41676664
202300026770;10;9;2023;17:00;1;57;57665;1;1;1;7;D31c;49,129699;6,935059
202300026771;18;12;2023;16:00;1;87;87187;1;3;1;3;Route de Périgueux;45,489457;1,194131
202300026772;11;9;2023;08:00;1;73;73292;1;1;1;7;D129;45,714404;6,407202
202300026773;5;9;2023;11:00;1;73;73303;2;6;1;3;D1508 Route d' Annecy;45,745351;6,420071
202300026774;19;12;2023;18:05;3;30;30269;1;1;1;1;D907;44,115699;3,848004
202300026775;9;9;2023;09:20;1;73;73243;1;1;7;3;D912;45,601308;6,016581
202300026776;10;9;2023;12:45;1;26;26290;1;1;1;6;D76;44,858135;5,404351
202300026777;9;12;2023;17:30;3;52;52017;1;1;3;6;D6;47,93258569;5,02541303
202300026778;10;9;2023;10:30;1;7;7136;2;1;1;2;3333 route des cevennes;44,593465;3,906134
202300026779;19;12;2023;08:10;1;77;77306;1;1;1;6;A5 PK 1+500 PEAGE LES EPRUNES;48,58949504;2,65386628
202300026780;18;12;2023;09:15;1;17;17074;2;1;5;7;Route de Montendre;45,214373;-0,377497
202300026781;9;9;2023;15:15;1;69;69176;1;4;1;3;Route de Mornant;45,671434;4,698672
202300026782;9;9;2023;20:15;1;19;19146;2;1;1;6;rue des bruyeres;45,318927;1,758349
202300026783;9;9;2023;23:50;3;33;33073;1;1;1;7;43 Lieu Dit la Blanchetterie;45,236569;-0,591937
202300026784;11;9;2023;16:20;1;50;50099;1;1;1;6;D913;49,363916;-1,24109
202300026785;18;12;2023;17:50;3;38;38331;2;4;1;7;Route du Mouret;45,366716;5,518835
202300026786;10;9;2023;10:30;1;50;50099;2;1;2;6;Rue Holgate;49,300918;-1,249539
202300026787;7;9;2023;12:36;1;14;14724;1;1;1;1;Route de Touques;49,256014;-0,135355
202300026788;18;12;2023;15:00;1;971;97106;2;1;1;1;Route de Bellon;16,186213;-61,781069
202300026789;10;9;2023;05:20;3;22;22389;1;1;1;6;Rue René Coty;48,472847;-2,688301
202300026790;18;12;2023;13:55;1;21;21171;2;1;5;6;9 Rue de Pommard;47,298602;5,133242
202300026791;9;9;2023;08:00;1;35;35326;2;1;1;2;Avenue Philippe de Volvire;48,332001;-1,532482
202300026792;11;9;2023;03:45;5;76;76533;2;1;1;6;Rue René Coty;49,504524;0,268275
202300026793;19;12;2023;14:45;1;95;95355;2;1;1;5;53 CROSNE (RUE DE);49,149804;1,788094
202300026794;18;12;2023;14:30;1;5;5178;1;2;7;3;Le Long du Canal;44,368191;5,92214
202300026795;7;9;2023;06:05;3;59;59058;1;1;1;2;D602;50,231874;3,950049
202300026796;16;12;2023;11:25;2;13;13072;1;3;1;3;D56b;43,459071;5,629426
202300026797;29;8;2023;07:40;1;59;59034;2;1;1;1;49 rue d'attiches;50,531721;3,079487
202300026798;18;12;2023;18:29;3;76;76759;2;1;1;6;Route des Marais;49,412183;0,873926
202300026799;9;9;2023;15:40;1;13;13005;1;1;1;6;A50-Sens Marseille vers Aubagne;43,2843;5,5725
202300026800;18;12;2023;18:08;2;13;13056;1;1;1;4;A55-Sens Martigues vers Marseille;43,40982;5,03753
202300026801;10;9;2023;03:40;5;69;69382;1;1;1;2;Route de Métropole 7;45,74205;4,82522
202300026802;18;12;2023;11:50;1;83;83144;1;1;1;2;A57;43,14263526;6,00846007
202300026803;18;12;2023;08:15;2;33;33487;1;1;5;4;AUTOROUTE A 10;44,95266;-0,45907
202300026804;10;9;2023;20:20;3;91;91521;1;1;1;3;AUTOROUTE A6;48,63651;2,39941
202300026805;18;12;2023;08:00;2;33;33550;1;1;5;3;ROCADE A 630;44,78318039;-0,54269135
202300026806;10;9;2023;18:25;1;91;91553;1;1;1;2;RN 104;48,63146;2,50281
202300026807;16;12;2023;18:00;3;59;59009;1;1;1;2;ROUTE NATIONALE 227;50,62913;3,13883
202300026808;15;12;2023;12:20;1;59;59271;1;1;1;2;AUTOROUTE A16;50,99909;2,29051
202300026809;10;9;2023;12:29;1;91;91689;1;1;1;2;A6;48,74839;2,32732
202300026810;17;12;2023;03:30;3;62;62637;1;1;1;2;A1;50,46207;2,97437
202300026811;10;9;2023;15:40;1;93;93007;1;1;1;2;AUTOROUTE A1;48,94661725;2,44182927
202300026812;18;12;2023;07:45;3;91;91161;1;1;1;2;AUTOROUTE A6;48,69495;2,31894
202300026813;10;9;2023;06:40;2;95;95277;1;1;1;2;A3;48,97399;2,488348
202300026814;17;12;2023;18:43;3;78;78640;1;1;1;5;N118;48,778307;2,222478
202300026815;17;12;2023;08:04;1;92;92050;1;1;1;7;A86;48,91813898;2,22276483
202300026816;9;9;2023;21:00;3;93;93005;1;1;1;4;AUTOROUTE A3;48,96938098;2,48064637
202300026817;18;12;2023;17:35;2;95;95572;1;1;1;3;N184;49,03791744;2,12330895
202300026818;10;9;2023;16:00;1;77;77122;1;1;1;6;RN104;48,6597377;2,61287775
202300026819;18;12;2023;14:16;1;93;93066;1;1;1;4;AUTOROUTE A1;48,9156;2,35799
202300026820;9;9;2023;18:10;1;69;69383;2;3;1;3;Rue Paul Bert;45,75595;4,84526
202300026821;18;12;2023;11:30;1;95;95277;1;1;1;2;AUTOROUTE A3;48,97018412;2,48292089
202300026822;9;9;2023;13:37;1;972;97213;1;1;1;6;AUTOROUTE A1;14,61686;-61,01665
202300026823;18;12;2023;07:00;3;95;95582;1;1;1;4;A115;48,97336;2,24588
202300026824;9;9;2023;09:55;1;972;97209;1;1;1;6;RN9;14,61182;-61,04235
202300026825;31;8;2023;14:00;1;32;32416;1;1;1;6;D165 PK 8+358 32120 sarrant;43,78448;0,923281
202300026826;17;12;2023;05:30;2;974;97411;2;2;1;3;JAURES (BLD 1 JEAN);-20,89183;55,46735
202300026827;9;9;2023;03:15;5;69;69382;2;3;1;2;Quai Docteur Gailleton;45,75045;4,83212
202300026828;16;12;2023;17:55;1;974;97411;1;9;2;6;MONTAGNE (ROUTE DE LA);-20,88907;55,43657
202300026829;16;12;2023;02:45;3;974;97411;1;1;1;6;LITTORAL (ROUTE 1 DU);-20,87459;55,43233
202300026830;17;12;2023;18:00;1;974;97407;2;1;1;2;LENINE (AVENUE);-20,94314;55,29974
202300026831;17;12;2023;17:00;-1;972;97209;2;6;-1;7;ROND POINT DU VIET-NAM-HEROIQUE (ECHANGE;14,61191;-61,0788
202300026832;8;9;2023;18:00;1;83;83118;2;3;1;3;BOULEVARD DE LA TRENTE-SIXIÈME DIVISION;43,42042;6,85691
202300026833;9;9;2023;03:15;3;77;77389;1;1;1;1;D606;48,50942;2,65786
202300026834;17;12;2023;17:50;5;69;69389;2;3;1;2;12 Rue Joannès Carret;45,78720859;4,81047587
202300026835;17;12;2023;06:00;1;971;97101;1;1;2;2;RN1 ROCADE DE CHAUVEL;16,24628;-61,52563
202300026836;9;9;2023;10:10;1;71;71306;2;1;1;6;GAUTHEY (QUAI);46,667363;4,354423
202300026837;17;12;2023;17:00;2;95;95427;2;1;1;1;SAINT-LEU (ROUTE DE);48,95855836;2,32927591
202300026838;17;12;2023;13:47;1;84;84031;2;1;1;6;Avenue du Mont Ventoux;44,056897;5,062011
202300026839;9;9;2023;16:30;1;69;69266;2;2;1;3;Rue Poizat;45,75821;4,89332
202300026840;16;12;2023;17:50;3;83;83069;2;1;1;1;ARBANAIS (AVENUE DES);43,03599;6,14384
202300026841;16;12;2023;15:28;1;77;77307;2;6;7;2;AV DE L EUROPE;48,8523;2,76312
202300026842;9;9;2023;01:05;5;69;69264;2;1;1;7;Rue de Stalingrad;45,98557;4,72001
202300026843;16;12;2023;19:45;3;73;73011;1;6;1;6;CHASSEURS ALPINS (AV.) P. DUROY VERS AV;45,66257;6,3872
202300026844;17;12;2023;19:25;5;71;71076;2;3;8;3;PARIS (AVENUE DE);46,79006;4,8502
202300026845;9;9;2023;21:42;5;69;69259;2;2;1;2;Boulevard Ambroise Croizat;45,70046;4,88754
202300026846;17;12;2023;17:50;5;67;67482;2;3;1;3;TOUSSAINT (RUE DE LA);48,586657;7,743611
202300026847;9;9;2023;18:20;1;67;67482;2;3;7;3;ROMAINS (ROUTE DES);48,57798;7,70403
202300026848;17;12;2023;20:35;5;65;65440;2;6;1;3;ALSACE LORRAINE (AVENUE);43,24092;0,07366
202300026849;8;9;2023;23:30;3;65;65226;2;1;1;6;PAU (ROUTE DE);43,24122;0,01862
202300026850;16;12;2023;15:45;1;64;64445;2;3;1;3;SARAGOSSE DE;43,30811;-0,3604
202300026851;16;12;2023;16:50;1;64;64024;2;3;1;2;ESPAGNE (AVENUE D');43,47660327;-1,52636012