Num_Acc;jour;mois;an;hrmn;lum;dep;com;agg;int;atm;col;adr;lat;long
202300026852;9;9;2023;11:00;1;59;59512;2;6;1;1;ALGER  (RUE D');50,70762432;3,18695068
202300026853;16;12;2023;14:30;1;64;64102;2;9;1;3;PONTOTS (GIRATOIRE LES);43,48858;-1,49154
202300026854;17;12;2023;09:36;1;63;63113;2;3;1;5;CANROBERT (RUE);45,78912;3,06282
202300026855;9;9;2023;02:05;5;59;59431;1;1;1;1;HOUCKE (AVENUE JULES);50,68353;2,84108
202300026856;15;12;2023;17:40;5;62;62765;2;9;1;6;Rue du Colonel Doyen;50,75226985;2,24799769
202300026857;9;9;2023;01:40;5;57;57463;2;2;1;1;MANGIN (RUE );49,10219594;6,16412401
202300026858;17;12;2023;18:30;5;62;62160;2;1;1;6;Boulevard Voltaire;50,71714;1,61045
202300026859;16;12;2023;18:05;5;57;57630;2;1;9;6;REDING (ROUTE);48,744854;7,076887
202300026860;17;12;2023;10:55;1;50;50218;2;1;7;6;SAUSSEY (RUE DU);48,83654;-1,56325
202300026861;9;9;2023;09:05;1;51;51454;2;3;1;3;MAURIAC  AVENUE FRANCOIS;49,2428;3,99962
202300026862;15;12;2023;20:03;5;46;46042;2;1;1;3;LAFAGE (RUE VICTOR);44,44707;1,44863
202300026863;9;9;2023;12:05;1;49;49007;2;1;7;6;SALENGRO;47,45426;-0,56251
202300026864;1;12;2023;17:00;5;38;38053;2;1;2;6;Avenue de Champ - Fleuri;45,60257;5,27104
202300026865;16;12;2023;17:05;2;35;35278;1;1;1;4;PORTE DE BEAUREGARD;48,14021;-1,69609
202300026866;17;12;2023;13:20;1;34;34108;2;3;1;1;VIGNERONS (AVENUE DES);43,44647;3,75333
202300026867;17;12;2023;19:20;5;33;33063;2;1;1;6;RUE POURMANN;44,86798;-0,5505
202300026868;9;9;2023;22:06;5;45;45234;2;2;1;3;29 Rue du 11 Novembre;47,91846;1,93385
202300026869;17;12;2023;18:48;5;33;33318;2;2;5;3;Avenue de Gradignan;44,79998;-0,6243
202300026870;4;9;2023;06:20;2;42;42207;2;1;1;7;Rue du Clos Marquet;45,48699;4,51626
202300026871;16;12;2023;18:40;3;27;27375;1;1;8;7;VACHERIE (ROUTE DE LA);49,20841;1,13258
202300026872;7;9;2023;22:00;5;42;42218;2;2;1;1;Rue des Aciéries;45,45358855;4,39067216
202300026873;17;12;2023;10:45;1;22;22113;2;3;1;3;SULLY PRUD'HOMME (RUE);48,7422;-3,47378
202300026874;9;9;2023;23:45;5;42;42316;1;1;1;6;Rue Andre Chenier;45,40641;4,27241
202300026875;15;12;2023;13:20;1;22;22113;2;1;1;6;RESISTANCE (AVENUE DE LA);48,74869;-3,4609
202300026876;17;12;2023;15:20;1;13;13213;2;6;7;3;FRÉDÉRIC MISTRAL (AVENUE);43,32340101;5,44900727
202300026877;9;9;2023;20:55;5;37;37261;2;4;1;3;MAGINOT (AV. ANDRE);47,41444;0,68751
202300026878;17;12;2023;11:43;1;13;13205;2;2;1;3;SAKAKINI (BOULEVARD);43,29239338;5,40113747
202300026879;9;9;2023;10:00;1;37;37261;2;1;1;6;MAGINOT (AV. ANDRE);47,42907;0,7038
202300026880;16;12;2023;18:10;5;6;6088;1;1;1;4;VOIE RAPIDE;43,69354;7,244983
202300026881;9;9;2023;05:45;4;35;35281;2;2;1;3;MERMOZ (BOULEVARD JEAN);48,09086;-1,70476
202300026882;16;12;2023;09:30;1;5;5023;2;1;1;6;159° RIA (AVENUE DU);44,89955;6,633217
202300026883;9;9;2023;15:45;1;35;35238;2;1;1;6;GRAFF (AVENUE GEORGES);48,08781114;-1,69145733
202300026884;15;12;2023;09:20;1;4;4112;1;1;1;6;MOULIN NEUF (AV.DU);43,82766;5,79801
202300026885;17;12;2023;19:00;5;1;1053;2;3;1;2;BROU ( BD N°68 A 182 PAIR);46,1974;5,23565
202300026886;9;9;2023;23:10;5;33;33063;2;1;1;1;Quai Deschamps;44,83406;-0,55106
202300026887;16;12;2023;20:20;5;75;75117;2;1;1;3;BD PERIPHERIQUE INTERIEUR;48,884578;2,286301
202300026888;16;12;2023;17:40;5;75;75115;2;1;1;2;BD PERIPHERIQUE EXTERIEUR;48,834256;2,275894
202300026889;9;9;2023;03:00;3;33;33039;1;2;1;3;Rue du Maréchal Foch;44,81128;-0,54913
202300026890;17;12;2023;09:00;1;75;75119;2;7;1;6;BOULEVARD DE LA VILLETTE;48,878432;2,370434
202300026891;9;9;2023;01:30;5;33;33192;2;2;1;3;Cours du Général de Gaulle;44,77847;-0,60976
202300026892;17;12;2023;14:20;1;75;75117;2;3;1;3;AVENUE DE CLICHY;48,888289;2,324165
202300026893;16;12;2023;23:37;5;75;75116;2;1;1;2;ALLEE DE LONGCHAMP;48,875788;2,273462
202300026894;16;12;2023;07:50;1;75;75116;2;1;1;7;VOIE GEORGES POMPIDOU;48,859918;2,290449
202300026895;9;9;2023;21:30;5;30;30007;2;1;1;1;Avenue de Croupillac;44,13807;4,10428
202300026896;16;12;2023;05:05;5;75;75114;2;9;1;6;AVENUE DENFERT ROCHEREAU;48,83529;2,33277
202300026897;17;12;2023;15:30;1;75;75112;2;2;1;3;ROUTE DE LA PYRAMIDE;48,834049;2,444865
202300026898;9;9;2023;11:50;1;29;29019;2;2;1;6;avenue de Tarente;48,405972;-4,511748
202300026899;17;12;2023;07:25;2;75;75109;2;1;1;6;RUE LAFFITTE;48,87193;2,337283
202300026900;9;9;2023;08:15;1;26;26362;2;1;1;6;Rue d'Asti;44,92969;4,92388
202300026901;16;12;2023;14:32;1;75;75109;2;5;1;6;RUE DE LA CHAUSSEE D ANTIN;48,872925;2,33324
202300026902;17;12;2023;16:55;2;75;75101;2;2;1;7;RUE DE RIVOLI;48,859493;2,345196
202300026903;17;12;2023;04:30;5;94;94078;2;1;5;1;Rue de Paris;48,736002;2,446668
202300026904;9;9;2023;06:00;2;26;26198;1;1;1;2;Route du Teil;44,55374496;4,71121317
202300026905;17;12;2023;15:10;1;94;94043;2;2;1;3;Rue Paul Lafargue;48,808092;2,357161
202300026906;5;9;2023;18:20;1;19;19272;2;1;1;6;Rigny (Quai);45,26388698;1,762155
202300026907;17;12;2023;18:30;5;94;94043;2;1;1;3;Rue Edmond Michelet;48,81089;2,36403
202300026908;9;9;2023;21:10;5;18;18033;2;1;1;2;88 Rue Louis Mallet;47,080013;2,380918
202300026909;17;12;2023;13:30;1;93;93079;2;3;1;6;Route de Saint-leu / Rue Ambroise Rendu;48,951024;2,3397909
202300026910;17;12;2023;15:45;1;93;93008;2;2;1;1;Avenue Jean Jaures / Rue de Normandie;48,909354;2,437761
202300026911;9;9;2023;10:30;1;14;14137;2;1;1;3;27 Avenue Charles de Gaulle;49,187872;-0,441769
202300026912;17;12;2023;18:20;5;92;92075;2;9;1;7;JEAN BLEUZEN;48,82329;2,29637
202300026913;10;9;2023;00:20;5;13;13203;2;1;1;1;BERNARD CADENAT (PLACE);43,3119;5,38724
202300026914;17;12;2023;04:45;5;92;92063;2;1;1;6;DIX-HUIT JUIN 1940 (AVENUE DU) EST;48,86791;2,19423
202300026915;8;9;2023;16:00;1;11;11069;1;1;1;2;N/A;43,21781;2,38226
202300026916;17;12;2023;20:15;3;92;92050;2;9;1;3;CLEMENCEAU GEORGES AVENUE N°IMPAIR;48,8859122;2,2165896
202300026917;9;9;2023;18:25;1;10;10387;2;1;1;7;GOURNAY (RUE DE);48,298846;4,090525
202300026918;17;12;2023;14:50;1;92;92026;2;1;1;3;BAUDIN;48,89627;2,25192
202300026919;9;9;2023;19:10;1;7;7281;2;6;1;3;GROSS-UMSTADT (AVENUE DE);44,94366;4,85801
202300026920;17;12;2023;19:10;5;92;92023;2;3;5;6;CHAMPAGNE (RUE);48,78451732;2,24495552
202300026921;16;12;2023;22:40;5;92;92019;2;1;1;6;JAURES JEAN (RUE);48,77009352;2,27301925
202300026922;18;12;2023;18:11;3;24;24401;1;1;1;1;D5;45,255072;1,032801
202300026923;17;12;2023;18:35;5;35;35136;2;6;1;6;Boulevard Cahours;47,960562;-1,496267
202300026924;9;9;2023;20:24;5;6;6088;2;1;1;6;CARLONE (BD);43,69365;7,23892
202300026925;17;12;2023;16:45;1;11;11172;1;1;1;1;d610;43,265144;2,712883
202300026926;17;12;2023;16:15;1;35;35033;1;1;5;3;RN 137;47,929213;-1,673666
202300026927;17;12;2023;22:50;3;19;19276;1;1;1;6;Autoroute A20 PK 242+200, sens PROVINCE-PARIS;45,405024;1,55880549
202300026928;15;12;2023;00:00;5;51;51078;2;1;1;6;D21;49,090302;4,35256
202300026929;18;12;2023;11:45;1;58;58215;1;1;5;2;A77 PK113+650;47,303061;2,948917
202300026930;18;12;2023;17:05;1;66;66050;1;1;1;7;pk 28 D1;42,748592;2,948037
202300026931;18;12;2023;13:20;1;37;37166;1;1;1;2;Autoroute A10 pk 184+000;47,520628;0,921392
202300026932;17;12;2023;10:00;1;56;56179;2;1;1;7;Rue General Langle de Cary;47,836392;-3,394711
202300026933;15;12;2023;16:50;2;56;56094;2;1;1;7;19 Rue de Kerlann;47,771039;-3,237748
202300026934;18;12;2023;08:40;1;80;80024;1;1;1;5;D1001;49,93976;2,235281
202300026935;17;12;2023;17:20;2;34;34338;1;1;1;1;d908;43,611083;3,390527
202300026936;17;12;2023;19:10;3;25;25147;1;1;1;1;D67;47,223665;5,912117
202300026937;18;12;2023;09:40;1;81;81220;1;1;1;6;D12;43,837297;1,681638
202300026938;10;8;2023;12:06;1;1;1138;1;4;1;1;D992;45,863962;5,799633
202300026939;14;12;2023;12:00;1;70;70116;2;1;1;2;25 Rue de Châlonvillars;47,617395;6,745566
202300026940;17;12;2023;20:45;5;26;26148;2;6;1;7;D51;45,254441;5,023968
202300026941;18;12;2023;09:15;1;58;58240;1;1;1;3;Départementale 38;47,128276;3,479308
202300026942;17;12;2023;10:25;1;14;14326;1;1;1;6;Route de Cormeilles;49,168587;0,28889
202300026943;16;12;2023;02:00;4;45;45061;2;3;5;3;D740 PR 1 + 636;48,045689;2,753848
202300026944;18;12;2023;18:10;3;53;53062;1;2;1;3;bel air - CD 22;47,838913;-0,769665
202300026945;17;12;2023;21:45;3;53;53108;1;1;5;6;La Maison Neuve;48,074351;-1,019969
202300026946;15;12;2023;06:50;3;40;40230;1;1;5;7;D27;43,820099;-1,000357
202300026947;18;12;2023;16:20;1;24;24007;1;1;1;6;Route de la Rivière;45,273376;0,316222
202300026948;10;11;2023;19:00;3;85;85081;1;1;2;2;départementale 100 la vergne;46,73708;-1,398031
202300026949;17;12;2023;18:18;5;27;27284;2;9;8;6;11 Rue Saint-Gervais;49,279037;1,775658
202300026950;13;12;2023;18:00;5;27;27284;2;3;2;6;10 Rue de la Libération;49,276016;1,77905
202300026951;15;12;2023;16:45;2;30;30004;1;1;1;6;D275;43,75097;4,194728
202300026952;17;12;2023;19:00;3;30;30123;1;1;1;7;N113;43,692941;4,164376
202300026953;18;12;2023;08:00;2;30;30094;2;9;9;7;La pontière;44,074818;3,962422
202300026954;14;12;2023;18:50;3;35;35278;1;1;1;4;RD 137;48,152631;-1,700821
202300026955;18;12;2023;17:40;2;34;34153;1;1;1;1;Le Réganel;43,71296;3,815153
202300026956;18;12;2023;06:40;3;34;34146;1;1;1;2;Autoroute A9 PK 82.470 direction Montpellier;43,693228;4,078889
202300026957;18;12;2023;14:20;1;976;97614;1;1;1;3;Rue Bouvet - Coconi;-12,835547;45,13512
202300026958;18;12;2023;06:00;2;976;97617;1;1;1;1;Chemin Departemental 1;-12,79297;45,121086
202300026959;17;12;2023;23:00;3;13;13004;1;1;1;1;D36;43,6375;4,603508
202300026960;17;12;2023;16:30;2;71;71439;1;1;1;3;R 70 PK 5.400;46,482378;4,147596
202300026961;18;12;2023;07:30;2;71;71342;2;3;5;3;97 Route de Saint-yan;46,442293;4,102026
202300026962;18;12;2023;01:30;3;71;71588;1;1;5;6;D979;46,469485;4,04873
202300026963;17;12;2023;13:45;1;71;71176;2;3;1;3;71b Rue François Ducarouge;46,490596;3,993709
202300026964;18;12;2023;13:35;1;52;52190;1;1;1;6;N/A;48,131933;5,352283
202300026965;17;12;2023;06:00;3;1;1062;1;1;5;6;D84b;45,876772;5,091702
202300026966;17;12;2023;11:45;1;13;13117;1;1;1;6;A7-Sens Lyon vers Marseille;43,46292794;5,23481274
202300026967;16;12;2023;20:50;5;13;13216;1;1;1;6;A55-Sens Marseille vers Martigues;43,36877;5,32565
202300026968;16;12;2023;03:16;3;13;13203;1;1;1;6;A7-Sens Marseille vers Lyon;43,309;5,375
202300026969;17;12;2023;13:55;1;69;69027;1;1;1;5;Autoroute 450;45,66356715;4,75933364
202300026970;17;12;2023;06:54;4;33;33318;1;1;5;4;ROCADE A 630;44,78804;-0,63256
202300026971;17;12;2023;05:30;4;33;33192;1;1;5;6;N/A;44,78939041;-0,61813295
202300026972;29;6;2023;12:00;1;26;26295;1;1;1;1;D163;45,165738;4,874749
202300026973;29;6;2023;14:30;1;56;56075;1;1;1;1;Avenue de Rennes;47,915796;-2,122808
202300026974;29;6;2023;18:00;1;56;56089;1;1;1;3;locunel;47,950759;-3,247962
202300026975;30;6;2023;18:20;1;80;80819;1;1;1;7;d60;50,035788;2,243893
202300026976;30;6;2023;04:20;3;71;71436;1;3;2;6;RD 977;46,725624;4,518106
202300026977;30;6;2023;15:00;1;71;71543;2;1;1;7;Rue de Saone;46,558296;4,916017
202300026978;29;6;2023;13:30;1;12;12215;1;1;1;6;route départementale 840;44,496031;2,384242
202300026979;30;6;2023;15:31;1;46;46021;1;1;1;6;D19;44,57218;1,93002
202300026980;27;6;2023;17:30;1;86;86245;2;3;1;7;D14;46,791672;0,622106
202300026981;8;4;2023;11:50;1;22;22207;1;1;1;3;D 11;48,627094;-3,466146
202300026982;30;6;2023;07:30;1;25;25256;1;3;2;1;D414;47,180233;6,782212
202300026983;29;6;2023;23:20;4;44;44081;1;1;1;1;;46,905842;-1,562084
202300026984;29;6;2023;14:01;1;29;29274;1;2;1;3;D50;48,032993;-3,729333
202300026985;30;6;2023;11:50;1;29;29178;1;1;8;3;Lieu Dit Porastel Ruz;48,51251208;-4,65623542
202300026986;29;6;2023;09:10;1;38;38189;1;1;1;3;Chemin de Savoyan;45,63624;5,0601
202300026987;28;6;2023;16:40;1;84;84089;2;1;1;6;Rue de la Dévalade;43,695413;5,501151
202300026988;29;6;2023;17:35;1;3;3049;1;1;1;1;Rue du Roc;46,298343;3,211767
202300026989;17;6;2023;01:32;3;1;1254;2;3;1;7;Route du Revermont;46,165159;5,296824
202300026990;30;6;2023;08:10;1;72;72143;1;9;1;2;D304;47,872533;0,442007
202300026991;20;6;2023;10:00;1;6;6120;1;1;1;2;RM2205 - PR 56+230;44,268213;6,920936
202300026992;29;6;2023;11:20;1;9;9064;1;1;1;2;N20;42,801903;1,650095
202300026993;28;6;2023;14:00;1;73;73219;1;3;7;3;D921;45,556774;5,787928
202300026994;29;6;2023;17:30;1;36;36052;1;1;1;3;;46,937052;2,039589
202300026995;30;6;2023;06:00;3;30;30276;1;1;2;6;;43,58325;4,245014
202300026996;28;6;2023;15:40;1;52;52250;1;1;1;7;Ecluse 45 du Rongeant;48,450528;5,157512
202300026997;30;6;2023;18:50;1;13;13051;1;1;1;1;Route de Pelissanne;43,61311;5,138608
202300026998;24;6;2023;17:40;1;6;6059;2;9;1;7;M6098;43,716791;7,349668
202300026999;28;6;2023;18:20;5;976;97614;2;1;1;3;Avenue Mkarafouni;-12,8231;45,13241
202300027000;25;6;2023;15:00;1;2B;2B087;1;1;1;6;T10;42,32475;9,538826
202300027001;30;6;2023;19:10;1;2A;2A247;1;1;1;3;Route de l?Ospedale;41,643029;9,205856
202300027002;30;6;2023;09:13;1;83;83133;1;1;1;3;route départemenantale 37;43,579956;6,811051
202300027003;20;6;2023;16:45;1;13;13013;1;3;1;3;d 908;43,406032;5,575449
202300027004;28;6;2023;22:30;3;38;38019;1;1;1;5;A7;45,415247;4,826801
202300027005;28;6;2023;15:15;1;68;68269;2;1;7;6;18 Grand'Rue;48,193744;7,322761
202300027006;30;6;2023;08:55;1;7;7217;1;4;2;1;route de lamastre;45,063056;4,747167
202300027007;27;6;2023;15:50;1;85;85092;2;1;1;6;35 Rue du port;46,463769;-0,800886
202300027008;30;6;2023;14:05;1;80;80415;2;1;1;6;7 Rue de Contoire;49,751258;2,605927
202300027009;29;6;2023;19:30;1;59;59419;1;1;2;1;205 Route de Saint Amand;50,513573;3,316985
202300027010;29;6;2023;17:15;1;13;13070;1;1;1;2;A50-Sens Aubagne vers Marseille;43,28516169;5,51648855
202300027011;29;6;2023;16:45;1;13;13214;1;1;1;3;A507 sens Marseille - Aubagne;43,329923;5,402057
202300027012;19;4;2023;15:40;1;69;69276;1;1;1;3;Route Départementale 301;45,67939;4,84922
202300027013;29;6;2023;04:20;5;69;69199;1;1;1;2;Boulevard Périphérique Laurent Bonnevay ;45,71638785;4,84827069
202300027014;11;6;2023;21:40;1;57;57433;1;1;1;2;N/A;49,19913;6,16777
202300027015;29;6;2023;06:20;2;33;33192;1;1;1;7;ROCADE A 630;44,7883;-0,6004
202300027016;28;6;2023;15:34;1;59;59560;1;1;1;4;AUTOROUTE A1;50,54216842;3,0539049
202300027017;28;6;2023;08:50;1;59;59560;1;1;1;6;AUTOROUTE A1;50,55474;3,06296
202300027018;29;6;2023;07:25;1;91;91687;1;1;1;3;AUTOROUTE A6;48,66588;2,36653
202300027019;28;6;2023;18:00;1;92;92025;1;1;1;2;A86;48,92539969;2,23328224
202300027020;27;6;2023;21:15;1;78;78640;1;1;1;3;N118;48,778292;2,222328
202300027021;28;6;2023;20:45;1;95;95028;1;1;1;6;N104;49,06099;2,35853
202300027022;28;6;2023;20:00;1;93;93010;1;1;1;3;AUTOROUTE A3;48,90207598;2,47041227
202300027023;29;6;2023;08:30;1;93;93053;1;1;1;5;AUTOROUTE A3;48,89645125;2,4703365
202300027024;28;6;2023;22:50;3;93;93006;1;1;1;3;AUTOROUTE A3;48,86553;2,42046
202300027025;28;6;2023;10:15;1;95;95218;1;1;1;6;A15;49,03494197;2,09896803
202300027026;28;6;2023;07:40;1;95;95018;1;1;1;2;A15;48,95786;2,27507
202300027027;29;6;2023;18:25;1;77;77121;1;1;1;3;A4;48,831519;2,678183
202300027028;29;6;2023;15:55;1;94;94069;1;1;1;2;A86;48,81723758;2,45368052
202300027029;29;6;2023;15:30;1;94;94042;1;1;1;3;A4;48,82854107;2,47576095
202300027030;29;6;2023;07:30;1;94;94017;1;1;1;5;A4;48,82648029;2,52228801
202300027031;28;6;2023;18:00;1;93;93051;1;1;1;3;A4;48,8361336;2,55730702
202300027032;28;6;2023;17:50;1;92;92064;2;1;1;1;REPUBLIQUE;48,85138;2,213046
202300027033;25;6;2023;17:20;1;974;97411;2;1;1;2;CHATEL (JEAN);-20,87802;55,4495
202300027034;18;6;2023;11:10;1;974;97411;2;1;1;6;TAMARINS (CHEMIN DES);-20,88584;55,41227
202300027035;15;6;2023;10:30;1;974;97411;2;6;8;3;JAURES (BOULEVARD JEAN);-20,9006;55,4871
202300027036;28;6;2023;20:00;2;69;69386;2;1;1;3;Quai Charles de Gaulle;45,78582;4,85491
202300027037;28;6;2023;12:00;1;69;69387;2;8;1;6;Rue Antonin Perrin;45,73173651;4,82321754
202300027038;27;6;2023;09:25;1;972;97213;1;1;2;2;ACAJOU PROLONGEE;14,63416;-61,00132
202300027039;28;6;2023;08:10;1;972;97209;2;1;1;2;VENELLE (IMPASSE DE LA);14,63916;-61,05551
202300027040;28;6;2023;03:08;3;69;69387;2;2;1;3;Avenue Berthelot;45,7452;4,84183
202300027041;28;6;2023;09:22;1;2B;2B033;1;9;1;2;ST FLORENT-ANCIENNE RT DE;42,68699;9,42956
202300027042;22;6;2023;05:50;2;95;95268;2;6;2;3;D84B;48,9746;2,4164
202300027043;26;6;2023;16:45;1;95;95476;2;1;1;6;PUISEUX (RUE DE);49,05870236;2,04829484
202300027044;27;6;2023;20:35;1;91;91687;2;6;1;3;AMEDEE GORDINI (PLACE);48,66131;2,37529
202300027045;28;6;2023;02:55;4;87;87050;1;3;1;3;RD947;45,89789;1,22838
202300027046;26;6;2023;14:04;1;87;87085;2;1;1;4;Georges GUINGOUIN(rue);45,89945;1,29555
202300027047;24;5;2023;15:06;1;84;84031;2;3;1;6;MONT VENTOUX AVENUE DU;44,05564;5,05184
202300027048;28;6;2023;16:40;1;69;69266;2;9;1;6;Allée du Mens;45,78;4,90213
202300027049;23;6;2023;14:25;1;68;68297;2;2;1;3;MULHOUSE ( RUE DE)JUSQUE CIMETIERE DU 1;47,58587;7,56407
202300027050;28;6;2023;08:30;1;67;67218;2;1;1;3;VIGNES (RUE DES);48,5227;7,7169
202300027051;28;6;2023;08:35;1;67;67482;2;1;8;7;FRERES MATTHIS (RUE DES);48,5781;7,7347
202300027052;27;6;2023;10:40;1;67;67482;2;1;1;6;SEDILLOT (RUE);48,577;7,7534
202300027053;28;6;2023;23:16;5;64;64102;2;1;1;3;QUATORZE AVRIL (AVENUE DU);43,50351;-1,46638
202300027054;28;6;2023;09:00;1;63;63113;2;1;1;6;FONTGIEVE (RUE);45,7816;3,0743
202300027055;27;6;2023;15:20;1;59;59196;1;1;1;2;ROUTE NATIONALE;50,653206;2,938513
202300027056;28;6;2023;11:30;1;59;59183;2;3;1;3;HIRONDELLES;51,02362;2,32769
202300027057;26;6;2023;13:40;1;57;57666;2;1;1;6;MEULERIE (RUE DE LA);49,345;6,14
202300027058;27;6;2023;19:40;1;57;57336;2;1;1;3;GARE (RUE DE LA);49,16063;6,73873
202300027059;22;6;2023;18:15;1;50;50129;2;1;1;6;BRANLY (RUE EDOUARD);49,63047;-1,64484
202300027060;27;6;2023;08:25;1;49;49007;2;1;1;2;CLEMENCEAU BOULEVARD;47,47656;-0,56644
202300027061;26;6;2023;18:31;1;49;49353;2;2;1;3;CAMUS;47,45176;-0,50783
202300027062;7;5;2023;22:50;5;42;42218;2;2;2;1;Rue Emile Clermont;45,42005;4,4089
202300027063;27;6;2023;07:59;1;36;36063;2;1;1;2;Rue des Remparts;46,82651721;1,70345753
202300027064;28;6;2023;18:30;1;33;33063;2;3;1;3;Rue Amédée Saint-Germain;44,82221;-0,55964
202300027065;28;6;2023;18:30;1;33;33200;2;1;1;2;Avenue de Magudas;44,85839;-0,66781
202300027066;28;6;2023;07:45;1;33;33318;2;1;1;3;Avenue de Canéjan;44,77977;-0,65987
202300027067;27;6;2023;07:47;1;33;33281;2;2;1;1;Avenue des Frères Robinson;44,84724;-0,65808
202300027068;15;6;2023;12:55;1;33;33119;2;8;1;6;Avenue Jean Jaurès;44,85746053;-0,53184852
202300027069;28;6;2023;16:09;1;33;33529;2;1;1;3;VULCAIN (RUE);44,61443;-1,1222
202300027070;28;6;2023;14:05;1;32;32013;1;1;1;3;VIC (ROUTE DE);43,67561;0,51844
202300027071;28;6;2023;22:30;2;31;31555;2;1;1;6;LATTRE DE TASSIGNY (AV DU MARECHAL DE) D;43,5775;1,43641
202300027072;23;6;2023;15:03;1;30;30189;2;1;1;6;;43,8487;4,3911
202300027073;18;6;2023;02:35;5;18;18033;2;2;1;1;Avenue Pierre Semard;47,09389;2,40119
202300027074;28;6;2023;01:50;5;14;14699;2;1;1;7;D27A;49,35049;0,09031
202300027075;28;6;2023;07:30;1;14;14341;2;1;1;2;235 Rue Paul Boucherot;49,14236;-0,33224
202300027076;28;6;2023;12:55;1;13;13214;2;1;1;3;ROLAND DORGELES (BOULEVARD);43,34753672;5,37798507
202300027077;28;6;2023;04:45;5;13;13213;2;1;1;3;JEAN PAUL SARTRE (AVENUE);43,32628;5,42442
202300027078;18;6;2023;00:05;4;8;8409;2;1;1;6;THIERS (RUE);49,70213;4,94126
202300027079;29;6;2023;01:30;5;6;6088;2;2;1;3;BUFFA (RUE DE LA);43,6968;7,26054
202300027080;28;6;2023;15:45;1;6;6029;2;1;1;7;PICAUD (AVENUE DU DOCTEUR);43,55051;7,00242
202300027081;23;6;2023;16:45;1;5;5061;1;1;1;6;RN85;44,58155517;6,08102918
202300027082;23;6;2023;13:15;1;5;5061;1;1;1;7;RN 85;44,58597;6,08157
202300027083;21;6;2023;12:45;1;2;2691;2;3;1;3;5 Boulevard Jean Bouin;49,84756;3,30343
202300027084;27;6;2023;17:00;1;75;75116;2;1;1;5;PORTE MAILLOT;48,876323;2,278525
202300027085;28;6;2023;17:20;1;75;75106;2;1;1;3;PLACE EDMOND ROSTAND;48,847435;2,340364
202300027086;28;6;2023;14:00;1;75;75116;2;3;1;3;RUE DE LA POMPE;48,87059;2,281192
202300027087;28;6;2023;15:50;1;75;75115;2;3;1;6;RUE DE VOUILLE;48,833422;2,309799
202300027088;28;6;2023;17:45;1;75;75111;2;2;1;3;RUE DE LA FONTAINE AU ROI;48,869618;2,37838
202300027089;28;6;2023;18:00;1;75;75108;2;3;1;6;RUE DE ROME;48,880468;2,321312
202300027090;28;6;2023;19:45;1;94;94011;2;1;1;3;Avenue Jean Monnet;48,76187961;2,47900057
202300027091;26;6;2023;22:20;5;94;94043;2;1;1;3;Avenue de Fontainebleau;48,814972;2,360995
202300027092;28;6;2023;12:40;1;94;94034;2;2;1;3;Avenue Edouard Herriot;48,75709;2,32873
202300027093;27;6;2023;19:30;1;94;94017;2;1;1;3;Avenue Roger Salengro;48,82005;2,48313
202300027094;28;6;2023;19:15;1;93;93071;2;2;1;6;Chemin de Savigny / Avenue Lumiere;48,94462;2,51723
202300027095;28;6;2023;16:00;1;93;93066;2;3;1;5;Rue Danielle Casanova / Rue du Progrès;48,92683471;2,36558371
202300027096;27;6;2023;18:20;1;93;93061;2;3;1;6;Rue André Joineau / Rue Danton;48,88417531;2,40353554
202300027097;16;6;2023;10:49;1;93;93063;2;2;1;1;Avenue Gaston Roussel / Rue du Docteur Parat;48,89329;2,43747
202300027098;28;6;2023;15:00;1;93;93005;2;1;1;3;Boulevard Marc Chagall;48,95237096;2,49588673
202300027099;28;6;2023;11:38;1;92;92046;2;9;1;6;TOUR (RUE DE LA);48,82319043;2,30548605
202300027100;27;6;2023;12:32;1;92;92077;2;1;1;6;MARNES (RUE DE);48,83032426;2,17988089
202300027101;15;6;2023;08:20;1;92;92051;2;9;1;3;MADRID (AVENUE DE);48,88423332;2,26028144
202300027102;14;6;2023;20:30;1;92;92051;2;1;7;7;ROULE (AVENUE DU, N° 29 A 91 ET 30 A 86);48,88407087;2,27070183
202300027103;28;6;2023;03:40;3;92;92050;2;1;1;6;PASTEUR RUE;48,88520885;2,21949148
202300027104;28;6;2023;07:24;1;92;92049;2;2;1;3;PERI RUE GABRIEL AUTRES N°;48,81845;2,31947
202300027105;27;6;2023;22:35;5;92;92020;2;1;1;2;PARIS AVENUE DE N° IMPAIRS;48,80705;2,29365
202300027106;28;6;2023;19:30;1;92;92040;2;2;1;3;VICTOR CRESSON (AVENUE) DU 02 AU 40;48,82395145;2,27280915
202300027107;28;6;2023;16:50;1;92;92040;2;2;1;2;DIDEROT;48,82506;2,27212
202300027108;28;6;2023;07:45;1;92;92036;2;8;1;6;LUCIEN LANTERNIER (AVENUE) (1/17);48,93293;2,2928
202300027109;23;6;2023;19:44;1;92;92036;2;2;1;6;LOUIS CALMEL (RUE) (1);48,92676;2,29449
202300027110;28;6;2023;16:30;1;92;92035;2;1;1;3;National ( boulevard );48,90608;2,23886
202300027111;28;6;2023;09:20;1;92;92026;2;6;1;3;EUROPE ( ROND POINT DE L' );48,9051446;2,25605965
202300027112;28;6;2023;20:25;1;92;92024;2;1;1;6;VICTOR MERIC (RUE);48,9009667;2,30489597
202300027113;28;6;2023;11:10;1;92;92024;2;2;1;2;CLICHY (QUAI DE) DE (104 A 202);48,91197834;2,31041864