Num_Acc;jour;mois;an;hrmn;lum;dep;com;agg;int;atm;col;adr;lat;long
202300027114;27;6;2023;19:16;1;92;92024;2;2;1;6;GENERAL LECLERC (BD DU) (9 A 59)   (4 A;48,9014;2,31518
202300027115;15;6;2023;19:00;1;92;92004;2;2;1;3;MAURICE LAISNEY;48,92397;2,28214
202300027116;27;6;2023;11:45;1;92;92004;2;3;1;3;ARGENTEUIL AV D';48,91236;2,28461
202300027117;29;6;2023;17:10;1;60;60531;1;1;1;6;D36;49,435964;2,696084
202300027118;28;6;2023;15:17;1;35;35108;1;1;1;6;RD 173 PK 25+400;47,936896;-1,458258
202300027119;28;6;2023;16:15;1;50;50565;1;1;1;1;Mizouard;48,756568;-1,410573
202300027120;29;6;2023;14:35;1;83;83072;1;1;1;7;D562;43,492285;6,377628
202300027121;29;6;2023;15:00;1;71;71317;1;1;1;1;D985;46,725734;4,081206
202300027122;5;5;2023;18:05;1;44;44047;1;1;1;2;;47,27254;-1,71752
202300027123;28;6;2023;20:30;2;12;12084;1;1;1;6;Autoroute A 75 PK 222+600;44,066705;3,025097
202300027124;29;6;2023;17:45;1;30;30315;1;1;1;2;RN 100;43,948373;4,693716
202300027125;28;6;2023;06:27;1;44;44192;1;3;1;3;;47,26145138;-1,98013544
202300027126;28;6;2023;14:15;1;59;59039;1;1;1;5;D643;50,15756578;3,29722514
202300027127;29;6;2023;10:55;1;77;77068;1;1;1;2;D62;48,501337;3,157518
202300027128;24;6;2023;15:20;1;2A;2A139;2;1;1;7;rt 10;41,649076;9,328083
202300027129;29;6;2023;04:20;4;80;80086;2;1;1;6;27 Rue Martin;50,134561;2,161018
202300027130;28;6;2023;01:15;3;71;71093;1;1;1;6;1366 Route de Pierre;46,855624;5,277047
202300027131;24;6;2023;16:25;1;71;71401;2;3;1;3;30 Le Bourg;46,57279;5,246552
202300027132;28;6;2023;22:40;3;47;47173;1;1;1;6;route de Miramont;44,431558;0,516937
202300027133;29;6;2023;13:40;1;34;34150;1;3;1;3;RD51;43,389784;3,537319
202300027134;28;6;2023;17:58;1;35;35207;1;1;1;1;D92;48,08092939;-1,5131253
202300027135;27;6;2023;11:00;1;38;38126;2;1;1;1;Avenue du Grésivaudan;45,206681;5,754073
202300027136;26;6;2023;08:40;1;38;38431;1;1;1;1;Chemin de Pré Barau;45,250011;5,84728
202300027137;28;6;2023;23:00;3;1;1229;1;3;1;6;Route d'Etrez;46,337318;5,147662
202300027138;29;6;2023;11:45;1;60;60588;2;2;1;3;D119;49,61871433;1,91138506
202300027139;29;6;2023;11:15;1;10;10126;1;3;1;3;Lieu Maison Neuve;48,273;4,622354
202300027140;28;6;2023;17:45;1;40;40217;2;1;1;5;Route de Pontenx;44,329574;-1,09035
202300027141;2;6;2023;16:15;1;40;40217;2;3;1;3;Rue du moulies;44,342929;-1,060754
202300027142;28;6;2023;18:30;1;4;4163;1;1;1;6;RD 950;44,099729;5,526295
202300027143;26;6;2023;10:35;1;31;31424;2;6;1;6;Boulevard Victor Hugo;43,567144;1,307302
202300027144;29;6;2023;00:40;3;34;34337;1;1;1;1;RM185;43,544753;3,830688
202300027145;28;6;2023;08:00;1;44;44028;1;1;1;3;;47,344075;-1,368865
202300027146;28;6;2023;14:25;1;57;57693;1;9;1;5;Autoroute A315;49,122225;6,235428
202300027147;26;6;2023;19:10;1;51;51147;1;1;1;7;A4;49,02726864;4,50421259
202300027148;29;6;2023;13:00;1;78;78009;1;1;1;2;A10 - PK 032+450 - en direction de Paris;48,488078;1,912358
202300027149;27;6;2023;11:20;1;987;98733;2;1;1;1;RT1 Pk 22+800;-17,696;-149,548
202300027150;27;6;2023;19:50;1;45;45142;1;1;1;5;D2060 PR 76 + 238;47,908115;2,173619
202300027151;28;6;2023;19:08;1;77;77005;1;1;1;7;départemental 105 A;48,910187;2,698486
202300027152;28;6;2023;15:55;1;91;91661;2;6;1;2;D118;48,685439;2,217913
202300027153;28;6;2023;18:30;1;34;34054;1;1;1;2;D12e3;43,3893;2,60155
202300027154;29;6;2023;16:20;1;83;83138;1;1;1;1;D562;43,610644;6,725913
202300027155;29;6;2023;09:15;1;21;21292;2;6;1;3;D905;47,234745;5,229551
202300027156;29;6;2023;16:33;1;68;68063;2;3;1;6;Rue de Schweighouse;47,799705;7,179378
202300027157;29;6;2023;12:50;1;63;63284;1;3;1;3;D2 route de malintrat /VC;45,795649;3,211591
202300027158;27;5;2023;00:50;3;81;81093;1;1;1;4; A68;43,893424;2,025411
202300027159;29;6;2023;10:00;1;46;46272;1;4;1;3;D2;44,621013;2,114364
202300027160;18;6;2023;08:20;1;33;33284;2;1;1;2;79 Avenue de la Libération;44,624106;-0,901997
202300027161;27;6;2023;12:00;1;50;50139;1;1;1;7;D551;49,026261;-1,037972
202300027162;27;6;2023;18:25;1;22;22076;1;1;1;1;D43 - Le Rocher;48,579226;-2,358719
202300027163;11;10;2023;14:30;1;23;23096;2;2;1;3;GUILLAUMIN (BOULEVARD);46,1712;1,8666
202300027164;11;10;2023;19:25;1;17;17291;2;1;1;4;MARE  RUE DU FIEF DE LA;46,177211;-1,132856
202300027165;11;10;2023;19:10;1;17;17300;2;6;1;3;CARNOT   AVENUE;46,16449;-1,18177
202300027166;11;10;2023;23:20;5;13;13211;2;1;1;7;POMME (BOULEVARD DE LA );43,29211;5,44558
202300027167;8;10;2023;23:25;3;13;13214;2;1;1;1;Louis VILLECROZE (Bld);43,32129;5,39207
202300027168;11;10;2023;20:00;2;11;11262;1;1;1;5;N/A;43,19661;2,99912
202300027169;11;10;2023;08:38;1;75;75115;2;1;1;6;PORTE DE SEVRES;48,83468;2,274681
202300027170;10;10;2023;18:20;1;75;75116;2;1;1;3;PORTE MAILLOT;48,876323;2,278525
202300027171;10;10;2023;23:35;5;75;75102;2;2;1;3;BOULEVARD DE SEBASTOPOL;48,866234;2,352539
202300027172;10;10;2023;11:30;1;75;75112;2;1;1;3;BOULEVARD DE LA GUYANE;48,840902;2,414127
202300027173;11;10;2023;17:40;1;75;75118;2;3;1;3;BOULEVARD BARBES;48,889739;2,349589
202300027174;11;10;2023;10:52;1;75;75119;2;2;1;3;RUE D AUBERVILLIERS;48,884478;2,364819
202300027175;11;10;2023;16:05;1;75;75117;2;2;1;1;BOULEVARD BERTHIER;48,892474;2,308789
202300027176;11;10;2023;20:05;3;75;75116;2;1;1;6;AVENUE DE LA PORTE D AUTEUIL;48,847995;2,250335
202300027177;11;10;2023;16:30;1;75;75115;2;3;1;3;RUE DE VOUILLE;48,833625;2,309015
202300027178;11;10;2023;14:30;1;75;75115;2;2;1;6;RUE LECOURBE;48,83958;2,29298
202300027179;11;10;2023;08:10;1;75;75115;2;2;1;6;RUE DE LA CONVENTION;48,838064;2,294604
202300027180;11;10;2023;18:00;1;75;75112;2;3;1;2;ROUTE ROYALE DE BEAUTE;48,834751;2,43748
202300027181;11;10;2023;07:23;2;75;75112;2;2;1;6;AVENUE DE NOGENT;48,8389;2,4605
202300027182;10;10;2023;13:20;1;75;75112;2;1;1;6;RUE DE CHARENTON;48,849849;2,373994
202300027183;11;10;2023;20:00;5;75;75110;2;2;1;6;RUE DU FAUBOURG SAINT DENIS;48,874838;2,355702
202300027184;11;10;2023;16:35;1;75;75109;2;3;1;3;RUE DES MARTYRS;48,880773;2,340237
202300027185;11;10;2023;09:35;1;75;75109;2;3;1;2;RUE DE LONDRES;48,876965;2,329561
202300027186;11;10;2023;17:40;1;75;75108;2;4;1;6;BOULEVARD HAUSSMANN;48,875324;2,315753
202300027187;11;10;2023;17:27;1;75;75107;2;2;1;6;RUE SAINT DOMINIQUE;48,85768;2,300195
202300027188;10;10;2023;12:30;1;75;75114;2;1;1;6;RUE BRUNE;48,82709;2,307811
202300027189;10;10;2023;12:40;1;75;75107;2;2;1;7;BOULEVARD DES INVALIDES;48,84943454;2,31514335
202300027190;11;10;2023;13:45;1;75;75104;2;3;1;7;RUE DE RIVOLI;48,855097;2,361674
202300027191;10;10;2023;18:52;2;75;75102;2;3;1;2;BOULEVARD DE BONNE NOUVELLE;48,86957268;2,35254943
202300027192;10;10;2023;14:00;1;75;75103;2;3;1;3;RUE DE TURBIGO;48,86678;2,36191
202300027193;10;10;2023;08:23;1;94;94081;2;1;1;6;94 Rue de Choisy;48,785441;2,399911
202300027194;10;10;2023;08:00;2;94;94043;2;3;1;3;Avenue Charles Gide;48,805694;2,348622
202300027195;11;10;2023;16:10;1;94;94065;1;1;1;2;Avenue de Fontainebleau;48,75211;2,36878
202300027196;11;10;2023;03:15;5;94;94065;2;1;1;6;Avenue des Trois Marchés Min;48,75592;2,35617
202300027197;11;10;2023;11:10;1;94;94055;2;1;1;6;Avenue de Pince Vent;48,78998544;2,55021416
202300027198;11;10;2023;19:28;2;94;94071;2;1;1;3;Avenue de Bonneuil;48,76972438;2,50992316
202300027199;10;10;2023;19:20;5;93;93032;2;2;1;3;Avenue Vaillant Couturier / Rue de la Mare;48,87614;2,54982
202300027200;11;10;2023;18:45;1;93;93027;2;6;1;3;Avenue Jean Mermoz / Rue Georges Politzer;48,93206711;2,39948175
202300027201;11;10;2023;17:54;1;92;92076;2;1;1;6;REPUBLIQUE;48,83781007;2,15721354
202300027202;11;10;2023;10:35;1;92;92064;2;1;1;6;ALFRED BELMONTET;48,85375837;2,21797693
202300027203;11;10;2023;15:35;1;92;92040;2;1;1;6;RESISTANCE (PLACE DE LA);48,8213664;2,25003161
202300027204;11;10;2023;09:05;1;92;92040;2;3;1;3;VERDUN (AVENUE DE) DU 115 AU 149;48,81799148;2,25086398
202300027205;17;10;2023;18:15;1;92;92036;2;3;1;3;CAMELINAT (BOULEVARD) (2 AU 66);48,92761;2,29724
202300027206;10;10;2023;09:15;1;92;92024;2;1;1;3;GENERAL LECLERC (BD DU) (9 A 59)   (4 A;48,90406;2,31185
202300027207;11;10;2023;07:40;1;92;92019;1;1;1;3;LECLERC DIVISION (AVENUE);48,77071584;2,24799871
202300027208;12;10;2023;16:10;1;63;63425;1;4;1;3;croisement D96 et D74;45,660322;3,133121
202300027209;12;10;2023;11:50;1;47;47324;2;1;1;6;place du 19 mars 1962;44,637105;0,741931
202300027210;11;10;2023;19:30;2;8;8320;1;1;1;6;RD985;49,340098;4,365853
202300027211;11;10;2023;15:10;1;17;17262;1;2;1;3;intersection D728/D125;45,745942;-0,710442
202300027212;7;10;2023;18:52;1;22;22048;1;1;1;5;la Pénezais;48,47160299;-2,13948548
202300027213;8;10;2023;17:43;1;41;41167;2;1;1;3;Avenue du Géneral de Gaulle;47,487303;1,189023
202300027214;11;10;2023;08:12;1;83;83086;1;1;1;4;DN7 PK78;43,465216;6,538872
202300027215;9;10;2023;15:15;1;86;86165;1;6;1;3;3 Route de Bourg-archambault;46,410615;0,895841
202300027216;11;10;2023;17:30;2;971;97109;1;4;1;3;Boulevard Amedee Valeau;15,98721515;-61,71993077
202300027217;12;10;2023;18:15;1;72;72155;1;1;1;1;D139 BIS;47,861693;0,232322
202300027218;11;10;2023;17:15;1;85;85215;1;2;1;3;RD37;46,85538;-1,192148
202300027219;11;10;2023;17:30;1;50;50546;1;1;7;1;R du Stade a Bossard;49,045759;-1,092196
202300027220;11;10;2023;14:30;1;41;41265;2;2;1;7;4 Rue du Bourg Neuf;47,775017;0,786971
202300027221;12;10;2023;06:50;2;34;34270;1;1;1;1;M132e2;43,586872;3,835698
202300027222;11;10;2023;20:45;3;51;51009;2;1;1;6;Route de Soyer;48,585909;3,801103
202300027223;12;10;2023;09:46;1;2B;2B354;1;8;1;6;T20;42,136416;9,142524
202300027224;12;10;2023;09:25;1;81;81182;1;1;1;6;RD63;43,7448911;2,2783025
202300027225;12;10;2023;07:20;3;49;49170;1;1;1;2;D770;47,6730879;-0,52696556
202300027226;12;10;2023;17:02;1;35;35095;2;6;1;3;28 Rue de Rennes;48,546022;-1,747261
202300027227;12;10;2023;08:00;2;35;35319;2;2;1;3;Avenue de la Vallée;48,029772;-1,924817
202300027228;11;10;2023;18:15;1;29;29235;2;2;1;3;rue d'Oradour Sur Glane;48,40309298;-4,38554585
202300027229;2;10;2023;09:00;1;31;31255;2;1;1;1;D26;43,036706;0,598021
202300027230;12;10;2023;10:00;1;15;15130;1;1;1;2;D990;45,062376;3,242332
202300027231;8;10;2023;16:15;1;58;58079;2;1;1;6;Rue du Faubourg de Bethléem;47,460384;3,524213
202300027232;9;10;2023;17:15;1;66;66107;2;1;1;6;N/A;42,80965376;2,58880377
202300027233;11;10;2023;18:20;1;54;54275;1;1;1;7;Rue de la Gare;48,96852665;5,87824345
202300027234;10;10;2023;21:30;5;14;14119;2;2;1;1;1 Rue du Lucet;49,142517;-0,258908
202300027235;11;10;2023;15:45;1;14;14229;2;6;1;7;2 Faubourg des Couperees;49,233958;-0,037969
202300027236;11;10;2023;21:00;3;60;60471;1;1;1;1;Rd 1032;49,571958;3,02815
202300027237;11;10;2023;17:00;1;53;53140;1;1;1;2;PK 48+250 rn162;48,127007;-0,71939
202300027238;11;10;2023;08:03;2;85;85127;1;1;5;3;RD21;46,423626;-1,516521
202300027239;11;10;2023;18:40;1;37;37104;1;1;1;1;route de saint branchs;47,25772814;0,77996492
202300027240;11;10;2023;06:20;5;8;8490;2;2;1;3;Rue de la Forteresse;49,425916;4,677032
202300027241;12;10;2023;12:45;1;24;24225;1;1;1;1;Avenue de Bergerac;44,837377;0,408769
202300027242;11;10;2023;07:15;1;987;98738;1;1;1;6;PK 14.8 RT 1;-17,618;-149,549
202300027243;12;10;2023;06:50;1;973;97309;2;6;1;3;Giratoire Adelaide Tablon;4,887014;-52,28511
202300027244;12;10;2023;12:50;1;62;62355;1;1;8;6;A1;50,337251;2,925287
202300027245;11;10;2023;19:15;5;34;34134;2;3;1;1;M5;43,590059;3,800942
202300027246;11;10;2023;22:45;3;91;91666;1;1;1;1;Rue d'orsay;48,675813;2,22087
202300027247;12;10;2023;20:00;3;30;30330;1;1;1;7;N/A;44,026489;4,006448
202300027248;11;10;2023;10:15;1;13;13015;2;3;1;3;Avenue des noyers;43,434465;5,409726
202300027249;11;10;2023;17:00;1;68;68111;2;1;1;3;Rue des Forgerons;48,004297;7,27845
202300027250;5;10;2023;16:45;1;38;38236;1;1;1;6;1025 Chemin de Beljoyer;45,421539;5,724904
202300027251;11;10;2023;00:15;3;69;69032;1;1;1;1;Route de Lyon;45,84640225;4,58875832
202300027252;11;10;2023;10:00;1;17;17219;2;3;1;1;Rue du Moulin des Coquards;45,830668;-1,104759
202300027253;12;10;2023;07:50;2;14;14630;1;6;8;3;Route de Caen;49,256686;-0,647711
202300027254;10;10;2023;08:56;2;56;56242;1;1;7;5;Bistoquet;48,101675;-3,10352
202300027255;12;10;2023;10:34;1;22;22093;2;2;1;3;24 Rue du Moulin à Vent;48,462685;-2,431262
202300027256;11;10;2023;17:29;1;35;35031;1;1;1;1;Les Forges;48,15164;-1,444295
202300027257;12;10;2023;07:55;2;59;59126;2;1;2;6;Rue de Cambrai;50,312859;3,122917
202300027258;11;10;2023;23:35;3;59;59416;1;1;1;7;30 Rue du Bas Schoubrouck;50,686545;2,528062
202300027259;11;10;2023;16:30;1;59;59034;1;6;1;3;D549;50,528133;3,099732
202300027260;11;10;2023;19:55;1;33;33249;1;1;1;3;ROCADE A 630;44,88441528;-0,51758856
202300027261;11;10;2023;17:05;1;33;33039;1;1;1;3;ROCADE A 630;44,79244728;-0,53999808
202300027262;8;10;2023;18:20;1;59;59359;1;1;1;7;AUTOROUTE A16;50,98549;2,23094
202300027263;11;10;2023;19:15;3;91;91434;1;1;1;2;AUTOROUTE A6;48,66927;2,35077
202300027264;11;10;2023;18:35;2;91;91692;1;1;1;4;RN 118;48,671627;2,193912
202300027265;11;10;2023;18:30;2;92;92002;1;1;1;3;N385;48,75994034;2,27899253
202300027266;11;10;2023;17:00;1;91;91136;1;1;1;3;AUTOROUTE A10;48,7136;2,27555
202300027267;11;10;2023;08:14;1;91;91589;1;1;1;3;AUTOROUTE A6;48,67884;2,33505
202300027268;11;10;2023;10:00;1;93;93007;1;1;1;5;AUTOROUTE A1;48,94785;2,44451
202300027269;11;10;2023;17:30;1;94;94028;1;1;1;2;A86;48,79614431;2,44319764
202300027270;11;10;2023;09:30;1;94;94022;1;1;1;2;A86;48,77633;2,42206
202300027271;11;10;2023;09:20;1;93;93051;1;1;1;3;A4;48,83515238;2,57609455
202300027272;11;10;2023;08:10;1;94;94073;1;1;1;3;A86;48,75717;2,38389
202300027273;9;6;2023;19:15;1;32;32013;2;3;1;3;PIERRE DE MONTESQUIOU (AVENUE);43,63939;0,59023
202300027274;30;7;2023;18:05;1;62;62609;1;1;8;5;A26;50,36096407;2,77406185
202300027275;18;6;2023;15:15;1;13;13048;1;1;1;1;D561;43,621934;5,670807
202300027276;10;10;2023;13:15;1;974;97411;2;1;1;3;BRASSENS (AVENUE GEORGES);-20,90439;55,48282
202300027277;10;10;2023;12:30;1;974;97411;2;1;1;3;KARTING (DU);-20,8946;55,4976
202300027278;8;10;2023;19:30;5;974;97411;2;6;1;2;MACE (ROUTE GABRIEL);-20,90508;55,50437
202300027279;8;10;2023;06:50;1;974;97411;2;1;1;1;MONTAGNE (ROUTE DE LA);-20,88683;55,44066
202300027280;9;10;2023;17:10;1;973;97302;2;1;1;5;MONTABO (ROUTE DE) 2;4,94067266;-52,3021853
202300027281;10;10;2023;02:50;1;973;97309;2;1;1;6;TROUBIRAN (CHEMIN DE);4,91985823;-52,3044987
202300027282;9;10;2023;13:25;1;973;97302;2;3;1;2;BOULEVARD DES CITES;4,92160949;-52,31699377
202300027283;6;10;2023;19:05;3;973;97302;2;1;1;7;TIGRE (ROUTE DU);4,91066;-52,30828
202300027284;6;10;2023;20:00;4;973;97302;2;2;1;3;MONTABO (ROUTE DE) 3;4,93784096;-52,29871988
202300027285;9;10;2023;07:50;1;973;97302;2;3;1;3;MONTABO (ROUTE DE) 1;4,93952;-52,30107
202300027286;7;10;2023;04:25;5;973;97302;2;1;1;7;ROUTE NATIONALE 1;4,92179;-52,32993
202300027287;9;10;2023;14:15;1;69;69386;2;1;1;3;Quai Charles de Gaulle;45,77945;4,84538
202300027288;19;9;2023;17:45;1;972;97213;2;1;1;6;ACAJOU PROLONGEE;14,628238;-61,021209
202300027289;9;10;2023;13:00;1;69;69384;2;2;1;3;Rue de Cuire;45,77953;4,82924
202300027290;9;10;2023;02:00;5;971;97101;2;9;3;6;EDOUARD BOTINO (AVENUE);16,25889468;-61,52362794
202300027291;9;10;2023;08:20;1;95;95019;2;1;1;6;COUTURIER PAUL VAILLANT (AVENUE);48,98246;2,42143
202300027292;9;10;2023;15:40;1;95;95428;2;4;1;1;GALLERANDS (RUE DES);48,9905;2,32651
202300027293;10;10;2023;17:30;1;91;91215;2;6;1;6;AV DU HUIT MAI 1945;48,69767;2,51899
202300027294;10;10;2023;08:20;1;91;91114;2;9;1;3;AV DE LA FORET;48,68661;2,49842
202300027295;10;10;2023;12:15;1;91;91201;2;2;1;3;BD HENRI BARBUSSE;48,686079;2,408718
202300027296;7;10;2023;09:15;1;88;88209;2;2;1;3;MOSELLE (RUE DE LA);48,193451;6,441579
202300027297;5;10;2023;18:16;1;87;87085;1;1;1;7;ANTONY (RUE  ET CHEMIN D');45,83267;1,24334
202300027298;5;10;2023;10:56;1;87;87085;2;3;1;3;FEYTIAT (RUE DE);45,81797;1,28961
202300027299;6;10;2023;08:11;1;87;87085;2;1;1;3;BUISSON (RUE FERDINAND);45,82479;1,25547
202300027300;5;10;2023;17:30;1;87;87085;1;1;1;6;SOLIGNAC (RUE DE);45,80612;1,26491
202300027301;6;10;2023;09:20;1;85;85194;2;1;7;2;STERNES (RUE DES);46,5307801;-1,790412
202300027302;6;10;2023;11:55;1;85;85194;2;9;1;3;42 Avenue charles de gaulle;46,50791;-1,76977
202300027303;9;10;2023;15:10;1;83;83129;2;3;1;3;RAYNAUD (AVENUE JOSEPH);43,09080022;5,8482517
202300027304;7;10;2023;09:10;1;83;83129;2;3;7;6;CANTARELLE (BOUCLE DE LA);43,095007;5,838556
202300027305;7;10;2023;10:55;1;83;83009;2;1;1;3;BEAUSSET (ROUTE DU);43,152401;5,763692
202300027306;9;10;2023;00:00;3;81;81065;2;1;1;6;BRUNIQUEL (RD 4 - AV MARTHE);43,62131;2,27017
202300027307;5;10;2023;21:00;5;80;80160;2;1;1;6;LATAPIE (RUE);49,86418;2,34487
202300027308;5;10;2023;19:40;2;80;80489;2;1;1;1;CAMON (RUE DE );49,87653;2,35152
202300027309;4;10;2023;00:50;5;80;80021;2;1;1;6;GENERAL LECLERC (RUE DU );49,89662;2,29433
202300027310;9;10;2023;20:20;4;77;77379;1;9;1;6;Route Départementale 619;48,5526;3,29108
202300027311;10;10;2023;07:19;3;77;77335;1;3;1;3;RN3 (ROUTE NATIONALE);48,95759;2,849409
202300027312;9;10;2023;09:05;1;77;77438;2;2;1;3;GENERAL LECLERC  (AVENUE DU);48,87378;2,68997
202300027313;9;10;2023;18:00;1;76;76447;2;6;1;6;avenue nordhon;49,54729;0,1888
202300027314;9;10;2023;08:00;1;76;76351;2;3;1;3;HOTEL DE VILLE (PLACE DE);49,494251;0,106432
202300027315;8;10;2023;03:20;3;76;76341;1;1;1;1;RD 6382;49,5112;0,19913
202300027316;10;10;2023;20:40;3;73;73029;1;4;1;3;D5 / N201;45,55955;5,94953
202300027317;8;10;2023;18:30;1;72;72181;2;1;1;7;LEFAUCHEUX PIERRE (BD);47,95519997;0,17941833
202300027318;7;10;2023;04:15;3;72;72181;2;1;1;6;DEMORIEUX PT DE FER AU PT DE CHEM DE FER;48,0011;0,18983
202300027319;8;10;2023;15:15;1;72;72181;2;9;1;2;CHATEAUBRIAND (COURS);48,00193;0,20756
202300027320;8;10;2023;14:10;1;72;72181;2;1;1;3;RHIN ET DANUBE (AV) N° PAIRS 194 A 338;48,02296;0,18286
202300027321;9;10;2023;09:55;1;71;71153;2;1;1;6;MARECHAL LECLERC (RUE);46,80655;4,42818
202300027322;10;10;2023;16:45;1;69;69259;2;1;1;3;Avenue Marcel Houel;45,69681;4,88597
202300027323;10;10;2023;08:10;1;69;69290;2;1;1;4;32 Route de Lyon;45,70091;4,91898
202300027324;9;10;2023;20:10;5;69;69271;2;1;1;7;Boulevard de l'Europe;45,73821;4,94129
202300027325;9;10;2023;12:45;1;69;69259;2;1;1;4;51 Avenue Jules Guesde;45,71800247;4,88778343
202300027326;9;10;2023;06:00;5;69;69276;2;6;1;1;Route Départementale 312                                     ;45,67885;4,8504
202300027327;9;10;2023;22:30;5;68;68066;2;2;1;3;ALSACE (RUE D');48,07667;7,36601
202300027328;9;10;2023;12:25;1;67;67218;2;1;1;1;MOULIN (RUE DU);48,53522;7,7234
202300027329;9;10;2023;12:00;1;66;66136;2;3;1;6;N/A;42,68856;2,88883
202300027330;5;10;2023;16:45;1;66;66136;2;1;1;4;N/A;42,73;2,88112
202300027331;5;10;2023;17:50;1;66;66136;2;3;1;6;N/A;42,69144;2,89477
202300027332;9;10;2023;15:25;1;64;64545;2;6;1;3;CAPITAINE PELLOT (RUE DU);43,34571;-1,76263
202300027333;9;10;2023;17:25;1;64;64445;2;1;1;6;CARNOT;43,30118;-0,3694
202300027334;9;10;2023;13:10;1;64;64445;2;3;1;3;LEON BLUM;43,31542;-0,33243
202300027335;10;10;2023;01:25;3;63;63300;1;6;1;6;RD2009, giratoire autoroute A71 diff13;45,89609;3,14074
202300027336;9;10;2023;19:25;5;59;59205;2;3;1;3;AV JULES GUESDE;50,32515;3,35735
202300027337;9;10;2023;10:20;1;59;59512;2;1;1;6;DE GAULLE  (BOULEVARD DU GENERAL);50,6873;3,17479
202300027338;9;10;2023;11:55;1;59;59276;2;1;1;3;CROIZAT (BOULEVARD AMBROISE);50,34617;3,14849
202300027339;7;10;2023;19:55;5;59;59276;2;1;1;6;EGALITE (RUE DE L');50,35167;3,15078
202300027340;6;10;2023;17:10;1;57;57631;2;1;1;7;PARC (RUE DU) C3-C4;49,1079;7,06619
202300027341;9;10;2023;11:40;1;56;56260;2;6;1;3;Boulevard du Colonel Remy;47,65933;-2,78099
202300027342;9;10;2023;09:35;1;56;56121;2;1;7;6;192 Rue de Belgique;47,76149;-3,38775
202300027343;9;10;2023;18:50;1;53;53130;2;3;1;7;EINSTEIN ( RUE ALBERT );48,0538;-0,74015
202300027344;9;10;2023;18:34;1;45;45234;2;1;1;3;1 Boulevard de Québec ;47,91466;1,90263
202300027345;9;10;2023;11:35;1;45;45284;2;1;1;6;100 Rue de Charbonnière;47,91635;1,96091
202300027346;8;10;2023;19:05;1;44;44184;2;6;7;6;75 Boulevard du Docteur René Laënnec;47,26645;-2,2405
202300027347;9;10;2023;18:10;1;43;43046;2;1;1;6;Avenue de Roderie;45,05088;3,8957
202300027348;9;10;2023;17:35;1;38;38523;2;2;1;3;RAVAT (RUE J.);45,2209;5,3503
202300027349;9;10;2023;10:00;1;38;38151;2;1;1;3;GRUGLIASCO (AVENUE DE );45,15045;5,7180458
202300027350;5;10;2023;17:00;1;38;38053;1;1;1;2;CHAMBERY (RTE DE );45,58392771;5,29627725
202300027351;6;8;2023;01:50;3;94;94017;1;9;2;6;A4;48,83025978;2,49298865
202300027352;6;8;2023;00:20;3;94;94069;1;1;1;2;A4;48,81737044;2,42861395
202300027353;4;8;2023;17:20;1;94;94046;1;1;1;2;A86;48,81418936;2,448755
202300027354;3;8;2023;16:40;1;94;94033;1;1;3;4;A86;48,85106447;2,49004498
202300027355;2;8;2023;08:30;1;94;94015;1;1;3;2;A4;48,82945356;2,52827231
202300027356;1;8;2023;23:56;5;94;94073;1;1;2;2;A86;48,77246663;2,3972476
202300027357;14;3;2023;19:55;3;974;97409;1;1;1;6;BRAS DES CHEVRETTES (chemin);-20,9673;55,64206
202300027358;10;3;2023;13:15;1;974;97409;2;1;3;6;RN2 SENS STE SUZANNE ST BENOIT;-20,94454;55,64996
202300027359;24;1;2023;13:30;1;974;97409;1;1;2;6;RN2 DIRECTION ST BENT SORTIE PETIT BAZAR;-20,9437;55,6492
202300027360;2;8;2023;09:50;1;58;58194;2;3;8;6;HENRI BOUQUILLARD;46,99488;3,13337
202300027361;1;6;2023;18:00;2;973;97302;2;1;1;7;BADUEL (ROUTE DE);4,93175;-52,30727
202300027362;2;4;2023;23:45;3;5;5061;1;1;1;7;RD 14;44,60970778;6,14024162
202300027363;2;8;2023;22:30;5;974;97411;2;1;1;6;JAURES (BOULEVARD JEAN);-20,89497;55,47229
202300027364;1;8;2023;18:20;5;974;97411;2;1;1;1;BANCOUL (CHEMIN);-20,90738;55,479
202300027365;2;8;2023;13:25;1;972;97213;2;1;1;2;VIEUX CHEMIN CALIFORNIE (RUE DU);14,61952;-61,03205
202300027366;1;8;2023;22:30;5;972;97213;1;6;1;2;ROUTE NATIONALE 1;14,64694604;-60,97582698
202300027367;1;8;2023;13:00;1;971;97107;2;1;1;1;MARQUIS DE BOUILLET ( RUE DU);16,0486;-61,56626
202300027368;2;8;2023;19:45;1;2A;2A004;2;1;1;4;CAMPI LOUIS BD;41,944;8,756
202300027369;1;8;2023;15:55;1;95;95127;2;9;1;3;PETIT ALBI (RUE DU);49,05399;2,04454
202300027370;2;8;2023;18:20;1;91;91191;2;1;6;3;REPUBLIQUE (AVENUE DE LA);48,71939;2,45417
202300027371;28;7;2023;08:15;1;78;78158;1;1;1;1;ROUTE DE SAINT GERMAIN RD 186;48,832335;2,11254
202300027372;2;8;2023;14:05;1;78;78172;2;7;1;6;CLEMENT (RUE DESIRE);49,005032;2,11639
202300027373;1;8;2023;15:45;1;77;77296;1;1;1;6;AV PHILIPPE BUR;48,62733;2,59144