Num_Acc;jour;mois;an;hrmn;lum;dep;com;agg;int;atm;col;adr;lat;long
202300027636;24;1;2023;17:25;1;85;85003;2;1;1;3;Rue de la roche;46,737515;-1,601942
202300027637;1;8;2023;15:02;1;971;97101;1;1;1;2;RN11;16,27224785;-61,51575565
202300027638;20;1;2023;08:35;1;35;35012;1;1;9;6;La Guillaumiere;47,815986;-1,627264
202300027639;16;4;2023;06:00;5;29;29236;1;1;1;6;"Route de Moelan - Parking discothèque ""Le Récif""";47,831729;-3,67681
202300027640;23;1;2023;18:10;3;76;76657;1;1;1;3;RD982;49,484566;0,357227
202300027641;1;8;2023;19:00;1;91;91687;2;1;1;2;MEDER (BOULEVARD);48,68278;2,38252
202300027642;17;4;2023;17:35;1;29;29220;1;1;1;2;D785;47,880304;-4,222553
202300027643;16;4;2023;09:15;1;3;3026;2;1;1;1;Rue de l'Eglise;46,469537;3,262886
202300027644;1;8;2023;04:55;5;89;89387;2;3;2;3;SIX SEPTEMBRE 1914 (RUE DU);48,20714;3,27756
202300027645;20;1;2023;17:20;2;2;2443;1;1;2;1;;49,043199;3,285255
202300027646;18;4;2023;18:26;1;64;64535;1;1;1;2;D2;43,349883;-0,523288
202300027647;28;7;2023;11:20;1;89;89346;1;1;3;6;D89 ( DIRECTION AUXERRE );47,80002;3,5129
202300027648;23;1;2023;18:20;3;69;69278;1;1;1;4;Autoroute 46;45,90548;4,83255
202300027649;24;1;2023;09:16;1;33;33075;1;1;1;2;ROCADE A 630;44,88334596;-0,62261045
202300027650;31;7;2023;12:10;1;83;83144;2;1;1;6;CEZANNE (RUE PAUL);43,12949;5,98732
202300027651;16;4;2023;17:27;1;10;10359;2;1;1;6;20 Rue des Joncs;48,11435;3,99142
202300027652;15;4;2023;09:00;1;7;7096;1;1;1;6;D230 route de charensol;44,824465;4,567909
202300027653;1;8;2023;20:08;1;81;81004;2;1;1;6;SIBILLE (BD GENERAL);43,9258946;2,1442657
202300027654;24;1;2023;20:25;3;91;91521;1;1;1;3;AUTOROUTE A6 ;48,63426;2,40328
202300027655;8;4;2023;17:29;1;53;53185;1;1;1;1;D144;48,446223;-0,183452
202300027656;31;7;2023;23:30;5;78;78551;2;9;2;3;FOURQUEUX (ROUTE DE);48,89272;2,08286
202300027657;24;1;2023;18:40;3;92;92078;1;1;1;3;AUTOROUTE A86;48,92889155;2,33055607
202300027658;18;4;2023;05:50;3;4;4145;1;1;1;6;D4085;44,138351;5,96865
202300027659;31;7;2023;18:30;1;76;76351;2;1;3;7;JULES DURAND (BD);49,48987242;0,15668526
202300027660;23;1;2023;18:20;3;95;95252;1;1;1;4; A15;48,97949903;2,2278563
202300027661;18;4;2023;17:12;1;85;85147;1;3;7;1;RD2752;46,724822;-0,803429
202300027662;23;1;2023;18:30;3;95;95582;1;1;1;3; A15;48,96395155;2,26313134
202300027663;1;8;2023;17:25;1;69;69266;2;4;1;3;Rue du Souvenir Français;45,76259;4,90905
202300027664;15;4;2023;01:00;3;28;28263;2;9;2;7;Route du Petit Sault;48,724751;1,017263
202300027665;23;1;2023;07:30;2;95;95582;1;1;1;2; A15;48,96682579;2,25512844
202300027666;1;8;2023;16:50;1;69;69259;2;1;1;1;Rue des Combats du 24 Août 1944;45,70438;4,89169
202300027667;18;4;2023;01:35;3;30;30062;1;6;1;6;D40;43,7821;4,205
202300027668;23;1;2023;08:00;1;94;94052;1;1;2;7;A86;48,83180524;2,49163099
202300027669;17;4;2023;03:15;3;30;30284;1;1;1;6;N/A;44,153221;4,058483
202300027670;23;1;2023;18:00;5;94;94046;2;1;1;6;REPUBLIQUE (AV DE LA);48,805989;2,441635
202300027671;31;7;2023;09:07;1;66;66136;2;3;1;3;N/A;42,70046;2,89369
202300027672;17;4;2023;10:00;1;49;49125;1;1;1;2;D960;47,177929;-0,330491
202300027673;20;1;2023;20:05;5;33;33281;2;2;1;1;Avenue de Magudas;44,85617;-0,6463
202300027674;1;8;2023;13:05;1;64;64545;1;1;8;6;BRETELLE DE SOCOA RD 913 (BRETELLE);43,380022;-1,689256
202300027675;3;1;2023;11:30;1;55;55029;2;1;1;6;BRADFER ( RUE ERNEST );48,7691;5,17231
202300027676;18;4;2023;09:36;1;67;67089;1;1;2;7;A4;48,774144;7,440925
202300027677;23;1;2023;22:10;5;974;97411;1;1;2;3;VINH-SAN (BLD 2 DU PRINCE);-20,88705;55,4405
202300027678;1;8;2023;19:40;1;64;64445;2;3;1;3;CARREROT;43,29832;-0,36253
202300027679;18;4;2023;06:35;3;11;11370;1;1;1;2;N/A;43,233903;3,10664
202300027680;23;1;2023;19:45;5;973;97302;2;2;1;3;BECKER (LIEUTENANT);4,93832776;-52,32818931
202300027681;1;8;2023;14:25;1;64;64445;2;1;1;2;CORPS FRANC POMMIES DU;43,30685;-0,33454
202300027682;16;4;2023;04:00;3;30;30169;1;1;1;6;A9;43,80114615;4,31269169
202300027683;23;1;2023;17:20;2;69;69388;2;2;1;6;43 Boulevard Ambroise Paré;45,73701;4,88391
202300027684;16;4;2023;09:00;1;974;97422;1;1;1;7;Route forestière;-21,201117;55,625603
202300027685;23;1;2023;10:00;1;971;97101;1;9;1;6;DOTHEMARE;16,2712969;-61,51143193
202300027686;1;8;2023;10:26;1;64;64024;2;1;2;1;PRIMEVERES (RUE DES);43,4856;-1,52305
202300027687;31;3;2023;10:45;1;971;97128;2;3;1;3;Poirier de Gissac;16,245954;-61,366308
202300027688;23;1;2023;00:01;3;971;97101;2;1;1;6;GRAND CAMP(SECTION);16,25252761;-61,53420389
202300027689;16;4;2023;13:20;1;78;78562;1;1;1;6;7 Route de Gambaiseuil;48,733417;1,759981
202300027690;23;1;2023;17:00;1;971;97105;2;1;1;6;PAUL LACAVE (AVENUE );15,9936956;-61,71895981
202300027691;1;8;2023;09:16;1;59;59350;2;1;1;4;FAUBOURG DES POSTES RUE;50,61551935;3,04840428
202300027692;23;1;2023;11:20;1;2A;2A004;2;6;1;6;CAMPI LOUIS BD;41,94188653;8,74981266
202300027693;18;4;2023;16:45;1;30;30090;2;1;1;1;Concoules;44,381378;3,940106
202300027694;20;1;2023;18:45;5;87;87085;2;1;1;7;SAINT GENCE (RUE DE) (RD218);45,84622;1,23832
202300027695;1;8;2023;07:25;1;59;59350;2;1;1;2;Boulevard du Professeur Jules Leclercq;50,60777;3,03549
202300027696;17;4;2023;17:45;1;34;34199;2;1;1;6;13 Rue Victor Hugo;43,45858;3,42429
202300027697;18;1;2023;09:00;1;80;80021;2;6;1;3;Rue Léon Dupontreué;49,90669;2,31806
202300027698;31;7;2023;20:35;2;57;57463;2;4;3;1;MIXTE (PONT );49,13495;6,17413
202300027699;18;4;2023;10:50;1;34;34154;2;6;1;6;193 Boulevard de la Democratie;43,617409;4,008148
202300027700;21;1;2023;15:55;1;76;76351;2;3;1;6;PHILIPPE LEBON;49,496003;0,12673
202300027701;31;7;2023;08:00;1;56;56121;2;1;2;6;DUGUAY-TROUIN (RUE RENE);47,74314;-3,36498
202300027702;23;1;2023;19:45;2;69;69256;2;2;1;3;Boulevard des Droits de l'Homme;45,76705;4,93274
202300027703;31;7;2023;17:15;1;54;54395;2;1;2;6;Place Charles III;48,689104;6,1818
202300027704;17;4;2023;13:50;1;71;71229;1;1;8;7;route de bourbon;46,538126;3,909797
202300027705;22;1;2023;21:00;5;67;67447;2;3;4;7;PERLE (RUE);48,60153;7,74494
202300027706;31;7;2023;16:55;1;54;54357;2;1;1;6;Avenue de Metz;48,72094;6,17176
202300027707;16;4;2023;11:30;1;21;21464;2;1;1;6;7 Rue Fagon;47,13754;4,949498
202300027708;22;1;2023;20:30;5;67;67043;2;1;1;6;PERIGUEUX (RUE DE);48,61438;7,74734
202300027709;1;8;2023;06:00;2;51;51454;2;1;2;6;ADRIAN (RUE ROBERT);49,2693;4,05137
202300027710;22;1;2023;01:15;3;66;66136;2;1;1;6;;42,66765207;2,88425177
202300027711;30;7;2023;20:05;1;51;51454;2;1;1;6;GERBERT (RUE);49,25051;4,03942
202300027712;17;4;2023;18:40;1;67;67137;1;1;1;4;M83;48,50327;7,693648
202300027713;23;1;2023;16:18;1;64;64348;2;2;1;3;Rue Larregain;43,3039;-0,42646
202300027714;31;7;2023;19:08;1;48;48095;2;1;1;6;RAMILLES  (CHEMIN DES);44,51648;3,48108
202300027715;17;4;2023;14:10;1;31;31433;2;1;1;6;Route d'Espagne;43,534565;1,409286
202300027716;23;1;2023;08:02;3;64;64284;2;3;1;1;CORPS FRANC POMMIES;43,29213;-0,39054
202300027717;1;8;2023;17:20;1;44;44162;2;1;1;3;336 Boulevard Marcel Paul;47,2264963;-1,6371801
202300027718;17;4;2023;21:45;3;72;72151;1;3;1;6;la grande brocherie;47,87806897;-0,30246019
202300027719;22;1;2023;16:05;1;64;64024;2;1;1;6;ADOUR (AVENUE DE L');43,51128;-1,50022
202300027720;1;8;2023;06:55;2;44;44109;2;1;1;6;35 Rue de la Bourgeonnière;47,25237;-1,55366
202300027721;18;1;2023;07:20;3;62;62186;1;1;1;6;D166E2;50,44815;2,70436
202300027722;1;8;2023;14:00;1;38;38423;1;1;1;2;N481;45,20317087;5,71367364
202300027723;23;1;2023;17:30;2;59;59378;2;1;1;2;BAILLY ALBERT RUE;50,688539;3,113994
202300027724;17;4;2023;12:05;1;29;29181;1;6;1;3;rue du Stiff;48,481477;-4,274771
202300027725;21;1;2023;14:00;1;59;59390;2;1;1;3;FABRIQUE (RUE DE LA);50,33812;3,2013
202300027726;31;7;2023;20:10;1;38;38185;2;2;1;3;RHIN ET DANUBE (AVENUE);45,17798;5,7054
202300027727;6;3;2023;11:14;1;54;54323;2;1;1;6;ALBERT LABRO (RUE);49,513467;5,767885
202300027728;15;1;2023;03:07;3;58;58194;2;1;2;1;MARECHAL LECLERC;46,99911;3,16378
202300027729;18;4;2023;09:10;1;60;60047;2;3;1;3;Rue du Faubourg de Russons;49,17173172;2,73501742
202300027730;28;7;2023;13:50;1;37;37261;2;9;3;1;SAVONNIERES (ROUTE DE);47,36885;0,66645
202300027731;4;1;2023;17:15;2;58;58194;2;3;1;3;HAMMAMET;46,98861;3,17202
202300027732;4;3;2023;11:00;1;49;49099;2;2;1;3;FAIDHERBE (BOULEVARD DU GENERAL);47,06724;-0,87329
202300027733;24;1;2023;02:17;5;54;54547;1;1;1;6;M674;48,671839;6,194094
202300027734;1;8;2023;01:45;5;31;31555;2;3;1;3;RTE DE SEYSSES;43,57629;1,42144
202300027735;17;4;2023;13:10;1;60;60500;1;1;1;7;N2;49,10221344;2,74399149
202300027736;5;3;2023;04:00;5;46;46042;2;1;1;6;MAQUIS (AVENUE DU);44,45641;1,45021
202300027737;21;1;2023;09:30;1;50;50129;2;1;1;6;Boulevard de la Manche;49,65256;-1,58028
202300027738;9;6;2023;08:55;1;28;28085;2;1;1;3;NICOLE (RUE);48,44667;1,47979
202300027739;20;1;2023;20:00;5;44;44184;2;2;1;1;49 Avenue François Mitterrand;47,26933;-2,22831
202300027740;6;3;2023;21:35;5;45;45232;2;2;1;3;Avenue de Sologne;47,86875;1,9118
202300027741;17;4;2023;18:30;1;60;60107;1;1;1;2;D1016;49,36707641;2,42856582
202300027742;1;8;2023;19:05;1;25;25056;2;1;1;3;FAURE AVENUE EDGAR;47,243182;6,017177
202300027743;20;1;2023;18:25;5;44;44184;2;2;1;3;24 Rue Jean Jaurès;47,27924;-2,20826
202300027744;6;3;2023;17:02;1;45;45285;2;1;1;6;Avenue Pierre Mendès France;47,9059;1,86908
202300027745;1;8;2023;10:20;1;17;17415;2;1;1;3;LECLERC COURS DU MARECHAL;45,74958;-0,64587
202300027746;23;1;2023;18:53;5;33;33318;2;4;1;1;Avenue de Bardanac;44,79516521;-0,61086237
202300027747;1;8;2023;10:36;1;15;15014;2;9;2;3;RN 122;44,910561;2,426315
202300027748;6;3;2023;08:00;1;44;44109;2;1;1;3;4 Rue de l'Evêché;47,218768;-1,5506862
202300027749;17;4;2023;08:34;1;13;13213;1;1;1;2;A507 sens Marseille - Aubagne;43,32509;5,42167
202300027750;19;1;2023;13:25;1;27;27701;2;2;1;3;BLANCHE (CH. DE LA VOIE) LOUVIERS A LACS;49,27147;1,20611
202300027751;30;7;2023;01:15;3;15;15014;1;2;1;2;D18;44,922638;2,400096
202300027752;6;3;2023;14:05;1;38;38151;2;1;1;6;RUE NORMANDIE-NIEMEN;45,14682;5,71978
202300027753;23;1;2023;17:40;5;25;25388;2;1;9;6;LUDWIGSBURG (AVENUE DE);47,5077;6,80941
202300027754;13;4;2023;13:45;1;13;13026;1;1;1;2;A55-Sens Marseille vers Martigues;43,3788;5,16697
202300027755;22;1;2023;15:00;1;11;11262;2;1;1;6;12 Boulevard Marcel Sembat;43,1889;3,00704
202300027756;6;3;2023;18:30;2;37;37261;2;1;8;6;VAILLANT (RUE EDOUARD);47,37865;0,71066
202300027757;1;8;2023;15:35;1;14;14225;2;2;1;1;55 Rue du Général de Gaulle;49,28541597;-0,10306331
202300027758;22;1;2023;13:30;1;11;11069;2;2;1;3;voie traversante de André Jean CAYATTE;43,236044;2,367051
202300027759;1;8;2023;16:50;1;13;13005;1;1;1;2;RD 43 C;43,30112;5,59134
202300027760;22;1;2023;21:20;3;974;97409;1;9;3;6;RN2 SENS STE SUZANNE ST BENOIT;-20,94372;55,6492
202300027761;6;3;2023;16:30;1;37;37261;2;1;1;3;ROYER (BD JEAN);47,38198;0,68033
202300027762;14;4;2023;17:40;1;54;54115;1;1;1;4;Autoroute A 31;48,693586;6,078514
202300027763;1;8;2023;09:20;1;12;12089;1;1;3;6;D 963;44,58584;2,24786
202300027764;22;1;2023;00:05;5;973;97302;2;3;9;3;TROUBIRAN (CHEMIN DE);4,92566072;-52,3036015
202300027765;16;4;2023;02:00;4;59;59343;1;1;1;7;ROUTE NATIONALE 227;50,60018;3,13045
202300027766;31;7;2023;16:50;1;9;9225;1;1;1;6;ROUTE NATIONALE 20 (VOIE RAPIDE);43,11924;1,63009
202300027767;22;1;2023;18:30;5;972;97213;2;6;1;7;ROUTE DEPARTEMENTALE 15;14,62688349;-61,008389
202300027768;6;3;2023;07:55;1;37;37122;2;1;1;1;VERDUN (RUE DE);47,34705;0,66544
202300027769;17;4;2023;11:29;1;91;91161;1;1;1;7;AUTOROUTE A6;48,7181;2,3103
202300027770;22;1;2023;13:45;1;69;69385;2;1;1;2;123 Rue Joliot Curie;45,75438;4,78343
202300027771;31;7;2023;21:45;5;7;7281;2;3;1;7;C.D.533;44,940939;4,841213
202300027772;22;1;2023;15:30;1;971;97113;1;1;1;7;SECTION MARE-GAILLARD;16,21901;-61,45764
202300027773;27;7;2023;17:15;1;5;5061;2;1;1;2;LADOUCETTE ( COURS );44,56192;6,08363
202300027774;6;3;2023;14:00;1;35;35051;1;1;1;1;PORTE DE LA RIGOURDIERE;48,11953;-1,57055
202300027775;17;4;2023;00:20;3;95;95582;1;1;1;2;A15;48,96559;2,25938
202300027776;2;1;2023;20:48;5;971;97101;2;1;1;6;Bd René Serge NABAJOTH;16,27701968;-61,50229096
202300027777;29;6;2023;08:53;1;5;5061;2;1;1;3;MARECHAL FOCH ( AVENUE DU );44,56266;6,0854
202300027778;22;1;2023;20:00;5;91;91589;2;1;1;7;RUE FAIDHERBE;48,67808;2,34328
202300027779;6;3;2023;09:45;1;35;35238;2;9;1;1;BRIAND (AVENUE ARISTIDE);48,1102;-1,65964
202300027780;22;1;2023;21:30;5;69;69029;2;1;1;3;Route de Genas;45,7504094;4,91046326
202300027781;31;7;2023;17:17;1;5;5061;2;6;1;2;GEORGES POMPIDOU ( BD);44,55581;6,07831
202300027782;16;4;2023;18:30;1;93;93064;1;1;1;5;AUTOROUTE A86;48,87299;2,48117
202300027783;22;1;2023;05:51;5;69;69290;2;1;1;6;Boulevard des Roses;45,68635;4,94037
202300027784;6;3;2023;20:10;5;33;33281;2;2;1;3;Avenue du Chut;44,84810941;-0,659751
202300027785;1;8;2023;14:15;1;75;75114;2;1;1;3;PORTE D ORLEANS;48,821065;2,320486
202300027786;15;4;2023;11:15;1;95;95572;1;1;2;6;N184;49,03368993;2,11147785
202300027787;21;1;2023;17:45;5;64;64445;2;2;1;3;LOUIS LACAZE;43,30147;-0,36926
202300027788;1;8;2023;10:05;1;75;75113;2;1;1;3;PORTE D IVRY;48,821206;2,37789
202300027789;22;1;2023;03:10;5;64;64102;2;1;1;6;Avenue Duvergier de Hauranne;43,48159;-1,4656
202300027790;6;3;2023;09:00;1;27;27562;2;6;1;7;HERMAND (RUE GEORGES);49,095367;1,430374
202300027791;15;4;2023;19:55;2;95;95488;1;1;1;6;A15;49,01932;2,13923
202300027792;30;7;2023;20:32;5;75;75113;2;3;1;6;PLACE JEANNE D ARC;48,829517;2,368955
202300027793;15;4;2023;19:30;1;93;93013;1;1;1;2;AUTOROUTE A1;48,93902806;2,41747499
202300027794;20;1;2023;14:20;1;59;59043;1;2;7;1;OUTTERSTEENE (ROUTE D');50,72191;2,70347
202300027795;1;8;2023;11:45;1;75;75105;2;2;1;3;QUAI DE LA TOURNELLE;48,851103;2,351289
202300027796;24;5;2023;23:05;5;59;59410;2;3;1;3;FERRY JULES RUE;50,638506;3,117283
202300027797;6;3;2023;15:10;1;25;25462;2;2;1;1;Faubourg Saint Etienne;46,90017;6,3611
202300027798;22;1;2023;14:00;1;44;44162;2;1;1;1;Boulevard du professeur Jacques Monod;47,24026;-1,63931
202300027799;31;7;2023;13:05;1;75;75106;2;3;2;6;RUE JULES CHAPLAIN;48,84272;2,329836
202300027800;15;4;2023;18:30;1;93;93005;1;1;1;4;AUTOROUTE A3;48,95216497;2,47360826
202300027801;24;5;2023;18:50;1;56;56260;2;9;7;3;JUIN(AVENUE DU MARECHAL);47,63104;-2,78055
202300027802;22;1;2023;07:40;3;35;35281;2;9;1;7;N136;48,09170851;-1,70717776
202300027803;15;4;2023;10:00;1;93;93053;1;1;2;6;AUTOROUTE A103;48,88795792;2,47241735
202300027804;31;7;2023;15:30;1;75;75117;2;4;2;7;AVENUE DES TERNES;48,879474;2,290622
202300027805;6;3;2023;12:03;1;17;17291;2;1;1;3;LIBERATION   RUE DE LA;46,176881;-1,115123
202300027806;22;1;2023;11:45;1;33;33069;2;1;1;3;Boulevard Godard;44,86278808;-0,5838713
202300027807;24;5;2023;22:09;5;56;56098;2;6;1;3;GAGARINE (RUE  YOURI );47,774357;-3,340128
202300027808;15;4;2023;12:40;1;92;92036;1;1;2;6;AUTOROUTE A15;48,93849892;2,29423732
202300027809;22;1;2023;07:15;3;31;31555;2;1;1;7;RD901;43,61758;1,39414
202300027810;31;7;2023;08:40;1;75;75116;2;2;8;3;AVENUE D IENA;48,862925;2,291934
202300027811;6;3;2023;11:45;1;13;13205;2;2;1;3;ISLY (RUE D');43,28651;5,39301
202300027812;25;5;2023;09:25;1;50;50129;2;1;1;7;GAMBETTA (RUE);49,64728;-1,64651
202300027813;1;8;2023;13:20;1;75;75110;2;1;1;6;RUE DU FAUBOURG SAINT MARTIN;48,876815;2,361014
202300027814;17;4;2023;08:50;1;94;94073;1;1;1;5;A86;48,77309121;2,39941125
202300027815;22;1;2023;15:50;1;29;29232;2;6;1;5;Rue de la Republique;48,00338;-4,08468
202300027816;6;3;2023;12:45;1;13;13212;2;1;1;3;TROIS LUCS (PLACE);43,31198;5,46485
202300027817;1;8;2023;14:35;1;75;75108;2;3;1;6;RUE DE MIROMESNIL;48,881167;2,315334
202300027818;24;5;2023;15:00;1;49;49007;2;4;1;3;FOULQUES NERRA BOULEVARD;47,47095;-0,56448
202300027819;15;4;2023;17:30;2;974;97409;2;1;1;3;DU CENTRE(CHEMIN);-20,94666;55,6551
202300027820;6;3;2023;08:45;1;13;13207;2;2;1;3;CORSE (AVENUE DE LA);43,2892;5,36185
202300027821;1;8;2023;15:00;1;75;75108;2;2;1;3;AVENUE WINSTON CHURCHILL;48,864999;2,313697
202300027822;21;1;2023;10:05;1;13;13103;1;1;1;1;AVENUE DE ALABOUVETTE-RN 113;43,64096;5,02516
202300027823;25;5;2023;18:50;1;47;47001;2;1;1;3;RIOLS (ALLEE DE);44,17925;0,62212
202300027824;31;7;2023;20:40;1;75;75107;2;2;2;7;AVENUE DE LOWENDAL;48,849417;2,303772
202300027825;22;1;2023;20:00;5;13;13203;2;1;1;2;BD FERDINAND DE LESSEPS;43,31944;5,37023
202300027826;15;4;2023;16:00;1;69;69383;2;2;1;3;Quai Victor Augagneur;45,75626;4,84037
202300027827;6;3;2023;08:40;1;13;13215;2;1;1;6;PADOUANE (BD DE LA );43,35335439;5,36860936
202300027828;22;1;2023;12:40;1;13;13209;2;1;1;3;SAINTE MARGUERITE (BOULEVARD);43,269;5,402
202300027829;25;5;2023;10:50;1;47;47001;2;2;1;3;SEVIN (RUE DE);44,19342;0,61687
202300027830;16;4;2023;03:10;5;972;97209;1;1;1;6;REDOUTE (ROUTE DE LA);14,61721;-61,06185
202300027831;31;7;2023;13:40;1;94;94068;2;2;2;1;Avenue Saint-Louis;48,78839;2,50637
202300027832;5;3;2023;05:30;5;10;10333;2;1;8;3;JULES DIDIER (RUE);48,28526;4,06625
202300027833;22;1;2023;09:00;1;13;13208;2;1;1;1;GOUDES (CHEMIN DES);43,22613327;5,34829192
202300027834;23;7;2023;21:30;3;94;94076;2;1;1;2;83 Avenue de Stalingrad;48,782211;2,367342
202300027835;24;5;2023;12:15;1;42;42170;1;1;1;1;Route de Chervé;46,02658;4,09994
202300027836;16;4;2023;21:20;5;69;69382;2;1;1;3;112 Cours Charlemagne;45,74025;4,81869
202300027837;6;3;2023;18:40;2;6;6159;1;1;1;3;BELLA VISTA (AV.);43,7136;7,32944
202300027838;22;1;2023;00:45;5;13;13047;2;1;1;6;FOS (ROUTE DE) - RN 569;43,49372;4,97113
202300027839;1;8;2023;10:15;1;92;92051;2;1;8;6;LESSEPS (RUE DE);48,88992022;2,27711856
202300027840;16;4;2023;08:00;1;69;69034;2;1;1;6;Pont Raymond Poincaré;45,78756;4,86054
202300027841;25;5;2023;10:00;1;42;42187;2;2;1;6;Avenue Centrale;46,06713211;4,07721908
202300027842;22;1;2023;03:54;5;6;6083;2;1;1;6;CAREI (VAL DU);43,791278;7,492268
202300027843;27;2;2023;17:55;1;3;3310;2;1;1;3;Avenue Poincaré;46,1153;3,43875
202300027844;1;8;2023;09:43;1;92;92020;2;2;1;3;ARAGO RUE;48,8059802;2,27892458
202300027845;25;5;2023;08:45;1;35;35238;2;1;1;6;CARTIER (BD JACQUES);48,09767;-1,66897
202300027846;21;1;2023;16:35;1;6;6083;2;1;1;3;BRIAND (AVENUE ARSITIDE);43,78529;7,52294
202300027847;16;4;2023;11:30;1;2B;2B033;2;1;1;4;VEZZANI - RUE CESAR;42,69;9,45
202300027848;7;3;2023;14:40;1;75;75115;2;4;1;3;PORTE DE SEVRES;48,83474993;2,27420747
202300027849;31;7;2023;19:40;1;92;92049;2;3;2;2;BARBES RUE;48,81729533;2,32880652
202300027850;25;5;2023;07:45;1;35;35238;2;1;1;2;PORTE D'ANGERS;48,08197348;-1,64720088
202300027851;21;1;2023;15:40;1;5;5061;2;2;1;3;GENDARMERIE ( RUE DE LA );44,56;6,0757
202300027852;16;4;2023;11:30;1;2A;2A004;1;1;1;2;T21;41,92722;8,79331
202300027853;1;8;2023;14:45;1;92;92035;2;9;1;6;Jean Bonal ( rue );48,90617244;2,2474274
202300027854;6;3;2023;08:50;1;75;75116;2;1;1;6;ECHANGEUR MUETTE;48,862014;2,264393
202300027855;25;5;2023;16:50;1;35;35115;2;1;7;6;FORET (RUE DE LA);48,357624;-1,194733
202300027856;16;1;2023;14:15;1;5;5061;2;1;1;2;COMMANDANT DUMONT ( AVENUE);44,563489;6,083945
202300027857;15;4;2023;09:25;1;91;91691;2;9;1;6;PIERRE BROSSOLETTE(RUE);48,70008;2,47764
202300027858;6;3;2023;06:45;1;75;75119;2;1;1;2;PORTE DE LA VILLETTE;48,900577;2,388861
202300027859;1;8;2023;18:22;1;92;92024;2;3;1;3;VICTOR HUGO (BD);48,89991927;2,31445491
202300027860;25;5;2023;16:44;1;34;34172;2;1;1;6;ZUCCARELLI (PONT JEAN);43,60038;3,89665
202300027861;23;1;2023;09:00;1;75;75117;2;2;1;3;AVENUE DE LA PORTE D ASNIERES;48,891842;2,301593
202300027862;16;4;2023;15:15;1;91;91027;2;3;1;3;RTE NATIONALE 7;48,71289;2,37149
202300027863;25;5;2023;07:20;1;34;34172;2;1;2;3;520 Rue de l'Industrie;43,58586;3,88257
202300027864;23;1;2023;16:00;1;75;75108;2;7;1;3;PLACE DE LA CONCORDE;48,8670485;2,32068479
202300027865;7;3;2023;18:05;2;75;75117;2;3;1;3;156 RUE CARDINET;48,889092;2,316134
202300027866;2;8;2023;09:55;1;17;17045;1;2;3;4;D137;45,867997;-0,844054
202300027867;22;1;2023;20:10;5;75;75104;2;2;1;7;BOULEVARD DE SEBASTOPOL;48,859499;2,348857
202300027868;7;3;2023;08:00;1;75;75114;2;1;8;2;34 RUE DU COMMANDANT RENE MOUCHOTTE;48,83799603;2,31928736
202300027869;24;5;2023;17:40;1;30;30007;2;2;8;3;Avenue Monge;44,14179;4,10481
202300027870;23;1;2023;19:00;5;94;94017;2;1;1;6;COLONEL GRANCEY (R DU);48,809709;2,554795
202300027871;16;4;2023;18:15;1;91;91228;2;3;1;5;BD DECAUVILLE IMPAIR 25 A 47;48,638101;2,438045
202300027872;1;8;2023;15:40;1;81;81156;1;1;1;2;Chemin de la Clare;43,909148;2,047684
202300027873;7;3;2023;19:20;5;75;75101;2;3;1;6;208 RUE DE RIVOLI;48,864442;2,330155
202300027874;25;5;2023;21:35;1;29;29019;2;1;1;6;boulevard de Plymouth;48,385547;-4,535113
202300027875;23;1;2023;22:35;5;94;94041;2;7;1;3;Boulevard de Brandebourg;48,81455292;2,39706606
202300027876;1;8;2023;14:25;1;67;67534;2;3;1;1;23 Rue du 22 Novembre;48,748846;7,512197
202300027877;16;4;2023;16:15;1;83;83144;2;1;1;1;PICASSO (AVE PABLO);43,13161;5,99415
202300027878;7;3;2023;07:18;2;94;94078;2;3;1;1;Avenue du Champ Saint-Julien / Parking Avenue du Champ Saint-Julien;48,74773;2,46066
202300027879;24;5;2023;17:29;1;29;29019;2;3;1;3;rue Emile Rousse;48,38476;-4,5281
202300027880;2;8;2023;14:55;1;22;22243;1;1;2;1;D787, PR 32+900;48,372157;-3,479187
202300027881;23;1;2023;12:10;1;94;94021;2;2;1;2;Avenue Georges Guynemer / Boulevard Jean Mermoz;48,76681;2,33625
202300027882;15;4;2023;15:45;1;83;83069;2;3;1;3;GODILLOT  ( AVENUE ALEXIS );43,11688;6,12265
202300027883;25;5;2023;19:50;1;28;28134;2;3;1;6;CROIX TIENAC (ALLEE DE LA);48,73597;1,38826
202300027884;7;3;2023;00:00;5;93;93070;2;2;1;6;Rue Albert Dhalenne / Quai de Seine;48,91776;2,32968
202300027885;28;7;2023;12:00;1;42;42253;1;3;1;2;Route de Renaison;46,044225;3,997607
202300027886;22;1;2023;22:59;5;93;93072;2;3;1;3;Rue des Fleurs / Rue Jean Jaurés;48,963846;2,380548
202300027887;7;3;2023;18:10;2;93;93066;2;2;1;6;79 Rue Gabriel Péri / Rue Franklin;48,93527871;2,35589574
202300027888;23;1;2023;07:30;5;93;93072;2;2;1;6;Chemin de Saint Leger / Avenue de Stalingrad;48,9475329;2,37531736
202300027889;12;4;2023;06:05;2;74;74012;2;9;8;6;GIFFRE (AVENUE DU);46,19681;6,23881
202300027890;2;8;2023;11:00;1;56;56205;1;1;1;3;La Croix Lasne;47,561628;-2,711112
202300027891;25;5;2023;07:40;1;15;15014;2;6;1;3;VOLONTAIRE (AVENUE DES);44,91421;2,44109
202300027892;23;1;2023;13:15;1;93;93064;2;1;1;3;Avenue du Général de Gaulle;48,879373;2,478189
202300027893;7;3;2023;14:10;1;93;93048;2;2;8;1;Rue de Paris;48,85502222;2,41908923
202300027894;25;5;2023;08:45;1;13;13103;2;1;1;6;BOULEVARD DES PRINCES DES BAUX;43,64394;5,08939