Num_Acc;jour;mois;an;hrmn;lum;dep;com;agg;int;atm;col;adr;lat;long
202300027895;16;4;2023;20:45;5;69;69264;2;3;1;6;Avenue Edouard Herriot;45,97887;4,7268
202300027896;1;8;2023;11:15;1;59;59546;1;1;1;3;route d'Hazebrouck RD37;50,78696;2,564878
202300027897;23;1;2023;15:10;1;93;93055;2;1;1;3;Avenue Jean Jaurès;48,90468;2,39334
202300027898;24;5;2023;16:57;1;10;10357;1;1;1;7;Route de Baires;48,28378;4,12089
202300027899;7;3;2023;15:15;1;93;93045;2;2;1;1;Avenue du Maréchal Juin / Rue de Romainville;48,87834185;2,42247722
202300027900;16;4;2023;16:30;1;69;69259;2;3;1;3;Avenue Jules Guesde;45,71656;4,88797
202300027901;23;1;2023;19:30;3;93;93049;2;3;1;3;Rue Pierre de Coubertin / Allee Pierre de Craon;48,86439659;2,5112185
202300027902;2;8;2023;14:00;1;76;76075;2;4;6;1;Route de la Mer;49,768391;1,048757
202300027903;16;4;2023;06:00;3;69;69290;1;1;1;6;Route de Grenoble;45,70408;4,99591
202300027904;24;5;2023;12:19;1;10;10387;2;1;1;4;ANATOLE FRANCE (RUE);48,28574;4,0747
202300027905;2;8;2023;01:48;4;79;79174;2;1;8;7;N/A;46,219244;-0,14834
202300027906;23;1;2023;00:15;5;93;93049;2;3;1;6;Rue Pasteur / Rue Florian;48,85682109;2,49907717
202300027907;7;3;2023;12:25;1;93;93010;2;3;1;6;Avenue Galliéni / Rue des Ecoles;48,90708;2,48836
202300027908;23;1;2023;16:20;1;92;92022;2;1;1;6;SALENGRO (AVENUE ROGER);48,81810298;2,19712025
202300027909;15;4;2023;19:45;1;62;62133;2;2;1;3;Rue de Rouvroy;50,41226;2,91181
202300027910;24;5;2023;10:30;1;10;10333;2;3;1;3;CHARLES BALTET (RUE);48,28166;4,06072
202300027911;7;3;2023;18:00;1;92;92050;2;1;1;6;JOFFRE MARECHAL AVENUE DU;48,8857075;2,19642811
202300027912;16;4;2023;18:30;1;59;59286;2;1;1;6;GUERIN RUE DU PROFESSEUR;50,61198;2,99653
202300027913;23;1;2023;21:10;5;92;92050;2;9;1;3;COMMUNE DE PARIS AVENUE DE LA;48,907393;2,212883
202300027914;24;5;2023;10:55;1;9;9121;2;9;1;6;D1;42,94604;1,6156
202300027915;7;3;2023;10:36;1;92;92040;1;1;1;6;GALLIENI (BOULEVARD);48,828;2,2675
202300027916;23;1;2023;19:15;5;92;92049;2;2;1;3;BROSSOLETTE AVENUE PIERRE;48,81769;2,30788
202300027917;16;4;2023;09:35;1;56;56260;2;6;1;2;ANCIENS COMBATTANTS EN AFN (PLACE DES;47,66391;-2,7558
202300027918;19;5;2023;23:45;5;8;8409;2;2;1;6;PHILIPPOTEAUX (AVENUE);49,69672;4,93901
202300027919;5;3;2023;18:45;2;92;92025;2;1;1;2;EGALITE (RUE DE L');48,922601;2,241312
202300027920;23;1;2023;09:10;1;92;92026;2;9;1;3;MARECHAL JOFFRE (QUAI DU);48,89835;2,26875
202300027921;25;5;2023;18:20;1;1;1451;2;3;1;3;HERRIOT ( BOULEVARD EDOUARD COTE PAIR);46,21302;5,21817
202300027922;6;3;2023;22:00;5;92;92024;2;1;1;2;MARTRE (RUE) DE (59 A 109)   (58 A 120);48,9039;2,30527
202300027923;16;4;2023;12:15;1;54;54323;2;3;1;3;Avenue de Saintignon;49,525942;5,775168
202300027924;25;5;2023;09:34;1;75;75117;2;2;1;6;RUE DE ROME;48,885651;2,31683
202300027925;7;3;2023;08:04;1;92;92024;2;1;8;6;VICTOR HUGO (BD);48,90011517;2,31478125
202300027926;23;1;2023;20:00;5;92;92012;2;6;1;7;MARCEL SEMBAT (PLACE);48,83361;2,24369
202300027927;24;5;2023;13:05;1;75;75105;2;2;1;3;RUE GAY LUSSAC;48,844281;2,342158
202300027928;7;3;2023;13:35;1;92;92023;2;1;1;6;GENERAL DE GAULLE (AV DU) N°130 A 340 ET;48,78379;2,24748
202300027929;23;1;2023;21:45;3;2A;2A211;1;1;2;6;lieu-dit Calo;41,795088;8,982546
202300027930;23;5;2023;13:30;1;75;75105;2;3;1;3;QUAI DE LA TOURNELLE;48,850396;2,353527
202300027931;7;3;2023;09:00;1;92;92012;2;1;1;2;GENERAL LECLERC (AVENUE DU) 1/33 - 2/58;48,83213;2,23889
202300027932;16;4;2023;13:27;1;49;49267;2;2;1;2;HERAUDIERES;47,46382;-0,49085
202300027933;23;5;2023;09:27;1;75;75105;2;3;1;3;BOULEVARD SAINT MICHEL;48,850344;2,342612
202300027934;7;3;2023;09:10;1;92;92002;2;1;1;3;ARISTIDE BRIAND (AVENUE);48,75666;2,30638
202300027935;25;5;2023;18:30;1;75;75120;2;2;1;6;BOULEVARD DAVOUT;48,853524;2,41079
202300027936;24;1;2023;08:30;1;1;1248;1;1;1;1;départementale 1083;45,903899;4,934946
202300027937;6;3;2023;09:45;1;47;47133;1;1;8;7;Brun;44,079466;0,573349
202300027938;25;5;2023;09:00;1;75;75120;2;1;1;2;RUE DES VIGNOLES;48,854038;2,399919
202300027939;15;4;2023;15:10;1;42;42218;2;2;2;3;Boulevard Joseph Bethenod;45,42716;4,38575
202300027940;24;5;2023;22:15;5;75;75120;2;7;1;6;RUE BELGRAND;48,864906;2,398671
202300027941;5;3;2023;09:24;1;91;91235;2;1;1;3;Av du Dr Louis Francois Fichez;48,638663;2,36035
202300027942;20;1;2023;10:40;1;86;86221;1;3;9;3;Route des Templiers;46,806449;0,34417
202300027943;15;4;2023;21:25;3;41;41018;1;1;1;7;VICOMTE (CHEMIN DE );47,542585;1,283376
202300027944;25;5;2023;22:10;5;75;75119;2;3;1;3;RUE DE L INSPECTEUR ALLES;48,879298;2,398166
202300027945;6;3;2023;10:45;1;972;97214;2;1;1;6;Crochemort N1;14,832399;-61,051841
202300027946;16;4;2023;10:35;1;35;35238;2;1;1;3;SUEDE (DE);48,08671;-1,67938
202300027947;21;1;2023;19:00;3;33;33030;1;1;1;1;D1113;44,616317;-0,32091
202300027948;25;5;2023;17:20;1;75;75120;2;7;1;2;PLACE DU MAQUIS DU VERCORS;48,877637;2,40863
202300027949;19;1;2023;13:30;1;17;17310;1;1;3;7;Route de Pons;45,568345;-0,736685
202300027950;15;4;2023;10:55;1;35;35115;2;1;1;6;ROUSSEAU (RUE JEAN-JACQUES);48,35359;-1,20352
202300027951;25;5;2023;19:20;1;75;75118;2;1;1;3;BOULEVARD DE CLICHY;48,884063;2,328445
202300027952;5;3;2023;18:45;3;972;97217;1;1;1;4;Pointe Borgnèse (Informations);14,455143;-60,90323
202300027953;23;1;2023;16:50;1;46;46137;1;1;1;7;D653 PK 114+500;44,39488933;1,36485212
202300027954;4;3;2023;21:10;5;35;35125;2;1;1;3;Rue de la Garenne;47,933654;-1,226757
202300027955;25;5;2023;08:00;1;75;75117;2;3;1;3;BOULEVARD MALESHERBES;48,889897;2,303875
202300027956;25;5;2023;15:00;1;75;75116;2;1;1;3;RUE DE LA POMPE;48,864421;2,277945
202300027957;7;3;2023;23:00;5;974;97414;2;1;1;7;Rue Gonneau;-21,271384;55,437151
202300027958;7;3;2023;08:30;1;22;22239;1;9;1;6;D64;48,363588;-2,134068
202300027959;18;1;2023;07:50;2;86;86261;1;3;1;1;Route de Saint Julien l'Ars;46,560222;0,483127
202300027960;25;5;2023;10:05;1;75;75115;2;3;1;3;BOULEVARD DE VAUGIRARD;48,841564;2,318328
202300027961;16;4;2023;11:00;1;22;22215;1;1;1;5;PONT NOIR (RUE DU);48,48772;-2,8249
202300027962;7;3;2023;18:30;5;62;62181;2;1;2;6;D8;50,138558;2,710359
202300027963;21;1;2023;19:45;5;67;67302;1;6;1;3;D421;48,741828;7,390494
202300027964;25;5;2023;22:10;5;75;75113;2;2;1;3;BOULEVARD ARAGO;48,834965;2,344995
202300027965;23;1;2023;11:30;1;38;38342;2;1;1;6;Chemin de Martine;44,885507;5,623863
202300027966;3;4;2023;16:40;1;19;19272;2;9;1;6;Dr Ramon (Rue);45,25243;1,76243
202300027967;7;3;2023;20:25;3;51;51282;1;1;1;1;D27;49,253972;3,93075
202300027968;25;5;2023;19:25;1;75;75112;2;1;1;6;BOULEVARD DE BERCY;48,84037;2,379896
202300027969;19;1;2023;15:20;1;62;62869;1;1;1;1;D60;50,260376;2,718236
202300027970;22;1;2023;16:45;1;56;56229;1;1;1;7;1 rue Noblet;47,758649;-2,231609
202300027971;17;4;2023;00:55;5;13;13208;2;1;1;5;PRADO (AVENUE DU);43,27082999;5,38869254
202300027972;6;3;2023;09:20;1;51;51380;2;2;1;3;Avenue de l’Empereur;48,871829;3,542501
202300027973;25;5;2023;18:30;1;75;75112;2;4;1;3;QUAI DE BERCY;48,828;2,389
202300027974;24;1;2023;20:40;5;74;74225;2;1;1;2;7 avenue des alpes;45,855553;5,953828
202300027975;16;4;2023;17:30;1;13;13208;2;9;1;4;POMPIDOU (PROMENADE);43,26424598;5,37362368
202300027976;25;5;2023;10:37;1;75;75112;2;1;1;3;BOULEVARD SOULT;48,839885;2,408903
202300027977;4;3;2023;10:00;1;56;56020;1;1;1;6;N/A;47,788154;-2,454782
202300027978;24;1;2023;07:15;5;77;77341;1;2;8;3;D411 / D49;48,445284;3,355808
202300027979;7;3;2023;06:00;3;79;79008;1;1;1;7;;46,72277;-0,298004
202300027980;25;5;2023;11:36;1;75;75108;2;7;1;3;PLACE DE LA CONCORDE;48,864869;2,321226
202300027981;15;4;2023;22:25;5;13;13203;2;7;1;3;DOCTEUR LÉON PERRIN (RUE);43,31492;5,38874
202300027982;23;1;2023;14:35;1;65;65007;1;1;1;4;D935;43,329018;0,069376
202300027983;25;5;2023;09:15;1;75;75117;2;1;1;3;AVENUE DES TERNES;48,880107;2,287935
202300027984;17;1;2023;18:40;5;61;61168;2;1;4;6;D908;48,58594;-0,365327
202300027985;6;3;2023;23:00;3;79;79298;1;1;1;5;;46,279046;-0,522559
202300027986;25;5;2023;08:45;1;75;75103;2;7;1;6;PLACE DE LA REPUBLIQUE;48,867345;2,363382
202300027987;14;4;2023;23:20;5;13;13063;2;1;8;1;MOULIN CHEMIN DU;43,5804;5,01414
202300027988;6;3;2023;20:20;5;2B;2B050;2;1;1;7;Route de santore;42,560019;8,75385
202300027989;23;1;2023;17:30;2;47;47069;1;4;1;1;Sous Carcas;44,234169;0,548939
202300027990;24;5;2023;20:34;2;75;75104;2;3;1;6;RUE SAINT ANTOINE;48,854604;2,362951
202300027991;16;4;2023;19:55;1;8;8105;2;1;1;6;18 Quai Jean Charcot;49,7754;4,72501
202300027992;24;1;2023;13:15;1;39;39500;2;1;1;6;1 Rue de la République;46,93921;5,877658
202300027993;22;1;2023;11:05;1;38;38324;1;1;4;7;Route de Champier;45,396054;5,04972
202300027994;7;3;2023;14:11;1;82;82087;1;2;2;3;Route de Vazerac;44,152471;1,217385
202300027995;25;5;2023;15:15;1;94;94046;2;2;1;3;71 Avenue Georges Clémenceau;48,81067331;2,44354981
202300027996;16;4;2023;14:30;1;3;3185;2;1;1;6;Avenue de la Republique;46,34532;2,59812
202300027997;23;1;2023;17:20;2;70;70120;1;1;8;6;pk 32 D4;47,702087;6,665702
202300027998;25;5;2023;19:00;1;94;94065;2;1;1;6;7 Rue Baltard;48,75823164;2,34674782
202300027999;15;4;2023;18:15;1;75;75120;2;1;1;2;PORTE DE BAGNOLET;48,863492;2,413409
202300028000;16;1;2023;05:50;3;66;66150;1;1;1;7;;42,404414;2,527027
202300028001;6;3;2023;14:20;1;33;33314;1;1;1;5;route d'artigues;45,192653;-0,77091
202300028002;25;5;2023;14:05;1;94;94073;2;3;1;3;Avenue de Fontainebleau / Rue des Alouettes;48,74785243;2,36931968
202300028003;17;1;2023;11:50;1;6;6059;1;1;1;1;tunnel du cap estel;43,720501;7,368827
202300028004;15;4;2023;17:00;1;75;75118;2;1;1;5;PORTE DE CLIGNANCOURT;48,901041;2,352764
202300028005;25;5;2023;11:50;1;94;94065;2;6;1;2;Avenue Charles Lindbergh / Rue des Halliers;48,75334406;2,34968752
202300028006;7;3;2023;13:15;1;89;89466;1;3;1;2;Route départementale 81;48,175176;3,180858
202300028007;19;1;2023;15:30;1;50;50273;1;3;3;6;Route de Carentan;49,305458;-1,427799
202300028008;14;4;2023;13:40;1;75;75112;2;1;2;3;PORTE DOREE;48,844051;2,413842
202300028009;23;1;2023;17:30;2;7;7214;1;1;8;3;Départementale 21;44,929914;4,582093
202300028010;25;5;2023;04:05;5;94;94077;2;1;1;6;59 Avenue Paul Painlevé;48,73958;2,41818
202300028011;7;3;2023;16:50;1;61;61168;1;1;1;1;D20 PR11+480;48,61664;-0,358643
202300028012;17;1;2023;07:40;5;27;27467;2;6;1;6;Rue du Président Georges Pompidou;49,350121;0,520574
202300028013;25;5;2023;08:00;1;93;93059;2;1;1;6;Avenue Elisée Reclus;48,95131823;2,35790793
202300028014;13;4;2023;23:45;5;75;75120;2;3;1;6;RUE DE BAGNOLET;48,858363;2,400705
202300028015;2;3;2023;07:50;2;61;61298;1;1;1;3;D958;48,764364;-0,049073
202300028016;23;1;2023;20:50;3;31;31395;1;1;1;2;A64;43,4812781;1,326213
202300028017;25;5;2023;12:50;1;93;93064;2;1;1;3;Rue de la Côte des Chênes;48,87162074;2,49556565
202300028018;24;1;2023;06:10;3;6;6149;1;1;1;6;A8 PK204.050 en chaussée SUD;43,741426;7,331926
202300028019;16;4;2023;18:30;1;75;75120;2;2;1;1;RUE SAINT FARGEAU;48,870772;2,399239
202300028020;25;5;2023;01:25;5;93;93055;2;1;1;3;Avenue Jean Jaurès;48,91645;2,40607
202300028021;7;3;2023;07:50;1;12;12068;2;4;1;3;baraque de combrouze;44,315343;2,304822
202300028022;18;1;2023;08:39;1;38;38064;1;1;2;5;A43;45,55974783;5,40382298
202300028023;16;4;2023;13:02;1;75;75119;2;1;1;7;BOULEVARD DE LA VILLETTE;48,879812;2,370433
202300028024;6;3;2023;18:20;1;34;34326;1;1;1;6;D907;43,387756;2,759371
202300028025;25;5;2023;16:55;1;93;93050;2;2;1;6;Place de la Résistance;48,85716088;2,53133308
202300028026;23;1;2023;13:30;1;29;29233;2;1;1;6;Rue Pasteur;47,868599;-3,548073
202300028027;16;4;2023;02:15;5;75;75117;2;3;1;6;AVENUE DE SAINT OUEN;48,895768;2,328328
202300028028;5;3;2023;16:50;1;39;39404;1;1;1;6;;46,696255;5,604983
202300028029;23;1;2023;21:45;3;2B;2B355;1;1;1;6;RT20;42,518025;9,400563
202300028030;25;5;2023;08:15;1;93;93050;2;3;1;6;Boulevard du Marechal Foch / Avenue Michel Debré;48,8541;2,51936
202300028031;23;1;2023;17:45;5;5;5052;2;1;3;6;Route de la Gare;44,671934;6,617943
202300028032;7;3;2023;07:00;1;25;25304;2;1;1;7;38 Rue du Commandant Rolland;47,452364;6,87573
202300028033;16;4;2023;15:15;1;75;75113;2;3;1;6;RUE DE L ESPERANCE;48,826018;2,347463
202300028034;25;5;2023;09:25;1;93;93031;2;3;1;3;Avenue du 18 Juin 1940 / Rue du Port;48,95226449;2,30725855
202300028035;24;1;2023;12:45;1;71;71275;1;1;1;1;D982;46,268864;4,034021
202300028036;16;4;2023;13:20;1;75;75111;2;3;1;2;AVENUE PARMENTIER;48,869995;2,37106
202300028037;18;1;2023;18:25;5;67;67300;2;1;2;6;Route Industrielle de la Hardt;48,536876;7,500604
202300028038;7;3;2023;22:00;3;3;3080;1;1;1;7;Route de Serbannes;46,104921;3,311037
202300028039;24;5;2023;16:30;1;93;93008;2;1;1;4;Avenue Paul Vaillant - Couturier;48,90977;2,44484
202300028040;24;1;2023;08:40;1;67;67438;1;1;1;7;D426;48,442405;7,590619
202300028041;24;1;2023;10:00;1;74;74243;2;1;1;6;Rue du général pacthod;46,143606;6,080452
202300028042;25;5;2023;19:05;1;93;93001;2;1;1;6;4 Rue Chapon;48,91561;2,3846
202300028043;16;4;2023;20:45;4;94;94041;2;2;1;1;35 Boulevard de Brandebourg;48,81456007;2,39684612
202300028044;18;2;2023;22:00;5;58;58095;2;1;1;7;Chemin du Port des Vignots;46,83747;3,473514
202300028045;16;1;2023;10:00;1;73;73211;1;1;4;6;D925;45,711364;6,438804
202300028046;24;5;2023;23:40;3;92;92078;2;3;1;6;HENRY BARBUSSE (RUE)(IMPAIRS);48,93608747;2,33389914
202300028047;7;3;2023;11:15;1;6;6151;1;1;1;6;M2565;43,895449;7,252876
202300028048;23;1;2023;08:30;1;17;17476;1;1;8;5;D19;45,365971;-0,438037
202300028049;15;4;2023;23:20;5;93;93071;2;3;1;1;Avenue Henri Barbusse / Rue de la Campagne;48,93451;2,53847
202300028050;6;3;2023;18:50;2;50;50419;1;1;8;6;Rue du Puits (Hérenguerville);48,981837;-1,508517
202300028051;21;1;2023;01:45;3;29;29042;1;1;1;6;route de Treyer;48,255884;-4,484417
202300028052;25;5;2023;12:10;1;92;92064;2;1;1;6;DIX-HUI JUIN;48,850079;2,221851
202300028053;16;4;2023;14:56;1;93;93070;2;2;1;2;Rue Charles Schmidt / Avenue Gabriel Péri;48,90603437;2,33227462
202300028054;7;3;2023;12:45;1;85;85084;1;2;1;3;RD60;46,773738;-1,156676
202300028055;24;1;2023;18:00;2;60;60360;1;1;1;1;Avenue Louis Aragon;49,33093179;2,45700475
202300028056;23;1;2023;05:30;3;94;94034;1;1;1;6;A86;48,75630157;2,33994087
202300028057;25;5;2023;09:30;1;92;92044;2;2;1;3;BAUDIN (RUE)85 + ET 86+;48,89894;2,28768
202300028058;16;4;2023;11:00;1;93;93070;2;3;1;3;Rue Charles Schmidt / Rue Mathieu;48,90308583;2,33398184
202300028059;6;3;2023;19:20;3;27;27100;1;1;1;4;Route de Beuzeville;49,354434;0,384355
202300028060;25;5;2023;09:45;1;92;92044;2;2;1;6;PDT WILSON(RUE)107A131 ET 110A130;48,89643344;2,28658587
202300028061;21;1;2023;20:00;5;93;93006;1;1;1;2;AUTOROUTE A3;48,86627623;2,41437177
202300028062;21;1;2023;13:40;1;93;93078;1;1;8;2;AUTOROUTE A104;48,962;2,54627
202300028063;7;3;2023;18:00;1;28;28386;1;1;1;1;D939;48,565206;1,262012
202300028064;25;5;2023;10:33;1;92;92040;2;4;1;6;VICTOR HUGO (ROND-POINT);48,82790573;2,27404207
202300028065;16;4;2023;15:30;1;93;93066;2;1;1;2;Avenue du Président Wilson;48,9047578;2,35824189
202300028066;25;5;2023;09:40;1;92;92036;2;1;1;6;LENINE (AVENUE);48,93297771;2,28481025
202300028067;21;2;2023;19:30;3;19;19176;1;1;1;6;A89;45,412099;2,02053
202300028068;13;11;2023;15:41;1;75;75110;2;4;2;6;BOULEVARD DE MAGENTA;48,88198545;2,35101905
202300028069;23;1;2023;18:40;3;94;94074;1;1;1;4;N406;48,7647343;2,4621159
202300028070;24;5;2023;18:18;1;92;92025;2;1;1;6;AUDRA (AV);48,928049;2,250937
202300028071;24;2;2023;19:20;3;72;72031;1;1;1;6;autoroute A 11 pk 145+400;48,087425;0,503697
202300028072;16;4;2023;15:15;1;93;93064;2;1;1;6;Rue du 4e Zouave;48,87251603;2,47679215
202300028073;13;11;2023;17:25;5;94;94052;2;1;2;2;Boulevard de Strasbourg;48,842797;2,484977
202300028074;25;5;2023;16:30;1;92;92024;2;1;1;3;HUIT MAI 1945 (RUE DU);48,89830608;2,31010348
202300028075;7;3;2023;10:40;1;6;6004;1;1;1;2;Autoroute A8 - Chaussée Sud;43,602475;7,078092
202300028076;16;4;2023;17:20;1;93;93049;2;2;1;3;Avenue Georges Clémenceau / Rue Félix Faure;48,86513907;2,50559387
202300028077;12;11;2023;18:55;5;94;94073;2;9;2;3;Avenue de Versailles;48,7613;2,40323
202300028078;25;5;2023;13:30;1;92;92024;2;2;1;3;MARTRE DE (4 A 54);48,900933;2,308013
202300028079;1;3;2023;08:40;1;6;6088;1;1;1;4;A8, PK 193+300, CHAUSSÉE NORD;43,720591;7,215893
202300028080;13;11;2023;12:10;1;94;94069;2;1;2;2;Avenue Saint Maurice du Valais;48,81498;2,46293
202300028081;16;4;2023;01:00;5;93;93032;2;1;1;7;Rue Hippolyte Pina;48,87113346;2,54366755
202300028082;25;5;2023;09:00;1;92;92024;2;9;1;7;JEAN JAURES (BD) DE 47 A 109)   (56 A 14;48,90079744;2,30552897
202300028083;7;3;2023;23:10;3;51;51480;1;1;2;2;A4;49,147215;3,646291
202300028084;16;4;2023;04:15;5;92;92073;2;1;1;3;SELLIER (BOULEVARD HENRI);48,86447654;2,21887533
202300028085;25;5;2023;18:35;1;92;92004;2;1;1;2;VOLTAIRE ( BD );48,91796;2,28434
202300028086;13;11;2023;20:45;5;93;93071;2;1;1;3;Avenue John Fitzgerald Kennedy;48,93893767;2,51300723
202300028087;25;5;2023;20:45;1;80;80095;1;1;1;7;D114;50,093681;2,560772
202300028088;16;4;2023;11:00;1;92;92064;2;1;1;6;MARCEL DASSAULT;48,85731088;2,22348154
202300028089;13;11;2023;18:45;5;93;93010;2;1;2;2;Avenue Galliéni;48,906166;2,481345
202300028090;8;3;2023;13:30;1;988;98827;1;3;1;3;Chemin privé/RT1;-21,32357;165,12482
202300028091;26;5;2023;07:21;1;51;51647;1;3;1;3;D982;48,738921;4,617549
202300028092;13;11;2023;01:23;5;93;93057;2;2;2;3;Avenue Aristide Briand / Allée des Archers;48,909766;2,507322
202300028093;26;5;2023;13:00;1;973;97362;2;1;1;6;Rue du Gran Man Awinsai;3,806984;-54,149267
202300028094;7;3;2023;12:00;1;988;98826;1;1;1;7;Lieu dit Barabach - RPN1;-20,29412;164,166437
202300028095;16;4;2023;18:40;3;974;97415;1;1;1;4;N1;-20,971122;55,298814
202300028096;24;5;2023;12:25;1;49;49092;1;1;1;2;D160;47,22762;-0,723435
202300028097;13;11;2023;20:35;5;93;93005;2;5;8;3;Rue de la Division Leclerc / Rue Turgot;48,927733;2,483297
202300028098;13;11;2023;08:40;1;93;93001;2;1;2;6;Rue Charron;48,914599;2,385009
202300028099;26;5;2023;11:00;1;44;44041;1;1;1;1;;47,09401;-1,556472
202300028100;6;3;2023;17:30;1;66;66164;1;1;1;2;;42,778967;2,903261
202300028101;13;11;2023;09:15;1;92;92078;2;1;2;3;BONGARDE (RUE);48,92665923;2,32069659
202300028102;25;5;2023;19:30;1;28;28061;1;1;1;1;D955;48,216752;1,139188
202300028103;6;3;2023;10:20;1;83;83066;1;1;1;2;Route de Vinon;43,684803;5,840017
202300028104;13;11;2023;19:56;5;92;92072;2;1;2;7;GRANDE RUE;48,8269927;2,22160488
202300028105;13;11;2023;07:35;2;92;92050;2;3;2;6;FONTANOT PLACE DES TROIS;48,8961285;2,22055078
202300028106;24;5;2023;11:10;1;63;63399;1;1;1;6;Lieu Dit Chez Lanna;45,643611;2,614438
202300028107;14;2;2023;09:21;1;73;73050;1;1;1;1;D1504 - Route du tunnel;45,68731;5,844651
202300028108;13;11;2023;20:20;5;92;92040;2;2;2;6;VAUDETARD;48,82602722;2,27781951
202300028109;24;5;2023;18:55;1;59;59653;1;3;1;1;M145b;50,582678;2,908679
202300028110;13;11;2023;08:00;2;92;92040;2;1;2;7;VICTOR HUGO;48,82641334;2,2755821
202300028111;21;5;2023;19:45;3;974;97413;1;1;1;7;283 Route Hubert Delisle;-21,177156;55,328043
202300028112;3;3;2023;07:30;2;72;72154;2;1;1;3;Avenue Rhin-et-Danube;47,70169;-0,082795
202300028113;13;11;2023;11:05;1;92;92036;2;1;2;6;JEAN GRANDEL (PLACE);48,93290577;2,2963893
202300028114;6;3;2023;13:45;1;27;27287;1;1;1;7;D830;48,973576;0,995185
202300028115;24;5;2023;14:15;1;34;34123;1;1;1;2;N109;43,605964;3,811316
202300028116;13;11;2023;15:40;1;92;92012;2;1;2;1;CHATEAU (RUE DU) 1/125 - 2/136;48,84211843;2,23946071
202300028117;16;5;2023;20:00;1;62;62234;1;1;1;6;D340;50,302296;2,188806
202300028118;25;5;2023;23:55;3;62;62068;1;1;1;7;D919;50,16857667;2,72682558
202300028119;7;3;2023;18:07;1;13;13202;1;1;2;3;A55-Sens Martigues vers Marseille;43,312345;5,366788
202300028120;12;11;2023;21:45;5;92;92002;2;1;2;2;RAYMON ARON (AVENUE);48,76836045;2,31094551
202300028121;24;5;2023;18:20;1;56;56126;1;1;1;3;Pont de Kerroc;47,527808;-2,320325
202300028122;13;11;2023;20:20;5;62;62447;2;3;3;6;D928;50,37767699;2,03476411
202300028123;6;3;2023;20:25;5;69;69259;1;1;1;5;Boulevard Périphérique Laurent Bonnevay;45,72279;4,88906
202300028124;25;5;2023;17:00;1;56;56164;1;3;1;3;Belma;47,66082188;-2,84075796
202300028125;13;11;2023;07:30;2;84;84037;1;1;1;1;pk 4 D17;44,043744;4,848088
202300028126;26;5;2023;16:30;1;65;65031;1;1;1;1; Route de Lannemezan;42,921502;0,363836
202300028127;5;3;2023;05:00;3;59;59530;1;1;2;5;AUTOROUTE A2;50,43839722;3,6663426
202300028128;13;11;2023;17:35;3;1;1075;1;1;2;1;Chemin de Briandas;46,020456;4,789967
202300028129;7;3;2023;09:35;1;94;94003;1;1;1;2;A6A;48,8128373;2,3365056
202300028130;13;11;2023;12:13;1;37;37008;1;1;2;6;autoroute A85;47,29691819;0,93188524
202300028131;26;5;2023;08:06;1;71;71484;1;2;1;3;D178;46,680857;5,240146
202300028132;13;11;2023;00:00;3;62;62784;1;1;2;6;D23E1;50,21392371;2,54286861
202300028133;7;3;2023;01:50;4;92;92050;1;1;1;2;A86;48,91244561;2,21780957
202300028134;26;5;2023;13:00;1;71;71392;2;3;7;2;Carrefour D981/Place salle des fetes;46,655282;4,683917
202300028135;14;11;2023;15:29;1;34;34077;1;1;1;1;Avenue du Martinet;43,649321;3,884064
202300028136;23;5;2023;15:00;1;71;71543;2;1;1;3;D215;46,570176;4,885955
202300028137;6;3;2023;07:10;2;78;78490;1;1;1;4;RN12 INT;48,800647;1,954138
202300028138;6;3;2023;08:05;1;92;92063;1;1;1;7;A86 DUPLEX;48,87145721;2,15725696
202300028139;26;5;2023;18:30;1;89;89232;1;1;1;2;;47,545344;3,906927
202300028140;13;11;2023;12:15;1;51;51211;1;3;2;4;D3;49,071736;4,820836
202300028141;7;3;2023;17:00;1;94;94069;1;1;1;2;A4;48,81745795;2,41989569
202300028142;3;3;2023;15:30;1;75;75115;2;2;1;6;RUE OLIVIER DE SERRES;48,834482;2,295678
202300028143;26;5;2023;11:15;1;12;12133;2;1;1;6;6 Route de la Fontal;44,31474;2,554552
202300028144;14;11;2023;07:20;3;59;59159;1;1;8;5;D300;50,968118;2,228995
202300028145;5;3;2023;19:10;5;75;75105;2;3;1;7;BOULEVARD SAINT MICHEL;48,848322;2,34153
202300028146;24;5;2023;11:30;1;42;42230;2;9;1;6;50 Rue Pasteur;45,83079011;4,01489232
202300028147;14;11;2023;11:50;1;79;79322;1;1;2;7;N/A;46,612238;-0,289335
202300028148;6;3;2023;09:30;1;75;75120;2;2;1;7;RUE DURIS;48,865742;2,387548
202300028149;25;5;2023;06:35;1;42;42289;2;2;7;3;Route de Régny;45,950669;4,206675
202300028150;14;11;2023;07:30;2;82;82189;2;1;5;6;14 Rue de Moissac;44,189109;1,281667
202300028151;6;3;2023;10:08;1;75;75119;2;1;1;3;BOULEVARD DE LA VILLETTE;48,879798;2,370502
202300028152;23;5;2023;17:30;1;46;46185;1;1;1;2;Lieu Dit le Treil;44,934505;1,596794