Num_Acc;jour;mois;an;hrmn;lum;dep;com;agg;int;atm;col;adr;lat;long
202300028153;6;3;2023;08:55;1;75;75119;2;2;1;3;RUE D AUBERVILLIERS;48,895278;2,371979
202300028154;25;5;2023;09:20;1;34;34219;2;1;1;6;D908;43,528638;2,83428
202300028155;13;11;2023;17:50;3;11;11220;1;1;1;6;D57;43,214294;2,536726
202300028156;6;3;2023;19:20;5;75;75115;2;3;1;2;RUE LECOURBE;48,843762;2,306555
202300028157;22;5;2023;18:00;1;22;22085;1;1;1;6;ar poul;48,82591685;-3,18543077
202300028158;14;11;2023;08:00;2;89;89382;2;1;2;7;Route de Brienon;47,9109;3,6017
202300028159;5;3;2023;12:30;1;75;75115;2;3;1;2;RUE DE VAUGIRARD;48,840895;2,305895
202300028160;20;5;2023;16:35;1;22;22221;1;1;1;3;D74;48,786311;-3,283603
202300028161;14;11;2023;09:25;1;86;86148;1;2;3;3;D741;46,426473;0,378768
202300028162;6;3;2023;18:00;2;75;75111;2;2;1;3;BOULEVARD DE BELLEVILLE;48,870744;2,378114
202300028163;25;5;2023;16:52;1;2;2341;1;1;1;1;;49,821341;3,857773
202300028164;13;11;2023;17:25;2;34;34150;2;1;1;6;Promenade de la Belle Scribote;43,346364;3,531337
202300028165;6;3;2023;15:40;1;75;75111;2;2;8;2;RUE DE CHARONNE;48,855113;2,387127
202300028166;26;5;2023;17:20;1;70;70228;2;3;1;1;Rue des Glacis;47,766013;6,104847
202300028167;8;11;2023;07:18;1;34;34130;1;2;1;5;Intersection D909 / D136;43,520917;3,188921
202300028168;26;5;2023;16:15;1;66;66167;1;1;1;1;;42,467681;2,034682
202300028169;6;3;2023;09:05;1;75;75109;2;2;1;3;RUE DROUOT;48,874086;2,340722
202300028170;26;5;2023;04:45;3;66;66053;1;1;1;7;;42,518176;3,070217
202300028171;30;10;2023;13:50;1;25;25564;1;1;2;3;D12;47,186358;5,887985
202300028172;26;5;2023;15:00;1;14;14086;1;1;1;2;6 Route de Pont-l'Evêque;49,333453;0,113334
202300028173;5;3;2023;15:20;1;75;75104;2;2;1;1;RUE SAINT ANTOINE;48,853943;2,364717
202300028174;26;5;2023;01:45;3;14;14143;1;1;1;6;D71;49,092164;-0,787346
202300028175;26;5;2023;13:45;1;60;60444;1;9;1;6;D150;49,629484;1,776938
202300028176;6;3;2023;16:05;1;94;94067;2;1;8;6;Avenue du Général de Gaulle;48,83779008;2,41787276
202300028177;14;11;2023;11:55;1;38;38347;1;1;1;1;D20;45,261691;5,219718
202300028178;22;5;2023;13:32;1;45;45182;1;1;1;2;D15 PR 20 + 200;47,703802;1,791378
202300028179;6;3;2023;18:15;1;93;93048;2;3;1;3;Rue de Vincennes / Rue des Meuniers;48,85098301;2,43442789
202300028180;13;11;2023;15:10;1;45;45272;1;1;3;2;D2020;47,813126;1,928487
202300028181;6;3;2023;17:20;1;93;93048;2;1;1;6;125 Rue de Paris;48,85635875;2,42667362
202300028182;26;5;2023;17:47;1;64;64152;1;3;1;1;Route de Pau;43,336927;-0,328174
202300028183;12;11;2023;19:15;3;27;27103;2;6;2;3;Rue du Docteur Duvrac;49,360097;0,817033
202300028184;6;3;2023;13:45;1;93;93014;2;1;1;2;8 Avenue de Sévigné;48,912854;2,54429
202300028185;24;5;2023;18:40;1;53;53036;1;4;1;3;le coin;47,895075;-0,500264
202300028186;24;5;2023;02:00;3;53;53141;1;1;1;7;D57 PK23G+100;48,06548;-0,632452
202300028187;13;11;2023;20:00;5;37;37211;2;1;2;1;31 Grand Rue;47,223346;0,773404
202300028188;6;3;2023;13:50;1;93;93047;2;1;1;4;Rue Henri Barbusse;48,900594;2,568029
202300028189;14;11;2023;14:10;1;68;68375;2;1;3;7;44 Rue Pasteur;47,785349;7,215762
202300028190;26;5;2023;12:15;1;27;27426;1;3;1;1;D10;49,272992;1,716329
202300028191;5;3;2023;13:00;1;93;93001;2;1;1;6;Avenue de la République;48,9097265;2,3860918
202300028192;25;5;2023;18:07;1;28;28206;1;3;1;3;D134.1;48,686923;1,201748
202300028193;5;3;2023;10:30;1;92;92050;2;1;1;3;SARTROUVILLE RUE DE;48,91343;2,21886
202300028194;14;11;2023;15:00;1;31;31107;1;1;1;4;autoroute A64;43,324335;1,225276
202300028195;26;5;2023;13:30;1;87;87205;1;3;1;3;le boudaud;45,77583;1,289113
202300028196;6;3;2023;10:30;1;33;33162;1;1;1;5;ROCADE A 630;44,87958419;-0,62763423
202300028197;14;11;2023;15:26;1;31;31107;1;1;1;4;235+550;43,317622;1,213861
202300028198;24;5;2023;20:05;1;78;78571;1;1;1;1;chemin départemental 74;48,856703;2,002065
202300028199;6;3;2023;15:50;1;92;92060;1;1;1;2;RN 385 Extèrieure;48,77442413;2,24051438
202300028200;26;5;2023;19:35;1;6;6079;1;1;1;6;A8 PK 158+500;43,558069;6,951792
202300028201;13;11;2023;12:20;1;3;3193;1;1;2;3;A 71- PK 282+200;46,509724;2,627819
202300028202;6;3;2023;08:56;1;94;94003;1;1;1;3;A6A;48,80243756;2,34202217
202300028203;26;5;2023;07:00;1;6;6149;1;1;1;2;A8 Pk 202.600 chaussée sud;43,738422;7,32419
202300028204;12;11;2023;08:55;1;1;1228;1;1;2;6;Echangeur A40-A404 (Embranchement d'autoroute);46,136713;5,536766
202300028205;25;5;2023;18:45;1;51;51571;1;1;1;2;A4 pk 153.800;49,161642;4,191628
202300028206;13;11;2023;18:15;3;78;78571;1;1;8;3;307;48,862094;1,994064
202300028207;6;3;2023;08:35;1;91;91589;1;1;1;4;AUTOROUTE A6;48,67996;2,3327
202300028208;6;3;2023;06:30;3;91;91521;1;1;1;6;AUTOROUTE A6 ;48,63547;2,40101
202300028209;26;5;2023;16:05;1;69;69072;2;1;1;1;Chemin des Hirondelles;45,80498;4,76274
202300028210;13;11;2023;21:14;3;90;90097;1;1;3;5;Autoroute A36;47,569645;6,857281
202300028211;13;11;2023;20:35;5;68;68118;1;1;2;6;Route Départementale 201;47,739978;7,416001
202300028212;6;3;2023;18:40;5;93;93048;1;1;1;3;AUTOROUTE A86;48,86544542;2,48185307
202300028213;25;5;2023;21:40;5;988;98817;2;3;2;1;RPS1 à hauteur Zone artisanale de la Coulée/Rue Gaëtan BRINI;-22,23697;166,5999
202300028214;6;3;2023;17:00;1;95;95212;1;1;1;2;A1;49,029551;2,538581
202300028215;25;5;2023;08:40;1;972;97228;1;1;1;3;RN 1 - ANCIENNE TANNERIE;14,800318;-61,006522
202300028216;13;11;2023;18:10;2;13;13025;1;1;1;1;quartier les REYS;43,490568;5,575111
202300028217;5;3;2023;11:05;1;95;95306;1;1;1;6; A15;49,00831775;2,1595595
202300028218;26;5;2023;05:30;2;18;18207;1;1;1;1;;47,008997;2,273741
202300028219;4;3;2023;21:10;3;93;93027;1;1;1;6;AUTOROUTE A86;48,92630539;2,40132558
202300028220;26;5;2023;08:30;1;78;78380;2;3;1;6;10 Rue d?Orléans;48,908569;1,851078
202300028221;14;11;2023;13:15;1;78;78655;1;1;2;3;D906;48,657903;1,901557
202300028222;5;3;2023;04:50;3;93;93005;1;1;1;2;AUTOROUTE A3;48,96594;2,47671
202300028223;25;5;2023;02:00;3;83;83107;2;1;1;3;Route de la Bouverie;43,467129;6,657141
202300028224;6;3;2023;09:55;1;94;94028;1;1;1;5;A86;48,80103887;2,4472408
202300028225;13;11;2023;15:05;1;34;34199;1;2;1;3;Chemin de Castres;43,471453;3,41619
202300028226;26;5;2023;16:15;1;21;21371;1;1;1;1;D31;47,129776;5,359676
202300028227;10;11;2023;06:50;3;83;83112;1;1;2;6;route de bandol;43,16373;5,719392
202300028228;25;5;2023;15:50;1;67;67188;1;1;1;7;Route Nationale;48,534036;7,379095
202300028229;6;3;2023;08:20;1;94;94017;1;1;1;5;A4;48,82678408;2,51416833
202300028230;26;5;2023;18:54;1;54;54437;1;1;1;6;D115B;48,55166;6,12449
202300028231;6;3;2023;07:20;5;94;94052;1;1;1;2;A86 ;48,83441554;2,49343043
202300028232;25;5;2023;14:00;1;38;38374;1;3;1;3;D522;45,660928;5,323694
202300028233;13;11;2023;18:15;3;89;89037;1;1;3;4;A6 pk 132+100;47,9192;3,2865
202300028234;6;3;2023;07:00;2;93;93051;1;1;1;4;A4;48,83620546;2,5559632
202300028235;13;5;2023;15:40;1;38;38035;1;2;1;2;520 Route de Vienne;45,498963;5,088773
202300028236;13;11;2023;17:45;5;67;67544;2;1;2;6;Allee des Peupliers;49,029863;7,958329
202300028237;2;3;2023;21:00;5;973;97302;2;1;1;3;MANGO (ROUTE);4,9319;-52,31776
202300028238;23;5;2023;17:35;1;26;26196;1;1;1;1;Route de Lorient;44,867854;4,919279
202300028239;12;11;2023;02:00;5;42;42056;2;3;2;6;Route Departementale 1086;45,438284;4,74689
202300028240;5;3;2023;05:09;5;69;69387;2;2;1;3;Avenue Berthelot;45,74778;4,83361
202300028241;26;5;2023;12:10;1;7;7042;1;1;7;5;D86;44,372544;4,647893
202300028242;5;3;2023;11:55;1;69;69382;2;1;1;6;12 Rue Neuve;45,76519728;4,83507543
202300028243;14;11;2023;08:50;1;42;42299;2;6;2;3;Rue de Lyon;45,6080405;4,08813919
202300028244;25;5;2023;09:30;1;86;86123;1;2;1;3;D21;46,585139;0,110357
202300028245;14;11;2023;09:00;1;7;7324;2;1;1;6;Quai Farconnet;45,069065;4,829612
202300028246;5;3;2023;13:10;1;91;91589;2;2;1;3;AV DES ECOLES;48,686945;2,352698
202300028247;25;5;2023;23:45;3;33;33366;1;1;1;6;D669;45,01034069;-0,46570416
202300028248;14;11;2023;11:35;1;69;69296;1;3;1;1;Route Départementale 307;45,647352;4,856279
202300028249;25;5;2023;19:00;1;33;33080;1;1;1;2;347 Avenue de Toulouse;44,756101;-0,552042
202300028250;5;3;2023;19:15;5;81;81004;2;3;1;3;THOMAS (AV ALBERT);43,939638;2,148318
202300028251;13;11;2023;19:00;3;69;69249;1;1;1;6;La Durantiere;45,67167281;4,60691264
202300028252;25;5;2023;09:45;1;33;33422;2;6;1;3;Avenue de Bordeaux;44,809571;-0,775051
202300028253;30;10;2023;21:40;3;47;47157;2;1;1;6;Route de Laubaney;44,483509;0,155118
202300028254;25;5;2023;20:30;2;22;22178;1;3;1;3;d21;48,696081;-3,025017
202300028255;5;3;2023;15:20;1;69;69282;2;8;1;3;38 Avenue du Carreau;45,77271;4,99028
202300028256;12;11;2023;18:35;5;33;33449;1;6;1;3;Déviation du Taillan-Médoc - D1215E1;44,90494514;-0,74586332
202300028257;26;5;2023;17:45;1;60;60107;1;1;1;2;D1016;49,37363197;2,4357103
202300028258;5;3;2023;13:00;1;69;69266;2;3;1;3;Rue de l'Espoir;45,78108;4,88234
202300028259;10;11;2023;22:14;5;33;33280;1;3;2;3;D937;45,1664;-0,617228
202300028260;18;5;2023;04:15;3;13;13056;1;1;1;4;A55-Sens Marseille vers Martigues;43,3986;5,0858
202300028261;5;3;2023;07:25;2;69;69266;2;2;1;3;Cours de la République;45,7697;4,87371
202300028262;14;11;2023;08:00;3;61;61074;1;1;2;1;D908;48,573816;-0,16093
202300028263;25;5;2023;07:50;1;13;13071;1;1;3;4;A7-Sens Marseille vers Lyon;43,40477;5,34026
202300028264;10;11;2023;18:30;5;14;14047;2;1;2;1;1 Rue Saint Quentin;49,281486;-0,696639
202300028265;23;2;2023;13:25;1;59;59021;2;3;1;6;BOUSSOIS (ROUTE DE);50,28852;4,01706
202300028266;21;5;2023;19:20;1;67;67447;1;1;1;6;M35;48,60321;7,73024
202300028267;9;11;2023;09:05;1;27;27070;1;1;1;1;RD 6014;49,292354;1,474539
202300028268;4;3;2023;15:30;1;44;44109;2;1;1;1;Boulevard du Massacre;47,222539;-1,602686
202300028269;12;11;2023;21:20;3;60;60355;1;1;1;6;N31;49,41208634;2,20560408
202300028270;25;5;2023;17:45;1;94;94021;1;1;1;3;A6A;48,76849278;2,34465162
202300028271;4;3;2023;17:10;1;42;42218;2;1;1;3;Rue des Docteurs Charcot;45,41837;4,393
202300028272;10;11;2023;16:40;1;69;69259;1;1;1;2;Boulevard Périphérique Laurent Bonnevay;45,71799;4,86651
202300028273;25;5;2023;17:27;1;91;91553;1;1;1;2;RN 104;48,63025;2,48593
202300028274;4;3;2023;10:50;1;34;34172;2;1;1;6;Rue de la Madeleine;43,58303;3,860631
202300028275;13;11;2023;07:50;1;69;69271;1;1;2;6;Route Départementale 302;45,75057;4,98504
202300028276;13;11;2023;01:20;3;42;42218;1;1;2;6;A72;45,440788;4,43201
202300028277;25;5;2023;14:21;1;78;78007;1;1;1;4;A13W;48,89707;2,006425
202300028278;5;3;2023;18:30;1;33;33063;2;3;1;3;Cours Victor Hugo;44,83496639;-0,57204679
202300028279;8;11;2023;15:25;1;57;57206;1;1;1;2;Autoroute A30;49,30607;6,12694
202300028280;5;3;2023;18:15;2;30;30243;1;1;1;1;Montée des Cyprès;44,10089;4,08126
202300028281;25;5;2023;11:15;1;92;92047;1;1;1;3;A13;48,83444245;2,17035024
202300028282;13;11;2023;19:55;4;33;33281;1;1;1;6;ROCADE A 630;44,83649689;-0,67635655
202300028283;25;5;2023;08:00;1;78;78362;1;1;1;2;A13;48,977214;1,714992
202300028284;5;3;2023;09:40;1;30;30007;2;3;1;3;Montée de Silhol;44,12751;4,09629
202300028285;9;9;2023;10:40;1;6;6088;2;1;1;6;DELFINO (BD GENERAL);43,705388;7,284645
202300028286;13;11;2023;18:01;2;33;33065;1;1;2;4;ROUTE NATIONALE 230;44,81128591;-0,52212685
202300028287;25;5;2023;07:05;1;78;78029;1;1;1;2;A13W;48,967012;1,854769
202300028288;4;9;2023;08:40;2;3;3321;2;7;7;6;FERRY (PLACE JULES);46,56617;3,3536
202300028289;9;11;2023;20:15;3;62;62528;1;1;2;7;A21;50,44050212;2,77754155
202300028290;24;2;2023;04:15;5;13;13211;2;1;2;1;EMMANUEL ALLARD (RUE);43,28997198;5,44059195
202300028291;8;9;2023;18:55;1;75;75112;2;1;1;6;PORTE DE VINCENNES;48,844051;2,413842
202300028292;25;5;2023;16:30;1;93;93007;1;1;1;5;AUTOROUTE A1;48,94736;2,44359
202300028293;5;3;2023;03:45;5;13;13211;2;1;1;3;POMME (BOULEVARD DE LA );43,2921365;5,44919436
202300028294;13;11;2023;16:15;1;91;91521;1;1;1;3;RN 104;48,62754;2,3995
202300028295;7;9;2023;16:05;1;75;75118;2;1;1;3;PORTE DE CLIGNANCOURT;48,900868;2,342645
202300028296;25;5;2023;05:20;5;93;93066;1;1;1;2;AUTOROUTE A86;48,92208986;2,35860909
202300028297;5;3;2023;14:25;1;13;13205;2;1;1;3;JEAN MOULIN (BOULEVARD);43,28859021;5,40022641
202300028298;13;11;2023;06:50;4;91;91521;1;1;2;5;RN 104;48,63567;2,40165
202300028299;5;3;2023;06:40;1;13;13204;2;1;1;6;FRANÇOISE DUPARC (BOULEVARD);43,30142;5,40094
202300028300;9;9;2023;16:50;1;75;75119;2;1;1;6;RUE DE CRIMEE;48,89139;2,375924
202300028301;24;5;2023;23:40;3;93;93007;1;1;1;2;AUTOROUTE A3;48,94376249;2,47766197
202300028302;4;3;2023;19:40;2;13;13047;1;1;1;3;D 10;43,59284;4,96695
202300028303;13;11;2023;08:30;1;78;78646;1;1;2;2;RN12;48,789607;2,126618
202300028304;24;5;2023;19:10;1;93;93006;1;1;1;4;AUTOROUTE A3;48,86765;2,42752
202300028305;9;9;2023;13:26;1;75;75119;2;3;1;6;AVENUE JEAN JAURES;48,888775;2,393104
202300028306;12;11;2023;23:16;3;92;92025;1;1;2;6;A86;48,93542176;2,2605831
202300028307;24;5;2023;18:20;1;93;93027;1;1;1;3;AUTOROUTE A86;48,92568;2,39782
202300028308;9;9;2023;12:30;1;75;75118;2;1;1;6;RUE CAULAINCOURT;48,885086;2,330293
202300028309;4;3;2023;10:30;1;95;95527;1;1;8;5;Aeroport Charles de Gaulle;49,011;2,55239
202300028310;13;11;2023;16:30;2;93;93027;1;1;2;6;AUTOROUTE A86;48,92648671;2,40257539
202300028311;24;5;2023;18:00;1;93;93006;1;1;1;2;AUTOROUTE A3;48,86577158;2,41749625
202300028312;13;11;2023;12:00;1;95;95018;1;1;2;6;A15;48,95871451;2,27421284
202300028313;8;9;2023;23:25;5;75;75117;2;3;1;3;AVENUE DE WAGRAM;48,876294;2,296859
202300028314;4;3;2023;05:50;5;75;75117;2;1;1;5;PORTE DE SAINT OUEN;48,899311;2,31838
202300028315;24;5;2023;14:00;1;92;92036;1;1;1;3;AUTOROUTE A15;48,93788866;2,29766722
202300028316;13;11;2023;09:25;1;93;93005;1;1;2;3;AUTOROUTE A104;48,97165;2,49617
202300028317;3;3;2023;21:05;2;75;75112;2;1;1;3;BD PERIPHERIQUE EXTERIEUR PORTE DE VINCENNES;48,845831;2,414445
202300028318;9;9;2023;13:30;1;75;75115;2;3;1;6;RUE DU COMMERCE;48,84558;2,294663
202300028319;24;5;2023;11:30;1;93;93063;1;1;1;2;AUTOROUTE A3;48,87669083;2,44286735
202300028320;13;11;2023;05:00;3;93;93027;1;1;2;6;A16;48,93263;2,40321
202300028321;3;3;2023;18:00;5;75;75118;2;1;1;4;BD PERIPHERIQUE EXTERIEUR PORTE DE LA CHAPELLE;48,900899;2,361608
202300028322;24;5;2023;12:00;1;94;94069;1;1;1;4;A4;48,81761421;2,41995748
202300028323;8;9;2023;09:30;1;75;75115;2;2;1;2;RUE DE LA FEDERATION;48,853798;2,294168
202300028324;4;3;2023;11:30;1;75;75116;2;1;1;2;AVENUE DE NEW YORK;48,86274088;2,29442328
202300028325;12;11;2023;22:41;3;93;93078;1;1;2;3;AUTOROUTE A104;48,96179;2,52377
202300028326;9;9;2023;19:40;2;75;75110;2;7;1;7;PLACE FRANZ LISZT;48,87807278;2,35129175
202300028327;13;11;2023;08:45;1;77;77249;1;1;2;3;RN104;48,72828524;2,60506736
202300028328;24;5;2023;09:00;1;77;77251;1;1;1;4;RN104;48,645136;2,546884
202300028329;5;3;2023;20:00;5;75;75115;2;2;1;3;RUE DE VOUILLE;48,835388;2,302782
202300028330;9;9;2023;00:15;5;75;75109;2;1;1;2;BOULEVARD HAUSSMANN;48,872472;2,336651
202300028331;9;1;2023;15:50;1;44;44055;2;1;1;6;38 Boulevard du Docteur René Dubois;47,28022;-2,38098
202300028332;13;11;2023;07:50;1;77;77083;1;1;8;3;A4.W;48,83120762;2,60505058
202300028333;5;3;2023;01:35;5;75;75112;2;9;1;6;AVENUE DU TREMBLAY;48,827269;2,464363
202300028334;12;11;2023;22:00;3;94;94073;1;1;3;6;A86;48,768846;2,37919993
202300028335;9;9;2023;01:25;5;75;75107;2;1;1;1;QUAI VOLTAIRE;48,858989;2,330984
202300028336;24;5;2023;13:15;1;91;91286;2;2;1;3;JEAN-JACQUES ROUSSEAU (RUE);48,64789;2,37952
202300028337;12;11;2023;03:50;5;94;94052;1;1;3;4;A86;48,83259993;2,49223714
202300028338;24;5;2023;09:25;1;75;75112;2;2;1;6;BOULEVARD DE LA BASTILLE;48,84584;2,367634
202300028339;9;9;2023;16:11;1;94;94015;2;1;1;4;Avenue du Général Leclerc;48,83352;2,51938
202300028340;24;5;2023;11:08;1;94;94076;2;1;1;6;Avenue Paul Vaillant-couturier;48,794765;2,363775
202300028341;9;9;2023;09:00;1;94;94041;2;8;1;6;Boulevard de Stalingrad;48,80378;2,3776
202300028342;5;3;2023;09:41;1;75;75103;2;3;1;3;BOULEVARD BEAUMARCHAIS;48,860983;2,367238
202300028343;9;4;2023;17:50;1;14;14040;2;2;1;3;34 Route Baron Gérard;49,2748545;-0,74862271
202300028344;9;9;2023;19:10;1;94;94028;2;9;7;6;Place Salvador Allende;48,779187;2,453035
202300028345;20;5;2023;13:30;1;62;62842;2;1;1;6;Boulevard de la République;50,45219;2,84486
202300028346;5;3;2023;05:05;5;75;75104;2;3;1;6;QUAI HENRI IV;48,848912;2,362551
202300028347;10;11;2023;18:45;5;59;59599;2;1;1;6;DRON (AVENUE GUSTAVE);50,71906;3,16334
202300028348;9;9;2023;17:10;1;94;94028;2;8;1;2;Route de Choisy;48,788694;2,451733
202300028349;24;5;2023;06:00;3;974;97416;2;6;2;3;PRESIDENT MITTERAND(AVENUE);-21,34712;55,49092
202300028350;4;3;2023;03:56;5;75;75103;2;2;1;3;RUE DE TURBIGO;48,865456;2,355997
202300028351;9;9;2023;13:00;1;94;94077;2;9;1;2;Cours de Verdun;48,740498;2,408996
202300028352;11;11;2023;11:37;1;988;98818;2;1;1;4;RUE MAURICE MEUNIER;-22,27958;166,46412
202300028353;5;3;2023;04:30;5;94;94081;2;1;1;2;Avenue Youri Gagarine;48,78517;2,39218
202300028354;24;5;2023;14:00;1;973;97302;2;3;1;3;SAINT ANTOINE (CHEMIN);4,9289;-52,30025
202300028355;9;9;2023;19:10;2;94;94004;2;1;7;7;Av du Mal de Lattre de Tassigny;48,72756;2,53106
202300028356;16;2;2023;23:15;5;93;93070;2;1;1;2;Rue Ardoin;48,911625;2,325091
202300028357;12;11;2023;06:45;1;974;97416;1;1;2;3;RN1;-21,31568;55,44181
202300028358;24;5;2023;14:00;1;973;97302;2;2;1;3;MONTABO (ROUTE DE) 1;4,93877928;-52,33173609
202300028359;9;9;2023;13:50;1;93;93050;2;2;1;3;Boulevard du Marechal Foch / Boulevard Aristide Briand;48,85437;2,52096
202300028360;5;3;2023;19:45;5;93;93064;2;1;1;3;Avenue du Président John Kennedy;48,87881261;2,49021687
202300028361;9;9;2023;14:30;1;92;92040;2;9;1;6;JEAN-PIERRE TIMBAUD;48,8204632;2,24988484
202300028362;24;5;2023;07:00;1;972;97213;2;6;1;2;MAHAULT;14,6187;-61,005
202300028363;12;11;2023;18:50;5;974;97411;2;2;1;3;GAULLE (DU GENERAL DE);-20,88492;55,45953
202300028364;5;3;2023;10:20;1;93;93064;2;1;1;6;Rue Richard Gardebled;48,87465415;2,48384222
202300028365;9;9;2023;01:50;5;92;92024;2;1;1;2;JEAN JAURES (BD) DE (111 A 159);48,90726;2,3004
202300028366;24;5;2023;11:50;1;95;95277;2;1;1;2;D370;48,99283853;2,42718458
202300028367;10;11;2023;17:45;1;974;97407;2;1;1;6;ELUARD(RUE);-20,9362;55,3041
202300028368;5;3;2023;11:25;1;93;93055;2;2;1;2;Rue Jules Auffret / Rue Méhul;48,88907702;2,41016127
202300028369;24;5;2023;19:20;1;91;91692;2;1;1;6;SAINTONGE(AVENUE DE);48,68223;2,16494
202300028370;8;9;2023;17:30;1;60;60440;2;3;1;1;D26;49,488789;2,63535448
202300028371;9;11;2023;19:25;5;973;97302;2;1;1;1;FELIX EBOUE(ROCADE);4,93117;-52,31293
202300028372;23;5;2023;17:50;1;87;87085;2;1;1;6;POMPIDOU (AVENUE GEORGES);45,81523;1,26903
202300028373;5;3;2023;22:30;5;93;93006;2;3;1;1;Avenue Pasteur / Rue Molière;48,87607602;2,42010489
202300028374;9;9;2023;18:50;1;63;63026;2;1;1;1;34 Route des Puys d'Aydat;45,68664;3,002297
202300028375;23;5;2023;14:56;1;87;87085;2;1;1;6;GIFFARD (RUE HENRI);45,86922;1,26942
202300028376;12;11;2023;00:30;3;973;97302;2;1;1;6;ZEPHIR (ROCADE);4,94081;-52,30469
202300028377;5;3;2023;14:30;1;93;93030;2;2;1;3;Avenue Ambroise Croizat / Rue Lucien Cotton;48,95638;2,4161
202300028378;9;9;2023;06:00;3;95;95529;1;9;1;4;A16;49,16936;2,228717
202300028379;22;5;2023;23:25;4;87;87085;2;1;1;6;FABRE EGLANTINE (ALLEE) (IMP 1.3....);45,87707;1,2926
202300028380;4;9;2023;15:30;1;2A;2A348;1;1;1;6;CD 81 à Sagone;42,1145608;8,68884293
202300028381;5;3;2023;07:30;1;92;92024;2;1;1;2;MARTRE DE (4 A 54);48,90056;2,30831
202300028382;24;5;2023;18:35;1;85;85191;2;1;1;6;24 Rue pierre brossolette;46,68276;-1,43746
202300028383;12;11;2023;06:55;1;69;69387;2;9;1;3;Avenue Tony Garnier;45,72944654;4,82385115
202300028384;9;9;2023;18:18;1;38;38536;2;6;1;1;D37;45,421678;4,90576
202300028385;2;3;2023;15:30;1;39;39517;1;1;1;6;N/A;46,733646;5,966442
202300028386;22;5;2023;16:15;1;83;83123;2;3;1;3;TOULON (ANCIEN CHEMIN DE);43,13278;5,791065
202300028387;27;2;2023;07:00;5;80;80523;2;1;1;6;D329;49,982284;2,674536
202300028388;12;11;2023;10:10;1;69;69202;2;3;2;6;8 Avenue Maréchal Foch;45,74888;4,79682
202300028389;9;9;2023;16:50;1;16;16013;1;9;1;6;Route de Cognac;45,613707;-0,070188
202300028390;9;9;2023;13:45;1;43;43108;1;1;7;7;D498;45,295113;3,761181
202300028391;23;5;2023;20:00;1;78;78621;2;4;1;6;PORT ROYAL (ALLEE DE);48,77423;1,99933
202300028392;11;11;2023;15:45;1;69;69389;2;3;1;2;Rue Joannès Carret;45,78578;4,80926
202300028393;9;9;2023;11:40;1;33;33221;1;1;1;5;route de bordeaux;44,564866;0,041676
202300028394;11;11;2023;17:50;2;971;97101;2;1;1;6;PATRICK SAINT ELOI ( AVENUE );16,25439;-61,52304
202300028395;4;3;2023;11:20;1;21;21214;1;1;1;5;Autoroute A6, PK 279, sens Lyon-Paris;47,169162;4,694252
202300028396;9;9;2023;15:30;1;6;6161;2;1;1;2;Route du Bord de Mer;43,636027;7,134983
202300028397;24;5;2023;10:30;1;77;77058;2;1;1;2;GENERAL DE GAULLE  (AVENUE DU);48,84289;2,7402
202300028398;5;3;2023;20:50;5;974;97414;2;1;2;3;Rue N 5 Saint-Louis;-21,281092;55,432275
202300028399;12;11;2023;14:05;1;91;91286;2;1;8;1;PLESSIS (CHEMIN DU);48,65124;2,38325
202300028400;9;9;2023;01:40;3;81;81273;2;1;1;6;Chemin du Château;43,578618;2,149843
202300028401;24;5;2023;09:50;1;76;76103;1;1;1;6;Route Neuve;49,42215;1,1193
202300028402;4;3;2023;20:25;5;974;97413;2;1;3;5;rue du général lambert;-21,184212;55,287527
202300028403;10;9;2023;03:50;3;28;28173;1;1;1;6;Autooute A11, PK 053+600;48,460999;1,548815
202300028404;23;5;2023;18:45;1;72;72181;2;1;1;3;PATTON GENERAL RTE BAUGE A CHEMIN RONDE;48,00842;0,17197
202300028405;8;9;2023;21:15;3;85;85110;1;1;1;7;RD 30;46,506408;-0,9037194
202300028406;5;3;2023;19:10;3;46;46225;1;1;1;5;route départementale 811;44,498373;1,198261
202300028407;12;11;2023;17:15;2;83;83129;2;1;1;3;LYCEE DE LA COUDOULIERE (AVENUE DU);43,09709;5,82172
202300028408;4;3;2023;02:20;3;47;47218;1;1;1;6;1146 Route de Marmande;44,586391;0,337937
202300028409;23;5;2023;18:00;1;72;72181;2;1;1;4;ESTEREL (RUE DE L') N° IMPAIRS;47,995333;0,225363
202300028410;8;9;2023;10:40;1;35;35125;1;1;1;1;lieu dit la fontaine rd 463;47,944629;-1,260735
202300028411;12;11;2023;23:55;3;81;81065;1;1;8;6;ALBI (RD612 - RTE D');43,65459;2,21846
202300028412;4;3;2023;06:35;2;22;22328;1;2;8;6;Lieu Dit Ty Bourg Intersection D 28 D 31;48,38557;-3,339329
202300028413;23;5;2023;06:25;1;72;72181;2;1;1;3;CHOPIN FREDERIC (ALLEE);47,97265;0,20896
202300028414;4;3;2023;22:55;3;3;3197;1;1;1;7;D989;46,482519;3,407843
202300028415;24;5;2023;18:00;1;69;69275;2;1;1;6;Rue Georges Bizet;45,77615;4,96701
202300028416;4;3;2023;19:45;5;70;70084;2;1;1;6;chemin de la graviolle;47,350981;5,959579