Num_Acc;jour;mois;an;hrmn;lum;dep;com;agg;int;atm;col;adr;lat;long
202300028417;9;9;2023;12:14;1;50;50615;1;1;1;2;N13;49,496145;-1,472254
202300028418;6;3;2023;15:05;1;6;6059;2;1;1;7;Boulevard du Marechal Leclerc;43,733147;7,357112
202300028419;22;5;2023;05:15;2;67;67482;2;9;1;3;LA ROCHELLE (RUE DE);48,51537;7,77487
202300028420;8;9;2023;19:00;1;22;22020;1;2;1;3;Péviers;48,326668;-2,231662
202300028421;4;3;2023;20:00;3;14;14726;1;2;1;6;2 Route du Pont Allière (Pierres);48,84274091;-0,74760139
202300028422;24;5;2023;17:50;1;64;64348;2;1;1;6;SANTONA DE;43,31969;-0,38548
202300028423;12;11;2023;21:00;3;77;77468;2;3;2;2;LOUIS ARAGON (AVENUE);48,84955;2,6442
202300028424;8;9;2023;13:25;1;83;83131;2;1;1;2;D554;43,207866;6,02944
202300028425;27;2;2023;16:43;1;90;90015;1;1;1;1;RN1019;47,59806;6,83919
202300028426;23;5;2023;23:30;5;64;64445;2;1;3;6;RONSARD;43,31818;-0,35684
202300028427;8;9;2023;08:45;1;62;62438;2;1;7;6;Rue du Moulin;50,323619;2,582784
202300028428;12;11;2023;14:25;1;77;77249;1;1;2;1;RTE DE GRANDE ROMAINE;48,750232;2,632763
202300028429;5;3;2023;15:25;1;83;83040;1;1;1;1;D4085;43,802037;6,619212
202300028430;12;11;2023;13:10;1;77;77449;1;1;2;1;AV PAUL SERAMY;48,858178;2,796284
202300028431;9;9;2023;17:25;1;30;30331;1;1;1;3;N/A;44,1256;4,5997
202300028432;5;3;2023;14:30;1;64;64472;2;1;1;1;route de pau;43,371081;-0,310932
202300028433;23;5;2023;20:05;1;59;59368;2;1;1;6;DE LASSUS RUE;50,65527875;3,06811452
202300028434;6;3;2023;08:45;1;21;21576;1;1;1;6;D26;47,37571789;4,47727857
202300028435;12;11;2023;09:10;1;77;77449;2;1;2;6;AV PAUL SERAMY;48,86064;2,79253
202300028436;9;9;2023;09:10;1;19;19156;1;9;1;3;Puy Redon;45,165129;1,700944
202300028437;24;5;2023;12:30;1;59;59017;2;1;1;6;BLUM  (AVENUE LEON);50,69855;2,88843
202300028438;6;3;2023;04:30;3;27;27116;1;1;2;6;D46;49,211184;0,709906
202300028439;5;9;2023;17:00;1;56;56240;2;6;1;3;Kerrollaire;47,52132;-2,777433
202300028440;24;5;2023;18:35;1;57;57463;2;1;1;6;BON PASTEUR (RUE DU );49,11139;6,22383
202300028441;11;11;2023;14:40;1;77;77333;2;2;1;3;RUE DU SOUVENIR;48,26752;2,69931
202300028442;4;3;2023;08:21;1;38;38128;1;1;8;7;N85;44,822707;5,952648
202300028443;9;9;2023;20:45;5;74;74208;2;6;1;7;8 Grand-rue salvador allende;45,921382;6,713821
202300028444;23;5;2023;20:08;1;56;56098;1;1;1;6;MALACHAPPE (LIEU-DIT);47,77516;-3,30994
202300028445;6;3;2023;07:12;1;65;65303;1;3;1;7;RD 817;43,195861;0,168934
202300028446;12;11;2023;19:15;5;76;76429;2;2;2;3;Rue d'Alsace;49,41121344;1,15246904
202300028447;9;9;2023;12:00;1;74;74232;1;3;1;3;Route de l'église;45,796993;6,151687
202300028448;3;3;2023;23:15;3;6;6088;1;1;1;7;A8 bretelle sortie nice est;43,7338839;7,2863813
202300028449;23;5;2023;07:35;1;54;54549;2;1;1;1;Rue du Maréchal Foch;48,63669;6,31517
202300028450;10;9;2023;04:45;3;76;76709;1;1;1;6;D20;49,47504;0,83509
202300028451;4;3;2023;23:30;5;987;98747;1;1;1;7;PK 3+100 coté montagne - AFAAHITI;-17,75563;-148,735973
202300028452;23;5;2023;17:00;1;50;50129;2;1;1;2;PLYMOUTH (AVENUE DE);49,6297;-1,6229
202300028453;6;3;2023;14:40;1;976;97607;2;3;1;6;Rue Charles de Gaulle - Tsarar;-12,836024;45,171243
202300028454;11;11;2023;17:57;5;69;69264;2;2;1;6;Rue Leonard Cimetiere;45,97924;4,7305
202300028455;9;9;2023;15:45;1;80;80163;1;2;1;1;D925;50,108209;1,786389
202300028456;23;5;2023;14:25;1;50;50129;1;6;1;2;FLAMANDS (ROND POINT);49,65341;-1,57824
202300028457;11;11;2023;17:55;5;64;64445;2;1;3;6;LEON BERARD;43,31207701;-0,36718905
202300028458;5;3;2023;20:20;3;973;97311;1;1;1;7;D11;5,407826;-54,059429
202300028459;23;5;2023;11:30;1;49;49267;1;1;1;1;RD 347;47,47221;-0,4595
202300028460;12;11;2023;03:40;3;63;63113;2;1;3;6;DURTOL (RUE DE);45,78938216;3,06205273
202300028461;6;3;2023;00:30;3;78;78531;1;1;1;2;Autoroute A13, PK055+700;49,013128;1,590976
202300028462;23;5;2023;12:35;1;49;49007;2;3;1;6;CHATENAY AVENUE VICTOR;47,48838;-0,51045
202300028463;5;3;2023;19:40;3;11;11049;1;1;1;6;N/A;43,264409;2,123301
202300028464;9;9;2023;11:50;1;65;65018;1;1;1;1;D126;42,991417;-0,276192
202300028465;24;5;2023;19:00;1;37;37261;2;1;1;2;AUBERDIERE (RUE DE L');47,36574;0,6987
202300028466;19;2;2023;10:30;1;34;34199;2;1;1;6;1 Rue Montmorency;43,462173;3,423142
202300028467;11;11;2023;17:00;5;62;62239;2;6;1;5;D304;50,921197;1,838829
202300028468;24;5;2023;19:10;1;35;35278;2;1;1;3;Rue du Général de Gaulle;48,13957;-1,68648
202300028469;8;9;2023;08:25;1;69;69066;2;1;1;3;2 Rue de Lyon;46,097452;4,314011
202300028470;5;1;2023;14:33;1;34;34057;2;1;1;6;11 Avenue de la Moutte;43,63432;3,906316
202300028471;8;9;2023;14:40;1;71;71190;2;1;1;6;9 Rue du 19 Mars 1962;46,989112;4,523182
202300028472;12;11;2023;18:15;5;61;61001;2;2;2;3;D27 PR 0+880;48,43351;0,10691
202300028473;24;5;2023;12:30;1;35;35238;2;1;1;4;VERN (DE);48,08813;-1,6447
202300028474;9;9;2023;11:15;1;71;71305;1;2;1;3;Route Departementale 906;46,464756;4,893808
202300028475;12;11;2023;22:10;5;59;59650;2;1;2;2;FAIDHERBE (RUE);50,69951;3,20678
202300028476;9;9;2023;19:20;2;63;63047;1;1;7;7;D645;45,572591;2,768665
202300028477;10;11;2023;17:40;5;59;59507;2;1;3;6;MARNE AVENUE DE LA;50,60191;3,08065
202300028478;24;5;2023;07:50;1;33;33063;2;2;1;3;Rue Beck;44,821;-0,55
202300028479;9;9;2023;18:00;1;42;42011;2;1;1;3;Rue du 8 Mai;45,816365;4,186644
202300028480;11;11;2023;11:45;1;51;51454;2;1;1;2;MARCHANDEAU (AVENUE PAUL);49,24067;4,02208
202300028481;9;9;2023;22:45;3;68;68205;1;2;1;1;RD 3bis;47,90458;7,4018
202300028482;10;11;2023;11:15;1;47;47215;1;1;8;6;GAULLE (avecue Charles de);44,39421812;0,69313092
202300028483;9;9;2023;08:45;1;25;25074;2;1;7;3;Rue du Grand Communal;47,184204;6,725859
202300028484;12;11;2023;11:30;1;45;45234;2;7;1;3;Place Halmagrand;47,9057;1,90973
202300028485;9;9;2023;19:00;2;25;25463;2;1;7;6;Place du General de Gaulle;47,382024;6,771308
202300028486;9;9;2023;01:20;3;35;35025;1;1;5;6;N/A;48,303893;-1,283587
202300028487;12;11;2023;15:50;1;42;42207;2;4;1;3;Rue Claudius Moleyre;45,46993;4,52856
202300028488;10;9;2023;05:17;3;31;31104;1;1;1;6;D10;43,336322;1,251647
202300028489;9;9;2023;23:15;3;38;38457;1;1;1;7;Rue du Moulin;45,342965;5,254405
202300028490;11;11;2023;16:03;1;38;38563;2;9;1;2;Avenue Francois Mitterrand;45,36342;5,59273
202300028491;12;11;2023;16:00;1;35;35238;2;6;1;3;ALBERT 1ER (BD);48,08983;-1,68547
202300028492;9;9;2023;23:05;3;2;2316;1;1;1;2;N/A;49,278386;3,152689
202300028493;9;9;2023;12:50;1;2;2450;1;1;1;7;55 Rue des Patriotes;49,885923;3,554036
202300028494;9;9;2023;10:50;1;2;2248;1;1;7;6;N/A;49,670752;3,814359
202300028495;11;11;2023;17:55;5;34;34172;2;3;1;3;SAINT MAUR (AVENUE DE);43,61764;3,89272
202300028496;10;9;2023;04:05;5;15;15037;2;1;1;6;RD 15;45,356865;2,402583
202300028497;12;11;2023;02:24;5;28;28134;2;1;3;6;BOIS SABOT (RUE DU);48,73724;1,36134
202300028498;8;9;2023;09:35;1;70;70467;2;4;1;3;Rue Romaine;47,889036;6,271938
202300028499;17;12;2023;19:22;4;91;91340;1;1;5;2;AUTOROUTE A6;48,601;2,438
202300028500;8;9;2023;17:10;1;5;5124;1;1;1;7;Route de La Rochette;44,581634;6,130779
202300028501;17;12;2023;07:30;3;91;91377;1;1;1;2;RD 120;48,71793;2,29231
202300028502;7;11;2023;17:41;2;17;17200;2;1;1;6;VENDOME   RUE DU MOULIN  DE;46,17805;-1,15374
202300028503;17;12;2023;05:45;4;91;91689;1;1;5;3;AUTOROUTE A6A;48,7284;2,3142
202300028504;9;9;2023;16:20;1;60;60438;1;1;7;5;D 335;49,478819;3,067739
202300028505;12;11;2023;01:30;3;13;13103;2;1;2;1;BOULEVARD CHURCHILL -WINSTON;43,65072;5,08396
202300028506;16;12;2023;22:35;3;91;91534;1;1;1;7;RN 118;48,72959;2,16536
202300028507;9;9;2023;17:15;1;45;45154;2;6;1;6;19 Place Lucien Bourgon;47,9899;1,836466
202300028508;9;9;2023;16:00;1;24;24376;2;1;1;7;Rue du Docteur Paul Broquaire;45,204258;0,140392
202300028509;12;11;2023;15:20;1;13;13203;2;2;1;3;ROGER SALENGRO (AVENUE);43,31891;5,36768
202300028510;17;12;2023;10:55;1;95;95018;1;1;1;2;A15;48,95845019;2,27428978
202300028511;17;12;2023;01:05;3;92;92036;1;1;1;6;AUTOROUTE A15;48,94012834;2,29364245
202300028512;9;9;2023;10:30;1;4;4054;1;9;1;1;N85;44,015653;6,233572
202300028513;12;11;2023;13:00;1;13;13215;2;1;1;1;SAINT ANTOINE (AVENUE DE);43,37868;5,35716
202300028514;16;12;2023;05:00;3;95;95018;1;1;1;2;A15;48,9519;2,27987
202300028515;9;9;2023;22:00;5;85;85047;2;1;1;3;18 Boulevard mourain du pâtis;46,848822;-1,891746
202300028516;12;11;2023;03:18;5;13;13208;2;1;2;2;MICHELET (BOULEVARD);43,26737;5,3942
202300028517;17;12;2023;03:10;3;77;77258;1;1;1;7;A4.W;48,83221456;2,65192439
202300028518;9;9;2023;08:20;1;28;28419;1;1;1;1;N10;48,281808;1,418653
202300028519;11;11;2023;13:30;1;13;13213;2;6;1;3;OLIVES (AVENUE DES);43,32858;5,43372
202300028520;16;12;2023;20:00;3;77;77169;1;1;1;4;RN104;48,81497228;2,62559359
202300028521;9;9;2023;19:00;1;30;30233;1;1;1;1;N/A;43,92351239;4,21977997
202300028522;11;11;2023;18:10;1;11;11069;2;1;2;6;N/A;43,22623;2,3564
202300028523;16;12;2023;17:37;3;94;94028;1;1;1;3;A86;48,79983715;2,44627859
202300028524;8;9;2023;10:45;1;30;30126;1;1;1;6;N/A;43,989802;4,289944
202300028525;12;11;2023;15:15;1;6;6088;2;1;1;6;THIERS (AV.);43,703397;7,260369
202300028526;9;9;2023;11:30;1;8;8433;1;1;1;7;Rue des Marronniers;49,517167;4,637287
202300028527;15;12;2023;22:00;3;94;94028;1;1;1;2;A86;48,79823929;2,44457391
202300028528;12;11;2023;11:50;1;6;6069;2;1;1;2;PROVENCE (AVENUE DE);43,6553547;6,9230368
202300028529;31;7;2023;07:48;1;13;13211;2;1;1;3;BARASSE;43,285;5,48
202300028530;9;9;2023;17:25;1;13;13044;1;3;1;3;D16;43,622116;5,073908
202300028531;27;7;2023;13:55;1;13;13210;2;1;1;3;RABATAU (BOULEVARD);43,2810066;5,39945841
202300028532;12;11;2023;01:30;5;6;6069;2;1;2;1;AURIBEAU (ROUTE D') -D609-;43,63503;6,91179
202300028533;6;9;2023;18:15;1;38;38553;2;3;1;3;Rue du Midi;45,617268;5,15339
202300028534;21;7;2023;07:51;1;13;13067;2;1;1;3;D7n;43,793503;5,025634
202300028535;12;11;2023;18:50;5;6;6004;2;1;1;6;JUIN AV.MARECHAL;43,56048;7,12066
202300028536;9;9;2023;08:54;1;6;6088;1;1;1;7;Autoroute A8 pk 186.500 chaussée nord;43,678875;7,193931
202300028537;12;11;2023;22:05;5;3;3185;2;1;2;6;boulevard Président Allende;46,34568;2,6077
202300028538;17;7;2023;07:50;1;13;13209;2;3;1;3;CATHERINE BLUM (BOULEVARD);43,2638761;5,41845707
202300028539;12;11;2023;07:10;4;1;1289;1;1;3;7;LENT (ROUTE DE);46,18197;5,23483
202300028540;10;9;2023;05:40;3;33;33002;1;1;1;6;A62;44,50386176;-0,03738999
202300028541;10;7;2023;09:30;1;13;13212;2;3;1;3;COMTESSE (BOULEVARD DE LA)_;43,32174013;5,448404
202300028542;9;9;2023;15:29;1;17;17438;1;1;1;7;A10;45,556131;-0,602875
202300028543;12;11;2023;12:10;1;75;75118;2;3;2;3;BOULEVARD ORNANO;48,892295;2,349092
202300028544;9;9;2023;16:50;1;51;51205;1;1;1;7;Autoroute 4;49,034689;4,410152
202300028545;9;7;2023;05:05;2;13;13002;2;1;1;5;GENERAL LECLERC (AVENUE DU);43,34361144;5,48615752
202300028546;12;11;2023;20:15;5;75;75113;2;3;2;3;AVENUE D ITALIE;48,82777918;2,35679108
202300028547;10;9;2023;02:20;4;77;77261;2;1;1;6;RD219/RD218;48,238977;2,902252
202300028548;27;6;2023;15:30;1;13;13212;2;1;1;3;AIGUILLETTE (RUE DE L');43,31329104;5,42779128
202300028549;10;2;2023;23:25;3;13;13071;1;1;1;6;ROUTE NATIONALE 368 (PLAN DES PENNES);43,40123;5,26915
202300028550;12;11;2023;06:15;3;75;75110;2;4;2;6;BOULEVARD DE MAGENTA;48,88316446;2,34986472
202300028551;4;9;2023;12:30;1;34;34289;1;9;1;3;D13;43,382692;3,420262
202300028552;11;11;2023;19:20;5;75;75109;2;1;1;3;BOULEVARD POISSONNIERE;48,871231;2,344595
202300028553;6;7;2023;16:09;1;13;13209;2;1;1;3;SORMIOU (CHEMIN DE);43,23067;5,40067
202300028554;7;10;2023;03:00;3;74;74295;1;1;1;6;N/A;46,324126;6,596314
202300028555;9;9;2023;01:40;3;34;34190;1;3;1;6;D11 PR 18+830;43,274956;2,772031
202300028556;12;11;2023;18:25;3;75;75108;2;5;3;3;RUE DE SAINT PETERSBOURG;48,880847;2,324824
202300028557;13;10;2023;17:50;1;74;74010;1;3;1;3;Avenue d'aix-les-bains;45,831984;6,053306
202300028558;10;11;2023;00:50;5;75;75102;2;2;1;3;RUE REAUMUR;48,866901;2,349458
202300028559;10;10;2023;17:05;1;74;74220;1;1;1;1;107 Route d'arthaz;46,146261;6,268918
202300028560;11;11;2023;20:55;5;94;94081;2;1;2;6;Avenue du 11 Novembre 1918;48,78358335;2,39630395
202300028561;9;9;2023;15:50;1;83;83023;1;1;1;5;RD 7;43,402341;6,099633
202300028562;12;11;2023;08:30;1;94;94044;2;1;2;6;Av. de la Plage Bleue;48,75197;2,47025
202300028563;13;10;2023;07:23;1;74;74012;2;3;1;3;MAGNIN (RUE ADOLPHE);46,19553;6,23901
202300028564;9;9;2023;15:30;1;6;6101;1;3;1;3;D6202;43,949544;6,988762
202300028565;12;11;2023;17:55;5;94;94041;2;1;2;1;QUAI MARCEL BOYER ;48,81910664;2,39947611
202300028566;10;10;2023;18:40;2;74;74141;2;1;1;1;D14;45,904512;5,98867
202300028567;9;9;2023;12:26;1;5;5007;1;1;1;7;Route de l'Izoard;44,756547;6,750627
202300028568;12;11;2023;21:10;5;94;94073;2;1;2;6;Avenue Georges Halgoult;48,762814;2,401367
202300028569;10;10;2023;08:30;1;74;74264;2;1;1;6;Avenue des lacs;46,064626;6,550856
202300028570;12;11;2023;19:00;5;94;94033;2;1;2;6;Rue du Clos d'Orléans;48,84291;2,47012
202300028571;21;9;2023;14:50;1;74;74201;2;1;1;6;D1201;46,120392;6,094891
202300028572;9;9;2023;09:30;1;5;5101;2;1;1;3;Route de la Gyronde;44,83814977;6,49827152
202300028573;14;7;2023;02:30;5;74;74042;2;1;1;6;Route de cluses;46,070971;6,427987
202300028574;9;9;2023;17:50;1;5;5166;2;1;1;3;Avenue Jean Moulin;44,42585;5,709929
202300028575;12;11;2023;19:50;5;94;94070;2;1;2;4;Rte de Paris;48,71655731;2,57224929
202300028576;7;9;2023;01:00;3;13;13085;1;1;1;1;D559a;43,259518;5,591311
202300028577;12;11;2023;10:35;1;93;93047;2;2;2;3;Rue du Général de Gaulle / Avenue Daniel Perdrigé;48,899369;2,559537
202300028578;16;12;2023;21:50;3;974;97411;1;1;1;6;LITTORAL (ROUTE 1 DU);-20,87499;55,41619
202300028579;10;9;2023;10:50;1;13;13027;2;6;1;6;Boulevard Gambetta;43,885073;4,849627
202300028580;11;11;2023;22:10;5;93;93005;2;1;1;6;Rue Jules Princet;48,936725;2,496809
202300028581;15;12;2023;08:40;1;974;97411;2;1;1;3;JAURES (BOULEVARD JEAN);-20,89033;55,45924
202300028582;12;11;2023;22:00;5;92;92026;2;3;2;7;PRÉSIDENT PAUL DOUMER (QUAI DU);48,89182132;2,25841507
202300028583;16;12;2023;13:42;1;973;97302;2;1;2;3;MADELEINE (ROUTE DE LA);4,90977;-52,32157
202300028584;9;9;2023;19:51;2;71;71411;1;1;1;1;D224;46,714885;4,218879
202300028585;11;11;2023;18:30;2;92;92004;2;1;8;3;INTERCOMMUNAL (B);48,93148036;2,28342211
202300028586;10;9;2023;02:45;3;54;54258;1;1;1;6;D2;48,67872065;6,56621933
202300028587;16;12;2023;11:35;1;972;97209;2;1;1;2;AUTOROUTE (A1);14,61816977;-61,03608989
202300028588;12;11;2023;17:55;3;60;60308;1;1;2;6;départementale 1017;49,486068;2,668884
202300028589;13;11;2023;09:25;1;9;9268;2;1;1;6;Route de Toulouse;43,004192;1,128486
202300028590;16;12;2023;08:40;1;972;97213;1;3;1;3;;14,65202;-61,01109
202300028591;8;9;2023;08:30;1;3;3315;2;3;1;3;27 Avenue Felix Mioche;46,398046;2,856013
202300028592;11;11;2023;02:45;3;35;35328;1;1;1;3;D777;47,792789;-2,018523
202300028593;16;12;2023;19:00;5;69;69034;2;3;1;3;Avenue Général de Gaulle;45,81466064;4,8620819
202300028594;8;9;2023;18:45;1;38;38468;2;9;1;3;Carrefour (Supermarché);45,341679;4,804834
202300028595;11;11;2023;14:50;1;2A;2A348;2;1;1;7;rue danielle casanova - route departementale 23;42,166676;8,797538
202300028596;16;12;2023;12:30;1;971;97101;2;1;1;1;PATRICK SAINT ELOI ( AVENUE );16,25528321;-61,52180672
202300028597;30;8;2023;10:30;1;7;7324;2;1;1;3;46 Quai Farconnet;45,069168;4,829125
202300028598;12;11;2023;10:00;1;51;51066;1;1;2;1;D396;48,660602;4,57952
202300028599;10;9;2023;06:50;1;1;1405;1;1;1;6;D1083;46,14366;5,173568
202300028600;16;12;2023;10:00;1;971;97101;1;1;1;2;AMEDEE ABARRE - SALLE D'ASILE (RUE);16,26372348;-61,50746226
202300028601;11;11;2023;09:45;1;43;43071;1;1;7;7;D1;45,236195;3,818784
202300028602;9;9;2023;12:55;1;65;65335;1;1;1;7;RD 8 - PR 010.900 - sens POUZAC vers TARBES;43,1028;0,133284
202300028603;16;12;2023;17:10;5;95;95427;2;9;1;3;JULES FERRY (RUE);48,968331;2,3429
202300028604;10;11;2023;18:47;5;43;43040;2;7;9;3;Avenue Léon Blum;45,290901;3,385372
202300028605;9;9;2023;05:00;3;40;40182;1;1;1;6;D38;44,102972;-1,182135
202300028606;16;12;2023;17:20;5;91;91479;2;1;1;6;AV DE VERDUN;48,70572;2,36143
202300028607;13;11;2023;07:00;2;33;33076;1;1;1;1;D11;44,520232;-0,43588
202300028608;9;9;2023;00:30;3;40;40202;1;1;1;6;110 Route de Sort;43,691841;-0,982636
202300028609;16;12;2023;10:00;1;91;91326;2;1;1;6;COUR DE FRANCE (AVENUE DE LA);48,69163;2,37802
202300028610;11;11;2023;11:40;1;81;81115;2;1;1;6;205 Boulevard Carnot;43,475334;2,651766
202300028611;22;11;2023;12:20;1;84;84035;2;1;1;3;63 Avenue Prosper Mérimée;43,850729;5,034692
202300028612;9;9;2023;16:55;1;33;33504;1;2;1;3;D8;44,526837;-0,325548
202300028613;4;11;2023;10:50;1;26;26353;1;1;1;2;A7 pk103.000;44,665143;4,796884
202300028614;15;12;2023;18:02;5;83;83090;2;1;1;6;COOPERATIVE (CHEMIN DE LA);43,12912;5,87705
202300028615;16;12;2023;13:15;1;83;83061;1;1;1;6;N7;43,48396;6,77841
202300028616;8;9;2023;19:20;1;14;14076;2;3;1;1;1 Rue de l'Avenir;49,228807;-0,299186
202300028617;13;11;2023;13:13;1;974;97414;2;3;1;6;avenue principale;-21,287368;55,408821
202300028618;6;9;2023;18:00;1;29;29156;1;1;1;1;D764;48,45627612;-4,23571989
202300028619;13;11;2023;12:40;1;50;50050;1;1;2;2;A84 PR212+400;48,956242;-0,999134
202300028620;15;12;2023;17:33;5;78;78138;2;2;1;3;PISSEFONTAINE (RUE DE);48,978543;2,024962
202300028621;8;9;2023;19:45;2;27;27537;2;1;1;6;1 Rue de la Cerisaie;49,24374;1,213335
202300028622;13;11;2023;14:20;1;50;50214;1;1;2;2;A84, sens C-R, PR 204+100;48,921505;-1,082003
202300028623;8;9;2023;22:30;5;60;60628;2;1;1;7;Rue du Maréchal Leclerc;49,415032;2,162569
202300028624;16;12;2023;08:20;3;77;77372;1;1;5;1;PARIS  (RUE DE  );48,88137;2,65674
202300028625;9;9;2023;20:30;2;62;62443;2;1;1;6;D188;50,44914663;2,64199525
202300028626;10;11;2023;18:25;3;71;71443;1;2;3;3;D970;46,923839;4,943644
202300028627;16;12;2023;02:45;3;77;77400;1;6;5;6;D 402;48,761365;3,024083
202300028628;11;11;2023;07:15;3;22;22020;1;1;1;6;41 route de la gare;48,32024771;-2,25324869
202300028629;9;9;2023;16:37;1;62;62894;1;1;1;2;A16;50,767411;1,642746
202300028630;16;12;2023;12:45;1;77;77400;1;2;1;3;PAUL NICLAUSSE;48,79612;3,02409
202300028631;10;9;2023;13:37;1;59;59080;1;2;1;3;Rue Henri Fievet;50,452661;3,257543
202300028632;8;9;2023;19:07;1;13;13212;1;1;1;2;A507 sens Marseille - Aubagne;43,2914;5,4246
202300028633;13;11;2023;16:15;1;62;62858;1;2;1;3;D939;50,231014;3,008038
202300028634;16;12;2023;17:55;5;72;72181;2;9;1;6;VOLTAIRE (RUE) N° PAIRS 2 A 102;48,01167;0,19154
202300028635;8;9;2023;01:02;3;13;13081;1;1;1;2;A7-Sens Marseille vers Lyon;43,49772458;5,23915934
202300028636;13;11;2023;14:23;1;66;66050;1;1;1;6;Sant Jaume Del Crest;42,775464;2,915797
202300028637;16;12;2023;12:40;1;72;72181;2;6;7;6;ARDOISE (RUE DE L');48,00891;0,22681
202300028638;8;9;2023;05:40;5;83;83090;1;9;1;6;A50;43,12619323;5,82460889
202300028639;16;12;2023;04:00;5;72;72181;2;1;1;6;AUVRAY (RUE)  N° IMP;48,00083;0,19502
202300028640;12;11;2023;19:25;3;37;37179;1;1;3;1;A10, pk 199+800;47,45020793;0,74562355
202300028641;16;12;2023;23:45;4;69;69290;2;9;1;6;Route de Grenoble;45,7118708;4,97312934
202300028642;9;9;2023;06:45;2;33;33550;1;1;1;2;ROCADE A 630;44,7822945;-0,58439165
202300028643;9;11;2023;11:45;1;83;83097;2;1;2;6;Avenue des Bastides;43,503394;5,738549
202300028644;16;12;2023;08:55;1;66;66136;2;1;1;6;Rue de COSPRONS;42,68327;2,9092
202300028645;13;11;2023;11:45;1;59;59074;2;1;2;6;26 Rue Pasteur;50,090522;3,444906
202300028646;16;12;2023;11:00;1;64;64445;2;1;7;6;MONTPENSIER;43,29935;-0,37108
202300028647;9;9;2023;07:45;2;94;94038;1;1;2;3;A6A;48,77318113;2,34587558
202300028648;18;10;2023;08:00;2;56;56184;2;4;2;3;Allee du Pre du Cheval Blanc;47,664;-2,460213
202300028649;8;9;2023;23:55;3;94;94021;1;1;1;2;A6B;48,77137155;2,34509948
202300028650;12;11;2023;01:40;3;76;76412;2;6;2;7;N31;49,459966;1,299198
202300028651;16;12;2023;18:48;5;64;64102;2;3;1;3;BARTHES (CHEMIN DES);43,49278;-1,49542
202300028652;12;11;2023;19:50;5;71;71442;2;3;3;6;46 Rue de la Gare;46,847778;4,631726
202300028653;8;9;2023;23:13;5;91;91161;2;9;1;2;CARREFOUR RN20 / CD120;48,71524;2,29832
202300028654;16;12;2023;04:50;5;64;64102;2;1;1;6;SAINT ESPRIT (PONT);43,49471;-1,47129
202300028655;10;11;2023;18:24;4;89;89418;2;1;2;6;Avenue du Chevalier d'Eon;47,864405;3,980098
202300028656;8;9;2023;18:00;1;91;91161;1;1;1;4;AUTOROUTE A126;48,71082;2,29879
202300028657;13;11;2023;14:00;1;63;63040;2;1;1;6;19 Route de Montmorin;45,71781;3,342859
202300028658;16;12;2023;20:54;5;63;63113;2;1;1;3;DELILLE (PLACE);45,78008;3,09142
202300028659;9;9;2023;01:45;3;95;95678;1;1;1;6;N184;49,07036568;2,22137332
202300028660;12;11;2023;15:15;1;42;42126;1;1;2;7;Route de Saint-Bonnet;45,439959;4,067248
202300028661;13;11;2023;15:55;1;46;46165;1;1;1;6;D807;44,804439;1,785022
202300028662;16;12;2023;16:00;1;63;63113;2;2;1;3;rue Kessler / rue Vernemauze;45,76912;3,08728
202300028663;11;11;2023;14:30;1;46;46319;2;1;1;6;La Greze;44,71686317;1,84911489
202300028664;8;9;2023;18:10;1;95;95607;1;1;1;5;A115;49,013994;2,218261
202300028665;16;12;2023;20:30;5;61;61001;2;2;1;3;D112;48,43534;0,09162
202300028666;12;11;2023;13:45;1;46;46060;1;3;2;3;D656 intersection combeplane;44,399571;1,233323
202300028667;8;9;2023;13:00;1;95;95365;1;1;1;3;N104;49,05879733;2,41957005
202300028668;13;11;2023;16:30;1;34;34273;1;1;1;3;D908;43,570349;2,978663
202300028669;17;12;2023;00:10;5;59;59650;2;9;1;2;FRATERNITE (BOULEVARD DE LA);50,71484;3,2027
202300028670;6;9;2023;16:10;1;974;97411;2;1;1;2;MACE (BOULEVARD GABRIEL);-20,87481;55,44617
202300028671;10;11;2023;23:25;3;29;29100;2;2;1;3;Boteden;48,57049653;-4,39257442
202300028672;15;12;2023;11:15;1;59;59043;2;4;1;6;YPRES (RUE D');50,73943;2,73563
202300028673;8;9;2023;19:55;5;973;97302;2;1;1;3;FAUBOURG L'ABRI (CITE);4,93703973;-52,32217848
202300028674;12;11;2023;23:40;5;38;38012;2;1;2;6;Route de Saint Genix;45,588127;5,611927
202300028675;12;12;2023;13:40;1;59;59043;2;3;1;2;HAZEBROUCK (ROUTE D');50,73649;2,72183
202300028676;8;9;2023;16:40;1;973;97302;2;1;1;6;NOVAPARC (RESIDENCE) RTE DE RABAN;4,92393173;-52,31248766
202300028677;12;11;2023;16:35;2;1;1426;1;1;2;1;D936;46,237417;5,375415
202300028678;7;12;2023;09:05;1;56;56260;2;1;2;3;LAGARDE(RUE MADAME);47,66153;-2,75858
202300028679;8;9;2023;14:10;1;973;97302;2;1;1;6;REMIRE (DE);4,93817143;-52,33429
202300028680;16;12;2023;11:00;1;56;56162;1;6;1;3;KERSCOUET (GIRATOIRE DE);47,70988;-3,43859
202300028681;8;9;2023;10:41;1;973;97302;2;1;1;3;BADUEL (ROUTE DE);4,93499;-52,31199