Num_Acc;jour;mois;an;hrmn;lum;dep;com;agg;int;atm;col;adr;lat;long
202300028682;13;11;2023;13:50;1;58;58303;2;6;2;6;Rue du Lieutenant Roger Tiphaine;47,020053;3,145832
202300028683;15;12;2023;10:40;1;53;53054;1;6;1;3;RN 162;48,09172;-0,74972
202300028684;8;11;2023;14:05;1;66;66149;1;1;1;1;N/A;42,619002;2,41277
202300028685;8;9;2023;07:20;1;973;97302;2;3;1;3;BADUEL (ROUTE DE);4,93636;-52,3139
202300028686;27;10;2023;14:40;1;72;72320;1;1;3;3;D338;48,060772;0,174193
202300028687;15;12;2023;18:05;5;50;50129;2;2;1;3;LECLERC (RUE DU MARECHAL));49,63353;-1,63665
202300028688;6;9;2023;12:50;1;973;97302;2;1;1;3;CATAYEE (JUSTIN);4,92843;-52,32519
202300028689;13;11;2023;11:15;1;60;60584;2;4;2;6;Rue Pasteur;49,215309;2,418956
202300028690;16;12;2023;05:05;5;49;49007;2;3;5;3;VAUBAN AVENUE;47,459;-0,56
202300028691;8;9;2023;18:40;1;69;69388;2;1;1;1;Boulevard Pinel;45,7221;4,884
202300028692;10;11;2023;16:10;1;36;36018;2;1;1;6;13 Rue Albert Chichery;46,635669;1,060862
202300028693;8;9;2023;19:10;1;972;97213;1;1;2;3;FOLIE (ROUTE DE LA);14,61414;-61,02629
202300028694;16;12;2023;19:25;5;47;47323;2;2;1;3;BIAS (AVENUE DE);44,41261;0,69325
202300028695;8;9;2023;23:45;5;69;69382;2;1;1;6;Cours de Verdun Perrache;45,74873951;4,8279758
202300028696;8;9;2023;15:40;1;69;69389;2;2;1;7;Rue de Bourgogne;45,77856;4,80256
202300028697;16;12;2023;20:30;5;34;34172;2;1;1;6;MENDES FRANCE (AVENUE PRESIDENT PIERRE;43,60811;3,92918
202300028698;16;12;2023;11:30;1;33;33063;2;4;1;2;BD DU PRESIDENT WILSON;44,84547;-0,59883
202300028699;8;9;2023;11:30;1;69;69384;2;2;1;3;Rue Jacques-Louis Hénon;45,77946;4,82935
202300028700;16;12;2023;03:00;5;33;33063;2;4;1;6;CRS DU XXX JUILLET;44,84319;-0,57432
202300028701;7;9;2023;08:00;1;69;69149;2;4;1;3;Chemin des Célestins;45,72008;4,79809
202300028702;16;12;2023;19:00;5;33;33529;2;6;1;3;SAINT-EXUPERY (AVE);44,62652;-1,14141
202300028703;16;12;2023;20:00;5;31;31555;2;1;1;1;REVEL (RTE DE) DU 2AU 306;43,56722;1,506993
202300028704;16;12;2023;18:55;5;31;31555;2;1;1;6;RUE GILBERT SAMUEL TEBOUL;43,56243;1,39759
202300028705;20;8;2023;01:30;5;69;69381;2;2;1;3;Quai Jean Moulin;45,76616;4,8338
202300028706;16;12;2023;12:00;1;31;31555;2;1;1;6;LAVAUR (AV DE) DU 2AU 164;43,62143;1,46724
202300028707;16;12;2023;13:11;1;31;31555;2;1;1;6;BD DE LA GARE;43,60851;1,44579
202300028708;8;9;2023;16:46;1;95;95323;2;3;7;1;VALLEE (RUE DE LA);49,01769243;2,03441387
202300028709;16;12;2023;14:25;1;31;31483;2;1;1;6;BRU (RUE DU COMMANDANT);43,10597;0,7234
202300028710;8;9;2023;08:15;1;91;91689;2;9;1;1;RUE COLBERT;48,72521;2,31679
202300028711;15;12;2023;18:05;5;25;25204;2;1;1;5;Grande rue;46,92892;6,3519
202300028712;8;9;2023;18:30;2;91;91286;2;2;7;1;BATISSEURS (RUE DES);48,6505;2,37889
202300028713;16;12;2023;02:45;3;22;22278;1;1;1;2;RN12;48,50645;-2,73494
202300028714;16;12;2023;18:55;5;17;17300;2;6;1;3;COGNEHORS   BOULEVARD DE (1-95));46,167354;-1,140128
202300028715;8;9;2023;07:00;2;91;91027;2;2;1;3;AV DE MORANGIS;48,705776;2,367599
202300028716;7;9;2023;08:43;1;87;87085;2;1;1;7;RUCHOUX (AVENUE DES);45,83443;1,24704
202300028717;16;12;2023;06:10;5;13;13215;2;1;1;1;PAUL COXE (RUE);43,34789673;5,37666881
202300028718;15;12;2023;18:10;5;13;13204;2;2;1;3;LOUIS BOTINELLY (RUE);43,29738;5,40658
202300028719;15;12;2023;07:00;5;13;13028;2;6;1;3;LAVAUX (BOULEVARD DE);43,19873;5,62646
202300028720;16;12;2023;02:00;5;13;13001;2;1;1;7;MONNET JEAN (AV);43,5325;5,4262
202300028721;6;9;2023;14:20;1;83;83061;2;3;1;3;RN7;43,462696;6,760045
202300028722;16;12;2023;09:00;1;6;6088;2;3;1;3;ROSSINI (R.);43,70038;7,26149
202300028723;15;12;2023;23:55;5;6;6027;2;4;1;1;CAMPANETTE CHEMIN DE LA;43,6718;7,1643
202300028724;15;12;2023;17:25;5;2;2408;2;1;1;6;67 Rue Nestor Gréhant;49,5696;3,60484
202300028725;8;9;2023;01:12;5;77;77285;1;2;1;3;EUROPE (AVENUE DE L');48,54297;2,63159
202300028726;16;12;2023;19:58;3;1;1031;1;1;1;2;N/A;46,24105;5,6367
202300028727;15;12;2023;17:55;5;1;1053;2;2;1;3;MERCIER (AVENUE AMEDEE DU 45 AU FIN);46,1966;5,2658
202300028728;8;9;2023;11:10;1;76;76498;2;1;1;3;Boulevard Charles de Gaulle;49,421954;1,06529504
202300028729;16;12;2023;18:15;5;75;75118;2;3;1;3;BOULEVARD NEY;48,898096;2,344138
202300028730;7;9;2023;20:35;1;76;76351;2;2;1;3;BOIS AU COQ (AVENUE);49,51855;0,11681
202300028731;16;12;2023;11:30;1;75;75117;2;1;1;3;AVENUE NIEL;48,882459;2,296095
202300028732;7;9;2023;07:50;1;76;76351;2;1;1;2;VERDUN (RUE DE);49,50122;0,14799
202300028733;16;12;2023;17:30;5;75;75113;2;7;1;6;RUE DU DOCTEUR LANDOUZY;48,823261;2,354117
202300028734;15;12;2023;23:58;5;75;75108;2;7;1;3;PLACE CHARLES DE GAULLE;48,87372;2,295704
202300028735;6;9;2023;16:36;1;76;76351;2;2;1;3;LONDES (DES);49,510465;0,16952
202300028736;16;12;2023;18:00;5;94;94081;2;2;1;6;Rue Lavoisier;48,79921748;2,39147794
202300028737;16;12;2023;09:45;1;94;94041;2;1;1;6;Rue Marat;48,81004901;2,38552746
202300028738;8;9;2023;17:55;1;72;72003;2;9;1;3;SUZE (RTE DE LA);47,975;0,158
202300028739;15;12;2023;13:10;1;94;94059;2;3;1;3;avenue maurice berteaux;48,81416;2,56516
202300028740;8;9;2023;09:00;1;72;72181;2;9;1;3;TOUSSAINT (RUE) N° IMP 1 A 61;48,0042;0,18377
202300028741;16;12;2023;09:30;1;93;93005;2;6;1;3;Carrefour Robert Schuman / Route de Mitry;48,9489274;2,51773095
202300028742;16;12;2023;21:00;5;93;93006;2;1;8;6;Rue Sesto Fiorentino;48,863556;2,41864
202300028743;8;9;2023;07:56;1;72;72181;2;9;1;3;GAMBETTA (RUE) N° PAIRS 2 A 22;48,00506;0,19407
202300028744;16;12;2023;09:10;1;93;93029;2;2;1;6;Avenue Henri Barbusse / Rue Charles Gide;48,91673;2,4446
202300028745;8;9;2023;05:27;5;72;72181;2;9;1;6;PATTON GENERAL RTE ST-AUBIN A AV RUBILLA;48,01349;0,170758
202300028746;16;12;2023;18:20;2;93;93007;2;5;1;6;Avenue Pasteur / Avenue de la République;48,93558;2,47543
202300028747;8;9;2023;07:55;1;71;71499;1;1;1;1;LA GARENNE (GRIMPETTE DE);46,66712136;4,29498374
202300028748;16;12;2023;09:30;1;92;92048;2;1;1;1;VAUGIRARD (ROUTE DE);48,8202129;2,24238396
202300028749;7;9;2023;11:40;1;71;71153;2;3;7;3;MARECHAL FOCH (RUE);46,80537;4,43613
202300028750;16;12;2023;13:40;1;92;92023;2;1;7;6;VICTOR HUGO (AVENUE);48,80334;2,26662
202300028751;16;12;2023;14:15;1;92;92004;2;1;1;3;ANJOU D';48,90465006;2,28185892
202300028752;16;12;2023;14:15;1;39;39344;1;1;9;1;N/A;46,734753;5,856031
202300028753;8;9;2023;21:50;5;69;69256;2;5;1;1;Avenue Gabriel Péri;45,77842;4,91647
202300028754;8;9;2023;20:40;5;69;69256;2;1;1;6;Rue Louis Aragon;45,78217;4,92852
202300028755;17;12;2023;04:15;3;62;62453;1;1;1;6;D130;50,52985971;2,19010063
202300028756;7;12;2023;16:45;5;45;45247;2;1;1;6;339 Rue des Pervenches;48,000959;2,701428
202300028757;8;9;2023;06:25;2;69;69282;2;1;1;3;Rue de la République;45,76084824;5,02736526
202300028758;16;12;2023;03:45;3;21;21614;1;1;8;2;A31, PK059.200;47,44646838;5,1686475
202300028759;8;9;2023;18:00;1;69;69290;2;9;1;6;Rue du Maréchal Koenig;45,69434;4,94888
202300028760;16;12;2023;18:10;3;51;51136;1;1;5;6;route departementale 24;49,09888;3,763558
202300028761;17;12;2023;07:57;1;84;84027;1;1;1;1;D238;44,095591;4,721643
202300028762;8;9;2023;16:45;1;69;69259;2;1;1;2;Rue Ernest Renan;45,72583;4,86164
202300028763;17;12;2023;09:00;1;22;22164;1;1;1;6;D 767, PR 29+500;48,580043;-3,231032
202300028764;15;12;2023;22:20;3;14;14061;1;1;1;6;D56;48,953508;-0,888004
202300028765;7;9;2023;16:00;1;69;69259;2;2;1;3;Boulevard Marcel Sembat;45,71441;4,87951
202300028766;8;9;2023;22:48;5;67;67482;2;1;1;6;MUSAU (RUE DE LA);48,56325;7,77923
202300028767;28;11;2023;18:00;3;91;91665;1;1;1;5;RN 20;48,668582;2,279229
202300028768;17;12;2023;03:12;5;971;97109;1;1;2;6;Route nationale 1;15,994985;-61,708046
202300028769;7;9;2023;09:32;1;66;66136;1;1;1;2;N/A;42,6781;2,87085
202300028770;14;12;2023;07:38;2;62;62849;2;6;1;3;D303;50,407969;1,647576
202300028771;8;9;2023;10:15;1;64;64284;1;3;1;3;RAUSKI;43,27117;-0,38889
202300028772;16;12;2023;13:00;1;72;72299;1;4;7;3;D140, lieu-dit Constantine;47,864857;0,337749
202300028773;8;9;2023;11:10;1;64;64024;2;1;1;6;BIARRITZ (AVENUE DE);43,48024;-1,51623
202300028774;17;12;2023;06:56;3;8;8397;1;1;5;7;N/A;49,399645;4,244205
202300028775;6;9;2023;07:34;2;64;64102;1;1;1;1;CHALA (CHEMIN);43,47495;-1,47739
202300028776;16;12;2023;16:35;1;56;56205;1;2;1;3;route saint colombier;47,562895;-2,715511
202300028777;22;8;2023;09:55;1;62;62250;2;3;1;3;Rue Eugène Gaudefroy;50,46638969;2,94229352
202300028778;17;12;2023;12:05;1;65;65363;2;1;1;6;D817;43,111189;0,438155
202300028779;17;12;2023;17:15;1;65;65004;1;1;1;2;D821;43,028366;-0,075289
202300028780;8;9;2023;21:00;2;59;59599;2;9;1;3;SCHUMAN (RUE ROBERT);50,74235;3,1826
202300028781;12;12;2023;08:30;1;33;33108;2;1;1;6;Avenue Gambetta;44,85559469;-0,04147701
202300028782;8;9;2023;03:50;5;59;59122;2;1;1;7;CAUDRY (RUE DE);50,1708;3,24818
202300028783;17;12;2023;12:20;1;63;63040;2;1;1;2;avenue de la République;45,727731;3,33758
202300028784;7;9;2023;09:35;1;56;56121;2;6;1;3;Rue de Verdun;47,76006;-3,36595
202300028785;16;12;2023;09:00;1;42;42013;2;1;1;3;793 Avenue des Farges;45,64639;4,289902
202300028786;8;9;2023;07:45;1;54;54395;2;2;1;6;Rue Sigisbert Adam;48,69924835;6,18050426
202300028787;17;12;2023;04:30;3;47;47203;1;1;5;6;Route de Croquelardit;44,387351;0,785201
202300028788;16;12;2023;15:20;1;68;68290;1;9;1;6;D13;47,939758;7,515477
202300028789;7;9;2023;09:00;1;54;54578;2;3;1;6;Rue la Fontaine;48,67143358;6,15625039
202300028790;16;12;2023;12:05;1;22;22219;1;3;7;3;D768;48,272268;-2,708538
202300028791;6;9;2023;10:09;1;54;54373;2;1;1;6;Avenue de l’Europe;48,57489;6,52737
202300028792;16;12;2023;18:25;3;29;29172;1;4;1;3;D47;48,174804;-4,228454
202300028793;8;9;2023;09:15;1;51;51454;2;1;1;3;EPERNAY (AVENUE D') COTE IMPAIR;49,24096;4,01383
202300028794;7;9;2023;20:05;2;51;51055;2;6;1;3;CHAINE D'OR (PLACE);49,28297;4,04834
202300028795;8;9;2023;08:20;1;50;50147;2;1;1;7;PONT DE SOULLES;49,03641;-1,44385
202300028796;17;12;2023;03:00;3;66;66124;1;9;1;6;route de la calme;42,517497;2,045667
202300028797;7;9;2023;16:45;1;50;50129;2;3;1;3;VALLEE DE QUINCAMPOIX;49,61419;-1,64635
202300028798;16;12;2023;19:20;3;14;14305;1;1;1;7;D142;49,274294;-0,040823
202300028799;6;9;2023;11:35;1;49;49099;2;2;1;6;COUBERTIN (BOULEVARD PIERRE DE);47,04825;-0,87435
202300028800;8;9;2023;15:51;1;49;49246;2;1;1;6;MOULIN MARCILLE CHEMIN;47,4377;-0,5067
202300028801;16;12;2023;16:58;2;14;14542;1;3;1;7;Rue des Canadiens;49,230736;-0,454825
202300028802;7;9;2023;08:51;1;49;49007;2;1;1;3;HAUTE CHAINE PORTE;47,4776;-0,5539
202300028803;7;9;2023;07:41;1;49;49007;2;6;1;6;LECUIT;47,49058;-0,5649
202300028804;17;12;2023;11:30;1;50;50341;2;6;1;3;Zone Artisanale le Haut Gele;49,490347;-1,392635
202300028805;8;9;2023;01:20;3;44;44143;2;1;1;2;Boulevard du Général de Gaulle;47,19305;-1,56962
202300028806;16;12;2023;20:00;5;18;18099;2;1;5;6;Route de Nèrondes;47,084212;2,887575
202300028807;8;9;2023;09:15;1;42;42103;2;9;7;6;Route de Cellieu;45,50394;4,56808
202300028808;8;9;2023;09:45;1;42;42218;2;1;1;6;Place Jean et Hippolyte Vial;45,43546;4,43735
202300028809;16;12;2023;09:40;1;17;17053;2;3;5;3;Rue des Sarrasins;45,896423;-0,788317
202300028810;16;12;2023;21:00;3;87;87140;1;1;1;2;Route de Bellac;45,929976;0,94005
202300028811;8;9;2023;10:20;1;42;42187;2;6;1;4;Boulevard Maréchal Joffre;46,05328;4,07362
202300028812;13;12;2023;13:00;1;30;30123;1;1;1;7;D12;43,711743;4,171693
202300028813;8;9;2023;21:45;5;42;42044;2;1;1;2;Rue Gambetta;45,39622536;4,32572678
202300028814;17;12;2023;16:40;2;8;8367;2;1;5;6;rue du stade;49,918636;4,54755
202300028815;15;12;2023;20:15;5;987;98715;2;1;1;5;RT1 - PK 6+900;-17,570618;-149,615142
202300028816;16;12;2023;10:40;1;67;67033;1;9;1;7;D1340;48,749635;7,688096
202300028817;8;9;2023;18:45;1;38;38179;2;6;1;3;AVENUE DE VIGNATE;45,19213;5,77592
202300028818;8;9;2023;10:25;1;37;37261;2;1;1;3;HEURTELOUP (BOULEVARD);47,391;0,69359
202300028819;17;12;2023;16:20;2;51;51321;1;1;7;4;A4 PK117+400 sens METZ-PARIS;49,206313;3,772109
202300028820;8;9;2023;20:00;1;34;34172;2;1;1;6;SABATIER D'ESPEYRAN (AVENUE FREDERIC);43,62651;3,86653
202300028821;17;12;2023;19:20;4;31;31254;1;1;1;6;D916;43,537034;1,511001
202300028822;17;12;2023;17:50;5;38;38193;1;1;1;7;A43;45,612424;5,216435
202300028823;8;9;2023;18:50;1;33;33162;2;4;1;3;Avenue de Picot;44,88164014;-0,64222491
202300028824;17;12;2023;16:40;1;60;60408;1;1;1;7;A1 PK 071+600;49,477243;2,711992
202300028825;8;9;2023;18:20;1;33;33063;2;1;1;6;Quai des Chartrons;44,85339;-0,56674
202300028826;17;12;2023;01:39;3;77;77185;1;6;5;6;D637;48,463631;2,555265
202300028827;16;12;2023;17:50;1;973;97303;1;1;1;3;Iracoubo;5,436344;-53,103533
202300028828;8;9;2023;07:59;1;33;33522;2;1;1;1;Rue François Rabelais;44,79619;-0,59387
202300028829;17;12;2023;03:15;3;971;97126;1;1;1;2;Lieu Dit Saint Charles;15,945814;-61,312809
202300028830;17;12;2023;00:25;5;45;45177;2;1;5;6;D833 PK 2 + 50;48,120386;2,215247
202300028831;8;9;2023;12:10;1;32;32013;1;1;1;3;BARRAN (CHEMIN DE);43,62646;0,52725
202300028832;17;12;2023;04:52;3;66;66014;1;1;1;6;N/A;42,740852;2,814066
202300028833;17;12;2023;11:30;1;30;30155;2;2;7;3;Chemin de Saint Paul;43,815449;4,469512
202300028834;16;12;2023;21:45;3;4;4063;1;1;1;6;D4096;43,769265;5,759668
202300028835;8;9;2023;12:45;1;30;30007;2;1;1;2; avenue du marechal juin;44,12392;4,10816
202300028836;17;12;2023;18:00;1;13;13081;2;1;1;1;Boulevard Gerard Philipe;43,487016;5,221598
202300028837;7;9;2023;19:30;1;29;29019;2;1;1;6;rue Yves Collet;48,39221006;-4,47975978
202300028838;16;12;2023;18:50;3;13;13048;2;1;1;2;Chemin de la Couderie;43,636863;5,621637
202300028839;16;12;2023;18:32;5;88;88321;2;3;1;3;Rue du 12 Septembre 44;48,353019;5,68212
202300028840;7;9;2023;17:30;1;29;29019;2;3;1;3;rue Gustave Zédé;48,4219;-4,46351
202300028841;17;12;2023;03:20;5;55;55122;2;1;5;6;Rue des Soupirs;48,762904;5,582369
202300028842;16;12;2023;17:45;5;38;38468;1;1;1;3;N7;45,335891;4,80514
202300028843;8;9;2023;14:18;1;27;27229;2;1;1;2;ORLEANS (RUE D');49,001893;1,152961
202300028844;16;12;2023;18:15;3;38;38277;2;3;1;6;D529;45,01182;5,70186
202300028845;8;9;2023;16:21;1;25;25056;2;4;7;3;ORATOIRE RUE DE L';47,233;5,989
202300028846;17;12;2023;11:30;1;1;1301;1;1;1;6;Chemin des Caronnières;46,273036;5,143318
202300028847;6;9;2023;15:55;1;19;19031;2;1;1;6;JAURES (AVENUE JEAN);45,1548;1,53032
202300028848;16;12;2023;20:15;3;81;81011;1;1;5;3;Route de Gaillac;43,74258;1,821011
202300028849;17;12;2023;04:00;3;59;59593;1;1;1;1;D61;50,231697;3,293645
202300028850;15;12;2023;20:01;3;13;13106;1;1;1;7;A51-Sens Marseille vers Aix en Provence;43,40414;5,35783
202300028851;2;9;2023;17:58;1;18;18279;1;1;1;4;16 Route de Neuvy;47,24378;2,09502
202300028852;15;12;2023;17:48;3;13;13210;1;1;1;2;A50-Sens Marseille vers Aubagne;43,28489979;5,41754007
202300028853;12;12;2023;17:15;5;13;13213;1;1;1;2;A507 sens Aubagne- Marseille;43,3294;5,4143
202300028854;12;12;2023;13:40;1;57;57474;1;1;1;5;Autoroute A31;49,25969;6,17735
202300028855;16;12;2023;22:12;3;33;33075;1;1;1;2;ROCADE A 630;44,88864169;-0,59299618
202300028856;16;12;2023;18:00;3;91;91161;1;1;1;2;AUTOROUTE A6;48,70156;2,30847
202300028857;15;12;2023;19:10;3;91;91432;1;1;1;2;AUTOROUTE A6;48,69319;2,32057
202300028858;15;12;2023;17:53;4;91;91689;1;1;1;4;AUTOROUTE A6;48,7331;2,316
202300028859;16;12;2023;17:25;3;95;95018;1;1;1;2;A15;48,95563;2,27798
202300028860;15;12;2023;14:55;1;95;95351;1;1;1;4;N104;49,03164;2,49317
202300028861;15;12;2023;17:00;2;92;92078;1;1;1;3;AUTOROUTE A86;48,92961992;2,32818847
202300028862;15;12;2023;13:05;1;95;95500;1;1;1;4;A15;49,04028501;2,08315467
202300028863;16;12;2023;20:00;3;77;77372;1;1;5;2;RN104;48,8846661;2,66785612
202300028864;19;8;2023;15:15;1;76;76540;2;2;1;1;Rue Nansen;49,44507;1,06379
202300028865;15;12;2023;10:00;1;974;97416;2;1;1;6;DAMBREVILLE (AVENUE DU DR.);-21,33984;55,49165
202300028866;12;12;2023;09:45;1;974;97416;1;1;1;3;BORDIER (CHEMIN);-21,3059;55,4639
202300028867;15;12;2023;09:40;1;974;97411;2;1;1;2;JAURES (BLD 1 JEAN);-20,89066333;55,45511037
202300028868;15;12;2023;20:18;5;973;97302;2;1;1;7;MADELEINE (ROUTE DE LA);4,91878;-52,32167
202300028869;13;12;2023;13:00;1;973;97302;2;3;1;3;MONTABO (ROUTE DE) 2;4,94472;-52,31106
202300028870;15;12;2023;19:50;5;69;69388;2;1;1;6;Avenue Paul Santy;45,73061329;4,87494061
202300028871;28;6;2023;17:25;1;60;60612;1;9;1;6;D1330;49,21123441;2,60738558
202300028872;15;12;2023;19:35;5;69;69387;2;1;1;6;Avenue Tony Garnier;45,73012;4,82406
202300028873;28;6;2023;14:00;1;13;13071;1;1;1;2;A7-Sens Marseille vers Lyon;43,412649;5,281567
202300028874;15;12;2023;08:00;1;971;97120;2;3;1;3;GENERAL DE GAULLE;16,24301697;-61,53961658
202300028875;14;6;2023;15:10;1;69;69152;1;1;1;2;Route de Métropole 7;45,70132;4,83541
202300028876;28;6;2023;07:50;1;92;92012;1;1;1;6;A13;48,84830363;2,23126544
202300028877;15;12;2023;11:49;1;2A;2A004;2;1;1;3;ERBAJOLO CHEMIN;41,94133;8,74448
202300028878;27;6;2023;09:38;1;78;78640;1;1;1;2;;48,778;2,214242
202300028879;14;12;2023;12:47;1;87;87085;2;1;1;6;FLEURUS (BOULEVARD DE);45,83096;1,26344
202300028880;27;6;2023;08:50;1;78;78158;1;1;1;2;A13;48,83258;2,138189
202300028881;15;12;2023;17:13;2;86;86194;2;2;1;1;Viaduc Léon Blum;46,585587;0,333229
202300028882;27;6;2023;17:00;1;75;75120;2;1;1;3;ECHANGEUR BAGNOLET;48,86630511;2,4131552
202300028883;15;12;2023;06:00;5;84;84035;2;9;1;3;BOSCODOMINI (AVENUE);43,81746;5,0437
202300028884;27;6;2023;17:30;1;95;95500;1;1;1;2;A15;49,03617521;2,09541678
202300028885;14;12;2023;18:15;5;83;83062;2;1;1;3;DELAGE (RUE MARC);43,12494;6,00476
202300028886;27;6;2023;07:00;1;92;92078;1;1;1;2;AUTOROUTE A86;48,92763127;2,33308867
202300028887;12;12;2023;14:10;1;83;83118;2;3;1;6;RUE LÉON ISNARD;43,42604;6,77004
202300028888;26;6;2023;00:55;3;95;95527;1;1;1;2;A1;49,00062;2,52238
202300028889;13;12;2023;21:00;5;80;80001;2;1;2;3;PRESIDENT ROBERT SCHUMAN (du);50,10597;1,85772
202300028890;27;6;2023;19:05;1;76;76114;2;6;1;6;Boulevard Jules Passas;49,56987;0,47858
202300028891;24;6;2023;11:45;1;83;83126;2;1;1;6;ROUVE (LA );43,1002;5,90001
202300028892;16;6;2023;13:47;1;68;68224;2;1;1;6;KOECHLIN (RUE);47,75528;7,33616
202300028893;15;12;2023;10:10;1;77;77285;2;1;1;6;RESISTANCE  (AVENUE DE LA );48,5416;2,6283
202300028894;15;12;2023;19:35;5;77;77284;2;1;1;6;D603;48,953027;2,883742
202300028895;15;12;2023;19:02;5;77;77464;2;9;1;6;CORNILLOT (RUE);48,88434;2,71147
202300028896;16;6;2023;07:50;1;988;98818;2;3;1;3;RUE DE METZ/ROUTE DU PORT DESPOINTES;-22,27754;166,45047
202300028897;27;6;2023;13:35;1;973;97302;1;6;1;7;GALMOT (ROND-POINT);4,92155;-52,32978
202300028898;15;12;2023;23:30;5;77;77131;2;2;5;2;STRASBOURG (AVENUE DE);48,80323;3,08564
202300028899;27;6;2023;23:35;5;69;69387;2;2;1;1;Rue de Marseille;45,74683;4,83678
202300028900;27;6;2023;18:15;1;69;69388;2;1;1;6;14b Rue de Champagneux;45,73084;4,85108
202300028901;27;6;2023;09:30;1;69;69149;2;1;1;7;21 Grande Rue;45,71875;4,81029
202300028902;25;6;2023;23:20;3;971;97113;1;9;1;1;RN4-ROND POINT SAINT FELIX;16,20737372;-61,45651102
202300028903;15;12;2023;18:30;5;76;76429;2;1;8;3;Route de Paris;49,4099;1,14278
202300028904;27;6;2023;13:40;1;91;91161;2;1;1;4;AV PIERRE BROSSOLETTE;48,70009;2,31765
202300028905;27;6;2023;15:40;1;91;91326;2;1;1;3;COUR DE FRANCE (AVENUE DE LA);48,69141;2,37059
202300028906;26;6;2023;07:29;1;87;87085;2;3;1;3;PERRIN (RUE FRANCOIS);45,82916;1,24372
202300028907;26;6;2023;14:30;1;83;83069;2;1;1;6;GAMBETTA (AVENUE);43,117152;6,128597
202300028908;26;6;2023;09:15;1;83;83061;2;6;1;6;AVENUE DE LATTRE DE TASSIGNY;43,43094;6,75464
202300028909;23;6;2023;18:30;1;80;80021;1;1;1;2;SAINT HONORE (RUE);49,88804;2,28904
202300028910;27;6;2023;10:10;1;79;79191;1;2;1;3;;46,3561;-0,4812
202300028911;27;6;2023;20:50;2;76;76575;2;3;1;6;Rue Moliere;49,403671;1,075423
202300028912;24;6;2023;21:36;1;76;76351;2;3;1;3;FRANCOIS 1ER (BD);49,49027;0,10076
202300028913;2;6;2023;08:40;1;73;73008;2;1;1;1;SOURCES DE ST SIMOND CHEMIN DES;45,70940965;5,91937914
202300028914;26;6;2023;11:30;1;72;72181;2;9;1;2;DEMORIEUX ENTRE PT CHEM DE FER ET HUISNE;47,9981;0,1889
202300028915;26;6;2023;08:45;1;72;72181;2;9;1;3;BOEUFS LE PETIT HOUX (CHEMIN AUX);47,95386;0,21985
202300028916;26;6;2023;18:30;1;71;71105;2;3;1;3;COUPEE (GRANDE-RUE DE LA);46,30973;4,80018
202300028917;27;6;2023;18:10;1;69;69259;2;1;1;3;Avenue Francis de Pressensé;45,72589;4,86314
202300028918;27;6;2023;22:50;3;67;67482;2;1;1;1;GENERAL KOENIG (QUAI DU);48,57543;7,75674
202300028919;27;6;2023;16:35;1;67;67482;2;1;1;2;FRERES EBERTS (RUE DES);48,55327;7,74289
202300028920;15;6;2023;18:10;1;67;67482;2;7;1;3;MARTIN SCHONGAUER (RUE);48,56778;7,72361
202300028921;16;6;2023;17:55;1;64;64445;2;1;1;3;OLOF PALME;43,33861;-0,37884
202300028922;26;6;2023;15:57;1;64;64140;2;1;1;6;DUBOY (RUE ANDRE);43,52832;-1,49395
202300028923;15;6;2023;19:00;1;59;59508;2;2;1;1;DRONCKAERT (RUE DU);50,74037;3,13213
202300028924;27;6;2023;21:00;1;59;59512;2;1;1;6;VERDUN (AVENUE DE);50,68637;3,19925
202300028925;26;6;2023;17:30;1;57;57463;2;1;1;3;DRAPIERS (RUE DES );49,11755;6,24722
202300028926;26;6;2023;15:13;1;57;57463;2;1;1;7;SEBASTOPOL (AVENUE DE );49,1094;6,23085
202300028927;27;6;2023;11:00;1;54;54395;2;1;1;3;Avenue de Strasbourg;48,68081262;6,1942184
202300028928;26;6;2023;12:15;1;54;54395;2;1;1;3;Avenue de la Libération;48,69616795;6,16286606
202300028929;27;6;2023;11:20;1;54;54575;1;1;1;6;D125;49,457554;5,851464
202300028930;27;6;2023;16:45;1;51;51454;2;1;1;3;ESSILLARDS (RUE DES);49,23283;4,04788
202300028931;27;6;2023;11:30;1;51;51573;2;1;1;6;BRIAND (RUE ARISTIDE);49,25015;4,00809
202300028932;23;6;2023;07:35;1;50;50129;2;1;1;6;DELAVILLE ( AVENUE);49,63589;-1,62552
202300028933;27;6;2023;11:48;1;49;49007;2;1;1;6;PLANTAGENET;47,47238;-0,55455
202300028934;26;6;2023;18:00;1;49;49015;2;6;1;3;LANGEVIN RUE PAUL;47,5178;-0,6083
202300028935;26;6;2023;06:45;1;49;49246;2;6;1;2;MOULIN MARCILLE CHEMIN;47,43676;-0,50428
202300028936;27;6;2023;16:26;1;47;47001;2;1;1;3;BARA (RUE JOSEPH);44,20329;0,62171
202300028937;27;6;2023;16:50;1;45;45234;2;1;1;3;33 Rue Basse d'Ingré;47,90525;1,88967
202300028938;27;6;2023;18:00;1;43;43157;2;1;1;2;40 Avenue des Belges;45,049122;3,900097
202300028939;27;6;2023;16:15;1;43;43041;2;9;1;7;Chemin du Stade;45,04319;3,93303
202300028940;27;6;2023;08:48;1;43;43157;2;1;1;3;Rue Burel;45,04084;3,88707
202300028941;27;6;2023;20:55;1;37;37233;2;1;1;3;RABATERIE ( RUE DE LA );47,39199;0,73467
202300028942;27;6;2023;09:20;1;34;34172;2;4;1;6;261 Rue de Puech Villa;43,64139;3,83493