Num_Acc;jour;mois;an;hrmn;lum;dep;com;agg;int;atm;col;adr;lat;long
202300028943;25;6;2023;10:40;1;34;34003;1;1;1;6;RD51;43,320358;3,47606
202300028944;27;6;2023;20:15;1;25;25056;1;1;1;6;RN 1057 (ROUTE DE GRAY-CH.EPITAPHE);47,24028;5,98111
202300028945;27;6;2023;20:29;1;25;25056;2;3;1;3;MONTS DE BREGILLE RUELLE DES;47,242525;6,044741
202300028946;27;6;2023;15:00;1;25;25056;2;2;1;2;CHOPARD RUE ALEXIS;47,24896;6,03135
202300028947;27;6;2023;11:20;1;25;25056;2;1;1;6;DENFERT ROCHEREAU AVENUE;47,244;6,027
202300028948;27;6;2023;08:20;1;25;25056;2;1;1;3;rue francis clerc;47,257674;6,017568
202300028949;26;6;2023;13:15;1;14;14333;2;1;1;6;Quai de la Quarantaine;49,420462;0,234681
202300028950;27;6;2023;08:35;1;13;13117;2;2;1;3;CD20 E;43,42721;5,23544
202300028951;27;6;2023;07:40;1;13;13047;1;1;1;2;RN 569;43,55042;4,95739
202300028952;27;6;2023;14:17;1;6;6088;2;2;1;6;RIQUIER (BD DE);43,703245;7,289539
202300028953;26;6;2023;13:20;1;6;6069;2;1;1;3;SAINT MATHIEU (ROUTE ET PLACE);43,657294;6,933256
202300028954;27;6;2023;08:30;1;6;6029;2;9;1;3;TONNER (AVENUE FRANCIS);43,55026;6,95767
202300028955;27;6;2023;10:24;1;5;5061;2;1;1;7;VARSIE  ( RUE DE );44,57933;6,07414
202300028956;27;6;2023;22:30;5;1;1053;2;9;1;3;Route de Marboz;46,22257;5,22853
202300028957;27;6;2023;08:35;1;75;75120;2;1;1;5;PORTE DES LILAS;48,876534;2,409645
202300028958;26;6;2023;08:20;1;75;75116;2;4;1;2;PORTE MAILLOT;48,877655;2,280344
202300028959;26;6;2023;10:20;1;75;75120;2;1;1;5;PORTE DE MONTREUIL;48,852713;2,414464
202300028960;26;6;2023;09:50;1;75;75117;2;1;1;2;PORTE DE CHAMPERRET;48,887035;2,29029
202300028961;27;6;2023;13:30;1;75;75112;2;1;1;2;BOULEVARD PERIPHERIQUE INTERIEUR SUD;48,831429;2,403851
202300028962;26;6;2023;18:10;1;75;75115;2;9;1;6;RUE FALGUIERE;48,839882;2,31243
202300028963;27;6;2023;10:30;1;75;75105;2;2;1;3;QUAI DE LA TOURNELLE;48,851104;2,351295
202300028964;27;6;2023;18:50;1;75;75120;2;3;1;2;RUE DE BAGNOLET;48,859665;2,403088
202300028965;27;6;2023;18:31;1;75;75119;2;2;1;6;PORTE DE LA VILLETTE;48,89853;2,386531
202300028966;27;6;2023;15:45;1;75;75119;2;7;1;3;PLACE AUGUSTE BARON;48,900657;2,387002
202300028967;27;6;2023;14:55;1;75;75118;2;3;1;3;BOULEVARD DE CLICHY;48,884531;2,326964
202300028968;22;6;2023;03:00;5;75;75117;2;2;1;7;RUE DE ROME;48,885669;2,316823
202300028969;27;6;2023;18:40;1;75;75116;2;2;1;3;PLACE DE COLOMBIE;48,86263148;2,26811349
202300028970;27;6;2023;09:45;1;75;75116;2;1;1;2;ROUTE DES TRIBUNES;48,86215;2,230505
202300028971;27;6;2023;17:15;1;75;75115;2;3;1;3;AVENUE DE SUFFREN;48,851563;2,30026
202300028972;26;6;2023;09:25;1;75;75114;2;1;1;3;AVENUE DU GENERAL LECLERC;48,83178;2,330318
202300028973;26;6;2023;08:55;1;75;75115;2;2;1;3;RUE DE JAVEL;48,843769;2,286354
202300028974;27;6;2023;17:55;1;75;75113;2;1;1;6;RUE DES CORDELIERES;48,834224;2,34896
202300028975;16;6;2023;18:40;1;75;75113;2;4;1;3;BOULEVARD MASSENA;48,822639;2,373072
202300028976;27;6;2023;16:55;1;75;75112;2;1;1;2;RUE DE CHARENTON;48,83464;2,393516
202300028977;9;6;2023;22:40;5;75;75112;2;1;1;6;RUE CHALIGNY;48,848219;2,384001
202300028978;27;6;2023;18:00;1;75;75109;2;1;1;2;RUE DU DELTA;48,882419;2,348927
202300028979;27;6;2023;10:34;1;75;75108;2;1;1;3;BOULEVARD MALESHERBES;48,872742;2,321368
202300028980;27;6;2023;09:56;1;75;75115;2;2;1;2;RUE LINOIS;48,847675;2,284142
202300028981;27;6;2023;08:30;1;75;75103;2;3;1;3;BOULEVARD BEAUMARCHAIS;48,857607;2,368059
202300028982;27;6;2023;18:45;1;94;94044;2;1;1;6;Rue Paul Valéry;48,75308;2,47521
202300028983;27;6;2023;11:30;1;94;94058;2;1;1;3;Boulevard d'Alsace-lorraine;48,852028;2,509349
202300028984;26;6;2023;09:10;1;94;94042;2;2;1;1;Avenue du Général Galliéni;48,82011;2,47841
202300028985;27;6;2023;20:10;1;94;94081;2;2;1;3;Avenue Lucien Français;48,78504743;2,38848594
202300028986;27;6;2023;19:05;1;94;94081;2;1;1;3;21 Avenue Anatole France;48,80264;2,403547
202300028987;25;6;2023;14:51;1;94;94019;2;2;1;3;Rue du Pont;48,79023;2,52244
202300028988;27;6;2023;11:30;1;94;94075;2;3;1;2;Av du Mal de Lattre de Tassigny;48,73443;2,52009
202300028989;26;6;2023;14:40;1;93;93078;2;1;1;6;Boulevard Robert Ballanger;48,95637737;2,54154498
202300028990;27;6;2023;11:45;1;93;93059;2;3;1;3;Chemin des Joncherolles / Rue du 8 Mai 1945;48,95839508;2,35401928
202300028991;24;6;2023;12:00;1;93;93064;2;1;1;3;Rue du 4e Zouave;48,87279231;2,47799054
202300028992;27;6;2023;18:45;1;93;93001;2;1;1;3;Rue du Clos Bénard;48,9121;2,38549
202300028993;26;6;2023;09:10;1;93;93001;2;2;1;3;Rue Lopez et Jules Martin / Rue Danielle Casanova;48,91549654;2,3999523
202300028994;27;6;2023;20:20;1;92;92064;2;1;1;7;REPUBLIQUE;48,851584;2,213067
202300028995;26;6;2023;17:00;1;92;92051;2;1;1;3;ROULE (AVENUE DU, N° 29 A 91 ET 30 A 86);48,88264;2,27685
202300028996;23;6;2023;12:30;1;92;92051;2;2;1;6;ROULE (AVENUE DU, N° 29 A 91 ET 30 A 86);48,88189591;2,28016287
202300028997;27;6;2023;18:45;1;92;92040;2;2;1;3;CAMILLE DESMOULINS;48,83153541;2,26721585
202300028998;27;6;2023;21:20;2;92;92012;2;1;1;7;SILLY (RUE DE) 89/FIN - 90/FIN;48,83394756;2,2331804
202300028999;12;6;2023;20:15;1;92;92004;2;1;1;6;ALBERT DE MUN;48,920565;2,281368
202300029000;10;6;2023;07:40;1;92;92004;2;2;1;3;ARGENTEUIL AV D';48,92122;2,27841
202300029001;26;6;2023;18:15;1;92;92004;2;4;1;6;PARFUMERIE ( RUE DE LA );48,91344328;2,29918152
202300029002;15;6;2023;07:50;1;92;92004;2;1;1;3;AULAGNIER ( QUAI );48,914752;2,312129
202300029003;28;6;2023;14:55;1;76;76421;1;1;1;5;D6015;49,554937;0,426793
202300029004;28;6;2023;18:29;1;80;80569;1;2;1;3;Rue d'Harbonnières;49,890052;2,652442
202300029005;27;6;2023;13:20;1;11;11069;1;1;1;2;N/A;43,192275;2,364119
202300029006;25;6;2023;02:39;3;33;33392;1;1;1;6;D10;44,600067;-0,291524
202300029007;28;6;2023;17:12;1;31;31573;1;1;1;6;D112;43,664783;1,720519
202300029008;28;6;2023;11:40;1;42;42284;1;2;1;3;Rte de Saint Germain Lespinasse;46,09298;3,974717
202300029009;28;6;2023;00:50;3;51;51476;1;1;1;7;D977;49,015581;4,410152
202300029010;28;6;2023;11:14;1;44;44111;1;1;1;1;La Noé;47,370269;-1,725331
202300029011;26;6;2023;07:50;1;62;62269;1;1;1;5;D941;50,433518;2,450125
202300029012;24;6;2023;09:00;1;56;56128;1;3;7;3;Toulmelin;47,999367;-3,092555
202300029013;27;6;2023;19:15;1;79;79005;2;1;1;1;;46,824525;-0,140778
202300029014;28;6;2023;07:55;1;2A;2A130;1;1;1;1;Lorello;41,875593;8,80066
202300029015;27;6;2023;21:10;1;33;33289;2;1;1;1;2bis Avenue Jean-paul Glanet;44,650575;0,085388
202300029016;26;6;2023;18:30;1;63;63430;2;2;1;3;RD44 / route du Fau;45,85599;3,524219
202300029017;28;6;2023;16:00;1;49;49330;1;2;7;3;lieu dit le trou noir;47,648647;-0,62371
202300029018;28;6;2023;14:45;1;12;12198;2;2;1;3;Route de Rodez;44,305578;2,249429
202300029019;28;6;2023;13:45;1;42;42019;2;5;1;5;Rue de Roanne;45,750045;4,008642
202300029020;27;6;2023;18:40;1;47;47111;1;1;1;1;RD 666;44,366907;0,462273
202300029021;28;6;2023;04:40;3;68;68377;1;1;1;6;Rue de Walheim;47,624548;7,272717
202300029022;26;6;2023;06:45;1;25;25321;1;3;1;3;D398;47,090511;6,694094
202300029023;28;6;2023;15:50;1;2;2201;2;1;1;6;25 Rue des Gais Voisins;49,340496;3,156416
202300029024;25;6;2023;16:15;1;70;70315;1;1;1;5;D64;47,907024;6,293322
202300029025;27;6;2023;22:12;3;70;70353;1;1;1;6;RD15 - PK 53+600;47,278618;5,669407
202300029026;26;6;2023;11:50;1;6;6120;1;1;1;6;M2205;44,238066;6,941997
202300029027;28;6;2023;16:00;1;6;6090;1;1;1;1;Route de Tanneron;43,588256;6,910014
202300029028;27;6;2023;15:15;1;14;14298;1;1;1;7;Route du Wigwam;49,35746;-1,103075
202300029029;28;6;2023;11:45;1;5;5163;1;1;1;1;Les Demoiselles Coiffées (Attraction);44,49548;6,342802
202300029030;26;6;2023;16:45;1;50;50365;1;3;1;4;D971;48,941329;-1,4867
202300029031;27;6;2023;19:20;1;60;60045;2;2;1;1;2 Rue du Général Taupin;49,223014;2,668675
202300029032;28;6;2023;07:40;1;18;18129;1;1;1;2;;46,959887;2,379089
202300029033;27;6;2023;08:20;1;18;18111;1;1;1;6;;47,244338;2,665912
202300029034;27;6;2023;16:40;1;10;10226;1;1;1;3;D43;48,1902161;4,35093901
202300029035;28;6;2023;10:15;1;40;40217;1;3;1;1;D652;44,367505;-1,109469
202300029036;24;6;2023;13:15;1;4;4209;2;2;1;1;Route de la Motte du Caire;44,217855;5,939543
202300029037;27;6;2023;16:32;1;4;4173;1;1;1;6;Route de Nice;43,947806;6,512489
202300029038;27;6;2023;16:18;1;4;4174;1;1;1;1;N202;43,963693;6,74243
202300029039;28;6;2023;12:16;1;85;85234;2;1;1;3;24 Rue neuve;46,7869;-2,073589
202300029040;27;6;2023;17:15;1;37;37139;1;1;1;3;route départementale 3;47,43446443;0,53337336
202300029041;27;6;2023;02:00;5;30;30006;2;2;1;3;Rue de la Garrigue;43,69969;4,198987
202300029042;28;6;2023;07:45;1;30;30329;1;1;1;1;RD907;44,063417;3,931491
202300029043;27;6;2023;18:15;5;987;98734;2;1;1;3;PK 36 RT1;-17,712;-149,508
202300029044;15;6;2023;12:25;1;38;38553;2;3;1;1;impasse paul bert;45,618499;5,148066
202300029045;28;6;2023;11:30;1;6;6079;1;1;1;2;Autoroute A8 - pk 155.800 nord;43,539683;6,918941
202300029046;28;6;2023;12:30;1;38;38104;1;1;1;2;Autoroute A43 de Lyon à Chambéry;45,5705033;5,59244545
202300029047;27;6;2023;00:40;5;973;97304;2;1;1;6;Avenue de France;5,172098;-52,649783
202300029048;27;6;2023;22:50;3;973;97305;1;1;2;5;Route Nationale 1;4,925282;-52,390366
202300029049;28;6;2023;01:42;3;77;77088;1;1;1;6;D152;48,309093;2,535626
202300029050;28;6;2023;13:15;1;77;77127;1;1;1;1;D 471 ;48,676383;2,684591
202300029051;28;6;2023;10:17;1;30;30039;2;2;1;3;D6086;43,882127;4,490409
202300029052;24;6;2023;19:10;1;34;34213;2;1;1;6;Rue Marcel Palat;43,486679;3,670087
202300029053;28;6;2023;10:50;1;34;34296;2;1;1;6;195 Chemin de l’Escouo Port;43,759104;4,052582
202300029054;28;6;2023;17:30;1;83;83143;1;1;1;1;D562;43,452598;6,106886
202300029055;28;6;2023;14:20;1;89;89198;1;1;1;3;AUTOROUTE A6;47,856262;3,566871
202300029056;27;6;2023;10:10;1;21;21442;2;9;1;7;D974;47,196503;4,969683
202300029057;24;6;2023;00:24;3;67;67067;1;1;1;7;D263;48,747389;7,721651
202300029058;28;6;2023;14:45;1;42;42180;1;4;1;3;Route des Baluzes;45,589184;4,155772
202300029059;27;6;2023;11:50;1;38;38072;1;1;1;1;Route de Marseille;45,31024326;4,80923341
202300029060;27;6;2023;16:45;1;69;69004;1;1;1;6;46 Rue Aymé Chalus;45,907907;4,650841
202300029061;23;6;2023;10:40;1;31;31135;2;1;1;7;Carrefour Market (Supermarché);43,210994;1,083891
202300029062;28;6;2023;12:00;1;40;40123;1;1;1;1;départementale 947;43,831833;-1,101379
202300029063;28;6;2023;11:30;1;33;33413;1;3;1;3;Route de la Souloire;44,84998693;-0,32750845
202300029064;26;6;2023;12:10;1;33;33056;2;3;1;3;Rue Georges Guynemer;44,923845;-0,621768
202300029065;28;6;2023;16:30;1;50;50139;1;1;1;6;29 Route de Giéville;49,035118;-1,020731
202300029066;27;6;2023;15:24;1;59;59581;2;1;1;7;13 Rue de l'Epinette;50,676858;2,793451
202300029067;27;6;2023;16:20;1;13;13071;1;1;1;6;A5501DSens Lyon vers A55-Mlle Vieux Port;43,40187;5,298426
202300029068;24;5;2023;09:25;1;13;13085;2;1;1;3;A50-Sens Aubagne vers Toulon;43,260602;5,591558
202300029069;21;6;2023;18:25;1;13;13213;1;1;1;4;A507 sens Marseille - Aubagne;43,32992;5,40637
202300029070;13;6;2023;12:30;1;13;13071;1;1;1;4;A7-Sens Marseille vers Lyon;43,41205;5,28258
202300029071;27;6;2023;18:35;5;83;83137;1;1;1;2;A50 TUNNEL TUBE SUD;43,12696802;5,92140338
202300029072;26;6;2023;07:08;1;69;69382;2;1;1;3;Route de Métropole 7;45,73721;4,82087
202300029073;27;6;2023;09:00;1;69;69276;1;1;1;5;Boulevard Urbain Sud;45,68688222;4,86796407
202300029074;27;6;2023;17:46;1;33;33162;1;1;1;3;ROCADE A 630;44,86237;-0,65703
202300029075;9;10;2023;10:20;1;37;37261;2;4;1;3;SAINT BARTHELEMY (RUE ET ALLEE);47,41217;0,70001
202300029076;9;10;2023;08:30;2;37;37122;1;1;1;5;RD 37;47,34465818;0,64632654
202300029077;26;9;2023;21:15;5;34;34172;2;1;1;7;MONTELS-EGLISE (RUE DE);43,58307;3,8871
202300029078;7;10;2023;15:45;1;34;34003;2;1;1;5;HYPER U (PARKINGS);43,29872;3,47765
202300029079;10;10;2023;17:15;1;33;33069;2;2;1;3;Boulevard Pierre 1er;44,85705;-0,59111
202300029080;9;10;2023;19:15;1;33;33200;2;6;1;3;Rue Georges Clémenceau;44,8778;-0,67713
202300029081;9;10;2023;18:00;1;33;33063;2;3;1;3;Rue Lucien Faure;44,86199724;-0,55604607
202300029082;9;10;2023;09:20;1;31;31555;1;1;1;2;20 LESPINET  (PERIPH OUEST A620);43,56705;1,48216
202300029083;9;10;2023;12:10;1;31;31483;2;6;1;3;D921;43,09515;0,73609
202300029084;5;10;2023;16:59;1;30;30189;2;1;1;3;Boulevard du Président Salvador Allende;43,82331;4,36769
202300029085;9;9;2023;12:50;1;30;30189;2;2;1;3;Rue Notre Dame;43,8372;4,3663
202300029086;9;10;2023;19:50;2;30;30007;2;6;1;3;Avenue Monge;44,14584;4,10096
202300029087;9;10;2023;14:45;1;30;30007;2;1;1;2;Quai de Grabieux;44,13875;4,08534
202300029088;9;10;2023;15:20;1;29;29232;2;2;1;6;Pont Max Jacob;47,99352;-4,1058
202300029089;9;10;2023;07:36;5;29;29019;2;3;1;3;rue de Guilers;48,38839489;-4,51576978
202300029090;9;10;2023;13:33;1;27;27681;2;1;1;3;POTERIE (RUE DE LA);49,08129;1,4841
202300029091;9;10;2023;12:40;1;22;22113;2;3;1;3;PRUD'HOMME (RUE SULLY);48,742034;-3,474243
202300029092;8;10;2023;08:25;1;19;19031;2;6;1;3;RHIN ET DANUBE (ROND POINT);45,14464;1,47591
202300029093;9;10;2023;15:30;1;15;15014;2;1;1;6;RD 120;44,9223;2,42771
202300029094;9;10;2023;10:40;1;15;15014;2;1;1;3;RD 120;44,9193;2,42842
202300029095;7;10;2023;23:38;5;15;15014;2;1;1;6;CHAZERAT (RUE);44,92992;2,44705
202300029096;8;10;2023;20:40;5;14;14069;2;1;1;7;108 Route d’Orbec;49,13085;0,25827
202300029097;9;10;2023;15:30;1;14;14118;2;1;1;2;2 Boulevard André Detolle;49,183072;-0,387234
202300029098;9;10;2023;09:20;1;13;13213;2;9;1;6;MARCEL DELPRAT (AVENUE);43,3343;5,45454
202300029099;5;10;2023;18:00;1;13;13005;2;1;1;1;BLANCARD (PROMENADE PIERRE);43,297;5,5686
202300029100;8;10;2023;09:40;1;12;12202;2;1;1;6;JEAN MONNET (AVENUE);44,35852;2,55699
202300029101;10;10;2023;07:34;2;10;10325;2;2;1;1;Rue de la Liberté;48,26305;4,05908
202300029102;9;10;2023;08:32;1;10;10081;2;1;1;4;PENETRANTE NORD;48,31608;4,0624
202300029103;6;10;2023;17:28;1;10;10387;2;3;1;3;FAUBOURG CRONCELS (RUE DU);48,28328;4,07888
202300029104;9;10;2023;18:00;1;7;7281;2;1;1;3;NARVIK (RUE DE);44,94862;4,84538
202300029105;23;8;2023;10:27;1;6;6083;2;2;1;6;EDOUARD VII (AVENUE);43,7731;7,49565
202300029106;9;10;2023;15:35;1;6;6029;2;9;1;3;GRASSE (AVENUE DE);43,55506;7,00839
202300029107;9;10;2023;10:45;1;6;6030;2;1;1;6;SADI CARNOT (BOULEVARD);43,57553;7,01691
202300029108;9;10;2023;13:20;1;4;4070;2;1;1;7;JUIN (AV. MAR.);44,08159;6,22268
202300029109;7;10;2023;20:28;5;3;3190;2;3;1;3;TANNERIES (RUE DES);46,56608;3,33721
202300029110;6;10;2023;20:20;3;2;2212;1;1;1;1;N/A;49,63188;3,27725
202300029111;10;10;2023;19:15;5;75;75116;2;1;1;4;PORTE DAUPHINE;48,872906;2,274447
202300029112;9;10;2023;21:10;5;75;75113;2;4;1;2;PORTE D ITALIE;48,816114;2,362523
202300029113;10;10;2023;17:40;1;75;75120;2;4;1;6;RUE DES RONDONNEAUX;48,863476;2,39958
202300029114;10;10;2023;10:30;1;75;75119;2;2;1;6;RUE DU MAROC;48,886468;2,369355
202300029115;10;10;2023;08:45;1;75;75116;2;7;1;3;PLACE DE L ALMA;48,86453;2,301301
202300029116;10;10;2023;17:20;1;75;75114;2;4;1;7;BOULEVARD RASPAIL;48,839223;2,330616
202300029117;10;10;2023;11:15;1;75;75114;2;2;1;7;BOULEVARD JOURDAN;48,82323743;2,32553959
202300029118;10;10;2023;16:10;1;75;75113;2;9;1;3;RUE BAUDRICOURT;48,825743;2,363021
202300029119;10;10;2023;11:25;1;75;75112;2;1;1;3;RUE DE BERCY;48,84389;2,373163
202300029120;10;10;2023;08:10;1;75;75112;2;1;1;3;AVENUE DAUMESNIL;48,836218;2,404759
202300029121;10;10;2023;21:05;5;75;75111;2;1;1;3;RUE OBERKAMPF;48,866005;2,378851
202300029122;10;10;2023;19:10;2;75;75109;2;2;1;3;BOULEVARD DE ROCHECHOUART;48,88327;2,34692
202300029123;10;10;2023;16:05;1;75;75108;2;1;1;6;BOULEVARD MALESHERBES;48,880151;2,30778
202300029124;10;10;2023;09:50;1;75;75108;2;7;1;1;Place de l'Alma;48,86421248;2,3018074
202300029125;9;10;2023;17:45;1;75;75107;2;3;1;2;AVENUE DE BRETEUIL;48,848832;2,31142
202300029126;10;10;2023;14:20;1;75;75104;2;2;1;5;BOULEVARD HENRI IV;48,852069;2,365442
202300029127;10;10;2023;14:30;1;75;75101;2;2;1;6;RUE DE RIVOLI;48,859632;2,34481
202300029128;10;10;2023;13:35;1;75;75101;2;3;1;3;RUE DE LA GRANDE TRUANDERIE;48,862469;2,350437
202300029129;10;10;2023;09:30;1;75;75103;2;2;1;6;RUE DE TURBIGO;48,866844;2,361909
202300029130;9;10;2023;23:00;5;94;94081;2;1;1;3;Avenue Paul Vaillant Couturier;48,796514;2,398536
202300029131;10;10;2023;16:35;1;94;94078;2;9;1;3;Avenue Winston Churchill;48,754034;2,44869938
202300029132;10;10;2023;18:20;1;94;94028;1;1;1;2;Avenue du Maréchal Foch;48,777659;2,438597
202300029133;10;10;2023;11:30;1;94;94068;2;1;1;6;40bis Rue du Four;48,812424;2,472948
202300029134;10;10;2023;08:06;1;94;94054;2;2;1;3;Av des Martyrs de Chateaubriant;48,74946;2,40649
202300029135;10;10;2023;20:50;5;94;94018;2;6;1;6;Quai des Carrieres;48,8184;2,41098
202300029136;10;10;2023;19:35;5;94;94071;2;3;1;6;rue Delacroix;48,77498;2,52548
202300029137;10;10;2023;17:40;1;93;93078;2;1;1;6;Avenue du Sausset;48,96271;2,5166
202300029138;10;10;2023;14:00;1;93;93073;2;1;1;4;Avenue du Valquiou;48,98068471;2,53191924
202300029139;10;10;2023;00:05;5;93;93007;2;3;1;6;Rue Jean-Pierre Timbaud / Allée des Dahlias;48,943732;2,451453
202300029140;9;10;2023;21:20;5;93;93071;2;3;1;3;Rue du Pont Blanc / Rue Gabriel Péri;48,94228;2,53269
202300029141;10;10;2023;13:40;1;93;93051;2;2;1;3;Boulevard du Ru de Nesles / Rue des Aerostiers;48,831894;2,584045
202300029142;10;10;2023;21:30;3;93;93008;2;6;1;3;Avenue Paul Vaillant - Couturier / Avenue Pierre Sémard;48,909534;2,445693
202300029143;10;10;2023;18:22;1;92;92078;1;1;1;1;CHARLES DE GAULLE (BD) (71 AU 153);48,93888;2,32686
202300029144;9;10;2023;20:30;5;92;92072;2;9;1;7;GRANDE RUE;48,82382901;2,20884025
202300029145;10;10;2023;16:15;1;92;92064;2;1;1;6;DOCTEUR DESFOSSEZ;48,84382012;2,21857872
202300029146;4;10;2023;09:18;1;92;92063;2;1;7;6;DIX-HUIT JUIN 1940 (AVENUE DU) EST;48,86782629;2,19519585
202300029147;10;10;2023;13:30;1;92;92051;2;1;1;3;BOURDON (BOULEVARD);48,89398568;2,26802149
202300029148;10;10;2023;17:58;1;92;92049;2;1;1;6;PERIER RUE N°35 A 88 ET 26B A 90;48,81422025;2,31574394
202300029149;9;10;2023;13:08;1;92;92036;2;3;1;5;GENERAL DE GAULLE (AVENUE) (PAIRS);48,93377574;2,31337667
202300029150;10;10;2023;08:00;1;92;92024;2;1;1;2;HENRI BARBUSSE (RUE) DE (73 A 139);48,89999;2,30614
202300029151;10;10;2023;17:12;1;92;92019;2;3;1;3;DIVISION LECLERC (AVENUE DE LA);48,76552798;2,26040125
202300029152;10;10;2023;16:33;1;92;92007;2;1;1;2;MONTROUGE (AVENUE DE);48,78525992;2,31013656
202300029153;10;10;2023;11:48;1;17;17094;2;6;1;3;boulevard aristide briand;46,076878;-1,088076
202300029154;6;10;2023;22:55;3;36;36097;2;1;1;3;Route de Vatan;47,02692317;1,75692953
202300029155;10;10;2023;13:30;1;76;76392;2;2;7;6;Rue du Maréchal Leclerc;49,833799;1,401336
202300029156;9;10;2023;23:00;3;21;21614;1;1;1;6;a31;47,43243475;5,16783661
202300029157;10;10;2023;08:50;1;84;84149;2;1;1;3;D977;44,168787;4,960589
202300029158;8;10;2023;18:30;1;1;1398;1;1;1;6;Le Grand Étang;46,005808;4,867018
202300029159;3;10;2023;13:00;1;71;71336;2;1;1;1;19 Route de Louhans;46,717775;4,951815
202300029160;10;10;2023;23:30;5;30;30312;2;1;1;7;Chemin de la Gare;44,024564;4,797002
202300029161;11;10;2023;10:20;1;62;62230;1;1;1;6;D127;50,75720465;1,79297036
202300029162;11;10;2023;13:47;1;19;19094;1;4;1;1;Route de Pompadour;45,325071;1,319046
202300029163;10;10;2023;18:00;1;2B;2B346;2;1;1;1;Arena;42,502256;9,4644
202300029164;11;10;2023;14:55;1;19;19274;1;1;1;6;A-89;45,18799366;1,49089204
202300029165;10;8;2023;18:16;1;82;82010;1;2;1;3;Route du château d'eau;44,03463592;0,90830255
202300029166;11;10;2023;17:00;1;89;89267;2;1;1;6;Place du Prieuré;47,541824;4,035947
202300029167;6;10;2023;16:15;1;63;63122;1;1;1;7;D 26;45,50263553;3,03529342
202300029168;9;10;2023;16:20;1;22;22079;1;1;1;6;Le Péray;48,3961;-2,723386
202300029169;11;10;2023;11:50;1;35;35187;1;4;1;1;La Ville Neveu;48,078457;-1,960502
202300029170;11;10;2023;12:15;1;2;2284;1;1;1;6;rd 460 erloy;49,93025;3,844582
202300029171;11;10;2023;11:30;2;15;15261;1;1;1;3;RD 922;45,199582;2,379685
202300029172;11;10;2023;03:30;3;54;54295;1;1;1;7;D643;49,3079292;5,81445515
202300029173;8;10;2023;16:30;1;6;6073;1;1;7;7;M97;44,194051;7,13577
202300029174;10;10;2023;14:50;1;14;14410;1;1;1;7;Avenue de Paris;49,12043467;-0,07695497
202300029175;10;9;2023;11:40;1;14;14739;1;1;1;6;Route de Sainte-Croix;49,327905;-0,524125
202300029176;10;10;2023;07:15;2;64;64448;1;1;1;1;route de bayonne;43,345448;-0,475851
202300029177;10;10;2023;17:45;1;7;7011;1;1;1;7;Le Pont de l?Huile;44,730714;4,35153
202300029178;8;10;2023;16:50;1;24;24141;1;1;1;6;D106, Route des pigeonniers;45,339477;0,399317
202300029179;10;10;2023;16:24;1;4;4088;2;9;1;6;Avenue Saint Promasse;43,959611;5,781839
202300029180;10;10;2023;16:45;1;85;85213;1;3;1;7;la merlerie;46,595008;-1,385307
202300029181;10;10;2023;16:53;1;17;17483;1;2;7;1;D137;46,015933;-1,049615
202300029182;10;10;2023;17:10;1;37;37130;1;2;1;3;Bel Air;47,036146;0,849745
202300029183;11;10;2023;09:00;1;31;31120;1;1;1;1;D24 PR09+100;43,672858;1,120268
202300029184;10;10;2023;08:40;1;69;69244;2;2;1;3;34 Avenue Victor Hugo;45,766007;4,783806
202300029185;10;10;2023;05:45;1;987;98715;2;1;1;2;RT1 Face au magasin U EXPRESS FAA'A;-17,58402;-149,56
202300029186;11;10;2023;08:50;1;77;77020;1;1;1;6;N4;48,692561;3,198545
202300029187;10;10;2023;11:00;1;971;97117;1;1;1;3;section PAVE D 101;16,309467;-61,386543
202300029188;10;10;2023;16:40;1;45;45242;1;1;1;7;D617 PR 1 + 505;47,868135;2,719545
202300029189;10;10;2023;03:30;4;77;77521;2;1;1;1;12 Rue de Paris;48,859698;2,880859
202300029190;11;10;2023;07:10;2;83;83035;2;1;8;7;avenue des cigalles;43,180993;5,776526
202300029191;11;10;2023;15:50;1;83;83065;2;1;1;1;3037 Route du Littoral;43,263562;6,610782
202300029192;11;10;2023;08:03;1;13;13101;2;1;1;6;Avenue Alonso Flores;43,405818;5,528858
202300029193;10;10;2023;11:00;1;73;73050;1;1;1;6;D1504;45,682296;5,850916
202300029194;10;10;2023;17:35;1;73;73249;1;1;1;6;D1006 - n°1417;45,526923;5,992709
202300029195;11;10;2023;10:00;1;42;42296;1;2;1;3;Route der Lyon;45,732157;4,288369
202300029196;8;10;2023;18:30;2;38;38276;2;1;1;3;2294 Route Nationale 1085;45,560173;5,305232
202300029197;10;10;2023;07:30;1;26;26380;1;1;1;3;Route Rn 7;45,11216476;4,82534771
202300029198;10;10;2023;17:10;1;26;26313;2;1;7;6;95 Avenue de Provence;44,9707;4,954791
202300029199;10;10;2023;10:43;1;17;17400;2;2;1;3;1 Route de Beillant;45,696356;-0,528454
202300029200;10;10;2023;23:10;5;86;86062;2;1;1;1;Route de Paris;46,637779;0,35795