Num_Acc;jour;mois;an;hrmn;lum;dep;com;agg;int;atm;col;adr;lat;long
202300029201;10;10;2023;20:00;3;49;49332;1;1;1;3;D63;47,093613;-0,92209
202300029202;4;10;2023;17:00;1;44;44026;1;1;1;3;N/A;47,28865;-1,478181
202300029203;8;10;2023;18:30;1;22;22118;1;4;7;3;D795;48,458375;-2,021997
202300029204;10;10;2023;21:15;3;60;60671;1;1;1;6;D136;49,16007139;2,81801409
202300029205;10;10;2023;19:39;3;59;59558;1;1;1;6;D114;50,24151;3,459481
202300029206;10;10;2023;16:40;1;13;13214;1;1;1;3;A7-Sens Lyon vers Marseille;43,33375937;5,37746625
202300029207;9;10;2023;17:11;1;13;13212;1;1;1;2;A507 sens Marseille - Aubagne;43,30355324;5,42537431
202300029208;9;10;2023;13:50;1;1;1249;1;1;1;3;A42   6.290 A 8.310;45,81587;4,96709
202300029209;7;10;2023;01:30;3;57;57039;1;1;1;6;Autoroute A31;49,07503;6,11115
202300029210;10;10;2023;19:45;5;94;94065;1;1;1;5;N186;48,75485637;2,34650229
202300029211;10;10;2023;18:00;1;91;91136;1;1;1;2;CD 591;48,71477;2,26684
202300029212;10;10;2023;15:20;1;94;94038;1;1;1;2;A6A;48,77730361;2,34638358
202300029213;10;10;2023;12:40;1;91;91689;1;1;1;2;AUTOROUTE A6;48,72736;2,31373
202300029214;10;10;2023;10:10;1;91;91659;1;1;1;2;AUTOROUTE A6;48,58101;2,45971
202300029215;10;10;2023;09:05;1;92;92002;1;1;1;3;AUTOROUTE A86;48,76321419;2,31082028
202300029216;10;10;2023;07:45;2;94;94038;1;1;1;4;A6A;48,78358086;2,34675599
202300029217;10;10;2023;09:30;1;91;91434;1;1;1;3;AUTOROUTE A6;48,66812;2,35461
202300029218;10;10;2023;09:30;1;91;91377;2;1;1;7;RN20;48,71905;2,29925
202300029219;9;10;2023;20:45;3;91;91434;1;1;1;2;AUTOROUTE A6;48,66838;2,35398
202300029220;10;10;2023;18:45;2;92;92036;1;1;1;2;A86;48,93513721;2,26665421
202300029221;10;10;2023;17:58;1;78;78402;1;1;1;2;A13;48,964436;1,797336
202300029222;9;10;2023;13:00;1;78;78672;1;1;1;2;A13;48,930158;1,983519
202300029223;9;10;2023;07:50;1;92;92047;1;1;1;3;A13;48,83469779;2,17151041
202300029224;9;10;2023;07:47;1;92;92060;1;1;1;3;RN385;48,77531057;2,23927949
202300029225;9;10;2023;03:04;3;92;92025;1;9;1;5;A86;48,92210032;2,22649712
202300029226;10;10;2023;18:30;1;95;95555;1;1;1;5;D170;48,97143;2,27607
202300029227;21;9;2023;15:00;1;95;95018;1;1;2;6;DESERTS (RUE DES);48,95150621;2,28003055
202300029228;10;10;2023;08:50;1;95;95582;1;1;1;2;D170;48,96395;2,26747
202300029229;10;10;2023;06:50;3;93;93064;1;1;1;3;AUTOROUTE A86;48,86737315;2,48181211
202300029230;10;10;2023;17:14;1;77;77373;1;1;1;6;RN104;48,77395173;2,61204393
202300029231;3;7;2023;22:36;5;19;19031;2;1;1;6;33 avenue Ribot;45,16481158;1,51811809
202300029232;7;5;2023;08:25;1;28;28023;1;1;2;6;D32;48,517454;1,680366
202300029233;30;5;2023;18:40;1;13;13215;1;1;8;2;A7-Sens Lyon vers Marseille;43,3799;5,35355
202300029234;8;10;2023;03:15;3;75;75116;2;1;1;6;PORT DEBILLY;48,861394;2,292767
202300029235;9;10;2023;17:45;1;75;75115;2;3;1;7;RUE DE LOURMEL;48,83971;2,283147
202300029236;9;10;2023;07:10;2;75;75114;2;2;1;6;BOULEVARD JOURDAN;48,822786;2,326606
202300029237;9;10;2023;19:10;2;75;75111;2;3;1;6;RUE DE LA ROQUETTE;48,853288;2,370251
202300029238;9;10;2023;18:00;1;75;75110;2;2;1;2;RUE LA FAYETTE;48,881616;2,365797
202300029239;9;10;2023;00:40;5;75;75110;2;1;1;3;QUAI DE JEMMAPES;48,869611;2,367
202300029240;8;10;2023;22:15;5;75;75109;2;5;1;3;RUE DE LIEGE;48,879634;2,327042
202300029241;9;10;2023;01:09;3;75;75107;2;1;1;3;AVENUE DE LOWENDAL;48,852081;2,30763
202300029242;8;10;2023;18:55;2;94;94081;2;1;1;7;Avenue Rabelais;48,780789;2,390674
202300029243;9;10;2023;17:05;1;94;94015;2;1;1;7;Boulevard Pasteur;48,832427;2,525029
202300029244;9;10;2023;18:00;1;94;94076;2;9;1;6;58 Avenue de Stalingrad;48,78567;2,366823
202300029245;9;10;2023;21:40;5;94;94041;2;9;1;3;Avenue Georges Gosnat;48,81122;2,38402
202300029246;9;10;2023;19:20;5;94;94034;2;1;1;2;Avenue de Stalingrad;48,76333;2,33381
202300029247;9;10;2023;18:00;1;94;94073;1;1;1;3;Avenue du Luxembourg;48,75552;2,37348
202300029248;9;10;2023;19:00;2;94;94033;2;1;1;6;Place Moreau-david;48,8438;2,465
202300029249;9;10;2023;05:52;1;94;94073;2;8;1;6;Av du Pdt Franklin Roosevelt;48,76690945;2,4037456
202300029250;9;10;2023;12:10;1;93;93070;2;5;1;3;Boulevard Jean Jaurès / Rue du Docteur Bauer;48,91295;2,33522
202300029251;9;10;2023;09:20;1;93;93048;2;2;1;3;Boulevard Aristide Briand / Boulevard de la Boissière;48,87811549;2,45750144
202300029252;9;10;2023;19:45;5;93;93079;2;1;1;6;Avenue de la Division Leclerc;48,95199373;2,34306222
202300029253;9;10;2023;10:45;1;93;93031;2;5;1;3;Avenue de Lattre de Tassigny / Avenue Salvador Allende;48,95726;2,30994
202300029254;9;10;2023;09:30;1;93;93031;2;9;1;3;Avenue de Lattre de Tassigny;48,95896;2,306802
202300029255;9;10;2023;07:30;2;93;93031;2;3;1;3;Rue d'Ormesson / Rue des Econdeaux;48,962104;2,310959
202300029256;8;10;2023;23:20;5;93;93001;2;3;1;3;Avenue de la République / Rue Guyard Delalain;48,910722;2,385161
202300029257;9;10;2023;21:55;5;92;92073;2;1;1;2;SELLIER (BOULEVARD HENRI);48,86774519;2,22179747
202300029258;8;10;2023;12:45;1;92;92064;2;1;1;7;DOCTEUR NICOLI;48,85564518;2,22110831
202300029259;8;10;2023;04:45;5;92;92051;2;1;1;2;BINEAU (BOULEVARD, N°133 A 217 ET 134 A;48,89331722;2,26794809
202300029260;8;10;2023;18:35;1;92;92036;2;9;1;6;RESISTANCE (RUE DE LA);48,93291;2,29947
202300029261;9;10;2023;12:07;1;92;92025;2;3;1;3;CHARLES DE GAULLE (BD);48,91039542;2,23438912
202300029262;9;10;2023;18:40;2;92;92024;1;2;1;3;CLICHY (QUAI DE) DE (8 A 60);48,90844466;2,30020112
202300029263;9;10;2023;16:22;1;92;92019;2;1;1;6;CLEMENT JEAN BAPTISTE (RUE);48,75877;2,27011
202300029264;10;10;2023;15:38;1;60;60229;1;2;1;3;RD 522;49,38236906;2,68849075
202300029265;10;10;2023;14:40;1;24;24550;1;1;1;6;route de lavaux;45,158952;1,047885
202300029266;9;10;2023;18:40;2;60;60201;1;1;7;6;Rue de la Mazurelle;49,598306;2,543571
202300029267;9;10;2023;14:53;1;1;1427;2;6;1;6;rue batlie;45,940411;4,769429
202300029268;10;10;2023;05:25;3;68;68253;1;1;1;6;D52;47,787686;7,517309
202300029269;9;10;2023;19:45;2;83;83019;1;3;1;3;D559;43,151145;6,315111
202300029270;1;8;2023;15:00;1;2A;2A006;1;1;1;1;D81;41,974631;8,781016
202300029271;28;7;2023;18:50;1;82;82079;1;2;1;3;N/A;43,898597;1,35922
202300029272;30;7;2023;07:15;1;49;49003;1;1;1;2;d761;47,285969;-0,367162
202300029273;1;8;2023;14:45;1;12;12069;1;1;1;2;RD 999;43,87874;2,722882
202300029274;2;8;2023;16:57;1;12;12215;1;1;1;1;D840;44,483563;2,400813
202300029275;2;8;2023;03:00;3;42;42287;1;1;1;7;Route de la Combe;45,310134;4,522676
202300029276;1;8;2023;12:30;1;34;34187;2;9;1;6;Route de St Pons;43,553431;2,904961
202300029277;2;8;2023;08:15;1;3;3220;1;1;1;6;23 Route de Linard;46,150903;3,145389
202300029278;2;8;2023;13:30;1;3;3093;1;1;1;1;D907;46,18223;3,470339
202300029279;22;1;2023;04:40;3;77;77514;1;1;1;2;A104;48,94303;2,62851
202300029280;24;7;2023;02:45;3;26;26005;1;1;1;1;Route de Montelimar;44,509338;4,778033
202300029281;21;1;2023;14:20;1;973;97302;2;1;1;3;MONTABO (ROUTE DE) 3;4,93677651;-52,29718566
202300029282;31;7;2023;11:40;1;6;6108;2;1;1;1;Avenue de la Republique;43,585221;6,941648
202300029283;21;1;2023;11:34;1;973;97302;2;1;1;3;MONTABO (ROUTE DE) 2;4,94341;-52,30691
202300029284;27;7;2023;17:00;1;45;45329;1;2;1;3;Route de Melleroy;47,919283;2,972834
202300029285;19;1;2023;13:40;1;973;97302;2;6;1;7;BADUEL (ROND POINT DE);4,93336;-52,30942
202300029286;1;8;2023;14:50;1;43;43165;1;1;1;7;39 Route d’Yssingeaux;45,141424;4,002832
202300029287;19;1;2023;12:45;1;973;97302;1;1;1;2;ROUTE NATIONALE 1;4,89809;-52,32746
202300029288;2;8;2023;16:25;1;36;36188;1;1;6;6;La Motte Blanche;47,029514;1,174507
202300029289;2;8;2023;01:25;3;40;40046;2;6;1;7;226 avenue de la liberation;44,449157;-1,247951
202300029290;18;1;2023;12:30;1;973;97302;2;2;1;3;FELIX EBOUE(ROCADE);4,93099;-52,3133
202300029291;18;1;2023;08:35;1;973;97302;2;1;1;6;RABAN (ROUTE DE);4,92794;-52,31392
202300029292;1;8;2023;18:15;1;24;24499;1;9;1;1;Route de Vergt;44,884065;0,568795
202300029293;1;8;2023;14:45;1;27;27044;1;1;2;7;D51;48,965132;1,13826
202300029294;21;1;2023;14:57;1;69;69387;2;2;1;3;35 Rue Jules Brunard;45,74869;4,85796
202300029295;30;7;2023;14:00;1;973;97309;1;1;1;1;La Matourienne;4,876185;-52,299342
202300029296;21;1;2023;15:00;1;69;69388;2;3;1;6;Route de Vienne;45,73404;4,85335
202300029297;2;8;2023;08:18;1;39;39030;1;1;8;1;N/A;47,117725;5,495606
202300029298;21;1;2023;06:00;5;69;69388;2;1;4;6;Avenue Rockefeller;45,74034;4,88797
202300029299;30;7;2023;06:20;1;987;98738;1;1;1;6;OUTUMAORO;-17,618;-149,549
202300029300;20;1;2023;17:11;2;69;69383;2;5;1;6;Avenue Maréchal de Saxe;45,75632;4,84646
202300029301;21;1;2023;04:57;5;972;97213;1;1;1;6;AUTOROUTE A1;14,59709;-60,99799
202300029302;30;7;2023;06:10;1;64;64290;1;1;1;3;A 64 pk 87.100;43,386244;-0,530552
202300029303;21;1;2023;20:30;5;69;69389;2;1;1;2;Tunnel Routier de Fourvière;45,76191;4,80597
202300029304;1;8;2023;17:15;1;38;38173;1;1;1;6;D1091;45,042607;6,121316
202300029305;21;1;2023;10:30;1;2B;2B033;2;1;8;2;AV DE LA LIBERATION;42,68024;9,44355
202300029306;28;7;2023;12:15;1;63;63272;1;1;1;6;A75;45,73498792;3,15282162
202300029307;1;8;2023;09:55;1;34;34095;1;1;1;6;A9 aire de service de Montpellier-Fabrègues;43,543342;3,791152
202300029308;20;1;2023;19:15;4;971;97113;1;1;1;2;BAS DU FORT;16,21679;-61,51826
202300029309;1;8;2023;22:20;3;13;13058;1;1;1;1;RD5;43,751459;4,83053
202300029310;2;8;2023;15:20;1;24;24486;1;1;2;1;route nationale 21;45,56424;0,976592
202300029311;28;7;2023;15:16;1;68;68118;2;1;1;1;Rue des Noyers;47,739255;7,415863
202300029312;21;1;2023;11:32;1;88;88160;2;2;1;6;HUGO (AV. VICTOR-);48,17591468;6,44299777
202300029313;2;8;2023;14:09;1;38;38029;1;1;1;2;A43;45,567309;5,542517
202300029314;2;8;2023;08:24;1;34;34202;1;2;1;2;M5;43,585829;3,789599
202300029315;21;1;2023;06:10;5;78;78350;2;1;1;1;VERSAILLES (ROUTE DE);48,84777;2,10878
202300029316;2;8;2023;18:00;3;988;98811;1;1;1;1;RPN2;-21,048658;164,91178
202300029317;20;1;2023;21:20;5;78;78498;2;2;1;3;CASTILLE AV BLANCHE DE;48,926426;2,038494
202300029318;26;7;2023;00:19;3;44;44020;1;1;1;2;Route de Bouaye;47,15782652;-1,63125515
202300029319;21;1;2023;20:00;5;76;76319;2;9;1;3;Avenue de Caen;49,347776;0,99179
202300029320;2;8;2023;10:12;1;37;37072;2;1;2;3;9 Avenue Saint Lazare;47,153197;0,236045
202300029321;2;8;2023;08:20;1;91;91405;2;6;2;7;Avenue de Ganay;48,410948;2,466077
202300029322;21;1;2023;17:09;2;76;76231;1;1;1;4;Rue du Neubourg;49,27225;0,99095
202300029323;22;1;2023;01:40;5;71;71306;2;2;1;3;ALOUETTES (AVENUE DES);46,68242761;4,3621744
202300029324;1;8;2023;17:50;1;34;34299;2;3;1;3;Rue Leo Lagrange;43,277916;3,269881
202300029325;2;8;2023;13:42;1;5;5118;1;1;1;7;D948;44,262359;5,822411
202300029326;21;1;2023;09:00;1;69;69264;2;1;2;3;Rue de Verdun;45,9891;4,72849
202300029327;20;1;2023;18:05;5;62;62457;2;1;2;6;Route de Bruay;50,46376;2,54126
202300029328;15;5;2023;07:00;1;13;13073;1;3;1;7;d8;43,395911;5,584316
202300029329;21;1;2023;10:15;1;59;59350;2;2;9;3;LAMY AUGUSTE RUE;50,6302;3,00375
202300029330;2;8;2023;10:45;1;13;13004;1;1;1;1;D570;43,58308;4,452574
202300029331;21;1;2023;16:30;1;56;56162;2;6;1;3;Chemin de Lorient au passage Saint-Maurice;47,74105;-3,40645
202300029332;31;7;2023;06:30;1;67;67160;1;1;8;7;D927;48,978431;7,769531
202300029333;21;1;2023;11:25;1;56;56162;2;6;7;6;1 Rue Mozart;47,732242;-3,428061
202300029334;1;8;2023;18:45;1;88;88196;2;1;1;3;36 Boulevard de la Jamagne;48,076473;6,877345
202300029335;21;1;2023;15:50;1;51;51454;2;6;1;6;rue Francis Garnier;49,28816;4,0235
202300029336;1;8;2023;14:42;1;88;88028;1;1;8;7;D11b;48,156116;6,565361
202300029337;21;1;2023;08:20;1;51;51454;2;6;8;6;rond-point de la Défense;49,24655;4,06225
202300029338;30;7;2023;01:30;4;63;63263;2;1;1;6;route de  Limoges / route de Ternant;45,785652;3,016066
202300029339;21;1;2023;01:10;3;49;49099;1;6;8;6;ATLANTIQUE (AVENUE DE L');47,03095;-0,91118
202300029340;1;8;2023;19:57;1;73;73013;1;1;8;6;D110 Route de l'Opinel;45,22786603;6,33488238
202300029341;1;8;2023;11:25;1;38;38148;1;1;1;1;D16;45,606735;5,466084
202300029342;21;1;2023;13:55;1;49;49007;2;1;1;3;Boulevard Charles Barangé;47,4669;-0,56751
202300029343;21;1;2023;08:00;5;47;47001;2;1;1;6;CARNOT (BD DU PRESIDENT);44,2068;0,62075
202300029344;1;8;2023;17:30;1;7;7071;1;4;1;3;D16;44,782932;3,958833
202300029345;20;1;2023;17:00;1;47;47001;2;1;1;6;SCALIGER (BOULEVARD);44,20647;0,61325
202300029346;1;8;2023;20:25;1;50;50041;1;1;2;6;D901;49,639351;-1,750391
202300029347;20;1;2023;16:48;1;47;47032;2;1;1;2;REPUBLIQUE(RUE DE LA);44,1863;0,6743
202300029348;28;7;2023;12:20;1;14;14047;2;1;1;6;7 Rue Alain Chartier;49,279064;-0,707481
202300029349;21;1;2023;15:50;1;37;37122;2;3;1;6;VERDUN (RUE DE);47,34696;0,66548
202300029350;29;7;2023;11:20;1;22;22210;2;1;1;6;Rue du Port Pors Even;48,7995979;-3,00549924
202300029351;20;1;2023;16:14;1;35;35051;2;2;1;3;MOUCON (LIEU-DIT LE PETIT);48,13073;-1,61362
202300029352;30;7;2023;02:16;3;22;22210;1;1;1;6;D789;48,789478;-3,049355
202300029353;21;1;2023;01:10;4;35;35115;2;1;1;6;FAUCHEUX (BD JACQUES);48,35553;-1,20782
202300029354;31;7;2023;07:25;1;83;83090;1;1;1;6;A50;43,12619323;5,82460889
202300029355;21;1;2023;06:40;5;33;33063;2;2;5;3;Quai de Bacalan;44,86007;-0,5541
202300029356;20;1;2023;17:45;1;29;29051;2;1;1;7;Rue de la Papeterie;48,02831;-4,02248
202300029357;1;8;2023;16:30;1;33;33063;1;1;1;3;ROCADE A 630;44,88289745;-0,55221319
202300029358;21;1;2023;22:20;5;29;29019;2;6;1;1;boulevard de l'Europe;48,41481;-4,47871
202300029359;21;1;2023;12:34;1;29;29019;2;1;1;2;avenue Georges Pompidou;48,41384597;-4,48000968
202300029360;1;8;2023;16:10;1;33;33192;1;1;1;3;AUTOROUTE A 63;44,78307378;-0,63272238
202300029361;21;1;2023;06:55;5;29;29019;2;2;1;3;rue Robespierre;48,40738;-4,48976
202300029362;19;7;2023;06:30;2;33;33281;1;1;1;2;ROCADE A 630;44,84384834;-0,67293942
202300029363;31;7;2023;22:35;5;92;92072;1;1;3;6;N118;48,82721274;2,2243744
202300029364;16;1;2023;16:26;1;22;22360;2;6;1;3;FONTENELLE (RUE DE LA);48,49349;-2,73784
202300029365;31;7;2023;03:05;5;92;92025;1;1;1;6;A86;48,93542176;2,2605831
202300029366;20;1;2023;08:30;1;18;18205;2;3;8;1;261 Rue André Charles Boullé;47,10475;2,39011
202300029367;1;8;2023;18:10;1;93;93078;1;1;8;6;AUTOROUTE A104;48,96315;2,5224
202300029368;1;8;2023;09:40;1;93;93066;1;1;1;6;AUTOROUTE A1;48,90633853;2,35831511
202300029369;21;1;2023;23:00;5;13;13201;2;3;1;3;LONGCHAMP (BOULEVARD)   1 A 21;43,30123;5,38789
202300029370;21;1;2023;18:50;5;13;13209;2;1;1;7;MORGIOU (chemin de );43,23415007;5,41182563
202300029371;1;8;2023;04:50;3;95;95572;1;1;2;2;A15;49,03246;2,11034
202300029372;20;1;2023;14:30;1;13;13213;2;9;1;3;CHATEAU GOMBERT CHEMIN;43,33484;5,42032
202300029373;20;1;2023;17:00;2;13;13047;2;1;6;6;RAYMOND FILIPPI AVENUE;43,4972;4,98083
202300029374;1;8;2023;02:00;3;93;93064;1;1;3;5;AUTOROUTE A3;48,88505;2,4715
202300029375;17;1;2023;07:30;2;13;13028;2;1;1;2;FONTSAINTE (AVENUE DE);43,19034115;5,63738962
202300029376;31;7;2023;17:30;1;95;95582;1;1;2;6;D170;48,96459;2,27001
202300029377;31;7;2023;13:20;1;92;92036;1;1;2;6;AUTOROUTE A15;48,94920532;2,28069842
202300029378;21;1;2023;04:50;3;13;13001;1;1;1;7;PASCALIS PIERRE (CH);43,56275;5,4692
202300029379;21;1;2023;09:00;1;6;6069;2;1;1;6;MISTRAL (AVENUE ET PLACE FREDERIC);43,64889;6,91903
202300029380;31;7;2023;09:00;1;93;93078;1;1;1;4;AUTOROUTE A104;48,96764117;2,51079814
202300029381;22;1;2023;16:55;1;75;75104;2;3;1;2;RUE GEOFFROY L ASNIER;48,854137;2,355796
202300029382;31;7;2023;04:50;3;95;95277;1;1;1;6;A3;48,97211;2,48444
202300029383;21;1;2023;15:40;1;75;75114;2;1;1;1;RUE ALAIN;48,835977;2,315367
202300029384;31;7;2023;18:56;1;94;94073;1;1;3;3;A86;48,77151333;2,39201701
202300029385;20;1;2023;23:00;5;75;75119;2;4;2;6;BOULEVARD PERIPHERIQUE EXTERIEUR NORD  ;48,90038417;2,37683952
202300029386;25;4;2023;20:10;1;74;74010;2;9;1;2;GAMBETTA;45,91193;6,1283
202300029387;22;1;2023;15:10;1;75;75119;2;7;1;6;BOULEVARD DE LA COMMANDERIE;48,900793;2,386981
202300029388;24;4;2023;16:45;1;74;74010;2;1;1;6;PLAINE (AVENUE DE LA);45,91201;6,13148
202300029389;22;1;2023;09:08;1;75;75119;2;1;1;6;RUE DES CHAUFOURNIERS;48,87863;2,372161
202300029390;30;5;2023;07:28;1;74;74298;2;1;1;1;TANINGES (ROUTE DE );46,19081;6,25802
202300029391;22;1;2023;03:17;5;75;75112;2;2;1;3;RUE DE PICPUS;48,848038;2,392832
202300029392;5;5;2023;23:15;5;74;74010;2;2;1;6;Parc des sport (Avenue du);45,91159;6,12144
202300029393;22;1;2023;12:30;1;93;93070;2;1;1;1;Avenue du Capitaine Glarner;48,904063;2,329082
202300029394;22;1;2023;10:45;1;93;93051;2;1;8;1;Route de Neuilly;48,8444852;2,54182488
202300029395;4;5;2023;18:00;1;74;74010;1;1;1;5;ROCADE (BOULEVARD DE LA);45,90059;6,10805
202300029396;22;1;2023;20:00;5;92;92012;2;1;1;2;GENERAL LECLERC (AVENUE DU) 1/33 - 2/58;48,83333;2,24318
202300029397;4;5;2023;14:00;1;74;74010;2;2;1;3;SOMMEILLER;45,90301;6,12945
202300029398;21;1;2023;13:50;1;92;92012;2;1;1;3;AGUESSEAU (RUE D') 91/FIN - 84/FIN;48,83935;2,23754
202300029399;21;1;2023;10:20;1;9;9261;2;6;8;6;Boulevard du Général de Gaulle;42,980363;1,143997
202300029400;21;1;2023;15:00;1;91;91648;1;1;1;1;D26;48,57154;2,365443
202300029401;18;1;2023;13:30;1;95;95205;2;1;1;6;60 MARECHAL LECLERC (RUE DU);49,020741;2,383883
202300029402;31;7;2023;10:55;1;974;97416;2;1;1;3;LORION (RUE LUC);-21,33509;55,47092
202300029403;31;7;2023;11:30;1;972;97213;1;1;1;2;ROUTE DEPARTEMENTALE 3;14,61208;-60,99506
202300029404;21;1;2023;15:00;1;22;22206;1;1;1;5;pen christ;48,558872;-2,999246
202300029405;30;7;2023;00:50;5;972;97213;1;1;1;5;ROUTE NATIONALE 5;14,59606;-60,99085
202300029406;21;1;2023;11:20;1;57;57437;1;1;1;1;D654;49,41082428;6,31035805
202300029407;29;7;2023;10:30;1;972;97209;1;1;1;6;RAVINE VILAINE (CHEMIN DEPARTEMENTAL DE);14,64778;-61,05978
202300029408;22;1;2023;05:50;3;81;81059;1;1;1;6;D84;43,88176;2,099761
202300029409;30;7;2023;22:00;5;971;97120;2;9;2;6;NELSON MANDELA;16,24078;-61,5347
202300029410;16;1;2023;17:55;1;972;97221;1;1;1;6;N5;14,529699;-60,982994
202300029411;18;1;2023;13:45;1;67;67253;1;1;1;6;D220;48,646662;7,528253
202300029412;28;7;2023;21:00;5;971;97101;2;3;1;3;Frédéric JALTON;16,27598;-61,50185
202300029413;22;1;2023;18:30;2;974;97414;2;1;3;6;145 avenue principale;-21,28853;55,411171
202300029414;21;1;2023;23:10;3;62;62307;1;1;1;6;D940;50,918103;1,713417
202300029415;31;7;2023;14:35;1;2A;2A004;2;1;1;1;ILES SANGUINAIRES ROUTE DES;41,90771;8,68075
202300029416;22;1;2023;20:35;3;971;97132;1;1;1;6;Route nationale 1;15,998316;-61,639609
202300029417;20;1;2023;18:40;5;1;1033;2;3;8;6;33 avenue saint-exupéry  (Bellegarde-sur-Valserine);46,122559;5,81305
202300029418;30;7;2023;00:55;5;95;95210;2;2;1;1;LA BARRE (RUE DE);48,96426;2,31341
202300029419;23;1;2023;12:50;1;84;84099;1;2;1;3;D31;43,86311;5,088432
202300029420;30;7;2023;11:30;1;91;91570;2;1;1;6;BERLIOZ (RUE + PLACE);48,636587;2,321637
202300029421;20;1;2023;07:40;2;26;26295;1;1;8;1;250 Route de Saint Vallier;45,177132;4,856971
202300029422;31;7;2023;22:00;5;91;91687;2;1;2;4;MARMONT (AVENUE);48,66847;2,37696
202300029423;18;1;2023;07:33;2;68;68156;2;3;4;3;Rue de l'Industrie;47,897294;7,230594
202300029424;31;7;2023;13:30;1;91;91027;2;1;8;6;RUE EDOUARD VAILLANT;48,7061;2,39427
202300029425;31;7;2023;21:25;2;86;86066;1;1;8;7;D749;46,831533;0,522086
202300029426;29;7;2023;11:19;1;86;86066;2;6;3;1;Avenue Robert Schuman;46,811375;0,54382
202300029427;21;1;2023;16:01;1;44;44149;1;1;1;6;Avenue du Mont Noël;47,500572;-1,589279
202300029428;31;7;2023;19:50;2;83;83090;2;1;1;6;NATIONALE 8 (ROUTE);43,13527663;5,85595858
202300029429;23;1;2023;07:10;3;50;50601;1;1;1;1;A84 PK 220;48,991806;-0,922658
202300029430;19;1;2023;17:25;3;85;85153;1;9;2;6;D13 Boissière;46,78342;-1,02667
202300029431;21;1;2023;13:40;1;67;67405;1;1;1;7;D468;48,8329067;8,04422379
202300029432;21;1;2023;13:50;1;63;63178;1;1;4;6;pk 28 +400 A75;45,565994;3,250253
202300029433;28;7;2023;20:30;1;76;76351;2;3;1;6;IRENE JOLIOT CURIE (RUE);49,5065;0,09996
202300029434;18;1;2023;21:05;3;36;36026;1;1;8;4;;46,91020438;1,73742319
202300029435;30;7;2023;15:07;1;66;66136;2;1;1;3;N/A;42,70206;2,89331
202300029436;21;1;2023;23:35;3;12;12115;1;1;6;6;A75 - PK 240.715 sens N/S;43,975943;3,19634
202300029437;20;1;2023;21:00;5;69;69100;2;6;2;1;Rue d'Yvours;45,692793;4,827703
202300029438;29;7;2023;20:25;1;66;66136;2;6;1;3;N/A;42,68362;2,86271
202300029439;22;1;2023;12:00;1;31;31157;2;1;1;3;3 Avenue de Toulouse;43,553117;1,356745
202300029440;31;7;2023;19:55;1;64;64102;2;6;1;3;ROND POINT DU GRAND BASQUE;43,49106;-1,45332
202300029441;23;1;2023;14:00;1;57;57163;1;1;4;6;Rue Leclerc;48,679486;7,196903
202300029442;31;7;2023;21:49;2;63;63019;2;1;1;6;JEAN JAURES (AV);45,79673;3,16686
202300029443;21;1;2023;20:15;3;51;51007;1;1;1;1;D26;49,084878;4,172841
202300029444;23;1;2023;08:50;1;59;59485;1;1;8;6;D45;50,169985;3,423357
202300029445;10;6;2023;07:45;1;62;62757;1;1;7;1;D 942;50,74682;2,23139
202300029446;17;1;2023;18:30;3;19;19138;1;1;2;7;RD14;45,032834;1,672282
202300029447;31;7;2023;18:22;1;61;61077;1;3;2;3;D112;48,4445;0,1116
202300029448;21;1;2023;16:20;1;56;56169;1;6;7;3;Lieu Dit Maneguen;47,706177;-3,2194465
202300029449;19;1;2023;20:50;3;56;56078;1;9;1;6;N/A;47,80877;-3,46003
202300029450;14;7;2023;11:25;1;60;60382;2;6;1;3;N/A;49,42041457;2,80919015
202300029451;29;7;2023;23:30;3;56;56162;2;1;1;7;MOULIN DU TER (RUE DU );47,73757;-3,40035
202300029452;29;7;2023;14:45;1;50;50129;2;1;1;2;SALINE (BOULEVARD DE LA);49,64871;-1,64397
202300029453;22;1;2023;10:12;1;24;24229;1;3;1;3;rd6089;45,140838;1,196126
202300029454;28;7;2023;22:00;5;50;50129;2;1;1;6;8 MAI (AVENUE DU);49,64929;-1,65413
202300029455;21;1;2023;12:20;1;80;80275;1;1;7;1;D58;50,03944;3,013242
202300029456;31;7;2023;17:50;1;45;45302;2;6;2;5;Rue du Champ Rouge;47,95595201;1,84663653
202300029457;21;1;2023;20:50;3;80;80575;1;1;1;1;D25;49,926803;1,734595
202300029458;20;1;2023;07:50;2;69;69165;2;2;5;3;Chemin des Bruyères;46,135397;4,641885
202300029459;31;7;2023;16:30;1;35;35238;2;3;3;3;LIBERTE (BD DE LA);48,1074;-1,67458
202300029460;22;1;2023;19:30;3;32;32286;1;1;8;6;Le Baleyron;43,803957;0,642185
202300029461;24;7;2023;11:30;1;33;33249;2;6;1;6;Rue des Amoureux;44,8735;-0,52876
202300029462;20;1;2023;17:53;2;32;32462;2;1;1;7;Route de Mouchan RD 35 PK 16+700;43,769649;0,302237
202300029463;21;1;2023;05:00;3;32;32334;1;1;4;6;N124 PK 2;43,586018;1,176353
202300029464;31;7;2023;22:40;4;30;30007;2;6;1;3;Quai de Grabieux;44,13971;4,08753
202300029465;19;1;2023;11:45;1;71;71263;2;1;1;1;16 Rue du Guidon;46,633614;5,216966