Num_Acc;jour;mois;an;hrmn;lum;dep;com;agg;int;atm;col;adr;lat;long
202300029466;28;7;2023;06:40;2;29;29232;2;1;1;6;Boulevard de Poulguinan;47,98145316;-4,12027374
202300029467;22;1;2023;18:35;2;61;61302;1;1;1;6;D242;48,848111;0,1269
202300029468;31;7;2023;09:20;1;29;29232;2;9;3;7;Boulevard President Allende;48,003351;-4,083584
202300029469;17;4;2023;06:40;2;86;86131;1;1;1;5;N147;46,429229;0,615017
202300029470;22;1;2023;00:00;3;55;55489;1;4;1;6;D115;49,145826;5,272751
202300029471;30;7;2023;08:20;1;29;29019;2;1;2;6;rue Léopold Segar-Senghor;48,42100107;-4,50846612
202300029472;23;1;2023;15:00;1;49;49003;1;1;1;7;D156;47,240142;-0,367012
202300029473;31;7;2023;09:45;1;28;28404;2;1;2;7;LIBERTE (AVENUE DE LA);48,73134;1,32612
202300029474;21;1;2023;18:50;3;12;12215;1;1;1;3;D840;44,460748;2,420737
202300029475;17;4;2023;01:30;5;43;43040;2;1;1;6;Avenue du Velay;45,280013;3,392286
202300029476;31;7;2023;20:25;2;27;27681;1;1;3;6;QUEUE D'HAYE (RUE DE LA );49,10312;1,51028
202300029477;21;1;2023;14:40;1;42;42026;1;1;1;1;Route des Chambons;46,13505255;4,09911751
202300029478;31;7;2023;05:10;5;25;25462;1;1;1;6;ROCADE G.POMPIDOU (DU 25 A LA FIN);46,89999;6,336
202300029479;17;4;2023;02:05;5;5;5161;2;1;1;6;Route de Briançon;44,943296;6,566568
202300029480;20;1;2023;07:30;5;42;42092;2;1;4;6;Rue du 11 Novembre;45,484737;4,379221
202300029481;30;7;2023;23:10;5;22;22278;2;1;1;6;LAENNEC (BD);48,509;-2,772
202300029482;31;7;2023;12:52;1;22;22278;2;6;1;3;ABERYSWITH (ROND POINT);48,49774;-2,7533
202300029483;5;1;2023;18:00;3;47;47052;2;3;1;1;Avenue de Marmande;44,319513;0,09418
202300029484;17;4;2023;19:00;5;974;97404;2;6;1;3;RN  1A/ D17;-21,26521;55,336558
202300029485;17;7;2023;16:13;1;15;15012;1;3;1;3;D6 ;44,8904;2,47436
202300029486;21;1;2023;23:00;3;86;86086;1;1;8;6;D725;46,814814;0,704557
202300029487;28;7;2023;20:15;1;30;30032;2;1;1;6;Allée du Casino;43,81075;4,6472
202300029488;20;1;2023;18:07;2;68;68135;2;3;1;7;Rue de Buschwiller;47,569293;7,511341
202300029489;28;7;2023;23:00;3;13;13056;1;1;1;1;SAINT-PIERRE;43,37809;5,0646
202300029490;20;1;2023;15:45;1;22;22158;1;2;1;3;RN164;48,20312;-2,96585
202300029491;29;7;2023;18:00;1;13;13026;2;1;1;1;COTTE EMILE (avenue);43,39528;5,12162
202300029492;15;4;2023;19:00;2;972;97220;1;1;1;1;Quartier Lourdes;14,49481;-60,894041
202300029493;22;1;2023;05:30;3;25;25549;1;1;4;6;Chemin du Troné;46,943846;6,234248
202300029494;31;7;2023;18:20;1;6;6069;2;1;1;3;POMPIDOU (AVENUE GEORGES) -RD 6085;43,64544;6,93981
202300029495;16;1;2023;12:25;1;38;38351;1;1;1;5;D522;45,538046;5,228773
202300029496;31;7;2023;07:25;1;6;6027;2;1;1;6;POMPIDOU AVENUE GEORGES;43,662936;7,153774
202300029497;23;1;2023;06:36;5;85;85084;1;9;9;5;A83 PK45.650;46,7938;-1,19932
202300029498;30;7;2023;18:50;1;6;6004;2;1;1;3;LITTORAL(BDM APRES BIJOU PLAGE RN98;43,57071;7,09239
202300029499;16;4;2023;07:40;2;22;22339;1;1;1;6;RN 176 PR 011+400 sens St Malo vers St Brieuc;48,470773;-2,05557
202300029500;21;1;2023;16:20;1;58;58121;1;1;1;1;D47;47,042573;3,122832
202300029501;30;7;2023;11:40;1;75;75114;2;1;1;4;BD PERIPHERIQUE EXTERIEUR;48,820274;2,324397
202300029502;22;1;2023;19:15;3;14;14431;1;1;1;6;879 Route de le Mesnil Mauger;49,08611169;0,01701763
202300029503;23;1;2023;15:30;1;50;50087;1;1;1;1;;49,560393;-1,611235
202300029504;12;4;2023;17:10;1;84;84149;1;1;1;5;Route de Vaison-la-romaine;44,164705;4,954094
202300029505;31;7;2023;15:00;1;75;75114;2;3;2;6;AVENUE DU GENERAL LECLERC;48,826913;2,326509
202300029506;22;1;2023;16:30;2;83;83028;1;1;1;2;RD562;43,574204;6,564744
202300029507;16;1;2023;17:30;1;18;18175;1;1;1;6;N/A;46,925473;2,778547
202300029508;31;7;2023;13:15;1;75;75113;2;2;2;2;QUAI PANHARD ET LEVASSOR;48,832242;2,379782
202300029509;19;1;2023;06:00;3;10;10220;1;1;1;1;N/A;48,500761;3,795948
202300029510;16;4;2023;18:25;1;59;59463;1;9;1;3;Rue Voie Romaine Cd 52;50,93259527;2,36963511
202300029511;31;7;2023;11:45;1;75;75113;2;1;2;3;AVENUE DE LA PORTE D IVRY;48,819777;2,372808
202300029512;21;1;2023;11:30;1;7;7166;1;4;4;7;route de saint félicien;45,030457;4,545856
202300029513;31;7;2023;12:10;1;75;75109;2;1;2;6;RUE DU FAUBOURG MONTMARTRE;48,873763;2,342648
202300029514;14;4;2023;18:15;1;34;34123;1;1;2;6;N109;43,615738;3,798153
202300029515;31;7;2023;06:23;1;75;75114;2;2;1;3;AVENUE DU MAINE;48,837551;2,322936
202300029516;13;1;2023;22:30;5;24;24064;2;1;1;3;27 Avenue André Maurois;45,364584;0,652737
202300029517;31;7;2023;17:00;1;94;94015;2;1;2;1;Quai Victor Berrière;48,842553;2,51263
202300029518;23;1;2023;14:30;1;24;24224;1;2;1;3;RD32;44,880551;0,599838
202300029519;16;4;2023;23:10;3;30;30295;1;1;1;6;N/A;44,071122;4,446716
202300029520;31;7;2023;17:45;1;94;94046;2;1;2;3;Rue Ernest Renan;48,81422452;2,4291088
202300029521;21;1;2023;08:39;2;27;27426;1;1;7;1;D14b;49,281975;1,742609
202300029522;16;4;2023;19:30;2;83;83097;1;1;1;7;Route de Pourcieux;43,492222;5,742095
202300029523;19;1;2023;16:50;2;17;17347;2;9;4;6;Rue de la Porte de Niort;45,946459;-0,518312
202300029524;31;7;2023;17:00;1;94;94041;2;3;2;6;Avenue du Général Leclerc;48,81313;2,38044
202300029525;17;4;2023;17:41;1;76;76443;2;3;1;3;Route de Cléres;49,563156;1,125809
202300029526;31;7;2023;11:00;1;94;94016;2;1;1;6;Avenue Carnot;48,797487;2,329485
202300029527;23;1;2023;02:58;3;48;48146;1;1;4;6;D986 - Lieu dit le bac;44,379936;3,421769
202300029528;23;1;2023;09:10;1;52;52140;1;1;1;7;D235;48,226781;4,915389
202300029529;30;7;2023;22:00;3;94;94011;2;2;1;3;Mail de la Résistance;48,76644;2,4847
202300029530;15;4;2023;13:45;1;79;79066;1;1;1;2;N/A;46,484129;-0,355929
202300029531;17;1;2023;17:30;4;88;88304;2;1;3;6;Rue de l?Abbe Germini;48,304708;6,134206
202300029532;22;1;2023;14:45;1;13;13080;2;1;1;7;D14;43,64757;5,421799
202300029533;31;7;2023;05:50;2;94;94073;2;9;8;3;Boulevard des Alliés;48,766888;2,403762
202300029534;29;7;2023;04:10;5;94;94018;2;9;2;6;A4;48,82137;2,39949
202300029535;19;1;2023;07:50;2;67;67108;1;1;8;1;Route de Schirmeck;48,524933;7,609878
202300029536;17;4;2023;15:15;1;82;82025;1;2;1;3;850 Chemin de Verdun;43,940764;1,303183
202300029537;30;7;2023;18:50;1;93;93064;2;1;1;6;Rue du 8 Mai 1945;48,88602;2,49194
202300029538;21;1;2023;13:13;1;31;31478;2;1;8;6;72 Route de Toulouse;43,4527711;1,877576
202300029539;22;1;2023;06:25;3;49;49308;1;1;1;6;A87N;47,400709;-0,511798
202300029540;30;7;2023;18:40;1;93;93045;2;3;1;3;Rue de la Convention / Avenue Faidherbe;48,88319349;2,41160192
202300029541;6;4;2023;07:20;2;71;71205;1;2;1;3;Chemin du Tronchet;46,715643;5,313091
202300029542;21;1;2023;15:45;1;973;97360;2;1;1;2;piste des 6 kms;5,14844;-54,341555
202300029543;31;7;2023;12:30;1;92;92051;2;3;2;5;GENERAL KOENIG (BOULEVARD DU);48,88010086;2,25082129
202300029544;22;1;2023;15:20;1;62;62440;1;1;1;6;A2;50,086315;3,038691
202300029545;30;7;2023;14:22;1;92;92050;2;1;1;6;MARTIN HENRI AVENUE;48,89622542;2,19588768
202300029546;16;4;2023;17:30;1;63;63407;1;1;1;1;D983;45,607208;2,825074
202300029547;30;7;2023;16:00;1;92;92025;2;1;1;6;ESTIENNE D'ORVES (RUE);48,91819;2,24443
202300029548;21;1;2023;17:25;1;976;97608;2;3;1;1;Rue Manga Magari;-12,787722;45,271625
202300029549;29;7;2023;04:40;5;92;92024;2;2;1;2;NEUILLY (RUE DE) DE (3 A 36);48,90145762;2,30114178
202300029550;15;4;2023;17:30;1;49;49050;2;1;1;1;Grande rue;47,31721;-0,406805
202300029551;20;1;2023;19:30;5;973;97311;2;1;1;5;Avenue Paul Castaing;5,490818;-54,018917
202300029552;28;7;2023;21:55;1;92;92024;2;2;1;3;KLOCK (RUE);48,90002095;2,31147677
202300029553;18;1;2023;12:15;1;973;97311;2;1;1;3;1244 Avenue Christophe Colomb;5,482804;-54,035908
202300029554;31;7;2023;18:30;1;92;92007;2;1;2;3;BARBUSSE (AVENUE HENRI) N° 1 A 43 ET 2 A;48,79941704;2,31097808
202300029555;16;4;2023;17:10;1;46;46208;1;1;1;6;D840;44,85537824;1,63762644
202300029556;22;1;2023;09:30;1;971;97116;1;1;1;1;rn5;16,324917;-61,439152
202300029557;16;6;2023;10:20;1;41;41045;1;2;1;3;D751;47,485497;1,211253
202300029558;21;1;2023;18:40;3;971;97125;1;9;1;1;N4;16,255817;-61,312664
202300029559;16;4;2023;15:50;1;22;22226;1;3;1;7;Lan Vrudec;48,684984;-3,560802
202300029560;1;8;2023;08:45;1;26;26324;1;1;1;2;Autoroute A7 - PK 140+500 - Sens N/S;44,34480337;4,73776817
202300029561;20;1;2023;16:50;1;971;97125;1;1;1;7;Route de l?Anse a l?Eau;16,300915;-61,276371
202300029562;27;4;2023;07:06;1;52;52189;1;1;1;2;A31 PK 89+500;47,70533666;5,18721937
202300029563;21;1;2023;16:55;1;77;77222;2;2;1;2;11 Rue de Paris;48,63729;2,795607
202300029564;16;4;2023;18:45;1;35;35117;1;2;1;5;Départementale 166;48,146296;-2,217168
202300029565;20;1;2023;06:41;3;95;95675;1;1;2;6;D9;49,05940423;2,53426373
202300029566;1;8;2023;09:50;1;68;68300;2;2;2;2;Rue des Romains;47,779817;7,392066
202300029567;20;1;2023;19:30;5;66;66180;2;1;1;3;3 Avenue de la Côte Vermeille;42,774372;2,992833
202300029568;16;4;2023;16:53;1;35;35234;1;1;1;6;Polka;48,222807;-2,177594
202300029569;31;7;2023;18:00;1;42;42049;1;1;1;1;Route de la Tannerie;46,145529;3,883613
202300029570;18;1;2023;07:30;1;84;84092;2;1;1;6;Avenue Théophile Delorme;43,963602;4,858344
202300029571;16;4;2023;20:50;5;38;38175;2;1;1;6;2 Rue des Rhododendrons;45,26546;5,91499
202300029572;31;7;2023;15:45;1;60;60203;1;1;2;1;D1324;49,23241;2,865694
202300029573;17;1;2023;18:00;5;6;6157;2;1;1;6;288 Avenue Emile Hugues;43,721005;7,110386
202300029574;31;7;2023;13:19;1;65;65410;1;1;1;7;route départementale 21;43,227225;0,125871
202300029575;22;1;2023;11:30;1;13;13100;1;1;1;2;D99;43,79499652;4,80692402
202300029576;10;4;2023;17:20;1;1;1294;1;2;8;5;D24a;45,689574;5,693406
202300029577;1;8;2023;14:20;1;62;62597;1;1;1;1;D32;50,192396;2,781258
202300029578;21;1;2023;02:00;3;68;68016;1;1;1;6;D18b;47,930434;7,498941
202300029579;17;1;2023;14:00;1;67;67226;2;2;1;6;Route d'Achenheim;48,602804;7,595957
202300029580;14;4;2023;08:00;1;1;1098;2;1;1;1;501 rue pré bonguin;45,773789;5,69367
202300029581;31;7;2023;14:18;1;57;57695;1;3;8;3;A4;49,13917035;6,46645403
202300029582;18;1;2023;23:25;3;55;55288;1;1;8;6;RD964;48,783908;5,561813
202300029583;1;8;2023;17:05;1;51;51434;1;1;1;1;ROUTE DEPARTEMENTAL 3;49,018966;4,058799
202300029584;30;7;2023;15:00;1;19;19136;1;1;1;2;lontrade;45,58080479;2,12886286
202300029585;21;1;2023;08:35;2;73;73050;1;1;1;1;D1504;45,67925764;5,85055929
202300029586;31;7;2023;11:40;1;2B;2B207;2;9;1;3;avenue de Folelli;42,443348;9,508254
202300029587;16;4;2023;18:40;1;72;72329;1;2;1;3;intersection C6 / D301;48,07248;0,301566
202300029588;19;1;2023;18:40;3;38;38374;1;1;1;5;Route de Versin;45,641967;5,338309
202300029589;31;7;2023;15:00;1;65;65395;1;1;1;2;D152;43,101375;-0,180405
202300029590;19;1;2023;16:55;2;38;38111;1;1;1;1;Rue Beyle Stendhal;45,124571;5,671578
202300029591;31;7;2023;08:00;1;12;12102;1;1;1;7;La Vayssière;44,303681;2,59949
202300029592;16;4;2023;12:10;1;6;6068;1;1;1;1;D3;43,720544;6,974398
202300029593;21;1;2023;21:15;5;69;69163;2;9;4;2;29 Route de Chasselay;45,911951;4,776961
202300029594;4;7;2023;17:20;1;47;47171;1;2;1;3;D110;44,30934922;0,73760399
202300029595;18;1;2023;07:50;3;19;19061;1;1;1;7;D1089;45,20673;1,679685
202300029596;31;7;2023;12:37;1;86;86082;1;2;1;3;D29;46,360849;0,189621
202300029597;22;1;2023;06:25;3;86;86026;1;1;1;7;Lieu Dit le Grand Poncay;47,065972;0,164156
202300029598;31;7;2023;18:31;1;22;22338;1;1;2;3;Quesquemelon;48,626335;-3,168826
202300029599;9;1;2023;08:49;1;40;40184;2;9;1;6;28 Avenue des Castors;44,194904;-1,234703
202300029600;1;8;2023;06:45;1;44;44099;1;2;1;3;N/A;47,63335826;-1,33180592
202300029601;16;4;2023;22:30;3;73;73128;1;1;1;5;D1201 - Route de l'Albanais;45,73183595;5,92180122
202300029602;16;1;2023;16:05;1;33;33114;1;1;3;1;D18;45,088002;-0,384012
202300029603;10;7;2023;14:20;1;35;35179;1;1;1;6;RN 176 - PK 26.800;48,543603;-1,884327
202300029604;19;1;2023;19:30;5;33;33005;2;2;1;3;Avenue Sophie Wallerstein;44,732219;-1,086965
202300029605;27;7;2023;21:00;1;35;35179;1;1;1;2;D137 - PK 98;48,50895;-1,91053
202300029606;17;1;2023;07:50;2;44;44026;2;1;1;6;Avenue des Villages;47,278235;-1,484463
202300029607;8;4;2023;15:00;1;4;4209;2;1;1;2;Route de Gap;44,213587;5,925236
202300029608;30;7;2023;15:50;1;29;29217;2;1;1;1;Quai Théodore Botrel;47,852551;-3,747832
202300029609;17;4;2023;08:35;1;30;30133;1;6;6;6;D62a;43,548595;4,134142
202300029610;31;7;2023;12:40;1;29;29262;1;1;2;3;D11;48,43857638;-3,99088305
202300029611;13;1;2023;07:55;5;56;56007;2;6;1;3;32 Rue Henri Dunant;47,663628;-2,987874
202300029612;30;7;2023;10:50;1;29;29211;1;1;2;7;D17;48,32407841;-3,75755437
202300029613;6;1;2023;19:15;5;29;29247;1;3;2;3;Route de Rosporden;47,976715;-4,005525
202300029614;31;7;2023;13:00;1;38;38022;1;1;1;1;188 Route du Dauphiné;45,635853;5,520555
202300029615;14;4;2023;18:00;1;48;48016;1;1;3;1;Balsièges;44,50288;3,462083
202300029616;1;8;2023;08:45;1;54;54175;1;1;3;6;D1C;48,51208422;6,40378475
202300029617;22;1;2023;12:30;1;27;27016;2;1;1;2;Rue Marechal Foch D125;49,248846;1,442969
202300029618;1;8;2023;09:00;1;14;14312;1;1;1;6;20 Rue du Chateau d’Eau;49,37654059;-1,04622714
202300029619;22;1;2023;04:30;3;60;60682;1;1;1;6;D932a;49,246586;2,640102
202300029620;21;1;2023;18:40;5;59;59416;2;1;1;1;Rue de Saint-venant;50,685198;2,510058
202300029621;17;4;2023;07:45;1;52;52550;1;1;2;7;cd 2 - PK 16+400;48,50865292;4,94043699
202300029622;30;7;2023;18:00;1;16;16030;1;3;1;1;N/A;45,492405;-0,197368
202300029623;21;1;2023;19:10;3;13;13215;1;1;1;2;A7-Sens Lyon vers Marseille;43,366317;5,360761
202300029624;31;7;2023;15:10;1;53;53083;1;3;2;3;Intersection C4 - la grande foret;48,287819;-0,26917
202300029625;21;1;2023;06:25;2;13;13212;1;1;1;6;A507 sens Aubagne- Marseille;43,312607;5,424222
202300029626;16;4;2023;23:01;3;67;67152;1;6;8;6;Rond Point RD400 - M353;48,525993;7,664608
202300029627;21;1;2023;15:50;1;83;83144;1;1;1;7;A57;43,14182025;6,00552392
202300029628;31;7;2023;20:25;1;24;24098;1;1;1;1;Route du Lac Lagraule;45,236829;0,742639
202300029629;22;1;2023;06:20;3;69;69294;1;1;1;2;Autoroute 7;45,62844904;4,81705064
202300029630;31;7;2023;16:30;1;87;87154;1;3;1;3;Route de Chez Beaugy;45,904897;0,94476
202300029631;22;1;2023;00:20;3;69;69199;1;1;1;6;Autoroute 7;45,69299;4,84443
202300029632;27;7;2023;20:15;1;37;37050;2;1;1;1;Route de Bordeaux;47,3494;0,700824
202300029633;15;4;2023;21:50;3;1;1204;1;1;2;6;A40 PK 110+600 sens MACON/GENEVE;46,164784;5,702269
202300029634;21;1;2023;21:45;3;92;92036;1;1;1;3;AUTOROUTE A15;48,94804682;2,28091085
202300029635;31;7;2023;13:45;1;19;19134;1;9;1;6;Aire du Chavanon (Aire de repos);45,622232;2,457059
202300029636;17;4;2023;07:25;2;89;89277;1;1;8;6;A6;47,674519;3,862972
202300029637;21;1;2023;14:50;1;75;75113;2;1;1;6;RUE NATIONALE;48,82425459;2,36795604
202300029638;1;8;2023;11:31;1;13;13029;2;6;1;2;D70f;43,577476;5,094464
202300029639;20;1;2023;18:34;5;75;75113;2;3;1;6;ECHANGEUR ITALIE;48,815749;2,360794
202300029640;19;1;2023;07:58;1;75;75119;2;1;1;3;BOULEVARD MACDONALD;48,898629;2,378181
202300029641;16;4;2023;10:15;1;988;98808;1;1;2;7;Nékoué (Tribu);-21,260459;165,607198
202300029642;21;1;2023;18:30;5;75;75118;2;3;1;6;RUE DE LA CHAPELLE;48,89083845;2,3599121
202300029643;1;8;2023;15:00;1;1;1213;1;1;2;4;A42 PK 037+500;45,939728;5,288817
202300029644;20;1;2023;23:45;5;75;75118;2;3;1;6;BOULEVARD NEY;48,89764055;2,33234704
202300029645;29;7;2023;17:10;2;987;98715;2;1;1;1;Face Magasin MIKLUS - RT1;-17,564512;-149,612203
202300029646;21;1;2023;17:20;5;75;75116;2;3;1;6;AVENUE MARCEAU;48,8657052;2,29977161
202300029647;16;4;2023;18:00;1;973;97311;2;3;1;3;Avenue Christophe Colomb;5,485302;-54,034796
202300029648;1;8;2023;08:15;1;7;7053;1;1;1;1;Rd 104 PK076.000;44,401165;4,233282
202300029649;20;1;2023;20:20;5;75;75115;2;2;1;6;AVENUE EMILE ZOLA;48,84652103;2,28541911
202300029650;1;8;2023;11:30;1;37;37249;1;2;1;3;D959;47,507494;0,450625
202300029651;21;1;2023;19:25;5;75;75115;2;1;1;6;PONT DE BIR HAKEIM;48,85545871;2,28783309
202300029652;15;4;2023;15:30;1;971;97117;1;3;1;3;D123;16,341944;-61,406437
202300029653;1;8;2023;09:25;1;14;14514;1;1;1;1;A13 ;49,275869;0,192175
202300029654;21;1;2023;19:30;5;75;75113;2;1;1;6;BOULEVARD MASSENA;48,81909793;2,36126125
202300029655;16;4;2023;01:10;3;45;45346;2;1;1;6;105 Route des Caduels;47,945431;2,279808
202300029656;29;7;2023;16:00;1;976;97608;2;1;1;3;Route des Badamiers;-12,780268;45,280468
202300029657;21;1;2023;11:30;1;75;75120;2;3;1;6;BOULEVARD DE CHARONNE;48,848829;2,399502
202300029658;6;4;2023;10:15;1;91;91494;1;1;1;7;CD 19;48,613789;2,348757
202300029659;31;7;2023;14:50;1;971;97111;1;1;1;3;Rn2 la perle;16,34015;-61,777373
202300029660;21;1;2023;15:40;1;75;75110;2;7;8;6;RUE DU FAUBOURG SAINT MARTIN;48,88382;2,368551
202300029661;17;4;2023;10:20;1;78;78320;2;1;1;6;D915;49,073149;1,513903
202300029662;14;7;2023;13:50;1;18;18285;1;2;1;3;N/A;47,025634;2,210231
202300029663;21;1;2023;01:30;5;75;75108;2;3;1;3;AVENUE DES CHAMPS ELYSEES;48,871016;2,303483
202300029664;16;4;2023;22:20;3;34;34289;1;1;1;6;D18 PR 19+525;43,389303;3,396566
202300029665;4;6;2023;22:30;3;78;78262;1;9;1;3;route de boissy sans avoir;48,806959;1,79929
202300029666;20;1;2023;18:35;5;75;75104;2;2;1;7;PONT DE SULLY;48,85082534;2,36144096
202300029667;16;4;2023;12:35;1;83;83107;1;1;1;2;Corniche des Issambres;43,351755;6,713296
202300029668;30;7;2023;11:45;1;78;78443;1;2;1;1;D912;48,80458;1,867677
202300029669;17;4;2023;18:42;1;83;83023;2;1;1;7;Avenue des Berges;43,408539;6,059926
202300029670;20;1;2023;06:50;5;75;75101;2;2;1;6;RUE ETIENNE MARCEL;48,864415;2,346656
202300029671;1;8;2023;17:10;1;2B;2B095;1;1;1;7;RD 84, PK 64.050;42,352419;9,05282
202300029672;21;1;2023;14:25;1;94;94081;2;2;7;6;Rue du Gal Malleret Joinville / Rue du Bel Air;48,781032;2,403133
202300029673;31;7;2023;09:39;1;66;66230;1;3;1;3;N/A;42,64924;2,529425
202300029674;17;4;2023;12:25;1;13;13022;1;3;1;1;RD559;43,218875;5,58077
202300029675;31;7;2023;22:20;5;83;83119;2;1;1;6;avenue Paul Signac;43,270253;6,64461
202300029676;21;1;2023;18:30;5;94;94041;2;3;1;6;Avenue Georges Gosnat;48,8112889;2,38395542
202300029677;16;4;2023;05:40;3;88;88321;1;1;1;6;Rue du 12 Septembre 44;48,349754;5,676933
202300029678;31;7;2023;17:40;1;13;13048;2;1;1;1;Route de Rians;43,63557;5,643003
202300029679;16;4;2023;16:00;1;44;44066;1;1;1;1;8 Rue olivier de serres;47,373038;-1,649988
202300029680;21;1;2023;19:35;5;94;94028;2;6;1;3;Rue Charles Gounod / Avenue Francois Mauriac;48,78485;2,45105
202300029681;1;8;2023;02:00;3;57;57582;1;1;3;1;D60 Pk 0+300;49,298105;6,168442
202300029682;21;1;2023;17:00;1;94;94054;2;1;1;6;4 Avenue Marcel Cachin (parking);48,74521;2,41026
202300029683;17;4;2023;12:35;1;1;1397;2;6;1;2;30 Route de Divonne;46,314754;6,108168
202300029684;21;1;2023;11:10;1;94;94019;2;2;1;3;Route de la Libération / Rue Fusilles de Chateaubriant;48,79881;2,54502
202300029685;24;7;2023;16:00;1;7;7097;1;9;1;2;Route départementale 86;45,020948;4,832622
202300029686;6;4;2023;18:30;1;47;47157;2;1;1;6;25 Avenue Francois Mitterrand;44,510133;0,139282
202300029687;1;8;2023;12:40;1;1;1224;1;1;1;6;D84;45,813206;5,216457
202300029688;21;1;2023;12:05;1;93;93072;2;3;1;6;Boulevard Maxime Gorki / Rue Salvador Allende;48,94657;2,38666
202300029689;17;4;2023;08:00;1;33;33243;2;4;1;3;Route de Montagne;44,923404;-0,222763
202300029690;21;1;2023;21:00;5;93;93071;2;1;1;2;Avenue Robert Ballanger;48,936068;2,531452
202300029691;31;7;2023;19:10;1;81;81225;1;3;1;6;D988;43,91964;1,98169
202300029692;15;4;2023;15:43;1;33;33052;2;6;1;7;3 Rue des Acacias;44,951689;-0,238164
202300029693;21;1;2023;14:25;1;93;93070;2;1;7;6;Rue Albert Dhalenne;48,91571;2,33113
202300029694;31;7;2023;19:40;2;9;9130;1;1;1;3;D21;42,949458;1,574824
202300029695;21;1;2023;13:30;1;93;93031;2;1;1;1;Boulevard Foch;48,94806;2,33158
202300029696;16;4;2023;18:10;1;61;61216;1;1;1;7;D16 PK 7+870;48,612466;-0,07332
202300029697;26;7;2023;16:00;1;33;33238;1;1;1;1;Avenue de Gradignan;44,745213;-0,618517
202300029698;16;4;2023;07:30;3;35;35228;2;1;1;6;12 Rue de la ville basle;48,58833527;-2,05743536
202300029699;1;8;2023;07:45;1;50;50099;2;6;1;2;Route Américaine;49,301464;-1,264147
202300029700;31;7;2023;11:00;1;13;13213;1;1;1;4;A507 sens Aubagne- Marseille;43,32920217;5,41484365
202300029701;16;4;2023;19:00;1;13;13215;1;1;1;2;A7-Sens Lyon vers Marseille;43,376041;5,359883
202300029702;30;7;2023;19:00;1;54;54312;1;1;1;2;Autoroute A 31;48,94195;6,11265
202300029703;29;7;2023;18:20;1;59;59343;1;1;1;4;AUTOROUTE A1;50,58945;3,09676
202300029704;16;4;2023;14:00;1;13;13202;1;1;1;2;Tunnel Joliette Marseille vers Aubagne;43,29962531;5,36366684
202300029705;30;7;2023;04:10;5;93;93008;1;1;1;3;AUTOROUTE A86;48,90621;2,45998
202300029706;29;7;2023;18:00;1;92;92036;1;1;1;4;AUTOROUTE A15;48,94647077;2,28241919
202300029707;1;4;2023;15:05;1;42;42183;1;1;1;2;N88;45,404231;4,375968
202300029708;30;7;2023;03:15;3;94;94046;1;1;1;6;A86;48,81070243;2,44917546
202300029709;16;4;2023;20:07;1;91;91589;1;1;1;2;AUTOROUTE A6;48,68282;2,32953
202300029710;12;5;2023;22:00;3;88;88114;1;1;1;1;D429;48,189855;5,908086
202300029711;16;4;2023;18:20;1;94;94034;2;1;1;4;A86;48,75772551;2,32805983
202300029712;16;4;2023;18:12;1;91;91086;1;1;1;4;RN 104;48,62376;2,38229
202300029713;16;4;2023;15:50;1;94;94034;1;1;1;2;A86;48,75772551;2,32805983
202300029714;15;4;2023;20:45;3;92;92019;1;1;1;3;RN385;48,7760957;2,22940165
202300029715;16;4;2023;21:05;5;94;94017;1;1;1;2;A86;48,83041529;2,4904233
202300029716;16;4;2023;00:40;3;77;77495;1;1;1;3;A5b;48,59433289;2,6355623
202300029717;14;4;2023;08:30;1;93;93051;1;1;1;5;A4;48,83642;2,55222
202300029718;14;4;2023;07:35;1;94;94017;1;1;1;2;A4;48,83020089;2,495767
202300029719;14;4;2023;17:40;1;972;97209;2;1;1;6;PAUL NARDAL (AVENUE);14,60751;-61,07299
202300029720;15;4;2023;10:00;1;972;97209;1;1;1;2;RD 41 (ROCADE);14,61654;-61,06041
202300029721;14;4;2023;08:50;1;972;97209;2;1;1;6;PROFESSEUR RAYMOND GARCIN (RUE DU);14,61913;-61,07807
202300029722;14;4;2023;22:50;5;2B;2B033;2;1;1;6;TOUTES RUES;42,7027;9,4474
202300029723;22;5;2023;23:45;4;31;31555;2;1;1;5;VA007598 LESPINET A620 Sortie 20;43,571118;1,4763
202300029724;15;4;2023;06:30;2;971;97101;1;1;1;2;GRAND CAMP(SECTION);16,2541;-61,53955
202300029725;15;4;2023;05:30;5;2A;2A004;2;1;8;1;COLONNA D'ORNANO COLONEL AV.;41,92842;8,73514
202300029726;24;5;2023;19:21;1;29;29232;1;1;1;2;RN 165;47,98666591;-4,02370932
202300029727;14;4;2023;22:37;3;91;91339;1;1;2;6;RTE NATIONALE 20;48,61498;2,25546
202300029728;22;5;2023;16:40;1;14;14118;2;1;1;3;916p Cours Montalivet;49,17933;-0,34079
202300029729;21;3;2023;19:10;2;86;86066;2;2;1;3;Avenue de Velbert;46,81645;0,52814