Num_Acc;jour;mois;an;hrmn;lum;dep;com;agg;int;atm;col;adr;lat;long
202300029730;24;5;2023;02:35;3;13;13019;1;1;1;5;D60 A;43,43124;5,33488
202300029731;14;4;2023;16:00;1;83;83144;1;1;1;5;SAINTE CLAIRE (AVENUE);43,13517;6,00842
202300029732;11;4;2023;13:45;1;83;83126;2;1;1;6;BLUM (RUE LEON);43,10191024;5,88121042
202300029733;24;5;2023;21:50;5;13;13214;2;4;1;5;GIBBES (CHEMIN DE);43,32367736;5,38188365
202300029734;15;4;2023;08:52;1;78;78490;2;6;3;3;SAINT GERMAIN (AVENUE DE);48,826936;1,952178
202300029735;24;5;2023;15:40;1;13;13202;2;1;1;1;CAMILLE PELLETAN (AVENUE);43,30282;5,37419
202300029736;14;4;2023;19:45;2;78;78498;2;1;2;6;SCHWEITZER RUE DU DOCTEUR;48,92083;2,0343
202300029737;24;5;2023;11:15;1;13;13209;2;1;1;1;REDON (BOULEVARD DU);43,24954;5,42261
202300029738;14;4;2023;21:30;5;72;72181;2;1;1;4;JAURES JEAN (AV) N° IMP 35 A 179;47,988;0,2077
202300029739;14;4;2023;18:25;1;72;72095;2;3;1;4;SAINT NICOLAS (BD);48,03062;0,20449
202300029740;24;5;2023;08:20;1;13;13005;1;3;1;3;PALUDS (AVENUE DES);43,28417;5,602
202300029741;14;4;2023;19:05;1;72;72181;2;1;1;3;JACOBINS (PL DES);48,00772;0,19877
202300029742;5;4;2023;07:05;1;11;11262;2;1;1;6;50 Avenue du General Leclerc;43,1779;2,9949
202300029743;14;4;2023;13:25;1;72;72181;1;1;2;1;TOURS (RTE) LIGNE DROITE DES HUNAUDIERES;47,96282;0,22217
202300029744;15;4;2023;11:20;1;71;71486;2;1;2;6;WALDECK ROCHET (AVENUE);46,66035233;4,37197655
202300029745;24;5;2023;11:00;1;7;7281;2;2;1;6;MALET (RUE FERNINAND);44,94059;4,8377
202300029746;15;4;2023;03:50;5;69;69264;2;6;2;6;Boulevard Burdeau;45,99712;4,73038
202300029747;24;5;2023;18:15;1;6;6069;1;3;1;3;SAINT JOSEPH (CHEMIN ET PLACE);43,65236;6,95155
202300029748;15;4;2023;15:20;1;69;69264;2;1;1;6;747 Route de Frans;45,98499;4,73086
202300029749;5;3;2023;15:00;1;51;51250;2;3;8;4;N31;49,310078;3,687083
202300029750;24;5;2023;19:10;1;75;75120;2;1;1;2;PORTE DE BAGNOLET;48,869643;2,413267
202300029751;15;4;2023;23:53;5;64;64102;2;1;1;6;AQUITAINE (AVENUE DE L');43,48655;-1,4674
202300029752;5;3;2023;16:23;1;9;9130;1;1;1;7;route forrestière;42,938788;1,571056
202300029753;24;5;2023;16:42;1;75;75116;2;1;1;3;BOULEVARD PERIPHERIQUE;48,859496;2,262727
202300029754;15;4;2023;17:36;1;62;62250;1;1;1;1;D39;50,44323315;2,91927946
202300029755;4;3;2023;19:50;2;44;44159;1;1;1;1;;47,1381;-1,402597
202300029756;23;5;2023;10:20;1;75;75116;2;1;1;7;BD PERIPHERIQUE INTERIEUR;48,854539;2,254923
202300029757;23;5;2023;06:00;2;75;75114;2;1;1;7;BD PERIPHERIQUE INTERIEUR;48,820099;2,325741
202300029758;6;4;2023;15:50;1;62;62628;2;3;1;2;Rue de Courtaigne;50,42445;2,8838
202300029759;4;3;2023;12:05;1;13;13070;1;1;1;2;A50-Sens Aubagne vers Marseille;43,28559;5,514
202300029760;24;5;2023;10:00;1;75;75117;2;1;1;2;BD PERIPHERIQUE EXTERIEUR OUEST;48,884658;2,286128
202300029761;15;4;2023;21:15;1;59;59599;2;3;1;3;FOREST (CHAUSSEE FERNAND);50,73686;3,1543
202300029762;4;3;2023;10:55;1;13;13211;1;1;1;2;A50-Sens Aubagne vers Marseille;43,28653;5,43258
202300029763;24;5;2023;19:45;1;75;75108;2;1;1;6;AVENUE DE WAGRAM;48,876904;2,297299
202300029764;15;4;2023;16:35;1;54;54197;2;1;1;2;SAINT-EXUPERY (RUE ANTOINE DE);48,63851906;6,18810296
202300029765;4;3;2023;08:30;1;13;13026;1;1;1;2;A55-Sens Marseille vers Martigues;43,39821;5,121322
202300029766;24;5;2023;20:10;1;75;75115;2;2;1;6;AVENUE DE LA MOTTE PICQUET;48,849138;2,298131
202300029767;19;2;2023;01:35;3;13;13210;1;1;1;2;S10CD-Sens Aubagne vers Marseille;43,28495394;5,40975531
202300029768;14;4;2023;17:49;1;54;54184;1;1;1;4;route de l'Amezule;48,712;6,242917
202300029769;24;5;2023;07:00;1;75;75114;2;2;1;3;RUE DE GERGOVIE;48,834362;2,313625
202300029770;24;5;2023;19:50;1;75;75113;2;1;1;6;QUAI D AUSTERLITZ;48,843377;2,365961
202300029771;5;3;2023;13:30;1;69;69199;1;1;1;5;Route Départementale 383;45,70172;4,84517
202300029772;14;4;2023;18:00;1;51;51454;2;2;1;6;avenue du Général Bonaparte;49,22995349;4,00711164
202300029773;4;3;2023;13:10;1;69;69266;1;1;1;3;Route Départementale 383 ;45,76036;4,90932
202300029774;24;5;2023;08:10;1;75;75112;2;2;1;3;QUAI DE LA RAPEE;48,84644;2,366836
202300029775;15;4;2023;21:40;3;51;51431;1;2;1;3;D951;49,014549;3,941922
202300029776;12;11;2023;21:00;3;4;4157;1;1;1;7;Route de Moustiers - D56 PK17,500;43,850251;6,144801
202300029777;24;5;2023;23:10;5;75;75111;2;1;1;3;BOULEVARD DE BELLEVILLE;48,869537;2,379691
202300029778;5;3;2023;03:20;4;33;33192;1;1;1;2;ROCADE A 630;44,78594;-0,59459
202300029779;15;4;2023;14:30;1;49;49007;2;2;1;3;MAINE;47,47841;-0,54692
202300029780;9;11;2023;09:50;1;85;85227;1;1;8;6;D745;46,472242;-0,648313
202300029781;5;3;2023;17:00;1;91;91339;1;1;1;7;RN 104;48,62465;2,26302
202300029782;24;5;2023;19:45;1;75;75110;2;1;1;7;BOULEVARD DE MAGENTA;48,872657;2,3593
202300029783;5;3;2023;08:20;1;91;91086;1;1;1;6;RN 104;48,623;2,387
202300029784;15;4;2023;13:20;1;45;45308;1;1;2;2;90 Route de Saint-Jean de Braye;47,931596;1,950061
202300029785;13;11;2023;17:20;1;27;27243;1;1;1;2;Route d'Honfleur;49,408513;0,302566
202300029786;24;5;2023;09:50;1;75;75109;2;3;1;6;RUE DU HAVRE;48,874826;2,326777
202300029787;4;3;2023;22:05;3;91;91174;1;1;1;4;RN 104;48,61466;2,45296
202300029788;13;11;2023;06:40;5;27;27622;2;1;2;6;Route de Beaumont;49,109207;0,724521
202300029789;14;4;2023;17:15;1;45;45234;2;1;1;3;18bis Rue des Montées;47,87842;1,91242
202300029790;23;5;2023;18:40;1;75;75108;2;5;1;3;AVENUE DES CHAMPS ELYSEES;48,868873;2,30989
202300029791;12;11;2023;19:50;3;28;28319;1;1;2;6;D2020;48,286796;1,980626
202300029792;4;3;2023;05:40;5;86;86194;2;2;1;6;Avenue du 11 Novembre;46,566253;0,363401
202300029793;3;3;2023;18:26;1;72;72181;2;6;1;6;rue Martial VIVET;48,01899;0,15393
202300029794;13;11;2023;07:50;1;17;17211;1;2;1;7;D150 et rue de la montagne PK 8+500;46,037768;-0,512034
202300029795;24;5;2023;17:15;1;75;75102;2;2;1;3;BOULEVARD DES CAPUCINES;48,87027;2,330054
202300029796;10;4;2023;15:00;1;34;34301;2;3;1;3;59 Boulevard Camille Blanc;43,407557;3,668573
202300029797;10;11;2023;19:05;3;17;17113;2;9;2;7;Route du Bourg;45,118393;-0,147393
202300029798;3;3;2023;12:20;1;69;69290;1;5;1;3;100 Route de Lyon;45,70471;4,91239
202300029799;23;5;2023;11:50;1;94;94052;2;1;1;6;Avenue de Joinville;48,829325;2,467027
202300029800;15;4;2023;12:30;1;33;33529;2;1;1;3;rue Lagrua;44,64564;-1,15788
202300029801;12;11;2023;11:55;1;30;30004;2;7;1;6;5 Place Emile Jamais;43,738746;4,181647
202300029802;3;3;2023;18:52;1;64;64024;2;1;1;3;BAB (BOULEVARD DU);43,488099;-1,535827
202300029803;24;5;2023;15:22;1;94;94003;2;1;1;7;Avenue Aristide Briand;48,8098;2,32631
202300029804;14;4;2023;17:20;1;30;30007;2;3;2;3;Avenue des Maladreries;44,11964;4,10313
202300029805;11;11;2023;18:30;3;67;67388;1;1;2;1;D1062;48,91413927;7,64624388
202300029806;3;3;2023;15:50;1;54;54357;2;4;8;6;QUINZE SEPTEMBRE 1944 (RUE DU);48,71369;6,16373
202300029807;23;5;2023;13:15;1;94;94037;2;3;1;3;Avenue Paul Vaillant-couturier;48,8165;2,33801
202300029808;4;3;2023;15:55;1;973;97302;2;1;1;3;MADELEINE (ROUTE DE LA);4,9178;-52,32148
202300029809;14;4;2023;18:30;1;30;30243;2;3;2;4;N/A;44,061;4,0902
202300029810;24;5;2023;16:40;1;94;94070;2;1;1;2;Route de Paris;48,7171;2,57132
202300029811;3;3;2023;19:50;4;973;97302;1;9;1;3;GIRATOIRE MARINGOUINS;4,90771596;-52,32248282
202300029812;13;11;2023;08:15;2;31;31351;2;1;7;6;4 Chemin des Panedautes;43,674557;1,293479
202300029813;15;4;2023;19:00;1;25;25388;2;4;2;2;GRAND -CHARMONT (ROUTE DE);47,51695;6,81176
202300029814;4;3;2023;16:00;1;69;69388;2;1;1;6;Boulevard des Etats-Unis;45,73003;4,86696
202300029815;24;5;2023;16:15;1;93;93078;2;9;1;3;Avenue des Nations;48,97302904;2,51052728
202300029816;13;11;2023;06:50;3;82;82085;1;1;1;2;A62 - PK 183+450;43,986358;1,241906
202300029817;15;4;2023;19:18;1;25;25056;1;1;1;6;route de gray;47,24757;5,97897
202300029818;3;3;2023;07:00;1;972;97209;1;1;1;2;RD 41 (ROCADE);14,61382;-61,06381
202300029819;12;11;2023;18:25;3;44;44026;1;9;2;6;N/A;47,286303;-1,508013
202300029820;4;3;2023;00:25;3;971;97101;2;1;1;2;ROUTE DES ABYMES;16,25735;-61,52012
202300029821;23;5;2023;18:50;1;93;93073;2;2;1;3;Rue Louis Eschard / Rue de la Raperie;48,97675;2,55859
202300029822;14;4;2023;19:58;1;17;17306;2;1;1;3;REPUBLIQUE (DE LA) (BD);45,62462;-1,02734
202300029823;4;3;2023;05:00;5;91;91114;2;1;1;7;RUE TALMA;48,69308;2,50159
202300029824;15;4;2023;18:55;1;17;17300;2;1;1;3;MARILLAC   QUAI;46,146271;-1,161258
202300029825;8;11;2023;08:08;1;6;6085;1;1;1;5;A8, PK 165.800 voie SUD;43,5839892;7,0118096
202300029826;24;5;2023;11:51;1;93;93066;2;1;1;3;Rue Charles Michels;48,93423;2,34343
202300029827;2;4;2023;03:20;4;15;15014;2;1;2;6;Rue des Malaudes;44,91614;2,43789
202300029828;4;3;2023;14:55;1;71;71306;2;1;1;3;PAGEOT (RUE DE LA PLACE );46,65939;4,35922
202300029829;10;11;2023;08:20;1;86;86297;1;1;1;2;A10;46,570913;0,288806
202300029830;4;3;2023;10:15;1;64;64102;2;1;1;3;CAMOUSEIGT (ALLEE DE);43,48385;-1,50186
202300029831;24;5;2023;17:27;1;93;93051;2;6;1;3;Rue du Docteur Vaillant / Rue Camille Flammarion;48,83862215;2,56725669
202300029832;15;4;2023;20:15;2;13;13001;2;2;1;2;BRIAND ARISTIDE (BD);43,53231957;5,45093091
202300029833;11;11;2023;08:30;1;73;73104;1;1;1;6;A 43;45,55549215;5,75633973
202300029834;3;3;2023;16:30;1;62;62587;2;3;1;3;D46;50,432294;2,922045
202300029835;15;4;2023;13:00;1;9;9122;2;9;2;2;VILLOTE (ALLEES DE);42,96408;1,61049
202300029836;14;5;2023;17:30;1;93;93048;2;3;1;3;Avenue Paul Signac / Boulevard Aristide Briand;48,86974;2,44969
202300029837;13;11;2023;08:45;1;988;98808;1;1;1;7;RPN3;-21,377189;165,684675
202300029838;3;3;2023;12:00;1;62;62270;1;1;1;5;D301;50,47122;2,52422
202300029839;15;4;2023;09:10;1;6;6088;2;4;1;3;ST LAMBERT A PARTIR DU N° 131);43,717691;7,262898
202300029840;13;11;2023;07:30;5;29;29005;2;1;3;6;Rue Jean-Marie Carer;47,85734643;-3,60500736
202300029841;24;5;2023;15:50;1;93;93046;2;3;1;3;Avenue Aristide Briand / Boulevard Gutenberg;48,91198299;2,52079034
202300029842;3;3;2023;17:55;2;60;60057;2;9;2;6;Boulevard du Général de Gaulle;49,42952;2,09012
202300029843;15;4;2023;06:50;2;6;6029;2;1;1;6;CROISETTE (BOULEVARD DE);43,5512;7,01827
202300029844;9;11;2023;00:45;4;77;77257;2;1;2;1;D17;49,020321;3,031661
202300029845;15;4;2023;21:00;5;6;6027;2;9;8;2;PLAGE BOULEVARD DE LA;43,651;7,152
202300029846;4;3;2023;18:30;2;42;42187;2;2;1;3;Boulevard Jean-Baptiste Clément;46,0463;4,08487
202300029847;28;5;2023;17:20;1;93;93032;2;2;1;3;Avenue de l'Abbaye / Avenue Guynemer;48,87793252;2,56917501
202300029848;15;4;2023;10:30;1;75;75113;2;1;2;2;QUAI D IVRY;48,825999;2,387071
202300029849;13;11;2023;18:47;5;78;78090;1;4;1;1;D44;48,970802;1,907287
202300029850;23;5;2023;19:40;1;93;93032;2;1;1;6;Avenue Jean Jaurès;48,88331604;2,52851708
202300029851;4;3;2023;19:45;1;37;37261;2;1;1;4;SANITAS (PONT DU);47,37168;0,69653
202300029852;13;11;2023;15:00;1;84;84141;2;1;1;1;Rue de la Groseillere;43,985547;4,901737
202300029853;13;4;2023;08:50;1;75;75118;2;1;1;5;PORTE DE CLIGNANCOURT;48,901104;2,346646
202300029854;24;5;2023;17:30;1;93;93001;2;1;1;3;Rue Henri Manigart;48,91275112;2,39843854
202300029855;11;11;2023;01:20;3;6;6048;2;1;1;6;D2204;43,790372;7,350338
202300029856;4;3;2023;19:00;2;37;37122;2;3;1;6;VERDUN (RUE DE);47,34459;0,66484
202300029857;12;11;2023;14:45;1;88;88344;1;1;3;7;D71;48,362334;5,603939
202300029858;15;4;2023;18:05;1;75;75116;2;1;1;2;BOULEVARD PERIPHERIQUE INTERIEUR OUEST;48,851156;2,252293
202300029859;24;5;2023;12:50;1;93;93001;2;1;1;5;Boulevard Félix Faure;48,90953903;2,37713188
202300029860;4;3;2023;23:40;5;33;33063;2;2;1;3;Avenue d'Ares;44,83651;-0,60116
202300029861;13;11;2023;07:45;2;57;57206;2;1;3;6;53 Avenue Jeanne d'Arc;49,302446;6,10518
202300029862;15;4;2023;14:15;1;75;75120;2;3;1;6;RUE DE BAGNOLET;48,862346;2,406327
202300029863;12;11;2023;21:45;3;57;57160;1;1;3;6;D23a;49,201935;6,661824
202300029864;4;3;2023;18:52;2;33;33063;2;2;1;3;Rue Bellus Mareilhac;44,85252863;-0,61693758
202300029865;23;5;2023;17:27;1;93;93001;2;9;1;3;Avenue du Président Roosevelt;48,91793611;2,37908517
202300029866;14;4;2023;03:00;5;75;75117;2;2;1;3;AVENUE DE WAGRAM;48,881547;2,300689
202300029867;3;3;2023;05:30;5;33;33119;2;1;1;1;Rue Frédéric Joliot-Curie;44,85304;-0,53855
202300029868;12;11;2023;15:40;1;1;1262;1;2;2;2;Route de Tramoyes;45,896264;4,969278
202300029869;24;5;2023;16:10;1;92;92064;1;1;1;7;PARC SAINT CLOUD;48,83667;2,19481
202300029870;4;3;2023;16:05;1;31;31555;2;1;1;3;CHE DE FENOUILLET;43,64982;1,41366
202300029871;10;11;2023;22:34;3;1;1211;1;1;2;6;D22;46,100984;5,189586
202300029872;14;4;2023;23:30;5;75;75116;2;2;1;1;ALLEE DE LONGCHAMP;48,86765;2,25089
202300029873;24;5;2023;01:30;5;92;92051;2;1;1;6;GENERAL CORDONNIER (RUE DU);48,88442178;2,27527097
202300029874;4;3;2023;05:10;3;29;29232;1;1;1;6;Pont de Poulguinan;47,98388;-4,11631
202300029875;15;4;2023;16:00;1;75;75112;2;1;1;2;QUAI DE LA RAPEE;48,844127;2,368866
202300029876;4;3;2023;14:33;1;29;29019;2;1;1;2;rue Commandant Somme-Py;48,403797;-4,486673
202300029877;24;5;2023;09:40;1;92;92040;2;2;1;4;GALLIENI (BOULEVARD);48,83458;2,26693
202300029878;6;11;2023;13:44;1;33;33184;1;2;3;3;les forgettes;45,168635;-0,543593
202300029879;15;4;2023;19:38;1;75;75110;2;2;1;3;RUE DU FAUBOURG SAINT MARTIN;48,871757;2,357203
202300029880;15;4;2023;23:30;5;75;75107;2;1;1;7;QUAI D ORSAY;48,862295;2,305431
202300029881;24;5;2023;12:00;1;92;92025;2;2;1;6;CHARLES DE GAULLE (BD);48,914548;2,229141
202300029882;4;3;2023;18:15;1;18;18279;2;2;1;3;9 Rue Blanche Baron;47,22234;2,06546
202300029883;12;11;2023;18:35;5;33;33449;1;1;1;1;D1215;44,90657257;-0,746786
202300029884;12;4;2023;06:30;2;75;75101;2;3;2;6;RUE DE VALOIS;48,864689;2,338587
202300029885;23;5;2023;22:40;5;92;92071;2;1;1;6;DESGRANGES (BOULEVARD DES);48,78164933;2,29332894
202300029886;4;3;2023;20:45;3;18;18033;1;1;8;2;Avenue d'Issoudun;47,05938;2,36164
202300029887;12;11;2023;18:30;3;22;22081;2;9;2;3;Rue Morin;48,485581;-2,64159
202300029888;14;4;2023;12:50;1;94;94076;2;1;2;6;Boulevard Maxime Gorki;48,787945;2,367785
202300029889;4;3;2023;10:15;1;13;13075;2;1;1;6;GENERAL DE GAULLE (MAIL);43,34661988;5,46585006
202300029890;24;5;2023;12:20;1;92;92012;2;1;1;6;JEAN BAPTISTE CLEMENT (AVENUE) 49/FIN -;48,84507955;2,23533757
202300029891;13;11;2023;15:45;1;27;27279;2;2;2;6;Avenue du General de Gaulle;49,092596;1,602078
202300029892;15;4;2023;09:30;1;94;94002;2;2;2;3;Rue de Dijon / Rue de Grenoble;48,78663;2,43074
202300029893;24;5;2023;15:48;1;92;92004;2;1;1;6;COLOMBES ( RUE DE 31 A );48,91362;2,28156
202300029894;3;3;2023;15:15;1;13;13212;2;1;1;2;JEAN RAMEAU (RUE);43,30816929;5,41854873
202300029895;13;11;2023;12:45;1;59;59174;1;1;3;1;D27;50,187794;4,052153
202300029896;24;5;2023;15:20;1;92;92004;2;1;1;3;FAIDHERBE ( AVENUE );48,908449;2,268888
202300029897;15;4;2023;12:30;1;93;93073;2;6;1;1;Place Pierre Curie / Rue de Reims;48,94063;2,57844
202300029898;4;3;2023;18:38;2;13;13005;2;1;1;3;VERDUN (AVENUE DE);43,28791;5,57784
202300029899;12;11;2023;19:50;3;13;13055;1;1;1;2;A50-Sens Marseille vers Aubagne;43,2847285;5,41130939
202300029900;4;3;2023;23:25;5;10;10387;2;1;1;1;CARNOT (RUE);48,29703;4,06654
202300029901;14;4;2023;22:16;5;93;93063;2;1;2;1;Boulevard Roger Salengro;48,8808;2,45028
202300029902;24;5;2023;11:15;1;92;92004;2;1;1;3;VOLTAIRE ( BD 16 A FIN );48,91659;2,28915
202300029903;10;11;2023;19:00;3;13;13211;1;1;1;4;A50-Sens Marseille vers Aubagne;43,28569;5,42902
202300029904;4;3;2023;14:55;1;10;10387;2;2;1;3;EDOUARD HERRIOT (RUE);48,28012;4,07268
202300029905;25;5;2023;15:15;1;76;76281;1;1;1;3;D110;49,509808;0,575624
202300029906;14;4;2023;22:54;5;92;92063;2;2;1;1;HOPITAL STELL (BOULEVARD DE L');48,87631;2,18582
202300029907;4;3;2023;14:11;1;10;10387;2;3;1;6;REPUBLIQUE (RUE DE LA );48,29834;4,07388
202300029908;6;11;2023;16:40;1;42;42218;1;1;1;3;N88;45,43415;4,42016
202300029909;4;3;2023;04:40;5;9;9225;2;9;1;6;RIJOLE AVENUE DE LA;43,12;1,62
202300029910;15;4;2023;11:15;1;92;92050;2;1;2;1;VAILLANT COUTURIER PAUL RUE;48,87976;2,20735
202300029911;25;5;2023;16:35;1;80;80151;1;1;1;1;D929;49,985752;2,594576
202300029912;2;3;2023;20:30;5;72;72181;2;4;1;6;AUVRAY (RUE) N° PAIRS;48,00135;0,19722
202300029913;15;4;2023;12:18;1;92;92062;2;1;8;6;DEFENSE (ROND POINT DE LA);48,89037844;2,24164236
202300029914;27;2;2023;16:20;1;29;29019;2;1;1;6;rue Joachim du Bellay;48,400573;-4,484091
202300029915;12;11;2023;18:45;3;33;33448;1;1;2;2;AUTOROUTE A 62;44,71770432;-0,52012056
202300029916;8;2;2023;10:45;1;13;13056;2;1;1;6;BOUIN RUE JEAN;43,42399;5,04132
202300029917;15;4;2023;09:29;1;92;92024;2;6;2;1;REPUBLIQUE (PLACE DE LA);48,90339464;2,31294662
202300029918;12;11;2023;18:10;4;33;33167;1;1;2;3;ROUTE NATIONALE 230;44,8224076;-0,51434577
202300029919;23;5;2023;11:30;1;67;67507;2;9;1;6;3 Rue de Breitenau;48,340446;7,299201
202300029920;27;2;2023;19:10;5;13;13047;2;6;2;6;RADOLFZELL AVENUE DE;43,49862;4,97962
202300029921;12;11;2023;20:40;3;91;91549;1;1;2;6;RN 104;48,62608;2,34042
202300029922;15;4;2023;05:50;5;92;92004;2;3;2;3;VOLTAIRE ( BD );48,91638;2,28955
202300029923;25;5;2023;11:10;1;972;97210;1;1;1;6;N6;14,607313;-60,929832
202300029924;12;11;2023;13:41;1;91;91617;1;1;2;3;RN 104;48,63319;2,53403
202300029925;26;2;2023;23:15;5;75;75111;2;3;1;6;AVENUE PARMENTIER;48,86244;2,37663
202300029926;16;4;2023;10:40;1;33;33453;1;3;1;3;Saint Laurent;44,586311;0,08494
202300029927;1;3;2023;16:58;1;93;93057;2;1;1;1;Chemin des Postes;48,901112;2,508427
202300029928;12;11;2023;06:45;3;91;91235;1;1;2;5;RN 104;48,6256;2,35544
202300029929;24;4;2023;17:00;1;52;52147;1;1;1;2;A31 PK 108+000;47,857568;5,22622
202300029930;26;2;2023;11:23;1;92;92025;2;1;1;6;MENELOTTE 2A 50 (AV);48,93184;2,26061
202300029931;12;11;2023;12:45;1;78;78466;1;1;2;2;A13;48,934845;1,966473
202300029932;14;5;2023;18:25;1;1;1143;1;1;2;1;Chemin du Munet;46,360757;6,120157
202300029933;15;4;2023;19:50;2;972;97216;2;3;1;3;intersection RN1/D15;14,818942;-61,027419
202300029934;2;3;2023;11:30;1;92;92012;2;1;1;6;POINT DU JOUR (QUAI DU);48,8275;2,2527
202300029935;12;11;2023;17:00;3;95;95678;1;1;2;6;N104;49,07166365;2,24461198
202300029936;25;5;2023;16:15;1;25;25067;1;1;1;6;A36 PK 072.000 SENS BESANÇON/MULHOUSE;47,4195157;6,59601919
202300029937;12;11;2023;16:00;1;93;93005;1;1;3;6;AUTOROUTE A1;48,95772;2,46285
202300029938;4;3;2023;10:15;1;988;98818;2;3;2;4;RUE JACQUES IEKAWE/RUE EDOUARD DALMAYRAC;-22,23919;166,47272
202300029939;25;5;2023;01:00;3;59;59173;1;1;1;6;M945;50,731294;2,946804
202300029940;14;4;2023;21:20;3;34;34123;1;1;1;7;N109;43,628876;3,780194
202300029941;3;3;2023;13:55;1;974;97411;2;1;1;7;TOPAZES(ALLEE DES);-20,89171;55,44507
202300029942;12;11;2023;13:50;1;93;93006;1;1;3;2;AUTOROUTE A3;48,87004;2,4305
202300029943;16;4;2023;03:15;3;38;38113;1;1;1;7;Départementale 526;44,828406;5,639462
202300029944;4;3;2023;00:45;5;974;97409;2;9;1;6;PENTE SASSY (chemin de la);-20,963968;55,658981
202300029945;12;11;2023;15:50;1;95;95572;1;1;3;6;A15;49,0309255;2,12129474
202300029946;24;5;2023;14:40;1;72;72058;1;2;1;4;D304;47,959432;0,302789
202300029947;12;11;2023;15:00;1;93;93078;1;1;3;6;AUTOROUTE A104;48,96388;2,52115
202300029948;14;4;2023;21:35;4;34;34095;1;1;1;2;RM613 PR 41+550;43,528816;3,744803
202300029949;3;3;2023;12:10;1;973;97302;2;1;1;2;LALLOUETTE(RUE);4,94071701;-52,32925938
202300029950;25;5;2023;08:54;1;85;85109;1;4;1;1;la Garlopière;46,842816;-1,048508
202300029951;12;11;2023;13:30;1;95;95252;1;1;3;6;A15;48,98775556;2,20669627
202300029952;4;3;2023;01:14;5;69;69386;2;2;1;1;Cours Lafayette;45,76371492;4,85805004
202300029953;16;4;2023;15:10;1;56;56173;1;2;1;3;646 Kercadoret Pennaut;47,997353;-2,986194
202300029954;25;5;2023;13:15;1;67;67194;2;6;1;6;4 Rue de Drusenheim;48,730461;7,906959
202300029955;12;11;2023;10:40;1;95;95018;1;1;2;6;A15;48,9630397;2,26571023
202300029956;3;3;2023;13:05;1;972;97209;2;1;1;3;MARNE (BOULEVARD DE LA);14,60475;-61,08387
202300029957;16;4;2023;08:30;1;65;65435;1;1;1;6;D920;42,948664;-0,083342
202300029958;15;4;2023;01:30;5;11;11206;2;1;3;6;N/A;43,056101;2,202558
202300029959;2;3;2023;17:50;1;69;69389;2;2;1;6;Rue du Bourbonnais;45,7736;4,79514
202300029960;11;11;2023;23:20;3;93;93013;1;1;1;3;AUTOROUTE A1;48,94049514;2,42470833
202300029961;23;5;2023;09:00;1;24;24309;1;1;1;7;A 89 Pk 97.500;45,102062;0,489278
202300029962;3;3;2023;16:30;1;95;95427;2;1;8;6;Rue Maurice Berteaux;48,97506;2,34714
202300029963;11;11;2023;11:30;1;92;92036;1;1;1;2;AUTOROUTE A15;48,94364712;2,28775617
202300029964;24;5;2023;19:00;1;44;44009;1;1;1;2;;47,2171;-1,453641
202300029965;15;4;2023;19:20;1;22;22079;1;1;1;7;Les Bourrieux;48,40155;-2,683507
202300029966;3;3;2023;20:06;5;91;91425;2;3;1;6;RTE D ORLEANS RN 20;48,65168;2,27277
202300029967;22;5;2023;17:30;1;51;51266;2;1;1;6;Rue d?Avenay;49,113118;4,034509
202300029968;11;11;2023;17:30;2;77;77053;1;1;2;3;RN104;48,69945746;2,59393277
202300029969;3;3;2023;22:05;3;91;91432;2;1;1;7;RD 118;48,71369;2,34683
202300029970;15;4;2023;18:25;1;44;44126;1;2;1;3;84 Route de la Prée;47,14260613;-2,21057475
202300029971;3;3;2023;22:00;5;91;91286;2;1;1;3;1ERE ARMEE (AVENUE);48,65435;2,39685
202300029972;25;5;2023;08:40;1;56;56075;1;3;1;1;La Meaudaie;47,953522;-2,111845
202300029973;17;7;2023;11:49;1;13;13053;2;2;1;2;D23e;43,728204;5,161557
202300029974;16;4;2023;02:49;3;38;38263;1;1;1;6;655 Grand Chemin Royal;45,285111;5,461253
202300029975;24;5;2023;18:50;1;79;79063;1;1;1;7;;47,077911;-0,345812
202300029976;1;3;2023;14:00;1;87;87085;2;1;1;4;BAC (RUE THEODORE);45,83763;1,26513
202300029977;16;4;2023;04:30;3;38;38104;1;1;8;6;RD592;45,567836;5,599597
202300029978;30;7;2023;01:00;5;13;13096;2;1;1;1;D38b;43,522434;4,386136
202300029979;15;4;2023;22:45;3;1;1457;1;4;8;6;Route de Chaveyriat;46,217874;5,003328
202300029980;19;6;2023;23:55;5;71;71270;2;1;1;7;LAGUICHE (RUE PHILIBERT);46,3056;4,83335
202300029981;24;5;2023;08:00;1;82;82144;1;2;1;3;d959;44,172159;1,363366
202300029982;3;3;2023;16:30;1;77;77132;2;1;1;7;AV ROBERT SCHUMAN;48,86859;2,79224
202300029983;22;6;2023;11:15;1;62;62160;2;2;1;6;Rue Nationale;50,72049;1,61324
202300029984;27;3;2023;15:35;1;72;72191;1;3;1;6;Hameau de Sainte Croix;47,762962;0,295365
202300029985;3;3;2023;07:50;1;76;76351;2;6;1;6;FRISSARD (QUAI);49,49145;0,13253
202300029986;15;4;2023;10:15;1;72;72320;1;6;1;3;D197;48,067856;0,169119
202300029987;30;5;2023;12:10;1;91;91228;2;9;1;3;RUE DE LA MARE NEUVE;48,61864;2,42458
202300029988;24;5;2023;21:55;2;63;63420;1;2;1;3;RD2089 / RD104;45,814268;3,337317