Num_Acc;jour;mois;an;hrmn;lum;dep;com;agg;int;atm;col;adr;lat;long
202300029989;2;3;2023;15:25;1;76;76351;2;1;1;1;ALBERT 1ER;49,50186;0,08724
202300029990;14;4;2023;15:45;1;7;7090;2;3;1;1;Grand rue;44,747581;4,674023
202300029991;10;11;2023;16:40;1;976;97611;2;1;1;6;Rue de la plage hamaha;-12,75942;45,22871
202300029992;25;5;2023;18:40;1;76;76638;1;2;1;3;D1314;50,009415;1,429901
202300029993;15;4;2023;20:45;2;40;40044;1;1;1;3;D817;43,550575;-1,320189
202300029994;3;3;2023;21:35;3;71;71105;1;3;1;5;BALME (CHEMIN DE);46,28585073;4,78234112
202300029995;11;11;2023;11:55;1;974;97416;1;1;1;6;RN1(BRETELLE ACCES);-21,33017;55,4561
202300029996;16;4;2023;06:50;1;85;85051;1;1;1;6;RD137;46,690855;-1,064258
202300029997;25;5;2023;15:58;1;12;12088;1;1;1;7;Lieu Dit Longueroque;44,653597;2,889351
202300029998;2;3;2023;16:20;1;71;71076;2;1;1;6;MESSAGERIES (QUAI DES );46,781;4,85824
202300029999;24;5;2023;18:55;1;68;68202;2;1;1;7;Rue des Bonnes-gens;47,590232;7,131248
202300030000;9;11;2023;08:00;1;974;97416;1;1;1;3;PRESIDENT MITTERAND(AVENUE);-21,34863;55,50096
202300030001;14;4;2023;06:55;2;27;27102;1;3;1;3;intersection D675 et rue de la fosse à lingot;49,357617;0,779992
202300030002;22;5;2023;13:55;1;39;39184;1;1;1;7;;46,449966;5,806682
202300030003;3;3;2023;08:15;1;69;69266;1;1;1;5;Autoroute 42;45,78231;4,8913
202300030004;25;5;2023;01:00;5;39;39171;1;9;1;6;N/A;46,671654;5,460022
202300030005;15;4;2023;16:35;1;27;27533;2;9;1;7;37 Rue Guèrard;49,326115;1,719709
202300030006;9;4;2023;19:30;1;17;17439;1;1;1;7;D109;46,29343;-0,842857
202300030007;3;3;2023;20:48;5;69;69259;2;3;1;1;Route de Vienne;45,72448;4,85406
202300030008;9;11;2023;15:45;1;974;97411;2;6;1;5;LATTRE DE TASSIGNY (AVENUE MARECHAL DE);-20,88751;55,47227
202300030009;25;5;2023;07:45;1;44;44069;2;3;1;3;Rue des Collèges;47,3377318;-2,4281966
202300030010;2;3;2023;17:30;1;69;69290;2;1;1;2;18 Rue de la Cordière;45,69458;4,94835
202300030011;16;4;2023;16:25;1;17;17091;1;1;1;3;D9;46,275172;-1,068099
202300030012;11;11;2023;12:54;1;973;97309;1;1;1;5;COLLERY (ZONE INDUSTRIELLE);4,90049;-52,30746
202300030013;2;3;2023;18:15;1;69;69259;2;1;1;3;120 Boulevard Irène Joliot Curie;45,70913;4,88481
202300030014;25;5;2023;07:35;1;38;38393;1;3;1;3;d1085;45,407448;5,34487
202300030015;11;11;2023;03:00;5;973;97302;1;1;1;7;ROUTE NATIONALE 1;4,9149;-52,32965
202300030016;15;4;2023;05:56;2;57;57743;1;1;1;7;N4 PR 28+900;48,754491;7,192472
202300030017;24;5;2023;18:20;1;50;50013;1;1;1;1;Le Petit Vicel;49,631204;-1,292685
202300030018;1;3;2023;18:20;1;69;69029;2;8;1;3;Avenue Franklin Roosevelt;45,73457;4,90503
202300030019;10;11;2023;22:35;5;973;97302;2;3;1;3;GONTRAN BRADIN (CITE ANATOLE);4,93501416;-52,31805995
202300030020;15;4;2023;15:05;1;988;98824;1;3;2;6;Tchambouenne (Tribu);-20,41264;164,603149
202300030021;24;5;2023;20:15;1;53;53064;1;1;1;6;route départementale 5;48,328837;-0,719454
202300030022;3;3;2023;12:45;1;69;69091;2;6;8;1;Rue de la Paix;45,5878;4,76032
202300030023;10;11;2023;09:35;1;973;97302;2;1;1;2;UNIVERSITE CHICAGO (RUE DE);4,93710253;-52,30491579
202300030024;16;4;2023;05:10;2;988;98823;2;1;2;6;Néouta (Tribu);-21,063557;165,385458
202300030025;24;5;2023;17:50;1;85;85182;1;1;1;1;RD752;46,77888;-0,857178
202300030026;3;3;2023;17:00;1;59;59350;2;1;1;6;Avenue Marie-Louise Delwaulle;50,63315;3,01926
202300030027;10;11;2023;07:45;1;973;97302;2;1;1;3;CABASSOU (ROUTE DE);4,92019316;-52,3201561
202300030028;24;5;2023;08:20;1;37;37179;2;1;1;1;la coudrière;47,450797;0,726122
202300030029;3;3;2023;10:49;1;59;59368;2;1;1;1;SAINT CHARLES RUE;50,6656392;3,06864023
202300030030;24;5;2023;16:30;1;987;98724;1;1;1;6;District de Fitii;-16,730886;-151,035404
202300030031;15;4;2023;21:45;3;971;97128;1;1;1;1;Castaing;16,22833;-61,374489
202300030032;10;11;2023;07:15;1;973;97302;2;1;1;3;RABAN (ROUTE DE);4,93023568;-52,31339157
202300030033;3;3;2023;19:35;3;59;59588;2;1;1;1;CHAPEAU ROUGE - ROUTE;51,027495;2,428273
202300030034;16;4;2023;00:40;5;971;97106;2;1;1;6;Route Nationale 2;16,148903;-61,772105
202300030035;2;3;2023;16:20;1;59;59178;2;1;1;6;RHIN ET DANUBE (RUE);50,38818;3,07494
202300030036;9;11;2023;08:20;1;973;97302;2;3;1;3;CABASSOU (ROUTE DE);4,92;-52,31955
202300030037;25;5;2023;16:00;1;78;78437;1;2;1;3;D125;49,051933;1,656275
202300030038;28;2;2023;09:35;1;57;57306;2;1;1;6;MARNE (RUE DE LA);49,33064;6,06049
202300030039;13;4;2023;11:00;1;77;77273;1;3;1;5;D401;49,047967;2,747226
202300030040;23;5;2023;08:30;1;3;3290;1;1;1;7;RD 29 PK 09+100;46,664665;3,349543
202300030041;28;2;2023;08:32;1;57;57012;2;1;1;6;FOCH (RUE);49,35975;6,04911
202300030042;8;11;2023;20:21;3;973;97302;2;3;1;3;FLAMBOYANTS (RUE DES);4,92497126;-52,31714398
202300030043;14;4;2023;18:30;1;73;73153;1;1;1;1;D67;45,73065511;6,42131565
202300030044;16;4;2023;12:15;1;77;77280;2;3;1;1;VC;49,01915006;3,02651968
202300030045;2;3;2023;14:30;1;56;56098;2;6;1;2;LANN-SEVELIN (ROND POINT DE);47,77808;-3,34523
202300030046;8;11;2023;11:10;1;973;97302;2;2;1;3;CESAIRE (CITE);4,93051;-52,32233
202300030047;15;4;2023;14:00;1;30;30345;2;1;1;7;La Canebiere;44,279467;4,003884
202300030048;3;3;2023;06:50;2;54;54328;1;6;1;3;route de mirecourt;48,60932;6,174146
202300030049;11;11;2023;09:57;1;972;97213;2;1;1;2;ROUTE DEPARTEMENTALE 15 A;14,63242957;-61,01113917
202300030050;16;3;2023;12:10;1;64;64496;2;3;1;7;D137;43,466298;-1,449723
202300030051;2;3;2023;17:40;1;54;54439;2;3;1;1;DE GAULLE (AVENUE CHARLES);48,70435349;6,25269055
202300030052;1;4;2023;00:10;4;11;11076;2;6;1;3;N/A;43,305143;1,956993
202300030053;31;3;2023;06:57;1;44;44204;2;1;1;6;25 Rue du Petit Plessis;47,261251;-1,450753
202300030054;8;11;2023;17:30;2;972;97213;2;6;2;1;ROUTE NATIONALE 1;14,62353;-60,9888
202300030055;2;3;2023;08:00;2;54;54300;2;1;7;6;GALTIER (RUE LUCIEN);48,66618476;6,21454954
202300030056;15;4;2023;15:05;1;84;84019;1;1;6;5;D994;44,284583;4,732404
202300030057;3;3;2023;08:10;1;54;54580;2;1;1;6;RUE DE VERDUN;49,46667;5,93284
202300030058;8;11;2023;17:15;1;972;97209;1;1;1;3;AUTOROUTE (A1);14,61442;-61,04642
202300030059;5;4;2023;07:20;1;27;27022;1;1;1;1;d82 vieux villez;49,167788;1,288404
202300030060;16;4;2023;02:50;3;83;83107;1;1;1;6;1 Route de la Bouverie;43,462665;6,65735
202300030061;3;3;2023;21:10;5;51;51454;2;3;1;1;rue de Cernay;49,25782;4,0526
202300030062;15;4;2023;21:30;3;89;89206;1;1;1;7;N/A;48,02401086;3,42479263
202300030063;11;11;2023;10:58;1;2B;2B037;2;6;1;2;TOUTES RUES;42,62861;9,43769
202300030064;25;5;2023;18:30;1;27;27287;1;4;1;3;D830;48,983597;1,014819
202300030065;3;3;2023;17:00;1;51;51172;2;1;1;3;Rue Jean Cocteau;49,21668;4,04266
202300030066;15;4;2023;10:15;1;67;67217;1;1;1;2;D83;48,4813;7,671418
202300030067;25;5;2023;04:32;2;60;60446;1;1;1;6;Nationale 2;49,14782883;2,82107717
202300030068;11;11;2023;01:02;5;2B;2B037;2;1;1;1;TOUTES RUES;42,619;9,432
202300030069;3;3;2023;17:30;1;51;51454;2;1;1;6;rue Libergier;49,25211;4,02939
202300030070;16;4;2023;13:00;1;69;69106;2;2;1;3;Chemin des Verchères;45,92717;4,690078
202300030071;3;3;2023;07:34;1;49;49007;2;1;1;3;ARBRISSEL;47,4446;-0,5606
202300030072;9;11;2023;12:34;1;2B;2B037;2;3;1;6;TOUTES RUES;42,61916;9,42522
202300030073;15;4;2023;23:00;3;31;31451;2;1;1;6;Route de Saint-Fèrrèol;43,44689286;2,01155484
202300030074;24;5;2023;14:00;1;69;69116;1;1;1;4;Autoroute 6;45,83266;4,75989
202300030075;16;4;2023;10:15;1;31;31151;2;1;1;1;Route de Pompertuzat;43,474789;1,497381
202300030076;9;11;2023;10:55;1;2B;2B033;2;1;1;1;CAMPINCHI NR 1 AU 5 -RUE;42,69667;9,4481
202300030077;3;3;2023;08:00;1;49;49267;1;1;1;4;RD 347;47,47295;-0,4633
202300030078;1;3;2023;13:23;1;49;49007;2;1;1;7;CHAUMIN BOULEVARD;47,45044;-0,55565
202300030079;16;4;2023;03:00;1;86;86018;1;1;1;6;Basses;47,04818;0,107793
202300030080;24;5;2023;18:21;1;94;94034;1;1;1;5;A86;48,75772551;2,32805983
202300030081;8;11;2023;17:04;1;2B;2B120;1;1;1;3;11 - RT;42,64646;9,44
202300030082;15;4;2023;17:30;1;85;85035;2;6;1;3;RD38;46,63287;-1,862247
202300030083;10;11;2023;16:20;1;971;97113;1;1;1;3;BESSON;16,2358;-61,5054
202300030084;24;5;2023;17:20;1;91;91161;1;1;1;3;AUTOROUTE A6;48,69983;2,31112
202300030085;3;3;2023;18:10;1;44;44114;1;1;1;4;;47,26266;-1,60947
202300030086;15;4;2023;19:00;1;53;53056;1;1;1;7;La Filerie;48,122441;-0,687574
202300030087;9;11;2023;16:57;1;971;97101;2;1;3;6;PALAIS ROYAL;16,28453;-61,49393
202300030088;16;4;2023;04:30;5;76;76557;2;1;5;6;Route du Havre;49,528273;0,660709
202300030089;24;5;2023;13:58;1;91;91286;1;1;1;2;AUTOROUTE A6;48,65;2,38447
202300030090;3;3;2023;08:30;1;44;44190;1;1;1;5;190 Boulevard des Pas Enchantés;47,21206;-1,48746
202300030091;3;11;2023;16:30;1;971;97101;1;1;1;7;GRAND CAMP(SECTION);16,25401768;-61,53820574
202300030092;15;4;2023;15:50;1;62;62014;2;2;1;1;Rue du Portugal;50,63263544;2,4060815
202300030093;24;5;2023;01:35;4;94;94021;1;1;1;2;A6B;48,77043046;2,34474022
202300030094;9;11;2023;06:45;1;971;97120;1;1;1;6;BAS DU FORT;16,22364062;-61,52597487
202300030095;2;3;2023;20:20;5;41;41018;2;3;1;1;PIGELEE (RUE) N° PAIRS;47,598;1,307
202300030096;15;4;2023;14:00;1;62;62543;1;1;1;7;D130;50,616415;2,304103
202300030097;8;11;2023;09:19;1;971;97101;2;9;1;6;ACHILLE RENE BOISNEUF (RUE);16,27194;-61,50494
202300030098;22;5;2023;18:20;1;92;92036;1;1;1;2;A86;48,9376601;2,29661159
202300030099;26;2;2023;01:24;5;38;38053;2;2;1;3;Avenue Henri Barbusse;45,58978;5,27317
202300030100;15;4;2023;19:30;1;94;94003;1;1;1;3;A6A;48,81331781;2,3360259
202300030101;9;11;2023;17:00;4;2A;2A004;2;1;3;3;GEORGES POMPIDOU AVENUE;41,9336;8,75425
202300030102;24;5;2023;10:50;1;93;93053;1;1;1;3;AUTOROUTE A3;48,89645325;2,47035339
202300030103;15;4;2023;11:20;1;91;91617;1;1;1;7;RN 104;48,63296;2,537076
202300030104;9;11;2023;18:30;5;95;95268;2;1;1;3;113 STALINGRAD (AV DE);48,964104;2,405731
202300030105;22;5;2023;12:50;1;93;93066;1;1;1;3;AUTOROUTE A86;48,92190936;2,36424249
202300030106;3;3;2023;09:25;1;35;35238;2;2;1;3;ROOSEVELT (BD FRANKLIN);48,09588;-1,66144
202300030107;15;4;2023;12:33;1;91;91687;1;1;8;2;AUTOROUTE A6;48,66321;2,36708
202300030108;9;11;2023;18:45;5;95;95680;2;9;2;6;CHAMPS BACON (AVENUE DU);48,999911;2,407916
202300030109;15;4;2023;04:36;3;91;91471;1;1;3;2;RN 118;48,709009;2,188772
202300030110;24;5;2023;14:03;1;94;94052;1;1;1;3;A86;48,83441554;2,49343043
202300030111;2;3;2023;17:45;2;34;34003;2;1;1;6;Route de Sete;43,307622;3,49481
202300030112;15;4;2023;08:30;1;92;92072;1;1;2;7;N118;48,82725286;2,22440344
202300030113;11;11;2023;23:40;5;95;95582;2;2;1;3;CHARLES DE GAULLE (BD);48,97127107;2,25888133
202300030114;24;5;2023;13:10;1;94;94069;1;1;1;3;A4;48,81752866;2,42251517
202300030115;3;3;2023;19:15;5;33;33063;2;2;1;3;Rue Lucien Faure;44,86421;-0,55848
202300030116;14;4;2023;20:35;1;92;92072;1;1;2;6;N118;48,82734237;2,22446553
202300030117;24;5;2023;10:15;1;94;94028;1;1;1;4;A86;48,78282771;2,44060622
202300030118;3;3;2023;18:40;1;31;31555;2;1;1;2;PL NICOLAS BACHELIER;43,60648;1,45234
202300030119;14;4;2023;18:00;1;92;92036;1;1;2;2;AUTOROUTE A86;48,93851705;2,30001759
202300030120;24;5;2023;04:50;3;93;93051;1;1;1;2;A4;48,83674117;2,54365064
202300030121;7;11;2023;15:50;1;91;91339;2;1;1;4;AV ROBERT BENOIST;48,61646;2,2566
202300030122;13;4;2023;23:40;3;92;92036;1;1;2;6;AUTOROUTE A15;48,94074039;2,29291143
202300030123;1;3;2023;22:10;5;31;31555;2;3;1;3;BD GRIFFOUL DORVAL;43,59465;1,45681
202300030124;22;5;2023;17:00;1;59;59599;2;1;1;6;SALENGRO (RUE ROGER);50,7386302;3,18128496
202300030125;13;4;2023;07:10;1;974;97411;2;1;1;3;HOARAU (RUE MARCEL);-20,90519;55,49036
202300030126;9;11;2023;20:30;3;91;91161;2;1;2;1;VC DEVIATION CD 120;48,71214;2,30811
202300030127;3;3;2023;17:10;1;27;27229;2;1;1;3;SEMARD (RUE PIERRE);49,018;1,15
202300030128;3;3;2023;08:14;1;14;14118;1;1;1;1;D405;49,16945419;-0,38452148
202300030129;14;4;2023;11:30;1;974;97407;2;1;1;3;ROUTE DU SACRE COEUR;-20,95698;55,31405
202300030130;9;11;2023;18:40;3;91;91689;1;1;2;6;RUE DES AVERNAISES;48,736965;2,348422
202300030131;23;5;2023;18:40;1;59;59512;2;9;1;6;LECLERC (BOULEVARD DU GENERAL);50,688046;3,176189
202300030132;23;5;2023;13:50;1;976;97611;2;9;1;7;passamanty-Sada ( rue de );-12,80251;45,21363
202300030133;8;2;2023;13:25;1;13;13056;1;1;1;5;RN 568;43,41317;5,01546
202300030134;6;4;2023;13:40;1;974;97407;2;1;1;3;20 DECEMBRE 1948(AVENUE DU);-20,94226;55,29779
202300030135;11;11;2023;12:20;1;91;91421;1;1;1;3;NATIONALE 6 (PARTIE FORET);48,69113;2,45369
202300030136;23;5;2023;11:00;1;974;97416;1;1;1;6;ARCHAMBAUD (RUE);-21,32637;55,48441
202300030137;3;3;2023;12:50;1;13;13205;2;2;1;3;BAILLE (BOULEVARD);43,2883159;5,39275602
202300030138;14;4;2023;13:00;1;972;97209;1;6;1;6;RN9;14,59873;-61,0531
202300030139;11;11;2023;16:55;1;91;91434;2;4;1;6;ESCADRILLE NORMANDIE NIEMEN (AVENUE DE L;48,648732;2,353318
202300030140;23;5;2023;15:55;1;69;69388;2;1;1;6;10 Rue de l'Epargne;45,74173;4,86034
202300030141;3;3;2023;10:55;1;13;13203;2;1;1;6;PLACIDE CAFFO (PLACE);43,31303;5,38486
202300030142;14;4;2023;09:27;1;2B;2B120;2;1;1;3;CANALE (Chemin de);42,64722;9,43343
202300030143;9;11;2023;09:00;1;91;91027;2;3;1;6;AV MARCEL SEMBAT;48,708222;2,380285
202300030144;23;5;2023;08:50;1;69;69383;2;2;1;3;Avenue Félix Faure;45,75419;4,86396
202300030145;2;3;2023;20:00;3;13;13206;2;1;1;6;ROME (RUE DE);43,29028;5,3812
202300030146;13;4;2023;11:15;1;2B;2B033;2;1;1;6;VIEUX PORT;42,69565;9,44985
202300030147;7;11;2023;20:59;5;87;87085;2;1;1;2;PORT DU NAVEIX (RUE DU);45,8294;1,26984
202300030148;3;3;2023;09:10;1;13;13001;2;1;1;3;RN 296;43,55184;5,42492
202300030149;23;5;2023;15:30;1;972;97213;1;1;1;4;ROUTE NATIONALE 1;14,63653;-60,9772
202300030150;14;4;2023;17:50;1;2A;2A004;1;1;1;4;T20;41,93777;8,80381
202300030151;3;3;2023;19:40;5;9;9122;2;9;1;6;BOUYCHERES (COURS);42,966344;1,60944
202300030152;11;11;2023;09:50;1;86;86194;2;1;1;3;Route de Bonnes;46,58429;0,39378
202300030153;2;3;2023;07:00;1;6;6027;2;3;1;6;ALPES AVENUE DES;43,65992;7,13772
202300030154;11;4;2023;15:20;1;95;95306;2;1;8;6;D106;49,00354955;2,1884197
202300030155;22;5;2023;23:48;5;972;97213;1;2;1;3;ROUTE DEPARTEMENTALE 3 BIS;14,61762;-60,99525
202300030156;11;11;2023;19:20;5;84;84087;2;2;1;1;LYON (ROUTE DE);44,15228;4,8029
202300030157;3;3;2023;20:20;5;75;75120;2;1;1;3;BD PERIPHERIQUE INTERIEUR PORTE DE MONTREUIL;48,855447;2,413826
202300030158;14;4;2023;22:55;5;91;91691;2;2;1;6;SABLIERE(RUE);48,71835;2,50012
202300030159;23;5;2023;15:30;1;972;97209;1;1;1;2;AUTOROUTE (A1);14,61841;-61,03687
202300030160;11;11;2023;12:20;1;84;84080;2;3;1;3;AVIGNON BOULEVARD D';44,0302;4,97915
202300030161;3;3;2023;22:43;5;75;75114;2;2;1;3;BOULEVARD BRUNE;48,82612;2,312701
202300030162;12;4;2023;16:15;1;91;91479;2;2;1;3;AV G PERI;48,707;2,36
202300030163;23;5;2023;10:00;1;971;97101;1;1;1;4;RN11;16,27168;-61,54797
202300030164;3;3;2023;16:35;1;75;75119;2;7;1;6;PLACE ARMAND CARREL;48,88249268;2,38264114
202300030165;14;4;2023;14:20;1;78;78172;2;6;2;3;CHIMAY (COURS DE);48,988157;2,074285
202300030166;31;10;2023;17:05;1;84;84007;1;2;1;4;MORIERES (Route de );43,94418;4,88284
202300030167;23;5;2023;07:55;1;971;97101;2;3;1;6;BOULEVARD DES HEROS;16,24982;-61,52369
202300030168;4;3;2023;21:40;5;75;75117;2;2;1;3;RUE GUERSANT;48,88108;2,289708
202300030169;23;5;2023;16:40;1;2A;2A004;2;1;1;2;SARTENE ANCIENNE ROUTE;41,92908;8,77026
202300030170;8;11;2023;08:10;1;83;83126;2;3;1;6;STALINGRAD (BD);43,10615523;5,86689707
202300030171;3;3;2023;12:10;1;75;75116;2;3;1;2;RUE RAYNOUARD;48,855626;2,280927
202300030172;11;11;2023;01:55;5;82;82042;2;3;8;6;Route de Molières;44,23514;1,21235
202300030173;4;3;2023;06:00;5;75;75114;2;3;1;6;RUE VERCINGETORIX;48,837345;2,319472
202300030174;8;11;2023;21:00;3;82;82085;2;1;2;6;Route d'Auch;43,98433;1,29932
202300030175;4;3;2023;02:15;5;75;75115;2;5;1;3;AVENUE DU MAINE;48,845094;2,320125
202300030176;23;5;2023;15:30;1;91;91477;2;6;1;2;MOTTE SAMSON (RUE DE LA);48,71869;2,23148
202300030177;4;3;2023;20:45;5;75;75112;2;2;1;6;RUE DU FAUBOURG SAINT ANTOINE;48,850356;2,381391
202300030178;9;11;2023;18:30;5;81;81065;2;1;2;2;DE GAULLE RD 612 (AV. CHARLES);43,6036;2,24877
202300030179;23;5;2023;14:50;1;91;91114;2;2;1;3;AV DES LILAS;48,68231;2,4938
202300030180;4;3;2023;19:00;5;75;75112;2;4;1;3;RUE ESCOFFIER;48,82664908;2,39040077
202300030181;23;5;2023;08:25;1;91;91114;2;1;1;7;RUE ERNEST GERVAISE;48,691877;2,489649
202300030182;3;3;2023;22:40;5;75;75110;2;2;1;3;RUE LA FAYETTE;48,87799;2,35211
202300030183;23;5;2023;20:15;1;91;91589;2;1;1;3;BD ARISTIDE BRIAND;48,68136;2,34324
202300030184;9;11;2023;18:50;5;77;77215;2;1;1;1;D350;48,73898512;2,7474761
202300030185;4;3;2023;03:00;5;75;75108;2;2;1;2;RUE DE BERRI;48,8737;2,306513
202300030186;22;5;2023;15:54;1;87;87085;2;1;1;2;GAMBETTA (BOULEVARD);45,82795;1,25741
202300030187;10;11;2023;22:00;5;76;76540;2;2;2;6;Rue Jeanne d'Arc;49,44006;1,08932
202300030188;4;3;2023;19:04;5;75;75107;2;5;1;6;RUE SAINT DOMINIQUE;48,85766;2,30025
202300030189;23;5;2023;07:50;1;83;83137;2;5;1;1;LOTI (AVE PIERRE);43,11458701;5,94525647
202300030190;4;3;2023;21:30;5;75;75104;2;2;1;3;BOULEVARD HENRI IV;48,851203;2,362626
202300030191;11;11;2023;18:45;5;73;73008;2;6;1;3;D1201 - ROOSEVELT FRANKLIN AVENUE;45,69695;5,90741
202300030192;23;5;2023;09:50;1;83;83069;2;1;1;6;BRIAND (AVENUE ARISTIDE);43,120561;6,131226
202300030193;11;11;2023;21:20;5;72;72181;2;9;1;3;BOLLEE (AV) N° IMP 65 A 199;48,00182;0,20965
202300030194;4;3;2023;13:14;1;75;75102;2;2;1;3;RUE DU MAIL;48,867368;2,344005
202300030195;23;5;2023;18:40;1;81;81004;2;6;1;3;VERDIER (FRANCOIS);43,91905;2,12639
202300030196;5;11;2023;13:20;1;72;72181;2;9;1;6;JAURES JEAN (AV) N° IMP 1 A 25;47,99372;0,20397
202300030197;3;3;2023;19:45;5;75;75101;2;3;1;2;Boulevard de Sébastopol;48,862457;2,350516
202300030198;2;3;2023;21:15;3;75;75102;2;2;1;3;RUE DE RICHELIEU;48,868887;2,33854
202300030199;11;11;2023;15:55;1;71;71306;2;3;2;3;SAINT ELOI (RUE);46,6706261;4,35513278
202300030200;4;3;2023;19:15;5;94;94068;2;1;1;6;Avenue des Perdrix;48,78755;2,4951
202300030201;23;5;2023;08:15;1;77;77464;2;1;1;6;CORNILLOT (RUE);48,88277;2,70796
202300030202;9;11;2023;11:50;1;71;71270;2;1;3;3;CASSIN (AVENUE RENE);46,32959;4,82361
202300030203;4;3;2023;21:00;5;94;94076;2;2;1;3;Boulevard Maxime Gorki;48,79599;2,36841
202300030204;22;5;2023;13:30;1;76;76351;2;3;1;3;BOIS AU COQ (RUE);49,5092;0,13485
202300030205;4;3;2023;09:30;1;94;94021;2;6;1;3;Avenue des pépinère;48,76806;2,35275
202300030206;8;11;2023;20:15;5;71;71076;2;2;1;3;PARIS (AVENUE DE);46,79176;4,84963
202300030207;22;5;2023;15:30;1;72;72181;2;1;1;6;FAROUX CHARLES (RUE) N° IMP;47,97385;0,22356
202300030208;3;3;2023;19:30;5;94;94004;2;3;1;3;11 Avenue Charles de Gaulle;48,75136618;2,50296396
202300030209;9;11;2023;09:30;1;69;69092;2;3;2;3;Avenue du Beaujolais;45,99804078;4,70645724
202300030210;17;5;2023;08:45;1;70;70550;2;9;1;3;BRANLY (RUE EDOUARD);47,641414;6,172275
202300030211;4;3;2023;17:13;1;93;93051;2;1;1;5;Route de Neuilly;48,85132;2,53424
202300030212;4;3;2023;02:25;5;93;93046;2;1;1;6;Avenue Aristide Briand;48,91312;2,523729
202300030213;22;5;2023;12:10;1;69;69259;2;3;1;6;Rue Chêne Velin;45,71803329;4,87207906
202300030214;11;11;2023;11:04;1;69;69029;2;3;1;3;Avenue Pierre Allard;45,73888;4,91036
202300030215;4;3;2023;13:30;1;93;93007;2;1;1;2;Avenue Paul Vaillant Couturier;48,92914195;2,47888416
202300030216;22;5;2023;17:15;1;65;65286;2;1;1;6;19 Avenue Alexandre Marqui;43,10244;-0,0434
202300030217;9;11;2023;13:40;1;69;69259;2;1;2;6;Rue Joannès Vallet;45,71074;4,88539
202300030218;4;3;2023;14:50;1;92;92063;2;1;1;6;DAHLIAS (RUE DES);48,86026753;2,18534678
202300030219;4;3;2023;21:15;5;92;92044;2;1;1;2;CHARLES PASQUA(QUAI) 2 A 30;48,89718;2,27441
202300030220;9;11;2023;12:40;1;68;68224;2;1;2;1;ALGER (QUAI D');47,74498;7,34661
202300030221;22;5;2023;17:00;1;64;64483;2;2;8;3;ASCAIN (ROUTE D');43,375;-1,638
202300030222;4;3;2023;06:40;5;92;92025;2;1;1;1;EUGENE BESANCON (RUE);48,916448;2,24597
202300030223;9;11;2023;22:25;5;67;67482;2;8;3;1;MONTAGNE VERTE (RUE DE LA);48,57196;7,72437
202300030224;23;5;2023;09:25;1;64;64445;2;1;1;4;ALFRED NOBEL;43,31579;-0,31409
202300030225;5;3;2023;17:40;2;1;1004;2;3;1;3;Avenue du General Sarrail;45,955685;5,334576
202300030226;5;3;2023;08:30;1;18;18233;2;1;1;6;Avenue de verdun;47,343672;2,858221
202300030227;9;11;2023;16:08;1;67;67482;2;3;8;3;MARNE (BOULEVARD DE LA);48,58568;7,77523
202300030228;22;5;2023;18:55;1;59;59512;2;1;1;3;STRASBOURG (BOULEVARD DE);50,69646;3,18667
202300030229;3;3;2023;13:35;1;84;84069;1;1;1;7;D242;44,210056;5,172827
202300030230;28;2;2023;12:50;1;974;97422;2;6;1;3;Rue Pierre Rivals;-21,240542;55,528078
202300030231;8;11;2023;15:30;1;66;66136;2;6;1;5;N/A;42,67425;2,8883
202300030232;4;3;2023;21:25;5;974;97422;2;3;1;3;466 Rue Hubert Delisle;-21,266128;55,508898
202300030233;23;5;2023;17:55;1;58;58194;2;3;1;3;RUE ALBERT CAMUS;46,991674;3,128767
202300030234;11;11;2023;19:00;5;64;64445;2;2;2;1;TOURASSE;43,31129;-0,35642
202300030235;23;5;2023;14:28;1;57;57631;2;9;1;3;RABELAIS  A3-A4;49,10604;7,060572
202300030236;3;3;2023;17:58;1;22;22246;1;1;1;5;RN12;48,47682;-2,60696
202300030237;9;11;2023;20:16;5;64;64348;2;2;1;3;JEAN MERMOZ;43,32091474;-0,37905782
202300030238;4;3;2023;21:05;3;26;26216;1;1;1;1;Route de Saint Uze;45,18744;4,890863
202300030239;19;5;2023;07:15;1;57;57019;1;1;1;7;CD8;49,26145;6,12639
202300030240;9;11;2023;07:37;2;64;64284;2;1;1;4;N/A;43,26777141;-0,38945407
202300030241;5;3;2023;03:00;4;42;42032;2;1;1;3;Rue du Marché;45,523127;4,543254
202300030242;22;5;2023;18:25;1;57;57227;2;4;3;6;PENSEES (LES);49,17770346;6,88526809
202300030243;8;11;2023;18:30;3;64;64230;2;1;1;2;Route de Pau;43,25246932;-0,38926482
202300030244;5;3;2023;02:25;3;42;42032;1;1;1;6;Route des Etangs;45,522721;4,54937
202300030245;2;3;2023;19:00;3;30;30135;1;1;1;1;Route departementale 999;43,831419;4,576196
202300030246;11;11;2023;21:10;5;64;64102;2;1;3;6;ARITXAGUE (BD D');43,47355;-1,48961
202300030247;22;5;2023;08:00;1;54;54578;2;1;1;3;Boulevard du Docteur Cattenoz;48,67458097;6,1588186
202300030248;11;11;2023;09:30;1;64;64102;2;1;2;1;MOULIN DE HABAS (CHEMIN DU);43,51017;-1,44978
202300030249;5;3;2023;14:13;1;56;56211;1;1;1;5;17 Beauroc;47,774177;-2,316826
202300030250;23;5;2023;20:55;1;53;53130;2;1;1;3;BOUDET ( QUAI PAUL );48,06661;-0,7673
202300030251;8;11;2023;18:40;5;64;64024;2;1;2;7;BAHINOS (ROUTE DE);43,49132;-1,51704
202300030252;12;2;2023;13:40;1;56;56193;1;9;1;3;26 Groach Carnec;47,709071;-3,278423
202300030253;23;5;2023;16:44;1;51;51454;2;1;1;6;rue de Courcelles;49,26023024;4,01964024