Num_Acc;jour;mois;an;hrmn;lum;dep;com;agg;int;atm;col;adr;lat;long
202300030254;23;5;2023;05:30;5;51;51454;2;1;1;7;place Drouet d'Erlon;49,25650976;4,02636856
202300030255;8;11;2023;17:00;2;62;62525;2;2;2;3;Rue de la Libération;50,74129;2,26157
202300030256;3;3;2023;17:00;1;78;78565;1;2;1;5;D11;48,889439;1,722547
202300030257;16;2;2023;17:50;1;79;79202;2;6;1;6;N/A;46,637669;-0,265136
202300030258;8;11;2023;15:20;1;62;62765;2;1;3;6;Boulevard Vauban;50,74757;2,25071
202300030259;22;5;2023;17:55;1;51;51058;2;2;1;3;Rue Romain Rolland;49,2194;3,99955
202300030260;3;3;2023;18:10;1;61;61140;1;1;1;1;RD 918;48,71852;0,65972
202300030261;9;11;2023;10:00;1;62;62737;2;1;1;2;D937;50,44675;2,69107
202300030262;5;3;2023;14:55;1;34;34150;1;1;1;7;D51;43,350336;3,51172
202300030263;19;5;2023;18:50;1;50;50129;2;1;1;3;PARIS (AVENUE DE);49,62862;-1,61816
202300030264;10;11;2023;16:55;1;62;62215;2;1;1;6;Rue Cyprien Quinet;50,49145;2,97151
202300030265;4;3;2023;06:45;2;34;34147;1;1;1;2;D909;43,455878;3,207514
202300030266;23;5;2023;14:30;1;49;49328;2;1;1;3;POMPIDOU (AVENUE GEORGES);47,26478119;-0,09849072
202300030267;6;11;2023;02:10;4;62;62510;1;1;3;6;D58;50,42186114;2,79985294
202300030268;24;2;2023;08:45;1;34;34130;1;1;1;5;D909;43,522149;3,18839
202300030269;16;11;2023;16:50;2;62;62160;2;1;2;6;RUE DE SAINT-OMER;50,72663;1,62126
202300030270;23;5;2023;13:30;1;49;49099;2;1;1;1;RONTARDIERE (BOULEVARD DE LA);47,06128;-0,84814
202300030271;2;10;2023;12:15;1;62;62119;2;1;1;6;Rue Fernand Bar;50,53301224;2,6350995
202300030272;5;3;2023;03:02;4;68;68290;2;6;1;6;2 Rue de Hirtzfelden;47,941099;7,463702
202300030273;23;5;2023;10:45;1;43;43157;2;1;1;4;Rue Salvador Allende;45,025898;3,881712
202300030274;9;11;2023;17:25;5;62;62041;2;1;3;2;Boulevard Robert Schuman;50,2973;2,77989
202300030275;17;5;2023;19:20;1;42;42237;1;1;1;2;N88;45,4404;4,45566
202300030276;5;3;2023;14:45;1;35;35078;2;1;8;7;Rue de la Plage;48,606433;-1,707875
202300030277;22;5;2023;11:40;1;42;42218;2;1;1;6;Rue Pierre Blachon;45,42724;4,40499
202300030278;5;3;2023;19:00;2;31;31579;1;1;1;7;Route de Toulouse;43,736841;1,491029
202300030279;27;10;2023;17:08;1;61;61006;2;1;2;6;D958;48,75045;-0,02971
202300030280;23;5;2023;18:15;1;38;38053;2;3;1;3;PRE BENIT (AVE DE);45,58973;5,2844
202300030281;4;3;2023;19:40;3;2;2656;1;1;1;1;;49,367277;3,81408
202300030282;9;11;2023;18:30;5;60;60057;2;7;1;3;Boulevard de l'Assaut;49,43513;2,08814
202300030283;23;5;2023;19:40;1;33;33318;2;1;1;6;Avenue de la Forge;44,80191;-0,64545
202300030284;4;3;2023;16:15;1;2;2158;1;6;1;3;;49,468567;3,665174
202300030285;22;5;2023;08:45;1;33;33281;2;1;1;6;Avenue des Eyquems;44,82685;-0,6159
202300030286;9;11;2023;14:00;1;60;60057;2;2;1;3;Rue des Cheminots;49,42353136;2,10074367
202300030287;4;3;2023;23:25;3;15;15045;1;1;1;6;RD 921;44,864056;3,010946
202300030288;11;11;2023;05:20;5;59;59352;2;2;2;6;BOUSBECQUE (RUE DE);50,74131;3,07996
202300030289;23;5;2023;18:31;1;31;31555;2;1;1;3;MURET (AV DE) DU 1AU 134;43,58356;1,42706
202300030290;5;3;2023;15:00;1;70;70219;1;1;1;2;D9;47,53847;6,359196
202300030291;22;5;2023;19:55;1;29;29019;2;1;1;1;rampe du Vieux Kerveguen;48,394459;-4,445881
202300030292;8;11;2023;18:30;5;59;59512;2;4;3;3;TUILERIE (RUE DE LA);50,68981;3,17914
202300030293;5;3;2023;10:40;1;6;6079;1;1;1;1;Boulevard des Termes;43,545931;6,925565
202300030294;22;5;2023;17:00;1;27;27701;1;1;1;2;D6154;49,24798;1,18537
202300030295;9;11;2023;16:00;1;59;59350;2;2;2;6;BONTE AUGUSTE RUE;50,64459;3,01348
202300030296;5;3;2023;06:30;5;64;64399;1;1;1;6;D834;43,354501;-0,37995
202300030297;9;11;2023;13:45;1;59;59350;2;1;8;6;FAUBOURG DES POSTES RUE;50,61304;3,04705
202300030298;5;3;2023;14:30;1;36;36058;1;1;1;7;D951;46,60485667;0,98637846
202300030299;22;5;2023;22:20;4;25;25388;2;2;1;3;GAUGUIN (RUE PAUL);47,49701;6,79184
202300030300;3;3;2023;20:10;2;85;85102;1;1;1;3;49 Route de Palluau;46,81075;-1,639303
202300030301;11;11;2023;09:50;1;56;56162;2;1;1;6;EGLISE (PLACE DE L');47,73671;-3,42729
202300030302;20;5;2023;00:15;3;24;24053;1;1;1;1;RESISTANCE (AVENUE);45,17747;0,76518
202300030303;5;3;2023;12:50;1;30;30184;1;1;1;6;;43,982536;4,237177
202300030304;22;5;2023;13:38;1;15;15014;2;1;3;6;TRONQUIERES (AVENUE DE);44,90668;2,42861
202300030305;9;11;2023;08:20;1;56;56083;2;6;8;3;PARCO ( R-P DU );47,79252;-3,26561
202300030306;4;3;2023;16:10;1;987;98738;1;3;1;3;RT1 Pk 16 face en chemin d'accès à la résidence Te maruata;-17,618;-149,549
202300030307;8;11;2023;14:20;1;56;56121;2;1;1;6;MENDES FRANCE ( BD PIERRE );47,76552;-3,39417
202300030308;5;3;2023;13:00;1;6;6152;1;1;1;7;4174 Route du Parc;43,616324;7,03942
202300030309;23;5;2023;15:10;1;13;13206;2;2;1;5;ROME (RUE DE);43,28937612;5,38167197
202300030310;27;2;2023;22:00;3;66;66195;1;1;6;6;N116;42,689518;2,823894
202300030311;10;11;2023;19:00;5;54;54167;2;1;3;4;Avenue du Marechal Foch;48,67146;5,89753
202300030312;4;3;2023;20:50;3;58;58238;1;1;1;7;Route de Chaluzy;47,009201;3,212492
202300030313;23;5;2023;12:00;1;11;11069;2;1;1;3;87 Rue de la Liberte;43,21573;2,34857
202300030314;8;11;2023;08:30;2;54;54547;2;1;1;6;Avenue du Général Leclerc;48,66689356;6,16652191
202300030315;23;5;2023;15:40;1;6;6088;2;1;1;6;FABRON (AV. DE) (A PARTIR DU N° 79);43,688441;7,227529
202300030316;5;3;2023;03:15;4;34;34095;1;1;1;2;A9 ;43,51477;3,747518
202300030317;11;11;2023;10:35;1;54;54321;1;1;1;1;Rue Ernest Hemingway;49,5366;5,79995
202300030318;23;5;2023;06:45;1;6;6027;2;1;1;6;PLAGE BOULEVARD DE LA;43,65149;7,153353
202300030319;5;3;2023;07:20;2;11;11262;1;1;1;2;A9;43,174137;3,02772
202300030320;23;5;2023;19:30;1;3;3101;1;1;1;6;RN 145;46,33968;2,5363
202300030321;9;11;2023;16:26;2;54;54254;1;3;2;3;D196;49,49229011;5,81161469
202300030322;5;3;2023;06:45;3;51;51242;1;1;1;3;A26;48,93510277;4,28531487
202300030323;23;5;2023;18:40;1;2;2408;2;3;1;3;98 Avenue Pierre Mendès-France;49,5783;3,6406
202300030324;25;2;2023;12:30;1;987;98714;1;1;1;1;Anau  - Montée du CET;-16,388;-151,765
202300030325;11;11;2023;15:00;1;51;51454;2;2;8;3;CHAILLOT (RUE);49,28724;4,02647
202300030326;4;3;2023;16:13;1;974;97412;2;1;1;2;62 Rue Raphaël Babet;-21,381112;55,612236
202300030327;23;5;2023;15:00;1;75;75120;2;3;1;3;RUE DE BAGNOLET;48,858381;2,400674
202300030328;9;11;2023;08:30;1;51;51573;2;1;2;2;GRANDE RUE;49,25319;3,98871
202300030329;4;3;2023;14:30;1;978;97801;2;1;1;3;R CHARLES TONDU;18,06117;-63,094633
202300030330;23;5;2023;10:15;1;75;75120;2;3;1;2;RUE LEVERT;48,873599;2,390369
202300030331;9;11;2023;07:40;2;51;51454;2;2;2;1;PAIX (BOULEVARD DE LA);49,25155;4,04194
202300030332;4;3;2023;18:35;2;91;91038;2;9;1;3;84 Chemin du Guette-lièvre;48,491436;2,221863
202300030333;11;11;2023;02:02;5;50;50502;2;1;1;6;TORIGNI;49,10738;-1,07075
202300030334;23;5;2023;06:40;1;75;75120;2;9;1;2;BOULEVARD DAVOUT;48,85474;2,410258
202300030335;5;3;2023;12:40;1;66;66138;2;4;1;1;11 Boulevard National;42,754954;2,853672
202300030336;8;11;2023;12:15;1;50;50129;2;1;2;3;POINCARE (AVENUE HENRI);49,62995;-1,60466
202300030337;23;5;2023;06:50;1;75;75120;2;3;2;6;BOULEVARD DAVOUT;48,854072;2,410705
202300030338;4;3;2023;18:20;1;73;73015;2;1;1;6;Route des chalets;45,39851;6,572635
202300030339;9;11;2023;04:10;5;50;50129;2;1;1;2;LEMONNIER (AVENUE AMIRAL);49,63368;-1,60638
202300030340;23;5;2023;20:06;1;75;75117;2;2;1;6;RUE LEGENDRE;48,889112;2,322723
202300030341;4;3;2023;22:00;4;7;7059;1;1;1;1;Rd 86;44,992074;4,846752
202300030342;11;11;2023;19:13;5;49;49353;2;2;1;2;JEAN JAURES RUE;47,4437;-0,49817
202300030343;5;3;2023;04:50;4;69;69177;1;6;9;6;Route de Sain Bel;45,800144;4,635082
202300030344;23;5;2023;10:30;1;75;75117;2;4;1;3;AVENUE DE WAGRAM;48,881552;2,300692
202300030345;5;3;2023;03:40;3;33;33539;1;1;1;6;N89;44,880338;-0,306941
202300030346;23;5;2023;12:45;1;75;75116;2;2;8;6;AVENUE MOZART;48,854679;2,269366
202300030347;11;11;2023;15:50;1;49;49007;2;2;1;1;DAVIERS BOULEVARD;47,47855;-0,55608
202300030348;26;2;2023;18:15;1;33;33474;1;1;1;6;Rue de Lescourejolles;44,662163;-0,460846
202300030349;11;11;2023;01:55;4;49;49007;2;1;1;2;GARDOT;47,46818;-0,53351
202300030350;23;5;2023;19:40;1;75;75107;2;1;1;6;QUAI BRANLY;48,861528;2,297521
202300030351;5;3;2023;16:15;1;33;33233;1;1;1;6;Piste DFCI n29;45,081476;-0,343344
202300030352;9;11;2023;04:43;4;49;49007;2;1;2;3;INDUSTRIE BOULEVARD;47,4929;-0,5222
202300030353;14;12;2023;19:40;5;76;76481;1;6;1;2;RD 940;49,55498;0,11149
202300030354;23;5;2023;09:30;1;94;94042;2;1;1;7;Avenue des Canadiens;48,81937503;2,46355712
202300030355;4;3;2023;13:10;1;22;22035;1;2;1;1;Le Perroquet Vert;48,444835;-1,97534
202300030356;8;11;2023;18:15;5;49;49007;2;1;2;5;FAURE QUAI;47,47224;-0,5584
202300030357;14;12;2023;19:30;5;76;76351;2;1;2;6;JEAN MAUREL (RUE);49,48889;0,12498
202300030358;23;5;2023;17:10;1;94;94003;2;9;1;6;Avenue Laplace;48,8099;2,3273
202300030359;5;3;2023;03:40;5;62;62443;1;1;1;6;D301;50,444629;2,633481
202300030360;14;12;2023;17:35;5;76;76351;2;1;2;6;PIERRE FARCIS;49,51702;0,09958
202300030361;8;11;2023;12:15;1;49;49007;2;2;8;2;SAINT JACQUES;47,47384;-0,57549
202300030362;23;5;2023;20:45;1;94;94041;2;3;1;6;Avenue Georges Gosnat /  Rue Marat;48,81129927;2,38411897
202300030363;15;12;2023;07:05;3;73;73011;1;1;1;2;N90;45,66262672;6,40528947
202300030364;11;11;2023;05:45;5;45;45075;2;1;1;3;D2152 PR 65 + 190;47,88859017;1,83437526
202300030365;3;3;2023;02:45;3;83;83126;1;1;1;7;A50;43,11997155;5,85327311
202300030366;23;5;2023;08:33;1;94;94065;2;1;1;6;Avenue de la Gare;48,74019943;2,35357486
202300030367;14;12;2023;18:10;1;71;71306;2;1;1;7;64 Avenue Maréchal Leclerc;46,67982878;4,36758846
202300030368;9;11;2023;08:25;1;45;45234;2;1;1;6;48 Rue des Montées;47,872117;1,920652
202300030369;14;12;2023;16:50;1;71;71306;2;1;1;6;parking de la mairie;46,67435086;4,36257541
202300030370;23;5;2023;18:01;1;94;94022;2;3;1;3;Avenue de la Folie / Rue Bernard Palissy;48,77199;2,41824
202300030371;8;11;2023;15:30;1;45;45232;2;1;1;7;D2020 PR 35 + 345;47,85035;1,91146
202300030372;11;11;2023;19:20;5;44;44109;2;6;2;3;Place Victor Mangin;47,20083554;-1,5444967
202300030373;15;12;2023;18:30;5;69;69282;1;3;1;4;Rue de la République;45,76046;5,03089
202300030374;22;5;2023;11:45;1;94;94018;2;3;1;3;84 Rue de Paris;48,82305;2,41133
202300030375;9;11;2023;20:20;5;44;44162;2;1;2;6;Boulevard Salvador Allende;47,22223;-1,63869
202300030376;15;12;2023;11:35;1;69;69290;2;2;1;2;Boulevard de la Porte des Alpes;45,7151;4,92561
202300030377;23;5;2023;13:00;1;93;93064;2;2;1;2;Rue de Rosny / Boulevard Théophile Sueur;48,8710314;2,4709298
202300030378;28;10;2023;19:45;2;40;40279;1;1;1;5;CD 129 - ROUTE DE MONT DE MARSAN;43,7216;-1,0388
202300030379;15;12;2023;21:39;5;67;67482;2;3;1;3;ABBE LEMIRE (RUE DE L );48,57626;7,72681
202300030380;23;5;2023;09:05;1;93;93048;2;1;8;3;Rue Franklin;48,86324;2,44407
202300030381;9;11;2023;21:25;5;37;37261;2;2;2;2;EUROPE (AVENUE DE L');47,4229;0,68568
202300030382;15;12;2023;07:00;5;67;67482;2;4;1;3;BORDEAUX (PLACE DE);48,59354;7,75853
202300030383;23;5;2023;12:00;1;93;93046;2;1;1;3;Av du Consul General Nordling;48,91821;2,53571
202300030384;9;11;2023;18:00;5;37;37261;2;2;8;3;VAILLANT (RUE EDOUARD);47,38695;0,69822
202300030385;15;12;2023;14:15;1;67;67180;2;9;8;6;WISSEMBOURG (AV. DE);48,82759;7,79402
202300030386;23;5;2023;10:40;1;93;93005;2;1;1;1;Av I et Frederic Joliot Curie;48,92918771;2,51238846
202300030387;9;11;2023;16:00;1;37;37261;2;3;8;3;GRAMMONT (AVENUE DE);47,38256763;0,6921038
202300030388;15;12;2023;16:30;1;66;66136;2;1;1;6;Av Georges et Claude CAUSTIER;42,68988;2,85981
202300030389;22;5;2023;15:05;1;92;92072;2;9;1;2;TROYON (RUE);48,82658;2,22654
202300030390;16;12;2023;01:40;5;64;64140;2;2;1;6;DUVERT (RUE RENE);43,52268;-1,48939
202300030391;9;11;2023;12:35;1;37;37208;2;4;8;2;POMPIDOU (AVENUE GEORGES);47,37188593;0,71603179
202300030392;22;5;2023;01:20;5;92;92072;2;3;1;3;GRANDE RUE;48,82644;2,21926
202300030393;15;12;2023;19:00;5;63;63113;2;2;2;3;KESSLER (RUE);45,76956;3,08731
202300030394;9;11;2023;09:22;1;37;37122;2;3;8;3;CHINON (BOULEVARD DE);47,35403;0,69387
202300030395;23;5;2023;08:55;1;92;92063;2;1;1;1;RICHELIEU (BOULEVARD);48,8721745;2,18297392
202300030396;9;11;2023;07:55;1;37;37195;2;6;8;3;MOULIN (RUE JEAN);47,38480323;0,65418005
202300030397;15;12;2023;17:40;3;62;62842;1;9;1;4;RN47;50,46237529;2,83096218
202300030398;23;5;2023;18:20;1;92;92044;2;3;1;3;GEO.POMPIDOU(AVE) 21+ ET 22+;48,89812622;2,2801432
202300030399;9;11;2023;07:35;2;37;37261;2;6;8;3;SAINT-SAUVEUR (ROND POINT);47,37348;0,67865
202300030400;12;12;2023;16:00;1;62;62624;1;9;1;6;Avenue de la République;50,41540886;2,98103499
202300030401;8;11;2023;18:33;3;37;37122;1;1;8;6;RD 37;47,36625;0,65284
202300030402;10;11;2023;01:15;5;60;60057;2;1;1;6;Rue du Pont d'Arcole;49,42463;2,09853
202300030403;8;11;2023;12:38;1;36;36044;2;1;1;6;Boulevard des Marins;46,8067;1,68041
202300030404;15;12;2023;16:40;1;59;59152;2;1;8;2;HURLUPIN (RUE D');50,76351;3,01048
202300030405;23;5;2023;08:10;1;92;92044;2;1;1;2;CHARLES PASQUA (QUAI) 58 A90;48,90118384;2,28516161
202300030406;9;11;2023;15:00;1;35;35238;1;1;1;4;N136;48,1367;-1,70342
202300030407;15;12;2023;23:10;5;59;59299;2;2;1;1;CLEMENCEAU (BOULEVARD);50,66041;3,18461
202300030408;14;12;2023;15:35;1;57;57672;2;1;1;6;REPUBLIQUE (PLACE DE LA);49,355829;6,16354
202300030409;23;5;2023;15:25;1;92;92040;2;1;1;7;MAURICE MALLET;48,82989805;2,2661975
202300030410;9;11;2023;09:55;1;35;35238;2;2;1;3;PATTON (AVENUE DU GENERAL SIR GEORGES);48,12857;-1,66423
202300030411;14;12;2023;19:10;5;57;57631;2;1;1;6;MONTAGNE (RUE DE LA);49,10666;7,06005
202300030412;23;5;2023;11:10;1;92;92025;2;1;1;1;GABRIEL PERI (RUE);48,918231;2,238889
202300030413;11;11;2023;06:20;3;34;34129;1;1;1;2;PALAVAS D986 (ROUTE DE);43,571;3,89612
202300030414;14;12;2023;19:46;5;49;49007;2;1;2;6;BIRGE BOULEVARD;47,47664;-0,52054
202300030415;8;11;2023;01:15;5;33;33063;2;1;1;2;Quai de la Souys;44,83146;-0,546
202300030416;14;12;2023;08:00;5;49;49007;2;1;1;7;DAILLIERE;47,46443;-0,546
202300030417;10;11;2023;23:16;4;31;31555;1;1;1;1;VA007333 LA FAOURETTE A620 Sortie 26;43,57021;1,41264
202300030418;14;12;2023;15:00;1;49;49015;2;1;8;1;MEIGNANNE ROUTE DE LA;47,503366;-0,632263
202300030419;8;11;2023;08:47;1;31;31555;2;1;1;3;ALL DE BARCELONE;43,60914;1,42375
202300030420;9;11;2023;22:00;3;31;31483;1;1;1;6;ROUTE DE LA SERRE DE CAZAUX;43,133995;0,726066
202300030421;15;12;2023;23:40;5;47;47001;2;2;1;3;SCALIGER (BOULEVARD);44,20729;0,61544
202300030422;22;5;2023;21:46;5;92;92012;2;1;1;7;GEORGES GORSE (QUAI);48,82547;2,23427
202300030423;9;11;2023;17:00;1;31;31483;2;1;1;2;FRANCOIS MITTERAND ( AVENUE);43,1118;0,7435
202300030424;15;12;2023;09:00;1;45;45234;2;3;8;6;1 Rue du Commandant Arago;47,90703;1,8999
202300030425;23;5;2023;08:55;1;92;92009;2;1;1;6;GENERAL LECLERC ( RUE DU );48,916278;2,26758
202300030426;9;11;2023;17:22;3;29;29232;1;1;3;7;Rd 365 - Avenue du Morbihan;47,97849253;-4,0478843
202300030427;14;12;2023;17:20;5;37;37261;2;1;2;6;DE GAULLE (AVENUE DU GENERAL);47,38145;0,70263
202300030428;23;5;2023;15:20;1;60;60122;1;1;1;7;D107;49,610529;1,776588
202300030429;9;11;2023;15:24;1;29;29039;2;1;2;6;Rue Amiral Courbet;47,87214;-3,92281
202300030430;15;12;2023;18:30;3;35;35238;1;1;1;2;RN136;48,10978;-1,71777
202300030431;8;11;2023;07:20;5;29;29019;2;6;2;3;rue Emile Rousse;48,385326;-4,528253
202300030432;14;12;2023;07:45;5;35;35238;2;6;1;3;VILLEBOIS MAREUIL (BD);48,10378;-1,64992
202300030433;18;5;2023;16:50;1;47;47091;1;1;1;7;Rocade d?Estillac;44,180019;0,573043
202300030434;9;11;2023;08:10;1;28;28134;2;2;1;3;BICHE (RUE DE LA);48,72976;1,37499
202300030435;15;12;2023;05:02;3;35;35278;2;1;2;3;RN136;48,140945;-1,686458
202300030436;9;11;2023;16:35;1;27;27701;2;1;1;6;PARC (CH. DU) FALAISES A LACS;49,27202;1,21238
202300030437;23;5;2023;13:30;1;34;34148;1;1;1;1;Chemin de Tabarka;43,369119;3,172431
202300030438;13;12;2023;18:20;5;35;35150;2;6;8;3;La Pilais;48,351628;-1,235125
202300030439;9;11;2023;19:35;5;26;26362;2;1;2;6;Avenue Victor Hugo;44,90842;4,88364
202300030440;23;5;2023;16:15;1;86;86096;1;1;1;1;D20;46,821783;0,318809
202300030441;14;12;2023;19:10;5;34;34003;2;6;1;3;MONACO (F16 A G15;43,311;3,478
202300030442;8;11;2023;21:07;3;26;26058;1;1;1;7;Route Nationale 7;44,96978686;4,8853699
202300030443;15;12;2023;07:15;2;31;31149;2;1;2;6;ALLENDE (AVENUE SALVADOR);43,605842;1,324908
202300030444;11;11;2023;21:35;3;25;25056;2;1;2;6;RN 1057 (ROUTE DE GRAY-CH.EPITAPHE);47,25137;5,9853
202300030445;14;12;2023;17:55;5;31;31555;2;1;1;3;AV DE LARDENNE;43,592562;1,402101
202300030446;9;11;2023;19:50;5;22;22278;2;3;2;2;ROSTAND (EDMOND);48,51655934;-2,73487151
202300030447;24;5;2023;14:26;1;11;11148;1;9;1;3;A61;43,16909;2,707486
202300030448;10;11;2023;16:25;1;17;17415;2;1;2;2;COTE DE BEAUTE RUE DE LA;45,748979;-0,6686
202300030449;15;12;2023;13:30;1;30;30028;2;1;1;1;ROBERT GOURDON (AVENUE);44,1656;4,62564
202300030450;9;11;2023;18:50;3;17;17415;2;6;2;3;BERTHELOT RUE MARCELIN;45,74098;-0,62231
202300030451;14;12;2023;12:12;1;29;29019;2;6;2;3;rue du Valy-Hir;48,385273;-4,528777
202300030452;24;5;2023;11:10;1;84;84069;1;1;1;3;Route de Veaux;44,192021;5,141344
202300030453;9;11;2023;22:53;5;17;17300;2;1;2;2;NOUE   RUE DE LA;46,16162;-1,1553
202300030454;14;12;2023;09:00;1;29;29019;2;3;2;1;boulevard Montaigne;48,4017;-4,48306
202300030455;9;11;2023;13:10;1;15;15014;2;1;2;2;6 Rue du Président Delzons;44,929612;2,442887
202300030456;14;12;2023;23:50;5;28;28220;1;1;2;2;ROUTE NATIONALE 123;48,41621;1,46605
202300030457;9;11;2023;09:40;1;14;14557;1;1;1;7;D27A;49,34074;0,09739
202300030458;15;12;2023;17:50;5;25;25462;2;4;1;6;GRENIER DOCTEUR;46,90242;6,35108
202300030459;9;11;2023;18:30;5;14;14118;2;2;3;1;2 Rue de Malon;49,208689;-0,376959
202300030460;15;12;2023;12:25;1;23;23096;1;1;8;3;940 (ROUTE DEPARTEMENTALE);46,148706;1,866096
202300030461;12;12;2023;17:45;5;21;21231;2;1;1;6;FRANKLIN D.ROOSEVELT (AVENUE);47,348;5,058
202300030462;10;11;2023;08:50;1;13;13117;2;4;2;6;STADIUM (CD9);43,42922;5,2733
202300030463;14;12;2023;08:10;1;19;19031;2;3;1;3;CHAUMEIL (RUE PIERRE);45,1562;1,50316
202300030464;7;12;2023;19:23;5;14;14566;2;1;3;6;14 Rue Martin Luther King;49,2042;-0,396833
202300030465;15;12;2023;17:30;3;14;14437;1;1;1;3;N814;49,17156;-0,30559
202300030466;14;12;2023;07:20;5;14;14118;2;1;1;6;31 Boulevard Georges Pompidou;49,18118;-0,3987
202300030467;27;6;2023;15:30;1;33;33550;1;1;1;2;ROCADE A 630;44,77917;-0,55174
202300030468;15;12;2023;22:15;5;13;13206;2;2;1;2;DOCTEUR ESCAT (RUE);43,28389;5,38421
202300030469;27;6;2023;07:35;1;33;33397;1;1;1;3;AUTOROUTE A 10;44,91169;-0,48543
202300030470;15;12;2023;15:15;1;13;13205;2;2;1;3;BAILLE (BOULEVARD);43,28734;5,38908
202300030471;27;6;2023;09:00;1;59;59566;1;1;1;6;AUTOROUTE A25;50,6199;2,97392
202300030472;27;6;2023;15:07;1;91;91659;1;1;1;6;AUTOROUTE A6;48,58618;2,45184
202300030473;15;12;2023;06:50;5;13;13215;2;1;1;2;SAINT ANTOINE (CHEMIN DE);43,35969559;5,36479323
202300030474;27;6;2023;09:50;1;91;91689;1;1;1;2;AUTOROUTE A6B;48,74019;2,32033
202300030475;1;12;2023;05:00;5;13;13205;2;2;1;1;CHAVE (BOULEVARD);43,29546;5,39653
202300030476;27;6;2023;08:25;1;94;94034;1;1;1;3;A6A;48,75337728;2,33158098
202300030477;15;12;2023;18:23;3;11;11069;1;1;2;6;N/A;43,18239;2,40363
202300030478;7;9;2023;17:09;1;17;17415;2;1;1;2;Cours National;45,74726;-0,635
202300030479;27;6;2023;19:00;1;78;78646;1;1;1;5;RN12;48,790653;2,111032
202300030480;8;9;2023;15:30;1;17;17306;2;1;7;3;REPUBLIQUE (DE LA) (BD);45,6243;-1,02824
202300030481;27;6;2023;10:17;1;92;92025;1;1;1;3;A86;48,92201331;2,2267277
202300030482;15;12;2023;18:00;5;75;75113;2;1;1;2;BD PERIPHERIQUE EXTERIEUR QUAI D IVRY;48,82523;2,385529
202300030483;8;9;2023;19:20;1;17;17300;2;2;1;3;LECLERC   AVENUE DU GENERAL;46,16309;-1,16514
202300030484;27;6;2023;08:28;1;92;92036;1;1;1;3;A86;48,93540166;2,26544968
202300030485;8;9;2023;14:58;1;17;17300;2;1;1;6;COGNEHORS   BOULEVARD DE (1-95));46,16827;-1,14272
202300030486;24;6;2023;07:15;1;95;95151;1;1;1;6;N104;49,063652;2,268117
202300030487;8;9;2023;00:25;5;15;15014;2;1;1;6;40 Rue de l'Egalite;44,932367;2,441374
202300030488;27;6;2023;07:50;1;94;94033;1;1;1;3;A86;48,8562815;2,48912403
202300030489;15;12;2023;03:57;5;75;75104;2;7;1;3;QUAI DE GESVRES;48,857182;2,347499
202300030490;18;6;2023;17:55;1;77;77294;1;1;1;6;RN104;48,96577046;2,60780349
202300030491;9;9;2023;01:10;4;14;14327;2;3;1;6;10 Rue Alexander Fleming;49,208049;-0,339475
202300030492;13;12;2023;13:15;1;75;75106;2;1;2;3;RUE VAVIN;48,844136;2,330926
202300030493;17;6;2023;20:05;1;94;94065;1;1;1;2;N186B;48,75334269;2,35993713
202300030494;9;9;2023;23:30;3;13;13071;2;1;1;2;JOYEUX ( AVENUE DES );43,3765;5,34696
202300030495;17;6;2023;17:15;1;94;94033;1;1;1;2;A86;48,85493533;2,48858118
202300030496;15;12;2023;17:10;5;75;75115;2;1;1;6;RUE CAMBRONNE;48,844532;2,302242
202300030497;29;3;2023;08:45;1;74;74058;2;1;8;6;D22;46,288798;6,807138
202300030498;9;9;2023;22:30;5;13;13215;2;3;1;3;LE CHATELIER;43,34702;5,3687
202300030499;10;3;2023;08:24;1;74;74264;2;2;8;6;2 Rue de miosinges;46,053495;6,551571
202300030500;8;9;2023;17:30;1;13;13208;2;1;1;6;SABLIER (BOULEVARD DU);43,25067876;5,38211601
202300030501;13;12;2023;09:45;1;75;75115;2;2;1;3;RUE GINOUX;48,848101;2,286827
202300030502;7;2;2023;05:00;3;74;74154;2;3;1;3;"D252 ""les Bossons""";46,382291;6,653418
202300030503;8;9;2023;12:00;1;13;13213;2;9;1;3;METRO (BOULEVARD DU);43,33493881;5,42859913
202300030504;8;4;2023;05:40;4;74;74229;1;1;1;7;D903;46,243687;6,326516
202300030505;15;12;2023;08:55;1;75;75114;2;2;8;2;RUE DE LA LEGION ETRANGERE;48,82055315;2,3242414
202300030506;8;9;2023;20:50;5;10;10387;2;1;1;4;ANATOLE FRANCE (RUE);48,28487;4,07364
202300030507;8;4;2023;00:30;3;74;74256;1;1;1;7;Rte de crève coeur;45,95065;6,649743
202300030508;7;9;2023;12:30;1;10;10081;2;1;7;7;JULES FERRY (RUE);48,32235;4,05233
202300030509;13;3;2023;16:30;1;43;43130;1;1;1;7;route de la chèze;45,047155;4,194428
202300030510;17;6;2023;22:40;5;57;57463;2;1;1;6;FOURNIRUE (EN );49,11862;6,17698
202300030511;15;12;2023;12:05;1;75;75111;2;3;1;2;RUE DE CHARONNE;48,852832;2,374511
202300030512;6;9;2023;12:30;1;6;6104;2;1;1;4;SCHUMANN (PROMENADE ROBERT);43,762461;7,484972
202300030513;27;6;2023;00:30;5;974;97416;2;6;1;6;AUGUSTIN ARCHAMBAUD(RUE);-21,33204567;55,47911972
202300030514;15;12;2023;12:54;1;75;75103;2;1;1;1;RUE DE TURENNE;48,860135;2,364593
202300030515;4;9;2023;14:05;1;6;6069;2;1;1;2;CHENES (CHEMIN DES);43,64115;6,91501