Num_Acc;jour;mois;an;hrmn;lum;dep;com;agg;int;atm;col;adr;lat;long
202300030516;22;6;2023;17:00;1;974;97416;1;1;2;3;STEPHANE (CHEMIN);-21,28011;55,48334
202300030517;15;12;2023;13:30;1;75;75108;2;1;1;3;BOULEVARD MALESHERBES;48,876146;2,318274
202300030518;26;6;2023;12:15;1;973;97302;2;1;1;3;MONTABO (ROUTE DE) 1;4,94458;-52,31052
202300030519;8;9;2023;21:10;5;6;6027;2;1;1;3;GAUDE AVENUE DE LA;43,66552;7,15383
202300030520;15;12;2023;13:10;1;75;75108;2;1;1;7;AVENUE DES CHAMPS ELYSEES;48,87278;2,298427
202300030521;16;6;2023;16:25;1;973;97302;2;1;1;3;TROUBIRAN (CHEMIN DE);4,9258;-52,30361
202300030522;5;9;2023;12:47;1;3;3185;2;1;1;6;Avenue Jules Guesde;46,34067;2,58457
202300030523;15;12;2023;15:25;1;75;75107;2;2;1;1;AVENUE DU MARECHAL GALLIENI;48,86284;2,313452
202300030524;26;6;2023;08:25;1;973;97302;2;3;1;3;MONTABO (ROUTE DE) 1;4,94472109;-52,31106341
202300030525;15;12;2023;07:51;2;75;75107;2;3;1;1;QUAI BRANLY;48,860549;2,295626
202300030526;7;9;2023;16:20;1;75;75113;2;1;1;3;PORTE D ITALIE;48,816707;2,365107
202300030527;25;6;2023;22:46;4;973;97302;2;1;2;1;MADELEINE (ROUTE DE LA);4,92854591;-52,32533276
202300030528;6;9;2023;16:10;1;75;75118;2;1;1;7;PORTE DE LA CHAPELLE;48,900792;2,35757
202300030529;26;6;2023;11:00;1;972;97209;2;1;1;3;CHATEAUBOEUF (ROUTE DE);14,61775;-61,04508
202300030530;15;12;2023;08:40;1;75;75104;2;3;1;2;BOULEVARD BOURDON;48,851656;2,36767
202300030531;8;9;2023;06:32;5;75;75113;2;1;1;6;QUAI D AUSTERLITZ;48,843;2,366444
202300030532;26;6;2023;18:15;1;69;69202;2;3;1;3;122 Rue Commandant Charcot;45,74812654;4,79222312
202300030533;15;12;2023;08:25;2;94;94011;2;9;8;6;Rue des Varennes;48,77047;2,48423
202300030534;8;9;2023;09:22;1;75;75106;2;2;1;3;RUE DE RENNES;48,847264;2,327166
202300030535;26;6;2023;15:39;1;69;69384;2;1;1;3;Quai Joseph Gillet;45,77237;4,81335
202300030536;15;12;2023;16:30;1;93;93048;2;1;1;6;Boulevard Théophile Sueur;48,865667;2,468915
202300030537;7;9;2023;23:30;5;75;75106;2;2;1;3;RUE DE RENNES;48,846942;2,326855
202300030538;15;12;2023;18:50;5;93;93045;2;3;8;1;Avenue du Maréchal Juin / Rue Romain Rolland;48,8794;2,42207
202300030539;26;6;2023;13:30;1;971;97113;1;6;1;2;RN4-ROND POINT SAINT FELIX;16,20756;-61,45661
202300030540;7;9;2023;12:15;1;75;75106;2;3;1;6;BOULEVARD SAINT MICHEL;48,848832;2,341751
202300030541;14;12;2023;17:01;5;93;93047;2;5;2;3;Avenue Jean Jaurés / Avenue Gabriel Péri;48,89837;2,55329
202300030542;26;6;2023;09:45;1;95;95476;2;6;1;3;JULES CESAR (CHAUSSEE);49,05794424;2,04721212
202300030543;8;9;2023;17:10;1;75;75120;2;4;1;7;AVENUE GAMBETTA;48,863041;2,388044
202300030544;15;12;2023;18:47;5;93;93008;2;2;2;6;Rue Rene Camier / Rue de Lorraine;48,909782;2,451228
202300030545;25;6;2023;18:25;1;95;95510;1;1;1;4;N14;49,05781778;2,00791193
202300030546;14;12;2023;08:40;1;93;93007;2;5;2;3;Avenue Paul Vaillant Couturier / Rue Eugène Varlin;48,9293058;2,47993876
202300030547;8;9;2023;19:09;1;75;75119;2;2;1;6;PLACE DE LA BATAILLE DE STALINGRAD;48,883866;2,368591
202300030548;13;12;2023;17:50;5;93;93007;2;2;1;6;Avenue Henri Barbusse / Rue du Général Giraud;48,940753;2,463147
202300030549;8;9;2023;14:50;1;75;75118;2;1;7;6;RUE CAULAINCOURT;48,884973;2,330098
202300030550;26;6;2023;07:30;1;91;91201;2;1;1;3;BD HENRI BARBUSSE;48,69464;2,4141
202300030551;14;12;2023;17:35;2;92;92051;2;1;2;3;ACHILLE PERETTI (AVENUE, N° 90 A 96 ET 9;48,88436407;2,26936358
202300030552;26;6;2023;16:30;1;91;91687;2;1;1;2;GABRIEL PERI (AVENUE);48,68;2,376
202300030553;8;9;2023;02:10;5;75;75118;2;3;1;1;RUE D AUBERVILLIERS;48,887328;2,367064
202300030554;15;12;2023;08:40;1;92;92020;2;1;8;3;JAURES AVENUE JEAN;48,8081;2,3055
202300030555;21;6;2023;17:34;1;87;87085;2;1;1;6;LIBERATION (AVENUE DE LA);45,83413;1,25983
202300030556;8;9;2023;00:30;5;75;75117;2;1;1;6;BOULEVARD DE COURCELLES;48,880094;2,307532
202300030557;15;12;2023;15:50;1;92;92040;2;1;1;6;JEAN JAURES (AVENUE);48,82377206;2,27422558
202300030558;14;12;2023;18:25;5;92;92025;2;1;1;6;GABRIEL PERI (RUE);48,92303974;2,2518906
202300030559;20;6;2023;13:37;1;87;87085;2;3;1;3;KING (AVENUE MARTIN LUTHER);45,81449;1,23222
202300030560;7;9;2023;17:10;1;75;75116;2;1;1;3;BOULEVARD MURAT;48,838881;2,256821
202300030561;15;12;2023;18:26;5;92;92012;2;1;1;2;REINE (ROUTE DE LA) 1/37- 6/80;48,83877;2,25004
202300030562;19;6;2023;08:47;1;87;87085;2;1;1;6;VANTEAUX (BOULEVARD DE);45,82202;1,2287
202300030563;15;12;2023;16:10;1;92;92012;2;1;1;3;VIEUX PONT DE SEVRES (RUE DU) 157/FIN -;48,82813631;2,23299913
202300030564;18;6;2023;22:35;5;87;87085;2;1;1;6;FRACHON ( ave Benoit);45,85597;1,29216
202300030565;8;9;2023;16:45;1;75;75115;2;2;1;3;RUE DE LA CROIX NIVERT;48,843314;2,295757
202300030566;15;12;2023;11:00;1;92;92012;2;1;1;3;SILLY (RUE DE) 89/FIN - 90/FIN;48,83460222;2,23286703
202300030567;25;6;2023;04:15;5;85;85194;2;1;1;6;Rue de la tour;46,49584;-1,78546
202300030568;15;12;2023;14:53;1;92;92002;2;1;1;7;ABBAYE (RUE DE L');48,75101449;2,29656838
202300030569;7;9;2023;11:10;1;75;75114;2;2;1;3;AVENUE DU MAINE;48,837545;2,322944
202300030570;22;6;2023;15:10;1;84;84087;1;3;3;3;ABRIAN (CHEMIN DE L');44,152;4,825
202300030571;16;12;2023;12:17;1;63;63345;1;1;1;5;D2089 pk 73+650;45,69848437;3,0012888
202300030572;6;9;2023;22:55;5;75;75114;2;2;1;7;AVENUE DE LA PORTE DE CHATILLON;48,82264408;2,31488585
202300030573;26;6;2023;18:00;1;83;83137;2;9;1;6;REPUBLIQUE (AVE DE LA);43,118945;5,934668
202300030574;5;12;2023;08:20;5;35;35120;2;3;2;6;Rue de Dinan;48,221243;-1,79075
202300030575;25;6;2023;20:48;1;83;83123;2;9;1;1;LANGE (CHEMIN);43,12647576;5,79652753
202300030576;15;12;2023;22:30;3;54;54062;1;1;1;7;N57;48,52966888;6,22286478
202300030577;8;9;2023;16:45;1;75;75111;2;2;1;3;AVENUE DE TAILLEBOURG;48,850307;2,398603
202300030578;25;6;2023;20:50;1;81;81060;1;1;1;7;PETITARIE (RUE DE LA );44,07884;2,16338
202300030579;15;12;2023;15:10;1;24;24294;1;1;1;1;80 Route de Périgueux;45,00967;0,178555
202300030580;25;6;2023;15:10;1;78;78551;2;9;1;3;RN 13;48,8994;2,07252
202300030581;8;9;2023;20:50;5;75;75108;2;3;1;6;AVENUE GEORGE V;48,867591;2,301242
202300030582;15;12;2023;16:00;1;83;83072;2;3;1;3;Boulevard de la Libération;43,492689;6,354089
202300030583;15;12;2023;17:00;5;6;6044;2;1;1;6;864 Boulevard Honoré Teisseire;43,685563;7,098679
202300030584;8;9;2023;11:30;1;75;75107;2;3;1;6;RUE DE GRENELLE;48,857495;2,305354
202300030585;16;12;2023;04:05;3;28;28211;1;1;1;6;D23;48,129284;1,256347
202300030586;27;11;2023;19:30;3;85;85274;2;1;1;6;78 Rue de l'école;46,52521;-0,939811
202300030587;7;9;2023;22:35;5;75;75102;2;2;1;2;BOULEVARD DE SEBASTOPOL;48,867022;2,352988
202300030588;8;9;2023;17:39;1;94;94081;2;1;1;7;Avenue Ernest Havet;48,787486;2,402515
202300030589;15;12;2023;23:10;3;63;63244;1;1;1;1;Départementale 2009;45,93059856;3,1444902
202300030590;26;6;2023;18:20;1;77;77083;2;1;1;6;BLAISE PASCAL (AVENUE);48,8406995;2,59287993
202300030591;7;9;2023;12:30;1;94;94011;2;1;1;2;Avenue de la République;48,76655198;2,47996402
202300030592;26;6;2023;07:25;1;76;76108;2;1;1;3;Chemin de Clères;49,46677;1,10284
202300030593;16;12;2023;13:15;1;974;97414;1;1;1;1;Rue Leconte de Lisle;-21,27233;55,414352
202300030594;25;6;2023;01:20;5;76;76351;1;2;1;6;FOCH (AVENUE);49,49356;0,09944
202300030595;8;9;2023;08:34;1;94;94044;2;1;1;6;Avenue de Verdun;48,74941;2,47783
202300030596;15;12;2023;16:25;1;59;59250;1;1;1;2;route nationale 41;50,587596;2,920861
202300030597;26;6;2023;07:47;1;74;74012;2;1;1;3;COURRIARD (RUE MARC);46,19076;6,23442
202300030598;25;6;2023;03:40;5;71;71306;2;1;1;6;25 Rue Jules Guesde;46,67649793;4,36416596
202300030599;15;12;2023;06:51;3;35;35024;2;1;8;1;47 Rue du Mont Saint-Michel;48,189333;-1,626395
202300030600;8;9;2023;19:20;1;94;94017;2;6;1;3;Avenue de la République;48,82694;2,50946
202300030601;16;12;2023;15:30;1;51;51193;1;1;1;6;D79;48,952684;4,52803
202300030602;26;6;2023;15:05;1;71;71445;2;6;1;7;rond point de Bresse;46,76156417;4,87012312
202300030603;16;12;2023;16:00;1;76;76334;1;1;8;7;D70;49,844044;0,969565
202300030604;8;9;2023;15:10;1;94;94002;2;1;1;3;Rue Etienne Dolet;48,79122;2,42578
202300030605;15;12;2023;09:10;1;79;79079;1;1;1;1;rue du mouton blanc;46,927453;-0,75476
202300030606;26;6;2023;21:30;2;69;69256;2;9;1;3;Rue Alexandre Dumas;45,75346;4,93235
202300030607;15;12;2023;23:45;3;80;80061;1;1;1;6;D1015;49,821871;1,780987
202300030608;8;9;2023;12:40;1;93;93073;2;3;1;3;Avenue du Parc / Avenue Ernest Renan;48,95335;2,57366
202300030609;26;6;2023;21:11;2;69;69092;2;3;1;3;Avenue du Beaujolais;45,99641;4,7069
202300030610;12;12;2023;08:15;1;69;69293;2;3;5;3;Route de Saint Trivier;45,8387966;4,87751111
202300030611;16;12;2023;08:50;1;11;11439;1;1;7;6;CD126;43,322742;2,092788
202300030612;25;6;2023;18:40;1;67;67482;2;1;1;2;PORT DU RHIN (RUE DU);48,57783;7,7843
202300030613;8;9;2023;15:30;1;93;93051;2;2;1;3;Avenue du Marechal Joffre / Rue de la République;48,84661;2,5564
202300030614;16;12;2023;14:45;1;71;71120;2;1;1;7;5 route de laye;46,21047;4,342305
202300030615;22;6;2023;09:17;1;66;66136;2;3;1;3;;42,72245;2,88653
202300030616;8;9;2023;17:20;1;93;93048;2;1;1;3;Boulevard Rouget de Lisle;48,8599571;2,43890388
202300030617;15;12;2023;17:50;3;49;49176;1;6;1;2;D775;47,63567;-0,723539
202300030618;15;6;2023;11:06;1;65;65440;2;6;1;3; ROND-POINT ROUTE DE LOURDES;43,220985;0,060927
202300030619;8;9;2023;14:20;1;93;93048;2;2;7;6;Rue de Rosny / Avenue Walwein;48,86186;2,44674
202300030620;16;12;2023;07:50;2;42;42229;1;1;1;6;Route de Botoret;46,17849;4,385015
202300030621;26;6;2023;06:35;2;64;64024;2;1;1;6;MAIGNON (ROUTE DE);43,47162;-1,49881
202300030622;15;12;2023;19:30;5;42;42323;2;1;1;3;61 Avenue d'Andrézieux;45,554657;4,283553
202300030623;8;9;2023;15:45;1;93;93053;2;7;1;6;Rue Anatole France / Rue de Brément;48,889885;2,452714
202300030624;26;6;2023;19:20;1;62;62737;2;1;1;6;D188;50,44951;2,68391
202300030625;15;12;2023;23:37;3;47;47290;1;1;1;6;RD 19, PR 002+300;44,65342709;0,33475011
202300030626;26;6;2023;01:20;3;62;62846;1;1;1;6;D75;50,49903172;2,75234556
202300030627;8;9;2023;10:30;1;93;93007;2;3;1;6;Allee Mansart / Rue Maurice Audin;48,94805448;2,45140761
202300030628;15;12;2023;18:00;3;47;47269;1;3;8;3;Pont de Labe;44,174256;0,75126
202300030629;16;12;2023;04:40;3;86;86177;1;1;1;6;D347;46,683678;0,263771
202300030630;17;6;2023;14:15;1;60;60665;1;1;1;2;RN 1031;49,42001;2,79415
202300030631;8;9;2023;08:00;1;93;93005;2;6;1;3;Boulevard André Citroën / Avenue Raoul Dufy;48,96446;2,494656
202300030632;16;12;2023;13:50;1;25;25609;1;1;1;1;D67B;46,88724;6,430821
202300030633;6;9;2023;02:00;5;92;92078;2;1;1;3;HAUT DE LA NOUE (RUE);48,93040229;2,32707417
202300030634;7;6;2023;12:40;1;59;59526;2;1;1;6;RUE DU MOULIN BLANC;50,44429651;3,41612577
202300030635;26;6;2023;18:45;1;59;59279;2;1;1;6;LILLE (RUE DE);50,77850104;3,12472951
202300030636;8;9;2023;18:10;1;92;92046;2;1;1;3;PIERRE BROSSOLETTE (AVENUE);48,82060297;2,31164795
202300030637;7;12;2023;09:00;2;44;44036;2;6;2;6;29 Place Charles de Gaulle;47,718734;-1,373758
202300030638;23;6;2023;07:55;1;59;59178;2;1;1;3;HERILLIER (PLACE L');50,363;3,07809
202300030639;7;9;2023;21:40;5;92;92046;2;2;1;3;GABRIEL PERI;48,8195833;2,30611145
202300030640;25;6;2023;20:27;1;56;56121;2;1;1;1;SOUS-MARIN VENUS (RUE DU);47,73175;-3,37686
202300030641;8;9;2023;18:30;1;92;92064;2;3;1;2;ANDRE CHEVRILLON;48,84973412;2,22108964
202300030642;15;12;2023;18:25;5;50;50267;1;3;1;3;Route du Ferrage;49,21146;-1,516258
202300030643;24;6;2023;18:22;1;56;56098;2;1;1;6;JAURES (RUE  JEAN );47,7695;-3,35129
202300030644;8;9;2023;09:42;1;92;92063;2;3;1;3;DEUX GARES (RUE DES);48,89060425;2,17638481
202300030645;24;6;2023;12:45;1;56;56121;2;1;7;6;PERRIN (RUE  DU PROFESSEUR );47,75708;-3,35575
202300030646;15;12;2023;22:30;3;18;18075;1;9;5;3;Route de Nevers;47,015434;3,0654
202300030647;8;9;2023;18:50;1;92;92051;2;1;1;1;GENERAL KOENIG (BOULEVARD DU);48,87962989;2,25023299
202300030648;15;12;2023;21:50;2;10;10166;2;1;1;7;Route d’Arcis;48,465913;4,019615
202300030649;24;6;2023;05:17;5;56;56098;2;1;1;6;ZEDE (RUE  GUSTAVE );47,77536;-3,35451
202300030650;16;12;2023;09:20;1;85;85146;1;1;7;2;RD137;47,026976;-1,349924
202300030651;7;9;2023;09:00;1;92;92050;2;1;1;3;PICASSO PABLO AVENUE;48,89250203;2,21360743
202300030652;25;6;2023;12:40;1;56;56107;2;6;1;3;LE GUEN (RUE  JULES );47,70973;-3,38444
202300030653;15;12;2023;16:00;1;27;27468;1;3;1;3;rd130;49,234336;0,706204
202300030654;8;9;2023;06:30;5;92;92036;2;3;1;6;MARCEL PAUL (AVENUE) (52/102);48,93425736;2,30306715
202300030655;24;6;2023;17:26;1;54;54329;1;3;1;3;RD 400;48,59961;6,46697
202300030656;16;12;2023;01:51;3;88;88060;1;4;5;7;D14c;48,35848;6,044422
202300030657;8;9;2023;11:15;1;92;92026;2;1;1;2;MARCEAU;48,89978738;2,24553055
202300030658;26;6;2023;08:45;1;51;51172;2;3;1;2;BLANCS MONTS (RUE);49,21657;4,05787
202300030659;15;12;2023;17:00;2;49;49180;1;1;1;1;RD 347 PK 39+693;47,39047929;-0,12107894
202300030660;8;9;2023;10:00;1;92;92025;2;8;1;6;CHARLES DE GAULLE (BD);48,91586271;2,22699165
202300030661;25;6;2023;14:15;1;51;51454;2;1;1;6;DROUET D'ERLON (PLACE);49,25702;4,02614
202300030662;15;12;2023;10:27;1;1;1229;2;2;1;6;Route d'Etrez;46,336155;5,129462
202300030663;7;9;2023;19:55;1;92;92024;2;3;1;3;GENERAL LECLERC (BD DU) DE (61 A 9);48,90129;2,31519
202300030664;25;6;2023;07:00;1;51;51454;2;3;1;6;GRAND CREDO (RUE DU);49,25495;4,03521
202300030665;24;11;2023;17:30;3;6;6085;2;3;1;3;Avenue de la Borde;43,582971;6,973454
202300030666;8;9;2023;13:45;1;92;92032;2;9;1;6;FOCH MARECHAL (AVENUE DU);48,78963889;2,30039701
202300030667;25;6;2023;18:55;1;50;50129;2;6;1;2;CALIGNY (QUAI DE);49,63923;-1,62107
202300030668;7;9;2023;09:30;1;18;18032;1;1;1;1;N/A;47,420872;2,895885
202300030669;24;6;2023;20:51;1;49;49007;2;1;1;7;SAUMUROISE IMPASSE ET RUE;47,45746;-0,53284
202300030670;15;12;2023;17:15;1;974;97415;1;1;7;1;D100;-21,065138;55,239966
202300030671;9;9;2023;03:10;3;69;69277;1;6;1;6;Rue de la Fraternite;45,726929;5,029249
202300030672;24;6;2023;01:35;4;49;49007;2;1;1;7;PICOTIERE;47,46703;-0,59631
202300030673;26;6;2023;19:10;1;45;45286;1;9;1;1;RUE DES BALLETIERES;47,87047;1,93218
202300030674;8;9;2023;06:25;2;62;62706;1;1;5;3;D72;50,565589;2,780871
202300030675;24;6;2023;15:30;1;44;44109;2;1;1;1;Quai du Marquis d'Aiguillon;47,20149;-1,57702
202300030676;9;9;2023;12:15;1;30;30308;2;1;1;1;Chemin des Abels;43,95883;4,421986
202300030677;15;12;2023;11:00;1;971;97119;1;1;1;1;Boulevard de Dumaine Delisle;16,373901;-61,452729
202300030678;26;6;2023;16:30;1;42;42316;2;1;1;6;Rue Joseph Dussauze;45,40522;4,26551
202300030679;9;9;2023;05:55;3;37;37278;1;1;1;6;A10;47,208782;0,654802
202300030680;24;6;2023;01:15;3;41;41018;2;6;1;6;JOSEPH PAUL BONCOUR (ROND POINT);47,57465;1,32415
202300030681;7;9;2023;13:50;1;65;65018;1;1;1;7;D918;42,95923377;-0,26868886
202300030682;16;12;2023;14:15;1;29;29297;1;1;7;6;Impasse Coat Pin;47,900574;-3,524531
202300030683;26;6;2023;08:10;1;37;37214;2;1;1;6;VOISIN (BOULEVARD ANDRE-GEORGES);47,43215;0,66504
202300030684;7;9;2023;07:30;2;55;55054;1;1;7;3;D171;48,871179;5,50694
202300030685;26;6;2023;07:45;1;34;34172;2;4;1;1;1682 Rue de la Valsière;43,64033;3,82872
202300030686;13;12;2023;14:50;1;34;34022;1;4;1;2;N113;43,661057;4,027798
202300030687;8;9;2023;18:05;2;34;34119;2;1;1;6;Avenue de Bédarieux;43,593891;3,117322
202300030688;26;6;2023;18:25;1;33;33281;2;3;1;3;Chemin du Phare;44,8527;-0,69343
202300030689;8;9;2023;16:30;1;39;39068;1;1;1;1;N/A;46,279021;5,794156
202300030690;26;6;2023;18:20;1;33;33013;2;3;1;3;Avenue du Peyrou;44,86964;-0,49847
202300030691;26;6;2023;17:30;1;33;33063;2;1;1;6;Boulevard George V;44,82537;-0,58947
202300030692;9;9;2023;02:45;3;39;39078;1;1;1;1;N/A;47,108567;5,523645
202300030693;9;9;2023;08:25;1;3;3049;1;1;1;7;D46 - PR 021.530;46,31492;3,20102
202300030694;26;6;2023;08:30;1;33;33550;2;2;1;3;Chemin du Pas de la Côte;44,78209;-0,54013
202300030695;16;12;2023;07:55;2;68;68113;1;3;1;2;D106 - ROUTE DE RIBEAUVILLÉ;48,186533;7,388094
202300030696;8;9;2023;17:55;1;6;6079;2;1;1;6;Rue des Hautes Roches;43,525795;6,939234
202300030697;25;6;2023;07:50;1;33;33063;2;1;1;7;Cours Victor Hugo;44,83579;-0,56756
202300030698;15;6;2023;14:10;1;33;33063;2;2;1;3;Rue Pelleport;44,82119;-0,5658
202300030699;8;9;2023;19:50;1;50;50350;1;2;7;6;Le Fondray;49,014849;-1,321596
202300030700;26;6;2023;14:25;1;28;28229;1;1;1;1;N/A;48,47286;1,46304
202300030701;16;12;2023;17:30;3;3;3102;1;1;9;6;les coulardiers;46,520913;3,707242
202300030702;9;9;2023;08:30;1;50;50628;1;1;1;1;Le Bieu (Ruisseau);48,722339;-1,218281
202300030703;25;6;2023;20:20;1;27;27701;1;3;1;1;ANDELLE (CHAUSSEE D');49,28012;1,22654
202300030704;8;9;2023;19:10;1;10;10323;1;6;1;3;D206;48,529548;3,709334
202300030705;26;6;2023;13:46;1;25;25056;2;2;1;2;boulevard john f. kennedy;47,23815;5,98805
202300030706;15;12;2023;16:50;2;26;26064;2;1;1;1;D538;44,911324;5,019701
202300030707;8;9;2023;10:15;1;85;85140;1;1;1;2;D113 pk 5+500;46,732352;-0,8707142
202300030708;5;9;2023;15:15;1;85;85108;1;1;1;6;D763;46,8969561;-1,3849414
202300030709;26;6;2023;10:40;1;6;6083;2;3;1;6;HEBERT (RUE COLONEL);43,77669;7,494482
202300030710;15;12;2023;18:10;3;69;69171;2;3;1;3;Rue du Trésoncle;45,81034551;4,59823994
202300030711;9;9;2023;04:30;5;49;49129;1;1;1;6;A87N - PK 0+900;47,499199;-0,501466
202300030712;26;6;2023;15:05;1;6;6029;2;1;1;6;CARNOT (BOULEVARD);43,56343;7,01656
202300030713;8;9;2023;17:00;1;976;97614;2;1;1;3;Avenue Mkarafouni;-12,824006;45,132668
202300030714;15;12;2023;07:38;3;33;33554;1;1;1;6;Chemin du Loup;44,878529;-0,487025
202300030715;26;6;2023;08:00;1;4;4112;2;2;1;3;CHEMIN DU THOR;43,80769;5,79562
202300030716;8;9;2023;07:20;1;986;98613;1;1;1;7;Teesi;-13,346656;-176,205701
202300030717;25;6;2023;06:30;1;75;75117;2;4;1;2;BD PERIPHERIQUE INTERIEUR;48,9003609;2,32234758
202300030718;8;9;2023;22:15;3;2B;2B337;1;1;1;7;muzella;42,474534;9,257398
202300030719;8;9;2023;17:10;1;83;83104;1;3;1;3;Route de Rians;43,63660301;5,79156362
202300030720;25;6;2023;20:15;2;75;75114;2;1;1;4;BOULEVARD PERIPHERIQUE INTERIEUR SUD;48,816714;2,340298
202300030721;1;12;2023;13:00;1;33;33056;2;6;2;3;Avenue du Général de Gaulle;44,9352;-0,633881
202300030722;9;9;2023;07:55;2;71;71176;2;1;1;6;Parc d?Activites les Blattiers;46,487276;4,012005
202300030723;13;12;2023;12:50;1;85;85198;1;1;2;6;RD53;46,97911;-1,0517665
202300030724;25;6;2023;19:40;1;75;75105;2;3;1;5;QUAI SAINT BERNARD;48,84684;2,360946
202300030725;9;9;2023;02:00;3;31;31505;1;1;1;6;Le Marchand;43,176218;1,092786
202300030726;9;9;2023;08:00;2;33;33266;1;1;1;7;8 Moulin Borgne;45,0547608;-0,3268902
202300030727;26;6;2023;19:00;1;75;75119;2;1;1;3;AVENUE JEAN JAURES;48,887952;2,389985
202300030728;16;12;2023;16:54;1;22;22273;1;2;1;3;Les Fontaines d'en Bas;48,544516;-2,539768
202300030729;26;6;2023;18:35;1;75;75119;2;1;1;2;BOULEVARD SERURIER;48,889114;2,395929
202300030730;26;6;2023;07:45;1;75;75118;2;1;1;3;RUE D AUBERVILLIERS;48,896687;2,37061
202300030731;14;12;2023;09:55;1;27;27180;2;9;1;6;Route des Andelys;49,183281;1,358957
202300030732;26;6;2023;17:45;1;75;75116;2;1;1;6;VOIE GEORGES POMPIDOU;48,846883;2,274512
202300030733;22;8;2023;21:50;4;59;59438;2;1;1;3;Rue Pasteur;50,138456;3,183837
202300030734;12;12;2023;19:00;3;13;13215;1;1;1;2;A7-Sens Lyon vers Marseille;43,36643455;5,36080529
202300030735;26;6;2023;08:20;1;75;75116;2;2;1;2;AVENUE KLEBER;48,864995;2,288663
202300030736;8;9;2023;14:30;1;13;13215;2;1;1;2;A7-Sens Lyon vers Marseille;43,37709;5,35822
202300030737;26;6;2023;07:22;1;75;75115;2;2;1;3;RUE DE VAUGIRARD;48,836084;2,293977
202300030738;7;9;2023;22:17;3;13;13071;1;1;1;6;A7-Sens Lyon vers Marseille;43,404423;5,316223
202300030739;26;6;2023;19:19;1;75;75114;2;2;1;3;BOULEVARD DE PORT ROYAL;48,839453;2,33757
202300030740;8;9;2023;18:00;1;33;33487;1;1;1;5;AUTOROUTE A 10;44,95380751;-0,45645565
202300030741;26;6;2023;09:38;1;75;75113;2;2;1;3;BOULEVARD VINCENT AURIOL;48,837366;2,373853
202300030742;8;9;2023;09:30;1;33;33039;1;1;1;4;ROCADE A 630;44,8044;-0,53186
202300030743;26;6;2023;19:20;1;75;75112;2;1;1;3;BOULEVARD PONIATOWSKI;48,830458;2,394143
202300030744;15;12;2023;20:50;3;33;33487;1;1;1;4;AUTOROUTE A 10;44,94456648;-0,46581388
202300030745;26;6;2023;17:30;1;75;75112;2;1;1;3;QUAI DE BERCY;48,8327222;2,383234
202300030746;7;9;2023;14:40;1;59;59386;1;1;1;4;ROUTE DEPARTEMENTALE 652;50,68222248;3,06420386
202300030747;26;6;2023;08:10;1;75;75110;2;2;1;3;RUE DU CHATEAU LANDON;48,880616;2,361996
202300030748;26;6;2023;19:10;1;75;75108;2;3;1;7;AVENUE DES CHAMPS ELYSEES;48,871839;2,301138
202300030749;15;12;2023;17:50;3;33;33162;1;1;1;4;ROCADE A 630;44,87369;-0,63801
202300030750;25;5;2023;23:50;5;75;75107;2;2;1;1;QUAI VOLTAIRE;48,85941161;2,32969165
202300030751;7;9;2023;16:45;1;59;59507;1;1;1;5;AUTOROUTE A1;50,60786;3,09538
202300030752;25;6;2023;12:40;1;75;75101;2;3;1;6;RUE DE RIVOLI;48,864461;2,330144
202300030753;8;9;2023;08:35;1;91;91692;1;1;1;2;RN 118;48,68739;2,19032
202300030754;26;6;2023;18:15;1;94;94021;2;1;1;6;Avenue de Stalingrad;48,77231;2,36769
202300030755;26;6;2023;09:20;1;94;94081;2;1;1;6;FRANCE (R DE);48,77349205;2,37153947
202300030756;8;9;2023;08:58;1;77;77251;1;1;1;4;RN 104;48,64458099;2,54279873
202300030757;15;12;2023;16:45;1;33;33063;1;1;1;4;ROCADE A 630;44,88327501;-0,55497855
202300030758;26;6;2023;17:30;1;94;94074;2;1;1;3;52 Avenue Henri Barbusse;48,764467;2,441863
202300030759;8;9;2023;17:50;1;92;92048;1;1;1;3;N118;48,80011533;2,21576871
202300030760;26;6;2023;08:25;1;94;94078;2;1;1;6;Rue des Tilleuls;48,73585;2,46504
202300030761;15;12;2023;01:15;5;33;33090;1;1;1;2;AUTOROUTE A 63;44,7772784;-0,64620316
202300030762;8;9;2023;11:50;1;92;92048;1;1;1;2;N118;48,80359917;2,21419888
202300030763;26;6;2023;01:46;5;94;94078;2;5;1;1;Avenue du 8 Mai 1945;48,72763198;2,44548342
202300030764;7;9;2023;23:33;3;78;78140;1;1;1;2;A13;48,9646;1,92512
202300030765;26;6;2023;19:00;1;94;94058;2;1;1;3;270 Avenue du Général de Gaulle;48,851254;2,494914
202300030766;8;9;2023;08:20;1;93;93066;1;1;1;3;AUTOROUTE A1;48,93311271;2,3757853
202300030767;26;6;2023;13:35;1;94;94011;2;3;1;3;Route de Stains;48,77581;2,48991
202300030768;26;6;2023;21:45;2;93;93073;1;1;1;7;D40;48,97734767;2,51842161
202300030769;8;9;2023;08:50;1;93;93007;1;1;1;5;AUTOROUTE A3;48,92936;2,48122
202300030770;15;12;2023;15:40;1;91;91161;1;1;1;5;AUTOROUTE A6;48,719;2,31
202300030771;26;6;2023;01:25;5;93;93070;2;2;1;3;Boulevard Jean Jaurès / Rue Albert Dhalenne;48,91284149;2,33478993
202300030772;8;9;2023;07:15;1;93;93039;1;1;1;2;AUTOROUTE A86;48,92738;2,33399