Num_Acc;jour;mois;an;hrmn;lum;dep;com;agg;int;atm;col;adr;lat;long
202300030773;25;6;2023;21:00;1;93;93053;2;3;1;2;Rue du Parc / Rue Mozart;48,89456;2,44372
202300030774;8;9;2023;12:30;1;77;77294;1;1;1;2;RN104;48,95792573;2,62435454
202300030775;25;6;2023;17:25;1;93;93053;2;6;1;2;Avenue Galliéni / Avenue d'Alsace Lorraine;48,89764;2,4625
202300030776;15;12;2023;06:25;3;78;78571;1;1;1;5;A13;48,87072;2,02843
202300030777;8;9;2023;10:25;1;77;77373;1;1;1;4;RN104;48,77837532;2,61481323
202300030778;26;6;2023;19:00;1;93;93046;2;5;1;3;Avenue Quesnay / Avenue Marcel Sembat;48,91341;2,51133
202300030779;8;9;2023;08:50;1;93;93051;1;1;1;2;A4;48,8361336;2,55730702
202300030780;15;12;2023;10:30;1;78;78073;1;1;1;2;A12 W;48,801896;2,04677
202300030781;25;6;2023;19:50;1;93;93032;2;2;1;2;Avenue du President Pompidou / Chemin des 22 Arpents;48,88171;2,53981
202300030782;26;6;2023;09:00;1;92;92022;2;1;1;7;SALENGRO (AVENUE ROGER);48,80779;2,18673
202300030783;6;9;2023;22:43;3;34;34301;1;1;1;1;RD 612;43,331598;3,56282
202300030784;14;12;2023;22:20;3;78;78431;1;1;2;2;A13;48,941729;1,952466
202300030785;26;6;2023;09:25;1;92;92050;2;1;1;3;PREMIER MAI RUE DU;48,9144;2,21907
202300030786;14;6;2023;17:46;1;54;54263;2;1;1;6;Rue de la Taye;49,2232;6,00741
202300030787;26;6;2023;17:00;1;92;92048;2;9;1;6;BEL AIR (RUE DU);48,81478;2,2255
202300030788;14;12;2023;19:50;5;92;92064;1;1;1;3;A13;48,83932334;2,21819252
202300030789;26;6;2023;19:35;1;92;92026;2;3;1;3;Général de Gaulle  ( avenue du );48,90460578;2,25584909
202300030790;7;9;2023;12:45;1;974;97411;2;9;1;1;NEUF (CHEMIN);-20,88734;55,4171
202300030791;14;12;2023;08:30;1;78;78423;1;1;1;2;RN12;48,796784;2,024291
202300030792;5;9;2023;15:40;1;974;97411;2;1;1;2;MACE (BOULEVARD GABRIEL);-20,87296;55,452
202300030793;4;9;2023;17:00;1;974;97409;1;1;1;2;RN2 SENS ST BENOIT ST DENIS;-20,96014;55,65762
202300030794;26;6;2023;06:43;1;92;92023;2;1;1;4;GENERAL DE GAULLE (AVENUE DU);48,7826;2,24483
202300030795;24;6;2023;18:25;1;92;92032;2;1;1;6;FOCH MARECHAL (AVENUE DU);48,78831212;2,30124414
202300030796;7;9;2023;01:20;5;973;97302;2;2;1;3;ADJUDANT PINDARD (RUE);4,93587;-52,33456
202300030797;14;12;2023;23:15;3;95;95212;1;1;2;6;N104;49,02829223;2,52583086
202300030798;9;6;2023;19:50;1;92;92004;2;1;1;1;MAGENTA;48,91287;2,27567
202300030799;7;9;2023;20:00;2;69;69386;2;3;1;3;Rue Bossuet;45,76783;4,85087
202300030800;10;6;2023;00:37;5;92;92004;2;3;1;3;DIX HUIT JUIN 40 ( RUE DU );48,93073;2,27541
202300030801;14;12;2023;20:00;3;93;93078;1;1;1;2;AUTOROUTE A104;48,96659;2,51374
202300030802;26;6;2023;14:40;1;65;65175;1;1;8;7;route du port de balès;42,918218;0,513053
202300030803;7;9;2023;16:10;1;69;69388;2;1;1;2;Boulevard des Etats-Unis;45,73017;4,86687
202300030804;24;6;2023;05:05;3;17;17193;1;1;1;7;route de salles;46,113416;-1,07047
202300030805;7;9;2023;15:00;1;69;69383;2;3;1;6;Rue d'Arménie;45,75432;4,84883
202300030806;26;6;2023;13:40;1;972;97229;2;1;1;6;N2;14,6237;-61,10857
202300030807;15;12;2023;09:15;1;94;94046;1;1;1;2;A86;48,80750055;2,44873851
202300030808;25;6;2023;17:45;1;63;63100;1;1;1;7;RD227;46,01951354;2,89220451
202300030809;7;9;2023;08:35;1;69;69383;2;1;1;3;Cours Gambetta;45,75215;4,85269
202300030810;26;6;2023;14:20;1;52;52258;1;1;1;2;A5 PK 190.094 (sens Langres vers Troyes);48,089131;4,84025
202300030811;14;12;2023;21:30;3;94;94018;1;1;1;2;A4;48,8239729;2,39430684
202300030812;7;9;2023;11:00;1;972;97213;2;1;1;2;ROUTE NATIONALE 1;14,62462294;-60,98749307
202300030813;10;10;2023;14:40;1;54;54261;2;1;1;6;Avenue Hippolyte d’Huart;49,51634;5,77877
202300030814;27;6;2023;08:20;1;974;97414;2;2;1;3;Rue de la Poudriere;-21,285441;55,406322
202300030815;6;9;2023;12:40;1;972;97213;1;1;1;3;AUTOROUTE A1;14,6164;-61,0162
202300030816;26;6;2023;15:25;1;50;50099;1;6;1;6;aire de cantepie;49,306478;-1,162282
202300030817;13;12;2023;22:47;5;974;97411;2;1;1;6;LECLERC (DU MARECHAL);-20,88193;55,46084
202300030818;7;9;2023;16:40;1;972;97209;2;1;1;6;YVES GOUSSARD (RUE);14,63255;-61,068
202300030819;27;6;2023;08:29;1;8;8330;1;1;1;2;A34;49,550552;4,445579
202300030820;6;9;2023;23:18;3;69;69202;2;1;1;7;Rue du Brulet;45,7459833;4,80297207
202300030821;25;6;2023;16:50;1;27;27179;1;9;1;6;A28;49,140722;0,578586
202300030822;13;12;2023;13:20;1;974;97407;2;1;1;3;VOIE DE LIAISON PORTUAIRE EST/ OUEST;-20,93013;55,30563
202300030823;6;9;2023;11:45;1;69;69384;2;1;1;2;15 Cours d'Herbouville;45,77572;4,83932
202300030824;26;6;2023;16:00;1;83;83018;1;1;1;6;D13;43,353613;6,186483
202300030825;14;12;2023;12:30;1;973;97302;2;1;1;2;EBOUE (ROCADE FELIX);4,92838343;-52,31734657
202300030826;27;6;2023;08:10;1;62;62179;1;4;1;3;D253E2;50,71253659;1,87998372
202300030827;7;9;2023;15:10;1;971;97101;2;2;1;3;Boulevard du 10 Mai 1981;16,27674;-61,50814
202300030828;14;12;2023;06:43;1;973;97302;2;1;1;2;CABASSOU (ROUTE DE);4,91982206;-52,31929779
202300030829;27;6;2023;13:42;1;51;51049;1;1;1;1;Avenue des Comtes de Champagne;48,873247;3,988681
202300030830;7;9;2023;07:15;1;971;97101;1;1;1;2;BAIMBRIDGE;16,24772084;-61,52674198
202300030831;26;6;2023;19:06;1;77;77319;1;1;1;7;D231;48,586164;3,234497
202300030832;18;3;2023;04:52;3;971;97101;2;1;1;6;BAIMBRIDGE;16,24281;-61,52259
202300030833;15;12;2023;19:00;5;69;69383;2;2;2;1;Quai Victor Augagneur;45,75727;4,84084
202300030834;24;6;2023;09:30;1;76;76070;1;3;1;7;D154;49,714844;1,215207
202300030835;6;9;2023;17:30;5;971;97101;1;9;1;7;ROUTE DE BOISVINS;16,26036;-61,45241
202300030836;26;6;2023;16:00;1;82;82176;1;1;1;6;;43,97818374;1,50732815
202300030837;14;12;2023;13:37;1;69;69388;2;2;2;6;Rue de l'Epargne;45,74169;4,86056
202300030838;4;6;2023;10:00;1;71;71014;2;2;1;6;Avenue Charles de Gaulle;46,95187;4,297129
202300030839;13;12;2023;19:00;3;972;97209;2;1;1;3;RELIGIEUSES (ROUTE DES);14,61271;-61,05978
202300030840;7;9;2023;01:30;5;95;95539;2;2;1;3;D125;48,9916353;2,3616448
202300030841;21;6;2023;13:00;1;63;63430;1;6;2;7;D906;45,860339;3,505282
202300030842;6;9;2023;12:15;1;95;95555;2;1;1;6;ERMONT (RUE D');48,97248007;2,27846682
202300030843;27;6;2023;16:30;1;49;49331;1;1;1;7;Lieu dit la Dionnaie;47,688807;-0,981313
202300030844;7;9;2023;16:20;1;91;91666;2;1;1;2;OCEANIE (AVENUE DE L');48,68571;2,20916
202300030845;14;12;2023;08:40;1;971;97101;1;9;2;2;DES MILLE FLEURS - PETIT PEROU (RUE);16,25479362;-61,51327729
202300030846;15;6;2023;09:30;1;12;12208;2;1;1;3;Avenue de Millau;43,94638;2,903733
202300030847;7;9;2023;08:10;1;91;91286;2;1;1;6;CORBEIL (ROUTE DE);48,65369;2,39132
202300030848;26;6;2023;21:30;2;34;34239;1;1;1;6;D4;43,640753;3,494993
202300030849;24;6;2023;14:00;1;68;68068;2;1;1;3;Rue André Malraux;47,628064;7,116874
202300030850;7;9;2023;09:00;1;91;91432;2;1;1;3;AV DU GENERAL WARABIOT;48,7063;2,33282
202300030851;27;6;2023;15:00;1;22;22387;1;1;1;7;3 Milin Goazilec;48,612069;-3,458371
202300030852;25;6;2023;22:50;3;35;35227;1;1;1;6;La Ville Michel;48,190724;-1,863572
202300030853;13;12;2023;18:55;3;971;97113;1;1;1;5;PETIT HAVRE (SECTEUR);16,21567732;-61,42297268
202300030854;7;9;2023;10:30;1;83;83144;2;9;1;3;Rond point de l'Université;43,13858;6,01671
202300030855;26;6;2023;17:00;1;29;29235;2;3;1;3;route de Keroumen;48,41181757;-4,39438641
202300030856;13;12;2023;13:10;1;971;97101;2;1;1;6;BOULEVARD DES HEROS;16,24321955;-61,52027249
202300030857;26;6;2023;17:00;1;15;15238;2;1;1;7;Parking de tournemire;45,051794;2,486043
202300030858;7;9;2023;11:58;1;83;83069;2;1;1;3;AVENUE RITONDALE LEOPOLD;43,11365;6,12972
202300030859;26;6;2023;22:00;3;26;26167;1;1;1;6;route de die;44,618074;5,446286
202300030860;7;9;2023;19:08;1;78;78358;2;1;1;6;AVENUE DE POISSY;48,943381;2,128701
202300030861;25;6;2023;12:00;1;26;26205;1;1;1;7;rd93;44,676283;5,394545
202300030862;23;6;2023;19:15;2;72;72191;2;1;1;7;Rue Raymond Justice;47,756524;0,273821
202300030863;14;12;2023;20:05;5;2A;2A004;2;1;1;2;NAPOLEON COURS AVANT BEVERINI;41,926367;8,738346
202300030864;25;6;2023;12:40;1;6;6072;1;1;1;6;M2205;44,017829;7,1315
202300030865;18;8;2023;18:47;1;77;77494;1;1;1;2;D 210;48,41866;2,87181
202300030866;26;6;2023;18:43;1;14;14123;1;1;1;2;Route de Creully;49,24308473;-0,4571191
202300030867;13;12;2023;18:50;5;95;95197;2;1;2;6;JEAN BOUIN (RUE);48,96906076;2,32170671
202300030868;7;9;2023;17:30;1;77;77372;2;1;7;1;PARIS  (RUE DE  );48,879758;2,675307
202300030869;27;6;2023;17:03;1;50;50029;1;3;1;3;Rue du Mont Saint Michel;48,59937;-0,836801
202300030870;7;9;2023;08:10;1;77;77438;2;1;1;3;SAINT GERMAIN DES NOYERS  (AVENUE);48,86128;2,67319
202300030871;26;6;2023;11:25;1;83;83121;2;3;1;3;Route d'Entrecasteaux;43,55673631;6,23799746
202300030872;14;12;2023;20:35;5;91;91657;2;3;1;3;AV HENRI BARBUSSE;48,705431;2,438832
202300030873;24;6;2023;16:00;1;64;64058;2;4;1;3;52 Route du Soulor;43,085502;-0,253158
202300030874;7;9;2023;15:10;1;76;76476;2;3;1;1;BOIS DU PARC;49,50226;0,5769
202300030875;14;12;2023;17:35;5;91;91691;2;1;1;7;RESISTANCE(AVENUE);48,69051;2,48123
202300030876;27;6;2023;16:40;1;24;24190;1;1;1;3;Route du Tacot;44,986884;0,665333
202300030877;8;9;2023;00:10;5;74;74133;2;3;1;1;GENEVE (RUE DE);46,19201;6,20808
202300030878;14;12;2023;07:55;2;91;91201;2;2;8;6;AV DE LA PREVOYANCE;48,693632;2,413461
202300030879;25;6;2023;08:10;1;27;27157;1;3;1;2;Intersection D840 - D655;48,876218;0,928001
202300030880;26;8;2023;19:04;1;74;74010;2;1;1;3;Rue de la Pérollière;45,89841;6,09023
202300030881;23;6;2023;13:25;1;37;37159;2;1;1;1;14 Rue des Ormeaux;47,296042;0,658
202300030882;7;9;2023;19:20;1;73;73222;2;1;1;6;N/A;45,57316278;5,95200108
202300030883;13;12;2023;16:00;1;91;91421;2;1;2;3;CORBEIL (ROUTE DE);48,71809;2,44317
202300030884;25;6;2023;16:30;1;37;37038;1;1;1;1;les brunets;47,307701;0,387395
202300030885;26;6;2023;18:45;1;52;52178;1;9;1;6;Rue des Bouverots;48,383105;4,925523
202300030886;13;12;2023;19:00;5;89;89387;2;9;2;3;PIERRE DE COUBERTIN (AVENUE);48,19666;3,30307
202300030887;3;9;2023;07:25;1;71;71270;2;2;1;5;RAMBUTEAU (RUE);46,30752;4,82036
202300030888;26;6;2023;17:50;1;19;19146;1;1;1;2;A89 PK 215.200;45,32484759;1,75141922
202300030889;27;6;2023;05:00;4;988;98805;1;1;1;6;VE2;-22,2166;166,4678
202300030890;5;9;2023;15:25;1;71;71270;2;1;1;1;GAULLE (AVENUE DU GENERAL DE);46,31444;4,83611
202300030891;13;12;2023;12:18;1;87;87085;1;1;1;7;PUY MOULINIER - LIEU DIT;45,85999;1,27091
202300030892;27;6;2023;13:35;1;13;13037;1;1;1;2;Rn 113;43,543976;5,18604
202300030893;7;9;2023;23:59;5;69;69256;2;2;1;7;Avenue Henri Barbusse;45,78520252;4,91712051
202300030894;27;6;2023;11:30;1;69;69244;2;1;1;7;Boulevard du Valvert;45,7675196;4,78257673
202300030895;14;12;2023;21:50;5;85;85194;2;6;1;3;RD 949;46,50539;-1,78996
202300030896;7;9;2023;12:20;1;69;69266;2;1;7;6;Place Charles Hernu;45,77032;4,86293
202300030897;24;6;2023;18:15;1;33;33090;2;1;1;3;45 avenue de la liberation;44,74644876;-0,64381599
202300030898;6;9;2023;19:19;1;69;69271;2;1;1;6;Avenue Louis Blériot;45,72884;4,95821
202300030899;14;12;2023;08:15;2;85;85191;2;1;8;6;144 Boulevard édouard branly;46,679909;-1,4407002
202300030900;25;6;2023;02:04;3;6;6004;1;1;1;3;Autoroute A8 PK 173.000 Sud;43,60695;7,094314
202300030901;7;9;2023;08:25;1;67;67482;2;1;1;3;RIETH (RUE DU);48,60183;7,72259
202300030902;27;6;2023;14:46;1;44;44069;1;1;1;6;Route de Herbignac;47,349415;-2,424713
202300030903;26;6;2023;13:10;1;73;73304;2;1;1;6;Chemin du Charvet;45,44712079;6,98056142
202300030904;14;12;2023;20:30;5;84;84080;2;4;8;3;SAINT GENS CHEMIN DE;44,03589;5,00693
202300030905;6;9;2023;15:20;1;67;67482;2;3;1;6;VIEUX MARCHE AUX POISSONS (RUE DU);48,57940848;7,75087059
202300030906;26;6;2023;12:10;1;988;98803;1;4;1;3;RT1/RT3;-21,52309;165,47243
202300030907;7;9;2023;15:10;1;64;64445;2;9;1;3;LAURIERS DES;43,301565;-0,343627
202300030908;7;9;2023;12:20;1;64;64445;1;9;1;3;BUROS DE;43,32538;-0,34312
202300030909;27;6;2023;16:50;1;2B;2B007;1;1;1;7;RD84, PR40;42,302167;8,943337
202300030910;7;9;2023;15:40;1;63;63113;2;1;1;3;LAFAYETTE (BD);45,77047;3,10149
202300030911;27;6;2023;17:30;1;30;30010;1;1;1;5;Route de Nimes;44,0406142;3,98616717
202300030912;13;12;2023;11:50;1;83;83137;2;2;1;3;DARDANELLES (AVE DES);43,12843015;5,92451109
202300030913;1;9;2023;08:00;1;62;62510;2;9;2;6;D58E4;50,42124661;2,77849764
202300030914;21;6;2023;15:15;1;30;30258;2;1;1;7;Rue de l'Eolienne;43,687841;4,441046
202300030915;25;6;2023;19:15;1;11;11284;2;2;1;6;;43,361686;1,96342
202300030916;7;9;2023;10:50;1;61;61001;2;2;1;3;D438;48,42464;0,09118
202300030917;14;12;2023;17:15;2;81;81033;2;3;1;1;LEGER ( RUE FERNAND);44,0460762;2,1497517
202300030918;27;6;2023;17:35;1;34;34199;1;1;1;6;371 Route de Montpellier;43,469023;3,431077
202300030919;7;9;2023;08:50;1;61;61001;2;1;7;6;D112;48,43879;0,08379
202300030920;12;12;2023;08:27;2;80;80001;2;9;2;6;N/A;50,10322;1,858316
202300030921;26;6;2023;19:15;1;34;34176;1;3;1;2;carrefour D24 / D 172;43,636937;4,059051
202300030922;7;9;2023;17:20;1;59;59599;2;1;1;6;CANAL (RUE DU);50,70469379;3,15877187
202300030923;27;6;2023;07:40;1;13;13053;1;6;1;3;D7n;43,71806;5,178388
202300030924;13;12;2023;17:58;5;78;78146;2;3;2;6;PORT (RUE DU);48,890304;2,159878
202300030925;26;6;2023;18:15;1;89;89380;1;1;1;6;Savigny-sur-Clairis;48,059296;3,092058
202300030926;7;9;2023;17:30;1;59;59378;2;1;1;3;REPUBLIQUE AV DE LA (N°834-920);50,65937;3,09306
202300030927;20;6;2023;20:20;1;55;55184;2;4;1;6;1 Rue de la Chapelle Saint Jean;48,747131;5,627999
202300030928;7;9;2023;07:48;1;57;57672;2;1;1;6;CHARDON (RUE DU);49,36035487;6,1469686
202300030929;14;12;2023;18:30;5;77;77390;2;1;1;6;AV MAURICE DE VLAMINCK;48,79425;2,64934
202300030930;14;12;2023;07:30;2;77;77307;2;1;2;2;AV THIBAUD DE CHAMPAGNE;48,87796;2,74433
202300030931;25;6;2023;13:15;1;73;73285;1;1;1;3;D1090 - route du col du petit St Bernard;45,629592;6,822507
202300030932;6;9;2023;07:55;1;57;57666;2;3;1;2;VERDUN (ROUTE DE);49,34568087;6,14987612
202300030933;6;9;2023;18:34;1;57;57283;2;1;1;7;CD 47 bis;49,25267;6,14865
202300030934;26;6;2023;17:25;1;73;73006;1;1;1;1;N90;45,54289358;6,61455515
202300030935;14;12;2023;12:45;1;77;77320;2;3;1;2;D 934 (SORTIE COULOMMIERS);48,81459276;3,07004621
202300030936;27;6;2023;16:00;1;69;69024;1;1;1;1;l'Azergues;45,938989;4,54422
202300030937;7;9;2023;08:25;1;54;54079;2;1;1;3;Rue des Puits;48,8813;6,04843
202300030938;27;6;2023;17:45;1;65;65145;1;1;8;3;D921;42,91744996;-0,03980783
202300030939;6;9;2023;15:55;1;54;54395;2;2;1;3;Rue Oberlin;48,703359;6,181878
202300030940;4;5;2023;17:33;1;40;40182;2;1;1;6;Avenue de la Gare;44,071521;-1,153739
202300030941;6;9;2023;09:20;1;54;54395;2;4;1;6;Rue Molitor;48,68561;6,19447
202300030942;27;6;2023;09:00;1;85;85070;2;1;1;6;25bis Rue de l'europe;46,6974;-1,752393
202300030943;8;12;2023;17:25;5;77;77131;2;3;1;6;LORINETTES (AVENUE DES );48,82002896;3,08999991
202300030944;23;6;2023;17:45;1;85;85176;1;1;1;2;79 Route de fontenay;46,480983;-0,808898
202300030945;7;9;2023;08:50;1;54;54382;1;1;1;4;52 (ROUTE NATIONALE);49,542329;5,760657
202300030946;7;9;2023;09:00;1;53;53130;2;1;7;6;SAINTE ANNE ( RUE );48,0678;-0,7682
202300030947;14;12;2023;19:20;5;76;76540;2;2;2;6;Boulevard des Belges;49,44426;1,08555
202300030948;6;9;2023;23:35;5;53;53130;2;2;1;3;MAZAGRAN ( RUE );48,069567;-0,768674
202300030949;7;9;2023;03:21;3;51;51242;2;1;1;2;EPERNAY (ROUTE D');48,95884;4,32184
202300030950;13;12;2023;19:15;3;76;76391;1;1;2;1;Route forestière de la Louveterie;49,32033;0,902608
202300030951;7;9;2023;10:48;1;50;50218;2;6;1;3;VENDEENS (AV DES);48,8297;-1,56714
202300030952;6;9;2023;17:45;1;50;50129;2;1;1;7;CAPITAINE ROLAND PICQUOT (RUE);49,63497;-1,55805
202300030953;14;12;2023;07:57;2;76;76351;2;1;1;3;VERDUN (RUE DE);49,50251;0,17529
202300030954;5;9;2023;18:25;1;50;50129;2;4;1;1;VINDITS (RUE DES);49,63367;-1,65509
202300030955;6;9;2023;00:50;5;50;50129;2;6;1;6;ROND POINT DE CAPEL;49,65777;-1,66887
202300030956;7;9;2023;22:49;5;49;49007;2;2;1;3;GAULLE BOULEVARD CHARLES DE;47,47004;-0,56228
202300030957;13;12;2023;17:30;5;76;76447;2;3;2;3;PIERRE MENDES FRANCE;49,5321;0,18027
202300030958;6;9;2023;09:44;1;49;49353;2;1;1;6;REPUBLIQUE AVENUE;47,44697;-0,49963
202300030959;6;9;2023;19:04;1;49;49246;2;1;7;3;CHAUVIN AVENUE;47,43168;-0,53574
202300030960;6;9;2023;13:00;1;49;49007;2;1;7;6;MEIGNANNE;47,47912165;-0,5704093
202300030961;13;12;2023;12:15;1;76;76476;1;2;2;3;BASTIE MARYSE (RUE);49,4796;0,6013
202300030962;7;9;2023;09:27;1;47;47001;2;9;1;3;JAURES (AV. JEAN);44,20054;0,63375
202300030963;7;9;2023;12:20;1;45;45068;2;1;1;2;10 Rue Saint-Just;48,00306;2,7171
202300030964;14;12;2023;11:35;1;72;72181;2;6;1;3;PONT YSSOIR (RUE DU);48,00968;0,195
202300030965;7;9;2023;16:25;1;42;42207;2;1;1;3;Route de Lyon;45,47745;4,52302
202300030966;13;12;2023;17:10;5;72;72181;2;9;2;6;MITTERAND FRANCOIS (AV);48,00407;0,19982
202300030967;7;9;2023;11:40;1;42;42207;2;1;1;6;Boulevard Grande Terre;45,473542;4,534231
202300030968;6;9;2023;13:45;1;42;42110;2;4;1;3;Rue du Repos;45,4823;4,53464
202300030969;13;12;2023;17:50;5;72;72181;2;1;1;6;JAURES JEAN (AV) N° PAIRS 60 ET >;47,98513;0,20931
202300030970;7;9;2023;09:30;1;38;38185;2;8;1;6;PLACE GRENETTE;45,16667;5,71667
202300030971;13;12;2023;07:40;2;71;71040;2;1;2;7;MACON (ROUTE DE);46,68631;4,39054
202300030972;7;9;2023;16:00;1;37;37261;2;2;1;3;MICHELET (RUE);47,38384;0,69326
202300030973;14;12;2023;08:05;1;70;70550;2;3;2;3;CURIE (RUE PIERRE);47,61348;6,157063
202300030974;7;9;2023;11:05;1;37;37122;2;1;1;3;VERDUN (RUE DE);47,3462;0,66552
202300030975;7;9;2023;08:35;1;37;37261;2;1;1;3;PINGUET GUINDON (RUE);47,4139;0,6843
202300030976;14;12;2023;14:40;1;69;69256;2;1;2;3;Route de Genas;45,74771905;4,92224286
202300030977;6;9;2023;08:40;1;37;37214;2;1;1;3;VOISIN (BOULEVARD ANDRE-GEORGES);47,42832;0,66072
202300030978;13;12;2023;23:54;3;69;69013;1;1;8;6;318 Avenue de Joux;46,00224146;4,73238219
202300030979;7;9;2023;16:45;1;35;35238;2;2;1;6;REDON (DE);48,10517328;-1,69224054
202300030980;7;9;2023;14:30;1;35;35238;2;6;1;6;MONTS D'ARREE (AVENUE DES);48,13653;-1,66698
202300030981;14;12;2023;21:00;5;69;69290;2;6;1;6;Rue du Lyonnais;45,70108;4,9001
202300030982;6;9;2023;14:15;1;34;34301;2;9;1;6;BLANC CAMILLE (BOULEVARD);43,40813;3,67019
202300030983;14;12;2023;12:30;1;69;69290;2;1;2;6;Route de Grenoble;45,71489;4,96432
202300030984;7;9;2023;12:10;1;34;34172;2;1;1;3;TOULOUSE (AVENUE DE;43,58703;3,85323
202300030985;14;12;2023;07:00;1;69;69290;2;9;2;1;Avenue Pierre Cot;45,70767;4,89874
202300030986;8;9;2023;02:00;5;33;33063;2;1;1;1;Rue des Frères Portmann;44,86044967;-0,57786852
202300030987;14;12;2023;17:45;3;64;64483;1;1;2;2;LAHANCHIPIA (AVENUE);43,40114;-1,62744
202300030988;7;9;2023;18:40;1;33;33318;2;3;1;3;Avenue Pasteur;44,80224669;-0,65202087
202300030989;14;12;2023;08:25;2;64;64483;2;1;3;6;THIERS ADOLPHE (BOULEVARD);43,3906;-1,6591
202300030990;14;12;2023;11:50;1;64;64445;2;1;1;2;ALFRED NOBEL;43,31005;-0,32596
202300030991;6;9;2023;18:10;1;30;30007;2;2;1;3;Route de Bagnols;44,1306;4,11323
202300030992;12;12;2023;16:15;1;64;64122;2;1;2;3;REINE VICTORIA (AVENUE DE LA);43,48512091;-1,54830113
202300030993;7;9;2023;21:26;5;17;17306;2;1;1;7;Cours de l'Europe;45,624964;-1,020021
202300030994;7;9;2023;12:10;1;14;14715;1;1;1;1;Route d'Aguesseau;49,36466;0,1029
202300030995;6;9;2023;18:36;1;14;14366;2;1;1;3;103 Boulevard Herbet Fournet;49,15613;0,22765
202300030996;3;9;2023;16:45;1;14;14117;2;1;1;3;3 Avenue Guillaume le Conquérant;49,28615;-0,121572
202300030997;7;9;2023;23:28;5;13;13201;2;3;1;3;TAPIS VERT (RUE);43,29858243;5,37894519
202300030998;6;9;2023;17:45;1;11;11262;2;1;1;3;N/A;43,1807;3,0048
202300030999;7;9;2023;14:35;1;11;11069;2;1;1;6;26bis Boulevard Jean Jaures;43,21442;2,35496
202300031000;7;9;2023;09:50;1;11;11069;1;9;1;6;ROCADE NORD - RD 6113;43,2335;2,3673
202300031001;28;9;2023;17:25;1;85;85109;2;1;1;6;Avenue des Chauvières;46,85716;-1,0158061
202300031002;9;10;2023;19:30;3;85;85064;1;1;1;6;RD37;46,8398;-1,241503
202300031003;9;10;2023;17:20;1;79;79334;1;2;1;3;N/A;46,148458;-0,532966
202300031004;10;10;2023;09:50;1;69;69063;2;1;1;3;Quai de la Jonchère;45,8104009;4,84204679
202300031005;10;10;2023;08:13;1;11;11357;1;1;1;7;RD4;43,301555;2,140585
202300031006;9;10;2023;18:15;1;71;71263;2;1;1;6;22 Montee de Saint Claude;46,623306;5,215314
202300031007;10;10;2023;16:00;1;63;63372;1;3;1;2;D224;45,904579;3,298844
202300031008;9;10;2023;12:10;1;61;61092;1;1;1;6;D664;48,765001;0,747284
202300031009;10;10;2023;07:00;2;42;42027;1;1;1;3;départementale 8;45,939366;3,98112
202300031010;9;10;2023;17:50;1;47;47004;1;1;1;3;Route de Clairac;44,321066;0,351326
202300031011;7;10;2023;11:00;1;86;86125;1;3;1;2;D14;46,759189;0,671421
202300031012;9;10;2023;20:00;3;44;44196;1;1;1;6;6 Le Chesneau;47,552453;-2,063594
202300031013;9;10;2023;16:50;1;44;44163;1;1;1;2;Route d'Ancenis;47,389151;-1,088714
202300031014;8;10;2023;12:00;1;29;29075;2;6;1;3;allée du Pontrouff;48,428346;-4,412427
202300031015;10;10;2023;07:30;2;14;14563;1;1;1;6;Route de Genneville;49,33380148;0,26587173
202300031016;10;10;2023;09:15;1;7;7155;1;3;1;3;262 Route d?Ailhon;44,61722811;4,33804125
202300031017;8;10;2023;16:00;1;21;21644;1;4;1;7;D25a;47,349327;5,310617
202300031018;9;10;2023;12:45;1;40;40194;1;1;1;1;Route de Poyartin;43,701218;-0,855705
202300031019;9;10;2023;15:35;1;27;27466;1;2;1;3;D31;49,077169;0,846151
202300031020;10;10;2023;07:00;1;973;97309;2;6;1;3;Giratoire Adelaide Tablon;4,886966;-52,285078
202300031021;10;10;2023;07:20;5;51;51432;2;7;1;6;Place du 13 mars 1962;48,689123;3,869639
202300031022;8;10;2023;15:00;1;987;98722;2;1;1;1;PK 29100 district de Tiarei;-17,592;-149,391
202300031023;10;10;2023;18:45;3;988;98817;1;1;1;1;Route EXPRESS DU MONT-DORE;-22,229838;166,515955
202300031024;9;10;2023;16:20;1;974;97408;2;3;1;3;Rue Mahatma Gandhi;-20,940769;55,330152
202300031025;7;10;2023;04:15;3;971;97117;1;1;1;6;nationale 5;16,306105;-61,305272
202300031026;8;10;2023;19:10;2;45;45153;1;1;1;6;D60 PR 9 + 898;47,830739;2,285234
202300031027;9;10;2023;18:45;1;45;45142;2;1;1;6;72 Rue de l'Enfer;47,92407;2,135292
202300031028;9;10;2023;18:20;1;77;77511;2;3;1;5;Rue de Paris;49,032858;2,634841
202300031029;10;10;2023;10:40;1;95;95676;1;1;1;7;C1;49,092305;1,742191
202300031030;8;10;2023;07:30;2;91;91047;2;1;1;7;62 Route de Corbeil;48,489918;2,355655
202300031031;10;10;2023;07:40;1;2B;2B042;1;1;1;2;RT11;42,588793;9,439407
202300031032;9;10;2023;18:49;2;34;34329;1;6;1;7;D64;43,294458;3,219402
202300031033;8;10;2023;10:00;1;13;13022;2;1;1;2;1 Chemin du Boudard;43,222597;5,557942