Num_Acc;jour;mois;an;hrmn;lum;dep;com;agg;int;atm;col;adr;lat;long
202300031034;10;10;2023;07:30;2;26;26313;2;6;1;3;104 Avenue de Provence;44,968259;4,951057
202300031035;9;10;2023;08:00;1;7;7348;2;1;1;1;La rotisserie CD 579;44,540446;4,412684
202300031036;7;10;2023;01:45;3;86;86062;2;1;1;6;43 Route de Paris;46,640281;0,359317
202300031037;9;10;2023;08:46;1;33;33240;2;1;1;3;Avenue du Docteur Henry Benaben;45,296347;-0,929037
202300031038;10;10;2023;12:20;1;60;60341;1;1;1;6;N2;49,0872392;2,73255032
202300031039;9;10;2023;13:10;1;13;13056;1;1;1;2;A55-Sens Marseille vers Martigues;43,40096968;5,04368615
202300031040;9;10;2023;07:25;2;13;13088;1;1;1;2;A55-Sens Marseille vers Martigues;43,39143018;5,25225518
202300031041;8;10;2023;14:10;1;57;57672;1;1;1;5;Autoroute A31;49,35152232;6,10797221
202300031042;9;10;2023;19:04;1;33;33063;1;1;1;3;ROCADE A 630;44,88376533;-0,55745155
202300031043;8;10;2023;19:00;1;33;33013;1;1;1;4;ROUTE NATIONALE 89;44,8687;-0,49812
202300031044;9;10;2023;17:35;1;75;75113;1;1;1;7;A6B;48,816409;2,358981
202300031045;9;10;2023;11:40;1;94;94021;1;1;1;5;AUTOROUTE A6B;48,76252432;2,34134966
202300031046;8;10;2023;22:50;3;77;77251;1;1;1;2;AUTOROUTE A5A;48,61968;2,55091
202300031047;9;10;2023;17:31;1;92;92036;1;1;1;3;A86;48,9364031;2,28946318
202300031048;8;10;2023;19:45;3;78;78362;1;1;1;3;A13;48,975688;1,72416
202300031049;8;10;2023;16:35;1;92;92048;1;1;1;4;N118;48,79727463;2,21701222
202300031050;8;10;2023;02:40;4;78;78297;1;1;1;6;RN12;48,788939;2,060818
202300031051;7;10;2023;15:40;1;92;92062;1;1;1;2;RN1014 W;48,88804303;2,2497499
202300031052;9;10;2023;20:00;3;95;95018;1;1;1;2;A15;48,96033;2,27117
202300031053;9;10;2023;18:30;1;95;95582;1;1;1;2;A15;48,97102;2,2492
202300031054;9;10;2023;17:00;1;93;93053;1;1;1;3;AUTOROUTE A3;48,89292727;2,47244859
202300031055;9;10;2023;09:00;1;93;93005;1;1;1;3;AUTOROUTE A1;48,95935418;2,46587877
202300031056;9;10;2023;09:45;1;92;92036;1;1;1;3;AUTOROUTE A15;48,94917898;2,28036318
202300031057;9;10;2023;07:20;2;95;95582;2;1;1;4;A15;48,97507308;2,24260437
202300031058;9;10;2023;09:40;1;77;77517;1;1;1;6;A104;48,90439426;2,64468623
202300031059;8;10;2023;21:05;5;974;97416;2;2;1;7;GANDHI (RUE DU MAHATMA);-21,33959;55,46505
202300031060;8;10;2023;12:25;1;974;97416;1;3;1;1;BASSIN PLAT(CHEMIN);-21,3288;55,49515
202300031061;8;10;2023;06:55;1;974;97407;1;1;1;2;ROUTE NATIONALE N° 1;-20,95367;55,31477
202300031062;9;10;2023;01:35;5;69;69388;2;2;1;3;Avenue des Frères Lumière;45,74406;4,87048
202300031063;8;10;2023;18:30;5;69;69387;2;1;1;6;Grande Rue de la Guillotière;45,75022;4,85057
202300031064;8;10;2023;17:55;1;69;69386;2;4;1;3;Avenue de Grande-Bretagne;45,77336;4,84138
202300031065;8;10;2023;10:00;1;972;97209;1;9;1;2;BALATA (ROUTE DE);14,61779;-61,07152
202300031066;7;10;2023;19:30;5;95;95637;2;3;1;6;JACQUES BREL (AVENUE);49,02766672;2,02178478
202300031067;8;10;2023;18:00;1;91;91027;2;1;1;2;AV FRANCOIS MITTERRAND;48,701387;2,371791
202300031068;7;10;2023;13:35;1;86;86158;1;1;1;3;Rue de Salvert;46,623114;0,319479
202300031069;6;10;2023;17:10;1;86;86066;2;1;1;1;Avenue du Maréchal Leclerc;46,819372;0,566136
202300031070;7;10;2023;18:05;1;84;84035;2;1;1;1;DURAND (AVENUE ALBIN);43,8365;5,04935
202300031071;6;10;2023;10:10;1;84;84035;2;1;7;3;ROCH PAPE (ALLEE);43,8294;5,03627
202300031072;8;10;2023;20:18;5;83;83137;2;3;1;6;STRASBOURG (BD DE );43,12481895;5,93295559
202300031073;8;10;2023;08:30;1;81;81004;2;1;1;1;LUDE (BD ET ALLEE DU);43,9154479;2,1541068
202300031074;8;10;2023;16:45;1;78;78172;2;3;1;3;BECHET (RUE SIDNEY);49,00241;2,1116
202300031075;8;10;2023;14:21;1;76;76575;2;2;6;3;Rue Lazare Carnot;49,37964;1,10768
202300031076;8;10;2023;07:40;2;76;76178;1;1;1;3;Rue de Tourville;49,31104;1,04995
202300031077;8;10;2023;09:15;1;76;76707;1;1;1;1;RD 915;49,8623;1,11101
202300031078;8;10;2023;19:46;3;63;63164;2;3;1;3;M2 route de Cébazat / rue de la plaine;45,82286178;3,13758373
202300031079;7;10;2023;16:30;1;62;62274;2;1;1;6;Rue Roger Salengro;50,42873675;2,99215221
202300031080;8;10;2023;15:15;1;60;60159;2;1;1;2;Avenue du 1er Septembre;49,40458;2,84262
202300031081;1;10;2023;17:45;1;57;57631;2;1;1;3;NANCY(ROUTE)D662;49,10152;7,06773
202300031082;8;10;2023;18:22;1;49;49353;2;1;1;6;CAMUS;47,45485;-0,50672
202300031083;8;10;2023;18:15;1;47;47323;2;1;1;7;BARBUSSE (RUE HENRI);44,39702;0,72638
202300031084;8;10;2023;15:10;1;45;45234;2;1;1;6;96bis Rue du Faubourg Saint-Jean;47,90671;1,88904
202300031085;7;10;2023;05:35;5;43;43157;2;1;1;6;38 Boulevard Alexandre Clair;45,03861;3,88188
202300031086;7;10;2023;20:25;5;43;43157;2;1;1;2;39 Boulevard Saint Louis;45,04317;3,88037
202300031087;8;10;2023;00:30;3;42;42316;1;6;1;6;Rue Charles de Gaulle;45,40786;4,2544
202300031088;8;10;2023;21:30;5;38;38053;2;3;1;3;Avenue d’Italie;45,5845;5,28547
202300031089;7;10;2023;17:25;1;37;37261;2;6;1;3;AUBERDIERE (RUE DE L');47,36602;0,69811
202300031090;8;10;2023;19:15;1;35;35238;2;2;1;3;ANTRAIN (D') DE 43 ET 80 A FIN;48,123829;-1,668266
202300031091;8;10;2023;00:19;5;33;33063;2;1;1;6;Quai Sainte-Croix;44,83318349;-0,56138366
202300031092;8;10;2023;06:10;3;29;29232;2;6;1;6;Rond-Point de Toul Sable;47,97318487;-4,08817118
202300031093;8;10;2023;04:10;5;29;29232;1;6;1;6;Rond-Point de Kerustum;47,97898;-4,0941
202300031094;7;10;2023;17:20;1;27;27681;2;6;7;6;CAPUCINS (AVENUE DES);49,09242;1,47073
202300031095;8;10;2023;20:40;5;25;25056;2;9;1;1;N57;47,2265;5,97934
202300031096;8;10;2023;10:20;1;17;17415;2;3;1;6;CHERMIGNAC RUE DE;45,7469;-0,63597
202300031097;8;10;2023;08:20;1;16;16102;1;1;1;1;RN 141;45,68250092;-0,33821851
202300031098;8;10;2023;04:50;5;13;13212;2;1;1;6;FAUVETTES (BOULEVARD DES);43,31706;5,43873
202300031099;2;10;2023;08:30;1;13;13214;2;1;1;6;CAPITAINE GEZE (BOULEVARD);43,33027;5,37004
202300031100;8;10;2023;03:00;5;13;13203;2;1;1;3;PLOMBIERES (RUE DE);43,31868084;5,37340361
202300031101;7;10;2023;20:37;3;13;13001;1;1;1;7;PUY SAINTE REPARADE (CH);43,56243;5,43405
202300031102;8;10;2023;21:45;5;12;12013;2;1;1;6;TRAMOND BAS LIEU-DIT;44,55267;2,28406
202300031103;6;10;2023;11:15;1;10;10333;2;2;1;3;AUXERRE (ROUTE);48,2803;4,0688
202300031104;7;10;2023;18:00;1;4;4070;2;9;7;6;NOEL (AV. DU COL.);44,08281;6,2022
202300031105;7;10;2023;09:43;1;1;1053;2;3;1;6;HERRIOT ( BOULEVARD EDOUARD COTE IMPAIR);46,209875;5,224645
202300031106;8;10;2023;07:20;2;75;75116;2;1;1;5;BD PERIPHERIQUE INTERIEUR;48,877655;2,280344
202300031107;6;10;2023;09:15;1;75;75116;2;1;1;6;PORTE DE PASSY;48,857246;2,258489
202300031108;8;10;2023;16:04;1;75;75110;2;1;1;2;BOULEVARD DE BONNE NOUVELLE;48,870195;2,350261
202300031109;8;10;2023;17:30;1;75;75106;2;2;1;3;BOULEVARD SAINT MICHEL;48,851381;2,343176
202300031110;8;10;2023;17:08;1;75;75106;2;2;1;3;RUE DE RENNES;48,848909;2,328732
202300031111;8;10;2023;02:09;5;75;75119;2;3;1;3;BOULEVARD MACDONALD;48,89866543;2,37105703
202300031112;8;10;2023;10:50;1;75;75117;2;3;1;2;BOULEVARD MALESHERBES;48,889587;2,304004
202300031113;8;10;2023;00:30;5;75;75117;2;1;1;3;BOULEVARD BERTHIER;48,893128;2,310258
202300031114;8;10;2023;18:30;1;75;75116;2;3;1;6;AVENUE FERDINAND BUISSON;48,835949;2,254269
202300031115;8;10;2023;07:45;1;75;75112;2;1;1;5;COURS DE VINCENNES;48,847534;2,402411
202300031116;8;10;2023;18:25;1;75;75111;2;1;1;3;BOULEVARD VOLTAIRE;48,860192;2,376086
202300031117;8;10;2023;03:30;3;75;75110;2;3;1;6;BOULEVARD DE LA CHAPELLE;48,884266;2,364651
202300031118;8;10;2023;13:15;1;75;75109;2;7;1;6;RUE BLANCHE;48,8836558;2,33244243
202300031119;7;10;2023;22:13;5;75;75108;2;2;1;3;RUE DE L ARCADE;48,87331;2,3243
202300031120;8;10;2023;20:01;5;75;75107;2;3;1;2;QUAI VOLTAIRE;48,858229;2,333229
202300031121;8;10;2023;04:30;5;94;94078;2;1;1;6;Avenue de Melun;48,72453;2,44502
202300031122;7;10;2023;23:45;5;94;94028;2;1;1;2;Av du Mal de Lattre de Tassigny;48,79745;2,45649
202300031123;8;10;2023;17:33;1;94;94081;2;1;1;6;Boulevard de Stalingrad;48,79864;2,38186
202300031124;8;10;2023;15:50;1;94;94055;2;3;1;3;Avenue de Pince Vent;48,78988392;2,55002175
202300031125;8;10;2023;01:15;5;94;94002;2;7;1;2;Quai Jean-baptiste Clément;48,7874;2,4231
202300031126;7;10;2023;21:30;5;93;93072;2;9;1;5;Avenue de Stalingrad;48,95801;2,39689
202300031127;8;10;2023;02:15;5;93;93066;2;3;1;3;Avenue du Colonel Fabien / Rue Max Jacob;48,94482;2,35348
202300031128;8;10;2023;19:30;5;92;92078;2;2;1;3;VERDUN (AVENUE) (PAIRS 2 A 38);48,93567987;2,33595613
202300031129;8;10;2023;06:05;5;92;92020;2;3;1;3;REPUBLIQUE AV. N°27 A 105 ET 26 A 178;48,80401;2,29791
202300031130;8;10;2023;19:15;1;92;92071;2;1;1;6;FILMINS (RUE);48,77871697;2,30566218
202300031131;7;10;2023;17:00;1;59;59114;2;1;1;6;Rue des Ecoles;50,468149;3,507327
202300031132;8;10;2023;19:40;1;35;35333;1;1;1;6;La Hilière;47,912416;-1,455324
202300031133;3;9;2023;14:55;1;11;11303;1;1;1;6;N/A;42,917369;2,074887
202300031134;6;10;2023;16:25;1;63;63302;1;9;7;1;Plateau de Gergovie;45,71884;3,123765
202300031135;8;10;2023;13:17;1;81;81206;1;3;7;1;D115;44,08352;1,738222
202300031136;9;10;2023;07:05;3;34;34148;1;1;1;1;D612;43,360504;3,176326
202300031137;7;10;2023;15:35;1;26;26139;1;2;1;3;D123;45,073127;5,112548
202300031138;28;9;2023;16:00;1;24;24509;1;1;1;6;Impasse des Forêts;45,19092;0,422901
202300031139;7;10;2023;23:10;3;38;38160;1;1;1;6;D41;45,488178;4,986827
202300031140;9;10;2023;04:30;5;95;95313;2;1;1;6;D922;49,116691;2,229931
202300031141;8;10;2023;23:30;5;95;95058;2;1;1;7;51 CREIL (RUE DE);49,161041;2,297336
202300031142;7;10;2023;20:30;5;40;40296;2;3;1;2;Route de Saubion;43,680326;-1,358764
202300031143;8;10;2023;20:30;5;31;31044;2;1;1;2;N 826;43,586701;1,52151
202300031144;7;10;2023;10:55;1;81;81284;1;1;1;2;RN88;43,914017;2,12373
202300031145;9;10;2023;17:30;1;974;97404;2;1;1;6;Avenue de Bourbon;-21,268441;55,337332
202300031146;8;10;2023;11:45;1;35;35029;1;1;1;3;Lieu Dit Terre Rouge;48,45983065;-1,7432917
202300031147;8;10;2023;10:40;1;84;84091;1;1;1;1;Voie Communale 85 des Pres;44,179934;4,753529
202300031148;4;10;2023;12:30;1;28;28380;1;1;1;7;D136;48,412781;1,586967
202300031149;8;10;2023;23:00;3;86;86070;2;1;1;6;10 Route de Lussac Pouzioux;46,517401;0,693913
202300031150;8;10;2023;14:15;1;59;59487;1;1;1;6;rue du bas;50,631879;2,895246
202300031151;8;10;2023;22:15;3;60;60260;1;1;1;7;D32;49,280871;2,931558
202300031152;8;10;2023;11:35;1;66;66189;2;1;1;6;N/A;42,661641;2,954373
202300031153;5;10;2023;18:45;1;35;35173;1;1;1;2;D137;48,18458592;-1,72062904
202300031154;5;10;2023;23:40;3;35;35173;1;1;1;2;D137;48,189862;-1,721593
202300031155;8;10;2023;22:00;3;62;62524;1;1;1;7;D215;50,66546828;1,80624551
202300031156;8;10;2023;23:30;3;19;19285;1;1;1;7;D3;45,39592008;1,56742015
202300031157;8;10;2023;18:50;1;56;56127;2;6;7;3;Avenue du Grand Moulin;48,0776545;-2,29002437
202300031158;3;10;2023;15:20;1;56;56177;1;4;1;1;7 Lann Kerès;47,792072;-2,985309
202300031159;8;10;2023;20:35;5;59;59580;2;6;1;6;Route de Poperinghe;50,810653;2,601142
202300031160;6;10;2023;20:15;3;82;82005;2;1;1;3;564 Route de Toulouse;43,799714;1,220523
202300031161;5;10;2023;22:31;5;33;33226;2;3;1;3;N/A;44,70572876;-0,39987981
202300031162;7;10;2023;15:00;1;32;32462;2;4;7;3;Rue Lebbe Frères;43,757939;0,302942
202300031163;8;10;2023;11:30;1;11;11306;1;1;1;7;D81;42,82874;2,184649
202300031164;8;10;2023;16:45;1;71;71490;1;1;1;6;D25;46,530552;4,138367
202300031165;7;10;2023;18:40;1;89;89464;2;3;1;1;38 Rue de la Gare;48,0865;3,2868
202300031166;9;10;2023;14:30;1;89;89209;1;3;1;3;D41;48,172182;2,982922
202300031167;8;10;2023;15:45;1;61;61300;1;1;1;6;D920;48,466042;0,815466
202300031168;8;10;2023;18:10;1;61;61258;2;1;1;7;D6;48,511575;0,352432
202300031169;8;10;2023;15:00;1;55;55567;1;1;1;6;route départementale 163;49,08883919;5,18466725
202300031170;8;10;2023;16:00;1;49;49125;2;1;1;7;Chemin des charbonnieres;47,181998;-0,253952
202300031171;8;10;2023;14:45;1;42;42241;1;1;1;7;Route de Villerest;45,890187;4,111333
202300031172;8;10;2023;05:40;3;68;68081;1;1;1;6;D18;47,660624;7,194626
202300031173;7;10;2023;13:45;1;22;22218;1;1;1;7;17 Kermerrien Hent Gouermel;48,833112;-3,259748
202300031174;4;9;2023;17:45;1;39;39547;2;1;1;6;1049 Route de la Vallée;46,35477;5,740753
202300031175;8;10;2023;15:00;1;25;25142;1;1;1;7;D46;46,659669;6,137826
202300031176;6;10;2023;19:30;1;44;44183;1;1;1;7;1 pennemont;47,394377;-2,399086
202300031177;6;10;2023;09:03;1;44;44186;2;1;7;3;Le Moulin Mallessard;47,098493;-1,827752
202300031178;8;10;2023;06:15;5;44;44085;1;1;1;6;rue des Coquelicots - ZAC de la Bergerie;47,68183;-1,445239
202300031179;8;10;2023;08:10;2;35;35184;1;1;1;6;Costard;48,1990609;-2,02220857
202300031180;9;10;2023;00:15;3;34;34154;1;9;1;6;D62;43,559267;4,029712
202300031181;8;10;2023;17:30;1;29;29249;1;1;1;6;Fast Navel;48,142408;-3,733077
202300031182;6;10;2023;20:20;5;29;29165;2;3;1;3;Rue du Docteur Fleming;47,796087;-4,217989
202300031183;5;10;2023;20:30;3;29;29037;1;1;1;6;D44;47,878736;-4,138327
202300031184;9;10;2023;07:30;2;2;2211;1;1;5;1;N/A;49,411406;3,958919
202300031185;7;10;2023;04:14;3;1;1452;1;1;1;6;En Mussignin;45,836465;5,665898
202300031186;8;10;2023;16:05;1;66;66025;1;1;1;6;D30c;42,438856;1,95658028
202300031187;8;10;2023;14:35;1;54;54029;2;2;1;3;12 Rue Lucien Michel;49,37079276;5,89709468
202300031188;7;10;2023;19:30;2;50;50210;1;1;1;7;lieu dit st Anne;49,26254;-1,423759
202300031189;21;1;2023;12:30;1;93;93047;2;2;1;3;Avenue Jean Jaurés / Avenue des Lys;48,898489;2,551889
202300031190;7;1;2023;17:27;2;92;92073;2;1;2;2;JAURES (AVENUE JEAN);48,8645339;2,20746696
202300031191;21;1;2023;19:57;5;92;92035;2;1;1;3;République ( boulevard de la );48,9069;2,24432
202300031192;21;1;2023;18:55;5;92;92025;2;3;1;3;GABRIEL PERI (RUE);48,918923;2,240729
202300031193;21;1;2023;18:10;5;92;92024;2;1;1;7;ESTIENNE D'ORVES (RUE D') DE (4 A 20BIS);48,90641112;2,30351999
202300031194;21;1;2023;11:00;1;92;92024;2;2;1;3;VILLENEUVE (RUE) DE (1 A 45)   (2 A 44);48,905369;2,31031
202300031195;21;1;2023;07:00;5;92;92023;2;2;1;6;PORTE DE TRIVAUX (RUE DE) N°57 A 197 ET;48,78481;2,23807
202300031196;20;1;2023;22:15;5;69;69266;1;1;4;6;Boulevard Périphérique Laurent Bonnevay;45,77912;4,89517
202300031197;19;1;2023;22:15;3;67;67152;1;1;1;7;M35;48,52452546;7,66274929
202300031198;21;1;2023;21:49;4;91;91161;1;1;1;6;AUTOROUTE A6;48,70659;2,30618
202300031199;21;1;2023;14:30;1;94;94034;1;1;1;7;A6B;48,75580758;2,33353913
202300031200;21;1;2023;14:10;1;94;94038;1;1;1;4;A6A;48,7782741;2,34650341
202300031201;21;1;2023;06:55;3;91;91553;1;1;8;6;RN 104;48,631361;2,504628
202300031202;21;1;2023;04:15;5;93;93007;1;1;9;2;AUTOROUTE A1;48,94774549;2,44391968
202300031203;17;1;2023;16:15;1;92;92036;1;1;1;3;AUTOROUTE A15;48,94074039;2,29291143
202300031204;20;1;2023;16:50;1;54;54547;2;3;1;6;Route de Mirecourt;48,672157;6,193633
202300031205;20;1;2023;19:14;5;10;10387;2;4;2;2;ROGER SALENGRO (RUE);48,29822527;4,07866091
202300031206;20;1;2023;22:50;5;974;97411;2;1;1;7;BERTHO (RUE JEAN);-20,89219;55,48793
202300031207;20;1;2023;08:20;1;974;97411;2;4;1;6;JACINTHES (RUE DES);-20,91053;55,48167
202300031208;19;1;2023;18:10;1;974;97411;2;1;2;7;RN2/043;-20,88607;55,49451
202300031209;20;1;2023;14:10;1;973;97302;2;1;2;1;TROUBIRAN (CHEMIN DE);4,9291151;-52,30419964
202300031210;20;1;2023;09:07;1;973;97302;2;1;3;7;ZEPHIR (ROCADE);4,94095;-52,30476
202300031211;20;1;2023;08:40;1;973;97302;2;2;3;6;LALLOUETTE;4,93972267;-52,33328283
202300031212;20;1;2023;19:50;5;69;69386;2;4;2;1;112 Boulevard des Belges;45,76848;4,85855
202300031213;20;1;2023;15:30;1;69;69383;2;1;8;6;Rue Docteur Bonhomme;45,7464;4,8736
202300031214;20;1;2023;17:27;2;2A;2A004;2;1;1;3;AVENUE DU DOCTEUR NOEL FRANCHINI;41,9384;8,75447
202300031215;20;1;2023;08:10;2;95;95197;2;3;8;6;D311;48,975359;2,332783
202300031216;20;1;2023;18:53;3;91;91064;1;9;8;1;PORTE JAUNE (CHEMIN DE LA);48,76637;2,23015
202300031217;17;1;2023;08:40;1;90;90010;2;1;1;6;SAUSSOT (RUE);47,63371;6,84214
202300031218;18;1;2023;07:23;5;89;89024;2;2;1;6;11 NOVEMBRE (BOULEVARD DU) N° PAIRS;47,79232;3,56751
202300031219;20;1;2023;07:40;5;87;87085;2;3;1;6;DUTREIX (RUE ARMAND);45,83266;1,23255
202300031220;19;1;2023;19:05;5;87;87085;2;1;4;6;SOIXANTE ET ONZIEME MOBILE (RUE DU);45,83143;1,26416
202300031221;18;1;2023;13:29;1;80;80489;2;1;1;3;Avenue Henri Barbusse;49,869424;2,360349
202300031222;20;1;2023;19:15;5;79;79191;2;3;1;2;;46,34398;-0,4855
202300031223;9;1;2023;18:15;5;78;78208;2;1;2;6;MONTFORT (ROUTE DE);48,784568;1,955294
202300031224;20;1;2023;15:30;1;77;77350;2;1;1;6;RUE DANTON;48,75936294;2,67805651
202300031225;20;1;2023;07:42;5;74;74281;2;1;8;6;THUYSET (AVENUE DE);46,38116;6,49788
202300031226;19;1;2023;17:30;2;74;74010;2;1;1;6;SOMMEILLER;45,9025;6,1268
202300031227;19;1;2023;01:00;5;72;72181;2;1;1;6;ARSENAL (RUE DE L') N° IMP;47,99759;0,20776
202300031228;20;1;2023;08:10;1;71;71540;1;4;8;2;THIELLAY (LE)  RN.80;46,75935593;4,4645979
202300031229;20;1;2023;19:20;5;70;70550;2;2;4;6;GAULLE (BOULEVARD CHARLES DE);47,615913;6,152876
202300031230;21;1;2023;00:35;3;69;69282;2;1;4;1;Chemin de Chassieu à Meyzieu;45,75479;4,9862
202300031231;20;1;2023;20:45;5;69;69282;2;3;4;1;Rue du Rambion;45,76115;4,98973
202300031232;20;1;2023;09:55;1;69;69256;2;1;1;6;Avenue Franklin Roosevelt;45,7483;4,92883
202300031233;19;1;2023;14:00;1;69;69029;2;2;2;3;Avenue Camille Rousset;45,73587;4,91167
202300031234;19;1;2023;17:00;2;67;67482;2;3;1;6;OBERLIN (RUE);48,59166;7,75529
202300031235;18;1;2023;18:25;5;66;66136;2;1;1;6;BRIAND BOULEVARD ARISTIDE;42,69379;2,90078
202300031236;20;1;2023;09:50;1;64;64284;1;6;1;3;CORPS FRANC POMMIES;43,29309;-0,38697
202300031237;19;1;2023;13:30;1;64;64102;2;1;3;7;Avenue Henri de Navarre;43,51263488;-1,43830705
202300031238;19;1;2023;17:19;1;63;63113;2;1;1;3;COCHET (RUE GENERAL);45,7806;3,10993
202300031239;16;1;2023;17:30;3;62;62215;1;9;2;5;D919;50,50728;2,96206
202300031240;20;1;2023;01:37;5;59;59350;2;1;5;3;NATIONALE RUE N°RESTE PAIRS;50,63233;3,051501
202300031241;18;1;2023;18:00;1;59;59346;2;1;1;2;LEZENNES BOULEVARD DE;50,61761;3,11646
202300031242;20;1;2023;16:30;1;57;57227;2;3;2;1;SAINTE CROIX (RUE );49,18539211;6,90716028
202300031243;20;1;2023;23:55;5;56;56260;2;1;1;6;Rue Pierre Servel;47,64634;-2,7632
202300031244;20;1;2023;19:10;5;56;56260;2;3;1;3;Boulevard Général Maurice Guillaudot;47,6669;-2,74588
202300031245;18;1;2023;08:10;2;52;52448;2;1;1;6;SARRAIL (AVENUE DU GENERAL);48,64141;4,94946
202300031246;20;1;2023;17:50;5;51;51058;2;1;1;6;Avenue Alcide de Gasperi;49,21832;3,99835
202300031247;19;1;2023;12:45;1;51;51454;2;3;1;3;avenue du Maréchal Juin;49,22591;4,01662
202300031248;19;1;2023;17:48;2;49;49278;2;1;2;3;D312;47,44425;-0,55167
202300031249;19;1;2023;11:45;1;49;49007;2;1;1;6;SAUMUROISE IMPASSE ET RUE;47,45909;-0,53552
202300031250;19;1;2023;09:00;1;49;49007;2;2;8;3;Rue Victor Hugo;47,478;-0,5335
202300031251;19;1;2023;08:49;1;49;49246;2;1;1;4;EUROPE AVENUE;47,44384;-0,52716
202300031252;20;1;2023;11:00;1;45;45208;2;1;1;2;29bis Rue du Faubourg d’Orléans;47,99525;2,72682
202300031253;20;1;2023;08:10;2;37;37122;2;3;8;6;DOUZILLIERE (RUE DE LA);47,33814;0,65332
202300031254;20;1;2023;23:15;5;35;35238;2;1;1;3;ROHAN (RUE DE);48,11123037;-1,6802457
202300031255;20;1;2023;17:30;2;35;35238;2;1;1;6;ILLE ET RANCE (QUAI D');48,11136349;-1,68680236
202300031256;20;1;2023;09:20;1;35;35281;2;1;1;3;AURIOL (JACQUELINE);48,07538;-1,73635
202300031257;20;1;2023;12:20;1;34;34172;2;1;1;3;587 Avenue de la Justice de Castelnau;43,62634;3,87665
202300031258;20;1;2023;11:20;1;31;31555;2;1;8;2;AV HONORE SERRES;43,61546;1,43739
202300031259;19;1;2023;15:35;1;31;31555;2;1;3;3;VA007306 A64;43,55786;1,41301
202300031260;20;1;2023;05:16;3;29;29232;1;1;1;7;D365 - Avenue du Morbihan;47,97798;-4,02274
202300031261;20;1;2023;12:20;1;25;25056;2;1;1;4;rue thomas edison;47,232308;5,972349
202300031262;20;1;2023;11:00;1;25;25056;2;1;1;6;;47,222449;5,974356
202300031263;20;1;2023;03:50;3;19;19031;2;1;9;2;DE JOUVENEL (BOULEVARD HENRI);45,15800259;1,52361274
202300031264;20;1;2023;15:00;1;17;17415;2;1;1;2;GAUTIER RUE;45,740432;-0,621053
202300031265;20;1;2023;17:20;1;17;17306;2;3;1;3;LAMY (BD FRANCK);45,627951;-1,016089
202300031266;20;1;2023;11:05;1;17;17306;2;1;1;6;EUROPE (COURS DE L');45,624847;-1,022877
202300031267;20;1;2023;03:13;3;17;17300;1;1;8;7;N137;46,16053;-1,12141
202300031268;20;1;2023;18:00;3;13;13102;2;4;1;1;MARECHAL JUIN (AV );43,421;5,229
202300031269;20;1;2023;16:40;2;13;13213;2;1;1;1;ALPHONSE DAUDET (RUE);43,3206;5,40995
202300031270;20;1;2023;11:50;1;13;13201;2;3;1;3;ADOLPHE THIERS (RUE);43,29667;5,38545
202300031271;20;1;2023;08:00;1;13;13210;2;1;1;3;RABATAU (BOULEVARD);43,28247897;5,39952155
202300031272;20;1;2023;00:45;5;13;13214;1;9;1;1;JEAN QUEILLAU (RUE);43,33486;5,38538
202300031273;20;1;2023;20:20;5;13;13005;2;1;1;1;CHARREL (CHEMIN DU);43,28278;5,54927
202300031274;20;1;2023;14:06;1;10;10387;2;1;1;6;Avenue Edouard Herriot;48,27586487;4,07811105
202300031275;20;1;2023;07:48;5;10;10387;2;1;8;6;BLANQUI (RUE);48,30724;4,05486
202300031276;18;1;2023;12:00;1;10;10387;2;2;1;6;CHARLES DELAUNAY (RUE);48,30282;4,06805
202300031277;20;1;2023;15:10;1;6;6029;2;1;1;6;CHEVALIER (AVENUE MAURICE);43,560151;6,962681
202300031278;18;1;2023;19:15;5;6;6027;2;1;1;2;PLAGE BOULEVARD DE LA;43,652;7,1535
202300031279;20;1;2023;14:30;1;75;75113;2;1;1;5;PORTE D ITALIE;48,816215;2,358558
202300031280;20;1;2023;09:55;2;75;75116;2;1;1;5;PORTE DE SAINT CLOUD;48,83698;2,255462
202300031281;20;1;2023;08:19;1;75;75114;2;3;1;3;AVENUE DU MAINE;48,838513;2,322607
202300031282;20;1;2023;18:00;5;75;75119;2;2;1;6;AVENUE JEAN JAURES;48,88595;2,382147
202300031283;20;1;2023;09:10;1;75;75116;2;1;1;7;AVENUE KLEBER;48,86581813;2,28927344
202300031284;20;1;2023;20:10;5;75;75113;2;2;1;6;RUE DE TOLBIAC;48,825765;2,346586
202300031285;20;1;2023;19:17;5;75;75113;2;2;1;3;QUAI D AUSTERLITZ;48,841915;2,367862
202300031286;20;1;2023;19:50;5;75;75112;2;1;1;6;RUE CROZATIER;48,847488;2,381201
202300031287;20;1;2023;13:10;1;75;75112;2;3;1;1;RUE CROZATIER;48,849691;2,379482
202300031288;20;1;2023;16:40;1;75;75107;2;1;8;2;RUE DE SEVRES;48,849071;2,321686
202300031289;19;1;2023;13:40;1;75;75103;2;3;8;6;RUE DE TURENNE;48,857451;2,364449
202300031290;20;1;2023;07:16;5;94;94068;2;1;2;1;pont du petit parc;48,81345;2,48006
202300031291;19;1;2023;18:15;5;94;94068;2;1;2;6;GUYNEMER (AV);48,78892;2,48591
202300031292;19;1;2023;12:40;1;94;94068;2;1;1;3;LEON BOCQUET (R);48,800594;2,484171
202300031293;19;1;2023;20:30;5;94;94052;2;1;2;3;boulevard de strasbourg;48,845809;2,490079