Num_Acc;jour;mois;an;hrmn;lum;dep;com;agg;int;atm;col;adr;lat;long
202300031294;20;1;2023;07:50;5;94;94038;2;3;1;6;Rue Gabriel Péri / Rue Dispan;48,78018;2,33915
202300031295;18;1;2023;09:54;1;93;93030;2;3;1;6;Rue Paul Langevin / Rue Maurice Henniaux;48,95206;2,41517
202300031296;11;1;2023;00:30;5;92;92073;2;1;2;2;PONT DE SURESNES;48,86688677;2,22944409
202300031297;19;1;2023;23:20;5;92;92064;2;1;2;6;DAILLY;48,8448;2,2175
202300031298;20;1;2023;16:20;1;92;92051;2;9;8;2;VICTOR HUGO (BOULEVARD, N° 51 A 75 ET 62;48,89132927;2,27518246
202300031299;20;1;2023;12:20;1;92;92051;2;6;1;3;BINEAU (BOULEVARD, N°133 A 217 ET 134 A;48,89355082;2,26774657
202300031300;20;1;2023;21:00;5;92;92020;2;1;2;6;PARIS AVENUE DE N°84 A FIN;48,806738;2,293453
202300031301;19;1;2023;18:40;5;92;92049;2;1;2;3;BROSSOLETTE AVENUE PIERRE;48,81683;2,306747
202300031302;20;1;2023;00:10;5;92;92035;2;6;2;6;Souvenir Français ( rond point du );48,90661;2,24808
202300031303;20;1;2023;19:46;5;92;92025;2;1;1;3;BOURNARD (RUE DU);48,923039;2,254626
202300031304;20;1;2023;20:47;5;92;92012;2;9;1;6;EDOUARD VAILLANT (AVENUE) - DEBUT/55 - C;48,83396;2,24482
202300031305;18;1;2023;14:55;1;92;92012;2;2;1;3;REPUBLIQUE (BOULEVARD DE LA) 5/77BIS - 6;48,83202;2,25309
202300031306;7;1;2023;23:45;3;83;83062;1;1;1;4;A570;43,143947;6,032381
202300031307;11;1;2023;16:55;1;69;69382;1;1;1;3;Route de Métropole 7;45,74457;4,82731
202300031308;20;1;2023;19:15;3;33;33397;1;1;1;5;AUTOROUTE A 10;44,910844;-0,486943
202300031309;20;1;2023;18:40;3;33;33249;1;1;1;2;ROUTE NATIONALE 230;44,88532;-0,51021
202300031310;20;1;2023;06:25;3;33;33162;1;1;2;7;ROCADE A 630;44,86722903;-0,64899534
202300031311;18;1;2023;11:50;1;93;93007;1;1;1;3;AUTOROUTE A3;48,92833137;2,48120159
202300031312;30;7;2023;01:30;5;75;75110;2;1;1;3;RUE DE LA GRANGE AUX BELLES;48,875327;2,36739
202300031313;30;7;2023;15:27;1;973;97302;2;3;1;3;FLAMBOYANTS (RUE DES);4,92497;-52,31717
202300031314;19;1;2023;08:10;2;22;22278;2;1;2;6;ARMORIQUE (AV. D');48,51549;-2,7932
202300031315;30;7;2023;03:40;5;973;97302;2;1;1;3;LIBERTE (AVENUE DE LA);4,93488722;-52,33346388
202300031316;19;1;2023;20:30;5;27;27229;2;1;5;1;CITES UNIES (BOULEVARD DES);49,01654456;1,14386086
202300031317;30;7;2023;00:35;5;973;97302;2;1;1;7;GALMOT (ROND-POINT);4,9316;-52,32985
202300031318;18;1;2023;14:00;1;77;77186;2;2;1;6;D606;48,41245;2,69789
202300031319;29;7;2023;18:50;3;971;97113;1;1;1;4;SECTION COCOYER;16,24129;-61,49234
202300031320;29;7;2023;02:45;5;971;97113;2;1;1;6;RN4 - SECTION RIVIERA;16,21191;-61,4748
202300031321;19;1;2023;14:20;1;976;97611;2;1;1;3;kaweni-Mangrove ( rue de la );-12,77577;45,22725
202300031322;31;7;2023;01:55;5;2A;2A004;2;1;1;6;KENNEDY AV PRESIDENT;41,931;8,737
202300031323;19;1;2023;18:20;5;69;69383;2;2;1;3;Cours Docteur Long;45,74933;4,884
202300031324;30;7;2023;07:45;1;95;95500;2;3;1;3;FRANCOIS MITTERRAND (AVENUE);49,04392;2,08499
202300031325;19;1;2023;03:47;4;69;69387;2;1;1;2;103 Avenue Berthelot;45,74388;4,84604
202300031326;13;1;2023;07:45;1;972;97213;1;1;2;7;BOIS D'INDE (CITE);14,6255652;-61,0107221
202300031327;30;7;2023;18:00;1;91;91657;2;6;1;3;RUE DES ANEMONES;48,69843;2,42606
202300031328;19;1;2023;07:50;1;972;97213;2;6;1;3;BOIS D'INDE (CITE);14,62888;-61,0152
202300031329;30;7;2023;16:45;1;83;83062;2;9;1;6;DRAGUIGNAN (AVENUE DE);43,14577;6,03985
202300031330;19;1;2023;15:19;1;972;97209;1;1;1;3;RD 41 (ROCADE);14,61005;-61,0652
202300031331;18;1;2023;18:45;2;69;69382;2;3;8;3;Quai Perrache;45,7383;4,82161
202300031332;30;7;2023;17:21;1;77;77108;2;3;1;1;D934;48,868805;2,573847
202300031333;19;1;2023;11:55;1;971;97113;1;9;1;6;DENIS BORDELAIS;16,20763;-61,48248
202300031334;30;7;2023;06:00;1;77;77058;1;2;1;3;EUROPE (AVENUE DE L' );48,834657;2,740087
202300031335;19;1;2023;08:55;1;2A;2A004;2;1;1;6;ROUTE DU STILETTO;41,94664;8,7652
202300031336;29;7;2023;17:05;1;76;76026;1;1;1;6;RD 100;49,86801;1,12468
202300031337;19;1;2023;15:20;1;95;95277;2;1;1;6;FERME SAINT SIMON (RUE DE LA);48,962912;2,452591
202300031338;30;7;2023;16:56;1;64;64024;2;1;1;3;ADOUR (AV DE L');43,50593;-1,49634
202300031339;18;1;2023;11:20;1;95;95203;2;7;1;6;JEANNE D'ARC (AVENUE);48,99112197;2,27862239
202300031340;18;1;2023;09:06;1;87;87085;2;3;9;7;FOUGERAS (RUE DE);45,86448;1,29177
202300031341;30;7;2023;02:45;5;62;62617;2;2;8;3;D937;50,4756948;2,66575974
202300031342;19;1;2023;13:40;1;83;83137;2;1;1;3;PASSY (AVE FREDERIC);43,12018266;5,94723353
202300031343;29;7;2023;21:30;1;56;56260;2;9;1;3;SAINTE-ANNE(RUE);47,66065;-2,77642
202300031344;16;1;2023;08:25;5;80;80021;2;1;2;6;PARIS (RUE DE);49,88895;2,28999
202300031345;29;7;2023;17:25;1;49;49328;2;7;1;3;KLEBER (PLACE);47,26287;-0,07955
202300031346;16;1;2023;07:35;5;80;80021;2;1;3;6;Place Alphonse Fiquet;49,89113;2,30726
202300031347;30;7;2023;19:40;1;44;44109;2;2;1;6;41 Rue Général Buat;47,23148;-1,53812
202300031348;19;1;2023;15:20;1;77;77333;2;1;1;6;RUE DU BOISSEAU;48,264502;2,695601
202300031349;18;1;2023;11:20;1;77;77186;1;1;1;2;D607;48,418333;2,67318
202300031350;30;7;2023;16:15;1;37;37261;2;6;1;3;SUEDE (RUE DE);47,43283;0,6859
202300031351;18;1;2023;08:15;2;77;77013;1;1;1;6;D402;48,843784;3,088368
202300031352;30;7;2023;00:50;5;31;31555;2;1;1;4;BD PR LEOPOLD ESCANDE;43,60336;1,45651
202300031353;19;1;2023;18:10;5;76;76231;2;2;1;3;Rue Jean Jaurès;49,291006;1,009813
202300031354;30;7;2023;19:04;1;17;17306;2;9;1;6;EUROPE (COURS DE L');45,627;-1,01878
202300031355;19;1;2023;06:00;3;76;76351;1;1;2;2;RD 6382;49,524588;0,174796
202300031356;25;7;2023;13:15;1;12;12145;2;1;1;3;AYROLLE (BOULEVARD DE L');44,09822;3,07679
202300031357;18;1;2023;15:15;1;76;76351;2;2;4;2;SAINT QUENTIN (DE);49,5126;0,11687
202300031358;30;7;2023;06:30;1;2;2408;2;1;1;1;N/A;49,570819;3,634538
202300031359;18;1;2023;03:00;5;76;76351;2;1;1;1;PIERRE MENDES FRANCE;49,51241;0,14774
202300031360;30;7;2023;01:17;3;75;75112;2;7;1;6;ESPLANADE SAINT LOUIS;48,84061817;2,43488789
202300031361;18;1;2023;09:30;1;76;76707;1;1;4;2;D915;49,86272271;1,11047483
202300031362;30;7;2023;14:20;1;75;75118;2;2;1;3;BOULEVARD BARBES;48,8905;2,349606
202300031363;17;1;2023;08:45;1;71;71076;2;2;2;3;PARIS (AVENUE DE);46,80658;4,84423
202300031364;20;1;2023;00:45;5;69;69275;2;3;1;6;Avenue Jean Jaurès;45,77211;4,97099
202300031365;30;7;2023;16:00;1;75;75116;2;2;1;2;BOULEVARD EXELMANS;48,847916;2,25947
202300031366;19;1;2023;18:20;5;69;69264;2;1;1;6;Rue Grange Blazet;45,98364;4,71982
202300031367;29;7;2023;19:35;1;75;75112;2;1;1;4;RUE PROUDHON;48,837157;2,390517
202300031368;19;1;2023;14:30;1;69;69264;2;6;1;3;Avenue de l’Europe;45,99823;4,7394
202300031369;30;7;2023;15:45;1;75;75103;2;2;1;3;RUE SAINT MARTIN;48,861654;2,351627
202300031370;19;1;2023;09:30;1;69;69290;2;1;4;1;Rue Michel Jacquet;45,69639;4,91924
202300031371;19;1;2023;07:05;5;68;68066;2;1;1;3;Avenue de Lorraine;48,09316;7,35526
202300031372;30;7;2023;18:30;1;94;94077;2;2;1;1;Avenue de la République;48,7322;2,408
202300031373;19;1;2023;10:30;1;66;66136;2;3;9;6;;42,690477;2,88549364
202300031374;29;7;2023;21:50;2;94;94002;2;1;2;6;Rue de Naples;48,78992;2,43124
202300031375;13;1;2023;11:02;1;63;63063;2;1;1;3;VERTE (RUE);45,83963;3,11761
202300031376;30;7;2023;18:24;1;92;92040;2;2;1;3;BOURGAIN (AVENE);48,82250963;2,26797277
202300031377;18;1;2023;12:50;1;62;62523;2;6;7;3;D917;50,44405;2,85677
202300031378;30;7;2023;20:30;1;92;92025;2;1;1;3;CHARLES DE GAULLE (BD);48,90907;2,23631
202300031379;19;1;2023;07:25;3;61;61466;1;1;1;6;D924;48,749727;-0,498587
202300031380;19;1;2023;08:55;1;60;60057;2;1;1;6;Avenue de Flandre Dunkerque 40;49,43481;2,09819
202300031381;28;7;2023;22:35;3;50;50447;1;1;1;1;Route de la Havaudière;48,79238;-1,512777
202300031382;19;1;2023;19:45;5;59;59508;2;1;1;2;HALLUIN (BOULEVARD D');50,73933;3,132
202300031383;31;7;2023;16:40;1;12;12287;2;1;1;1;D926;44,316092;1,890802
202300031384;20;1;2023;01:00;3;59;59206;2;1;9;6;JAURES (RUE JEAN);50,195108;3,268167
202300031385;30;7;2023;09:50;1;35;35177;1;1;1;6;D137;48,224573;-1,74938
202300031386;31;7;2023;09:50;1;2A;2A211;1;1;1;6;T40;41,764942;8,951068
202300031387;19;1;2023;11:51;1;56;56121;2;1;2;3;ZAY (RUE  JEAN );47,74357;-3,38517
202300031388;29;7;2023;17:45;1;2A;2A119;1;1;1;3;Route de Frasseto;41,895513;9,015913
202300031389;18;1;2023;10:05;1;56;56098;2;1;1;2;183 Rue Jean Jaurès;47,76873;-3,35265
202300031390;31;7;2023;16:00;1;52;52114;1;1;1;2;D6;48,044962;4,905202
202300031391;18;1;2023;08:00;5;56;56098;2;6;2;6;32 Rue Marcel Sembat;47,76192;-3,34665
202300031392;30;7;2023;02:19;3;18;18259;1;1;1;7;N/A;47,47126;2,691441
202300031393;16;1;2023;17:50;5;54;54580;2;1;3;6;RUE GAMBETTA;49,47004;5,92821
202300031394;28;7;2023;16:20;1;36;36011;1;1;3;3;N/A;47,176762;1,729918
202300031395;19;1;2023;06:55;3;54;54028;1;1;8;7;RD643;49,21737;5,96698
202300031396;24;7;2023;00:40;3;76;76413;2;1;2;7;Rue Jean Baptiste Viguerard;49,863875;1,1538
202300031397;19;1;2023;18:12;5;51;51454;2;4;1;3;rue de Courcelles;49,2632;4,01577
202300031398;30;7;2023;21:53;3;38;38239;1;1;1;6;D1085;45,333557;5,564908
202300031399;17;1;2023;08:35;2;50;50129;2;3;2;3;COSNARD (PONT);49,61419;-1,64631
202300031400;31;7;2023;02:30;3;44;44103;1;1;1;2;N/A;47,324861;-2,150445
202300031401;31;7;2023;10:09;1;12;12270;1;1;1;7;A75 - PK 186.100 - Sens Nord/sud;44,36092377;3,11715603
202300031402;18;1;2023;19:20;5;49;49214;2;6;1;2;D768;47,5209;-0,61063
202300031403;18;1;2023;17:44;5;49;49007;2;1;8;6;Rue du Château d'Orgemont;47,45109;-0,54482
202300031404;24;7;2023;13:34;1;22;22175;1;1;1;6;D16;48,440213;-2,348263
202300031405;30;7;2023;06:20;2;77;77436;1;1;1;1;D934;48,788942;3,199214
202300031406;18;1;2023;07:57;5;49;49015;2;3;1;2;DE GAULLE AVENUE DU GENERAL;47,50166;-0,59244
202300031407;18;1;2023;07:10;5;49;49246;2;1;1;7;Chemin de la Monnaie;47,44396;-0,51118
202300031408;31;7;2023;00:10;3;61;61301;1;1;1;6;Autoroute A28 PK 171+150;48,539682;0,164966
202300031409;21;7;2023;22:41;3;40;40167;1;1;1;7;D315;44,226738;-0,572023
202300031410;19;1;2023;18:52;3;47;47201;2;3;3;1;GASCOGNE (AVENUE DE);44,16753;0,60968
202300031411;19;7;2023;12:15;1;56;56020;1;1;1;6;Beauséjour;47,79957;-2,44784
202300031412;28;7;2023;18:45;1;67;67305;2;7;2;1;13 Rue du Fond;48,932731;8,157538
202300031413;19;1;2023;07:50;2;47;47001;2;3;8;3;BARBUSSE (AV. HENRI);44,20548;0,62857
202300031414;20;7;2023;11:30;1;67;67500;2;9;1;6;Rue du Général de Gaulle;48,526008;7,331379
202300031415;29;7;2023;17:40;1;80;80437;1;1;1;7;D96;49,934193;1,901879
202300031416;29;7;2023;04:00;3;82;82175;1;1;1;6;D57;44,129585;0,939095
202300031417;17;1;2023;11:55;1;37;37214;2;1;1;1;PALLUAU (RUE DE);47,4012;0,65314
202300031418;30;7;2023;18:25;1;71;71450;1;1;1;7;D43;46,907386;4,518771
202300031419;17;1;2023;07:55;5;35;35288;2;1;2;6;GRAND JARDIN (RUE DU);48,62782;-1,9858
202300031420;31;7;2023;06:20;2;71;71170;2;3;1;3;26 Route de Chagny;46,925245;4,830835
202300031421;19;1;2023;18:45;5;35;35238;2;2;8;6;VOLCLAIR (BD LOUIS);48,08829847;-1,66747302
202300031422;22;7;2023;12:10;1;12;12208;2;3;1;6;10 Boulevard de la Capelle;43,95585;2,889289
202300031423;31;7;2023;08:35;1;12;12031;1;1;1;6;RD 53;44,469672;2,294946
202300031424;19;1;2023;16:45;1;35;35238;1;6;1;2;N136;48,08185879;-1,67517096
202300031425;31;7;2023;20:15;1;42;42329;2;4;1;6;Route Bleue;45,316815;4,512693
202300031426;19;1;2023;17:00;2;33;33318;2;1;3;6;Avenue du Général Leclerc;44,79095;-0,67285
202300031427;30;7;2023;21:00;2;47;47106;2;6;1;6;Avenue de l'Usine;44,493494;0,963627
202300031428;18;1;2023;18:05;2;29;29019;2;3;1;3;boulevard Léon Blum;48,404217;-4,484486
202300031429;29;7;2023;19:06;1;47;47110;2;3;1;6;1 Rue de Bantzenheim;44,456387;0,29481
202300031430;19;1;2023;10:20;1;26;26198;2;1;1;6;Avenue John Fitzgerald Kennedy;44,55592;4,734
202300031431;25;7;2023;16:15;1;22;22222;1;1;1;3;Lieu Dit Keregal;48,669029;-2,894039
202300031432;19;1;2023;23:25;5;22;22278;2;9;2;6;MONGE;48,501;-2,741
202300031433;28;7;2023;07:40;1;39;39286;2;1;1;1;Rue du Desart;46,386506;5,7806
202300031434;19;1;2023;09:05;1;17;17461;2;6;8;4;EXPRESS (VOIE);45,64924;-1,04789
202300031435;30;7;2023;16:00;1;39;39106;1;1;1;1;N/A;46,451319;5,711759
202300031436;15;7;2023;13:30;1;25;25180;1;1;1;7;route départementale 229;46,959881;6,024038
202300031437;18;1;2023;17:30;5;14;14715;2;9;4;6;Rue de l’Ancien Parc aux Huitres;49,361;0,086
202300031438;28;7;2023;14:45;1;29;29192;2;1;1;2;Route de Sibiril;48,66965626;-4,05049266
202300031439;18;1;2023;14:10;1;14;14715;1;2;8;2;D513;49,37838;0,09834
202300031440;27;7;2023;18:45;1;29;29220;1;1;2;5;D102;47,84682701;-4,22688215
202300031441;19;1;2023;18:55;5;13;13208;2;2;1;3;GATONS (RUE);43,25207;5,37757
202300031442;30;7;2023;15:55;1;38;38144;1;1;1;3;D518;45,58371;5,097592
202300031443;19;1;2023;16:00;1;13;13204;2;1;1;6;CHUTES LAVI (AVENUE);43,31401729;5,39736348
202300031444;31;7;2023;11:58;1;38;38130;1;1;1;3;D518;45,380728;5,279789
202300031445;19;1;2023;07:15;2;13;13213;2;1;1;2;JEAN PAUL SARTRE (AVENUE);43,32199903;5,41787181
202300031446;30;7;2023;11:46;1;38;38479;1;1;1;6;route departementale 41;45,420956;5,192156
202300031447;18;1;2023;08:34;1;13;13208;2;1;1;3;MICHELET (BOULEVARD);43,26172749;5,39737485
202300031448;29;7;2023;13:45;1;3;3138;1;1;3;6;route de dompierre;46,26516;3,612437
202300031449;28;7;2023;09:30;1;3;3072;1;1;1;2;Route départementale 40 - Lieu-dit Villevendret;46,501819;2,544601
202300031450;19;1;2023;00:50;5;13;13206;2;3;1;3;PRADO (AVENUE DU);43,28402564;5,3847657
202300031451;30;7;2023;14:40;1;1;1388;2;2;1;7;Place Fernand Rude;46,45888;5,084256
202300031452;31;7;2023;20:30;1;5;5149;1;1;1;7;D944;44,657351;6,20587
202300031453;18;1;2023;18:40;5;13;13206;2;1;1;6;Cours lieutaud;43,29134995;5,3830152
202300031454;31;7;2023;12:00;1;50;50417;2;3;2;6;Place de la Mairie;49,593563;-1,303425
202300031455;18;1;2023;16:20;1;13;13211;2;3;1;3;Avenue jean lombard;43,28929694;5,43637605
202300031456;27;7;2023;19:15;1;83;83124;1;3;1;3;D562;43,585489;6,634433
202300031457;30;7;2023;16:45;1;83;83046;1;1;1;7;Route départementale 22;43,54327221;6,15818972
202300031458;31;7;2023;17:15;1;60;60393;2;1;3;1;Rue de Creil;49,267161;2,370836
202300031459;30;7;2023;16:36;1;64;64403;1;1;1;1;Route Departementale 936;43,372022;-0,84704
202300031460;30;7;2023;18:00;1;64;64461;2;2;1;3;Route Departementale 817;43,525046;-0,910653
202300031461;30;7;2023;12:30;1;64;64015;1;1;2;6;Rd247;43,095789;-0,907005
202300031462;20;6;2023;13:55;1;73;73164;1;1;1;6;D913 Route du Revard;45,704595;5,998801
202300031463;30;7;2023;15:40;1;43;43150;2;7;1;1;Le Bourg;45,097085;4,059269
202300031464;30;7;2023;09:30;1;16;16425;1;1;1;6;N/A;45,747177;0,449774
202300031465;30;7;2023;19:00;1;53;53228;1;1;1;6;La Douettee;48,033955;-0,373245
202300031466;29;7;2023;11:00;1;21;21445;1;1;1;7;D 26, PK 45+820;47,318332;4,317701
202300031467;21;7;2023;08:10;1;4;4094;2;1;1;1;Avenue des Thermes;43,757798;5,894026
202300031468;30;7;2023;12:40;1;85;85146;2;6;1;3;RD 137;46,984172;-1,319298
202300031469;30;7;2023;18:20;1;85;85089;1;3;1;7;la malvoire;46,741217;-1,347689
202300031470;31;7;2023;11:45;1;28;28052;1;1;2;5;D26.1;48,56626;1,527234
202300031471;29;7;2023;17:45;1;23;23220;2;1;1;7;Fourneaux;46,021568;2,138685
202300031472;30;7;2023;17:30;1;87;87187;2;4;1;7;Place de la Nation;45,50930559;1,20274365
202300031473;28;7;2023;03:45;3;37;37122;1;1;3;2;D751;47,338605;0,636628
202300031474;30;7;2023;02:05;5;30;30122;1;1;5;1;Campe Faysse;43,902678;4,215472
202300031475;29;7;2023;17:30;1;48;48144;1;1;1;7;D9;44,15657132;3,73847648
202300031476;29;7;2023;21:10;5;987;98734;2;1;1;1;PK 35.200 - RT1;-17,760922;-149,508289
202300031477;29;7;2023;23:20;5;30;30169;2;1;1;6;Rue du Temple;43,79042;4,307056
202300031478;31;7;2023;16:44;1;1;1266;2;1;1;6;d975;46,336903;5,128706
202300031479;30;7;2023;19:50;5;987;98715;1;1;1;5;RT5 - sens décroissant - trois voies de circulation;-17,584;-149,56
202300031480;28;7;2023;23:45;3;33;33072;1;1;1;6;A 62;44,53190156;-0,177176
202300031481;28;7;2023;14:45;1;34;34172;1;1;1;2;A709;43,599855;3,9176
202300031482;31;7;2023;15:10;1;21;21405;1;1;1;5;A6, PK 314+100;46,93907;4,825015
202300031483;31;7;2023;04:00;5;73;73304;2;6;1;6;D902, LA DAILLE;45,45965658;6,96628541
202300031484;31;7;2023;13:00;1;11;11441;1;1;1;6;N/A;43,20238;3,080909
202300031485;31;7;2023;09:50;1;30;30189;1;1;1;4;A54 Pk 001.150;43,807836;4,353611
202300031486;29;7;2023;20:20;3;988;98831;1;1;1;6;route de Tiéta - VU 60;-20,943585;164,712031
202300031487;29;7;2023;22:45;3;988;98802;1;1;1;6;PR 86+750, RT1, Ouaménie;-21,85984;165,97754
202300031488;29;7;2023;21:40;3;973;97305;1;1;1;1;PK 39.5 RN1;5,068032;-52,590126
202300031489;28;7;2023;13:03;1;45;45063;1;2;8;5;D51 PR 23 + 599;47,636702;2,448428
202300031490;30;7;2023;02:00;3;34;34213;1;1;1;6;D2;43,510445;3,645406
202300031491;29;7;2023;10:30;1;34;34209;1;1;1;2;RD612;43,3131124;3,32988796
202300031492;30;7;2023;12:55;1;34;34154;1;1;1;3;RD189;43,610539;3,973145
202300031493;27;7;2023;08:15;1;83;83112;2;3;1;3;Avenue des Lecques;43,181593;5,697704
202300031494;30;7;2023;09:20;1;13;13082;1;1;1;3;D543 pk 02+850;43,694982;5,344055
202300031495;30;7;2023;08:30;1;13;13059;1;1;1;3;D96;43,633229;5,516832
202300031496;29;7;2023;20:20;1;13;13048;2;1;1;7;chemin de la colle;43,633202;5,629174
202300031497;30;7;2023;13:55;1;71;71150;2;1;1;7;440 Rue du Stade;46,241176;4,781422
202300031498;31;7;2023;08:35;1;67;67127;2;1;1;3;48 Rue de Wolxheim;48,5697;7,523012
202300031499;30;7;2023;19:28;2;54;54090;2;3;1;6;Rue Victor Henry;48,75306;6,16424
202300031500;30;7;2023;14:00;1;63;63092;1;1;1;1;D455;45,916288;3,030338
202300031501;29;7;2023;10:15;1;7;7127;2;1;1;6;Rue des Tanins;44,64666;4,324596
202300031502;28;7;2023;14:00;1;85;85222;2;1;1;7;9 Avenue de l'atlantique;46,688321;-1,9337278
202300031503;30;7;2023;07:55;1;29;29237;2;1;1;6;Lez Elorn;48,47506963;-4,20591814
202300031504;30;7;2023;16:53;1;22;22198;1;2;1;3;D788;48,80916;-3,533065
202300031505;26;7;2023;14:45;1;22;22198;1;1;1;3;D788;48,798636;-3,540667
202300031506;31;7;2023;09:40;1;22;22186;1;2;8;3;route de la liberation;48,585384;-2,5175
202300031507;29;7;2023;16:20;1;59;59399;2;1;1;1;499 Rue de Bailleul;50,714084;2,668308
202300031508;29;7;2023;11:00;1;13;13071;1;1;1;3;F1-Sens Lyon vers A55-Martigues;43,40498;5,29499
202300031509;29;7;2023;03:45;3;13;13005;1;1;1;2;A50-Sens Aubagne vers Marseille;43,289;5,55095
202300031510;5;7;2023;04:35;3;83;83144;1;1;1;6;A57;43,14334;6,0132
202300031511;30;7;2023;15:45;1;33;33550;1;1;1;4;ROCADE A 630;44,77847;-0,55431
202300031512;30;7;2023;01:25;3;33;33162;1;1;1;6;ROCADE A 630;44,859293;-0,660958
202300031513;30;7;2023;16:10;1;91;91689;1;1;1;3;AUTOROUTE A6B;48,74369;2,32333
202300031514;14;4;2023;13:15;1;76;76681;2;2;1;3;Avenue du 14 Juillet;49,40643;1,09669
202300031515;30;7;2023;13:23;1;92;92002;1;1;1;4;AUTOROUTE A10;48,73057039;2,30851382
202300031516;13;4;2023;19:00;1;76;76296;1;1;1;5;LIBERATION (RUE DE LA );49,51751;0,24723
202300031517;29;7;2023;22:58;3;91;91689;1;1;1;2;A6;48,74795;2,32665
202300031518;30;7;2023;01:30;3;92;92064;1;1;1;6;A13;48,83971944;2,21953969
202300031519;14;4;2023;14:40;1;72;72181;2;1;3;2;PATTON GENERAL RTE BAUGE A CHEMIN RONDE;47,98884;0,17843
202300031520;14;4;2023;09:10;1;72;72181;2;3;2;6;BOLLEE (AV) N° PAIRS 2 A 62;48,00237;0,206
202300031521;30;7;2023;06:45;2;94;94018;1;1;1;3;A4;48,81737894;2,41732391
202300031522;13;4;2023;17:50;1;71;71270;2;1;1;6;OLIVIER DE SERRES (RUE);46,29411;4,81584
202300031523;29;7;2023;21:55;3;77;77495;1;1;1;6;A5b;48,57555;2,63901
202300031524;14;4;2023;21:50;5;69;69256;2;1;2;6;Avenue Roger Salengro;45,7547;4,9282
202300031525;25;4;2023;07:55;1;42;42186;2;1;1;1;M88;45,521;4,59663
202300031526;14;4;2023;02:30;5;69;69264;2;1;1;6;706 Rue d’Anse;45,97943;4,7176
202300031527;28;7;2023;11:10;1;38;38053;2;9;1;6;Avenue Henri Barbusse;45,59578405;5,26772745
202300031528;27;7;2023;10:45;1;34;34301;2;6;1;6;4 Place Delille;43,4047;3,7009
202300031529;13;4;2023;10:32;1;66;66136;2;1;1;6;N/A;42,68705;2,90611
202300031530;10;3;2023;10:55;1;974;97409;2;9;3;3;RN2 SENS STE SUZANNE ST BENOIT;-20,94394;55,64944
202300031531;14;4;2023;10:15;1;64;64545;1;1;3;3;BRETELLE DE LAUTOROUTE RD 913;43,37482;-1,68547
202300031532;29;7;2023;07:50;1;974;97411;2;9;1;5;JAURES (BLD 1 JEAN);-20,89067;55,45521
202300031533;28;7;2023;16:15;1;974;97411;2;6;1;2;JAURES (BOULEVARD JEAN);-20,9023;55,5025
202300031534;14;4;2023;08:36;1;60;60057;2;9;1;1;Rue Fermepin;49,43364;2,09372
202300031535;29;7;2023;17:50;1;974;97407;2;9;1;6;LOUIS GUILLOUX (ALLEE)- RIV. DES GALETS;-20,95775;55,31369
202300031536;14;4;2023;03:10;4;59;59648;2;1;1;6;GUILLAIN CHARLES AVENUE;50,588462;3,044315
202300031537;29;7;2023;11:27;1;973;97302;2;1;1;3;CRIQUE FOUILLEE (ROND POINT);4,89655;-52,32864
202300031538;29;7;2023;00:10;5;973;97302;2;1;1;1;MADELEINE (ROUTE DE LA);4,9123;-52,3211
202300031539;14;4;2023;10:50;1;59;59317;2;9;1;3;HUGO  (RUE VICTOR);50,687511;2,896865
202300031540;29;7;2023;01:00;5;69;69386;2;2;1;3;Rue Tronchet;45,77056;4,85503
202300031541;14;4;2023;13:20;1;57;57447;2;1;1;6;11EME D'AVIATION (RUE DE LA);49,08524;6,14901
202300031542;29;7;2023;04:05;5;95;95288;2;1;9;6;D311;48,98194213;2,3531878
202300031543;13;4;2023;19:00;1;56;56121;2;1;2;2;LECLERC ( BD GENERAL );47,74851;-3,36539
202300031544;28;7;2023;23:20;5;91;91216;2;1;1;3;CD 257;48,675957;2,336313
202300031545;13;4;2023;17:55;1;51;51454;2;2;1;3;rue Michel Ange;49,26886;4,01195
202300031546;29;7;2023;13:46;1;86;86066;1;1;8;7;D749;46,785469;0,54724
202300031547;13;4;2023;11:20;1;50;50129;2;3;1;1;NAPOLEON (PLACE);49,6437;-1,62579
202300031548;16;6;2023;15:10;1;79;79329;2;3;1;6;N/A;46,986758;-0,21085
202300031549;12;4;2023;18:15;1;49;49099;2;1;1;7;PAGANNES (RUE DES);47,07488;-0,84522
202300031550;28;7;2023;18:50;1;78;78481;2;3;2;6;LECLERC (AVENUE DU GENERAL);48,88932;2,09898
202300031551;29;7;2023;13:30;1;77;77251;1;1;2;6;D 402;48,62436;2,54626
202300031552;14;4;2023;08:50;1;49;49007;2;2;1;3;BEDIER BOULEVARD;47,45271;-0,54103
202300031553;29;7;2023;23:15;5;76;76681;2;1;2;6;ELUARD. RUE PAUL;49,40379;1,09874
202300031554;29;7;2023;14:31;1;72;72181;2;9;1;3;PERRIN (PONT);48,007;0,193
202300031555;14;4;2023;04:55;5;49;49007;2;2;1;3;VOLNEY;47,46326;-0,54505
202300031556;11;4;2023;16:50;1;44;44132;2;1;1;6;Avenue de l'Hippodrome;47,25926;-2,32955
202300031557;29;7;2023;22:50;5;64;64122;2;1;1;3;"""KENNEDY (AVENUE DU PRESIDENT J,F)""";43,46247;-1,55125
202300031558;14;4;2023;18:50;1;38;38185;2;1;2;6;COURS DE LA LIBÉRATION ET DU GÉNÉRAL DE;45,1605;5,7098