Num_Acc;jour;mois;an;hrmn;lum;dep;com;agg;int;atm;col;adr;lat;long
202300031559;14;4;2023;17:55;1;38;38151;2;3;1;3;AVENUE VICTOR HUGO;45,15461;5,71226
202300031560;29;7;2023;18:15;1;64;64024;2;1;1;3;ARITXAGUE (ROUTE D');43,4933;-1,49722
202300031561;14;4;2023;07:40;1;38;38185;2;2;8;3;BOULEVARD JOSEPH VALLIER;45,18024;5,71134
202300031562;29;7;2023;16:45;1;64;64102;2;1;1;7;PAULMY (AVENUE DES ALLEES);43,49393;-1,47957
202300031563;14;4;2023;13:00;1;37;37261;2;1;1;7;DANEMARK (AVENUE DU);47,42988;0,67918
202300031564;14;4;2023;12:40;1;37;37122;1;9;2;7;RD 37;47,34000535;0,66641092
202300031565;29;7;2023;10:40;1;63;63113;1;1;2;6;BEAULIEU (CHEMIN DE);45,75747;3,15475
202300031566;14;4;2023;04:50;3;36;36202;1;1;1;6;N/A;46,78309369;1,60174012
202300031567;29;7;2023;20:10;1;60;60159;2;2;1;6;Rue Winston Churchill;49,412326;2,815052
202300031568;14;4;2023;23:30;5;35;35238;2;3;1;5;VERN (DE);48,10145485;-1,65966779
202300031569;14;4;2023;19:40;1;35;35238;2;1;1;6;JANVIER (AVENUE JEAN);48,10449;-1,67263
202300031570;28;7;2023;18:40;1;59;59041;2;1;1;6;HORIPETTE (RUE DE L') ;50,20704;3,86486
202300031571;14;4;2023;15:50;1;35;35238;2;1;1;3;LORIENT (DE);48,10846;-1,71247
202300031572;29;7;2023;02:15;5;59;59350;2;5;1;6;Rue Léon Gambetta;50,62954;3,05492
202300031573;25;7;2023;17:10;1;54;54431;2;6;1;3;Rue du Bois le Prêtre;48,907578;6,0497
202300031574;29;7;2023;16:45;1;54;54257;2;1;1;6;Parc Commercial de l'Espinette;48,6484;6,18188
202300031575;29;7;2023;07:00;1;54;54382;2;1;1;6;Rue du Fond de Piedmont;49,54636;5,77179
202300031576;14;4;2023;23:00;5;33;33063;2;1;2;6;Rue Professeur Darget;44,8772;-0,55935
202300031577;29;7;2023;12:30;1;37;37233;2;1;1;2;LOIRE (LEVEE DE LA);47,39682;0,71034
202300031578;14;4;2023;11:20;1;33;33063;2;1;3;6;Avenue de Mérignac;44,83857;-0,62444
202300031579;29;7;2023;11:00;1;37;37261;2;1;2;7;ROYER (BD JEAN);47,38103;0,68527
202300031580;14;4;2023;12:30;1;31;31483;2;7;2;2;Avenue de l’Isle;43,11171;0,72581
202300031581;28;7;2023;12:20;1;37;37261;2;9;2;6;ALOUETTE (AVENUE);47,36295;0,69682
202300031582;29;7;2023;04:55;3;33;33009;2;1;1;6;COTE D'ARGENT (BD) DU 69 AU 263;44,64468;-1,19528
202300031583;14;4;2023;18:05;1;29;29254;1;1;1;6;Route de Saint-Germain;48,5947;-3,84149
202300031584;29;7;2023;11:35;1;31;31555;2;1;1;3;AV DU GENERAL EISENHOWER;43,5579148;1,40277654
202300031585;14;4;2023;16:45;1;28;28134;1;1;2;7;D152 (VERT EN DROUAIS);48,74766;1,31756
202300031586;29;7;2023;18:45;1;27;27562;2;1;8;3;ROUEN (ROUTE DE );49,10225;1,46674
202300031587;29;7;2023;05:30;3;17;17300;1;1;2;7;09 PK RN237 MOULIN JUSTICE RE;46,17149;-1,19409
202300031588;14;4;2023;17:21;1;27;27681;2;9;2;6;VIROLET (RUE DU);49,09657;1,46463
202300031589;15;7;2023;16:48;1;10;10333;2;1;1;2;CROIX BLANCHE (RUE DE LA );48,27615;4,05642
202300031590;4;3;2023;09:50;1;33;33249;1;1;1;6;ROUTE NATIONALE 230;44,87955251;-0,50989866
202300031591;14;4;2023;09:45;1;27;27681;2;1;1;3;SAMSON (RUE);49,09086;1,48277
202300031592;29;7;2023;04:49;3;10;10191;1;1;1;3;ROCADE OUEST (RD 610);48,33007;4,08386
202300031593;4;3;2023;15:33;1;75;75114;1;1;1;7;A6A;48,818723;2,33099
202300031594;25;7;2023;09:55;1;6;6123;2;4;1;6;BARTHELEMY AVENUE PIERRE;43,67341;7,18981
202300031595;15;4;2023;00:01;3;23;23096;2;1;2;5;AUVERGNE (AVENUE);46,162;1,891
202300031596;4;3;2023;16:00;1;91;91235;1;1;1;7;RN 104;48,62579;2,35573
202300031597;11;11;2023;18:45;3;13;13209;2;1;1;3;MICHELET (BOULEVARD);43,2587;5,399
202300031598;8;4;2023;10:30;1;22;22278;2;1;1;6;LE GORREC (PIERRE);48,51252;-2,76155
202300031599;28;7;2023;10:40;1;6;6123;2;9;1;3;BORD DE MER RN 98;43,665589;7,186593
202300031600;3;3;2023;23:04;5;92;92050;1;1;1;2;A86;48,89784194;2,19804328
202300031601;11;11;2023;15:00;1;13;13214;2;1;1;2;SAINT JOSEPH (CHEMIN DE);43,34175982;5,38661797
202300031602;28;7;2023;12:00;1;4;4070;2;1;1;1;PLAN DE GAUBERT (RTE DU);44,07386;6,19593
202300031603;8;4;2023;18:00;1;19;19031;2;3;1;3;ALSACE LORRAINE (AVENUE) JUSQU'A N° 55 ;45,15199;1,54091
202300031604;3;3;2023;19:15;3;92;92036;1;1;1;3;A86;48,93576409;2,28722247
202300031605;25;7;2023;11:15;1;4;4070;2;1;1;6;verdun ( avenue de );44,08622;6,221296
202300031606;7;4;2023;12:20;1;19;19031;2;2;1;3;MAJOUR (RUE);45,15938;1,53217
202300031607;9;11;2023;13:45;1;13;13214;2;9;2;5;MERIMEE;43,32802583;5,39740148
202300031608;4;3;2023;19:10;3;95;95277;1;1;1;5;RD 170 ;48,97690265;2,47768521
202300031609;29;7;2023;20:00;1;1;1344;2;1;1;7;BRESSE (AVENUE DE);46,21135;5,20376
202300031610;13;4;2023;15:00;1;14;14366;2;1;1;6;48 Boulevard Sainte Anne;49,14289;0,22554
202300031611;12;11;2023;01:20;5;13;13001;2;1;3;1;CARNOT (BD);43,52567;5,45505
202300031612;29;7;2023;10:20;1;75;75114;2;1;1;7;PORTE D ORLEANS;48,820562;2,323112
202300031613;3;3;2023;22:20;3;93;93048;1;9;1;2;AUTOROUTE A3;48,87186;2,4336
202300031614;14;4;2023;19:15;1;13;13201;2;5;2;2;MONTRICHER (BOULEVARD);43,30388;5,39305
202300031615;14;4;2023;10:50;1;13;13214;2;1;1;1;Voie sans nom (sud)/ave du marche national m.i.n;43,33936228;5,38073718
202300031616;11;11;2023;19:46;3;11;11069;1;6;2;3;N/A;43,19629;2,32244
202300031617;4;3;2023;07:30;1;77;77058;1;1;1;2;A4;48,828;2,731
202300031618;28;7;2023;17:40;1;75;75112;2;1;1;4;ECHANGEUR BERCY;48,828471;2,397418
202300031619;11;11;2023;17:25;2;11;11069;2;7;2;7;9 Allée d'Iéna;43,21064;2,345
202300031620;3;3;2023;22:30;3;77;77517;1;1;1;7;A104.EXT;48,91039;2,6408
202300031621;14;4;2023;10:30;1;13;13206;2;3;1;1;EDMOND ROSTAND (RUE);43,28955;5,37981
202300031622;29;7;2023;13:28;1;75;75106;2;3;1;2;QUAI DES GRANDS AUGUSTINS;48,854602;2,342514
202300031623;10;11;2023;17:00;2;11;11069;1;1;3;1;28 Route de Bram;43,22861;2,28256
202300031624;2;3;2023;08:20;1;976;97611;2;1;1;3;tsoundzou-SIM ( rue de la );-12,81976;45,19601
202300031625;13;4;2023;18:09;1;10;10387;2;1;1;6;DANTON (RUE);48,303;4,077
202300031626;13;4;2023;21:10;5;9;9122;2;1;2;6;FAURE (COURS GABRIEL);42,963762;1,605793
202300031627;28;7;2023;19:20;1;75;75119;2;3;8;1;AVENUE JEAN JAURES;48,884098;2,375247
202300031628;11;11;2023;11:35;1;10;10333;2;1;2;3;CROIX BLANCHE (RUE DE LA );48,2754;4,057
202300031629;15;4;2023;00:55;5;5;5061;2;4;2;6;Avenue de Provence;44,53752396;6,05326027
202300031630;2;3;2023;09:00;1;974;97416;2;3;1;3;LIGNE PARADIS(ROUTE DE LA);-21,30587;55,46384
202300031631;31;3;2023;13:30;1;4;4112;2;1;1;6;DE GAULLE (BD. CH.);43,8291;5,78578
202300031632;29;7;2023;19:01;1;75;75118;2;2;2;6;RUE CUSTINE;48,888408;2,347998
202300031633;8;11;2023;15:00;1;10;10325;1;1;1;2;ROCADE OUEST (RD 610);48,26062;4,09109
202300031634;1;3;2023;14:25;1;974;97416;1;1;1;2;RN2 (1);-21,35367;55,5162
202300031635;11;4;2023;16:45;1;75;75115;2;1;1;3;PORTE DE SEVRES;48,831897;2,28169
202300031636;15;5;2023;08:00;1;13;13078;2;4;1;1;rue max Barel;43,392709;4,804952
202300031637;9;11;2023;14:25;1;7;7102;1;1;2;7;BEAUCAIRE (AVENUE DE);44,92338;4,85681
202300031638;14;4;2023;08:52;1;75;75105;2;3;1;6;BOULEVARD SAINT GERMAIN;48,850347;2,347559
202300031639;2;3;2023;17:20;1;974;97411;2;6;1;3;MACE (BOULEVARD GABRIEL);-20,87649;55,44227
202300031640;29;7;2023;08:05;1;75;75118;2;2;1;7;RUE DAMREMONT;48,890554;2,334311
202300031641;24;5;2023;07:20;1;59;59653;1;1;1;2;RN 41;50,58404;2,906678
202300031642;6;11;2023;20:15;4;6;6083;2;6;1;6;COTY (COURS RENE, SENS MONT/MER);43,77578;7,48842
202300031643;14;4;2023;12:30;1;75;75120;2;2;1;3;RUE DES PYRENEES;48,85764;2,403897
202300031644;23;5;2023;18:05;1;48;48032;1;1;1;6;A75, PK 148+900 N/S -;44,617882;3,255284
202300031645;28;7;2023;17:30;1;75;75115;2;1;1;3;RUE DE SEVRES;48,845563;2,312553
202300031646;1;3;2023;12:07;1;974;97409;2;3;1;6;BOIS ROUGE (chemin du);-20,92903;55,64493
202300031647;26;4;2023;19:10;2;6;6029;2;1;1;6;POESIE (AVENUE PIERRE);43,553;6,963
202300031648;14;4;2023;17:40;1;75;75119;2;2;2;1;AVENUE SIMON BOLIVAR;48,878397;2,374222
202300031649;23;5;2023;16:35;1;4;4102;1;1;1;2;D900;44,409792;6,45369
202300031650;28;7;2023;15:25;1;75;75115;2;2;2;6;QUAI ANDRE CITROEN;48,84915;2,281893
202300031651;2;3;2023;17:25;1;69;69383;2;2;1;6;Avenue Maréchal de Saxe;45,75602;4,84649
202300031652;11;11;2023;10:45;1;6;6027;2;2;1;3;NICE AVENUE DE (RN7);43,6551526;7,1513529
202300031653;14;4;2023;09:10;1;75;75118;2;3;1;3;BOULEVARD BARBES;48,88527;2,349529
202300031654;24;5;2023;10:15;1;51;51030;1;1;1;3;D1;49,045442;4,061975
202300031655;2;3;2023;17:31;1;972;97213;2;1;1;6;ERNEST ANDRE (RUE);14,616066;-61,001366
202300031656;29;7;2023;09:25;1;75;75112;2;3;1;3;AVENUE DAUMESNIL;48,847129;2,375706
202300031657;24;5;2023;07:25;2;19;19261;1;1;1;7;Laval;45,649347;2,166511
202300031658;11;11;2023;01:25;5;75;75120;2;1;1;2;RUE DE BELLEVILLE;48,875344;2,396486
202300031659;14;4;2023;00:10;5;75;75118;2;3;1;3;BOULEVARD NEY;48,897735;2,337508
202300031660;1;3;2023;09:40;1;972;97209;2;5;1;6;GENERAL DE GAULLE (BLD DU);14,60763;-61,06895
202300031661;20;5;2023;18:30;1;56;56166;1;1;7;6;Le Guerveur D769;47,935351;-3,366237
202300031662;29;7;2023;14:55;1;75;75108;2;2;1;3;PLACE DE LA CONCORDE;48,865855;2,319885
202300031663;14;4;2023;19:15;2;75;75117;2;3;2;6;RUE DE COURCELLES;48,88292;2,299351
202300031664;11;11;2023;16:10;1;75;75117;2;2;1;3;RUE DE LA JONQUIERE;48,893559;2,322663
202300031665;2;3;2023;20:25;5;69;69384;2;2;1;3;Rue du Chariot d'Or;45,77757;4,83606
202300031666;29;7;2023;12:30;1;75;75108;2;7;1;3;PLACE CHARLES DE GAULLE;48,874096;2,295774
202300031667;14;4;2023;14:54;1;75;75117;2;3;3;7;RUE CARDINET;48,890241;2,31723
202300031668;23;5;2023;18:15;1;59;59436;1;2;1;5;Route de Bourbourg;50,789249;2,390749
202300031669;11;11;2023;02:20;5;75;75116;2;5;1;3;RUE LARGILLIERE;48,858025;2,272572
202300031670;14;4;2023;19:45;2;75;75116;2;1;2;2;BOULEVARD MURAT;48,838933;2,256786
202300031671;29;7;2023;01:20;5;75;75101;2;2;1;6;QUAI DES TUILERIES;48,86407;2,320124
202300031672;2;3;2023;16:20;1;69;69384;2;9;1;6;85 Boulevard de la Croix-Rousse;45,77375703;4,82409765
202300031673;11;11;2023;11:00;1;75;75115;2;1;1;6;RUE CAUCHY;48,843203;2,275469
202300031674;24;5;2023;19:00;1;76;76549;2;1;1;1;rd 2;49,760151;0,928699
202300031675;14;4;2023;02:30;5;75;75116;2;3;1;1;AVENUE RAYMOND POINCARE;48,870878;2,285031
202300031676;22;2;2023;08:50;1;91;91228;2;1;1;6;RUE HENRI DESBRUERES;48,618587;2,451078
202300031677;10;11;2023;23:15;5;75;75115;2;2;9;6;RUE DES ENTREPRENEURS;48,845651;2,287981
202300031678;23;5;2023;17:55;1;79;79204;2;2;1;1;;46,187374;-0,25511
202300031679;14;4;2023;08:46;1;75;75110;2;1;1;3;RUE DU FAUBOURG SAINT MARTIN;48,882201;2,366526
202300031680;16;2;2023;13:00;1;91;91174;2;1;1;6;RUE DE LA PAPETERIE;48,58714;2,47252
202300031681;11;11;2023;19:15;5;75;75111;2;2;1;1;AVENUE DE LA REPUBLIQUE;48,862882;2,387147
202300031682;14;4;2023;18:25;1;75;75109;2;2;2;3;RUE DE LA VICTOIRE;48,875199;2,335222
202300031683;16;2;2023;09:00;1;91;91228;2;2;1;6;BD DU MARECHAL LECLERC;48,63154;2,44119
202300031684;24;5;2023;11:35;1;65;65031;1;1;1;7;Route d'Arreau;42,931259;0,367441
202300031685;11;11;2023;00:50;5;75;75111;2;2;1;3;RUE DE CHARONNE;48,853271;2,377298
202300031686;14;4;2023;14:30;1;75;75108;2;1;2;4;RUE DE SAINT PETERSBOURG;48,879669;2,323935
202300031687;2;3;2023;18:00;1;83;83137;2;1;1;2;GUILLEMARD (RUE ROBERT);43,12523;5,92443
202300031688;24;5;2023;06:45;1;71;71310;2;1;1;7;Rue de Mâcon;46,741169;4,477186
202300031689;13;4;2023;19:52;1;75;75104;2;1;1;7;RUE DES NONNAINS D HYERES;48,853932;2,358344
202300031690;11;11;2023;17:25;5;75;75110;2;1;1;6;BOULEVARD DE STRASBOURG;48,872979;2,356313
202300031691;24;5;2023;10:30;1;89;89370;2;1;1;6;Rue de la République;48,180849;3,08858
202300031692;1;3;2023;17:10;1;82;82121;1;1;1;1;ROUTE DE BORDEAUX;44,04045;1,30521
202300031693;14;4;2023;19:59;1;94;94074;2;1;2;3;Avenue du Rû de Gironde;48,746022;2,463227
202300031694;10;11;2023;21:00;2;75;75104;2;3;2;6;BOULEVARD HENRI IV;48,851537;2,363686
202300031695;14;4;2023;15:30;1;94;94033;2;1;2;6;21 Rue Roger Salengro;48,85159;2,48712
202300031696;24;5;2023;10:11;1;41;41159;1;1;1;2;D923;47,533978;1,829385
202300031697;25;2;2023;02:37;5;80;80021;2;1;1;6;SAINT FUSCIEN (RUE);49,87435;2,3065
202300031698;11;11;2023;07:08;5;94;94078;2;9;1;6;Rue de Paris;48,75481;2,44437
202300031699;3;3;2023;02:15;3;79;79300;1;1;1;7;;46,993093;-0,22577
202300031700;23;5;2023;19:52;1;68;68208;1;1;1;7;D21;47,563565;7,417576
202300031701;14;4;2023;20:00;1;94;94011;2;1;1;3;Avenue de Paris;48,7749;2,481
202300031702;21;5;2023;20:35;1;22;22381;1;1;1;7;D 786;48,75053;-3,34847
202300031703;1;3;2023;09:20;1;76;76681;2;3;7;6;Rue de Trianon;49,41577;1,08265
202300031704;14;4;2023;07:50;1;94;94028;2;3;1;3;Avenue Georges Duhamel / Rue Henri Doucet;48,77706;2,46888
202300031705;10;11;2023;16:00;1;94;94002;2;1;2;2;Quai de la Révolution;48,78186;2,419525
202300031706;28;2;2023;21:48;5;76;76270;2;1;1;6;BOIS (DU);49,52944;0,12558
202300031707;20;5;2023;14:55;1;29;29158;2;6;1;3;Rue Edmond Michelet;47,81363622;-4,3362616
202300031708;14;4;2023;07:40;1;94;94074;2;2;1;6;Rue Etienne Dolet / Avenue du Rû de Gironde;48,74528215;2,4638245
202300031709;11;11;2023;23:00;5;93;93078;2;1;1;3;Boulevard Robert Ballanger;48,95942541;2,55084277
202300031710;2;3;2023;07:15;2;72;72181;2;1;1;2;DEMORIEUX IMP DE ROCADE A RP D'ALLONNES;47,9786;0,1734
202300031711;23;5;2023;13:30;1;2;2303;2;6;1;3;;49,85847;3,253336
202300031712;13;4;2023;14:00;1;94;94011;1;1;1;4;D60;48,76243;2,47725
202300031713;1;3;2023;11:00;1;72;72181;2;1;1;3;FONDERIE (RUE DE LA);48,009039;0,194571
202300031714;11;11;2023;09:25;1;93;93077;2;3;8;3;Avenue du Général Galliéni / Rue Charles Hildevert;48,89204;2,5056
202300031715;24;5;2023;12:45;1;3;3254;2;1;1;6;Route de Gannat;46,303504;3,296703
202300031716;13;4;2023;11:00;1;94;94017;2;9;1;3;Avenue de la République;48,82688;2,51015
202300031717;28;2;2023;14:35;1;70;70261;1;1;1;6;RN19;47,62389;6,18919
202300031718;2;3;2023;23:00;5;69;69266;2;1;1;6;Avenue Paul Krüger;45,75588;4,89627
202300031719;14;4;2023;12:40;1;93;93073;1;2;2;3;Route de l'Epinette / Rue de Rome;49,00804;2,55757
202300031720;23;5;2023;17:00;1;1;1306;2;3;1;6;97 Grande Rue;46,260073;4,887832
202300031721;11;11;2023;13:00;1;93;93001;2;2;8;4;Avenue Jean Jaurès / Avenue de la République;48,903677;2,391914
202300031722;2;3;2023;11:15;1;69;69264;2;1;1;6;623 Rue de Thizy;45,98825;4,71048
202300031723;23;5;2023;18:45;1;1;1426;1;1;1;6;Route de Saint Etienne du Bois;46,285078;5,316347
202300031724;11;11;2023;13:59;1;92;92078;2;9;8;1;GALLIENI (BD) (1 A 79 ET 22 A 102);48,92795;2,33113
202300031725;13;4;2023;18:30;1;93;93046;2;2;2;5;Avenue Paul Bert / Avenue Vauban;48,919006;2,524444
202300031726;2;3;2023;03:45;5;66;66136;2;1;1;6;;42,70232;2,897476
202300031727;19;5;2023;10:45;1;72;72010;1;1;1;6;Cimetière;47,890593;-0,240203
202300031728;14;4;2023;11:00;1;93;93070;2;1;1;3;136 Avenue Michelet;48,90229793;2,34412059
202300031729;10;11;2023;19:10;5;92;92048;2;3;2;3;GABRIELE D' ANNUNZIO (RUE);48,78835764;2,23008256
202300031730;1;3;2023;10:05;1;66;66136;2;1;1;6;;42,72242805;2,88627684
202300031731;14;4;2023;07:30;1;93;93066;2;9;1;3;Avenue Lénine;48,9373327;2,36816043
202300031732;11;11;2023;05:30;5;92;92012;2;3;2;6;POINT DU JOUR (QUAI DU);48,82816;2,25367
202300031733;24;5;2023;12:10;1;50;50219;1;3;1;5;Route de la Houguette;49,068995;-1,460023
202300031734;2;3;2023;15:36;1;64;64132;2;1;1;2;MARECHAL FOCH;43,28751;-0,35011
202300031735;14;4;2023;18:45;2;93;93031;2;3;2;6;Avenue de la République / Avenue de la Marne;48,95015;2,32837
202300031736;26;9;2023;08:35;1;40;40075;1;9;1;6;A63;43,835078;-1,180244
202300031737;24;5;2023;07:40;1;60;60319;1;1;1;7;D981;49,355061;1,942256
202300031738;1;3;2023;09:00;1;64;64445;2;1;1;6;ALSACE LORRAINE D';43,3039;-0,36596
202300031739;14;4;2023;09:10;1;92;92073;2;1;1;6;DE LATTRE DE TASSIGNY (BOULEVARD DU MARE;48,866267;2,215774
202300031740;23;5;2023;14:00;1;73;73019;1;1;1;6;D72;45,519662;6,317954
202300031741;12;11;2023;06:30;3;91;91086;1;9;2;1;D31;48,602836;2,383046
202300031742;14;4;2023;10:50;1;92;92064;1;9;1;3;ROUTE DE PARIS A VERSAILLES;48,84168156;2,21584931
202300031743;1;3;2023;15:45;1;64;64122;2;2;1;3;MARIE HOPE VERE (RUE);43,48285;-1,55658
202300031744;12;11;2023;13:45;1;38;38336;1;1;1;7;N7;45,495661;4,836334
202300031745;22;5;2023;04:25;3;36;36018;1;1;1;6;Rue du Marchais;46,648939;1,070518
202300031746;12;11;2023;16:30;2;21;21572;1;1;2;6;A36;47,121775;5,390339
202300031747;13;4;2023;21:55;5;92;92063;2;1;2;5;COLMAR (AVENUE DE);48,88715387;2,16948062
202300031748;1;3;2023;09:45;1;64;64122;2;1;1;3;MARNE (AVENUE DE LA);43,4819;-1,54296
202300031749;23;5;2023;22:45;3;24;24484;2;1;1;6;D6089;45,122634;0,85695
202300031750;24;5;2023;12:20;1;85;85234;2;1;1;3;23 Rue de challans;46,793572;-2,053686
202300031751;2;3;2023;16:10;1;64;64024;2;1;1;3;COMPAGNET (GIRATOIRE DE);43,46047975;-1,49623007
202300031752;2;10;2023;10:20;1;71;71550;1;1;1;2;Autoroute A6, sens Paris-Lyon, PK 366.600;46,489005;4,894897
202300031753;14;4;2023;16:45;1;92;92050;2;4;3;3;HAVRE BOULEVARD DU;48,91886166;2,22245961
202300031754;12;11;2023;00:45;3;974;97422;1;1;8;6;140 Rue Emile Zola;-21,241001;55,493328
202300031755;14;4;2023;16:45;1;92;92050;2;1;2;3;SAULES RUE DES;48,90973433;2,21578091
202300031756;24;5;2023;16:50;1;28;28116;1;4;1;3;Intersection D23/D139;48,457925;1,243032
202300031757;1;3;2023;13:10;1;63;63113;2;2;1;2;BRUGIERE / Gravanche;45,78969;3,11806
202300031758;12;11;2023;08:00;1;972;97222;2;1;1;6;Pontaléry;14,668693;-60,94766
202300031759;14;4;2023;12:25;1;92;92049;2;2;1;3;GINOUX AVENUE HENRI AUTRES N°;48,81121;2,31843
202300031760;13;4;2023;21:25;5;92;92025;2;1;3;6;HENRI BARBUSSE (AV);48,918542;2,252655
202300031761;22;5;2023;17:20;1;87;87116;1;9;1;3;N147;46,128073;1,009927
202300031762;2;3;2023;13:30;1;60;60057;2;2;1;3;Avenue du 8 Mai 1945;49,44131;2,09517
202300031763;11;11;2023;14:50;1;972;97205;1;1;1;5;Route Nationale 2;14,633023;-61,129131
202300031764;23;5;2023;20:37;1;37;37050;2;1;1;6;41 Rue de la Plaine;47,343281;0,715182
202300031765;1;3;2023;23:00;3;59;59343;2;6;1;6;DOUAI RUE DE       N° PAIR;50,58323;3,08886
202300031766;14;4;2023;17:52;1;92;92024;2;2;2;3;JEAN JAURES (BD) DE 47 A 109)   (56 A 14;48,90115;2,30526
202300031767;11;11;2023;17:55;3;44;44071;2;3;2;3;14 Rue de la châtaigneraie;47,186187;-1,43797
202300031768;24;5;2023;12:40;1;30;30228;1;1;1;6;;43,958472;4,332561
202300031769;14;4;2023;22:55;5;92;92023;2;3;2;7;BIEVRES (RUE DE);48,79392;2,2651
202300031770;2;3;2023;09:00;1;59;59350;2;1;1;7;Avenue Le Corbusier;50,63737496;3,07057679
202300031771;24;5;2023;09:15;1;52;52442;1;1;1;1;N67;48,431649;5,148554
202300031772;14;4;2023;06:30;2;92;92012;2;3;1;3;EDOUARD VAILLANT (AVENUE) 57/FIN - 58/FI;48,83472775;2,24703938
202300031773;1;3;2023;11:30;1;59;59024;2;1;1;1;CALVAIRE (RUE);50,33369;3,23256
202300031774;10;11;2023;15:30;1;95;95633;1;1;2;4;D317;48,999831;2,484176
202300031775;15;4;2023;06:30;2;51;51457;1;1;2;7;D1E4;49,094332;3,777848
202300031776;23;5;2023;07:48;2;67;67176;1;1;1;2;D1062;48,881055;7,67101
202300031777;2;3;2023;21:50;3;59;59043;1;1;1;6;MONT NOIR (ROUTE DU);50,7591;2,75119
202300031778;13;4;2023;06:30;1;972;97217;2;6;1;3;D9;14,469744;-60,85708
202300031779;12;11;2023;18:50;3;56;56010;1;3;2;3;Tenuel;47,866789;-3,049521
202300031780;1;3;2023;11:25;1;57;57631;2;1;1;1;DEVIATION SUD;49,10701;7,08569
202300031781;21;5;2023;16:58;1;11;11170;2;1;2;1;1 Boulevard du Bois de l’Etang;43,111796;3,092474
202300031782;28;3;2023;16:35;1;83;83004;1;1;1;5;Rdn 7;43,447171;6,48159
202300031783;2;3;2023;05:20;3;56;56121;1;1;1;6;D465 Desserte Portuaire;47,75006;-3,38707
202300031784;14;4;2023;18:10;1;23;23195;2;3;3;3;D940;46,204811;1,905307
202300031785;10;11;2023;12:50;1;2B;2B043;1;1;6;1;Sagro;42,796302;9,490034
202300031786;23;5;2023;20:55;2;29;29234;1;1;1;3;D62;47,86251164;-3,50471948
202300031787;1;3;2023;07:40;1;56;56121;2;1;1;3;39 Rue Monistrol;47,73755;-3,38225
202300031788;15;4;2023;14:00;1;52;52014;1;1;3;6;A31 PK97.050 direction Dijon (21);47,76917461;5,19473681
202300031789;12;11;2023;06:30;3;80;80613;1;1;1;6;D1015;50,041773;1,462355
202300031790;12;11;2023;02:30;3;71;71543;2;1;3;6;D215;46,568929;4,890193
202300031791;22;5;2023;22:50;4;37;37110;1;4;1;3;D976;47,32100449;1,0639143
202300031792;1;3;2023;09:12;1;54;54184;2;1;1;1;RD 674;48,70077;6,24274
202300031793;13;4;2023;08:55;1;22;22389;1;1;1;4;N12;48,47923;-2,666411
202300031794;24;5;2023;11:10;1;77;77175;1;1;1;1;Route departementale 619 PK 6+900;48,631391;2,642534
202300031795;14;4;2023;11:05;1;62;62307;1;1;1;7;D243;50,914994;1,732385
202300031796;11;11;2023;04:30;3;63;63165;1;1;1;6;route de ligny;45,786021;2,464854
202300031797;1;3;2023;17:00;1;54;54099;2;1;1;6;MONDON (RUE RAYMOND);49,2499;5,9416
202300031798;15;4;2023;18:05;1;56;56140;1;6;1;6;Kerrozet D767E;47,900132;-2,808836
202300031799;10;11;2023;11:05;1;49;49155;1;1;1;7;D775;47,594689;-0,704842
202300031800;23;5;2023;22:05;3;91;91148;1;1;1;1;D148;48,50563;2,163416
202300031801;15;4;2023;01:20;3;56;56177;1;1;2;6;Kerlihuen;47,824577;-3,048642
202300031802;1;3;2023;09:45;1;51;51454;2;1;1;6;rue Bertrand De Mun;49,25213;4,06262
202300031803;23;5;2023;17:20;1;2B;2B168;2;1;1;7;D63;42,629637;8,948241
202300031804;15;4;2023;00:45;3;56;56186;2;1;1;6;14 Rue du Phare;47,479766;-3,123143
202300031805;4;11;2023;15:00;1;39;39470;1;1;3;1;N/A;46,48466;6,042478
202300031806;9;3;2023;12:20;1;47;47001;2;1;1;6;LABOULBENE (RUE);44,201;0,62138
202300031807;15;4;2023;12:40;1;56;56243;2;1;1;7;Route de Moustérian;47,614286;-2,730966
202300031808;23;5;2023;12:00;1;84;84036;2;2;1;2;15 Route de Caumont;43,926722;4,948418
202300031809;10;11;2023;07:00;2;25;25278;1;1;2;1;RD 104-PK 43+200;47,232931;6,290596
202300031810;15;4;2023;07:15;1;79;79132;1;1;1;7;N/A;47,0183015;-0,45387
202300031811;23;5;2023;17:50;1;68;68262;1;1;1;7;D431;47,921379;7,03876
202300031812;12;11;2023;09:00;1;35;35290;1;1;1;6;Tremel;48,10330215;-2,10713804
202300031813;2;3;2023;19:45;5;38;38185;2;5;1;1;PORTE DE FRANCE (PONT DE LA);45,19336;5,71987
202300031814;14;4;2023;21:05;3;80;80019;1;1;1;1;D 936;49,958882;1,869559
202300031815;14;4;2023;21:50;3;82;82192;1;1;2;6;Route d?Albi;43,92411;1,515405
202300031816;23;5;2023;23:00;3;88;88183;1;1;1;2;Voie verte;48,384131;5,696862
202300031817;12;11;2023;01:20;3;38;38422;1;1;2;6;Route de Champ Ruti;45,162901;5,82704
202300031818;2;3;2023;08:50;1;38;38185;2;4;1;6;RUE HONORÉ DE BALZAC;45,17444;5,72441
202300031819;14;4;2023;19:50;1;71;71010;2;1;2;6;Route du Paquier Neuf;46,90358;4,446966
202300031820;24;5;2023;16:40;1;55;55414;1;1;1;7;D27;48,809939;4,914755
202300031821;15;4;2023;07:30;2;63;63149;1;1;2;7;route départementale 224;45,896579;3,270922