Num_Acc;jour;mois;an;hrmn;lum;dep;com;agg;int;atm;col;adr;lat;long
202300031822;12;11;2023;17:50;5;38;38012;1;1;3;5;D592;45,612874;5,610041
202300031823;2;3;2023;13:00;1;35;35150;1;1;1;5;RN12;48,34346;-1,22193
202300031824;24;5;2023;18:16;1;69;69159;2;1;1;3;224 Route de Liergues;45,961215;4,651076
202300031825;11;11;2023;14:40;1;84;84068;1;1;1;1;rd943;43,785223;5,345535
202300031826;8;4;2023;14:45;1;63;63443;1;3;1;7;D211;45,93823832;3,17777127
202300031827;23;5;2023;11:40;1;14;14258;2;1;1;3;Rue Georges Clémenceau;48,89593;-0,19483
202300031828;11;11;2023;16:15;1;7;7319;2;1;1;1;Chemin Joseph Lapierre;44,536409;4,67185
202300031829;2;3;2023;23:25;5;33;33318;2;9;1;3;Avenue du Bourgailh;44,80388;-0,66266
202300031830;14;4;2023;17:49;1;61;61087;1;1;1;1;D8;48,568188;0,422822
202300031831;10;11;2023;12:33;1;7;7157;2;1;1;6;Route de Privas;44,61169;4,718064
202300031832;23;5;2023;16:42;1;56;56178;2;1;1;6;Rue Roger Vercel;48,064235;-2,957543
202300031833;15;4;2023;15:30;1;12;12113;1;1;1;6;voie communale;44,272223;2,364217
202300031834;2;3;2023;02:05;5;33;33063;2;2;1;3;Cours Aristide Briand;44,83202;-0,57786
202300031835;23;5;2023;16:05;1;22;22040;1;1;1;6;D8;48,523085;-3,168848
202300031836;14;4;2023;22:15;3;2;2489;1;2;1;6;D7;49,564119;3,551596
202300031837;12;11;2023;07:05;2;21;21429;1;1;2;1;D980;47,59777;4,32629
202300031838;28;2;2023;08:55;1;33;33162;2;1;1;1;Rue du Moulineau;44,87534;-0,6646
202300031839;15;4;2023;02:15;3;72;72315;1;1;1;6;le chant de la croix qualeux;48,18444;-0,10545
202300031840;8;11;2023;18:35;5;85;85084;2;1;3;6;RD160;46,77172;-1,226987
202300031841;2;3;2023;18:10;1;28;28404;2;1;1;6;CRECY (ROUTE DE);48,7323;1,34086
202300031842;24;5;2023;00:45;4;27;27022;2;1;1;7;Rue de la Chartreuse;49,171102;1,338439
202300031843;12;11;2023;03:30;3;17;17024;1;1;2;7;Rue de Mondevis;46,013297;-0,355511
202300031844;15;4;2023;11:35;1;64;64065;1;3;2;3;448 Route de Dorrea;43,353128;-1,642606
202300031845;2;3;2023;13:00;1;27;27375;2;1;7;1;VEXIN (CHAUSSEE DU);49,21865;1,17654
202300031846;14;4;2023;22:10;3;24;24577;1;1;3;1;D57;44,852332;1,200525
202300031847;23;5;2023;20:45;2;59;59139;2;6;7;1;Boulevard du 8 Mai 1945;50,125747;3,422585
202300031848;14;4;2023;17:30;1;87;87185;1;1;3;6;LE GRAND MOREAU;45,876162;1,030583
202300031849;11;11;2023;06:50;2;37;37251;1;2;1;3;D959;47,518568;0,40397
202300031850;22;5;2023;00:40;3;33;33013;1;9;2;6;ROUTE NATIONALE 89;44,86702245;-0,47627449
202300031851;1;3;2023;08:38;1;27;27229;2;1;1;2;Avenue du Maréchal Foch;49,023875;1,12862
202300031852;15;4;2023;10:30;1;48;48041;1;1;8;1;D988;44,723526;3,745705
202300031853;11;11;2023;19:00;3;30;30018;1;1;1;1;D35;43,826617;4,047861
202300031854;23;5;2023;18:30;1;94;94034;1;1;1;2;A86;48,75762305;2,32812012
202300031855;9;4;2023;20:05;1;24;24331;1;1;1;6;6 Route des Coteaux;44,814785;0,425817
202300031856;12;11;2023;08:20;1;30;30224;1;1;1;7;CD 124;43,93499157;4,23327273
202300031857;23;5;2023;20:00;1;91;91086;1;1;1;2;RN 104;48,62374;2,38002
202300031858;2;3;2023;20:35;3;15;15012;1;1;1;2;RD 920;44,8719;2,44422
202300031859;15;4;2023;09:24;1;84;84007;1;3;1;5;N129;43,890022;4,915561
202300031860;23;5;2023;17:10;1;91;91086;1;1;1;5;RN 104;48,62364;2,39138
202300031861;14;4;2023;12:30;1;34;34163;1;3;1;3;D619 PR 4+752;43,631168;3,702993
202300031862;11;11;2023;20:20;3;64;64520;1;1;2;5;A64;43,315811;-0,278263
202300031863;15;4;2023;05:25;3;988;98803;1;1;1;6;RT1;-21,50737;165,453383
202300031864;12;11;2023;04:45;3;973;97311;2;1;1;6;Avenue Christophe Colomb;5,47676;-54,038551
202300031865;1;3;2023;12:05;1;13;13103;1;1;1;4;ROUTE DE JEAN MOULIN-RN 538;43,67738;5,09307
202300031866;8;4;2023;09:30;1;988;98829;1;1;1;7;RPS4 -Les petroglyphes;-21,635569;166,200426
202300031867;11;11;2023;13:30;1;33;33199;2;1;1;3;Avenue de Césarée;44,586547;-1,069032
202300031868;23;5;2023;17:55;1;91;91228;1;1;1;3;RN 104;48,61874631;2,42732003
202300031869;20;2;2023;02:50;3;13;13056;2;1;1;7;SAINT MACAIRE (chemin);43,42449;5,01953
202300031870;11;2;2023;20:00;5;971;97128;2;3;1;3;D114;16,284524;-61,371144
202300031871;12;11;2023;01:30;3;77;77217;1;1;2;2;D319;48,674654;2,675874
202300031872;11;4;2023;02:00;5;971;97125;1;1;1;2;RN5;16,293192;-61,290128
202300031873;1;3;2023;12:30;1;13;13214;2;1;1;3;ETIENNE DOLLET (RUE);43,3396943;5,39568721
202300031874;23;5;2023;18:00;1;91;91570;1;1;1;5;RN 104;48,62494;2,33068
202300031875;12;11;2023;12:55;1;2A;2A041;1;1;1;6;la trinite;41,413188;9,122236
202300031876;14;4;2023;14:20;1;972;97228;2;1;1;1;Rue de l?Enseignement;14,781297;-61,022299
202300031877;23;5;2023;19:00;1;95;95018;1;1;1;2;A15;48,96034883;2,2711122
202300031878;11;11;2023;17:00;2;66;66145;1;1;1;1;D23a;42,624395;2,823116
202300031879;9;4;2023;16:35;1;95;95199;2;1;1;2;D124;49,02389;2,32772
202300031880;2;3;2023;08:15;1;13;13214;2;3;1;3;ST JOSEPH A STE MARTHE (chemin);43,3436;5,38534
202300031881;10;11;2023;15:55;1;34;34327;2;2;1;6;7 avenue de la gare;43,658012;3,96827
202300031882;23;5;2023;18:15;1;93;93066;1;1;1;3;AUTOROUTE A1;48,91384971;2,35800952
202300031883;8;4;2023;10:35;1;78;78128;1;3;1;3;croisement D906/D91;48,669426;1,956596
202300031884;1;3;2023;19:00;5;13;13005;2;1;1;6;VERDUN (AVENUE DE);43,28926;5,57272
202300031885;11;11;2023;15:00;1;83;83047;2;1;1;6;Impasse Lavoisier;43,124221;6,074002
202300031886;14;4;2023;22:00;3;78;78090;1;1;1;2;ROUTE DÉPARTEMENTALE 113;48,957228;1,891687
202300031887;23;5;2023;12:30;1;95;95488;1;1;1;2;A15;49,01041606;2,1546185
202300031888;11;11;2023;15:10;1;83;83053;2;1;1;6;105 Route de Marseille;43,172812;5,829524
202300031889;14;4;2023;13:35;1;2B;2B296;1;1;1;3;RD 413;42,580993;8,902665
202300031890;23;5;2023;07:50;1;93;93006;1;1;1;3;AUTOROUTE A3;48,86576613;2,42064352
202300031891;11;11;2023;11:48;1;68;68351;1;1;2;1;RD 415 PK46+200;48,019525;7,576511
202300031892;2;3;2023;08:11;1;13;13001;2;3;1;1;SEXTIUS (COURS);43,52731;5,44322
202300031893;14;4;2023;15:10;1;2B;2B042;1;1;1;2;T11;42,590849;9,43927
202300031894;11;11;2023;11:50;1;3;3316;2;3;1;1;Rue de la Bergerie;46,664411;3,249217
202300031895;14;4;2023;13:30;1;4;4171;1;1;1;6;Route départementale 952;43,792852;6,383845
202300031896;1;3;2023;16:20;1;13;13001;1;1;1;5;RD9;43,50266;5,39588
202300031897;23;5;2023;10:05;1;93;93007;1;1;1;4;AUTOROUTE A3;48,92345412;2,48055468
202300031898;15;4;2023;14:10;1;68;68063;1;1;1;2;D1066;47,776137;7,208555
202300031899;11;11;2023;10:30;1;1;1313;1;3;2;2;D35B;46,254185;6,062758
202300031900;15;4;2023;07:05;3;1;1064;2;1;2;6;244 Route de Belley;45,76469;5,480166
202300031901;2;3;2023;17:05;2;6;6083;2;1;1;6;FRANCE (AVENUE PORTE DE,N°53 ET +);43,783978;7,517086
202300031902;23;5;2023;09:20;1;93;93006;1;1;1;2;AUTOROUTE A3;48,86576613;2,42064352
202300031903;15;4;2023;07:15;2;69;69036;2;1;1;6;188 Prés du Moulin;46,120797;4,650312
202300031904;10;11;2023;07:30;2;17;17185;1;1;8;3;D733;45,715274;-0,972011
202300031905;14;4;2023;23:00;3;69;69159;1;6;2;6;Route de Tarare;45,970086;4,672601
202300031906;2;3;2023;19:00;2;1;1053;2;2;1;3;MAGINOT ( AVENUE ) DE 1A 41;46,208768;5,227566
202300031907;23;5;2023;08:30;1;93;93007;1;1;1;5;AUTOROUTE A1;48,94925302;2,44676549
202300031908;11;11;2023;10:35;1;29;29057;2;3;8;3;Route de la Forêt-fouesnant;47,90519511;-3,99507291
202300031909;15;4;2023;11:40;1;22;22136;1;1;1;1;Bodin;48,16971;-2,726546
202300031910;14;4;2023;22:08;5;60;60360;2;1;2;2;Avenue Louis Aragon;49,330129;2,458245
202300031911;10;11;2023;12:00;1;22;22070;2;1;3;2;Avenue John Fitzgerald Kennedy;48,563005;-3,163075
202300031912;3;3;2023;10:30;1;75;75116;2;1;1;4;ECHANGEUR MUETTE;48,864239;2,266541
202300031913;22;5;2023;10:00;1;93;93013;1;1;1;5;AUTOROUTE A1;48,94049514;2,42470833
202300031914;2;3;2023;20:25;5;75;75113;2;1;1;3;PORTE D IVRY;48,820004;2,374225
202300031915;15;4;2023;11:00;1;60;60461;1;1;2;3;rd938;49,449741;2,162011
202300031916;10;11;2023;18:28;3;35;35191;1;2;1;3;intersection d103/d15/d102;48,459341;-1,310409
202300031917;21;5;2023;23:30;3;93;93005;1;1;1;6;AUTOROUTE A3;48,95912873;2,47345001
202300031918;14;4;2023;12:00;1;59;59659;2;1;1;3;16 rue de Verdun;50,017023;4,018432
202300031919;11;11;2023;16:45;1;76;76462;2;2;2;6;Rue de Drincourt;49,734069;1,436999
202300031920;1;3;2023;08:45;1;75;75113;2;1;1;3;PORTE D IVRY;48,821086;2,377998
202300031921;23;5;2023;19:00;1;94;94017;1;1;1;2;A4;48,82648029;2,52228801
202300031922;3;3;2023;17:45;1;75;75118;2;1;1;6;AVENUE DE LA PORTE DE CLIGNANCOURT;48,898852;2,34424
202300031923;12;11;2023;06:20;5;80;80780;2;3;2;6;2 Rue Curie;50,11998;1,551915
202300031924;23;5;2023;15:20;1;94;94017;1;1;1;3;A4;48,8287204;2,47702199
202300031925;12;4;2023;10:25;1;42;42207;1;1;1;5;A47;45,48694;4,504223
202300031926;3;3;2023;13:00;1;75;75118;2;2;1;6;RUE LIEUTENANT COLONEL DAX;48,901182;2,339985
202300031927;10;11;2023;21:04;5;13;13215;1;1;1;4;A7-Sens Marseille vers Lyon;43,34591;5,37357
202300031928;16;3;2023;20:05;5;43;43157;2;3;1;3;Avenue du Val Vert;45,030185;3,883486
202300031929;14;4;2023;17:45;1;33;33063;1;1;3;4;ROCADE A 630;44,88019;-0,53823
202300031930;3;3;2023;17:30;1;75;75116;2;2;1;3;BOULEVARD EXELMANS;48,840877;2,265178
202300031931;13;4;2023;08:25;1;62;62907;1;1;1;6;AUTOROUTE A1;50,47743;2,98021
202300031932;10;11;2023;12:20;1;13;13117;1;1;1;5;A7-Sens Lyon vers Marseille;43,42649223;5,26333366
202300031933;9;4;2023;08:32;1;59;59459;1;1;5;6;AUTOROUTE A23;50,3745;3,47493
202300031934;11;11;2023;04:35;3;83;83090;1;1;1;6;A50;43,1241327;5,87154558
202300031935;3;3;2023;15:00;1;75;75116;2;3;1;6;RUE DE PASSY;48,857741;2,279922
202300031936;16;3;2023;18:45;5;43;43099;2;2;1;3;Route de Lempdes;45,388328;3,304433
202300031937;11;11;2023;19:40;5;33;33487;1;1;2;6;AUTOROUTE A 10;44,95230669;-0,45964479
202300031938;14;4;2023;16:55;1;91;91064;1;1;2;4;RN 118;48,74422;2,19048
202300031939;16;3;2023;17:00;1;43;43132;1;1;1;1;Pont de Costet;45,116389;3,49082
202300031940;3;3;2023;11:20;1;75;75116;2;1;1;3;RUE DU RANELAGH;48,853354;2,278733
202300031941;14;4;2023;00:40;5;92;92004;1;1;1;6;RN315 W;48,91514617;2,30963154
202300031942;11;3;2023;20:35;5;43;43041;2;6;1;6;Place de La Mairie;45,04696445;3,92664403
202300031943;14;4;2023;09:00;1;93;93005;1;1;1;3;AUTOROUTE A3;48,96024199;2,47332287
202300031944;11;11;2023;15:00;1;33;33039;1;1;2;4;ROCADE A 630;44,79584035;-0,5386278
202300031945;13;4;2023;17:15;1;92;92036;1;1;1;6;AUTOROUTE A15;48,94122394;2,29162986
202300031946;2;3;2023;19:15;5;75;75113;2;1;1;2;BOULEVARD PERIPHERIQUE EXTERIEUR SUD;48,824117;2,383399
202300031947;11;3;2023;11:40;1;43;43218;1;1;8;5;N 88;45,062609;4,018164
202300031948;12;4;2023;08:00;1;92;92036;1;1;1;6;AUTOROUTE A15;48,93788866;2,29766722
202300031949;11;11;2023;04:15;4;33;33039;1;1;2;4;ROCADE A 630;44,79166805;-0,5404222
202300031950;10;3;2023;08:55;1;43;43157;2;1;1;6;Rue des Tables;45,04542;3,88262
202300031951;24;1;2023;18:30;5;2A;2A004;2;1;1;2;BONAPARTE CHARLES  BD;41,93389;8,74789
202300031952;3;3;2023;16:35;1;75;75111;2;3;1;3;RUE SAINT MAUR;48,86212;2,380157
202300031953;5;3;2023;11:55;1;43;43157;2;1;1;6;1 Avenue de la Dentelle;45,04209;3,88867
202300031954;11;11;2023;03:55;3;91;91377;1;1;1;4;AUTOROUTE A10;48,72183;2,29553
202300031955;13;4;2023;12:22;1;976;97611;2;1;1;3;tsoundzou-Kwalé ( route de );-12,82037;45,19535
202300031956;3;3;2023;20:45;5;75;75110;2;2;1;2;BOULEVARD DE STRASBOURG;48,86933038;2,35427141
202300031957;2;3;2023;17:10;2;43;43157;2;1;1;6;7 Boulevard Marechal Fayolle;45,04214;3,88591
202300031958;13;4;2023;16:30;1;974;97411;2;1;1;2;VINH-SAN (BLD 1 DU PRINCE);-20,88739;55,44134
202300031959;10;11;2023;23:55;3;94;94076;1;1;2;5;A6B;48,78543196;2,34573083
202300031960;22;5;2023;21:25;5;95;95277;2;1;1;6;D370;48,99419719;2,42385864
202300031961;12;4;2023;05:20;5;69;69152;2;6;1;3;Chemin d'Yvours;45,6929777;4,82765637
202300031962;3;3;2023;16:20;1;75;75107;2;3;1;3;RUE SAINT DOMINIQUE;48,858315;2,322369
202300031963;13;4;2023;14:08;1;2B;2B033;2;1;1;2;ROUTE ROYALE;42,678036;9,432629
202300031964;3;3;2023;14:41;1;75;75107;2;1;1;6;QUAI BRANLY;48,862156;2,300001
202300031965;10;11;2023;21:31;3;91;91161;1;1;8;4;AUTOROUTE A6;48,69586;2,31743
202300031966;22;5;2023;17:00;1;42;42095;2;4;1;6;Rue Verdié;45,39055;4,28553
202300031967;12;4;2023;15:45;1;2B;2B033;2;1;1;6;11 - RT;42,67081;9,44359
202300031968;11;11;2023;19:00;3;92;92036;1;1;8;2;RN315 Y;48,92009017;2,30667222
202300031969;2;3;2023;22:55;5;75;75102;2;2;1;3;BOULEVARD DE SEBASTOPOL;48,863402;2,350948
202300031970;22;5;2023;18:20;1;75;75115;2;3;1;6;RUE DE LA FEDERATION;48,854314;2,292312
202300031971;12;4;2023;18:30;1;2A;2A004;2;4;1;1;PARC IMPERIAL RCE RTE DES CEDRES;41,9088;8,71801
202300031972;11;11;2023;17:06;2;92;92050;1;4;8;7;A14;48,90293811;2,20539182
202300031973;20;5;2023;16:35;1;76;76351;2;1;1;6;IRENE JOLIOT CURIE (RUE);49,50974;0,10166
202300031974;12;4;2023;14:20;1;83;83129;2;1;7;6;FARAUD LOUIS (BD ET PONT);43,095576;5,83712
202300031975;2;3;2023;17:50;1;94;94046;2;1;1;5;Avenue du Général de Gaulle;48,81313;2,4214
202300031976;11;11;2023;21:40;3;93;93064;1;1;1;2;AUTOROUTE A86;48,87012;2,48243
202300031977;13;4;2023;14:10;1;83;83061;2;9;6;3;AVENUE DU HUIT MAI 1945;43,432637;6,725205
202300031978;12;3;2023;14:50;1;43;43234;2;6;1;3;Avenue du Gévaudan;44,956071;3,541213
202300031979;3;3;2023;13:40;1;94;94003;2;1;1;2;Avenue Gabriel Péri;48,8046;2,34425
202300031980;11;11;2023;18:35;3;95;95582;1;1;1;2;A15;48,97522663;2,24280953
202300031981;12;4;2023;21:35;2;83;83061;2;3;1;3;RUE DU DOCTEUR DONNADIEU;43,43287;6,75449
202300031982;3;3;2023;13:15;1;94;94076;2;1;1;2;175 Boulevard Maxime Gorki;48,787631;2,367891
202300031983;22;5;2023;19:40;5;976;97611;2;1;1;1;cavani-Kavani sud ( rue );-12,78609;45,21893
202300031984;10;11;2023;15:30;1;77;77288;2;1;2;6;ALMONT (BOULEVARD DE L');48,543519;2,67849
202300031985;22;5;2023;06:10;2;974;97416;1;1;1;6;ANCIENNE RN 1;-21,32543;55,44706
202300031986;14;6;2023;14:30;1;24;24256;2;1;1;1;BORDEAUX (ROUTE DE);45,18301;0,65237
202300031987;3;3;2023;21:10;5;94;94033;2;2;1;3;12 Rue Notre Dame;48,84601879;2,47037172
202300031988;13;4;2023;08:40;2;78;78440;2;6;1;6;EUROPE (AVENUE DE L');48,97453;1,91684
202300031989;10;11;2023;21:00;5;988;98818;2;3;2;6;AVENUE JAMES COOK/RUE DU C.A. JOSEPH DU BOUZET;-22,26718;166,41238
202300031990;21;5;2023;22:00;5;974;97411;1;9;1;6;RAMBAUD (LEOPOLD);-20,8866;55,4895
202300031991;25;2;2023;02:15;4;94;94028;2;1;1;5;Rue de l’Echat;48,8014;2,44663
202300031992;10;11;2023;17:50;2;974;97411;2;2;1;3;VAUTHIER (RUE  MARCEL);-20,91218;55,50229
202300031993;22;5;2023;14:45;1;973;97302;2;2;2;4;FELIX EBOUE(ROCADE);4,92952;-52,31513
202300031994;12;4;2023;20:00;1;77;77305;2;4;1;3;Rue du Général Pajol;48,3994;2,9611
202300031995;2;3;2023;14:45;1;94;94028;2;1;1;3;96 Av du Mal de Lattre de Tassigny;48,800681;2,450675
202300031996;10;11;2023;07:15;1;974;97411;2;3;1;6;BOIS DE NEFLES (ROUTE DE);-20,90196;55,47713
202300031997;22;5;2023;13:20;1;69;69386;2;1;1;1;74 Rue Vauban;45,76543137;4,84947962
202300031998;2;3;2023;19:00;2;94;94079;2;1;1;6;2 Boulevard de Friedberg;48,83265734;2,54380462
202300031999;9;11;2023;20:10;5;974;97411;2;1;1;1;OCEAN (BOULEVARD DE L');-20,87934;55,45807
202300032000;13;4;2023;23:42;5;76;76322;2;1;6;7;Rue Hector Berlioz;49,40564;1,04872
202300032001;9;11;2023;12:10;1;974;97411;2;1;1;2;LANCASTEL (BOULEVARD);-20,87502;55,45396
202300032002;21;5;2023;09:47;1;972;97213;1;1;1;2;ROUTE NATIONALE 5;14,59451;-60,98438
202300032003;2;3;2023;16:00;1;94;94017;2;9;1;3;Voie Sonia Delaunay;48,8135;2,52804
202300032004;14;4;2023;01:10;5;69;69266;2;2;2;3;Rue Alexandre Boutin;45,76522;4,86888
202300032005;8;11;2023;10:45;1;974;97411;2;2;3;3;AUBER (RUE JULES);-20,88107;55,4536
202300032006;1;3;2023;18:00;1;94;94017;2;1;1;6;Rue Détaille;48,81204608;2,54803868
202300032007;14;4;2023;02:15;5;69;69290;2;1;2;6;112 Chemin de Saint Bonnet de Mure;45,69185;4,9671
202300032008;21;5;2023;22:55;5;972;97209;1;1;1;2;AUTOROUTE (A1);14,61828;-61,03646
202300032009;10;11;2023;15:53;1;973;97302;1;9;1;3;CRIQUE FOUILLEE (ROND POINT);4,89712;-52,32859
202300032010;13;4;2023;20:50;5;69;69259;2;3;2;6;14a Avenue Marcel Paul;45,70054;4,88137
202300032011;1;3;2023;09:01;1;93;93066;2;9;1;3;Boulevard Anatole France;48,92645164;2,35152841
202300032012;10;11;2023;20:30;5;69;69386;2;2;2;2;Rue des Emeraudes;45,7691;4,86054
202300032013;13;4;2023;11:20;1;67;67482;2;3;1;2;CANONNIERS (RUE DES);48,55448;7,76639
202300032014;10;11;2023;12:50;2;69;69386;2;1;1;6;Rue Tronchet;45,76983;4,84763
202300032015;12;4;2023;17:25;1;63;63113;2;1;1;7;BLATIN (RUE);45,77651;3,07522
202300032016;21;5;2023;21:15;3;971;97101;1;1;2;5;ROUTE DE BOISVINS;16,26398;-61,47801
202300032017;10;11;2023;08:40;1;69;69387;2;1;3;3;Rue Domer;45,74686;4,84511
202300032018;12;4;2023;15:40;1;62;62727;2;6;2;6;D941;50,47369049;2,58979082
202300032019;3;3;2023;15:05;1;93;93029;2;1;1;6;Centre comemrcial - rue Saint Stenay;48,91911;2,42052
202300032020;20;5;2023;02:05;3;971;97101;2;1;2;6;RN11;16,25823;-61,51166
202300032021;10;11;2023;21:20;5;69;69382;2;3;2;3;Rue Casimir Périer;45,74192;4,82242
202300032022;1;3;2023;14:40;1;93;93027;2;3;1;1;Rue de Genève;48,92468;2,37867
202300032023;15;5;2023;11:00;1;971;97105;2;1;1;6;LAURIERS (ALLEE DES );15,99875605;-61,72475874
202300032024;13;4;2023;19:00;1;60;60414;1;1;1;4;RD 200;49,259;2,453
202300032025;12;4;2023;09:35;1;56;56121;2;6;2;6;DORDELIN (RUE DE L AMIRAL ALAIN );47,73317;-3,37236
202300032026;10;11;2023;21:25;5;69;69384;2;2;2;3;Rue de Belfort;45,77759;4,83484
202300032027;22;5;2023;08:50;1;95;95280;2;1;1;6;MONTMORENCY (AVENUE DE);49,03018;2,45557
202300032028;3;3;2023;14:00;1;93;93047;2;2;1;3;Avenue Daguerre / Avenue Pascal;48,90549;2,58735
202300032029;12;4;2023;18:00;1;54;54395;2;1;1;1;LEBRUN (RUE ALBERT);48,68587735;6,19101316
202300032030;10;11;2023;14:36;1;2B;2B033;2;1;1;2;TOUTES RUES;42,70595;9,44865
202300032031;12;4;2023;12:20;1;54;54304;1;2;2;3;RESISTANCE (AV. DE LA -PAIR-);48,69397;6,1352
202300032032;3;3;2023;18:20;2;93;93005;2;1;1;4;Cours Salvador Allende;48,95282489;2,49985099
202300032033;22;5;2023;06:45;2;95;95555;2;1;1;1;D15;48,9751653;2,29188189
202300032034;10;11;2023;22:50;5;95;95268;2;3;2;3;D84;48,95965495;2,39891946
202300032035;13;4;2023;21:23;5;54;54028;2;3;2;1;Rue des Martyrs;49,211108;5,976585
202300032036;3;3;2023;19:40;5;92;92046;2;1;1;2;FABIEN (BOULEVARD DU COLONEL);48,81378952;2,27865055
202300032037;21;5;2023;11:56;1;87;87085;2;1;1;7;CONSTANTY (RUE GEORGES);45,91065;1,30529
202300032038;13;4;2023;09:30;1;51;51454;2;2;1;6;rue Libergier;49,2502667;4,02475387
202300032039;10;11;2023;17:40;5;95;95280;2;2;2;6;RONSARD (RUE);49,03052454;2,47038424
202300032040;20;5;2023;15:02;1;87;87085;2;1;1;7;Georges GUINGOUIN(rue);45,9058;1,29718
202300032041;3;3;2023;16:35;1;92;92073;2;9;1;3;SELLIER (BOULEVARD HENRI);48,864697;2,219001
202300032042;13;4;2023;08:10;1;51;51454;2;3;1;3;rue Lanson;49,24588243;4,05851752
202300032043;9;11;2023;17:35;2;91;91549;2;1;2;6;CORBEIL (ROUTE DE);48,63195;2,33158
202300032044;21;5;2023;07:00;2;86;86157;1;1;1;2;N147;46,567584;0,398667
202300032045;10;11;2023;22:30;3;91;91377;2;1;1;1;AV DU M DE LATTRE DE TASSIGNY;48,71858;2,29255
202300032046;3;3;2023;06:21;5;92;92072;2;1;1;2;GRANDE RUE;48,82104;2,20184
202300032047;13;4;2023;19:40;2;45;45234;2;3;8;3;22bis Quai du Châtelet;47,89801;1,91083
202300032048;10;11;2023;17:10;2;91;91345;2;9;2;6;RUE DE CHILLY;48,69744;2,2953
202300032049;9;4;2023;04:45;3;42;42237;1;1;1;6;M32;45,45386;4,45801
202300032050;9;5;2023;12:49;1;80;80021;2;2;2;3;LIBERATION (CARREFOUR DE LA);49,8866;2,27895
202300032051;3;3;2023;17:30;1;92;92051;2;6;1;3;CHARLES DE GAULLE (AVENUE,N°118 A 192 +;48,88452834;2,26040733
202300032052;13;4;2023;13:43;1;42;42127;2;1;1;2;N7;46,06491;4,05729
202300032053;9;11;2023;11:04;1;87;87085;2;3;1;3;ALLENDE (QUAI SALVADOR);45,82118;1,26297
202300032054;4;3;2023;07:20;2;37;37010;1;1;1;7;Le Cerisay;47,55615962;0,97085238
202300032055;9;5;2023;09:00;1;80;80021;2;1;3;3;GENERAL FOY (AVENUE DU );49,89262;2,28444
202300032056;12;4;2023;17:05;1;41;41295;1;1;3;6;D951;47,60771;1,37793
202300032057;22;5;2023;14:40;1;77;77124;2;1;1;6;FORT DUBOIS  (RUE DU  );48,85917;2,7197
202300032058;28;2;2023;16:25;1;2A;2A070;2;1;1;1;RD 81;42,06223;8,741394
202300032059;9;11;2023;18:38;3;87;87085;2;1;2;6;AUTOROUTE A20;45,88237;1,29249
202300032060;12;4;2023;16:30;1;38;38053;2;9;2;6;LIBERATION;45,59353;5,27555
202300032061;18;5;2023;16:10;1;77;77016;2;1;1;6;RUE DE LA GARE;48,23074;2,70509
202300032062;13;4;2023;18:20;1;36;36044;2;1;8;3;N/A;46,81;1,68
202300032063;9;11;2023;18:18;5;87;87065;2;1;3;6;LEGRAND (RUE FREDERIC-);45,81044;1,32814
202300032064;13;4;2023;15:45;1;35;35238;2;2;1;6;VERN (DE);48,09817144;-1,65578462
202300032065;19;5;2023;17:50;1;76;76351;2;3;1;3;JEAN JAURES (AVENUE);49,5009;0,17818
202300032066;8;11;2023;15:27;1;87;87085;2;1;1;6;RHIN ET DANUBE (RUE);45,88127;1,29491
202300032067;13;4;2023;15:50;1;34;34172;2;1;1;3;161 Rue Marius Carrieu;43,6166;3,84172
202300032068;3;3;2023;16:00;1;22;22014;1;1;1;1;la Ville Hamonnet;48,508019;-2,247482
202300032069;12;4;2023;18:45;1;34;34172;2;1;1;3;82 Avenue d'Assas;43,61777;3,86013
202300032070;22;5;2023;10:50;1;76;76217;2;1;1;1;ROCADE DE JANVAL;49,91037;1,07445
202300032071;10;11;2023;12:58;1;86;86194;2;2;1;3;Avenue Jacques Coeur;46,563552;0,381989
202300032072;1;3;2023;16:50;1;6;6161;2;6;1;6;Avenue Saint Andrieu;43,646226;7,133615
202300032073;13;4;2023;08:33;1;32;32013;2;3;2;3;SAMBRE ET MEUSE (AVENUE);43,64375;0,59739
202300032074;8;11;2023;12:20;1;84;84007;2;6;1;6;TARASCON ( Avenue de);43,92041;4,80922
202300032075;4;3;2023;15:20;1;972;97232;1;1;1;1;Chemin de Morne Raquette;14,53984;-60,875657
202300032076;21;5;2023;14:50;1;72;72181;1;9;1;4;MESSIAEN OLIVIER (AV) IMPAIRS;48,01763;0,13662
202300032077;6;11;2023;15:48;1;84;84007;2;1;1;6;SOULIER (BD Denis);43,94299;4,81933
202300032078;13;4;2023;20:35;5;31;31555;2;6;3;3;AV DES ARENES ROMAINES;43,61873;1,39709
202300032079;3;3;2023;14:55;1;974;97414;1;9;1;3;Route Hubert Delisle;-21,253862;55,433348
202300032080;17;5;2023;19:20;1;68;68297;2;1;1;6;DE GAULLE ( AVE DU GLE )A PARTIR DES NR;47,58173;7,55486
202300032081;3;11;2023;19:16;2;84;84007;2;3;1;1;LYON (route de );43,95053;4,82472
202300032082;12;4;2023;12:10;1;29;29019;1;2;1;1;route de Kervallan;48,38086;-4,54786
202300032083;3;3;2023;19:00;2;973;97304;1;1;1;1;Route Degrad Saramaca PK 13.4;5,078761;-52,693123
202300032084;8;4;2023;14:43;1;29;29019;2;1;1;2;avenue Victor Le Gorgeu;48,40038;-4,49877