Num_Acc;jour;mois;an;hrmn;lum;dep;com;agg;int;atm;col;adr;lat;long
202300032085;3;3;2023;23:00;3;56;56129;1;1;1;6;Kergus;48,141675;-2,388368
202300032086;31;10;2023;18:30;2;30;30011;2;1;1;6;TAVEL AVENUE DE;43,96036;4,75039
202300032087;22;5;2023;11:30;1;67;67447;2;3;1;6;POMPIERS (RUE DES);48,60669;7,74927
202300032088;12;4;2023;20:30;1;28;28332;2;1;1;1;MONTDROUARD (COTE);48,726;1,39804
202300032089;3;3;2023;22:10;5;67;67105;2;1;1;1;Rue de Weyer;48,863564;7,185423
202300032090;7;11;2023;08:30;1;84;84007;1;2;5;2;MORIERES (Route de );43,94417;4,88284
202300032091;3;3;2023;17:15;1;76;76452;1;1;1;7;Rue de Fontaine;49,554512;1,091262
202300032092;13;4;2023;10:15;1;25;25056;2;3;1;2;CHAILLOT RUE DE;47,25034;6,01436
202300032093;22;5;2023;08:04;1;60;60175;1;1;1;3;RD 1016 PIERRE BLANCHE;49,26386;2,48712
202300032094;10;11;2023;16:25;1;77;77517;1;1;3;1;D34;48,92635;2,65622
202300032095;4;3;2023;00:30;3;76;76367;1;1;1;6;D3;49,50498;1,105531
202300032096;13;4;2023;17:55;1;22;22360;2;1;1;3;LECLERC (AVENUE DU GENERAL);48,49349;-2,73576
202300032097;18;5;2023;14:50;1;59;59350;2;2;1;6;NEGRIER RUE;50,64145;3,05473
202300032098;9;11;2023;09:30;1;77;77039;1;1;2;6;D39;48,53239;2,57491
202300032099;4;3;2023;17:10;1;79;79079;1;2;7;3;;46,933942;-0,832365
202300032100;13;4;2023;10:55;1;15;15014;2;1;2;3;RN 122;44,91655;2,46162
202300032101;11;4;2023;15:06;1;14;14366;2;1;2;6;73 Rue Fournet;49,13261;0,2263
202300032102;3;3;2023;20:05;3;65;65069;1;1;1;3;D929;43,089791;0,387802
202300032103;21;5;2023;07:05;2;59;59009;1;1;1;1;Avenue de Roubaix;50,6473;3,16306
202300032104;8;11;2023;12:45;1;76;76447;2;1;2;1;Avenue Georges Clémenceau;49,55468;0,2065
202300032105;13;4;2023;19:15;1;13;13212;2;4;1;2;SAINT JEAN DU DESERT (chemin);43,29486;5,41749
202300032106;4;3;2023;19:00;2;71;71419;2;1;1;6;20 Montee du Villey;46,756063;5,252334
202300032107;10;11;2023;18:10;5;72;72181;2;1;1;6;JAURES JEAN (AV) N° PAIRS 60 ET >;47,98503;0,20965
202300032108;22;5;2023;17:10;1;57;57463;2;1;1;6;JOSEPH HENOT (RUE );49,10168551;6,19975448
202300032109;13;4;2023;10:17;1;13;13212;2;1;1;2;ELZÉAR ROUGIER (RUE);43,30965;5,41162
202300032110;4;3;2023;03:30;3;46;46064;1;3;1;6;D6;44,54250541;1,35309398
202300032111;10;11;2023;07:10;5;72;72181;2;1;1;6;BOEUFS LE PETIT HOUX (CHEMIN AUX);47,95262;0,21944
202300032112;21;5;2023;04:25;3;56;56162;1;1;1;6;MOULIN DU TER (RUE DU );47,73518;-3,40291
202300032113;12;4;2023;20:00;5;13;13206;2;1;2;2;JEAN JAURES (PLACE);43,29407;5,3864
202300032114;4;3;2023;17:25;1;21;21637;1;1;1;7;Rue de Saint Loup;47,011864;5,30748
202300032115;10;11;2023;22:25;5;69;69266;2;9;2;6;Gare routière Laurent Bonnevay;45,76478268;4,90869892
202300032116;13;4;2023;13:45;1;13;13004;1;1;1;2;RTE N113 MARSEILLE A BORBEAUX;43,64768305;4,68853813
202300032117;3;3;2023;20:15;3;39;39468;1;1;1;1;N/A;46,542025;5,517009
202300032118;21;5;2023;17:52;1;49;49015;2;1;1;7;SCHWEITZER RUE ALBERT;47,50309;-0,58877
202300032119;10;11;2023;09:35;1;67;67218;2;3;1;1;BURKEL (ROUTE);48,52265;7,7158
202300032120;26;6;2023;17:40;1;50;50082;2;1;1;6;Le Bourg Neuf;49,492132;-1,668569
202300032121;9;11;2023;21:30;5;64;64445;2;1;1;6;CAMI SALIE DU;43,32651;-0,34136
202300032122;13;4;2023;07:46;2;11;11069;1;1;2;5;N/A;43,19755;2,35936
202300032123;3;3;2023;18:50;3;25;25212;2;3;1;1;rue de l'amitié;47,276234;5,991191
202300032124;21;5;2023;06:45;1;49;49007;2;1;1;6;VOIE DES BERGES;47,46999;-0,56216
202300032125;10;11;2023;23:10;5;64;64024;2;1;3;3;BAB (BOULEVARD DU);43,48828;-1,53555
202300032126;11;4;2023;11:40;1;9;9122;2;6;1;2;RD 117;42,96358;1,60423
202300032127;3;3;2023;15:25;1;44;44029;1;1;1;2;Route de la remaudiere;47,26575822;-1,31680281
202300032128;22;5;2023;11:29;1;47;47001;2;4;1;2;DE GAULLE (AV. DU GENERAL);44,20611;0,61156
202300032129;12;4;2023;18:00;1;6;6004;2;1;1;6;WILSON BD;43,57369;7,11649
202300032130;25;6;2023;17:20;1;80;80338;1;3;1;3;D122;49,894993;2,514834
202300032131;3;3;2023;14:00;1;35;35327;1;1;1;2;D101;48,102996;-1,464996
202300032132;10;11;2023;19:00;3;64;64102;2;3;3;4;NAVARRE (AVENUE HENRI DE);43,5084;-1,44431
202300032133;22;5;2023;18:22;1;45;45284;2;1;1;6;119 Rue Jean Zay;47,91163;1,9648
202300032134;26;6;2023;14:50;1;59;59595;1;1;1;7;D630;50,208714;3,289461
202300032135;9;11;2023;18:29;5;64;64024;2;3;1;1;LAPORTE (AVENUE JEAN LEON);43,48754;-1,5007
202300032136;27;2;2023;17:10;1;38;38035;1;2;1;3;D518;45,532139;5,088022
202300032137;22;5;2023;08:43;1;37;37261;2;2;1;3;CLOS SAINT LIBERT (RUE DU);47,40937;0,70741
202300032138;22;5;2023;08:50;1;37;37261;2;1;1;6;CHURCHILL (BOULEVARD WINSTON);47,3736;0,68098
202300032139;4;3;2023;07:25;1;70;70282;1;1;1;1;D474;47,409507;5,807363
202300032140;19;6;2023;08:30;1;59;59559;2;1;1;1;RD50;50,35120644;3,63829897
202300032141;8;11;2023;10:50;1;63;63300;2;6;1;6;DESAIX (BOULEVARD);45,89116;3,11547
202300032142;12;4;2023;14:49;1;75;75114;2;1;8;2;PORTE DE CHATILLON;48,822561;2,314169
202300032143;22;5;2023;16:25;1;22;22278;2;6;1;3;AURORE (RD PT DE L');48,51303;-2,73844
202300032144;10;2;2023;16:30;1;72;72292;1;2;1;3;rd36;48,13040274;0,74573301
202300032145;26;6;2023;09:40;1;59;59388;1;1;7;3;Route de Sainghin;50,55405769;2,87424177
202300032146;27;10;2023;12:30;1;62;62498;2;3;1;6;Rue René Lanoy;50,4311;2,83322
202300032147;22;5;2023;08:40;1;22;22278;2;6;1;7;PARIS (DE);48,5039;-2,7405
202300032148;6;10;2023;18:30;1;62;62263;2;9;1;3;Rue François Broussais;50,28852;2,73842
202300032149;3;3;2023;16:45;1;72;72386;1;2;1;3;D314;48,01237;0,276386
202300032150;22;5;2023;15:30;1;13;13210;2;1;2;2;ALFRED CURTEL (RUE);43,27761882;5,40776961
202300032151;26;6;2023;09:46;1;13;13202;1;1;1;2;A55-Sens Marseille vers Martigues;43,31;5,368
202300032152;22;5;2023;13:00;1;13;13206;2;1;2;6;VINCENT DELPUECH (BOULEVARD);43,28312732;5,38937972
202300032153;4;3;2023;03:00;3;14;14357;1;1;8;6;La Cosnerie - Lassy (Lassy);48,922681;-0,691128
202300032154;6;11;2023;08:30;1;62;62744;1;2;1;4;RN25;50,32103867;2,76513172
202300032155;12;6;2023;06:00;2;69;69236;1;1;1;2;Autoroute 47;45,5675931;4,70640544
202300032156;18;5;2023;18:50;1;13;13004;2;1;1;3;RTE DE CRAU;43,67228;4,64115
202300032157;3;3;2023;15:40;1;64;64380;1;1;1;1;D40;43,497523;-0,37788
202300032158;10;11;2023;18:00;5;59;59009;1;1;2;5;FUSILLES RUE DES DU N°116 A FIN;50,60882;3,17504
202300032159;22;5;2023;07:40;1;13;13025;1;1;1;5;RD 7;43,49023;5,56806
202300032160;25;6;2023;18:25;1;57;57067;1;1;1;5;;49,30647362;6,1831516
202300032161;21;5;2023;08:38;1;10;10387;2;1;1;3;FAUBOURG CRONCELS (RUE DU);48,282;4,079
202300032162;26;6;2023;02:40;3;78;78043;1;1;1;2;A12 W;48,84037;2,09587
202300032163;4;3;2023;05:15;3;18;18082;1;1;1;6;N/A;46,989387;3,04656
202300032164;9;11;2023;20:08;5;56;56121;2;2;2;3;ORADOUR SUR GLANE ( BD D');47,75757;-3,37158
202300032165;3;3;2023;23:00;3;16;16106;1;1;1;6;LA PELLETIERE;46,03727416;0,63371479
202300032166;24;5;2023;11:15;1;6;6069;2;1;1;6;AURIBEAU (ROUTE D') -D609-;43,628578;6,913341
202300032167;17;6;2023;20:10;1;78;78423;1;1;1;3;N12W;48,794359;2,04974
202300032168;22;5;2023;00:30;5;6;6069;2;1;1;6;SAINT LAURENT (AVENUE);43,68059;6,95947
202300032169;4;3;2023;06:00;2;16;16082;1;1;1;6;D674;45,48658;0,151073
202300032170;10;11;2023;19:45;5;54;54167;2;1;3;4;Avenue du Général Leclerc;48,67176;5,9126
202300032171;26;6;2023;08:45;1;77;77083;1;1;1;4;A4.W;48,834136;2,589399
202300032172;22;5;2023;08:10;1;75;75116;2;1;1;5;BD PERIPHERIQUE EXTERIEUR;48,843213;2,254373
202300032173;26;6;2023;05:25;3;77;77059;1;1;1;6;A104;48,843836;2,662853
202300032174;3;3;2023;18:30;1;53;53141;1;2;1;2;D57;48,063778;-0,616471
202300032175;9;11;2023;20:50;5;54;54395;2;1;2;2;Cours Léopold;48,69667;6,17596
202300032176;3;3;2023;22:02;3;85;85264;1;1;1;6;RD938T;46,720056;-0,678931
202300032177;22;5;2023;11:55;1;75;75116;2;1;1;2;BD PERIPHERIQUE INTERIEUR;48,844089;2,254686
202300032178;16;6;2023;08:05;1;94;94033;1;1;1;5;A86;48,85936413;2,48655322
202300032179;9;11;2023;13:50;1;54;54339;2;1;1;6;Rue du Colonel Driant;48,70816262;6,18840337
202300032180;4;3;2023;04:20;3;85;85197;2;3;1;7;Rue de la gueriviere;46,90525;-1,45071
202300032181;22;5;2023;15:45;1;75;75119;2;1;1;2;BOULEVARD MACDONALD;48,896398;2,393298
202300032182;4;3;2023;20:30;3;14;14554;1;1;1;1;D23;49,074274;-0,296631
202300032183;10;11;2023;10:20;1;49;49007;2;1;1;1;HAUT CHENE;47,4684;-0,59949
202300032184;22;5;2023;06:00;1;75;75119;2;3;1;3;AVENUE DE FLANDRE;48,893164;2,37987
202300032185;4;3;2023;17:35;1;37;37109;1;1;1;1;Quai des Bateliers;47,38845978;0,61990446
202300032186;10;11;2023;04:35;4;49;49007;2;1;2;7;LEROY PLACE;47,46466;-0,54888
202300032187;25;6;2023;20:30;1;59;59122;2;6;7;3;LIBERTE (BOULEVARD DE LA);50,17011498;3,23101938
202300032188;3;3;2023;14:30;1;48;48185;1;1;1;6;RN88;44,48403;3,300812
202300032189;22;5;2023;09:05;1;75;75117;2;1;1;6;BOULEVARD BESSIERES;48,895937;2,317355
202300032190;9;11;2023;08:21;1;49;49353;2;6;1;3;LEFEVRE;47,44351;-0,48858
202300032191;3;3;2023;20:30;3;52;52135;1;1;1;7;Route des Vignes;47,9188865;5,68199873
202300032192;4;3;2023;12:35;1;42;42042;1;1;1;6;Route de St Rambert;45,46920412;4,23911333
202300032193;25;6;2023;19:15;2;69;69387;2;2;1;7;Avenue Jean Jaurès;45,75241;4,84612
202300032194;10;11;2023;14:00;1;47;47001;2;1;2;3;CARNOT (BD DU PRESIDENT);44,20497721;0,62069643
202300032195;22;5;2023;17:30;1;75;75115;2;2;1;3;RUE DU COMMERCE;48,84636;2,295329
202300032196;3;2;2023;15:45;1;13;13040;1;3;1;3;Chemin du Cros du Pont;43,456496;5,545499
202300032197;20;6;2023;06:20;1;972;97213;2;3;1;7;ROUTE DEPARTEMENTALE 14;14,64366;-61,01034
202300032198;9;11;2023;14:26;1;45;45068;2;1;2;2;D40 PR 0 + 277;48,01407;2,71728
202300032199;3;3;2023;18:12;2;91;91338;1;1;1;3;Rue d'Orsay;48,661668;2,092654
202300032200;25;6;2023;11:45;1;69;69389;2;1;1;3;678 Rue de Saint-Cyr;45,78799;4,80887
202300032201;22;5;2023;19:30;1;75;75108;2;4;1;3;RUE FRANCOIS 1ER;48,867236;2,30599
202300032202;10;11;2023;11:40;1;44;44109;2;1;2;6;32 Rue Hector Berlioz;47,2397622;-1,5760789
202300032203;22;5;2023;12:52;1;75;75108;2;3;1;6;RUE DE TILSITT;48,875131;2,29601
202300032204;3;3;2023;20:40;5;78;78601;1;1;1;1;14 boutareine;48,569096;1,90748
202300032205;24;6;2023;12:15;1;971;97101;1;1;2;2;BAIMBRIDGE;16,24576;-61,52506
202300032206;22;5;2023;09:00;1;75;75116;2;4;1;6;AVENUE KLEBER;48,866105;2,289371
202300032207;25;6;2023;11:45;1;2A;2A004;2;1;1;6;GRANDE ARMEE AVENUE;41,92707;8,73023
202300032208;22;5;2023;18:45;1;75;75107;2;3;1;6;ALLEE LEON BOURGEOIS;48,857324;2,292534
202300032209;25;6;2023;13:55;1;95;95539;1;9;1;3;D125;48,993786;2,33683
202300032210;22;5;2023;05:50;2;75;75104;2;2;1;6;RUE DE FOURCY;48,855359;2,359579
202300032211;10;11;2023;07:50;4;44;44162;2;1;3;2;23 Rue de la Rivaudière;47,2239888;-1,6528652
202300032212;4;3;2023;12:05;1;34;34240;1;1;1;3;Retail Park Saint-Aunès (Zone commerciale);43,651098;3,983445
202300032213;25;6;2023;17:50;1;95;95277;2;1;1;3;D370;48,98106196;2,44576693
202300032214;22;5;2023;18:30;1;94;94081;2;6;1;6;Rue de Choisy / Rue Grétillat;48,78265;2,40195
202300032215;10;11;2023;07:30;5;44;44109;2;6;3;6;23 Boulevard des Frères de Goncourt;47,23308;-1,56558
202300032216;4;3;2023;10:00;1;88;88196;2;1;1;6;2a Rue Lucienne;48,069971;6,871154
202300032217;19;6;2023;20:59;1;91;91377;2;2;1;6;ALL DE QUERCY;48,73726;2,297
202300032218;14;12;2023;14:00;1;64;64024;2;1;8;3;QUESNEL (RUE DE);43,4783;-1,52273
202300032219;21;5;2023;23:20;5;94;94078;2;1;1;2;Av de l’Appel du 18 Juin 1940;48,76038255;2,44302946
202300032220;4;3;2023;16:00;1;73;73064;1;6;1;6;Avenue de la Breisse / D1006;45,555489;5,977477
202300032221;10;11;2023;14:10;1;43;43251;2;6;2;3;Rond-point d'Aielo de Malferit;45,0279;3,88072
202300032222;25;6;2023;07:10;1;83;83069;2;6;1;6;DE LATTRE DE TASSIGNY(BLD);43,12483;6,1505
202300032223;13;12;2023;06:25;4;62;62570;1;1;1;2;D262;50,40685;2,86699
202300032224;4;3;2023;19:50;5;38;38449;2;1;1;1;D75;45,650168;5,114994
202300032225;22;5;2023;11:40;1;94;94077;2;3;1;2;Rue Charles Nungesser / Avenue Didier Daurat;48,732852;2,40359265
202300032226;7;10;2023;22:30;5;40;40088;2;2;1;3;HUGO (AVENUE VICTOR);43,7059;-1,0526
202300032227;4;3;2023;08:25;1;26;26037;1;1;1;7;D538a;44,887149;4,941659
202300032228;22;5;2023;09:00;1;93;93071;2;3;1;6;Avenue Ronsard / Allee des Erables;48,94759;2,53448
202300032229;14;12;2023;16:10;2;61;61001;2;2;2;3;VC;48,42911;0,08742
202300032230;10;11;2023;23:10;5;38;38185;2;9;2;3;AMPERE (RUE );45,18716;5,70555
202300032231;3;3;2023;20:45;3;9;9282;1;2;1;3;D62;43,232791;1,56347
202300032232;24;6;2023;18:10;1;71;71153;2;3;1;1;MARECHAL FOCH (RUE);46,80566261;4,45915529
202300032233;3;3;2023;13:30;1;31;31395;1;1;1;6;83 Rue de Comminges;43,433738;1,284895
202300032234;22;5;2023;19:00;1;93;93066;2;2;1;3;Avenue du Stade de France / Rue Francis de Pressensé;48,91965132;2,36171536
202300032235;10;11;2023;12:00;1;38;38053;2;1;1;2;D 1006;45,60571;5,23053
202300032236;14;12;2023;20:45;5;59;59360;2;1;2;2;MIRABEAU RUE;50,61195;3,02311
202300032237;25;6;2023;19:40;1;69;69256;2;3;1;6;2 Avenue Paul Marcellin;45,78541719;4,9289663
202300032238;3;3;2023;22:50;5;56;56167;1;1;1;6;Rue de l’Europe;47,667147;-2,901801
202300032239;24;6;2023;17:35;1;69;69264;2;1;1;6;Route de Riottier;45,97606;4,74309
202300032240;3;3;2023;19:55;3;29;29006;1;1;1;6;Pont Henvez;47,876052;-4,060812
202300032241;5;11;2023;17:00;1;34;34301;2;3;1;3;VERDUN (BOULEVARD DE);43,41164;3,68986
202300032242;13;12;2023;16:00;1;59;59410;2;9;8;1;NORMANDIE RUE DE;50,64648;3,11689
202300032243;25;6;2023;23:40;5;65;65440;2;6;1;7;HOCHE (AVENUE);43,23154;0,087234
202300032244;22;5;2023;23:43;5;93;93064;2;2;1;5;Boulevard d'Alsace-lorraine / Rue Philibert Hoffmann;48,88393049;2,48835211
202300032245;10;11;2023;21:30;5;34;34198;2;1;1;2;D21  ROUTE DE CARNON;43,57753;3,93653
202300032246;3;3;2023;17:25;1;2;2163;2;1;1;3;;48,981062;3,276249
202300032247;14;12;2023;20:50;5;59;59317;2;1;2;6;HUGO  (RUE VICTOR);50,68978;2,90661
202300032248;22;5;2023;00:40;5;93;93051;2;1;1;6;Chemin du Bel Air;48,85143;2,5727
202300032249;25;6;2023;14:10;1;64;64545;1;1;8;1;CORNICHE (ROUTE DE LA);43,38181;-1,73081
202300032250;2;3;2023;22:25;3;59;59559;1;1;1;6;D350;50,352076;3,623777
202300032251;10;11;2023;13:50;1;34;34172;2;2;1;3;LAVERUNE (ROUTE DE;43,60021;3,84424
202300032252;13;12;2023;21:25;3;57;57757;2;1;1;6;ILLANGE (ROUTE D');49,35007;6,17556
202300032253;24;6;2023;18:05;1;64;64483;1;1;1;1;SENIX (CHEMIN DE);43,414;-1,626
202300032254;22;5;2023;08:30;1;93;93013;2;3;1;6;Avenue Jean Jaurès / Rue Georges Clemenceau;48,93348;2,4231
202300032255;10;11;2023;14:05;1;34;34172;2;1;1;1;RAVAZ (AVENUE DU PROFESSEUR LOUIS;43,62578;3,83985
202300032256;3;3;2023;06:45;2;13;13202;1;1;1;3;A557-Liaison A7 Marseille-A55 Marseille;43,31743915;5,36403071
202300032257;25;6;2023;19:55;1;59;59183;2;1;1;3;GIRONDE - AVENUE;51,00455564;2,33364925
202300032258;22;5;2023;01:25;5;93;93005;2;2;1;3;Avenue Paul Vaillant Couturier / Carrefour des Droits de l'Homme;48,92992204;2,48081267
202300032259;9;11;2023;16:30;1;34;34172;2;1;1;6;COMTE DE NICE (AVENUE DU);43,64179;3,81273
202300032260;9;12;2023;11:30;1;57;57227;2;2;2;3;VERDUN (RUE DE )N°1 A 67;49,18678;6,90725
202300032261;22;5;2023;18:30;1;92;92073;1;1;1;2;SELLIER (BOULEVARD HENRI);48,85955;2,21381
202300032262;25;6;2023;17:17;1;57;57631;2;1;1;6;MONTAGNE (RUE DE LA);49,09981;7,05056
202300032263;2;3;2023;09:05;1;13;13215;1;1;1;4;A7-Sens Lyon vers Marseille;43,3705;5,3609
202300032264;10;11;2023;23:35;3;33;33550;2;3;1;3;CHEM DE COUHINS;44,76162;-0,56029
202300032265;14;12;2023;16:05;1;56;56260;2;1;2;6;METZ(RUE DE);47,66742;-2,76309
202300032266;22;5;2023;13:08;1;92;92050;2;6;1;3;JOLIOT CURIE F. ET IRENE AVENUE  N°PAIRS;48,89767065;2,2182101
202300032267;25;6;2023;02:30;5;54;54395;2;3;1;3;BATAILLE (QUAI DE LA);48,67677;6,19194
202300032268;10;11;2023;15:00;1;33;33063;2;3;1;3;RUE CARTON CAUD;44,85945;-0,63137
202300032269;21;5;2023;13:45;1;92;92049;2;1;1;6;GINOUX AV. HENRI N°1 A 95 ET 2 A 104;48,817724;2,322086
202300032270;13;12;2023;15:25;1;56;56121;2;3;2;3;BELGIQUE (RUE  DE );47,76063;-3,3847
202300032271;27;2;2023;16:55;1;69;69152;1;1;1;4;Route de Métropole 7;45,69611;4,83915
202300032272;25;6;2023;19:30;1;47;47001;2;9;1;3;BARBUSSE (AV. HENRI);44,20538;0,62919
202300032273;10;11;2023;15:00;1;33;33318;2;1;8;6;Rue Etienne Marcel;44,80671383;-0,63327357
202300032274;20;5;2023;18:30;1;92;92036;2;1;1;7;MERCIERES (ROUTE DES);48,93563473;2,2720845
202300032275;14;12;2023;08:55;1;54;54357;2;1;2;3;Avenue de Metz;48,70946;6,16711
202300032276;25;6;2023;16:50;1;47;47001;2;1;1;6;REPUBLIQUE (BOULEVARD DE LA);44,20441;0,61441
202300032277;3;3;2023;06:40;3;67;67218;1;9;1;6;Bretelle sortie autoroute;48,5473;7,72792
202300032278;20;5;2023;14:30;1;92;92036;2;6;1;6;PIERRE DE COUBERTIN (BOULEVARD) (PORT ->;48,930333;2,284608
202300032279;25;6;2023;12:20;1;45;45234;2;2;1;3;RIOBE (BOULEVARD GUY MARIE);47,91356;1,9099
202300032280;13;12;2023;18:45;5;54;54395;2;1;2;6;Rue Stanislas;48,69159293;6,17700934
202300032281;3;3;2023;17:25;1;94;94021;1;1;1;2;A106;48,76360182;2,34384403
202300032282;10;11;2023;02:40;5;31;31555;2;1;2;6;LASCROSSES (RUE) DU 2AU 15;43,6103;1,4362
202300032283;19;5;2023;20:45;5;92;92036;2;1;1;7;RETROU (RUE);48,929447;2,299288
202300032284;25;6;2023;11:36;1;45;45169;1;9;1;6;Parking Leroy-Merlin;47,90161;1,85951
202300032285;13;12;2023;13:45;1;54;54547;2;1;2;2;Rue du Portugal;48,66356317;6,17071688
202300032286;10;11;2023;20:20;5;30;30007;2;6;1;3;UZES (ROUTE D');44,11429;4,10322
202300032287;21;5;2023;22:40;5;92;92032;2;1;1;6;DORMOY MAX (AVENUE);48,79124;2,29248
202300032288;6;6;2023;01:00;4;42;42218;2;4;9;6;Rue du Treyve;45,447;4,394
202300032289;3;3;2023;17:50;1;91;91161;1;1;1;4;AUTOROUTE A6;48,69582;2,31747
202300032290;13;12;2023;13:20;1;54;54395;2;1;1;6;Rue de la Bergamote;48,70072818;6,15134597
202300032291;10;11;2023;17:05;1;29;29232;1;1;2;4;Boulevard Flandres Dunkerque1940;47,97993992;-4,08075934
202300032292;2;3;2023;15:15;1;93;93007;1;1;1;7;AUTOROUTE A3;48,92489;2,48104
202300032293;22;5;2023;15:27;1;92;92004;2;1;1;2;BAS ( RUE DES );48,91549;2,29537
202300032294;25;6;2023;11:45;1;34;34129;2;3;1;6;1e Rue des Chevaliers de Malte;43,57212;3,9019
202300032295;2;3;2023;13:00;1;92;92036;1;1;1;7;AUTOROUTE A15;48,9446849;2,28538563
202300032296;13;12;2023;08:55;1;54;54395;2;2;1;3;Rue des Carmes;48,69209;6,18014
202300032297;10;11;2023;13:50;1;29;29232;2;6;2;3;Rond-Point de Ti Douar;47,980347;-4,072361
202300032298;23;5;2023;10:00;1;39;39097;2;3;1;3;12 Rue Jacques Prévert;46,754005;5,898033
202300032299;25;6;2023;10:45;1;34;34003;1;1;1;5;RD612;43,31342;3,5276
202300032300;2;3;2023;15:00;1;93;93064;1;1;1;4;AUTOROUTE A86;48,88549;2,47276
202300032301;10;11;2023;08:40;1;27;27562;2;1;1;4;ROUEN (ROUTE DE );49,1024;1,46651
202300032302;14;12;2023;16:40;1;51;51454;2;1;1;4;DOUMER (BOULEVARD PAUL);49,24951;4,02553
202300032303;23;5;2023;09:10;1;14;14162;1;3;1;3;La Baronnerie;48,881171;-0,453292
202300032304;25;6;2023;21:40;1;33;33318;2;1;1;3;Avenue Antoine Becquerel;44,78747;-0,64558
202300032305;9;11;2023;08:45;1;27;27229;1;1;2;6;MARNIERE RIGA (RUE DE LA);49,013683;1,165191
202300032306;1;3;2023;18:30;3;92;92036;1;1;1;2;AUTOROUTE A15;48,94355783;2,28738079
202300032307;13;12;2023;18:38;3;51;51573;2;1;1;6;BONAPARTE (AVENUE);49,24337;3,99139
202300032308;25;6;2023;20:25;1;31;31555;2;1;1;3;ALL CHARLES DE FITTE;43,596024;1,432142
202300032309;12;5;2023;22:41;5;62;62150;2;2;1;3;D142;50,40807;1,766184
202300032310;14;12;2023;18:20;5;49;49099;2;1;3;6;LORRAINE (RUE DE);47,05149;-0,85218
202300032311;1;3;2023;11:25;1;988;98818;2;3;1;3;RUE PASTEUR/RUE EDOUARD UNGER;-22,26256;166,44481
202300032312;10;11;2023;08:10;1;22;22187;2;1;1;3;NOE RIDO (RUE DE LA );48,53332;-2,78333
202300032313;20;5;2023;18:51;1;26;26259;1;1;2;6;Route de Saint-Donat-sur-l'Herbasse;45,176425;4,956765
202300032314;24;6;2023;21:15;1;25;25056;2;5;1;3;boulevard léon blum;47,2594;6,02876
202300032315;13;12;2023;10:30;1;49;49007;2;1;1;3;BLANCHOIN BOULEVARD;47,44831;-0,53853
202300032316;1;3;2023;13:10;1;976;97611;1;1;1;2;tsoundzou-Kwalé ( route de );-12,81265;45,20235
202300032317;23;5;2023;15:50;1;95;95480;2;1;1;3;20 VAL D'OISE (RUE DU);49,09659024;2,20396042
202300032318;9;11;2023;14:30;1;19;19031;2;1;1;2;GUYNEMER (AVENUE);45,15224;1,50508
202300032319;14;12;2023;17:11;5;45;45147;2;1;1;3;153 Rue Marcellin Berthelot;47,929;1,916
202300032320;16;5;2023;17:45;1;83;83086;2;1;2;7;20 Route Nationale 7;43,471894;6,567757
202300032321;24;6;2023;12:00;1;21;21054;2;4;1;3;SAVIGNY (ROUTE DE);47,04198;4,83996
202300032322;7;11;2023;20:35;5;18;18279;2;1;8;6;39bis Rue Jules Louis Breton;47,22059;2,07964
202300032323;1;3;2023;09:25;1;976;97611;2;1;1;6;kaweni-Kakal (rue);-12,77252;45,21788
202300032324;10;11;2023;10:30;1;17;17415;2;6;2;7;GENET 2 A 64 COURS;45,74861;-0,65517
202300032325;14;12;2023;14:00;1;45;45308;2;1;1;2;Route de Saint-Jean de Braye;47,92335878;1,95644116
202300032326;10;11;2023;10:30;1;13;13106;2;1;1;3;NELSON MANDELA (AVENUE);43,40919;5,36613
202300032327;14;12;2023;07:50;5;45;45285;2;1;1;2;D520 PR 4 + 935;47,90805;1,86864
202300032328;18;5;2023;22:20;3;26;26085;1;1;2;2;Autoroute A7;44,499934;4,768581
202300032329;10;11;2023;18:30;5;13;13203;2;1;1;1;LOUBON (RUE);43,31183;5,37924
202300032330;25;6;2023;14:00;1;13;13054;2;9;1;5;D9 (BRETELLE);43,42372;5,23156
202300032331;1;3;2023;10:45;1;974;97416;1;3;1;3;ANCIENNE RN 1;-21,32729;55,45014
202300032332;10;11;2023;13:55;1;13;13206;2;1;1;6;PRADO (AVENUE DU);43,28316894;5,38531203
202300032333;22;5;2023;21:05;1;28;28158;1;6;1;1;D921;48,413935;1,431441
202300032334;14;12;2023;19:30;5;44;44184;2;2;8;5;58 Rue de Stalingrad;47,27743;-2,21007
202300032335;10;11;2023;11:50;1;13;13214;2;1;2;6;MORETTI (BOULEVARD);43,32526308;5,38152246
202300032336;25;6;2023;19:30;1;13;13001;2;2;1;3;EUROPE (AV);43,52439;5,4314
202300032337;21;5;2023;18:30;1;12;12157;1;1;2;1;RN 88 ROUTE DE LAISSAC;44,399433;2,717443
202300032338;1;3;2023;14:50;1;69;69386;2;2;1;3;Rue de Créqui;45,76361;4,84707
202300032339;14;12;2023;19:10;5;44;44109;2;6;2;2;91 Boulevard de Doulon;47,22606;-1,52298
202300032340;10;11;2023;07:00;5;13;13204;2;1;2;6;ESPERANDIEU (RUE);43,30298781;5,39359443
202300032341;25;6;2023;03:10;5;6;6123;2;1;1;1;PONANT AVENUE DU;43,65847;7,188275
202300032342;23;5;2023;16:36;1;22;22353;1;1;1;1;Chemin de Roc'h Bran Bihan;48,803761;-3,500138
202300032343;14;12;2023;07:45;4;38;38421;2;1;3;6;RUE HENRI WALLON;45,17241;5,75798
202300032344;10;11;2023;01:35;5;13;13216;2;1;1;6;ESTAQUE PLAGE;43,35771;5,28724