Num_Acc;jour;mois;an;hrmn;lum;dep;com;agg;int;atm;col;adr;lat;long
202300032345;1;3;2023;09:12;1;69;69388;2;2;1;2;Rue Henri Barbusse;45,7298;4,85382
202300032346;17;6;2023;11:00;1;75;75117;2;4;1;1;PORTE DE CLICHY;48,897468;2,312269
202300032347;22;5;2023;12:50;1;17;17407;1;1;1;6;N11;46,202052;-1,025382
202300032348;14;12;2023;18:36;5;35;35238;2;1;1;3;LORIENT (DE);48,10687;-1,72792
202300032349;1;3;2023;15:40;1;972;97213;1;1;1;2;AUTOROUTE A1;14,61762;-61,01808
202300032350;15;6;2023;11:15;1;75;75112;2;1;1;4;PORTE DOREE;48,832542;2,406109
202300032351;23;5;2023;15:05;1;1;1033;2;1;1;6;701 route des etournelles  (Châtillon-en-Michaille);46,129761;5,80087
202300032352;14;12;2023;08:20;1;35;35278;2;2;1;3;DISCALCEAT (RUE J);48,15435;-1,68141
202300032353;22;5;2023;15:50;1;71;71578;1;1;1;6;Route Nationale (La Villeneuve);46,95916;5,16808
202300032354;10;11;2023;19:00;3;13;13047;1;1;8;4;RN 569;43,50246;4,96596
202300032355;1;3;2023;09:08;1;972;97213;1;1;1;3;ROUTE DEPARTEMENTALE 3;14,6275;-60,9893
202300032356;25;6;2023;08:25;1;75;75119;2;3;1;1;AVENUE CORENTIN CARIOU;48,895784;2,383602
202300032357;14;12;2023;12:10;1;33;33063;2;7;1;6;PCE LUCIEN VICTOR MEUNIER;44,84362;-0,58668
202300032358;10;11;2023;15:25;1;10;10387;2;2;1;6;GUSTAVE MASSON (RUE);48,274;4,0803
202300032359;22;5;2023;13:20;1;77;77423;1;1;1;6;D934;48,772985;3,326679
202300032360;1;3;2023;15:10;1;972;97209;2;1;1;3;AURELIE DICANOT (RUE);14,6168;-61,07125
202300032361;25;6;2023;19:30;1;75;75117;2;2;1;3;AVENUE DE WAGRAM;48,881538;2,300722
202300032362;9;11;2023;18:55;5;10;10387;2;1;2;6;PASTEUR (RUE);48,2991;4,0659
202300032363;22;5;2023;16:15;1;57;57767;2;1;1;6;Rue de la Liberte;49,327709;6,241887
202300032364;14;12;2023;07:40;3;33;33318;2;3;1;3;Avenue du Maréchal de Lattre de Tassigny (rd);44,76858858;-0,71882038
202300032365;1;3;2023;08:30;1;69;69384;2;1;1;7;Rue Guitton;45,77974;4,83959
202300032366;25;6;2023;16:45;1;75;75116;2;3;1;6;RUE DUBAN;48,857628;2,277551
202300032367;21;5;2023;16:15;1;67;67002;1;1;1;1;D919;48,91459498;7,20524536
202300032368;25;6;2023;05:56;1;75;75116;2;2;1;7;RUE DE BOULAINVILLIERS;48,852733;2,275894
202300032369;9;11;2023;16:15;1;10;10333;2;3;1;3;CHARLES DE REFUGE (RUE);48,2823;4,0542
202300032370;1;3;2023;11:50;1;95;95277;2;1;1;6;Avenue des Hortensias;48,999072;2,426372
202300032371;14;12;2023;18:40;3;32;32013;2;1;1;2;YSER (AVENUE DE L');43,65458;0,59601
202300032372;9;11;2023;15:15;1;10;10387;2;1;1;2;JARDINS (RUE DES);48,29829;4,06027
202300032373;1;3;2023;15:19;1;91;91286;2;1;1;6;EMILE ALLIAUD (AVENUE);48,649169;2,380419
202300032374;25;6;2023;13:05;1;75;75115;2;3;1;3;RUE LINOIS;48,847713;2,284139
202300032375;23;5;2023;10:20;1;2B;2B207;1;9;1;5;Caragiuti;42,457396;9,501275
202300032376;14;12;2023;08:33;5;29;29019;2;3;2;1;rue de Quimper;48,401453;-4,456362
202300032377;25;6;2023;07:45;1;75;75115;2;1;1;7;QUAI D ISSY LES MOULINEAUX;48,83488;2,26608
202300032378;1;3;2023;07:56;2;87;87085;2;1;1;6;BEL AIR (BOULEVARD DE);45,81988;1,2495
202300032379;8;11;2023;17:55;2;7;7316;2;1;1;5;MONTGOLFIERS (AVENENUE DES FRERES);44,88964;4,85071
202300032380;22;5;2023;18:23;1;32;32064;1;3;1;5;Lieu dit Terrouge;43,876033;0,1531
202300032381;12;12;2023;17:40;2;29;29019;2;9;1;3;avenue Victor Le Gorgeu;48,406732;-4,50909
202300032382;25;6;2023;11:50;1;75;75112;2;3;1;2;QUAI DE BERCY;48,831562;2,385325
202300032383;28;2;2023;12:14;1;87;87085;2;1;1;3;PERRIN (RUE FRANCOIS);45,8258;1,2356
202300032384;10;11;2023;08:00;1;6;6069;2;1;1;3;CANNES (ROUTE DE)  -RD 6085-;43,6331703;6,9535489
202300032385;12;12;2023;12:00;1;29;29019;2;9;8;6;avenue Camille Desmoulins;48,397151;-4,487655
202300032386;25;6;2023;10:54;1;75;75112;2;1;1;6;BOULEVARD DE PICPUS;48,846482;2,40037
202300032387;10;11;2023;18:05;5;6;6004;2;3;1;3;CANNES(RN.7) AV.DE;43,57529;7,0944
202300032388;20;5;2023;21:00;2;61;61402;1;1;1;6;D862;48,701363;-0,291888
202300032389;1;3;2023;10:05;1;83;83090;1;2;1;3;NATIONALE 8 (ROUTE);43,13369;5,86169
202300032390;25;6;2023;06:50;1;75;75112;2;3;1;7;QUAI DE LA RAPEE;48,84528;2,368408
202300032391;14;12;2023;12:22;1;27;27562;2;6;1;3;DE GAULLE (BOULEVARD);49,09556;1,45989
202300032392;21;5;2023;13:45;1;39;39209;2;1;1;6;65 Rue des Combes;46,408766;5,399888
202300032393;26;2;2023;21:40;3;83;83141;1;1;3;7;D 54(VERS LA MOTTE);43,50649;6,51082
202300032394;7;11;2023;13:34;1;5;5061;2;1;1;3;PIERRE ET MARIE CURIE ( BD);44,56165;6,08413
202300032395;23;5;2023;18:00;1;1;1068;1;1;1;6;D1084;46,082759;5,476711
202300032396;1;3;2023;13:30;1;78;78440;2;1;1;6;PAUL RAOULT (AVENUE);48,98941;1,9132
202300032397;13;12;2023;15:51;1;27;27681;2;1;1;3;DOCTEUR DEVIGNEVIEILLE;49,08602;1,48176
202300032398;10;11;2023;21:30;5;75;75115;2;1;1;2;PORTE BRANCION;48,826474;2,297076
202300032399;25;6;2023;04:22;2;75;75109;2;2;1;4;RUE DE LA CHAUSSEE D ANTIN;48,872945;2,333332
202300032400;10;11;2023;13:55;1;75;75112;2;1;2;6;ECHANGEUR BERCY;48,827927;2,394822
202300032401;22;5;2023;16:15;1;54;54231;2;3;1;3;6 Rue de l'Eglise;49,253472;5,759605
202300032402;1;3;2023;10:00;1;78;78299;2;4;1;6;CARNOT (BOULEVARD);49,00502;1,9015
202300032403;25;6;2023;07:00;1;75;75108;2;2;1;7;AVENUE HOCHE;48,875197;2,298443
202300032404;13;12;2023;18:16;3;24;24037;1;1;8;6;RD 936 E1;44,831;0,499
202300032405;25;6;2023;18:28;1;75;75107;2;1;1;7;QUAI BRANLY;48,862112;2,299791
202300032406;22;5;2023;18:55;1;14;14035;1;1;1;7;Guérot (vaubadon) (Vaubadon);49,191366;-0,853972
202300032407;9;11;2023;18:00;5;75;75115;2;1;1;4;PORTE DE SEVRES;48,83568;2,274681
202300032408;1;3;2023;07:20;2;76;76540;2;6;1;6;Boulevard Gambetta;49,436958;1,102368
202300032409;25;6;2023;14:00;1;75;75107;2;2;1;7;AVENUE BOSQUET;48,857118;2,304313
202300032410;13;12;2023;17:30;5;21;21054;2;2;2;3;REON (RUE DE);47,02917;4,84377
202300032411;10;11;2023;19:26;5;75;75105;2;4;1;6;RUE SOUFFLOT;48,84655;2,344476
202300032412;22;5;2023;17:30;1;21;21629;2;4;1;1;D977bis;47,262096;4,344202
202300032413;28;2;2023;14:25;1;72;72181;2;4;1;1;ANGEVINIERE (RUE DE L');47,98542;0,1784
202300032414;24;6;2023;22:55;5;75;75107;2;1;1;2;QUAI ANATOLE FRANCE;48,861993;2,321213
202300032415;21;5;2023;16:55;1;24;24082;1;1;1;7;ROUTE DE GOURDON - D704;44,857998;1,254201
202300032416;14;12;2023;23:00;4;13;13054;2;9;6;3;D9 (BRETELLE);43,42367873;5,23104083
202300032417;28;2;2023;14:38;1;72;72181;2;1;1;6;DURAND GEORGES (AV) N° IMP 199 AU N° 311;47,97205;0,2175
202300032418;9;11;2023;23:25;5;75;75106;2;2;1;2;BOULEVARD SAINT GERMAIN;48,851829;2,341455
202300032419;25;6;2023;13:30;1;75;75102;2;3;1;3;RUE DE GRAMONT;48,870391;2,336934
202300032420;22;5;2023;17:00;1;24;24064;1;1;2;7;D939;45,353778;0,654218
202300032421;14;12;2023;14:46;1;13;13117;2;1;1;6;ROUTE NATIONALE 113 - CADESTEAUX;43,47593;5,22766
202300032422;22;5;2023;12:40;1;4;4054;1;1;1;6;D907;44,013979;6,210296
202300032423;10;11;2023;17:35;5;75;75120;2;3;2;6;RUE PIXERECOURT;48,875254;2,39537
202300032424;25;6;2023;12:15;1;94;94017;2;1;1;6;8 Quai Victor Hugo;48,811031;2,510096
202300032425;1;3;2023;15:20;1;69;69266;2;2;1;3;Rue Louis Guérin;45,77456;4,85992
202300032426;13;12;2023;18:10;5;13;13215;2;1;1;1;MADRAGUE VILLE (chemin de la);43,32902;5,35906
202300032427;19;5;2023;17:00;1;87;87047;1;1;1;2;Route d?Ambazac;45,989784;1,285475
202300032428;25;6;2023;15:30;1;94;94002;2;1;1;2;Quai Blanqui;48,80587892;2,41076303
202300032429;1;3;2023;18:10;1;69;69271;2;3;1;6;12 Rue Lavoisier;45,73174;4,97069
202300032430;10;11;2023;04:25;5;75;75120;2;3;1;2;AVENUE DE LA PORTE DE BAGNOLET;48,86478;2,410116
202300032431;13;12;2023;15:28;1;13;13215;2;9;1;6;LYON (RUE DE);43,32611;5,36675
202300032432;23;5;2023;12:05;1;48;48094;1;1;1;6;Route Departementale 907 Bis;44,256864;3,230095
202300032433;25;11;2023;10:30;1;11;11262;2;2;1;6;15 Rue de la Cesse;43,18882;2,98455
202300032434;25;6;2023;11:20;1;93;93064;2;2;1;3;Boulevard de la Boissière / Rue du 4e Zouave;48,87120698;2,4709623
202300032435;10;11;2023;21:10;5;75;75118;2;3;2;1;RUE ORDENER;48,890895;2,353202
202300032436;1;3;2023;13:30;1;69;69029;2;8;8;3;Avenue Pierre Mendès France;45,72466;4,91515
202300032437;21;5;2023;14:50;1;24;24331;1;2;1;6;D14;44,81257222;0,4010582
202300032438;13;12;2023;14:00;1;10;10412;1;1;8;2;ROUTE DE BOURANTON (D147);48,29749;4,13449
202300032439;25;6;2023;15:30;1;93;93031;2;3;1;3;Route d'Argenteuil / Villa du Colombier;48,95899;2,2903
202300032440;14;12;2023;16:20;1;6;6069;1;1;1;3;PAOUTE (ROUTE ET TRAVERSE DE LA);43,632132;6,9577
202300032441;25;6;2023;19:15;1;93;93014;2;2;1;6;Allée Romain Rolland / Allée Etienne Laurent;48,90464;2,55082
202300032442;28;2;2023;10:40;1;66;66136;2;3;1;1;WALDECK-ROUSSEAU (RENE);42,69377;2,90287
202300032443;10;11;2023;18:05;5;75;75118;2;2;2;6;RUE MYRHA;48,886704;2,350736
202300032444;13;12;2023;16:00;1;5;5061;2;1;2;6;JEAN JAURES ( AVENUE );44,54696;6,06502
202300032445;25;6;2023;12:50;1;93;93007;2;2;1;3;Avenue Henri Barbusse / Rue Boieldieu;48,94014907;2,4624925
202300032446;6;9;2023;14:00;1;10;10343;2;1;1;3;CANAL (RUE DU);48,27305;4,08987
202300032447;14;12;2023;10:05;1;4;4112;2;1;7;6;GIONO (AV. J.);43,83123;5,78438
202300032448;1;3;2023;14:50;1;60;60057;2;2;1;3;Rue Jean Racine;49,43261725;2,08349061
202300032449;25;6;2023;19:20;1;92;92075;2;6;1;3;JEAN BLEUZEN (RUE);48,820416;2,290998
202300032450;7;9;2023;08:00;1;6;6069;2;1;1;7;MARIGARDE (ROUTE DE LA);43,653664;6,935681
202300032451;13;12;2023;18:15;3;4;4112;2;9;1;1;CUGNOT (AV. J.);43,8256;5,803648
202300032452;23;5;2023;07:20;1;988;98805;1;1;1;2;VE2 sens N/S au PK 07+250;-22,17868;166,42749
202300032453;1;3;2023;16:35;1;59;59512;2;1;7;3;Rue du Grand Chemin;50,69308;3,16119
202300032454;25;6;2023;15:00;1;92;92050;2;2;1;3;FRACHON BENOIT AVENUE;48,89295512;2,18681279
202300032455;2;9;2023;05:55;5;6;6155;1;6;1;7;CANNES RTE DE;43,551206;7,057054
202300032456;23;5;2023;12:46;1;1;1451;1;1;1;2;A40 PK 168+800;46,250789;5,259515
202300032457;25;6;2023;22:03;5;92;92049;2;1;1;6;JAURES AVENUE JEAN N°52 A FIN;48,81839;2,31891
202300032458;1;3;2023;10:10;1;59;59512;2;1;1;6;CHAMPS (RUE DES);50,6928;3,1666
202300032459;14;12;2023;07:15;5;1;1451;1;2;2;5;PARIS (ROUTE DE);46,25193;5,1833
202300032460;23;5;2023;16:50;1;6;6088;1;1;1;2;A8 PK 194.500 chaussée sud;43,724777;7,229819
202300032461;25;6;2023;10:30;1;92;92048;2;1;1;3;PARIS (RUE DE) N° 1 A 15BIS;48,81662891;2,24758007
202300032462;23;7;2023;10:20;1;4;4112;1;1;1;1;D907;43,8482;5,73631
202300032463;14;12;2023;13:55;1;75;75118;2;1;1;6;PORTE D AUBERVILLIERS;48,900672;2,3684433
202300032464;26;2;2023;11:00;1;59;59183;2;2;1;3;RASPAIL;51,033824;2,347424
202300032465;23;5;2023;06:38;2;30;30347;1;1;1;2;A9 PK 65+500 sens 2;43,748545;4,248008
202300032466;26;6;2023;12:45;1;25;25058;1;1;1;1;Route Nationale 83;47,197236;5,981798
202300032467;6;9;2023;14:30;1;2;2691;1;1;7;2;N/A;49,8428;3,27878
202300032468;14;12;2023;08:40;1;75;75113;2;1;2;3;PORTE D ITALIE;48,815989;2,362638
202300032469;27;2;2023;10:50;1;54;54304;2;2;1;6;Boulevard de Hardeval;48,6800075;6,1539048
202300032470;23;5;2023;10:45;1;33;33229;2;9;1;2;61 Avenue de la Liberation;44,706257;-1,045246
202300032471;13;12;2023;14:40;1;75;75117;2;1;2;2;PORTE DE CLICHY;48,897022;2,311083
202300032472;25;6;2023;01:15;3;71;71446;1;2;1;3;D980;46,577592;4,534006
202300032473;22;5;2023;04:00;3;987;98729;2;1;1;3;PK18.7 Atiha HAAPITI;-17,577;-150,202
202300032474;6;9;2023;08:20;1;75;75119;2;1;1;5;PORTE DE PANTIN;48,89361;2,395287
202300032475;1;3;2023;20:00;1;51;51344;2;1;1;3;Allée de Cumières;49,05896;3,94687
202300032476;25;6;2023;20:50;2;43;43073;1;1;7;6;D588;45,340899;3,600082
202300032477;21;5;2023;19:10;3;971;97129;2;1;1;3;Montplaisir;16,320634;-61,690453
202300032478;12;12;2023;16:05;1;75;75119;2;3;1;6;AVENUE DE FLANDRE;48,893046;2,380064
202300032479;5;9;2023;09:00;1;75;75116;2;1;1;4;BD PERIPHERIQUE INTERIEUR;48,839637;2,254165
202300032480;23;5;2023;11:45;1;13;13097;1;2;1;3;N568;43,58475859;4,76528406
202300032481;14;12;2023;16:05;1;75;75120;2;2;8;6;AVENUE DE LA PORTE DE MONTREUIL;48,853524;2,41079
202300032482;26;6;2023;12:30;1;33;33205;1;2;1;3;pk 30 D11;44,62620963;-0,3692451
202300032483;7;9;2023;22:50;5;75;75118;2;2;1;3;RUE DOUDEAUVILLE;48,8884;2,347993
202300032484;23;5;2023;06:45;2;21;21688;1;1;1;3;RD 35;47,14419887;4,90081945
202300032485;14;12;2023;08:30;1;75;75120;2;2;8;1;BOULEVARD DAVOUT;48,848978;2,41129
202300032486;22;5;2023;10:00;1;3;3008;1;1;2;6;D176;46,058194;3,579633
202300032487;23;6;2023;12:40;1;31;31113;2;2;1;1;1 Avenue de Toulouse;43,51536;1,498926
202300032488;7;9;2023;05:00;5;75;75118;2;7;1;3;BOULEVARD ORNANO;48,895612;2,346347
202300032489;14;12;2023;12:15;1;75;75119;2;3;1;3;AVENUE CORENTIN CARIOU;48,895125;2,382757
202300032490;25;6;2023;22:05;3;974;97412;2;1;2;7;9 Rue Ronsard;-21,354543;55,66096
202300032491;19;5;2023;18:00;1;38;38556;1;1;8;6;Route de la Chapelle;45,382699;4,844735
202300032492;7;9;2023;17:00;1;75;75117;2;3;1;6;RUE JACQUES IBERT;48,888934;2,290572
202300032493;14;12;2023;00:15;5;75;75119;2;7;2;6;PLACE AUGUSTE BARON;48,90083555;2,38892555
202300032494;22;5;2023;18:25;1;7;7156;1;1;2;1;N102;44,674818;4,249091
202300032495;4;6;2023;18:55;2;972;97210;1;3;1;3;N6;14,586065;-60,869971
202300032496;22;5;2023;14:30;1;81;81104;1;1;2;7;Lieu dit la valette;43,770858;1,770843
202300032497;14;12;2023;15:30;1;75;75118;2;3;8;6;RUE MARCADET;48,891263;2,340647
202300032498;25;6;2023;21:30;1;62;62614;1;3;1;2;RD 943;50,842431;2,006952
202300032499;7;9;2023;08:55;1;75;75117;2;3;1;3;AVENUE MAC MAHON;48,877295;2,29444
202300032500;26;6;2023;03:55;3;41;41256;1;1;1;6;A71 - PK 167+400;47,331552;2,048178
202300032501;7;9;2023;18:50;1;75;75116;2;1;1;6;AVENUE DE LA PORTE D AUTEUIL;48,848015;2,244774
202300032502;22;4;2023;11:32;1;69;69089;2;1;2;4;25 Avenue du Chater;45,74299;4,772152
202300032503;25;6;2023;16:45;1;974;97413;2;1;1;7;65 Rue Jean Baptiste de Villele;-21,138182;55,298653
202300032504;6;9;2023;22:25;5;75;75114;2;2;1;3;AVENUE DE LA PORTE DE CHATILLON;48,82264408;2,31484294
202300032505;14;12;2023;12:35;1;75;75117;2;5;1;5;AVENUE DE LA PORTE DE SAINT OUEN;48,897619;2,329002
202300032506;20;6;2023;09:45;1;44;44217;1;1;1;5;;47,29704;-1,74947
202300032507;14;12;2023;11:00;1;75;75116;2;1;1;3;AVENUE D IENA;48,868637;2,29589
202300032508;7;9;2023;08:45;1;75;75113;2;7;1;3;PORTE D ITALIE;48,816415;2,360486
202300032509;24;6;2023;16:10;1;3;3173;1;1;1;6;A79;46,46029;3,945614
202300032510;24;6;2023;14:00;1;2B;2B152;1;1;1;6;D180;42,898622;9,399841
202300032511;1;12;2023;20:20;5;75;75116;2;1;1;3;ROUTE DES PINS;48,854617;2,250647
202300032512;7;9;2023;20:00;2;75;75111;2;2;1;6;RUE SAINT MAUR;48,858531;2,383666
202300032513;25;6;2023;10:00;1;32;32083;1;1;1;7;654 Route de Cézan, D303;43,802912;0,44044
202300032514;13;12;2023;18:20;5;75;75116;2;2;2;1;ALLEE DU BORD DE L EAU;48,861656;2,22928
202300032515;7;9;2023;18:30;1;75;75111;2;1;7;6;RUE JULES VALLES;48,853706;2,385193
202300032516;25;6;2023;13:35;1;11;11040;1;1;1;6;À la Bitarelle;43,136083;2,879739
202300032517;7;9;2023;15:30;1;75;75110;2;2;1;6;RUE DE DUNKERQUE;48,879522;2,357188
202300032518;13;12;2023;13:50;1;75;75116;2;7;2;3;PLACE DE VARSOVIE;48,860269;2,290503
202300032519;26;6;2023;20:10;1;71;71173;2;3;1;1;Route de Devrouze;46,761695;5,153811
202300032520;7;9;2023;19:05;1;75;75107;2;2;1;6;QUAI ANATOLE FRANCE;48,859539;2,329291
202300032521;14;12;2023;12:45;1;75;75115;2;2;1;3;RUE DE L ABBE GROULT;48,83797;2,29897
202300032522;23;6;2023;15:45;1;63;63178;2;3;1;2;55 Avenue de la Libération /impasse de lotissement;45,53767;3,250926
202300032523;7;9;2023;18:20;1;94;94044;2;3;1;3;Avenue Descartes;48,741277;2,4777
202300032524;14;12;2023;11:10;1;75;75114;2;2;8;3;RUE DU DEPART;48,843491;2,324276
202300032525;25;6;2023;20:00;1;61;61480;1;1;1;6;D26;48,55766;0,0366
202300032526;26;6;2023;19:48;1;88;88352;1;1;1;6;D36;48,29557;5,675708
202300032527;14;12;2023;19:50;5;75;75110;2;1;1;3;RUE DU FAUBOURG SAINT MARTIN;48,876666;2,360942
202300032528;7;9;2023;09:55;1;94;94016;2;3;7;1;Avenue Carnot;48,79805833;2,32819156
202300032529;25;6;2023;17:10;1;12;12105;1;2;1;7;CD 339;44,237205;2,030078
202300032530;13;12;2023;16:00;1;75;75110;2;4;2;7;AVENUE PARMENTIER;48,872043;2,36956
202300032531;7;9;2023;09:00;1;94;94076;2;1;1;2;Boulevard Maxime Gorki;48,79232;2,36957
202300032532;17;6;2023;09:15;1;42;42020;1;6;1;3;Route de Montrond;45,63782025;4,20589525
202300032533;12;12;2023;17:15;5;94;94081;2;1;2;3;22 Avenue Paul Vaillant Couturier;48,799326;2,400814
202300032534;14;12;2023;07:45;2;94;94078;2;1;1;6;Rue de Balzac;48,730637;2,449552
202300032535;7;9;2023;18:25;1;94;94041;2;1;1;3;Rue Pierre et Marie Curie;48,81436;2,37375
202300032536;26;6;2023;08:20;1;86;86076;1;1;1;1;D347;46,660782;0,279915
202300032537;25;6;2023;18:40;2;34;34239;2;4;1;2;12 Avenue de Lodève;43,650462;3,502235
202300032538;13;12;2023;08:40;2;94;94068;2;3;2;3;Quai de la Pie;48,79006;2,47344
202300032539;7;9;2023;19:15;1;94;94073;2;9;1;3;Avenue du Luxembourg;48,75520146;2,37020212
202300032540;14;12;2023;18:10;5;94;94058;2;1;1;1;Avenue Pierre Brossolette;48,834226;2,516914
202300032541;25;6;2023;17:30;1;39;39470;1;1;1;1;N/A;46,458146;6,075156
202300032542;7;9;2023;12:00;1;94;94055;2;3;1;6;PINCE VENT (AV DE);48,78995982;2,55000535
202300032543;14;12;2023;18:45;5;94;94046;2;3;1;6;Avenue de la République;48,807325;2,446545
202300032544;26;6;2023;07:30;1;39;39476;2;2;1;3;9 Rue de Tichey;47,033685;5,32095
202300032545;7;9;2023;19:00;1;93;93057;2;3;1;3;Avenue du Président Wilson / Allée Jean-louis Rapinat;48,90831326;2,51378015
202300032546;13;12;2023;19:20;5;94;94076;2;9;2;6;Avenue de la Division Leclerc;48,784598;2,367318
202300032547;7;9;2023;12:40;1;93;93008;2;1;1;3;Rue Galliéni;48,903733;2,439075
202300032548;25;6;2023;13:00;1;44;44014;1;1;1;1;les Bauches Nord;47,086093;-1,542474
202300032549;13;12;2023;18:00;3;94;94069;1;1;2;4;Avenue des Canadiens;48,81726;2,45599
202300032550;7;9;2023;09:05;1;92;92075;2;1;1;6;LYCEE (BOULEVARD DU);48,82388905;2,28303283
202300032551;23;6;2023;16:55;1;44;44096;1;2;1;3;Route de Pannecé;47,449252;-1,228296
202300032552;13;12;2023;12:45;1;94;94017;2;1;2;3;Rue Benoit Frachon;48,82016436;2,52273251
202300032553;31;8;2023;19:19;1;92;92073;2;1;1;3;SELLIER (BOULEVARD HENRI);48,86845;2,2234
202300032554;24;6;2023;17:12;1;29;29235;2;6;7;3;rue Louis Lichou;48,404869;-4,418937
202300032555;14;12;2023;18:40;3;94;94002;2;2;1;1;Rue Véron;48,80575;2,41516
202300032556;23;6;2023;14:25;1;38;38409;1;1;1;1;D 1532;45,078525;5,287235
202300032557;1;9;2023;20:50;5;92;92073;2;4;1;4;BAS ROGERS (RUE DES);48,88098058;2,22714427
202300032558;14;12;2023;08:45;1;93;93073;2;1;2;6;Avenue des Ecoles;48,95764;2,57224
202300032559;6;9;2023;15:00;1;92;92063;2;1;1;1;JOFFRE (BOULEVARD DU MARECHAL);48,87894;2,18151
202300032560;13;12;2023;08:00;2;93;93078;2;2;1;3;Boulevard Robert Ballanger / Avenue Paul Vaillant Couturier;48,9546;2,5361
202300032561;25;6;2023;16:55;1;38;38304;1;1;1;5;RN 85;44,964251;5,777349
202300032562;7;9;2023;09:56;1;92;92051;2;1;7;3;ROULE (AVENUE DU, N° 29 A 91 ET 30 A 86);48,88181124;2,28050977
202300032563;24;6;2023;14:30;1;84;84017;1;1;1;1;Route du Mont-ventoux;44,120512;5,24859
202300032564;14;12;2023;07:30;3;93;93050;2;2;1;6;Rue Paul et Camille Thomoux / Avenue Robert Schumann;48,87352;2,52969
202300032565;7;9;2023;11:11;1;92;92049;2;1;1;7;BRIAND AVENUE ARISTIDE N°1 A 129;48,81309029;2,32608676
202300032566;25;6;2023;11:30;1;1;1348;1;2;1;3;RD66A;46,186137;4,836216
202300032567;5;9;2023;20:30;5;92;92023;2;1;1;3;CLAUDE TREBIGNAUD (AVENUE) BOIS S102;48,7959397;2,25238234
202300032568;14;12;2023;08:10;5;93;93046;2;2;2;6;Avenue Gambetta / Allée Dupleix;48,92118;2,51475
202300032569;25;6;2023;02:20;5;70;70421;2;1;1;6;39 Rue Jean Bogé;47,685324;6,042365
202300032570;7;9;2023;19:15;1;92;92012;2;1;1;6;HEINRICH (RUE);48,82745192;2,24518955
202300032571;26;6;2023;12:30;1;14;14582;1;1;1;2;786 Route de Saint-Martin de la Lieue;49,081301;0,19298
202300032572;13;12;2023;18:00;3;93;93032;2;4;2;6;Rue du 18 Juin / Allée Alphonse Benoit;48,8777;2,55598
202300032573;6;9;2023;18:00;1;92;92009;2;1;1;2;CHARCOT ( RUE );48,92114747;2,27594912
202300032574;26;6;2023;10:50;1;50;50085;1;2;1;7;route du moulin;48,929781;-1,535372
202300032575;13;12;2023;19:20;5;93;93014;2;2;2;1;Allée de Gagny / Chemin de la Tourelle;48,90935;2,55014
202300032576;25;6;2023;13:05;1;9;9189;1;1;1;6;N20;42,67418;1,835525
202300032577;7;9;2023;17:45;1;49;49063;2;3;7;3;Rue des Sables;47,35157;-0,767198
202300032578;23;6;2023;18:30;1;60;60327;1;1;1;7;Rue du Moulin;49,303244;1,966639
202300032579;14;12;2023;17:00;5;93;93008;2;1;8;6;Boulevard Lénine;48,90662;2,44371
202300032580;5;9;2023;21:45;5;62;62794;2;1;1;1;D342;50,71151112;2,15390654
202300032581;25;6;2023;18:35;1;10;10323;1;1;1;2;D619;48,507763;3,693123
202300032582;7;9;2023;22:40;5;52;52331;2;1;1;6;Rue Thibault;48,473554;4,773613
202300032583;5;6;2023;09:06;1;10;10209;2;1;1;2;2 Avenue Pierre Gomand;48,255899;4,256434
202300032584;14;12;2023;07:45;5;92;92046;2;3;8;6;NICOMEDES PASCUAL (RUE);48,813367;2,29932547
202300032585;8;9;2023;08:00;1;31;31454;2;1;1;2;245 Route de Bérat;43,411953;1,128609
202300032586;8;9;2023;15:58;1;83;83099;1;1;1;2;A8 PK 128.500;43,461828;6,68274
202300032587;25;6;2023;17:00;1;7;7261;1;1;1;5;D120;44,82393432;4,73354956
202300032588;13;12;2023;14:25;1;92;92046;2;2;1;3;LOUIS BLANC (RUE);48,82049841;2,30394579
202300032589;8;9;2023;16:25;1;974;97412;1;9;1;7;Rue Marcel Pagnol;-21,375913;55,664927
202300032590;25;6;2023;08:50;1;53;53062;2;6;7;3;RN162;47,82531;-0,68758
202300032591;13;12;2023;19:00;5;92;92050;2;3;2;6;CLEMENCEAU GEORGES AVENUE N° PAIR;48,88566101;2,21923113
202300032592;25;6;2023;13:18;1;4;4081;2;3;1;2;Route de Quinson;43,738325;5,979851
202300032593;10;8;2023;19:40;3;974;97416;1;1;1;2;Pont de la Rivière Saint-Etienne;-21,297656;55,418606
202300032594;25;6;2023;14:30;1;4;4157;1;1;1;1;D56;43,867301;6,136422
202300032595;13;12;2023;17:09;5;92;92020;2;1;2;3;STALINGRAD BOULEVARD;48,81111;2,29877
202300032596;7;9;2023;13:40;1;41;41093;1;1;1;2;A10;47,605563;1,11979
202300032597;25;6;2023;17:05;1;4;4217;1;1;1;7;Les Ferauds;44,16449;6,146121
202300032598;14;12;2023;14:10;1;92;92048;2;1;1;2;TRIVAUX (AVENUE DE) N° 9;48,79892889;2,23314643
202300032599;26;6;2023;13:55;1;87;87133;1;1;1;1;N145 PK 29+200;46,202661;1,377261
202300032600;22;6;2023;08:49;1;37;37109;1;3;2;3;D76;47,412785;0,603046
202300032601;14;12;2023;19:35;5;92;92026;2;3;1;6;VERDUN (DE 62 A FIN);48,90302538;2,2581844
202300032602;31;8;2023;16:30;1;66;66141;1;1;1;2;D1;42,729298;2,915813