Num_Acc;jour;mois;an;hrmn;lum;dep;com;agg;int;atm;col;adr;lat;long
202300032868;13;12;2023;13:30;1;69;69142;2;1;1;3;Quai Jean-Jacques Rousseau;45,7449;4,81311
202300032869;3;9;2023;18:10;1;69;69264;2;6;1;1;Chemin des Rousses;45,99459;4,70723
202300032870;5;9;2023;07:40;1;67;67180;2;2;1;1;NESSEL (BLD);48,813513;7,784059
202300032871;13;12;2023;19:28;3;2B;2B120;2;1;1;3;11 - RT;42,66279;9,44254
202300032872;6;9;2023;11:38;1;64;64260;2;1;1;3;PORT (RUE DU);43,35885;-1,77726
202300032873;12;12;2023;17:25;2;971;97101;1;1;1;2;RN1 ROCADE DE CHAUVEL;16,24272;-61,52253
202300032874;6;9;2023;12:20;1;64;64445;2;1;1;6;BUROS DE;43,31326;-0,34993
202300032875;6;9;2023;17:30;1;64;64122;2;3;1;3;"""KENNEDY (AVENUE DU PRESIDENT J,F)""";43,46396;-1,55214
202300032876;13;12;2023;17:10;3;91;91377;2;1;2;6;AV DU PRESIDENT J F KENNEDY;48,73815;2,297209
202300032877;6;9;2023;18:00;1;63;63113;2;1;1;3;BELLOY (RUE DU);45,78439209;3,08009058
202300032878;6;9;2023;01:05;3;59;59350;2;1;1;3;SOLFERINO RUE N°110 - 206;50,63087315;3,05553029
202300032879;13;12;2023;17:40;5;91;91191;2;1;1;3;LEON JOUHAUX (AVENUE);48,72222;2,46963
202300032880;5;9;2023;08:00;1;56;56121;2;1;1;1;VERDUN (RUE  DE );47,76023;-3,36567
202300032881;5;9;2023;07:00;2;56;56121;2;1;1;6;GAULLE ( AVE DU GENERAL DE );47,74139;-3,37276
202300032882;13;12;2023;00:00;3;91;91600;1;1;2;3;RTE NATIONALE 6;48,6731;2,50255
202300032883;6;9;2023;01:00;5;51;51454;2;3;1;6;LECLERC (BOULEVARD DU GENERAL);49,25600521;4,02429443
202300032884;5;9;2023;18:22;1;49;49007;2;8;7;6;ALSACE;47,4697;-0,5495
202300032885;13;12;2023;07:40;5;90;90010;2;3;2;6;JUIN (AVENUE DU MARECHAL);47,644;6,84056
202300032886;4;9;2023;22:15;5;49;49007;2;1;1;7;MIRABEAU;47,4597;-0,5496
202300032887;13;12;2023;14:55;1;89;89387;2;3;1;3;BOURRIENNE (RUE DE);48,2053;3,29248
202300032888;6;9;2023;07:50;1;45;45234;2;2;1;2;10 Boulevard Guy-Marie Riobé;47,91353;1,90988
202300032889;5;9;2023;18:40;1;41;41018;2;1;1;1;BESNARD (QUAI ULYSSE);47,57811;1,32122
202300032890;12;12;2023;07:54;5;80;80001;2;6;2;3;Route d'Amiens;50,100965;1,857925
202300032891;6;9;2023;08:00;1;38;38185;2;2;1;3;JOSEPH VALLIER (BOULEVARD);45,18032;5,71144
202300032892;6;9;2023;18:35;1;37;37261;2;3;7;3;GRAMMONT (AVENUE DE);47,38678;0,6903
202300032893;4;9;2023;09:45;1;35;35206;1;1;1;6;PORTE ALMA;48,08023172;-1,68019205
202300032894;6;9;2023;13:45;1;33;33069;2;2;1;3;Boulevard Godard;44,86247253;-0,58469206
202300032895;6;9;2023;07:50;1;33;33522;2;1;1;2;Cours de la Libération;44,8031;-0,5932
202300032896;6;9;2023;07:45;1;31;31565;2;3;1;1;BOUT DU PUY (RUE DU);43,094198;0,709443
202300032897;13;12;2023;08:05;2;77;77215;2;9;1;3;BD VICTOR HUGO;48,73979;2,72376
202300032898;13;12;2023;03:00;5;77;77122;2;1;2;6;RUE DES ROCHES;48,67125;2,55838
202300032899;5;9;2023;12:50;1;27;27229;2;3;1;3;LUXEMBOURG (RUE DU);49,03088;1,18493
202300032900;6;9;2023;06:00;3;22;22187;1;1;1;6;RN12;48,54606;-2,78623
202300032901;13;12;2023;19:15;5;77;77449;2;2;2;1;AV BERNARD DE JUSSIEU;48,83520774;2,78295433
202300032902;6;9;2023;09:31;1;21;21231;2;3;7;6;MARIOTTE (RUE);47,32212079;5,031276
202300032903;13;12;2023;20:10;5;76;76540;2;2;2;3;Rue Saint Filleul;49,4470007;1,06980121
202300032904;6;9;2023;08:08;1;21;21231;2;1;1;6;BARBE (PLACE);47,32888049;5,03863421
202300032905;13;12;2023;12:20;1;76;76540;2;5;2;6;Quai du havre (Haut);49,4409;1,0825
202300032906;6;9;2023;07:35;1;21;21054;2;2;1;3;SAINT-JACQUES (BOULEVARD);47,02074;4,83759
202300032907;13;12;2023;08:30;1;76;76351;2;3;1;3;JEAN BAPTISTE EYRIES;49,49488;0,1163
202300032908;3;9;2023;19:30;1;19;19031;2;2;1;2;SEMARD (AVENUE PIERRE) A PARTIR DE N° 75;45,15738;1,52372
202300032909;3;9;2023;17:35;1;19;19031;2;3;1;3;LATRADE (RUE LOUIS);45,16222;1,53064
202300032910;13;12;2023;19:30;4;73;73065;2;2;3;3;ROISSARD CHARLES (QUAI);45,56909502;5,91952533
202300032911;2;9;2023;08:28;1;18;18213;2;9;7;6;10 Avenue du Général de Gaulle;47,09899;2,48218
202300032912;13;12;2023;18:30;5;69;69282;2;2;2;3;Rue d'Aquitaine;45,76372;5,00252
202300032913;12;12;2023;10:44;1;69;69199;2;1;2;6;Rue Danielle Casanova;45,71031;4,86264
202300032914;6;9;2023;19:00;2;75;75118;2;1;1;4;PORTE DE CLIGNANCOURT;48,901104;2,346646
202300032915;13;12;2023;17:25;5;68;68166;2;1;2;6;MULHOUSE (FAUBOURG DE);47,790295;7,334371
202300032916;13;12;2023;12:10;1;66;66136;2;1;1;6;Avenue Général GILLES;42,69767;2,92601
202300032917;6;9;2023;09:10;1;75;75113;2;1;1;3;PORTE D ITALIE;48,816833;2,364982
202300032918;13;12;2023;08:40;1;64;64545;2;1;3;1;BRETELLE DE LAUTOROUTE RD 913;43,37625;-1,6864
202300032919;5;9;2023;18:12;1;75;75107;2;3;1;3;QUAI ANATOLE FRANCE;48,861103;2,324175
202300032920;5;9;2023;15:03;1;75;75119;2;1;1;6;BOULEVARD DE LA VILLETTE;48,872528;2,376559
202300032921;13;12;2023;09:15;1;64;64445;2;1;2;6;CARNOT;43,30385;-0,3684
202300032922;6;9;2023;16:30;1;75;75120;2;2;1;6;RUE BELGRAND;48,864663;2,404629
202300032923;12;12;2023;08:00;5;64;64102;2;1;8;6;MARINES (AVENUE DES ALLEES);43,49638;-1,48168
202300032924;5;9;2023;08:45;1;75;75116;2;7;1;1;AVENUE DU MAHATMA GANDHI;48,874113;2,255427
202300032925;10;12;2023;21:15;3;63;63300;1;9;2;7;JENZAT (RUE DU);45,87416;3,13283
202300032926;6;9;2023;16:55;1;75;75115;2;2;1;1;RUE LECOURBE;48,838604;2,289416
202300032927;6;9;2023;16:39;1;75;75113;2;1;1;6;RUE JENNER;48,83587;2,361091
202300032928;13;12;2023;06:05;5;63;63113;2;2;1;3;BLERIOT (AVENUE LOUIS);45,78777;3,1395
202300032929;6;9;2023;11:12;1;75;75111;2;2;1;7;BOULEVARD RICHARD LENOIR;48,857785;2,370916
202300032930;6;9;2023;15:30;1;75;75110;2;4;1;3;RUE DU FAUBOURG SAINT MARTIN;48,878893;2,362424
202300032931;7;10;2023;20:15;3;83;83025;1;1;1;6;RD35;43,507647;5,931158
202300032932;8;10;2023;18:10;1;60;60287;2;1;1;1;Rue du Houlet;49,607878;3,085359
202300032933;9;10;2023;08:45;1;64;64225;1;1;1;1;Rue de Barétous (Féas) - CD 919;43,164293;-0,678363
202300032934;7;10;2023;15:09;1;43;43268;2;1;1;2;53 Avenue de la Marne;45,145121;4,126471
202300032935;7;10;2023;15:15;1;43;43203;1;3;1;3;Route de Veyrines;45,165269;4,055935
202300032936;8;10;2023;18:25;1;53;53039;1;1;1;1;RD 123 Lieu dit la Jourdanerie;48,151886;-1,004648
202300032937;8;10;2023;06:30;3;21;21715;1;1;1;6;RD981;47,10986088;4,4189034
202300032938;7;10;2023;11:12;1;28;28405;1;4;1;1;D152;48,759492;1,311858
202300032939;8;10;2023;17:00;1;17;17396;2;1;1;1;Rue Porte Fache;46,23247;-0,885386
202300032940;7;10;2023;16:35;1;30;30185;1;2;1;3;D1;43,734724;4,211444
202300032941;4;10;2023;16:30;1;30;30348;1;6;1;3;N/A;44,048526;4,148269
202300032942;7;10;2023;19:05;1;48;48080;2;3;1;6;Place de la Halle;44,72619;3,855128
202300032943;9;10;2023;01:45;3;52;52332;1;1;1;6;D240;47,971634;5,545102
202300032944;8;10;2023;14:45;1;52;52135;1;1;1;6;D158;47,917514;5,678644
202300032945;30;9;2023;17:55;2;8;8413;1;1;7;7;Rue Reginald Flack;49,605266;4,19667
202300032946;7;10;2023;16:10;1;4;4112;1;1;1;7;A51;43,807825;5,813017
202300032947;9;10;2023;09:55;1;13;13008;2;1;1;7;Route de Pelissanne;43,661589;5,156145
202300032948;9;10;2023;05:45;5;13;13051;1;6;1;7;D113;43,584595;5,139349
202300032949;8;10;2023;17:20;1;42;42279;2;1;1;6;21 Avenue Grégoire Chapoton;45,501753;4,256757
202300032950;9;10;2023;03:18;3;60;60229;1;1;1;5;Autoroute A1, sens L/P, PK 63+000;49,36598801;2,7038877
202300032951;8;10;2023;16:17;1;60;60024;1;1;1;6;Autoroute A1, sens Lille vers Paris, PK 67+600;49,406631;2,693946
202300032952;29;7;2023;14:05;1;976;97608;2;4;1;1;Route des Badamiers;-12,781079;45,278837
202300032953;8;10;2023;20:20;5;973;97311;2;3;1;1;Avenue Christophe Colomb;5,47676;-54,038551
202300032954;7;10;2023;15:15;1;973;97312;1;1;1;7;N1;5,184637;-52,914877
202300032955;7;10;2023;17:20;1;978;97801;2;1;7;6;rue de hollande;18,074486;-63,079526
202300032956;8;10;2023;08:45;1;77;77135;1;1;1;7;D201;48,657411;2,952082
202300032957;7;10;2023;15:10;1;95;95438;1;1;1;7;D159;49,132679;1,931577
202300032958;8;10;2023;11:10;1;78;78334;2;3;1;3;D58;48,723971;1,956173
202300032959;8;10;2023;11:25;1;30;30051;1;1;1;6;le Galissard;44,21835;4,015696
202300032960;5;10;2023;12:15;1;11;11076;2;1;1;6;1 Place de la Gare;43,312763;1,9504
202300032961;8;10;2023;08:10;3;34;34199;1;1;1;7;Route de Tourbes;43,450668;3,40559
202300032962;7;10;2023;16:18;1;6;6134;1;1;1;3;Col de Valferrière (Selle);43,750994;6,730092
202300032963;7;10;2023;17:10;1;6;6039;2;1;1;6;461 Route de Villevieille;43,811425;7,293532
202300032964;6;10;2023;00:40;3;13;13086;2;6;1;2;Avenue du Repos;43,338166;5,601376
202300032965;9;10;2023;13:00;1;13;13023;2;1;1;1;32 Chemin de Sainte Catherine;43,208734;5,631903
202300032966;8;10;2023;08:40;1;13;13059;1;1;1;7;D96;43,620932;5,506591
202300032967;6;10;2023;14:25;1;26;26002;1;1;1;2;Autoroute A7 PK033+000 sens S/N;45,242745;4,840336
202300032968;8;10;2023;12:17;1;71;71026;1;1;1;6;D906;46,67213;4,871085
202300032969;7;10;2023;19:15;5;21;21590;2;1;1;6;Route de Bouilland;47,067137;4,807227
202300032970;8;10;2023;18:00;1;68;68247;1;1;1;7;Route départementale 27;47,940727;7,006273
202300032971;8;10;2023;17:05;1;68;68069;1;1;1;1;D2;47,958404;7,476325
202300032972;8;10;2023;19:15;2;73;73186;1;1;1;1;D128B - Route du Plan Dernier;45,785654;6,549363
202300032973;8;10;2023;13:15;1;73;73005;1;1;1;6;D59A - Aillon-le-Vieux;45,653258;6,076148
202300032974;9;10;2023;16:30;1;44;44035;2;1;1;1;51 Rue Hervé Le Guyader;47,287117;-1,557138
202300032975;9;10;2023;00:30;3;38;38407;1;1;1;7;1338 Route du Col;45,33358;5,659145
202300032976;8;10;2023;19:00;1;26;26235;1;2;1;2;Rue Pierre Larousse;44,361043;4,686425
202300032977;8;10;2023;12:40;1;7;7264;1;1;1;7;Route departementale 290;44,322159;4,5504
202300032978;5;10;2023;18:25;1;1;1262;2;1;1;6;Rue des Marronniers;45,851101;5,060875
202300032979;8;10;2023;08:05;1;69;69204;2;3;1;3;28 Rue des Collonges;45,693321;4,797619
202300032980;6;10;2023;10:15;1;81;81219;1;1;1;7;D92;43,573022;2,019403
202300032981;4;10;2023;19:30;5;81;81140;1;4;1;3;Route de Caraman;43,680454;1,814911
202300032982;6;10;2023;21:15;5;31;31187;2;2;1;1;Avenue de la Gare;43,533986;1,236492
202300032983;6;10;2023;21:25;3;33;33435;1;1;1;5;D1113;44,570559;-0,216988
202300032984;7;10;2023;17:20;1;14;14325;1;3;7;3;Rue de la Croix Rose;49,284058;-0,329976
202300032985;8;10;2023;20:20;3;22;22093;1;2;1;2;Route de Trémilliac;48,472324;-2,533518
202300032986;7;10;2023;13:10;1;35;35343;1;1;1;6;La Lande de Pussac;47,85114555;-1,56415969
202300032987;8;10;2023;14:50;1;76;76495;2;2;1;3;Rue Bezuel;49,569328;0,952806
202300032988;8;10;2023;11:30;1;60;60581;2;2;1;3;Rue Jean Moulin;49,510526;2,439045
202300032989;7;10;2023;16:11;1;13;13211;1;1;1;2;A50-Sens Marseille vers Aubagne;43,29273;5,47667
202300032990;8;10;2023;07:50;2;13;13210;1;1;1;6;A50-Sens Aubagne vers Marseille;43,28677;5,43306
202300032991;7;10;2023;12:36;1;13;13085;1;1;1;2;A50-Sens Aubagne vers Toulon;43,25770567;5,59258189
202300032992;7;10;2023;00:00;5;13;13212;1;1;1;2;A507 sens Marseille - Aubagne;43,30207;5,42436
202300032993;8;10;2023;11:35;1;33;33550;1;1;1;2;ROCADE A 630;44,77910364;-0,55226684
202300032994;8;10;2023;12:28;1;94;94038;1;1;1;2;A6A;48,77779858;2,34644477
202300032995;8;10;2023;10:30;1;91;91689;1;1;1;5;AUTOROUTE A6B;48,74588;2,32413
202300032996;8;10;2023;02:34;3;91;91689;1;1;1;2;AUTOROUTE A6A;48,7456;2,32526
202300032997;7;10;2023;18:44;1;94;94034;1;1;1;3;A6A;48,75691382;2,33507254
202300032998;8;10;2023;16:00;1;93;93007;1;1;1;2;AUTOROUTE A3;48,92069124;2,47959998
202300032999;8;10;2023;15:05;1;93;93066;1;1;1;3;AUTOROUTE A1;48,92865;2,35891
202300033000;8;10;2023;10:00;1;93;93029;1;1;1;2;AUTOROUTE A86;48,92501602;2,42564723
202300033001;7;10;2023;20:45;3;93;93005;1;1;1;2;AUTOROUTE A1;48,96267;2,47068
202300033002;7;10;2023;10:10;1;93;93078;1;1;1;2;AUTOROUTE A104;48,95866;2,52701
202300033003;7;10;2023;20:40;3;95;95500;1;1;1;2;A15;49,0408254;2,08207548
202300033004;8;10;2023;17:05;1;94;94018;1;1;1;3;A4;48,82318581;2,39579469
202300033005;31;7;2023;19:00;2;73;73183;1;1;1;1;D19;45,52384361;5,9714777
202300033006;7;10;2023;02:35;5;974;97416;2;1;1;2;RN2 (2);-21,35336;55,51013
202300033007;7;10;2023;19:45;3;974;97411;1;1;1;6;VINH-SAN (BLD 1 DU PRINCE);-20,8878;55,4429
202300033008;6;10;2023;18:00;1;973;97302;2;1;1;6;CESAIRE (CITE);4,93202789;-52,32170239
202300033009;6;10;2023;09:25;1;973;97302;2;1;1;6;BARRAT (DU DOCTEUR);4,93756;-52,32836
202300033010;7;10;2023;18:20;1;69;69388;2;1;1;6;Boulevard des Etats-Unis;45,72591993;4,87046629
202300033011;7;10;2023;11:35;1;69;69034;2;1;1;2;Montée des Soldats;45,79268;4,86024
202300033012;7;10;2023;07:40;1;69;69389;2;2;1;3;Rue Laure Diébold;45,77863;4,79821
202300033013;7;10;2023;17:00;1;95;95427;2;2;1;3;JULES FERRY (RUE);48,96294783;2,33895734
202300033014;7;10;2023;19:00;1;95;95127;1;9;1;4;N14;49,05569089;2,04818845
202300033015;6;10;2023;17:51;1;91;91549;1;9;1;6;CORBEIL (ROUTE DE);48,63858;2,33479
202300033016;7;10;2023;11:40;1;91;91201;2;1;1;2;RUE EUGENE DELACROIX;48,67772;2,4226
202300033017;6;10;2023;19:15;5;78;78551;2;2;1;3;AMPERE;48,900464;2,080163
202300033018;7;10;2023;09:55;1;78;78440;2;1;1;3;avenue de la République;48,98621;1,92058
202300033019;7;10;2023;18:30;1;77;77215;2;1;1;6;RUE FRANCOIS COUPERIN;48,73624;2,73419
202300033020;7;10;2023;18:00;1;77;77079;2;6;1;6;PL DE L'EUROPE;48,40579;2,79906
202300033021;7;10;2023;17:05;1;77;77285;2;1;1;3;BOIS GUYOT (RUE DU);48,53802;2,6228
202300033022;6;10;2023;18:34;2;77;77307;2;1;7;6;RUE DE ROME;48,85896;2,75786
202300033023;7;10;2023;21:50;5;73;73011;2;1;1;6;D990 HUGO (AVENUE VICTOR);45,67218;6,38235
202300033024;7;10;2023;20:41;5;72;72181;1;9;1;3;BEAUREGARD (RUE DE);48,0285;0,1796
202300033025;7;10;2023;19:40;5;69;69290;2;6;1;1;Rue de l'Aviation;45,70664;4,94031
202300033026;7;10;2023;18:00;1;69;69029;2;3;1;1;Route de Genas;45,7501555;4,91141292
202300033027;6;10;2023;16:30;1;69;69290;2;3;1;6;12 Avenue Jean Jaurès;45,69693;4,94074
202300033028;7;10;2023;00:12;4;69;69290;2;6;1;6;Route de Grenoble;45,71779;4,94948
202300033029;3;10;2023;17:29;1;68;68149;2;1;1;6;ABBATUCCI ( RUE ET PLACE );47,59308;7,58332
202300033030;7;10;2023;17:00;1;67;67482;2;1;1;6;CHAMP DE MANOEUVRE (RUE DU);48,60211;7,71135
202300033031;7;10;2023;15:30;1;67;67482;2;3;1;3;GENERAL DE GAULLE (AVENUE DU);48,58092;7,76979
202300033032;6;10;2023;17:45;1;64;64189;2;1;1;1;BENOIT PIERRE (BOULEVARD);43,3888;-1,6806
202300033033;7;10;2023;15:05;1;63;63113;2;6;1;3;Quinet / Kennedy;45,80362;3,11909
202300033034;7;10;2023;02:43;3;62;62895;1;9;1;6;D 165;50,48429346;2,84580231
202300033035;8;10;2023;00:35;5;59;59163;2;1;1;6;JAURES (RUE JEAN);50,67847;3,15572
202300033036;7;10;2023;18:00;1;59;59299;2;1;1;6;RIBOT (RUE ALEXANDRE);50,66521;3,18975
202300033037;7;10;2023;10:10;1;59;59350;2;1;1;3;LAMBRET OSCAR AVENUE;50,6168;3,03397
202300033038;7;10;2023;11:25;1;54;54304;2;2;1;2;Boulevard des Aiguillettes;48,67934869;6,1425215
202300033039;7;10;2023;04:25;3;54;54382;1;1;5;2;52 (ROUTE NATIONALE);49,55089;5,7889
202300033040;8;10;2023;00:44;5;49;49007;2;3;1;7;PARCHEMINERIE;47,47364;-0,55304
202300033041;7;10;2023;19:49;5;45;45234;2;6;1;1;1 Boulevard Saint-Euverte;47,90111;1,91922
202300033042;7;10;2023;03:15;3;45;45274;1;6;1;6;D951 PR 86 + 773;47,86835;1,95742
202300033043;6;10;2023;16:40;1;44;44184;2;1;1;6;33 Rue de la Paix et des Arts;47,27686;-2,21207
202300033044;7;10;2023;09:25;1;38;38053;2;1;1;2;LIBERATION;45,598;5,27395
202300033045;6;10;2023;17:20;1;33;33119;2;3;1;3;Avenue des Quatre Pavillons;44,86288;-0,51673
202300033046;18;1;2023;08:28;1;10;10362;1;6;1;3;CD60;48,30213;4,02448
202300033047;12;1;2023;20:01;5;10;10387;2;2;8;3;VICTOR HUGO (RUE);48,29133484;4,07098442
202300033048;6;10;2023;18:20;1;33;33529;2;1;1;3;LECLERC (AVE DU GAL) DU 02 ET +;44,638822;-1,145904
202300033049;19;1;2023;10:30;1;4;4112;2;3;6;7;PREMIER MAI AV.DU);43,82114;5,79825
202300033050;19;1;2023;20:15;4;1;1014;2;1;8;3;POINT B (RUE DU);46,28396;5,66909
202300033051;19;1;2023;03:47;5;75;75114;2;1;1;6;PORTE D ORLEANS;48,819228;2,329614
202300033052;19;1;2023;18:48;5;75;75116;2;2;2;6;BOULEVARD EXELMANS;48,843024;2,260105
202300033053;7;10;2023;22:00;5;31;31555;2;2;1;3;AV DE FRONTON;43,6365;1,4333
202300033054;18;1;2023;20:05;5;75;75105;2;2;1;3;BOULEVARD SAINT GERMAIN;48,851386;2,343172
202300033055;7;10;2023;07:52;1;31;31555;2;1;1;6;RTE DE SAINT SIMON;43,577399;1,38949
202300033056;17;1;2023;21:20;5;75;75105;2;4;1;3;BOULEVARD SAINT MICHEL;48,840861;2,337333
202300033057;18;1;2023;18:20;5;75;75120;2;4;2;6;RUE BELGRAND;48,864638;2,405585
202300033058;19;1;2023;15:50;1;75;75119;2;3;1;3;RUE DE MEAUX;48,882199;2,374522
202300033059;18;1;2023;22:50;5;75;75119;2;2;8;6;RUE RIQUET;48,889703;2,368129
202300033060;7;10;2023;10:03;1;27;27229;2;6;1;3;FAUVILLE (RUE DE);49,028436;1,184315
202300033061;19;1;2023;11:20;1;75;75109;2;3;1;1;RUE DES MARTYRS;48,878914;2,339831
202300033062;6;10;2023;18:40;1;27;27229;2;1;1;6;SEPTIEME CHASSEUR (RUE DU);49,02817;1,14616
202300033063;19;1;2023;18:25;5;75;75116;2;3;4;6;BOULEVARD LANNES;48,868832;2,273532
202300033064;19;1;2023;20:40;5;75;75115;2;1;2;3;RUE FREMICOURT;48,847621;2,299663
202300033065;7;10;2023;17:00;1;26;26198;1;9;1;6;Route de Chateauneuf;44,53092;4,73641
202300033066;19;1;2023;19:10;5;75;75115;2;3;2;7;RUE DE LA CROIX NIVERT;48,843735;2,295885
202300033067;19;1;2023;04:00;5;75;75114;2;4;1;2;BOULEVARD ADOLPHE PINARD;48,824419;2,304796
202300033068;7;10;2023;06:20;3;22;22278;2;1;1;3;HAREL-DE-LA-NOE (BD);48,51975;-2,74768
202300033069;6;10;2023;23:45;3;18;18279;2;1;1;7;Rue France Bloch-sérazin;47,206937;2,077794
202300033070;18;1;2023;16:10;1;75;75114;2;7;1;3;PLACE DENFERT ROCHEREAU;48,834969;2,331763
202300033071;19;1;2023;20:50;5;75;75112;2;2;2;3;RUE JOSEPH KESSEL;48,833763;2,382569
202300033072;7;10;2023;16:40;1;15;15014;2;1;1;6;REPUBLIQUE (AVENUE DE LA);44,92706;2,44094
202300033073;19;1;2023;18:40;5;75;75109;2;2;2;3;RUE CHAUCHAT;48,874106;2,339766
202300033074;6;10;2023;17:55;1;14;14242;2;1;1;2;21 Rue de Lebisey;49,221821;-0,363826
202300033075;18;1;2023;13:30;1;75;75108;2;1;1;6;RUE DE SAINT PETERSBOURG;48,882719;2,326393
202300033076;19;1;2023;15:40;1;75;75102;2;2;1;6;BOULEVARD DE SEBASTOPOL;48,86442;2,351493
202300033077;18;1;2023;11:00;1;94;94078;2;3;1;1;Avenue du 8 Mai 1945 / Pont de Villeneuve le Roi;48,72776;2,4457
202300033078;7;10;2023;17:25;1;13;13210;2;1;1;1;L ARMEE D AFRIQUE (CHEMIN DE L');43,28654531;5,415872
202300033079;19;1;2023;10:45;1;94;94043;2;2;1;3;Rue Gabriel Péri;48,80482;2,34476
202300033080;19;1;2023;13:45;1;94;94022;2;1;1;6;Rue Georges Clémenceau;48,767217;2,407271
202300033081;7;10;2023;18:20;1;13;13209;2;3;1;1;MICHELET (BOULEVARD);43,25316;5,40224
202300033082;19;1;2023;08:18;2;94;94022;2;1;4;2;9 Avenue Jean Jaurès;48,76456;2,406535
202300033083;7;10;2023;10:15;1;13;13055;2;1;1;6;SAINT PIERRE (RUE);43,29238;5,40126
202300033084;19;1;2023;15:35;1;94;94017;2;1;1;3;36 Rue Louis Talamoni;48,81307033;2,51282483
202300033085;7;10;2023;09:40;1;13;13205;2;1;1;3;JEAN MOULIN (BOULEVARD);43,28898;5,40015
202300033086;17;1;2023;16:30;1;93;93039;2;2;1;3;Rue Méchin / Avenue Jean Jaurés;48,935743;2,338611
202300033087;19;1;2023;00:20;5;93;93064;2;1;8;6;Rue du Général Leclerc;48,86830939;2,49180168
202300033088;6;10;2023;22:20;3;13;13047;1;1;1;1;RN 569;43,51645;4,96385
202300033089;19;1;2023;08:35;1;93;93031;2;1;1;3;Avenue Jean Jaurès;48,95305387;2,31600702
202300033090;7;10;2023;15:10;1;10;10387;2;1;1;6;Avenue des Lombards;48,27013;4,0822
202300033091;18;1;2023;18:50;5;93;93010;2;6;2;2;Rue du Verger;48,91815001;2,47684888
202300033092;19;1;2023;19:13;5;93;93007;2;2;2;3;Avenue Paul Vaillant Couturier / Avenue Danielle Casanova;48,92689;2,47219
202300033093;7;10;2023;12:19;1;10;10081;2;3;1;3;MOULIN (RUE DU);48,30819;4,03504
202300033094;18;1;2023;13:30;1;92;92073;2;1;1;6;VERDUN (RUE DE);48,87220276;2,22853214
202300033095;19;1;2023;08:05;4;92;92050;2;1;1;6;COMMUNE DE PARIS AVENUE DE LA;48,89976;2,19955
202300033096;7;10;2023;20:55;5;6;6088;2;5;1;3;MERCANTOUR (BD);43,681969;7,198893
202300033097;19;1;2023;20:00;5;92;92048;2;2;2;7;GARDES (ROUTE DES) N° 5 A 51;48,81886363;2,23464578
202300033098;18;1;2023;19:24;5;92;92024;2;1;9;7;MADAME DE SANZILLON (RUE);48,90362;2,31864
202300033099;7;10;2023;22:45;5;6;6123;2;3;1;3;DE GAULLE GENERAL AVENUE;43,6671;7,1925
202300033100;19;1;2023;21:18;5;92;92012;2;2;2;3;REINE (ROUTE DE LA) 82/FIN - 107TER/FIN;48,83971191;2,23976952
202300033101;19;1;2023;18:30;5;92;92012;2;1;1;2;AUTEUIL (BOULEVARD D') - COTE IMPAIR;48,84613;2,24814
202300033102;7;10;2023;21:00;5;75;75118;2;1;1;2;PORTE DE SAINT OUEN;48,900787;2,338559
202300033103;18;1;2023;21:40;5;92;92002;2;9;2;6;DIVISION LECLERC (53 A 217 - 58 A 186);48,73861;2,30205
202300033104;18;1;2023;17:32;2;13;13215;1;1;1;7;A7-Sens Lyon vers Marseille;43,379;5,355
202300033105;6;10;2023;17:10;1;75;75118;2;1;1;2;PORTE D AUBERVILLIERS;48,90086;2,365712
202300033106;19;1;2023;07:00;3;83;83069;1;1;1;6;A570;43,11537;6,11426
202300033107;18;1;2023;07:22;3;69;69297;1;1;1;3;Autoroute 7 ;45,62081285;4,81335354
202300033108;6;10;2023;16:00;1;75;75119;2;1;1;5;PORTE DE PANTIN;48,896021;2,394351
202300033109;19;1;2023;17:42;4;33;33487;1;1;3;2;AUTOROUTE A 10;44,95442;-0,45581
202300033110;19;1;2023;16:25;1;91;91553;1;1;1;6;RN 104;48,631438;2,504346
202300033111;7;10;2023;00:55;5;75;75108;2;2;1;3;RUE DES MATHURINS;48,873307;2,3243
202300033112;19;1;2023;12:35;1;94;94076;1;1;1;3;A6B;48,79309594;2,34508279
202300033113;4;10;2023;14:00;1;75;75106;2;2;1;7;BOULEVARD RASPAIL;48,845227;2,328535
202300033114;7;10;2023;20:25;5;75;75120;2;3;1;6;RUE SAINT BLAISE;48,859696;2,404855
202300033115;7;10;2023;16:45;1;75;75120;2;1;1;6;BOULEVARD DAVOUT;48,863697;2,408635
202300033116;19;1;2023;07:50;2;94;94034;1;1;8;4;A86;48,76061147;2,31935953
202300033117;7;10;2023;16:30;1;75;75119;2;2;1;3;AVENUE CORENTIN CARIOU;48,895845;2,383548
202300033118;7;10;2023;01:15;5;75;75118;2;2;1;1;RUE ORDENER;48,890236;2,359905
202300033119;19;1;2023;07:40;3;94;94003;1;1;8;3;A6A;48,80756471;2,34094016
202300033120;7;10;2023;08:40;1;75;75117;2;2;1;3;AVENUE NIEL;48,881957;2,295914
202300033121;6;10;2023;13:00;1;75;75116;2;3;1;3;AVENUE ALPHONSE XIII;48,85621;2,281649
202300033122;19;1;2023;20:30;5;93;93006;1;1;1;6;AUTOROUTE A3;48,86425;2,41412
202300033123;7;10;2023;21:00;5;75;75115;2;2;1;6;RUE OLIVIER DE SERRES;48,836137;2,297234
202300033124;7;10;2023;10:41;1;75;75114;2;3;1;6;AVENUE PAUL APPELL;48,821684;2,326675
202300033125;19;1;2023;13:30;1;93;93066;1;1;1;3;AUTOROUTE A86;48,92279781;2,35128419