Num_Acc;jour;mois;an;hrmn;lum;dep;com;agg;int;atm;col;adr;lat;long
202300033126;6;10;2023;06:40;5;75;75114;2;2;1;3;AVENUE DU GENERAL LECLERC;48,829591;2,3284
202300033127;6;10;2023;23:15;5;75;75112;2;1;1;2;QUAI DE BERCY;48,830938;2,385598
202300033128;7;10;2023;22:00;5;75;75111;2;2;1;6;RUE RAMPON;48,866018;2,366325
202300033129;19;1;2023;15:10;1;95;95018;1;1;1;6;A15;48,95967623;2,27188361
202300033130;7;10;2023;00:35;5;75;75110;2;1;1;2;RUE YVES TOUDIC;48,86886;2,364678
202300033131;7;10;2023;17:31;1;75;75107;2;1;1;6;PORT DE SOLFERINO;48,861063;2,325152
202300033132;7;10;2023;16:05;1;75;75107;2;3;1;6;BOULEVARD DES INVALIDES;48,847932;2,315975
202300033133;7;10;2023;14:50;1;75;75103;2;2;1;6;RUE RAMBUTEAU;48,861818;2,350892
202300033134;7;10;2023;02:50;5;94;94081;2;9;1;6;Avenue Henri Barbusse;48,79277;2,39133
202300033135;19;1;2023;06:30;3;95;95277;1;1;1;5; A3;48,97065;2,48255
202300033136;7;10;2023;15:45;1;94;94074;2;1;1;2;Avenue Henri Barbusse;48,77002988;2,44049084
202300033137;7;10;2023;12:46;1;94;94055;2;1;1;3;Avenue du Général de Gaulle;48,79176382;2,53296764
202300033138;6;10;2023;16:50;1;94;94068;2;2;7;3;Rue du Docteur Roux;48,78728;2,48843
202300033139;7;10;2023;23:20;5;94;94042;1;1;1;6;Boulevard de l'Europe;48,814248;2,464247
202300033140;19;1;2023;14:40;1;94;94018;1;1;1;4;A4;48,8214243;2,39921053
202300033141;7;10;2023;17:00;1;94;94021;2;1;1;6;43 Av du Pdt Franklin Roosevelt;48,771329;2,361179
202300033142;7;10;2023;17:00;1;94;94022;2;1;1;6;Avenue du Docteur Charcot;48,76932552;2,41565216
202300033143;19;1;2023;08:00;3;94;94073;1;1;1;2;A86;48,77107455;2,38866733
202300033144;7;10;2023;19:20;1;94;94070;1;1;1;2;Rte de Paris;48,72316;2,56049
202300033145;7;10;2023;12:50;1;93;93049;2;3;1;6;Boulevard Galliéni / Rue du Bac;48,85273;2,51331
202300033146;7;10;2023;13:50;1;93;93074;2;3;1;6;Rue de Meaux / Allée Eugène Burlot;48,93411;2,56245
202300033147;7;10;2023;16:05;1;93;93014;2;1;1;2;Allée de Coubron;48,912298;2,550966
202300033148;7;10;2023;19:10;1;93;93010;2;1;1;6;Allee des Alouettes;48,893203;2,496082
202300033149;7;10;2023;18:15;1;93;93007;2;1;1;6;Allée Salomon de Brosse;48,948259;2,44998
202300033150;17;1;2023;06:55;1;974;97411;2;1;1;3;ROSTAND (RUE EDMOND);-20,88702;55,46974
202300033151;7;10;2023;18:30;1;93;93001;2;1;1;3;Rue du Landy;48,915248;2,374815
202300033152;6;10;2023;18:50;1;92;92020;2;5;1;3;VEDRINES RUE JULES;48,80864583;2,29123458
202300033153;7;10;2023;15:10;1;92;92025;2;1;1;3;GABRIEL PERI (RUE);48,91350833;2,22670846
202300033154;16;1;2023;17:15;1;974;97411;2;1;1;6;MAINE (RUE DU);-20,90308;55,49162
202300033155;7;10;2023;15:55;1;92;92023;2;4;1;3;PORTE DE TRIVAUX (RUE DE LA) N°1 A 55 ET;48,79155086;2,26318449
202300033156;7;10;2023;13:00;1;92;92004;2;1;1;6;ABBE LEMIRE DE L';48,92541;2,27946
202300033157;18;1;2023;12:30;1;974;97407;1;9;1;3;ANGLAIS (CHE DES) - RIVIERE DES GALETS ;-20,955;55,31491
202300033158;4;10;2023;20:00;3;39;39543;1;3;1;3;N/A;46,779647;5,899687
202300033159;18;1;2023;07:45;1;974;97407;2;4;1;3;SAY JOSEPH(RUE);-20,9383;55,2953
202300033160;18;9;2023;01:20;3;974;97415;1;9;1;2;N1;-21,009021;55,277334
202300033161;18;1;2023;10:00;1;69;69383;2;2;2;6;Avenue Maréchal de Saxe;45,7625909;4,84515741
202300033162;7;10;2023;12:15;1;50;50237;1;1;1;3;Route de la Bourgeais;48,811032;-1,376123
202300033163;6;10;2023;18:00;2;86;86046;2;6;1;3;Place Michel Gaudineau;46,774089;0,536782
202300033164;18;1;2023;12:30;1;972;97213;1;1;1;2;AUTOROUTE A1;14,61827;-61,02585
202300033165;6;10;2023;16:30;1;52;52114;2;9;1;3;D65;48,031752;4,912906
202300033166;6;10;2023;19:00;3;972;97234;1;1;8;7;D20;14,691609;-61,154757
202300033167;18;1;2023;08:20;1;972;97213;1;1;1;4;AUTOROUTE A1;14,61688;-61,01603
202300033168;18;1;2023;18:35;3;972;97209;1;1;1;2;RD 41 (ROCADE);14,615;-61,0501
202300033169;7;10;2023;07:05;3;76;76167;1;2;5;3;Route de Montivilliers;49,573314;0,155606
202300033170;17;1;2023;23:20;5;972;97209;2;4;1;4;AUTOROUTE (A1);14,6147;-61,04837
202300033171;23;9;2023;10:40;1;1;1353;1;1;1;3;D28;45,964784;4,798488
202300033172;18;1;2023;11:05;1;2B;2B033;2;1;1;3;11 - RT;42,6889;9,4477
202300033173;13;9;2023;12:50;1;1;1209;1;1;3;3;Route de Genève;46,110489;5,878458
202300033174;18;1;2023;14:10;1;971;97107;2;1;1;2;DUMANOIR ( ALLEE );16,03356;-61,56889
202300033175;7;10;2023;03:40;3;22;22067;1;1;1;5;Route Nationale 12 pr 90+0500;48,54954;-3,16501
202300033176;7;10;2023;15:30;1;30;30209;2;3;1;3;Chemin de la Poste;44,009225;4,783769
202300033177;18;1;2023;13:50;1;91;91657;2;1;1;7;AV DU PDT ROBERT LAKOTA;48,70497;2,41353
202300033178;6;10;2023;23:40;3;83;83017;2;1;1;1;D554;43,250028;5,998492
202300033179;7;10;2023;10:25;1;35;35173;1;2;1;1;Lieu Dit la Garbotais;48,216824;-1,727664
202300033180;18;1;2023;07:20;3;91;91223;1;1;9;4;R.D.20;48,4232;2,1391
202300033181;6;10;2023;23:50;3;56;56057;1;3;1;3;Pont Hellez;48,074043;-3,536611
202300033182;7;10;2023;12:10;1;77;77519;2;1;1;6;39 rue de la gare;48,650401;3,409039
202300033183;18;1;2023;13:35;1;85;85191;2;6;1;3;VC Rue duchesne de denant;46,6507;-1,43761
202300033184;7;10;2023;19:50;3;80;80058;1;1;1;5;D1029;49,872437;2,637802
202300033185;14;1;2023;15:00;1;30;30011;1;3;1;5;Route d'Aramon;43,940656;4,773914
202300033186;7;10;2023;03:00;4;80;80416;2;1;1;6;Rue d?Abbeville;49,980016;2,065038
202300033187;8;10;2023;01:00;3;82;82131;1;1;1;6;D20;44,233335;1,445743
202300033188;6;10;2023;22:25;3;65;65268;1;1;1;6;D3;43,144444;0,045673
202300033189;18;1;2023;13:05;1;77;77243;1;1;1;5;D934;48,867522;2,700077
202300033190;5;10;2023;17:10;1;33;33480;1;1;1;4;59 Lieu Dit les Grandes Versannes;44,884968;-0,199418
202300033191;6;10;2023;14:58;1;11;11206;2;1;7;6;N/A;43,054235;2,207305
202300033192;10;1;2023;17:40;5;76;76231;2;6;1;6;Rue de Rouen;49,29682783;0,99510024
202300033193;18;1;2023;23:30;5;76;76259;2;3;2;6;VALMONT ( ROUTE DE);49,7521;0,40951
202300033194;18;1;2023;10:23;1;72;72181;2;1;1;6;RHIN ET DANUBE (AV) N° IMP 271 A 339;48,021456;0,183621
202300033195;18;1;2023;06:35;5;72;72181;2;2;9;3;DEGRE (RUE DE) N° PAIRS DE 2 A 78;48,01496;0,1828
202300033196;17;1;2023;16:40;1;72;72181;2;1;1;3;CUGNOT NICOLAS (BD);47,99516;0,22381
202300033197;17;1;2023;09:10;1;72;72181;1;1;2;3;PATTON GENERAL RTE ST-AUBIN A RUE KLOTZ;48,02818;0,17588
202300033198;17;1;2023;08:25;2;72;72181;2;1;3;6;SABLE (RTE DE );47,99011;0,16839
202300033199;17;1;2023;08:30;1;67;67482;2;3;1;6;HIRONDELLES (RUE DES);48,54015;7,76786
202300033200;16;1;2023;19:30;5;67;67482;2;1;6;3;SPIELMANN (RUE);48,57601;7,75298
202300033201;17;1;2023;13:50;1;64;64445;2;1;3;6;JEAN MERMOZ;43,31532;-0,37792
202300033202;18;1;2023;03:30;5;59;59350;2;2;1;3;DUNKERQUE AVENUE DE;50,64451;2,97441
202300033203;17;1;2023;20:40;5;59;59328;2;2;9;3;HIPPODROME AV DE L N°169 AU 135;50,64096;3,03168
202300033204;17;1;2023;07:55;1;58;58194;2;2;4;6;LOURDES;46,991643;3,153049
202300033205;17;1;2023;18:25;5;56;56098;2;6;8;3;Avenue SALVADOR ALLENDE;47,75936;-3,32644
202300033206;18;1;2023;18:06;5;54;54257;2;1;1;6;Rue de la Tournelle;48,65352;6,1979
202300033207;17;1;2023;19:45;5;54;54357;2;2;2;6;Avenue de Metz;48,71267;6,16801
202300033208;17;1;2023;18:35;3;54;54328;2;3;4;3;route de mirecourt;48,61604;6,17633
202300033209;17;1;2023;08:25;1;54;54395;2;1;1;1;Place Paul Painleve;48,68247;6,16595
202300033210;18;1;2023;07:10;3;50;50129;1;1;1;6;CD 901;49,65033;-1,71495
202300033211;18;1;2023;10:05;1;50;50129;2;3;1;2;ARTISANS (RUE DES);49,63601;-1,5904
202300033212;18;1;2023;11:07;1;49;49007;2;1;1;2;MOULIN PONT ET PLACE;47,489;-0,546
202300033213;18;1;2023;13:50;1;45;45234;2;3;7;3;13 Rue de Barbotte;47,88003;1,89967
202300033214;18;1;2023;07:25;4;42;42275;2;3;8;1;Rue de Villars;45,46594;4,37471
202300033215;18;1;2023;10:45;1;38;38423;2;8;3;3;AVENUE GÉNÉRAL LECLERC;45,20876;5,7056
202300033216;18;1;2023;18:25;5;37;37261;2;3;1;6;JERUSALEM (RUE DE);47,39231;0,68469
202300033217;18;1;2023;08:40;1;37;37261;2;1;1;7;COLOMBIER (RUE);47,42256;0,70626
202300033218;18;1;2023;17:00;2;35;35238;2;3;2;3;TILLON (AVENUE CHARLES);48,12441668;-1,70925647
202300033219;18;1;2023;11:15;1;35;35238;2;1;1;6;CHURCHILL (AVENUE SIR WINSTON);48,12351789;-1,70906335
202300033220;18;1;2023;10:55;1;35;35238;2;1;1;2;JOFFRE ( DU MARECHAL);48,10799834;-1,6778411
202300033221;18;1;2023;08:50;1;33;33318;2;5;8;3;Rue du Pin Vert;44,80948194;-0,62678665
202300033222;15;1;2023;19:43;5;30;30189;2;2;1;3;ARTS (AVENUE);43,82299;4,33599
202300033223;18;1;2023;17:00;1;29;29232;1;1;1;7;Boulevard de Poulguinan;47,97994;-4,12139
202300033224;18;1;2023;13:45;1;29;29232;2;1;8;6;Rue de la Tourelle;47,98757;-4,09851
202300033225;18;1;2023;16:10;1;25;25462;2;1;4;2;ROCADE G.POMPIDOU ( DE 0 A 6);46,90016;6,3577
202300033226;18;1;2023;07:50;2;25;25056;2;1;4;6;CAUSSES RUE DES;47,217646;5,966086
202300033227;18;1;2023;11:45;1;17;17306;2;1;2;6;HEDDE (AVENUE DANIEL);45,635208;-1,02882
202300033228;17;1;2023;21:00;5;13;13204;2;1;1;6;FRANÇOISE DUPARC (BOULEVARD);43,30348;5,40093
202300033229;18;1;2023;12:20;1;13;13005;2;1;1;3;NATIONALE 8 DE PARIS A TOULON (ROUTE);43,286;5,58801
202300033230;18;1;2023;08:25;1;13;13005;2;3;1;3;COMBES (BOULEVARD EMILE);43,28933;5,56833
202300033231;18;1;2023;18:30;2;13;13001;2;1;1;2;EUROPE (AV);43,52464;5,43029
202300033232;17;1;2023;12:30;1;11;11069;2;1;2;2;440 Rue Magellan;43,235811;2,368179
202300033233;18;1;2023;07:35;5;7;7019;2;6;8;3;DELATTRE DE TASSIGNY(AVENUE);44,61046;4,39
202300033234;18;1;2023;15:56;1;6;6029;2;6;1;6;RIOU (BOULEVARD DU);43,56577;7,00256
202300033235;18;1;2023;10:50;1;6;6030;2;2;1;3;DUNKERQUE (RUE DE);43,56559;7,01523
202300033236;17;1;2023;04:45;5;6;6027;2;1;1;2;GRASSE AVENUE DE;43,660239;7,130255
202300033237;14;1;2023;17:45;5;5;5061;2;2;1;3;SAGNIERES ( RUE DES );44,54971;6,06522
202300033238;16;1;2023;09:10;1;75;75113;2;1;2;2;BOULEVARD PERIPHERIQUE;48,817884;2,35351
202300033239;18;1;2023;20:25;5;75;75119;2;7;8;7;AVENUE JEAN JAURES;48,882785;2,370285
202300033240;18;1;2023;15:30;1;75;75119;2;3;1;6;RUE DE BELLEVILLE;48,875273;2,395223
202300033241;18;1;2023;16:00;1;75;75117;2;1;1;3;BOULEVARD BESSIERES;48,896502;2,319399
202300033242;18;1;2023;09:00;1;75;75116;2;2;1;2;RUE D AUTEUIL;48,847989;2,264162
202300033243;18;1;2023;08:50;1;75;75115;2;3;1;7;RUE DE VAUGIRARD;48,836257;2,294397
202300033244;18;1;2023;18:00;5;75;75114;2;1;2;6;AVENUE DE LA PORTE DE CHATILLON;48,823204;2,316007
202300033245;18;1;2023;20:55;5;75;75111;2;2;8;6;RUE LOUIS BONNET;48,871126;2,376709
202300033246;18;1;2023;15:28;1;75;75111;2;1;1;3;BOULEVARD VOLTAIRE;48,86485;2,368307
202300033247;18;1;2023;09:35;1;75;75108;2;1;1;6;BOULEVARD MALESHERBES;48,876119;2,318349
202300033248;18;1;2023;19:45;5;75;75101;2;3;1;6;RUE DE RIVOLI;48,863764;2,332116
202300033249;18;1;2023;14:50;1;75;75103;2;3;1;3;BOULEVARD BEAUMARCHAIS;48,859258;2,367654
202300033250;18;1;2023;09:55;1;94;94076;2;1;1;6;COLONEL MARCHAND (R DU);48,7943;2,36221
202300033251;18;1;2023;09:00;1;94;94038;2;2;1;3;Rue Henri Thirard / Rue de Picardie;48,77814;2,34424
202300033252;18;1;2023;18:10;5;94;94028;2;3;2;6;Av du Mal de Lattre de Tassigny;48,79756;2,45632
202300033253;17;1;2023;15:15;1;94;94028;2;2;2;3;Avenue du Général de Gaulle / Rue Saint-simon;48,79404009;2,44708121
202300033254;18;1;2023;18:15;5;94;94073;2;1;1;6;Av du Mal de Lattre de Tassigny;48,75207;2,4058
202300033255;18;1;2023;14:00;1;94;94018;2;2;1;3;Rue Victor Hugo / Rue de Conflans;48,821492;2,413084
202300033256;17;1;2023;08:40;1;94;94041;2;3;1;3;Rue Victor Hugo / Quai Marcel Boyer;48,8224;2,39234
202300033257;18;1;2023;15:00;1;94;94071;2;1;8;6;Rue de Paris;48,7741;2,50797
202300033258;18;1;2023;07:20;5;93;93059;2;3;1;6;Boulevard Jean Mermoz / Rue Robert Desnos;48,97139309;2,3662624
202300033259;18;1;2023;13:20;1;93;93070;2;1;1;6;Rue Paul Bert;48,90237954;2,33926401
202300033260;18;1;2023;09:00;1;93;93064;2;1;1;3;Avenue Jean Jaurès;48,8662567;2,48711815
202300033261;18;1;2023;07:50;5;93;93062;2;1;9;6;Avenue de la Résistance;48,898664;2,517068
202300033262;16;1;2023;08:15;2;93;93010;2;4;2;1;Rue Jules Guesde / Rue du Breuil;48,9037;2,47629
202300033263;18;1;2023;19:30;3;93;93005;2;9;2;3;Boulevard André Citroën;48,95855542;2,48545557
202300033264;18;1;2023;05:50;5;92;92064;2;1;1;6;REPUBLIQUE;48,85909;2,21226
202300033265;17;1;2023;23:19;5;92;92064;2;1;1;6;GOUNOD;48,84245;2,20808
202300033266;16;1;2023;11:25;1;92;92063;2;1;2;6;BROSSOLETTE (RUE PIERRE);48,88066;2,18165
202300033267;18;1;2023;08:35;1;92;92062;2;1;1;2;PUTEAUX (PONT DE);48,87724105;2,24402457
202300033268;17;1;2023;11:00;1;92;92051;2;1;8;6;BERTEAUX-DUMAS (RUE);48,882192;2,27534
202300033269;18;1;2023;18:00;5;92;92048;2;2;2;2;GARDES (ROUTE DES) N° 5 A 51;48,81853279;2,23124117
202300033270;18;1;2023;10:52;1;92;92040;2;1;1;6;FOUCHER LEPELLETIER;48,830416;2,280095
202300033271;16;1;2023;15:33;1;92;92036;2;1;1;2;Henri Colin (rue);48,925239;2,32105
202300033272;12;1;2023;09:10;1;57;57463;1;1;8;2;RN 431;49,08935;6,2268
202300033273;18;1;2023;19:25;5;33;33249;1;1;2;4;ROUTE NATIONALE 230;44,87836;-0,50928
202300033274;18;1;2023;17:58;1;33;33397;1;1;4;2;AUTOROUTE A 10;44,922858;-0,474306
202300033275;18;1;2023;09:35;1;33;33550;1;1;2;3;AUTOROUTE A 62;44,77258;-0,55556
202300033276;18;1;2023;16:30;1;91;91363;1;1;1;2;RN 104;48,64617;2,19207
202300033277;17;1;2023;06:13;3;78;78043;1;1;1;2;A13W;48,842125;2,09337
202300033278;18;1;2023;18:00;3;95;95212;1;1;2;6; A1;49,028862;2,538242
202300033279;17;1;2023;13:10;1;93;93064;1;1;1;2;AUTOROUTE A3;48,88604;2,47307
202300033280;17;1;2023;08:15;2;2;2722;2;6;1;6;GAMBETTA ( BOULEVARD );49,3766;3,32974
202300033281;16;1;2023;08:40;1;64;64445;2;1;3;6;boulevard BARBANEGRE;43,29743904;-0,35898238
202300033282;9;1;2023;09:58;1;62;62041;2;1;2;3;Rue André Gatoux;50,290661;2,75766
202300033283;16;1;2023;17:45;2;974;97416;1;1;1;4;RN03;-21,31177;55,4957
202300033284;17;1;2023;16:30;1;974;97411;1;1;1;3;LITTORAL (ROUTE 2 DU);-20,89325272;55,37836522
202300033285;17;1;2023;11:15;1;973;97302;2;2;1;3;VOLTAIRE(AVENUE);4,94235483;-52,32242256
202300033286;17;1;2023;11:50;1;973;97302;2;3;8;3;MARAN (RENE) CITE THEMIRE;4,93464494;-52,3212558
202300033287;16;1;2023;21:35;4;973;97302;1;1;2;6;GALMOT (ROND-POINT);4,92345;-52,32961
202300033288;17;1;2023;12:45;1;69;69034;2;1;8;3;3 Route de Strasbourg;45,79124;4,86229
202300033289;17;1;2023;07:30;4;69;69081;2;1;2;3;9 Avenue Edouard Aynard;45,77623;4,77881
202300033290;17;1;2023;06:55;5;69;69149;2;3;3;6;1 Grande Rue;45,72029;4,81099
202300033291;17;1;2023;09:55;1;971;97113;1;1;1;2;RN4 - SECTION RIVIERA;16,21776;-61,49077
202300033292;17;1;2023;06:40;1;971;97113;1;1;1;3;RN4-ROND POINT SAINT FELIX;16,2076;-61,45709
202300033293;17;1;2023;23:00;4;91;91161;2;1;2;1;RTE DE MASSY;48,71217;2,3077
202300033294;17;1;2023;19:30;3;91;91064;2;1;1;6;MARTINIERE (RUE DE LA);48,75647;2,20964
202300033295;17;1;2023;19:06;5;91;91161;2;3;2;1;RUE DU BIEF;48,691478;2,315644
202300033296;16;1;2023;12:05;1;91;91477;2;4;2;3;VIALA (BOULEVARD);48,71399;2,24257
202300033297;17;1;2023;18:10;5;91;91027;2;1;2;6;AV FRANCOIS MITTERRAND;48,71353;2,37329
202300033298;17;1;2023;12:28;1;91;91223;1;1;2;7;R.D.721;48,41863;2,17762
202300033299;16;1;2023;07:44;5;87;87085;2;1;2;3;SAMIE (RUE LEONARD);45,80335;1,27776
202300033300;13;1;2023;07:50;1;84;84007;2;1;2;6;PONT DES DEUX EAUX (Chemin du );43,94553;4,84179
202300033301;17;1;2023;19:05;5;78;78440;2;3;1;3;ARISTIDE BRIAND (RUE);48,983848;1,911631
202300033302;17;1;2023;08:20;4;76;76165;2;2;1;6;Cours Carnot;49,28712;1,0199
202300033303;17;1;2023;06:20;5;69;69259;2;3;3;3;Boulevard Marcel Sembat;45,713088;4,87682725
202300033304;17;1;2023;13:40;1;69;69091;2;1;1;6;7b Rue Pierre et Marie Curie;45,59675;4,76909
202300033305;17;1;2023;09:00;1;62;62119;2;1;1;6;D937;50,51385247;2,64861131
202300033306;17;1;2023;20:40;5;59;59599;2;1;1;6;LEHOUCQ (RUE FIDELE);50,72054;3,15886
202300033307;17;1;2023;19:30;5;59;59527;2;1;1;1;LECLERC RUE DU GENERAL;50,66138;3,05028
202300033308;12;1;2023;18:00;2;59;59507;2;1;3;1;JAURES JEAN AVENUE.;50,60709;3,0766
202300033309;16;1;2023;17:15;3;57;57666;2;1;2;6;MARSPICH (ROUTE DE);49,3458;6,12201
202300033310;17;1;2023;08:40;1;56;56260;2;6;8;3;RACKER(GIRATOIRE DU);47,638511;-2,767611
202300033311;17;1;2023;18:10;5;54;54174;2;3;3;6;Avenue du Maréchal Joffre;48,670976;5,872021
202300033312;17;1;2023;10:30;1;54;54575;1;1;1;6;52 (ROUTE NATIONALE);49,46189469;5,85342812
202300033313;16;1;2023;18:18;5;54;54323;2;3;2;6;Avenue de l'Aviation;49,51849;5,75856
202300033314;16;1;2023;07:40;5;54;54159;2;3;6;6;Avenue de Lunéville;48,61443;6,35957
202300033315;16;1;2023;20:38;5;49;49007;2;1;2;6;INDUSTRIE BOULEVARD;47,49133121;-0,5218935
202300033316;16;1;2023;08:46;1;49;49007;2;1;2;3;Square Jacques Charon;47,48953;-0,55685
202300033317;29;7;2023;20:30;2;94;94028;2;3;1;3;Rue Chéret;48,80107754;2,46425003
202300033318;29;7;2023;17:27;1;93;93066;2;1;1;4;Rue Ambroise Croizat;48,93118;2,34978
202300033319;29;7;2023;10:10;1;93;93001;2;1;1;1;Avenue du Président Roosevelt;48,91804283;2,3790373
202300033320;28;7;2023;19:35;1;92;92002;2;1;3;6;GENERAL DE GAULLE (AVENUE DU);48,76277;2,30431
202300033321;29;7;2023;03:13;3;13;13026;1;1;1;5;A55-Sens Martigues vers Marseille;43,37852;5,16899
202300033322;29;7;2023;06:45;1;13;13210;1;1;1;2;A507 sens Aubagne- Marseille;43,28893;5,42469
202300033323;25;7;2023;05:20;2;13;13071;1;1;1;2;A7-Sens Marseille vers Lyon;43,41103;5,28361
202300033324;17;6;2023;05:10;2;69;69382;1;1;1;6;Route de Métropole 6 ;45,7510647;4,82225785
202300033325;29;7;2023;20:10;1;94;94038;1;1;1;5;A6B;48,78982766;2,34470638
202300033326;29;7;2023;03:30;5;94;94043;1;1;1;4;A6B;48,80662035;2,34623432
202300033327;29;7;2023;16:20;1;92;92036;1;1;3;2;A86;48,93721944;2,31700839
202300033328;28;7;2023;22:02;3;78;78646;1;1;1;6;RN12;48,786587;2,151677
202300033329;28;7;2023;13:10;1;78;78640;1;1;2;6;A86 EXT;48,777379;2,22349
202300033330;28;7;2023;19:45;1;93;93078;1;1;2;6;AUTOROUTE A104;48,96300436;2,52239723
202300033331;28;7;2023;06:45;2;93;93048;1;1;2;3;AUTOROUTE A86;48,86629;2,48165
202300033332;28;7;2023;00:53;3;94;94069;1;1;2;2;A4;48,81737044;2,42861395
202300033333;28;7;2023;00:00;3;77;77363;1;1;2;2;A104;48,927418;2,628395
202300033334;28;7;2023;12:15;1;43;43041;2;1;1;6;Cote de Tireboeuf;45,04953;3,91241
202300033335;4;7;2023;07:25;1;987;98735;2;2;1;1;CLEMENCEAU (RUE);17,32;149,33
202300033336;28;7;2023;21:15;5;976;97611;2;1;1;3;kaweni-Geole ( rue de la );-12,767;45,22469
202300033337;18;6;2023;12:45;1;974;97416;1;1;1;6;BASSIN PLAT(CHEMIN);-21,3288;55,49515
202300033338;17;6;2023;17:30;2;974;97416;1;1;1;7;ISAUTIER (AVENUE CHARLES);-21,3165;55,45351
202300033339;16;6;2023;20:15;3;974;97416;1;1;1;4;CD 26;-21,29935737;55,43667912
202300033340;28;7;2023;13:10;1;974;97409;2;1;1;3;DU CENTRE(CHEMIN);-20,95086271;55,66050053
202300033341;16;6;2023;18:45;5;974;97409;2;1;1;3;CAMBUSTON (rue de);-20,92803;55,65641
202300033342;13;6;2023;09:00;1;973;97302;2;3;1;3;MONTABO (ROUTE DE) 2;4,94178;-52,30412
202300033343;16;6;2023;14:10;1;973;97302;2;1;1;3;TROUBIRAN (CHEMIN DE);4,92816644;-52,3039341
202300033344;27;7;2023;16:40;1;69;69386;2;2;1;3;75 Cours Lafayette;45,76363963;4,84830749
202300033345;28;7;2023;14:30;1;972;97213;1;2;1;3;ROUTE DEPARTEMENTALE 3;14,62124;-60,9882
202300033346;28;7;2023;13:00;1;972;97209;1;1;2;6;TIVOLI (ROUTE DE );14,65049;-61,07353
202300033347;28;7;2023;11:20;1;69;69385;2;1;1;1;6 Avenue Debrousse;45,7508;4,8154
202300033348;27;7;2023;09:35;1;69;69034;1;4;1;1;9 Montée de la Boucle;45,78330611;4,83312023
202300033349;17;6;2023;00:25;5;69;69382;2;1;1;1;Rue de la Barre;45,75771;4,8351
202300033350;27;7;2023;15:30;1;971;97113;1;1;1;2;RN4 - SECTION RIVIERA;16,2169;-61,4823
202300033351;16;6;2023;19:00;5;971;97105;2;1;1;6;PERES DOMINICAINS(AVENUE DES);16,00627;-61,73955
202300033352;27;7;2023;18:30;1;85;85194;2;2;1;3;ESTIENNE D'ORVES (R-P HONORE D');46,50276;-1,79819
202300033353;17;6;2023;22:50;3;81;81144;1;2;1;3;RN 88;43,96088;2,17036
202300033354;28;7;2023;16:45;1;78;78238;1;1;1;1;PIERRE LEFAUCHEUX;48,976692;1,861294
202300033355;28;7;2023;23:10;3;77;77294;1;3;1;3;CD84;48,99123;2,59927
202300033356;28;7;2023;13:20;1;77;77449;1;1;2;6;AV PAUL SERAMY;48,85939;2,79471
202300033357;28;7;2023;10:30;1;76;76540;2;2;1;3;Quai Cavelier de la Salle;49,43685;1,0875
202300033358;28;7;2023;05:25;5;76;76351;2;3;1;6;VALLEE (RUE DE LA);49,49328;0,15163
202300033359;26;7;2023;23:00;5;76;76447;2;1;1;1;BELLE ETOILE;49,54054;0,17353
202300033360;28;7;2023;20:45;2;76;76384;2;9;8;7;MARRECHAL LECLERC (AVENUE DU);49,51488;0,5331
202300033361;16;6;2023;13:40;1;76;76114;2;1;1;2;DEBRAY  LOUIS (AVENUE);49,57763;0,47181
202300033362;28;7;2023;19:00;1;71;71306;2;2;1;3;GRANDE SORME (RUE DE LA );46,69368;4,36364
202300033363;28;7;2023;18:25;1;71;71486;2;1;1;7;ORADOUR-SUR-GLANE (RUE D');46,66633;4,38181
202300033364;28;7;2023;13:40;1;69;69256;2;1;1;6;Avenue Franklin Roosevelt;45,74462056;4,93246302
202300033365;18;6;2023;20:00;1;69;69264;2;6;1;1;Route de Beauregard;45,99821;4,73941
202300033366;17;6;2023;19:05;1;68;68066;2;6;7;3;PARIS (AVENUE DE);48,07493;7,32973
202300033367;26;7;2023;18:25;1;67;67218;2;1;1;4;ALFRED KASTLER (ROUTE);48,5418;7,73986
202300033368;17;6;2023;01:25;5;67;67482;2;2;1;3;HOPITAL (ROUTE DE L );48,57167;7,75057
202300033369;28;7;2023;22:07;5;64;64445;2;2;1;3;LIEGE DE;43,29886;-0,37497
202300033370;29;7;2023;00:36;4;64;64024;2;1;1;1;PINANE (RUE DE);43,48881;-1,51955
202300033371;27;7;2023;21:25;2;64;64102;2;1;1;3;SOULT (AVENUE MARECHAL);43,48515;-1,49403
202300033372;28;7;2023;10:27;1;63;63113;2;1;1;2;MICHELIN (AVENUE EDOUARD);45,78071826;3,10952783
202300033373;16;6;2023;12:00;1;61;61391;2;6;1;3;CANADIENS (RUE DES);48,773089;-0,569251
202300033374;28;7;2023;07:45;1;59;59650;2;2;2;3;EGALITE (BOULEVARD DE L');50,71015;3,19761
202300033375;28;7;2023;18:00;1;54;54395;2;2;1;6;Rue Raymond Poincaré;48,69107127;6,17518008
202300033376;28;7;2023;17:15;1;51;51454;2;3;1;3;GIRAUD (AVENUE DU GENERAL);49,2408;4,05293
202300033377;28;7;2023;13:15;1;51;51454;2;3;8;3;GIRAUD (AVENUE DU GENERAL);49,2408;4,05293
202300033378;27;7;2023;12:00;1;51;51108;2;3;1;3;MARNE (RUE DE LA);48,95599;4,35922
202300033379;28;7;2023;21:23;5;49;49007;2;1;1;3;VILLESICARD RUE ET SQUARE;47,44857;-0,52969
202300033380;28;7;2023;18:42;1;49;49007;2;2;1;7;LIBERTE BOULEVARD;47,4487;-0,53672
202300033381;28;7;2023;13:47;1;49;49007;2;7;2;3;MONPROFIT PLACE;47,4743;-0,56715
202300033382;28;7;2023;10:20;1;49;49007;2;1;1;7;RD 323;47,4698;-0,58947
202300033383;28;7;2023;09:25;1;49;49007;2;2;2;6;SAINT EXUPERY;47,46801;-0,53704