Num_Acc;jour;mois;an;hrmn;lum;dep;com;agg;int;atm;col;adr;lat;long
202300033384;27;7;2023;08:06;1;49;49007;2;6;2;3;MOULIN BOULEVARD;47,49236;-0,55054
202300033385;19;6;2023;00:30;3;47;47001;1;1;2;7;VERONE (AVENUE DE);44,22326;0,61568
202300033386;18;6;2023;16:30;1;47;47001;2;6;1;3;DUNKERQUE (QUAI DE);44,20876;0,6279
202300033387;18;6;2023;10:30;1;47;47001;2;4;1;3;LECLERC (AV. DU GENERAL);44,19086;0,61663
202300033388;17;6;2023;16:25;1;45;45234;2;2;1;3;Avenue des Droits de l'Homme;47,91467091;1,9237318
202300033389;29;7;2023;01:55;3;41;41295;1;1;1;6;RD 956;47,58273;1,3661
202300033390;28;7;2023;01:50;4;39;39198;2;1;1;3;20 Rue Charles Blind;47,086128;5,501747
202300033391;28;7;2023;06:50;1;38;38185;2;2;2;3;Avenue Paul Verlaine;45,16183;5,71571
202300033392;18;6;2023;20:54;1;38;38185;2;1;1;6;D5;45,18559;5,73064
202300033393;17;6;2023;19:05;1;38;38421;2;3;1;3;RUE HENRI WALLON;45,17283;5,75864
202300033394;28;7;2023;18:20;1;37;37261;2;1;1;6;GIRAUDEAU (RUE);47,3822;0,677
202300033395;28;7;2023;10:36;1;34;34032;2;1;1;6;32 Boulevard Frédéric Mistral;43,34716;3,21857
202300033396;28;7;2023;16:10;1;34;34003;2;1;1;3;8 Avenue des Alizes;43,281082;3,493435
202300033397;27;7;2023;18:20;1;34;34003;1;1;1;2;RD612;43,2975;3,47783
202300033398;27;7;2023;15:45;1;33;33032;1;6;1;3;Quai de Vial;44,91923963;-0,5438903
202300033399;18;6;2023;14:20;1;33;33529;2;3;1;5;OCEAN (BD DE L');44,634419;-1,202471
202300033400;16;6;2023;19:00;1;33;33529;1;1;1;6;LIGNON (BD LOUIS);44,63350779;-1,18222386
202300033401;17;6;2023;21:50;5;31;31555;2;1;8;1;RTE DE SAINT SIMON;43,59005;1,41573
202300033402;28;7;2023;10:20;1;29;29232;1;1;2;6;Pont de Poulguinan;47,98149755;-4,12038991
202300033403;17;6;2023;10:20;1;29;29232;1;1;1;3;Rue Henri Barbusse;47,990399;-4,07394
202300033404;16;6;2023;16:15;1;29;29232;1;1;1;7;RN 165;47,99168;-4,043737
202300033405;28;7;2023;18:30;1;29;29019;2;1;1;3;rue de Gouesnou;48,41208995;-4,4684945
202300033406;16;6;2023;11:55;1;28;28085;2;1;1;6;SABLONS (AVENUE DES);48,44971;1,51548
202300033407;18;6;2023;00:02;3;22;22360;1;1;1;6;MENDES FRANCE (AVENUE PIERRE);48,48931;-2,7669
202300033408;16;6;2023;17:20;1;19;19031;2;1;1;2;RIBOT (AVENUE);45,1647;1,51287
202300033409;18;6;2023;19:45;1;17;17300;2;1;1;3;CHERET   RUE JULES;46,16896;-1,1766
202300033410;18;6;2023;18:30;1;17;17300;2;1;1;6;CHARLEVILLE MEZIERES   RUE DE;46,168835;-1,119714
202300033411;28;7;2023;08:20;1;17;17299;2;1;1;3;GAMBETTA RUE;45,940423;-0,971718
202300033412;16;6;2023;18:30;1;16;16089;2;1;1;6;BARBEZIEUX (ROUTE DE);45,68014;-0,32839
202300033413;27;7;2023;20:20;1;14;14118;2;2;1;3;1 Rue de la Pigacière;49,18831;-0,35981
202300033414;17;6;2023;18:35;1;13;13103;1;1;1;1;ROUTE D'ARLES-RN 113;43,64;4,97838
202300033415;27;7;2023;09:30;1;13;13207;2;1;1;6;CORSE (AVENUE DE LA);43,28879618;5,36043136
202300033416;18;6;2023;01:15;5;13;13210;2;3;1;3;PONT DE VIVAUX (BOULEVARD);43,28165;5,42759
202300033417;18;6;2023;14:15;1;13;13208;2;1;1;6;MONTREDON (AVENUE DE);43,24384;5,37072
202300033418;18;6;2023;12:00;1;13;13213;2;1;1;4;OLIVES (AVENUE DES);43,32392;5,44547
202300033419;17;6;2023;23:25;5;13;13215;2;1;1;6;SAINT ANTOINE A SAINT JOSEPH (CHEMIN DE);43,34994;5,375
202300033420;17;6;2023;22:25;2;13;13203;2;2;1;2;CLOVIS HUGUES (RUE);43,31029;5,3854
202300033421;17;6;2023;19:07;1;13;13211;2;4;1;1;ROUGUIERE (ALLÉE DE LA );43,29375;5,4566
202300033422;17;6;2023;11:40;1;13;13208;2;1;1;3;GRAND LARGE (PROMENADE DU);43,23973;5,36264
202300033423;17;6;2023;11:30;1;13;13215;2;1;1;3;Chemin de la madrague ville;43,33342775;5,35847623
202300033424;16;6;2023;14:15;1;13;13209;2;2;1;2;LEON (BOULEVARD);43,26423;5,39896
202300033425;16;6;2023;13:38;1;13;13213;2;2;1;3;CHATEAU GOMBERT CHEMIN;43,33755;5,4209
202300033426;17;6;2023;17:30;1;13;13047;1;1;1;1;RN 1569;43,58277424;4,98536825
202300033427;16;6;2023;17:55;1;13;13005;1;1;1;3;CIOTAT (ROUTE DE LA RN559);43,27268;5,59006
202300033428;16;6;2023;20:35;1;13;13005;2;1;1;3;SALENGRO (AVENUE ROGER);43,29962;5,56949
202300033429;16;6;2023;15:20;1;13;13005;1;9;1;3;RD 559 A (ROUTE DE LA BEDOULE);43,26714;5,58786
202300033430;16;6;2023;12:00;1;13;13005;2;1;1;3;RN 8;43,28501;5,5918
202300033431;27;7;2023;23:20;5;10;10333;1;9;1;3;ECHENILLY (RUE);48,27882;4,04089
202300033432;28;7;2023;23:15;5;10;10333;2;1;1;5;AUXERRE (ROUTE);48,27458;4,05909
202300033433;16;6;2023;09:55;1;7;7019;1;1;1;1;D104;44,61507;4,40854
202300033434;27;7;2023;13:20;1;6;6088;2;4;1;6;CANTA GALET (RTE DE);43,697662;7,230787
202300033435;16;6;2023;22:00;3;6;6088;1;9;1;6;MONT-BORON (R. FOREST. DU);43,69142;7,30309
202300033436;28;7;2023;10:10;1;6;6123;1;1;1;2;RN202BIS;43,71477;7,1828
202300033437;22;7;2023;14:25;1;2;2408;2;6;1;2;N/A;49,56864;3,64677
202300033438;28;7;2023;19:50;1;75;75117;2;1;3;7;ECHANGEUR MAILLOT;48,882612;2,283497
202300033439;28;7;2023;08:45;1;75;75115;2;1;3;7;ECHANGEUR ISSY;48,83479937;2,26808667
202300033440;26;7;2023;12:50;1;75;75112;2;1;1;7;BOULEVARD PERIPHERIQUE INTERIEUR PORTE DE BERCY;48,827581;2,392145
202300033441;16;6;2023;09:40;1;75;75113;2;7;1;3;BOULEVARD VINCENT AURIOL;48,832724;2,362208
202300033442;28;7;2023;19:40;1;75;75106;2;2;2;3;RUE DE VAUGIRARD;48,848253;2,331047
202300033443;28;7;2023;09:54;1;75;75105;2;3;2;3;QUAI DE MONTEBELLO;48,852641;2,347641
202300033444;26;7;2023;13:00;1;75;75116;2;2;1;3;RUE JEAN DE LA FONTAINE;48,851109;2,272344
202300033445;27;7;2023;13:45;1;75;75114;2;1;2;6;BOULEVARD ARAGO;48,834483;2,33433
202300033446;26;7;2023;15:25;1;75;75114;2;2;1;4;RUE FROIDEVAUX;48,837618;2,322947
202300033447;28;7;2023;13:35;1;75;75110;2;2;2;6;RUE DU FAUBOURG POISSONNIERE;48,875775;2,348226
202300033448;28;7;2023;13:15;1;75;75109;2;2;1;6;RUE DE MOGADOR;48,874624;2,33136
202300033449;28;7;2023;14:55;1;94;94058;2;1;2;6;Boulevard de la Liberté;48,837225;2,495582
202300033450;28;7;2023;17:00;1;94;94046;2;2;2;3;Rue Michelet;48,811733;2,454137
202300033451;28;7;2023;15:00;1;94;94011;2;6;2;3;Rue Pierre Sémard;48,76315;2,478971
202300033452;28;7;2023;20:00;1;94;94079;2;3;2;6;Route de Bry;48,83154;2,53418
202300033453;28;7;2023;18:10;1;94;94017;2;3;2;5;Avenue du Général de Gaulle;48,82123;2,48796
202300033454;26;7;2023;11:40;1;94;94017;2;3;1;2;Avenue du Général de Gaulle;48,82746;2,52208
202300033455;28;7;2023;16:40;1;95;95527;1;1;3;2;A3;49,00085617;2,52058178
202300033456;28;7;2023;13:00;1;93;93032;2;3;2;3;Rue Hippolyte Pina / Avenue de Rambouillet;48,87226727;2,54708469
202300033457;28;7;2023;20:00;2;93;93049;2;1;3;6;Rue Pierre Brossolette;48,86460544;2,5011275
202300033458;28;7;2023;13:55;1;93;93046;2;1;8;3;Boulevard de l'Europe;48,93298;2,56114
202300033459;28;7;2023;20:05;1;93;93063;2;9;2;3;Rue de Paris / Avenue de Metz;48,89637647;2,43055828
202300033460;28;7;2023;08:00;1;92;92072;2;1;2;6;Pont de Sèvres;48,82812851;2,22600442
202300033461;26;7;2023;13:50;1;92;92064;2;1;1;6;REPUBLIQUE;48,85146101;2,21314682
202300033462;28;7;2023;16:15;1;92;92049;2;5;2;3;BROSSOLETTE AVENUE PIERRE;48,81984168;2,31084967
202300033463;28;7;2023;14:27;1;92;92044;2;2;2;2;J. GUESDES(RUE)103A139ET122A148;48,89706659;2,2893025
202300033464;28;7;2023;01:28;5;92;92004;2;2;1;2;DOCTEUR DERVAUX  ( QUAI DU );48,91130838;2,29871696
202300033465;29;7;2023;18:20;1;60;60160;1;1;1;6;D1017;49,617002;2,723309
202300033466;28;7;2023;18:55;1;33;33040;2;1;1;1;D13;44,654718;-0,318636
202300033467;29;7;2023;17:10;1;28;28031;1;1;1;2;PK 106+500;48,224079;0,971357
202300033468;28;7;2023;12:43;1;972;97222;1;1;3;5;N1;14,667754;-60,963564
202300033469;28;7;2023;12:05;1;76;76616;1;9;8;7;Hameau d'Énitot, route d'Epouville;49,543039;0,239071
202300033470;28;7;2023;19:30;1;86;86165;2;1;1;7;Rue Prépaudière;46,427245;0,870273
202300033471;29;7;2023;05:45;2;68;68315;2;1;1;7;Route de Guebwiller;47,898844;7,220791
202300033472;29;7;2023;13:00;1;62;62527;1;1;3;1;D901;50,526231;1,764454
202300033473;29;7;2023;06:30;1;83;83116;2;6;1;6;Hameau Colbert;43,458554;5,864049
202300033474;27;7;2023;19:00;1;62;62080;2;1;2;2;D917;50,10480179;2,86194155
202300033475;28;7;2023;18:21;1;56;56129;1;1;1;6;Les Senardieres;48,13285;-2,473029
202300033476;10;11;2023;14:15;1;75;75118;2;2;2;6;AVENUE DE SAINT OUEN;48,893015;2,327435
202300033477;29;7;2023;07:20;1;79;79050;1;1;3;7;N/A;46,870798;-0,603948
202300033478;10;11;2023;16:00;1;75;75117;2;1;3;3;AVENUE GOURGAUD;48,886173;2,297328
202300033479;7;7;2023;17:00;1;33;33108;2;4;1;2;Rue Michel de Montaigne;44,85431;-0,041848
202300033480;28;7;2023;23:50;3;32;32235;1;1;1;6;route départementale n°20 pk 10+370;43,72417;0,11924
202300033481;29;7;2023;07:20;2;12;12231;1;1;7;2;Camping La Dourbie;44,019727;3,346257
202300033482;10;11;2023;06:20;5;75;75117;2;2;1;3;RUE LA CONDAMINE;48,884461;2,319523
202300033483;29;7;2023;14:50;1;12;12103;1;1;1;7;D97;44,631795;2,670407
202300033484;10;11;2023;00:20;5;75;75117;2;5;1;7;BOULEVARD MALESHERBES;48,88522;2,307211
202300033485;28;7;2023;20:00;2;47;47195;2;3;1;2;13 rue lafayette;44,13474;0,338613
202300033486;9;11;2023;23:40;5;75;75117;2;1;1;2;BOULEVARD PEREIRE;48,885735;2,299167
202300033487;29;7;2023;09:00;1;34;34284;1;9;1;1;D907;43,463946;2,758577
202300033488;29;7;2023;10:10;1;68;68212;1;1;1;7;Rue du Maréchal Ferrant;47,496792;7,252328
202300033489;10;11;2023;13:30;1;75;75116;2;3;1;3;AVENUE DE L HIPPODROME;48,858276;2,255677
202300033490;28;7;2023;20:00;1;25;25410;2;1;1;1;11 Rue de l'Eglise;47,225692;6,066465
202300033491;10;11;2023;10:30;1;75;75116;2;2;1;3;AVENUE RAYMOND POINCARE;48,865069;2,286069
202300033492;28;7;2023;19:15;1;44;44137;1;1;2;7;N/A;47,344515;-2,009822
202300033493;28;7;2023;19:30;1;2;2401;2;4;2;6;12 Rue d'Haution;49,860698;3,85277
202300033494;7;11;2023;17:00;1;75;75116;2;2;1;3;ALLEE DE LONGCHAMP;48,872522;2,264425
202300033495;28;7;2023;21:30;3;58;58177;1;1;8;6;d 232;47,144248;3,864446
202300033496;26;7;2023;09:50;1;54;54222;1;1;1;6;D914  ;48,51964243;6,47726655
202300033497;28;7;2023;18:35;1;6;6042;1;9;1;3;Route de la Tinée, PK 11+166 RM 2205;43,984836;7,137051
202300033498;10;11;2023;11:40;1;75;75114;2;4;1;3;AVENUE DU GENERAL LECLERC;48,828778;2,327704
202300033499;29;7;2023;09:00;1;6;6071;2;3;1;6;Rue Jean Mineur;44,095383;6,929052
202300033500;22;7;2023;18:05;1;6;6148;1;1;1;7;Route de Vence;43,717863;7,06942
202300033501;9;11;2023;18:20;5;75;75112;2;3;1;3;AVENUE DAUMESNIL;48,844836;2,380444
202300033502;28;7;2023;20:45;1;14;14494;1;1;1;6;154 rd49;49,261811;-0,094639
202300033503;10;11;2023;20:35;5;75;75111;2;4;1;1;BOULEVARD VOLTAIRE;48,857354;2,380839
202300033504;29;7;2023;02:30;3;83;83056;1;1;1;3;D54;43,550675;6,530036
202300033505;29;7;2023;09:24;1;18;18210;2;5;2;7;Petite Rue de la Montagne;47,226603;1,936469
202300033506;10;11;2023;16:28;1;75;75107;2;3;3;3;AVENUE DE LOWENDAL;48,853925;2,310305
202300033507;29;7;2023;14:15;1;18;18235;1;1;1;1;N/A;47,161357;2,56763
202300033508;10;11;2023;12:30;1;75;75107;2;3;1;6;RUE DE SEVRES;48,849813;2,323289
202300033509;27;7;2023;16:02;2;43;43184;1;9;1;2;RD6;45,341951;4,272566
202300033510;27;7;2023;18:21;1;43;43113;1;3;1;3;D28;44,996251;3,993584
202300033511;10;11;2023;00:20;5;75;75104;2;3;1;3;RUE SAINT ANTOINE;48,853982;2,364785
202300033512;29;7;2023;13:39;1;10;10268;1;1;1;3;RD 619;48,483138;3,489538
202300033513;28;7;2023;17:15;1;16;16070;2;1;1;6;11 RUE SOUCHET;45,876663;0,72103
202300033514;28;7;2023;16:40;1;7;7017;1;1;1;6;Le Plantier;44,422988;4,17819
202300033515;10;11;2023;18:40;5;94;94080;2;2;2;1;Avenue de Paris;48,845189;2,431558
202300033516;28;7;2023;08:10;1;30;30152;1;3;1;3;Route de Saint Ambroix;44,243414;4,178503
202300033517;28;7;2023;23:30;3;8;8250;1;1;8;6;N/A;49,370127;4,574647
202300033518;25;7;2023;05:30;2;88;88499;1;1;1;6;D266;48,260259;6,17709
202300033519;10;11;2023;13:50;1;94;94080;2;2;1;3;Rue du Donjon;48,84332;2,431991
202300033520;27;7;2023;23:45;5;6;6085;2;6;1;1;D6285;43,585598;7,006327
202300033521;26;7;2023;16:30;1;39;39150;1;1;1;2;N/A;47,062799;5,437503
202300033522;10;11;2023;11:00;1;94;94080;2;2;1;3;Avenue de Paris;48,8446;2,43949
202300033523;22;5;2023;23:45;3;40;40035;1;1;1;6;D29;43,628653;-1,045913
202300033524;28;7;2023;11:10;1;57;57606;1;9;2;3;barrière de péage de SAINT AVOLD, sens 1;49,135863;6,702535
202300033525;8;11;2023;17:17;5;94;94017;2;4;2;1;Avenue du Général Leclerc;48,82776179;2,51117709
202300033526;22;5;2023;18:15;1;44;44204;2;1;1;6;49 Rue des Etangs;47,27388;-1,44489
202300033527;28;7;2023;15:20;1;11;11262;1;1;1;5;Autoroute A9 - PK191+800 - sens 2;43,158298;2,988732
202300033528;10;11;2023;08:45;1;94;94043;2;1;1;6;87 Avenue de Fontainebleau;48,81015;2,36228
202300033529;28;7;2023;14:00;1;987;98740;1;1;1;3;Avatoru - Lafayette;-15,364;-147,964
202300033530;20;5;2023;16:30;1;56;56178;2;3;1;3;45 Rue Colbert;48,037628;-2,962457
202300033531;29;7;2023;06:10;3;78;78564;1;1;1;7;A10;48,522062;1,908177
202300033532;10;11;2023;09:20;1;94;94038;2;1;2;4;Bd Paul Vaillant Couturier;48,77902;2,34088
202300033533;22;5;2023;17:25;1;60;60367;1;1;1;1;D923;49,26088211;1,90565479
202300033534;20;5;2023;20:20;1;59;59343;1;1;1;7;ROUTE NATIONALE 227;50,6002;3,13049
202300033535;9;11;2023;17:25;2;94;94028;2;1;2;6;Avenue François Mitterrand;48,770076;2,462562
202300033536;17;5;2023;17:20;1;62;62498;1;1;1;2;A21;50,44779771;2,83733886
202300033537;28;7;2023;19:50;5;987;98724;2;1;1;6;District de Faie;-16,752;-150,997
202300033538;9;11;2023;09:30;1;94;94028;2;1;8;6;Rue Jean Esquirol;48,79836;2,4458
202300033539;22;5;2023;09:00;2;91;91228;1;1;1;4;AUTOROUTE A6;48,62471;2,41819
202300033540;29;7;2023;10:10;1;974;97420;2;1;1;6;Avenue Mahatma Gandhi;-20,927748;55,633092
202300033541;22;5;2023;05:15;2;91;91136;1;1;1;7;RN20;48,7053;2,28713
202300033542;10;11;2023;08:10;1;94;94018;2;1;1;3;Quai des Carrieres;48,8186681;2,40996015
202300033543;21;5;2023;23:26;3;92;92002;1;1;1;2;AUTOROUTE A10;48,729457;2,306788
202300033544;22;5;2023;00:20;3;91;91161;1;1;1;7;AUTOROUTE A6;48,69724;2,31525
202300033545;22;5;2023;07:20;1;78;78362;1;1;1;3;A13;48,97644;1,72009
202300033546;9;11;2023;08:55;1;94;94069;2;1;2;5;3 Avenue Saint Maurice du Valais;48,816435;2,460114
202300033547;20;5;2023;23:51;3;78;78402;1;1;1;3;A13;48,965079;1,764328
202300033548;10;11;2023;17:40;5;94;94017;2;6;8;3;Avenue Salvador Allendé;48,80821269;2,55409357
202300033549;9;11;2023;23:10;5;93;93073;2;1;2;6;Rue de Dublin;49,00933;2,56154
202300033550;20;5;2023;08:50;1;78;78043;1;1;1;2;A12 Y;48,831715;2,083067
202300033551;10;11;2023;13:30;1;93;93066;2;3;8;6;Avenue du Colonel Fabien / Rue de la Poterie;48,94606;2,34796
202300033552;20;5;2023;20:20;1;93;93048;1;1;1;4;AUTOROUTE A86;48,86523057;2,48172641
202300033553;10;11;2023;08:15;1;93;93066;2;2;1;6;Rue Henri Barbusse / Rue de Montmorency;48,94346;2,37233
202300033554;10;11;2023;08:15;1;93;93074;1;1;1;6;D933;48,93375;2,58513
202300033555;19;5;2023;16:50;1;95;95582;1;1;1;7;A15;48,96810406;2,25241184
202300033556;10;11;2023;14:00;1;93;93008;2;1;8;6;Avenue Paul Vaillant - Couturier;48,909949;2,444003
202300033557;19;5;2023;01:20;5;69;69383;2;1;1;2;Cours Richard Vitton;45,75387;4,88788
202300033558;10;11;2023;17:00;1;93;93005;2;1;2;2;Av I et Frederic Joliot Curie;48,92933;2,51119
202300033559;19;5;2023;11:25;1;22;22360;2;1;1;6;Rue de la République;48,49018;-2,73766
202300033560;10;11;2023;17:45;5;92;92078;2;2;2;6;GERARD PHILIPPE (SQUARE);48,93558002;2,328713
202300033561;20;5;2023;23:05;5;94;94067;2;2;1;6;Avenue du Général de Gaulle / Rue de l'Alouette;48,838916;2,417472
202300033562;10;11;2023;08:20;1;92;92063;2;9;1;6;CHATAIGNERAIE (AVENUE DE LA);48,85967167;2,18128324
202300033563;19;5;2023;00:27;5;93;93066;2;2;1;6;Avenue du Président Wilson / Rue Francis de Pressensé;48,91833;2,35727
202300033564;10;11;2023;14:55;1;92;92049;2;2;2;3;BROSSOLETTE AVENUE PIERRE;48,8181353;2,30851167
202300033565;21;3;2023;15:21;1;971;97104;2;6;8;6;FELIX EBOUE (BOULVARD G.GENERAL);16,01279537;-61,74609303
202300033566;21;5;2023;04:55;5;974;97416;2;1;1;6;FOUR A CHAUX(RUE DU);-21,34244;55,47685
202300033567;8;11;2023;16:10;1;92;92025;2;1;2;3;BOURNARD (RUE DU);48,92348245;2,25734782
202300033568;21;5;2023;08:15;1;973;97302;2;3;3;7;MERE THERESA (rue);4,92617709;-52,3136183
202300033569;13;4;2023;20:50;5;75;75113;2;1;1;2;BOULEVARD DU GENERAL JEAN SIMON;48,825842;2,382314
202300033570;9;11;2023;23:55;5;92;92060;2;2;1;3;PAUL LANGEVIN (AVENUE) (RD 2);48,78226632;2,25319648
202300033571;21;5;2023;11:25;1;69;69387;2;1;1;2;Avenue Berthelot;45,7433;4,84769
202300033572;10;11;2023;18:30;5;92;92012;2;1;2;7;ALPHONSE LE GALLO (QUAI) 35/FIN;48,8390449;2,22412348
202300033573;13;4;2023;11:33;1;75;75119;2;3;2;6;BOULEVARD DE LA VILLETTE;48,884293;2,367655
202300033574;10;11;2023;10:30;1;92;92007;2;2;1;6;PETIT (AVENUE ALBERT) N° 39 A FIN;48,79622305;2,32176125
202300033575;21;5;2023;06:00;2;95;95268;2;1;1;3;D84A;48,96277;2,41824
202300033576;12;4;2023;20:43;5;75;75108;2;2;1;5;BOULEVARD DE COURCELLES;48,878669;2,300854
202300033577;10;11;2023;02:40;5;92;92014;2;1;1;2;MARECHAL JOFFRE (BD DU) (1 A 41 - 2 A 56;48,78175;2,31443
202300033578;13;4;2023;19:30;1;75;75105;2;2;1;2;BOULEVARD SAINT MICHEL;48,851397;2,343175
202300033579;10;11;2023;16:40;1;60;60179;1;2;2;2;RD 47;49,582963;2,500226
202300033580;20;5;2023;11:55;1;91;91471;2;3;1;6;VERRIER (RUE);48,698;2,186
202300033581;13;4;2023;18:35;1;75;75118;2;2;1;3;RUE ORDENER;48,893092;2,340219
202300033582;11;11;2023;15:00;1;976;97610;2;1;1;6;Route Nationale 1 - Koungou;-12,735958;45,205168
202300033583;13;4;2023;18:20;1;75;75117;2;2;1;6;BOULEVARD BESSIERES;48,894452;2,313457
202300033584;11;11;2023;11:05;1;47;47145;1;1;1;1;RN 21 PK/PR 76+900;44,13961041;0,65109683
202300033585;21;5;2023;12:40;1;91;91286;2;1;1;6;HENRI ROL TANGUY;48,652818;2,388837
202300033586;11;11;2023;09:00;1;54;54037;1;2;1;6;RD 115;48,59047904;6,24390364
202300033587;13;4;2023;13:45;1;75;75117;2;3;1;3;PORTE DE CLICHY;48,89640623;2,31033683
202300033588;21;5;2023;07:50;1;85;85191;2;1;1;6;5 Rue du général guérin;46,660616;-1,4112482
202300033589;11;4;2023;20:53;5;75;75116;2;5;2;3;PLACE DE L ALMA;48,864561;2,301283
202300033590;11;11;2023;11:35;1;14;14689;1;3;2;6;1 Rue Sannesson;48,979745;-0,526282
202300033591;10;11;2023;07:24;4;31;31454;2;1;3;6;Place du Foirail;43,412167;1,117703
202300033592;13;4;2023;19:10;1;75;75114;2;3;1;3;BOULEVARD JOURDAN;48,819702;2,342815
202300033593;21;5;2023;18:15;1;78;78440;2;2;1;2;EUROPE (AVENUE DE L');48,975869;1,915807
202300033594;10;11;2023;17:50;3;51;51147;1;4;2;1;intersection D994/D66;49,045787;4,505462
202300033595;13;4;2023;13:15;1;75;75115;2;1;2;2;BOULEVARD DE VAUGIRARD;48,841365;2,318507
202300033596;11;11;2023;17:15;2;60;60637;1;1;1;7;D922;49,15645;3,012142
202300033597;13;4;2023;17:26;1;75;75113;2;7;1;2;PLACE D ITALIE;48,831869;2,355266
202300033598;21;5;2023;21:20;2;76;76561;2;2;1;3;Rue de la Résistance;49,3023;1,03446
202300033599;10;11;2023;19:50;3;22;22193;1;1;1;6;Tryalin;48,44235162;-2,47904811
202300033600;12;4;2023;09:00;1;75;75113;2;4;2;3;BOULEVARD DE L HOPITAL;48,839829;2,361667
202300033601;10;11;2023;17:50;2;24;24053;1;1;2;6;A89;45,135237;0,751834
202300033602;12;4;2023;22:00;5;75;75120;2;2;8;3;BOULEVARD DAVOUT;48,853526;2,410791
202300033603;10;11;2023;09:50;1;19;19083;1;1;2;6;N/A;45,65184732;2,52223241
202300033604;11;11;2023;11:30;1;80;80208;1;1;1;7;D941;50,184205;2,054588
202300033605;13;4;2023;16:15;1;75;75110;2;3;1;6;RUE D ABBEVILLE;48,878575;2,350545
202300033606;15;4;2023;20:13;2;70;70550;2;9;1;6;SERPENTE (RUE);47,6238;6,1599
202300033607;13;4;2023;16:25;1;75;75108;2;2;1;6;RUE PASQUIER;48,875179;2,323821
202300033608;10;11;2023;16:55;1;89;89197;1;2;2;3;Guillon-Terre-Plaine;47,521447;4,062645
202300033609;21;5;2023;23:00;5;69;69275;2;1;1;6;Rue Danton;45,77135;4,9488
202300033610;12;4;2023;19:00;1;75;75108;2;3;4;3;RUE DE CONSTANTINOPLE;48,880889;2,31759
202300033611;11;11;2023;12:25;1;49;49069;2;2;1;3;La Rabottière (Liré);47,357488;-1,174124
202300033612;13;4;2023;13:40;1;75;75104;2;1;1;7;VOIE GEORGES POMPIDOU;48,854022;2,355005
202300033613;21;5;2023;06:10;2;62;62540;1;1;1;6;D941;50,4568;2,57482
202300033614;10;11;2023;19:10;5;49;49218;2;9;1;3;Avenue de l'Èvre (St Pierre-Montlimart);47,263625;-1,042038
202300033615;12;4;2023;08:50;1;75;75104;2;3;2;6;RUE SAINT ANTOINE;48,853254;2,36859
202300033616;10;11;2023;10:15;1;46;46283;2;6;2;6;D720;44,97755;1,688869
202300033617;21;5;2023;13:54;1;60;60414;2;1;1;6;Rue de la République;49,2566;2,43436
202300033618;17;4;2023;10:00;1;94;94042;2;9;1;3;Place de Verdun;48,82026662;2,47331402
202300033619;10;11;2023;17:30;2;41;41214;2;1;2;6;Rue de la Cavee;47,925871;1,20506
202300033620;19;5;2023;12:40;1;46;46042;2;3;1;3;REGOURD (QUAI DE);44,44938876;1,44306965
202300033621;10;11;2023;15:50;1;86;86281;1;1;1;7;D347;46,704732;0,234893
202300033622;13;4;2023;17:30;1;94;94076;2;3;1;2;66 Av du President Salvador Allende;48,79689;2,34996
202300033623;21;5;2023;22:02;2;35;35238;2;1;1;6;BOHEME (COURS DE);48,09051;-1,65396
202300033624;11;11;2023;09:33;1;22;22232;1;1;8;6;3 Route de la Lande;48,645892;-2,860719
202300033625;13;4;2023;16:00;1;94;94041;2;1;1;3;Avenue de la République;48,803672;2,395942
202300033626;10;11;2023;23:30;3;38;38175;1;1;3;6;D528;45,259626;5,912466
202300033627;21;5;2023;14:50;1;35;35238;2;1;1;6;BARTHOU (AVENUE LOUIS);48,10579;-1,67105
202300033628;12;4;2023;15:15;1;94;94028;2;1;1;3;Avenue du Général de Gaulle;48,78656343;2,44746557
202300033629;21;5;2023;03:10;3;33;33281;2;1;1;6;Rue Armand Gayral;44,83506;-0,61858
202300033630;11;11;2023;12:21;1;15;15040;1;1;8;3;D678;45,387194;2,818261
202300033631;13;4;2023;08:50;1;94;94077;2;1;1;2;Rue des Voeux Saint Georges;48,73097;2,43577
202300033632;21;5;2023;01:57;5;33;33192;2;1;1;6;Rue Saint-François Xavier;44,77591;-0,59135
202300033633;10;11;2023;18:10;3;72;72028;1;2;2;3;D338/ D216;47,763207;0,354663
202300033634;13;4;2023;20:27;5;93;93078;2;3;1;3;Av du Mal de Lattre de Tassigny / Rue Marius Petipa;48,96226;2,5408
202300033635;10;11;2023;20:15;3;18;18183;2;1;2;6;Rue Gaston Boutillon;46,802131;2,649443
202300033636;20;5;2023;18:30;1;33;33162;2;2;1;3;Rue André Blanc;44,8785;-0,6414
202300033637;12;4;2023;21:34;5;93;93066;2;2;1;6;Rue Paul Eluard / Rue du Fort de la Briche;48,941913;2,341677
202300033638;11;11;2023;07:55;1;43;43239;2;1;1;7;15 Route de Langeac;45,092997;3,626304
202300033639;21;5;2023;12:30;1;33;33529;2;1;1;6;SORE (RUE GILBERT);44,63169;-1,15095
202300033640;13;4;2023;08:45;1;93;93077;2;3;1;3;Rue de Neuilly / Avenue Marcel;48,87728;2,52395
202300033641;10;11;2023;23:15;3;85;85128;2;1;8;6;RD 949 Avenue du maréchal juin;46,45966;-1,1412491