Num_Acc;jour;mois;an;hrmn;lum;dep;com;agg;int;atm;col;adr;lat;long
202300033642;13;4;2023;19:25;2;93;93051;2;1;1;3;Route de Gournay;48,85139;2,57121
202300033643;20;5;2023;12:40;1;29;29051;1;1;1;4;Avenue de Garsalec;48,01448;-4,0066
202300033644;13;4;2023;10:47;1;93;93047;2;3;1;3;Boulevard Bargue / Avenue de Clichy-sous-bois;48,90301883;2,56218928
202300033645;10;11;2023;13:15;1;27;27385;1;1;3;4;D675;49,349604;0,561515
202300033646;11;11;2023;08:45;3;28;28378;1;1;2;6;départemental 137.6;48,270376;0,875387
202300033647;13;4;2023;14:50;1;93;93007;2;3;1;3;Avenue du 8 Mai 1945 / Rue Diderot;48,94502925;2,43523023
202300033648;10;11;2023;18:00;5;28;28140;2;1;1;6;D28;48,606491;1,67045
202300033649;13;4;2023;13:15;1;93;93001;2;1;1;6;64 Rue du Moutier;48,91538504;2,37841424
202300033650;13;4;2023;10:30;1;92;92075;2;1;1;7;REPUBLIQUE (RUE DE LA);48,82008;2,28607
202300033651;10;11;2023;21:40;3;68;68375;2;3;3;1;Rue de Reiningue;47,787518;7,225351
202300033652;20;5;2023;23:55;5;25;25056;2;1;1;3;DOLE RUE DE (entre 82 et 185);47,229655;5,991439
202300033653;13;4;2023;07:25;1;92;92046;2;3;1;3;HOCHE;48,81296829;2,293109
202300033654;10;11;2023;22:30;3;1;1031;1;1;2;2;Bellignat;46,252494;5,626824
202300033655;13;4;2023;09:45;1;92;92073;2;1;1;6;CALVAIRE (RUE DU);48,87067;2,22007
202300033656;11;11;2023;10:00;1;971;97112;2;1;2;2;N9;15,882629;-61,308399
202300033657;13;4;2023;00:25;3;92;92024;2;9;1;3;REPUBLIQUE (PLACE DE LA);48,90299785;2,31286749
202300033658;11;11;2023;08:25;1;45;45284;1;1;1;6;D2060 PR 89 + 310;47,918298;2,005391
202300033659;13;4;2023;20:30;2;92;92002;2;1;1;2;CHATEAUBRIAND (RUE);48,74612;2,31382
202300033660;10;11;2023;15:26;1;95;95610;1;9;3;6;D14;49,09987787;1,89621449
202300033661;10;11;2023;10:40;1;34;34154;2;2;1;6;Boulevard de la Liberte;43,615607;4,012311
202300033662;13;4;2023;22:40;3;24;24540;1;1;2;1;D8 - Lieu dit les Palissoux;45,307463;0,864487
202300033663;21;5;2023;15:45;1;17;17415;1;1;1;4;Route Nationale 150;45,72259;-0,65275
202300033664;8;4;2023;06:45;2;47;47015;1;1;1;7;la clotte;44,056546;0,637111
202300033665;10;11;2023;20:29;3;6;6078;1;1;1;5;D6202;43,911866;7,182208
202300033666;8;11;2023;17:00;1;13;13085;1;1;1;7;D559a - route d'AUBAGNE;43,254455;5,58791
202300033667;12;4;2023;19:30;1;45;45187;1;1;1;6;D961 PR 21 + 178;47,87092924;2,48622205
202300033668;21;5;2023;10:15;1;13;13019;1;1;2;1;D543;43,43157;5,36664
202300033669;11;11;2023;12:00;1;89;89189;1;1;1;6;N/A;48,290103;3,265772
202300033670;13;4;2023;18:25;1;10;10142;1;1;1;1;D660;48,27194;3,790691
202300033671;11;11;2023;07:31;2;71;71491;1;1;2;6;3620 route de versaugues;46,407956;4,092209
202300033672;13;4;2023;07:45;1;68;68381;1;3;2;7;68 route de jungholtz;47,87974;7,212176
202300033673;10;11;2023;17:40;4;68;68063;2;2;3;6;35 Faubourg des Vosges;47,810424;7,168568
202300033674;3;4;2023;22:30;3;68;68260;1;1;1;7;D4b;47,88337;7,294493
202300033675;20;5;2023;00:10;5;75;75113;2;3;1;3;AVENUE D ITALIE;48,825793;2,357422
202300033676;9;11;2023;05:50;3;54;54063;1;1;3;7;Grand Rue;48,83798661;5,83956599
202300033677;13;4;2023;17:45;1;44;44138;1;1;1;2;N/A;47,496176;-1,63833
202300033678;10;11;2023;18:00;3;54;54377;1;1;1;2;D935;48,50707678;6,79902434
202300033679;13;4;2023;18:05;1;12;12270;1;1;4;5;A75 ;44,35980948;3,11655325
202300033680;10;11;2023;17:40;3;38;38349;1;3;3;3;D4;45,339221;4,780415
202300033681;21;5;2023;20:25;1;75;75111;2;9;1;2;BOULEVARD RICHARD LENOIR;48,855479;2,381832
202300033682;7;4;2023;08:00;1;41;41010;1;1;1;5;D957;47,836364;0,993855
202300033683;10;11;2023;18:55;3;38;38415;1;1;1;1;D 18;45,628812;5,255585
202300033684;13;4;2023;18:40;1;19;19123;2;1;3;7;Avenue Pierre Et Marie Curie;45,168718;1,558428
202300033685;23;10;2023;07:20;2;46;46174;1;1;5;1;lieu dit bouluech;44,65218461;2,11740017
202300033686;21;5;2023;19:05;1;75;75112;2;2;1;1;Avenue Daumesnil;48,83494;2,41984
202300033687;14;4;2023;14:00;1;76;76360;1;1;3;3;Route du Beauchamp;49,748222;1,085415
202300033688;10;11;2023;07:13;3;17;17214;1;4;2;1;Route de Royan;45,702182;-0,776658
202300033689;21;5;2023;19:00;1;94;94041;2;1;1;6;Avenue de l’Industrie;48,813715;2,404811
202300033690;13;4;2023;09:25;1;79;79012;2;1;2;2;N/A;46,476948;-0,563682
202300033691;10;11;2023;19:00;5;85;85113;2;6;1;7;Rue calypso;46,724205;-2,347888
202300033692;21;5;2023;00:50;5;94;94065;2;2;1;6;Avenue Charles Lindbergh;48,75128;2,35343
202300033693;28;2;2023;08:50;1;49;49007;2;1;1;2;TARDAT;47,45004;-0,55268
202300033694;13;4;2023;16:22;1;33;33541;1;2;2;3;D1215;45,41550825;-1,0351342
202300033695;11;11;2023;19:25;3;35;35228;1;1;2;1;Rue de Dinard;48,594918;-2,056761
202300033696;21;5;2023;08:00;1;94;94019;2;6;1;6;Carrefour de Pince-Vent;48,79217;2,55545
202300033697;28;2;2023;18:25;1;44;44184;1;6;1;3;Route des Forges;47,26789;-2,27812
202300033698;13;4;2023;15:30;1;76;76638;1;2;1;1;D1314;50,009415;1,429901
202300033699;10;11;2023;13:40;1;76;76354;2;3;3;3;4001 Route de Duclair;49,484604;0,923726
202300033700;13;4;2023;13:45;1;12;12076;1;1;2;6;D901;44,553112;2,411048
202300033701;21;5;2023;18:20;1;94;94028;2;1;1;6;Avenue de Verdun;48,796981;2,463847
202300033702;9;11;2023;13:20;1;13;13026;1;1;3;6;A55-Sens Marseille vers Martigues;43,38935;5,13906
202300033703;1;3;2023;08:50;1;37;37233;2;3;1;3;SEMARD (RUE PIERRE);47,38723;0,71304
202300033704;13;4;2023;18:50;1;39;39443;1;1;1;1;N/A;46,554697;5,596395
202300033705;21;5;2023;16:25;1;93;93008;2;1;1;6;Rue Babeuf;48,91279102;2,46993122
202300033706;1;3;2023;11:10;1;35;35278;1;1;1;2;N136;48,14061;-1,69045
202300033707;10;4;2023;17:20;1;39;39240;1;1;1;6;N/A;46,617492;5,862579
202300033708;21;5;2023;16:15;1;93;93005;2;1;1;6;Allée d'Athenes;48,94983309;2,49126377
202300033709;1;3;2023;10:45;1;35;35238;2;1;1;6;COMBES (BD EMILE);48,09494516;-1,66399688
202300033710;8;11;2023;08:20;1;83;83126;1;1;1;4;A50;43,11996038;5,86434154
202300033711;21;5;2023;17:00;1;92;92046;2;1;1;6;PIERRE BROSSOLETTE (AVENUE);48,82163294;2,31301636
202300033712;26;2;2023;17:10;1;34;34172;2;1;1;3;866 Avenue du Professeur Louis Ravaz;43,6219;3,84683
202300033713;13;4;2023;15:00;1;1;1123;1;4;1;3;Route des Greffets;46,246312;4,834137
202300033714;9;11;2023;08:35;1;69;69266;1;1;2;2;Route Départementale 383;45,75838;4,90902
202300033715;12;4;2023;21:00;3;26;26342;1;1;1;6;2 route de saint paul;44,35729318;4,84215975
202300033716;1;3;2023;19:05;5;33;33063;2;1;1;3;Avenue d'Ares;44,83864;-0,62031
202300033717;21;5;2023;11:20;1;92;92064;2;2;1;6;PORTE JAUNE;48,84899817;2,20116824
202300033718;8;11;2023;03:50;3;69;69290;1;1;1;1;Autoroute 43;45,69136;4,98786
202300033719;14;4;2023;07:45;1;6;6059;1;1;1;7;Moyenne Corniche;43,727476;7,354317
202300033720;1;3;2023;15:00;1;33;33119;2;1;1;2;Boulevard Entre Deux Mers;44,84631425;-0,53611189
202300033721;20;5;2023;11:00;1;92;92064;2;1;1;2;MARCEL DASSAULT;48,85530762;2,22291157
202300033722;10;11;2023;16:20;1;33;33550;1;1;1;3;ROCADE A 630;44,77784958;-0,55851638
202300033723;14;4;2023;11:45;1;9;9145;1;1;2;5;D12;43,079985;1,741118
202300033724;10;11;2023;15:25;1;77;77251;1;1;2;6;AUTOROUTE A5A;48,62178;2,54502
202300033725;28;2;2023;15:20;1;33;33069;2;3;1;3;Avenue de la Libération Charles de Gaulle;44,85999;-0,59924
202300033726;21;5;2023;12:36;1;92;92063;2;1;1;1;POMPIDOU (AVENUE DU PRESIDENT);48,87038894;2,19647736
202300033727;13;4;2023;16:35;1;60;60178;2;9;1;6;52 Rue de Breteuil;49,609542;2,095578
202300033728;10;11;2023;08:37;1;94;94021;1;1;1;3;A106;48,76076577;2,34564162
202300033729;21;5;2023;18:50;1;92;92026;2;1;1;6;LOUIS ULBACH (DE 16 A FIN);48,90205884;2,26388741
202300033730;10;11;2023;06:25;2;94;94043;1;1;1;3;A6B;48,80476702;2,34457441
202300033731;13;4;2023;16:45;1;73;73010;1;2;1;3;D54 / Route du Mazet;45,79443823;5,93267454
202300033732;1;3;2023;14:15;1;31;31555;2;1;1;4;33 B SESQUIERES  (PERIPH OUEST A620);43,64841;1,42386
202300033733;10;11;2023;11:45;1;78;78242;1;1;1;2;A12 Y;48,804765;2,049858
202300033734;10;11;2023;10:20;1;78;78029;1;1;1;3;A13Y;48,96631;1,85195
202300033735;14;4;2023;09:15;1;4;4055;1;1;1;6;N85;43,988739;6,296464
202300033736;21;5;2023;14:45;1;92;92024;2;3;1;3;MARTRE DE (4 A 54);48,89931466;2,30945438
202300033737;9;11;2023;07:15;2;78;78118;1;1;8;6;A13;48,98693;1,664935
202300033738;1;3;2023;10:09;1;29;29039;2;2;1;1;Chemin de Keramplen;47,90442;-3,915256
202300033739;13;4;2023;10:10;1;17;17385;2;6;1;3;Rue de la Liberation;45,944805;-1,309583
202300033740;21;5;2023;02:50;5;92;92012;2;1;1;7;MEUDON (RUE DE) - COTE PAIR;48,82811367;2,24207193
202300033741;8;11;2023;21:12;3;78;78118;1;1;1;5;A13;48,983163;1,685059
202300033742;10;11;2023;20:40;3;93;93053;1;1;1;6;AUTOROUTE A3;48,88171885;2,45421891
202300033743;14;4;2023;17:30;1;87;87011;1;1;3;3;RN 47 PK035+800;46,100108;1,076231
202300033744;28;2;2023;13:07;1;18;18033;2;1;1;3;Place de Juranville;47,083368;2,388667
202300033745;8;4;2023;15:25;1;37;37250;1;1;1;6;Bourg Cocu;47,198782;0,700073
202300033746;21;5;2023;08:35;1;92;92004;2;1;1;1;AULAGNIER ( QUAI );48,91326;2,30712
202300033747;28;2;2023;22:00;5;14;14118;2;1;2;6;51 Rue de Geôle;49,185085;-0,363596
202300033748;10;11;2023;17:30;3;92;92036;1;1;1;5;AUTOROUTE A86;48,93810053;2,29792713
202300033749;8;2;2023;14:15;1;13;13039;2;1;1;3;CHALAND (Chemin du);43,45566;4,93169
202300033750;10;11;2023;14:55;1;93;93007;1;1;2;7;AUTOROUTE A1;48,94605193;2,44078471
202300033751;12;4;2023;11:40;1;37;37130;1;2;1;3;Machefer;47,036168;0,849756
202300033752;13;4;2023;18:40;1;8;8302;2;1;1;6;N/A;49,89169;4,761468
202300033753;10;11;2023;15:30;1;92;92036;1;1;2;2;AUTOROUTE A86;48,93817308;2,31344484
202300033754;21;5;2023;16:10;1;60;60332;1;2;1;2;Departemental 137;49,35994177;2,49832883
202300033755;28;2;2023;23:30;3;13;13001;2;1;1;7;PREMIERE DIV FRANCAISE LIB (AV);43,55011;5,42881
202300033756;10;11;2023;08:40;1;93;93064;1;1;1;1;AUTOROUTE A86;48,88087;2,47514
202300033757;1;2;2023;09:47;1;2;2722;2;6;1;6;50 Boulevard Condorcet;49,37726;3,31158
202300033758;14;4;2023;11:25;1;8;8449;1;4;1;3;D16/ D20;49,71379;4,50874
202300033759;21;5;2023;15:48;1;1;1085;1;1;1;7;D7;46,097385;4,992771
202300033760;10;11;2023;15:30;1;94;94073;1;1;2;2;A86;48,7542676;2,38140831
202300033761;20;5;2023;18:25;1;62;62471;1;1;1;7;D341;50,6477916;2,22226422
202300033762;13;4;2023;17:51;1;68;68321;2;3;1;3;Rue de la République;47,828418;7,25099
202300033763;1;3;2023;15:00;1;75;75116;2;3;1;6;AVENUE DES PORTUGAIS;48,871289;2,29336
202300033764;9;11;2023;10:55;1;75;75119;2;3;1;6;RUE DES ALOUETTES;48,878801;2,385692
202300033765;7;4;2023;08:50;1;6;6150;1;1;1;2;A500, PK 002.012;43,741445;7,384357
202300033766;9;11;2023;08:30;1;75;75118;2;3;1;6;RUE HOUDON;48,88352;2,338808
202300033767;1;3;2023;04:14;5;75;75104;2;3;1;2;RUE DE RIVOLI;48,85805641;2,34964192
202300033768;14;4;2023;13:00;1;38;38044;1;1;1;6;A48 - PK 051+600;45,50098975;5,39953813
202300033769;21;5;2023;18:30;1;49;49355;1;1;1;1;D960;47,099638;-0,776223
202300033770;9;11;2023;22:35;3;75;75117;2;1;8;3;BOULEVARD BERTHIER;48,89245;2,30913
202300033771;2;3;2023;17:45;1;75;75118;2;7;1;6;PLACE DE LA CHAPELLE;48,884783;2,359282
202300033772;13;4;2023;17:00;1;38;38180;1;1;1;6;D119 PR 015+500;45,355704;5,290368
202300033773;9;11;2023;10:00;1;75;75115;2;2;8;6;RUE LECOURBE;48,836853;2,283587
202300033774;8;11;2023;17:55;5;75;75114;2;3;1;7;AVENUE DU GENERAL LECLERC;48,82879;2,327819
202300033775;2;3;2023;18:35;2;75;75117;2;3;1;3;AVENUE DE LA PORTE DE CLICHY;48,89528;2,312063
202300033776;14;4;2023;18:45;1;68;68278;2;1;1;3;16 Ruelle de la Gare;47,749467;7,405032
202300033777;21;5;2023;14:20;1;68;68345;1;3;1;3;D208;48,076165;7,483492
202300033778;7;11;2023;20:58;5;75;75114;2;2;1;3;RUE VERCINGETORIX;48,83277;2,31149
202300033779;13;4;2023;18:05;1;13;13051;1;1;1;4;A7, PK 244.000;43,574942;5,212616
202300033780;2;3;2023;13:10;1;75;75117;2;4;1;4;BOULEVARD MALESHERBES;48,888847;2,304299
202300033781;25;6;2023;00:45;5;63;63113;2;4;1;6;Richepin /Monlosier;45,78143;3,0886
202300033782;21;5;2023;13:30;1;28;28198;1;1;1;3;D955;48,068559;1,363957
202300033783;2;3;2023;03:40;5;75;75117;2;2;1;6;RUE DE ROME;48,884657;2,317866
202300033784;13;4;2023;23:00;5;33;33234;1;6;3;3;Route de Cadillac;44,77963673;-0,49587607
202300033785;9;11;2023;05:00;5;75;75110;2;3;2;2;BOULEVARD DE STRASBOURG;48,87062;2,35496
202300033786;13;4;2023;08:12;1;41;41220;2;3;1;3;Route d?Orléans;47,720304;1,62062
202300033787;20;5;2023;21:10;3;972;97221;1;1;1;6;départementale 7;14,526469;-60,989678
202300033788;24;6;2023;18:25;1;61;61001;2;6;1;6;Rue Louis Demees;48,43378;0,09414
202300033789;1;3;2023;23:30;5;75;75116;2;2;1;3;ALLEE DE LA REINE MARGUERITE;48,858544;2,244856
202300033790;9;11;2023;03:47;5;75;75109;2;7;2;2;BOULEVARD HAUSSMANN;48,873161;2,331538
202300033791;14;4;2023;13:45;1;28;28001;1;1;2;3;Route Départementale 928;48,776131;1,401272
202300033792;24;6;2023;07:20;1;61;61001;2;1;1;6;JEAN MANTELET (AVENUE);48,41754;0,1027
202300033793;8;11;2023;17:00;5;75;75107;2;2;2;7;RUE DE LILLE;48,860024;2,324574
202300033794;13;4;2023;18:30;1;95;95641;1;1;1;7;rue du jeu d'arc;49,073486;2,570634
202300033795;2;3;2023;08:40;1;75;75115;2;1;1;3;RUE SAINT CHARLES;48,840683;2,280367
202300033796;21;5;2023;12:10;1;83;83152;2;3;1;1;D559;43,15650229;6,47234023
202300033797;9;11;2023;09:35;1;75;75102;2;1;1;7;RUE DE CLERY;48,86871;2,348668
202300033798;23;6;2023;13:50;1;56;56121;2;6;1;3;KERLIN (RUE  DE );47,74724;-3,37655
202300033799;14;4;2023;12:50;1;66;66190;1;3;1;3;N/A;42,809317;2,912643
202300033800;2;3;2023;05:40;5;75;75115;2;2;1;3;RUE DE VAUGIRARD;48,84041;2,304248
202300033801;24;6;2023;20:35;1;45;45147;1;2;1;6;32 Rue Marcellin Berthelot;47,91998;1,91478
202300033802;13;4;2023;10:52;1;34;34162;1;1;1;6;D613;43,478504;3,46049
202300033803;21;5;2023;18:30;1;56;56123;1;2;1;3;D775;47,661913;-2,263653
202300033804;21;5;2023;18:00;1;80;80704;2;1;1;6;Rue du Souvenir;49,965421;2,409246
202300033805;1;3;2023;14:44;1;75;75114;2;2;1;3;RUE DE LA LEGION ETRANGERE;48,82057199;2,32413143
202300033806;27;5;2023;15:00;1;42;42218;1;1;1;3;D3;45,43395044;4,30323958
202300033807;6;11;2023;18:50;5;94;94028;2;6;1;3;Route de la Pompadour;48,769165;2,461181
202300033808;11;4;2023;11:50;1;84;84054;2;3;1;2;Route de Carpentras;43,935777;5,063399
202300033809;2;3;2023;18:30;5;75;75110;2;4;1;3;BOULEVARD DE MAGENTA;48,875538;2,356732
202300033810;19;5;2023;16:15;1;33;33485;1;4;1;3;1 Route de Merlande;44,827493;-0,134325
202300033811;14;6;2023;14:55;1;42;42189;2;2;1;3;Rue du Val de Roche;45,4375;4,3248
202300033812;12;4;2023;11:30;1;13;13015;2;1;1;3;Avenue de la Croix d?Or;43,4492;5,398187
202300033813;9;11;2023;07:28;5;93;93051;2;2;2;1;Avenue Médéric / Avenue des Graviers;48,82996868;2,58132577
202300033814;2;3;2023;12:15;1;75;75109;2;1;1;6;RUE JEAN BAPTISTE PIGALLE;48,881608;2,336706
202300033815;22;5;2023;00:00;3;11;11129;1;1;2;6;N/A;42,925843;2,21985
202300033816;24;6;2023;11:45;1;41;41269;2;9;1;3;PARIS (ROUTE DE);47,79551;1,07484
202300033817;13;4;2023;19:40;2;67;67313;2;6;1;3;RD392;48,539625;7,439911
202300033818;9;11;2023;17:07;2;93;93031;2;3;2;2;Avenue de la République / Rue de l'Yser;48,94872;2,335167
202300033819;1;3;2023;23:35;5;75;75108;2;7;1;3;PLACE CHARLES DE GAULLE;48,873855;2,296016
202300033820;21;5;2023;17:40;1;71;71313;1;1;1;7;D3;46,96766;4,204121
202300033821;25;6;2023;01:07;5;37;37261;2;3;1;3;BERANGER (BOULEVARD);47,39003;0,68643
202300033822;9;11;2023;07:37;1;93;93029;2;3;2;3;Avenue Henri Barbusse / Rue Jane Joye;48,9182;2,448
202300033823;1;3;2023;15:35;1;75;75108;2;2;8;3;RUE BALZAC;48,87440182;2,30105639
202300033824;11;4;2023;09:30;1;1;1043;2;6;1;2;Chemin du Sermoraz;45,827808;4,998112
202300033825;24;6;2023;14:00;1;37;37261;2;2;1;6;JOLIVET (RUE);47,38521003;0,70696592
202300033826;8;11;2023;21:30;5;93;93014;2;1;2;6;Allée de Gagny;48,90564;2,54895
202300033827;2;3;2023;13:12;1;75;75107;2;1;1;2;AVENUE DUQUESNE;48,852241;2,309256
202300033828;21;5;2023;15:20;1;63;63055;1;3;1;3;RD941/RD943;45,835875;2,846403
202300033829;25;6;2023;02:15;3;35;35238;2;1;1;7;INKERMANN (D');48,10159;-1,68619
202300033830;14;4;2023;12:25;1;69;69184;2;1;1;1;Rue du Pertuis;45,601124;4,564835
202300033831;2;3;2023;10:24;1;75;75107;2;3;1;6;RUE DE BELLECHASSE;48,857792;2,322425
202300033832;9;11;2023;16:35;1;93;93001;2;1;2;3;Avenue Victor Hugo;48,90536462;2,3742578
202300033833;25;6;2023;01:50;5;33;33063;2;1;1;6;Quai Sainte-Croix;44,83355504;-0,56169748
202300033834;21;5;2023;12:00;1;63;63465;2;3;1;2;RD205/ RD261;45,435691;3,882229
202300033835;14;4;2023;16:25;1;64;64230;1;1;2;1;N134;43,243187;-0,38694
202300033836;2;3;2023;07:50;1;75;75102;2;2;1;3;BOULEVARD DE SEBASTOPOL;48,867052;2,352974
202300033837;24;6;2023;18:15;1;33;33167;2;1;1;6;Rue Léo Lagrange;44,83322;-0,53118
202300033838;9;11;2023;07:10;2;93;93001;2;2;1;3;Pont du Landy / Quai Lucien Lefranc;48,915275;2,371344
202300033839;20;5;2023;15:30;1;63;63003;1;1;1;2;Route des Pradeaux;45,53616;3,775778
202300033840;9;11;2023;06:50;5;93;93001;2;1;2;6;Boulevard Anatole France;48,916677;2,381813
202300033841;1;3;2023;09:10;1;94;94068;2;6;1;3;Place d'Adamville Kennedy;48,79385509;2,48661
202300033842;24;6;2023;19:30;1;31;31069;2;1;1;1;PARC (AV DU);43,63056;1,38855
202300033843;13;4;2023;13:10;1;60;60141;2;1;2;4;Avenue du Maréchal Joffre;49,18751;2,461528
202300033844;14;5;2023;22:15;3;55;55496;1;3;1;7;D36;48,72862779;5,66338778
202300033845;2;3;2023;12:00;1;94;94021;2;1;1;1;Boulevard Circulaire Est;48,7652;2,35563
202300033846;24;6;2023;10:30;1;29;29232;2;1;1;6;Avenue Léon Blum;47,986624;-4,081663
202300033847;14;4;2023;17:20;1;60;60028;1;1;2;3;d1330;49,21795918;2,55411208
202300033848;25;6;2023;00:20;3;29;29019;2;1;1;6;rue Charles Le Goffic;48,397942;-4,443801
202300033849;2;3;2023;06:45;3;94;94065;1;1;1;6;Zone SOGARIS;48,75038291;2,36751001
202300033850;9;11;2023;20:25;5;92;92073;2;1;2;2;ROOSVELT (AVENUE FRANKLIN);48,87337;2,22151
202300033851;11;4;2023;16:21;1;60;60612;2;1;1;6;34 Rue de Brichebay;49,1971;2,570282
202300033852;18;5;2023;14:50;1;47;47250;1;2;1;5;D8;44,289698;0,311936
202300033853;25;6;2023;00:15;3;28;28134;1;1;1;7;ISAACS (RUE SAM);48,75606;1,3944
202300033854;1;3;2023;09:30;1;94;94017;2;1;1;6;2 Rue a Trait;48,81247295;2,51394466
202300033855;13;4;2023;17:25;1;83;83144;1;1;1;3;A57;43,138459;5,996373
202300033856;8;11;2023;15:50;1;92;92063;2;9;2;2;BRU (PLACE DU DOCTEUR JEAN);48,87624713;2,20113471
202300033857;2;3;2023;12:10;1;93;93062;2;1;1;6;Allée des Hêtres;48,896147;2,517401
202300033858;24;6;2023;19:45;1;26;26362;2;1;1;6;Rue de Narvik;44,93787;4,90142
202300033859;20;5;2023;13:40;1;44;44063;1;2;1;3;;47,080242;-1,190761
202300033860;9;11;2023;21:20;5;92;92040;2;1;8;6;RODIN (BOULEVARD);48,81912;2,25907
202300033861;2;3;2023;15:25;1;93;93074;2;3;1;6;Rue Juan Valéra / Rue de la Tournelle;48,933791;2,576219
202300033862;21;5;2023;17:15;1;29;29027;1;1;1;6;Penn Broez;48,200808;-3,854721
202300033863;23;6;2023;15:10;1;13;13005;2;3;7;3;RD 43 C;43,30157;5,5916
202300033864;12;4;2023;16:35;1;83;83137;2;1;1;4;A50 TUNNEL TUBE SUD;43,12610557;5,93425351
202300033865;9;11;2023;09:00;1;92;92040;2;1;8;2;VICTOR CRESSON (AVENUE) DU 02 AU 40;48,82382;2,27237
202300033866;14;5;2023;07:38;2;29;29062;1;1;1;6;Lieu Dit Cabaret;48,172236;-4,000086
202300033867;2;3;2023;12:00;1;93;93031;2;9;1;3;Boulevard Foch;48,94761;2,33248
202300033868;13;4;2023;13:50;1;33;33550;1;1;1;6;AUTOROUTE A 62;44,77144;-0,55537
202300033869;24;6;2023;18:50;1;11;11262;2;1;1;2;36 Rue du Verdouble;43,18263;2,97493
202300033870;9;11;2023;18:40;5;92;92035;2;1;2;2;République ( boulevard de la );48,90684649;2,2447536
202300033871;21;5;2023;17:43;1;38;38319;1;1;1;6;D518;45,06439;5,335354
202300033872;2;3;2023;10:00;1;93;93031;2;3;1;6;Rue de Paris / Rue du Maréchal Maison;48,953;2,31266
202300033873;24;6;2023;23:20;3;11;11069;2;1;1;1;MEDIEVALE -VOIE-;43,20531;2,37112
202300033874;12;4;2023;16:43;1;59;59646;1;1;1;4;N/A;50,67174;3,11458
202300033875;22;5;2023;10:00;1;2;2543;1;1;1;7;D973;49,163021;3,279119
202300033876;2;3;2023;17:15;1;93;93014;2;1;1;3;Allée Maurice Audin;48,908612;2,542545
202300033877;6;11;2023;20:15;5;92;92026;2;1;1;5;MISSION MARCHAND (COTE PAIR);48,89710421;2,24028379
202300033878;13;4;2023;19:53;2;91;91228;1;1;2;2;AUTOROUTE A6;48,6264;2,4154
202300033879;2;3;2023;14:45;1;92;92044;2;2;1;3;ANA.FRANCE(RUE)77A139 ET 74A124;48,89539;2,28204
202300033880;22;5;2023;08:54;1;2;2810;2;1;1;3;Avenue de Boursonne;49,243049;3,086297
202300033881;9;11;2023;11:20;1;92;92024;2;1;1;2;JEAN JAURES (BD) DE 47 A 109)   (56 A 14;48,90417492;2,30284005
202300033882;23;6;2023;16:45;1;7;7281;1;1;1;7;C.D.533;44,93242;4,81473
202300033883;21;5;2023;17:19;1;2;2734;1;1;1;7;D973;49,305587;3,047765
202300033884;9;11;2023;12:53;1;92;92012;2;1;8;6;PARIS (RUE DE) 1/97 - 2/114;48,83954038;2,24825835
202300033885;2;3;2023;13:05;1;92;92036;2;1;1;2;VIEUX CHEMIN D'ARGENTEUIL (AVENUE DU);48,938489;2,258477
202300033886;13;4;2023;18:01;1;91;91521;1;1;1;4;N449 ;48,63296;2,40372
202300033887;24;6;2023;20:07;1;6;6088;2;2;1;3;MADELEINE (BD DE LA);43,708191;7,230794
202300033888;1;3;2023;18:50;5;92;92025;2;3;1;3;PIERRE EXPERT (RUE);48,915078;2,228028
202300033889;8;11;2023;21:20;5;92;92007;2;1;2;3;BRIAND (AVENUE ARISTIDE) N° 2 A 98;48,80161;2,32387
202300033890;24;6;2023;04:00;5;6;6069;2;1;1;7;CLEMENCEAU (BOULEVARD GEORGES);43,658223;6,914309
202300033891;22;5;2023;01:15;3;3;3258;2;1;1;6;Rue de Marcenat;46,190911;3,405274
202300033892;10;11;2023;17:45;2;976;97610;2;1;1;6;Rue du Commerce - Majicavo;-12,746642;45,220012
202300033893;13;4;2023;09:45;1;94;94034;1;1;1;4;A86;48,75884006;2,32440976
202300033894;2;3;2023;09:50;1;92;92024;2;2;1;1;HENRI BARBUSSE (RUE) DE (1 A 73)   (2 A;48,89999;2,30614
202300033895;23;6;2023;10:00;1;5;5061;2;1;1;6;TORRENT ( ALLEE DU );44,56724;6,09727
202300033896;12;4;2023;21:00;3;91;91136;1;1;2;6;AUTOROUTE A10;48,7111;2,289
202300033897;3;3;2023;10:16;1;69;69268;2;3;1;2;Avenue du General Brosset;45,65644706;4,7511138
202300033898;21;5;2023;17:50;1;14;14620;2;1;1;3;Route de Tourville-en-Auge;49,308102;0,158631
202300033899;4;11;2023;18:25;3;31;31547;2;7;2;6;Parking;43,489345;1,31737
202300033900;23;6;2023;16:45;1;5;5061;2;2;1;3;PROVENCE (AVENUE DE);44,54252;6,05951
202300033901;13;4;2023;18:40;1;92;92036;1;1;1;2;A86;48,93600687;2,28843139
202300033902;25;2;2023;14:15;1;33;33308;2;1;1;7;Lieu Dit Mourisset;44,657275;-0,284899
202300033903;12;4;2023;22:05;3;78;78423;1;1;8;6;RN12 EXT;48,798802;1,995364
202300033904;28;2;2023;09:15;1;6;6161;1;1;1;1;Route Départementale 6007;43,621682;7,130089