Num_Acc;jour;mois;an;hrmn;lum;dep;com;agg;int;atm;col;adr;lat;long
202300033905;24;6;2023;19:19;1;75;75113;2;1;1;5;PORTE D IVRY;48,822313;2,380376
202300033906;20;5;2023;19:00;1;14;14430;1;2;1;3;Route de Pierre Solain;49,302453;-0,603544
202300033907;9;11;2023;22:30;3;44;44137;1;1;3;7;N/A;47,35647;-1,99472
202300033908;3;3;2023;09:00;1;76;76235;1;1;9;6;Route départementale 22;49,908676;1,275015
202300033909;24;6;2023;06:35;1;75;75112;2;1;1;2;PORTE DE VINCENNES;48,844037;2,414089
202300033910;21;5;2023;10:45;1;50;50292;1;1;1;3;D972;49,090515;-1,242941
202300033911;12;4;2023;10:20;1;92;92062;1;1;1;4;RN1013;48,88939539;2,23745281
202300033912;3;3;2023;14:10;1;71;71090;1;1;1;6;A6 PK 399.000;46,210547;4,784288
202300033913;10;11;2023;10:50;1;15;15055;1;1;2;2;A 75;45,085597;3,11692
202300033914;15;6;2023;12:41;1;75;75111;2;3;1;6;PLACE DE LA NATION;48,84943;2,395674
202300033915;20;5;2023;13:05;1;10;10126;1;3;1;3;INTERSECTION D396/D619;48,273025;4,622197
202300033916;9;11;2023;09:40;1;87;87177;1;1;8;1;Grand Rue des Bouchats;45,812072;1,073799
202300033917;3;3;2023;08:30;1;974;97413;2;3;1;1;rue du général lambert;-21,182931;55,287613
202300033918;11;4;2023;23:00;4;92;92072;1;1;3;2;N118;48,81513791;2,21468284
202300033919;24;6;2023;13:40;1;75;75117;2;1;1;6;Rue Hélène et François Missoffe;48,90038;2,321843
202300033920;10;11;2023;10:40;1;62;62839;1;1;3;6;D10E2;50,133158;2,888761
202300033921;22;5;2023;14:00;1;10;10402;1;1;7;6;D1;48,163341;4,115882
202300033922;3;3;2023;15:30;1;51;51621;1;1;1;7;D67;49,20244;4,972676
202300033923;24;6;2023;14:15;1;75;75116;2;3;1;6;RUE BENJAMIN FRANKLIN;48,860424;2,285909
202300033924;12;4;2023;09:15;1;93;93064;1;1;2;5;AUTOROUTE A86;48,86756;2,48195
202300033925;10;11;2023;13:00;1;79;79340;1;4;2;3;N/A;46,552183;-0,151808
202300033926;2;3;2023;14:00;1;56;56099;1;2;1;3;Brambily;48,116513;-3,217047
202300033927;21;5;2023;14:45;1;36;36018;1;1;1;3;;46,62532242;1,04300867
202300033928;18;6;2023;18:30;1;75;75116;2;3;6;6;AVENUE DU PRESIDENT WILSON;48,864985;2,299876
202300033929;12;4;2023;07:00;2;95;95018;1;1;3;3;AUTOROUTE A15;48,95704497;2,27629596
202300033930;10;11;2023;05:00;3;65;65017;1;1;2;6;D929;42,788315;0,23876
202300033931;2;3;2023;15:56;1;59;59094;2;7;1;6;Place de l'Hotel de Ville;50,9468783;2,1955639
202300033932;2;5;2023;11:00;1;36;36176;2;2;1;3;Route Nationale;46,62977543;1,17236717
202300033933;24;6;2023;02:30;5;75;75114;2;2;1;6;AVENUE PAUL APPELL;48,820973;2,329904
202300033934;12;4;2023;04:15;3;94;94017;1;1;2;6;A4;48,82732384;2,50906368
202300033935;2;3;2023;10:15;1;32;32404;1;1;1;6;garot;43,892264;0,43425
202300033936;10;11;2023;14:45;1;81;81326;1;1;2;6;rd 600;43,9810864;2,0730801
202300033937;24;6;2023;20:20;1;75;75113;2;1;1;6;BOULEVARD AUGUSTE BLANQUI;48,829789;2,349931
202300033938;28;10;2023;17:25;2;71;71359;1;1;1;7;D37;46,551626;4,94314
202300033939;20;5;2023;13:35;1;21;21280;1;1;1;3;D26;47,34345;4,376599
202300033940;2;3;2023;07:15;2;61;61423;2;2;1;3;RD 930;48,793053;0,67766
202300033941;12;4;2023;13:23;1;973;97302;1;6;1;3;CRIQUE FOUILLEE (ROND POINT);4,89658;-52,32884
202300033942;24;6;2023;17:45;1;75;75111;2;2;1;3;AVENUE PHILIPPE AUGUSTE;48,850671;2,394491
202300033943;2;3;2023;04:45;3;26;26337;1;1;1;6;chemin du chevalier;44,693699;4,81015
202300033944;9;11;2023;14:18;1;63;63397;1;1;3;3;D922;45,620911;2,711992
202300033945;20;5;2023;09:15;1;85;85146;1;3;1;3;RD 763;46,958999;-1,34260362
202300033946;11;4;2023;18:30;1;973;97302;1;1;1;6;ROUTE NATIONALE 3;4,90641;-52,32181
202300033947;2;3;2023;01:00;3;64;64368;1;1;1;7;D11;43,39652;-1,098289
202300033948;24;6;2023;22:05;2;75;75108;2;2;1;3;RUE MARBEUF;48,867972;2,302815
202300033949;10;11;2023;13:50;1;61;61116;1;1;1;1;D928;48,404982;0,923913
202300033950;11;4;2023;13:20;1;973;97302;1;1;1;7;ROUTE NATIONALE 1;4,89773;-52,32791
202300033951;22;5;2023;13:30;1;85;85051;1;2;1;6;intersection D31 et D52;46,691223;-1,09889
202300033952;3;3;2023;15:46;1;87;87203;1;1;1;1;La Reynie;45,672296;1,379235
202300033953;24;6;2023;16:35;1;75;75101;2;3;1;7;RUE DE RIVOLI;48,864667;2,329299
202300033954;9;11;2023;09:10;1;61;61248;1;1;1;6;D833;48,514229;-0,812769
202300033955;11;5;2023;11:45;1;85;85051;2;1;1;3;RD960 Bis;46,70417;-1,036749
202300033956;2;3;2023;07:45;1;68;68375;2;1;1;6;59 Rue de Reiningue;47,800562;7,234148
202300033957;9;11;2023;14:45;1;61;61474;1;1;2;7;D710;48,821473;0,113639
202300033958;10;4;2023;22:20;5;973;97302;2;2;1;6;BECKER (LIEUTENANT);4,93783259;-52,3302142
202300033959;2;3;2023;21:45;3;89;89277;1;1;1;7;;47,66447;3,87281
202300033960;24;6;2023;05:30;1;75;75104;2;3;1;5;QUAI DE L HOTEL DE VILLE;48,856071;2,350689
202300033961;30;10;2023;10:10;1;49;49180;1;2;2;3;D79;47,370269;-0,105285
202300033962;12;4;2023;13:55;1;69;69386;2;1;2;2;Quai Général Sarrail;45,76753171;4,8412786
202300033963;22;5;2023;12:25;1;27;27096;1;2;1;3;intersection D37 / D21;48,882864;0,669007
202300033964;9;11;2023;14:17;1;42;42234;1;9;2;6;Route de l’Étrat;45,522522;4,378878
202300033965;3;3;2023;04:45;3;69;69013;1;1;1;2;Autoroute 6;46,015085;4,728155
202300033966;24;6;2023;03:10;5;75;75104;2;3;1;6;QUAI HENRI IV;48,847259;2,364901
202300033967;12;4;2023;11:15;1;69;69388;2;2;1;3;Boulevard Pinel;45,7352;4,8897
202300033968;9;11;2023;15:00;1;68;68304;2;1;2;7;Rue des Artisans;47,758126;7,048309
202300033969;3;3;2023;01:15;4;971;97128;1;1;1;2;Fonds Thezan;16,219074;-61,406772
202300033970;24;6;2023;18:40;1;94;94074;2;1;1;3;Rue Salvador Allende;48,750187;2,463162
202300033971;22;5;2023;17:25;1;38;38517;1;1;1;6;A49;45,2612555;5,51462105
202300033972;9;11;2023;23:45;3;44;44131;1;1;1;6;La Bate;47,185064;-2,064507
202300033973;2;3;2023;22:00;3;971;97118;1;1;1;7;Chemin de la Glaciere;16,176558;-61,659104
202300033974;12;4;2023;15:15;1;972;97213;1;9;1;3;ROUTE NATIONALE 1;14,61357;-61,01237
202300033975;24;6;2023;13:45;1;94;94015;2;1;1;3;Avenue des Frères Lumière;48,836684;2,532619
202300033976;21;5;2023;20:30;5;973;97309;2;2;8;2;Avenue Gaston Monnerville;4,887537;-52,282192
202300033977;7;11;2023;12:30;1;44;44158;2;1;1;3;23 Boulevard du Général Leclerc;47,274971;-1,784254
202300033978;11;4;2023;08:15;1;69;69142;2;1;1;3;Pont de La Mulatière;45,72952;4,81608
202300033979;24;2;2023;23:38;5;45;45085;2;2;1;3;19 Rue Belle-croix;47,821933;2,846704
202300033980;24;6;2023;18:22;1;94;94076;2;1;1;2;Avenue de Paris;48,80675282;2,36313061
202300033981;20;5;2023;01:50;3;45;45146;1;1;1;6;A71 PR 120 + 140;47,722018;1,889198
202300033982;9;11;2023;18:22;3;35;35179;1;2;2;3;La Butte;48,506433;-1,888002
202300033983;8;4;2023;08:54;1;87;87085;1;1;1;6;AUTOROUTE A20;45,88977;1,29255
202300033984;10;2;2023;16:20;1;91;91315;2;1;1;2;Route de la Ferté-alais;48,508755;2,345617
202300033985;24;6;2023;21:38;1;94;94041;2;1;1;2;Avenue Jean Jaurès;48,81288693;2,40270406
202300033986;11;4;2023;09:08;1;87;87085;1;1;1;6;AUTOROUTE A20;45,807684;1,297817
202300033987;10;11;2023;12:45;1;29;29163;1;2;8;3;D712;48,529226;-3,889453
202300033988;4;1;2023;16:35;1;34;34344;2;1;1;3;Esplanade Maurice Justin;43,556339;4,08568
202300033989;9;4;2023;07:09;2;87;87085;1;1;1;6;AUTOROUTE A20;45,87024;1,28772
202300033990;20;6;2023;05:50;2;94;94021;2;1;1;2;Avenue des Trois Marchés Min;48,76152;2,35633
202300033991;10;11;2023;07:40;4;29;29220;2;1;1;3;Rue Guy le Garrec;47,858285;-4,239274
202300033992;2;3;2023;10:30;1;83;83101;1;1;1;2;D93;43,216764;6,648308
202300033993;10;4;2023;15:40;1;86;86194;2;6;1;6;Rue du Faubourg Saint Cyprien;46,567055;0,344363
202300033994;21;5;2023;10:54;1;76;76705;1;1;1;4;A13;49,328845;1,088215
202300033995;24;6;2023;10:10;1;94;94022;2;3;1;3;Avenue de la République;48,76149181;2,40755081
202300033996;9;11;2023;15:08;1;29;29215;2;1;2;6;Rue de Kerfily;47,9858;-4,424057
202300033997;19;1;2023;13:00;1;83;83107;1;1;1;1;Route Nd7;43,462202;6,646112
202300033998;12;4;2023;15:15;1;83;83137;2;1;1;2;CD D559 BIS;43,124255;5,890972
202300033999;25;4;2023;15:30;1;973;97304;1;1;1;3;RN1 - montagne des pères;5,101716;-52,629275
202300034000;8;11;2023;08:35;1;38;38039;2;2;1;3;RD1090;45,270447;5,867407
202300034001;24;6;2023;16:30;1;93;93073;2;9;1;3;Rue Henri Farman;48,9667485;2,56497055
202300034002;3;3;2023;08:32;1;5;5070;2;1;1;6;Avenue de la Gare;44,316218;5,820828
202300034003;12;4;2023;06:00;5;83;83137;2;4;1;6;CUZIN (AVE FRANCOIS);43,12295;5,94635
202300034004;3;3;2023;19:30;3;13;13014;2;1;1;6;D21;43,499336;5,152652
202300034005;21;5;2023;17:35;1;971;97125;2;1;1;3;Dubedou;16,29485;-61,290632
202300034006;10;11;2023;16:09;1;2;2111;1;1;8;6;D14;49,520413;3,411416
202300034007;24;6;2023;17:30;1;93;93066;2;1;1;6;Rue des Blés;48,91292;2,36055
202300034008;2;3;2023;17:50;2;57;57206;2;1;7;6;Avenue de Metz;49,306892;6,115056
202300034009;12;4;2023;18:00;1;83;83034;2;3;8;3;CHEMIN DU CANNEBAS;43,092173;6,060902
202300034010;16;5;2023;14:17;1;38;38019;1;1;1;3;a7 pk 14 sens sud nord;45,411768;4,824286
202300034011;8;11;2023;15:30;1;1;1445;1;1;1;2;Route de Strasbourg;46,337154;5,318314
202300034012;24;6;2023;16:50;1;93;93007;2;2;1;6;Avenue du 8 Mai 1945 / Rue de l'Abbé Niort;48,94072;2,43166
202300034013;2;3;2023;19:10;3;73;73285;1;1;1;1;D902;45,617053;6,816087
202300034014;12;4;2023;12:46;1;77;77258;2;6;1;3;NELSON MANDELA (ROND-POINT);48,833294;2,633826
202300034015;9;11;2023;22:45;3;58;58293;2;1;2;6;Route de Cossaye - c15;46,765001;3,437841
202300034016;9;5;2023;06:20;1;21;21606;1;2;1;1;D115d;47,05951;4,881492
202300034017;24;6;2023;05:30;2;93;93064;2;2;1;3;Rue Lavoisier / Avenue Jean Jaurès;48,86108431;2,48980921
202300034018;9;11;2023;06:45;3;45;45282;2;1;1;6;Route d'Orleans;47,858209;1,819257
202300034019;21;5;2023;15:11;1;52;52269;1;1;1;7;Avenue Jean Lepetz;47,862024;5,343046
202300034020;3;3;2023;09:00;1;38;38158;2;1;1;6;Allée des Arcelles;45,146846;5,748854
202300034021;21;5;2023;11:00;1;68;68359;1;1;1;7;Le Molkenrain;47,855654;7,135942
202300034022;10;11;2023;16:22;1;18;18170;1;1;3;1;N/A;47,441778;2,513253
202300034023;24;6;2023;00:00;5;93;93055;2;2;1;3;Avenue Jean Lolive / Avenue Anatole France;48,89535974;2,42556155
202300034024;12;4;2023;09:35;1;77;77243;2;9;2;3;D418;48,8782;2,7016
202300034025;28;2;2023;16:00;1;1;1093;2;6;1;3;Avenue Raymond Sarbach;46,119306;4,96077
202300034026;10;11;2023;08:45;1;43;43062;1;1;1;1;D590;45,066625;3,774383
202300034027;21;5;2023;14:30;1;55;55177;1;1;1;1;D116;48,90923467;5,23171842
202300034028;24;6;2023;16:15;1;93;93071;2;6;1;1;Avenue Henri Barbusse / Avenue Lucie Aubrac;48,93359;2,54271
202300034029;3;3;2023;03:05;5;69;69003;2;1;1;6;Avenue Henri Barbusse;45,863497;4,8351109
202300034030;10;11;2023;11:00;1;36;36111;1;1;1;6;N/A;46,5765333;1,64282084
202300034031;12;4;2023;19:15;2;77;77186;1;2;1;3;RD148 ;48,37659;2,73948
202300034032;24;6;2023;20:20;1;93;93032;2;1;1;3;Rue Jules Guesde;48,88049;2,54399
202300034033;3;3;2023;04:15;3;31;31406;1;1;2;6;D62;43,195787;1,061683
202300034034;12;4;2023;17:25;1;76;76705;2;1;6;6;Rue de l'Ile aux Boeufs;49,32871;1,10031
202300034035;10;11;2023;12:15;1;7;7288;1;9;2;3;rd 104;44,724067;4,517119
202300034036;28;2;2023;09:45;1;33;33014;1;1;1;5;D1089;44,984626;-0,14249
202300034037;24;6;2023;03:00;5;93;93032;2;9;1;3;Allée de Montfermeil;48,89886275;2,53782275
202300034038;8;4;2023;18:47;2;74;74012;2;1;1;3;ROMAGNY (RUE DE);46,19494;6,24252
202300034039;21;5;2023;18:00;1;69;69160;1;1;1;3;2623 Route de Beaujeu;46,16298295;4,46208027
202300034040;8;11;2023;19:22;3;87;87017;1;3;6;6;D1;46,129107;1,103021
202300034041;2;2;2023;16:15;1;33;33362;2;2;1;6;D910 Le canton;45,028643;-0,183254
202300034042;24;6;2023;11:45;1;93;93010;2;6;1;6;Rond Point du Verger;48,91812;2,47709
202300034043;8;4;2023;15:55;1;74;74010;2;1;1;6;MARQUISATS (AVENUE DES);45,8952;6,1334
202300034044;22;5;2023;00:00;3;69;69154;1;1;1;6;Route de Valency;45,77597151;4,66281434
202300034045;19;5;2023;19:26;1;16;16078;2;1;2;6;Route d?Agris;45,678825;0,17827
202300034046;9;11;2023;15:20;1;37;37117;1;2;8;3;RD 49;47,44552345;0,30090094
202300034047;24;6;2023;10:00;1;93;93005;2;1;1;3;Chemin de Roissy En France;48,95064455;2,49167944
202300034048;25;2;2023;19:45;3;44;44110;1;1;1;4;1 pacoret;47,42908163;-1,54308557
202300034049;10;11;2023;02:35;3;30;30348;1;9;2;6;N106;44,04709;4,126471
202300034050;20;5;2023;12:00;1;50;50298;1;1;1;3;Route de Périers;49,267097;-1,290797
202300034051;24;6;2023;17:50;1;93;93001;2;1;1;3;30 Rue du Landy;48,91526101;2,37299055
202300034052;2;3;2023;08:38;1;14;14530;2;2;9;3;35 Rue de Berlin;49,233341;-0,248481
202300034053;21;5;2023;16:25;1;60;60446;1;1;7;7;D922;49,144268;2,794518
202300034054;10;11;2023;10:44;1;1;1418;1;1;8;2;A42 pk 011+400 A42 sens Genève/LYon;45,826497;5,013679
202300034055;11;4;2023;20:30;2;72;72181;1;1;8;4;LIBERTE (AV DE LA);47,96706859;0,23208618
202300034056;24;6;2023;18:15;1;93;93001;2;2;1;3;Rue de la Nouvelle France / Rue André Karman;48,91360146;2,38558397
202300034057;1;3;2023;19:45;3;59;59303;1;1;1;3;rn41;50,571463;2,859235
202300034058;21;5;2023;15:45;1;60;60666;1;2;1;1;Route de Ver;49,102744;2,677724
202300034059;12;4;2023;12:21;1;66;66136;2;1;1;6;N/A;42,69857;2,88735
202300034060;23;6;2023;12:15;1;92;92075;2;1;1;6;JEAN BLEUZEN (RUE);48,82243822;2,29457885
202300034061;10;11;2023;18:15;5;6;6085;1;1;1;5;D 6185 - pénétrante;43,598262;7,001718
202300034062;2;3;2023;19:28;3;13;13015;1;1;1;4;A51-Sens Aix en Provence vers Marseille;43,4441;5,3959
202300034063;11;4;2023;16:40;1;66;66136;2;1;1;6;PORTE-D'ASSAUT;42,6979;2,89215
202300034064;22;5;2023;15:20;1;59;59435;1;1;1;1;D938;50,504325;3,269098
202300034065;6;11;2023;11:00;1;51;51507;1;1;2;7;A4 pk 214.000;49,073782;4,905739
202300034066;24;6;2023;13:05;1;92;92073;2;2;1;6;SELLIER (BOULEVARD HENRI);48,85961947;2,21362532
202300034067;26;2;2023;08:00;5;69;69385;1;1;1;2;Route de Métropole 6 ;45,75349;4,81933
202300034068;21;5;2023;18:09;1;59;59237;1;1;1;7;Route de Godewaersvelde;50,770489;2,640839
202300034069;24;6;2023;01:25;3;92;92050;2;1;1;6;DEFENSE BOULEVARD DE LA;48,90764105;2,21075284
202300034070;12;4;2023;08:10;1;64;64269;2;1;1;3;INDUSTRIE DE L';43,28997;-0,31087
202300034071;9;11;2023;23:05;3;69;69242;1;1;2;2;Autoroute 6 ;46,133865;4,765915
202300034072;21;5;2023;13:15;1;13;13056;1;1;2;7;A55-Sens Martigues vers Marseille;43,39704;5,04048
202300034073;24;6;2023;12:40;1;92;92040;2;1;1;6;VERDUN (AVENUE DE) DU 116 AU 150;48,81995064;2,25725502
202300034074;24;2;2023;20:45;3;54;54115;1;1;1;3;Autoroute A 31;48,69451;6,10567
202300034075;9;11;2023;19:30;4;978;97801;2;3;1;6;IMP CLAMY CHERRY;18,067397;-63,077644
202300034076;21;5;2023;14:09;1;13;13005;1;1;8;7;A50-Sens Marseille vers Aubagne;43,268853;5,587809
202300034077;23;6;2023;16:10;1;92;92025;2;9;1;1;PRESIDENT SALVADOR ALLENDE (RUE DU);48,922234;2,236044
202300034078;2;3;2023;21:35;5;33;33192;1;1;1;3;ROCADE A 630;44,78996;-0,60669
202300034079;12;4;2023;19:00;2;62;62065;2;2;1;3;Rue de la Bastille;50,4111;2,83486
202300034080;9;11;2023;22:38;3;77;77112;1;1;2;7;D98;48,249719;2,626982
202300034081;21;5;2023;14:30;1;13;13085;1;1;1;1;A50-Sens Toulon vers Aubagne;43,26872039;5,58802041
202300034082;2;3;2023;09:36;1;33;33013;1;1;1;2;ROUTE NATIONALE 89;44,86853;-0,4971
202300034083;24;6;2023;00:35;5;92;92023;2;1;1;3;HENRI BARBUSSE (AVENUE);48,81409182;2,25780308
202300034084;12;4;2023;09:45;1;62;62413;2;3;1;3;D162E1;50,44138;2,89082
202300034085;20;5;2023;19:20;1;13;13085;1;1;2;2;A50 - Sens Aubagne vers Marseille;43,26350155;5,58868513
202300034086;7;11;2023;15:25;1;77;77130;1;2;1;3;D228;48,895223;2,940955
202300034087;1;3;2023;12:15;1;33;33249;1;1;1;2;ROCADE A 630;44,8736;-0,50697
202300034088;1;3;2023;08:25;1;59;59613;1;1;1;6;AUTOROUTE A2;50,40313054;3,61826412
202300034089;24;6;2023;02:30;5;92;92012;2;6;1;4;MARECHAL DE LATTRE DE TASSIGNY (AVENUE);48,84078;2,22775
202300034090;9;11;2023;19:52;3;95;95308;1;1;2;6;D928;49,098069;2,137265
202300034091;21;5;2023;02:10;3;69;69275;1;1;1;2;Rocade Est;45,78167186;4,95779377
202300034092;9;4;2023;20:20;1;57;57306;2;3;1;3;METROPOLE (AVENUE DE LA);49,35369;6,0691
202300034093;23;6;2023;18:45;1;92;92004;2;1;1;6;BOURGUIGNONS (RUE 2 A 104 );48,91493269;2,27504835
202300034094;8;11;2023;15:00;1;2B;2B093;1;1;1;2;Zone Artisanale;42,609793;8,885525
202300034095;2;3;2023;18:58;3;91;91363;1;1;1;4;RN 104;48,65941;2,1837
202300034096;25;6;2023;09:55;1;60;60623;2;1;1;6;61 Rue du Maréchal de Boufflers;49,546928;1,857135
202300034097;12;4;2023;06:35;5;57;57463;2;2;3;6;NANCY (AVENUE DE );49,10875972;6,16643071
202300034098;21;5;2023;00:05;3;69;69271;1;1;1;4;Route Départementale 302;45,74914;4,99121
202300034099;10;11;2023;14:48;1;68;68383;2;1;1;2;1 Route des Vins;48,172765;7,321802
202300034100;2;3;2023;09:02;1;91;91471;1;1;1;5;RN 118;48,71231;2,18275
202300034101;1;11;2023;03:55;3;67;67154;1;1;1;6;D52;48,367789;7,723501
202300034102;19;6;2023;07:30;1;49;49092;1;2;1;3;pk FS D199;47,284457;-0,688791
202300034103;11;4;2023;18:35;1;54;54395;2;1;8;6;Rue des Quatre Eglises;48,6852;6,1852
202300034104;21;5;2023;18:15;1;91;91659;1;1;1;2;AUTOROUTE A6;48,57817;2,46317
202300034105;2;3;2023;08:37;1;91;91064;1;1;1;2;RN 118;48,74336;2,18997
202300034106;24;6;2023;14:30;1;68;68366;1;1;1;2;D45;48,114885;7,441639
202300034107;1;3;2023;23:23;3;94;94038;1;1;1;7;A6B;48,7822504;2,34645225
202300034108;9;11;2023;18:15;5;54;54196;2;2;2;6;rue du doyen parisot;48,56752;6,18816
202300034109;21;5;2023;18:00;1;93;93013;1;1;1;3;AUTOROUTE A1;48,94103503;2,42624484
202300034110;12;4;2023;18:50;1;49;49246;2;1;2;5;PASTEUR;47,41601;-0,52322
202300034111;25;6;2023;11:55;1;972;97229;2;1;1;7;Route de Ravine Touza;14,621655;-61,090486
202300034112;27;10;2023;13:50;1;38;38415;1;9;2;1;Route de Corbeyssieu;45,63411;5,218461
202300034113;2;3;2023;17:50;1;78;78640;1;1;1;5;N118;48,778319;2,222332
202300034114;24;6;2023;19:30;1;63;63100;1;1;1;7;PR 28-200 sur D227;46,01894016;2,90836377
202300034115;21;5;2023;19:30;1;93;93066;1;1;1;4;AUTOROUTE A1;48,91902717;2,3575817
202300034116;12;4;2023;11:34;1;49;49007;2;1;8;6;PORTET BOULEVARD;47,45044;-0,56011
202300034117;2;3;2023;00:25;3;95;95277;1;1;1;6;A3;48,97408;2,48846
202300034118;21;5;2023;19:40;1;95;95151;1;1;1;7;N104;49,06257;2,27641
202300034119;11;4;2023;22:05;3;49;49246;1;1;2;6;D952;47,43616;-0,4814
202300034120;24;6;2023;09:25;1;86;86236;1;1;1;3;Puygirault;46,656183;0,912482
202300034121;1;3;2023;17:40;1;93;93078;1;1;1;2;AUTOROUTE A104;48,9605;2,54155
202300034122;8;11;2023;19:00;3;69;69249;1;1;1;7;Route Saint-Martin-en-Haut;45,675362;4,632132
202300034123;23;6;2023;08:30;1;14;14347;1;3;5;3;12-14 La Bruyère - Le Mesnil-Auzouf;48,989666;-0,744689
202300034124;11;4;2023;16:05;1;38;38185;2;1;1;3;AVENUE MARIE REYNOARD;45,16503;5,7285
202300034125;9;11;2023;14:30;1;17;17097;1;1;2;7;Lieu dit Les rentes;45,649238;-0,900552
202300034126;21;5;2023;10:15;1;92;92036;1;1;1;4;AUTOROUTE A15;48,93788866;2,29766722
202300034127;1;3;2023;11:45;1;92;92036;1;1;1;2;AUTOROUTE A86;48,93904651;2,30613129
202300034128;24;6;2023;15:55;1;971;97109;2;6;8;6;Avenue du Général de Gaulle Route Nationale 1;15,990331;-61,683292
202300034129;9;11;2023;22:00;3;17;17185;1;1;3;7;Route de Royan;45,721948;-0,966507
202300034130;1;3;2023;10:30;1;92;92036;1;1;1;6;AUTOROUTE A15;48,94355783;2,28738079
202300034131;11;4;2023;11:35;1;38;38151;2;1;1;1;AVENUE DE KIMBERLEY;45,14667;5,73195
202300034132;21;5;2023;07:50;1;95;95252;1;1;1;2;A15;48,977393;2,233181
202300034133;1;3;2023;08:30;1;95;95582;1;1;1;6;A15;48,96767474;2,2528413
202300034134;7;11;2023;09:40;1;44;44026;2;1;7;6;2 Rue du Marquis de Dion;47,297237;-1,491968
202300034135;12;4;2023;12:00;1;37;37233;2;1;8;6;JEAN MOULIN (RUE);47,38827;0,72701
202300034136;2;3;2023;15:00;1;94;94073;1;1;1;3;A86;48,75424369;2,38104533
202300034137;21;5;2023;05:25;2;95;95394;1;1;1;2;N184;49,05052;2,19023
202300034138;5;10;2023;08:00;2;22;22070;2;3;1;1;Rue Montbareil;48,564773;-3,151499
202300034139;28;2;2023;23:20;3;94;94028;1;1;1;2;A86;48,79983715;2,44627859
202300034140;12;4;2023;10:50;1;35;35238;2;2;1;6;COLOMBIER (BD DU);48,10190265;-1,68401688
202300034141;21;5;2023;20:20;1;94;94018;1;1;1;3;A4;48,81737894;2,41732391
202300034142;24;6;2023;11:30;1;62;62179;1;3;1;3;RD215;50,725956;1,907544
202300034143;10;11;2023;07:40;2;22;22307;2;3;1;3;Rue du centre;48,452186;-2,814651
202300034144;24;6;2023;14:15;1;51;51210;1;1;1;7;;49,07922138;3,97745111
202300034145;20;5;2023;10:40;1;988;98818;2;9;1;6;Parking du PLEXUS;-22,24649;166,44888
202300034146;28;2;2023;09:40;1;974;97411;1;1;1;6;MONTAGNE (ROUTE DE LA);-20,88818;55,43986
202300034147;12;4;2023;20:30;1;33;33522;2;3;1;2;Avenue Roul;44,80792;-0,60347
202300034148;25;6;2023;06:38;2;19;19276;2;1;1;6;Rue du Pont Neuf;45,42924047;1,56582694
202300034149;10;11;2023;17:30;2;76;76473;2;9;2;3;rue du petit village;49,49369709;0,76389335
202300034150;19;5;2023;12:50;1;976;97611;2;1;1;6;convalescence/vetivers-Vetiver ( rue );-12,77931242;45,22188842
202300034151;27;2;2023;17:45;2;974;97411;1;1;2;3;MONTAGNE (ROUTE DE LA);-20,88915;55,43645
202300034152;24;6;2023;23:45;3;56;56119;2;1;1;6;61 route de l'océan;47,70549;-3,109535
202300034153;12;4;2023;10:50;1;33;33550;2;6;2;3;Rue de la Croix de Monjous;44,77948;-0,58797
202300034154;28;2;2023;17:10;1;973;97302;1;1;1;7;TIGRE (ROUTE DU);4,91036695;-52,30827123
202300034155;20;5;2023;10:00;1;974;97411;2;1;1;3;JAURES (BOULEVARD JEAN);-20,90232;55,50329
202300034156;10;11;2023;17:40;5;62;62603;2;1;1;6;D113;50,628854;1,645718
202300034157;25;6;2023;15:30;1;77;77321;1;1;1;2;D411;48,405932;3,240976
202300034158;28;2;2023;17:50;2;972;97213;1;1;1;7;ROUTE NATIONALE 1;14,6355;-60,97751
202300034159;12;4;2023;18:20;1;31;31555;2;9;8;2;VA007379 BAYLAC  A624 Sortie 1;43,60465;1,39882
202300034160;20;5;2023;19:35;5;973;97302;2;1;3;6;EBOUE (ROCADE FELIX);4,9326;-52,31072
202300034161;24;6;2023;20:35;1;82;82127;1;1;1;6;D7;44,168276;0,997803
202300034162;28;2;2023;13:30;2;972;97213;1;1;1;3;ROUTE DEPARTEMENTALE 14;14,63267;-61,01667
202300034163;12;4;2023;09:25;1;31;31555;1;1;1;6;A620;43,58063;1,40552
202300034164;8;11;2023;18:40;3;13;13210;1;1;1;3;A50-Sens Marseille vers Aubagne;43,28654;5,43391
202300034165;19;5;2023;10:35;1;973;97302;2;1;1;2;BADUEL (ROUTE DE);4,93002;-52,30419
202300034166;24;6;2023;16:42;1;82;82013;1;1;1;2;Route de Sérignac;43,893312;0,996113
202300034167;12;4;2023;18:35;1;28;28085;2;1;1;6;COUTE (RUE GASTON);48,45597;1,46509
202300034168;2;2;2023;23:00;5;972;97209;1;1;1;4;AUTOROUTE A1;14,616718;-61,042368
202300034169;19;5;2023;01:35;5;973;97302;2;1;1;7;MADELEINE (ROUTE DE LA);4,90997;-52,32149