Num_Acc;jour;mois;an;hrmn;lum;dep;com;agg;int;atm;col;adr;lat;long
202300034170;24;6;2023;17:40;1;65;65128;2;1;1;6;Route de Trie sur Baise;43,18830161;0,35646568
202300034171;4;11;2023;12:00;1;13;13071;1;1;3;2;A51-Sens Marseille vers Aix en Provence;43,40941;5,36379
202300034172;28;2;2023;16:20;1;971;97107;2;1;1;6;FILAOS ( RUE DES );16,05295531;-61,56466305
202300034173;11;4;2023;16:45;1;27;27229;2;2;2;3;ARTOIS (RUE D');49,03258;1,13517
202300034174;19;5;2023;00:40;5;973;97302;1;1;3;7;ROUTE NATIONALE 1;4,92645;-52,32903
202300034175;24;6;2023;14:57;1;33;33540;1;2;7;3;D101;45,372014;-1,078158
202300034176;9;11;2023;09:00;1;83;83144;1;1;2;6;A57;43,14147362;6,00386413
202300034177;12;4;2023;09:45;1;13;13002;2;1;1;3;PROVENCE (AVENUE DE);43,3260717;5,48201676
202300034178;17;5;2023;23:15;5;972;97213;1;1;1;1;ROUTE DEPARTEMENTALE 3;14,62638;-60,98926
202300034179;25;6;2023;13:30;1;11;11163;1;1;1;7;;42,761833;2,325209
202300034180;28;2;2023;16:45;1;91;91589;2;1;1;3;BD ARISTIDE BRIAND;48,681365;2,342903
202300034181;10;4;2023;03:20;5;13;13211;2;6;1;7;RAOUL FOLLEREAU (AV);43,29241;5,4457
202300034182;24;6;2023;20:20;1;63;63297;1;1;1;3;D229;45,741255;3,349092
202300034183;27;2;2023;16:30;1;91;91223;1;9;1;2;R.D.20;48,431226;2,165267
202300034184;25;6;2023;01:50;3;55;55398;2;1;1;7;86 Avenue du General de Gaulle;48,696332;5,733334
202300034185;4;4;2023;14:00;1;13;13004;2;7;1;1;RUE JEAN JAURES;43,67664;4,62779
202300034186;20;5;2023;19:05;1;69;69034;2;4;1;4;79 Rue Pasteur;45,79234;4,84433
202300034187;27;2;2023;19:49;5;87;87085;2;2;1;3;PERRIN (RUE FRANCOIS);45,82891;1,24345
202300034188;19;5;2023;19:15;1;69;69142;2;1;1;6;20 Quai Pierre Sémard;45,72361;4,81727
202300034189;26;2;2023;18:05;1;87;87085;2;1;1;6;CHENIEUX (RUE FRANCOIS);45,83809;1,25659
202300034190;25;6;2023;11:55;1;12;12238;1;4;1;3;PK25 D911;44,2409388;2,94358429
202300034191;12;4;2023;10:30;1;11;11069;2;2;1;6;Rue Georges Clemenceau;43,215;2,3522
202300034192;24;2;2023;15:10;1;85;85194;1;9;2;3;286 Avenue françois mitterrand;46,53005;-1,77424
202300034193;24;6;2023;03:00;4;47;47128;2;6;1;7;D813;44,16787743;0,70239356
202300034194;19;5;2023;01:25;5;69;69387;2;1;1;6;6 Quai Claude Bernard;45,7541;4,83875
202300034195;20;5;2023;07:50;1;2B;2B033;2;1;3;6;PAOLI DU NR 1 A 20 - BLD;42,69817;9,4491
202300034196;24;6;2023;19:50;2;41;41073;1;1;1;1;Les Saulettes;47,903965;1,017748
202300034197;21;2;2023;07:50;2;80;80021;2;1;5;2;CHATEAUDUN (BOULEVARD DE);49,88559;2,2795
202300034198;20;2;2023;19:15;5;80;80021;2;1;1;6;GENERAL FOY (AVENUE DU );49,88882;2,2809
202300034199;12;4;2023;08:15;1;6;6069;2;1;1;4;DE LATTRE DE TASSIGNY (AVENUE DU MARECHA;43,649034;6,923938
202300034200;20;5;2023;01:15;5;971;97101;2;9;1;3;ROUTE DES ABYMES;16,25593;-61,52116
202300034201;24;6;2023;16:00;1;39;39240;1;1;1;1;;46,648151;5,900329
202300034202;12;4;2023;20:00;2;6;6027;2;1;1;3;COLLE AVENUE DE LA;43,664;7,1248
202300034203;25;6;2023;01:20;3;25;25334;1;1;1;6;D72 - Champ Bégaud;46,954913;6,138107
202300034204;20;5;2023;16:50;1;2A;2A004;2;3;1;3;PRINCE IMPERIAL COURS;41,934097;8,75242
202300034205;23;6;2023;17:00;1;38;38055;1;1;1;2;D60;45,689896;5,518302
202300034206;19;5;2023;10:40;1;95;95277;2;9;7;3;PLAINE DE FRANCE (AVENUE DE LA);48,97706697;2,4979654
202300034207;12;4;2023;11:40;1;75;75119;2;1;1;2;BD PERIPHERIQUE EXTERIEUR;48,886581;2,397263
202300034208;28;2;2023;09:00;1;77;77288;2;1;1;6;GALLIENI  (PLACE);48,52766;2,6552
202300034209;24;6;2023;21:40;2;13;13010;1;6;1;6;D35;43,908661;4,791348
202300034210;19;5;2023;01:00;4;95;95014;1;3;1;1;D109P;49,00583106;2,29498923
202300034211;11;4;2023;20:10;5;75;75117;2;1;2;3;PORTE MAILLOT;48,882612;2,283497
202300034212;28;2;2023;19:35;5;76;76540;2;3;1;3;Avenue de la Grand Mare;49,45487;1,1359
202300034213;25;6;2023;16:24;1;1;1204;1;3;1;3;D1084;46,16548;5,693788
202300034214;27;2;2023;22:50;5;76;76351;2;1;1;6;AUGUSTE BLANQUI;49,50149;0,16256
202300034215;11;4;2023;17:00;1;75;75114;2;1;1;3;PORTE DE CHATILLON;48,820927;2,321828
202300034216;27;2;2023;16:25;1;72;72181;2;1;1;6;LAVAL (RTE DE) PAIRS;48,01586;0,15145
202300034217;25;6;2023;17:45;1;26;26288;1;1;1;1;D94;44,41409278;5,26384592
202300034218;18;5;2023;18:50;1;91;91114;2;1;1;6;BD DE L ILE DE FRANCE;48,71192;2,51982
202300034219;28;2;2023;14:00;1;69;69266;2;3;1;6;164 Rue Louis Becker;45,7653208;4,88029291
202300034220;9;4;2023;13:49;1;75;75120;2;1;1;4;BD PERIPHERIQUE INTERIEUR;48,870536;2,413224
202300034221;24;6;2023;18:20;1;58;58215;2;1;1;1;Rue Louis Joseph Gousse;47,289899;2,972065
202300034222;19;5;2023;18:20;1;91;91589;2;1;1;1;RUE LAVOISIER;48,68512;2,34928
202300034223;27;2;2023;08:00;1;69;69029;2;1;1;4;Boulevard Pinel;45,73141935;4,88817768
202300034224;24;6;2023;17:45;1;66;66085;1;1;1;2;;42,58118375;2,35233486
202300034225;12;4;2023;08:59;1;75;75120;2;3;1;6;AVENUE BENOIT FRACHON;48,852123;2,415693
202300034226;17;5;2023;15:20;1;87;87085;2;3;1;3;NEXON (RUE DE);45,81016;1,25688
202300034227;28;2;2023;12:15;1;67;67482;2;1;1;3;COLMAR (AVENUE DE);48,54914;7,7415
202300034228;24;6;2023;12:20;1;54;54288;1;1;1;7;D101;48,7506997;5,83561778
202300034229;12;4;2023;12:44;1;75;75119;2;2;1;6;AVENUE DE FLANDRE;48,884188;2,368626
202300034230;27;2;2023;11:20;1;67;67482;2;3;7;3;CLEMENCEAU (BOULEVARD);48,59056;7,74461
202300034231;25;6;2023;18:30;1;14;14726;2;1;1;7;Route de Fréval (Bernières-le-Patry);48,81446591;-0,73015094
202300034232;17;5;2023;11:15;1;86;86066;2;3;1;3;Square Gambetta;46,814724;0,545083
202300034233;27;2;2023;08:00;1;66;66136;2;2;1;3;ERCKMANN-CHATRIAN;42,70089;2,90056
202300034234;11;4;2023;21:35;5;75;75120;2;2;3;2;PLACE DU MAQUIS DU VERCORS;48,878158;2,409429
202300034235;25;6;2023;08:00;1;14;14194;2;3;1;7;11 Route de Lisieux;49,083445;0,368112
202300034236;17;5;2023;11:05;1;83;83126;2;1;1;6;LAMARQUE (AV JEAN ALBERT);43,10791;5,86287
202300034237;25;2;2023;11:45;2;63;63124;2;1;1;3;CLERMONT (AVENUE DE);45,75084;3,1624
202300034238;15;5;2023;11:00;1;83;83061;2;1;1;2;D100 A;43,444993;6,731581
202300034239;24;6;2023;16:40;1;14;14086;1;1;1;3;Route de Pont l’Eveque;49,325779;0,122234
202300034240;12;4;2023;08:45;1;75;75118;2;2;3;6;RUE CUSTINE;48,888801;2,346591
202300034241;25;6;2023;02:00;3;50;50588;1;1;1;6;Route de Chiffrevast;49,537088;-1,489388
202300034242;27;2;2023;19:00;4;62;62570;2;2;1;3;Rue Pierre Simon;50,412678;2,88534
202300034243;20;5;2023;09:40;1;78;78551;1;1;1;1;RN 184;48,92177;2,08355
202300034244;12;4;2023;09:15;1;75;75117;2;1;2;3;AVENUE DE WAGRAM;48,877221;2,297517
202300034245;25;6;2023;00:05;4;50;50615;2;6;1;6;Route de Bricquebec;49,503158;-1,484656
202300034246;24;2;2023;16:00;1;60;60159;2;3;1;6;Rue Saint-Antoine;49,41613477;2,82283938
202300034247;19;5;2023;20:30;1;78;78418;2;2;1;3;PAUL DOUMER (AVENUE);48,906319;2,152402
202300034248;12;4;2023;18:20;1;75;75116;2;1;2;2;ALLEE DE LONGCHAMP;48,875841;2,273632
202300034249;25;6;2023;01:25;3;43;43224;2;1;1;1;Rue de Saint-didier;45,253433;4,243534
202300034250;27;2;2023;08:50;2;59;59378;2;3;1;6;ASTRID RUE DE LA REINE;50,66149;3,09123
202300034251;12;4;2023;15:50;1;75;75115;2;1;8;6;RUE LEBLANC;48,839725;2,272873
202300034252;24;6;2023;10:55;1;36;36001;2;1;1;3;Place du Champ de Foire;46,4341664;1,82814598
202300034253;28;2;2023;15:25;1;54;54323;2;3;1;3;ALBERT LABRO (RUE);49,51338;5,7676
202300034254;25;6;2023;00:30;3;4;4200;2;1;1;6;Route de Volonne;44,146385;5,990413
202300034255;12;4;2023;17:50;1;75;75115;2;1;1;6;BOULEVARD DE VAUGIRARD;48,841189;2,31698
202300034256;19;5;2023;11:50;1;77;77243;2;1;1;1;SAINT DENIS  (RUE   );48,879149;2,709297
202300034257;28;2;2023;17:31;1;51;51454;2;1;1;6;avenue Léon Blum;49,227002;4,011786
202300034258;24;6;2023;02:00;3;23;23093;1;1;1;6;D915;46,196808;2,260416
202300034259;19;5;2023;10:20;1;76;76351;2;1;1;7;ROGER MEUNIER;49,48199;0,1148
202300034260;12;4;2023;09:10;1;75;75114;2;2;2;3;BOULEVARD JOURDAN;48,822244;2,330398
202300034261;26;2;2023;00:30;5;51;51454;2;4;1;2;rue Lesage;49,265965;4,030968
202300034262;24;6;2023;16:30;1;37;37028;1;2;1;3;Cinge;46,792623;0,986543
202300034263;18;5;2023;05:30;5;76;76447;1;1;1;2;RD 489;49,53728;0,20264
202300034264;28;2;2023;06:50;5;50;50129;2;9;1;3;LEMONNIER (AVENUE AMIRAL);49,63463;-1,60167
202300034265;11;4;2023;23:20;5;75;75111;2;2;3;3;BOULEVARD RICHARD LENOIR;48,862915;2,371517
202300034266;28;2;2023;08:30;1;49;49267;2;1;1;7;CLAIE;47,47832;-0,45442
202300034267;24;6;2023;16:20;1;37;37115;2;2;1;3;Rue Léveillé;46,974942;0,695068
202300034268;12;4;2023;08:52;1;75;75108;2;3;2;3;PLACE DE LA CONCORDE;48,86585;2,319869
202300034269;18;5;2023;12:25;1;76;76305;1;4;1;4;INDUSTRIELLE (ROUTE);49,48693;0,21701
202300034270;23;6;2023;23:45;4;30;30263;2;1;1;6;Rue Pasteur;43,966187;3,857478
202300034271;28;2;2023;09:04;1;47;47201;2;4;1;6;route de BRAX;44,19363;0,59397
202300034272;12;4;2023;08:25;1;75;75108;2;2;2;6;AVENUE DES CHAMPS ELYSEES;48,873143;2,297062
202300034273;20;5;2023;19:40;1;73;73029;1;1;1;2;N201 - VRU;45,56369438;5,94815634
202300034274;25;6;2023;11:30;1;48;48097;1;1;1;7;St Roman de Tousque;44,14976341;3,76829405
202300034275;28;2;2023;08:40;1;47;47001;2;1;1;6;SERRES (AVENUE MICHEL);44,18384;0,62495
202300034276;24;6;2023;02:00;3;8;8340;1;1;1;6;N/A;49,4187069;4,09929191
202300034277;19;5;2023;22:40;5;72;72095;2;6;1;6;COCTEAU JEAN (RUE);48,02839;0,20245
202300034278;11;4;2023;17:45;1;75;75108;2;3;2;3;BOULEVARD MALESHERBES;48,872143;2,321813
202300034279;24;6;2023;19:15;1;88;88194;1;1;1;6;D3;48,282108;5,96137
202300034280;19;5;2023;23:20;5;72;72181;2;6;1;6;DEMORIEUX (BD) ENTRE HUISNE ET RD-POINT;47,99;0,186
202300034281;28;2;2023;11:40;1;45;45284;2;3;1;3;SOULAS (AVENUE LOUIS JOSEPH);47,90829;1,97123
202300034282;12;4;2023;16:00;1;94;94076;2;1;2;6;Rue Henri Barbusse;48,80442852;2,36889669
202300034283;27;2;2023;16:30;1;42;42237;2;2;1;3;Rue Jean Rostand;45,46778;4,43275
202300034284;20;5;2023;08:30;1;71;71306;2;1;1;3;ALOUETTES (AVENUE DES);46,688919;4,357343
202300034285;25;6;2023;10:25;1;10;10045;1;1;1;7;Autoroute A5;48,172783;4,457445
202300034286;12;4;2023;17:45;1;94;94073;2;6;1;3;Avenue de Versailles;48,757106;2,388088
202300034287;28;2;2023;18:35;5;38;38185;2;1;1;6;RUE FÉLIX ESCLANGON;45,19213;5,70738
202300034288;18;5;2023;04:18;5;71;71270;2;1;1;6;PARE (RUE AMBROISE);46,32022;4,81536
202300034289;11;4;2023;19:40;1;94;94028;2;1;2;6;Avenue du Général de Gaulle;48,78421;2,45157
202300034290;28;2;2023;17:45;1;37;37214;2;3;1;6;DE GAULLE (BD CHARLES);47,40981;0,67912
202300034291;19;5;2023;15:00;1;69;69264;2;1;1;4;Avenue Theodore Braun;45,98096;4,74034
202300034292;24;6;2023;14:20;1;2;2559;1;1;1;2;A26;49,679867;3,501015
202300034293;12;4;2023;18:30;1;93;93072;2;2;1;6;Rue Pierre de Geyter / Rue Victor Hugo;48,95523;2,3792
202300034294;28;2;2023;21:05;5;35;35238;2;2;2;2;ALMA (DE L');48,09465;-1,67462
202300034295;20;5;2023;10:45;1;69;69290;2;3;1;3;Rue des Etats Unis;45,70211;4,91891
202300034296;24;6;2023;18:05;1;35;35210;1;1;1;1;le Butais;48,133312;-1,80392
202300034297;28;2;2023;19:15;2;35;35238;2;1;2;6;BERGER (AVENUE GASTON);48,1165;-1,70474
202300034298;19;5;2023;09:57;1;68;68224;2;1;1;6;HOFER (RUE JOSUE);47,75633;7,31407
202300034299;12;4;2023;14:00;1;93;93070;2;3;1;2;Avenue Gabriel Péri / Rue Ernest Renan;48,90868585;2,33270377
202300034300;24;6;2023;17:00;1;973;97309;2;9;1;3;402a Route de Montjoly;4,91486898;-52,27458537
202300034301;19;5;2023;19:00;1;67;67218;2;1;1;6;ORME (RUE DE L );48,51545;7,72247
202300034302;28;2;2023;08:50;1;35;35281;1;1;1;4;RD 177;48,06943824;-1,71278894
202300034303;11;4;2023;22:50;5;93;93077;2;3;2;6;Grande Rue / Rue Beausire;48,8826612;2,51694068
202300034304;24;6;2023;18:39;1;39;39387;1;1;1;6;Bretelle d'accès à l'aire de repos Louis Pasteur;46,987689;5,504923
202300034305;18;5;2023;22:50;5;67;67482;2;1;1;1;HOCHFELDEN (RUE DE);48,5913;7,73136
202300034306;28;2;2023;07:45;1;35;35238;2;1;1;3;PAINLEVE (BD PAUL);48,1219;-1,6563
202300034307;12;4;2023;08:35;1;93;93014;2;1;2;3;Boulevard Gagarine;48,906573;2,53730616
202300034308;19;5;2023;08:25;1;66;66136;2;1;1;1;;42,70655;2,883
202300034309;28;2;2023;08:30;1;35;35238;1;1;1;2;RN136;48,08077;-1,67327
202300034310;24;6;2023;06:10;2;6;6088;1;1;1;2;A8 PK 196.300 - Chaussée Nord;43,735104;7,246149
202300034311;19;5;2023;09:30;1;64;64249;2;1;1;3;GETARIA(AVENUE);43,422375;-1,605124
202300034312;25;6;2023;04:30;3;34;34113;1;1;1;3;A9 ;43,48548207;3,7001769
202300034313;11;4;2023;22:20;5;93;93014;2;2;2;3;Boulevard Emile Zola / Allée Anatole France;48,9067;2,55613
202300034314;28;2;2023;06:30;5;33;33281;2;3;1;1;Rue Paul Dukas;44,82696;-0,66417
202300034315;24;6;2023;22:45;3;987;98740;1;1;1;7;Avatoru face atelier équipement;-15,364;-147,964
202300034316;19;5;2023;19:20;1;64;64445;2;6;1;3;BUROS DE;43,32395;-0,3449
202300034317;28;2;2023;10:10;1;31;31565;1;1;8;6;BARBAZAN (ROUTE DE);43,08997;0,68982
202300034318;12;4;2023;15:08;1;93;93007;2;1;1;3;Avenue de la République;48,93575648;2,46776038
202300034319;18;5;2023;14:20;1;64;64445;2;6;1;6;CAZAUBON NORBERT;43,30409;-0,36694
202300034320;28;2;2023;19:00;2;25;25462;2;1;1;2;SALINS DE (DU 64 A LA FIN);46,90996;6,334
202300034321;25;6;2023;15:00;1;974;97415;1;6;1;6;route de saint-pierre;-21,087904;55,237541
202300034322;12;4;2023;14:00;1;93;93001;2;2;1;5;Avenue Jean Jaurès / Rue Danielle Casanova;48,91498117;2,40425223
202300034323;20;5;2023;01:17;5;64;64102;2;4;2;2;REPUBLIQUE (PLACE DE LA);43,49532;-1,47025
202300034324;24;6;2023;20:15;3;974;97415;1;1;1;6;Route du Théâtre;-21,04233;55,22655
202300034325;28;2;2023;17:10;2;25;25056;2;2;1;3;DENFERT ROCHEREAU AVENUE;47,244108;6,027043
202300034326;11;4;2023;23:45;5;92;92046;2;1;2;6;PIERRE BROSSOLETTE (AVENUE);48,81443;2,30337
202300034327;18;5;2023;21:10;1;61;61001;2;1;1;3;Avenue Pierre Mauger;48,411841;0,095846
202300034328;25;6;2023;17:05;1;29;29233;1;1;1;6;Lieu Dit Faudelias;47,83775053;-3,58137881
202300034329;28;2;2023;11:17;1;22;22113;2;1;1;6;BIENFAISANCE (RUE DE LA);48,729;-3,453
202300034330;12;4;2023;08:55;1;92;92062;2;1;3;3;DE DION BOUTON (QUAI) DU 1 AU 28;48,87658836;2,24045187
202300034331;20;5;2023;07:00;1;59;59421;2;1;1;6;CARNOT (BLD)DE 30A46-150A214-59A93-95A20;50,70245;3,14104
202300034332;25;2;2023;11:35;1;19;19031;2;6;1;3;AUDIERNE (RUE RENE);45,16726;1,54247
202300034333;12;4;2023;17:50;1;92;92035;2;7;1;6;Kléber ( rue );48,90556373;2,23967671
202300034334;24;6;2023;18:40;1;33;33214;1;3;1;5;Mejos-Ouest;44,976149;-1,046823
202300034335;28;2;2023;19:30;5;13;13106;2;1;1;1;BEDOULE (CHEMIN DE LA);43,3919288;5,35182429
202300034336;20;5;2023;02:15;5;59;59350;2;2;1;3;LIBERTE BVD N°2 - 90-51 - 145;50,63457;3,05671
202300034337;28;2;2023;18:30;2;13;13204;2;1;1;7;ALEX. FLEMING (BOULEVARD);43,315;5,40297
202300034338;11;4;2023;18:40;2;92;92044;2;3;3;6;PDT WILSON(RUE)77A105 ET 76A108;48,89478292;2,28795379
202300034339;25;6;2023;03:30;3;77;77392;1;1;1;3;N2;49,069601;2,714149
202300034340;16;5;2023;14:30;1;59;59359;2;1;1;3;POMPIDOU (RUE GEORGES);50,9962531;2,22415423
202300034341;11;4;2023;19:00;1;92;92004;2;1;2;7;AULAGNIER ( QUAI );48,91802;2,32037
202300034342;25;6;2023;01:30;3;95;95627;2;1;1;7;D64;49,141444;2,105149
202300034343;28;2;2023;10:42;1;13;13212;2;2;1;3;SAINT JEAN DU DESERT (chemin);43,29491;5,41863
202300034344;20;5;2023;01:25;5;59;59183;2;1;1;6;ALEXANDRE III - BOULEVARD;51,03275;2,37469
202300034345;23;6;2023;20:15;1;78;78420;2;3;1;3;Rue Ernest May;48,775399;1,812658
202300034346;28;2;2023;11:05;1;13;13206;2;5;2;6;PAUL PEYTRAL (BOULEVARD);43,29012729;5,37818003
202300034347;13;4;2023;06:51;2;11;11328;1;1;1;1;Route de Lauraguel;43,117055;2,144759
202300034348;19;5;2023;20:30;1;59;59183;2;2;1;1;REPUBLIQUE - F MITTERAND - BOULEVARD;51,04407;2,40081
202300034349;25;6;2023;09:45;1;66;66112;1;1;1;1;;42,58099;2,736438
202300034350;20;5;2023;11:05;1;57;57463;2;3;1;3;LAFAYETTE (RUE );49,10831;6,17349
202300034351;28;2;2023;07:55;1;13;13004;2;9;2;5;RTE N570 AVIGNON STES MARIES;43,66842406;4,59727642
202300034352;13;4;2023;18:00;1;6;6114;2;1;1;1;212 Vieux Chemin de l'Abadie;43,736798;7,290952
202300034353;24;6;2023;15:10;1;34;34057;1;1;1;3;RM65;43,650726;3,920467
202300034354;18;5;2023;21:00;2;56;56121;2;2;1;3;BELGIQUE (RUE  DE );47,76116;-3,38629
202300034355;12;4;2023;17:30;1;7;7022;1;1;1;7;Route Nationale N°86;44,703467;4,76547
202300034356;24;6;2023;10:30;1;84;84054;2;1;1;6;19 Avenue Fabre de Sérignan;43,922097;5,048046
202300034357;19;5;2023;22:37;3;54;54521;1;1;1;7;RD 326;49,48087;5,90024
202300034358;21;2;2023;14:38;1;11;11262;2;3;1;2;;43,17551;3,00001
202300034359;13;4;2023;06:40;1;974;97405;1;1;1;1;Chemin Achille Benard;-21,342972;55,573193
202300034360;16;6;2023;20:00;1;83;83138;1;1;1;1;D19;43,614143;6,720452
202300034361;19;5;2023;14:05;1;51;51454;2;6;1;3;rue Jean Jacques Rousseau;49,25744;4,03876
202300034362;28;2;2023;08:55;1;11;11069;2;1;1;7;Rond-point Charlemagne;43,19711;2,35768
202300034363;13;4;2023;09:45;1;974;97414;1;1;1;6;RN5;-21,284601;55,423544
202300034364;27;2;2023;13:34;1;10;10081;2;1;1;6;JEAN MOULIN (RUE);48,30585;4,02901
202300034365;25;6;2023;10:45;1;57;57584;1;2;1;3;RD34;49,097869;7,273529
202300034366;17;5;2023;16:45;1;49;49007;2;1;1;3;CHATENAY AVENUE VICTOR;47,48258;-0,52144
202300034367;25;6;2023;14:00;1;73;73311;2;1;1;7;D207 - 577 Route des jeannins;45,464243;6,168898
202300034368;27;2;2023;08:26;1;10;10060;1;1;1;3;N/A;48,25228;4,10947
202300034369;11;4;2023;22:30;3;6;6118;1;1;1;6;310 Route de Draguignan;43,627068;6,820338
202300034370;20;5;2023;23:55;4;45;45147;2;1;1;3;358 Rue du Faubourg Bannier;47,930437;1,895702
202300034371;23;6;2023;19:15;1;26;26088;2;1;1;7;Chemin du Pont des Seigneurs;45,027785;5,08075
202300034372;25;6;2023;11:45;1;26;26309;1;1;1;6;Route de Villard de Lans;45,071384;5,458488
202300034373;1;3;2023;17:30;1;75;75113;2;1;1;3;PORTE D IVRY;48,820273;2,37556
202300034374;12;4;2023;17:00;1;56;56067;1;1;1;7;rue charles le quintrec;47,730913;-2,833437
202300034375;19;5;2023;19:15;1;42;42186;2;1;1;2;Rue César Bertholon;45,52321;4,6099
202300034376;21;6;2023;07:22;2;26;26064;2;1;1;7;Avenue Marcel Courthial;44,905014;5,020918
202300034377;1;3;2023;16:00;1;75;75118;2;2;1;3;AVENUE DE LA PORTE DE MONTMARTRE;48,899154;2,33624
202300034378;20;5;2023;20:20;1;37;37261;2;1;8;6;CHEVALLIER (RUE AUGUSTE);47,37494;0,67895
202300034379;25;6;2023;12:10;1;69;69196;1;4;1;1;Route de Chénelette;46,15059421;4,509051
202300034380;20;5;2023;14:55;1;37;37122;1;1;1;6;RD 37;47,36654184;0,65321642
202300034381;1;3;2023;19:01;5;75;75116;2;1;1;3;AVENUE DE VERSAILLES;48,846706;2,27303
202300034382;12;4;2023;15:25;1;33;33507;1;2;1;3;RD12 lieu dit broustey;44,393818;-0,196788
202300034383;19;5;2023;18:00;1;37;37261;2;1;1;6;REMPART (RUE DU);47,39034;0,69452
202300034384;2;4;2023;02:00;3;33;33232;1;1;1;6;RD10E15 lieu dit queyran;44,260107;-0,100626
202300034385;24;6;2023;23:30;3;33;33018;1;1;1;6;D10;45,01242;-0,356112
202300034386;1;3;2023;01:00;5;75;75116;2;2;1;3;AVENUE GEORGES LAFONT;48,836517;2,255977
202300034387;20;5;2023;05:20;5;36;36063;2;1;1;7;Rue du 19 Mars 1962;46,82635082;1,70767128
202300034388;23;6;2023;15:00;1;33;33433;1;1;1;3;D242;44,919691;-0,441714
202300034389;13;4;2023;08:45;1;63;63009;1;1;1;6;D125;45,41481;3,136683
202300034390;19;5;2023;11:40;1;35;35238;2;2;1;2;CLEMENCEAU (BD GEORGES);48,09375562;-1,67465597
202300034391;16;5;2023;03:30;3;34;34108;1;1;6;6;Avenue des Etangs;43,44821;3,79702
202300034392;28;2;2023;08:50;1;75;75116;2;7;1;4;ALLEE DE LA REINE MARGUERITE;48,850193;2,241918
202300034393;24;6;2023;17:15;1;22;22364;1;2;7;3;Intersection chemin communal 1 et RD 793 TRELIVAN;48,430085;-2,102484
202300034394;12;4;2023;19:00;2;63;63154;1;2;1;3;D997 / D81;45,748031;3,323922
202300034395;1;3;2023;08:50;1;75;75115;2;2;1;6;RUE AUGUSTE CHABRIERES;48,835125;2,289045
202300034396;25;6;2023;16:15;1;27;27213;2;9;1;7;Rue du West (Tourny);49,184842;1,538402
202300034397;24;6;2023;15:42;1;60;60581;1;1;1;7;Rue de Catillon;49,5082299;2,41727249
202300034398;1;3;2023;20:20;5;75;75113;2;2;1;6;RUE CHARLES MOUREU;48,826635;2,363609
202300034399;19;5;2023;19:00;1;34;34172;2;2;3;1;18 Boulevard Pedro de Luna;43,595822;3,868306
202300034400;12;4;2023;14:00;1;22;22258;2;3;6;3;Rue de La Corderie;48,424845;-2,660609
202300034401;1;3;2023;16:55;1;75;75108;2;1;1;2;COURS LA REINE;48,86507;2,316626
202300034402;12;4;2023;20:20;2;22;22046;1;1;2;7;LE GUÉ NORME (ST GOUENO);48,2686607;-2,55649441
202300034403;1;3;2023;13:10;1;93;93073;2;2;1;3;Route des Petits Ponts / Avenue Henri Barbusse;48,965477;2,569238
202300034404;10;6;2023;11:30;1;13;13215;1;1;1;5;A7-Sens Marseille vers Lyon;43,37946;5,35663
202300034405;29;3;2023;14:38;1;29;29023;2;1;1;6;Rue André Colin;48,659349;-3,921459
202300034406;1;3;2023;14:00;1;93;93007;2;9;1;6;Rue Juste Heras;48,951681;2,444334
202300034407;1;3;2023;14:45;1;93;93066;2;3;1;2;Avenue Paul Vaillant-couturier / Av I et Frederic Joliot Curie;48,93317591;2,36668535
202300034408;23;6;2023;10:00;1;13;13215;2;1;1;4;A55-Sens Marseille vers Martigues;43,338516;5,349054
202300034409;13;4;2023;14:35;1;54;54146;1;1;1;2;D674;48,58800587;5,8896482
202300034410;23;6;2023;06:45;1;13;13212;1;1;1;2;A507 sens Aubagne- Marseille;43,302976;5,425185
202300034411;28;2;2023;23:40;5;93;93055;2;3;1;3;Avenue du Général Leclerc / Chemin de la Noue;48,9014409;2,41295159
202300034412;1;3;2023;13:30;1;93;93051;2;1;1;3;Boulevard du Ru de Nesles;48,83546;2,58287
202300034413;23;6;2023;07:15;1;83;83137;1;1;1;2;A50;43,12064;5,95065
202300034414;1;3;2023;18:30;5;93;93005;2;3;1;3;Rue Jean Charcot / Avenue de l'Aulnaysienne;48,935331;2,493141
202300034415;19;6;2023;20:50;2;42;42044;1;1;1;2;N88;45,38959;4,31171
202300034416;1;3;2023;14:55;1;93;93001;2;9;1;3;Rue André Karman;48,90707685;2,38451734
202300034417;24;6;2023;21:25;1;33;33550;1;1;1;6;ROCADE A 630;44,78334;-0,58777
202300034418;24;6;2023;22:07;2;91;91659;1;1;1;6;AUTOROUTE A6;48,58613;2,4519
202300034419;1;3;2023;08:54;1;92;92020;2;2;1;3;LIBERTE BOULEVARD DE LA N° IMPAIRS;48,80251;2,29133
202300034420;23;6;2023;21:50;2;91;91689;1;1;1;2;AUTOROUTE A6B;48,74223;2,32217
202300034421;1;3;2023;18:45;2;22;22206;2;3;1;3;Rue de Mississipi;48,5416;-2,975889
202300034422;23;6;2023;19:05;1;78;78418;1;1;1;7;A14;48,915771;2,13184
202300034423;23;2;2023;15:00;1;51;51085;1;1;1;7;D42;48,972992;3,650529
202300034424;23;6;2023;15:05;1;78;78455;1;1;1;4;A13;48,85954;2,04954
202300034425;12;2;2023;05:30;5;54;54138;2;1;8;6;29 Rue de Lorraine;49,527409;5,728669
202300034426;23;6;2023;20:30;1;95;95218;1;1;1;3;A15;49,03547536;2,09719777