Num_Acc;jour;mois;an;hrmn;lum;dep;com;agg;int;atm;col;adr;lat;long
202300034427;1;3;2023;19:55;3;58;58102;1;1;1;6;CD 33;47,372511;3,073356
202300034428;23;6;2023;09:55;1;93;93066;1;1;1;3;AUTOROUTE A1;48,90986637;2,35795605
202300034429;1;3;2023;10:30;1;56;56020;1;1;1;6;Tircolet;47,774925;-2,446169
202300034430;24;6;2023;05:30;1;95;95241;1;1;1;2;N104;49,04645;2,43915
202300034431;2;3;2023;07:00;2;24;24550;1;1;1;7;A89 - PK 148.300 - Sens Brive - Périgueux;45,158347;1,061312
202300034432;23;6;2023;13:20;1;95;95641;1;1;1;7;A1;49,07500284;2,55208716
202300034433;2;3;2023;14:50;1;71;71013;1;1;1;7;D29;46,901991;5,281978
202300034434;23;6;2023;18:00;1;77;77055;1;1;1;2;A104.INT;48,902549;2,648334
202300034435;1;3;2023;09:15;1;49;49369;2;1;1;6;2 Rue du Centre;47,3872;0,079774
202300034436;23;6;2023;09:05;1;77;77384;1;1;1;2;A5b;48,597727;2,634812
202300034437;1;3;2023;19:45;5;41;41151;2;3;1;3;Rue Alfred Blanchandin;47,341069;1,177812
202300034438;23;6;2023;05:10;2;77;77237;1;1;1;2;A4;48,830943;2,760928
202300034439;1;3;2023;19:28;3;44;44056;2;1;1;2;13 la guerinais;47,417598;-1,776826
202300034440;1;3;2023;12:35;1;29;29150;1;1;1;6;Route de Brigneau;47,803049;-3,651066
202300034441;23;6;2023;18:05;1;54;54395;2;7;1;6;Place Paul Painlevé;48,68239;6,16557
202300034442;18;6;2023;19:35;1;87;87085;2;1;1;6;CARMES (PLACE DES);45,8299;1,24991
202300034443;24;2;2023;12:35;1;31;31341;1;1;7;5;1543 Route de Toulouse;43,734011;1,317514
202300034444;23;6;2023;07:44;1;988;98818;2;1;1;6;A hauteur du N°131 RUE AUGUSTE BENEBIG;-22,26822;166,45567
202300034445;1;3;2023;11:45;1;58;58095;2;1;1;3;Avenue du 14 Juillet;46,835125;3,466675
202300034446;1;3;2023;16:50;1;14;14550;1;1;1;7;D85;49,1863272;0,02973016
202300034447;23;6;2023;14:10;1;974;97411;1;1;2;7;MONTAGNE (ROUTE DE LA);-20,88761;55,4404
202300034448;19;1;2023;14:45;1;83;83010;1;1;1;7;Piste J21- SAINT LAURENT;43,736662;6,560576
202300034449;23;6;2023;10:35;1;974;97411;2;2;1;6;MAC AULIFFE (RUE VICTOR);-20,87754;55,45228
202300034450;1;3;2023;17:35;1;60;60264;1;1;1;7;D93;49,3764774;2,07963414
202300034451;22;6;2023;19:00;5;974;97411;2;1;1;3;RIVIERE DES PLUIES (ROUTE DE LA);-20,90145;55,50177
202300034452;27;2;2023;08:15;2;64;64452;1;1;4;1;9 Route de Ger;43,311705;-0,057866
202300034453;1;3;2023;18:00;1;36;36130;1;1;1;1;;46,58138561;2,05601902
202300034454;22;6;2023;07:15;1;974;97411;1;3;1;1;SAINT-FRANCOIS (BOULEVARD DE);-20,89882;55,46078
202300034455;6;9;2023;09:45;1;75;75109;2;3;1;6;RUE DES MARTYRS;48,877298;2,339391
202300034456;23;6;2023;16:10;1;973;97302;2;3;1;3;MADELEINE (ROUTE DE LA);4,93025973;-52,32601941
202300034457;6;9;2023;08:05;1;75;75108;2;7;1;3;PLACE DE L ALMA;48,86472653;2,30135679
202300034458;23;6;2023;20:20;1;38;38053;2;4;1;6;SAINT JEAN (ROUTE DE);45,58008;5,27429
202300034459;5;9;2023;14:30;1;75;75104;2;3;1;4;QUAI DE L HOTEL DE VILLE;48,854378;2,354947
202300034460;23;6;2023;23:10;5;69;69382;2;2;1;3;Quai des Célestins;45,75949;4,82968
202300034461;6;9;2023;19:04;1;94;94044;2;6;7;3;Avenue du Président Wilson;48,75140662;2,49025512
202300034462;23;6;2023;19:07;1;2B;2B033;2;9;1;-1;ROUTE ROYALE;42,67735;9,43401
202300034463;5;9;2023;14:50;1;94;94058;2;1;1;6;Avenue du Général de Gaulle;48,84182757;2,50530674
202300034464;24;6;2023;00:25;5;2A;2A004;2;1;1;6;EUGENIE IMPERATRICE RCE AV IMPE EUGENIE;41,9167;8,73748
202300034465;13;12;2023;21:10;5;62;62160;2;6;2;3;D940;50,71435951;1,6070559
202300034466;6;9;2023;19:20;1;94;94003;2;1;1;2;Avenue Paul Vaillant-couturier;48,80300124;2,33812465
202300034467;6;9;2023;10:50;1;94;94003;2;1;1;6;Rue Emile Raspail;48,8015327;2,33169539
202300034468;13;12;2023;11:30;1;59;59599;2;2;2;3;GAND (RUE DE);50,73808372;3,16229919
202300034469;13;12;2023;15:00;1;59;59299;1;9;3;6;EUROPE (AVENUE DE L');50,66083;3,17888
202300034470;6;9;2023;18:40;1;94;94038;2;6;1;6;Rue Gabriel Péri;48,78600648;2,34208567
202300034471;17;6;2023;14:05;1;91;91552;2;1;1;1;RUE DE CHANTELOUP;48,5971;2,2477
202300034472;6;9;2023;16:25;1;94;94017;2;6;1;3;Avenue Maurice Thorez;48,81167;2,53662
202300034473;13;12;2023;11:30;1;59;59350;2;4;3;1;SOLFERINO RUE N°2 - 108;50,63488;3,04755
202300034474;17;6;2023;02:24;3;87;87085;1;1;1;2;AUTOROUTE A20;45,860797;1,286432
202300034475;6;9;2023;15:10;1;94;94056;2;1;1;6;Route de Brie Comte Robert;48,69746405;2,55180967
202300034476;13;12;2023;09:45;1;54;54528;2;3;1;6;Rue de la Liberté;48,687154;5,898764
202300034477;22;6;2023;01:15;3;87;87085;1;1;2;2;AUTOROUTE A20;45,8304;1,28214
202300034478;13;12;2023;08:15;2;53;53130;2;1;8;6;INDUSTRIE ( BOULEVARD DE L' );48,071098;-0,750773
202300034479;6;9;2023;08:45;1;94;94075;2;1;1;3;Route de la Grange;48,73289;2,51379
202300034480;16;6;2023;16:42;1;87;87075;2;1;1;6;ARAGON (AVENUE LOUIS);45,80995;1,21998
202300034481;13;12;2023;16:40;5;51;51454;2;1;2;6;PINGAT (RUE ANDRE);49,25897;4,02193
202300034482;16;6;2023;16:29;1;87;87085;1;1;1;3;RN520;45,872715;1,1633794
202300034483;6;9;2023;17:20;1;93;93059;2;1;1;3;Boulevard Jean Mermoz;48,97111;2,36623
202300034484;11;12;2023;18:45;5;49;49099;2;1;1;6;GIRARDIERE (RUE DE LA);47,04165;-0,90251
202300034485;23;6;2023;20:25;1;83;83137;2;6;1;3;FORGENTIER (CHEMIN DE);43,1322;5,9042
202300034486;7;12;2023;17:25;2;49;49099;2;6;2;6;BOIS LAVAU (BOULEVARD DES);47,07266;-0,89885
202300034487;6;9;2023;18:01;1;93;93066;2;1;1;2;Avenue du Colonel Fabien;48,94532005;2,3515474
202300034488;23;6;2023;16:00;1;78;78650;2;9;1;6;CARNOT (BOULEVARD);48,893675;2,136555
202300034489;4;9;2023;09:10;1;93;93066;2;1;1;6;Avenue du Président Wilson;48,911113;2,357767
202300034490;13;12;2023;10:40;1;47;47201;1;1;2;6;VERDUN;44,19019;0,60519
202300034491;22;6;2023;15:45;1;78;78238;2;6;1;6;CD 14;48,96486;1,86641
202300034492;6;9;2023;15:00;1;93;93064;2;1;1;6;Rue de Verdun;48,87690521;2,4797853
202300034493;13;12;2023;08:10;2;44;44109;2;4;1;6;31 Rue Louis Guiotton;47,24343;-1,52329
202300034494;23;6;2023;22:55;3;76;76005;1;1;1;5;Route de Paris;49,40565;1,12183
202300034495;6;9;2023;18:40;1;93;93014;2;3;1;3;Allée Maurice Audin / Allée Victor Hugo;48,90857963;2,54509131
202300034496;9;12;2023;05:40;5;42;42218;2;1;2;6;Avenue de Rochetaillée;45,41519;4,40162
202300034497;23;6;2023;11:45;1;76;76540;2;1;1;6;Rue Jeanne d'Arc;49,44645;1,09318
202300034498;11;11;2023;16:50;1;42;42218;2;2;1;3;Rue des Aciéries;45,45899;4,39562
202300034499;5;9;2023;17:30;1;93;93010;2;1;1;2;Avenue Galliéni;48,90697;2,48706
202300034500;21;6;2023;21:15;1;76;76351;2;2;1;3;FRANCOIS 1ER (BD);49,490627;0,100218
202300034501;22;6;2023;05:40;2;76;76351;2;1;1;7;GABRIEL PERI;49,49373;0,11837
202300034502;13;12;2023;12:00;1;37;37122;2;1;1;2;RD 37;47,34858368;0,64606905
202300034503;23;6;2023;08:30;1;74;74118;2;1;1;3;LIBERATION (ROUTE DE LA);46,17887;6,23333
202300034504;6;9;2023;06:25;5;92;92073;1;1;1;4;BLUM (QUAI LEON);48,86529544;2,22696796
202300034505;13;12;2023;08:10;1;37;37261;2;1;1;4;POMPIDOU (AVENUE GEORGES);47,3837;0,71097
202300034506;23;6;2023;21:10;1;72;72181;2;1;1;6;FOUCAUDIERE (RUE);47,97503;0,19364
202300034507;22;6;2023;07:27;1;72;72181;1;1;3;6;LIBERTE (AV DE LA);47,96;0,212
202300034508;13;12;2023;07:35;2;35;35238;2;4;8;6;LORIENT (DE);48,10791;-1,7028
202300034509;6;9;2023;08:55;1;92;92051;2;1;1;5;GENERAL LECLERC (BOULEVARD DU, N° 1 A 27;48,89003;2,26034
202300034510;23;6;2023;15:55;1;71;71059;1;1;1;6;FAUCHES A MONTAUBRY (CHEMIN RURAL DES);46,77433479;4,50877793
202300034511;3;9;2023;19:40;1;92;92050;2;1;1;3;CLEMENCEAU GEORGES AVENUE N° PAIR;48,88595;2,2157
202300034512;13;12;2023;07:15;3;34;34172;1;6;1;2;AURIOL (AVENUE VINCENT);43,64502;3,85216
202300034513;23;6;2023;16:35;1;69;69256;2;2;1;3;Rue Cuzin;45,77554;4,91743
202300034514;5;9;2023;16:15;1;92;92035;2;8;1;1;National ( boulevard );48,90567028;2,23901464
202300034515;13;12;2023;19:00;3;33;33529;2;1;3;2;RD 1250 (BONNEVAL -LA HUME) - STADE;44,61325167;-1,15080178
202300034516;23;6;2023;08:00;1;69;69275;2;1;1;3;Avenue Franklin Roosevelt;45,75874677;4,93642881
202300034517;6;9;2023;09:30;1;92;92019;2;9;1;3;DIVISION LECLERC (AVENUE DE LA);48,76902959;2,25045741
202300034518;13;12;2023;16:15;1;28;28134;1;1;2;4;RN 12 (ARCHE DU GAZON);48,74246971;1,33179188
202300034519;6;9;2023;13:22;1;92;92012;2;1;1;7;NATIONALE (RUE) 39/FIN - 32/FIN;48,82924;2,24018
202300034520;12;12;2023;20:20;5;19;19031;2;3;2;6;FREYSSINET (RUE EUGENE);45,15479;1,48075
202300034521;23;6;2023;17:15;1;69;69259;2;1;1;2;Boulevard de Jodino;45,69124;4,8826
202300034522;5;9;2023;20:40;1;92;92004;2;1;1;3;DOCTEUR DERVAUX  ( QUAI DU );48,9111;2,29863
202300034523;13;12;2023;14:40;1;13;13208;2;1;1;1;PRADO (AVENUE DU);43,272883;5,391191
202300034524;6;9;2023;18:40;1;54;54563;1;9;1;3;D904;48,483504;6,093678
202300034525;13;12;2023;12:05;1;13;13001;2;1;1;1;GAMBETTA (COURS);43,51892;5,46254
202300034526;4;9;2023;07:40;2;51;51352;1;1;1;3;D16 - Sens REIMS LA BRULEE/MAROLLES;48,722651;4,631639
202300034527;30;11;2023;13:35;1;11;11262;2;2;1;6;N/A;43,1872;2,98312
202300034528;7;9;2023;15:25;1;1;1092;1;3;7;3;D904;45,963982;5,258256
202300034529;12;12;2023;09:45;1;10;10333;2;9;2;7;ECHENILLY (CD);48,27946;4,04215
202300034530;6;9;2023;11:45;1;973;97353;2;1;1;3;Route Abdalah;3,644486;-54,03523
202300034531;13;12;2023;14:00;1;9;9130;1;1;2;7;LAFAGETTE (AVENUE);42,93621499;1,5866299
202300034532;7;9;2023;11:10;1;5;5161;1;1;1;1;Route du Granon;44,96144368;6,58739483
202300034533;13;12;2023;08:25;1;6;6029;2;3;1;3;CAVELL (RUE  EDITH);43,55427;7,01648
202300034534;6;9;2023;16:22;1;974;97401;2;3;1;3;48 Avenue du Général de Gaulle;-21,240862;55,333012
202300034535;13;12;2023;07:25;5;75;75119;2;1;1;5;PORTE D AUBERVILLIERS;48,900495;2,373846
202300034536;7;9;2023;09:20;1;62;62038;2;1;7;6;Rue Montluc;50,855;1,977035
202300034537;12;12;2023;19:00;5;75;75112;2;3;1;6;AVENUE DE NOGENT;48,8444664;2,44019866
202300034538;7;9;2023;10:50;1;54;54236;1;1;1;1;D170;49,424025;5,535579
202300034539;12;12;2023;14:00;1;75;75118;2;1;2;2;BOULEVARD PERIPHERIQUE EXTERIEUR NORD  ;48,90086;2,36433
202300034540;6;9;2023;16:56;1;76;76648;1;1;1;2;Autroute A28 - PK 074.700;49,64968;1,266362
202300034541;12;12;2023;08:30;1;75;75113;2;1;8;3;RUE BRUNESEAU;48,824299;2,384666
202300034542;13;12;2023;12:25;1;75;75120;2;1;1;6;RUE DES PYRENEES;48,8533;2,405917
202300034543;6;9;2023;21:00;3;14;14760;1;1;1;2;A84;49,095536;-0,621457
202300034544;13;12;2023;18:45;1;75;75119;2;3;1;6;RUE DE MEAUX;48,878976;2,371287
202300034545;7;9;2023;06:20;3;62;62289;1;1;5;6;D138;50,44641539;1,78342053
202300034546;13;12;2023;14:30;1;75;75118;2;2;8;3;RUE HERMEL;48,894839;2,346342
202300034547;13;12;2023;12:35;1;75;75118;2;5;8;3;BOULEVARD BARBES;48,887308;2,349563
202300034548;7;9;2023;13:58;1;2B;2B250;1;1;1;6;pozzo rosso;42,515654;9,422557
202300034549;13;12;2023;11:05;1;75;75117;2;3;1;6;RUE BAYEN;48,880709;2,293457
202300034550;6;9;2023;20:14;2;32;32194;1;1;1;1;d15;43,949188;0,299785
202300034551;13;12;2023;09:40;1;75;75117;2;1;1;2;BOULEVARD PERIPHERIQUE INTERIEUR OUEST;48,890115;2,29852
202300034552;5;9;2023;22:45;5;71;71014;2;2;1;1;Rue du Docteur Renaud;46,950519;4,294899
202300034553;12;12;2023;16:45;5;75;75114;2;2;2;3;BOULEVARD ROMAIN ROLLAND;48,819735;2,325727
202300034554;7;9;2023;17:55;1;71;71146;1;1;1;1;Route de Cluny;46,454653;4,695561
202300034555;13;12;2023;19:40;5;75;75111;2;2;2;1;RUE DE CHARONNE;48,855752;2,391328
202300034556;3;9;2023;17:15;1;63;63236;1;1;1;5;D36 PK 56+100;45,572551;2,822735
202300034557;13;12;2023;13:40;1;75;75111;2;1;2;6;RUE DE LA ROQUETTE;48,8549;2,37302
202300034558;7;9;2023;15:30;1;63;63297;1;1;1;3;Rd212;45,75462538;3,36773295
202300034559;13;12;2023;10:35;1;75;75111;2;2;1;3;RUE MORAND;48,8658833;2,376304
202300034560;7;9;2023;16:20;1;55;55568;1;1;1;3;D997;48,711849;5,061663
202300034561;13;12;2023;00:00;5;75;75107;2;9;1;7;RUE FABERT;48,858399;2,311167
202300034562;13;12;2023;07:20;5;94;94074;2;1;2;6;Avenue Henri Barbusse;48,76556031;2,44151283
202300034563;6;9;2023;15:45;1;12;12088;1;1;1;1;RD 15 - PK 53+650;44,659694;2,946911
202300034564;12;12;2023;14:05;1;94;94042;2;2;3;6;Avenue du Général Galliéni;48,82006064;2,47950053
202300034565;6;9;2023;05:30;3;68;68096;1;6;1;7;D419;47,609751;7,353716
202300034566;13;12;2023;09:45;1;94;94043;2;6;2;3;Avenue de Fontainebleau;48,80977;2,36227
202300034567;7;9;2023;08:20;2;35;35188;2;6;1;3;Boulevard Robert Surcouf;48,133971;-1,946667
202300034568;7;9;2023;02:00;3;3;3107;1;1;1;7;D998;46,115126;3,113669
202300034569;12;12;2023;18:38;5;94;94074;2;3;1;2;Rue Lucien Sampaix;48,74232231;2,47500622
202300034570;12;12;2023;08:00;1;94;94016;2;1;1;6;Avenue de la Division Leclerc;48,78762199;2,33013394
202300034571;7;9;2023;11:54;1;15;15083;1;1;1;1;Chemin de Montcamp;44,981788;2,429271
202300034572;2;9;2023;15:00;1;1;1272;1;1;1;6;3373 route des gouttes;46,138274;5,036244
202300034573;13;12;2023;10:14;1;94;94077;2;2;1;3;Avenue Pasteur;48,7374;2,4192
202300034574;6;9;2023;19:15;1;70;70282;2;4;7;1;Chemin de Bellevue;47,400047;5,810831
202300034575;11;12;2023;09:15;1;93;93070;2;5;1;6;Avenue du Capitaine Glarner / Rue Emile Zola;48,904492;2,32868
202300034576;6;9;2023;14:15;1;70;70441;1;4;1;7;Départementale 192;47,47465;5,979459
202300034577;21;10;2023;19:30;5;92;92078;2;9;2;3;ASNIERES (QUAI);48,9329346;2,33572823
202300034578;7;9;2023;12:30;1;66;66001;1;1;1;6;N/A;42,46359179;2,89738655
202300034579;13;12;2023;19:15;5;92;92012;2;9;1;3;GENERAL LECLERC (AVENUE DU) 35/FIN - 60/;48,83192929;2,2381901
202300034580;7;9;2023;11:45;1;14;14735;1;3;7;1;D40;49,03400528;-0,06512133
202300034581;7;9;2023;15:40;1;14;14367;1;1;7;3;2 Route d’Isigny;49,259865;-1,054151
202300034582;13;12;2023;10:20;1;92;92009;2;1;1;3;AGENT SARRE ( RUE DE L' );48,92652976;2,2724703
202300034583;7;9;2023;04:00;3;18;18001;1;1;1;7;N/A;47,283931;2,47025
202300034584;13;12;2023;18:50;5;92;92002;2;1;2;6;ADOLPHE PAJEAUD (RUE);48,74077166;2,28162825
202300034585;7;9;2023;07:30;1;24;24520;2;3;1;3;Rue de la Trappe;44,884012;1,219662
202300034586;13;12;2023;23:30;3;33;33138;1;1;2;6;les Grands Rois;45,0283659;-0,06288707
202300034587;7;9;2023;09:50;1;48;48061;1;1;1;7;route nationale 106;44,338583;3,586339
202300034588;5;9;2023;15:45;1;973;97307;1;1;1;3;RN1 PK13;4,901637;-52,363517
202300034589;14;12;2023;12:00;1;972;97229;2;4;1;1;Route de la Démarche;14,630596;-61,113454
202300034590;7;9;2023;10:25;1;1;1063;1;1;1;6;A 404 005+400 direction ST MARTIN DU FRENE;46,17492;5,560101
202300034591;6;9;2023;19:25;1;72;72241;1;1;1;7;Autoroute A11, PK 155+000;48,062135;0,393105
202300034592;14;12;2023;07:10;3;63;63240;1;1;1;2;D2009;46,04309972;3,21004894
202300034593;6;9;2023;02:15;3;21;21295;1;1;1;6;autoroute A31 PK 025+500 sens Beaune-Dijon;47,219342;5,005581
202300034594;12;12;2023;06:45;1;974;97414;2;1;1;3;Avenue du Rond Point du Gol;-21,284256;55,395105
202300034595;13;12;2023;23:30;3;59;59653;1;1;2;1;N41;50,59390819;2,93170688
202300034596;6;9;2023;21:44;3;28;28392;1;1;1;4;autoroute A10 point kilométrique 063+140 direction PARIS (75);48,220109;1,846942
202300034597;6;9;2023;11:13;1;28;28121;1;1;1;3;autoroute A10 point kilométrique 073+109 diection PARIS (75);48,128903;1,853023
202300034598;13;12;2023;12:00;1;56;56231;1;1;8;6;N/A;47,679196;-2,653587
202300034599;6;9;2023;09:50;1;987;98753;1;1;3;6;route traversière Pk 3 sens Mataura / Mahu;-23,372504;-149,461586
202300034600;3;9;2023;20:30;3;986;98613;2;1;1;6;RT1 ;-13,241909;-176,18062
202300034601;31;8;2023;16:30;1;986;98613;1;9;8;6;Utufua ;-13,3401;-176,195812
202300034602;13;12;2023;18:15;3;67;67508;1;1;8;7;D919;48,989669;7,141773
202300034603;6;9;2023;07:48;1;77;77455;1;1;7;2;D619;48,634199;2,726251
202300034604;7;9;2023;18:45;1;95;95059;1;1;1;7;D22E;49,18549;2,064872
202300034605;14;12;2023;09:20;1;76;76547;1;1;1;6;D928;49,56018227;1,26216459
202300034606;7;9;2023;04:10;3;91;91600;1;1;1;6;N6;48,676322;2,49864
202300034607;13;12;2023;19:50;5;2B;2B096;2;1;1;6;Avenue Jean Nicoli;42,307209;9,151123
202300034608;5;9;2023;17:20;1;78;78310;2;1;7;3;677 Rue des Clos de l'Ecu;48,789542;1,608558
202300034609;6;9;2023;15:30;1;2B;2B190;1;1;1;7;RD 863;42,527761;9,023595
202300034610;14;12;2023;12:25;1;80;80330;1;1;1;1;D53;49,967971;1,791988
202300034611;7;9;2023;12:10;1;2A;2A041;2;1;1;2;D58;41,390204;9,187639
202300034612;6;9;2023;16:35;1;34;34052;1;1;1;6;route departementale 11;43,324569;3,057504
202300034613;7;9;2023;08:15;1;83;83115;2;9;1;6;18 Avenue du 8 Mai 1945;43,311892;6,632636
202300034614;13;12;2023;11:15;1;61;61230;2;1;2;6;RD918;48,530808;0,752804
202300034615;7;9;2023;19:00;1;6;6078;1;1;1;5;D6202;43,915236;7,173981
202300034616;7;9;2023;09:00;2;13;13081;2;1;7;6;Bd du Vallat de la Chapelle;43,486136;5,230686
202300034617;13;12;2023;15:02;1;46;46240;1;8;1;3;D840 PK 61;44,841185;1,653689
202300034618;14;12;2023;07:15;5;29;29061;2;1;2;3;10bis boulevard Gabriel Lippmann;48,428108;-4,454419
202300034619;6;9;2023;23:00;3;57;57254;1;1;1;1;Rue de Novéant;49,044873;6,023898
202300034620;1;12;2023;07:00;3;13;13036;1;3;2;3;Avenue de la Bouvine;43,847813;4,84106
202300034621;6;9;2023;13:38;1;63;63150;1;3;1;3;D455;45,90138517;3,07332337
202300034622;13;12;2023;18:40;5;2;2608;2;1;2;6;les épinettes;49,83827;4,062259
202300034623;7;9;2023;08:45;1;42;42204;2;1;1;3;Boulevard du Haut Forez;45,424099;4,063262
202300034624;5;9;2023;09:30;1;38;38158;2;1;1;1;5 Avenue Raymond Chanas;45,156119;5,739102
202300034625;13;12;2023;17:30;3;1;1056;1;1;2;1;D12;46,045569;5,465478
202300034626;6;9;2023;14:45;1;17;17283;2;1;1;6;Rue Adolphe Thiers;45,579222;-0,544505
202300034627;1;9;2023;18:30;1;33;33080;1;1;1;6;3700 Avenue de Toulouse;44,729975;-0,531413
202300034628;29;8;2023;12:19;1;33;33422;1;1;1;1;D213;44,81787318;-0,853149
202300034629;9;12;2023;22:30;3;1;1283;1;1;3;2;D106A;46,287659;5,651361
202300034630;7;9;2023;08:30;1;50;50492;1;1;7;6;Intersection D11 D213;49,095449;-0,900171
202300034631;14;12;2023;17:30;3;50;50074;1;1;2;6;le vieux bourg;48,716956;-1,171522
202300034632;5;9;2023;17:56;1;22;22223;1;1;1;5;L'Isle;48,592402;-3,176154
202300034633;7;9;2023;08:35;1;22;22136;2;1;1;2;Boulevard de Penthievre;48,187978;-2,756254
202300034634;6;9;2023;17:20;1;59;59249;1;1;1;6;D83;50,020997;4,078631
202300034635;14;12;2023;10:30;1;45;45167;1;2;1;3;D3 PR 3 + 425;47,862238;1,699798
202300034636;14;12;2023;09:30;1;7;7317;1;1;2;6;Route de Sarras;45,215664;4,791155
202300034637;29;6;2023;13:50;1;13;13212;1;1;1;3;A507 sens Aubagne- Marseille;43,303398;5,425341
202300034638;6;9;2023;07:10;1;83;83137;1;1;1;3;A57;43,1317;5,9806
202300034639;14;12;2023;12:55;1;7;7238;1;3;1;3;D104a;44,437177;4,19512
202300034640;5;9;2023;07:55;1;83;83137;1;1;1;3;A50;43,12679027;5,91170232
202300034641;5;9;2023;08:50;1;59;59359;1;1;1;2;AUTOROUTE A16;50,98179;2,22668
202300034642;14;12;2023;07:55;2;85;85234;1;1;1;5;RD753;46,801102;-2,035995
202300034643;29;8;2023;09:15;1;59;59328;1;1;1;2;ROUTE DEPARTEMENTALE 652;50,65927;3,0189
202300034644;12;12;2023;17:40;5;27;27102;2;1;2;6;Route de Routot;49,36096;0,781456
202300034645;10;8;2023;11:55;1;59;59202;1;1;1;2;AUTOROUTE A25;50,67778;2,85683
202300034646;6;9;2023;18:35;1;91;91174;1;1;1;3;RN 104;48,61039;2,44499
202300034647;6;9;2023;16:45;1;91;91553;1;1;1;3;RN 104;48,62802;2,48016
202300034648;13;12;2023;22:35;4;987;98729;1;9;3;3;pk 1,200 à Teavaro;-17,577;-150,202
202300034649;6;9;2023;15:50;1;92;92019;1;1;1;2;RN 385 INT;48,7665676;2,24478607
202300034650;5;9;2023;23:40;3;91;91692;1;1;1;7;RN 118;48,68487;2,18938
202300034651;13;12;2023;04:45;5;974;97415;2;6;1;6;N1a;-21,061079;55,22347
202300034652;5;9;2023;08:40;1;92;92047;1;1;1;3;A13;48,83231571;2,15438418
202300034653;11;12;2023;01:20;3;974;97415;1;1;1;1;N1a;-21,022221;55,232252
202300034654;5;9;2023;06:50;2;92;92064;1;1;1;4;A13;48,83736624;2,18864663
202300034655;13;12;2023;03:00;5;973;97308;2;1;1;7;Rue Pierre Céron;3,887893;-51,802707
202300034656;6;9;2023;06:15;2;95;95018;1;1;1;2;A15;48,95759;2,27568
202300034657;13;12;2023;21:24;5;95;95370;2;1;1;3;REPUBLIQUE (BOULEVARD DE LA);49,13934056;1,98479176
202300034658;5;9;2023;08:20;1;93;93005;1;1;1;3;AUTOROUTE A1;48,95707;2,46129
202300034659;5;9;2023;08:05;1;93;93027;1;1;1;3;AUTOROUTE A86;48,92396263;2,38567719
202300034660;14;12;2023;18:17;3;30;30258;1;1;1;1;D6572;43,671224;4,405024
202300034661;4;9;2023;19:50;1;54;54257;2;1;7;2;Route de Fleville;48,65103791;6,20799422
202300034662;8;12;2023;17:39;5;34;34057;2;1;1;1;Avenue Marcel Dassault;43,623747;3,91587
202300034663;9;3;2023;09:15;1;19;19272;2;1;1;2;Dr Valette (Rue);45,25416107;1,75927269
202300034664;18;6;2023;21:10;2;93;93005;2;6;2;2;Boulevard André Citroën;48,9603;2,48815
202300034665;13;12;2023;12:45;1;83;83119;2;1;1;6;avenue général leclerc;43,269472;6,636123
202300034666;10;6;2023;19:55;1;93;93005;2;2;1;5;Rue Jean Charcot / Avenue Gaston Chauvin;48,93319851;2,48961278
202300034667;2;4;2023;16:35;1;32;32285;1;1;3;6;lieu-dit Liebra;43,607556;0,337787
202300034668;14;12;2023;16:00;1;6;6078;1;1;1;3;Malaussène;43,930524;7,110965
202300034669;28;4;2023;15:30;1;32;32258;1;1;1;6;Lieu dit la bourdette;43,746871;0,674146
202300034670;5;9;2023;16:25;1;988;98818;2;3;1;6;RUE PAUL BOUTONNET/RUE BLAISE PASCAL;-22,29652;166,44321
202300034671;14;12;2023;16:30;1;6;6157;1;1;1;1;2289 Route de Saint-Jeannet;43,738941;7,131071
202300034672;5;9;2023;07:10;1;974;97416;2;6;7;1;BASSIN PLAT(CHEMIN);-21,325277;55,48628
202300034673;5;9;2023;20:30;5;973;97302;1;1;1;3;ROUTE NATIONALE 1;4,90482;-52,32341
202300034674;14;12;2023;15:30;1;52;52102;2;1;7;6;220 Rue Pierre Durand;47,89351;5,346608
202300034675;5;9;2023;17:05;1;973;97302;2;2;1;3;DIGUE RONJON;4,93334;-52,3317
202300034676;5;9;2023;22:20;5;69;69383;2;2;1;3;Rue André Philip;45,75279;4,85209
202300034677;24;11;2023;10:50;1;69;69094;2;1;1;6;55 Route de Bordeaux;45,738993;4,688553
202300034678;5;9;2023;18:20;1;69;69383;2;4;1;3;Rue Villeroy;45,75601;4,84654
202300034679;4;9;2023;12:05;1;972;97213;1;1;1;7;ACAJOU PROLONGEE;14,63326;-61,02224
202300034680;5;9;2023;13:40;1;972;97209;1;1;1;7;BALATA (ROUTE DE);14,69478;-61,08851
202300034681;5;9;2023;15:30;1;69;69081;1;1;1;2;Route de Métropole 6                                ;45,78682;4,78554
202300034682;13;12;2023;19:15;5;17;17185;2;9;1;3;Rue Champlain;45,732544;-0,957302
202300034683;4;9;2023;16:35;1;69;69034;2;3;1;6;Rue Jamen Grand;45,79544556;4,84123131
202300034684;14;12;2023;03:20;3;16;16146;1;1;1;6;Rue de la Croix Blanche;45,63095;0,270538
202300034685;6;9;2023;01:20;5;2A;2A004;2;1;1;6;BONAPARTE CHARLES  BD;41,92;8,74
202300034686;14;12;2023;18:07;5;60;60612;2;3;1;3;Avenue du Général de Gaulle;49,208333;2,599361