Num_Acc;jour;mois;an;hrmn;lum;dep;com;agg;int;atm;col;adr;lat;long
202300034687;5;9;2023;08:00;1;95;95280;2;6;1;3;JACQUES ANQUETIL (AVENUE);49,02288;2,45772
202300034688;13;12;2023;08:20;3;60;60360;1;1;2;1;D62;49,333037;2,454586
202300034689;12;12;2023;08:55;1;83;83144;1;1;8;7;A57;43,14176207;6,00499817
202300034690;5;9;2023;19:00;1;91;91377;2;9;1;3;AV SAINT MARC;48,733729;2,285939
202300034691;5;9;2023;08:30;1;91;91161;2;1;1;6;RUE SEVERINE;48,697077;2,306334
202300034692;12;12;2023;19:45;3;54;54265;1;1;2;6;A 33;48,63957058;6,17085438
202300034693;4;9;2023;17:35;1;88;88383;2;1;7;6;RUE GEORGES LANG;48,01312109;6,59442008
202300034694;12;12;2023;13:32;1;33;33063;1;1;2;6;ROCADE A 630;44,88523;-0,56193
202300034695;4;9;2023;12:00;1;85;85194;2;3;1;1;intersection avenue du pas du bois- rue jean de la bruyère;46,49761;-1,74136
202300034696;5;9;2023;20:45;5;77;77409;2;1;1;6;CD 403;48,4023;2,9866
202300034697;5;9;2023;19:10;1;77;77251;2;1;1;6;ALL DU TRAIT D'UNION;48,619494;2,543732
202300034698;13;12;2023;19:05;3;91;91363;1;1;2;2;RN 104;48,64087;2,19967
202300034699;5;9;2023;17:10;1;77;77407;2;3;1;1;GRANDE(RUE );48,52875;2,51684
202300034700;5;9;2023;15:10;1;77;77284;2;1;1;3;JOFFRE (AV.DU ML.);48,96296;2,89774
202300034701;13;12;2023;18:30;3;91;91521;1;1;2;4;AUTOROUTE A6;48,63786;2,39712
202300034702;5;9;2023;09:00;1;77;77199;1;1;1;7;CD 228A;48,93967;2,92382
202300034703;13;12;2023;09:55;1;92;92012;1;1;8;6;A13;48,84862148;2,2283151
202300034704;5;9;2023;11:56;1;77;77438;2;2;1;1;SAINT GERMAIN DES NOYERS  (AVENUE);48,86307;2,67504
202300034705;5;9;2023;15:20;1;77;77186;1;1;1;2;RD607 de Barbizon à pavé du roi;48,3651;2,6916
202300034706;12;12;2023;11:00;1;92;92064;1;1;1;4;A13;48,83953087;2,19743855
202300034707;6;9;2023;02:00;4;76;76540;2;2;1;3;Rue des Augustins;49,43793;1,09779
202300034708;13;12;2023;03:20;3;93;93006;1;1;8;6;AUTOROUTE A3;48,86633;2,42288
202300034709;13;12;2023;18:45;5;77;77258;1;1;2;6;A4.W;48,83120837;2,63960212
202300034710;5;9;2023;08:40;1;76;76728;1;1;1;4;A150;49,47799;1,01662
202300034711;4;9;2023;16:39;1;76;76351;2;3;1;3;PONT VII (ROUTE DU);49,49394;0,18016
202300034712;5;9;2023;12:30;1;74;74012;2;3;1;3;ARVE (QUAI D');46,18531;6,22599
202300034713;31;8;2023;11:40;1;73;73008;2;1;1;6;VICTORIA AVENUE;45,68999873;5,91280991
202300034714;1;9;2023;17:50;1;39;39285;1;1;1;2;N/A;47,165858;5,638036
202300034715;14;10;2023;19:45;3;14;14207;2;1;1;6;16 Route de Caen;49,000422;-0,439877
202300034716;26;8;2023;09:25;1;73;73008;2;6;1;6;Rue Georges 1er;45,68756135;5,91650249
202300034717;4;9;2023;11:00;1;72;72181;2;9;1;3;PREAU (RUE DE);47,988;0,207
202300034718;11;10;2023;07:50;1;84;84007;2;1;1;3;VAN GOGH (rue VINCENT);43,94303;4,84267
202300034719;3;9;2023;18:35;1;67;67447;2;3;1;3;CHATEAU D ANGLETERRE (RUE DU);48,62148925;7,77063847
202300034720;10;10;2023;14:24;1;84;84007;2;1;1;3;SAINT ROCH (Boulevard);43,94237;4,80749
202300034721;4;9;2023;11:38;1;66;66136;2;1;1;6;N/A;42,68398;2,8853
202300034722;3;9;2023;13:10;1;66;66136;2;1;1;2;N/A;42,69737;2,904
202300034723;8;10;2023;02:52;5;84;84007;2;2;1;2;PIERRE SEMARD (avenue);43,93399;4,83201
202300034724;2;9;2023;18:22;1;66;66136;2;6;1;3;N/A;42,68104;2,89397
202300034725;5;9;2023;20:25;1;64;64249;2;1;1;3;GETARIA(AVENUE);43,42496;-1,60424
202300034726;5;9;2023;16:40;1;64;64122;1;2;1;3;GABRIELLE DORZIAT (ALLEE);43,4594;-1,56702
202300034727;5;9;2023;10:20;1;64;64125;2;3;1;3;BIARRITZ (AVENUE DE);43,45415;-1,57363
202300034728;5;9;2023;10:10;1;64;64102;2;1;1;2;MAI 1945 (AVENUE DU 8);43,47416;-1,48537
202300034729;4;9;2023;15:20;1;64;64024;2;6;1;2;BAHINOS (ROND POINT DE);43,49397;-1,51829
202300034730;10;10;2023;08:40;1;71;71153;2;2;7;3;MARS 1962  (RUE DU 19);46,808798;4,434659
202300034731;5;9;2023;15:46;1;63;63113;2;1;1;6;BLATIN (RUE);45,77704068;3,08122516
202300034732;11;10;2023;10:40;1;41;41018;1;1;1;6;CURIE (RUE PIERRE ET MARIE);47,59519;1,31794
202300034733;4;9;2023;16:35;1;62;62033;2;1;1;2;D917;50,46051937;2,89213228
202300034734;4;9;2023;15:05;1;62;62498;2;2;1;6;Rue du Lyonnais;50,44192674;2,79521817
202300034735;5;9;2023;15:30;1;62;62041;2;9;1;3;Route de Bapaume;50,2764;2,7826
202300034736;10;10;2023;17:10;1;35;35051;2;6;1;3;MOTTES (RUE DES GRANDES);48,12478551;-1,61260039
202300034737;5;9;2023;12:36;1;60;60057;2;9;1;4;Avenue Marcel Dassault;49,44516;2,0935
202300034738;11;10;2023;09:15;1;25;25462;2;3;1;6;GRENIER DOCTEUR;46,90159;6,35057
202300034739;5;9;2023;14:45;1;59;59346;2;6;7;3;CHANZY RUE;50,61181;3,12346
202300034740;11;10;2023;14:45;1;25;25388;2;1;1;6;DE LATTRE DE TASSIGNY (AVENUE DU MARECHA;47,51146;6,79616
202300034741;4;9;2023;09:50;1;57;57591;1;1;1;7;CD181;49,23997;6,1076
202300034742;5;9;2023;02:30;3;56;56121;2;1;1;6;APPERT (RUE  NICOLAS );47,74639;-3,390823
202300034743;1;8;2023;14:15;1;71;71263;1;3;1;3;Route de Lusigny;46,625974;5,166074
202300034744;5;9;2023;18:15;1;54;54273;2;1;1;6;Rue Clément Humbert;49,15993;5,8831
202300034745;19;8;2023;13:15;1;6;6105;1;1;1;1;D2085;43,658201;7,074112
202300034746;3;9;2023;20:09;1;52;52121;1;1;1;1;RD 200;48,13079;5,13275
202300034747;12;12;2023;12:20;1;976;97611;2;1;1;6;cavani-Rond point du Stade;-12,78431;45,223
202300034748;4;9;2023;21:05;5;51;51454;2;2;1;3;WILSON (BOULEVARD DU PRESIDENT) COTE PAI;49,23489;4,02827
202300034749;4;9;2023;19:15;1;51;51454;2;1;1;6;LAON (AVENUE) DU N°343 AU 469 ET DU N° 3;49,28076;4,01308
202300034750;12;12;2023;07:15;1;974;97416;1;1;1;4;RN1 (ROUTE NATIONALE);-21,31135;55,43575
202300034751;4;9;2023;20:50;2;49;49099;1;1;1;6;GODINIERE (BOULEVARD DE LA);47,072457;-0,922554
202300034752;4;9;2023;16:08;1;49;49007;2;1;7;6;PASTEUR AVENUE;47,47649;-0,53304
202300034753;11;12;2023;15:35;1;973;97302;2;1;1;5;CABASSOU (ROUTE DE);4,91174;-52,30813
202300034754;10;12;2023;22:30;5;973;97302;1;1;1;7;ROUTE NATIONALE 1;4,92274309;-52,32967615
202300034755;5;9;2023;20:40;2;47;47001;2;2;1;5;LUXEMBOURG (AV. MAURICE);44,19934;0,62167
202300034756;12;12;2023;22:52;5;69;69383;2;1;1;6;Rue de la Villette;45,76152076;4,86173222
202300034757;5;9;2023;12:05;1;45;45234;2;1;1;3;Avenue Roger Secrétain;47,88555;1,89707
202300034758;12;12;2023;17:40;5;972;97209;2;1;2;3;BEAUSEJOUR JAMBETTE (ROUTE);14,64355;-61,04386
202300034759;5;9;2023;12:20;1;43;43157;2;1;1;5;Place du Breuil;45,04199;3,88435
202300034760;12;12;2023;20:00;5;69;69381;2;1;2;3;Rue Thimonnier;45,76755464;4,82907903
202300034761;4;9;2023;16:40;1;43;43041;2;1;1;6;4 Avenue Charles Dupuy;45,04717;3,9259
202300034762;12;12;2023;11:20;1;69;69149;2;3;2;6;Grande Rue;45,71233885;4,80323843
202300034763;4;9;2023;15:25;1;38;38185;2;1;1;3;QUAI DE FRANCE;45,1932;5,72
202300034764;5;9;2023;08:25;2;37;37122;2;1;1;1;GITONNIERE (RUE DE LA);47,33887;0,65371
202300034765;9;8;2023;09:42;1;36;36044;2;1;1;2;4 Avenue de Tours;46,8172;1,6834
202300034766;12;12;2023;07:50;2;69;69034;2;1;1;5;18B Montée de la Boucle;45,78205342;4,83870893
202300034767;5;9;2023;20:00;2;35;35238;2;1;1;2;SAINT-HELIER;48,10598642;-1,66653425
202300034768;5;9;2023;08:20;1;34;34301;2;7;8;6;REPUBLIQUE (QUAI DE LA);43,4044;3,701
202300034769;12;12;2023;08:00;1;2B;2B120;1;3;1;3;LAGUNE (Route de la) D107;42,63846;9,4596
202300034770;5;9;2023;19:00;1;34;34172;2;1;1;3;PILORY (RUE DU);43,61668;3,82489
202300034771;5;9;2023;12:40;1;34;34172;1;1;1;1;Avenue Léon Jouhaux;43,60763;3,82095
202300034772;11;12;2023;22:44;5;95;95088;2;9;1;3;D317;48,963042;2,451137
202300034773;4;9;2023;09:40;1;34;34172;2;1;1;1;LIBERTE (AVENUE DE LA;43,61165;3,82715
202300034774;7;12;2023;19:20;3;95;95428;2;1;2;6;THEOPHILE VACHER (RUE);48,9906016;2,32130036
202300034775;6;9;2023;00:40;4;33;33039;2;3;1;3;Quai du Président Wilson;44,81919613;-0,53867877
202300034776;5;9;2023;10:40;1;31;31483;2;1;1;3;SIMONE VEIL ( AVENUE);43,11298027;0,71323693
202300034777;12;12;2023;08:05;1;91;91161;2;9;2;6;AV MAZARIN;48,70738;2,31139
202300034778;5;9;2023;16:35;1;29;29232;2;1;1;6;Avenue de Ty Bos;47,9829719;-4,07419146
202300034779;12;12;2023;05:00;3;91;91514;1;1;3;7;RTE NATIONALE 6;48,66552;2,51329
202300034780;5;9;2023;18:10;1;27;27681;2;2;7;1;AZEMIA (BOULEVARD GEORGES);49,0801;1,48654
202300034781;11;12;2023;16:15;1;91;91228;2;1;1;6;RUE DESCARTES;48,63421;2,4371
202300034782;5;9;2023;14:35;1;22;22187;2;1;1;7;RN12;48,54619;-2,78111
202300034783;11;12;2023;07:08;3;87;87085;1;1;2;7;PRE SAINT YRIEIX ( ROUTE DU);45,79723;1,25592
202300034784;4;9;2023;08:57;1;22;22278;2;1;1;6;WALDECK-ROUSSEAU (BD ET PT);48,5089;-2,7578
202300034785;11;12;2023;08:15;1;83;83129;2;1;1;6;PONT FARAULT (TRAVERSE DU);43,0941896;5,8362194
202300034786;5;9;2023;18:00;1;17;17415;2;3;1;3;DE GAULLE COURS CHARLES;45,742376;-0,626195
202300034787;12;12;2023;18:00;3;81;81065;1;1;8;3;LAUTREC RD 83 (RTE DE);43,6638;2,17467
202300034788;5;9;2023;22:00;5;13;13215;2;1;1;2;MADRAGUE VILLE (chemin de la);43,33239;5,35908
202300034789;6;10;2023;21:03;5;78;78545;2;1;1;6;CURIE (AVENUE PIERRE);48,798232;2,064249
202300034790;5;9;2023;13:10;1;13;13075;2;9;1;3;PAUL SIRVENT (AVE);43,34325;5,46753
202300034791;4;9;2023;15:23;1;10;10387;2;1;1;6;CHARMILLES (MAIL DES);48,30158747;4,08728555
202300034792;4;9;2023;18:40;1;7;7281;2;9;1;6;CASSIN (RUE RENE);44,94881;4,84082
202300034793;11;12;2023;17:35;5;78;78238;1;3;1;4;CD 14;48,97721;1,88411
202300034794;5;9;2023;16:21;1;6;6088;2;1;1;6;QUINZIEME CORPS (AV. DU);43,70739;7,28021
202300034795;5;9;2023;12:20;1;6;6027;2;1;1;1;GARE AVENUE DE LA;43,661049;7,148878
202300034796;10;10;2023;08:30;1;77;77316;2;2;1;3;RUE GRANDE à EPISY;48,334275;2,786695
202300034797;3;9;2023;01:38;5;6;6155;2;9;1;1;LIBERTE AV.DE LA;43,571802;7,083772
202300034798;4;9;2023;21:20;4;4;4112;2;9;1;6;SAUNERIE (PORTE);43,83166;5,78412
202300034799;12;12;2023;14:50;1;77;77268;2;3;3;3;D344;48,8672;2,80763
202300034800;5;9;2023;14:10;1;2;2408;2;1;1;2;27 Rue Pierre Curtil;49,56702;3,64421
202300034801;12;12;2023;14:20;1;76;76540;2;2;1;6;Rue Ledru Rollin;49,42596;1,09331
202300034802;4;9;2023;12:30;1;75;75112;2;1;1;4;PORTE DE VINCENNES;48,844933;2,41426
202300034803;14;8;2023;08:00;1;76;76540;2;1;1;7;BRISOUT DE BARNEVILLE. RUE;49,43467;1,08025
202300034804;5;9;2023;08:15;1;75;75119;2;1;1;6;BOULEVARD MACDONALD;48,898623;2,378182
202300034805;11;12;2023;16:40;2;72;72181;2;9;2;3;MAC JEAN (AV) N° PAIRS 308 ET plus;47,97755;0,23048
202300034806;5;9;2023;17:45;1;75;75118;2;3;1;3;RUE DE LA CHAPELLE;48,89202;2,359882
202300034807;5;9;2023;14:20;1;75;75118;2;2;1;6;RUE VERSIGNY;48,894609;2,344457
202300034808;12;12;2023;17:30;3;69;69282;2;1;3;6;Avenue des Plantées;45,76444;5,01153
202300034809;5;9;2023;12:00;1;75;75118;2;3;1;6;AVENUE DE LA PORTE DE SAINT OUEN;48,899158;2,329775
202300034810;12;12;2023;19:10;5;69;69264;2;9;2;1;Rue Francois Meunier Vial;45,99836207;4,73396167
202300034811;5;9;2023;09:40;1;75;75116;2;2;1;3;AVENUE MOZART;48,857309;2,273022
202300034812;11;12;2023;12:40;1;69;69259;2;3;1;1;Rue Auguste Blanqui;45,70175;4,87446
202300034813;11;12;2023;11:10;1;69;69029;2;8;2;2;Avenue Franklin Roosevelt;45,73384;4,90775
202300034814;12;12;2023;23:53;5;67;67482;2;6;1;6;HAGUENAU (PLACE DE);48,59169;7,74176
202300034815;12;12;2023;20:43;5;67;67218;2;6;2;7;CEINTURE (RUE DE LA);48,5237;7,72509
202300034816;12;12;2023;16:45;5;67;67482;2;1;2;6;SCHIRMECK (ROUTE DE);48,57328;7,71869
202300034817;11;12;2023;14:40;1;67;67482;2;3;8;3;RHIN (AVENUE DU);48,57146;7,77034
202300034818;12;12;2023;17:35;5;64;64445;1;6;2;3;COPERNIC;43,32348659;-0,32586694
202300034819;12;12;2023;10:10;1;64;64445;2;6;1;3;CATHERINE DE BOURBON;43,31888;-0,35994
202300034820;11;10;2023;09:20;1;64;64024;2;1;1;7;ESPAGNE (AVENUE D');43,47919;-1,52023
202300034821;10;10;2023;20:48;5;64;64102;2;1;1;7;PIECE NOYEE (ROND POINT DE LA);43,49958;-1,48177
202300034822;10;10;2023;11:00;1;64;64024;1;9;1;7;BARRE (Parking de la);43,52754;-1,5184
202300034823;12;12;2023;16:45;5;63;63032;2;1;2;3;MONT-DORE (AVENUE DU);45,75233;3,08224
202300034824;11;12;2023;16:35;1;62;62765;2;1;1;6;Boulevard Vauban;50,74548;2,25308
202300034825;11;12;2023;15:20;1;62;62510;2;3;1;6;Rue Marie Lietard;50,4204;2,77273
202300034826;10;12;2023;20:25;3;62;62573;1;1;2;2;RD165;50,49534;2,91219
202300034827;9;12;2023;04:40;3;60;60382;2;1;8;6;Rue de la République;49,42905;2,82309
202300034828;12;12;2023;19:25;5;59;59163;2;3;2;7;DUQUENIERE (RUE DE LA);50,67819;3,15511
202300034829;11;12;2023;13:00;1;59;59560;2;1;1;6;LILLE ROUTE DE;50,5586;3,03474
202300034830;12;12;2023;18:25;5;59;59183;2;1;3;6;RD 601;51,02594;2,35435
202300034831;12;12;2023;08:00;3;58;58194;2;1;2;1;TREIZIEME DE LIGNE;46,99225;3,14532
202300034832;12;12;2023;14:05;1;57;57463;2;1;8;3;STRASBOURG (AVENUE DE );49,09316;6,22265
202300034833;12;12;2023;07:20;5;54;54395;2;1;1;3;Rue du Maréchal Victor Duc de Bellune;48,69157876;6,19516253
202300034834;11;12;2023;10:55;1;54;54395;2;3;1;3;rue Vauban;48,674358;6,168359
202300034835;11;12;2023;07:40;2;51;51454;2;2;1;3;BAZELAIRE (RUE DOCTEUR SERGE );49,2904;4,02424
202300034836;12;12;2023;08:20;1;49;49007;2;6;1;1;LEROY PLACE;47,46477;-0,54893
202300034837;11;12;2023;14:30;1;49;49007;2;1;2;3;CONTADES AVENUE;47,46439;-0,55409
202300034838;10;10;2023;08:28;1;47;47001;2;9;1;1;LIBERTE (BOULEVARD DE LA);44,19512;0,6127
202300034839;11;12;2023;07:50;5;42;42218;2;1;8;6;Rue de la Richelandière;45,43827;4,40342
202300034840;12;12;2023;00:05;5;42;42218;2;1;1;6;Rue Momey;45,46283963;4,36963123
202300034841;12;12;2023;14:24;1;41;41018;2;1;2;1;PINCONNIERE (AVENUE DE LA);47,585739;1,300205
202300034842;8;12;2023;17:45;3;36;36159;1;1;2;3;Route de Varennes;46,78304642;1,74619808
202300034843;12;12;2023;06:45;5;35;35238;2;2;1;1;VERN (DE);48,09808;-1,65564
202300034844;11;12;2023;22:00;5;35;35115;2;1;2;2;FAUCHEUX (BD JACQUES);48,355228;-1,20837
202300034845;12;12;2023;18:00;5;34;34172;2;1;1;3;GARRATS (AVENUE DES);43,61195;3,8388
202300034846;12;12;2023;18:14;5;33;33318;2;1;2;6;Avenue du Maréchal Juin;44,79428;-0,62905
202300034847;12;12;2023;08:50;1;33;33063;2;1;2;6;BD MARECHAL LECLERC;44,83132572;-0,57473838
202300034848;11;12;2023;19:01;5;33;33281;2;3;1;3;Rue du Jard;44,8518;-0,6371
202300034849;10;12;2023;15:15;1;33;33167;2;1;2;6;Avenue de Branne;44,84382742;-0,52277997
202300034850;2;12;2023;18:57;3;30;30189;1;1;1;5;ANDUZE (ROUTE OU ANCIENNE ROUTE);43,869;4,3105
202300034851;12;12;2023;13:55;1;30;30007;2;9;1;6;BLANC (BD LOUIS);44,12637;4,07987
202300034852;12;12;2023;08:22;2;29;29232;2;6;2;2;Rond-Point d' Ergue-Armel;47,98372;-4,07469
202300034853;11;12;2023;08:50;1;29;29232;2;1;2;4;RN165;48,01655443;-4,08037348
202300034854;11;12;2023;18:20;3;27;27554;1;3;1;3;D64E (voie nouvelle);49,0958;1,38892
202300034855;12;12;2023;17:15;5;25;25462;2;1;2;6;CRETIN (PLACE);46,9047;6,35575
202300034856;12;12;2023;08:20;1;25;25388;2;9;2;6;CHOPIN (RUE);47,50304;6,79791
202300034857;12;12;2023;19:45;5;25;25056;2;6;1;3;SAVARY RUE ALAIN;47,25209;5,99846
202300034858;12;12;2023;17:20;5;18;18033;1;6;1;3;Porte de Châtearoux;47,050664;2,339759
202300034859;12;12;2023;14:50;1;17;17306;2;5;1;3;GRANDIERE (DE LA) (BD);45,62455;-1,02425
202300034860;11;12;2023;17:00;3;13;13209;2;1;1;1;COL DE LA GINESTE D559;43,24446;5,44571
202300034861;7;12;2023;15:34;1;12;12305;1;1;1;1;PIMPEU LIEU-DIT;44,566851;2,211579
202300034862;7;10;2023;11:15;1;34;34300;1;1;1;1;D 18;43,420708;3,300403
202300034863;6;10;2023;18:10;1;68;68218;2;6;1;3;71 Rue de Mulhouse;47,73687615;7,28790897
202300034864;6;10;2023;17:15;1;44;44212;1;1;1;1;La Rebuniere;47,144611;-1,252498
202300034865;6;10;2023;20:00;5;35;35246;2;3;1;3;Inertsection D8 - D78;48,544171;-1,816199
202300034866;6;10;2023;18:36;1;29;29174;1;3;1;3;Saint-Julien;47,87364429;-4,24106954
202300034867;7;10;2023;06:55;2;38;38094;1;1;1;5;RD 502;45,475262;5,246937
202300034868;8;10;2023;01:45;5;38;38439;2;1;1;7;445 Rue de Fanton;45,380789;6,053386
202300034869;6;10;2023;19:50;3;38;38503;1;1;1;6;D1090;45,322752;5,932494
202300034870;7;10;2023;17:44;1;13;13010;2;1;1;1;Avenue Bertherigues;43,900182;4,752522
202300034871;8;10;2023;02:20;3;2;2687;1;1;1;6;N/A;49,301138;3,203545
202300034872;7;10;2023;12:20;1;2;2082;1;1;1;1;N/A;49,233811;3,401384
202300034873;7;10;2023;01:45;3;2;2781;1;6;1;6;D1;49,078167;3,396428
202300034874;6;10;2023;22:10;5;26;26148;2;1;1;6;chemin du tennis;45,253882;5,03132
202300034875;7;10;2023;16:00;1;58;58141;1;1;1;7;Les Foux de Verdun;47,115014;3,989915
202300034876;7;10;2023;03:15;5;6;6032;2;1;1;6;Route Moyenne Corniche;43,726014;7,406974
202300034877;7;10;2023;07:55;2;14;14747;1;2;1;3;D36;49,10899876;-0,45289555
202300034878;6;10;2023;20:53;5;50;50615;2;6;1;3;Boulevard Division Leclerc;49,508944;-1,469234
202300034879;2;10;2023;14:15;1;83;83013;1;2;1;3;D21;43,76464;6,640487
202300034880;6;10;2023;08:05;2;9;9103;1;1;1;1;D31a;43,022408;1,597781
202300034881;6;10;2023;18:10;1;9;9324;2;1;1;1;Avenue du 8 Mai 1945;43,047456;1,634957
202300034882;7;10;2023;17:15;1;9;9220;1;1;1;7;D22;42,704633;1,875765
202300034883;7;10;2023;03:20;3;64;64203;1;1;1;6;3415 Route d?Arzacq;43,433596;-0,37626
202300034884;6;10;2023;20:45;3;73;73109;1;1;1;6;D1006;45,46562123;6,29175961
202300034885;8;10;2023;04:25;3;43;43233;1;1;1;6;D590;45,058161;3,80981
202300034886;7;10;2023;14:10;1;36;36030;1;1;1;6;N/A;46,64141763;1,73271775
202300034887;7;10;2023;04:30;3;7;7291;1;1;1;6;LIEU-DIT BEAUREGARD;44,38431377;4,52335856
202300034888;7;10;2023;09:45;1;21;21078;1;1;1;6;D965;47,854322;4,418757
202300034889;7;10;2023;00:32;3;21;21334;2;1;9;6;D14;47,077006;4,562137
202300034890;7;10;2023;06:35;2;21;21527;1;1;1;7;D906;46,993697;4,667108
202300034891;2;10;2023;17:45;1;27;27174;1;1;1;4;Avenue Robert Planquette;49,343258;0,586116
202300034892;6;10;2023;16:45;1;27;27378;1;2;1;3;D6154;48,799889;1,19015
202300034893;6;10;2023;16:00;1;87;87089;1;1;1;1;D61;46,216614;1,21639
202300034894;6;10;2023;10:10;1;30;30263;2;6;1;7;1 Avenue de la 1ére Armée;43,964125;3,853455
202300034895;5;10;2023;17:00;1;973;97309;2;3;1;3;Route de Montjoly;4,922952;-52,28224
202300034896;7;10;2023;05:30;3;72;72031;1;1;1;1;A11;48,088074;0,505049
202300034897;7;10;2023;06:30;3;11;11262;1;1;1;6;A61 pk 370;43,154599;2,956378
202300034898;6;10;2023;17:00;1;69;69264;1;1;1;6;Autoroute 6;45,986213;4,737082
202300034899;6;10;2023;21:00;5;987;98735;2;1;1;3;RT2 PK11 au niveau de la roulotte Jairus;-17,50668;-149,486482
202300034900;7;10;2023;15:40;1;973;97304;2;1;1;3;39 Boulevard Émmanuel Bellony;5,156806;-52,636456
202300034901;7;10;2023;11:50;1;973;97305;1;1;1;5;rn1 pk 16;4,938253;-52,409844
202300034902;6;10;2023;22:40;3;45;45122;1;1;1;1;D953 PR 7 + 819;47,74334;2,495911
202300034903;7;10;2023;21:30;3;77;77211;1;2;1;3;Intersection RD67 - RD 619;48,581203;2,964345
202300034904;7;10;2023;15:50;1;78;78590;1;1;1;3;D149;48,681021;1,982286
202300034905;7;10;2023;22:20;3;2B;2B355;1;1;1;3;T20;42,518667;9,394678
202300034906;7;10;2023;05:30;3;2B;2B042;2;1;1;1;Route de Cateraghju;42,570505;9,440056
202300034907;7;10;2023;17:45;1;30;30010;1;1;1;5;1870 Route de Nimes;44,038568;3,996105
202300034908;4;10;2023;16:00;1;34;34113;2;1;1;6;Rue de la Cave Cooperative;43,502094;3,715445
202300034909;7;10;2023;20:05;3;34;34145;1;3;1;1;D61;43,662128;4,138391
202300034910;6;10;2023;16:40;1;34;34327;1;1;1;2;N113;43,653109;3,980312
202300034911;7;10;2023;15:10;1;84;84065;2;1;1;1;Avenue Joseph Garnier;43,747312;5,3155
202300034912;7;10;2023;21:00;3;83;83101;1;1;1;5;D93;43,22539;6,6501
202300034913;7;10;2023;07:00;3;83;83065;1;1;1;6;Route Départementale 559;43,239411;6,572742
202300034914;7;10;2023;16:10;1;83;83107;1;1;1;5;D7;43,424149;6,678556
202300034915;6;10;2023;22:10;3;6;6057;1;1;1;3;Route du Col de Nice;43,813442;7,356387
202300034916;7;10;2023;07:30;2;89;89380;1;1;1;7;A19;48,072416;3,118186
202300034917;7;10;2023;17:10;1;7;7245;2;3;1;3;Rue Centrale intersection rue du colombier;45,081566;4,814544
202300034918;6;10;2023;13:40;1;69;69291;1;9;1;3;Route Départementale 307;45,62786687;4,85806422
202300034919;7;10;2023;18:15;1;65;65059;2;2;1;3;12 Rue du Castelmouly;43,074209;0,148085
202300034920;1;10;2023;10:18;1;47;47157;2;2;7;3;Lestang;44,501412;0,158945
202300034921;7;10;2023;04:45;4;22;22081;2;1;1;1;Rue des Ponts Neufs;48,505897;-2,613807
202300034922;7;10;2023;18:30;1;22;22162;2;3;1;2;Rue Raymond Pellier;48,770301;-3,039817
202300034923;7;10;2023;02:25;5;60;60612;2;1;1;6;Avenue du Poteau;49,217337;2,594861
202300034924;6;10;2023;23:30;5;59;59015;2;1;1;6;Rue du Bias;50,273739;3,109222
202300034925;6;10;2023;18:23;1;13;13106;1;9;1;2;A7-Sens Lyon vers Marseille;43,394;5,351
202300034926;6;10;2023;16:00;1;83;83062;1;1;1;3;A570;43,144528;6,031006
202300034927;7;10;2023;16:04;1;91;91689;1;1;1;4;AUTOROUTE A6B;48,74811;2,32737
202300034928;7;10;2023;01:20;3;91;91064;1;1;1;3;RN 118;48,76565;2,22994
202300034929;7;10;2023;16:50;1;92;92036;1;1;1;4;A86;48,93464218;2,28152144
202300034930;7;10;2023;10:05;1;78;78297;1;1;1;2;RN12;48,78883;2,068581
202300034931;7;10;2023;17:10;1;93;93027;1;1;1;4;AUTOROUTE A1;48,93774911;2,41208205
202300034932;7;10;2023;12:35;1;95;95527;1;1;1;2;A3;48,98673234;2,50466824
202300034933;6;10;2023;19:40;2;95;95582;1;1;1;4;A15;48,97114;2,24913
202300034934;6;10;2023;12:40;1;93;93005;1;1;1;4;AUTOROUTE A3;48,95299;2,47417
202300034935;6;10;2023;18:35;1;93;93066;1;1;1;2;AUTOROUTE A1;48,93155;2,36974
202300034936;6;10;2023;17:55;1;93;93078;1;1;1;2;AUTOROUTE A104;48,96133;2,52385
202300034937;7;10;2023;19:25;4;77;77514;1;1;1;3;A104;48,947182;2,628858
202300034938;6;10;2023;20:10;3;93;93051;1;1;1;4;A4;48,83649423;2,55041242
202300034939;6;10;2023;11:41;1;988;98818;2;1;1;6;RUE ROGER GERVOLINO;-22,24925;166,47021
202300034940;6;10;2023;10:26;1;988;98818;1;1;1;2;VE1 sens Nord/Sud;-22,22462;166,46599
202300034941;3;10;2023;17:28;1;974;97416;1;1;2;7;MAURICE THOREZ(CHEMIN);-21,27784;55,4681
202300034942;6;10;2023;07:10;1;974;97416;2;1;1;2;LIGNE PARADIS(ROUTE DE LA);-21,32279614;55,4853791
202300034943;6;10;2023;18:15;5;974;97411;2;1;1;2;GARE ROUTIERE (DE LA);-20,87762;55,45744
202300034944;6;10;2023;17:35;1;974;97407;2;1;1;6;MAHY FRANCOIS(RUE);-20,93778;55,2912
202300034945;6;10;2023;16:00;1;973;97302;2;2;1;3;MADELEINE (ROUTE DE LA);4,91445833;-52,32092053
202300034946;6;10;2023;16:30;1;69;69388;2;1;1;3;Route de Vienne;45,73265662;4,85346131
202300034947;6;10;2023;08:40;1;69;69388;2;2;1;5;Rue Antoine Lumière;45,74033;4,86769
202300034948;6;10;2023;04:36;5;69;69199;1;3;1;7;Rue Marcel Sembat;45,71165;4,84298
202300034949;6;10;2023;10:40;1;69;69385;2;1;1;6;8 Rue des Aqueducs;45,75705;4,79656
202300034950;6;10;2023;12:00;1;69;69389;2;3;1;3;Avenue des Sources;45,78977252;4,78844058