Num_Acc;jour;mois;an;hrmn;lum;dep;com;agg;int;atm;col;adr;lat;long
202300034951;6;10;2023;00:50;5;69;69384;2;2;1;3;Rue du Chariot d'Or;45,77759;4,83486
202300034952;6;10;2023;16:10;1;95;95197;2;2;1;3;D311;48,97540034;2,31731057
202300034953;6;10;2023;12:00;1;95;95428;2;1;1;2;D124;48,995683;2,32632
202300034954;5;10;2023;19:50;5;95;95127;2;4;1;1;D915;49,03996;2,07561
202300034955;6;10;2023;11:10;1;91;91377;1;6;1;6;RUE DU PILEU;48,729754;2,242725
202300034956;6;10;2023;12:55;1;91;91589;2;2;1;3;BD ARISTIDE BRIAND;48,68601;2,34893
202300034957;5;10;2023;19:40;2;84;84031;1;6;1;7;Route d'Orange;44,06045;5,03817
202300034958;5;10;2023;11:22;1;84;84007;1;1;1;3;MARSEILLE (Route de );43,88928;4,91472
202300034959;5;10;2023;10:43;1;84;84007;2;1;1;1;MONTAIGNE (RUE MICHEL DE)-MONTFAVET;43,91069;4,88952
202300034960;6;10;2023;11:00;1;83;83144;2;1;7;6;JUIN (AVE DU MARECHAL);43,13934;6,00214
202300034961;6;10;2023;13:50;1;78;78551;1;1;1;1;RN 184;48,92257;2,08556
202300034962;6;10;2023;14:20;1;78;78551;1;1;1;2;CENTRALE (ROUTE);48,984453;2,11777
202300034963;6;10;2023;16:45;1;77;77284;2;1;1;6;DUNANT (AVENUE HENRI);48,95091;2,89379
202300034964;5;10;2023;17:45;1;76;76540;2;3;1;2;Quai Gaston Boulet;49,44374;1,07671
202300034965;6;10;2023;01:00;5;76;76351;2;1;1;7;BELLOT;49,48602375;0,12685657
202300034966;6;10;2023;14:55;1;76;76545;1;1;1;2;RD 154E;49,90887;1,10034
202300034967;6;10;2023;21:40;5;74;74298;2;6;1;6;EUROPE (AVENUE DE L');46,176;6,2438
202300034968;6;10;2023;15:15;1;74;74012;2;1;1;3;FLORISSANT (AVENUE);46,1973;6,2398
202300034969;6;10;2023;09:05;1;72;72181;2;9;1;3;BERTINIERE (RUE DE LA) N° IMP;47,99234;0,2165
202300034970;6;10;2023;20:55;3;71;71475;2;2;1;3;CHARLES DODILLE (RUE);46,76332;4,83962
202300034971;6;10;2023;17:00;1;69;69256;2;2;1;6;Avenue Bataillon Carmagnole Liberté;45,75898;4,92307
202300034972;6;10;2023;12:30;1;69;69259;2;1;1;3;Boulevard Marcel Sembat;45,71318421;4,87709002
202300034973;5;10;2023;14:55;1;69;69259;2;2;1;3;Boulevard Irène Joliot Curie;45,7143;4,87926
202300034974;6;10;2023;22:45;5;67;67482;2;3;1;3;ILL (RUE DE L );48,61248;7,77569
202300034975;6;10;2023;17:09;1;64;64483;2;1;1;6;AICE ERROTA (RUE);43,39443;-1,65297
202300034976;6;10;2023;07:58;1;64;64445;2;6;1;3;GENERAL DE GAULLE DU;43,30265;-0,35206
202300034977;5;10;2023;17:35;1;64;64125;2;3;1;3;ESPAGNE (AVENUE D');43,4303;-1,59921
202300034978;7;10;2023;02:30;5;64;64102;2;1;1;7;ALLEES MARINES (AVENUE DES);43,49817;-1,48681
202300034979;6;10;2023;18:25;1;64;64024;2;3;1;3;HARDOY (RUE DE);43,49336;-1,50877
202300034980;6;10;2023;18:10;1;64;64024;2;1;1;7;BAYONNE (AVENUE DE);43,48218;-1,50734
202300034981;6;10;2023;13:25;1;64;64102;2;1;1;3;BEYRIS (GIRATOIRE);43,47847;-1,49271
202300034982;6;10;2023;09:05;1;64;64102;2;1;7;6;LASSEGUETTE (CHEMIN DE);43,48127;-1,48199
202300034983;6;10;2023;14:40;1;63;63113;2;2;1;2;CLEMENTEL (BD ETIENNE);45,80963;3,10941
202300034984;6;10;2023;12:35;1;63;63075;2;1;1;2;VOIE ROMAINE;45,78057118;3,0462867
202300034985;5;10;2023;22:44;4;63;63113;2;3;1;3;MICHELIN (AVENUE EDOUARD);45,7816;3,09855
202300034986;6;10;2023;21:30;3;62;62907;2;1;1;3;D954;50,48543;2,99761
202300034987;6;10;2023;23:40;4;59;59508;2;1;1;6;HALLUIN (BOULEVARD D');50,74109;3,13227
202300034988;3;10;2023;13:40;1;59;59360;2;1;1;3;LALO EDOUARD RUE;50,608637;3,014159
202300034989;6;10;2023;11:30;1;59;59648;2;2;1;3;DE GAULLE RUE DU GENERAL;50,58747;3,05165
202300034990;16;1;2023;12:35;1;43;43251;2;3;1;3;Avenue de Vals;45,03547422;3,88120338
202300034991;6;10;2023;15:40;1;56;56098;1;9;1;3;MONTAGNE DU SALUT (RUE DE LA);47,790161;-3,319886
202300034992;17;1;2023;19:13;5;37;37261;2;1;2;6;TONNELLE (BOULEVARD);47,38377;0,66829
202300034993;6;10;2023;13:10;1;56;56121;2;6;7;3;Boulevard Yves Demaine;47,75449;-3,38367
202300034994;5;10;2023;17:44;1;56;56162;1;6;1;7;PENESCLUZ;47,75067;-3,41904
202300034995;17;1;2023;18:55;5;35;35238;2;5;1;3;ROOSEVELT (BD FRANKLIN);48,09725;-1,65781
202300034996;5;10;2023;12:20;1;56;56083;2;1;1;7;KERCROCH (RUE DE );47,80937;-3,29359
202300034997;17;1;2023;07:25;5;35;35238;2;1;2;6;CHATEAUGIRON (DE);48,09884737;-1,6447936
202300034998;5;10;2023;09:00;1;56;56121;2;1;1;6;FLANDRES-DUNKERQUE ( BD );47,74483;-3,39565
202300034999;16;1;2023;18:25;5;35;35238;2;1;2;4;VERDUN (BD DE);48,11927077;-1,68839961
202300035000;17;1;2023;19:55;5;33;33318;2;9;3;6;Rue Paulin de Nole;44,79323;-0,61399
202300035001;4;10;2023;07:50;2;55;55505;1;1;5;3;VARENNES (ROUTE DE );49,18249;5,33821
202300035002;5;10;2023;20:50;5;54;54395;2;1;1;6;Rue du Faubourg des Trois-Maisons;48,7028;6,17541
202300035003;16;1;2023;23:05;5;33;33281;2;6;2;1;Avenue François Mitterrand;44,81206;-0,69836
202300035004;5;10;2023;16:45;1;54;54395;2;1;1;6;Avenue Foch;48,68815328;6,17251933
202300035005;4;10;2023;10:20;1;52;52448;2;1;1;6;HUGO (AVENUE VICTOR) IMPAIR;48,6381;4,95837
202300035006;16;1;2023;18:45;5;31;31555;2;1;2;1;BD HENRI GAUSSEN;43,66182;1,43266
202300035007;17;1;2023;15:50;1;28;28134;1;1;2;6;N 154 (ROCADE);48,71993;1,38227
202300035008;6;10;2023;08:55;1;50;50218;1;3;1;1;VAUDROULIN (RUE DE);48,82223;-1,56633
202300035009;5;10;2023;22:25;3;50;50129;2;1;1;6;RN 13;49,63347;-1,57747
202300035010;17;1;2023;08:00;2;28;28134;2;1;8;6;CHURCHILL (AVENUE WINSTON);48,73954;1,38608
202300035011;4;10;2023;12:30;1;49;49099;2;3;1;3;JOFFRE (BOULEVARD DU MARECHAL);47,06755;-0,88302
202300035012;6;10;2023;08:20;1;49;49007;2;1;1;6;DAVIERS BOULEVARD;47,47824;-0,55544
202300035013;6;10;2023;02:32;5;49;49007;2;1;1;6;JOACHIM DU BELLAY;47,46647;-0,54141
202300035014;16;1;2023;15:30;1;17;17415;2;3;2;3;PALISSY QUAI;45,74193;-0,63673
202300035015;16;1;2023;15:30;1;15;15014;2;3;2;1;53 Avenue Jean-baptiste Veyre;44,936979;2,45553
202300035016;5;10;2023;18:22;1;49;49246;2;2;1;4;LOUET PONT;47,41193;-0,52384
202300035017;3;10;2023;15:55;1;46;46191;1;1;1;6;DEPARTEMENTALE N°811 (ENTRE MERCUES ET C;44,49353;1,40167
202300035018;17;1;2023;11:25;1;13;13213;2;1;1;6;POILUS (AVENUE DES);43,32558;5,45202
202300035019;6;10;2023;12:04;1;45;45208;2;9;1;6;2 Place Victor Hugo;47,99481;2,73273
202300035020;17;1;2023;01:00;5;13;13209;2;1;2;2;CAMILLE BLANC (BOULEVARD);43,25271189;5,40162815
202300035021;6;10;2023;17:52;1;44;44109;2;1;1;3;77 Rue du Port Boyer;47,24195;-1,54001
202300035022;12;1;2023;17:05;1;13;13028;2;1;1;3;PUITS DE BRUNET (CHEMIN DU);43,18506;5,59938
202300035023;6;10;2023;20:50;5;42;42099;1;2;1;1;Rue de l'Ecole de Montessus;45,37626;4,2678
202300035024;6;1;2023;14:25;1;11;11262;2;1;1;6;18 Boulevard du General de Gaulle;43,18576;3,00946
202300035025;3;10;2023;17:45;1;40;40192;2;9;1;2;JUIN (V DU MARECHAL);43,90729;-0,47134
202300035026;6;1;2023;10:10;1;11;11262;2;3;1;3;GAMBETTA (BOULEVARD);43,18317;3,00779
202300035027;17;1;2023;07:50;2;11;11262;2;1;5;6;187 Avenue de Bordeaux;43,18119;2,97154
202300035028;6;10;2023;15:35;1;37;37261;2;6;1;3;SAINT SAUVEUR (PONT);47,37389;0,67873
202300035029;17;1;2023;23:00;3;6;6069;1;1;1;6;NAPOLEON (ROUTE);43,668055;6,923468
202300035030;3;10;2023;17:20;1;37;37261;2;3;1;3;SAINT SAUVEUR (PONT);47,37169;0,67773
202300035031;17;1;2023;15:20;1;6;6029;2;1;1;3;PRADERIE (RUE DE LA);43,54796;6,96579
202300035032;6;10;2023;15:20;1;35;35238;2;1;1;6;N24;48,107;-1,72774
202300035033;17;1;2023;07:20;4;6;6027;2;9;1;6;NICE AVENUE DE (RN7);43,659225;7,164626
202300035034;17;1;2023;01:35;3;4;4112;1;1;8;6;DEPARTEMENTALE 4096;43,85139;5,824216
202300035035;6;10;2023;12:25;1;35;35278;1;3;1;3;RD 29;48,1583;-1,69754
202300035036;16;1;2023;15:00;1;2;2408;1;1;2;1;;49,5562;3,59338
202300035037;5;10;2023;15:00;1;34;34032;1;9;1;1;ROUTE DEPARTEMENTALE 612;43,3585;3,17537
202300035038;16;1;2023;17:50;1;974;97411;2;6;1;3;JAURES (BOULEVARD JEAN);-20,90194;55,50282
202300035039;6;10;2023;20:33;5;33;33192;2;3;1;3;Cours du Général de Gaulle;44,78393;-0,60662
202300035040;16;1;2023;09:50;1;973;97302;2;1;2;3;ARAGO (FRANCOIS);4,94036357;-52,33213484
202300035041;5;10;2023;18:35;1;33;33063;2;8;1;6;Quai de Bacalan;44,85828;-0,55829
202300035042;12;1;2023;12:55;1;69;69388;2;3;1;3;89 Avenue Paul Santy;45,73148374;4,87405658
202300035043;23;9;2023;05:00;5;30;30189;2;1;1;2;Route d'Avignon;43,84181;4,3773
202300035044;15;1;2023;00:45;5;69;69386;2;2;2;3;128 Rue Ney;45,76705;4,85567
202300035045;16;1;2023;07:15;1;972;97209;1;1;1;2;AUTOROUTE (A1);14,61759;-61,04064
202300035046;5;10;2023;17:25;1;23;23096;2;3;7;3;BERRY (AVENUE DU);46,1803;1,884
202300035047;15;1;2023;23:45;5;972;97209;1;1;1;6;AUTOROUTE (A1);14,6147;-61,04821
202300035048;15;1;2023;21:48;4;972;97209;2;1;1;6;BISHOP (Avenue Maurice);14,603;-61,0632
202300035049;5;10;2023;08:38;1;22;22278;2;1;1;2;RN12;48,52;-2,74741
202300035050;16;1;2023;11:15;1;69;69389;2;2;8;6;Rue du 24 Mars 1852;45,77864;4,80252
202300035051;6;10;2023;06:10;5;19;19031;2;1;1;6;GONCOURT (RUE DES FRERES);45,15781471;1,50839174
202300035052;16;1;2023;08:15;1;69;69152;2;1;8;3;12 Boulevard de l'Europe;45,70799;4,8215
202300035053;6;10;2023;16:15;1;18;18279;2;1;1;3;2bis Avenue du Colonel Manhes;47,22461;2,07561
202300035054;16;1;2023;06:00;2;971;97101;1;1;1;6;PALAIS ROYAL;16,2882;-61,49497
202300035055;6;10;2023;03:30;3;17;17291;1;9;1;7;35 PK RN11 NANTES ROCADE;46,172627;-1,118688
202300035056;14;1;2023;14:50;1;971;97107;2;1;2;4;MARQUISAT ( ROUTE DE );16,04077826;-61,56798899
202300035057;6;10;2023;07:45;2;15;15014;2;1;1;3;PUPILLES DE LA NATION (AVENUE DES);44,92092;2,43957
202300035058;16;1;2023;21:35;5;91;91161;2;3;2;6;RUE DES   MARES   JULIENNES;48,71559;2,31001
202300035059;5;10;2023;15:45;1;15;15014;2;1;1;6;PUPILLES DE LA NATION (AVENUE DES);44,91956;2,43901
202300035060;15;1;2023;01:15;3;91;91225;1;1;2;6;RTE NATIONALE 6;48,66545;2,51209
202300035061;5;10;2023;13:05;1;14;14366;2;1;1;3;15 Rue Roger Aini;49,14545;0,23557
202300035062;15;1;2023;15:10;1;91;91027;2;1;1;3;AV ARISTIDE BRIAND;48,7055;2,39109
202300035063;13;1;2023;19:22;5;87;87085;2;2;2;6;VIGENAL (BOULEVARD DU);45,8523;1,25249
202300035064;6;10;2023;20:33;5;13;13210;2;1;1;3;ROMAIN ROLLAND (BOULEVARD);43,28016;5,42544
202300035065;12;1;2023;07:45;2;84;84007;2;1;1;2;C.De GAULLE (Rocade);43,936;4,832
202300035066;6;10;2023;16:50;1;13;13209;2;1;1;3;GUSTAVE GANAY (BOULEVARD);43,26573117;5,39940513
202300035067;7;1;2023;19:10;5;84;84007;2;4;1;3;MONTFAVET (Route);43,93951;4,84232
202300035068;6;10;2023;19:20;2;13;13215;2;1;1;3;BOURRELY (CHEMIN DES);43,37964;5,36181
202300035069;13;1;2023;12:25;1;83;83009;2;1;1;4;BEAUSSET (ROUTE DU);43,14154788;5,7702671
202300035070;6;10;2023;14:10;1;13;13211;2;1;1;3;LT COL PIOLLET (ROND POINT);43,29192922;5,48555321
202300035071;6;10;2023;22:20;4;11;11069;2;1;1;7;PONT AUGUSTE PIERRE -PLACE-;43,2066;2,3108
202300035072;14;1;2023;11:20;1;83;83129;2;1;1;1;KENNEDY (AVENUE J.)N°PAIRS 2A2560;43,10787;5,8399
202300035073;5;10;2023;19:30;1;11;11069;2;9;1;6;RD 6113;43,20501;2,39616
202300035074;16;1;2023;13:00;1;77;77487;2;2;2;2;D82E2;48,533903;2,67564
202300035075;5;10;2023;13:20;1;11;11069;2;1;1;6;9 Chemin de l’Argentier;43,19677;2,31262
202300035076;13;1;2023;23:40;3;77;77237;2;3;1;2;D231;48,84945;2,76748
202300035077;6;10;2023;07:17;1;10;10362;2;1;1;2;GENERAL LECLERC (RUE DU);48,29253;4,04364
202300035078;5;10;2023;08:05;1;10;10387;2;6;1;3;FRANCOIS MITTERAND (ROND POINT);48,29267;4,07398
202300035079;14;1;2023;17:25;5;71;71306;2;1;2;1;Rue de Cluny;46,67438;4,37171
202300035080;6;10;2023;13:10;1;6;6088;2;8;1;6;CASSIN (BD RENE);43,668571;7,211368
202300035081;14;1;2023;11:05;1;67;67482;2;1;1;3;DRESDE (BOULEVARD DE);48,599088;7,762835
202300035082;6;10;2023;09:05;1;6;6069;2;1;1;3;LIBERATION (AVENUE DE LA);43,640959;6,91038
202300035083;14;1;2023;12:45;1;67;67482;1;1;8;3;MARC BLOCH (QUAI);48,5779;7,73601
202300035084;13;1;2023;11:50;1;67;67482;2;1;1;7;ALTENHEIM (ROUTE D );48,53796;7,76986
202300035085;5;10;2023;14:00;1;6;6069;2;1;1;2;LECLERC (BOULEVARD DU MARECHAL);43,64964;6,91877
202300035086;13;1;2023;10:15;1;67;67482;2;1;2;6;OSTWALD (RUE D );48,5644804;7,70684212
202300035087;3;10;2023;17:30;1;2;2168;2;1;1;6;N/A;49,03842;3,38024
202300035088;13;1;2023;13:44;1;66;66136;2;1;1;2;;42,68818;2,909441
202300035089;5;10;2023;23:52;5;75;75105;2;2;1;2;BOULEVARD SAINT MICHEL;48,85138118;2,34318084
202300035090;16;1;2023;15:10;1;64;64129;2;1;3;2;SANTONA DE;43,31939;-0,38316
202300035091;6;10;2023;14:00;1;75;75120;2;2;1;6;RUE DES PYRENEES;48,866659;2,397114
202300035092;14;1;2023;15:58;1;63;63113;2;2;1;3;TORPILLEUR SIROCCO /Bousquet;45,8021;3,10691
202300035093;6;10;2023;16:45;1;75;75107;2;2;1;3;RUE DU BAC;48,858811;2,328759
202300035094;14;1;2023;15:38;1;63;63113;2;1;1;2;LOUCHEUR (BD LOUIS);45,76224874;3,09677124
202300035095;6;10;2023;13:45;1;75;75113;2;2;1;3;RUE DE TOLBIAC;48,82618;2,357259
202300035096;14;1;2023;08:45;1;63;63113;2;5;1;1;Bd Berthelot / av Bergougnan / Fontgiève;45,78214936;3,07263404
202300035097;6;10;2023;19:12;1;75;75112;2;2;1;3;PORTE DE CHARENTON;48,831698;2,397897
202300035098;14;1;2023;07:59;1;63;63113;2;2;1;3;JAURES (BD JEAN);45,7685;3,08186
202300035099;13;1;2023;10:43;1;63;63113;2;1;1;3;BLUM (AVENUE LEON);45,77222;3,09353
202300035100;6;10;2023;20:25;5;75;75111;2;1;1;6;RUE DE LA ROQUETTE;48,859661;2,388097
202300035101;15;1;2023;03:00;5;62;62193;2;4;8;6;Rue des Fontinettes;50,943776;1,851633
202300035102;6;10;2023;22:00;5;75;75110;2;1;1;3;RUE DU FAUBOURG SAINT MARTIN;48,87455;2,358749
202300035103;16;1;2023;13:31;1;60;60057;2;1;2;6;Avenue Léon Blum;49,45246;2,07399
202300035104;15;1;2023;19:50;5;59;59512;2;9;2;6;ALMA  (RUE DE L)';50,69696846;3,16566646
202300035105;6;10;2023;20:15;5;75;75110;2;2;1;2;BOULEVARD DE MAGENTA;48,873293;2,358743
202300035106;16;1;2023;17:50;5;59;59155;2;2;2;6;BERGUES CD 916 - ROUTE;51,01779;2,37695
202300035107;6;10;2023;15:05;1;75;75110;2;2;1;3;BOULEVARD DE LA VILLETTE;48,881492;2,370056
202300035108;15;1;2023;09:20;1;57;57227;1;9;8;1;SCHOENECK(RUE DE );49,19347454;6,90475702
202300035109;6;10;2023;13:15;1;75;75109;2;3;1;6;BOULEVARD POISSONNIERE;48,870877;2,346733
202300035110;14;1;2023;22:30;5;56;56083;1;6;2;6;Haut Locoyarn;47,78619;-3,27723
202300035111;14;1;2023;20:25;5;56;56121;2;6;2;7;LOTE (RUE  RENE );47,77141;-3,40413
202300035112;6;10;2023;18:25;1;75;75101;2;4;1;6;RUE DU LOUVRE;48,864446;2,342645
202300035113;15;1;2023;17:30;1;56;56121;2;1;1;1;Rue de la Marine;47,74068;-3,35991
202300035114;16;1;2023;09:57;1;54;54382;1;1;2;6;D618;49,54567;5,80241
202300035115;5;10;2023;13:10;1;75;75103;2;3;1;6;RUE DE BRETAGNE;48,862302;2,363691
202300035116;16;1;2023;07:15;5;49;49007;2;1;1;6;MONPLAISIR BOULEVARD;47,49094;-0,52816
202300035117;4;10;2023;15:05;1;75;75101;2;2;1;1;BOULEVARD DE SEBASTOPOL;48,85852;2,348224
202300035118;15;1;2023;17:29;1;49;49007;2;1;1;6;BLANCHOIN BOULEVARD;47,44821;-0,54053
202300035119;6;10;2023;20:08;5;94;94078;2;2;1;1;Rue Emile Zola;48,73532064;2,4517065
202300035120;16;1;2023;08:10;3;47;47031;1;1;2;4;RD 813 (nouvelle rocade);44,17448144;0,64025291
202300035121;14;1;2023;21:00;5;44;44184;2;1;3;6;47 Allée des Tulipes;47,26565;-2,25017
202300035122;12;1;2023;11:45;1;42;42218;2;1;1;6;Rue Docteur Fernand Merlin;45,4632;4,408
202300035123;10;1;2023;12:46;1;40;40192;2;1;1;2;PLACE SAINT ROCH;43,888918;-0,49959868
202300035124;16;1;2023;19:10;3;35;35278;1;2;1;1;RD 91;48,16253;-1,68365
202300035125;16;1;2023;08:45;1;35;35238;2;1;3;2;RN24;48,10707358;-1,72589153
202300035126;16;1;2023;08:50;1;33;33318;2;1;2;3;Avenue Gustave Eiffel;44,78607;-0,6401
202300035127;16;1;2023;19:30;3;31;31069;2;9;3;2;CORNEBARRIEU (ROUTE DE);43,64526;1,36544
202300035128;16;1;2023;16:28;1;31;31555;2;1;2;3;AV DE FRONTON;43,64505778;1,43333092
202300035129;16;1;2023;13:30;1;31;31069;2;1;2;6;ARAGON (MAIL LOUIS);43,64469;1,37725
202300035130;16;1;2023;08:30;2;29;29039;1;1;2;5;D783 - Route de Quimper;47,91741;-3,93696
202300035131;16;1;2023;07:32;5;28;28218;2;1;2;6;REPUBLIQUE (AVENUE DE LA);48,43962;1,46249
202300035132;16;1;2023;12:35;1;25;25462;2;2;4;6;BOULEVARD PASTEUR (DE 0 A 54);46,9042;6,349103
202300035133;16;1;2023;08:45;2;22;22215;1;1;1;2;RD 222;48,47911152;-2,78111011
202300035134;16;1;2023;02:00;3;22;22187;1;1;2;6;RD786;48,55271;-2,80299
202300035135;14;1;2023;19:30;5;22;22113;1;3;3;3;Route de Trégastel;48,76159471;-3,47110301
202300035136;13;1;2023;07:35;5;19;19031;2;5;1;6;MAILLARD (AVENUE);45,16512;1,531905
202300035137;12;1;2023;22:30;3;17;17415;1;3;3;7;VARZAY ROUTE DE;45,72734;-0,67519
202300035138;16;1;2023;08:55;2;17;17415;2;1;8;3;JOURDAN AVENUE;45,74575;-0,60775
202300035139;16;1;2023;23:50;5;17;17300;2;2;3;3;QUATORZE JUILLET   AVENUE DU;46,152034;-1,12406
202300035140;16;1;2023;20:55;3;13;13117;1;1;1;3;;43,42765375;5,26079726
202300035141;16;1;2023;07:55;2;13;13117;2;1;8;6;RABIN ( AVENUE YITZHAK );43,44867;5,24656
202300035142;16;1;2023;21:15;3;13;13103;1;1;1;2;RN 113;43,63095;5,07886
202300035143;16;1;2023;21:50;5;13;13216;2;9;1;3;ALBIN MEYLAN (RUE);43,35944048;5,33979985
202300035144;16;1;2023;16:45;2;13;13203;2;1;1;5;BD FERDINAND DE LESSEPS;43,3204;5,37337
202300035145;15;1;2023;15:56;1;10;10081;2;2;1;3;JEAN MOULIN (RUE);48,30655;4,03093
202300035146;16;1;2023;14:13;1;6;6069;2;1;1;4;DRAGUIGNAN (ROUTE DE) - D2562-;43,644999;6,901114
202300035147;17;1;2023;18:40;5;75;75120;2;1;1;4;PORTE DES LILAS;48,872376;2,412504
202300035148;17;1;2023;08:36;1;75;75106;2;1;1;6;RUE JACOB;48,856033;2,332494
202300035149;17;1;2023;07:45;2;75;75105;2;3;8;3;QUAI DE LA TOURNELLE;48,849599;2,356125
202300035150;17;1;2023;17:00;2;75;75118;2;2;8;3;AVENUE DE LA PORTE DE SAINT OUEN;48,900477;2,330193
202300035151;17;1;2023;14:15;1;75;75118;2;1;8;6;BOULEVARD NEY;48,897763;2,333826
202300035152;17;1;2023;11:00;1;75;75118;2;1;1;6;RUE DEJEAN;48,887348;2,350486
202300035153;17;1;2023;06:00;5;75;75118;2;7;1;6;ECHANGEUR AUBERVILLIERS;48,90094134;2,37030566
202300035154;16;1;2023;11:46;1;75;75117;2;2;3;6;RUE DES BATIGNOLLES;48,884035;2,322454
202300035155;17;1;2023;16:00;1;75;75116;2;1;2;2;ALLEE DU BORD DE L EAU;48,867945;2,23427
202300035156;16;1;2023;08:45;1;75;75116;2;3;2;7;AVENUE D IENA;48,87166156;2,29539424
202300035157;17;1;2023;08:03;2;75;75115;2;4;8;6;RUE JACQUES BAUDRY;48,82998398;2,30559736
202300035158;16;1;2023;19:45;5;75;75115;2;2;2;7;RUE OLIVIER DE SERRES;48,836148;2,297247
202300035159;16;1;2023;19:15;5;75;75114;2;7;2;6;PLACE DU VINGT CINQ AOUT 1944;48,822081;2,325438
202300035160;16;1;2023;17:54;2;75;75110;2;2;2;7;BOULEVARD DE MAGENTA;48,87633534;2,35598266
202300035161;17;1;2023;13:45;1;75;75108;2;3;1;2;RUE DE LIEGE;48,879338;2,32551
202300035162;17;1;2023;11:00;1;75;75108;2;2;1;6;AVENUE DE FRIEDLAND;48,873999;2,297312
202300035163;17;1;2023;17:05;5;75;75103;2;3;8;3;BOULEVARD BEAUMARCHAIS;48,857599;2,368034
202300035164;17;1;2023;14:15;1;94;94081;2;1;2;2;10 Rue de Choisy;48,78159492;2,40273088
202300035165;16;1;2023;09:10;1;94;94078;2;1;3;2;Av de l’Appel du 18 Juin 1940;48,75700759;2,44380677
202300035166;17;1;2023;19:25;5;94;94016;2;3;1;2;Avenue de la Division Leclerc /  Rue Marc Sangnier;48,78607;2,32914
202300035167;17;1;2023;18:05;3;94;94038;2;2;2;3;Bd Paul Vaillant Couturier / Rue des Tournelles;48,776281;2,339965
202300035168;17;1;2023;18:55;2;93;93059;2;2;1;6;Avenue Emile Zola / Rue Toussaint Louverture;48,94972226;2,36533231
202300035169;17;1;2023;08:25;2;93;93064;2;2;1;6;Avenue Jean Jaurès / Rue du Général Leclerc;48,87103;2,48657
202300035170;17;1;2023;12:00;1;93;93005;2;1;1;2;Boulevard de Strasbourg;48,92392916;2,48616904
202300035171;17;1;2023;19:45;5;92;92046;2;1;8;3;PIERRE LAROUSSE (AVENUE);48,82134756;2,30450624
202300035172;17;1;2023;19:35;5;92;92044;2;2;1;3;ERNEST COGNACQ(RUE);48,895617;2,277542
202300035173;17;1;2023;07:00;5;92;92036;2;1;1;1;LOUIS ROCHE (AVENUE) (153/203);48,931051;2,306622
202300035174;17;1;2023;15:30;1;92;92007;2;1;8;3;PASTEUR (AVENUE LOUIS) N° 1 A 39 ET 2 A;48,80036;2,31815
202300035175;17;1;2023;12:53;1;92;92009;2;2;1;3;ADOLPHE GUYOT ( RUE );48,91790071;2,27911323
202300035176;16;1;2023;07:00;5;92;92009;2;1;1;6;ARGENTEUIL ( AVENUE D' );48,92328856;2,27588037
202300035177;16;1;2023;11:15;2;92;92004;2;1;1;3;VOLTAIRE ( BD );48,916504;2,289309
202300035178;14;1;2023;02:35;5;92;92004;2;1;2;3;DOCTEUR DERVAUX  ( QUAI DU );48,90845;2,29295
202300035179;16;1;2023;18:10;5;92;92014;2;1;1;6;HUIT MAI 1945 (RUE DU);48,78275;2,31586
202300035180;15;1;2023;16:55;1;29;29236;1;1;2;6;Kernézet;47,88696304;-3,71466186
202300035181;17;1;2023;06:30;5;37;37226;2;6;2;2;D910;47,101812;0,612381
202300035182;17;1;2023;04:30;3;90;90015;1;1;9;7;A36 pk 039.200 sens Mulhouse/Beaune;47,589458;6,857282
202300035183;16;1;2023;10:46;1;69;69175;1;1;2;6;Route Départementale 389;45,79077641;4,58551613
202300035184;16;1;2023;19:00;5;13;13081;1;1;1;2;A7-Sens Marseille vers Lyon;43,48881066;5,24058515
202300035185;17;1;2023;10:50;1;13;13215;1;1;1;6;A507 sens Aubagne- Marseille;43,34402544;5,37531776
202300035186;17;1;2023;08:00;2;13;13071;1;1;2;2;A7-Sens Marseille vers Lyon;43,40642663;5,29197251
202300035187;17;1;2023;08:10;1;13;13202;1;1;2;7;A55-Sens Martigues vers Marseille;43,312761;5,368108
202300035188;17;1;2023;07:00;3;13;13071;1;1;2;4;A7-Sens Marseille vers Lyon;43,40642454;5,29149727
202300035189;17;1;2023;08:20;1;33;33487;1;1;2;4;AUTOROUTE A10;44,939219;-0,466734
202300035190;16;1;2023;18:15;4;33;33119;1;1;2;4;ROUTE NATIONALE 230;44,851668;-0,504715
202300035191;17;1;2023;08:00;3;94;94034;1;1;1;3;A86;48,76170971;2,31572551
202300035192;16;1;2023;09:00;1;78;78640;1;1;2;5;A86 INT;48,778056;2,213416
202300035193;17;1;2023;08:25;2;95;95018;1;1;1;5;A15;48,96133067;2,2686043
202300035194;16;1;2023;14:30;1;93;93027;1;1;2;7;BDL;48,93503675;2,40334511
202300035195;16;1;2023;16:15;1;93;93066;1;1;8;6;AUTOROUTE A1;48,91529;2,35797
202300035196;15;1;2023;03:20;3;95;95582;1;1;3;2;A115;48,98062982;2,2409411
202300035197;16;1;2023;08:30;1;77;77053;1;1;3;5;RN104;48,692762;2,595246
202300035198;14;1;2023;20:45;5;988;98818;2;1;1;1;PROMENADE ROGER LAROQUE;-22,30267;166,44393
202300035199;15;1;2023;12:43;1;976;97611;2;9;1;5;tsoundzou-Kadjifouni ( rue );-12,80621;45,20859
202300035200;15;1;2023;15:15;1;974;97416;2;1;1;3;COLARDEAU (CHEMIN FERNAND);-21,3377;55,46401
202300035201;15;1;2023;15:25;1;973;97302;2;1;1;7;BADUEL (ROUTE DE);4,92859;-52,29398
202300035202;14;1;2023;12:25;1;972;97209;2;2;1;3;GENERAL DE GAULLE (BLD DU);14,60769;-61,0696
202300035203;14;1;2023;12:00;1;972;97209;1;6;1;3;REDOUTE (ROUTE DE LA);14,61505;-61,06191
202300035204;15;1;2023;14:40;1;91;91377;2;1;1;6;RTE DE PALAISEAU;48,728054;2,24538