Num_Acc;jour;mois;an;hrmn;lum;dep;com;agg;int;atm;col;adr;lat;long
202300035205;15;1;2023;14:15;1;91;91657;2;1;1;6;AV DE LA CONCORDE;48,70607;2,41846
202300035206;15;1;2023;08:35;2;88;88415;2;1;3;3;Grande Rue;48,02147;6,60695
202300035207;15;1;2023;17:50;2;85;85194;2;1;2;1;6 Rue du 8 mai 1945;46,53696;-1,7724
202300035208;15;1;2023;19:40;5;82;82033;2;3;1;3;L'USINE (RUE DE);44,04962;1,10872
202300035209;15;1;2023;09:30;1;76;76391;1;4;8;6;Rue de Rouen;49,30772667;0,98001966
202300035210;15;1;2023;19:50;3;74;74281;1;1;1;5;DRANSE (AVENUE DE LA);46,36502;6,50845
202300035211;15;1;2023;13:15;1;69;69264;2;1;1;3;Rue Ernest Renan;45,99384;4,70729
202300035212;15;1;2023;01:10;3;60;60175;1;4;2;6;SORTIE RN 16 ACCES ROUTE DE CHANTI;49,24724678;2,47665095
202300035213;15;1;2023;20:10;5;59;59410;2;2;2;3;ACACIAS AVENUE DES;50,642;3,104
202300035214;15;1;2023;11:00;1;59;59350;2;3;7;3;LOUIS XIV BOULEVARD;50,62883;3,07362
202300035215;14;1;2023;04:05;5;59;59350;1;2;1;6;SOLFERINO RUE N°1 - 159;50,63023;3,05668
202300035216;14;1;2023;17:50;5;54;54528;2;9;3;6;Avenue du General Bigeard;48,670179;5,890251
202300035217;14;1;2023;19:55;5;54;54528;2;1;2;6;Rue Albert Denis;48,6668;5,88228
202300035218;15;1;2023;13:40;1;54;54482;2;1;1;6;Rue Alexandre 1er;48,70057483;6,20258152
202300035219;15;1;2023;21:20;3;54;54323;1;1;2;6;52 (ROUTE NATIONALE);49,52601;5,75416
202300035220;15;1;2023;06:45;5;48;48095;2;4;2;6;FLEURS (RUE DES);44,52482;3,50356
202300035221;13;1;2023;17:00;2;35;35115;2;1;8;6;FORET (RUE DE LA);48,35877867;-1,19304389
202300035222;15;1;2023;06:45;5;34;34172;2;7;1;7;210 Rue Mathieu Laurens;43,60525;3,8921
202300035223;15;1;2023;02:40;5;34;34172;2;3;1;2;679 Avenue des Prés d'Arènes;43,59154;3,88221
202300035224;15;1;2023;16:10;1;30;30007;2;3;1;3;ARAGO (RUE);44,12765;4,07315
202300035225;16;1;2023;00:40;5;27;27229;2;6;3;7;SAINT ANDRE (ROUTE DE);49,00966;1,16658
202300035226;14;1;2023;18:30;5;13;13210;2;1;1;6;SAINT LOUP (BOULEVARD DE);43,28221035;5,4300152
202300035227;14;1;2023;21:45;5;13;13210;2;1;1;1;L ARMEE D AFRIQUE (CHEMIN DE L');43,28862;5,40929
202300035228;14;1;2023;17:00;1;13;13001;1;3;1;3;BERRE (ROUTE DE);43,53961;5,37831
202300035229;15;1;2023;10:55;1;6;6088;2;1;1;6;TURIN (RTE DE);43,718831;7,28497
202300035230;15;1;2023;16:15;1;6;6069;1;1;1;6;BELLETRUD (BOULEVARD DU DOCTEUR);43,665447;6,89584
202300035231;15;1;2023;10:10;1;2;2738;2;3;1;3;14 Boulevard Jean de la Fontaine;49,650173;3,287017
202300035232;14;1;2023;12:55;1;75;75116;2;5;2;6;AVENUE PAUL DOUMER;48,85824;2,274849
202300035233;16;1;2023;19:40;5;75;75106;2;4;1;3;BOULEVARD SAINT MICHEL;48,841421;2,337499
202300035234;14;1;2023;20:50;5;75;75114;2;1;2;6;RUE RAYMOND LOSSERAND;48,831799;2,314118
202300035235;16;1;2023;09:50;1;75;75112;2;1;2;6;RUE DE CHARENTON;48,85278;2,370669
202300035236;15;1;2023;06:00;5;75;75112;2;2;2;6;BOULEVARD DIDEROT;48,847349;2,386798
202300035237;16;1;2023;08:15;4;75;75110;2;4;2;6;RUE DU CHATEAU LANDON;48,878856;2,362348
202300035238;16;1;2023;12:57;1;75;75109;2;7;2;6;PLACE DE L OPERA;48,871067;2,331951
202300035239;16;1;2023;16:00;1;75;75108;2;2;2;7;RUE DE LA PEPINIERE;48,875144;2,322954
202300035240;28;7;2023;16:50;1;78;78389;2;1;3;1;Route de la Bardelle;48,802804;1,815839
202300035241;19;7;2023;08:25;1;78;78605;2;1;1;6;4 Grande Rue;48,838043;1,678317
202300035242;28;7;2023;23:15;3;34;34167;1;1;1;6;RD16;43,287101;3,022624
202300035243;29;7;2023;15:05;1;5;5007;1;1;1;3;Route départementale 902;44,758528;6,747451
202300035244;29;7;2023;00:00;5;13;13018;1;1;1;5;D24 route de St Andiol;43,854204;4,951841
202300035245;28;7;2023;16:10;1;13;13041;1;1;1;1;D46a;43,460064;5,489039
202300035246;28;7;2023;15:45;1;67;67525;1;1;2;1;D75;48,607628;7,442046
202300035247;28;7;2023;09:45;1;63;63077;1;4;1;1;D996;45,577898;2,880875
202300035248;29;7;2023;17:30;1;42;42285;2;6;3;6;Avenue du Prieuré;45,554809;4,131321
202300035249;28;7;2023;23:55;1;1;1275;1;1;1;6;Route du Mas Rillier;45,82555;4,923559
202300035250;28;7;2023;20:40;1;81;81271;2;1;1;6;Avenue Rhin et Danube;43,774158;1,685597
202300035251;30;5;2023;17:20;1;33;33535;2;1;1;6;Avenue du Desclaud;44,845334;-0,470395
202300035252;29;7;2023;11:45;1;22;22259;2;1;1;3;19 Boulevard de Preval;48,45869207;-2,0636116
202300035253;28;7;2023;14:50;1;60;60282;1;6;2;2;D1016;49,205843;2,461538
202300035254;25;7;2023;18:25;2;13;13071;1;1;1;2;A51-Sens Aix en Provence vers Marseille;43,4166;5,36507
202300035255;25;7;2023;17:45;1;13;13019;1;1;1;2;A51-Sens Marseille vers Aix en Provence;43,42547;5,3775
202300035256;27;7;2023;23:43;5;13;13207;1;1;1;6;Tunnel Prado Carénage;43,29070287;5,36804215
202300035257;28;7;2023;02:40;3;83;83035;1;1;2;6;A50;43,18073151;5,7697739
202300035258;28;7;2023;16:35;1;94;94003;1;1;2;5;A6A;48,80389457;2,3420366
202300035259;27;7;2023;20:30;1;78;78498;1;1;2;3;A13;48,905074;2,005316
202300035260;28;7;2023;10:00;1;78;78007;1;1;2;4;A13W;48,897474;2,006129
202300035261;28;7;2023;08:05;1;92;92063;1;1;2;7;A86;48,89044962;2,17238729
202300035262;28;7;2023;00:35;3;78;78043;1;1;2;2;A13Y;48,850213;2,069036
202300035263;27;7;2023;17:21;1;78;78043;1;1;2;5;A13Y;48,844822;2,088042
202300035264;27;7;2023;15:40;2;78;78455;1;1;2;2;A13;48,860845;2,046942
202300035265;28;7;2023;13:30;1;93;93066;1;1;3;4;AUTOROUTE A1;48,91936344;2,35754643
202300035266;28;7;2023;10:10;1;95;95582;1;1;3;7;A115;48,97402708;2,24421501
202300035267;28;7;2023;01:25;3;93;93053;1;1;8;6;AUTOROUTE A86;48,89375409;2,47211909
202300035268;27;7;2023;23:40;3;95;95527;1;1;2;6;A3;48,98390662;2,50297308
202300035269;27;7;2023;21:30;3;93;93053;1;1;2;6;AUTOROUTE A103;48,88833;2,47219
202300035270;27;7;2023;19:15;1;95;95018;1;1;3;6;A15;48,95778;2,2741
202300035271;28;7;2023;07:00;1;94;94069;1;1;2;2;A4;48,81737044;2,42861395
202300035272;15;6;2023;21:50;2;78;78372;2;1;1;6;AUGUSTE RENOIR (AVENUE);48,879421;2,090204
202300035273;21;4;2023;15:05;1;45;45179;2;2;1;2;26 Route d'Orléans;47,771259;1,693284
202300035274;27;7;2023;21:50;5;976;97611;2;3;1;3;m'tsapere-Mosquée Maevantana (ruelle );-12,7877;45,21862
202300035275;18;6;2023;10:45;1;976;97611;2;9;1;3;m'tsapere-Nationale 2 (route);-12,78762;45,22538
202300035276;16;6;2023;07:40;1;976;97611;2;1;1;3;Avenue Martin Luther King;-12,771;45,225267
202300035277;27;7;2023;13:45;1;974;97416;1;1;2;3;RN03;-21,34055;55,4935
202300035278;26;7;2023;06:45;2;974;97411;2;1;1;7;JAURES (BLD 1 JEAN);-20,88933;55,45044
202300035279;16;6;2023;09:00;1;974;97411;2;1;1;6;COTONNIERS (ALLEE DES);-20,89497;55,46025
202300035280;14;6;2023;11:20;1;974;97409;2;1;1;6;PENTE SASSY (chemin de la);-20,96616;55,65925
202300035281;15;6;2023;07:45;1;974;97407;2;3;1;1;ANGLAIS (CHE DES) - RIVIERE DES GALETS ;-20,95543;55,31474
202300035282;27;7;2023;18:48;5;973;97302;2;1;1;6;MADELEINE (ROUTE DE LA);4,91405;-52,32082
202300035283;18;6;2023;17:20;1;973;97302;2;2;1;3;VOLTAIRE(AVENUE);4,94238022;-52,32242525
202300035284;17;6;2023;06:25;2;973;97302;2;3;1;3;CATAYEE (JUSTIN);4,93032;-52,326
202300035285;16;6;2023;16:15;1;973;97302;2;6;1;2;BADUEL (ROUTE DE);4,92934;-52,30298
202300035286;15;6;2023;19:20;5;973;97302;2;2;1;3;N'ZILA (CITE);4,93588309;-52,32466677
202300035287;27;7;2023;12:40;1;69;69387;2;1;1;3;11 Cours Gambetta;45,75545122;4,84233908
202300035288;17;6;2023;04:00;5;69;69387;2;3;1;1;Avenue Tony Garnier;45,72626;4,83563
202300035289;16;6;2023;12:25;1;69;69387;2;7;1;6;Place Jean Macé;45,74523;4,84179
202300035290;16;6;2023;08:30;1;69;69388;2;2;1;3;Rue Villon;45,74056;4,86388
202300035291;15;6;2023;13:00;1;69;69387;2;2;1;3;Rue Montesquieu;45,75134;4,8449
202300035292;15;6;2023;11:00;1;69;69388;2;2;1;3;Rue Professeur Beauvisage;45,72972;4,86857
202300035293;18;6;2023;13:40;1;972;97209;2;1;1;3;GOUVERNEUR FOURREAU (RUE DU);14,61303;-61,07247
202300035294;16;6;2023;04:00;3;972;97209;1;1;1;6;RN9;14,59623;-61,05596
202300035295;15;6;2023;02:45;5;69;69389;2;1;1;6;33 Rue de Saint-Cyr;45,77953;4,80721
202300035296;15;6;2023;07:08;1;2B;2B033;2;1;1;2;11 - RT;42,67716;9,4445
202300035297;27;7;2023;10:00;1;971;97101;1;1;1;3;RN1-  HAUTEUR DE SORTIE LAURICISQUE;16,25396;-61,53677
202300035298;26;7;2023;08:10;1;971;97101;2;1;1;4;NEREE;16,26946;-61,50326
202300035299;15;6;2023;18:20;1;971;97101;2;1;1;2;PERRIN (SECTEUR);16,27;-61,52
202300035300;15;6;2023;09:35;1;971;97113;2;1;1;6;MONTAUBAN (SECTEUR);16,20611;-61,49582
202300035301;27;7;2023;15:55;1;95;95280;2;1;2;6;ROGER SALENGRO ( BOULEVARD);49,03814;2,467804
202300035302;18;6;2023;08:50;1;95;95280;2;3;1;1;ALICE (RUE);49,02371;2,46534
202300035303;15;6;2023;18:29;1;95;95277;2;1;1;2;POMPIDOU GEORGES (AVENUE);48,9904473;2,43018329
202300035304;16;6;2023;08:20;1;95;95197;2;1;1;2;D928;48,96468;2,32075
202300035305;26;7;2023;22:15;3;95;95127;2;9;2;6;OISE (BOULEVARD DE L');49,03556;2,08163
202300035306;14;6;2023;11:53;1;91;91645;2;3;1;6;SOLLIERE (CHEMIN DE LA);48,74476;2,25832
202300035307;16;6;2023;14:25;1;91;91114;2;1;1;6;RTE NATIONALE 6;48,68389;2,48958
202300035308;15;6;2023;19:50;1;91;91421;2;1;1;6;COLBERT (ALLEE);48,69757;2,45487
202300035309;15;6;2023;16:50;1;91;91114;2;1;1;2;RTE NATIONALE 6;48,678691;2,495793
202300035310;27;7;2023;19:30;1;91;91687;2;1;2;2;GENERAL DE GAULLE (AVENUE DU);48,68063;2,37986
202300035311;14;6;2023;22:40;5;91;91326;2;1;1;4;COUR DE FRANCE (AVENUE DE LA);48,68877;2,37103
202300035312;15;6;2023;17:17;1;91;91433;2;1;1;6;AUVERS (RUE D');48,46914;2,19515
202300035313;26;7;2023;15:18;1;87;87085;2;1;1;6;FAURE (AVENUE DU PROFESSEUR MARCEL);45,81516;1,24416
202300035314;26;7;2023;12:15;1;83;83137;2;1;1;6;BOURGES (BD COMMMANDANT ANDRE);43,10534;5,93103
202300035315;26;7;2023;19:15;1;83;83069;2;1;1;1;MADRAGUE (ROUTE DE LA);43,04107;6,12795
202300035316;27;7;2023;12:45;1;83;83069;2;9;1;3;AVENUE RITONDALE LEOPOLD;43,11345;6,12965
202300035317;14;6;2023;23:45;3;79;79355;1;1;1;7;N/A;46,33483;-0,37463
202300035318;27;7;2023;16:35;1;77;77132;1;1;3;3;AV ROBERT SCHUMAN;48,86462;2,79132
202300035319;26;7;2023;18:08;1;76;76540;2;6;1;3;Rue de Sotteville;49,42576;1,08755
202300035320;14;6;2023;14:40;1;76;76351;2;1;1;5;BOIS AU COQ (AVENUE);49,51696;0,11913
202300035321;14;6;2023;19:45;1;72;72181;2;3;1;1;GLONNIERES (BD) N° PAIRS;47,973866;0,218862
202300035322;14;6;2023;11:04;1;72;72181;2;1;1;3;MAC JEAN (AV) N° IMP 107 ET plus;47,97922;0,2248
202300035323;26;7;2023;08:30;1;71;71270;2;9;1;3;SAINT-CLEMENT (PLACE);46,29759;4,82128
202300035324;27;7;2023;18:20;1;71;71475;2;1;1;2;LYON (ROUTE DE );46,77322617;4,8446247
202300035325;16;6;2023;18:00;1;69;69275;2;6;1;2;Rocade est;45,77075344;4,98427927
202300035326;15;6;2023;17:45;1;69;69266;2;3;1;2;Rue du 8 Mai 1945;45,77656;4,8931
202300035327;15;6;2023;16:20;1;69;69286;2;3;1;6;Avenue de l'Europe;45,81592;4,89877
202300035328;27;7;2023;18:00;1;69;69264;2;1;1;4;Route de Frans;45,98397;4,74022
202300035329;15;6;2023;12:00;1;69;69290;2;1;1;3;Rue de l'Egalité;45,68819;4,94679
202300035330;27;7;2023;15:45;1;67;67218;2;1;1;3;GLACIERE (RUE DE LA);48,5313;7,7137
202300035331;15;6;2023;11:48;1;66;66136;2;1;1;2;N/A;42,706131;2,90919
202300035332;18;4;2023;18:59;1;65;65440;2;2;1;3;Rue Massey;43,2396;0,07381
202300035333;27;7;2023;14:10;1;64;64189;2;3;1;3;MITTERRAND FRANCOIS  (AVENUE);43,37997;-1,66208
202300035334;26;7;2023;10:02;1;64;64102;2;1;1;6;BOURGNEUF (RUE);43,49127;-1,4727
202300035335;16;6;2023;09:30;1;63;63113;2;1;1;6;AUGER (RUE);45,78202;3,1059
202300035336;16;6;2023;10:25;1;63;63113;2;6;1;3;BOURDON / Blériot;45,79821;3,14749
202300035337;15;6;2023;21:30;1;63;63113;2;3;1;3;BRUGIERE /Gravanche;45,7896;3,11794
202300035338;27;7;2023;00:45;5;62;62193;1;1;2;2;A216;50,93597022;1,90709938
202300035339;23;7;2023;22:20;5;62;62193;2;2;1;2;Boulevard Victor Hugo;50,943092;1,871851
202300035340;2;6;2023;23:20;5;62;62193;2;6;1;3;D940;50,951877;1,832609
202300035341;27;7;2023;17:40;1;62;62848;1;1;1;6;D941;50,50952;2,64935
202300035342;15;6;2023;11:25;1;60;60057;2;2;1;6;Rue du Morvan;49,43868676;2,09677613
202300035343;15;6;2023;22:45;5;59;59650;2;2;1;3;VALLON (RUE);50,70426;3,22582
202300035344;13;6;2023;17:35;1;59;59043;2;3;1;6;ANCIENNE POSTE AUX CH (RUE DE L');50,73675;2,73916
202300035345;27;7;2023;22:33;5;57;57463;2;2;2;7;SOLIDARITE (BOULEVARD DE LA );49,10717124;6,22196317
202300035346;14;6;2023;09:40;1;56;56121;2;1;1;6;CHAZELLES ( COURS LOUIS  DE );47,7566;-3,36431
202300035347;14;6;2023;14:10;1;56;56121;2;1;1;7;THOREZ (RUE  MAURICE );47,74205;-3,39368
202300035348;14;6;2023;12:15;1;54;54395;2;1;1;4;Boulevard Lobau;48,68068046;6,19820416
202300035349;14;6;2023;07:50;1;54;54547;2;2;1;6;BRIAND (RUE ARISTIDE);48,67051545;6,17892712
202300035350;15;6;2023;11:00;1;51;51454;2;1;1;6;BIR HAKEIM (RUE);49,25543;4,022
202300035351;14;6;2023;19:45;1;51;51454;2;6;1;3;avenue François Mauriac;49,232901;4,004006
202300035352;15;6;2023;16:13;1;49;49015;2;1;1;7;ALLENDE AVENUE SALVADOR;47,50451;-0,60577
202300035353;15;6;2023;17:30;1;49;49007;1;1;1;2;ATLANTIQUE  AVENUE DE L';47,46579;-0,58002
202300035354;15;6;2023;17:15;1;49;49267;1;6;1;3;CHANTERIE;47,48143;-0,49148
202300035355;14;6;2023;17:30;1;49;49007;2;1;1;3;ROOSEVELT;47,4702;-0,5519
202300035356;15;6;2023;12:50;1;43;43157;2;3;1;3;BREUIL (PLACE DU);45,042012;3,882708
202300035357;14;6;2023;14:20;1;43;43089;2;1;1;6;Rue Ernest Rogues;45,047378;3,863375
202300035358;4;7;2023;23:00;5;42;42218;2;9;1;3;Rue des Docteurs Henri et Bernard Muller;45,45267;4,39887
202300035359;14;6;2023;14:20;1;42;42218;2;1;1;6;Boulevard Antonio Vivaldi;45,4648;4,40878
202300035360;16;6;2023;01:40;5;37;37261;2;2;1;3;PAS NOTRE-DAME (RUE DU);47,41424;0,69666
202300035361;15;6;2023;15:00;1;37;37122;1;1;1;2;RD 37;47,34754757;0,64618993
202300035362;14;6;2023;15:47;1;37;37214;2;1;1;6;DE GAULLE (BD CHARLES);47,411;0,6774
202300035363;27;7;2023;17:20;1;35;35238;2;3;2;3;LORIENT (DE);48,10693;-1,726
202300035364;16;6;2023;19:15;1;35;35238;2;6;1;3;FORCES FRANCAISES DE L'ONU (ROND POINT);48,08961;-1,68179
202300035365;16;6;2023;18:25;1;35;35238;1;1;1;2;RN 12;48,12728127;-1,71239734
202300035366;16;6;2023;16:30;1;35;35238;2;1;1;6;ANJOU (D');48,11405;-1,65965
202300035367;15;6;2023;20:05;1;35;35238;2;1;1;3;VOLTAIRE (BD);48,10508372;-1,69437021
202300035368;27;7;2023;13:10;1;35;35115;2;1;2;1;BAYETTE ROUSSE (CHEMIN DE LA);48,3412;-1,2068
202300035369;13;6;2023;19:15;1;34;34301;1;1;1;3;Route de Pontmartin;43,407279;3,711735
202300035370;27;7;2023;07:45;1;33;33063;2;1;1;3;Avenue des Trois Cardinaux;44,88762116;-0,55184519
202300035371;26;7;2023;19:50;1;33;33013;2;1;1;3;Avenue de Virecourt;44,85397;-0,50095
202300035372;16;6;2023;19:55;1;28;28134;2;9;1;1;BATES (AVE DES);48,74342;1,34671
202300035373;16;6;2023;17:25;1;28;28134;2;1;1;6;VIOLETTE (RUE MAURICE);48,7366;1,36657
202300035374;14;6;2023;12:30;1;28;28134;2;1;1;6;LEMOULEC (RUE CHARLES);48,73297;1,37992
202300035375;27;7;2023;05:19;4;27;27229;2;2;1;3;QUATORZE JUILLET (BOULEVARD);49,006484;1,162356
202300035376;15;6;2023;17:28;1;27;27229;2;9;1;6;JAURES (RUE JEAN);49,02178;1,15132
202300035377;14;6;2023;18:00;1;27;27306;2;1;7;6;RUE HENRI GUILLAUMET;49,00396;1,17625
202300035378;27;7;2023;14:55;1;26;26198;2;1;1;6;Boulevard Meynot;44,55548;4,75096
202300035379;27;7;2023;16:25;1;22;22187;2;1;2;3;JEAN BART;48,54133;-2,72751
202300035380;18;6;2023;14:50;1;18;18279;2;1;1;7;34 Rue Jacques Brel;47,199341;2,081218
202300035381;16;6;2023;08:30;1;18;18279;2;3;1;1;39 Rue de la Convention;47,21975;2,10361
202300035382;16;6;2023;10:52;1;17;17300;2;1;1;6;GUILBAUD   RUE;46,165656;-1,159037
202300035383;14;6;2023;17:15;1;17;17291;2;9;1;3;QUATORZE JUILLET   RUE DU;46,17359;-1,1182
202300035384;22;7;2023;12:53;1;15;15014;2;6;1;2;N122 giratoire de l 'europe;44,90825;2,4225
202300035385;15;6;2023;22:30;5;13;13106;2;1;1;7;BEDOULE (CHEMIN DE LA);43,39829;5,35379
202300035386;27;7;2023;21:10;5;13;13211;2;1;1;1;JEAN LOMBARD (AVENUE);43,28898623;5,43153428
202300035387;27;7;2023;10:45;1;13;13213;2;6;1;1;FRAIS VALLON (AVENUE);43,3252;5,42839
202300035388;26;7;2023;14:30;1;13;13205;2;2;1;3;JEANNE D'ARC (BOULEVARD);43,29371;5,40152
202300035389;27;7;2023;16:00;1;13;13028;2;3;1;3;CD 559;43,183;5,668
202300035390;15;6;2023;12:10;1;13;13001;2;2;1;6;DE LATTRE DE TASSIGNY (AV);43,53225598;5,43742389
202300035391;26;7;2023;18:00;1;12;12028;1;3;1;3;RD 840;44,58124;2,20073
202300035392;26;7;2023;20:13;1;11;11262;2;1;1;6;N/A;43,185815;3,020601
202300035393;14;6;2023;06:55;1;11;11069;2;1;2;3;N/A;43,220296;2,3842
202300035394;26;7;2023;17:10;1;9;9122;2;1;1;4;CROS (cours Irénée);42,96818;1,60824
202300035395;27;7;2023;18:25;1;7;7070;2;1;1;2;COLONNEL ROUSSET (AVENUE DU);44,97054;4,85096
202300035396;27;7;2023;13:40;1;6;6069;2;1;1;3;MARIGARDE (ROUTE DE LA);43,653951;6,934541
202300035397;15;6;2023;14:45;1;6;6029;2;2;1;6;REPUBLIQUE (BOULEVARD DE LA);43,55487;7,02497
202300035398;28;7;2023;00:15;5;6;6123;2;1;1;6;BORD DE MER RN 98;43,658502;7,18693
202300035399;26;7;2023;16:39;1;3;3185;2;2;1;3;LEDRU - ROLLIN ( QUAI );46,34375;2,59979
202300035400;27;7;2023;10:35;1;1;1053;2;9;1;6;STAND ( RUE DU );46,19537;5,22956
202300035401;27;7;2023;16:20;1;75;75116;2;1;2;3;PORTE D AUTEUIL;48,844085;2,254681
202300035402;27;7;2023;19:30;1;75;75118;2;2;2;3;RUE DAMREMONT;48,890551;2,334289
202300035403;27;7;2023;14:00;1;75;75117;2;2;2;3;NON DENOMMEE C/17;48,88861164;2,31565833
202300035404;26;7;2023;14:00;1;75;75117;2;3;1;3;RUE DE TOCQUEVILLE;48,886716;2,308657
202300035405;27;7;2023;17:20;1;75;75115;2;2;2;1;RUE DE LA CONVENTION;48,841096;2,287903
202300035406;27;7;2023;10:50;1;75;75113;2;2;8;3;BOULEVARD VINCENT AURIOL;48,836363;2,371338
202300035407;27;7;2023;01:30;5;75;75112;2;2;1;2;PONT CHARLES DE GAULLE;48,84321;2,370305
202300035408;26;7;2023;16:25;1;75;75104;2;2;1;3;RUE MORNAY;48,849514;2,365626
202300035409;25;7;2023;17:30;1;75;75103;2;2;2;3;BOULEVARD DE SEBASTOPOL;48,86622;2,352533
202300035410;27;7;2023;13:00;1;94;94081;2;1;1;3;Avenue Youri Gagarine;48,78718;2,39106
202300035411;25;7;2023;11:41;1;94;94080;2;1;8;3;Avenue de Paris;48,84567618;2,42687291
202300035412;24;7;2023;08:30;1;94;94015;2;1;1;3;Rue basse d'Aval;48,833886;2,518577
202300035413;27;7;2023;18:00;1;94;94043;2;1;2;2;Rue Gabriel Péri;48,81144;2,35128
202300035414;27;7;2023;16:14;1;94;94022;2;1;2;3;Avenue Victor Hugo;48,76894;2,42082
202300035415;27;7;2023;18:00;1;93;93048;2;2;2;3;Rue Emile Beaufils / Rue de la Demi-Lune;48,87567;2,45906
202300035416;27;7;2023;03:06;5;93;93032;2;1;1;6;Rue de Franceville;48,8900071;2,54558101
202300035417;27;7;2023;09:40;1;92;92050;2;1;1;2;VAILLANT COUTURIER PAUL RUE;48,88202979;2,20481819
202300035418;27;7;2023;15:00;1;92;92025;2;2;2;3;VALMY (BD DE);48,93431;2,25594
202300035419;27;7;2023;14:18;1;92;92025;2;1;2;5;VALMY (PLACE);48,93654616;2,25714684
202300035420;22;7;2023;00:50;5;92;92004;2;1;1;7;ARGENTEUIL ( AVENUE D' );48,92106;2,2786
202300035421;27;7;2023;17:32;1;92;92014;2;2;3;3;FONTENAY (RUE);48,78313;2,31507
202300035422;28;7;2023;17:00;1;2A;2A272;1;1;1;1;RT 40;41,650325;8,939551
202300035423;27;7;2023;17:00;1;1;1416;1;4;1;1;D1504;45,921442;5,50341
202300035424;27;7;2023;22:30;3;41;41185;1;1;1;6;D724;47,338954;1,713814
202300035425;27;7;2023;18:50;1;6;6161;1;1;1;3;1321 Route du Bord de Mer;43,627938;7,133804
202300035426;27;7;2023;16:18;1;972;97227;1;1;1;6;Cite Morne Pavillon;14,468544;-60,934516
202300035427;25;7;2023;13:10;1;83;83086;1;1;6;6;chemin de la roquette;43,462303;6,561456
202300035428;27;7;2023;16:25;1;11;11111;1;2;1;3;N/A;43,21054;2,827496
202300035429;25;7;2023;00:45;3;26;26138;1;9;3;1;A7 - PK 133.700 - sens N/S;44,405519;4,729078
202300035430;28;7;2023;10:30;1;52;52014;1;1;3;6;A31 PK 96.900;47,768529;5,193272
202300035431;27;7;2023;17:55;1;67;67006;1;1;1;1;D230;48,71928449;7,45346336
202300035432;27;7;2023;19:36;1;54;54082;1;1;3;3;D603;49,161834;5,823542
202300035433;27;7;2023;20:18;1;79;79136;1;3;1;3;N/A;46,153021;-0,063037
202300035434;28;7;2023;14:00;1;26;26160;2;1;1;3;Avenue de la Croix des Mailles;45,19697;4,814608
202300035435;20;5;2023;13:35;1;33;33529;1;1;1;4;RD 1250 (Camicas - Sortie Dune);44,61823;-1,12965
202300035436;19;5;2023;15:40;1;31;31555;2;1;1;3;AV DU DR MAURICE GRYNFOGEL;43,58007188;1,36858039
202300035437;17;5;2023;11:35;1;31;31555;2;1;1;2;METZ (RUE DE) DU 1AU 19;43,60009723;1,44259326
202300035438;5;5;2023;13:25;1;30;30189;2;1;1;6;ALLENDE SALVADOR (RUE);43,82465;4,37013
202300035439;18;5;2023;19:35;1;29;29039;2;3;1;3;Rue de Lanriec;47,86996;-3,9045
202300035440;20;5;2023;18:25;1;29;29019;2;9;1;6;rue Gustave Flaubert;48,375514;-4,544209
202300035441;20;5;2023;23:12;5;28;28134;2;2;1;3;KENNEDY (AVENUE DU PRESIDENT);48,72956;1,3832
202300035442;8;11;2023;07:23;2;83;83137;1;1;1;3;A50;43,12476769;5,90137449
202300035443;19;5;2023;17:55;1;25;25056;2;1;1;2;DOLE RUE DE (entre 82 et 185);47,22005;5,95321
202300035444;9;11;2023;09:39;1;33;33550;1;1;2;3;ROCADE A 630;44,78178047;-0,58327585
202300035445;8;11;2023;17:30;3;59;59195;1;1;3;2;ROUTE NATIONALE 41;50,62165;2,96215
202300035446;17;5;2023;12:25;1;21;21231;2;3;7;3;POINT DU JOUR (RUE);47,317321;5,060594
202300035447;11;5;2023;11:10;1;19;19031;2;1;1;6;SEMARD (AVENUE PIERRE) A PARTIR DE N° 75;45,15522977;1,51551783
202300035448;9;11;2023;15:50;2;91;91553;1;1;2;5;RN 104;48,63077;2,48777
202300035449;9;11;2023;10:00;1;92;92048;1;1;1;7;N118;48,81213557;2,21352626
202300035450;19;5;2023;16:18;1;17;17300;2;2;1;3;MOULIN   AVENUE JEAN;46,1447;-1,13787
202300035451;9;11;2023;20:50;3;92;92036;1;1;2;6;AUTOROUTE A15;48,93788866;2,29766722
202300035452;20;5;2023;01:25;3;16;16102;1;1;1;7;GOELLER (RUE JULES);45,715235;-0,328723
202300035453;9;11;2023;18:40;3;93;93048;1;1;2;6;AUTOROUTE A3;48,87238;2,43436
202300035454;20;5;2023;18:30;1;14;14701;1;3;1;7;Route de Beaumont;49,30628;0,08213
202300035455;9;11;2023;13:00;1;93;93008;1;1;1;3;AUTOROUTE A86;48,90861;2,44966
202300035456;9;11;2023;09:00;1;93;93066;1;1;1;3;AUTOROUTE A1;48,9336534;2,38109544
202300035457;19;5;2023;19:50;1;13;13026;2;9;2;3;CURIE (bld Pierre et Marie);43,38675;5,1585
202300035458;8;11;2023;09:05;1;93;93048;1;1;1;5;AUTOROUTE A3;48,8708613;2,43145626
202300035459;9;11;2023;15:00;1;77;77337;1;1;2;6;RN104;48,82640425;2,61687495
202300035460;19;5;2023;21:40;5;13;13206;2;1;2;6;TOULON (AVENUE DE);43,28518;5,38901
202300035461;23;7;2023;19:00;1;14;14214;1;1;3;6;N13;49,28334;-0,74661
202300035462;19;5;2023;14:15;1;13;13208;2;1;8;3;RABATAU (BOULEVARD);43,27682;5,3989
202300035463;2;7;2023;18:40;1;14;14726;1;1;1;1;D290;48,892169;-0,787615
202300035464;20;5;2023;22:25;5;13;13005;2;9;3;1;RN 8;43,28852;5,55682
202300035465;20;5;2023;06:20;2;13;13005;2;1;2;1;EOURES (ROUTE D');43,30350183;5,53110346