Num_Acc;jour;mois;an;hrmn;lum;dep;com;agg;int;atm;col;adr;lat;long
202300035466;7;4;2023;21:20;5;93;93048;2;2;1;3;Boulevard Théophile Sueur / Rue des Ruffins;48,86331391;2,4666761
202300035467;19;5;2023;12:05;1;13;13005;2;4;1;3;VERDUN (AVENUE DE);43,2878;5,57889
202300035468;19;5;2023;12:45;1;6;6069;1;1;2;4;PAOUTE (ROUTE ET TRAVERSE DE LA);43,634975;6,956939
202300035469;22;7;2023;16:00;1;13;13104;2;1;1;4;D5;43,330351;5,099396
202300035470;23;6;2023;08:26;1;69;69290;1;2;1;4;Boulevard de la Porte des Alpes;45,71192;4,92059
202300035471;14;7;2023;18:58;1;32;32279;1;1;1;6;D 515;43,700923;0,621607
202300035472;10;5;2023;08:10;1;5;5061;2;9;1;3;JEAN JAURES ( AVENUE );44,55357;6,07301
202300035473;22;6;2023;09:30;1;69;69290;2;1;8;6;34 Avenue Charles de Gaulle;45,70285;4,9297
202300035474;28;5;2023;15:35;1;32;32279;2;1;1;6;D272;43,688671;0,657489
202300035475;19;5;2023;19:10;1;75;75117;2;1;1;5;PORTE DE CHAMPERRET;48,885193;2,287302
202300035476;23;6;2023;10:30;1;67;67482;2;1;1;5;VOSGES (AVENUE DES);48,59017;7,74938
202300035477;19;5;2023;17:45;1;75;75112;2;1;1;2;ECHANGEUR BERCY;48,828471;2,397418
202300035478;7;11;2023;08:10;1;974;97416;1;1;1;3;RN2 (2);-21,34008;55,49283
202300035479;7;11;2023;08:00;1;974;97416;1;1;1;6;RN1 (ROUTE NATIONALE);-21,30284;55,42652
202300035480;19;5;2023;02:10;5;75;75112;2;1;1;2;ECHANGEUR CHARENTON;48,828768;2,398716
202300035481;22;6;2023;17:45;1;66;66136;1;1;1;4;;42,69761;2,86399
202300035482;19;10;2023;22:20;5;971;97101;2;1;1;7;DE MARIE GALANTE - RAIZET (RUE);16,25459;-61,53092
202300035483;17;5;2023;16:40;1;75;75117;2;1;1;4;PORTE DE CHAMPERRET;48,885193;2,287302
202300035484;8;9;2023;14:00;1;971;97101;1;1;1;7;BEAUSOLEIL;16,28237;-61,47851
202300035485;24;6;2023;03:00;5;64;64483;2;1;1;1;HUGO VICTOR (BOULEVARD);43,38901;-1,6581
202300035486;23;6;2023;08:45;1;64;64335;1;1;1;2;D817;43,34269;-0,41209
202300035487;19;5;2023;18:33;1;75;75120;2;2;1;6;RUE DE MENILMONTANT;48,869209;2,391907
202300035488;8;11;2023;16:15;1;2A;2A004;2;1;1;6;AVENUE DU DOCTEUR NOEL FRANCHINI;41,94276;8,75693
202300035489;8;11;2023;08:20;1;88;88209;2;1;2;6;THIERS (RUE);48,19693;6,43383
202300035490;18;5;2023;15:42;1;75;75107;2;3;1;2;AVENUE BOSQUET;48,859835;2,303019
202300035491;22;6;2023;17:30;1;64;64132;2;6;1;2;ALBERT 1ER;43,2843;-0,34559
202300035492;7;11;2023;16:54;1;87;87085;2;1;1;6;JOLIOT CURIE (RUE IRENE ET FREDERIC);45,83244;1,22371
202300035493;19;5;2023;09:00;2;75;75120;2;1;1;3;RUE DES PYRENEES;48,862875;2,399867
202300035494;23;6;2023;16:00;1;64;64102;2;1;1;6;TILLOLE (RUE DE LA);43,4879;-1,45656
202300035495;23;6;2023;08:31;2;64;64024;2;1;1;6;PONT DE L'AVEUGLE (RUE DU);43,49973;-1,49506
202300035496;19;5;2023;18:53;1;75;75119;2;2;1;3;RUE DE CRIMEE;48,87958;2,38951
202300035497;7;11;2023;07:55;2;87;87050;1;2;1;5;RN 147;45,90599;1,22416
202300035498;19;5;2023;20:52;2;75;75118;2;2;1;3;PORTE DE LA CHAPELLE;48,898697;2,359013
202300035499;22;6;2023;18:20;1;64;64102;2;1;1;5;SOULT (AVENUE MARECHAL);43,48649353;-1,48821831
202300035500;19;5;2023;12:00;1;75;75118;2;2;1;6;RUE ORDENER;48,891185;2,351622
202300035501;8;11;2023;11:20;1;78;78517;1;9;1;6;D 937;48,66545;1,838244
202300035502;19;5;2023;17:10;1;75;75116;2;1;1;6;AVENUE MARCEAU;48,870334;2,29787
202300035503;22;6;2023;14:50;1;62;62842;1;1;1;1;Rue du 8 Mai;50,456017;2,849706
202300035504;18;5;2023;21:00;1;75;75116;2;3;1;6;RUE DE SAIGON;48,874125;2,291264
202300035505;8;11;2023;18:20;5;77;77373;2;1;1;2;AV DU GENERAL DE GAULLE;48,801951;2,612512
202300035506;23;6;2023;12:35;1;61;61001;2;1;1;3;Rue Georges Leclanche;48,44946;0,08948
202300035507;8;11;2023;12:50;1;77;77284;2;1;1;6;D603;48,95821;2,87259
202300035508;18;5;2023;00:26;5;75;75116;2;5;1;6;CHAUSSEE LA MUETTE;48,858175;2,27261
202300035509;8;11;2023;13:30;1;77;77018;2;1;8;6;AV CHRISTIAN DOPPLER;48,84309;2,80208
202300035510;20;5;2023;04:52;5;75;75114;2;4;1;3;AVENUE ERNEST REYER;48,823536;2,319439
202300035511;8;11;2023;07:50;1;76;76231;2;4;1;3;Rue du Général de Gaulle;49,285451;1,01174
202300035512;19;5;2023;12:00;1;75;75114;2;3;1;3;AVENUE DU GENERAL LECLERC;48,824688;2,325963
202300035513;7;11;2023;14:06;1;76;76351;2;2;1;6;PAUL VERONESE;49,517021;0,116246
202300035514;18;5;2023;00:25;5;75;75114;2;2;1;2;RUE DIDOT;48,829219;2,317295
202300035515;8;11;2023;15:23;1;69;69266;2;1;1;6;167 Cours Tolstoï;45,75975;4,88931
202300035516;22;6;2023;12:37;1;56;56162;1;1;1;6;KERGOAT (RUE FRANCOIS);47,73117;-3,41764
202300035517;20;5;2023;17:40;1;75;75113;2;2;1;6;RUE CANTAGREL;48,827058;2,374241
202300035518;7;11;2023;19:00;5;69;69259;2;1;1;4;Boulevard Ambroise Croizat;45,70530935;4,88761621
202300035519;19;5;2023;13:00;1;75;75113;2;2;1;3;BOULEVARD KELLERMANN;48,819483;2,344611
202300035520;7;11;2023;17:40;3;69;69290;2;1;1;4;Rue du Lyonnais;45,70094;4,90034
202300035521;19;5;2023;10:29;1;75;75113;2;2;1;3;AVENUE DE LA PORTE D ITALIE;48,818873;2,359556
202300035522;22;6;2023;07:45;1;54;54395;2;3;1;6;MON DESERT (RUE);48,684495;6,178686
202300035523;7;11;2023;11:15;1;67;67447;2;1;2;3;BISCHWILLER (ROUTE DE);48,60248;7,74584
202300035524;19;5;2023;12:00;1;75;75110;2;1;1;2;BOULEVARD DE LA CHAPELLE;48,884257;2,358378
202300035525;8;11;2023;08:10;1;64;64129;2;1;1;2;BAYONNE DE;43,30167;-0,39516
202300035526;23;6;2023;16:55;1;51;51055;2;1;1;4;TONDEURS (BOULEVARD);49,27836;4,04588
202300035527;19;5;2023;16:45;1;75;75109;2;1;1;3;RUE DE LA CHAUSSEE D ANTIN;48,873527;2,33304
202300035528;7;11;2023;18:25;5;64;64024;2;3;2;2;BIARRITZ (AVENUE DE);43,48014392;-1,52126044
202300035529;24;6;2023;00:18;3;49;49267;1;1;1;2;RD 347;47,47298;-0,49132
202300035530;19;5;2023;14:50;1;75;75108;2;3;1;6;PLACE SAINT AUGUSTIN;48,875661;2,319628
202300035531;8;11;2023;11:10;1;63;63164;2;7;1;6;DOCTEUR POMMEROL (PL);45,82477;3,14534
202300035532;23;6;2023;08:30;1;49;49015;2;1;1;7;ADEZIERE ROUTE;47,50342;-0,60203
202300035533;19;5;2023;18:20;1;75;75104;2;3;1;6;RUE DES JARDINS SAINT PAUL;48,85403;2,361123
202300035534;22;6;2023;21:45;1;49;49007;2;3;1;2;GAIN ( LOUIS);47,46855;-0,53868
202300035535;8;11;2023;09:00;1;62;62193;2;2;2;2;Boulevard de l'Egalité;50,94579648;1,87417674
202300035536;19;5;2023;15:05;1;75;75104;2;2;1;3;RUE GEOFFROY L ASNIER;48,854305;2,355933
202300035537;22;6;2023;08:05;1;49;49007;2;3;1;3;Rue de Bel Air;47,46456;-0,55208
202300035538;8;11;2023;11:10;1;59;59512;2;2;2;1;FOSSE AUX CHENES (AVENUE DE LA);50,69807929;3,17425489
202300035539;19;5;2023;09:25;1;75;75103;2;2;1;3;BOULEVARD DE SEBASTOPOL;48,864442;2,351544
202300035540;23;6;2023;18:50;1;47;47001;2;6;1;3;MIDI (AVENUE DU);44,18498;0,61693
202300035541;8;11;2023;17:10;5;59;59350;2;1;2;6;SALENGRO ROGER RUE;50,61529;3,05006
202300035542;20;5;2023;00:50;5;94;94081;2;3;1;3;Quai Jules Guesde / Rue Berthie Albrecht;48,79978141;2,41355628
202300035543;23;6;2023;12:35;1;45;45302;2;1;1;3;580 Rue du Champ Rouge;47,95785;1,84762
202300035544;19;5;2023;09:40;1;94;94074;2;1;1;6;Villa des Polognes;48,74149;2,468554
202300035545;8;11;2023;17:45;4;59;59350;2;2;2;3;SOLFERINO RUE N°208-FIN-161-FIN;50,62438;3,06778
202300035546;18;5;2023;18:30;1;94;94042;2;1;1;6;Avenue Jean d'Estienne d'Orves;48,824674;2,470042
202300035547;23;6;2023;08:50;1;44;44184;2;3;1;3;17 Boulevard du Docteur René Laënnec;47,26371;-2,2397
202300035548;8;11;2023;08:40;1;59;59195;2;1;7;6;HAUBOURDIN RUE D;50,6253;2,95961
202300035549;24;6;2023;01:10;5;44;44162;2;1;1;3;Boulevard Salvador Allende;47,2207048;-1,6284012
202300035550;19;5;2023;17:00;1;94;94076;2;3;1;3;Rue du Bel Air;48,78604416;2,35747813
202300035551;8;11;2023;07:25;2;59;59350;2;1;1;3;CANONNIERS RUE DES 1:17-26:44;50,64063;3,06887
202300035552;28;5;2023;10:07;1;44;44109;2;2;1;3;14B Rue Gaston Veil;47,2093;-1,55551
202300035553;8;11;2023;19:19;5;59;59131;2;8;3;1;SEPT PLANETES;51,00145;2,38323
202300035554;20;5;2023;16:50;1;94;94028;2;1;1;3;Rue de la Basse Quinte;48,77491265;2,4424307
202300035555;7;11;2023;16:00;1;59;59234;2;1;1;1;BARBUSSE (RUE HENRI);50,401;3,053
202300035556;19;5;2023;21:02;2;94;94028;2;1;1;2;Rue du Général Leclerc;48,78396;2,47183
202300035557;6;11;2023;12:10;1;54;54395;2;1;1;6;Rue du Général Duroc;48,67187285;6,17427751
202300035558;22;6;2023;17:50;1;43;43041;2;3;2;6;Rue de Corsac;45,0499;3,91678
202300035559;19;5;2023;12:15;1;94;94077;2;6;1;6;17 Place Jeanne d’Arc;48,73288225;2,42467064
202300035560;8;11;2023;19:00;5;54;54580;2;1;1;6;Place Jeanne d'Arc;49,46983;5,93059
202300035561;20;5;2023;20:25;2;94;94058;2;1;1;6;Avenue Georges Clémenceau;48,84142;2,50453
202300035562;8;11;2023;07:30;1;51;51454;2;1;1;3;KOENIG (RUE DU GENERAL);49,22701;4,02541
202300035563;22;6;2023;19:10;1;39;39300;2;1;3;6;1 Avenue Thurel;46,672877;5,552007
202300035564;19;5;2023;18:15;1;94;94048;2;1;1;3;N19;48,72775;2,54967
202300035565;3;11;2023;16:45;1;50;50129;1;1;8;4;AXE NORD SUD;49,61753;-1,58228
202300035566;20;5;2023;10:45;1;93;93072;2;3;1;3;Rue des Fleurs / Rue Jean Jaurés;48,96383591;2,38052595
202300035567;9;4;2023;16:40;1;72;72328;1;6;1;3;Route de Bonnétable;48,022381;0,230809
202300035568;23;6;2023;22:30;5;38;38185;2;2;1;6;D269A;45,16632;5,72854
202300035569;8;11;2023;08:20;1;49;49328;2;6;1;3;DAVID D'ANGERS (AVENUE);47,26932;-0,0714
202300035570;13;4;2023;08:30;1;83;83056;1;4;1;3;D54;43,555492;6,517146
202300035571;20;5;2023;09:30;1;93;93059;2;2;1;6;Boulevard Jean Mermoz / Boulevard Pasteur;48,96556;2,36311
202300035572;23;6;2023;11:30;1;38;38151;2;6;1;3;ROND-POINT PIERRE ET MARIE CURIE;45,15981;5,7206
202300035573;19;5;2023;21:14;2;93;93066;2;1;1;6;Rue Guy Moquet;48,94111225;2,36158389
202300035574;28;2;2023;19:30;3;7;7172;2;1;2;1;Route Departementale D820;45,28052;4,72398
202300035575;7;11;2023;16:10;1;49;49015;2;6;1;3;PIECE DU MOULIN AVENUE DE LA;47,50752;-0,5963
202300035576;23;6;2023;16:30;1;37;37261;2;1;1;7;PASCAL (RUE BLAISE);47,38918;0,69245
202300035577;20;5;2023;14:36;1;93;93055;2;9;1;3;Avenue Jean Lolive;48,89466941;2,42113088
202300035578;10;4;2023;18:56;5;987;98734;2;9;1;3;PK 33.500 RT1 SENS PAPEETE TARAVAO;-17,753837;-149,525283
202300035579;7;11;2023;07:00;2;44;44184;2;1;1;6;87 Allée des Jacinthes;47,26103;-2,25148
202300035580;23;6;2023;21:10;1;35;35281;2;1;1;6;JAURES (COURS JEAN);48,08401;-1,71226
202300035581;20;5;2023;11:09;1;93;93055;2;9;1;3;Avenue du Général Leclerc;48,89512628;2,39974213
202300035582;11;4;2023;21:50;5;1;1004;2;2;1;6;201 Rue Alexandre Bérard;45,971219;5,352632
202300035583;23;6;2023;12:10;1;35;35055;2;6;1;6;VERGER (RUE DU);48,08239;-1,61173
202300035584;8;11;2023;08:00;2;37;37233;2;6;1;2;FARGES (AVENUE YVES);47,38682;0,7452
202300035585;19;5;2023;13:30;1;93;93055;2;1;1;6;Avenue Jean Lolive;48,89074245;2,40065083
202300035586;23;6;2023;08:00;1;35;35051;2;6;1;2;ALLIES (BOULEVARD DES);48,1024;-1,61016
202300035587;8;4;2023;15:05;1;13;13088;2;2;1;1;D568;43,367427;5,247817
202300035588;23;6;2023;20:15;1;34;34301;1;1;1;2;RD2;43,415088;3,702501
202300035589;18;5;2023;03:05;3;93;93053;2;1;1;2;87 Rue du Parc;48,89316;2,4443
202300035590;8;11;2023;19:25;3;35;35238;1;1;2;3;ROCADE 12-13;48,09499;-1,71078
202300035591;23;6;2023;14:15;1;34;34129;2;1;1;3;RM132;43,56049662;3,94190378
202300035592;19;5;2023;18:35;1;93;93048;2;1;1;3;Boulevard de Chanzy;48,85857831;2,42996496
202300035593;13;4;2023;13:50;1;77;77500;1;1;1;1;D225;48,215265;2,922259
202300035594;23;6;2023;08:58;1;34;34129;2;3;1;3;62 traverse du mas rouge.;43,58574;3,91988
202300035595;18;5;2023;18:50;1;93;93032;2;3;1;6;Rue Contant / Rue Gossec;48,8873;2,53343
202300035596;22;6;2023;23:15;5;30;30189;2;3;1;3;Avenue Jean-Jaurès;43,832;4,352
202300035597;20;5;2023;02:00;5;93;93057;2;2;1;1;Rue Louis Auguste Blanqui / Avenue Anatole France;48,89576787;2,50012323
202300035598;8;11;2023;12:10;1;35;35238;2;3;2;3;ROCHESTER (AVENUE DE);48,12793;-1,65929
202300035599;12;4;2023;13:00;1;34;34027;1;1;1;1;M120;43,72087;4,006577
202300035600;23;6;2023;18:17;1;29;29019;2;1;1;2;rue du point du jour;48,387624;-4,522775
202300035601;20;5;2023;20:00;1;93;93053;2;1;1;6;Rue Denfert-rochereau;48,89008457;2,46023101
202300035602;13;4;2023;07:30;1;68;68089;2;1;2;6;9 rue des écoles;47,896298;6,983367
202300035603;22;6;2023;08:15;1;29;29019;2;1;1;3;rue Graham Bell;48,42567;-4,47267
202300035604;20;5;2023;10:19;1;93;93007;2;3;1;2;Avenue Paul Vaillant Couturier / Rue de Londres;48,92918;2,47928
202300035605;7;11;2023;17:45;5;35;35238;2;3;1;3;MALAKOFF;48,10673;-1,69312
202300035606;16;6;2023;11:55;1;29;29019;2;3;1;3;rue de Kervao;48,42308;-4,51075
202300035607;19;5;2023;19:00;1;93;93005;2;2;1;2;Rue de la Division Leclerc / Rue Turgot;48,9277864;2,48325801
202300035608;12;4;2023;08:05;1;54;54115;2;1;2;3;Rue de Nancy;48,73039347;6,16942942
202300035609;22;6;2023;15:45;1;27;27229;2;1;1;2;CITES UNIES (BOULEVARD DES);49,01391;1,14307
202300035610;22;10;2023;00:40;3;34;34129;2;6;1;7;MAUGUIO (ROUTE DE);43,57716;3,93316
202300035611;19;5;2023;12:20;1;93;93005;2;1;1;3;Rue Roger Salengro;48,92968282;2,4906025
202300035612;23;6;2023;17:30;1;25;25056;2;1;1;1;chemin des essarts;47,26926;6,01022
202300035613;19;5;2023;16:20;1;93;93001;2;1;1;2;92 Rue de la Haie Coq;48,90526344;2,37259707
202300035614;16;6;2023;20:29;1;22;22187;1;1;1;1;CHEMIN DES MADIERES;48,55683;-2,7657
202300035615;19;5;2023;18:05;1;92;92051;2;2;1;1;GENERAL KOENIG (BOULEVARD DU);48,88013564;2,2508736
202300035616;23;6;2023;13:40;1;18;18279;2;1;1;1;Chemin Blanc;47,20513;2,0597
202300035617;18;5;2023;10:47;1;92;92051;2;1;1;2;GENERAL LECLERC (BOULEVARD DU, N° 1 A 27;48,89029;2,26076
202300035618;8;11;2023;22:51;5;33;33063;2;1;8;1;Pont de Pierre;44,83853201;-0,56261212
202300035619;12;4;2023;18:50;1;38;38388;1;1;3;1;D529;45,056179;5,715326
202300035620;23;6;2023;06:00;2;17;17306;2;2;1;3;ROCHEFORT (DE)  (AVENUE);45,644704;-1,024676
202300035621;19;5;2023;20:53;1;92;92050;2;1;1;6;PICASSO PABLO AVENUE;48,88868;2,22206
202300035622;24;2;2023;11:20;1;16;16023;2;1;1;7;54 Rue des Ecoles;45,915765;0,244721
202300035623;8;11;2023;18:45;5;33;33162;2;8;3;3;Avenue Jean Mermoz;44,85828;-0,66625
202300035624;23;6;2023;08:07;1;13;13103;2;1;1;6;AVENUE CHABAN DELMAS -JACQUES-RN 113;43,64045825;5,07342248
202300035625;20;5;2023;21:10;1;92;92049;2;2;1;3;GINOUX AVENUE HENRI AUTRES N°;48,81317;2,31964
202300035626;13;4;2023;16:15;1;31;31135;1;1;2;5;53 Avenue de Toulouse;43,224215;1,084691
202300035627;1;3;2023;19:15;5;40;40312;2;3;1;3;Boulevard de la Yayi;43,55127887;-1,45992228
202300035628;22;6;2023;22:00;5;13;13205;2;1;1;3;JEAN MOULIN (BOULEVARD);43,29122;5,39997
202300035629;20;5;2023;18:10;1;92;92020;2;9;1;6;MAIRIE RUE DE LA;48,800736;2,288102
202300035630;8;11;2023;19:50;5;33;33063;2;2;2;3;Rue Georges Bonnac;44,83875137;-0,58921024
202300035631;13;6;2023;11:00;1;12;12202;2;1;1;6;PARIS (AVENUE DE);44,36057;2,58152
202300035632;13;1;2023;20:10;3;13;13037;2;1;1;3;Avenue du Général de Gaulle;43,550407;5,22674
202300035633;13;4;2023;18:30;1;50;50041;2;2;1;6;Route du Saussey;49,612441;-1,703128
202300035634;19;5;2023;12:30;1;92;92040;2;1;1;2;GALLIENI (BOULEVARD);48,82818;2,2675
202300035635;8;11;2023;18:36;5;33;33281;2;6;2;6;Avenue de l'Yser;44,84131;-0,65072
202300035636;20;6;2023;18:35;1;11;11262;2;1;1;3;4 Avenue de Toulouse;43,18236;2,99716
202300035637;9;2;2023;13:25;1;69;69244;2;1;1;3;120 Avenue Charles de Gaulle;45,759507;4,774943
202300035638;19;5;2023;10:37;1;92;92025;2;1;1;6;CHARLES DE GAULLE (BD);48,9146;2,22866
202300035639;19;3;2023;15:00;1;22;22040;1;1;1;1;D8;48,513319;-3,185461
202300035640;8;11;2023;22:00;5;31;31555;2;1;1;6;RTE D AGDE;43,6268;1,4771
202300035641;2;3;2023;11:00;1;31;31161;1;9;1;6;Autorute A61, sens TOULOUSE - NARBONNE, point kilométrique 248+000;43,484524;1,548965
202300035642;19;5;2023;11:45;1;92;92019;2;1;1;6;DE VINCI LEONARD (AVENUE);48,76588;2,25064
202300035643;22;6;2023;21:40;1;10;10333;2;3;1;3;TILLEULS (AVENUE);48,28404;4,06131
202300035644;7;11;2023;18:35;1;29;29019;2;3;1;6;avenue de Provence;48,407297;-4,516989
202300035645;22;6;2023;15:05;1;10;10387;2;2;8;3;EMILE ZOLA (RUE);48,29514;4,07168
202300035646;20;5;2023;03:03;5;92;92012;2;1;1;2;GENERAL LECLERC (AVENUE DU) 35/FIN - 60/;48,83242546;2,23942727
202300035647;8;4;2023;17:10;1;13;13213;1;1;1;2;A507 sens Marseille - Aubagne;43,32133;5,4226
202300035648;22;6;2023;16:00;1;6;6027;2;1;8;3;CANNES AVENUE DE (RN7);43,65171;7,14233
202300035649;21;5;2023;08:30;1;62;62169;1;1;1;1;Rue du 8e de Ligne;50,73016;2,021838
202300035650;8;11;2023;07:51;5;28;28085;2;1;2;3;BETHOUARD (AVENUE);48,4512;1,4936
202300035651;2;3;2023;05:25;3;78;78089;1;1;1;5;Autoroute A13, PK 056+950;49,019726;1,577688
202300035652;20;6;2023;11:35;1;4;4070;2;1;1;2;ALPILLES (CH. DES);44,08382;6,2054
202300035653;1;3;2023;07:59;1;2A;2A247;1;1;1;3;D859;41,566591;9,253793
202300035654;8;11;2023;12:15;1;27;27229;1;1;1;3;FAUVILLE (RUE DE);49,028005;1,181795
202300035655;12;4;2023;17:39;1;33;33249;1;1;1;4;ROUTE NATIONALE 230;44,87231;-0,50595
202300035656;16;6;2023;22:00;5;2;2722;2;6;1;3;1 Avenue du Général de Gaulle;49,37605;3,32976
202300035657;19;5;2023;12:00;1;22;22209;2;1;1;1;D786;48,58687;-2,143782
202300035658;22;6;2023;22:45;5;75;75117;2;1;1;7;PORTE DE SAINT OUEN;48,900488;2,322065
202300035659;20;5;2023;11:34;1;6;6044;2;1;1;6;233 Chemin du Puits de l?Eveque;43,684512;7,104887
202300035660;21;1;2023;13:09;1;22;22213;1;1;1;1;coutance;48,507862;-2,019687
202300035661;11;4;2023;16:25;1;59;59508;1;1;1;2;AUTOROUTE A22;50,74366326;3,13900568
202300035662;8;11;2023;19:30;5;25;25056;2;6;1;3;N/A;47,259831;6,008732
202300035663;19;5;2023;23:40;3;57;57493;1;1;1;7;D38;48,806355;6,676426
202300035664;22;6;2023;01:20;5;75;75117;2;1;1;3;PORTE MAILLOT;48,882612;2,283497
202300035665;12;4;2023;21:00;3;91;91687;1;1;2;7;AUTOROUTE A6;48,66198;2,36964
202300035666;7;11;2023;18:15;5;22;22278;2;1;1;6;CHRISOSTOME (MIREILLE);48,5129;-2,7616
202300035667;19;5;2023;13:00;1;68;68295;2;1;1;2;90a Route de Bâle;48,001402;7,381477
202300035668;20;6;2023;12:08;1;75;75118;2;1;1;3;PORTE DE SAINT OUEN;48,900646;2,331722
202300035669;12;4;2023;12:55;1;91;91161;1;1;1;2;AUTOROUTE A126;48,70729;2,30669
202300035670;19;5;2023;16:50;1;46;46172;1;1;1;7;l'estang;44,352394;1,404748
202300035671;4;11;2023;06:45;5;19;19031;2;1;3;6;TURGOT (AVENUE);45,16607;1,52642
202300035672;23;6;2023;11:40;1;75;75119;2;7;1;2;PLACE AUGUSTE BARON;48,900891;2,388337
202300035673;12;4;2023;05:27;3;91;91064;1;1;3;7;RD 444;48,74893;2,21903
202300035674;1;3;2023;07:30;1;69;69276;1;1;1;5;Boulevard Urbain Sud;45,68218519;4,85108403
202300035675;8;11;2023;13:20;1;17;17415;2;1;1;2;LECLERC COURS DU MARECHAL;45,749288;-0,645402
202300035676;19;5;2023;21:35;2;59;59266;1;1;1;7;Rue de la Barre;50,556497;2,973454
202300035677;23;6;2023;17:57;1;75;75118;2;9;1;6;RUE CUSTINE;48,887413;2,349562
202300035678;1;3;2023;20:15;5;92;92050;1;1;1;4;A86;48,90807693;2,21348528
202300035679;22;6;2023;03:00;5;75;75118;2;1;1;6;BOULEVARD DE LA CHAPELLE;48,884137;2,353487
202300035680;21;5;2023;11:31;1;65;65272;1;1;1;6;D817;43,196862;0,192701
202300035681;11;4;2023;22:50;3;92;92002;1;1;3;5;AUTOROUTE A86;48,76284698;2,30411982
202300035682;8;11;2023;00:30;3;14;14327;1;1;8;2;N814;49,20049;-0,34725
202300035683;20;5;2023;16:30;1;71;71004;1;3;1;3;D673;46,799178;4,9335
202300035684;23;6;2023;00:55;5;75;75117;2;7;1;3;BOULEVARD PEREIRE;48,884601;2,296837
202300035685;28;2;2023;17:00;1;95;95018;1;1;1;4; A15;48,9496723;2,2802208
202300035686;8;11;2023;11:00;1;13;13203;2;8;1;6;PARIS (BOULEVARD DE);43,31216;5,36884
202300035687;12;4;2023;08:40;2;92;92062;1;1;2;5;RN1014 W;48,89249355;2,23689035
202300035688;19;5;2023;20:45;1;62;62147;1;2;1;3;D919;50,21893993;2,76034309
202300035689;5;11;2023;18:00;2;13;13208;2;1;1;1;PRADO (AVENUE DU);43,27888;5,38773
202300035690;23;6;2023;16:30;1;75;75116;2;2;1;3;ROUTE DES MOULINS;48,865087;2,234526
202300035691;11;4;2023;16:51;1;92;92036;1;1;2;3;A86;48,93576409;2,28722247
202300035692;28;2;2023;18:40;1;93;93053;1;1;1;3;AUTOROUTE A86;48,90132;2,46915
202300035693;19;5;2023;16:20;1;34;34095;1;1;1;2;M613 PR 39+605;43,537925;3,760178
202300035694;28;2;2023;14:35;1;95;95018;1;1;1;6; A15;48,95201228;2,27957378
202300035695;23;6;2023;15:45;1;75;75116;2;1;1;2;AVENUE DE NEW YORK;48,862421;2,293694
202300035696;20;5;2023;12:20;1;62;62297;1;1;1;7;D 219;50,823207;2,140875
202300035697;11;4;2023;09:25;1;78;78423;1;1;1;1;RN12 EXT;48,797254;2,017559
202300035698;8;11;2023;13:30;1;13;13005;2;3;1;6;VERDUN (AVENUE DE);43,28777;5,57885
202300035699;20;5;2023;16:50;1;19;19273;1;1;8;6;Lagardelle;45,093145;1,590931
202300035700;22;6;2023;04:04;5;75;75116;2;7;1;3;PLACE DE COLOMBIE;48,86316083;2,26858556
202300035701;11;4;2023;18:40;2;93;93010;1;1;2;2;AUTOROUTE A3;48,90807879;2,47333735
202300035702;28;2;2023;08:40;1;95;95527;1;1;1;3; A1;48,99359806;2,51450136
202300035703;20;5;2023;11:25;1;77;77509;1;1;1;6;RD 213 ;48,497594;2,994992
202300035704;8;11;2023;18:30;5;6;6012;2;1;1;3;PRINCE RAINIER III (AVENUE);43,751655;7,430877
202300035705;23;6;2023;12:39;1;75;75105;2;3;1;3;RUE CLAUDE BERNARD;48,841334;2,343671
202300035706;13;5;2023;13:45;1;76;76245;1;4;1;1;D47;49,549582;1,03986
202300035707;12;4;2023;05:50;3;94;94017;1;1;3;6;A4;48,82651871;2,52107045
202300035708;1;3;2023;11:55;1;75;75112;1;1;1;4;A4;48,825291;2,463879
202300035709;8;11;2023;18:05;5;6;6069;2;1;1;3;DE LATTRE DE TASSIGNY (AVENUE DU MARECHA;43,65;6,923
202300035710;19;5;2023;18:45;1;79;79118;1;1;1;7;;46,69377;-0,370767
202300035711;21;6;2023;13:09;1;75;75114;2;2;1;3;PLACE DU VINGT CINQ AOUT 1944;48,823026;2,325575
202300035712;19;5;2023;18:20;1;2B;2B096;2;1;1;6;rond point de la gare;42,303626;9,158049
202300035713;1;3;2023;08:35;1;77;77258;1;1;1;3;A4.W;48,83059272;2,63216178
202300035714;8;11;2023;13:10;1;6;6030;2;1;1;2;SADI CARNOT (BOULEVARD);43,5712138;7,0160825
202300035715;10;4;2023;22:18;5;94;94073;1;1;3;6;A86;48,76785011;2,37867726
202300035716;14;6;2023;14:20;1;75;75114;2;2;1;2;AVENUE DU COLONEL HENRI ROL TANGUY;48,833722;2,331864
202300035717;27;2;2023;07:00;1;976;97611;2;1;1;6;kaweni-Geole ( rue de la );-12,76732;45,22458
202300035718;19;5;2023;13:30;1;80;80368;2;2;1;3;Rue Lucien Desenclos;50,077882;1,542504
202300035719;7;11;2023;18:30;5;75;75120;2;1;1;2;PORTE DE BAGNOLET;48,865153;2,413215
202300035720;11;4;2023;13:40;1;69;69383;2;2;1;3;Rue Bonnand;45,75413;4,88565
202300035721;22;6;2023;17:10;1;75;75105;2;3;1;3;RUE MONGE;48,839952;2,351406
202300035722;6;11;2023;14:10;1;75;75114;2;1;1;3;PORTE DE GENTILLY;48,816639;2,341668
202300035723;20;5;2023;11:15;1;33;33261;1;1;1;6;Lieu Dit Lessert;44,949336;-0,08902