Num_Acc;jour;mois;an;hrmn;lum;dep;com;agg;int;atm;col;adr;lat;long
202300035724;27;2;2023;08:50;1;974;97416;2;3;1;3;LEBLOND 1 (RUE MARIUS ET ARY);-21,33842656;55,47720999
202300035725;23;6;2023;18:45;1;75;75110;2;1;1;7;RUE DU FAUBOURG SAINT MARTIN;48,870698;2,356473
202300035726;11;4;2023;05:50;5;60;60057;2;1;9;6;Rue de Navarre;49,43666;2,09442
202300035727;19;5;2023;20:15;2;69;69063;2;1;2;2;Quai d'Illhaeusern;45,81601;4,849632
202300035728;27;2;2023;08:50;1;974;97411;2;9;1;3;BOIS DE NEFLES (RUE DU);-20,88919;55,46231
202300035729;23;6;2023;16:18;1;75;75108;2;1;1;1;BOULEVARD DE COURCELLES;48,881047;2,314215
202300035730;11;4;2023;16:00;1;34;34129;2;1;1;6;71 Avenue de Boirargues;43,57164;3,90609
202300035731;21;5;2023;14:45;1;71;71158;2;1;1;6;route de BOURG EN BRESSE RD 975;46,56242;5,002416
202300035732;6;11;2023;06:15;3;75;75117;2;1;1;5;PORTE DE CLICHY;48,898986;2,317292
202300035733;23;6;2023;12:20;1;75;75108;2;1;1;3;RUE DE ROME;48,876112;2,323656
202300035734;19;5;2023;21:45;4;71;71428;1;1;1;6;Route de l'Etang de Cadolon;46,1723369;4,31005508
202300035735;27;2;2023;07:00;1;974;97411;2;3;1;1;NOTRE DAME DE LA TRINITE (BOULEVARD);-20,8925;55,4626
202300035736;10;4;2023;22:49;5;78;78358;2;1;2;6;GENERAL DE GAULLE (AVENUE DU );48,944014;2,13642
202300035737;8;11;2023;22:20;5;75;75106;2;7;2;2;BOULEVARD SAINT GERMAIN;48,8535583;2,334211
202300035738;19;5;2023;15:45;1;89;89480;1;1;1;3;Route de Misy;48,355631;3,115999
202300035739;23;6;2023;16:00;1;75;75107;2;3;1;6;AVENUE DE LA MOTTE PICQUET;48,854483;2,305797
202300035740;11;4;2023;08:10;1;974;97416;1;1;8;7;PETIT FRERE(CHEMIN);-21,27691;55,49069
202300035741;26;2;2023;18:30;5;974;97411;2;1;1;6;REYDELLET (ROUTE JULES);-20,929;55,494
202300035742;23;6;2023;16:10;1;75;75101;2;2;1;6;RUE DE RICHELIEU;48,866644;2,337369
202300035743;8;11;2023;07:23;2;75;75106;2;3;1;3;QUAI DE CONTI;48,85715;2,33863
202300035744;19;5;2023;14:00;1;63;63397;1;1;1;6;D922;45,59293;2,675858
202300035745;11;4;2023;15:30;1;974;97411;1;1;1;1;MONTAGNE (ROUTE DE LA);-20,88626;55,43987
202300035746;27;2;2023;17:50;1;69;69388;2;8;1;3;28 Avenue Rockefeller;45,74122;4,88506
202300035747;21;6;2023;19:50;1;75;75102;2;2;1;6;BOULEVARD DE SEBASTOPOL;48,863404;2,35095
202300035748;11;4;2023;07:00;1;974;97411;2;9;1;6;RAMBAUD (LEOPOLD);-20,88537;55,46996
202300035749;20;5;2023;16:20;1;63;63371;1;1;1;1;D205;45,47151392;3,77914667
202300035750;8;11;2023;00:50;5;75;75119;2;3;1;6;RUE DE MEAUX;48,878982;2,371316
202300035751;19;5;2023;14:40;1;12;12119;1;1;1;6;D15;44,679952;2,882897
202300035752;27;2;2023;06:35;1;972;97213;1;1;1;6;ROUTE DEPARTEMENTALE 3;14,59799;-61,0038
202300035753;11;4;2023;15:25;1;974;97409;2;1;1;6;PATELIN (chemin);-20,97397;55,68796
202300035754;15;6;2023;18:25;1;94;94068;2;1;1;1;Rue Saint-Hilaire;48,79004146;2,51212089
202300035755;8;11;2023;10:19;1;75;75113;2;3;1;3;BOULEVARD MASSENA;48,819473;2,363779
202300035756;19;5;2023;15:30;1;41;41083;2;1;1;3;249 Rue Napoléon III;47,543;1,852
202300035757;26;2;2023;20:20;3;972;97209;1;1;1;1;DEPARTEMENTALE 13 (ROUTE );14,63013;-61,03874
202300035758;15;6;2023;14:10;1;94;94068;2;1;7;2;Rue Coquelin;48,80212;2,48009
202300035759;11;4;2023;16:45;1;974;97407;2;9;8;3;ROUTE NATIONALE N° 1;-20,95948927;55,30790091
202300035760;20;5;2023;21:10;1;41;41043;1;2;1;3;D976;47,282821;1,491997
202300035761;8;11;2023;20:00;5;75;75112;2;2;2;2;PONT D AUSTERLITZ;48,845398;2,366878
202300035762;23;6;2023;16:15;1;94;94076;2;9;1;3;Avenue de Paris;48,80104;2,36515
202300035763;20;5;2023;16:30;1;68;68150;2;3;1;7;Rue des 3 Chateaux;48,035895;7,280293
202300035764;27;2;2023;17:21;1;69;69034;2;2;1;6;20 Rue Lavoisier;45,79514;4,84748
202300035765;11;4;2023;12:55;1;69;69382;2;3;1;3;Quai Jean Moulin;45,76506;4,83812
202300035766;23;6;2023;20:55;1;94;94041;2;1;1;6;Rue Baudin;48,81653;2,37451
202300035767;21;5;2023;06:30;2;25;25018;1;1;1;6;RD 31 PK 36+ 400;47,364936;6,581422
202300035768;8;11;2023;19:00;5;75;75112;2;3;2;3;BOULEVARD DIDEROT;48,831754;2,397785
202300035769;23;6;2023;18:50;1;94;94041;2;1;1;3;Avenue Jean Jaurès;48,81134;2,40317
202300035770;11;4;2023;18:45;5;971;97101;2;1;1;3;CHAUVEL;16,23914;-61,52343
202300035771;27;2;2023;12:30;1;69;69034;2;9;1;3;Rue Galliéni;45,79953;4,86476
202300035772;19;5;2023;18:12;1;25;25177;2;4;1;1;17 Route de Chazot;47,352995;6,527622
202300035773;8;11;2023;19:30;5;75;75112;2;2;2;1;BOULEVARD PONIATOWSKI;48,831754;2,397785
202300035774;23;6;2023;15:45;1;94;94021;2;6;1;3;Boulevard Jean Mermoz;48,77277284;2,33945797
202300035775;11;4;2023;16:30;1;95;95277;2;1;1;2;PIERRE SALVI (AVENUE);48,99139536;2,43841231
202300035776;20;5;2023;16:45;1;25;25434;2;1;1;1;RD492;47,100381;6,152934
202300035777;23;6;2023;07:20;1;94;94028;2;1;1;6;Avenue du Général de Gaulle;48,7953;2,4474
202300035778;8;11;2023;12:15;1;75;75109;2;7;1;6;PLACE DE L OPERA;48,870683;2,33231
202300035779;20;5;2023;21:30;2;35;35116;2;1;1;7;13 Rue du Trochet;48,596667;-1,846261
202300035780;11;4;2023;20:00;1;95;95197;2;1;2;3;D928;48,962808;2,323201
202300035781;8;11;2023;11:40;1;75;75109;2;2;8;6;RUE DU HAVRE;48,875523;2,326634
202300035782;23;6;2023;04:21;5;94;94011;2;9;1;1;PARIS(AVENUE DE);48,77754;2,47843
202300035783;24;2;2023;16:22;1;87;87085;2;1;1;6;GAGNANT (AVENUE JEAN);45,83399;1,2735
202300035784;20;5;2023;01:45;3;29;29272;1;2;1;3;Lieu Dit Menez Tropic;47,958649;-3,944221
202300035785;11;4;2023;19:30;1;95;95598;2;1;2;3;DURES-TERRES (RUE DES);48,9903;2,29634
202300035786;23;6;2023;21:40;1;94;94022;2;1;1;3;Boulevard de Stalingrad;48,77035792;2,40171379
202300035787;8;11;2023;18:15;5;75;75108;2;3;8;7;RUE PASQUIER;48,873055;2,323581
202300035788;20;5;2023;03:50;3;29;29212;1;6;1;6;D789;48,36405818;-4,59094773
202300035789;27;2;2023;09:30;1;86;86214;1;1;1;2;D162;46,556637;0,338007
202300035790;8;11;2023;07:25;5;75;75104;2;1;1;6;RUE DE RIVOLI;48,856401;2,356131
202300035791;19;5;2023;22:28;3;2;2203;1;1;1;6;D310;49,17758;3,440925
202300035792;23;6;2023;00:45;3;94;94070;2;1;1;4;Route de PARIS;48,71991;2,5662
202300035793;8;11;2023;12:54;1;94;94078;2;1;8;6;3 Rue Thimonnier;48,75098531;2,44640339
202300035794;23;6;2023;09:20;1;93;93073;1;1;1;2;Route de la Croix au Plâtre;48,98567;2,52141
202300035795;10;4;2023;22:20;5;91;91667;2;1;3;3;CORBEIL (ROUTE);48,65543;2,33852
202300035796;19;5;2023;15:15;1;2;2290;1;1;1;4;;49,047573;3,355261
202300035797;8;11;2023;10:00;1;94;94044;2;1;1;6;Rue Marius Dantz;48,74947776;2,48112188
202300035798;23;6;2023;10:45;1;93;93066;2;1;1;2;Route de la Courneuve;48,93349;2,37098
202300035799;11;4;2023;10:40;1;88;88087;2;1;1;6;FORGES (RUE DES);48,17612;6,41242
202300035800;8;11;2023;07:00;3;94;94078;2;1;1;6;Avenue Winston Churchill;48,75406917;2,44862455
202300035801;19;5;2023;15:20;1;84;84102;1;9;2;3;Départementale 4;43,913507;5,315108
202300035802;23;6;2023;11:30;1;93;93055;2;2;1;1;Avenue Jean Lolive;48,89254401;2,40986114
202300035803;7;4;2023;16:08;1;87;87085;2;1;1;2;SANTOS DUMONT (RUE);45,80808;1,27534
202300035804;19;5;2023;16:45;1;15;15090;1;2;1;6;D920;44,774802;2,459205
202300035805;23;6;2023;17:30;1;93;93051;2;2;1;3;Rue de la Forêt / Rue Camille Flammarion;48,8378;2,56838
202300035806;7;11;2023;16:40;1;94;94076;2;9;1;3;Boulevard Maxime Gorki;48,79276421;2,3693663
202300035807;27;2;2023;12:45;1;76;76165;2;2;1;3;Rue de la République;49,28362;1,01741
202300035808;6;4;2023;21:08;5;87;87085;2;1;1;6;SAINTE ANNE (RUE DE);45,81924;1,26981
202300035809;20;5;2023;22:15;3;1;1016;1;4;1;6;D126;46,480413;4,944164
202300035810;23;6;2023;19:00;1;93;93046;2;1;1;3;Boulevard Jean Jaurès;48,91785;2,52896
202300035811;27;2;2023;08:55;1;76;76540;2;3;1;6;Rue du Contrat Social;49,44576337;1,07927656
202300035812;21;5;2023;08:50;1;70;70451;2;1;1;1;33 Avenue de la République;47,697473;6,619169
202300035813;23;6;2023;16:30;1;93;93045;2;2;1;4;Boulevard Eugène Decros / Rue de Bellevue;48,88339;2,4164
202300035814;11;4;2023;15:10;1;86;86194;2;2;1;3;Rue Claude Berthollet;46,605154;0,327701
202300035815;8;11;2023;10:45;1;94;94077;2;9;8;5;Cours de Verdun;48,73288994;2,40599151
202300035816;27;2;2023;08:35;1;76;76351;1;1;1;6;SEIZIEME PORT (AVENUE DU);49,48707;0,18071
202300035817;23;6;2023;09:00;1;93;93032;2;1;7;6;Rue du Chemin de Fer;48,87669755;2,55195558
202300035818;21;5;2023;12:40;1;58;58149;1;1;1;3;Route d'Autun;46,800585;3,984143
202300035819;8;11;2023;18:10;5;94;94018;2;3;2;6;Rue Pasteur;48,82331;2,40658
202300035820;6;4;2023;10:50;1;83;83061;2;6;1;3;BOULEVARD SÉVERIN DECUERS;43,4307;6,7365
202300035821;25;2;2023;14:40;1;76;76351;2;1;2;6;REPUBLIQUE (COURS DE LA);49,49672;0,12732
202300035822;23;6;2023;11:45;1;93;93014;2;3;1;3;Allée Maurice Audin / Allée Frédéric Ladrette;48,90856087;2,54341757
202300035823;21;5;2023;00:00;5;6;6032;2;1;2;4;Route Moyenne Corniche;43,724569;7,401774
202300035824;8;11;2023;10:10;1;94;94069;2;1;8;2;Avenue de Gravelle;48,82403179;2,42070136
202300035825;5;4;2023;15:00;1;80;80021;2;3;1;3;JEAN MARC LAURENT (RUE);49,87086;2,31089
202300035826;23;6;2023;17:13;1;92;92073;2;1;7;2;LOUCHEUR (BOULEVARD LOUIS);48,860419;2,213246
202300035827;26;2;2023;06:55;5;72;72181;2;2;1;6;LIGNEUL PAUL (RUE) N° PAIRS;47,99993;0,19234
202300035828;19;5;2023;16:15;1;14;14528;2;3;1;2;3 Impasse de la Gare;49,341919;0,317944
202300035829;22;6;2023;21:30;2;92;92072;2;1;1;6;EUROPE (AVENUE DE L');48,82312;2,20957
202300035830;7;11;2023;17:00;2;94;94002;2;2;1;6;Rue Emile Zola;48,799894;2,426933
202300035831;26;2;2023;15:40;1;71;71540;2;1;1;6;29 Rue des Buissons;46,778491;4,43996
202300035832;20;5;2023;20:25;1;50;50087;1;1;1;6;Route des Forges;49,550572;-1,581881
202300035833;20;6;2023;22:00;5;92;92022;2;1;1;6;PAVE DES GARDES (ROUTE DU);48,80870951;2,19723478
202300035834;11;4;2023;14:00;1;77;77058;2;3;8;3;VC;48,843;2,739
202300035835;8;11;2023;16:10;1;93;93066;2;6;1;3;Boulevard de la Libération / Rue du Port;48,93567;2,34291
202300035836;9;4;2023;00:35;5;76;76351;2;1;1;6;ORMEAUX (DES);49,50023;0,11797
202300035837;23;6;2023;17:25;1;92;92064;2;3;1;3;MONT VALERIEN;48,852481;2,216254
202300035838;20;5;2023;12:40;1;50;50433;1;3;1;3;Route du Cap;49,62717;-1,260338
202300035839;27;2;2023;13:30;1;69;69290;2;2;1;3;52 Rue Gambetta;45,70032;4,93788
202300035840;23;6;2023;13:00;1;92;92063;2;1;1;3;BONAPARTE (AVENUE NAPOLEON) SUD;48,87592;2,16998
202300035841;8;11;2023;00:45;5;93;93066;2;6;1;3;Rue Francis de Pressensé / Chemin de Crévecoeur;48,925901;2,376961
202300035842;19;5;2023;13:20;1;50;50410;1;3;1;6;Rue de Damaigne - Curey;48,557754;-1,469775
202300035843;8;4;2023;14:40;1;76;76341;1;1;1;2;RD 6015;49,51672;0,20588
202300035844;26;2;2023;18:40;5;67;67482;2;1;1;5;ALTENHEIM (ROUTE D );48,54052;7,76789
202300035845;23;6;2023;19:13;1;92;92020;2;1;1;6;MAFRAND RUE LEONARD;48,808257;2,293199
202300035846;8;11;2023;08:45;1;93;93062;2;1;1;1;Place des Fêtes;48,90192442;2,52146277
202300035847;25;2;2023;19:57;1;66;66136;2;1;2;6;LANGUEDOC (AVENUE DU CD 88);42,7394;2,89151
202300035848;20;5;2023;01:05;5;60;60104;2;4;1;6;D1001;49,629567;2,293879
202300035849;22;6;2023;17:40;1;92;92036;2;6;1;3;MARCEL PAUL (AVENUE) (2/50);48,936788;2,304033
202300035850;8;11;2023;15:40;1;93;93050;2;1;1;6;Rue Louis Vannini;48,86582;2,52287
202300035851;10;4;2023;17:00;1;71;71270;1;1;1;1;MORACHIN (ROUTE DE);46,37234;4,82659
202300035852;24;2;2023;22:35;5;66;66136;2;2;1;3;;42,69885;2,87772
202300035853;13;5;2023;14:35;1;45;45279;2;1;1;5;D943 PR 7 + 809;47,958828;2,802281
202300035854;23;6;2023;09:00;1;92;92023;2;3;1;3;GENERAL DE GAULLE (AVENUE DU);48,78285097;2,24506885
202300035855;8;11;2023;17:40;5;93;93010;2;1;2;2;Avenue Galliéni;48,905;2,47597
202300035856;20;5;2023;17:30;1;45;45099;1;1;1;6;D836 PR 5 + 999;48,005264;1,766642
202300035857;11;4;2023;17:30;1;69;69290;2;1;1;6;Rue Jules Ferry;45,69461511;4,94695678
202300035858;23;6;2023;13:55;1;92;92012;2;1;1;6;COURS DE L'ILE SEGUIN;48,827254;2,233889
202300035859;25;2;2023;22:35;5;63;63113;2;5;1;3;FLAUBERT / ORADOU;45,76453;3,1255
202300035860;20;5;2023;21:30;2;10;10323;2;1;1;7;24 Rue de l?Est;48,5062;3,743412
202300035861;23;6;2023;12:00;1;92;92002;2;9;1;3;LEWISHAM (PLACE DE);48,74973;2,30881
202300035862;8;11;2023;17:10;2;93;93001;2;1;2;6;DANIELLE CASANOVA (RUE)  => 54/57;48,91736;2,39567
202300035863;21;5;2023;06:44;2;7;7085;1;1;1;7;D578;45,016303;4,624794
202300035864;25;2;2023;14:55;1;63;63014;2;2;1;3;Auchan Aubière parking couvert/ intersec entre allées;45,75382275;3,12838912
202300035865;11;4;2023;16:15;1;69;69259;2;1;1;5;Avenue Francis de Pressensé;45,714;4,87312
202300035866;19;5;2023;11:00;1;53;53185;2;1;1;6;RN12;48,45953;-0,20007
202300035867;22;6;2023;21:30;1;92;92002;2;2;1;3;ADOLPHE PAJEAUD (RUE);48,74427;2,29161
202300035868;7;11;2023;18:10;2;93;93001;2;2;1;3;Avenue Jean Jaurès / Rue Léopold Réchossière;48,91138683;2,40043759
202300035869;25;2;2023;14:03;1;59;59329;1;1;1;1;RD 621;50,34577992;3,07125807
202300035870;10;4;2023;16:32;1;69;69199;2;1;1;6;23 Rue Robert et Reynier;45,71018;4,86082
202300035871;21;5;2023;12:04;1;53;53162;1;6;1;3;La Huardiere;48,262727;-0,629053
202300035872;23;6;2023;18:50;1;1;1085;1;3;1;2;D80;46,090555;5,028001
202300035873;7;11;2023;08:40;1;92;92063;2;3;1;3;DOUMER (AVENUE PAUL) NORD;48,88015172;2,18120322
202300035874;27;2;2023;15:59;1;51;51454;2;1;1;6;avenue Jean Jaurès;49,259589;4,045285
202300035875;20;5;2023;19:30;1;40;40120;1;1;1;1;Route departementale 19, PK 6.450;43,500659;-1,136527
202300035876;9;4;2023;18:55;1;67;67482;2;1;1;3;DANTE (AVENUE);48,59115;7,70281
202300035877;23;6;2023;19:05;1;38;38344;2;3;1;3;Rue Jules Vercruysse;45,3608;4,802758
202300035878;6;11;2023;12:10;1;92;92063;2;1;1;3;CHATAIGNERAIE (AVENUE DE LA);48,85951315;2,18204141
202300035879;27;2;2023;08:30;1;51;51454;2;1;1;6;rue de Courcelles;49,26409;4,01351
202300035880;20;5;2023;06:25;2;85;85277;1;1;1;6;D85;46,4839;-1,38054
202300035881;8;11;2023;18:35;5;92;92062;2;1;2;6;JAURES (RUE JEAN) DU 114 AU 2;48,88334872;2,24278003
202300035882;25;2;2023;22:40;5;50;50129;1;1;1;6;HAGUE (BOULEVARD DE LA);49,66757;-1,70172
202300035883;9;4;2023;18:50;1;67;67482;2;1;1;5;DOUBS (RUE DU);48,55142;7,73291
202300035884;21;5;2023;02:30;3;27;27425;2;1;1;6;Route d?Aclou;49,152173;0,713677
202300035885;19;5;2023;12:50;1;28;28282;1;1;1;7;D352;48,32741;1,141505
202300035886;8;11;2023;17:20;3;92;92051;2;1;2;2;ROULE (AVENUE DU, N° 29 A 91 ET 30 A 86);48,88294163;2,27559471
202300035887;24;6;2023;11:15;1;11;11076;1;1;1;4;A61;43,284899;1,967588
202300035888;9;4;2023;17:50;1;67;67482;2;1;1;2;CONSEIL DES QUINZE (RUE DU);48,59082;7,78185
202300035889;26;2;2023;07:10;5;49;49099;2;2;1;6;LATTRE DE TASSIGNY (PONT DE);47,05546;-0,8791
202300035890;19;5;2023;13:22;1;87;87154;2;1;1;7;Rue Edison;45,902306;0,929356
202300035891;23;6;2023;23:00;4;42;42338;1;1;1;2;Route de Roanne;46,086612;4,112846
202300035892;8;11;2023;08:00;1;92;92050;2;3;8;3;PICASSO PABLO AVENUE;48,890812;2,21579343
202300035893;27;2;2023;08:10;1;49;49267;2;1;1;6;Route d'ANGERS;47,46787;-0,50397
202300035894;8;4;2023;16:45;1;67;67447;2;1;1;3;POITOU (RUE DU);48,60847;7,7661
202300035895;20;5;2023;11:40;1;37;37273;1;1;1;1;La Boisselière;47,40372788;0,75945139
202300035896;23;6;2023;23:40;3;68;68097;1;1;1;7;D11.3 PK 001+750;48,16186;7,199636
202300035897;8;11;2023;15:26;1;92;92012;2;1;8;6;PIERRE GRENIER (AVENUE);48,82954491;2,25127602
202300035898;27;2;2023;13:35;1;37;37122;2;1;1;6;VERDUN (RUE DE);47,3427;0,6639
202300035899;10;4;2023;21:43;5;66;66136;2;1;1;6;N/A;42,68111;2,89358
202300035900;9;6;2023;18:40;2;974;97404;1;1;1;6;Avenue Octave Bénard;-21,281312;55,346584
202300035901;20;5;2023;13:10;1;30;30053;1;3;1;3;Route Départementale 18;43,9885;4,223417
202300035902;27;2;2023;08:15;1;37;37261;2;1;1;6;VAILLANT (RUE EDOUARD);47,38611804;0,69905877
202300035903;24;6;2023;09:25;1;26;26116;1;1;1;7;;44,429919;4,741716
202300035904;8;4;2023;13:43;1;66;66136;2;1;1;6;N/A;42,69146;2,89857
202300035905;8;11;2023;11:50;1;92;92012;2;2;1;3;GALLIENI (RUE) 1/53 - 2/48;48,8375843;2,24795978
202300035906;22;6;2023;21:30;3;21;21273;1;9;2;7;A38;47,3078276;4,86480177
202300035907;20;5;2023;11:30;1;30;30233;1;2;1;6;Chemin de la Rouviere;43,919141;4,20455
202300035908;27;2;2023;14:55;1;35;35055;1;1;1;2;RD 463;48,08127;-1,6162
202300035909;8;11;2023;09:28;1;92;92012;2;1;1;6;AGUESSEAU (RUE D') 91/FIN - 84/FIN;48,83847692;2,23769903
202300035910;8;4;2023;23:55;5;66;66136;2;3;1;3;N/A;42,68034465;2,90316805
202300035911;23;6;2023;21:40;2;47;47034;2;1;1;6;389 Route des Landes;44,386086;0,103764
202300035912;27;2;2023;10:40;1;33;33063;2;1;1;4;Boulevard Godard;44,86157;-0,58688
202300035913;19;5;2023;13:21;1;973;97307;1;1;1;6;N2;4,84126;-52,339296
202300035914;9;11;2023;06:30;3;62;62898;1;2;2;3;D280E1;50,723732;2,197325
202300035915;23;6;2023;19:40;1;2B;2B124;1;1;1;1;RD 69 col de Sorba;42,114174;9,199762
202300035916;9;4;2023;18:53;1;63;63113;2;2;1;2;BERTHELOT / Fontgiève;45,78215;3,07286
202300035917;27;2;2023;15:38;1;27;27681;2;1;1;6;SORET (RUE JULES);49,0981917;1,4911441
202300035918;24;6;2023;11:30;1;62;62553;2;1;1;1;D89;50,468916;2,415276
202300035919;18;5;2023;18:45;3;988;98805;1;1;1;1;ROUTE DE LA NONDOUE;-22,13526;166,446551
202300035920;9;11;2023;08:30;1;42;42332;1;2;2;3;Route de Saint Jean;45,992141;3,996953
202300035921;26;2;2023;13:53;1;27;27229;1;1;1;6;Route de Conches;49,01426;1,10683
202300035922;7;4;2023;09:11;1;63;63113;2;3;1;3;ROUVIER (RUE)/ Rue de la Volonté;45,80687;3,11731
202300035923;21;6;2023;01:16;3;62;62673;1;1;1;6;D14;50,188028;3,00622
202300035924;18;5;2023;21:25;2;67;67309;1;1;1;3;M263;48,637801;7,72702
202300035925;9;11;2023;17:20;5;57;57706;2;1;1;6;Route de Saint Avold;48,838107;6,748143
202300035926;11;4;2023;08:45;1;62;62413;2;2;1;3;RUE PIERRE JACQUART;50,46606;2,90421
202300035927;24;6;2023;05:00;2;37;37153;1;1;1;4;A10, PK 197+200 vers PARIS;47,46779288;0,76664194
202300035928;8;11;2023;08:55;1;45;45110;1;1;8;6;A19 PR 90 + 616;48,104328;2,327042
202300035929;21;5;2023;02:50;3;47;47061;1;1;1;7;A 62 pk 75;44,4176841;0,17480827
202300035930;11;4;2023;08:00;1;62;62193;2;9;7;6;Avenue Pierre de Coubertin;50,9534012;1,83875191
202300035931;24;6;2023;08:40;1;51;51354;1;3;1;1;D1;48,919475;4,49785
202300035932;8;11;2023;20:15;5;59;59082;1;1;3;3;Route de Dunkerque;50,985042;2,405381
202300035933;24;6;2023;15:00;1;76;76141;1;1;1;7;Route du Fresne;49,632375;0,41895
202300035934;26;2;2023;01:05;5;22;22215;1;9;1;3;LOGE (RUE DE LA);48,481;-2,794
202300035935;23;6;2023;23:53;4;76;76436;1;1;1;6;Chemin du Halage;49,430298;0,859128
202300035936;11;4;2023;08:35;1;59;59368;2;2;1;3;PRE CATELAN RUE DU;50,65594;3,06057
202300035937;9;11;2023;07:23;2;65;65369;1;2;2;3;D632;43,27440888;0,17412096
202300035938;20;5;2023;04:30;3;6;6149;1;1;1;3;A8 PK 204.200;43,740887;7,328396
202300035939;22;2;2023;11:25;1;19;19272;2;1;1;6;Winston Churchill (Av);45,258889;1,757028
202300035940;8;11;2023;18:00;3;77;77162;2;1;2;6;D19;48,863857;3,156971
202300035941;24;6;2023;17:00;1;76;76201;2;1;1;7;Chemin du Petit Val;49,464565;1,399764
202300035942;9;4;2023;16:43;1;57;57012;2;3;1;3;CLEMENCEAU (RUE);49,35347;6,04286
202300035943;18;5;2023;16:40;1;11;11144;1;2;1;2;;42,879864;2,992959
202300035944;24;2;2023;19:00;2;19;19031;2;1;1;6;;45,15998;1,54067
202300035945;23;6;2023;21:15;1;79;79289;1;1;1;1;;47,001636;-0,787829
202300035946;9;11;2023;15:50;1;74;74282;1;1;2;6;Route de Groisy;46,042564;6,223165
202300035947;19;5;2023;20:30;3;988;98825;1;1;1;7;Mémorial de la plaine des Gaiacs;-21,250172;164,922992
202300035948;26;2;2023;05:35;5;14;14271;2;6;1;6;34 Grande Rue;49,139323;-0,376485
202300035949;24;6;2023;05:50;2;2A;2A008;2;1;1;6;RD 55;41,855334;8,791208
202300035950;7;4;2023;18:50;1;56;56098;2;1;1;3;CROIZAT ( AVE AMBROISE );47,77564;-3,34604
202300035951;9;11;2023;18:00;3;79;79204;1;1;3;1;N/A;46,193356;-0,215676
202300035952;24;6;2023;19:27;2;80;80793;2;1;7;6;91 Rue de Daours;50,015983;2,188662
202300035953;7;5;2023;19:30;3;988;98821;1;1;1;1;Ancienne boucherie - LA TONTOUTA;-22,04917;166,24054
202300035954;24;6;2023;16:10;1;71;71351;1;1;1;6;Route de Fretterans;46,89252891;5,26379228
202300035955;27;2;2023;14:15;1;13;13214;2;4;2;1;MERLAN (AVENUE);43,33119;5,40606
202300035956;7;11;2023;20:30;5;71;71204;1;1;1;1;15 Route de Démigny (Fragnes);46,822307;4,851306
202300035957;11;4;2023;06:05;5;51;51454;2;2;1;3;quai du Pré aux Moines;49,23303;4,04871
202300035958;21;5;2023;13:15;1;988;98802;2;1;1;6;Route de Ouitchambo;-21,824991;165,998365
202300035959;24;6;2023;11:50;1;71;71479;2;2;1;6;Rue de la Bruyere;46,848934;4,427563
202300035960;27;2;2023;07:50;1;13;13211;2;1;1;3;BARASSE;43,286;5,476
202300035961;8;11;2023;23:00;3;61;61485;1;1;3;2;D12 PR 33+100;48,905908;0,282157
202300035962;18;5;2023;19:00;3;971;97125;1;1;1;1;Route de BESSOT;16,259447;-61,301388
202300035963;10;4;2023;11:15;1;50;50129;2;4;5;3;de la Banque à Genets (Avenue);49,61057;-1,617
202300035964;23;6;2023;17:50;1;89;89407;1;4;1;3;D965;47,845441;4,082167
202300035965;8;11;2023;15:40;1;44;44036;2;6;2;6;20bis Boulevard de la Republique;47,717955;-1,381373
202300035966;26;2;2023;23:30;5;13;13208;2;1;2;6;MICHELET (BOULEVARD);43,26125871;5,39768598
202300035967;19;5;2023;19:30;3;971;97118;2;1;1;3;Chemin de Duquerry;16,183447;-61,601833
202300035968;11;4;2023;11:30;1;44;44162;2;1;1;6;277 Boulevard Marcel Paul;47,22964;-1,63367
202300035969;23;6;2023;18:30;1;61;61287;1;2;1;3;Les Planches Mormes;48,823278;-0,589624
202300035970;8;11;2023;17:35;5;2;2810;2;1;2;6;Avenue de la Ferté - Milon;49,249578;3,095849
202300035971;27;2;2023;22:10;5;13;13098;2;1;2;2;BELLEFONT RUE;43,45657;5,01095
202300035972;19;5;2023;21:45;5;978;97801;2;3;2;2;R DE HOLLANDE;18,070528;-63,082246
202300035973;26;2;2023;10:06;1;10;10333;2;1;1;6;Bretelle D610E13B2;48,2703;4,05047
202300035974;18;5;2023;11:00;1;30;30130;1;1;1;6;Lieu Dit Aiguebelle;44,363471;3,940369
202300035975;11;4;2023;08:35;1;44;44162;2;1;1;1;95 Avenue de la Baraudière;47,23266;-1,59456
202300035976;9;11;2023;15:20;1;3;3138;1;1;1;1;N7;46,247552;3,602614
202300035977;24;6;2023;15:15;1;55;55312;1;2;7;3;D964;48,931099;5,520665
202300035978;19;5;2023;12:30;1;34;34157;2;6;1;6;Place Baptiste Milhau;43,427258;3,604551
202300035979;11;4;2023;07:55;1;43;43002;2;1;2;7;Chemin de Bouthezard;45,052264;3,881304
202300035980;27;2;2023;03:25;5;6;6088;2;1;2;6;ANGLAIS (DU N° 265 AU N° 350);43,67935;7,23016
202300035981;19;5;2023;15:40;1;34;34052;2;1;1;6;Intermarché (Supermarché);43,326403;3,051614
202300035982;23;6;2023;16:15;1;49;49331;2;1;1;1;Route de Pouance;47,690439;-0,892886