Num_Acc;jour;mois;an;hrmn;lum;dep;com;agg;int;atm;col;adr;lat;long
202300036249;7;11;2023;11:50;1;83;83144;2;9;1;3;UNIVERSITE (AVE DE L');43,13787263;6,01521009
202300036250;28;2;2023;18:15;2;94;94028;1;1;1;2;A86;48,7849558;2,44038353
202300036251;7;11;2023;14:10;1;83;83069;1;1;1;7;NICE (ROUTE DE);43,13174;6,17088
202300036252;7;11;2023;17:50;2;81;81065;2;1;8;6;VOIE URBAINE SUD;43,5827;2,27193
202300036253;28;2;2023;08:30;1;77;77373;1;1;1;2;RN104;48,77671436;2,61351557
202300036254;27;2;2023;07:35;1;75;75116;2;1;1;2;ECHANGEUR MUETTE;48,862819;2,264975
202300036255;7;11;2023;16:25;1;77;77390;1;1;1;3;D21;48,79125458;2,69160748
202300036256;11;4;2023;19:15;1;75;75107;2;3;2;7;AVENUE DE TOURVILLE;48,853789;2,312742
202300036257;27;2;2023;09:15;1;75;75117;2;1;1;2;BOULEVARD PERIPHERIQUE EXTERIEUR OUEST;48,890245;2,298465
202300036258;7;11;2023;05:50;5;73;73029;1;5;1;3;D1006 CHALLES (ROUTE DE);45,5680948;5,94057262
202300036259;27;2;2023;19:25;5;75;75119;2;1;1;6;BOULEVARD SERURIER;48,878465;2,402895
202300036260;7;11;2023;19:35;5;73;73011;2;1;1;3;DUBOIS (RUE DU CDT)J.JAURES A J. MOULIN;45,66818;6,38301
202300036261;27;2;2023;08:10;1;75;75119;2;2;1;3;RUE DE BELLEVILLE;48,8755;2,392093
202300036262;10;4;2023;22:23;5;75;75107;2;2;2;3;QUAI D ORSAY;48,862867;2,313472
202300036263;7;11;2023;22:27;5;72;72181;2;6;1;6;Robert Jarry (Bd);47,99828;0,17876
202300036264;27;2;2023;01:30;5;75;75118;2;3;1;2;RUE CHAMPIONNET;48,895471;2,349577
202300036265;11;4;2023;17:55;1;94;94044;2;1;3;6;Rue Georges Clémenceau;48,743421;2,476949
202300036266;10;4;2023;15:38;1;94;94078;2;1;1;2;Avenue de Melun;48,72460439;2,44503012
202300036267;27;2;2023;18:15;2;75;75117;2;7;1;3;PLACE DU GENERAL KOENIG;48,881147;2,283996
202300036268;11;4;2023;14:30;1;94;94074;2;1;1;2;Avenue Henri Barbusse;48,77120539;2,4400152
202300036269;20;2;2023;09:15;1;75;75116;2;4;1;1;ROUTE DE LA MUETTE A NEUILLY;48,866669;2,264905
202300036270;10;4;2023;23:45;3;94;94076;2;1;2;6;Allée du Vercors;48,80129;2,35582
202300036271;10;4;2023;11:26;1;94;94033;2;1;1;6;Rue la Fontaine;48,85781774;2,47221069
202300036272;10;4;2023;18:45;1;94;94079;2;3;3;3;Route de Champigny;48,82555;2,53521
202300036273;11;4;2023;22:50;5;93;93048;2;3;2;1;Rue Coli / Impasse le Brix;48,86846;2,4684
202300036274;27;2;2023;15:50;1;75;75115;2;3;1;6;RUE OLIVIER DE SERRES;48,83677;2,29818
202300036275;11;4;2023;17:30;1;93;93006;2;9;1;6;Avenue Gambetta;48,872012;2,418662
202300036276;11;4;2023;08:30;1;93;93031;2;1;1;3;Route de Saint-leu;48,95424761;2,33487958
202300036277;27;2;2023;11:51;1;75;75107;2;3;1;3;RUE DE SEVRES;48,849825;2,323295
202300036278;11;4;2023;16:18;1;93;93010;2;1;1;6;Avenue Henri Barbusse;48,90189459;2,4850747
202300036279;11;4;2023;17:35;1;92;92047;2;1;3;6;YVES CARIOU;48,83522;2,17019
202300036280;27;2;2023;12:50;1;75;75103;2;2;1;2;RUE DE TURBIGO;48,865465;2,356192
202300036281;27;2;2023;05:55;5;94;94052;2;1;1;6;31 Rue Hoche;48,83386849;2,49261895
202300036282;11;4;2023;14:30;1;92;92050;2;1;1;2;PREMIER MAI RUE DU;48,90848268;2,21352249
202300036283;11;4;2023;20:25;5;92;92020;2;1;2;6;VERDUN AVENUE DE AUTRES N°;48,79877;2,280196
202300036284;27;2;2023;20:20;5;94;94034;2;1;1;6;1 Place Pierre et Marie Curie;48,75507237;2,32288192
202300036285;11;4;2023;08:20;1;92;92044;2;2;8;6;ARISTIDE BRIAND(RUE)51A83  54A96;48,89333;2,29048
202300036286;11;4;2023;17:10;1;92;92025;2;1;2;6;EUROPE (AV DE L');48,926413;2,243778
202300036287;27;2;2023;20:40;5;94;94054;2;1;1;3;119 Avenue de la Victoire;48,74522536;2,3881115
202300036288;11;4;2023;10:33;1;92;92012;2;1;1;6;QUATRE SEPTEMBRE (QUAI DU);48,85055833;2,22674444
202300036289;11;4;2023;07:50;1;92;92012;2;1;1;7;DENFERT ROCHEREAU (RUE);48,84162;2,24707
202300036290;11;4;2023;09:17;1;92;92012;2;1;1;3;AUTEUIL (BOULEVARD D') - COTE IMPAIR;48,84638958;2,24724591
202300036291;27;2;2023;14:10;1;94;94054;2;3;1;6;Avenue Molière / Av des Martyrs de Chateaubriant;48,74888;2,40662
202300036292;11;4;2023;09:35;1;92;92004;2;1;1;3;BAS ( RUE DES );48,9157912;2,29473978
202300036293;27;2;2023;18:00;1;93;93070;2;1;1;6;Rue du Docteur Bauer;48,90611;2,34306
202300036294;11;4;2023;14:20;1;92;92002;2;1;1;6;FRERES LUMIERES (AVENUE DES);48,74036601;2,31129259
202300036295;3;4;2023;08:30;1;33;33352;2;3;1;3;1 Chemin de Blasignon;44,586085;-0,035845
202300036296;27;2;2023;17:45;1;93;93055;2;1;1;6;Rue Scandicci;48,89150087;2,39864685
202300036297;12;4;2023;16:10;1;974;97422;2;3;8;3;Rue du Général de Gaulle;-21,26994;55,514055
202300036298;27;2;2023;03:14;5;93;93072;2;1;1;6;Avenue de Stalingrad;48,94858855;2,38016424
202300036299;11;4;2023;09:30;1;974;97404;2;6;1;3;Avenue Octave Bénard;-21,26511;55,334069
202300036300;27;2;2023;22:10;5;93;93001;2;1;1;1;Avenue Jean Jaurès;48,90564223;2,39398869
202300036301;11;4;2023;09:15;1;972;97232;2;1;1;1;D5;14,544846;-60,84316
202300036302;27;2;2023;14:40;1;92;92022;2;1;1;6;PAVE DES GARDES (ROUTE DU);48,80766;2,18941
202300036303;12;4;2023;11:20;1;64;64410;2;1;8;6;Avenue Henri IV;43,371872;-0,630512
202300036304;27;2;2023;14:25;1;92;92048;2;3;1;6;MAL DE LATTRE DE TASSIGNY (AVENUE);48,78570839;2,2290431
202300036305;11;4;2023;19:30;2;67;67117;1;9;1;1;D1004;48,76707;7,317265
202300036306;23;2;2023;11:22;1;92;92004;2;1;1;3;HENIR BARBUSSE ( AVENUE );48,91259;2,27394
202300036307;5;9;2023;08:00;1;75;75113;2;1;1;7;BOULEVARD MASSENA;48,820558;2,365893
202300036308;27;2;2023;16:50;1;35;35041;1;1;1;1;Le Jainet;47,97030349;-1,53758973
202300036309;11;4;2023;16:45;1;38;38400;2;1;1;1;637 Avenue Gaston Bonnardel;45,342433;5,56663
202300036310;5;9;2023;08:41;1;75;75110;2;3;1;7;RUE DU FAUBOURG SAINT MARTIN;48,874308;2,358612
202300036311;27;2;2023;08:00;1;54;54089;1;1;1;7;rd 37;48,761166;6,269342
202300036312;11;4;2023;16:14;1;30;30225;1;1;1;6;RD 6;44,162135;4,553103
202300036313;27;2;2023;11:50;1;58;58270;1;1;1;6;D955;47,490297;2,998238
202300036314;5;9;2023;08:40;1;75;75108;2;7;7;3;PLACE DE L ALMA;48,864727;2,301716
202300036315;7;4;2023;11:50;1;33;33236;2;1;1;3;171 Avenue de Bordeaux;44,700714;-1,229863
202300036316;26;2;2023;16:35;1;63;63404;1;9;1;3;A75;45,569829;3,249968
202300036317;4;9;2023;09:17;1;75;75108;2;2;1;2;AVENUE MARCEAU;48,865148;2,299851
202300036318;11;4;2023;17:20;1;32;32227;1;1;1;1;d931;43,807612;0,06345
202300036319;27;2;2023;14:00;1;35;35193;1;2;1;3;D 82 - PK 28;48,249483;-1,719956
202300036320;11;4;2023;18:05;1;63;63234;1;1;1;7;"D 978 lieu-dit ""le rivalet""";45,570024;3,060771
202300036321;5;9;2023;15:10;1;75;75104;2;1;1;2;BOULEVARD DE SEBASTOPOL;48,861075;2,349647
202300036322;27;2;2023;21:05;3;57;57343;1;2;1;7;D1;49,328455;6,181815
202300036323;5;9;2023;10:55;1;75;75104;2;2;1;3;RUE SAINT ANTOINE;48,853982;2,364784
202300036324;12;4;2023;17:30;1;12;12203;1;1;2;1;D23;43,980433;2,97545
202300036325;27;2;2023;18:35;4;51;51391;1;1;1;4;N31;49,26970407;3,90987754
202300036326;6;4;2023;16:35;1;68;68374;2;1;1;3;avenue lorraine;48,087988;7,314802
202300036327;5;9;2023;09:10;1;94;94037;2;3;1;3;Avenue Paul Vaillant-couturier;48,81642397;2,33956298
202300036328;12;4;2023;14:45;1;38;38338;1;1;1;1;D1532;45,229448;5,497456
202300036329;27;2;2023;07:50;1;51;51282;1;1;7;4;N31;49,268872;3,914952
202300036330;5;9;2023;08:08;1;94;94022;2;2;1;6;Rue Jules Vallès;48,75461;2,41028
202300036331;28;2;2023;17:40;1;61;61293;2;1;1;6;D9;48,509534;0,55721
202300036332;11;4;2023;20:30;2;15;15087;1;1;1;7;D601;44,776093;2,426498
202300036333;5;9;2023;10:20;1;93;93078;2;1;1;3;Avenue Vauban;48,967342;2,551668
202300036334;17;2;2023;18:15;3;25;25220;1;1;1;5;D9;47,130535;6,013985
202300036335;12;4;2023;06:45;1;5;5046;2;1;1;6;Rue de la Plaine sous le Roc;44,556075;6,484353
202300036336;5;9;2023;12:30;1;93;93051;2;1;1;6;Rue du Marnois;48,84125;2,5599
202300036337;15;1;2023;18:20;3;35;35264;1;4;3;1;Le Val;48,108305;-1,363142
202300036338;5;9;2023;08:17;1;93;93048;2;9;1;7;Rue de Rosny;48,86950019;2,46376484
202300036339;11;4;2023;18:30;1;5;5012;1;2;1;3;RD40;44,54739;6,485732
202300036340;27;2;2023;19:05;3;38;38118;1;1;1;6;Route de Lyon;45,402949;5,465561
202300036341;12;4;2023;16:45;1;5;5132;1;1;2;7;Lac de l'Aullagnier (Eau);44,671293;6,101156
202300036342;5;9;2023;18:00;1;93;93046;2;5;1;6;Avenue Benoit Malon / Avenue Winston Churchill;48,91524;2,53512
202300036343;27;2;2023;17:00;1;70;70117;1;1;1;1;route départementale 218;47,631829;6,775635
202300036344;5;9;2023;17:45;1;93;93046;2;9;1;3;Avenue Aristide Briand;48,91081887;2,51372606
202300036345;27;2;2023;19:40;3;72;72344;1;1;1;1;D326;47,94044;0,15316
202300036346;11;4;2023;22:05;3;64;64466;1;1;1;4;D23;43,343095;-0,874701
202300036347;4;9;2023;18:35;1;93;93046;2;2;1;3;Allée Vendome / Avenue Paul Bert;48,91845845;2,52577507
202300036348;11;4;2023;20:40;2;16;16295;1;1;1;6;N/A;45,818149;0,132603
202300036349;27;2;2023;17:55;2;5;5017;1;1;1;1;Route des Borels;44,567427;6,20677897
202300036350;4;9;2023;14:15;1;93;93029;2;1;1;1;Rue Hoche;48,92794194;2,43189674
202300036351;28;2;2023;19:00;5;60;60245;2;2;1;6;4 Rue Georges Clemenceau;49,650355;1,730352
202300036352;12;4;2023;08:27;1;68;68375;2;6;2;3;D19;47,774727;7,227357
202300036353;26;2;2023;03:00;5;10;10328;2;4;1;6;D86;48,346608;4,256274
202300036354;5;9;2023;18:10;1;92;92064;2;2;1;2;REPUBLIQUE;48,85901375;2,21170172
202300036355;11;4;2023;19:28;1;67;67164;1;1;1;2;A 35 PK 420.700;48,430525;7,494607
202300036356;26;2;2023;20:10;3;53;53140;1;1;1;7;Vaubernier;48,104659;-0,70253
202300036357;5;9;2023;08:15;1;92;92033;2;1;1;3;DOCTEUR DEBAT;48,85234788;2,19611764
202300036358;27;2;2023;09:30;1;24;24214;2;2;1;6;D75;45,56917;0,560233
202300036359;11;4;2023;08:50;1;987;98715;1;1;1;3;RDO sens PAPEETE - PUNAAUIA;-17,584;-149,56
202300036360;5;9;2023;16:50;1;92;92050;2;3;1;3;PICASSO PABLO AVENUE;48,88851299;2,22431409
202300036361;27;2;2023;02:25;3;87;87059;1;1;1;6;D25;46,199632;1,108611
202300036362;5;9;2023;08:15;1;92;92036;2;4;1;6;LAURENT CELY (AVENUE) (1/143);48,91730513;2,30750799
202300036363;27;2;2023;14:40;1;30;30272;1;1;2;5;;43,966457;3,691074
202300036364;5;9;2023;09:35;1;92;92026;2;3;7;3;RÉPUBLIQUE ( DE 82 A FIN );48,90362672;2,25759959
202300036365;11;4;2023;15:00;1;59;59377;1;1;1;2;A26 PK 139.6 sens CALAIS - REIMS;50,0926335;3,17037009
202300036366;28;2;2023;10:25;1;8;8022;2;2;1;6;1 Route de Tournes;49,82342505;4,6518766
202300036367;5;9;2023;16:20;1;92;92025;2;1;1;6;PIERRE DE COUBERTIN (BD);48,92862919;2,25159734
202300036368;22;2;2023;08:54;1;78;78043;2;6;1;7;Rue de Maule;48,840077;2,082703
202300036369;12;4;2023;07:50;1;77;77407;1;1;3;6;Autorute A6 PK 039+400 circulant vers LYON;48,518951;2,504598
202300036370;5;9;2023;07:40;2;92;92025;2;9;1;6;BOURNARD (RUE DU);48,92303386;2,25430727
202300036371;27;2;2023;09:46;1;1;1134;1;1;1;4;A406, PK 4.200;46,280759;4,86227
202300036372;4;9;2023;14:00;1;92;92012;2;1;1;6;ANDRE MORIZET (AVENUE) 1/47 - 2/52;48,83447;2,2421
202300036373;7;4;2023;03:25;5;987;98758;2;1;1;6;PK 3 cote ouest;-16,744;-151,46
202300036374;28;2;2023;08:00;1;971;97103;2;1;1;3;552 Rue de la Chapelle;16,234953;-61,557363
202300036375;4;9;2023;18:35;1;92;92007;2;1;1;3;PASTEUR (AVENUE LOUIS) N° 1 A 39 ET 2 A;48,797;2,31737
202300036376;12;4;2023;18:00;1;91;91568;1;1;1;1;D27;48,575049;2,111086
202300036377;25;2;2023;10:00;1;84;84141;1;1;1;3;A7 PK191.300;43,972156;4,896174
202300036378;1;9;2023;22:20;5;92;92004;2;1;1;3;ARGENTEUIL AV D';48,91624814;2,28236273
202300036379;12;4;2023;10:15;1;83;83071;2;1;1;6;Avenue Georges Clémenceau;43,139196;6,238109
202300036380;4;9;2023;17:45;1;92;92004;2;1;1;3;PIERRE BOUDOU;48,91562;2,30787
202300036381;28;2;2023;01:15;5;77;77065;1;1;1;6;Autoroute A6, PK 46.900 en direction de LYON;48,455171;2,522489
202300036382;4;9;2023;07:52;2;92;92004;2;4;1;1;PIERRE BOUDOU;48,91352;2,29914
202300036383;25;2;2023;23:12;3;973;97311;1;1;2;7;Route de Saint Jean;5,428312;-54,04104
202300036384;11;4;2023;09:50;1;13;13093;2;1;1;3;D561;43,686285;5,396122
202300036385;26;2;2023;16:30;1;45;45121;1;1;6;7;Rue de Châtillon;47,794627;2,870575
202300036386;5;9;2023;18:45;1;92;92014;2;1;1;6;MARECHAL JOFFRE (BD DU) (43 A 97 - 58 A;48,77987;2,3135
202300036387;11;4;2023;22:08;5;57;57484;2;6;1;7;67 Rue Nationale;49,168215;6,868665
202300036388;3;9;2023;04:15;3;35;35151;1;1;1;6;D177;47,855895;-1,892484
202300036389;27;2;2023;15:05;1;78;78346;1;2;1;3;Rue de la Fortelle;48,928118;1,569725
202300036390;5;9;2023;21:30;2;22;22049;1;1;1;6;D28 PK 7+900;48,524418;-2,200012
202300036391;12;4;2023;05:20;4;27;27275;2;3;2;1;Cote des Sables;49,15111;1,376579
202300036392;5;9;2023;17:45;1;95;95313;2;1;1;6;D922;49,12238;2,244473
202300036393;5;9;2023;12:58;1;95;95313;1;1;1;3;D64;49,10731497;2,23691983
202300036394;11;4;2023;13:30;1;62;62560;2;1;1;6;Avenue Ferber;50,815594;1,701853
202300036395;19;2;2023;09:43;1;13;13007;2;4;1;2;D45a;43,367505;5,652519
202300036396;1;9;2023;17:10;1;33;33352;2;1;1;6;RD 670;44,59070276;-0,03284365
202300036397;11;4;2023;18:20;1;33;33192;1;1;1;3;ROCADE A 630;44,78965;-0,61534
202300036398;27;2;2023;09:55;1;69;69287;1;1;1;6;Rue des Alpes;45,701676;5,000732
202300036399;5;9;2023;10:35;1;7;7191;1;6;1;3;RD 86H;44,580033;4,703817
202300036400;27;2;2023;09:20;1;17;17056;1;2;1;3;Route de l'Ormeau Rouge;45,607508;-0,506862
202300036401;11;4;2023;09:00;1;91;91377;1;1;1;3;RN20;48,71333;2,28941
202300036402;4;9;2023;20:40;5;6;6161;2;2;1;3;1495, route nationale 7;43,63598;7,133536
202300036403;26;2;2023;01:45;5;85;85092;2;1;1;6;Rue de fontarabie;46,464188;-0,801322
202300036404;11;4;2023;18:45;1;92;92036;1;1;2;6;RN315 Y;48,91987444;2,30667989
202300036405;5;9;2023;17:40;1;52;52282;1;1;1;3;A5;47,97959131;5,13386112
202300036406;28;2;2023;06:45;2;60;60369;1;1;1;2;6 Rue de la Gare;49,348808;2,717625
202300036407;11;4;2023;10:10;1;78;78571;1;1;1;6;A13;48,872598;2,025976
202300036408;4;9;2023;14:45;1;1;1353;1;1;1;1;Route d'Ars;45,976474;4,798426
202300036409;27;2;2023;06:55;5;33;33249;1;1;1;3;ROCADE A 630;44,88474216;-0,51442623
202300036410;6;9;2023;09:25;1;1;1354;2;6;1;7;D78a;46,264544;6,043784
202300036411;17;2;2023;14:23;1;59;59646;1;1;1;6;ROUTE DEPARTEMENTALE 652;50,68341;3,112
202300036412;11;4;2023;09:20;1;92;92048;1;1;1;3;N118;48,79379358;2,21880725
202300036413;5;9;2023;12:20;1;35;35012;1;1;1;6;Pommeniac;47,799229;-1,690988
202300036414;27;2;2023;14:00;1;91;91645;1;1;1;3;N385;48,75993188;2,26284379
202300036415;10;4;2023;22:10;3;93;93066;1;1;2;2;AUTOROUTE A86;48,92193;2,36188
202300036416;27;2;2023;01:40;3;78;78007;1;1;1;7;A13W;48,8993;2,0055
202300036417;5;9;2023;14:55;1;14;14027;1;1;1;1;6 Route de Beauvais;49,029054;-0,640426
202300036418;11;4;2023;07:30;1;93;93051;1;1;1;3;A4;48,83620546;2,5559632
202300036419;26;2;2023;06:55;3;78;78133;1;1;1;6;A13;48,887648;2,011535
202300036420;5;9;2023;18:30;1;74;74112;1;1;1;4;RD1508 - Face à Jour de Fête;45,936065;6,07471
202300036421;25;2;2023;23:08;5;78;78362;1;1;1;6;A13;48,977002;1,715643
202300036422;5;9;2023;17:30;1;62;62808;1;1;1;6;D343;50,464826;2,228851
202300036423;3;9;2023;23:00;4;62;62597;2;1;1;7;D32;50,18515075;2,78071378
202300036424;26;2;2023;16:30;1;95;95500;1;1;1;2;A15;49,036351;2,09396878
202300036425;8;4;2023;04:07;5;75;75114;2;3;1;2;AVENUE DU GENERAL LECLERC;48,830795;2,329388
202300036426;10;4;2023;23:00;5;75;75120;2;2;2;7;RUE DE LA BIDASSOA;48,865429;2,394894
202300036427;5;9;2023;13:30;1;57;57389;1;9;1;1;D24;49,040203;6,720967
202300036428;25;2;2023;14:50;1;93;93010;1;1;1;4;AUTOROUTE A3;48,89162;2,4733
202300036429;10;4;2023;18:55;1;75;75119;2;3;2;7;AVENUE JEAN JAURES;48,886641;2,38482
202300036430;4;9;2023;14:30;1;51;51543;1;1;1;7;D931;49,095621;4,702578
202300036431;27;2;2023;16:30;1;94;94022;1;1;1;2;A86;48,77572926;2,41366314
202300036432;6;9;2023;10:55;1;51;51393;1;1;7;1;D386;49,134371;3,9186
202300036433;7;4;2023;13:00;1;75;75116;2;3;1;3;ROUTE DES TRIBUNES;48,861972;2,230384
202300036434;19;8;2023;10:45;1;19;19049;1;3;1;3;Route Des Places;45,065754;1,474979
202300036435;2;9;2023;18:50;1;56;56164;1;4;2;2;Penhouët;47,658118;-2,815933
202300036436;10;4;2023;02:55;5;75;75111;2;1;1;3;RUE DU FAUBOURG SAINT ANTOINE;48,850462;2,383078
202300036437;5;9;2023;10:05;1;74;74208;1;1;1;7;Route de plaine joux;45,946793;6,725435
202300036438;5;9;2023;12:05;1;2B;2B050;2;9;1;3;avenue christophe Colomb;42,556692;8,759478
202300036439;5;9;2023;17:25;1;11;11304;1;1;1;1;N/A;42,895428;2,190807
202300036440;6;9;2023;18:18;1;63;63338;1;1;1;6;32 Rue de Chez Ponet;46,166201;2,814925
202300036441;5;9;2023;14:00;1;86;86139;1;1;1;1;Breuil;46,450345;0,098717
202300036442;6;9;2023;16:35;1;25;25157;1;1;1;1;Lieu dit  le Creux;46,882518;6,421015
202300036443;6;9;2023;07:48;1;25;25367;2;1;1;6;15 Rue de Beaulieu;47,447935;6,813074
202300036444;6;9;2023;03:53;3;44;44206;1;1;1;7;le Poteau;46,897468;-1,705531
202300036445;4;9;2023;11:20;1;29;29217;2;1;1;6;4 rue des abbés tanguy;47,855627;-3,748608
202300036446;5;9;2023;20:40;3;2;2422;1;1;1;2;N/A;49,928102;3,6303
202300036447;6;9;2023;11:30;1;1;1323;1;2;1;3;Route des 4 Vents;46,423008;4,933763
202300036448;6;9;2023;11:10;1;1;1113;1;1;1;3;la Buissonnière;46,154467;5,114624
202300036449;5;9;2023;19:38;1;70;70312;2;2;7;3;Rue Pierre Carmien et rue de la cotelotte;47,597068;6,739664
202300036450;5;9;2023;19:45;1;26;26159;1;1;1;6;D514;44,71300284;5,41640997
202300036451;6;9;2023;07:30;1;6;6059;1;1;1;2;M6007;43,72634;7,388805
202300036452;6;9;2023;10:40;1;50;50353;2;1;1;6;Le Mont-Saint-Michel;48,617477;-1,511028
202300036453;4;9;2023;16:34;1;43;43005;1;1;1;7;Lieu-dit Gourlon;44,921243;3,676177
202300036454;6;9;2023;14:10;1;36;36128;1;1;1;3;N/A;46,85713508;1,77566404
202300036455;5;9;2023;16:00;1;53;53008;2;1;1;6;1 Rue de la Libération;48,29692;-0,559825
202300036456;6;9;2023;15:11;1;4;4121;1;1;1;1;D17;44,0172;6,178994
202300036457;6;9;2023;17:50;1;85;85031;1;2;1;3;Carrefour RD 960BIS / RD 13;46,776058;-0,895596
202300036458;4;9;2023;13:30;1;37;37109;1;3;1;3;D76;47,412747;0,603057
202300036459;3;9;2023;18:30;1;67;67083;1;4;1;3;D853;48,993327;7,653651
202300036460;6;9;2023;03:10;3;24;24091;1;1;1;6;D46;44,772132;1,217895
202300036461;4;9;2023;15:05;1;971;97103;2;1;1;3;Boulevard de Destrellan;16,253664;-61,587961
202300036462;5;9;2023;09:42;1;95;95580;1;6;1;3;D16;49,08599527;2,5496757
202300036463;5;9;2023;16:40;1;59;59216;1;1;1;2;Autoroute A2, PK 037.300, sens PARIS/BRUXELLES;50,224119;3,257961
202300036464;4;9;2023;13:45;1;987;98729;1;1;2;1;PK 7,700 Paopao;-17,577;-150,202
202300036465;6;9;2023;09:15;1;971;97106;2;1;7;3;Boulevard Front de Mer;16,128654;-61,769766
202300036466;5;9;2023;11:10;1;77;77005;1;1;1;2;D404;48,928421;2,728429
202300036467;5;9;2023;08:55;1;77;77520;1;1;1;7;D104;48,319748;2,654188
202300036468;6;9;2023;05:30;2;78;78499;1;2;1;3;D988;48,557097;1,904229
202300036469;5;9;2023;15:30;1;34;34154;1;1;1;3;CD189;43,600843;3,957964
202300036470;12;8;2023;22:30;3;13;13066;1;9;1;2;D7n;43,883441;4,91592
202300036471;6;9;2023;17:06;1;25;25505;2;1;1;2;8 Route de Cuse;47,480001;6,359899
202300036472;5;9;2023;18:30;1;71;71371;1;3;1;3;Route de Macon;46,33498;4,73087
202300036473;6;9;2023;18:15;1;68;68111;1;1;1;7;D1.5;48,00474;7,26795
202300036474;5;9;2023;07:30;1;42;42304;2;1;1;1;D8;45,527877;4,196777
202300036475;5;9;2023;16:20;1;38;38246;2;1;1;2;D51;45,53262;5,417783
202300036476;5;9;2023;19:06;1;38;38474;1;1;1;6;D531;45,216624;5,645674
202300036477;3;9;2023;14:45;1;26;26170;1;2;1;3;D176;44,903239;4,942909
202300036478;4;9;2023;19:05;1;33;33509;1;1;1;6;D138;44,99800567;-0,23300081
202300036479;4;9;2023;18:05;1;33;33494;1;1;1;1;D6;44,949158;-0,852556
202300036480;26;8;2023;18:00;1;33;33422;2;1;1;1;Avenue du Las;44,80716801;-0,79261422
202300036481;4;9;2023;07:25;1;14;14728;2;1;1;6;2 Route du Château;49,28605;-0,73597
202300036482;6;9;2023;10:40;1;29;29021;2;1;1;7;Route de Menhir;48,654311;-4,303011
202300036483;31;8;2023;23:10;3;29;29087;1;1;3;7;Route de Kermenguy;48,06075;-4,280713
202300036484;6;9;2023;18:10;1;59;59551;2;1;7;6;715 Rue Jean Rache;50,482768;3,338693
202300036485;5;9;2023;15:00;1;59;59336;1;1;7;7;RD 47;50,279557;3,042952
202300036486;4;9;2023;15:37;1;13;13212;1;1;1;2;A507 sens Marseille - Aubagne;43,31297;5,42393
202300036487;5;9;2023;08:46;1;13;13202;1;1;1;3;A55-Sens Martigues vers Marseille;43,3153;5,365
202300036488;4;9;2023;11:28;1;13;13071;1;1;1;4;A7-Sens Marseille vers Lyon;43,41716002;5,27526772
202300036489;4;9;2023;18:30;1;59;59196;1;1;1;6;AUTOROUTE A25;50,63585;2,94455
202300036490;1;9;2023;07:50;2;59;59478;1;1;3;6;AUTOROUTE A25;50,94275;2,45208
202300036491;1;9;2023;02:25;3;59;59155;1;1;2;6;AUTOROUTE A16;51,0136;2,38272
202300036492;5;9;2023;00:40;3;94;94076;1;1;1;2;A6B;48,78543196;2,34573083
202300036493;4;9;2023;15:48;1;91;91179;1;1;1;2;AUTOROUTE A6;48,567;2,472
202300036494;4;9;2023;16:00;1;92;92036;1;1;1;3;A86;48,93480505;2,28150149
202300036495;3;9;2023;01:20;3;95;95572;1;1;1;2;A15;49,028852;2,127219
202300036496;5;9;2023;17:30;1;77;77258;1;1;1;4;A4.Y;48,8303;2,63104
202300036497;5;7;2023;01:20;5;83;83069;2;2;1;7;FRONT DE MER (BOULEVARD);43,10549;6,17588
202300036498;4;7;2023;19:05;1;83;83061;2;3;1;3;AVENUE DU HUIT MAI 1945;43,43079;6,72505
202300036499;10;6;2023;15:40;1;94;94041;2;2;1;3;Rue Denis Papin;48,81374522;2,39538833
202300036500;4;9;2023;17:10;2;988;98818;2;3;2;3;AVENUE BONAPARTE/RUE DE BOUZOULS;-22,23646;166,46453
202300036501;4;9;2023;17:10;1;974;97416;2;1;1;6;SAVIGNY (CHEMIN EDOUARD);-21,29734;55,49261
202300036502;4;9;2023;07:38;1;974;97416;1;1;1;2;BADAMIER(CHEMIN);-21,3103;55,4562
202300036503;31;8;2023;17:20;1;974;97416;1;1;1;7;MAURICE THOREZ(CHEMIN);-21,2776;55,4681
202300036504;4;9;2023;18:20;5;973;97302;2;4;1;3;CATAYEE (JUSTIN);4,92556451;-52,32413113
202300036505;4;9;2023;07:32;1;973;97302;2;1;1;3;CABASSOU (ROUTE DE);4,91983418;-52,31922269
202300036506;4;9;2023;20:36;5;2B;2B353;1;1;1;6;CAP - ROUTE DU CAP;42,716881;9,455308
202300036507;3;9;2023;18:00;2;971;97113;2;1;1;7;SECTION GRANDE RAVINE;16,21424;-61,4806
202300036508;3;9;2023;18:20;2;971;97113;1;1;1;3;Morne Salines;16,21069795;-61,44166231
202300036509;15;8;2023;18:00;1;971;97101;1;4;1;3;ROUTE DE CHAZEAU;16,28899;-61,48015
202300036510;20;8;2023;08:34;1;95;95210;2;2;1;7;LIBERATION (RUE DE LA);48,97174;2,30509
202300036511;4;9;2023;22:00;2;91;91216;2;4;1;2;GRAND VAUX (RUE);48,67571;2,33591
202300036512;4;9;2023;12:45;1;91;91223;1;1;1;7;R.D.20;48,43077;2,16458
202300036513;31;8;2023;16:50;1;89;89387;1;1;2;4;D606;48,16734;3,29843
202300036514;2;9;2023;18:01;1;87;87085;2;1;1;6;PERRIN (RUE FRANCOIS);45,82889;1,24352
202300036515;3;9;2023;03:10;5;86;86194;2;1;1;6;Rue Jean Valade;46,566463;0,314177