Num_Acc;jour;mois;an;hrmn;lum;dep;com;agg;int;atm;col;adr;lat;long
202300036516;20;8;2023;12:00;1;83;83137;2;1;1;6;15EME CORPS (AVE DU);43,12824;5,90855
202300036517;4;9;2023;15:45;1;78;78133;2;3;1;3;MANTES (ROUTE DE);48,908849;2,042982
202300036518;4;9;2023;11:00;1;78;78350;2;1;1;2;CONTI (QUAI);48,876704;2,116542
202300036519;4;9;2023;16:35;1;77;77284;2;2;7;2;MARNE (RUE DE LA);48,95304;2,88534
202300036520;4;9;2023;12:00;1;77;77307;2;1;1;3;RUE DE ROME;48,857398;2,755314
202300036521;4;9;2023;09:00;1;77;77042;2;7;1;3;RD 222;48,82265581;3,13701779
202300036522;4;9;2023;11:20;1;76;76322;2;1;1;6;Avenue des Provinces;49,410313;1,0524264
202300036523;4;9;2023;09:30;1;76;76410;2;2;1;6;Rue Pasteur;49,47738;1,04059
202300036524;2;9;2023;13:13;1;76;76351;2;1;1;2;LOUIS BLANC;49,50745;0,13097
202300036525;1;9;2023;13:00;1;76;76447;2;1;1;6;LA LEZARDE (CENTRE COMMERCIAL);49,52709513;0,1907409
202300036526;3;9;2023;17:20;1;72;72181;2;1;1;2;POITEVIN ALPHONSE (RUE);48,01424;0,2001
202300036527;4;9;2023;08:00;1;69;69264;2;1;1;6;Avenue de l’Europe;45,99792;4,73491
202300036528;3;9;2023;17:00;1;67;67482;2;1;1;7;WELSCH (RUE);48,53225;7,768
202300036529;2;9;2023;17:05;1;67;67043;2;3;1;3;PERIGUEUX (AVENUE DE);48,6145;7,74064
202300036530;4;9;2023;10:08;1;63;63113;2;2;1;6;SAINT JEAN (BD)/rue Jules Verne;45,78183;3,11803
202300036531;4;9;2023;13:30;1;60;60057;2;9;1;3;ROCADE NORD - CITE DES FLEURS;49,46032;2,08622
202300036532;4;9;2023;12:50;1;60;60057;2;3;7;3;BINET  (RUE);49,42197694;2,07958961
202300036533;4;9;2023;08:40;1;58;58194;2;1;7;6;SAINT EXUPERY (BOULEVARD);47,0034;3,16162
202300036534;2;9;2023;23:20;3;56;56083;2;4;1;3;VANNES ( ROUTE DE );47,7990633;-3,2569456
202300036535;4;9;2023;18:45;1;51;51454;2;1;1;1;VIGNOBLE (ALLEE);49,21361;4,0187
202300036536;4;9;2023;22:55;5;51;51108;2;1;1;6;LOYER (RUE LIEUTENANT);48,95232;4,350007
202300036537;4;9;2023;16:35;1;45;45234;2;6;1;3;1 Avenue de la Mouillère;47,88797444;1,90552175
202300036538;16;8;2023;12:00;1;42;42123;2;1;1;6;Rue Font Flora;45,51539;4,58467
202300036539;4;9;2023;14:00;1;38;38185;2;1;1;6;PLACE HUBERT DUBEDOUT;45,19224305;5,72055567
202300036540;4;9;2023;13:50;1;38;38421;2;1;1;3;RUE DU TOUR DE L'EAU;45,18766;5,77486
202300036541;5;9;2023;00:45;3;37;37208;2;1;1;6;PLACIERS (RUE DES);47,36039;0,75572
202300036542;4;9;2023;15:00;1;37;37122;2;1;1;6;BRETONNIERES (BOULEVARD DES);47,34575;0,6425
202300036543;3;9;2023;14:26;1;37;37261;2;6;1;3;SAINT-SAUVEUR (ROND POINT);47,37355;0,67855
202300036544;4;9;2023;07:30;1;33;33039;2;2;1;3;Route de Toulouse;44,78765;-0,56656
202300036545;4;9;2023;17:45;1;32;32013;1;1;1;7;ARÇON (ROUTE);43,68081;0,61895
202300036546;11;12;2023;18:42;3;10;10321;2;3;1;2;GENERAL LECLERC (RUE DU);48,2914;4,033
202300036547;5;9;2023;00:04;5;31;31069;2;1;1;7;PINS (AV DES);43,63901;1,38314
202300036548;12;12;2023;23:34;5;1;1283;2;6;3;6;FERRIER (GENERAL);46,24808;5,64613
202300036549;4;9;2023;19:00;1;28;28134;2;2;1;3;LIEVRE D'OR (RUE DU);48,7332;1,38587
202300036550;12;12;2023;18:00;5;75;75116;2;1;1;4;BD PERIPHERIQUE INTERIEUR;48,839637;2,254165
202300036551;4;9;2023;18:15;1;28;28134;2;3;1;1;PASTEUR (BOULEVARD);48,73597;1,37886
202300036552;12;12;2023;17:45;5;75;75113;2;1;8;2;BD PERIPHERIQUE INTERIEUR;48,816833;2,364982
202300036553;4;9;2023;13:45;1;25;25056;2;2;1;1;CHAILLOT RUE DE;47,251159;6,013574
202300036554;12;12;2023;14:00;1;75;75112;2;1;2;3;BD PERIPHERIQUE INTERIEUR;48,831429;2,403851
202300036555;4;9;2023;22:10;3;22;22215;1;1;1;7;Rue du Bois Joli;48,47003393;-2,80363619
202300036556;12;12;2023;08:15;2;75;75112;2;1;1;6;BD PERIPHERIQUE INTERIEUR;48,830927;2,402991
202300036557;4;9;2023;13:00;1;14;14118;2;1;1;2;6 Rue des Vaux de la Folie;49,20114;-0,37001
202300036558;12;12;2023;11:05;1;75;75108;2;2;2;2;AVENUE DES CHAMPS ELYSEES;48,873042;2,297003
202300036559;4;9;2023;22:45;5;13;13054;2;9;1;3;MARIUS RUINAT (AV );43,41536;5,20968
202300036560;11;12;2023;19:30;5;75;75114;2;1;1;6;BOULEVARD BRUNE;48,824286;2,321071
202300036561;4;9;2023;07:42;1;13;13211;2;1;1;3;AUDIENCE (RUE DE L');43,2798;5,4773
202300036562;12;12;2023;18:40;5;75;75105;2;1;1;6;RUE POLIVEAU;48,84024134;2,35922849
202300036563;4;9;2023;07:35;1;13;13001;2;1;1;1;ST CANADET (ROUTE) D.13;43,56543;5,45734
202300036564;12;12;2023;15:30;1;75;75106;2;3;1;6;RUE D ASSAS;48,850361;2,327739
202300036565;31;8;2023;17:30;1;12;12084;1;1;1;1;RD 41 A;44,0834;3,02338
202300036566;11;12;2023;20:13;5;75;75105;2;3;1;1;RUE DES FOSSES SAINT BERNARD;48,847389;2,353126
202300036567;12;12;2023;19:05;5;75;75119;2;4;1;2;AVENUE RENE FONCK;48,879765;2,408362
202300036568;12;12;2023;09:50;1;75;75116;2;2;1;3;ALLEE DE LONGCHAMP;48,874914;2,271098
202300036569;1;9;2023;18:00;1;11;11262;2;1;1;1;N/A;43,15;2,978
202300036570;12;12;2023;11:26;1;75;75115;2;1;2;2;BOULEVARD DE VAUGIRARD;48,841033;2,317135
202300036571;4;9;2023;13:45;1;6;6069;2;1;1;1;MARIGARDE (ROUTE DE LA);43,65451;6,93295
202300036572;12;12;2023;09:42;1;75;75114;2;2;2;2;RUE DE LA LEGION ETRANGERE;48,822253;2,324494
202300036573;4;9;2023;12:45;1;6;6069;2;1;1;7;CANNES (ROUTE DE)  -RD 6085-;43,63523;6,95167
202300036574;12;12;2023;20:20;5;75;75113;2;3;1;3;BOULEVARD VINCENT AURIOL;48,833968;2,364709
202300036575;3;9;2023;12:50;1;6;6027;2;1;1;3;MAURE CHEMIN DE LA;43,685101;7,15891
202300036576;12;12;2023;12:15;1;75;75113;2;2;2;6;RUE DE LA GLACIERE;48,834161;2,344843
202300036577;12;12;2023;08:05;5;75;75113;2;2;8;6;BOULEVARD MASSENA;48,822264;2,371655
202300036578;4;9;2023;16:07;1;75;75120;2;4;1;3;PORTE DE BAGNOLET;48,862587;2,413767
202300036579;12;12;2023;06:50;5;75;75113;2;2;2;3;RUE DE TOLBIAC;48,825949;2,345231
202300036580;3;9;2023;14:45;1;75;75120;2;1;1;2;PORTE DES LILAS;48,868742;2,413252
202300036581;12;12;2023;18:20;5;75;75103;2;3;9;3;BOULEVARD BEAUMARCHAIS;48,859248;2,367574
202300036582;3;9;2023;03:29;5;75;75119;2;1;1;6;BOULEVARD MACDONALD;48,893941;2,394657
202300036583;12;12;2023;10:35;1;75;75111;2;5;1;4;BOULEVARD VOLTAIRE;48,850376;2,392547
202300036584;4;9;2023;18:42;1;75;75119;2;7;1;3;PLACE DU COLONEL FABIEN;48,878327;2,37062
202300036585;12;12;2023;00:40;5;75;75110;2;2;1;3;QUAI DE VALMY;48,877746;2,365361
202300036586;4;9;2023;02:50;5;75;75119;2;4;1;6;RUE DE MEAUX;48,884627;2,379035
202300036587;12;12;2023;11:06;1;75;75107;2;1;1;3;QUAI ANATOLE FRANCE;48,8622;2,320533
202300036588;4;9;2023;20:20;1;75;75118;2;3;1;6;RUE DAMREMONT;48,894203;2,336777
202300036589;11;12;2023;17:00;5;75;75104;2;2;1;3;RUE SAINT LOUIS EN L ILE;48,851274;2,358113
202300036590;4;9;2023;15:20;1;75;75117;2;2;1;3;RUE BOURSAULT;48,884468;2,319506
202300036591;12;12;2023;21:18;5;94;94076;2;8;2;3;Avenue de Stalingrad;48,78427634;2,36722098
202300036592;12;12;2023;18:25;5;94;94081;2;2;2;6;Rue Gabriel Péri;48,7918;2,40168
202300036593;4;9;2023;16:50;1;75;75108;2;3;1;2;AVENUE DES CHAMPS ELYSEES;48,871087;2,303511
202300036594;11;12;2023;11:00;1;94;94021;1;1;2;2;Rue d'Avignon;48,76213;2,35141
202300036595;4;9;2023;16:45;1;75;75116;2;1;1;6;RUE BOILEAU;48,846738;2,265526
202300036596;4;9;2023;14:10;1;75;75116;2;2;1;3;AVENUE KLEBER;48,872427;2,294055
202300036597;12;12;2023;20:10;5;94;94033;2;1;1;6;Rue Edouard Maury;48,85482;2,46757
202300036598;12;12;2023;06:54;5;94;94070;2;1;2;6;Rue de la Libération;48,72310628;2,5688834
202300036599;4;9;2023;09:20;1;75;75115;2;1;1;3;QUAI D ISSY LES MOULINEAUX;48,834981;2,265825
202300036600;12;12;2023;18:45;3;93;93071;2;9;2;6;Parking route des Petits Ponts;48,94943;2,53017
202300036601;4;9;2023;01:00;5;75;75114;2;1;1;6;BOULEVARD JOURDAN;48,82152;2,332861
202300036602;12;12;2023;18:05;2;93;93070;2;5;1;1;Avenue du Capitaine Glarner / Rue Palouzié;48,9045;2,32873
202300036603;12;12;2023;07:50;2;93;93066;2;1;8;6;Avenue Paul Vaillant-couturier;48,93224;2,365192
202300036604;3;9;2023;04:40;5;75;75114;2;3;1;6;RUE FROIDEVAUX;48,836617;2,325854
202300036605;11;12;2023;18:15;5;93;93074;2;2;1;6;Rue de Meaux / Rue Pierre de Nolhac;48,93523;2,57251
202300036606;4;9;2023;00:05;5;75;75113;2;3;1;6;AVENUE DE LA PORTE DE VITRY;48,822957;2,3778
202300036607;12;12;2023;11:30;1;93;93001;2;1;2;6;Avenue Jean Jaurès;48,90993809;2,39880291
202300036608;4;9;2023;17:30;1;75;75108;2;2;1;6;BOULEVARD HAUSSMANN;48,874354;2,322747
202300036609;12;12;2023;18:00;5;92;92063;2;1;1;6;JUIN (AVENUE DU MARECHAL);48,88305;2,18061
202300036610;12;12;2023;19:00;3;92;92051;2;1;1;4;CHARLES DE GAULLE (AVENUE,N°118 A 192 +;48,88296915;2,26628906
202300036611;4;9;2023;12:35;1;75;75108;2;3;7;3;RUE DE COURCELLES;48,874572;2,309649
202300036612;12;12;2023;15:00;1;92;92050;2;2;1;3;CHATOU ROUTE DE;48,89150154;2,17751294
202300036613;4;9;2023;20:55;5;75;75104;2;2;1;2;BOULEVARD HENRI IV;48,851051;2,362271
202300036614;11;12;2023;10:05;1;92;92036;2;3;1;1;DECOUBERTE (RUE DE LA);48,92763414;2,30234212
202300036615;4;9;2023;17:51;1;75;75101;2;3;1;2;RUE DE RIVOLI;48,8647;2,329329
202300036616;12;12;2023;14:05;1;92;92035;2;3;8;3;MISSION MARCHAND (COTE PAIR);48,90227914;2,23975025
202300036617;3;9;2023;13:00;1;75;75102;2;3;1;3;BOULEVARD MONTMARTRE;48,871696;2,341618
202300036618;11;12;2023;17:45;5;92;92024;2;3;1;3;CLICHY (QUAI DE) DE (104 A 202);48,91275505;2,31282368
202300036619;4;9;2023;14:20;1;94;94078;2;6;1;6;Carrefourt JEAN MOULIN;48,72716;2,45022
202300036620;12;12;2023;21:00;5;92;92012;2;2;1;3;REINE (ROUTE DE LA) 1/37- 6/80;48,83909704;2,24681541
202300036621;4;9;2023;12:30;1;94;94046;2;1;1;3;Avenue du Professeur Cadiot;48,80433;2,43269
202300036622;12;12;2023;19:50;5;92;92012;2;1;2;7;POINT DU JOUR (QUAI DU);48,82856994;2,25416109
202300036623;3;9;2023;21:00;3;94;94077;2;1;1;6;Rue Jean Pierre Timbaud;48,73283;2,42992
202300036624;9;12;2023;14:15;1;14;14656;1;1;3;6;Route de Thury-Harcourt;48,953311;-0,494471
202300036625;3;9;2023;05:20;5;94;94002;2;2;1;6;Rue Paul Vaillant Couturier;48,80622687;2,41854867
202300036626;11;12;2023;05:13;2;972;97227;1;9;1;5;Route nationale 5;14,468529;-60,935937
202300036627;4;9;2023;12:10;1;93;93073;2;3;1;6;Avenue de la Resistance / Rue Paul Langevin;48,95267;2,56344
202300036628;13;12;2023;14:00;1;67;67097;1;1;1;1;D41;48,620584;7,646806
202300036629;12;12;2023;22:40;3;50;50616;1;1;1;7;RN 175 PK 047+300 sens CAEN vers RENNES;48,651255;-1,352134
202300036630;4;9;2023;09:55;1;93;93073;2;1;1;2;Aeroport Charles de Gaulle;49,00365;2,56369
202300036631;13;12;2023;09:33;1;85;85064;1;2;1;3;RD 62;46,84053;-1,271312
202300036632;12;12;2023;19:55;5;37;37266;1;1;1;4;a10;47,297321;0,691109
202300036633;13;12;2023;00:15;3;37;37179;1;1;1;6;Echangeur A10/A28 SENS LEMANS-TOURS;47,46217983;0,76091534
202300036634;12;12;2023;11:40;1;83;83057;1;1;1;1;pk 49 Dn7;43,379776;6,24061
202300036635;13;12;2023;18:20;3;30;30117;1;1;1;1;D6113;43,71137;4,54901
202300036636;4;9;2023;08:15;1;93;93077;2;4;1;2;Rue de Neuilly / Rue Simon Guitlevitch;48,87698709;2,52490403
202300036637;12;12;2023;20:45;3;51;51200;1;1;2;2;RD 10, PV 2+300;49,001619;3,9607
202300036638;11;12;2023;21:15;3;67;67235;1;1;8;7;route de seltz;48,881517;8,071529
202300036639;12;12;2023;19:55;3;61;61345;1;1;2;6;D11 PR21+410;48,448756;0,777491
202300036640;12;12;2023;21:43;5;49;49272;2;1;1;6;150 Port Cunault;47,336976;-0,198258
202300036641;12;12;2023;07:55;2;46;46132;2;1;1;6;hopital beaulieu;44,748592;1,798137
202300036642;13;12;2023;16:10;1;86;86113;1;2;2;3;N10;46,483761;0,272047
202300036643;12;12;2023;17:29;3;38;38130;1;1;3;1;D518a;45,380468;5,262017
202300036644;12;12;2023;12:50;1;26;26165;2;2;1;3;Avenue albert mazade;44,774075;4,841315
202300036645;13;12;2023;19:35;5;6;6105;2;3;1;3;D2085;43,662835;7,056173
202300036646;12;12;2023;21:00;3;14;14160;1;1;1;5;D23;49,062209;-0,307249
202300036647;13;12;2023;11:40;1;64;64538;1;1;2;1;D933;43,145869;-1,256347
202300036648;6;12;2023;10:20;1;43;43257;1;1;1;2;N102;45,02587873;3,77339602
202300036649;13;12;2023;15:29;1;10;10233;2;1;2;7;D373;48,504546;3,886041
202300036650;12;12;2023;20:30;3;10;10055;1;1;1;1;D671;48,127171;4,35183
202300036651;5;12;2023;08:40;1;7;7230;1;1;1;1;Route départementale 104;44,706993;4,4885
202300036652;12;12;2023;07:48;5;53;53062;2;6;2;6;Rue Tréhut;47,830123;-0,708715
202300036653;13;12;2023;05:16;4;53;53062;2;1;8;6;RN162;47,83698;-0,68967
202300036654;11;12;2023;12:35;1;21;21456;1;1;2;7;D905;47,614206;4,385648
202300036655;12;12;2023;21:20;3;24;24155;1;1;2;6;N21;45,023773;0,614762
202300036656;13;12;2023;16:45;1;85;85108;1;1;3;2;D763;46,92237;-1,36797
202300036657;10;11;2023;21:00;5;85;85084;2;9;1;1;RD 160;46,7700763;-1,2303503
202300036658;12;12;2023;13:40;1;30;30173;2;3;1;3;Rue Centrale;44,114641;4,173563
202300036659;8;12;2023;16:50;5;8;8365;2;1;3;6;1 RUE PASTEUR;49,84166122;4,53879476
202300036660;11;12;2023;19:46;3;1;1151;1;1;2;2;B42 - PK 00+400;46,069904;5,328686
202300036661;13;12;2023;07:45;2;69;69143;2;6;2;6;Avenue Gambetta;45,872878;4,840239
202300036662;13;12;2023;07:45;2;68;68278;2;2;8;6;Avenue du Général de Gaulle;47,747952;7,403653
202300036663;13;12;2023;10:50;1;69;69097;1;2;1;3;Route Départementale 28;45,49657662;4,72172487
202300036664;10;12;2023;11:20;1;974;97406;1;1;1;7;RN3;-21,141341;55,627174
202300036665;12;12;2023;21:30;5;973;97311;2;3;1;3;Avenue Paul Castaing;5,488647;-54,018871
202300036666;12;12;2023;16:00;1;973;97310;1;1;3;1;Point kilométrique 1 de la route de Cacao - RD 50;4,567869;-52,405987
202300036667;17;10;2023;07:50;1;973;97305;1;1;1;3;Route Nationale 1 PK13;4,949183;-52,423196
202300036668;12;12;2023;17:35;3;45;45171;1;1;1;3;D83 PR 14 + 346;47,676253;2,244473
202300036669;12;12;2023;18:58;3;95;95509;1;1;1;6;D9;49,07001424;2,48999119
202300036670;12;12;2023;18:20;3;34;34327;1;1;1;1;N113;43,650039;3,957664
202300036671;12;12;2023;19:30;3;13;13099;2;6;1;1;rd952;43,696564;5,733597
202300036672;12;12;2023;17:35;5;38;38449;2;1;2;6;345 Rue des Salvias;45,637345;5,106786
202300036673;13;12;2023;12:40;1;46;46102;1;1;2;6;Lieu Dit la Vinadie;44,576892;2,026436
202300036674;11;12;2023;08:00;5;56;56046;1;2;2;3;4 les Quatre Chemins de Kerizac;47,62395;-3,00731
202300036675;12;12;2023;16:15;1;35;35066;1;1;1;2;D44;48,047892;-1,713288
202300036676;12;12;2023;20:20;5;59;59136;2;1;1;3;Faubourg de Cambrai;50,105999;3,532652
202300036677;12;12;2023;18:00;3;13;13215;1;1;1;2;A7-Sens Lyon vers Marseille;43,37788;5,35699
202300036678;12;12;2023;00:30;3;69;69278;1;1;1;2;Autoroute 46;45,90937;4,84351
202300036679;10;12;2023;06:45;3;54;54232;1;1;2;6;Autoroute A 31;48,689303;5,982899
202300036680;11;12;2023;15:18;1;67;67131;1;1;1;1;N/A;48,49171;7,76664
202300036681;12;12;2023;20:50;5;33;33249;1;1;1;2;ROUTE NATIONALE 230;44,8780675;-0,50915033
202300036682;12;12;2023;15:45;1;91;91136;1;1;2;6;AUTOROUTE A10;48,71073;2,28825
202300036683;12;12;2023;13:15;1;91;91689;1;1;3;3;AUTOROUTE A6B;48,7421;2,3221
202300036684;12;12;2023;08:20;1;78;78466;1;1;1;7;A13;48,919419;2,00395
202300036685;12;12;2023;15:00;1;95;95394;1;1;1;7;N184;49,05139836;2,15157688
202300036686;12;12;2023;15:00;1;77;77249;1;1;2;2;RN104;48,76009108;2,61582478
202300036687;12;12;2023;08:00;2;94;94028;1;1;2;5;A86;48,7964005;2,44337608
202300036688;12;12;2023;07:20;3;77;77249;1;1;2;3;RN104;48,75904856;2,61567284
202300036689;29;9;2023;17:20;1;31;31445;2;1;7;6;76 Route de la Saune;43,580562;1,537094
202300036690;27;11;2023;09:00;1;31;31555;2;1;1;6;87 Av. Jean Baylet, 31100 Toulouse;43,584232;1,3985
202300036691;9;10;2023;12:00;1;95;95369;2;3;1;6;NICOLAS KICHKINE (RUE);48,99962;2,2921
202300036692;10;10;2023;21:10;3;74;74012;2;1;1;6;ROMAGNY (RUE DE);46,19623;6,24612
202300036693;10;10;2023;21:10;5;74;74012;2;6;1;6;ROMAGNY (RUE DE);46,19629;6,24608
202300036694;10;10;2023;08:50;1;71;71270;2;1;1;3;ROUTE DEPARTEMENTALE 906;46,28527;4,80808
202300036695;10;10;2023;18:00;1;69;69276;2;6;1;3;Route de Chasse-sur-Rhône                 ;45,66188;4,84285
202300036696;9;10;2023;20:10;5;67;67482;2;1;1;6;MELANIE (RUE);48,60365;7,78881
202300036697;10;10;2023;16:55;1;64;64445;2;1;1;6;avenue de Saragosse;43,30759;-0,35668
202300036698;10;10;2023;17:45;1;51;51454;2;2;1;3;ANGLEMONT DE TASSIGNY (RUE LEON);49,288;4,00452
202300036699;9;10;2023;17:55;1;51;51454;2;1;1;4;EPERNAY (AVENUE D') COTE IMPAIR;49,23474;4,01399
202300036700;11;10;2023;07:40;2;45;45234;2;1;1;3;51 Route d'Olivet;47,882088;1,903672
202300036701;10;10;2023;16:25;1;45;45234;2;1;1;3;Quai du Fort des Tourelles;47,89477837;1,90495312
202300036702;9;10;2023;07:45;2;42;42184;2;1;1;2;Allée Paul Forge;46,06186;4,04682
202300036703;10;10;2023;11:20;1;27;27229;2;1;1;3;SEPTIEME CHASSEUR (RUE DU);49,02765;1,14403
202300036704;10;10;2023;14:45;1;13;13215;2;1;1;1;LYON (RUE DE);43,3413;5,3608
202300036705;10;10;2023;05:25;5;6;6069;2;1;1;6;MADELEINE;43,65779;6,93114
202300036706;11;12;2023;07:40;1;974;97416;2;3;1;5;RN2 (1);-21,33253;55,4805
202300036707;11;12;2023;23:50;5;69;69387;2;2;3;3;Rue Camille Roy;45,7451248;4,84658479
202300036708;11;12;2023;12:00;1;69;69383;2;1;2;3;Pont de la Guillotière;45,75669538;4,83889877
202300036709;11;12;2023;09:55;1;69;69202;1;1;2;6;156 Boulevard Baron du Marais;45,72991985;4,79723204
202300036710;11;12;2023;08:20;1;69;69382;2;7;2;3;27 Quai Docteur Gailleton;45,75278956;4,83339441
202300036711;11;12;2023;07:00;1;971;97101;1;1;2;5;BOULEVARD DES HEROS;16,27409;-61,5181
202300036712;10;12;2023;00:00;5;971;97113;1;1;1;3;RN4 - SECTION RIVIERA;16,21777;-61,49652
202300036713;10;12;2023;15:35;1;95;95598;1;1;2;6;FOSSE AUX MOINES (RUE DE LA);48,98351936;2,31211245
202300036714;11;12;2023;07:20;2;91;91161;2;9;1;2;RUE DE LA PASSERELLE;48,69972;2,31978
202300036715;11;12;2023;13:35;1;91;91201;2;3;8;3;RUE PIERRE BROSSOLETTE;48,684682;2,415642
202300036716;11;12;2023;07:45;2;91;91201;2;5;1;6;ALL DES BERGERIES;48,68759;2,43318
202300036717;6;12;2023;14:19;1;87;87085;2;1;1;7;PETINIAUD BEAUPEYRAT (RUE);45,8283;1,25553
202300036718;10;12;2023;13:05;1;87;87085;2;1;1;1;PETIT TOUR (RUE DU);45,831;1,24918
202300036719;9;12;2023;18:26;5;87;87085;2;2;2;1;REVOLUTION (AVENUE DE LA);45,82121;1,2629
202300036720;9;12;2023;17:23;2;87;87114;2;1;1;6;CLEMENCEAU (GEORGES-);45,82769;1,28812
202300036721;8;12;2023;13:20;1;87;87065;2;1;1;2;VALIN (AVENUE MARTIAL);45,81404;1,32029
202300036722;7;12;2023;16:52;1;87;87114;2;2;1;3;BLUM (AVENUE LEON-);45,83238;1,30368
202300036723;12;12;2023;00:15;5;86;86194;2;1;2;6;Bd du Marechal de Lattre de Tassigny;46,585787;0,350664
202300036724;10;12;2023;18:00;5;84;84007;2;1;1;6;PIERRE SEMARD (avenue);43,93828;4,82319
202300036725;28;11;2023;15:00;1;83;83050;2;1;1;6;LECLERC(BOULEVARD GENERAL);43,53521;6,46252
202300036726;11;12;2023;19:27;5;78;78650;2;9;1;5;SARTROUVILLE (ROUTE DE);48,90157;2,11435
202300036727;9;12;2023;18:10;5;76;76351;2;2;1;6;GENERAL ARCHINARD (AVENUE);49,49197;0,11676
202300036728;8;12;2023;11:01;1;76;76351;2;3;1;6;FLORIMOND LAURENT (RUE);49,51587;0,11267
202300036729;8;12;2023;16:20;1;76;76351;2;2;1;3;ALEXANDRE RIBOT;49,52155;0,11703
202300036730;8;12;2023;13:30;1;76;76351;2;3;1;6;JULES FERRY (PLACE);49,49181;0,11114
202300036731;11;12;2023;18:30;5;69;69266;2;2;1;6;31 Avenue Roger Salengro;45,77597;4,87064
202300036732;6;12;2023;12:15;1;69;69013;1;3;1;3;Route de Longsard;46,01508;4,70726
202300036733;10;12;2023;17:10;5;69;69259;2;1;2;4;Boulevard Irène Joliot Curie;45,7083;4,88661
202300036734;11;12;2023;19:15;5;67;67482;2;1;1;6;PAUL ELUARD (RUE);48,58944;7,69722
202300036735;11;12;2023;04:50;3;64;64545;1;3;1;7;ELBARREN (CHEMIN D');43,36829;-1,67416
202300036736;11;12;2023;08:55;1;64;64445;2;2;7;3;ALFRED NOBEL;43,30832;-0,32944
202300036737;11;12;2023;14:05;1;63;63113;2;1;1;6;LAFAYETTE (BD);45,76881;3,10395
202300036738;17;11;2023;20:10;5;62;62041;2;1;1;6;D266;50,2992;2,74376
202300036739;11;12;2023;08:20;1;59;59378;2;1;1;6;NATIONALE RUE;50,66756;3,07667
202300036740;1;12;2023;20:20;5;58;58194;2;6;1;3;RENE MARLIN (CARREFOUR);46,99999;3,15555
202300036741;7;12;2023;19:00;5;57;57283;2;3;1;6;METZ (RUE DE);49,25434;6,1699
202300036742;9;12;2023;14:58;1;56;56121;2;1;2;7;LE BARILLEC (RUE  DU COLONEL );47,76314;-3,39795
202300036743;11;12;2023;12:00;1;54;54079;2;2;1;6;Rue Saint-epvre;48,88263;6,04936
202300036744;11;12;2023;19:05;5;51;51454;2;2;1;6;VOISIN (RUE GABRIEL);49,23524;4,07
202300036745;11;12;2023;07:50;3;49;49328;1;9;2;6;MARNE (BOULEVARD DE LA) D 93;47,238206;-0,078328
202300036746;8;12;2023;07:50;4;49;49099;2;3;3;2;MINEE(BOULEVARD DE LA);47,05259;-0,86927
202300036747;11;12;2023;08:15;2;45;45169;2;1;2;6;216 Route Nationale ;47,93078;1,83598
202300036748;11;12;2023;17:30;5;44;44109;2;1;2;3;40 Boulevard de Sarrebruck;47,2142321;-1,52634567
202300036749;11;12;2023;20:10;5;37;37261;2;1;2;2;VAILLANT (RUE EDOUARD);47,38323;0,70291
202300036750;11;12;2023;11:50;1;37;37261;2;1;9;6;EUROPE (AVENUE DE L');47,4225;0,68395
202300036751;10;12;2023;06:10;5;37;37261;2;1;1;6;VAILLANT (RUE EDOUARD);47,37784;0,71201
202300036752;11;12;2023;19:30;5;35;35238;2;2;1;3;Rue de Châteaugiron;48,10033;-1,65002
202300036753;11;12;2023;14:20;1;35;35238;2;6;1;3;NORVEGE (DE);48,08678;-1,68271
202300036754;11;12;2023;15:40;1;34;34172;2;1;1;2;VIEUSSENS (BOULEVARD);43,60055;3,87912
202300036755;11;12;2023;07:30;2;31;31149;2;1;1;3;CORNEBARRIEU (ROUTE DE);43,61968;1,33669
202300036756;11;12;2023;15:20;1;30;30007;2;1;1;6;DE GAULLE (AVE DU GENERAL);44,12756;4,08335
202300036757;11;12;2023;18:30;3;26;26313;2;9;1;6;LACRA RN532;44,96144763;4,94685173
202300036758;11;12;2023;18:50;5;25;25056;2;3;1;6;FRANOIS ROUTE DE;47,223003;5,950373
202300036759;10;10;2023;08:35;1;17;17028;2;1;1;3;RONFLAC   CHEMIN DE;46,13143;-1,11063
202300036760;10;12;2023;21:20;3;14;14327;1;1;1;5;N814;49,19438;-0,337073
202300036761;11;12;2023;19:40;5;13;13204;2;9;1;3;SAINT BRUNO (BOULEVARD);43,31313179;5,40344655
202300036762;11;12;2023;17:00;5;13;13211;2;6;1;3;MENARD (PIERRE) (BOULEVARD);43,28946;5,43806
202300036763;11;12;2023;10:40;1;12;12145;1;1;8;2;D911;44,14109;3,02119
202300036764;10;12;2023;15:30;1;6;6155;1;1;1;3;SAINT BERNARD CH.;43,592047;7,056337
202300036765;3;12;2023;17:55;5;3;3185;2;5;2;3;Rue Pierre Semard;46,33201;2,60228
202300036766;11;12;2023;19:36;5;1;1053;2;3;2;3;HERRIOT ( BOULEVARD EDOUARD COTE PAIR);46,212927;5,218369
202300036767;10;12;2023;04:50;5;75;75120;2;1;1;2;PORTE DE BAGNOLET;48,862587;2,413767
202300036768;10;12;2023;23:20;5;75;75106;2;2;2;3;RUE DE VAUGIRARD;48,847408;2,328138
202300036769;10;12;2023;21:00;5;75;75106;2;2;2;3;BOULEVARD DU MONTPARNASSE;48,843047;2,326375
202300036770;11;12;2023;14:52;1;75;75119;2;3;8;6;RUE MATHIS;48,891324;2,37231
202300036771;11;12;2023;15:35;1;75;75116;2;3;1;6;RUE DE REMUSAT;48,847719;2,272587