Num_Acc;jour;mois;an;hrmn;lum;dep;com;agg;int;atm;col;adr;lat;long
202300036772;11;12;2023;09:41;1;75;75115;2;2;1;6;RUE DU COMMERCE;48,847054;2,29594
202300036773;11;12;2023;13:05;1;75;75114;2;3;1;4;AVENUE DU MAINE;48,83835;2,322353
202300036774;10;12;2023;19:20;5;75;75114;2;1;1;1;AVENUE PAUL VAILLANT COUTURIER;48,816618;2,336369
202300036775;11;12;2023;08:52;1;75;75111;2;9;1;6;RUE DE MONTREUIL;48,850412;2,387305
202300036776;11;12;2023;20:35;5;75;75108;2;3;1;6;RUE DE ROME;48,877208;2,323033
202300036777;11;12;2023;18:50;5;94;94003;2;2;1;3;Rue Berthollet;48,804411;2,329196
202300036778;11;12;2023;02:50;5;94;94073;2;9;2;3;Rue des Alouettes;48,74787;2,36933
202300036779;6;10;2023;16:30;1;94;94044;2;6;1;2;66 Avenue de Verdun;48,749075;2,47373
202300036780;5;10;2023;17:30;1;94;94068;2;2;1;6;Boulevard Rabelais;48,80668525;2,47885457
202300036781;4;10;2023;18:25;1;94;94068;2;4;1;6;Rue Garibaldi;48,795627;2,483956
202300036782;5;10;2023;12:50;1;94;94011;2;2;1;3;Route de Stains;48,7825405;2,49447593
202300036783;5;10;2023;13:20;1;94;94028;2;9;1;3;Allee des Marronniers;48,79238506;2,46007396
202300036784;5;10;2023;12:20;1;94;94028;2;1;1;3;Route de la Pompadour;48,76767688;2,46805657
202300036785;6;10;2023;19:35;5;94;94017;1;4;1;3;Avenue Roger Salengro;48,8188;2,49006
202300036786;6;10;2023;13:15;1;94;94071;2;3;1;3;Route de la Queue-en-brie;48,76296317;2,53535195
202300036787;6;10;2023;15:30;1;93;93072;2;2;1;6;Boulevard Maxime Gorki / Avenue de Stalingrad;48,95002;2,386
202300036788;6;10;2023;18:30;1;93;93005;2;1;1;1;Av I et Frederic Joliot Curie;48,929364;2,510976
202300036789;6;10;2023;19:25;5;93;93062;2;2;1;3;Avenue Thiers / Allée des Coteaux;48,89718;2,523
202300036790;5;10;2023;13:20;1;93;93048;2;1;1;3;Rue Dombasle;48,86366205;2,44931476
202300036791;6;10;2023;01:20;5;93;93046;2;4;1;6;Boulevard Jean Jaurès / Avenue Charles de Gaulle;48,91829;2,5286
202300036792;6;10;2023;18:20;1;93;93032;2;2;1;3;Avenue des Marronniers / Avenue Vaillant Couturier;48,86829;2,55705
202300036793;6;10;2023;09:00;1;93;93029;2;3;1;3;Rue Victor Hugo / Rue de Drancy-cottage;48,93641126;2,4510816
202300036794;6;10;2023;17:00;1;93;93030;2;2;1;3;Avenue Ambroise Croizat / Rue Henri Barbusse;48,9555;2,41613
202300036795;6;10;2023;13:45;1;93;93010;2;1;1;3;Allee Gabriel Faure;48,89435;2,484377
202300036796;6;10;2023;12:30;1;93;93008;2;1;1;6;Avenue Paul Vaillant - Couturier;48,90862111;2,45095432
202300036797;6;10;2023;14:40;1;93;93007;2;9;1;1;Avenue Charles de Gaulle;48,94412072;2,46751426
202300036798;6;10;2023;17:05;1;93;93005;2;9;1;6;Chemin du Moulin de la Ville;48,95186775;2,5011443
202300036799;5;10;2023;13:40;1;92;92022;2;5;1;7;SALENGRO (AVENUE ROGER);48,80862581;2,18759045
202300036800;6;10;2023;18:04;1;92;92063;2;1;1;6;GALLIENI (RUE);48,87238694;2,20261194
202300036801;6;10;2023;08:30;1;92;92050;2;1;1;6;PROVINCES FRANCAISES BD DES;48,90018787;2,21437722
202300036802;6;10;2023;19:30;5;92;92020;2;1;1;7;REPUBLIQUE AV. N°27 A 105 ET 26 A 178;48,80988468;2,30171889
202300036803;6;10;2023;11:26;1;92;92048;2;3;1;6;VERTUGADINS (RUE DES) N° 1 A 11;48,80252151;2,23732844
202300036804;6;10;2023;21:10;5;92;92035;2;9;1;3;National ( boulevard );48,90449697;2,23917246
202300036805;6;10;2023;20:50;5;92;92025;2;1;1;2;CHARLES DE GAULLE (BD);48,91881669;2,22329155
202300036806;6;10;2023;18:50;2;92;92032;2;1;1;6;PERRIN JEAN (AVENUE);48,78519913;2,30160736
202300036807;6;10;2023;06:00;5;92;92012;2;1;1;6;GENERAL LECLERC (AVENUE DU) 1/33 - 2/58;48,83331;2,24245
202300036808;6;10;2023;11:25;1;92;92009;2;1;1;6;ARGENTEUIL ( AVENUE D' );48,92182;2,27763
202300036809;5;10;2023;11:34;1;92;92004;2;1;1;3;DOCTEUR DERVAUX  ( QUAI DU );48,90759927;2,29213625
202300036810;6;10;2023;22:30;3;976;97603;1;1;1;7;RN 3;-12,931319;45,173893
202300036811;5;10;2023;22:36;3;13;13210;1;1;1;4;A507 sens Marseille - Aubagne;43,28435;5,40583
202300036812;5;10;2023;09:25;1;13;13005;1;1;1;6;A50-Sens Marseille vers Aubagne;43,28891433;5,56001531
202300036813;6;10;2023;15:42;1;33;33063;1;1;1;4;ROCADE A 630;44,8832294;-0,55410415
202300036814;6;10;2023;11:45;1;33;33096;1;1;1;2;AUTOROUTE A 10;44,90207391;-0,49383223
202300036815;6;10;2023;06:45;5;33;33397;1;1;1;2;AUTOROUTE A 10;44,91657931;-0,47785699
202300036816;6;10;2023;09:49;1;94;94038;1;1;1;2;A6B;48,78431731;2,34694866
202300036817;6;10;2023;07:59;1;91;91689;1;1;1;5;AUTOROUTE A6;48,732;2,315
202300036818;6;10;2023;01:15;3;91;91689;1;1;1;2;AUTOROUTE A6B;48,738072;2,318888
202300036819;6;10;2023;18:22;1;92;92025;1;1;1;3;A86;48,93542176;2,2605831
202300036820;6;10;2023;08:35;1;78;78640;1;1;1;2;N118;48,778416;2,222341
202300036821;5;10;2023;20:53;5;92;92025;1;1;1;4;A86;48,92276318;2,22752047
202300036822;5;10;2023;09:25;1;92;92036;1;1;1;3;RN315 W;48,93664875;2,29983248
202300036823;5;10;2023;08:01;1;78;78043;1;1;1;2;A12 W;48,841322;2,101393
202300036824;6;10;2023;16:00;1;93;93027;1;1;1;2;AUTOROUTE A86;48,92457;2,39043
202300036825;6;10;2023;01:20;3;95;95252;1;1;1;2;A115;48,9889759;2,24363565
202300036826;6;10;2023;14:30;1;94;94017;1;1;1;5;A4;48,8271602;2,51033987
202300036827;6;10;2023;10:40;1;77;77249;1;1;1;2;RN104;48,761553;2,615913
202300036828;6;10;2023;00:20;3;93;93064;1;1;1;6;A86;48,86125511;2,48383625
202300036829;25;6;2023;11:30;1;26;26088;1;2;7;2;Route Louis Pasteur;45,034813;5,097302
202300036830;5;10;2023;18:00;5;988;98818;2;3;1;3;ECHANGEUR IMPERIAL/VOIE RESERVEE NEOBUS;-22,24663;166,45767
202300036831;5;10;2023;16:54;1;988;98818;2;1;1;6;Parking aérodrome de Magenta;-22,26038;166,47104
202300036832;5;10;2023;15:55;1;976;97611;2;1;1;3;kaweni-Mangrove ( rue de la );-12,76872;45,22189
202300036833;5;10;2023;13:00;1;974;97416;1;1;1;6;CD 29;-21,33658;55,52035
202300036834;5;10;2023;18:40;1;69;69383;2;2;1;3;Rue Mazenod;45,75897;4,84919
202300036835;5;10;2023;07:20;1;69;69387;2;1;1;3;Avenue Leclerc;45,74079;4,82733
202300036836;5;10;2023;05:50;2;972;97213;2;1;3;7;AUTOROUTE A1;14,61847;-61,03076
202300036837;4;10;2023;12:20;1;972;97213;1;1;1;6;ROUTE DEPARTEMENTALE 13;14,6344;-61,014
202300036838;5;10;2023;15:30;1;69;69389;2;2;1;3;Rue Laure Diébold;45,7786;4,7982
202300036839;5;10;2023;10:10;1;971;97113;2;3;2;1;SECTION DUNOYER;16,2069;-61,465
202300036840;5;10;2023;08:10;1;95;95127;2;1;1;3;PETIT ALBI (RUE DU);49,05475226;2,04076007
202300036841;5;10;2023;21:10;5;91;91286;2;4;1;2;R.N. 7;48,663726;2,399829
202300036842;5;10;2023;11:55;1;91;91687;2;1;1;6; RN 104;48,659375;2,372778
202300036843;4;10;2023;10:25;1;88;88160;2;5;1;3;ALLENDE (AV.SALVADOR-);48,192342;6,456546
202300036844;5;10;2023;14:32;1;87;87085;2;3;1;3;ANTONY (RUE  ET CHEMIN D');45,83218;1,24233
202300036845;6;10;2023;23:20;3;86;86194;1;9;1;1;D6;46,58425497;0,39427661
202300036846;3;10;2023;11:53;1;84;84007;2;1;1;7;OULLE (Boulevard de l');43,94933;4,80145
202300036847;2;10;2023;14:18;1;84;84007;2;4;1;3;DALADIER (Pont);43,95087;4,80229
202300036848;4;10;2023;07:30;1;83;83137;2;1;1;1;FOURS A CHAUX (CHEMIN / IMP DES);43,14776;5,90383
202300036849;5;10;2023;08:17;1;81;81065;2;1;7;6;CAPELANIE (AV.DE LA);43,5881414;2,2423347
202300036850;5;10;2023;18:30;1;81;81004;2;1;1;6;THOMAS (AV ALBERT);43,93848;2,14771
202300036851;16;1;2023;17:45;5;75;75103;2;2;1;6;RUE REAUMUR;48,865961;2,353801
202300036852;29;9;2023;20:10;5;80;80021;2;1;1;3;ANDRE DUROUCHEZ (RUE);49,92713;2,28525
202300036853;16;1;2023;09:15;1;75;75103;2;2;2;6;RUE DE TURENNE;48,856457;2,364314
202300036854;16;1;2023;07:59;2;75;75101;2;2;3;3;RUE DE RIVOLI;48,862718;2,335279
202300036855;28;9;2023;11:38;1;78;78646;2;2;1;6;PARIS (AVENUE DE);48,802406;2,129591
202300036856;14;1;2023;15:00;1;94;94068;2;1;1;6;ELIAS HOWES (R);48,79314;2,48261
202300036857;16;1;2023;07:30;5;94;94046;2;1;3;3;JEAN JAURES (R);48,78961;2,43541
202300036858;16;1;2023;18:20;5;94;94041;2;8;2;6;Avenue de Verdun / Rue de Châteaudun;48,81625562;2,36780316
202300036859;16;1;2023;09:20;2;94;94041;2;1;2;6;53 Rue Molière;48,81512;2,3938
202300036860;12;1;2023;19:25;5;93;93051;2;1;1;6;Boulevard du Levant;48,8397;2,5501
202300036861;4;10;2023;12:47;1;77;77358;1;6;1;6;RN 330;48,97974;2,86375
202300036862;16;1;2023;10:05;1;93;93051;2;1;2;6;Route de Neuilly;48,85302;2,5333
202300036863;16;1;2023;07:45;5;93;93048;2;3;2;3;Boulevard de Chanzy / Rue Parmentier;48,8586;2,42912
202300036864;5;10;2023;07:55;2;76;76231;2;4;1;6;Place du Champ de Foire;49,290338;1,012499
202300036865;16;1;2023;11:40;1;93;93063;2;1;2;6;Rue de la République;48,88278;2,44001
202300036866;16;1;2023;09:45;1;93;93001;2;1;2;6;Boulevard Anatole France;48,91722952;2,38198418
202300036867;5;10;2023;00:35;5;76;76351;2;1;1;7;JEAN MAUREL (RUE);49,48901;0,12481
202300036868;16;1;2023;19:00;5;92;92075;2;3;2;6;MOULIN (RUE DU);48,82610037;2,29000367
202300036869;16;1;2023;11:20;1;92;92064;2;1;2;2;PASTEUR;48,84206118;2,20425814
202300036870;3;10;2023;20:30;5;76;76447;2;1;1;7;COMMUNE 1871 (DE LA);49,54682;0,19641
202300036871;16;1;2023;08:55;1;92;92064;2;1;2;2;CAMP CANADIEN;48,85691;2,20974
202300036872;15;1;2023;20:50;5;92;92063;2;2;1;3;MAUREPAS (RUE DE);48,87886;2,1814
202300036873;3;10;2023;08:55;1;73;73065;2;3;1;3;D1 MOTTE SERVOLEX (AVENUE DE LA);45,58048;5,89136
202300036874;16;1;2023;11:40;1;92;92026;2;3;3;6;22 SEPTEMBRE ( RUE DU );48,90398603;2,26941347
202300036875;5;10;2023;08:40;1;73;73008;2;7;1;6;BOUCHER ALFRED SQUARE;45,69357;5,911737
202300036876;15;1;2023;15:00;1;92;92024;2;1;1;6;MARTRE (RUE) DE (59 A 109)   (58 A 120);48,90177;2,30725
202300036877;16;1;2023;18:20;5;92;92007;2;9;8;3;BRIAND (AVENUE ARISTIDE) N° 2 A 98;48,8076764;2,32614362
202300036878;4;10;2023;09:30;1;72;72003;1;9;1;3;RD 23 (RTE);47,96686745;0,13580203
202300036879;16;1;2023;10:50;1;92;92002;2;3;2;3;MIRABEAU (RUE);48,74409;2,29741
202300036880;4;10;2023;15:50;1;71;71270;2;9;1;3;LYON (ROUTE DE);46,28356709;4,80582654
202300036881;16;1;2023;06:00;5;92;92002;2;7;2;3;LEON HARMEL (AVENUE);48,73503862;2,3093074
202300036882;16;1;2023;21:35;3;72;72260;1;1;1;6;D338;47,95158328;0,23022294
202300036883;17;1;2023;18:45;5;83;83054;1;1;1;3;Rue du Docteur Schweitzer;43,152428;6,043205
202300036884;17;1;2023;10:46;1;56;56240;2;9;1;3;32 Route du Menez;47,509138;-2,685651
202300036885;5;10;2023;23:35;5;67;67447;2;1;1;3;GENERAL DE GAULLE (ROUTE DU);48,60937;7,73456
202300036886;17;1;2023;07:45;2;19;19124;1;1;8;4;A89 PK 178.000;45,164586;1,40827034
202300036887;5;10;2023;18:30;1;67;67482;2;2;1;3;ROME (RUE DE);48,577573;7,764681
202300036888;16;1;2023;11:50;1;80;80714;1;1;2;3;D925;50,062924;1,462276
202300036889;5;10;2023;15:45;1;67;67482;2;1;1;3;VOSGES (AVENUE DES);48,589561;7,751145
202300036890;16;1;2023;23:45;3;89;89018;1;1;2;6;;48,051306;3,311149
202300036891;16;1;2023;11:50;1;63;63178;2;2;1;6;Boulevard de Barrière;45,54177822;3,24215904
202300036892;4;10;2023;23:30;5;67;67218;2;3;1;2;STRASBOURG (AVENUE DE);48,53807;7,73251
202300036893;17;1;2023;10:35;1;68;68140;1;2;1;3;Départementale 8;47,888597;7,448055
202300036894;17;1;2023;13:40;1;39;39325;1;1;4;6;;46,912399;5,824857
202300036895;17;1;2023;08:35;1;25;25258;1;1;2;6;D673;47,216522;5,914652
202300036896;4;10;2023;15:10;1;66;66136;2;3;1;3;N/A;42,71537;2,89554
202300036897;17;1;2023;14:50;1;44;44146;1;1;4;6;La Noë Bleue;47,778451;-1,43245
202300036898;16;1;2023;07:50;5;44;44213;2;1;8;3;Rue Pierre de Coubertin;47,390415;-1,031824
202300036899;4;10;2023;07:47;1;66;66136;2;6;1;3;N/A;42,68331;2,86311
202300036900;17;1;2023;08:30;2;29;29235;2;1;8;6;rue de la Victoire;48,40457;-4,390379
202300036901;17;1;2023;04:06;3;70;70312;1;1;9;6;rn 19;47,604816;6,713851
202300036902;17;1;2023;07:55;4;58;58095;2;1;4;6;12 Avenue du 14 Juillet;46,832759;3,465126
202300036903;5;10;2023;11:55;1;64;64545;2;4;1;3;CAPITAINE PELLOT (RUE DU);43,346;-1,765
202300036904;16;1;2023;11:15;1;14;14299;1;2;2;3;214 Route du Theil;49,339715;0,263896
202300036905;5;10;2023;01:15;5;64;64445;2;3;1;6;CHANTILLY;43,31457;-0,37593
202300036906;16;1;2023;11:06;1;5;5046;2;1;4;6;Rue du Saint Esprit;44,56276;6,488491
202300036907;15;1;2023;13:25;1;43;43025;1;1;2;6;PIROLLES;45,270857;4,113688
202300036908;6;10;2023;00:15;5;64;64024;2;9;1;1;BAB (BOULEVARD DU);43,49404;-1,51916
202300036909;16;1;2023;17:00;2;36;36200;1;1;4;6;;46,60347008;1,52541625
202300036910;13;1;2023;18:30;5;85;85135;2;1;2;6;22 Rue des acacias;46,536867;-1,235402
202300036911;5;10;2023;10:40;1;64;64102;2;1;1;2;LOEB (AVENUE DE L'INTERNE JACQUES);43,47915;-1,485
202300036912;16;1;2023;09:50;1;3;3075;1;1;6;7;A71 PK336+500;46,20146192;3,10103678
202300036913;4;10;2023;17:15;1;64;64102;2;1;1;6;LABOURD (PONT DU);43,485959;-1,474547
202300036914;16;1;2023;20:10;4;34;34294;1;1;1;5;A9;43,70819373;4,12386256
202300036915;4;10;2023;17:15;1;64;64102;2;1;1;6;PAULMY (AVENUE DES ALLEES);43,49304;-1,48018
202300036916;16;1;2023;08:50;2;27;27351;1;1;5;2;Autoroute A13 PK 100.000;49,25471832;1,15978008
202300036917;5;10;2023;13:40;1;63;63113;2;9;1;3;MEUNIERS (RUE DES);45,76493;3,10484
202300036918;16;1;2023;15:30;1;69;69189;1;3;1;3;Route Départementale 386;45,517801;4,860613
202300036919;15;1;2023;15:45;1;988;98833;1;1;1;7;Méa Mébara (Tribu);-21,462904;165,796248
202300036920;5;10;2023;00:05;3;62;62510;2;9;1;6;D58;50,42435313;2,78209072
202300036921;17;1;2023;10:25;1;988;98802;1;1;1;4;RT1 Sortie col de Mo, Tomo;-21,96857;166,17056
202300036922;16;1;2023;22:55;5;29;29233;2;1;3;7;Rue Thiers;47,873492;-3,547942
202300036923;5;7;2023;14:30;1;60;60159;2;6;1;6;Rue Philéas Lebesgue;49,40770157;2,80081898
202300036924;17;1;2023;08:12;3;45;45191;2;2;2;2;Rue de la Poterne;48,285879;2,400033
202300036925;14;1;2023;18:30;3;13;13084;1;1;1;6;D23;43,724374;5,292229
202300036926;16;1;2023;21:00;3;13;13048;1;1;1;6;D561;43,614143;5,685049
202300036927;4;10;2023;08:57;1;56;56260;2;1;1;5;3 Rue Marcellin Berthelot;47,666495;-2,78565
202300036928;12;1;2023;15:20;1;67;67345;1;1;8;6;Rue du Commerce;48,771302;7,871275
202300036929;13;1;2023;14:10;1;73;73215;1;3;1;6;D925 Avenue des alpes;45,45624;6,107328
202300036930;4;10;2023;18:00;1;54;54184;2;2;1;3;MOENCH (RUE CHRISTIAN);48,70062561;6,22466952
202300036931;17;1;2023;05:55;3;38;38415;1;1;2;1;D18;45,650363;5,220748
202300036932;16;1;2023;16:30;1;26;26085;2;1;7;6;Place de la Grangette;44,486407;4,716611
202300036933;16;1;2023;17:15;2;31;31499;2;1;2;6;Avenue du Languedoc;43,5119;1,187521
202300036934;4;10;2023;21:07;4;51;51454;2;1;1;3;BLUM (AVENUE LEON);49,226482;4,011358
202300036935;17;1;2023;17:45;1;29;29042;1;3;1;2;Pen ar Poul Tremet;48,29176909;-4,54971582
202300036936;16;1;2023;18:30;3;35;35191;1;1;8;2;D15;48,46228513;-1,32882804
202300036937;4;10;2023;19:40;5;51;51454;2;5;1;2;VENISE (RUE);49,24595;4,03083
202300036938;17;1;2023;16:50;1;60;60575;2;1;1;7;1 Rue de l'Avenir;49,29380203;2,19590843
202300036939;16;1;2023;12:20;1;60;60639;2;1;2;6;Tillé;49,467657;2,112422
202300036940;3;10;2023;17:45;1;49;49099;2;3;1;3;MANCEAU (AVENUE ANATOLE);47,05213;-0,87868
202300036941;17;1;2023;15:30;1;2;2405;1;1;1;6;D291;49,863461;4,088813
202300036942;17;1;2023;18:15;5;80;80561;2;1;1;6;16 Rue Amand de Vienne;49,647864;2,57529
202300036943;4;10;2023;12:25;1;49;49353;2;1;1;2;CAMUS;47,4539;-0,50671
202300036944;12;1;2023;09:00;1;69;69276;1;1;1;3;Autoroute 7  ;45,67798544;4,84800938
202300036945;5;10;2023;19:36;2;45;45284;2;1;1;1;44 Avenue de Verdun;47,91839;1,98115
202300036946;16;1;2023;16:00;1;91;91312;1;1;1;1;RD 444;48,734422;2,231471
202300036947;16;1;2023;05:30;3;91;91659;1;1;2;3;AUTOROUTE A6;48,57808;2,46353
202300036948;5;10;2023;12:00;1;45;45286;2;1;1;2;D951 PR 89 + 661;47,88628;1,92773
202300036949;16;1;2023;17:30;3;95;95212;1;1;1;4; A1;49,02618996;2,53691107
202300036950;5;10;2023;08:45;1;45;45286;2;1;1;3;5 Levee des Capucins;47,89349184;1,92115358
202300036951;16;1;2023;14:40;1;77;77372;1;1;2;6;A104;48,882773;2,667901
202300036952;14;1;2023;20:35;5;75;75113;2;4;3;2;QUAI D IVRY;48,82583445;2,38728136
202300036953;5;10;2023;09:58;1;44;44184;2;1;1;1;175 Boulevard Jean De Neyman;47,2786;-2,2475
202300036954;13;1;2023;19:25;5;75;75108;2;3;1;3;BOULEVARD MALESHERBES;48,880114;2,313291
202300036955;15;1;2023;22:55;5;75;75119;2;1;1;6;BOULEVARD MACDONALD;48,898584;2,384719
202300036956;4;10;2023;15:45;1;44;44109;2;1;1;7;68 Boulevard des Anglais;47,22805;-1,5803
202300036957;15;1;2023;00:23;3;75;75117;2;2;2;1;AVENUE DE NEUILLY;48,878619;2,280045
202300036958;5;10;2023;18:18;1;37;37214;2;6;1;3;DE GAULLE (BD CHARLES);47,42918;0,65004
202300036959;14;1;2023;18:10;5;75;75116;2;1;2;6;ALLEE DU BORD DE L EAU;48,85495163;2,22618252
202300036960;15;1;2023;15:20;1;75;75115;2;7;1;6;PLACE RAOUL DAUTRY;48,841858;2,319899
202300036961;5;10;2023;13:50;1;37;37261;2;1;1;6;BALZAC (PARC HONORE DE);47,37286;0,71135
202300036962;15;1;2023;01:00;5;75;75113;2;1;2;3;RUE CLISSON;48,830009;2,365732
202300036963;15;1;2023;15:45;1;75;75111;2;2;1;6;RUE DU CHEMIN VERT;48,861584;2,382581
202300036964;4;10;2023;14:40;1;37;37122;2;1;1;2;JAURES (BOULEVARD JEAN);47,34872;0,66314
202300036965;15;1;2023;07:12;5;75;75111;2;2;1;6;RUE SAINT MAUR;48,865641;2,377335
202300036966;5;10;2023;19:15;2;35;35238;1;1;1;2;N136;48,1147;-1,71901
202300036967;15;1;2023;19:42;5;75;75110;2;3;1;3;BOULEVARD DE BONNE NOUVELLE;48,870101;2,351007
202300036968;14;1;2023;19:55;5;75;75109;2;3;2;6;RUE RICHER;48,874056;2,347282
202300036969;14;1;2023;19:45;5;75;75104;2;2;3;3;RUE DE LA CERISAIE;48,852067;2,365418
202300036970;14;1;2023;18:32;5;75;75101;2;2;1;3;BOULEVARD DE SEBASTOPOL;48,860577;2,34941
202300036971;4;10;2023;17:20;1;35;35051;1;1;1;2;RN157;48,11384;-1,55324
202300036972;15;1;2023;18:25;5;94;94038;2;3;1;3;Rue de la Futaie / Avenue Henri Barbusse;48,7840878;2,32828751
202300036973;14;1;2023;21:30;5;93;93059;2;1;2;2;Avenue Elisée Reclus;48,95298;2,35819
202300036974;5;10;2023;22:10;5;33;33192;2;3;1;2;Cours du Général de Gaulle;44,78403;-0,60642
202300036975;5;10;2023;16:05;1;33;33249;2;3;1;3;Avenue des Champs;44,88249;-0,52616
202300036976;5;10;2023;11:35;1;33;33063;2;1;1;6;Rue Eugène Tenot;44,81941044;-0,5744192
202300036977;14;1;2023;18:15;3;93;93079;2;1;2;2;Route de Saint-leu;48,95247;2,33773
202300036978;15;1;2023;13:30;1;93;93029;2;3;1;3;Rue Sadi Carnot / Rue Jean Pierre Timbaud;48,92517;2,44131
202300036979;5;10;2023;16:20;1;33;33529;2;1;7;3;rue Lagrua;44,6406917;-1,15573972
202300036980;5;10;2023;08:00;1;33;33529;1;1;1;3;RD 1250 (CAMICAS-OUSTALET);44,64816;-1,15807
202300036981;15;1;2023;15:20;1;93;93005;2;1;1;5;Rue du Bailly de Suffren;48,956911;2,498487
202300036982;5;10;2023;19:30;1;31;31555;2;1;1;3;NARBONNE (ROUTE DE);43,568828;1,456668
202300036983;15;1;2023;07:15;5;92;92026;2;3;1;6;PRÉSIDENT PAUL DOUMER (QUAI DU);48,89015692;2,25623773
202300036984;15;1;2023;03:10;5;92;92032;2;2;2;3;DOLIVET J ET M (AVENUE);48,79462;2,29147
202300036985;15;1;2023;20:15;3;14;14162;1;1;6;6;La Cage;48,914538;-0,481989
202300036986;5;10;2023;19:45;3;31;31555;2;1;1;5;VA007331 A620;43,59282;1,39821
202300036987;14;1;2023;17:45;2;83;83072;1;3;1;3;3630 Route de Saint-antonin;43,505737;6,313858
202300036988;4;1;2023;20:30;3;51;51425;1;3;2;1;D980;49,146328;3,714468
202300036989;30;9;2023;18:45;1;30;30189;2;1;1;6;ALLENDE SALVADOR (RUE);43,821;4,3625
202300036990;8;1;2023;21:49;3;63;63181;1;1;3;7;Lieu dit Piory;46,02153453;3,11768174
202300036991;5;10;2023;18:30;1;30;30007;2;1;1;2;Avenue des Frères Lumière;44,14207;4,10538
202300036992;16;1;2023;06:00;3;41;41046;1;1;3;6;A71;47,665568;1,926695
202300036993;15;1;2023;16:50;1;974;97410;1;3;1;7;Route Nationale 3;-21,095711;55,677552
202300036994;16;1;2023;07:45;3;50;50616;1;1;6;1;N175 - Pr 43+800;48,676507;-1,372111
202300036995;1;10;2023;01:45;5;29;29051;2;1;1;2;Straed Paul Gauguin;47,9962;-4,05246
202300036996;16;1;2023;06:50;3;50;50592;1;1;6;1;D374;48,954484;-1,04008
202300036997;15;1;2023;22:20;3;47;47108;1;1;2;7;RD 116;44,48946639;0,13311325
202300036998;16;1;2023;17:30;3;51;51627;1;1;3;1;D9;48,932615;4,034171
202300036999;5;10;2023;18:00;1;27;27562;1;1;1;3;D 64;49,08723;1,43547
202300037000;11;1;2023;19:00;3;56;56206;2;6;2;2;Giratoire de Kermelin;47,678838;-2,739855
202300037001;6;10;2023;00:00;3;25;25462;1;1;1;6;Rocade Georges Pompidou;46,91811;6,33499
202300037002;16;1;2023;06:55;3;59;59054;1;1;2;6;RD 933;50,77399;2,439244
202300037003;16;1;2023;06:54;3;59;59094;2;1;3;3;138 Rue de Bergues;50,948669;2,210347
202300037004;4;10;2023;17:15;1;14;14271;1;9;1;3;N814;49,143309;-0,363301
202300037005;15;1;2023;20:35;3;61;61412;1;1;2;6;D912;48,506046;0,374141
202300037006;14;1;2023;14:45;1;41;41099;1;1;2;3;D59;47,340192;1,578199
202300037007;5;10;2023;13:25;1;13;13075;2;1;1;7;GARDANENS (MONTEE DES);43,356;5,46
202300037008;5;10;2023;11:15;1;13;13203;2;1;1;7;CHARVET (RUE);43,31975303;5,37484923
202300037009;5;10;2023;08:30;1;13;13213;2;1;1;1;FRANÇOIS MIGNET (AVENUE);43,33173;5,42813
202300037010;14;1;2023;15:25;1;34;34338;1;1;1;4;D908;43,61698477;3,40955893
202300037011;14;1;2023;15:45;1;68;68325;1;1;2;7;Fichten;47,571372;7,357256
202300037012;5;10;2023;09:35;1;13;13204;2;1;1;1;DE ROUX (BD ET IMPASSE);43,3076;5,40312
202300037013;4;1;2023;18:20;3;68;68293;2;1;2;1;Rue Principale;47,684477;7,062546
202300037014;4;10;2023;07:41;1;10;10333;2;9;1;6;NOTRE DAME DES PRES (RUE DE);48,28849;4,04541
202300037015;15;1;2023;01:05;3;29;29171;1;1;8;6;D785;47,843651;-4,279325
202300037016;5;10;2023;11:45;1;6;6029;2;9;1;2;TURKHEIM (RUE DE);43,55435;7,02867
202300037017;14;1;2023;20:45;3;3;3280;1;1;2;1;Lieu Dit le Mont;46,203801;2,631875
202300037018;12;1;2023;16:20;1;58;58302;1;1;1;3;Rue des Minerottes;47,227018;3,065411
202300037019;5;10;2023;13:45;1;6;6029;2;1;1;2;GRASSE (AVENUE DE);43,5601;7,0053
202300037020;16;1;2023;17:41;3;54;54076;2;6;3;6;8 Route de Mont sur Meurthe;48,55622;6,41620338
202300037021;16;1;2023;13:00;1;14;14371;1;1;3;7;2431 Rue du Général Leclerc;48,981868;0,152478
202300037022;4;10;2023;15:22;1;5;5061;2;1;1;6;EMBRUN ( AVENUE D');44,56922;6,10267
202300037023;14;1;2023;18:45;2;14;14119;1;3;2;4;1bis Route de Paris;49,15065;-0,26587
202300037024;16;1;2023;07:40;2;90;90049;2;1;1;6;3 Faubourg Saint-Antoine;47,63283;7,008548
202300037025;6;1;2023;23:30;5;9;9264;2;1;1;7;D624;43,030573;1,617243
202300037026;5;10;2023;20:55;3;4;4070;1;1;1;7;RN 85 ( route );44,07908;6,20778
202300037027;16;1;2023;10:50;1;36;36047;1;2;8;3;La Brumalerie;46,43174321;1,38881966
202300037028;28;9;2023;16:30;1;2;2064;1;1;1;1;N/A;49,35802;3,35285
202300037029;16;1;2023;18:15;5;21;21502;1;1;9;6;D996;47,02463281;5,10960006
202300037030;5;10;2023;00:10;5;75;75119;2;1;1;7;ECHANGEUR PORTE DE PANTIN;48,90012322;2,39180088