Num_Acc;jour;mois;an;hrmn;lum;dep;com;agg;int;atm;col;adr;lat;long
202300037031;13;1;2023;17:45;3;21;21414;1;3;1;4;RD 981 RD 17L;47,155762;4,495028
202300037032;13;1;2023;23:40;5;85;85051;2;6;2;7;RD 2949B;46,690292;-1,05237
202300037033;4;10;2023;22:30;3;75;75116;2;1;1;3;PORTE MAILLOT;48,878454;2,28099
202300037034;14;1;2023;18:00;5;27;27056;2;1;2;6;rue bernard gombert;49,086094;0,597103
202300037035;16;1;2023;17:30;1;30;30059;1;1;1;6;D6572;43,688721;4,242847
202300037036;15;1;2023;18:30;3;24;24523;1;2;2;3;pk 5+150 RD 14;44,811163;0,324349
202300037037;15;1;2023;22:55;3;31;31483;1;1;8;6;Autoroute A64 PK 202.000;43,118966;0,698061
202300037038;4;10;2023;08:50;1;75;75119;2;1;1;4;PORTE DE LA VILLETTE;48,900468;2,387516
202300037039;15;1;2023;22:10;3;69;69013;1;1;1;5;Autoroute 6 ;46,02085327;4,72562817
202300037040;5;10;2023;10:00;1;75;75120;2;3;1;6;RUE DE BELLEVILLE;48,872387;2,378122
202300037041;16;1;2023;01:00;3;973;97305;1;1;1;2;Belle Humeur;4,917474;-52,378923
202300037042;13;1;2023;17:30;1;971;97116;2;1;1;6;Rue du Débarcadère;16,332299;-61,458061
202300037043;16;1;2023;10:50;1;29;29297;1;1;1;3;Rue de Quimperle;47,89269146;-3,52832258
202300037044;5;10;2023;09:25;1;75;75120;2;4;1;5;AVENUE DU PROFESSEUR ANDRE LEMIERE;48,858686;2,414764
202300037045;5;10;2023;18:30;1;75;75117;2;3;1;7;AVENUE DES TERNES;48,8782797;2,29570475
202300037046;16;1;2023;07:00;5;67;67240;2;3;1;1;Rue d?Odratzheim;48,604893;7,492429
202300037047;15;1;2023;13:30;1;88;88101;1;1;2;1;D159;48,125682;6,587004
202300037048;14;1;2023;16:04;2;57;57256;2;1;3;1;D603;49,123907;6,018925
202300037049;5;10;2023;11:30;1;75;75116;2;5;1;3;AVENUE PAUL DOUMER;48,85838;2,274986
202300037050;15;1;2023;06:55;3;87;87156;1;1;3;1;Rue des Grands Rieux;45,839554;1,399385
202300037051;16;1;2023;07:10;3;33;33439;1;1;6;6;au caillou;45,11946991;-0,40840387
202300037052;16;1;2023;17:40;2;85;85003;1;1;1;6;RD948;46,72504;-1,56544
202300037053;5;10;2023;10:05;1;75;75114;2;3;1;3;AVENUE PAUL VAILLANT COUTURIER;48,81675265;2,33369699
202300037054;16;1;2023;05:40;5;29;29103;2;6;9;3;quai de Léon;48,44949889;-4,25240368
202300037055;5;10;2023;02:20;5;75;75113;2;3;1;7;AVENUE PIERRE MENDES FRANCE;48,83893357;2,37006676
202300037056;14;1;2023;18:15;3;27;27165;1;2;3;3;RD840;48,953466;0,932703
202300037057;5;10;2023;09:40;1;75;75120;2;3;1;3;RUE DU COMMANDANT L HERMINIER;48,846746;2,415865
202300037058;12;1;2023;05:50;3;60;60589;2;1;1;6;D162;49,232781;2,458856
202300037059;16;1;2023;08:30;1;60;60103;1;2;2;3;Bresles;49,418037;2,244161
202300037060;5;10;2023;18:30;2;75;75104;2;3;1;3;RUE DE LOBAU;48,856943;2,353808
202300037061;13;1;2023;18:05;5;59;59571;2;1;1;5;Rue du Général de Gaulle;50,192561;3,49929
202300037062;13;1;2023;17:20;2;13;13214;1;1;1;4;A7-Sens Marseille vers Lyon;43,32201;5,37817
202300037063;15;1;2023;15:45;1;83;83047;1;1;1;7;A570;43,13019;6,06997
202300037064;5;10;2023;18:40;1;75;75101;2;2;1;3;RUE DE RIVOLI;48,8627217;2,33524686
202300037065;15;1;2023;06:20;3;67;67482;1;1;2;7;M351;48,58484;7,72591
202300037066;5;10;2023;17:00;1;75;75103;2;3;1;6;RUE DU TEMPLE;48,865816;2,36088
202300037067;15;1;2023;11:15;1;91;91064;1;1;1;2;RN 118;48,752827;2,223241
202300037068;5;10;2023;15:10;1;75;75101;2;3;1;7;AVENUE DE L OPERA;48,86453537;2,33488539
202300037069;15;1;2023;03:45;5;92;92064;1;1;2;2;A13;48,83949368;2,20466483
202300037070;14;1;2023;20:30;5;92;92036;1;1;3;6;AUTOROUTE A15;48,94647077;2,28241919
202300037071;5;10;2023;09:15;1;75;75104;2;3;1;3;RUE SAINT ANTOINE;48,85464296;2,36276481
202300037072;13;1;2023;08:10;1;95;95682;1;1;1;4;N104;49,06835027;2,39100677
202300037073;5;10;2023;02:10;5;75;75104;2;3;1;7;RUE DE RIVOLI;48,855272;2,361165
202300037074;15;1;2023;11:00;1;94;94022;1;1;1;3;A86;48,7766716;2,41970908
202300037075;4;10;2023;18:15;1;75;75101;2;2;1;6;BOULEVARD DE SEBASTOPOL;48,861983;2,350163
202300037076;15;1;2023;02:55;3;94;94069;1;1;2;2;A4;48,81731094;2,44243718
202300037077;14;1;2023;15:55;1;77;77294;1;1;2;4;A104;48,96143;2,617861
202300037078;14;1;2023;20:26;5;78;78440;2;1;2;6;HENRI DUNANT (RUE);48,993543;1,91251
202300037079;4;10;2023;14:19;1;75;75103;2;1;1;6;RUE DU PONT AUX CHOUX;48,861032;2,366698
202300037080;14;1;2023;15:53;1;72;72003;2;1;2;6;GAULLE CHARLES DE (AV);47,97006;0,15963
202300037081;5;10;2023;16:05;1;94;94041;2;9;1;6;9 Rue Louis Rousseau;48,812293;2,383268
202300037082;14;1;2023;18:15;5;69;69290;2;9;1;6;211 Route de Grenoble;45,71501193;4,96378677
202300037083;5;10;2023;11:50;1;94;94058;2;6;1;3;Rdpt du Général Leclerc;48,849291;2,495844
202300037084;14;1;2023;17:50;5;54;54395;2;1;3;6;Avenue de la Libération;48,6965;6,14738
202300037085;14;1;2023;12:00;1;54;54274;2;1;2;6;Avenue de la Malgrange;48,667215;6,198473
202300037086;5;10;2023;22:45;5;94;94041;2;2;1;3;190 Boulevard de Stalingrad;48,806979;2,375284
202300037087;13;1;2023;15:05;1;54;54528;2;1;2;6;RD 400;48,672191;5,888065
202300037088;14;1;2023;13:30;1;974;97411;2;9;1;6;AUBER (RUE JULES);-20,87856;55,4528
202300037089;5;10;2023;05:40;5;94;94043;2;1;1;3;Avenue Eugène Thomas;48,80965;2,36046
202300037090;14;1;2023;18:50;1;974;97409;2;1;1;7;DIORE(CHEMIN);-20,97791;55,62888
202300037091;14;1;2023;14:40;1;973;97302;2;2;3;3;VOLTAIRE(AVENUE);4,9419874;-52,32399836
202300037092;5;10;2023;18:00;1;94;94065;2;1;1;2;Avenue Charles Lindbergh;48,75308;2,35015
202300037093;14;1;2023;21:00;5;69;69387;2;2;2;3;Grande Rue de la Guillotière;45,75211;4,84674
202300037094;14;1;2023;19:05;5;69;69387;2;1;1;7;36 Rue Croix-Barret;45,7366;4,84437
202300037095;5;10;2023;12:13;1;94;94077;2;2;1;3;Avenue Poincaré;48,73314;2,42341
202300037096;14;1;2023;16:20;1;69;69388;2;2;1;6;132 Avenue des Frères Lumière;45,74394;4,87055
202300037097;14;1;2023;23:39;5;95;95019;2;1;2;6;D208;48,985362;2,426545
202300037098;4;10;2023;07:26;2;94;94019;2;1;1;3;Rue des Bordes;48,79878;2,55774
202300037099;14;1;2023;20:59;5;95;95277;1;1;3;4;D317;48,98134831;2,46753037
202300037100;14;1;2023;17:50;5;95;95219;2;1;2;1;D401;48,99439;2,25013
202300037101;5;10;2023;11:36;1;94;94017;2;2;1;6;Rue Alexandre Fourny;48,81888131;2,52029078
202300037102;13;1;2023;18:00;5;95;95218;2;1;1;2;N184;49,01857394;2,09636092
202300037103;5;10;2023;07:40;1;93;93078;2;2;1;3;Avenue des Nations / Mail des Peupliers;48,9762794;2,51292676
202300037104;14;1;2023;07:45;5;91;91345;2;3;2;7;RUE MICHEL DE GAILLARD;48,698373;2,290612
202300037105;13;1;2023;16:45;2;88;88429;1;1;3;7;RN 57;48,07122;6,59559
202300037106;5;10;2023;20:40;5;93;93072;2;1;1;6;Boulevard Maxime Gorki;48,95448094;2,38369671
202300037107;5;10;2023;11:25;1;93;93059;2;3;1;3;Avenue Elisée Reclus / Rue Séverin Tuleu;48,9515065;2,35798652
202300037108;14;1;2023;18:50;5;76;76429;2;2;2;6;Route de Paris;49,41058;1,1414
202300037109;5;10;2023;21:30;5;93;93070;2;1;1;3;Avenue Gabriel Péri;48,902905;2,330836
202300037110;14;1;2023;11:00;1;76;76497;1;4;2;3;Avenue des Canadiens;49,386764;1,054269
202300037111;5;10;2023;19:50;5;93;93070;2;2;1;2;Rue Albert Dhalenne / Rue Soubise;48,91574;2,33106
202300037112;13;1;2023;18:55;5;76;76217;2;1;2;6;GRANDE RUE;49,92565;1,07656
202300037113;13;1;2023;17:25;5;73;73011;2;1;9;1;CHARRETTE (CHEMIN DE LA);45,66004107;6,36811227
202300037114;5;10;2023;17:45;1;93;93066;2;3;1;6;Rue Charles Michels / Place Jean Poulmarch;48,93245;2,34301
202300037115;14;1;2023;17:55;5;73;73008;2;6;1;3;Avenue Daniel Rops;45,69447694;5,89597732
202300037116;14;1;2023;18:30;2;62;62133;2;1;2;6;D46;50,42231;2,91096
202300037117;5;10;2023;09:10;1;93;93066;2;3;1;3;Rue du Plouich / Rue Georges Bizet;48,94305;2,38187
202300037118;13;1;2023;16:30;2;59;59507;2;1;1;6;LAVOISIER RUE;50,60423212;3,07589829
202300037119;13;1;2023;20:40;3;57;57463;2;1;9;1;GENERAL METMAN;49,11975358;6,24190807
202300037120;5;10;2023;22:45;5;93;93055;2;3;1;1;Avenue du Général Leclerc / Rue Diderot;48,90053;2,41088
202300037121;14;1;2023;11:35;1;54;54321;2;1;1;2;Avenue du Luxembourg;49,53972;5,8125
202300037122;5;10;2023;11:40;1;93;93031;2;3;1;6;Rue Lacépède / Rue de Paris;48,95389;2,31105
202300037123;14;1;2023;19:12;3;53;53130;2;1;3;6;Rue de Beausoleil;48,07127;-0,77596
202300037124;13;1;2023;17:00;1;49;49007;2;1;2;7;GAULLE BOULEVARD CHARLES DE;47,46952;-0,56126
202300037125;14;1;2023;18:37;3;45;45338;1;1;2;6;D42 PR 2 + 635;47,974296;2,714881
202300037126;5;10;2023;15:40;1;93;93027;2;5;1;1;Avenue Paul Vaillant Couturier / Rue Edouard Renard;48,91830831;2,40786141
202300037127;14;1;2023;18:30;5;44;44109;2;1;2;6;103 Boulevard de la Liberté;47,20406;-1,58836
202300037128;14;1;2023;06:00;5;38;38185;2;9;5;6;ROND-POINT PIERRE ET MARIE CURIE;45,16044;5,72072
202300037129;10;6;2023;20:25;1;92;92063;2;3;1;6;HOPITAL STELL (BOULEVARD DE L');48,87868294;2,18651265
202300037130;14;1;2023;19:05;3;37;37233;2;1;3;6;DUCLOS (AVENUE JACQUES);47,37967;0,72378
202300037131;5;10;2023;20:10;5;92;92051;2;2;1;2;GRAVIERS (RUE DES);48,88139615;2,26205885
202300037132;14;1;2023;18:50;5;37;37261;2;3;3;6;SAINT BARTHELEMY (RUE ET ALLEE);47,41209;0,69984
202300037133;14;1;2023;19:20;5;35;35278;2;6;3;6;ROBIQUETTE (ROND POINT DE LA);48,13417889;-1,69444062
202300037134;5;10;2023;22:18;5;92;92044;2;5;1;3;VIC. HUGO(RUE)115A149 ET 148A178;48,89829942;2,29436228
202300037135;14;1;2023;08:45;1;33;33013;1;3;1;3;Rocade Rive Droite - Ech24;44,84274;-0,49997
202300037136;5;10;2023;12:41;1;92;92044;2;2;1;6;P.V.COUTURIER(RUE)81A113ET60A100;48,89830743;2,29430942
202300037137;14;1;2023;08:53;1;32;32013;1;1;1;2;TOULOUSE (ROUTE DE);43,6596;0,63636
202300037138;5;1;2023;16:00;1;30;30028;2;1;1;6;Avenue de l'Ancyse;44,1605;4,6091
202300037139;5;10;2023;09:30;1;92;92036;2;6;1;6;MARCEL PAUL (AVENUE) (1/103);48,93681162;2,30386823
202300037140;14;1;2023;13:00;1;29;29232;2;2;2;3;Avenue de Keradennec;47,9773;-4,06978
202300037141;4;10;2023;18:05;1;92;92026;2;1;1;7;PRÉSIDENT PAUL DOUMER (QUAI DU);48,88829207;2,25372684
202300037142;14;1;2023;11:15;1;29;29232;2;1;2;6;Rue Le Déan;47,99327;-4,09442
202300037143;6;10;2023;06:20;3;40;40133;1;1;1;6;A 63 PK 161+800;43,578802;-1,42396
202300037144;13;1;2023;08:10;5;29;29232;2;6;1;2;Route du Petit Guelen;47,98349;-4,04619
202300037145;6;10;2023;17:00;1;974;97415;1;1;1;2;Chemin de Ligne;-21,089236;55,285628
202300037146;6;10;2023;16:30;1;1;1235;1;1;1;3;D1083;46,034722;5,064687
202300037147;11;1;2023;19:21;5;29;29019;2;3;1;1;rue Victor Hugo;48,39022;-4,47733
202300037148;6;10;2023;18:30;2;38;38157;2;2;1;1;Lotissement les Hauts du Michalin;45,516982;4,969913
202300037149;13;1;2023;23:30;5;28;28085;2;2;2;2;LECLERC (RUE DU MARECHAL);48,43991;1,47506
202300037150;6;10;2023;10:15;1;6;6149;2;1;1;3;M2204c;43,741057;7,30995
202300037151;6;10;2023;08:00;1;6;6161;2;2;1;3;2507 RD6007;43,627593;7,132802
202300037152;14;1;2023;19:20;5;22;22278;2;2;2;1;REPUBLIQUE (DE LA);48,52069;-2,73094
202300037153;5;10;2023;19:15;1;31;31567;1;1;1;2;D826;43,594099;1,641254
202300037154;6;10;2023;15:50;1;974;97412;2;1;1;7;Route de Grand Coude;-21,320543;55,632846
202300037155;19;9;2023;23:19;3;91;91661;1;1;1;1;D118;48,684947;2,222205
202300037156;11;1;2023;18:10;5;21;21054;2;2;8;1;Rue du Clos du Roy;47,038195;4,837755
202300037157;6;10;2023;09:50;1;26;26333;1;9;1;5;Saint-Vallier;45,167054;4,818237
202300037158;5;10;2023;18:10;1;974;97413;1;1;1;3;N1a;-21,146047;55,27307
202300037159;3;10;2023;08:45;1;974;97413;2;1;7;6;Rue Gaspard;-21,169701;55,28928
202300037160;5;10;2023;18:55;2;12;12270;1;1;1;2;A75;44,314769;3,097833
202300037161;6;10;2023;15:20;1;69;69100;2;3;1;7;Rue des Selettes;45,672684;4,829663
202300037162;5;10;2023;15:57;1;51;51302;1;1;1;7;D337;48,986484;4,088373
202300037163;6;10;2023;08:30;1;56;56091;2;3;1;3;Rue des Saulniers;47,960409;-2,552755
202300037164;5;10;2023;11:30;1;56;56036;2;3;1;1;Rue Daniel Trudaine;47,781731;-3,32963
202300037165;6;10;2023;11:50;1;76;76070;1;1;1;4;Route de la Briqueterie;49,699636;1,23755
202300037166;3;10;2023;09:45;1;79;79174;1;1;1;7;N/A;46,230797;-0,120571
202300037167;28;7;2023;07:10;1;34;34064;1;1;1;6;A75;43,855008;3,307893
202300037168;28;7;2023;12:20;1;62;62042;1;1;1;1;D950;50,313363;2,834328
202300037169;27;7;2023;12:00;1;83;83116;2;1;1;6;Chemin d?Aix;43,456178;5,854039
202300037170;28;7;2023;12:30;1;95;95652;1;1;1;3;D922;49,132735;2,391447
202300037171;25;7;2023;03:00;3;89;89456;1;1;2;3;N/A;48,301529;3,184241
202300037172;20;7;2023;13:52;1;49;49359;2;3;7;3;Rue de l'Ancien Commerce;47,221215;-0,177133
202300037173;28;7;2023;02:15;5;42;42279;2;1;1;6;Route de Saint Victor;45,496564;4,265989
202300037174;22;7;2023;01:45;3;46;46281;1;1;1;3;pk 29 D807;44,84201;1,834953
202300037175;26;7;2023;17:09;1;47;47265;1;1;2;1;D413;44,48718867;0,59955633
202300037176;23;7;2023;09:00;1;41;41080;2;1;1;6;24bis Route des Hayes;47,313013;1,18544
202300037177;18;7;2023;18:08;1;22;22166;1;3;1;2;Ty Glaz;48,805005;-3,323472
202300037178;27;7;2023;21:15;3;39;39017;1;3;1;1;N/A;46,76566;5,519576
202300037179;26;7;2023;17:45;1;35;35299;1;1;1;6;les nielles;48,63403832;-1,86564535
202300037180;28;7;2023;18:00;1;2;2292;2;1;1;6;Avenue Ernest Couvrecelle;49,036212;3,408852
202300037181;25;7;2023;13:00;1;84;84133;2;6;1;1;Boulevard de Saint Roch;43,719296;5,539786
202300037182;25;7;2023;21:30;2;3;3108;1;1;1;7;D998;46,195829;2,921464
202300037183;28;7;2023;13:00;1;54;54162;1;1;2;6;D960A;48,64199068;5,84297776
202300037184;28;7;2023;11:32;1;6;6059;1;1;1;1;Tunnel du Cap Estel Avenue Raymond Poincaré;43,720509;7,369096
202300037185;28;7;2023;08:10;1;6;6148;1;1;1;1;Chemin de la Papeterie;43,703297;6,999723
202300037186;28;7;2023;07:19;1;50;50290;1;1;1;1;D106;48,662698;-1,222503
202300037187;28;7;2023;17:25;1;64;64038;2;1;1;1;6 Route de Lanchipiette;43,454438;-1,532832
202300037188;24;7;2023;18:20;1;10;10323;2;6;1;3;17 avenue Georges Pompidou;48,504237;3,7555
202300037189;28;7;2023;02:45;3;21;21205;2;4;1;6;Rue de la Liberté;47,45597;4,299769
202300037190;26;7;2023;22:45;3;24;24087;1;1;1;6;Départementale 703;44,851511;1,075705
202300037191;28;7;2023;11:35;1;4;4088;1;1;1;3;RD16;43,99173;5,819557
202300037192;25;7;2023;18:00;1;27;27204;1;1;1;1;D14b;49,310002;1,570164
202300037193;22;7;2023;12:35;1;17;17241;1;3;1;4;Route du Pont de Ricot;45,221086;-0,148782
202300037194;26;7;2023;19:05;1;23;23223;1;1;1;1;la Vialle;45,869506;1,708406
202300037195;26;7;2023;16:41;1;68;68037;1;1;1;3;A35 PR 79+400;47,963579;7,369379
202300037196;28;7;2023;02:40;5;30;30169;2;2;2;1;37 Route de Nîmes;43,792879;4,309661
202300037197;28;7;2023;14:40;1;89;89379;1;1;2;6;N/A;47,503866;4,09641
202300037198;26;7;2023;18:45;1;38;38289;1;3;1;1;route de sardonne;45,119674;6,040828
202300037199;27;7;2023;22:00;5;78;78537;1;1;2;2;A 10;48,553575;1,931319
202300037200;27;7;2023;15:15;2;11;11086;2;3;1;3;5 rue des grenaches;42,930525;2,971432
202300037201;27;7;2023;14:00;1;77;77364;1;2;2;3;pk DS D54;49,008111;2,769874
202300037202;27;7;2023;20:30;2;77;77343;1;1;2;7;D401;49,022913;3,046689
202300037203;22;7;2023;14:30;1;78;78655;2;1;1;6;12 Route de Rambouillet;48,662723;1,868615
202300037204;28;7;2023;00:35;3;34;34299;1;1;3;6;Route de la Maïre;43,281829;3,308794
202300037205;28;7;2023;12:10;1;5;5058;1;2;1;3;D38;44,753911;6,572785
202300037206;27;7;2023;19:30;2;5;5070;2;6;1;3;D1075;44,31372501;5,82680787
202300037207;14;7;2023;21:35;2;13;13014;1;1;1;3;D21;43,491055;5,201941
202300037208;27;7;2023;16:49;1;13;13074;1;3;7;3;D96;43,651246;5,608349
202300037209;27;7;2023;15:35;1;57;57008;1;1;1;1;D20 pk 24+160;49,005335;6,595187
202300037210;27;7;2023;15:20;1;42;42037;1;1;1;6;D8;45,670009;4,042304
202300037211;22;7;2023;18:20;1;38;38153;1;1;1;6;Route de Villard de Lans;45,198657;5,628954
202300037212;28;7;2023;13:15;1;69;69157;2;1;1;6;Place Jean XXIII;45,87449714;4,48973784
202300037213;27;7;2023;12:55;1;69;69117;1;3;1;3;Route de Limonest;45,853186;4,758794
202300037214;28;7;2023;08:00;1;19;19101;1;1;1;1;Route des Vignes (Laguenne);45,24071075;1,78635335
202300037215;27;7;2023;20:46;2;17;17225;1;9;1;3;RD 25, intersection route de la Courbre entrée parking Bonne Anse plage;45,698064;-1,215228
202300037216;23;7;2023;09:00;1;44;44159;1;1;8;1;4 beau site;47,141844;-1,406186
202300037217;27;7;2023;16:35;1;59;59212;2;1;2;1;Rue Emile Roche;50,643772;2,721699
202300037218;27;7;2023;17:10;1;13;13026;1;1;1;2;A55-Sens Martigues vers Marseille;43,3981579;5,12110158
202300037219;25;7;2023;00:50;3;69;69163;1;1;1;6;Autoroute 46;45,91412;4,79329
202300037220;27;7;2023;18:00;1;33;33397;1;1;1;2;AUTOROUTE A 10;44,91477;-0,47965
202300037221;27;7;2023;10:35;1;33;33487;1;1;1;2;AUTOROUTE A 10;44,9526104;-0,45934439
202300037222;26;7;2023;23:20;5;33;33550;1;1;1;3;ROCADE A 630;44,7785;-0,5548
202300037223;27;7;2023;18:30;1;91;91340;1;1;2;2;RN 104;48,60869;2,43759
202300037224;27;7;2023;08:40;1;91;91687;1;1;1;7;AUTOROUTE A6;48,65941;2,37388
202300037225;26;7;2023;17:30;1;75;75116;1;1;1;6;A13W;48,847598;2,253689
202300037226;26;7;2023;18:45;1;95;95256;1;1;1;3;N184;49,05400463;2,20008731
202300037227;26;7;2023;14:05;1;95;95277;1;1;1;2;A3;48,98015842;2,49808344
202300037228;26;7;2023;09:30;1;93;93029;1;1;1;3;AUTOROUTE A86;48,92294104;2,42735624
202300037229;26;7;2023;05:00;3;93;93027;1;1;1;3;AUTOROUTE A1;48,93801;2,41316
202300037230;25;7;2023;09:15;1;95;95018;1;1;1;6;D311;48,95675;2,27453
202300037231;24;7;2023;08:00;1;95;95018;1;1;2;6;D311;48,95667;2,27456
202300037232;27;7;2023;19:00;1;94;94022;1;1;2;1;A86;48,7766716;2,41970908
202300037233;26;7;2023;18:40;1;93;93051;1;1;1;3;A4;48,83627877;2,55459225
202300037234;7;4;2023;15:00;1;74;74077;1;1;4;4;A40;46,06860577;5,90316117
202300037235;18;5;2023;12:16;1;74;74010;1;9;1;5;A41;45,896609;6,087799
202300037236;28;3;2023;18:15;1;19;19275;2;1;1;6;CARNOT (AVENUE) N° PAIRS;45,54673499;2,31007934
202300037237;23;3;2023;04:40;5;19;19275;2;2;1;3;CARNOT (AVENUE) N° PAIRS;45,54786;2,31089
202300037238;27;7;2023;22:00;2;26;26362;2;1;1;1;Avenue de Chabeuil;44,9321672;4,89799261
202300037239;19;7;2023;16:35;1;24;24256;1;1;1;6;SUDER (AVENUE LOUIS);45,1941;0,66107
202300037240;26;7;2023;16:40;1;988;98818;2;3;1;1;RUE ARMAND OHLEN/RUE BRASSENS;-22,25231;166,46366
202300037241;26;7;2023;13:45;1;974;97416;2;9;1;6;LIGNE DES BAMBOUS(ROUTE);-21,29935;55,49049
202300037242;26;7;2023;06:25;1;974;97416;1;9;1;5;ANCIENNE RN 1;-21,32155349;55,44458628
202300037243;26;7;2023;19:40;4;973;97302;2;1;1;2;GRANT (CITE);4,94698268;-52,30702937
202300037244;26;7;2023;15:25;1;973;97302;2;1;1;7;FELIX EBOUE(ROCADE);4,93154154;-52,3125051
202300037245;26;7;2023;18:40;1;69;69388;2;1;1;6;Rue Philippe Fabia;45,72877;4,86939
202300037246;26;7;2023;13:30;1;69;69386;2;3;1;3;Avenue Thiers;45,7663;4,86171
202300037247;26;7;2023;16:20;1;972;97209;1;1;1;6;CHATEAUBOEUF (ROUTE DE);14,61832;-61,04559
202300037248;26;7;2023;10:00;1;972;97209;2;3;1;3;BOUILLE (RUE);14,60367069;-61,06583363
202300037249;27;7;2023;00:29;5;2B;2B033;2;1;1;6;CHANOINE LESCHI - RUE;42,70217;9,45279
202300037250;26;7;2023;13:40;1;971;97113;1;1;1;1;PONT DE POUCET;16,21841;-61,50447
202300037251;26;7;2023;09:45;1;91;91434;2;2;1;3;AVENIR (AVENUE DE L');48,656634;2,353913
202300037252;26;7;2023;09:30;1;91;91432;2;2;1;3;AV ARISTIDE BRIAND;48,700204;2,325646
202300037253;25;7;2023;07:50;1;87;87065;1;1;1;6;AUTOROUTE A20;45,79;1,30463
202300037254;23;7;2023;02:15;4;86;86194;2;5;1;3;Boulevard Anatole France;46,578185;0,350785
202300037255;25;7;2023;18:45;1;86;86066;2;2;1;3;Avenue de Velbert;46,81645;0,52807
202300037256;26;7;2023;17:55;1;76;76474;2;3;1;5;Rue de l'Avenir;49,4879;1,04766
202300037257;25;7;2023;22:10;3;76;76351;1;1;1;7;RD 940;49,498287;0,095686
202300037258;25;7;2023;10:20;1;72;72181;2;9;1;2;LEFAUCHEUX PIERRE (BD);47,96252;0,1772
202300037259;26;7;2023;15:15;1;67;67482;2;1;8;3;LANDSBERG (RUE DU);48,5706;7,7639
202300037260;26;7;2023;12:20;1;64;64260;2;1;1;6;ALLEES (RUE DES);43,35518;-1,77451
202300037261;26;7;2023;09:30;1;64;64545;2;4;1;1;RD810;43,376;-1,677
202300037262;23;7;2023;21:35;2;57;57306;2;1;1;6;WENDEL (RUE DE);49,32411503;6,06908798
202300037263;26;7;2023;16:26;1;57;57463;2;2;1;6;ROI GEORGE (PLACE DU );49,13333;6,16667
202300037264;23;7;2023;09:28;1;54;54079;2;1;1;7;Avenue Victor Claude;48,889;6,05281
202300037265;26;7;2023;14:15;1;51;51454;2;1;1;6;CARRE GENERAL (RUE);49,25552;4,06072
202300037266;26;7;2023;03:00;5;51;51454;2;1;1;6;LEDRU ROLLIN (RUE) DU N°1 A 171 ET 2 A 1;49,237206;4,034816
202300037267;26;7;2023;00:53;5;51;51454;2;2;1;6;ALBERT 1ER (BOULEVARD);49,27363;4,01527
202300037268;26;7;2023;04:30;5;49;49007;2;1;1;7;COUBERTIN BOULEVARD;47,45867;-0,53295
202300037269;25;7;2023;16:14;1;49;49267;1;1;1;5;A87N;47,46519754;-0,51674366
202300037270;25;7;2023;13:46;1;49;49007;2;2;1;3;LAFAYETTE PLACE;47,46271;-0,55497
202300037271;26;7;2023;12:40;1;47;47001;2;1;1;3;REPUBLIQUE (BOULEVARD DE LA);44,20429;0,61308
202300037272;25;7;2023;22:55;5;46;46042;2;1;1;6;ZOLA (RUE EMILE);44,45352;1,43732
202300037273;13;3;2023;14:50;1;44;44109;2;1;1;2;Boulevard Martin Luther King;47,25665;-1,55547
202300037274;26;7;2023;15:35;1;37;37261;2;1;1;6;GRAMMONT (AVENUE DE);47,38631416;0,69052935
202300037275;25;7;2023;16:45;1;34;34003;1;1;6;7;Lieu-dit Les Verdisses;43,298684;3,442181
202300037276;26;7;2023;04:25;3;28;28209;1;1;1;1;RN 1154;48,47757;1,46084
202300037277;26;7;2023;10:30;1;25;25462;1;1;8;1;LAVAUX DES (DU 26 A LA FIN);46,91235;6,38168
202300037278;25;7;2023;20:25;1;25;25056;2;1;2;3;DOLE RUE DE (sup 200);47,22639;5,97751
202300037279;24;7;2023;16:25;1;19;19031;2;3;1;6;LALANDE (RUE PHILIBERT);45,15973;1,50326
202300037280;25;7;2023;09:15;1;11;11069;1;1;1;6;N/A;43,2113;2,3239
202300037281;24;7;2023;09:30;1;11;11069;2;1;1;6;23 Boulevard du Commandant Roumens;43,21037052;2,35323733
202300037282;26;7;2023;10:20;1;6;6088;2;8;1;3;CALIFORNIE (AV.) (DU 23-25 AU 199-210);43,689;7,2404
202300037283;26;7;2023;09:40;1;6;6069;2;1;1;6;JEU DE BALLON (BOULEVARD, IMPASSE ET TRA;43,65934;6,9221
202300037284;27;7;2023;00:30;5;6;6027;2;1;1;6;PLAGE BOULEVARD DE LA;43,6563104;7,1630949
202300037285;10;6;2023;12:10;1;75;75120;2;1;1;3;RUE DES FRERES FLAVIEN;48,877387;2,411519
202300037286;26;7;2023;14:30;1;75;75119;2;2;1;3;AVENUE RENE FONCK;48,878137;2,409436
202300037287;26;7;2023;16:15;1;75;75118;2;5;1;6;AVENUE DE SAINT OUEN;48,893059;2,327493
202300037288;26;7;2023;17:30;1;75;75116;2;1;1;1;ALLEE DU BORD DE L EAU;48,872348;2,242614
202300037289;26;7;2023;00:40;5;75;75113;2;1;1;3;AVENUE DE LA PORTE D ITALIE;48,816453;2,360361
202300037290;25;7;2023;11:00;1;75;75113;2;3;1;6;AVENUE DES GOBELINS;48,833205;2,354385
202300037291;25;7;2023;08:35;1;75;75113;2;3;2;3;BOULEVARD AUGUSTE BLANQUI;48,830339;2,347016