Num_Acc;jour;mois;an;hrmn;lum;dep;com;agg;int;atm;col;adr;lat;long
202300037292;26;7;2023;16:45;1;75;75111;2;5;1;6;BOULEVARD VOLTAIRE;48,857786;2,380149
202300037293;26;7;2023;13:45;1;75;75110;2;2;1;2;RUE SAINT MAUR;48,871773;2,371976
202300037294;26;7;2023;23:00;5;75;75102;2;1;1;6;BOULEVARD DE BONNE NOUVELLE;48,870029;2,350662
202300037295;24;7;2023;23:00;5;94;94042;2;1;1;4;Avenue du Général Galliéni;48,82005;2,48064
202300037296;26;7;2023;09:30;1;94;94016;2;1;1;3;Avenue de l'Europe;48,78606;2,32751
202300037297;26;7;2023;11:30;1;94;94033;2;1;1;2;Place Moreau-david;48,84398;2,46437
202300037298;26;7;2023;07:00;1;94;94022;2;2;1;1;Rue du Four;48,75458;2,41032
202300037299;24;7;2023;19:10;1;94;94017;2;3;3;3;Quai Galliéni;48,81237;2,48897
202300037300;26;7;2023;09:00;1;93;93077;2;3;1;3;Rue de Neuilly / Avenue Marcel;48,87727;2,52397
202300037301;25;7;2023;21:15;2;93;93029;2;2;1;3;Rue Sadi Carnot / Rue d'Alsace Lorraine;48,92703279;2,43837974
202300037302;26;7;2023;18:50;1;93;93014;2;1;1;3;Allée Maurice Audin;48,90855;2,54513
202300037303;26;7;2023;09:20;1;93;93053;2;9;1;6;Rue de la Gare;48,896248;2,459143
202300037304;24;7;2023;23:30;5;93;93008;2;2;2;3;Rue de Teheran / Avenue Edouard Vaillant;48,91165;2,46487
202300037305;26;7;2023;13:57;1;93;93007;2;1;1;4;"""PIERRE SEMARD (RUE """"COTE IMPAIRS"""")""";48,93709579;2,47437832
202300037306;19;7;2023;17:20;1;92;92063;2;1;1;4;RICHELIEU (BOULEVARD);48,87107136;2,18384993
202300037307;26;7;2023;18:50;1;92;92051;2;1;1;6;BINEAU (BOULEVARD, N°53 A 131 ET 52 A 13;48,88881328;2,2740975
202300037308;26;7;2023;17:25;1;92;92020;2;1;1;1;VANVES BOULEVARD N° IMPAIRS;48,80720409;2,28532768
202300037309;26;7;2023;21:05;1;92;92040;2;3;1;7;HENRI IV (AVENUE);48,81881094;2,24370785
202300037310;26;7;2023;01:15;5;92;92004;2;1;1;3;DOCTEUR DERVAUX  ( QUAI DU );48,90322697;2,28396052
202300037311;26;7;2023;17:45;1;974;97415;1;1;1;1;Chemin Tan Rouge;-21,055927;55,289238
202300037312;27;7;2023;10:50;1;60;60275;1;1;2;6;D22;49,489106;1,901214
202300037313;27;7;2023;14:34;1;22;22209;2;1;3;6;7 Rue de Joliet;48,578942;-2,147205
202300037314;26;7;2023;13:50;1;33;33327;2;8;3;3;Cours Georges Clémenceau;44,650296;-0,360821
202300037315;26;7;2023;15:45;1;84;84069;1;1;1;1;RD 90;44,177049;5,125884
202300037316;26;7;2023;21:25;3;974;97412;2;1;2;6;Rue Charles Baudelaire;-21,381762;55,645338
202300037317;26;7;2023;07:00;1;21;21449;1;1;1;2;A6;47,393178;4,361229
202300037318;27;7;2023;08:45;1;19;19248;1;1;1;2;A20;45,44799263;1,50928426
202300037319;27;7;2023;07:20;1;41;41093;1;1;1;6;A10;47,609461;1,131935
202300037320;27;7;2023;09:50;1;30;30334;2;1;1;6;Avenue Georges Chauvin;44,013314;4,414414
202300037321;22;7;2023;08:55;1;57;57407;2;1;1;6;Route de Bickenholtz;48,77483079;7,14207023
202300037322;27;7;2023;00:45;3;56;56251;1;1;1;6;Chemin de la Fontaine Guehec;47,60754;-2,68447
202300037323;26;7;2023;16:00;1;74;74234;2;1;1;3;328 Chemin du Pré Corbet;45,76432;6,302494
202300037324;26;7;2023;18:40;1;77;77416;1;1;7;6;D12;48,610654;3,143238
202300037325;26;7;2023;07:20;1;33;33235;1;1;1;3;Lieu Dit Montarasse RD655;44,391679;-0,103356
202300037326;26;7;2023;20:40;1;71;71137;2;1;1;6;Rue Porte de Paris;46,436057;4,661277
202300037327;23;7;2023;19:28;1;89;89074;2;3;1;2;N/A;48,32291;3,12977
202300037328;27;7;2023;01:45;3;63;63381;2;1;1;7;19 Route de Bosloup;45,831786;2,89861
202300037329;26;7;2023;19:50;1;49;49331;1;1;7;1;Route du Tertre (Montguillon);47,739482;-0,765824
202300037330;17;7;2023;18:17;1;68;68258;2;3;1;3;1 Rue de Cernay;47,833602;7,301075
202300037331;22;7;2023;01:00;3;22;22222;2;4;1;5;D786;48,689091;-2,931612
202300037332;26;7;2023;22:15;4;25;25490;1;1;1;6;Route de Vandelans;47,392047;6,173303
202300037333;26;7;2023;18:20;1;25;25014;1;1;1;7;Rue des Chevrioles;47,31146;6,159886
202300037334;27;7;2023;10:40;1;84;84017;1;1;1;7;Route du Mont-ventoux;44,170827;5,284842
202300037335;26;7;2023;20:32;1;72;72176;1;2;1;1;D48;47,620585;0,151985
202300037336;27;7;2023;17:59;1;24;24564;1;1;1;7;D5 LE PAULY;45,241083;0,284089
202300037337;27;7;2023;12:35;1;85;85108;2;6;1;7;31 Rue du val de loire;46,911941;-1,381059
202300037338;26;7;2023;09:15;1;17;17385;1;1;8;1;RD 126;45,955401;-1,248708
202300037339;27;7;2023;15:00;1;45;45120;1;1;1;2;A77 PR 76 + 200;47,604311;2,833786
202300037340;19;6;2023;07:20;1;988;98805;1;4;1;3;VE2/Bretelle d'insertion menant à KENUIN;-22,219509;166,470074
202300037341;27;7;2023;14:04;1;1;1038;1;1;1;7;Autoroute A39 PK135.800;46,325509;5,271254
202300037342;26;7;2023;20:30;1;67;67150;2;1;1;6;41 rue de la mairie;48,612792;7,562563
202300037343;27;7;2023;13:30;1;6;6085;1;1;1;6;Autoroute A8 PK 169.500, chaussée sud;43,590369;7,035284
202300037344;27;7;2023;08:40;1;38;38343;1;1;1;2;A43, PR 065.200, direction LYON;45,575803;5,639817
202300037345;26;7;2023;21:25;2;66;66008;2;1;1;1;N/A;42,577923;3,033514
202300037346;26;7;2023;12:10;1;4;4062;1;1;1;7;Chemin du Clausal;44,444619;6,733927
202300037347;25;7;2023;15:00;1;4;4143;2;9;1;6;D4;43,923047;5,911632
202300037348;26;7;2023;09:50;1;13;13059;1;3;1;3;Route Departementale 96;43,64309159;5,54360569
202300037349;20;7;2023;23:00;3;13;13041;1;1;1;6;D6;43,467116;5,467286
202300037350;26;7;2023;19:44;1;89;89337;2;3;8;3;13 Route de Champs;47,742167;3,648376
202300037351;26;7;2023;18:15;1;88;88270;2;1;1;2;D674;48,317465;5,594053
202300037352;26;7;2023;15:30;1;57;57443;2;1;1;7;Rue de l?Amitie;49,220547;6,124991
202300037353;27;7;2023;17:30;1;3;3104;1;3;1;3;Route de Montluçon;46,334351;2,784095
202300037354;26;7;2023;17:10;1;38;38170;2;1;1;6;Grande Rue;45,255484;5,664968
202300037355;27;7;2023;11:11;1;7;7026;1;1;1;7;D16;44,836704;4,094709
202300037356;26;7;2023;10:20;1;16;16078;1;1;1;7;Rue des Cerisiers;45,698205;0,189913
202300037357;22;6;2023;02:20;3;95;95252;1;1;1;2;A15;48,9849;2,21555
202300037358;21;6;2023;22:35;3;93;93066;1;1;1;4;AUTOROUTE A1;48,9245;2,35715
202300037359;18;6;2023;19:15;1;95;95641;1;1;2;2;A1;49,06135043;2,55175173
202300037360;22;6;2023;08:15;1;13;13005;2;1;1;3;SALENGRO (AVENUE ROGER);43,30356;5,57169
202300037361;21;6;2023;19:35;1;75;75109;2;1;1;2;BOULEVARD DE CLICHY;48,884402;2,329459
202300037362;16;6;2023;22:45;5;76;76540;2;1;1;6;Rue de Lessard;49,427626;1,095816
202300037363;16;4;2023;03:00;3;22;22215;2;1;1;6;LOGE (RUE DE LA);48,47385;-2,80035
202300037364;24;2;2023;16:00;1;26;26083;1;1;8;1;d53;45,251224;4,948268
202300037365;21;6;2023;16:32;1;973;97302;2;6;1;6;MIRZA (ROND-POINT);4,93263183;-52,3263976
202300037366;22;6;2023;18:05;2;69;69387;2;1;3;7;Avenue Tony Garnier;45,72648695;4,82623816
202300037367;22;6;2023;12:15;1;69;69386;2;1;2;6;Rue de Sèze;45,76907;4,85632
202300037368;22;6;2023;08:15;1;69;69388;2;8;1;3;Rue Nungesser et Coli;45,74238;4,88
202300037369;22;6;2023;18:25;1;69;69034;2;3;8;3;Avenue Général Leclerc;45,7988;4,85252
202300037370;21;6;2023;18:36;1;2A;2A271;1;1;1;1;T20;41,961115;8,812844
202300037371;22;6;2023;10:30;1;95;95088;1;1;3;2;D170;48,97755;2,43397
202300037372;21;6;2023;14:28;1;91;91347;2;3;1;3;RTE DE MONTLHERY;48,635253;2,285632
202300037373;17;6;2023;23:10;5;91;91657;2;5;1;3;RUE JULES VERNE;48,70017;2,43757
202300037374;22;6;2023;17:35;1;91;91479;2;2;1;3;AV JEAN JAURES;48,708037;2,365716
202300037375;21;6;2023;23:45;5;80;80021;2;6;1;3;ROUBAIX (BOULEVARD DE );49,91151;2,31571
202300037376;21;6;2023;20:50;1;80;80021;2;1;1;1;MASSEY (RUE);49,90014;2,31177
202300037377;22;6;2023;08:20;1;78;78551;2;1;2;6;AMPERE;48,90071;2,08048
202300037378;22;6;2023;12:50;1;78;78642;2;3;1;3;VIGNES RUE DES;48,9774;1,96929
202300037379;22;6;2023;12:55;1;78;78172;2;1;2;1;CARNOT (AVENUE);48,99713;2,09395
202300037380;21;6;2023;19:10;1;76;76351;1;1;1;7;VINGT QUATRIEME TERRITORIAL (CHAUSSEE DU;49,49064;0,1216
202300037381;22;6;2023;20:15;1;74;74305;2;1;2;2;BUCHILLONS (AVENUE DES);46,19914;6,26677
202300037382;21;6;2023;18:45;1;72;72181;2;9;1;2;BOUVET ROGER (RUE) N° PAIRS;48,01286;0,18328
202300037383;21;6;2023;18:10;1;72;72181;2;9;1;3;COURBOULAY PAUL (RUE);48,005323;0,195961
202300037384;21;6;2023;18:22;1;71;71306;2;1;1;2;ROGER SALENGRO (AVENUE);46,6688;4,36061
202300037385;21;6;2023;15:45;1;71;71306;2;1;1;1;HENRI VAIRON (RUE);46,65395681;4,36075956
202300037386;21;6;2023;16:30;1;71;71270;2;1;1;6;NORMANDIE (RUE DE);46,32149;4,82907
202300037387;21;6;2023;18:45;1;69;69259;2;3;1;3;Route de Vienne;45,72418629;4,85411603
202300037388;22;6;2023;14:10;1;67;67482;2;3;1;3;BALE (RUE DE);48,56526;7,7677
202300037389;22;6;2023;00:10;5;67;67447;2;3;1;3;SAVERNE (RUE DE);48,61185;7,74445
202300037390;21;6;2023;18:26;1;66;66136;2;1;1;6;;42,69027985;2,88094461
202300037391;21;6;2023;17:45;1;66;66136;2;1;1;6;;42,67022;2,88305
202300037392;17;6;2023;11:35;1;65;65433;2;4;1;1;Boulevard du Pic du Midi;43,19842;0,10003
202300037393;21;6;2023;14:10;1;65;65286;2;1;2;6;Avenue François Abadie;43,109276;-0,038078
202300037394;22;6;2023;14:50;1;64;64445;2;9;8;4;LEON BLUM;43,31741;-0,33009
202300037395;22;6;2023;08:35;1;64;64102;2;1;2;3;MOUNEDE (AVENUE DE);43,49891;-1,458
202300037396;21;6;2023;14:37;1;64;64024;2;1;1;2;ESPAGNE (AVENUE D');43,47667;-1,52622
202300037397;20;6;2023;20:45;1;64;64102;2;1;3;7;AMADE  (ROND POINT);43,50206;-1,47832
202300037398;14;6;2023;21:00;1;64;64024;2;1;1;7;BAB (BOULEVARD DU);43,49658;-1,5106
202300037399;22;6;2023;15:50;1;63;63113;2;2;2;3;Gautier / Lavoisier;45,78349672;3,0752331
202300037400;22;6;2023;12:00;1;63;63308;2;6;1;2;Rouzaud / Vaquez;45,76737;3,05607
202300037401;21;6;2023;19:00;1;62;62386;2;2;1;6;Boulevard Garros;50,453454;2,733993
202300037402;22;6;2023;17:15;1;61;61497;1;1;1;7;D500;48,46;0,113
202300037403;17;6;2023;05:27;2;60;60159;1;9;1;3;Route Nationale 31;49,41258;2,92505
202300037404;22;6;2023;18:15;1;59;59512;2;1;1;6;DELORY (AVENUE GUSTAVE);50,67609;3,16932
202300037405;16;6;2023;07:50;1;59;59350;2;1;1;3;TURENNE RUE;50,629381;3,036369
202300037406;21;6;2023;22:50;4;57;57757;2;3;1;6;CHEMIN DE FER (RUE DU);49,35796;6,18846
202300037407;22;6;2023;19:30;1;57;57463;2;1;1;7;NEY (AVENUE );49,113074;6,169457
202300037408;21;6;2023;10:45;1;56;56098;2;1;1;7;D194;47,76599;-3,32827
202300037409;21;6;2023;17:29;1;54;54578;2;1;1;6;Avenue de la Libération;48,67849;6,1606
202300037410;21;6;2023;08:40;1;54;54395;2;1;1;2;Rue Molitor;48,685931;6,197118
202300037411;22;6;2023;18:50;1;54;54323;2;1;1;2;Avenue Raymond Poincaré;49,52645;5,77638
202300037412;22;6;2023;13:10;1;51;51573;2;1;2;6;CARREFOUR (ROUTE DE SOISSONS);49,25406;3,97861
202300037413;22;6;2023;08:20;1;51;51454;2;1;3;3;GOSSET (RUE) DU N° 1 AU 83 ET DU N° 48 A;49,2666;4,04321
202300037414;22;6;2023;05:20;2;51;51454;2;1;1;7;TAISSY (RUE DE);49,2344;4,04582
202300037415;22;6;2023;11:26;1;49;49007;2;6;2;3;COUBERTIN BOULEVARD;47,46733;-0,52975
202300037416;21;6;2023;16:56;1;49;49007;2;1;1;3;AMSLER IMPASSE ET RUE;47,48501;-0,55419
202300037417;22;6;2023;15:15;1;45;45232;2;1;1;6;Boulevard Victor Hugo;47,86095179;1,88429475
202300037418;22;6;2023;02:55;5;45;45234;2;2;8;3;6bis Rue Émile Davoust;47,9037;1,9097
202300037419;22;6;2023;08:20;1;45;45208;2;1;3;6;24 Rue Paul Doumer;47,9988496;2,74322274
202300037420;22;6;2023;19:00;1;44;44143;2;9;1;3;1 Rue Ordronneau;47,19323;-1,57654
202300037421;22;6;2023;18:09;1;44;44109;2;8;1;1;3 Boulevard René Cassin;47,26329;-1,58014
202300037422;22;6;2023;06:20;1;43;43046;2;6;1;1;Avenue des Champs-elysees;45,05441;3,89919
202300037423;22;6;2023;09:40;1;37;37261;2;3;1;3;HOSPITALITE (RUE DE L');47,39077;0,67202
202300037424;22;6;2023;22:50;5;35;35238;2;1;1;6;GUILLOUX (LOUIS);48,1109;-1,70049
202300037425;22;6;2023;01:15;5;34;34172;2;1;1;1;151 Avenue du Pont Trinquat;43,60048;3,8868
202300037426;15;6;2023;11:00;1;34;34003;2;6;1;3;Rond-point Tours de Saint-Martin;43,28303471;3,49778026
202300037427;21;6;2023;22:50;5;33;33063;2;1;2;3;Quai Louis XVIII;44,84473;-0,57065
202300037428;21;6;2023;18:35;1;33;33281;2;6;1;3;Avenue René Cassin;44,83391;-0,69234
202300037429;15;6;2023;18:30;1;33;33063;2;2;1;3;Place Amélie Raba Léon;44,830471;-0,60287207
202300037430;22;6;2023;20:36;1;31;31149;2;6;1;2;ROND POINT FLANDRES DUNKERQUE;43,61419334;1,34093218
202300037431;22;6;2023;18:50;1;31;31555;2;1;1;6;RUE DOMINIQUE CLOS;43,60614;1,36406
202300037432;22;6;2023;14:35;1;30;30028;2;3;3;3;Avenue de la Mayre;44,15526;4,61726
202300037433;22;6;2023;16:35;1;29;29232;2;1;1;2;Boulevard Louis le Guennec;47,980314;-4,100253
202300037434;15;6;2023;09:20;1;29;29019;1;1;1;2;D112 ;48,42255903;-4,47687371
202300037435;22;6;2023;00:05;3;28;28209;1;1;1;5;RN 1154;48,47602;1,46112
202300037436;22;6;2023;00:45;3;28;28209;1;1;1;6;RD 339;48,47842;1,47159
202300037437;21;6;2023;18:00;1;27;27681;2;1;1;7;CAPUCINS (AVENUE DES);49,09438;1,47296
202300037438;21;6;2023;16:40;1;27;27554;1;1;1;7;PERRIERS (RUE DES);49,1011;1,37906
202300037439;21;6;2023;17:20;1;27;27229;1;1;1;6;SAINT ANDRE (ROUTE DE);49,014;1,1641
202300037440;21;6;2023;16:43;1;18;18279;1;1;3;3;;47,2683;2,059662
202300037441;22;6;2023;09:25;1;17;17415;2;4;2;3;ORMEAU DE PIED RUE DE L';45,74320561;-0,664278
202300037442;22;6;2023;15:00;1;15;15014;2;3;2;3;LECLERC (AVENUE DU GENERAL);44,90631;2,45016
202300037443;22;6;2023;06:35;1;15;15014;2;2;2;3; N122;44,91259;2,43489
202300037444;2;6;2023;15:20;1;13;13026;2;1;1;7;RN 568;43,39161251;5,1580218
202300037445;22;6;2023;10:00;1;13;13214;2;2;2;3;MONT LEON (RUE);43,33101;5,38285
202300037446;21;6;2023;15:04;1;10;10362;2;3;1;3;MARECHAL FOCH (RUE);48,293424;4,050047
202300037447;21;6;2023;14:00;1;10;10343;2;1;1;3;DIJON (BDL);48,2704;4,087
202300037448;22;6;2023;15:00;1;6;6088;2;3;8;3;STE-MARGUERITE (AV.) (A PARTIR DU 62-63);43,704804;7,197843
202300037449;16;6;2023;11:15;1;6;6088;2;1;1;6;VERDUN (AV. DE);43,69723;7,26972
202300037450;13;6;2023;21:30;2;6;6069;2;1;2;3;CARNOT (BOULEVARD ET TRAVERSE);43,656742;6,922948
202300037451;22;6;2023;08:15;1;75;75116;2;1;3;3;PORTE MAILLOT;48,870597;2,272352
202300037452;21;6;2023;09:30;1;75;75116;2;1;1;7;PORTE MAILLOT;48,874364;2,275955
202300037453;20;6;2023;13:05;1;75;75118;2;1;1;2;BD PERIPHERIQUE INTERIEUR;48,901041;2,350764
202300037454;17;6;2023;15:55;1;75;75116;2;1;1;2;PORTE DE PASSY;48,857246;2,258489
202300037455;16;6;2023;08:00;1;75;75116;2;4;1;4;BD PERIPHERIQUE INTERIEUR;48,86566345;2,2682333
202300037456;9;6;2023;10:40;1;75;75114;2;1;1;2;PORTE DE CHATILLON;48,822561;2,314169
202300037457;15;6;2023;10:15;1;75;75105;2;1;1;3;RUE CLAUDE BERNARD;48,839538;2,347935
202300037458;22;6;2023;18:15;1;75;75120;2;1;1;2;RUE DE BAGNOLET;48,862488;2,406463
202300037459;22;6;2023;12:00;1;75;75120;2;3;2;6;RUE DES PYRENEES;48,873717;2,38955
202300037460;22;6;2023;08:20;1;75;75120;2;1;3;1;RUE DU CAPITAINE TARRON;48,865279;2,40838
202300037461;22;6;2023;01:10;5;75;75120;2;3;1;3;RUE D AVRON;48,85294;2,40746
202300037462;22;6;2023;16:50;1;75;75119;2;1;1;7;RUE DE LA VILLETTE;48,878351;2,38813
202300037463;21;6;2023;23:40;5;75;75119;2;2;1;3;RUE DE CRIMEE;48,885012;2,383284
202300037464;22;6;2023;11:30;1;75;75116;2;3;8;4;AVENUE DE NEW YORK;48,863273;2,296351
202300037465;22;6;2023;09:50;1;75;75116;2;1;3;2;ALLEE DE LA REINE MARGUERITE;48,849413;2,242018
202300037466;22;6;2023;07:45;1;75;75115;2;2;3;6;AVENUE EMILE ZOLA;48,84656;2,286002
202300037467;22;6;2023;02:20;5;75;75105;2;2;1;1;QUAI DE LA TOURNELLE;48,851107;2,351301
202300037468;21;6;2023;13:15;1;75;75115;2;1;1;2;BOULEVARD DE VAUGIRARD;48,840746;2,316099
202300037469;22;6;2023;16:15;1;75;75114;2;1;1;3;RUE DU COMMANDANT RENE MOUCHOTTE;48,837841;2,31911
202300037470;22;6;2023;20:50;1;75;75110;2;2;1;2;RUE DE SAMBRE ET MEUSE;48,875221;2,370322
202300037471;22;6;2023;00:55;5;75;75110;2;1;1;1;BOULEVARD DE MAGENTA;48,873181;2,35884
202300037472;7;11;2023;11:55;1;72;72181;2;1;1;4;BOLLEE (AV) N° PAIRS 224 ET >;47,99749;0,22863
202300037473;22;6;2023;02:30;5;75;75110;2;1;1;6;PLACE DE LA BATAILLE DE STALINGRAD;48,883347;2,369154
202300037474;21;6;2023;11:00;1;75;75110;2;2;1;3;RUE LEON JOUHAUX;48,86914219;2,36434579
202300037475;6;11;2023;12:48;1;72;72181;2;1;8;4;CLEMENCEAU GEORGES ( BD) N° PAIRS;47,98025;0,21635
202300037476;6;11;2023;08:55;1;72;72181;2;1;1;6;EINSTEIN ALBERT (RUE);48,02414;0,17701
202300037477;22;6;2023;13:00;1;75;75109;2;2;2;6;RUE DE LA CHAUSSEE D ANTIN;48,874284;2,332699
202300037478;7;11;2023;19:52;5;69;69256;2;1;1;6;Rue de la République;45,78444;4,93294
202300037479;22;6;2023;02:20;5;75;75107;2;2;1;3;RUE SAINT DOMINIQUE;48,859956;2,314839
202300037480;21;6;2023;19:00;1;75;75107;2;2;1;7;AVENUE DU MARECHAL GALLIENI;48,861058;2,313241
202300037481;7;11;2023;16:30;1;69;69266;2;4;2;3;Rue Léon Blum;45,76309725;4,91384081
202300037482;22;6;2023;12:02;1;75;75104;2;2;8;3;RUE MORNAY;48,849517;2,365629
202300037483;22;6;2023;09:10;1;94;94015;2;9;3;6;1 Rue du Sergent Hoff;48,83854;2,521447
202300037484;7;11;2023;21:40;3;69;69092;1;1;1;6;Route du Saule d’Oingt;45,98136445;4,66840916
202300037485;22;6;2023;09:40;1;94;94016;2;1;3;7;Avenue Léon Blum;48,78634059;2,3375355
202300037486;22;6;2023;13:21;1;94;94021;2;6;1;1;GENERAL LECLERC (R DU);48,76704427;2,36296029
202300037487;6;11;2023;15:45;1;69;69290;2;3;1;6;Rue Aristide Briand;45,6901;4,93715
202300037488;6;11;2023;08:25;1;69;69259;2;1;1;2;Boulevard Périphérique Laurent Bonnevay;45,71983453;4,8806067
202300037489;21;6;2023;10:45;1;94;94033;2;1;1;3;Rue du Clos d'Orléans;48,84337951;2,4677023
202300037490;22;6;2023;15:10;1;94;94054;2;1;1;3;Avenue Adrien Raynal;48,74468;2,40709
202300037491;7;11;2023;16:15;1;67;67447;2;1;1;2;VINGT TROIS NOVEMBRE (AVENUE DU);48,60744;7,73078
202300037492;7;11;2023;14:30;1;67;67447;2;1;2;2;MAIRIE (RUE DE LA);48,60399;7,75033
202300037493;21;6;2023;14:30;1;94;94022;2;9;1;3;Avenue Victor Hugo;48,76880625;2,42072448
202300037494;22;6;2023;15:30;1;93;93073;2;1;1;2;7 Rue Pierre Brossolette;48,94974461;2,57310334
202300037495;7;11;2023;11:50;1;64;64102;2;1;1;3;URSULE (PLACE SAINTE);43,4959;-1,47192
202300037496;22;6;2023;17:15;1;93;93059;2;1;1;6;Avenue Nungesser et Coli;48,9525;2,3657
202300037497;6;11;2023;16:35;1;63;63113;2;1;2;3;PRE LA REINE (RUE DU);45,78131193;3,11029494
202300037498;22;6;2023;19:50;1;93;93071;2;1;1;1;Avenue de Livry;48,93198;2,53815
202300037499;19;5;2023;08:40;1;92;92078;1;1;1;7;AUTOROUTE A86;48,93242696;2,32203879
202300037500;21;6;2023;10:00;1;93;93066;2;1;1;2;Avenue Francois Mitterrand;48,91817641;2,35523005
202300037501;7;11;2023;18:30;3;62;62907;1;9;2;3;D917;50,48502;2,9837
202300037502;20;5;2023;17:27;1;94;94017;1;1;1;3;A4;48,83020089;2,495767
202300037503;22;6;2023;07:30;1;93;93064;2;1;3;6;Rue Etienne Dolet;48,87688076;2,46816553
202300037504;7;11;2023;13:20;1;62;62774;2;1;1;3;D940;50,9574;1,82
202300037505;22;6;2023;19:50;1;93;93048;2;7;1;3;Boulevard de Chanzy / Place du Marché;48,85838;2,43431
202300037506;19;5;2023;23:20;3;94;94046;1;1;1;2;A86;48,81086274;2,4489179
202300037507;22;6;2023;20:45;1;93;93005;2;3;1;3;Rue Louise Michel;48,93166538;2,50145763
202300037508;7;11;2023;13:00;1;62;62193;2;6;7;2;Rue Costes et Bellonte;50,95571;1,90617
202300037509;22;6;2023;00:40;5;93;93005;2;1;1;6;Rue Paul Cézanne;48,95294488;2,49510903
202300037510;22;6;2023;10:55;1;92;92073;2;1;3;6;DE GAULLE (AVENUE GENERAL CHARLES);48,86977516;2,22425133
202300037511;19;5;2023;19:50;1;93;93051;1;1;1;4;A4;48,83515238;2,57609455
202300037512;7;11;2023;22:10;5;61;61001;2;2;1;3;Voie Communale;48,4273;0,08938
202300037513;24;1;2023;07:00;5;73;73063;1;8;1;3;D990;45,592938;6,449656
202300037514;18;6;2023;02:13;5;92;92072;1;9;1;2;SAINT CLOUD (RUE DE);48,832122;2,222405
202300037515;7;11;2023;10:20;1;60;60057;2;1;1;3;Rue des Teinturiers;49,42811894;2,07311904
202300037516;22;6;2023;15:25;1;92;92062;1;1;8;2;DE DION BOUTON (QUAI) DU 29 AU 65;48,88050552;2,24505024
202300037517;18;5;2023;04:28;3;95;95476;1;1;1;6;D915;49,0764;2,07553
202300037518;7;11;2023;16:00;1;59;59152;2;1;1;6;HURLUPIN (RUE D');50,76210042;3,01153924
202300037519;21;6;2023;20:10;1;92;92020;2;2;1;3;PARIS AVENUE DE N° IMPAIRS;48,806986;2,293619
202300037520;17;5;2023;15:15;1;22;22278;2;3;1;6;SAINT-FRANCOIS;48,51114;-2,75943
202300037521;7;11;2023;09:00;1;59;59350;2;1;8;4;LAMBRET OSCAR AVENUE;50,61267;3,03699
202300037522;22;6;2023;05:53;2;92;92048;2;6;2;7;NATIONS UNIES (BOULEVARD DES);48,81430518;2,2348693
202300037523;16;5;2023;12:00;1;34;34003;2;1;1;6;21 Avenue des Sergents;43,28615;3,51343
202300037524;22;6;2023;07:40;1;92;92036;2;1;2;6;GRESILLONS (QUAI DES);48,91937;2,32169
202300037525;6;11;2023;09:10;1;59;59183;2;9;2;6;REPUBLIQUE - F MITTERAND - BOULEVARD;51,04262;2,395
202300037526;22;6;2023;08:30;1;92;92035;2;9;3;2;Verdun 1916 ( avenue de );48,90533;2,23473
202300037527;3;11;2023;18:15;2;59;59329;2;1;2;6;JOFFRE (RUE DU MARECHAL);50,34376326;3,09117639
202300037528;17;5;2023;15:20;1;988;98818;2;3;1;3;RUE TARAGNAT/RUE DU VAR;-22,27416;166,45555
202300037529;22;6;2023;22:00;2;92;92062;2;9;1;3;GENERAL DE GAULLE (AVENUE DU);48,88737609;2,23266274
202300037530;3;11;2023;08:48;1;57;57672;2;1;1;6;REPUBLIQUE (PLACE DE LA);49,35558;6,16441
202300037531;22;6;2023;04:15;5;92;92026;2;1;1;2;VERDUN (DE 01 A 61);48,89735689;2,26390779
202300037532;17;5;2023;16:00;1;974;97416;1;1;2;4;RECHERCHANT (RUE ADRIEN) (1);-21,28770823;55,48278093
202300037533;7;11;2023;18:15;3;57;57447;1;1;1;4;RD5b;49,05111;6,13851
202300037534;21;6;2023;16:40;1;92;92025;2;2;8;3;COLBERT  133   126 (RUE);48,91575;2,23242
202300037535;22;6;2023;05:32;5;92;92023;2;2;1;6;BERGERES (RUE DES);48,778711;2,228911
202300037536;7;11;2023;18:15;5;57;57412;2;1;8;2;GENERAL DE GAULLE (RUE DU );49,11403;6,13883
202300037537;18;5;2023;13:00;1;974;97407;2;2;1;3;FERRY (RUE);-20,9367;55,29531
202300037538;22;6;2023;04:30;5;92;92032;2;1;1;6;LEDRU ROLLIN (RUE);48,79204572;2,2843878
202300037539;22;6;2023;18:00;1;92;92004;2;1;1;6;HENRI POINCARE;48,93212;2,27465
202300037540;17;5;2023;23:10;5;973;97302;2;1;8;7;BADUEL (ROUTE DE);4,92806881;-52,29261982
202300037541;7;11;2023;09:06;1;56;56098;2;1;1;3;JAURES (RUE  JEAN );47,76978;-3,35069
202300037542;7;11;2023;13:59;1;54;54382;1;1;1;6;RD618;49,54681;5,79904
202300037543;22;6;2023;09:05;1;92;92004;2;3;3;1;VOLTAIRE ( BD 16 A FIN );48,9159;2,29138
202300037544;18;5;2023;21:00;5;69;69383;2;1;1;6;Boulevard Marius Vivier-Merle;45,7604;4,85793
202300037545;22;6;2023;12:20;1;92;92014;2;1;8;2;GENERAL LECLERC (AV.) (1 A 55BIS - 2 A 4;48,78779593;2,31870264
202300037546;18;5;2023;16:10;1;972;97213;1;1;1;7;ROUTE DEPARTEMENTALE 14;14,62388;-61,01868
202300037547;21;6;2023;19:05;1;92;92002;2;1;1;6;PONT NORD;48,75581;2,30148