Num_Acc;jour;mois;an;hrmn;lum;dep;com;agg;int;atm;col;adr;lat;long
202300037548;6;11;2023;22:50;5;51;51454;2;2;2;3;ARNOULD (BOULEVARD CHARLES);49,269253;4,0201
202300037549;22;6;2023;09:15;1;35;35108;1;1;1;6;La Rue Hamon;47,945929;-1,47219211
202300037550;18;5;2023;10:00;1;971;97113;1;1;1;3;SECTION MOREAU;16,24174;-61,46513
202300037551;6;11;2023;18:40;5;50;50129;2;6;2;2;de la Banque à Genets (Avenue);49,60038;-1,59974
202300037552;7;6;2023;12:15;1;17;17120;1;9;7;3;D728;45,738232;-0,794162
202300037553;22;6;2023;18:12;1;49;49058;1;1;1;7;D148;47,001256;-0,653236
202300037554;6;11;2023;18:30;5;50;50129;2;2;3;3;EST (BOULEVARD DE L');49,63519;-1,58653
202300037555;18;5;2023;16:00;1;95;95019;2;6;1;5;D208;48,98603;2,41086
202300037556;22;6;2023;11:55;1;68;68300;2;6;1;3;D420;47,779529;7,36474
202300037557;4;11;2023;18:50;5;50;50129;2;3;2;6;PARIS (AVENUE DE);49,62799;-1,61797
202300037558;18;5;2023;18:15;1;95;95014;1;1;1;2;D124E;49,01576;2,3127
202300037559;22;6;2023;22:30;3;21;21676;1;1;1;2;A6;47,46415961;4,24819896
202300037560;3;11;2023;18:30;2;50;50129;2;1;2;4;LEMONNIER (AVENUE AMIRAL);49,63463;-1,60209
202300037561;17;6;2023;22:25;3;54;54067;1;9;1;3;D643;49,42950988;5,6859827
202300037562;6;11;2023;15:54;1;49;49007;2;1;2;6;SAINT JACQUES;47,47367;-0,57095
202300037563;18;5;2023;16:15;1;91;91174;2;1;9;1;AV GENERAL DE GAULLE;48,616664;2,458723
202300037564;22;6;2023;17:20;1;35;35047;2;1;1;7;Avenue Lavoisier;48,03412;-1,741199
202300037565;5;11;2023;09:59;1;49;49007;2;1;1;6;GAULLE BOULEVARD CHARLES DE;47,46871;-0,55898
202300037566;22;6;2023;17:45;1;35;35047;2;1;1;7;Rue des Fresnais;48,037801;-1,740749
202300037567;5;11;2023;23:11;3;49;49246;2;1;1;2;A87N;47,438855;-0,510753
202300037568;23;6;2023;09:20;1;29;29181;1;1;1;5;Guernévez;48,48994977;-4,22705915
202300037569;6;11;2023;09:11;1;49;49007;2;1;1;2;CHAUMIN BOULEVARD;47,45026;-0,55552
202300037570;23;6;2023;11:50;1;42;42158;1;1;1;3;Impasse des Forges;46,04104379;3,84707023
202300037571;22;6;2023;23:30;3;974;97414;1;1;2;7;route nationale 5;-21,245462;55,455723
202300037572;7;11;2023;16:49;1;47;47001;2;1;1;2;COLMAR (AV. DE);44,19385;0,63791
202300037573;18;5;2023;06:45;2;77;77449;1;6;1;4;D345;48,851664;2,778207
202300037574;23;6;2023;16:27;1;72;72200;1;9;1;3;D139;47,894449;0,221196
202300037575;19;6;2023;07:45;1;72;72124;2;1;1;7;Route de Mayet;47,818529;0,277652
202300037576;18;5;2023;17:10;1;77;77186;1;3;1;3;RD58, Obélisque à panneau ONF Bourron;48,385261;2,720966
202300037577;7;11;2023;09:20;1;45;45232;2;1;1;6;42 Rue Marcel Belot;47,86718143;1,90161554
202300037578;20;6;2023;05:45;2;44;44076;1;2;1;3;Le Chatenay;47,632642;-1,611959
202300037579;18;5;2023;15:25;1;77;77186;1;1;1;1;RD607 de Barbizon à pavé du roi;48,442535;2,646571
202300037580;22;6;2023;16:30;1;4;4102;1;1;1;6;D900;44,438418;6,41697
202300037581;7;11;2023;08:30;1;45;45286;2;1;9;2;174 Rue de la Cornaillère;47,8737;1,9427
202300037582;19;5;2023;01:00;5;69;69266;2;1;1;3;Rond-Point des Charpennes;45,77239;4,86612
202300037583;22;6;2023;16:45;1;56;56052;1;1;1;2;39 Boulevard Saint Guerin;47,510739;-2,609885
202300037584;6;11;2023;17:25;5;45;45234;2;1;1;3;10 Rue du 11 Novembre;47,917;1,9301
202300037585;23;6;2023;12:00;1;77;77239;1;2;1;3;D231;48,655577;3,149393
202300037586;23;6;2023;10:00;1;76;76709;2;1;1;6;742 Rue du Maréchal Foch;49,473417;0,814602
202300037587;6;11;2023;15:15;1;45;45075;2;1;1;3;69 Route d'Orléans;47,893468;1,848964
202300037588;18;5;2023;11:30;1;69;69256;2;1;1;1;52 Rue Lamartine;45,79158;4,92741
202300037589;23;6;2023;08:10;1;79;79207;2;4;1;3;;46,882637;-0,74208
202300037590;6;11;2023;17:15;1;45;45068;2;1;1;3;17 Avenue Jean Jaurès;48,012922;2,7345
202300037591;23;6;2023;14:03;1;71;71263;1;1;1;6;rue des industries;46,655991;5,186491
202300037592;18;5;2023;15:30;1;67;67218;2;3;1;3;STRASBOURG (AVENUE DE);48,54308;7,73644
202300037593;22;6;2023;16:00;1;71;71079;1;1;1;6;Route de Goz du Haut;46,484151;5,370061
202300037594;6;11;2023;17:43;2;43;43157;2;1;1;3;31 Boulevard Marechal Joffre;45,04898;3,89425
202300037595;17;5;2023;12:35;1;59;59360;2;9;1;2;PARE AMBROISE RUE;50,60366014;3,02937269
202300037596;21;6;2023;23:50;3;63;63381;1;1;5;6;D943;45,860369;2,967381
202300037597;7;11;2023;10:30;1;42;42127;2;2;1;3;Rue Beaumarchais;46,067039;4,069594
202300037598;20;6;2023;16:00;1;55;55263;1;1;1;7;D7;48,861523;5,476851
202300037599;18;5;2023;09:35;1;58;58194;2;9;1;3;MARZY;46,987414;3,140802
202300037600;7;11;2023;17:15;2;41;41018;2;1;1;6;WILSON (AVENUE DU PRESIDENT);47,5804;1,3445
202300037601;22;6;2023;08:45;1;42;42020;2;2;2;7;Route de la Gare;45,637076;4,20653
202300037602;18;5;2023;16:50;1;51;51242;1;1;1;7;D933;48,95053;4,2984
202300037603;22;6;2023;16:20;1;42;42313;1;2;2;3;Route des Coteaux;45,732284;3,994453
202300037604;7;11;2023;18:05;2;38;38053;2;2;1;6;SCOTTO (VINCENT);45,6044;5,26663
202300037605;18;5;2023;11:58;1;50;50218;2;1;1;3;MATIGNON (AV DES);48,83779;-1,56327
202300037606;19;6;2023;17:17;1;34;34197;1;3;1;3;RD128;43,560934;3,410423
202300037607;22;6;2023;18:40;1;34;34074;1;3;1;1;RD14;43,437741;3,074182
202300037608;18;5;2023;19:50;1;49;49099;1;1;1;3;ATLANTIQUE (AVENUE DE L');47,03539;-0,90647
202300037609;7;11;2023;08:40;1;35;35238;2;2;1;3;CHATEAUGIRON (DE);48,10173;-1,65612
202300037610;22;6;2023;17:50;1;25;25228;2;1;1;6;Place du 8 Mai;47,504559;6,856397
202300037611;17;5;2023;16:25;1;45;45234;2;1;1;6;18 Boulevard Alexandre Martin;47,905269;1,912042
202300037612;17;5;2023;17:00;1;43;43041;2;1;1;2;129 Avenue Charles Dupuy;45,05062;3,91307
202300037613;7;11;2023;22:15;5;34;34172;2;1;1;1;MILHAUD (BOULEVARD BENJAMIN);43,61144;3,85893
202300037614;22;6;2023;12:30;1;44;44211;1;1;1;1;Boulevard de Lauvergnac;47,35971598;-2,50408554
202300037615;28;5;2023;14:45;1;29;29259;2;3;1;3;D769;48,691244;-3,989089
202300037616;17;5;2023;12:15;1;43;43041;2;1;1;5;8 Cote de Tireboeuf;45,04973;3,90905
202300037617;7;11;2023;14:10;1;34;34172;2;6;1;2;ZENITH (ROND POINT DU);43,607959;3,929875
202300037618;23;6;2023;17:40;1;29;29284;2;1;1;6;Rue du Capitaine le Drezen;47,798222;-4,266976
202300037619;18;5;2023;12:20;1;42;42275;2;3;3;1;Avenue Albert Raimond;45,47949;4,3601
202300037620;22;6;2023;18:45;1;29;29174;2;6;1;1;Rue de Canapé;47,869884;-4,235895
202300037621;7;11;2023;08:15;1;34;34129;2;1;1;1;PLATANES (AVENUES DES);43,5867;3,91719
202300037622;18;5;2023;04:18;5;35;35238;2;1;1;6;PATTON (AVENUE DU GENERAL SIR GEORGES);48,13671;-1,65887
202300037623;22;6;2023;08:15;1;3;3118;2;1;8;3;29 Rue Jules Bertin;46,087751;3,197541
202300037624;7;11;2023;06:50;2;34;34172;2;1;1;1;LODEVE (ROUTE DE);43,6153;3,82158
202300037625;18;5;2023;18:45;1;33;33200;2;4;1;1;Rue Colbert;44,87842;-0,67834
202300037626;23;6;2023;18:10;1;70;70240;2;1;1;2;95 Rue Marquiset;47,862564;6,329702
202300037627;7;11;2023;18:30;5;33;33522;2;2;2;3;Rue du Général Bordas;44,8008726;-0,58676273
202300037628;17;5;2023;13:10;1;31;31483;2;3;1;3;REPUBLIQUE (RUE DE LA);43,1078;0,7224
202300037629;23;6;2023;15:50;1;58;58177;1;3;1;3;D944;47,153668;3,86604
202300037630;7;11;2023;16:30;1;33;33192;2;1;8;6;RUE DES FONTAINES DE MONJOUS;44,77682;-0,60584
202300037631;18;5;2023;17:05;1;29;29232;2;1;1;6;Rue de Douarnenez;47,97964;-4,10868
202300037632;1;6;2023;08:20;1;58;58095;2;1;1;6;Boulevard Voltaire;46,828269;3,458784
202300037633;6;11;2023;15:50;1;33;33119;2;1;2;6;Avenue Jean Jaurès;44,8556698;-0,53493708
202300037634;13;6;2023;15:11;1;54;54102;1;3;7;7;D118a;48,71497082;5,87555051
202300037635;17;5;2023;11:10;1;17;17415;2;6;7;2;DICONCHE;45,723983;-0,639341
202300037636;23;6;2023;19:45;1;50;50074;1;1;1;1;le buisson;48,721023;-1,180558
202300037637;19;8;2023;20:10;1;33;33249;2;2;1;3;Rue Joachim du Bellay;44,8735;-0,51496
202300037638;23;6;2023;17:05;1;64;64106;2;1;1;3;399 Route de Mauléon;43,327468;-1,018134
202300037639;17;5;2023;18:05;1;17;17306;2;2;1;1;PONTAILLAC (DE) (AVENUE);45,62172;-1,03873
202300037640;17;5;2023;11:37;1;15;15014;2;1;1;6;RD 120;44,91608;2,42926
202300037641;23;6;2023;06:30;2;16;16286;1;2;5;3;D382;45,772148;-0,090594
202300037642;7;11;2023;19:15;5;29;29232;2;9;1;5;Boulevard Louis le Guennec;47,98306669;-4,11074257
202300037643;6;11;2023;14:20;1;29;29232;2;9;1;7;Rond-Point de Ludugris;47,97952351;-4,12191647
202300037644;17;5;2023;08:45;1;15;15014;2;1;1;2;JAURES (BOULEVARD JEAN);44,932889;2,449589
202300037645;7;11;2023;10:45;1;29;29051;2;1;1;1;Avenue du Rouillen;47,99510944;-4,06315135
202300037646;6;6;2023;17:05;1;24;24547;1;1;1;4;D6089;45,128009;1,333015
202300037647;17;5;2023;14:30;1;15;15014;2;6;1;3;GARRIC (AVENUE DU);44,900172;2,431249
202300037648;7;11;2023;17:35;5;28;28404;1;1;1;3;RD 828A;48,718275;1,349877
202300037649;18;5;2023;11:05;1;14;14536;1;1;1;6;D580;49,412461;0,28277
202300037650;7;11;2023;12:45;1;28;28134;2;9;1;6;FENOTS (AVENUE DES);48,74132354;1,34114742
202300037651;23;6;2023;08:00;1;27;27290;1;2;1;3;D24;49,130018;0,792303
202300037652;18;5;2023;21:10;5;13;13215;2;1;2;2;LYON (RUE DE);43,33306365;5,36423973
202300037653;18;5;2023;13:22;1;13;13206;2;1;2;2;PARADIS (RUE);43,2899;5,37839
202300037654;7;11;2023;11:30;1;25;25056;1;1;1;3;GRAY ROUTE DE;47,2474;5,97911
202300037655;5;11;2023;14:30;1;22;22278;2;1;2;6;MONGE;48,49947;-2,74288
202300037656;18;5;2023;19:40;1;8;8480;2;9;1;7;;49,73516;4,75541
202300037657;27;2;2023;00:35;3;94;94074;1;1;1;2;N406;48,76529187;2,45926654
202300037658;17;5;2023;16:11;1;6;6027;2;1;1;2;PASTEUR RUE;43,657534;7,145235
202300037659;5;11;2023;03:10;3;22;22278;2;1;2;1;WALDECK-ROUSSEAU (BD ET PT);48,51095;-2,75582
202300037660;25;2;2023;22:20;5;54;54578;2;2;1;6;AIGUILLETTES  (BD 5A A 17A);48,67456392;6,15118504
202300037661;18;5;2023;12:55;1;4;4070;2;2;2;2;ONZE NOVEMBRE 1918 (RD PT DU);44,09119;6,23114
202300037662;6;11;2023;08:34;1;19;19272;1;3;3;3;Brive (Route);45,25275;1,75443
202300037663;25;2;2023;04:25;5;13;13208;2;1;1;3;PRADO (AVENUE DU);43,27057129;5,38794144
202300037664;3;11;2023;18:25;2;19;19031;2;1;2;6;Avenue Jacques Et Bernadette Chirac;45,1665481;1,54463321
202300037665;28;4;2023;11:00;1;2;2408;2;2;1;3;;49,575773;3,634891
202300037666;26;2;2023;19:00;5;974;97407;1;1;1;1;ROND POINT TAMATAVE;-20,930483;55,308101
202300037667;17;5;2023;00:05;4;75;75120;2;1;9;2;ECHANGEUR BAGNOLET;48,86260913;2,41406322
202300037668;3;11;2023;17:35;2;19;19031;2;1;1;6;SEMARD (AVENUE PIERRE) JUSQU'A N° 73 - 6;45,15721;1,5231
202300037669;26;2;2023;20:10;3;974;97407;2;1;1;6;VOIE DE LIAISON PORTUAIRE EST/ OUEST;-20,92998;55,30305
202300037670;6;11;2023;12:15;1;15;15014;1;1;2;7;RD 117;44,9233;2,47058
202300037671;17;5;2023;15:16;1;75;75108;2;4;1;3;VOIE GEORGES POMPIDOU;48,864856;2,318313
202300037672;26;2;2023;02:50;5;973;97302;2;2;3;1;FELIX EBOUE(ROCADE);4,9296;-52,3151
202300037673;18;5;2023;13:50;1;75;75117;2;3;1;6;PLACE GENERAL CATROUX;48,88245;2,311846
202300037674;7;11;2023;16:30;1;13;13054;2;2;1;3;HENRI BARRELET (RUE );43,41667498;5,20975484
202300037675;18;5;2023;16:00;2;75;75116;2;1;1;6;QUAI LOUIS BLERIOT;48,841377;2,268888
202300037676;26;2;2023;19:55;5;69;69383;2;3;6;1;Rue Ferdinand Buisson;45,74932;4,88845
202300037677;7;11;2023;19:00;5;13;13005;2;1;1;6;LEGION ETRANGERE;43,29342;5,55653
202300037678;18;5;2023;17:00;1;75;75115;2;3;1;6;BOULEVARD DE GRENELLE;48,849155;2,298149
202300037679;6;2;2023;05:10;4;972;97213;2;6;1;6;MAHAULT;14,6229384;-60,9895674
202300037680;18;5;2023;13:50;1;75;75113;2;3;1;7;AVENUE DE LA PORTE DE CHOISY;48,819898;2,365086
202300037681;28;10;2023;16:55;1;12;12145;2;9;1;6;REC;44,097148;3,071496
202300037682;26;2;2023;07:30;1;82;82121;2;1;1;7;MOLIERES (ROUTE DE);44,05058;1,359
202300037683;7;11;2023;10:45;1;11;11069;2;1;1;2;Avenue du Marechal Foch;43,2172;2,35203
202300037684;26;2;2023;19:20;5;81;81004;2;6;1;6;LUDE (BD ET ALLEE DU);43,9220614;2,1490455
202300037685;18;5;2023;10:30;1;75;75111;2;3;1;3;AVENUE DE LA REPUBLIQUE;48,866779;2,366827
202300037686;6;11;2023;06:50;2;11;11069;1;6;2;2;N/A;43,22685;2,3312
202300037687;26;2;2023;20:00;3;77;77114;1;1;1;2;RTE NATIONALE N 4;48,7419;2,69185
202300037688;18;5;2023;18:00;1;75;75110;2;2;1;2;QUAI DE VALMY;48,872904;2,36373
202300037689;6;11;2023;08:41;1;10;10081;1;1;2;2;PENETRANTE NORD;48,31698;4,06157
202300037690;18;5;2023;17:38;1;75;75108;2;3;1;2;RUE FRANCOIS 1ER;48,868019;2,304711
202300037691;25;2;2023;12:25;1;76;76545;2;1;2;6;Route du Vallon;49,90188;1,09069
202300037692;18;5;2023;03:15;5;75;75107;2;1;1;6;BOULEVARD SAINT GERMAIN;48,86125;2,32054
202300037693;6;11;2023;11:33;1;5;5061;1;1;2;5;VALSERRES ( RUE DE );44,54434;6,0915
202300037694;25;2;2023;15:02;1;69;69266;2;1;1;1;49 Rue Octavie;45,77922;4,88881
202300037695;18;5;2023;16:00;1;94;94042;2;1;1;2;Boulevard de l'Europe;48,814053;2,464715
202300037696;6;11;2023;13:28;1;5;5023;1;1;1;2;MAISONS BLANCHES (RUE DES);44,88108563;6,62109196
202300037697;18;5;2023;15:25;1;94;94041;2;1;1;6;Avenue de la République;48,80665264;2,39236549
202300037698;25;2;2023;10:15;1;60;60175;2;3;1;3;Avenue Leonard de Vinci;49,25857;2,48825
202300037699;17;5;2023;21:40;5;94;94078;2;2;1;3;Rue Diderot / Rue Voltaire;48,73665;2,44934
202300037700;7;11;2023;11:55;1;4;4112;2;3;1;2;ROUGIER (BD.);43,83119;5,79172
202300037701;26;2;2023;14:45;1;59;59512;2;2;1;3;NATIONS UNIES (AVENUE DES);50,69720971;3,1658864
202300037702;18;5;2023;11:30;1;94;94004;2;2;1;1;Rue de Paris / Rue de Valenton;48,748812;2,51285
202300037703;7;11;2023;16:20;1;75;75119;2;1;1;3;PORTE DE PANTIN;48,892666;2,395321
202300037704;26;2;2023;17:00;1;59;59560;2;1;1;6;EPINETTE RUE DE L;50,556246;3,05868
202300037705;26;2;2023;08:55;1;59;59378;2;1;1;6;TORGUE ADOLPHE RUE;50,66159;3,07992
202300037706;7;11;2023;08:15;2;75;75119;2;1;1;2;PORTE DE PANTIN;48,891843;2,39578
202300037707;18;5;2023;02:37;5;93;93066;2;2;1;3;Avenue Lénine / Avenue Jean Moulin;48,9420493;2,36544286
202300037708;26;2;2023;06:20;3;54;54174;2;1;1;6;FORT (CHEMIN DU );48,68706;5,84456
202300037709;7;11;2023;00:15;5;75;75120;2;4;2;6;ECHANGEUR BAGNOLET;48,86831178;2,41347313
202300037710;18;5;2023;13:25;1;93;93055;2;1;1;3;Avenue Jean Jaurès;48,90839;2,39725
202300037711;26;2;2023;15:10;1;38;38185;2;2;1;6;JOSEPH VALLIER (BOULEVARD);45,18012;5,70568
202300037712;6;11;2023;21:30;5;75;75112;2;1;2;5;PORTE DE CHARENTON;48,833191;2,406946
202300037713;18;5;2023;01:27;5;92;92063;2;1;1;6;DOUMER (AVENUE PAUL) NORD;48,88183006;2,18578398
202300037714;26;2;2023;13:30;1;38;38423;2;1;1;2;RUE DE BROTTERODE;45,21419;5,68788
202300037715;6;11;2023;16:00;1;75;75117;2;1;1;2;PORTE DE SAINT OUEN;48,90005;2,320884
202300037716;18;5;2023;19:20;1;92;92051;2;3;1;2;BINEAU (BOULEVARD, N°133 A 217 ET 134 A;48,89227883;2,26881891
202300037717;26;2;2023;16:30;1;31;31555;2;1;1;2;FAUBOURG BONNEFOY (RUE DU) DU 1AU 231;43,61997;1,45743
202300037718;26;2;2023;02:20;3;19;19272;1;1;1;6;RD 9 ;45,26653;1,74335
202300037719;18;5;2023;13:30;1;92;92050;2;9;1;3;JOFFRE MARECHAL AVENUE DU;48,88552438;2,19618738
202300037720;6;11;2023;16:15;1;75;75116;2;1;1;5;PORTE DAUPHINE;48,870483;2,272529
202300037721;18;5;2023;18:16;1;92;92020;2;9;1;7;DIVISION LECLERC AVENUE DE LA;48,79638113;2,2784999
202300037722;26;2;2023;22:35;3;13;13103;1;1;4;3;ROUTE DE JEAN MOULIN-RN 538;43,68;5,09
202300037723;17;5;2023;12:05;1;92;92019;2;1;1;3;DIVISION LECLERC (AVENUE DE LA);48,76161;2,28824
202300037724;6;11;2023;08:20;1;75;75114;2;4;1;5;PORTE D ORLEANS;48,819417;2,328291
202300037725;27;2;2023;00:05;5;13;13213;2;9;2;3;POILUS (AVENUE DES);43,31913475;5,45922781
202300037726;26;2;2023;02:15;3;13;13207;2;1;1;1;CHARLES LIVON (BOULEVARD);43,29222;5,36472
202300037727;6;11;2023;07:25;1;75;75119;2;1;1;3;PORTE DE PANTIN;48,895385;2,394802
202300037728;19;5;2023;12:15;1;54;54345;1;2;7;3;RD112;48,59850802;6,25982523
202300037729;25;2;2023;22:30;5;13;13215;2;1;1;1;VISTE (AVENUE DE LA);43,35668;5,3575
202300037730;18;5;2023;19:45;1;62;62547;2;1;1;6;D113E3;50,465304;1,841928
202300037731;26;2;2023;10:20;1;13;13005;2;3;1;3;RN 96 (ROUTE NATIONALE );43,31275;5,57802
202300037732;6;11;2023;21:24;5;75;75105;2;3;9;5;QUAI SAINT BERNARD;48,84684;2,360949
202300037733;19;5;2023;16:35;1;2A;2A272;1;1;1;1;RT40;41,652922;8,928859
202300037734;26;2;2023;19:49;3;9;9122;1;1;1;6;CADIRAC (AVENUE DE);42,952777;1,583897
202300037735;6;11;2023;23:17;5;75;75119;2;2;2;3;RUE DU PRE SAINT GERVAIS;48,879647;2,39958
202300037736;26;2;2023;20:25;5;2;2304;2;1;1;6;;49,66183;3,35224
202300037737;19;5;2023;09:25;1;2A;2A189;1;1;1;6;D157;41,695315;8,892606
202300037738;18;5;2023;12:50;1;62;62245;1;1;1;6;rue du royaume;50,717327;2,005589
202300037739;22;2;2023;08:00;1;83;83126;2;2;1;6;ALLENDE (AV. SALVADOR);43,08538;5,88106
202300037740;7;11;2023;20:50;5;75;75117;2;3;1;6;RUE MARGUERITTE;48,878999;2,302423
202300037741;17;5;2023;18:00;1;86;86111;1;1;1;7;D161;46,864575;0,567833
202300037742;25;2;2023;23:00;5;974;97409;2;3;2;6;MASCAREIGNES (Avenue des);-20,94205;55,64743
202300037743;7;11;2023;15:30;1;75;75116;2;1;1;6;AVENUE DE L HIPPODROME;48,85783;2,250242
202300037744;18;5;2023;00:50;3;67;67392;1;1;1;7;D157;48,92644;7,456262
202300037745;24;2;2023;16:50;1;2B;2B037;2;2;2;3;TOUTES RUES;42,59397;9,43725
202300037746;7;11;2023;09:40;1;75;75116;2;3;1;3;AVENUE DE NEW YORK;48,863204;2,296176
202300037747;18;5;2023;21:20;2;49;49174;1;1;1;3;Route des Sintonnieres;47,667295;-0,30633
202300037748;25;2;2023;11:50;1;971;97101;1;1;1;7;ROUTE DE CHAZEAU;16,28012;-61,49642
202300037749;7;11;2023;02:25;5;75;75116;2;2;2;3;ALLEE DE LONGCHAMP;48,867664;2,250899
202300037750;25;2;2023;14:30;1;2A;2A004;2;1;8;2;Rue Colonel Colonna d'Istria;41,93431;8,738
202300037751;18;5;2023;18:15;1;62;62906;2;1;9;1;D2191E1;50,858159;2,083774
202300037752;18;5;2023;12:14;1;12;12064;1;1;1;1;Route de l’Aubrac;44,55699008;2,78305554
202300037753;6;11;2023;18:24;5;75;75116;2;2;2;3;ALLEE DE LONGCHAMP;48,874934;2,271101
202300037754;25;2;2023;11:20;1;95;95277;2;2;7;2;D970;48,98859;2,45876
202300037755;6;11;2023;14:30;1;75;75116;2;1;1;1;AVENUE KLEBER;48,869765;2,292103
202300037756;24;2;2023;14:25;1;95;95280;2;3;1;3;Rue Gaston Coute;49,041905;2,467657
202300037757;18;5;2023;12:33;1;21;21406;1;1;1;2;Autoroute A38 - PK16+300;47,30751259;4,74206848
202300037758;25;2;2023;08:20;1;95;95427;2;1;1;6;Rue d’Épinay;48,962981;2,33417094
202300037759;7;11;2023;13:45;1;75;75115;2;3;1;1;RUE OLIVIER DE SERRES;48,832105;2,293429
202300037760;16;5;2023;18:15;1;62;62338;1;2;1;3;Rue du Quesne;50,642751;2,81975
202300037761;7;11;2023;10:30;1;75;75114;2;1;1;3;BOULEVARD PERIPHERIQUE;48,821752;2,317932
202300037762;8;5;2023;23:30;3;35;35139;1;1;2;7;RN137 - PR 031.000;47,96742;-1,69181
202300037763;24;2;2023;11:00;1;88;88383;2;9;1;6;D 23;48,01183;6,60282
202300037764;17;5;2023;22:00;3;25;25246;1;1;1;6;A36;47,407448;6,458126
202300037765;6;11;2023;08:30;2;75;75114;2;1;1;3;RUE DES PLANTES;48,826533;2,319967
202300037766;25;2;2023;14:00;1;85;85191;1;1;1;1;RD160;46,68385;-1,38658
202300037767;19;5;2023;00:05;3;62;62031;1;1;1;6;D231;50,85301907;1,91723835
202300037768;7;11;2023;12:05;1;75;75113;2;5;1;6;BOULEVARD MASSENA;48,821563;2,369393
202300037769;19;5;2023;15:00;1;54;54593;1;1;1;1;D28;49,001443;5,929989
202300037770;25;2;2023;17:00;2;83;83137;1;1;1;1;TRIBUS COMMONIS (ROUTE DES);43,16190433;5,92182451
202300037771;19;5;2023;00:30;3;22;22032;1;9;1;7;Le Bechaix;48,32428;-2,106793
202300037772;7;11;2023;13:30;1;75;75111;2;5;1;3;BOULEVARD DE MENILMONTANT;48,858466;2,3894
202300037773;24;2;2023;14:40;1;83;83126;2;1;1;3;ARMANDO (AV. ESPRIT);43,09869749;5,89035738
202300037774;7;11;2023;16:55;2;75;75107;2;3;1;3;RUE DE SEVRES;48,847388;2,318199
202300037775;25;2;2023;13:49;1;77;77372;2;1;1;3;D86;48,88851;2,68458
202300037776;18;5;2023;16:02;1;77;77002;1;2;1;1;D 12 Amillis;48,74064;3,109217
202300037777;18;5;2023;22:00;3;57;57038;1;1;1;6;Rue Napoléon 1er;49,483802;5,965544
202300037778;7;11;2023;12:45;1;75;75107;2;1;1;3;AVENUE DE LA MOTTE PICQUET;48,855076;2,306714
202300037779;25;2;2023;10:32;1;77;77058;2;2;1;3;D5;48,83913;2,72143
202300037780;19;5;2023;12:35;1;57;57661;1;3;1;1;ROUTE DE WISSEMBOURG;49,0555559;7,61902182
202300037781;6;11;2023;17:10;1;75;75107;2;3;2;3;AVENUE DE SUFFREN;48,856275;2,292926
202300037782;25;2;2023;15:20;1;76;76681;1;3;1;2;Boulevard Industriel;49,416622;1,10781
202300037783;18;5;2023;11:00;1;51;51662;2;3;1;2;avenue de Reims;49,289649;4,119337
202300037784;7;11;2023;12:40;1;75;75104;2;3;1;3;RUE DE LA COUTELLERIE;48,857304;2,349907
202300037785;24;2;2023;20:30;5;74;74012;2;2;1;3;VIEUX CHATEAU (RUE DU);46,19732;6,25245
202300037786;18;5;2023;17:40;1;19;19123;2;1;1;6;Avenue De La Riante Borie;45,16494;1,555338
202300037787;7;11;2023;19:30;5;94;94044;2;1;1;1;62 Avenue de Verdun;48,749147;2,474742
202300037788;25;2;2023;13:20;1;72;72181;2;9;1;6;MOULIN JEAN (BD) N° IMP;47,978;0,209
202300037789;18;5;2023;13:00;1;67;67066;1;1;7;3;D1420;48,447337;7,196174
202300037790;7;11;2023;21:07;5;94;94041;2;9;9;3;Quai Marcel Boyer;48,82149;2,39386
202300037791;25;2;2023;15:40;1;69;69275;2;3;8;3;Rue de l'Egalité;45,76935;4,96739
202300037792;17;5;2023;10:00;1;76;76312;2;1;1;6;2 Rue Charles de Gaulle;49,481728;1,724248
202300037793;7;11;2023;18:30;5;94;94022;2;9;1;3;Avenue de Versailles;48,76146084;2,40325543
202300037794;25;2;2023;01:50;5;69;69256;2;2;1;3;Avenue Paul Marcellin;45,77864;4,93047
202300037795;19;5;2023;13:00;1;2B;2B327;1;1;2;1;d80;42,9433;9,461803
202300037796;25;2;2023;15:30;1;64;64189;2;1;1;3;RD810;43,385;-1,664
202300037797;6;11;2023;11:45;1;94;94073;2;9;1;3;Boulevard de Stalingrad;48,77385548;2,39921638
202300037798;18;5;2023;16:00;1;65;65099;1;1;8;3;D618;42,866167;0,399992
202300037799;18;5;2023;15:45;1;81;81128;1;1;1;6;4 route de Burlats;43,64314782;2,31954682
202300037800;25;2;2023;16:05;1;64;64140;2;1;1;3;GAULLE (AV CHARLES DE);43,52845;-1,47644
202300037801;6;11;2023;17:15;2;94;94028;2;1;1;6;Rue René Arcos;48,7779;2,4659
202300037802;18;5;2023;20:00;1;71;71482;2;1;1;6;Rue des Sources;46,838883;4,331617
202300037803;7;11;2023;16:20;1;94;94017;2;1;1;6;Avenue Roger Salengro;48,81715428;2,49708071
202300037804;25;2;2023;15:20;1;59;59599;2;2;1;3;RACINE (RUE);50,73836;3,14224
202300037805;18;5;2023;23:40;3;61;61484;1;1;1;6;D11 PR6+240;48,312149;0,722702
202300037806;7;11;2023;09:00;1;93;93051;2;2;1;6;Rue du Marnois / Rue de Malnoue;48,84186;2,56819
202300037807;22;2;2023;14:40;1;59;59178;2;6;1;3;FLERS (RUE DE);50,38407;3,06025
202300037808;19;5;2023;03:30;3;49;49176;1;1;1;1;Route de la Tremblais;47,660792;-0,759301
202300037809;7;11;2023;17:30;5;93;93046;2;2;1;3;Avenue César Collavéri / Rue Pachot Lainé;48,92406;2,53909