Num_Acc;jour;mois;an;hrmn;lum;dep;com;agg;int;atm;col;adr;lat;long
202300037810;25;2;2023;03:24;3;56;56260;2;1;1;6;DEFFORGES(RUE DE L'AMIRAL);47,65405;-2,77343
202300037811;18;5;2023;19:45;1;49;49214;2;6;1;6;1 Rue Suzanne Hiltermann;47,536424;-0,629187
202300037812;16;11;2023;08:20;2;93;93032;2;3;3;6;Rue du 19 Mars 1962 / Avenue des Dahlias;48,894958;2,542815
202300037813;25;2;2023;21:15;5;54;54304;2;2;1;3;Avenue de la Résistance;48,69425118;6,13163576
202300037814;18;5;2023;15:45;1;42;42228;1;2;1;1;Route de Montbrison;45,561863;4,093813
202300037815;7;11;2023;13:12;1;93;93027;2;1;1;3;Avenue Jean Jaurès;48,92472;2,40106
202300037816;25;2;2023;16:30;1;54;54547;2;1;1;2;ARC (AVENUE JEANNE D');48,66087;6,186631
202300037817;16;5;2023;13:15;1;34;34142;2;1;1;6;72 Avenue de Premerlet;43,734319;3,31685
202300037818;26;2;2023;02:04;5;49;49007;2;1;1;6;CHATEAUGONTIER;47,46594;-0,55023
202300037819;7;11;2023;19:30;5;93;93007;2;2;1;3;Avenue de la République / Avenue Louis Lemesle;48,93625749;2,46593031
202300037820;7;11;2023;18:00;2;93;93005;2;1;1;6;Rue Jacques Duclos;48,947623;2,491649
202300037821;18;5;2023;14:36;1;22;22203;1;1;1;6;D700;48,346452;-2,839172
202300037822;24;2;2023;19:30;3;45;45338;1;1;1;4;D2060 PR 31 + 211;47,98704;2,69767
202300037823;7;11;2023;16:15;1;93;93005;2;2;1;3;Rue Maxime Gorki / Rue de Pimodan;48,927766;2,488163
202300037824;25;2;2023;18:45;1;44;44109;2;8;1;6;39 Boulevard Louis Millet;47,2271;-1,5186
202300037825;18;5;2023;19:30;1;25;25287;1;1;1;2;D673;47,2051;5,89149829
202300037826;25;2;2023;01:25;3;42;42044;1;1;2;6;M10;45,40540403;4,33096451
202300037827;18;5;2023;14:25;1;44;44154;2;6;1;3;Rond-point d'Ayent - Anzère;47,245124;-2,162456
202300037828;7;11;2023;08:45;1;92;92076;2;2;1;3;HENRI BERGSON;48,84359072;2,17530392
202300037829;24;2;2023;16:30;1;37;37122;2;1;2;6;DOUZILLIERE (RUE DE LA);47,33111;0,65073
202300037830;18;5;2023;14:45;1;29;29264;1;1;1;6;Cité Yan d'Argent;48,48972399;-4,15607214
202300037831;7;11;2023;10:15;1;92;92051;2;1;1;2;ROULE (AVENUE DU, N° 29 A 91 ET 30 A 86);48,88296914;2,27547669
202300037832;24;2;2023;16:50;1;37;37261;2;1;2;7;POMPIDOU (AVENUE GEORGES);47,39466;0,70472
202300037833;18;5;2023;10:45;1;29;29235;2;3;1;3;rue Alexis Carrel;48,4101111;-4,390315
202300037834;25;2;2023;13:35;1;33;33249;2;1;1;6;Avenue du Pdt Salvador Allende;44,8673697;-0,52202493
202300037835;7;11;2023;16:00;1;92;92050;2;2;1;3;PORT RUE DU;48,89513954;2,17426993
202300037836;19;5;2023;13:40;1;1;1066;1;1;1;6;D1504;45,866536;5,534722
202300037837;7;11;2023;15:42;1;92;92036;2;3;1;6;CAMELINAT (BOULEVARD) (1/47);48,92877851;2,29966201
202300037838;25;2;2023;09:40;1;33;33167;2;1;1;2;Rue Raoul Dufy;44,84217;-0,52077
202300037839;18;5;2023;15:48;1;54;54054;1;1;1;7;D9;48,48596472;6,3297236
202300037840;25;2;2023;04:15;5;31;31555;1;9;1;6;ECHANGEUR L'UNION  (A61/A62);43,63608;1,4777
202300037841;18;5;2023;18:05;1;6;6023;1;1;1;7;Route du Col de Brouis;43,929241;7,475595
202300037842;7;11;2023;15:00;1;92;92036;2;3;1;6;GENERAL DE GAULLE (AVENUE) (43/129);48,93378396;2,31337166
202300037843;25;2;2023;05:00;5;31;31483;2;1;1;6;FRANCOIS MITTERAND ( AVENUE);43,11075;0,73745
202300037844;6;11;2023;04:26;3;92;92036;2;1;1;6;LOUIS ROCHE (AVENUE) (2/44);48,93228;2,30456
202300037845;19;5;2023;12:05;1;50;50162;1;3;1;3;44 Route de la Croix Fresville;49,620162;-1,539976
202300037846;24;2;2023;15:20;1;29;29232;1;1;1;2;Route de Brest;48,024828;-4,085999
202300037847;7;11;2023;18:25;5;92;92035;2;6;1;6;Europe ( rond point de l' );48,90552923;2,25572544
202300037848;19;5;2023;12:00;1;50;50410;1;1;1;7;La Rue au Bis;48,608145;-1,504656
202300037849;12;2;2023;17:10;1;29;29019;2;3;1;3;rue Jules Ferry;48,39812316;-4,47406545
202300037850;6;11;2023;13:00;1;92;92026;2;2;1;6;FAUVELLES ( RUE DES );48,90222382;2,23949321
202300037851;17;5;2023;17:45;1;90;90090;1;1;1;1;;47,461226;6,947602
202300037852;18;5;2023;22:10;3;64;64168;1;1;1;6;route départementale 17;43,476081;-0,992213
202300037853;25;2;2023;11:25;1;17;17300;2;1;1;3;CARNOT   AVENUE;46,165248;-1,1859
202300037854;18;5;2023;10:35;1;43;43213;1;1;2;7;Lieu Dit les Pinatelles;45,236652;4,278534
202300037855;7;11;2023;11:55;1;92;92014;2;2;1;3;MARECHAL JOFFRE (BD DU) (43 A 97 - 58 A;48,78310676;2,31518322
202300037856;25;2;2023;18:40;5;13;13208;2;1;1;1;RAYMOND TEISSERE (RUE);43,27361;5,39854
202300037857;18;5;2023;19:45;1;28;28236;2;1;1;6;Avenue des Pres;48,328127;0,822811
202300037858;25;2;2023;19:30;5;13;13211;2;1;1;3;SAINT LOUP (BOULEVARD DE);43,285253;5,440561
202300037859;7;5;2023;21:20;3;37;37039;1;1;2;1;RD943;47,03180733;1,09612226
202300037860;24;2;2023;16:12;1;12;12013;2;1;1;3;POUDRIERE(COTE DE LA);44,53044;2,24274
202300037861;7;11;2023;17:20;2;35;35345;1;1;8;2;le Moulin de la Lande;48,362284;-1,905581
202300037862;18;5;2023;16:00;1;48;48069;1;1;1;6;lieu-dit Le Malbosc;44,19997;3,492563
202300037863;25;2;2023;05:30;5;6;6088;2;1;1;3;ANGLAIS (DU N° 114 AU N° 263);43,68955;7,2428
202300037864;18;5;2023;14:35;1;48;48166;1;1;1;6;D983;44,260397;3,627529
202300037865;25;2;2023;11:50;1;6;6069;2;9;8;3;LECLERC (BOULEVARD DU MARECHAL);43,65028;6,91934
202300037866;7;11;2023;16:30;1;11;11132;1;1;1;1;D611;43,133077;2,701328
202300037867;19;5;2023;20:00;1;88;88029;2;1;1;6;11 Rue Charles Lévy;48,002621;6,261507
202300037868;17;5;2023;14:40;1;24;24534;1;1;1;6;1113 Route de Sainte Innocence;44,74375;0,40379
202300037869;7;11;2023;18:35;3;23;23193;1;1;1;2;les bruyères;46,150416;1,908773
202300037870;24;2;2023;20:13;5;6;6029;2;3;1;3;CLEMENCEAU (RUE GEORGES);43,550823;7,007647
202300037871;11;2;2023;12:20;1;5;5061;2;1;1;6;EMILE DIDIER ( AV );44,56672851;6,09538972
202300037872;18;5;2023;22:40;3;37;37131;1;2;1;3;route départemental 31;47,46043204;1,0123837
202300037873;8;11;2023;12:47;1;54;54371;1;1;1;5;Autoroute A4 ;49,20367036;5,94653785
202300037874;16;2;2023;13:57;1;5;5061;2;1;1;6;Rue Jean Macé;44,55795;6,069
202300037875;18;5;2023;09:35;1;77;77435;1;1;1;7;AUTOROUTE A6 PK 41+200 DIRECTION LYON;48,488795;2,512779
202300037876;26;2;2023;03:30;5;75;75118;2;1;1;2;ECHANGEUR CHAPELLE;48,900728;2,362969
202300037877;31;10;2023;19:40;3;19;19248;1;1;1;2;PK 236+000 A20;45,43956277;1,51092092
202300037878;26;2;2023;15:14;1;75;75105;2;4;1;6;BOULEVARD SAINT GERMAIN;48,849347;2,35602
202300037879;5;11;2023;13:25;1;34;34270;2;1;1;1;Chemin du Puech Long;43,57667303;3,8484925
202300037880;19;5;2023;10:15;1;63;63077;2;1;8;1;Lieu-dit Varennes;45,57551;2,9129
202300037881;26;2;2023;13:21;1;75;75106;2;7;1;2;RUE DE MEDICIS;48,849052;2,338881
202300037882;6;11;2023;15:15;1;83;83026;1;1;1;1;RD lieu dit 13 le trou des fées;43,441149;6,22604
202300037883;3;11;2023;09:45;1;51;51536;2;1;1;6;Rue de Châlons;49,19489;4,141159
202300037884;19;5;2023;16:30;1;17;17086;1;2;1;3;Route des Cedres;45,74557167;-0,57332947
202300037885;24;2;2023;12:45;1;75;75116;2;2;1;5;AVENUE VICTOR HUGO;48,871163;2,288871
202300037886;2;11;2023;06:25;2;2A;2A130;1;1;2;1;"T40; PK 26+500";41,881919;8,960788
202300037887;17;5;2023;18:20;1;86;86026;1;2;1;3;Lieu Dit l’Erine;47,073834;0,163116
202300037888;25;2;2023;22:17;5;75;75115;2;2;1;3;RUE DU COMMERCE;48,846185;2,295788
202300037889;7;11;2023;22:15;3;2A;2A271;1;1;2;6;T22;41,95316045;8,78856039
202300037890;18;5;2023;19:45;2;86;86049;1;1;1;1;D59;46,971717;0,076586
202300037891;26;2;2023;11:45;1;75;75114;2;4;1;3;BOULEVARD BRUNE;48,827738;2,305503
202300037892;15;9;2023;15:50;1;55;55117;1;9;1;5;D998;49,095194;5,102125
202300037893;26;2;2023;11:30;1;94;94022;2;1;1;6;33 Rue Auguste Blanqui;48,76697;2,40476
202300037894;17;5;2023;20:10;1;33;33165;2;1;1;6;11 Lotissement la Galerie;44,822963;-0,445905
202300037895;6;11;2023;16:00;1;34;34150;1;1;1;1;Avenue du Soleil;43,320647;3,53933
202300037896;26;2;2023;16:25;1;93;93073;1;1;1;3;Aeroport Charles de Gaulle;49,00406561;2,57118165
202300037897;7;11;2023;09:45;1;22;22194;2;1;7;6;Rue de Guergay;48,66410179;-3,62277925
202300037898;19;5;2023;13:45;1;85;85019;2;3;1;1;Rue du pont caillaud (Saligny) rue simone veil;46,809647;-1,422134
202300037899;26;2;2023;17:21;1;93;93072;2;7;1;6;Avenue Paul Vaillant Couturier / Place Marcel Pointet;48,9522;2,38187
202300037900;26;2;2023;07:55;2;93;93048;2;1;1;6;Rue de Rosny;48,86922;2,46274
202300037901;18;5;2023;14:15;1;14;14166;1;6;1;6;Rue de Colleville;49,265508;-0,319934
202300037902;25;2;2023;12:05;1;92;92024;2;1;1;3;JEAN JAURES (BD) DE (111 A 159);48,90607791;2,30141982
202300037903;8;11;2023;09:00;1;25;25605;1;2;7;3;N57;47,119147;6,308298
202300037904;26;2;2023;11:25;1;69;69136;1;1;1;7;Route du Batard;45,62864;4,73765
202300037905;7;11;2023;12:00;1;29;29174;1;1;1;2;Route de Tréogat;47,905476;-4,296102
202300037906;26;2;2023;06:30;3;18;18117;1;3;1;7;Route de Sancerre;47,383372;2,696602
202300037907;17;5;2023;12:45;1;13;13001;1;1;1;3;A51-Sens Aix en Provence vers Marseille;43,50994494;5,41606512
202300037908;2;11;2023;17:33;2;16;16382;2;4;2;3;D41;45,565623;0,212136
202300037909;9;1;2023;13:18;1;972;97210;1;1;1;4;route nationale 6;14,610186;-60,926579
202300037910;17;5;2023;21:15;3;69;69027;1;1;1;1;Autoroute 450;45,66579;4,76161
202300037911;8;11;2023;15:35;1;7;7308;1;1;1;3;route bleu;45,1957;4,801133
202300037912;27;2;2023;13:15;1;972;97218;1;1;1;1;N3 - PK24;14,749262;-61,102111
202300037913;17;5;2023;20:20;1;94;94038;1;1;1;4;A6B;48,79003666;2,34385393
202300037914;27;2;2023;06:15;1;972;97225;1;1;1;4;RN2 - PK 34 + 030;14,76345;-61,158721
202300037915;28;10;2023;20:00;3;53;53175;1;1;3;2;chemin la vignerie;47,995942;-0,637872
202300037916;18;5;2023;14:30;1;93;93048;1;1;1;3;AUTOROUTE A3;48,8708613;2,43145626
202300037917;7;11;2023;06:20;2;21;21652;2;1;2;6;10 Rue du 19 Mars;47,22095;4,61565
202300037918;26;2;2023;03:45;3;83;83085;1;6;1;7;D1555;43,483442;6,509142
202300037919;18;5;2023;07:30;1;95;95277;1;1;1;6;A3;48,97399752;2,48805982
202300037920;7;11;2023;14:40;1;24;24098;1;1;3;1;Route d'Agonac;45,235961;0,725398
202300037921;20;2;2023;14:00;1;86;86165;2;6;1;3;Avenue de l'Europe;46,426871;0,859288
202300037922;7;11;2023;16:40;1;4;4116;2;2;7;6;D4;44,032452;5,984566
202300037923;17;5;2023;18:50;1;95;95500;1;1;1;4;A15;49,03691139;2,09293842
202300037924;27;2;2023;19:10;3;51;51090;1;1;1;2;D44;48,774184;3,865977
202300037925;7;11;2023;17:40;1;85;85143;1;1;8;6;D99;46,523586;-0,74994
202300037926;27;2;2023;15:45;1;51;51333;1;1;1;1;D9;49,144678;4,097664
202300037927;17;5;2023;14:55;1;92;92036;1;1;1;4;AUTOROUTE A86;48,93668671;2,318106
202300037928;3;11;2023;16:15;1;37;37050;2;1;1;2;Rue Philippe Maupas;47,336988;0,69685
202300037929;27;2;2023;09:22;1;77;77242;1;2;6;5;D209;48,48706;3,212385
202300037930;8;11;2023;16:30;2;30;30075;2;6;7;3;Route de Sommières;43,821942;4,261397
202300037931;10;4;2023;10:54;1;75;75110;2;3;2;1;RUE DU HUIT MAI 1945;48,87614;2,358289
202300037932;17;5;2023;08:10;1;77;77294;1;1;1;2;A104;48,965716;2,607385
202300037933;27;2;2023;11:50;1;2B;2B123;2;1;1;1;Avenue du 9 Septembre;42,019512;9,408654
202300037934;1;10;2023;16:30;1;67;67205;1;1;7;2;N/A;48,677988;7,790501
202300037935;10;4;2023;18:40;1;75;75104;2;2;1;6;RUE DES DEUX PONTS;48,851831;2,356554
202300037936;17;5;2023;13:00;1;976;97611;2;1;1;6;kaweni-GEOLE (la);-12,76716;45,22466
202300037937;7;11;2023;04:40;3;68;68300;1;1;1;6;a36;47,7799;7,401438
202300037938;27;2;2023;16:15;1;2B;2B318;1;9;3;1;route de la plaine;42,438122;9,50613
202300037939;10;4;2023;18:00;1;75;75104;2;2;2;3;RUE MORNAY;48,849504;2,365642
202300037940;17;5;2023;07:30;1;974;97416;1;1;1;6;MAURICE THOREZ(CHEMIN);-21,25931459;55,48372507
202300037941;8;11;2023;10:10;1;38;38013;1;1;1;7;Autoroute A48 PK 067+100;45,385363;5,49822
202300037942;26;2;2023;16:30;1;63;63241;1;1;1;7;chemin communal;45,622982;3,206388
202300037943;10;4;2023;10:35;1;75;75104;2;9;2;3;VOIE GEORGES POMPIDOU;48,854155;2,354715
202300037944;17;5;2023;12:10;1;974;97411;2;1;1;2;GIMART (AVENUE STANISLAS);-20,89817;55,47533
202300037945;25;2;2023;12:00;1;34;34317;1;1;1;6;RD 9 PK 14+700;43,781574;3,463464
202300037946;17;5;2023;17:15;1;973;97302;2;6;2;7;MIRZA (ROND-POINT);4,93315;-52,31286
202300037947;8;11;2023;17:20;2;95;95604;2;1;2;6;LIBERTE (RUE DE LA);49,09992236;2,54329205
202300037948;10;4;2023;21:35;5;94;94081;2;6;2;3;Rue Léon Geffroy;48,78323;2,40754
202300037949;27;2;2023;13:50;1;68;68075;2;9;1;3;23 Rue du Chemin de Fer;47,531806;7,340203
202300037950;8;11;2023;07:30;1;38;38316;2;1;1;3;Boulevard des Collèges;45,754873;5,170301
202300037951;13;5;2023;19:10;3;973;97302;2;2;1;3;ROBERT VIGNON (RUE);4,9305089;-52,32232194
202300037952;9;4;2023;23:35;5;94;94041;2;2;1;1;Bd Paul Vaillant Couturier;48,81806242;2,39792114
202300037953;27;2;2023;08:45;1;22;22079;1;1;1;3;La Ville Robert;48,39716416;-2,62604088
202300037954;7;11;2023;16:35;1;988;98831;1;1;1;7;ROUTE TERRITORIALE N°1;-20,990341;164,725184
202300037955;18;5;2023;00:00;5;69;69383;2;1;1;6;Quai Victor Augagneur;45,76059;4,84116
202300037956;10;4;2023;16:00;1;94;94034;2;1;1;2;Avenue de la Liberté;48,76269;2,3182
202300037957;17;5;2023;19:50;2;69;69387;2;2;8;7;Rue Marcel Mérieux;45,73148;4,82992
202300037958;29;10;2023;14:50;1;13;13088;1;4;8;3;RD 5;43,360017;5,230747
202300037959;17;2;2023;13:45;1;39;39252;1;2;1;1;N/A;47,04451;5,445989
202300037960;9;4;2023;22:00;5;94;94079;2;1;1;1;Rue de Chennevières;48,818948;2,539302
202300037961;21;2;2023;22:43;3;44;44015;2;1;1;7;Rue du Calvaire;47,432536;-1,706378
202300037962;6;11;2023;16:44;1;30;30155;2;1;1;2;Rue de Bouillargues;43,815754;4,464966
202300037963;17;5;2023;17:55;1;69;69389;2;3;1;3;57 Rue de Saint-Cyr;45,78393;4,80816
202300037964;10;4;2023;19:00;2;93;93039;2;2;3;3;Quai de Seine / Pont de l'Île Saint-Denis;48,93579;2,340828
202300037965;7;11;2023;16:28;1;34;34009;1;2;1;5;N/A;43,47138282;3,37583223
202300037966;15;2;2023;14:12;1;29;29220;1;1;1;5;D785;47,880412;-4,221105
202300037967;17;5;2023;18:00;1;69;69389;2;1;1;2;Quai Arloing;45,7738;4,80936
202300037968;8;11;2023;07:55;1;83;83115;2;1;7;6;Avenue du Général Leclerc;43,306701;6,640887
202300037969;10;4;2023;19:50;4;93;93048;2;1;2;2;Avenue du Colonel Fabien;48,87450317;2,44878253
202300037970;25;2;2023;23:50;5;38;38070;2;6;1;7;Route de Savoie;45,280182;5,930606
202300037971;17;5;2023;09:35;1;2B;2B033;2;1;8;6;AV DE LA LIBERATION;42,68526;9,4452
202300037972;4;10;2023;16:15;1;13;13095;1;1;1;3;RD10;43,535218;5,478954
202300037973;27;2;2023;16:15;1;14;14326;1;1;1;1;D510;49,177469;0,297616
202300037974;27;2;2023;10:05;1;64;64257;1;1;4;6;Impasse Loustalot;43,151311;-0,31474
202300037975;16;5;2023;08:15;1;971;97113;2;1;1;2;RN4 - SECTION RIVIERA;16,21809;-61,49941
202300037976;7;11;2023;08:05;1;81;81105;1;2;1;3;Route de la Plaine;43,7778144;1,982034
202300037977;9;4;2023;23:15;5;93;93010;2;1;1;2;Rue Louis Auguste Blanqui;48,89964;2,48239
202300037978;10;4;2023;10:25;1;93;93005;1;1;2;6;Carrefour de l’Europe;48,95154;2,48195
202300037979;8;11;2023;18:30;3;85;85226;1;4;3;1;RD 38;46,748716;-1,983681
202300037980;27;1;2023;07:56;1;43;43268;1;1;9;4;RN88 ;45,136721;4,101033
202300037981;17;5;2023;14:40;1;95;95585;2;1;1;3;8 MAI 1945 (AVENUE DU);48,977795;2,369982
202300037982;11;4;2023;15:30;1;50;50361;1;2;3;3;Le Porche;48,784088;-1,352112
202300037983;7;11;2023;18:05;3;44;44047;1;1;2;1;25bis Route de Brimberne;47,247269;-1,6576069
202300037984;26;2;2023;18:55;3;10;10112;2;1;1;6;D444;47,95989581;4,02132243
202300037985;10;4;2023;17:30;1;24;24295;1;1;1;1;D6089;45,15069;0,579824
202300037986;17;5;2023;14:10;1;95;95014;1;3;1;3;D109P;49,01179;2,30491
202300037987;27;2;2023;10:35;1;4;4176;2;1;1;1;D111;43,75521;6,140585
202300037988;6;11;2023;17:00;2;27;27611;1;4;2;4;D 316;49,077162;1,246508
202300037989;11;4;2023;14:25;1;44;44002;2;1;8;1;Avenue de Nantes;47,080101;-1,409171
202300037990;25;2;2023;16:45;1;85;85128;1;6;8;3;Route de fontenay;46,461301;-1,129199
202300037991;8;11;2023;06:45;3;60;60395;2;1;1;3;Rue Aristide Briand;49,218123;2,129151
202300037992;15;5;2023;18:30;1;95;95197;2;8;1;3;D311;48,97522428;2,3370114
202300037993;10;4;2023;21:00;3;972;97231;2;1;1;1;La Ferme;14,522709;-61,041348
202300037994;7;11;2023;18:50;3;80;80625;1;1;2;7;D441;49,723335;2,560313
202300037995;26;2;2023;17:45;1;28;28176;1;2;1;3;D127;48,217582;1,492767
202300037996;11;4;2023;14:45;1;55;55400;1;1;1;2;A4 - PK 379.800 - Sens PARIS/STRASBOURG;49,154766;5,733125
202300037997;17;5;2023;09:56;1;91;91425;1;9;1;1;RTE DES TEMPLIERS;48,644437;2,281402
202300037998;8;11;2023;08:40;1;59;59035;2;1;1;6;24 Rue du Taille-pied;50,11939;3,949371
202300037999;26;2;2023;18:10;2;28;28147;1;2;1;3;D 23 Pk 57.200;48,533402;1,240726
202300038000;7;11;2023;18:10;5;13;13202;2;1;1;2;A55-Sens Martigues vers Marseille;43,30853531;5,36644936
202300038001;17;5;2023;21:10;5;91;91377;2;1;1;7;RUE FUSTEL DE COULANGES;48,72921;2,27775
202300038002;27;2;2023;15:30;1;988;98811;2;2;1;1;RT1/Rue Henri MARLIER;-21,059006;164,855856
202300038003;7;11;2023;09:00;1;13;13215;1;1;1;2;A7-Sens Marseille vers Lyon;43,37977;5,35402
202300038004;10;4;2023;20:30;1;22;22389;1;1;1;5;RN12 PR 049+500 sens Rennes vers Brest;48,47925;-2,667028
202300038005;17;5;2023;07:50;1;91;91201;2;1;1;2;AV DU GENERAL DE GAULLE;48,687107;2,399638
202300038006;7;11;2023;19:14;3;83;83090;1;1;1;3;A50;43,12528073;5,87485416
202300038007;24;2;2023;22:30;3;67;67535;1;1;1;1;D919;48,908171;7,425229
202300038008;17;5;2023;17:40;1;91;91479;2;3;1;2;AV ALEXANDRE DUMAS;48,71137;2,35905
202300038009;11;4;2023;07:05;1;84;84071;1;2;1;3;850 Chemin des Véginières;43,859666;5,144203
202300038010;26;2;2023;04:30;3;3;3286;1;1;1;6;RN7 PK023.500;46,50302705;3,35708578
202300038011;16;5;2023;18:30;1;91;91223;2;1;1;7;CORDELIERS (RUE DES);48,43185;2,15485
202300038012;7;11;2023;17:33;2;83;83090;1;1;1;4;A50;43,12418712;5,8716572
202300038013;7;11;2023;13:53;1;83;83144;1;1;1;6;A57;43,13380137;5,98617217
202300038014;11;4;2023;16:43;1;60;60176;2;1;1;6;14 Rue de la Sablonnière;49,227049;2,895198
202300038015;16;5;2023;13:30;1;91;91223;2;1;1;3;FARMAN (AVENUE HENRI);48,44094;2,1504
202300038016;25;2;2023;13:00;1;29;29124;2;6;1;3;giratoire Kerjezequel;48,585813;-4,315428
202300038017;11;4;2023;07:10;2;65;65156;1;1;1;7;RN 21;43,320245;0,125141
202300038018;5;11;2023;03:50;3;69;69282;1;1;1;1;Route Départementale 302;45,75512;5,02725
202300038019;16;5;2023;17:09;1;87;87085;2;3;1;6;GAMBETTA (BOULEVARD);45,82869;1,25608
202300038020;27;2;2023;19:00;3;59;59228;1;1;1;3;D621;50,337976;3,085592
202300038021;11;4;2023;14:50;1;12;12077;1;1;1;2;A75 ;43,931296;3,233714
202300038022;28;10;2023;11:45;1;69;69266;1;1;2;2;Boulevard Périphérique Laurent Bonnevay;45,77124;4,90202
202300038023;17;5;2023;07:10;1;85;85194;2;1;1;3;RD949;46,514081;-1,783304
202300038024;24;2;2023;22:45;3;83;83027;1;1;1;2;A50;43,17174674;5,77016235
202300038025;10;4;2023;14:20;1;37;37141;1;1;2;6;AUTOROUTE 85 POINT KILOMETRIQUE 130.100;47,28604145;1,07365608
202300038026;30;10;2023;04:50;3;54;54304;1;1;3;2;Autoroute A 33;48,6713716;6,12206697
202300038027;9;4;2023;06:26;2;57;57712;1;1;5;6;D38;48,778044;6,506503
202300038028;16;5;2023;11:40;1;78;78481;2;1;1;2;MAURICE BERTEAUX (QUAI);48,89681;2,10697
202300038029;26;2;2023;19:05;1;33;33063;1;1;1;2;ROCADE A 630;44,88180277;-0,5469346
202300038030;11;10;2023;22:00;3;54;54265;1;1;1;6;Autoroute A 330;48,64151;6,18085
202300038031;7;11;2023;07:55;5;33;33249;1;1;2;7;ROUTE NATIONALE 230;44,87248188;-0,50612748
202300038032;26;2;2023;05:00;3;78;78029;1;1;1;3;A13Y;48,96807;1,85784
202300038033;26;4;2023;06:15;1;78;78217;2;4;1;2;AVENUE MARECHAL FOCH;48,96998;1,83253
202300038034;10;4;2023;20:50;2;56;56057;1;1;1;5;Petit Coat Loret;48,020054;-3,473784
202300038035;7;11;2023;07:25;5;33;33096;1;1;2;3;AUTOROUTE A10;44,89221;-0,50099
202300038036;26;2;2023;18:45;3;95;95241;1;1;1;4;RN 104;49,04558887;2,44667782
202300038037;17;5;2023;09:00;1;77;77468;2;2;1;1;PARIS (RUE DE);48,85062;2,65795
202300038038;9;4;2023;18:20;1;56;56078;1;2;1;1;Lieu-dit Billerit;47,79493;-3,509027
202300038039;26;2;2023;10:50;1;94;94033;1;1;1;2;A86;48,85806851;2,48816509
202300038040;17;5;2023;19:20;1;76;76540;2;1;1;2;Avenue de la Grand Mare;49,44759;1,13214
202300038041;11;4;2023;09:05;1;65;65389;2;1;1;6;Avenue des Sports;43,072685;0,485544
202300038042;6;11;2023;15:05;1;33;33122;1;1;1;5;AUTOROUTE A 63;44,7433;-0,70623
202300038043;28;3;2023;17:45;1;65;65235;2;1;1;2;70 Route de Lourdes;43,194815;0,027734
202300038044;26;2;2023;05:15;5;94;94018;1;1;1;2;A4;48,8239729;2,39430684
202300038045;17;5;2023;10:54;1;76;76351;2;2;1;6;HOTEL DE VILLE (PLACE DE);49,49475;0,10641
202300038046;5;11;2023;23:15;5;33;33249;1;9;2;2;ROCADE A 630;44,8788759;-0,52812159
202300038047;25;2;2023;21:10;5;75;75117;2;1;1;4;PORTE DE CHAMPERRET;48,888198;2,292365
202300038048;9;4;2023;16:40;1;11;11217;1;1;1;1;N/A;43,233666;2,926354
202300038049;7;11;2023;17:05;1;91;91136;1;1;1;5;RD188 PROVINCE / A10 PARIS;48,71434;2,27235
202300038050;8;4;2023;18:25;1;71;71463;1;1;1;6;D987, les charmières;46,234463;4,262781
202300038051;25;2;2023;16:35;1;75;75120;2;3;8;6;RUE DE BELLEVILLE;48,872532;2,378555
202300038052;17;5;2023;14:45;1;72;72181;2;1;1;5;MAC JEAN (AV) N° PAIRS 308 ET plus;47,97681;0,23313
202300038053;7;11;2023;12:25;1;91;91339;1;1;1;5;RN 104;48,62303;2,2698
202300038054;25;2;2023;20:10;5;75;75116;2;4;1;3;RUE DES VIGNES;48,857097;2,273476
202300038055;16;5;2023;08:27;1;72;72181;2;9;1;6;ETOILE (RUE DE L');48,00563;0,20106
202300038056;8;4;2023;21:20;5;42;42288;2;1;1;3;Route de Clermont;45,753462;3,983241
202300038057;7;11;2023;20:00;5;78;78140;1;1;1;6;A13;48,960773;1,930545
202300038058;25;2;2023;11:20;1;75;75116;2;1;1;2;ROUTE DES TRIBUNES;48,859428;2,229364
202300038059;17;5;2023;16:15;1;69;69029;2;1;1;6;Boulevard Pinel;45,72858;4,88719
202300038060;6;11;2023;20:30;5;92;92064;1;1;1;6;A13;48,83978582;2,2193934
202300038061;10;4;2023;17:57;1;47;47138;1;1;1;2;Gagne;44,26116968;0,74047359
202300038062;25;2;2023;09:40;1;75;75116;2;1;1;3;ROUTE DE LA PTE DES SABLONS A LA PTE MAI;48,876696;2,273272
202300038063;17;5;2023;18:55;1;67;67482;2;3;1;1;CARPE HAUTE (RUE DE LA);48,5961;7,78917
202300038064;7;11;2023;19:00;3;95;95277;1;1;1;5;D170 ;48,97726;2,47194
202300038065;10;4;2023;17:30;1;68;68215;2;1;1;7;rue de belfort;47,619262;7,022297
202300038066;25;2;2023;11:55;1;75;75115;2;2;1;6;BOULEVARD VICTOR;48,83598;2,27826
202300038067;6;4;2023;15:30;1;39;39217;1;1;1;6;N/A;46,708272;5,535736
202300038068;17;5;2023;17:50;1;67;67482;2;2;1;6;OR (RUE D );48,57826;7,74963
202300038069;7;11;2023;17:30;3;93;93066;1;1;1;5;AUTOROUTE A1;48,90441;2,35824
202300038070;25;2;2023;13:00;1;75;75114;2;2;1;2;BOULEVARD BRUNE;48,824903;2,318393