Num_Acc;jour;mois;an;hrmn;lum;dep;com;agg;int;atm;col;adr;lat;long
202300038071;17;5;2023;08:30;1;67;67482;2;1;1;3;SAINT GUILLAUME (RUE);48,58215;7,75782
202300038072;25;2;2023;08:30;1;75;75112;2;3;1;6;BOULEVARD PONIATOWSKI;48,834808;2,405641
202300038073;6;11;2023;18:45;2;95;95424;1;1;1;3;A15;48,99132307;2,19141748
202300038074;9;4;2023;15:40;1;44;44029;2;1;1;1;152 Rue de la levée de la divatte ;47,279811;-1,388617
202300038075;16;5;2023;15:35;1;67;67482;2;1;8;3;SEBASTOPOL (RUE DE);48,585922;7,743269
202300038076;25;2;2023;10:22;1;94;94081;2;1;1;6;Rue Montebello;48,79213;2,39352
202300038077;7;11;2023;07:00;2;92;92036;2;1;1;3;AUTOROUTE A15;48,94920532;2,28069842
202300038078;17;5;2023;09:10;1;64;64189;2;1;1;2;JAURES JEAN  (AVENUE);43,37955;-1,66942
202300038079;9;4;2023;00:44;5;34;34154;2;5;1;3;D62e2;43,548735;3,979915
202300038080;25;2;2023;09:35;1;94;94076;2;4;1;3;131 Avenue de Paris;48,80108;2,36525
202300038081;7;11;2023;05:40;3;93;93078;1;1;1;5;AUTOROUTE A104;48,96358;2,52151
202300038082;17;5;2023;13:25;1;61;61117;1;1;1;2;D112;48,4357;0,03211
202300038083;8;4;2023;21:00;2;29;29158;1;1;1;7;Route de Quélourn;47,813785;-4,348338
202300038084;25;2;2023;02:45;5;94;94041;2;1;1;6;Avenue de Verdun;48,81231;2,37075
202300038085;6;11;2023;21:40;3;95;95678;1;1;1;7;N104;49,07307;2,23774
202300038086;11;4;2023;17:00;1;31;31426;2;1;1;7;chemin communal entre camis;43,080679;0,60634
202300038087;17;5;2023;11:00;1;59;59599;2;1;1;6;PAPIN (CHAUSSEE DENIS);50,731936;3,141825
202300038088;6;11;2023;12:50;1;95;95028;1;1;1;2;N104;49,06147;2,36001
202300038089;25;2;2023;18:50;5;94;94077;2;1;1;5;Avenue du 8 Mai 1945;48,73159;2,40602
202300038090;10;4;2023;16:50;1;31;31585;1;1;1;1;D817;43,116413;0,648193
202300038091;17;5;2023;14:30;1;59;59512;2;5;1;3;GAMBETTA ( BOULEVARD);50,692319;3,184795
202300038092;7;11;2023;18:10;3;77;77181;1;1;1;2;A4;48,83080044;2,69269565
202300038093;4;4;2023;08:15;1;72;72048;1;1;1;3;La Guerinière;48,16292244;0,4082036
202300038094;6;11;2023;18:00;4;94;94015;1;1;2;5;A4;48,82928864;2,52841632
202300038095;25;2;2023;16:50;1;93;93048;2;2;1;3;Avenue Leo Lagrange / Boulevard Aristide Briand;48,87626;2,4561
202300038096;11;4;2023;12:11;1;50;50484;2;2;8;6;Rue de Mortain;48,57745;-1,093209
202300038097;16;5;2023;12:25;1;59;59527;2;3;1;3;CARNOT SADI RUE;50,66284;3,05713
202300038098;25;2;2023;18:35;5;92;92073;2;1;1;3;DASSAULT (QUAI MARCEL);48,86022718;2,22458303
202300038099;13;7;2023;18:20;1;14;14654;1;1;1;1;Les Cheminees (Saint-Pierre-sur-Dives);49,023011;-0,04916
202300038100;3;4;2023;09:00;1;9;9103;2;4;3;3;Vallée de la Lèze;43,012412;1,608038
202300038101;13;5;2023;17:30;1;57;57306;2;1;1;6;CASTELNAU (RUE DU GENERAL DE);49,32712186;6,05781198
202300038102;25;2;2023;17:05;1;92;92064;2;2;1;3;CARNOT;48,84665;2,22353
202300038103;25;6;2023;09:20;1;14;14480;1;1;1;2;RN 13 PR124+400 sens Cherbourg/Caen;49,32722;-1,078463
202300038104;25;2;2023;08:30;1;974;97415;2;1;1;6;Chemin Ravine Bernica;-21,014225;55,273536
202300038105;16;5;2023;07:20;1;54;54403;2;8;1;3;Route de Norroy;48,93287;6,03911
202300038106;31;8;2023;18:10;1;50;50066;2;1;1;6;MAIRIE (RUE DE LA);48,81463;-1,56873
202300038107;10;4;2023;22:30;5;45;45234;1;1;2;1;Avenue Gaston Galloux;47,8491938;1,94327921
202300038108;25;2;2023;18:50;2;17;17315;2;4;1;3;Rue du Chemin Vert;46,135352;-1,008537
202300038109;11;4;2023;17:45;1;64;64339;2;1;1;7;4 Avenue de Betharram;43,126825;-0,207582
202300038110;16;8;2023;19:20;1;50;50147;2;1;1;2;DIVISION LECLERC;49,0586;-1,43618
202300038111;17;5;2023;16:21;1;54;54526;1;1;1;6;rocade sud est;48,68306;6,22077
202300038112;21;2;2023;23:55;3;972;97210;1;1;1;1;RN 6;14,611398;-60,897936
202300038113;10;4;2023;16:25;1;43;43051;1;1;1;7;lieu dit le Bronchet;45,027102;4,303213
202300038114;24;2;2023;19:00;5;67;67460;2;1;3;6;69 Rue du Général Leclerc;48,754827;7,591188
202300038115;17;5;2023;12:15;1;54;54395;2;2;1;6;Rue des Jardiniers;48,6927;6,18991
202300038116;15;7;2023;23:40;4;27;27229;2;1;1;2;SAINT LEGER (RUE DU FAUBOURG);49,035502;1,15622
202300038117;9;4;2023;19:10;1;16;16065;1;1;1;7;route de lesterps;46,053801;0,787236
202300038118;25;2;2023;11:30;1;35;35124;1;1;1;5;;47,76224;-1,71156
202300038119;16;5;2023;17:45;1;54;54526;2;2;1;3;PASTEUR (RUE);48,68355528;6,22092247
202300038120;11;4;2023;14:00;1;4;4018;1;1;1;1;D5;44,021567;5,641673
202300038121;26;2;2023;05:50;5;51;51436;2;4;1;7;Rue de Chalons;48,858281;4,482953
202300038122;16;5;2023;10:30;1;50;50129;2;1;1;4;MARITIME (BOULEVARD);49,64417;-1,59956
202300038123;17;5;2023;08:15;1;49;49328;2;6;1;3;RESISTANCE (PLACE DE LA);47,26718;-0,06994
202300038124;25;2;2023;03:55;3;56;56221;1;4;1;7;Les Eclopas;47,671117;-2,213058
202300038125;2;4;2023;10:45;1;10;10045;1;1;2;2;Autoroute A5;48,170193;4,473249
202300038126;16;5;2023;18:45;1;49;49099;2;3;1;3;FAIDHERBE (BOULEVARD DU GENERAL);47,06561;-0,87068
202300038127;9;4;2023;10:30;1;13;13069;2;6;1;3;D15;43,633304;5,16719
202300038128;16;5;2023;09:30;1;49;49099;2;5;1;6;JOFFRE (BOULEVARD DU MARECHAL);47,0674;-0,88471
202300038129;25;2;2023;19:10;3;71;71137;1;1;1;1;D980;46,411825;4,659126
202300038130;26;2;2023;05:30;3;61;61493;2;1;1;7;D13 PR19+250;48,798002;0,373058
202300038131;17;5;2023;19:40;1;49;49353;2;3;1;7;JEAN JAURES RUE;47,4412;-0,4911
202300038132;11;4;2023;17:50;1;82;82087;1;9;1;3;Route de Vazerac;44,152482;1,217401
202300038133;26;2;2023;14:30;1;34;34300;1;1;1;7;D18;43,413007;3,324433
202300038134;17;5;2023;10:41;1;49;49020;2;3;1;3;MOREL;47,47405;-0,60472
202300038135;17;5;2023;09:55;1;49;49007;2;1;1;3;TURPIN DE CRISSE AVENUE;47,46486;-0,55414
202300038136;26;2;2023;17:00;1;39;39373;1;1;1;3;N/A;46,322775;5,896981
202300038137;8;4;2023;15:10;1;34;34172;1;1;1;4;A 709 PK 11+300;43,602895;3,925209
202300038138;17;5;2023;08:10;1;49;49353;2;3;1;6;TOUR;47,45413;-0,50907
202300038139;26;2;2023;02:10;3;29;29150;2;1;1;6;Lieu Dit Kerglien;47,807938;-3,638932
202300038140;18;1;2023;15:50;1;29;29148;1;1;2;6;Lieu Dit Kerguiduff;48,618676;-4,075177
202300038141;11;4;2023;00:15;3;25;25349;1;2;1;3;Lieu dit Niellans;47,162714;6,472471
202300038142;24;2;2023;20:00;3;29;29224;1;1;1;1;D43;48,028965;-4,302065
202300038143;8;4;2023;16:12;1;987;98733;2;1;1;7;PK 27.700 RT1;-17,696;-149,548
202300038144;25;2;2023;22:50;3;15;15265;1;1;1;7;RD 15;45,357155;2,457976
202300038145;10;4;2023;05:30;3;988;98814;1;1;1;7;Sens Mutchaweng/Ewe;-20,76408;167,14366
202300038146;25;2;2023;23:00;3;58;58147;2;1;1;6;ROUTE DU PRIEURÉ;47,162525;3,385315
202300038147;26;2;2023;06:20;5;45;45148;2;2;1;3;D2007 PR 6 + 777;48,103054;2,77489
202300038148;11;4;2023;04:20;3;988;98827;1;3;1;6;RT1/VU 48 (Route de GOHAPIN);-21,324439;165,152074
202300038149;6;2;2023;19:50;3;64;64269;1;1;1;2;ROUTE DE TARBES RD 817;43,291271;-0,277888
202300038150;25;2;2023;22:00;3;16;16419;1;1;1;6;CD 737;45,808835;0,078256
202300038151;10;4;2023;19:10;3;971;97118;1;1;1;6;Route nationale 1 - Arnouville;16,20045722;-61,60613537
202300038152;25;2;2023;16:30;1;40;40161;1;1;1;6;lieu dit le tremblant;44,132049;0,017982
202300038153;25;2;2023;02:45;3;85;85021;1;1;2;7;RD102;47,04435;-1,256561
202300038154;11;4;2023;07:15;1;971;97115;2;2;1;3;N2;16,277291;-61,663862
202300038155;25;2;2023;03:45;3;85;85089;2;1;1;6;RD160;46,71175;-1,31528
202300038156;10;4;2023;23:00;3;77;77277;1;1;3;2;RD 436 - PK 012+900;48,71931;2,868912
202300038157;25;2;2023;16:00;1;30;30095;2;6;1;7;;43,871679;3,942933
202300038158;25;2;2023;19:15;2;8;8086;1;1;1;6;;49,40134625;4,87802852
202300038159;11;4;2023;10:20;1;2A;2A041;2;1;1;2;rue sauveur paul etienne;41,388062;9,159105
202300038160;26;2;2023;16:30;1;8;8092;1;1;1;6;D315;49,349982;4,445987
202300038161;11;4;2023;09:15;1;66;66037;2;1;1;6;N/A;42,704126;3,021211
202300038162;24;2;2023;19:10;5;38;38193;2;1;3;6;D312;45,61466;5,224568
202300038163;9;4;2023;14:45;1;84;84136;2;1;1;1;Chemin du Tombadou;44,145728;4,981836
202300038164;24;2;2023;14:45;1;38;38485;2;3;1;3;Rue de l'industrie;45,180309;5,697833
202300038165;10;4;2023;17:00;1;13;13073;1;1;1;1;D8;43,395888;5,579724
202300038166;25;2;2023;16:00;1;21;21590;1;1;1;7;autoroute A6 PK 291+500;47,07911625;4,76321248
202300038167;7;4;2023;20:20;2;13;13097;1;1;1;7;Route Nationale 568;43,576038;4,778538
202300038168;8;2;2023;09:50;1;45;45244;2;7;1;6;parking Intermarché;47,769979;2,475041
202300038169;10;4;2023;19:10;1;13;13059;1;1;1;1;Route Departementale 561;43,644802;5,496168
202300038170;11;2;2023;21:45;5;91;91546;2;1;1;6;Rue de Bandeville;48,573349;2,030416
202300038171;27;1;2023;11:40;1;83;83047;1;1;1;3;Avenue Jean Monnet;43,115526;6,057168
202300038172;9;4;2023;16:00;1;88;88196;2;9;1;1;Boulevard de la Jamagne;48,077842;6,885971
202300038173;26;2;2023;05:15;5;83;83099;2;6;1;6;Dn7;43,445584;6,698125
202300038174;18;2;2023;10:20;1;13;13100;2;3;1;2;D99;43,784441;4,890257
202300038175;11;4;2023;13:40;1;3;3298;1;1;1;1;D46;46,323549;3,368876
202300038176;26;2;2023;13:00;1;3;3200;1;1;6;6;Avenue Edmond Michelet;46,55682;3,298763
202300038177;9;4;2023;16:00;1;73;73123;1;1;1;7;D909;45,86631669;6,48950368
202300038178;26;2;2023;15:18;1;38;38215;2;3;1;7;Rue des Marchands;45,589462;4,958439
202300038179;11;4;2023;17:50;1;1;1043;2;1;1;6;Rue des Barronieres;45,832815;5,008472
202300038180;25;2;2023;19:05;2;44;44209;2;1;1;3;149 Rue de Nantes;47,29564726;-1,61117077
202300038181;26;2;2023;01:15;3;38;38565;2;1;1;6;D1075;45,263402;5,65657
202300038182;4;9;2023;09:40;1;93;93050;2;3;1;6;Rue du 11 Novembre / Rue de la Liberation;48,86359;2,52636
202300038183;7;4;2023;17:50;1;79;79049;1;2;1;3;N/A;46,891625;-0,495114
202300038184;3;9;2023;13:40;1;93;93049;2;1;1;6;Rue Pasteur;48,857681;2,500791
202300038185;25;2;2023;18:30;1;69;69090;1;2;1;3;Bois Bourland;45,92807349;4,64460925
202300038186;25;2;2023;08:30;1;22;22272;2;9;2;6;9 Rue Hent Meur;48,556176;-3,104617
202300038187;4;9;2023;19:30;1;93;93031;2;1;1;3;Boulevard Foch;48,94813;2,33156
202300038188;24;2;2023;17:40;1;60;60619;1;9;1;2;N2;49,11500848;2,77452421
202300038189;11;4;2023;15:45;1;40;40246;1;2;1;2;D44 PK 33 + 500;44,150481;-0,832815
202300038190;2;9;2023;20:10;1;93;93014;2;3;1;3;Allée Etienne Laurent/ Allée du Renouveau;48,90331314;2,55091247
202300038191;25;2;2023;19:45;3;60;60045;1;6;1;3;Route de Crépy;49,216812;2,67928
202300038192;4;9;2023;13:00;1;92;92033;2;1;1;3;GENERAL DE GAULLE;48,84023127;2,19265267
202300038193;10;4;2023;18:20;1;85;85035;2;3;1;1;28 Rue des marsouins;46,623465;-1,868497
202300038194;26;2;2023;20:00;3;62;62714;1;4;1;5;D263;50,33082274;2,77693301
202300038195;4;9;2023;09:50;1;92;92063;2;1;1;3;SEINE (AVENUE DE);48,88646;2,16904
202300038196;25;2;2023;03:50;3;59;59055;2;1;1;6;Rue du Cateau;50,093377;3,584204
202300038197;10;2;2023;16:48;1;13;13056;1;1;1;7;A55-Sens Martigues vers Marseille;43,40746;5,03603
202300038198;9;4;2023;17:30;1;72;72264;1;1;1;3;D24;47,868135;-0,337958
202300038199;4;9;2023;14:49;1;92;92026;2;2;1;3;VERDUN (DE 01 A 61);48,90040439;2,26077855
202300038200;25;2;2023;10:00;1;69;69115;1;1;1;3;Autoroute 6;45,9672;4,7265
202300038201;10;4;2023;20:00;2;35;35347;1;1;2;6;D179;48,212148;-1,250199
202300038202;4;9;2023;12:50;1;92;92012;2;1;1;6;ANDRE MORIZET (AVENUE) 1/47 - 2/52;48,8341626;2,24258512
202300038203;20;2;2023;09:15;1;69;69275;1;1;1;4;Rocade Est;45,777221;4,97437136
202300038204;4;9;2023;17:15;1;92;92014;2;1;1;3;GENERAL LECLERC (AV.) (1 A 55BIS - 2 A 4;48,77951057;2,31537625
202300038205;9;4;2023;22:20;3;974;97416;1;9;1;6;RN1(BRETELLE ACCES);-21,3047;55,4278
202300038206;24;2;2023;07:40;1;67;67447;1;1;1;3;M35;48,60131;7,73403
202300038207;5;9;2023;07:48;2;60;60318;1;1;7;2;d13;49,34461924;2,63065367
202300038208;9;4;2023;13:30;1;974;97416;1;1;1;7;RN3 (3);-21,30330241;55,50039232
202300038209;25;2;2023;20:30;3;33;33448;1;1;1;2;;44,71236239;-0,5156064
202300038210;4;9;2023;06:30;3;60;60590;1;1;1;6;D901;49,535389;2,000327
202300038211;25;2;2023;02:52;3;91;91689;1;1;1;2;AUTOROUTE A10;48,72904;2,30632
202300038212;3;9;2023;22:00;3;60;60609;1;1;1;6;Rte de Saint Germain la Poterie;49,458285;1,972625
202300038213;25;2;2023;01:45;3;91;91689;1;1;1;7;AUTOROUTE A6A;48,7385;2,319127
202300038214;10;8;2023;14:30;1;80;80047;1;1;9;2;D50;50,036442;2,655559
202300038215;9;4;2023;13:15;1;974;97411;2;2;1;3;GARROS (ROLAND);-20,88168;55,4569
202300038216;5;9;2023;10:55;1;50;50117;1;1;1;7;25 Route des Falaises;48,734339;-1,532845
202300038217;25;2;2023;19:00;3;78;78291;1;1;1;2;A13;48,969395;1,736783
202300038218;1;9;2023;17:00;1;37;37010;1;1;1;6;Aubigne;47,556942;0,958917
202300038219;25;2;2023;00:55;3;92;92036;1;1;1;2;A86;48,93699329;2,29326176
202300038220;9;4;2023;01:10;4;974;97411;2;1;1;2;LANCASTEL (BOULEVARD);-20,88338;55,46538
202300038221;4;9;2023;07:50;1;54;54456;2;1;1;6;Rue Charles Berlet;48,703078;6,387032
202300038222;3;9;2023;14:40;1;14;14656;1;1;7;1;Rue de Bailly;48,93103;-0,498824
202300038223;25;2;2023;04:40;3;95;95582;1;1;1;6;RD 170;48,96418169;2,26854107
202300038224;9;4;2023;18:05;1;69;69388;2;1;1;6;Avenue Jean Mermoz;45,7347352;4,87449901
202300038225;3;9;2023;12:20;1;2A;2A186;1;1;1;6;D69;41,837931;9,09565
202300038226;4;9;2023;17:00;1;26;26294;1;1;7;6;D114A;45,081036;4,97067
202300038227;9;4;2023;16:45;1;69;69383;2;1;1;3;Quai Victor Augagneur;45,7592547;4,84093628
202300038228;9;4;2023;08:20;1;972;97209;1;1;2;7;RD 41 (ROCADE);14,61246;-61,06541
202300038229;4;9;2023;18:35;1;66;66190;1;1;1;3;N/A;42,85128435;2,93420792
202300038230;9;4;2023;03:30;3;69;69384;2;1;1;7;67 Quai Joseph Gillet;45,78492265;4,81559822
202300038231;4;9;2023;04:10;5;66;66144;1;1;1;2;N/A;42,64422951;2,86090851
202300038232;8;4;2023;12:26;1;971;97120;2;9;1;3;Amitié des peuples;16,24447192;-61,5414378
202300038233;5;9;2023;02:00;3;11;11195;1;9;1;2;N/A;43,271132;2,002851
202300038234;9;4;2023;13:56;1;2A;2A004;2;1;1;6;GRANDE ARMEE AVENUE;41,92663;8,72916
202300038235;4;9;2023;16:40;1;31;31082;1;4;1;5;D826;43,595342;1,703246
202300038236;8;4;2023;23:20;5;91;91377;2;3;1;7;AV DU M DE LATTRE DE TASSIGNY;48,71718;2,29495
202300038237;3;9;2023;20:55;5;1;1143;2;1;1;6;Avenue de Genève;46,34712;6,148921
202300038238;9;4;2023;17:45;1;91;91657;2;1;1;6;AV HENRI CHARON;48,706029;2,423318
202300038239;4;9;2023;18:50;1;67;67190;1;1;9;1;D117;48,671834;7,326508
202300038240;9;4;2023;12:00;1;77;77131;2;9;1;6;GRAND MORIN (RUE DU);48,80274;3,09604
202300038241;5;9;2023;11:05;1;22;22206;1;1;1;6;route nationale 12 pr 74+0300;48,53023;-2,96423
202300038242;9;4;2023;11:45;1;77;77042;2;2;1;3;RD 222;48,822726;3,137247
202300038243;9;4;2023;12:25;1;76;76217;2;1;1;6;REPUBLIQUE (AVENUE DE LA);49,92562;1,09957
202300038244;3;9;2023;09:00;1;14;14061;1;1;7;4;18 Route de Beaumesnil;48,909836;-0,928731
202300038245;8;4;2023;16:23;1;74;74281;2;3;1;3;GENEVE (AVE DE) JUSQUE CROISEE ANTHY;46,35458;6,44525
202300038246;2;9;2023;22:00;5;74;74231;1;3;1;3;D38;45,934416;5,952466
202300038247;8;4;2023;17:50;1;74;74012;2;3;1;1;GIFFRE (AVENUE DU);46,19747;6,23848
202300038248;3;9;2023;16:43;1;59;59641;1;1;1;7;D403;50,961853;2,498671
202300038249;3;9;2023;13:38;1;68;68315;1;1;1;7;D431;47,859822;7,134891
202300038250;9;4;2023;18:55;1;72;72181;2;1;1;7;ANTARES (AV);47,95515;0,22603
202300038251;3;9;2023;15:33;1;48;48002;1;1;1;6;AUTOROUTE A75 - PK 119+270 - SENS NORD / SUD - DIRECTION MILLAU (12);44,851092;3,256293
202300038252;8;4;2023;17:30;1;71;71270;2;1;1;6;LATTRE DE TASSIGNY (QUAI  MARECHAL DE);46,31663;4,83904
202300038253;8;4;2023;09:13;1;70;70550;2;1;1;1;MOREL (RUE PAUL);47,6199;6,15477
202300038254;4;9;2023;10:05;1;36;36150;1;2;1;3;N/A;46,444193;1,481245
202300038255;4;9;2023;11:10;1;41;41171;1;1;1;7;RD 917;47,800998;1,23534
202300038256;9;4;2023;22:30;5;69;69029;2;2;1;3;Avenue François Mitterrand;45,73892;4,92596
202300038257;3;9;2023;16:30;1;30;30338;1;1;1;7;N/A;44,136885;4,355822
202300038258;9;4;2023;21:45;5;64;64102;2;7;1;2;REDUIT (PLACE DU);43,49255;-1,4736
202300038259;3;9;2023;19:10;2;62;62216;1;1;1;7;D8;50,20963925;2,583119
202300038260;5;9;2023;14:40;1;40;40246;1;1;1;1;D384;44,134975;-0,712996
202300038261;9;4;2023;18:20;1;64;64024;2;9;1;1;COLLINE (IMPASSE DE LA);43,51171544;-1,52746654
202300038262;3;9;2023;09:00;1;51;51139;1;1;1;7;D982;49,103156;4,865055
202300038263;5;9;2023;07:00;2;51;51171;1;1;1;2;D944;49,392241;3,905801
202300038264;8;4;2023;14:00;1;62;62617;2;3;1;3;Rue Béharelle;50,46604;2,66592
202300038265;9;4;2023;23:15;3;62;62479;1;1;1;7;D181E5;50,52590357;2,58749735
202300038266;3;9;2023;14:00;1;19;19093;1;1;1;3;Route Du Pont De Coudert;45,086793;1,538966
202300038267;4;9;2023;15:38;1;56;56159;1;2;1;6;La Villa des Pins;47,767163;-2,378905
202300038268;4;4;2023;16:45;1;59;59328;2;9;1;3;Avenue du Maréchal Foch;50,648043;3,027354
202300038269;2;9;2023;12:00;1;56;56089;1;1;1;1;Le Clandy;47,966192;-3,273636
202300038270;8;4;2023;15:45;1;59;59220;1;1;1;3;EGALITE RUE DE L;50,584497;3,084828
202300038271;4;9;2023;11:00;1;31;31150;2;1;1;7;Route d'Aussonne;43,659963;1,324655
202300038272;9;4;2023;04:17;5;59;59122;2;6;5;6;PARIS (ROUTE DE);50,1495;3,220204
202300038273;5;9;2023;14:40;1;80;80639;2;3;1;3;12 Route Nationale;49,948265;2,309854
202300038274;9;4;2023;22:05;5;57;57660;2;4;1;3;NATIONALE(RUE)R.SCHOENECK A LIMITE CIRCO;49,20939;6,93413
202300038275;9;4;2023;14:28;1;51;51454;2;1;1;7;rue Jeanne Jugan;49,22584;4,02381
202300038276;4;9;2023;17:15;1;80;80639;2;1;1;3;Chemin de Vaux;49,950753;2,307447
202300038277;8;4;2023;17:45;1;51;51454;2;1;1;2;rue d'Estienne d'Orves;49,23774;4,03
202300038278;4;9;2023;14:15;1;65;65450;1;1;1;7;D929;42,798849;0,285602
202300038279;4;9;2023;16:45;1;65;65258;1;1;1;6;D939;43,150519;0,394306
202300038280;30;8;2023;10:30;1;81;81182;1;1;1;6;Route des Mines;43,740003;2,315658
202300038281;8;4;2023;13:55;1;50;50129;2;4;1;2;SALINE (RUE DE LA);49,65616;-1,65333
202300038282;8;4;2023;12:50;1;50;50129;2;1;1;3;CORNAT (RUE HENRI);49,61711;-1,59749
202300038283;9;4;2023;00:55;5;45;45285;2;1;1;3;Avenue Pierre Mendès France;47,90592;1,86934
202300038284;1;9;2023;19:55;2;71;71484;1;3;1;3;D13;46,70087;5,262365
202300038285;8;4;2023;17:00;1;43;43002;2;6;1;6;Giratoire des moulins;45,05074;3,88242
202300038286;3;9;2023;12:30;1;71;71346;2;1;1;5;Chaussée de l'Etang;46,613373;4,219383
202300038287;9;4;2023;15:45;1;37;37261;2;1;1;6;TONNELLE (BOULEVARD);47,38701;0,66738
202300038288;9;4;2023;11:05;1;34;34301;2;3;1;1;934 Boulevard de Verdun;43,411913;3,681189
202300038289;3;9;2023;13:45;1;71;71535;1;2;1;3;Route de Château Chinon;47,004182;4,205969
202300038290;8;4;2023;19:45;1;33;33529;1;9;1;3;rue Pierre et Marie CURIE;44,61249;-1,11552
202300038291;4;9;2023;20:00;2;61;61405;1;1;1;6;D286;48,283549;0,725258
202300038292;9;4;2023;19:10;1;26;26064;2;3;1;6;Chemin de Peyrus;44,926161;4,941093
202300038293;9;4;2023;14:29;1;17;17300;2;1;1;6;GUITON   AVENUE JEAN (343-371);46,16047;-1,19166
202300038294;10;12;2023;15:10;1;94;94073;1;1;2;6;Rue des Alouettes;48,75477;2,38486
202300038295;9;4;2023;05:53;3;17;17300;1;1;1;7;09 PK RN237 MOULIN JUSTICE RE;46,17212;-1,18833
202300038296;3;9;2023;03:00;3;49;49002;1;3;1;7;Route de Saumur;47,300453;-0,007065
202300038297;11;12;2023;09:15;2;94;94075;2;1;8;3;Rue de Valenton;48,731096;2,513784
202300038298;4;9;2023;14:45;1;49;49228;1;1;1;6;Route départementale 86;47,468797;0,163153
202300038299;10;4;2023;00:15;5;13;13215;2;1;1;2;ALBIN MEYLAN (RUE);43,36415;5,34124
202300038300;11;12;2023;13:23;1;93;93078;2;6;1;2;Avenue Georges Clémenceau / Boulevard Robert Ballanger;48,96082;2,55631
202300038301;11;12;2023;09:10;1;93;93066;2;3;2;1;Rue du Fort de la Briche /Chemin du Fort de la Briche;48,944391;2,3422
202300038302;9;4;2023;15:30;1;13;13212;2;2;1;3;CAILLOLS (AVENUE DES);43,30385;5,42574
202300038303;5;9;2023;13:30;1;46;46271;1;1;1;1;D673;44,86632969;1,86071947
202300038304;9;4;2023;03:55;5;13;13213;2;1;1;6;MAURELLE (RUE DE LA);43,323;5,44
202300038305;11;12;2023;12:20;1;93;93051;2;6;1;3;Boulevard du Mont d'Est / Route de Villiers;48,8433972;2,54818732
202300038306;3;9;2023;21:00;3;86;86180;1;1;1;7;Lieu dit Availles;46,4959;0,437216
202300038307;8;4;2023;21:30;5;13;13002;2;1;1;2;GENERAL LECLERC (AVENUE DU);43,34523;5,48706
202300038308;28;8;2023;12:15;1;34;34332;1;1;1;2;route departementale 612;43,312064;3,39529
202300038309;10;12;2023;16:45;3;93;93046;1;1;2;1;Route Strategique;48,92150284;2,55914927
202300038310;9;4;2023;17:30;1;13;13005;2;1;1;3;CHARREL (ZAC DU);43,287;5,54659
202300038311;10;12;2023;20:20;5;92;92036;2;3;2;1;HENRI VUILLEMIN (RUE);48,91936043;2,312745
202300038312;3;9;2023;14:45;1;68;68055;1;1;7;1;PK21 + 5;47,710209;7,356259
202300038313;9;4;2023;13:03;1;10;10387;2;1;1;3;LOMBARDS (AVENUE);48,27776;4,06769
202300038314;11;12;2023;16:45;2;92;92026;2;1;1;6;COLOMBES;48,90439266;2,25593716
202300038315;9;4;2023;07:50;1;7;7316;1;1;1;6;PONT DES LONES;44,91489;4,86314
202300038316;9;4;2023;17:25;1;75;75116;2;1;1;2;PORTE D AUTEUIL;48,842328;2,254192
202300038317;10;12;2023;23:20;5;92;92025;2;8;1;3;CHARLES DE GAULLE (BD);48,91459182;2,22899258
202300038318;3;9;2023;21:45;3;29;29146;1;1;1;4;D70;47,9466261;-3,8487802
202300038319;11;12;2023;18:20;5;92;92007;2;1;1;3;VAILLANT-COUTURIER (AVENU PAUL);48,79253215;2,31556356
202300038320;7;4;2023;21:45;5;75;75119;2;1;1;4;PORTE DES LILAS;48,882809;2,400819
202300038321;11;12;2023;13:10;1;92;92004;2;1;1;3;REDOUTE ( AVENUE DE LA  );48,9289;2,27947
202300038322;2;9;2023;16:30;1;29;29175;1;1;1;5;D36;48,22208063;-3,81779868
202300038323;11;12;2023;16:00;1;92;92002;2;3;1;3;ARISTIDE BRIAND (AVENUE);48,76238504;2,30856255
202300038324;9;4;2023;11:10;1;75;75119;2;1;1;3;AVENUE DE LA PORTE DE LA VILLETTE;48,898951;2,386599
202300038325;2;9;2023;18:28;1;29;29035;1;3;1;7;D26;48,50462946;-4,5460472
202300038326;11;12;2023;17:00;2;60;60254;1;2;1;3;D26;49,452749;2,684913
202300038327;9;4;2023;07:35;1;75;75119;2;4;1;1;QUAI DE LA MARNE;48,889652;2,38261
202300038328;25;11;2023;23:15;4;86;86290;2;1;1;2;20 Rue Nationale;46,456642;0,367186
202300038329;2;9;2023;22:30;4;29;29215;2;1;1;6;Rue d’Audierne;47,988417;-4,42917
202300038330;9;4;2023;19:30;1;75;75118;2;2;1;3;RUE EUGENE SUE;48,89126;2,347349
202300038331;9;12;2023;20:50;3;30;30060;1;1;1;7;Chemin de Bellecoste;43,791303;4,393394
202300038332;3;9;2023;08:40;2;31;31416;1;1;1;7;D37;43,336182;1,198068
202300038333;9;12;2023;09:00;1;62;62080;2;1;3;6;Rue de Peronne;50,102693;2,849852
202300038334;9;4;2023;16:35;1;75;75116;2;1;1;3;RUE CHARDON LAGACHE;48,844041;2,265746
202300038335;11;12;2023;15:37;1;56;56066;1;1;2;2;prad ar wern;48,131275;-3,575948