Num_Acc;jour;mois;an;hrmn;lum;dep;com;agg;int;atm;col;adr;lat;long
202300038336;12;12;2023;08:40;3;56;56140;1;1;2;6;Le Guernevin;47,96269;-2,826748
202300038337;9;4;2023;01:25;5;75;75112;2;2;1;1;AVENUE DE NOGENT;48,839003;2,460284
202300038338;3;9;2023;18:20;1;31;31584;1;3;1;3;Chemin de Pellaussy;43,866001;1,446016
202300038339;11;12;2023;16:00;1;2A;2A040;1;1;5;6;Route territoriale 20;42,102545;9,103374
202300038340;9;4;2023;14:05;1;94;94016;2;1;1;3;Avenue Carnot;48,79742;2,32974
202300038341;8;12;2023;17:54;5;47;47203;1;1;5;1;D661;44,384043;0,81734
202300038342;10;12;2023;13:20;1;39;39582;1;1;7;7;N/A;46,740999;5,599253
202300038343;9;4;2023;18:10;1;94;94041;2;2;1;2;Avenue Henri Barbusse;48,80961;2,37838
202300038344;4;9;2023;17:35;1;38;38284;1;2;1;5;D518;45,410581;5,234535
202300038345;10;12;2023;17:30;3;39;39574;1;1;2;3;N/A;46,738162;5,478863
202300038346;9;4;2023;18:00;1;94;94004;2;1;1;6;Rue du 8 Mai 1945;48,75908;2,50302
202300038347;4;9;2023;09:48;1;2;2067;2;1;1;7;35 Rue du Général de Gaulle;50,029937;3,716286
202300038348;12;12;2023;08:00;5;35;35069;2;3;8;6;37 Rue Dorel;48,04668;-1,508608
202300038349;9;4;2023;15:15;1;93;93051;2;3;1;3;Rue du Centre / Boulevard du Mont d'Est;48,83868;2,54318
202300038350;12;12;2023;09:18;1;2;2506;1;1;2;6;D2;49,282917;3,174641
202300038351;21;8;2023;10:55;1;84;84133;2;1;1;3;rue marcel Pagnol;43,719439;5,539148
202300038352;12;12;2023;07:55;2;3;3279;1;1;8;7;D993;46,253922;2,517216
202300038353;8;4;2023;22:50;5;93;93005;2;2;1;3;Rue de Toulouse / Rue Séverine;48,92591295;2,48473728
202300038354;4;9;2023;15:45;1;15;15185;1;1;7;6;D3;45,326625;2,601013
202300038355;12;12;2023;20:30;3;15;15122;2;3;2;3;RN 122;44,713074;2,199733
202300038356;9;4;2023;14:07;1;75;75114;2;3;1;6;GAMBETTA (RUE);48,82359314;2,3083654
202300038357;3;9;2023;19:16;2;15;15267;1;1;1;1;rue pierre et marie curie;44,894731;2,391179
202300038358;10;12;2023;19:20;3;85;85146;1;1;2;6;A83;46,962126;-1,357927
202300038359;9;4;2023;17:30;1;92;92050;2;1;1;3;CLEMENCEAU GEORGES AVENUE N° PAIR;48,88626849;2,21189708
202300038360;11;12;2023;15:25;1;72;72173;1;1;2;6;D305;47,69259;0,39864
202300038361;4;9;2023;10:55;1;1;1274;2;3;1;2;Route de Geneve;46,142537;5,634621
202300038362;9;4;2023;16:10;1;92;92025;2;1;1;2;PONT DE BEZONS;48,92046221;2,22076714
202300038363;6;12;2023;19:00;3;64;64558;1;1;2;1;route de St pierre d'Irube;43,460769;-1,454937
202300038364;5;9;2023;16:00;1;1;1057;1;2;7;6;route de pont de vaux;46,401394;4,920298
202300038365;9;4;2023;13:15;1;92;92002;2;1;1;7;RAYMON ARON (AVENUE);48,76438763;2,30923623
202300038366;9;4;2023;17:57;1;71;71166;1;1;1;6;985;46,753564;4,035716
202300038367;11;12;2023;18:45;3;73;73058;1;1;2;1;D921e;45,527522;5,731815
202300038368;4;9;2023;17:00;1;72;72346;1;1;1;7;31 Route de Roeze;47,89057;0,04177
202300038369;11;12;2023;19:00;5;10;10323;2;2;1;3;Avenue du Val Thibault;48,519646;3,714921
202300038370;8;4;2023;14:05;1;49;49381;2;1;1;3;les mazeries;47,020145;-0,704713
202300038371;4;9;2023;23:00;3;14;14478;1;1;1;6;377 Route de Vimoutiers;49,01120722;0,40401348
202300038372;11;12;2023;17:50;3;53;53147;2;1;2;6;Impasse de la Petite Croix;48,302384;-0,624627
202300038373;11;12;2023;20:35;3;30;30346;1;1;1;7;137 Chemin des Terraillers;43,967751;4,505918
202300038374;8;4;2023;13:45;1;83;83033;1;1;1;1;route departementale 97;43,3003329;6,20060266
202300038375;12;12;2023;06:09;3;24;24225;2;8;1;3;d936;44,842596;0,378642
202300038376;3;9;2023;17:40;2;50;50463;2;2;7;5;RD 13;48,940149;-1,329142
202300038377;10;4;2023;06:50;2;41;41278;1;1;1;1;La foucherie;47,657208;0,958879
202300038378;11;12;2023;17:00;2;1;1031;1;1;3;5;A404, PK 014+200;46,237776;5,618294
202300038379;4;9;2023;19:25;1;50;50118;1;1;1;6;Route de l?Hebarbe;48,845295;-1,303468
202300038380;11;12;2023;04:55;3;95;95678;1;1;2;6;N184;49,0734442;2,24219799
202300038381;9;4;2023;15:45;1;34;34217;2;9;1;3;808 Route de Mende;43,703215;3,866592
202300038382;9;4;2023;13:30;1;57;57162;2;1;1;7;Rue des Vignottes;49,04232;6,157472
202300038383;11;12;2023;12:00;1;13;13038;2;1;1;2;Avenue des Moulins;43,725026;4,709305
202300038384;2;9;2023;16:45;1;83;83007;2;3;1;3;RD22;43,620314;6,221341
202300038385;12;12;2023;10:35;1;11;11262;1;3;1;3;N/A;43,173922;3,028654
202300038386;7;4;2023;16:16;1;56;56231;1;1;1;7;N/A;47,683457;-2,648695
202300038387;2;9;2023;21:30;3;60;60536;1;1;1;7;D123;49,310001;2,695255
202300038388;9;4;2023;18:40;1;65;65025;1;1;1;1;Soum d'Ourout – Route d’Aubisque;42,999394;-0,108769
202300038389;11;12;2023;18:10;3;34;34202;1;1;9;3;Départementale 5;43,575199;3,747067
202300038390;10;4;2023;00:20;3;65;65261;1;1;1;7;2 route d'Auch;43,238462;0,493648
202300038391;3;9;2023;18:05;1;64;64320;1;2;1;4;D934;43,000661;-0,420361
202300038392;9;12;2023;19:00;4;987;98747;1;1;3;1;PK 1+800  - RT4;-17,756;-148,736
202300038393;10;4;2023;16:00;1;55;55035;1;1;1;1;D152;48,69488867;5,17035642
202300038394;10;12;2023;08:00;1;988;98822;1;1;1;6;Galilée (Tribu);-20,92701;165,27838
202300038395;10;4;2023;06:00;3;47;47289;1;1;1;6;D215;44,245718;0,806583
202300038396;8;4;2023;23:15;5;68;68042;2;1;1;7;Rue du 19 Novembre;47,604919;7,499481
202300038397;11;12;2023;08:25;1;973;97305;1;3;1;3;RN1 croisement CD5;5,004549;-52,462184
202300038398;4;9;2023;07:45;1;73;73247;1;3;1;3;D1006;45,541375;6,136336
202300038399;8;12;2023;15:54;1;971;97124;1;1;1;6;Route de Morin;16,005329;-61,699315
202300038400;7;4;2023;12:45;1;39;39470;1;1;4;1;N/A;46,502886;6,029847
202300038401;9;12;2023;04:55;3;972;97224;1;1;9;1;N4;14,672749;-61,018807
202300038402;3;9;2023;14:55;1;18;18028;2;6;1;1;2 Rue du Stade;47,110984;2,290177
202300038403;8;4;2023;10:45;1;25;25532;1;1;1;1;RD67, PK 031.200;47,20087;6,106349
202300038404;9;4;2023;03:32;3;29;29187;1;3;1;6;Pont Amis;48,561187;-4,128526
202300038405;12;12;2023;07:20;3;45;45082;1;1;2;7;D2060 PR 73 + 381;47,897751;2,20724
202300038406;3;9;2023;14:00;1;18;18195;1;1;1;1;N/A;46,853016;2,841961
202300038407;9;4;2023;11:44;1;29;29076;2;2;1;3;Rue du Léon;48,469251;-4,560871
202300038408;10;12;2023;03:50;3;2A;2A247;1;1;1;1;D859;41,566567;9,249051
202300038409;3;9;2023;08:18;1;10;10323;2;6;1;3;Pl des Martyrs de la Liberation;48,519522;3,726339
202300038410;12;12;2023;19:00;3;66;66026;1;1;1;7;N/A;42,561812;2,890091
202300038411;9;4;2023;18:30;1;31;31079;2;2;1;3;Rue Jean Jaurès;43,780417;1,405472
202300038412;4;9;2023;18:25;1;10;10165;1;1;1;1;D43;48,315853;4,306362
202300038413;9;4;2023;18:00;1;26;26321;1;1;1;6;RD 135;44,594012;5,27966
202300038414;3;9;2023;18:30;1;36;36169;1;1;1;6;N/A;46,768322;2,105384
202300038415;2;9;2023;19:40;2;7;7213;1;1;1;1;607 chemin de Lablachère;44,502739;4,144639
202300038416;11;12;2023;17:45;3;54;54463;1;2;1;3;carrefour des quatre vents;48,795617;6,014752
202300038417;9;4;2023;10:50;1;58;58303;2;1;1;6;Rue des Grands Jardins;47,000909;3,134599
202300038418;2;9;2023;04:15;5;7;7346;2;1;1;6;8 Faubourg Les Sautelles;44,485553;4,678116
202300038419;9;4;2023;21:25;3;58;58046;1;1;1;1;Route de Decize;46,853529;3,636732
202300038420;10;12;2023;20:30;3;54;54557;1;4;2;3;D400;48,69202095;6,04331195
202300038421;10;4;2023;11:20;1;14;14371;1;1;1;3;2139 Avenue de Neuville;48,988244;0,161906
202300038422;8;12;2023;20:50;3;42;42326;2;1;2;6;Chemin la Combe;45,368078;4,666293
202300038423;9;4;2023;16:45;1;83;83082;1;1;1;2;D955, n°71;43,60560429;6,47990289
202300038424;10;12;2023;18:15;3;26;26084;1;1;2;1;Route du Péage;45,028702;4,991441
202300038425;1;9;2023;17:30;1;53;53104;2;2;2;3;Rue de la Division Leclerc;47,8541;-0,6077
202300038426;12;12;2023;11:05;1;65;65059;2;1;1;2;Rue du Monné;43,073608;0,145813
202300038427;10;4;2023;12:10;1;73;73105;1;1;1;6;D1006;45,468122;5,736204
202300038428;12;12;2023;08:10;1;64;64067;2;3;1;3;Rue de la Poste;43,251247;-0,298294
202300038429;9;4;2023;12:10;1;43;43037;1;1;1;6;Chemin communal;44,88531;3,785284
202300038430;4;9;2023;14:30;1;21;21393;1;2;1;2;D965;47,901049;4,618844
202300038431;12;12;2023;01:40;4;56;56178;1;1;2;7;Avenue du General Leclerc;48,081466;-2,94741
202300038432;9;4;2023;18:25;1;7;7338;2;3;1;7;D2;44,894219;4,641731
202300038433;11;12;2023;13:45;1;27;27331;1;2;1;3;pk 5 D1;49,13284511;1,54788673
202300038434;10;4;2023;17:30;1;53;53043;1;1;1;3;D32;48,145036;-0,531898
202300038435;3;9;2023;12:40;1;21;21035;1;3;1;2;D996;47,050052;5,097785
202300038436;9;4;2023;16:55;1;27;27558;1;4;1;3;RD124;49,275895;0,740044
202300038437;10;12;2023;21:45;3;62;62654;1;1;8;4;A16;50,90948893;1,78221345
202300038438;9;4;2023;22:20;3;28;28327;1;1;1;6;D13.3;48,195427;0,815434
202300038439;4;9;2023;15:55;1;40;40228;2;1;1;1;Avenue Jean Barbé;43,627615;-0,832429
202300038440;11;12;2023;08:30;1;91;91136;1;1;1;2;AUTOROUTE A10;48,71369;2,27794
202300038441;10;12;2023;23:00;3;91;91471;1;1;1;6;RN 118;48,69792;2,19208
202300038442;9;4;2023;16:15;1;37;37245;2;2;1;6;17 Avenue des Tilleuls 37360;47,49814046;0,57547867
202300038443;3;9;2023;06:30;2;40;40046;2;1;1;7;316 Avenue de Laouadie;44,410231;-1,162817
202300038444;16;3;2023;22:20;5;52;52550;2;2;1;6;Rue du Mal de Lattre de Tassigny;48,497494;4,94293
202300038445;11;12;2023;17:35;3;78;78362;1;1;1;4;A13;48,9783;1,7099
202300038446;9;4;2023;20:00;1;8;8365;2;1;1;7;Rue Jean Jaures;49,840033;4,543307
202300038447;11;12;2023;12:08;1;92;92050;1;1;1;3;A86;48,89347708;2,1888457
202300038448;4;9;2023;19:46;1;4;4188;1;1;1;7;D13;43,898449;5,797251
202300038449;9;4;2023;18:30;1;38;38339;1;1;1;1;Route d'Artas;45,581675;5,16101
202300038450;11;12;2023;17:20;3;95;95018;1;1;1;4;A15;48,95969;2,27195
202300038451;4;9;2023;18:40;1;85;85095;1;2;1;3;D76;46,857917;-1,761957
202300038452;11;12;2023;10:10;1;95;95018;1;1;1;3;A15;48,95201228;2,27957378
202300038453;8;4;2023;21:45;3;988;98815;1;1;1;7;RM11;-21,49358;168,02186
202300038454;11;12;2023;09:30;1;95;95018;1;1;1;6;A15;48,95627;2,27727
202300038455;4;9;2023;21:40;3;85;85131;1;1;1;2;Rue des sables;46,462639;-1,210824
202300038456;11;12;2023;04:05;3;95;95154;1;1;1;6;A1;49,05184373;2,54811147
202300038457;10;4;2023;09:30;1;988;98809;2;2;1;6;Quartier de Kapoume;-22,667398;167,495778
202300038458;4;9;2023;12:15;1;27;27467;2;1;1;3;Rue des Déportés;49,354395;0,518262
202300038459;11;12;2023;01:25;3;93;93039;1;1;1;6;AUTOROUTE A86;48,92747504;2,33356513
202300038460;9;4;2023;06:00;1;971;97129;1;1;1;1;Lieu Dit Viard;16,316803;-61,683989
202300038461;11;12;2023;15:50;1;94;94042;1;1;1;6;A4;48,82728643;2,46925563
202300038462;10;4;2023;05:30;3;37;37171;1;1;1;6;CD 952;47,40446856;0,89502096
202300038463;11;12;2023;09:15;1;94;94017;1;1;1;5;A4;48,82671118;2,52258828
202300038464;4;9;2023;06:45;2;27;27524;2;2;1;1;Rue de l'Eglise;49,112949;0,931875
202300038465;7;7;2023;03:30;3;28;28092;1;1;1;2;A10 - PK 046.300 - Direction Paris;48,359215;1,877654
202300038466;10;4;2023;15:25;1;34;34154;1;1;1;1;D189 PR 6+722;43,606247;3,968012
202300038467;3;9;2023;18:20;2;17;17257;1;1;1;7;D133;45,984334;-0,249225
202300038468;30;9;2023;04:50;5;987;98735;2;3;1;7;FARE UTE;-17,5;-149,5
202300038469;9;4;2023;09:45;2;8;8328;2;1;1;3;42 Rue Chanzy;49,816633;4,74354
202300038470;3;9;2023;22:30;3;23;23047;1;1;1;7;D4;46,156724;1,558465
202300038471;10;12;2023;10:44;1;976;97611;2;1;1;1;passamanty-Vahibé ( route );-12,8025;45,21423
202300038472;4;9;2023;16:20;1;30;30165;1;1;1;6;N/A;44,092141;4,15096
202300038473;10;4;2023;10:30;1;54;54430;2;3;1;6;187 Avenue du Général de Gaulle;48,7799597;6,13088762
202300038474;10;12;2023;14:20;1;974;97411;2;2;2;3;CHATEL (JEAN);-20,88265;55,45136
202300038475;9;4;2023;16:00;1;33;33369;1;1;1;6;N/A;44,81111085;0,21842837
202300038476;11;12;2023;03:25;3;974;97407;2;1;1;6;ROUTE DU SACRE COEUR;-20,95319;55,30738
202300038477;3;9;2023;19:32;2;88;88361;1;1;1;1;pk 67 D420;48,337153;7,105343
202300038478;7;4;2023;18:45;1;33;33402;2;1;1;6;Avenue de la Gare;44,83705;0,221529
202300038479;8;12;2023;17:10;1;69;69388;2;1;1;6;Boulevard des Etats-Unis;45,72967;4,8673
202300038480;4;9;2023;16:00;1;88;88468;2;1;1;7;Rue de la Gare;47,875339;6,762412
202300038481;9;4;2023;06:40;3;44;44204;2;1;1;7;244 Rue des Etangs;47,275091;-1,446789
202300038482;9;12;2023;18:00;1;69;69383;2;3;1;6;Rue Garibaldi;45,75838;4,85249
202300038483;5;9;2023;06:18;2;88;88530;1;1;1;6;D3;48,05974;6,340678
202300038484;10;12;2023;02:07;5;972;97213;1;1;1;2;AUTOROUTE A1;14,61863;-61,02227
202300038485;10;4;2023;14:30;1;2;2544;2;1;1;7;Rue du Grand Loudier;49,936968;4,033562
202300038486;10;12;2023;04:30;5;69;69386;2;1;1;6;Quai de Serbie;45,76897;4,84106
202300038487;3;9;2023;19:00;4;973;97307;1;1;1;1;4240 Route de Stoupan;4,776346;-52,34057
202300038488;10;12;2023;19:10;3;2B;2B033;2;1;1;7;ROUTE ROYALE;42,68148;9,42321
202300038489;9;4;2023;19:25;2;2;2472;1;1;1;3;N/A;49,524707;3,797053
202300038490;10;12;2023;07:10;3;91;91421;1;1;1;6;NATIONALE 6 (CES POMPIDOU);48,6926;2,45003
202300038491;10;4;2023;19:15;1;80;80032;1;1;2;6;D935;49,61543;2,620277
202300038492;10;12;2023;11:20;1;91;91479;2;1;8;6;AV MARCEL OUVRIER;48,709492;2,366017
202300038493;3;9;2023;12:40;1;69;69244;2;1;1;3;243 Avenue Charles de Gaulle;45,752053;4,767721
202300038494;9;12;2023;11:58;1;84;84087;2;4;2;3;MOULIN (RUE JEAN);44,14524;4,81085
202300038495;4;4;2023;14:45;1;13;13216;1;1;8;2;A55-Sens Martigues vers Marseille;43,34528;5,34615
202300038496;8;4;2023;17:55;1;83;83090;1;1;1;3;A50;43,125843;5,880034
202300038497;10;12;2023;15:02;1;84;84035;2;2;1;3;STALINGRAD (AVENUE DE);43,83247;5,03727
202300038498;3;9;2023;17:40;1;89;89037;1;1;1;2;D943;47,973034;3,355207
202300038499;9;12;2023;17:00;2;83;83061;1;1;8;1;RN7;43,52175406;6,89247555
202300038500;4;4;2023;19:00;1;69;69259;1;1;1;5;Route Départementale 383 ;45,71757;4,86163
202300038501;4;9;2023;13:30;1;69;69157;1;1;1;6;Route Nationale 7;45,87204219;4,49635939
202300038502;10;12;2023;05:40;3;76;76545;1;1;2;6;RD 154E;49,90738;1,10288
202300038503;10;12;2023;08:30;1;69;69290;2;6;7;6;16 Rue Claude Farrère;45,68789;4,95223
202300038504;9;4;2023;13:55;1;91;91161;1;1;1;5;AUTOROUTE A6;48,72141;2,31138
202300038505;2;9;2023;07:20;1;11;11144;1;9;1;2;pk 223.100;42,900635;2,992964
202300038506;10;12;2023;14:45;1;67;67482;2;3;1;3;DETTWILLER (RUE DE);48,59539545;7,72610307
202300038507;10;12;2023;14:20;1;67;67482;2;1;1;1;ROTONDE (RUE DE LA);48,59456051;7,72590458
202300038508;4;9;2023;11:57;1;83;83116;1;1;1;6;Autoroute A8 PK 59.260 NORD;43,445089;5,899183
202300038509;9;4;2023;15:15;1;94;94034;1;1;1;4;A86;48,76020129;2,32061692
202300038510;10;12;2023;09:40;1;67;67482;2;3;1;3;FEDERATION (ROUTE DE LA);48,56417;7,74103
202300038511;9;4;2023;14:50;1;94;94038;1;1;1;2;A6B;48,77530463;2,3457025
202300038512;10;12;2023;06:40;3;63;63224;1;1;1;6;RD 2009;45,86110756;3,118498
202300038513;3;9;2023;02:00;3;83;83089;1;1;1;2;A8 PK 051.700;43,472309;5,817132
202300038514;10;12;2023;18:00;5;60;60057;2;1;2;3;Rue d'Amiens;49,44056;2,08932
202300038515;10;12;2023;14:15;1;46;46042;1;1;2;7;DEPARTEMENTALE 911;44,4579;1,48939
202300038516;2;9;2023;02:10;3;84;84081;1;1;1;5;autoroute A7 PK 192;43,939687;4,911747
202300038517;9;4;2023;12:50;1;91;91161;1;1;1;4;AUTOROUTE A6;48,69892;2,31295
202300038518;18;6;2023;15:00;1;987;98725;2;1;1;6;PK 12 Ahonu;-17,50623;-149,474552
202300038519;10;12;2023;17:40;3;46;46042;1;1;2;4;Départementale 811 (entre Cahors et Merc;44,47807;1,42238
202300038520;10;12;2023;07:45;5;45;45234;2;1;1;6;194 Rue du Faubourg Saint-Vincent;47,913898;1,91622
202300038521;3;9;2023;12:45;1;973;97306;1;1;1;1;RN1 PK 198;5,43937323;-53,58787966
202300038522;24;10;2023;08:20;1;42;42305;2;1;2;6;Rue Victor Hugo;45,48011;4,43183
202300038523;2;9;2023;20:00;3;973;97304;1;2;1;2;Route Nationale 1 Sud;5,15498;-52,68778
202300038524;10;12;2023;15:00;1;38;38421;2;3;1;3;AVENUE AMBROISE CROIZAT;45,18506;5,75007
202300038525;3;9;2023;21:00;5;971;97119;1;1;1;3;Roujol;16,358974;-61,455824
202300038526;10;12;2023;14:35;1;38;38185;2;1;1;6;RUE ALFRED DE VIGNY;45,16899;5,7261
202300038527;3;9;2023;14:05;1;971;97118;1;9;1;6;Colin;16,202303;-61,605645
202300038528;10;12;2023;01:45;5;37;37122;2;1;2;6;VERDUN (RUE DE);47,34773;0,66523
202300038529;3;9;2023;11:00;1;971;97115;1;1;1;3;RN 2Bréfort;16,263475;-61,642469
202300038530;10;12;2023;20:30;3;35;35051;1;1;1;6;RN157;48,11549;-1,57265
202300038531;10;12;2023;00:18;5;34;34172;2;1;1;7;BERGAMOTES (AVENUE DES);43,58311;3,85678
202300038532;3;9;2023;19:30;3;971;97114;1;1;1;5;La Rose;16,154986;-61,585343
202300038533;4;9;2023;22:25;5;45;45155;2;1;1;6;D44 PR 1 + 253;47,721044;2,637774
202300038534;10;12;2023;22:48;5;33;33281;2;1;2;1;AVE FRANCOIS MITTERRAND;44,82428;-0,63305
202300038535;3;9;2023;02:00;5;45;45049;2;6;1;6;D948 PR 24 + 500;47,85122132;2,37983027
202300038536;9;12;2023;15:50;1;33;33039;2;1;3;7;Boulevard Jean-Jacques Bosc;44,81342082;-0,55531114
202300038537;5;9;2023;08:25;1;77;77380;1;2;1;3;D38;49,070807;2,918978
202300038538;10;12;2023;18:00;3;29;29051;2;6;2;2;Rond-point du Rouillen;47,99399;-4,06697
202300038539;4;9;2023;14:50;1;77;77244;1;1;1;7;D16;48,269069;2,607236
202300038540;9;12;2023;10:04;1;29;29039;2;9;3;6;Rue de Quimper;47,88831;-3,91834
202300038541;3;9;2023;11:50;1;91;91461;1;6;1;3;D116;48,591586;2,207603
202300038542;9;12;2023;14:10;1;25;25031;2;1;2;3;FOCH (AVENUE DU MARECHAL FERDINAND);47,48864;6,82468
202300038543;4;9;2023;14:15;1;91;91661;2;1;1;3;Avenue de la Plesse;48,702631;2,253635
202300038544;3;9;2023;17:55;1;78;78089;2;3;1;6;Rue Marcel SEMBA - Rue Eugène COUTURIER;49,036978;1,5784
202300038545;9;12;2023;18:00;5;22;22278;2;4;1;3;PARIS (DE);48,50203;-2,73715
202300038546;9;12;2023;22:25;4;22;22113;2;1;1;7;KERMARIA SULARD (ROUTE DE);48,74285;-3,42729
202300038547;2;9;2023;00:00;3;78;78068;1;1;1;6;A13 sens province paris PK 66;49,036004;1,460313
202300038548;10;12;2023;02:26;5;18;18033;2;1;1;6;Boulevard de Juranville;47,081355;2,389378
202300038549;5;9;2023;11:15;1;2B;2B248;1;1;1;4;RT20;42,424146;9,199709
202300038550;10;12;2023;15:39;1;13;13203;2;1;1;3;BATTALA (BOULEVARD);43,31782;5,37876
202300038551;3;9;2023;18:30;1;83;83107;1;1;1;6;Route de Marchandise;43,489634;6,639261
202300038552;10;12;2023;15:20;1;13;13215;2;1;1;1;DE SAINT LOUIS AU ROVE (chemin);43,34827;5,35773
202300038553;3;9;2023;16:00;1;83;83080;1;1;1;7;RD563;43,68097;6,695223
202300038554;10;12;2023;10:40;1;13;13203;2;1;1;1;FRANCOIS SIMON (RUE);43,31262;5,3919
202300038555;5;9;2023;10:00;1;13;13035;2;6;1;3;D17;43,689105;5,020897
202300038556;9;12;2023;10:45;1;13;13075;2;1;1;6;PAUL SIRVENT (AVE);43,3449;5,46157
202300038557;10;12;2023;15:00;1;13;13028;2;1;1;2;BEAU RIVAGE (BOULEVARD);43,18691;5,62267
202300038558;3;9;2023;00:15;3;25;25043;1;3;1;3;route départementale 663;47,481263;6,764832
202300038559;9;12;2023;16:45;1;7;7281;1;1;8;6;C.D.533;44,92958;4,80061
202300038560;4;12;2023;09:40;1;2;2168;2;9;2;6;JULES LEFEBVRE (AVENUE);49,04431;3,40222
202300038561;4;9;2023;14:50;1;71;71557;1;2;7;2;route de digoin;46,456519;4,013722
202300038562;9;12;2023;14:15;1;75;75117;2;1;2;6;BD PERIPHERIQUE INTERIEUR;48,891371;2,300476
202300038563;3;9;2023;10:00;1;71;71339;1;1;1;3;D168;46,374107;4,38037
202300038564;8;12;2023;02:10;5;75;75115;2;5;8;6;BOULEVARD PASTEUR;48,840355;2,314891
202300038565;5;9;2023;07:32;1;10;10006;2;2;1;3;Rue des murs;48,534109;4,142849
202300038566;10;12;2023;11:13;1;75;75105;2;3;1;3;BOULEVARD SAINT MICHEL;48,842496;2,33821
202300038567;10;12;2023;02:50;5;75;75106;2;5;1;3;QUAI DES GRANDS AUGUSTINS;48,853751;2,344301
202300038568;3;9;2023;21:45;5;88;88086;2;3;1;3;Rue du Coq de Bruyères;48,197283;6,731771
202300038569;10;12;2023;05:05;5;75;75118;2;2;1;3;RUE LEON;48,890885;2,353221
202300038570;3;9;2023;17:00;1;54;54057;1;3;1;3;D958;48,85428924;5,79375923
202300038571;10;12;2023;20:00;5;75;75115;2;3;1;3;RUE LOUIS ARMAND;48,832763;2,278722
202300038572;2;9;2023;16:22;1;57;57274;1;1;1;6;D72;49,190655;6,614563
202300038573;10;12;2023;18:00;5;75;75112;2;1;2;6;RUE JOSEPH KESSEL;48,8344;2,383761
202300038574;5;9;2023;11:35;1;1;1249;2;3;1;1;Rue de la Boquette;45,820392;4,944553
202300038575;10;12;2023;05:40;5;75;75112;2;1;1;6;QUAI DE LA RAPEE;48,8451;2,36724
202300038576;5;9;2023;11:53;1;69;69160;1;9;1;3;3312 Route de Beaujeu;46,163028;4,475791
202300038577;10;12;2023;17:07;5;75;75112;2;4;2;6;AVENUE DE GRAVELLE;48,818678;2,446058
202300038578;3;9;2023;15:30;1;69;69140;1;2;1;3;Route de Marcy;45,90219;4,676523
202300038579;10;12;2023;13:15;1;75;75109;2;7;2;3;BOULEVARD HAUSSMANN;48,873223;2,331137
202300038580;31;8;2023;19:45;1;69;69207;2;1;1;3;Avenue Jacques Brel;45,886939;4,808144
202300038581;10;12;2023;20:00;5;75;75108;2;2;2;6;AVENUE MONTAIGNE;48,868554;2,309294
202300038582;10;12;2023;14:20;1;75;75107;2;1;2;7;BOULEVARD DE LA TOUR MAUBOURG;48,854534;2,309606
202300038583;3;9;2023;20:15;2;17;17102;1;1;1;7;Avenue de Saintonge;45,691268;-0,671834
202300038584;10;12;2023;18:04;5;75;75103;2;2;3;6;RUE DE TURBIGO;48,864426;2,351526
202300038585;3;9;2023;15:15;1;17;17064;1;1;1;1;RD14;45,710345;-1,064816
202300038586;2;9;2023;21:00;1;85;85019;1;1;1;6;RD 6;46,7958;-1,410142
202300038587;10;12;2023;10:55;1;75;75104;2;3;1;3;QUAI DES CELESTINS;48,852355;2,360508
202300038588;1;9;2023;19:40;1;85;85019;1;1;2;1;RD 6;46,797321;-1,4013765
202300038589;9;12;2023;10:30;1;94;94058;2;1;2;6;Avenue Pierre Brossolette;48,834336;2,513948
202300038590;3;9;2023;17:15;1;44;44052;1;1;1;5;8 Les Grandes Landes;47,347601;-2,099558
202300038591;10;12;2023;17:19;5;94;94019;2;1;3;6;Rue Aristide Briand;48,79465;2,53341
202300038592;1;9;2023;23:35;5;56;56152;2;3;1;3;Quai Gambetta;47,347398;-3,159889
202300038593;5;9;2023;12:20;1;60;60239;2;1;1;6;447 grande rue;49,243813;1,969565
202300038594;10;12;2023;05:30;5;93;93066;2;9;2;3;Boulevard Anatole France;48,922523;2,347295
202300038595;3;9;2023;18:00;1;60;60088;1;1;1;6;Rue de Bornel;49,20722052;2,22656929
202300038596;4;9;2023;14:20;1;62;62014;2;3;1;3;D194;50,640433;2,406568
202300038597;9;12;2023;22:00;5;93;93046;2;3;1;6;Avenue Aristide Briand / Rue Henri Dunant;48,91535;2,52915
202300038598;5;9;2023;07:55;1;59;59036;2;1;1;6;49 Avenue du Pont Rouge;50,123398;3,925456
202300038599;10;12;2023;13:55;1;93;93079;2;3;2;3;Avenue Jean Jaurès /  Rue Edouard Vaillant;48,96419;2,34734
202300038600;2;9;2023;15:50;1;59;59505;2;4;1;3;1 Place du Parquiau;50,365955;3,647139
202300038601;10;12;2023;11:50;1;92;92062;2;1;1;3;GENERAL DE GAULLE (AV) DU 44 AU 106;48,88807343;2,23421931
202300038602;3;9;2023;15:00;1;33;33249;1;1;1;2;AUTOROUTE A 10;44,88809;-0,50534
202300038603;2;9;2023;21:50;5;33;33550;1;1;2;6;ROCADE A 630;44,78294178;-0,54284424
202300038604;10;12;2023;00:32;5;92;92026;2;9;1;3;MARECHAL JOFFRE (QUAI DU);48,90043237;2,27471709