Num_Acc;jour;mois;an;hrmn;lum;dep;com;agg;int;atm;col;adr;lat;long
202300038605;4;9;2023;18:14;1;91;91136;1;1;1;2;RD188 PROVINCE / A10 PARIS;48,71589;2,2667
202300038606;9;12;2023;09:50;1;73;73085;2;6;1;6;D991 - 270 Route d'aix;45,819338;5,848042
202300038607;4;9;2023;10:30;1;91;91521;1;1;1;4;RN 104;48,62847;2,41281
202300038608;9;12;2023;17:25;1;33;33169;1;3;2;3;D12;44,571714;-0,043012
202300038609;4;9;2023;09:31;1;94;94037;1;1;1;2;A6A;48,81567897;2,33682579
202300038610;4;9;2023;07:10;1;94;94021;1;1;1;3;A6A;48,77124963;2,34563824
202300038611;10;12;2023;20:29;3;6;6044;2;1;1;6;925 Route du Pont de Pierre;43,682651;7,089888
202300038612;4;9;2023;05:00;3;94;94018;1;1;1;2;A4;48,81739194;2,41475247
202300038613;11;12;2023;18:15;3;36;36013;1;4;2;3;N/A;47,07070398;1,59245834
202300038614;2;9;2023;00:25;3;77;77438;1;1;1;7;A104;48,85463125;2,6634471
202300038615;9;12;2023;20:30;3;57;57011;1;1;2;6;ROUTE DEPARTEMENTALE 39;48,92227;6,881256
202300038616;24;2;2023;20:00;5;93;93050;2;2;1;2;Avenue Jean Jaures;48,86092646;2,540683
202300038617;10;12;2023;13:45;1;974;97412;1;1;1;6;223 Rue Claude Marion;-21,341263;55,675916
202300038618;2;9;2023;14:30;1;974;97416;1;1;1;6;SALETTE (CHEMIN DE LA);-21,30434;55,49356
202300038619;11;12;2023;18:00;5;86;86070;2;1;2;6;Avenue Aristide Briand;46,569249;0,639608
202300038620;31;8;2023;20:15;1;60;60414;1;1;2;3;RD 201_SORTIE RD 200;49,25617016;2,45102638
202300038621;9;12;2023;06:15;3;29;29245;1;1;2;7;ZAE Penhoat;48,46857876;-4,33518257
202300038622;20;1;2023;15:25;1;14;14453;1;1;1;2;Route d'Etréham;49,304556;-0,799062
202300038623;10;12;2023;10:55;1;38;38105;1;1;2;3;Route de Bonpertuis;45,406273;5,55464
202300038624;3;9;2023;16:35;1;976;97611;2;1;1;6;vahibe-Departementale 3 ( route );-12,78612;45,17435
202300038625;11;12;2023;07:25;2;30;30338;1;1;1;1;D6;44,131541;4,373192
202300038626;10;12;2023;06:05;3;22;22180;1;1;1;6;D19;48,444049;-2,228272
202300038627;2;9;2023;15:45;1;974;97416;1;1;1;4;RN1 (ROUTE NATIONALE);-21,31584;55,44176
202300038628;8;12;2023;11:00;1;22;22240;1;1;7;7;Rue de Saint Meen le Grand D19;48,248455;-2,230611
202300038629;3;9;2023;10:20;1;973;97302;2;1;1;2;MONTABO (ROUTE DE) 2;4,94224;-52,3049
202300038630;10;12;2023;19:00;3;62;62825;1;1;2;2;D956;50,293647;3,047295
202300038631;2;9;2023;23:10;5;973;97302;2;2;1;1;MANDELA  (BOULEVARD);4,94005;-52,32672
202300038632;10;12;2023;18:07;3;30;30047;2;2;1;1;Mas de Beaud;43,796244;4,442436
202300038633;2;9;2023;19:22;5;971;97101;2;3;1;3;CHAUVEL;16,2395;-61,51984
202300038634;10;12;2023;18:25;3;51;51655;1;1;3;1;D12;48,909611;4,086313
202300038635;1;9;2023;09:35;1;971;97105;2;1;1;2;GOUVERNEUR DU LYON (AVE);16,00141686;-61,73705399
202300038636;3;9;2023;16:35;1;95;95280;2;2;1;3;VICTOR BASCH (RUE);49,03105388;2,47515857
202300038637;9;12;2023;12:15;1;56;56185;1;1;3;4;N/A;47,779556;-3,421565
202300038638;4;9;2023;01:20;5;81;81163;2;2;1;3;BARBEY (EDOUARD);43,4902846;2,375273
202300038639;3;9;2023;19:30;1;74;74118;1;1;1;7;SALEVE (ROUTE DU);46,175;6,224
202300038640;7;12;2023;18:55;3;80;80341;1;1;1;1;D121;49,921402;2,125919
202300038641;11;12;2023;07:03;5;82;82013;2;7;8;6;12 Place Gambetta;43,883043;0,988775
202300038642;3;9;2023;19:15;1;69;69199;2;3;1;1;Rue Marcel Sembat;45,71161;4,84443
202300038643;11;12;2023;13:30;1;82;82190;2;2;8;3;09 avenue CARNOT;43,853055;1,237142
202300038644;3;9;2023;19:10;1;64;64237;1;1;1;6;CHEMIN DES PINDATS;43,22729;-0,3545
202300038645;10;12;2023;19:25;3;82;82144;1;1;1;6;Route de Lafrançaise;44,168299;1,327082
202300038646;11;12;2023;12:10;1;11;11359;1;1;1;6;N/A;43,332998;1,751901
202300038647;2;9;2023;01:30;3;63;63224;2;1;1;5;RD 2009- contournement Riom;45,87516;3,12115
202300038648;10;12;2023;14:15;1;71;71380;1;1;1;6;Route de Bletterans;46,700274;5,37991
202300038649;2;9;2023;17:40;1;63;63113;2;6;1;3;BLERIOT (AVENUE LOUIS);45,78825;3,13951
202300038650;8;12;2023;17:30;5;61;61483;2;1;8;6;Voie Communale;48,55058;-0,424112
202300038651;3;9;2023;05:35;4;62;62350;1;1;1;1;D943;50,513716;2,620506
202300038652;10;12;2023;05:20;3;49;49002;1;1;1;1;D155;47,339206;0,038018
202300038653;11;12;2023;12:42;1;46;46165;1;1;3;6;D807;44,800512;1,7697
202300038654;2;9;2023;16:05;1;59;59512;2;2;1;5;ARTS  (RUE DES);50,68752;3,16673
202300038655;11;12;2023;19:15;3;68;68078;1;1;1;1;Route Départementale 83;48,047544;7,321948
202300038656;10;12;2023;22:50;3;25;25356;1;1;3;7;D437a;47,244105;6,822767
202300038657;3;9;2023;11:20;1;54;54339;1;2;1;3;Rue Sadi Carnot;48,70901464;6,18466437
202300038658;3;9;2023;13:00;1;45;45004;2;1;1;6;D973 PR 1 + 494;48,00087;2,76546
202300038659;10;12;2023;05:30;2;25;25227;1;1;8;6;D50;47,138658;6,318132
202300038660;3;9;2023;01:35;3;42;42223;1;1;1;6;M201;45,44282;4,34217
202300038661;10;12;2023;17:50;3;29;29162;1;1;2;6;penn ar c'hrann;48,23598996;-3,96542489
202300038662;4;9;2023;00:20;5;38;38185;2;1;2;6;GENERAL FERRIE (RUE);45,17925;5,72379
202300038663;8;12;2023;17:00;2;29;29081;1;1;8;6;Route de Berrien;48,3707309;-3,74737278
202300038664;10;12;2023;16:05;1;3;3225;1;1;2;6;D943;46,525726;2,438182
202300038665;3;9;2023;15:20;1;37;37261;2;1;1;6;BAUGE (RUE MICHEL);47,38164;0,66981
202300038666;10;12;2023;09:30;1;15;15235;1;1;9;6;D921;44,991512;3,021197
202300038667;3;9;2023;18:10;1;35;35238;2;1;1;6;SAINT-MELAINE;48,11497;-1,67893
202300038668;3;9;2023;07:30;2;33;33009;2;2;8;3;PLAGE (BD DE LA) DU 196 ET +;44,66262;-1,17414
202300038669;10;12;2023;18:00;3;1;1329;1;1;2;5;D1504;45,8286136;5,59536695
202300038670;3;9;2023;13:05;1;28;28134;2;1;1;3;LECLERC (AVENUE DU GENERAL);48,74294;1,38918
202300038671;7;12;2023;12:00;1;5;5011;1;1;1;1;carrefour RD942 CD11;44,550094;6,201879
202300038672;3;12;2023;21:30;3;85;85172;1;1;2;7;D205;46,82426;-1,9263148
202300038673;3;9;2023;11:48;1;27;27681;2;3;1;3;ANDRE (RUE GEORGES);49,07727;1,49228
202300038674;2;9;2023;11:45;1;21;21054;2;6;1;3;DIJON (ROUTE DE);47,03951;4,84799
202300038675;9;12;2023;18:30;3;37;37249;1;2;2;3;D959;47,507454;0,450718
202300038676;3;9;2023;15:12;1;17;17333;2;3;1;3;SUZAC (AVENUE DE);45,58457;-0,9855
202300038677;10;12;2023;15:30;1;30;30062;1;1;1;7;DFCI C7;43,802509;4,156415
202300038678;3;9;2023;05:00;5;13;13211;2;1;1;6;CARTONNERIE (BOULEVARD DE LA );43,29161268;5,46071662
202300038679;11;12;2023;18:57;5;95;95394;2;9;1;3;PONTOISE (ROUTE DE);49,06003228;2,16815293
202300038680;3;9;2023;00:25;5;13;13210;2;1;1;1;JEAN MOULIN (BOULEVARD);43,28468874;5,39865788
202300038681;11;12;2023;08:30;1;6;6088;1;1;1;3;A8, BRETELLE DE SORTIE 51 PK 184+000 SENS CANNES-NICE;43,67363;7,199304
202300038682;2;9;2023;08:55;1;13;13004;2;1;1;6;AV DES ALYSCAMPS;43,67457;4,6322
202300038683;2;9;2023;23:50;4;7;7070;2;1;1;6;COLONNEL ROUSSET (AVENUE DU);44,95902;4,84751
202300038684;11;12;2023;18:25;3;2;2809;1;1;1;2;N/A;49,152703;3,716179
202300038685;2;9;2023;14:15;1;7;7281;1;1;1;6;C.D. 533 (VERS LE PUY);44,93526;4,82633
202300038686;8;12;2023;07:15;2;38;38173;1;1;4;6;Puy le Bas;45,047527;6,115319
202300038687;11;12;2023;10:15;1;975;97502;2;2;5;1;Rue de Paris;46,782273;-56,171093
202300038688;2;9;2023;20:10;2;6;6069;2;9;1;3;MISTRAL (AVENUE ET PLACE FREDERIC);43,64909;6,91924
202300038689;10;12;2023;16:30;1;988;98823;1;3;1;1;Göyéta (Tribu) - RM 6/RM 19;-21,09429;165,353615
202300038690;3;9;2023;20:55;5;6;6004;1;6;1;2;RD6098;43,6112;7,126652
202300038691;10;12;2023;11:45;1;988;98817;1;1;1;1;RP1 - Route de la Fontaine du Mont-Dore;-22,259227;166,617703
202300038692;8;12;2023;18:45;5;77;77448;1;1;2;1;D603;48,944267;3,114478
202300038693;2;9;2023;21:50;5;5;5061;2;1;1;2;MARECHAL FOCH ( AVENUE DU );44,56194129;6,08433956
202300038694;10;12;2023;11:10;1;95;95348;1;1;8;1;VICINAL 4 (CHEMIN);49,06260528;1,91619158
202300038695;11;12;2023;08:30;1;2A;2A041;1;3;1;3;D258;41,391427;9,19369
202300038696;2;9;2023;09:35;1;1;1053;2;3;1;3;JUIN (AVENUE MARECHAL COTE PAIR);46,19104;5,24194
202300038697;11;12;2023;08:45;1;34;34009;1;1;1;7;D 125;43,463456;3,34391
202300038698;10;12;2023;11:30;1;6;6092;1;1;1;5;Boulevard de la Vallée;43,765845;7,35753
202300038699;10;12;2023;21:30;5;13;13027;2;2;8;3;Avenue de la Liberation;43,885727;4,861166
202300038700;12;1;2023;12:38;1;18;18033;2;3;8;6;95 Rue Louis Loucheur;47,10013;2,40013
202300038701;14;1;2023;19:00;5;13;13054;2;1;1;1;JEAN GIONO (RUE );43,41713432;5,22579235
202300038702;10;12;2023;00:25;3;73;73069;1;2;3;6;D925;45,534176;6,198059
202300038703;14;1;2023;18:20;5;13;13202;2;1;1;2;COLBERT(RUE);43,29942;5,37248
202300038704;14;1;2023;04:45;5;13;13209;2;1;1;7;MARÉCHAL DE LATTRE (AVENUE);43,24475;5,42668
202300038705;11;12;2023;20:30;5;65;65059;2;1;1;3;9 Avenue du Général Leclerc;43,06853;0,146633
202300038706;14;1;2023;15:45;1;13;13211;2;1;1;2;93 Boulevard de la valbarelle;43,28751666;5,44781698
202300038707;14;1;2023;14:00;1;13;13215;2;1;1;3;SAINT ANTOINE A SAINT JOSEPH (CHEMIN DE);43,36043;5,36382
202300038708;27;11;2023;14:14;1;86;86078;2;6;2;3;D148A;46,151007;0,295773
202300038709;13;1;2023;12:10;1;13;13047;2;9;1;2;RADOLFZELL AVENUE DE;43,50032;4,97711
202300038710;14;1;2023;21:30;5;11;11069;2;1;1;3;445 parc Magellan;43,23652;2,36719
202300038711;10;12;2023;07:30;3;29;29042;1;1;2;6;Ancienne voie Romaine;48,24778946;-4,40951715
202300038712;14;1;2023;18:39;5;10;10357;2;1;2;2;GENERAL DE GAULLE (RUE DU);48,29754365;4,12341624
202300038713;8;12;2023;15:10;1;13;13211;1;1;1;2;A50-Sens Aubagne vers Marseille;43,2927;5,4776
202300038714;14;1;2023;18:13;5;10;10387;2;2;2;1;MARGUERITE FLAVIEN BUFFARD (RUE);48,30377905;4,06207144
202300038715;9;12;2023;21:25;3;13;13071;1;1;2;2;A5502D-Sens Marseille vers A55-Martigues;43,40363404;5,30639648
202300038716;14;1;2023;04:23;5;9;9122;2;1;1;6;LAKANAL (AVENUE);42,956234;1,602633
202300038717;14;1;2023;22:40;5;6;6088;2;2;1;3;DIABLES BLEUS (AV. DES);43,70823;7,29062
202300038718;8;12;2023;19:40;3;13;13210;1;1;2;2;A50-Sens Aubagne vers Marseille;43,28442538;5,40526109
202300038719;14;1;2023;23:30;5;6;6088;2;1;1;3;ANGLAIS PLAGE (DU 114-263);43,68944;7,24221
202300038720;14;1;2023;19:40;5;6;6029;2;3;1;1;POESIE (AVENUE PIERRE);43,55138;6,96213
202300038721;8;12;2023;23:55;3;13;13117;1;1;1;2;A7-Sens Marseille vers Lyon;43,44071;5,24898
202300038722;14;1;2023;19:34;5;6;6004;2;1;1;3;Avenue Meissonnier;43,578981;7,122973
202300038723;10;12;2023;10:00;1;33;33063;1;1;2;6;ROCADE A 630;44,8857405;-0,56277573
202300038724;14;1;2023;06:20;2;75;75118;2;4;1;6;PORTE D AUBERVILLIERS;48,90060751;2,36687779
202300038725;13;1;2023;20:00;5;75;75116;2;1;1;2;ECHANGEUR MUETTE;48,862819;2,264975
202300038726;13;1;2023;09:20;1;75;75119;2;1;1;5;PORTE DE LA VILLETTE;48,899586;2,392595
202300038727;9;12;2023;19:50;3;95;95678;1;1;8;2;N184;49,07119273;2,22280025
202300038728;14;1;2023;14:23;1;75;75120;2;2;2;6;RUE DE BELLEVILLE;48,875449;2,397954
202300038729;14;1;2023;19:50;5;75;75117;2;1;2;6;RUE BIOT;48,884704;2,325771
202300038730;14;1;2023;18:30;5;75;75117;2;1;2;3;RUE ALPHONSE DE NEUVILLE;48,885842;2,302529
202300038731;14;1;2023;02:45;5;75;75117;2;2;2;6;BOULEVARD DE DOUAUMONT;48,896659;2,309619
202300038732;14;1;2023;10:40;1;75;75113;2;3;8;3;BOULEVARD KELLERMANN;48,820121;2,348039
202300038733;14;1;2023;01:41;5;75;75113;2;1;2;3;AVENUE D ITALIE;48,82657491;2,3571454
202300038734;13;1;2023;22:40;5;75;75111;2;2;1;3;AVENUE PHILIPPE AUGUSTE;48,850666;2,394498
202300038735;14;1;2023;19:00;5;75;75110;2;2;2;3;BOULEVARD DE MAGENTA;48,873764;2,358289
202300038736;14;1;2023;14:02;1;75;75108;2;2;2;6;ROND POINT CHAMPS ELYSEES MARCEL DASSAUL;48,8690528;2,30987012
202300038737;14;1;2023;15:08;1;94;94068;2;1;2;6;BONNEUIL (AV DE);48,79629;2,50661
202300038738;14;1;2023;18:27;5;94;94043;2;2;2;6;Rue de Verdun-lazare-ponticelli;48,80827189;2,35714942
202300038739;14;1;2023;17:00;5;94;94041;2;1;2;6;Rue Jean-Jacques Rousseau;48,81830495;2,39365749
202300038740;14;1;2023;21:10;5;94;94077;2;2;2;3;Avenue le Foll / Avenue de la Haute Seine;48,728309;2,43433
202300038741;6;10;2023;19:00;2;2B;2B286;1;1;1;6;Route de Pinarello;42,483056;9,486018
202300038742;14;1;2023;20:27;3;94;94041;2;2;2;6;Rue Robespierre / Rue Gaston Cornavin;48,81098943;2,38368425
202300038743;2;10;2023;15:46;1;82;82094;1;1;1;6;D2;44,30606;1,093236
202300038744;14;1;2023;06:15;5;94;94017;2;1;2;3;Avenue Marx Dormoy;48,81192;2,51714
202300038745;1;10;2023;15:00;1;33;33424;1;1;1;6;RD101;45,160147;-0,845947
202300038746;14;1;2023;14:30;1;94;94071;2;2;2;4;Rue de Champigny / Rue de Paris;48,774416;2,510941
202300038747;6;10;2023;13:30;1;33;33252;2;1;1;1;22 Route de Créon;44,80562;-0,393405
202300038748;6;10;2023;16:30;1;81;81108;1;1;1;6;D15;44,051489;1,821475
202300038749;14;1;2023;11:20;1;94;94075;1;3;2;6;Av du Mal de Lattre de Tassigny / Route de la Grange;48,7342759;2,52037257
202300038750;14;1;2023;19:10;4;93;93064;2;1;2;6;Parking centre commercial Rue Leon Blum;48,88290332;2,47973091
202300038751;6;10;2023;05:30;5;55;55398;1;1;1;1;RN4;48,684813;5,714757
202300038752;14;1;2023;18:00;5;93;93014;2;2;2;6;Allée de Gagny / Chemin de la Tourelle;48,909417;2,550051
202300038753;5;10;2023;16:45;1;12;12188;1;1;1;1;RD 911 - PK 041+400;44,27283;2,781011
202300038754;13;1;2023;22:30;5;93;93008;2;1;8;6;Rue Pablo Picasso;48,90768;2,44897
202300038755;5;10;2023;07:10;3;41;41044;2;1;1;2;Rue du 11 Novembre 1918;47,260996;1,912769
202300038756;14;1;2023;16:30;1;93;93007;2;2;2;3;Avenue du Professeur Paul Langevin / Rue Emile Kahn;48,943646;2,459186
202300038757;5;10;2023;17:52;1;68;68258;1;9;1;4;D430;47,828095;7,283324
202300038758;14;1;2023;15:36;1;92;92073;2;1;2;3;VERDUN (RUE DE);48,874928;2,231049
202300038759;14;1;2023;11:55;1;92;92050;2;5;2;6;SEINE BOULEVARD DE;48,8967;2,19589
202300038760;6;10;2023;07:15;2;44;44154;1;5;1;3;N/A;47,267309;-2,149785
202300038761;14;1;2023;21:49;5;92;92049;2;1;3;6;PERI RUE GABRIEL N°2 A 36;48,81796;2,32256
202300038762;5;10;2023;16:30;1;29;29163;1;1;1;7;Kergalein;48,49659;-3,852244
202300038763;13;1;2023;22:50;5;92;92025;2;1;2;3;HENRI BARBUSSE (AV);48,918524;2,252673
202300038764;6;10;2023;10:50;1;31;31396;1;1;1;3;D622;43,365785;1,650728
202300038765;14;1;2023;11:05;1;12;12096;2;1;1;6;Avenue d'Estaing;44,527464;2,75888
202300038766;5;10;2023;13:50;1;31;31232;2;1;1;6;33 Allee Alsace Lorraine;43,771159;1,296427
202300038767;15;1;2023;00:39;3;22;22020;1;1;2;2;RN12;48,32388;-2,25594
202300038768;2;10;2023;03:25;3;31;31341;1;1;1;1;D2;43,726189;1,324598
202300038769;15;1;2023;14:20;1;68;68122;1;1;1;7;Route de Cernay;47,871781;7,215276
202300038770;15;1;2023;00:15;3;30;30315;1;1;1;6;N/A;43,946794;4,683233
202300038771;3;10;2023;19:15;1;31;31490;2;6;1;3;Chemin de Ladoux;43,740325;1,373275
202300038772;14;1;2023;05:55;3;57;57599;2;1;2;6;Rue Jeanne d'Arc;49,208156;6,47157
202300038773;14;1;2023;15:30;1;56;56240;2;1;2;1;17 Rue Raymond Marcellin;47,523251;-2,771966
202300038774;6;10;2023;09:40;2;38;38314;1;1;5;5;D525b;45,436526;6,042196
202300038775;15;1;2023;16:08;1;77;77137;2;2;1;3;D204 / N4;48,697185;3,292288
202300038776;5;10;2023;09:15;1;1;1305;1;1;7;2;D933a;46,447383;4,898553
202300038777;15;1;2023;08:45;1;80;80318;2;1;1;6;2 Rue Gambetta;50,01651587;2,07779467
202300038778;1;10;2023;10:45;1;66;66149;1;1;1;4;RN116;42,62327;2,441207
202300038779;15;1;2023;12:00;1;63;63415;1;3;2;3;Route de Sugères /imp des vergers;45,55330154;3,37171376
202300038780;5;10;2023;17:45;1;66;66009;1;1;1;1;N/A;42,432903;2,597119
202300038781;5;10;2023;21:40;4;72;72078;1;9;1;7;D118;48,285763;0,163658
202300038782;14;1;2023;17:05;1;12;12215;1;2;2;1;Zone d'Activités du Vallon (Zone commerciale);44,464722;2,41711
202300038783;6;10;2023;14:45;1;50;50443;1;1;1;2;Les Vignes;48,506455;-1,47543
202300038784;13;1;2023;11:30;1;12;12254;1;1;2;7;RD 901;44,428643;2,520606
202300038785;6;10;2023;14:00;1;64;64519;2;3;1;1;Chemin de Devèzes;43,372644;-0,372097
202300038786;5;10;2023;13:15;1;36;36088;1;1;1;6;116 Route de la Châtre;46,92814162;1,99194508
202300038787;15;1;2023;17:00;2;42;42150;1;2;1;1;Route du Pont de Fonte;45,715896;4,094902
202300038788;6;10;2023;14:00;1;16;16216;1;1;1;6;RN 141;45,685827;-0,078209
202300038789;13;1;2023;13:39;1;86;86293;1;2;1;3;N10;46,457099;0,266986
202300038790;6;10;2023;08:05;1;21;21212;2;3;1;3;D980 ROUTE DE SEMUR;47,619095;4,320481
202300038791;15;1;2023;08:10;2;68;68138;1;1;2;7;D432;47,595825;7,241192
202300038792;6;10;2023;07:15;3;21;21317;2;1;1;6;22 Route de Dijon;47,516697;5,109442
202300038793;15;1;2023;11:45;1;29;29122;2;1;2;7;Poulouler;48,142108;-3,843627
202300038794;14;1;2023;17:15;1;31;31231;1;1;1;6;D12;43,311439;1,459615
202300038795;1;10;2023;14:45;1;85;85210;1;1;1;6;RD 978;46,832724;-1,608022
202300038796;15;1;2023;10:30;1;50;50550;1;1;4;6;route de lastelle;49,134094;-1,404496
202300038797;15;1;2023;19:30;3;50;50101;1;2;2;3;La Rue;49,652738;-1,446912
202300038798;6;10;2023;09:40;1;85;85133;2;3;7;3;Rue du col magloire normand;46,368793;-0,738702
202300038799;15;1;2023;10:00;1;85;85284;1;6;7;1;RD 205;46,820392;-1,940042
202300038800;15;1;2023;09:20;1;85;85190;1;1;1;2;RD753;46,95737;-1,464283
202300038801;5;10;2023;17:45;1;85;85051;2;1;1;3;11 Rue des soupirs;46,684287;-1,050981
202300038802;14;1;2023;17:30;3;27;27224;1;1;3;6;D133;49,139214;0,888712
202300038803;15;1;2023;02:05;3;30;30235;1;1;1;6;;43,917487;4,531571
202300038804;5;10;2023;19:50;2;85;85142;1;1;1;7;D47;46,754161;-1,290435
202300038805;14;1;2023;17:45;2;30;30104;1;1;1;7;D8;43,96972;4,145277
202300038806;15;1;2023;13:35;1;52;52050;2;3;1;3;D417;48,085497;5,287766
202300038807;6;10;2023;12:45;1;27;27106;2;2;1;1;D138;49,12325;0,486864
202300038808;14;1;2023;17:15;3;8;8185;1;1;3;1;D8051;49,986673;4,663798
202300038809;6;10;2023;11:45;1;23;23259;1;2;1;3;Le Mas;46,27063205;2,35171795
202300038810;11;9;2023;10:00;1;24;24194;2;1;1;3;Rue des Poétes;44,836924;0,335534
202300038811;14;1;2023;17:56;3;73;73151;1;1;1;5;A41;45,466507;6,014183
202300038812;4;10;2023;15:30;1;13;13038;1;1;1;3;Route départementale 17;43,708509;4,674296
202300038813;13;1;2023;17:05;1;40;40210;1;1;1;2;A63 PK091+300 N/S;44,075793;-1,005034
202300038814;4;10;2023;15:40;1;17;17044;1;1;1;2;autoroute A10 Pk 454.000 sens BORDEAUX/PARIS;45,63201606;-0,61691152
202300038815;15;1;2023;06:43;3;69;69112;1;1;1;4;Autoroute 89 ;45,83574966;4,68457249
202300038816;14;1;2023;04:45;3;64;64335;1;1;1;7;A64 - PK 095.300;43,35200897;-0,44311491
202300038817;21;9;2023;15:30;1;17;17407;1;3;1;5;route de Nantes Rd 137;46,211642;-1,025449
202300038818;14;1;2023;20:10;3;13;13001;1;1;1;4;autoroute A8, pk 012+000;43,532434;5,380211
202300038819;15;1;2023;07:35;1;974;97415;1;1;1;1;Route du Théâtre;-21,04231;55,240524
202300038820;5;10;2023;18:15;1;27;27107;1;1;1;5;A13;49,379628;0,614328
202300038821;14;1;2023;18:45;3;77;77383;1;1;2;7;D62;48,537011;3,070679
202300038822;13;1;2023;10:10;1;91;91115;2;1;1;7;45 Rue de la Libération;48,593278;2,19165
202300038823;14;1;2023;23:40;3;2B;2B148;1;1;1;7;D107;42,542198;9,515161
202300038824;14;1;2023;04:50;3;83;83150;2;1;1;7;Chemin de Pellonière;43,738906;5,792246
202300038825;6;10;2023;17:15;1;13;13103;1;1;1;5;A54 - PK 071.600 - SENS OUEST EST;43,626726;5,115219
202300038826;14;1;2023;15:07;1;64;64139;1;1;1;7;7085 Route des Pindats;43,17505754;-0,35699666
202300038827;5;10;2023;20:50;3;13;13118;1;1;1;2;Autoroute A8 PK 003.000;43,55343085;5,25456015
202300038828;14;1;2023;14:25;1;59;59136;1;1;2;7;Avenue Simone Veil;50,089199;3,527566
202300038829;6;10;2023;16:10;1;77;77104;1;1;1;3;N4;48,720131;2,843474
202300038830;13;1;2023;07:07;3;13;13081;1;1;1;2;A7-Sens Lyon vers Marseille;43,49058;5,24021
202300038831;14;1;2023;16:20;1;95;95582;1;1;2;6;D170;48,96427076;2,26827495
202300038832;6;10;2023;17:25;1;77;77128;2;9;1;3;Avenue Constant Coquelin;48,879051;2,865897
202300038833;6;10;2023;12:30;1;78;78380;2;3;1;3;Route de Mantes;48,917666;1,851076
202300038834;13;1;2023;16:17;1;76;76540;2;2;1;6;Rue d'Elbeuf;49,42586;1,08272
202300038835;13;1;2023;13:45;1;974;97411;1;9;1;3;MONTAGNE (ROUTE DE LA);-20,88711;55,43735
202300038836;5;10;2023;07:50;2;78;78668;1;2;1;3;1 route nationale;49,02483;1,521505
202300038837;5;10;2023;18:00;1;2B;2B007;1;1;1;6;RD 84, PR 36+050;42,28812;8,889441
202300038838;12;1;2023;08:15;1;974;97411;2;3;2;3;RIVIERE DES PLUIES (ROUTE DE LA);-20,9004;55,49962
202300038839;6;10;2023;11:10;1;66;66164;1;3;1;3;5 Avenue Jean Henri Bertin;42,798778;2,887147
202300038840;13;1;2023;11:40;1;973;97302;2;3;1;3;BADUEL (ROUTE DE);4,93629;-52,31402
202300038841;13;1;2023;08:15;1;973;97302;1;7;1;7;CRIQUE FOUILLEE (ROND POINT);4,89655;-52,32889
202300038842;1;10;2023;12:50;1;83;83055;1;1;1;1;Route de Mons;43,656059;6,685036
202300038843;11;1;2023;08:45;1;973;97302;2;1;2;2;GALMOT (ROND-POINT);4,93126;-52,32984
202300038844;13;1;2023;20:10;5;69;69266;2;1;2;6;Quai Charles de Gaulle;45,78591;4,86115
202300038845;5;10;2023;18:40;1;71;71354;1;4;1;6;D34;46,410255;4,135529
202300038846;12;1;2023;00:50;3;972;97209;2;4;1;1;RD 41 (ROCADE);14,61448;-61,07033
202300038847;13;1;2023;01:50;5;69;69389;2;1;2;6;Quai Jayr;45,77521;4,80831
202300038848;6;10;2023;17:35;1;42;42188;2;9;7;6;Rue des Mensonges;45,614007;3,947691
202300038849;12;1;2023;14:00;1;69;69385;2;1;1;7;21 Quai Fulchiron;45,7559074;4,82447505
202300038850;13;1;2023;10:30;1;971;97101;2;9;1;2;DE MARIE GALANTE - RAIZET (RUE);16,25505;-61,53329
202300038851;4;10;2023;16:00;1;1;1386;1;6;1;3;D1075;45,885303;5,347209
202300038852;12;1;2023;12:15;1;95;95210;2;2;2;3;D928;48,97267257;2,31003106
202300038853;6;10;2023;15:45;1;69;69159;2;4;1;1;892 Route de Pouilly;45,96812024;4,66802506
202300038854;14;1;2023;00:20;5;91;91114;2;2;2;7;RUE DES BOSQUETS;48,70135;2,49281
202300038855;6;10;2023;05:30;3;46;46055;1;1;1;1;D840;44,58414053;2,07714558
202300038856;13;1;2023;19:25;2;85;85191;1;1;2;7;RD160;46,6894;-1,41381
202300038857;1;10;2023;21:00;5;31;31433;2;1;1;1;D42;43,512728;1,38664
202300038858;13;1;2023;07:10;4;83;83137;2;1;1;4;15EME CORPS (AVE DU);43,12821;5,90764
202300038859;5;10;2023;19:00;2;33;33056;1;3;1;3;Avenue du Général de Gaulle;44,898991;-0,639846
202300038860;13;1;2023;16:46;1;81;81257;2;1;1;6;ANDRIEU ( RUE EMILE );43,9452201;2,1991833
202300038861;5;9;2023;15:25;1;49;49332;1;6;1;3;D752;47,09253017;-0,91692388
202300038862;6;10;2023;08:35;2;2;2133;1;1;1;1;D60;49,628229;3,906927
202300038863;12;1;2023;07:45;5;78;78498;2;2;6;6;FOCH AV;48,92886;2,04899
202300038864;4;10;2023;07:00;2;83;83090;1;9;1;3;A50;43,12599504;5,88150926
202300038865;4;10;2023;18:50;1;33;33550;1;1;1;6;ROCADE A 630;44,78111032;-0,58014303
202300038866;5;10;2023;18:20;1;91;91549;1;1;1;3;RN 104;48,62659;2,35033