Num_Acc;jour;mois;an;hrmn;lum;dep;com;agg;int;atm;col;adr;lat;long
202300038867;5;10;2023;12:45;1;94;94076;1;1;1;2;A6B;48,7874735;2,34578361
202300038868;13;1;2023;11:30;1;77;77243;2;1;1;6;FREYCINET  (RUE   );48,87629;2,67942
202300038869;4;10;2023;07:15;1;94;94003;1;1;1;2;A6A;48,8128373;2,3365056
202300038870;12;1;2023;21:05;5;76;76575;2;1;2;2;Rue des Cateliers;49,38931145;1,07863855
202300038871;5;10;2023;07:30;1;92;92047;1;1;1;2;A13;48,83328451;2,15990414
202300038872;13;1;2023;07:40;2;76;76351;2;3;1;3;ARISTIDE BRIAND;49,50046;0,13845
202300038873;4;10;2023;18:00;1;78;78140;1;1;1;5;A13;48,96379;1,92628
202300038874;13;1;2023;10:10;1;74;74012;2;2;2;6;AMOUREUX (RUE DES);46,19043;6,23438
202300038875;4;10;2023;16:00;1;92;92036;1;1;1;3;A86;48,93510157;2,26605905
202300038876;12;1;2023;19:46;5;74;74012;2;1;1;6;ETREMBIERES (ROUTE D');46,18612;6,23115
202300038877;4;10;2023;09:20;1;78;78640;1;1;1;4;N118;48,782949;2,22321
202300038878;13;1;2023;07:33;5;74;74010;2;3;2;6;ALOUETTES;45,91004;6,11623
202300038879;4;10;2023;09:20;1;92;92072;1;9;1;3;N118;48,82338063;2,22201913
202300038880;13;1;2023;22:05;5;72;72181;2;1;1;2;COURBOULAY PAUL (RUE);48,00345;0,19153
202300038881;4;10;2023;10:07;1;78;78133;1;1;1;5;A13;48,893277;2,00815
202300038882;13;1;2023;23:22;5;72;72181;2;1;2;3;RHIN ET DANUBE (AV) N° PAIRS 2 A 192;48,0171;0,18555
202300038883;5;10;2023;20:25;3;93;93010;1;1;1;5;AUTOROUTE A3;48,90207598;2,47041227
202300038884;13;1;2023;08:00;1;72;72181;2;9;1;3;CHAMPION HENRI (RUE) N° PAIRS;47,98161;0,21963
202300038885;5;10;2023;14:40;1;93;93005;1;1;1;3;AUTOROUTE A1;48,95699411;2,46113992
202300038886;12;1;2023;20:20;5;72;72181;2;9;2;3;JAURES JEAN (AV) N° IMP 35 A 179;47,99133;0,20542
202300038887;5;10;2023;15:10;1;95;95277;1;1;1;2;A1;48,97502005;2,4898839
202300038888;12;1;2023;08:30;2;72;72181;2;1;1;2;MESSIAEN OLIVIER (AV) PAIRS;48,01586;0,15184
202300038889;13;1;2023;21:30;5;69;69266;2;1;1;1;11 Rue Eugène Pottier;45,78598945;4,89796311
202300038890;5;10;2023;07:30;1;93;93078;1;1;1;5;AUTOROUTE A104;48,96808;2,50926
202300038891;5;10;2023;08:20;1;92;92036;1;1;1;2;AUTOROUTE A86;48,93876737;2,30748313
202300038892;13;1;2023;18:20;5;69;69029;2;3;1;1;Rue du 35ème Régiment d'Aviation;45,73462672;4,93154436
202300038893;4;10;2023;07:20;2;93;93066;1;1;1;2;AUTOROUTE A86;48,92188;2,36001
202300038894;13;1;2023;16:50;2;69;69029;2;8;2;3;Avenue Pierre Mendès France;45,72469;4,91515
202300038895;5;10;2023;09:00;1;94;94015;1;1;1;2;A4;48,83297415;2,53364925
202300038896;5;10;2023;09:00;1;94;94079;1;1;1;2;A4;48,83281718;2,53379035
202300038897;13;1;2023;07:25;2;67;67482;2;3;1;1;PEAGE (RUE DU);48,57742;7,7855
202300038898;5;10;2023;06:30;5;93;93051;1;1;1;3;A4;48,83636;2,5513
202300038899;12;1;2023;10:35;1;67;67482;2;1;6;2;VAUBAN (PONT);48,56995;7,78335
202300038900;4;10;2023;23:20;3;94;94069;1;1;1;2;A4;48,81720461;2,42851783
202300038901;13;1;2023;08:41;1;64;64445;2;1;2;2;rue d'Étigny;43,29656;-0,38576
202300038902;8;9;2023;09:40;1;987;98735;2;1;1;2;POMARE (BVD);17,54083;149,57085
202300038903;12;1;2023;07:50;1;64;64284;1;6;1;7;avenue du 18 juin 1940;43,29109888;-0,40477476
202300038904;4;10;2023;01:20;3;974;97416;1;1;2;7;RN1;-21,32593;55,44851
202300038905;3;10;2023;07:00;1;974;97411;2;1;1;6;LECONTE DE LISLE (AVENUE);-20,89601;55,49113
202300038906;8;1;2023;02:35;5;62;62724;2;1;1;6;Rue Henri Barbusse;50,402919;2,923326
202300038907;4;10;2023;09:00;1;974;97409;2;1;2;6;ROCADE SUD(RUE);-20,97461;55,65024
202300038908;12;1;2023;18:10;5;62;62178;2;1;3;6;Rue Alfred Leroy;50,476;2,544
202300038909;4;10;2023;09:30;1;973;97302;2;6;1;3;SUZINI (CARREFOUR);4,92749659;-52,28993028
202300038910;13;1;2023;05:30;5;59;59599;2;1;1;6;BERNARD (RUE CLAUDE);50,69838;3,15176
202300038911;3;10;2023;21:55;3;973;97302;2;1;1;1;FELIX EBOUE(ROCADE);4,92728;-52,31977
202300038912;13;1;2023;04:05;5;59;59378;2;1;2;4;REPUBLIQUE AV DE LA (N°512-832);50,652206;3,082254
202300038913;4;10;2023;19:25;4;69;69386;2;2;1;6;Rue Vendôme;45,76728;4,84532
202300038914;13;1;2023;18:20;5;59;59183;2;9;1;6;MENDES FRANCE - BOULEVARD;51,038362;2,405901
202300038915;4;10;2023;11:35;1;69;69387;2;1;1;5;Cours Gambetta;45,75116;4,85441
202300038916;13;1;2023;19:00;5;59;59244;2;9;1;6;ROUTE NATIONALE;50,16705;3,16161
202300038917;4;10;2023;09:20;1;69;69388;2;2;1;3;Rue Professeur Beauvisage;45,72938;4,86787
202300038918;13;1;2023;17:30;5;54;54395;2;1;8;6;Rue Grand Rabbin Haguenauer;48,6879;6,17977
202300038919;4;10;2023;08:45;1;972;97213;1;1;1;4;AUTOROUTE A1;14,618;-61,03
202300038920;13;1;2023;13:40;1;54;54547;2;3;1;6;JAURES (AVENUE JEAN);48,66517;6,16494
202300038921;12;1;2023;22:20;5;54;54395;2;1;2;6;SAINT DIZIER (RUE 82 ET 113 A FIN);48,68983;6,18324
202300038922;3;10;2023;11:50;1;91;91691;2;1;8;3;RAYMOND POINCARE(RUE);48,71036;2,49931
202300038923;12;1;2023;16:50;2;54;54547;2;1;2;6;Rue Bernard Palissy;48,65375;6,17751
202300038924;4;10;2023;15:08;1;91;91479;2;3;1;3;RUE ROGER SALENGRO;48,71155;2,35915
202300038925;12;1;2023;17:00;5;54;54395;2;1;2;6;Rue Grand Rabbin Haguenauer;48,68800222;6,17967814
202300038926;4;10;2023;07:17;1;91;91174;2;3;1;6;ARMEE PATTON (PONT DE L');48,613148;2,48337
202300038927;4;10;2023;14:00;1;89;89387;2;1;1;6;CHAMBONAS (COURS);48,19513;3,28331
202300038928;12;1;2023;17:40;3;52;52448;1;1;8;3;VILLIERS EN LIEU (ROUTE DE);48,64230496;4,91676807
202300038929;3;10;2023;07:56;1;87;87085;2;1;1;2;LEGENDRE (RUE CHARLES);45,8145;1,24219
202300038930;13;1;2023;20:00;5;49;49246;2;1;2;6;PYRAMIDE ROUTE;47,44768;-0,50978
202300038931;3;10;2023;04:47;5;86;86194;1;1;1;3;Route de Bonnes;46,58429;0,39385
202300038932;12;1;2023;19:11;5;49;49353;2;2;1;3;REPUBLIQUE AVENUE;47,44611;-0,49645
202300038933;4;10;2023;16:30;1;82;82033;2;1;1;6;BELLEPERCHE RD 45 (ROUTE DE);44,02916;1,10783
202300038934;12;1;2023;17:49;2;49;49267;2;1;2;2;D347;47,47242;-0,46066
202300038935;4;10;2023;08:15;1;78;78650;2;2;1;1;BELLOY (AVENUE DE);48,90153;2,13157
202300038936;13;1;2023;14:40;1;44;44109;2;6;2;3;3 Boulevard René Cassin;47,26346;-1,57988
202300038937;1;10;2023;02:45;5;78;78138;2;5;1;3;POISSY (AVENUE DE);48,970302;2,032218
202300038938;13;1;2023;19:25;3;41;41018;1;3;8;3;CHAILLES (LEVEE DE);47,567814;1,3114499
202300038939;4;10;2023;14:01;1;78;78172;2;1;1;6;LIBERTE (PLACE DE LA);49,006385;2,118224
202300038940;13;1;2023;16:00;1;37;37261;2;9;1;3;GRAMMONT (AVENUE DE);47,38717;0,68995
202300038941;26;9;2023;14:25;1;78;78172;2;2;1;3;DE GAULLE (BD DU GENERAL);49,005077;2,09355
202300038942;13;1;2023;19:15;5;35;35238;2;3;2;3;ALBERT 1ER (BD);48,08895064;-1,67636722
202300038943;4;10;2023;11:55;1;76;76322;2;2;6;3;Boulevard Pierre Brossolette;49,41861;1,03175
202300038944;13;1;2023;13:40;1;35;35238;2;6;1;6;LANGEVIN (PAUL);48,09318235;-1,65837497
202300038945;13;1;2023;01:10;5;35;35238;2;2;1;5;ZOLA (QUAI EMILE);48,10988003;-1,67403907
202300038946;4;10;2023;15:40;1;71;71306;2;1;1;3;CHAMP DU MOULIN (RUE DU );46,67383;4,37395
202300038947;13;1;2023;01:10;5;35;35238;2;1;2;6;MAGINOT (AVENUE SERGENT);48,10996;-1,66262
202300038948;3;10;2023;12:25;1;71;71270;2;6;1;1;EUROPE (RUE DE L');46,29888163;4,82754573
202300038949;13;1;2023;23:20;5;34;34172;2;2;1;3;Place du Huit Mai 1945;43,60119;3,86828
202300038950;4;10;2023;20:50;5;69;69256;2;4;1;7;Avenue Paul Marcellin;45,77381;4,93237
202300038951;13;1;2023;08:20;1;34;34172;2;1;1;5;255 Avenue des Garrats;43,6112;3,83889
202300038952;4;10;2023;11:00;1;69;69013;1;4;1;1;Avenue de Joux;46,01114;4,72531
202300038953;11;1;2023;16:00;2;33;33063;2;1;7;3;Pont Saint-Jean;44,83403;-0,55241
202300038954;4;10;2023;17:10;1;69;69259;2;1;1;6;Avenue Marcel Cachin;45,69378;4,87564
202300038955;4;10;2023;12:35;1;69;69259;2;2;1;3;Boulevard Irène Joliot Curie;45,71406;4,87934
202300038956;13;1;2023;08:10;3;33;33529;1;2;9;3;EIFFEL (RUE GUSTAVE) DU 243 ET +;44,6104;-1,1236
202300038957;4;10;2023;09:00;1;69;69290;2;4;1;3;Chemin de Saint Bonnet de Mure;45,69187;4,96716
202300038958;12;1;2023;13:00;1;27;27681;2;3;2;5;IVRY (ROUTE D');49,0716;1,47247
202300038959;3;10;2023;18:30;1;69;69290;2;1;1;7;76 Route de Grenoble;45,70718;4,98714
202300038960;12;1;2023;10:50;1;27;27562;2;9;2;6;PRES (RUE DES);49,10269;1,45286
202300038961;3;10;2023;21:58;5;67;67482;2;8;1;1;ROMAINS (ROUTE DES);48,57986;7,71773
202300038962;4;10;2023;11:30;1;64;64348;1;1;1;2;MARTYRS DU PONT LONG DES;43,34176;-0,37984
202300038963;4;10;2023;07:25;3;64;64445;2;3;1;3;EUROPE DE L';43,32937;-0,35326
202300038964;13;1;2023;11:45;1;13;13208;2;1;1;6;CLOT BEY (AVENUE);43,25529;5,38226
202300038965;12;1;2023;12:30;1;11;11069;2;1;1;7;Route de Saint Hilaire;43,19404133;2,34481281
202300038966;4;10;2023;05:32;5;63;63113;2;6;1;6;BERTHELOT (BOULEVARD);45,78161;3,07083
202300038967;13;1;2023;07:58;2;10;10081;2;1;2;3;JEAN BAPTISTE COLBERT (RUE);48,32148;4,02726
202300038968;4;10;2023;20:30;5;62;62907;1;1;1;6;D 919;50,48909;2,9911
202300038969;4;10;2023;08:40;2;58;58194;2;6;7;6;MARECHAL LECLERC;47,00082;3,15649
202300038970;12;1;2023;14:59;1;10;10362;2;2;2;3;GENERAL LECLERC (RUE DU);48,29162533;4,03546783
202300038971;13;1;2023;10:35;1;9;9122;2;1;2;6;FAURE (COURS GABRIEL);42,96409;1,60851
202300038972;3;10;2023;13:40;1;56;56121;2;3;1;3;Boulevard Yves Demaine;47,75203;-3,37929
202300038973;3;10;2023;17:00;1;54;54357;2;1;1;1;Avenue de la Meurthe;48,71086221;6,17365122
202300038974;13;1;2023;14:20;1;6;6159;2;3;1;2;MARECHAL FOCH (AVENUE);43,701088;7,306817
202300038975;3;10;2023;13:15;1;54;54395;2;3;1;6;Rue Jeannot;48,69024728;6,18767381
202300038976;12;1;2023;11:30;1;6;6069;2;2;1;3;SAINT EXUPERY (AVENUE ANTOINE DE);43,6622;6,934253
202300038977;4;10;2023;07:40;1;54;54159;1;4;5;3;Avenue de Lunéville;48,612484;6,373645
202300038978;4;10;2023;13:00;1;51;51454;2;1;1;6;FOCH (BOULEVARD);49,25741;4,02596
202300038979;13;1;2023;18:52;5;1;1014;2;1;2;3;CD 31;46,28438;5,66257
202300038980;4;10;2023;19:05;1;50;50502;2;1;1;3;PARIS;49,11603;-1,06639
202300038981;12;1;2023;00:30;5;75;75114;2;4;1;2;ECHANGEUR BRANCION;48,825036;2,303549
202300038982;3;10;2023;21:10;3;50;50129;1;1;1;7;RN 13;49,59456;-1,59578
202300038983;13;1;2023;12:45;1;75;75119;2;1;1;1;RUE MANIN;48,883104;2,386672
202300038984;3;10;2023;13:10;1;50;50129;2;3;1;6;VEXIN (RUE DU);49,62769;-1,63333
202300038985;13;1;2023;18:00;5;75;75118;2;2;1;6;RUE FEUTRIER;48,886714;2,346603
202300038986;4;10;2023;19:47;5;45;45302;2;1;1;1;609 ROUTE NATIONALE 20;47,94322;1,89266
202300038987;13;1;2023;20:10;5;75;75115;2;1;1;6;AVENUE FELIX FAURE;48,837739;2,280272
202300038988;4;10;2023;16:15;1;42;42186;2;1;1;6;Rue du Pilat;45,5158;4,60473
202300038989;4;10;2023;11:50;1;37;37195;2;1;1;6;LOUIS XI (BOULEVARD);47,37539;0,658
202300038990;13;1;2023;12:40;1;75;75111;2;3;1;3;BOULEVARD VOLTAIRE;48,860978;2,374788
202300038991;3;10;2023;17:10;1;37;37122;1;1;1;2;RD 37;47,34750444;0,64617705
202300038992;13;1;2023;16:35;1;75;75110;2;2;1;6;RUE LA FAYETTE;48,879744;2,358725
202300038993;4;10;2023;13:45;1;35;35238;2;6;1;6;LITTRE (EMILE);48,08757105;-1,64412171
202300038994;26;9;2023;07:50;2;30;30189;2;3;1;6;Rue de Sauve;43,83770266;4,34901819
202300038995;13;1;2023;09:55;1;75;75108;2;1;1;2;COURS LA REINE;48,864464;2,318964
202300038996;4;10;2023;18:25;1;29;29039;1;9;1;3;RD 783;47,89504898;-3,91368655
202300038997;13;1;2023;00:05;5;75;75101;2;3;2;7;BOULEVARD DE SEBASTOPOL;48,861228;2,34968
202300038998;3;10;2023;19:15;5;29;29019;2;2;1;3;rue Albert Thibaudet;48,372871;-4,539271
202300038999;12;1;2023;08:55;2;75;75101;2;2;1;6;BOULEVARD DE SEBASTOPOL;48,86007283;2,3490867
202300039000;4;10;2023;12:15;1;27;27229;2;6;1;2;SAINT LEGER (RUE DU FAUBOURG);49,03297;1,15556
202300039001;13;1;2023;22:00;5;94;94042;2;2;8;3;Avenue du Général Galliéni;48,82010237;2,47845112
202300039002;2;10;2023;11:45;1;19;19272;2;1;1;7;Fontaines (Lieu dit);45,28453193;1,77318156
202300039003;3;10;2023;17:55;1;19;19031;2;1;1;2;BALUZE (RUE);45,16638;1,5401
202300039004;12;1;2023;07:55;5;94;94068;2;1;2;3;VARENNE (R DE LA);48,80797;2,4735
202300039005;11;1;2023;16:55;1;94;94068;2;2;1;3;LOUIS BLANC (AV);48,79115;2,496567
202300039006;4;10;2023;18:30;1;13;13071;2;9;1;1;ROUTE NATIONALE 368 (PLAN DES PENNES);43,40533645;5,28340164
202300039007;29;9;2023;20:00;2;13;13216;2;1;1;1;LE PELLETIE (RUE);43,36252;5,32228
202300039008;13;1;2023;18:30;5;94;94076;2;3;1;3;Boulevard Maxime Gorki;48,792767;2,369257
202300039009;4;10;2023;18:30;1;13;13210;2;1;1;3;ICARD (BOULEVARD);43,2795;5,4173
202300039010;12;1;2023;09:30;1;94;94028;2;1;1;6;Rue de Falkirk;48,77166;2,45974
202300039011;4;10;2023;15:20;1;13;13201;2;1;1;3;ATHENES (BOULEVARD D');43,29947;5,38056
202300039012;13;1;2023;21:15;5;94;94054;2;2;1;3;Avenue de la Victoire / Avenue Henri Barbusse;48,74513211;2,38863355
202300039013;4;10;2023;12:56;1;13;13213;2;4;1;3;SAINT PAUL (AVENUE);43,327;5,41
202300039014;12;1;2023;16:50;2;94;94018;2;1;1;7;80 Quai des Carrieres;48,820665;2,402338
202300039015;4;10;2023;11:45;1;13;13214;2;1;1;5;BASILE BARRELIER (BOULEVARD);43,33936885;5,38952039
202300039016;4;10;2023;10:05;1;13;13205;2;1;1;6;BAILLE (BOULEVARD);43,28934;5,39663
202300039017;13;1;2023;21:30;5;93;93072;2;1;1;2;Boulevard Maxime Gorki;48,948513;2,386322
202300039018;4;10;2023;01:30;5;13;13210;2;5;1;2;AVE FLORIAN;43,28558;5,42499
202300039019;13;1;2023;11:35;1;93;93070;2;1;1;1;Rue Lafontaine;48,901479;2,327944
202300039020;3;10;2023;21:30;5;13;13208;2;3;1;3;MAZARGUES (AVENUE DE);43,26502;5,39123
202300039021;13;1;2023;18:00;3;93;93066;2;1;1;3;Boulevard Marcel Sembat;48,934418;2,34929
202300039022;20;8;2023;19:00;1;13;13005;2;1;1;3;GEMENOS (ROUTE DE CD2);43,288;5,53917
202300039023;3;10;2023;19:35;5;10;10387;2;1;1;3;PONTS (RUE DES);48,2873;4,0864
202300039024;3;10;2023;07:50;1;10;10387;2;1;1;6;VOULDY (CHAUSSEE DU);48,2943;4,0827
202300039025;13;1;2023;00:30;5;93;93066;2;1;2;4;Boulevard Félix Faure;48,938699;2,358473
202300039026;4;10;2023;15:50;1;4;4070;2;1;1;7;ST VERAN (AV);44,08934;6,2132
202300039027;13;1;2023;07:50;2;93;93077;2;2;2;1;Avenue du Raincy / Rue de Bondy;48,88665159;2,50891417
202300039028;4;10;2023;21:48;5;75;75111;2;5;1;3;AVENUE DE LA REPUBLIQUE;48,864002;2,381203
202300039029;4;10;2023;18:47;5;75;75113;2;3;1;7;RUE EMILE DURKHEIM;48,832185;2,37734
202300039030;13;1;2023;08:57;1;93;93055;2;1;2;1;Avenue du Général Leclerc;48,89555037;2,40055829
202300039031;4;10;2023;15:20;1;75;75120;2;2;1;3;RUE ALEXANDRE DUMAS;48,854756;2,397494
202300039032;13;1;2023;12:50;1;93;93006;2;9;1;3;42 Rue François Mitterrand;48,876908;2,423414
202300039033;3;10;2023;12:40;1;75;75120;2;2;1;3;RUE DES PYRENEES;48,870001;2,394461
202300039034;4;10;2023;19:30;1;75;75117;2;2;1;3;AVENUE DES TERNES;48,880352;2,2868
202300039035;13;1;2023;08:15;1;93;93029;2;1;6;3;Avenue Henri Barbusse;48,922086;2,455942
202300039036;4;10;2023;19:10;2;75;75117;2;2;1;3;RUE DE LA JONQUIERE;48,893967;2,321427
202300039037;13;1;2023;07:50;2;93;93008;2;1;1;6;Rue Rene Camier;48,909654;2,45155
202300039038;4;10;2023;18:55;1;75;75116;2;1;1;2;AVENUE PAUL DOUMER;48,858875;2,276404
202300039039;13;1;2023;22:00;5;92;92078;2;3;1;3;MARECHAL LECLERC (AVENUE) (N° IMPAIRS);48,93783722;2,32428914
202300039040;4;10;2023;16:30;1;75;75116;2;1;1;3;VOIE GEORGES POMPIDOU;48,846609;2,274136
202300039041;3;10;2023;17:00;1;75;75116;2;1;1;6;AVENUE DE MALAKOFF;48,877027;2,283396
202300039042;12;1;2023;19:45;5;92;92064;2;3;2;3;MARCEL DASSAULT;48,854132;2,222605
202300039043;4;10;2023;18:40;1;75;75115;2;1;1;7;BOULEVARD GENERAL MARTIAL VALIN;48,83836;2,27033
202300039044;4;10;2023;16:30;1;75;75115;2;1;1;2;RUE DE VAUGIRARD;48,841647;2,308434
202300039045;12;1;2023;13:35;1;92;92076;2;1;8;3;PUITS;48,838016;2,146215
202300039046;4;10;2023;12:15;1;75;75115;2;2;1;2;QUAI DE GRENELLE;48,850826;2,283713
202300039047;13;1;2023;18:00;5;92;92051;2;9;1;6;ARGENSON (BOULEVARD, N° 17 AU 43);48,88903;2,2631
202300039048;4;10;2023;15:25;1;75;75112;2;1;1;6;AVENUE DAUMESNIL;48,842925;2,384407
202300039049;4;10;2023;10:40;1;75;75112;2;1;1;3;RUE DE REUILLY;48,846351;2,38772
202300039050;13;1;2023;20:14;5;92;92051;2;3;2;7;GENERAL KOENIG (BOULEVARD DU);48,88234;2,25322
202300039051;3;10;2023;22:30;5;75;75111;2;3;1;3;BOULEVARD BEAUMARCHAIS;48,860689;2,367389
202300039052;13;1;2023;03:40;5;92;92040;2;1;2;2;VOLTAIRE (BOULEVARD);48,82683525;2,27935463
202300039053;4;10;2023;11:57;1;75;75110;2;4;1;3;RUE DU FAUBOURG SAINT MARTIN;48,878899;2,362426
202300039054;4;10;2023;19:00;1;75;75108;2;2;1;3;BOULEVARD MALESHERBES;48,879433;2,314284
202300039055;12;1;2023;14:05;1;92;92036;2;1;2;6;GENERAL DE GAULLE (AVENUE) (PAIRS);48,93376;2,3178
202300039056;12;1;2023;12:45;1;92;92036;2;1;1;6;MARCEL PAUL (AVENUE) (2/50);48,94094;2,30351
202300039057;4;10;2023;10:48;1;75;75108;2;1;1;3;PLACE DE LA CONCORDE;48,866157;2,321945
202300039058;13;1;2023;20:30;5;92;92026;2;1;1;6;ALMA;48,89659;2,25224
202300039059;4;10;2023;18:40;1;94;94078;2;1;1;6;Place Pierre Semard;48,730593;2,446848
202300039060;4;10;2023;09:50;1;94;94078;2;1;1;3;Place Pierre Semard;48,72884;2,44642
202300039061;13;1;2023;21:07;3;92;92026;2;1;1;6;PIERRE CURIE;48,90349025;2,25450218
202300039062;4;10;2023;18:00;1;94;94015;2;9;1;2;Boulevard Georges Méliès;48,83248678;2,53119841
202300039063;12;1;2023;18:35;5;92;92023;2;1;1;6;ROISSIS (RUE DES);48,80631946;2,27660832
202300039064;3;10;2023;16:10;1;94;94042;2;1;1;3;Avenue du Général Galliéni;48,82008092;2,47576341
202300039065;3;10;2023;20:40;5;92;92007;2;1;1;3;169 Avenue Aristide Briand;48,79103847;2,31979769
202300039066;3;10;2023;18:30;1;94;94003;2;1;1;3;17 Avenue Paul Vaillant-couturier;48,802504;2,338358
202300039067;3;10;2023;21:15;5;94;94033;2;1;1;1;Avenue Foch;48,84389;2,45948
202300039068;3;10;2023;13:00;1;94;94028;1;1;2;3;avenue Bernard Halpern;48,78447;2,45847
202300039069;4;10;2023;09:20;1;94;94022;2;1;1;3;132 Boulevard de Stalingrad;48,77411;2,399279
202300039070;4;10;2023;22:30;5;93;93071;2;3;1;3;Boulevard Westinghouse / Allee de Bir Hakeim;48,92828;2,51875
202300039071;4;10;2023;13:20;1;93;93066;2;1;1;6;Boulevard Marcel Sembat;48,931992;2,352946
202300039072;13;1;2023;15:41;1;31;31446;2;1;1;6;3 Rue Louis Braille;43,534868;1,47971
202300039073;4;10;2023;10:00;1;93;93029;2;3;1;3;Avenue Marceau / Rue du Bon Houdart;48,927696;2,437703
202300039074;4;10;2023;05:50;5;93;93014;2;1;1;3;Boulevard Emile Zola;48,90608912;2,55281047
202300039075;4;10;2023;14:50;1;92;92072;2;1;1;2;GRANDE RUE;48,82636478;2,21869826
202300039076;4;10;2023;13:50;1;92;92064;2;1;1;7;EGLISE;48,84275474;2,21941486
202300039077;4;10;2023;08:45;1;92;92063;2;3;1;3;CHATAIGNERAIE (AVENUE DE LA);48,86046134;2,17724517
202300039078;4;10;2023;09:34;1;92;92063;2;3;1;4;FLOQUET (RUE CHARLES) NORD;48,87256115;2,17803776
202300039079;4;10;2023;15:40;1;92;92051;2;2;1;3;ACHILLE PERETTI (PLACE);48,88340575;2,27351591
202300039080;2;10;2023;23:35;5;92;92051;2;9;1;3;GENERAL KOENIG (BOULEVARD DU);48,88162;2,25246
202300039081;4;10;2023;11:20;1;92;92020;2;1;1;2;VERDUN AVENUE DE AUTRES N°;48,79963;2,28171
202300039082;4;10;2023;09:35;1;92;92044;2;6;1;6;CHARLES PASQUA (QUAI) 32 A 58;48,89886192;2,27887094
202300039083;4;10;2023;16:00;1;92;92036;2;6;1;2;MARCEL PAUL (AVENUE) (1/103);48,93334698;2,30269253
202300039084;3;10;2023;15:30;1;92;92036;2;1;2;2;LOUIS CALMEL (RUE) (2/16);48,9266261;2,29333967
202300039085;2;10;2023;17:20;1;92;92025;2;2;1;3;CHARLES DE GAULLE (BD);48,91453073;2,22889484
202300039086;4;10;2023;14:00;1;92;92071;2;1;1;3;GENERAL DE GAULLE (PLACE);48,77787;2,29062
202300039087;3;10;2023;18:25;1;92;92036;2;1;1;3;GRESILLONS ( AVENUE DES  );48,91978;2,31405
202300039088;5;10;2023;19:05;5;67;67372;2;6;1;6;151 Grand Rue;48,849346;7,64009
202300039089;8;9;2023;13:30;1;67;67372;2;1;1;3;1 Rue Principale;48,846774;7,60981
202300039090;4;10;2023;17:30;1;31;31445;2;1;1;2;Chemin de Ribaute;43,583595;1,513106
202300039091;5;10;2023;07:30;2;22;22025;1;3;1;3;le maes;48,421155;-3,414463
202300039092;22;7;2023;20:20;1;14;14712;1;1;1;7;Rue de Janville;49,174031;-0,174043
202300039093;26;7;2023;16:50;1;22;22050;1;3;8;3;D12 route de Calorguen;48,437383;-2,043548
202300039094;27;7;2023;07:23;1;60;60103;1;2;2;3;D931;49,411706;2,267416
202300039095;26;7;2023;18:05;1;62;62711;2;1;1;2;Rue Raymond Sulliger;50,816866;1,744647
202300039096;26;7;2023;17:25;1;13;13071;1;1;1;2;A7-Sens Lyon vers Marseille;43,406633;5,3276
202300039097;25;7;2023;23:10;3;13;13211;1;1;1;2;A50-Sens Aubagne vers Marseille;43,28807985;5,44165529
202300039098;26;7;2023;12:55;1;33;33167;1;1;1;2;ROUTE NATIONALE 230;44,84447782;-0,50203845
202300039099;26;7;2023;12:15;1;33;33143;1;1;1;2;AUTOROUTE A 10;44,9552;-0,45376
202300039100;15;6;2023;19:10;1;33;33063;1;1;1;3;N/A;44,88303999;-0,55369788
202300039101;25;7;2023;14:20;1;59;59378;1;1;1;6;AUTOROUTE A22;50,70022;3,11684
202300039102;25;7;2023;03:05;3;91;91570;1;1;3;7;RN 104;48,62509;2,33019
202300039103;25;7;2023;21:26;2;92;92023;1;1;1;3;RN385;48,77617937;2,22840361
202300039104;26;5;2023;20:00;1;74;74010;1;1;1;1;CD16;45,920199;6,181011
202300039105;24;5;2023;10:25;1;74;74010;2;3;1;2;Route de frangy;45,911649;6,095229
202300039106;23;5;2023;19:57;1;74;74147;1;9;1;3;Lathuile;45,791467;6,213321
202300039107;22;5;2023;09:00;1;74;74043;2;1;1;6;130 Avenue du leman;46,265386;6,372221
202300039108;19;5;2023;13:00;1;74;74236;2;1;8;7;1095 Route du prarion;45,896854;6,721594
202300039109;18;5;2023;18:00;1;74;74104;2;1;1;5;Route d'annecy;45,804304;6,212038
202300039110;18;5;2023;12:54;1;74;74298;2;1;1;1;BONNEVILLE (ROUTE DE );46,1678;6,27134
202300039111;7;5;2023;04:50;5;74;74172;2;1;1;1;NATIONALE (ROUTE);46,40534378;6,63733613
202300039112;4;5;2023;08:55;1;74;74218;2;1;1;2;NOAILLES (AVENUE ANNA DE);46,39689;6,5637
202300039113;4;5;2023;07:35;1;74;74281;2;1;1;2;GENEVRIERS (AVENUE DES);46,39182;6,50536
202300039114;24;7;2023;09:00;1;29;29232;2;1;1;6;Rue de Kervillou;47,985003;-4,060002
202300039115;25;7;2023;08:08;1;976;97611;2;1;1;6;kaweni-Mahabourini ( rue );-12,7732;45,21976
202300039116;25;7;2023;10:40;1;974;97411;2;1;1;3;JAURES (BOULEVARD JEAN);-20,88861;55,44886
202300039117;25;7;2023;16:50;1;69;69388;2;4;2;1;Route de Vienne;45,73876;4,85214
202300039118;25;7;2023;09:40;1;69;69388;2;1;1;6;Rue Challemel Lacour;45,72927937;4,85034597
202300039119;25;7;2023;16:20;1;972;97213;1;1;8;2;AUTOROUTE A1;14,5956;-60,98522
202300039120;25;7;2023;00:37;5;971;97101;2;6;2;7;RN11;16,25875;-61,51142
202300039121;24;7;2023;20:30;5;971;97101;1;1;2;4;BESSON;16,2357;-61,5125
202300039122;24;7;2023;16:15;1;971;97120;1;2;1;3;NELSON MANDELA;16,2401;-61,5321