Num_Acc;jour;mois;an;hrmn;lum;dep;com;agg;int;atm;col;adr;lat;long
202300039123;20;7;2023;09:50;1;91;91549;2;1;1;6;DOCTEUR PHILLIPE PINEL (RUE DU);48,65573;2,31129
202300039124;25;7;2023;15:23;1;91;91421;2;3;1;3;CORBEIL (ROUTE DE);48,713781;2,443209
202300039125;24;7;2023;16:30;1;83;83137;2;1;1;2;BAZEILLES (BD / ROND POINT DE);43,11214;5,93515
202300039126;25;7;2023;08:25;1;77;77186;1;6;2;7;RD606. de la rochette à l'obélisque;48,474687;2,678825
202300039127;24;7;2023;20:25;1;76;76270;1;1;1;6;RD 6382;49,53067;0,1254
202300039128;24;7;2023;11:55;1;67;67462;2;2;2;3;LIBERTE (AVENUE DE LA);48,25872;7,44866
202300039129;22;7;2023;21:43;2;66;66136;1;6;1;6;N/A;42,69906424;2,92861283
202300039130;22;7;2023;06:17;2;66;66136;1;1;1;1;N/A;42,69885;2,91461
202300039131;21;7;2023;10:42;1;66;66136;2;3;1;6;N/A;42,69449084;2,90149033
202300039132;25;7;2023;17:05;1;64;64545;2;1;2;6;ROUTE D'IBARDIN;43,36142592;-1,69238269
202300039133;25;7;2023;10:05;1;64;64335;1;3;2;3;SALIE;43,33913;-0,39505
202300039134;25;7;2023;16:25;1;61;61006;1;1;1;4;D958;48,7131;-0,00596
202300039135;25;7;2023;16:15;1;58;58194;2;2;1;3;MARZY;46,98739;3,14081
202300039136;24;7;2023;15:10;1;50;50647;2;1;1;2;EUROPE (AVENUE DE L');48,84361;-1,5579
202300039137;24;7;2023;22:25;5;50;50129;2;2;1;1;ATLANTIQUE (BOULEVARD DE L');49,6209;-1,64231
202300039138;24;7;2023;14:34;1;49;49015;2;2;2;4;MENDES FRANCE AVENUE PIERRE;47,50688;-0,58974
202300039139;24;7;2023;12:09;1;49;49007;1;1;1;7;A87N;47,46149;-0,51685
202300039140;25;7;2023;11:55;1;35;35238;2;3;1;3;FEUILLEE (MARTIN);48,09709;-1,65377
202300039141;25;7;2023;06:45;1;35;35238;2;2;2;6;VERN (DE);48,09798;-1,65558
202300039142;24;7;2023;18:10;1;35;35281;1;1;3;2;BENOIT (RUE FREDERIC);48,08665608;-1,71976268
202300039143;25;7;2023;19:00;1;33;33550;2;3;1;3;Avenue Pierre Proudhon;44,78656602;-0,58647788
202300039144;25;7;2023;08:31;1;33;33200;2;2;1;3;Rue Joliot Curie;44,87814732;-0,67655236
202300039145;23;7;2023;18:49;1;33;33318;2;3;1;6;Rue des Fuchsias;44,79198;-0,63074
202300039146;25;7;2023;09:55;1;33;33529;2;3;1;3;LAGRUA (RUE);44,63890917;-1,15416795
202300039147;25;7;2023;15:45;1;31;31555;1;1;1;2;A621 (SEPT DENIERS-ANCELY);43,622511;1,403582
202300039148;24;7;2023;16:50;1;31;31555;2;3;1;3;RUE JEAN AICARD;43,61696;1,458
202300039149;2;7;2023;20:00;2;30;30189;2;1;1;6;PUCCINI (RUE);43,8237;4,3382
202300039150;22;7;2023;20:20;1;30;30007;2;6;1;3;Avenue Monge;44,145793;4,100911
202300039151;25;7;2023;13:50;1;28;28223;2;4;1;6;PASTEUR (RUE);48,72518;1,39605
202300039152;24;7;2023;14:55;1;27;27681;2;6;2;3;CAPUCINS (AVENUE DES);49,09267;1,47089
202300039153;24;7;2023;18:20;1;27;27229;2;2;1;1;FERRY (RUE JULES);49,02788;1,17573
202300039154;25;7;2023;11:10;1;25;25580;1;1;2;3;BANNOT (LE);47,45807;6,84329
202300039155;25;7;2023;18:50;1;25;25056;2;6;2;6;N/A;47,244419;5,995665
202300039156;25;7;2023;08:10;1;22;22278;2;1;7;2;ATLANTIQUE (BD) N°58/71 A FIN;48,51946;-2,79057
202300039157;24;7;2023;08:30;1;16;16102;2;2;1;3;SEGONZAC (RUE DE);45,68834;-0,31896
202300039158;19;7;2023;18:45;1;15;15012;2;1;1;1;TOYRE (RUE JEAN);44,90444;2,477548
202300039159;25;7;2023;17:45;2;13;13201;2;1;1;6;CHARLES NEDELEC (BOULEVARD);43,30194828;5,37589225
202300039160;25;7;2023;13:33;1;10;10265;2;1;2;7;LAMARTINE (RUE);48,30099;4,0395
202300039161;25;7;2023;11:45;1;10;10387;2;2;2;1;PIERRE BROSSOLETTE (RUE);48,28770391;4,07714009
202300039162;25;7;2023;21:50;5;6;6088;2;1;1;6;KIRCHNER (SQUARE M.);43,67332;7,22639
202300039163;24;7;2023;07:05;1;6;6069;1;1;1;3;ZILLER (AVENUE PIERRE);43,674757;6,945251
202300039164;25;7;2023;15:15;1;75;75116;2;1;1;2;BD PERIPHERIQUE EXTERIEUR;48,864239;2,266641
202300039165;25;7;2023;06:00;5;75;75112;2;1;2;2;BD PERIPHERIQUE INTERIEUR;48,844941;2,414035
202300039166;25;7;2023;03:05;5;75;75117;2;1;3;6;BD PERIPHERIQUE EXTERIEUR;48,87968692;2,28083253
202300039167;24;7;2023;18:35;1;75;75116;2;1;2;2;PORTE DAUPHINE;48,872906;2,274447
202300039168;25;7;2023;11:30;1;75;75119;2;1;2;6;RUE DE CRIMEE;48,882434;2,386211
202300039169;25;7;2023;10:15;1;75;75119;2;4;2;6;RUE COMPANS;48,881665;2,388506
202300039170;25;7;2023;09:00;1;75;75119;2;9;8;2;BOULEVARD D ALGERIE;48,88026;2,400397
202300039171;25;7;2023;07:00;2;75;75117;2;3;2;7;AVENUE DES TERNES;48,878654;2,294201
202300039172;25;7;2023;10:20;1;75;75113;2;3;2;6;BOULEVARD DE L HOPITAL;48,834569;2,357769
202300039173;25;7;2023;01:50;5;75;75111;2;2;2;3;AVENUE PARMENTIER;48,865249;2,374549
202300039174;25;7;2023;18:03;1;75;75108;2;3;1;2;AVENUE WINSTON CHURCHILL;48,864997;2,313697
202300039175;24;7;2023;21:00;2;94;94079;1;6;2;2;Boulevard Jean Monnet;48,8275;2,5276
202300039176;25;7;2023;16:00;1;95;95527;1;1;1;4;N104;49,02699782;2,51473188
202300039177;25;7;2023;17:40;1;93;93066;2;3;1;3;Rue du Landy / Rue de Tunis;48,91415084;2,34533039
202300039178;25;7;2023;19:00;1;93;93050;2;3;2;3;Boulevard du Marechal Foch / Rue Jules Lamant et Ses Fils;48,85472;2,52254
202300039179;24;7;2023;22:56;5;93;93048;2;2;8;3;Avenue du Colonel Fabien / Avenue du Docteur Fernand Lamaze;48,87654;2,45466
202300039180;25;7;2023;16:15;1;93;93057;2;2;2;6;Boulevard de Paris / Avenue du Quatorze Juillet;48,91400565;2,49173458
202300039181;25;7;2023;15:50;1;92;92062;2;1;2;1;PDT WILSON (Avenue);48,88515;2,22597
202300039182;24;7;2023;05:35;5;92;92024;2;2;2;3;JEAN JAURES (BD) DE (1 A 45)   (2 A 54);48,90004;2,30631
202300039183;23;7;2023;19:05;1;92;92023;2;6;1;5;TRIVAUX (CARREFOUR DE);48,78981074;2,25270889
202300039184;26;7;2023;08:25;1;38;38157;1;6;1;3;D502;45,512099;4,956712
202300039185;25;7;2023;15:14;1;22;22209;1;1;1;2;les roches;48,582211;-2,124208
202300039186;25;7;2023;09:57;1;22;22094;1;3;1;3;rue du Moulin;48,596053;-2,149673
202300039187;26;7;2023;10:40;1;49;49110;1;1;1;3;D74;47,556484;-0,333876
202300039188;25;6;2023;12:20;1;974;97414;2;9;1;6;Avenue Pasteur;-21,273594;55,403774
202300039189;22;7;2023;17:15;1;58;58270;1;2;1;3;La Courge;47,502366;3,013853
202300039190;25;7;2023;19:00;1;83;83100;1;3;6;2;D97;43,277877;6,124181
202300039191;25;7;2023;15:04;1;87;87020;1;1;1;2;A20;45,938124;1,304584
202300039192;25;7;2023;14:45;1;40;40246;1;1;1;3;Route de Mont de Marsan;44,13094;-0,711268
202300039193;25;7;2023;17:35;1;95;95316;1;1;8;6;D47;49,080075;2,444689
202300039194;26;7;2023;05:50;2;62;62096;1;2;1;3;D930;50,128282;2,975353
202300039195;22;7;2023;00:15;5;59;59580;2;1;1;6;38 Rue de Poperinghe;50,812264;2,625806
202300039196;24;7;2023;07:30;1;79;79334;1;2;1;3;N/A;46,148532;-0,532966
202300039197;25;7;2023;13:50;1;2B;2B043;1;1;1;1;Hameau de Mausoléo;42,776688;9,467774
202300039198;26;7;2023;01:35;3;32;32012;1;1;1;6;RN 124 PK 37+716;43,649279;0,794363
202300039199;25;7;2023;20:45;3;63;63443;1;1;8;6;Route de Riom;45,93148964;3,17196555
202300039200;26;7;2023;11:45;1;63;63321;1;1;1;1;D14;45,605376;3,317463
202300039201;25;7;2023;22:35;3;2;2095;1;1;1;2;D8;50,005877;3,454986
202300039202;26;7;2023;18:00;1;3;3236;1;1;1;1;D67;46,192368;3,419838
202300039203;26;7;2023;08:15;1;70;70149;1;1;8;1;Départementale 16 PK/PR 008+450;47,632812;6,718547
202300039204;23;7;2023;21:50;2;66;66160;2;1;1;1;N/A;42,489865;2,703161
202300039205;25;7;2023;21:30;2;50;50243;1;1;1;7;10 Route Belle Croix;49,033514;-1,498915
202300039206;25;7;2023;07:00;2;43;43114;2;1;1;6;825 Route de Saint Jeures;45,16129;4,227094
202300039207;25;7;2023;20:35;1;36;36012;1;1;2;6;N/A;46,46099913;1,56939268
202300039208;25;7;2023;22:15;5;36;36071;2;1;1;6;N/A;46,777283;1,782215
202300039209;26;7;2023;16:57;1;24;24352;1;1;1;2;pk 2 D710;45,252089;0,363976
202300039210;24;7;2023;17:38;1;24;24484;1;1;1;1;D6089;45,122142;0,867834
202300039211;25;7;2023;22:52;3;27;27655;1;1;1;6;Ancienne route de bernay;49,318325;0,529162
202300039212;26;7;2023;10:15;1;27;27116;1;4;1;3;D 438;49,178954;0,703382
202300039213;26;7;2023;07:40;1;66;66228;1;4;1;3;N/A;42,708298;2,796836
202300039214;26;7;2023;12:20;1;6;6088;1;1;1;1;A8 PK 190.700 - Chaussée Sud;43,708094;7,192451
202300039215;26;7;2023;19:45;2;11;11262;1;1;1;1;Domaine de Moujan (Corps de ferme);43,173354;3,06452
202300039216;24;7;2023;03:55;3;30;30189;1;1;1;6;A9 PK 54+300;43,812675;4,355747
202300039217;17;3;2023;15:25;1;34;34146;1;1;1;6;A9 PK 82.700;43,691307;4,072562
202300039218;26;7;2023;18:30;3;976;97617;1;1;1;3;CCD1 Soulou;-12,780833;45,107675
202300039219;26;7;2023;07:45;1;27;27563;1;1;1;6;A13;49,385446;0,500565
202300039220;25;7;2023;14:40;1;987;98744;1;1;1;6;Avera;-22,478829;-151,345446
202300039221;27;5;2023;12:15;1;988;98821;1;1;1;1;RT1;-22,074863;166,286423
202300039222;26;7;2023;07:25;1;41;41136;2;1;7;1;Rue Maryse Bastié;47,7134;1,512659
202300039223;25;7;2023;04:20;3;45;45089;1;1;1;6;D2060 PR 88 + 713;47,915609;2,012333
202300039224;26;7;2023;09:10;1;77;77031;1;3;1;3;D211;48,656747;2,926349
202300039225;26;7;2023;11:30;1;83;83068;1;1;1;6;Route du Littoral;43,287636;6,602386
202300039226;26;7;2023;15:00;1;4;4063;1;1;1;3;Lieu lit Les rochettes;43,771764;5,764502
202300039227;19;7;2023;16:22;1;71;71176;2;3;1;1;Route de Roanne;46,477543;3,988552
202300039228;26;7;2023;07:50;1;71;71571;1;1;1;1;route des pierres;46,372987;4,43543
202300039229;26;7;2023;13:30;1;71;71236;1;1;1;2;D85;46,401224;4,744377
202300039230;24;7;2023;12:28;1;54;54348;1;1;2;6;D907;48,83502065;5,89877844
202300039231;26;7;2023;06:00;2;31;31193;1;1;1;3;D8;43,274288;1,06613
202300039232;26;7;2023;06:50;1;86;86197;1;2;1;3;D61;47,007939;0,262717
202300039233;24;7;2023;16:20;1;33;33284;1;1;1;6;rue des quatre routes;44,65366018;-0,85285395
202300039234;25;7;2023;11:35;1;49;49021;1;1;1;3;D59;47,41248648;-0,20202092
202300039235;25;7;2023;02:50;3;60;60685;1;1;2;7;RD 620;49,36931;2,223605
202300039236;21;7;2023;19:30;2;59;59400;1;1;1;7;rue Barra;50,646328;2,660891
202300039237;20;7;2023;17:11;1;13;13070;1;1;1;4;A50-Sens Aubagne vers Marseille;43,285;5,515
202300039238;25;7;2023;09:16;1;13;13211;1;1;1;6;A50-Sens Marseille vers Aubagne;43,29214984;5,48051521
202300039239;24;7;2023;19:23;1;83;83144;1;1;1;2;A57;43,14252635;6,00850589
202300039240;24;7;2023;13:40;1;33;33249;1;1;1;2;ROUTE NATIONALE 230;44,88116419;-0,5108428
202300039241;24;7;2023;17:14;1;59;59386;1;1;2;6;ROUTE DEPARTEMENTALE 652;50,68302;3,06514
202300039242;17;6;2023;10:27;1;78;78217;1;1;1;2;A13;48,965666;1,811443
202300039243;24;7;2023;09:15;1;95;95582;1;1;1;5;D170;48,96251;2,26372
202300039244;24;7;2023;07:30;1;93;93078;1;1;8;2;AUTOROUTE A104;48,95891;2,52631
202300039245;24;7;2023;07:00;1;93;93027;1;1;8;6;BDL;48,92667;2,40326
202300039246;24;7;2023;06:20;1;95;95582;1;1;2;6;A15;48,97563;2,2412
202300039247;23;7;2023;23:10;3;95;95241;1;1;1;2;RN 104;49,04808411;2,43497837
202300039248;25;7;2023;17:00;1;94;94028;1;1;1;4;A86;48,77630937;2,43517187
202300039249;25;7;2023;13:30;1;77;77018;1;1;2;6;A4;48,834967;2,8055
202300039250;25;7;2023;07:15;1;94;94022;1;1;3;7;A86;48,7766716;2,41970908
202300039251;25;7;2023;08:22;1;94;94017;1;1;2;3;A4;48,83044403;2,49190676
202300039252;25;7;2023;05:37;3;77;77495;1;1;3;5;A5b;48,586943;2,636793
202300039253;24;7;2023;20:00;1;94;94074;1;1;3;3;N406;48,76111962;2,46826261
202300039254;24;7;2023;17:15;1;63;63113;2;1;2;3;Parking Lidl /rue Lesage;45,78849;3,09718
202300039255;23;7;2023;17:45;1;83;83123;2;1;1;1;ROUTE DE BANDOL;43,12634303;5,78783298
202300039256;24;7;2023;22:25;5;974;97411;2;9;1;2;JAURES (BLD 1 JEAN);-20,89014;55,4608
202300039257;24;7;2023;22:35;3;974;97411;1;1;1;6;LITTORAL (ROUTE 2 DU);-20,88001;55,39806
202300039258;24;7;2023;14:00;1;973;97302;2;1;1;3;MADELEINE (ROUTE DE LA);4,9148;-52,32093
202300039259;24;7;2023;12:30;1;2B;2B264;1;1;1;4;TOUTES RUES;42,3623;9,2617
202300039260;24;7;2023;09:40;1;2B;2B120;1;1;1;3;IMPERIALE (Route) D464 ;42,65747;9,43244
202300039261;24;7;2023;02:30;3;971;97113;1;9;1;2;RN4 - SECTION RIVIERA;16,21884;-61,50232
202300039262;22;7;2023;11:45;1;91;91421;2;1;1;3;JEAN JAURES (AVENUE);48,714452;2,447921
202300039263;24;7;2023;22:45;5;91;91223;2;1;2;7;LYS (RUE DES);48,43686;2,1364
202300039264;22;7;2023;16:57;1;90;90010;2;1;1;7;PREMIERE ARMEE FRANCAISE (AVENUE DE LA);47,65513;6,84114
202300039265;22;7;2023;19:30;1;87;87085;2;6;1;6;DUSSOUBS (PLACE DENIS);45,83291;1,25564
202300039266;20;7;2023;12:34;1;83;83009;1;1;1;6;ROCADE NORD;43,1498;5,76007
202300039267;22;7;2023;19:35;1;83;83123;2;3;1;3;AVENIR (BD);43,117196;5,805432
202300039268;24;7;2023;07:15;1;77;77449;1;1;2;6;RD 231;48,830983;2,800036
202300039269;23;7;2023;15:00;1;76;76540;2;3;2;6;Quai de Boisguilbert;49,44414;1,07135
202300039270;24;7;2023;06:55;1;69;69264;2;1;2;7;Avenue de l’Europe;45,99823;4,73884
202300039271;24;7;2023;11:45;1;64;64284;2;1;1;2;CHARLES DE GAULLE;43,28657;-0,3896
202300039272;24;7;2023;11:20;1;64;64140;2;1;2;3;NOVEMBRE (RUE DU 11);43,52812;-1,47983
202300039273;15;7;2023;20:50;1;59;59560;2;6;1;1;EPINETTE RUE DE L;50,549533;3,051209
202300039274;21;7;2023;20:02;1;58;58194;2;6;1;3;VAUZELLES;47,00475;3,14661
202300039275;20;7;2023;22:50;5;58;58194;2;3;1;3;CHARLEVILLE;46,98742;3,15125
202300039276;22;7;2023;21:25;2;57;57672;2;1;1;7;AURIGES (RUE DES);49,358;6,138
202300039277;24;7;2023;16:10;1;56;56121;2;1;1;2;INDES (PONT DES);47,75788;-3,35447
202300039278;16;7;2023;11:00;1;56;56162;1;1;1;6;Rue des Deux Soeurs;47,70332;-3,45868
202300039279;24;7;2023;19:20;1;54;54395;2;2;1;3;Avenue de la Libération;48,69704374;6,15832508
202300039280;23;7;2023;10:30;1;54;54274;2;3;1;3;Rue de la République;48,6715;6,20548
202300039281;24;7;2023;09:55;1;45;45234;2;1;1;3;SECRETAIN (AVENUE ROGER);47,88409642;1,89823151
202300039282;24;7;2023;20:24;2;45;45004;1;1;2;6;D2060 PR 28 + 42;47,971088;2,737514
202300039283;23;7;2023;17:40;1;43;43046;2;1;1;1;15 Boulevard Montgiraud;45,05765;3,90249
202300039284;22;7;2023;16:20;1;39;39198;2;1;1;6;54 Rue des Commards;47,094618;5,50729
202300039285;24;7;2023;15:43;1;37;37214;2;6;1;3;BORDIERS (RUE DES);47,41911;0,67399
202300039286;24;7;2023;11:58;1;37;37261;2;2;1;3;NATIONALE (RUE);47,39296;0,68779
202300039287;23;6;2023;06:00;2;30;30102;1;1;1;6;D225;43,912409;4,28735
202300039288;21;6;2023;15:25;1;88;88319;2;1;1;2;Avenue du Général de Gaulle;48,377622;6,883321
202300039289;20;6;2023;15:50;1;88;88148;1;2;1;3;Rue de la Faxette;47,98841;6,634642
202300039290;23;6;2023;09:45;1;42;42155;1;1;1;6;A89;45,816851;4,114294
202300039291;22;6;2023;15:44;1;83;83116;1;1;1;5;point kilométrique 62.800 sens Est-ouest;43,44880529;5,88847971
202300039292;9;6;2023;06:20;2;974;97418;2;1;1;1;117 Rue Roger Payet;-20,91485;55,51007
202300039293;21;6;2023;11:25;1;971;97107;1;1;1;3;RN1 - Saint Sauveur;16,0136;-61,585965
202300039294;23;6;2023;15:30;1;33;33203;1;3;1;3;ROUTE DÉPARTEMENTALE 3;45,139135;-1,045214
202300039295;21;6;2023;16:45;1;45;45270;1;1;1;6;D60 PR 8 + 611;47,82381;2,29669
202300039296;21;6;2023;23:30;4;77;77413;2;1;1;7;D934;48,88358;2,8451
202300039297;23;6;2023;08:00;1;91;91494;1;6;1;4;rond point percé, D19;48,614896;2,351031
202300039298;23;6;2023;15:45;1;13;13073;1;1;1;1;D8;43,396687;5,575213
202300039299;22;6;2023;14:25;1;13;13027;2;2;1;3;D34;43,885251;4,828987
202300039300;21;6;2023;13:20;1;26;26165;1;1;1;2;;44,80347864;4,850142
202300039301;23;6;2023;02:45;4;55;55514;2;1;1;7;49 Rue Raymond Poincaré;48,747603;5,05828
202300039302;23;6;2023;10:52;1;57;57620;2;1;1;7;D181;49,199944;5,994737
202300039303;23;6;2023;15:03;1;38;38468;1;1;1;4;Route Nationale 7;45,338331;4,804587
202300039304;23;6;2023;12:00;1;65;65123;1;1;1;3;la Séoube;42,955995;0,258184
202300039305;22;6;2023;12:00;1;9;9293;1;1;1;1;D21;42,962884;1,517374
202300039306;22;6;2023;07:10;1;79;79049;2;1;2;7;;46,810653;-0,559986
202300039307;21;6;2023;17:50;1;79;79049;2;1;1;7;;46,838894;-0,496115
202300039308;22;6;2023;21:15;2;60;60452;1;1;1;7;Rue du Moulin;49,20571;1,997737
202300039309;1;6;2023;15:30;1;59;59190;1;1;1;1;Rue de Boussois;50,30992;4,015439
202300039310;23;6;2023;17:30;1;59;59080;2;1;1;3;Rue du Saulzoir;50,463794;3,287581
202300039311;18;6;2023;12:26;1;13;13202;1;1;1;2;A55-Sens Marseille vers Martigues;43,31961;5,36377
202300039312;18;6;2023;17:30;1;13;13005;1;1;1;7;A50-Sens Aubagne vers Marseille;43,2884;5,54805
202300039313;21;6;2023;17:30;1;69;69276;1;1;1;7;Autoroute 7  ;45,66385942;4,84307563
202300039314;18;6;2023;11:40;1;67;67365;1;1;1;6;M35;48,53923;7,71869
202300039315;22;6;2023;17:30;1;33;33318;1;1;1;2;AUTOROUTE A 63;44,78488;-0,62959
202300039316;19;6;2023;17:28;1;62;62274;1;1;1;6;A1;50,44077;2,97299
202300039317;22;6;2023;20:01;1;91;91136;1;1;1;3;AUTOROUTE A10;48,71322;2,28624
202300039318;22;6;2023;18:45;1;94;94065;1;1;1;2;A106;48,75423746;2,3518639
202300039319;22;6;2023;18:10;1;94;94038;1;1;1;2;A6A;48,78022461;2,34674665
202300039320;22;6;2023;10:45;1;92;92064;1;1;2;7;A13;48,83922315;2,2111532
202300039321;21;6;2023;20:40;1;95;95252;1;1;1;3;A15;48,97641088;2,23645806
202300039322;20;6;2023;18:30;1;93;93005;1;1;8;6;AUTOROUTE A1;48,96143;2,46628
202300039323;20;6;2023;17:50;1;95;95018;1;1;1;2;A15;48,96033709;2,27110147
202300039324;20;6;2023;13:50;1;95;95154;1;1;1;3;A1;49,05184369;2,54809856
202300039325;18;6;2023;13:00;1;93;93006;1;1;1;2;AUTOROUTE A3;48,86577158;2,41749625
202300039326;18;6;2023;04:20;5;95;95527;1;1;3;3;A1;49,01544622;2,53143909
202300039327;22;6;2023;20:00;1;94;94004;1;1;1;2;N19;48,75940121;2,50031751
202300039328;17;6;2023;10:35;1;94;94017;1;1;1;4;A4;48,82732384;2,50906368
202300039329;22;3;2023;22:50;3;38;38297;1;1;1;7;Chemin de Morgier;45,689356;5,429338
202300039330;21;6;2023;19:20;5;971;97105;2;9;8;6;BD GERTY ARCHIMEDE;15,99162;-61,72904
202300039331;21;6;2023;09:25;1;78;78029;2;3;1;3;JULES FERRY(RUE);48,95368;1,85588
202300039332;21;6;2023;07:50;1;76;76108;2;1;1;6;Avenue du Maréchal Juin;49,46338;1,13299
202300039333;21;6;2023;15:05;1;67;67482;2;1;1;6;PREMIERE ARMEE (RUE DE LA);48,57444;7,75364
202300039334;19;6;2023;21:10;5;972;97209;1;1;1;4;AUTOROUTE A1;14,614021;-61,051723
202300039335;21;6;2023;19:46;1;2B;2B120;1;9;1;2;11 - RT;42,63796;9,4383
202300039336;21;6;2023;12:30;1;2A;2A004;2;1;1;2;CAMPI LOUIS BD;41,94358;8,75436
202300039337;20;6;2023;18:00;1;91;91114;2;1;2;6;RUE TALMA;48,69384;2,50228
202300039338;21;6;2023;12:45;1;91;91286;2;1;1;6;EMILE ALLIAUD (AVENUE);48,65919;2,39978
202300039339;19;6;2023;15:30;1;87;87085;2;1;1;6;BEAUBLANC (BOULEVARD DE);45,84677;1,24386
202300039340;18;6;2023;15:55;1;83;83061;1;1;1;1;D7;43,48843;6,77941
202300039341;21;6;2023;01:26;5;81;81004;2;1;1;6;CHOISEUL (QUAI);43,93026;2,1447
202300039342;14;6;2023;19:15;1;78;78396;2;3;1;2;JULES REIN (RUE);48,932983;2,129813
202300039343;21;6;2023;14:30;1;78;78418;2;9;1;3;GABRIEL PERI (AVENUE);48,92736;2,14036
202300039344;21;6;2023;18:15;1;76;76231;2;1;1;2;Rue de la République (Contre-allée);49,29068;1,00116
202300039345;21;6;2023;16:10;1;76;76216;2;1;1;4;Route de Dieppe;49,47833;1,04734
202300039346;21;6;2023;02:25;5;76;76351;2;1;2;7;PIERRE MENDES FRANCE;49,515319;0,154158
202300039347;13;6;2023;12:00;1;73;73008;2;1;1;2;D1201 LATTRE DE TASSIGNY AVENUE DE L';45,69486555;5,90374819
202300039348;20;6;2023;18:00;1;71;71076;2;2;1;3;COUDRE (CHEMIN DE LA);46,79907957;4,84873317
202300039349;20;6;2023;11:25;1;69;69259;2;3;1;3;Rue Albert Einstein;45,69732;4,87681
202300039350;19;6;2023;07:15;1;68;68297;2;6;1;6;MULHOUSE ( RUE)CITE BOURGLIBRE JUSQUE RU;47,591231;7,557594
202300039351;17;6;2023;23:45;5;64;64483;2;3;2;3;THIERS ADOLPHE (BOULEVARD);43,39069;-1,6591
202300039352;21;6;2023;16:55;1;64;64445;2;1;8;4;BUROS DE;43,30965;-0,35232
202300039353;21;6;2023;07:45;1;63;63113;2;2;2;1;KESSLER (RUE);45,76909;3,0873
202300039354;5;6;2023;01:30;4;62;62563;1;1;1;1;Boulevard Arthur Lamendin;50,459448;2,720795
202300039355;18;6;2023;15:10;1;62;62498;2;1;1;6;Rue Lazare Hoche;50,44001;2,82969
202300039356;16;6;2023;16:45;1;62;62427;2;9;1;6;Place de la République;50,42167789;2,94656745
202300039357;21;6;2023;09:45;1;61;61117;1;2;1;3;MOULIN A VENT (RUE DU);48,438;0,058
202300039358;17;6;2023;12:30;1;59;59350;2;2;1;3;LIBERTE BVD N°2 - 90-51 - 145;50,63225;3,06075
202300039359;17;6;2023;15:30;1;59;59043;1;2;1;4;BELLE CROIX (RUE DE LA);50,72188;2,70345
202300039360;21;6;2023;01:25;5;57;57751;2;2;1;3;GENERAL DE GAULLE (RUE DU );49,147926;6,150059
202300039361;7;6;2023;14:28;1;56;56260;2;1;1;2;Boulevard de la Résistance;47,64593;-2,77986
202300039362;20;6;2023;17:55;1;56;56121;2;1;1;2;SAINT-CHRISTOPHE ( PONT );47,76135;-3,36428
202300039363;20;6;2023;17:20;1;56;56121;2;3;1;2;CHENAILLER DIT COLONEL MAURICE ( AV. );47,73587;-3,38986
202300039364;20;6;2023;15:50;1;54;54395;2;3;1;6;Avenue de Boufflers;48,68922;6,16162
202300039365;20;6;2023;15:15;1;54;54395;2;2;1;3;Boulevard Albert 1er;48,69846;6,16685
202300039366;20;6;2023;13:51;1;54;54329;2;1;1;6;AVENUE DU GENERAL DE GAULLE;48,59723;6,48231
202300039367;21;6;2023;14:05;1;54;54280;2;1;1;3;Rue de Franchepré;49,22688;6,01652
202300039368;20;6;2023;12:10;1;49;49353;1;1;1;5;PERREYEUX;47,45366;-0,49856
202300039369;18;6;2023;07:40;1;44;44143;1;1;1;2;;47,1673571;-1,5214338
202300039370;20;6;2023;18:10;1;44;44162;2;1;1;6;77 Boulevard du Tertre;47,21182;-1,60903
202300039371;20;6;2023;22:45;5;43;43157;2;1;1;3;11 Cours Victor Hugo;45,03876081;3,88454139
202300039372;21;6;2023;08:45;1;37;37195;2;6;1;6;MAIRIE (RUE DE LA);47,38671;0,65115
202300039373;20;6;2023;14:05;1;37;37261;2;1;1;1;TONNELLE (BOULEVARD);47,38006;0,6678
202300039374;19;6;2023;09:30;1;33;33162;2;3;1;6;Rue du College Technique;44,88383;-0,62965
202300039375;15;6;2023;06:10;1;33;33063;2;1;1;6;Rue de Pessac;44,82936;-0,58215
202300039376;21;6;2023;22:50;5;31;31555;2;1;1;6;CHE DES PRADETTES;43,57903395;1,38718352
202300039377;21;6;2023;10:30;1;29;29232;2;2;2;3;Rue Amiral Ronarc'h;47,995063;-4,108142
202300039378;21;6;2023;12:08;1;29;29232;2;1;1;6;Boulevard Dupleix;47,99467;-4,10188
202300039379;21;6;2023;08:15;1;29;29151;2;1;7;6;18 Rue Paul Sérusier;48,58295;-3,81891
202300039380;20;6;2023;18:10;1;29;29019;2;1;1;2;rue de Madagascar;48,384002;-4,478775
202300039381;21;6;2023;15:05;1;28;28404;1;6;1;3;GARNAY (ROND POINT DE);48,71967;1,34837
202300039382;21;6;2023;19:30;1;25;25056;1;1;1;2;N57 - Les Vallières;47,21214;5,990879
202300039383;21;6;2023;23:20;3;22;22187;1;9;1;2;VERDUN (rue de );48,53645896;-2,77533978
202300039384;21;6;2023;10:27;1;17;17306;2;1;1;6;EUROPE (COURS DE L');45,62495;-1,01988
202300039385;21;6;2023;14:55;1;15;15014;2;2;1;6; N 122;44,9126;2,4349
202300039386;13;6;2023;23:25;3;14;14398;1;1;1;6;1167 Route de Dives;49,19401;0,178168
202300039387;20;6;2023;13:25;1;14;14118;2;2;1;3;101 Rue du Chemin Vert;49,19477;-0,395289
202300039388;16;6;2023;16:45;1;14;14167;1;6;1;6;1 Route de Cabourg;49,19949;-0,29248