Num_Acc;jour;mois;an;hrmn;lum;dep;com;agg;int;atm;col;adr;lat;long
202300039642;17;5;2023;08:30;1;93;93007;2;1;1;3;167 Avenue Paul Vaillant Couturier;48,92663894;2,47120017
202300039643;24;2;2023;07:35;1;988;98818;2;1;1;6;RUE AUGUSTE BENEBIG;-22,26973;166,45468
202300039644;17;5;2023;16:59;1;92;92078;1;1;1;6;CHARLES DE GAULLE (BD) (71 AU 153);48,94151;2,32143
202300039645;7;11;2023;10:30;2;60;60653;1;2;7;2;D916;49,48434381;2,4519504
202300039646;17;5;2023;07:50;1;92;92072;2;1;1;3;LECLERC (AVENUE DE LA DIVISION);48,82424;2,22019
202300039647;24;2;2023;09:40;1;77;77288;2;1;8;6;GENERAL LECLERC (RUE);48,52711;2,65341
202300039648;24;2;2023;00:00;5;973;97302;1;6;2;3;GIRATOIRE MARINGOUINS;4,90705499;-52,32218921
202300039649;17;5;2023;16:21;1;92;92063;2;2;1;6;DOUMER (AVENUE PAUL) NORD;48,87882036;2,17728787
202300039650;16;5;2023;18:55;1;92;92051;2;9;1;2;CHATEAU (BOULEVARD DU);48,8917;2,27288
202300039651;24;2;2023;01:32;5;69;69387;2;2;1;3;Cours Gambetta;45,75390786;4,84694859
202300039652;5;11;2023;19:00;5;33;33550;1;1;2;4;AUTOROUTE A 62;44,77454424;-0,55640146
202300039653;17;5;2023;08:35;1;92;92050;2;1;1;6;CLEMENCEAU GEORGES AVENUE N° PAIR;48,88637;2,20967
202300039654;13;2;2023;17:30;1;972;97213;2;1;1;2;MAHAULT;14,61944;-61,00538
202300039655;17;5;2023;17:50;1;92;92049;2;9;1;3;PERI RUE GABRIEL N°2 A 36;48,81773;2,32436
202300039656;24;2;2023;08:40;1;972;97209;1;1;2;7;BOIS THIBAULT (CHEMIN DU );14,64175;-61,084
202300039657;3;11;2023;12:00;1;59;59343;1;1;1;5;AUTOROUTE A1;50,58854;3,09584
202300039658;17;5;2023;15:30;1;92;92049;2;1;1;3;ARNOUX AVENUE MAURICE N°2 A 80;48,82206737;2,3145774
202300039659;6;11;2023;10:00;1;91;91521;2;1;1;7;RN 449;48,63555;2,41211
202300039660;24;2;2023;18:30;5;69;69034;2;1;2;6;52 Avenue Général Leclerc;45,80614;4,8668
202300039661;17;5;2023;08:40;1;92;92048;2;1;1;6;TRIVAUX (AVENUE DE) N° 6BIS A 8;48,79903725;2,2331813
202300039662;23;2;2023;18:35;2;69;69034;2;1;1;6;8 Montée de la Boucle;45,78283338;4,83537093
202300039663;6;11;2023;07:30;2;91;91064;1;1;1;2;RN 118;48,74478;2,19202
202300039664;17;5;2023;13:37;1;92;92036;2;1;1;6;PRINCIPALE DU PORT (ROUTE) (1/17);48,93746;2,27542
202300039665;6;11;2023;03:45;3;91;91136;1;1;2;6;AUTOROUTE A10;48,71075;2,28731
202300039666;24;2;2023;16:10;1;2B;2B033;2;1;1;6;TOUTES RUES;42,68131;9,44125
202300039667;17;5;2023;09:30;1;92;92036;1;1;1;3;PETITS MARAIS (CHEMIN DES);48,94631468;2,29923517
202300039668;5;11;2023;23:36;3;91;91340;1;1;1;2;AUTOROUTE A6;48,61014;2,43304
202300039669;24;2;2023;10:00;1;2B;2B106;1;1;1;1;TOUTES RUES;42,3711;9,2554
202300039670;5;11;2023;06:40;2;92;92050;1;1;2;6;A14;48,90008747;2,20944671
202300039671;17;5;2023;03:10;5;92;92012;2;1;1;4;EDOUARD VAILLANT (AVENUE) - DEBUT/55 - C;48,83667;2,25341
202300039672;17;5;2023;02:14;5;92;92009;2;1;1;6;ABBE GLATZ  ( RUE DE L' );48,92118805;2,27390237
202300039673;26;4;2023;21:00;2;92;92004;2;1;2;6;LAURENT-CELY  ( AVENUE );48,91578768;2,30849415
202300039674;24;2;2023;03:15;3;81;81144;1;1;2;6;VALENCE ( ROUTE DE ) D 903;43,9646562;2,1913544
202300039675;6;11;2023;10:10;1;93;93078;1;1;1;2;AUTOROUTE A104;48,9713639;2,4985811
202300039676;18;5;2023;14:10;1;39;39020;1;1;1;6;N/A;46,716981;6,062831
202300039677;6;11;2023;07:20;3;95;95018;1;1;1;3;A15;48,96002948;2,27121949
202300039678;18;5;2023;20:25;1;80;80136;1;1;1;1;route départemantale 1;49,934193;2,734115
202300039679;5;11;2023;00:20;3;94;94073;1;1;2;6;A86;48,77011469;2,38223272
202300039680;24;2;2023;11:05;1;77;77516;1;1;1;1;D606;48,361177;2,900078
202300039681;17;5;2023;16:35;1;62;62812;1;1;1;5;D341;50,64488953;2,04466906
202300039682;27;6;2023;19:00;1;28;28015;2;1;1;2;21 Route de Gallardon (Auneau);48,469697;1,776041
202300039683;23;2;2023;12:30;1;76;76351;2;3;1;6;EUGENE SUE;49,51736623;0,12308358
202300039684;18;5;2023;08:45;1;31;31271;1;1;1;3;D18;43,533717;1,66356
202300039685;23;2;2023;11:00;1;71;71499;2;1;1;1;JEAN LAVILLE (RUE);46,64794;4,29366
202300039686;27;6;2023;17:50;1;13;13003;1;3;1;3;Chemin des Terres de Saint Jean;43,714965;5,139043
202300039687;18;5;2023;04:40;3;79;79313;1;1;1;1;;46,318118;-0,074501
202300039688;24;2;2023;16:55;1;69;69282;2;3;1;3;Chemin de Chassieu à Meyzieu;45,76076;4,99248
202300039689;3;11;2023;08:50;1;973;97302;2;3;1;3;TIGRE (ROUTE DU);4,9154756;-52,31123775
202300039690;17;5;2023;17:35;1;41;41225;1;1;1;5;D116;47,734936;0,836007
202300039691;24;2;2023;18:00;3;69;69290;2;1;2;2;Boulevard des Expositions;45,7243;4,9509
202300039692;18;5;2023;15:05;1;57;57172;1;2;1;3;RD25 DENTING;49,173455;6,532617
202300039693;24;2;2023;16:25;1;69;69029;2;1;2;3;15 Rue de Reims;45,739;4,90632
202300039694;5;11;2023;17:00;2;69;69388;2;2;1;3;138 Boulevard des Etats-Unis;45,72701;4,86928
202300039695;25;2;2023;00:30;3;64;64130;1;1;1;7;KURLEKU (ROUTE DE);43,34192;-1,72958
202300039696;17;5;2023;13:50;1;51;51391;1;2;1;3;N31;49,273555;3,882406
202300039697;5;11;2023;15:50;1;972;97213;1;1;1;7;DAUBERT (VOIE COMMUNALE N°9 DE);14,66717;-60,98327
202300039698;4;11;2023;12:16;1;972;97213;1;1;1;6;AUTOROUTE A1;14,61821;-61,02079
202300039699;18;5;2023;09:15;1;79;79062;1;1;1;1;;46,806904;-0,670638
202300039700;24;2;2023;14:30;1;64;64545;2;1;1;4;PAUL GELOS (RUE);43,37589;-1,67707
202300039701;4;11;2023;11:00;1;972;97213;1;1;1;2;AUTOROUTE A1;14,61427;-61,01094
202300039702;17;5;2023;14:55;1;33;33518;1;1;1;1;72 Route François Mauriac;44,713103;-0,412253
202300039703;5;11;2023;02:37;5;972;97209;1;1;3;6;Chateauboeuf  (Pont de);14,6185;-61,0363
202300039704;24;2;2023;09:40;1;64;64445;2;6;1;4;Rond Point de la Commune de Paris;43,31144;-0,36322
202300039705;18;5;2023;19:55;1;49;49310;2;1;1;6;Rue de la source;47,080629;-0,543952
202300039706;5;11;2023;14:50;1;69;69034;2;1;1;3;155 Rue Pasteur;45,79731;4,85046
202300039707;23;2;2023;18:20;1;64;64102;2;1;2;4;N/A;43,47224164;-1,49032921
202300039708;18;5;2023;00:50;3;12;12066;1;1;1;7;D257;44,425498;2,428848
202300039709;5;11;2023;15:13;5;69;69384;2;1;1;2;Tunnel de la Croix-Rousse;45,77381667;4,82301613
202300039710;18;5;2023;01:00;3;29;29216;1;1;1;6;Route de Pouldreuzic;47,97831496;-4,19712147
202300039711;21;2;2023;20:15;5;62;62498;2;2;1;3;Route de Béthune;50,44309;2,80313
202300039712;24;2;2023;19:20;5;62;62048;2;1;1;1;Boulevard Emile Basly;50,515025;2,455166
202300039713;17;5;2023;17:45;1;29;29167;1;2;1;3;D40;47,96991793;-4,26806786
202300039714;5;11;2023;17:00;5;971;97113;1;1;1;4;RN4-ROND POINT SAINT FELIX;16,20775;-61,4616
202300039715;18;5;2023;10:15;1;2;2441;1;1;1;6;D80;49,243492;3,225431
202300039716;5;11;2023;10:45;1;971;97101;2;9;1;2;PENNEL - DUGAZON (CHEMIN);16,25147;-61,51691
202300039717;24;2;2023;11:00;1;60;60057;2;3;1;1;Rue de Notre-dame-du-thil;49,44502524;2,08008635
202300039718;17;5;2023;16:53;1;15;15152;2;1;1;6;RD 990 ;44,922239;2,839127
202300039719;24;2;2023;19:45;5;59;59328;2;2;8;3;BONTE AUGUSTE RUE;50,64591;3,01789
202300039720;18;5;2023;11:30;1;1;1319;1;4;8;7;Route de chatillon D82;46,102347;4,950778
202300039721;5;11;2023;00:55;5;971;97105;2;1;1;1;GOUVERNEUR DU LYON (AVE);16,00032;-61,73587
202300039722;24;2;2023;19:05;2;59;59350;2;9;1;3;HUGO VICTOR  BVD N°104 - 294;50,62142;3,0593
202300039723;17;5;2023;08:45;1;72;72176;1;1;1;1;la Gannetière;47,65570683;0,12116894
202300039724;5;11;2023;02:11;5;95;95585;2;2;3;3;D10;48,99079;2,37417
202300039725;13;5;2023;10:00;1;43;43028;1;1;2;3;RD 431;45,124542;4,080595
202300039726;23;2;2023;14:45;1;59;59350;2;1;1;2;FAUBOURG D'ARRAS RUE;50,605317;3,057834
202300039727;24;2;2023;21:15;5;59;59122;2;9;1;3;LIBERTE (BOULEVARD DE LA);50,173;3,225
202300039728;4;11;2023;15:31;1;95;95268;2;2;2;3;PECHEURS (RUE DES);48,9642;2,4132
202300039729;17;5;2023;08:30;2;17;17443;2;3;1;2;Rue Choderlos de Laclos;46,08471;-1,018043
202300039730;24;2;2023;13:35;1;58;58194;2;3;2;6;MARCEAU;46,99206;3,15902
202300039731;5;11;2023;18:35;3;95;95218;2;1;1;6;N184;49,01340975;2,08976403
202300039732;17;5;2023;21:20;2;17;17140;2;1;1;3;85 Route de Saint Pierre;45,906528;-1,260499
202300039733;5;11;2023;01:50;5;91;91345;2;2;3;6;RTE DE CORBEIL;48,68554;2,30683
202300039734;17;5;2023;18:25;1;17;17353;1;1;7;1;D137;45,981099;-1,013972
202300039735;24;2;2023;17:26;1;56;56098;2;3;1;3;52 Avenue François Billoux;47,76196;-3,34773
202300039736;17;5;2023;21:25;3;88;88029;2;1;1;1;17 Rue du Bertramont;48,001122;6,272137
202300039737;3;11;2023;21:00;3;91;91161;1;1;1;2;RTE DE WISSOUS;48,70894;2,3113
202300039738;24;2;2023;15:25;1;56;56121;2;6;1;3;FRANCE ( AVE ANATOLE );47,74537;-3,36811
202300039739;16;5;2023;21:30;3;3;3031;1;1;1;6;A71 - PK297.500;46,385781;2,720881
202300039740;18;5;2023;18:40;1;13;13001;1;1;2;6;A51;43,57202754;5,46759725
202300039741;3;11;2023;20:55;5;86;86066;2;2;1;3;Rue du Nouveau Brünswick;46,81564;0,53565
202300039742;24;2;2023;13:00;1;56;56121;2;6;1;3;Boulevard Flandres-Dunkerque 1940;47,74624;-3,39583
202300039743;18;5;2023;09:50;1;1;1179;1;1;1;6;A406, PK 006+700;46,271158;4,835572
202300039744;30;10;2023;18:30;5;84;84035;2;1;3;6;LIBERATION (AVENUE DE LA);43,84763;5,0388
202300039745;24;2;2023;11:10;1;56;56098;2;2;1;3;SCRIBE (RUE  AUGUSTIN );47,76795;-3,35551
202300039746;18;5;2023;03:00;5;987;98715;2;1;1;6;PK 5+700 - RT1;-17,584;-149,56
202300039747;23;2;2023;16:50;1;56;56098;2;1;2;6;47 Avenue Kesler Devillers;47,76868;-3,34506
202300039748;5;11;2023;10:10;1;83;83090;2;1;1;4;NATIONALE 8 (ROUTE);43,13502;5,85439
202300039749;5;11;2023;09:42;1;79;79329;2;1;1;7;N/A;46,983534;-0,21208
202300039750;16;5;2023;14:30;1;987;98715;1;1;1;4;RDO sens FAAA/PUNAAUIA;-17,584;-149,56
202300039751;24;2;2023;14:50;1;54;54528;2;3;2;3;COLONEL GRANDVAL (AVENUE);48,674568;5,885065
202300039752;18;5;2023;07:05;1;34;34240;1;1;1;2;A709;43,650889;3,986621
202300039753;15;2;2023;16:15;1;49;49328;2;1;1;6;RESISTANCE (PLACE DE LA);47,26722;-0,06973
202300039754;5;11;2023;20:50;3;76;76497;2;1;9;7;Rue John Kennedy;49,387762;1,033429
202300039755;24;2;2023;19:10;5;45;45284;2;6;2;6;54 Avenue Charles Péguy;47,90495755;1,94492394
202300039756;5;11;2023;18:00;5;71;71270;2;1;1;6;LATTRE DE TASSIGNY (QUAI  MARECHAL DE);46,31154;4,83844
202300039757;18;5;2023;08:30;1;33;33527;1;1;1;1;D650e1;44,619242;-1,023756
202300039758;11;2;2023;18:30;5;42;42207;2;1;1;6;Rue Royet de la Bastie;45,46422;4,50553
202300039759;4;11;2023;16:25;1;69;69259;1;9;3;2;Boulevard Périphérique Laurent Bonnevay;45,7193;4,8791
202300039760;13;5;2023;20:45;2;77;77206;1;1;2;1;6 Rue des Abeilles;48,845696;3,018846
202300039761;24;2;2023;04:45;5;42;42218;2;1;8;2;Boulevard Georges Pompidou;45,45548;4,4018
202300039762;5;11;2023;19:10;5;64;64445;2;1;1;7;ETIGNY D';43,29654;-0,38491
202300039763;17;5;2023;11:50;1;83;83068;1;1;1;6;CD 559 ST PONS LES MURES;43,283755;6,591834
202300039764;18;2;2023;17:45;1;40;40192;2;1;1;6;GAMBETTA LEON (RUE);43,89124;-0,50136
202300039765;18;5;2023;02:28;3;13;13110;1;3;1;3;D56;43,452639;5,674181
202300039766;5;11;2023;07:15;3;59;59088;1;1;8;6;rue d'Armentières;50,664;2,873954
202300039767;19;2;2023;16:20;1;40;40192;1;1;1;1;ROCADE EST (RD 932 E);43,872;-0,472
202300039768;24;2;2023;20:15;5;37;37261;2;2;2;1;THEURIET (RUE ANDRE);47,38303;0,69679
202300039769;5;11;2023;18:30;1;57;57463;2;1;1;3;TREVES (BOULEVARD DE );49,12;6,18
202300039770;18;5;2023;09:05;1;26;26058;1;1;2;4;Autoroute A7, sens nord sud, PK 065.400;44,976715;4,884603
202300039771;24;2;2023;13:55;1;33;33063;2;2;1;3;Rue Bertrand de Goth;44,81902;-0,57676
202300039772;30;10;2023;15:56;1;53;53130;2;6;2;7;SAINT BERNARD DE CLERVAUX  (RUE );48,05701;-0,77982
202300039773;17;5;2023;21:00;3;89;89390;1;1;1;3;A5;48,32882872;3,22043829
202300039774;23;2;2023;12:20;1;29;29019;2;1;1;1;rue de la Somme;48,38019362;-4,51960668
202300039775;5;11;2023;23:30;3;47;47032;1;1;3;6;SAINTE RADEGONDE;44,19902;0,67512
202300039776;17;5;2023;15:30;1;68;68171;2;1;1;6;24 Grand rue;47,926731;6,968122
202300039777;24;2;2023;07:50;2;27;27299;2;2;1;3;BROSSOLETTE (RUE PIERRE);49,05492;1,16708
202300039778;6;11;2023;00:40;5;45;45232;2;1;1;6;Avenue de Sologne;47,85617;1,91291
202300039779;17;5;2023;09:45;1;68;68334;2;3;1;3;Avenue Pasteur;47,798278;7,109311
202300039780;24;2;2023;12:40;1;25;25462;2;1;1;1;FRERES BERTHET;46,911272;6,355952
202300039781;17;5;2023;18:00;1;69;69176;2;1;8;2;5 Rue Joseph Comeau;45,683147;4,703039
202300039782;5;11;2023;06:40;5;45;45147;2;2;1;3;115 Rue de Verdun;47,93447;1,90547
202300039783;24;2;2023;14:50;1;23;23096;2;6;1;2;BERRY (AVENUE DU);46,17773;1,87756
202300039784;13;5;2023;19:30;1;59;59232;1;1;8;3;Route départementale 649;50,30173713;3,72297794
202300039785;5;11;2023;18:10;5;42;42186;1;1;1;1;Rue Edouard Vaillant;45,52096;4,59652
202300039786;22;2;2023;18:00;1;19;19031;2;6;2;3;ALVITRE (AVENUE ABBE);45,15261192;1,50521278
202300039787;17;5;2023;20:35;1;59;59181;1;1;1;6;Route Nationale 2;50,190872;3,951393
202300039788;5;11;2023;21:05;3;37;37122;2;1;8;6;RD 37;47,34152999;0,64911874
202300039789;18;5;2023;04:15;2;59;59250;1;6;1;6;N41;50,584626;2,908266
202300039790;20;2;2023;20:25;5;18;18279;2;2;1;3; Rue Jean Jacques Rousseau;47,21888;2,07001
202300039791;17;5;2023;19:20;1;33;33192;1;1;1;2;ROCADE A 630;44,7854;-0,5937
202300039792;5;11;2023;06:10;5;37;37261;2;2;8;3;MARECHAL JUIN (BD);47,4089;0,70348
202300039793;5;11;2023;19:00;5;33;33529;2;1;1;6;SAINT-EXUPERY (AVE);44,62477356;-1,14095405
202300039794;23;2;2023;18:25;1;14;14118;2;2;8;3;27 Rue Ernest Manchon;49,17285;-0,34095
202300039795;17;5;2023;16:02;1;92;92036;1;1;1;3;A86;48,93747288;2,2956682
202300039796;5;11;2023;13:20;1;33;33529;1;1;8;6;RD 1250 (CAMICAS-OUSTALET);44,644916;-1,158186
202300039797;12;4;2023;17:45;1;92;92025;1;1;2;2;A86;48,92865065;2,23945697
202300039798;24;2;2023;08:10;1;13;13203;2;2;2;3;NATIONAL (BOULEVARD);43,30782463;5,3816814
202300039799;4;11;2023;17:30;2;31;31555;2;1;2;3;CHE SALINIE;43,59476873;1,38207391
202300039800;24;2;2023;14:43;1;10;10387;2;1;1;2;ETIENNE PEDRON (RUE);48,31027;4,07457
202300039801;17;5;2023;10:25;1;93;93064;1;1;1;4;AUTOROUTE A86;48,8791675;2,47634149
202300039802;4;11;2023;17:20;2;31;31555;2;1;2;3;RUE ANDRE ETCHEVERLEPO;43,64002605;1,45645827
202300039803;24;2;2023;13:55;1;6;6029;2;1;1;3;TONNER (AVENUE FRANCIS);43,55021;6,95882
202300039804;5;11;2023;22:05;5;25;25462;2;1;2;6;BESANCON (DU 72TER A LA FIN);46,91487;6,34559
202300039805;17;5;2023;08:15;1;95;95018;1;1;1;6;A15;48,96125;2,26871
202300039806;19;2;2023;21:50;3;5;5061;2;1;1;7;route;44,56068976;6,04258239
202300039807;12;5;2023;13:35;1;92;92025;2;1;1;6;PRESIDENT SALVADOR ALLENDE (RUE DU);48,921958;2,235119
202300039808;5;11;2023;16:20;2;25;25056;2;1;8;6;DOLE RUE DE (entre 82 et 185);47,227612;5,982483
202300039809;23;2;2023;19:52;5;3;3310;2;4;1;6;Rue Alquié;46,12311;3,41808
202300039810;16;5;2023;09:05;1;69;69386;2;2;8;3;7 Place d'Helvétie;45,77293;4,84211
202300039811;4;11;2023;18:10;5;22;22113;2;2;2;3;SAINT ELIVET (RUE DE);48,7273;-3,4469
202300039812;24;2;2023;14:30;1;1;1053;2;2;1;5;KENNEDY BVD J  - IMPAIR DE DIMES A CROIX;46,20354;5,24251
202300039813;7;5;2023;12:38;1;46;46042;2;3;1;6;GAMBETTA (BOULEVARD LEON) N°IMPAIR;44,4474;1,4402
202300039814;5;11;2023;18:40;5;13;13211;2;1;1;2;MILLIERE (BOULEVARD DE LA );43,28347;5,4992
202300039815;17;5;2023;06:04;2;988;98818;2;1;1;6;RUE FREDERIC SURLEAU;-22,27302;166,44489
202300039816;5;11;2023;12:00;1;7;7281;1;1;2;3;C.D.533;44,93593;4,82028
202300039817;24;2;2023;20:15;5;93;93007;2;3;1;3;Rue d’Altrincham Sandwell / Avenue Vladimir Ilitch Lenine;48,94762;2,44793
202300039818;16;5;2023;09:40;1;976;97611;1;1;1;5;passamanty-Vahibé ( route );-12,79633492;45,19950199
202300039819;24;2;2023;02:50;5;75;75106;2;2;1;2;BOULEVARD RASPAIL;48,848091;2,327941
202300039820;17;10;2023;16:15;1;5;5061;2;1;2;2;BELLEVUE (BOULEVARD);44,560203;6,087844
202300039821;16;5;2023;09:45;1;974;97416;2;6;1;3;HUBERT DE LISLE(BOULEVARD);-21,34353;55,46813
202300039822;5;11;2023;22:50;5;3;3185;2;1;2;6;Quai de la Liberation;46,332422;2,59476
202300039823;24;2;2023;19:30;5;75;75118;2;3;1;6;RUE LEPIC;48,885811;2,334787
202300039824;16;5;2023;17:45;2;974;97411;2;1;1;1;REYDELLET (ROUTE JULES);-20,93365;55,49231
202300039825;24;2;2023;16:55;1;75;75116;2;1;1;3;BOULEVARD MURAT;48,840815;2,256176
202300039826;16;5;2023;07:40;1;974;97411;2;1;1;6;TOPAZES(ALLEE DES);-20,89696;55,44609
202300039827;24;2;2023;12:00;1;75;75115;2;1;1;6;BOULEVARD DE GRENELLE;48,853553;2,289937
202300039828;4;11;2023;18:00;5;75;75120;2;1;2;2;PORTE DE BAGNOLET;48,866942;2,41322
202300039829;16;5;2023;17:10;1;973;97309;2;1;2;3;TROUBIRAN (CHEMIN DE);4,9183;-52,3066
202300039830;24;2;2023;00:00;5;75;75120;2;3;1;6;RUE DES GLAIEULS;48,876979;2,408634
202300039831;16;5;2023;15:10;1;69;69388;2;1;1;6;Promenade Léa et Napoléon Bullukian;45,74127;4,87863
202300039832;4;11;2023;17:35;2;75;75112;2;1;1;6;ECHANGEUR BERCY;48,828642;2,398889
202300039833;24;2;2023;19:20;5;75;75111;2;2;1;6;AVENUE PARMENTIER;48,870002;2,371054
202300039834;16;5;2023;07:20;1;69;69387;2;1;1;3;56 Rue du Repos;45,74425;4,85177
202300039835;24;2;2023;14:15;1;75;75110;2;2;1;2;RUE DU FAUBOURG SAINT MARTIN;48,871758;2,357174
202300039836;3;11;2023;18:35;5;75;75116;2;1;1;2;PORTE DE PASSY;48,853921;2,253668
202300039837;16;5;2023;08:55;1;2A;2A004;1;1;1;3;LORETTO CHEMIN;41,93448;8,71814
202300039838;24;2;2023;16:54;1;75;75109;2;3;1;3;BOULEVARD POISSONNIERE;48,870903;2,346754
202300039839;5;11;2023;05:35;5;75;75110;2;3;1;3;BOULEVARD DE BONNE NOUVELLE;48,870047;2,350966
202300039840;7;5;2023;16:55;1;95;95063;2;1;1;7;RUE DES CARROSSIERS;48,91480106;2,20579983
202300039841;24;2;2023;10:25;1;75;75109;2;2;1;3;RUE DU HAVRE;48,874174;2,326991
202300039842;16;5;2023;07:40;1;91;91589;2;2;1;3;RUE FAIDHERBE;48,677773;2,343542
202300039843;4;11;2023;22:35;5;75;75120;2;1;2;2;RUE DES PYRENEES;48,868502;2,395661
202300039844;16;5;2023;15:50;1;83;83137;2;1;1;6;ESCARTEFIGUE (CORNICHE DU 746 A FIN;43,13489;5,9621
202300039845;24;2;2023;01:20;5;75;75109;2;2;1;3;RUE DE PROVENCE;48,874257;2,331334
202300039846;5;11;2023;09:59;1;75;75114;2;2;2;3;BOULEVARD ROMAIN ROLLAND;48,822333;2,314356
202300039847;16;5;2023;16:45;1;77;77291;2;1;1;1;GRANDE BORNE (RUE DE LA);49,016932;2,600405
202300039848;24;2;2023;07:05;2;75;75104;2;2;1;3;BOULEVARD DE SEBASTOPOL;48,8585199;2,34822571
202300039849;5;11;2023;01:35;5;75;75114;2;2;2;6;AVENUE DU MAINE;48,837557;2,322934
202300039850;10;5;2023;18:04;1;77;77479;1;1;1;6;D 34A RTE DE TORCY;48,86818;2,64867
202300039851;23;2;2023;12:20;1;75;75101;2;2;1;6;RUE SAINT HONORE;48,864901;2,331949
202300039852;4;11;2023;12:30;1;75;75114;2;7;8;7;AVENUE DENFERT ROCHEREAU;48,834546;2,332619
202300039853;24;2;2023;16:20;1;94;94067;2;1;1;3;Avenue Joffre;48,848956;2,417626
202300039854;16;5;2023;18:08;1;77;77305;2;1;1;3;GENERAL DE GAULLE (AVENUE DU);48,38193019;2,95237128
202300039855;16;5;2023;15:18;1;77;77186;2;1;1;6;VC GRANDE (RUE);48,40602861;2,70218546
202300039856;24;2;2023;20:30;5;94;94041;2;2;1;1;Quai Jean Compagnon;48,818922;2,39925
202300039857;4;11;2023;06:13;5;75;75113;2;2;2;6;AVENUE D ITALIE;48,822202;2,358526
202300039858;16;5;2023;08:45;1;76;76108;2;1;1;3;Route de Neufchâtel;49,4572905;1,10796073
202300039859;15;5;2023;08:50;1;76;76351;2;3;1;3;TRIGAUVILLE (DE);49,50244;0,13303
202300039860;23;2;2023;15:40;1;94;94028;2;1;1;3;Avenue de la Pompadour;48,77298;2,43476
202300039861;5;11;2023;12:50;1;75;75110;2;3;1;2;BOULEVARD DE LA VILLETTE;48,884139;2,366817
202300039862;24;2;2023;13:20;1;93;93073;2;2;1;3;Rue de Flandre / Avenue Albert Sarraut;48,94002;2,57345
202300039863;15;5;2023;12:20;1;72;72181;2;1;1;3;ESTIENNE D'ORVES (BD D');47,98483;0,18497
202300039864;5;11;2023;00:15;5;75;75108;2;2;2;6;RUE DE LA VILLE L EVEQUE;48,871153;2,321632
202300039865;24;2;2023;13:15;1;93;93072;2;1;1;6;Avenue de Stalingrad;48,94857402;2,38014374
202300039866;16;5;2023;16:50;1;69;69256;2;2;1;3;Rue de la Poudrette;45,75202;4,91935
202300039867;5;11;2023;12:40;1;75;75107;2;7;8;2;ROND POINT DU BLEUET DE FRANCE;48,858838;2,312979
202300039868;15;5;2023;15:45;1;69;69266;2;1;1;3;26bis Rue Alfred Brinon;45,77651;4,89536
202300039869;24;2;2023;21:05;5;93;93074;2;2;1;3;Rue Alexandre Boucher / D933;48,93394;2,56666
202300039870;5;11;2023;06:50;5;75;75102;2;3;1;2;RUE MONTMARTRE;48,868582;2,343431
202300039871;13;5;2023;01:10;5;67;67218;2;3;1;7;STRASBOURG (AVENUE DE);48,54333;7,73582
202300039872;23;2;2023;21:15;5;93;93006;2;1;1;6;Avenue Raspail;48,87421604;2,43220299
202300039873;16;5;2023;19:40;1;64;64260;2;3;1;3;CORNICHE (ROUTE DE LA);43,37355021;-1,75561443
202300039874;5;11;2023;02:05;5;75;75101;2;3;2;6;RUE DE VALOIS;48,863907;2,338152
202300039875;24;2;2023;12:45;1;93;93001;2;1;1;3;Avenue Jean Jaurès;48,903496;2,391761
202300039876;16;5;2023;22:15;3;64;64483;2;1;1;7;VERDUN (AVENUE DE);43,3861;-1,6618
202300039877;4;11;2023;23:00;5;94;94041;2;1;2;3;Avenue Pierre Sémard;48,82029;2,37969
202300039878;23;2;2023;22:40;5;93;93001;2;3;1;3;Boulevard Félix Faure / Rue Villebois Mareuil;48,91228079;2,37471521
202300039879;16;5;2023;07:05;2;64;64445;2;3;3;3;JOSEPH DE PESQUIDOUX;43,31468;-0,35435
202300039880;24;2;2023;11:50;1;92;92051;2;9;1;3;BINEAU (BOULEVARD, N°53 A 131 ET 52 A 13;48,88738;2,27895
202300039881;5;11;2023;20:00;5;94;94034;2;3;2;3;Avenue de la Mairie;48,75589683;2,32002564
202300039882;14;5;2023;17:50;1;62;62048;2;2;1;3;Boulevard Emile Basly;50,51035;2,46288
202300039883;24;2;2023;16:33;1;92;92049;2;1;1;3;MARNE AVENUE DE LA;48,81442369;2,30552763
202300039884;16;5;2023;19:30;1;59;59599;2;1;1;2;MOUVAUX (RUE DE);50,69476315;3,1524539
202300039885;5;11;2023;05:15;5;94;94022;2;2;2;1;14 Rue du Docteur Roux;48,77146;2,40637
202300039886;24;2;2023;07:35;1;92;92078;2;3;1;3;DEQUEVAUVILLIERS (BOULEVARD);48,94481027;2,3105219
202300039887;16;5;2023;08:00;1;59;59299;2;1;1;1;LAENNEC (AVENUE);50,66709;3,19558
202300039888;5;11;2023;16:45;1;94;94075;2;3;2;3;Route de la Grange;48,732722;2,512957
202300039889;23;2;2023;21:28;5;92;92036;2;6;1;2;LAURENT CELY (AVENUE) (145/329);48,93304485;2,30263889
202300039890;6;5;2023;05:05;5;59;59350;2;3;1;3;Avenue Léon Jouhaux;50,63674;3,03581
202300039891;5;11;2023;08:50;2;94;94047;2;1;2;6;Rue de Verdun;48,704285;2,551113
202300039892;23;2;2023;18:25;5;92;92036;2;1;1;3;LOUIS CALMEL (RUE) (18/58);48,925622;2,291045
202300039893;16;5;2023;13:10;1;59;59350;2;2;1;1;FAUBOURG D'ARRAS RUE;50,61257;3,062
202300039894;24;2;2023;15:15;1;92;92035;2;1;1;4;National ( boulevard );48,90609;2,23895
202300039895;5;11;2023;13:30;1;93;93047;2;2;2;3;Rue du Général de Gaulle / Avenue Daniel Perdrigé;48,89937;2,55953
202300039896;15;5;2023;19:20;1;58;58194;2;3;1;3;MARZY;46,987361;3,133247