Num_Acc;jour;mois;an;hrmn;lum;dep;com;agg;int;atm;col;adr;lat;long
202300039897;24;2;2023;18:39;2;92;92002;2;3;1;6;FONTAINE MOUTON (AVENUE DE LA);48,73835085;2,29051799
202300039898;15;5;2023;08:40;1;56;56098;2;1;1;4;SAINT-CHRISTOPHE ( PONT );47,76198;-3,36344
202300039899;25;2;2023;16:00;1;44;44180;2;1;1;7;119 Rue du Moulin du Bourg;47,485251;-1,107055
202300039900;5;11;2023;01:20;5;92;92064;2;1;2;6;DAILLY;48,84463307;2,2203704
202300039901;15;5;2023;17:30;1;54;54371;1;1;1;7;RD 136;49,20441;5,95386
202300039902;25;2;2023;14:35;1;8;8435;1;1;1;7;Chemin Communal PK 80;49,450362;4,296899
202300039903;15;5;2023;16:07;1;52;52121;2;1;1;1;SOUVENIR FRANCAIS (AVENUE DU);48,10857;5,14588
202300039904;24;2;2023;18:27;1;86;86258;1;2;1;6;D725;46,813625;0,389982
202300039905;16;5;2023;18:15;1;51;51454;2;3;1;3;avenue du Maréchal Juin;49,22401;4,01799
202300039906;25;2;2023;05:55;3;2;2060;1;1;1;6;A29;49,845894;3,09211
202300039907;16;5;2023;20:00;1;44;44132;2;2;1;3;30 Avenue Gravelais;47,26317;-2,33657
202300039908;24;2;2023;19:15;3;62;62078;1;1;2;1;D231;50,850428;1,938632
202300039909;23;2;2023;18:00;2;27;27230;1;1;1;6;Z.A. Parc de Coutumel (Zone industrielle);48,861055;1,396766
202300039910;17;5;2023;02:15;5;37;37261;2;2;1;6;PREUILLY (BOULEVARD);47,39342;0,67189
202300039911;24;2;2023;22:20;3;84;84029;1;1;2;7;D975;44,152398;4,855109
202300039912;16;5;2023;19:40;1;37;37261;2;1;1;2;BOYER (RUE LEON);47,39104;0,67367
202300039913;16;5;2023;11:00;1;37;37214;2;1;1;6;CHANTERIE (RUE DE LA);47,41308;0,67659
202300039914;24;2;2023;16:00;1;62;62491;1;3;1;4;D947;50,593031;2,761842
202300039915;16;5;2023;08:00;1;37;37261;2;1;1;3;BERT (QUAI PAUL);47,40313;0,70458
202300039916;20;2;2023;16:30;1;87;87202;1;1;1;6;Route de la Chatrusse;45,907958;1,109512
202300039917;16;5;2023;17:10;1;35;35278;1;1;1;4;RD 137;48,14685;-1,69892
202300039918;25;2;2023;01:00;3;19;19176;1;1;1;6;Route Departementale 16;45,36947472;2,07133701
202300039919;16;5;2023;13:30;1;35;35051;1;1;1;6;RN136;48,11537;-1,56466
202300039920;24;2;2023;15:30;1;65;65350;1;1;1;7;D393;43,293544;0,042443
202300039921;15;5;2023;14:00;1;35;35150;1;1;2;6;CHAUNIERE (LA) LIEUX-DITS;48,37415;-1,22616
202300039922;15;5;2023;16:45;1;34;34172;2;2;1;3;15bis Avenue Charles Flahault;43,6239;3,86205
202300039923;16;5;2023;20:30;1;33;33063;2;1;7;6;Avenue du Maréchal de Lattre de Tassigny;44,85845;-0,62402
202300039924;24;2;2023;15:00;1;55;55431;1;2;1;3;voie publique;48,878215;5,764153
202300039925;16;5;2023;17:30;1;33;33063;2;1;1;3;Rue Achard;44,86997;-0,54754
202300039926;25;2;2023;10:20;1;46;46066;1;2;1;3;Lieu-dit la TUQUE;44,639049;1,228894
202300039927;25;2;2023;02:30;3;86;86100;1;1;1;6;D611;46,512485;0,228305
202300039928;16;5;2023;15:30;1;33;33318;2;2;1;6;Avenue du Pont de l'Orient;44,80543688;-0,64913884
202300039929;25;2;2023;03:30;3;68;68176;2;9;2;7;1 Rue de Luffendorf;47,558989;7,186695
202300039930;24;2;2023;16:10;1;44;44131;1;1;8;7;4 Les Bleuets;47,140906;-2,130704
202300039931;14;5;2023;19:00;1;33;33063;2;2;1;2;Cours de l'Yser;44,82697;-0,56921
202300039932;24;2;2023;18:00;2;3;3018;1;1;1;7;RD 35;46,269866;3,267059
202300039933;16;5;2023;19:40;1;29;29232;2;6;1;1;Rue du Cosquer;48,00115;-4,11068
202300039934;16;5;2023;08:36;1;27;27681;2;9;1;7;CAPUCINS (AVENUE DES);49,09171;1,46992
202300039935;15;5;2023;17:25;1;27;27562;1;1;1;7;D64E (voie nouvelle);49,08416;1,44077
202300039936;24;2;2023;19:45;3;14;14193;1;2;1;3;1906 Route Henri Deslandes;49,11372;0,301943
202300039937;14;5;2023;23:33;5;27;27681;2;1;1;6;IVRY (ROUTE D');49,0826;1,47744
202300039938;24;2;2023;16:50;1;14;14303;1;1;1;1;500 Chemin de la Quesse;49,136523;0,284733
202300039939;24;2;2023;07:35;1;14;14454;2;2;1;2;38 Chemin de la Hoguette;49,148327;-0,476598
202300039940;16;5;2023;17:00;1;18;18033;2;6;1;7;Rue des Alouettes;47,125635;2,394159
202300039941;25;2;2023;04:10;3;60;60272;1;1;1;7;d332;49,30039173;2,88288585
202300039942;21;2;2023;21:30;3;85;85145;1;1;1;6;RD113 ;46,7474935;-0,9308257
202300039943;24;2;2023;19:25;3;30;30012;1;1;2;7;d126;43,887513;4,659673
202300039944;16;5;2023;08:55;1;15;15014;2;1;1;4;N 122;44,91069;2,42645
202300039945;15;5;2023;09:30;1;14;14366;2;1;1;6;82 Boulevard Sainte Anne;49,14348;0,22231
202300039946;24;2;2023;18:15;3;88;88037;1;1;2;1;Cd 34 de Planois;47,988392;6,778307
202300039947;16;5;2023;17:15;1;14;14437;2;1;1;6;6 Rue Calmette;49,1791;-0,3178
202300039948;25;2;2023;12:40;1;88;88304;2;3;1;6;;48,298598;6,134008
202300039949;16;5;2023;09:10;1;13;13210;2;1;1;3;CORPS EXPEDITIONNAIRE FRANCAIS (AV DU);43,28117;5,44161
202300039950;24;2;2023;20:12;5;974;97402;1;1;1;1;Rue des Poivriers;-20,984261;55,651921
202300039951;5;2;2023;20:00;4;49;49266;1;1;1;7;A11  - PK 283;47,436158;-0,779343
202300039952;15;5;2023;16:20;1;13;13001;2;1;1;6;ATTARD SERGE (ALLEE);43,48217667;5,41985056
202300039953;15;5;2023;12:04;1;11;11262;2;2;1;3;44 Boulevard de 1848;43,19168;3,01495
202300039954;24;2;2023;18:30;3;988;98822;1;3;8;7;Tiéti (Tribu);-20,91654;165,307
202300039955;14;5;2023;10:55;1;11;11069;2;1;1;1;5 Chemin de Montlegun;43,205456;2,370754
202300039956;16;5;2023;07:13;1;6;6088;2;1;1;6;ANGLAIS (DU N° 114 AU N° 263);43,68282;7,23322
202300039957;24;2;2023;14:00;1;988;98821;1;1;3;1;RT1 La Tamoa;-22,06313;166,25682
202300039958;16;5;2023;04:00;5;6;6069;2;6;1;7;ROUQUIER (BOULEVARD EMMANUEL);43,63749;6,9411
202300039959;25;2;2023;00:00;5;973;97311;2;4;1;1;Avenue Christophe Colomb;5,47676;-54,038551
202300039960;15;5;2023;16:30;1;6;6069;2;1;2;4;ROUQUIER (BOULEVARD EMMANUEL);43,63092;6,93867
202300039961;25;2;2023;11:30;1;66;66108;2;3;1;3;;42,691421;2,698855
202300039962;16;5;2023;06:45;1;6;6029;2;1;1;3;GABRES (PONT DES);43,55201;7,02942
202300039963;24;2;2023;17:00;1;84;84026;1;1;1;5;Route de Marseille;43,724022;5,375544
202300039964;10;5;2023;16:45;1;4;4112;2;1;1;3;SAINT JOSEPH(BOULEVARD);43,82073;5,79518
202300039965;24;2;2023;08:30;1;71;71090;1;1;5;1;1068 Route de Julienas;46,220509;4,754055
202300039966;16;5;2023;19:00;1;75;75119;2;1;1;2;PORTE D AUBERVILLIERS;48,900479;2,37528
202300039967;16;5;2023;16:10;1;75;75113;2;1;1;2;PORTE DE GENTILLY;48,817045;2,348402
202300039968;9;2;2023;17:45;2;67;67118;2;2;1;3;Rue d'Oberhausbergen;48,580472;7,687007
202300039969;16;5;2023;14:30;1;75;75115;2;1;1;3;PORTE DE LA PLAINE;48,82723;2,29311
202300039970;25;2;2023;03:15;3;26;26064;1;6;2;7;RD68;44,916377;4,952667
202300039971;15;5;2023;13:10;1;75;75117;2;1;2;2;BD PERIPHERIQUE INTERIEUR;48,89261;2,302462
202300039972;24;2;2023;16:45;1;24;24361;1;1;1;1;route de la Plaine;44,844787;0,62165
202300039973;24;2;2023;20:15;3;33;33433;1;1;1;6;Chemin de l'Esventat;44,91072263;-0,45266837
202300039974;15;5;2023;11:25;1;75;75114;2;1;1;2;BD PERIPHERIQUE EXTERIEUR;48,816749;2,336224
202300039975;14;5;2023;15:00;1;75;75120;2;1;1;6;BD PERIPHERIQUE EXTERIEUR;48,869663;2,413494
202300039976;23;2;2023;18:26;3;13;13211;1;1;1;2;A50-Sens Marseille vers Aubagne;43,2918;5,4533
202300039977;16;5;2023;18:20;1;75;75114;2;1;1;6;RUE VERCINGETORIX;48,833345;2,312369
202300039978;23;2;2023;12:44;1;13;13214;1;1;1;2;A507 sens Marseille - Aubagne;43,3303;5,39
202300039979;15;5;2023;09:45;1;75;75120;2;1;1;2;BD PERIPHERIQUE INTERIEUR ;48,85322;2,41423
202300039980;24;2;2023;17:15;1;94;94038;1;1;1;4;A6A;48,77537186;2,34614811
202300039981;14;5;2023;13:20;1;75;75106;2;4;1;2;BOULEVARD DU MONTPARNASSE;48,841965;2,329911
202300039982;24;2;2023;16:40;1;91;91161;1;1;1;3;AUTOROUTE A6;48,70382;2,30639
202300039983;16;5;2023;08:55;1;75;75120;2;1;1;3;AVENUE IBSEN;48,86497;2,410973
202300039984;16;5;2023;14:00;1;75;75118;2;1;1;6;RUE HERMEL;48,894178;2,345965
202300039985;24;2;2023;06:14;3;91;91687;1;1;1;4;AUTOROUTE A6;48,6625;2,36822
202300039986;23;2;2023;15:00;1;68;68056;2;1;1;6;AV D'ALTKIRCH;47,72623;7,32086
202300039987;16;5;2023;08:10;1;75;75118;2;2;1;3;RUE CUSTINE;48,889797;2,342939
202300039988;16;5;2023;10:56;1;75;75116;2;1;1;6;AVENUE D EYLAU;48,864728;2,284381
202300039989;3;2;2023;19:20;5;62;62510;2;6;1;6;Rue Chevalier de la Barre;50,42407106;2,78177655
202300039990;23;2;2023;16:00;1;974;97416;1;1;1;1;ENTRE DEUX (CHEMIN) CD26;-21,28798;55,45431
202300039991;23;2;2023;11:55;1;974;97416;1;1;1;7;BADAMIER (CHEMIN);-21,30804;55,45717
202300039992;23;2;2023;08:10;1;974;97411;1;1;1;2;LITTORAL (ROUTE 1 DU);-20,87608;55,43446
202300039993;23;2;2023;08:30;1;973;97302;1;6;2;7;MARINGOUINS (ROND-POINT);4,90779;-52,32238
202300039994;22;2;2023;23:25;5;973;97302;2;1;1;3;MANGUES (RUE DES - CITE MANGUIERS);4,93421114;-52,32357994
202300039995;23;2;2023;21:00;5;69;69388;2;2;2;3;Rue de l'Epargne;45,74235;4,85838
202300039996;23;2;2023;19:10;2;69;69388;2;3;2;6;Rue Paul Cazeneuve;45,73185;4,86054
202300039997;23;2;2023;18:45;2;69;69386;2;3;1;3;Boulevard des Belges;45,77275;4,85274
202300039998;23;2;2023;10:15;1;69;69388;2;1;1;3;24 Avenue Rockefeller;45,74146295;4,88455668
202300039999;22;2;2023;22:26;4;972;97213;2;6;1;6;RUE DU 24 MARS 1961;14,6136;-61,00081
202300040000;17;2;2023;04:50;4;972;97213;2;1;1;6;NELSON MANDELA;14,61249;-60,99922
202300040001;23;2;2023;16:05;1;2B;2B033;2;1;1;1;ROUTE ROYALE;42,69;9,45
202300040002;23;2;2023;15:00;1;971;97113;2;1;1;2;RN4 - SECTION RIVIERA;16,2176;-61,49225
202300040003;23;2;2023;00:40;5;971;97120;2;1;1;2;GENERAL DE GAULLE;16,2462;-61,53851
202300040004;22;2;2023;20:30;5;971;97101;2;1;1;6;FELIX EBOUE;16,24531398;-61,53211981
202300040005;21;2;2023;18:35;5;971;97105;2;6;1;6;BOLOGNE (ROUTE DE);16,00533;-61,73963
202300040006;23;2;2023;08:00;1;95;95280;2;2;1;3;Route de Roissy;49,012417;2,472195
202300040007;8;4;2023;22:30;3;94;94021;1;1;1;2;A6A;48,76216836;2,34052108
202300040008;23;2;2023;18:30;5;95;95555;2;1;1;6;Rue du Général Leclerc;48,966888;2,290848
202300040009;8;4;2023;16:20;1;91;91340;1;1;1;2;RN 104;48,6108;2,4329
202300040010;23;2;2023;12:15;1;88;88462;2;1;1;1;D 43;48,025;6,68
202300040011;22;2;2023;12:07;1;87;87075;1;1;2;6;PERIGUEUX (ROUTE DE);45,78689;1,18823
202300040012;23;2;2023;18:53;2;81;81004;2;2;8;2;KENNEDY (AV PRESIDENT);43,91908044;2,15480894
202300040013;19;2;2023;23:35;5;80;80489;2;1;1;6;PAUL BAROUX (RUE);49,87196;2,35361
202300040014;9;4;2023;12:50;1;78;78402;1;1;1;4;A13;48,964685;1,799781
202300040015;8;4;2023;21:00;3;78;78140;1;1;1;7;A13;48,962266;1,928584
202300040016;23;2;2023;09:15;1;79;79191;2;2;1;3;;46,3162;-0,47687
202300040017;9;4;2023;11:04;1;78;78402;1;1;1;2;A13;48,96399;1,787715
202300040018;23;2;2023;07:40;2;79;79191;2;2;2;6;N/A;46,31686;-0,4358
202300040019;23;2;2023;14:40;1;78;78624;1;1;1;3;POISSY AVENUE DE;48,957984;2,018206
202300040020;9;4;2023;15:00;1;93;93006;1;1;1;2;A3;48,86966029;2,42972435
202300040021;23;2;2023;06:30;5;77;77390;2;1;1;1;AV DE LA MALIBRAN;48,80088;2,63309
202300040022;23;2;2023;15:50;1;76;76114;2;1;1;2;DEBRAY  LOUIS (AVENUE);49,59046;0,48505
202300040023;8;4;2023;12:30;1;93;93010;1;1;1;2;AUTOROUTE A3;48,90207598;2,47041227
202300040024;23;2;2023;18:45;5;69;69266;2;1;2;3;Rue du 4 Août 1789;45,7646;4,8888
202300040025;9;4;2023;02:35;5;94;94052;1;1;1;1;A86;48,8421989;2,4927536
202300040026;23;2;2023;11:30;1;69;69266;2;1;1;6;338 Cours Emile Zola;45,76603;4,8985
202300040027;23;2;2023;20:00;5;69;69266;1;1;2;6;Route Départementale 29;45,7520227;4,90809219
202300040028;8;4;2023;17:30;1;77;77251;2;1;1;2;RN104;48,6449;2,54591
202300040029;23;2;2023;09:40;1;64;64129;2;6;2;3;VIGNES DES;43,30705;-0,39892
202300040030;8;4;2023;10:20;1;83;83137;2;1;1;3;CARNOT (AVE LAZARE);43,12829;5,92456
202300040031;21;2;2023;17:30;1;64;64122;2;1;1;6;GENERAL DE GAULLE (BD DU);43,48445;-1,55827
202300040032;23;2;2023;07:23;5;64;64102;2;1;2;6;ALSACE LORRAINE (BOULEVARD);43,49058;-1,46249
202300040033;8;4;2023;12:10;1;974;97411;2;1;1;3;NEUF (CHEMIN);-20,88745;55,41421
202300040034;12;2;2023;18:00;2;63;63113;2;1;1;7;AURIOL (BOULEBARD VINCENT);45,80172;3,14577
202300040035;8;4;2023;18:05;2;973;97302;2;2;1;3;DIGUE RONJON;4,93331;-52,33171
202300040036;3;9;2023;18:10;1;75;75113;2;1;1;2;BD PERIPHERIQUE EXTERIEUR QUAI D IVRY;48,825675;2,386693
202300040037;14;2;2023;10:33;1;63;63113;2;2;1;2;PARLETTE / Bd J Moulin;45,7768;3,11758
202300040038;8;4;2023;14:40;1;69;69387;2;2;1;1;Grande Rue de la Guillotière;45,74804;4,8562
202300040039;2;9;2023;19:25;1;75;75114;2;1;1;2;BD PERIPHERIQUE EXTERIEUR;48,824292;2,30637
202300040040;8;4;2023;13:55;1;2B;2B120;1;1;1;1;11 - RT;42,6412;9,4396
202300040041;2;9;2023;10:25;1;75;75119;2;1;1;2;BD PERIPHERIQUE INTERIEUR;48,899354;2,392553
202300040042;8;4;2023;04:10;3;95;95510;1;1;1;3;N14;49,05775441;2,00597048
202300040043;23;2;2023;19:00;5;59;59090;2;1;1;2;GAULLE (AVENUE DU GENERAL DE);50,68459946;3,08489442
202300040044;23;3;2023;19:34;5;86;86066;2;1;1;2;Rue du Champ de la Croix;46,80337;0,55271
202300040045;2;9;2023;14:35;1;75;75112;2;2;1;3;AVENUE DE SAINT MANDE;48,844264;2,410136
202300040046;3;9;2023;03:29;5;75;75105;2;2;1;3;RUE BROCA;48,839028;2,34923
202300040047;22;2;2023;19:10;2;59;59410;2;1;2;6;THÉODORE MONOD;50,6454;3,0986
202300040048;8;4;2023;18:40;1;81;81065;1;3;1;3;ALBI (RD612 - RTE D');43,64197;2,22022
202300040049;3;9;2023;12:35;1;75;75120;2;1;1;3;RUE D AVRON;48,85242;2,40452
202300040050;3;9;2023;01:45;5;75;75119;2;3;1;3;AVENUE DE FLANDRE;48,885779;2,370978
202300040051;7;4;2023;17:40;1;79;79191;2;1;1;1;N/A;46,334474;-0,46193
202300040052;22;2;2023;18:30;5;59;59350;2;2;2;3;SALENGRO ROGER RUE;50,64382;2,98886
202300040053;2;9;2023;22:40;5;75;75115;2;9;1;3;AVENUE DE LA PORTE DE SEVRES;48,83585;2,278296
202300040054;2;9;2023;17:10;1;75;75113;2;1;1;4;AVENUE D ITALIE;48,823877;2,357962
202300040055;8;4;2023;04:45;3;79;79191;2;1;1;1;N/A;46,33617;-0,42314
202300040056;22;2;2023;19:33;5;57;57306;2;1;2;1;MARNE (RUE DE LA);49,33123;6,06411
202300040057;3;9;2023;17:55;1;75;75112;2;2;1;6;RUE DE WATTIGNIES;48,835435;2,397794
202300040058;23;2;2023;15:00;1;57;57751;2;9;1;6;THIONVILLE (AVENUE );49,15001;6,15967
202300040059;3;9;2023;02:18;5;75;75111;2;2;1;6;AVENUE DE LA REPUBLIQUE;48,865274;2,374512
202300040060;23;2;2023;10:50;1;51;51454;2;1;2;1;rue du Général Koenig;49,22763;4,02766
202300040061;2;9;2023;19:05;1;75;75108;2;3;1;3;RUE SAINT HONORE;48,867948;2,324606
202300040062;22;2;2023;17:20;1;49;49007;2;1;2;2;ATLANTIQUE  AVENUE DE L';47,46445168;-0,57229221
202300040063;8;4;2023;20:20;1;77;77152;1;9;1;3;CIMETIERE VOSVES;48,509649;2,5998
202300040064;3;9;2023;20:20;2;75;75102;2;2;1;3;BOULEVARD DE SEBASTOPOL;48,869312;2,354271
202300040065;22;2;2023;13:55;1;49;49353;2;1;1;3;Rue Ferdinand Vest;47,44196;-0,48314
202300040066;8;4;2023;08:50;1;77;77152;2;1;1;3;AMPERE(AVENUE ANDRE);48,50735;2,60805
202300040067;3;9;2023;17:16;1;75;75104;2;2;1;3;RUE DES TOURNELLES;48,855951;2,367322
202300040068;23;2;2023;06:55;5;45;45286;1;1;1;1;Avenue Gaston Galloux;47,87;1,932
202300040069;3;9;2023;11:20;1;75;75104;2;1;1;6;SOUTERRAIN HENRI IV;48,850716;2,361123
202300040070;23;2;2023;08:10;1;44;44184;2;2;1;6;83 Boulevard Pierre de Maupertuis;47,28076;-2,22987
202300040071;8;4;2023;13:50;1;77;77014;2;9;1;2;D138;48,41863;2,73715
202300040072;8;4;2023;09:10;1;71;71270;2;1;1;6;GAMBETTA (RUE);46,30282;4,82884
202300040073;3;9;2023;19:40;1;94;94043;2;1;1;2;116 Avenue de Fontainebleau;48,808553;2,362651
202300040074;18;2;2023;16:55;1;42;42207;1;4;1;6;Route de Fouay;45,45142;4,49025
202300040075;8;4;2023;13:30;1;71;71445;2;1;1;6;GRANDE RUE;46,77609;4,887
202300040076;2;9;2023;22:10;5;93;93051;2;3;1;3;Avenue des Graviers / Chemin de la Noisette;48,82685;2,58377
202300040077;21;2;2023;18:50;5;38;38185;2;3;1;3;GAMBETTA ( BOULEVARD)      1 A 21-12 BIS;45,18924;5,7226
202300040078;9;4;2023;00:15;3;69;69275;2;2;1;7;17 Rue de la Fraternité;45,7717168;4,95771768
202300040079;3;9;2023;19:10;1;93;93048;2;1;1;3;Rue de Paris;48,85630348;2,4261691
202300040080;23;2;2023;19:05;5;37;37261;2;1;2;3;EIFFEL (AVENUE GUSTAVE);47,43353609;0,69796926
202300040081;8;4;2023;18:34;1;69;69266;2;1;1;6;Cours Emile Zola;45,7648305;4,90855947
202300040082;23;2;2023;14:45;1;35;35238;2;1;2;2;VERN (DE);48,09392;-1,64884
202300040083;2;9;2023;22:30;3;92;92051;2;1;1;5;CHARLES DE GAULLE (AVENUE, N°27 A 129);48,87972;2,27603
202300040084;23;2;2023;01:25;5;34;34032;2;1;1;6;Route d’Agde;43,32639;3,24582
202300040085;8;4;2023;03:05;5;69;69259;2;1;1;2;Avenue Francis de Pressensé;45,7129;4,87407
202300040086;30;7;2023;10:50;1;34;34032;1;1;1;2;A75;43,369681;3,283031
202300040087;23;2;2023;11:10;1;33;33529;2;2;2;3;INDUSTRIE (BD DE L') DU 01 ET +;44,61449;-1,12746
202300040088;8;4;2023;18:15;1;64;64024;2;1;1;2;LAPORTE (AVENUE JEAN LEON);43,48908;-1,49977
202300040089;3;9;2023;13:00;1;13;13028;1;1;1;4;A50-Sens Aubagne vers Toulon;43,20858342;5,58528697
202300040090;23;2;2023;11:20;1;29;29232;2;6;1;3;Rond-Point de Prad Ar C'hras;48,000745;-4,152022
202300040091;3;9;2023;10:30;1;83;83027;1;1;1;7;A50;43,16469276;5,76706828
202300040092;7;4;2023;17:25;1;64;64102;2;1;1;2;SOULT (AVENUE MARECHAL);43,48755;-1,48272
202300040093;22;2;2023;09:45;1;29;29039;2;2;1;3;rue de Penanguer;47,90857;-3,91873
202300040094;8;4;2023;22:50;3;62;62277;1;1;1;6;D40;50,385064;2,921726
202300040095;3;9;2023;06:18;3;91;91689;1;1;1;2;AUTOROUTE A6;48,7400712;2,31942594
202300040096;23;2;2023;08:55;1;26;26198;2;1;1;6;Rue Rene Cassin;44,55664;4,74656
202300040097;3;9;2023;17:30;1;93;93027;1;1;1;6;AUTOROUTE A1;48,93335203;2,38374209
202300040098;23;2;2023;07:20;1;25;25056;2;1;1;2;OUEST BOULEVARD;47,2234;5,97924
202300040099;8;4;2023;21:40;3;62;62628;2;2;1;3;Rue de Bourganeuf;50,42219;2,89063
202300040100;3;9;2023;16:45;1;94;94033;1;1;1;2;A86;48,85806851;2,48816509
202300040101;10;2;2023;11:50;1;24;24557;1;1;1;6;POMPIDOU (AVENUE GEORGES);45,19821;0,74099
202300040102;3;9;2023;09:00;1;94;94069;1;1;1;3;A4;48,81760575;2,42124411
202300040103;22;2;2023;13:15;1;30;30032;2;1;1;3;Quai de la Paix;43,8063;4,6362
202300040104;8;4;2023;02:00;3;60;60382;1;1;1;5;N31;49,43404434;2,8154397
202300040105;2;9;2023;16:45;1;75;75112;1;1;3;2;A4;48,825146;2,463772
202300040106;23;2;2023;20:30;5;13;13210;2;3;1;3;FLORIAN (AVENUE);43,28505;5,4253
202300040107;8;4;2023;09:00;1;60;60057;2;1;1;3;Av du Pdt J Fitzgerald Kennedy;49,41914;2,10672
202300040108;23;2;2023;18:20;2;13;13209;2;1;1;1;GAYE (TRAVERSE DE LA);43,25692275;5,40828827
202300040109;4;6;2023;10:45;1;89;89307;1;2;7;3;N/A;47,920297;3,713191
202300040110;7;4;2023;16:50;1;59;59360;2;3;1;3;KUHLMANN AVENUE;50,62237;3,01526
202300040111;8;4;2023;13:50;1;59;59183;2;1;1;6;VANCAUWENBERGHE - RUE;51,00459;2,3221
202300040112;3;5;2023;16:20;1;88;88496;1;2;1;1;départemnat 164;48,224548;5,8174
202300040113;19;4;2023;02:57;5;10;10362;2;1;1;6;GENERAL GALLIENI (RUE DU);48,29;4,05
202300040114;5;4;2023;17:10;1;57;57227;2;1;1;6;NATIONALE(RUE) R.DLA  CHAPELLE N.C./CARR;49,18787;6,90036
202300040115;2;9;2023;14:00;1;974;97411;2;1;1;2;ECOLE (DE L');-20,8933;55,49119
202300040116;8;4;2023;20:30;1;44;44109;2;1;1;3;18 Boulevard de l'Estuaire;47,20418;-1,55839
202300040117;2;9;2023;16:31;1;973;97302;2;2;1;3;AMUSANT (PAUL);4,93431536;-52,33195379
202300040118;8;4;2023;19:00;1;44;44109;2;1;1;7;18 Route de Paris;47,25901941;-1,50330462
202300040119;2;9;2023;11:30;1;69;69386;2;2;1;3;Rue Barrême;45,77458;4,84709
202300040120;9;4;2023;01:30;5;38;38185;2;1;1;6;GAMBETTA (BOULEVARD);45,18338;5,7265
202300040121;1;9;2023;22:40;5;972;97209;1;1;1;6;AUTOROUTE (A1);14,61676;-61,04207
202300040122;7;4;2023;17:20;1;38;38185;2;1;1;6;RHIN ET DANUBE (AVENUE);45,17193;5,70505
202300040123;2;9;2023;05:50;1;971;97101;2;1;2;6;PATRICK SAINT ELOI ( AVENUE );16,25276;-61,5245
202300040124;7;4;2023;16:00;1;35;35288;2;1;1;6;Boulevard Chateaubriand;48,662;-1,98967
202300040125;2;9;2023;13:45;1;91;91201;2;1;1;4;RUE EUGENE DELACROIX;48,6745;2,4129
202300040126;2;9;2023;14:35;1;91;91286;2;5;1;2;GRANDE BORNE (RUE DE LA);48,6509;2,38256
202300040127;7;4;2023;17:55;1;35;35238;2;1;1;5;ROCADE 3-4;48,09001;-1,63033
202300040128;2;9;2023;02:41;3;77;77288;1;1;1;2;R.N6 - PENETRANTE;48,54289;2,64736
202300040129;7;4;2023;16:15;1;33;33063;2;3;1;3;Rue Fondaudege;44,84952;-0,5847
202300040130;8;4;2023;21:05;5;29;29232;2;1;1;6;Rue Paul Borrossi;47,9876135;-4,1218653
202300040131;31;8;2023;23:30;3;77;77450;1;9;1;6;N104;48,70622;2,59631
202300040132;2;9;2023;14:30;1;76;76474;2;1;1;3;Route de Dieppe;49,49391;1,04865
202300040133;8;4;2023;15:26;1;29;29232;1;6;1;3;Rond-Point de Kerustum;47,97889;-4,0947
202300040134;8;4;2023;12:20;1;28;28404;1;1;1;5;RD 828A;48,73088;1,34318
202300040135;2;9;2023;10:00;1;71;71076;2;2;1;1;LEDRU ROLLIN (RUE);46,78761098;4,83876253
202300040136;8;4;2023;17:59;1;27;27684;1;1;1;6;RN 13;49,0141726;1,233037
202300040137;2;9;2023;23:00;5;69;69264;2;2;1;3;Rue de la Quarantaine;45,9893;4,72274
202300040138;8;4;2023;09:00;1;27;27229;2;1;1;2;MONOD (RUE JACQUES);49,020498;1,182185
202300040139;1;9;2023;14:20;1;69;69264;2;1;1;2;Boulevard Gambetta;45,99356;4,71576
202300040140;2;9;2023;10:00;1;69;69259;2;9;1;6;Rue Président Edouard Herriot;45,69508;4,8764
202300040141;7;4;2023;22:08;4;22;22106;2;3;1;3;EIFFEL (RUE GUSTAVE);48,50124;-2,73403
202300040142;1;9;2023;08:16;1;63;63224;1;1;1;5;RD 2009;45,86858;3,11888
202300040143;7;4;2023;17:50;1;17;17028;1;1;1;4;114 PK RN137 JUSTICE ROCHEFORT;46,145;-1,109
202300040144;23;8;2023;07:35;1;62;62160;2;1;1;6;Boulevard Auguste Mariette;50,72653;1,611942
202300040145;8;4;2023;05:55;5;17;17274;2;6;1;3;D108;46,15439;-1,11213
202300040146;1;9;2023;14:42;1;60;60175;2;1;3;6;Avenue Marie et Pierre Curie;49,25219;2,4836
202300040147;2;9;2023;10:05;1;59;59152;2;1;1;6;HURLUPIN (RUE D');50,7639256;3,01008553
202300040148;8;4;2023;13:15;1;13;13214;2;2;1;3;CAPITAINE GEZE (BOULEVARD);43,33132;5,37667
202300040149;2;9;2023;13:45;1;54;54578;2;2;1;3;AIGUILLETTES  (BD 5 A 73-2 A 94);48,67029;6,1583
202300040150;8;4;2023;11:00;1;13;13215;2;1;1;6;BOURRELY (CHEMIN DES);43,37965;5,36183
202300040151;2;9;2023;13:32;1;49;49007;2;2;1;3;ARAGO BOULEVARD;47,47861;-0,5562
202300040152;8;4;2023;18:20;1;13;13028;2;1;1;3;KENNEDY (AVENUE PRESIDENT JOHN FITZGERAL;43,17904;5,6019
202300040153;8;4;2023;13:45;1;11;11069;2;1;1;6;3 Impasse de l'Alaric;43,228477;2,387517
202300040154;3;9;2023;00:00;5;45;45302;2;2;1;3;609 Rue Nationale 20;47,94329;1,89264
202300040155;8;4;2023;02:10;5;11;11069;2;1;1;6;Route de Maquens;43,207;2,3146
202300040156;2;9;2023;06:50;3;44;44184;1;1;1;2;N/A;47,29136;-2,23226
202300040157;2;9;2023;19:55;1;44;44109;2;1;7;6;10 Boulevard Maréchal Alphonse Juin;47,19823;-1,59476
202300040158;2;9;2023;19:50;1;35;35238;2;1;7;6;LEROUX (BD OSCAR);48,09144336;-1,66101158