Num_Acc;jour;mois;an;hrmn;lum;dep;com;agg;int;atm;col;adr;lat;long
202300040159;7;4;2023;17:00;1;11;11069;2;1;1;5;5 Route de Montreal;43,2113;2,3284
202300040160;8;4;2023;05:00;3;9;9207;1;1;1;6;20 (R.N.) COTE SUD DU TUNNEL;42,92884;1,63204
202300040161;1;9;2023;18:25;1;35;35115;2;2;1;3;CANROBERT (RUE);48,35098;-1,19273
202300040162;2;9;2023;21:05;5;33;33063;2;1;3;6;Avenue de Nontraste;44,87723121;-0,56818843
202300040163;8;4;2023;14:00;1;6;6069;2;1;1;3;DRAGONNIERE (CHEMIN DE LA);43,674633;6,955375
202300040164;2;9;2023;18:30;1;33;33069;2;2;1;3;Boulevard Pierre 1er;44,8570806;-0,59114277
202300040165;2;4;2023;11:30;1;6;6069;2;1;1;2;CANNES (ROUTE DE)  -VC 6085-;43,635238;6,95167
202300040166;1;9;2023;17:20;1;31;31483;2;3;1;2;KENNEDY (AVENUE);43,101642;0,72772
202300040167;2;9;2023;12:05;1;27;27229;2;1;1;3;SAINT ANDRE (ROUTE DE);49,009236;1,167471
202300040168;7;4;2023;15:30;1;6;6069;2;1;1;4;CANNES (ROUTE DE)  -RD 6085-;43,64165;6,94534
202300040169;2;9;2023;05:25;4;26;26198;1;1;1;6;SAUZET (Route );44,55377119;4,74866867
202300040170;2;9;2023;09:50;1;26;26198;1;3;1;3;Chemin de Fortuneau;44,53935;4,7323
202300040171;7;4;2023;18:10;1;4;4112;2;1;1;2;DELATTRE DE TASSIGNY (AV. MAL.);43,82499;5,78882
202300040172;2;9;2023;11:50;1;25;25056;2;4;1;6;AUBEPINES RUE DES;47,2654;6,04877
202300040173;1;9;2023;19:10;1;22;22113;2;1;1;6;LE DANTEC (RUE FELIX);48,7328;-3,46388
202300040174;7;4;2023;18:20;5;988;98818;2;3;1;3;ROUTE MENANT AU DEBARCADERE/PROMENADE PIERRE VERNIER;-22,30955;166,45802
202300040175;1;9;2023;14:05;1;16;16271;1;1;1;2;TORSAC (ROUTE DE);45,615113;0,191211
202300040176;7;4;2023;11:50;1;976;97611;2;1;1;3;passamanty-Vahibé ( route );-12,80374;45,21221
202300040177;2;9;2023;19:00;1;14;14220;2;1;1;2;14 Boulevard Eugène Cornuché;49,36238;0,07378
202300040178;7;4;2023;19:20;3;974;97411;1;3;1;6;JAURES (BOULEVARD JEAN);-20,89192;55,46735
202300040179;2;9;2023;13:25;1;13;13207;2;1;1;2;Corniche John Fitzgérald Kennedy;43,2701;5,36529
202300040180;7;4;2023;09:25;1;974;97411;2;1;1;6;OCEAN (BOULEVARD DE L');-20,88138;55,45706
202300040181;2;9;2023;01:45;5;11;11069;2;9;1;6;96 Avenue Bunau Varilla;43,20687;2,33537
202300040182;7;4;2023;06:50;1;974;97411;2;1;1;3;LATTRE DE TASSIGNY (AVENUE MARECHAL DE);-20,88703;55,47108
202300040183;1;9;2023;17:50;1;11;11069;1;1;1;2;N/A;43,22386;2,327
202300040184;7;4;2023;07:45;1;974;97411;2;1;1;6;JAURES (BOULEVARD JEAN);-20,88969;55,46105
202300040185;1;9;2023;16:30;1;2;2408;2;6;1;3;N/A;49,5685;3,6468
202300040186;2;9;2023;00:00;5;75;75114;2;1;1;7;BRETELLE PORTE DE VANVES;48,82520657;2,30326134
202300040187;6;4;2023;16:15;1;974;97407;1;1;1;2;AXE MIXTE DE CAMBAIE;-20,95307;55,2943
202300040188;7;4;2023;13:03;1;973;97302;2;3;1;3;MADELEINE (ROUTE DE LA);4,91739;-52,32143
202300040189;2;9;2023;06:14;2;75;75116;2;1;1;5;BD PERIPHERIQUE EXTERIEUR;48,85464;2,254711
202300040190;7;4;2023;19:30;1;69;69388;2;2;1;3;Rue Emile Combes;45,73299;4,86602
202300040191;2;9;2023;20:00;1;75;75105;2;2;1;3;QUAI SAINT MICHEL;48,853772;2,344347
202300040192;2;9;2023;05:50;5;75;75114;2;3;1;6;BOULEVARD RASPAIL;48,835025;2,332174
202300040193;7;4;2023;14:50;1;69;69383;2;3;1;2;Rue Rabelais;45,76235;4,8414
202300040194;2;9;2023;18:15;1;75;75115;2;2;1;6;RUE LINOIS;48,847693;2,284141
202300040195;1;9;2023;13:00;1;75;75114;2;3;1;6;AVENUE DU MAINE;48,839457;2,322288
202300040196;1;9;2023;18:10;1;75;75114;2;3;1;3;AVENUE DU MAINE;48,834058;2,324443
202300040197;7;4;2023;03:05;5;69;69389;2;2;1;3;Avenue Sidoine Apollinaire;45,77357;4,79524
202300040198;2;9;2023;00:15;5;75;75113;2;1;1;1;RUE JEAN BAPTISTE BERLIER;48,8262367;2,38626069
202300040199;7;4;2023;13:45;1;2A;2A004;2;3;1;3;CALVI  ROUTE;41,95855;8,78061
202300040200;2;9;2023;04:45;5;75;75111;2;3;1;6;RUE DE CHARONNE;48,854399;2,384077
202300040201;7;4;2023;08:20;1;95;95051;2;3;7;1;DENIS PAPIN (RUE);49,0161429;2,17679769
202300040202;2;9;2023;01:20;5;75;75111;2;2;1;6;BOULEVARD DE CHARONNE;48,858259;2,389886
202300040203;6;4;2023;16:50;1;91;91215;2;1;1;6;AV VICTOR HUGO;48,6976;2,52424
202300040204;9;12;2023;22:15;3;93;93064;1;1;8;4;AUTOROUTE A86;48,87884;2,47637
202300040205;10;12;2023;20:15;3;94;94011;1;1;2;6;N406;48,76265;2,495
202300040206;2;9;2023;15:15;1;75;75101;2;2;1;3;BOULEVARD DE SEBASTOPOL;48,858547;2,348205
202300040207;4;4;2023;17:05;1;91;91174;2;3;1;4;RUE EMILE ZOLA;48,61154;2,46993
202300040208;10;12;2023;19:15;3;94;94042;1;1;3;6;A4;48,82743426;2,46915402
202300040209;2;9;2023;17:00;1;94;94046;2;1;1;1;Avenue Georges Clémenceau;48,81170568;2,44367293
202300040210;7;4;2023;12:45;1;88;88160;2;1;8;3;Ruelle du Maroc;48,180663;6,436745
202300040211;2;9;2023;08:50;1;94;94022;2;1;1;6;88 Avenue Victor Hugo;48,7695939;2,42372292
202300040212;9;12;2023;22:00;3;77;77372;1;1;1;5;A104;48,89658433;2,66217082
202300040213;19;3;2023;09:42;1;78;78172;2;1;1;6;LIBERTE (PLACE DE LA);49,005007;2,116454
202300040214;9;12;2023;15:50;1;94;94028;1;1;3;6;A86;48,79698818;2,44355794
202300040215;2;9;2023;19:00;1;93;93071;2;2;1;3;Rue Edison / Allée du Jura;48,9285;2,52723
202300040216;8;12;2023;18:45;3;77;77258;1;1;1;3;A4.W;48,83140473;2,64207057
202300040217;2;9;2023;02:48;5;93;93048;2;1;1;6;Rue de la Patte d’Oie;48,860742;2,468056
202300040218;7;4;2023;10:05;1;77;77053;2;1;1;6;RD 319;48,68583;2,62556
202300040219;9;10;2023;07:15;2;74;74159;1;1;1;2;A40;46,02396802;6,61644459
202300040220;6;4;2023;20:30;2;77;77378;2;1;1;6;Rue de Boissise;48,52992;2,55656
202300040221;10;12;2023;04:00;5;988;98818;2;1;1;6;AVENUE JAMES COOK;-22,2668;166,4203
202300040222;1;9;2023;23:49;5;93;93077;2;1;1;1;Rue de Neuilly;48,87659524;2,52523784
202300040223;6;4;2023;16:30;1;77;77226;2;2;1;3;D110;48,44321;2,7859
202300040224;8;12;2023;22:20;5;988;98818;2;1;1;6;PROMENADE ROGER LAROQUE;-22,2957;166,43759
202300040225;2;9;2023;05:30;3;93;93050;2;5;1;1;Rue de Neuilly / Rue Gabrielle;48,87536724;2,52598708
202300040226;7;4;2023;07:35;1;76;76561;2;2;1;3;Avenue Louis Pasteur;49,30998;1,01322
202300040227;9;12;2023;11:40;1;974;97411;2;1;1;4;JAURES (BOULEVARD JEAN);-20,88983;55,452
202300040228;2;9;2023;18:15;1;93;93015;2;4;1;6;Rue Jean Baptiste Clement / Rue de la Faisanderie;48,91636;2,56955
202300040229;9;12;2023;01:30;4;973;97302;2;1;1;6;GALMOT (AVENUE);4,93207047;-52,32807255
202300040230;7;4;2023;10:40;1;72;72181;2;1;1;4;CUGNOT NICOLAS (BD);47,98438;0,22252
202300040231;7;4;2023;06:30;5;72;72181;2;6;8;3;EDISON THOMAS (RUE);48,025;0,177
202300040232;2;9;2023;17:00;1;93;93047;2;2;1;6;Avenue Emile Cossonneau / Avenue du Muguet;48,89421;2,54942
202300040233;9;12;2023;22:40;3;69;69386;2;9;1;3;Rue Juliette Récamier;45,76788975;4,85844597
202300040234;2;9;2023;17:50;1;92;92078;2;1;1;3;MARC SANGNIER (AVENUE);48,92907878;2,32614756
202300040235;6;4;2023;14:20;1;72;72181;2;6;8;3;DELAGENIERE HENRY (RUE);48,011099;0,199135
202300040236;9;12;2023;16:00;2;69;69386;2;2;2;6;Rue Bellecombe;45,76517;4,86361
202300040237;9;12;2023;21:04;5;69;69389;2;1;2;6;80 Avenue Sidoine Apollinaire;45,76806;4,79773
202300040238;7;4;2023;18:00;1;69;69259;2;3;1;3;Rue Saint Exupéry;45,69869;4,89241
202300040239;2;9;2023;00:45;5;92;92078;2;1;1;4;LONGUE BERTRANE (RUE);48,93056675;2,32072592
202300040240;2;9;2023;21:52;3;92;92033;2;1;1;6;VERGERS;48,84669283;2,18137443
202300040241;9;12;2023;03:05;5;69;69384;2;1;5;2;20 Cours d'Herbouville;45,77656;4,83971
202300040242;7;4;2023;17:00;1;69;69259;2;2;1;3;Boulevard Marcel Sembat;45,71774;4,8848
202300040243;2;9;2023;15:48;1;92;92064;2;1;1;3;REPUBLIQUE;48,85418864;2,21213758
202300040244;9;12;2023;05:24;3;2B;2B037;1;9;3;1;TOUTES RUES;42,61008;9,43767
202300040245;2;9;2023;12:30;1;92;92051;2;1;1;6;CHEZY (RUE DE, N° 21 A 99);48,89006;2,27377
202300040246;7;4;2023;08:30;1;69;69029;2;3;1;3;78 Avenue Camille Rousset;45,73623;4,91369
202300040247;9;12;2023;17:10;5;2B;2B033;1;4;9;3;ROUTE ROYALE;42,68285882;9,42202409
202300040248;2;9;2023;18:15;2;972;97222;1;1;1;3;Route du Port;14,654157;-60,930562
202300040249;7;4;2023;11:00;1;66;66136;2;1;1;6;N/A;42,67678;2,89045
202300040250;6;4;2023;14:37;1;66;66136;2;1;1;6;N/A;42,68713;2,90601
202300040251;9;12;2023;08:45;1;95;95018;2;1;3;6;GABRIEL PERI (AVENUE);48,94415;2,25099
202300040252;7;4;2023;08:50;1;65;65286;2;1;1;6;Rue Martyrs de la Deportation;43,095799;-0,039485
202300040253;2;9;2023;19:40;1;62;62706;1;2;1;3;D947;50,599359;2,757
202300040254;9;12;2023;20:00;5;91;91421;2;1;2;2;REPUBLIQUE (AVENUE DE LA);48,70731;2,45526
202300040255;3;9;2023;09:50;1;71;71118;1;1;1;2;A6, PK 329+100, direction de LYON;46,803217;4,82524
202300040256;9;12;2023;22:30;5;91;91228;1;3;8;3;AV PAUL DELOUVRIER;48,62226;2,41699
202300040257;7;4;2023;13:25;1;64;64260;2;1;1;3;INDUSTRIE (RUE DE L');43,34847;-1,77028
202300040258;2;9;2023;13:10;1;974;97410;1;1;1;7;D53;-21,080611;55,626676
202300040259;9;12;2023;19:00;5;91;91521;2;1;8;2;ARAGON (AVENUE LOUIS);48,63791;2,40318
202300040260;7;4;2023;08:30;1;64;64483;1;1;1;6;ITHURRALDE ANDRE (AVENUE);43,39392;-1,65009
202300040261;9;12;2023;05:43;5;30;30351;2;1;9;5;GENERAL LECLERC AVENUE DU;43,95367312;4,78346765
202300040262;7;4;2023;23:20;4;64;64024;2;1;1;7;LAC (AVENUE DU);43,51541;-1,51981
202300040263;3;9;2023;06:15;1;974;97414;1;1;1;1;route nationale 5;-21,284896;55,420854
202300040264;6;4;2023;14:20;1;64;64102;2;1;1;6;NAVARRE (AVENUE HENRI DE);43,49874;-1,44769
202300040265;9;12;2023;06:35;5;83;83137;2;3;1;3;PICOT (AVE DU COLONEL);43,12612;5,95974
202300040266;29;3;2023;11:10;1;62;62413;2;1;1;6;Rue de Wattignies;50,45465885;2,90492186
202300040267;6;12;2023;20:55;5;83;83129;2;3;1;3;BRUSC (CHE DU);43,09483422;5,83005081
202300040268;7;4;2023;09:15;1;62;62413;1;3;1;3;D917;50,46599171;2,90378469
202300040269;8;12;2023;23:06;5;77;77108;2;9;9;2;D934;48,86932;2,57454
202300040270;2;9;2023;01:45;3;34;34163;1;1;1;5;A750 PK 17.000;43,63301273;3,72953979
202300040271;7;4;2023;16:45;1;59;59352;2;1;2;6;ROUBAIX (RUE DE);50,73311;3,08579
202300040272;9;12;2023;16:10;1;77;77251;1;1;1;6;ALL DE LA CITOYENNETE;48,61923;2,54289
202300040273;7;4;2023;15:45;1;59;59599;2;1;8;6;GRAMME (CHAUSSEE);50,73614;3,17323
202300040274;1;9;2023;18:15;1;87;87001;2;3;1;3;40 Avenue du Président Wilson;45,796692;1,136613
202300040275;9;12;2023;15:12;1;77;77122;2;7;2;6;D50;48,664195;2,568438
202300040276;7;4;2023;07:15;5;59;59033;2;1;2;6;MAUBEUGE (RUE DE);50,202966;3,849548
202300040277;2;9;2023;18:35;1;21;21679;1;1;1;7;D905;47,305819;4,666507
202300040278;7;4;2023;21:30;5;59;59220;2;1;1;6;FRANCE ANATOLE RUE;50,60538061;3,06528211
202300040279;9;12;2023;20:00;3;77;77209;1;2;8;6;D217B;48,853907;2,69064
202300040280;3;4;2023;10:30;1;59;59122;2;1;1;6;RIBECOURT (RUE DE);50,1615826;3,23471993
202300040281;9;12;2023;20:15;5;76;76329;2;2;2;3;COTY RENE (RUE);49,55775;0,48535
202300040282;1;9;2023;21:40;5;57;57287;2;1;1;1;Route Departementale 654;49,375824;6,226893
202300040283;7;4;2023;21:15;5;57;57240;1;9;9;1;CD 26;49,1489;6,7968
202300040284;2;9;2023;18:11;1;57;57079;1;1;1;6;D63;49,32540676;6,45572121
202300040285;9;12;2023;19:04;5;72;72181;1;1;1;5;CUGNOT NICOLAS (BD);47,98554;0,22463
202300040286;6;4;2023;07:05;2;56;56121;2;6;2;2;SCORFF ( BD DU );47,7612;-3,36596
202300040287;9;12;2023;13:50;1;72;72181;1;9;2;3;EINSTEIN ALBERT (RUE);48,0245;0,17708
202300040288;3;9;2023;03:40;3;59;59502;1;5;1;1;d942;50,18575339;3,34372088
202300040289;7;4;2023;13:55;1;54;54357;2;1;1;1;PATTON (AV. DU GENERAL);48,71088;6,16219
202300040290;1;9;2023;17:00;1;46;46304;2;1;1;6;D801;44,701941;1,5483
202300040291;6;4;2023;13:50;1;54;54300;2;2;1;6;GALTIER (RUE LUCIEN);48,65967;6,22625
202300040292;9;12;2023;10:40;1;64;64122;2;1;1;3;ALAN SEEGER (AVENUE);43,4522;-1,54407
202300040293;6;4;2023;13:40;1;50;50129;2;1;1;6;COURBET (RUE AMIRAL);49,64942;-1,65812
202300040294;8;12;2023;19:20;5;62;62555;2;1;8;6;Boulevard Leon Gambetta;50,50189;2,50256
202300040295;3;9;2023;04:00;3;68;68155;2;1;1;7;D10;48,09366545;7,31197894
202300040296;6;4;2023;18:40;1;50;50129;2;3;1;3;COUPLETS (RUE DES);49,65008;-1,66014
202300040297;9;12;2023;19:10;5;54;54578;2;3;2;3;Boulevard des Aiguillettes;48,67235;6,15462
202300040298;3;9;2023;12:20;1;25;25254;1;1;1;6;D6;46,857594;6,37619
202300040299;9;12;2023;17:13;3;49;49267;2;1;2;1;A87N;47,4676;-0,51525
202300040300;2;9;2023;15:20;1;35;35222;1;1;1;7;Ville Cunan;48,530074;-1,604009
202300040301;7;4;2023;18:13;1;49;49007;2;2;1;3;SAINT MICHEL BOULEVARD;47,47345;-0,54203
202300040302;8;12;2023;17:20;5;42;42218;2;6;2;6;Rue Marc Charras;45,44430294;4,42492984
202300040303;3;9;2023;11:30;1;29;29241;2;6;1;7;Rue de Scaër;47,95855955;-3,81968921
202300040304;6;4;2023;12:20;1;49;49007;2;1;1;2;GRAND LAUNAY;47,46568;-0,59484
202300040305;4;12;2023;08:02;2;38;38185;1;1;1;2;A480;45,16554;5,70162
202300040306;3;9;2023;06:30;2;2;2081;2;1;1;6;25 Rue du Buat;49,627531;3,142776
202300040307;7;4;2023;12:55;1;47;47001;2;1;1;2;DELPECH (AV. GEORGES);44,20999;0,61046
202300040308;9;12;2023;14:55;1;33;33167;2;2;3;3;Rue du Mascaret;44,82834;-0,53018
202300040309;3;9;2023;14:00;1;3;3268;1;1;7;6;rd 2009;46,13543;3,211264
202300040310;7;4;2023;18:30;1;44;44109;1;1;1;2;N/A;47,25509;-1,53204
202300040311;3;9;2023;00:00;3;15;15221;1;6;1;6;N122;44,882226;2,355678
202300040312;9;12;2023;10:10;1;33;33063;2;2;1;3;Boulevard Albert Brandenburg;44,87594;-0,54833
202300040313;7;4;2023;13:05;1;44;44190;2;1;7;6;13 Rue du Docteur Paul Michaux;47,2085;-1,51041
202300040314;2;9;2023;18:50;1;70;70120;1;1;7;2;RD4;47,702816;6,709878
202300040315;9;12;2023;14:35;1;31;31149;2;1;8;6;RN124;43,60679;1,33088
202300040316;7;4;2023;13:00;1;44;44109;2;1;1;6;9 Rue Copernic;47,21465;-1,5659
202300040317;3;9;2023;09:00;1;72;72064;1;1;7;6;Lieu Dit Les Paturieres;47,861628;0,676121
202300040318;8;12;2023;15:45;1;31;31555;2;9;1;2;AV DE REYNERIE;43,56851;1,40791
202300040319;7;4;2023;19:48;1;43;43157;2;1;1;4;33 Place du Breuil;45,04224;3,88436
202300040320;3;9;2023;02:45;3;5;5045;1;1;1;6;route nationale 94 - PK/PR: 101+700;44,531438;6,43477
202300040321;8;12;2023;21:00;3;31;31565;2;1;2;6;VALENTINE (PONT DE);43,09752;0,70642
202300040322;7;4;2023;15:20;1;43;43251;1;1;1;7;Chemin d'Eycenac;45,01832;3,86408
202300040323;7;4;2023;17:45;1;35;35281;1;6;1;3;DODIN (AVENUE ROGER);48,07837;-1,71249
202300040324;2;9;2023;20:20;2;90;90053;1;1;1;6;N/A;47,528764;6,960804
202300040325;3;9;2023;07:55;1;17;17466;1;1;1;7;D109;46,188959;-0,97052
202300040326;7;4;2023;07:30;1;35;35238;2;1;1;6;SUEDE (DE);48,08665;-1,67603
202300040327;2;9;2023;17:30;1;48;48037;1;1;1;7;D901;44,511534;3,647429
202300040328;9;12;2023;15:50;1;27;27528;2;1;6;7;Av des Anciens Combattants d’Afn;49,254643;1,209468
202300040329;7;4;2023;09:00;1;34;34172;2;6;1;3;CHATEAU D'O (ROND-POINT DU);43,63157;3,84266
202300040330;8;12;2023;17:50;5;27;27229;2;9;2;3;ALLENDE (BOULEVARD DU PRESIDENT);49,004;1,1475
202300040331;7;4;2023;22:15;5;34;34003;2;1;1;2;9 Rue de l’Oliveraie;43,302224;3,484422
202300040332;2;9;2023;21:00;3;60;60100;1;1;1;3;A1;49,249851;2,679162
202300040333;9;12;2023;14:55;1;25;25056;2;9;2;1;DOLE RUE DE (sup 200);47,22689;5,97951
202300040334;7;4;2023;22:36;5;33;33192;2;2;1;5;Cours du Général de Gaulle;44,790567;-0,605168
202300040335;8;12;2023;14:45;1;15;15012;2;1;1;3;RD 320;44,901675;2,458611
202300040336;25;8;2023;17:50;1;987;98714;2;1;1;6;Vaitapé;-16,386567;-151,766735
202300040337;10;12;2023;01:10;5;13;13075;2;1;1;1;FRÉDÉRIC CHEVILLON (AVENUE);43,347983;5,464251
202300040338;7;4;2023;18:30;1;33;33281;2;1;1;3;Rue Roland Dorgelès;44,84383;-0,65362
202300040339;8;4;2023;00:25;4;29;29232;1;6;1;7;Route de Benodet;47,9639;-4,0837
202300040340;2;9;2023;19:45;3;988;98808;1;1;1;6;Nessa Kouya (Tribu);-21,29054;165,54169
202300040341;9;12;2023;10:00;1;13;13213;2;1;1;2;JEAN PAUL SARTRE (AVENUE);43,3139;5,40593
202300040342;7;4;2023;08:50;1;29;29039;1;1;1;4;N165 - Roz Bihan;47,94329761;-3,92920516
202300040343;2;9;2023;23:30;4;71;71069;1;1;1;7;Route du Moulin Cabot;46,332758;4,720634
202300040344;9;12;2023;08:50;1;13;13210;2;1;1;1;ROMAIN ROLLAND (BOULEVARD);43,275186;5,416339
202300040345;7;4;2023;17:15;1;28;28134;1;1;1;3;N12 (DESCENTE ET PONT FERMAINCOURT);48,74595;1,37853
202300040346;9;12;2023;16:05;1;10;10387;2;1;2;3;MAJOR GENERAL VANIER (AVENUE);48,30203;4,07427
202300040347;7;4;2023;19:45;1;27;27229;2;1;1;4;CITES UNIES (BOULEVARD DES);49,00673;1,1444625
202300040348;3;9;2023;03:05;3;44;44201;1;1;1;7;272 la Maillère;47,345237;-1,558938
202300040349;8;12;2023;17:10;5;10;10387;2;2;8;3;PIERRE BROSSOLETTE (RUE);48,28769;4,07718
202300040350;9;12;2023;17:05;5;6;6069;2;1;1;2;MOULIN DE BRUN (CHEMIN ET TRAVERSE DU);43,656891;6,945299
202300040351;3;9;2023;03:55;3;7;7241;1;1;1;6;Départementale 103;44,54862788;4,43266939
202300040352;7;4;2023;15:55;1;25;25204;2;1;8;1;Ville  (rue de la);46,92578;6,35241
202300040353;9;12;2023;18:10;5;6;6004;1;9;1;6;CLAUDE CH.DE ST;43,60345;7,09008
202300040354;7;4;2023;08:35;1;24;24037;2;1;1;6;BEAUFERRIER (RUE);44,85914;0,47776
202300040355;30;8;2023;14:47;1;1;1281;2;2;1;1;D1005;46,284046;6,086099
202300040356;8;12;2023;07:08;5;5;5061;2;1;3;6;JEAN JAURES ( AVENUE );44,5499;6,06851
202300040357;6;4;2023;17:35;1;16;16102;2;6;1;6;JAVREZAC (BOULEVARD DE);45,69404;-0,34735
202300040358;28;8;2023;07:30;1;33;33498;2;1;1;6;Chemin d'Arnautille;44,55609;-0,914322
202300040359;9;12;2023;10:30;1;4;4112;2;1;8;3;MAJORAL ARNAUD (AV.);43,83072;5,78043
202300040360;3;9;2023;09:10;1;35;35178;1;1;1;6;RD 102;48,311183;-1,432005
202300040361;8;12;2023;08:05;1;4;4070;2;1;3;3;avenue Simone-Pellissier;44,084682;6,222625
202300040362;8;12;2023;20:10;5;75;75118;2;1;1;2;BD PERIPHERIQUE EXTERIEUR;48,901236;2,352112
202300040363;3;9;2023;15:30;1;59;59430;2;1;1;6;Rue de la Bonnette;50,139385;3,499779
202300040364;7;4;2023;19:30;1;13;13103;2;1;1;1;AVENUE LECLERC - DU MARECHAL;43,63983;5,1089
202300040365;9;12;2023;16:45;1;75;75117;2;3;1;2;AVENUE DE CLICHY;48,890283;2,32078
202300040366;8;8;2023;10:05;1;59;59177;1;1;1;1;Route d’Aulnoye;50,155803;3,876755
202300040367;7;4;2023;22:20;5;13;13208;2;3;1;3;CARMAGNOLES (BD);43,26908;5,3864
202300040368;9;12;2023;09:25;1;75;75112;2;3;3;1;RUE DE CHARENTON;48,836108;2,392236
202300040369;7;4;2023;19:05;1;13;13047;1;1;1;2;RD 569;43,54847;4,97356
202300040370;1;9;2023;18:25;1;13;13005;1;1;1;2;A50-Sens Marseille vers Aubagne;43,286511;5,536369
202300040371;9;12;2023;16:55;1;75;75111;2;3;8;6;RUE JEAN PIERRE TIMBAUD;48,86729;2,375897
202300040372;2;9;2023;08:54;1;13;13026;1;1;1;1;A55-Sens Marseille vers Martigues;43,39021;5,13658
202300040373;3;4;2023;19:45;1;10;10325;2;9;1;3;Rue Victor Hugo;48,26750977;4,06187832
202300040374;9;12;2023;09:50;1;75;75110;2;3;3;6;RUE ALEXANDRE PARODI;48,8798;2,365532
202300040375;7;4;2023;15:35;1;10;10387;2;1;1;4;VICTOR HUGO (RUE);48,29345;4,06872
202300040376;2;9;2023;03:45;5;69;69204;1;1;1;2;Autoroute 450;45,68408604;4,80424374
202300040377;9;12;2023;07:24;5;75;75108;2;2;2;3;PLACE DE LA CONCORDE;48,86667134;2,32201767
202300040378;7;4;2023;04:27;5;8;8480;2;1;9;6;NATIONALE ROUTE;49,74272;4,73821
202300040379;9;12;2023;06:30;2;75;75104;2;2;2;6;QUAI DE L HOTEL DE VILLE;48,855899;2,351089
202300040380;7;4;2023;22:16;5;6;6088;2;1;1;3;DELFINO (BD GENERAL);43,70589;7,28328
202300040381;7;4;2023;14:10;1;6;6104;2;1;1;3;CAP MARTIN (PROMENADE DU);43,757759;7,481883
202300040382;9;12;2023;11:50;1;94;94052;2;3;2;3;Avenue de Joinville;48,831046;2,468872
202300040383;2;9;2023;00:35;3;33;33162;1;9;3;3;ROCADE A 630;44,86942274;-0,64565867
202300040384;9;12;2023;07:55;5;94;94052;2;1;2;6;Boulevard de Strasbourg;48,84526214;2,4892399
202300040385;7;4;2023;08:20;1;6;6069;2;1;1;3;GRILLONS (RUE DES);43,64891;6,91185
202300040386;2;9;2023;12:20;1;92;92002;1;1;1;2;AUTOROUTE A10;48,73038049;2,30823398
202300040387;9;12;2023;07:00;4;94;94017;2;1;2;6;Avenue du Général de Gaulle;48,82033118;2,48535318
202300040388;7;4;2023;19:45;1;6;6123;2;1;1;3;PUGETS MOYENNE CORNICHE DES;43,69302;7,17844
202300040389;8;12;2023;17:30;5;94;94071;2;2;2;6;Rue Jean Moulin;48,77541;2,51519
202300040390;2;9;2023;14:10;1;91;91136;1;1;1;2;AUTOROUTE A126;48,71276;2,28279
202300040391;7;4;2023;15:40;1;1;1053;2;2;7;1;MONTESQUIEU (RUE);46,18777;5,229225
202300040392;9;12;2023;12:00;1;93;93051;2;3;2;6;Rue de l’Universite / Boulevard du Levant;48,83845;2,5494
202300040393;8;4;2023;15:25;1;75;75112;2;1;1;2;PORTE DE CHARENTON;48,833191;2,406946
202300040394;2;9;2023;11:20;1;91;91689;1;1;1;4;AUTOROUTE A6A;48,73237;2,31567
202300040395;8;4;2023;01:10;5;75;75112;2;1;1;7;PORTE DE VINCENNES;48,843158;2,413707
202300040396;9;12;2023;10:30;1;93;93050;2;3;3;6;Avenue Léon Blum / Avenue Winston Churchill;48,8689;2,537056
202300040397;2;9;2023;19:30;2;93;93006;1;1;1;2;AUTOROUTE A3;48,86577158;2,41749625
202300040398;8;4;2023;19:20;1;75;75117;2;3;1;3;AVENUE DES TERNES;48,879025;2,292857
202300040399;9;12;2023;14:22;1;92;92048;2;3;2;3;CAPUCINS (RUE DES) N° 1 A 31;48,81192129;2,23018304
202300040400;8;4;2023;00:45;5;75;75117;2;1;1;6;BOULEVARD PERIPHERIQUE INTERIEUR OUEST;48,895335;2,307301
202300040401;9;12;2023;18:51;4;92;92036;2;1;2;6;GENEAL DE GAULLE (AVENUE) (1/41);48,93316138;2,30376855
202300040402;8;4;2023;18:15;1;75;75116;2;1;1;7;ALLEE DU BORD DE L EAU;48,867893;2,234109
202300040403;2;9;2023;10:40;1;93;93064;1;1;1;2;AUTOROUTE A86;48,8791675;2,47634149
202300040404;9;12;2023;16:49;2;92;92012;2;1;8;6;GENERAL LECLERC (AVENUE DU) 35/FIN - 60/;48,82992042;2,23227113
202300040405;10;12;2023;03:17;3;56;56186;2;1;2;6;Boulevard René Cassin;47,474229;-3,110853
202300040406;8;4;2023;19:50;2;75;75114;2;2;1;3;AVENUE PAUL APPELL;48,822086;2,325425
202300040407;10;12;2023;02:00;3;81;81139;1;1;1;6;Route de Grayssac;43,738104;2,13521
202300040408;8;4;2023;16:15;1;75;75114;2;1;1;6;AVENUE REILLE;48,8244;2,337632
202300040409;2;9;2023;00:17;3;95;95582;1;1;1;4;A15;48,9689;2,2512
202300040410;2;9;2023;02:45;3;95;95582;1;1;1;7;A115;48,97819;2,24083
202300040411;8;4;2023;18:30;1;75;75113;2;3;1;2;AVENUE D ITALIE;48,822807;2,358412
202300040412;7;12;2023;15:40;1;26;26085;1;1;8;4;A7;44,500041;4,768255
202300040413;9;12;2023;18:00;3;51;51559;1;1;2;2;D931;49,119624;4,548801
202300040414;7;4;2023;23:30;5;75;75109;2;3;1;6;RUE DE CAUMARTIN;48,874704;2,328462
202300040415;2;9;2023;06:45;1;94;94028;1;1;1;4;A86;48,79992769;2,44606437
202300040416;9;12;2023;19:30;3;60;60430;1;1;6;1;D335;49,314999;2,929541
202300040417;8;4;2023;18:00;1;75;75107;2;3;1;3;AVENUE DE SEGUR;48,850757;2,309256
202300040418;18;6;2023;04:45;5;93;93066;2;1;2;2;42 Avenue de Stalingrad;48,94606481;2,36695718