Num_Acc;jour;mois;an;hrmn;lum;dep;com;agg;int;atm;col;adr;lat;long
202300040419;10;12;2023;03:55;4;65;65258;2;1;1;6;Rue Alsace-Lorraine;43,123618;0,385648
202300040420;7;4;2023;11:45;1;94;94073;2;1;1;3;164 Avenue de Versailles;48,75796854;2,39093918
202300040421;9;12;2023;01:50;3;33;33093;1;1;2;6;D13;44,72066;-0,331661
202300040422;9;6;2023;20:30;1;93;93066;2;9;1;1;Avenue du Colonel Fabien;48,94524194;2,35185882
202300040423;8;12;2023;11:30;1;61;61339;2;1;1;6;D909;48,764145;-0,245593
202300040424;8;4;2023;13:59;1;94;94017;2;1;1;4;Voie Sonia Delaunay;48,81323;2,52879
202300040425;1;9;2023;06:45;1;974;97411;2;1;1;7;JAURES (BLD 2 JEAN);-20,8943;55,47164
202300040426;9;12;2023;12:00;1;68;68201;2;9;1;6;8 Rue du Général de Gaulle;47,773386;7,000582
202300040427;8;4;2023;18:00;1;93;93064;2;1;1;3;Avenue du Général de Gaulle;48,88066247;2,4772098
202300040428;1;9;2023;19:30;5;974;97407;2;3;1;6;ROUTE DU SACRE COEUR;-20,9581;55,31754
202300040429;8;12;2023;18:20;5;68;68060;2;6;2;3;Pont d'Aspach;47,740543;7,143785
202300040430;1;9;2023;11:00;1;973;97302;2;3;1;3;MANDARINES(RUE DES);4,93145;-52,32469
202300040431;8;4;2023;15:50;1;93;93064;2;6;1;4;Rond-Point de l'Europe / Boulevard Gabriel Péri;48,87746294;2,47516069
202300040432;10;12;2023;09:00;1;34;34154;2;5;1;3;D62e2;43,548781;3,979819
202300040433;1;9;2023;07:30;1;973;97302;1;1;1;3;MARINGOUINS (ROND-POINT);4,90700154;-52,32213557
202300040434;8;4;2023;18:00;1;93;93029;2;1;1;3;Avenue Henri Barbusse;48,92248043;2,45669693
202300040435;9;12;2023;10:28;1;29;29236;1;1;3;3;RN165;47,87727525;-3,63405892
202300040436;1;9;2023;12:00;1;69;69383;2;1;1;6;Cours Lafayette;45,76243;4,8498
202300040437;8;4;2023;10:55;1;93;93005;2;1;1;6;Route de Bondy;48,9274604;2,49181257
202300040438;9;12;2023;18:15;3;29;29204;1;1;1;1;Route de Keradoret;48,490956;-4,188151
202300040439;31;8;2023;11:55;1;972;97209;2;1;1;6;RD 41 (ROCADE);14,61211;-61,07838
202300040440;10;12;2023;03:25;4;66;66149;1;6;1;7;Rond Point du Canigou;42,622612;2,438953
202300040441;8;4;2023;12:20;1;92;92064;2;1;1;2;MARCEL DASSAULT;48,85835;2,22375
202300040442;31;8;2023;12:30;1;971;97101;1;1;1;1;CARAQUE;16,25064;-61,48842
202300040443;1;9;2023;11:20;1;2A;2A004;2;9;1;3;NAPOLEON COURS AVANT BEVERINI;41,9316;8,74005
202300040444;9;12;2023;17:05;3;73;73124;2;1;3;6;Avenue georges pompidou;45,656359;6,361537
202300040445;8;4;2023;13:40;1;92;92050;2;1;1;3;JOFFRE MARECHAL AVENUE DU;48,88496;2,1947
202300040446;9;12;2023;23:50;3;21;21562;1;1;2;6;D30;47,572501;5,422096
202300040447;1;9;2023;13:45;1;95;95428;2;1;1;4;D125;48,99322;2,32396
202300040448;8;4;2023;10:14;1;92;92044;2;2;1;3;ED.VAILLANT(RUE) 75A117 ET80A96;48,89869;2,28683
202300040449;10;12;2023;00:15;3;4;4031;1;1;2;6;d907;43,923932;6,140295
202300040450;1;9;2023;02:30;5;95;95018;2;1;1;6;D311;48,94226;2,25635
202300040451;8;4;2023;19:00;1;92;92026;2;1;1;1;EUROPE (AVENUE);48,90678134;2,26127252
202300040452;9;12;2023;23:50;5;42;42279;2;3;1;3;Chemin du Pré La Farge;45,502429;4,23789
202300040453;1;9;2023;13:13;1;91;91570;2;1;2;4;CONDORCET (AVENUE);48,62302;2,31602
202300040454;5;4;2023;15:40;1;17;17413;2;4;1;3;intersection D113 - D203E5;46,080268;-1,049377
202300040455;10;12;2023;06:20;2;1;1290;1;1;1;6;A42 sens LYON/GENÈVE PK 022+800;45,864015;5,148082
202300040456;7;4;2023;07:35;1;76;76238;1;1;1;6;D489;49,56987;0,239747
202300040457;1;9;2023;12:00;1;91;91479;2;1;1;3;AV FRANCOIS MITTERRAND;48,7079;2,3714
202300040458;8;4;2023;16:00;1;42;42003;1;1;1;6;Route de Changy;46,10801;3,902109
202300040459;26;8;2023;22:50;3;84;84080;1;1;1;2;SARRIANS ROUTE DE;44,04738;4,98204
202300040460;8;12;2023;19:14;3;45;45317;1;1;8;7;A10 PR 124 + 3;47,775351;1,583222
202300040461;1;9;2023;13:00;1;83;83098;1;1;1;1;FOUX (CHEMIN DE LA);43,11357;6,03112
202300040462;15;2;2023;18:20;3;68;68343;1;1;1;1;D44;47,890327;7,325585
202300040463;10;12;2023;21:00;3;988;98827;1;1;1;7;RT4;-21,310006;165,004435
202300040464;9;4;2023;10:55;1;60;60176;2;1;1;3;Avenue Gérard de Nerval;49,23656351;2,89422584
202300040465;1;9;2023;03:40;5;83;83069;2;6;1;7;ALMANARRE (ROUTE DE L');43,10149;6,13001
202300040466;10;12;2023;06:15;2;971;97129;1;1;1;6;Lieu Dit Viard;16,312216;-61,679488
202300040467;8;4;2023;11:10;1;30;30134;1;1;1;7;D901;44,283815;4,461093
202300040468;10;12;2023;04:45;3;6;6092;2;1;1;6;Boulevard de la Vallée;43,770141;7,368007
202300040469;1;9;2023;14:35;1;78;78498;2;1;1;6;BERTEAUX MAURICE AVENUE;48,93233;2,04109
202300040470;9;4;2023;01:15;3;83;83067;1;1;1;7;Route du Luc;43,336806;6,296293
202300040471;9;4;2023;09:21;1;91;91617;2;1;1;7;Route de Corbeil;48,638169;2,505248
202300040472;10;12;2023;05:00;3;4;4063;1;1;2;7;D4096;43,771063;5,7622
202300040473;1;9;2023;18:00;1;77;77374;1;1;1;2;DEPARTEMENTALE 471 (ROUTE);48,81314;2,69276
202300040474;9;4;2023;09:05;1;91;91553;2;6;1;3;Avenue Charles de Gaulle;48,618101;2,496289
202300040475;9;12;2023;00:00;3;21;21609;1;1;9;6;RD905;47,206567;5,316246
202300040476;1;9;2023;10:30;1;77;77350;2;3;2;6;RUE DE CHEVRY;48,7624;2,6712
202300040477;9;12;2023;13:50;1;68;68185;1;1;2;7;D1059;48,272068;7,332344
202300040478;8;4;2023;14:05;1;19;19072;2;9;1;3;avenue de la gare;45,22844282;1,51643515
202300040479;1;9;2023;08:45;1;72;72181;2;9;2;2;BOLLEE (AV) N° PAIRS 154 A 222;47,99722;0,21671
202300040480;8;12;2023;20:25;3;63;63284;1;1;1;7;avenue de Cournon;45,78094446;3,23697109
202300040481;25;8;2023;14:25;1;71;71076;2;1;1;6;MENAND (RUE EMILAND);46,78479;4,8543
202300040482;8;4;2023;19:25;1;77;77262;1;3;1;3;D236;48,58152303;3,47403504
202300040483;9;12;2023;21:15;3;81;81131;1;3;2;3;Route de Cadalen;43,88647003;1,99304223
202300040484;8;4;2023;21:45;3;80;80709;1;1;1;6;Le Moulin Feret;49,897972;1,820677
202300040485;31;8;2023;16:00;1;69;69259;2;2;1;3;Boulevard Ambroise Croizat;45,69695;4,88769
202300040486;9;4;2023;12:00;1;82;82035;1;1;1;6;Route de Lavit;44,016745;0,994944
202300040487;9;12;2023;23:10;5;44;44168;2;1;8;7;Chaussée de Bais;47,38136;-2,19284
202300040488;1;9;2023;14:00;1;67;67447;2;1;1;6;SAINT CHARLES (RUE);48,60533;7,74206
202300040489;8;12;2023;15:00;1;76;76020;1;2;8;3;D64;49,456614;0,911729
202300040490;8;4;2023;17:40;1;81;81201;1;2;1;3;RD53 - Lieu dit la Gayé;44,115136;2,220697
202300040491;10;12;2023;08:30;1;60;60500;1;1;8;7;D100;49,11158;2,74478
202300040492;9;4;2023;15:35;1;11;11262;1;2;1;1;N/A;43,140914;2,893009
202300040493;31;8;2023;19:30;2;67;67482;2;3;1;3;PRESIDENT WILSON (BOULEVARD);48,58805;7,73933
202300040494;6;12;2023;05:05;3;57;57463;1;1;8;2;RN 431;49,1145;6,23506
202300040495;8;4;2023;12:00;1;71;71422;1;1;1;6;D49;46,699726;4,767932
202300040496;30;8;2023;17:05;1;64;64335;2;6;2;7;SANTOS-DUMONT;43,32054;-0,4229
202300040497;9;12;2023;14:00;1;94;94034;1;1;2;2;A86;48,76020129;2,32061692
202300040498;1;9;2023;22:27;5;64;64122;2;1;1;1;MARNE (AVENUE DE LA);43,48202;-1,54347
202300040499;9;4;2023;16:45;1;71;71144;1;2;1;2;D4;47,055466;4,335387
202300040500;9;12;2023;14:00;1;94;94034;1;1;2;2;A86;48,76020129;2,32061692
202300040501;8;4;2023;19:00;1;63;63346;1;1;1;7;Chemin de Laspialade;45,432883;2,693367
202300040502;1;9;2023;09:54;1;64;64024;2;6;1;2;BUTTE AUX CAILLES (ROND POINT DE LA);43,49671;-1,50912
202300040503;9;12;2023;09:58;1;93;93006;1;1;3;7;AUTOROUTE A3;48,86994;2,43016
202300040504;9;12;2023;10:30;1;95;95306;1;1;2;6;A15;48,99916;2,17631
202300040505;5;4;2023;13:00;1;42;42208;1;1;1;2;Chemin de Maison Neuve;45,519425;4,474558
202300040506;31;8;2023;19:30;2;64;64102;2;1;1;6;SOULT (AVENUE MARECHAL);43,48368;-1,501
202300040507;9;12;2023;01:05;3;95;95572;1;1;1;6;N184;49,0342071;2,1125447
202300040508;9;10;2023;07:07;2;87;87085;2;1;1;7;VAUCANSON (RUE DE);45,85125;1,24211
202300040509;1;9;2023;08:46;1;62;62065;2;1;1;1;Rue Voltaire;50,42098;2,84295
202300040510;9;4;2023;06:55;2;68;68291;1;1;1;6;D468;47,860815;7,519841
202300040511;9;10;2023;11:07;1;87;87048;1;2;1;3;MONTAIGNE (RUE);45,79858;1,24764
202300040512;8;4;2023;17:25;1;25;25212;2;1;1;6;rue de Chatillon Le Duc;47,281009;5,992194
202300040513;1;9;2023;21:20;5;59;59599;2;9;1;2;Chaussée Marcelin Berthelot;50,72636;3,18265
202300040514;5;4;2023;20:00;2;44;44013;1;1;1;1;2 La Pierre;47,377117;-2,064705
202300040515;4;10;2023;16:50;1;78;78383;2;6;1;6;NORMANDIE (AVENUE DE);48,766159;1,940237
202300040516;2;9;2023;00:55;5;59;59350;2;1;1;3;FAUBOURG D'ARRAS RUE;50,61314;3,06202
202300040517;8;4;2023;09:35;1;35;35099;2;3;7;6;Rue du Calvaire;48,06236522;-1,52296498
202300040518;9;10;2023;16:15;1;72;72181;1;9;1;3;LIBERTE (AV DE LA);47,97202;0,23938
202300040519;1;9;2023;13:50;1;59;59350;2;2;1;6;NATIONALE RUE N°RESTE PAIRS;50,63673;3,06183
202300040520;9;4;2023;14:30;1;84;84005;1;1;1;1;D164;44,144257;5,339364
202300040521;9;10;2023;08:50;1;60;60159;2;1;1;6;Rue de Clamart;49,41055;2,82333
202300040522;1;9;2023;11:50;1;59;59350;2;3;2;6;SANS PEUR RUE JEAN N° RESTE;50,63195;3,05759
202300040523;7;4;2023;21:00;4;58;58218;2;1;1;6;Rue de Lurcy;47,173015;3,331786
202300040524;9;10;2023;15:40;1;49;49007;2;3;1;3;AYRAULT;47,47585;-0,55036
202300040525;8;4;2023;15:30;1;66;66024;2;1;1;6;Chemin du moli nou 66160;42,525974;2,84179
202300040526;9;10;2023;10:35;1;49;49007;2;1;1;6;LETANDUERE;47,45407;-0,55352
202300040527;8;4;2023;17:30;1;50;50158;1;1;1;7;Cuves;48,727287;-1,103423
202300040528;1;9;2023;08:36;1;56;56162;1;6;2;3;Giratoire de Kerscouët;47,70968;-3,4387
202300040529;9;4;2023;11:00;1;50;50239;1;1;1;6;RD 900,;49,118349;-1,153216
202300040530;24;7;2023;00:43;5;13;13026;1;3;1;1;FARREN (route de);43,38681;5,19275
202300040531;31;8;2023;18:25;1;56;56121;2;6;2;3;DORDELIN (RUE DE L AMIRAL ALAIN );47,73289;-3,37252
202300040532;9;4;2023;18:25;1;64;64270;2;3;1;1;D35;43,146703;-0,236497
202300040533;2;9;2023;18:55;1;13;13077;1;1;1;1;D 50;43,43371;5,00999
202300040534;9;4;2023;19:00;1;10;10323;2;1;1;3;Bd Maximilien de Robespierre;48,512174;3,719561
202300040535;31;8;2023;12:40;1;56;56107;2;4;2;2;KERPAPE (RUE DE);47,71962;-3,40901
202300040536;1;9;2023;17:30;1;54;54197;1;1;1;1;Rue Victor Grignard;48,61790045;6,20251715
202300040537;16;6;2023;16:55;1;92;92063;2;3;1;6;DIDEROT (RUE);48,8755221;2,19410419
202300040538;8;4;2023;16:25;1;24;24471;1;1;1;1;Allée des Tourelles;44,892987;1,259995
202300040539;31;8;2023;04:45;5;54;54547;2;1;8;6;Avenue de Bourgogne;48,64855242;6,14446342
202300040540;9;4;2023;20:16;2;24;24354;2;1;1;6;Avenue du Périgord;45,153125;0,008132
202300040541;1;9;2023;18:45;1;51;51454;2;6;1;3;BRIAND (PLACE ARISTIDE);49,25763;4,03948
202300040542;15;6;2023;11:45;1;92;92063;2;1;1;3;EMPEREUR (ROUTE DE L') EST;48,86338258;2,18180627
202300040543;1;9;2023;12:28;1;51;51454;2;1;1;3;DIEU LUMIERE (BOULEVARD) COTE IMPAIR;49,23999;4,03785
202300040544;8;4;2023;22:10;3;27;27109;1;1;1;3;RD 133 PK 23;49,109641;0,839124
202300040545;10;6;2023;02:00;5;92;92063;2;1;1;7;FORT (RUE DU);48,87834926;2,18791276
202300040546;30;8;2023;21:00;5;51;51172;2;6;1;3;ALSACE LORRAINE (BOULEVARD);49,21633;4,05066
202300040547;8;12;2023;17:10;1;974;97411;2;1;1;6;VICTOIRE (AVENUE DE LA);-20,87616;55,44772
202300040548;31;8;2023;14:40;1;51;51454;2;1;2;3;MAGELLAN (RUE);49,22481;4,0322
202300040549;1;9;2023;13:58;1;51;51230;2;2;8;6;HOPITAL AUBAN MOET;49,038833;3,954084
202300040550;1;9;2023;17:17;1;49;49007;2;1;1;7;MOULIN PONT ET PLACE;47,48919;-0,54613
202300040551;31;8;2023;11:54;1;49;49007;2;1;1;2;JUIN PLACE ET RUE;47,44616;-0,56984
202300040552;31;8;2023;11:05;1;49;49246;2;6;1;3;GALLIENI AVENUE;47,43709;-0,5143
202300040553;7;12;2023;21:20;5;973;97302;2;1;1;3;MONTABO (ROUTE DE) 2;4,944;-52,30891
202300040554;28;8;2023;12:30;1;44;44184;2;6;1;3;92 Rue Henri Gautier;47,28204;-2,20395
202300040555;1;9;2023;08:15;1;43;43046;2;3;1;3;CHAMPS-ELYSEES (AVENUE DES);45,051456;3,89658
202300040556;31;8;2023;14:10;1;43;43002;2;3;1;7;14 Chemin de Jalavoux;45,05396;3,88856
202300040557;8;12;2023;07:40;5;69;69383;2;3;2;3;Rue André Philip;45,75355;4,85195
202300040558;1;9;2023;10:20;1;34;34003;2;1;1;6;Boulevard du Soleil;43,3041;3,4841
202300040559;1;9;2023;19:40;1;33;33039;2;1;1;3;Rue Rachelle Guitton;44,79355;-0,5366
202300040560;7;12;2023;15:10;1;972;97213;1;1;2;3;Z I LA JAMBETTE;14,61663;-61,03335
202300040561;1;9;2023;19:05;1;33;33063;2;1;1;3;Quai des Chartrons;44,85225101;-0,56805164
202300040562;2;9;2023;01:10;5;29;29232;2;1;1;6;Boulevard Gutenberg;47,98020542;-4,08071553
202300040563;1;9;2023;09:15;1;28;28404;1;1;2;3;RN 154;48,71628;1,37429
202300040564;8;12;2023;07:30;2;69;69034;2;1;2;6;24 Chemin de Crépieux;45,80081;4,85186
202300040565;1;9;2023;15:10;1;25;25462;2;1;1;1;CHARDONNET (COMTE DE);46,91121;6,35383
202300040566;1;9;2023;09:36;1;22;22278;2;1;8;2;GOUEDIC (DE);48,50962;-2,75478
202300040567;8;12;2023;11:38;1;2B;2B120;1;1;2;3;N/A;42,6642;9,43602
202300040568;8;12;2023;12:50;1;2B;2B033;1;1;2;1;TOUTES RUES;42,67744;9,4446
202300040569;8;12;2023;07:20;1;971;97120;1;3;8;3;Amitié des peuples;16,24577;-61,54275
202300040570;10;10;2023;18:30;2;95;95428;2;3;1;3;REPUBLIQUE (RUE DE LA);48,97832;2,30844
202300040571;8;12;2023;08:34;1;95;95018;2;1;2;6;MAURICE BERTEAUX (BOULEVARD);48,94852;2,25422
202300040572;8;12;2023;19:10;3;91;91103;1;1;1;2;DEVI DU CD 19;48,5915;2,3092
202300040573;8;12;2023;17:25;5;91;91477;2;1;1;1;MAURICE BERTEAUX (RUE);48,718616;2,241875
202300040574;8;12;2023;08:20;2;91;91114;2;1;8;6;RUE DU PONT PERRONET;48,69588;2,50297
202300040575;5;10;2023;00:10;3;54;54213;2;1;1;6;Grande Rue;49,1479241;5,84460854
202300040576;6;12;2023;21:35;5;87;87085;2;2;1;5;BORIE (BOULEVARD DE LA);45,83457;1,22606
202300040577;6;12;2023;17:42;5;87;87050;2;1;1;6;PASCAUD (RUE DU DOCTEUR);45,87968;1,23819
202300040578;5;10;2023;09:15;1;51;51549;1;1;1;1;D994;48,963596;4,698393
202300040579;8;12;2023;14:15;1;86;86194;2;1;1;6;Avenue John Kennedy;46,587007;0,365207
202300040580;5;10;2023;08:15;1;19;19013;1;1;1;1;Départementale 1089;45,201344;1,660691
202300040581;7;12;2023;18:15;3;86;86194;2;4;2;6;Avenue de la Libération;46,564008;0,31748
202300040582;3;10;2023;11:58;1;56;56200;1;1;1;7;Le Chene David;47,83058;-2,311356
202300040583;5;10;2023;12:35;1;76;76312;1;1;1;7;D916;49,492633;1,719232
202300040584;8;12;2023;23:10;3;85;85191;1;1;1;2;RD763;46,69214;-1,4299
202300040585;5;10;2023;10:50;1;79;79130;1;1;1;7;N/A;46,270355;-0,527923
202300040586;8;12;2023;18:55;5;84;84007;2;1;8;4;MAGNANARELLES (Avenue des)-MONTFAVET;43,92482;4,87719
202300040587;3;10;2023;18:00;1;65;65129;1;1;1;7;D632;43,294091;0,501444
202300040588;8;12;2023;19:00;3;30;30011;2;1;1;6;TAVEL AVENUE DE;43,96058;4,74943
202300040589;4;10;2023;18:20;1;33;33036;2;1;1;3;Avenue de la République;44,432562;-0,220199
202300040590;5;10;2023;15:20;1;81;81276;1;1;1;6;Route de Rabastens;43,897746;1,697677
202300040591;7;12;2023;20:14;5;84;84007;2;6;1;3;FONTCOUVERTE(Avenue de);43,93556;4,84833
202300040592;2;10;2023;20:15;2;11;11184;1;1;1;7;55 Chemin de Jeanéry;43,152687;1,885496
202300040593;11;10;2023;07:00;3;82;82033;1;1;1;1;MONTAUBAN D 958 (ROUTE DE);44,03405;1,17314
202300040594;8;12;2023;18:00;3;81;81004;1;1;1;2;ROCADE RN88 NORD;43,94166;2,16884
202300040595;5;10;2023;07:15;2;71;71184;1;1;1;5;D681;46,9989;4,319043
202300040596;4;10;2023;14:10;1;49;49292;2;1;1;6;D125;47,303869;-0,626328
202300040597;8;12;2023;13:30;1;79;79191;2;2;1;3;N/A;46,32737;-0,45487
202300040598;3;10;2023;17:10;1;22;22152;1;6;1;3;Pont Losquet;48,76050909;-3,29320818
202300040599;7;12;2023;19:05;2;77;77114;1;1;1;4;MARSAUDIERE (DOMAINE);48,742269;2,701374
202300040600;1;10;2023;16:20;1;25;25157;1;1;1;7;Les Huets;46,871245;6,405587
202300040601;4;10;2023;13:45;1;25;25360;1;1;2;1;D67;47,140709;6,113098
202300040602;8;12;2023;18:15;3;76;76391;1;1;1;4;D438;49,32367;0,90544
202300040603;5;10;2023;17:08;2;15;15265;2;1;7;2;D922 ;45,345321;2,437216
202300040604;7;12;2023;17:40;5;76;76351;2;1;3;6;GRAVILLE (BD DE);49,48699;0,14952
202300040605;5;10;2023;19:35;2;1;1320;2;1;1;3;Route du Creux;46,307771;4,872032
202300040606;7;12;2023;18:50;5;76;76351;2;2;3;6;WINSTON CHURCHILL;49,49418;0,13826
202300040607;7;12;2023;17:00;5;76;76351;2;2;3;3;EMILE ZOLA;49,4886;0,10684
202300040608;4;10;2023;17:35;1;54;54060;2;1;1;3;Rue de Millery;48,81262193;6,11569405
202300040609;7;12;2023;18:30;3;76;76296;1;4;3;4;LIBERATION (RUE DE LA );49,51588;0,23851
202300040610;4;10;2023;15:15;1;72;72146;1;1;1;2;La Guérandière;47,874411;0,116826
202300040611;8;12;2023;11:40;1;74;74281;2;1;1;5;VERSOIE (ROUTE DE LA);46,351;6,4657
202300040612;7;9;2023;18:31;1;60;60245;2;4;1;6;Rue du Maréchal Joffre;49,651751;1,728877
202300040613;8;12;2023;17:40;5;72;72181;2;9;8;6;FRESNAYE ROGER DE LA (RUE);47,97536;0,21637
202300040614;5;10;2023;07:25;2;64;64010;2;6;5;7;D933;43,325857;-1,023563
202300040615;8;12;2023;07:35;2;72;72181;2;9;2;6;MAC JEAN (AV) N° IMP 107 ET plus;47,97904;0,22553
202300040616;5;10;2023;15:00;1;73;73007;1;6;1;7;Rond-Point A43 - D925;45,557273;6,252465
202300040617;7;12;2023;11:45;1;72;72181;2;9;2;5;BROSSOLETTE PIERRE (BD) N° IMP;47,9783;0,20661
202300040618;5;10;2023;15:50;1;53;53115;1;3;1;1;D33;48,415701;-0,83921
202300040619;4;10;2023;23:45;3;27;27169;1;1;1;6;CD 312 hameau le DOUY;49,413514;0,405743
202300040620;8;12;2023;22:40;5;69;69276;2;1;2;5;Route Départementale 312;45,67838;4,85046
202300040621;4;10;2023;22:00;3;38;38431;1;1;1;7;A41s - PK 007.890;45,24313;5,858234
202300040622;8;12;2023;07:47;4;69;69199;2;2;2;6;Avenue Gabriel Péri;45,70828;4,85525
202300040623;5;10;2023;06:50;2;27;27577;1;1;1;1;A131;49,425239;0,557084
202300040624;4;10;2023;15:00;1;987;98733;2;1;1;3;PK 19.800 RT1;-17,673322;-149,590627
202300040625;7;12;2023;18:25;5;69;69259;2;3;1;1;Rue Germaine Tillion;45,70469;4,87355
202300040626;30;9;2023;06:30;3;78;78470;1;1;1;6;Rue de la Drouette;48,580809;1,781716
202300040627;7;12;2023;05:30;5;69;69199;2;1;8;1;Boulevard Yves Farge;45,70226;4,85554
202300040628;9;12;2023;00:50;4;67;67365;1;1;5;6;MICHAEL FARADAY (RUE);48,53854;7,69378
202300040629;5;10;2023;12:00;1;84;84092;2;4;1;7;Route de Saint Saturnin;43,952263;4,863746
202300040630;8;12;2023;12:00;1;67;67482;2;1;1;3;CHARLES PEGUY (RUE);48,58747;7,69977
202300040631;4;10;2023;11:38;1;6;6101;1;1;1;3;D28;43,994657;6,99031
202300040632;1;10;2023;13:45;1;67;67511;1;1;1;7;D72;48,883792;7,775998
202300040633;8;12;2023;06:00;5;67;67482;2;3;2;6;OSTWALD (RUE D );48,56259;7,71048
202300040634;4;10;2023;16:10;1;63;63263;1;4;1;3;d941 / D768;45,782089;3,038734
202300040635;8;12;2023;09:13;1;65;65440;2;2;2;6;Rue Théophile Gautier;43,23418382;0,07559654
202300040636;7;12;2023;17:00;5;64;64024;2;1;2;7;LAMOULY (ROUTE DE);43,49661;-1,505
202300040637;4;10;2023;21:00;5;73;73213;1;1;1;6;D201;45,54648366;5,95710683
202300040638;4;12;2023;14:45;1;62;62902;2;2;2;3;D928;50,70969;2,23095
202300040639;5;12;2023;20:20;3;60;60159;2;1;2;6;Rue de Noyon;49,4228;2,82319
202300040640;4;10;2023;17:45;1;44;44201;1;1;1;1;N/A;47,340531;-1,559399
202300040641;8;12;2023;06:55;2;54;54547;1;1;2;6;RM 674;48,670457;6,192575
202300040642;2;10;2023;18:50;1;1;1043;2;6;1;2;D1084a;45,821226;4,990545
202300040643;8;12;2023;08:25;1;51;51454;2;2;1;1;NICE (RUE DE);49,25729;4,06309
202300040644;8;12;2023;18:25;5;49;49007;2;1;2;6;PASTEUR AVENUE;47,47497;-0,53538
202300040645;8;12;2023;20:10;4;49;49007;2;1;2;2;PYRAMIDE ROUTE;47,45255;-0,52374
202300040646;4;10;2023;12:20;1;81;81099;1;2;1;3;D18;43,927255;1,915044
202300040647;7;12;2023;08:20;2;49;49007;2;7;3;3;BICHON PLACE;47,4782;-0,56514
202300040648;5;10;2023;08:45;1;46;46175;1;1;7;2;Lieu Dit Causse de Saint Denis;44,61605329;2,00107813
202300040649;7;12;2023;08:30;2;49;49007;2;7;2;3;VISITATION PLACE;47,46676;-0,55673
202300040650;4;10;2023;16:20;1;31;31004;1;6;1;2;D813;43,450987;1,590657
202300040651;6;12;2023;18:24;1;49;49267;1;1;2;7;HAUT BOIS;47,46529;-0,46917
202300040652;4;10;2023;19:30;1;33;33449;2;1;1;6;181 avenue Clémenceau;44,88332823;-0,73766381
202300040653;8;12;2023;13:15;1;42;42186;2;9;2;5;Rue Edouard Vaillant;45,52277623;4,60217178
202300040654;4;10;2023;20:50;3;33;33056;1;1;1;5;Avenue de Labarde -Rd 209;44,93078862;-0,56221917
202300040655;8;12;2023;05:15;5;38;38516;1;5;3;3;VERDUN(AV. DE)EST PASSAGE RICOU;45,20044;5,75891
202300040656;5;10;2023;09:15;3;44;44052;1;1;1;7;15 Route de Montoir-de-Bretagne;47,329483;-2,088577
202300040657;8;12;2023;10:45;1;37;37261;2;1;2;3;DANIEL MAYER;47,41885;0,68278
202300040658;5;10;2023;12:50;1;60;60462;2;1;1;2;Rue de Paris;49,32343066;2,20164943
202300040659;8;12;2023;14:50;1;35;35051;2;6;1;2;CHALOTAIS (RUE DE LA);48,123361;-1,601617
202300040660;8;12;2023;08:50;1;35;35238;2;1;1;3;GUEBRIANT (DE);48,103189;-1,703702
202300040661;2;10;2023;12:17;1;54;54312;1;1;1;4;Autoroute A 31;48,940938;6,112655
202300040662;8;12;2023;19:40;3;34;34129;2;1;1;2;PALAVAS D986 (ROUTE DE);43,57471;3,8972
202300040663;1;10;2023;18:55;1;33;33063;1;1;1;2;ROCADE A 630;44,88188766;-0,54725379
202300040664;8;12;2023;14:05;1;34;34172;2;1;1;4;BLAYAC (RUE DU PROFESSEUR);43,6259;3,82402
202300040665;8;12;2023;07:10;2;34;34172;2;1;2;3;RABELAIS (BOULEVARD);43,60058;3,87938
202300040666;4;10;2023;16:05;1;77;77251;1;1;1;2;A5A PROVINCE / RN 105;48,62453483;2,54124693
202300040667;4;10;2023;08:50;1;91;91363;1;1;1;7;RN 104;48,65747;2,1825
202300040668;8;12;2023;14:45;1;33;33281;2;1;2;4;Avenue Pierre Mendès-France;44,83912;-0,64019
202300040669;4;10;2023;07:50;1;94;94076;1;1;1;3;A6A;48,79253545;2,34469358
202300040670;14;1;2023;09:10;1;28;28403;1;1;2;1;autoroute A11 Pk063+800 ver les chartres;48,385357;1,491265
202300040671;4;10;2023;00:26;4;91;91689;1;1;1;7;AUTOROUTE A6B;48,74637;2,32446
202300040672;8;12;2023;01:00;5;33;33039;2;5;2;3;Boulevard Jean-Jacques Bosc;44,82087;-0,54113
202300040673;13;1;2023;17:35;3;68;68295;1;2;3;3;D201;47,995579;7,380991
202300040674;4;10;2023;17:30;1;93;93066;1;1;1;5;AUTOROUTE A1;48,90752236;2,35821845
202300040675;14;1;2023;12:20;1;21;21244;1;9;1;6;Aire des Lochères (Embranchement d'autoroute);47,308962;4,501712
202300040676;8;12;2023;20:15;4;31;31555;1;1;2;4;VA007418 PONT JUMEAUX A620 Sortie 30;43,6094073;1,41253978
202300040677;4;10;2023;08:30;1;95;95365;1;1;1;6;N104;49,05777551;2,42087603
202300040678;13;1;2023;21:55;4;974;97414;2;9;1;3;Avenue du Docteur Raymond Verges;-21,282991;55,399895
202300040679;4;10;2023;12:55;1;95;95678;1;1;1;2;N184;49,07243211;2,22575068
202300040680;8;12;2023;04:05;3;31;31555;2;1;3;2;VA007604 DEMOISELLES A620 Sortie 21;43,57222835;1,47412866
202300040681;3;10;2023;21:50;3;94;94018;1;1;1;3;A4;48,81968608;2,40404784
202300040682;7;12;2023;14:30;1;31;31555;2;1;8;3;RTE D AGDE;43,62293;1,47297
202300040683;4;1;2023;08:15;3;35;35024;1;3;2;3;la Victoire;48,161187;-1,648014