Num_Acc;jour;mois;an;hrmn;lum;dep;com;agg;int;atm;col;adr;lat;long
202300040684;8;12;2023;16:20;2;28;28404;2;1;7;6;ARCHE DE LA BORNE (RUE DE L');48,729053;1,338491
202300040685;22;4;2023;05:00;3;55;55361;1;1;1;1;RD 603;49,16492829;5,43586001
202300040686;13;1;2023;21:05;3;51;51109;2;1;1;7;Rue de Reims;49,28851098;3,91821653
202300040687;8;12;2023;10:25;1;27;27554;1;1;2;6;PERRIERS (RUE DES);49,1086;1,38487
202300040688;22;6;2023;05:40;2;80;80029;2;2;1;7;Rue de Tilloy;50,128818;1,603854
202300040689;14;1;2023;11:22;1;59;59525;2;1;2;1;45 Route d?Avesnes;50,089657;3,997961
202300040690;8;12;2023;13:58;1;27;27439;1;1;1;1;RN 154;49,06025;1,17464
202300040691;13;6;2023;19:30;1;80;80360;1;1;1;6;D229;50,07258;1,559479
202300040692;1;12;2023;18:50;5;26;26252;2;1;2;6;Rue Jean Jaurès;44,87354583;4,87893371
202300040693;14;1;2023;16:35;1;59;59580;1;1;1;1;Route de Cassel;50,80684;2,546328
202300040694;8;12;2023;06:30;3;22;22278;2;1;8;2;MERIMEE (PROSPER);48,49421;-2,75386
202300040695;14;1;2023;08:10;1;74;74065;1;3;1;1;D992;46,03505;5,970211
202300040696;27;6;2023;19:30;1;29;29058;1;2;1;3;Route de Beg-meil;47,86978036;-3,99426779
202300040697;7;12;2023;19:28;5;21;21054;2;1;1;6;GAULLE (AVENUE DU GENERAL DE);47,01614;4,8375
202300040698;3;10;2023;07:20;1;973;97302;2;1;1;2;FLAMBOYANTS (RUE DES);4,9248274;-52,31741622
202300040699;13;1;2023;19:30;3;74;74275;2;1;2;6;D909a;45,845244;6,21249
202300040700;3;10;2023;18:15;1;91;91421;2;1;1;6;CHARLES DE GAULLE (AVENUE);48,697297;2,459608
202300040701;2;10;2023;17:30;1;91;91657;2;2;1;3;RUE VICTOR HUGO;48,70468;2,43152
202300040702;3;10;2023;07:50;1;88;88413;2;1;1;6;RUE THURIN;48,28744;6,95543
202300040703;10;1;2023;17:15;3;67;67310;1;3;1;5;D205;48,213241;7,519149
202300040704;1;10;2023;09:55;1;87;87085;1;2;1;3;LATTRE-DE-TASSIGNY (AVENUE DU MARECHAL);45,82704;1,28357
202300040705;29;9;2023;18:03;1;87;87085;2;1;1;2;HUGO (BOULEVARD VICTOR);45,83283;1,25564
202300040706;2;10;2023;19:00;1;87;87085;2;3;1;3;FOUCAUD (AVENUE);45,82797;1,25155
202300040707;13;1;2023;19:00;5;80;80011;2;1;1;6;6bis Rue Pierre Brossolette;49,928734;2,196804
202300040708;2;10;2023;08:25;1;85;85194;2;6;1;6;RD949;46,51321;-1,77619
202300040709;14;1;2023;06:30;3;32;32290;1;1;1;6;CD29 - PK 6.100;43,910292;0,167456
202300040710;2;10;2023;12:15;1;82;82121;2;1;1;6;CALVET (RUE);44,01359;1,36282
202300040711;3;10;2023;18:55;1;81;81004;2;6;1;3;TEYSSIER (AV DU COLONEL);43,92111;2,16887
202300040712;12;1;2023;16:10;1;46;46127;2;1;1;6;BOULEVARD LES HERMISSELS;44,731568;1,374686
202300040713;2;10;2023;12:58;1;81;81004;2;1;7;2;MAQUIS (PL DU);43,92666;2,15358
202300040714;3;10;2023;14:00;1;78;78586;2;1;1;6;TOBROUK;48,92732;2,16063
202300040715;13;1;2023;15:40;1;46;46009;1;1;1;6;RD 653 - Pr 48+400;44,664151;1,862698
202300040716;1;1;2023;08:30;2;22;22166;1;1;2;6;Kerizout;48,795274;-3,291854
202300040717;3;10;2023;19:48;1;77;77495;2;1;1;6;N 105;48,56463;2,64397
202300040718;2;10;2023;08:30;1;77;77269;1;1;1;4;D 605;48,53564;2,70916
202300040719;14;1;2023;05:45;3;39;39209;1;1;1;6;;46,367772;5,385492
202300040720;3;10;2023;10:25;1;77;77243;2;9;2;3;SAINT DENIS  (RUE   );48,877888;2,716535
202300040721;28;9;2023;18:00;1;76;76351;2;1;1;6;FOURRIER;49,51374;0,17479
202300040722;14;1;2023;13:10;1;70;70116;2;3;8;3;D16;47,611747;6,735628
202300040723;2;10;2023;13:36;1;72;72181;2;9;1;3;GUILLEMARE (RUE);47,993;0,205
202300040724;3;10;2023;10:15;1;71;71118;2;1;1;6;GENERAL DE GAULLE (AVENUE);46,79571;4,81312
202300040725;13;1;2023;16:20;1;6;6023;2;3;1;6;Avenue de l'Authion;43,946626;7,518074
202300040726;3;10;2023;07:15;2;69;69266;2;6;8;3;130 Boulevard du 11 Novembre 1918;45,77937;4,87503
202300040727;2;10;2023;09:45;1;69;69091;2;1;1;6;Rue Jean Ligonnet;45,59298;4,77017
202300040728;25;9;2023;17:05;1;68;68066;2;1;1;6;NORD (RUE DU);48,08061;7,35998
202300040729;14;1;2023;08:55;1;6;6079;2;1;1;6;310 Avenue Janvier Passero;43,549282;6,938569
202300040730;3;10;2023;07:30;1;67;67218;2;1;1;1;VIGNES (RUE DES);48,51991;7,73259
202300040731;12;1;2023;18:00;5;14;14119;2;1;2;6;D613;49,146368;-0,254964
202300040732;2;10;2023;14:15;1;67;67482;2;1;1;6;MARNE (BOULEVARD DE LA);48,58344;7,7726
202300040733;3;10;2023;11:20;1;64;64348;2;1;8;3;ERCKMAN CHATRIAN;43,3247;-0,38072
202300040734;14;1;2023;04:30;3;50;50101;1;1;2;6;D901;49,647313;-1,438174
202300040735;2;10;2023;11:30;1;64;64445;2;1;1;6;2 FRERES COUSTE DES;43,29732;-0,33478
202300040736;29;9;2023;15:15;1;64;64122;2;1;1;6;PORT DES PECHEURS;43,48322;-1,5656
202300040737;14;1;2023;09:00;1;43;43205;1;1;8;7;Le bois d'Etat;45,359127;4,309645
202300040738;3;10;2023;11:25;1;61;61006;2;1;1;6;D926;48,74865;-0,027
202300040739;2;10;2023;11:50;1;60;60159;2;1;1;6;Rue de Paris;49,40506;2,8111
202300040740;12;1;2023;08:30;2;40;40209;2;3;1;3;avenue de la plage;43,562533;-1,456445
202300040741;3;10;2023;11:40;1;60;60057;2;1;8;6;Boulevard Saint-jean;49,432;2,0782
202300040742;11;1;2023;15:00;1;28;28084;1;2;1;3;Départementale 6;48,528013;1,568872
202300040743;3;10;2023;12:00;1;59;59090;2;9;1;6;GAULLE (AVENUE DU GENERAL DE);50,694;3,08958
202300040744;2;10;2023;18:15;1;59;59033;2;1;1;6;JEAN JAURES (RUE);50,19852822;3,84359147
202300040745;14;1;2023;10:20;1;17;17465;1;1;1;7;D739;45,964217;-0,553737
202300040746;3;10;2023;19:15;2;59;59350;2;1;1;2;NATIONALE RUE N°RESTE PAIRS;50,63458;3,05669
202300040747;13;1;2023;19:00;4;87;87061;1;1;2;5;RN 145;46,18424778;1,19727373
202300040748;3;10;2023;15:50;1;59;59350;2;1;1;6;Rue du Progrès;50,62853;3,11829
202300040749;14;1;2023;10:00;1;37;37026;1;1;8;7;D59;46,98034;0,967376
202300040750;3;10;2023;11:50;1;59;59009;1;9;1;6;COLBERT RUE;50,627;3,185
202300040751;3;10;2023;09:10;1;59;59636;1;1;2;3;VOIE D'ACCES ROCADDE N.O D652;50,67488;3,04391
202300040752;13;1;2023;18:10;3;77;77306;1;1;1;2;PK 004+000 SENS 2;48,587439;2,690461
202300040753;2;10;2023;08:30;1;59;59328;2;2;1;2;DUNKERQUE AVENUE DE;50,63558;3,02843
202300040754;13;1;2023;19:20;5;971;97112;2;1;2;1;Murat;15,874954;-61,301702
202300040755;3;10;2023;18:10;1;59;59122;1;1;1;3;GAUTHIER (RUE);50,16301153;3,25332461
202300040756;2;10;2023;09:00;1;57;57631;2;1;1;6;FRANCE (RUE DE);49,1129;7,05027
202300040757;3;10;2023;13:20;1;56;56098;2;6;1;6;SEMBAT (RUE MARCEL);47,7573;-3,346245
202300040758;2;10;2023;18:25;1;56;56121;2;1;1;2;17 Rue des Fontaines;47,74863;-3,35997
202300040759;13;1;2023;04:40;5;977;97701;2;2;1;3;R VICTOR HUGO;17,894456;-62,848821
202300040760;2;10;2023;13:45;1;56;56121;2;6;1;3;Boulevard Emmanuel Svob;47,7516;-3,3694
202300040761;26;9;2023;08:20;1;55;55029;2;1;1;6;BRADFER ( RUE ERNEST );48,76909;5,17231
202300040762;3;10;2023;17:45;1;54;54099;2;1;8;2;Avenue de la République (Briey);49,245526;5,940404
202300040763;13;1;2023;20:00;3;34;34103;2;3;1;6;18 Avenue Paul Valéry;43,539241;3,381508
202300040764;2;10;2023;08:00;1;51;51454;2;1;1;1;BOCQUAINE (CHAUSSEE);49,24501;4,02628
202300040765;3;10;2023;07:24;2;49;49267;1;1;2;7;A87N;47,46588;-0,51708
202300040766;3;10;2023;07:15;5;49;49353;2;1;8;6;JEAN JAURES RUE;47,44743;-0,50913
202300040767;13;1;2023;21:25;3;6;6078;1;1;1;7;D6202;43,917;7,171111
202300040768;3;10;2023;08:25;1;45;45234;2;1;8;1;10 Rue des Deux Ponts;47,91657;1,8968
202300040769;14;1;2023;15:28;1;81;81099;1;2;1;3;Chemin Toulze;43,927278;1,915054
202300040770;3;10;2023;18:39;1;45;45004;2;2;7;3;D163 PR 2 + 60;47,990518;2,768978
202300040771;3;10;2023;15:40;1;44;44109;2;1;1;6;1 Avenue Saint Félix;47,2309442;-1,556349
202300040772;14;1;2023;10:40;1;14;14424;1;3;3;5;La Motte;48,88392689;-0,97320871
202300040773;3;10;2023;20:15;5;37;37261;2;8;1;3;THEURIET (RUE ANDRE);47,38298;0,6967
202300040774;13;1;2023;19:40;3;60;60517;1;1;1;6;Rue de Bornel;49,20893639;2,2329272
202300040775;3;10;2023;18:58;2;37;37122;2;1;1;6;BRETONNIERES (BOULEVARD DES);47,34539;0,63931
202300040776;3;10;2023;08:45;1;37;37261;2;1;8;3;JUIN (BOULEVARD DU MARECHAL);47,40498;0,70289
202300040777;13;1;2023;10:28;1;13;13210;1;1;1;6;A507 sens Marseille - Aubagne;43,28583592;5,42494723
202300040778;3;10;2023;07:39;3;37;37122;2;1;8;2;CHANTEPIE (RUE DE);47,34815;0,65329
202300040779;13;1;2023;17:45;3;91;91103;1;1;1;2;RN 104;48,624525;2,29833
202300040780;3;10;2023;08:45;1;37;37261;2;1;2;2;MARECHAL JUIN (BD);47,40481;0,70286
202300040781;12;1;2023;22:38;4;91;91477;1;1;2;4;AUTOROUTE A10;48,714886;2,253768
202300040782;3;10;2023;09:05;1;37;37195;2;1;8;2;PERIPHERIQUE OUEST;47,38524045;0,65069532
202300040783;13;1;2023;18:35;3;92;92025;1;1;2;2;A86;48,93440333;2,25689089
202300040784;3;10;2023;17:45;1;35;35238;2;1;1;6;TERRIERE (PLACE HENRI);48,08393;-1,6833
202300040785;12;1;2023;09:30;1;78;78490;1;1;2;7;RN12 EXT;48,79919;1,96395
202300040786;2;10;2023;17:35;1;35;35238;2;2;1;3;ANDORRE (D');48,08833;-1,66917
202300040787;13;1;2023;14:45;1;93;93066;1;1;1;4;AUTOROUTE A1;48,91506449;2,35790288
202300040788;13;1;2023;07:45;2;93;93029;1;1;1;7;AUTOROUTE A86;48,91824;2,42899
202300040789;3;10;2023;22:30;4;34;34172;2;1;1;1;JANVIER (RUE GUILLAUME);43,5955;3,86573
202300040790;13;1;2023;03:10;4;93;93005;1;1;8;6;AUTOROUTE A3;48,94919;2,47623
202300040791;3;10;2023;08:35;1;33;33192;2;3;8;3;CHEM D'ORNON;44,76960236;-0,64125985
202300040792;13;1;2023;02:45;3;93;93005;1;1;8;6;AUTOROUTE A3;48,94603148;2,47667134
202300040793;3;10;2023;21:40;3;31;31555;1;1;1;2;VA008493 LA CRABE A624 Sortie 2;43,61104;1,37684
202300040794;3;10;2023;16:30;1;31;31483;2;1;1;6;LIBERATION (PLACE DE LA );43,1093;0,72852
202300040795;12;1;2023;18:50;3;93;93007;1;1;1;4;AUTOROUTE A3;48,93588;2,48026
202300040796;3;10;2023;08:45;1;28;28404;2;6;2;3;ALLENDE (RUE SALVADOR);48,733028;1,32686
202300040797;12;1;2023;17:00;2;93;93010;1;1;1;3;AUTOROUTE A3;48,89061;2,47352
202300040798;3;10;2023;07:20;4;22;22113;2;1;2;6;FRERES LAGADEC (RUE DES);48,7233;-3,47687
202300040799;12;1;2023;16:00;1;92;92036;1;1;1;3;AUTOROUTE A15;48,94067835;2,29263081
202300040800;1;10;2023;08:15;1;14;14487;2;1;1;6;Route de la Vallée;49,17105;0,2174
202300040801;3;10;2023;08:15;1;14;14327;1;1;1;3;N814;49,19224;-0,33501
202300040802;11;1;2023;18:00;3;95;95018;1;1;1;5;A15;48,95550443;2,27815032
202300040803;2;10;2023;14:17;1;11;11069;2;1;1;1;ROCADE SUD RD 6161;43,20426;2,38254
202300040804;12;1;2023;08:00;2;93;93063;1;1;1;3;AUTOROUTE A3;48,87806;2,44586
202300040805;2;10;2023;18:00;1;10;10387;2;9;1;3;PAIX (RUE DE LA);48,3;4,06
202300040806;2;10;2023;22:15;3;9;9225;1;1;1;3;ROUTE NATIONALE 20 (VOIE RAPIDE);43,1167;1,63043
202300040807;3;10;2023;10:34;1;6;6088;2;9;1;2;BLANQUI (PL. AUGUSTE);43,70529;7,29037
202300040808;3;10;2023;18:00;1;6;6123;2;1;1;6;DE GAULLE GENERAL AVENUE;43,66715;7,19256
202300040809;3;10;2023;10:00;1;4;4112;1;1;1;3;VOLX (AV.DE);43,84651;5,81519
202300040810;2;10;2023;18:25;1;2;2408;2;1;1;6;13 OCTOBRE (RUE DU);49,56479;3,61319
202300040811;13;1;2023;20:50;3;75;75112;1;1;1;4;A4;48,825146;2,463772
202300040812;3;10;2023;18:30;1;75;75116;2;1;1;2;PORTE DE PASSY;48,85464;2,254711
202300040813;2;10;2023;23:00;5;75;75113;2;1;1;2;BD PERIPHERIQUE EXTERIEUR;48,81854244;2,37034804
202300040814;13;1;2023;07:30;3;77;77337;1;1;1;7;RN104;48,829089;2,618681
202300040815;2;10;2023;15:40;1;75;75117;2;1;1;3;BD PEIPHERIQUE INTERIEUR;48,887035;2,290229
202300040816;12;1;2023;03:45;3;94;94004;1;1;1;2;N19;48,746067;2,514244
202300040817;1;10;2023;20:00;5;75;75119;2;1;1;4;PORTE DE LA VILLETTE;48,897213;2,394354
202300040818;12;1;2023;06:00;2;972;97213;1;1;8;1;ROUTE DEPARTEMENTALE 3;14,66101;-60,99315
202300040819;1;10;2023;13:45;1;75;75119;2;2;1;3;RUE MANIN;48,883212;2,387928
202300040820;3;10;2023;11:15;1;75;75117;2;1;2;7;RUE JOUFFROY D ABBANS;48,886174;2,31022
202300040821;3;10;2023;14:40;1;75;75116;2;2;1;3;ALLEE DE LONGCHAMP;48,87494;2,271083
202300040822;1;10;2023;22:45;5;75;75116;2;1;1;3;Avenue de New York;48,859265;2,289532
202300040823;12;1;2023;08:10;2;38;38421;2;2;8;3;AVENUE JACQUES PRÉVERT;45,16419;5,76456
202300040824;2;10;2023;23:45;5;75;75115;2;2;1;3;RUE DE LA CONVENTION;48,837241;2,296444
202300040825;3;10;2023;13:35;1;75;75114;2;1;1;6;AVENUE DENFERT ROCHEREAU;48,835204;2,333174
202300040826;11;1;2023;11:45;1;13;13117;2;1;1;6;CARREFOUR (CENTRE COMMERCIAL);43,43308;5,26065
202300040827;3;10;2023;00:45;5;75;75114;2;3;1;1;RUE DU FAUBOURG SAINT JACQUES;48,834102;2,336643
202300040828;6;1;2023;07:30;2;57;57660;2;1;8;6;NATIONALE(RUE)LIMITE FORBACH/RUE ST ALIC;49,19882;6,9335
202300040829;1;10;2023;06:00;5;75;75114;2;1;1;1;BOULEVARD EDGAR QUINET;48,840949;2,325828
202300040830;3;10;2023;13:40;1;75;75113;2;2;1;6;BOULEVARD AUGUSTE BLANQUI;48,831077;2,344252
202300040831;8;1;2023;18:00;4;77;77083;2;2;2;6;D370;48,84847758;2,57841903
202300040832;3;10;2023;09:45;1;75;75112;2;4;3;3;RUE JOSEPH KESSEL;48,833741;2,382521
202300040833;12;1;2023;08:30;1;973;97302;2;1;1;3;SOURCE DE BADUEL (CHEMIN DE LA);4,93248;-52,30825
202300040834;3;10;2023;09:45;1;75;75112;2;1;2;3;RUE DE CHALON;48,844047;2,377285
202300040835;12;1;2023;07:55;1;973;97302;2;1;1;3;;4,91447;-52,32098
202300040836;3;10;2023;19:00;2;75;75109;2;3;1;6;RUE DES MARTYRS;48,8807782;2,34024346
202300040837;3;10;2023;18:40;1;75;75108;2;2;1;3;RUE DE ROME;48,875249;2,324264
202300040838;12;1;2023;08:45;1;972;97209;2;1;8;1;SALVADOR ALLENDE (AVENUE);14,61035;-61,04838
202300040839;3;10;2023;23:00;5;94;94044;2;1;1;2;2 Rue Albert Garry;48,7542;2,47749
202300040840;12;1;2023;18:20;4;95;95306;2;1;2;6;D48;49,00472492;2,12655187
202300040841;3;10;2023;13:40;1;94;94074;2;2;1;3;Avenue Julien Duranton;48,763714;2,448127
202300040842;3;10;2023;15:00;1;94;94011;2;1;1;6;D130;48,77331;2,49029
202300040843;3;10;2023;08:15;1;94;94041;2;2;2;6;Avenue Georges Gosnat;48,812417;2,386586
202300040844;11;1;2023;18:40;5;90;90010;2;9;2;6;STRACTMANN (RUE);47,63474;6,85733
202300040845;3;10;2023;06:30;5;94;94041;2;1;1;6;Boulevard Hippolyte Marquès;48,81806;2,36981
202300040846;3;10;2023;16:30;1;93;93073;2;1;1;2;Avenue de la Plaine de France;48,97624652;2,50359796
202300040847;3;10;2023;09:27;1;93;93066;2;8;2;6;Boulevard Félix Faure / Rue Gabriel Péri;48,93869468;2,35657031
202300040848;3;10;2023;18:07;1;93;93077;2;2;1;3;Rue Simon Guitlevitch / Avenue Marcel;48,87805;2,52495
202300040849;2;10;2023;10:00;1;93;93055;2;2;2;6;Rue Victor Hugo / Rue Delizy;48,89372;2,40945
202300040850;12;1;2023;11:24;1;81;81074;1;4;1;1;MILLAU (RTE DE) DU N° 32 A LA FIN;43,926338;2,203199
202300040851;3;10;2023;20:10;5;93;93051;2;1;1;6;Rue des Hauts Chateaux;48,84265;2,57418
202300040852;12;1;2023;03:00;5;80;80021;2;1;1;6;AMIENS (ROUTE D');49,87082;2,28026
202300040853;12;1;2023;18:20;5;79;79191;2;2;2;3;;46,31024;-0,46677
202300040854;3;10;2023;06:25;5;93;93051;2;3;1;3;Route de Neuilly / Rue de la Plaine;48,85149;2,53403
202300040855;12;1;2023;08:50;1;76;76498;2;1;2;6;Rue Martial Spinneweber;49,42008;1,05947
202300040856;11;1;2023;19:30;3;76;76319;1;2;1;3;Avenue de Caen;49,3439;0,97922
202300040857;3;10;2023;17:40;1;93;93048;2;3;1;6;Boulevard de Chanzy / Rue des Sorins;48,85864633;2,42822723
202300040858;10;1;2023;17:00;2;76;76447;2;3;1;3;JACQUES PREVERT;49,54726;0,17732
202300040859;3;10;2023;13:28;1;93;93046;2;1;8;3;Boulevard Robert Schuman;48,92788;2,54876
202300040860;12;1;2023;19:35;3;73;73065;1;1;1;2;N201 Voie rapide urbaine;45,59895;5,89253
202300040861;3;10;2023;12:00;1;93;93079;2;9;1;3;Avenue Jean-baptiste Clément;48,95544;2,33899
202300040862;12;1;2023;21:00;3;69;69199;2;1;1;3;Rue Marcel Sembat;45,71158254;4,84444635
202300040863;3;10;2023;10:30;1;93;93029;2;2;2;6;Avenue Henri Barbusse / Rue Charles Gide;48,91654;2,44451
202300040864;12;1;2023;17:00;5;69;69259;2;9;1;3;101 Boulevard Irène Joliot Curie;45,71128;4,88227
202300040865;1;10;2023;18:28;1;93;93001;2;3;1;6;Rue Gaétan Lamy / Rue Albinet;48,91642;2,36838
202300040866;12;1;2023;09:30;1;69;69290;2;1;7;6;Route d'Heyrieux;45,68908037;4,93985653
202300040867;12;1;2023;06:16;5;69;69259;2;1;2;2;32 Avenue Jean Cagne;45,69552045;4,87260713
202300040868;3;10;2023;17:05;1;92;92033;2;1;1;3;RAYMOND POINCARE;48,83827614;2,1702826
202300040869;11;1;2023;17:20;2;69;69266;2;2;1;6;Cours Emile Zola;45,76525;4,90267
202300040870;3;10;2023;19:00;2;92;92063;2;1;1;3;COLMAR (AVENUE DE);48,88688973;2,17649281
202300040871;11;1;2023;09:00;1;67;67482;2;1;1;6;EDMOND ROSTAND (RUE);48,59189;7,69212
202300040872;11;1;2023;08:20;3;64;64189;2;1;3;6;Avenue Jean Jaures;43,384313;-1,666798
202300040873;3;10;2023;16:00;1;92;92051;2;1;1;2;CHARLES DE GAULLE (AVENUE,N°118 A 192 +;48,88246;2,26741
202300040874;12;1;2023;07:00;5;64;64445;2;2;1;3;ALSACE LORRAINE D';43,30458;-0,36821
202300040875;2;10;2023;12:30;1;92;92050;2;1;1;2;PROVINCES FRANCAISES BD DES;48,90113823;2,21635133
202300040876;7;1;2023;18:50;5;64;64445;2;2;1;3;boulevard de la Paix;43,32142;-0,36041
202300040877;2;10;2023;17:45;1;92;92049;2;1;1;3;BROSSOLETTE AVENUE PIERRE;48,81685586;2,30686158
202300040878;3;10;2023;18:00;1;92;92048;2;1;1;6;VERD DE SAINT JULIEN (BOULEVARD);48,81760087;2,23060101
202300040879;7;1;2023;16:30;1;63;63113;2;2;1;3;PRIVAS (RUE XAVIER);45,793;3,116
202300040880;3;10;2023;09:40;1;92;92044;2;1;3;3;ANA.FRANCE(RUE) 141+ ET 126 +;48,89747363;2,28015482
202300040881;3;10;2023;10:08;1;92;92040;2;1;2;7;RODIN (BOULEVARD);48,81882655;2,25807443
202300040882;12;1;2023;12:20;1;61;61001;2;1;2;2;D112;48,44142;0,10824
202300040883;12;1;2023;20:05;5;56;56260;2;1;2;6;Rue Thiers;47,6547594;-2,7595585
202300040884;3;10;2023;11:20;1;92;92036;2;2;2;3;CHANDON (AVENUE) (1/63);48,92334698;2,29702793
202300040885;7;1;2023;11:05;1;54;54395;2;2;1;6;Rue de la Paix;48,67087557;6,16430104
202300040886;3;10;2023;18:00;1;92;92026;2;2;1;3;VERDUN (DE 62 A FIN);48,90041027;2,2607621
202300040887;11;1;2023;17:25;5;51;51172;2;1;1;6;Boulevard d'Alsace Lorraine;49,21627492;4,04955894
202300040888;3;10;2023;08:47;1;92;92026;2;1;2;3;VERDUN 1916 ( AVENUE DE );48,90419443;2,25705278
202300040889;11;1;2023;10:25;1;50;50218;2;1;1;6;ARMATEURS (RUE DES);48,83723;-1,55093
202300040890;3;10;2023;08:55;1;92;92019;2;1;2;6;SALENGRO ROGER (RUE);48,77306598;2,27606267
202300040891;12;1;2023;07:40;2;49;49328;2;6;1;6;Route de Tours (Saumur);47,26708;-0,06968
202300040892;3;10;2023;08:50;1;92;92012;2;1;2;6;MARECHAL DE LATTRE DE TASSIGNY (AVENUE);48,84118307;2,22579896
202300040893;9;1;2023;13:50;1;49;49099;2;6;1;3;LECOQ (BOULEVARD PIERRE);47,04919;-0,86943
202300040894;3;10;2023;00:10;5;92;92007;2;1;1;2;BOURG-LA-REINE (AVENUE DE);48,78496679;2,30676162
202300040895;12;1;2023;08:33;1;49;49007;2;1;2;6;JEAN XXIII AVENUE;47,4495;-0,56599
202300040896;3;10;2023;21:13;5;92;92014;2;1;1;6;GENERAL LECLERC (AV.) (57 A 135 - 50 A 1;48,77952;2,31532
202300040897;3;10;2023;17:20;1;92;92014;2;1;1;6;GENERAL LECLERC (AV.) (57 A 135 - 50 A 1;48,77889;2,31516
202300040898;11;1;2023;08:13;2;49;49007;2;1;2;4;CHAUVAT BOULEVARD;47,45393;-0,56691
202300040899;3;10;2023;00:25;5;92;92002;2;3;1;6;HENRI POINCARE (RUE);48,73366313;2,30774447
202300040900;12;1;2023;14:55;1;47;47031;2;1;1;3;Avenue de Bigorre;44,1879;0,6309
202300040901;4;10;2023;13:55;1;24;24417;2;1;1;1;Route des gués;45,324181;0,989918
202300040902;12;1;2023;18:09;5;45;45234;2;1;2;2;45 Avenue Dauphine;47,89097;1,90488
202300040903;12;1;2023;08:15;2;45;45169;2;6;1;6;27 Rue du Château d'Eau;47,92203;1,83196
202300040904;21;9;2023;09:20;1;24;24540;1;3;1;3;le poteau;45,319645;0,87119579
202300040905;11;1;2023;15:50;1;45;45232;2;9;1;6;Parking Auchan;47,86816;1,91166
202300040906;3;10;2023;17:20;1;39;39063;1;1;1;5;N/A;46,606631;5,882575
202300040907;12;1;2023;21:05;5;44;44109;2;6;2;3;9 Boulevard Eugène Orieux;47,235202;-1,549279
202300040908;3;10;2023;09:45;1;24;24449;2;1;1;2;D6089;45,016374;0,205303
202300040909;12;1;2023;18:20;5;38;38185;2;1;1;4;COURS DE LA LIBÉRATION ET DU GÉNÉRAL DE;45,16157;5,71014
202300040910;30;9;2023;08:30;1;6;6019;1;3;1;3;D2204;43,770373;7,332757
202300040911;29;9;2023;22:50;5;17;17194;2;3;1;7;intersection rue de la mairie et place de la mairie;46,12907;-1,009015
202300040912;12;1;2023;15:20;1;38;38185;2;2;1;3;AVENUE DE LA MOGNE;45,17234;5,75186
202300040913;24;7;2023;10:10;1;37;37261;2;3;1;1;GANCE (BOULEVARD ABEL);47,41010921;0,72091341
202300040914;1;10;2023;10:12;1;95;95480;2;1;1;6;14 ALBER 1ER (RUE);49,110858;2,205004
202300040915;12;1;2023;08:45;1;38;38185;2;2;1;1;STALINGRAD (RUE DE)   (E.ZOLA A ALLIES);45,17511;5,72543
202300040916;23;7;2023;10:18;1;34;34172;2;2;1;3;108 Avenue du Pont Juvénal;43,60589;3,89409
202300040917;3;10;2023;07:30;2;31;31182;2;4;1;3;Route de Paris;43,683461;1,406491
202300040918;12;1;2023;08:25;1;37;37195;2;1;1;6;HAUTES MARCHES (RUE DES);47,385;0,6549
202300040919;4;10;2023;14:05;1;31;31435;1;1;1;1;D3;43,424114;1,145368
202300040920;25;7;2023;00:32;5;33;33522;2;6;1;3;Rue Lafitte;44,79984;-0,58479
202300040921;11;1;2023;11:05;1;37;37261;2;1;1;7;GANCE (BOULEVARD ABEL);47,4202;0,71668
202300040922;12;1;2023;15:00;1;35;35238;2;3;2;3;PAYS-BAS (AVENUE DES);48,08461;-1,66075
202300040923;4;10;2023;14:15;1;71;71550;1;1;1;5;A6 pk366.500;46,49052771;4,89605138
202300040924;21;7;2023;16:35;1;29;29019;2;3;1;6;avenue Georges Clemenceau;48,38982;-4,48542
202300040925;12;1;2023;07:55;2;35;35238;1;1;2;4;N136;48,08809064;-1,63407952
202300040926;24;7;2023;17:22;1;27;27299;2;2;1;3;BRIAND (AVENUE ARISTIDE);49,04775;1,16303
202300040927;4;10;2023;17:18;1;974;97422;2;9;1;1;chemin aurélien hoarau;-21,252477;55,489009
202300040928;23;7;2023;18:15;1;19;19031;2;3;1;3;KENNEDY (AVENUE JOHN);45,16683;1,54645
202300040929;12;1;2023;09:20;1;34;34172;2;3;1;3;726 Rue de la Roqueturière;43,63166;3,88364
202300040930;4;10;2023;12:15;1;972;97203;1;3;1;3;N1;14,853177;-61,092643
202300040931;24;7;2023;07:00;1;11;11262;2;1;2;2;N/A;43,174376;2,974597
202300040932;23;7;2023;22:28;5;10;10387;2;1;1;7;LOUIS BERTHOLLET (RUE);48,3079;4,0844
202300040933;12;1;2023;15:35;1;31;31069;2;2;1;3;PEGUY (RUE CHARLES);43,643638;1,380894
202300040934;4;10;2023;06:00;2;67;67356;1;1;1;7;fahrkopf;48,716978;7,932059
202300040935;23;7;2023;19:15;1;10;10387;2;1;1;6;PROVIDENCE (RUE DE LA );48,30522;4,07419
202300040936;4;10;2023;17:20;1;30;30278;2;6;1;7;N/A;44,059188;4,712234
202300040937;24;7;2023;06:30;2;6;6088;2;1;2;6;PESSICART (A PARTIR DU 300-301);43,72328;7,23841
202300040938;12;1;2023;06:55;5;31;31555;2;2;1;3;RTE DE SEYSSES;43,56223272;1,40677303
202300040939;21;7;2023;09:30;1;75;75113;2;1;1;4;BD PERIPHERIQUE INTERIEUR;48,825791;2,386589
202300040940;12;1;2023;14:40;1;27;27375;2;1;2;2;SAINT HILDEVERT (RUE);49,23064;1,17468
202300040941;22;7;2023;00:25;5;75;75113;2;1;1;2;PORTE D ITALIE;48,818397;2,369347