Num_Acc;jour;mois;an;hrmn;lum;dep;com;agg;int;atm;col;adr;lat;long
202300041208;18;6;2023;17:15;1;973;97313;1;1;1;3;Route Departementale 5;4,945164;-52,497783
202300041209;22;6;2023;02:00;3;977;97701;1;6;1;6;Rue des MANGLIERS;17,903522;-62,842626
202300041210;21;6;2023;18:45;5;971;97106;2;1;2;6;Rue Valerius Paulimius;16,126041;-61,771714
202300041211;22;6;2023;05:40;5;66;66164;1;1;1;6;;42,798816;2,887216
202300041212;21;6;2023;16:45;1;66;66065;2;2;1;3;Rue Dagobert;42,600451;2,974704
202300041213;22;6;2023;12:00;1;84;84049;1;1;1;7;677 Chemin de Lencieu;44,178988;5,015109
202300041214;12;6;2023;11:20;1;5;5007;1;1;1;1;Route de l'Izoard;44,770434;6,736754
202300041215;22;6;2023;04:15;3;5;5151;1;1;1;6;Route de Sachas;44,866122;6,590649
202300041216;22;6;2023;05:48;2;10;10172;1;1;8;6;départemental 677;48,61905677;4,17091512
202300041217;17;6;2023;23:35;3;88;88251;1;1;1;2;RD 32;48,338865;6,668272
202300041218;21;6;2023;21:50;5;55;55553;2;1;2;1;Rue du General Verneau;48,770284;5,605168
202300041219;21;6;2023;07:26;1;73;73187;1;1;1;6;D213;45,504723;6,443567
202300041220;21;6;2023;19:15;1;7;7063;1;1;1;3;route des ceintres;45,13842101;4,73581553
202300041221;21;6;2023;01:30;4;69;69072;2;1;1;6;Chemin du Moulin Carron;45,807717;4,763055
202300041222;21;6;2023;15:00;1;81;81105;1;1;1;6;Route de Cabanes;43,757586;1,966857
202300041223;22;6;2023;08:30;1;85;85071;1;3;1;3;RD82;46,76929;-1,855893
202300041224;5;6;2023;15:15;1;56;56069;2;1;1;6;Route de Port Melite;47,639405;-3,452513
202300041225;21;6;2023;18:50;1;60;60302;2;2;1;3;Rue de l'Eglise;49,488214;2,242429
202300041226;21;6;2023;17:10;1;62;62014;2;3;1;3;Allee des Tilleuls;50,639473;2,413656
202300041227;20;6;2023;20:30;1;59;59548;1;1;9;6;rd 649,;50,308316;3,748717
202300041228;21;6;2023;20:45;1;59;59569;1;6;1;6;D 25;50,339897;3,097764
202300041229;16;6;2023;14:30;1;59;59267;1;9;1;3;D917;50,06419633;3,15108061
202300041230;18;6;2023;12:20;1;13;13106;1;1;1;2;A51-Sens Aix en Provence vers Marseille;43,404652;5,359186
202300041231;21;6;2023;08:30;1;13;13001;1;1;1;2;A51-Sens Marseille vers Aix en Provence;43,51083;5,41912
202300041232;18;6;2023;04:13;5;13;13212;1;1;1;2;A507 sens Aubagne- Marseille;43,29647;5,42488
202300041233;14;6;2023;18:55;1;83;83090;1;1;2;2;A50;43,12562777;5,87700866
202300041234;17;6;2023;22:30;3;69;69296;1;1;1;2;Autoroute 7 ;45,64438;4,82948
202300041235;21;6;2023;17:40;1;91;91216;1;1;1;3;AUTOROUTE A6;48,68301;2,32914
202300041236;21;6;2023;10:30;1;94;94037;1;1;1;2;A6A;48,81474151;2,33655222
202300041237;21;6;2023;07:20;1;91;91617;1;1;1;4;RN 104 INT / A5A PROVINCE;48,63538;2,53514
202300041238;21;6;2023;09:10;1;91;91377;1;1;1;3;AUTOROUTE A10;48,71653;2,29065
202300041239;21;6;2023;08:40;1;92;92050;1;1;1;6;A86;48,89262958;2,18617361
202300041240;20;6;2023;18:30;1;95;95218;1;1;1;4;A15;49,03512876;2,09846616
202300041241;20;6;2023;09:45;1;93;93066;1;1;1;5;AUTOROUTE A1;48,90602834;2,35830849
202300041242;20;6;2023;08:10;1;93;93005;1;1;1;3;AUTOROUTE A1;48,96664045;2,47689933
202300041243;20;6;2023;14:40;1;67;67482;2;1;7;6;VOSGES (AVENUE DES);48,590868;7,74695
202300041244;20;6;2023;16:45;1;62;62774;2;6;1;3;D940;50,95874;1,82775
202300041245;20;6;2023;16:00;1;6;6088;2;1;1;6;DELFINO (BD GENERAL);43,705026;7,285851
202300041246;20;6;2023;01:15;5;75;75107;2;1;1;7;BOULEVARD DES INVALIDES;48,848949;2,315407
202300041247;10;6;2023;21:00;1;59;59350;2;9;1;6;BLUM LEON RUE;50,61801;3,0422
202300041248;4;3;2023;19:40;3;82;82093;1;1;1;6;D44;43,927668;1,106679
202300041249;16;2;2023;12:50;1;32;32027;1;1;1;6;Zone d'Aménagement Concerté de BASSIA;43,708788;-0,221518
202300041250;2;3;2023;11:55;1;54;54328;1;9;1;6;Autoroute A 33;48,627219;6,182557
202300041251;19;6;2023;10:30;1;987;98736;2;2;1;1;ARIIPAEA POMARE (AV);-17,534788;-149,552956
202300041252;20;6;2023;20:30;5;974;97416;2;1;1;1;HIPPOLYTE  PIOT (RUE);-21,29733;55,45198
202300041253;20;6;2023;19:50;5;974;97411;2;2;1;2;DODU 3 (RUE JULIETTE);-20,88533;55,45393
202300041254;16;6;2023;19:05;3;974;97411;1;1;1;2;LITTORAL (ROUTE 2 DU);-20,87702567;55,40966034
202300041255;20;6;2023;11:10;1;973;97302;2;1;1;7;EBOUE (ROCADE FELIX);4,92712;-52,3197
202300041256;20;6;2023;03:15;5;69;69386;2;2;1;3;Rue Duguesclin;45,76904;4,84729
202300041257;20;6;2023;05:50;1;69;69387;2;1;1;6;40 Boulevard de l'Artillerie;45,73319;4,84254
202300041258;16;6;2023;21:40;5;972;97213;1;9;1;1;ROUTE DEPARTEMENTALE 3;14,63639;-60,99189
202300041259;20;6;2023;19:08;1;69;69382;2;2;1;3;Rue Bichat;45,74661;4,82123
202300041260;20;6;2023;10:45;1;69;69382;2;1;1;3;18 Quai Jean Moulin;45,76474297;4,83815627
202300041261;20;6;2023;01:40;5;69;69142;2;1;1;6;138 Rue Stéphane Déchant;45,72262;4,81159
202300041262;16;6;2023;15:40;1;69;69034;2;3;1;3;103 Avenue Général de Gaulle;45,81170806;4,85908449
202300041263;15;6;2023;18:30;1;69;69034;2;1;1;4;Quai Bellevue;45,78792;4,86359
202300041264;15;6;2023;08:20;1;69;69202;2;9;1;3;41B Route de la Libération;45,7293;4,77767
202300041265;20;6;2023;14:24;1;2B;2B122;2;2;1;3;TOUTES RUES;42,4209;9,2707
202300041266;19;6;2023;13:38;1;2B;2B033;2;1;1;3;LUCE DE CASABIANCA -RUE;42,703835;9,452971
202300041267;20;6;2023;08:50;1;971;97113;1;3;1;3;RN4 - SECTION RIVIERA;16,2114;-61,474
202300041268;18;6;2023;19:48;1;91;91457;1;1;1;6;CD 19;48,57635;2,26691
202300041269;20;6;2023;18:25;1;91;91312;2;1;1;6;MARCEL CACHIN (BOULEVARD);48,73245;2,22925
202300041270;19;6;2023;19:30;1;91;91514;1;1;8;1;CD 33;48,661005;2,518844
202300041271;20;6;2023;11:40;1;91;91479;2;6;1;2;AV DE VERDUN;48,70567;2,35502
202300041272;19;6;2023;09:00;1;86;86066;1;2;2;3;D21;46,83457;0,56584
202300041273;14;6;2023;15:40;1;85;85194;2;1;1;6;24 Rue de bourdigal;46,48081;-1,7316
202300041274;19;6;2023;18:15;1;79;79300;1;2;1;3;;47,009171;-0,21571
202300041275;20;6;2023;17:17;1;78;78418;2;1;1;6;PASTEUR (RUE);48,90457;2,14701
202300041276;20;6;2023;15:40;1;78;78481;1;1;1;3;RN 13;48,88664;2,09731
202300041277;11;6;2023;02:20;3;78;78440;2;1;1;6;EUROPE (AVENUE DE L');48,97074;1,91977
202300041278;19;6;2023;16:00;1;77;77337;2;2;1;3;D10P;48,840925;2,61832
202300041279;20;6;2023;13:55;1;77;77438;2;1;1;3;COURTILLIERE (AVENUE DE LA );48,86746;2,67874
202300041280;18;6;2023;07:00;2;76;76351;2;2;1;3;WINSTON CHURCHILL;49,49415;0,13858
202300041281;16;6;2023;09:45;1;76;76351;2;6;1;2;GRAND HAMEAU (Avenue du );49,52632;0,09108
202300041282;19;6;2023;17:50;1;73;73065;2;6;1;3;MONTREUIL CHARLES (RUE);45,58103;5,90958
202300041283;16;6;2023;03:15;5;71;71270;2;1;1;6;Avenue du Maréchal Juin;46,3172;4,83416
202300041284;18;6;2023;12:40;1;71;71153;2;2;1;3;YOUGOSLAVIE (RUE DE);46,78984;4,42089
202300041285;14;6;2023;16:35;1;71;71309;1;3;1;3;D680;46,79927204;4,38409334
202300041286;20;6;2023;07:45;1;69;69266;2;3;1;3;18 Rue Antoine Primat;45,7581738;4,89350758
202300041287;20;6;2023;07:25;1;69;69199;2;1;1;1;4 Rue de la Commune de Paris 1871;45,70965215;4,86132671
202300041288;19;6;2023;14:45;1;69;69091;2;1;1;6;Rue de la Paix;45,58406;4,74773
202300041289;20;6;2023;18:00;1;67;67482;2;2;8;3;ROBERTSAU (ALLEE DE LA);48,5898;7,7672
202300041290;20;6;2023;17:15;1;64;64445;2;1;1;7;PAIX;43,31203;-0,32548
202300041291;20;6;2023;18:21;1;64;64024;2;1;2;3;ROUTE DE PITOYS;43,46326;-1,51087
202300041292;17;6;2023;23:45;3;62;62107;1;1;1;4;RN 47;50,47929317;2,8346984
202300041293;14;6;2023;20:15;1;61;61006;2;2;1;3;D926;48,74932;-0,023254
202300041294;20;6;2023;08:55;1;61;61001;2;2;1;6;D112;48,44134;0,10808
202300041295;19;6;2023;18:30;1;59;59008;2;1;1;6;BICENTENAIRE DE LA REVOLUTION (RUE DU);50,33181;3,24777
202300041296;17;6;2023;20:34;1;56;56162;1;1;1;3;Parking du garage AD;47,72916;-3,41587
202300041297;16;6;2023;20:27;1;56;56121;2;2;1;3;MASSE (RUE  VICTOR );47,75016;-3,36188
202300041298;17;6;2023;15:40;1;56;56121;2;2;1;3;Rue de Lanveur;47,74305;-3,3889
202300041299;20;6;2023;22:50;3;51;51454;2;6;1;3;BRIAND (PLACE ARISTIDE);49,25753;4,038894
202300041300;20;6;2023;17:15;1;51;51454;2;1;1;3;HALAGE (AVENUE);49,28854;3,99871
202300041301;20;6;2023;13:35;1;51;51454;2;1;1;3;VENISE (RUE);49,24751;4,03386
202300041302;15;6;2023;08:11;1;51;51474;2;6;1;3;LIBERATION (RUE DE LA);49,26213;3,98436
202300041303;7;6;2023;11:55;1;49;49328;2;6;1;2;ROND POINT  PONT FOUCHARD;47,25355;-0,08559
202300041304;19;6;2023;11:52;1;49;49007;2;1;2;6;CHAUMIN BOULEVARD;47,45029;-0,55562
202300041305;20;6;2023;00:25;5;46;46042;2;1;1;6;GAMBETTA (BOULEVARD LEON) N°PAIR;44,44759967;1,44017458
202300041306;20;6;2023;13:00;1;44;44184;2;4;1;2;3 Rue Antoine Parmentier;47,26343;-2,22701
202300041307;19;6;2023;17:00;1;44;44184;2;1;1;2;9ter Boulevard Georges Charpak;47,26754;-2,2533
202300041308;19;6;2023;15:10;1;42;42275;2;1;1;4;Route de l'Etrat;45,4719;4,38327
202300041309;17;6;2023;16:15;1;41;41018;2;1;1;3;GAMBETTA (AVENUE);47,58478;1,31841
202300041310;14;6;2023;17:15;1;38;38185;2;9;1;6;LEON BLUM (AVENUE);45,16738;5,72061
202300041311;20;6;2023;08:30;1;37;37261;2;1;1;3;FLORENCE (AVENUE DE);47,37423;0,71867
202300041312;20;6;2023;07:45;1;37;37261;2;1;2;7;PORTILLON (QUAI DE);47,40104;0,68366
202300041313;20;6;2023;03:25;5;37;37261;2;3;1;6;FROMENTEL (RUE);47,37621;0,67776
202300041314;19;6;2023;13:00;1;37;37122;2;1;3;7;JEAN JAURES;47,348;0,65804
202300041315;20;6;2023;13:10;1;35;35238;2;3;1;3;CHATEAUGIRON (DE);48,09863;-1,64424
202300041316;20;6;2023;09:45;1;35;35055;2;1;1;6;VERGER (RUE DU);48,08527;-1,62299
202300041317;19;6;2023;16:51;1;35;35115;2;1;1;3;CHESNARDIERE (BD DE LA DU N°2 AU N°34);48,34772;-1,19563
202300041318;17;6;2023;20:09;1;34;34301;2;1;1;3;51 Rue de la Caraussane;43,406132;3,687847
202300041319;17;6;2023;05:00;3;34;34336;1;1;1;6;RD37;43,31217;3,31746
202300041320;19;6;2023;16:20;1;33;33249;2;6;1;3;Boulevard André Ricard;44,862734;-0,537679
202300041321;19;6;2023;14:45;1;29;29232;2;1;1;6;25 Rue du Cosquer;48,001948;-4,11209
202300041322;20;6;2023;07:35;1;29;29019;2;2;1;3;rue Dupuy de Lome;48,390912;-4,507737
202300041323;14;6;2023;08:15;1;29;29019;2;1;1;3;rue de Verdun;48,398161;-4,464134
202300041324;20;6;2023;17:05;1;27;27229;2;1;1;6;BROSSOLETTE (RUE PIERRE);49,02132;1,1604
202300041325;19;6;2023;16:37;1;27;27684;2;1;1;1;COCHEREL (RUE DE);49,01405;1,18942
202300041326;20;6;2023;18:50;1;26;26362;2;1;1;7;Avenue Victor Hugo;44,92854;4,89021
202300041327;20;6;2023;15:50;1;25;25056;2;1;8;2;rue de dole;47,2325;6,00162
202300041328;20;6;2023;08:25;1;22;22278;2;1;1;7;ROLLAND (ROMAIN);48,49402;-2,74751
202300041329;19;6;2023;17:43;1;22;22113;2;3;1;3;RESISTANCE (AVENUE DE LA);48,74872;-3,46116
202300041330;20;6;2023;13:11;1;17;17415;2;6;2;2;JOURDAN AVENUE;45,74607;-0,60115
202300041331;18;6;2023;19:35;1;17;17415;2;1;1;1;PALISSY QUAI;45,741655;-0,637008
202300041332;16;6;2023;11:45;1;14;14118;2;9;1;6;20 Avenue Pierre Mendes France;49,177311;-0,349635
202300041333;19;6;2023;17:30;1;13;13103;2;1;1;6;BOULEVARD CARCASSONNE - ROGER;43,64068568;5,08728583
202300041334;20;6;2023;17:00;1;13;13203;2;3;1;1;GUIBAL (RUE);43,30804;5,38798
202300041335;20;6;2023;08:43;1;13;13209;2;1;1;6;MICHELET (BOULEVARD);43,262;5,396
202300041336;5;11;2023;12:50;1;92;92050;2;9;1;3;JOLIOT CURIE F. ET IRENE AVENUE  N°PAIRS;48,89369207;2,21202984
202300041337;20;6;2023;07:10;1;13;13210;2;1;1;2;JEAN MOULIN (BOULEVARD);43,28644834;5,39924441
202300041338;5;11;2023;09:28;1;92;92012;1;1;2;6;QUATRE SEPTEMBRE (QUAI DU);48,8473;2,22728
202300041339;19;6;2023;18:20;1;10;10325;2;3;1;6;DOCTEUR SCHWEITZER (RUE DU);48,26708;4,08063
202300041340;5;11;2023;17:25;5;92;92004;2;1;1;7;MARNE   ( AVENUE DE LA );48,90998;2,28798
202300041341;19;6;2023;20:05;1;7;7019;2;6;1;3;BELLANDE (AVENUE DE );44,60926;4,39557
202300041342;20;6;2023;13:10;1;6;6030;2;1;1;3;OLIVET (CHEMIN DE L');43,56951;6,99113
202300041343;20;6;2023;08:40;1;6;6029;2;1;1;5;PERIER (BOULEVARD DU);43,5664;6,99187
202300041344;6;11;2023;06:05;3;69;69277;1;4;2;3;Route Départementale 147;45,751244;5,019234
202300041345;20;6;2023;08:30;1;6;6029;2;1;1;3;PICAUD (AVENUE DU DOCTEUR);43,55085;6,99274
202300041346;6;11;2023;11:30;1;76;76275;1;1;1;5;Route Départementale 111;49,579012;0,177305
202300041347;19;6;2023;15:20;1;75;75116;2;1;1;2;BD PERIPHERIQUE INTERIEUR;48,854539;2,254923
202300041348;16;6;2023;15:30;1;75;75112;2;1;1;2;PORTE DE CHARENTON;48,830807;2,403154
202300041349;5;11;2023;22:00;3;14;14061;1;4;8;7;La Vallée Normande (Le Tourneur);48,99932136;-0,840541
202300041350;20;6;2023;08:25;1;75;75105;2;3;1;6;RUE BERTHOLLET;48,838837;2,34573
202300041351;6;11;2023;11:00;1;89;89172;2;1;8;6;Rue des Vaux Boulons;48,21907;3,373079
202300041352;20;6;2023;18:23;1;75;75120;2;3;1;2;RUE SAINT FARGEAU;48,871724;2,404318
202300041353;30;10;2023;04:30;3;56;56188;2;1;1;6;Rue Roz;47,90266;-3,134269
202300041354;20;6;2023;12:20;1;75;75118;2;3;8;2;RUE DE LA CHAPELLE;48,897092;2,359331
202300041355;20;6;2023;16:00;1;75;75117;2;1;1;3;BOULEVARD PERIPHERIQUE INTERIEUR OUEST;48,880137;2,281895
202300041356;20;6;2023;09:10;1;75;75117;2;3;1;3;AVENUE DE LA PORTE D ASNIERES;48,891057;2,302522
202300041357;6;11;2023;18:05;3;77;77347;1;1;1;6;Chemin de la Croix;48,461742;3,220979
202300041358;20;6;2023;09:25;1;75;75116;2;3;1;3;AVENUE DU PRESIDENT KENNEDY;48,851323;2,278488
202300041359;3;11;2023;12:20;1;79;79179;1;2;2;3;N/A;46,737511;-0,570627
202300041360;20;6;2023;09:20;1;75;75116;2;7;1;3;RUE DE REMUSAT;48,847385;2,273699
202300041361;20;6;2023;20:40;1;75;75114;2;2;1;6;RUE RAYMOND LOSSERAND;48,83395;2,318154
202300041362;6;11;2023;08:00;1;65;65408;2;1;1;6;Route des Nestes;42,966684;0,376909
202300041363;20;6;2023;08:30;1;75;75114;2;2;1;3;AVENUE GEORGES LAFENESTRE;48,825104;2,311177
202300041364;29;10;2023;08:15;1;33;33289;1;1;2;6;N/A;44,644536;0,083674
202300041365;20;6;2023;03:16;5;75;75114;2;1;1;7;RUE D ALESIA;48,83052287;2,31922665
202300041366;20;6;2023;18:40;1;75;75112;2;3;1;6;RUE CLAUDE DECAEN;48,836722;2,398433
202300041367;6;11;2023;12:45;1;32;32210;1;2;8;1;Carrefour RD121 et RD 535;43,562839;1,127965
202300041368;20;6;2023;13:30;1;75;75111;2;1;1;3;BOULEVARD DES FILLES DU CALVAIRE;48,861786;2,367046
202300041369;6;11;2023;08:30;1;44;44005;1;1;2;2;N/A;47,127797;-1,893779
202300041370;20;6;2023;12:00;1;75;75111;2;3;1;3;BOULEVARD BEAUMARCHAIS;48,859492;2,367659
202300041371;5;11;2023;15:55;1;44;44068;1;2;3;3;N/A;47,498905;-1,86675
202300041372;20;6;2023;19:45;1;75;75109;2;4;1;6;RUE LA FAYETTE;48,872966;2,333314
202300041373;20;6;2023;18:45;1;75;75107;2;3;1;7;QUAI D ORSAY;48,862506;2,30922
202300041374;6;11;2023;07:10;3;29;29206;1;3;6;3;Lann ar Bourg;48,5922792;-4,17458365
202300041375;18;6;2023;04:15;5;75;75107;2;7;2;3;PLACE LE CORBUSIER;48,851402;2,326763
202300041376;4;11;2023;07:00;2;26;26052;1;1;8;7;D74;44,601056;4,871632
202300041377;19;6;2023;06:20;1;75;75104;2;3;1;7;RUE SAINT MARTIN;48,861026;2,351369
202300041378;18;6;2023;13:10;1;75;75104;2;2;1;6;QUAI DE GESVRES;48,85671;2,348925
202300041379;5;11;2023;16:20;1;54;54055;1;1;2;7;D952;49,017369;6,009132
202300041380;16;6;2023;00:15;5;75;75103;2;9;1;3;BOULEVARD BEAUMARCHAIS;48,85580143;2,36847943
202300041381;20;6;2023;14:30;1;94;94080;2;1;1;2;Rue de Montreuil;48,84968;2,43461
202300041382;5;11;2023;17:15;2;83;83040;1;1;1;1;D4085;43,804089;6,597172
202300041383;19;6;2023;18:45;1;94;94015;2;2;1;3;Rue Pierre Curie;48,847002;2,517378
202300041384;22;10;2023;20:00;3;64;64138;2;2;2;3;Avenue de la Bigorre;43,243245;-0,264734
202300041385;20;6;2023;00:50;5;94;94016;2;6;1;6;Rue Camille Desmoulins;48,79058;2,33174
202300041386;4;11;2023;16:15;1;18;18172;2;2;8;7;32 Route de Lignières;46,725227;2,480732
202300041387;20;6;2023;08:00;1;94;94073;1;1;1;3;ROUTE NATIONALE 186;48,754347;2,375414
202300041388;5;11;2023;21:15;3;18;18145;1;1;2;7;N/A;47,254883;2,498446
202300041389;20;6;2023;15:10;1;94;94011;2;5;1;3;Avenue de la République;48,76516;2,48073
202300041390;6;11;2023;12:30;1;7;7334;1;1;1;6;chemin de la villarde;44,3979;4,126407
202300041391;19;6;2023;17:56;1;94;94022;2;1;8;3;Avenue du 8 Mai 1945;48,76559;2,41066
202300041392;6;11;2023;13:50;1;53;53147;2;2;8;3;Rue de la Peyennière;48,285727;-0,617997
202300041393;20;6;2023;08:35;1;94;94019;2;1;1;3;Route de la Libération;48,80321;2,53787
202300041394;6;11;2023;09:45;1;17;17211;1;1;2;7;D150;46,038133;-0,512034
202300041395;20;6;2023;20:00;1;93;93071;2;3;1;3;Avenue Youri Gagarine;48,94846935;2,52031363
202300041396;19;10;2023;11:10;1;17;17323;2;7;1;6;Place du Général de Gaulle;46,032632;-1,377929
202300041397;20;6;2023;20:00;1;93;93050;2;1;1;6;Rue du Gen Lecorguillier;48,86528;2,53397
202300041398;19;6;2023;14:30;1;93;93032;2;1;8;6;Rue du Docteur Vaillant;48,86897869;2,56032295
202300041399;6;11;2023;07:30;3;17;17253;1;2;2;3;D911;45,986519;-0,901726
202300041400;18;6;2023;14:40;1;93;93032;2;1;1;3;Chemin des Bourdons;48,88995036;2,52401072
202300041401;20;6;2023;09:45;1;93;93079;2;1;1;3;Route de Saint-leu;48,95443628;2,33473299
202300041402;6;11;2023;16:30;1;37;37245;1;2;2;3;Route départemantle 959;47,474498;0,545068
202300041403;20;6;2023;16:30;1;93;93057;2;3;1;5;Allée Edgar-quinet / Allée Michelet;48,90819478;2,51590994
202300041404;4;11;2023;21:00;3;987;98735;1;1;2;3;PK 11.5 Ouest - Côté Montagne - District de Tapuamu;-16,62;-151,496
202300041405;20;6;2023;10:35;1;92;92046;2;1;1;6;PIERRE BROSSOLETTE (AVENUE);48,81897348;2,30958045
202300041406;2;11;2023;12:55;1;34;34270;1;1;1;3;Autoroute A9;43,554613;3,821568
202300041407;15;6;2023;16:00;1;92;92072;2;3;1;3;CROIX BOSSET (RUE DE LA);48,82261;2,20175
202300041408;2;11;2023;14:50;1;28;28121;1;1;2;7;autoroute A10 point kilométrique 074+150 direction province;48,11997;1,85111
202300041409;20;6;2023;09:05;1;92;92076;2;1;1;3;GARE;48,837621;2,151368
202300041410;20;6;2023;17:28;1;92;92051;2;1;8;6;INKERMANN (BOULEVARD D');48,88613445;2,27456957
202300041411;4;11;2023;12:35;1;17;17415;1;1;1;7;A10;45,77363;-0,667677
202300041412;19;6;2023;23:10;5;92;92051;2;1;1;1;CHARLES DE GAULLE (AVENUE, N° 18 A 116);48,87900138;2,27951892
202300041413;20;6;2023;19:00;1;92;92050;2;3;1;3;LEMAITRE THOMAS RUE;48,89021153;2,19095259
202300041414;5;11;2023;21:30;3;988;98821;1;1;1;7;ROUTE TERRITORIALE N°1;-22,13675;166,42173
202300041415;19;6;2023;23:00;5;92;92050;2;9;1;3;CLEMENCEAU GEORGES AVENUE N°IMPAIR;48,88678;2,20523
202300041416;5;11;2023;17:10;1;77;77339;2;1;8;7;12 Allee du Jeu de Paume;48,37005;2,509319
202300041417;20;6;2023;17:15;1;92;92049;2;1;1;7;ARNOUX AVENUE MAURICE AUTRES N°;48,81186;2,30896
202300041418;16;6;2023;16:30;1;92;92049;2;2;1;3;BRIAND AVENUE ARISTIDE N°2 A 114;48,814381;2,32575
202300041419;6;11;2023;17:49;3;34;34023;1;1;1;3;RD600;43,450886;3,706201
202300041420;16;6;2023;20:50;1;92;92025;2;3;1;1;ORGEMONT (AV D');48,932246;2,272807
202300041421;30;10;2023;15:40;1;34;34176;1;2;1;3;d106;43,635485;4,054062
202300041422;6;11;2023;00:50;3;83;83115;2;1;1;6;Av du General Touzet du Vigier;43,319121;6,665096
202300041423;16;6;2023;16:20;1;92;92025;2;3;1;6;CHARLES DE GAULLE (BD);48,913339;2,230713
202300041424;20;6;2023;16:30;1;92;92002;2;1;1;6;RAYMON ARON (AVENUE);48,77105095;2,3120454
202300041425;31;10;2023;07:40;1;13;13066;1;1;1;1;Route de Noves;43,88771;4,883659
202300041426;6;11;2023;00:00;3;58;58126;1;1;8;6;Rue des Barillets;46,946293;3,086171
202300041427;20;6;2023;17:15;1;85;85306;2;3;1;1;2 impasse de la cure;46,478049;-0,700673
202300041428;20;6;2023;09:00;1;22;22237;2;3;1;3;Place Abbé Oléron;48,531171;-2,268789
202300041429;20;6;2023;19:15;1;41;41118;1;9;1;7;Route de Romorantin;47,396058;1,819589
202300041430;20;6;2023;08:22;1;68;68058;2;6;2;6;D430;47,923482;7,197386
202300041431;5;11;2023;18:55;3;54;54272;1;2;2;3;RD611;48,76168783;5,96266866
202300041432;18;6;2023;22:41;3;49;49092;1;1;1;6;La Cailleterie (Valanjou);47,232945;-0,614569
202300041433;21;6;2023;15:10;1;67;67283;1;1;1;1;D1004;48,68020597;7,38394642
202300041434;20;6;2023;17:05;1;56;56118;2;1;1;6;32 Route de Port Louis;47,718608;-3,336153
202300041435;10;6;2023;16:14;1;56;56240;1;1;1;7;Rue du Rial Vraz;47,509548;-2,697626
202300041436;6;11;2023;12:25;1;81;81140;1;1;1;7;Route de Flamarens;43,689024;1,855735
202300041437;16;5;2023;23:30;5;56;56184;2;1;1;6;1 Rue du Chanoine Niol;47,662797;-2,454184
202300041438;5;11;2023;10:00;1;31;31324;2;1;2;6;Chemin de Labessan;43,19811627;1,02385551
202300041439;21;6;2023;08:20;1;76;76407;1;1;1;1;D925;49,863523;0,742221
202300041440;21;6;2023;08:30;1;2A;2A085;1;1;1;7;rt40;41,91304;8,830519
202300041441;4;11;2023;08:30;1;40;40125;1;1;2;6;Route de Dax D6;43,650837;-1,097909
202300041442;5;11;2023;12:00;1;85;85155;2;3;1;3;RD 2;46,720137;-1,459208
202300041443;21;6;2023;07:20;1;2A;2A330;2;1;1;1;VILLAGE;42,046424;8,978791
202300041444;21;6;2023;06:40;1;31;31032;1;1;8;6;Chemin de l'Enseigure;43,683864;1,336201
202300041445;3;11;2023;20:28;3;22;22208;1;3;2;7;les ruaux;48,313466;-2,018931
202300041446;5;11;2023;21:17;3;60;60589;1;1;1;2;D1016;49,215242;2,465487
202300041447;5;11;2023;17:15;1;13;13085;2;1;1;3;A50 - Sens Aubagne vers Marseille;43,25215674;5,59552334
202300041448;4;11;2023;16:50;1;13;13071;1;1;2;2;A51-Sens Marseille vers Aix en Provence;43,41079;5,36426
202300041449;5;11;2023;01:18;3;13;13001;1;1;1;5;A51-Sens Marseille vers Aix en Provence;43,51054;5,41822
202300041450;31;10;2023;17:12;2;13;13071;1;1;1;3;A7-Sens Lyon vers Marseille;43,41668;5,27569
202300041451;16;5;2023;08:00;1;75;75116;2;2;1;3;ROUTE DE SURESNES;48,865041;2,234458
202300041452;31;10;2023;18:42;3;13;13015;1;1;1;4;A51-Sens Aix en Provence vers Marseille;43,43716;5,39505
202300041453;16;5;2023;00:25;5;75;75116;2;1;1;3;ALLEE DE LA REINE MARGUERITE;48,849669;2,241987
202300041454;16;5;2023;19:40;1;75;75114;2;1;1;2;AVENUE DENFERT ROCHEREAU;48,836379;2,334317
202300041455;5;11;2023;02:45;3;69;69116;1;1;1;4;Autoroute 6;45,8411884;4,75238903
202300041456;16;5;2023;17:35;1;75;75113;2;1;1;6;RUE DES PEUPLIERS;48,823077;2,353113
202300041457;4;11;2023;21:30;3;42;42110;1;1;2;6;M288;45,487883;4,540728
202300041458;16;5;2023;08:15;1;75;75113;2;1;1;3;BOULEVARD VINCENT AURIOL;48,836282;2,371199
202300041459;5;11;2023;10:15;1;33;33249;2;1;1;6;ROUTE NATIONALE 230;44,88148094;-0,51091522
202300041460;16;5;2023;20:20;1;75;75112;2;1;1;3;QUAI DE LA RAPEE;48,842546;2,371929
202300041461;5;11;2023;14:40;1;91;91161;1;1;1;4;AUTOROUTE A126;48,711539;2,293833
202300041462;16;5;2023;15:20;1;75;75111;2;1;1;1;AVENUE PARMENTIER;48,865787;2,374007
202300041463;5;11;2023;11:00;1;91;91136;1;1;2;6;AUTOROUTE A10;48,71065;2,287
202300041464;5;11;2023;07:30;2;94;94037;1;1;2;6;A6A;48,81658529;2,33656859
202300041465;16;5;2023;20:50;1;75;75110;2;1;1;4;BOULEVARD DE LA VILLETTE;48,88409;2,367531