Num_Acc;jour;mois;an;hrmn;lum;dep;com;agg;int;atm;col;adr;lat;long
202300041466;4;11;2023;22:45;3;91;91363;1;1;2;6;RN 104;48,63061;2,2309
202300041467;15;5;2023;01:19;3;75;75109;2;1;1;6;RUE DE CHATEAUDUN;48,876269;2,334233
202300041468;5;11;2023;19:45;3;92;92078;1;1;1;4;AUTOROUTE A86;48,93006804;2,32558289
202300041469;16;5;2023;17:40;1;75;75116;2;7;1;3;PLACE CHARLES DE GAULLE;48,873755;2,294497
202300041470;5;11;2023;15:30;1;93;93027;1;1;8;6;AUTOROUTE A1;48,9394;2,38812
202300041471;16;5;2023;10:55;1;75;75107;2;3;1;3;AVENUE DE SUFFREN;48,85748;2,291275
202300041472;5;11;2023;12:15;1;92;92036;1;1;2;7;AUTOROUTE A15;48,93788866;2,29766722
202300041473;15;5;2023;23:00;5;75;75114;2;1;1;7;AVENUE DU GENERAL LECLERC;48,825819;2,326117
202300041474;5;11;2023;00:20;3;95;95306;1;1;2;6;A15;48,99543144;2,18221307
202300041475;14;5;2023;17:13;1;75;75104;2;2;1;3;BOULEVARD HENRI IV;48,85114109;2,36237463
202300041476;4;11;2023;22:15;3;92;92078;1;1;3;6;AUTOROUTE A86;48,92755223;2,3326993
202300041477;4;11;2023;20:20;3;93;93010;1;1;2;7;AUTOROUTE A3;48,9136;2,47714
202300041478;15;5;2023;13:30;1;94;94068;2;3;1;1;Rue Garibaldi;48,79646142;2,48269699
202300041479;16;5;2023;08:35;1;94;94021;2;1;1;6;1 Rue des Ecoles;48,77128006;2,3466765
202300041480;5;11;2023;14:40;1;94;94033;1;1;3;3;A86;48,85841005;2,48778049
202300041481;5;11;2023;05:14;3;77;77059;1;1;2;6;A104;48,84153391;2,66365441
202300041482;16;5;2023;07:00;1;94;94004;2;1;2;7;Avenue du Général Leclerc;48,754789;2,505604
202300041483;4;11;2023;10:13;1;94;94044;1;1;2;7;N406;48,76049276;2,46901782
202300041484;16;5;2023;18:50;1;93;93073;2;1;1;3;Avenue Pasteur;48,94251;2,57119
202300041485;16;5;2023;11:00;1;93;93073;1;1;1;7;Rue de la Belle Etoile;48,98938;2,51935
202300041486;3;11;2023;18:18;3;94;94046;1;1;1;5;A86;48,80779495;2,44901486
202300041487;16;5;2023;10:50;1;93;93001;2;1;1;6;Rue de la Haie Coq;48,911;2,373
202300041488;27;2;2023;20:00;5;35;35288;2;3;1;1;35 boulevard de Rotheneuf;48,679458;-1,977896
202300041489;16;5;2023;08:20;1;93;93051;2;2;1;6;Boulevard du Mont d'Est / Avenue Montaigne;48,84212;2,54314
202300041490;16;10;2023;18:30;2;13;13208;2;1;1;3;POURRIERE (traverse);43,24448;5,38653
202300041491;16;5;2023;18:45;1;93;93048;2;1;1;3;Rue Desgranges;48,853414;2,44370779
202300041492;3;11;2023;16:45;1;62;62548;2;3;8;7;RUE DU CANAL;50,94898;1,96087
202300041493;16;5;2023;15:33;1;93;93045;2;1;1;6;Rue de Paris;48,87856061;2,41147488
202300041494;3;11;2023;10:06;1;83;83137;2;1;3;6;CHURCHILL (AVE WINSTON);43,12541525;5,92607921
202300041495;16;5;2023;11:15;1;93;93030;2;1;1;5;Avenue du Maréchal Leclerc de Hauteclocque;48,94213973;2,4210155
202300041496;1;11;2023;03:33;5;75;75110;2;1;1;6;BOULEVARD DE LA VILLETTE;48,879205;2,370101
202300041497;16;5;2023;17:25;1;93;93007;2;6;1;3;Rond Point Saint Pierre;48,92825;2,4633
202300041498;28;10;2023;21:50;5;62;62186;2;2;2;3;Rue Edmond Debeaumont;50,44021;2,73094
202300041499;16;5;2023;20:15;1;92;92049;2;2;1;6;BRIAND AVENUE ARISTIDE N°2 A 114;48,81751098;2,3254618
202300041500;25;10;2023;06:20;1;972;97209;1;1;1;6;BALATA (ROUTE DE);14,61725;-61,07144
202300041501;16;5;2023;13:00;1;92;92025;2;2;1;3;VALMY (BD DE);48,92611228;2,25300997
202300041502;16;5;2023;15:00;1;92;92024;2;1;7;3;GENERAL LECLERC (RUE DU) DE (81 A 109)  ;48,90887;2,31297
202300041503;20;10;2023;14:00;1;30;30028;2;9;1;3;DE LATTRE DE TASSIGNY (AVENUE DU MAL);44,16841;4,61544
202300041504;16;5;2023;16:55;1;49;49063;2;2;1;3;D751;47,351937;-0,774944
202300041505;4;11;2023;07:40;1;974;97409;1;9;8;7;PAYET(RUE);-20,9663;55,63499
202300041506;13;5;2023;10:50;1;26;26344;1;1;1;1;Route de Bois Vieux;44,683145;5,036572
202300041507;3;11;2023;09:24;1;973;97302;2;9;1;6;SOURCE DE BADUEL (CHEMIN DE LA);4,92315142;-52,303918
202300041508;16;5;2023;21:55;3;71;71047;1;1;1;2;D979;46,630026;3,735593
202300041509;4;11;2023;00:20;5;973;97302;2;2;1;3;DE GAULLE (AVENUE);4,93878694;-52,33173519
202300041510;13;5;2023;09:18;1;28;28410;1;1;1;1;D955;48,033158;1,529846
202300041511;4;11;2023;18:00;5;69;69383;2;1;2;6;Rue Général Mouton-Duvernet;45,7532;4,86157
202300041512;12;5;2023;21:13;2;35;35206;1;1;2;5;N137;48,056021;-1,680833
202300041513;4;11;2023;22:35;5;95;95277;2;3;2;3;HOTEL DIEU P DU THILLAY (RUE DE L');48,98745;2,44826
202300041514;12;5;2023;06:30;3;43;43103;1;1;2;6;A75;45,27839;3,217868
202300041515;3;11;2023;12:15;1;95;95127;2;7;1;6;CROIX DES MAHEUX (RUE DE LA);49,03959942;2,08186716
202300041516;17;5;2023;12:15;1;87;87001;2;1;1;7;Avenue François Mitterrand;45,793222;1,129622
202300041517;4;11;2023;06:05;5;91;91161;2;9;3;1;AV PIERRE BROSSOLETTE;48,70296;2,32108
202300041518;16;5;2023;13:45;1;56;56011;1;1;1;6;La Ville Chatal;47,598784;-2,212865
202300041519;4;11;2023;16:55;1;86;86194;2;1;8;6;Avenue Robert Schuman;46,589515;0,35826
202300041520;17;5;2023;04:00;3;76;76482;1;1;1;3;Rue de la Libération;49,868607;1,054668
202300041521;17;5;2023;14:25;1;79;79034;1;1;1;5;N/A;46,295691;-0,501487
202300041522;4;11;2023;20:45;3;84;84035;1;2;2;1;ISLE/SORGUE-RD 938 (ROUTE DE L');43,86422;5,04327
202300041523;17;5;2023;13:30;1;65;65006;1;1;1;7;D 113;42,910486;0,297704
202300041524;3;11;2023;17:50;5;83;83137;2;1;1;3;15EME CORPS (AVE DU);43,12841858;5,91602826
202300041525;17;5;2023;07:15;1;71;71332;1;2;1;3;D933;46,634734;4,985132
202300041526;13;5;2023;17:20;1;61;61300;1;2;1;3;RD36 - RD280;48,497853;0,884206
202300041527;3;11;2023;18:30;5;83;83090;2;3;8;3;GARE (ROUTE);43,12325359;5,82312942
202300041528;16;5;2023;13:30;1;49;49214;2;3;1;3;28 Rue Victor Hugo;47,526546;-0,611564
202300041529;16;5;2023;20:55;2;68;68332;2;1;8;7;35 Rue de Rollingen;47,65701;7,27288
202300041530;16;5;2023;19:00;1;44;44154;2;1;1;6;11 Rue du Général de Gaulle;47,247006;-2,165872
202300041531;4;11;2023;06:20;4;77;77083;2;6;2;1;PYRAMIDES (AVENUE DES);48,8502;2,58519
202300041532;16;5;2023;16:55;1;2;2532;2;3;1;2;22 Rue Gambetta;49,755628;3,362825
202300041533;14;5;2023;09:55;1;58;58031;1;1;1;6;rd 978 PR 23+100;47,006436;3,445201
202300041534;14;5;2023;10:00;1;58;58232;2;1;1;6;RD 172 PR 00+250;46,996547;3,390634
202300041535;3;11;2023;17:50;3;77;77013;1;1;1;6;D402;48,845719;3,089059
202300041536;17;5;2023;11:15;1;72;72276;1;1;1;1;lieu dit le petit garancher;48,269933;0,444898
202300041537;4;11;2023;18:20;2;76;76540;2;4;2;3;Rue Repainville;49,43444;1,13187
202300041538;4;11;2023;22:30;5;74;74010;2;3;2;2;PONT-NEUF (AVENUE DU);45,89779;6,11464
202300041539;16;5;2023;18:30;1;5;5106;1;1;6;5;N94 pk092.350;44,529166;6,334037
202300041540;16;5;2023;19:55;1;50;50550;2;1;1;7;8 Rue Charles Reynolds;49,154449;-1,414697
202300041541;3;11;2023;16:35;2;74;74010;2;6;3;2;PARMELAN;45,90552;6,13246
202300041542;17;5;2023;11:15;1;50;50410;1;1;1;7;D30;48,553492;-1,492866
202300041543;17;5;2023;07:15;1;90;90005;2;1;1;7;Rue des Corvées;47,736503;6,772241
202300041544;4;11;2023;13:10;1;64;64260;2;6;3;3;EMPEREUR (BOULEVARD DE );43,35949;-1,763276
202300041545;17;5;2023;12:46;1;60;60667;2;2;1;6;Rue du Maréchal Leclerc;49,307781;2,724856
202300041546;4;11;2023;12:20;1;63;63113;2;9;2;2;MERMOZ (AVENUE JEAN);45,78802313;3,12384546
202300041547;3;11;2023;14:45;1;60;60463;2;1;1;6;EUROPE (AVENUE DE L');49,2702138;2,48211253
202300041548;17;5;2023;09:10;1;60;60635;2;3;1;2;D92 - Le Petit Thérain;49,240718;2,439287
202300041549;16;5;2023;18:00;1;64;64191;2;1;8;3;17 Avenue de la Gare;43,175209;-0,236083
202300041550;3;11;2023;16:13;1;59;59286;2;4;7;1;POTIE AUGUSTE RUE;50,61199;3,00017
202300041551;16;5;2023;10:50;1;64;64068;1;1;1;2;15 Route d?Ossau;43,131577;-0,287565
202300041552;4;11;2023;15:45;1;54;54395;2;1;1;4;Boulevard Albert 1er;48,69396614;6,16779998
202300041553;16;5;2023;21:30;3;4;4094;1;1;8;1;Route Départementale 4;43,777903;5,817711
202300041554;3;11;2023;22:50;5;54;54547;1;1;1;6;M674;48,67186;6,1941
202300041555;16;5;2023;20:15;1;85;85234;1;2;1;3;Chemin des chaussées;46,785216;-2,002969
202300041556;4;11;2023;11:00;1;51;51474;1;1;2;6;CROIX MAURENCIENNE (RUE DE LA);49,2818;4,00028
202300041557;16;5;2023;18:30;2;85;85273;1;3;7;3;RD 103 les cochets;46,872569;-2,03605
202300041558;17;5;2023;12:00;1;13;13051;1;1;1;6;D 19;43,572494;5,156343
202300041559;16;5;2023;21:30;2;35;35210;1;1;1;6;RN 12 sens SAINT BRIEUC vers RENNES;48,152047;-1,799165
202300041560;4;11;2023;23:05;4;51;51108;2;2;3;3;JAURES (RUE JEAN) (N° INFERIEUR A 59-34);48,95459;4,35234
202300041561;16;5;2023;14:55;1;53;53131;1;1;1;7;ROUTE DEPARTEMENTALE 118;48,452314;-0,806589
202300041562;17;5;2023;07:35;1;77;77273;1;1;7;1;D401;49,044943;2,760808
202300041563;4;11;2023;20:35;5;45;45302;2;1;3;1;D557 PR 0 + 560;47,95122;1,86198
202300041564;12;5;2023;21:20;2;77;77142;2;1;1;1;6 Rue du Bois de Mongrolle;48,859198;2,943901
202300041565;16;5;2023;16:40;1;95;95199;2;1;1;1;D11;49,026065;2,345152
202300041566;4;11;2023;20:21;5;45;45284;2;1;3;6;195 Rue du Faubourg de Bourgogne;47,90405;1,93869
202300041567;4;11;2023;01:50;5;45;45147;2;1;1;3;D2060 PR 96 + 200;47,93585;1,92739
202300041568;17;5;2023;14:00;1;2B;2B042;1;1;8;4;route territoriale 11;42,577872;9,440206
202300041569;16;5;2023;19:59;1;48;48004;1;1;1;6;RD901;44,465228;3,876672
202300041570;4;11;2023;19:50;5;44;44109;2;1;2;1;2 Rue Labouchère;47,2196;-1,54875
202300041571;17;5;2023;10:00;1;34;34344;2;1;1;3;314 Allee Andre Malraux;43,563256;4,090421
202300041572;4;11;2023;18:30;5;44;44109;2;1;3;6;12 Boulevard Jules Verne;47,23465051;-1,53526604
202300041573;15;5;2023;18:30;1;13;13022;1;1;1;1;Route Pierre Imbert;43,222652;5,571833
202300041574;17;5;2023;17:35;1;71;71032;1;1;1;2;D17;46,362856;4,693753
202300041575;4;11;2023;03:10;5;37;37261;2;1;1;3;POMPIDOU (AVENUE GEORGES);47,37716;0,71468
202300041576;15;5;2023;09:48;1;21;21038;2;3;1;1;Rue Jean Mignot;47,200601;5,39749
202300041577;4;11;2023;13:15;1;35;35238;1;9;2;2;PORTE ALMA;48,0816;-1,67662
202300041578;17;5;2023;11:00;1;68;68063;2;1;1;3;61 Faubourg de Belfort;47,796552;7,173026
202300041579;3;11;2023;06:30;5;29;29051;2;4;2;1;Straed Mozart;48,00189;-4,04565
202300041580;2;3;2023;18:00;2;67;67240;1;6;1;3;D422;48,6055739;7,47973167
202300041581;4;11;2023;17:20;1;29;29019;2;8;2;6;boulevard de Plymouth;48,38675199;-4,52814013
202300041582;17;5;2023;13:35;1;73;73020;1;1;8;1;D62B;45,715686;6,094837
202300041583;4;11;2023;18:05;5;27;27229;2;6;1;1;VERNON (RUE DE);49,0232;1,16907
202300041584;16;5;2023;02:55;3;26;26235;1;1;1;6;Route Nationale 7;44,35474;4,69024
202300041585;30;10;2023;15:00;1;24;24037;2;9;1;6;BEAUFERRIER (RUE);44,85906;0,47685
202300041586;12;5;2023;17:25;1;69;69095;1;2;2;3;Route de Grézieu le Marché;45,66834056;4,45393515
202300041587;4;11;2023;15:40;1;22;22106;2;1;3;3;VERNE (RUE JULES);48,49447;-2,72808
202300041588;16;5;2023;13:30;1;31;31135;1;1;2;6;routes de nozes;43,223141;1,095657
202300041589;17;5;2023;18:30;1;64;64230;1;1;1;6;D934;43,190879;-0,391259
202300041590;4;11;2023;11:35;1;17;17415;2;1;2;3;BRIAND AVENUE ARISTIDE PONT;45,745548;-0,618196
202300041591;14;5;2023;17:30;1;72;72154;1;3;1;3;rd 308;47,661305;-0,073546
202300041592;3;11;2023;13:55;1;15;15014;2;1;1;1;Parking Géant Casino AV C de G;44,90809;2,4241
202300041593;17;5;2023;13:25;1;35;35012;2;2;1;6;rue de Rennes;47,84310708;-1,68129578
202300041594;4;11;2023;11:45;1;14;14118;2;1;1;6;92 Avenue Henry Chéron;49,17233;-0,3959
202300041595;17;5;2023;10:25;1;60;60612;2;1;1;4;Avenue du Maréchal Foch;49,209028;2,591565
202300041596;4;11;2023;21:47;5;13;13205;2;1;1;2;JEAN MOULIN (BOULEVARD);43,2908;5,40006
202300041597;16;5;2023;14:46;1;13;13071;1;1;1;2;A7-Sens Marseille vers Lyon;43,41340161;5,28071302
202300041598;4;11;2023;11:40;1;13;13208;2;1;2;6;RAY GRASSI (Allée);43,2710064;5,39672726
202300041599;16;5;2023;08:45;1;83;83137;1;1;1;4;A50;43,126359;5,887332
202300041600;4;11;2023;20:00;3;11;11069;2;1;2;1;N/A;43,23176;2,37544
202300041601;16;5;2023;18:25;1;94;94021;1;1;1;4;A6B;48,77137155;2,34509948
202300041602;15;5;2023;22:10;3;94;94038;1;1;1;6;A6B;48,79003666;2,34385393
202300041603;3;11;2023;15:25;1;6;6069;2;1;1;2;GRAND CHENE (CHEMIN DU);43,63762;6,93306
202300041604;16;5;2023;07:57;1;78;78466;1;1;7;2;A13;48,931966;1,97629
202300041605;4;11;2023;21:15;5;75;75120;2;2;2;6;AVENUE GAMBETTA;48,864928;2,397243
202300041606;15;5;2023;19:40;1;78;78043;1;1;1;4;A12 W;48,833785;2,085995
202300041607;16;5;2023;17:15;1;93;93066;1;1;1;7;AUTOROUTE A1;48,91899344;2,357294
202300041608;4;11;2023;19:50;5;75;75119;2;1;1;4;AVENUE DE FLANDRE;48,893554;2,380734
202300041609;16;5;2023;10:00;1;93;93066;1;1;1;4;AUTOROUTE A1;48,91936344;2,35754643
202300041610;16;5;2023;15:15;1;94;94022;1;1;1;2;A86;48,77604023;2,42618623
202300041611;4;11;2023;14:00;1;75;75119;2;7;2;3;PLACE AUGUSTE BARON;48,900756;2,389129
202300041612;16;5;2023;08:25;1;94;94042;1;1;1;2;A4;48,82836797;2,47558356
202300041613;4;11;2023;02:35;5;75;75117;2;3;1;7;PLACE CHARLES FILLION;48,887989;2,316718
202300041614;15;5;2023;06:36;1;92;92026;2;1;1;6;LEONARD DE VINCI;48,89654588;2,23609829
202300041615;10;5;2023;17:25;1;69;69264;2;1;1;6;Rue Francois Giraud;45,98721351;4,7108879
202300041616;3;11;2023;22:43;5;75;75116;2;1;1;2;AVENUE DE VERSAILLES;48,838654;2,259762
202300041617;4;11;2023;05:15;5;75;75115;2;2;1;2;PONT DE GRENELLE;48,84933;2,281629
202300041618;15;5;2023;15:20;1;974;97416;1;1;1;2;RN1 (ROUTE NATIONALE);-21,30801;55,43201
202300041619;3;11;2023;23:40;5;75;75115;2;2;1;3;QUAI ANDRE CITROEN;48,84933099;2,28163719
202300041620;15;5;2023;07:45;1;974;97416;2;3;1;2;DE LA ZONE(ALLEE);-21,31829;55,47323
202300041621;15;5;2023;10:05;1;974;97409;2;1;1;6;MAUNIER(RUE);-20,95843;55,65802
202300041622;3;11;2023;17:16;2;75;75114;2;3;2;6;RUE D ALESIA;48,827845;2,328994
202300041623;4;11;2023;02:00;4;75;75110;2;2;1;3;BOULEVARD DE BONNE NOUVELLE;48,86977;2,352278
202300041624;15;5;2023;07:40;1;972;97213;2;3;1;1;ROUTE DEPARTEMENTALE 14;14,62256;-61,01898
202300041625;4;11;2023;19:30;3;75;75108;2;1;1;3;AVENUE HOCHE;48,877032;2,302848
202300041626;15;5;2023;06:20;1;972;97213;1;1;1;5;ROUTE DEPARTEMENTALE 3;14,613481;-60,994764
202300041627;4;11;2023;12:00;1;75;75107;2;2;1;3;BOULEVARD DE LA TOUR MAUBOURG;48,861132;2,310269
202300041628;14;5;2023;04:05;4;972;97213;1;1;1;6;ROUTE DEPARTEMENTALE 3;14,619036;-60,987904
202300041629;14;5;2023;06:30;1;972;97209;1;1;1;6;BEAUSEJOUR JAMBETTE (ROUTE DE );14,6328;-61,0407
202300041630;4;11;2023;00:10;5;75;75107;2;2;1;3;RUE DE GRENELLE;48,856469;2,321121
202300041631;15;5;2023;14:35;1;69;69202;2;3;1;3;19 Boulevard Baron du Marais;45,73511;4,80466
202300041632;3;11;2023;12:40;1;75;75102;2;2;8;2;BOULEVARD DES CAPUCINES;48,870252;2,329982
202300041633;13;5;2023;08:20;1;971;97101;1;9;1;4;PROVIDENCE;16,26128592;-61,51459694
202300041634;15;5;2023;13:45;1;95;95598;2;1;2;2;D109;48,97839;2,29199
202300041635;4;11;2023;02:20;5;94;94081;2;1;1;2;Avenue Rouget de Lisle;48,779104;2,396009
202300041636;14;5;2023;20:55;2;95;95210;2;9;1;1;D15;48,96926;2,29585
202300041637;4;11;2023;21:15;5;94;94065;2;3;2;6;Rue Mondétour;48,75614;2,34622
202300041638;14;5;2023;07:14;2;87;87085;2;1;1;7;RUBEN (AVENUE ERNEST);45,82523;1,25093
202300041639;4;11;2023;10:00;1;93;93073;2;1;3;3;Rue du Chapitre;49,002059;2,536962
202300041640;12;5;2023;17:03;1;87;87085;2;2;1;7;BETOULLE (PLACE LEON);45,8273;1,2602
202300041641;10;5;2023;16:45;1;85;85194;2;1;1;6;LAFARGUE (PROMENADE DE L'AMIRAL);46,49478;-1,7879
202300041642;4;11;2023;18:45;5;92;92046;2;3;1;7;PIERRE LAROUSSE (AVENUE);48,82233386;2,30357105
202300041643;4;11;2023;01:00;3;92;92050;2;1;1;1;CLEMENCEAU GEORGES AVENUE N° PAIR;48,88616;2,21291
202300041644;15;5;2023;10:30;1;77;77373;2;1;8;3;AV CHARLES ROUXEL;48,79116274;2,6039921
202300041645;15;5;2023;23:50;5;76;76486;2;1;1;6;Rue d'Elbeuf;49,301959;0,992343
202300041646;4;11;2023;15:45;1;92;92044;2;1;5;3;J. GUESDE(RUE)59A69 ET 66A78;48,89503521;2,29104102
202300041647;14;5;2023;21:00;1;76;76351;2;3;1;3;PIERRE MENDES FRANCE;49,51462;0,153657
202300041648;23;2;2023;14:36;1;13;13214;2;1;1;6;MERIMEE;43,32969;5,40221
202300041649;14;5;2023;18:55;1;72;72181;1;1;1;7;ITALIENS (BD DES);47,94749;0,20684
202300041650;4;11;2023;15:10;1;92;92012;2;1;8;3;PIERRE LEFAUCHEUX (AVENUE);48,82387787;2,24290234
202300041651;23;2;2023;15:15;1;13;13210;2;1;1;3;PAUL CLAUDEL (BOULEVARD);43,26832165;5,41392157
202300041652;15;5;2023;08:00;1;69;69266;2;2;1;1;345 Cours Emile Zola;45,76614;4,89781
202300041653;23;2;2023;08:45;1;13;13005;2;1;1;3;RN 8;43,28500236;5,59162974
202300041654;13;5;2023;16:04;1;66;66136;2;1;1;6;N/A;42,70162;2,89451
202300041655;4;11;2023;08:00;1;51;51601;1;1;2;7;D982;48,799625;4,69798
202300041656;23;2;2023;12:45;1;13;13001;2;2;1;6;CARNOT (BD);43,52474;5,45499
202300041657;9;5;2023;22:40;5;58;58194;2;3;1;2;JEROME TRESAGUET;46,99927;3,15052
202300041658;5;11;2023;07:50;1;51;51410;2;1;8;6;7 Rue du Relais;49,076579;3,794317
202300041659;23;2;2023;13:30;1;11;11069;2;1;1;3;;43,19742;2,32363
202300041660;13;5;2023;17:30;1;56;56098;1;1;1;7;KERHERVY (LIEU DIT);47,76917;-3,31281
202300041661;24;2;2023;00:10;5;7;7019;2;1;2;6;LEONCE VERNY (AVENUE);44,62017;4,394424
202300041662;12;5;2023;20:52;2;56;56107;2;1;1;6;Quelisoy D29;47,72419;-3,38269
202300041663;4;11;2023;11:10;1;35;35085;1;3;1;5;D795;48,42091;-1,756021
202300041664;18;2;2023;14:49;1;5;5061;2;1;7;6;Avenue d'Embrun (Gap);44,57051;6,10511
202300041665;15;5;2023;16:20;1;54;54395;2;1;1;6;LOBAU (BOULEVARD);48,68297;6,19738
202300041666;22;2;2023;18:45;3;976;97611;1;9;1;4;passamanty-Vahibé ( route );-12,79251;45,18745
202300041667;5;11;2023;06:00;5;83;83070;2;1;1;6;17 avenue louis faedda;43,1379288;6,37749383
202300041668;14;5;2023;03:30;3;50;50537;1;9;1;6;LA GALAISIERE;49,04633;-1,42103
202300041669;22;2;2023;15:50;1;974;97416;1;1;1;2;RN03;-21,31576;55,49195
202300041670;4;11;2023;22:30;3;11;11381;1;1;1;7;N/A;42,904608;2,411435
202300041671;12;5;2023;21:00;2;50;50129;1;1;2;6;AXE NORD SUD;49,59936;-1,59531
202300041672;22;2;2023;17:15;1;974;97411;1;1;1;2;RN2/043;-20,8928;55,50176
202300041673;5;11;2023;07:00;2;76;76618;2;6;1;7;rd 925;49,939828;1,184034
202300041674;14;5;2023;02:20;5;49;49007;2;3;1;1;GARDOT;47,46749;-0,53573
202300041675;22;2;2023;06:36;2;973;97302;2;6;2;3;SUZINI (CARREFOUR);4,92715;-52,28971
202300041676;5;11;2023;09:15;1;42;42029;1;1;2;6;D1;45,846978;4,278402
202300041677;13;5;2023;16:15;1;43;43251;1;9;3;7;La Garde;45,0084;3,85724
202300041678;14;5;2023;03:20;3;41;41212;1;6;1;7;PATTE D'OIE (rond point);47,56135;1,37363
202300041679;22;2;2023;16:50;1;69;69388;2;2;1;3;Rue Professeur Beauvisage;45,72745047;4,86205237
202300041680;4;11;2023;23:30;5;42;42149;2;2;2;3;Avenue du Pont;45,643392;4,227537
202300041681;10;5;2023;08:00;1;38;38053;2;1;2;3;ALPES;45,585;5,27
202300041682;22;2;2023;14:00;1;69;69387;2;2;2;3;17 Rue Creuzet;45,75055;4,84628
202300041683;5;11;2023;08:50;1;42;42021;1;1;6;6;Route de Margerie;45,514655;4,090326
202300041684;15;5;2023;19:00;1;37;37159;1;1;8;6;RD 86 DE MONTS à TOURS;47,2779261;0,62481648
202300041685;22;2;2023;13:00;1;69;69387;2;1;2;7;Rue Garibaldi;45,75139;4,8535
202300041686;22;2;2023;15:52;1;972;97213;1;1;1;3;BASSE GONDEAU (CHEMIN RURAL N°3 DE);14,62242;-61,02337
202300041687;4;11;2023;04:45;3;25;25288;2;1;2;6;Rue Saint Claude;47,094623;6,544192
202300041688;15;5;2023;07:45;1;35;35238;2;2;1;3;TILLON (AVENUE CHARLES);48,1247;-1,70309
202300041689;22;2;2023;07:15;1;972;97213;1;1;1;1;ROUTE DEPARTEMENTALE 3;14,65031;-60,98901
202300041690;4;11;2023;10:00;1;35;35143;1;1;3;6;La Houle;48,230901;-2,019349
202300041691;15;5;2023;03:55;3;35;35278;1;1;1;6;RD 137;48,166083;-1,710697
202300041692;21;2;2023;20:30;5;972;97209;2;1;1;6;22 MAI 1848 (RUE);14,612019;-61,070794
202300041693;4;11;2023;10:00;1;29;29279;1;1;1;6;D58;48,60781491;-3,88865201
202300041694;15;5;2023;20:10;1;34;34172;2;1;1;2;1160 Avenue Président Pierre Mendès France;43,60816;3,91311
202300041695;22;2;2023;12:35;1;972;97209;2;1;1;3;BOUILLE (RUE);14,60384;-61,0657
202300041696;22;2;2023;15:30;1;69;69385;2;1;1;6;Montée de Choulans;45,75436;4,81793
202300041697;3;11;2023;12:05;1;29;29276;1;1;2;1;Lieu Dit Kerouzern;48,644082;-4,082122
202300041698;15;5;2023;16:50;1;29;29039;2;3;1;3;Rue Suffren;47,86402;-3,89962
202300041699;15;5;2023;11:10;1;29;29039;1;1;1;7;Rue de Melgven;47,88247;-3,87868
202300041700;21;2;2023;17:45;1;69;69034;2;3;1;3;23 Rue Albert Thomas;45,79165114;4,84084886
202300041701;3;11;2023;12:10;1;31;31066;2;2;3;3;Chemin des Turques;43,80656506;1,57344013
202300041702;10;2;2023;22:00;5;95;95210;2;2;1;6;Rue de Malleville;48,96699;2,30463
202300041703;15;5;2023;13:50;1;28;28134;2;7;1;4;EPARGES (RUE DES);48,73162;1,3698
202300041704;5;11;2023;11:10;1;26;26318;1;1;1;5;rd 94;44,421567;5,32558
202300041705;5;11;2023;13:40;1;83;83025;1;1;1;6;route départementale 560;43,52574625;5,95346651
202300041706;22;2;2023;17:41;2;91;91692;1;1;8;2;CD35;48,67458;2,17935
202300041707;14;5;2023;02:50;3;25;25539;2;3;1;6;LECLERC (AVENUE DU GENERAL);47,46162;6,85995
202300041708;4;11;2023;19:35;3;64;64372;1;1;2;6;Route de Vic En Bigorre;43,369825;-0,075056
202300041709;22;2;2023;16:35;1;91;91514;1;1;1;3;CD 33;48,66;2,52
202300041710;10;5;2023;19:50;1;19;19031;2;2;1;3;EMERY (AVENUE ANDRE);45,15775671;1,51107073
202300041711;22;2;2023;00:05;5;91;91589;2;1;1;7;AV DE LA REPUBLIQUE;48,685802;2,346566
202300041712;14;5;2023;23:15;5;13;13103;1;1;1;1;RTE DE MIRAMAS-RD 69;43,63064986;5,06362438
202300041713;4;11;2023;21:55;5;40;40312;1;1;2;1;117 Rue des Dunes;43,53374;-1,49655
202300041714;22;2;2023;08:17;1;87;87085;2;3;2;2;BRIAND (RUE ARISTIDE);45,84318;1,27251
202300041715;5;11;2023;12:56;1;24;24074;1;1;2;3;Route de Foncabrol;44,850482;1,323016
202300041716;21;2;2023;18:05;1;87;87085;2;3;1;3;GIFFARD (RUE HENRI);45,87082;1,26803
202300041717;15;4;2023;19:25;1;13;13026;1;1;1;1;RN 568;43,3929;5,18451
202300041718;22;2;2023;01:45;5;84;84007;2;1;1;1;C.De GAULLE (Rocade);43,93033;4,82491
202300041719;4;11;2023;14:36;1;17;17218;2;3;6;3;rue du chateau d'eau;46,302125;-0,983577
202300041720;4;5;2023;16:20;1;13;13039;1;1;1;6;ROUTE NATIONALE 569;43,46217;4,92189
202300041721;22;2;2023;09:00;1;83;83144;2;9;1;6;BROSSOLETTE (AVE PIERRE);43,136228;5,987413
202300041722;2;5;2023;17:50;1;13;13075;2;1;1;6;ANGE DELESTRADE (BD);43,34546;5,46455
202300041723;21;2;2023;18:00;1;76;76351;1;1;1;7;BOUTEILLERIE (DE LA);49,52122;0,17158
202300041724;5;11;2023;16:25;1;30;30269;1;1;8;1;Route du Col Saint Pierre;44,134328;3,844228
202300041725;15;5;2023;23:20;5;11;11069;2;1;1;6;2 Boulevard Camille Pelletan;43,210756;2,355264
202300041726;5;11;2023;18:05;3;30;30227;1;1;2;6;604 Route de Potelières;44,23527285;4,20425248