Num_Acc;jour;mois;an;hrmn;lum;dep;com;agg;int;atm;col;adr;lat;long
202300041727;22;2;2023;12:55;1;72;72181;2;9;2;3;EICHTHAL (RUE D');48,00003307;0,18520474
202300041728;13;5;2023;17:05;1;11;11069;2;1;2;5;1830 Avenue Georges Guille;43,23521;2,3692
202300041729;14;5;2023;17:22;1;10;10333;2;1;1;7;Route d'Auxerre;48,28099388;4,0694797
202300041730;21;2;2023;11:50;1;71;71486;2;2;1;3;MARNE (AVENUE DE LA);46,64926;4,32061
202300041731;15;5;2023;07:45;1;75;75120;2;1;1;2;BD PERIPHERIQUE INTERIEUR;48,847428;2,41456
202300041732;4;11;2023;13:25;1;52;52480;1;1;2;2;route nationale 67;48,262345;5,12421
202300041733;21;2;2023;13:30;1;71;71309;2;1;1;7;MARECHAL JOFFRE  (RUE DU);46,79017;4,40698
202300041734;22;2;2023;13:47;1;66;66136;1;1;1;2;;42,728051;2,90721
202300041735;3;11;2023;14:10;1;10;10045;1;1;1;2;A5;48,170895;4,468522
202300041736;21;2;2023;20:46;5;64;64024;2;1;2;7;BAYONNE (AVENUE DE);43,48132;-1,5109
202300041737;15;5;2023;20:15;2;75;75105;2;2;2;3;RUE BERTHOLLET;48,837685;2,345511
202300041738;21;2;2023;19:45;5;64;64024;2;3;1;3;BERNAIN (AVENUE EUGENE);43,484;-1,51146
202300041739;4;11;2023;17:50;2;35;35208;1;1;2;1;l'Hermitière;47,963024;-1,687919
202300041740;21;2;2023;07:50;1;64;64102;2;2;1;1;LOUIS DE FOIX (AVENUE);43,50448135;-1,46732524
202300041741;15;5;2023;19:55;2;75;75105;2;3;2;6;RUE MONGE;48,841657;2,351945
202300041742;20;2;2023;17:55;1;64;64102;2;1;1;6;MAURICE RAVEL (RUE);43,48312;-1,48439
202300041743;3;11;2023;21:50;3;72;72223;1;1;9;3;A11 PK 202+200 sens Le Mans /Angers;47,87132353;-0,11776686
202300041744;8;2;2023;07:30;1;62;62413;2;1;1;6;Chemin Valois;50,45217;2,90499
202300041745;15;5;2023;21:00;5;75;75120;2;7;1;3;AVENUE GAMBETTA;48,868319;2,401412
202300041746;5;11;2023;15:55;1;51;51588;1;1;1;7;Autoroute A4 - PK204;49,069564;4,766479
202300041747;22;2;2023;16:47;5;60;60057;2;9;2;2;Rue Pierre et Marie Curie;49,410188;2,113293
202300041748;4;11;2023;20:25;3;21;21331;1;1;1;6;A36 PK 275.200;47,124315;5,395532
202300041749;21;2;2023;19:05;1;56;56098;2;1;1;6;20 Rue du Chemin de Fer;47,75912;-3,3465
202300041750;15;5;2023;17:00;1;75;75120;2;4;2;6;PONT DE LAGNY;48,849301;2,414612
202300041751;21;2;2023;15:25;1;56;56121;2;1;1;6;69 Rue de Lanveur;47,74359;-3,39053
202300041752;15;5;2023;07:55;1;75;75120;2;1;1;2;RUE DES PYRENEES;48,87386;2,387266
202300041753;21;2;2023;08:10;1;56;56121;2;6;8;3;Rond-point de l'Australie;47,75005;-3,36644
202300041754;5;11;2023;11:30;1;34;34163;1;3;6;3;D619;43,631269;3,703111
202300041755;22;2;2023;07:33;1;54;54036;1;1;1;1;RD 906;49,297116;5,961748
202300041756;4;11;2023;17:15;1;987;98750;1;1;3;1;pk 16 coté montagne;-16,821;-151,404
202300041757;15;5;2023;15:00;1;75;75117;2;3;1;3;BOULEVARD DU BOIS LE PRETRE;48,899806;2,319159
202300041758;22;2;2023;17:30;1;51;51454;2;2;2;3;rue du Docteur Lemoine;49,26835;4,03529
202300041759;15;5;2023;16:50;1;75;75115;2;2;2;3;AVENUE DE SUFFREN;48,849428;2,303757
202300041760;4;11;2023;08:20;1;973;97311;2;2;1;3;30 Rue Montravel;5,501631;-54,027683
202300041761;15;5;2023;12:10;1;75;75115;2;1;1;6;RUE CAUCHY;48,842692;2,27688
202300041762;22;2;2023;16:15;1;51;51454;2;2;2;3;boulevard du Président Wilson;49,23614;4,02647
202300041763;4;11;2023;15:55;1;77;77485;2;1;1;1;D16;48,364586;2,517768
202300041764;15;5;2023;09:00;1;75;75112;2;1;1;5;QUAI DE BERCY;48,8401;2,37494
202300041765;22;2;2023;09:46;1;51;51055;2;6;2;3;Voie Romaine;49,27845399;4,05761093
202300041766;5;11;2023;13:04;1;77;77176;2;2;1;3;rue du bray + rue de la garenne;48,800232;2,999949
202300041767;15;5;2023;04:59;5;75;75110;2;2;1;6;BOULEVARD DE MAGENTA;48,874839;2,357381
202300041768;21;2;2023;14:55;1;51;51454;2;1;1;6;avenue Nationale - la Neuvillette;49,28391;4,01032
202300041769;15;5;2023;10:00;1;75;75109;2;4;8;6;RUE SAULNIER;48,874008;2,344767
202300041770;22;2;2023;18:25;3;45;45338;2;1;2;3;49 Avenue de la Libération;47,98884;2,69487
202300041771;5;11;2023;09:10;1;66;66011;2;1;1;3;N/A;42,606572;2,884453
202300041772;15;5;2023;18:10;1;75;75108;2;2;2;6;RUE BALZAC;48,87323;2,300194
202300041773;22;2;2023;14:05;1;38;38229;1;1;1;2;A41;45,20098;5,75933
202300041774;31;10;2023;11:15;1;34;34344;2;2;1;6;rue des croisades;43,56818;4,074672
202300041775;15;5;2023;10:00;1;75;75108;2;4;1;3;PLACE DE LA CONCORDE;48,866394;2,323485
202300041776;22;2;2023;07:20;1;37;37261;2;1;1;6;WAGNER (BOULEVARD RICHARD);47,37683;0,71361
202300041777;14;5;2023;05:20;5;75;75108;2;4;1;6;PLACE DES TERNES;48,878255;2,29896
202300041778;5;11;2023;11:55;1;89;89013;1;1;1;6;A6 , pk 149+800;47,865058;3,502611
202300041779;21;2;2023;20:08;5;36;36044;2;3;1;3;Rue des Etats Unis;46,81619;1,70088
202300041780;5;11;2023;08:54;1;38;38009;2;1;1;6;Route du Dauphine;45,346045;4,881186
202300041781;15;5;2023;09:15;1;94;94015;2;6;1;2;Boulevard Jean Monnet;48,83176023;2,532976
202300041782;22;2;2023;07:50;2;35;35281;2;6;2;7;DODIN (AVENUE ROGER);48,07838;-1,71271
202300041783;15;5;2023;15:40;1;93;93078;2;1;1;4;Boulevard Robert Ballanger;48,95801;2,54632
202300041784;5;11;2023;15:50;1;44;44201;2;1;1;6;175 Avenue de l'Europe;47,342798;-1,529707
202300041785;14;5;2023;20:10;1;93;93046;2;2;1;3;Av du Consul General Nordling / Avenue Charles de Gaulle;48,91649;2,53164
202300041786;22;2;2023;15:00;1;30;30007;2;1;1;4;;44,1097;4,1121
202300041787;14;5;2023;03:00;5;93;93032;2;1;1;6;Allée de l'Horloge;48,87432;2,55968
202300041788;4;11;2023;18:00;5;38;38276;2;1;3;5;Route Departementale 1085;45,563502;5,303661
202300041789;14;5;2023;22:00;5;92;92051;1;1;1;2;CHARLES DE GAULLE (AVENUE, N°27 A 129);48,88164403;2,27054894
202300041790;22;2;2023;13:30;1;29;29039;2;3;2;3;Avenue Alain le Lay;47,877158;-3,914632
202300041791;4;11;2023;00:27;5;13;13212;1;1;1;2;A507 sens Aubagne- Marseille;43,30241;5,42566
202300041792;15;5;2023;17:45;1;92;92044;2;9;2;6;VIC. HUGO(RUE)091A113 ET 112A146;48,89755156;2,2950536
202300041793;15;5;2023;08:00;1;92;92002;2;1;1;6;PIERRE BROSSOLETTE (BOULEVARD);48,75599;2,30124
202300041794;14;2;2023;20:45;5;24;24322;2;3;1;2;BASSIN (BRETELLE DU);45,18545;0,70201
202300041795;16;5;2023;08:15;1;60;60040;1;2;1;3;D101;49,414954;2,600302
202300041796;3;11;2023;11:10;1;83;83047;1;1;1;4;A570;43,13554726;6,04481649
202300041797;19;2;2023;07:40;2;22;22113;2;1;1;7;DE LA FAYETTE (BOULEVARD);48,74279398;-3,44840884
202300041798;15;5;2023;17:50;1;57;57307;1;1;1;2;D72;49,177427;6,382815
202300041799;15;5;2023;14:35;1;87;87002;1;1;1;6;Mazaudon;45,976666;1,433045
202300041800;20;2;2023;21:30;5;14;14366;2;1;1;2;Avenue Georges Pompidou;49,13509;0,2238
202300041801;4;11;2023;22:30;3;69;69152;1;1;1;2;Route de Métropole 7;45,70204;4,83517
202300041802;16;5;2023;06:10;2;62;62295;1;1;1;1;D341;50,6142412;2,2912064
202300041803;7;4;2023;20:46;2;37;37214;1;3;1;2;Departementale D2 - PK4+300;47,4458282;0,67557111
202300041804;21;2;2023;14:23;1;14;14366;2;7;1;6;15 Rue de la Résistance;49,144256;0,226723
202300041805;3;11;2023;16:30;1;1;1249;1;1;2;3;A432N 0.485 A 6.500;45,860022;4,911061
202300041806;2;5;2023;19:10;1;28;28160;1;2;7;3;D335.5;48,407632;1,640592
202300041807;8;4;2023;18:15;1;30;30066;1;1;1;7;D6110;43,925393;4,104778
202300041808;22;2;2023;15:19;1;13;13208;2;1;1;7;MENDES FRANCE (AVENUE);43,24986;5,37515
202300041809;4;11;2023;09:00;1;33;33550;1;1;2;6;ROCADE A 630;44,77815;-0,56482
202300041810;15;5;2023;16:00;1;1;1033;1;1;8;5;Route Départementale 1084;46,131806;5,80753
202300041811;9;4;2023;17:15;1;30;30268;1;1;1;1;Pomier;44,235784;4,132485
202300041812;22;2;2023;14:30;1;13;13213;2;1;1;3;MALVINA (TRAVERSE);43,32033;5,46107
202300041813;4;11;2023;20:15;3;91;91235;1;9;8;6;RN 104;48,62547;2,35321
202300041814;9;4;2023;05:00;3;33;33528;1;1;1;7;D107;44,876248;-1,030955
202300041815;14;5;2023;11:25;1;26;26160;1;3;1;2;Route des Ortis;45,21902;4,811878
202300041816;21;2;2023;11:50;1;13;13206;2;1;1;3;DOCTEUR JEAN FIOLLE (RUE DU);43,2851;5,38388
202300041817;5;1;2023;01:30;5;2A;2A247;2;1;1;7;Rue Vincentellu d?Istria;41,601211;9,269977
202300041818;15;5;2023;12:45;1;44;44033;1;1;1;7;N/A;47,380045;-1,962004
202300041819;22;2;2023;03:30;5;11;11069;2;1;1;6;;43,209;2,3804
202300041820;4;11;2023;17:00;2;91;91553;1;1;1;4;RN 104;48,6274;2,47767
202300041821;15;5;2023;11:20;1;15;15055;1;1;8;2;A 75 ;45,095218;3,125782
202300041822;23;2;2023;06:50;2;75;75120;2;1;1;7;PORTE DE BAGNOLET;48,86594;2,41262
202300041823;9;4;2023;11:00;1;4;4152;1;1;1;3;Route de la Bastide;43,806485;5,71951
202300041824;23;2;2023;06:50;5;75;75120;2;1;1;7;PORTE DE BAGNOLET;48,86594046;2,41262019
202300041825;14;5;2023;12:55;1;47;47233;1;2;1;3;route du traversant;44,53872;0,104526
202300041826;4;11;2023;18:00;2;91;91086;1;1;1;4;RN 104;48,62372;2,3778
202300041827;9;4;2023;01:45;5;26;26124;1;1;1;6;autoroute A 7 PK 079.650;44,842056;4,863682
202300041828;23;2;2023;17:00;1;75;75119;2;4;1;6;RUE MANIN;48,884745;2,392252
202300041829;15;5;2023;22:20;3;61;61464;1;1;1;6;A28 PK177+300;48,591073;0,185812
202300041830;8;4;2023;08:50;1;71;71105;1;1;1;6;Route des Allemands;46,29713;4,76711
202300041831;23;2;2023;14:15;1;75;75119;2;2;1;6;PLACE DE LA PORTE DE PANTIN;48,889569;2,395652
202300041832;4;11;2023;12:35;1;91;91521;1;1;8;3;RN 104;48,63418;2,40104
202300041833;16;5;2023;10:00;1;27;27130;1;1;1;6;A28 - PR 283 + 575;49,052621;0,458181
202300041834;15;5;2023;16:30;1;56;56094;1;6;1;3;Kergo;47,76007;-3,2862
202300041835;8;4;2023;19:00;1;67;67313;2;3;1;3;Boulevard Clemenceau;48,539277;7,44593
202300041836;23;2;2023;02:50;5;75;75119;2;3;1;3;AVENUE JEAN JAURES;48,888762;2,39315
202300041837;4;11;2023;12:50;1;91;91235;1;1;8;2;RN 104;48,6251;2,36174
202300041838;23;2;2023;23:10;5;75;75119;2;7;2;6;PLACE AUGUSTE BARON;48,900701;2,387098
202300041839;9;4;2023;16:15;1;38;38026;1;1;1;6;d52b, pk 4,700;45,834212;5,330601
202300041840;16;5;2023;16:20;1;76;76367;1;2;1;1;Lieu Dit les Barettes;49,518857;1,108691
202300041841;4;11;2023;05:40;3;91;91687;1;1;1;7;AUTOROUTE A6;48,66341;2,36691
202300041842;22;2;2023;18:30;2;75;75112;2;1;1;1;AVENUE DE SAINT MAURICE;48,829686;2,420277
202300041843;9;4;2023;18:54;1;69;69061;1;3;7;3;348 Rue Mont Saint Guibert;45,9836169;4,62402446
202300041844;16;5;2023;09:45;1;79;79014;1;2;1;3;N/A;47,023026;-0,27826
202300041845;4;11;2023;15:36;1;92;92047;1;1;1;1;A13;48,83632636;2,18475813
202300041846;14;5;2023;01:00;3;65;65075;1;1;1;6;D929;42,855996;0,342802
202300041847;23;2;2023;19:07;5;75;75111;2;4;1;3;BOULEVARD VOLTAIRE;48,852937;2,388511
202300041848;16;3;2023;19:40;3;33;33284;2;1;1;6;quatre routes;44,68482659;-0,84732056
202300041849;8;5;2023;19:00;1;33;33394;1;4;1;1;D243;44,909865;-0,184112
202300041850;22;2;2023;09:15;1;75;75109;2;3;8;1;RUE DE CLICHY;48,878147;2,330103
202300041851;12;5;2023;11:20;1;61;61462;1;1;1;3;D924;48,727655;-0,041374
202300041852;5;4;2023;08:25;1;72;72378;1;2;7;3;D306;47,807826;-0,277067
202300041853;16;5;2023;12:20;1;12;12044;1;1;1;1;Chemin de la Blaquière;43,83608672;2,85311973
202300041854;23;2;2023;08:40;1;75;75104;2;2;1;3;RUE DES DEUX PONTS;48,851824;2,35656
202300041855;16;5;2023;09:45;1;86;86085;1;1;1;1;D347;46,837951;0,161539
202300041856;8;4;2023;15:30;1;76;76758;2;2;1;3;Avenue de Verdun;49,61901;0,755889
202300041857;22;2;2023;23:10;5;94;94044;2;1;2;1;Rue Paul Valéry;48,75311;2,47521
202300041858;16;5;2023;17:45;1;35;35117;1;1;1;2;le Vivier;48,150257;-2,215119
202300041859;8;4;2023;13:35;1;13;13088;1;1;1;7;A55-Sens Martigues vers Marseille;43,39094053;5,2497545
202300041860;16;5;2023;14:54;1;31;31207;1;1;2;2;N125;42,992685;0,630292
202300041861;23;2;2023;07:45;2;94;94038;2;2;1;3;Rue de Bicêtre;48,77392;2,35184
202300041862;15;5;2023;17:30;1;38;38207;1;1;1;6;d114;44,972153;5,880657
202300041863;15;5;2023;06:05;2;2;2264;1;1;5;1;CD 18;49,635835;4,032862
202300041864;8;4;2023;06:40;3;13;13215;1;1;1;6;A7-Sens Marseille vers Lyon;43,34272;5,37628
202300041865;23;2;2023;10:40;1;94;94028;2;2;8;3;Route de Choisy;48,79052;2,45337
202300041866;15;5;2023;23:30;3;72;72310;1;1;1;2;D313;48,034776;0,202855
202300041867;7;4;2023;00:25;3;13;13202;1;1;1;1;A55-Sens Marseille vers Martigues;43,31897914;5,36347091
202300041868;14;5;2023;15:00;1;90;90045;1;1;1;7;D463;47,508498;6,968915
202300041869;22;2;2023;08:50;1;93;93073;2;2;1;3;Rue des Ardennes / Avenue Albert Sarraut;48,940491;2,575834
202300041870;12;5;2023;17:00;1;90;90042;2;9;1;6;Rue du Malsaucy;47,682234;6,797335
202300041871;8;4;2023;14:45;1;33;33063;1;1;1;4;ROCADE A 630;44,87994783;-0,53757906
202300041872;23;2;2023;10:00;1;93;93070;2;7;1;7;Place du Capitaine Glarner;48,90715;2,32636
202300041873;7;5;2023;11:00;1;90;90002;1;1;8;6;Rue Principale;47,691161;7,009749
202300041874;8;4;2023;13:20;1;33;33080;1;1;1;6;AUTOROUTE A 62;44,72574933;-0,52654982
202300041875;23;2;2023;20:15;5;93;93029;2;9;1;6;Rue Saint Stenay;48,92048633;2,42107923
202300041876;15;5;2023;14:20;1;40;40250;1;1;1;1;route de bordeaux;43,93493;-0,420315
202300041877;8;4;2023;06:00;4;33;33039;1;1;1;3;ROCADE A 631;44,806;-0,532
202300041878;14;5;2023;18:50;1;24;24208;1;1;1;7;N21;45,040901;0,650983
202300041879;23;2;2023;00:40;5;93;93005;2;1;1;3;Chemin de Roissy En France;48,95022;2,49192
202300041880;8;4;2023;12:55;1;91;91340;1;1;1;2;RN 104;48,61053;2,43324
202300041881;23;2;2023;15:50;1;92;92044;2;1;8;7;RASPAIL(RUE) 13A39 ET 10A30;48,89793;2,29183
202300041882;8;4;2023;12:52;1;92;92036;1;1;1;2;A86;48,93484397;2,26726483
202300041883;15;5;2023;18:30;1;4;4036;1;1;1;3;d 900;44,145966;6,296019
202300041884;23;2;2023;13:05;1;92;92044;2;3;1;6;VILLIERS(SQUARE) 56 VILLIERS;48,89065454;2,27918968
202300041885;7;4;2023;19:20;1;92;92036;1;1;1;5;AUTOROUTE A86;48,93498875;2,31987855
202300041886;14;5;2023;16:15;1;85;85059;2;6;1;3;Avenue du général de Gaulle;46,642282;-0,750246
202300041887;23;2;2023;15:10;1;92;92026;2;1;1;3;MARCEAU;48,90032352;2,24502468
202300041888;6;4;2023;14:05;1;976;97611;2;1;1;7;cavani-Rond point du Baobab;-12,78524;45,22644
202300041889;23;2;2023;08:13;1;92;92060;2;3;1;3;CHARLES DE GAULLE (AVENUE) RD75 A PARTIR;48,776402;2,256747
202300041890;16;5;2023;11:15;1;28;28227;2;6;1;3;rond point de la libération;48,595155;1,588882
202300041891;6;4;2023;16:20;1;974;97416;2;3;1;3;PAVE(RUE);-21,34;55,48
202300041892;23;2;2023;20:00;5;92;92012;2;1;1;6;YVES KERMEN (RUE) 3/49 - 2/38;48,82602422;2,24569559
202300041893;6;4;2023;10:15;1;974;97416;2;2;1;3;FOUR A CHAUX(RUE DU);-21,342;55,47361
202300041894;15;5;2023;18:30;1;48;48018;1;1;1;3;Route nationale 88;44,493926;3,414114
202300041895;21;2;2023;14:00;1;92;92004;2;1;1;7;HOTEL DE VILLE   ( PLACE );48,91089077;2,28939146
202300041896;6;4;2023;07:30;1;974;97416;1;1;1;3;RN02;-21,33868306;55,49170732
202300041897;23;2;2023;18:00;2;60;60562;2;4;1;6;Rue de Catenoy;49,355892;2,541001
202300041898;5;4;2023;18:45;3;974;97416;1;9;1;4;RN3 (3);-21,3187;55,48986
202300041899;23;2;2023;09:10;1;71;71220;1;1;1;6;491 Route de la Loire;46,538805;3,766068
202300041900;6;4;2023;11:05;1;69;69388;2;9;1;1;14 Rue Berty Albrecht;45,72723261;4,86626992
202300041901;22;2;2023;03:00;3;972;97227;1;1;1;1;RN 5;14,46922;-60,920708
202300041902;5;4;2023;15:40;1;69;69383;2;9;1;6;Rue Paul Bert;45,757;4,8622
202300041903;24;2;2023;10:17;1;12;12022;1;1;4;6;A75;44,026759;3,077175
202300041904;19;2;2023;18:00;1;47;47156;1;1;1;6;route des Bernès;44,484556;0,091155
202300041905;5;4;2023;02:50;5;972;97209;1;1;2;6;RD 41 (ROCADE);14,60925;-61,06662
202300041906;22;2;2023;07:10;2;76;76587;1;2;8;3;La Hetraie D.925;49,775832;0,46222
202300041907;6;4;2023;09:40;1;69;69081;2;2;1;3;1 Chemin de Villeneuve;45,78173;4,77562
202300041908;23;2;2023;17:30;2;76;76035;2;3;8;3;DÉPARTEMENTALE 49 76390;49,77599;1,754516
202300041909;5;4;2023;00:07;5;69;69382;2;2;1;1;Quai Jean Moulin;45,76466;4,83815
202300041910;24;2;2023;13:00;1;2B;2B043;2;1;1;3;Erbalunga;42,775633;9,476255
202300041911;4;4;2023;18:45;1;69;69149;2;2;1;3;65 Avenue Jean Jaurès;45,71418491;4,8191743
202300041912;23;2;2023;10:00;1;2B;2B152;1;1;1;3;D80 PK25+300;42,894238;9,473299
202300041913;6;4;2023;13:19;1;971;97113;1;4;1;1;RN4 - SECTION RIVIERA;16,21698224;-61,48243189
202300041914;23;2;2023;07:00;2;11;11351;1;4;1;2;route départementale 613;43,092193;2,710147
202300041915;23;2;2023;09:15;1;63;63178;2;1;8;7;45 Route de Parentignat;45,542217;3,261121
202300041916;6;4;2023;12:05;1;91;91097;1;1;2;2;AV DU GAL CHARLES DE GAULLE;48,68636;2,52835
202300041917;23;2;2023;13:45;1;55;55282;1;1;8;7;D11;48,811414;5,362616
202300041918;4;4;2023;17:05;1;91;91174;2;1;1;6;RUE EMILE ZOLA;48,61154;2,46991
202300041919;22;2;2023;12:45;1;49;49331;2;1;2;7;Rue Ernest Renan;47,686135;-0,877887
202300041920;6;4;2023;09:25;1;90;90010;2;3;1;6;Rue de la Fraternité;47,638354;6,838153
202300041921;23;2;2023;18:05;2;42;42260;1;4;1;2;Route de Boen;45,826893;3,929452
202300041922;23;2;2023;14:50;1;41;41080;2;2;2;6;Rue du Cher;47,340934;1,187021
202300041923;31;3;2023;16:53;1;88;88413;2;1;2;4;Rue du 31éme BCP;48,28448;6,95625
202300041924;22;2;2023;08:15;1;44;44151;1;2;2;3;1 Route de Saint-Denac;47,325125;-2,33206
202300041925;5;4;2023;17:32;1;87;87085;2;3;1;6;LONDRES (RUE DE);45,84572;1,26051
202300041926;23;2;2023;16:45;1;35;35306;1;6;1;6;Rue du Fort;48,56516;-1,925697
202300041927;5;4;2023;12:45;1;86;86194;2;1;1;7;Rue des Entrepreneurs;46,615056;0,343886
202300041928;20;1;2023;15:02;1;14;14119;2;1;8;7;D225;49,145727;-0,252342
202300041929;23;2;2023;18:10;1;50;50639;2;7;1;7;Rue du Chemin Vert;48,840352;-1,21827
202300041930;4;4;2023;11:15;1;84;84031;2;1;1;6;MONT VENTOUX AVENUE DU;44,05594;5,05429
202300041931;19;3;2023;02:30;4;84;84031;2;6;2;6;Avenue Dwight Eisenhower;44,03216;5,05175
202300041932;22;2;2023;17:00;1;36;36141;1;6;2;3;;46,59825798;1,77400448
202300041933;4;4;2023;16:49;1;84;84007;2;4;1;6;FERRY ( Boulevard Jules);43,93766;4,80335
202300041934;23;2;2023;20:00;3;36;36118;1;1;3;7;;46,72652284;1,37738067
202300041935;24;2;2023;16:40;1;85;85297;1;1;1;6;départementale 746 leu dit les fontenelles;46,41436;-1,176555
202300041936;6;4;2023;08:20;1;83;83126;2;2;1;3;PETIN (AV HENRI);43,103242;5,874441
202300041937;6;4;2023;14:00;1;83;83061;1;1;1;6;N7;43,43732978;6,71956336
202300041938;23;2;2023;13:10;1;30;30006;1;6;1;3;route des plages;43,671511;4,21209
202300041939;24;2;2023;06:50;2;8;8391;1;1;1;1;2 Cd Nord 5;49,73418241;4,91895202
202300041940;23;3;2023;15:45;1;83;83118;1;3;1;3;BOULEVARD DE L'ASPÉ;43,43139;6,80385
202300041941;23;2;2023;17:05;1;68;68375;2;9;1;1;63 Rue de Cernay;47,808853;7,230586
202300041942;6;4;2023;19:20;1;81;81065;2;4;1;1;HIPPOLYTE (CH.DE SAINT);43,60214;2,25916
202300041943;23;1;2023;07:10;2;6;6083;1;1;1;2;A8 Bretelle d'entrée n°59 PK 220.100;43,797116;7,481813
202300041944;5;4;2023;16:20;1;81;81257;2;9;1;3;JAURES ( AVENUE JEAN );43,9420286;2,1907435
202300041945;24;2;2023;14:49;1;24;24068;1;1;1;1;D25, PK 023.000;44,841873;0,930061
202300041946;30;3;2023;20:40;5;80;80021;2;1;1;3;FUSILLES (BOULEVARD DES );49,90204;2,29922
202300041947;1;4;2023;21:10;3;80;80379;1;1;2;6;RN 25;49,8654;2,3738
202300041948;24;2;2023;14:30;1;973;97311;1;1;1;6;Rue des Bleuets;5,459724;-54,041448
202300041949;24;2;2023;03:30;5;971;97106;2;1;8;7;N2;16,159623;-61,774787
202300041950;2;4;2023;01:35;5;78;78126;2;3;1;3;JONCHERE (AVENUE DE LA);48,856414;2,144966
202300041951;23;2;2023;14:20;1;2B;2B313;2;1;1;1;Moriani Plage;42,367978;9,529567
202300041952;18;2;2023;02:45;3;2B;2B303;1;1;1;7;Alistro;42,257555;9,546776
202300041953;24;2;2023;11:30;1;66;66094;2;1;1;6;;42,6104643;2,995781
202300041954;4;4;2023;15:30;1;78;78440;2;1;1;3;CENTRE ESPACE;48,97945;1,91282
202300041955;24;2;2023;11:45;1;66;66037;2;1;1;6;;42,681547;3,031384
202300041956;24;2;2023;07:45;1;84;84028;1;1;1;1;D167;44,244707;4,911597
202300041957;5;4;2023;18:53;1;74;74281;2;1;1;2;GENEVE (AVE DE) JUSQUE CROISEE ANTHY;46,35523;6,44717
202300041958;20;2;2023;12:30;1;83;83053;1;1;1;1;d62;43,170131;5,898049
202300041959;23;2;2023;18:50;5;73;73213;1;1;1;6;D1006;45,563314;5,969058
202300041960;6;4;2023;20:30;5;69;69266;2;1;1;3;Pont Raymond Poincaré;45,78598;4,86025
202300041961;24;2;2023;16:00;1;42;42094;2;2;2;3;Rue du 8 mai;45,745072;4,222728
202300041962;5;4;2023;17:20;1;69;69264;2;1;1;6;124 Rue Bointon;45,99598543;4,72072352
202300041963;24;2;2023;16:50;1;31;31395;1;6;7;3;D15;43,460242;1,295586
202300041964;6;4;2023;05:53;2;69;69199;2;3;1;2;Rue du Midi;45,68867;4,86142
202300041965;21;2;2023;13:45;1;33;33227;2;1;1;3;Chemin de la Garenne;44,547359;-0,250034
202300041966;5;4;2023;19:10;2;67;67482;2;1;7;3;PIERRE PFLIMLIN (BOULEVARD);48,59944;7,77006
202300041967;22;2;2023;04:30;3;50;50099;1;1;1;6;D974;49,324066;-1,266775
202300041968;23;2;2023;15:07;1;35;35205;2;1;2;6;10 Rue Marechal Ferrant;48,413931;-1,625582
202300041969;6;4;2023;17:30;1;64;64483;2;1;1;6;ITHURRALDE ANDRE (AVENUE);43,39529;-1,64788
202300041970;23;2;2023;09:20;1;13;13028;1;1;1;1;A50-Sens Aubagne vers Toulon;43,20508;5,59063
202300041971;5;4;2023;07:50;1;64;64335;2;3;1;5;EUROPE DE L';43,33519;-0,45695
202300041972;23;2;2023;10:10;1;13;13022;1;1;1;2;A50-Sens Aubagne vers Toulon;43,211733;5,582499
202300041973;6;4;2023;00:20;5;64;64102;2;9;1;3;PONT SAINT FREDERIC;43,48811;-1,46032
202300041974;5;2;2023;15:00;1;83;83069;1;1;1;2;A570;43,11751699;6,1072526
202300041975;3;4;2023;16:10;1;63;63124;2;2;1;3;PONT (AVENUE DU);45,73526;3,20577
202300041976;21;2;2023;07:26;2;33;33013;1;1;1;2;ROUTE NATIONALE 230;44,85551;-0,50511
202300041977;6;4;2023;04:42;5;63;63113;2;2;1;3;ESTAING (RUE D') / av de la République;45,78747;3,10586
202300041978;5;4;2023;14:41;1;63;63113;2;2;1;6;ORADOU (RUE DE L');45,77366;3,09762
202300041979;23;2;2023;15:30;1;91;91161;1;1;1;3;AUTOROUTE A6;48,71031;2,30741
202300041980;5;4;2023;18:40;1;60;60057;2;1;1;6;Rue des Vignes;49,43335778;2,10375738
202300041981;23;2;2023;14:15;1;78;78545;1;1;1;2;A12 W;48,808936;2,054416
202300041982;5;4;2023;17:30;1;59;59646;2;1;1;6;GRAND COTTIGNIES (AVENUE DU);50,68102;3,13193
202300041983;23;2;2023;09:30;1;95;95018;1;1;2;6;A15;48,9585871;2,27405291
202300041984;6;4;2023;09:15;1;59;59350;2;2;2;3;BERTEAUX MAURICE RUE;50,62226;3,09653
202300041985;22;2;2023;19:45;4;95;95018;1;1;2;4;A15;48,9585871;2,27405291
202300041986;21;2;2023;12:55;1;75;75120;2;1;1;2;PORTE DE MONTREUIL;48,858133;2,41411
202300041987;30;8;2023;17:50;1;22;22278;2;1;1;3;BOUESSIERES (DES);48,525;-2,805
202300041988;22;2;2023;12:00;1;75;75116;2;2;8;2;RUE DE BOULAINVILLIERS;48,856391;2,274772
202300041989;4;4;2023;16:19;1;59;59227;1;1;7;1;LENINE WLADIMIR(RUE);50,35197375;3,29642297
202300041990;22;2;2023;21:40;5;75;75110;2;1;2;3;BOULEVARD DE LA CHAPELLE;48,883854;2,353321