Num_Acc;jour;mois;an;hrmn;lum;dep;com;agg;int;atm;col;adr;lat;long
202300041991;2;9;2023;00:30;5;13;13071;2;1;1;4;DARTY (MAGASIN) C/C BARNEOUD;43,41434;5,36062
202300041992;22;2;2023;08:20;1;75;75110;2;1;1;3;BOULEVARD DE LA CHAPELLE;48,883904;2,353316
202300041993;6;4;2023;13:10;1;58;58194;2;6;1;2;FONTAINE D'ARGENT (PLACE);46,99249;3,14831
202300041994;1;9;2023;11:30;1;13;13071;2;1;1;6;PAS DE LA MUE ( CHEMIN DU );43,40832;5,31667
202300041995;22;2;2023;18:15;5;75;75108;2;1;2;6;COURS LA REINE;48,86464183;2,31196225
202300041996;1;9;2023;19:30;5;13;13215;2;9;1;6;ALPHONSE CANOVAS (PLACE);43,37127327;5,35557288
202300041997;21;2;2023;08:35;1;94;94055;2;3;1;3;Avenue de Pince Vent;48,78948244;2,54892504
202300041998;1;9;2023;14:15;1;13;13207;2;1;1;3;Corniche John Fitzgérald Kennedy;43,27714;5,35716
202300041999;5;4;2023;16:40;1;58;58194;2;1;1;4;PONT DE LOIRE;46,98472;3,15799
202300042000;22;2;2023;17:15;1;93;93070;2;1;2;3;27 Avenue Gabriel Péri;48,90958018;2,33306453
202300042001;5;4;2023;17:50;1;57;57757;2;1;1;6;BORDEAUX (RUE DE);49,3592;6,21545
202300042002;1;9;2023;21:20;5;10;10387;2;2;1;3;CHAILLOUET RUE);48,30481;4,0838
202300042003;22;2;2023;10:50;1;93;93066;2;9;1;3;Avenue du Colonel Fabien;48,945266;2,351735
202300042004;5;4;2023;12:35;1;51;51454;2;3;1;2;rue Lecointre;49,26674;4,02159
202300042005;1;9;2023;17:50;1;10;10387;2;3;1;3;JEAN NESMY (RUE);48,29436;4,09063
202300042006;22;2;2023;08:20;1;93;93066;2;1;1;3;Avenue de Stalingrad;48,94686169;2,37115324
202300042007;5;4;2023;13:10;1;47;47323;2;1;1;6;FUMEL(AVENUE DE );44,406828;0,715016
202300042008;31;8;2023;20:54;5;10;10362;2;3;1;3;CAMILLE DESMOULMINS (RUE;48,3;4,04
202300042009;22;2;2023;14:40;1;93;93050;2;2;1;3;Avenue du General de Gaulle / Rue Marx Dormoy;48,857078;2,531388
202300042010;22;2;2023;20:14;5;93;93029;2;2;1;3;Avenue Henri Barbusse / Avenue Jean Jaurès;48,91984;2,45139
202300042011;6;4;2023;15:53;1;47;47201;2;4;1;2;MARNE (AV. DE LA);44,19396;0,59873
202300042012;31;8;2023;13:00;1;10;10081;1;2;1;3;OUEST (BD);48,3055;4,02558
202300042013;5;4;2023;15:53;1;45;45004;1;1;1;3;D2060 PR 26 + 990;47,985;2,760899
202300042014;1;9;2023;15:35;1;5;5061;2;1;1;6;JEAN JAURES ( AVENUE );44,55226;6,07154
202300042015;22;2;2023;18:55;5;92;92073;2;9;2;3;JAURES (AVENUE JEAN);48,86532679;2,20377946
202300042016;1;4;2023;18:30;1;44;44109;2;1;1;2;146 Boulevard des Anglais;47,22467;-1,58426
202300042017;22;2;2023;19:15;5;92;92076;2;1;2;7;LA CELLE SAINT CLOUD;48,84477;2,17305
202300042018;22;2;2023;11:15;1;92;92050;2;1;8;6;NORMANDIE ALLEE DE;48,90066;2,21756
202300042019;6;4;2023;16:25;1;43;43157;2;1;1;3;1 Avenue Charles Dupuy;45,0427;3,8892
202300042020;1;9;2023;16:30;1;75;75118;2;1;1;3;BD PERIPHERIQUE INTERIEUR;48,900646;2,331722
202300042021;22;2;2023;06:25;5;92;92012;2;1;1;6;GENERAL LECLERC (AVENUE DU) 1/33 - 2/58;48,83224881;2,238691
202300042022;22;2;2023;20:12;3;92;92004;1;1;1;6;DIX HUIT JUIN 40 ( RUE DU );48,9312121;2,27805108
202300042023;31;8;2023;10:25;1;75;75119;2;1;2;6;PORTE DES LILAS;48,880362;2,406296
202300042024;23;2;2023;08:00;2;11;11111;1;1;5;6;rte departementale 6113;43,208335;2,808847
202300042025;1;4;2023;14:30;1;42;42218;2;2;1;5;EVRARD FLORENT JUSQU'AUX Nø 87-112;45,42408;4,3752
202300042026;8;12;2023;11:00;1;14;14101;1;9;1;3;BRETTEVILLE SUR ODON (QUARTIER);49,1767;-0,42842
202300042027;23;2;2023;01:10;3;41;41252;1;1;1;6;autoroute A10;47,69;1,429
202300042028;6;4;2023;08:25;1;41;41018;2;1;1;3;CAMUS (RUE ALBERT);47,57637;1,30269
202300042029;23;2;2023;16:38;1;1;1189;1;1;1;6;D991;46,031069;5,77905
202300042030;1;9;2023;14:09;1;75;75119;2;5;1;6;RUE DE CRIMEE;48,893852;2,373414
202300042031;7;12;2023;11:35;1;13;13117;2;2;1;3;GLACIERE ( RUE DE LA );43,42321;5,24123
202300042032;23;2;2023;15:50;1;50;50159;1;1;1;6;Le Calenge;49,03719;-1,231002
202300042033;21;2;2023;08:15;1;51;51399;2;2;1;1;D84;49,123777;4,854192
202300042034;5;4;2023;12:00;1;38;38151;2;2;1;3;RUE HENRI WALLON;45,14489;5,7331
202300042035;1;9;2023;01:10;5;75;75115;2;3;1;3;RUE CAMBRONNE;48,842049;2,303077
202300042036;9;10;2023;17:00;1;13;13056;2;2;1;3;TURCAN FRANCIS;43,41168;5,04377
202300042037;22;2;2023;08:25;1;74;74236;1;1;1;1;1364 Avenue du mont paccard;45,902269;6,713068
202300042038;4;12;2023;16:45;5;13;13005;2;1;2;6;CANIERS (AVENUE DES);43,29066;5,59306
202300042039;6;4;2023;20:10;1;37;37261;2;2;2;1;MIRABEAU (PONT);47,39757;0,69945
202300042040;1;9;2023;15:15;1;75;75114;2;3;1;2;RUE D ALESIA;48,827805;2,32915
202300042041;22;2;2023;11:45;1;2A;2A008;1;1;1;7;D302;41,869369;8,855238
202300042042;6;4;2023;09:25;1;37;37261;2;1;1;6;FLORENCE (AVENUE DE);47,37484;0,73052
202300042043;8;12;2023;08:50;1;13;13019;1;1;3;2;D9;43,4714993;5,34223375
202300042044;31;8;2023;16:51;1;75;75114;2;2;2;6;AVENUE DE LA PORTE DE CHATILLON;48,822642;2,314834
202300042045;8;2;2023;15:20;1;2A;2A004;2;1;1;2;lieu dit SUARTELLO;41,947937;8,749473
202300042046;5;4;2023;17:25;1;37;37195;1;1;1;7;LA GRANGE DAVID (LIEU DIT);47,37463;0,6464
202300042047;7;12;2023;19:00;3;11;11069;2;1;1;2;N/A;43,22383;2,32706
202300042048;14;2;2023;15:15;1;80;80318;2;2;1;3;D1001;50,007648;2,088727
202300042049;31;8;2023;14:00;1;75;75114;2;7;2;2;RUE DU COMMANDANT RENE MOUCHOTTE;48,83741;2,318595
202300042050;5;4;2023;16:16;1;36;36159;2;1;1;7;33 Route du Petit Epot;46,76254105;1,70638651
202300042051;8;12;2023;17:20;5;10;10387;2;1;1;6;EMILE ZOLA (RUE);48,2956;4,07282
202300042052;23;2;2023;19:00;3;82;82081;1;1;2;6;D14;43,955537;1,102737
202300042053;6;4;2023;16:00;1;35;35238;2;1;1;6;VEZIN (ROUTE DE);48,11631;-1,71206
202300042054;1;9;2023;16:05;1;75;75111;2;3;1;6;RUE DE CHARONNE;48,854071;2,382657
202300042055;22;2;2023;22:10;3;11;11209;1;1;2;6;Route départementale 118;42,967006;2,260137
202300042056;6;4;2023;12:45;1;35;35238;2;1;1;6;BERNARD (CLAUDE);48,10281;-1,69441
202300042057;1;9;2023;16:47;1;75;75108;2;3;1;6;PONT DES INVALIDES;48,8639431;2,31039047
202300042058;16;2;2023;16:45;1;71;71248;1;2;1;3;D975;46,557329;4,95547
202300042059;7;12;2023;07:05;5;10;10325;2;9;1;1;VICTOR HUGO (RUE);48,26639;4,07067
202300042060;1;4;2023;12:42;1;34;34172;2;1;1;6;501 Avenue du Doyen Gaston Giraud;43,63424;3,84937
202300042061;22;2;2023;10:40;1;63;63268;1;1;2;6;Lieu Dit Maison Blanche;45,555271;3,17087
202300042062;29;8;2023;12:30;1;75;75108;2;2;1;7;AVENUE GEORGE V;48,868419;2,301146
202300042063;8;12;2023;07:35;5;6;6027;2;1;2;6;PLAGE BOULEVARD DE LA;43,6548109;7,1590613
202300042064;6;4;2023;19:22;1;33;33281;2;3;1;3;Avenue du Président-René-Coty;44,83708;-0,64923
202300042065;6;12;2023;15:15;1;6;6027;2;1;1;3;GAUDE AVENUE DE LA;43,6732;7,15171
202300042066;31;8;2023;15:26;1;75;75107;2;3;2;2;QUAI VOLTAIRE;48,859545;2,329284
202300042067;22;2;2023;21:15;3;63;63045;1;2;2;3;chez barrioux D223/D212;45,789874;3,4602
202300042068;8;12;2023;18:45;3;4;4112;2;1;8;6;DEPARTEMENTALE 4096;43,81043;5,78221
202300042069;5;4;2023;16:00;1;33;33192;2;3;1;3;Cours du Général de Gaulle;44,78626;-0,60494
202300042070;23;2;2023;11:10;1;76;76192;1;1;1;6;D925;50,023821;1,342534
202300042071;31;8;2023;09:54;1;75;75107;2;3;1;6;QUAI VOLTAIRE;48,859239;2,330217
202300042072;22;2;2023;13:20;1;49;49030;1;1;1;6;D206;47,364874;-0,050645
202300042073;8;12;2023;19:30;5;75;75118;2;1;1;2;BD PERIPHERIQUE INTERIEUR;48,900675;2,333095
202300042074;5;4;2023;08:15;1;33;33281;2;2;1;3;Avenue de l'Yser;44,84207;-0,66068
202300042075;1;9;2023;00:55;5;75;75104;2;3;2;6;RUE DES BLANCS MANTEAUX;48,858812;2,357364
202300042076;22;2;2023;19:00;5;49;49069;2;3;2;3;Rue du Four (St Laurent-des-Autels);47,282322;-1,177136
202300042077;7;12;2023;00:00;5;75;75112;2;1;1;7;ECHANGEUR BERCY;48,826886;2,391831
202300042078;1;9;2023;04:30;5;94;94078;2;3;1;6;Cité Henri Sellier;48,75303;2,4468
202300042079;23;2;2023;11:20;1;47;47100;1;1;2;3;RN21;44,255651;0,657077
202300042080;6;4;2023;08:00;1;31;31555;2;1;8;5;BD HENRI GAUSSEN;43,66501;1,43876
202300042081;23;2;2023;06:30;4;44;44037;1;1;8;6;les Landes;47,08911;-1,43127
202300042082;31;3;2023;15:50;1;30;30189;2;1;1;6;Rue Notre Dame;43,8397;4,3699
202300042083;1;9;2023;17:50;1;94;94068;2;2;1;3;Avenue de Sébastopol;48,79404097;2,50739336
202300042084;8;12;2023;14:40;1;75;75119;2;3;1;3;AVENUE DE FLANDRE;48,89132113;2,37788039
202300042085;23;2;2023;06:55;3;44;44045;1;1;1;2;41 la Moisonnais;47,316396;-1,81335
202300042086;6;4;2023;17:50;1;29;29019;2;1;1;2;place Albert Premier;48,397786;-4,48894
202300042087;8;12;2023;00:20;5;75;75119;2;9;3;6;PLACE AUGUSTE BARON;48,90101081;2,38818294
202300042088;23;2;2023;11:20;1;35;35184;1;1;1;1;D28 la ville es mary;48,19959009;-2,01113641
202300042089;29;8;2023;17:25;1;94;94068;2;2;1;3;Avenue Marie Louise;48,794881;2,518263
202300042090;6;4;2023;09:05;1;29;29019;2;2;2;3;rue de Portzmoguer;48,39384;-4,49596
202300042091;20;2;2023;19:00;2;29;29076;1;9;1;1;Lieu Dit Koatkeneg;48,437522;-4,599098
202300042092;8;12;2023;21:35;5;75;75117;2;4;1;2;AVENUE DE SAINT OUEN;48,887498;2,325572
202300042093;1;9;2023;09:45;1;94;94046;2;1;1;3;Avenue Léon Blum;48,80241834;2,43463562
202300042094;22;2;2023;07:40;1;38;38351;1;1;8;7;RD 522;45,530087;5,220351
202300042095;8;12;2023;09:30;1;75;75116;2;1;8;3;AVENUE KLEBER;48,869661;2,291887
202300042096;7;12;2023;21:30;5;75;75116;2;2;2;6;AVENUE KLEBER;48,864993;2,28867
202300042097;22;2;2023;20:00;3;38;38179;1;1;2;1;D524;45,16477;5,804756
202300042098;5;4;2023;08:15;1;27;27229;2;3;1;3;EULER (RUE);49,00279;1,13041
202300042099;1;9;2023;12:30;1;94;94038;2;3;1;2;Avenue du Général de Gaulle;48,78327;2,34545
202300042100;7;12;2023;06:00;5;75;75116;2;2;1;3;RUE MOLITOR;48,845343;2,257558
202300042101;6;4;2023;12:20;1;25;25388;2;9;1;6;HOLLANDE (RUE DE LA PETITE);47,50365;6,79453
202300042102;5;8;2023;05:21;5;94;94021;2;9;1;3;Av. de la Cité;48,75963;2,36519
202300042103;23;2;2023;14:50;1;6;6148;1;1;8;3;1019 Route de Vence;43,717991;7,07019
202300042104;7;12;2023;14:00;1;75;75114;2;4;8;6;AVENUE DU GENERAL LECLERC;48,828775;2,327709
202300042105;12;2;2023;10:50;1;73;73059;1;1;1;3;D991 - Route de Paris;45,73487969;5,89165238
202300042106;6;4;2023;17:35;1;22;22187;2;2;1;2;LEQUIER (Rue Jules);48,54172;-2,77764
202300042107;1;9;2023;16:45;1;94;94074;2;1;1;2;Chemin des Bassins;48,76556133;2,46654895
202300042108;8;12;2023;21:00;5;75;75109;2;1;1;7;BOULEVARD DES CAPUCINES;48,870816;2,333306
202300042109;5;4;2023;18:28;1;22;22113;2;9;1;2;RUSQUET (ROND POINT DU);48,75141;-3,44871
202300042110;21;2;2023;13:40;1;21;21579;1;3;1;3;D101K;47,604456;4,883165
202300042111;8;12;2023;10:40;1;75;75108;2;2;1;7;PLACE DE LA CONCORDE;48,86670198;2,32201052
202300042112;1;9;2023;17:30;1;94;94022;2;3;1;6;Rue Pasteur;48,76768;2,41755
202300042113;8;12;2023;09:35;1;75;75103;2;1;2;6;RUE BEAUBOURG;48,861796;2,353851
202300042114;22;2;2023;19:00;3;40;40287;2;1;2;3;Chemin de la Mole;44,482846;-1,054877
202300042115;31;8;2023;20:00;2;94;94022;2;1;2;5;Avenue du 8 Mai 1945;48,76794;2,41027
202300042116;5;4;2023;17:30;1;21;21166;2;1;1;2;Boulevard Maréchal Leclerc;47,29331672;5,01277091
202300042117;22;2;2023;23:40;3;87;87188;1;1;3;6;Chemin des Biches;45,856278;1,088422
202300042118;7;12;2023;20:40;5;75;75101;2;2;2;6;RUE ETIENNE MARCEL;48,864198;2,347607
202300042119;22;2;2023;18:25;2;49;49018;1;1;8;1;RD 938 PR 026+703;47,586252;-0,087976
202300042120;1;9;2023;17:20;1;93;93059;2;1;1;6;Boulevard Jean Mermoz;48,97352659;2,36594439
202300042121;5;4;2023;08:55;1;18;18279;1;1;1;1;N/A;47,271512;2,059514
202300042122;7;12;2023;10:15;1;75;75104;2;2;1;3;RUE SAINT ANTOINE;48,853454;2,367203
202300042123;6;4;2023;18:30;1;17;17291;1;1;1;3;112 PK RN137 JUSTICE ROCHEFORT;46,17196;-1,12105
202300042124;1;9;2023;14:50;1;93;93077;2;1;1;3;Route de Noisy;48,88301643;2,49594435
202300042125;8;12;2023;15:10;1;94;94067;2;3;1;6;Rue Poirier;48,84499534;2,41869164
202300042126;22;2;2023;17:26;1;6;6088;1;1;1;5;A8 PK 194.7 SENS FRANCE VERS L'ITALIE;43,716977;7,213533
202300042127;5;4;2023;18:50;1;13;13054;2;1;1;4;8 MAI 1945 (AV DU );43,41525;5,22415
202300042128;1;9;2023;16:00;1;93;93049;2;6;1;6;Place Jean Mermoz / Avenue du Maréchal Foch;48,861;2,50927
202300042129;22;2;2023;18:30;3;34;34172;1;1;3;7;A709, bretelle de sortie, sens MONTPELLIER NIMES, échangeur de MONTPELLIER Est;43,605412;3,932204
202300042130;8;12;2023;00:38;5;94;94080;2;3;3;3;Avenue de Paris;48,84536743;2,4306744
202300042131;31;8;2023;23:50;5;93;93005;2;1;2;6;Rue Eugène Delacroix;48,95333844;2,49903209
202300042132;6;4;2023;17:50;1;13;13203;2;2;1;3;NATIONAL (BOULEVARD);43,30784083;5,3816539
202300042133;23;2;2023;07:01;2;69;69013;1;1;1;5;Route Départementale 16;46,034044;4,715903
202300042134;3;4;2023;03:50;2;13;13216;1;1;1;6;ESTAQUE PLAGE;43,36039898;5,29852763
202300042135;12;9;2023;09:06;1;93;93001;2;1;1;3;Rue de la Haie Coq;48,90414785;2,37224489
202300042136;18;2;2023;20:45;3;73;73257;1;1;1;7;D96;45,46478256;6,52808726
202300042137;8;12;2023;18:00;5;94;94044;2;3;2;3;Rue Pasteur;48,74666;2,48879
202300042138;6;4;2023;15:15;1;13;13212;2;4;1;1;SAINT JEAN DU DESERT (chemin);43,298;5,436
202300042139;22;2;2023;23:49;3;974;97418;1;1;1;6;Route nationale 2;-20,902968;55,542079
202300042140;31;8;2023;15:20;1;92;92064;2;2;2;6;SILLY;48,84435908;2,21858561
202300042141;6;4;2023;14:00;1;13;13206;2;1;1;1;THÉODORE THURNER (BOULEVARD);43,29206383;5,38305557
202300042142;8;12;2023;16:10;1;94;94068;2;2;1;3;Rue Béranger;48,79259;2,49508
202300042143;22;2;2023;19:30;5;978;97801;2;1;1;5;R DE MORNE VALOIS;18,076031;-63,0784
202300042144;1;9;2023;15:10;1;92;92063;2;2;2;3;COLMAR (AVENUE DE);48,88714461;2,16963033
202300042145;6;4;2023;13:50;1;13;13208;2;1;1;6;MICHELET (BOULEVARD);43,26166499;5,39742849
202300042146;21;2;2023;21:58;3;95;95370;1;1;1;7;RD 28;49,15204867;1,97881301
202300042147;8;12;2023;08:15;2;94;94068;2;2;2;3;Boulevard de la Marne;48,79174;2,50363
202300042148;6;4;2023;08:15;1;13;13215;2;1;1;2;HENRI BARNIER (BOULEVARD);43,37338;5,35415
202300042149;1;9;2023;17:50;1;92;92062;2;9;1;3;PELLOUTIER (RUE FERNAND) DU 9 AU 17;48,88459806;2,23432159
202300042150;23;2;2023;09:45;1;84;84078;1;3;8;7;Chemin des Prés;44,243777;4,72131
202300042151;5;4;2023;18:30;1;13;13005;2;1;1;1;CONDAMINE (TRAVERSE DE LA);43,2951;5,56681
202300042152;9;2;2023;10:16;1;6;6157;2;9;7;6;Avenue Victor Tuby;43,723312;7,10691
202300042153;8;12;2023;09:00;1;94;94043;2;3;8;3;Rue de la Convention;48,81213;2,35683
202300042154;5;4;2023;20:00;2;10;10387;2;6;1;6;Rue du General Sarrail;48,3076;4,04347
202300042155;1;9;2023;09:55;1;92;92020;2;1;1;4;DE GAULLE CARREFOUR CHARLES;48,80074393;2,28340298
202300042156;22;2;2023;22:30;3;55;55531;1;1;8;6;D122;48,814176;5,031341
202300042157;23;2;2023;09:00;1;3;3265;1;1;1;7;D15;46,491243;3,751681
202300042158;8;12;2023;00:50;5;94;94041;2;9;2;6;Avenue de Verdun;48,81308;2,37084
202300042159;1;9;2023;17:45;1;92;92048;2;1;1;2;ROBERT SCHUMAN (AVENUE);48,78861513;2,23468646
202300042160;5;4;2023;19:00;1;10;10325;2;1;1;2;Route d'Auxerre;48,26479586;4,04082835
202300042161;23;2;2023;14:35;1;3;3286;1;1;1;6;RN7 - PK 025+000;46,487483;3,365303
202300042162;1;9;2023;17:00;1;92;92012;2;9;1;3;PONT DE BILLANCOURT (PLACE DU);48,82507;2,24837
202300042163;23;2;2023;01:35;4;73;73215;1;6;1;6;D925;45,452785;6,103098
202300042164;8;12;2023;20:50;5;94;94046;2;1;2;6;Rue du Plateau;48,804166;2,450819
202300042165;5;4;2023;12:15;1;10;10387;2;1;1;1;LOMBARDS (AVENUE);48,27806;4,06761
202300042166;1;9;2023;00:05;5;80;80016;2;1;1;6;Rue Jean Jaurès;49,999781;2,650988
202300042167;5;4;2023;08:10;1;10;10333;2;9;7;1;MONTESQUIEU (RUE DE);48,27647;4,06471
202300042168;7;12;2023;22:05;5;94;94011;2;1;3;2;Rue Pierre Sémard;48,76295;2,47976
202300042169;22;2;2023;16:15;1;38;38072;2;6;8;5;Rue de Revollon;45,319142;4,809464
202300042170;1;9;2023;17:36;1;17;17420;2;1;1;1;D109;46,082504;-1,078259
202300042171;6;4;2023;16:25;1;6;6069;2;1;1;1;SAINTE ANNE (CHEMIN, VIEUX CHEMIN ET PLA;43,648191;6,907589
202300042172;8;12;2023;07:40;3;94;94004;1;1;2;3;N19;48,75886;2,50149
202300042173;18;2;2023;22:02;3;22;22162;1;1;1;3;D786;48,764648;-3,03978
202300042174;8;12;2023;09:05;1;94;94002;2;6;2;3;Rue Victor Hugo;48,80447;2,41951
202300042175;18;2;2023;19:57;3;22;22086;1;1;1;3;1 Route du Reste;48,72674305;-3,03408131
202300042176;31;8;2023;17:30;1;31;31182;2;1;1;2;61 Route de Paris;43,672082;1,410064
202300042177;8;12;2023;09:00;1;93;93066;2;1;8;6;Rue du Landy;48,91539435;2,35622308
202300042178;6;4;2023;15:10;1;4;4112;2;1;1;4;POMPIDOU (AV.GEORGES);43,82239;5,78672
202300042179;8;12;2023;08:20;2;93;93055;2;3;2;3;Avenue Édouard Vaillant / Avenue de la Gare;48,8975;2,39934
202300042180;1;9;2023;17:00;1;974;97404;2;1;1;7;33 Avenue Raymond Barre;-21,267602;55,370867
202300042181;12;2;2023;19:46;5;59;59506;2;2;1;3;Rue Clemenceau;50,203605;3,533998
202300042182;8;12;2023;14:05;1;93;93051;2;1;8;1;Boulevard du Ru de Nesles;48,83455;2,58312
202300042183;6;4;2023;21:19;5;75;75118;2;1;1;2;PORTE D AUBERVILLIERS;48,90086;2,365712
202300042184;1;9;2023;14:00;1;1;1153;1;1;1;7;Route de Mury;46,310004;6,04763
202300042185;8;12;2023;12:28;1;93;93031;2;1;1;6;Rue du Chemin Vert;48,95795923;2,3210781
202300042186;2;9;2023;15:00;1;38;38566;1;1;1;7;D1092;45,320704;5,527089
202300042187;7;4;2023;22:50;5;75;75105;2;2;1;2;BOULEVARD SAINT GERMAIN;48,84945;2,354399
202300042188;8;12;2023;21:10;5;92;92062;2;1;1;3;DE DION BOUTON (QUAI) DU 1 AU 28;48,87484351;2,2377035
202300042189;6;4;2023;08:25;1;75;75120;2;3;2;6;RUE DES PYRENEES;48,871984;2,391882
202300042190;2;9;2023;02:10;3;85;85301;1;1;8;2;RD 160;46,83094;-1,10854
202300042191;8;12;2023;11:05;1;92;92050;2;1;1;2;COMMUNE DE PARIS AVENUE DE LA;48,89958367;2,19935529
202300042192;7;4;2023;03:30;5;75;75119;2;2;1;2;RUE ALEXANDER FLEMING;48,882004;2,402494
202300042193;8;12;2023;15:59;1;92;92044;2;1;1;2;CHARLES PASQUA(QUAI) 2 A 30;48,89863387;2,27796793
202300042194;2;9;2023;10:50;1;67;67414;2;4;1;6;Place du General de Gaulle;48,457037;7,207635
202300042195;7;4;2023;20:00;1;75;75118;2;3;1;3;RUE DE CLIGNANCOURT;48,8838;2,347021
202300042196;2;9;2023;08:15;3;65;65165;1;1;2;6;D77;43,040924;0,330437
202300042197;8;12;2023;00:56;5;92;92044;2;3;2;3;LOUISE MICHEL(RUE) 41+ ET 39+;48,88936087;2,28887647
202300042198;6;4;2023;23:00;5;75;75115;2;2;1;3;PLACE FERNAND FOREST;48,849356;2,281596
202300042199;31;8;2023;11:30;1;81;81101;1;9;1;3;Route Nationale 88;43,9911548;2,1746011
202300042200;8;12;2023;15:00;1;92;92036;2;4;1;2;PIERRE DE COUBERTIN PROLONGE;48,93622622;2,27939241
202300042201;6;4;2023;08:54;1;75;75107;2;3;2;2;PLACE ANDRE TARDIEU;48,851504;2,31398
202300042202;8;12;2023;12:30;1;92;92035;2;9;1;3;Auguste Buisson ( rue );48,9126625;2,2514981
202300042203;1;9;2023;17:10;1;11;11033;1;1;1;6;14 Avenue du Pont de l'Hers;43,200045;1,738485
202300042204;7;4;2023;17:55;1;75;75101;2;2;1;6;BOULEVARD DE SEBASTOPOL;48,858723;2,348342
202300042205;7;12;2023;18:55;5;92;92025;2;3;2;6;PAUL BERT (RUE);48,92563378;2,24745724
202300042206;1;9;2023;17:45;1;89;89133;2;1;1;3;223 Champ des Roches;47,993778;3,186015
202300042207;7;4;2023;11:05;1;75;75109;2;2;1;6;RUE DE CHATEAUDUN;48,875892;2,33989
202300042208;1;9;2023;16:27;1;63;63003;1;9;1;1;les chaux RD 996 route des pradeaux;45,53671267;3,77639501
202300042209;8;12;2023;16:00;1;92;92071;2;3;1;3;HOUDAN (RUE);48,77901214;2,28373826
202300042210;7;4;2023;09:50;1;94;94041;2;3;1;1;Quai Jules Guesde / Rue de la Baignade;48,80844;2,40775
202300042211;10;11;2023;19:10;2;92;92036;2;1;1;2;BAS ( RUE DES );48,9192375;2,29002786
202300042212;7;4;2023;14:00;1;94;94065;2;1;1;3;Avenue Charles Lindbergh;48,75423453;2,34791762
202300042213;30;8;2023;12:54;1;35;35040;1;1;1;3;route de l'abbaye;48,131768;-1,936529
202300042214;8;12;2023;22:54;3;35;35145;1;3;1;3;Le Chene Mort;47,717854;-1,87745
202300042215;7;4;2023;19:25;1;94;94033;2;7;1;1;Place Moreau-david;48,84388217;2,46485078
202300042216;1;12;2023;07:30;5;35;35236;2;4;1;6;18 Boulevard Bonne Nouvelle;47,653524;-2,075365
202300042217;2;9;2023;16:30;1;29;29113;1;1;1;1;D78;48,661858;-3,737454
202300042218;7;4;2023;08:40;1;94;94054;2;3;1;1;Rue Pierre Sémard / Voie du Bouvray;48,74704519;2,4187181
202300042219;8;12;2023;18:35;3;37;37160;1;1;5;1;RD73;47,570873;1,017834
202300042220;1;9;2023;16:45;1;38;38511;2;1;1;6;Parking de la Mairie;45,359519;5,950982
202300042221;7;4;2023;13:15;1;94;94060;2;1;1;2;Rue du Général de Gaulle;48,78084;2,57336
202300042222;9;12;2023;06:55;3;87;87183;1;2;3;6;La Vieille Crouzille;45,989925;1,327929
202300042223;7;4;2023;19:00;1;94;94017;2;3;1;3;Avenue Thérèse;48,81216;2,55865
202300042224;1;9;2023;18:25;1;38;38422;1;1;1;1;709 Route de Gieres;45,149256;5,826096
202300042225;8;12;2023;20:05;3;49;49092;1;2;2;3;D160;47,270239;-0,67104
202300042226;7;4;2023;15:00;1;94;94017;2;1;1;2;avenue Ambroise Croizat;48,814822;2,527585
202300042227;5;4;2023;15:40;1;94;94002;2;1;1;6;14 Rue Roger Mordrel;48,80665824;2,42211185
202300042228;9;12;2023;18:00;5;35;35308;2;3;6;6;Place de la Gare;48,446972;-1,91609
202300042229;2;9;2023;12:30;1;2;2433;1;4;1;1;N/A;49,670971;4,013641
202300042230;7;4;2023;18:10;1;92;92073;2;9;1;6;CROIX-DU-ROY (CARREFOUR DE LA);48,86170468;2,21237451
202300042231;9;12;2023;14:40;1;14;14061;1;2;9;3;D298;48,951275;-0,804405
202300042232;30;8;2023;22:45;5;84;84148;2;2;1;3;Chemin des Pierres;44,056661;5,231843
202300042233;7;4;2023;08:45;1;92;92077;2;6;1;6;Rue de Saint Cloud;48,8269;2,18852
202300042234;9;12;2023;00:15;3;30;30209;1;1;8;7;Chemin des Falaises;43,98057847;4,76179022
202300042235;1;9;2023;07:20;1;1;1069;1;1;1;6;D64;46,12247141;5,24042487
202300042236;7;4;2023;12:40;1;92;92063;2;6;1;3;REGNAULT (RUE HENRI);48,8594;2,18329
202300042237;8;12;2023;16:57;2;77;77239;1;2;8;3;Intersection D215/D209;48,657407;3,103251
202300042238;8;12;2023;16:00;2;76;76372;1;2;7;3;D929;49,751909;1,659429
202300042239;6;4;2023;16:15;1;92;92048;2;1;1;4;GARDES (ROUTE DES) N° 42 A 78;48,81874648;2,23161221
202300042240;1;9;2023;14:50;1;1;1133;1;6;1;3;CD 992;45,782572;5,769088
202300042241;9;12;2023;07:44;2;82;82149;1;1;2;1;D820;44,124502;1,491147
202300042242;6;4;2023;19:30;1;92;92036;2;6;1;6;PRINCIPALE DU PORT (ROUTE) (1/17);48,93598;2,26749
202300042243;8;12;2023;20:40;3;71;71282;1;1;2;6;D28;46,81091;4,385253
202300042244;7;4;2023;11:30;1;92;92026;2;1;1;2;ALMA;48,89670599;2,25368214
202300042245;9;12;2023;01:05;3;68;68006;1;1;2;6;d466;47,689067;7,199371
202300042246;1;9;2023;17:00;1;7;7027;1;1;1;6;D86;44,827096;4,809032
202300042247;7;4;2023;17:28;1;92;92023;2;2;1;1;HENRI BARBUSSE (AVENUE);48,81301422;2,25795597