Num_Acc;jour;mois;an;hrmn;lum;dep;com;agg;int;atm;col;adr;lat;long
202300042248;9;12;2023;05:48;5;68;68004;2;1;1;1;16 Rue Gilardoni;47,624435;7,239982
202300042249;1;9;2023;19:00;1;40;40122;1;1;1;2;CD 933 N/S;43,820858;-0,539961
202300042250;7;4;2023;12:15;1;92;92019;2;1;1;3;BOIS (AVENUE DU);48,77198;2,25406
202300042251;9;12;2023;00:40;3;29;29110;1;1;3;6;Croas Ar Stang;48,06452186;-3,93124404
202300042252;1;9;2023;23:55;3;17;17022;1;1;1;7;RD 150;45,877416;-0,523181
202300042253;9;12;2023;02:05;3;13;13036;1;1;1;1;D34;43,851674;4,84055
202300042254;7;4;2023;18:20;1;50;50167;2;1;1;2;Chemin Montois;48,724767;-1,52217
202300042255;8;4;2023;09:20;1;37;37024;2;1;1;6;3 Rue de la République;47,296182;0,213854
202300042256;8;12;2023;08:00;2;2;2185;1;1;2;1;D11;49,117106;3,184501
202300042257;2;9;2023;17:50;1;37;37234;1;3;1;3;pk 43 D31;47,232639;1,023467
202300042258;8;4;2023;15:00;1;2A;2A065;1;1;1;7;Route Départemnatle 81, lieu dit Rocca Marina;42,137063;8,616688
202300042259;9;12;2023;08:30;2;2;2397;2;1;3;6;Rue du 8 Mai 1945;49,719829;3,230683
202300042260;8;4;2023;03:09;5;6;6149;2;1;1;7;1 Avenue-jean-moulin;43,7454729;7,3246235
202300042261;2;9;2023;15:33;1;52;52121;1;1;1;7;rd 674;48,1295946;5,1947923
202300042262;8;12;2023;19:00;3;3;3073;1;1;8;1;D2009;46,473205;3,316087
202300042263;7;4;2023;11:25;1;84;84088;1;1;1;2;Grande Route de Carpentras;44,018624;5,051517
202300042264;1;9;2023;22:15;3;88;88351;1;1;1;7;D63;47,982475;6,445144
202300042265;26;2;2023;13:42;1;11;11307;1;1;6;2;D311;43,220283;2,869449
202300042266;8;12;2023;15:40;1;14;14739;2;3;8;7;28 Avenue du 6 Juin;49,34235;-0,51751
202300042267;8;4;2023;01:30;4;60;60260;1;1;1;6;D32;49,278466;2,940806
202300042268;8;12;2023;17:40;5;10;10034;2;3;1;3;Rue De La Treille;48,120035;4,383341
202300042269;8;4;2023;08:20;1;87;87025;1;1;1;6;Les Landes;45,750696;1,168574
202300042270;1;9;2023;19:45;1;24;24300;1;1;1;3;Voie des Crabenéades;44,778903;1,295266
202300042271;8;4;2023;16:00;1;62;62092;2;1;1;6;Rue Verte;50,282113;2,498488
202300042272;8;12;2023;07:50;3;28;28298;1;1;1;6;D26.1;48,569579;1,547527
202300042273;8;12;2023;14:50;1;17;17147;1;4;1;3;Rue du Minage;45,824852;-0,498269
202300042274;1;9;2023;07:40;1;987;98715;1;1;1;7;RDO;-17,552735;-149,593471
202300042275;7;4;2023;21:40;3;65;65138;1;1;1;5;Route de Pierrefitte;42,912466;-0,098201
202300042276;8;12;2023;17:50;3;37;37046;1;1;1;1;D764;47,275997;1,165195
202300042277;7;4;2023;23:15;3;63;63040;1;1;1;7;chemin de terre  entre Tinlhat et chas;45,734871;3,300769
202300042278;2;9;2023;06:15;3;47;47214;1;1;1;6;Autoroute A 62;44,341837;0,251613
202300042279;8;12;2023;21:08;3;30;30272;1;1;1;7;D999;43,98418269;3,68488338
202300042280;7;4;2023;10:30;1;12;12006;1;2;1;3;intersection D56/D25 - Lacapelle Farcel;44,141466;2,651197
202300042281;1;9;2023;17:20;1;74;74081;2;3;1;6;Rue du pré benevix;46,05918;6,581411
202300042282;7;4;2023;20:30;3;39;39399;1;1;2;6;N/A;46,972405;5,669203
202300042283;8;12;2023;17:25;3;38;38397;1;1;1;2;A41;45,228533;5,827968
202300042284;2;9;2023;06:40;1;51;51183;1;1;1;7;A26 PK 253;49,322178;3,984234
202300042285;7;4;2023;09:45;1;35;35207;1;1;5;5;Les Patissiaux;48,08162226;-1,4775297
202300042286;8;12;2023;07:50;5;45;45053;1;2;8;3;D50 PR 1 + 40;47,601468;2,766602
202300042287;1;9;2023;15:35;1;34;34032;1;1;1;2;Autoroute A9 PK 166.300 sens Montpellier-Espagne;43,304054;3,225195
202300042288;8;4;2023;11:15;1;29;29074;2;6;1;6;Rue des Genêts;48,489993;-3,996513
202300042289;8;12;2023;23:45;3;13;13058;1;1;1;7;2550 RD 17 dite Route de Mouriès;43,703538;4,832071
202300042290;1;9;2023;15:00;1;21;21684;1;1;1;2;Autoroute A31, PK 9;47,025484;4,873324
202300042291;8;4;2023;11:15;1;29;29174;1;3;1;3;Kerguelloux Vihan;47,928187;-4,278692
202300042292;8;12;2023;18:30;4;45;45144;1;3;1;3;99 Route de Darvoy;47,84090107;2,10211247
202300042293;7;4;2023;19:30;2;73;73162;1;1;1;1;D1090;45,605977;6,28154
202300042294;7;12;2023;12:55;1;4;4245;1;2;1;3;Chemin du Pont Vieux;43,873848;5,848991
202300042295;2;9;2023;14:15;1;77;77005;1;1;1;1;D418;48,905019;2,709731
202300042296;8;4;2023;09:50;1;18;18028;1;2;1;3;N/A;47,151567;2,284212
202300042297;1;9;2023;08:45;1;77;77388;2;3;2;2;Rue du 8 Mai 1945;48,961656;3,147529
202300042298;8;12;2023;16:15;1;10;10095;1;-1;1;3;Route Départementale 56;48,550642;4,142492
202300042299;8;4;2023;18:00;1;43;43224;1;1;1;7;Les Saint Martin;45,266279;4,261751
202300042300;8;4;2023;13:15;1;10;10005;2;3;1;7;Grande Rue;48,290857;4,515011
202300042301;8;12;2023;18:10;5;69;69171;2;3;2;3;Quai de la Brévenne;45,811178;4,599715
202300042302;2;9;2023;01:00;3;66;66190;1;1;1;5;N/A;42,842231;2,926238
202300042303;9;12;2023;07:30;3;85;85236;1;1;3;6;RD12;46,64354;-1,750214
202300042304;8;4;2023;18:15;1;21;21136;1;1;1;1;CD971;47,450784;4,762623
202300042305;1;9;2023;19:45;1;11;11190;1;1;1;7;N/A;43,255002;2,641804
202300042306;9;12;2023;08:10;3;60;60045;1;1;3;2;D134;49,224752;2,670987
202300042307;1;9;2023;20:00;2;68;68309;2;1;1;7;Rue Poincaré;47,660882;7,448639
202300042308;25;3;2023;22:15;3;85;85130;1;1;1;7;D948;46,787833;-1,701105
202300042309;8;12;2023;18:20;5;80;80212;2;1;1;3;Rue Gambetta;49,912733;2,515133
202300042310;2;9;2023;17:15;1;88;88512;2;3;1;6;Grande Rue;48,227514;6,634649
202300042311;8;12;2023;07:45;2;13;13001;1;1;3;2;A51-Sens Aix en Provence vers Marseille;43,51144213;5,42077028
202300042312;8;4;2023;20:45;1;85;85154;1;3;1;3;la croix renard;46,64255;-0,824066
202300042313;1;9;2023;17:45;1;54;54364;1;1;1;5;D331;48,599111;6,137714
202300042314;8;12;2023;06:30;3;13;13026;1;1;3;5;A55-Sens Martigues vers Marseille;43,40012173;5,09963791
202300042315;8;4;2023;12:30;1;85;85108;2;3;1;3;Rue de grasla;46,907261;-1,370209
202300042316;31;8;2023;17:45;1;26;26072;1;4;1;1;D109;45,127091;4,897896
202300042317;8;12;2023;07:25;2;13;13005;1;1;1;4;A501-Sens Pont de l'Etoile vers Aubagne;43,29224;5,55601
202300042318;8;4;2023;14:00;1;27;27437;1;1;1;6;Départementale 14 bis;49,311414;1,53564
202300042319;1;9;2023;09:10;1;17;17452;2;1;1;7;24 Avenue de la Côte de Beauté;45,789518;-1,159208
202300042320;7;4;2023;19:15;1;30;30266;2;1;1;6;route de saint sauveur;44,257837;4,289163
202300042321;8;12;2023;22:55;3;33;33366;1;1;1;4;AUTOROUTE A 10;45,00027784;-0,42682528
202300042322;1;9;2023;17:55;1;85;85178;1;9;1;2;RD 6;46,756594;-1,545663
202300042323;8;4;2023;15:30;1;8;8459;1;1;1;2;D981;49,655513;5,251583
202300042324;8;12;2023;16:15;1;33;33249;1;1;1;2;ROCADE A 630;44,8791;-0,53327
202300042325;8;12;2023;16:05;1;33;33192;1;1;1;6;ROCADE A 630;44,78921123;-0,62005699
202300042326;30;8;2023;17:00;1;14;14720;2;2;1;3;23 Rue du 7 Juin 1944;48,949594;-0,280366
202300042327;7;4;2023;17:45;1;973;97309;2;1;1;3;Avenue Cyprien Gildon;4,91805547;-52,2793799
202300042328;19;3;2023;17:50;1;34;34255;1;1;1;3;RD 986;43,676237;3,820581
202300042329;5;12;2023;09:25;1;59;59028;1;1;1;4;AUTOROUTE A21;50,41186;3,03391
202300042330;1;9;2023;11:30;1;22;22198;1;2;1;5;Route de l?Ile Grande;48,789511;-3,55163
202300042331;7;4;2023;17:25;1;38;38485;1;1;2;1;603 Route de Saint-nizier;45,171131;5,667036
202300042332;7;12;2023;19:00;3;59;59378;1;1;2;6;ROUTE DEPARTEMENTALE 652;50,68483;3,11117
202300042333;1;9;2023;14:30;1;35;35105;1;1;1;6;Lieu Dit la Haute Maison;48,113785;-1,155903
202300042334;6;4;2023;22:00;3;987;98724;1;1;1;7;District MAROE;-16,752;-150,997
202300042335;8;12;2023;08:00;2;91;91086;1;1;8;2;RN 104;48,62368;2,384
202300042336;1;9;2023;15:55;1;35;35194;1;2;1;6;lieu dit la ville en bois;48,14545;-1,25401
202300042337;8;4;2023;14:20;1;988;98817;2;3;1;2;RPS2;-22,241681;166,577113
202300042338;8;12;2023;08:05;2;91;91228;1;1;1;3;AUTOROUTE A6;48,61975;2,42602
202300042339;7;4;2023;15:12;1;972;97230;1;1;1;1;Route de la Moise;14,739177;-60,951473
202300042340;1;9;2023;16:45;1;76;76345;1;2;1;3;chemin départemental 8;49,591571;1,693037
202300042341;8;12;2023;18:00;3;92;92050;1;1;1;4;A86;48,91536269;2,22043859
202300042342;7;4;2023;19:45;1;45;45039;2;1;1;6;7 Route des Bordes;47,79689;2,38288
202300042343;2;9;2023;03:20;3;60;60451;2;1;1;6;Rue de Clermont;49,356722;2,394451
202300042344;8;12;2023;00:33;5;92;92063;1;1;2;6;A86;48,88652814;2,16549995
202300042345;6;4;2023;09:00;1;91;91038;2;1;2;2;23 Rue Saint Fiacre;48,485534;2,207957
202300042346;7;12;2023;19:37;3;78;78640;1;1;2;3;A86 INT;48,7784096;2,2081719
202300042347;8;4;2023;05:00;3;66;66227;1;1;1;6;D39;42,63660024;2,92869329
202300042348;2;9;2023;08:05;1;59;59036;2;1;1;6;Rue d'Aulnoye;50,131214;3,923927
202300042349;8;12;2023;11:10;1;93;93048;1;1;8;3;AUTOROUTE A3;48,87313;2,43576
202300042350;30;8;2023;23:10;3;13;13028;1;1;6;6;A50-Sens Toulon vers Aubagne;43,20591;5,59074
202300042351;8;4;2023;01:35;3;66;66208;1;1;1;4;D914;42,63217353;2,94197828
202300042352;31;8;2023;17:57;1;13;13043;1;1;1;4;A55-Sens Martigues vers Marseille;43,38575;5,23991
202300042353;8;12;2023;00:05;3;93;93066;1;1;3;4;AUTOROUTE A86;48,92231113;2,35858548
202300042354;7;4;2023;22:40;3;69;69009;1;1;1;6;2125 Route de Villefranche;45,956038;4,714999
202300042355;7;12;2023;22:40;5;93;93048;1;1;3;6;AUTOROUTE A3;48,87077;2,43171
202300042356;5;4;2023;17:30;1;9;9102;1;1;1;3;D119;43,072673;1,81648
202300042357;1;9;2023;16:48;1;91;91377;1;1;1;4;RD 188;48,72932;2,29635
202300042358;23;3;2023;16:58;1;31;31395;2;1;1;6;58 Avenue Jacques Douzans;43,46948;1,32941
202300042359;7;12;2023;23:30;3;95;95306;1;1;3;5;A15;49,00451;2,16732
202300042360;26;9;2023;21:45;5;91;91477;2;1;1;6;STALINGRAD (AVENUE DE);48,71723;2,25088
202300042361;8;4;2023;11:30;1;40;40182;1;2;1;1;D38;44,088799;-1,154224
202300042362;30;8;2023;22:00;4;94;94021;1;1;1;5;A6B;48,77137155;2,34509948
202300042363;8;4;2023;01:00;3;22;22001;1;1;1;6;Gaudin;48,316224;-2,872303
202300042364;30;8;2023;10:40;1;78;78217;1;1;1;6;A13;48,964934;1,819044
202300042365;7;10;2023;17:33;1;49;49246;2;3;1;3;GAULLE RUE CHARLES DE;47,42262;-0,52375
202300042366;8;4;2023;13:00;1;59;59477;2;1;1;3;Rue Guy Mollet;50,515248;2,909816
202300042367;1;9;2023;17:10;1;93;93027;1;1;1;3;AUTOROUTE A1;48,93677;2,4087
202300042368;1;9;2023;05:40;3;95;95582;1;1;1;6;A115;48,98024046;2,24094272
202300042369;6;4;2023;08:52;1;13;13212;1;1;1;4;A507 sens Marseille - Aubagne;43,29108;5,42426
202300042370;16;9;2023;09:40;1;13;13077;2;1;3;6;BONNET FERNAND (rue);43,40632;4,98621
202300042371;1;9;2023;02:10;3;93;93027;1;1;2;6;AUTOROUTE A86;48,92565743;2,40075946
202300042372;6;4;2023;09:57;1;13;13212;1;1;1;3;A507 sens Aubagne- Marseille;43,30348593;5,42520418
202300042373;5;1;2023;19:55;5;92;92048;2;9;2;7;GARDES (ROUTE DES) N° 42 A 78;48,81883008;2,23488986
202300042374;1;8;2023;15:45;1;71;71436;1;1;1;6;Pomenade Charles Winter;46,736464;4,484562
202300042375;7;4;2023;12:20;1;69;69152;1;1;1;4;Autoroute 450 ;45,69574;4,83231
202300042376;31;8;2023;23:00;3;93;93007;1;1;3;4;AUTOROUTE A3;48,94215817;2,47819483
202300042377;31;8;2023;18:30;1;95;95212;1;1;1;6;A1;49,02633;2,53647
202300042378;17;9;2023;22:15;3;66;66015;1;1;1;6;D40;42,571141;2,847235
202300042379;31;3;2023;05:50;3;69;69029;1;1;1;4;Autoroute 43 ;45,72469;4,92533
202300042380;31;8;2023;07:45;1;976;97611;2;1;1;6;cavani-Belle vue (rue);-12,78476;45,22272
202300042381;6;12;2023;20:50;5;988;98818;2;2;1;3;ROUTE DU PORT DESPOINTES/RUE BOUGAINVILLE;-22,27863;166,4511
202300042382;1;4;2023;16:15;1;69;69199;1;1;2;2;Route Départementale 383;45,70469;4,84397
202300042383;31;8;2023;21:00;3;974;97416;2;1;1;2;ASSISES (CHEMIN DES);-21,28943;55,46133
202300042384;7;4;2023;17:40;1;33;33318;1;1;1;2;ROCADE A 630;44,78816044;-0,63237906
202300042385;7;12;2023;15:30;1;974;97416;1;1;1;4;TROIS MARRE (CHEMIN);-21,29787;55,44208
202300042386;31;8;2023;19:20;3;974;97416;1;1;1;6;RN2 (1);-21,33674;55,48958
202300042387;31;8;2023;14:00;1;974;97411;2;6;1;7;JAURES (BLD 2 JEAN);-20,8936;55,47051
202300042388;7;12;2023;08:00;2;69;69388;2;1;1;3;Avenue Général Frère;45,72746108;4,88411173
202300042389;5;4;2023;15:25;1;33;33249;1;1;1;4;ROUTE NATIONALE 230;44,88333;-0,51258
202300042390;30;8;2023;08:00;1;974;97411;2;6;1;3;JAURES (BOULEVARD JEAN);-20,90253609;55,50305557
202300042391;6;4;2023;13:00;1;59;59350;1;1;2;6;AUTOROUTE A1;50,62158;3,08268
202300042392;7;12;2023;16:37;1;972;97213;1;1;1;2;ROUTE DEPARTEMENTALE 15;14,62799;-61,00838
202300042393;31;8;2023;09:00;1;974;97407;2;3;1;6;VERDUN (BOULEVARD);-20,9391141;55,29605404
202300042394;7;4;2023;19:47;1;94;94034;1;1;1;2;A86;48,75895409;2,32434215
202300042395;7;12;2023;08:45;1;972;97213;1;1;1;1;PELLETIER (ROUTE DE);14,65696;-60,9764
202300042396;31;8;2023;17:44;1;69;69388;2;1;1;3;Route de Vienne;45,73373;4,85334
202300042397;7;4;2023;17:21;1;94;94021;1;1;1;3;A6A;48,77124963;2,34563824
202300042398;6;12;2023;11:00;1;972;97213;1;1;1;7;ROUTE DEPARTEMENTALE 15;14,61243;-61,00499
202300042399;30;8;2023;20:40;3;972;97213;1;1;1;7;BOIS CARRE (RUE DU);14,63657;-60,99454
202300042400;7;12;2023;11:05;1;972;97209;1;9;1;6;Carrefour de la Meynard;14,63384;-61,03559
202300042401;30;8;2023;20:45;5;972;97213;1;1;1;7;BOIS CARRE (RUE DU);14,63256;-60,99474
202300042402;7;4;2023;13:30;1;91;91235;1;1;1;4;RN 104;48,62494;2,36305
202300042403;6;12;2023;18:45;5;972;97209;2;9;1;6;SALVADOR ALLENDE (AVENUE);14,61033;-61,04736
202300042404;30;8;2023;17:30;1;972;97209;2;3;1;3;LEOPOLD SEDAR SENGOR (AVENUE);14,61358;-61,04681
202300042405;7;4;2023;10:53;1;91;91687;1;1;1;2;AUTOROUTE A6;48,66287;2,36782
202300042406;10;10;2023;08:40;1;972;97209;2;7;1;6;GENERAL DE GAULLE (BLD DU);14,60712;-61,0671
202300042407;30;8;2023;21:30;3;972;97209;1;1;1;6;RD 41 (ROCADE);14,61117;-61,081
202300042408;8;12;2023;01:50;5;69;69381;2;1;2;7;Quai André Lassagne;45,76932;4,83787
202300042409;7;4;2023;08:47;1;91;91340;1;1;1;3;RN 104;48,60893;2,43792
202300042410;31;8;2023;18:15;1;69;69034;2;2;1;3;Route de Strasbourg;45,79127;4,8608
202300042411;7;12;2023;06:42;1;971;97113;2;1;1;6;MONTAUBAN (SECTEUR);16,21523;-61,50234
202300042412;31;8;2023;08:45;1;2A;2A004;2;1;1;1;MEZZAVIA ROUTE DE;41,94746855;8,7733984
202300042413;31;8;2023;17:20;1;95;95539;2;1;2;3;D125;48,99397427;2,33713746
202300042414;30;8;2023;19:45;1;95;95585;2;9;8;6; PIERRE BROSSELETTE (RUE);48,99254873;2,37568885
202300042415;3;12;2023;18:40;5;971;97113;1;4;1;1;Route de Cocoyer;16,24176;-61,48437
202300042416;7;12;2023;21:00;5;95;95280;2;1;3;6;GARE (AVENUE DE LA);49,01707522;2,46823043
202300042417;31;8;2023;17:50;1;95;95277;1;6;3;3;D370;48,97711626;2,45679617
202300042418;31;8;2023;06:50;1;95;95277;1;1;1;6;D170;48,97802702;2,43694782
202300042419;6;12;2023;13:50;1;95;95277;1;2;1;3;D370;48,97395314;2,4606961
202300042420;31;8;2023;17:35;1;91;91201;2;1;2;6;RUE DE L ABBE BELLANGER;48,68615;2,41022
202300042421;6;12;2023;18:55;5;95;95607;2;9;1;6;D409;49,02886;2,20853
202300042422;8;12;2023;01:00;5;95;95555;2;1;2;6;MARECHAL FOCH (BOULEVARD DU);48,96289647;2,29215682
202300042423;30;8;2023;21:19;5;87;87114;2;3;1;3;BLUM (AVENUE LEON-);45,83237;1,30365
202300042424;7;12;2023;17:00;2;95;95428;2;1;2;1;D124;48,99050379;2,32129811
202300042425;30;8;2023;17:35;1;83;83137;2;1;1;3;ROOSEVELT (AVE FRANKLIN);43,1202;5,93943
202300042426;7;12;2023;18:30;5;91;91657;2;3;1;3;RUE DE LA SOURCE;48,692639;2,435071
202300042427;21;3;2023;08:30;1;80;80725;1;1;1;5;RUE DU FOND LAGACHE;49,87336;2,271
202300042428;7;12;2023;08:45;1;91;91027;2;2;1;3;RTE DE MONTLHERY;48,696849;2,369293
202300042429;12;8;2023;20:20;1;78;78335;2;3;1;6;AVENUE DE LA SOURCE;48,999256;1,74198
202300042430;6;12;2023;16:21;1;87;87085;2;1;1;6;PUY LAS RODAS (RUE DU);45,82875;1,23243
202300042431;31;8;2023;01:40;3;77;77143;1;1;1;7;D405;48,98795;2,88446
202300042432;6;12;2023;08:27;1;84;84007;2;1;1;2;SAINTE CATHERINE-MONTFAVET;43,92642;4,87558
202300042433;30;8;2023;17:43;1;77;77111;2;1;1;1;BD DU GRAND FOSSE;48,86077;2,76583
202300042434;5;12;2023;15:25;1;84;84007;1;9;1;2;A7D;43,89166;4,91641
202300042435;31;8;2023;13:50;1;76;76575;2;1;2;2;Rue Julian Grimau;49,38989;1,09407
202300042436;31;8;2023;13:55;1;76;76681;2;7;2;2;Pl des Martyrs de la Resistance;49,41984344;1,07828289
202300042437;31;8;2023;15:00;1;76;76217;2;6;2;3;REPUBLIQUE (AVENUE DE LA);49,92526089;1,10106289
202300042438;30;8;2023;16:30;1;69;69282;2;1;1;7;Rue Claude Curtat;45,75988;5,00242
202300042439;7;12;2023;11:10;1;77;77296;2;3;1;3;ALL EDOUARD BRANLY;48,610127;2,586293
202300042440;31;8;2023;15:25;1;69;69264;2;1;1;6;Route de Frans;45,9845;4,73693
202300042441;7;12;2023;21:02;5;72;72181;2;1;2;1;PRESLE (CHEMIN DE LA);48,0172;0,17207
202300042442;31;8;2023;12:00;1;69;69259;2;1;1;2;Boulevard Irène Joliot Curie;45,71117549;4,88223987
202300042443;30;8;2023;10:50;1;69;69259;2;1;1;2;Avenue Viviani;45,72449;4,87094
202300042444;6;12;2023;18:30;5;72;72181;2;9;1;2;DEMORIEUX PT DE FER AU PT DE CHEM DE FER;47,9993;0,18957
202300042445;7;12;2023;19:30;2;71;71306;2;3;2;6;LUCY (RUE DE);46,66346943;4,34969679
202300042446;30;8;2023;23:15;5;66;66136;2;6;1;3;BALEARES ROND POINT ET CITE DES;42,68848;2,89502
202300042447;31;8;2023;06:03;3;65;65286;2;1;1;4;Avenue Alexandre Marqui;43,10069389;-0,04486573
202300042448;6;12;2023;18:55;2;71;71486;2;1;1;3;CAMILLE BLANC (RUE);46,65665;4,37121
202300042449;30;8;2023;15:00;1;64;64284;2;1;8;4;RAUSKI;43,27714;-0,38808
202300042450;6;12;2023;17:50;2;71;71306;2;1;2;6;MARECHAL LECLERC (AVENUE DU);46,68294274;4,37352491
202300042451;31;8;2023;11:25;1;64;64102;2;1;1;2;KOENIG (RUE MARECHAL);43,48551;-1,491644
202300042452;30;8;2023;17:50;1;64;64024;2;3;1;6;BARRE (PROMENADE DE LA);43,50826;-1,52231
202300042453;23;8;2023;08:20;1;62;62498;2;1;1;1;Rue des Poissonniers;50,45582084;2,82522279
202300042454;7;12;2023;11:16;1;71;71475;2;2;8;3;EUROPE (AVENUE DE L');46,76454;4,83289
202300042455;30;8;2023;17:50;1;61;61006;2;6;1;3;D238A;48,74136;-0,02152
202300042456;6;12;2023;15:05;1;69;69266;2;1;8;3;Route de Genas;45,75416754;4,89059898
202300042457;30;8;2023;05:55;5;61;61001;2;6;2;3;D112;48,43883;0,08327
202300042458;7;12;2023;09:30;1;69;69264;2;1;1;6;Rue Condorcet;45,98198;4,73447
202300042459;31;8;2023;20:10;2;59;59599;2;3;2;3;PARIS (RUE DE);50,72298941;3,14455895
202300042460;6;12;2023;17:10;5;69;69290;2;1;1;6;Boulevard André Boulloche;45,72011;4,92404
202300042461;31;8;2023;15:10;1;59;59220;2;1;2;3;LECLERCQ AVENUE DU GENERAL.;50,59106;3,08465
202300042462;31;8;2023;23:00;5;59;59183;2;2;2;3;BERTEAUX MAURICE - AVENUE;51,02603;2,35202
202300042463;30;8;2023;17:20;1;59;59227;2;1;1;1;LENINE WLADIMIR(RUE);50,35855;3,30046
202300042464;6;12;2023;14:00;1;69;69259;2;1;1;6;Avenue Jacques Duclos;45,69781;4,89302
202300042465;6;12;2023;10:30;1;69;69290;2;2;1;3;Chemin de Genas;45,71463;4,95961
202300042466;30;8;2023;18:25;1;56;56121;2;3;1;3;FERRY ( PL. JULES );47,745844;-3,36379
202300042467;30;8;2023;08:32;1;56;56036;2;1;2;7;TOUL DOUAR (LIEU-DIT);47,7944;-3,30455
202300042468;1;12;2023;21:00;3;69;69091;1;1;3;3;Route de Rive-de-Gier;45,58578436;4,75112184
202300042469;30;8;2023;16:39;1;54;54528;2;3;1;3;Rue Muid des Bles;48,67449;5,88949
202300042470;6;12;2023;17:20;5;67;67482;2;3;1;3;ROMAINS (ROUTE DES);48,58016;7,71896
202300042471;30;8;2023;09:25;1;54;54526;2;9;1;1;Place Francois Mitterrand;48,688383;6,20961
202300042472;6;12;2023;17:20;5;67;67043;2;1;1;7;ENERGIE (RUE DE L );48,62828;7,76787
202300042473;31;8;2023;17:04;1;54;54575;1;1;1;1;D125;49,4594;5,86083
202300042474;6;12;2023;17:05;2;64;64545;2;3;1;3;PAUL GELOS (RUE);43,37796;-1,67243
202300042475;31;8;2023;07:25;1;51;51454;2;2;1;3;GERUZEZ (RUE);49,26388;4,01797
202300042476;6;12;2023;13:35;1;64;64102;2;1;1;2;SOULT (AVENUE MARECHAL);43,48581;-1,49081
202300042477;30;8;2023;08:30;1;51;51573;2;1;8;3;PERI (RUE GABRIEL);49,24578;3,99752
202300042478;6;12;2023;12:15;1;64;64102;2;1;1;2;LABOURD (PONT DU);43,48608;-1,4748
202300042479;28;8;2023;20:15;1;50;50129;2;2;1;3;SALENGRO (RUE ROGER);49,62914;-1,64085
202300042480;30;8;2023;21:19;1;49;49007;2;1;1;6;EUROPE PLACE;47,48783;-0,52683
202300042481;6;12;2023;07:55;2;64;64024;2;1;1;7;PARC BELAY (PROMENADE);43,47713;-1,51949
202300042482;30;8;2023;16:28;1;49;49007;2;1;1;2;DOYENNE BOULEVARD ET PASSAGE;47,49036;-0,53269
202300042483;7;12;2023;08:00;1;63;63063;2;2;1;6;PONT DE L AGAGE (RUE DU);45,8303492;3,1023851
202300042484;30;8;2023;08:00;1;49;49007;2;1;2;6;JEANNETEAU;47,4946;-0,5524
202300042485;6;12;2023;14:20;1;62;62510;2;1;1;6;D58;50,42294025;2,77720195
202300042486;31;8;2023;16:30;1;45;45302;2;6;2;7;Rue Paul Langevin;47,9604;1,88077
202300042487;7;12;2023;13:30;1;62;62048;2;1;8;6;Rue Florent Evrard;50,50268838;2,4784888
202300042488;30;8;2023;16:25;1;43;43251;2;9;1;7;Route du Carmel;45,02067;3,87134
202300042489;7;12;2023;18:20;5;59;59291;2;9;8;6;MARECHAL FOCH (AVENUE DU);50,25465332;3,90817085
202300042490;31;8;2023;21:05;3;37;37261;2;1;3;6;STRAUSS (RUE JOHANN);47,3677;0,71052
202300042491;31;8;2023;08:46;1;37;37261;2;1;1;7;HEURTELOUP (BOULEVARD);47,3911;0,6948
202300042492;7;12;2023;23:00;5;59;59350;2;1;2;1;MARCHE RUE DU;50,62545;3,05212
202300042493;31;8;2023;06:55;2;37;37214;2;1;1;6;DE GAULLE (BD CHARLES);47,42085;0,66157
202300042494;7;12;2023;22:50;3;59;59350;2;1;3;6;CHATEAU D'ISENGHEIN RUE DU;50,65201;2,98654
202300042495;31;8;2023;08:45;1;35;35238;2;3;2;6;ROPARTZ (GUY);48,13123055;-1,65677637
202300042496;7;12;2023;09:30;1;59;59350;2;1;8;3;SEINE RUE DE LA;50,61251;3,05789
202300042497;31;8;2023;08:40;1;34;34172;2;6;1;6;CHENAIE (RUE DE LA);43,63552;3,8684
202300042498;31;8;2023;14:00;1;34;34032;2;2;1;1;FONT-NEUVE (PLACE DE LA);43,35315;3,21857
202300042499;6;12;2023;12:10;1;59;59220;2;9;7;3;Rue de l'Égalite;50,58247;3,08239
202300042500;30;8;2023;15:00;1;34;34032;2;1;1;2;PECH HENRI (AV);43,35323;3,22473
202300042501;1;9;2023;00:10;5;33;33063;2;2;1;3;Rue Emile Fourcand;44,84721;-0,58404
202300042502;7;12;2023;04:25;4;56;56121;2;6;2;7;BASE DE SOUS-MARINS ( RD PT DE LA );47,73586;-3,37444
202300042503;25;8;2023;10:25;1;33;33063;2;3;1;3;Rue du Tauzin;44,82082;-0,60203
202300042504;30;8;2023;17:25;1;31;31149;2;6;1;3;CATCHERE (ALLEE DE);43,612365;1,318076
202300042505;8;12;2023;20:20;5;54;54528;2;3;1;2;Av du Pdt J Fitzgerald Kennedy;48,69661;5,89502
202300042506;30;8;2023;09:35;1;30;30243;1;2;1;3;montée des cyprés ;44,09591;4,08008
202300042507;31;8;2023;17:15;1;29;29232;2;1;1;2;Allée de Meilh Stang Vihan;48,010644;-4,102353
202300042508;6;12;2023;08:00;1;50;50218;2;1;1;6;MATIGNON (AV DES);48,83794;-1,57293
202300042509;31;8;2023;08:40;1;29;29039;1;1;2;7;Rue de Colguen;47,90160773;-3,90860942
202300042510;6;12;2023;08:00;5;50;50218;2;1;1;6;LYCEES (RUE DES);48,83067;-1,53893
202300042511;30;8;2023;18:50;1;29;29019;2;9;1;1;rue de l'Eglise;48,38223;-4,50205