Num_Acc;jour;mois;an;hrmn;lum;dep;com;agg;int;atm;col;adr;lat;long
202300042512;31;8;2023;16:44;1;27;27701;2;1;1;4;avenue des métiers;49,24469;1,17354
202300042513;30;8;2023;11:20;1;27;27229;2;1;1;6;PANNETTE (RUE DE);49,0208;1,14771
202300042514;6;12;2023;07:00;5;50;50129;2;2;1;3;BARBUSSE (RUE HENRI);49,61793;-1,65189
202300042515;26;8;2023;16:45;1;24;24557;1;1;1;1;AUTOMOBILE (AVENUE DE L');45,19802;0,7904
202300042516;31;8;2023;15:45;1;17;17306;2;1;1;6;GARE (DE LA);45,62569;-1,01734
202300042517;7;12;2023;07:24;5;49;49007;1;6;1;3;GOURONNIERES;47,48348;-0,57568
202300042518;31;8;2023;11:45;1;15;15012;1;1;1;7;R 358;44,857868;2,447646
202300042519;6;12;2023;17:35;2;49;49007;2;1;5;6;PASTEUR AVENUE;47,47175;-0,54273
202300042520;31;8;2023;09:35;1;13;13054;2;6;7;3;MARECHAL JUIN (AV DU );43,4199;5,225
202300042521;31;8;2023;02:15;3;13;13103;1;1;1;7;AVENUE DE LATTRE DE TASSIGNY-RD 17-;43,6716;5,07443
202300042522;30;8;2023;17:55;1;7;7281;2;3;1;3;GROSS-UMSTADT (AVENUE DE);44,94038231;4,86387223
202300042523;6;12;2023;17:55;5;45;45234;2;3;1;3;54 Quai de la Madeleine;47,89801;1,87938
202300042524;31;8;2023;16:35;1;7;7019;1;1;1;4;RN 102;44,63434922;4,37960974
202300042525;8;12;2023;00:20;5;44;44143;2;1;2;6;29 Rue Aristide Nogue;47,17999;-1,53842
202300042526;31;8;2023;12:00;1;7;7019;1;1;1;2;RN 102;44,63474;4,3795
202300042527;7;12;2023;16:15;2;37;37122;2;1;2;4;CHINON (BOULEVARD DE);47,35141;0,68156
202300042528;7;12;2023;13:00;1;37;37261;2;1;1;6;LESSEPS (ALLEE FERDINAND DE);47,36674;0,67851
202300042529;7;12;2023;08:15;5;35;35238;2;6;2;6;PAYS-BAS (AVENUE DES);48,08672;-1,66102
202300042530;31;8;2023;16:25;1;6;6159;2;3;1;3;PRINCESSE GRACE DE MONACO (AVENUE);43,70148;7,30661
202300042531;7;12;2023;08:30;5;35;35115;2;6;2;3;MITTERAND (AVENUE FRANCOIS);48,351808;-1,200632
202300042532;31;8;2023;21:05;1;6;6069;2;1;1;6;CHAPELLE SAINT ANTOINE (CHEMIN DE LA);43,644149;6,93083
202300042533;7;12;2023;13:40;1;34;34172;2;1;1;1;POMPIGNANE (AVENUE DE LA);43,61357;3,89826
202300042534;31;8;2023;10:00;1;6;6029;2;1;1;6;MURIERS (AVENUE DES);43,55401;6,96921
202300042535;6;12;2023;22:20;3;34;34032;2;1;1;3;GALINIER HENRI (AV);43,34131;3,18345
202300042536;19;8;2023;05:25;3;4;4112;1;1;1;7;SERRETS (AV.DES);43,81664;5,77244
202300042537;7;12;2023;17:40;3;33;33075;1;1;3;1;Boulevard Jacques Chaban-Delmas;44,89639;-0,58637
202300042538;27;8;2023;00:15;3;2;2408;1;1;1;6;N/A;49,5499;3,59562
202300042539;7;12;2023;18:30;5;33;33063;2;1;3;3;Boulevard du Président Wilson;44,84352;-0,59946
202300042540;7;12;2023;15:00;1;33;33063;2;1;2;6;Rue Lucien Faure;44,8657;-0,56057
202300042541;31;8;2023;08:40;1;1;1283;2;3;8;3;GUYNEMER;46,255023;5,636018
202300042542;6;12;2023;11:30;1;33;33550;2;1;1;3;TOULOUSE (RTE DE);44,79759014;-0,5686833
202300042543;6;12;2023;19:30;5;33;33162;2;3;1;3;Avenue du Médoc;44,8911;-0,6578
202300042544;4;10;2023;08:17;1;51;51569;1;1;7;4;N31;49,26492;3,932848
202300042545;3;10;2023;15:45;1;51;51030;2;1;8;7;D1;49,050164;4,01001
202300042546;7;12;2023;23:10;5;31;31555;2;2;3;1;AV DE LARDENNE;43,593653;1,391763
202300042547;6;9;2023;01:00;3;51;51029;2;6;1;6;350 Avenue de Mazagran;48,975165;4,027778
202300042548;7;12;2023;13:30;1;31;31555;2;1;1;4;NARBONNE (ROUTE DE);43,560964;1,462732
202300042549;3;10;2023;12:35;1;59;59546;2;1;1;3;RD 916;50,778671;2,549464
202300042550;31;8;2023;04:44;5;75;75101;2;2;1;6;RUE DE RIVOLI;48,866362;2,323471
202300042551;6;12;2023;17:35;2;31;31555;2;1;1;3;ALL DE BELLEFONTAINE;43,56424355;1,40222535
202300042552;1;10;2023;00:30;3;79;79120;1;6;1;7;N/A;46,654164;-0,090036
202300042553;21;9;2023;16:27;1;2B;2B110;1;1;1;6;CD 39;42,293981;9,274124
202300042554;5;12;2023;06:50;5;30;30189;2;4;1;3;PAINLEVE PAUL (RUE);43,8366;4,3726
202300042555;7;12;2023;10:45;1;29;29232;2;1;3;6;Rue Francois le Guiner;47,986295;-4,07951
202300042556;3;10;2023;09:10;1;81;81290;1;2;8;3;Chemin de la Chanade;44,025309;1,963044
202300042557;4;10;2023;14:50;1;89;89263;1;3;1;3;Départementale 84;47,862586;3,578281
202300042558;6;12;2023;18:05;5;29;29019;2;3;1;3;183 rue de Gouesnou;48,418412;-4,467763
202300042559;3;10;2023;17:10;1;63;63170;1;1;1;6;D61;45,864777;2,763255
202300042560;4;12;2023;16:10;1;29;29019;2;6;2;3;rond-point des Grèbes;48,38918;-4,45805
202300042561;7;12;2023;18:15;5;27;27681;2;2;2;3;AZEMIA (BOULEVARD GEORGES);49,07791;1,49265
202300042562;3;10;2023;13:00;1;63;63010;1;3;1;5;RD906 / chemin de la Dolore;45,441442;3,723925
202300042563;6;12;2023;21:20;3;27;27234;1;1;1;2;RN 154;49,037789;1,185944
202300042564;3;10;2023;19:40;1;49;49223;2;1;1;2;4bis Route de Nantes;47,402296;-0,530804
202300042565;12;1;2023;17:00;2;93;93051;2;1;1;6;Avenue Emile Cossonneau;48,84887;2,5532
202300042566;6;12;2023;18:33;5;25;25388;2;2;8;1;THOUROT (RUE FREDERIC);47,51692;6,79141
202300042567;4;10;2023;17:10;1;46;46232;2;9;1;1;route de martel;44,9949;1,644752
202300042568;11;1;2023;22:10;5;93;93048;2;2;1;6;Boulevard Aristide Briand / Boulevard de la Boissière;48,87824;2,45752
202300042569;3;10;2023;12:41;1;46;46169;1;9;1;6;d673;44,71052748;1,32979942
202300042570;7;12;2023;08:00;1;25;25056;2;2;1;3;FLEMING BOULEVARD;47,22553;5,96545
202300042571;7;12;2023;17:35;5;24;24037;2;1;3;6;MONTAIGNE(BOULEVARD);44,85583;0,48406
202300042572;3;10;2023;16:10;1;47;47285;1;4;1;7;781 Chemin de Bouchon;44,451547;0,10819
202300042573;12;1;2023;22:30;5;93;93031;2;3;2;1;Rue du Commandant Louis Bouchet / Allée des Platanes;48,95286;2,3235
202300042574;7;12;2023;05:20;3;22;22360;1;1;1;6;RN12;48,49157;-2,72283
202300042575;3;10;2023;08:20;1;68;68270;2;1;7;6;39 Rue Principale;47,778884;7,284708
202300042576;12;1;2023;12:45;1;93;93029;2;1;2;6;Rue Roger Salengro;48,916483;2,436201
202300042577;4;12;2023;08:22;2;18;18033;1;2;8;4;N/A;47,0458;2,420898
202300042578;12;1;2023;16:00;1;93;93001;2;1;1;6;Avenue Victor Hugo;48,907;2,376
202300042579;2;10;2023;15:01;1;25;25024;1;1;1;4;départementale 437;46,954686;6,400824
202300042580;5;12;2023;17:39;4;18;18033;2;1;1;6;112 Avenue de Lattre de Tassigny;47,09805;2,41719
202300042581;7;12;2023;14:30;1;17;17306;2;2;2;6;MERIOT HENRI;45,62762;-1,03034
202300042582;3;10;2023;19:15;1;44;44192;1;1;7;3;La Sibilerie;47,251752;-1,991186
202300042583;11;1;2023;16:25;1;92;92062;2;1;1;2;BAS ROGERS (RUE DES);48,880352;2,229637
202300042584;6;12;2023;19:15;5;14;14715;2;1;1;3;129 Boulevard d'Hautpoul;49,36541;0,084119
202300042585;2;10;2023;20:45;2;35;35207;1;3;1;1;Hidouze;48,065777;-1,510824
202300042586;12;1;2023;08:10;2;92;92077;2;2;2;5;SEVRES (RUE DE);48,82597804;2,198158
202300042587;3;10;2023;14:10;1;29;29176;1;1;1;1;Prad Treanna;48,11268311;-4,20699075
202300042588;7;12;2023;18:40;5;13;13211;2;1;1;3;JEAN LOMBARD (AVENUE);43,28893;5,43115
202300042589;12;1;2023;19:10;5;92;92050;2;1;1;6;REPUBLIQUE AVENUE DE LA;48,90569;2,21028
202300042590;2;10;2023;14:50;1;29;29037;1;3;1;3;Pen Diry;47,86196774;-4,16035509
202300042591;3;10;2023;07:30;2;38;38034;2;4;1;3;Avenue de la Valloire;45,33617;5,050036
202300042592;3;10;2023;18:20;2;3;3320;1;1;1;6;RD 94;46,542831;2,929224
202300042593;2;10;2023;14:50;1;6;6071;1;1;1;7;D2202;44,044034;6,840207
202300042594;7;12;2023;19:20;5;13;13206;2;9;1;2;BRETEUIL (RUE);43,29723;5,38107
202300042595;12;1;2023;08:00;2;92;92048;2;2;2;6;STALINGRAD (PLACE);48,81490275;2,23424613
202300042596;4;10;2023;07:15;2;14;14161;1;2;1;3;33 Route de la Forge Boutron;49,2160454;0,13603091
202300042597;30;9;2023;15:58;1;14;14132;1;2;1;7;D613;49,340305;-0,980381
202300042598;4;10;2023;20:16;5;73;73154;1;1;1;7;Route fernand bellet;45,680879;6,375289
202300042599;12;1;2023;11:46;1;92;92040;2;1;2;6;PAIX (AVENUE DE LA);48,817646;2,273269
202300042600;4;10;2023;15:15;1;24;24252;2;1;1;6;Route du Maréchal-Ferrant;44,960797;1,197553
202300042601;3;10;2023;07:30;1;85;85084;1;3;1;3;RD 160;46,781606;-1,2085261
202300042602;12;1;2023;09:15;1;92;92040;2;1;1;2;ESTIENNE D'ORVES;48,8231;2,26786
202300042603;3;10;2023;16:05;1;17;17003;2;1;1;3;Place de la Renaissance (Parking);46,116517;-0,936112
202300042604;3;10;2023;22:30;5;37;37050;2;6;1;3;D910;47,31714143;0,710814
202300042605;12;1;2023;20:40;5;92;92026;2;9;1;4;GAMBETTA;48,89375;2,24837
202300042606;3;10;2023;21:00;5;8;8490;2;2;1;3;RUE DE LA FORTERESSE;49,42582613;4,67710268
202300042607;3;10;2023;23:45;5;973;97307;2;1;1;1;RN 2;4,886142;-52,335273
202300042608;11;1;2023;12:30;1;92;92025;2;3;1;3;VALMY (BD DE);48,934317;2,255892
202300042609;4;10;2023;12:55;1;18;18081;1;2;1;3;N/A;47,011572;2,533443
202300042610;12;1;2023;21:20;5;92;92012;1;1;2;1;ANATOLE FRANCE (BOULEVARD) 1/4BIS;48,85139;2,23305
202300042611;2;10;2023;18:00;1;975;97502;2;2;1;1;Rue de Paris;46,781548;-56,175451
202300042612;23;9;2023;07:05;2;988;98821;1;1;1;7;Savexpress - Savannah;-22,162989;166,383196
202300042613;12;1;2023;21:08;3;74;74309;1;1;1;2;route de Frangy;46,09619443;6,02549814
202300042614;23;9;2023;09:40;1;988;98813;2;1;1;6;RT1 - Village de La Foa;-21,71496;165,82849
202300042615;3;10;2023;20:05;3;971;97125;1;1;1;6;Belle Allée;16,257815;-61,306801
202300042616;3;10;2023;13:50;1;5;5167;1;1;1;3;Eybierg;44,468712;5,725105
202300042617;12;1;2023;19:54;3;2;2359;1;1;2;5;L'Autoroute des Anglais (Pont);49,812195;3,288633
202300042618;3;10;2023;10:50;1;21;21038;2;1;1;6;89 Rue Emile Gruet;47,192687;5,388772
202300042619;3;10;2023;17:35;1;88;88321;2;1;1;6;Avenue de la Division Leclerc;48,367889;5,701919
202300042620;12;1;2023;19:20;3;62;62623;2;1;6;1;D219;50,922567;2,0563592
202300042621;4;10;2023;10:34;1;55;55122;2;2;1;6;2 Rue Cochard Mourot;48,758917;5,583348
202300042622;3;10;2023;18:15;1;57;57017;2;2;1;3;17 Route de Metz;49,168847;6,049299
202300042623;3;10;2023;07:30;1;69;69291;1;4;1;3;Route Départementale 307;45,641217;4,856346
202300042624;3;10;2023;07:35;1;69;69028;2;1;1;1;Route du Bouleau;45,71543145;4,70822243
202300042625;4;10;2023;00:15;5;69;69040;2;6;1;6;Rond-Point des Monts d'Or;45,80143721;4,78556543
202300042626;12;1;2023;18:00;2;12;12169;1;1;1;1;D83;44,19837055;2,3320663
202300042627;3;10;2023;21:30;5;33;33555;1;1;1;6;Avenue de la Côte d?Argent;44,67948163;-0,87983966
202300042628;3;10;2023;11:25;1;22;22282;1;3;1;3;D 786;48,58884328;-2,24400222
202300042629;3;10;2023;13:00;1;35;35273;2;3;1;3;Rue de Lecousse;48,400862;-1,26059
202300042630;8;1;2023;12:35;1;59;59022;1;1;8;7;Rue de la Cheminée;50,499138;3,072631
202300042631;3;10;2023;15:00;1;80;80721;2;3;1;6;Route d'Abbeville;50,173682;1,649494
202300042632;1;10;2023;16:37;1;62;62806;1;1;1;6;D940;50,860604;1,618745
202300042633;2;10;2023;21:30;3;13;13216;1;1;1;2;A55-Sens Marseille vers Martigues;43,35831;5,34527
202300042634;2;10;2023;11:00;1;83;83027;1;1;1;2;A50;43,20287769;5,73702848
202300042635;30;9;2023;03:15;3;67;67482;2;1;1;6;M35;48,57035;7,73129
202300042636;12;1;2023;18:15;3;59;59553;2;1;2;6;142 Rue du Marechal Foch;50,596506;2,95648
202300042637;3;10;2023;09:15;1;33;33096;1;1;1;2;AUTOROUTE A 10;44,89002761;-0,50330579
202300042638;2;10;2023;20:45;4;33;33096;1;1;1;2;AUTOROUTE A 10;44,890796;-0,502178
202300042639;2;10;2023;06:15;3;59;59609;1;1;1;4;AUTOROUTE A1;50,57751;3,08499
202300042640;3;10;2023;11:10;1;91;91228;1;1;2;2;AUTOROUTE A6;48,62805;2,41306
202300042641;3;10;2023;09:20;1;94;94038;1;1;2;2;A6B;48,77418337;2,34622975
202300042642;3;10;2023;18:00;1;78;78646;1;1;1;3;RN12;48,793083;2,084155
202300042643;11;1;2023;12:20;1;95;95026;2;1;2;3;ROYAUMONT (RUE DE);49,136743;2,367328
202300042644;3;10;2023;10:20;1;92;92025;1;1;2;2;A86;48,93542176;2,2605831
202300042645;3;10;2023;09:15;1;92;92047;1;1;2;2;A13;48,83477584;2,17317586
202300042646;2;10;2023;08:40;1;78;78455;1;1;1;2;A13;48,860516;2,047353
202300042647;3;10;2023;19:00;2;93;93010;1;1;1;3;AUTOROUTE A3;48,90872;2,47344
202300042648;3;10;2023;19:00;1;93;93066;1;1;1;2;AUTOROUTE A1;48,90717;2,35845
202300042649;12;1;2023;19:00;3;74;74256;1;1;1;1;Route de megève;45,922285;6,635544
202300042650;3;10;2023;16:00;1;95;95256;1;1;1;6;N184;49,05809891;2,20914245
202300042651;3;10;2023;15:58;1;93;93066;1;1;1;4;AUTOROUTE A1;48,93138;2,36994
202300042652;13;1;2023;11:35;1;81;81202;1;1;1;6;Route de Briatexte;43,788399;1,858878
202300042653;3;10;2023;13:15;1;93;93005;1;1;1;3;AUTOROUTE A3;48,96456235;2,47442275
202300042654;3;10;2023;08:30;1;93;93007;1;1;1;2;AUTOROUTE A1;48,94605193;2,44078471
202300042655;2;10;2023;22:40;3;93;93053;1;1;1;3;AUTOROUTE A3;48,89347;2,47254
202300042656;2;10;2023;18:20;1;93;93010;1;1;1;5;AUTOROUTE A3;48,91009;2,47461
202300042657;13;1;2023;17:30;2;49;49022;1;1;2;1;D54;47,317428;-0,605664
202300042658;2;10;2023;13:05;1;92;92036;1;1;1;5;AUTOROUTE A15;48,94364712;2,28775617
202300042659;2;10;2023;08:20;1;93;93027;1;1;1;3;AUTOROUTE A86;48,925825;2,39761793
202300042660;3;10;2023;11:30;1;94;94044;1;1;2;6;N406;48,75738;2,47639
202300042661;3;10;2023;09:40;1;75;75112;1;1;1;2;A4;48,821086;2,461568
202300042662;3;10;2023;07:45;2;94;94004;1;1;1;3;N19;48,7537;2,51134
202300042663;4;6;2023;16:30;1;88;88088;1;1;1;1;Le Haut de la Cote;48,022579;6,347458
202300042664;23;6;2023;08:15;1;88;88413;2;1;1;6;Rue d'ALSACE;48,27767;6,95997
202300042665;3;6;2023;10:50;1;88;88011;2;1;1;3;516 RUE DU GRAND CLOS;48,113652;6,520505
202300042666;1;8;2023;19:35;1;74;74133;2;3;1;3;INDUSTRIE (RUE DE L');46,18527;6,21899
202300042667;19;6;2023;18:50;1;13;13039;1;1;1;2;ROUTE NATIONALE 569;43,48535;4,88799
202300042668;12;1;2023;17:30;1;47;47252;2;2;1;3;Av Gaston Carrere;44,398906;0,594866
202300042669;31;5;2023;22:15;3;13;13103;1;1;1;1;autoroute A7 sens Marseille / Lyon PK 229.600;43,671907;5,096165
202300042670;26;5;2023;17:50;1;13;13001;1;1;1;4;autoroute A8 PK 13.000 sens LYON - AIX EN PROVENCE;43,523799;5,409002
202300042671;1;10;2023;07:15;1;974;97411;1;1;1;7;REYDELLET (ROUTE JULES);-20,931855;55,492343
202300042672;1;10;2023;05:35;3;974;97411;2;1;1;6;LANCASTEL (BOULEVARD);-20,87628;55,45528
202300042673;2;10;2023;14:00;1;69;69386;2;1;1;3;Boulevard Jules Favre;45,76553099;4,8590403
202300042674;12;1;2023;21:30;3;39;39367;1;1;1;6;;46,56727;5,995274
202300042675;2;10;2023;11:50;1;69;69388;2;3;1;3;76 Rue Marius Berliet;45,74116;4,86224
202300042676;2;10;2023;17:20;1;972;97213;2;6;2;6;ROUTE DEPARTEMENTALE 3 BIS;14,61473;-60,99327
202300042677;30;9;2023;22:00;5;972;97209;2;1;1;1;FONTAINE DIDIER (RUE DE LA);14,63376;-61,08076
202300042678;2;10;2023;13:00;1;69;69382;2;1;1;2;29 Place Bellecour;45,7572;4,8301
202300042679;13;1;2023;10:10;1;70;70171;1;1;1;6;Rue de la Gare d?Aillevillers;47,899024;6,329927
202300042680;2;10;2023;18:54;1;2B;2B037;1;2;1;3;D 82;42,59405;9,43818
202300042681;2;10;2023;09:10;1;971;97101;1;1;1;2;RN11;16,25844664;-61,51147485
202300042682;1;10;2023;00:45;5;971;97101;2;9;1;3;CHAUVEL;16,23939;-61,52237
202300042683;2;10;2023;07:58;1;2A;2A004;2;1;1;5;MEZZAVIA ROUTE DE;41,950061;8,770528
202300042684;2;10;2023;17:10;1;95;95563;2;3;1;3;JEAN JAURES (RUE);49,0139015;2,23654997
202300042685;30;9;2023;23:02;5;95;95197;2;1;1;6;D928;48,96689;2,31755
202300042686;13;1;2023;14:12;1;70;70421;1;1;1;6;Rn19;47,690714;6,013212
202300042687;23;7;2023;15:00;1;73;73329;1;6;1;7;D1201;45,637327;5,892298
202300042688;23;9;2023;10:55;1;89;89239;1;4;1;3;Route de Troyes;48,1901;3,31331
202300042689;12;1;2023;21:55;3;70;70163;1;1;2;7;RN57;47,67608;6,244043
202300042690;28;9;2023;09:00;1;89;89387;2;2;2;3;QUATORZE JUILLET (BOULEVARD);48,19603;3,28725
202300042691;12;1;2023;14:10;1;50;50464;1;1;1;1;L’Angotiere;48,985146;-1,413975
202300042692;23;7;2023;17:56;1;38;38190;2;1;1;1;Grande Rue du Moulin d?Avaux;45,801951;5,284923
202300042693;29;9;2023;21:42;5;87;87085;2;3;1;3;LATTRE-DE-TASSIGNY (AVENUE DU MARECHAL);45,8256;1,27882
202300042694;13;1;2023;06:05;3;7;7302;1;2;2;3;Route de Meysse;44,661412;4,706286
202300042695;21;7;2023;07:55;1;69;69208;2;2;1;3;Le Muzard;45,846761;4,611715
202300042696;1;10;2023;14:50;1;83;83137;2;9;1;1;BRIAND (AVE ARISTIDE PROLONGEE);43,12568;5,89714
202300042697;12;1;2023;17:30;2;85;85051;1;1;2;1;RD 137 roiute de nantes;46,709999;-1,0656014
202300042698;1;10;2023;12:15;1;83;83137;2;1;1;6;BARRE (CHEMIN DE LA);43,1203;5,9599
202300042699;23;7;2023;20:00;1;69;69072;1;1;1;2;102 Route Departementale 307;45,795664;4,741212
202300042700;13;1;2023;16:13;1;27;27284;2;1;1;6;66 Rue de Vienne;49,279731;1,774502
202300042701;24;7;2023;15:20;1;65;65198;1;1;2;6;Route des Palomieres;43,057781;0,17193
202300042702;2;10;2023;14:00;1;83;83118;2;3;1;6;AVENUE PAULINE CARTON;43,41998;6,7716
202300042703;12;1;2023;18:45;3;17;17218;2;1;2;6;Route de la Rochelle;46,305519;-0,990519
202300042704;2;10;2023;13:30;1;77;77358;2;1;7;1;CHEMIN VERT (RUE DU);48,98409;2,85828
202300042705;21;7;2023;17:05;1;19;19146;1;9;1;6;4 rue des landes;45,31262677;1,75021514
202300042706;13;1;2023;19:45;5;30;30259;2;1;1;3;Route d’Uzes;44,1081;4,1171
202300042707;24;7;2023;04:00;3;64;64230;1;1;5;6;Route de Chapelle de Rousse;43,242842;-0,387447
202300042708;13;1;2023;12:35;1;48;48099;1;1;1;6;Route Départementale 809;44,533453;3,268197
202300042709;2;10;2023;23:40;5;76;76540;2;1;1;1;Quai du Havre (Haut);49,44103;1,08231
202300042710;23;7;2023;17:45;1;33;33417;1;1;1;1;75 Route des Landes;44,941458;-0,920389
202300042711;4;1;2023;12:05;1;73;73089;1;1;1;6;A43;45,532332;6,125167
202300042712;2;10;2023;22:20;5;76;76231;2;1;1;3;Rue des Martyrs;49,289;1,00576
202300042713;12;1;2023;06:35;3;40;40134;1;1;1;2;A63 pk072+700 N/S;44,226301;-0,916039
202300042714;11;7;2023;17:40;1;33;33056;2;2;1;3;Rue de l'Abbé Poncabarre;44,909428;-0,639696
202300042715;30;9;2023;20:20;5;76;76481;1;6;1;7;RD 6382;49,53142;0,10733
202300042716;13;1;2023;08:25;1;6;6088;1;1;1;2;A8 pk 191 nord;43,708986;7,194543
202300042717;24;7;2023;08:30;1;60;60628;1;1;2;4;N31;49,417486;2,170937
202300042718;30;9;2023;00:05;5;76;76351;2;2;1;3;VERDUN (RUE DE);49,50142;0,15008
202300042719;12;1;2023;23:30;5;6;6088;1;1;1;6;A8 pk 186.000 chaussée sud;43,669377;7,200884
202300042720;1;10;2023;10:41;1;72;72181;2;9;1;6;MAC JEAN (AV) N° IMP 53 AU 105;47,98216;0,21432
202300042721;23;7;2023;02:25;3;13;13214;1;1;1;2;A7-Sens Marseille vers Lyon;43,32605;5,37847
202300042722;1;10;2023;07:55;1;72;72181;2;9;1;6;ESTIENNE D'ORVES (BD D');47,98001;0,1922
202300042723;12;1;2023;19:46;4;13;13103;1;1;1;3;Autoroute A7 pk 230+700;43,674136;5,096081
202300042724;12;1;2023;20:25;5;971;97106;2;1;1;6;Lotissement Caboua;16,14501;-61,764691
202300042725;2;10;2023;08:15;1;71;71270;2;1;1;6;Rue de Flacé;46,31371;4,82874
202300042726;22;7;2023;23:10;3;13;13106;1;1;1;1;A7-Sens Lyon vers Marseille;43,38822;5,3506
202300042727;12;1;2023;22:25;3;29;29233;1;1;2;6;D49 - Route du Pouldu;47,826799;-3,561673
202300042728;21;7;2023;12:00;1;13;13071;1;1;1;7;A55-Sens Martigues vers Marseille;43,397283;5,287176
202300042729;2;10;2023;09:00;1;69;69271;2;1;1;6;Avenue du Progrès;45,72565;4,96286
202300042730;1;10;2023;14:50;1;69;69290;2;1;1;3;Route de Mions;45,68396;4,94776
202300042731;23;7;2023;16:17;1;83;83144;2;1;1;2;A57;43,14321538;6,01194447
202300042732;12;1;2023;15:07;1;77;77437;2;2;1;3;D9;49,035758;2,796042
202300042733;11;1;2023;14:35;1;78;78522;1;1;1;1;RD988;48,577956;1,967229
202300042734;9;9;2023;22:00;3;68;68066;2;9;1;2;LOGELBACH ( RUE DU);48,08286;7,33677
202300042735;22;7;2023;11:35;1;83;83129;1;9;1;5;A50;43,1206124;5,84313268
202300042736;13;1;2023;01:40;5;66;66114;1;6;1;6;;42,6074847;2,92402089
202300042737;2;10;2023;17:30;1;67;67482;2;1;1;3;RATHSAMHAUSEN (RUE DE);48,56587;7,75994
202300042738;23;7;2023;13:45;1;94;94065;1;1;2;2;N186;48,75476;2,34825
202300042739;2;10;2023;17:08;1;64;64348;2;1;1;3;MARCEL DASSAULT;43,301418;-0,412588
202300042740;10;1;2023;20:20;3;34;34154;1;2;1;3;306ter Rue Martin Luther King;43,622174;3,992339
202300042741;23;7;2023;16:00;1;95;95365;1;1;2;6;N104;49,0674;2,39873
202300042742;1;10;2023;05:40;4;64;64284;1;6;1;6;8 MAI 1945 DU;43,27952;-0,3802
202300042743;23;7;2023;15:00;1;95;95582;1;1;3;7;A15;48,96347642;2,26421356
202300042744;2;10;2023;18:00;1;64;64102;2;1;1;6;SOULT (AVENUE MARECHAL);43,48375;-1,49973
202300042745;13;1;2023;10:30;1;21;21038;2;6;1;5;Rue de Flammerans;47,197389;5,391186
202300042746;2;10;2023;18:00;1;64;64102;2;1;1;7;SOULT (AVENUE MARECHAL);43,48395;-1,49973
202300042747;23;7;2023;09:30;1;93;93078;1;1;8;6;AUTOROUTE A104;48,96007;2,52481
202300042748;9;1;2023;14:00;1;88;88064;1;1;2;1;Route de Maillefaing;48,24969054;6,77747011
202300042749;2;10;2023;14:40;1;63;63113;2;2;1;3;SOLAYER (RUE DU);45,80961166;3,10700678
202300042750;28;9;2023;08:30;1;62;62510;2;1;1;6;D58;50,42431303;2,78197744
202300042751;12;1;2023;15:30;1;74;74056;2;1;8;6;Route des gaudenays;45,940392;6,888074
202300042752;23;7;2023;03:35;3;95;95604;1;1;1;2;A1;49,11981;2,55626
202300042753;2;10;2023;22:00;5;60;60057;2;3;1;3;rue de songen;49,44363149;2,08456886
202300042754;22;7;2023;23:55;5;94;94052;1;1;1;7;A86;48,83532726;2,4937909
202300042755;30;9;2023;20:50;5;56;56121;2;1;1;1;SCHUMAN (RUE  ROBERT );47,76638;-3,385539
202300042756;12;1;2023;17:19;1;42;42094;2;2;1;3;Rue des Prairies;45,719563;4,227167
202300042757;22;7;2023;12:30;1;973;97302;2;1;1;6;LALLOUETTE;4,94114965;-52,32743427
202300042758;2;10;2023;08:00;2;56;56121;2;6;5;7;FAOUEDIC ( AVE DU );47,746811;-3,366118
202300042759;12;1;2023;07:10;3;26;26129;2;1;8;6;Rue du Vercors;45,082684;5,181068
202300042760;2;10;2023;21:00;5;51;51454;2;3;1;3;COURLANCY (RUE DE);49,24575;4,01763
202300042761;1;10;2023;07:05;5;50;50129;2;1;1;7;BECQUET (RUE DU);49,64956;-1,56601
202300042762;22;7;2023;20:55;2;69;69383;2;2;1;3;Avenue Maréchal de Saxe;45,75605;4,8465
202300042763;2;10;2023;18:57;1;49;49007;2;2;1;3;CHATENAY AVENUE VICTOR;47,4853;-0,5161
202300042764;6;1;2023;11:30;1;69;69094;1;1;1;3;15 Route de Pollionnay;45,753526;4,681077
202300042765;2;10;2023;12:15;1;49;49246;2;1;1;2;MAZE;47,42935;-0,52207
202300042766;22;7;2023;13:58;1;69;69388;2;3;1;3;Boulevard des Etats-Unis;45,7271;4,86953
202300042767;2;10;2023;09:45;1;47;47001;2;1;1;3;PERES (RUE JEAN-BAPTISTE);44,20633;0,63528
202300042768;12;1;2023;19:45;3;19;19041;1;1;2;1;Les Plaines;45,279099;1,837302
202300042769;1;10;2023;01:00;3;45;45004;2;1;1;6;D943 PR 4 + 499;47,97256517;2,76601079
202300042770;1;10;2023;19:00;1;41;41018;2;1;1;1;FRANCOIS 1ER (ALLEE);47,58362;1,31349
202300042771;21;7;2023;17:40;1;972;97209;2;1;1;5;DEPARTEMENTALE 13A (ROUTE);14,63295;-61,04245
202300042772;10;1;2023;20:50;4;33;33179;1;2;2;3;Daudinet;45,004793;-0,283593
202300042773;1;10;2023;01:00;3;37;37122;1;1;1;7;RD 127 ROUTE DES MAISONS NEUVES;47,30906;0,68239
202300042774;21;7;2023;08:45;1;972;97209;2;9;1;2;SALVADOR ALLENDE (AVENUE);14,61056;-61,04681