Num_Acc;jour;mois;an;hrmn;lum;dep;com;agg;int;atm;col;adr;lat;long
202300042775;7;1;2023;11:25;1;85;85092;2;6;1;3;RD948B;46,462361;-0,803708
202300042776;30;9;2023;12:00;1;34;34172;2;1;1;2;JUSTICE DE CASTELNAU (AVENUE DE LA);43,62706;3,89054
202300042777;2;10;2023;16:23;1;33;33529;1;1;1;1;CAZAUX (BD DE) DU 02 ET +;44,61628876;-1,13749534
202300042778;22;7;2023;00:55;4;972;97209;2;3;1;1;DESROCHERS (ROUTE DE);14,62751;-61,07471
202300042779;2;10;2023;19:42;2;31;31555;2;1;1;2;RUE DE MAUBEC;43,60525176;1,39245674
202300042780;22;7;2023;12:00;1;69;69152;2;3;1;6;Rue Roger Salengro;45,70335;4,82285
202300042781;2;10;2023;07:20;2;31;31149;2;3;1;3;ARMURIE (CHEMIN DE L');43,593487;1,3542
202300042782;1;10;2023;20:20;3;28;28134;1;1;1;4;RN 12 (LES CHATELETS);48,74661;1,385
202300042783;21;7;2023;17:29;1;2B;2B037;1;1;1;2;TOUTES RUES;42,60543;9,43822
202300042784;12;1;2023;17:15;2;76;76223;2;1;2;5;Route Departementale 6015;49,627594;0,798794
202300042785;12;1;2023;06:30;3;62;62460;1;1;6;6;D901;50,5831;1,740239
202300042786;29;6;2023;20:12;5;971;97113;1;9;1;3;RN4 - SECTION RIVIERA;16,21802;-61,49894
202300042787;27;9;2023;13:10;1;28;28085;2;2;1;3;VINTANT (RUE MICHEL);48,43939;1,49145
202300042788;12;1;2023;17:50;3;62;62801;2;1;3;6;D58E2;50,394156;2,74474
202300042789;1;10;2023;02:10;5;24;24145;2;1;1;6;GARE (AVENUE DE LA);44,85552;0,57257
202300042790;22;7;2023;05:20;2;971;97101;1;1;1;1;PETIT PEROU;16,25953;-61,50912
202300042791;1;10;2023;18:30;1;22;22360;2;1;1;3;MARE DU GUE (RUE DE LA);48,47342;-2,75475
202300042792;30;9;2023;10:42;1;22;22278;2;1;1;2;APOLLINAIRE (GUILLAUME);48,49803;-2,74528
202300042793;1;10;2023;23:33;3;17;17306;2;1;1;6;EXPRESS (VOIE);45,63998;-1,03104
202300042794;22;7;2023;20:40;1;95;95210;2;2;1;3;D311;48,97147;2,30462
202300042795;12;1;2023;08:40;1;13;13211;1;1;1;2;A50-Sens Marseille vers Aubagne;43,294688;5,464295
202300042796;22;7;2023;00:35;5;83;83069;2;1;1;3;DECUGIS (AVENUE ALFRED);43,11712;6,14521
202300042797;11;1;2023;16:00;5;13;13210;1;1;1;2;Tunnel Prado Carénage;43,28197501;5,394007
202300042798;2;10;2023;16:52;1;17;17300;2;1;1;3;JOFFRE   BOULEVARD (79 et 18);46,15371;-1,14547
202300042799;30;9;2023;16:30;1;14;14221;1;1;7;2;D228;49,16847;-0,26629
202300042800;11;1;2023;02:00;5;69;69266;1;1;1;7;Boulevard Laurent Bonnevay ;45,78256;4,89227
202300042801;7;7;2023;17:00;1;80;80001;2;1;9;3;REPUBLIQUE (de la);50,1095;1,8394
202300042802;2;10;2023;19:00;1;13;13071;2;1;1;1;VELAUX (CHEMIN);43,40948;5,35187
202300042803;11;1;2023;14:35;1;67;67389;1;1;1;2;M35;48,64887;7,73169
202300042804;21;7;2023;13:40;1;79;79329;2;1;1;3;N/A;46,994815;-0,20121
202300042805;11;1;2023;13:15;1;33;33063;1;1;2;6;ROCADE A 630;44,88377927;-0,55736303
202300042806;11;8;2023;13:10;1;13;13039;1;1;1;4;ROUTE NATIONALE 569;43,46373;4,92591
202300042807;18;7;2023;18:00;1;77;77284;2;1;1;6;TESSAN (RUE FRANCOIS DE);48,947227;2,879714
202300042808;2;10;2023;19:40;1;13;13213;2;1;1;1;OLIVES (AVENUE DES);43,32675;5,43762
202300042809;2;10;2023;17:15;1;13;13213;2;1;1;6;CHEMIN DU MERLAN A LA ROSE ;43,33029768;5,4125913
202300042810;21;7;2023;17:25;1;77;77284;2;1;1;3;D360;48,94874;2,87998
202300042811;12;1;2023;15:37;1;92;92047;1;1;1;4;A13;48,83397544;2,16646875
202300042812;2;10;2023;17:30;1;13;13213;2;1;1;6;LAVERAN (BOULEVARD DU);43,3272101;5,41370149
202300042813;12;1;2023;07:15;2;92;92050;1;1;1;2;A86;48,90206859;2,20357418
202300042814;2;10;2023;15:45;1;13;13205;2;1;1;1;L ARMEE D AFRIQUE (CHEMIN DE L');43,29064;5,40561
202300042815;22;7;2023;22:10;3;69;69256;2;2;1;3;Avenue Charles de Gaulle;45,78221;4,94237
202300042816;2;10;2023;13:00;1;13;13005;2;1;1;4;AVELANEDE (CHEMIN DE L');43,28991;5,58705
202300042817;11;1;2023;10:30;1;95;95582;1;1;1;2;D170;48,964185;2,267937
202300042818;2;10;2023;09:30;1;13;13005;1;6;1;3;RD 43 C;43,319;5,595
202300042819;22;7;2023;20:50;1;69;69266;2;2;1;3;Rue Anatole France;45,76705;4,87138
202300042820;3;10;2023;00:22;5;10;10387;2;1;1;7;GENERAL LECLERC (RUE DU);48,30639;4,05862
202300042821;11;1;2023;10:00;1;93;93027;1;1;8;2;AUTOROUTE A86;48,92693884;2,40503458
202300042822;1;10;2023;12:28;1;10;10081;2;2;1;7;PIERRE PRELOT (RUE);48,3257;4,0451
202300042823;22;7;2023;19:50;1;69;69275;2;7;1;3;107 Avenue Jean Jaurès;45,76936;4,94693
202300042824;2;10;2023;09:35;1;75;75118;2;1;1;3;BD PERIPHERIQUE EXTERIEUR;48,901047;2,344
202300042825;11;1;2023;11:00;1;92;92036;1;1;1;4;AUTOROUTE A15;48,93788866;2,29766722
202300042826;2;10;2023;18:50;1;75;75106;2;3;1;2;RUE SAINT SULPICE;48,851461;2,337051
202300042827;22;7;2023;22:05;5;69;69029;2;1;1;2;Boulevard des Droits de l'Homme;45,72718;4,92716
202300042828;2;10;2023;09:55;1;75;75105;2;3;1;6;RUE DES FOSSES SAINT BERNARD;48,848818;2,355292
202300042829;11;1;2023;09:05;2;93;93078;1;1;2;2;AUTOROUTE A104;48,97102575;2,49879599
202300042830;21;7;2023;19:00;1;68;68376;2;1;1;6;SAINT CLOUD (RUE DU);47,81516;7,33854
202300042831;2;10;2023;08:50;1;75;75120;2;2;1;3;BOULEVARD DE MENILMONTANT;48,86299;2,387488
202300042832;10;1;2023;22:40;5;93;93010;1;1;2;5;AUTOROUTE A3;48,90292;2,47084
202300042833;2;10;2023;09:30;1;75;75118;2;3;1;3;RUE D AUBERVILLIERS;48,887318;2,367126
202300042834;22;7;2023;19:30;1;67;67447;2;3;1;3;PAIX (RUE DE LA);48,6065;7,73037
202300042835;2;10;2023;12:35;1;75;75117;2;1;1;2;BOULEVARD PEREIRE;48,878882;2,285584
202300042836;12;1;2023;12:45;1;94;94028;1;1;2;2;A86;48,7761883;2,43180914
202300042837;22;7;2023;11:30;1;67;67482;2;1;1;3;PIERRE FRESNAY (RUE);48,57239;7,7626
202300042838;2;10;2023;21:00;5;75;75116;2;7;1;3;RUE MESNIL;48,869439;2,28519
202300042839;11;1;2023;09:30;1;75;75114;2;4;8;2;PORTE D ORLEANS;48,819133;2,329596
202300042840;2;10;2023;14:30;1;75;75116;2;1;1;1;VOIE GEORGES POMPIDOU;48,84560016;2,27313593
202300042841;22;7;2023;19:00;1;64;64024;2;4;1;3;HUIT MAI (RUE DU);43,48217;-1,51472
202300042842;1;10;2023;07:20;5;75;75116;2;1;1;6;AVENUE FOCH;48,873126;2,288651
202300042843;11;1;2023;13:55;1;75;75119;2;2;1;3;PLACE DE LA BATAILLE DE STALINGRAD;48,882866;2,370183
202300042844;1;10;2023;11:30;1;75;75115;2;2;1;3;BOULEVARD LEFEBVRE;48,831011;2,292334
202300042845;22;7;2023;11:55;1;45;45169;2;1;1;4;166 Route Nationale;47,92844245;1,84031188
202300042846;1;10;2023;02:00;5;75;75115;2;7;1;6;RUE DUTOT;48,836447;2,30664
202300042847;11;1;2023;13:20;1;75;75119;2;2;1;3;RUE CURIAL;48,893729;2,373377
202300042848;2;10;2023;14:15;1;75;75112;2;5;1;3;AVENUE DU GENERAL MICHEL BIZOT;48,834681;2,40078
202300042849;22;7;2023;20:35;1;45;45004;2;1;1;3;Rue Lino Ventura;47,97853;2,76563
202300042850;11;1;2023;10:40;1;75;75119;2;3;1;2;AVENUE CORENTIN CARIOU;48,895163;2,382744
202300042851;22;7;2023;09:00;1;37;37233;2;3;1;6;GRILLONIERES (RUE DES);47,39232537;0,74386507
202300042852;2;10;2023;12:27;1;75;75112;2;3;1;4;QUAI DE BERCY;48,831564;2,385352
202300042853;11;1;2023;10:40;1;75;75116;2;4;1;6;RUE JEAN DE LA FONTAINE;48,850325;2,270368
202300042854;2;10;2023;08:10;1;75;75111;2;2;1;6;RUE SERVAN;48,861563;2,382608
202300042855;21;7;2023;18:00;1;35;35278;1;1;1;4;EST (ROCADE);48,141906;-1,665251
202300042856;11;1;2023;00:00;5;75;75117;2;3;8;3;RUE ANDRE SUARES;48,893828;2,311758
202300042857;2;10;2023;19:05;2;75;75103;2;3;1;7;RUE BEAUBOURG;48,861219;2,353475
202300042858;2;10;2023;02:30;5;75;75104;2;3;1;6;BOULEVARD BEAUMARCHAIS;48,854813;2,368629
202300042859;11;1;2023;11:45;1;75;75116;2;1;1;3;AVENUE RAYMOND POINCARE;48,867426;2,285923
202300042860;22;7;2023;12:40;1;34;34172;2;1;1;1;RM132;43,605837;3,820105
202300042861;2;10;2023;12:04;1;94;94078;2;2;1;6;2 Rue Pasteur;48,73313;2,450715
202300042862;10;1;2023;18:00;5;75;75116;2;1;2;6;AVENUE FOCH;48,872628;2,279409
202300042863;22;7;2023;11:45;1;34;34003;2;1;1;3;Avenue des Contrebandiers;43,29068;3,51378
202300042864;2;10;2023;00:30;5;94;94043;2;1;1;3;1ter Rue de Verdun;48,809497;2,358442
202300042865;2;10;2023;18:05;1;94;94041;2;1;1;2;Rue Pierre et Marie Curie;48,81443;2,37384
202300042866;11;1;2023;19:30;5;75;75115;2;3;1;3;PONT DE GRENELLE;48,849312;2,281684
202300042867;21;7;2023;15:30;1;33;33529;2;1;1;1;ARCACHON (BD D');44,64376;-1,1756
202300042868;1;10;2023;23:50;5;94;94041;2;3;1;7;Avenue Maurice Thorez;48,815;2,37822
202300042869;2;10;2023;18:45;2;94;94038;2;1;1;2;Rue de Chevilly;48,7762;2,34138
202300042870;11;1;2023;08:50;1;75;75115;2;3;2;6;BOULEVARD DE VAUGIRARD;48,841601;2,318278
202300042871;2;10;2023;15:45;1;94;94038;2;1;1;6;Rue Jean Jaurès;48,7782;2,33478
202300042872;11;1;2023;09:20;1;75;75114;2;7;1;3;PLACE DE CATALOGNE;48,837425;2,318092
202300042873;2;10;2023;07:30;1;93;93073;2;3;1;2;Avenue de la Resistance / Rue Lenine;48,9505;2,5647
202300042874;22;7;2023;16:35;1;25;25056;2;6;1;3;MONTARMOTS CHEMIN DES;47,26047;6,02727
202300042875;2;10;2023;20:30;5;93;93071;2;1;1;6;Avenue Léon Jouhaux;48,9412573;2,54251079
202300042876;11;1;2023;17:30;5;75;75113;2;1;8;1;RUE DU VAL DE MARNE;48,816012;2,345987
202300042877;22;7;2023;07:35;1;22;22278;2;1;1;7;ROHANNEC'H (DE);48,52358;-2,74077
202300042878;2;10;2023;07:00;5;93;93066;2;1;1;1;Rue des Marnaudes;48,941169;2,382924
202300042879;22;7;2023;03:00;3;17;17028;1;1;1;7;N137;46,12291;-1,10969
202300042880;2;10;2023;17:30;1;93;93055;2;1;1;3;Rue Delizy;48,89477664;2,40972696
202300042881;11;1;2023;08:50;1;75;75113;2;3;2;3;BOULEVARD MASSENA;48,822687;2,372924
202300042882;2;10;2023;09:05;1;93;93029;2;2;7;6;Avenue Jean Jaurès / Avenue Henri Barbusse;48,91975;2,45148
202300042883;22;7;2023;21:05;1;14;14118;2;1;1;3;N814;49,198525;-0,373632
202300042884;11;1;2023;08:10;1;75;75113;2;5;2;3;RUE DE TOLBIAC;48,82616289;2,36001402
202300042885;2;10;2023;17:30;1;93;93014;2;3;7;6;Allée de Coubron / Allée Veuve Lindet Girard;48,912599;2,551755
202300042886;22;7;2023;10:15;1;13;13019;2;1;1;1;BOULEVARD DU MISTRAOU;43,46433;5,35296
202300042887;11;1;2023;07:00;5;75;75111;2;3;2;6;BOULEVARD VOLTAIRE;48,852457;2,389236
202300042888;2;10;2023;08:30;1;93;93010;2;1;7;1;Route de Villemomble;48,893932;2,47783
202300042889;22;7;2023;21:51;5;10;10387;2;7;1;6;URBAIN IV (RUE);48,29768;4,07612
202300042890;11;1;2023;15:00;1;75;75110;2;3;1;2;BOULEVARD DE MAGENTA;48,879557;2,353342
202300042891;22;7;2023;10:30;1;7;7281;1;1;1;7;C.D.533;44,93346;4,79379
202300042892;2;10;2023;14:35;1;92;92046;2;1;1;4;PIERRE BROSSOLETTE (AVENUE);48,81844978;2,30888307
202300042893;2;10;2023;13:10;1;92;92073;2;2;1;6;VERDUN (RUE DE);48,87383;2,23014
202300042894;11;1;2023;18:20;5;75;75103;2;2;1;6;RUE BEAUBOURG;48,86427;2,355164
202300042895;21;7;2023;17:45;1;7;7281;2;1;1;2;GROSS-UMSTADT (AVENUE DE);44,9424;4,86021
202300042896;2;10;2023;20:25;5;92;92040;2;9;1;4;ROUGET DE L'ISLE;48,8278657;2,26712868
202300042897;22;7;2023;03:15;5;6;6088;2;1;1;2;MADELEINE (BD DE LA);43,69318;7,24397
202300042898;11;1;2023;09:15;1;75;75103;2;3;1;7;RUE DE TURBIGO;48,86628746;2,35976726
202300042899;2;10;2023;13:30;1;92;92024;2;1;1;4;GENERAL LECLERC (BD DU) (9 A 59)   (4 A;48,90117731;2,31545046
202300042900;22;7;2023;18:50;1;75;75112;2;1;1;2;PORTE DE CHARENTON;48,830807;2,403154
202300042901;10;1;2023;14:20;1;94;94068;2;6;2;2;Avenue Foch;48,805361;2,483966
202300042902;2;10;2023;21:20;5;92;92023;2;6;1;3;EUGENE BEAUJARD (CARREFOUR);48,78974609;2,25267738
202300042903;22;7;2023;08:55;1;75;75119;2;1;1;3;RUE PETIT;48,886221;2,391472
202300042904;2;10;2023;14:40;1;92;92012;2;1;1;6;JEAN JAURES (BOULEVARD) 217/FIN - 210/FI;48,82765175;2,24681407
202300042905;10;1;2023;18:40;5;94;94011;2;3;2;6;Avenue de Boissy / N406;48,763219;2,493556
202300042906;3;10;2023;05:45;3;81;81097;1;1;1;7;D81 PK6+870;43,893847;2,2170133
202300042907;22;7;2023;11:05;1;75;75116;2;1;1;2;ALLEE DE LONGCHAMP;48,873799;2,267976
202300042908;11;1;2023;02:10;5;94;94034;2;6;3;3;PEPINIERES (AV DES);48,753096;2,339738
202300042909;22;7;2023;12:55;1;75;75114;2;7;1;6;PLACE SAINT JACQUES;48,833574;2,336332
202300042910;11;1;2023;12:00;1;94;94059;2;2;1;6;avenue maurice berteaux / avenue maurice ponroy;48,80505;2,57233
202300042911;22;7;2023;13:00;1;75;75114;2;1;1;3;AVENUE DENFERT ROCHEREAU;48,835562;2,333561
202300042912;11;1;2023;15:10;1;94;94017;2;1;1;3;Rue du Monument;48,81262;2,51734
202300042913;30;9;2023;18:07;1;35;35085;1;3;1;3;D895;48,417036;-1,755452
202300042914;22;7;2023;07:30;1;75;75115;2;1;1;4;QUAI D ISSY LES MOULINEAUX;48,834822;2,265667
202300042915;2;10;2023;23:00;3;12;12049;1;1;1;6;Beauregard;44,562244;2,600015
202300042916;11;1;2023;20:25;5;93;93072;2;7;1;3;Boulevard Maxime Gorki / Avenue Louis Bordes;48,9558;2,38316
202300042917;21;7;2023;10:24;1;75;75113;2;2;1;3;BOULEVARD VINCENT AURIOL;48,833981;2,364788
202300042918;11;1;2023;09:01;1;93;93070;2;1;8;3;Rue des Rosiers;48,9038;2,33927
202300042919;22;7;2023;04:40;3;75;75111;2;3;1;3;RUE BREGUET;48,856307;2,371033
202300042920;11;1;2023;14:15;1;93;93062;2;1;1;6;Avenue Thiers;48,89894299;2,51852185
202300042921;21;7;2023;17:15;1;75;75111;2;2;1;3;AVENUE PARMENTIER;48,866663;2,373489
202300042922;11;1;2023;17:40;5;93;93048;2;1;1;6;Rue Victor Hugo;48,861196;2,439463
202300042923;3;10;2023;08:50;1;44;44023;1;1;1;1;la Voliais;47,43459;-1,890544
202300042924;11;1;2023;08:10;2;93;93005;2;1;1;6;Rue Maryse Bastié;48,959182;2,495836
202300042925;22;7;2023;00:40;5;75;75108;2;2;1;3;AVENUE DES CHAMPS ELYSEES;48,873127;2,297083
202300042926;11;1;2023;16:45;1;93;93001;2;2;1;2;Rue Madeleine Vionnet / Rue Louis Girard;48,90403501;2,37505585
202300042927;22;7;2023;15:04;1;94;94081;2;1;1;1;Rue Marie Sorin Defresne;48,79621215;2,38677737
202300042928;11;1;2023;12:15;1;92;92073;2;1;1;6;SELLIER (BOULEVARD HENRI);48,86521;2,21938
202300042929;22;7;2023;16:10;1;94;94028;2;3;1;5;Rue Jean Jaurès;48,78761;2,4359
202300042930;11;1;2023;18:00;5;92;92007;2;2;1;3;BLANCHARD RUE;48,796023;2,292291
202300042931;11;1;2023;09:45;1;92;92048;2;1;2;6;HENRI SAVIGNAC (RUE);48,81916151;2,23439455
202300042932;21;7;2023;14:30;1;94;94041;2;1;1;2;Boulevard de Stalingrad;48,8044;2,37716
202300042933;11;1;2023;08:50;1;92;92040;2;1;2;7;GENERAL DE GAULLE (AVE DU) 87 A 127;48,818;2,2769
202300042934;18;7;2023;20:45;1;93;93064;2;3;1;2;Avenue du Général de Gaulle / Rue d'Aurion;48,87897462;2,47846907
202300042935;10;1;2023;21:55;5;92;92012;2;1;2;3;EDOUARD VAILLANT (AVENUE) - DEBUT/55 - C;48,83669379;2,25326532
202300042936;22;7;2023;21:30;5;93;93057;2;1;1;3;Avenue Jean Jaurès;48,90527416;2,50200396
202300042937;11;1;2023;18:30;5;92;92002;2;1;1;3;ARISTIDE BRIAND (AVENUE);48,75869;2,3069
202300042938;22;7;2023;11:15;1;92;92064;2;3;1;3;CAMP CANADIEN;48,85289253;2,20587015
202300042939;11;1;2023;19:15;3;1;1074;1;1;5;1;le Bernon;46,014742;5,179335
202300042940;22;7;2023;00:04;5;92;92023;2;1;1;2;GENERAL DE GAULLE (AV DU) N°130 A 340 ET;48,78420473;2,24872863
202300042941;12;1;2023;10:00;1;57;57439;2;1;2;6;Rue Principale (Manderen);49,450212;6,431106
202300042942;22;7;2023;21:10;2;92;92012;2;2;1;2;ISSY (PONT D');48,8309124;2,25822097
202300042943;10;1;2023;17:30;2;33;33334;1;2;1;3;Route des Graves;44,690196;-0,423832
202300042944;3;1;2023;12:30;1;31;31003;1;3;1;3;intersection D18  et chemin de lauzerville;43,562062;1,585486
202300042945;12;1;2023;13:20;1;52;52056;1;1;1;7;A5 PK206.550 sens Dijon vers Troyes;48,040719;5,037789
202300042946;22;7;2023;04:57;5;92;92007;2;9;1;3;MIRABEAU (ALLEE);48,78962652;2,31357023
202300042947;12;1;2023;10:55;1;44;44089;1;1;8;7;;47,34542;-1,86005
202300042948;12;1;2023;07:30;1;74;74171;2;1;1;3;Chemin de rosières;46,314909;6,342824
202300042949;22;7;2023;20:45;1;51;51195;1;1;1;7;RN 44 PR 88.850;48,769467;4,582205
202300042950;12;1;2023;14:05;1;4;4033;1;1;1;3;D900b;44,454471;6,316844
202300042951;10;1;2023;12:25;1;51;51612;2;1;2;7;Rue de Villers-aux-Bois;48,90958725;4,00121748
202300042952;23;7;2023;10:56;1;42;42212;1;3;1;1;Route Bleue;45,979317;4,117762
202300042953;12;1;2023;01:05;5;74;74195;2;1;1;6;1967 Route de bellegarde;46,005383;5,95994
202300042954;12;7;2023;12:45;1;63;63278;2;3;1;3;D211;45,924259;3,158602
202300042955;10;1;2023;08:00;3;78;78192;1;2;9;3;RD 928;48,928449;1,60962
202300042956;22;7;2023;15:30;1;1;1143;1;1;1;7;D1005;46,413384;6,060715
202300042957;23;7;2023;01:28;3;65;65369;2;1;1;7;Route du Pic du Midi;43,270027;0,176489
202300042958;23;7;2023;15:50;1;72;72200;1;1;1;7;Route des Luères;47,909899;0,217323
202300042959;11;1;2023;18:00;3;22;22232;1;2;1;1;Impasse du Petit Kergrain;48,635328;-2,907799
202300042960;11;1;2023;19:00;3;29;29236;1;4;1;6;Lieu Dit Kervideo;47,850153;-3,662567
202300042961;23;7;2023;06:15;2;44;44158;1;1;2;3;N/A;47,27623;-1,721549
202300042962;11;1;2023;13:20;1;29;29236;1;1;8;6;Lieu Dit Saint Jean;47,87121;-3,612305
202300042963;23;7;2023;07:30;2;44;44076;1;1;2;2;N/A;47,62739666;-1,64438725
202300042964;11;1;2023;17:45;2;29;29095;1;1;8;1;Pen ar Forest;48,45906028;-4,35659076
202300042965;22;7;2023;00:45;5;62;62162;1;4;1;6;D943;50,56993159;2,4473269
202300042966;12;1;2023;08:00;1;3;3314;1;3;1;1;lieu dit sainte-agathe;46,306268;2,636826
202300042967;23;7;2023;05:50;2;62;62559;1;1;2;1;D939;50,20758517;3,10018766
202300042968;5;1;2023;17:15;5;1;1196;1;1;1;6;Route de Bourg;46,36074;5,122707
202300042969;11;1;2023;09:45;1;58;58280;1;1;2;7;D981;46,847946;3,395092
202300042970;22;7;2023;06:50;1;40;40165;1;1;1;1;D834;44,110484;-0,702009
202300042971;22;7;2023;19:55;1;59;59194;1;1;1;6;D934;50,198386;3,639393
202300042972;11;1;2023;10:25;1;6;6059;1;1;1;3;avenue Georges Clémenceau;43,732329;7,382652
202300042973;11;1;2023;10:35;1;50;50389;1;2;1;3;route de l'abbaye;49,01277;-1,361527
202300042974;9;1;2023;22:10;3;10;10035;1;1;8;6;D396;48,207623;4,753647
202300042975;22;7;2023;12:15;1;76;76263;1;1;1;2;D128;49,494368;1,530629
202300042976;11;1;2023;19:40;5;85;85146;2;3;1;3;RD84A;46,962406;-1,344848
202300042977;1;7;2023;03:00;5;2B;2B123;1;6;1;6;RD 144;42,004172;9,441545
202300042978;8;1;2023;10:54;1;27;27232;2;1;1;6;Rue Henri Pepin;49,290097;1,54036
202300042979;22;7;2023;20:47;2;80;80240;2;1;1;1;21 Rue Roger Corne;49,927008;2,942934
202300042980;11;1;2023;12:20;1;27;27112;1;2;1;7;D55;48,853054;0,939631
202300042981;8;1;2023;11:00;1;28;28023;1;1;2;3;D28;48,511466;1,678441
202300042982;23;7;2023;08:45;1;11;11361;1;1;1;5;D126;43,327277;2,064126
202300042983;12;1;2023;15:00;1;77;77279;1;1;9;6;A5 sens 1 direction TROYES PK 38.000;48,379036;3,008799
202300042984;22;7;2023;17:18;1;71;71014;2;1;1;1;Route d'Arnay;46,960643;4,305037
202300042985;22;7;2023;23:10;3;63;63003;1;1;1;7;Route des Chaux;45,535333;3,780885
202300042986;12;1;2023;09:15;1;38;38197;1;1;1;2;A432 PK 023+400;45,742865;5,095832
202300042987;9;1;2023;20:30;5;74;74010;2;1;2;2;155 Avenue d'aix-les-bains;45,88414;6,099393
202300042988;17;7;2023;17:10;1;49;49291;1;2;1;3;Route de Brézé;47,170078;-0,092724
202300042989;12;1;2023;05:00;5;69;69225;1;9;1;3;Autoroute 89;45,881898;4,42955
202300042990;23;7;2023;15:15;1;42;42234;1;2;1;1;Route de Fontanès;45,526231;4,390519
202300042991;12;1;2023;07:40;2;30;30333;1;1;1;3;;43,765639;4,267459
202300042992;22;7;2023;20:00;1;46;46313;2;1;1;7;Lieu Dit le Terral;44,913911;1,761074
202300042993;22;7;2023;23:45;3;34;34041;1;1;1;1;D2;43,60895463;3,4705608
202300042994;13;7;2023;15:28;1;44;44087;1;1;1;6;la bourriere;47,048575;-1,81489
202300042995;11;1;2023;10:30;1;17;17022;1;8;1;3;VC 9;45,883492;-0,527979
202300042996;22;7;2023;17:30;1;44;44131;1;9;1;3;Route de la Plaine;47,125403;-2,141712
202300042997;23;7;2023;01:55;4;38;38517;1;6;1;6;RD45 Rond point carrefour market;45,294505;5,507026
202300042998;12;1;2023;14:25;1;2B;2B223;1;1;1;2;RT30 PK 54+500;42,536441;9,184849
202300042999;23;7;2023;10:40;1;38;38108;1;1;1;3;RD531 PK 18;45,074369;5,448436
202300043000;11;1;2023;19:20;3;66;66050;1;1;1;6;;42,74613;2,96957
202300043001;11;1;2023;13:15;1;13;13053;1;1;1;7;chemin de sénas;43,736398;5,166421
202300043002;22;7;2023;18:50;1;3;3221;1;1;1;2;Avenue Nicolas Rambourg;46,645098;2,725039
202300043003;12;1;2023;12:15;1;13;13041;1;1;1;7;Avenue d?Arménie;43,453764;5,455817
202300043004;22;7;2023;12:45;1;66;66016;1;1;1;1;Rec del Vinyes ;42,449721;3,057364
202300043005;11;1;2023;16:30;1;68;68364;1;1;2;3;D18b;47,949854;7,269194
202300043006;22;7;2023;17:30;1;54;54222;1;1;1;6;RD 914 ;48,52047207;6,47501886
202300043007;10;1;2023;20:30;3;44;44026;1;1;2;1;10 Route de Paris;47,28823201;-1,43766403
202300043008;23;7;2023;11:25;1;14;14369;1;1;2;3;Route de l'Embranchement;49,161457;-0,888632
202300043009;11;1;2023;18:15;3;14;14499;1;1;1;6;D513;49,24589098;-0,1819823
202300043010;11;1;2023;11:22;1;22;22339;2;3;1;3;Rue du Noroit;48,46717;-2,054441
202300043011;23;7;2023;13:15;1;5;5039;1;4;1;3;Impasse de la Blache;44,769786;6,022568
202300043012;10;1;2023;12:00;1;22;22093;1;1;8;3;CD768 lamballe;48,470489;-2,540127
202300043013;23;7;2023;12:30;1;7;7288;1;1;1;5;D104;44,722558;4,510489
202300043014;22;7;2023;16:45;1;40;40115;1;2;1;3;D10;43,771601;-0,904596
202300043015;11;1;2023;18:20;3;33;33318;1;1;1;2;ROCADE A 630;44,80161;-0,65806
202300043016;20;7;2023;16:49;1;40;40188;2;1;1;3;D933s;43,62067;-0,630603
202300043017;11;1;2023;18:40;3;92;92002;1;1;1;4;AUTOROUTE A10;48,73194131;2,3106088
202300043018;23;7;2023;19:00;1;24;24520;2;1;1;6;Rue Jean Gabin;44,893679;1,225802
202300043019;11;1;2023;17:55;3;94;94034;1;1;1;2;A6B;48,75359848;2,33149496
202300043020;23;7;2023;02:50;3;85;85101;1;2;1;3;RD 949;46,454131;-1,403603
202300043021;11;1;2023;09:05;1;91;91521;1;1;1;7;AUTOROUTE A6 ;48,63603;2,39996
202300043022;21;7;2023;14:45;1;27;27587;1;1;7;1;Rd 47;49,288327;0,641627
202300043023;11;1;2023;09:20;1;92;92047;1;1;8;2;A13;48,83477584;2,17317586
202300043024;22;7;2023;13:00;1;37;37111;1;2;1;3;Les Fouassiers;47,210677;1,134196
202300043025;10;1;2023;10:00;1;92;92050;1;1;2;4;A86;48,915308;2,22011012
202300043026;21;7;2023;17:03;1;68;68375;2;1;1;3;158 Rue de Reiningue;47,788908;7,226316
202300043027;10;1;2023;09:15;1;92;92050;1;1;2;3;A86;48,89184038;2,1783988
202300043028;23;7;2023;00:00;3;1;1089;1;1;1;6;A42 PK 034+800;45,962693;5,306379
202300043029;11;1;2023;17:32;5;93;93027;1;1;1;5;AUTOROUTE A86;48,92312;2,38254
202300043030;20;7;2023;12:00;1;31;31035;1;1;7;5;A61;43,535887;1,509805
202300043031;9;1;2023;22:00;3;92;92036;1;1;8;6;AUTOROUTE A15;48,94411853;2,28638822
202300043032;23;7;2023;12:00;1;40;40206;1;1;1;5;A641 - PK1+800;43,527269;-1,103268
202300043033;9;1;2023;15:00;1;92;92036;1;1;2;3;AUTOROUTE A15;48,94067835;2,29263081
202300043034;22;7;2023;11:30;1;34;34213;1;1;1;2;A9, PK 125+700;43,475242;3,65067
202300043035;11;1;2023;10:30;1;94;94022;1;1;1;2;A86;48,7761107;2,42505182
202300043036;11;1;2023;09:00;1;94;94079;1;1;1;3;A4;48,83592061;2,53990748