Num_Acc;jour;mois;an;hrmn;lum;dep;com;agg;int;atm;col;adr;lat;long
202300043037;22;7;2023;00:20;3;73;73128;1;1;1;6;A41;45,72807017;5,92382058
202300043038;11;1;2023;00:25;3;93;93051;1;1;2;6;A4;48,83636712;2,54936457
202300043039;23;7;2023;08:30;1;13;13051;1;1;1;2;A7 - GARE DE PEAGE LANCON PROVENCE - SUD / NORD;43,593431;5,176921
202300043040;10;1;2023;20:10;5;54;54395;2;3;1;6;Rue de Laxou;48,68518;6,15991
202300043041;23;7;2023;12:40;1;973;97312;1;1;1;6;N1;5,341472;-52,929425
202300043042;10;1;2023;07:55;2;25;25056;2;1;2;6;FLEMING BOULEVARD;47,227271;5,965537
202300043043;23;7;2023;00:05;3;77;77455;2;1;1;1;2 Rue du Moulin;48,655702;2,699419
202300043044;9;1;2023;17:20;2;42;42095;2;6;2;6;Rue de Chazeau;45,37988;4,27653
202300043045;22;7;2023;22:35;3;84;84034;1;1;1;1;D900;43,883202;4,966078
202300043046;6;1;2023;11:05;1;63;63075;2;1;2;6;ROYAT (AVENUE DE);45,76966;3,05783
202300043047;23;7;2023;07:20;1;6;6048;1;1;1;6;Route du Col de Nice;43,796508;7,354101
202300043048;6;1;2023;16:33;1;63;63113;2;1;1;6;CLEMENCEAU (AVENUE GEORGES);45,7752;3,08471
202300043049;22;7;2023;12:00;1;5;5079;1;1;1;7;D902b;45,06292;6,407325
202300043050;3;1;2023;19:00;4;62;62464;2;1;2;6;D947;50,491014;2,809118
202300043051;23;7;2023;02:00;3;26;26166;1;1;1;2;A7, sens S/N, PK 92+200;44,758821;4,794878
202300043052;10;1;2023;17:45;1;974;97409;1;1;1;6;RN2 SENS ST BENOIT ST DENIS;-20,94923;55,65413
202300043053;23;7;2023;03:40;4;38;38494;2;1;1;6;CD 517, Route de Morestel, Sablonnieres;45,690093;5,372781
202300043054;10;1;2023;14:57;1;973;97302;2;1;1;6;EBOUE (ROCADE FELIX);4,92878;-52,31648
202300043055;22;7;2023;19:00;1;26;26163;1;1;1;7;RD199;44,916134;5,198979
202300043056;10;1;2023;17:10;2;69;69387;2;1;1;2;Rue de l'Epargne;45,74313;4,8553
202300043057;22;7;2023;03:50;3;17;17184;1;3;1;3;RD 733;45,7766;-0,936208
202300043058;10;1;2023;10:45;1;69;69387;2;2;1;3;Boulevard Yves Farge;45,74338;4,83429
202300043059;21;7;2023;20:45;1;22;22050;1;1;1;1;Route de Calorguen;48,440405;-2,041891
202300043060;9;1;2023;21:10;3;972;97209;2;3;1;3;ANATOLE FRANCE (RUE);14,61111;-61,07007
202300043061;23;7;2023;12:00;1;22;22233;1;1;2;3;D15;48,714383;-3,081923
202300043062;8;1;2023;06:10;2;972;97209;1;1;1;5;RD 41 (ROCADE);14,6145;-61,053
202300043063;23;7;2023;13:00;1;76;76684;2;1;2;6;Route départementale 982;49,475253;0,462354
202300043064;10;1;2023;08:00;1;69;69149;2;2;1;6;Rue du Perron;45,7129;4,80718
202300043065;22;7;2023;15:40;1;60;60589;1;6;1;3;D1016;49,206737;2,462681
202300043066;10;1;2023;13:22;1;971;97101;2;2;1;3;8 MAI 1981 (BOULEVARD DU);16,2767;-61,50818
202300043067;23;7;2023;14:20;1;60;60088;1;1;1;5;D105;49,189817;2,19276
202300043068;23;7;2023;03:00;3;59;59191;1;1;1;6;départementale 111;50,040563;3,363233
202300043069;9;1;2023;12:20;1;91;91377;2;3;1;6;RUE DE VERSAILLES;48,73222;2,25606
202300043070;22;7;2023;06:56;2;13;13214;1;1;1;3;A507 sens Aubagne- Marseille;43,33004;5,40126
202300043071;10;1;2023;08:45;1;91;91421;2;1;1;7;SAULES (CHEMIN DES);48,69609;2,44524
202300043072;21;7;2023;08:36;1;13;13213;1;1;1;2;A507 sens Marseille - Aubagne;43,32992;5,411317
202300043073;10;1;2023;09:08;1;87;87085;2;6;2;3;QUEUILLE (PLACE HENRI);45,8152;1,26968
202300043074;21;7;2023;18:17;1;83;83144;1;1;1;6;A57;43,14139129;6,00396948
202300043075;9;1;2023;11:26;1;87;87085;2;1;2;6;BENEDICTINS (AVENUE DES);45,83313;1,26858
202300043076;22;7;2023;14:40;1;33;33167;1;1;1;3;ROUTE NATIONALE 230;44,821257;-0,517608
202300043077;9;1;2023;17:24;1;87;87085;1;1;2;6;RD941 (OUEST);45,8398;1,18395
202300043078;9;1;2023;17:46;5;78;78440;2;1;3;6;PAUL RAOULT (AVENUE);48,981449;1,912492
202300043079;22;7;2023;14:15;1;33;33192;1;1;1;3;AUTOROUTE A 63;44,7819;-0,635252
202300043080;22;7;2023;03:25;4;33;33013;1;9;1;2;ROUTE NATIONALE 89;44,8687384;-0,5026862
202300043081;21;7;2023;22:10;3;91;91689;1;1;1;5;AUTOROUTE A6B;48,74604;2,32573
202300043082;22;7;2023;16:00;1;92;92048;1;1;1;4;N118;48,79379358;2,21880725
202300043083;21;7;2023;23:45;3;93;93053;1;1;1;6;AUTOROUTE A86;48,89790505;2,46977341
202300043084;21;7;2023;19:10;1;94;94028;1;1;1;2;A86;48,79411216;2,44179389
202300043085;9;1;2023;17:15;3;77;77186;1;1;2;2;D607;48,447524;2,632788
202300043086;21;7;2023;06:15;2;77;77450;1;1;2;2;RN104;48,714558;2,599699
202300043087;10;1;2023;17:40;5;76;76575;2;1;2;4;Rue Fernand Léger;49,397884;1,10001291
202300043088;20;7;2023;15:50;1;83;83118;2;1;1;6;ROUTE DE SAINT-BARTHÉLEMY;43,43746;6,89218
202300043089;10;1;2023;07:45;2;76;76540;2;2;2;3;Boulevard des Belges;49,44423;1,08531
202300043090;19;7;2023;08:40;1;6;6069;1;1;1;6;SANTON (CHEMIN DU);43,641783;6,948673
202300043091;10;1;2023;10:10;1;74;74012;2;1;1;3;SOMMEILLER (RUE GERMAIN);46,19526;6,26871
202300043092;21;7;2023;09:50;1;976;97611;2;9;1;1;kaweni-Kaweni nord ( Z I );-12,76038;45,22659
202300043093;10;1;2023;08:35;1;72;72181;2;6;2;1;LECOUTEUX LIONEL (PL) N° 3;48,00593;0,20158
202300043094;21;7;2023;06:30;1;974;97411;2;2;1;3;LECONTE DE LISLE (AVENUE);-20,8943;55,48669
202300043095;20;7;2023;21:35;3;974;97411;2;1;1;3;REYDELLET (ROUTE JULES);-20,93569;55,49029
202300043096;9;1;2023;21:14;5;67;67482;2;3;2;3;Edmond Michelet (rue);48,57353;7,76663
202300043097;21;7;2023;07:20;1;974;97407;2;1;1;6;FERRY (RUE);-20,93568;55,2966
202300043098;10;1;2023;10:48;1;64;64102;2;1;1;3;Avenue Duvergier de Hauranne;43,48672;-1,46675
202300043099;21;7;2023;12:50;1;973;97302;2;1;1;7;MADELEINE (ROUTE DE LA);4,90986;-52,32154
202300043100;21;7;2023;14:00;1;69;69383;2;2;1;3;Avenue Lacassagne;45,74583;4,88765
202300043101;9;1;2023;20:22;5;64;64102;2;1;2;3;Avenue Paul Pras;43,48391;-1,47671
202300043102;21;7;2023;15:30;1;972;97213;2;6;1;6;ROUTE NATIONALE 1;14,61964;-60,99471
202300043103;21;7;2023;07:15;1;972;97213;1;1;1;6;N/A;14,6219;-60,99101
202300043104;21;7;2023;23:10;5;69;69385;2;1;1;6;22 Rue Commandant Charcot;45,75555;4,80925
202300043105;19;7;2023;09:20;1;69;69389;2;1;1;5;6 Quai Raoul Carrié;45,79909;4,8337
202300043106;19;7;2023;18:39;1;2B;2B120;2;1;1;6;IMPERIALE (Route) D464 ;42,6448;9,4341
202300043107;15;7;2023;18:00;1;95;95306;2;1;1;6;CONFLANS (RUE DE);48,99893;2,15193
202300043108;21;7;2023;15:15;1;91;91161;2;9;1;3;AV PIERRE BROSSOLETTE;48,70439;2,32226
202300043109;20;7;2023;21:19;1;87;87050;2;1;1;6;CASSIN (RUE RENE);45,86807;1,2374
202300043110;20;7;2023;02:24;4;87;87065;2;1;1;6;RD979;45,81159;1,34343
202300043111;21;7;2023;19:15;1;84;84035;2;2;1;2;TAILLADES-RD143 (ROUTES DES);43,838;5,066
202300043112;17;7;2023;17:20;1;76;76486;2;1;1;1;Rue d'Elbeuf;49,30105;0,99252
202300043113;21;7;2023;08:00;1;72;72181;2;6;1;3;DEMORIEUX PAIRS-ROCADE A RP D'ALLONNES;47,98765;0,1813
202300043114;21;7;2023;20:25;1;71;71306;2;1;1;6;JULES CHAGOT (QUAI);46,67231;4,35973
202300043115;21;7;2023;15:50;1;71;71306;2;1;1;7;ROGER SALENGRO (AVENUE);46,66853;4,36038
202300043116;21;7;2023;01:50;4;69;69029;2;1;1;2;Avenue François Mitterrand;45,73784533;4,92141192
202300043117;21;7;2023;07:57;1;66;66136;1;6;9;3;N/A;42,73092682;2,89556265
202300043118;20;7;2023;10:00;1;64;64024;2;3;1;3;ESPAGNE (AVENUE D');43,47658;-1,52629
202300043119;21;7;2023;01:32;5;63;63113;2;2;1;3;Bd jean Jaurès/Rue Joseph Girod;45,76789;3,08407
202300043120;18;7;2023;17:30;1;59;59512;2;2;1;3;DAMMARTIN (RUE);50,68222;3,17609
202300043121;21;7;2023;16:50;1;54;54439;2;3;1;3;Avenue Charles de Gaulle;48,70473;6,25016
202300043122;20;7;2023;12:25;1;51;51454;2;1;1;3;EPERNAY (AVENUE D') COTE IMPAIR;49,23245;4,01416
202300043123;20;7;2023;16:40;1;50;50129;2;1;1;2;PARIS (AVENUE DE);49,63138;-1,61759
202300043124;20;7;2023;13:15;1;50;50129;2;1;1;3;MAHIEU (RUE ALBERT);49,63961;-1,62523
202300043125;20;7;2023;17:56;1;49;49007;2;1;1;6;JEAN XXIII AVENUE;47,44556;-0,55788
202300043126;20;7;2023;23:20;5;42;42186;2;3;1;3;Pont Lamartine;45,52913;4,61606
202300043127;20;7;2023;19:45;1;42;42207;2;2;1;3;Boulevard Pierre Joannon;45,45538953;4,50579543
202300043128;21;7;2023;21:05;2;42;42071;2;1;1;6;Avenue de la République;46,02616;4,09272
202300043129;21;7;2023;09:35;1;41;41018;1;1;1;3;MOULIN (RUE JEAN);47,58626;1,32637
202300043130;21;7;2023;03:05;5;38;38421;2;1;1;1;AVENUE POTIE;45,17266;5,75652
202300043131;21;7;2023;19:45;1;35;35238;2;2;1;3;GAYEULLES (SQUARE DES);48,12949;-1,65387
202300043132;21;7;2023;08:10;1;35;35238;2;2;1;3;ROCHESTER (AVENUE DE);48,12784;-1,65747
202300043133;20;7;2023;22:28;5;35;35238;2;1;2;3;CHATEAUBRIAND (QUAI);48,11023;-1,67516
202300043134;21;6;2023;13:00;1;80;80600;1;3;7;2;D111;50,186132;1,69904
202300043135;21;6;2023;15:45;1;71;71240;1;1;1;3;;46,39966872;4,64990906
202300043136;19;6;2023;09:00;1;89;89003;2;3;1;1;;47,87560567;3,35540344
202300043137;21;6;2023;13:15;1;12;12052;2;3;1;3;37 Boulevard Paul Ramadier;44,571042;2,074694
202300043138;16;6;2023;16:00;1;22;22203;2;1;1;6;Plœuc-L'Hermitage;48,32628982;-2,84137197
202300043139;21;6;2023;15:00;1;39;39193;2;1;2;1;Route de Chaussin;46,949944;5,498582
202300043140;20;6;2023;21:20;3;25;25442;1;1;1;6;D129;46,84286;6,333382
202300043141;19;6;2023;18:20;1;44;44101;2;6;1;7;Rond-point du chat qui guette ;47,19199451;-1,69615924
202300043142;20;6;2023;23:45;3;44;44212;1;1;1;1;;47,1552;-1,255531
202300043143;19;6;2023;16:00;1;44;44194;1;1;1;4;11 Bel Abord;47,27575694;-1,71381891
202300043144;20;6;2023;12:00;1;35;35224;1;1;1;6;Le Domaine;48,527928;-1,832729
202300043145;21;6;2023;18:00;1;29;29097;1;1;1;2;Pont Croix;48,497682;-4,055296
202300043146;20;6;2023;19:28;1;1;1196;1;3;1;1;Route de Chalon;46,388485;5,11604
202300043147;21;6;2023;08:00;1;70;70504;1;1;2;6;Rue du Moulin de Velet;47,609715;5,954847
202300043148;21;6;2023;16:30;1;58;58150;1;1;1;6;D34;47,320032;3,566952
202300043149;21;6;2023;00:30;3;66;66218;1;6;1;1;;42,451018;1,955196
202300043150;21;6;2023;16:45;1;72;72011;1;1;1;6;lieu dit le brindeau;48,34051466;0,0055933
202300043151;20;6;2023;15:00;1;72;72198;2;6;1;7;route du mans;48,061048;0,140703
202300043152;21;6;2023;17:40;1;5;5123;1;1;1;1;Route de Veynes;44,561923;5,935847
202300043153;20;6;2023;17:30;1;64;64229;1;1;3;7;CD 933;43,213539;-1,132525
202300043154;20;6;2023;15:35;1;73;73007;1;1;1;5;D1090;45,571459;6,22911645
202300043155;21;6;2023;14:20;1;73;73084;1;1;1;1;D21B Route des Bauges;45,524939;6,006668
202300043156;20;6;2023;17:05;1;36;36007;1;1;1;3;N/A;46,92559;1,497853
202300043157;20;6;2023;09:51;1;16;16280;1;3;1;3;Route de Mansle;45,763773;0,368203
202300043158;17;6;2023;11:10;1;85;85294;2;6;1;3;86 Boulevard des vendéens;46,348257;-1,404957
202300043159;20;6;2023;18:25;1;85;85084;1;3;1;3;RD160;46,749367;-1,261142
202300043160;20;6;2023;15:40;1;30;30192;1;1;1;7;ROUTE DE NIMES  - D 999 - PK 053;43,881033;4,051546
202300043161;20;6;2023;20:15;1;52;52070;1;1;1;1;D428;47,80688143;5,26150727
202300043162;20;6;2023;16:20;1;24;24297;1;1;1;2;A89;44,986643;0,081206
202300043163;21;6;2023;00:30;5;978;97801;2;1;1;3;RN7 - Route de BELLE PLAINE - QUARTIER D'ORLEANS;18,067091;-63,037255
202300043164;21;6;2023;09:45;1;69;69102;1;1;1;3;Autoroute 89;45,866555;4,392772
202300043165;21;6;2023;07:30;1;6;6088;1;1;1;2;A8;43,723545;7,228146
202300043166;21;6;2023;22:45;5;974;97424;2;1;1;1;Rue de la Mare à Joncs;-21,134985;55,476252
202300043167;20;6;2023;00:40;3;971;97116;1;1;1;1;Nationale 5;16,323074;-61,472347
202300043168;21;5;2023;18:00;1;971;97115;2;1;1;6;Chemin de Ravine Chaude;16,232785;-61,667488
202300043169;21;6;2023;13:45;1;45;45096;1;2;1;3;D44 PR 8 + 1;47,771846;2,607161
202300043170;20;6;2023;22:40;3;34;34103;1;1;1;7;RD128;43,547657;3,414738
202300043171;19;6;2023;23:40;5;34;34092;2;1;1;6;65 Avenue de Saint-Pons;43,35926613;2,94214512
202300043172;21;6;2023;07:05;1;84;84092;1;1;2;2;Route de Sorgues (rd 907);43,96324;4,851049
202300043173;10;6;2023;17:10;1;83;83104;1;1;1;7;D23;43,56783;5,74276
202300043174;14;6;2023;15:40;1;13;13041;1;1;1;6;Route de Greasque;43,4486;5,510958
202300043175;21;6;2023;13:15;1;71;71586;1;1;1;1;D33;46,482515;4,344315
202300043176;21;6;2023;12:10;1;38;38374;1;1;1;1;D54;45,615043;5,389711
202300043177;20;6;2023;22:26;3;69;69215;1;1;1;6;Route de Longsard;46,0334297;4,68313098
202300043178;20;6;2023;11:40;1;69;69141;2;2;1;3;Route de Givors;45,614484;4,673288
202300043179;1;6;2023;18:10;1;81;81092;2;3;1;3;Brasis;43,67486;1,94208
202300043180;21;6;2023;10:10;1;31;31248;2;6;8;6;Avenue du Comminges;43,453672;1,39329
202300043181;17;6;2023;05:45;2;40;40019;1;1;1;6;199 Route des Lacs;44,212377;-1,205497
202300043182;18;6;2023;21:30;2;59;59101;1;1;3;6;Lieu Dit Gerard Croix;50,257296;4,168319
202300043183;19;6;2023;19:15;1;59;59581;1;1;1;6;D122;50,667777;2,772878
202300043184;20;6;2023;19:00;1;13;13214;1;1;1;4;A507 sens Marseille - Aubagne;43,339709;5,376689
202300043185;20;6;2023;14:30;1;13;13202;1;1;1;2;Tunnel Joliette Marseille vers Aubagne;43,3020788;5,36450012
202300043186;19;6;2023;18:45;1;13;13215;1;1;1;3;A7-Sens Marseille vers Lyon;43,35021;5,3685
202300043187;20;6;2023;15:00;1;33;33397;1;1;1;3;AUTOROUTE A 10;44,91421;-0,4802
202300043188;19;6;2023;21:15;2;33;33550;1;9;1;6;;44,782643;-0,587073
202300043189;20;6;2023;09:35;1;59;59386;1;1;1;6;ROUTE DEPARTEMENTALE 652;50,68319;3,06855
202300043190;20;6;2023;12:59;1;94;94043;1;1;1;2;A6B;48,80839441;2,34798035
202300043191;13;6;2023;16:30;1;78;78431;1;1;1;4;A13;48,935874;1,962439
202300043192;19;6;2023;19:25;1;93;93064;1;1;1;3;AUTOROUTE A86;48,87828;2,47673
202300043193;19;6;2023;08:20;1;93;93027;1;1;1;5;AUTOROUTE A86;48,92648671;2,40257539
202300043194;18;6;2023;19:00;1;95;95018;1;1;3;2;A15;48,96192;2,26767
202300043195;17;6;2023;23:55;3;93;93066;1;1;1;4;AUTOROUTE A1;48,93036;2,36622
202300043196;16;6;2023;06:10;1;93;93053;1;1;1;6;AUTOROUTE A3;48,89912191;2,46932995
202300043197;16;6;2023;04:25;3;95;95678;1;1;1;6;N104;49,071489;2,244523
202300043198;15;6;2023;15:30;1;95;95424;1;1;1;2;A15;48,99193;2,18987
202300043199;14;6;2023;09:15;1;93;93064;1;1;1;3;AUTOROUTE A86;48,87092;2,48233
202300043200;20;6;2023;16:30;1;77;77514;1;1;3;2;A104;48,940858;2,628409
202300043201;20;6;2023;13:00;1;77;77294;1;1;1;2;A104;48,962395;2,615572
202300043202;19;6;2023;06:30;1;77;77083;1;1;1;2;A4.W;48,83052112;2,60996707
202300043203;18;6;2023;00:20;3;77;77294;1;1;1;2;A104;48,96247225;2,61535863
202300043204;14;6;2023;14:30;1;75;75112;1;1;1;3;A4;48,821001;2,461626
202300043205;16;6;2023;11:15;1;71;71306;2;6;1;6;LILLE (RUE DE);46,69079;4,356604
202300043206;19;6;2023;14:30;1;64;64024;2;1;1;3;CINQ CANTONS (RUE DES);43,48567;-1,51945
202300043207;19;6;2023;06:17;1;987;98735;2;1;1;6;C U SACREE;2;2
202300043208;18;6;2023;18:55;5;974;97407;2;1;1;6;RUE VERLAINE;-20,94169456;55,31120002
202300043209;19;6;2023;19:40;5;973;97302;2;1;1;2;MADELEINE (ROUTE DE LA);4,90792;-52,322
202300043210;19;6;2023;14:15;1;973;97302;2;3;1;4;MONTABO (ROUTE DE) 4;4,9325383;-52,29043454
202300043211;19;6;2023;17:45;1;69;69387;2;1;1;5;Avenue Jean Jaurès;45,75332;4,84662
202300043212;17;6;2023;00:35;5;972;97209;1;1;1;4;AUTOROUTE (A1);14,6147;-61,04774
202300043213;19;6;2023;07:35;1;69;69081;2;3;8;7;Boulevard de la Duchère;45,77583;4,79454
202300043214;15;6;2023;15:40;1;69;69384;2;3;1;3;Rue Villeneuve;45,77496674;4,82875599
202300043215;18;6;2023;16:00;1;971;97101;2;1;1;6;LES CARBETS;16,25526;-61,52906
202300043216;19;6;2023;15:20;1;2A;2A004;2;1;1;2;BONAPARTE CHARLES  BD (APRES MAL LYAUTEY;41,93388;8,75085
202300043217;19;6;2023;19:40;1;95;95585;2;1;1;6;PAUL VALERY (AVENUE);48,978949;2,38194
202300043218;19;6;2023;08:30;1;95;95277;1;1;1;2;D170;48,97787855;2,44667351
202300043219;15;6;2023;22:24;5;95;95488;2;3;1;7;D106;49,00219584;2,18505621
202300043220;19;6;2023;18:40;1;91;91657;2;1;1;1;RUE JEAN CORRINGER;48,70935;2,43576
202300043221;19;6;2023;15:20;1;91;91514;2;9;2;2;RUE DE LA MARNIERE;48,68134;2,53568
202300043222;15;6;2023;10:40;1;91;91479;2;2;1;5;AV JEAN JAURES;48,71173;2,36947
202300043223;19;6;2023;11:20;1;86;86194;2;1;2;3;D910;46,55343;0,30557
202300043224;19;6;2023;16:15;1;82;82121;1;3;1;3;Chemin de LAMOTHE;44,06302;1,38611
202300043225;15;6;2023;19:20;1;81;81033;1;1;1;1;BLAYE ( AVENUE DE );44,0430569;2,1265293
202300043226;16;6;2023;19:50;1;80;80021;2;3;1;3;PAIX (AVENUE DE LA);49,91167;2,30602
202300043227;13;6;2023;11:20;1;80;80021;2;1;1;6;ALEXANDRE DUMAS (RUE);49,87465;2,28653
202300043228;20;6;2023;00:45;5;78;78481;2;6;1;3;CHARLES DE GAULLE (RUE);48,88942;2,10386
202300043229;19;6;2023;18:20;1;78;78172;2;3;1;3;DE GAULLE (BD DU GENERAL);49,00705;2,11846
202300043230;19;6;2023;07:25;2;77;77495;1;1;8;6;D346;48,55735;2,61111
202300043231;19;6;2023;08:39;1;77;77335;1;1;1;3;RN3 (ROUTE NATIONALE);48,95665;2,85791
202300043232;18;6;2023;06:55;2;76;76351;2;1;1;6;IENA (D');49,49147;0,13572
202300043233;18;6;2023;19:20;1;76;76447;1;1;2;6;RD 6382;49,52516;0,18294
202300043234;17;6;2023;15:45;1;76;76351;2;2;1;3;DEMIDOFF (RUE);49,49761;0,13743
202300043235;16;6;2023;21:05;1;76;76305;2;1;1;6;ELSA TRIOLET;49,50434;0,23527
202300043236;10;6;2023;22:20;5;74;74012;2;2;1;3;BONNEVILLE (ROUTE DE);46,18612;6,23641
202300043237;19;6;2023;19:30;1;74;74012;2;1;1;2;FERRY (AVENUE JULES);46,19;6,23
202300043238;12;6;2023;20:03;1;72;72181;2;1;1;6;GALOPIERE (RUE DE LA);47,98;0,18664
202300043239;18;6;2023;05:35;2;72;72095;2;1;1;2;COCTEAU JEAN (RUE);48,0293;0,20139
202300043240;18;6;2023;14:45;1;72;72181;2;9;1;6;JAURES JEAN (AV) N° PAIRS 60 ET >;47,993548;0,204308
202300043241;17;6;2023;00:25;5;72;72181;2;1;1;6;ESTIENNE D'ORVES (BD D');47,986;0,18219
202300043242;16;6;2023;00:12;5;71;71040;2;1;1;6;FELIX CLERC (RUE);46,69599;4,38524
202300043243;17;6;2023;21:00;1;69;69029;2;1;1;3;Route de Genas;45,75108;4,90723
202300043244;17;6;2023;13:45;1;69;69271;2;3;1;5;Avenue des Tarentelles;45,7389824;4,95897522
202300043245;17;6;2023;11:20;1;69;69259;1;9;1;4;Boulevard Laurent Bonnevay;45,72014;4,88151
202300043246;17;6;2023;04:54;5;69;69029;2;1;1;2;Avenue Franklin Roosevelt;45,73444;4,90611
202300043247;18;6;2023;03:05;5;67;67267;2;1;1;6;ALFRED KASTLER (RUE);48,54998;7,68878
202300043248;14;6;2023;16:00;1;67;67043;2;1;1;2;PERIGUEUX (AVENUE DE);48,61422;7,74773
202300043249;18;6;2023;13:08;1;67;67180;2;1;1;6;BISCHWILLER (ROUTE DE);48,80893611;7,79836178
202300043250;17;6;2023;15:00;1;66;66136;2;1;1;3;;42,69534;2,88882
202300043251;16;6;2023;23:25;5;66;66136;2;1;1;6;;42,6905;2,87437
202300043252;16;6;2023;19:49;1;66;66136;2;1;1;6;;42,663641;2,89043
202300043253;19;6;2023;09:14;1;64;64024;2;3;2;3;BARTHES (RUE DES);43,48421;-1,50676
202300043254;16;6;2023;04:50;2;62;62262;2;2;1;4;D 941;50,51334;2,751674
202300043255;19;6;2023;18:15;1;61;61497;1;1;1;6;Voie Communale;48,46654;0,0866
202300043256;23;6;2023;16:35;1;60;60159;2;1;1;6;Rue du Grand Ferré;49,418419;2,822924
202300043257;19;6;2023;19:45;1;59;59367;2;3;1;3;PARC DES SPORTS (AVENUE DU);50,67588404;3,20407033
202300043258;19;6;2023;12:40;1;59;59599;2;3;1;3;GUERRE (RUE FIN DE LA);50,728535;3,147175
202300043259;16;6;2023;15:15;1;54;54498;2;3;7;6;Rue des Grands Prés;48,71376959;6,25082374
202300043260;17;6;2023;16:40;1;51;51454;2;1;1;3;CHANZY (RUE);49,25263;4,03157
202300043261;16;6;2023;18:10;1;51;51172;2;1;1;7;TAISSY (ROUTE);49,220984;4,061151
202300043262;16;6;2023;15:25;1;51;51454;2;1;1;5;LAON (AVENUE) DU N° 51 A 217 ET DU N° 62;49,26481;4,02653
202300043263;15;6;2023;15:14;1;51;51454;2;1;1;3;PAIX (BOULEVARD DE LA);49,251627;4,041609
202300043264;18;6;2023;17:10;1;50;50129;2;1;1;6;NORMANDIE (AVENUE DE);49,62626;-1,62937
202300043265;17;6;2023;14:55;1;49;49353;2;1;1;1;PAPERIE;47,45412;-0,51608
202300043266;17;6;2023;08:59;1;49;49007;2;6;1;3;LECUIT;47,49055;-0,56463
202300043267;16;6;2023;14:11;1;49;49007;2;6;1;6;MONTAIGNE AVENUE;47,4666;-0,52576
202300043268;14;6;2023;17:50;1;48;48095;2;3;1;1;PIENCOURT (ALLEE);44,52031919;3,50359932
202300043269;19;6;2023;15:45;1;45;45285;2;1;2;6;122 Rue des Agates;47,920525;1,878159
202300043270;14;6;2023;15:30;1;43;43157;2;1;1;6;Av du General Charles de Gaulle;45,041098;3,88274
202300043271;19;6;2023;11:58;1;37;37261;2;1;1;6;HALLES (RUE DES);47,39373;0,68615
202300043272;19;6;2023;14:50;1;35;35278;2;1;1;3;GROS MALHON (AVENUE);48,13659961;-1,68622568
202300043273;17;6;2023;21:55;5;33;33281;2;2;3;3;Rue Emile Combes;44,83257101;-0,61258703
202300043274;15;6;2023;07:56;1;33;33249;2;3;1;3;Quai Chaigneau Bichon;44,87930256;-0,53322181
202300043275;19;6;2023;08:10;1;30;30007;2;2;1;3;STALINGRAD (AVENUE DE);44,12492;4,08903
202300043276;18;6;2023;13:20;1;29;29019;2;1;1;6;rue de Valmy;48,40077;-4,46691
202300043277;9;6;2023;14:33;1;29;29019;2;1;1;6;boulevard Léon Blum;48,40238;-4,484157
202300043278;15;6;2023;07:45;1;27;27681;2;1;1;6;BONNARD (RUE PIERRE);49,10038;1,48744
202300043279;2;6;2023;02:45;3;22;22113;2;1;1;6;MAIRIE (RUE DE LA);48,73221;-3,45894
202300043280;12;6;2023;21:35;1;19;19031;2;1;2;6;POMPIDOU (AVENUE GEORGES);45,1577;1,54499
202300043281;15;6;2023;17:30;1;17;17300;2;9;1;7;SENAC DE MEILHAN   RUE;46,15032;-1,15216
202300043282;19;6;2023;18:10;1;13;13019;1;1;1;1;ROUTE DE RANS;43,43355;5,3794
202300043283;19;6;2023;18:40;1;13;13203;2;1;1;2;NATIONAL (BOULEVARD);43,3088;5,38062
202300043284;19;6;2023;08:40;1;13;13203;2;9;1;2;PLOMBIERES (BOULEVARD DES);43,32016;5,37742
202300043285;18;6;2023;03:25;5;13;13210;2;1;1;7;ELIE WIESEL (BD);43,27677;5,42625
202300043286;16;6;2023;22:30;5;13;13206;2;1;1;6;GENES (RUE DE);43,2833635;5,38578486
202300043287;19;6;2023;12:00;1;13;13063;2;9;1;3;QUENOUILLE RUE DE LA;43,58994;4,99401
202300043288;15;6;2023;17:30;1;13;13005;2;1;1;3;LAGUNAS (AVENUE SIMON);43,2938;5,5636
202300043289;15;6;2023;20:00;1;11;11262;2;3;1;3;18 Avenue Elie Sermet;43,187043;3,010546
202300043290;15;6;2023;19:10;1;11;11069;2;3;1;3;2 Avenue du Souvenir Francais;43,20849;2,38383
202300043291;19;6;2023;08:01;1;10;10387;2;1;1;2;VOULDY (CHAUSSEE DU);48,2919;4,08663
202300043292;17;6;2023;08:05;1;10;10387;2;3;1;3;VICTOR HUGO (RUE);48,29343;4,06873
202300043293;16;6;2023;18:15;1;10;10387;2;1;1;3;PIERRE BROSSOLETTE (RUE);48,29238;4,07408
202300043294;19;6;2023;13:30;1;6;6088;2;1;1;2;GLORIA (AV.);43,69147;7,24331
202300043295;19;6;2023;08:30;1;6;6069;2;1;1;4;CHAPELLE SAINT ANTOINE (CHEMIN DE LA);43,645932;6,932297
202300043296;19;6;2023;13:27;1;6;6027;2;1;1;3;GARE AVENUE DE LA;43,65857;7,14768
202300043297;19;6;2023;13:15;1;75;75117;2;1;1;4;BD PERIPHERIQUE INTERIEUR;48,885193;2,287302
202300043298;19;6;2023;09:40;1;75;75116;2;1;1;3;BD PERIPHERIQUE INTERIEUR;48,869784;2,271684
202300043299;19;6;2023;08:50;1;75;75119;2;1;1;5;BD PERIPHERIQUE INTERIEUR;48,890899;2,395809
202300043300;19;6;2023;10:40;1;75;75115;2;4;1;2;BD PERIPHERIQUE INTERIEUR;48,82609326;2,29883373