Num_Acc;jour;mois;an;hrmn;lum;dep;com;agg;int;atm;col;adr;lat;long
202300043301;19;6;2023;10:50;1;75;75116;2;4;1;3;PORTE DAUPHINE;48,869784;2,271684
202300043302;18;6;2023;17:55;5;75;75116;2;1;1;3;PORT D AUTEUIL;48,844089;2,254686
202300043303;17;6;2023;13:35;1;75;75114;2;1;1;1;PORTE D ORLEANS;48,821065;2,320486
202300043304;16;6;2023;23:11;5;75;75112;2;1;1;3;BD PERIPHERIQUE EXTERIEUR;48,832542;2,406109
202300043305;16;6;2023;09:50;1;75;75112;2;1;1;3;ECHANGEUR BERCY;48,82690335;2,39188671
202300043306;15;6;2023;13:00;1;75;75115;2;4;1;3;PORTE DE SEVRES;48,834973;2,273399
202300043307;19;6;2023;14:29;1;75;75105;2;3;1;2;RUE DU CARDINAL LEMOINE;48,846604;2,351622
202300043308;19;6;2023;21:55;5;75;75119;2;9;1;6;AVENUE SIMON BOLIVAR;48,875929;2,381182
202300043309;19;6;2023;17:50;1;75;75119;2;3;1;2;AVENUE JEAN JAURES;48,886973;2,38636
202300043310;19;6;2023;12:10;1;75;75119;2;3;1;2;RUE DE CRIMEE;48,879579;2,389482
202300043311;19;6;2023;09:35;1;75;75116;2;7;1;2;PLACE CHARLES DE GAULLE;48,872803;2,294317
202300043312;15;6;2023;11:10;1;75;75117;2;2;1;6;BOULEVARD GOUVION SAINT CYR;48,883077;2,287484
202300043313;19;6;2023;16:30;1;75;75113;2;3;1;6;RUE DE LA SANTE;48,82848;2,3416
202300043314;19;6;2023;13:25;1;75;75113;2;3;1;3;BOULEVARD KELLERMANN;48,820188;2,347991
202300043315;19;6;2023;11:20;1;75;75113;2;3;1;3;RUE JENNER;48,834499;2,363845
202300043316;19;6;2023;03:40;5;75;75111;2;3;1;2;AVENUE DE LA REPUBLIQUE;48,863368;2,384512
202300043317;19;6;2023;12:48;1;75;75110;2;1;1;6;RUE DE MARSEILLE;48,871644;2,363627
202300043318;18;6;2023;23:30;5;75;75110;2;3;1;4;BOULEVARD DE BONNE NOUVELLE;48,870364;2,349567
202300043319;19;6;2023;18:50;1;75;75108;2;1;1;3;AVENUE GEORGE V;48,865422;2,30141
202300043320;18;6;2023;20:30;1;75;75107;2;3;1;3;BOULEVARD SAINT GERMAIN;48,86194;2,319841
202300043321;17;6;2023;16:40;1;75;75101;2;3;3;2;RUE DU LOUVRE;48,862973;2,341882
202300043322;17;6;2023;10:40;1;75;75103;2;2;1;7;RUE BEAUBOURG;48,863742;2,354894
202300043323;16;6;2023;11:50;1;75;75101;2;2;1;1;RUE DE RIVOLI;48,858531;2,348233
202300043324;19;6;2023;12:55;1;94;94078;2;1;1;1;Rue de Paris;48,73117236;2,44693731
202300043325;16;6;2023;14:10;1;94;94068;2;1;1;6;Avenue Louis Blanc;48,79280603;2,49752377
202300043326;19;6;2023;15:10;1;94;94073;2;9;1;3;2 rue du Luxembourg;48,762592;2,369922
202300043327;19;6;2023;11:40;1;94;94028;2;6;1;2;Route de la Pompadour;48,76693926;2,47228807
202300043328;16;6;2023;06:15;1;94;94022;2;1;1;6;44 Avenue de Newburn;48,75397081;2,41209608
202300043329;4;11;2023;15:35;1;93;93066;1;1;1;4;AUTOROUTE A1;48,90894;2,35821
202300043330;4;11;2023;02:05;3;95;95527;1;1;1;2;A1;48,99194;2,51301
202300043331;3;11;2023;23:40;3;95;95572;1;9;1;5;N184;49,03549763;2,11711049
202300043332;4;11;2023;17:00;1;94;94033;1;1;1;3;A86;48,85116637;2,49060216
202300043333;4;11;2023;15:00;1;77;77053;1;1;3;5;RN104;48,69839941;2,59402346
202300043334;6;6;2023;10:30;1;78;78350;2;1;1;3;VERSAILLES (ROUTE DE);48,85248;2,10824
202300043335;9;8;2023;15:10;1;13;13039;1;1;1;2;RN 568;43,42791;4,96298
202300043336;10;6;2023;15:46;1;93;93053;2;8;1;3;Avenue Galliéni / Rue de Paris;48,90344;2,4685
202300043337;3;11;2023;07:00;1;976;97611;2;1;1;6;kaweni-SPPM ( rue de la );-12,77031;45,22384
202300043338;3;11;2023;20:00;5;974;97416;2;1;1;1;ROLLAND GARROS (CHEMIN) CD29 (2);-21,33163;55,52727
202300043339;4;11;2023;00:40;3;974;97411;2;1;2;7;MONTAGNE (ROUTE DE LA);-20,88572;55,43888
202300043340;3;11;2023;19:55;5;974;97411;2;1;2;3;TOPAZES(ALLEE DES);-20,89263;55,44392
202300043341;3;11;2023;18:40;2;974;97411;2;6;3;7;JAURES (BLD 1 JEAN);-20,89977;55,47979
202300043342;3;11;2023;13:38;1;974;97411;1;1;3;3;QUATRE VOIES GILLOT (ROUTE A);-20,89501;55,50278
202300043343;3;11;2023;18:40;5;69;69388;2;2;2;3;Boulevard des Etats-Unis;45,73124;4,86628
202300043344;3;11;2023;18:43;3;972;97213;1;1;1;6;ROUTE NATIONALE 1;14,62521793;-60,98037823
202300043345;3;11;2023;17:05;2;972;97213;2;9;1;7;LEOPOLD BISSOL (RUE);14,6187;-60,99491
202300043346;15;5;2023;04:35;3;88;88319;1;1;1;6;D37a;48,391584;6,862137
202300043347;3;11;2023;07:33;1;972;97209;1;1;2;4;RD 41 (ROCADE);14,61123158;-61,07999616
202300043348;14;5;2023;16:25;1;67;67415;1;1;1;6;D28;48,899159;7,517481
202300043349;1;11;2023;22:50;5;971;97101;2;3;1;5;PATRICK SAINT ELOI ( AVENUE );16,25383;-61,52353
202300043350;3;11;2023;23:10;3;91;91514;1;1;1;6;CD 33;48,67296;2,52468
202300043351;16;5;2023;15:23;1;85;85018;1;1;1;1;RD 22;46,899977;-2,06265
202300043352;3;11;2023;14:45;1;84;84087;1;1;1;1;MARTIGNAN (CHEMIN);44,13392;4,782877
202300043353;3;11;2023;21:00;5;83;83069;2;2;1;3;GALLIENI (RUE MARECHAL);43,1194;6,12627
202300043354;15;5;2023;16:30;1;971;97125;2;1;2;7;chemin militaire;16,260694;-61,290439
202300043355;15;5;2023;19:30;1;77;77095;1;1;8;7;D139;48,959197;2,76827
202300043356;26;10;2023;21:35;5;78;78123;2;3;3;2;EUROPE (RN 190) AVENUE DE L';48,938721;2,035945
202300043357;16;5;2023;17:50;1;78;78443;1;1;1;2;départementale 912;48,804291;1,867161
202300043358;3;11;2023;20:10;5;78;78498;2;1;2;6;RD 30;48,94129;2,05804
202300043359;15;5;2023;08:30;1;2B;2B303;1;1;1;2;Dispensa;42,293183;9,54721
202300043360;3;11;2023;14:35;1;72;72181;2;1;1;6;DURAND GEORGES (AV) N° IMP 143 AU 197;47,978;0,213
202300043361;16;5;2023;00:43;3;66;66212;1;1;6;1;N/A;42,755532;3,020752
202300043362;3;11;2023;18:30;5;69;69259;2;1;8;3;Boulevard de Jodino;45,69131;4,88205
202300043363;3;5;2023;22:00;3;34;34183;1;1;1;1;RD609;43,299041;3,151553
202300043364;3;11;2023;07:30;2;69;69290;2;3;1;6;Rue Colette;45,69174;4,93876
202300043365;16;5;2023;12:40;1;84;84019;1;3;6;1;d994;44,28512;4,72570896
202300043366;3;11;2023;19:19;5;67;67482;2;8;1;3;VICTOIRE (BOULEVARD DE LA);48,58412;7,75909
202300043367;12;5;2023;11:20;1;89;89453;1;1;1;2;N/A;47,78459;3,52149
202300043368;16;5;2023;14:45;1;73;73137;1;1;1;1;D912;45,54511;5,91662
202300043369;19;8;2023;20:10;1;64;64260;2;2;1;3;IRANDATZ ( RUE D');43,35361;-1,774282
202300043370;14;5;2023;14:15;1;29;29169;1;1;1;3;Kerhuella;48,086651;-4,207356
202300043371;2;11;2023;07:15;5;64;64445;2;4;3;3;RESISTANCE;43,30564;-0,3761
202300043372;10;5;2023;19:50;1;22;22143;1;1;1;2;RD 786;48,609065;-2,311281
202300043373;3;11;2023;15:15;1;63;63113;2;3;1;3;Av Michelin / rue Strasbourg;45,78185;3,09865
202300043374;20;10;2023;19:15;5;62;62525;2;9;1;6;Rue de la Libération;50,74169;2,26146
202300043375;16;5;2023;13:51;1;60;60589;2;3;1;3;89 Rue Olympe de Gouges;49,237134;2,464587
202300043376;3;11;2023;11:57;1;59;59279;2;1;1;2;RONCQ (BOULEVARD);50,77225584;3,12764312
202300043377;15;5;2023;07:25;1;60;60141;2;1;1;1;Avenue du Maréchal Joffre;49,186044;2,460669
202300043378;3;11;2023;16:00;1;59;59328;2;1;1;3;HIPPODROME AV DE L N°134 AU 240;50,64375;3,02916
202300043379;16;5;2023;13:10;1;60;60196;1;3;1;1;D927;49,290643;2,089773
202300043380;3;11;2023;10:30;1;59;59350;2;1;1;1;MONTEBELLO BOULEVARD N° RESTE;50,62244;3,04561
202300043381;15;5;2023;07:00;1;83;83144;1;1;1;2;A57;43,13359748;5,98536712
202300043382;2;11;2023;14:22;1;59;59360;2;9;6;1;PARE AMBROISE RUE;50,60222;3,03561
202300043383;15;5;2023;13:40;1;91;91228;1;1;1;5;AUTOROUTE A6;48,61792;2,42775
202300043384;3;11;2023;23:37;5;57;57463;2;1;1;1;DEVILLY (RUE );49,1033;6,19479
202300043385;14;5;2023;07:30;1;92;92025;1;1;1;6;A86;48,92912436;2,24069854
202300043386;3;11;2023;18:30;5;54;54184;2;1;8;6;Avenue de Saulxures;48,70528323;6,24562025
202300043387;16;3;2023;17:00;1;74;74112;2;1;1;3;Route de Sillingy (epagny);45,9374;6,099896
202300043388;2;11;2023;14:20;1;54;54547;2;1;2;6;PERI (RUE GABRIEL);48,665676;6,175711
202300043389;14;3;2023;14:45;1;74;74010;2;1;3;6;Rue des mouettes;45,911389;6,152832
202300043390;3;11;2023;08:50;1;51;51454;2;3;1;1;LUNDY (BOULEVARD);49,25808;4,03836
202300043391;13;3;2023;17:30;1;74;74012;2;9;1;6;THONON (ROUTE DE);46,19399787;6,25789275
202300043392;1;11;2023;16:20;1;50;50129;2;1;1;6;FOUACE (RUE GUILLAUME);49,6386;-1,62942
202300043393;8;3;2023;14:05;1;74;74195;1;1;2;1;route de bellegarde;46,011233;5,950556
202300043394;1;11;2023;15:20;1;50;50129;2;2;7;3;LOUIS PHILIPPE (RUE);49,6407;-1,61394
202300043395;3;3;2023;06:30;3;74;74088;1;3;1;3;D27;46,04841;6,085331
202300043396;3;11;2023;13:29;1;49;49007;2;1;1;2;SAINT JULIEN RUE ET IMPASSE;47,47021;-0,55189
202300043397;14;5;2023;14:55;1;974;97416;1;1;1;7;MAURICE THOREZ(CHEMIN);-21,26851;55,47622
202300043398;3;11;2023;07:30;2;45;45234;2;3;1;3;15 Rue Ferdinand Farcinade;47,88429;1,88193
202300043399;14;5;2023;19:10;3;974;97411;1;1;2;4;LITTORAL (ROUTE 1 DU);-20,87405;55,4284
202300043400;3;11;2023;10:45;1;44;44162;2;1;1;2;15 Rue du Tisserand;47,22051;-1,64601
202300043401;14;5;2023;09:50;1;973;97302;2;1;1;3;MADELEINE (ROUTE DE LA);4,90937;-52,32156
202300043402;30;10;2023;16:15;1;41;41269;2;1;1;6;INDUSTRIE (BOULEVARD DE L');47,80042;1,04397
202300043403;14;5;2023;06:00;2;973;97302;2;1;2;7;ADJUDANT PINDARD (RUE);4,93562397;-52,33450422
202300043404;13;5;2023;20:45;5;972;97213;1;9;1;6;BOIS CARRE (RUE DU);14,63269;-60,99618
202300043405;3;11;2023;23:55;1;41;41295;1;1;8;6;RD 923;47,56161;1,39683
202300043406;14;5;2023;02:35;5;69;69382;2;2;3;3;15 Rue Auguste Comte;45,75506;4,83125
202300043407;3;11;2023;14:05;1;37;37122;2;6;8;3;CHINON (BOULEVARD DE);47,35063;0,67783
202300043408;14;5;2023;11:55;1;971;97113;1;1;1;4;RN4-ROND POINT SAINT FELIX;16,20775835;-61,4610064
202300043409;14;5;2023;07:05;1;2A;2A004;1;1;1;2;T20;41,9323;8,8019
202300043410;3;11;2023;20:30;5;35;35238;2;1;1;4;HAUTES-OURMES (BD DES);48,0875591;-1,64546549
202300043411;3;11;2023;18:40;2;35;35238;2;1;1;6;PAYS-BAS (AVENUE DES);48,086152;-1,6610679
202300043412;14;5;2023;01:24;5;95;95424;2;9;1;3;PONTOISE (BOULEVARD DE);48,98597429;2,1818912
202300043413;14;5;2023;14:45;1;91;91377;2;6;1;6;AV SAINT MARC;48,7299;2,28822
202300043414;3;11;2023;14:45;1;35;35238;1;1;1;2;RN136;48,13174;-1,70863
202300043415;14;5;2023;19:02;1;69;69029;2;2;2;3;Avenue Jean Mermoz;45,73005;4,89126
202300043416;3;11;2023;12:55;1;35;35238;2;1;8;2;VALLES (JULES);48,10433;-1,71061
202300043417;3;11;2023;10:10;1;34;34172;2;1;2;3;MOULARES (CHEMIN DE;43,59497;3,89104
202300043418;14;5;2023;17:25;1;67;67447;2;3;1;3;PIERRE MENDES FRANCE (AVENUE);48,60126;7,75454
202300043419;8;10;2023;13:05;1;34;34032;1;1;1;1;ROUTE DE BEDARIEUX (RD.909);43,38186;3,22286
202300043420;7;10;2023;14:37;1;34;34032;2;1;1;6;CADENAT JULES (BD);43,34004;3,25059
202300043421;14;5;2023;20:45;5;51;51454;2;2;1;3;avenue Jean Jaurès;49,26351753;4,05606329
202300043422;3;11;2023;20:11;5;33;33522;2;3;2;3;Avenue de la Mission Haut Brion;44,80893;-0,60572
202300043423;13;5;2023;11:41;1;51;51344;1;1;1;7;RD3;49,05279;3,91069
202300043424;3;11;2023;17:55;5;33;33063;2;1;3;3;Quai de la Souys;44,82909;-0,54139
202300043425;14;5;2023;18:20;1;44;44109;2;6;1;6;2 Boulevard Nicéphore Niepce;47,276847;-1,515046
202300043426;14;5;2023;18:00;1;43;43089;2;1;8;6;15 Chemin des Lilas;45,051293;3,872522
202300043427;4;11;2023;00:45;5;31;31555;1;1;1;2;20 LESPINET  (PERIPH OUEST A620);43,565;1,485
202300043428;14;5;2023;06:20;1;35;35238;2;1;1;6;DESGREES (BD PAUL HUTIN);48,09309;-1,63971
202300043429;13;5;2023;18:35;1;35;35238;2;1;1;3;DONZELOT (AVENUE PIERRE);48,12581379;-1,64076492
202300043430;3;11;2023;21:10;3;31;31555;2;1;2;3;AV D EMPALOT;43,57543;1,43627
202300043431;14;5;2023;01:51;3;31;31555;2;1;3;6;BARCELONE (ALL DE) DU 16AU 156;43,60603;1,43268
202300043432;3;11;2023;21:35;5;29;29232;2;9;2;7;Rond-Point de Ludugris;47,9791691;-4,12144482
202300043433;12;5;2023;12:20;1;29;29232;2;1;1;6;Route de Rosporden;47,988469;-4,054088
202300043434;3;11;2023;15:00;1;25;25056;2;1;1;6;rue alfred de vigny;47,21658;5,96321
202300043435;14;5;2023;19:30;1;25;25031;2;6;2;3;REVOLUTION DE 1789 AVENUE DE LA);47,48742;6,84229
202300043436;3;11;2023;18:20;5;16;16102;2;3;2;3;SAINT JEAN D'ANGELY (AVENUE DE);45,70132;-0,339392
202300043437;13;5;2023;01:57;5;18;18033;2;1;1;6;115 Rue Louis Mallet;47,08148;2,37084
202300043438;8;9;2023;14:40;1;13;13103;2;1;1;7;BOULEVARD DU ROY RENE;43,63388;5,0963
202300043439;14;5;2023;15:35;1;13;13002;2;1;1;7;DES TERMES (ROUTE) RD 908;43,3846686;5,55164671
202300043440;24;10;2023;19:50;5;13;13213;2;1;1;6;ALBERT EINSTEIN (RUE);43,3336;5,43122
202300043441;14;5;2023;08:48;1;13;13208;2;6;1;6;pointe rouge (ave);43,24778;5,3746
202300043442;14;5;2023;08:15;1;13;13215;2;1;1;3;SAINT ANTOINE A SAINT JOSEPH (CHEMIN DE);43,3595;5,36458
202300043443;2;11;2023;18:00;2;13;13001;2;3;2;3;VAIR GUILLAUME DU (RUE);43,50785;5,40402
202300043444;13;5;2023;00:35;4;5;5061;2;1;2;6;RAVELIN ( ROUTE DU );44,57969058;6,10143006
202300043445;2;11;2023;19:10;3;10;10081;2;1;1;1;GENERAL SARRAIL (RUE DU);48,307195;4,04173708
202300043446;13;5;2023;19:05;1;4;4070;2;1;2;6;verdun ( avenue de );44,08754;6,21836
202300043447;2;11;2023;11:58;1;10;10081;2;1;8;6;OUEST (BD);48,30733;4,02573
202300043448;13;5;2023;17:25;1;3;3321;1;1;3;3;RD 779;46,58001;3,38685
202300043449;3;11;2023;09:30;1;2;2059;2;2;1;2;13 Rue de l'Équipée;49,6518;3,34245
202300043450;13;5;2023;14:45;1;3;3185;2;6;1;3;Quai de la Libération M. Leclerc;46,33111;2,6001
202300043451;3;11;2023;18:25;5;75;75120;2;1;1;3;PORTE DE BAGNOLET;48,871428;2,413002
202300043452;13;5;2023;14:15;1;75;75116;2;1;1;2;PORTE DAUPHINE;48,872906;2,274447
202300043453;3;11;2023;19:00;5;75;75119;2;2;2;6;AVENUE DE FLANDRE;48,888475;2,37391
202300043454;14;5;2023;02:30;5;75;75113;2;3;1;6;BOULEVARD KELLERMANN;48,820858;2,354895
202300043455;3;11;2023;07:25;2;75;75119;2;1;1;1;RUE HAXO;48,87642001;2,40234733
202300043456;13;5;2023;15:04;1;75;75105;2;2;1;3;AVENUE DES GOBELINS;48,836806;2,351834
202300043457;3;11;2023;19:25;5;75;75113;2;2;9;3;BOULEVARD ARAGO;48,834956;2,344994
202300043458;14;5;2023;21:20;5;75;75118;2;3;1;3;BOULEVARD ORNANO;48,892678;2,348864
202300043459;3;11;2023;20:45;5;75;75110;2;2;2;3;BOULEVARD DE MAGENTA;48,877344;2,355112
202300043460;12;5;2023;17:00;1;75;75116;2;2;1;3;ALLEE DE LONGCHAMP;48,863578;2,239767
202300043461;3;11;2023;15:15;1;75;75111;2;1;8;2;RUE DE LA FONTAINE AU ROI;48,868228;2,373977
202300043462;14;5;2023;11:54;1;75;75107;2;3;1;3;PLACE HENRY DE MONTHERLANT;48,860766;2,325299
202300043463;3;11;2023;09:48;1;75;75111;2;4;1;3;BOULEVARD VOLTAIRE;48,850612;2,392158
202300043464;13;5;2023;17:44;1;75;75107;2;3;1;3;QUAI BRANLY;48,858902;2,293282
202300043465;3;11;2023;11:55;1;75;75110;2;1;1;6;RUE DU FAUBOURG DU TEMPLE;48,870825;2,373647
202300043466;14;5;2023;10:46;1;75;75103;2;3;1;6;RUE BEAUBOURG;48,865214;2,355696
202300043467;3;11;2023;20:05;3;94;94028;1;1;8;3;A86;48,77627223;2,43100362
202300043468;14;5;2023;09:00;1;94;94081;2;1;1;6;Quai Jules Guesde;48,80385564;2,40914029
202300043469;3;11;2023;08:15;1;94;94041;2;1;1;2;44 Avenue de Verdun;48,81177;2,37118
202300043470;3;11;2023;07:50;2;94;94073;2;1;1;3;11 Rue des Alouettes;48,753891;2,381734
202300043471;14;5;2023;03:00;3;94;94074;2;1;1;4;Avenue Henri Barbusse;48,7702;2,44052
202300043472;14;5;2023;15:00;1;94;94015;2;1;1;6;Boulevard Pasteur;48,836622;2,526958
202300043473;3;11;2023;15:00;1;94;94017;2;2;2;3;Avenue de la Famille;48,81041;2,54753
202300043474;14;5;2023;18:30;1;94;94076;2;9;1;6;25 Rue René Thibert;48,80463217;2,36076477
202300043475;3;11;2023;16:04;1;93;93070;2;4;1;3;Rue Kléber / Rue Charles Schmidt;48,902529;2,334296
202300043476;14;5;2023;13:15;1;94;94017;2;1;1;3;Avenue du Général de Gaulle;48,82061214;2,48609501
202300043477;3;11;2023;08:25;1;93;93055;2;9;8;6;Avenue Jean Jaurès;48,908046;2,396913
202300043478;13;5;2023;02:20;5;94;94002;2;1;1;6;Quai Jean-baptiste Clément;48,79466;2,42275
202300043479;3;11;2023;13:10;1;93;93079;2;1;8;1;Route de Saint-leu;48,95357354;2,33600925
202300043480;14;5;2023;13:00;1;93;93073;2;3;8;3;Avenue Gilbert Berger / Avenue des Myosotis;48,9507;2,58012
202300043481;3;11;2023;13:00;1;93;93013;2;5;8;3;Avenue de la Division Leclerc / Rue Normandie Niémen;48,94079;2,431
202300043482;14;5;2023;13:55;1;93;93071;2;1;1;2;Avenue Salvador Allende;48,94801;2,53251
202300043483;13;5;2023;23:50;5;93;93048;2;7;1;1;Place Jacques Duclos / Avenue de la Résistance;48,8581605;2,43649315
202300043484;3;11;2023;02:30;5;93;93008;2;1;1;5;Avenue Louis Aragon;48,91406;2,439425
202300043485;3;11;2023;12:15;1;93;93001;2;1;1;1;Rue de Saint Denis;48,9204;2,37748
202300043486;14;5;2023;11:23;1;93;93074;2;1;1;2;Boulevard Jacques Amyot;48,93889538;2,56891461
202300043487;14;5;2023;15:20;1;93;93008;2;1;8;3;Rue Marcel Cachin;48,91460118;2,42171628
202300043488;3;11;2023;21:30;5;92;92050;2;2;1;3;HAVRE BOULEVARD DU;48,91882741;2,22279333
202300043489;14;5;2023;08:30;1;93;93001;2;9;1;3;Avenue de la République;48,90888731;2,38691211
202300043490;3;11;2023;22:00;5;92;92040;2;9;1;1;VERDUN (AVENUE DE) DU 83 AU 113 BIS;48,81838679;2,25219548
202300043491;3;11;2023;19:30;5;92;92071;2;1;8;3;AVENUE JEAN PERRIN;48,7852882;2,30246758
202300043492;14;5;2023;20:20;1;92;92075;2;1;1;6;JEAN JAURES (RUE);48,82397458;2,29685873
202300043493;4;11;2023;01:00;3;38;38378;2;1;8;1;Avenue Berthelot;45,434599;4,768758
202300043494;14;5;2023;18:30;1;60;60539;2;1;1;6;Rue de Cinqueux;49,302957;2,519487
202300043495;4;11;2023;12:15;1;46;46197;1;1;3;6;route départementale 820;44,39382157;1,45109653
202300043496;31;10;2023;10:20;1;974;97414;2;1;1;6;avenue principale;-21,28687;55,408275
202300043497;3;11;2023;20:20;5;58;58086;2;1;1;3;Place Georges Clémenceau;47,408595;2,924772
202300043498;14;5;2023;19:55;1;12;12131;1;1;8;6;RN 88, la baraque de turc;44,382214;2,659442
202300043499;12;5;2023;02:10;3;14;14061;1;1;1;6;L'Etournière - Montchauvet (Montchauvet);48,947519;-0,768946
202300043500;31;10;2023;18:35;5;23;23079;2;1;2;1;Rue Soeur Alphonse;45,880046;2,171449
202300043501;14;5;2023;15:35;1;50;50543;1;1;1;6;PR 47+800, sens CAEN-RENNES, RN175;48,647796;-1,348314
202300043502;4;11;2023;17:15;2;83;83130;2;6;2;6;Avenue du General Magnan;43,193996;6,042067
202300043503;15;5;2023;06:25;2;36;36101;1;1;5;6;N/A;46,71566405;1,59614628
202300043504;31;10;2023;18:40;3;51;51518;1;3;1;7;D330;49,307106;3,977351
202300043505;8;5;2023;22:45;3;91;91617;2;1;2;3;D33;48,638619;2,514573
202300043506;29;10;2023;19:38;3;51;51238;1;1;1;2;route départementale 18;48,868441;3,871146
202300043507;14;5;2023;12:40;1;82;82030;2;1;1;6;4 Route de Saint Aignan;44,009106;1,0838
202300043508;4;11;2023;06:30;3;51;51617;1;1;2;6;D21e1;49,038494;4,311769
202300043509;3;11;2023;16:00;1;80;80585;1;1;1;6;36 Rue Félix Corroyer;49,75599;2,910491
202300043510;2;5;2023;07:25;2;11;11105;1;1;1;4;RD 118;43,035427;2,24723
202300043511;14;5;2023;21:10;2;61;61038;2;3;1;6;D938;48,37037;0,566992
202300043512;3;11;2023;15:55;1;69;69214;1;1;2;1;Rue du Lac;46,006084;4,359169
202300043513;12;5;2023;07:45;1;41;41229;2;1;1;6;Rue Principale;47,317237;1,399558
202300043514;3;11;2023;19:20;4;81;81220;2;1;2;6;Promenade des Lices;43,823174;1,725838
202300043515;4;11;2023;03:00;3;89;89276;2;1;1;6;16 Route de Troyes;48,042349;3,792225
202300043516;5;5;2023;17:35;1;41;41044;2;1;1;2;D976 - 86 rue Nationale;47,267378;1,88445
202300043517;4;11;2023;02:00;3;63;63406;1;1;1;7;D211;45,953507;3,205175
202300043518;14;5;2023;21:00;3;39;39297;1;1;1;1;N/A;46,472663;5,945867
202300043519;3;11;2023;17:50;4;63;63352;2;1;1;6;1 Route de Brioude;45,457659;3,23803
202300043520;14;5;2023;03:30;3;39;39412;1;6;1;6;N/A;47,003436;5,355256
202300043521;4;11;2023;10:05;1;63;63040;1;3;8;1;D212/D151;45,720199;3,305061
202300043522;15;5;2023;07:50;1;29;29210;1;1;1;5;Keroumen;48,594825;-4,051788
202300043523;15;5;2023;20:35;2;2;2419;1;1;1;6;8 Route Nationale;49,950353;3,775316
202300043524;31;10;2023;19:00;3;49;49155;1;1;1;2;Route Départementale N°775;47,586115;-0,690047
202300043525;15;5;2023;17:43;1;70;70561;1;1;3;1;D486;47,579189;6,432495
202300043526;27;10;2023;20:10;3;31;31212;1;1;1;1;Chemin du Lavoir;43,707454;1,558878
202300043527;14;5;2023;16:00;1;66;66123;1;1;1;3;Mas des Sources (Hôpital);42,52844;2,245963
202300043528;4;11;2023;14:00;1;2;2180;1;1;8;2;N/A;49,656843;3,61565
202300043529;14;5;2023;18:20;1;72;72269;1;1;1;6;D357;47,91950103;0,76603174
202300043530;11;5;2023;16:30;1;14;14543;2;1;1;3;2 La Sablonniere;49,197571;-0,47466
202300043531;4;11;2023;09:00;1;26;26339;1;1;2;1;RD6A PK 01+750;44,581787;4,799395
202300043532;12;5;2023;16:55;1;60;60509;2;1;1;6;Rue Salvador Allendé;49,294887;2,599704
202300043533;3;11;2023;12:55;1;58;58295;1;1;2;7;Hameau le Bouchat;47,323414;2,946755
202300043534;14;5;2023;17:22;1;10;10233;1;1;1;6;Route de Plancy;48,511545;3,895248
202300043535;3;11;2023;23:55;3;58;58024;1;1;2;6;D958;47,13776;3,606879
202300043536;15;5;2023;07:20;2;10;10375;1;1;5;1;D619;48,28258813;4,17555096
202300043537;4;11;2023;06:00;3;58;58176;1;1;3;6;D176;47,032621;3,249657
202300043538;12;5;2023;17:00;1;16;16039;1;2;3;3;D180;46,044566;0,15086
202300043539;4;11;2023;19:20;5;6;6090;2;1;2;6;Avenue Fredéric Mistral;43,593856;6,92625
202300043540;14;5;2023;15:35;1;53;53151;1;1;1;7;d 227, maison neuve;47,93778;-1,0216
202300043541;4;11;2023;15:31;1;14;14394;2;1;1;6;31 Rue du Major E.G. Styffe;49,01043;-0,170711
202300043542;13;5;2023;02:30;3;53;53137;1;9;1;7;route de la croix aux vanneurs;48,068286;-0,968513
202300043543;13;5;2023;23:20;3;4;4218;1;1;8;7;La batie;44,070398;6,482894
202300043544;3;11;2023;18:30;3;7;7317;1;1;1;3;D370b;45,217931;4,790726
202300043545;3;11;2023;17:40;5;7;7157;2;1;2;6;Chemin de Fournier;44,605337;4,724941
202300043546;13;5;2023;16:45;1;85;85234;1;6;1;6;RD 205 - Rond point du porteau;46,79582;-2,010678
202300043547;3;11;2023;20:45;3;53;53146;2;1;2;6;18 Rue Vénus;48,193204;-0,664493
202300043548;14;5;2023;15:25;1;27;27067;1;1;1;3;RD 14 bis;49,29939;1,659175
202300043549;15;10;2023;17:24;1;21;21065;2;1;1;6;Route de Crépey;47,081235;4,742258
202300043550;4;11;2023;17:35;1;40;40303;1;1;2;7;Route de Puymenjon;44,112302;-0,944653
202300043551;15;5;2023;08:50;1;27;27425;2;3;1;3;Grande Rue;49,147875;0,71373
202300043552;3;11;2023;16:00;1;24;24020;1;1;3;1;D704;45,14951;1,164551
202300043553;14;5;2023;19:30;1;37;37270;1;1;1;1;route de vernou;47,41655027;0,86558104
202300043554;30;9;2023;10:40;1;4;4209;2;1;1;6;Allée des platanes;44,235347;5,908027
202300043555;15;5;2023;10:09;1;30;30165;1;3;1;2;Route d'Uzès;44,097371;4,14758
202300043556;14;5;2023;22:00;3;30;30307;2;1;1;6;18bis Route de la Pomarede;44,21012465;4,02221647
202300043557;14;5;2023;19:50;1;30;30086;1;1;1;6;D114;44,01825;4,28381
202300043558;4;11;2023;12:15;1;85;85022;1;1;6;5;RD 949;46,45595;-1,42765
202300043559;15;2;2023;13:45;1;8;8222;1;1;1;6;D8051;50,006153;4,692407