Num_Acc;jour;mois;an;hrmn;lum;dep;com;agg;int;atm;col;adr;lat;long
202300043560;3;11;2023;18:00;2;85;85084;1;1;1;2;RD 7;46,763193;-1,22651
202300043561;3;11;2023;04:30;3;37;37014;2;1;1;1;32 Route de Langeais;47,267054;0,439796
202300043562;15;5;2023;10:55;1;60;60009;1;1;1;1;A16;49,40428635;2,12580066
202300043563;4;11;2023;16:49;2;6;6030;1;1;3;6;A8, pk 161.400 voie sud;43,568763;6,974001
202300043564;14;5;2023;12:15;1;42;42324;1;1;1;6;A72;45,560548;4,241956
202300043565;15;5;2023;10:20;1;44;44026;1;1;1;6;N/A;47,30168274;-1,43037915
202300043566;3;11;2023;18:30;5;13;13058;2;6;1;3;Avenue du Général de Gaulle;43,71304;4,803313
202300043567;15;5;2023;05:30;2;976;97617;2;3;1;6;D3 Pont Miréréni Combani;-12,788952;45,138788
202300043568;4;11;2023;02:20;3;30;30156;1;1;1;7;A9;43,864795;4,433598
202300043569;13;5;2023;16:00;1;987;98714;1;1;1;3;"quartier Faatahi, près ""LE RÉCIF'""";-16,388;-151,765
202300043570;4;11;2023;00:00;5;11;11202;2;1;1;6;Rue Dali Port Leucate;42,841045;3,039871
202300043571;2;11;2023;02:00;5;987;98747;1;1;1;7;Route du lycée - TARAVAO;-17,756;-148,736
202300043572;14;5;2023;11:45;1;987;98754;1;1;1;6;PK 9,500 MIRI MIRI;-16,887099;-151,458327
202300043573;3;11;2023;06:45;2;987;98733;1;1;1;1;PK 27.200c/mt - RT1;-17,696;-149,548
202300043574;14;5;2023;14:00;1;988;98815;1;1;1;7;Lieu-dit Trou de Bone;-21,46625;167,93582
202300043575;3;11;2023;11:50;2;33;33199;2;1;2;6;45 Av du Mal de Lattre de Tassigny;44,637972;-1,111128
202300043576;7;5;2023;01:15;3;988;98821;1;9;1;6;Route de N'Dé;-22,13388;166,33318
202300043577;14;5;2023;11:00;1;971;97117;1;1;1;6;Route de Caillebot;16,316072;-61,363927
202300043578;4;11;2023;12:15;1;13;13027;1;1;1;7;D75a;43,863975;4,858532
202300043579;3;11;2023;16:15;1;68;68352;2;2;1;3;D1III PK 002+000;48,019389;7,552307
202300043580;15;5;2023;01:00;3;21;21699;1;1;1;1;Route Departementale 905;47,196981;5,3693
202300043581;3;11;2023;17:15;5;54;54111;2;1;1;6;320 Rue du Val Fleurion;48,62482834;6,08983219
202300043582;3;11;2023;14:17;1;3;3290;1;6;2;6;N7;46,624758;3,286098
202300043583;12;5;2023;15:15;1;67;67021;1;1;1;7;D854;48,410089;7,401588
202300043584;5;5;2023;10:45;1;3;3085;1;1;1;6;la presle;46,569394;3,249507
202300043585;3;11;2023;16:25;1;85;85298;1;1;2;1;RD32;46,586997;-1,761841
202300043586;12;5;2023;16:38;1;38;38468;2;1;2;2;Rue du 11 Novembre 1918;45,347467;4,810499
202300043587;2;11;2023;09:40;1;50;50294;1;1;6;6;Départementale 900;49,586956;-1,654258
202300043588;14;5;2023;22:10;3;38;38341;1;1;2;7;Route de la Garenne;45,57346;5,415037
202300043589;4;11;2023;00:20;5;60;60341;2;1;1;2;Rue de la Liberté;49,091434;2,741664
202300043590;15;5;2023;16:35;1;69;69153;2;1;1;2;Route de la Riviere;45,85931;4,80985
202300043591;4;11;2023;09:10;1;2;2521;1;1;3;1;D1003;49,02605;3,20775
202300043592;14;5;2023;18:21;1;69;69072;1;1;1;3;Route Departementale 307;45,81229747;4,73335359
202300043593;3;11;2023;22:30;3;59;59643;1;2;1;1;M945;50,741469;2,9667
202300043594;12;5;2023;16:15;1;81;81219;1;1;1;7;Lieu dit le Fort;43,589114;1,997774
202300043595;14;5;2023;21:50;3;46;46202;1;1;1;7;Autoroute A20 PK 381+000 SENS PARIS - TOULOUSE.;44,283153;1,504769
202300043596;26;10;2023;07:41;2;13;13106;1;1;1;4;A7-Sens Lyon vers Marseille;43,38861;5,35094
202300043597;14;5;2023;22:00;5;86;86225;2;1;1;1;Rue de Messais;46,848023;0,0514072
202300043598;3;11;2023;00:25;3;13;13085;1;1;2;6;A50-Sens Toulon vers Aubagne;43,26311846;5,58921398
202300043599;14;5;2023;15:35;1;85;85296;1;1;1;7;la chunière;46,89029;-0,832107
202300043600;3;11;2023;12:50;5;83;83137;1;1;1;2;A50 TUNNEL TUBE SUD;43,12696803;5,92140338
202300043601;15;5;2023;07:50;1;60;60079;1;2;5;3;D922;49,147708;2,871869
202300043602;1;11;2023;13:50;1;42;42218;1;1;2;2;N88;45,43343;4,41775
202300043603;14;5;2023;15:00;1;13;13215;1;1;1;2;A7-Sens Lyon vers Marseille;43,36723874;5,36069361
202300043604;3;11;2023;18:45;5;33;33039;1;1;3;2;ROCADE A 630;44,80688;-0,52847
202300043605;13;5;2023;23:39;3;13;13215;1;1;1;4;A7-Sens Lyon vers Marseille;43,37718;5,35803
202300043606;3;11;2023;12:15;1;33;33013;1;1;3;2;ROUTE NATIONALE 230;44,85728214;-0,50482661
202300043607;14;5;2023;00:12;3;13;13071;1;1;1;3;A7-Sens Lyon vers Marseille;43,40439;5,31722
202300043608;3;11;2023;12:05;1;33;33249;1;1;3;6;ROUTE NATIONALE 230;44,87368065;-0,5067578
202300043609;2;11;2023;10:40;1;33;33249;1;1;3;3;AUTOROUTE A 10;44,8780675;-0,50914496
202300043610;13;5;2023;02:10;5;13;13202;1;1;1;3;TVPCM-Sens Saint Victor vers Les Ports;43,30935;5,36853
202300043611;24;10;2023;06:40;2;59;59082;1;1;2;2;ROUTE NATIONALE 225;50,96983;2,39593
202300043612;13;5;2023;01:45;5;83;83137;1;1;1;2;A50;43,12477;5,90176
202300043613;3;11;2023;18:20;1;91;91687;1;1;1;6;AUTOROUTE A6;48,66122;2,37018
202300043614;14;5;2023;15:40;1;69;69027;1;1;1;3;Autoroute 450;45,6709;4,76906
202300043615;3;11;2023;12:25;1;94;94003;1;1;1;2;A6A;48,80794;2,34065008
202300043616;13;5;2023;14:57;1;69;69287;1;1;3;5;Autoroute 43;45,68751;4,99553
202300043617;3;11;2023;15:00;1;92;92012;1;1;1;4;A13;48,84856113;2,22959966
202300043618;14;5;2023;06:15;2;69;69290;1;1;3;4;Autoroute 43;45,72290525;4,92979093
202300043619;3;11;2023;09:50;1;75;75116;1;1;1;4;A13W;48,848304;2,245986
202300043620;3;11;2023;10:05;1;92;92064;1;1;1;6;A13;48,83922315;2,2111532
202300043621;14;5;2023;01:25;3;1;1275;1;1;3;6;A42 4.329 A 5.760   LYON/GEN;45,80457;4,92617
202300043622;2;11;2023;08:34;1;92;92025;1;1;1;3;A86;48,93376075;2,25454017
202300043623;2;11;2023;06:15;3;78;78291;1;1;6;6;A13;48,96828;1,743789
202300043624;12;5;2023;13:50;1;69;69199;1;1;1;2;Route Départementale 383 ;45,71611796;4,84712695
202300043625;3;11;2023;18:30;5;93;93066;1;1;1;2;AUTOROUTE A1;48,90647;2,35854
202300043626;3;11;2023;15:20;1;93;93053;1;1;1;3;AUTOROUTE A3;48,88045;2,45182
202300043627;14;5;2023;13:00;1;91;91689;1;1;1;4;A6;48,74489;2,32377
202300043628;3;11;2023;12:20;1;93;93078;1;1;1;5;AUTOROUTE A104;48,95943129;2,53723652
202300043629;13;5;2023;16:00;1;91;91687;1;1;1;2;AUTOROUTE A6;48,66356;2,36673
202300043630;14;5;2023;16:30;1;93;93064;1;1;1;7;AUTOROUTE A86;48,88089109;2,47481346
202300043631;2;11;2023;18:00;3;95;95277;1;1;8;5;A3;48,96735747;2,47640848
202300043632;13;5;2023;20:30;1;92;92036;1;1;2;2;AUTOROUTE A86;48,93837004;2,30014011
202300043633;3;11;2023;16:00;1;94;94028;1;1;1;6;A86;48,79247896;2,4410626
202300043634;3;11;2023;11:00;1;94;94046;1;1;1;3;A86;48,81292733;2,44895577
202300043635;14;5;2023;08:30;1;95;95582;1;1;1;2;A15;48,966886;2,255576
202300043636;14;5;2023;02:45;3;95;95018;1;1;1;3;A15;48,95947;2,27208
202300043637;17;8;2023;14:20;1;13;13056;1;1;1;1;ROUTE DU PORT DE LAVERA;43,39529;5,01845
202300043638;13;5;2023;23:00;3;93;93048;1;1;1;6;AUTOROUTE A86;48,86544542;2,48185307
202300043639;8;7;2023;14:05;1;29;29007;1;3;1;3;Le Squiriou;48,402996;-3,72355
202300043640;13;5;2023;05:03;2;5;5061;2;1;8;6;EMILE DIDIER ( AV );44,56507;6,09149
202300043641;21;7;2023;11:35;1;29;29220;2;1;1;7;15 Route de Loctudy;47,857315;-4,211517
202300043642;13;5;2023;19:00;5;974;97416;2;3;1;3;PERE FAVRON(RUE DU);-21,33641;55,46274
202300043643;2;11;2023;07:00;1;974;97411;2;1;1;2;JAURES (BOULEVARD JEAN);-20,90009;55,48292
202300043644;12;5;2023;17:30;2;974;97416;1;1;1;6;OCEANITES (AVENUE DES);-21,32713;55,4697
202300043645;1;11;2023;18:15;3;973;97302;2;1;1;1;MADELEINE (ROUTE DE LA);4,94124;-52,32699
202300043646;12;5;2023;15:35;1;974;97416;1;1;1;1;RN2 (2);-21,33555;55,48809
202300043647;13;5;2023;20:50;5;974;97407;2;6;1;6;FERDINAND BUISSON (RUE) ;-20,95489;55,30769
202300043648;1;11;2023;08:40;1;973;97302;2;1;1;1;RABAN (ROUTE DE);4,93511259;-52,31424451
202300043649;12;5;2023;12:20;1;973;97302;2;1;2;3;BADUEL (ROUTE DE);4,93199;-52,30745
202300043650;2;11;2023;15:20;1;971;97101;1;2;1;3;BESSON;16,23688;-61,51241
202300043651;13;5;2023;13:15;1;972;97213;1;1;1;2;ROUTE NATIONALE 5;14,59597;-60,98887
202300043652;2;11;2023;14:25;1;2A;2A004;2;1;6;2;BONAPARTE CHARLES  BD;41,93387;8,75009
202300043653;13;5;2023;18:35;1;972;97209;2;2;1;3;VICTOR CORIDUN (AVENUE);14,60987;-61,04684
202300043654;13;5;2023;10:55;1;69;69389;2;1;8;6;23 Montée de l'Observance;45,76674836;4,81163233
202300043655;13;5;2023;04:26;3;95;95427;2;1;1;7;35 BEL AIR (RUE DU);48,974689;2,351791
202300043656;2;11;2023;17:10;1;91;91433;1;1;6;5;CD207;48,46023;2,16885
202300043657;2;11;2023;10:50;1;91;91433;2;1;6;3;TILLEULS (RUE DES);48,44052;2,17535
202300043658;13;5;2023;23:15;4;95;95018;2;4;1;3;BEZONS (QUAI DE);48,932352;2,237982
202300043659;1;11;2023;17:10;1;91;91223;2;6;2;7;VICTOIRE (ROND-POINT DE LA);48,43703;2,16345
202300043660;2;11;2023;07:45;2;91;91223;1;1;8;7;SABLIERE (RUE DE LA)   ZI;48,44953;2,15498
202300043661;31;10;2023;19:45;5;87;87085;2;3;2;3;GARIBALDI (AVENUE);45,83518;1,2605
202300043662;12;5;2023;15:45;1;91;91549;2;2;1;3;REPUBLIQUE (AVENUE DE LA);48,64387;2,33224
202300043663;31;10;2023;14:45;1;87;87085;2;1;1;6;HUBERT CURIEN (RUE);45,8105;1,2735
202300043664;13;5;2023;14:45;1;76;76540;2;1;1;6;Place Saint Sever;49,43048;1,085
202300043665;13;5;2023;17:10;1;72;72181;2;1;1;3;LAIGNE RUE DE N° IMP 229 A 385;47,96074;0,20813
202300043666;1;11;2023;01:51;5;84;84007;2;2;1;3;TRILLADE (avenue de la );43,9411;4,8198
202300043667;12;5;2023;19:20;1;72;72181;2;1;1;7;RIFFAUDIERES (BD DES);47,99183;0,17482
202300043668;31;10;2023;20:17;5;84;84007;2;6;1;3;EISENHOWER (Avenue);43,94111;4,79857
202300043669;13;5;2023;19:30;1;69;69290;2;2;2;3;Avenue Saint-Exupéry;45,72472;4,93457
202300043670;1;11;2023;03:53;5;84;84007;2;3;2;1;CHAMPFLEURY   (AVENUE);43,941;4,8048
202300043671;13;5;2023;18:10;1;69;69290;2;1;2;1;Rue du Lyonnais;45,69779;4,90794
202300043672;13;5;2023;14:50;1;67;67482;2;1;1;6;ANDRE MAUROIS (PLACE);48,59078;7,6968
202300043673;31;10;2023;05:20;5;84;84007;2;6;1;6;FOLLEREAU (rue Raoul);43,92097;4,80403
202300043674;30;10;2023;18:03;1;30;30011;1;1;1;2;R.N. 100;43,94962;4,7696
202300043675;13;5;2023;09:40;1;67;67482;2;3;1;3;RACINE (AVENUE);48,60027;7,6961
202300043676;28;10;2023;01:05;5;84;84007;1;6;1;7;MARSEILLE (Route)-MONTFAVET;43,90434;4,89348
202300043677;13;5;2023;10:49;1;64;64102;2;1;2;3;ALSACE LORRAINE (BOULEVARD);43,495112;-1,469554
202300043678;28;10;2023;15:45;1;84;84007;2;1;1;-1;CROIX DES OISEAUX ( Avenue de la );43,93273;4,82387
202300043679;13;5;2023;09:20;1;64;64024;2;9;2;3;INDUSTRIE (ALLEE DE L');43,496277;-1,496736
202300043680;2;11;2023;15:10;1;83;83090;2;1;2;6;MONNET (AVE JEAN);43,12661944;5,86488783
202300043681;13;5;2023;09:50;1;59;59421;2;1;1;1;TOURCOING (RUE DE);50,71486652;3,13534141
202300043682;31;10;2023;14:30;1;83;83062;2;1;1;2;PREMIER (BAT.INF.DU PACIF.);43,136;6,0231
202300043683;12;5;2023;17:17;1;56;56260;2;1;1;6;MARNE (BLD DE LA);47,66012;-2,78972
202300043684;31;10;2023;12:41;1;83;83129;2;1;1;1;RUE DU COMMERCE;43,11524;5,84412
202300043685;13;5;2023;19:55;1;54;54257;2;2;1;6;Route de Fléville;48,64819306;6,2087811
202300043686;2;11;2023;08:10;2;82;82033;2;9;2;3;Rue du Commandant Defraux;44,03714;1,11484
202300043687;13;5;2023;10:30;1;51;51454;2;2;1;3;avenue Jean Jaurès;49,26093;4,04902
202300043688;13;10;2023;15:00;1;78;78688;1;1;1;1;PORT ROYAL (RUE DE);48,75428;2,03857
202300043689;13;5;2023;13:20;1;49;49328;2;1;1;2;DELESSERT (BOULEVARD BENJAMIN);47,25793;-0,0881
202300043690;14;5;2023;23:45;5;45;45234;2;2;1;3;2 Rue des Charretiers;47,89833;1,89944
202300043691;2;11;2023;16:15;1;77;77121;1;1;1;4;D471;48,827294;2,675526
202300043692;13;5;2023;14:45;1;45;45286;2;1;1;6;Avenue Gaston Galloux;47,88468;1,92449
202300043693;7;4;2023;19:30;1;95;95678;1;1;1;6;N104;49,07305563;2,23582212
202300043694;13;5;2023;20:30;1;38;38151;2;3;8;6;RUE D'AUVERGNE;45,15563;5,71514
202300043695;2;11;2023;16:45;2;77;77305;2;1;1;6;D403;48,39438;2,96913
202300043696;13;5;2023;12:15;1;35;35051;2;6;1;3;PARIS (RUE DE);48,11418;-1,60731
202300043697;7;4;2023;12:35;1;93;93064;1;1;1;2;AUTOROUTE A86;48,8791675;2,47634149
202300043698;13;5;2023;23:40;5;33;33281;2;3;1;6;Avenue de la Libération;44,845867;-0,64450103
202300043699;2;11;2023;23:45;5;76;76540;2;2;8;3;Quai Jean Moulin;49,43686;1,0875
202300043700;6;4;2023;18:25;1;95;95394;1;1;1;3;N184;49,05153899;2,15162516
202300043701;13;5;2023;23:20;5;33;33063;2;2;1;3;Cours Aristide Briand;44,83187;-0,57725
202300043702;2;11;2023;20:45;5;74;74012;2;9;2;3;VALLEES (ROUTE DES);46,19405;6,24138
202300043703;14;5;2023;00:00;5;28;28404;1;1;1;6;Rue des Longs Réages;48,7377;1,33292
202300043704;5;4;2023;17:40;1;93;93066;1;1;1;3;AUTOROUTE A86;48,92566114;2,33952919
202300043705;12;5;2023;00:35;5;28;28134;2;6;1;7;ROND POINT DES FENOTS;48,74103;1,34519
202300043706;1;11;2023;18:00;5;74;74008;2;1;2;3;AVENUE LOUIS LACHENAL;46,19239;6,22409
202300043707;7;4;2023;17:35;1;94;94017;1;1;1;2;A4;48,83005427;2,49555288
202300043708;1;11;2023;06:50;5;71;71105;2;1;8;1;CLUNY (ROUTE DE);46,30922;4,79812
202300043709;7;4;2023;16:25;1;94;94022;1;1;1;2;A86;48,77637562;2,42140187
202300043710;7;4;2023;11:00;1;94;94022;1;1;1;1;A86;48,77637562;2,42140187
202300043711;13;5;2023;15:10;1;25;25230;2;1;1;4;SOCHAUX (RUE DE);47,50551;6,84282
202300043712;13;5;2023;13:30;1;22;22215;2;1;8;7;N/A;48,52306;-2,81858
202300043713;6;4;2023;20:20;5;75;75112;2;1;1;2;PORTE DOREE;48,83401;2,409516
202300043714;13;5;2023;07:30;1;13;13212;2;1;1;3;CAILLOLS (AVENUE DES);43,30388372;5,43572337
202300043715;22;2;2023;16:10;1;57;57412;1;1;1;6;;49,11219968;6,15960937
202300043716;6;4;2023;00:05;5;75;75120;2;1;1;2;PORTE DE BAGNOLET;48,85993;2,413982
202300043717;14;5;2023;00:15;3;13;13001;1;1;1;1;GARDANNE (ROUTE DE );43,48967;5,40745
202300043718;22;2;2023;17:45;1;33;33318;1;1;2;5;ROCADE A 630;44,79114;-0,64766
202300043719;5;4;2023;11:05;1;75;75115;2;1;1;3;PORTE DE VERSAILLES;48,8277;2,291932
202300043720;22;2;2023;06:30;5;33;33013;1;1;2;6;ROUTE NATIONALE 230;44,869552;-0,50452352
202300043721;13;5;2023;14:30;1;11;11069;2;1;2;3;450 Rue Magellan;43,2354;2,36626
202300043722;22;2;2023;08:00;1;94;94038;1;1;1;3;A6B;48,78982766;2,34470638
202300043723;5;4;2023;08:25;1;75;75119;2;1;1;3;PORTE DE PANTIN;48,892666;2,395321
202300043724;13;5;2023;02:00;5;11;11069;1;6;2;6;Route de Montreal;43,211;2,3244
202300043725;21;2;2023;02:35;3;91;91689;1;1;1;7;AUTOROUTE A6A;48,7488;2,32633
202300043726;6;4;2023;07:30;2;75;75105;2;2;1;7;QUAI SAINT MICHEL;48,853079;2,346789
202300043727;22;2;2023;14:40;1;78;78498;1;1;8;2;A14;48,918991;2,01094
202300043728;22;2;2023;14:20;1;95;95394;1;1;1;6;A115;49,05234392;2,18443036
202300043729;6;4;2023;10:00;1;75;75119;2;1;1;5;RUE MANIN;48,882676;2,384352
202300043730;21;2;2023;14:20;1;976;97611;2;1;1;4;cavani-Rond point du Baobab;-12,78277;45,23246
202300043731;6;4;2023;09:00;1;75;75118;2;2;2;6;RUE SAINT BRUNO;48,88589;2,355707
202300043732;20;2;2023;22:15;5;972;97213;1;1;1;4;DUCHESNES 1;14,6469073;-60,9602376
202300043733;19;2;2023;02:39;5;2B;2B033;2;9;1;5;CHANOINE LESCHI - RUE;42,704;9,45
202300043734;6;4;2023;20:40;5;75;75117;2;3;1;6;AVENUE DE CLICHY;48,889377;2,322332
202300043735;21;2;2023;18:05;2;91;91339;2;9;1;4;CHE DE TABOR;48,62245;2,25815
202300043736;6;4;2023;17:00;1;75;75115;2;2;8;3;AVENUE DE LA MOTTE PICQUET;48,850246;2,299588
202300043737;21;2;2023;17:35;1;91;91687;2;1;1;6;VICTOR SCHOELCHER (AVENUE);48,6522;2,3698
202300043738;6;4;2023;12:00;1;75;75114;2;2;2;3;RUE DE LA SABLIERE;48,831623;2,324422
202300043739;21;2;2023;05:55;2;91;91223;2;9;1;6;SAINT MICHEL (BOULEVARD);48,445598;2,17066
202300043740;5;4;2023;22:20;5;75;75114;2;2;1;2;RUE JULIA BARTET;48,825455;2,302299
202300043741;18;1;2023;08:20;1;84;84080;2;1;1;6;LIBERATION AVENUE DE LA;44,03443;4,99817
202300043742;20;2;2023;18:50;5;83;83061;2;1;1;6;AVENUE ANDRÉ LÉOTARD;43,43842;6,74821
202300043743;5;4;2023;17:49;1;75;75114;2;7;1;2;PLACE DENFERT ROCHEREAU;48,83456;2,332634
202300043744;21;2;2023;18:25;2;78;78029;2;9;1;3;PIERRE LEFAUCHEUX (RUE);48,974894;1,853589
202300043745;21;2;2023;17:30;1;78;78172;2;3;1;6;GRANDES TERRES (RUE DES);49,007342;2,118299
202300043746;5;4;2023;14:35;1;75;75114;2;3;1;3;RUE RAYMOND LOSSERAND;48,830677;2,311749
202300043747;20;2;2023;00:50;5;77;77288;2;1;1;3;ALMONT (BOULEVARD DE L');48,54397;2,6783
202300043748;6;4;2023;09:00;1;75;75113;2;1;2;1;BOULEVARD DU GENERAL JEAN SIMON;48,826747;2,384354
202300043749;20;2;2023;16:15;1;72;72181;2;1;1;3;HEUZE OLIVIER AV N° PAIRS 2 A 198;47,99417;0,17624
202300043750;5;4;2023;19:12;1;75;75109;2;2;1;3;PLACE DE L OPERA;48,870683;2,332511
202300043751;20;2;2023;18:30;3;71;71040;1;1;1;5;RN 70 (ROUTE EXPRESS);46,69548;4,38462
202300043752;6;4;2023;17:30;1;75;75108;2;3;1;3;AVENUE DE MARIGNY;48,869144;2,314287
202300043753;21;2;2023;18:30;2;69;69266;2;1;1;2;Rue d'Alsace;45,76811;4,86993
202300043754;6;4;2023;17:20;1;75;75108;2;7;1;3;AVENUE MONTAIGNE;48,868874;2,309919
202300043755;21;2;2023;09:00;1;69;69256;2;5;8;5;Rue Marius Grosso;45,76361;4,93328
202300043756;6;4;2023;15:00;1;75;75103;2;2;1;7;BOULEVARD DE SEBASTOPOL;48,864421;2,351566
202300043757;21;2;2023;23:00;5;69;69029;2;6;1;7;12 Avenue Edouard Herriot;45,7292303;4,90139832
202300043758;6;4;2023;09:45;1;75;75104;2;3;2;6;RUE DE RIVOLI;48,857312;2,352411
202300043759;21;2;2023;18:47;5;65;65440;2;2;8;1;10 Boulevard Pierre Renaudet;43,24606;0,08122
202300043760;6;4;2023;00:30;5;75;75102;2;2;1;6;RUE DE RICHELIEU;48,871943;2,340023
202300043761;21;2;2023;12:20;1;65;65047;2;2;1;3;Rue du 11 Novembre;43,250214;0,089605
202300043762;6;4;2023;12:30;1;94;94033;2;9;2;6;Rue du Ruisseau;48,85244;2,46535
202300043763;21;2;2023;18:30;1;64;64335;2;1;1;6;LACAUSSADE;43,3329;-0,42857
202300043764;21;2;2023;12:25;1;64;64102;2;1;1;3;ARITXAGUE (BD D');43,48984;-1,49282
202300043765;21;2;2023;06:00;5;62;62498;2;1;2;7;Rue d'Artois;50,44166;2,79459
202300043766;4;4;2023;16:35;1;94;94055;2;3;1;3;Rue d'Amboile;48,78417;2,53202
202300043767;20;2;2023;17:15;1;60;60175;2;4;1;6;Place du Général de Gaulle;49,26273;2,46929
202300043768;6;4;2023;17:45;1;94;94018;2;1;1;3;Avenue de Gravelle;48,82466;2,4142
202300043769;21;2;2023;14:35;1;58;58194;2;3;1;3;MARINIERS (QUAI);46,98456;3,15667
202300043770;6;4;2023;16:10;1;94;94017;2;3;1;6;34 Avenue du Général de Gaulle / Rue des Frères Petit;48,82097;2,48767
202300043771;20;2;2023;12:57;1;57;57221;2;3;1;3;D 952 A;49,31567;6,10879
202300043772;6;4;2023;18:00;1;93;93072;2;3;1;3;Avenue de Stalingrad Deviation / Rue du Moulin Neuf;48,95331;2,39098
202300043773;21;2;2023;15:40;1;54;54521;2;3;1;3;RUE PAUL LANGEVIN;49,47154;5,91143
202300043774;5;4;2023;22:15;5;93;93071;2;2;1;3;Rue d'Aulnay / Avenue John Fitzgerald Kennedy;48,93966;2,51268
202300043775;20;2;2023;12:12;1;54;54367;1;1;1;7;520 (ROUTE DEPARTEMENTALE);49,506444;5,786909
202300043776;4;4;2023;23:00;5;93;93077;2;3;1;3;Rue de l'Orangerie / Avenue de Rosny;48,88502;2,50523
202300043777;21;2;2023;07:30;1;51;51454;2;3;1;3;quai du Pré aux Moines;49,239608;4,038284
202300043778;20;2;2023;20:18;5;51;51454;2;2;1;3;avenue d'Epernay;49,24190637;4,01418865
202300043779;6;4;2023;13:20;1;93;93066;2;3;2;6;Rue Ampère / Allée de Seine;48,92272;2,34018
202300043780;6;4;2023;09:00;1;93;93066;2;3;2;3;Avenue du Colonel Fabien / Rue Max Jacob;48,94485;2,35352
202300043781;20;2;2023;14:30;1;49;49099;1;1;1;4;RD 960;47,08712109;-0,81545591
202300043782;6;4;2023;19:45;2;93;93051;2;3;1;3;Avenue du Pave Neuf / Rue du Docteur Vaillant;48,8364;2,56283
202300043783;21;2;2023;13:04;1;47;47032;2;1;1;6;ALBERT CAMUS (avenue);44,18589;0,66735
202300043784;6;4;2023;14:00;1;93;93046;2;3;1;3;Boulevard de la République / Allée Germaine;48,90699;2,52082
202300043785;10;2;2023;12:15;1;39;39362;1;1;1;6;;46,686374;5,519453
202300043786;21;2;2023;23:25;4;38;38179;2;2;1;1;GRANDE RUE (RUE);45,18136;5,78814
202300043787;6;4;2023;19:02;1;93;93079;2;1;1;5;Avenue Jean Jaurès;48,964151;2,347898
202300043788;20;2;2023;16:15;1;37;37122;2;1;1;6;BONDONNIERE (RUE DE);47,3558;0,697
202300043789;31;8;2023;02:37;5;75;75111;2;1;1;6;BOULEVARD DES FILLES DU CALVAIRE;48,862089;2,366984
202300043790;20;2;2023;16:35;1;33;33119;2;1;1;6;Avenue Hubert Dubedout;44,84695953;-0,51207528
202300043791;5;4;2023;19:05;1;93;93027;2;3;1;6;COLBERT (RUE);48,92308;2,412
202300043792;31;8;2023;12:45;1;75;75119;2;3;2;7;RUE DE CRIMEE;48,884172;2,384204
202300043793;21;2;2023;08:10;1;30;30007;2;6;1;3;;44,11291;4,10669
202300043794;6;4;2023;20:01;1;93;93010;2;1;1;6;Rue TRINQUAMELLE;48,91806366;2,48170155
202300043795;31;8;2023;16:50;1;75;75118;2;2;2;6;RUE ORDENER;48,893365;2,338269
202300043796;20;2;2023;13:45;1;29;29232;2;1;1;6;Rue de Kervillou;47,9853;-4,05989
202300043797;21;2;2023;16:45;1;29;29039;2;1;2;7;Rue Jacques Noel Sané;47,90376111;-3,91065449
202300043798;6;4;2023;09:10;1;93;93010;2;1;2;6;Rue Paul Renaud;48,910229;2,4777
202300043799;31;8;2023;16:35;1;75;75114;2;3;2;3;AVENUE DU MAINE;48,829704;2,326107
202300043800;6;4;2023;16:00;1;93;93001;2;1;1;3;Avenue Victor Hugo;48,91185644;2,37968481
202300043801;21;2;2023;18:25;2;28;28085;2;2;1;3;ANCIENS COMBATTANTS AFN (RUE DES);48,44757;1,52097
202300043802;31;7;2023;08:20;1;75;75113;2;3;1;3;BOULEVARD MASSENA;48,822765;2,373168
202300043803;21;2;2023;14:20;1;27;27681;2;2;1;6;ROUEN (AVENUE DE);49,09617;1,48258
202300043804;6;4;2023;15:25;1;92;92046;2;2;1;3;CAMELINAT;48,81468;2,29679
202300043805;21;2;2023;18:40;1;26;26198;1;1;1;3;SAINT GERVAIS (Route);44,55591;4,76182
202300043806;31;8;2023;00:00;5;75;75111;2;2;1;3;RUE SAINT MAUR;48,861106;2,381148
202300043807;5;4;2023;17:40;1;92;92033;2;1;1;6;RAYMOND POINCARE;48,83837341;2,17082852
202300043808;21;2;2023;13:25;1;26;26198;2;3;1;6;Rue Rene Char;44,56104;4,73803
202300043809;31;8;2023;18:20;1;75;75110;2;4;2;7;QUAI DE VALMY;48,871805;2,36459
202300043810;6;4;2023;10:10;1;92;92049;2;1;2;3;DORMOY AVENUE MARX N°102 A FIN;48,81098;2,30453
202300043811;31;8;2023;15:45;1;75;75101;2;2;2;6;BOULEVARD DE SEBASTOPOL;48,858521;2,348231
202300043812;19;2;2023;01:40;3;23;23096;2;6;1;6;CASSIN (AVENUE RENE);46,183;1,878
202300043813;31;3;2023;01:38;5;92;92035;2;1;1;6;National ( boulevard );48,90832;2,2377
202300043814;30;8;2023;15:20;1;75;75101;2;2;1;3;RUE DU LOUVRE;48,863899;2,342359
202300043815;20;2;2023;14:30;1;15;15014;2;1;1;3;TRONQUIERES (AVENUE DE);44,90662;2,42861
202300043816;6;4;2023;13:40;1;92;92025;2;3;1;1;ECOLES (AV  RUE DES);48,92482579;2,26664633
202300043817;21;2;2023;12:40;1;14;14118;2;1;1;6;1 Place Courtonne;49,183848;-0,357043
202300043818;31;8;2023;15:41;1;94;94080;2;1;2;2;Rue Clément Vienot;48,84718;2,45135
202300043819;21;2;2023;16:40;1;13;13117;2;1;1;6;RHIN DANUBE ( AVENUE );43,42441;5,27166
202300043820;5;4;2023;21:45;5;92;92024;2;4;1;6;VICTOR HUGO (BD);48,90083455;2,31597751