Num_Acc;jour;mois;an;hrmn;lum;dep;com;agg;int;atm;col;adr;lat;long
202300043821;31;8;2023;01:10;5;94;94074;2;1;1;3;Avenue Henri Barbusse;48,77103153;2,44000903
202300043822;21;2;2023;15:30;1;13;13047;1;1;1;5;R.N 569;43,58194;4,98502
202300043823;6;4;2023;19:13;1;92;92032;2;6;1;3;PANORAMA (ROUTE DU);48,78861051;2,27699295
202300043824;31;8;2023;18:30;1;94;94028;2;2;2;7;Avenue Laferrière;48,80272;2,46049
202300043825;20;2;2023;11:20;1;10;10081;2;9;1;2;ROCADE OUEST (RD 610);48,30719;4,02605
202300043826;31;8;2023;16:51;1;94;94028;1;1;2;2;D1;48,77423;2,46104
202300043827;6;4;2023;19:10;1;92;92012;2;1;1;3;LE CORBUSIER (RUE);48,837291;2,237467
202300043828;21;2;2023;08:15;1;7;7102;2;6;1;3;Rue des Tremolets;44,9376;4,8635
202300043829;31;8;2023;21:23;5;94;94043;2;1;1;6;Avenue de Fontainebleau;48,81446;2,36084
202300043830;6;4;2023;11:53;1;92;92007;2;2;1;3;MEUNIERS (RUE DES);48,79763;2,30958
202300043831;21;2;2023;18:40;2;75;75104;2;1;1;6;SOUTERRAIN PONT D ARCOLE;48,85590109;2,35065311
202300043832;31;8;2023;10:15;1;94;94028;2;1;1;3;Avenue du Maréchal Foch;48,78756;2,4359
202300043833;20;2;2023;20:50;5;75;75120;2;1;1;2;PORTE DES LILAS;48,874876;2,410697
202300043834;7;4;2023;07:05;2;38;38160;2;1;1;1;Rue du Stade;45,477374;4,99864
202300043835;21;2;2023;17:13;1;75;75120;2;2;1;3;AVENUE DE LA PORTE DE MONTREUIL;48,853557;2,410769
202300043836;31;8;2023;16:20;1;94;94055;2;1;3;4;Avenue Olivier d'Ormesson;48,78103139;2,52916257
202300043837;21;2;2023;14:20;1;75;75120;2;3;1;6;RUE BELGRAND;48,864666;2,404651
202300043838;31;8;2023;15:50;1;93;93059;2;1;2;7;Avenue Nungesser et Coli;48,9527;2,36734
202300043839;21;2;2023;09:10;1;75;75120;2;3;1;6;RUE DE BAGNOLET;48,856822;2,396887
202300043840;31;8;2023;18:30;1;93;93066;2;3;2;3;Boulevard de la Libération / Allée Daniel Fery;48,9263327;2,3419239
202300043841;21;2;2023;18:05;2;75;75119;2;5;1;3;RUE RIQUET;48,889232;2,371474
202300043842;21;2;2023;20:50;5;75;75118;2;1;1;5;RUE DE LA CHAPELLE;48,897425;2,35942
202300043843;20;2;2023;22:55;5;75;75117;2;2;1;6;RUE NOLLET;48,887621;2,32018
202300043844;29;8;2023;09:30;1;93;93001;2;2;1;3;Rue des Ecoles / Rue des Cités;48,90540768;2,38724853
202300043845;20;2;2023;18:25;5;75;75114;2;2;1;6;AVENUE DU GENERAL LECLERC;48,823274;2,325602
202300043846;31;8;2023;18:05;1;92;92020;2;1;2;3;LIBERTE BOULEVARD DE LA N° IMPAIRS;48,80067;2,29377
202300043847;21;2;2023;18:20;5;75;75104;2;7;1;6;RUE SAINT ANTOINE;48,85325621;2,36857831
202300043848;17;2;2023;08:00;1;94;94041;2;1;1;6;Rue Gagnée;48,80336396;2,38283318
202300043849;31;8;2023;09:20;1;92;92036;2;1;1;6;GRESILLONS (AVENUE DES) (141/215);48,91983318;2,31396759
202300043850;31;8;2023;18:15;1;92;92024;2;1;2;7;MARTRE DE (4 A 54);48,89965;2,30915
202300043851;21;2;2023;22:10;5;94;94058;2;1;1;5;206 Avenue Pierre Brossolette;48,83437008;2,51247481
202300043852;30;8;2023;19:00;1;92;92024;2;1;1;3;CLICHY (QUAI DE) DE (8 A 60);48,90703454;2,29694903
202300043853;21;2;2023;16:10;1;94;94041;2;1;1;3;Rue Jean-baptiste Renoult;48,80325673;2,39453566
202300043854;30;8;2023;13:30;1;92;92004;2;1;1;2;ARGENTEUIL AV D';48,91641;2,2823
202300043855;21;2;2023;17:22;1;94;94002;2;3;1;6;Rue de Mâcon / Rue de Grenoble;48,78609;2,43084
202300043856;26;8;2023;18:45;1;51;51649;2;1;1;6;28 Faubourg de Vitry-le-Brûlé;48,728915;4,590752
202300043857;3;4;2023;05:10;2;57;57443;1;9;1;7;Autoroute A4 Sens PARIS-METZ PR 311.000;49,205626;6,120265
202300043858;21;2;2023;16:50;1;95;95527;1;1;7;2;Aeroport Charles de Gaulle;49,01041;2,54173
202300043859;15;8;2023;19:30;1;22;22361;1;1;1;7;RD6;48,59084923;-2,94275343
202300043860;6;4;2023;21:55;3;65;65359;1;1;1;6;D21;43,240607;0,261269
202300043861;21;2;2023;08:00;1;93;93066;2;2;1;3;Rue Robert Desnos / Rue Henri Barbusse;48,94054201;2,37188548
202300043862;1;9;2023;01:00;3;81;81139;1;1;1;6;Impasse de La Garriguié;43,67841496;2,11642385
202300043863;7;4;2023;07:40;1;50;50553;1;1;5;6;A84;48,573193;-1,330644
202300043864;20;2;2023;22:40;5;93;93066;2;3;1;3;Avenue du Président Wilson / Rue Jules Saulnier;48,925964;2,356597
202300043865;1;9;2023;10:50;1;71;71105;1;1;1;2;A6;46,29389309;4,79120381
202300043866;1;9;2023;10:50;1;51;51217;1;1;1;3;D18;49,072432;3,64892
202300043867;21;2;2023;21:45;5;93;93055;2;1;1;7;Rue Delizy;48,89486;2,40972
202300043868;7;4;2023;13:00;1;40;40227;1;1;1;1;D834 PK 10+ 300;44,335375;-0,776532
202300043869;31;8;2023;14:15;1;83;83004;1;3;1;3;Route Departementale Dn7;43,457989;6,519538
202300043870;20;2;2023;22:55;3;93;93047;2;1;1;6;Avenue Emile Cossonneau;48,895092;2,550273
202300043871;7;4;2023;05:30;3;24;24139;1;1;1;6;Autoroute A89, PK 108.600;45,13572671;0,61287403
202300043872;1;9;2023;02:45;3;971;97109;1;1;1;6;Route de Dolé - Bassin des Amours;15,992045;-61,672161
202300043873;21;2;2023;08:30;2;92;92073;2;3;7;3;SELLIER (BOULEVARD HENRI);48,86765897;2,22596079
202300043874;7;4;2023;09:20;1;56;56090;1;1;1;7;route de keraudran;47,833238;-3,240087
202300043875;29;8;2023;07:00;1;974;97413;2;3;1;3;Chemin Clement Fossy;-21,137396;55,292017
202300043876;22;2;2023;19:20;5;92;92051;2;9;2;2;SAINT PIERRE  (RUE);48,882787;2,271191
202300043877;6;4;2023;19:53;1;56;56034;2;6;1;6;Rue Saint Cornely;47,588121;-3,09027
202300043878;27;8;2023;19:05;1;34;34095;1;1;1;6;D613;43,54088;3,764947
202300043879;21;2;2023;18:00;2;92;92049;2;1;1;3;DORMOY AVENUE MARX N°102 A FIN;48,81017033;2,31426492
202300043880;1;9;2023;15:20;1;56;56055;2;1;1;6;rue victor hugo;47,659395;-3,188934
202300043881;7;4;2023;07:15;1;79;79278;1;2;1;3;N/A;46,597638;-0,115474
202300043882;21;2;2023;09:10;1;92;92040;2;1;1;7;GOUVERNEUR GAL EBOUE DU 02 AU 64;48,82556024;2,26870224
202300043883;1;9;2023;11:03;1;56;56186;2;1;1;3;11 Boulevard du Parco;47,50008;-3,119962
202300043884;7;4;2023;13:00;1;2B;2B207;1;9;1;2;Caragiuti;42,457823;9,500964
202300043885;20;2;2023;19:45;5;92;92035;2;1;1;7;National ( boulevard );48,90712;2,23893
202300043886;30;8;2023;12:30;1;56;56158;1;1;1;1;Lieu Dit Kerango;47,703618;-2,849303
202300043887;21;2;2023;15:20;1;92;92012;2;1;1;3;REINE (ROUTE DE LA) 1/37- 6/80;48,83928;2,24452
202300043888;4;4;2023;20:10;2;65;65138;2;1;1;3;Route de Pierrefitte;42,899077;-0,109949
202300043889;1;9;2023;10:20;1;74;74104;1;1;1;2;RD1508;45,783555;6,225557
202300043890;20;2;2023;07:15;2;60;60335;1;2;1;3;Carrefour RD 930 / RD 133;49,540023;1,869532
202300043891;7;4;2023;13:30;1;33;33314;1;2;7;3;RD 206;45,175571;-0,774611
202300043892;30;8;2023;15:00;1;79;79003;1;1;1;2;N/A;46,275555;-0,39127
202300043893;22;2;2023;07:30;2;36;36034;2;1;8;6;2 Rue Jean Jaures;47,254401;1,65365
202300043894;6;4;2023;21:45;3;11;11397;2;1;1;6;28 Route des Corbières;43,202594;2,430982
202300043895;31;8;2023;18:10;1;2A;2A032;1;1;1;1;magasin  GIFI Alivella;41,913791;8,823974
202300043896;21;2;2023;13:30;1;974;97412;2;1;1;7;313 Rue Raphaël Babet;-21,378983;55,620386
202300043897;1;9;2023;17:25;1;2B;2B346;1;1;1;3;Arena;42,504985;9,470236
202300043898;7;4;2023;08:45;1;71;71367;2;3;2;3;02 route de lons;46,645021;5,303146
202300043899;19;3;2023;20:30;3;63;63341;1;1;1;2;Puvic;45,51366201;3,72736221
202300043900;21;2;2023;17:50;1;22;22004;1;1;2;5;D767 PR37+500;48,625988;-3,319931
202300043901;31;8;2023;13:30;1;65;65002;2;1;1;4;7 Avenue des Pyrénées;43,138397;-0,027731
202300043902;7;4;2023;08:35;2;61;61187;1;1;1;6;D930 PR15+120;48,664813;0,584577
202300043903;7;4;2023;11:20;1;46;46066;1;1;1;1;D673;44,632496;1,219965
202300043904;3;4;2023;20:45;2;44;44182;2;1;1;7;149 Boulevard de l’Océan;47,162364;-2,170494
202300043905;31;8;2023;16:50;1;55;55012;1;1;2;7;D907;48,85490516;5,65410197
202300043906;21;2;2023;16:12;1;76;76257;1;1;1;6;A28 vers Rouen, pk040.000;49,85716;1,55375
202300043907;6;4;2023;18:20;1;29;29235;2;6;1;3;2 route de Kerscao;48,405766;-4,409128
202300043908;20;2;2023;15:35;1;974;97410;1;1;1;2;267 Route Nationale 2;-21,01153;55,699504
202300043909;1;9;2023;02:00;3;12;12145;1;1;1;6;route départementale 809;44,0356682;3,14710021
202300043910;1;9;2023;13:50;1;42;42329;2;1;7;6;Route Bleue;45,316029;4,526662
202300043911;21;2;2023;06:45;2;41;41289;1;1;1;1;RD 74;47,878203;1,558803
202300043912;7;4;2023;12:48;1;31;31052;1;1;1;1;route de toulouse;43,381337;1,35298
202300043913;31;8;2023;15:00;1;22;22158;1;1;1;1;Kerguedo;48,223204;-2,934766
202300043914;6;4;2023;09:09;1;38;38150;2;3;7;1;Avenue Aristide Berges;45,204122;5,825533
202300043915;21;2;2023;16:35;1;19;19269;1;1;1;7;Les Jardines;45,57166241;1,81924045
202300043916;27;8;2023;02:45;3;22;22232;1;3;1;6;Route de Saint-Quay-Portrieux;48,645011;-2,850544
202300043917;6;4;2023;16:30;1;3;3135;1;9;1;6;Route départemental 37;46,155877;3,011477
202300043918;22;2;2023;14:15;1;80;80417;1;1;1;6;CD 337;49,852871;2,654743
202300043919;1;9;2023;03:45;3;25;25489;1;1;1;6;RD442;47,014512;6,147162
202300043920;7;4;2023;10:40;1;58;58142;1;1;1;6;D132;46,993544;3,73302
202300043921;1;9;2023;14:55;1;34;34154;1;1;1;2;D62;43,549351;3,983724
202300043922;7;4;2023;08:40;1;6;6112;2;1;1;1;D2085;43,673063;6,998034
202300043923;31;8;2023;09:42;1;29;29209;1;1;2;6;Lieu Dit Kerven;48,54699102;-4,40776675
202300043924;22;2;2023;07:50;2;61;61043;1;1;5;1;D955;48,348384;0,735622
202300043925;5;4;2023;18:20;1;27;27108;2;2;1;1;D54;48,767283;0,810157
202300043926;1;9;2023;11:05;1;2;2810;2;1;2;6;36 Rue du 18 Juillet 1918;49,25448;3,095344
202300043927;1;9;2023;16:35;1;84;84017;1;1;1;7;Route du Mont-ventoux;44,129589;5,288131
202300043928;22;2;2023;09:45;1;44;44119;1;1;2;1;1 Rue de la Garnache;46,9562625;-1,7705261
202300043929;6;4;2023;16:50;1;66;66172;2;1;1;6;N/A;42,715547;2,842423
202300043930;22;2;2023;15:30;1;29;29177;1;3;1;3;Moulin du Pont Rheun;48,468248;-4,717292
202300043931;1;9;2023;09:08;1;3;3226;1;1;1;3;D994;46,370833;3,860385
202300043932;5;4;2023;18:05;1;6;6088;1;1;1;4;A8 PK 185.300 - Bretelle de sortie 50 - Chaussée Sud;43,668368;7,198234
202300043933;22;2;2023;09:45;1;38;38257;1;1;1;7;D520;45,485428;5,398058
202300043934;1;9;2023;06:00;2;1;1024;1;1;1;3;Route de Montrevel;46,299681;5,151899
202300043935;1;2;2023;11:25;1;26;26338;1;6;1;3;D74;44,593432;4,820166
202300043936;1;9;2023;05:15;3;70;70313;1;1;2;7;RN 19;47,637736;6,616462
202300043937;7;4;2023;10:30;1;27;27036;1;1;1;5;RN 12 PK 020.900;48,744596;0,978652
202300043938;21;2;2023;07:59;1;54;54073;1;1;9;7;RD 904;48,64184356;5,90526134
202300043939;1;9;2023;18:25;2;70;70488;1;1;1;7;D434;47,840138;6,078303
202300043940;21;2;2023;22:10;3;72;72180;2;1;1;6;71 residence des vignes;48,343999;0,376226
202300043941;7;4;2023;15:15;1;13;13051;1;9;1;2;Autoroute A7 sens LYON/MARSEILLE PK 237+418;43,60935882;5,14754015
202300043942;22;2;2023;19:30;3;5;5156;1;1;1;6;RD340;44,54749152;6,49985075
202300043943;24;8;2023;08:00;1;72;72386;1;1;1;6;route de l'ardoise;48,02395;0,25272
202300043944;7;4;2023;11:30;1;13;13021;2;6;1;3;Place Jean Jaures;43,330645;5,151681
202300043945;1;9;2023;08:30;1;50;50081;2;1;8;6;443 Le Grand Chemin;48,864141;-1,543697
202300043946;21;2;2023;13:25;1;18;18135;1;2;1;1;;46,634962;2,218723
202300043947;21;2;2023;16:50;1;16;16070;1;1;8;2;ROUTE D ANGOULEME;45,874413;0,701441
202300043948;4;4;2023;16:50;1;91;91044;2;1;1;2;54 Avenue de la Division Leclerc;48,663651;2,277394
202300043949;29;8;2023;09:25;1;83;83012;2;3;1;3;Route de Draguignan;43,558075;6,012982
202300043950;22;2;2023;06:00;3;53;53198;1;1;5;1;D119;48,325327;-0,190609
202300043951;3;4;2023;11:00;1;83;83094;1;1;1;2;Route départementale 44;43,3161;6,541806
202300043952;31;8;2023;17:30;1;36;36220;1;1;1;6;N/A;46,62067559;1,47023519
202300043953;22;2;2023;07:40;1;85;85078;1;1;2;1;D25c;46,32507;-0,740276
202300043954;6;4;2023;15:10;1;13;13074;1;1;1;6;Route Départentale 96;43,6446;5,557601
202300043955;21;2;2023;04:45;4;27;27198;2;1;5;6;RD50, Morainville, BUIS SUR DAMVILLE;48,832826;1,122681
202300043956;6;12;2023;13:40;1;13;13047;2;1;1;1;ROUQUIER CHEMIN DU;43,51179;4,99038
202300043957;30;8;2023;16:00;1;16;16044;1;2;1;5;Intersection D176/D56;46,028987;0,278255
202300043958;7;4;2023;16:50;1;89;89085;1;1;1;6;N/A;47,949883;3,50326
202300043959;20;2;2023;23:13;4;88;88313;2;9;1;6;4 Rue du Haut de Fosse;48,348713;6,429459
202300043960;6;12;2023;17:20;5;10;10362;2;3;1;6;GENERAL GALLIENI (RUE DU);48,29405;4,05725
202300043961;7;4;2023;12:28;1;89;89257;2;6;1;6;Rue Pierre Larousse;47,969288;3,509967
202300043962;30;8;2023;15:45;1;53;53002;1;1;1;7;Montgiroux;48,212804;-0,705275
202300043963;6;12;2023;12:20;1;7;7102;2;1;1;6;REPUBLIQUE (AV. DE LA) [DU N° AU N°];44,93594;4,87544
202300043964;1;9;2023;18:25;1;85;85084;1;1;1;2;RD160;46,787682;-1,1881895
202300043965;6;4;2023;18:50;1;71;71251;1;4;1;3;D681;46,919119;4,18872
202300043966;21;2;2023;18:20;2;28;28199;1;1;1;6;A10;48,201741;1,849946
202300043967;6;12;2023;20:25;5;6;6088;2;1;1;3;VOIE RAPIDE;43,6934;7,24496
202300043968;31;8;2023;11:30;1;85;85135;2;1;1;6;RD 746;46,537564;-1,2289928
202300043969;6;4;2023;21:30;3;69;69024;1;1;1;6;Montee de l’Azergues;45,94033566;4,55955567
202300043970;6;12;2023;06:20;5;6;6029;2;5;1;1;GRASSE (AVENUE DE);43,55412;7,01686
202300043971;31;8;2023;17:48;1;28;28032;1;1;1;5;N154;48,308721;1,686181
202300043972;21;2;2023;15:43;1;21;21515;2;1;1;6;Rue de l'Eglise;47,312268;5,114881
202300043973;28;3;2023;08:55;1;32;32091;1;1;1;3;Bordeneuve de Plaisance;43,697328;0,518036
202300043974;7;12;2023;19:55;4;6;6027;2;1;1;1;VAL EN SOL AVENUE DE;43,66096;7,16918
202300043975;1;9;2023;09:00;1;28;28414;2;1;1;6;Grande Rue;48,392143;1,209703
202300043976;21;2;2023;12:36;1;77;77505;1;1;1;7;D33 A1;48,920215;2,98871
202300043977;6;4;2023;20:51;3;9;9282;2;1;1;2;Route d'Espagne;43,231634;1,589928
202300043978;1;9;2023;00:50;3;17;17465;2;1;1;7;11 Route de l'Océan;45,972126;-0,564681
202300043979;7;12;2023;09:20;1;6;6123;2;1;1;3;LECLERC GENERAL AVENUE;43,67285;7,19043
202300043980;22;2;2023;08:40;1;34;34341;1;1;1;5;D5E8;43,475288;3,586906
202300043981;6;12;2023;17:30;5;6;6004;1;9;1;1;NICE(RN.7) AV.ET RTE DE;43,611333;7,126118
202300043982;24;8;2023;20:50;3;17;17443;1;2;2;3;D110;46,084587;-1,007202
202300043983;7;12;2023;11:45;1;4;4112;2;1;1;6;VOLX (AV.DE);43,83834;5,80652
202300043984;7;4;2023;09:30;1;33;33240;2;3;1;4;Rue Pierre Curie;45,307685;-0,942078
202300043985;10;2;2023;15:15;1;34;34344;2;9;1;3;7 Rue des Artisans;43,561241;4,076974
202300043986;7;12;2023;19:51;3;3;3321;2;1;2;2;Rue des Planchards;46,55804;3,36859
202300043987;6;4;2023;17:10;1;33;33085;2;1;1;6;Chemin de Fontbonne;44,772894;-0,487336
202300043988;27;8;2023;05:00;5;48;48034;2;6;2;5;Avenue du Lot;44,433462;3,213651
202300043989;17;2;2023;10:10;1;26;26124;1;1;1;4;A7 - PK 081.000;44,836274;4,862738
202300043990;7;12;2023;13:00;1;3;3101;1;1;1;2;N/A;46,38751;2,5507
202300043991;1;9;2023;09:00;1;13;13091;1;2;1;3;D7n;43,632705;5,284123
202300043992;7;4;2023;11:05;1;33;33284;1;3;1;4;Chemin de l'Estauleyre;44,626763;-0,902596
202300043993;6;12;2023;08:05;2;2;2722;2;9;8;6;GLE ET DE LA DIVISION LECLERC (AV. DU );49,37603;3,32923
202300043994;21;2;2023;18:20;2;33;33061;1;3;1;3;D936;44,826656;-0,421536
202300043995;1;9;2023;03:30;3;18;18214;1;1;2;7;N/A;47,199248;2,029939
202300043996;6;12;2023;20:00;5;2;2340;2;1;1;3;32 Rue Georges Herbin;49,8279;3,28761
202300043997;4;4;2023;14:19;1;44;44026;1;3;1;3;1 Route de la Charmelière;47,301046;-1,47524
202300043998;20;2;2023;23:09;3;13;13210;1;1;1;2;A50-Sens Marseille vers Aubagne;43,28452625;5,41498131
202300043999;31;8;2023;18:30;1;13;13118;1;3;1;3;D10;43,545184;5,256795
202300044000;7;4;2023;17:52;1;60;60628;1;1;1;2;N31;49,423927;2,146025
202300044001;7;12;2023;14:20;1;75;75118;2;1;2;3;PORTE DE LA CHAPELLE;48,900695;2,365705
202300044002;19;2;2023;16:45;1;33;33281;1;1;1;4;ROCADE A 630;44,83504;-0,67676
202300044003;7;12;2023;14:05;1;75;75112;2;1;1;2;PORTE DE CHARENTON;48,830807;2,403154
202300044004;24;6;2023;18:00;1;51;51454;1;1;1;2;A344;49,242952;4,030915
202300044005;6;4;2023;17:10;1;13;13215;1;1;1;7;A507 sens Marseille - Aubagne;43,34216476;5,37623952
202300044006;21;2;2023;08:45;1;91;91687;1;1;1;3;AUTOROUTE A6;48,66532;2,36363
202300044007;27;8;2023;22:35;5;31;31254;1;6;1;6;D916;43,544497;1,503561
202300044008;6;12;2023;16:00;2;75;75119;2;1;1;2;PORTE DE PANTIN;48,897213;2,394354
202300044009;20;2;2023;21:35;3;91;91174;1;9;1;7;RN 104;48,624289;2,469274
202300044010;31;8;2023;14:45;1;34;34172;1;1;1;2;autoroute A709 PK 011+400 sens béziers nimes;43,601403;3,921561
202300044011;6;4;2023;08:40;1;13;13081;1;1;1;4;A7-Sens Lyon vers Marseille;43,48986;5,2402
202300044012;20;2;2023;10:15;1;91;91161;1;1;1;4;AUTOROUTE A6;48,6986;2,3134
202300044013;1;9;2023;14:05;1;55;55237;1;1;1;2;AUTOROUTE A4 PK 265+200;49,113785;5,555563
202300044014;21;2;2023;17:45;1;78;78423;1;1;1;6;N12W;48,796;2,038255
202300044015;6;12;2023;08:15;1;75;75112;2;1;1;4;PORTE DE CHARENTON;48,830171;2,402188
202300044016;6;4;2023;07:40;2;33;33003;1;1;1;4;AUTOROUTE A 10;44,92973662;-0,46968699
202300044017;21;2;2023;11:45;1;93;93006;1;1;1;3;AUTOROUTE A3;48,86630746;2,41412759
202300044018;7;12;2023;13:50;1;75;75117;2;1;8;3;BOULEVARD PERIPHERIQUE;48,880992;2,282333
202300044019;6;4;2023;18:00;1;91;91689;1;1;1;2;AUTOROUTE A6B;48,74582;2,32569
202300044020;1;9;2023;12:50;1;45;45020;1;1;1;2;A10 PR 115 + 450;47,830818;1,661725
202300044021;6;12;2023;20:10;5;75;75102;2;2;8;6;RUE MONTMARTRE;48,868175;2,343591
202300044022;21;2;2023;10:00;1;93;93066;1;1;1;5;AUTOROUTE A86;48,92190936;2,36424249
202300044023;1;9;2023;13:00;1;33;33229;1;1;1;3;D106;44,782888;-0,934707
202300044024;6;4;2023;12:45;1;91;91228;1;1;2;2;AUTOROUTE A6;48,62327;2,42054
202300044025;6;12;2023;12:40;1;75;75114;2;1;1;3;BOULEVARD PERIPHERIQUE INTERIEUR SUD;48,817844;2,334024
202300044026;20;2;2023;09:00;1;95;95582;1;1;1;2;A15;48,97195611;2,24798144
202300044027;31;8;2023;16:35;1;971;97117;1;1;1;6;N5 - section Lacroix;16,331259;-61,392438
202300044028;6;4;2023;12:50;1;91;91692;1;1;1;3;RN 118;48,66939;2,19447
202300044029;7;12;2023;18:13;5;75;75105;2;2;2;6;RUE DES ECOLES;48,848619;2,348531
202300044030;20;2;2023;11:00;1;28;28229;2;1;1;6;PHILIPPE (AVENUE GERARD);48,45003;1,45208
202300044031;31;8;2023;19:16;5;971;97129;2;3;1;3;Belle Rivière;16,274428;-61,672509
202300044032;6;4;2023;08:30;1;94;94003;1;1;2;7;A6B;48,8019795;2,34359623
202300044033;7;12;2023;02:38;5;75;75117;2;2;1;3;AVENUE DE LA PORTE D ASNIERES;48,892266;2,30102
202300044034;6;4;2023;17:00;1;78;78297;1;1;1;3;RN12;48,78982;2,0592
202300044035;7;12;2023;22:00;3;75;75115;2;1;3;6;BOULEVARD LEFEBVRE;48,828006;2,303963
202300044036;21;2;2023;07:20;1;988;98818;2;3;1;6;RUE COLNETT/RUE PIERRE SAUVAN;-22,29577;166,44991
202300044037;30;8;2023;14:50;1;44;44020;2;2;2;2;Rue Ginsheim Gustavburg;47,176179;-1,604197
202300044038;31;8;2023;18:43;1;2B;2B162;2;1;1;6;d47;42,476726;9,160945
202300044039;6;4;2023;17:50;1;78;78455;1;1;1;4;A13;48,855585;2,057822
202300044040;20;2;2023;14:15;1;974;97411;2;3;1;3;HUBERT DELISLE (AVENUE);-20,89135;55,44999
202300044041;6;12;2023;23:50;5;75;75114;2;1;1;5;AVENUE DU GENERAL LECLERC;48,829854;2,328636
202300044042;6;4;2023;07:20;2;92;92023;1;1;1;7;RN385;48,77659;2,23342
202300044043;29;7;2023;11:45;1;66;66190;1;1;1;1;N/A;42,86625066;2,98213363
202300044044;20;2;2023;18:26;1;973;97302;2;3;3;3;ZEPHIR (ROCADE);4,93651552;-52,30736196
202300044045;7;12;2023;19:45;5;75;75113;2;2;2;6;AVENUE D IVRY;48,821614;2,369141
202300044046;5;4;2023;18:00;1;95;95061;1;1;1;7;RN 104;49,06799174;2,25449202
202300044047;31;8;2023;18:50;1;83;83104;1;1;1;7;Route de Saint Paul Lez Durance;43,626683;5,765703
202300044048;7;12;2023;20:30;5;75;75112;2;1;2;6;RUE DU FAUBOURG SAINT ANTOINE;48,852708;2,37125
202300044049;5;4;2023;08:35;1;95;95018;1;1;1;2;D170;48,96084236;2,25965323
202300044050;20;2;2023;10:50;1;973;97302;2;2;3;3;HEDER (place);4,94244;-52,32794
202300044051;7;12;2023;08:20;1;75;75112;2;1;1;2;AVENUE DE SAINT MAURICE;48,82922;2,419941
202300044052;30;8;2023;15:12;1;13;13062;1;1;1;2;D8;43,421243;5,495578
202300044053;20;2;2023;17:20;1;69;69388;2;1;1;2;30 Rue Saint Romain;45,74109;4,86471
202300044054;7;12;2023;21:45;5;75;75111;2;1;3;6;RUE DE CHARONNE;48,854284;2,383503
202300044055;6;4;2023;09:40;1;93;93051;1;1;2;5;A4;48,83618999;2,54068673
202300044056;1;9;2023;14:48;1;68;68334;2;1;1;6;Bd Auguste Scheurer Kestner;47,810258;7,100741
202300044057;7;12;2023;16:37;2;75;75110;2;2;1;6;BOULEVARD DE MAGENTA;48,873768;2,358324
202300044058;20;2;2023;04:45;5;69;69383;2;2;1;6;Rue Duguesclin;45,75483;4,84998
202300044059;31;8;2023;21:00;5;68;68348;2;1;1;1;17 Route de Mulhouse;47,80411;7,122429
202300044060;20;2;2023;15:30;1;972;97209;1;1;1;7;BEAUSEJOUR JAMBETTE (ROUTE);14,63778;-61,04029
202300044061;31;8;2023;16:00;1;67;67156;1;1;8;7;D140;48,744037;7,760897
202300044062;4;4;2023;18:10;1;67;67482;2;1;1;6;PIERRE CORNEILLE (AVENUE);48,59249;7,69759
202300044063;7;12;2023;15:55;2;75;75108;2;3;1;3;AVENUE DES CHAMPS ELYSEES;48,87099;2,30341
202300044064;4;4;2023;14:50;1;67;67482;2;8;2;6;WINSTON CHURCHILL (PONT);48,57458;7,76701
202300044065;19;2;2023;21:50;3;972;97209;2;4;1;2;RD 41 (ROCADE);14,61674;-61,07207
202300044066;30;8;2023;23:30;3;67;67473;1;1;1;7;D422;48,58213884;7,47485518
202300044067;7;12;2023;08:45;1;75;75108;2;2;1;3;BOULEVARD DE COURCELLES;48,878663;2,300852
202300044068;5;4;2023;04:40;5;974;97416;2;1;1;1;ARCHAMBAUD (RUE);-21,32965;55,48042
202300044069;1;9;2023;11:58;1;3;3189;1;1;1;1;D159;46,30811;2,81051
202300044070;20;2;2023;20:10;5;69;69149;2;3;1;3;Rue Francisque Jomard;45,7152;4,80024
202300044071;6;12;2023;15:46;1;75;75108;2;2;1;2;PLACE CHARLES DE GAULLE;48,874105;2,295763
202300044072;20;2;2023;18:07;5;69;69149;2;1;1;6;171 Grande Rue;45,71238;4,80338
202300044073;1;9;2023;13:00;1;42;42094;2;1;1;6;Grande Rue de Randan;45,742378;4,218825
202300044074;6;12;2023;08:20;1;75;75108;2;2;1;3;BOULEVARD DE COURCELLES;48,87857;2,30085
202300044075;5;4;2023;13:10;1;973;97302;2;3;8;3;ZEPHIR (ROCADE);4,94174476;-52,30418873
202300044076;31;8;2023;13:44;1;7;7259;1;3;1;3;Route de Saint-martin;44,30386;4,603781
202300044077;7;12;2023;10:00;1;75;75102;2;4;1;6;RUE DU LOUVRE;48,865855;2,343382
202300044078;20;2;2023;15:50;1;69;69384;2;1;1;4;14 Cours d'Herbouville;45,77511;4,8394
202300044079;7;12;2023;16:04;5;94;94078;2;1;1;3;IMPASSE SAINT GEORGES;48,72469;2,44443
202300044080;5;4;2023;08:20;1;973;97302;2;2;1;6;MONNERVILLE (AVENUE GASTON);4,93632152;-52,33470619
202300044081;1;9;2023;16:05;1;69;69131;1;1;1;1;Route des Monts du Lyonnais;45,690604;4,678207
202300044082;20;2;2023;13:10;1;69;69149;2;2;1;3;Grande Rue;45,72105665;4,81118631