Num_Acc;jour;mois;an;hrmn;lum;dep;com;agg;int;atm;col;adr;lat;long
202300044083;6;12;2023;08:17;1;94;94068;2;2;1;3;Boulevard de Champigny;48,8071;2,50901
202300044084;5;4;2023;15:35;1;972;97213;1;1;1;3;AUTOROUTE A1;14,61836;-61,02514
202300044085;20;2;2023;08:00;1;2A;2A004;2;9;1;2;GEORGES POMPIDOU AVENUE;41,92981;8,75748
202300044086;5;4;2023;09:50;1;69;69149;2;1;1;7;22 Grande Rue;45,71953;4,81049
202300044087;1;9;2023;17:46;1;49;49301;1;1;9;6;Les Quatre Étalons;47,098547;-1,021922
202300044088;7;12;2023;10:30;1;94;94003;2;9;1;3;Avenue Gabriel Péri;48,7995;2,34397
202300044089;20;2;2023;13:55;1;91;91692;2;4;1;3;CANADA (AVENUE DU);48,6847;2,19118
202300044090;5;4;2023;15:00;1;2B;2B037;1;1;1;2;TOUTES RUES;42,6284;9,43754
202300044091;1;9;2023;13:40;1;50;50594;1;1;1;1;Route du Saussey;49,609709;-1,716442
202300044092;7;12;2023;08:15;1;94;94075;1;1;1;3;Route de la Grange;48,73267;2,51284
202300044093;4;4;2023;10:30;1;971;97120;1;1;1;6;JEAN JAURES;16,23886321;-61,5370658
202300044094;20;2;2023;13:54;1;87;87085;2;2;1;3;NAUGEAT (AVENUE DE;45,82231;1,23977
202300044095;1;9;2023;00:05;3;22;22277;1;1;2;1;Le Mérutel;48,375808;-2,839692
202300044096;7;12;2023;16:50;2;93;93066;2;2;2;3;Avenue du Stade de France / Rue de la Cokerie;48,9212;2,36163
202300044097;20;2;2023;13:54;1;87;87085;2;1;1;7;FUSTEL DE COULANGES (RUE);45,83313;1,23156
202300044098;5;4;2023;16:11;1;2A;2A004;2;3;1;3;BONAPARTE CHARLES  BD;41,93155;8,74027
202300044099;7;12;2023;18:50;5;93;93055;2;5;2;2;Rue Méhul / Rue Gambetta;48,889155;2,410226
202300044100;19;2;2023;20:40;3;87;87085;1;1;1;6;AUTOROUTE A20;45,87306;1,28777
202300044101;5;4;2023;07:50;1;2A;2A004;2;3;1;3;BONAPARTE LUCIEN  COURS;41,91202;8,72275
202300044102;28;8;2023;19:00;1;59;59377;2;1;1;1;3 Rue Jean Jaures;50,120791;3,173558
202300044103;7;12;2023;19:50;5;93;93047;2;3;2;3;Avenue Jean Jaurés / Avenue des Violettes;48,89876;2,54739
202300044104;19;2;2023;16:42;1;87;87085;2;1;1;4;MATISSE (RUE HENRI);45,85158;1,27132
202300044105;31;8;2023;19:15;1;13;13214;1;1;1;2;A507 sens Marseille - Aubagne;43,3297;5,393
202300044106;7;12;2023;08:26;1;93;93029;2;3;1;3;Avenue Henri Barbusse / Rue Gabriel Puech ;48,918639;2,448754
202300044107;19;2;2023;13:47;1;87;87075;1;3;1;3;D20;45,80891;1,16348
202300044108;16;8;2023;12:00;1;13;13071;1;1;1;3;A5501DSens Lyon vers A55-Mlle Vieux Port;43,4052;5,2944
202300044109;7;12;2023;20:25;5;93;93014;2;2;2;6;Carrefour des Libertés / Boulevard Gagarine;48,904647;2,548517
202300044110;20;2;2023;05:00;3;84;84035;2;1;1;1;MARSEILLE-RD938 (ROUTE DE);43,82767;5,0327
202300044111;5;4;2023;16:40;1;91;91570;2;9;1;6;BOIELDIEU (RUE);48,63091;2,31756
202300044112;30;8;2023;18:23;1;13;13005;1;1;1;2;A50-Sens Marseille vers Aubagne;43,2868;5,53841
202300044113;20;2;2023;20:30;5;83;83137;2;1;1;1;FAVIERES (CHEMIN DES);43,15127444;5,96905893
202300044114;5;4;2023;10:05;1;91;91286;2;1;1;3;NATIONALE 7 (ROUTE);48,666636;2,396362
202300044115;7;12;2023;20:15;5;93;93007;2;4;2;3;Rue Alexandre Dumas / Avenue Pasteur;48,93779;2,47389
202300044116;30;8;2023;13:35;1;13;13056;1;1;1;2;A55-Sens Martigues vers Marseille;43,40527;5,0398
202300044117;19;2;2023;19:43;5;78;78440;2;1;1;2;SEINE (RUE DE);48,9975;1,90986
202300044118;5;4;2023;10:25;1;91;91433;1;1;7;6;ROCHETTES (RUE DES);48,45168;2,17169
202300044119;30;8;2023;10:15;1;83;83144;1;1;1;2;A57;43,14109384;6,00284963
202300044120;6;12;2023;20:00;5;92;92078;2;9;1;3;MARECHAL LECLERC (AVENUE) (PAIRS);48,93487788;2,3249875
202300044121;31;8;2023;07:25;1;33;33122;1;1;1;6;AUTOROUTE A 63;44,73161848;-0,72440565
202300044122;5;4;2023;09:47;1;87;87050;2;1;1;6;LIMOGES (AVENUE DE);45,86373;1,23801
202300044123;7;12;2023;09:00;1;92;92073;2;1;1;3;GAULLE (AVENUE GENERAL CHARLES DE);48,87064153;2,22461119
202300044124;31;8;2023;17:10;1;94;94076;1;1;2;2;A6B;48,79178332;2,34476096
202300044125;5;4;2023;21:05;5;83;83069;2;2;1;3;PERRON (AVENUE JEAN JACQUES);43,11942;6,12629
202300044126;6;12;2023;20:50;5;92;92072;2;3;1;3;BRUYERES (RUE DES);48,82121261;2,21866742
202300044127;10;2;2023;09:00;1;76;76351;1;1;1;6;SPORTS;49,51746;0,13001
202300044128;5;12;2023;20:30;5;92;92072;2;1;2;7;BALZAC (RUE HONORE DE);48,82831;2,2017
202300044129;31;8;2023;08:47;1;91;91228;1;1;8;4;AUTOROUTE A6;48,62789;2,41332
202300044130;3;3;2023;17:15;1;78;78158;2;6;1;6;CHARLES DE GAULLE (AVENUE);48,828646;2,124864
202300044131;31;8;2023;07:01;2;91;91434;1;1;1;2;AUTOROUTE A6;48,66832;2,35421
202300044132;5;4;2023;20:15;2;78;78372;2;1;1;6;FONTENELLE (RUE);48,872149;2,096492
202300044133;7;12;2023;19:45;5;92;92050;1;3;2;4;RD 914;48,90684325;2,2120399
202300044134;20;2;2023;19:25;5;73;73008;2;6;1;6;LEPIC BOULEVARD;45,68606;5,906
202300044135;7;12;2023;17:45;2;92;92050;2;9;8;6;18 OCTOBRE 1961 RUE;48,89853;2,21519
202300044136;30;8;2023;19:45;1;91;91471;1;9;1;2;RN 118;48,69473;2,19458
202300044137;3;4;2023;19:10;1;78;78418;2;3;1;3;ROBERT LAFORGE (BOULEVARD);48,93223;2,1397
202300044138;19;2;2023;18:15;2;71;71306;2;2;1;3;ALOUETTES (AVENUE DES);46,68781;4,35808
202300044139;6;12;2023;20:00;5;92;92050;2;9;1;3;LENINE VLADIMIR ILITCH AVENUE;48,88795556;2,18953997
202300044140;30;8;2023;14:45;1;93;93027;1;1;1;2;AUTOROUTE A86;48,92458528;2,38937632
202300044141;5;4;2023;21:00;5;78;78624;1;1;1;1;L'HAUTIL RUE CD2;48,99157;2,00796
202300044142;31;8;2023;18:15;1;94;94018;1;1;8;6;A4;48,81739194;2,41475247
202300044143;5;12;2023;12:10;1;92;92024;2;1;2;7;CLICHY (QUAI DE) DE (104 A 202);48,90679477;2,29649931
202300044144;20;2;2023;17:40;1;69;69271;2;3;1;3;Avenue du Progrès;45,73015;4,96375
202300044145;7;12;2023;20:15;5;92;92012;2;1;3;6;GEORGES GORSE (QUAI);48,82361946;2,23848827
202300044146;31;8;2023;08:30;1;77;77363;1;1;1;2;A104;48,92869685;2,62840045
202300044147;17;2;2023;20:00;5;67;67482;2;1;1;3;DOUBS (RUE DU);48,56168;7,73434
202300044148;8;12;2023;18:30;5;24;24294;2;1;1;2;Avenue de l'Europe;45,006208;0,162284
202300044149;24;7;2023;22:36;4;59;59350;2;3;1;6;COURBET GUSTAVE  RUE;50,60862;3,04016
202300044150;5;4;2023;20:00;1;77;77070;1;1;1;7;D209;48,787;3,124
202300044151;7;12;2023;19:30;5;95;95480;2;1;3;6;RAYMOND POINCARE (RUE);49,120176;2,210485
202300044152;18;2;2023;16:43;1;66;66136;2;3;1;6;;42,69647794;2,87797272
202300044153;7;12;2023;22:30;3;31;31074;1;1;3;6;D20;43,682305;1,609948
202300044154;12;4;2023;15:00;1;73;73154;1;1;2;1;RD104;45,680392;6,339369
202300044155;4;4;2023;13:50;1;76;76351;2;2;1;1;FRANCOIS 1ER (BD);49,49191;0,09917
202300044156;17;2;2023;18:08;2;66;66136;1;1;1;3;RN 116;42,69428;2,84879
202300044157;8;12;2023;10:30;1;71;71497;1;1;2;6;Autoroute A6 sens LYON-PARIS PK 384+350;46,339691;4,821888
202300044158;4;4;2023;15:00;1;73;73031;2;3;1;3;BASSENS (AVENUE DE);45,57363;5,93655
202300044159;20;2;2023;22:05;5;64;64445;1;1;1;1;OLOF PALME;43,33697;-0,36669
202300044160;26;6;2023;10:20;1;64;64348;2;6;1;3;EUROPE DE L';43,33573;-0,38505
202300044161;8;12;2023;08:30;1;974;97404;2;1;2;3;213 Avenue Raymond Barre;-21,259236;55,355693
202300044162;5;4;2023;19:30;1;69;69259;2;1;1;2;Avenue Pierre Sémard;45,71183;4,8749
202300044163;20;2;2023;03:00;3;64;64122;2;1;1;7;BORDOLO (RUE);43,47882;-1,55317
202300044164;8;12;2023;10:44;1;63;63035;1;2;2;3;D2144 / D403;45,956964;3,106843
202300044165;23;2;2023;14:20;1;39;39362;2;4;1;3;6 Place des Salines;46,673239;5,537312
202300044166;20;2;2023;09:00;1;63;63113;2;1;1;7;POINCARE (COURS RAYMOND);45,77178;3,09003
202300044167;8;12;2023;06:28;5;86;86226;1;1;2;5;D951;46,559803;0,451724
202300044168;26;5;2023;01:45;5;1;1053;2;2;1;3;LEVRIER (BD ANDRE) PAIR;46,209634;5,229921
202300044169;4;4;2023;19:35;2;67;67267;2;6;1;3;MARECHAL FOCH (RUE DU);48,56045;7,69285
202300044170;18;2;2023;23:05;5;63;63113;2;9;1;3;Av Michelin / parking InterMarché;45,78004367;3,11544478
202300044171;30;11;2023;23:00;3;84;84029;1;1;2;7;chemin des mulets;44,154815;4,884115
202300044172;17;1;2023;17:58;5;93;93053;2;3;1;3;Avenue de Rosny / Rue Jean Mermoz;48,893232;2,470766
202300044173;4;4;2023;11:45;1;67;67482;2;3;1;6;FORET NOIRE (AVENUE DE LA);48,58289;7,77227
202300044174;6;12;2023;14:40;1;85;85109;2;6;7;6;RD160;46,866641;-1,02679
202300044175;2;2;2023;00:45;5;62;62525;2;3;1;6;Route de Blendecques;50,739329;2,262978
202300044176;7;12;2023;08:00;1;63;63178;1;1;1;2;A75 PK31+200;45,54925;3,269269
202300044177;20;2;2023;20:30;5;59;59599;2;8;1;6;CHANZY (RUE);50,71936;3,15819
202300044178;30;8;2023;17:15;1;973;97302;1;1;1;3;ROUTE NATIONALE 1;4,90294;-52,3244
202300044179;2;4;2023;16:45;1;59;59560;2;3;1;3;EPINETTE RUE DE L;50,55608;3,05875
202300044180;8;12;2023;07:45;2;30;30217;2;1;2;6;2 Route d'Orange;43,975119;4,692396
202300044181;5;4;2023;22:25;5;56;56260;2;1;2;3;53 Boulevard de la Paix;47,66075;-2,75398
202300044182;20;2;2023;14:35;1;51;51172;2;6;1;3;Route de Taissy;49,22053;4,06423
202300044183;30;8;2023;12:20;1;972;97209;1;1;1;6;GODISSARD (BOULEVARD);14,6088;-61,06455
202300044184;8;12;2023;07:25;3;30;30141;1;1;2;1;D9;44,099636;4,636917
202300044185;5;4;2023;18:00;1;51;51454;2;1;1;6;avenue du 18 Juin 1940;49,23563;4,01943
202300044186;5;4;2023;18:15;1;49;49099;2;1;1;6;MUTUALITE (RUE DE LA);47,05645;-0,8937
202300044187;7;12;2023;20:10;3;56;56070;1;1;2;3;N/A;47,947719;-2,581007
202300044188;30;8;2023;22:55;3;69;69389;2;2;1;3;Rue des Docks;45,78551842;4,81065469
202300044189;4;4;2023;12:47;1;49;49007;2;1;1;7;CHATEAU D'ORGEMONT RUE ET SQU;47,45016;-0,54446
202300044190;8;12;2023;11:45;1;56;56042;1;1;1;1;Lieu Dit Kerras;47,836557;-2,793122
202300044191;17;2;2023;18:34;2;51;51108;2;1;1;6;Rue Emile Schmit;48,96793;4,35793
202300044192;7;12;2023;12:01;1;59;59094;2;1;1;6;Rue Jean Jaures;50,943462;2,200946
202300044193;5;4;2023;17:15;1;45;45298;2;1;1;2;1 Rue des Cygnes;47,87593533;1,87717617
202300044194;19;2;2023;16:18;1;49;49007;2;2;1;6;TILLON;47,48959;-0,56266
202300044195;5;12;2023;17:30;5;2A;2A130;2;9;1;6;boulevard marie-jeanne bozzi;41,894603;8,806663
202300044196;17;3;2023;12:45;1;44;44109;2;1;1;2;62bis Boulevard Victor Hugo;47,20191;-1,54773
202300044197;8;12;2023;16:30;1;89;89339;1;1;1;6;Route Départementale 86;47,565914;3,980398
202300044198;18;3;2023;03:55;3;44;44109;2;1;1;6;143 Boulevard Auguste Péneau;47,23189;-1,50771
202300044199;19;2;2023;11:17;1;49;49007;2;1;1;1;MONTESQUIEU PASSAGE;47,46098;-0,61243
202300044200;26;8;2023;00:50;3;84;84080;1;1;1;2;CD 942 DE CARPENTRAS A RTE SARRIANS;44,04497;5,01008
202300044201;5;4;2023;06:00;5;44;44143;2;1;1;3;Route des Sorinières;47,15722;-1,54122
202300044202;7;12;2023;17:42;3;63;63031;1;1;1;1;D 214;45,46181474;3,29628995
202300044203;20;2;2023;11:50;1;47;47032;1;4;1;3;Denis Papin (Rue);44,180411;0,679355
202300044204;5;4;2023;08:40;1;35;35206;1;1;1;2;RD 837;48,07179451;-1,69682711
202300044205;8;12;2023;19:00;3;61;61284;1;1;1;1;D8;48,602012;0,316779
202300044206;26;8;2023;23:45;5;83;83126;2;2;2;3;JUIN (AV MARECHAL);43,107421;5,86967
202300044207;5;4;2023;01:24;3;34;34301;1;1;1;7;Route d'Agde;43,354679;3,595557
202300044208;20;2;2023;15:30;1;44;44162;2;1;1;6;Boulevard Salvador Allende;47,21849;-1,61796
202300044209;8;12;2023;15:55;1;49;49215;1;1;1;1;D761;47,14586456;-0,16844324
202300044210;30;8;2023;19:40;1;77;77053;2;1;1;2;RUE DU GENERAL LECLERC;48,70202;2,59821
202300044211;5;4;2023;09:33;1;34;34003;2;6;1;3;2 Avenue de la Mediterranee;43,29109;3,51406
202300044212;8;12;2023;06:20;3;12;12016;1;1;2;6;rd 840;44,508764;2,362082
202300044213;11;2;2023;00:15;3;44;44143;1;1;1;6;;47,1601;-1,55191
202300044214;8;12;2023;14:05;1;25;25287;2;1;1;6;Route de Besançon;47,203598;5,902225
202300044215;5;4;2023;17:30;1;33;33550;2;1;1;1;Rue Pablo Neruda;44,78599;-0,58298
202300044216;7;12;2023;15:15;1;25;25468;1;1;1;6;D30;47,33225;6,194594
202300044217;18;2;2023;18:30;5;39;39198;2;9;1;6;Av. Foch / Rue de Franche-Comté;47,079823;5,469534
202300044218;30;8;2023;16:45;1;77;77111;2;2;1;3;AV HERGE;48,85718;2,77214
202300044219;5;4;2023;08:50;1;31;31555;2;1;1;6;DEMOISELLES (ALL DES) DU 2AU 80;43,58834;1,45878
202300044220;20;2;2023;14:10;1;38;38421;2;1;1;6;AVENUE BENOÎT FRACHON;45,17904;5,75611
202300044221;7;12;2023;09:15;1;44;44089;1;2;3;3;Les Chaillereaux;47,327153;-1,881994
202300044222;30;8;2023;18:00;1;76;76540;2;3;1;2;Route de Darnetal;49,44042;1,12755
202300044223;5;4;2023;06:04;4;31;31555;2;9;1;3;EISENHOWER (AVENUE DU GENERAL);43,56786359;1,37659281
202300044224;6;12;2023;11:21;1;44;44152;1;2;1;3;42 Le Champ Blanc;47,452651;-2,025685
202300044225;30;8;2023;18:10;1;69;69266;2;1;1;6;Rue Général Dayan;45,77417;4,86112
202300044226;2;4;2023;15:45;1;30;30028;2;6;1;3;Avenue de la Mayre;44,16009;4,62527
202300044227;20;2;2023;17:05;1;35;35238;1;1;1;4;RN136;48,08142;-1,69691
202300044228;7;12;2023;14:20;1;44;44087;1;1;2;1;sainte marie (Machecoul);46,960052;-1,818339
202300044229;20;2;2023;10:15;1;33;33063;2;1;1;2;Rue de Caudéran;44,84638522;-0,596876
202300044230;30;8;2023;04:23;3;68;68195;1;1;1;6;AUTOROUTE A 36;47,75565;7,29658
202300044231;7;12;2023;01:10;3;29;29247;1;1;3;6;RN165;47,97024;-3,99516
202300044232;3;4;2023;07:25;1;19;19031;2;3;1;3;"""MOULIN (BOULEVARD JEAN) COTE """"LES CEDR";45,16128;1,50313
202300044233;20;2;2023;17:05;1;31;31555;2;1;1;1;AV LOUIS BREGUET;43,577511;1,479679
202300044234;26;8;2023;22:07;5;66;66136;1;1;1;6;N/A;42,69914;2,87347
202300044235;8;12;2023;15:55;1;2;2810;1;1;1;1;D973;49,253661;3,108702
202300044236;8;12;2023;16:09;1;3;3217;1;1;2;6;609 route du mont;46,361615;2,684795
202300044237;4;4;2023;19:45;2;13;13096;2;1;1;3;VAQUETTE DRAILLE DE LA;43,4738525;4,40177955
202300044238;20;2;2023;07:50;1;31;31555;2;1;5;3;AV DE REYNERIE;43,57606;1,40657
202300044239;30;8;2023;11:45;1;64;64348;2;1;3;5;MARTYRS DU PONT LONG DES;43,33945;-0,37985
202300044240;8;12;2023;16:25;1;1;1134;1;1;1;1;D1179;46,28832;4,878664
202300044241;5;4;2023;19:35;2;13;13103;2;1;1;1;RUE DU DOCTEUR DELEUIL;43,64;5,09
202300044242;20;2;2023;17:34;1;29;29039;2;1;1;4;RD 783;47,8935;-3,9145
202300044243;5;4;2023;11:10;1;13;13213;2;1;1;3;ALBERT EINSTEIN (RUE);43,33923468;5,43907694
202300044244;30;8;2023;18:52;1;64;64122;2;2;8;3;OSSUNA (AVENUE D');43,48288;-1,55655
202300044245;20;2;2023;16:33;1;29;29039;2;6;1;6;Rue du Poteau Vert;47,89429808;-3,91384721
202300044246;7;12;2023;18:30;3;1;1232;1;1;1;5;D996;46,357177;5,253546
202300044247;5;4;2023;23:30;5;13;13004;1;1;1;2;RTE N113 MARSEILLE A BORBEAUX;43,64808829;4,68630046
202300044248;15;2;2023;08:54;2;29;29019;2;6;1;3;rue Amiral Romain-Desfossés;48,427003;-4,476485
202300044249;30;8;2023;18:50;1;59;59183;2;3;1;3;DELATTRE DE TASSIGNY;51,04749;2,4281
202300044250;7;12;2023;18:39;3;18;18141;1;1;2;4;N/A;47,140344;2,25003
202300044251;16;7;2023;11:20;1;42;42218;2;1;1;6;Rue Gutenberg;45,41561984;4,39455897
202300044252;20;2;2023;14:19;1;27;27229;2;1;1;2;JOSEPHINE (RUE);49,02384;1,14364
202300044253;6;12;2023;08:50;1;53;53249;1;1;5;1;d143;48,18644;-0,237912
202300044254;4;4;2023;17:18;1;10;10387;2;6;1;6;GEORGES POMPIDOU (RUE);48,29606;4,0943
202300044255;30;8;2023;13:00;1;37;37195;1;1;2;7;SAINT-GENOUPH (ROUTE DE);47,37935045;0,61213732
202300044256;5;12;2023;18:35;5;21;21554;2;1;1;6;2 Rue Monge;47,102637;5,263068
202300044257;20;2;2023;21:02;5;18;18033;2;1;1;6;1 Rue Raymond Boisde;47,06542;2,39578
202300044258;17;3;2023;19:10;1;6;6155;2;1;1;6;ROUVIER BD MAURICE;43,57914;7,05432
202300044259;30;11;2023;13:45;1;30;30006;1;9;8;7;D6313;43,691223;4,206541
202300044260;29;8;2023;09:35;1;37;37122;2;1;1;1;VERDUN (RUE DE);47,34784;0,6653
202300044261;18;2;2023;17:20;1;13;13039;1;1;1;1;CARRELET (Allée du);43,45064;4,96355
202300044262;2;4;2023;10:25;1;2;2168;2;6;2;3;Place Jean de la Fontaine;49,04442;3,40302
202300044263;28;8;2023;08:55;1;32;32013;2;1;1;6;TREILLE (PONT DE LA);43,6488;0,5899
202300044264;20;2;2023;10:20;1;13;13215;2;1;1;2;LE CHATELIER;43,34636;5,36527
202300044265;5;4;2023;09:45;1;1;1053;2;2;1;6;DE GAULLE ( BD GAL) PAIR;46,20331;5,24231
202300044266;5;12;2023;07:18;3;80;80365;1;1;3;6;A29, PK 166+500, SENS NEUFCHATEL/AMIENS;49,809465;1,990242
202300044267;29;8;2023;15:45;1;29;29039;1;1;1;2;Chemin de Kersaby.;47,90297;-3,9446
202300044268;8;12;2023;08:50;1;5;5173;1;1;3;6;autoroute A 51 PK 134.900;44,321845;5,892094
202300044269;5;4;2023;09:10;1;94;94052;2;7;1;6;CHARLES DE GAULLE (GRAND RUE);48,837046;2,485347
202300044270;20;2;2023;02:30;5;13;13210;2;1;1;1;RABATAU (BOULEVARD);43,28263676;5,39950951
202300044271;7;12;2023;06:47;2;6;6084;1;1;1;7;D6185;43,619068;6,947212
202300044272;7;12;2023;06:40;2;6;6084;1;1;1;7;D6185;43,619072;6,947206
202300044273;30;8;2023;18:40;1;26;26362;1;9;1;5;N532;44,95372922;4,93521716
202300044274;5;4;2023;08:05;1;75;75117;2;1;1;2;PORTE DE SAINT OUEN;48,900586;2,328988
202300044275;18;2;2023;23:45;5;13;13213;2;6;1;3;OLIVES (AVENUE DES);43,32851;5,43333
202300044276;7;12;2023;08:30;1;13;13051;2;2;1;6;Boulevard Victor Hugo;43,58986;5,124419
202300044277;4;4;2023;19:40;1;75;75117;2;1;1;6;PORTE DE CLICHY;48,899104;2,317124
202300044278;20;2;2023;08:50;1;13;13005;2;1;7;6;GOUMS (AVENUE DES);43,2929;5,56321
202300044279;6;12;2023;12:15;1;68;68224;1;1;1;2;Autoroute A36;47,766641;7,335234
202300044280;5;4;2023;10:50;1;75;75106;2;2;1;3;RUE DE L ANCIENNE COMEDIE;48,852482;2,338759
202300044281;7;12;2023;23:40;5;95;95250;2;1;2;7;1D CUGNOT (RUE);49,098278;2,52128
202300044282;30;8;2023;19:00;1;14;14117;2;2;1;3;2 Avenue des Peupliers;49,29457;-0,108435
202300044283;5;4;2023;19:20;1;75;75119;2;1;1;3;AVENUE SECRETAN;48,882151;2,371154
202300044284;3;12;2023;11:30;1;13;13076;1;1;1;3;A7 - PK 208.000 sens sud nord;43,832762;5,00688
202300044285;20;2;2023;23:10;5;6;6088;2;1;1;4;STE-MARGUERITE (AV.) (A PARTIR DU 62-63);43,67923;7,21063
202300044286;30;8;2023;20:47;4;13;13210;2;1;1;6;JEAN MOULIN (BOULEVARD);43,28528;5,39868
202300044287;8;12;2023;08:30;2;44;44020;2;1;2;3;Rue de l'Halbrane;47,156864;-1,587932
202300044288;5;4;2023;15:00;1;75;75118;2;2;1;6;RUE JOSEPH DE MAISTRE;48,892454;2,330533
202300044289;30;8;2023;20:30;2;13;13213;2;1;1;1;VALDONNE (AVENUE DE);43,32593;5,41647
202300044290;20;2;2023;15:00;1;4;4112;2;4;1;2;VOLX (AV.DE);43,84832;5,81753
202300044291;6;12;2023;17:20;3;77;77234;1;4;5;3;D45;48,913272;2,767155
202300044292;30;8;2023;15:30;1;13;13209;2;1;1;6;REDON (BOULEVARD DU);43,25653;5,41963
202300044293;5;4;2023;13:00;1;75;75118;2;9;1;6;RUE DE CLIGNANCOURT;48,885045;2,34731
202300044294;8;12;2023;07:50;3;91;91579;2;1;1;6;Route Nationale;48,530731;2,294378
202300044295;30;8;2023;07:20;1;13;13002;1;1;1;1;DES TERMES (ROUTE) RD 908;43,381665;5,544988
202300044296;5;4;2023;16:40;1;75;75115;2;2;1;1;RUE MADEMOISELLE;48,84361;2,29575
202300044297;20;2;2023;15:56;1;75;75118;2;2;1;6;BOULEVARD BARBES;48,887394;2,349618
202300044298;8;12;2023;13:15;1;34;34199;1;1;8;7;D13;43,46703;3,393863
202300044299;30;8;2023;01:10;5;13;13005;2;1;1;6;BOYER (AVENUE ANTIDE);43,29418;5,55943
202300044300;19;2;2023;22:00;5;75;75115;2;3;1;1;RUE DE L ABBE GROULT;48,839349;2,297014
202300044301;29;8;2023;21:10;5;10;10060;2;1;1;6;GENERAL LECLERC (RUE DU);48,26378;4,09136
202300044302;8;12;2023;10:50;1;42;42094;1;4;2;3;Route de Lyon;45,738372;4,261773
202300044303;20;2;2023;14:21;1;75;75120;2;4;1;2;AVENUE CARTELLIER;48,86483357;2,41194695
202300044304;30;8;2023;23:40;5;6;6123;2;1;1;3;CURIE PIERRE ET MARIE AVENUE;43,6873;7,1868
202300044305;4;4;2023;13:46;1;75;75114;2;2;1;6;RUE D ALESIA;48,83181;2,314151
202300044306;7;12;2023;08:45;1;85;85092;2;2;2;6;61 Rue rabelais;46,468011;-0,819887
202300044307;30;8;2023;22:45;5;3;3185;2;2;1;1;Avenue de la Republique;46,343869;2,599569
202300044308;5;4;2023;15:00;1;75;75110;2;3;1;1;BOULEVARD DE BONNE NOUVELLE;48,870148;2,350468
202300044309;6;12;2023;16:50;1;29;29103;2;7;1;3;21 rue Hervé de Guébriant;48,450482;-4,261055
202300044310;29;8;2023;09:20;1;1;1451;1;1;1;3;D117A;46,23066;5,21527
202300044311;5;4;2023;15:20;1;94;94080;2;1;1;3;Avenue de Nogent;48,84442878;2,44068736
202300044312;7;12;2023;23:20;3;27;27012;1;1;9;7;RD 126;49,304014;1,319389
202300044313;7;12;2023;14:45;1;60;60341;2;1;1;2;Route de Meaux;49,091377;2,751324
202300044314;5;4;2023;18:45;1;94;94044;2;3;7;6;Rue du Tertre / Rue Albert Jacquard;48,74997206;2,49209565
202300044315;7;12;2023;16:25;2;13;13215;1;1;1;2;A7-Sens Lyon vers Marseille;43,35005;5,3686
202300044316;28;3;2023;20:40;3;94;94015;2;9;1;6;Rue Léon Menu;48,839738;2,534576
202300044317;30;8;2023;15:10;1;75;75119;2;1;1;3;PORTE DE LA VILLETTE;48,896021;2,394351
202300044318;4;4;2023;15:20;1;94;94028;2;1;1;3;Avenue de la France Libre;48,78212482;2,45483655
202300044319;7;12;2023;09:01;1;13;13215;1;1;1;3;A7-Sens Marseille vers Lyon;43,37038;5,36118
202300044320;5;4;2023;17:15;1;94;94059;2;3;1;6;avenue ardouin;48,8104;2,5724
202300044321;30;8;2023;11:30;1;75;75117;2;1;1;4;ECHANGEUR ASNIERES;48,893337;2,303411
202300044322;29;8;2023;16:50;1;75;75113;2;1;1;2;PORTE D IVRY;48,819471;2,373123
202300044323;7;12;2023;09:48;1;13;13215;1;1;1;2;A507 sens Aubagne- Marseille;43,37;5,36
202300044324;4;4;2023;18:35;1;94;94002;2;2;1;6;Rue Paul Vaillant Couturier / Rue Charles de Gaulle;48,81455068;2,41533118
202300044325;28;8;2023;15:09;1;75;75105;2;2;1;6;RUE SAINT JACQUES;48,849594;2,344822
202300044326;7;12;2023;07:10;2;83;83137;1;1;1;2;A50;43,12653501;5,89467986
202300044327;5;4;2023;18:44;1;93;93029;2;3;1;3;Rue Victor Hugo / Rue de Drancy-cottage;48,93630502;2,45124373
202300044328;30;8;2023;12:20;1;75;75113;2;2;1;6;AVENUE DES GOBELINS;48,835838;2,352513
202300044329;4;4;2023;15:40;1;93;93001;2;1;1;6;Rue André Karman;48,90855316;2,38484917
202300044330;7;12;2023;19:20;3;91;91689;1;1;2;4;AUTOROUTE A6A;48,73317;2,31563
202300044331;30;8;2023;17:00;1;75;75111;2;3;1;2;RUE DES NANETTES;48,863795;2,382298
202300044332;4;4;2023;16:45;1;92;92075;2;9;1;3;MURILLO (RUE);48,82472;2,28985
202300044333;30;8;2023;17:30;1;75;75110;2;3;1;6;RUE DU HUIT MAI 1945;48,87629;2,357458
202300044334;5;4;2023;13:15;1;92;92073;2;1;1;6;ROOSVELT (AVENUE FRANKLIN);48,873179;2,221324
202300044335;7;12;2023;14:38;1;91;91689;1;1;1;4;AUTOROUTE A6;48,72718;2,31366
202300044336;29;8;2023;15:43;1;75;75110;2;2;1;6;AVENUE CLAUDE VELLEFAUX;48,875214;2,370312
202300044337;5;4;2023;18:20;1;92;92062;2;1;1;6;GERHARD (RUE) DU 1 AU 11 ET DU 2 AU 16;48,87920604;2,24006966
202300044338;7;12;2023;08:15;1;91;91377;1;1;1;5;AUTOROUTE A10;48,7198;2,2936
202300044339;30;8;2023;17:20;1;75;75117;2;2;1;3;BOULEVARD BESSIERES;48,897615;2,324156
202300044340;5;4;2023;09:28;1;92;92051;2;5;1;3;WINSTON CHURCHILL (PLACE);48,88343591;2,27355033
202300044341;30;8;2023;09:40;1;75;75109;2;5;8;6;BOULEVARD HAUSSMANN;48,872943;2,333242