Num_Acc;jour;mois;an;hrmn;lum;dep;com;agg;int;atm;col;adr;lat;long
202300044342;7;12;2023;00:25;3;91;91174;1;1;5;-1;RN 104;48,62111;2,46117
202300044343;5;4;2023;10:30;1;92;92026;2;1;1;6;BEZONS  (DE 01 A 22);48,89472326;2,25064087
202300044344;30;8;2023;08:30;1;75;75107;2;4;1;7;BOULEVARD DES INVALIDES;48,851227;2,314152
202300044345;29;8;2023;19:30;1;75;75101;2;3;1;2;RUE DE L AMIRAL DE COLIGNY;48,858993;2,339847
202300044346;7;12;2023;09:15;1;78;78431;1;1;1;3;A13;48,935474;1,963642
202300044347;29;8;2023;12:30;1;94;94078;2;6;1;7;1 Avenue Guy Môquet;48,737962;2,471217
202300044348;5;4;2023;07:50;1;92;92026;2;1;1;2;JOFFRE ( DE 30 A 50 ET DE 31 A 55 );48,89941417;2,27160251
202300044349;7;12;2023;07:30;2;78;78490;1;1;1;2;RN12 INT;48,800461;1,97114
202300044350;29;8;2023;07:45;1;94;94068;2;2;1;1;Boulevard Rabelais;48,80654879;2,47876762
202300044351;5;4;2023;12:44;1;92;92012;2;1;1;2;EDOUARD VAILLANT (AVENUE) - DEBUT/55 - C;48,83666616;2,25321248
202300044352;6;12;2023;12:57;1;78;78640;1;1;1;2;N118;48,781342;2,222812
202300044353;29;8;2023;07:49;1;94;94046;2;2;1;3;Rue du 11 Novembre 1918;48,807641;2,435529
202300044354;30;8;2023;12:50;1;94;94065;2;1;1;3;N186;48,7539;2,35361
202300044355;5;4;2023;22:55;3;1;1004;2;2;1;3;Avenue de la Libération;45,957203;5,333138
202300044356;6;12;2023;11:53;1;78;78073;1;1;1;4;RN12;48,798275;2,007611
202300044357;30;8;2023;21:05;5;94;94075;2;3;1;3;Rue de Mandres;48,712191;2,538646
202300044358;30;8;2023;10:30;1;95;95527;1;1;2;6;NOYER AU CHAT (ROUTE DU);49,00034;2,52512
202300044359;6;12;2023;18:40;3;93;93027;1;1;1;3;AUTOROUTE A1;48,93724;2,41078
202300044360;30;8;2023;09:50;1;93;93066;2;1;1;6;Avenue du Président Wilson;48,91411;2,35827
202300044361;4;4;2023;19:20;1;67;67103;1;3;1;5;intersection  D133/D633;48,809619;7,422488
202300044362;30;8;2023;19:00;1;93;93055;2;9;1;6;Avenue du Général Leclerc;48,90101187;2,41194963
202300044363;4;4;2023;20:00;3;973;97353;2;1;3;6;Route Abdalah;3,63980861;-54,04297113
202300044364;29;8;2023;14:50;1;93;93027;2;1;1;3;Avenue Paul Vaillant Couturier;48,91884496;2,40846813
202300044365;6;12;2023;14:25;1;95;95572;1;1;1;4;N184;49,0355502;2,1170102
202300044366;5;4;2023;22:00;3;41;41194;1;1;1;7;Route de Theillay;47,354626;1,776695
202300044367;7;12;2023;17:30;2;77;77121;1;1;1;2;A4;48,8316081;2,67912271
202300044368;27;8;2023;16:00;1;92;92078;2;1;1;3;GALLIENI (BD) (153 ET 225);48,93047994;2,33211422
202300044369;5;4;2023;11:00;1;49;49092;2;6;7;3;Rue des Venelles (Chemillé);47,214033;-0,728021
202300044370;7;12;2023;08:30;1;77;77373;1;1;1;6;RN104;48,77928728;2,61536001
202300044371;30;8;2023;12:25;1;92;92064;2;2;1;6;REPUBLIQUE;48,84687993;2,21421272
202300044372;30;8;2023;13:05;1;92;92062;2;9;1;3;CIRCULAIRE (boulevard);48,88710242;2,24221051
202300044373;16;7;2023;17:00;1;44;44168;2;1;1;1;21 Rue Laënnec;47,387033;-2,204065
202300044374;29;8;2023;14:50;1;92;92051;2;9;1;3;VILLIERS (RUE DE, N° 21 A 59);48,88781918;2,28215665
202300044375;30;8;2023;15:15;1;92;92049;2;9;1;6;DORMOY AVENUE MARX N°2 A 100;48,8099;2,31719
202300044376;30;9;2023;23:00;3;74;74301;2;1;1;6;Route du col du perret;46,213668;6,438916
202300044377;8;10;2023;18:15;1;74;74043;1;1;1;6;Route de berry;46,26579;6,347265
202300044378;30;8;2023;15:18;1;92;92032;2;6;1;1;MOUILLEBOEUFS (CARREFOUR DES);48,78379325;2,28225052
202300044379;2;10;2023;18:45;1;74;74256;1;1;1;2;A40;45,94976245;6,63716961
202300044380;30;8;2023;11:55;1;92;92012;2;1;1;2;ANATOLE FRANCE (BOULEVARD) 1/4BIS;48,85051912;2,23675311
202300044381;4;10;2023;07:30;1;13;13039;1;1;1;3;ROUTE NATIONALE 569;43,46936;4,93865
202300044382;31;8;2023;06:45;2;2A;2A349;1;1;1;1;T40;41,679451;8,928301
202300044383;30;8;2023;19:50;2;43;43185;2;1;1;6;Avenue de Grande Bretagne;45,406808;3,323289
202300044384;6;12;2023;19:05;5;988;98818;2;3;1;3;RUE ARMAND OHLEN/RUE JULES VERNE;-22,26321;166,46341
202300044385;30;8;2023;22:24;3;95;95116;1;1;1;6;D924;49,160625;2,328517
202300044386;31;8;2023;06:58;2;77;77141;2;1;8;1;Autoroute A4;48,864545;2,849026
202300044387;6;12;2023;15:40;1;976;97611;2;1;1;3;mamoudzou centre-Haladi Selemani ( rue );-12,78027;45,2292
202300044388;29;8;2023;19:55;1;62;62155;1;1;1;6;D225;50,78112142;2,02574801
202300044389;1;10;2023;12:50;1;87;87014;1;1;1;6;A20, PR154.360 sens LIMOGES - CHATEAUROUX;46,086959;1,360395
202300044390;6;12;2023;08:10;1;976;97611;2;1;1;5;passamanty-Vahibé ( route );-12,8005;45,20478
202300044391;30;8;2023;15:10;1;63;63206;1;1;1;1;Lieu Dit les Sannaires;45,930774;2,944186
202300044392;3;10;2023;11:30;1;12;12047;1;1;2;2;A75;44,3828602;3,11693752
202300044393;6;12;2023;16:55;1;974;97411;2;1;1;3;LANCASTEL (BOULEVARD);-20,8854;55,4781
202300044394;23;9;2023;00:17;3;34;34088;1;1;1;6;Avenue de la Gare du Midi;43,551157;3,72922
202300044395;6;12;2023;11:45;1;974;97411;2;9;1;6;PARIS (RUE DE);-20,88501;55,45079
202300044396;27;8;2023;11:50;1;1;1109;1;4;3;6;D1206;46,12194467;5,89572072
202300044397;31;8;2023;09:30;1;22;22067;1;1;8;6;RN  pr 91+0000;48,55238;-3,17052
202300044398;26;9;2023;14:30;1;56;56256;1;2;1;5;Bellevue;47,993167;-2,306909
202300044399;6;12;2023;08:00;1;974;97411;2;6;1;4;JAURES (BOULEVARD JEAN);-20,90229;55,50312
202300044400;2;10;2023;18:55;2;74;74309;2;1;1;1;Route de saint-julien;46,118726;6,040069
202300044401;30;8;2023;19:10;1;44;44138;1;1;1;7;Le Moulin Neuf;47,487861;-1,644709
202300044402;6;12;2023;07:30;5;69;69383;2;3;1;3;Rue André Philip;45,75282;4,85209
202300044403;30;8;2023;16:10;1;50;50099;1;1;1;6;aire de repos cantepie;49,302618;-1,158427
202300044404;3;10;2023;08:00;1;80;80148;1;2;1;1;Rue de Fressenneville;50,034003;1,567075
202300044405;25;8;2023;15:40;1;57;57163;1;1;1;7;D45;48,64278706;7,25316259
202300044406;3;10;2023;10:30;1;32;32382;1;1;1;6;D939;43,732996;0,377548
202300044407;6;12;2023;10:45;1;972;97213;2;1;1;5;ROUTE DEPARTEMENTALE 3;14,61498;-60,99452
202300044408;3;10;2023;09:10;1;32;32076;1;1;8;3;D349 PR;43,577468;0,765213
202300044409;30;8;2023;08:00;1;79;79202;2;3;1;2;N/A;46,634207;-0,249816
202300044410;6;12;2023;14:45;1;2B;2B037;1;1;1;4;TOUTES RUES;42,618065;9,43718
202300044411;9;1;2023;13:55;1;63;63113;2;1;1;6;VERTAIZON (RUE DE);45,77445;3,09954
202300044412;2;10;2023;18:50;1;41;41180;1;1;1;3;route de la garette;47,369474;1,24624
202300044413;2;10;2023;20:00;2;22;22202;1;1;1;6;Saint Jean;48,2144;-3,496689
202300044414;6;12;2023;12:55;1;2B;2B033;2;1;1;3;TOUTES RUES;42,67081;9,44208
202300044415;9;1;2023;13:18;1;63;63014;2;1;1;6;Av Blaise Pascal (CAMPUS DES CEZEAUX);45,75864;3,11361
202300044416;31;8;2023;09:55;1;2B;2B201;1;1;1;7;RT 50;42,154699;9,44034
202300044417;1;10;2023;20:30;3;25;25519;1;1;1;7;D437;47,295989;6,804217
202300044418;5;12;2023;22:40;5;971;97101;1;1;1;1;ROUTE DE CHAZEAU;16,28133483;-61,49302661
202300044419;6;1;2023;07:53;4;63;63113;2;6;1;3;BLUM (AVENUE LEON);45,75901;3,10142
202300044420;30;8;2023;19:45;2;80;80688;2;2;1;3;Rue du Faubourg;50,26991;1,667398
202300044421;6;12;2023;14:50;1;95;95210;2;1;1;6;BARRE (RUE DE LA);48,96622;2,31628
202300044422;9;1;2023;15:20;1;62;62250;1;1;2;6;D161E4;50,4473841;2,9624151
202300044423;2;10;2023;17:15;1;44;44213;1;2;1;3;La Noue de la Barre;47,456234;-1,028305
202300044424;26;8;2023;17:30;1;42;42216;1;1;1;1;Route de Saint-Etienne;45,591188;4,448411
202300044425;6;12;2023;12:15;1;91;91377;2;9;8;6;AV DE BOURGOGNE;48,73436;2,29282
202300044426;7;1;2023;01:25;3;62;62895;2;1;2;1;Rue de la Coupignies;50,495688;2,844525
202300044427;19;9;2023;08:20;1;35;35060;1;1;1;6;Ramine;48,192891;-1,987807
202300044428;5;12;2023;23:17;5;91;91645;2;1;2;3;GENERAL LECLERC (AVENUE DU);48,74267;2,26779
202300044429;10;1;2023;06:25;5;60;60057;2;1;8;7;Avenue du 8 Mai 1945;49,43972;2,10261
202300044430;30;7;2023;14:20;1;47;47315;1;1;1;6;Michounet;44,42630688;0,84631864
202300044431;3;10;2023;09:15;1;29;29106;1;1;1;5;Kercrazec;48,09411998;-4,06832325
202300044432;6;12;2023;22:05;5;91;91687;2;1;8;2;VICTOR SCHOELCHER (AVENUE);48,654363;2,370856
202300044433;10;1;2023;12:05;1;59;59350;2;3;2;6;CAMBRAI RUE DE N° IMPAIRS;50,62383476;3,07773828
202300044434;30;8;2023;09:30;1;22;22034;1;3;8;1;D33a (Lieu-dit Rumilio);48,675193;-3,356911
202300044435;3;10;2023;07:45;2;29;29011;2;1;1;6;rue Park ar Roz;48,427685;-4,519854
202300044436;4;12;2023;18:30;3;88;88415;2;1;2;6;Grande Rue;48,02139;6,60718
202300044437;5;12;2023;19:15;5;87;87085;2;1;1;6;DUTREIX (RUE ARMAND);45,83424;1,23074
202300044438;3;10;2023;03:30;3;2;2280;1;6;1;6;D967;49,104586;3,437058
202300044439;10;1;2023;10:50;1;59;59378;2;5;2;3;DOMINIAL (127 AV. DE LA MARNE);50,67305;3,1064
202300044440;31;8;2023;15:10;1;22;22147;1;1;1;3;RD 6  lieu dit la ville Hubeau;48,18744595;-2,39698112
202300044441;1;12;2023;18:20;5;83;83126;2;6;1;1;LA SEYNE A OLLIOULES (CHEMIN DE);43,10975556;5,85752445
202300044442;9;1;2023;17:00;2;59;59183;2;2;1;3;FERME;51,02406507;2,35941589
202300044443;31;8;2023;17:15;1;29;29171;2;6;1;1;Pendreff;47,820359;-4,288208
202300044444;2;10;2023;15:50;1;70;70467;2;1;1;6;Place Jean Jaurès;47,886025;6,27483
202300044445;5;1;2023;18:00;5;54;54265;2;6;2;3;Avenue des Erables;48,64345;6,182294
202300044446;12;9;2023;10:30;1;78;78073;1;9;2;6;RD 129;48,79893;2,04529
202300044447;23;8;2023;19:00;1;31;31093;1;1;1;6;Route du Poutchot;43,78915091;1,14745773
202300044448;26;9;2023;06:15;3;26;26357;1;1;1;1;D94;44,287434;4,942043
202300044449;9;1;2023;14:05;1;54;54395;2;2;1;3;MOTHE (RUE DE LA);48,693;6,1965
202300044450;3;10;2023;12:00;1;72;72215;1;9;1;2;D311;48,391409;0,228889
202300044451;10;1;2023;11:25;1;51;51454;2;1;1;2;avenue Jean Jaurès;49,26133;4,05019
202300044452;2;10;2023;16:40;1;6;6038;1;1;1;3;Route de Grasse;43,664224;6,967252
202300044453;6;12;2023;10:33;1;77;77407;1;9;1;6;PATTON(PLACE DU GENERAL)- TILLY;48,54205;2,52653
202300044454;9;1;2023;18:50;5;51;51454;2;1;2;2;avenue Nationale - la Neuvillette;49,29082;4,0037
202300044455;3;10;2023;02:10;3;14;14431;1;4;1;6;19 Route de Cambremer;49,123182;0,019046
202300044456;5;12;2023;08:15;1;76;76351;2;3;1;6;IRENE JOLIOT CURIE (RUE);49,51424;0,10478
202300044457;3;10;2023;15:50;1;5;5156;1;1;1;7;Route des Orres;44,521785;6,522059
202300044458;5;1;2023;15:30;1;49;49099;2;1;2;6;BOURGNEUF (RUE DE);47,060086;-0,861506
202300044459;6;12;2023;08:10;2;76;76351;2;1;1;7;COLBERT (QUAI);49,49249;0,13097
202300044460;3;10;2023;15:00;1;5;5095;1;1;1;7;RN 85;44,718967;6,021012
202300044461;5;12;2023;18:25;5;76;76351;2;3;2;6;FELIX FAURE;49,50203;0,11728
202300044462;10;1;2023;08:37;2;49;49007;2;1;2;6;ROI RENE BOULEVARD;47,4684843;-0,55840373
202300044463;10;1;2023;07:55;2;47;47001;2;1;1;6;LIBERTE (BOULEVARD DE LA);44,19613;0,61908
202300044464;30;9;2023;17:45;1;16;16055;1;4;1;2;D4;45,625436;0,341424
202300044465;5;12;2023;16:50;4;76;76351;2;2;2;3;GERANIUMS (DES);49,50528;0,16126
202300044466;10;1;2023;16:10;2;45;45234;2;3;2;6;35bis Rue du Faubourg Madeleine;47,90084;1,8885
202300044467;2;10;2023;08:50;1;7;7029;1;1;1;3;Route de la Roche;44,518763;4,199867
202300044468;5;12;2023;17:05;2;69;69290;2;1;1;3;Rue de l'Industrie;45,68802;4,93414
202300044469;5;12;2023;18:30;5;67;67365;2;1;2;6;CERNAY (RUE DE);48,53928;7,70949
202300044470;25;6;2023;18:00;1;53;53129;1;1;1;6;D158;48,139761;-1,027088
202300044471;6;12;2023;18:15;5;65;65433;2;1;1;3;Avenue Henri Barbusse;43,21196;0,09785
202300044472;11;1;2023;00:00;5;38;38185;2;1;1;6;ROUTE DE CLÉMENCIÈRES;45,19763;5,71961
202300044473;2;10;2023;16:20;1;40;40001;2;9;1;3;23 Avenue de Bordeaux;43,709675;-0,261355
202300044474;10;1;2023;07:45;5;37;37122;2;1;2;6;VERDUN (RUE DE);47,34882;0,66513
202300044475;6;12;2023;14:00;1;64;64445;2;2;1;6;MONTPENSIER;43,30266;-0,37458
202300044476;3;10;2023;17:00;1;85;85267;1;1;1;3;RD10A;46,335956;-1,082387
202300044477;10;1;2023;07:30;5;35;35238;2;1;2;6;VERDUN (BD DE);48,11989449;-1,68785647
202300044478;6;12;2023;09:55;1;64;64445;2;1;1;2;18EME REGIMENT D'INFANTERIE DU;43,29766;-0,38681
202300044479;2;10;2023;16:45;1;28;28422;1;2;1;3;D22;48,2732;1,668296
202300044480;6;12;2023;09:00;1;64;64445;2;1;1;7;MARECHAL JOFFRE;43,29596;-0,36971
202300044481;10;1;2023;07:54;5;35;35238;2;2;2;3;CHATEAUGIRON (DE);48,10048042;-1,65006548
202300044482;3;10;2023;08:45;1;17;17113;1;3;1;3;Route de Montguyon;45,119901;-0,162939
202300044483;4;12;2023;21:45;5;64;64102;2;3;2;3;JUIN (AVENUE DU MARECHAL);43,49123;-1,4599
202300044484;7;1;2023;13:40;1;34;34032;2;1;1;6;3 Rue du Canal;43,33702;3,20673
202300044485;30;11;2023;11:40;1;62;62498;2;3;1;6;Avenue de la Fosse 11;50,44031714;2,79172665
202300044486;1;10;2023;16:40;1;10;10412;1;1;1;7;Autoroute A26;48,323301;4,166093
202300044487;10;1;2023;22:15;5;33;33063;2;2;1;3;Cours du Médoc;44,85996;-0,56882
202300044488;29;11;2023;17:40;3;62;62464;2;1;1;2;D39;50,48682585;2,82263982
202300044489;3;10;2023;08:50;1;1;1331;1;1;1;2;A40;46,1017;5,437031
202300044490;10;1;2023;08:15;2;33;33318;2;9;2;3;Rue Marcel Dassault;44,78318;-0,65253
202300044491;3;10;2023;04:45;3;6;6004;1;1;1;6;A8;43,602576;7,078843
202300044492;6;12;2023;17:30;5;59;59386;2;1;1;6;Rue de Menin;50,68101;3,08135
202300044493;3;10;2023;08:50;1;38;38486;2;1;1;1;11 Rue du Drac;45,161714;5,696352
202300044494;6;12;2023;07:45;5;56;56260;2;2;1;3;MARTIN(RUE JEAN);47,65414;-2,74897
202300044495;10;1;2023;06:05;5;29;29051;1;6;2;6;Rond-Point de Pen Carn;48,0122;-4,01406
202300044496;5;12;2023;17:50;5;54;54395;2;1;1;6;avenue Raymond Pinchard;48,69964013;6,14298284
202300044497;2;10;2023;17:10;1;34;34172;1;1;1;2;A709;43,596373;3,910216
202300044498;10;1;2023;07:51;5;29;29019;2;6;2;2;Rond point de Kertatupage;48,4095647;-4,48292344
202300044499;6;12;2023;06:30;3;54;54323;1;1;2;4;RN52;49,52398;5,75387
202300044500;3;10;2023;15:00;1;13;13040;2;1;1;1;Les Beaumouilles;43,463292;5,574864
202300044501;6;12;2023;18:25;5;50;50147;2;2;1;6;SAINT NICOLAS;49,0496;-1,4444
202300044502;2;10;2023;18:05;2;77;77317;2;1;1;3;Rue du Général Leclerc;48,607256;2,888793
202300044503;5;12;2023;22:37;5;49;49007;2;1;1;1;MOULIN BOULEVARD;47,49234;-0,54953
202300044504;2;10;2023;22:00;5;83;83065;1;1;1;6;RD98a;43,262462;6,600595
202300044505;10;1;2023;07:30;2;25;25056;2;4;1;7;MONTJOUX  AVENUE DE;47,24694;6,01402
202300044506;5;12;2023;18:45;5;49;49007;2;1;1;3;LARREY;47,47867;-0,55613
202300044507;1;10;2023;18:35;1;13;13092;1;1;1;1;CD 15;43,540445;5,055041
202300044508;5;12;2023;13:15;1;49;49007;2;1;1;6;BEDIER BOULEVARD;47,45124;-0,54776
202300044509;10;1;2023;13:55;1;22;22278;2;2;1;3;THOMAS (ALBERT);48,50315;-2,76369
202300044510;3;10;2023;13:40;1;26;26165;1;1;1;2;A7;44,789716;4,838383
202300044511;5;1;2023;11:35;1;22;22113;2;1;1;6;PALAIS DE JUSTICE (ALLEE DU);48,7285;-3,458
202300044512;5;12;2023;08:20;2;44;44162;2;1;1;3;N/A;47,21954;-1,65604
202300044513;10;1;2023;00:45;5;14;14220;2;3;2;6;Rue le Marois;49,356778;0,070621
202300044514;16;11;2023;20:10;5;42;42218;2;1;8;1;Boulevard Thiers;45,44955;4,39054
202300044515;3;10;2023;16:35;1;89;89156;1;1;1;1;D943;47,98897;3,589879
202300044516;10;1;2023;17:55;5;13;13106;2;1;1;3;8 MAI 1945 (AVENUE DU);43,40319;5,37079
202300044517;1;12;2023;16:10;2;42;42218;1;1;4;1;Route de la Croix de Marlet;45,42878;4,29509
202300044518;6;1;2023;21:50;3;30;30032;1;1;1;6;Route de Fourques;43,79323177;4,6304369
202300044519;3;10;2023;08:15;1;89;89257;1;3;1;3;D377;47,9567;3,505
202300044520;5;12;2023;17:20;5;38;38421;2;3;8;3;RUE PAUL LANGEVIN;45,17914;5,75601
202300044521;10;1;2023;21:15;5;13;13216;2;9;1;3;LA PELOUQUE (CHEMIN);43,36374;5,33727
202300044522;6;12;2023;16:10;2;35;35238;2;2;1;1;PASTEUR (PONT);48,110127;-1,673991
202300044523;1;10;2023;00:20;5;57;57355;2;1;1;6;6 Impasse d?Aizecq;49,016855;7,151145
202300044524;10;1;2023;09:05;1;13;13211;2;1;1;5;VALENTINE (ROUTE DE LA);43,2897089;5,4707345
202300044525;6;12;2023;06:45;5;34;34172;2;3;1;3;JUSTICE DE CASTELNAU (AVENUE DE LA);43,62689;3,88972
202300044526;10;1;2023;09:50;1;13;13207;2;1;1;3;CHARLES LIVON (BOULEVARD);43,29224;5,36034
202300044527;3;10;2023;14:00;1;3;3125;2;1;1;3;Route de Ferrières Sur Sichon;45,984789;3,640176
202300044528;2;10;2023;19:45;2;69;69192;1;1;1;6;Route du Col;46,03016259;4,53774519
202300044529;6;12;2023;12:50;1;33;33318;2;3;1;1;Avenue Jean Jaurès;44,81111;-0,61922
202300044530;10;1;2023;07:55;1;13;13213;2;3;1;1;CROIX ROUGE (AVENUE);43,33502424;5,4436777
202300044531;4;12;2023;18:00;5;31;31555;1;9;2;2;VA007500 CROIX DAURADE A62 Sortie 14;43,64662;1,45984
202300044532;3;10;2023;15:50;1;79;79316;1;2;1;3;N/A;46,42086;-0,082923
202300044533;9;1;2023;18:45;1;13;13075;2;1;1;2;LA PEROUSE (AVENUE);43,34328;5,45963
202300044534;10;1;2023;14:30;1;13;13005;1;1;7;6;JOUQUES (AVENUE DES);43,28717014;5,60481101
202300044535;6;12;2023;15:10;1;28;28404;2;2;1;3;DUPONT (RUE ARMAND);48,7201;1,36196
202300044536;30;9;2023;15:45;1;72;72154;1;1;1;2;1050 Route d'Angers;47,695247;-0,105149
202300044537;10;1;2023;18:00;3;11;11069;2;1;1;1;Avenue Andre Maginot;43,21944;2,38173
202300044538;6;12;2023;21:05;3;28;28110;1;1;5;3;VOVES (RUE DE) (D29);48,41169;1,50789
202300044539;30;9;2023;15:15;1;49;49306;2;1;1;1;Route Départementale N°126;47,430228;-0,72616
202300044540;9;1;2023;08:48;1;10;10321;2;1;8;6;GENERAL LECLERC (RUE DU);48,29094342;4,02932703
202300044541;24;9;2023;17:30;1;44;44158;1;1;1;7;Etier la Musse;47,232639;-1,785654
202300044542;9;1;2023;14:24;1;6;6088;2;1;1;6;ROQUEBILLIERE (R. DE);43,71076;7,2881
202300044543;6;12;2023;09:10;1;27;27229;2;1;1;2;CITES UNIES (BOULEVARD DES);49,01003;1,142682
202300044544;2;10;2023;14:40;1;22;22272;1;1;1;6;D712;48,569707;-3,133378
202300044545;9;1;2023;09:45;1;974;97416;2;1;1;2;LORION(RUE LUC);-21,33109;55,47233
202300044546;6;12;2023;07:40;3;27;27229;2;9;8;2;ORLEANS (RUE D');48,9995;1,15406
202300044547;3;10;2023;16:30;1;22;22300;1;1;1;1;D700;48,281968;-2,81257
202300044548;9;1;2023;18:55;1;974;97411;2;1;1;2;RIVIERE DES PLUIES (ROUTE DE LA);-20,90106;55,50103
202300044549;2;10;2023;18:05;1;22;22136;1;1;1;6;D700 PK6 + 69 dte;48,170937;-2,733375
202300044550;6;12;2023;09:24;1;26;26362;2;2;1;6;Boulevard Maréchal Juin;44,91236;4,90001
202300044551;9;1;2023;06:00;5;69;69388;2;1;1;7;Impasse du Professeur Beauvisage;45,73044;4,87003
202300044552;1;10;2023;16:12;1;76;76323;2;1;1;7;14 Route de Fayelle;49,728671;1,540784
202300044553;3;10;2023;19:00;1;60;60213;1;1;1;7;D922;49,12627126;2,71646833
202300044554;9;1;2023;15:34;1;2B;2B033;2;3;7;6;ANNONCIADE - CHEMIN DE L';42,703339;9,448912
202300044555;5;12;2023;17:25;3;25;25056;2;1;2;4;RN 1057 (ROUTE DE GRAY-CH.EPITAPHE);47,24695;5,98309
202300044556;6;12;2023;08:24;1;16;16374;2;1;1;6;DE GAULLE (AVENUE DU GENERAL);45,63861;0,20226
202300044557;3;10;2023;12:20;1;60;60612;2;2;1;2;Rue du Châtel;49,205258;2,583777
202300044558;9;1;2023;07:50;1;2B;2B120;2;1;1;4;11 - RT;42,65868;9,44375
202300044559;6;12;2023;12:15;1;14;14118;2;6;1;2;Avenue Père Charles de Foucauld;49,16192;-0,35744
202300044560;3;10;2023;17:50;1;60;60328;1;1;1;1;Rue de la Vallée;49,51972;2,083218
202300044561;9;1;2023;06:30;2;971;97113;1;1;1;4;RN4 - SECTION RIVIERA;16,21899;-61,50283
202300044562;3;10;2023;07:50;2;59;59042;2;1;2;3;1705 Route Nationale;50,538915;3,26479
202300044563;6;12;2023;07:57;3;14;14118;2;3;1;6;18 Avenue Robert Schuman;49,19147;-0,39249
202300044564;2;10;2023;08:30;1;13;13071;1;1;1;2;A5501DSens Lyon vers A55-Mlle Vieux Port;43,40568;5,29351
202300044565;8;1;2023;23:40;3;971;97101;2;1;1;6;CHAUVEL;16,23876;-61,52874
202300044566;1;12;2023;02:30;3;14;14271;1;1;1;2;N814;49,136437;-0,383021
202300044567;2;10;2023;09:00;1;83;83129;1;1;1;2;A50;43,1206124;5,84313268
202300044568;6;12;2023;19:30;3;13;13071;1;1;1;3;ROUTE NATIONALE 113 - MONTEE DE L'ASSASS;43,40618;5,3309
202300044569;9;1;2023;11:00;1;91;91657;2;3;1;6;RUE J P TIMBAUD;48,700073;2,419417
202300044570;2;10;2023;10:14;1;33;33080;1;1;1;4;AUTOROUTE A 62;44,75596337;-0,54455984
202300044571;6;12;2023;12:20;1;13;13214;2;3;1;3;DANIEL CASANOVA (BOULEVARD);43,3275055;5,37503071
202300044572;9;1;2023;19:16;5;91;91286;2;6;2;1;EMILE ALLIAUD (AVENUE);48,64905;2,38128
202300044573;6;12;2023;09:15;1;13;13005;2;1;1;7;RD 43 C;43,30817866;5,59272732
202300044574;1;10;2023;18:15;1;33;33080;1;1;1;2;AUTOROUTE A 62;44,72533008;-0,52686632
202300044575;1;12;2023;21:30;3;12;12176;2;1;2;6;ROQUETTE  RN88(AVENUE DE LA);44,37189;2,63331
202300044576;1;10;2023;19:49;2;59;59288;1;1;1;2;AUTOROUTE A2;50,31272;3,39813
202300044577;1;12;2023;18:10;5;12;12202;2;1;2;6;122 IEME RI (BOULEVARD DU);44,3527;2,56779
202300044578;2;10;2023;08:04;1;91;91161;1;1;1;3;AUTOROUTE A6;48,69532;2,31823
202300044579;8;1;2023;15:45;1;91;91434;2;2;2;3;SALVADOR ALLENDE (RUE);48,652064;2,351372
202300044580;5;1;2023;08:00;2;91;91174;2;1;2;6;BD JOHN KENNEDY;48,57988;2,47611
202300044581;2;10;2023;07:45;1;92;92002;1;1;1;3;Autoroute A10;48,73084803;2,30892956
202300044582;5;12;2023;18:00;5;10;10297;2;1;1;2;JULES GUESDE (BDL);48,31664;4,10194
202300044583;7;1;2023;09:51;1;87;87114;2;1;1;6;LECLERC (MARECHAL);45,83789;1,30824
202300044584;6;12;2023;09:20;1;75;75116;2;1;1;2;PORTE DE PASSY;48,857246;2,258489
202300044585;2;10;2023;07:50;1;92;92064;1;1;1;4;A13;48,83887386;2,1936047
202300044586;9;1;2023;18:20;2;85;85191;2;1;2;3;Rue duchesne de denant;46,648369;-1,435211
202300044587;1;10;2023;03:25;3;92;92025;1;1;1;6;A86;48,93542176;2,2605831
202300044588;6;12;2023;15:40;1;75;75120;2;2;1;3;BOULEVARD DE BELLEVILLE;48,867079;2,383325
202300044589;9;1;2023;10:37;1;81;81004;2;9;2;6;LANNES (BD DU MARECHAL);43,94444;2,15992
202300044590;20;7;2023;17:35;1;35;35238;2;1;1;2;MOTTE BRULON (DE LA);48,12784;-1,67152
202300044591;2;10;2023;17:00;1;92;92036;1;1;1;2;AUTOROUTE A15;48,94722536;2,2815668
202300044592;5;1;2023;22:35;3;80;80164;1;1;1;6;Route de Corbie;49,90128;2,35187
202300044593;22;7;2023;00:14;3;34;34003;2;2;1;7;1 Rue des Gallo Romains;43,28828;3,50185
202300044594;6;12;2023;06:30;5;75;75119;2;2;1;6;PLACE DE LA BATAILLE DE STALINGRAD;48,884055;2,368853
202300044595;9;1;2023;22:30;5;78;78138;2;2;1;3;DE GAULLE (AVENUE CHARLES);48,97039;2,03222
202300044596;2;10;2023;16:00;1;93;93010;1;1;1;2;AUTOROUTE A3;48,90975;2,47474
202300044597;21;7;2023;08:55;1;33;33192;2;6;1;3;Route de Canéjan;44,77234945;-0,62566549
202300044598;6;12;2023;19:00;3;75;75116;2;1;1;3;ROUTE DE LA PTE DAUPHINE A LA PTE DES SA;48,8734328;2,27223873
202300044599;21;7;2023;02:35;5;33;33529;2;6;1;6;SAINT-EXUPERY (AVE);44,617087;-1,138116
202300044600;2;10;2023;14:30;1;93;93078;1;1;1;5;AUTOROUTE A104;48,9713639;2,4985811
202300044601;9;1;2023;18:00;5;77;77337;2;1;1;6;ROCHES (COURS DES);48,84522;2,61532
202300044602;20;7;2023;19:50;1;29;29019;2;1;1;3;rue Général Paulet;48,416359;-4,475754