Num_Acc;jour;mois;an;hrmn;lum;dep;com;agg;int;atm;col;adr;lat;long
202300044603;9;1;2023;12:51;1;77;77468;2;2;1;6;D128;48,8444504;2,64925152
202300044604;20;7;2023;13:08;1;29;29019;2;2;1;4;rue Marcellin Duval;48,4168956;-4,48702991
202300044605;8;1;2023;08:15;1;76;76481;1;6;1;6;RD 6382;49,53125053;0,1081413
202300044606;2;10;2023;08:15;1;93;93007;1;1;1;4;AUTOROUTE A3;48,92229;2,48032
202300044607;7;1;2023;06:30;3;76;76351;1;1;1;6;SEIZIEME PORT (AVENUE DU);49,4826;0,16175
202300044608;21;7;2023;17:20;1;18;18033;2;3;1;3;38 Avenue Marcel Haegelen;47,07352;2,38123
202300044609;21;7;2023;06:15;2;17;17300;2;6;1;7;REPUBLIQUE   BOULEVARD DE LA;46,1418;-1,14011
202300044610;9;1;2023;20:30;5;76;76217;1;3;1;2;Rue Jacques Monod;49,92228903;1,1162855
202300044611;5;1;2023;08:20;5;72;72181;2;1;2;2;BROSSOLETTE PIERRE (BD) N° IMP;47,979;0,1977
202300044612;2;10;2023;14:55;1;77;77258;1;1;1;4;A4.W;48,832242;2,652388
202300044613;22;7;2023;00:40;5;14;14118;2;2;1;2;534p Boulevard Yves Guillou;49,17266;-0,37863
202300044614;9;1;2023;10:10;1;69;69264;2;1;2;5;92 Rue Roncevaux;45,99533;4,71786
202300044615;2;10;2023;08:35;1;77;77294;1;1;1;3;A104;48,964165;2,610993
202300044616;28;5;2023;16:10;1;13;13056;2;9;1;3;CACHIN BOULEVARD MARCEL;43,39886;5,05239
202300044617;5;1;2023;23:47;5;69;69259;2;1;1;7;Avenue d'Oschatz;45,69592;4,88155
202300044618;2;10;2023;07:36;1;93;93051;1;1;1;2;A4;48,8353;2,57336
202300044619;6;1;2023;17:05;5;67;67482;2;1;1;6;COLOMBES (PLACE DES);48,53027128;7,7696836
202300044620;21;7;2023;13:00;1;13;13216;2;1;1;3;HENRI BARNIER (BOULEVARD);43,3607;5,3426
202300044621;8;1;2023;18:10;5;66;66136;2;1;1;6;;42,68719;2,907341
202300044622;2;10;2023;06:55;2;94;94046;1;1;1;3;A86;48,81070243;2,44917546
202300044623;20;7;2023;07:39;1;11;11069;1;1;1;1;Route Minervoise;43,23701;2,37155
202300044624;8;1;2023;11:00;1;66;66136;2;6;1;3;;42,70527855;2,90184706
202300044625;30;5;2023;08:30;1;73;73237;1;1;1;2;A43 PK 138.7;45,49525529;6,29732549
202300044626;30;9;2023;11:30;1;976;97611;2;1;1;6;m'tsapere-Belle vue ( rue );-12,78642;45,2221
202300044627;6;1;2023;16:00;1;66;66136;2;1;1;6;;42,69885;2,87782
202300044628;19;7;2023;15:30;1;11;11069;2;2;1;3;78 Rue Voltaire;43,2111;2,34966
202300044629;1;10;2023;04:10;3;974;97416;1;1;1;6;RN03;-21,31111;55,4965
202300044630;5;1;2023;07:45;5;64;64249;2;3;1;3;Avenue Getaria;43,41671;-1,6101
202300044631;20;7;2023;20:05;1;9;9122;2;1;1;3;SIBIAN (AVENUE DE);42,96506;1,5923
202300044632;1;10;2023;04:10;5;973;97302;2;1;1;7;14 ET 22 JUIN 1962;4,93318;-52,32695
202300044633;6;1;2023;13:00;1;63;63193;1;1;2;5;RD 769;45,7738;3,21041
202300044634;20;7;2023;17:50;1;75;75117;2;1;1;3;PORTE MAILLOT;48,8827;2,283359
202300044635;8;1;2023;21:45;4;63;63113;2;2;1;3;CLEMENTEL (BD ETIENNE);45,80966;3,10943
202300044636;29;9;2023;16:35;1;973;97302;2;1;1;3;BADUEL (ROUTE DE);4,93664;-52,31457
202300044637;20;7;2023;13:15;1;75;75115;2;1;1;5;PORTE DE LA PLAINE;48,8277;2,291932
202300044638;8;1;2023;03:33;4;63;63113;2;1;2;6;SAINT JEAN (BD);45,78768;3,11934
202300044639;29;9;2023;19:00;5;973;97302;2;1;1;2;MONTABO (ROUTE DE) 3;4,93477;-52,29196
202300044640;20;7;2023;10:25;1;75;75118;2;1;1;2;PORTE DE CLIGNANCOURT;48,901076;2,345273
202300044641;29;9;2023;18:25;2;973;97302;2;1;1;3;MONTABO (ROUTE DE) 2;4,9378;-52,29874
202300044642;20;7;2023;09:50;1;75;75116;2;1;1;3;ECHANGEUR MUETTE;48,86491;2,267604
202300044643;7;1;2023;20:10;5;60;60414;2;1;2;1;Rue de Finsterwalde;49,25192;2,4523
202300044644;29;9;2023;21:05;5;973;97302;2;3;1;3;LIBERTE (AVENUE DE LA);4,93526535;-52,33220458
202300044645;6;1;2023;08:00;2;59;59444;2;1;1;6;RUE PIERRE DELCOURT;50,456353;3,528746
202300044646;19;7;2023;15:35;1;75;75110;2;2;1;6;BOULEVARD DE STRASBOURG;48,875485;2,357625
202300044647;9;1;2023;13:00;1;59;59599;2;9;2;6;GAND (RUE DE);50,7343;3,16168
202300044648;21;7;2023;09:30;1;75;75106;2;1;1;3;BOULEVARD DU MONTPARNASSE;48,844394;2,322341
202300044649;29;9;2023;15:45;1;973;97302;2;3;1;2;MONTABO (ROUTE DE) 3;4,93253;-52,29049
202300044650;9;1;2023;03:00;3;59;59170;1;1;1;6;LOFFRE (RUE DE);50,36226;3,14781
202300044651;21;7;2023;12:40;1;75;75120;2;3;1;6;AVENUE DU PROFESSEUR ANDRE LEMIERE;48,858694;2,414708
202300044652;1;10;2023;10:55;1;69;69383;2;2;1;1;Avenue Félix Faure;45,75292;4,85355
202300044653;5;1;2023;17:45;5;59;59017;2;2;2;3;DE GIRARD (RUE PHILIPPE );50,68303597;2,87696958
202300044654;21;7;2023;09:20;1;75;75120;2;2;1;3;RUE DES PYRENEES;48,847531;2,40623
202300044655;8;1;2023;17:44;5;56;56121;2;1;2;6;FREBAULT (RUE  DU GENERAL );47,74076;-3,37329
202300044656;1;10;2023;11:58;1;69;69382;2;2;1;2;Rue Seguin;45,74404;4,82112
202300044657;21;7;2023;17:50;1;75;75117;2;3;1;3;BOULEVARD BESSIERES;48,890268;2,304542
202300044658;8;1;2023;11:26;1;56;56185;1;1;2;6;N/A;47,77091;-3,37826
202300044659;1;10;2023;08:30;1;971;97128;1;1;1;6;ROUTE DE BOULIQUI;16,25506313;-61,44997984
202300044660;21;7;2023;09:30;1;75;75117;2;7;1;3;PLACE DU MARECHAL JUIN;48,884587;2,296844
202300044661;30;9;2023;18:30;4;971;97101;1;9;1;6;GRAND CAMP(SECTION);16,24925216;-61,5335387
202300044662;1;1;2023;19:52;5;54;54304;2;2;1;1;Boulevard Emile Zola;48,678101;6,159563
202300044663;21;7;2023;21:00;1;75;75115;2;3;1;6;QUAI DE GRENELLE;48,85287894;2,28656477
202300044664;9;1;2023;19:10;3;54;54323;1;6;1;6;RD618;49,517842;5,748729
202300044665;1;10;2023;10:30;1;2A;2A004;2;1;1;3;PIETRALBA CHEMIN;41,93783;8,76033
202300044666;21;7;2023;00:00;5;75;75115;2;3;1;3;RUE LINOIS;48,848511;2,28289
202300044667;9;1;2023;20:18;5;54;54580;2;3;2;3;Avenue Albert Lebrun;49,470882;5,930278
202300044668;1;10;2023;18:55;1;95;95585;2;1;1;3;D209;48,99284792;2,38874316
202300044669;21;7;2023;13:50;1;75;75114;2;3;1;6;RUE DE LA SANTE;48,833049;2,341201
202300044670;7;1;2023;06:20;3;52;52448;1;1;1;7;RN 4;48,64142;4,9077
202300044671;9;1;2023;22:05;5;51;51454;2;3;2;3;rue Colbert;49,25698;4,03444
202300044672;21;7;2023;14:30;1;75;75113;2;3;1;3;AVENUE D ITALIE;48,825136;2,357588
202300044673;30;9;2023;18:40;1;91;91425;2;3;1;4;RUE DE MARCOUSSIS;48,638939;2,256764
202300044674;20;7;2023;15:15;1;75;75112;2;1;1;3;QUAI DE BERCY;48,841928;2,372225
202300044675;9;1;2023;13:12;1;45;45234;2;2;1;3;3 Rue du Cristal;47,84567;1,94053
202300044676;1;10;2023;09:20;1;91;91421;1;1;1;7;NATIONALE 6 (REVEIL MATIN);48,70899;2,44192
202300044677;21;7;2023;17:20;1;75;75107;2;2;1;7;QUAI BRANLY;48,860543;2,295617
202300044678;9;1;2023;16:50;2;43;43157;2;3;1;1;MONTREDON (ROUTE DE);45,05055;3,89908
202300044679;21;7;2023;16:20;1;75;75107;2;2;1;2;RUE DE BOURGOGNE;48,857558;2,3175
202300044680;1;10;2023;17:50;1;91;91027;2;1;1;4;AV HENRI DUNANT;48,71136;2,38994
202300044681;21;7;2023;18:03;1;94;94081;2;9;1;3;Quai Jules Guesde;48,77809281;2,41421033
202300044682;9;1;2023;19:25;5;35;35238;2;1;1;2;BOIS LABBE (AVENUE DU);48,12656753;-1,70313299
202300044683;1;10;2023;20:15;5;77;77111;2;1;1;6;D344;48,85516;2,77135
202300044684;20;7;2023;22:23;5;94;94016;2;1;1;2;Avenue Aristide Briand;48,7907;2,3199
202300044685;1;10;2023;06:35;4;76;76681;2;2;1;6;Rue Victor Hugo;49,41387;1,09515
202300044686;9;1;2023;08:25;1;35;35238;1;1;1;4;RN136;48,13205;-1,70837
202300044687;20;7;2023;21:30;2;94;94003;2;1;1;6;Avenue Paul Vaillant-couturier;48,804252;2,338099
202300044688;9;1;2023;18:00;5;33;33522;2;3;2;6;Avenue de Thouars;44,79619438;-0,59234172
202300044689;21;7;2023;13:35;1;94;94021;2;6;1;3;Avenue du Général de Gaulle;48,77298897;2,33919767
202300044690;29;9;2023;17:40;1;76;76384;1;1;1;5;PORT JEROME;49,49757;0,54617
202300044691;9;1;2023;11:45;1;33;33318;2;2;2;3;Avenue de Madran;44,80559;-0,64908
202300044692;19;5;2023;21:15;2;94;94017;2;3;1;1;Avenue de la République;48,81806882;2,51168273
202300044693;9;1;2023;08:00;2;33;33009;2;1;2;6;LORENTZ-MONOD (ALL. DR);44,65328;-1,16383
202300044694;1;10;2023;19:45;5;74;74298;2;3;1;3;LIVRON (ROUTE DE);46,185768;6,251577
202300044695;21;7;2023;09:20;1;94;94017;2;1;1;2;Avenue du Général de Gaulle;48,82408003;2,49766485
202300044696;9;1;2023;20:40;5;30;30007;2;2;1;3;;44,1337;4,07831
202300044697;1;10;2023;10:10;1;71;71540;2;6;1;3;Rond-Point du Vieux Saule;46,76824;4,45193
202300044698;21;7;2023;09:45;1;94;94002;2;1;1;2;Quai Blanqui;48,80369052;2,41280345
202300044699;1;10;2023;21:15;3;69;69275;2;1;1;3;Rocade Est;45,77028767;4,98480214
202300044700;21;7;2023;12:05;1;93;93048;2;1;1;6;Boulevard de la Boissière;48,87745164;2,46136137
202300044701;9;1;2023;10:25;1;28;28134;2;3;1;5;HIEAUX (RUE DU CDT);48,7323;1,36036
202300044702;1;10;2023;20:15;5;69;69256;2;1;1;6;Avenue Eugène Hénaff;45,77399;4,92312
202300044703;9;1;2023;01:25;5;21;21231;2;1;3;6;RAYMOND POINCARE (AVENUE);47,32880545;5,06671609
202300044704;20;7;2023;15:55;1;93;93063;2;3;1;3;Rue de Benfleet / Rue Irène et Frederic Joliot Curie;48,87874;2,43954
202300044705;30;9;2023;15:00;1;69;69091;2;1;1;6;Rue de la Paix;45,58542;4,7518
202300044706;9;1;2023;19:25;2;17;17200;2;2;2;3;HUIT MAI 1945   AVENUE DU;46,18303;-1,15248
202300044707;21;7;2023;21:45;5;93;93027;2;3;1;6;Avenue Lénine / Rue Maurice Lachâtre;48,91946608;2,41353311
202300044708;9;1;2023;19:15;5;13;13211;2;6;1;6;N/A;43,29520339;5,48928448
202300044709;2;10;2023;01:45;5;64;64024;2;3;1;3;BAYONNE (AVENUE DE);43,48081;-1,5131
202300044710;21;7;2023;09:50;1;93;93027;2;9;1;3;Avenue Jean Mermoz;48,93238204;2,40613995
202300044711;9;1;2023;12:30;1;13;13207;2;1;1;3;CORDERIE (PLACE DE LA);43,29074;5,37182
202300044712;6;1;2023;07:15;4;11;11262;2;1;1;6;N/A;43,187738;2,989281
202300044713;21;7;2023;21:00;1;93;93001;2;2;1;1;Avenue Jean Jaurès / Rue Danielle Casanova;48,91509721;2,40428902
202300044714;1;10;2023;18:37;1;63;63113;2;6;1;3;MAYER (BD DANIEL);45,79323;3,09576
202300044715;9;1;2023;09:05;1;11;11069;1;9;2;6;;43,1985;2,34824
202300044716;21;7;2023;13:45;1;93;93001;2;2;1;3;Rue du Port / Rue Marcel Carné;48,91776402;2,37472216
202300044717;8;1;2023;17:50;5;11;11069;2;9;2;3;voie traversante de André Jean CAYATTE;43,235923;2,367037
202300044718;1;10;2023;20:44;5;61;61077;1;1;1;2;D112;48,4465;0,11262
202300044719;1;10;2023;16:35;1;60;60057;2;1;1;1;Place de la Préfecture;49,43735562;2,07375419
202300044720;21;7;2023;16:10;1;92;92078;2;6;1;1;GALLIENI (BD) (1 A 79 ET 22 A 102);48,92575623;2,32672369
202300044721;9;1;2023;10:05;1;4;4112;2;4;1;3;SAINT JOSEPH(BOULEVARD);43,82702;5,79986
202300044722;1;10;2023;18:05;1;59;59152;2;1;1;6;GRAND PLACE;50,76406752;3,00493028
202300044723;9;1;2023;07:50;5;2;2738;2;1;8;6;127 Avenue Jean Jaurès;49,656804;3,303979
202300044724;21;7;2023;09:13;1;92;92073;2;1;1;6;BLUM (QUAI LEON);48,86643;2,22791
202300044725;30;9;2023;09:45;1;59;59392;1;9;1;7;VOIE RAPIDE MAUBEUGE / JEUMONT;50,27978;3,99578
202300044726;8;1;2023;05:45;3;1;1451;1;1;3;6;PREBOIS (CHEMIN DE);46,272698;5,215341
202300044727;20;7;2023;13:30;1;92;92050;2;1;1;2;REPUBLIQUE AVENUE DE LA;48,90583407;2,21045973
202300044728;25;9;2023;11:40;1;57;57660;2;3;1;6;SCHOENECK(RUE DE)DU PONT AUTOROUTE AU PO;49,203893;6,937792
202300044729;10;1;2023;17:50;5;75;75113;2;1;1;3;QUAI D IVRY;48,82304;2,381235
202300044730;1;10;2023;13:55;1;51;51454;2;1;1;7;PETIT (RUE AMBROISE);49,24044;4,0414
202300044731;10;1;2023;13:00;1;75;75120;2;4;1;7;PORTE DE BAGNOLET;48,86735198;2,41321027
202300044732;21;7;2023;08:25;1;92;92035;2;2;1;3;Fauvelles ( rue des );48,90222;2,2394
202300044733;22;7;2023;10:00;1;9;9267;1;1;1;7;D618;42,929043;0,897691
202300044734;1;10;2023;16:00;1;45;45234;2;2;1;3;17 Rue du Parc;47,91114919;1,89643103
202300044735;10;1;2023;11:30;1;75;75116;2;1;2;4;ECHANGEUR MUETTE;48,862014;2,264393
202300044736;22;7;2023;10:50;1;63;63026;1;1;1;6;pk 2 D983;45,669222;2,938516
202300044737;1;10;2023;12:30;1;35;35238;2;1;1;6;TOULLIER;48,10937857;-1,67568058
202300044738;9;1;2023;18:20;5;75;75103;2;2;2;6;RUE REAUMUR;48,864979;2,358274
202300044739;21;7;2023;15:55;1;12;12300;2;1;1;6;122 Route de Montauban;44,360521;2,013025
202300044740;30;9;2023;16:30;1;35;35150;2;2;1;7;BASSE-PORTE (RUE DE LA);48,36919;-1,21598
202300044741;10;1;2023;15:00;1;75;75120;2;2;2;6;RUE DES GRANDS CHAMPS;48,851495;2,406272
202300044742;21;7;2023;20:10;1;6;6161;2;1;1;1;2507 route national 7;43,627486;7,132751
202300044743;10;1;2023;19:15;5;75;75119;2;1;2;6;RUE RIQUET;48,888955;2,372498
202300044744;30;9;2023;15:41;1;35;35115;2;6;1;6;DEVERIA (RUE DES FRERES);48,34728;-1,18903
202300044745;10;1;2023;19:00;5;75;75117;2;3;2;6;AVENUE DE CLICHY;48,88936058;2,32234508
202300044746;21;7;2023;16:20;1;972;97207;1;1;1;3;Fond Savane;14,599443;-60,947294
202300044747;29;9;2023;17:00;1;34;34172;2;3;1;3;SAINT LAZARE (AVENUE DE);43,6191;3,88656
202300044748;10;1;2023;09:45;1;75;75117;2;2;2;3;AVENUE DE VILLIERS;48,883286;2,307296
202300044749;20;7;2023;17:15;1;83;83148;2;1;1;1;Avenue Marcel Mouries;43,430932;6,43319
202300044750;1;10;2023;22:24;5;33;33550;2;6;1;3;Avenue des Pyrénées;44,77151;-0,56434
202300044751;10;1;2023;19:20;5;75;75116;2;1;2;6;ALLEE DU BORD DE L EAU;48,85509;2,22619
202300044752;22;7;2023;09:20;1;54;54408;1;1;1;6;D 603;49,16413963;5,74726582
202300044753;1;10;2023;12:20;1;33;33039;2;1;1;6;Boulevard Jean-Jacques Bosc;44,81567;-0,5508
202300044754;22;7;2023;05:11;2;62;62597;1;1;1;7;Rue de Boisleux;50,182518;2,777706
202300044755;9;1;2023;21:30;5;75;75116;2;7;1;3;RUE DE L AMIRAL CLOUE;48,847435;2,273825
202300044756;1;10;2023;13:04;1;31;31555;2;1;1;2;BD LASCROSSES;43,60935;1,43181
202300044757;1;10;2023;10:00;1;31;31483;2;1;1;3;GAULLE (BOULEVARD CHARLES DE);43,10925;0,72348
202300044758;18;7;2023;08:45;1;56;56258;2;1;1;3;14 Rue Mané Roularde;47,591752;-3,035359
202300044759;10;1;2023;07:00;3;75;75107;2;3;1;1;QUAI BRANLY;48,859014;2,293299
202300044760;20;7;2023;11:05;1;56;56258;2;1;1;7;Poul Bert;47,577828;-3,035386
202300044761;2;6;2023;15:00;1;79;79311;1;1;1;7;N/A;46,630848;-0,41371
202300044762;1;10;2023;21:45;5;18;18033;2;2;1;3;Boulevard de Juranville;47,08337;2,388857
202300044763;10;1;2023;11:10;1;75;75114;2;1;2;6;AVENUE REILLE;48,823848;2,332831
202300044764;22;7;2023;11:01;1;71;71293;1;3;1;1;750 Route de Sornay;46,58977;5,142245
202300044765;1;10;2023;20:20;5;17;17300;2;2;1;3;JOFFRE   BOULEVARD (27-77 et 2-1);46,15796;-1,1423
202300044766;19;7;2023;03:25;3;61;61386;2;1;1;6;D13 PR 12+380;48,791711;0,45987
202300044767;1;10;2023;23:15;3;16;16374;1;1;1;6;D1000;45,65729;0,21473
202300044768;10;1;2023;19:52;5;75;75112;2;7;2;2;PLACE FELIX EBOUE;48,83964;2,395385
202300044769;22;7;2023;12:30;1;12;12102;1;1;1;1;Les Amourals;44,310311;2,570179
202300044770;1;10;2023;21:45;5;13;13204;2;1;1;1;FRANÇOISE DUPARC (BOULEVARD);43,30064;5,40088
202300044771;10;1;2023;07:05;5;75;75111;2;3;1;3;RUE DU CHEMIN VERT;48,862293;2,385211
202300044772;22;7;2023;13:40;1;12;12131;1;1;1;1;D29;44,360932;2,646922
202300044773;1;10;2023;14:00;1;13;13203;2;1;1;5;LOUBON (RUE);43,31286;5,38307
202300044774;10;1;2023;03:30;5;75;75111;2;1;1;6;RUE DU FAUBOURG SAINT ANTOINE;48,8504394;2,38272965
202300044775;21;7;2023;09:45;1;42;42156;1;4;1;4;Rue de la République;45,91166;4,177519
202300044776;10;1;2023;18:55;5;75;75109;2;1;2;2;RUE DE LONDRES;48,877037;2,329477
202300044777;22;7;2023;10:40;1;22;22265;1;1;1;1;Route de Croas Diben;48,757419;-3,393692
202300044778;1;10;2023;01:10;5;13;13209;2;3;1;3;MAGUY ROUBAUD (RUE);43,27231309;5,3996536
202300044779;10;1;2023;14:35;1;75;75108;2;7;2;2;PLACE CHARLES DE GAULLE;48,87329402;2,2955364
202300044780;21;7;2023;18:05;1;22;22030;2;1;1;7;Hent park bihan;48,705912;-3,374031
202300044781;1;10;2023;18:30;1;13;13001;2;1;1;3;GALICE (RTE);43,52842;5,4281
202300044782;9;1;2023;22:30;5;75;75108;2;2;1;3;RUE DU FAUBOURG SAINT HONORE;48,872837;2,310779
202300044783;1;10;2023;11:47;1;10;10325;2;2;7;3;ECHENILLY (RUE);48,26493;4,04135
202300044784;22;7;2023;19:39;1;25;25029;1;3;1;3;N57;47,033334;6,335254
202300044785;1;10;2023;02:04;5;8;8105;2;9;1;7;RN 43;49,74061;4,7094
202300044786;10;1;2023;08:35;2;75;75107;2;2;8;3;RUE DE BELLECHASSE;48,856472;2,321094
202300044787;29;9;2023;17:23;1;5;5061;2;1;1;6;DOCTEUR AYASSE ( RUE DU );44,56306;6,09008
202300044788;21;7;2023;20:15;1;29;29162;1;3;1;3;Garzaleg;48,239634;-4,020594
202300044789;9;1;2023;00:40;5;75;75104;2;3;1;7;BOULEVARD MORLAND;48,84746005;2,36554205
202300044790;21;7;2023;07:45;1;31;31345;1;6;1;3;D12c;43,385445;1,425409
202300044791;30;9;2023;05:55;3;4;4070;1;4;1;6;chaffaut ( route du );44,0625;6,17952
202300044792;10;1;2023;10:10;1;94;94081;2;2;2;3;Avenue Paul Vaillant Couturier / Rue Henri Poincaré;48,79603;2,3981
202300044793;1;10;2023;12:40;1;75;75116;2;1;1;2;PORTE D AUTEUIL;48,844085;2,254681
202300044794;21;7;2023;18:49;1;1;1267;2;2;1;3;Route du Berthiand;46,187422;5,523478
202300044795;22;7;2023;10:20;1;66;66146;1;1;1;1;N20;42,512139;1,827255
202300044796;10;1;2023;18:30;5;94;94046;2;2;2;1;PROFESSEUR CADIOT (AV DU);48,80453;2,43243
202300044797;1;10;2023;00:20;5;75;75117;2;2;1;5;PORTE D ASNIERES;48,892257;2,300943
202300044798;1;10;2023;00:55;3;75;75119;2;2;1;1;RUE SIGMUND FREUD;48,885977;2,398093
202300044799;22;7;2023;17:20;1;54;54398;1;2;1;3;D20;48,52017184;6,88531637
202300044800;10;1;2023;08:35;1;94;94073;2;3;1;2;Rue Louis Duperrey / Rue Claude Monet;48,76824;2,38893
202300044801;21;7;2023;14:45;1;72;72090;1;1;1;7;Rue de la Jatterie;48,050983;0,48592
202300044802;10;1;2023;07:55;5;94;94034;2;1;2;6;40 Boulevard Pasteur;48,75684;2,3154
202300044803;1;10;2023;05:55;5;75;75117;2;3;1;2;PLACE GENERAL CATROUX;48,883055;2,310462
202300044804;22;7;2023;11:00;1;5;5029;1;1;1;3;D944;44,646979;6,182234
202300044805;1;10;2023;16:00;1;75;75116;2;3;1;6;AVENUE DU PARC DES PRINCES;48,839963;2,254584
202300044806;10;1;2023;08:47;1;94;94028;2;3;8;6;Rue Andre Charles Boulle;48,79476;2,44496
202300044807;1;10;2023;21:50;3;75;75115;2;7;1;2;PLACE DES INSURGES DE VARSOVIE;48,827563;2,292116
202300044808;22;7;2023;09:05;1;43;43200;2;3;1;2;Route du Pertuis;45,041519;4,0608
202300044809;9;1;2023;16:50;1;94;94028;2;3;2;2;108 Rue du Général Leclerc / Rue du Moulin Berson;48,78764141;2,46799573
202300044810;22;7;2023;10:25;1;43;43173;1;1;1;6;RD32;44,834615;3,731983
202300044811;1;10;2023;04:09;5;75;75113;2;2;1;2;QUAI D AUSTERLITZ;48,841884;2,36788
202300044812;1;10;2023;08:55;1;94;94081;2;6;1;6;126 Rue Léon Geffroy;48,7835;2,40769
202300044813;21;7;2023;18:10;1;16;16001;1;1;1;1;D729;46,066457;0,694488
202300044814;1;10;2023;06:40;5;94;94078;2;1;1;2;190 Rue de Paris;48,738782;2,446591
202300044815;10;1;2023;16:00;2;94;94022;2;7;2;6;Avenue Jean Jaurès / Avenue Léon Gourdault;48,76440755;2,40617537
202300044816;22;7;2023;16:20;1;16;16282;1;1;1;7;Route de la Bellonne;45,814085;0,31193
202300044817;1;10;2023;02:00;5;94;94033;2;9;1;6;Avenue de la République;48,85240283;2,46298242
202300044818;21;7;2023;19:45;1;7;7039;1;1;1;7;Chemin de Gachet le Haut;45,058047;4,616961
202300044819;10;1;2023;20:10;5;94;94017;2;1;2;2;Avenue du Général de Gaulle;48,824297;2,498606
202300044820;30;9;2023;12:45;1;94;94022;2;1;1;3;AVENUE LOUIS LUC;48,76249572;2,4133696
202300044821;22;7;2023;12:40;1;85;85084;2;2;1;3;Avenue saint-hubert;46,770808;-1,233786
202300044822;1;10;2023;04:10;5;94;94017;2;1;1;1;Avenue Paul Lafargue;48,81478;2,55956
202300044823;10;1;2023;06:50;5;94;94004;2;3;2;3;Avenue du Général Leclerc;48,75443884;2,50595784
202300044824;13;7;2023;16:55;1;27;27198;2;2;1;3;avenue du Lieutenant Morin // rue de Verdun, DAMVILLE;48,870562;1,076092
202300044825;1;10;2023;16:00;1;93;93059;2;1;1;1;Rue Parmentier;48,968855;2,37434331
202300044826;10;1;2023;10:20;1;94;94002;2;9;2;3;Quai Jean-baptiste Clément / Rue du Port à l'Anglais;48,798193;2,420645
202300044827;1;10;2023;02:10;5;93;93070;2;1;1;3;Rue du Docteur Bauer;48,91025305;2,33783791
202300044828;22;7;2023;12:30;1;23;23093;2;2;1;3;Rue Henri Beaune;46,192167;2,240406
202300044829;10;1;2023;12:10;1;93;93048;2;3;2;6;Rue de la Nouvelle France / Boulevard Théophile Sueur;48,86086;2,46619
202300044830;1;10;2023;20:45;5;93;93029;2;1;1;3;Avenue Jean Jaurès;48,92102177;2,44915821
202300044831;22;7;2023;15:49;1;48;48039;1;3;1;1;N88;44,472388;3,344323
202300044832;10;1;2023;09:57;1;93;93048;2;1;2;6;Boulevard Aristide Briand;48,873497;2,454001
202300044833;1;10;2023;14:30;1;93;93029;2;3;1;7;Rue Marcellin Berthelot / Rue Gabriel Puech;48,919972;2,446061
202300044834;21;7;2023;19:00;1;1;1274;1;1;1;6;A40 PK 116+500;46,151743;5,642703
202300044835;1;10;2023;10:50;1;93;93027;2;2;1;6;Rue du Docteur Roux / Rue Voltaire;48,92478;2,40663
202300044836;10;1;2023;07:25;2;93;93048;2;2;8;1;Boulevard Aristide Briand / Rue Saint-Denis;48,87308;2,4537
202300044837;21;7;2023;21:06;2;95;95042;2;3;1;6;D909;49,053849;2,334117
202300044838;1;10;2023;12:55;1;93;93010;2;2;1;3;Avenue Galliéni / Avenue Pasteur;48,90705;2,488755
202300044839;21;7;2023;19:55;2;1;1024;1;1;1;6;Péage Bour Nord A40;46,25986;5,167994
202300044840;9;1;2023;19:30;5;93;93029;2;1;2;3;21 Rue Roger Salengro;48,92033554;2,43966155
202300044841;1;10;2023;15:45;1;93;93008;2;3;1;6;Rue Pierre Sémard / Rue de Carency;48,9113;2,44659
202300044842;9;1;2023;18:00;5;93;93047;2;1;2;1;Boulevard de l'Europe;48,89457;2,57573
202300044843;1;10;2023;11:40;1;93;93005;2;1;1;1;Avenue de Pomereu;48,92384678;2,49376286
202300044844;1;10;2023;19:55;5;92;92073;2;1;1;6;CHERCHEVETS (RUE DES);48,87912;2,22219
202300044845;10;1;2023;18:30;5;92;92048;2;1;2;6;GEORGES MILLANDY (RUE);48,78526569;2,23274052
202300044846;21;7;2023;20:35;2;18;18063;1;2;1;3;Coudron;46,861996;2,419197
202300044847;1;10;2023;18:40;1;92;92033;2;1;1;3;PORTE JAUNE;48,84532;2,19808
202300044848;8;1;2023;23:30;5;92;92044;2;2;1;3;CARNOT(RUE)1A41 ET 2A36;48,88938892;2,28889525
202300044849;21;7;2023;01:40;3;49;49284;1;1;1;2;A 11 pk 285;47,434474;-0,815563
202300044850;1;10;2023;16:55;1;92;92049;2;2;1;3;PERI RUE GABRIEL N°1 A 35;48,81752169;2,32543409
202300044851;10;1;2023;11:30;1;92;92036;2;1;1;4;MOLE CENTRAL (ROUTE DU);48,94237052;2,28392673
202300044852;1;10;2023;15:45;1;92;92026;2;1;1;4;MARECHAL JOFFRE (QUAI DU);48,89723993;2,26617193
202300044853;22;7;2023;04:00;3;11;11170;1;6;1;1;N/A;43,119178;3,112178
202300044854;9;1;2023;20:30;5;92;92025;2;3;1;3;ESTIENNE D'ORVES (RUE);48,922327;2,24927
202300044855;30;9;2023;19:30;2;92;92024;2;1;1;2;GENERAL LECLERC (RUE DU) DE (59 ET PLUS);48,91057916;2,30602831
202300044856;19;7;2023;10:10;1;971;97103;1;1;1;3;Lieu Dit Chantilly;16,237585;-61,615351
202300044857;10;1;2023;07:15;5;92;92007;2;1;1;2;DORMOY (AVENUE MARX);48,8106431;2,30802637
202300044858;1;10;2023;14:00;1;92;92019;1;5;1;3;AVENUE GALILEE;48,77205;2,24496