Num_Acc;jour;mois;an;hrmn;lum;dep;com;agg;int;atm;col;adr;lat;long
202300044859;20;6;2023;16:40;1;971;97103;2;3;1;3;rue henri becquerel prolongée;16,245099;-61,570934
202300044860;11;1;2023;05:30;3;83;83058;1;1;1;6;D557;43,543489;6,360368
202300044861;1;10;2023;19:20;2;92;92004;2;1;1;6;CHATEAU ( RUE DU );48,91095523;2,29510278
202300044862;2;10;2023;18:00;1;34;34314;1;1;1;1;D17;43,743278;3,863139
202300044863;9;1;2023;17:10;1;22;22375;1;1;1;4;Le Quinquis;48,610413;-2,960477
202300044864;22;7;2023;12:34;1;76;76319;1;1;1;2;A13;49,338553;0,983062
202300044865;2;10;2023;00:40;3;35;35145;2;3;1;6;La Monnerais;47,739843;-1,847034
202300044866;11;1;2023;06:30;5;22;22372;1;1;8;1;D706;48,53369;-2,852618
202300044867;18;7;2023;21:45;5;34;34324;2;2;1;3;Boulevard Michelet;43,245511;3,28996
202300044868;2;10;2023;07:10;3;60;60403;1;1;1;3;55 Rue de Dieppe;49,505844;1,986423
202300044869;11;1;2023;00:30;3;31;31113;2;1;1;6;73 Chemin de Halage;43,517223;1,520346
202300044870;18;7;2023;16:00;1;34;34182;1;1;1;3;RD13;43,412991;3,414389
202300044871;24;9;2023;17:40;1;12;12263;1;6;1;3;D 926;44,34957;1,970007
202300044872;10;1;2023;08:10;2;57;57232;1;1;1;1;D22;48,979404;6,798086
202300044873;21;7;2023;19:56;1;83;83113;1;1;1;3;Route de Vinon;43,69962;5,887771
202300044874;1;10;2023;20:20;3;83;83072;1;1;1;1;D 48;43,457919;6,387262
202300044875;11;1;2023;14:00;1;81;81052;1;1;2;6;D999 - PK 29+750;43,9182062;2,2657869
202300044876;11;7;2023;20:45;2;5;5063;1;1;1;6;Rd 1091;45,03904604;6,25208558
202300044877;11;1;2023;03:15;3;21;21247;1;1;2;6;Autoroute A6 - PK 223+800;47,48337682;4,17194566
202300044878;2;10;2023;07:38;1;86;86258;1;2;1;3;D725;46,812954;0,400593
202300044879;22;7;2023;15:50;1;89;89108;1;1;1;6;N/A;47,770138;3,724365
202300044880;21;7;2023;18:40;1;3;3056;1;1;1;6;La Chapelle;46,09057411;3,59814121
202300044881;2;10;2023;17:25;1;31;31273;2;3;1;3;Route de St Pierre;43,693531;1,502359
202300044882;11;1;2023;18:45;3;22;22030;1;1;1;5;RD767 PR48+000;48,702039;-3,377824
202300044883;1;10;2023;12:10;1;84;84069;1;4;1;1;D938;44,196253;5,117692
202300044884;22;7;2023;05:40;2;69;69019;1;1;1;1;Avenue de l'Europe;46,114325;4,73541
202300044885;7;1;2023;20:30;3;19;19274;1;1;2;1;D170e1 - Le Pont;45,19336969;1,49494076
202300044886;22;7;2023;11:40;1;85;85236;1;1;1;6;RD55;46,6450642;-1,7064503
202300044887;9;1;2023;15:00;1;56;56244;1;1;2;6;La Garenne;47,85569;-2,45999
202300044888;1;10;2023;11:30;1;31;31454;2;1;1;2;Route de Bérat;43,411762;1,129057
202300044889;27;9;2023;16:00;1;57;57086;1;1;1;7;D27;48,803427;6,896426
202300044890;21;7;2023;19:05;1;22;22273;1;2;1;3;Le Puits Merpault;48,571091;-2,484997
202300044891;1;10;2023;19:20;2;10;10391;2;1;1;7;D99;48,371119;4,128156
202300044892;10;1;2023;16:40;1;63;63106;2;2;1;3;Rue Henri Nenot;45,74862;3,286897
202300044893;30;9;2023;20:50;5;83;83152;2;1;1;7;Avenue du Colonel Bouvet;43,159997;6,466988
202300044894;2;10;2023;05:40;3;67;67478;1;3;1;1;D1404;48,759471;7,393236
202300044895;11;1;2023;11:35;1;12;12154;1;1;2;7;D999;43,87811397;2,798821
202300044896;20;7;2023;23:20;3;13;13071;1;1;1;2;A7-Sens Marseille vers Lyon;43,407;5,32793
202300044897;1;10;2023;16:20;1;22;22020;1;1;1;2;RN12;48,32471;-2,25681
202300044898;11;1;2023;07:55;2;68;68291;1;3;2;3;D47;47,86095515;7,48740435
202300044899;2;10;2023;08:00;2;2B;2B009;1;1;1;6;D343;42,083493;9,473305
202300044900;21;7;2023;15:40;1;13;13202;1;1;1;2;A55-Sens Martigues vers Marseille;43,33621604;5,35158534
202300044901;10;1;2023;19:40;3;31;31334;1;1;1;1;Ancienne Route de Lavernose;43,38415;1,280546
202300044902;21;7;2023;06:45;1;13;13085;1;1;1;6;A50-Sens Toulon vers Aubagne;43,263748;5,588355
202300044903;29;9;2023;10:49;1;34;34270;2;3;1;6;Rue des Rouderes;43,573236;3,827169
202300044904;10;1;2023;20:25;3;54;54546;1;1;2;6;RD952;48,96901967;6,03072166
202300044905;20;7;2023;14:38;1;13;13005;1;1;1;7;A50 - Sens Aubagne vers Marseille;43,277;5,587
202300044906;1;10;2023;16:15;1;56;56171;1;1;1;3;La Prince Coquette;47,726745;-2,345109
202300044907;1;10;2023;10:00;1;2B;2B126;1;1;1;7;T50;42,194422;9,360399
202300044908;10;1;2023;10:30;1;14;14431;2;3;2;3;32 Avenue Jean Jaurès;49,076338;-0,064572
202300044909;19;7;2023;16:35;1;13;13028;1;1;1;7;A50;43,193439;5,667512
202300044910;1;10;2023;16:50;1;82;82134;2;1;1;2;1630 Vieille Route de Saint-Etienne;44,062901;1,506629
202300044911;17;6;2023;01:35;3;83;83062;1;1;1;2;A57;43,14375;6,02357
202300044912;10;1;2023;18:45;5;60;60513;2;3;2;1;Rue du Havre;49,204105;2,376217
202300044913;1;10;2023;18:50;1;32;32414;1;1;1;1;D25;43,694423;-0,067495
202300044914;21;7;2023;21:10;1;33;33550;1;9;1;6;ROCADE A 630;44,78773403;-0,54101229
202300044915;11;1;2023;12:50;1;60;60029;1;9;1;3;D981;49,374532;1,990327
202300044916;21;7;2023;20:30;2;91;91477;1;1;1;6;AUTOROUTE A126;48,72232;2,24931
202300044917;29;9;2023;15:50;1;11;11090;1;1;1;3;N/A;43,105229;2,252873
202300044918;1;10;2023;14:20;1;63;63236;1;1;1;7;RD 996;45,593951;2,833357
202300044919;8;1;2023;18:25;3;53;53218;1;2;2;2;chemin de poille;48,180548;-0,385792
202300044920;21;7;2023;19:00;1;91;91216;1;1;1;3;AUTOROUTE A6;48,6787;2,33389
202300044921;11;1;2023;01:30;3;4;4137;1;1;9;7;D951;44,291103;6,026285
202300044922;21;7;2023;14:10;1;93;93053;1;1;1;3;AUTOROUTE A3;48,89292727;2,47244859
202300044923;10;1;2023;14:20;1;87;87018;1;1;2;6;Rulières;46,058045;1,062391
202300044924;1;10;2023;18:15;1;61;61456;2;1;1;5;D926B;48,761493;0,664061
202300044925;21;7;2023;12:10;1;93;93010;1;1;1;2;AUTOROUTE A3;48,88893243;2,47376801
202300044926;10;1;2023;17:05;1;49;49381;2;3;2;3;Rue Pierre de Romans;47,020323;-0,7043
202300044927;21;7;2023;08:15;1;93;93005;1;1;1;3;AUTOROUTE A1;48,9588;2,46452
202300044928;28;9;2023;14:25;1;49;49125;1;1;1;2;D761;47,180656;-0,242944
202300044929;11;1;2023;07:12;2;1;1196;1;6;1;1;D975;46,349131;5,125503
202300044930;20;7;2023;20:20;1;92;92036;1;1;1;3;AUTOROUTE A15;48,93788866;2,29766722
202300044931;30;9;2023;10:00;1;35;35361;2;1;1;2;Rue de la Grève;48,603246;-1,77636
202300044932;10;1;2023;17:00;1;66;66195;2;1;1;3;;42,68305966;2,80173484
202300044933;20;7;2023;13:15;1;93;93066;1;1;1;2;AUTOROUTE A1;48,91952;2,35729
202300044934;1;10;2023;16:00;1;2;2360;2;1;1;6;28 Rue de Proviseux (Guignicourt);49,438577;3,972032
202300044935;3;1;2023;07:40;1;6;6085;2;1;1;6;Chemin des Campelieres;43,580597;7,006964
202300044936;21;7;2023;15:20;1;94;94017;1;1;1;2;A4;48,82665078;2,51617424
202300044937;10;1;2023;23:00;3;59;59312;1;1;2;6;A26 PK 148+500;50,0140816;3,17185904
202300044938;1;10;2023;12:43;1;15;15262;1;2;1;3;D921;45,006428;3,043492
202300044939;21;7;2023;06:50;1;77;77450;1;1;2;7;RN104;48,717274;2,599125
202300044940;8;1;2023;22:00;5;974;97408;2;9;1;6;61 Rue Pablo Neruda;-20,950388;55,331612
202300044941;1;10;2023;11:00;1;1;1240;1;1;1;1;D18;46,262241;5,552521
202300044942;10;1;2023;17:05;1;971;97118;1;1;8;3;Route nationale 1;16,22749;-61,593347
202300044943;20;7;2023;23:20;3;94;94073;1;1;1;2;A86;48,76965561;2,38000814
202300044944;27;9;2023;14:35;1;14;14514;2;6;1;3;17 Rue Laplace;49,28506025;0,20498998
202300044945;20;7;2023;10:40;1;976;97611;2;1;1;6;tsoundzou-Bamcolo (rue);-12,81141;45,20284
202300044946;11;1;2023;09:39;1;77;77077;1;3;1;1;D38;48,999319;2,879118
202300044947;20;7;2023;22:00;5;974;97416;1;1;1;6;ARCHAMBAUD 400 (CHEMIN);-21,29361;55,50587
202300044948;2;10;2023;16:50;1;5;5046;2;1;1;6;Boulevard Pasteur;44,564549;6,49395
202300044949;10;1;2023;16:45;1;6;6091;1;1;1;1;2182 Route des Clues;43,806226;7,380712
202300044950;29;9;2023;18:15;1;40;40230;1;1;1;1;D425;43,810809;-0,893326
202300044951;10;1;2023;18:30;3;6;6057;1;1;1;6;920 Route du Col de Nice;43,8244173;7,3518197
202300044952;16;7;2023;20:30;5;974;97411;2;6;1;2;JAURES (BLD 1 JEAN);-20,89965;55,47956
202300044953;26;9;2023;09:50;1;27;27587;2;1;1;2;D47;49,295387;0,65153
202300044954;11;1;2023;07:50;3;54;54215;2;1;2;6;Rue de l'Hôtel de Ville;48,761007;6,129639
202300044955;20;7;2023;21:00;5;973;97302;2;1;1;2;BRUTUS (CITE);4,93740984;-52,31853873
202300044956;11;1;2023;17:10;1;69;69024;1;9;8;1;Route de Theize;45,94731631;4,59368825
202300044957;20;7;2023;10:53;1;972;97209;1;1;1;2;CHATEAUBOEUF (ROUTE DE);14,6177;-61,04615
202300044958;29;9;2023;14:35;1;17;17038;1;1;1;4;N10;45,169236;-0,336236
202300044959;11;1;2023;07:55;5;44;44047;2;1;8;6;39 Boulevard des Martyrs de la Résistance;47,212565;-1,712917
202300044960;19;7;2023;12:20;1;972;97209;2;1;1;6;BALATA (ROUTE DE);14,6208;-61,06985
202300044961;29;9;2023;18:10;1;30;30133;2;6;1;2;D62;43,56883;4,112645
202300044962;11;1;2023;14:00;1;80;80561;2;2;7;1;Croisement D 329 D 935;49,651505;2,568215
202300044963;1;10;2023;09:25;1;24;24357;1;1;1;6;Tabardine;44,791774;0,454087
202300044964;20;7;2023;16:40;1;971;97113;1;9;1;3;RN4 - SECTION RIVIERA;16,2123;-61,4756
202300044965;19;7;2023;18:33;1;2A;2A004;2;2;1;3;SAINTE LUCIE RUE;41,92775;8,7379
202300044966;1;10;2023;17:50;2;988;98805;2;1;1;1;route de Koe prolongee;-22,1403;166,478629
202300044967;10;1;2023;18:20;3;59;59137;2;3;2;3;Rue du Collège;50,0741534;3,64222124
202300044968;9;1;2023;16:15;1;13;13015;1;1;1;2;A51-Sens Aix en Provence vers Marseille;43,42805096;5,38625396
202300044969;2;10;2023;05:50;3;13;13074;1;1;1;2;A51 - PK 043.500;43,656943;5,595818
202300044970;9;1;2023;20:05;3;13;13071;1;1;1;2;A7-Sens Lyon vers Marseille;43,40816732;5,28796136
202300044971;10;1;2023;18:15;3;33;33080;1;1;1;4;AUTOROUTE A 62;44,72728;-0,52785
202300044972;19;7;2023;12:30;1;91;91161;2;1;1;6;AV MAZARIN;48,70729;2,31165
202300044973;10;1;2023;06:45;5;33;33397;1;1;1;2;AUTOROUTE A10;44,911922;-0,484692
202300044974;2;10;2023;07:15;1;973;97309;2;3;1;2;Avenue Leon Gontran Damas;4,883732;-52,287106
202300044975;20;7;2023;15:50;1;91;91223;1;9;1;2;R.D.20;48,42748;2,15378
202300044976;19;7;2023;17:45;1;91;91433;1;1;1;2;CD 837;48,43381;2,20822
202300044977;10;1;2023;12:20;1;91;91689;1;1;2;4;AUTOROUTE A6;48,72967;2,31449
202300044978;20;7;2023;23:10;3;85;85194;2;3;1;6;1 Rue de la vigne verte;46,5334;-1,79532
202300044979;10;1;2023;09:00;1;91;91468;1;1;1;4;AUTOROUTE A6;48,57299;2,46767
202300044980;19;7;2023;17:40;1;76;76351;2;2;1;3;GERANIUMS (DES);49,50602;0,16334
202300044981;10;1;2023;03:15;3;91;91617;1;1;8;7;;48,63449;2,53672
202300044982;10;1;2023;20:20;5;92;92051;1;1;1;7;RN13;48,88062879;2,27368809
202300044983;20;7;2023;23:00;4;76;76217;2;1;1;3;GAMBETTA (AVENUE);49,92002;1,07375
202300044984;10;1;2023;17:50;3;92;92050;1;1;2;2;A86;48,91531692;2,22011864
202300044985;19;7;2023;21:45;1;72;72181;2;9;1;6;SCHUMAN ROBERT ( BD);47,992391;0,235088
202300044986;19;7;2023;18:25;1;72;72181;2;9;1;1;RUAUDIN (RUE) N° IMP 191 ET >;47,981814;0,214688
202300044987;10;1;2023;10:10;1;78;78423;1;1;2;2;RN12;48,79528;2,04728
202300044988;19;7;2023;13:10;1;70;70550;2;1;1;6;PARMENTIER (RUE JEAN);47,6144;6,1462
202300044989;19;7;2023;12:20;1;69;69290;2;1;1;5;Rue Boileau;45,69532997;4,92988815
202300044990;20;7;2023;09:01;1;69;69096;2;9;1;6;3 Avenue Jean Estragnat;45,6086667;4,78910789
202300044991;20;7;2023;15:17;1;67;67447;2;3;1;6;BITCHE (RUE DE);48,60974;7,75432
202300044992;20;7;2023;10:00;1;67;67482;2;1;1;6;NUEE BLEUE (RUE DE LA);48,58587;7,74718
202300044993;19;7;2023;09:05;1;65;65440;2;6;1;3; ROND-POINT DE LA SEDE;43,232834;0,061352
202300044994;20;7;2023;09:00;1;65;65286;2;3;1;1;12 Avenue Françis Lagardère;43,087936;-0,046109
202300044995;20;7;2023;18:50;1;64;64445;2;1;1;3;DUFAU;43,30943;-0,36394
202300044996;20;7;2023;04:35;5;64;64445;2;1;1;6;LOUP DU;43,31751;-0,35217
202300044997;11;6;2023;16:15;1;62;62215;2;2;1;3;Rue Edouard Plachez;50,490898;2,955664
202300044998;19;7;2023;18:35;1;54;54357;2;1;1;6;Avenue de Metz;48,70628;6,1677
202300044999;20;7;2023;22:50;3;54;54451;2;1;1;6;Rue de Mexy;49,50148;5,7567
202300045000;19;7;2023;19:43;1;49;49007;2;1;1;3;HOCHE;47,46705;-0,55791
202300045001;20;7;2023;14:37;1;47;47001;2;6;1;3;PONT DE PIERRE;44,19491;0,61229
202300045002;20;7;2023;08:45;1;47;47001;2;4;1;3;GAILLARD (AV. ET PONT DE);44,21909;0,63702
202300045003;20;7;2023;18:39;1;45;45302;2;1;1;2;D2060 PR 98 + 1;47,944037;1,905717
202300045004;20;7;2023;11:35;1;45;45232;2;1;1;3;901 Rue de Bourges;47,84399637;1,92106783
202300045005;20;7;2023;16:15;1;45;45208;2;3;1;3;12 Allée de la Résidence de la Roseraie;47,99521;2,74202
202300045006;19;7;2023;17:00;1;43;43041;2;9;1;3;89 Avenue Charles Dupuy;45,04853;3,92162
202300045007;20;7;2023;17:15;1;33;33063;2;3;1;3;Quai de Brazza;44,85677;-0,54785
202300045008;20;7;2023;08:22;1;33;33063;2;2;1;3;Place Bir Hakeim;44,83663;-0,5654
202300045009;19;7;2023;23:45;5;33;33063;2;1;1;3;Avenue de Mérignac;44,838584;-0,62123716
202300045010;20;7;2023;16:15;1;28;28223;2;9;1;3;D 929;48,72745;1,39235
202300045011;20;7;2023;16:00;1;22;22106;2;1;1;2;RN12;48,50187;-2,72929
202300045012;19;7;2023;18:30;1;17;17306;2;1;1;4;BOUCHET LOUIS (AVENUE);45,6287;-0,99502
202300045013;19;7;2023;19:50;1;13;13054;2;6;1;6;8 MAI 1945 (AV DU );43,416;5,226
202300045014;20;7;2023;19:30;1;13;13212;2;1;1;7;SAINT BARNABE (AVENUE DE);43,30435;5,41224
202300045015;19;7;2023;09:00;1;12;12202;2;1;1;3;GINESTE (AVENUE DE LA);44,36375;2,555
202300045016;19;7;2023;12:48;1;10;10387;2;1;1;3;ROBERT SCHUMANN (RUE);48,30834;4,09659
202300045017;20;7;2023;12:00;1;6;6088;2;3;1;5;GALLIENI (AV.);43,70503;7,28036
202300045018;20;7;2023;14:10;1;6;6088;2;7;1;6;BRAILLE (BD LOUIS);43,722527;7,292824
202300045019;20;7;2023;20:00;2;6;6069;2;9;1;7;AURIBEAU (ROUTE D') -D609-;43,631382;6,911945
202300045020;20;7;2023;15:15;1;4;4112;2;1;1;3;LUBERON (AV. DU);43,83217;5,77262
202300045021;19;7;2023;07:35;1;75;75114;2;1;1;2;PORTE DE CHATILLON;48,822561;2,314235
202300045022;19;7;2023;03:30;5;75;75114;2;5;1;1;PORTE DE GENTILLY;48,816126;2,343541
202300045023;20;7;2023;17:10;1;75;75120;2;1;1;3;RUE DES PYRENEES;48,872773;2,390828
202300045024;20;7;2023;11:15;1;75;75118;2;3;1;6;RUE DE CLIGNANCOURT;48,8846;2,34718
202300045025;20;7;2023;05:50;2;75;75118;2;3;1;6;RUE MARX DORMOY;48,886658;2,359614
202300045026;20;7;2023;13:50;1;75;75116;2;1;1;3;AVENUE KLEBER;48,871877;2,293649
202300045027;20;7;2023;07:00;1;75;75116;2;4;1;5;AVENUE INGRES;48,857036;2,266513
202300045028;20;7;2023;06:30;1;75;75116;2;1;1;2;ALLEE DU BORD DE L EAU;48,871926;2,242059
202300045029;19;7;2023;22:45;5;75;75116;2;3;1;3;BOULEVARD SUCHET;48,85946;2,266017
202300045030;19;7;2023;17:45;1;75;75107;2;3;1;6;Quai d'Orsay;48,86256678;2,30996132
202300045031;20;7;2023;12:30;1;75;75113;2;3;1;3;RUE DE TOLBIAC;48,829185;2,374207
202300045032;20;7;2023;15:30;1;75;75111;2;1;1;6;BOULEVARD VOLTAIRE;48,865565;2,367089
202300045033;19;7;2023;20:14;1;75;75109;2;2;1;2;BOULEVARD HAUSSMANN;48,873781;2,327024
202300045034;20;7;2023;09:00;1;75;75108;2;2;1;2;BOULEVARD MALESHERBES;48,874841;2,319816
202300045035;20;7;2023;22:30;5;75;75107;2;2;1;3;RUE DE L UNIVERSITE;48,861047;2,313241
202300045036;20;7;2023;11:20;1;75;75107;2;1;1;7;BOULEVARD SAINT GERMAIN;48,857392;2,324094
202300045037;19;7;2023;17:25;1;75;75107;2;2;1;1;QUAI D ORSAY;48,862591;2,319018
202300045038;19;7;2023;11:50;1;75;75107;2;3;1;3;AVENUE DE SUFFREN;48,855566;2,294032
202300045039;19;7;2023;13:00;1;75;75101;2;4;1;7;RUE DE RIVOLI;48,866369;2,323469
202300045040;20;7;2023;00:30;5;75;75109;2;3;1;6;BOULEVARD DE ROCHECHOUART;48,881995;2,340421
202300045041;19;7;2023;20:10;1;94;94076;1;1;1;3;100 Boulevard Maxime Gorki;48,793403;2,369154
202300045042;20;7;2023;16:40;1;94;94022;2;3;1;3;Avenue de la République;48,759914;2,408314
202300045043;20;7;2023;09:50;1;93;93073;2;6;1;2;Route de la Croix au Plâtre;48,98424635;2,52531901
202300045044;19;6;2023;19:00;1;94;94053;2;1;1;2;Avenue Pierre Mendès France;48,77173;2,54474
202300045045;19;6;2023;10:10;1;93;93078;2;2;7;3;Avenue Charles de Gaulle / Avenue Georges Clémenceau;48,95815;2,55833
202300045046;19;6;2023;17:30;1;93;93070;2;1;8;6;Rue du Docteur Bauer;48,90990237;2,33822116
202300045047;16;6;2023;08:50;1;93;93066;2;9;1;3;Rue du Landy;48,91496764;2,3384637
202300045048;19;6;2023;02:40;3;93;93077;2;3;1;3;Grande Rue / Avenue du Raincy;48,88463;2,50753
202300045049;19;6;2023;04:06;4;93;93031;2;1;1;6;Avenue de la République;48,95180388;2,31940051
202300045050;19;6;2023;10:00;1;93;93029;2;2;1;1;Rue Albert David / Avenue Lejeune;48,91966047;2,47084169
202300045051;19;6;2023;09:20;1;93;93010;2;1;1;2;Avenue Galliéni;48,90630483;2,48239395
202300045052;19;6;2023;08:40;1;93;93008;2;3;1;6;Avenue Edouard Vaillant / Rue Jean - Pierre Timbaud;48,90708;2,46907
202300045053;14;6;2023;09:20;1;93;93001;2;9;1;3;Boulevard Félix Faure;48,91322912;2,37415565
202300045054;19;6;2023;17:20;1;92;92033;2;1;2;6;DIX NEUF JANVIER;48,85101731;2,19316453
202300045055;16;6;2023;14:31;1;92;92064;2;4;1;1;PALAIS;48,84140803;2,22118288
202300045056;18;6;2023;01:35;5;92;92040;2;6;1;3;VICTOR HUGO (ROND-POINT);48,82779213;2,27398127
202300045057;19;6;2023;07:06;1;92;92007;2;5;1;3;RAVERA (AVENUE HENRI) N° 111 A 217 ET 10;48,80975355;2,31731862
202300045058;19;6;2023;08:45;1;92;92004;2;1;1;1;NANTERRE ( DE 46 A );48,90997219;2,28446625
202300045059;14;6;2023;16:30;1;60;60533;1;4;1;1;;49,521782;2,713451
202300045060;19;6;2023;12:20;1;62;62549;2;3;1;3;D928;50,374174;2,030362
202300045061;20;6;2023;11:20;1;2A;2A198;2;1;1;1;Santaja;42,264162;8,713413
202300045062;19;6;2023;21:05;2;38;38536;1;2;8;3;Route du Pilat;45,427989;4,875247
202300045063;20;6;2023;15:33;1;71;71305;1;1;1;2;A6 pk 368.200 sens Paris-Lyon;46,465295;4,879282
202300045064;20;6;2023;18:30;1;63;63012;1;3;1;3;D985/D442;46,011687;3,187752
202300045065;19;6;2023;17:30;1;38;38239;1;1;1;2;D1085;45,32746;5,572368
202300045066;19;6;2023;08:37;1;59;59202;2;6;1;7;Avenue Paul Harris (Pont);50,68092405;2,86123037
202300045067;18;6;2023;02:45;4;57;57059;2;1;1;7;Rue Principale;48,90089432;6,57974839
202300045068;18;6;2023;02:47;3;4;4191;1;1;1;6;D900c;44,401342;6,26726
202300045069;20;6;2023;19:05;1;91;91534;1;1;1;7;chemin de la martiniere;48,72011;2,182395
202300045070;19;6;2023;13:20;1;19;19153;2;1;1;7;36bis Avenue Georges Clemenceau;45,26541219;1,40776541
202300045071;20;6;2023;04:00;5;56;56240;2;1;1;6;19 Rue des Vagues;47,499695;-2,770615
202300045072;20;6;2023;09:50;1;76;76035;2;1;1;6;Rue Nationale;49,767601;1,753378
202300045073;20;6;2023;16:50;1;76;76400;2;1;1;6;rue de la République;49,82426459;0,91178804
202300045074;19;6;2023;09:45;1;79;79007;1;1;2;7;;46,579334;-0,40634
202300045075;17;6;2023;15:00;1;2B;2B354;1;1;1;7;D69;42,168012;9,171519
202300045076;18;6;2023;15:00;1;82;82075;1;1;1;1;Route de Fronton;43,833319;1,30674
202300045077;19;6;2023;17:50;1;65;65388;1;1;1;7;Col de Portet (Col de montagne);42,831439;0,239076
202300045078;20;6;2023;15:10;1;65;65389;2;9;1;3;Avenue des Pics;43,074879;0,477728
202300045079;19;6;2023;18:35;1;61;61484;1;2;1;3;Intersection D211/D636;48,28718;0,655708
202300045080;18;6;2023;10:30;1;61;61029;1;1;1;3;D8;48,54698;0,488319
202300045081;19;6;2023;17:30;1;22;22072;1;4;1;1;D20  -D54;48,533146;-3,265171
202300045082;18;6;2023;10:10;1;44;44130;1;1;1;5;;47,12049011;-1,53128386
202300045083;20;6;2023;17:20;1;29;29146;1;3;1;2;Route de Concarneau;47,90133256;-3,8421904
202300045084;19;6;2023;16:35;1;29;29188;2;1;2;6;Ty Son;48,692377;-3,829497
202300045085;18;6;2023;14:45;1;84;84030;1;1;1;3;Route de Carpentras;44,088625;5,09425
202300045086;19;6;2023;18:40;1;58;58138;1;1;1;7;Les chaumettes;46,831198;3,101041
202300045087;19;6;2023;20:10;1;14;14020;2;1;1;6;2 Hameau du Fresne;49,133044;-0,163475
202300045088;19;6;2023;23:55;3;64;64263;1;1;1;6;RD 23 PK 7;43,445628;-0,83818
202300045089;19;6;2023;20:40;1;16;16222;1;1;1;1;D674;45,3387;0,072205
202300045090;20;6;2023;13:55;1;53;53137;1;3;1;3;D57;48,071527;-0,948097
202300045091;19;6;2023;16:40;1;4;4025;1;1;1;3;D908;44,152452;6,598406
202300045092;18;6;2023;12:15;1;4;4046;1;1;1;3;D12;44,023804;6,092219
202300045093;20;6;2023;10:20;1;85;85288;1;1;1;3;RD21;46,454925;-1,598013
202300045094;20;6;2023;07:58;1;37;37057;1;1;2;6;D50;47,06663363;0,79897642
202300045095;19;6;2023;16:10;1;30;30003;1;3;1;3;;43,5507;4,168019
202300045096;19;6;2023;14:08;1;30;30004;1;1;1;1;;43,726386;4,193242
202300045097;19;6;2023;19:05;1;52;52357;1;1;8;7;D427;48,413498;5,250081
202300045098;19;6;2023;19:20;1;88;88108;1;8;1;3;D164;47,961106;6,282147
202300045099;20;6;2023;11:30;1;42;42256;1;1;1;6;Route de Saint-Bonnet;45,471895;4,139523
202300045100;19;6;2023;18:15;1;69;69264;1;1;1;5;Autoroute 6;45,98398144;4,73691702
202300045101;18;6;2023;11:30;1;13;13051;1;1;1;2;A7 Pk 242+000 Sens S-N;43,589437;5,191426
202300045102;20;6;2023;15:15;1;973;97310;1;1;1;7;Route de Cacao;4,58128;-52,432884
202300045103;11;6;2023;22:30;3;971;97134;1;1;1;1;Route de Rachez Ongles;16,050257;-61,76254
202300045104;17;6;2023;12:30;1;37;37011;2;1;1;1;3 Rue Marcel Vignaud;47,212172;0,186048
202300045105;19;6;2023;16:57;1;2B;2B193;1;1;1;6;A Leccia di u Corbu;42,376633;9,189489
202300045106;19;6;2023;16:40;1;4;4226;1;1;1;7;D109 route de pra loup;44,364575;6,61826
202300045107;1;6;2023;12:36;1;13;13081;2;1;1;6;Avenue de la Plantade;43,484767;5,234497
202300045108;20;6;2023;09:10;1;13;13004;2;6;1;7;D570n;43,697817;4,645854
202300045109;19;6;2023;14:30;1;13;13060;1;2;1;3;D6c - chemin des Aigues Marines;43,47053;5,503804
202300045110;20;6;2023;16:20;1;57;57058;2;1;1;1;23 rue de la liberté;49,172359;6,929087
202300045111;18;6;2023;11:50;1;69;69094;1;1;1;7;Route du Col de la Luère;45,747316;4,648772
202300045112;19;6;2023;19:00;1;33;33412;1;1;1;3;rd 1215;45,26246;-0,905125
202300045113;19;6;2023;08:00;1;76;76753;1;1;1;5;D13;49,348891;1,163435
202300045114;19;6;2023;21:15;1;33;33080;1;1;1;3;;44,755252;-0,544334
202300045115;13;6;2023;18:00;1;33;33075;1;1;1;4;;44,889941;-0,610136
202300045116;13;6;2023;08:00;1;33;33143;1;1;1;2;AUTOROUTE A 10;44,96438;-0,440619
202300045117;19;6;2023;07:15;1;59;59143;1;1;1;6;AUTOROUTE A25;50,66598;2,88289
202300045118;17;6;2023;05:10;2;59;59605;1;1;1;2;AUTOROUTE A16;51,04223937;2,46824116
202300045119;8;6;2023;15:50;1;59;59410;1;1;1;4;ROUTE NATIONALE 356;50,64879722;3,09904235
202300045120;16;6;2023;19:41;1;59;59603;1;1;1;2;AUTOROUTE A2;50,3408;3,47381
202300045121;19;6;2023;19:10;1;91;91228;1;1;1;5;AUTOROUTE A6;48,62131;2,42325
202300045122;19;6;2023;09:45;1;92;92019;1;1;1;3;RN 385 Extèrieure;48,77263927;2,24280547
202300045123;19;6;2023;09:09;1;92;92026;1;1;1;7;RN192;48,88922696;2,24688395
202300045124;17;6;2023;19:13;1;92;92050;1;1;1;4;A86;48,8954056;2,1942053
202300045125;16;6;2023;09:18;1;78;78158;1;1;1;5;A13;48,833569;2,135392
202300045126;17;6;2023;17:20;1;93;93027;1;1;8;6;BDL;48,9267;2,40335