Num_Acc;jour;mois;an;hrmn;lum;dep;com;agg;int;atm;col;adr;lat;long
202300045127;16;6;2023;16:15;1;95;95678;1;1;1;3;N184;49,06427517;2,21383601
202300045128;16;6;2023;13:15;1;95;95500;1;1;1;2;A15;49,04149;2,08089
202300045129;14;6;2023;06:45;1;92;92078;1;1;1;6;AUTOROUTE A86;48,92750095;2,33291835
202300045130;13;6;2023;23:50;3;95;95488;1;1;1;6;A15;49,01802;2,14116
202300045131;18;6;2023;04:05;3;94;94033;1;1;2;6;A86;48,85862314;2,48692119
202300045132;15;6;2023;17:30;1;77;77337;1;1;1;6;RN104;48,827415;2,617369
202300045133;17;6;2023;09:50;1;95;95028;1;9;1;6;A16;49,067315;2,331934
202300045134;18;6;2023;17:48;1;54;54587;1;2;1;2;D904;48,493239;6,046305
202300045135;19;6;2023;01:00;3;1;1371;1;1;1;2;départementale 1083;45,956595;4,997191
202300045136;18;6;2023;20:30;1;17;17389;1;2;1;3;Lieu Dit Petit Pochebonne;45,842105;-0,85835
202300045137;19;6;2023;11:35;1;2;2756;1;1;1;6;Aire de repos;49,784326;3,334597
202300045138;18;6;2023;19:00;1;49;49092;1;9;1;1;Route de Bourgneuf en Mauges (Ste Christine);47,29467705;-0,8452177
202300045139;19;6;2023;11:05;1;28;28073;1;1;1;6;A11;48,490089;1,669418
202300045140;17;6;2023;01:00;4;972;97225;2;2;1;7;Rue Victor Hugo;14,741792;-61,175936
202300045141;19;6;2023;16:30;1;21;21584;1;1;1;4;D906;47,300049;4,212405
202300045142;16;6;2023;09:50;1;76;76462;1;1;1;2;A28;49,730388;1,460366
202300045143;18;6;2023;22:10;3;974;97414;2;1;1;1;avenue principale;-21,284246;55,404568
202300045144;17;6;2023;11:00;1;85;85013;1;1;1;1;RD23;46,918719;-1,1611912
202300045145;18;6;2023;18:40;1;21;21081;1;1;1;6;d10;47,373012;4,765491
202300045146;18;6;2023;20:15;2;30;30047;1;2;1;3;Chemin de Vauvert;43,796213;4,442441
202300045147;18;6;2023;02:20;3;51;51310;2;1;1;7;Rue de Saint Lie;49,212117;3,926116
202300045148;16;6;2023;02:00;3;76;76243;1;1;1;1;Route d?Ernemont;49,55406;1,36282
202300045149;17;6;2023;13:40;1;2B;2B277;1;1;1;2;RT 10 - FACE AU GARAGE ABATESCO;41,972374;9,398804
202300045150;19;6;2023;15:30;1;80;80718;1;1;1;6;RD 1001;49,94686;2,217044
202300045151;18;6;2023;18:20;1;55;55021;1;3;1;2;D23;49,027869;5,701271
202300045152;18;6;2023;16:35;1;55;55124;1;1;1;7;D19;49,304111;5,316208
202300045153;19;6;2023;14:45;1;55;55394;1;1;1;1;D24;49,263751;5,472511
202300045154;17;6;2023;17:15;1;55;55246;2;1;1;3;Rue de Biencourt;48,600615;5,33214
202300045155;19;6;2023;15:40;1;49;49018;1;1;1;6;RD766 PK 26+425;47,549486;-0,14558
202300045156;19;6;2023;06:42;2;12;12186;1;1;1;6;lieu-dit Fourès;43,81833553;2,59340286
202300045157;18;6;2023;16:15;1;42;42023;1;1;1;6;Route d’Annonay;45,299373;4,585719
202300045158;17;6;2023;14:00;1;86;86109;1;3;1;1;D67;46,891328;0,156512
202300045159;19;6;2023;11:58;1;34;34147;1;1;1;1;D909;43,492238;3,189662
202300045160;18;6;2023;23:50;3;25;25122;1;1;1;6;d 72;46,947977;6,180024
202300045161;18;6;2023;15:40;1;15;15108;1;1;7;1;D13;44,943896;3,150158
202300045162;19;6;2023;17:44;1;15;15118;2;1;2;1;RD 58;45,00006289;2,48421907
202300045163;9;6;2023;04:25;3;54;54416;1;1;1;6;Route d’Euvezin;48,930523;5,8191
202300045164;17;6;2023;12:40;1;6;6119;1;1;1;7;M2205;44,293015;6,901646
202300045165;16;6;2023;16:00;1;6;6035;1;1;1;3;3494 Route de Castellar;43,79588;7,496635
202300045166;18;6;2023;03:15;3;5;5142;1;1;1;6;PR 005+290 RN 85;44,77721452;5,98851268
202300045167;19;6;2023;04:00;3;50;50487;1;1;1;1;La Croisette (Saint-James);48,538421;-1,333798
202300045168;10;5;2023;19:30;1;83;83025;2;1;1;1;1151 Chemin du Gavelier;43,533145;5,936136
202300045169;19;6;2023;08:35;1;85;85146;1;1;1;7;RD93;47,023717;-1,3329911
202300045170;18;6;2023;19:45;2;30;30053;1;1;1;6;;43,995412;4,219372
202300045171;18;6;2023;20:53;2;48;48127;1;1;1;7;D806;44,658038;3,452764
202300045172;18;6;2023;22:30;4;34;34333;1;1;1;5;RD612;43,503233;3,790002
202300045173;18;6;2023;21:20;5;987;98715;2;1;1;1;Rue Nelson Mandela, Pamatai;-17,584;-149,56
202300045174;18;6;2023;08:55;1;51;51171;1;1;1;7;AUTOROUTE A26, PK 247.400 SENS CALAIS-REIMS;49,377455;3,946495
202300045175;11;6;2023;07:50;1;34;34203;1;1;1;4;N/A;43,408352;3,497429
202300045176;17;6;2023;06:30;2;27;27188;1;1;1;2;A13 PK 105+950 direction ROUEN;49,296248;1,121399
202300045177;17;6;2023;18:00;1;69;69097;1;1;1;7;La Fournachère;45,51644236;4,70870852
202300045178;18;6;2023;04:00;5;987;98714;1;1;1;6;Vairupe;-16,388;-151,765
202300045179;17;6;2023;21:40;2;77;77318;1;2;1;3;RD216/D20;48,792563;2,934857
202300045180;19;6;2023;09:35;1;2B;2B314;1;1;1;7;D81;42,662131;9,208174
202300045181;18;6;2023;21:30;2;34;34289;1;1;1;6;RD18;43,390508;3,400637
202300045182;17;6;2023;20:00;1;84;84016;1;1;1;6;Chemin de Causan;44,057631;4,907606
202300045183;17;6;2023;11:46;1;6;6141;1;1;1;7;Toudon;43,901762;7,085093
202300045184;15;6;2023;12:24;1;5;5065;1;1;1;7;RD902 lieu dit peyre haute;44,641208;6,662221
202300045185;18;6;2023;00:15;3;13;13048;1;1;1;1;D96;43,652876;5,610795
202300045186;19;6;2023;14:05;1;70;70310;1;1;1;2;D64;47,694014;6,508713
202300045187;17;6;2023;21:03;1;57;57058;2;1;1;6;Place de marché;49,170176;6,932572
202300045188;1;4;2023;07:45;1;73;73232;1;1;4;6;D902;45,54879245;6,90603339
202300045189;17;6;2023;20:06;1;38;38061;2;1;1;2;Route de Champ - Chabert;45,340525;5,616304
202300045190;18;6;2023;17:30;1;9;9282;1;1;1;3;D14;43,227753;1,603659
202300045191;2;5;2023;19:00;1;49;49301;1;2;1;3;D91;47,10879824;-0,99595785
202300045192;18;6;2023;07:30;1;29;29046;2;1;1;6;Rue Duguay Trouin;48,092121;-4,330866
202300045193;17;6;2023;11:45;1;60;60107;1;1;1;6;Rue des Charpentiers;49,363036;2,44294
202300045194;19;6;2023;12:26;1;60;60103;1;1;7;6;;49,410482;2,225832
202300045195;16;6;2023;18:15;1;59;59660;1;1;1;7;Rue de Sailly;50,63666048;3,22141886
202300045196;17;3;2023;20:45;3;73;73075;1;1;1;3;D925B;45,444416;6,06235
202300045197;13;3;2023;08:45;1;73;73162;1;1;1;5;D1090;45,607347;6,283159
202300045198;17;6;2023;12:40;1;94;94081;2;1;1;3;Rue Amédée Huon;48,80402173;2,38487944
202300045199;17;6;2023;16:00;1;94;94033;2;3;1;6;Rue Pierre Dulac;48,84788;2,46415
202300045200;16;6;2023;23:50;5;94;94033;2;5;1;3;Boulevard de Verdun;48,85368;2,46973
202300045201;17;6;2023;22:00;2;93;93073;2;2;1;3;Rue de Bourgogne / Avenue Roger Salengro;48,94496981;2,58574784
202300045202;17;6;2023;13:40;1;93;93073;1;9;1;2;Aeroport Charles de Gaulle;49,00318;2,56574
202300045203;17;6;2023;21:57;5;93;93055;2;1;1;3;Avenue Jean Lolive;48,89073491;2,40059316
202300045204;17;6;2023;05:15;2;93;93032;2;3;1;6;Rue Parmentier / Avenue Jean Jaurès;48,88379772;2,53135326
202300045205;17;6;2023;17:00;1;93;93079;2;1;1;6;Avenue Jean Jaurès;48,96409235;2,34861799
202300045206;17;6;2023;16:30;1;93;93029;2;2;1;6;Bd Paul Vaillant Couturier / Rue Anatole France;48,92336;2,44595
202300045207;17;6;2023;12:15;1;93;93057;2;1;1;1;Allée Jean-baptiste Clément;48,90711017;2,50608261
202300045208;17;6;2023;08:30;1;93;93010;2;1;1;2;Avenue Galliéni;48,9062762;2,48219473
202300045209;16;6;2023;15:30;1;92;92072;2;1;1;4;MANUFACTURE NATIONALE (PLACE DE LA);48,829089;2,224378
202300045210;16;6;2023;09:06;1;60;60284;2;6;1;7;Rue de la Croix Blanche;49,378294;2,652694
202300045211;17;6;2023;20:45;1;35;35219;1;1;8;1;les quatre vents;47,792032;-1,923401
202300045212;17;6;2023;12:30;1;24;24299;2;3;1;3;intersection avenue georges clémenceau/ rue du général de gaulle;45,036612;0,357732
202300045213;16;6;2023;22:15;3;62;62053;1;2;1;3;D58;50,60074939;2,13023179
202300045214;17;6;2023;17:05;1;91;91235;1;9;1;3;D445;48,627364;2,354738
202300045215;17;6;2023;16:16;1;26;26139;1;1;7;7;D608;45,077347;5,076746
202300045216;17;6;2023;07:05;2;17;17420;2;1;7;1;20 Rue de la Ragoterie;46,086582;-1,063303
202300045217;18;6;2023;10:15;1;54;54477;1;1;1;7;RD 952 ;49,02443587;5,90732932
202300045218;17;6;2023;10:10;1;30;30202;2;9;1;6;Rue de l'Elysée;44,2566;4,64427
202300045219;18;6;2023;17:20;1;95;95144;1;1;1;6;D9;49,066074;2,449543
202300045220;17;6;2023;20:15;1;51;51424;1;1;1;7;79 Grande Rue;49,020355;4,995453
202300045221;17;6;2023;09:00;1;19;19259;1;1;1;7;D41;45,015746;1,984228
202300045222;17;6;2023;07:30;2;56;56003;1;1;1;6;Chemin du Moulin;47,626496;-2,857448
202300045223;17;6;2023;21:31;2;80;80557;2;1;1;7;route nationale;49,877553;2,997143
202300045224;18;6;2023;14:50;1;82;82026;1;1;1;1;Peyreferrande;44,040805;1,672776
202300045225;17;6;2023;15:10;1;65;65428;1;1;1;1;D13;42,971524;-0,153932
202300045226;16;6;2023;20:50;1;81;81307;1;1;1;6;D612 avenue de castres;43,569734;2,295928
202300045227;18;6;2023;08:30;1;71;71196;1;1;1;6;Champ du Vernay;46,661572;5,36047
202300045228;18;6;2023;10:45;1;89;89194;1;1;1;7;;47,67013;3,98873
202300045229;17;6;2023;21:20;2;63;63448;1;1;1;6;Les moirats;45,522871;3,420546
202300045230;16;6;2023;18:00;1;49;49178;1;1;1;7;Rd 73;47,615855;-0,95742
202300045231;17;6;2023;03:34;5;49;49378;2;1;1;6;Rue Nationale;47,325731;-0,055801
202300045232;17;6;2023;12:30;1;46;46323;1;1;1;6;lieu dit le mas de goudou;44,58398;1,498958
202300045233;2;11;2023;09:00;2;69;69013;2;1;2;3;1209 Route de Chantegrillet;46,01061531;4,71971421
202300045234;1;11;2023;00:30;5;69;69259;2;2;1;3;Avenue Jean Cagne;45,69398;4,87502
202300045235;2;11;2023;18:20;5;67;67267;2;3;1;1;SCHUMAN (AVENUE);48,55893;7,69316
202300045236;2;11;2023;17:50;5;67;67218;2;1;1;2;STRASBOURG (AVENUE DE);48,54535;7,73814
202300045237;1;11;2023;17:40;2;67;67482;2;1;2;3;SCHIRMECK (ROUTE DE);48,57303;7,71712
202300045238;2;11;2023;18:45;5;65;65440;2;1;2;6;CARNOT (RUE);43,21956037;0,07083416
202300045239;2;11;2023;11:45;1;64;64445;2;1;3;6;DIDIER DAURAT;43,32827;-0,3795
202300045240;1;11;2023;19:48;5;64;64445;2;1;2;6;ALSACE LORRAINE D';43,30473;-0,36962
202300045241;2;11;2023;15:45;1;64;64024;2;1;3;3;BAB (BOULEVARD DU);43,49683;-1,49829
202300045242;28;10;2023;15:00;1;62;62041;2;2;1;3;Boulevard du Général de Gaulle;50,285462;2,767908
202300045243;9;10;2023;17:20;1;62;62753;2;3;1;3;D60;50,30686;2,802044
202300045244;2;11;2023;21:25;5;59;59512;2;1;3;6;GAMBETTA (BOULEVARD);50,69217;3,18396
202300045245;2;11;2023;05:45;3;59;59476;2;1;6;6;MARCOING (ROUTE DE);50,14473;3,21352
202300045246;2;11;2023;12:05;1;58;58194;2;3;3;3;PIERRE BEREGOVOY;46,99069;3,15905
202300045247;2;11;2023;14:10;1;56;56083;2;1;2;6;JACQUELINE AURIOL (RUE);47,79851;-3,2671
202300045248;1;11;2023;18:10;5;56;56121;2;1;3;3;SCORFF ( BD DU );47,76164;-3,36633
202300045249;1;11;2023;20:00;5;54;54257;2;2;1;1;RM 570;48,647577;6,182311
202300045250;2;11;2023;14:12;1;49;49246;2;1;6;6;A87;47,41611;-0,50593
202300045251;13;5;2023;01:00;3;7;7281;1;1;3;7;C.D. 533 (VERS LE PUY);44,93512;4,79215
202300045252;2;11;2023;19:15;3;44;44184;1;1;3;2;Route Bleue;47,2858;-2,258
202300045253;13;5;2023;07:30;1;6;6030;2;1;1;6;COLLINES (CHEMIN DES);43,58195;7,02663
202300045254;24;10;2023;09:55;1;38;38185;2;2;3;3;RUE DU 19 MARS 1962;45,18856;5,74455
202300045255;13;5;2023;16:10;1;75;75116;2;1;1;2;PORTE DAUPHINE;48,869171;2,270687
202300045256;2;11;2023;19:35;5;33;33063;2;1;3;6;Boulevard Godard;44,86346;-0,58186
202300045257;2;11;2023;10:50;1;33;33162;2;1;8;6;190 Avenue du Médoc;44,88740522;-0,64254463
202300045258;13;5;2023;12:57;1;75;75107;2;2;1;3;RUE DE L UNIVERSITE;48,861062;2,31326
202300045259;1;11;2023;16:31;1;33;33063;2;1;1;6;Allée de Boutaut;44,87587;-0,57675
202300045260;13;5;2023;04:35;5;75;75116;2;1;1;1;ROUTE DE LA MUETTE A NEUILLY;48,871768;2,264369
202300045261;2;11;2023;10:30;1;31;31069;2;1;1;6;PASTEUR (RUE);43,63435;1,39139
202300045262;13;5;2023;12:30;1;75;75120;2;3;1;2;AVENUE BENOIT FRACHON;48,852104;2,415714
202300045263;1;11;2023;17:55;2;30;30189;2;1;1;6;SAUVE (RUE);43,8373;4,3438
202300045264;13;5;2023;20:00;1;75;75119;2;3;1;6;ALLEE DARIUS MILHAUD;48,8864;2,393455
202300045265;13;5;2023;20:25;2;75;75118;2;1;1;2;RUE JEAN COCTEAU;48,899545;2,34871
202300045266;6;10;2023;19:55;5;30;30189;2;1;1;5;Avenue Kennedy;43,8213;4,324
202300045267;13;5;2023;20:00;1;75;75117;2;2;1;3;AVENUE DE WAGRAM;48,881514;2,300682
202300045268;1;11;2023;16:45;1;22;22113;2;3;1;6;FRERES LAGADEC (RUE DES);48,72486;-3,4725
202300045269;13;5;2023;15:03;1;75;75117;2;3;1;3;AVENUE DE CLICHY;48,88803;2,324617
202300045270;12;5;2023;12:00;1;75;75117;2;3;2;3;RUE DES MOINES;48,887757;2,318363
202300045271;1;11;2023;18:10;3;14;14366;2;3;8;6;16 Avenue Jean XXIII;49,14154;0,25243
202300045272;13;5;2023;10:50;1;75;75110;2;2;1;2;RUE DU FAUBOURG SAINT MARTIN;48,871772;2,35715
202300045273;2;11;2023;18:00;2;13;13054;2;4;2;2;D9 (BRETELLE);43,42355436;5,23092985
202300045274;13;5;2023;02:10;5;75;75110;2;3;1;1;BOULEVARD DE MAGENTA;48,876538;2,355835
202300045275;2;11;2023;22:05;5;13;13209;2;1;2;1;LUMINY (AVENUE DE);43,24336259;5,43804287
202300045276;13;5;2023;01:30;5;75;75110;2;2;1;3;BOULEVARD DE STRASBOURG;48,874812;2,357385
202300045277;2;11;2023;16:25;1;13;13210;2;3;1;3;CAPELETTE (AVENUE DE LA);43,28337921;5,40113561
202300045278;13;5;2023;04:35;5;75;75108;2;2;1;6;AVENUE DES CHAMPS ELYSEES;48,872355;2,299483
202300045279;2;11;2023;15:34;1;13;13204;2;1;8;1;FRANÇOISE DUPARC (BOULEVARD);43,30255;5,40031
202300045280;13;5;2023;21:50;5;75;75107;2;2;1;6;AVENUE DE TOURVILLE;48,854117;2,306315
202300045281;2;11;2023;07:15;1;13;13028;2;1;8;6;ROVARCH (AVENUE PIERRE);43,19413;5,617
202300045282;13;5;2023;16:40;1;75;75103;2;3;1;2;PLACE DE LA REPUBLIQUE;48,867027;2,363344
202300045283;2;11;2023;15:35;1;13;13001;2;3;2;3;PUY DU ROY (CH DU);43,55555;5,42183
202300045284;13;5;2023;14:00;1;75;75104;2;3;1;6;RUE DE RIVOLI;48,855241;2,361148
202300045285;2;11;2023;17:30;5;7;7102;2;1;8;2;Avenue Georges CLEMENCEAU;44,93189;4,87336
202300045286;13;5;2023;10:00;1;75;75102;2;2;1;6;RUE D ABOUKIR;48,869126;2,351567
202300045287;1;11;2023;13:54;1;6;6088;2;1;1;4;ANGLAIS (DU N° 265 AU N° 350);43,6753812;7,2277833
202300045288;12;5;2023;23:55;5;94;94028;2;9;1;1;Avenue du Général de Gaulle;48,791667;2,446185
202300045289;2;11;2023;06:30;5;6;6029;2;1;1;6;LATOUR MAUBOURG (RUE);43,54898;7,03063
202300045290;2;11;2023;13:25;1;75;75113;2;1;6;3;PORTE D ITALIE;48,81714;2,367469
202300045291;13;5;2023;12:15;1;94;94017;2;2;1;3;Avenue de Beauregard;48,81615;2,54813
202300045292;2;11;2023;10:30;1;75;75118;2;1;6;6;BOULEVARD DE LA CHAPELLE;48,884129;2,353233
202300045293;12;5;2023;22:30;5;93;93046;2;1;1;6;Avenue Winston Churchill;48,91377475;2,53690184
202300045294;13;5;2023;08:20;1;93;93027;2;3;1;3;Boulevard Pasteur / Avenue Victor Hugo;48,9243;2,38436
202300045295;2;11;2023;15:50;1;75;75116;2;3;1;6;AVENUE GEORGES MANDEL;48,864019;2,277527
202300045296;13;5;2023;12:45;1;93;93001;2;9;1;5;Avenue de la République;48,90894674;2,38687295
202300045297;1;11;2023;07:10;2;75;75116;2;3;1;2;AVENUE KLEBER;48,866117;2,289483
202300045298;31;10;2023;17:30;2;75;75116;2;1;1;1;ALLEE DU BORD DE L EAU;48,865256;2,230884
202300045299;13;5;2023;18:05;1;92;92051;2;3;1;3;BINEAU (BOULEVARD, N°133 A 217 ET 134 A;48,887549;2,278483
202300045300;1;11;2023;21:14;5;75;75113;2;3;1;7;BOULEVARD MASSENA;48,821505;2,369201
202300045301;12;5;2023;23:45;5;92;92051;2;1;1;4;GENERAL KOENIG (BOULEVARD DU);48,88461;2,25509
202300045302;2;11;2023;20:20;5;75;75109;2;3;1;6;RUE MANSART;48,882191;2,333599
202300045303;14;5;2023;12:45;1;60;60242;2;1;1;7;Route de Picardie;49,59524815;1,9560071
202300045304;13;5;2023;23:00;3;14;14531;1;1;1;6;Le Val;48,861549;-0,346633
202300045305;2;11;2023;18:00;5;75;75107;2;3;1;6;RUE DE BABYLONE;48,851769;2,317118
202300045306;13;5;2023;16:10;1;62;62743;2;2;1;1;D113;50,36639;2,043339
202300045307;14;5;2023;17:30;1;51;51497;1;1;1;1;D16;48,731045;4,804153
202300045308;13;5;2023;21:00;1;71;71214;1;1;1;7;D33;46,64786;4,55761
202300045309;2;11;2023;14:05;1;75;75102;2;2;1;1;RUE MONTMARTRE;48,8669;2,344186
202300045310;14;5;2023;14:00;1;41;41032;2;1;1;3;Rue des Allets;47,526739;1,310549
202300045311;2;11;2023;09:44;1;75;75104;2;3;2;3;BOULEVARD DE SEBASTOPOL;48,85873;2,348357
202300045312;2;11;2023;08:45;1;94;94046;2;3;1;3;Rue Cécile;48,8074;2,4422
202300045313;14;5;2023;00:55;3;33;33205;1;2;1;3;D11;44,626193;-0,369349
202300045314;1;11;2023;14:40;1;94;94041;2;1;2;6;102 Avenue Georges Gosnat;48,811404;2,384102
202300045315;12;5;2023;05:00;3;67;67115;1;1;1;7;D321;48,291303;7,503104
202300045316;1;11;2023;06:40;5;94;94065;2;1;1;3;Avenue Charles Lindbergh;48,75192;2,35291
202300045317;14;5;2023;02:50;3;51;51217;2;1;1;6;D3;49,082939;3,654376
202300045318;2;11;2023;18:30;5;94;94073;2;9;1;6;Rue des Alouettes;48,7526;2,37448
202300045319;2;11;2023;17:00;1;93;93031;2;1;1;6;Avenue de la Marne;48,95359307;2,32724937
202300045320;14;5;2023;10:35;1;974;97410;2;9;1;6;Route nationale 2;-21,080811;55,74568
202300045321;2;11;2023;20:55;5;93;93029;2;1;2;2;Avenue Henri Barbusse;48,92079121;2,45329372
202300045322;14;5;2023;19:00;1;6;6046;2;4;1;3;Route de la Manda;43,764268;7,215335
202300045323;1;11;2023;19:40;5;93;93047;2;4;1;6;Avenue Daguerre / Avenue Descartes;48,90957;2,58497
202300045324;14;5;2023;15:00;1;50;50099;1;1;1;7;PK 005.300;49,305413;-1,211092
202300045325;2;11;2023;07:50;1;93;93057;2;1;6;7;FRANCE (AL. ANATOLE);48,89686;2,50096
202300045326;2;11;2023;07:00;2;92;92050;2;1;6;3;MARTIN HENRI AVENUE;48,89277507;2,18752876
202300045327;2;11;2023;18:00;5;92;92024;2;1;6;6;GENERAL ROGUET (RUE DU) DE (1 A 57)   (2;48,9083;2,31293
202300045328;13;5;2023;18:40;1;50;50270;1;1;1;4;D 2, PK 002+000;49,491211;-1,465023
202300045329;3;11;2023;16:50;1;26;26139;2;1;8;6;Rue Pierre Charles Messance;45,088316;5,079203
202300045330;2;11;2023;18:30;3;45;45239;1;1;8;7;D42 PR 11 + 268;47,912905;2,648928
202300045331;12;5;2023;18:15;1;56;56193;2;3;1;1;Rue de Laubriere;47,717154;-3,314255
202300045332;3;11;2023;15:45;1;76;76624;2;1;1;6;124 Rue du Thil;49,8799;1,20857
202300045333;14;5;2023;06:14;2;82;82124;1;1;1;6;1513 Route de Castelsarrasin;44,017673;1,302933
202300045334;21;10;2023;19:45;3;85;85209;1;1;2;1;RD 14;46,519717;-1,022373
202300045335;2;11;2023;23:45;3;83;83004;1;1;2;6;D 555;43,478958;6,481891
202300045336;14;5;2023;14:52;1;71;71580;2;3;1;3;841 Chemin du Bas;46,659996;5,24507
202300045337;13;5;2023;16:30;1;61;61404;2;1;1;7;D205;48,566327;0,53252
202300045338;31;10;2023;16:50;1;11;11012;2;2;1;3;33 Avenue Pierre de Coubertin;43,307889;2,904647
202300045339;2;11;2023;16:25;1;21;21642;1;1;1;1;Autoroute A6, pk 222.700;47,48996177;4,13751986
202300045340;13;5;2023;15:55;1;61;61243;1;3;1;2;D908;48,586008;-0,330088
202300045341;2;11;2023;19:15;3;50;50214;1;1;4;2;A84;48,915357;-1,092389
202300045342;1;11;2023;13:25;1;51;51354;1;1;6;7;D79;48,90103;4,521357
202300045343;14;5;2023;17:10;1;61;61278;2;3;1;6;D43 PR 3 +720;48,711494;-0,540513
202300045344;2;11;2023;22:25;3;65;65054;1;1;2;6;D929A;43,07383413;0,36161936
202300045345;2;11;2023;10:30;1;65;65375;1;2;3;3;D5;43,372878;0,15383
202300045346;13;5;2023;15:05;1;22;22158;1;4;1;1;N164;48,20014;-2,89033
202300045347;27;10;2023;18:30;5;69;69168;2;3;2;2;Quai Pierre Dupont;45,84482;4,835162
202300045348;14;5;2023;07:55;1;25;25222;1;2;1;3;N57;47,144496;6,269728
202300045349;28;10;2023;15:00;1;11;11105;1;3;1;3;CD 118;43,039371;2,242879
202300045350;2;11;2023;15:45;1;71;71543;2;2;3;3;Rue Eugène Gentil;46,555459;4,903518
202300045351;3;11;2023;17:45;3;89;89423;1;1;1;1;N/A;47,9277;3,9221
202300045352;12;5;2023;11:15;1;44;44151;1;2;1;3;1 Route de Saint-Denac;47,32512;-2,332047
202300045353;13;5;2023;18:45;1;44;44006;1;1;1;1;Le Pont de Fer;47,463329;-2,425784
202300045354;2;11;2023;18:10;3;55;55007;1;1;1;3;D964;49,021521;5,446699
202300045355;1;11;2023;11:50;1;46;46153;1;1;2;6;RD 820;44,854348;1,477232
202300045356;4;5;2023;20:15;2;38;38408;2;1;1;1;Route du Corbet;45,59714;4,996646
202300045357;3;11;2023;16:50;3;39;39027;1;1;2;1;N/A;46,561442;5,501533
202300045358;13;5;2023;14:40;1;2;2807;1;1;1;5;N/A;49,643944;3,208269
202300045359;2;11;2023;18:00;5;2;2095;2;1;3;6;5 Rue Paulin Pecqueux;49,988284;3,452228
202300045360;2;11;2023;14:00;1;3;3170;1;1;2;6;D73;46,52318;3,103402
202300045361;13;5;2023;16:49;1;15;15120;2;1;1;4;RD 922;45,215955;2,345216
202300045362;13;5;2023;22:55;3;1;1133;1;6;8;7;D992;45,782706;5,769196
202300045363;2;11;2023;17:40;3;70;70575;1;1;9;2;D15b;47,336103;6,016098
202300045364;2;11;2023;06:30;3;45;45188;1;6;6;6;D2152 PR 50 + 301;47,973763;2,052577
202300045365;14;5;2023;16:20;1;66;66052;1;1;1;3;N/A;42,605038;2,417217
202300045366;14;5;2023;01:50;3;50;50079;1;3;1;3;Route de Bricquebec;49,542964;-1,674128
202300045367;27;10;2023;16:50;1;16;16286;1;2;3;3;D736 - Chateau de Lignères;45,806711;-0,052378
202300045368;3;11;2023;20:20;3;24;24019;1;1;2;6;Avenue de la plaine;45,152627;1,135454
202300045369;2;11;2023;10:00;1;24;24026;1;9;2;1;D5;45,193349;0,887146
202300045370;13;5;2023;22:55;3;18;18134;2;4;1;6;33 Rue du Chambord;47,125042;2,058086
202300045371;13;5;2023;07:30;2;18;18211;1;1;8;7;N/A;47,185921;2,399464
202300045372;3;11;2023;18:30;3;85;85288;1;1;3;4;RD949;46,47643;-1,66258
202300045373;14;5;2023;09:45;1;36;36069;1;1;5;3;Cloue;47,06384338;1,39408357
202300045374;2;11;2023;14:18;1;52;52287;1;3;2;3;D131;48,14233;5,556056
202300045375;14;5;2023;17:45;1;37;37165;1;1;1;6;D57;47,203432;0,512002
202300045376;3;11;2023;18:20;3;68;68375;1;1;1;1;D2;47,815431;7,24602
202300045377;13;5;2023;18:35;1;95;95394;2;1;1;6;48 PONTOISE (CHEMIN DE);49,059006;2,171452
202300045378;2;11;2023;16:15;1;34;34247;1;1;7;6;Campus de Bissy (Arrêt de bus);43,655709;3,836487
202300045379;13;5;2023;21:45;2;978;97801;1;1;1;1;R FRANKLIN LAURENCE;18,098783;-63,050091
202300045380;2;11;2023;19:51;3;49;49222;1;1;2;6;A 87 pk 005+800;47,364699;-0,572748
202300045381;13;5;2023;13:37;1;69;69244;2;6;1;3;Porte du Valvert;45,77016905;4,78770933
202300045382;2;11;2023;11:51;1;974;97415;1;1;1;4;N1a;-21,056127;55,226727
202300045383;3;11;2023;13:46;1;973;97311;2;1;1;3;42 Avenue Félix Eboué;5,499949;-54,03074
202300045384;13;5;2023;05:30;3;974;97415;1;1;1;3;RN1A - PK32;-21,019037;55,235245
202300045385;1;11;2023;07:40;1;971;97116;1;1;1;3;Jabrun Saint Cyr;16,31565;-61,443771
202300045386;13;5;2023;09:45;1;41;41207;2;3;1;7;3bis Rue Nationale;47,657232;1,494991
202300045387;13;5;2023;16:58;1;95;95102;1;1;1;6;D22;49,15691;2,047148
202300045388;3;11;2023;09:45;1;13;13088;2;4;2;3;D568;43,366358;5,263419
202300045389;14;5;2023;07:20;2;78;78160;2;1;8;7;Route de la Brosse;48,717052;2,03113
202300045390;3;11;2023;10:20;1;48;48004;1;1;1;6;Lieu dit Combret;44,464297;3,885818
202300045391;13;5;2023;18:00;1;30;30090;1;1;1;1;D51;44,385863;3,981214
202300045392;13;5;2023;13:00;1;83;83138;2;1;1;6;Route Rd 19;43,617662;6,709337
202300045393;3;11;2023;16:00;1;83;83115;1;1;1;1;D25;43,36050493;6,60032135
202300045394;13;5;2023;10:10;1;13;13100;1;1;1;1;CD 30;43,802277;4,860334