Num_Acc;jour;mois;an;hrmn;lum;dep;com;agg;int;atm;col;adr;lat;long
202300045395;31;10;2023;18:50;3;6;6157;2;1;2;6;Chemin des Gardettes;43,711196;7,105043
202300045396;28;4;2023;05:40;2;68;68163;1;1;3;7;Route du Sipes;47,682653;7,511634
202300045397;2;11;2023;07:11;2;4;4197;1;1;2;6;D4096;43,772376;5,765381
202300045398;2;11;2023;09:45;1;13;13066;1;9;3;1;D28;43,885614;4,891974
202300045399;12;5;2023;17:15;1;73;73249;1;3;1;3;rd 1006;45,528129;5,992661
202300045400;31;10;2023;15:15;1;57;57031;2;1;1;7;Rue Principale;49,091131;6,264696
202300045401;13;5;2023;18:00;1;42;42094;2;3;2;3;Rue du 8 mai;45,745089;4,22273
202300045402;30;10;2023;18:05;3;1;1424;1;2;2;3;Route de la Boisse;45,874862;4,975927
202300045403;13;5;2023;20:45;2;33;33487;1;1;1;7;Avenue Paul Princeteau -Rd 10;44,970734;-0,477927
202300045404;19;10;2023;15:45;1;59;59268;2;1;1;3;106 rue jean mermoz;50,626727;2,72984
202300045405;14;5;2023;18:00;1;60;60581;2;1;1;6;Rue du Marais;49,499314;2,438876
202300045406;3;11;2023;07:50;1;59;59592;1;3;8;3;ROUTE DE MONCHEAUX;50,464908;3,07592
202300045407;2;11;2023;15:00;1;94;94038;1;1;1;2;A6B;48,78814065;2,3444426
202300045408;14;5;2023;08:30;1;80;80204;1;1;8;2;Autoroute A1 PK 137+800;50,009201;2,877045
202300045409;2;11;2023;17:45;2;93;93063;1;1;6;3;AUTOROUTE A3;48,87528738;2,44004158
202300045410;13;5;2023;21:30;3;62;62793;1;1;1;6;D57;50,414288;2,634401
202300045411;2;11;2023;15:30;1;93;93010;1;1;1;3;AUTOROUTE A3;48,91454975;2,47732254
202300045412;14;5;2023;06:12;1;59;59158;2;1;1;6;844 Rue des Ramoniers;50,446188;3,177579
202300045413;2;1;2023;15:30;1;93;93010;1;1;1;6;AUTOROUTE A3;48,91454975;2,47732254
202300045414;15;4;2023;18:15;1;13;13019;1;1;1;6;A51-Sens Aix en Provence vers Marseille;43,426893;5,38133
202300045415;2;11;2023;06:05;3;95;95424;1;1;6;5;A15;48,99151;2,19085
202300045416;5;5;2023;07:45;1;69;69199;1;1;1;3;Autoroute 7 ;45,68399;4,84704
202300045417;13;5;2023;16:00;1;91;91179;1;1;1;7;AUTOROUTE A6;48,55993;2,4843
202300045418;13;5;2023;01:40;3;92;92064;1;1;1;2;A13;48,83887386;2,1936047
202300045419;1;11;2023;23:00;3;93;93008;1;1;2;5;N186;48,90551;2,46138
202300045420;12;5;2023;12:30;1;92;92072;1;1;1;6;N118;48,82701466;2,2242259
202300045421;1;11;2023;19:00;3;92;92078;1;1;1;2;AUTOROUTE A86;48,92990824;2,32700212
202300045422;13;5;2023;01:20;3;95;95241;1;1;1;3;N104;49,05498;2,42402
202300045423;1;11;2023;16:00;1;93;93027;1;1;8;1;AUTOROUTE A16;48,92788;2,40351
202300045424;12;5;2023;23:00;3;95;95060;1;1;1;2;A115;49,03492;2,19666
202300045425;2;11;2023;19:30;3;94;94069;1;1;1;4;A4;48,81737184;2,4349508
202300045426;12;5;2023;17:05;1;95;95582;1;1;1;5;A15;48,96694425;2,25535154
202300045427;1;11;2023;11:50;1;94;94033;1;1;2;4;A86;48,85202343;2,48970428
202300045428;12;5;2023;13:50;1;93;93053;1;1;8;7;AUTOROUTE A103;48,88757;2,47287
202300045429;23;7;2023;11:30;1;5;5153;1;1;1;7;RD143;44,68378501;6,1599367
202300045430;12;5;2023;20:15;1;94;94073;1;1;1;2;A86;48,7631492;2,38096972
202300045431;12;5;2023;10:40;1;75;75102;2;4;2;1;PLACE DE L OPERA;48,87061713;2,33207881
202300045432;1;11;2023;17:30;1;974;97416;1;1;1;4;RN1 (ROUTE NATIONALE);-21,303;55,4266
202300045433;9;5;2023;15:15;1;13;13108;2;1;3;6;HALLES (RUE);43,8044;4,65665
202300045434;1;11;2023;05:00;5;973;97302;2;1;1;7;PASTEUR (AVENUE LOUIS);4,94347;-52,32377
202300045435;31;10;2023;23:35;5;973;97302;1;9;1;7;MARINGOUINS (ROND-POINT);4,90761173;-52,32265323
202300045436;1;11;2023;12:10;1;972;97213;2;1;1;1;BOIS D'INDE (CITE);14,62460894;-61,01005918
202300045437;1;11;2023;19:55;5;69;69382;2;1;1;6;Cours de Verdun Perrache;45,74877;4,82797
202300045438;12;5;2023;11:30;1;974;97416;2;1;1;6;MAHY (RUE FRANCOIS DE);-21,34142;55,475
202300045439;31;10;2023;19:14;5;971;97113;1;1;1;1;SECTEUR DAMPIERRE;16,20861001;-61,46941781
202300045440;12;5;2023;07:40;1;974;97411;2;2;1;6;NICE (RUE DE);-20,87366;55,4485
202300045441;1;11;2023;13:20;1;91;91689;1;1;2;1;RD 118;48,71452;2,33183
202300045442;12;5;2023;19:20;3;973;97302;2;6;1;1;KET TAI (CARREFOUR);4,93707509;-52,32599562
202300045443;12;5;2023;14:50;1;973;97302;2;1;1;2;CABASSOU (ROUTE DE);4,91938;-52,31809
202300045444;1;11;2023;14:30;1;91;91687;2;1;3;1;DUPARCHY (RUE);48,670441;2,365602
202300045445;12;5;2023;01:10;5;973;97302;2;1;1;6;GRANT (CITE);4,94433219;-52,30969012
202300045446;1;11;2023;19:05;5;89;89387;2;1;1;7;PAUL ELUARD (RUE);48,19165;3,31034
202300045447;12;5;2023;11:45;1;69;69387;2;1;1;6;Rue Chevreul;45,7495;4,83757
202300045448;12;5;2023;09:55;1;69;69387;2;3;1;3;Avenue Leclerc;45,73469;4,82366
202300045449;1;11;2023;19:10;3;77;77350;2;6;1;7;D354;48,76093;2,66275
202300045450;12;5;2023;14:15;1;972;97209;2;1;1;1;BALATA (ROUTE DE);14,62570432;-61,07243425
202300045451;12;5;2023;14:20;1;69;69034;2;4;1;1;Boulevard Paul Doumer;45,7922;4,83579
202300045452;2;11;2023;00:15;5;76;76231;2;2;2;3;Rue Boucher de Perthes;49,29089;0,99979
202300045453;11;5;2023;11:35;1;971;97101;1;1;8;6;Pont de BLANCHARD;16,22577;-61,52407
202300045454;31;10;2023;21:00;3;76;76576;1;1;2;5;D6015;49,5537;0,44804
202300045455;11;5;2023;07:50;1;971;97101;2;1;2;4;ROUTE DE BOISVINS;16,26543;-61,48091
202300045456;12;5;2023;09:30;1;83;83137;2;1;1;3;MATISSE (RUE / IMP HENRI);43,12903;5,98361
202300045457;31;10;2023;10:00;1;68;68166;2;2;1;1;GUEBWILLER (RUE DE);47,79373;7,31539
202300045458;11;5;2023;09:18;1;83;83129;2;1;1;2;ECOLES (BD DES);43,10809;5,81407
202300045459;1;11;2023;22:30;5;63;63113;2;1;8;3;FLAUBERT (BD GUSTAVE);45,77133459;3,12212348
202300045460;11;5;2023;10:10;1;83;83069;2;3;1;3;MASSEL (RUE JULES);43,11815;6,11913
202300045461;1;11;2023;14:20;1;62;62193;2;6;3;6;D940;50,9411;1,83832
202300045462;1;11;2023;12:00;1;60;60057;1;1;2;6;Rue de Crevecoeur;49,45732014;2,07505121
202300045463;11;5;2023;12:10;1;82;82121;2;3;1;3;MOULIN (avenue jean );44,02436;1,36403
202300045464;1;11;2023;18:45;5;38;38421;2;1;2;6;AVENUE GABRIEL PÉRI;45,185;5,76385
202300045465;12;5;2023;12:15;1;78;78146;2;2;2;3;MAURICE DE VLAMINCK (RUE);48,902494;2,151808
202300045466;1;11;2023;15:15;2;38;38151;2;1;2;6;COURS JEAN JAURÈS;45,15159;5,70629
202300045467;11;5;2023;16:00;1;78;78481;2;1;1;6;JEAN JAURES (AVENUE);48,8978;2,1115
202300045468;1;11;2023;03:15;3;38;38169;2;1;1;6;AVENUE ARISTIDE BRIAND;45,18987319;5,69177504
202300045469;12;5;2023;09:15;1;78;78498;2;3;1;6;MALADRERIE AV DE LA;48,918141;2,02653
202300045470;1;11;2023;04:30;5;37;37261;2;1;1;4;GRAMMONT (AVENUE DE);47,38217;0,69232
202300045471;12;5;2023;08:00;1;77;77186;1;6;1;2;RD 142 ;48,430637;2,66139
202300045472;1;11;2023;18:50;5;35;35281;2;1;2;6;MERMOZ (BOULEVARD JEAN);48,0955;-1,69536
202300045473;12;5;2023;23:25;3;76;76231;2;6;1;6;Rue de Rouen;49,29694;0,99486
202300045474;1;11;2023;14:10;1;34;34172;2;1;8;3;ACCONIERS (RUE DES);43,59555;3,89676
202300045475;12;5;2023;11:15;1;72;72181;2;1;1;3;MONIER FRANCOIS (RUE);47,95546;0,18276
202300045476;12;5;2023;07:55;1;72;72181;2;9;1;2;LEFAUCHEUX PIERRE (BD);47,96281;0,17698
202300045477;1;11;2023;19:15;5;33;33039;2;2;2;3;Avenue Jeanne d'Arc;44,79843;-0,54151
202300045478;11;5;2023;16:00;1;72;72181;2;9;1;6;KLOTZ HENRI-PIERRE (AV);48,01871;0,17328
202300045479;11;5;2023;11:05;1;72;72181;2;1;1;6;FALCONET ETIENNE (RUE);47,96154;0,21403
202300045480;1;11;2023;09:25;1;33;33063;2;1;1;2;Rue de la Pelouse de Douet;44,82879;-0,61006
202300045481;6;5;2023;15:30;1;71;71270;2;1;1;2;Carrefour Europe - Av Edouard Herriot;46,29929;4,82777
202300045482;1;11;2023;07:10;3;33;33522;2;9;2;6;Cours de la Libération;44,80014;-0,5966
202300045483;12;5;2023;10:45;1;67;67482;2;1;1;6;PETIT RHIN (ROUTE DU);48,57152;7,78533
202300045484;1;11;2023;12:35;1;33;33009;2;1;8;6;GAMBETTA (AVE) DU 30 ET +;44,65855218;-1,168212
202300045485;12;5;2023;12:10;1;67;67482;2;1;2;6;LANGEVIN (RUE);48,60354;7,71468
202300045486;1;11;2023;20:20;3;26;26198;2;1;1;6;Avenue John Fitzgerald Kennedy;44,55416874;4,74010706
202300045487;10;5;2023;17:53;1;66;66136;2;3;1;6;N/A;42,68003;2,90354
202300045488;1;11;2023;06:50;2;13;13209;2;9;1;3;CATHERINE BLUM (BOULEVARD);43,26388;5,41841
202300045489;12;5;2023;22:10;5;64;64102;2;6;2;3;PIECE NOYEE (ROND POINT DE LA);43,49905;-1,4813
202300045490;12;5;2023;09:45;1;64;64102;2;1;1;6;ARITXAGUE (BD D');43,4886;-1,49147
202300045491;1;11;2023;12:20;1;13;13001;1;1;1;2;GALICE (RTE DE);43,52554213;5,39913001
202300045492;11;5;2023;17:52;1;64;64102;2;3;1;3;SOULT (AVENUE MARECHAL);43,48361;-1,50088
202300045493;1;11;2023;18:40;5;75;75105;2;3;1;6;BOULEVARD SAINT MICHEL;48,842493;2,338188
202300045494;12;5;2023;08:50;1;62;62480;2;1;3;6;Rue Cugnot;50,48446;2,68085
202300045495;19;4;2023;12:45;1;61;61391;1;1;1;7;D924;48,777;-0,578
202300045496;1;11;2023;02:00;5;75;75105;2;3;1;2;BOULEVARD SAINT MICHEL;48,842501;2,338189
202300045497;11;5;2023;08:10;1;57;57012;2;1;1;6;CLEMENCEAU (RUE);49,35835;6,04792
202300045498;12;5;2023;14:15;1;54;54395;2;2;1;6;Rue Jeanne d'Arc;48,68933;6,16979
202300045499;1;11;2023;08:45;1;75;75117;2;2;1;6;AVENUE DE CLICHY;48,890269;2,32077
202300045500;12;5;2023;03:10;5;54;54547;2;1;2;6;Avenue Paul Muller;48,656462;6,127267
202300045501;12;5;2023;02:00;5;54;54395;2;1;8;6;LIBERATION (AVENUE DE LA);48,696394;6,150602
202300045502;1;11;2023;18:05;5;75;75116;2;4;1;3;RUE D AUTEUIL;48,848116;2,264346
202300045503;12;5;2023;23:25;5;51;51454;2;1;1;7;boulevard Albert 1er;49,266146;4,010195
202300045504;12;5;2023;18:35;1;51;51454;2;3;1;7;avenue Edmond Michelet;49,2230957;4,03099
202300045505;1;11;2023;00:50;5;75;75116;2;1;1;2;AVENUE DE NEW YORK;48,862559;2,294154
202300045506;12;5;2023;08:10;1;51;51454;2;1;3;3;boulevard des Belges;49,27531;4,0188
202300045507;1;11;2023;22:25;5;75;75112;2;3;1;6;RUE DU FAUBOURG SAINT ANTOINE;48,849676;2,387312
202300045508;12;5;2023;01:45;5;50;50129;2;2;1;3;CONQUERANT (BOULEVARD GUILLAUME LE);49,64218;-1,63693
202300045509;31;10;2023;23:30;5;75;75108;2;2;1;3;AVENUE MATIGNON;48,871761;2,314194
202300045510;11;5;2023;21:20;2;50;50129;2;2;1;3;SCHUMAN (BOULEVARD ROBERT);49,63815;-1,62515
202300045511;1;11;2023;21:30;5;94;94058;2;1;2;2;Quai de l'Artois;48,83029;2,513138
202300045512;12;5;2023;19:15;1;49;49007;2;2;1;3;BEDIER BOULEVARD;47,45056;-0,55279
202300045513;1;11;2023;21:30;5;93;93059;2;1;1;3;Rue Pierre Curie;48,95628296;2,36337508
202300045514;12;5;2023;08:50;1;49;49007;2;1;1;2;VOIE DES BERGES;47,47148681;-0,55957586
202300045515;1;11;2023;14:50;1;93;93066;2;3;2;6;Avenue Jules Rimet / Rue de l'Olympisme;48,924654;2,362579
202300045516;11;5;2023;14:15;1;49;49246;2;1;1;1;GAULLE RUE CHARLES DE;47,42364;-0,52434
202300045517;1;11;2023;09:45;1;93;93066;2;4;8;3;Boulevard de la Libération / Rue Charles Michels;48,92746;2,34161
202300045518;12;5;2023;13:05;1;37;37214;2;1;1;3;D938;47,42904;0,65039
202300045519;1;11;2023;18:45;5;93;93064;2;5;1;6;Avenue du Général de Gaulle / Boulevard Gabriel Péri;48,87728117;2,47999327
202300045520;4;5;2023;17:10;1;35;35288;2;1;1;1;JEAN XXIII (RUE);48,634015;-2,016208
202300045521;1;11;2023;08:55;1;93;93051;2;1;1;6;Boulevard du Ru de Nesles;48,83642;2,58248
202300045522;12;5;2023;11:30;1;35;35115;2;6;1;3;GROSLAY (BD DE JUSQU'AU N°23);48,35264;-1,18618
202300045523;1;11;2023;08:05;1;93;93048;2;2;1;3;Rue Robespierre / Rue Cuvier;48,85104;2,42451
202300045524;12;5;2023;06:00;2;33;33550;2;1;1;1;Avenue des Pyrénées;44,77913;-0,56625
202300045525;1;11;2023;12:04;1;93;93045;2;2;2;3;Rue des Bruyères / Rue de Romainville;48,87685;2,41433
202300045526;12;5;2023;16:00;1;33;33009;2;3;1;2;LIBERATION (AVE);44,65506;-1,15879
202300045527;1;11;2023;20:28;5;93;93079;2;3;1;6;Rue de l'Université / Rue du 19 Mars 1962;48,95895;2,34213
202300045528;12;5;2023;18:30;2;31;31344;1;1;2;2;POINTIS INARD (ROUTE DE);43,09721;0,77086
202300045529;1;11;2023;09:56;1;93;93027;1;1;1;6;Avenue Waldeck Rochet;48,93799017;2,40479568
202300045530;12;5;2023;07:50;1;31;31483;2;2;2;1;BOYER (RUE DU GENERAL);43,10117;0,7302
202300045531;31;10;2023;20:35;5;92;92046;2;2;1;6;CAMELINAT;48,813;2,29873
202300045532;5;5;2023;00:10;3;30;30028;1;9;1;6;EUZEBY (AVENUE ERNEST);44,16;4,61
202300045533;31;10;2023;18:40;5;92;92075;2;1;1;2;PAIX (AVENUE DE LA);48,81541966;2,27706707
202300045534;12;5;2023;20:05;1;29;29019;2;1;7;6;avenue de Provence;48,40758;-4,51505
202300045535;1;11;2023;15:10;1;92;92033;2;1;1;6;HENRI REGNAULT;48,8487959;2,19062895
202300045536;12;5;2023;12:45;1;27;27681;2;1;1;2;JAURES (BOULEVARD JAURES);49,09507;1,46668
202300045537;1;11;2023;04:10;5;92;92051;2;2;1;3;MAURICE BARRES (BOULEVARD);48,8789015;2,27076387
202300045538;11;5;2023;17:45;1;27;27299;2;2;1;2;BRIAND (AVENUE ARISTIDE);49,04142;1,1592
202300045539;31;10;2023;18:45;5;92;92051;1;9;2;3;BOURDON (BOULEVARD);48,89658479;2,27276623
202300045540;12;5;2023;16:30;1;25;25204;1;3;2;3;Route Départementale 437;46,93231016;6,3661871
202300045541;1;11;2023;19:30;5;92;92048;2;3;1;3;ROBERT SCHUMAN (AVENUE);48,78901406;2,23387465
202300045542;12;5;2023;12:10;1;25;25056;2;2;1;1;OBSERVATOIRE AVENUE DE L';47,246179;5,999043
202300045543;1;11;2023;20:55;4;92;92023;2;1;1;6;GARDE (PLACE DU) S101;48,80326;2,25684
202300045544;6;5;2023;23:30;3;19;19031;2;1;1;3;RIVET (AVENUE JEAN CHARLES);45,15118;1,50055
202300045545;6;5;2023;16:05;1;19;19031;2;2;1;3;DUMAITRE (RUE JEAN);45,15527;1,54838
202300045546;18;10;2023;19:15;3;83;83019;1;1;1;1;D98;43,199216;6,394451
202300045547;12;5;2023;20:15;1;13;13207;2;1;1;3;RIVE NEUVE (QUAI);43,29259641;5,36731482
202300045548;1;11;2023;12:05;1;36;36006;1;1;2;7;N/A;46,56317828;1,50554538
202300045549;12;5;2023;15:00;1;13;13212;2;1;1;6;FELIBRES (AVENUE DES);43,31156218;5,42576734
202300045550;2;11;2023;18:10;3;83;83140;1;1;2;6;Rdn 7- Saint Maximin;43,409179;5,947579
202300045551;2;11;2023;10:00;1;59;59182;1;1;3;7;1886 Loowegh Straete;50,911811;2,33268
202300045552;12;5;2023;13:40;1;13;13203;2;3;1;3;MIRES (RUE);43,31134;5,37048
202300045553;2;11;2023;15:50;1;82;82094;2;9;2;1;Lauzerte;44,261859;1,146542
202300045554;12;5;2023;12:30;1;13;13214;2;1;1;1;SAINT JOSEPH (CHEMIN DE);43,34869846;5,37608206
202300045555;31;10;2023;17:18;2;82;82087;1;3;8;2;D927;44,118749;1,248472
202300045556;12;5;2023;09:00;1;13;13212;2;1;1;1;TROIS LUCS A LA VALENTINE (ROUTE);43,30205;5,47637
202300045557;2;11;2023;14:45;1;65;65292;1;1;2;7;Cami de Marque-darré;43,266663;-0,125039
202300045558;12;5;2023;09:21;1;10;10081;2;6;2;2;Boulevard de l’Ouest;48,30500654;4,02689695
202300045559;1;11;2023;14:45;1;32;32301;1;1;1;7;Chemin de Bianne;43,661991;0,466388
202300045560;11;5;2023;07:47;1;10;10325;2;1;1;6;Rue Marie Curie;48,27086388;4,07393485
202300045561;1;11;2023;11:25;1;11;11418;1;2;1;3;CD218;43,235339;2,035925
202300045562;1;5;2023;11:22;1;10;10265;2;1;1;6;GAGNAGE (RUE DU);48,30491;4,03828
202300045563;2;11;2023;18:25;5;47;47051;2;6;2;3;Avenue Jean Monnet;44,175346;0,686782
202300045564;12;5;2023;16:55;1;7;7229;2;6;1;7;RN 102;44,61264;4,40823
202300045565;1;11;2023;14:30;1;34;34194;2;1;1;3;163 Rue des Coquelicots;43,536809;3,45763
202300045566;2;5;2023;16:35;1;6;6069;2;1;1;6;DE GAULLE (AVENUE DU GENERAL);43,655809;6,918132
202300045567;2;11;2023;05:45;3;44;44064;1;1;3;7;N/A;47,114401;-1,282702
202300045568;2;5;2023;15:00;1;6;6069;2;1;1;2;CANNES (ROUTE DE)  -RD 6085-;43,63523;6,95167
202300045569;2;11;2023;04:30;3;2;2643;1;1;6;6;21 Route Nationale 31;49,39648;3,127241
202300045570;11;5;2023;21:10;5;5;5061;2;1;1;3;COMMANDANT DUMONT ( AVENUE);44,56931;6,0833
202300045571;25;10;2023;14:30;1;26;26324;2;1;1;6;Avenue Louis Girard;44,345788;4,772476
202300045572;1;11;2023;21:15;5;6;6012;2;1;1;7;Chemin des Revoires;43,7365748;7,4092755
202300045573;5;5;2023;03:42;3;2;2722;2;1;1;1;N/A;49,36882;3,31654
202300045574;5;4;2023;14:00;1;2;2243;2;1;1;6;N/A;49,4006;3,36579
202300045575;31;10;2023;19:40;5;45;45145;2;4;2;3;D96 PR 1 + 150;48,094842;2,790077
202300045576;12;5;2023;18:25;1;75;75113;2;4;1;2;BRETELLE D ACCES EXTERIEUR IVRY;48,819874;2,374335
202300045577;2;11;2023;16:55;1;21;21425;2;4;1;3;1 Rue Carnot;47,621507;4,336923
202300045578;11;5;2023;19:10;1;75;75119;2;1;1;2;PORTE D AUBERVILLIERS;48,900368;2,375187
202300045579;30;10;2023;11:20;1;85;85234;2;1;8;1;Chemin du pas du rat;46,756203;-1,997184
202300045580;10;5;2023;23:45;5;75;75118;2;1;1;2;PORTE DE SAINT OUEN;48,900675;2,333095
202300045581;13;10;2023;18:00;2;52;52250;2;1;1;2;Avenue de Lorraine;48,447045;5,155367
202300045582;6;4;2023;19:50;2;84;84069;1;1;1;1;2013 route de vaison;44,195128;5,117998
202300045583;10;5;2023;19:20;1;75;75113;2;1;1;4;BD PERIPHERIQUE EXTERIEUR;48,81688;2,348326
202300045584;1;11;2023;18:50;2;973;97310;1;1;1;7;Pont de Stoupan;4,740793;-52,326926
202300045585;2;11;2023;05:15;5;38;38140;1;1;1;6;A41s - Gare de péage;45,272093;5,900946
202300045586;6;4;2023;14:00;1;81;81074;2;1;7;3;48 Route de Villefranche;43,926907;2,228735
202300045587;2;11;2023;15:29;1;49;49050;1;1;1;7;D55;47,330334;-0,483516
202300045588;12;5;2023;15:10;1;75;75106;2;4;2;2;RUE DE RENNES;48,851109;2,330724
202300045589;5;4;2023;14:15;1;45;45103;1;1;1;6;A19 PR 75 + 310;48,090808;2,524409
202300045590;6;4;2023;14:20;1;28;28219;1;1;1;7;A11 - PK 103.500;48,231295;1,023735
202300045591;2;11;2023;05:15;3;21;21423;1;1;3;6;Autoroute A6 PK 309+100 SENS PARIS-LYON;46,989043;4,852604
202300045592;11;5;2023;08:20;1;75;75106;2;2;1;3;BOULEVARD RASPAIL;48,848088;2,327934
202300045593;6;4;2023;16:20;1;68;68175;1;1;1;1;D415;48,153908;7,170604
202300045594;12;5;2023;05:20;5;75;75120;2;1;1;6;BOULEVARD DE MENILMONTANT;48,86318;2,38729
202300045595;6;3;2023;21:30;3;972;97226;1;1;1;3;Baréto;14,460441;-60,859612
202300045596;2;11;2023;18:00;2;30;30169;1;9;2;5;A9;43,792468;4,303367
202300045597;12;5;2023;00:50;5;75;75117;2;1;1;6;RUE NOLLET;48,887183;2,320923
202300045598;31;3;2023;20:00;5;972;97229;2;1;1;6;Route de Terreville;14,637517;-61,097808
202300045599;11;5;2023;10:02;1;75;75117;2;2;1;3;BOULEVARD BERTHIER;48,894359;2,313252
202300045600;5;4;2023;21:15;3;1;1353;1;1;1;6;Route de Trévoux;45,959869;4,800693
202300045601;5;4;2023;13:10;1;35;35200;1;1;1;3;ROUTE DÉPARTEMANTALE 178;47,959626;-1,212637
202300045602;10;5;2023;15:35;1;75;75114;2;7;1;3;AVENUE DE LA PORTE D ORLEANS;48,821912;2,325454
202300045603;6;4;2023;08:50;1;35;35334;1;1;2;2;A84, PK 098+000;48,1592392;-1,59628183
202300045604;11;5;2023;23:25;5;75;75113;2;2;1;3;RUE DE TOLBIAC;48,826418;2,341792
202300045605;6;4;2023;20:30;2;30;30334;2;3;1;3;Avenue Louis Alteirac;44,017555;4,416311
202300045606;11;5;2023;21:09;2;75;75101;2;2;1;6;BOULEVARD DE SEBASTOPOL;48,857722;2,347779
202300045607;30;3;2023;00:30;3;57;57163;1;1;1;6;D45;48,671154;7,217202
202300045608;12;5;2023;14:25;1;94;94068;2;4;1;3;Avenue du Bel Air;48,80552809;2,49549025
202300045609;1;4;2023;21:45;3;56;56117;2;6;1;2;Rue Ernest Renan;47,891971;-2,833394
202300045610;12;5;2023;08:00;1;94;94052;2;5;1;3;GEORGES CLEMENCEAU;48,83554;2,47382
202300045611;5;4;2023;17:10;1;56;56130;1;6;1;3;Lieu Dit la Madeleine;47,73928;-3,226118
202300045612;11;5;2023;06:40;2;94;94041;2;2;1;1;Avenue Danielle Casanova;48,81578;2,38304
202300045613;3;4;2023;17:55;1;59;59135;2;1;1;7;20 Rue de Watten;50,802315;2,477045
202300045614;3;4;2023;17:25;1;79;79277;1;1;1;7;N/A;47,050242;-0,214952
202300045615;11;5;2023;18:25;1;94;94038;2;1;1;3;34 Avenue du Général de Gaulle;48,78147121;2,34248391
202300045616;6;4;2023;14:45;1;63;63222;1;1;1;6;D 26;45,55089166;3,17519235
202300045617;6;4;2023;01:30;3;55;55470;1;1;1;6;D635;48,689884;5,043411
202300045618;11;5;2023;17:24;1;94;94033;2;3;1;3;28bis Rue Charles Bassée;48,84903;2,46762
202300045619;4;4;2023;19:08;1;46;46243;1;1;1;6;Départementale 40;44,767364;1,854587
202300045620;10;5;2023;09:35;1;94;94011;2;1;3;3;Avenue de Paris;48,77497;2,48108
202300045621;11;5;2023;12:14;1;94;94059;2;1;1;2;Avenue du tramway;48,8142224;2,5662134
202300045622;5;4;2023;20:30;2;41;41214;1;1;1;2;Les Vallieres;47,935511;1,201473
202300045623;12;5;2023;12:05;1;94;94017;2;2;2;6;Rue Albert Thomas;48,81244153;2,5108636
202300045624;6;4;2023;13:40;1;39;39326;1;1;1;1;N/A;46,594599;5,667615
202300045625;5;4;2023;01:54;3;25;25122;1;1;1;6;D48;46,938479;6,218651
202300045626;24;4;2023;14:30;1;25;25036;1;1;1;6;RN83 Avanne-Aveney;47,1933;5,965919
202300045627;11;5;2023;20:09;1;93;93050;2;3;1;2;Rue Paul et Camille Thomoux / Avenue Robert Schumann;48,87353;2,52967
202300045628;5;4;2023;17:15;1;38;38140;1;1;1;2;D10;45,270949;5,89046
202300045629;6;4;2023;12:30;1;3;3089;1;1;1;6;RD 987;46,187288;3,017378
202300045630;12;5;2023;17:28;1;93;93029;2;1;8;6;Rue Auguste Blanqui;48,92039991;2,45748938
202300045631;6;4;2023;18:00;1;58;58067;2;1;1;6;10 Route de la Forêt;47,110947;3,096288
202300045632;12;5;2023;18:55;1;93;93010;2;1;1;6;Avenue Pasteur;48,90664;2,48826
202300045633;6;4;2023;01:50;4;54;54152;2;9;1;6;Rue Pierre Semard;48,56347;6,39042
202300045634;6;4;2023;07:24;2;60;60509;2;1;3;6;Rue Louis Pasteur;49,307263;2,590365
202300045635;12;5;2023;08:15;1;93;93007;2;3;1;6;Avenue Pierre Brossolette / Square de Stalingrad;48,92959853;2,46719639
202300045636;5;4;2023;17:55;1;27;27467;1;1;1;3;46 Route de Cormeilles;49,343993;0,498478
202300045637;12;5;2023;16:40;1;92;92051;2;2;2;3;SAUSSAYE (BOULEVARD DE LA, N° 7 A 61 ET;48,89056107;2,26511613
202300045638;5;4;2023;09:00;1;17;17024;1;1;1;7;D121;46,031959;-0,368063
202300045639;6;4;2023;10:45;1;37;37226;2;6;8;3;92 avenue du général de Gaulle;47,10531;0,613024
202300045640;12;5;2023;11:55;1;92;92026;2;1;2;3;JOFFRE ( DE 52 A FIN ET DE 61 A FIN );48,90143;2,27802
202300045641;5;4;2023;15:45;1;76;76657;1;1;1;6;A131 PK 024.400;49,48091;0,337143
202300045642;24;3;2023;00:45;3;33;33284;1;1;1;6;A660;44,626488;-0,889485
202300045643;19;2;2023;16:25;1;75;75120;2;1;1;3;BOULEVARD DAVOUT;48,850732;2,410948
202300045644;6;4;2023;17:10;1;69;69268;1;3;1;3;Route de Vernaison;45,651991;4,755492
202300045645;20;2;2023;11:30;1;75;75118;2;2;1;6;AVENUE DE SAINT OUEN;48,895548;2,328289
202300045646;19;2;2023;05:00;5;75;75117;2;7;1;7;PLACE DE LA PORTE MAILLOT;48,878492;2,282976
202300045647;20;2;2023;17:10;1;75;75116;2;1;1;6;AVENUE VICTOR HUGO;48,869108;2,284015
202300045648;6;4;2023;07:00;2;14;14555;1;1;3;4;A13;49,30759535;0,29912145
202300045649;19;2;2023;23:25;5;75;75116;2;1;1;3;ALLEE DE LA REINE MARGUERITE;48,866982;2,250379
202300045650;5;4;2023;08:45;1;69;69064;2;1;1;6;115 Rue Nationale;45,457282;4,756978
202300045651;20;2;2023;08:50;1;75;75112;2;1;1;3;QUAI DE BERCY;48,834508;2,380862
202300045652;24;3;2023;15:45;1;987;98714;1;1;1;4;Vaitape;-16,503783;-151,748361
202300045653;20;2;2023;05:40;5;75;75108;2;4;1;3;AVENUE DE FRIEDLAND;48,874238;2,29969
202300045654;6;4;2023;16:45;1;976;97608;2;3;1;3;Boulevard des Crabes;-12,78201;45,257138