Num_Acc;jour;mois;an;hrmn;lum;dep;com;agg;int;atm;col;adr;lat;long
202300045655;20;2;2023;15:42;1;75;75108;2;7;1;3;PLACE CHARLES DE GAULLE;48,873847;2,295945
202300045656;3;4;2023;18:30;5;971;97134;2;1;1;6;3089 Chemin de Tanville;16,049641;-61,736391
202300045657;20;2;2023;17:35;1;94;94074;2;1;1;2;Avenue Henri Barbusse;48,76404688;2,4421277
202300045658;20;2;2023;20:58;5;94;94037;2;2;1;3;Rue du Val de Marne;48,81756;2,35338
202300045659;6;4;2023;06:45;2;91;91041;1;6;1;7;d19, sens Brétigny-Arpajon;48,56347;2,244609
202300045660;19;2;2023;12:40;1;94;94021;2;1;1;6;17 Avenue Georges Guynemer;48,7652665;2,33852425
202300045661;6;4;2023;18:00;1;84;84141;2;1;1;2;ALLEE DES VERGUETS;43,972994;4,888471
202300045662;20;2;2023;08:50;1;94;94054;2;2;1;3;Avenue Marcel Cachin / Rue Jean Mermoz;48,750184;2,413202
202300045663;19;2;2023;15:05;1;94;94075;2;1;1;3;Rue d'Yerres;48,719505;2,520986
202300045664;30;8;2023;19:35;1;1;1269;1;1;1;6;D74;46,158774;5,585888
202300045665;5;4;2023;17:40;1;52;52246;1;1;1;4;N19;47,91173792;5,29095268
202300045666;29;8;2023;17:45;1;72;72215;2;3;1;1;Rue Désirée Ruel;48,37491;0,252128
202300045667;19;2;2023;00:01;5;93;93073;2;2;1;3;Rue de Savoie / Avenue Albert Sarraut;48,94356;2,59078
202300045668;20;2;2023;10:30;1;93;93053;2;2;1;3;Avenue de Rosny / Avenue d'Alsace Lorraine;48,89733;2,47065
202300045669;30;8;2023;19:05;1;14;14396;1;6;1;3;Rue du Dorset;49,13422371;-0,41271022
202300045670;30;3;2023;06:45;2;67;67345;2;6;2;3;Rue de Kaltenhouse;48,792132;7,846234
202300045671;20;2;2023;17:12;1;93;93031;2;3;1;6;Avenue de la Marne / Avenue Jean Jaurès;48,95827;2,32553
202300045672;31;8;2023;17:45;1;9;9324;2;1;7;1;chemin de malmarty;43,051438;1,644114
202300045673;30;8;2023;00:40;3;73;73007;1;1;1;6;D925;45,572408;6,263988
202300045674;20;2;2023;19:10;5;93;93010;2;1;1;5;Route d'Aulnay;48,907292;2,480296
202300045675;20;3;2023;08:45;1;54;54111;2;3;1;3;Rue Edmond Pintier;48,62357665;6,08421564
202300045676;31;8;2023;17:40;1;43;43177;1;1;1;6;Le Grand Roure;45,320524;4,300444
202300045677;20;2;2023;19:50;5;93;93057;2;1;1;6;Avenue Aristide Briand;48,90833191;2,49722096
202300045678;20;2;2023;14:10;1;93;93005;2;1;1;6;Avenue du 14 Juillet;48,92939;2,497607
202300045679;26;8;2023;12:45;1;43;43199;1;1;1;1;Lieu-dit Loubriat;45,089778;4,200844
202300045680;6;4;2023;12:35;1;44;44066;1;2;1;3;510 Route de bellevue;47,35468;-1,597943
202300045681;20;2;2023;14:39;1;92;92046;2;1;1;7;GAMBETTA (RUE);48,82196142;2,30867118
202300045682;31;8;2023;06:30;2;7;7296;2;1;1;7;D579;44,566913;4,391943
202300045683;5;4;2023;01:45;3;38;38382;2;1;1;6;Avenue du Général de Gaulle;45,23127;5,67734
202300045684;20;2;2023;17:00;1;92;92051;2;1;1;1;VICTOR HUGO (BOULEVARD, N° 9 A 49 ET 16;48,886861;2,279069
202300045685;23;8;2023;13:42;1;85;85287;1;1;1;1;RD89;46,70410286;-0,8870682
202300045686;5;4;2023;16:50;1;26;26064;1;1;1;1;d68;44,903672;5,001
202300045687;20;2;2023;11:05;1;92;92012;2;1;1;4;GENERAL LECLERC (AVENUE DU) 1/33 - 2/58;48,83255258;2,24019438
202300045688;31;8;2023;11:00;1;27;27467;2;4;2;6;Avenue de l'Europe;49,350446;0,530262
202300045689;20;2;2023;16:55;1;49;49063;1;1;1;6;D751;47,343766;-0,710549
202300045690;30;8;2023;18:45;1;28;28291;1;1;1;7;D17;48,356648;1,781298
202300045691;5;4;2023;06:00;2;1;1043;1;6;1;2;D1084a;45,821872;4,991865
202300045692;13;2;2023;15:45;1;37;37074;2;2;1;1;D749;47,24222512;0,16205746
202300045693;20;2;2023;21:25;3;25;25132;1;1;1;6;A36 sens BEAUNE - MULHOUSE;47,337413;6,176653
202300045694;6;4;2023;03:30;4;1;1386;2;3;1;6;2 Grande Rue;45,888716;5,367894
202300045695;21;2;2023;10:19;1;95;95487;2;1;5;1;Rue Corentin Quideau;49,14717;2,260299
202300045696;27;8;2023;16:00;1;37;37223;1;2;1;3;La Rouérie;47,501598;0,255942
202300045697;19;2;2023;14:40;1;17;17131;1;2;1;3;D732;45,579257;-0,793473
202300045698;6;4;2023;14:10;1;69;69255;1;1;8;1;Route du Pont Pinay;45,72398;4,672266
202300045699;20;2;2023;16:25;1;28;28018;1;1;1;7;Autoroute A11 PK113+300;48,204861;0,900385
202300045700;27;8;2023;17:20;1;37;37099;1;1;8;1;D751  PK 49-148;47,29580154;0,54113339
202300045701;20;2;2023;16:45;1;10;10381;1;1;1;1;D660;48,286734;3,959649
202300045702;6;4;2023;12:25;1;85;85097;1;6;2;2;RD755;46,951639;-1,07931
202300045703;30;8;2023;18:25;1;67;67125;1;1;1;4;A35;48,329974;7,497675
202300045704;6;4;2023;13:20;1;50;50025;2;1;1;7;15 Boulevard Pasteur (Avranches);48,676603;-1,356855
202300045705;27;8;2023;02:06;3;28;28392;1;1;1;6;autoroute A10 point kilométrique 062+000 direction PARIS (75);48,227687;1,847978
202300045706;20;2;2023;19:30;5;972;97232;2;3;1;1;Allee des Hibiscus;14,545801;-60,842966
202300045707;20;2;2023;14:50;1;83;83070;2;6;1;3;Rond-Point Kronberg (Fontaine);43,136667;6,366046
202300045708;27;8;2023;12:15;1;13;13051;1;1;1;3;A7, PK 243+000, Sens S-N;43,58430216;5,20498481
202300045709;6;4;2023;18:30;1;14;14679;2;2;1;3;275 Avenue des Fresnaux;49,242781;-0,748261
202300045710;20;2;2023;23:05;3;22;22193;1;6;1;6;D59;48,398584;-2,436858
202300045711;30;8;2023;13:00;1;987;98729;2;1;1;6;maharepa, PK 5;-17,577;-150,202
202300045712;20;2;2023;18:43;3;57;57757;1;3;1;3;Rue du Fort (Pont);49,337501;6,179906
202300045713;6;4;2023;11:30;1;60;60079;1;1;2;6;D 922;49,147593;2,868067
202300045714;31;8;2023;17:40;1;976;97615;2;2;7;3;Rue du Stade;-12,796323;45,281181
202300045715;21;2;2023;06:49;2;95;95352;1;1;5;3;RD 922;49,10841517;2,43684193
202300045716;5;4;2023;07:33;1;83;83027;1;1;1;3;A50;43,20292965;5,74040346
202300045717;18;2;2023;14:54;1;51;51434;1;1;1;3;D3;49,016464;4,100422
202300045718;5;4;2023;00:20;3;57;57757;1;1;1;7;Autoroute A31;49,34518966;6,1773077
202300045719;28;8;2023;20:45;3;973;97304;1;1;1;4;RN1 PK84;5,157368;-52,88106
202300045720;21;2;2023;09:00;1;95;95527;1;6;1;4;RD 902A;48,998638;2,508434
202300045721;20;2;2023;17:20;1;79;79161;2;1;1;7;;46,92326;-0,22014
202300045722;30;8;2023;21:45;3;971;97114;1;1;1;1;Sarcelle;16,158453;-61,586185
202300045723;5;4;2023;18:45;1;94;94038;1;1;1;4;A6B;48,77892968;2,34679475
202300045724;18;2;2023;12:00;1;11;11293;1;1;1;2;route departementale 118;43,110571;2,267915
202300045725;5;4;2023;17:30;1;91;91471;1;1;1;2;RN 118;48,71199;2,18395
202300045726;24;8;2023;11:50;1;34;34302;2;2;1;3;6 Avenue du Stade;43,315503;2,65977
202300045727;20;2;2023;15:40;1;63;63128;1;1;1;1;D224;45,90585721;3,38973284
202300045728;24;8;2023;20:30;2;34;34075;2;1;1;7;4 Chemin du Tribi;43,321724;2,714551
202300045729;31;8;2023;03:50;3;83;83071;1;6;1;6;D 98;43,146558;6,256371
202300045730;5;4;2023;15:30;1;94;94016;1;1;1;2;A6B;48,79407352;2,34456235
202300045731;6;12;2023;14:05;1;75;75116;2;2;1;3;AVENUE RAYMOND POINCARE;48,865068;2,286511
202300045732;20;2;2023;09:45;1;49;49336;1;2;1;1;"D167 - Lieu dit ""le plessis neuf""";47,043311;-0,591931
202300045733;20;2;2023;16:00;1;34;34031;2;1;1;3;Impasse de l’Allée;43,358943;3,427355
202300045734;5;4;2023;09:35;1;92;92002;1;1;1;2;AUTOROUTE A86;48,76284698;2,30411982
202300045735;31;8;2023;09:00;1;89;89442;1;1;1;2;A19;48,081861;3,128513
202300045736;5;12;2023;13:30;1;75;75115;2;2;2;1;RUE DE LA CONVENTION;48,839991;2,290364
202300045737;20;2;2023;21:00;3;39;39025;1;1;1;6;N/A;46,550715;5,393815
202300045738;4;4;2023;23:35;3;94;94021;1;1;1;2;A6A;48,76371356;2,34190432
202300045739;20;2;2023;17:20;1;29;29217;2;1;1;6;Rue de Rustéphan;47,85935614;-3,75590533
202300045740;6;12;2023;09:15;1;75;75112;2;1;1;3;RUE DE LA GARE DE REUILLY;48,841973;2,395998
202300045741;31;8;2023;11:10;1;63;63417;1;9;1;3;M2;45,821013;3,064831
202300045742;10;2;2023;13:15;1;3;3287;1;1;1;6;D18;46,417535;3,166122
202300045743;5;4;2023;18:25;1;92;92036;1;1;1;4;A86;48,93488462;2,28273043
202300045744;31;8;2023;01:30;4;73;73040;2;1;1;7;D902;45,32408006;7,00220838
202300045745;6;12;2023;12:48;1;75;75110;2;3;1;3;RUE DU FAUBOURG SAINT MARTIN;48,875954;2,359493
202300045746;20;2;2023;12:00;1;15;15127;1;1;1;1;RN 122;45,224687;3,114045
202300045747;21;8;2023;02:20;3;38;38377;2;1;1;6;Avenue de Savoie;45,569427;5,458912
202300045748;5;12;2023;15:10;1;75;75101;2;3;2;6;RUE DE RIVOLI;48,864393;2,330116
202300045749;5;4;2023;16:25;1;92;92025;1;1;1;2;A86;48,92201331;2,2267277
202300045750;21;2;2023;14:30;1;5;5056;1;1;7;3;RD944;44,63588;6,135135
202300045751;29;8;2023;17:15;1;69;69190;2;6;1;3;Chemin de Meginand;45,771201;4,702953
202300045752;20;2;2023;18:45;2;10;10255;1;1;1;7;D143;48,20981286;4,28326249
202300045753;4;4;2023;21:15;3;94;94046;1;1;1;7;A86;48,81292733;2,44895577
202300045754;6;12;2023;19:15;5;94;94081;2;1;8;3;Avenue Paul Vaillant Couturier;48,79554;2,3976
202300045755;29;8;2023;19:58;1;86;86115;1;1;1;7;Avenue de Paris;46,691371;0,389097
202300045756;20;2;2023;19:30;3;68;68252;1;1;1;3;ROUTE DEPARTEMENTALE 83;48,141234;7,366419
202300045757;6;12;2023;02:40;5;94;94081;2;1;1;2;159-161 Avenue Rouget de Lisle;48,782026;2,394373
202300045758;4;4;2023;16:50;1;27;27229;2;2;1;6;LEPOUZE (RUE);49,02572;1,15564
202300045759;30;8;2023;17:45;1;83;83144;1;1;1;2;A57;43,13601362;5,99302088
202300045760;21;2;2023;13:45;1;26;26057;1;1;1;6;A49 - PK 058+600;45,021855;5,068731
202300045761;6;12;2023;09:10;1;94;94081;2;2;1;3;Rue Berthie Albrecht;48,79911;2,41149
202300045762;4;4;2023;17:15;1;27;27229;2;1;1;6;SAINT ANDRE (ROUTE DE);49,00890244;1,16748914
202300045763;19;2;2023;07:30;1;987;98748;1;1;1;2;PK 3 - Mitirapa - TOAHOTU RT3;-17,81;-149,243
202300045764;27;8;2023;12:50;1;69;69290;1;1;1;4;Rocade Est;45,71226274;4,96867931
202300045765;5;12;2023;15:15;1;94;94068;2;6;2;3;Avenue Foch;48,80225;2,49211
202300045766;21;2;2023;16:40;1;58;58051;2;1;1;7;Rue du Pavillon;46,955381;3,148828
202300045767;29;1;2023;06:26;3;66;66136;1;1;1;7;Départementale  617;42,71169;2,96783
202300045768;6;12;2023;15:00;1;94;94046;2;1;8;2;Avenue du Professeur Cadiot;48,805;2,4319
202300045769;29;8;2023;18:10;1;57;57356;1;1;8;5;Autoroute A31;49,42875627;6,11290455
202300045770;4;4;2023;20:20;5;974;97411;2;1;1;6;RAMBAUD (LEOPOLD);-20,88576;55,47595
202300045771;17;2;2023;07:10;2;21;21138;1;3;1;3;D905;47,204777;5,324684
202300045772;4;4;2023;11:40;1;974;97411;2;1;1;7;PROVIDENCE (BOULEVARD DE LA);-20,89291;55,45583
202300045773;20;8;2023;01:00;3;59;59359;1;1;1;2;AUTOROUTE A16;50,988;2,23534
202300045774;6;12;2023;06:30;5;94;94041;2;1;1;6;HENRI BARBUSSE (AV);48,80991512;2,37889811
202300045775;5;4;2023;01:33;3;973;97309;2;1;1;7;TROUBIRAN (CHEMIN DE);4,91873523;-52,30545142
202300045776;30;8;2023;00:20;3;94;94038;1;1;1;2;A6B;48,78352344;2,34631387
202300045777;5;12;2023;11:30;1;94;94073;2;1;2;2;105 Avenue de Versailles;48,759712;2,397102
202300045778;11;2;2023;09:50;1;67;67408;1;1;1;7;D224;48,630937;7,3632
202300045779;21;2;2023;07:50;1;1;1032;2;6;1;6;550 Route de Genève;45,852861;5,129164
202300045780;6;12;2023;19:10;5;93;93066;2;1;1;3;Avenue du General de Gaulle;48,925842;2,364578
202300045781;29;8;2023;16:50;1;92;92036;1;1;1;4;A86;48,93512928;2,28395155
202300045782;4;4;2023;10:31;1;973;97302;1;1;1;5;ROUTE NATIONALE 1;4,89866;-52,32707
202300045783;20;2;2023;15:21;1;69;69069;2;3;1;6;Avenue Edouard Millaud;45,747346;4,736301
202300045784;29;3;2023;08:45;1;92;92036;1;1;1;3;A86;48,93557379;2,26362781
202300045785;6;12;2023;13:12;1;93;93062;2;4;1;3;Allée du Village / Allée de la Pelouse;48,901106;2,516439
202300045786;15;2;2023;17:30;1;31;31161;1;1;7;2;Courtinade;43,47709;1,511849
202300045787;4;4;2023;16:45;1;69;69386;2;4;1;2;Avenue de Grande-Bretagne;45,77484;4,84262
202300045788;29;8;2023;08:10;1;78;78490;1;1;1;3;RN12 INT;48,800102;1,968676
202300045789;6;12;2023;08:50;2;93;93048;2;2;1;3;Rue de Rosny / Rue Saint-Just;48,86478;2,45323
202300045790;21;2;2023;17:35;1;79;79184;1;1;1;7;;46,348457;-0,106655
202300045791;4;4;2023;15:50;1;972;97209;1;1;1;2;AUTOROUTE (A1);14,61813;-61,03577
202300045792;30;8;2023;09:05;1;94;94017;1;1;1;5;A4;48,82844169;2,50273164
202300045793;6;12;2023;08:15;1;93;93008;2;1;1;6;Rue Pablo Picasso;48,90722;2,44984
202300045794;19;2;2023;03:30;3;17;17064;1;1;1;1;Route du Cailleau;45,701657;-1,051442
202300045795;22;6;2023;07:25;1;74;74012;2;2;1;3;RESISTANCE (RUE DE LA);46,19722;6,25221
202300045796;4;12;2023;18:00;5;92;92078;2;2;3;3;VIEUX CHEMIN DE ST DENIS (AVENUE);48,92974722;2,32603859
202300045797;20;2;2023;15:40;1;86;86095;1;1;7;4;D910;46,715902;0,416181
202300045798;4;4;2023;12:30;1;90;90010;2;9;1;6;1 Avenue du Général de Gaulle;47,62798717;6,86190069
202300045799;17;6;2023;11:05;1;74;74118;2;1;1;6;DIGUE (CHEMIN DE LA);46,18217;6,22926
202300045800;6;12;2023;19:00;5;92;92064;2;6;1;6;ANDRE CHEVRILLON;48,8461608;2,21997656
202300045801;31;3;2023;20:15;2;89;89024;2;1;2;6;VINGT-QUATRE AOUT (RUE DU);47,79037;3,56562
202300045802;15;2;2023;15:00;1;72;72154;2;6;1;2;Boulevard du Québec;47,70401708;-0,09088397
202300045803;1;6;2023;17:40;1;74;74263;1;1;7;2;D1005;46,335469;6,397675
202300045804;20;2;2023;23:56;3;60;60141;1;6;9;6;D924a;49,16683679;2,5085714
202300045805;5;12;2023;13:45;1;92;92051;2;2;2;6;CHATEAU (AVENUE DU);48,88904043;2,26660162
202300045806;4;4;2023;16:50;1;88;88415;1;1;1;3;cd 42;48,0490315;6,59768432
202300045807;1;6;2023;17:25;1;74;74042;2;1;1;3;546 Avenue des glières;46,072959;6,399563
202300045808;20;2;2023;15:55;1;80;80002;1;1;1;2;AUTOROUTE A1, PK 116+600;49,837;2,829672
202300045809;6;12;2023;12:40;1;92;92050;2;2;1;3;SAULES RUE DES;48,91009702;2,21505851
202300045810;2;4;2023;06:50;3;85;85194;1;9;1;7;RD 160 ;46,52755;-1,73552
202300045811;1;6;2023;11:38;1;74;74220;2;1;1;1;Route de viaison (Reignier);46,15926;6,242369
202300045812;20;2;2023;20:45;3;59;59388;2;1;1;3;rue Joliot Curie;50,55226546;2,87128508
202300045813;6;12;2023;11:00;1;92;92044;2;1;1;6;RIVAY(RUE)1A23 ET 2A20;48,89375526;2,2899726
202300045814;30;4;2023;21:25;3;74;74208;1;1;2;6;La Carabote (Arrêt de bus);45,923636;6,670606
202300045815;20;2;2023;00:44;3;13;13202;1;1;1;1;A55-Sens Marseille vers Martigues;43,32107736;5,3643322
202300045816;6;12;2023;09:15;1;92;92040;2;2;1;3;BENOIT MALON;48,81481738;2,26464137
202300045817;21;4;2023;09:18;1;74;74123;2;2;1;1;Rue des épinettes;45,750136;6,28834
202300045818;19;2;2023;21:00;3;1;1249;1;1;1;5;;45,814929;4,957172
202300045819;6;12;2023;14:00;1;92;92036;2;3;1;3;LOUIS ROCHE (AVENUE) (47/151);48,92679264;2,31478482
202300045820;18;4;2023;06:00;2;74;74118;1;4;1;2;Échangeur A40 (Embranchement d'autoroute);46,183738;6,226117
202300045821;20;2;2023;19:30;3;92;92019;1;1;1;2;RN 385 INT;48,7606545;2,28678614
202300045822;6;12;2023;07:47;2;92;92026;2;1;1;6;LEONARD DE VINCI;48,89670247;2,23664448
202300045823;18;3;2023;13:40;1;74;74123;1;6;1;3;Route d'annecy;45,756101;6,271412
202300045824;20;2;2023;19:00;3;91;91339;1;1;1;2;RN 104;48,62614;2,26099
202300045825;6;12;2023;10:10;1;92;92024;2;1;1;6;GENNEVILLIERS (PONT DE);48,91248;2,31135
202300045826;3;4;2023;16:30;1;77;77307;2;1;1;6;AV DE L EUROPE;48,85533602;2,76856027
202300045827;20;2;2023;07:00;3;91;91286;1;1;1;2;AUTOROUTE A6;48,65019;2,3843
202300045828;6;12;2023;13:45;1;92;92004;2;2;1;3;DIX HUIT JUIN 40 ( RUE DU );48,9309;2,27544
202300045829;29;5;2023;20:00;1;74;74195;1;1;1;3;D1508;46,016881;5,940599
202300045830;4;4;2023;12:20;1;76;76217;2;2;1;3;LOUIS BLERIOT (RUE );49,92225;1,11636
202300045831;20;2;2023;17:45;1;78;78640;1;1;1;5;N118;48,782344;2,223142
202300045832;6;12;2023;06:33;1;974;97415;1;6;1;2;Route de Cambaie;-20,95987625;55,29380277
202300045833;20;2;2023;20:20;3;92;92036;1;1;1;3;RN315 Y;48,93623305;2,30081199
202300045834;26;5;2023;19:10;1;74;74090;1;2;1;3;D903;46,086478;6,312826
202300045835;4;4;2023;07:45;1;76;76324;1;6;1;3;RD 925;49,93129;1,14242
202300045836;6;12;2023;19:50;5;63;63307;2;2;1;3;avenue Jean Jaurès;45,743359;3,095194
202300045837;20;2;2023;16:56;1;92;92036;1;1;1;3;A86;48,9361742;2,28927815
202300045838;3;4;2023;20:05;5;71;71306;2;1;1;3;PLESSIS (RUE DU);46,67602;4,36618
202300045839;18;5;2023;12:40;1;74;74010;1;4;1;1;Route des bauges;45,829663;6,059416
202300045840;7;12;2023;13:50;1;51;51094;1;9;1;2;D995;48,746101;4,692965
202300045841;20;2;2023;15:15;1;95;95582;1;1;1;2;A15;48,9664443;2,25627474
202300045842;21;11;2023;16:45;1;6;6149;2;1;1;6;Chemin de l'Olivaie;43,744042;7,31425
202300045843;17;5;2023;18:45;1;74;74282;1;1;1;3;Route du Parmelan;45,957162;6,310862
202300045844;4;4;2023;18:25;1;69;69266;2;3;1;3;Cours Emile Zola;45,76958;4,87881
202300045845;20;2;2023;13:05;1;92;92036;1;1;1;4;AUTOROUTE A15;48,94230876;2,28959192
202300045846;30;11;2023;17:20;3;17;17442;1;1;1;1;RD 114;45,614248;-0,794084
202300045847;3;4;2023;07:00;2;67;67482;2;1;1;6;ALTENHEIM (ROUTE D );48,53962;7,7681
202300045848;6;5;2023;13:35;1;74;74242;1;1;1;1;Route de Leschaux;45,828944;6,142106
202300045849;20;2;2023;09:35;1;93;93005;1;1;1;3;AUTOROUTE A1;48,96206;2,46972
202300045850;7;12;2023;19:50;5;18;18284;2;3;2;7;Rue de l’Ancienne Ecole;47,426788;2,604763
202300045851;29;8;2023;12:15;1;974;97409;2;1;1;2;DE LA GARE(RUE);-20,96282;55,65837
202300045852;20;2;2023;00:45;3;77;77337;1;9;1;6;A4;48,83015;2,61295
202300045853;17;2;2023;17:45;1;42;42044;2;1;1;6;Rue Benoit Frachon;45,39994;4,35246
202300045854;28;8;2023;17:10;1;69;69034;2;1;1;2;Montée de la Rochette;45,78828749;4,82751088
202300045855;5;4;2023;00:36;3;64;64545;2;1;1;1;BRETELLE DE SOCOA RD 913 (BRETELLE);43,37556;-1,68606
202300045856;19;2;2023;15:25;1;69;69387;2;2;1;3;Rue Sébastien Gryphe;45,75242;4,8444
202300045857;29;8;2023;01:16;5;2B;2B033;2;1;3;7;ENCEINTE PORT.NOUV.PORT;42,70085;9,45308
202300045858;6;12;2023;17:17;2;81;81218;2;9;8;2;601 Route de Lamillarie;43,892982;2,153192
202300045859;3;4;2023;10:00;1;64;64102;2;1;1;6;BASQUES (PLACE DES);43,49318;-1,47936
202300045860;19;2;2023;01:30;3;972;97209;1;1;2;2;AUTOROUTE (A1);14,6146;-61,0491
202300045861;28;8;2023;15:15;1;971;97107;2;3;1;3;RUE DE GAMBETTA;16,04506592;-61,56746864
202300045862;19;2;2023;17:20;2;971;97113;1;1;1;6;BAS DU FORT;16,22037;-61,52007
202300045863;3;4;2023;18:40;1;62;62400;2;2;1;3;D86;50,473245;2,579103
202300045864;29;8;2023;12:10;1;95;95428;2;2;1;2;D928;48,97288385;2,31026173
202300045865;1;4;2023;21:10;5;59;59043;2;1;2;6;LILLE (RUE DE);50,72711769;2,75153384
202300045866;19;2;2023;21:20;5;81;81004;2;1;1;1;THOMAS (AV ALBERT);43,94542;2,15118
202300045867;29;8;2023;06:50;1;95;95014;1;2;1;3;D109P;49,01177;2,30487
202300045868;19;2;2023;04:25;5;78;78440;2;1;1;6;PAUL RAOULT (AVENUE);48,98724;1,91236
202300045869;4;4;2023;19:00;1;58;58194;2;2;1;3;FAIDHERBE;46,99923;3,15046
202300045870;29;8;2023;16:00;1;91;91691;2;1;1;6;RAYMOND POINCARE(RUE);48,710156;2,499182
202300045871;4;4;2023;16:10;1;56;56121;2;1;1;3;6 Avenue Raymond Queudet;47,75908;-3,3915
202300045872;28;8;2023;15:03;1;87;87085;2;1;1;6;TIMBAUD (RUE PIERRE);45,82713;1,26046
202300045873;7;12;2023;08:20;1;45;45110;1;2;8;3;Rue d'Arconville;48,093502;2,349229
202300045874;3;4;2023;19:10;1;56;56098;2;3;1;3;CHAPELLE (ROUTE DE LA);47,77886;-3,29572
202300045875;27;8;2023;00:55;5;87;87085;2;3;1;2;LECLERC (AVENUE DU GENERAL);45,84714;1,26128
202300045876;6;12;2023;20:00;5;974;97405;1;3;1;3;Rue Augustin Mézino;-21,36496;55,542377
202300045877;18;2;2023;23:20;5;76;76349;2;2;1;6;GRIMALDI (RUE);49,89782;1,02997
202300045878;28;8;2023;15:25;1;86;86066;1;1;1;7;D14;46,806762;0,593009
202300045879;3;4;2023;17:30;1;54;54304;2;3;1;3;Rue Emile Bertin;48,67989;6,16222
202300045880;19;2;2023;19:55;5;74;74008;2;1;1;3;BRIAND (RUE ARISTIDE);46,19325;6,22064
202300045881;6;12;2023;16:00;1;974;97412;1;1;1;6;D33;-21,365;55,626451
202300045882;29;8;2023;06:40;2;83;83062;1;3;1;3;RN 98;43,13506132;6,03449535
202300045883;4;4;2023;13:40;1;54;54483;2;1;1;3;MARTYRS DU NAZISME (RUE DES);48,63002;6,30431
202300045884;19;2;2023;15:00;1;69;69199;2;9;1;1;83 Avenue Jean Jaurès;45,70946;4,85522
202300045885;7;12;2023;15:45;2;14;14342;1;1;3;6;N13;49,307971;-1,133815
202300045886;25;8;2023;07:40;1;83;83129;2;6;1;3;CLAUDE POMPIDOU;43,095544;5,848305
202300045887;19;2;2023;03:05;4;64;64024;2;1;1;7;LECLERC (PLACE DU GENERAL);43,494834;-1,529532
202300045888;28;8;2023;17:25;1;81;81004;2;1;1;6;VERDIER (FRANCOIS);43,91893;2,12253
202300045889;4;4;2023;04:55;5;53;53034;2;3;1;3;rue Charles de Gaulle;48,0768;-0,71868
202300045890;7;12;2023;08:10;1;48;48005;1;1;1;2;autoroute A75 - échangeur 38 - PK 153+200   - sens Sud/Nord;44,579984;3,249528
202300045891;18;2;2023;03:30;5;64;64024;2;1;1;2;26 Avenue de Bayonne;43,480835;-1,513311
202300045892;4;4;2023;18:50;1;51;51454;2;1;1;3;boulevard Henry Vasnier;49,24258;4,05122
202300045893;7;12;2023;18:15;5;30;30060;2;1;1;6;D42;43,797673;4,381678
202300045894;28;8;2023;18:05;1;72;72181;2;9;1;2;RHIN ET DANUBE (AV) N° PAIRS 2 A 192;48,01566;0,18623
202300045895;28;8;2023;15:40;1;72;72181;2;9;1;6;ROOSEVELT FRANKLIN (PL);48,00152;0,19776
202300045896;6;12;2023;18:30;3;44;44009;1;1;1;6;N/A;47,218672;-1,45498
202300045897;4;4;2023;16:45;1;51;51454;2;6;1;2;avenue du Maréchal Juin;49,22711;4,01465
202300045898;19;2;2023;17:29;1;35;35051;1;3;1;3;BIGNON (RUE DU);48,09936;-1,62072
202300045899;29;8;2023;14:10;1;69;69266;2;1;1;6;Rue Frédéric Mistral;45,75827;4,87653
202300045900;6;12;2023;18:20;3;51;51380;1;1;5;6;route départementale 41;48,883545;3,547983
202300045901;4;4;2023;13:30;1;51;51454;2;9;1;1;rue du Châtelet;49,24265;4,03754
202300045902;19;2;2023;15:55;1;35;35238;2;6;1;3;ROBIQUETTE (ROND POINT DE LA);48,13401;-1,6943
202300045903;29;8;2023;16:30;1;67;67482;2;3;8;3;OBERHAUSBERGEN (ROUTE D );48,59599;7,70789
202300045904;2;4;2023;16:55;1;50;50129;2;1;1;6;GLINEL (RUE ROGER);49,66533;-1,69338
202300045905;6;12;2023;12:15;1;19;19208;1;1;1;1;N/A;45,32561353;2,11001356
202300045906;19;8;2023;20:30;2;67;67482;2;3;1;6;MONTAGNE VERTE (RUE DE LA);48,5702;7,7275
202300045907;6;12;2023;21:00;3;56;56199;1;1;2;6;Lieu Dit Kerandre;48,10981;-3,697307
202300045908;3;4;2023;19:59;2;49;49007;2;1;1;7;MAINE;47,47168;-0,55934
202300045909;19;2;2023;14:10;1;35;35281;1;1;1;4;ROCADE;48,0938;-1,70908
202300045910;28;8;2023;07:20;1;67;67462;1;1;8;3;EPFIG (ROUTE D);48,28798;7,45748
202300045911;3;12;2023;23:30;5;2B;2B251;2;6;1;1;Rond point de Migliacciaru RT 10;41,999416;9,403138
202300045912;19;2;2023;09:21;1;35;35278;1;1;1;6;RD 137;48,17537764;-1,71745598
202300045913;29;8;2023;13:50;1;65;65286;1;1;1;6;RD921B-COTE DES COURRIERS;43,07510293;-0,04050674
202300045914;4;4;2023;08:40;1;49;49007;2;2;1;6;SAINT EXUPERY;47,46858;-0,53255
202300045915;18;2;2023;19:25;5;35;35238;2;3;1;6;LORIENT (DE);48,10855;-1,71194
202300045916;29;8;2023;10:25;1;64;64260;2;1;1;3;CORNICHE (ROUTE DE LA);43,37441;-1,75798
202300045917;7;12;2023;14:40;1;81;81227;2;1;1;3;52 Av de Castres;43,662721;2,282636