Num_Acc;jour;mois;an;hrmn;lum;dep;com;agg;int;atm;col;adr;lat;long
202300045918;3;4;2023;09:13;1;49;49007;1;1;1;7;CANTENAY EPINARD ROUTE;47,50444;-0,56873
202300045919;15;8;2023;18:10;1;62;62041;2;1;1;2;Rue de l’Abbe Pierre;50,29619;2,77037
202300045920;19;2;2023;12:00;1;34;34172;1;3;1;6;50 Avenue de Monsieur Teste;43,61132;3,8288
202300045921;7;12;2023;12:10;1;63;63273;2;1;1;1;Route du Pont;45,729562;3,22482
202300045922;4;4;2023;15:50;1;45;45232;2;6;1;1;802 Rue Paulin Labarre;47,85664;1,89504
202300045923;19;2;2023;19:51;5;31;31069;2;1;1;3;BD DE L'EUROPE;43,65233;1,3749
202300045924;28;8;2023;06:30;2;62;62041;2;6;1;3;Rue de Cambrai;50,28269972;2,80300695
202300045925;6;12;2023;18:55;3;49;49302;1;1;5;6;Lieu Dit les Monis;47,120187;-0,279524
202300045926;19;2;2023;18:45;5;28;28134;2;1;1;6;BOIS SABOT (RUE DU);48,73;1,36
202300045927;4;4;2023;14:05;1;38;38185;1;1;8;4;AUTOROUTE A 480;45,16538;5,70168
202300045928;28;8;2023;19:08;1;60;60057;2;1;1;6;Boulevard Jules Brière;49,42729;2,0887
202300045929;23;11;2023;13:10;1;41;41016;1;9;2;3;D976;47,289426;1,531026
202300045930;19;2;2023;05:35;5;26;26362;2;9;1;7;Avenue de Romans;44,93548;4,90953
202300045931;4;4;2023;08:00;1;38;38053;2;1;1;3;BARBUSSE;45,5921;5,27068
202300045932;29;8;2023;17:00;1;54;54498;2;2;1;3;Rue des Grands Prés;48,71378375;6,25075936
202300045933;6;12;2023;07:20;2;34;34194;2;2;1;3;Avenue de Campagnan;43,54258;3,462008
202300045934;19;2;2023;13:00;1;13;13214;2;1;1;2;CAPITAINE GEZE (BOULEVARD);43,33096;5,36901
202300045935;4;4;2023;21:25;3;37;37195;2;1;1;6;RD 88;47,39029;0,65007
202300045936;27;8;2023;15:45;1;50;50129;2;3;1;3;GAULLE (RUE DU GENERAL DE);49,65706;-1,67418
202300045937;18;2;2023;18:10;5;13;13207;2;1;1;3;RIVE NEUVE (QUAI DE);43,29282622;5,36849145
202300045938;4;4;2023;08:40;1;37;37261;2;1;1;2;CHURCHILL (BOULEVARD WINSTON);47,37337;0,69109
202300045939;29;8;2023;17:20;1;49;49328;2;1;1;3;D 93;47,24205;-0,07946
202300045940;18;2;2023;16:45;1;13;13005;2;3;1;3;GEMENOS (ROUTE DE CD2);43,29243;5,55576
202300045941;28;8;2023;16:00;1;49;49007;2;1;1;6;ROI RENE BOULEVARD;47,4667;-0,55433
202300045942;7;12;2023;17:30;3;25;25103;1;1;5;3;D104;47,16371;5,940068
202300045943;4;4;2023;07:40;1;37;37122;2;2;1;1;BEGUINE (RUE DE);47,35372;0,66953
202300045944;19;2;2023;19:15;5;13;13001;2;9;1;2;GALICE (RTE);43,52426362;5,37864335
202300045945;28;8;2023;16:25;1;47;47323;1;3;1;3;TOURNON (ROUTE DE);44,3961;0,7467
202300045946;7;12;2023;15:15;1;29;29168;1;1;2;6;Lieu Dit Kerstrat;48,03453389;-4,65344463
202300045947;4;4;2023;09:15;1;35;35238;2;6;1;3;LEROUX (BD OSCAR);48,09139;-1,65868
202300045948;19;2;2023;14:56;1;12;12145;2;1;1;1;AIGOUAL (AVENUE DE L');44,10195;3,08668
202300045949;29;8;2023;12:20;1;47;47001;2;2;1;3;MICHELET (AV.);44,19911;0,6363
202300045950;7;12;2023;16:45;2;2;2023;1;1;1;1;N/A;49,172574;3,372795
202300045951;19;2;2023;05:30;3;12;12013;2;1;1;6;TOULOUSE-LAUTREC (AVENUE);44,54281;2,24507
202300045952;4;4;2023;08:45;1;35;35278;2;1;1;4;DE GAULLE (AVENUE GENERAL);48,152662;-1,686223
202300045953;19;8;2023;17:10;1;44;44109;2;1;7;6;5 Place Emile Zola;47,21395;-1,58593
202300045954;18;2;2023;17:30;1;7;7102;2;1;1;6;Rue Pierre Curie;44,93351;4,88121
202300045955;4;4;2023;07:55;1;35;35278;2;6;1;3;BLAVET (RUE DU);48,15047852;-1,68479472
202300045956;7;12;2023;12:00;1;2;2173;2;7;1;1;24 Rue André Ternynck;49,620584;3,215191
202300045957;28;8;2023;17:15;1;37;37261;2;1;1;3;BERANGER (BOULEVARD);47,38837;0,6768
202300045958;19;2;2023;20:05;5;93;93057;2;1;1;3;Avenue Aristide Briand;48,90868572;2,49947314
202300045959;3;4;2023;17:35;1;35;35238;2;1;1;3;YSER (BD DE L');48,09204;-1,67759
202300045960;6;12;2023;18:40;5;3;3254;2;6;1;3;rue Antoine Sinturel;46,308977;3,290977
202300045961;28;8;2023;12:45;1;37;37261;2;3;1;3;STRAUSS (RUE JOHANN);47,36702;0,71072
202300045962;17;2;2023;23:50;5;75;75116;2;4;8;7;ECHANGEUR MAILLOT;48,87716914;2,27915615
202300045963;29;8;2023;10:35;1;35;35238;2;3;1;3;VERN (DE);48,09758448;-1,65482506
202300045964;19;2;2023;02:50;5;75;75110;2;1;1;6;RUE DE LA GRANGE AUX BELLES;48,874254;2,365766
202300045965;4;4;2023;09:30;1;34;34301;2;2;1;5;57 Avenue Jean Monnet;43,39787;3,66189
202300045966;29;8;2023;07:07;1;33;33529;1;1;2;3;D259;44,60145;-1,17428
202300045967;6;12;2023;15:00;1;14;14431;2;4;1;3;16 Route du Moulin;49,065208;-0,102345
202300045968;4;4;2023;21:10;5;34;34172;2;1;1;1;550 Avenue de la Justice de Castelnau;43,6263;3,87656
202300045969;19;2;2023;14:30;1;75;75112;2;4;1;3;RUE DU GENERAL DE LANGLE DE CARY;48,82826771;2,39192694
202300045970;29;8;2023;16:10;1;31;31555;2;1;1;3;Avenue de Rangueil;43,56974;1,46726
202300045971;4;4;2023;18:50;1;34;34172;2;1;1;3;Avenue de Vanières;43,59501;3,84911
202300045972;29;8;2023;20:15;1;29;29051;1;1;1;6;CORAY ROUTE DE;48,02707305;-3,96714898
202300045973;19;2;2023;20:20;5;75;75108;2;2;1;2;BOULEVARD MALESHERBES;48,87487;2,319969
202300045974;2;4;2023;17:50;1;34;34172;2;1;1;6;222 Avenue de la Justice de Castelnau;43,62709;3,87255
202300045975;7;12;2023;16:15;1;64;64093;2;4;2;7;Chemin Potto;43,216491;-0,786349
202300045976;28;8;2023;14:20;1;29;29019;2;6;1;3;179 boulevard de l'Europe;48,41333302;-4,50823009
202300045977;19;2;2023;19:55;5;94;94058;2;3;1;2;Boulevard d'Alsace-lorraine;48,850975;2,50424
202300045978;6;12;2023;17:30;5;53;53147;2;1;1;6;RN12;48,30836;-0,62361
202300045979;29;8;2023;16:21;1;25;25056;2;9;1;3;BELLAY RUE JOACHIM DU;47,21535;5,95126
202300045980;4;4;2023;16:15;1;33;33281;2;6;1;3;Avenue François Mitterrand;44,81608;-0,68022
202300045981;18;2;2023;13:00;1;94;94021;2;1;1;3;Pl du Mal de Lattre de Tassigny;48,77226;2,36737
202300045982;4;4;2023;08:30;1;31;31555;2;1;1;6;52 Boulevard de Strasbourg;43,60935;1,44508
202300045983;14;10;2023;08:30;1;85;85089;1;1;1;1;RD160;46,697049;-1,354486
202300045984;23;8;2023;08:40;1;22;22278;2;6;1;3;CROIX-MATHIAS (RD-PT DE LA);48,50871;-2,77167
202300045985;19;2;2023;17:35;1;93;93066;2;1;1;6;Avenue Marcel Cachin;48,938119;2,370769
202300045986;7;12;2023;14:36;1;30;30284;2;1;1;6;Avenue Marcel Paul;44,159014;4,082966
202300045987;4;4;2023;18:50;1;31;31483;2;3;7;1;FRANCOIS MITTERAND ( AVENUE);43,11191;0,74358
202300045988;29;8;2023;14:40;1;17;17415;2;3;1;4;ABATTOIR RUE DE L';45,75967;-0,63655
202300045989;4;4;2023;08:30;1;29;29232;1;1;7;2;Rue Marcel Paul;47,9765;-4,03168
202300045990;19;2;2023;16:26;1;93;93066;2;3;1;5;Rue de la Cokerie / Rue des Trémies;48,92128446;2,36283179
202300045991;6;12;2023;07:55;2;31;31395;1;1;1;2;A64;43,422801;1,302631
202300045992;4;4;2023;13:45;1;29;29039;2;1;1;6;Rue de Quimper;47,88813;-3,91896
202300045993;19;2;2023;19:56;5;93;93031;2;1;1;6;Parking au 41 Avenue de la Marne;48,95318;2,32666
202300045994;29;8;2023;18:30;1;15;15014;2;2;1;3;RN 122;44,912286;2,438085
202300045995;7;12;2023;07:00;2;973;97309;2;1;1;6;avenue de Lattre de Tassigny;4,912468;-52,271442
202300045996;28;8;2023;15:47;1;15;15012;1;1;1;7;RD 990;44,89385;2,45947
202300045997;19;2;2023;16:50;1;93;93008;2;3;1;6;Rue de l'Union / Avenue Paul Vaillant - Couturier;48,91032;2,44259
202300045998;2;4;2023;16:15;1;29;29019;2;3;1;3;rue Théodore Botrel;48,40645147;-4,50168839
202300045999;6;12;2023;00:15;3;33;33284;1;1;1;1;A660;44,62881984;-0,84302098
202300046000;4;4;2023;19:10;2;28;28134;2;6;1;6;ORIELS (RUE DES);48,73837;1,39029
202300046001;29;8;2023;19:30;1;14;14059;2;3;1;2;27 Avenue du Littoral;49,34883;0,05081
202300046002;26;2;2023;09:08;1;92;92072;2;4;1;6;Pont de Sèvres;48,82817;2,22583
202300046003;6;12;2023;03:00;3;11;11255;1;1;1;1;D6113;43,19001419;2,9112792
202300046004;29;8;2023;07:25;1;13;13204;2;1;1;6;ALEXIS CARREL (RUE);43,3111;5,4012
202300046005;4;4;2023;09:00;1;28;28085;2;2;1;3;RABUAN DU COUDRAY (RUE);48,4374;1,48024
202300046006;6;12;2023;07:00;2;66;66196;1;1;1;6;N/A;42,5493;2,957983
202300046007;19;2;2023;12:10;1;92;92012;2;2;1;1;JEAN JAURES (BOULEVARD) 217/FIN - 210/FI;48,82890464;2,24631384
202300046008;29;8;2023;12:00;1;13;13063;2;9;1;3;THEODORE AUBANEL BOULEVARD;43,58791;4,9995
202300046009;18;2;2023;09:05;1;24;24266;1;1;1;7;150 D710;45,223195;0,569213
202300046010;25;10;2023;07:45;2;66;66008;2;9;1;2;N/A;42,567628;3,00438
202300046011;4;4;2023;07:55;1;22;22113;2;1;5;5;MENDES FRANCE (BOULEVARD);48,73029;-3,46707
202300046012;15;2;2023;07:40;2;91;91511;2;1;1;6;133 Rue Etienne Laurent;48,34889;1,989103
202300046013;29;8;2023;10:00;1;12;12145;2;1;1;1;GABRIAC JEAN (BOULEVARD);44,09314;3,07257
202300046014;6;12;2023;18:00;3;13;13081;1;3;1;3;N Rd 113;43,509203;5,205953
202300046015;4;4;2023;07:25;1;21;21054;1;3;1;2;SEURRE (ROUTE DE);47,016602;4,876356
202300046016;20;2;2023;09:05;1;974;97422;2;1;1;6;Rue des Flamboyants;-21,281152;55,501497
202300046017;28;8;2023;16:18;1;10;10387;2;1;1;2;LOMBARDS (AVENUE);48,2717;4,0788
202300046018;7;12;2023;12:20;1;73;73139;1;1;7;1;D60 lieu dit Etre;45,65964488;6,17091134
202300046019;19;2;2023;16:15;1;974;97422;1;1;1;7;221 Rue Charles Baudelaire;-21,245697;55,493413
202300046020;28;8;2023;15:50;1;6;6083;2;1;2;6;DE GAULLE (AVENUE GENERAL);43,76977;7,492695
202300046021;4;4;2023;09:29;1;17;17461;2;6;1;3;VAL-LUMIERE (AVENUE DU);45,64616;-1,05075
202300046022;6;12;2023;21:45;3;38;38449;1;1;5;1;D518;45,620994;5,079546
202300046023;29;8;2023;17:10;1;6;6069;1;1;1;2;Pénétrante;43,6343;6,946
202300046024;4;4;2023;09:00;1;17;17461;2;1;1;2;DE GAULLE (BOULEVARD DU GAL);45,64786;-1,0604
202300046025;20;2;2023;07:20;2;30;30315;1;1;1;5;;43,94908;4,698898
202300046026;2;12;2023;20:59;3;44;44037;1;1;1;7;l’oumeau;47,099833;-1,425954
202300046027;29;8;2023;15:30;1;6;6029;2;1;1;3;CROISETTE (BOULEVARD DE LA);43,550219;7,023749
202300046028;19;2;2023;13:00;1;19;19073;1;1;1;6;rue de St Yrieix;45,432344;2,008599
202300046029;7;12;2023;08:30;2;35;35012;2;9;3;6;avenue du bois greffier;47,848116;-1,693429
202300046030;18;2;2023;01:10;3;82;82098;1;1;1;6;Route de Saint Etienne de Tulmont;44,020479;1,453167
202300046031;29;8;2023;13:45;1;75;75120;2;1;1;2;PORTE DE MONTREUIL;48,857224;2,414234
202300046032;28;3;2023;10:45;1;14;14181;1;6;1;6;Route de Soliers;49,147;-0,31893
202300046033;18;2;2023;03:00;3;11;11434;1;1;1;3;N/A;43,274721;2,102487
202300046034;6;12;2023;15:35;1;60;60141;2;1;1;2;Avenue du Général Leclerc;49,184203;2,459725
202300046035;29;8;2023;19:25;1;75;75119;2;1;1;3;BOULEVARD DE LA VILLETTE;48,874827;2,374008
202300046036;4;4;2023;19:40;1;13;13201;2;1;1;3;LIBERATION (BOULEVARD)  1 A 65;43,2999;5,3874
202300046037;6;12;2023;13:20;1;80;80182;2;2;1;6;93 Rue Anatole Mopin;50,185435;1,503426
202300046038;20;2;2023;17:45;1;89;89069;2;1;1;2;12 Rue de la Cour Saint Martin;48,028552;3,738055
202300046039;29;8;2023;18:00;1;75;75118;2;2;1;3;BOULEVARD BARBES;48,888361;2,349572
202300046040;20;2;2023;11:30;1;29;29048;1;1;1;7;Stang Kergourlay;48,135149;-4,0017061
202300046041;6;12;2023;07:00;3;59;59255;1;1;1;2;Rue d'Aubencheul - Départemental 71;50,254448;3,182251
202300046042;19;2;2023;15:20;1;38;38206;1;1;1;6;D528;45,252907;5,95959
202300046043;29;8;2023;20:30;2;75;75117;2;2;1;6;AVENUE DE WAGRAM;48,880982;2,300275
202300046044;4;4;2023;19:36;1;13;13215;2;9;1;3;MADRAGUE VILLE (chemin de la);43,34532;5,3546
202300046045;19;2;2023;20:00;3;2;2306;2;1;1;6;16 rue du Petit Marais;49,738262;3,557349
202300046046;6;12;2023;19:50;3;94;94038;1;1;1;2;A6B;48,77431145;2,34553563
202300046047;4;4;2023;15:00;1;13;13002;2;1;1;2;7 RMENT DE TIRAILLEURS ALGERIENS (AVENUE;43,33839232;5,46869697
202300046048;29;8;2023;14:30;1;75;75115;2;2;1;3;RUE DE VAUGIRARD;48,841111;2,30369
202300046049;5;12;2023;19:00;3;92;92036;1;1;1;3;A86;48,93457005;2,26855543
202300046050;28;8;2023;20:40;2;75;75114;2;1;1;6;VILLA DE LOURCINE;48,831684;2,338689
202300046051;19;2;2023;19:00;5;66;66106;2;1;1;6;;42,490478;2,8097051
202300046052;29;8;2023;18:20;1;75;75113;2;1;1;1;PONT CHARLES DE GAULLE;48,84227754;2,36853004
202300046053;5;12;2023;16:11;1;92;92064;1;9;1;6;A13;48,839082;2,21705493
202300046054;3;4;2023;22:47;5;13;13214;2;2;1;3;PLOMBIERES (BOULEVARD DES);43,31897;5,37918
202300046055;28;8;2023;12:30;1;75;75113;2;3;2;3;BOULEVARD DE L HOPITAL;48,834572;2,3578
202300046056;5;12;2023;15:30;1;78;78322;1;1;8;6;RN12 EXT;48,781431;2,167443
202300046057;19;2;2023;10:05;1;9;9318;1;1;1;6;N20;42,753961;1,770794
202300046058;3;4;2023;15:55;1;13;13207;2;1;1;1;Corniche John Fitzgérald Kennedy;43,28573;5,35089
202300046059;29;8;2023;18:30;1;75;75112;2;2;1;3;AVENUE LEDRU ROLLIN;48,846845;2,369395
202300046060;5;12;2023;08:20;1;78;78466;1;1;2;2;A13;48,932266;1,976196
202300046061;19;2;2023;16:00;1;36;36221;1;1;1;3;route des baudins;46,64469733;2,08705942
202300046062;18;2;2023;13:00;1;4;4124;1;1;1;6;RD11;43,757085;6,078529
202300046063;4;4;2023;11:20;1;13;13005;2;1;1;2;LAGUNAS (AVENUE SIMON);43,29316192;5,56325331
202300046064;29;8;2023;10:14;1;75;75108;2;2;1;3;RUE DE LA PEPINIERE;48,875194;2,323838
202300046065;5;12;2023;08:30;1;78;78117;1;1;2;4;RN12;48,78753;2,146518
202300046066;20;2;2023;11:40;1;37;37028;1;1;1;6;Le Pontreau;46,827177;0,978507
202300046067;4;4;2023;20:00;1;9;9225;2;2;1;3;BOURIETTE AVENUE DE LA;43,10358;1,63
202300046068;28;8;2023;20:40;2;94;94068;2;3;1;2;Boulevard de Créteil;48,79795886;2,49504635
202300046069;5;12;2023;08:40;1;92;92025;1;1;2;2;A86;48,9330032;2,25090697
202300046070;20;2;2023;09:20;1;88;88075;2;1;1;6;Rue Paul Claudel;48,006491;6,879035
202300046071;24;8;2023;11:34;1;94;94042;2;5;8;3;Quai de la Marne;48,82026;2,46734
202300046072;18;2;2023;12:40;1;987;98738;2;1;1;6;route du MIL DELICES PK 12.600;-17,618;-149,549
202300046073;4;4;2023;17:15;1;9;9122;2;3;1;2;RD 919;42,987709;1,615809
202300046074;6;12;2023;19:00;3;77;77258;1;1;1;2;A4.W;48,83202658;2,64943037
202300046075;28;8;2023;16:50;1;94;94042;2;1;1;3;Rue Jean Mermoz;48,819932;2,465276
202300046076;3;4;2023;18:40;1;7;7146;1;1;1;6;PLAINE DE LIVIERS;44,75379;4,5804
202300046077;19;2;2023;13:30;1;988;98805;2;1;1;6;Rue Johan Strauss;-22,203389;166,469253
202300046078;6;12;2023;15:35;2;94;94017;1;1;1;3;A4;48,8268961;2,5128995
202300046079;29;8;2023;09:55;1;94;94076;2;1;1;3;Avenue de Paris;48,80613;2,36356
202300046080;4;4;2023;21:25;5;6;6088;2;1;1;6;VEIL (AV. SIMONE);43,68875;7,20162
202300046081;19;2;2023;13:00;1;13;13112;1;1;1;1;CHEMIN DE LA JOSEPHINE;43,533056;5,259136
202300046082;5;12;2023;22:10;4;77;77363;1;1;8;3;A104;48,9147116;2,63454857
202300046083;29;8;2023;09:00;1;94;94041;2;6;7;6;Rue Jean-Baptiste Renoult;48,80525;2,38939
202300046084;21;3;2023;10:00;1;44;44154;1;1;1;4;N/A;47,26736926;-2,16147222
202300046085;9;2;2023;23:40;3;86;86116;1;1;1;2;A10;46,499361;0,094232
202300046086;27;8;2023;15:36;1;94;94028;2;5;1;3;Avenue de Verdun;48,79362968;2,46090035
202300046087;4;4;2023;22:35;5;6;6069;2;3;1;3;PAGNOL (BOULEVARD MARCEL);43,64;6,94
202300046088;30;9;2023;15:20;1;19;19031;2;1;1;6;ALVITRE (AVENUE ABBE);45,15204849;1,50363189
202300046089;20;2;2023;08:45;1;24;24026;2;1;1;6;D45e;45,181281;0,907381
202300046090;29;8;2023;08:20;1;94;94022;2;9;1;1;Avenue Victor Hugo;48,76889258;2,42065005
202300046091;20;2;2023;09:15;1;21;21405;1;1;1;6;Autoroute A6, sens Paris/Lyon, PK 313+900;46,93966295;4,82518816
202300046092;3;4;2023;14:15;1;3;3185;2;2;1;3;GRANDS PRES ( RUE DES );46,33568;2,60461
202300046093;27;9;2023;14:00;1;19;19031;2;1;1;3;ALVITRE (AVENUE ABBE);45,15393;1,51074
202300046094;19;2;2023;22:25;3;971;97129;1;1;1;2;Bellevue;16,317565;-61,687653
202300046095;29;8;2023;22:05;5;93;93050;2;3;1;3;Rue du General Donzelot / Rue Abel Tuffier;48,85797176;2,54080465
202300046096;6;10;2023;12:40;1;74;74012;2;1;1;3;LECLERC (AVENUE DU MARECHAL);46,18919;6,24911
202300046097;3;4;2023;12:45;1;83;83144;1;1;1;2;A57;43,13355886;5,98528004
202300046098;18;2;2023;09:55;1;41;41206;2;3;1;1;Chemin de Pissevin;47,6215533;1,379857
202300046099;29;8;2023;13:25;1;93;93048;2;1;1;2;Boulevard Rouget de Lisle;48,860108;2,439068
202300046100;4;10;2023;07:50;1;74;74026;1;1;1;3;Rd 1508;45,962621;6,035957
202300046101;4;4;2023;14:50;1;75;75120;2;2;1;6;RUE DES PYRENEES;48,852696;2,406121
202300046102;20;2;2023;15:50;1;78;78062;1;1;1;1;route de saulx-marchais;48,849676;1,852859
202300046103;28;8;2023;23:20;5;93;93005;2;2;1;3;MAXIMILIEN ROBESPIERRE (RUE);48,9478958;2,50147365
202300046104;5;10;2023;17:10;1;74;74010;1;1;7;5;A41;45,907661;6,094719
202300046105;20;2;2023;08:30;1;13;13099;1;1;1;3;RD 952;43,710106;5,769153
202300046106;4;4;2023;00:00;5;75;75120;2;2;1;3;BOULEVARD MORTIER;48,867948;2,408881
202300046107;19;2;2023;18:45;4;73;73213;1;1;1;6;D1006;45,567046;5,964782
202300046108;4;10;2023;19:24;2;74;74010;2;1;1;1;MARQUISATS (AVENUE DES);45,886521;6,142952
202300046109;20;2;2023;15:30;1;26;26168;1;1;1;6;Lus la Croix Haute ? RD1075;44,669217;5,698267
202300046110;29;8;2023;10:15;1;92;92044;2;2;1;3;CAMILLE PELLETAN(RUE)17 + ET 14+;48,89638;2,29152
202300046111;5;10;2023;15:40;1;74;74010;1;1;1;1;RD 1201;45,958676;6,129051
202300046112;4;4;2023;20:05;1;75;75119;2;1;1;5;RUE DE CRIMEE;48,894416;2,372684
202300046113;19;2;2023;01:00;5;69;69284;2;6;1;6;Rue des Echets;45,882133;4,873488
202300046114;5;10;2023;06:15;3;74;74160;1;1;1;7;Route du col de merdassier;45,874578;6,416037
202300046115;29;8;2023;08:00;1;92;92024;2;2;1;6;GEORGES BOISSEAU (RUE);48,90359881;2,31736825
202300046116;18;2;2023;13:05;1;81;81236;1;1;1;6;D112 PK 86.480;43,68387918;1,75407748
202300046117;22;3;2023;18:25;1;75;75119;2;2;1;1;AVENUE JEAN JAURES;48,886563;2,384634
202300046118;1;10;2023;22:30;4;74;74050;1;1;1;6;D40;46,222669;6,435038
202300046119;28;8;2023;20:15;1;92;92024;2;2;1;2;MADAME DE SANZILLON (RUE);48,90357547;2,31755018
202300046120;14;9;2023;06:00;5;74;74010;2;1;1;6;CARNOT (RUE);45,90421;6,12452
202300046121;4;4;2023;20:20;5;75;75118;2;2;1;3;RUE DE TORCY;48,891251;2,363284
202300046122;29;8;2023;03:00;3;92;92032;2;1;1;6;FOCH MARECHAL (AVENUE DU);48,78833;2,30126
202300046123;12;8;2023;23:10;3;74;74312;1;1;1;6;A40 PK29.5;46,06842095;6,48170024
202300046124;4;4;2023;12:40;1;75;75118;2;1;1;6;RUE MARCADET;48,892884;2,328347
202300046125;19;2;2023;16:10;1;31;31478;1;1;1;5;D622;43,450057;1,903918
202300046126;30;9;2023;02:40;5;971;97113;1;1;1;7;RN4-ROND POINT SAINT FELIX;16,20716424;-61,45617843
202300046127;29;8;2023;19:40;1;92;92012;2;1;1;1;REINE (ROUTE DE LA) 39/107 BIS;48,83978;2,23916
202300046128;20;2;2023;02:15;4;60;60134;1;1;1;6;D916a;49,316833;2,441715
202300046129;4;4;2023;19:00;1;75;75117;2;3;1;6;RUE PONCELET;48,879075;2,296871
202300046130;6;10;2023;12:50;1;74;74010;2;3;1;6;PAIX;45,90404;6,12883
202300046131;21;8;2023;17:35;1;54;54250;1;1;1;1;RD 80;48,652546;6,341976
202300046132;20;2;2023;17:30;2;80;80485;1;2;1;3;D210;49,767635;2,190887
202300046133;4;4;2023;09:15;1;75;75117;2;2;1;3;AVENUE DE WAGRAM;48,885273;2,303349
202300046134;6;10;2023;23:15;3;34;34032;2;1;1;6;COMTE DE NICE (RUE DU);43,35338;3,23591
202300046135;18;2;2023;05:30;4;59;59055;2;1;1;6;Grand Rue;50,091894;3,589973
202300046136;12;8;2023;14:20;1;13;13096;1;1;1;6;D570;43,459712;4,423926
202300046137;29;8;2023;10:06;1;26;26139;1;1;1;1;Route de Romans;45,070975;5,077786
202300046138;4;4;2023;08:55;1;75;75117;2;3;1;3;AVENUE DE LA PORTE D ASNIERES;48,890619;2,303117
202300046139;30;8;2023;07:20;2;86;86182;1;1;1;6;D757;46,906968;0,312231
202300046140;5;12;2023;09:25;1;988;98818;2;1;1;2;Rue du Frère GERMAIN;-22,23454;166,48475
202300046141;19;2;2023;12:35;1;13;13015;1;1;1;2;A515CM-sortie Gardanne/Bouc Bel Air;43,42963202;5,39817095
202300046142;1;12;2023;03:40;3;987;98735;2;9;1;7;DESTREMEAU (RUE URANIE);-17,325;-149,3451
202300046143;29;8;2023;20:16;2;6;6149;2;1;1;2;M2204;43,73322;7,294697
202300046144;3;4;2023;23:00;5;75;75117;2;2;1;3;BOULEVARD BESSIERES;48,897588;2,324131
202300046145;18;2;2023;12:44;1;13;13212;1;1;1;2;A507 sens Aubagne- Marseille;43,2919;5,42446
202300046146;30;8;2023;04:20;4;71;71417;2;1;1;6;15 Route de Joncy;46,613371;4,660918
202300046147;30;11;2023;21:35;5;987;98736;2;1;1;5;CHARLES DE GAULLE (AV);-17,55955332;-149,5219859
202300046148;18;2;2023;23:30;3;69;69005;1;1;2;6;Autoroute 46;45,92899;4,74274
202300046149;4;4;2023;17:10;1;75;75116;2;2;1;3;AVENUE KLEBER;48,86891;2,291493
202300046150;29;8;2023;16:20;1;51;51592;1;1;1;7;Vandières;49,109093;3,73193
202300046151;5;12;2023;16:20;1;976;97611;2;1;1;1;mamoudzou centre-Haladi Selemani ( rue );-12,77677;45,22603
202300046152;19;2;2023;16:45;1;91;91340;1;1;1;2;AUTOROUTE A6;48,60053;2,4393
202300046153;4;4;2023;06:35;1;75;75115;2;3;1;7;RUE FALGUIERE;48,837589;2,310975
202300046154;18;2;2023;18:25;1;91;91661;1;1;1;2;AUTOROUTE A10;48,68926;2,21995
202300046155;29;8;2023;18:30;1;87;87038;1;1;1;6;Lieu-dit Puy de l'Eau;45,91163;1,239685
202300046156;4;12;2023;07:45;1;974;97411;2;4;1;3;JAURES (BLD 2 JEAN);-20,89;55,4635
202300046157;3;4;2023;19:45;2;75;75114;2;2;1;3;BOULEVARD ROMAIN ROLLAND;48,8208;2,321048
202300046158;30;8;2023;14:25;1;62;62180;1;1;1;6;D 941;50,413727;2,386705
202300046159;5;12;2023;07:47;1;973;97302;2;9;2;3;MONTABO (ROUTE DE) 2;4,93667;-52,29702
202300046160;19;2;2023;16:50;1;92;92036;1;9;1;4;A86;48,9364031;2,28946318
202300046161;27;8;2023;17:30;1;19;19035;1;1;1;6;D39;45,307288;1,339111
202300046162;4;4;2023;09:20;1;75;75113;2;2;1;6;BOULEVARD MASSENA;48,819138;2,359503
202300046163;5;12;2023;07:30;2;69;69388;2;3;1;6;Avenue Paul Santy;45,73549;4,87033
202300046164;4;4;2023;18:00;1;75;75112;2;1;1;2;QUAI DE BERCY;48,84232;2,371814
202300046165;29;8;2023;20:15;1;19;19025;1;1;1;7;route des Palisses;45,41192579;1,29341483
202300046166;4;4;2023;20:00;2;75;75112;2;1;1;3;RUE CROZATIER;48,847491;2,381147
202300046167;4;12;2023;12:30;1;972;97213;1;1;1;5;ROUTE DEPARTEMENTALE 3;14,62608;-60,98946
202300046168;29;7;2023;19:00;1;19;19012;1;1;1;3;ROUTE DE LA NOIX;44,955521;1,838429
202300046169;19;2;2023;15:00;1;78;78402;1;1;1;5;A13;48,9641;1,775189
202300046170;5;12;2023;19:00;5;69;69385;2;1;1;6;9 Avenue de Ménival;45,75588;4,78809
202300046171;4;4;2023;19:50;2;75;75110;2;2;1;3;BOULEVARD DE LA CHAPELLE;48,884238;2,364627
202300046172;19;2;2023;02:26;3;78;78217;1;1;1;2;A13;48,963155;1,834819
202300046173;5;12;2023;08:05;2;69;69385;2;1;2;3;13 Rue François Génin;45,75486622;4,79630442
202300046174;29;8;2023;18:45;2;79;79278;1;2;1;3;D738;46,597605;-0,115429
202300046175;19;2;2023;04:00;3;93;93066;1;1;1;6;AUTOROUTE A86;48,92475;2,34108
202300046176;4;4;2023;14:42;1;75;75107;2;1;1;3;AVENUE DE LA MOTTE PICQUET;48,855039;2,306628
202300046177;25;8;2023;21:15;3;33;33506;1;1;1;6;route de Monségur;44,68248219;-0,06283343
202300046178;18;2;2023;21:30;3;92;92036;1;1;1;2;AUTOROUTE A86;48,93851705;2,30001759