Num_Acc;jour;mois;an;hrmn;lum;dep;com;agg;int;atm;col;adr;lat;long
202300046179;5;12;2023;09:15;1;69;69382;2;2;1;3;25 Rue Ravat;45,74376;4,82474
202300046180;4;4;2023;10:45;1;75;75107;2;3;1;3;AVENUE DE BRETEUIL;48,848839;2,311427
202300046181;18;2;2023;20:15;3;92;92036;1;1;1;2;AUTOROUTE A15;48,94355783;2,28738079
202300046182;4;12;2023;10:10;1;971;97101;2;1;1;2;ACHILLE RENE BOISNEUF (RUE);16,26656956;-61,50910378
202300046183;28;8;2023;17:19;1;63;63055;1;1;2;3;La Garenne;45,842819;2,791241
202300046184;4;4;2023;13:10;1;75;75103;2;2;1;3;RUE DE BRETAGNE;48,864693;2,359723
202300046185;4;12;2023;20:15;5;2A;2A004;2;1;3;6;NAPOLEON COURS AVANT BEVERINI;41,92118;8,73728
202300046186;18;2;2023;10:45;1;13;13212;2;1;1;6;SAINT JULIEN (AVENUE DE );43,30626;5,42003
202300046187;28;8;2023;09:00;1;12;12244;2;1;1;2;Avenue du Pont du Tarn;44,04945;2,898084
202300046188;27;3;2023;11:30;1;94;94081;2;1;1;6;Rue de la Petite Saussaie;48,78478843;2,38771614
202300046189;5;12;2023;09:00;1;95;95197;1;1;3;6;ABEL FAUVEAU (RUE) ;48,96171189;2,32681096
202300046190;29;8;2023;16:55;1;39;39106;1;1;1;6;N/A;46,474672;5,723544
202300046191;17;2;2023;07:15;2;25;25547;2;2;2;3;PONTARLIER (RUE DE);47,51467;6,83437
202300046192;3;4;2023;18:50;2;94;94068;2;2;1;6;Rue Vassal;48,79344;2,47866
202300046193;5;12;2023;08:25;2;95;95176;2;1;1;3;D121;48,958179;2,196016
202300046194;29;8;2023;18:15;1;25;25434;2;9;1;7;Allee de la Tour de Peilz;47,10118;6,161206
202300046195;17;2;2023;12:55;1;974;97416;2;2;1;1;AMANDIERS (CHEMIN DES);-21,30075;55,46019
202300046196;4;12;2023;06:50;5;91;91216;2;1;3;3;CORBEIL (RUE);48,66762;2,3329
202300046197;4;4;2023;10:00;1;94;94043;2;1;1;1;30 Rue Carnot;48,80901;2,36624
202300046198;29;8;2023;05:00;2;2;2358;1;1;1;6;4 Rue de Bohain;49,944788;3,516278
202300046199;18;2;2023;07:20;1;974;97411;2;1;1;2;JAURES (BLD 1 JEAN);-20,89009;55,46086
202300046200;4;4;2023;12:45;1;94;94041;2;1;1;3;22 Rue Amédée Huon;48,80479;2,387305
202300046201;5;12;2023;02:20;5;91;91161;2;3;1;3;RUE HELENE BOUCHER;48,71774;2,30722
202300046202;26;8;2023;08:35;1;72;72281;2;1;1;7;Rue de la Mairie;48,199546;0,501482
202300046203;3;4;2023;14:22;1;94;94028;2;9;1;6;Avenue du Général de Gaulle;48,77869;2,45745
202300046204;18;2;2023;16:00;1;69;69382;2;3;1;6;Quai Docteur Gailleton;45,75723;4,83691
202300046205;5;12;2023;15:50;1;91;91201;2;9;2;3;BD HENRI BARBUSSE;48,69365;2,4133
202300046206;4;4;2023;18:10;1;94;94022;2;1;1;3;Av de Villeneuve Saint Georges;48,76463;2,41633
202300046207;30;8;2023;12:50;1;60;60509;2;1;1;5;Avenue d’Auvelais;49,316317;2,603803
202300046208;18;2;2023;12:00;1;971;97120;2;1;1;6;BEAUPERTHUY;16,24251;-61,53595
202300046209;5;12;2023;17:30;5;91;91589;2;2;1;6;AV PAUL SUMIEN;48,6846;2,36709
202300046210;4;4;2023;19:05;1;94;94017;2;1;1;6;Avenue de la République;48,81855;2,51148
202300046211;18;2;2023;05:20;2;971;97101;1;1;2;2;PERRIN (SECTEUR);16,27507;-61,50936
202300046212;30;8;2023;18:50;1;60;60178;2;2;1;2;Avenue de la Libération;49,606559;2,069753
202300046213;5;12;2023;11:40;1;91;91687;2;3;2;3;JEAN CHARCOT (AVENUE);48,659;2,36432
202300046214;17;2;2023;17:40;1;2A;2A004;2;1;1;2;CANDIA;41,93448;8,74552
202300046215;30;8;2023;15:25;1;64;64274;1;1;3;7;RD15;43,177141;-1,301451
202300046216;4;12;2023;00:14;3;87;87085;1;1;1;6;AUTOROUTE A20;45,89809;1,29383
202300046217;3;4;2023;18:20;1;94;94017;2;2;1;5;63 Rue de l'Egalité;48,81880535;2,52029443
202300046218;4;4;2023;14:35;1;94;94071;2;3;1;2;Rue Albert Dru;48,762717;2,519596
202300046219;18;2;2023;15:20;1;91;91433;1;1;1;2;R.D.20;48,45847;2,17753
202300046220;30;8;2023;12:25;1;64;64297;1;1;3;4;RD933;43,183087;-1,175559
202300046221;3;12;2023;21:40;5;87;87085;2;2;1;3;GAMBETTA (BOULEVARD);45,82773;1,25814
202300046222;3;12;2023;00:47;5;87;87085;2;1;1;7;GAUTIER (RUE THEOPHILE);45,84543;1,25557
202300046223;4;4;2023;16:10;1;93;93050;2;1;1;2;Avenue Jean Jaures;48,865392;2,561241
202300046224;30;8;2023;18:04;1;85;85018;1;2;7;3;la case du dely;46,8781665;-2,058531
202300046225;5;12;2023;16:35;1;83;83126;2;3;1;2;GIOVANNINI (CORNICHE PHILIPPE);43,10239;5,90158
202300046226;28;8;2023;15:48;1;85;85234;2;1;1;3;Avenue de baisse;46,77490149;-2,03743815
202300046227;3;4;2023;11:15;1;93;93032;2;3;1;3;Avenue Clovis / Avenue de l'Etoile d'Or;48,88053474;2,56959357
202300046228;18;2;2023;19:00;2;74;74012;2;1;1;1;BONNEVILLE (ROUTE DE);46,18775;6,23593
202300046229;28;11;2023;16:30;1;83;83129;2;1;1;6;FONT DE FILLOL (RC ET T);43,09835;5,82688
202300046230;4;4;2023;17:20;1;93;93079;2;1;1;6;Avenue Jean-baptiste Clément;48,955929;2,338751
202300046231;29;8;2023;19:20;1;85;85051;1;1;1;1;RD 31;46,67409392;-1,02567221
202300046232;18;2;2023;18:20;1;64;64102;2;1;1;2;SOULT (AVENUE MARECHAL);43,4869;-1,4867
202300046233;29;8;2023;18:40;1;87;87187;2;1;1;7;Rue des Salines;45,506813;1,205996
202300046234;4;12;2023;17:30;3;79;79191;2;1;2;5;N/A;46,31146;-0,42586
202300046235;3;4;2023;17:15;1;93;93013;2;1;1;3;Avenue de la Division Leclerc;48,93604;2,42709
202300046236;18;2;2023;12:50;1;64;64024;2;1;1;2;BAYONNE (AVENUE DE);43,48221;-1,5074
202300046237;19;8;2023;15:25;1;87;87103;2;3;1;3;Rue du 8 Mai 1945;46,009696;1,17566
202300046238;18;2;2023;09:38;1;64;64024;2;1;1;6;Rue de Hardoy;43,49334;-1,50878
202300046239;4;4;2023;18:00;1;93;93047;2;2;1;3;Avenue du Muguet / Avenue Emile Cossonneau;48,89433;2,54959
202300046240;5;12;2023;16:45;1;78;78650;2;2;1;3;CARNOT (BOULEVARD);48,89666;2,11992
202300046241;29;8;2023;14:00;1;68;68375;2;1;1;2;Route du Wahlweg;47,787758;7,233129
202300046242;3;4;2023;19:20;1;92;92036;2;3;1;3;GENERAL DE GAULLE (AVENUE) (PAIRS);48,93374411;2,31347367
202300046243;17;2;2023;20:15;5;59;59392;2;3;2;6;AVESNES (ROUTE D');50,27153363;3,97045147
202300046244;24;10;2023;13:30;1;78;78621;1;3;1;3;FRERES LUMIERE (AVENUE DES);48,764328;2,000735
202300046245;30;8;2023;13:30;1;5;5103;1;1;1;6;Autoroute A51 - PK.127;44,283523;5,899422
202300046246;18;2;2023;18:40;5;59;59560;2;1;1;3;BOUVRY ROGER RUE;50,54971;3,02935
202300046247;5;12;2023;21:05;5;77;77337;2;1;1;3;PIERRE MENDES FRANCE (AVENUE);48,84102;2,61385
202300046248;4;4;2023;09:30;1;92;92024;2;3;1;7;GENERAL LECLERC (RUE DU) DE (59 ET PLUS);48,90367135;2,311977
202300046249;29;8;2023;17:33;1;1;1228;1;1;8;6;A40, PK127+400, sens 2 (Macon-Geneve);46,132921;5,522132
202300046250;4;4;2023;19:15;1;92;92004;2;9;1;7;DOCTEUR DERVAUX  ( QUAI DU );48,907937;2,292544
202300046251;18;2;2023;16:55;1;54;54328;2;1;1;7;BAS DE LA COTE (RUE DU);48,61417;6,16203
202300046252;4;12;2023;18:00;5;77;77449;2;1;3;6;CRS DE L ELBE;48,85704;2,78573
202300046253;29;8;2023;18:55;1;34;34337;1;1;1;1;d116;43,524857;3,837812
202300046254;18;2;2023;05:25;3;42;42187;2;6;1;6;Boulevard Baron du Marais;46,0401;4,06352
202300046255;30;3;2023;18:40;1;92;92004;2;1;1;6;GRESILLONS ( AVENUE DES  );48,91617241;2,30461903
202300046256;5;12;2023;03:25;5;77;77131;2;1;2;6;D402;48,81332;3,07873
202300046257;29;8;2023;14:00;1;971;97103;2;1;1;4;RN1 sortie Destreland;16,251975;-61,586308
202300046258;4;4;2023;18:50;2;92;92002;2;9;1;2;DIVISION LECLERC (53 A 217 - 58 A 186);48,74214;2,30271
202300046259;5;12;2023;08:25;1;76;76351;2;1;2;7;DENIS PAPIN (PONT);49,49459;0,13801
202300046260;18;2;2023;06:00;5;42;42095;2;1;1;3;Rue de la République;45,39319919;4,29535939
202300046261;29;8;2023;07:00;1;971;97124;2;3;1;3;Rue Joseph Pitat;16,016712;-61,708207
202300046262;4;4;2023;19:10;2;51;51455;1;1;1;3;D58;48,72207;4,668717
202300046263;5;12;2023;17:10;2;70;70550;2;3;2;6;GIRARDOT (RUE DU COMMANDANT);47,61824;6,154088
202300046264;18;2;2023;03:35;3;38;38158;1;1;1;2;N87;45,15307;5,74154
202300046265;29;8;2023;17:30;1;77;77171;2;1;1;7;Avenue Charles de Gaulle;48,896391;2,810553
202300046266;4;4;2023;19:40;1;41;41150;2;1;1;2;Route de Blois;47,562551;1,441703
202300046267;29;8;2023;08:20;1;77;77529;1;1;1;6;D21;48,822279;2,875969
202300046268;18;2;2023;12:10;1;37;37261;2;3;8;6;WAGNER (BOULEVARD RICHARD);47,37692;0,71358
202300046269;4;12;2023;05:20;5;67;67482;2;1;8;2;RHIN (AVENUE DU);48,57296;7,78798
202300046270;28;8;2023;15:15;1;13;13094;1;1;1;7;D32;43,813411;4,751565
202300046271;4;4;2023;06:45;2;17;17142;2;3;1;3;Rue Jacques Archambault;46,1902;-1,071736
202300046272;18;2;2023;13:55;1;35;35238;2;1;1;6;SUEDE (DE);48,08674387;-1,67604402
202300046273;4;12;2023;18:00;2;66;66136;2;3;1;6;PALAIS-DES-EXPO (AVENUE DU);42,70528;2,89464
202300046274;17;2;2023;07:45;2;34;34301;2;9;5;3;4 Rue du Football;43,41082;3,677016
202300046275;28;8;2023;15:50;1;67;67529;1;1;1;4;D94;48,70755495;7,84915646
202300046276;4;4;2023;12:05;1;26;26009;2;1;1;2;32 RN7 Creux de la Thine;45,260085;4,823214
202300046277;5;12;2023;19:40;5;64;64545;1;9;2;1;RD810;43,37559;-1,67756
202300046278;5;4;2023;17:00;1;42;42320;1;1;1;6;Route de Saint Romain;45,55232;4,521866
202300046279;18;2;2023;20:30;5;33;33249;2;1;1;5;Avenue Carnot;44,86556;-0,51482
202300046280;29;8;2023;17:50;1;79;79042;1;1;1;7;N/A;46,377654;-0,07959
202300046281;4;4;2023;16:40;1;62;62230;2;1;1;2;D224;50,74189321;1,82153986
202300046282;26;8;2023;22:30;3;86;86115;2;1;1;7;D62;46,68413;0,35547
202300046283;17;2;2023;17:25;1;31;31555;1;1;1;2;30 PONTS JUMEAUX  (PERIPH OUEST A620);43,60896;1,41199
202300046284;5;12;2023;18:50;5;64;64284;2;1;1;4;RAUSKI;43,26935;-0,38916
202300046285;30;8;2023;11:20;1;50;50041;1;1;1;6;herquemoulin rd403;49,661933;-1,86906
202300046286;5;4;2023;17:29;1;2B;2B299;1;1;1;6;Caldane;42,427773;9,4276
202300046287;18;2;2023;19:50;5;30;30028;2;1;1;5;Route d'Avignon;44,15597449;4,63786161
202300046288;28;7;2023;16:45;1;35;35228;1;4;1;3;D168;48,588446;-2,11843
202300046289;5;12;2023;18:15;5;64;64445;2;1;1;3;DUFAU;43,31101;-0,36322
202300046290;30;8;2023;15:00;1;35;35001;2;1;1;3;14 Rue Saint-Exupéry;48,136007;-1,541447
202300046291;17;2;2023;17:50;1;29;29039;2;2;1;1;Kerose;47,87424;-3,90526
202300046292;5;12;2023;15:35;1;64;64445;2;6;8;2;EUROPE DE L';43,33005;-0,35525
202300046293;23;8;2023;12:53;1;27;27022;2;1;1;3;Rue de la Chartreuse;49,16992;1,349376
202300046294;17;2;2023;20:25;3;19;19275;1;1;1;5;NEUVIC (ROUTE DE);45,5641841;2,29991913
202300046295;5;12;2023;09:45;1;64;64129;2;3;2;3;PIEDMONT DU;43,30559;-0,40112
202300046296;30;8;2023;15:11;1;2;2381;2;4;1;3;48 Rue Charles de Gaulle;49,921968;4,083186
202300046297;17;2;2023;20:40;5;18;18279;2;1;1;6;25 Rue Gourdon;47,22453;2,06555
202300046298;29;11;2023;17:10;3;62;62250;2;1;1;6;D919;50,44791881;2,94403142
202300046299;29;8;2023;20:05;1;13;13022;1;1;1;2;A50-Sens Toulon vers Aubagne;43,2188;5,5814
202300046300;2;12;2023;14:30;1;62;62510;1;1;1;6;D58;50,42288;2,77694
202300046301;5;4;2023;07:00;2;71;71133;2;1;1;3;Route de gothard;46,285683;4,298894
202300046302;29;8;2023;09:35;1;13;13214;1;1;1;2;A7-Sens Lyon vers Marseille;43,3378419;5,37676383
202300046303;2;12;2023;22:05;5;62;62464;1;1;8;6;D39;50,48710283;2,80118369
202300046304;18;3;2023;20:25;3;71;71324;1;1;1;7;D69;46,746294;4,66176
202300046305;28;8;2023;13:55;1;83;83144;1;1;1;2;A57;43,13301051;5,98331823
202300046306;4;4;2023;18:20;1;49;49331;2;1;1;6;Rue Georges Bachelot;47,69843;-0,960698
202300046307;5;12;2023;10:55;1;61;61001;2;6;2;3;VC;48,42555;0,0631
202300046308;29;8;2023;17:20;1;92;92002;1;1;1;3;AUTOROUTE A86;48,76265903;2,30300964
202300046309;3;4;2023;09:00;1;12;12307;1;1;1;6;D199;44,186297;2,83812
202300046310;29;8;2023;02:53;4;91;91340;1;1;1;7;RN 104;48,60938;2,43948
202300046311;5;12;2023;11:35;1;61;61001;2;6;2;3;D438;48,44443;0,09915
202300046312;2;4;2023;19:00;1;68;68067;1;1;1;7;Courtavon;47,460543;7,209719
202300046313;5;12;2023;18:56;4;59;59350;2;1;8;6;EUGENE IMBERT DE LA PHALECQUE;50,63342468;2,98894364
202300046314;28;8;2023;18:15;1;92;92036;1;1;1;4;A86;48,93699329;2,29326176
202300046315;28;8;2023;17:30;1;93;93005;1;1;1;3;AUTOROUTE A1;48,96072159;2,46789896
202300046316;2;12;2023;12:19;1;57;57672;2;1;1;6;ALBERT 1ER (AVENUE) - IMPAIR;49,36512;6,16853
202300046317;28;8;2023;16:40;1;93;93010;1;1;1;3;AUTOROUTE A3;48,90396716;2,47131617
202300046318;28;8;2023;04:30;5;93;93007;1;1;1;7;AUTOROUTE A1;48,94801;2,44503
202300046319;4;12;2023;14:00;1;54;54395;2;1;1;2;Boulevard d'Haussonville;48,67276483;6,16495013
202300046320;29;8;2023;14:35;1;94;94052;1;1;1;2;A86;48,84027522;2,49328165
202300046321;28;8;2023;06:30;2;94;94069;1;1;1;6;A4;48,81737184;2,4349508
202300046322;5;12;2023;19:20;5;54;54099;2;6;2;1;Rue de Lorraine;49,249543;5,953625
202300046323;24;5;2023;08:00;1;13;13039;1;6;1;2;RN 568;43,46197;4,91996
202300046324;16;6;2023;10:25;1;91;91286;1;1;1;4;AUTOROUTE A6;48,65588;2,37832
202300046325;4;12;2023;16:45;5;51;51454;2;3;2;3;DOUZIEME ESCADRON D'AVIATION (RUE);49,278478;4,031919
202300046326;28;8;2023;08:45;1;974;97416;1;1;1;2;RN 01;-21,30658;55,43011
202300046327;1;12;2023;20:10;5;50;50129;2;1;4;2;SALINE (BOULEVARD DE LA);49,65749;-1,65929
202300046328;26;8;2023;18:05;1;974;97411;2;1;1;7;JAURES (BOULEVARD JEAN);-20,90179;55,50531
202300046329;5;12;2023;08:00;1;49;49007;2;3;1;1;CHATEAU D'ORGEMONT RUE ET SQU;47,44903;-0,54414
202300046330;1;10;2023;19:25;2;78;78537;1;1;1;3;A10;48,555258;1,934752
202300046331;26;8;2023;04:00;5;974;97411;2;2;2;3;DODU 1 (RUE JULIETTE);-20,88229;55,45271
202300046332;4;12;2023;18:43;5;49;49007;2;1;2;4;DOYENNE BOULEVARD ET PASSAGE;47,49046;-0,53282
202300046333;1;10;2023;22:15;3;973;97304;1;1;1;7;Route Degrad Saramaca;5,14926672;-52,70283222
202300046334;4;12;2023;15:39;1;49;49007;2;1;2;7;BARANGE BOULEVARD;47,46328;-0,55203
202300046335;25;9;2023;18:00;1;973;97304;1;1;1;2;Piste Crique des Singes Rouges;5,030178;-52,632328
202300046336;28;8;2023;07:40;1;973;97302;2;3;1;3;MADELEINE (ROUTE DE LA);4,91151;-52,32145
202300046337;4;12;2023;11:45;1;49;49015;2;6;3;3;POMPIDOU AVENUE GEORGES;47,4968;-0,59164
202300046338;1;10;2023;19:15;3;971;97125;1;1;1;3;route de brissac D116;16,256775;-61,316553
202300046339;27;8;2023;12:55;1;973;97302;2;3;1;1;CABASSOU (CITE);4,92000253;-52,31550246
202300046340;4;12;2023;09:10;1;49;49007;2;1;2;1;MANDEL;47,47115;-0,60222
202300046341;28;8;2023;09:22;1;69;69386;2;3;2;6;Rue Notre-Dame;45,76385;4,86788
202300046342;30;9;2023;19:45;3;45;45257;1;1;1;6;D2007;47,877016;2,737012
202300046343;5;11;2023;17:13;1;47;47001;2;3;1;3;DE GAULLE (AV. DU GENERAL);44,20715;0,61147
202300046344;4;12;2023;17:50;5;41;41018;2;1;2;3;INDUSTRIE (BOULEVARD DE L');47,60461;1,32515
202300046345;28;8;2023;02:15;5;972;97213;1;1;2;2;AUTOROUTE A1;14,61477;-61,01255
202300046346;8;10;2023;08:40;1;39;39198;2;6;7;3;323 Avenue du Marechal Juin;47,073176;5,49725
202300046347;30;9;2023;13:30;1;66;66065;1;9;1;3;D912;42,599614;2,963235
202300046348;5;12;2023;12:30;1;37;37233;2;1;1;1;DUCLOS (AVENUE JACQUES);47,38114;0,75052
202300046349;2;10;2023;13:30;1;83;83053;1;4;1;3;Dn8;43,165089;5,829492
202300046350;4;12;2023;10:55;1;37;37214;2;3;2;1;CHANTERIE (RUE DE LA);47,41514;0,67557
202300046351;2;10;2023;09:50;1;13;13097;1;1;1;2;d 113;43,63857;4,846073
202300046352;2;10;2023;11:30;1;71;71235;2;1;1;6;Route de la Grisière;46,350349;4,802061
202300046353;5;12;2023;20:45;5;35;35238;2;3;2;3;HENRY (RECTEUR PAUL);48,12141;-1,70074
202300046354;1;10;2023;22:45;3;8;8226;1;1;1;3;rte departementale 8051;50,095583;4,734356
202300046355;5;12;2023;14:00;1;35;35051;1;3;2;1;POURI (LIEU-DIT LE CHAMP);48,145;-1,607
202300046356;4;12;2023;09:30;1;34;34172;2;1;2;3;CARRIEU (RUE MARIUS);43,616922;3,842177
202300046357;1;10;2023;00:20;4;67;67525;2;1;1;7;52 Rue Westerend;48,605172;7,436384
202300046358;4;12;2023;15:35;1;34;34032;2;1;1;6;VOIE DOMITIENNE (AVENUE DE LA);43,34806;3,24807
202300046359;2;10;2023;07:00;2;7;7169;1;3;1;3;D86;45,171059;4,805033
202300046360;5;12;2023;12:32;1;33;33063;2;8;2;3;Rue des Etrangers;44,86475;-0,54943
202300046361;15;9;2023;19:20;2;69;69071;1;1;1;3;Route des Monts d'Or;45,865875;4,813911
202300046362;2;10;2023;14:40;1;31;31466;1;1;1;6;Lieu Dit la Batisse;43,515062;1,151097
202300046363;4;12;2023;17:00;5;33;33063;2;1;2;3;AVE CHARLES DE GAULLE CAUD;44,84854;-0,59829
202300046364;1;10;2023;16:40;1;31;31417;2;1;1;1;10 Route de Mondonville;43,622801;1,285809
202300046365;4;12;2023;08:40;1;33;33063;2;1;2;3;Rue Charles Chaigneau;44,8597;-0,54002
202300046366;1;10;2023;11:50;1;33;33233;2;1;1;6;Rue du Lac des Vergnes;45,106703;-0,344892
202300046367;3;12;2023;22:50;5;33;33249;2;1;1;3;Côte de la Garonne;44,8846;-0,51781
202300046368;1;10;2023;17:55;1;33;33019;2;1;1;3;Avenue des Certes;44,69070244;-1,02094263
202300046369;5;12;2023;19:05;3;29;29019;1;1;1;2;route de Roc'h Glas;48,433086;-4,496813
202300046370;1;10;2023;17:15;1;49;49260;1;1;1;6;D91;47,046221;-1,035472
202300046371;5;12;2023;17:45;2;27;27528;2;1;1;6;MAILLOUX (RUE EDMOND);49,2603;1,20294
202300046372;30;9;2023;19:15;1;27;27235;2;2;1;3;Rue de la Mairie;49,012861;0,928195
202300046373;5;12;2023;11:15;1;27;27229;2;1;2;6;MICHELET (RUE);49,008;1,16366
202300046374;2;10;2023;18:20;1;60;60116;1;1;8;7;RD 137;49,310169;2,351106
202300046375;5;12;2023;08:40;1;26;26362;2;1;1;6;Rue Faventines;44,92227;4,90648
202300046376;1;10;2023;16:35;1;80;80110;1;1;1;2;N/A;50,17494;1,683794
202300046377;4;12;2023;07:20;5;25;25547;2;1;4;6;AVENUE LECLERC;47,515;6,83192
202300046378;30;11;2023;19:00;5;24;24037;2;1;3;1;NEUVE (RUE D'ARGENSON);44,85285;0,48667
202300046379;1;10;2023;14:35;1;13;13088;1;1;1;1;A55 SENS MARTIGUES-MARSEILLE;43,38023736;5,21936543
202300046380;5;12;2023;10:35;1;23;23096;2;9;1;6;GUILLON ( RUE ALEXANDRE);46,171317;1,883891
202300046381;9;1;2023;23:20;3;92;92036;1;1;8;2;A86;48,93417121;2,27149149
202300046382;5;12;2023;13:40;1;15;15014;1;1;2;6;RD 120;44,926417;2,424615
202300046383;26;9;2023;18:00;1;13;13001;1;1;1;4;A51-Sens Marseille vers Aix en Provence;43,5011;5,4072
202300046384;10;1;2023;18:20;3;94;94028;1;1;2;4;A86;48,77608496;2,42954952
202300046385;1;10;2023;17:10;1;83;83137;2;9;1;6;A57;43,12479622;5,96847606
202300046386;5;12;2023;15:20;1;14;14366;2;3;2;3;ORIVAL (RUE D');49,13165377;0,23557962
202300046387;10;1;2023;15:40;1;94;94017;1;1;2;6;A86;48,82940031;2,48394864
202300046388;25;9;2023;07:40;1;69;69259;1;1;1;2;Boulevard Périphérique Laurent Bonnevay;45,7175;4,86318
202300046389;10;1;2023;07:50;2;94;94022;1;1;1;2;A86;48,7766716;2,41970908
202300046390;5;12;2023;16:50;1;13;13215;2;3;1;5;SAINT ANTOINE (AVENUE DE);43,37885;5,35701
202300046391;5;12;2023;12:19;1;13;13203;2;1;1;6;JUNOT (RUE);43,3100822;5,37619115
202300046392;1;10;2023;18:50;1;33;33063;1;1;1;4;ROCADE A 630;44,88295827;-0,55273354
202300046393;8;1;2023;03:06;5;75;75111;2;2;1;3;RUE DE CHARONNE;48,855125;2,387091
202300046394;4;12;2023;16:30;1;13;13214;2;3;2;3;GIBBES (CHEMIN DE);43,32902;5,38547
202300046395;9;1;2023;13:30;1;75;75110;2;3;2;7;RUE DU FAUBOURG SAINT MARTIN;48,879266;2,362903
202300046396;5;12;2023;09:30;1;13;13028;2;1;1;2;POILUS (RUE DES);43,17737;5,60926
202300046397;1;10;2023;17:00;1;91;91468;1;1;1;5;AUTOROUTE A6;48,57379;2,46707
202300046398;7;1;2023;22:30;5;94;94011;2;1;8;6;Avenue Rodolphe Hottinguer;48,75866;2,48586
202300046399;5;12;2023;10:05;1;13;13001;2;3;1;3;BELGES (AV DES);43,52541;5,44442
202300046400;1;10;2023;00:50;3;91;91432;1;1;1;2;AUTOROUTE A6;48,69133;2,32248
202300046401;9;1;2023;07:55;5;94;94017;2;1;1;3;62 bis Avenue de la République;48,82035;2,511071
202300046402;4;12;2023;19:00;5;11;11069;1;1;2;2;ROCADE NORD - RD 6113;43,21787;2,38227
202300046403;30;9;2023;09:45;1;75;75113;1;1;1;4;A6B;48,816409;2,358981
202300046404;4;12;2023;07:25;3;11;11069;1;1;2;6;N/A;43,19314;2,34014
202300046405;9;1;2023;19:40;5;93;93072;2;3;2;2;Avenue de Stalingrad / Avenue Paul Vaillant Couturier;48,94861739;2,38074213
202300046406;1;10;2023;13:36;1;92;92051;1;1;1;7;RN13;48,88543869;2,25809907
202300046407;4;12;2023;20:55;5;10;10387;2;2;2;2;EDOUARD HERRIOT (RUE);48,2741;4,0803
202300046408;9;1;2023;16:46;1;93;93066;2;1;2;3;Avenue Lénine;48,94036;2,36781
202300046409;1;10;2023;20:00;4;93;93048;1;1;1;3;AUTOROUTE A3;48,873008;2,4352839
202300046410;9;1;2023;18:00;5;93;93064;2;1;3;6;Avenue Jean Jaurès;48,86624;2,487126
202300046411;1;10;2023;17:50;1;92;92036;1;1;1;2;AUTOROUTE A15;48,94173674;2,29060453
202300046412;5;12;2023;19:30;3;7;7231;1;1;8;5;D579;44,59052;4,39388
202300046413;9;1;2023;18:15;5;93;93077;2;3;2;6;Allée de la Tour / Avenue Anatole France;48,89807;2,50154
202300046414;5;12;2023;08:10;1;6;6123;2;9;1;3;CURIE PIERRE ET MARIE AVENUE;43,697;7,184
202300046415;30;9;2023;21:30;3;92;92036;1;1;1;3;AUTOROUTE A15;48,94364712;2,28775617
202300046416;5;12;2023;08:40;1;4;4112;2;1;1;3;DEPARTEMENTALE 4096;43,81992;5,78684
202300046417;9;1;2023;19:41;5;93;93055;2;1;2;6;Avenue du Général Leclerc;48,8943806;2,3989245
202300046418;1;10;2023;08:25;1;95;95500;1;1;1;2;A15;49,03653;2,0942
202300046419;9;1;2023;14:55;1;93;93051;2;3;3;6;Avenue Médéric / Place du Commerce;48,829349;2,570782
202300046420;4;12;2023;13:20;1;4;4112;2;1;2;5;SAINT JOSEPH(BOULEVARD);43,82413;5,79747
202300046421;30;9;2023;21:50;3;95;95241;1;1;1;6;N104;49,04605;2,44253
202300046422;9;1;2023;15:05;1;92;92064;2;1;2;3;REPUBLIQUE;48,85247;2,2127
202300046423;4;12;2023;17:42;5;1;1053;2;1;2;2;MERCIER (AVENUE AMEDEE DU 45 AU FIN);46,20147;5,24935
202300046424;30;9;2023;18:30;1;93;93010;1;1;1;5;AUTOROUTE A3;48,91231784;2,47626871
202300046425;2;12;2023;13:30;1;75;75101;2;1;1;6;Rue de l'Amiral de Coligny;48,86005;2,340413
202300046426;8;1;2023;18:05;5;92;92025;2;2;2;6;CHARLES DE GAULLE (BD);48,914667;2,229152
202300046427;30;9;2023;15:50;1;95;95527;1;1;1;6;A1;48,994266;2,515228
202300046428;2;12;2023;19:30;5;75;75106;2;2;1;6;BOULEVARD RASPAIL;48,842066;2,3295335
202300046429;7;1;2023;00:05;5;92;92004;2;2;1;3;PONT D'ASNIERES;48,90501;2,28777
202300046430;5;12;2023;16:20;5;75;75118;2;9;2;6;RUE DES POISSONNIERS;48,89423;2,352883
202300046431;30;9;2023;09:45;1;95;95604;1;1;1;4;Autoroute A1;49,12341444;2,55676911
202300046432;9;1;2023;18:10;5;92;92002;2;6;2;6;RABELAIS (AVENUE);48,75207362;2,30779034
202300046433;5;12;2023;04:15;5;75;75117;2;1;3;6;AVENUE DE LA PORTE D ASNIERES;48,891431;2,302264
202300046434;9;1;2023;08:45;1;52;52017;1;1;1;6;D6 - pk 31+330;47,92903716;5,03947596
202300046435;30;9;2023;02:00;5;93;93007;1;9;1;2;AUTOROUTE A1;48,9506349;2,44928777
202300046436;4;12;2023;18:00;5;75;75116;2;2;3;3;ALLEE DE LONGCHAMP;48,87729868;2,27912199
202300046437;3;1;2023;07:55;2;22;22172;2;2;8;1;5, rue dinan;48,516739;-2,222199
202300046438;4;12;2023;15:40;1;75;75113;2;2;2;7;BOULEVARD MASSENA;48,821543;2,369371
202300046439;1;10;2023;09:50;1;77;77514;1;1;1;4;A104;48,94065417;2,62841122
202300046440;5;12;2023;00:30;5;75;75112;2;1;2;6;RUE DE BERCY;48,843892;2,373217