Num_Acc;jour;mois;an;hrmn;lum;dep;com;agg;int;atm;col;adr;lat;long
202300046441;10;1;2023;14:20;1;68;68112;2;2;1;6;2a Route d'Issenheim;47,902477;7,22917
202300046442;1;10;2023;04:29;3;77;77514;1;1;1;2;RN104;48,94065417;2,62841122
202300046443;30;6;2023;02:30;5;74;74173;2;1;2;6;RD1212;45,855663;6,607279
202300046444;9;1;2023;18:00;3;67;67073;1;3;2;1;D424 - D697;48,300089;7,35554
202300046445;19;7;2023;17:25;1;74;74188;1;1;1;1;Route des lindarets;46,21575056;6,76023787
202300046446;9;1;2023;14:05;1;57;57111;1;1;2;7;Autoroute A4 - PK 308.800 - sens PARIS-STRASBOURG;49,193962;6,093145
202300046447;19;7;2023;15:50;1;74;74238;2;1;1;3;Route des grandes alpes;46,23006;6,658179
202300046448;8;1;2023;16:28;1;76;76167;1;1;1;7;départementale 111;49,612448;0,169559
202300046449;16;7;2023;18:17;1;74;74296;1;1;7;7;Route de la croix biche;46,084316;6,043714
202300046450;15;7;2023;17:15;1;74;74063;2;1;1;6;Route de vonnes;46,259374;6,840819
202300046451;10;1;2023;15:20;1;38;38337;1;1;1;5;RD 1085;45,347184;5,51194
202300046452;13;7;2023;13:45;1;74;74302;1;1;1;7;D909;45,919557;6,385267
202300046453;7;1;2023;16:45;1;36;36239;1;1;1;6;;46,47868469;1,49931365
202300046454;19;8;2023;18:40;1;73;73065;2;1;1;7;D1006 - Bd Henry Bordeaux;45,56740104;5,90346591
202300046455;29;9;2023;16:20;2;974;97416;2;3;1;3;LEBLOND 1 (RUE MARIUS ET ARY);-21,33509;55,46476
202300046456;9;1;2023;23:45;3;37;37047;1;1;1;2;A28;47,49311698;0,66049397
202300046457;30;9;2023;16:10;1;974;97411;2;1;8;6;RUISSEAU DES NOIRS (RUE);-20,89193;55,45276
202300046458;9;1;2023;18:22;3;83;83031;1;1;2;6;D17;43,401158;6,359046
202300046459;30;9;2023;09:15;1;973;97302;2;6;1;3;CATAYEE (JUSTIN);4,9316413;-52,32991397
202300046460;30;9;2023;02:55;5;973;97302;2;1;1;1;MADELEINE (ROUTE DE LA);4,90881;-52,32178
202300046461;10;1;2023;08:50;1;51;51617;1;1;2;7;D21;49,057628;4,337111
202300046462;29;9;2023;12:05;1;69;69383;2;3;1;3;Rue du Dauphiné;45,74995;4,8607
202300046463;9;1;2023;18:35;5;32;32032;2;1;2;1;D943;43,579046;0,251334
202300046464;30;9;2023;08:57;1;972;97209;2;2;1;3;SIDONI FLORANGE (IMPASSE);14,63281;-61,0678
202300046465;30;9;2023;05:50;5;69;69381;2;7;1;7;Place Tobie Robatel;45,76783;4,83131
202300046466;9;1;2023;17:30;3;89;89469;1;1;2;7;;48,367443;3,364598
202300046467;30;9;2023;02:10;5;69;69382;2;1;1;2;Quai Docteur Gailleton;45,75191;4,83283
202300046468;9;1;2023;18:00;3;49;49307;1;1;8;2;Route de Mazé (St Mathurin);47,413328;-0,311844
202300046469;30;9;2023;11:41;1;2B;2B037;1;1;1;3;LAGUNE (Route de la) D107;42,62884;9,46712
202300046470;30;9;2023;16:45;1;91;91657;2;1;1;3;RUE DE LA LONGUERAIE;48,721007;2,441061
202300046471;9;1;2023;18:19;5;68;68201;2;1;3;6;16 Route Joffre;47,776273;7,000151
202300046472;30;9;2023;13:20;1;91;91201;2;2;1;7;AV DE L EUROPE;48,6812;2,4282
202300046473;30;9;2023;08:51;1;88;88160;2;1;1;3;BARTHOU (RUE LOUIS-);48,18785;6,4455
202300046474;29;9;2023;19:10;1;82;82121;2;1;1;3;16 avenue jean jaurès;44,014529;1,344068
202300046475;10;1;2023;06:00;3;38;38004;1;1;1;6;Chemin de Halage (Piste cyclable);45,213185;5,473123
202300046476;9;1;2023;20:10;3;6;6151;1;1;1;1;M6202;43,88921;7,188663
202300046477;30;9;2023;22:40;5;77;77438;2;1;1;2;SAINT GERMAIN DES NOYERS  (AVENUE);48,85316;2,66537
202300046478;3;1;2023;14:00;1;6;6127;1;1;1;1;M2565;44,04389;7,283099
202300046479;30;9;2023;20:00;5;77;77058;2;3;1;5;Boulevard Mendès France;48,837594;2,707857
202300046480;30;9;2023;13:20;1;71;71486;1;1;1;7;RD 974;46,6415;4,3338
202300046481;6;1;2023;21:30;5;14;14738;2;6;1;1;Rue du Général Leclerc;49,152407;-0,46258
202300046482;30;9;2023;20:00;5;69;69275;2;3;1;2;Avenue Franklin Roosevelt;45,74747001;4,93333551
202300046483;7;1;2023;16:50;1;90;90090;1;9;1;6;Voie communale 39;47,470716;6,962357
202300046484;9;1;2023;08:30;2;60;60277;1;1;3;2;La Herse;49,428404;2,045061
202300046485;30;9;2023;21:08;5;69;69259;2;2;1;3;Rue Pierre Timbaud;45,69183;4,90056
202300046486;30;9;2023;17:30;1;69;69290;2;1;1;3;1 Rue du Beaujolais;45,69273;4,91124
202300046487;3;1;2023;19:10;3;40;40046;1;1;1;3;départementale D652, à hauteur du PK 14+680;44,422946;-1,142503
202300046488;9;1;2023;21:00;5;85;85096;2;1;1;6;5 Rue du fauboug saint-thomas;46,889566;-1,834727
202300046489;29;9;2023;17:00;1;69;69271;2;1;1;5;Avenue Louis Blériot;45,72821;4,96119
202300046490;9;1;2023;14:00;1;52;52095;1;1;3;7;Chemin LA GENEVRIERE;48,214872;5,489978
202300046491;10;1;2023;15:00;1;988;98805;2;2;1;3;VE2/AVENUE DES DEPARTS;-22,195625;166,445988
202300046492;9;1;2023;13:55;1;1;1181;1;1;4;6;A404 PK 013+800;46,233964;5,618056
202300046493;30;9;2023;16:40;1;67;67482;2;1;1;4;FRANÇOIS MITTERRAND (AVENUE);48,58476;7,6936
202300046494;10;1;2023;15:30;1;67;67460;1;1;1;2;gare de péage;48,769605;7,602024
202300046495;30;9;2023;03:40;5;67;67482;2;1;1;3;RHIN NAPOLEON (RUE DU);48,56124;7,80081
202300046496;9;1;2023;15:40;1;45;45089;2;1;1;1;D308 PR 0 + 360;47,902135;2,033093
202300046497;20;7;2023;10:35;1;93;93059;2;1;1;6;Rue Parmentier;48,96474;2,37289
202300046498;26;9;2023;17:09;1;61;61001;2;1;1;6;D112;48,4355;0,09672
202300046499;7;1;2023;18:50;3;77;77145;1;2;2;3;N36;48,59181;2,72579
202300046500;30;9;2023;15:30;1;59;59350;2;3;1;6;ESCH SUR ALZETTE RUE;50,64046;3,07645
202300046501;20;7;2023;23:27;5;93;93070;2;3;1;3;Boulevard Victor Hugo / Rue Ardoin;48,90807;2,32755
202300046502;10;1;2023;15:40;1;30;30214;1;1;1;6;;44,05142;4,057737
202300046503;14;7;2023;21:35;2;93;93070;2;1;1;6;Rue du Docteur Bauer;48,90876884;2,33953737
202300046504;29;9;2023;16:45;1;57;57631;2;1;1;3;FAIENCERIES (BOULEVARD DES);49,11045;7,07184
202300046505;10;1;2023;09:15;2;84;84004;1;2;7;2;Route de Carpentras;44,085733;5,033996
202300046506;19;7;2023;09:30;1;93;93048;2;1;1;6;Boulevard de Chanzy;48,858627;2,43013
202300046507;9;1;2023;17:55;5;73;73227;2;1;4;6;D91A - Le Praz;45,43390336;6,62507876
202300046508;20;7;2023;18:05;1;93;93029;2;1;1;5;Rue Anatole France;48,92892995;2,45285962
202300046509;30;9;2023;16:59;1;49;49007;2;2;1;3;ROI RENE BOULEVARD;47,46644;-0,5532
202300046510;10;1;2023;12:45;1;1;1049;2;3;1;2;917 Route Nationale;45,845119;5,036559
202300046511;9;1;2023;18:50;4;60;60157;2;1;1;6;Avenue des Déportés;49,384754;2,418816
202300046512;19;7;2023;23:40;5;93;93010;2;1;1;1;Route de Villemomble;48,89157831;2,49014281
202300046513;30;9;2023;21:13;5;45;45234;2;3;1;3;10 Avenue du Président John Kennedy;47,83929;1,93513
202300046514;20;7;2023;16:10;1;92;92007;2;1;1;2;DORMOY AVENUE MARX N°102 A FIN;48,81014216;2,31428236
202300046515;20;7;2023;09:41;1;92;92040;2;1;1;7;JEAN JACQUES ROUSSEAU;48,82259581;2,25772083
202300046516;30;9;2023;18:55;1;45;45147;2;1;1;6;Rue Clarissa Jean-Philippe;47,92108;1,91648
202300046517;9;1;2023;16:25;1;2;2443;1;5;2;3;;49,044465;3,277574
202300046518;30;9;2023;16:20;1;45;45285;2;9;1;3;Parking Auchan;47,90418;1,86353
202300046519;9;1;2023;12:25;1;69;69256;1;1;1;3;Rocade Est;45,79596257;4,93081528
202300046520;14;7;2023;17:17;1;92;92025;2;2;1;5;VALMY (BD DE);48,92763852;2,25375295
202300046521;20;7;2023;08:30;1;92;92023;2;1;1;2;GENERAL DE GAULLE (AVENUE DU);48,78131742;2,24158108
202300046522;5;1;2023;18:25;5;69;69142;1;1;1;4;Route de Métropole 7;45,72283;4,81785
202300046523;20;7;2023;20:05;1;92;92012;2;1;1;3;POINT DU JOUR (QUAI DU);48,83001712;2,25638956
202300046524;9;1;2023;09:25;1;33;33065;1;1;2;3;ROUTE NATIONALE 230;44,81104;-0,52226
202300046525;29;9;2023;17:07;1;45;45338;2;3;1;1;16 Rue du Stade;47,996795;2,71005
202300046526;20;7;2023;09:05;1;92;92012;2;2;1;3;BARTHOLDI (RUE);48,84517;2,24291
202300046527;8;1;2023;01:35;3;33;33143;1;1;3;2;AUTOROUTE A 10;44,95728732;-0,44968843
202300046528;30;9;2023;20:00;5;41;41018;2;9;1;6;TOURVILLE (RUE DU MARECHAL DE);47,58966;1,30607
202300046529;16;7;2023;01:16;5;92;92004;2;1;1;3;AULAGNIER ( QUAI );48,91308016;2,30682582
202300046530;7;1;2023;04:30;4;91;91521;1;1;1;2;AUTOROUTE A6;48,63141;2,40726
202300046531;19;7;2023;17:35;1;67;67347;1;1;1;2;Départementale 919;48,852793;7,505121
202300046532;9;1;2023;13:10;1;92;92036;1;1;1;2;AUTOROUTE A15;48,94589035;2,28373638
202300046533;30;9;2023;20:35;5;35;35238;2;3;1;3;CHATEAUGIRON (DE);48,0923678;-1,62925288
202300046534;21;7;2023;15:30;1;76;76749;2;1;1;7;chemin de la plaine;49,860653;1,36694
202300046535;9;1;2023;01:45;3;93;93005;1;1;8;6;AUTOROUTE A3;48,96180699;2,46685982
202300046536;21;7;2023;10:30;1;84;84069;2;1;1;1;D938;44,170369;5,12686
202300046537;8;1;2023;23:15;3;94;94079;1;1;2;5;A4;48,83458792;2,53722059
202300046538;30;9;2023;15:30;1;35;35238;2;1;1;4;ARMORIQUE (BD D');48,12947;-1,67934
202300046539;20;7;2023;14:20;1;28;28388;1;1;1;2;Autoroute A11 pk 066+800;48,369457;1,459432
202300046540;8;1;2023;16:50;2;54;54395;2;3;8;6;Boulevard Lobau;48,68459;6,19619
202300046541;29;9;2023;17:10;1;35;35238;2;1;1;6;PAYS-BAS (AVENUE DES);48,0863;-1,66067
202300046542;21;7;2023;13:25;1;83;83036;2;1;1;6;Avenue Frédéric Mistral;43,173683;6,529468
202300046543;8;1;2023;15:50;1;974;97416;1;1;1;4;L'ENTRE-DEUX (ROUTE DE);-21,3033;55,430315
202300046544;18;7;2023;15:00;1;26;26333;2;1;1;6;33 Avenue de Québec;45,195547;4,814525
202300046545;8;1;2023;21:45;5;973;97302;2;1;1;7;MONTABO (ROUTE DE) 1;4,94006;-52,30166
202300046546;20;7;2023;16:15;1;23;23264;1;1;1;7;D992;45,72608293;1,87745512
202300046547;29;9;2023;20:05;2;34;34301;2;2;1;3;VAUBAN (QUAI);43,410963;3,69723
202300046548;8;1;2023;01:30;5;973;97302;2;1;2;3;BADUEL (ROUTE DE);4,92895833;-52,30019778
202300046549;17;7;2023;14:23;1;56;56141;1;1;1;1;Kergueurh;47,866156;-2,818352
202300046550;30;9;2023;11:30;1;33;33281;2;3;1;3;Avenue de Magudas;44,85619;-0,64947
202300046551;7;1;2023;22:25;5;973;97302;2;1;2;1;MERE THERESA (rue);4,92267352;-52,31255606
202300046552;19;7;2023;17:45;1;56;56193;2;6;1;3;Rond-Point de Kersabiec;47,725582;-3,323077
202300046553;8;1;2023;19:15;5;69;69149;2;4;2;1;25 Rue Pierre Sémard;45,71735;4,81212
202300046554;30;9;2023;05:30;5;33;33063;2;3;1;2;Boulevard du Président Franklin Roosevelt;44,81830698;-0,57809383
202300046555;20;7;2023;18:50;1;56;56153;1;1;1;5;vieux moulin;47,598017;-2,30633
202300046556;8;1;2023;19:50;5;95;95280;2;1;2;2;MARCEAU (AVENUE);49,028587;2,464376
202300046557;21;7;2023;14:00;1;80;80130;1;2;1;2;D211;49,890966;2,150324
202300046558;29;9;2023;10:50;1;33;33063;2;3;1;6;Avenue Saint Amand;44,85238;-0,61471
202300046559;8;1;2023;21:15;5;83;83126;2;1;1;6;MERLE (BD TOUSSAINT);43,10112;5,88945
202300046560;21;7;2023;13:15;1;69;69217;1;1;1;1;Route de la Vallée;46,001389;4,479182
202300046561;8;1;2023;00:20;5;69;69266;2;1;1;3;Rue Léon Blum;45,76027941;4,90098596
202300046562;27;6;2023;08:00;1;63;63243;1;2;1;3;D518/ VC--Les Vergers;46,173137;2,904929
202300046563;5;1;2023;12:10;1;68;68066;2;3;1;3;Avenue Raymond Poincaré;48,07192;7,34807
202300046564;30;9;2023;17:46;1;29;29039;1;3;1;3;Chemin de Douric;47,91512;-3,94563
202300046565;21;7;2023;10:30;1;49;49330;1;2;1;1;D391;47,631467;-0,626296
202300046566;8;1;2023;15:35;1;64;64284;2;2;2;3;avenue des vallées;43,29298361;-0,38664669
202300046567;21;7;2023;07:40;2;12;12109;1;1;1;7;La Fage;43,853558;2,943853
202300046568;8;1;2023;17:50;4;64;64122;2;1;3;6;Esplanade du Port-Vieux;43,48209;-1,56605
202300046569;21;7;2023;07:25;1;35;35297;2;1;7;2;Rue Louison Bobet;48,185306;-2,182117
202300046570;29;9;2023;17:45;1;28;28134;2;1;1;3;ROND POINT DES CHATELETS;48,74668;1,39059
202300046571;8;1;2023;01:50;5;59;59163;2;1;8;1;JAURES (RUE JEAN);50,67497;3,14899
202300046572;20;7;2023;18:35;1;34;34192;2;1;1;6;avenue reine d'italie;43,524706;3,919185
202300046573;29;9;2023;18:02;1;27;27681;1;1;1;3;Route d’Evreux;49,07865;1,44783
202300046574;21;7;2023;07:20;2;29;29003;2;1;1;6;Rue du Môle;48,01275;-4,541425
202300046575;8;1;2023;16:00;1;59;59560;1;3;1;3;FOURCHON RUE DU;50,5369;3,0281
202300046576;30;9;2023;11:30;1;22;22187;1;1;1;2;RN12;48,52888;-2,75435
202300046577;7;1;2023;18:00;5;59;59350;2;1;1;1;CAMBRAI RUE DE N° IMPAIRS;50,62394087;3,0778724
202300046578;18;7;2023;12:45;1;72;72132;2;9;1;1;avenue du general deux gaulle;48,178907;0,653708
202300046579;20;7;2023;11:40;1;6;6119;1;1;1;7;Camp des Fourches (Borne frontière);44,333786;6,865757
202300046580;8;1;2023;14:37;1;51;51230;2;3;7;3;Avenue Général Margueritte;49,02678;3,95752
202300046581;21;7;2023;03:45;3;14;14726;1;1;1;1;39 Route de Vire-Aunay;48,892106;-0,755525
202300046582;8;1;2023;16:00;1;42;42187;2;3;8;3;Rue de Clermont;46,03046553;4,06685611
202300046583;30;9;2023;17:30;1;13;13208;2;3;1;1;JEAN MERMOZ (RUE);43,27427;5,38704
202300046584;30;9;2023;06:50;3;6;6069;1;1;1;6;PLASCASSIER (route de);43,642953;6,966836
202300046585;25;6;2023;13:00;1;83;83082;1;1;1;3;D955;43,639919;6,477701
202300046586;8;1;2023;12:40;1;35;35238;2;1;1;2;STRASBOURG (BOULEVARD DE);48,10995525;-1,65489346
202300046587;30;9;2023;19:20;5;6;6027;2;1;1;1;NICE AVENUE DE (RN7);43,656172;7,155041
202300046588;8;1;2023;14:38;1;33;33522;2;2;2;3;Avenue Georges Clémenceau;44,8031;-0,59795
202300046589;20;7;2023;16:30;1;73;73105;1;1;1;1;D1006 ROUTE DE LYON;45,44602415;5,73886753
202300046590;20;9;2023;17:00;1;5;5061;2;3;2;3;CHARANCE ( AVENUE DE );44,56233;6,06364
202300046591;8;1;2023;03:29;5;25;25462;2;1;2;1;SALINS DE (DU 64 A LA FIN);46,90848;6,33973
202300046592;21;7;2023;11:45;1;73;73300;2;6;1;3;D1201 Boulevard jean charcot;45,683675;5,894841
202300046593;8;1;2023;10:50;1;25;25056;1;1;8;6;Côte de Morre;47,22669;6,05306
202300046594;30;9;2023;06:35;5;75;75119;2;1;1;2;BD PERIPHERIQUE INTERIEUR;48,878879;2,407906
202300046595;7;1;2023;10:45;1;25;25056;2;1;1;3;CARRIERS RUE DES;47,22957;5,9862
202300046596;20;7;2023;09:56;1;7;7050;2;1;1;2;"Lieu-dit ""Les plots du puech""";44,414425;4,140548
202300046597;16;7;2023;16:10;3;7;7050;1;1;1;6;Route de Païolive;44,410256;4,145343
202300046598;8;1;2023;23:15;5;13;13208;2;1;1;5;pointe rouge (ave);43,24715714;5,37395641
202300046599;29;9;2023;21:30;5;75;75118;2;1;1;2;PORTE DE SAINT OUEN;48,900731;2,335823
202300046600;8;1;2023;18:15;5;13;13209;2;1;1;3;CONCORDE (BOULEVARD DE LA);43,24859196;5,40145716
202300046601;21;7;2023;15:30;1;53;53127;1;3;1;6;Rue du bois hubert;48,440487;-0,503456
202300046602;30;9;2023;12:00;1;75;75118;2;1;1;2;BD PERIPHERIQUE EXTERIEUR;48,901118;2,354841
202300046603;7;1;2023;17:18;1;13;13204;2;1;1;3;PIERRE BROSSOLETTE (PLACE);43,30672372;5,40046111
202300046604;20;7;2023;10:15;1;21;21092;1;1;1;1;D2;47,14003;4,774051
202300046605;30;9;2023;00:50;5;75;75116;2;2;1;3;ALLEE DE LA REINE MARGUERITE;48,858565;2,244856
202300046606;8;1;2023;18:45;5;13;13063;2;6;1;2;Rond Point les 4 Chemins;43,58029;5,00074
202300046607;8;1;2023;11:05;1;13;13001;1;1;8;1;ROGNES (RTE DE);43,60224;5,36589
202300046608;20;7;2023;22:37;3;85;85133;1;2;1;3;Carrefour Champ de la Roche / RD 68;46,370799;-0,730988
202300046609;30;9;2023;18:30;1;75;75114;2;3;1;3;AVENUE DU GENERAL LECLERC;48,829611;2,32852
202300046610;8;1;2023;10:30;1;13;13001;1;1;2;5;RN 296;43,55002;5,42951
202300046611;20;7;2023;10:00;1;37;37167;1;2;1;3;La Seguiniere;47,561882;0,521904
202300046612;30;9;2023;12:10;1;75;75106;2;4;1;6;RUE DAUPHINE;48,854168;2,338952
202300046613;8;1;2023;09:00;1;6;6004;2;3;3;3;FOURNEL BADINE CH.ET IMP.;43,578506;7,117251
202300046614;19;7;2023;14:00;1;52;52292;2;2;1;3;01 rue de la digue;47,757687;5,317442
202300046615;7;1;2023;18:17;5;75;75117;2;1;1;2;PORTE D ASNIERES;48,893172;2,303521
202300046616;30;9;2023;11:00;1;75;75118;2;3;1;6;RUE DE CLIGNANCOURT;48,885032;2,347344
202300046617;20;7;2023;18:20;1;52;52420;1;1;1;1;D147;48,276417;5,330767
202300046618;6;1;2023;12:52;1;75;75113;2;2;8;3;BOULEVARD AUGUSTE BLANQUI;48,830882;2,344177
202300046619;20;7;2023;12:50;1;88;88451;2;9;1;3;Rue de la République;48,395908;6,981404
202300046620;30;9;2023;12:05;1;75;75117;2;5;1;2;PLACE DE LA REPUBLIQUE DOMINICAINE;48,880803;2,308915
202300046621;8;1;2023;21:30;5;75;75106;2;1;1;2;RUE DE VAUGIRARD;48,846428;2,324772
202300046622;20;7;2023;23:00;3;88;88142;1;1;1;1;D41;48,233664;6,374452
202300046623;8;1;2023;13:00;1;75;75105;2;3;1;6;BOULEVARD SAINT MICHEL;48,850275;2,342672
202300046624;20;7;2023;16:30;1;42;42116;1;1;7;2;A89;45,872479;3,922441
202300046625;29;9;2023;17:00;1;75;75117;2;7;1;1;PLACE DES TERNES;48,878406;2,298392
202300046626;8;1;2023;19:35;5;75;75119;2;1;2;3;RUE BOTZARIS;48,878701;2,382295
202300046627;20;7;2023;18:10;1;42;42173;1;1;1;7;A89;45,826844;4,105952
202300046628;1;7;2023;12:00;1;38;38253;2;9;1;6;rue des vikings;45,007455;6,122078
202300046629;30;9;2023;20:10;5;75;75113;2;1;1;6;RUE DE LA GLACIERE;48,827799;2,342408
202300046630;8;1;2023;18:30;5;75;75116;2;4;2;6;AVENUE DE VERSAILLES;48,84004621;2,26371467
202300046631;21;7;2023;06:27;2;38;38118;1;9;1;7;A48 - PK 067.000;45,38742;5,472286
202300046632;20;7;2023;18:10;1;28;28199;1;1;1;6;autoroute A10 - PK 63+400;48,217038;1,846905
202300046633;30;9;2023;21:05;5;75;75113;2;3;1;3;BOULEVARD DE L HOPITAL;48,835495;2,3586
202300046634;8;1;2023;03:40;5;75;75110;2;1;1;6;BOULEVARD DE STRASBOURG;48,87017136;2,35473678
202300046635;20;7;2023;10:07;1;84;84078;1;1;1;7;A7, pk 151+700 sens 1;44,237544;4,706955
202300046636;30;9;2023;09:30;1;75;75113;2;1;1;7;BOULEVARD MASSENA;48,823159;2,373807
202300046637;8;1;2023;04:15;5;75;75108;2;7;1;3;AVENUE GEORGE V;48,864732;2,301488
202300046638;13;7;2023;11:05;1;971;97117;2;2;1;6;Rue de la République;16,33083;-61,345384
202300046639;8;1;2023;17:15;1;75;75107;2;1;1;6;RUE DU BAC;48,850977;2,323839
202300046640;19;7;2023;20:45;2;33;33199;2;2;1;3;14 Boulevard de la Côte d'Argent;44,64010071;-1,04437038
202300046641;20;7;2023;18:55;1;77;77005;1;1;1;3;D404;48,934787;2,727913
202300046642;30;9;2023;19:30;2;75;75111;2;1;1;3;AVENUE PHILIPPE AUGUSTE;48,854697;2,392016
202300046643;8;1;2023;13:12;1;93;93071;2;3;2;6;Boulevard Stalingrad / Place de la Gare Sevran;48,9353;2,53415
202300046644;1;7;2023;19:50;1;30;30155;1;1;1;2;N/A;43,82725;4,48482
202300046645;8;1;2023;11:02;1;93;93077;2;1;1;6;Avenue du Général Galliéni;48,89232;2,505
202300046646;8;1;2023;02:40;5;93;93062;2;6;1;6;Allée de Clichy / Allée du Plateau;48,9004;2,52925
202300046647;29;9;2023;13:20;1;75;75120;2;4;1;3;AVENUE IBSEN;48,86666;2,41263
202300046648;8;1;2023;18:25;5;93;93048;2;2;2;3;Rue de Stalingrad / Rue des 4 Ruelles;48,85333269;2,44839549
202300046649;8;1;2023;20:40;5;93;93010;2;1;2;2;Avenue de Rosny;48,90082997;2,47084558
202300046650;20;7;2023;19:00;1;34;34023;2;3;1;2;14 Avenue Pasteur;43,437854;3,675474
202300046651;29;9;2023;23:10;5;75;75112;2;2;1;2;BOULEVARD DE LA BASTILLE;48,84801;2,367646
202300046652;9;1;2023;09:10;1;35;35245;2;1;2;6;24 Rue de la Chauvrais;48,217621;-1,888837
202300046653;30;9;2023;18:41;1;75;75111;2;2;1;6;BOULEVARD DE MENILMONTANT;48,86698199;2,38285384
202300046654;8;1;2023;19:00;3;62;62219;1;1;3;6;D134e3;50,299744;2,018609
202300046655;8;1;2023;12:45;1;51;51531;1;1;1;2;D995;48,779214;4,896029
202300046656;9;1;2023;15:05;1;80;80076;1;1;4;6;A28;50,051159;1,772361
202300046657;7;1;2023;18:00;3;42;42338;1;1;1;3;Route de Roanne;46,079735;4,105035
202300046658;30;9;2023;09:45;1;75;75111;2;3;1;2;BOULEVARD VOLTAIRE;48,855876;2,383252
202300046659;18;7;2023;10:20;1;34;34289;1;1;1;3;Chemin de la Viere;43,394103;3,405826
202300046660;7;1;2023;17:38;5;31;31044;2;1;1;2;41 M112 - route de lavaur;43,611145;1,503595
202300046661;7;1;2023;22:15;5;974;97422;2;1;1;1;75 Rue Georges Pompidou;-21,264351;55,523669
202300046662;8;1;2023;17:10;2;35;35308;1;1;1;6;La Croix Chemin;48,447091;-1,928546
202300046663;30;9;2023;16:15;1;75;75107;2;3;1;1;QUAI BRANLY;48,860509;2,295671
202300046664;8;1;2023;15:00;1;87;87019;1;1;3;6;A20;45,746773;1,339989
202300046665;29;9;2023;14:00;1;75;75101;2;1;1;6;VOIE GEORGES POMPIDOU;48,857421;2,345604
202300046666;30;9;2023;17:34;1;94;94033;2;1;1;6;Rue des Beaumonts;48,85367;2,455
202300046667;9;1;2023;16:20;1;2B;2B009;1;3;6;3;RT10 - route de Bonifacio;42,082291;9,484693
202300046668;21;7;2023;07:45;1;34;34022;2;3;1;3;N113;43,659458;4,017794
202300046669;7;1;2023;13:40;1;2B;2B143;2;1;1;3;Route Territoriale 10, hameau de Bravone;42,202339;9,53492
202300046670;30;9;2023;17:30;1;94;94077;2;2;1;3;Cours de Verdun;48,73783;2,40801
202300046671;8;1;2023;15:15;1;30;30225;1;1;1;6;Route de Donnat;44,169261;4,569776
202300046672;20;7;2023;07:15;1;13;13053;1;1;1;5;D561;43,713875;5,200841
202300046673;30;9;2023;08:15;1;93;93055;2;1;1;6;Avenue du Général Leclerc;48,89984;2,409472
202300046674;6;1;2023;18:30;3;57;57559;1;1;2;1;D955;48,897029;6,358439
202300046675;20;7;2023;17:34;1;71;71360;1;4;1;2;N79;46,331939;4,733013
202300046676;30;9;2023;19:00;1;93;93048;2;1;1;3;Rue Parmentier;48,85964525;2,43295036
202300046677;20;7;2023;06:10;2;88;88388;1;2;1;3;D51 PK 6 +700;48,133452;6,382005
202300046678;6;1;2023;16:00;1;51;51318;1;1;1;4;RN 51;49,315205;4,15118
202300046679;30;9;2023;15:45;1;93;93030;2;1;1;3;Avenue Ambroise Croizat;48,9571243;2,41589078
202300046680;8;1;2023;16:45;1;19;19036;1;1;3;6;Route de Bonnat;45,617671;1,707325
202300046681;15;7;2023;10:35;1;73;73150;1;1;1;6;D220;45,56504861;6,70830993
202300046682;9;1;2023;07:30;3;76;76456;1;1;3;2;RD 929;49,646775;0,84738
202300046683;30;9;2023;12:24;1;93;93030;2;1;1;6;Avenue Louis Larivière;48,95332857;2,41642414
202300046684;7;1;2023;17:05;2;82;82056;1;1;2;6;D19;44,188465;1,755897
202300046685;14;6;2023;10:15;1;26;26064;1;2;1;3;D538;44,89597601;5,01040392
202300046686;30;9;2023;18:30;1;93;93010;2;1;1;6;Avenue Galliéni;48,905373;2,474949
202300046687;7;1;2023;11:21;1;61;61168;2;1;2;6;10 Boulevard de la Forêt d'Andaine;48,587713;-0,365295
202300046688;20;7;2023;08:55;1;69;69122;1;1;1;1;Chemin des Crêtes;45,91598;4,68927
202300046689;9;1;2023;19:00;3;68;68320;1;1;2;4;Rue de Galfingue;47,693819;7,221236
202300046690;30;9;2023;06:35;5;93;93010;2;1;1;2;Avenue Léon Blum;48,914806;2,47892
202300046691;20;7;2023;04:15;3;69;69296;1;1;1;2;Route de Chasse;45,652088;4,837589
202300046692;9;1;2023;11:13;1;29;29193;1;1;2;1;Kerincuff;48,567826;-4,056208
202300046693;30;9;2023;20:00;5;93;93007;2;6;1;3;Avenue des Cosmonautes /  Avenue de la Division Leclerc;48,94709;2,45909
202300046694;21;7;2023;13:35;1;81;81318;1;1;1;4;RN 126;43,5874163;1,7937846
202300046695;7;1;2023;16:15;1;14;14520;1;1;1;6;Route de la Poterie;49,135052;0,145633
202300046696;8;1;2023;17:00;2;14;14371;1;1;4;6;2819 Route de Courson (Notre-Dame-de-Courson);48,991326;0,237815
202300046697;30;9;2023;19:00;1;92;92050;2;3;1;1;REPUBLIQUE AVENUE DE LA;48,91191;2,22297
202300046698;9;1;2023;13:10;1;50;50074;1;1;4;1;D39;48,737923;-1,145239
202300046699;6;1;2023;11:15;1;64;64106;1;1;1;6;d933;43,315686;-1,014122