Num_Acc;jour;mois;an;hrmn;lum;dep;com;agg;int;atm;col;adr;lat;long
202300046700;30;9;2023;06:20;2;92;92025;2;2;1;3;METZ (RUE DE);48,9131361;2,2258687
202300046701;7;6;2023;15:40;1;33;33494;1;1;1;5;D1215;44,926359;-0,799406
202300046702;8;1;2023;06:20;3;21;21576;1;1;1;2;D970;47,369608;4,471859
202300046703;1;10;2023;12:40;1;11;11221;1;1;1;6;N/A;43,405297;2,298846
202300046704;9;5;2023;17:55;1;33;33238;2;2;2;6;Cours du Maréchal Leclerc;44,730729;-0,600391
202300046705;9;1;2023;14:05;1;4;4116;1;1;1;2;RD4;44,04625;6,019521
202300046706;20;7;2023;16:45;1;76;76475;2;2;1;1;Route de Paris;49,40291;1,158468
202300046707;1;10;2023;10:30;1;11;11367;1;4;1;2;8 Le Colombier Haut-Nord;43,35706;2,176784
202300046708;7;1;2023;06:30;3;89;89415;1;1;1;2;autoroute A6;47,589402;3,917452
202300046709;19;7;2023;11:50;1;60;60612;2;1;1;6;Avenue Paul Rouge;49,196173;2,573357
202300046710;14;7;2023;20:30;1;33;33162;1;1;1;2;ROCADE A 630;44,86673;-0,65038
202300046711;9;1;2023;12:10;1;63;63302;1;1;2;3;A75 Point kilomètrique 007+100 en direction de PARIS;45,71363365;3,15148309
202300046712;20;7;2023;10:35;1;91;91689;1;1;1;2;AUTOROUTE A6;48,73073;2,32514
202300046713;30;9;2023;13:00;1;9;9090;1;1;1;2;Lieu Dit le Chateau;43,046063;1,52391
202300046714;9;1;2023;09:55;1;34;34095;1;1;1;2;Autoroute A9, PK111.300;43,544769;3,792622
202300046715;19;7;2023;12:50;1;92;92050;1;1;1;2;A86;48,91627405;2,22128736
202300046716;8;1;2023;21:30;3;21;21054;1;1;2;3;Autoroute A6, PK 305.700 sens LYON/PARIS;47,00793737;4,86385957
202300046717;30;9;2023;15:45;1;91;91016;2;1;1;3;15 Rue de la Plaine;48,31783;1,993258
202300046718;20;7;2023;17:40;1;77;77121;1;1;1;2;A4;48,831114;2,687782
202300046719;9;1;2023;11:00;1;976;97607;1;1;1;1;RN2 route du Centre - ONGOJOU;-12,837159;45,155257
202300046720;19;7;2023;11:23;1;94;94017;1;1;1;6;A4;48,8288331;2,50053561
202300046721;8;1;2023;14:30;1;974;97422;1;1;1;6;Rue Pierre Rivals;-21,231925;55,541612
202300046722;8;1;2023;13:15;1;34;34256;1;1;1;6;M54;43,69155493;4,05862423
202300046723;9;2;2023;11:01;1;74;74208;1;1;1;6;N205;45,931852;6,734458
202300046724;1;10;2023;04:51;3;81;81079;1;2;1;1;Dénat - Mousquette (Arrêt de bus);43,829372;2,191292
202300046725;19;7;2023;15:30;1;972;97209;2;1;2;6;FRANCOIS ARAGO (RUE);14,60586;-61,07252
202300046726;9;1;2023;07:30;3;34;34164;1;2;1;6;7 Chemin des Vignes;43,747227;3,965474
202300046727;19;7;2023;08:25;1;76;76540;2;2;1;6;Place Cauchoise;49,44579;1,08668
202300046728;1;10;2023;15:30;1;28;28061;2;1;1;6;18 Rue du Mail;48,209639;1,170462
202300046729;9;1;2023;08:50;1;33;33051;2;1;2;5;D3e13;44,64059;-0,952903
202300046730;5;1;2023;02:00;3;29;29058;1;1;2;6;D44;47,900619;-4,009055
202300046731;19;7;2023;17:36;1;67;67482;2;8;1;3;NANCY (BOULEVARD DE);48,58106;7,73197
202300046732;1;10;2023;01:50;3;12;12127;1;1;1;3;Le rivet;44,065633;2,465454
202300046733;19;7;2023;06:45;1;63;63113;2;1;1;6;FLAUBERT (BD GUSTAVE);45,76910829;3,12385887
202300046734;4;1;2023;17:15;1;22;22176;1;1;2;6;Le Heussard;48,431482;-2,748706
202300046735;1;10;2023;06:25;2;38;38194;1;1;1;7;D519;45,341741;5,427507
202300046736;7;1;2023;08:30;2;27;27448;2;1;8;6;17 Avenue du Général de Gaulle;49,016565;1,386982
202300046737;19;7;2023;15:40;1;92;92012;2;6;1;6;REPUBLIQUE (BOULEVARD DE LA) 79/FIN - 76;48,83358368;2,24389046
202300046738;19;7;2023;18:40;3;974;97416;1;1;1;3;RN1 (ROUTE NATIONALE);-21,32719;55,45048
202300046739;1;10;2023;17:20;2;83;83019;1;1;7;6;4315 Route du Dom;43,190703;6,373588
202300046740;19;7;2023;17:30;1;69;69388;2;1;1;6;Rue Audibert et Lavirotte;45,74009;4,85982
202300046741;29;9;2023;11:15;1;85;85038;1;1;1;3;RD 6;46,85329;-1,303359
202300046742;8;1;2023;20:00;3;13;13005;1;1;1;6;A50-Sens Toulon vers Aubagne;43,27956943;5,58387637
202300046743;30;9;2023;17:50;1;83;83130;2;1;1;7;Route de Sollies Pont;43,186764;6,037433
202300046744;19;7;2023;09:05;1;69;69387;2;1;1;5;Rue de Gerland;45,72895648;4,83774555
202300046745;7;1;2023;11:30;1;13;13106;1;1;1;2;A7-Sens Marseille vers Lyon;43,390881;5,351225
202300046746;30;9;2023;17:30;1;41;41293;1;1;7;1;Rue de la Brisse;47,751216;0,990234
202300046747;12;7;2023;14:25;1;972;97213;2;9;1;2;MORNE PITAULT (ROUTE DE);14,62501;-60,9772
202300046748;7;1;2023;17:45;4;69;69199;1;1;1;2;Autoroute 7;45,68599;4,84659
202300046749;18;7;2023;11:00;1;972;97213;2;1;1;2;PLACE D'ARMES;14,62174;-60,98933
202300046750;8;1;2023;21:35;3;91;91136;1;1;2;7;A10 PROVINCE / RD188 PARIS;48,71;2,287
202300046751;8;1;2023;12:30;1;91;91689;1;1;1;5;AUTOROUTE A6A;48,74752;2,32703
202300046752;17;7;2023;10:30;1;972;97209;2;6;1;5;MAHAULT;14,61863;-61,046
202300046753;26;9;2023;08:35;1;83;83116;1;1;1;5;1332 Route de Barjols;43,472383;5,86892
202300046754;7;1;2023;21:30;3;77;77251;1;1;2;2;AUTOROUTE A5A;48,614276;2,564739
202300046755;19;7;2023;09:30;1;971;97113;1;9;1;3;SECTEUR DAMPIERRE;16,20852;-61,46802
202300046756;8;1;2023;10:20;1;78;78297;1;1;1;6;RN12;48,787934;2,063052
202300046757;1;10;2023;07:30;2;19;19176;1;1;1;6;Rosiers-d'Égletons RD1089;45,382578;2,016103
202300046758;19;7;2023;09:25;1;971;97105;2;3;1;3;LARDENOY (RUE DE );15,99369;-61,72528
202300046759;8;1;2023;06:15;3;78;78090;1;1;3;7;A13;48,970445;1,890272
202300046760;30;9;2023;15:50;1;67;67346;2;2;1;7;Rue de l'Ecole;48,949693;8,067881
202300046761;7;1;2023;20:00;3;93;93053;1;1;2;6;AUTOROUTE A103;48,88778;2,47247
202300046762;19;7;2023;23:00;5;2A;2A004;2;2;1;1;DIAMANT III RCE COURS NAPOLEON;41,91874629;8,73689756
202300046763;8;1;2023;12:20;1;95;95306;1;1;1;6;A15;49,0014152;2,17205622
202300046764;30;9;2023;07:30;2;76;76380;1;1;1;6;D152;49,787277;0,987482
202300046765;19;7;2023;12:53;1;2A;2A004;2;1;1;1;STEPHANOPOLI NICEPHORE  DE COMENE BD;41,90882;8,71402
202300046766;8;1;2023;10:15;1;93;93027;1;1;8;6;AUTOROUTE A86;48,92549999;2,39634991
202300046767;1;10;2023;07:15;2;2A;2A269;1;1;1;6;3970 Route Territoriale 10;41,812811;9,401035
202300046768;19;7;2023;11:10;1;95;95277;2;1;1;3;PLAINE DE FRANCE (AVENUE DE LA);48,977153;2,49783
202300046769;8;1;2023;09:20;1;93;93078;1;1;8;2;AUTOROUTE A104;48,96361976;2,52140428
202300046770;30;9;2023;18:40;1;65;65258;2;1;7;6;Avenue de la Gare;43,114629;0,387454
202300046771;19;7;2023;08:00;1;91;91692;2;9;1;1;CANADA (AVENUE DU);48,68617;2,19188
202300046772;8;1;2023;06:00;3;93;93027;1;1;2;6;AUTOROUTE A86;48,92769;2,40339
202300046773;7;1;2023;16:40;5;95;95641;1;1;3;6; A1;49,06957407;2,55231568
202300046774;18;7;2023;18:20;1;89;89354;2;1;1;2;N/A;48,219668;3,255878
202300046775;29;9;2023;15:05;1;32;32107;2;1;7;6;1 Place du Cardinal;43,955167;0,364936
202300046776;13;7;2023;08:35;1;87;87085;2;1;1;6;VENTADOUR (RUE BERNARD DE);45,81485;1,27027
202300046777;30;9;2023;17:50;1;71;71484;1;1;1;6;Route de Louhans;46,667897;5,244362
202300046778;8;1;2023;12:05;1;77;77053;1;1;1;5;RN104;48,677118;2,609409
202300046779;8;1;2023;04:05;5;94;94017;1;1;1;2;A4;48,82630823;2,51972233
202300046780;23;6;2023;19:15;1;84;84007;2;1;1;4;DOCTEUR PONS (Route touristique);43,9544;4,82272
202300046781;30;9;2023;17:05;1;71;71263;2;2;1;6;Grande Rue;46,629234;5,221397
202300046782;7;1;2023;13:15;1;93;93051;1;1;1;4;A4;48,83612292;2,54112191
202300046783;6;1;2023;10:45;1;13;13215;2;1;1;2;TOURS (RUE DE);43,38086;5,37347
202300046784;9;9;2023;19:46;2;71;71263;2;1;1;6;2 Rue du Levant;46,628412;5,228301
202300046785;18;7;2023;07:20;1;83;83129;2;1;1;4;JUIN MARECHAL (AV DU);43,09688103;5,8502773
202300046786;6;1;2023;01:47;5;75;75101;2;2;2;6;BOULEVARD DE SEBASTOPOL;48,863405;2,35095
202300046787;16;7;2023;15:59;1;81;81163;2;3;9;6;PUECH (ARMAND);43,50351;2,37772
202300046788;1;10;2023;13:40;1;76;76618;1;2;7;3;D925;49,97013;1,246345
202300046789;19;7;2023;18:00;1;78;78350;2;1;1;2;VERSAILLES (ROUTE DE);48,85555;2,10739
202300046790;5;1;2023;08:35;2;72;72181;2;9;2;6;BROSSOLETTE PIERRE (BD) N° PAIRS;47,97881;0,205
202300046791;1;10;2023;10:10;1;55;55181;1;6;1;3;D603;49,217723;5,650599
202300046792;5;1;2023;08:50;1;83;83153;2;1;1;6;MARIE FLICHE BERGIS (AV);43,07419;5,91107
202300046793;18;7;2023;15:45;1;76;76351;2;1;1;6;EDOUARD VAILLANT;49,51498;0,17677
202300046794;1;1;2023;00:46;5;68;68066;2;1;1;6;Avenue de l'Europe;48,079171;7,330081
202300046795;30;9;2023;23:07;3;55;55214;1;1;5;6;D966;48,666818;5,329506
202300046796;18;7;2023;12:40;1;72;72181;1;9;1;2;ALENCON (RTE D');48,03175;0,17849
202300046797;8;1;2023;00:30;3;974;97411;1;1;9;3;LITTORAL (ROUTE 1 DU);-20,87782;55,40651
202300046798;18;7;2023;23:40;3;71;71475;2;1;1;7;PREVOYANTS (RUE DES);46,7701;4,82636
202300046799;30;9;2023;18:30;2;49;49160;1;3;1;3;D18a;47,398113;-0,936123
202300046800;18;7;2023;08:30;1;69;69290;2;1;1;3;Rue de l'Industrie;45,691;4,92407
202300046801;7;1;2023;15:10;1;69;69387;2;1;8;3;Rue Béchevelin;45,75406;4,84239
202300046802;6;1;2023;13:20;1;972;97209;2;1;1;2;CHATEAUBOEUF (ROUTE DE);14,62059;-61,04334
202300046803;19;7;2023;15:35;1;64;64102;2;1;1;1;RESPLANDY (AVENUE DU CAPITAINE);43,49027;-1,46744
202300046804;20;9;2023;14:30;1;34;34028;1;1;3;3;D908;43,591232;3,130996
202300046805;7;1;2023;12:33;1;69;69389;2;1;1;2;109 Avenue 25ème Régiment des Tirailleurs Sénégalais;45,78382;4,80109
202300046806;18;7;2023;18:20;1;63;63300;1;1;1;2;RD 2009;45,90498;3,12784
202300046807;6;1;2023;20:20;5;971;97113;2;9;2;6;CHAUFFOUR;16,22186187;-61,52227342
202300046808;1;10;2023;17:20;1;22;22158;2;1;1;6;Rue de Pontivy;48,195312;-2,988051
202300046809;19;7;2023;17:54;1;63;63032;2;5;1;3;LECLERC (AVENUE DU MARECHAL);45,75607;3,08448
202300046810;6;1;2023;19:30;5;95;95607;2;6;1;6;D409;49,02683;2,19987
202300046811;27;6;2023;08:57;1;59;59279;2;1;1;6;LILLE (RUE DE);50,77084087;3,12151864
202300046812;1;10;2023;14:45;1;29;29131;1;1;1;6;5 Lieu Dit Dirizennet;48,448301;-4,038586
202300046813;7;1;2023;21:50;5;83;83129;2;3;1;3;MER (AVENUE DE LA) N°IMPAIRS;43,10186;5,8221
202300046814;19;7;2023;13:00;1;59;59279;2;1;1;6;LILLE (RUE DE);50,771882;3,122071
202300046815;29;9;2023;16:30;1;29;29173;1;1;1;6;Route de Plogastel;48,011951;-4,230372
202300046816;7;1;2023;13:15;1;78;78227;1;1;2;7;CD 922;49,018643;1,952144
202300046817;19;7;2023;18:30;1;59;59183;2;2;1;3;FORT MARDYCK - ROUTE;51,02608;2,31792
202300046818;1;10;2023;11:20;1;2;2822;1;3;1;1;N/A;49,297682;3,107795
202300046819;19;7;2023;22:26;5;57;57463;2;1;1;6;CLOVIS (RUE );49,106386;6,169802
202300046820;7;1;2023;19:25;5;69;69256;2;3;1;3;Avenue Garibaldi;45,7664;4,92987
202300046821;14;7;2023;02:22;5;56;56098;2;1;1;6;JAURES (RUE  JEAN );47,76359;-3,36129
202300046822;1;10;2023;10:10;1;3;3043;1;1;1;7;RD 578 PK 1+200;46,198622;3,290277
202300046823;7;1;2023;10:30;1;64;64024;2;2;1;2;Rue des Pontots;43,49396;-1,49659
202300046824;18;7;2023;22:54;5;54;54395;2;2;1;3;Avenue de la Garenne;48,68061792;6,17895395
202300046825;30;9;2023;19:00;2;3;3002;1;1;7;7;RD 133;46,617625;3,178675
202300046826;6;1;2023;17:27;1;64;64024;2;1;1;3;Rue du  Colonel Melville Lynch;43,4642;-1,49883
202300046827;18;7;2023;14:50;1;54;54339;2;1;1;1;Rue du Lion d'Or;48,71308;6,17646
202300046828;7;1;2023;14:50;1;59;59421;2;1;3;6;RAVENNES (RUE DES);50,7124731;3,12909152
202300046829;30;9;2023;20:35;3;1;1179;1;2;1;3;D51;46,256425;4,83642
202300046830;18;7;2023;17:00;1;49;49007;2;1;1;6;AYRAULT;47,47602;-0,54991
202300046831;7;1;2023;19:00;5;59;59350;2;2;1;3;LIBERTE BVD N°2 - 90-51 - 145;50,63456879;3,05680163
202300046832;19;7;2023;12:00;1;44;44162;1;1;1;3;N/A;47,211242;-1,627042
202300046833;6;1;2023;17:00;2;59;59431;2;1;2;6;LYS  (RUE DE LA );50,69594213;2,85386243
202300046834;1;10;2023;08:31;1;85;85008;1;1;7;2;A 87 - PK 120+700;46,626972;-1,42615
202300046835;7;1;2023;09:55;1;54;54184;2;6;1;6;Avenue de Saulxures;48,707903;6,243707
202300046836;29;9;2023;08:00;1;14;14554;1;1;1;1;Chemin de la Jalousie;49,072292;-0,29603
202300046837;6;1;2023;17:40;5;54;54578;2;2;1;3;Boulevard des Aiguillettes;48,67031341;6,15810513
202300046838;19;7;2023;12:40;1;42;42044;2;3;1;3;Rue du Colonel Marey;45,39506;4,32231
202300046839;7;1;2023;17:41;5;51;51454;2;7;8;6;place Aristide Briand;49,25755;4,03952
202300046840;19;7;2023;07:45;1;38;38185;2;1;7;6;JEAN PAIN (BOULEVARD);45,18742;5,73735
202300046841;20;7;2023;02:05;3;35;35278;1;1;1;6;RN136;48,14;-1,6974
202300046842;1;10;2023;10:45;1;14;14098;1;2;1;7;15 Rue de la Limare;49,20799659;-0,55823364
202300046843;7;1;2023;09:40;1;51;51454;2;4;1;1;boulevard Henry Vasnier;49,24079;4,05301
202300046844;19;7;2023;19:20;1;35;35115;2;6;1;3;DURAND (RUE ALBERT);48,35492059;-1,19873151
202300046845;1;10;2023;12:30;1;50;50090;1;1;1;1;La Commune - D 134;48,539114;-1,013489
202300046846;7;1;2023;09:09;1;49;49007;2;2;1;3;VILLESICARD RUE ET SQUARE;47,45173;-0,53574
202300046847;6;1;2023;17:45;5;48;48095;2;1;1;6;HUIT MAI 1945 (AVENUE DU);44,52621;3,48585
202300046848;16;6;2023;22:16;2;35;35115;2;6;1;3;SAINT GERMAIN (BOULEVARD DE);48,35665421;-1,20424479
202300046849;30;9;2023;20:00;4;64;64081;2;3;1;3;Départementale 147;43,14909;-0,930356
202300046850;18;7;2023;15:25;1;34;34032;1;1;1;7;RD609;43,32548;3,19121
202300046851;7;1;2023;06:20;4;45;45234;2;1;1;6;59 Avenue de la Marne;47,916225;1,933882
202300046852;19;7;2023;22:03;5;31;31555;2;1;1;6;BD GABRIEL KOENIGS;43,596164;1,411951
202300046853;7;1;2023;14:40;1;45;45004;2;1;8;2;D2107 PR 2 + 601;47,97068;2,73383
202300046854;30;9;2023;17:05;1;10;10268;1;1;1;4;D951;48,480667;3,482248
202300046855;18;7;2023;15:25;1;29;29051;1;1;1;1;Rue de la Papeterie;48,020923;-4,021289
202300046856;8;1;2023;01:40;5;35;35238;2;3;2;6;TURMEAU (ALLEE JEAN);48,11134141;-1,69076532
202300046857;7;1;2023;15:45;1;35;35051;1;6;2;6;ALLIES (BOULEVARD DES);48,14101;-1,62679
202300046858;19;7;2023;21:10;1;28;28223;1;2;1;3;RD 929;48,720557;1,40803
202300046859;31;7;2023;16:40;1;36;36010;1;1;1;4;N/A;46,87403992;1,05359316
202300046860;7;1;2023;03:25;3;35;35278;1;1;1;2;N136;48,14153235;-1,67353345
202300046861;19;7;2023;20:15;1;27;27229;2;4;1;1;GAMBETTA (BOULEVARD);49,0196;1,15444
202300046862;1;10;2023;11:23;1;16;16251;1;1;1;6;D131;45,364117;-0,17149
202300046863;7;1;2023;20:20;5;33;33063;2;2;3;3;Rue Lucien Faure;44,86973;-0,5666
202300046864;1;10;2023;15:15;1;7;7166;1;1;1;7;d236;45,03332589;4,5344907
202300046865;19;7;2023;10:25;1;22;22278;2;3;1;6;TREGUEUX (DE);48,500192;-2,75651
202300046866;19;7;2023;03:36;3;17;17306;2;9;1;1;POSTE (ROND POINT DE LA);45,62436;-1,02458
202300046867;7;1;2023;02:50;5;33;33063;2;2;1;3;Rue Paulin;44,84713;-0,58778
202300046868;30;9;2023;14:00;1;53;53160;1;3;1;3;Le Vieux Gast;48,375894;-0,556596
202300046869;17;7;2023;12:01;1;15;15012;2;3;1;3;RD 990;44,900566;2,487458
202300046870;7;1;2023;23:00;5;33;33529;2;2;2;3;DE GAULLE (PL. DU GENERAL);44,53809;-1,15215
202300046871;30;9;2023;18:45;1;53;53007;2;1;1;6;13 Rue des Rochers;48,078613;-0,642174
202300046872;18;7;2023;18:45;1;6;6155;2;2;1;3;LIBERTE AV.DE LA;43,569555;7,077021
202300046873;7;1;2023;19:20;1;33;33529;2;6;3;3;INDUSTRIE (BD DE L') DU 01 ET +;44,61585;-1,12679
202300046874;10;7;2023;17:30;1;5;5061;2;9;1;3;COMMANDANT DUMONT ( AVENUE);44,569043;6,083315
202300046875;30;9;2023;16:00;1;40;40127;1;3;1;3;3620 avenue des pyrénées;43,795466;-0,243995
202300046876;17;7;2023;19:05;1;75;75117;2;1;1;3;BD PERIPHERIQUE EXTERIEUR;48,892143;2,301374
202300046877;1;10;2023;12:00;1;85;85277;1;2;1;3;Rue du Vivier;46,485311;-1,358421
202300046878;1;10;2023;02:00;5;27;27428;2;1;1;6;Rue Octave Bonnel;49,147284;0,903258
202300046879;1;10;2023;11:45;1;37;37173;1;1;1;6;D81;47,15914;1,284971
202300046880;19;7;2023;10:45;1;75;75114;2;1;1;5;BOULEVARD PERIPHERIQUE EXTERIEUR SUD;48,821648;2,317887
202300046881;19;7;2023;15:30;1;75;75119;2;3;1;3;AVENUE DE FLANDRE;48,891243;2,377369
202300046882;30;9;2023;22:15;5;37;37172;2;3;1;1;Avenue Gustave Eiffel;47,438894;0,699209
202300046883;18;7;2023;18:45;1;75;75117;2;3;1;6;AVENUE DE CLICHY;48,888039;2,324612
202300046884;19;7;2023;07:40;1;75;75115;2;3;1;6;RUE JACQUES BAUDRY;48,82996868;2,30559468
202300046885;30;9;2023;20:45;3;973;97309;2;1;1;3;Route de Rémire;4,89176881;-52,27453172
202300046886;18;7;2023;17:20;1;75;75114;2;3;1;3;BOULEVARD SAINT JACQUES;48,833524;2,334244
202300046887;30;9;2023;18:20;2;34;34116;2;1;1;6;départementale 127;43,646107;3,818253
202300046888;18;7;2023;06:40;1;75;75114;2;3;1;3;RUE FROIDEVAUX;48,837219;2,323956
202300046889;19;7;2023;20:45;2;75;75111;2;1;1;3;BOULEVARD VOLTAIRE;48,853631;2,387097
202300046890;1;10;2023;14:35;1;6;6018;1;1;1;1;2692 Route de Valbonne;43,633404;7,076461
202300046891;1;10;2023;16:45;1;67;67348;1;9;1;7;D500;48,471299;7,511859
202300046892;18;7;2023;23:22;5;75;75110;2;2;1;3;QUAI DE JEMMAPES;48,868813;2,367613
202300046893;30;9;2023;16:30;1;976;97609;1;1;1;3;CCD 4, Ngouja;-12,9794;45,11982
202300046894;18;7;2023;14:50;1;75;75110;2;2;1;6;RUE LA FAYETTE;48,878973;2,35575
202300046895;1;10;2023;03:00;5;11;11170;2;1;1;6;CD 132;43,099972;3,098595
202300046896;27;8;2023;08:55;1;45;45269;1;1;1;7;A10 PR 108 + 113;47,876836;1,734982
202300046897;19;7;2023;07:00;1;75;75116;2;2;1;3;AVENUE MOZART;48,857296;2,273046
202300046898;1;10;2023;14:15;1;13;13087;1;6;1;7;A8;43,47111;5,644966
202300046899;18;7;2023;10:36;1;75;75103;2;2;1;1;RUE COMMINES;48,861767;2,365262
202300046900;14;7;2023;12:00;1;94;94081;2;1;1;7;Rue Julian Grimau;48,78220019;2,37209503
202300046901;30;9;2023;22:45;3;17;17139;1;1;1;2;A10;46,117026;-0,533369
202300046902;18;7;2023;10:30;1;94;94068;2;2;1;6;BAC (AV DU);48,794594;2,51162
202300046903;1;10;2023;11:30;1;91;91111;1;1;1;7;A10;48,625435;2,137667
202300046904;17;7;2023;19:30;1;94;94017;2;1;1;1;Square Charles d'Orléans;48,80727;2,54961
202300046905;18;7;2023;19:50;1;94;94016;2;1;1;3;43 Avenue Carnot;48,798574;2,326875
202300046906;30;9;2023;02:30;3;974;97420;1;9;1;6;N2;-20,898949;55,580499
202300046907;29;9;2023;15:00;1;973;97312;1;1;1;1;N1;5,332125;-52,914577
202300046908;18;7;2023;15:45;1;94;94016;2;1;1;2;Avenue Aristide Briand;48,79076;2,3199
202300046909;19;7;2023;16:28;1;94;94073;2;1;1;6;Avenue du Luxembourg;48,756431;2,374134
202300046910;30;9;2023;18:00;1;77;77382;2;1;1;3;16 Rue Braunston;48,90089;2,870212
202300046911;1;10;2023;09:40;1;77;77508;1;1;1;1;D21 PK 19+100;48,818574;2,866128
202300046912;19;7;2023;09:25;1;94;94038;2;1;1;4;Rue de Lallier;48,77549;2,35368
202300046913;10;6;2023;15:15;1;94;94021;2;1;1;3;73 Avenue de Stalingrad;48,768354;2,367835
202300046914;30;9;2023;13:30;1;11;11426;1;1;1;2;CD 620;43,2968;2,4573
202300046915;19;7;2023;09:50;1;94;94028;2;1;1;2;70 Avenue du Maréchal Foch;48,778204;2,438286
202300046916;30;9;2023;20:50;5;83;83047;2;1;1;6;40 Avenue de la Libération;43,149675;6,075718
202300046917;19;7;2023;21:20;2;93;93066;2;1;1;3;Rue Pleyel;48,91650275;2,34620767
202300046918;1;10;2023;00:45;3;83;83143;1;1;1;6;D554;43,455271;6,065387
202300046919;19;7;2023;08:30;1;93;93001;2;5;1;3;Avenue Victor Hugo / Rue de la Commune de Paris;48,90885355;2,3782126
202300046920;30;9;2023;20:05;5;67;67309;2;1;1;6;boulevard des enseignes;48,651851;7,723517
202300046921;19;7;2023;09:30;1;93;93051;2;6;1;3;Rue Graham Bell / Boulevard de Friedberg;48,83604;2,54753
202300046922;1;10;2023;02:26;3;42;42147;2;6;1;6;Avenue de Saint Étienne;45,590505;4,090353
202300046923;19;7;2023;19:15;2;93;93048;2;7;1;3;Place du Général de Gaulle / Rue Jean Lolive;48,86914;2,43236
202300046924;18;7;2023;23:20;5;93;93045;2;1;1;1;Avenue du Maréchal Juin;48,87883601;2,4222959
202300046925;19;7;2023;09:40;1;93;93010;2;3;1;6;Remise à Jorelle / Rue Rudyard Kipling;48,89331983;2,48690536
202300046926;19;7;2023;04:05;5;93;93057;2;2;1;3;Allée Monthyon / Allée de l'Avenir;48,91207778;2,50865657
202300046927;10;7;2023;12:55;1;92;92078;2;1;1;7;JEAN MOULIN (AVENUE) (1 AU 81);48,93839;2,33177
202300046928;19;7;2023;00:40;5;92;92073;2;1;1;6;VERDUN (RUE DE);48,87115675;2,22779131
202300046929;18;7;2023;18:00;1;92;92073;2;2;1;3;CARON (RUE ALBERT);48,86511288;2,20855996
202300046930;19;7;2023;12:24;1;92;92077;2;1;1;3;SEVRES (RUE DE);48,82626;2,19203
202300046931;19;7;2023;19:05;1;92;92063;2;3;1;3;DOUMER (AVENUE PAUL) NORD;48,87993176;2,18057728
202300046932;19;7;2023;06:40;1;92;92051;2;2;1;3;BINEAU (BOULEVARD, N°133 A 217 ET 134 A;48,89363317;2,2674349
202300046933;18;7;2023;18:15;1;92;92050;2;1;1;3;VAILLANT COUTURIER PAUL RUE;48,87946;2,20825
202300046934;18;7;2023;08:56;1;92;92050;2;1;1;1;PICASSO PABLO AVENUE;48,89248921;2,21358848
202300046935;19;7;2023;14:00;1;92;92020;2;1;1;7;BROSSOLETTE RUE PIERRE AUTRES N°;48,800973;2,279232
202300046936;19;7;2023;09:30;1;92;92040;2;1;1;3;MARCEAU;48,8263;2,2722
202300046937;15;7;2023;22:00;5;92;92025;2;1;1;6;EDGARD QUINET (BD);48,92413671;2,247987
202300046938;19;7;2023;18:40;1;92;92024;2;1;1;3;MARTRE DE (4 A 54);48,89988595;2,3088643
202300046939;17;6;2023;18:45;1;39;39295;1;2;1;3;;46,483501;5,466042
202300046940;19;7;2023;00:40;5;92;92019;2;1;1;6;SINET EUGENE (RUE);48,77447;2,26962
202300046941;19;7;2023;19:00;1;60;60040;1;1;1;7;D152;49,424004;2,590445
202300046942;17;6;2023;19:40;1;39;39154;2;3;1;3;14A Route de Lons-le-saunier;46,579115;5,747328
202300046943;18;7;2023;23:15;3;40;40296;1;1;1;6;D86;43,687619;-1,37858
202300046944;19;7;2023;14:15;1;42;42332;2;2;1;3;Rue du Moulin à Vent Prolongée;46,019116;4,053483
202300046945;17;6;2023;18:30;1;44;44069;2;9;1;3;1 Rue de la Fuie;47,327803;-2,411923
202300046946;17;7;2023;10:40;1;64;64367;1;1;1;6;11 Chemin Larue;43,449715;-0,69246
202300046947;17;6;2023;06:35;2;2;2173;2;1;1;6;106 Rue Camille Desmoulins;49,612754;3,203459
202300046948;3;7;2023;20:30;1;19;19043;1;1;1;6;RD921;45,153187;1,621476
202300046949;17;6;2023;18:30;1;1;1457;1;1;1;6;Route de Laval;46,215654;4,998328
202300046950;17;7;2023;08:00;1;56;56117;2;6;1;3;11 Place Anne de Bretagne;47,882053;-2,83428
202300046951;17;6;2023;15:19;1;66;66053;2;9;1;6;;42,525933;3,082067
202300046952;19;7;2023;20:03;1;56;56240;2;6;1;3;Giratoire de KERGROES;47,522311;-2,767274
202300046953;17;6;2023;09:10;1;54;54200;2;3;1;1;Rue du Jury;48,8753357;5,84767163
202300046954;19;7;2023;21:45;5;2B;2B343;2;1;1;6;Querciolo;42,4894;9,478841
202300046955;17;6;2023;16:10;1;50;50604;1;1;1;1;D23;49,522555;-1,816328
202300046956;20;7;2023;10:15;1;11;11392;1;1;1;1;N/A;43,079617;2,676448
202300046957;18;6;2023;06:45;2;83;83056;2;3;1;6;Vieille Route de Grasse;43,555278;6,516958
202300046958;19;7;2023;20:15;2;46;46213;1;2;7;1;le claux de Gasconne;44,83961667;1,76415458
202300046959;17;6;2023;10:00;1;64;64094;1;1;1;1;D936;43,465441;-1,236842
202300046960;20;7;2023;15:30;1;44;44128;1;1;8;1;44 la Ville Dinais;47,523504;-1,886365
202300046961;17;6;2023;19:05;1;43;43153;1;9;1;3;1851 route de Cubrisoles;45,330716;4,261988