Num_Acc;jour;mois;an;hrmn;lum;dep;com;agg;int;atm;col;adr;lat;long
202300046962;13;6;2023;17:15;1;7;7276;1;1;2;6;RD 120 - PR 40+950 -;44,896189;4,486926
202300046963;19;7;2023;16:45;1;29;29035;1;1;1;3;D26;48,49655805;-4,53622331
202300046964;18;6;2023;06:00;1;40;40145;2;1;1;6;248 Route du Tursan;43,765589;-0,423601
202300046965;19;7;2023;16:22;1;15;15142;1;2;1;3;D990;44,97214;2,990815
202300046966;20;7;2023;09:00;1;1;1240;1;1;1;6;Route de Dortan;46,254957;5,513334
202300046967;17;6;2023;17:30;1;4;4036;1;1;1;1;D900;44,146439;6,296266
202300046968;20;7;2023;08:25;1;70;70176;1;1;7;6;D6;47,886125;6,608298
202300046969;18;6;2023;11:50;1;77;77410;1;1;1;6;Autoroute A5;48,587509;2,703323
202300046970;20;7;2023;19:10;1;54;54152;2;9;1;6;25 Rue du Général Leclerc;48,55564124;6,38659716
202300046971;18;6;2023;02:30;3;49;49188;1;1;2;7;pk 239 A11;47,589551;-0,323224
202300046972;20;7;2023;12:55;1;54;54076;2;4;1;1;Rue du Bois Versin;48,562424;6,402297
202300046973;18;6;2023;08:30;1;79;79355;1;1;1;2;;46,300161;-0,366561
202300046974;19;7;2023;18:30;1;54;54400;1;1;1;1;D120;48,88270198;6,22697353
202300046975;18;6;2023;00:12;3;68;68278;1;1;1;6;Autoroute A35;47,754183;7,42006
202300046976;18;6;2023;13:26;1;64;64300;1;1;1;6;A64 - PK 77.288;43,43135417;-0,62975154
202300046977;17;6;2023;14:40;1;69;69013;1;1;1;7;Autoroute 6;46,0328;4,725924
202300046978;17;6;2023;23:45;5;69;69118;2;3;1;2;Route de Beaucaire;45,564567;4,80352
202300046979;13;7;2023;17:20;1;6;6073;1;1;1;6;M97;44,188743;7,053502
202300046980;16;6;2023;18:43;5;971;97104;2;1;1;3;Allée des Pères Blancs;16,012252;-61,742769
202300046981;17;6;2023;12:30;1;28;28194;1;1;1;7;Grande Rue;48,4376;1,651372
202300046982;19;7;2023;08:30;2;9;9327;1;1;1;7;D10;42,991088;1,741676
202300046983;17;6;2023;15:30;1;45;45244;1;1;1;1;D119 PR 3 + 930;47,771421;2,421262
202300046984;18;6;2023;16:30;1;77;77264;1;1;1;1;D402;48,7028309;2,91785112
202300046985;18;6;2023;13:22;1;91;91103;1;6;1;3;D19;48,578453;2,298589
202300046986;17;6;2023;20:00;1;2B;2B301;1;1;1;6;RD 81;42,660585;9,126012
202300046987;18;6;2023;08:45;1;66;66141;1;1;1;7;;42,769603;2,900219
202300046988;16;6;2023;16:40;1;34;34183;2;6;7;3;RD609;43,290932;3,118492
202300046989;17;6;2023;21:40;3;84;84132;1;1;1;7;Route de Banon;43,882827;5,004369
202300046990;18;6;2023;13:50;1;13;13081;1;4;1;1;D113 - noeud desservant plusieurs axes;43,491584;5,218785
202300046991;17;6;2023;17:20;1;13;13086;2;6;1;2;Route Nationale 96;43,338214;5,601193
202300046992;16;6;2023;17:10;1;26;26124;1;1;1;4;Autoroute A7 sens nord / sud, PK 082.700;44,835384;4,862266
202300046993;16;6;2023;15:20;1;68;68329;2;1;1;3;61 Route de la Schlucht;48,050589;7,110236
202300046994;17;6;2023;16:00;1;73;73068;1;2;1;3;D1006;45,562081;6,205956
202300046995;17;6;2023;19:25;2;38;38110;1;2;1;5;N7;45,566227;4,858403
202300046996;17;6;2023;15:00;1;17;17147;2;1;1;6;La Roulerie;45,810604;-0,553082
202300046997;16;6;2023;07:35;1;33;33539;1;3;1;3;Avenue de Bel Air;44,884101;-0,340469
202300046998;17;6;2023;10:40;1;44;44205;1;1;1;7;101 la haute brechouliere;47,435791;-1,449412
202300046999;16;6;2023;17:30;1;27;27016;2;3;1;1;D313;49,245703;1,39694
202300047000;18;6;2023;14:50;1;60;60666;1;1;1;7;D84;49,096871;2,697659
202300047001;18;6;2023;00:00;3;60;60446;1;1;1;6;Route Nationale 2;49,133795;2,798123
202300047002;17;6;2023;12:10;1;62;62471;2;3;1;3;D198;50,65312973;2,22279224
202300047003;15;6;2023;20:26;1;40;40036;1;9;1;6;a63;43,641495;-1,378591
202300047004;16;6;2023;12:24;1;9;9268;1;1;1;1;Route de Miguet;42,993223;1,140348
202300047005;17;6;2023;12:15;1;974;97415;2;9;1;3;Rue Raphael Barquisseau;-21,042104;55,267679
202300047006;10;6;2023;06:32;2;35;35175;2;3;1;6;Rue Anne de Bretagne;47,895924;-1,975281
202300047007;16;6;2023;18:45;1;22;22172;1;3;1;3;La Ville Martin;48,53748;-2,224174
202300047008;17;6;2023;12:42;1;71;71075;1;1;1;6;Lieu Dit le Torchis;46,631012;3,865396
202300047009;16;6;2023;19:45;1;95;95052;2;4;1;2;D85;49,138586;2,291669
202300047010;16;6;2023;16:45;1;6;6161;2;1;1;3;1162 Route Départementale 6007;43,638983;7,133509
202300047011;17;6;2023;02:05;3;29;29181;1;1;5;5;rue du Stiff;48,48643;-4,27531543
202300047012;13;6;2023;17:30;1;51;51364;1;1;1;7;D227;49,2348897;3,879354
202300047013;17;6;2023;10:20;1;59;59149;2;2;1;1;route de clary;50,083018;3,402221
202300047014;17;6;2023;11:09;1;71;71120;2;1;1;2;1 Route de Charlieu;46,208134;4,324886
202300047015;16;6;2023;16:45;1;49;49218;2;2;1;1;Rue de la Mairie (Le Fuilet);47,280778;-1,11666
202300047016;16;6;2023;10:45;1;12;12208;2;1;1;7;131 Avenue Lucien Galtier;43,957256;2,874883
202300047017;16;6;2023;17:45;1;35;35207;1;3;1;2;Gervis;48,07837164;-1,51250035
202300047018;17;6;2023;08:20;1;29;29113;1;1;1;6;Lieu Dit Kermelard;48,637333;-3,725288
202300047019;16;6;2023;08:40;1;29;29076;2;2;1;3;Hameau de Kersaliou;48,47682509;-4,56681709
202300047020;16;6;2023;22:54;3;38;38287;2;1;1;6;Rue de Grolandière;45,439443;5,504373
202300047021;15;6;2023;06:40;1;72;72039;1;1;1;6;D7;48,172525;0,472884
202300047022;16;6;2023;16:42;1;50;50639;2;1;1;6;Place de la Republique;48,838198;-1,222371
202300047023;16;6;2023;18:10;1;73;73224;1;1;1;3;D213;45,349371;6,306109
202300047024;16;6;2023;15:18;1;43;43200;1;1;1;7;Route de Valence;45,035579;4,097557
202300047025;16;6;2023;16:30;1;53;53010;1;1;3;7;chemin de la maison neuve;48,142695;-0,301083
202300047026;17;6;2023;05:00;2;30;30082;1;1;1;7;N/A;43,85923;4,226668
202300047027;17;6;2023;11:39;1;30;30029;1;1;1;6;Route de Vallon;44,336463;4,360419
202300047028;16;6;2023;16:15;1;69;69244;2;1;1;1;28 Chemin Finat Duclos;45,75828852;4,75402459
202300047029;17;6;2023;08:50;1;28;28392;1;1;1;6;A10 point kilométrique 061+209;48,235881;1,849901
202300047030;15;6;2023;16:45;1;974;97418;2;3;1;3;Rue Louis Lagourgue;-20,908962;55,520337
202300047031;16;6;2023;18:15;1;33;33097;2;1;1;1;Route de Bordeaux;45,079013;-1,037596
202300047032;16;6;2023;09:50;1;2B;2B313;2;1;1;6;Moriani Plage;42,375171;9,529969
202300047033;16;6;2023;11:20;1;66;66182;2;1;1;3;;42,72454;3,035982
202300047034;16;6;2023;23:45;4;83;83047;2;1;1;7;Avenue Jean Monnet;43,118892;6,064019
202300047035;17;6;2023;09:15;1;83;83016;1;4;1;1;Route de Marseille;43,206388;5,810231
202300047036;17;6;2023;05:30;1;71;71590;1;1;1;6;RN 79 PK 18+700;46,451578;4,1768
202300047037;16;6;2023;21:05;1;68;68154;2;1;1;6;Rue des Dahlias;47,763842;7,365738
202300047038;17;6;2023;08:00;1;55;55336;1;1;7;1;Rue Basse;49,379841;5,482237
202300047039;16;6;2023;11:10;1;69;69138;1;1;1;2;Route d’Yzeron;45,704636;4,525809
202300047040;13;6;2023;07:55;1;69;69010;1;1;1;3;Rue de Paris;45,83973137;4,60427564
202300047041;16;6;2023;15:00;1;9;9334;1;1;1;7;RD18;42,806463;1,420507
202300047042;17;6;2023;06:35;1;16;16353;1;1;1;1;D 6;45,680369;0,445895
202300047043;5;6;2023;20:00;1;40;40114;1;1;1;7;départementale 947;43,781629;-1,070995
202300047044;13;6;2023;17:20;1;85;85019;1;1;1;7;le grand monicq;46,753255;-1,426989
202300047045;17;6;2023;00:44;3;85;85015;1;3;1;2;RD937;46,814599;-1,463864
202300047046;11;6;2023;10:05;1;35;35273;2;3;1;6;Rue Principale;48,405332;-1,263428
202300047047;16;6;2023;23:15;3;27;27624;2;6;1;6;D133;49,194041;1,109303
202300047048;16;6;2023;18:20;1;27;27016;2;3;1;6;D313;49,243401;1,403195
202300047049;17;6;2023;13:15;1;80;80110;1;3;1;6;D940;50,173744;1,659139
202300047050;17;6;2023;03:30;3;59;59586;2;2;1;3;Rue Lesrues;50,533245;3,172474
202300047051;6;4;2023;23:00;5;93;93066;2;1;1;3;UNIVERSITE PARIS VIII;48,94479608;2,36298095
202300047052;15;6;2023;18:40;1;93;93071;2;1;1;6;Allée Hélène Boucher;48,93455169;2,51685024
202300047053;15;6;2023;12:30;1;93;93066;2;9;1;1;Rue du Fort de la Briche;48,94443217;2,34229906
202300047054;15;6;2023;10:55;1;93;93039;2;1;1;5;Pont de Saint Ouen;48,91890697;2,32846669
202300047055;15;6;2023;19:00;1;93;93049;2;5;1;1;Boulevard Galliéni / Boulevard Fichot;48,85271;2,51199
202300047056;15;6;2023;15:00;1;93;93064;2;1;1;3;Avenue Faidherbe;48,86175;2,48269
202300047057;7;6;2023;20:20;1;93;93057;2;3;1;3;Boulevard Pasteur / Allée Henri Barbusse;48,90255;2,51156
202300047058;15;6;2023;20:45;2;93;93046;2;2;1;3;Avenue Aristide Briand / Boulevard Gutenberg;48,91197646;2,52076582
202300047059;15;6;2023;08:30;1;93;93074;2;1;1;7;Rue de Meaux;48,93587658;2,57633418
202300047060;14;6;2023;17:30;1;93;93032;2;3;1;6;Vieux Chemin de Meaux / Chemin d’Acces aux Abbesses;48,87699;2,55733
202300047061;15;6;2023;05:50;1;93;93031;2;1;1;5;Avenue de Lattre de Tassigny;48,9571;2,3105
202300047062;15;6;2023;13:50;1;93;93027;2;1;7;6;Rue Suzanne Masson;48,92337;2,38532
202300047063;16;6;2023;17:15;1;80;80136;2;9;1;1;Rue des Alloires;49,941174;2,720039
202300047064;14;6;2023;14:00;1;83;83058;1;1;3;6;Route de Salernes;43,519676;6,336547
202300047065;15;6;2023;20:15;1;22;22206;2;1;1;6;47 Rue Pasteur;48,541692;-2,973964
202300047066;14;6;2023;19:45;1;33;33154;2;1;1;2;avenue de la piscine;45,09753;-0,046477
202300047067;9;6;2023;23:43;4;33;33225;1;1;1;6;Fontaine de Manine;44,589853;-0,458137
202300047068;15;6;2023;06:30;2;49;49092;1;2;1;3;Le Bon René (Chanzeaux);47,274174;-0,666159
202300047069;15;6;2023;23:00;3;42;42003;1;1;1;7;Route de Changy;46,130821;3,893897
202300047070;15;6;2023;09:15;1;79;79095;2;2;1;5;;46,184919;0,02812
202300047071;14;6;2023;12:50;1;85;85153;1;1;1;6;RD 113;46,77485;-1,050068
202300047072;16;6;2023;16:35;1;44;44196;1;1;1;1;1 les 3 Routes;47,535593;-2,054293
202300047073;15;6;2023;21:00;1;57;57133;1;1;1;7;D28;48,849806;6,631338
202300047074;16;6;2023;07:20;1;51;51550;1;1;1;1;RD12;48,704613;4,362345
202300047075;15;6;2023;14:20;1;76;76523;1;1;1;7;RD116-PK006+000;49,825276;1,597009
202300047076;16;6;2023;11:35;1;79;79196;1;1;1;4;;46,889396;-0,070252
202300047077;16;6;2023;09:00;1;80;80695;1;1;1;7;D1017;50,022548;2,910476
202300047078;15;6;2023;21:24;5;82;82031;2;1;1;7;546 Route de Castelsarrasin;44,0304;1,046813
202300047079;13;6;2023;16:00;1;69;69006;2;3;1;3;Rue Daniel Fargeot;45,977244;4,333747
202300047080;15;6;2023;13:10;1;81;81124;2;1;1;7;Avenue Pierre et Rene Bonnafous;43,70664;2,686168
202300047081;16;6;2023;11:25;1;63;63195;2;1;1;2;Place Jean Rimbert;45,827911;3,380545
202300047082;16;6;2023;16:45;1;61;61121;1;1;1;6;D931;48,469606;0,494534
202300047083;8;6;2023;09:15;1;47;47306;1;4;1;2;route de montpezat;44,36593081;0,50982524
202300047084;13;6;2023;17:40;1;47;47222;1;1;1;7;Route du Sendat;44,289212;0,125612
202300047085;15;6;2023;22:30;3;34;34332;1;1;1;3;RD612;43,314859;3,382587
202300047086;16;6;2023;13:30;1;39;39325;2;4;1;1;1 Grande Rue;46,90172;5,793207
202300047087;16;6;2023;05:19;2;25;25285;1;1;1;7;D 47;47,038109;6,577088
202300047088;16;6;2023;06:45;1;25;25085;1;1;1;6;D47;46,83565;6,210665
202300047089;16;6;2023;17:25;1;44;44169;1;3;1;3;23 Route des faucardeurs;47,25169356;-1,40135989
202300047090;15;6;2023;17:30;1;31;31483;1;1;1;2;chemin de la gravière;43,12009665;0,72731584
202300047091;16;6;2023;11:10;1;2;2321;2;1;1;6;23 Rue des Lavandières;49,851315;3,897148
202300047092;16;6;2023;12:10;1;3;3043;1;1;1;6;D2009;46,185758;3,258111
202300047093;14;6;2023;17:40;1;3;3122;1;2;1;3;Lieux dit Les Petites Ternes;46,496956;3,066055
202300047094;13;6;2023;17:45;1;1;1246;1;2;1;3;Route de l'Effondras;46,247935;5,036475
202300047095;20;5;2023;10:00;2;58;58003;2;1;1;1;Beaumont;47,221743;4,203081
202300047096;15;6;2023;14:20;1;66;66049;2;1;7;6;Place du Pont;42,494939;2,742832
202300047097;16;6;2023;00:20;3;14;14552;2;1;1;6;26 Rue Froide;49,310436;-0,626718
202300047098;15;6;2023;18:00;1;60;60509;2;1;1;1;Avenue d’Auvelais;49,316891;2,604296
202300047099;14;6;2023;20:45;1;64;64161;1;1;1;7;Route d' Arancou;43,469054;-1,072798
202300047100;16;6;2023;09:15;1;64;64417;2;1;1;6;Pont de Claracq;43,179719;-0,260394
202300047101;16;6;2023;09:30;1;73;73109;1;1;1;6;D1006;45,46745339;6,29143039
202300047102;14;6;2023;14:50;1;36;36156;1;1;7;7;;46,45982067;2,13873227
202300047103;16;6;2023;17:45;1;7;7079;1;3;1;1;D533;44,986269;4,535894
202300047104;15;6;2023;12:10;1;53;53097;2;1;1;3;Rue du Rochard;48,155023;-0,404944
202300047105;15;6;2023;20:20;1;40;40102;2;1;1;6;669 Route de Sos;43,993461;0,014627
202300047106;15;6;2023;17:00;1;24;24252;1;3;1;1;lieu dit la brouillargue;44,936877;1,211747
202300047107;15;6;2023;17:40;1;28;28240;1;1;1;1;Les Collets;48,480212;0,953536
202300047108;15;6;2023;10:50;1;37;37152;1;1;1;6;Les Gaudieres;47,45749322;0,67123961
202300047109;13;6;2023;18:20;2;52;52194;2;1;1;4;Avenue Jacques Marcellot;48,583741;5,039243
202300047110;16;6;2023;01:45;3;13;13112;1;6;1;7;D10;43,53123589;5,19934416
202300047111;15;6;2023;18:48;1;42;42256;2;1;1;6;Rue d'Outre l'Eau;45,49772961;4,16540851
202300047112;14;6;2023;18:00;1;44;44069;2;6;1;2;14 Avenue de la Brière;47,330276;-2,424293
202300047113;28;5;2023;17:00;1;11;11170;1;1;1;3;chemin départementale 32;43,10985;3,063726
202300047114;14;6;2023;18:45;1;30;30258;1;1;3;6;A54 - PK 10+000;43,756849;4,428182
202300047115;15;6;2023;20:11;2;69;69007;1;3;1;3;Route Départementale 45E2;45,495902;4,824468
202300047116;16;6;2023;08:50;1;974;97421;1;1;1;3;grand ilet D52 pk 11.050;-21,032486;55,48954
202300047117;15;6;2023;00:30;3;28;28062;1;1;1;6;RN 12;48,765245;1,526019
202300047118;15;6;2023;17:45;1;18;18207;2;3;1;3;3 Rue Emile Zola;46,991438;2,240731
202300047119;15;6;2023;16:30;1;91;91132;1;1;1;2;N20;48,51804;2,204196
202300047120;15;6;2023;21:20;2;83;83065;1;1;1;5;D98a;43,260337;6,589528
202300047121;15;6;2023;11:45;1;13;13022;1;1;1;1;D559A;43,222901;5,549768
202300047122;15;6;2023;13:45;1;89;89206;1;1;1;3;;48,03907;3,428249
202300047123;15;6;2023;11:12;1;68;68028;2;1;1;2;route des vins;48,204939;7,353831
202300047124;12;6;2023;17:47;1;67;67492;1;1;1;1;1a Rue du Scharrach;48,59309;7,477655
202300047125;16;6;2023;05:30;2;3;3235;1;2;1;3;D60;46,28876;3,559291
202300047126;13;6;2023;18:48;1;1;1211;1;4;1;7;D22;46,133412;5,191641
202300047127;16;6;2023;16:50;1;69;69243;1;1;1;3;Avenue Edouard Herriot;45,89046053;4,45168644
202300047128;15;6;2023;22:00;2;44;44179;2;6;1;6;7 Rue des glycines;47,365499;-1,407816
202300047129;15;6;2023;15:24;1;22;22279;2;1;1;6;Rue Nationale;48,189147;-2,846725
202300047130;15;6;2023;21:30;1;60;60589;2;1;1;3;D162;49,228756;2,456861
202300047131;15;6;2023;19:25;1;60;60157;2;2;1;6;Avenue des Déportés;49,381381;2,428429
202300047132;16;6;2023;16:20;1;60;60411;1;1;1;7;Rue de Lavilletertre;49,20543;1,961145
202300047133;16;6;2023;18:10;1;2;2290;1;2;1;3;;49,034464;3,326218
202300047134;16;6;2023;17:45;1;80;80386;1;1;1;7;CD935;49,683235;2,559814
202300047135;14;6;2023;13:50;1;45;45068;2;9;1;6;Rue du Gué aux Biches;48,02343;2,73192
202300047136;14;6;2023;13:10;1;75;75111;2;3;1;3;RUE DE CHARONNE;48,853304;2,375735
202300047137;13;6;2023;14:35;1;57;57606;2;1;7;6;LORRAINE (BOULEVARD DE);49,10774951;6,71429873
202300047138;13;6;2023;22:15;5;971;97101;1;3;1;3;BOISRIPEAUX;16,27676221;-61,50812745
202300047139;12;6;2023;04:50;5;92;92073;2;1;1;6;WASHINGTON (BOULEVARD);48,87164285;2,21885991
202300047140;10;6;2023;15:20;1;75;75112;2;5;1;3;BOULEVARD PONIATOWSKI;48,82919;2,390249
202300047141;7;4;2023;14:20;1;93;93070;2;1;1;3;Avenue Gabriel Péri;48,90818;2,33262
202300047142;24;3;2023;23:05;3;78;78321;1;1;1;3;RN12 INT;48,79853;1,91447
202300047143;14;6;2023;21:15;3;974;97416;1;1;1;6;RN3 (2);-21,31117;55,49636
202300047144;14;6;2023;13:00;1;974;97416;2;1;1;3;HUBERT DE LISLE(BOULEVARD);-21,34365;55,47246
202300047145;14;6;2023;22:40;5;974;97411;2;6;1;3;JAURES (BLD 1 JEAN);-20,89742;55,47506
202300047146;14;6;2023;07:17;1;973;97302;2;3;2;6;SPATULES (RUE DES) CITE EAU LISETTE;4,92762877;-52,32193646
202300047147;27;10;2023;11:00;1;13;13051;1;9;1;3;Aire de Lançon - Provence;43,59009;5,190697
202300047148;1;11;2023;16:20;1;972;97228;2;1;8;7;Morne des Esses;14,741439;-61,017578
202300047149;26;10;2023;18:55;5;37;37003;1;1;3;1;Boulevard Saint-denis-hors;47,42174804;1,01385355
202300047150;1;11;2023;11:25;1;77;77005;1;6;3;3;D418;48,920997;2,716631
202300047151;29;10;2023;18:00;5;66;66190;2;1;1;3;N/A;42,82962672;2,91867256
202300047152;2;11;2023;09:30;1;84;84019;1;1;3;1;1595 Route de Rochegude;44,272581;4,798859
202300047153;30;10;2023;07:50;1;13;13014;2;6;1;1;Avenue des Hydravions;43,472418;5,165334
202300047154;30;10;2023;06:00;3;13;13097;1;3;2;3;N568;43,594596;4,761136
202300047155;2;11;2023;10:20;1;13;13027;1;2;2;3;D571;43,862567;4,849627
202300047156;31;10;2023;17:55;5;68;68154;2;9;2;1;Rue du Rhin;47,772921;7,389384
202300047157;1;11;2023;07:15;2;31;31249;1;1;1;6;D38;43,474653;1,65583
202300047158;1;11;2023;20:55;5;19;19101;2;1;2;6;15 Avenue du Chambon;45,249002;1,783595
202300047159;2;11;2023;11:00;1;14;14066;1;1;6;6;Route de Bény;49,32176;-0,425926
202300047160;2;11;2023;08:20;2;22;22262;2;1;6;7;Rue René Pleven;48,399069;-2,912892
202300047161;1;11;2023;05:10;3;83;83144;1;1;1;6;A57;43,14109384;6,00284963
202300047162;29;10;2023;10:25;1;69;69152;1;1;1;2;Route de Métropole 7;45,70799;4,83015
202300047163;1;11;2023;19:20;4;33;33039;1;1;2;2;ROCADE A 630;44,7964;-0,5385
202300047164;1;11;2023;17:20;1;91;91363;1;1;2;6;RN 118;48,66818;2,19396
202300047165;1;11;2023;14:25;1;91;91617;1;1;8;6;RN 104;48,635;2,535
202300047166;1;11;2023;13:05;1;91;91161;2;2;2;2;AUTOROUTE A6;48,69949;2,31242
202300047167;1;11;2023;12:00;1;92;92072;1;1;2;6;N118;48,82602589;2,22262601
202300047168;1;11;2023;16:35;1;93;93027;1;1;8;5;AUTOROUTE A86;48,92559;2,39789
202300047169;1;11;2023;01:00;3;93;93006;1;1;1;6;AUTOROUTE A3;48,86612;2,42297
202300047170;1;11;2023;01:15;3;77;77258;1;1;3;6;A4.Y;48,83047833;2,63269369
202300047171;19;7;2023;18:35;1;73;73227;1;1;1;7;D915 la perriere;45,444928;6,598556
202300047172;13;6;2023;19:05;1;38;38544;2;4;3;5;ALPES(BD DES);45,52558;4,90754
202300047173;1;6;2023;16:00;1;38;38544;2;3;1;6;GENERAL LECLERC(AV);45,50806;4,85962
202300047174;20;5;2023;22:55;5;38;38544;2;3;3;6;ST LOUIS(PLACE);45,528;4,874
202300047175;5;1;2023;18:40;3;38;38484;1;1;1;5;D75;45,55065;4,93472
202300047176;20;8;2023;19:30;1;59;59431;1;3;1;3;HOUCKE (AVENUE JULES);50,68335;2,84054
202300047177;20;8;2023;17:45;1;35;35281;1;2;1;6;RD 837;48,0693;-1,69753
202300047178;30;4;2023;10:50;1;11;11262;2;1;1;6;44ter Quai Valliere;43,17991;3,01136
202300047179;31;10;2023;07:10;1;976;97611;1;1;1;1;m'tsapere-Nationale 2 (route);-12,79072;45,22298
202300047180;31;10;2023;06:30;1;974;97416;1;1;1;4;RN3 (2);-21,30957;55,49763
202300047181;31;10;2023;16:10;1;974;97411;2;3;1;3;JAURES (BOULEVARD JEAN);-20,89191;55,46746
202300047182;28;10;2023;00:25;4;974;97411;2;2;1;3;GIMART (AVENUE STANISLAS);-20,88905;55,47579
202300047183;30;10;2023;21:00;3;972;97213;1;1;2;1;ROUTE NATIONALE 1;14,6040342;-61,0023093
202300047184;31;10;2023;16:26;1;69;69034;2;2;1;6;37 Chemin de Crépieux;45,80098;4,85527
202300047185;31;10;2023;11:10;1;2B;2B120;1;1;1;2;11 - RT;42,6495;9,4404
202300047186;31;10;2023;12:30;1;971;97101;2;1;1;1;AMEDEE ABARRE - SALLE D'ASILE (RUE);16,26214;-61,50176
202300047187;31;10;2023;15:50;1;2A;2A004;2;6;1;3;MARECHAL JUIN AVENUE;41,937612;8,750491
202300047188;30;10;2023;17:38;2;95;95019;2;7;1;3;GABRIEL PERI (PLACE);48,9859;2,41956
202300047189;31;10;2023;18:25;3;95;95510;1;1;2;5;N14;49,05823249;2,0035243
202300047190;30;10;2023;18:10;2;91;91326;2;1;2;2;COUR DE FRANCE (AVENUE DE LA);48,68559;2,37394
202300047191;31;10;2023;08:45;1;87;87065;1;1;2;6;AUTOROUTE A20;45,79923;1,29617
202300047192;27;10;2023;22:26;5;87;87085;2;1;3;1;LECLERC (AVENUE DU GENERAL);45,84965;1,26298
202300047193;30;10;2023;13:45;1;85;85194;1;1;1;1;RD 32;46,532422;-1,751455
202300047194;31;10;2023;18:20;5;84;84087;2;1;1;6;TERRIER (RUE DU);44,13937;4,81436
202300047195;28;10;2023;17:34;1;84;84007;2;3;1;3;FRANCOIS 1ER (RUE);43,92893;4,82448
202300047196;28;10;2023;19:08;1;84;84007;2;2;1;3;TRILLADE (avenue de la );43,93848;4,82006
202300047197;27;10;2023;08:10;1;84;84007;2;2;1;3;PIERRE SEMARD (avenue);43,93418;4,83146
202300047198;31;10;2023;14:30;1;83;83137;2;3;1;3;FONTAN (AVE DU DOCTEUR);43,1312328;5,9194994
202300047199;29;10;2023;11:15;1;80;80489;2;3;1;5;JARDINIERS (ALLEE);49,87703;2,35018
202300047200;30;10;2023;17:57;2;79;79329;2;1;8;2;N/A;46,976506;-0,20203
202300047201;31;10;2023;21:00;5;76;76540;2;3;2;1;Av du Cdt Bernard Bicheray;49,44915;1,04783
202300047202;31;10;2023;16:15;1;76;76322;1;1;1;2;N338 - Sud 3;49,41843;1,04859
202300047203;31;10;2023;14:25;1;74;74118;2;9;2;3;INDUSTRIE (RUE DE L');46,18148;6,23011
202300047204;1;11;2023;00:28;5;72;72181;2;9;1;3;FLEMING ALEXANDER (RUE);48,02479;0,18586
202300047205;31;10;2023;12:10;1;72;72181;2;9;1;3;MORDRET ERNEST DOCTEUR (RUE DU);48,01449;0,21595
202300047206;30;10;2023;20:35;5;72;72181;2;9;1;3;FALCONET ETIENNE (RUE);47,96246;0,21384
202300047207;30;10;2023;12:40;1;72;72003;1;1;2;3;CHATELET (RUE DU);47,94352;0,14547
202300047208;31;10;2023;12:05;1;71;71118;2;9;1;2;FRANCHET D'ESPEREY (AVENUE);46,79328;4,82969
202300047209;31;10;2023;20:30;3;69;69199;1;1;1;2;Boulevard Pierre Sémard;45,695;4,8447
202300047210;30;10;2023;22:20;5;69;69290;2;1;1;3;32 Route de Lyon;45,70088;4,9191
202300047211;30;10;2023;20:15;3;67;67482;2;8;3;5;COLMAR (AVENUE DE);48,55154;7,74315
202300047212;30;10;2023;19:45;5;67;67482;2;1;3;6;ORPHELINS (RUE DES);48,578;7,754
202300047213;30;10;2023;17:15;2;67;67365;2;1;2;3;HEYDT (QUAI);48,5469;7,71156
202300047214;26;10;2023;08:03;2;67;67462;2;6;2;6;MAISON ROUGE (CARREFOUR);48,27628;7,46347
202300047215;31;10;2023;18:00;1;64;64483;2;1;1;3;ITHURRALDE ANDRE (AVENUE);43,39391;-1,65033
202300047216;31;10;2023;08:56;1;61;61006;2;1;1;6;Avenue de la 2ème Division Blindée;48,73265;-0,03306
202300047217;31;10;2023;20:30;5;59;59350;2;3;2;6;Avenue Denis Cordonnier;50,62148;3,0866
202300047218;31;10;2023;18:18;5;59;59350;2;2;2;1;SAULES AVENUES DES;50,63263;3,01742
202300047219;31;10;2023;14:45;1;59;59636;2;3;1;6;Rue Obert;50,68636;3,05321
202300047220;30;10;2023;15:30;1;59;59368;2;2;2;1;REPUBLIQUE AVENUE DE LA;50,64844;3,07835
202300047221;30;10;2023;16:14;1;57;57019;2;6;3;7;EUROPE (ROUTE DE L');49,24637737;6,13577843
202300047222;29;10;2023;15:20;1;56;56107;1;6;3;7;Giratoire de Kerfornet;47,71122;-3,39641
202300047223;31;10;2023;10:55;1;54;54395;2;3;2;1;Boulevard d'Haussonville;48,67075988;6,16698593
202300047224;30;10;2023;17:15;5;54;54184;2;9;2;2;Avenue de Brigachtal;48,70485863;6,23378098
202300047225;11;5;2023;16:40;1;92;92024;2;1;8;6;PIERRE BEREGOVOY (RUE);48,90364;2,29836
202300047226;12;5;2023;19:50;1;92;92023;2;1;1;3;LAZARE CARNOT (RUE);48,808801;2,273781
202300047227;30;10;2023;16:35;1;54;54439;2;3;1;3;Avenue Charles de Gaulle;48,70477367;6,25064671