Num_Acc;jour;mois;an;hrmn;lum;dep;com;agg;int;atm;col;adr;lat;long
202300047228;11;5;2023;22:46;5;92;92023;2;1;1;6;GENERAL DE GAULLE (AVENUE DU);48,787085;2,255774
202300047229;13;5;2023;17:50;1;68;68112;2;1;1;1;Route d'Issenheim;47,90257;7,228784
202300047230;31;10;2023;18:45;3;54;54367;1;1;2;2;RN52;49,50658;5,774
202300047231;30;10;2023;10:30;1;51;51454;2;1;1;6;FAUCHER (RUE LEON);49,27591;4,0391
202300047232;13;5;2023;16:55;1;67;67179;1;1;1;6;4 Route de Lutzelbourg;48,725623;7,32699
202300047233;30;10;2023;08:39;1;51;51454;2;3;2;3;VOISIN (RUE GABRIEL);49,23214;4,06695
202300047234;13;5;2023;12:45;1;54;54514;1;1;1;4;D29;49,508038;5,617683
202300047235;30;10;2023;15:40;1;49;49353;2;1;2;6;PASTEUR;47,44551;-0,46492
202300047236;13;5;2023;04:20;3;22;22389;1;1;1;6;RN 12 50+800;48,48198;-2,68481
202300047237;12;5;2023;19:50;1;6;6075;1;1;2;6;RM 6202 - PLAN DU VAR;43,854359;7,19803
202300047238;30;10;2023;16:16;1;47;47323;1;1;2;2;R.D.911(ROUTE DE SAINTSYLVESTRE);44,40792;0,74459
202300047239;13;5;2023;13:49;1;60;60320;1;1;1;7;d51;49,19546888;3,02938678
202300047240;8;5;2023;15:20;1;21;21650;1;1;1;2;D35;47,275677;4,836731
202300047241;31;10;2023;11:35;1;47;47001;2;3;1;3;LIBERTE (BOULEVARD DE LA);44,19703;0,61988
202300047242;13;5;2023;17:45;1;62;62072;1;1;1;7;D8;50,213933;2,581031
202300047243;13;5;2023;02:00;3;37;37010;1;1;1;3;A10;47,5227637;0,92858863
202300047244;30;10;2023;17:25;1;47;47001;2;3;8;3;14 JUILLET (COURS DU);44,20451318;0,62636447
202300047245;13;5;2023;12:00;1;56;56036;1;3;1;3;Lieu-Dit Poulhallec;47,843353;-3,313762
202300047246;30;10;2023;14:30;1;47;47031;2;1;1;2;Avenue de Bigorre;44,1812;0,63371
202300047247;12;5;2023;17:45;1;82;82186;2;3;1;6;Cours de Verdun;44,111227;0,892215
202300047248;31;10;2023;20:00;5;45;45232;2;1;8;6;1527 Rue de l'Hôtel Dieu;47,84640146;1,88873863
202300047249;9;5;2023;14:10;1;33;33485;1;1;2;1;Route de Merlande;44,836758;-0,14571
202300047250;13;5;2023;15:00;1;69;69248;1;1;2;1;Route Départementale 308;46,01096283;4,31451697
202300047251;31;10;2023;18:30;2;37;37233;2;1;8;5;DUCLOS (AVENUE JACQUES);47,38114;0,74723
202300047252;12;5;2023;19:50;1;71;71162;1;1;1;1;12 Route d'Autun;46,976784;4,40713
202300047253;13;5;2023;18:00;1;25;25104;1;1;1;7;D239;47,007588;5,895919
202300047254;31;10;2023;15:37;1;37;37233;2;1;1;3;BONNIN (AVENUE JEAN);47,39504;0,71439
202300047255;13;5;2023;17:00;1;50;50197;1;2;1;6;4 rue du 30 juillet 1944;48,863885;-1,390323
202300047256;13;5;2023;20:30;2;60;60508;2;1;2;1;1370 Rue Saint Pierre;49,302892;2,661373
202300047257;31;10;2023;18:50;5;35;35238;2;1;1;3;ISLY (RUE D');48,10539;-1,6778
202300047258;12;5;2023;18:05;1;36;36182;1;1;1;7;Le Pecher;46,44608088;1,39317106
202300047259;12;5;2023;13:50;1;40;40049;1;3;3;6;D824;43,769625;-0,335002
202300047260;12;5;2023;10:55;1;27;27198;2;1;1;6;Place des Anciens Combattants;48,870158;1,075131
202300047261;31;10;2023;15:00;1;35;35238;2;2;1;6;PAYS-BAS (AVENUE DES);48,08494;-1,66065
202300047262;11;5;2023;23:35;3;30;30179;2;4;1;6;1583 Route de Fournes;43,883509;4,593109
202300047263;13;5;2023;02:45;3;48;48009;1;1;2;6;D3;44,652768;3,276619
202300047264;30;10;2023;16:15;1;34;34172;2;1;3;3;MARES (AVENUE HENRI);43,62056;3,85611
202300047265;12;5;2023;18:30;1;48;48027;1;1;3;6;D901;44,503874;3,711404
202300047266;13;5;2023;10:35;1;8;8367;2;1;1;6;46 Hameau de Saint Nicolas;49,929359;4,623361
202300047267;31;10;2023;22:20;5;33;33069;2;2;1;3;Boulevard Pierre 1er;44,85709;-0,59113
202300047268;12;5;2023;16:41;1;88;88011;2;1;1;2;20 Rue de la Gare;48,119288;6,528459
202300047269;31;10;2023;16:40;1;33;33529;2;2;1;3;PORT (RUE DU);44,63564168;-1,14450663
202300047270;13;5;2023;08:13;1;95;95394;2;3;1;2;D928;49,059095;2,188447
202300047271;13;5;2023;14:50;1;95;95604;1;6;1;1;D317;49,098986;2,531297
202300047272;30;10;2023;16:25;1;33;33529;1;1;1;4;D259;44,60239;-1,17276
202300047273;13;5;2023;05:25;3;38;38530;1;1;1;4;A43 PK 026.300;45,627124;5,172114
202300047274;31;10;2023;20:33;3;29;29019;2;3;1;1;rue Docteur Pouliquen;48,398067;-4,474668
202300047275;11;5;2023;22:55;5;33;33199;2;3;1;1;Av du Mal de Lattre de Tassigny;44,63664816;-1,09732792
202300047276;31;10;2023;17:17;1;29;29019;2;1;1;6;rue Lanrédec;48,40034;-4,49714
202300047277;13;5;2023;06:15;2;13;13035;1;1;1;1;D17;43,685641;5,055342
202300047278;30;10;2023;10:45;1;29;29019;2;6;2;1;23 rue de l'Eau Blanche;48,41565;-4,462251
202300047279;12;5;2023;08:15;1;68;68298;2;4;1;6;Place Keuffer;48,246626;7,18545
202300047280;12;5;2023;09:00;1;67;67300;2;1;1;1;Route de Dachstein;48,537705;7,498837
202300047281;31;10;2023;21:05;5;26;26198;2;1;1;1;Avenue Stéphane Mallarmé;44,5536;4,72216
202300047282;13;5;2023;02:36;3;57;57101;1;1;1;2;D31bis;49,157881;6,947892
202300047283;31;10;2023;13:40;1;25;25056;2;1;2;6;OUEST BOULEVARD;47,22422;5,97881
202300047284;4;5;2023;08:20;1;38;38059;2;1;1;1;2320 Route Napoléon;45,129341;5,777425
202300047285;31;10;2023;08:25;1;25;25056;2;1;2;3;DOLE RUE DE (sup 200);47,22599;5,97643
202300047286;12;5;2023;21:40;3;69;69047;1;1;1;3;Route Départementale 385;45,868781;4,657924
202300047287;31;10;2023;10:55;1;14;14220;2;2;1;6;24 Avenue Charles de Gaulle;49,35721;0,071679
202300047288;13;5;2023;12:25;1;60;60619;1;1;1;1;Route Nationale 2;49,124275;2,786665
202300047289;4;4;2023;03:00;5;25;25147;2;1;1;6;Rue Claude Girard;47,232384;5,894648
202300047290;31;10;2023;17:50;2;13;13209;1;1;1;6;COL DE LA GINESTE D559;43,24198;5,45311
202300047291;13;5;2023;15:35;1;60;60462;1;6;1;1;D2;49,330394;2,191268
202300047292;31;10;2023;17:00;1;13;13211;2;1;1;1;WILLIAM (AVENUE);43,29417976;5,44155386
202300047293;5;4;2023;08:58;1;44;44120;2;6;1;3;17 Rue du Chêne Vert;47,200506;-1,759642
202300047294;26;10;2023;16:30;1;13;13210;2;1;2;1;ROMAIN ROLLAND (BOULEVARD);43,27378;5,4123
202300047295;5;4;2023;17:20;1;31;31182;2;3;1;1;163 M820;43,697008;1,399507
202300047296;31;10;2023;11:31;1;13;13005;2;1;1;3;PALUDS (AVENUE DES);43,28704;5,60157
202300047297;26;10;2023;18:00;1;10;10343;2;6;1;2;GAMBETTA (RUE);48,27432;4,09101
202300047298;4;4;2023;16:00;1;2;2714;1;1;1;3;departementale 101;49,376324;3,455576
202300047299;3;5;2023;17:35;1;59;59328;1;1;1;2;ROUTE DEPARTEMENTALE 652;50,65582351;3,01371527
202300047300;5;4;2023;11:30;1;15;15231;1;1;7;7;RD 14 ;45,152642;3,053749
202300047301;31;10;2023;09:05;1;10;10387;2;3;1;3;VOLTAIRE (RUE);48,29477244;4,06279027
202300047302;12;5;2023;18:19;1;78;78297;1;1;8;3;RN12;48,791316;2,056485
202300047303;5;4;2023;09:25;1;5;5074;1;1;1;6;chemin des rives;44,467161;6,06905
202300047304;30;10;2023;14:35;1;10;10343;2;3;2;3;DIJON (RUE DE);48,2753;4,08382
202300047305;12;5;2023;11:10;1;93;93064;1;1;2;5;AUTOROUTE A86;48,86828845;2,48218385
202300047306;3;4;2023;14:20;1;73;73278;1;1;1;7;D74;45,378287;6,272947
202300047307;30;10;2023;07:10;2;10;10325;2;1;2;3;Route d'Auxerre;48,26480979;4,04087716
202300047308;12;5;2023;12:10;1;93;93027;1;1;8;3;AUTOROUTE A1;48,93753987;2,41193935
202300047309;31;10;2023;19:00;5;7;7281;2;1;1;6;MARCALE (RUE DE);44,94519;4,84682
202300047310;4;4;2023;17:20;1;73;73121;2;1;1;7;Rue de la gare;45,631787;6,311653
202300047311;12;5;2023;00:20;3;93;93053;1;1;1;2;AUTOROUTE A3;48,88411231;2,46310523
202300047312;11;5;2023;19:30;1;42;42044;2;1;1;6;Rue de la République;45,39569304;4,31775916
202300047313;31;10;2023;15:36;1;6;6088;2;2;1;6;ROQUEBILLIERE (R. DE);43,70721;7,28601
202300047314;5;4;2023;11:00;1;40;40197;2;1;1;6;Rue Borda;44,033672;-0,912608
202300047315;11;5;2023;13:06;1;6;6029;2;1;1;6;CROISETTE (BOULEVARD DE);43,5518;7,01826
202300047316;31;10;2023;20:20;5;6;6069;2;1;1;2;ORME (CHEMIN DE L');43,65154;6,94522
202300047317;31;10;2023;12:10;1;4;4070;2;1;1;3;HUGO (BD..V);44,09489;6,23561
202300047318;5;4;2023;05:55;3;85;85008;1;1;1;1;RD36;46,579483;-1,492617
202300047319;11;5;2023;17:15;1;13;13056;1;1;1;2;A55-Sens Marseille vers Martigues;43,39669;5,04353
202300047320;30;10;2023;17:06;5;1;1053;2;1;3;6;BROU ( BD N°68 A 182 PAIR);46,201967;5,232003
202300047321;10;1;2023;10:40;1;2A;2A004;2;1;1;6;ACHILLE PERETTI RUE;41,93673;8,74265
202300047322;5;4;2023;16:50;1;48;48127;1;1;1;6;D1;44,607388;3,415954
202300047323;30;10;2023;17:40;2;75;75112;2;1;1;3;BD PERIPHERIQUE INTERIEUR;48,838692;2,412999
202300047324;3;3;2023;18:45;5;76;76351;2;1;1;6;SOCRATE;49,51303;0,16233
202300047325;30;10;2023;17:25;2;75;75119;2;4;1;6;ECHANGEUR PORTE DE PANTIN;48,88596866;2,39759132
202300047326;26;1;2023;06:10;5;13;13028;2;1;1;1;DE GAULLE (QUAI GENERAL CHARLES);43,17447;5,6076
202300047327;3;4;2023;12:20;1;8;8243;1;1;7;1;N/A;49,66742413;4,36355925
202300047328;5;4;2023;15:55;1;88;88530;1;1;1;6;D434;48,050833;6,408956
202300047329;11;5;2023;15:45;1;974;97416;1;1;1;4;RN1 (ROUTE NATIONALE);-21,32775;55,45111
202300047330;31;10;2023;15:07;1;75;75117;2;1;8;5;BOULEVARD PERIPHERIQUE INTERIEUR OUEST;48,886423;2,289297
202300047331;11;5;2023;07:10;1;974;97416;1;6;1;6;AUBEPINES(ALLEE DES);-21,33683;55,48805
202300047332;31;10;2023;12:30;1;75;75120;2;3;8;6;RUE MENDELSSOHN;48,855155;2,4114406
202300047333;5;4;2023;11:24;1;68;68266;1;1;1;4;A35 - PR 86.2;47,89432;7,374401
202300047334;11;5;2023;14:40;1;973;97302;1;1;2;7;LEBLOND (ROND POINT);4,92103;-52,33034
202300047335;31;10;2023;00:10;5;75;75120;2;3;8;2;RUE LEON FRAPIE;48,873367;2,410256
202300047336;5;4;2023;10:45;1;68;68228;1;1;1;2;A35;47,93428;7,360231
202300047337;11;5;2023;06:55;1;972;97213;1;1;1;7;AUTOROUTE A1;14,6184;-61,03203
202300047338;4;4;2023;15:30;1;24;24234;1;1;1;1;D709 - C202;44,980282;0,399628
202300047339;10;5;2023;19:30;2;972;97213;1;1;1;4;AUTOROUTE A1;14,61801;-61,0354
202300047340;31;10;2023;16:50;1;75;75119;2;2;1;6;RUE MANIN;48,883237;2,387933
202300047341;2;4;2023;15:45;1;34;34123;2;1;1;7;Route de Lodève;43,618637;3,791887
202300047342;31;10;2023;01:25;5;75;75119;2;4;1;2;AVENUE JEAN JAURES;48,882887;2,3706
202300047343;10;5;2023;16:35;1;69;69389;2;3;1;3;Rue Roger Salengro;45,77861;4,80512
202300047344;3;4;2023;19:45;5;987;98733;2;1;1;6;Pk 23+665;-17,696;-149,548
202300047345;31;10;2023;14:20;1;75;75116;2;2;1;3;BOULEVARD EMILE AUGIER;48,86296;2,272655
202300047346;11;5;2023;16:04;1;2A;2A004;2;2;1;3;PIETRI FRANCOIS RUE;41,93511;8,75082
202300047347;31;10;2023;05:51;5;75;75112;2;2;1;3;BOULEVARD DIDEROT;48,846444;2,378947
202300047348;2;4;2023;19:00;3;971;97115;1;2;1;3;chemin de la moisse;16,27709;-61,66339
202300047349;11;5;2023;13:35;1;2A;2A004;2;3;1;3;NAPOLEON COURS AVANT BEVERINI;41,92638;8,7383
202300047350;31;10;2023;13:00;1;75;75111;2;3;1;3;BOULEVARD VOLTAIRE;48,852782;2,388757
202300047351;11;5;2023;09:20;1;2A;2A004;2;1;1;2;STEPHANOPOLI NICEPHORE  DE COMENE BD;41,90788;8,706506
202300047352;4;4;2023;08:07;1;77;77474;1;1;1;2;D27;48,95789;2,801771
202300047353;31;10;2023;14:30;1;75;75108;2;2;8;7;AVENUE DES CHAMPS ELYSEES;48,869063;2,310305
202300047354;10;5;2023;12:00;1;95;95555;2;9;2;3;13 MASSENET (RUE);48,96281;2,2869
202300047355;31;10;2023;14:00;1;94;94081;2;1;1;2;Rue Germain Pinson;48,79645386;2,38467667
202300047356;29;3;2023;22:20;3;77;77031;1;1;1;2;D201;48,670573;2,956374
202300047357;31;10;2023;19:40;5;94;94068;2;3;2;6;Avenue Foch;48,80128724;2,49456305
202300047358;11;5;2023;09:35;1;91;91339;1;1;1;2;ROBERT BENOIST (AVENUE);48,631411;2,264025
202300047359;31;10;2023;17:50;5;94;94068;2;1;1;6;Avenue Foch;48,80061918;2,49609382
202300047360;11;5;2023;12:40;1;87;87085;2;3;1;6;GAMBETTA (BOULEVARD);45,82849;1,2562
202300047361;5;4;2023;07:45;1;77;77211;1;2;7;1;D201;48,592995;2,984371
202300047362;11;5;2023;09:21;1;87;87085;2;1;1;4;REVOLUTION (AVENUE DE LA);45,82477;1,25903
202300047363;2;4;2023;18:55;1;13;13042;1;1;1;6;d2;43,315647;5,669058
202300047364;30;10;2023;20:30;5;94;94003;2;9;1;3;Avenue Laplace;48,80786235;2,33340302
202300047365;10;5;2023;15:07;1;87;87085;2;3;1;6;DARNET (RUE);45,8305;1,25536
202300047366;4;4;2023;18:45;1;51;51250;1;1;1;3;ROUTE NATIONALE 31;49,30898;3,696063
202300047367;11;5;2023;16:15;1;83;83137;2;1;1;6;DAUMAS (IMP / RUE LIEUTENANT);43,13065;5,95525
202300047368;27;3;2023;13:15;1;68;68045;2;1;1;6;32 Rue Principale;47,774677;7,058866
202300047369;8;5;2023;06:50;1;80;80021;2;1;1;6;GRAND MARAIS (RUE DU);49,92019;2,26729
202300047370;31;10;2023;18:28;5;94;94054;2;3;2;6;Av des Martyrs de Chateaubriant;48,74885591;2,40666783
202300047371;3;5;2023;13:45;1;80;80021;2;1;1;6;REUNION (ALLEE DE LA);49,91515;2,24684
202300047372;5;4;2023;10:48;1;54;54196;1;3;1;3;D913;48,55473935;6,18935823
202300047373;31;10;2023;20:45;5;93;93066;2;1;2;3;Rue Danielle Casanova;48,92481;2,368
202300047374;4;5;2023;18:15;1;80;80021;2;9;7;1;ROUEN (RUE DE);49,88655;2,27863
202300047375;31;10;2023;15:00;1;93;93066;2;5;8;3;Route de la Courneuve / Avenue du Docteur Lamaze;48,9336;2,37151
202300047376;4;4;2023;16:25;1;72;72378;1;9;1;2;les mandrieres;47,830227;-0,284057
202300047377;4;5;2023;16:05;1;80;80021;2;6;1;3;ROGER DUMOULIN (AVENUE);49,92626;2,28722
202300047378;31;10;2023;15:30;1;93;93055;2;9;1;3;Avenue Jean Lolive;48,8911084;2,40200986
202300047379;4;4;2023;19:00;1;44;44103;1;1;1;1;4 Route de la Torse;47,325715;-2,169444
202300047380;26;10;2023;21:30;5;93;93010;2;1;3;6;Route de Stains;48,90461333;2,47046154
202300047381;4;4;2023;19:00;1;60;60170;1;1;7;3;Courteuil;49,203383;2,560265
202300047382;21;10;2023;18:55;5;93;93051;2;2;2;3;Rue de la Victoire / Rue de la Croix Rouge;48,84651;2,56811
202300047383;11;5;2023;10:14;1;77;77058;2;1;1;2;D217BIS;48,849837;2,734071
202300047384;31;10;2023;19:50;5;93;93007;2;1;8;6;Rue Julian Grimau;48,94007639;2,45772421
202300047385;11;5;2023;16:45;1;76;76484;1;1;1;6;D18 E;49,35618;1,0838
202300047386;11;5;2023;16:05;1;74;74010;2;1;1;3;VIEUX MOULINS (AVENUE DES);45,88517;6,11789
202300047387;31;10;2023;06:55;2;92;92073;2;2;1;3;SELLIER (BOULEVARD HENRI);48,85957585;2,21367234
202300047388;3;4;2023;15:20;1;13;13081;1;1;1;4;A7-Sens Marseille vers Lyon;43,49418;5,24015
202300047389;10;5;2023;17:34;1;72;72181;2;1;2;6;GAULLE GENERAL DE (AV DU);48,004;0,201
202300047390;30;10;2023;13:38;1;92;92024;2;1;2;2;GENERAL LECLERC (BD DU) DE (61 A 9);48,90233906;2,31396818
202300047391;30;3;2023;16:40;1;69;69259;1;1;1;3;Boulevard Périphérique Laurent Bonnevay;45,72309;4,88929
202300047392;31;10;2023;23:00;3;92;92012;2;1;1;3;POINT DU JOUR (QUAI DU);48,82851467;2,25413203
202300047393;11;5;2023;19:00;1;67;67482;2;1;1;1;MAURICE GARIN (PISTE);48,57344;7,71779
202300047394;31;10;2023;11:00;1;22;22372;1;1;2;7;Rue du Commandant Hamon;48,524244;-2,866198
202300047395;10;5;2023;15:15;1;67;67218;2;1;2;6;FRANÇOIS MITTERRAND (ALLEE);48,5266;7,70877
202300047396;4;4;2023;17:40;1;91;91689;1;1;1;4;AUTOROUTE A6;48,73782388;2,31761634
202300047397;1;11;2023;15:50;2;41;41194;2;1;1;6;Rue Saint Marc;47,345239;1,736215
202300047398;9;5;2023;12:23;1;66;66136;2;1;1;6;N/A;42,69532;2,91043
202300047399;1;11;2023;11:25;1;43;43138;1;1;2;7;D13;45,222178;3,709924
202300047400;4;4;2023;08:40;1;91;91340;1;1;1;3;RN 104;48,61139;2,43077
202300047401;9;5;2023;08:31;1;66;66136;2;1;1;6;JULIEN PANCHOT (AVENUE);42,68928;2,87799
202300047402;19;10;2023;08:26;1;43;43038;2;1;1;6;Route de Lempdes;45,365631;3,306846
202300047403;4;4;2023;14:00;1;78;78571;1;1;1;2;A13;48,865421;2,037463
202300047404;22;10;2023;19:15;3;13;13078;2;1;1;7;Route de la Plage Napoleon;43,360898;4,873601
202300047405;7;5;2023;08:50;1;66;66136;2;1;1;6;N/A;42,69764;2,89235
202300047406;4;4;2023;12:40;1;92;92036;1;1;1;5;A86;48,93512928;2,28395155
202300047407;11;5;2023;12:05;1;65;65226;2;1;1;3;53 Avenue du Pouey;43,23847;0,03736
202300047408;4;4;2023;18:10;1;95;95351;1;1;1;2;N 104;49,02912935;2,5014925
202300047409;11;5;2023;20:50;2;64;64545;2;1;2;7;CORNICHE (ROUTE DE LA);43,3822;-1,72727
202300047410;27;10;2023;22:00;5;83;83086;1;1;1;3;Dn7;43,469086;6,554868
202300047411;4;4;2023;17:15;1;93;93064;1;1;1;2;AUTOROUTE A86;48,87196954;2,48145735
202300047412;1;11;2023;00:10;3;72;72058;1;1;1;6;D323;47,986258;0,277054
202300047413;10;5;2023;12:03;1;64;64102;2;1;1;6;BREUER MARCEL (AVENUE);43,50247;-1,45437
202300047414;4;4;2023;15:20;1;95;95572;1;1;1;2;A15;49,03436988;2,10212767
202300047415;11;5;2023;18:22;1;61;61001;2;1;1;1;Avenue de Basingstoke;48,44038;0,09778
202300047416;1;11;2023;08:45;1;83;83054;2;9;1;3;Avenue de la République;43,165467;6,042717
202300047417;4;4;2023;11:15;1;95;95151;1;1;1;2;RN 104;49,06401434;2,26534221
202300047418;11;5;2023;17:35;1;60;60175;2;1;1;3;Avenue du Tremblay;49,2658;2,49152
202300047419;31;10;2023;13:25;1;40;40062;1;1;1;1;PR 003.300 D38;43,910761;-0,562612
202300047420;1;11;2023;09:00;1;2A;2A330;1;1;1;6;T20;42,065066;8,975279
202300047421;3;4;2023;19:45;1;93;93027;1;1;1;2;AUTOROUTE A86;48,92271;2,3809
202300047422;11;5;2023;02:00;5;59;59350;2;2;1;3;LEGRAND PIERRE RUE;50,62949;3,1003
202300047423;3;4;2023;19:45;1;93;93064;1;1;1;2;AUTOROUTE A86;48,8791675;2,47634149
202300047424;18;10;2023;05:00;3;33;33394;2;1;2;6;Au Bois de l'Or;44,89054955;-0,19227952
202300047425;3;4;2023;18:40;1;93;93010;1;1;1;2;AUTOROUTE A3;48,89094081;2,47316485
202300047426;10;5;2023;16:30;1;55;55043;2;1;1;6;DE GAULLE (GENERAL);49,17373;5,38125
202300047427;3;4;2023;16:15;1;93;93006;1;1;1;6;AUTOROUTE A3;48,86627623;2,41437177
202300047428;19;10;2023;11:40;1;32;32429;1;2;2;3;Lieu dit Le Portugal;44,031329;0,644304
202300047429;3;4;2023;06:40;2;93;93066;1;1;1;3;AUTOROUTE A1;48,91618;2,35751
202300047430;1;11;2023;03:15;3;55;55012;1;1;1;6;D907;48,866837;5,609597
202300047431;6;5;2023;16:07;1;54;54167;1;6;8;7;RD400;48,67445;5,92339
202300047432;3;4;2023;19:40;1;78;78440;2;1;1;6;EUROPE (AVENUE DE L');48,979428;1,913078
202300047433;3;4;2023;15:25;1;44;44162;2;1;1;6;1 Place Pierre Mendès France;47,20846;-1,61201
202300047434;10;5;2023;07:40;1;54;54395;2;3;1;1;Place des Vosges;48,685;6,18711
202300047435;3;4;2023;08:30;1;976;97611;2;1;2;3;kaweni-Massakini (rue);-12,76213;45,22601
202300047436;31;10;2023;15:55;1;12;12145;1;1;1;6;ROute départementale 809;44,057049;3,12472
202300047437;2;4;2023;07:55;1;974;97411;2;9;1;6;BOSSE (RUE DE L'AMIRAL);-20,89207;55,48743
202300047438;3;4;2023;19:50;1;69;69386;2;1;1;6;Pont Morand;45,76863017;4,84004619
202300047439;11;5;2023;12:18;1;49;49007;2;1;1;7;LETANDUERE;47,45908;-0,5544
202300047440;3;4;2023;08:30;1;69;69382;2;2;1;2;33 Rue Vaubecour;45,75294;4,82542
202300047441;31;10;2023;16:55;1;38;38406;1;1;1;1;Route de Villeneuve;45,438518;5,095709
202300047442;31;10;2023;18:51;3;3;3217;1;1;1;6;D2371;46,337351;2,643371
202300047443;1;4;2023;05:07;3;971;97101;1;9;1;1;ROUTE DES ABYMES;16,27339447;-61,51006937
202300047444;3;4;2023;18:00;1;91;91097;2;1;1;3;AV DU GAL CHARLES DE GAULLE;48,68;2,53
202300047445;31;3;2023;16:20;1;91;91228;2;1;2;6;MARQUIS DE RAIES (RUE DU) ;48,62791;2,41788
202300047446;10;5;2023;13:25;1;49;49007;2;1;1;1;Boulevard Jean Sauvage;47,48698;-0,55622
202300047447;31;10;2023;14:00;1;70;70228;1;1;1;1;D434;47,750318;6,10209
202300047448;30;3;2023;11:50;1;91;91228;1;1;1;3;ROBERT SCHUMAN (BOUEVARD);48,62214;2,41673
202300047449;10;5;2023;09:21;1;49;49015;1;1;8;7;MEIGNANNE ROUTE DE LA;47,494;-0,5987
202300047450;31;10;2023;21:30;5;66;66008;2;3;1;6;N/A;42,54931;3,018939
202300047451;2;4;2023;12:25;1;87;87085;2;1;2;7;CHARLET (RUE GASTON);45,81615;1,21868
202300047452;3;4;2023;15:30;1;78;78551;2;1;1;6;Rue de Paris;48,895422;2,093479
202300047453;1;11;2023;03:00;3;14;14102;1;1;2;6;D579;49,214209;0,225574
202300047454;11;5;2023;16:20;1;45;45147;2;1;1;2;Tunnel de l'Ardoise;47,93428;1,90158
202300047455;31;10;2023;14:00;1;43;43141;2;3;1;1;12 Rue Notre-dame;45,184502;4,31189
202300047456;1;11;2023;18:30;3;36;36149;1;9;2;6;mornay;46,9635;1,328385
202300047457;10;5;2023;16:40;1;45;45234;2;6;1;2;Avenue de Concyr;47,82392;1,93292
202300047458;1;11;2023;11:30;1;24;24376;1;1;2;7;D38;45,167183;0,164237
202300047459;31;3;2023;13:36;1;76;76351;2;3;1;6;MICHELET;49,49238;0,12158
202300047460;31;10;2023;08:40;1;27;27218;1;1;7;3;Route de la Maugardiere;49,261552;0,461909
202300047461;1;4;2023;01:25;5;76;76552;2;3;3;6;CAP ( RTE DU );49,50615974;0,07980645
202300047462;11;5;2023;12:30;1;37;37261;2;2;1;3;FRANCHE COMTE (RUE);47,4265;0,67939
202300047463;1;11;2023;07:00;3;28;28352;1;1;2;6;D906;48,597078;1,620977
202300047464;3;4;2023;18:55;1;73;73008;2;6;1;3;D991 - GRAND PORT (RONDEAU) AVENUE DU;45,70442854;5,89465678
202300047465;11;5;2023;10:25;1;37;37261;2;1;1;6;BERANGER (BOULEVARD);47,38999;0,68665
202300047466;1;11;2023;08:20;1;30;30083;1;1;1;7;D 979;43,72042715;4,22433543
202300047467;3;4;2023;21:35;5;69;69275;2;6;1;6;Avenue Jean Jaurès;45,7721;4,97641
202300047468;1;11;2023;19:30;3;52;52444;1;1;2;7;D674;48,26402272;5,39122269
202300047469;3;4;2023;20:00;1;69;69256;2;1;1;1;Avenue Paul Marcellin;45,77158856;4,93521263
202300047470;10;5;2023;16:15;1;37;37233;2;9;3;3;DUCLOS (AVENUE JACQUES);47,3803719;0,72962523
202300047471;3;4;2023;07:10;1;69;69286;2;3;2;3;597 Avenue de l'Hippodrome;45,81502;4,88478
202300047472;30;10;2023;08:35;1;80;80793;1;1;3;2;A16;49,987556;2,181446
202300047473;11;5;2023;22:12;5;35;35238;2;1;1;6;PICARDIE (DE);48,12300582;-1,70962662
202300047474;31;10;2023;21:40;3;34;34320;1;1;1;7;CD127E6 lieu dit Montlobre;43,662594;3,747325
202300047475;3;4;2023;12:30;1;69;69264;2;1;1;3;Rue de Kalarach;45,99502;4,73222
202300047476;2;4;2023;18:00;1;67;67482;2;1;1;6;REMPART (RUE DU);48,58578;7,72992
202300047477;27;10;2023;13:00;1;69;69244;2;2;1;1;Rue François Mermet;45,758228;4,774744
202300047478;11;5;2023;19:00;1;35;35238;1;1;1;4;RN136;48,11322;-1,71859
202300047479;31;3;2023;21:50;5;67;67482;2;1;1;7;ARTHUR RIMBAUD (RUE);48,58878;7,71404
202300047480;31;10;2023;15:00;1;39;39270;1;1;1;2;N/A;47,135503;5,487351
202300047481;14;3;2023;23:30;5;63;63113;2;1;1;6;PONT SAINT JACQUES (RUE DU);45,76605;3,08796
202300047482;11;5;2023;04:40;5;35;35281;2;2;1;3;NANTES (RUE DE);48,09031;-1,6928
202300047483;27;10;2023;07:20;1;987;98736;1;1;2;1;RT1 face à la servitude VAIAITU, route de l'ancienne gendarmerie à Bel Air.;-17,618;-149,549
202300047484;1;4;2023;04:20;3;58;58194;2;6;1;7;PISSEROTTE (BOULEVARD);46,97035;3,12901
202300047485;1;11;2023;01:55;5;6;6088;1;1;1;6;A8 PK 196.990 - Chaussée Sud;43,733833;7,254217
202300047486;30;3;2023;13:00;1;52;52448;2;1;1;6;FRANCE (RUE ANATOLE);48,643661;4,963027
202300047487;11;5;2023;04:10;5;35;35051;1;6;1;2;BEAULIEU (PORTE DE);48,10209849;-1,6103071
202300047488;31;3;2023;08:29;1;49;49007;2;1;1;7;BODIN;47,46369;-0,55281
202300047489;31;10;2023;21:05;3;51;51305;1;1;8;2;Autoroute A4 PK126+500 sens STARSBOURG vers PARIS;49,24027;3,880427