Num_Acc;jour;mois;an;hrmn;lum;dep;com;agg;int;atm;col;adr;lat;long
202300047490;11;5;2023;09:50;1;33;33063;2;2;1;3;Rue Docteur Albert Barraud;44,84593;-0,58499
202300047491;2;4;2023;16:13;1;49;49007;1;1;1;7;ATLANTIQUE  AVENUE DE L';47,46483;-0,57486
202300047492;31;10;2023;17:30;1;30;30185;1;1;1;3;pk 70+300 Sens 2;43,738686;4,201813
202300047493;9;5;2023;16:30;1;33;33069;2;1;1;3;Avenue de l'Hippodrome;44,87554585;-0,62447727
202300047494;1;4;2023;15:10;1;46;46042;1;1;1;1;Départementale 811;44,49213;1,40586
202300047495;29;10;2023;19:15;3;30;30036;1;1;1;2;A9 pk 61+000 sens 2;43,78052669;4,28938946
202300047496;11;5;2023;12:45;1;31;31555;2;1;1;1;VOIE DU TOEC;43,601369;1,40368
202300047497;3;4;2023;18:00;1;45;45285;2;1;1;3;Avenue Pierre Mendès France;47,905;1,867
202300047498;31;10;2023;11:30;1;987;98729;1;1;1;3;Opunohu PK 16;-17,577;-150,202
202300047499;24;4;2023;15:00;1;42;42095;2;7;1;6;Place Ferrer;45,3912;4,29085
202300047500;11;5;2023;06:10;3;31;31555;2;9;1;3;ALL CHARLES DE FITTE;43,59628779;1,43202737
202300047501;31;10;2023;18:00;2;971;97104;2;1;1;1;Route de Cadet;16,022293;-61,742724
202300047502;3;4;2023;19:45;1;35;35238;2;3;1;3;VERN (DE);48,09785438;-1,65525287
202300047503;3;4;2023;12:25;1;35;35051;1;1;1;6;N136;48,1499;-1,60574
202300047504;11;5;2023;20:10;1;30;30028;2;3;1;6;Avenue de l'Europe;44,166;4,6192
202300047505;31;10;2023;14:00;1;37;37072;2;1;1;6;70 Avenue François Mitterrand;47,17258065;0,24820089
202300047506;1;11;2023;09:15;1;95;95120;2;2;8;7;D4;49,085379;2,197451
202300047507;5;12;2023;14:15;1;75;75111;2;9;2;3;BOULEVARD VOLTAIRE;48,852842;2,388454
202300047508;3;4;2023;09:35;1;35;35238;2;2;1;3;YSER (BD DE L');48,0922;-1,6748
202300047509;31;10;2023;16:15;1;84;84141;2;3;1;3;Allée Victor Mitan;43,960401;4,895592
202300047510;20;8;2023;01:25;5;69;69149;2;1;1;2;52 Avenue Jean Jaurès;45,71332;4,8196
202300047511;5;12;2023;18:00;5;75;75110;2;2;1;3;RUE DE DUNKERQUE;48,880803;2,351186
202300047512;11;5;2023;15:50;1;28;28085;2;1;1;6;GRAND FAUBOURG (RUE DU);48,43984;1,48266
202300047513;19;8;2023;05:15;2;971;97113;1;1;1;7;RN4 - SECTION RIVIERA;16,21767;-61,49404
202300047514;3;4;2023;20:00;1;33;33167;2;2;1;3;Avenue Jean Jaurès;44,83672;-0,53671
202300047515;10;5;2023;18:20;1;27;27351;2;6;1;3;DELAMARE (RUE ABBE);49,23515;1,18344
202300047516;4;12;2023;16:20;5;75;75108;2;3;2;2;RUE DE TURIN;48,880604;2,324941
202300047517;28;8;2023;14:55;1;2A;2A004;2;3;2;3;BIANCAMARIA COLONEL ET CAPITAINE AVE;41,93453;8,73669
202300047518;24;10;2023;15:30;1;83;83023;1;3;1;5;D43;43,350394;6,086056
202300047519;3;4;2023;12:05;1;33;33063;2;3;1;3;Boulevard du Président Wilson;44,85109;-0,59543
202300047520;11;5;2023;16:50;1;26;26058;2;1;1;1;Rue des Chalets;44,94024;4,89905
202300047521;28;8;2023;08:00;1;95;95427;2;1;1;6;D193;48,962076;2,332921
202300047522;3;12;2023;20:40;5;94;94081;2;1;1;3;Avenue de la République;48,80098246;2,39915523
202300047523;31;10;2023;11:20;1;70;70310;2;1;3;1;D64;47,678363;6,518347
202300047524;5;12;2023;19:07;3;94;94078;2;1;1;6;286 Rue de Paris;48,746585;2,446538
202300047525;22;8;2023;21:40;5;91;91377;2;1;1;6;AV NATIONALE;48,7285;2,28589
202300047526;10;5;2023;17:10;1;26;26198;1;1;1;3;RHIN ET DANUBE (Pont);44,55487;4,73038
202300047527;3;4;2023;12:15;1;29;29232;2;1;1;3;Route de Brest;48,01426;-4,08053
202300047528;31;10;2023;19:10;5;1;1405;1;3;1;3;RD 1083;46,118867;5,154659
202300047529;20;8;2023;04:30;5;91;91691;2;1;1;6;GENERAL LECLER(RUE);48,71653;2,4823
202300047530;5;12;2023;12:40;1;94;94044;2;1;3;3;Avenue de Verdun;48,75020953;2,48254253
202300047531;3;4;2023;07:55;1;28;28134;2;6;1;3;EPARGES (RUE DES);48,73304;1,37262
202300047532;29;10;2023;19:30;3;69;69228;1;1;1;1;Route de Lyon;45,543193;4,645886
202300047533;28;8;2023;13:20;1;91;91326;2;1;2;2;COUR DE FRANCE (AVENUE DE LA);48,68731;2,37229
202300047534;6;5;2023;16:00;1;13;13054;2;2;1;3;FIGUERES (RUE DES );43,42112;5,20777
202300047535;1;11;2023;07:30;2;31;31324;2;1;2;6;avenue de la gare;43,197085;1,018891
202300047536;28;8;2023;04:00;5;91;91687;2;1;2;7;VICTOR SCHOELCHER (AVENUE);48,65932;2,373303
202300047537;4;12;2023;07:40;5;94;94058;2;2;3;6;Avenue du 8 Mai 1945;48,85127;2,51082
202300047538;3;4;2023;07:10;2;25;25056;2;1;1;2;AVICENNE RUE;47,26116;6,01059
202300047539;11;5;2023;21:35;5;13;13207;2;1;1;3;Corniche John Fitzgérald Kennedy;43,28087;5,3523
202300047540;1;11;2023;19:00;3;19;19061;1;1;2;3;Route départementale 1089 PR 98+000;45,216526;1,695693
202300047541;5;12;2023;18:15;5;94;94046;2;1;1;6;Rue de Mesly;48,7974;2,44
202300047542;26;8;2023;17:10;1;83;83137;2;1;1;6;HUBA (CHEMIN DE 1 A 2643;43,157762;5,926182
202300047543;31;3;2023;11:46;1;18;18205;2;1;3;3;37 Avenue des Prés le Roi;47,09346;2,38729
202300047544;11;5;2023;20:20;1;13;13203;2;1;1;1;JUNOT (RUE);43,30946;5,3761
202300047545;31;10;2023;22:20;3;85;85016;1;1;2;6;RD 50;46,687249;-1,633455
202300047546;5;12;2023;15:20;1;94;94043;2;1;1;3;108 Avenue de Fontainebleau;48,808971;2,36254
202300047547;24;8;2023;16:50;1;80;80001;2;1;1;3;VOLONTAIRES DU BAT.FFI VIII/2 (des);50,099212;1,839557
202300047548;3;4;2023;12:30;1;17;17415;2;3;1;3;ENCLOUSE RUE DE L';45,745376;-0,658014
202300047549;5;12;2023;19:22;5;94;94003;2;1;1;2;Avenue Aristide Briand;48,810587;2,326825
202300047550;11;5;2023;16:00;1;13;13209;2;1;1;2;CATHERINE BLUM (BOULEVARD);43,26641205;5,4197225
202300047551;28;8;2023;22:35;5;78;78172;2;2;1;7;LE GUEN (RUE PIERRE);49,00673;2,12098
202300047552;3;4;2023;18:30;1;13;13071;2;1;1;3;PENNES AUX PINS ( CHEMIN DES );43,41334;5,35938
202300047553;11;5;2023;12:20;1;13;13215;2;1;1;6;SAINT ANTOINE (AVENUE DE);43,37;5,36
202300047554;5;12;2023;17:50;5;94;94069;2;3;8;1;Rue du Maréchal Leclerc;48,81813;2,43234
202300047555;1;11;2023;00:15;5;2;2684;2;1;2;6;6 Rue d'Hirson;49,917143;4,127137
202300047556;3;4;2023;19:20;1;13;13056;2;1;1;3;DI LORTO AVENUE PAUL;43,39948;5,05875
202300047557;10;5;2023;16:30;1;13;13210;2;1;1;3;PAUL CLAUDEL (BOULEVARD);43,26880789;5,41987988
202300047558;3;12;2023;19:20;5;94;94028;2;3;1;3;Rue du Château;48,79329;2,4569
202300047559;3;4;2023;08:30;1;13;13215;2;1;1;3;RUISSEAU MI (RUE);43,34817817;5,3446812
202300047560;10;5;2023;14:00;1;13;13206;2;2;1;3;PRADO (AVENUE DU);43,28401;5,38479
202300047561;5;12;2023;09:00;1;94;94017;2;3;2;2;Avenue Maurice Thorez;48,81439755;2,53770348
202300047562;28;8;2023;09:30;1;76;76575;2;1;1;6;Rue du Madrillet;49,403954;1,075274
202300047563;3;4;2023;11:25;1;13;13005;2;1;1;6;GOUMS (AVENUE DES);43,29171;5,56137
202300047564;5;12;2023;21:40;5;93;93070;2;9;2;3;Rue Albert Dhalenne;48,914666;2,331849
202300047565;10;5;2023;10:00;1;13;13201;2;1;1;3;CANEBIERE    81 A FIN;43,29801;5,38205
202300047566;2;4;2023;12:41;1;10;10387;2;1;2;3;Avenue du 1er Mai;48,3041454;4,08799767
202300047567;24;8;2023;22:08;5;76;76351;2;1;1;6;DOCTEUR VIGNE;49,4976;0,11168
202300047568;5;12;2023;20:06;5;93;93070;2;1;1;2;Boulevard Victor Hugo;48,908186;2,32777
202300047569;10;5;2023;02:15;5;13;13203;1;1;2;1;BD FERDINAND DE LESSEPS;43,32128;5,37728
202300047570;5;12;2023;08:10;5;93;93077;2;1;2;3;Rue Laënnec;48,8804158;2,49598982
202300047571;31;10;2023;18:33;5;13;13211;2;1;1;3;Sens Aubagne vers Marseille;43,29277;5,45454
202300047572;11;5;2023;08:30;1;13;13001;2;3;1;3;BALTARD VICTOR (RUE);43,48781;5,3866
202300047573;11;5;2023;12:20;1;6;6088;2;1;1;7;VOIE RAPIDE;43,67352;7,22178
202300047574;28;8;2023;16:50;1;71;71540;2;3;1;3;HUIT MAI (AVENUE DU);46,78127;4,4378
202300047575;30;10;2023;08:45;1;13;13214;1;1;1;4;A507 sens Aubagne- Marseille;43,33468;5,38261
202300047576;2;4;2023;17:27;1;6;6088;2;1;1;4;VOIE RAPIDE;43,67123;7,21804
202300047577;11;5;2023;11:45;1;6;6123;2;1;1;3;DE GAULLE GENERAL AVENUE;43,667558;7,191757
202300047578;30;10;2023;21:10;3;13;13071;1;1;3;6;A5502D-Sens Marseille vers A55-Martigues;43,404;5,3064
202300047579;3;4;2023;22:50;5;5;5061;2;1;1;2;CARNOT  ( RUE );44,55891;6,08068
202300047580;28;8;2023;04:50;5;69;69115;2;6;1;3;Avenue de la Liberation;45,97833;4,70921
202300047581;4;12;2023;16:00;1;93;93077;2;6;2;5;Rue Pasteur / Avenue de la République;48,88674;2,5118
202300047582;11;5;2023;13:30;1;1;1451;2;2;1;3;RIPPES DE BIOTS (CHEMIN DES);46,26325477;5,23459911
202300047583;3;4;2023;00:20;5;93;93001;2;1;1;2;Avenue Jean Jaurès;48,91560419;2,40487933
202300047584;27;8;2023;05:15;5;68;68066;2;2;1;6;LAVOISIER (RUE);48,102409;7,379642
202300047585;3;4;2023;14:05;1;75;75120;2;1;1;3;PORTE DES LILAS;48,875556;2,409953
202300047586;25;8;2023;18:03;1;66;66136;2;1;1;4;N/A;42,6933;2,85133
202300047587;2;4;2023;08:05;1;75;75114;2;1;2;5;PORTE DE CHATILLON;48,822847;2,312865
202300047588;11;5;2023;17:45;1;75;75119;2;1;1;3;RUE MANIN;48,88365;2,389498
202300047589;25;8;2023;08:00;1;66;66136;1;6;1;3;N/A;42,68123919;2,85229057
202300047590;11;5;2023;12:15;1;75;75119;2;3;1;6;BOULEVARD MACDONALD;48,898937;2,382565
202300047591;3;4;2023;17:10;1;75;75120;2;3;1;6;RUE DE BAGNOLET;48,862707;2,406669
202300047592;5;12;2023;09:10;1;93;93050;2;5;2;6;Rue Martyrs de la Deportation / Avenue du General de Gaulle;48,85568;2,52662
202300047593;27;8;2023;09:58;1;64;64102;2;1;2;7;SOULT (AVENUE MARECHAL);43,48506;-1,49461
202300047594;3;4;2023;16:05;1;75;75120;2;3;1;6;RUE DES REGLISES;48,854681;2,410289
202300047595;11;5;2023;11:00;1;75;75117;2;7;1;3;PLACE D ISRAEL;48,885223;2,303362
202300047596;3;4;2023;16:50;1;75;75119;2;1;1;1;RUE MANIN;48,882921;2,384783
202300047597;5;12;2023;09:15;1;93;93014;2;1;2;3;Allée Romain Rolland;48,90448;2,55383
202300047598;3;4;2023;17:10;1;75;75117;2;1;1;2;RUE EMMY NOETHER;48,90067334;2,32114613
202300047599;11;5;2023;17:40;1;75;75116;2;1;1;3;AVENUE DU MAHATMA GANDHI;48,87667;2,265812
202300047600;28;8;2023;14:45;1;59;59508;2;1;1;3;HALLUIN (BOULEVARD D');50,74175922;3,13230663
202300047601;5;12;2023;21:20;5;92;92046;2;3;8;6;EMILE ZOLA;48,82296695;2,30307072
202300047602;3;4;2023;12:50;1;75;75117;2;3;1;6;RUE GUERSANT;48,881525;2,289213
202300047603;28;8;2023;07:45;1;57;57672;2;1;1;3;COMTE DE BERTIER (AVENUE) - IMPAIR;49,37006;6,16917
202300047604;11;5;2023;11:00;1;75;75116;2;1;8;3;ALLEE DE LA REINE MARGUERITE;48,851267;2,24182
202300047605;3;4;2023;19:10;1;75;75112;2;3;1;6;RUE DE RAMBOUILLET;48,843623;2,379771
202300047606;5;12;2023;17:20;5;92;92036;2;1;2;3;PETITS MARAIS (CHEMIN DES);48,94622555;2,30202958
202300047607;3;4;2023;07:28;1;75;75107;2;1;1;2;QUAI D ORSAY;48,862247;2,304091
202300047608;30;11;2023;15:50;1;92;92036;2;1;1;3;GRESILLONS ( AVENUE DES  );48,91895924;2,31167324
202300047609;10;5;2023;20:45;3;75;75116;2;3;1;2;VOIE GEORGES POMPIDOU;48,85129;2,27844
202300047610;26;8;2023;15:35;1;56;56260;1;1;1;4;N/A;47,66488;-2,72178
202300047611;2;12;2023;14:45;1;92;92004;2;2;1;2;ABBE LEMIRE DE L';48,92948;2,28187
202300047612;3;4;2023;12:20;1;75;75104;2;2;1;6;QUAI DE GESVRES;48,856749;2,348948
202300047613;28;8;2023;16:20;1;56;56083;2;6;1;6;Avenue de la République;47,79945;-3,29051
202300047614;11;5;2023;12:35;1;75;75115;2;3;1;6;RUE DE VIROFLAY;48,84221;2,299237
202300047615;3;4;2023;19:20;1;94;94080;2;1;1;6;Avenue de Paris;48,84529;2,43093
202300047616;5;12;2023;19:05;5;92;92002;2;2;8;3;PRESIDENT KENNEDY (50 A LA FIN);48,73466161;2,28539631
202300047617;3;4;2023;16:47;1;94;94074;2;1;1;6;Rue du 11 Novembre 1918;48,750739;2,467714
202300047618;11;5;2023;18:00;1;75;75114;2;2;1;2;BOULEVARD BRUNE;48,823075;2,325408
202300047619;11;5;2023;12:00;1;75;75114;2;1;1;6;BOULEVARD JOURDAN;48,819436;2,343664
202300047620;3;4;2023;08:40;1;94;94038;2;2;1;3;Avenue Hache;48,78065446;2,33140755
202300047621;6;12;2023;09:15;1;6;6161;2;1;1;6;La Fighière (Parking);43,637367;7,139917
202300047622;25;8;2023;23:15;5;51;51454;2;2;1;2;PAIX (BOULEVARD DE LA);49,25217;4,04167
202300047623;6;12;2023;17:25;3;10;10350;1;1;1;1;D374;48,173162;3,817738
202300047624;3;4;2023;01:37;5;94;94077;2;3;1;1;Cours de Verdun;48,7382;2,40835
202300047625;10;5;2023;20:40;5;75;75114;2;3;2;6;AVENUE DU MAINE;48,828266;2,326707
202300047626;29;8;2023;01:37;5;49;49007;2;1;1;7;LEROY PLACE;47,4646;-0,54903
202300047627;6;12;2023;07:20;2;28;28233;1;1;1;1;Départementale 955;48,121098;1,281796
202300047628;3;4;2023;08:36;1;94;94070;2;3;8;1;Route de Paris;48,71777577;2,57017744
202300047629;27;8;2023;19:36;1;45;45068;2;1;8;7;25 Rue Pascal;48,01723464;2,71717966
202300047630;10;5;2023;17:20;1;75;75114;2;2;2;6;AVENUE DU GENERAL LECLERC;48,833671;2,331833
202300047631;3;4;2023;19:40;1;93;93066;2;1;1;6;Rue du Landy;48,91533857;2,35298663
202300047632;6;12;2023;07:15;1;974;97401;1;1;1;1;LITTORAL;-21,249895;55,321462
202300047633;25;8;2023;15:40;1;41;41212;2;1;1;6;NATIONALE (ROUTE);47,56509;1,36744
202300047634;5;12;2023;17:45;5;62;62706;2;1;1;6;D166;50,578945;2,738729
202300047635;11;5;2023;17:00;1;75;75113;2;1;1;1;PONT CHARLES DE GAULLE;48,84230343;2,36860514
202300047636;3;4;2023;19:35;1;93;93055;2;1;1;2;Avenue du Général Leclerc;48,89789752;2,4055417
202300047637;3;4;2023;13:55;1;93;93055;2;1;1;2;Rue Denis Papin;48,90211;2,39752
202300047638;6;12;2023;12:30;1;62;62520;1;1;1;1;D945;50,576335;2,646546
202300047639;28;8;2023;17:35;1;38;38185;2;1;2;3;AVENUE DES MARTYRS;45,204;5,70221
202300047640;3;4;2023;19:00;1;93;93029;2;2;1;6;Avenue Henri Barbusse / Avenue Jean Jaurès;48,91993681;2,45153934
202300047641;1;12;2023;16:15;2;14;14453;1;1;4;3;N13;49,307957;-0,82358
202300047642;28;8;2023;19:00;1;37;37261;2;1;1;3;BOURDAISIERE (ALLEE DE LA);47,38565;0,69606
202300047643;6;12;2023;09:20;1;50;50099;1;1;7;6;N13;49,31616;-1,234106
202300047644;3;4;2023;18:00;1;93;93029;1;1;1;3;Rue de la Station;48,922629;2,426913
202300047645;11;5;2023;10:30;1;75;75113;2;3;8;3;AVENUE D ITALIE;48,822786;2,358354
202300047646;6;12;2023;15:35;1;30;30092;1;1;1;7;D6086;44,098804;4,602263
202300047647;28;8;2023;06:00;2;34;34003;2;1;1;3;cr des gentilhommes;43,288677;3,510717
202300047648;3;4;2023;16:30;1;93;93057;2;3;1;6;Allee du Soleil Levant / Allée Danielle Casanova;48,90736085;2,49579311
202300047649;5;12;2023;17:45;3;83;83026;1;1;1;1;1 route du luc;43,418297;6,238775
202300047650;28;8;2023;01:30;5;33;33063;2;1;1;6;Cours de l'Yser;44,82558;-0,56971
202300047651;27;8;2023;12:10;1;29;29019;2;1;1;6;rue du Commandant Drogou;48,40508398;-4,49487805
202300047652;5;12;2023;08:37;1;51;51564;1;1;2;4;RD9;49,123461;4,108608
202300047653;2;4;2023;00:06;5;93;93001;2;5;1;2;Avenue de la République / Rue André Karman;48,91107;2,38468
202300047654;10;5;2023;23:00;5;75;75112;2;3;1;1;BOULEVARD DE BERCY;48,839929;2,382357
202300047655;28;8;2023;19:20;1;27;27681;2;1;1;2;LECLERC (BOULEVARD DU MARECHAL);49,09577;1,48443
202300047656;18;10;2023;20:00;3;19;19274;1;2;2;1;N/A;45,182171;1,495491
202300047657;6;12;2023;07:55;2;56;56090;1;1;1;6;Le Rongeau;47,874686;-3,208
202300047658;28;8;2023;12:25;1;27;27375;2;1;1;6;CHAMP DE VILLE (PLACE DU);49,21025;1,16538
202300047659;3;4;2023;17:20;1;92;92064;2;1;1;2;DAILLY;48,84261;2,22113
202300047660;6;12;2023;07:15;3;76;76612;1;1;5;6;départementale 26;49,83218166;1,67040128
202300047661;25;8;2023;14:00;1;22;22106;2;1;1;6;SAINT-ILAN (RUE DE);48,50481;-2,70671
202300047662;11;5;2023;19:05;1;75;75111;2;2;2;6;RUE JEAN PIERRE TIMBAUD;48,868932;2,380457
202300047663;2;4;2023;02:10;5;92;92064;2;1;2;7;GENERAL LECLERC;48,84144;2,20712
202300047664;6;12;2023;19:00;3;76;76367;1;1;2;6;D121;49,503837;1,098289
202300047665;24;8;2023;14:00;1;22;22113;2;1;1;3;MENDES FRANCE (BOULEVARD);48,73116;-3,46511
202300047666;3;4;2023;14:51;1;92;92044;2;2;1;3;MARIUS AUFAN(RUE) 1A67 ET 2A78;48,88999144;2,28505567
202300047667;24;11;2023;07:40;2;79;79174;1;2;1;5;N/A;46,207848;-0,149249
202300047668;10;5;2023;15:50;1;75;75111;2;3;3;6;AVENUE PARMENTIER;48,860154;2,37875
202300047669;4;12;2023;10:30;1;2B;2B207;2;1;2;7;ALLÉE DES MURIERS PLATANES;42,444522;9,50911
202300047670;26;8;2023;19:40;1;14;14069;2;1;2;2;103 Route d’Orbec;49,130014;0,265693
202300047671;6;12;2023;03:10;3;82;82087;1;1;5;6;1130 Route de Lauzerte;44,142798;1,197006
202300047672;3;4;2023;12:50;1;92;92004;2;1;1;6;ROBERT LAVERGNE ( RUE );48,92853353;2,27260217
202300047673;25;8;2023;18:15;1;14;14487;1;1;1;1;Route de Lisieux;49,166693;0,227726
202300047674;11;5;2023;14:00;1;75;75110;2;3;2;2;BOULEVARD DE MAGENTA;48,875784;2,356502
202300047675;5;12;2023;13:33;1;71;71543;2;1;2;1;Avenue des Alpes;46,563408;4,918903
202300047676;4;4;2023;12:30;1;9;9338;1;1;1;1;Route de Saint Sernin;43,20886;1,42155
202300047677;28;8;2023;19:00;1;13;13215;2;1;6;3;SAINT ANTOINE (AVENUE DE);43,37315;5,35605
202300047678;6;12;2023;07:50;2;63;63378;1;1;1;6;N/A;45,67141981;3,22385912
202300047679;4;2;2023;05:15;5;56;56166;2;1;1;6;Place Antoine le Floch;47,91577;-3,332435
202300047680;11;5;2023;12:54;1;75;75110;2;7;8;3;PLACE DU COLONEL FABIEN;48,877673;2,370157
202300047681;2;12;2023;16:05;1;61;61503;1;1;1;6;D48 PR 5+840;48,648609;-0,136529
202300047682;24;8;2023;16:30;1;13;13203;2;2;1;3;STRASBOURG (BOULEVARD);43,30900979;5,37835802
202300047683;28;8;2023;10:15;1;11;11069;2;1;1;6;9 Boulevard Jules Guesde;43,20855;2,33132
202300047684;29;3;2023;15:30;1;33;33393;1;3;1;3;D910;44,976009;-0,213279
202300047685;5;12;2023;17:10;2;49;49323;1;1;1;5;Route Départementale N°323 de Paris à Nantes (Saint-Sylvain-d'Anjou);47,501699;-0,484723
202300047686;11;5;2023;16:45;1;75;75107;2;1;1;2;QUAI ANATOLE FRANCE;48,862014;2,321173
202300047687;27;8;2023;22:40;3;11;11069;1;1;8;7;ROCADE SUD RD 6161;43,20339;2,37815
202300047688;18;3;2023;01:15;3;81;81147;1;1;1;7;Lombers;43,80563;2,1828383
202300047689;5;12;2023;21:40;3;47;47209;1;1;5;6;Route de Riols;44,245207;0,675686
202300047690;6;12;2023;11:55;1;38;38505;1;1;8;7;Route départementale 130;45,313936;5,133791
202300047691;27;8;2023;10:00;1;6;6088;2;1;2;2;GRENOBLE (ROUTE DE);43,671758;7,203457
202300047692;4;4;2023;08:15;1;44;44009;2;6;7;6;55 Rue de la Croix des Fosses;47,212926;-1,470532
202300047693;8;5;2023;19:15;1;75;75104;2;2;1;3;RUE MORNAY;48,849511;2,365638
202300047694;3;4;2023;06:00;3;2B;2B101;1;1;1;6;route départemantale 71;42,408435;9,346104
202300047695;5;12;2023;10:40;1;70;70005;1;1;8;6;D486;47,60107;6,429405
202300047696;26;3;2023;10:41;1;69;69066;2;7;1;6;Place de l'eglise;46,10007193;4,32178252
202300047697;28;8;2023;13:50;1;5;5061;1;3;1;3;MALCOMBE ( ROUTE DE );44,55771;6,05161
202300047698;6;12;2023;08:35;1;26;26288;1;1;1;1;RD94;44,428432;5,278051
202300047699;10;5;2023;19:05;1;94;94068;2;1;8;5;Rue de la Varenne;48,80933512;2,47190787
202300047700;24;8;2023;16:05;1;3;3185;2;9;1;6;VILLON ( AVENUE PIERRE );46,353;2,58727
202300047701;3;4;2023;13:50;1;84;84030;2;1;1;7;avenue de l'europe;44,107216;5,10263
202300047702;3;5;2023;19:45;2;94;94042;2;7;1;7;Avenue Bizet;48,82484;2,477162
202300047703;6;12;2023;10:30;1;14;14312;2;1;1;6;Avenue Emile Damecour;49,385254;-1,050246
202300047704;2;4;2023;04:40;3;7;7009;1;1;1;6;Saint-Bosc;45,214341;4,80323343
202300047705;10;5;2023;11:15;1;94;94043;2;1;2;6;Avenue de Fontainebleau;48,81394092;2,36096661
202300047706;23;8;2023;19:25;1;2;2722;2;2;1;6;49 Boulevard Jeanne d'Arc;49,37446;3,32649
202300047707;6;12;2023;07:55;2;16;16072;1;1;9;5;D674;45,51456216;0,16858086
202300047708;2;4;2023;19:45;1;17;17345;1;1;1;7;40 Route du Château d'Eau;45,428886;-0,497154
202300047709;6;12;2023;08:11;1;7;7172;1;9;1;3;Rte de Colombier le Cardinal;45,275264;4,740214
202300047710;3;4;2023;12:25;1;37;37050;2;2;1;3;Avenue de la Branchoire;47,345071;0,719299
202300047711;11;5;2023;12:00;1;94;94054;2;3;2;1;Rue Antoine de Saint-exupéry;48,74894798;2,41319177
202300047712;28;8;2023;18:00;1;75;75120;2;3;1;6;RUE DES REGLISES;48,854754;2,410272
202300047713;3;4;2023;13:10;1;67;67194;1;1;1;6;A35;48,747431;7,915456
202300047714;5;12;2023;18:30;3;40;40273;1;1;2;5;D85;43,535366;-1,425734
202300047715;31;3;2023;14:05;1;42;42116;1;1;1;6;A89;45,873218;3,914137
202300047716;11;5;2023;12:00;1;94;94002;2;9;1;3;Quai Jean-baptiste Clément / Rue Emile Zola;48,79823;2,42066
202300047717;28;8;2023;17:40;1;75;75118;2;3;1;3;RUE EUGENE CARRIERE;48,889151;2,332246
202300047718;5;12;2023;19:00;3;85;85135;1;2;1;6;D746;46,522055;-1,2091732
202300047719;1;4;2023;10:35;1;38;38485;2;3;1;3;25 Boulevard des Frères Desaire;45,181183;5,692326
202300047720;28;8;2023;15:45;1;75;75113;2;3;8;6;BOULEVARD MASSENA;48,821605;2,369038
202300047721;11;5;2023;17:15;1;93;93078;2;1;1;3;Rue Eugène Delacroix;48,94923;2,55046
202300047722;29;3;2023;17:00;1;78;78062;2;1;1;1;Route du Pontel;48,850354;1,877123
202300047723;6;12;2023;12:30;1;28;28374;1;3;1;3;Départementale 854 - Le Péage TREMBLAY-LES-VILLAGES;48,581503;1,431231
202300047724;6;12;2023;14:45;1;17;17322;1;2;1;3;Intersection D206 et D114;46,25257;-0,835136
202300047725;4;4;2023;13:39;1;13;13035;1;1;1;6;D72d;43,668178;5,044068
202300047726;6;12;2023;01:35;3;45;45026;1;1;1;6;A6 PR 101 + 117;48,112088;2,998216
202300047727;28;8;2023;16:35;1;75;75109;2;2;1;3;RUE DE LIEGE;48,87964;2,32704
202300047728;11;5;2023;15:25;1;93;93073;2;2;8;2;Avenue Blaise Pascal / Rue de Lorraine;48,94021;2,57734
202300047729;4;4;2023;11:55;1;13;13100;2;1;1;3;Avenue de la Libération;43,788779;4,834687
202300047730;18;8;2023;12:00;1;973;97311;2;3;1;3;Rue Joseph Symphorien;5,496225;-54,030035
202300047731;4;4;2023;07:15;2;71;71572;1;3;1;3;32 à robalot;46,572436;4,87036
202300047732;11;5;2023;13:30;1;93;93073;2;1;8;3;Rue Henri Farman;48,96609;2,56331
202300047733;28;8;2023;10:13;1;75;75109;2;2;1;2;RUE BLANCHE;48,877772;2,331975
202300047734;5;12;2023;19:45;5;971;97119;1;2;1;3;Dumaine;16,377792;-61,45473
202300047735;4;4;2023;17:25;1;57;57683;2;1;1;2;16 Route d?Ebange;49,311086;6,14728
202300047736;4;12;2023;07:20;5;28;28193;2;1;2;6;Grande rue;48,787465;1,533199
202300047737;4;4;2023;17:30;1;42;42285;1;2;1;1;Route de Montbrison;45,581446;4,107074
202300047738;11;5;2023;10:45;1;93;93071;2;2;1;3;Avenue Hoche / Chemin de la Voirie des Tréfles;48,93015612;2,52863814
202300047739;6;12;2023;09:45;1;77;77315;2;1;7;6;D239;48,891191;2,82632
202300047740;27;8;2023;12:36;1;75;75108;2;2;1;3;PLACE DE LA CONCORDE;48,86666363;2,3220242
202300047741;3;4;2023;17:45;1;9;9160;2;1;1;2;Rue Pasteur;42,932347;1,84507
202300047742;6;12;2023;09:45;1;77;77229;2;1;1;1;160 rue Louise de Bettignies;48,758197;2,877994
202300047743;10;5;2023;14:15;1;93;93013;2;1;2;3;Avenue de la Division Leclerc;48,9310825;2,42183465
202300047744;28;8;2023;12:45;1;75;75107;2;1;1;6;RUE DE CONSTANTINE;48,858887;2,314757
202300047745;1;4;2023;19:00;2;17;17164;1;1;1;1;D129;45,773652;-0,568591
202300047746;6;12;2023;11:25;1;77;77165;1;1;1;1;D213;48,503919;2,861331
202300047747;11;5;2023;16:30;1;93;93010;2;1;2;3;Chemin du Pont;48,90863876;2,49012881