Num_Acc;jour;mois;an;hrmn;lum;dep;com;agg;int;atm;col;adr;lat;long
202300047748;28;8;2023;08:48;1;75;75103;2;3;1;7;RUE CHARLOT;48,861221;2,36068
202300047749;2;4;2023;01:45;3;33;33063;1;1;1;3;ROCADE A 630;44,88399212;-0,55876315
202300047750;5;12;2023;08:30;1;34;34244;2;1;1;3;M106;43,670512;4,03543
202300047751;1;4;2023;23:45;5;59;59009;1;1;2;6;ROUTE NATIONALE 227;50,60804291;3,13076824
202300047752;6;12;2023;15:30;1;84;84095;1;9;1;6;D139;43,742658;5,343191
202300047753;11;5;2023;05:15;2;93;93005;2;2;8;6;Boulevard Marc Chagall / Rue Eugène Delacroix;48,95286403;2,49897655
202300047754;28;8;2023;15:55;1;94;94046;2;3;2;2;Avenue de la République;48,80719;2,44587
202300047755;3;4;2023;20:20;2;91;91235;1;1;1;2;RN 104;48,626;2,3551
202300047756;11;5;2023;16:25;1;92;92064;1;1;1;6;MARECHAL JUIN;48,836635;2,221835
202300047757;6;12;2023;06:55;5;88;88266;2;8;2;3;Rue du Stade;48,172393;6,671882
202300047758;3;4;2023;13:15;1;92;92050;1;1;1;6;A86;48,902123;2,203614
202300047759;1;12;2023;20:00;3;38;38494;2;1;3;7;Soleymieu;45,696105;5,360881
202300047760;27;8;2023;23:00;5;94;94073;2;9;1;6;Avenue de Versailles;48,76036195;2,39898638
202300047761;11;5;2023;08:45;1;92;92064;2;3;1;1;MARCEL DASSAULT;48,85412;2,22259
202300047762;3;4;2023;08:55;1;78;78362;1;9;1;2;A13;48,980131;1,698576
202300047763;6;12;2023;18:05;5;1;1202;2;3;9;1;Route de Charveyron;45,916702;5,33067
202300047764;21;8;2023;14:40;1;94;94028;2;2;1;6;Avenue des Compagnons de la Libération;48,77768;2,45769
202300047765;11;5;2023;19:55;1;92;92025;2;1;1;3;BOURNARD (RUE DU);48,92299;2,256235
202300047766;6;12;2023;07:30;2;33;33256;1;1;5;1;Chemin Labarde;44,978957;-0,562277
202300047767;3;4;2023;17:00;1;93;93027;1;1;1;4;AUTOROUTE A1;48,93391583;2,38755931
202300047768;5;12;2023;05:45;3;49;49020;1;1;1;5;Route Départementale n°323;47,470669;-0,614033
202300047769;4;5;2023;10:35;1;92;92004;2;1;1;3;VOLTAIRE ( BD 16 A FIN );48,91200839;2,2966066
202300047770;28;8;2023;06:30;1;94;94077;2;2;1;2;Avenue de la République;48,73226;2,40866
202300047771;6;12;2023;15:20;1;60;60138;1;1;1;6;D932a;49,224331;2,613856
202300047772;1;4;2023;15:10;1;95;95678;1;1;1;1;RN 184;49,06427517;2,21383601
202300047773;17;3;2023;03:05;3;11;11262;2;1;1;6;Boulevard du Docteur Lacroix;43,1806584;2,99989
202300047774;6;12;2023;07:50;2;60;60088;1;1;5;1;D105;49,19898;2,164564
202300047775;28;8;2023;11:55;1;93;93066;2;2;1;6;Avenue du Président Wilson / Rue du Landy;48,91526;2,35792
202300047776;10;5;2023;15:50;1;92;92004;2;1;1;2;BAS ( RUE DES );48,91164;2,29857
202300047777;1;4;2023;15:00;1;95;95585;2;1;1;6;AMPERE (ALLEE ANDRE);48,97613;2,38248
202300047778;5;12;2023;17:55;5;59;59136;2;1;2;6;38 Rue Faidherbe;50,09442;3,540481
202300047779;1;4;2023;14:09;1;988;98818;2;1;1;2;ROUTE DU PORT DESPOINTES;-22,27612;166,4492
202300047780;2;4;2023;08:30;1;974;97411;2;1;1;6;TOPAZES(ALLEE DES);-20,89652;55,44468
202300047781;5;12;2023;09:48;1;13;13212;1;1;1;3;A507 sens Marseille - Aubagne;43,2925;5,42495
202300047782;28;8;2023;21:20;5;93;93062;2;2;1;3;Allée des Espaliers / Allée des Bois de Livry;48,90369;2,52488
202300047783;12;5;2023;12:00;1;43;43040;2;1;1;6;7 Avenue d'Auvergne;45,300892;3,379514
202300047784;2;4;2023;12:15;1;69;69383;2;2;3;6;Cours Albert Thomas;45,74764202;4,86531625
202300047785;28;8;2023;02:35;3;93;93048;2;1;1;6;Boulevard Théophile Sueur;48,86242753;2,46604979
202300047786;4;12;2023;08:30;1;13;13005;1;1;1;2;A50-Sens Marseille vers Aubagne;43,28846167;5,54926168
202300047787;1;4;2023;16:00;1;69;69383;2;3;3;4;Avenue Lacassagne;45,75128097;4,87274132
202300047788;2;4;2023;18:10;1;69;69142;2;1;2;3;Avenue Général de Gaulle;45,72619755;4,81295197
202300047789;28;8;2023;17:00;1;93;93031;2;2;1;3;Avenue de la République / Rue Claude Debussy;48,94710416;2,34274034
202300047790;28;4;2023;14:05;1;33;33254;1;2;1;3;D9;44,522389;-0,04637
202300047791;19;11;2023;23:30;3;13;13211;1;1;1;5;A50-Sens Aubagne vers Marseille;43,29007163;5,44736081
202300047792;2;4;2023;03:27;5;2B;2B037;2;9;1;2;Allée des BATEAUX;42,59499;9,43814
202300047793;4;12;2023;19:30;3;13;13026;1;1;2;2;A55-Sens Marseille vers Martigues;43,37394841;5,18023722
202300047794;2;4;2023;08:20;1;83;83137;2;2;1;3;DARDANELLES (AVE DES);43,12762655;5,92184204
202300047795;28;8;2023;04:20;5;93;93007;2;2;1;3;Rue Julian Grimau / Rue Victor Hugo;48,94103;2,45878
202300047796;12;5;2023;07:30;1;17;17438;1;1;1;1;Rue des Fleurettes;45,5526;-0,62025
202300047797;1;4;2023;16:10;1;83;83034;2;6;1;6;BOULEVARD DE LA LIBERTÉ;43,09142;6,07989
202300047798;28;8;2023;14:00;1;92;92051;2;1;1;7;ACHILLE PERETTI (AVENUE,  N° 98 A 166 ET;48,8845281;2,26866871
202300047799;4;12;2023;16:00;1;13;13071;1;1;2;2;A7-Sens Marseille vers Lyon;43,40575;5,2944
202300047800;1;4;2023;16:10;1;77;77186;1;2;7;3;RD148 carrefour DIANE à SORQUES;48,37653;2,73974
202300047801;29;8;2023;11:50;1;76;76258;1;2;1;3;Route départementale 109;49,676383;0,608684
202300047802;12;5;2023;15:15;1;71;71270;1;1;1;3;Autoroute A6, PK 392.200;46,32881;4,815145
202300047803;2;4;2023;15:40;1;76;76540;2;1;1;6;Rue François Couperin;49,45055;1,13844
202300047804;4;12;2023;20:45;5;33;33039;1;1;2;3;ROCADE A 630;44,79392555;-0,53970069
202300047805;27;8;2023;09:45;1;45;45259;1;1;1;2;D2060 PR 52 + 690;47,972246;2,417252
202300047806;1;4;2023;16:43;1;76;76575;2;3;2;1;Rue Camille Saint-saens;49,39431;1,06297
202300047807;4;12;2023;07:15;5;59;59350;1;1;1;6;ROUTE NATIONALE 356;50,6279;3,08304
202300047808;2;4;2023;22:20;5;69;69266;2;1;2;2;159 Avenue Roger Salengro;45,78083;4,88415
202300047809;11;5;2023;09:00;1;83;83100;1;1;1;1;D12;43,294333;6,122936
202300047810;1;4;2023;17:00;1;69;69282;2;1;2;6;25 Rue Louis Saulnier;45,76533;5,00329
202300047811;27;8;2023;03:20;3;40;40296;1;1;2;6;D79;43,733515;-1,41184
202300047812;5;12;2023;16:00;1;91;91645;1;1;2;4;RN 385 Extèrieure;48,75983;2,26127
202300047813;1;4;2023;10:38;1;64;64260;1;1;2;1;CORNICHE (ROUTE DE LA);43,37756;-1,73778
202300047814;28;8;2023;16:30;1;13;13078;1;1;1;3;D268;43,417674;4,805844
202300047815;9;5;2023;09:00;1;56;56185;2;3;1;3;Kergalan Bihan;47,775751;-3,405751
202300047816;5;12;2023;13:20;1;94;94034;1;1;3;3;A6B;48,75203818;2,33088421
202300047817;31;3;2023;18:40;1;62;62516;1;3;2;3;D943;50,55633834;2,49867797
202300047818;25;5;2023;21:10;2;68;68367;2;6;1;6;Route de Colmar;48,063777;7,476749
202300047819;11;5;2023;15:25;1;76;76580;1;1;1;7;Rue du Bout d'Aval;49,554877;1,162963
202300047820;5;12;2023;08:40;1;94;94021;1;1;3;5;A6B;48,76115867;2,33989983
202300047821;1;4;2023;03:15;5;62;62753;2;1;3;6;D260;50,29020249;2,79938328
202300047822;27;8;2023;18:15;1;972;97206;1;1;1;2;Morne Blanc;14,496577;-61,046077
202300047823;11;5;2023;17:05;1;2B;2B049;1;1;1;7;RD151;42,51412;8,84946
202300047824;2;4;2023;17:50;1;61;61001;2;9;1;3;Rue Paul Claudel;48,41638;0,09537
202300047825;5;12;2023;08:20;1;78;78090;1;1;2;2;A13;48,969442;1,914234
202300047826;19;3;2023;01:05;3;59;59437;2;1;1;6;SECLIN RUE DE;50,56596;3,02515
202300047827;12;5;2023;15:45;1;32;32107;2;1;8;3;Route d?Agen;43,957823;0,377945
202300047828;2;4;2023;01:20;5;59;59128;2;1;2;6;POINCARE RUE;50,64473;2,96692
202300047829;28;8;2023;18:40;1;21;21087;1;1;1;6;Autoroute A6 pk 286.100;47,102908;4,716836
202300047830;12;5;2023;08:05;1;46;46240;1;1;8;6;PK3, RD 247;44,813042;1,603725
202300047831;3;12;2023;21:10;3;78;78646;1;1;1;3;RN12;48,793269;2,082101
202300047832;2;4;2023;05:55;3;51;51573;2;1;3;6;Rue Nicolas Appert;49,23833;3,98359
202300047833;28;8;2023;15:05;1;35;35139;1;1;1;7;RN137;47,948451;-1,678169
202300047834;2;4;2023;06:35;5;51;51454;2;1;2;7;rue Camille Lenoir;49,26117;4,04161
202300047835;10;5;2023;11:15;1;47;47325;2;1;1;2;D120;44,36228212;0,27197995
202300047836;5;12;2023;20:50;3;94;94033;1;1;1;2;A86;48,85684395;2,48790403
202300047837;29;8;2023;17:30;1;58;58088;1;1;1;7;A77;47,011323;3,202965
202300047838;5;12;2023;12:25;1;94;94022;1;1;2;2;A86;48,77659469;2,41691046
202300047839;12;5;2023;05:40;2;68;68380;2;1;1;6;04 rue de Lutter;47,462447;7,40728
202300047840;31;3;2023;15:40;1;47;47031;2;2;1;5;Avenue de Bigorre;44,1852;0,63202
202300047841;4;12;2023;20:30;5;94;94073;1;1;2;6;A86;48,77195676;2,39568914
202300047842;2;4;2023;19:30;1;38;38318;1;1;2;6;CARRA(CHEMIN DE LA);45,53891;4,93911
202300047843;10;5;2023;12:30;1;39;39284;2;1;1;6;5 Chemin des Brûlés;47,154456;5,608971
202300047844;4;12;2023;12:40;1;94;94028;1;1;8;6;A86;48,78949641;2,44022264
202300047845;26;8;2023;16:30;1;87;87038;1;3;1;2;D125a1;45,907155;1,256728
202300047846;2;4;2023;20:50;5;37;37261;2;3;1;3;BONDONNIERE (RUE);47,38307;0,70496
202300047847;9;8;2023;19:50;1;38;38185;2;1;1;3;AVENUE RHIN ET DANUBE;45,1709;5,70497
202300047848;28;4;2023;18:00;1;29;29225;2;9;1;6;2 Rue de Pont - l’Abbé;47,954103;-4,359757
202300047849;2;4;2023;17:30;1;27;27375;2;1;1;3;Rue des Pénitents;49,212883;1,172255
202300047850;3;12;2023;04:07;5;74;74012;2;1;8;6;LIVRON (ROUTE DE);46,18882;6,25068
202300047851;31;3;2023;15:10;1;70;70285;1;1;2;7;D438;47,58485;6,7474
202300047852;26;9;2023;20:00;3;74;74157;1;1;1;6;route de bellevaux;46,342743;6,532595
202300047853;8;5;2023;23:00;3;58;58005;2;9;2;1;14 Le Bourg;47,376652;3,578233
202300047854;2;4;2023;11:40;1;25;25056;2;9;3;3;ROSES RUE DES;47,26019;6,04516
202300047855;29;8;2023;08:00;1;51;51044;1;1;1;5;D944;49,172992;4,171371
202300047856;28;9;2023;18:40;1;74;74201;2;3;1;1;Route de la Forge;46,121851;6,112687
202300047857;12;5;2023;08:50;1;58;58180;1;1;1;7;D520;47,185788;4,045354
202300047858;2;4;2023;20:20;2;14;14715;2;1;1;7;152 Boulevard Fernand Moureaux;49,36502;0,08195
202300047859;29;9;2023;16:45;1;74;74282;1;1;1;2;A41;45,986988;6,128011
202300047860;12;5;2023;15:00;1;58;58309;1;1;1;7;Le Foudon;46,917471;3,992307
202300047861;29;8;2023;16:45;1;56;56251;2;1;1;1;1 Rue du Golfe;47,617756;-2,682787
202300047862;1;4;2023;22:55;3;13;13054;2;1;1;1;D9 (BRETELLE);43,39843;5,19912
202300047863;26;9;2023;13:00;1;74;74082;2;9;1;3;Route d'annecy;46,141943;6,138675
202300047864;11;5;2023;10:45;1;54;54312;1;6;1;3;D910;48,932865;6,107923
202300047865;2;4;2023;19:30;2;13;13208;2;1;1;6;PRADO (AVENUE DU);43,2686072;5,38519554
202300047866;29;8;2023;12:40;1;59;59130;1;1;1;1;D300 PK4+600;50,878506;2,224045
202300047867;2;4;2023;17:56;1;13;13212;2;1;1;3;SAINT JULIEN (AVENUE DE );43,30648379;5,42072742
202300047868;12;5;2023;17:26;1;72;72331;1;1;1;6;les Grilleries;48,08226;0,58416
202300047869;19;9;2023;20:30;3;74;74243;1;3;1;3;Route de saint-julien;46,131181;6,049755
202300047870;2;4;2023;04:00;3;13;13204;2;1;1;6;ALEX. FLEMING (BOULEVARD);43,31654757;5,3958851
202300047871;27;8;2023;11:16;1;76;76532;1;3;1;5;D928;49,61007;1,295722
202300047872;1;9;2023;20:00;5;74;74256;2;1;1;3;Place de la grenette;45,93538;6,629664
202300047873;1;4;2023;04:55;5;9;9225;2;1;1;6;JEU DU MAIL AVENUE DU;43,12238;1,60361
202300047874;10;5;2023;20:42;2;5;5170;2;1;1;1;11 avenue de Provence;44,459293;6,051514
202300047875;29;8;2023;16:00;1;2A;2A362;2;3;1;3;T10 lieu dit molendino;41,695459;9,339184
202300047876;2;4;2023;19:05;2;6;6088;2;1;1;3;POMPIDOU (BD GEORGES);43,66637;7,20547
202300047877;4;12;2023;10:35;1;988;98818;1;4;1;2;VE1/Echangeur Etrier-Kowekara;-22,23318;166,45762
202300047878;28;8;2023;19:55;1;63;63285;1;1;2;1;D941;45,837553;2,851993
202300047879;2;4;2023;16:35;1;6;6088;2;1;1;1;LANTERNE (AV. DE LA);43,68698;7,21236
202300047880;10;5;2023;15:43;1;5;5068;1;1;1;3;D942, PK 41+800;44,485438;6,107068
202300047881;28;8;2023;10:00;1;42;42248;1;1;3;6;Route de l'Allier;45,9254995;3,82385072
202300047882;5;12;2023;07:56;1;988;98818;2;3;8;4;RUE GABRIEL LAROQUE/RUE GUSTAVE LODS;-22,30083;166,45344
202300047883;2;4;2023;10:10;1;6;6088;2;2;1;3;GAL (R. AUGUSTE);43,7014;7,28438
202300047884;11;5;2023;17:30;1;10;10323;2;1;1;6;Rue du Docteur Roux;48,50743;3,732651
202300047885;4;12;2023;15:00;1;974;97416;1;1;1;1;BASSIN PLAT(CHEMIN);-21,34162;55,51211
202300047886;29;8;2023;13:50;1;42;42230;1;3;1;5;Route de Roanne;45,858411;4,032905
202300047887;2;4;2023;12:00;1;4;4070;1;1;1;6;BARLES (ROUTE DE);44,13083;6,23763
202300047888;11;5;2023;20:30;2;21;21447;1;1;8;7;D981;47,16559;4,510093
202300047889;28;8;2023;21:15;3;34;34051;1;1;1;1;ROUTE DE CLERMONT L HERAULT - D2;43,603889;3,479678
202300047890;4;12;2023;12:50;1;974;97416;1;6;1;1;RN 01;-21,31139;55,43583
202300047891;30;3;2023;23:15;3;27;27681;2;1;3;6;BRIQUETERIE (RUE DE LA);49,07;1,48
202300047892;4;12;2023;08:20;1;974;97416;2;1;1;7;DELISLES (ROUTE HUBERT) CD3;-21,34362;55,46954
202300047893;28;8;2023;18:30;1;34;34300;1;1;1;7;Rue du Chemin Creux;43,427278;3,314754
202300047894;31;3;2023;17:15;1;974;97416;2;3;1;3;PIERSON (RUE BLANCHE);-21,33;55,48
202300047895;1;5;2023;11:25;1;21;21243;2;1;1;7;D33;47,084044;4,623608
202300047896;4;12;2023;09:20;1;974;97411;1;2;1;3;LANCASTEL (BOULEVARD);-20,87503;55,45405
202300047897;24;8;2023;00:25;3;39;39217;1;1;1;6;N/A;46,702986;5,537306
202300047898;7;5;2023;19:30;1;40;40080;1;1;1;7;Avenue de Bordeaux;43,745332;-0,270018
202300047899;1;4;2023;09:00;1;974;97409;2;3;1;3;DE LA GARE(RUE);-20,95892;55,65246
202300047900;28;8;2023;14:45;1;15;15236;1;1;2;1;RN 122;45,011237;2,672537
202300047901;1;4;2023;18:15;2;973;97302;2;2;1;6;PREVOT (ERNEST);4,93165;-52,33252
202300047902;11;5;2023;19:55;1;30;30123;2;1;1;7;D742;43,7203;4,179644
202300047903;4;12;2023;11:00;1;973;97302;2;1;1;3;BADUEL (ROUTE DE);4,938413;-52,31706262
202300047904;28;8;2023;18:00;1;72;72320;1;6;1;3;D 338;48,067899;0,169473
202300047905;1;4;2023;18:30;2;973;97302;2;2;1;3;BRASSE (LIEUTENANT);4,93642;-52,33248
202300047906;4;12;2023;16:30;2;69;69387;2;2;1;6;Cours Gambetta;45,74968;4,8594
202300047907;29;8;2023;12:10;1;6;6068;1;1;1;7;D3;43,703627;6,969214
202300047908;1;4;2023;21:50;5;69;69383;2;1;2;7;Cours Lafayette;45,76364587;4,86098498
202300047909;12;5;2023;16:30;1;45;45040;1;1;1;2;A77 PR 79 + 357;47,583184;2,86078
202300047910;25;11;2023;05:15;5;971;97113;2;1;1;6;RN4 - SECTION RIVIERA;16,21758662;-61,49380445
202300047911;1;4;2023;22:20;5;69;69386;2;2;2;3;Rue Boileau;45,77111;4,84863
202300047912;29;8;2023;15:10;1;9;9283;1;1;1;5;Route Nationale 20;42,724514;1,819525
202300047913;12;5;2023;17:38;1;13;13051;2;2;2;3;D113;43,588947;5,119243
202300047914;28;8;2023;18:00;1;73;73300;1;1;2;6;D1201 - 339 Boulevard jean charcot;45,659556;5,894744
202300047915;10;5;2023;22:50;3;33;33502;1;1;1;6;Autoroute A10 PK 507.810;45,174368;-0,4846
202300047916;4;12;2023;18:25;5;91;91514;2;1;3;6;RUE DE BRUNOY;48,67638;2,53059
202300047917;29;8;2023;00:50;3;18;18075;2;6;1;6;2 Grande Rue;47,024628;3,03132
202300047918;2;12;2023;18:34;5;87;87085;2;2;1;5;LANDOUGE (AVENUE DE);45,84277;1,19578
202300047919;5;5;2023;23:50;3;39;39448;1;1;1;6;N/A;47,009738;5,477472
202300047920;29;8;2023;14:45;1;10;10055;1;1;1;3;D671;48,125682;4,362216
202300047921;1;12;2023;12:17;1;86;86194;2;1;1;6;Avenue du Recteur Pineau;46,56811;0,38684
202300047922;29;8;2023;17:10;1;85;85029;2;1;1;3;5 Rue du pays de monts;46,971976;-1,997894
202300047923;4;12;2023;21:18;5;85;85191;2;1;1;1;D763;46,69087;-1,42991
202300047924;16;8;2023;15:00;1;85;85291;1;1;7;6;RD60;46,63012;-1,233135
202300047925;17;2;2023;16:00;1;15;15014;2;1;1;6;CARMES (RUE DES);44,92751;2,4437
202300047926;28;8;2023;14:14;1;85;85023;1;3;1;7;1 Rue du gué;46,53499;-1,145803
202300047927;18;2;2023;03:50;5;14;14118;2;1;1;1;Viaduc de la Cavée;49,169479;-0,365583
202300047928;1;8;2023;15:13;1;17;17261;1;1;1;7;D939;45,812025;-0,15324
202300047929;3;12;2023;18:50;5;83;83137;2;1;1;4;NICOLAS (BD COMMANDANT);43,12913;5,92914
202300047930;18;2;2023;10:05;1;13;13213;2;9;1;1;JEAN PAUL SARTRE (AVENUE);43,32445562;5,421701
202300047931;17;2;2023;18:00;2;13;13203;2;4;1;6;GUIGOU (BOULEVARD);43,31497;5,3901
202300047932;8;8;2023;19:00;1;17;17410;1;2;1;3;D147;45,395282;-0,660451
202300047933;29;11;2023;08:45;1;80;80021;2;2;2;3;MARCHE LANSELLES (RUE DU );49,89613;2,29712
202300047934;18;2;2023;04:55;4;75;75108;2;3;1;3;AVENUE DES CHAMPS ELYSEES;48,871468;2,302412
202300047935;27;8;2023;16:36;1;23;23024;1;1;1;6;D17;45,966932;2,10562
202300047936;1;12;2023;09:50;1;80;80021;2;1;1;6;GENERAL LECLERC (RUE DU );49,8967;2,2944
202300047937;29;8;2023;14:25;1;87;87126;2;7;1;6;Place Marquet;45,824547;0,820713
202300047938;18;2;2023;17:50;1;75;75114;2;1;1;3;PORTE DE CHATILLON;48,821648;2,317887
202300047939;27;8;2023;02:00;3;68;68122;2;9;1;7;Route de Bollwiller;47,86011;7,219487
202300047940;29;11;2023;12:33;1;80;80021;2;1;2;6;LAMARCK (RUE);49,89168;2,29926
202300047941;29;8;2023;06:50;2;2;2559;1;1;1;2;N/A;49,684558;3,485906
202300047942;18;2;2023;19:30;5;75;75118;2;2;1;6;RUE DE CLIGNANCOURT;48,888403;2,348012
202300047943;28;8;2023;15:27;1;53;53228;1;1;1;3;A81 PK 218+500;48,048366;-0,401022
202300047944;18;2;2023;07:10;2;75;75117;2;4;1;3;AVENUE DES TERNES;48,879294;2,291452
202300047945;4;12;2023;16:20;1;77;77445;1;1;3;1;D346;48,568445;2,588821
202300047946;24;8;2023;17:35;1;11;11262;1;1;1;3;A61;43,153336;2,963669
202300047947;18;2;2023;19:30;5;75;75116;2;7;1;3;RUE SINGER;48,856175;2,277894
202300047948;4;12;2023;15:25;1;77;77111;2;3;3;3;BD DU GRAND FOSSE;48,85788;2,768083
202300047949;28;8;2023;14:30;1;973;97311;2;1;1;3;Rue Joseph Symphorien;5,496574;-54,029893
202300047950;18;2;2023;11:30;1;75;75116;2;4;1;2;ROUTE DES TRIBUNES;48,852923;2,229998
202300047951;29;8;2023;06:50;2;41;41220;1;1;1;2;D951;47,730029;1,640868
202300047952;4;12;2023;10:40;1;76;76351;2;3;2;4;BIGNE A FOSSE;49,52657;0,11019
202300047953;18;2;2023;10:40;1;75;75116;2;3;1;3;AVENUE VICTOR HUGO;48,870807;2,288066
202300047954;1;12;2023;14:15;1;76;76351;2;3;1;3;Avenue Pablo Picasso;49,50424;0,16614
202300047955;28;8;2023;08:15;1;34;34327;1;3;1;3;Route de Sommieres;43,663751;3,969149
202300047956;17;2;2023;09:30;1;75;75115;2;1;1;3;RUE DE LA PROCESSION;48,836687;2,30953
202300047957;3;12;2023;16:30;2;76;76351;2;4;1;3;JULES DELAMARE;49,492;0,16142
202300047958;28;8;2023;14:45;1;63;63417;1;1;2;6;D 450;45,837216;3,048899
202300047959;17;2;2023;09:30;1;75;75115;2;2;1;3;RUE PAUL BARRUEL;48,83735;2,305991
202300047960;28;8;2023;07:30;1;42;42129;1;1;2;7;Chemin de Paraveyre;45,3649116;4,69311275
202300047961;4;12;2023;12:40;1;71;71153;2;3;8;3;REPUBLIQUE (AVENUE DE LA);46,79849;4,44697
202300047962;25;8;2023;11:45;1;26;26220;2;1;1;6;Super U (Supermarché);44,356039;5,126865
202300047963;17;2;2023;17:25;1;75;75111;2;1;1;5;RUE DE MONTREUIL;48,851152;2,397483
202300047964;28;8;2023;08:22;1;69;69157;1;1;1;7;Route Nationale 7;45,872296;4,488714
202300047965;4;12;2023;07:30;2;69;69276;2;3;8;6;Route de Vienne;45,66598;4,85849
202300047966;17;2;2023;16:41;1;75;75109;2;5;8;3;BOULEVARD HAUSSMANN;48,872947;2,333262
202300047967;22;8;2023;08:30;1;81;81283;1;2;1;3;D6;43,94729808;1,9851108
202300047968;4;12;2023;11:10;1;67;67180;1;1;4;7;RD263;48,865005;7,825144
202300047969;18;2;2023;05:20;5;75;75107;2;3;1;7;QUAI BRANLY;48,859005;2,293396
202300047970;29;8;2023;10:30;1;17;17058;1;1;8;2;D26;45,845859;-1,16381
202300047971;2;12;2023;14:45;1;66;66136;2;1;1;6;Avenue d'ESPAGNE;42,67899131;2,89197117
202300047972;18;2;2023;23:00;5;75;75107;2;1;1;7;AVENUE JOSEPH BOUVARD;48,856884;2,298823
202300047973;3;12;2023;17:15;2;64;64102;2;1;1;2;SABALCE (CHEMIN DE);43,49147;-1,49094
202300047974;28;8;2023;20:10;1;85;85236;2;3;1;1;Rue du fief;46,641065;-1,718497
202300047975;4;12;2023;19:30;5;61;61001;2;1;3;6;VC;48,41866;0,09728
202300047976;18;2;2023;19:20;3;94;94081;2;1;1;3;Av du President Salvador Allende;48,79592825;2,41161919
202300047977;29;8;2023;17:40;1;85;85302;2;1;1;3;VC Rue du boisniard;46,925051;-0,958408
202300047978;4;12;2023;10:20;1;51;51454;2;2;2;3;GAMBETTA (RUE) DU N°1 AU 57 ET DU N° 2 A;49,24669;4,03908
202300047979;17;2;2023;06:45;5;94;94074;2;1;2;6;Rue des Ecoles;48,74457736;2,47020024
202300047980;4;12;2023;07:42;2;51;51573;2;1;2;6;MONT SAINT PIERRE (RUE DU);49,2513;3,98838
202300047981;18;2;2023;14:00;1;94;94068;2;1;1;6;Avenue Pierre Semard;48,80606;2,51065
202300047982;29;8;2023;07:15;1;50;50041;1;1;1;5;D901;49,641004;-1,739659
202300047983;17;2;2023;23:25;5;94;94076;2;2;1;2;Bd Paul Vaillant Couturier;48,79447369;2,35828525
202300047984;20;8;2023;15:10;1;22;22225;1;1;1;7;Pont Guialou;48,514437;-3,130814
202300047985;2;12;2023;17:50;5;50;50129;2;3;1;3;LECLERC (RUE DU GENERAL);49,6401;-1,60002
202300047986;29;8;2023;17:00;1;76;76475;2;1;1;3;Route de Paris;49,396239;1,182001
202300047987;18;8;2023;22:30;5;69;69389;1;9;1;6;Boulevard Périphérique Nord;45,78046388;4,79782777
202300047988;4;12;2023;18:50;5;44;44109;2;3;1;1;158 Boulevard des Anglais;47,22406;-1,58452
202300047989;18;2;2023;22:00;3;94;94075;2;3;1;3;Av du Mal de Lattre de Tassigny / Rue Jean Cavaillés;48,73132;2,5236
202300047990;27;8;2023;06:45;2;33;33013;1;1;2;6;ROUTE NATIONALE 230;44,86129;-0,50394
202300047991;18;2;2023;21:15;5;92;92046;2;2;1;7;PIERRE LAROUSSE (AVENUE);48,8234977;2,30283871
202300047992;7;11;2023;09:50;1;43;43251;2;3;1;3;Avenue de Vals;45,0355;3,88121
202300047993;28;8;2023;08:40;1;92;92025;1;1;1;3;A86;48,93174386;2,24616936
202300047994;18;2;2023;19:45;5;92;92035;2;2;1;7;National ( boulevard );48,90853548;2,23731235
202300047995;27;8;2023;20:45;3;78;78043;1;1;1;6;A12 W;48,836624;2,089531
202300047996;18;2;2023;23:06;5;92;92026;2;1;1;6;BEZONS (DE 23 A FIN);48,89481613;2,25051445
202300047997;27;8;2023;07:40;1;78;78217;1;1;1;6;A13;48,963742;1,828132
202300047998;17;2;2023;21:50;5;92;92025;2;2;1;3;ESTIENNE D'ORVES (RUE);48,913258;2,240664
202300047999;27;8;2023;23:00;5;976;97611;2;1;1;3;kaweni-SPPM ( rue de la );-12,76816;45,22438
202300048000;18;2;2023;12:45;1;24;24463;1;1;1;6;Lieu dit les  fourches;45,347056;1,08593
202300048001;27;8;2023;19:16;3;973;97302;2;1;1;3;ZEPHIR (ROCADE);4,934;-52,309
202300048002;17;2;2023;18:35;2;49;49220;1;2;1;3;Route Départementale 52 Lieu Dit La Chevrie;47,715024;-0,420806
202300048003;18;2;2023;20:30;3;81;81139;1;1;1;6;D92;43,73270137;2,15618201
202300048004;4;12;2023;09:15;1;37;37233;2;2;2;3;BALZAC (RUE HONORE DE);47,3883;0,71814
202300048005;18;2;2023;20:45;3;972;97202;2;4;2;7;D7;14,488619;-61,056165
202300048006;27;8;2023;15:00;1;69;69383;2;1;1;1;Rue Professeur Paul Sisley;45,7496;4,8684
202300048007;4;12;2023;03:40;5;37;37233;2;1;3;6;CACHIN (RUE MARCEL);47,39654;0,72905
202300048008;27;8;2023;17:30;1;972;97213;1;6;1;3;MANGOT VULCIN (ROND POINT);14,6235;-60,98875
202300048009;19;2;2023;18:20;3;88;88089;2;3;1;3;326 rue des Fusillés;48,18772;6,785399
202300048010;4;12;2023;17:20;4;35;35238;2;3;2;6;ROPARTZ (GUY);48,13121;-1,65651