Num_Acc;jour;mois;an;hrmn;lum;dep;com;agg;int;atm;col;adr;lat;long
202300048274;22;9;2023;22:46;5;87;87050;2;2;1;6;MOLIERE (RUE);45,87104;1,24201
202300048275;17;2;2023;13:10;1;49;49015;2;1;1;6;LIERU CHEMIN DE;47,50762;-0,58197
202300048276;20;7;2023;18:10;1;2A;2A247;1;1;1;3;Route de l?Ospedale;41,653764;9,211307
202300048277;29;9;2023;19:00;1;86;86194;2;1;1;3;Avenue du Recteur Pineau;46,5711;0,37428
202300048278;28;9;2023;19:02;1;78;78440;2;1;1;6;SEINE (RUE DE);48,997061;1,90878
202300048279;17;2;2023;07:45;2;37;37261;2;1;2;2;ALOUETTE (CARREFOUR DE L');47,3642;0,69954
202300048280;20;7;2023;02:30;3;83;83065;1;1;1;1;D98a;43,262269;6,603687
202300048281;17;2;2023;08:30;1;35;35281;2;2;1;3;D177;48,08982;-1,70559
202300048282;19;7;2023;19:55;1;71;71472;2;2;7;3;Route de la Croisette;46,954803;4,072709
202300048283;29;9;2023;09:17;1;77;77337;2;1;1;1;PIERRE MENDES FRANCE (AVENUE);48,8412;2,61569
202300048284;15;2;2023;19:45;2;34;34161;1;1;1;1;D11;43,333;3,148
202300048285;28;9;2023;12:05;1;77;77288;2;3;1;6;ANTOINE DE SAINT EXUPERY(AVENUE);48,55116;2,65274
202300048286;20;7;2023;15:50;1;10;10006;2;2;1;1;1 Avenue Grassin;48,53637617;4,1425779
202300048287;17;2;2023;21:23;5;33;33063;2;1;1;3;Pont Saint-Jean;44,83424483;-0,55223197
202300048288;17;7;2023;18:55;1;68;68028;2;9;1;3;2 Route du Vin;48,207523;7,360378
202300048289;17;2;2023;18:30;2;33;33550;2;1;1;6;Rue du Professeur Auriac;44,77265;-0,5623
202300048290;29;9;2023;19:45;2;76;76498;2;3;1;3;Avenue Jean Jaurès;49,42708;1,06382
202300048291;19;7;2023;19:30;1;88;88470;2;1;1;7;11 Route de Noir Rupt;48,085268;6,735553
202300048292;28;9;2023;14:15;1;72;72181;1;1;1;2;RIFFAUDIERES (BD DES);47,98988;0,17688
202300048293;7;2;2023;19:55;5;30;30189;2;6;1;3;Boulevard du Président Salvador Allende;43,82738;4,37511
202300048294;19;7;2023;15:20;1;88;88196;1;1;1;5;82 Route d'Epinal;48,072337;6,855131
202300048295;28;9;2023;14:40;1;71;71306;2;1;1;3;CAPITAINE PRIET (RUE DU);46,67994;4,38685
202300048296;11;2;2023;21:25;5;30;30189;2;6;1;6;Lt Col Pierre COLIN;43,8568;4,405
202300048297;19;7;2023;11:51;1;81;81248;1;1;1;7;D47;43,715849;1,920853
202300048298;17;2;2023;09:30;1;29;29232;2;1;8;6;Boulevard de Poulguinan;47,97952;-4,12136
202300048299;29;9;2023;20:50;5;71;71076;2;2;1;3;LEDRU ROLLIN (RUE);46,78754;4,83887
202300048300;19;7;2023;03:57;5;31;31451;2;9;1;6;Chemin des Prairies;43,466469;2,00045
202300048301;17;2;2023;10:45;1;28;28085;2;1;1;2;COURTILLE (BOULEVARD DE LA);48,44195;1,49101
202300048302;29;9;2023;22:30;3;69;69266;1;1;1;7;Rue du Canal;45,78624294;4,89316727
202300048303;19;7;2023;13:15;1;64;64177;2;1;1;1;Route Departementale 817;43,468977;-0,715034
202300048304;16;2;2023;10:20;1;19;19031;2;1;1;3;RIBOT (AVENUE);45,16464;1,50659
202300048305;29;9;2023;17:45;1;69;69275;2;3;1;3;Avenue Franklin Roosevelt;45,74504;4,93279
202300048306;14;2;2023;16:49;1;16;16015;2;8;1;6;BORDEAUX (ROUTE DE N° IMPAIRS);45,639062;0,130953
202300048307;20;7;2023;07:50;1;47;47157;1;2;1;3;Avenue du Docteur Neau;44,51177425;0,18924379
202300048308;28;9;2023;09:45;1;69;69259;2;1;1;3;Avenue Viviani;45,72145;4,88226
202300048309;20;7;2023;01:40;3;33;33433;1;1;1;2;D242;44,922606;-0,463121
202300048310;17;2;2023;20:30;4;13;13043;2;3;1;3;N 368 ;43,39692522;5,2490781
202300048311;29;9;2023;15:50;1;67;67482;2;3;1;7;SCHIRMECK (ROUTE DE);48,56642;7,70812
202300048312;19;7;2023;22:25;3;85;85222;1;1;1;6;Rue du pont du jaunay;46,675205;-1,913842
202300048313;17;2;2023;11:25;1;13;13216;2;1;1;3;CONDORCET (RUE);43,35591;5,34626
202300048314;29;9;2023;12:17;1;67;67447;2;1;1;6;HAUSBERGEN (ROUTE DE);48,60724;7,72367
202300048315;17;2;2023;19:35;5;75;75118;2;1;2;2;PORTE D AUBERVILLIERS;48,90065;2,365705
202300048316;14;6;2023;19:30;1;69;69382;2;2;1;3;Quai Jean Moulin;45,76502;4,83818
202300048317;20;7;2023;18:00;1;27;27329;1;1;1;7;chemin vicinal 59;49,190742;1,454895
202300048318;28;9;2023;07:40;1;66;66136;2;6;1;3;N/A;42,66998;2,90495
202300048319;19;7;2023;08:10;1;83;83090;1;1;1;6;A50;43,12418712;5,8716572
202300048320;17;2;2023;17:00;1;75;75113;2;1;1;4;PORTE DE GENTILLY;48,816445;2,347125
202300048321;14;6;2023;07:55;1;69;69381;2;3;1;2;22 Montée des Carmélites;45,77092;4,8286
202300048322;29;9;2023;19:20;1;64;64024;2;1;7;6;PONTRITS (RUE DES);43,49205;-1,53153
202300048323;7;1;2023;20:30;3;22;22187;1;1;9;1;RN12;48,53384;-2,75831
202300048324;18;7;2023;22:20;3;42;42218;1;1;1;3;N88;45,413656;4,40237
202300048325;17;2;2023;16:20;1;75;75112;2;1;1;3;PORTE DE CHARENTON;48,830171;2,402188
202300048326;28;9;2023;18:20;1;64;64102;2;1;1;6;DE GAULLE (PLACE DU GENERAL);43,49346;-1,47588
202300048327;7;1;2023;10:50;1;13;13117;2;9;1;1;TOULON GERARD ( RUE );43,43566;5,25621
202300048328;14;6;2023;16:08;1;2B;2B033;1;1;1;2;11 - RT;42,70655;9,44301
202300048329;7;1;2023;23:20;5;13;13215;2;1;1;5;DE SAINT LOUIS AU ROVE (chemin);43,35056;5,35418
202300048330;17;2;2023;09:00;1;75;75114;2;4;1;6;PORTE D ORLEANS;48,81930044;2,32872337
202300048331;19;7;2023;14:16;1;94;94065;1;1;1;5;A106;48,74898464;2,35721472
202300048332;28;9;2023;08:35;1;62;62263;2;2;1;3;Rue Jean Moulin;50,26807;2,7239
202300048333;14;6;2023;04:30;5;971;97101;1;9;1;3; Hauteur sortie de Lauricisque;16,25049505;-61,52976751
202300048334;16;2;2023;18:15;2;75;75118;2;1;1;7;PORTE DE CLIGNANCOURT;48,900787;2,338559
202300048335;7;1;2023;06:45;5;13;13213;2;1;1;1;ESCADRILLE NORMANDIE NIEMEN;43,33564188;5,41001737
202300048336;18;7;2023;10:05;1;78;78158;1;1;1;2;A13;48,841187;2,107408
202300048337;29;9;2023;12:35;1;61;61001;2;1;1;6;D955;48,42269;0,08671
202300048338;15;2;2023;23:50;5;75;75120;2;1;1;3;PORTE DE BAGNOLET;48,860823;2,413832
202300048339;14;6;2023;14:04;1;2A;2A004;2;3;1;3;CANDIA CHEMIN;41,93835;8,74903
202300048340;18;7;2023;18:00;1;78;78498;1;1;1;6;A13;48,91432;2,005596
202300048341;7;1;2023;04:50;5;13;13205;2;2;1;3;JEAN MOULIN (BOULEVARD);43,29032;5,39983
202300048342;29;9;2023;12:15;1;61;61001;2;1;1;2;Voie Communale;48,437501;0,095383
202300048343;18;7;2023;06:15;1;95;95277;1;1;1;7;A3;48,974496;2,491158
202300048344;15;2;2023;15:33;1;75;75113;2;2;1;3;BOULEVARD MASSENA;48,820209;2,366059
202300048345;7;1;2023;15:40;1;6;6088;1;1;1;6;Blea (Camin de la );43,72761;7,18914
202300048346;6;1;2023;17:39;2;3;3321;2;1;1;6;Rue du Haut - Barrieux;46,5794;3,3408
202300048347;17;2;2023;18:55;5;75;75105;2;3;1;3;PONT SAINT MICHEL;48,853777;2,344395
202300048348;14;6;2023;17:45;1;91;91549;2;9;1;6;JACQUES DUCLOS (AVENUE);48,63465;2,34138
202300048349;4;1;2023;12:10;1;973;97302;2;1;3;4;BADUEL (ROUTE DE);4,94047847;-52,32020974
202300048350;17;7;2023;10:05;1;95;95527;1;1;1;4;A1;49,01863;2,53304
202300048351;17;2;2023;10:30;1;75;75106;2;2;1;3;BOULEVARD SAINT GERMAIN;48,85247966;2,33874142
202300048352;30;9;2023;00:00;5;59;59152;2;6;1;3;HALOT (LIEU DIT LE);50,75502;3,02564
202300048353;14;6;2023;18:30;1;91;91667;2;9;1;6;MARE TAMBOUR (RUE);48,657685;2,337743
202300048354;6;1;2023;12:52;1;69;69142;2;2;8;3;Rue Stéphane Déchant;45,72114595;4,81116146
202300048355;19;7;2023;16:10;1;77;77517;1;1;1;3;A104.EXT;48,908891;2,637821
202300048356;29;9;2023;11:43;1;59;59279;2;1;2;6;OER ERKENSCHWICK (RUE);50,7793954;3,11137491
202300048357;16;2;2023;08:04;1;75;75118;2;3;1;6;RUE DE LA GOUTTE D OR;48,885125;2,350835
202300048358;14;6;2023;15:00;1;91;91347;2;9;7;3;CHE BIRON;48,63522;2,28557
202300048359;6;1;2023;11:00;1;69;69385;2;1;8;3;217 Avenue Barthélémy Buyer;45,76401;4,78902
202300048360;19;7;2023;13:45;1;94;94065;1;1;1;2;N186;48,75429;2,350559
202300048361;17;2;2023;16:30;1;75;75116;2;1;1;2;ROUTE DE SEVRES A NEUILLY;48,853799;2,23719
202300048362;28;9;2023;17:30;1;59;59599;2;2;1;2;BERTHELOT (CHAUSSEE MARCELIN);50,72168;3,18121
202300048363;6;1;2023;18:50;3;95;95539;1;1;1;2;D301;49,00268;2,35891
202300048364;14;6;2023;13:44;1;91;91161;2;2;1;3;RTE DE MASSY;48,712722;2,302643
202300048365;19;7;2023;05:30;2;93;93051;1;1;1;5;A4;48,836;2,56
202300048366;17;2;2023;15:03;1;75;75116;2;2;1;6;AVENUE MARCEAU;48,868455;2,298897
202300048367;6;1;2023;19:05;4;91;91027;2;1;1;3;AV FRANCOIS MITTERRAND;48,70878;2,37152
202300048368;29;9;2023;13:40;1;59;59560;1;3;8;3;CD 925;50,53691;3,02806
202300048369;17;6;2023;05:10;2;94;94081;1;1;1;2;A86;48,77482657;2,41105831
202300048370;13;6;2023;12:45;1;91;91589;2;2;1;3;AV GABRIEL PERI;48,691913;2,348448
202300048371;17;2;2023;17:46;2;75;75114;2;1;1;3;BOULEVARD JOURDAN;48,820402;2,337944
202300048372;28;9;2023;12:10;1;56;56121;2;1;2;2;LE POULICHET (RUE  JOSEPH-MARIE );47,75297;-3,36123
202300048373;3;1;2023;20:15;3;88;88409;1;1;1;1;CD 417;48,01198;6,64284
202300048374;30;4;2023;18:00;1;43;43185;2;1;1;2;Avenue de la Vizade;45,3968;3,323008
202300048375;10;6;2023;22:31;5;87;87050;2;1;1;6;LIMOGES (AVENUE DE);45,86898;1,23832
202300048376;17;2;2023;20:45;5;75;75101;2;1;1;3;VOIE GEORGES POMPIDOU;48,863926;2,320957
202300048377;18;8;2023;09:40;1;55;55505;2;1;1;3;DORMAUX ( DES );49,17547;5,35782
202300048378;5;1;2023;11:44;1;87;87085;2;2;1;3;DUMAS (AVENUE GEORGES);45,82605;1,26791
202300048379;18;7;2023;15:40;1;22;22215;2;2;1;3;GRANDE METAIRIE (RUE DE LA);48,49217;-2,80196
202300048380;10;6;2023;10:47;1;87;87085;2;1;1;6;BORIE (BOULEVARD DE LA);45,8372713;1,23091221
202300048381;29;9;2023;15:10;1;54;54395;2;1;1;6;Boulevard du Recteur Senn;48,68366972;6,18792593
202300048382;17;2;2023;18:20;2;75;75103;2;7;1;3;PLACE DE LA REPUBLIQUE;48,867943;2,362324
202300048383;29;9;2023;08:30;1;54;54395;2;1;1;2;Rue Sigisbert Adam;48,69953856;6,18192315
202300048384;18;7;2023;15:15;1;976;97611;2;2;1;3;mamoudzou centre-Haladi Selemani ( rue );-12,77936;45,22751
202300048385;5;1;2023;18:15;2;84;84007;2;2;1;6;PICASSO (rue Pablo);43,94355;4,843533
202300048386;13;6;2023;15:07;1;87;87085;2;3;3;3;SABLARD (AVENUE DE);45,82843;1,28289
202300048387;17;2;2023;11:50;1;75;75104;2;2;1;3;RUE SAINT ANTOINE;48,853435;2,367172
202300048388;18;7;2023;07:50;1;974;97416;1;1;2;7;RN 01;-21,31828859;55,4454124
202300048389;29;9;2023;07:40;1;54;54578;2;1;1;2;Avenue du General Leclerc;48,67623;6,15367
202300048390;6;1;2023;20:20;5;83;83062;2;1;1;1;DELAGE (RUE MARC);43,1248;6,00753
202300048391;17;2;2023;10:35;1;75;75103;2;7;1;7;PLACE DE LA REPUBLIQUE;48,866538;2,364796
202300048392;18;7;2023;12:45;1;974;97409;2;1;1;2;CAMBUSTON (rue de);-20,93208;55,64419
202300048393;13;6;2023;18:20;1;86;86194;2;6;1;2;Avenue Jacques Coeur;46,55874;0,38992
202300048394;28;9;2023;16:59;1;54;54526;2;2;1;3;boulevard du Millénaire;48,68152;6,21603
202300048395;6;1;2023;19:20;4;83;83090;2;1;1;1;SAINT LAZE (CHEMIN DE);43,13539;5,85693
202300048396;17;2;2023;07:00;5;75;75103;2;3;1;6;BOULEVARD DE SEBASTOPOL;48,86759899;2,35331118
202300048397;14;6;2023;16:50;1;78;78440;2;2;1;6;POISSY (RUE DE);48,99106;1,91564
202300048398;18;7;2023;20:10;1;69;69387;2;3;1;3;Rue Garibaldi;45,7442;4,84792
202300048399;6;1;2023;18:49;5;83;83123;2;1;1;2;GARE (ROUTE DE LA);43,12309045;5,82246208
202300048400;28;9;2023;10:20;1;54;54395;2;1;1;3;Boulevard d'Austrasie;48,68849;6,2045
202300048401;17;2;2023;17:05;1;94;94081;2;8;1;3;Rue Gagnée /  Boulevard de Stalingrad;48,80143957;2,37928922
202300048402;14;6;2023;14:30;1;78;78401;2;1;1;3;RHIN ET DANUBE (PONT);49,00413;1,90686
202300048403;18;7;2023;05:55;2;69;69383;2;1;1;3;Avenue Rockefeller;45,74228;4,88132
202300048404;29;9;2023;16:05;1;51;51454;2;3;1;6;VAUBAN (RUE);49,22105;4,02922
202300048405;5;1;2023;20:30;5;83;83126;2;1;1;5;MERLE (BD TOUSSAINT);43,10146;5,89276
202300048406;18;7;2023;17:30;1;69;69149;2;1;1;3;25 Boulevard de l’Europe;45,70666538;4,80884303
202300048407;14;6;2023;16:30;1;76;76540;2;1;1;3;Quai du Havre (Haut);49,43903;1,0883
202300048408;17;2;2023;12:45;1;94;94081;2;2;8;3;Quai Jules Guesde / Rue Eugene Henaff;48,794714;2,418005
202300048409;29;9;2023;11:05;1;51;51454;2;6;1;3;ROUSSEAU (PLACE MAX);49,26451;4,01029
202300048410;5;1;2023;17:10;2;83;83129;2;3;1;3;DE LATTRE DE TASSIGNY (AV);43,0933;5,84196
202300048411;18;7;2023;08:00;1;95;95288;2;6;8;3;D301;48,98486067;2,36133635
202300048412;6;1;2023;14:45;1;83;83069;2;6;1;6;BEAUREGARD (AV ANDREE-DAVID DE );43,11763;6,12613
202300048413;14;2;2023;12:24;1;94;94043;2;1;1;6;Rue de Verdun-lazare-ponticelli;48,809574;2,358712
202300048414;27;9;2023;11:45;1;50;50129;2;2;1;2;ROUGES TERRES (LES);49,61226;-1,60098
202300048415;14;6;2023;18:35;1;73;73065;2;2;1;3;D1 - MOTTE SERVOLEX (AVENUE DE LA);45,58678;5,88385
202300048416;17;2;2023;10:15;1;94;94017;2;1;8;6;49 Rue Louis Talamoni;48,81315935;2,51262528
202300048417;17;7;2023;16:50;1;95;95427;2;1;1;3;JULES FERRY (RUE);48,95644;2,33421
202300048418;4;1;2023;08:45;1;83;83061;1;1;1;1;N7;43,52176;6,89234
202300048419;28;9;2023;22:38;3;49;49328;2;1;1;1;JOLY LETERME (BOULEVARD);47,26725;-0,07893
202300048420;13;6;2023;14:15;1;72;72181;2;8;1;3;MAILLETS (RUE DES) N° PAIRS 14 ET >;48,0135;0,2081
202300048421;16;2;2023;19:40;5;94;94017;2;1;1;3;Avenue Roger Salengro;48,81651281;2,5003478
202300048422;5;1;2023;08:15;1;82;82121;2;1;8;3;ITALIE (AVENUE D');43,97637834;1,3223894
202300048423;28;9;2023;17:53;1;49;49328;2;1;1;3;LECLERC (PLACE MARC);47,26523;-0,07479
202300048424;17;7;2023;12:15;1;91;91377;2;1;1;1;IMP DE L'AULNAYE DRACOURT;48,721331;2,277073
202300048425;12;6;2023;14:40;1;72;72181;2;1;1;7;CORDELET LOUIS ( AV);48,01231;0,18829
202300048426;17;2;2023;17:05;1;93;93031;2;1;1;6;59 Rue de Paris;48,95401671;2,31074318
202300048427;6;1;2023;12:35;1;81;81163;2;2;8;3;JUIN (MARECHAL);43,507114;2,378219
202300048428;14;6;2023;09:40;1;69;69264;2;1;1;7;Boulevard Burdeau;45,99541;4,72163
202300048429;17;7;2023;18:35;1;85;85194;2;1;1;1;Rue des rouliers;46,5293;-1,7827
202300048430;17;2;2023;18:50;5;93;93029;2;3;1;3;Rue Roger Gibrat / Rue Charles Duc;48,92113;2,44739
202300048431;28;9;2023;03:30;5;49;49007;2;2;1;1;BRIOLLAY ROUTE;47,49117;-0,52961
202300048432;12;6;2023;13:45;1;69;69029;2;2;1;3;Rue Pierre Allard;45,73919486;4,91021411
202300048433;17;2;2023;19:30;4;93;93005;2;1;1;6;Boulevard André Citroën;48,96036057;2,48833895
202300048434;17;7;2023;17:10;1;81;81004;1;1;1;5;CASTRES;43,90177;2,14555
202300048435;29;9;2023;07:25;1;47;47001;2;2;1;3;MONTAIGNE (RUE);44,1954;0,61698
202300048436;17;2;2023;16:00;1;92;92075;2;1;1;3;JEAN JAURES (RUE);48,82526367;2,29302317
202300048437;6;1;2023;14:09;1;76;76157;2;3;2;1;Impasse du Clos aux Moines;49,44763;1,02022
202300048438;29;9;2023;16:50;1;45;45234;2;1;1;6;Rue du Brésil ;47,905009;1,917687
202300048439;14;6;2023;08:51;1;68;68066;2;2;7;3;Rue du Ladhof;48,10729;7,38482
202300048440;18;7;2023;13:10;1;77;77268;2;2;1;3;RUE DU PRE DE BRAY;48,86153;2,81745
202300048441;16;2;2023;09:00;1;92;92064;2;1;1;1;PORTE JAUNE;48,85084;2,20477
202300048442;6;1;2023;06:30;2;76;76474;2;4;2;2;Route de Dieppe;49,48585;1,04845
202300048443;16;7;2023;20:10;1;76;76178;1;1;3;6;Rue de Tourville;49,31254;1,05512
202300048444;29;9;2023;05:48;5;45;45338;2;2;1;3;4 Avenue de la Libération;47,9908;2,71079
202300048445;17;2;2023;20:45;5;92;92063;2;3;1;1;LA BRUYERE (RUE);48,86545;2,20735
202300048446;13;6;2023;08:15;1;67;67482;2;1;1;3;PROTESTATION (PONT DE LA);48,592326;7,761092
202300048447;30;9;2023;23:47;5;44;44109;2;1;1;6;182 Boulevard Jules Verne;47,24634;-1,52375
202300048448;6;1;2023;12:57;1;72;72095;2;9;1;3;VIGNES (RUE DES);48,02976;0,20987
202300048449;15;6;2023;16:00;1;76;76351;2;4;1;3;VERDUN (RUE DE);49,50244;0,168163
202300048450;17;2;2023;17:30;1;92;92062;2;9;8;2;GENERAL DE GAULLE (AV) DU 44 AU 106;48,8873267;2,23199219
202300048451;5;1;2023;17:55;5;72;72181;2;1;1;6;CHENE VERT (RUE DU);48,00795;0,18977
202300048452;12;6;2023;12:10;1;66;66136;2;1;1;3;;42,707012;2,89163
202300048453;18;7;2023;01:00;3;76;76707;1;9;1;6;RD 915;49,8573;1,116
202300048454;29;9;2023;09:40;1;44;44109;2;6;1;3;24 Rue Noire;47,226387;-1,5624
202300048455;16;2;2023;09:15;1;92;92050;2;2;8;6;STALINGRAD RUE DE;48,89446474;2,19390195
202300048456;5;1;2023;13:35;1;72;72181;2;9;1;3;ZAMENHOF DOCTEUR (AV DU);47,99992;0,19892
202300048457;13;6;2023;22:35;5;65;65440;2;1;2;7;KENNEDY (BOULEVARD DU PRESIDENT JOHN);43,21925;0,0813
202300048458;28;9;2023;16:48;1;41;41018;2;1;1;1;GRE DE CHIEN (CHEMIN);47,5673;1,3121
202300048459;17;2;2023;00:09;5;92;92049;2;1;1;7;REPUBLIQUE AVENUE DE LA N°1 A 79;48,81820347;2,31941879
202300048460;6;1;2023;18:35;5;69;69266;2;1;1;6;15 Rue Pierre-Joseph Proudhon;45,77384;4,89058
202300048461;17;7;2023;22:00;5;71;71270;2;1;1;3;HERRIOT (AVENUE EDOUARD);46,2973;4,82408
202300048462;29;9;2023;19:55;3;38;38382;1;9;1;7;A480;45,21825;5,67556
202300048463;18;7;2023;12:15;1;69;69266;2;1;1;6;Boulevard Laurent Bonnevay;45,78747;4,88483
202300048464;6;1;2023;07:50;2;69;69115;2;9;2;6;Route d’Anse;45,97285;4,71714
202300048465;17;2;2023;10:09;1;92;92044;2;2;1;6;VOLTAIRE(RUE)53A81 ET 42A62;48,89272;2,28597
202300048466;14;6;2023;22:00;2;62;62193;2;9;1;3;Rue Henri Guillaumet;50,949471;1,896727
202300048467;5;1;2023;16:06;1;66;66136;2;1;1;7;BLANC AVENUE ROSETTE;42,699;2,906
202300048468;29;9;2023;11:10;1;38;38421;2;6;1;3;AVENUE GABRIEL PÉRI;45,18234;5,77787
202300048469;17;2;2023;14:45;1;92;92040;2;2;1;2;VOLTAIRE (BOULEVARD);48,82696;2,27921
202300048470;14;6;2023;13:05;1;60;60057;2;1;1;6;Rue Desgroux;49,427;2,0777
202300048471;18;7;2023;18:12;1;69;69290;2;2;1;6;Rue Edmond Rostand;45,6944085;4,94138256
202300048472;29;9;2023;20:37;5;37;37261;2;2;1;3;BORDEAUX (AVENUE DE);47,35568;0,69879
202300048473;6;1;2023;13:05;1;64;64129;2;3;7;3;Rue Claverie;43,30463;-0,39101
202300048474;16;2;2023;06:45;5;92;92036;2;1;1;6;LOUISE MICHEL (PAIRS);48,921964;2,319808
202300048475;18;7;2023;12:10;1;69;69029;2;1;1;3;Avenue Franklin Roosevelt;45,73682;4,89872
202300048476;14;6;2023;11:30;1;60;60057;2;1;1;3;Rue Villebois Mareuil;49,43525;2,08821
202300048477;29;9;2023;14:25;1;37;37195;2;1;1;7;PARMENTIERE (RUE DE LA);47,38435;0,66547
202300048478;17;2;2023;09:33;1;92;92026;2;3;2;3;STRASBOURG;48,89090241;2,24769509
202300048479;5;1;2023;16:30;1;64;64129;2;2;1;3;SABOTIER DU;43,30465;-0,399
202300048480;18;7;2023;11:40;1;69;69029;2;9;1;3;374 Route de Genas;45,74609;4,92627
202300048481;13;6;2023;09:00;1;59;59378;2;3;1;6;ENTREPRENEURS RUE DES;50,659356;3,080814
202300048482;29;9;2023;04:35;5;37;37261;2;2;1;3;DESMOULINS (RUE LOUIS);47,39178;0,66898
202300048483;17;2;2023;17:00;1;92;92025;2;1;1;6;BOURNARD (RUE DU);48,922927;2,255422
202300048484;6;1;2023;08:19;1;64;64024;2;1;1;3;Rue Louis Seguin;43,48589;-1,49925
202300048485;17;7;2023;18:35;1;69;69259;2;1;1;3;Boulevard Irène Joliot Curie;45,7157;4,87705
202300048486;15;6;2023;19:40;1;56;56083;1;1;1;3;N/A;47,78939;-3,2906
202300048487;26;9;2023;09:15;1;34;34172;2;3;1;3;FAUBOURG FIGUEROLLES (RUE DU);43,60669;3,8652
202300048488;5;1;2023;19:05;5;64;64102;2;1;1;2;Allées Marines;43,49747;-1,48508
202300048489;18;7;2023;19:54;1;67;67204;1;1;2;7;WANTZENAU (ROUTE DE LA);48,63116;7,76559
202300048490;17;2;2023;07:46;1;92;92024;2;2;1;3;CLICHY (PONT DE);48,90845;2,30013
202300048491;17;2;2023;12:30;1;92;92004;2;1;2;3;REDOUTE ( AVENUE DE LA  );48,9288931;2,27947265
202300048492;13;6;2023;21:26;1;56;56083;2;3;1;2;VAILLANT ( AV. EDOUARD );47,82251;-3,25046
202300048493;5;1;2023;13:46;1;63;63113;2;2;1;3;BLANZAT (RUE DE);45,79336;3,08449
202300048494;28;9;2023;18:13;1;34;34032;2;2;1;3;HUGO VICTOR (RUE);43,33975;3,22227
202300048495;18;7;2023;08:35;1;67;67482;2;1;7;1;RENE CASSIN (ALLEE);48,59794;7,7758
202300048496;18;2;2023;15:20;1;60;60049;2;3;1;7;Rue des Champs;49,55057014;1,7373805
202300048497;13;6;2023;16:45;1;56;56121;2;1;1;2;BELGIQUE (RUE  DE );47,76042;-3,38393
202300048498;3;1;2023;20:30;3;63;63164;1;3;2;3;Bd charles de Gaulle /Clément Adler;45,81568;3,15087
202300048499;29;9;2023;18:00;1;33;33063;2;2;1;3;Rue Dubourdieu;44,82205;-0,57651
202300048500;17;7;2023;16:25;1;64;64545;1;1;1;4;RD810;43,36505;-1,68897
202300048501;23;1;2023;19:16;3;60;60088;1;1;8;2;Autoroute A16;49,18935545;2,2016423
202300048502;13;6;2023;08:10;1;56;56107;1;2;1;2;D152;47,7100394;-3,4035676
202300048503;29;9;2023;17:45;1;33;33069;2;2;1;3;Boulevard Pierre 1er;44,85702;-0,59118
202300048504;18;7;2023;12:29;1;64;64445;2;9;1;2;JEAN MERMOZ;43,3061;-0,3764
202300048505;6;1;2023;22:30;5;59;59512;2;3;1;3;BRAME (AVENUE JULES);50,68593;3,20409
202300048506;17;2;2023;16:30;1;37;37031;2;3;1;2;Rue Chaumeton;47,284993;0,173909
202300048507;28;9;2023;17:05;1;33;33249;2;1;1;7;Avenue du Président J.F. Kennedy;44,867;-0,509
202300048508;3;1;2023;08:30;2;59;59350;2;1;2;6;Avenue de la République (Lille);50,639366;3,013165
202300048509;18;7;2023;19:25;1;64;64122;2;1;1;6;MARNE (AVENUE DE LA);43,4846;-1,55448
202300048510;12;6;2023;16:00;1;56;56121;1;1;1;5;Desserte Portuaire;47,74353;-3,38463
202300048511;18;2;2023;12:00;1;974;97405;1;1;1;5;Rue Augustin Mézino;-21,367762;55,559921
202300048512;17;7;2023;12:40;1;62;62841;1;1;1;6;D937;50,55314;2,61048
202300048513;3;1;2023;10:40;1;59;59350;2;1;1;2;DELEMAZURE RUE;50,628574;3,10839
202300048514;27;9;2023;11:35;1;33;33119;2;1;1;6;Rue Jean Cocteau;44,85135;-0,50728
202300048515;18;2;2023;16:05;1;1;1354;2;1;1;2;Rue de la Faucille;46,26084;6,029568
202300048516;5;1;2023;19:00;3;59;59271;2;1;2;7;CANAL DE BOURBOURG;50,9871908;2,29886234
202300048517;13;6;2023;19:50;1;54;54578;2;2;1;1;Avenue de Brabois;48,67186784;6,16127484
202300048518;18;7;2023;20:45;1;59;59152;2;1;1;6;DESRUMAEAUX (RUE MARTHE);50,76588;3,02047
202300048519;29;9;2023;19:28;1;31;31555;2;1;1;3;AV CRAMPEL;43,5857;1,45555
202300048520;6;1;2023;18:56;5;56;56260;2;3;1;1;Rue Thiers;47,65576;-2,75973
202300048521;29;9;2023;07:25;2;31;31555;2;9;1;1;MINIMES (AV DES) DU 1AU 178;43,61637;1,43712
202300048522;18;7;2023;19:40;1;59;59599;2;1;1;6;MA CAMPAGNE (RESIDENCE);50,71006;3,15279
202300048523;18;2;2023;01:15;3;84;84099;1;1;1;6;D15;43,859032;5,092968
202300048524;14;6;2023;10:05;1;51;51454;2;2;1;3;PONSARDIN (RUE );49,24804;4,04284
202300048525;6;1;2023;13:05;1;56;56185;1;1;8;7;N/A;47,77091;-3,37826
202300048526;29;9;2023;12:25;1;25;25056;1;1;1;3;MARCHAUX ROUTE DE;47,2974;6,07445
202300048527;13;6;2023;11:30;1;51;51454;2;1;1;6;JAURES (AVENUE JEAN ) DU N° 61 A FIN;49,26255;4,05356
202300048528;15;2;2023;18:45;3;57;57358;1;1;1;3;D918;49,309274;6,32629
202300048529;18;7;2023;08:45;1;59;59368;2;1;1;5;DE GAULLE RUE DU GENERAL;50,65742;3,07387
202300048530;26;9;2023;08:55;1;22;22187;2;1;1;6;EUROPE (Rdp de l');48,53527;-2,75986
202300048531;7;1;2023;00:50;5;54;54395;2;2;1;3;Boulevard Albert 1er;48,69634731;6,1672622
202300048532;18;7;2023;11:10;1;58;58194;2;9;1;2;DOCKS;46,99488;3,14831
202300048533;14;6;2023;05:44;5;49;49007;2;2;1;3;BELLE BEILLE;47,4747;-0,58615