Num_Acc;jour;mois;an;hrmn;lum;dep;com;agg;int;atm;col;adr;lat;long
202300048534;16;2;2023;18:15;1;79;79005;1;2;1;3;;46,848173;-0,20876
202300048535;28;9;2023;17:42;1;21;21617;2;1;1;6;Rue de la Libération;47,332827;5,009723
202300048536;16;7;2023;03:10;5;57;57441;2;1;1;6;MAISON  ROUGE (ROUTE DE);49,37879;6,1695
202300048537;14;6;2023;14:57;1;47;47001;2;1;1;2;PELLETAN (BOULEVARD EUGENE);44,20194;0,62553
202300048538;4;1;2023;17:33;3;54;54542;1;1;8;2;DEPARTEMENTALE 613;49,210154;5,918618
202300048539;17;2;2023;14:30;1;79;79293;1;1;1;1;;46,357976;-0,538899
202300048540;15;7;2023;02:35;5;57;57647;2;1;1;6;GAULLE (RUE CHARLES DE);49,32267915;6,07932329
202300048541;29;9;2023;04:11;5;18;18033;2;1;1;7;111 Rue Louis Mallet;47,0815;2,37176
202300048542;18;2;2023;07:10;2;71;71157;1;1;2;6;D1083;46,498363;5,38049
202300048543;5;1;2023;20:25;5;51;51055;2;2;1;3;Rue de la Gare;49,28584821;4,0615806
202300048544;14;6;2023;08:50;1;45;45284;2;2;1;6;Rue du Coin Buffet;47,9143;1,96435
202300048545;18;7;2023;16:34;1;54;54451;2;1;1;3;Rue du Moulin;49,509157;5,759357
202300048546;26;9;2023;17:30;1;17;17415;2;9;1;2;SAINTONGE A10 A ROCADE OUEST AVENUE DE;45,74033;-0,66025
202300048547;18;2;2023;03:00;3;71;71289;1;1;8;6;cd 987;46,315102;4,511223
202300048548;14;6;2023;12:30;1;45;45208;2;1;1;6;64 Rue du Genéral Leclerc;47,99862;2,73098
202300048549;18;7;2023;12:22;1;54;54580;2;3;1;3;ALL DES LYS;49,45568;5,92763
202300048550;29;9;2023;13:07;1;17;17380;2;1;1;1;OCEAN (DE L');45,642499;-1,087585
202300048551;29;8;2023;20:20;2;17;17028;2;1;1;2;GRASSET   AVENUE EDMOND;46,13172;-1,10497
202300048552;17;2;2023;14:20;1;89;89168;1;1;2;5;;47,813695;3,891488
202300048553;13;6;2023;14:25;1;43;43157;2;3;2;3;51 Rue Pannessac;45,044056;3,881122
202300048554;4;1;2023;17:30;3;51;51153;1;1;2;5;D40A;49,024284;3,974374
202300048555;17;7;2023;11:45;1;50;50066;1;1;1;4;AVRANCHES (AVENUE D');48,81279;-1,54152
202300048556;29;9;2023;16:00;1;13;13103;2;1;1;6;BOULEVARD DE LA REPUBLIQUE;43,64048;5,09442
202300048557;18;2;2023;03:30;3;34;34041;1;1;1;6;D4;43,626034;3,472001
202300048558;11;6;2023;10:10;1;42;42218;2;2;1;3;Rue de la Verrerie;45,44038;4,40358
202300048559;29;9;2023;11:00;1;13;13103;2;1;1;3;CHEMIN DE RIGAUD;43,62235;5,08757
202300048560;5;1;2023;14:10;1;50;50129;2;1;1;6;GAMBETTA (RUE);49,6410387;-1,5775134
202300048561;17;2;2023;06:25;3;68;68258;1;1;1;7;D2;47,82767;7,288576
202300048562;17;7;2023;10:50;1;50;50129;2;2;1;3;SCHUMAN (BOULEVARD ROBERT);49,63461;-1,62602
202300048563;14;6;2023;12:59;1;37;37261;2;1;1;6;GRAMMONT (AVENUE DE);47,36878;0,69747
202300048564;4;1;2023;12:15;1;50;50129;2;1;1;2;CONQUERANT (BOULEVARD GUILLAUME LE);49,63731;-1,63328
202300048565;18;7;2023;10:05;1;49;49015;1;1;1;7;LUDE LIEU DIT LE;47,51679;-0,584
202300048566;18;2;2023;02:00;4;35;35297;2;1;1;6;Rue de Merdrignac;48,189855;-2,193489
202300048567;21;9;2023;09:10;1;13;13056;1;1;1;1;CD 49;43,36256;5,05521
202300048568;14;6;2023;08:35;1;35;35051;2;6;1;3;TAILLIS (ROND-POINT DU);48,11447;-1,62085
202300048569;18;2;2023;08:30;1;38;38249;1;4;1;6;D11;45,219118;5,822507
202300048570;5;1;2023;19:33;5;49;49267;2;2;1;1;CHARMES AVENUE;47,46386;-0,49107
202300048571;18;7;2023;18:40;1;44;44184;1;9;1;2;N/A;47,28888;-2,24182
202300048572;14;6;2023;22:55;4;33;33063;2;1;1;6;Rue Lucien Faure;44,86693;-0,56218
202300048573;30;9;2023;21:55;5;10;10297;2;3;1;1;CLAUDE CHAPPE (RUE);48,32428;4,10485
202300048574;5;1;2023;18:22;5;49;49246;2;1;2;6;EUROPE AVENUE;47,43768;-0,5305
202300048575;17;2;2023;18:30;3;58;58087;2;1;8;3;4 route des mouroux;46,760957;3,55846
202300048576;14;6;2023;08:20;1;33;33550;2;1;1;6;Avenue des Pyrénées;44,77382;-0,56483
202300048577;18;7;2023;08:40;1;44;44184;2;1;1;3;29 Boulevard des Apprentis;47,29695;-2,18429
202300048578;18;2;2023;16:00;1;50;50092;1;1;1;6;D52;49,099646;-1,351045
202300048579;5;1;2023;08:54;1;49;49007;2;1;8;6;SAINT LAZARE;47,47898;-0,56516
202300048580;28;9;2023;17:15;1;10;10387;2;1;1;2;DANTON (RUE);48,30275;4,07509
202300048581;14;6;2023;02:30;5;31;31555;2;1;3;6;FITTE (ALL CHARLES DE) DU 1AU 310;43,59951;1,42967
202300048582;4;1;2023;23:45;3;49;49007;2;1;2;7;ESTIENNE D'ORVES BOULEVARD;47,46155;-0,51682
202300048583;16;6;2023;16:15;1;44;44109;2;1;1;3;8 Boulevard Gabriel Guist'Hau;47,21563;-1,56446
202300048584;28;9;2023;10:05;1;10;10333;2;6;1;3;CHARLES BALTET (RUE);48,28204;4,05955
202300048585;18;2;2023;10:45;1;36;36155;1;1;2;6;La Folie;46,992294;1,414513
202300048586;13;6;2023;09:07;1;27;27229;2;1;1;4;NORMANDIE (BOULEVARD DE);49,01863;1,1412
202300048587;6;1;2023;09:15;1;45;45232;2;6;1;3;D2271 PR 0 + 232;47,84022;1,87717
202300048588;18;7;2023;16:50;1;34;34172;2;1;1;7;1107 Avenue de Toulouse;43,59291;3,85941
202300048589;29;9;2023;15:00;1;7;7316;1;1;1;6;PARADIS (RUE DU);44,88918175;4,84773103
202300048590;17;2;2023;18:15;2;24;24129;1;1;1;6;Route des Deux Rocs;45,365549;0,723456
202300048591;18;7;2023;11:33;1;32;32013;2;1;1;6;MARGUERITE YOURCENAR;43,65502;0,61639
202300048592;6;1;2023;11:20;1;44;44184;2;3;1;6;5 Rue Françoise Sagan;47,2669;-2,25431
202300048593;30;9;2023;00:40;5;6;6088;2;3;1;6;QUAI DES ETATS UNIS;43,69511;7,26924
202300048594;18;2;2023;12:00;1;24;24197;1;1;1;6;1605 Route du Chardonnay;44,896494;0,43904
202300048595;4;1;2023;23:59;5;44;44184;2;1;2;6;60 Boulevard du Président Wilson;47,26885;-2,21558
202300048596;19;7;2023;01:45;5;31;31555;2;1;1;7;RUE ALAIN FOURNIER;43,60769501;1,36531815
202300048597;15;2;2023;18:45;2;17;17008;2;6;1;2;route de La Rochelle - SERIGNY;46,26141;-1,010238
202300048598;15;9;2023;07:48;1;5;5061;1;4;1;4;RN 85;44,58017;6,08209
202300048599;18;7;2023;09:40;1;29;29232;2;1;1;3;Place de la Tour d'Auvergne;47,99428;-4,11027
202300048600;6;1;2023;12:20;1;37;37261;2;1;1;3;MARECHAL JUIN (BD);47,40973;0,70327
202300048601;29;9;2023;15:40;1;75;75120;2;1;1;3;PORTE DE BAGNOLET;48,861712;2,413912
202300048602;16;2;2023;19:45;3;87;87168;1;1;1;1;Fonsoumagne;45,68058;0,783377
202300048603;7;1;2023;00:05;5;33;33162;2;1;1;6;Avenue de Saint-Medard;44,86245225;-0,6460315
202300048604;28;9;2023;19:00;1;75;75120;2;1;1;2;PORTE DES LILAS;48,874096;2,411362
202300048605;17;2;2023;20:10;5;6;6018;2;1;1;6;744 Route de la Mer;43,623262;7,104622
202300048606;6;1;2023;18:05;5;33;33281;2;1;1;3;Avenue François Mitterrand;44,82647;-0,61875
202300048607;14;6;2023;07:35;1;22;22106;2;1;1;2;DOUVENANT (RUE DE);48,501078;-2,732746
202300048608;29;9;2023;01:19;5;75;75116;2;1;1;6;AVENUE DE LA PORTE D AUTEUIL;48,848725;2,244583
202300048609;17;2;2023;20:30;3;53;53267;1;1;1;6;PK 222.850 sens 1;48,055308;-0,478978
202300048610;17;7;2023;12:00;1;17;17306;2;6;1;3;AMPERE;45,631025;-1,005382
202300048611;10;6;2023;04:05;3;22;22113;2;1;1;6;EGLISE (RUE DE L');48,74587;-3,48809
202300048612;6;1;2023;15:50;1;33;33063;2;2;1;2;Avenue de Labarde;44,89901127;-0,55233657
202300048613;17;2;2023;18:15;2;973;97360;2;1;1;1;Avenue Francois Mitterand;5,157031;-54,342794
202300048614;28;9;2023;21:30;5;75;75107;2;2;1;3;QUAI D ORSAY;48,862826;2,313456
202300048615;13;6;2023;21:25;1;14;14437;2;1;1;2;5 Avenue Nicolas Copernic;49,16419;-0,32839
202300048616;18;7;2023;15:45;1;13;13205;2;3;1;2;JEAN MOULIN (BOULEVARD);43,29026;5,39982
202300048617;6;1;2023;12:45;1;33;33281;2;6;1;3;Avenue René Cassin - Sortie Rocade E11;44,83272;-0,6787
202300048618;17;2;2023;18:50;2;64;64147;1;4;1;3;D936;43,46670294;-1,28918499
202300048619;29;9;2023;04:20;5;75;75106;2;3;1;3;RUE DE RENNES;48,844568;2,324538
202300048620;18;7;2023;04:55;5;13;13204;2;9;1;2;FRANÇOISE DUPARC (BOULEVARD);43,30335;5,3991
202300048621;13;6;2023;18:35;1;14;14118;2;1;1;7;17 Rue Saint-Michel;49,175389;-0,355
202300048622;29;9;2023;00:15;5;75;75120;2;3;1;3;RUE HAXO;48,873894;2,40341
202300048623;6;1;2023;08:00;5;33;33529;2;1;8;1;rue Lagrua;44,6459;-1,15791
202300048624;17;7;2023;23:30;3;13;13098;1;1;1;4;CREPON  CHEMIN;43,46222;5,00532
202300048625;17;2;2023;21:38;3;60;60533;1;1;1;6;Autoroute A1 - PK 82+500 sens LILLE/PARIS;49,53863564;2,72630272
202300048626;5;1;2023;18:20;5;25;25056;2;1;2;3;OUEST BOULEVARD;47,22528;5,97912
202300048627;14;6;2023;12:15;1;13;13103;2;3;1;3;RUE DES FAUVETTES;43,64049357;5,08103003
202300048628;13;7;2023;19:00;1;11;11262;2;1;1;6;36 Quai Valliere;43,18032;3,00879
202300048629;29;9;2023;17:20;1;75;75119;2;5;1;3;RUE DE THIONVILLE;48,889363;2,383691
202300048630;17;7;2023;19:00;1;11;11069;2;1;1;6;67 Avenue Bunau Varilla;43,20938;2,33887
202300048631;14;6;2023;08:05;1;6;6069;2;1;1;2;ORME (CHEMIN DE L');43,65206;6,94434
202300048632;29;9;2023;15:36;1;75;75119;2;3;1;6;AVENUE CORENTIN CARIOU;48,89765;2,385481
202300048633;6;1;2023;17:25;2;22;22278;2;1;8;6;DU GUESCLIN (PL);48,5114398;-2,75830597
202300048634;29;9;2023;13:50;1;75;75119;2;1;8;6;BOULEVARD SERURIER;48,878534;2,402531
202300048635;18;7;2023;06:55;1;8;8105;2;1;1;1;40 Rue de Nouzonville;49,78311;4,71512
202300048636;5;1;2023;16:40;1;19;19031;2;1;1;3;RIBOT (AVENUE);45,16465352;1,50316894
202300048637;13;6;2023;09:00;1;75;75116;2;1;1;4;BD PERIPHERIQUE INTERIEUR;48,872794;2,274637
202300048638;5;1;2023;11:40;1;18;18279;2;1;1;6;Chemin de la Giraudiere;47,237422;2,028404
202300048639;28;9;2023;13:00;1;75;75118;2;1;1;2;AVENUE DE SAINT OUEN;48,892082;2,327117
202300048640;18;7;2023;20:30;1;1;1451;1;1;1;1;BRESSE (AVENUE DE );46,21852;5,20583
202300048641;6;1;2023;15:07;1;17;17306;2;1;1;7;GARNIER (BD FREDERIC);45,61616;-1,01307
202300048642;29;9;2023;14:58;1;75;75118;2;3;1;6;AVENUE DE CLICHY;48,884538;2,326962
202300048643;18;7;2023;10:04;1;75;75117;2;1;1;2;PORTE D ASNIERES;48,891371;2,300476
202300048644;8;6;2023;07:55;1;75;75117;2;1;1;4;PORTE MAILLOT;48,8827;2,283359
202300048645;6;1;2023;22:00;5;13;13054;2;1;1;1;FREDERIC MISTRAL (BD );43,41507;5,21695
202300048646;18;7;2023;05:30;2;75;75115;2;1;1;6;BOULEVARD VICTOR;48,832964;2,28773
202300048647;29;9;2023;12:02;1;75;75117;2;2;1;3;RUE CARDINET;48,890237;2,31719
202300048648;6;1;2023;09:55;1;13;13210;1;1;1;6;CAPELETTE (AVENUE DE LA);43,28073285;5,40736763
202300048649;13;6;2023;13:30;1;75;75116;2;1;1;4;BD PERIPHERIQUE INTERIEUR;48,859377;2,262867
202300048650;18;7;2023;11:48;1;75;75106;2;1;1;6;QUAI DE CONTI;48,857681;2,337186
202300048651;29;9;2023;09:30;1;75;75116;2;1;1;3;BOULEVARD PERIPHERIQUE INTERIEUR OUEST;48,861006;2,26402
202300048652;17;7;2023;08:40;1;75;75105;2;1;1;1;QUAI SAINT MICHEL;48,853551;2,3451
202300048653;13;6;2023;12:22;1;75;75114;2;4;1;3;AVENUE DU GENERAL LECLERC;48,828795;2,327734
202300048654;29;9;2023;15:00;1;75;75115;2;3;1;6;RUE LINOIS;48,848532;2,282857
202300048655;6;1;2023;07:20;5;13;13214;2;2;1;5;GERANIUMS (RUE DES);43,34125;5,40735
202300048656;18;7;2023;18:30;1;75;75119;2;2;1;7;RUE D AUBERVILLIERS;48,8896839;2,36810088
202300048657;14;6;2023;19:25;1;75;75120;2;1;1;6;RUE DES COURONNES;48,870278;2,385217
202300048658;6;1;2023;12:14;1;12;12174;2;1;1;6;LACHET (Giratoire);44,32545;2,55828
202300048659;27;9;2023;13:45;1;75;75114;2;2;1;3;BOULEVARD ROMAIN ROLLAND;48,819798;2,325756
202300048660;18;7;2023;18:00;1;75;75117;2;1;1;7;BOULEVARD PERIPHERIQUE EXTERIEUR OUEST;48,888686;2,293394
202300048661;14;6;2023;13:05;1;75;75117;2;2;1;3;AVENUE DE LA PORTE DE CLICHY;48,895143;2,311924
202300048662;6;1;2023;15:05;1;11;11069;2;1;1;2;;43,22317;2,33615
202300048663;29;9;2023;11:50;1;75;75113;2;1;8;2;AVENUE PIERRE DE COUBERTIN;48,817091;2,344145
202300048664;18;7;2023;08:30;1;75;75117;2;3;1;2;BOULEVARD MALESHERBES;48,886684;2,30542
202300048665;6;1;2023;23:23;5;8;8105;2;1;2;3;32 Av du President Vincent Auriol;49,75420342;4,72430134
202300048666;14;6;2023;19:15;2;75;75116;2;3;1;6;RUE MICHEL ANGE;48,840789;2,258435
202300048667;7;1;2023;00:35;3;1;1451;1;1;9;6;MARBOZ RD 996 (ROUTE DE ) IMPAIR;46,280703;5,229267
202300048668;29;9;2023;06:30;2;75;75111;2;3;1;4;PLACE LEON BLUM;48,85795;2,380328
202300048669;18;7;2023;18:35;1;75;75116;2;3;1;1;BOULEVARD DE L AMIRAL BRUIX;48,875859;2,281179
202300048670;5;1;2023;16:45;2;75;75119;2;1;2;3;PORTE DE PANTIN;48,897213;2,394354
202300048671;14;6;2023;15:00;1;75;75116;2;2;1;3;ROUTE DE SURESNES;48,865047;2,234485
202300048672;29;9;2023;06:15;5;75;75111;2;3;1;6;BOULEVARD DE CHARONNE;48,852962;2,396963
202300048673;17;7;2023;01:05;5;75;75115;2;2;1;6;BOULEVARD GENERAL MARTIAL VALIN;48,838585;2,269776
202300048674;7;1;2023;21:24;5;75;75107;2;2;1;2;QUAI D ORSAY;48,862454;2,310437
202300048675;14;6;2023;07:35;1;75;75116;2;1;1;2;ALLEE DE LA REINE MARGUERITE;48,861639;2,246903
202300048676;29;9;2023;01:44;5;75;75108;2;2;1;3;RUE DE LA VILLE L EVEQUE;48,87115;2,321652
202300048677;17;7;2023;18:30;1;75;75114;2;3;1;2;BOULEVARD JOURDAN;48,82226;2,33079
202300048678;28;9;2023;11:45;1;75;75108;2;1;1;3;BOULEVARD MALESHERBES;48,875911;2,318567
202300048679;7;1;2023;06:54;5;75;75102;2;2;1;3;BOULEVARD DE SEBASTOPOL;48,866234;2,35254
202300048680;14;6;2023;19:30;1;75;75107;2;2;7;3;QUAI BRANLY;48,860543;2,295622
202300048681;29;9;2023;22:00;5;75;75107;2;1;1;1;MUSEE D ORSAY;48,860425;2,326822
202300048682;7;1;2023;18:10;5;75;75115;2;3;2;3;RUE DE LA CROIX NIVERT;48,838492;2,289249
202300048683;17;7;2023;09:00;1;75;75114;2;3;1;3;AVENUE DU MAINE;48,833092;2,324754
202300048684;14;6;2023;10:50;1;75;75115;2;2;1;6;RUE DE LA CONVENTION;48,844139;2,281199
202300048685;29;9;2023;17:20;1;75;75103;2;2;1;6;RUE BEAUBOURG;48,863216;2,354583
202300048686;13;6;2023;09:30;1;75;75114;2;1;1;2;AVENUE JEAN MOULIN;48,825928;2,322216
202300048687;17;7;2023;08:45;1;75;75113;2;3;1;2;RUE DE TOLBIAC;48,827355;2,369106
202300048688;29;9;2023;09:15;1;75;75101;2;3;1;6;RUE DE RIVOLI;48,86468;2,329298
202300048689;7;1;2023;17:35;5;75;75115;2;2;2;3;RUE VIOLET;48,847153;2,292628
202300048690;29;9;2023;02:50;5;75;75103;2;2;1;6;BOULEVARD SAINT DENIS;48,869047;2,355428
202300048691;13;6;2023;08:20;1;75;75114;2;3;1;6;AVENUE DU MAINE;48,83024;2,325935
202300048692;18;7;2023;16:45;1;75;75110;2;3;1;3;BOULEVARD DE STRASBOURG;48,873817;2,356794
202300048693;6;1;2023;15:20;1;75;75114;2;3;1;6;RUE DE LA TOMBE ISSOIRE;48,822253;2,330433
202300048694;28;9;2023;01:00;5;94;94081;2;1;2;6;Quai Jules Guesde;48,790518;2,42083
202300048695;14;6;2023;08:25;1;75;75113;2;4;1;7;BOULEVARD KELLERMANN;48,821087;2,354394
202300048696;28;9;2023;09:10;1;94;94080;2;1;1;3;Avenue de Paris;48,84570563;2,42758034
202300048697;7;1;2023;19:15;5;75;75110;2;3;1;3;PLACE DE LA REPUBLIQUE;48,86776;2,364359
202300048698;18;7;2023;16:25;1;75;75102;2;2;1;3;RUE REAUMUR;48,866237;2,352542
202300048699;29;9;2023;16:00;1;94;94041;2;1;1;6;Boulevard Paul Vaillant Couturier;48,81517;2,40134
202300048700;7;1;2023;14:55;1;75;75109;2;3;8;6;BOULEVARD DE LA MADELEINE;48,869742;2,326511
202300048701;18;7;2023;17:16;1;75;75109;2;1;1;3;RUE DE LONDRES;48,877372;2,328373
202300048702;29;9;2023;18:30;1;94;94065;1;1;1;2;N186B;48,75336;2,35682
202300048703;14;6;2023;01:02;5;75;75120;2;2;1;3;RUE DE MENILMONTANT;48,868658;2,389618
202300048704;7;1;2023;09:30;1;75;75108;2;2;1;3;RUE DE LISBONNE;48,877414;2,308173
202300048705;28;9;2023;19:00;5;94;94028;2;1;1;6;Avenue du Général de Gaulle;48,78357;2,45212
202300048706;17;7;2023;14:32;1;75;75108;2;2;1;3;BOULEVARD DE COURCELLES;48,879552;2,304979
202300048707;28;9;2023;19:00;2;94;94011;2;1;1;3;Avenue de Boissy;48,7715;2,48469
202300048708;14;6;2023;21:15;1;75;75110;2;5;1;3;BOULEVARD DE MAGENTA;48,874774;2,357359
202300048709;7;1;2023;00:22;5;75;75116;2;2;1;3;AVENUE FOCH;48,872689;2,284639
202300048710;18;7;2023;19:00;1;75;75101;2;3;1;6;RUE DE RIVOLI;48,86441;2,330127
202300048711;29;9;2023;14:05;1;94;94022;2;1;1;6;2 Avenue de la République;48,762163;2,406807
202300048712;17;7;2023;17:15;1;94;94080;2;1;1;6;Rue de Fontenay;48,84847716;2,43490908
202300048713;13;6;2023;22:10;5;75;75110;2;4;1;6;BOULEVARD DE MAGENTA;48,879422;2,353275
202300048714;5;1;2023;18:55;2;75;75108;2;7;2;3;PLACE DE CLICHY;48,883329;2,326858
202300048715;29;9;2023;13:25;1;94;94059;2;1;1;1; Chem. du Plessis-Trévise À la Queue-en-Brie;48,79722;2,57892
202300048716;17;7;2023;00:25;5;94;94067;2;1;1;2;Avenue de Paris;48,84636;2,41843
202300048717;14;6;2023;00:08;5;75;75109;2;3;1;7;BOULEVARD HAUSSMANN;48,87322;2,331147
202300048718;7;1;2023;17:40;5;75;75107;2;3;2;3;QUAI D ORSAY;48,862439;2,309257
202300048719;29;9;2023;08:10;1;94;94004;2;9;1;1;Avenue du Général Leclerc;48,754447;2,506054
202300048720;14;6;2023;00:50;5;75;75107;2;1;1;6;QUAI ANATOLE FRANCE;48,861962;2,3213
202300048721;16;7;2023;01:15;5;94;94074;2;6;1;2;Rue du Colonel Fabien;48,748;2,46522
202300048722;7;1;2023;14:00;1;75;75104;2;3;1;7;RUE BEAUBOURG;48,860306;2,353021
202300048723;29;9;2023;13:35;1;93;93066;2;2;1;3;Rue Ampère / Boulevard de la Libération;48,92368323;2,34198864
202300048724;7;1;2023;10:30;1;94;94021;2;9;1;3;BOULEVARD CIRCULAIRE EST;48,76078;2,36027
202300048725;13;6;2023;20:57;2;75;75104;2;3;1;2;QUAI HENRI IV;48,848912;2,362541
202300048726;17;7;2023;17:25;1;94;94068;2;6;1;3;D'ADAMVILLE KENNEDY (PL);48,79363;2,4864
202300048727;29;9;2023;16:51;1;93;93046;2;2;1;6;Allée Joseph Noize / Rue Francois Villon;48,92117;2,53791
202300048728;7;1;2023;13:59;1;93;93072;2;3;8;6;Rue de Fontenay / Rue Villiers de Gonesse;48,96851;2,37837891
202300048729;14;6;2023;16:50;1;94;94081;2;5;7;6;Quai Jules Guesde;48,79471;2,41799
202300048730;7;1;2023;18:15;5;93;93066;2;1;2;3;Boulevard Anatole France;48,92726;2,35243
202300048731;29;9;2023;08:40;1;93;93013;2;2;1;3;Rue Jean Moulin / Rue Edouard Vaillant;48,93591;2,43526
202300048732;17;7;2023;23:30;3;94;94022;2;5;1;5;Avenue Léon Gourdault;48,76447;2,40564
202300048733;14;6;2023;19:20;1;94;94044;2;1;1;1;17 Avenue Gabriel Péri;48,75224238;2,48616984
202300048734;7;1;2023;16:45;4;93;93051;2;1;2;6;88 Avenue Emile Cossonneau;48,84931;2,56479
202300048735;18;7;2023;12:00;1;93;93078;2;5;1;6;Boulevard Robert Ballanger / Rue Norbert Segard;48,95615;2,54026
202300048736;29;9;2023;20:05;5;93;93001;2;4;1;3;Rue André Karman / Rue Edouard Poisson;48,90737;2,38477
202300048737;7;1;2023;07:06;5;93;93006;2;1;1;2;Avenue du Général de Gaulle;48,86438775;2,41718128
202300048738;13;6;2023;21:50;5;94;94046;2;1;1;2;Boulevard Gallièni;48,79652;2,42993
202300048739;29;9;2023;04:45;5;93;93001;2;1;1;2;Avenue Jean Jaurès;48,90137;2,38948
202300048740;18;7;2023;18:40;1;93;93064;2;1;1;2;Avenue du Président John Kennedy;48,8788537;2,49027816
202300048741;7;1;2023;00:58;5;93;93014;2;3;1;6;Avenue de Sévigné / Rue des Bois;48,91235;2,54232
202300048742;28;9;2023;09:20;1;92;92072;2;1;1;3;PONT DE SEVRES;48,82834393;2,22630098
202300048743;18;7;2023;15:00;1;93;93053;2;9;1;3;Rue de Paris;48,89867;2,4446
202300048744;14;6;2023;14:40;1;94;94046;2;3;1;3;Rue Amédée Chenal;48,81176;2,42256
202300048745;29;9;2023;17:30;1;92;92064;2;1;1;7;MARECHAL JUIN;48,83652;2,22185
202300048746;6;1;2023;16:10;1;93;93047;2;1;8;6;Rue du Général de Gaulle;48,89927801;2,56296605
202300048747;29;9;2023;12:48;1;92;92076;2;1;1;7;LA CELLE SAINT CLOUD;48,84684933;2,16096997
202300048748;14;6;2023;14:55;1;94;94041;2;3;1;3;Boulevard de Stalingrad;48,80559963;2,37626874
202300048749;17;7;2023;09:05;1;93;93010;2;2;1;1;Rue de Paris / Avenue de Rosny;48,9039462;2,47076702
202300048750;7;1;2023;12:22;1;92;92064;2;6;1;2;JULLES PELLETIER;48,8521758;2,22004348
202300048751;29;9;2023;14:10;1;92;92063;2;1;1;6;PERRET (RUE AUGUSTE);48,88993086;2,16759261
202300048752;18;7;2023;12:00;1;93;93050;2;1;1;2;Avenue Jean Jaures;48,86439538;2,55119157
202300048753;7;1;2023;15:00;1;92;92062;2;1;2;3;REPUBLIQUE (RUE DE LA) N° 100 A 14;48,88639689;2,24414259
202300048754;14;6;2023;16:47;1;94;94028;2;9;1;3;Avenue de Verdun;48,79385;2,46113
202300048755;29;9;2023;21:03;5;92;92050;2;6;1;3;BOULE PLACE DE LA;48,88697291;2,20066532
202300048756;7;1;2023;11:20;1;92;92049;2;1;1;6;BRIAND AVENUE ARISTIDE N°1 A 129;48,816952;2,325753
202300048757;18;7;2023;11:45;1;93;93029;2;1;1;2;Avenue Jean Jaurès;48,92032;2,45028
202300048758;14;6;2023;14:45;1;94;94028;2;6;1;3;Car de Pompadour;48,77414114;2,43890181
202300048759;28;9;2023;12:30;1;92;92020;2;1;1;3;VERDUN AVENUE DE AUTRES N°;48,79989943;2,2821638
202300048760;7;1;2023;08:40;1;92;92036;2;6;1;3;PIERRE DE COUBERTIN (BOULEVARD) (PORT ->;48,93014;2,28453
202300048761;14;6;2023;06:45;2;94;94028;2;1;1;1;Boulevard Jean-baptiste Oudry;48,77641535;2,45725107
202300048762;17;7;2023;22:30;5;93;93047;2;3;1;1;Avenue des Sciences / Avenue Sauvage;48,90603;2,57955
202300048763;29;9;2023;08:50;1;92;92025;2;2;1;3;COLBERT  55 A 113   42 A 102 (RUE);48,91280066;2,23565695
202300048764;7;1;2023;10:22;1;92;92060;2;7;1;2;LEON BLUM (AVENUE) (RD 75);48,77285;2,25159
202300048765;10;6;2023;16:32;1;94;94079;2;1;1;3;Rue du Général de Gaulle;48,82837;2,55395
202300048766;28;9;2023;10:35;1;92;92025;2;9;1;3;PRESIDENT SALVADOR ALLENDE (RUE DU);48,91941331;2,22665012
202300048767;18;7;2023;09:33;1;92;92051;2;9;1;6;GENERAL LECLERC (BOULEVARD DU N° 29 A 65;48,89211765;2,2649399
202300048768;7;1;2023;00:20;5;92;92023;2;2;1;1;GENERAL DE GAULLE (AV DU) N°130 A 340 ET;48,78822;2,25851
202300048769;29;9;2023;17:00;1;92;92019;2;1;1;6;SALENGRO ROGER (RUE);48,76709554;2,27253199
202300048770;14;6;2023;18:40;1;94;94069;2;5;1;1;Rue du Pont;48,81833;2,41966
202300048771;18;7;2023;19:28;1;92;92020;2;9;1;3;VANVES BOULEVARD DE N° PAIRS;48,8099;2,2826
202300048772;3;1;2023;18:30;5;92;92019;2;1;1;6;SAINT EXUPERY (AVENUE);48,76552904;2,25374329
202300048773;29;9;2023;20:19;5;92;92012;2;3;1;6;ANDRE MORIZET (AVENUE) - 49/FIN - 54/FIN;48,83914706;2,2318764
202300048774;7;1;2023;11:18;1;92;92009;2;1;1;6;BOURGUIGNONS ( RUE 33 A FIN );48,91352757;2,27321177
202300048775;13;6;2023;17:25;1;94;94069;2;5;7;3;Rue du Maréchal Leclerc;48,81835;2,41985
202300048776;18;7;2023;11:50;1;92;92049;2;3;1;3;BARBES RUE;48,817283;2,328814
202300048777;29;9;2023;15:34;1;92;92004;2;1;1;3;JEAN DUSSOURD;48,90718909;2,29133606
202300048778;8;1;2023;13:04;1;21;21638;1;1;1;2;A31;47,55219424;5,19764076
202300048779;18;7;2023;12:10;1;92;92049;2;1;1;7;BROSSOLETTE AVENUE PIERRE;48,816903;2,306849
202300048780;30;9;2023;10:30;1;50;50590;1;1;1;1;route du chateau d'eau;48,790489;-1,318775
202300048781;14;6;2023;18:10;1;93;93005;2;2;1;3;Rue Auguste Renoir / Rue Louison Bobet;48,95969;2,49768
202300048782;17;7;2023;19:25;1;92;92048;2;1;1;3;LE CORBEILLER (AVENUE) N° 1 A 45;48,81318904;2,24061286
202300048783;14;6;2023;07:50;1;93;93066;2;1;1;6;Rue de la Poterie;48,94444126;2,34676764
202300048784;18;7;2023;15:00;1;92;92044;2;1;1;6;ARISTIDE BRIAND(RUE)51A83  54A96;48,89403859;2,29212284
202300048785;28;9;2023;14:15;1;37;37031;1;2;1;3;Intersection D35 et rue de la lande;47,289837;0,171688