Num_Acc;jour;mois;an;hrmn;lum;dep;com;agg;int;atm;col;adr;lat;long
202300048786;29;9;2023;18:15;1;1;1244;2;1;1;7;Rue des Artisans;45,895724;5,19774
202300048787;7;1;2023;19:30;5;71;71117;1;1;1;1;Route de Dole;46,785685;4,911125
202300048788;14;6;2023;18:50;1;93;93064;2;1;1;2;Rue du 4e Zouave;48,87252044;2,47678008
202300048789;18;7;2023;08:50;1;92;92040;2;1;1;3;PDT ROOSEVELT (QUAI DU);48,82817342;2,2605527
202300048790;30;9;2023;00:21;5;95;95487;2;9;1;6;CORENTIN QUIDEAU (RUE);49,146089;2,258785
202300048791;18;7;2023;12:20;1;92;92035;2;1;1;2;République ( boulevard de la );48,906693;2,246003
202300048792;8;1;2023;09:30;1;76;76222;2;1;1;6;Rue Louis Pasteur;49,4912511;0,87547297
202300048793;14;6;2023;12:10;1;93;93053;2;3;1;3;Rue Paul Vaillant Couturier / Passage des Groux;48,89168;2,4458
202300048794;29;9;2023;08:20;1;77;77047;1;1;1;6;A140;48,880353;2,886121
202300048795;18;7;2023;07:50;1;92;92025;2;1;1;3;CHARLES DE GAULLE (BD);48,91435426;2,22942933
202300048796;8;1;2023;07:30;3;11;11262;1;1;1;6;pk 2 D13;43,207951;3,011939
202300048797;30;9;2023;05:45;5;71;71202;1;1;1;6;A6 - Aire de repos Le Curney;46,862465;4,82126
202300048798;14;6;2023;14:20;1;93;93001;2;7;1;3;Avenue Jean Jaurès;48,91545138;2,40475327
202300048799;18;7;2023;20:22;1;92;92007;2;1;1;7;RAVERA (AVENUE HENRI) N° 111 A 217 ET 10;48,80378141;2,31232703
202300048800;8;1;2023;11:50;1;71;71009;1;1;8;6;Route d?Autun;47,065021;4,096506
202300048801;29;9;2023;17:30;1;58;58102;1;1;1;7;D33;47,37658;3,131715
202300048802;7;1;2023;23:00;3;25;25370;1;1;1;6;Chemain de Lucelans;47,437348;6,764488
202300048803;14;6;2023;11:25;1;93;93047;2;3;1;6;Boulevard de l'Europe / Chemin du Tour du Parc;48,8953;2,57124
202300048804;19;7;2023;07:23;1;51;51358;2;3;1;1;Grande Rue;48,748524;4,847808
202300048805;30;9;2023;14:15;1;62;62849;1;6;1;2;D303;50,408918;1,654558
202300048806;14;6;2023;20:09;1;93;93005;2;1;1;6;Rue des Mimosas;48,94922307;2,51113092
202300048807;29;9;2023;14:15;1;50;50448;1;1;1;2;A84 PR 158+150;48,58848;-1,32831
202300048808;13;6;2023;19:50;1;92;92073;2;1;1;7;STRESSEMANN (AVENUE GUSTAVE);48,86434;2,20491
202300048809;7;1;2023;18:20;3;25;25601;1;3;1;5;D50;47,1701;6,385495
202300048810;14;7;2023;19:20;1;71;71286;1;3;1;3;D980;46,601088;4,474598
202300048811;30;9;2023;13:15;1;30;30334;2;1;1;6;Boulevard des Alliés;44,01127;4,417781
202300048812;19;7;2023;14:55;1;6;6161;1;1;1;6;Route de Grasse;43,659944;7,097887
202300048813;7;1;2023;18:45;3;25;25149;1;1;1;6;D440;47,128345;5,97873
202300048814;14;6;2023;09:00;1;92;92051;2;1;1;6;PAUL CHATROUSSE (RUE);48,88640606;2,26093858
202300048815;30;9;2023;10:15;1;57;57572;2;1;7;6;Rue Auguste Rolland;49,010363;6,398318
202300048816;8;1;2023;12:30;1;29;29038;1;1;2;6;18 - Toulloulan;48,405339;-3,950803
202300048817;29;9;2023;19:00;2;59;59580;1;1;1;6;67 Route de Winnezeele;50,820615;2,573676
202300048818;16;7;2023;17:49;1;18;18269;2;3;1;3;Grande Rue;47,459112;2,650044
202300048819;13;6;2023;19:30;1;92;92020;2;3;1;3;VERDUN AVENUE DE AUTRES N°;48,79965;2,28114
202300048820;27;9;2023;20:30;3;76;76460;1;1;1;7;Route du Poteau Maitre Jean;49,902236;1,638572
202300048821;19;7;2023;10:55;1;972;97231;2;1;1;6;Marina Pointe du Bout;14,557031;-61,0533
202300048822;13;6;2023;11:25;1;92;92020;2;9;1;3;VANVES BOULEVARD DE N° PAIRS;48,807276;2,285224
202300048823;6;1;2023;16:30;1;66;66149;2;3;1;6;37 Rue du Palais de Justice;42,616994;2,421439
202300048824;1;8;2023;08:45;1;26;26324;1;1;1;2;Autoroute A7;44,34541718;4,73793983
202300048825;14;6;2023;16:50;1;92;92036;2;1;1;1;CAMELINAT (BOULEVARD) (49   +);48,93279;2,3019
202300048826;16;7;2023;10:45;1;63;63248;1;1;1;6;pont des eaux;45,722937;2,881862
202300048827;30;9;2023;04:50;3;79;79078;1;1;1;7;N/A;46,148064;-0,528771
202300048828;8;1;2023;10:15;1;50;50219;1;6;1;3;Route de la Belle Croix;49,055308;-1,484227
202300048829;14;6;2023;12:30;1;92;92004;2;3;1;6;GABRIEL PERI (AVENUE) (60/134);48,9169;2,29564
202300048830;18;7;2023;10:00;1;57;57620;1;1;1;7;A4;49,189775;5,994705
202300048831;30;9;2023;17:30;1;80;80417;1;2;1;3;Intersection CD 41/CD1029;49,873204;2,685642
202300048832;7;1;2023;10:00;1;83;83011;1;1;1;6;Route de Seillans;43,630795;6,575511
202300048833;14;6;2023;18:40;2;92;92035;2;1;1;7;National ( boulevard );48,90568326;2,23901689
202300048834;18;7;2023;18:20;1;58;58162;1;1;1;6;D1;47,414844;3,256846
202300048835;30;9;2023;00:30;3;81;81182;1;1;1;6;Chemin de Cabrilles;43,719567;2,241511
202300048836;6;1;2023;22:50;5;60;60189;2;1;8;6;5 Rue de la Ramée;49,531154;3,100677
202300048837;11;9;2023;12:10;1;32;32132;2;1;1;1;N21;43,859612;0,659952
202300048838;18;7;2023;19:10;1;62;62161;1;1;1;3;D215;50,824725;1,923396
202300048839;12;6;2023;14:00;1;92;92025;2;2;1;3;SOLFERINO (RUE   AV);48,93032;2,261691
202300048840;24;9;2023;19:30;1;89;89450;2;1;1;6;6 Route de Villechavant;48,209838;3,131973
202300048841;10;6;2023;07:20;1;92;92025;2;1;1;3;AUDRA (AV);48,928034;2,250694
202300048842;7;1;2023;22:35;3;60;60686;1;1;2;1;D92;49,206019;2,391887
202300048843;29;9;2023;17:50;1;63;63453;2;6;1;1;41 Avenue Jacques Duclos;45,786327;3,280476
202300048844;7;1;2023;22:10;3;30;30224;1;1;1;6;D210a;43,927572;4,231882
202300048845;14;6;2023;17:35;1;92;92024;2;1;1;6;MARTYRES DE L'OCCUPATION (PLACE DES);48,90062;2,30647
202300048846;19;7;2023;18:15;1;62;62582;1;2;1;5;D939;50,26210769;2,88537052
202300048847;30;9;2023;15:58;1;49;49261;1;3;1;3;Le Clairay;47,383387;-0,219265
202300048848;9;6;2023;16:50;1;63;63026;1;1;1;6;D5;45,662051;2,965901
202300048849;11;7;2023;07:40;1;57;57483;1;4;1;3;D674;48,928227;6,623388
202300048850;30;9;2023;09:35;1;12;12006;1;2;1;3;Route départementale 25 PK 15+700;44,141458;2,651176
202300048851;29;9;2023;20:15;3;86;86281;1;1;1;7;D43;46,745805;0,320266
202300048852;18;7;2023;13:17;1;57;57057;1;1;1;3;D910;48,98712192;6,40002966
202300048853;8;1;2023;09:30;1;69;69086;1;1;8;6;Autoroute 89;45,853972;4,651723
202300048854;15;6;2023;17:25;1;65;65053;1;3;1;6;3 Rue du Cap de la Marme;43,00897;0,565184
202300048855;30;9;2023;07:08;2;68;68365;2;1;1;7;11 Route du Vin;48,056489;7,299784
202300048856;8;1;2023;01:20;5;6;6088;1;1;1;6;A8 Pk 186.000 chaussée nord;43,672109;7,201066
202300048857;7;6;2023;16:00;1;79;79286;1;1;1;3;N/A;46,646006;-0,63607
202300048858;14;6;2023;17:10;1;26;26301;1;1;1;1;D112;45,124762;4,960263
202300048859;29;9;2023;17:55;2;39;39160;1;9;1;2;N/A;46,782467;5,446815
202300048860;17;7;2023;17:56;1;79;79160;1;1;1;7;N/A;46,138622;-0,176296
202300048861;29;9;2023;18:40;2;39;39013;1;1;1;3;N/A;46,88365;5,799988
202300048862;8;1;2023;16:40;1;60;60533;1;1;8;2;A1 - PK 81+600 sens PARIS/LILLE;49,53084812;2,72361884
202300048863;14;6;2023;14:20;1;22;22094;2;3;1;2;Rue du Tertre Himbert;48,59258;-2,148272
202300048864;17;7;2023;08:50;1;2A;2A085;1;1;1;1;route territoriale 40;41,913598;8,83335
202300048865;29;9;2023;15:45;1;39;39255;1;1;1;6;N/A;46,529834;5,438063
202300048866;8;1;2023;00:05;3;83;83124;1;1;2;7;Route de Draguignan;43,610597;6,653166
202300048867;18;7;2023;20:00;1;32;32213;1;1;1;6;D632;43,471593;0,903363
202300048868;30;9;2023;11:45;1;39;39556;1;1;1;6;N/A;46,595736;5,72802
202300048869;15;6;2023;05:15;2;13;13078;2;2;1;3;Rue Marcel Baudin;43,389519;4,805963
202300048870;8;1;2023;17:45;5;52;52246;2;1;2;6;Rue du 152 E Ri;47,902477;5,30395
202300048871;18;7;2023;17:50;1;71;71546;1;1;1;1;1412 Route la Tramblyronne;46,32895;4,547492
202300048872;29;9;2023;19:05;2;31;31574;1;6;1;1;D820;43,428489;1,419039
202300048873;7;1;2023;19:25;5;68;68154;2;1;1;1;Rue Hoffet;47,786846;7,345149
202300048874;14;6;2023;10:20;1;28;28041;1;1;1;6;Beaurouvres;48,321054;1,277069
202300048875;19;7;2023;12:33;1;89;89162;1;1;1;1;N/A;48,273139;3,27311
202300048876;7;1;2023;15:35;1;67;67263;1;1;1;6;D3;49,006433;7,818704
202300048877;15;6;2023;09:10;1;1;1166;1;9;1;6;ZAC du Pardy;45,982254;4,776446
202300048878;29;9;2023;16:40;1;38;38416;2;3;1;6;Avenue de provence;45,149493;5,314733
202300048879;7;1;2023;15:25;1;88;88412;1;1;1;7;Saint-Benoît-la-Chipotte;48,369764;6,771011
202300048880;19;7;2023;13:35;1;61;61473;1;3;1;2;D916;48,699309;-0,152537
202300048881;14;6;2023;15:55;1;22;22084;1;1;1;7;RN 176- PR : 34+950;48,40786;-2,340388
202300048882;8;1;2023;03:43;3;54;54557;1;3;2;6;RD400;48,69292215;6,06354117
202300048883;18;7;2023;19:53;2;42;42100;2;1;1;1;Route du Petit Mas;45,557724;4,410356
202300048884;15;6;2023;11:15;1;50;50373;1;1;1;7;N 13 - PR 23+100;49,426611;-1,33147
202300048885;3;6;2023;17:45;1;63;63121;1;1;1;7;Autoroute A75 - Sens Nord/Sud - Point kilomètrique:21+400;45,60902744;3,22098117
202300048886;7;1;2023;16:30;1;54;54350;1;1;1;1;Marainviller;48,59640776;6,61467075
202300048887;6;7;2023;19:50;2;44;44041;1;2;1;3;l’aubiniere;47,090991;-1,581934
202300048888;8;1;2023;06:15;5;64;64422;2;1;2;6;Rue des Basques;43,18701;-0,625684
202300048889;14;6;2023;14:45;1;62;62060;1;1;1;1;RD 941;50,20734;2,092359
202300048890;18;7;2023;16:40;1;14;14494;1;2;1;3;1697 Route Départementale 400;49,271739;-0,103587
202300048891;30;9;2023;12:30;1;70;70493;1;1;1;6;D15;47,401632;6,051085
202300048892;7;1;2023;16:45;1;76;76558;1;1;1;1;D95;49,394133;1,171911
202300048893;15;6;2023;16:00;1;57;57703;2;1;1;1;Rue de Metting;48,842898;7,18326
202300048894;17;7;2023;20:25;1;5;5046;2;1;1;7;Route de Chalvet;44,569383;6,498263
202300048895;7;1;2023;18:40;3;62;62889;2;1;2;1;D232;50,78975783;1,74412842
202300048896;29;9;2023;12:40;1;58;58299;1;1;1;3;D977;47,445228;3,439536
202300048897;7;1;2023;04:45;5;59;59370;2;1;2;7;27 Avenue du Floricamp;50,315763;3,988162
202300048898;6;1;2023;15:00;1;13;13211;1;1;1;6;Sens Aubagne vers Marseille;43,287;5,4359
202300048899;13;6;2023;19:00;1;19;19133;1;1;1;7;Peyrissac;44,991998;1,919303
202300048900;18;7;2023;16:15;1;64;64160;1;1;1;6;D932;43,347496;-1,404834
202300048901;7;1;2023;02:25;5;92;92002;1;1;1;3;AUTOROUTE A86;48,76265903;2,30300964
202300048902;16;7;2023;18:05;1;64;64504;2;2;1;3;Route des Ventas;43,292451;-1,559994
202300048903;15;6;2023;16:15;1;56;56190;1;1;1;1;Le Crano;47,981261;-2,758749
202300048904;23;6;2023;01:35;3;73;73124;1;1;2;6;N90;45,64927992;6,34194106
202300048905;7;1;2023;16:50;3;92;92050;1;1;2;2;A86;48,91808521;2,22294963
202300048906;18;7;2023;14:40;1;10;10259;1;1;1;4;Route de Bray;48,46851;3,447758
202300048907;15;6;2023;14:00;1;76;76087;1;2;7;3;Rue de Bosc Mare;49,711978;0,81666
202300048908;8;7;2023;18:40;1;7;7101;2;1;1;7;D111;44,408677;4,294238
202300048909;6;1;2023;08:00;2;94;94017;1;1;1;5;A4;48,82769882;2,50651797
202300048910;14;6;2023;11:20;1;2A;2A085;1;1;1;7;col saint georges;41,892758;8,931026
202300048911;17;7;2023;11:25;1;24;24499;1;3;1;6;intersection RD32 et route de la ferrière;44,869086;0,563173
202300048912;14;6;2023;03:30;3;32;32429;1;1;1;6;Lamouraque;44,003982;0,637776
202300048913;6;1;2023;09:50;1;75;75114;2;1;1;3;PORTE DE VANVES;48,824004;2,307669
202300048914;19;7;2023;07:50;1;37;37273;1;3;1;3;D140;47,381298;0,783666
202300048915;14;6;2023;17:15;1;61;61324;1;1;8;1;D55 PR5+660;48,510132;-0,758765
202300048916;16;7;2023;22:13;3;10;10213;1;1;1;2;A5;48,18264647;4,41311909
202300048917;6;1;2023;18:20;5;75;75120;2;2;1;6;RUE DE BELLEVILLE;48,872093;2,377105
202300048918;19;7;2023;10:45;1;24;24538;1;1;1;1;Foncaude;44,821497;0,965279
202300048919;6;1;2023;12:30;1;75;75120;2;3;1;6;RUE FREDERICK LEMAITRE;48,87533;2,393583
202300048920;17;7;2023;14:30;1;987;98738;1;1;1;6;RT 1 PK 13.5 Eglise Mormone;-17,617892;-149,548988
202300048921;6;1;2023;17:30;5;75;75119;2;2;1;3;RUE DE CRIMEE;48,895258;2,372006
202300048922;13;7;2023;15:00;1;987;98738;2;1;1;1;RT 1 PK 17.500;-17,6547;-149,59821
202300048923;15;6;2023;12:38;1;49;49135;1;1;1;7;17 Route de Soulaire;47,56929;-0,585332
202300048924;18;7;2023;17:10;1;68;68278;1;1;1;2;Autoroute A35;47,762542;7,417406
202300048925;6;1;2023;15:15;1;75;75116;2;2;1;6;AVENUE D IENA;48,87228;2,295312
202300048926;14;6;2023;13:41;1;44;44069;1;1;1;3;1e Route de la Turballe;47,334118;-2,459897
202300048927;18;7;2023;04:15;2;68;68267;1;1;1;2;A36 PK003+900 sens MULHOUSE-BELFORT;47,73945223;7,22551847
202300048928;4;1;2023;19:10;5;75;75116;2;1;2;6;AVENUE DU PRESIDENT WILSON;48,863469;2,288743
202300048929;18;7;2023;15:15;1;51;51636;1;1;7;7;A4 PK 156+300 dans le sens PARIS/STRASBOURG;49,138846;4,21728
202300048930;15;6;2023;08:00;1;29;29274;1;2;1;3;Lieu Dit Broust;48,033029;-3,729365
202300048931;6;1;2023;15:05;1;75;75113;2;3;1;3;BOULEVARD MASSENA;48,822655;2,372876
202300048932;19;7;2023;15:45;1;45;45006;1;1;1;6;A71 PR 114 + 286;47,767513;1,851776
202300048933;6;1;2023;20:12;5;75;75110;2;2;1;3;RUE DU FAUBOURG DU TEMPLE;48,868882;2,367638
202300048934;15;7;2023;16:40;1;60;60138;1;1;1;3;Péage de CHAMANT, Autoroute A1, sens Lille vers Paris;49,215558;2,626392
202300048935;6;1;2023;16:30;2;75;75110;2;3;8;2;RUE LA FAYETTE;48,881334;2,364711
202300048936;19;7;2023;08:55;1;62;62476;1;1;1;1;A1;50,35840561;2,9586845
202300048937;20;7;2023;01:30;5;988;98811;1;3;3;6;RT1/Rue de la Caférie;-21,067391;164,866183
202300048938;14;6;2023;17:55;1;29;29217;1;1;1;2;RN 165;47,88797;-3,7729
202300048939;6;1;2023;00:20;5;75;75109;2;3;9;3;RUE LA FAYETTE;48,87657;2,346567
202300048940;18;7;2023;18:15;1;41;41136;1;3;1;3;Rue de Chantecaille;47,700202;1,52166
202300048941;13;6;2023;15:30;1;29;29024;2;9;1;6;Rue de Kervoazou;48,279245;-3,542482
202300048942;6;1;2023;08:30;1;75;75102;2;7;1;2;PLACE DE L OPERA;48,870655;2,332327
202300048943;19;7;2023;16:23;1;28;28094;1;1;1;6;D116;48,658555;1,510395
202300048944;15;6;2023;15:00;1;38;38269;2;1;1;7;RN85;44,933222;5,781689
202300048945;18;7;2023;19:20;1;66;66024;1;1;1;6;N/A;42,517093;2,833292
202300048946;6;1;2023;18:30;3;94;94044;2;1;1;2;Avenue Descartes;48,738606;2,494732
202300048947;15;6;2023;19:10;1;2;2112;1;1;1;3;;49,991739;3,38881
202300048948;19;7;2023;08:00;1;84;84141;2;1;1;6;Chemin de la Nuit;43,96667;4,905277
202300048949;18;7;2023;12:50;1;68;68353;1;1;2;7;D19b;47,63472937;7,36213538
202300048950;6;1;2023;07:10;5;93;93078;1;1;2;4;Avenue Vauban;48,96697;2,55192
202300048951;14;6;2023;17:00;1;15;15122;2;1;1;2;D319;44,713814;2,187041
202300048952;6;1;2023;19:30;5;93;93048;2;1;1;3;Boulevard Théophile Sueur;48,86412415;2,4668735
202300048953;18;7;2023;21:10;2;26;26220;1;3;1;3;Route de Montélimar;44,366799;5,122976
202300048954;18;7;2023;23:38;3;86;86049;1;1;1;6;Rue des Bornais;46,975669;0,109571
202300048955;19;7;2023;11:00;1;64;64165;1;1;1;7;Le Luzoué (Ruisseau);43,268351;-0,580028
202300048956;14;6;2023;17:45;1;15;15140;2;2;1;3;Rue d'Alagnon ;44,95426241;2,4156189
202300048957;5;1;2023;13:00;1;92;92077;2;1;2;6;DESVALLIERES (CHEMIN);48,8248;2,19786
202300048958;15;7;2023;05:30;4;44;44110;2;1;1;6;200 l’isle;47,42493;-1,482371
202300048959;19;7;2023;11:25;1;22;22178;1;1;1;7;29 Kerderrien;48,692292;-2,997707
202300048960;6;1;2023;22:47;5;92;92020;2;1;1;6;PARIS AVENUE DE N° IMPAIRS;48,80802245;2,29537815
202300048961;14;6;2023;20:10;1;72;72050;2;9;1;3;D4 route de Sille;47,967686;-0,232301
202300048962;6;1;2023;11:25;1;92;92020;2;1;1;3;VERDUN AVENUE DE N°2 A 28;48,80381686;2,28821933
202300048963;18;7;2023;11:30;1;27;27448;2;1;1;6;Rue Marcel Moisson;49,011528;1,376252
202300048964;19;7;2023;13:30;1;76;76295;1;1;1;1;D 919 ;49,65767;1,63392
202300048965;6;1;2023;09:05;1;92;92020;2;1;1;3;VANVES BOULEVARD N° IMPAIRS;48,80682;2,28571
202300048966;18;7;2023;16:46;1;13;13005;1;1;1;2;A50-Sens Marseille vers Aubagne;43,28877533;5,55984403
202300048967;6;1;2023;11:10;1;92;92048;2;1;1;6;SEBASTIEN TERRAMORSI (SQUARE);48,78736354;2,23555975
202300048968;18;7;2023;13:45;1;13;13026;1;1;1;5;A55-Sens Martigues vers Marseille;43,39583;5,12363
202300048969;6;1;2023;16:45;1;92;92040;2;1;1;3;RODIN (BOULEVARD);48,8172;2,25513
202300048970;18;7;2023;07:30;1;69;69256;1;1;1;3;Autoroute 42;45,80416918;4,92612908
202300048971;14;6;2023;18:15;1;50;50155;1;3;1;5;Route de la Moinerie;48,574233;-1,376354
202300048972;6;1;2023;18:10;5;92;92026;2;1;1;6;MISSION MARCHAND (COTE PAIR);48,89625;2,24064
202300048973;18;7;2023;02:25;3;33;33162;1;9;1;3;ROCADE A 630;44,86690079;-0,64971685
202300048974;15;6;2023;07:30;1;90;90105;1;1;1;7;D50;47,460318;6,984451
202300048975;6;1;2023;13:05;1;92;92023;2;1;1;6;ANDREAS BECK (RUE);48,78545;2,25148
202300048976;13;7;2023;04:00;4;59;59220;1;1;1;6;AUTOROUTE A1;50,58;3,08742
202300048977;14;6;2023;12:00;1;45;45146;1;1;1;4;D2020 PR 48 + 580;47,732216;1,937016
202300048978;6;1;2023;21:40;3;83;83132;1;1;1;2;autoroute A57;43,17418924;6,04887562
202300048979;15;6;2023;12:55;1;64;64016;1;1;1;6;D 58, P.R. 2+900, sens décroissant;43,076823;-1,444437
202300048980;18;7;2023;20:30;1;91;91086;1;1;1;7;RN 104;48,62429;2,39364
202300048981;6;1;2023;20:15;3;972;97214;1;3;1;1;Quartier Vive;14,843237;-61,089048
202300048982;4;6;2023;13:35;1;64;64210;1;2;1;3;1 Route de Pau;43,46972;-0,119074
202300048983;7;1;2023;15:01;1;27;27301;1;1;8;2;RN 154;48,954917;1,200943
202300048984;14;6;2023;08:30;1;18;18011;2;6;1;2;Le Canadien;47,563344;2,452049
202300048985;3;1;2023;19:15;5;68;68300;2;1;1;4;D201;47,779453;7,389175
202300048986;17;7;2023;07:30;1;93;93064;1;1;1;2;AUTOROUTE A86;48,87109766;2,48225139
202300048987;5;1;2023;10:40;1;91;91666;1;6;2;7;Rue de Fretay;48,680474;2,232424
202300048988;15;6;2023;10:20;1;7;7143;2;3;1;5;route departementale 86;45,352535;4,757842
202300048989;6;1;2023;18:55;5;35;35024;2;1;2;6;Rue du Trégor;48,1831624;-1,64609045
202300048990;7;1;2023;05:45;3;56;56243;1;1;3;6;66 Route de Nantes;47,64925;-2,71279
202300048991;12;6;2023;04:23;3;4;4079;1;1;1;6;d4;44,098388;6,024199
202300048992;6;1;2023;20:45;3;56;56206;1;1;8;6;14 Route de Plescop;47,698556;-2,779605
202300048993;13;6;2023;20:37;1;85;85021;1;1;1;7;RD86;47,037243;-1,266174
202300048994;6;1;2023;11:50;1;79;79190;1;1;8;1;;46,68259;-0,469451
202300048995;15;6;2023;17:00;1;27;27198;1;9;1;1;Route de Lyre (Le Roncenay-Authenay);48,874939;1,041084
202300048996;6;1;2023;21:50;3;19;19274;1;9;1;6;;45,18799366;1,49089203
202300048997;7;1;2023;16:00;1;33;33307;1;1;8;6;78 Route de Prat;44,492901;-0,390165
202300048998;14;6;2023;10:30;1;88;88053;1;1;1;2;D424;48,408252;7,075796
202300048999;7;1;2023;09:00;1;11;11397;1;1;8;6;;43,203111;2,472696
202300049000;7;1;2023;14:30;1;63;63269;1;1;1;7;D229;45,631243;3,225249
202300049001;14;6;2023;16:00;1;68;68235;1;1;7;4;A35;47,993375;7,378768
202300049002;7;1;2023;13:15;1;63;63214;1;1;1;7;Rue du Cendre;45,69106;3,19096
202300049003;14;6;2023;18:15;2;973;97307;1;1;3;1;N4 - PK8;4,856953;-52,312839
202300049004;5;1;2023;17:30;5;55;55578;2;1;1;1;D631;49,190755;5,657576
202300049005;7;1;2023;18:15;5;41;41106;2;3;1;6;Rue Roland Dorgelès;47,601645;2,023212
202300049006;15;6;2023;01:00;3;31;31286;1;1;1;2;A64;43,261413;1,116936
202300049007;15;6;2023;16:30;1;13;13051;1;1;1;1;Route de Coudoux;43,586064;5,15291
202300049008;6;1;2023;19:31;3;41;41127;1;1;1;6;D925;47,577181;1,782687
202300049009;31;5;2023;16:00;1;78;78571;2;1;1;1;40 Rue Charles de Gaulle;48,857283;2,014991
202300049010;6;1;2023;15:30;1;34;34094;1;1;8;3;Route de Beziers;43,427593;3,249936
202300049011;15;6;2023;17:30;1;82;82025;1;1;1;2;A20;43,929565;1,318424
202300049012;5;1;2023;17:30;3;44;44178;1;1;2;3;8 le Surchaud;47,11335;-1,716485
202300049013;15;6;2023;17:15;1;47;47041;1;1;1;2;A62;44,21333924;0,40243753
202300049014;6;1;2023;18:30;3;66;66072;1;1;1;2;D33f;42,48505;2,004147
202300049015;6;1;2023;21:20;3;72;72158;1;1;1;6;lieu dit saint hubert;48,05268559;0,68473935
202300049016;10;6;2023;16:50;1;68;68267;1;9;1;2;Autoroute A36 PK 004+700;47,73703112;7,21521185
202300049017;7;1;2023;17:40;3;18;18167;1;1;2;7;;47,115613;1,930718
202300049018;15;6;2023;13:55;1;21;21515;2;6;1;6;Rue du Cap Vert;47,311006;5,092683
202300049019;6;1;2023;11:20;1;43;43087;2;3;1;6;Berthollet;45,22095546;4,34709504
202300049020;14;6;2023;19:40;1;29;29002;1;1;1;6;Goffouennec;47,87566;-3,455476
202300049021;6;1;2023;23:10;3;4;4116;1;1;1;7;D4;44,003238;5,942026
202300049022;7;1;2023;11:00;1;87;87111;1;1;1;6;Puymoreau;45,763519;0,894302
202300049023;15;6;2023;11:00;1;91;91671;1;1;1;3;D148;48,474436;2,260727
202300049024;7;1;2023;11:25;1;30;30170;1;1;8;6;;43,970172;3,546934
202300049025;7;1;2023;00:55;3;49;49332;1;1;1;2;N249;47,07512;-0,94495
202300049026;12;6;2023;12:45;1;13;13015;2;1;1;1;RUE SAINTE VICTOIRE;43,442883;5,410713
202300049027;6;1;2023;18:50;3;34;34333;1;1;1;1;D612, PK 15+150;43,4743;3,770253
202300049028;14;6;2023;12:20;1;89;89102;1;1;1;1;D965;47,768998;3,457282
202300049029;3;1;2023;19:45;3;13;13113;1;1;1;3;A51 - 26+800;43,582695;5,476114
202300049030;12;6;2023;13:30;1;21;21191;1;1;1;1;Départementale 996;47,15266;5,090921
202300049031;14;6;2023;10:00;1;68;68318;2;3;1;6;39bis Rue de la Vallée;47,960572;7,239752
202300049032;5;1;2023;23:00;3;33;33527;1;1;1;4;A660;44,613934;-1,047606
202300049033;14;6;2023;10:15;1;63;63203;1;2;1;3;D796/RD15;45,841253;3,051946
202300049034;15;6;2023;17:30;1;38;38548;1;1;1;5;D531;45,077066;5,521145
202300049035;3;1;2023;16:20;1;987;98747;1;3;1;3;Taravao centre PK 60, intersection Mc Donald et RT1;-17,756;-148,736
202300049036;14;6;2023;14:45;1;38;38442;1;4;1;7;Route du Col de Porte;45,311779;5,772141
202300049037;15;6;2023;14:38;1;26;26179;1;2;1;3;D532;45,065709;4,890708
202300049038;15;6;2023;08:10;1;69;69159;1;3;1;3;Route de Tarare;45,975723;4,676281
202300049039;14;6;2023;19:45;1;31;31433;2;1;1;5;Boulevard de l'Europe;43,534849;1,39492
202300049040;15;6;2023;12:35;1;35;35221;2;1;1;2;8 Les Perrenelles;47,875349;-1,686742
202300049041;14;6;2023;09:05;1;60;60172;1;6;1;3;Route de la Seigneurie;49,14527298;2,44066882
202300049042;15;6;2023;17:30;1;80;80561;2;3;7;3;Avenue Maurice Leconte;49,645006;2,565511
202300049043;14;6;2023;07:45;1;80;80721;1;6;1;3;D940;50,17639;1,613231
202300049044;14;6;2023;18:25;1;59;59280;1;1;1;7;Route de Tortequesne;50,280736;3,058501
202300049045;15;6;2023;07:10;1;59;59615;1;1;7;3;D53;50,703144;2,618917
202300049046;13;6;2023;09:25;1;83;83144;1;1;1;6;A57;43,14305537;6,01077376
202300049047;13;6;2023;23:00;3;69;69029;1;1;1;2;Route Départementale 383;45,73741;4,90316
202300049048;14;6;2023;11:35;1;91;91570;1;1;1;3;RN 104;48,62493;2,32151
202300049049;14;6;2023;08:50;1;91;91687;1;1;1;2;AUTOROUTE A6;48,66536;2,36323
202300049050;14;6;2023;07:10;1;92;92025;1;1;1;3;A86;48,91903976;2,22360689
202300049051;13;6;2023;07:50;1;92;92072;1;1;1;2;N118;48,82499763;2,221007
202300049052;13;6;2023;08:20;1;78;78126;1;1;1;2;A13;48,83559;2,12996
202300049053;13;6;2023;11:30;1;59;59343;2;3;1;6;MARTYRS RUE DES;50,590418;3,116268
202300049054;13;6;2023;02:30;5;92;92075;2;9;1;7;CHATILLON (RUE DE);48,81728129;2,28367969