Num_Acc;jour;mois;an;hrmn;lum;dep;com;agg;int;atm;col;adr;lat;long
202300049055;12;6;2023;16:00;1;974;97416;1;1;2;7;MAURICE THOREZ(CHEMIN);-21,277;55,468
202300049056;12;6;2023;17:35;3;974;97416;1;1;2;2;RN02;-21,332116;55,479322
202300049057;13;6;2023;09:45;1;974;97411;2;1;1;6;RIVIERE (RUE MAXIME);-20,90636;55,50025
202300049058;13;6;2023;16:45;1;974;97409;2;1;1;2;Lefaguyes (chemin);-20,95835;55,66466
202300049059;13;6;2023;11:40;1;973;97302;2;1;1;6;RABAN (ROUTE DE);4,92152505;-52,31260872
202300049060;13;6;2023;07:25;1;972;97209;2;1;2;1;TIVOLI (ROUTE DE );14,63727;-61,07151
202300049061;13;6;2023;21:00;1;69;69382;2;1;1;6;2 Rue Auguste Comte;45,75661;4,83212
202300049062;13;6;2023;19:20;1;69;69381;2;1;3;3;8 Quai Jean Moulin;45,76679;4,83831
202300049063;13;6;2023;14:50;1;69;69034;2;1;1;6;81 Quai Clémenceau;45,80148;4,84191
202300049064;13;6;2023;09:00;1;69;69389;2;1;8;3;84 Avenue Sidoine Apollinaire;45,76749;4,79762
202300049065;12;6;2023;23:20;5;2B;2B120;2;1;1;2;11 - RT;42,653295;9,440913
202300049066;13;6;2023;13:50;1;971;97113;1;1;1;6;GRAND BAIE ( RN4);16,21803;-61,50828
202300049067;13;6;2023;01:00;5;971;97101;2;9;1;6;VIEUX BOURG;16,24935344;-61,53029859
202300049068;13;6;2023;15:28;1;2A;2A004;2;1;1;6;VERDUN AVENUE DE;41,91909;8,72648
202300049069;13;6;2023;07:25;1;91;91161;2;1;1;2;RTE DE WISSOUS;48,72013;2,31162
202300049070;13;6;2023;20:10;2;91;91691;1;3;1;3;CD 94;48,72728;2,50032
202300049071;30;10;2023;11:09;1;13;13071;1;1;3;2;A7-Sens Marseille vers Lyon;43,40731;5,28941
202300049072;31;10;2023;15:50;1;83;83137;1;1;1;2;A57;43,12888314;5,97671289
202300049073;31;10;2023;10:35;1;83;83062;1;1;1;4;A57;43,14377482;6,02062152
202300049074;31;10;2023;04:15;3;69;69142;1;1;1;6;Route de Métropole 7;45,7274;4,81648
202300049075;31;10;2023;18:55;2;33;33143;1;1;1;3;AUTOROUTE A 10;44,97186;-0,43507
202300049076;30;10;2023;08:20;1;59;59523;1;1;2;5;AUTOROUTE A23;50,59716;3,14484
202300049077;31;10;2023;17:37;2;91;91661;1;1;1;3;AUTOROUTE A10;48,69567;2,234576
202300049078;31;10;2023;17:00;2;91;91161;1;1;2;3;AUTOROUTE A6;48,70092;2,30961
202300049079;30;10;2023;19:55;3;77;77251;1;1;1;5;AUTOROUTE A5A;48,60952;2,57629
202300049080;31;10;2023;13:12;1;92;92064;1;1;1;3;A13;48,83942655;2,20596191
202300049081;31;10;2023;16:50;1;95;95241;1;1;1;4;N104;49,04547281;2,44634628
202300049082;31;10;2023;18:50;3;93;93066;1;1;1;3;AUTOROUTE A1;48,9338;2,38271
202300049083;16;5;2023;16:50;1;95;95241;1;1;1;4;N104;49,04549;2,44736
202300049084;31;10;2023;17:00;5;93;93066;1;1;1;2;AUTOROUTE A1;48,90789956;2,35813022
202300049085;31;10;2023;10:00;1;95;95018;1;1;1;3;A15;48,95313;2,27919
202300049086;31;10;2023;12:20;1;94;94052;1;1;1;4;A86;48,83441554;2,49343043
202300049087;31;10;2023;08:10;1;94;94069;1;1;1;2;A4;48,81731094;2,44243718
202300049088;31;10;2023;02:00;4;94;94073;1;1;8;6;A86 INT;48,768846;2,37919993
202300049089;30;10;2023;14:40;1;2B;2B037;2;9;1;2;TOUTES RUES;42,62268;9,43726
202300049090;30;10;2023;00:30;5;971;97120;2;6;1;1;CHEMIN NEUF;16,22965;-61,53132
202300049091;30;10;2023;00:10;5;971;97105;2;1;1;6;FELIX EBOUE (BOULVARD G.GENERAL);15,99188;-61,72841
202300049092;30;10;2023;10:50;1;95;95197;2;9;3;3;D928;48,96466683;2,32071161
202300049093;27;10;2023;14:23;1;87;87085;2;1;2;2;LARREY (AVENUE DOMINIQUE);45,813495;1,241433
202300049094;30;10;2023;11:00;1;83;83137;2;9;3;6;FOCH (AVE DU MARECHAL);43,12751;5,91967
202300049095;29;10;2023;12:30;1;82;82121;2;1;1;6;quai villebourbon;44,016354;1,351326
202300049096;30;10;2023;19:23;2;78;78643;2;2;2;2;EUROPE BD DE L';48,974131;1,987177
202300049097;30;10;2023;18:00;5;78;78498;2;6;2;2;QUARANTE SOUS ROUTE DE;48,91734;2,01282
202300049098;29;10;2023;18:30;5;78;78498;1;6;8;3;QUARANTE SOUS ROUTE DE;48,91754;2,01241
202300049099;30;10;2023;10:30;1;76;76305;1;6;2;7;Côte de l'Estuaire;49,49804;0,2312
202300049100;29;10;2023;05:11;3;76;76259;1;1;1;7;D486;49,7331;0,38744
202300049101;30;10;2023;23:10;5;69;69256;1;1;1;6;Boulevard Périphérique Nord;45,79153;4,88381
202300049102;30;10;2023;17:30;5;69;69256;2;1;3;6;Avenue Garibaldi;45,76781;4,93544
202300049103;29;10;2023;02:50;5;69;69271;2;3;1;3;Chemin de l'Afrique;45,73804085;4,9703001
202300049104;30;10;2023;18:06;5;68;68066;2;2;3;6;CLEMENCEAU (AVENUE GEORGES);48,06954;7,36044
202300049105;30;10;2023;19:40;4;64;64335;2;1;1;1;JEAN JAURES;43,31704;-0,42976
202300049106;29;10;2023;17:10;1;64;64122;2;1;3;2;BAB(BOULEVARD);43,48505;-1,5384
202300049107;23;10;2023;17:05;2;55;55545;2;1;1;3;METZ ( AVENUE DE );49,13322;5,30807
202300049108;30;10;2023;19:40;5;51;51108;2;9;1;7;VOLTAIRE (ALL);48,95147;4,36819
202300049109;30;10;2023;07:40;2;49;49007;2;1;2;3;PASTEUR AVENUE;47,48038;-0,5257
202300049110;28;10;2023;17:40;1;49;49007;2;3;2;3;RENNES;47,47752;-0,54879
202300049111;30;10;2023;20:25;5;45;45338;2;1;1;2;1bis Avenue de la Libération;47,99076;2,71075
202300049112;30;10;2023;06:55;5;44;44184;2;6;2;6;Boulevard des Apprentis;47,29401;-2,18828
202300049113;7;10;2023;14:15;1;42;42275;2;1;1;3;Avenue Pierre Mendès-france;45,47157;4,37292
202300049114;30;10;2023;11:58;1;37;37261;2;1;1;6;ALOUETTE (AVENUE);47,36328;0,69933
202300049115;30;10;2023;07:30;2;37;37195;2;1;2;6;PROUDHON (AVENUE);47,38991;0,64866
202300049116;30;10;2023;21:10;5;33;33192;1;1;2;6;15 Rue de Catoy;44,75642;-0,62238
202300049117;30;10;2023;14:00;1;28;28404;2;1;2;6;CHARTRES (AVE DE);48,71673;1,36955
202300049118;30;10;2023;18:45;5;18;18279;2;1;8;2;89 Avenue du 8 Mai 1945;47,23508;2,08563
202300049119;30;10;2023;18:30;5;13;13117;2;1;2;5;CD20 E;43,44817;5,23035
202300049120;24;10;2023;22:00;5;13;13214;2;9;1;3;PLOMBIERES (BOULEVARD DES);43,31727;5,38239
202300049121;30;10;2023;18:30;2;13;13001;2;1;2;6;RD 543;43,51127765;5,35009778
202300049122;30;10;2023;18:55;5;11;11069;2;1;2;6;43 Boulevard Jean Jaures;43,21581;2,35387
202300049123;29;10;2023;10:05;1;11;11069;1;1;1;7;1500 Route de Saint Hilaire;43,18947;2,33239
202300049124;29;10;2023;08:30;1;9;9122;2;9;1;6;BERDOULET;42,982207;1,614226
202300049125;30;10;2023;21:30;5;6;6123;2;3;1;1;DE GAULLE GENERAL AVENUE;43,66424;7,19366
202300049126;29;10;2023;18:55;5;75;75119;2;1;1;4;PORTE DE PANTIN;48,895385;2,394802
202300049127;29;10;2023;18:30;5;75;75113;2;1;1;2;BD PERIPHERIQUE INTERIEUR PORTE D IVRY;48,818397;2,369347
202300049128;28;10;2023;21:40;3;75;75117;2;1;2;6;ECHANGEUR MAILLOT;48,880383;2,282184
202300049129;30;10;2023;06:02;5;75;75119;2;7;2;6;PLACE DE LA BATAILLE DE STALINGRAD;48,883616;2,369009
202300049130;29;10;2023;01:30;5;75;75113;2;1;1;3;PORTE D IVRY;48,820406;2,375444
202300049131;30;10;2023;09:30;1;75;75117;2;3;2;1;AVENUE DE WAGRAM;48,87535657;2,29615724
202300049132;30;10;2023;10:40;1;75;75116;2;3;2;6;AVENUE VICTOR HUGO;48,868834;2,283306
202300049133;30;10;2023;09:15;1;75;75115;2;2;2;2;BOULEVARD PASTEUR;48,843025;2,312794
202300049134;30;10;2023;10:30;1;75;75112;2;2;2;3;RUE DE CHARENTON;48,8316889;2,39787921
202300049135;29;10;2023;22:20;5;75;75109;2;2;1;3;BOULEVARD HAUSSMANN;48,872246;2,338317
202300049136;29;10;2023;19:50;5;75;75108;2;2;1;2;AVENUE DES CHAMPS ELYSEES;48,871313;2,302505
202300049137;29;10;2023;22:45;5;94;94022;2;9;1;3;Avenue de Lugo;48,773309;2,409491
202300049138;30;10;2023;08:15;1;93;93077;2;1;2;6;Avenue du Général Galliéni;48,890422;2,509486
202300049139;30;10;2023;09:40;1;93;93015;2;3;3;6;Rue de la Source / Rue de Courtry;48,91406;2,58953
202300049140;30;10;2023;19:00;5;93;93030;2;1;9;2;Avenue du 8 Mai 1945;48,94650584;2,43640358
202300049141;29;10;2023;01:40;5;93;93010;2;2;3;7;Avenue Carnot / Rue Edouard Vaillant;48,89626;2,479837
202300049142;30;10;2023;21:10;5;93;93007;2;3;8;3;Avenue Aristide Briand / Avenue Vladimir Ilitch Lenine;48,94541;2,45127
202300049143;22;8;2023;19:00;1;92;92078;2;1;1;7;VERDUN (AVENUE) (PAIRS 92 ET PLUS);48,9344856;2,32102972
202300049144;30;10;2023;09:21;2;92;92026;2;2;2;6;CHARRAS;48,89514836;2,24991202
202300049145;30;10;2023;18:35;5;92;92012;2;1;1;6;ALPHONSE LE GALLO (QUAI) 1/34;48,83324804;2,22716475
202300049146;11;10;2023;07:30;1;92;92002;2;1;8;7;DIVISION LECLERC (53 A 217 - 58 A 186);48,74466282;2,30331302
202300049147;31;10;2023;17:25;1;47;47324;1;1;1;1;1335 route de Monpazier;44,63695562;0,75430658
202300049148;30;10;2023;17:40;3;26;26031;1;1;3;1;D540;44,552596;4,877597
202300049149;30;10;2023;17:20;1;81;81088;1;1;2;1;RD 81 - PK 15+950;43,846475;2,28786
202300049150;29;10;2023;13:15;1;36;36006;1;1;2;2;Autoroute A20 - Pk 94+100;46,57171298;1,50038874
202300049151;30;10;2023;12:20;1;30;30286;1;9;2;7;D 981;43,981189;4,469483
202300049152;31;10;2023;09:55;1;21;21300;1;1;2;6;D33;47,281383;4,784718
202300049153;30;10;2023;17:15;1;35;35197;1;1;1;1;d528;48,212672;-1,615561
202300049154;3;8;2023;18:30;1;56;56218;1;1;2;6;La métairie neuve;47,72271;-2,320805
202300049155;30;10;2023;14:18;1;56;56011;1;1;2;1;Route de Redon;47,600737;-2,236061
202300049156;31;10;2023;16:15;1;65;65124;1;1;1;6;D25;42,833854;0,35152
202300049157;10;10;2023;17:45;1;71;71442;1;1;1;6;D974;46,85434;4,641168
202300049158;31;10;2023;14:05;1;12;12069;1;1;8;1;999;43,873492;2,69886
202300049159;28;10;2023;19:48;3;47;47214;1;1;2;6;3515 Route de Damazan;44,316809;0,252283
202300049160;27;10;2023;20:10;3;35;35188;1;1;3;1;l'asnière;48,1216546;-1,9581145
202300049161;30;10;2023;08:30;2;29;29069;1;1;2;2;route de Pont Cabioc'h;48,40983074;-4,53486911
202300049162;23;10;2023;20:10;5;38;38229;2;2;2;3;Avenue du Grésivaudan;45,206216;5,75248
202300049163;27;10;2023;19:55;5;54;54157;2;1;2;6;55 Avenue du Général de Gaulle;48,8417962;6,06899679
202300049164;13;5;2023;17:35;1;72;72290;2;1;1;1;49 Rue Nationale;48,15242;0,131187
202300049165;31;10;2023;17:00;1;90;90053;2;3;1;1;Rue Bellevue;47,540893;6,972247
202300049166;29;10;2023;11:45;1;83;83056;1;1;1;6;D54;43,55833154;6,51369896
202300049167;30;10;2023;18:25;2;18;18037;1;1;2;7;N/A;47,563974;2,23913
202300049168;26;10;2023;10:10;1;43;43268;1;1;1;7;Rue du Meygal;45,113099;4,12373
202300049169;30;10;2023;09:09;1;17;17340;1;9;1;3;D911;46,063965;-0,795699
202300049170;31;10;2023;08:01;1;30;30235;2;1;1;7;D6086;43,926545;4,544329
202300049171;30;10;2023;17:55;5;68;68375;2;1;2;6;8 Rue de Mulhouse;47,808911;7,239915
202300049172;31;10;2023;12:00;1;79;79125;1;1;2;3;N/A;46,237921;-0,435011
202300049173;30;10;2023;14:10;1;976;97609;1;1;1;7;D4;-12,979802;45,146148
202300049174;31;10;2023;10:30;1;69;69188;2;1;1;6;331 Chemin du Calvaire;45,925513;4,458454
202300049175;31;10;2023;10:00;1;69;69027;2;1;1;6;6 Rue Simone Veil;45,67435688;4,76406769
202300049176;30;10;2023;09:45;1;2B;2B313;2;1;8;6;T10;42,37397;9,529921
202300049177;31;10;2023;08:45;1;6;6151;1;1;1;6;M6202;43,899439;7,18905
202300049178;1;4;2023;19:25;2;69;69387;2;3;2;3;Rue de Gerland;45,73122;4,8385
202300049179;31;10;2023;09:30;1;55;55110;2;1;1;7;Rue de Bievres;49,537658;5,295343
202300049180;31;3;2023;14:40;1;972;97213;1;2;1;5;VICTOR LAMON;14,62151;-60,98818
202300049181;1;4;2023;11:15;1;69;69081;2;1;2;3;Chemin de Charrière Blanche;45,77798;4,77624
202300049182;30;10;2023;17:15;2;63;63263;1;1;2;7;D942;45,76104739;2,98449247
202300049183;31;3;2023;10:49;1;2B;2B037;2;9;1;6;TOUTES RUES;42,6206;9,436
202300049184;29;10;2023;12:00;1;73;73288;1;1;1;1;D16 route de pont ameille;45,632008;5,91867
202300049185;1;4;2023;22:25;4;91;91339;1;1;1;6;RTE NATIONALE 20;48,63329;2,26502
202300049186;31;10;2023;11:30;1;7;7142;1;2;1;3;D108;44,739806;3,889246
202300049187;1;4;2023;11:10;1;91;91339;2;3;1;2;RUE DE GUILLERVILLE;48,638964;2,261337
202300049188;29;10;2023;17:25;2;33;33240;2;2;1;3;Rue des Abbes Collin;45,305007;-0,923227
202300049189;31;3;2023;19:30;1;91;91161;2;1;1;2;RTE DE MASSY;48,71242;2,303058
202300049190;31;3;2023;17:20;1;91;91027;2;1;1;2;RTE NATIONALE 7;48,704872;2,371494
202300049191;30;10;2023;07:25;5;33;33056;2;3;3;6;Avenue du Général de Gaulle;44,92358501;-0,6347689
202300049192;29;10;2023;06:45;2;53;53094;1;6;1;7;Nationale 162;48,01476;-0,72996
202300049193;1;4;2023;12:30;1;83;83061;1;1;1;1;D7;43,51488;6,82578
202300049194;30;10;2023;10:46;1;59;59377;2;6;2;6;Place du General de Gaulle;50,121832;3,172921
202300049195;1;4;2023;18:45;1;78;78517;2;9;1;6;LENOTRE (RUE G.);48,63998;1,8266
202300049196;12;5;2023;08:45;1;66;66012;1;6;1;3;N/A;42,704144;2,832209
202300049197;29;10;2023;18:55;3;83;83090;1;1;1;6;A50;43,1254;5,87643
202300049198;1;4;2023;19:45;2;77;77400;1;6;2;6;D 402;48,7613;3,02396
202300049199;12;5;2023;02:10;3;6;6123;1;1;1;6;A8;43,66793;7,196343
202300049200;30;10;2023;06:08;2;57;57206;1;9;3;7;Autoroute A30;49,30394357;6,13127232
202300049201;11;5;2023;20:00;3;976;97601;1;1;1;6;Route Ahamada M'colo Mari;-12,725202;45,060678
202300049202;31;3;2023;17:10;1;72;72181;2;1;8;4;CHAMPION HENRI (RUE) N° IMP;47,98355;0,23439
202300049203;30;10;2023;08:49;1;33;33487;1;1;8;5;AUTOROUTE A 10;44,93864699;-0,46682507
202300049204;12;5;2023;10:50;1;974;97402;2;1;1;2;Route Nationale 2;-20,999917;55,686318
202300049205;1;4;2023;19:50;1;69;69264;2;2;8;3;Rue Ampere;45,98634;4,73225
202300049206;29;10;2023;01:10;3;33;33162;1;1;3;2;ROCADE A 630;44,87157834;-0,6415388
202300049207;11;5;2023;07:52;1;973;97304;1;1;1;7;Route de l?Espace;5,190342;-52,722788
202300049208;1;4;2023;22:18;5;69;69029;2;1;2;3;283 Route de Genas;45,74968626;4,91281524
202300049209;28;10;2023;09:40;1;59;59350;1;1;1;7;ROUTE NATIONALE 356;50,61685;3,07751
202300049210;12;5;2023;06:40;1;21;21263;1;2;1;7;D996;47,25761747;5,05911249
202300049211;1;4;2023;14:00;1;69;69029;2;1;8;4;Route de Genas;45,7454;4,9286
202300049212;28;10;2023;04:15;3;59;59456;1;1;2;2;AUTOROUTE A 21;50,38011;3,23256
202300049213;27;3;2023;14:00;1;62;62215;2;1;1;6;Boulevard de la Justice;50,489578;2,942493
202300049214;11;5;2023;20:10;1;66;66053;1;1;1;1;D114;42,528923;3,071601
202300049215;30;10;2023;16:05;1;91;91136;1;1;1;6;AUTOROUTE A10;48,71084;2,28856
202300049216;11;5;2023;19:05;1;30;30128;2;1;1;6;10 Rue Emile Bilhau;43,729239;4,344803
202300049217;31;3;2023;16:30;1;61;61001;2;3;3;2;Voie Communale;48,42947;0,0808
202300049218;30;10;2023;09:22;1;94;94034;1;1;3;5;A6B;48,75433692;2,33216922
202300049219;11;5;2023;08:50;1;11;11188;1;1;9;2;D6009;42,946952;2,988067
202300049220;1;4;2023;03:30;5;54;54395;2;9;2;6;CHARLES III (RUE);48,685227;6,18027
202300049221;1;4;2023;08:10;1;54;54367;1;1;3;7;N52;49,50228;5,79288
202300049222;30;10;2023;08:25;2;92;92064;1;1;3;2;A13;48,83887386;2,1936047
202300049223;11;5;2023;17:20;1;83;83117;1;2;1;3;D4;43,557089;6,701395
202300049224;2;4;2023;01:10;5;49;49007;2;3;1;7;Avenue Pasteur;47,47435;-0,53721
202300049225;29;10;2023;04:42;5;92;92064;1;1;2;6;A13;48,83969235;2,21105474
202300049226;12;5;2023;12:21;1;13;13015;2;1;1;3;2010 Avenue de la Croix d?Or;43,448892;5,397873
202300049227;11;5;2023;13:25;1;8;8081;2;1;1;6;N/A;49,848133;4,769429
202300049228;28;8;2023;12:35;1;29;29026;2;1;1;3;1186 Avenue Louison Bobet;48,2103301;-4,07561124
202300049229;31;3;2023;00:40;5;42;42218;2;2;1;3;Rue Etienne Boisson;45,44672;4,38265
202300049230;3;5;2023;18:30;1;67;67052;1;1;1;6;RD 35;48,482743;7,451777
202300049231;27;8;2023;03:30;3;1;1159;2;1;1;6;490 Route de Montgrimoux;46,337373;4,903089
202300049232;10;5;2023;06:50;2;73;73179;2;1;3;6;171 Rue des allobroges;45,597273;5,875765
202300049233;28;10;2023;23:15;3;92;92047;1;1;3;5;A13;48,83271459;2,15695103
202300049234;1;4;2023;18:00;1;38;38169;2;3;2;1;RUE EUGÈNE CHARBONNIER;45,1934;5,6792
202300049235;28;8;2023;00:30;3;26;26166;2;1;1;1;N7;44,759609;4,83488
202300049236;12;5;2023;16:00;1;7;7086;1;2;1;1;D532;45,107908;4,743841
202300049237;30;10;2023;20:10;3;93;93078;1;1;8;2;AUTOROUTE A104;48,96728918;2,5119989
202300049238;29;3;2023;17:30;1;38;38169;2;1;1;6;D106;45,19245;5,69756
202300049239;31;3;2023;10:30;1;34;34129;2;9;1;3;1 Avenue de Figuiere;43,58423;3,92799
202300049240;1;12;2023;17:25;3;27;27230;1;9;1;3;Départemntale 143;48,870026;1,434177
202300049241;12;5;2023;09:10;1;69;69009;2;1;1;2;Route de Villefranche;45,946696;4,714401
202300049242;27;8;2023;15:55;1;58;58046;1;1;1;7;D981;46,843961;3,659611
202300049243;30;10;2023;16:00;1;95;95572;1;1;2;2;A15;49,03444;2,10118
202300049244;1;4;2023;13:20;1;33;33318;2;1;1;3;Avenue Pasteur;44,80034;-0,65914
202300049245;10;5;2023;19:20;1;17;17038;1;1;1;7;D145;45,196037;-0,327567
202300049246;4;12;2023;07:00;5;62;62399;2;1;4;1;D339;50,306788;2,60641
202300049247;26;8;2023;21:45;3;72;72054;1;1;1;1;D357;48,007263;0,340716
202300049248;30;10;2023;16:48;2;95;95582;1;1;3;6;A15;48,97479;2,2443
202300049249;7;5;2023;19:30;1;24;24572;1;1;1;1;D2;44,652643;0,852942
202300049250;5;12;2023;18:30;5;30;30060;1;1;1;1;Chemin des Canaux;43,79202516;4,37737727
202300049251;30;10;2023;15:20;1;95;95572;1;1;3;6;N184;49,03549763;2,11713195
202300049252;27;8;2023;15:49;1;72;72349;1;1;1;1;Lieu Dit l?Orme;48,197473;0,193355
202300049253;1;4;2023;20:30;5;27;27299;2;1;2;4;BRIAND (AVENUE ARISTIDE);49,050422;1,164584
202300049254;11;5;2023;20:10;1;60;60088;1;1;1;7;Rue de Montchavert;49,23475;2,20999
202300049255;4;12;2023;09:25;1;31;31157;2;1;8;6;72 Route de Tournefeuille;43,552891;1,334703
202300049256;30;10;2023;11:00;1;92;92036;1;1;2;3;AUTOROUTE A15;48,94920532;2,28069842
202300049257;5;12;2023;07:56;3;76;76380;1;2;2;1;D152;49,80316648;0,96910411
202300049258;30;10;2023;16:30;1;94;94028;1;1;8;2;N406;48,78106943;2,4414599
202300049259;27;8;2023;12:40;1;36;36070;2;3;1;3;Rue Camille Toussaints;46,44109277;1,58327043
202300049260;1;4;2023;13:21;1;22;22215;2;1;2;2;CARPONT (LE);48,50012;-2,77738
202300049261;11;5;2023;18:15;1;13;13071;1;1;1;4;A51-Sens Aix en Provence vers Marseille;43,41418849;5,36456931
202300049262;1;4;2023;14:13;1;16;16341;1;1;1;6;GRAND GIRAC (LE);45,63581;0,12262
202300049263;4;12;2023;18:15;2;80;80008;2;2;2;3;Rue de Gamaches;50,037293;1,593103
202300049264;28;6;2023;09:25;1;63;63113;2;6;1;3;COTE BLATIN (BD);45,76797;3,08659
202300049265;11;5;2023;17:56;1;13;13211;1;1;1;4;A50-Sens Marseille vers Aubagne;43,29304;5,47554
202300049266;27;8;2023;14:20;1;21;21584;1;4;1;1;Rd 977 bis;47,276186;4,203944
202300049267;1;4;2023;10:17;1;14;14242;1;1;1;1;Avenue de Garbsen;49,21993624;-0,35860598
202300049268;4;12;2023;14:15;1;89;89018;2;1;2;1;Rue de Beaudemont;48,0497;3,3155
202300049269;28;6;2023;22:05;5;63;63164;2;6;1;6;CHARLES DE GAULLE (BD);45,81347;3,13619
202300049270;10;5;2023;18:20;1;13;13211;1;1;1;2;A50-Sens Marseille vers Aubagne;43,29297841;5,47637741
202300049271;5;12;2023;09:35;1;76;76618;1;1;2;1;RD925;49,989256;1,270123
202300049272;1;4;2023;20:00;2;13;13208;2;3;1;1;PARADIS (RUE);43,27540086;5,38437126
202300049273;26;8;2023;23:40;3;24;24217;1;9;3;6;D710;44,985563;0,888348
202300049274;4;12;2023;09:40;1;61;61346;1;1;8;7;D703;48,914077;0,100733
202300049275;1;4;2023;08:45;1;6;6069;2;1;1;2;PEGOMAS (ROUTE DE);43,63983;6,93419
202300049276;10;5;2023;22:35;3;13;13001;1;1;1;2;A51-Sens Aix en Provence vers Marseille;43,51936;5,42815
202300049277;23;8;2023;09:45;1;85;85047;2;1;1;6;RD1753;46,8392523;-1,89184
202300049278;20;7;2023;01:10;3;13;13076;1;9;1;2;A7 pk 207.500 sens 2;43,83371;5,00483
202300049279;25;8;2023;07:35;1;27;27201;1;1;1;7;D79;49,199766;1,038213
202300049280;11;5;2023;08:15;1;67;67389;1;1;1;2;M35;48,64676;7,73325
202300049281;4;12;2023;07:50;2;47;47214;1;2;2;3;À Picon;44,334978;0,266582
202300049282;31;3;2023;18:10;1;3;3185;2;1;3;1;Avenue Jules Guesde;46,340612;2,584549
202300049283;9;7;2023;15:35;1;13;13076;1;1;1;3;A7 - PK 211.000 - sens nord sud;43,822731;5,027377
202300049284;28;7;2023;19:20;1;27;27108;1;2;1;2;D926;48,746045;0,81831
202300049285;11;5;2023;19:45;1;91;91659;1;1;1;3;AUTOROUTE A6;48,586247;2,452016
202300049286;1;4;2023;17:30;1;75;75113;2;1;2;3;PORTE D ITALIE;48,82094;2,37772
202300049287;4;12;2023;09:00;1;47;47189;1;2;7;3;la guine du bois;44,538561;0,3321
202300049288;28;10;2023;14:55;1;974;97411;2;1;1;3;TOPAZES(ALLEE DES);-20,89484;55,4452
202300049289;26;8;2023;23:30;5;978;97801;2;1;1;7;R DE PIC PARADIS;18,08027039;-63,06160927
202300049290;1;4;2023;14:05;1;75;75113;2;1;1;2;BD PERIPHERIQUE INTERIEUR;48,816347;2,363837
202300049291;29;10;2023;15:55;1;973;97302;2;1;1;7;PORT (DU VIEUX);4,93712;-52,33839
202300049292;28;8;2023;01:55;5;33;33122;1;6;1;6;Chemin du Pot aux Pins;44,715537;-0,756115
202300049293;3;12;2023;14:15;1;47;47151;1;1;2;1;route de lalande;44,73111;0,313593
202300049294;11;5;2023;17:30;1;91;91689;1;1;1;4;AUTOROUTE A6B;48,7403;2,3187
202300049295;24;10;2023;11:40;1;973;97302;2;1;1;6;ZEPHIR (CITE);4,93401963;-52,31286317
202300049296;22;8;2023;20:50;2;27;27517;1;1;1;6;Autoroute A13PK 78+800;49,114719;1,334431
202300049297;31;3;2023;01:00;5;75;75120;2;1;2;6;ECHANGEUR BAGNOLET;48,866022;2,412676
202300049298;4;12;2023;17:35;3;34;34142;2;1;1;3;D609;43,703297;3,328986
202300049299;29;10;2023;01:05;3;973;97302;2;1;1;7;TIGRE (ROUTE DU);4,9142;-52,30943
202300049300;27;8;2023;12:05;1;987;98747;1;1;1;3;Afaahiti, PK 2.500, RT3;-17,756156;-148,735641
202300049301;11;5;2023;09:10;1;91;91534;1;1;1;2;RN 118;48,71706;2,17131
202300049302;29;10;2023;19:00;5;69;69386;2;1;1;3;Rue de Créqui;45,77627;4,84467
202300049303;2;4;2023;19:15;2;75;75117;2;2;1;3;PLACE GENERAL CATROUX;48,882602;2,310247
202300049304;27;8;2023;09:55;1;974;97422;1;1;1;7;Route Nationale 3, lieu-dit source Reilhac;-21,172397;55,585166
202300049305;28;11;2023;16:00;1;68;68042;2;1;1;2;30 Rue du 19 Novembre;47,607523;7,502466
202300049306;11;5;2023;07:50;1;91;91228;1;1;1;3;AUTOROUTE A6;48,62391;2,41988
202300049307;26;8;2023;10:55;1;971;97101;1;1;1;6;D101;16,289144;-61,476231
202300049308;2;4;2023;16:30;1;75;75117;2;2;8;6;RUE GUY MOQUET;48,893011;2,327416
202300049309;27;10;2023;17:30;1;69;69389;2;2;1;7;74 Rue de Saint-Cyr;45,78333;4,80761
202300049310;4;12;2023;07:45;2;44;44069;1;1;2;6;N/A;47,312766;-2,402254
202300049311;26;8;2023;21:45;5;45;45144;2;1;1;6;12 Place de l’Eglise;47,83564;2,111982
202300049312;2;4;2023;04:30;5;75;75111;2;3;2;6;AVENUE PARMENTIER;48,85915;2,37949
202300049313;11;5;2023;21:39;3;92;92036;1;1;1;6;A86;48,93404;2,27166
202300049314;29;10;2023;03:55;5;69;69382;2;3;1;6;Quai Maréchal Joffre;45,75285888;4,82470405
202300049315;5;12;2023;14:15;1;29;29165;1;3;1;3;Lieu Dit Quelarn;47,82133311;-4,25329801
202300049316;2;4;2023;19:12;1;75;75104;2;4;1;6;RUE DE RIVOLI;48,855726;2,358976
202300049317;28;8;2023;08:10;1;77;77168;1;1;1;1;D30;48,180409;2,849793
202300049318;29;10;2023;18:54;3;95;95585;2;1;1;6;DIVISION LECLERC (AVENUE DE LA);48,98261153;2,37048142
202300049319;4;12;2023;19:20;3;31;31510;1;1;2;1;D635;43,275838;0,685487
202300049320;1;4;2023;22:10;5;93;93064;2;1;2;6;Rue J et Etienne de Montgolfier;48,88605314;2,48408424