Num_Acc;jour;mois;an;hrmn;lum;dep;com;agg;int;atm;col;adr;lat;long
202300049321;10;5;2023;10:15;5;75;75116;1;1;2;3;A13W;48,848202;2,248716
202300049322;27;8;2023;17:26;1;77;77484;1;1;1;3;D228;48,889351;2,953504
202300049323;29;10;2023;13:50;1;95;95680;1;1;1;3;D10;49,01323324;2,40693122
202300049324;1;4;2023;23:20;5;93;93048;2;7;1;2;Place de la Fraternite / Rue Arsène Chéreau;48,8571;2,4223
202300049325;23;8;2023;07:50;1;66;66008;1;1;1;7;D914;42,533018;3,046861
202300049326;30;11;2023;00:45;3;66;66003;2;4;2;6;Avenue Docteur Bouix;42,474467;2,670676
202300049327;29;10;2023;05:50;5;91;91027;2;1;1;6;VC QUAI DE L'INDUSTRIE;48,69661;2,39347
202300049328;27;8;2023;07:45;2;5;5053;1;1;3;6;Route des Princes d?Orange;44,339592;5,760225
202300049329;11;5;2023;19:15;1;93;93048;1;1;1;5;AUTOROUTE A3;48,87072328;2,4316594
202300049330;2;4;2023;17:15;1;92;92050;2;5;8;3;FOCH MARECHAL PLACE DU;48,8882438;2,19414622
202300049331;29;10;2023;05:20;4;86;86194;2;1;3;6;Rue du Faubourg Saint Cyprien;46,571051;0,342577
202300049332;2;4;2023;18:30;1;37;37148;2;1;1;7;14 Grande Rue;46,982625;0,488369
202300049333;28;8;2023;17:25;1;88;88410;1;1;1;6;RD435;48,40989;6,704407
202300049334;4;12;2023;14:20;1;14;14431;2;2;2;3;2 Rue Eugène Leriteau;49,074551;-0,072763
202300049335;11;5;2023;14:20;1;93;93048;1;1;1;2;AUTOROUTE A3;48,87346451;2,43622341
202300049336;29;10;2023;05:10;5;84;84031;2;9;1;6;LEGUE CHEMIN DE LA;44,05515;5,05405
202300049337;1;4;2023;18:05;1;37;37043;1;1;2;6;D74;47,527092;1,042885
202300049338;27;8;2023;19:55;1;57;57474;2;6;1;3;D8;49,262848;6,173775
202300049339;4;12;2023;14:00;1;5;5124;1;1;4;3;D14;44,605746;6,142012
202300049340;28;8;2023;19:00;2;57;57482;1;1;1;7;D67;49,120459;6,318354
202300049341;11;5;2023;08:50;1;95;95154;1;1;1;5;A1;49,03701;2,54124
202300049342;30;3;2023;07:15;2;6;6161;2;1;1;6;10 boulebard des Italiens;43,642859;7,143946
202300049343;2;12;2023;22:15;3;83;83078;1;1;1;6;550 Route de Régusse;43,65079121;6,15796531
202300049344;27;8;2023;08:50;1;81;81219;1;1;2;6;Lieu-dit Le Bousquet;43,611502;2,077553
202300049345;5;12;2023;17:40;2;45;45145;2;1;2;6;37 Rue des Roches;48,093588;2,79623
202300049346;27;10;2023;13:00;1;73;73011;2;3;8;3;CONTAMINE (CHEMIN DE LA);45,66425;6,37804
202300049347;11;5;2023;09:05;1;93;93064;1;1;1;2;AUTOROUTE A103;48,88676096;2,4791167
202300049348;27;8;2023;15:30;1;79;79048;1;1;1;1;N/A;46,354411;-0,34359
202300049349;2;4;2023;20:15;3;30;30125;1;1;1;2;D 6113;43,774905;4,466629
202300049350;5;12;2023;03:20;3;16;16329;1;9;2;6;LA TUILERIE;45,918721;0,511079
202300049351;3;4;2023;13:10;1;57;57300;1;1;1;6;D98d;48,70062;7,212374
202300049352;23;10;2023;20:40;5;70;70388;1;6;1;3;RD457;47,6256;6,13827
202300049353;27;8;2023;18:05;1;85;85226;1;1;1;1;RD38;46,728309;-1,950319
202300049354;11;5;2023;06:45;1;93;93053;1;1;1;3;AUTOROUTE A3;48,88411231;2,46310523
202300049355;3;4;2023;13:15;1;67;67456;1;1;1;6;D1061;48,954892;7,063337
202300049356;4;12;2023;07:50;1;40;40080;2;6;1;5;D824;43,762866;-0,320771
202300049357;26;8;2023;17:55;1;85;85238;2;1;1;6;Rue de la forge;46,9591;-0,891089
202300049358;3;4;2023;05:30;3;67;67434;1;1;1;2;D1061;48,950563;7,071054
202300049359;28;10;2023;16:45;1;69;69266;2;1;1;3;Boulevard de la Bataille de Stalingrad;45,78204;4,85985
202300049360;4;12;2023;17:20;5;4;4116;2;1;2;6;Boulevard de la République;44,03008;5,973674
202300049361;11;5;2023;17:00;1;77;77363;1;1;8;5;A104;48,912254;2,635613
202300049362;4;12;2023;18:00;5;27;27467;2;1;2;6;Rue des Déportés;49,354482;0,517773
202300049363;29;10;2023;11:35;1;69;69290;2;1;1;6;Rue Colette;45,68996886;4,94235744
202300049364;31;3;2023;22:30;3;80;80222;1;1;6;6;D111;50,222362;1,841798
202300049365;28;8;2023;00:10;3;80;80799;1;6;1;6;D1029;49,870805;2,53355
202300049366;11;5;2023;09:30;1;93;93051;1;1;1;4;A4;48,83635097;2,55324845
202300049367;29;10;2023;21:40;5;67;67218;2;1;3;6;INDUSTRIE (RUE DE L );48,52899;7,7323
202300049368;3;4;2023;14:45;1;82;82026;1;1;1;6;route de départementale 115;44,073465;1,638937
202300049369;28;8;2023;16:00;1;59;59550;1;6;1;3;N47;50,533409;2,833762
202300049370;27;3;2023;21:00;3;82;82090;1;1;1;6;Côte de Mirabel;44,087284;1,378661
202300049371;10;5;2023;19:00;1;94;94018;1;1;1;5;A4;48,82465601;2,39368239
202300049372;5;12;2023;08:40;1;45;45222;1;3;9;2;D31 PR 26 + 990;48,107302;2,745241
202300049373;29;10;2023;19:10;5;67;67482;2;3;3;3;FORET NOIRE (AVENUE DE LA);48,580408;7,777556
202300049374;27;8;2023;05:35;3;83;83090;1;1;1;2;A50;43,12103825;5,86698946
202300049375;2;4;2023;06:30;3;11;11262;1;1;1;2;N/A;43,206396;2,957575
202300049376;5;12;2023;11:48;1;13;13009;1;1;1;7;D572;43,63227;5,187677
202300049377;10;5;2023;11:00;1;94;94028;1;1;2;2;A86;48,78275411;2,44084607
202300049378;2;4;2023;21:20;3;61;61150;1;1;8;6;D49 PR0+560;48,749275;0,386701
202300049379;29;10;2023;12:44;1;64;64260;2;1;1;2;EMPEREUR (BOULEVARD DE );43,3552;-1,768
202300049380;5;12;2023;07:50;1;13;13113;1;1;1;2;A51;43,581448;5,475783
202300049381;2;4;2023;14:10;1;49;49215;1;1;1;6;Rue du Cohu;47,155175;-0,099033
202300049382;10;5;2023;07:30;1;77;77249;1;9;3;2;RN104;48,728375;2,604602
202300049383;29;10;2023;02:15;5;64;64024;2;1;1;2;BIARRITZ (AVENUE DE);43,48056;-1,52955
202300049384;26;8;2023;19:57;2;69;69297;1;1;3;2;Autoroute 7;45,59448;4,79671
202300049385;5;12;2023;06:31;3;72;72223;1;1;1;7;A11, PK 203+100;47,881125;-0,115356
202300049386;27;8;2023;12:30;1;94;94043;1;1;1;6;A6B;48,80476702;2,34457441
202300049387;3;4;2023;10:00;1;42;42302;1;1;2;1;Route de la Gachet;45,515504;4,443412
202300049388;28;10;2023;18:15;1;63;63063;2;1;1;6;NATIONALE 9 (RTE);45,82216;3,11021
202300049389;10;5;2023;07:15;1;76;76575;1;2;2;6;Boulevard Lénine;49,38161;1,10983
202300049390;3;12;2023;19:15;3;60;60612;1;1;1;2;Autoroute A1 vers LILLE - PK 39+000;49,201813;2,607837
202300049391;28;10;2023;01:10;3;62;62194;1;1;2;6;D70;50,4848;2,4749
202300049392;10;5;2023;14:55;1;54;54547;2;1;1;6;Boulevard de l'Europe;48,66245;6,172744
202300049393;2;4;2023;06:45;2;68;68374;1;1;2;3;D11;48,082122;7,318553
202300049394;5;12;2023;11:00;1;33;33005;2;2;1;3;Rue Joseph Marie Jacquard;44,76618;-1,074933
202300049395;28;10;2023;11:50;1;62;62400;1;4;1;3;D86;50,48243;2,59382
202300049396;1;4;2023;08:00;1;25;25558;2;1;1;1;rd 67 tarcenay;47,156338;6,115007
202300049397;10;5;2023;12:00;1;38;38053;2;1;1;6;Avenue du Dauphiné;45,58505;5,29597
202300049398;26;8;2023;23:50;4;93;93053;1;1;1;4;AUTOROUTE A3;48,89707199;2,46965129
202300049399;4;12;2023;11:40;1;987;98725;2;1;1;7;PK 8.500 montée col tahara'a;-17,511878;-149,500902
202300049400;2;4;2023;03:45;3;29;29279;1;1;1;1;D58;48,584308;-3,877203
202300049401;10;5;2023;07:30;1;24;24145;2;1;1;6;GRAND-LAC (ROUTE DU);44,85961;0,56566
202300049402;26;8;2023;23:50;4;95;95256;1;1;1;2;N184;49,0569623;2,20683575
202300049403;29;10;2023;11:40;1;59;59350;2;2;1;3;BERNOS RUE;50,633343;3,086391
202300049404;4;12;2023;13:10;1;973;97306;1;9;1;3;route départementale 8 , mana;5,64949;-53,742371
202300049405;28;10;2023;19:30;5;59;59273;2;1;3;6;JOUHAUX (AVENUE LÃ©ON);50,9962;2,14761
202300049406;26;8;2023;21:00;3;95;95500;1;1;1;2;A15;49,03910581;2,08600223
202300049407;9;5;2023;19:00;1;76;76351;2;3;1;6;IRENE JOLIOT CURIE (RUE);49,52136;0,10511
202300049408;2;4;2023;18:50;1;83;83032;1;1;1;6;RD 562;43,46599069;6,14887002
202300049409;4;12;2023;18:00;5;45;45252;2;1;3;6;Avenue du 11 Novembre 1918;48,182745;2,25143
202300049410;30;3;2023;14:00;1;60;60098;2;1;3;7;Rue Poitiers Bel Air;49,65182965;1,75384882
202300049411;29;10;2023;19:07;5;47;47323;1;2;2;3;SCORAILLES(AVE);44,41039793;0,75166952
202300049412;9;5;2023;14:25;1;58;58194;2;1;3;6;RESISTANCE (SQUARE);46,99245;3,16014
202300049413;4;12;2023;12:13;1;89;89350;1;1;8;2;A6 - PK 118+300;48,0056;3,1593
202300049414;27;8;2023;13:40;1;94;94028;1;1;1;4;A86 EXT;48,7761883;2,43180914
202300049415;30;3;2023;07:30;2;64;64493;2;3;1;3;Avenue de Navarre;43,316057;-1,020538
202300049416;4;12;2023;18:50;5;51;51308;2;1;2;6;Route Nationale;49,284058;3,822674
202300049417;29;10;2023;14:35;1;47;47001;2;3;1;3;ROMAS (RUE DE);44,20325;0,63105
202300049418;31;3;2023;18:45;1;24;24035;2;1;1;6;4 Rue du 19 Mars 1962;44,778559;1,001143
202300049419;5;12;2023;17:20;5;3;3224;2;1;1;6;4 Rue de Pénard;46,060539;3,70214
202300049420;10;3;2023;16:23;1;74;74012;2;2;1;3;Avenue Henri Barbusse;46,19167;6,24197
202300049421;2;4;2023;17:45;2;3;3097;1;1;3;6;A71 - pk 300.500;46,357519;2,756597
202300049422;27;8;2023;13:40;1;94;94028;1;1;1;4;A86;48,7761883;2,43180914
202300049423;4;12;2023;17:20;5;73;73054;2;1;4;6;D1090 - Place de la Gare;45,618812;6,770882
202300049424;29;10;2023;18:47;5;45;45285;2;3;1;6;75 Rue Paul Doumer;47,90997;1,87223
202300049425;4;12;2023;19:20;3;31;31420;1;1;1;7;D820;43,491973;1,397195
202300049426;9;3;2023;19:20;5;74;74012;2;1;1;2;LECLERC (AVENUE DU MARECHAL);46,18672;6,24797
202300049427;23;8;2023;10:22;1;988;98818;2;1;1;6;RUE JULES GARNIER;-22,29119;166,43963
202300049428;3;4;2023;07:35;2;1;1425;1;1;8;2;A40 Pk152;46,107964;5,291591
202300049429;29;10;2023;15:10;1;45;45234;2;1;1;3;Avenue de l'Hôpital;47,83357247;1,9213331
202300049430;4;12;2023;18:45;3;64;64496;2;1;3;6;D 936 avenue de la soule;43,469113;-1,444724
202300049431;9;3;2023;12:05;1;74;74012;2;1;1;6;LIVRON (ROUTE DE);46,18936;6,25069
202300049432;26;8;2023;12:50;1;976;97611;2;1;1;3;Boulevard Marcel Henry;-12,784009;45,223123
202300049433;2;4;2023;23:00;5;973;97309;1;3;1;3;D?23;4,89633;-52,29291
202300049434;29;10;2023;09:05;1;35;35238;1;1;2;6;RN136;48,11933523;-1,7202428
202300049435;3;12;2023;16:15;1;64;64304;1;1;1;2;2617 Route de l'Adour;43,493303;-1,394139
202300049436;2;4;2023;19:26;1;51;51572;1;1;1;7;A4;49,036166;4,618324
202300049437;28;10;2023;17:45;2;35;35115;2;6;3;6;LECLERC (BOULEVARD DU MARECHAL);48,35383;-1,19918
202300049438;1;3;2023;11:30;1;74;74010;2;4;1;6;Allée de la chapelle;45,924125;6,141272
202300049439;25;8;2023;07:20;1;976;97611;2;9;1;3;m'tsapere-Nationale 2 (route);-12,7917;45,22169
202300049440;5;12;2023;06:50;2;14;14712;1;6;2;3;D675;49,17908456;-0,19980964
202300049441;29;10;2023;23:20;5;33;33063;2;7;2;6;Quai du Maréchal Lyautey;44,84124;-0,56938
202300049442;25;8;2023;17:00;1;974;97416;2;1;1;6;PRESIDENT MITTERAND(AVENUE);-21,34422;55,48312
202300049443;4;12;2023;10:00;1;29;29042;1;1;2;2;rue de Dinan;48,24443093;-4,51054346
202300049444;29;10;2023;19:15;5;33;33119;2;3;2;3;Avenue Jean Jaurès;44,85332;-0,53862
202300049445;26;8;2023;06:00;5;974;97411;2;3;1;3;NANTIER (RUE DIDIER);-20,89786073;55,47768903
202300049446;4;12;2023;18:30;5;22;22136;2;6;2;1;Boulevard des Priteaux;48,177219;-2,747328
202300049447;4;5;2023;09:15;1;83;83126;2;1;1;6;FARLEDE (CHEMIN DE LA);43,11583;5,85212
202300049448;29;10;2023;02:06;3;33;33281;2;1;3;6;Avenue du Maréchal Leclerc;44,83815;-0,64687
202300049449;26;8;2023;03:10;5;974;97411;2;1;2;6;LORY LES HAUTS (RUE);-20,89602;55,4818
202300049450;1;4;2023;20:20;3;13;13018;1;1;1;4;AUtoroute A7 pk 203.000 sens MARSEILLE/ AVIGNON;43,877912;4,934063
202300049451;4;12;2023;09:25;1;33;33162;1;1;1;3;ROCADE A 630;44,87723121;-0,63173264
202300049452;27;2;2023;21:30;3;74;74272;2;1;1;7;Route de Clermont_;45,946416;6,045232
202300049453;29;10;2023;15:30;1;31;31555;2;1;1;3;RTE D ESPAGNE;43,57623;1,42408
202300049454;1;4;2023;19:20;3;987;98750;1;1;1;3;pk 7.3;-16,820866;-151,403988
202300049455;26;8;2023;00:30;5;974;97411;2;2;1;6;LANCASTEL (BOULEVARD);-20,87487;55,45378
202300049456;26;2;2023;01:20;5;74;74112;2;6;1;6;Route de Sillingy_;45,942272;6,086383
202300049457;1;12;2023;13:13;1;62;62637;1;1;1;4;A1;50,46053246;2,9737164
202300049458;2;4;2023;11:40;1;987;98733;2;1;1;1;RT1 au  niveau du PK 22.700;-17,698161;-149,58376
202300049459;27;10;2023;12:15;1;29;29039;2;1;2;4;Rue de Quimper;47,8882;-3,91899
202300049460;25;2;2023;12:45;1;74;74052;2;1;1;6;Route principale_;46,06269;6,049106
202300049461;25;8;2023;19:25;5;974;97411;2;9;1;2;JAURES (BOULEVARD JEAN);-20,88862;55,44533
202300049462;4;12;2023;08:30;2;94;94021;1;1;3;2;A6B;48,76323303;2,34206347
202300049463;29;10;2023;18:40;2;16;16015;2;1;1;6;MONTMOREAU (RUE DE N°IMPAIRS DE 1 A 63);45,648325;0,160945
202300049464;1;4;2023;18:00;1;973;97305;1;1;1;3;PK 24+500;5,001535;-52,458665
202300049465;17;2;2023;05:00;5;74;74058;2;1;1;7;route des frasses;46,289783;6,804163
202300049466;4;12;2023;08:30;2;91;91235;1;1;2;3;RN 104;48,624;2,368
202300049467;25;8;2023;15:15;1;974;97411;2;3;1;3;CANAL (CHEMIN DU GRAND);-20,91429;55,495
202300049468;4;12;2023;13:35;1;95;95277;1;1;2;6;A3;48,97259;2,48485
202300049469;3;4;2023;10:25;1;971;97117;2;3;1;6;Route de Bellevue / rue du docteur Agenor Carle;16,329146;-61,354697
202300049470;29;10;2023;17:15;1;14;14701;1;4;1;1;Chemin de l'Orgueil;49,31255;0,08401
202300049471;26;8;2023;12:20;1;69;69386;2;2;1;6;Rue Duquesne;45,77311;4,84974
202300049472;15;2;2023;23:15;3;74;74238;1;1;1;1;D902;46,203853;6,676898
202300049473;3;12;2023;22:55;3;95;95572;1;9;1;2;N184;49,04821494;2,13358004
202300049474;3;4;2023;07:53;1;78;78531;1;1;1;2;autoroute a13 pk 54+600;49,00604;1,60141
202300049475;28;10;2023;18:15;2;13;13005;2;1;8;7;SAINT PIERRE (CHEMIN DE);43,3;5,59
202300049476;26;8;2023;11:10;1;69;69387;2;1;2;6;5 Rue de la Thibaudière;45,75117;4,84341
202300049477;3;12;2023;04:20;3;94;94069;1;1;1;6;A4;48,81754093;2,43504501
202300049478;21;2;2023;17:35;1;74;74099;1;4;1;7;Allée des myosotis;45,871754;6,621596
202300049479;2;4;2023;23:15;5;13;13027;2;1;1;6;Avenue Jacques Trouillet;43,886361;4,84709
202300049480;20;10;2023;08:45;1;72;72181;1;9;2;6;PREMIERE DIVISION FRANCAISE (BD);48,02116;0,23121
202300049481;29;10;2023;11:15;1;11;11069;2;1;1;6;2b Rue Henri Fabre;43,21853;2,34924
202300049482;25;8;2023;20:35;4;972;97213;1;1;1;3;ROUTE DEPARTEMENTALE 15;14,63499;-61,00847
202300049483;9;2;2023;06:20;3;74;74309;2;1;9;1;D18;46,114033;6,042577
202300049484;2;4;2023;05:30;3;38;38110;1;1;2;1;D36;45,58832;4,865935
202300049485;7;8;2023;20:50;2;14;14437;2;1;1;3;41 rue Pasteur;49,179773;-0,321541
202300049486;28;10;2023;12:15;1;7;7019;2;1;1;3;BELLANDE (AVENUE DE );44,61422;4,40006
202300049487;26;8;2023;02:20;3;972;97209;1;1;1;6;RD 41 (ROCADE);14,61028;-61,08307
202300049488;8;2;2023;20:20;3;74;74282;1;1;1;1;Rue des Fleuries;46,00993394;6,26310577
202300049489;13;9;2023;15:10;1;14;14118;2;2;1;6;104 bis Boulevard Maréchal Leclerc;49,182748;-0,361961
202300049490;3;4;2023;08:40;1;1;1249;2;3;2;2;501 Grande Rue;45,821603;4,947254
202300049491;13;8;2023;16:40;1;73;73021;1;1;1;7;D208;45,416317;6,172289
202300049492;29;10;2023;19:10;5;6;6088;1;2;1;3;TURIN (RTE DE);43,72294;7,28992
202300049493;23;8;2023;14:30;1;972;97209;2;1;1;3;RELIGIEUSES (ROUTE DES);14,61256;-61,05983
202300049494;5;2;2023;13:00;1;74;74243;1;1;1;2;A40;46,132348;6,092273
202300049495;29;10;2023;01:40;5;3;3185;2;1;1;6;Bd président Allende;46,34592;2,60771
202300049496;3;4;2023;09:25;1;14;14160;1;1;1;2;3 Route le Pré Marie;49,06328157;-0,29148147
202300049497;19;8;2023;19:10;5;972;97209;1;1;2;4;BISHOP (Avenue Maurice);14,61145;-61,05404
202300049498;28;4;2023;17:20;1;92;92078;2;1;1;6;AVENIR (RUE) (PAIRS DU 2 AU 28);48,936218;2,330428
202300049499;2;4;2023;11:35;1;59;59398;2;1;1;6;131 Rue de la Mousserie;50,50809563;3,11395884
202300049500;14;1;2023;03:05;5;62;62755;2;1;1;6;D940;50,70395;1,613661
202300049501;29;10;2023;04:40;5;75;75112;2;1;1;2;PORTE DE CHARENTON;48,829525;2,401228
202300049502;16;8;2023;11:08;1;64;64064;1;3;1;3;Route d'Espagne;43,10991913;-0,62493593
202300049503;27;8;2023;00:25;5;69;69389;2;1;2;3;17 Quai Arloing;45,77280719;4,8102945
202300049504;1;2;2023;00:30;3;74;74208;1;1;1;6;Route de saint-gervais;45,909286;6,716203
202300049505;2;4;2023;19:00;1;13;13088;1;1;1;3;A55-Sens Marseille vers Martigues;43,39086;5,24898
202300049506;4;12;2023;08:20;1;988;98818;2;1;1;6;AVENUE DE LA VICTOIRE H. LAFLEUR;-22,27446;166,44474
202300049507;28;10;2023;11:00;1;75;75112;2;1;1;2;ECHANGEUR BERCY;48,828642;2,398889
202300049508;26;8;2023;16:30;1;69;69385;2;2;1;3;Avenue Général Eisenhower;45,75667;4,78222
202300049509;25;2;2023;11:20;1;76;76414;2;2;2;2;ANCIEN PORT (RUE DE L');49,90825;1,10965
202300049510;3;12;2023;07:15;1;973;97302;2;1;1;7;MONTABO (ROUTE DE) 3;4,93584;-52,28604
202300049511;26;3;2023;00:30;5;69;69389;1;1;1;2;Route de Métropole 6;45,76393;4,80186
202300049512;29;10;2023;12:30;1;75;75120;2;3;2;6;RUE DE BELLEVILLE;48,873267;2,381918
202300049513;2;12;2023;19:45;5;973;97302;2;1;1;7;GALMOT (AVENUE);4,932332;-52,32706761
202300049514;1;4;2023;19:25;1;69;69273;1;1;8;6;Route Départementale 301;45,66781468;4,9175407
202300049515;25;8;2023;15:30;1;69;69382;2;3;1;2;42 Quai Docteur Gailleton;45,75039505;4,83177885
202300049516;29;10;2023;07:00;5;75;75115;2;1;8;6;BOULEVARD DE GRENELLE;48,849399;2,296484
202300049517;10;5;2023;18:35;5;974;97416;2;1;1;3;FLAMBOYANTS (CHEMIN) L 400;-21,28604376;55,50837055
202300049518;29;10;2023;18:15;5;75;75113;2;1;1;6;RUE NATIONALE;48,829991;2,36467
202300049519;1;12;2023;21:45;5;973;97302;2;1;1;6;MONTABO (ROUTE DE) 1;4,93636;-52,29637
202300049520;2;4;2023;07:40;1;33;33090;1;1;1;6;AUTOROUTE A 63;44,77634;-0,6478
202300049521;9;5;2023;08:15;1;974;97416;1;1;1;2;RN3 (3);-21,29682;55,50851
202300049522;24;8;2023;19:33;1;2B;2B033;2;2;1;2;PAOLI DU NR 1 A 20 - BLD;42,69767;9,44921
202300049523;3;12;2023;07:50;1;972;97213;1;1;1;1;Z I LA LEZARDE;14,60787;-61,005
202300049524;29;10;2023;02:09;5;75;75110;2;2;8;3;PLACE DE LA BATAILLE DE STALINGRAD;48,883887;2,368628
202300049525;10;5;2023;18:35;1;974;97411;2;9;1;6;LATTRE DE TASSIGNY (AVENUE MARECHAL DE);-20,88756936;55,47236323
202300049526;2;4;2023;14:45;1;91;91174;1;1;1;3;RN 104;48,61781;2,45674
202300049527;25;8;2023;12:12;1;971;97101;1;9;1;1;BAZIN;16,26951172;-61,49876654
202300049528;2;4;2023;11:45;1;91;91521;1;1;8;7;RN 104;48,63357;2,40074
202300049529;10;5;2023;04:40;4;974;97411;1;1;1;7;COLORADO (CHEMIN DU);-20,90148;55,42605
202300049530;24;8;2023;17:20;1;971;97107;2;1;1;1;GALBAS (CHEMIN DES );16,04822;-61,57051
202300049531;28;10;2023;23:55;5;94;94058;2;1;3;3;Boulevard d'Alsace-lorraine;48,85223759;2,51094662
202300049532;2;4;2023;09:15;1;92;92050;1;1;1;6;A14;48,89493716;2,22826373
202300049533;25;8;2023;19:48;2;2A;2A004;2;1;1;6;SARTENE ANCIENNE ROUTE;41,93;8,78
202300049534;2;12;2023;19:45;3;972;97213;1;6;1;3;ROUTE DEPARTEMENTALE 14 BIS;14,61857;-61,03168
202300049535;29;10;2023;21:00;5;94;94046;2;1;1;6;Avenue du Général Leclerc;48,813607;2,425997
202300049536;9;5;2023;09:55;1;974;97407;1;9;1;2;MASCAREIGNES(BOULEVARD);-20,93587;55,30918
202300049537;3;12;2023;02:35;3;972;97213;1;1;2;6;ROCADE (RUE DE LA);14,61;-61
202300049538;2;4;2023;18:30;1;77;77018;1;1;1;6;A4;48,83764217;2,81467222
202300049539;25;8;2023;18:20;1;95;95268;2;3;1;3;D125E;48,97399;2,39908
202300049540;10;5;2023;17:15;1;973;97302;2;1;1;1;MADELEINE (ROUTE DE LA);4,9386968;-52,2999258
202300049541;29;10;2023;10:00;1;94;94028;2;6;2;3;Boulevard Jean-baptiste Oudry;48,76936;2,46106
202300049542;1;4;2023;22:05;3;75;75112;1;1;2;3;A4;48,825146;2,463772
202300049543;2;12;2023;15:45;1;972;97209;2;1;1;5;RD 41 (ROCADE);14,60903;-61,06703
202300049544;28;10;2023;18:20;1;94;94071;2;2;2;6;Rue Albert Dru;48,76325445;2,52318151
202300049545;30;3;2023;01:53;5;75;75119;2;1;1;6;BOULEVARD SERURIER;48,891876;2,395332
202300049546;25;8;2023;23:30;5;95;95563;2;2;1;1;D928;49,009211;2,255643
202300049547;10;5;2023;14:40;1;973;97302;2;4;2;3;RABAN (ROUTE DE);4,93189;-52,31179
202300049548;1;4;2023;16:11;1;75;75105;2;4;1;7;N/A;48,838474;2,350681
202300049549;2;12;2023;16:16;1;972;97209;1;2;1;3;CHATEAUBOEUF (ROUTE DE);14,61444;-61,05158
202300049550;9;5;2023;06:50;1;973;97302;2;1;2;7;TIGRE (ROUTE DU);4,91132;-52,30813
202300049551;29;10;2023;21:10;5;93;93050;2;3;1;3;Avenue de Verdun / Rue Paul Lafargue;48,86175;2,53641
202300049552;24;8;2023;23:20;5;95;95219;2;3;1;6;D909;48,98105;2,27029
202300049553;30;3;2023;13:18;1;75;75119;2;1;1;7;AVENUE CORENTIN CARIOU;48,896943;2,385009
202300049554;1;12;2023;16:25;2;69;69384;2;2;3;1;Cours d'Herbouville;45,77934;4,84131
202300049555;8;5;2023;06:00;2;973;97302;2;1;1;2;BADUEL (ROUTE DE);4,93448336;-52,31137562
202300049556;1;4;2023;17:25;1;75;75116;2;3;8;6;AVENUE RAYMOND POINCARE;48,863394;2,286967
202300049557;26;8;2023;11:25;1;91;91549;2;6;8;3;MARE AU CHANVRE (RUE DE LA);48,62651;2,34179
202300049558;2;12;2023;21:20;5;971;97101;1;1;1;2;RN1 ROCADE DE CHAUVEL;16,24572;-61,525
202300049559;31;3;2023;13:30;1;75;75116;2;1;1;3;ROUTE DE LA PTE DES SABLONS A LA PTE MAI;48,8767;2,273418
202300049560;24;8;2023;10:09;1;87;87085;2;1;1;2;SABLARD (AVENUE DE);45,82818;1,28213
202300049561;1;12;2023;18:30;5;971;97113;1;1;1;3;RN4 - SECTION RIVIERA;16,21757288;-61,49482369
202300049562;9;5;2023;08:05;1;972;97213;2;3;1;3;ROUTE DEPARTEMENTALE 14;14,62311;-61,01881
202300049563;24;8;2023;16:40;1;87;87085;1;1;1;7;GORDINI ( RUE AMEDEE);45,8922;1,27878
202300049564;31;3;2023;19:00;1;75;75115;2;2;1;2;BOULEVARD LEFEBVRE;48,831016;2,29234
202300049565;27;8;2023;02:10;3;86;86158;2;1;1;6;Rue des Cosses;46,62819;0,33656
202300049566;3;12;2023;20:45;5;2A;2A004;2;1;1;3;NAPOLEON COURS AVANT BEVERINI;41,931;8,74
202300049567;1;4;2023;15:50;1;75;75113;2;3;1;3;BOULEVARD VINCENT AURIOL;48,83381;2,36516
202300049568;10;5;2023;07:25;1;972;97209;2;1;1;3;AVE CAMILLE DARSIERES;14,59583;-61,05884
202300049569;25;8;2023;18:30;1;86;86066;2;1;1;6;Rue de la Croix de Piétard;46,81987;0,51857
202300049570;9;5;2023;00:23;5;972;97209;2;1;1;6;RAVINE VILAINE (CHEMIN DEPARTEMENTAL DE);14,63333;-61,05957
202300049571;2;12;2023;18:20;5;91;91027;2;6;1;6;AV BOURBONNAIS;48,70637;2,39531
202300049572;25;8;2023;16:45;1;85;85191;1;9;1;6;RD 948;46,692661;-1,472582
202300049573;1;4;2023;01:20;5;75;75113;2;1;2;6;QUAI D AUSTERLITZ;48,84066753;2,36962974
202300049574;1;4;2023;18:30;1;75;75110;2;2;2;6;Rue de l'Echiquier;48,870967;2,353201
202300049575;2;12;2023;15:56;1;91;91223;2;1;1;3;RD 191;48,44072;2,14345
202300049576;25;8;2023;22:30;5;83;83129;2;3;1;3;DE GAULLE (PROMENADE CHARLES);43,11442606;5,80978203
202300049577;10;5;2023;13:25;1;69;69389;2;2;1;1;Rue Maurice Béjart;45,78838;4,79326
202300049578;26;8;2023;19:20;1;83;83050;2;1;1;6;JOFFRE(BOULEVARD DU MARECHAL);43,53732;6,4613
202300049579;1;4;2023;17:30;1;75;75110;2;3;8;3;BOULEVARD DE MAGENTA;48,881417;2,351445
202300049580;9;5;2023;12:05;1;69;69384;2;1;1;6;56 Quai Joseph Gillet;45,78079;4,81206
202300049581;25;8;2023;14:10;1;80;80001;2;1;1;6;CANOTIERS (des);50,095626;1,831512