Num_Acc;jour;mois;an;hrmn;lum;dep;com;agg;int;atm;col;adr;lat;long
202300049582;3;12;2023;17:30;5;78;78401;2;2;1;3;AULNES (AVENUE DES);49,010296;1,903816
202300049583;1;4;2023;13:30;1;75;75110;2;3;1;3;BOULEVARD DE MAGENTA;48,875665;2,356616
202300049584;1;4;2023;15:10;1;75;75108;2;9;1;3;RUE DE ROME;48,876294;2,323546
202300049585;9;5;2023;10:30;1;69;69389;2;3;1;3;32 Rue de Bourgogne;45,77746;4,80348
202300049586;3;12;2023;16:15;1;72;72181;2;1;1;7;CHURCHILL WINSTON (BD) N° PAIRS DE 2 A 8;47,99188;0,22556
202300049587;26;8;2023;07:00;2;77;77447;2;1;1;6;MELUN (RUE DE);48,55707792;2,55747117
202300049588;1;4;2023;16:40;1;75;75103;2;2;1;6;RUE AUX OURS;48,86339956;2,35096157
202300049589;3;12;2023;05:00;5;65;65100;2;1;1;6;Rue Rene Cassin;43,2623;0,05831
202300049590;26;8;2023;06:30;2;77;77438;2;1;1;2;D934;48,866919;2,674946
202300049591;1;4;2023;12:50;1;75;75104;2;1;1;1;VOIE GEORGES POMPIDOU;48,85668;2,34836
202300049592;2;12;2023;17:55;3;64;64260;2;1;1;1;CORNICHE (ROUTE DE LA);43,37759;-1,73774
202300049593;8;5;2023;16:30;1;69;69034;2;2;1;3;Avenue Barthélémy Thimonnier;45,80607188;4,8725559
202300049594;20;8;2023;19:17;1;77;77111;2;1;1;6;AV RENE GOSCINNY;48,8707;2,78337
202300049595;1;4;2023;14:52;1;94;94042;2;1;1;2;Rue de Paris;48,8181;2,46637
202300049596;3;12;2023;11:30;1;63;63113;2;2;1;3;Tram Mitterrand/Rabanesse;45,77065615;3,08674514
202300049597;1;4;2023;15:00;1;94;94041;2;2;1;2;Avenue Georges Gosnat;48,8123;2,38628
202300049598;8;5;2023;14:45;1;69;69382;2;2;1;3;Rue de Condé;45,75101;4,83059
202300049599;25;8;2023;08:40;1;77;77186;2;3;1;3;CONSTANCE (BOULEVARD DE );48,39817;2,69071
202300049600;3;12;2023;07:40;1;63;63113;2;6;1;6;QUINET (BD EDGAR);45,80402853;3,11937958
202300049601;1;4;2023;17:30;1;94;94073;1;9;2;3;Rue du Bas Marin;48,75565;2,38542
202300049602;25;8;2023;15:45;1;76;76599;2;1;1;6;route de Lyons la Forêt;49,43189;1,15846
202300049603;1;4;2023;07:40;1;94;94021;2;1;1;6;Avenue du 8 Mai 1945;48,76516;2,35638
202300049604;10;5;2023;20:15;2;2B;2B033;2;1;1;2;ROUTE ROYALE;42,67;9,42
202300049605;3;12;2023;19:05;5;61;61006;2;6;2;3;D958;48,725568;-0,014476
202300049606;25;8;2023;15:40;1;76;76481;1;1;1;1;GOLF (CHEMIN DU);49,56853;0,13463
202300049607;1;4;2023;19:40;1;93;93066;2;2;2;3;Cours du Ru de Montfort / Avenue Leroy des Barres;48,92848;2,36892
202300049608;24;8;2023;14:05;1;76;76351;2;1;1;7;PABLO PICASSO (AVENUE) ;49,5042;0,16415
202300049609;3;12;2023;19:45;5;59;59183;2;1;1;6;RD 601;51,02211;2,33748
202300049610;9;5;2023;07:50;1;971;97101;2;1;1;1;PAGES;16,2487;-61,50815
202300049611;1;4;2023;17:45;1;93;93064;2;3;2;1;Rue de la Côte des Chênes / Rue du Pré Gentil;48,87190742;2,49313288
202300049612;26;8;2023;10:55;1;73;73065;2;1;2;6;DUCS DE SAVOIE (AVENUE DES);45,56820003;5,92214182
202300049613;2;12;2023;22:20;5;56;56260;2;1;3;6;GAMBETTA(PLACE);47,65373;-2,75894
202300049614;1;4;2023;16:45;1;93;93064;2;2;2;6;Rue du 4e Zouave / Boulevard de la Boissière;48,87117976;2,47098422
202300049615;8;5;2023;11:20;1;971;97101;1;9;1;3;CARAQUE;16,26116919;-61,49771512
202300049616;25;8;2023;09:20;1;71;71105;2;3;2;6;COUPEE (GRANDE-RUE DE LA);46,30901;4,80599
202300049617;2;12;2023;16:25;1;49;49099;2;2;1;2;BELGIQUE (BOULEVARD DE );47,06693;-0,84271
202300049618;1;4;2023;13:40;1;93;93049;2;2;1;3;Avenue du 18 Juin 1940/ Rue Andre Malraux;48,86235;2,517026
202300049619;25;8;2023;12:05;1;71;71540;1;1;1;1;R.N.80;46,76735;4,45327
202300049620;10;5;2023;20:50;5;2A;2A004;2;1;1;3;PRINCE IMPERIAL RCE RUE FRANCOIS PIETRI;41,93510181;8,7495162
202300049621;1;4;2023;18:45;1;92;92064;2;1;2;2;PASTEUR;48,8417436;2,20132649
202300049622;2;12;2023;17:30;5;45;45147;2;3;1;3;22 Rue Victor Arago;47,926513;1,899007
202300049623;26;8;2023;09:30;1;71;71445;2;3;1;3;RD 978 B;46,76285707;4,89307076
202300049624;1;4;2023;15:40;1;92;92064;2;1;1;2;DAILLY;48,844394;2,220383
202300049625;3;12;2023;05:15;5;35;35278;1;1;1;2;RD 137;48,137828;-1,693669
202300049626;10;5;2023;20:50;2;95;95585;2;2;2;3;D125;48,985307;2,381615
202300049627;25;8;2023;09:40;1;69;69275;2;1;2;5;Rue Elisée Reclus;45,75043;4,9405
202300049628;1;4;2023;14:30;1;92;92025;2;6;1;3;GABRIEL PERI (RUE);48,92297;2,24981
202300049629;3;12;2023;17:20;3;35;35238;1;1;1;3;GAYEULLES (AVENUE DES);48,13941;-1,64181
202300049630;31;3;2023;22:30;5;92;92023;2;1;1;1;GENERAL DE GAULLE (AVENUE DU);48,79039;2,26386
202300049631;26;8;2023;22:20;5;69;69264;2;1;3;7;Rue Gantillon;45,99247;4,72142
202300049632;31;3;2023;18:10;1;35;35177;1;1;2;7;Le Petit Bois;48,224372;-1,743001
202300049633;24;8;2023;11:01;1;69;69290;2;2;1;3;Rue Alfred de Vigny;45,69721;4,93622
202300049634;2;12;2023;11:45;1;29;29232;2;3;7;3;2 Rue du Frugy;47,98774;-4,10809
202300049635;2;4;2023;11:50;1;18;18116;1;2;2;3;N/A;47,219524;2,80544
202300049636;2;12;2023;14:25;1;29;29232;2;1;1;6;10 Rue Michelet;47,989417;-4,108945
202300049637;25;8;2023;08:15;1;67;67267;1;1;3;1;MARECHAL FOCH (RUE DU);48,55;7,6685
202300049638;2;4;2023;08:20;2;21;21638;1;1;2;6;A31;47,545389;5,198185
202300049639;2;12;2023;18:30;5;25;25462;2;2;4;2;MARPAUD;46,90227;6,35438
202300049640;10;5;2023;07:22;1;91;91425;1;1;2;6;AV DE LA DIVISION LECLERC;48,65;2,27
202300049641;25;8;2023;11:17;1;65;65286;1;1;1;4;RN 21 Route de Tarbes;43,11941;-0,03025
202300049642;26;3;2023;11:20;1;35;35006;1;1;4;5;N157;48,07817;-1,14392
202300049643;25;8;2023;21:55;5;64;64130;2;1;1;2;RD811;43,34338;-1,75571
202300049644;3;12;2023;10:50;1;17;17415;2;2;1;1;DUFAURE AVENUE JULES;45,747665;-0,612378
202300049645;9;5;2023;09:00;1;91;91103;2;1;2;6;SALVADOR ALLENDE (AVENUE);48,61864;2,30928
202300049646;31;3;2023;20:55;3;89;89387;1;1;3;1;N/A;48,144669;3,305877
202300049647;3;12;2023;04:45;5;13;13054;2;1;1;1;MARECHAL JUIN (AV DU );43,42018;5,22607
202300049648;30;4;2023;17:20;1;91;91570;2;1;1;2;BOIELDIEU (RUE);48,630803;2,318537
202300049649;26;8;2023;01:18;4;64;64445;2;1;1;3;BERLIOZ;43,31266;-0,35468
202300049650;1;4;2023;00:20;3;56;56153;1;1;6;5;D1;47,608058;-2,386694
202300049651;18;7;2023;06:10;2;77;77083;1;1;1;3;A4.W;48,83392;2,590759
202300049652;27;8;2023;00:35;5;64;64102;2;1;2;7;AQUITAINE (AVENUE DE L');43,48671;-1,46796
202300049653;3;12;2023;18:30;5;13;13203;2;3;1;3;PLOMBIERES (BOULEVARD DES);43,3189;5,37912
202300049654;1;4;2023;06:00;3;76;76663;2;1;2;6;8 Cote des Petites Dalles;49,805623;0,531603
202300049655;10;5;2023;06:25;2;91;91477;2;1;2;2;MAURICE BERTEAUX (RUE);48,71773;2,24067
202300049656;25;8;2023;12:35;1;64;64024;2;9;1;3;BAYONNE (AVENUE DE);43,48419;-1,50227
202300049657;30;3;2023;12:05;1;2A;2A130;2;1;1;6;boulevard marie-jeanne bozzi;41,892343;8,805177
202300049658;8;5;2023;20:20;1;91;91514;1;1;1;7;CD 33;48,666;2,527
202300049659;2;12;2023;16:05;1;12;12145;1;1;1;1;GUYENNE (AVENUE DE);44,0909;3,07451
202300049660;31;3;2023;23:00;3;65;65121;1;9;1;6;D935;43,360758;0,069104
202300049661;3;12;2023;09:53;1;6;6088;1;1;1;6;MERCANTOUR (BD);43,7145693;7,1871281
202300049662;17;7;2023;18:00;1;77;77121;1;1;1;2;A4;48,831263;2,682284
202300049663;25;8;2023;11:25;1;64;64102;2;6;2;7;CONTE DE CABARRUS (COURS DU);43,48171;-1,48622
202300049664;2;4;2023;11:30;1;11;11401;1;1;1;6;N/A;42,906054;2,721342
202300049665;10;5;2023;18:30;1;91;91027;2;2;1;3;AV JEAN PIERRE BENARD;48,708614;2,382403
202300049666;3;12;2023;10:15;1;75;75116;2;1;1;2;PORTE DE SAINT CLOUD;48,839637;2,254165
202300049667;1;4;2023;22:50;5;89;89025;2;1;8;7;rue de Plausse;47,494969;3,91639
202300049668;25;2;2023;00:30;3;9;9332;1;1;1;6;D29;43,091817;1,654408
202300049669;24;8;2023;11:21;1;64;64024;2;1;1;3;ROUTE DE PITOYS;43,46335;-1,50861
202300049670;9;5;2023;09:20;1;91;91027;2;9;2;6;AV D'ALSACE LORRAINE;48,70588;2,37141
202300049671;1;4;2023;18:45;1;63;63456;1;1;1;6;departement 909 - PK 12+400;45,4254551;3,25307933
202300049672;2;12;2023;14:40;1;75;75117;2;1;1;4;PORTE D ASNIERES;48,893172;2,303521
202300049673;9;5;2023;07:40;1;91;91432;1;1;3;7;RD 118;48,707132;2,33117
202300049674;29;1;2023;11:25;1;19;19272;2;1;9;6;Lieutenant Colonel Faro (avenue du);45,27787;1,7835
202300049675;26;8;2023;10:10;1;63;63113;2;5;8;1;FONTGIEVE (RUE);45,78235;3,07317
202300049676;2;4;2023;18:45;1;25;25079;1;3;2;3;Intersection D9/D48;46,911919;6,116067
202300049677;10;5;2023;10:15;1;91;91469;1;1;2;7;VAUVERT (ROUTE DE) CD49;48,4116;2,14395
202300049678;2;12;2023;12:55;1;75;75117;2;1;1;4;PORTE D ASNIERES;48,888911;2,294871
202300049679;17;7;2023;19:30;3;974;97411;1;1;1;6;MONTAGNE (ROUTE DE LA);-20,88814;55,43724
202300049680;2;4;2023;10:00;1;29;29277;1;1;1;2;Lohennec;48,369508;-4,073911
202300049681;5;5;2023;17:10;1;88;88160;1;1;1;6;UZEFAING (chemin);48,15651477;6,51135206
202300049682;25;8;2023;07:00;2;63;63113;2;2;8;1;MAYER (BD DANIEL);45,79251;3,09174
202300049683;2;12;2023;12:40;1;75;75119;2;1;1;2;PORTE DE LA VILLETTE;48,900101;2,391479
202300049684;17;7;2023;21:30;5;973;97302;2;1;1;1;MERE THERESA (rue);4,92194;-52,3126
202300049685;2;4;2023;17:25;1;1;1124;1;1;3;1;Route de Varennes;46,45309;5,232905
202300049686;8;5;2023;22:16;5;87;87085;2;1;1;3;LECLERC (AVENUE DU GENERAL);45,84175;1,25844
202300049687;2;12;2023;00:30;5;75;75110;2;1;8;1;BOULEVARD DE MAGENTA;48,871654;2,36013
202300049688;1;4;2023;23:00;3;72;72333;1;2;2;6;D72p;48,037036;0,683668
202300049689;7;5;2023;12:37;1;87;87085;1;1;1;6;AUTOROUTE A20;45,85518;1,27799
202300049690;18;2;2023;03:35;3;30;30221;1;1;1;5;A9;44,033246;4,758539
202300049691;16;7;2023;22:45;5;972;97209;2;2;2;3;ANTOINE SIGER (RUE);14,60522;-61,0715
202300049692;8;5;2023;20:05;1;87;87085;2;1;1;6;DUNANT (AVENUE HENRI);45,82451;1,24501
202300049693;2;12;2023;23:55;5;75;75105;2;2;1;3;RUE MONGE;48,848099;2,350481
202300049694;17;7;2023;19:10;1;69;69034;2;1;1;6;9 Chemin  Petit;45,80666537;4,85736089
202300049695;21;8;2023;17:00;1;62;62498;2;9;1;3;Rue Paul Eluard;50,44384;2,82452
202300049696;18;2;2023;11:00;1;13;13037;1;1;1;3;A7 - PK 245.700 - sens sud nord;43,565824;5,225587
202300049697;2;12;2023;20:45;5;75;75120;2;4;1;6;RUE LE BUA;48,867262;2,403799
202300049698;12;8;2023;22:45;5;60;60057;2;1;1;1;Rue de l'Esterel;49,43292;2,10193
202300049699;17;7;2023;16:45;1;69;69389;2;1;1;1;60 Avenue Barthélémy Buyer;45,75999039;4,80656577
202300049700;5;5;2023;17:42;1;87;87085;1;1;1;4;AUTOROUTE A20;45,84426;1,2781
202300049701;16;2;2023;16:30;1;987;98758;1;1;1;1;PK 2 coté ouest;-16,744;-151,46
202300049702;1;4;2023;17:00;1;30;30055;1;1;1;6;N/A;44,1249;4,2283
202300049703;27;8;2023;00:35;5;59;59650;2;2;1;6;DELORY (RUE GUSTAVE);50,70345;3,2141
202300049704;18;2;2023;16:00;1;988;98821;1;1;1;6;RT1;-22,06078;166,25238
202300049705;3;12;2023;19:30;5;75;75117;2;5;1;3;AVENUE DE VILLIERS;48,88234;2,311757
202300049706;17;7;2023;12:30;1;69;69382;2;2;1;3;Quai Jules Courmont;45,7635;4,838
202300049707;6;5;2023;10:47;1;87;87113;2;1;1;2;JAURES (RUE JEAN);45,8629;1,32319
202300049708;25;8;2023;15:05;1;56;56260;2;1;1;6;Parking de la Gare;47,66461;-2,75376
202300049709;2;4;2023;16:00;1;67;67506;1;9;1;3;PK 472.500 Autoroute A4 sens Paris Strasbourg;48,670247;7,736424
202300049710;24;8;2023;18:05;1;56;56083;2;1;1;7;STANG-ER-GAT (LIEU-DIT);47,787376;-3,270913
202300049711;7;5;2023;03:25;3;87;87085;2;1;1;6;FEYTIAT (RUE DE);45,81782;1,28842
202300049712;2;12;2023;15:35;1;75;75116;2;1;1;2;ALLEE DU BORD DE L EAU;48,858463;2,22728
202300049713;17;7;2023;12:35;1;69;69034;2;1;1;3;114 Quai Clémenceau;45,81214;4,84673
202300049714;7;5;2023;08:27;1;87;87085;2;1;2;6;BASTIAT (RUE FREDERIC);45,88953;1,29077
202300049715;17;7;2023;05:40;2;971;97120;2;1;8;7;CHANZY (BOULEVARD);16,24143;-61,53784
202300049716;16;2;2023;15:15;1;59;59350;1;1;1;6;Avenue Eugene Lesperant;50,657645;2,975845
202300049717;1;4;2023;11:00;1;86;86007;1;1;1;2;A10;46,869814;0,522331
202300049718;24;8;2023;13:40;1;56;56083;1;1;1;2;N/A;47,78844;-3,27633
202300049719;2;12;2023;20:50;5;75;75114;2;2;1;3;AVENUE DU GENERAL LECLERC;48,829596;2,328426
202300049720;17;2;2023;17:20;1;28;28015;1;1;1;7;D18;48,500356;1,765189
202300049721;17;7;2023;00:30;5;95;95585;2;2;1;3;D125;48,98435;2,3871
202300049722;8;5;2023;16:15;1;83;83137;2;1;1;2;BIR-HAKEIM (ROND POINT);43,121458;5,941542
202300049723;2;4;2023;01:30;3;988;98821;1;4;8;6;VE2/Bretelle de sortie Savannah;-22,16365;166,384131
202300049724;18;8;2023;18:29;1;56;56083;2;1;1;2;KERLOIS (LIEU-DIT);47,80132;-3,29845
202300049725;18;2;2023;15:16;1;95;95046;1;1;1;6;RD 14;49,13410629;1,83129479
202300049726;16;7;2023;18:00;1;87;87085;2;1;1;6;VIGENAL (BOULEVARD DU);45,85226;1,25464
202300049727;3;5;2023;06:58;1;80;80021;2;9;1;6;BEAUVILLE CENTRE (BOULEVARD);49,89986;2,31342
202300049728;25;8;2023;13:28;1;54;54482;2;2;1;3;Rue Alexandre 1er;48,7017;6,19956
202300049729;29;1;2023;17:55;5;91;91129;2;1;1;2;5 Avenue d'Arpajon;48,479798;2,320782
202300049730;2;4;2023;03:15;5;971;97111;1;1;1;6;La Coque;16,290535;-61,788579
202300049731;16;7;2023;14:28;1;87;87075;1;3;1;3;RN 21;45,78269;1,20235
202300049732;2;4;2023;18:30;1;2B;2B296;1;1;1;6;D13;42,58456;8,919691
202300049733;17;2;2023;16:15;1;66;66115;1;1;9;3;D11 PK 41-900KM;42,51885376;2,89167076
202300049734;25;8;2023;10:45;1;54;54580;2;3;1;6;Rue Albert Lebrun;49,47118251;5,9308362
202300049735;16;7;2023;09:15;1;87;87085;2;2;1;3;GARIBALDI (AVENUE);45,83446;1,26932
202300049736;8;5;2023;18:20;1;77;77288;2;1;1;6;CARMES  (AVENUE DES);48,548305;2,67083
202300049737;3;12;2023;02:30;5;75;75108;2;2;1;3;AVENUE DE FRIEDLAND;48,874154;2,298916
202300049738;26;8;2023;14:15;1;51;51454;2;1;1;7;VENISE (RUE);49,24569;4,030243
202300049739;1;4;2023;16:00;1;34;34327;1;1;1;1;M68;43,673164;3,957095
202300049740;15;7;2023;16:38;1;87;87085;2;2;1;7;BERTHELOT (AVENUE);45,83608;1,25061
202300049741;18;2;2023;11:20;1;66;66069;1;3;1;3;;42,801014;2,846596
202300049742;25;8;2023;11:45;1;50;50066;1;6;1;3;AVRANCHES (AVENUE D');48,80937;-1,53693
202300049743;2;12;2023;15:30;1;75;75116;2;3;1;6;AVENUE DE VERSAILLES;48,850084;2,276423
202300049744;9;5;2023;17:30;1;77;77449;2;9;2;7;RD 345;48,85161;2,77808
202300049745;17;2;2023;11:24;1;52;52269;1;1;1;7;Rue de Saints-Geosmes;47,835784;5,349741
202300049746;31;3;2023;21:50;5;34;34057;2;2;1;3;18 Avenue Aristide Briand;43,63203;3,896139
202300049747;13;7;2023;20:30;1;87;87085;2;1;1;6;RHIN ET DANUBE (RUE);45,88157;1,29524
202300049748;24;8;2023;21:55;5;50;50129;2;1;1;1;CALIGNY (QUAI DE);49,64174;-1,62149
202300049749;2;4;2023;15:15;1;84;84065;1;1;1;1;798 Ancienne Route de Puget;43,752052;5,299868
202300049750;2;4;2023;06:00;2;83;83071;1;1;1;6;Le Bas Jasson;43,153571;6,226459
202300049751;3;12;2023;19:24;5;94;94073;2;9;1;3;Av du Pdt Franklin Roosevelt;48,76685;2,403742
202300049752;24;8;2023;16:55;1;50;50129;2;3;1;2;NAPOLEON (PLACE);49,64213;-1,62237
202300049753;9;5;2023;08:38;1;77;77058;2;3;2;3;D406;48,831982;2,698868
202300049754;13;7;2023;20:21;1;87;87085;2;3;1;6;GUE DE VERTHAMONT (RUE);45,81484;1,22268
202300049755;17;2;2023;16:20;1;68;68004;2;3;1;3;Rue de Givet;47,6256;7,240634
202300049756;1;4;2023;22:40;5;83;83069;2;1;1;6;St Nicolas;43,126214;6,193875
202300049757;23;8;2023;11:40;1;50;50129;2;1;1;2;ASSELIN (RUE);49,63931;-1,6393
202300049758;3;12;2023;19:05;5;94;94017;2;1;1;2;Avenue Marx Dormoy;48,807168;2,525792
202300049759;8;5;2023;17:15;1;77;77186;1;1;1;1;RD 409;48,41151;2,66467
202300049760;17;2;2023;22:20;5;57;57474;2;1;1;3;88 Rue de Boussange;49,260446;6,157837
202300049761;2;4;2023;06:30;2;13;13014;1;2;1;1;D113;43,520085;5,19936
202300049762;25;8;2023;09:20;1;49;49007;2;1;1;3;Boulevard Jean Sauvage;47,4874;-0,55673
202300049763;3;12;2023;21:20;5;93;93005;2;9;1;1;Av I et Frederic Joliot Curie;48,92966735;2,5096424
202300049764;10;5;2023;09:45;1;77;77131;1;1;3;3;REBAIS (AVENUE DE);48,81612;3,11228
202300049765;16;7;2023;20:30;1;83;83050;2;1;1;1;TUTTLINGEN(AVENUE DE);43,52691;6,4385
202300049766;17;2;2023;23:15;4;57;57032;1;1;1;1;D11;49,087668;6,037996
202300049767;25;8;2023;03:09;3;49;49007;2;1;1;6;PASTEUR AVENUE;47,4771;-0,53164
202300049768;1;4;2023;14:15;1;13;13041;1;1;1;2;Route Departementale 6;43,447912;5,446693
202300049769;17;2;2023;19:10;5;73;73015;2;1;1;6;Route du belvédère;45,397016;6,575245
202300049770;17;7;2023;07:50;1;81;81060;2;1;1;3;RODEZ  (AVENUE DE);44,05614;2,16427
202300049771;3;12;2023;17:30;2;93;93046;2;5;1;3;Boulevard Jean Jaurès / Avenue Montesquieu;48,92254;2,52442
202300049772;24;8;2023;20:10;1;49;49007;2;1;1;6;GAGARINE RUE ET SQUARE;47,44978;-0,56345
202300049773;2;4;2023;05:00;3;3;3298;1;1;8;6;Route Départementale 46;46,3243;3,3716
202300049774;17;2;2023;20:15;5;42;42094;2;1;1;1;Chemin des Monts;45,753668;4,222451
202300049775;25;8;2023;07:45;1;45;45234;2;6;2;3;Avenue de Concyr;47,82892017;1,93641543
202300049776;9;5;2023;07:30;1;76;76351;2;6;2;3;PIERRE NAZE (PLACE);49,496176;0,107832
202300049777;3;12;2023;18:30;5;92;92078;2;1;1;2;VERDUN (AVENUE) (IMPAIRS 1 A 25);48,9356;2,33547
202300049778;2;4;2023;00:30;5;74;74280;2;1;8;6;Rue des clefs;45,871082;6,323404
202300049779;12;7;2023;06:20;1;78;78335;1;1;1;5;RD983;48,98601;1,73123
202300049780;23;3;2023;12:15;1;26;26313;2;1;1;6;101 Avenue de Provence;44,9698888;4,95365381
202300049781;17;2;2023;10:20;1;33;33268;2;3;1;3;Rue du General de Gaulle;45,03984;-0,676839
202300049782;26;8;2023;09:55;1;42;42207;2;2;1;3;Avenue de la Libération;45,47317;4,5163
202300049783;4;12;2023;15:35;1;60;60137;1;2;3;3;D37;49,435685;2,527692
202300049784;17;2;2023;22:45;3;50;50492;1;1;1;6;2 Hameau Barbey;49,081038;-1,019851
202300049785;17;8;2023;11:50;1;42;42330;2;1;1;6;Rue de Bourgeat;45,46652;4,35065
202300049786;6;5;2023;15:35;1;76;76351;2;4;2;5;GENERAL FERRIE (AVENUE);49,50342;0,17963
202300049787;2;4;2023;13:30;1;31;31048;1;1;1;6;Baure;43,449219;1,628691
202300049788;18;2;2023;08:35;1;56;56023;2;1;2;7;Rue du Stade;47,722888;-3,004686
202300049789;3;12;2023;17:50;3;1;1333;1;1;1;1;D1083;45,918651;4,945403
202300049790;15;7;2023;17:30;1;77;77067;1;1;1;1;D.346;48,56049;2,59623
202300049791;25;8;2023;19:44;1;42;42044;2;1;8;5;Rue de la Libération;45,40026;4,35358
202300049792;2;4;2023;10:45;1;35;35072;1;4;1;3;D108;48,25491564;-1,17964491
202300049793;16;2;2023;10:20;1;22;22242;1;1;1;2;D786 LE HONCHET;48,62138287;-2,40095615
202300049794;3;12;2023;14:55;1;73;73269;1;1;8;6;D921c;45,672851;5,777414
202300049795;5;5;2023;22:20;4;76;76351;1;1;1;4;VERDUN (RUE DE);49,50275;0,18954
202300049796;25;8;2023;09:05;1;41;41018;2;1;2;7;BAS RIVIERE;47,57134;1,32488
202300049797;4;12;2023;16:35;1;84;84088;1;1;2;7;D49;44,000749;5,013784
202300049798;17;7;2023;08:10;1;77;77186;1;2;7;3;RD 142 Glandée au grand veneur;48,48082;2,66682
202300049799;31;3;2023;22:00;3;69;69294;1;1;1;5;Autoroute 7  ;45,62936;4,81746
202300049800;4;12;2023;07:50;5;95;95487;2;1;3;6;8 MAI 1945 (RUE DU);49,145419;2,283488
202300049801;10;5;2023;15:15;1;76;76349;1;3;1;2;RD 925;49,90008;1,0512
202300049802;18;2;2023;14:48;1;60;60213;1;1;1;1;N330;49,11857245;2,68707657
202300049803;17;7;2023;20:40;1;77;77131;1;1;1;2;D402 ;48,79745;3,09482
202300049804;31;3;2023;23:14;3;91;91560;1;1;1;6;RN 104;48,66706;2,19177
202300049805;25;8;2023;18:35;2;38;38544;2;3;1;3;JOSEPH SAVIGNE(RUE);45,5094;4,855
202300049806;3;12;2023;20:50;3;95;95529;2;1;1;6;NEUVE (ROUTE);49,170706;2,211256
202300049807;17;2;2023;20:50;3;60;60160;1;1;1;7;D15;49,590893;2,733665
202300049808;29;11;2023;23:00;3;29;29181;1;1;1;7;lotissement de Keranfloch;48,48832652;-4,24142317
202300049809;9;5;2023;20:15;1;76;76217;2;5;1;6;CITE DE LIMES (RUE);49,92752;1,08789
202300049810;26;8;2023;21:10;5;37;37214;2;1;1;2;DE GAULLE (BD CHARLES);47,41011;0,67866
202300049811;31;3;2023;15:05;1;91;91161;1;1;1;4;AUTOROUTE A6;48,69894;2,31261
202300049812;18;2;2023;13:40;1;2;2381;1;1;1;6;Route de Blangy;49,942828;4,087075
202300049813;2;12;2023;20:00;5;974;97410;2;6;1;1;Rond-Point des Plaines;-21,047311;55,717099
202300049814;16;7;2023;12:00;1;76;76231;1;1;2;1;Rue de la Saussaye;49,271;0,997
202300049815;1;4;2023;10:20;5;92;92062;1;1;9;7;A14;48,89302103;2,2348168
202300049816;10;5;2023;20:30;2;74;74012;2;5;1;3;AMOUREUX (RUE DES);46,1904;6,23443
202300049817;26;8;2023;03:45;5;34;34172;2;1;1;3;Avenue des Garrats;43,61003;3,83876
202300049818;17;2;2023;20:45;5;80;80442;1;1;1;7;Rue des Osiers;49,740568;2,977016
202300049819;1;9;2023;19:33;1;30;30334;2;1;1;6;Place des Cordeliers;44,012077;4,41601
202300049820;31;3;2023;16:00;1;93;93005;1;1;1;3;AUTOROUTE A3;48,9588;2,4733
202300049821;17;7;2023;10:00;1;69;69256;2;2;1;3;Avenue de Böhlen;45,7646;4,91931
202300049822;10;5;2023;11:45;1;74;74012;2;4;1;2;ETREMBIERES (ROUTE D');46,18759;6,23253
202300049823;17;11;2023;14:45;1;31;31203;2;1;1;6;34 Avenue du Chêne Vert;43,512835;1,324118
202300049824;1;4;2023;07:10;1;988;98818;2;1;1;6;N°21 RUE GEORGES LEQUES;-22,22977;166,49042
202300049825;26;8;2023;18:50;1;34;34172;2;1;1;4;ORIENT (BOULEVARD D');43,60297;3,88733
202300049826;10;5;2023;08:30;1;72;72181;2;1;1;2;ESTIENNE D'ORVES (BD D');48,01005;0,17125
202300049827;17;7;2023;19:05;1;69;69290;2;5;1;3;Rue de Provence;45,69383;4,92315
202300049828;31;3;2023;20:25;5;974;97411;1;1;1;2;JAURES (BLD 1 JEAN);-20,90085;55,49259
202300049829;4;12;2023;08:45;1;79;79355;1;1;2;4;N/A;46,310096;-0,377537
202300049830;17;2;2023;07:28;1;13;13215;1;1;1;3;A7-Sens Marseille vers Lyon;43,37771;5,35766
202300049831;25;8;2023;02:12;3;34;34336;1;6;1;3;MEDITERRANEE (ROND POINT DE LA);43,32004;3,29336
202300049832;30;9;2023;10:15;1;6;6136;1;1;1;1;2415 Route du Col Saint Jean;43,858854;7,442765
202300049833;8;5;2023;14:05;1;72;72181;2;1;1;2;LIBERATION (AV DE LA) N° PAIRS 2 A 122;48,00469;0,18722
202300049834;31;3;2023;19:10;5;973;97302;1;6;2;3;CRIQUE FOUILLEE (ROND POINT);4,89673;-52,32841
202300049835;4;12;2023;12:50;1;33;33140;1;1;2;6;Le Genestat;44,782574;-0,32209
202300049836;15;2;2023;06:30;5;69;69199;1;1;1;3;Route Départementale 383;45,70257;4,84491
202300049837;25;8;2023;14:05;1;34;34003;2;1;1;3;Route de Rochelongue;43,29926;3,47837
202300049838;29;9;2023;18:10;1;6;6079;2;1;1;6;Boulevard des Écureuils;43,542859;6,942245
202300049839;17;7;2023;05:05;2;67;67482;2;1;1;2;ROMAINS (ROUTE DES);48,5781;7,70354
202300049840;31;3;2023;09:50;1;973;97302;2;1;1;2;EBOUE (ROCADE FELIX);4,9304;-52,31416
202300049841;4;5;2023;16:58;1;72;72181;2;1;1;3;KLOTZ HENRI-PIERRE (AV);48,0201;0,16227
202300049842;23;11;2023;10:40;1;61;61294;2;3;2;3;Intersection D26 / D206;48,641827;0,084108
202300049843;30;9;2023;04:40;3;5;5084;1;1;1;6;N94;44,553888;6,242219
202300049844;17;2;2023;19:41;3;33;33249;1;1;1;4;ROCADE A 630;44,87987;-0,53659
202300049845;26;8;2023;21:00;2;33;33063;2;1;1;3;Parc d'activités des Queyries;44,85119;-0,56072
202300049846;31;3;2023;08:12;1;973;97302;2;1;1;6;BOUDINOT (AUGUSTE) CITE THEMIRE;4,93406238;-52,31926364