Num_Acc;jour;mois;an;hrmn;lum;dep;com;agg;int;atm;col;adr;lat;long
202300049847;16;7;2023;12:11;1;63;63103;2;9;1;3;PEROUSE (RUE DE LA);45,9191;3,07986
202300049848;5;5;2023;18:22;1;72;72181;2;3;1;2;GENESLAY FELIX (AV) N° PAIRS 288 ET plus;47,96927;0,20108
202300049849;30;11;2023;07:20;2;68;68384;2;3;2;6;Faubourg de Mulhouse;47,698484;7,305758
202300049850;29;9;2023;19:25;2;50;50419;1;3;1;3;Rue du Mont Saint Michel;48,960469;-1,474392
202300049851;31;3;2023;18:15;1;69;69388;2;2;8;3;Rue Croix-Barret;45,7371;4,85024
202300049852;18;7;2023;00:15;5;59;59350;1;1;1;6;LANGEVIN RUE DU PROFESSEUR;50,620096;3,083378
202300049853;9;5;2023;03:20;3;71;71497;1;1;1;6;GENERAL DE GAULLE (BOULEVARD DU);46,34981341;4,84947547
202300049854;4;12;2023;19:00;3;25;25436;1;1;2;6;D119;47,334358;6,554589
202300049855;26;8;2023;18:45;1;33;33063;2;3;1;5;Boulevard Alfred Daney;44,86697;-0,57323
202300049856;31;3;2023;15:10;1;972;97209;2;1;1;3;FRANCOIS MITTERAND (PLACE);14,6047335;-61,0644768
202300049857;17;2;2023;17:27;1;33;33487;1;1;1;4;AUTOROUTE A 10;44,95409;-0,45589
202300049858;16;7;2023;07:40;1;57;57491;2;1;1;7;COTE DES GAYES (ROUTE DE LA);49,25126;6,03502
202300049859;9;5;2023;19:30;1;69;69286;2;1;1;3;4 Place Maurice Ravel;45,81725692;4,89735976
202300049860;25;8;2023;19:10;1;33;33318;2;1;1;6;Avenue Jean Jaurès;44,81348238;-0,6125991
202300049861;30;3;2023;15:25;1;971;97120;2;2;1;6;CHANZY (BOULEVARD);16,24112;-61,53602
202300049862;13;7;2023;08:40;1;57;57283;2;1;1;6;AVENUE DE FRANCE;49,25025;6,16006
202300049863;29;9;2023;23:40;3;73;73124;1;1;1;6;N90;45,64942;6,342716
202300049864;3;12;2023;13:50;1;29;29269;1;1;3;7;Kergall;47,94906068;-3,62635686
202300049865;9;5;2023;19:30;1;69;69275;2;1;8;7;21 Rue Michel Servet;45,75969;4,96872
202300049866;17;2;2023;16:15;1;33;33192;1;1;1;3;ROCADE A 630;44,78742;-0,59805
202300049867;25;8;2023;19:35;1;33;33192;2;1;1;2;Rue de Lahouneau;44,77959;-0,61213
202300049868;31;3;2023;12:30;1;95;95197;2;1;3;2;Avenue de la Division Leclerc;48,968804;2,315016
202300049869;30;9;2023;15:00;1;10;10317;1;1;1;6;D17;47,98947044;4,33289027
202300049870;9;5;2023;09:30;1;69;69256;2;1;1;6;7 Chemin de la Ferme;45,78645791;4,91223708
202300049871;16;7;2023;20:10;1;54;54263;1;1;1;3;Avenue Maurice Kriegel Valrimont;49,21032;5,99512
202300049872;29;9;2023;13:10;1;4;4094;1;1;1;1;Route Départementale 4;43,752055;5,804365
202300049873;25;8;2023;10:20;1;33;33063;2;2;1;3;Rue de Pessac;44,82539;-0,5892
202300049874;16;2;2023;23:35;3;33;33366;1;1;1;4;AUTOROUTE A 10;44,98296;-0,42853
202300049875;4;12;2023;07:37;2;1;1350;1;1;1;5;D1083;46,264073;5,280347
202300049876;10;5;2023;10:30;1;69;69264;2;1;1;6;Rue Pierre Berthier;45,98565;4,72767
202300049877;31;3;2023;22:00;3;95;95127;2;2;6;3;Rue Francis Combe;49,045732;2,071387
202300049878;29;9;2023;17:45;2;85;85164;2;6;1;6;D38;46,83021;-2,131427
202300049879;16;2;2023;06:10;3;62;62637;1;1;1;6;A1;50,464173;2,975128
202300049880;25;8;2023;01:30;5;33;33063;2;1;1;6;Quai de Paludate;44,82946;-0,5552
202300049881;7;7;2023;21:38;1;51;51454;2;2;1;3;POMPELLE (RUE);49,25284;4,04929
202300049882;10;5;2023;07:30;1;69;69259;2;1;1;1;Rue Vaillant Couturier;45,72695;4,86073
202300049883;2;12;2023;23:40;3;54;54363;2;1;1;1;Rue de Boudrezy;49,37005398;5,82374096
202300049884;31;3;2023;19:10;1;91;91201;2;2;1;3;AV DE L EUROPE;48,683542;2,432061
202300049885;29;9;2023;20:50;3;87;87191;1;1;1;3;RN21;45,752897;1,058893
202300049886;30;11;2023;17:40;5;7;7313;2;1;8;6;221 Quai Jules Roche;45,31953938;4,76400554
202300049887;17;2;2023;07:30;2;78;78208;1;1;2;3;RN12 EXT;48,799603;1,983725
202300049888;24;8;2023;21:45;3;31;31555;2;1;1;3;RUE DU POLE;43,64792;1,42203
202300049889;17;7;2023;07:10;1;51;51055;2;9;1;3;POTIERE (RUE);49,27475;4,05753
202300049890;13;6;2023;19:20;1;91;91286;2;1;1;6;PLESSIS (CHEMIN DU);48,65288;2,38521
202300049891;30;3;2023;17:10;1;83;83061;1;9;1;3;D8;43,4188266;6,70322156
202300049892;9;5;2023;17:00;1;69;69290;2;2;3;3;Rue de la Cité de l'Abbé Pierre;45,69516;4,93103
202300049893;30;9;2023;05:00;3;72;72031;1;1;1;6;A11 - PK 146+100 - sens LE MANS/PARIS;48,07794753;0,48315883
202300049894;27;11;2023;19:20;3;7;7157;1;1;2;6;D86;44,617814;4,734464
202300049895;14;7;2023;04:57;5;49;49007;2;1;1;7;CHURCHILL AVENUE ET SQUARE;47,44881;-0,55977
202300049896;10;1;2023;09:30;1;85;85112;1;1;8;6;Rue du 8 mai 1945;46,55044;-1,764641
202300049897;16;2;2023;04:50;3;93;93007;1;1;1;2;AUTOROUTE A1;48,94353;2,43618
202300049898;31;3;2023;13:50;1;77;77058;2;1;1;3;GENETS (BOULEVARD DES);48,83962241;2,72118207
202300049899;26;8;2023;17:40;1;28;28134;1;6;1;3;ROND POINT DES CORALINES SUD;48,74457;1,34686
202300049900;3;12;2023;22:45;3;53;53276;1;1;2;6;d32;48,148994;-0,256763
202300049901;29;9;2023;18:55;2;6;6085;1;1;1;2;A8, PK 166 chaussée nord;43,5820296;7,0144145
202300049902;10;5;2023;18:50;1;67;67482;2;3;1;3;ELMERFORST (RUE D );48,56355;7,71192
202300049903;17;7;2023;18:15;1;45;45234;2;1;1;6;Rue Léopold Sédar Senghor;47,839;1,93079
202300049904;31;3;2023;21:00;2;76;76540;2;6;1;6;Boulevard de l'Europe;49,43097;1,079
202300049905;26;8;2023;11:30;1;27;27681;2;1;1;6;ROUEN (AVENUE DE);49,1;1,47247
202300049906;17;2;2023;09:00;1;95;95241;1;1;2;2;RN 104;49,04671;2,43817
202300049907;2;12;2023;13:15;1;31;31349;1;1;1;6;A64;43,225615;1,055664
202300049908;13;6;2023;14:45;1;85;85191;2;2;1;3;57 Rue boileau;46,672969;-1,423684
202300049909;16;7;2023;23:50;3;44;44184;1;1;1;6;N/A;47,286074;-2,250791
202300049910;29;9;2023;19:50;3;57;57333;1;1;1;1;Route Nationale 4 PR 24+700 sens PHALSBOURG vers SARREBOURG;48,748891;7,132892
202300049911;8;5;2023;13:00;1;67;67267;2;3;1;3;PERIGORD (RUE DU);48,55985;7,67867
202300049912;30;3;2023;14:50;1;76;76351;2;2;1;3;JULES VALLES;49,513848;0,176015
202300049913;26;8;2023;16:15;1;27;27229;2;1;1;2;MENDES FRANCE (RUE PIERRE);49,03163;1,15239
202300049914;12;6;2023;11:00;1;78;78418;1;6;1;7;HUIT MAI 1945 (RUE DU);48,915819;2,143072
202300049915;17;2;2023;10:40;1;95;95219;1;1;8;3; A115;48,9893669;2,24385774
202300049916;29;9;2023;19:50;1;72;72386;1;6;1;7;Rond point de Auvours - RD323/RD314;48,009727;0,306316
202300049917;16;7;2023;19:50;1;42;42095;2;2;1;2;Rue de Saint-Just-Malmont;45,38371;4,29072
202300049918;4;12;2023;10:00;1;31;31187;2;1;1;3;D632 - PK 18.500;43,531111;1,220255
202300049919;30;3;2023;08:10;1;72;72181;2;1;1;1;CHAMPION HENRI (RUE) N° PAIRS;47,98257;0,23072
202300049920;16;2;2023;20:10;3;95;95060;1;1;1;6;A115;49,04241798;2,18856615
202300049921;9;5;2023;08:50;1;67;67482;2;3;8;3;CANONNIERS (RUE DES);48,55444;7,76624
202300049922;25;8;2023;13:20;1;27;27229;2;2;1;2;SAINT SAUVEUR (RUE);49,02763;1,14404
202300049923;31;3;2023;17:20;1;71;71076;2;1;1;6;11 NOVEMBRE 1918 (RUE);46,78;4,84
202300049924;30;9;2023;14:40;1;60;60142;2;6;1;3;D922;49,100415;2,528685
202300049925;5;5;2023;18:00;1;67;67043;2;1;1;6;REICHSTETT (RUE DE);48,61743242;7,73383319
202300049926;3;12;2023;19:58;3;84;84014;1;1;1;2;A51 PK 058.150;43,716264;5,736473
202300049927;17;7;2023;09:30;1;38;38151;2;3;1;3;GRUGLIASCO (AVENUE DE );45,15056;5,71287
202300049928;12;6;2023;23:20;3;77;77495;1;1;1;6;D346;48,55936;2,61849
202300049929;16;2;2023;09:50;1;95;95018;1;1;1;5;A15;48,95083853;2,27990658
202300049930;28;3;2023;22:20;5;69;69266;2;6;1;3;28 Rue Edouard Aynard;45,75994;4,87588
202300049931;26;8;2023;21:00;5;25;25204;2;1;2;6;R-N 57.;46,92326;6,33973
202300049932;4;9;2023;11:20;1;988;98831;1;1;1;7;RT1;-21,053344;164,712138
202300049933;5;5;2023;17:30;1;67;67482;2;3;2;6;COULAUX (RUE);48,57282;7,79452
202300049934;31;3;2023;08:25;1;69;69092;1;1;1;6;Route du Saule d’Oingt;45,98079;4,66559
202300049935;30;11;2023;16:55;3;72;72096;1;1;1;2;A81;48,03137418;-0,00057578
202300049936;17;2;2023;00:20;4;77;77249;1;1;8;7;RN104;48,73321171;2,61033847
202300049937;17;7;2023;16:15;1;35;35238;1;1;1;4;RN136;48,08375;-1,64242
202300049938;24;8;2023;16:20;1;19;19031;2;3;1;2;Avenue Alsace Lorraine;45,15357;1,53904
202300049939;8;5;2023;11:50;1;67;67267;2;1;1;6;MARECHAL FOCH (RUE DU);48,55585;7,67995
202300049940;31;3;2023;08:00;1;69;69290;2;1;1;3;Rue Jean Zay;45,70648896;4,91197482
202300049941;4;12;2023;19:33;3;6;6155;1;9;2;6;A8, chaussée Nord, Pk 170.000;43,603353;7,062031
202300049942;30;9;2023;11:50;1;77;77046;1;2;1;3;D410;48,260784;2,443997
202300049943;12;6;2023;11:40;1;76;76384;2;1;1;6;GOUBERMOULINS (RUE);49,52947;0,54623
202300049944;17;7;2023;11:15;1;34;34003;2;9;1;3;25 Rue de la Republique;43,310942;3,470767
202300049945;31;3;2023;15:10;1;68;68056;1;1;6;6;Rue de Folgensbourg;47,719794;7,343207
202300049946;15;2;2023;10:50;1;34;34301;2;3;1;1;677 Boulevard de Verdun;43,41294;3,68395
202300049947;25;8;2023;19:45;2;17;17415;2;1;7;6;Avenue Gambetta;45,746654;-0,623542
202300049948;3;12;2023;16:40;1;31;31506;2;1;1;6;4 Rue des Comores;43,55616697;1,5243879
202300049949;13;6;2023;23:45;5;74;74012;2;2;1;6;BAUD (RUE DU DR FRANCIS);46,1978;6,2386
202300049950;29;9;2023;19:30;2;84;84097;2;1;1;3;route de colonzelle;44,36395;4,911173
202300049951;25;8;2023;11:05;1;16;16166;1;6;1;6;MERMOZ (AVENUE JEAN);45,66877;0,22097
202300049952;10;5;2023;13:20;1;64;64284;2;1;2;4;8 MAI 1945 DU;43,2809;-0,38595
202300049953;17;7;2023;15:30;1;33;33522;2;1;1;2;Cours Maréchal Gallieni;44,82505579;-0,58983386
202300049954;30;3;2023;18:30;1;67;67365;2;3;1;3;GENERAL LECLERC (RUE DU);48,54961;7,71005
202300049955;16;2;2023;03:00;5;31;31555;2;1;1;6;198 Avenue de Grande Bretagne;43,60179;1,41105
202300049956;29;9;2023;19:00;2;52;52353;2;1;1;7;Rue du Bosquet;48,035806;5,341732
202300049957;1;12;2023;15:10;1;11;11262;1;1;2;1;N/A;43,161601;3,144987
202300049958;12;6;2023;09:52;1;74;74298;1;1;1;1;MONT-BLANC (ROUTE DU);46,16805;6,27125
202300049959;17;7;2023;17:49;1;32;32013;2;9;7;6;ANCIEN FOIRAIL (PLACE);43,6486348;0,58349311
202300049960;15;2;2023;09:10;1;92;92024;2;1;1;6;VICTOR HUGO (BD);48,9036152;2,320418
202300049961;9;5;2023;15:55;1;64;64445;1;1;2;2;EUROPE DE L';43,32157;-0,31225
202300049962;31;3;2023;01:13;5;66;66136;2;1;1;1;N/A;42,69422;2,89
202300049963;3;12;2023;18:20;3;60;60541;1;1;1;6;Autoroute A1 PK 53+400-Lille/Paris;49,28960497;2,69172335
202300049964;13;6;2023;08:15;1;72;72181;2;9;1;3;RUBILLARD AV N° PAIRS 118 ET >;48,0132;0,1746
202300049965;26;8;2023;21:00;5;13;13054;2;3;2;3;LACANAU (AV DE );43,40879;5,22561
202300049966;29;9;2023;21:00;3;73;73211;1;4;1;6;D925;45,71880029;6,49562627
202300049967;9;5;2023;08:30;1;64;64445;2;1;1;6;TRISTAN DEREME;43,30752;-0,35127
202300049968;14;2;2023;14:35;1;71;71306;1;1;1;6;DANTON (RUE);46,67585;4,36429
202300049969;16;7;2023;11:50;1;30;30007;2;1;1;1;Quai de la Brigade du Languedoc;44,1201;4,0894
202300049970;4;12;2023;16:20;1;974;97403;2;1;1;6;Entre-Deux;-21,249797;55,47172
202300049971;31;3;2023;07:45;1;64;64445;2;4;8;6;GERARD DE NERVAL;43,294684;-0,364151
202300049972;13;6;2023;08:30;1;71;71497;1;1;1;2;GENERAL DE GAULLE (BOULEVARD DU);46,33916;4,84685
202300049973;26;8;2023;22:30;5;13;13208;2;1;2;6;PRADO (AVENUE DU);43,26229;5,37558
202300049974;29;9;2023;08:50;1;69;69225;1;4;1;3;Route de la Bussière;45,874425;4,410968
202300049975;9;5;2023;17:15;1;64;64024;2;9;2;6;BAYONNE (AVENUE DE);43,4808;-1,51327
202300049976;14;2;2023;17:49;2;6;6030;2;1;1;6;PERIER (LE CANNET);43,56656;6,99151
202300049977;15;7;2023;19:00;1;28;28218;2;1;7;3;Rue de Lattre de Tassigny;48,43422;1,45762
202300049978;3;12;2023;16:50;1;973;97305;1;1;1;1;RN1 PK 19.800;4,964035;-52,435416
202300049979;30;3;2023;16:00;1;64;64348;2;1;7;2;ERCKMAN CHATRIAN;43,32518;-0,38302
202300049980;26;8;2023;16:08;1;13;13203;2;1;1;2;BELLE DE MAI (RUE);43,31265;5,38528
202300049981;9;5;2023;13:00;1;64;64102;2;1;2;6;LAHUBIAGUE (AVENUE);43,48329;-1,48331
202300049982;12;6;2023;08:41;1;66;66136;2;1;1;6;LECLERC (AVENUE DU GENERAL);42,70161;2,89058
202300049983;14;2;2023;08:20;1;83;83129;2;1;7;6;REPUBLIQUE (AVENUE DE LA);43,09224;5,84124
202300049984;21;9;2023;20:15;5;69;69143;2;1;3;1;Avenue Carnot;45,88784454;4,82965521
202300049985;30;3;2023;14:30;1;64;64102;2;1;1;3;AQUITAINE (AVENUE DE L');43,48632;-1,46527
202300049986;16;7;2023;22:05;2;19;19275;1;1;1;6;LA COSTE;45,51868438;2,30167866
202300049987;8;5;2023;19:25;1;64;64102;2;6;1;3;ROND POINT DU GRAND BASQUE;43,49109;-1,45415
202300049988;12;6;2023;12:25;1;64;64445;2;1;1;2;GASTON PHOEBUS;43,30242;-0,37979
202300049989;25;8;2023;14:19;1;13;13204;2;1;1;5;ALEX. FLEMING (BOULEVARD);43,31608;5,39406
202300049990;16;2;2023;16:40;1;974;97416;2;1;1;6;SUFFREN(RUE);-21,3355;55,47327
202300049991;17;7;2023;13:00;1;17;17415;1;1;1;2;Route Nationale 137;45,72539;-0,64586
202300049992;30;3;2023;14:25;1;64;64102;2;1;1;3;DE GAULLE (PLACE DU GENERAL);43,49365194;-1,47583187
202300049993;28;7;2023;10:00;1;73;73023;1;3;1;3;D215;45,225129;6,73522
202300049994;28;9;2023;18:00;1;65;65059;2;3;1;3;Av des Victimes du 11 Juin 1944;43,074002;0,143412
202300049995;13;6;2023;11:20;1;64;64102;2;1;1;6;MOLINIE (AVENUE JEAN);43,49396;-1,48357
202300049996;4;5;2023;12:00;1;62;62666;2;1;1;3;D161E1;50,47013025;2,87518823
202300049997;17;7;2023;11:00;1;6;6029;2;1;1;6;PHALENES (RUE DES);43,55884;7,01693
202300049998;25;8;2023;14:55;1;13;13209;2;4;1;1;MORGIOU (chemin de );43,24257;5,40637
202300049999;10;5;2023;13:12;1;62;62193;1;1;1;6;A216;50,94444;1,905
202300050000;3;12;2023;18:00;3;26;26039;1;1;1;3;D532;45,042402;5,133104
202300050001;30;3;2023;12:28;1;64;64102;2;1;1;2;SOULT (AVENUE MARECHAL);43,48717;-1,48557
202300050002;28;9;2023;15:45;1;33;33273;1;1;1;6;Avenue du Maréchal Leclerc;44,843938;-0,764505
202300050003;15;2;2023;21:50;4;974;97411;2;4;1;3;MONTAGNE (ROUTE DE LA);-20,88624;55,43993
202300050004;13;6;2023;08:50;1;64;64102;2;2;1;3;BASQUE (AVENUE DU GRAND);43,49399;-1,45297
202300050005;25;8;2023;22:10;3;11;11069;2;1;1;7;14 Chemin de la Reille;43,2326;2,3509
202300050006;30;3;2023;18:53;1;63;63063;1;1;1;3;N/A;45,84558;3,11364
202300050007;4;12;2023;11:55;1;26;26064;2;4;2;6;2 Place Génissieu;44,899831;5,01925
202300050008;3;5;2023;08:45;1;61;61169;2;6;1;6;D462;48,730041;-0,579148
202300050009;30;9;2023;02:10;3;85;85226;1;1;1;6;D123;46,763579;-2,029473
202300050010;17;7;2023;10:25;1;75;75116;2;1;1;4;BD PERIPHERIQUE EXTERIEUR;48,869887;2,27151
202300050011;13;6;2023;08:15;1;64;64102;2;1;1;3;ALSACE LORRAINE (BOULEVARD);43,49313;-1,46605
202300050012;16;2;2023;09:05;1;973;97302;2;1;1;3;BADUEL (ROUTE DE);4,93695377;-52,31492043
202300050013;25;8;2023;11:30;1;10;10333;2;1;1;2;ECHENILLY (CD);48,26754;4,04009
202300050014;4;5;2023;15:00;1;59;59508;2;9;1;6;HALLUIN (BOULEVARD D');50,74331;3,13209
202300050015;30;3;2023;08:26;1;63;63014;1;1;1;3;PERIGNAT (ROND-POINT DE);45,74322;3,1386
202300050016;12;6;2023;17:10;1;62;62215;2;2;1;1;Rue de Tlemcen;50,47296;2,9241
202300050017;3;12;2023;20:30;5;1;1027;2;3;9;1;route de lyon;45,84928257;5,11008292
202300050018;17;7;2023;09:55;1;75;75119;2;1;1;4;BD PERIPHERIQUE EXTERIEUR;48,897213;2,394354
202300050019;30;9;2023;02:17;3;85;85003;1;1;1;6;la groulière;46,7604;-1,644452
202300050020;16;2;2023;06:40;1;972;97213;1;1;1;6;ROUTE NATIONALE 1;14,62198;-60,9907
202300050021;29;3;2023;16:03;1;63;63014;2;3;1;2;Roussillon / bretelle parking Auchan sud;45,7545;3,13028
202300050022;12;6;2023;21:25;1;62;62178;2;1;1;6;Rue du Corps du Bois;50,49421;2,52684
202300050023;26;8;2023;09:05;1;7;7281;1;1;3;5;LYON (AVENUE DE);44,9427;4,85435
202300050024;3;12;2023;12:47;1;69;69176;2;1;1;6;Route des Coteaux du Lyonnais;45,67819254;4,69053441
202300050025;31;3;2023;08:45;1;61;61001;2;2;8;7;D955;48,42793;0,07509
202300050026;17;7;2023;12:00;1;75;75115;2;2;1;1;QUAI ANDRE CITROEN;48,847233;2,279175
202300050027;16;2;2023;13:30;1;972;97209;2;1;1;2;ARAWAKS (AVENUE DES);14,61699;-61,04824
202300050028;25;8;2023;10:15;1;7;7281;1;1;1;7;Route de St Romain de Lerps;44,95219;4,82322
202300050029;3;12;2023;16:30;1;65;65338;2;1;1;3;D5;43,131151;0,175288
202300050030;9;5;2023;18:00;1;59;59350;2;1;2;1;CANTELEU RUE DE;50,62728;3,03659
202300050031;31;3;2023;19:05;2;59;59350;2;1;2;3;Boulevard d'Alsace;50,61774;3,06444
202300050032;29;9;2023;16:00;1;69;69290;1;1;1;4;Autoroute 43;45,70188;4,96909
202300050033;25;8;2023;20:20;1;6;6088;2;9;1;6;MADELEINE (BD DE LA);43,69927;7,23873
202300050034;16;2;2023;12:15;1;972;97209;1;1;1;1;ROUTOUTOU (RUE DU);14,60669;-61,06824
202300050035;2;12;2023;19:42;3;86;86062;2;9;9;6;Allée du Haut Poitou;46,650848;0,363851
202300050036;16;7;2023;16:08;1;75;75118;2;2;1;3;BOULEVARD ORNANO;48,897542;2,344683
202300050037;31;3;2023;08:45;1;59;59009;2;3;2;6;OUEST BOULEVARD DE L;50,63537;3,12151
202300050038;29;9;2023;16:00;1;69;69290;1;1;1;6;Rocade est;45,70430117;4,96405363
202300050039;20;5;2023;02:35;5;62;62119;2;9;1;6;D937;50,51363995;2,64870751
202300050040;1;12;2023;15:50;1;33;33324;2;1;1;1;11 Route de Bergerac;44,842124;0,231501
202300050041;10;5;2023;08:10;1;59;59206;1;2;2;3;NAVES (ROUTE DE) OU DEPARTEMENTAL N°114;50,18951;3,27691
202300050042;16;2;2023;09:00;1;69;69385;2;1;1;2;43 Rue Pierre Valdo;45,75025;4,79103
202300050043;25;8;2023;18:10;1;6;6030;2;3;1;6;COTEAUX (AVENUE DES);43,5684918;7,0246025
202300050044;17;7;2023;07:35;1;75;75120;2;2;1;3;AVENUE GAMBETTA;48,864965;2,395545
202300050045;30;3;2023;07:42;2;57;57630;2;3;3;6;GAMBETTA (AV);48,73747;7,05757
202300050046;29;9;2023;18:15;1;91;91103;1;1;1;3;RN 104;48,62484;2,30411
202300050047;3;12;2023;06:35;2;33;33366;1;1;9;3;2090 Route de Libourne;44,983566;-0,410123
202300050048;15;2;2023;12:25;1;69;69382;2;1;1;3;21 Quai Jules Courmont;45,7581;4,83702
202300050049;25;8;2023;13:37;1;5;5061;2;1;1;2;PROVENCE (AVENUE DE);44,53662599;6,0522731
202300050050;13;6;2023;13:50;1;61;61001;2;2;1;2;Avenue Koutiala;48,4267;0,0764
202300050051;9;5;2023;17:30;1;57;57463;2;1;1;4;RN 431;49,11918738;6,23455991
202300050052;29;11;2023;13:30;1;33;33151;1;1;8;6;Grand Moulin Ouest;45,253629;-0,437125
202300050053;31;3;2023;09:05;1;54;54304;2;6;1;3;Avenue de la Libération;48,67731117;6,156344
202300050054;17;7;2023;00:38;5;75;75116;2;2;1;3;ALLEE DE LONGCHAMP;48,874925;2,271112
202300050055;17;2;2023;00:40;3;91;91421;1;1;1;3;NATIONALE 6 (REVEIL MATIN);48,71669;2,44263
202300050056;26;8;2023;00:14;3;5;5023;2;1;2;6;FORGUES (AVENUE DU PROF.);44,90378;6,63587
202300050057;13;6;2023;14:50;1;59;59426;1;9;1;6;CIT;50,75244;3,14034
202300050058;9;5;2023;08:40;1;54;54395;2;2;1;3;Boulevard Jean Jaurès;48,68222;6,17791
202300050059;29;9;2023;08:25;1;91;91687;1;1;1;5;AUTOROUTE A6;48,6631;2,36714
202300050060;29;11;2023;15:00;1;60;60668;1;3;8;3;D149;49,492668;2,088282
202300050061;17;7;2023;20:30;2;75;75114;2;2;1;2;BOULEVARD SAINT JACQUES;48,831952;2,341143
202300050062;30;3;2023;07:10;2;54;54395;2;2;3;6;POINCARE (RUE RAYMOND 1-29-2-30);48,691;6,1751
202300050063;22;8;2023;18:15;1;2;2408;2;1;1;6;LYON (BOULEVARD DE);49,56976;3,62573
202300050064;16;2;2023;09:40;1;86;86157;1;1;1;2;RN 147;46,536512;0,425988
202300050065;13;6;2023;07:40;1;59;59512;2;2;1;1;TOURCOING (RUE DE);50,707127;3,169322
202300050066;8;5;2023;16:45;1;54;54395;2;2;1;3;Rue du Maréchal Oudinot;48,67479107;6,18046403
202300050067;29;9;2023;07:55;1;94;94003;1;1;1;2;A6A;48,80389457;2,3420366
202300050068;3;12;2023;20:44;3;80;80521;1;1;1;2;Autoroute A1 PK 133+00 sens PARIS/LILLE;49,994388;2,875156
202300050069;12;6;2023;09:00;1;59;59368;2;9;1;6;POMPIDOU G. RUE DU PDT.149 - 301;50,65774;3,06404
202300050070;17;7;2023;19:00;1;75;75110;2;3;1;2;BOULEVARD DE LA VILLETTE;48,872571;2,376213
202300050071;16;2;2023;13:10;1;82;82121;2;1;7;3;EUROPE (AVENUE DE L');43,99696;1,33481
202300050072;29;3;2023;17:25;1;52;52121;2;1;1;3;LECLERC (AVENUE GENERAL);48,10866;5,14062
202300050073;10;5;2023;08:10;1;51;51493;1;6;8;2;route de Châlons;49,22768285;4,09964919
202300050074;30;11;2023;23:18;5;13;13202;1;1;1;6;TVPCM-Sens Saint Victor vers Les Ports;43,29529299;5,3631374
202300050075;27;9;2023;19:50;3;92;92025;1;1;1;2;A86;48,93542176;2,2605831
202300050076;26;8;2023;17:15;1;75;75117;2;4;1;2;PORTE DES TERNES;48,883425;2,284172
202300050077;17;7;2023;10:40;1;75;75108;2;1;1;6;RUE WASHINGTON;48,872291;2,301707
202300050078;13;6;2023;08:45;1;59;59155;2;1;1;2;BOERNHOL;51,006186;2,389331
202300050079;9;5;2023;13:50;1;51;51454;2;6;3;7;rue de Brimontel;49,27451672;4,03329939
202300050080;2;12;2023;22:50;5;13;13213;1;1;1;6;A507 sens Aubagne- Marseille;43,32944942;5,41358829
202300050081;17;7;2023;14:00;1;75;75114;2;3;1;7;RUE VERCINGETORIX;48,83339;2,31227
202300050082;12;6;2023;07:15;1;59;59183;2;9;1;3;N/A;51,030266;2,336789
202300050083;28;9;2023;07:30;1;78;78531;1;1;1;4;A13;48,988343;1,657033
202300050084;9;5;2023;12:45;1;51;51454;2;1;2;4;boulevard Marcelin Berthelot;49,27248;4,06344
202300050085;24;8;2023;21:10;5;75;75119;2;1;1;6;TUNNEL BOULEVARD MACDONALD;48,89997;2,38647
202300050086;2;12;2023;18:00;5;83;83137;1;1;1;6;A50;43,12666174;5,89016331
202300050087;17;7;2023;10:40;1;75;75115;2;3;1;7;QUAI D ISSY LES MOULINEAUX;48,835;2,26613
202300050088;8;5;2023;15:45;1;50;50129;2;1;1;6;GAMBETTA (RUE);49,64733;-1,64645
202300050089;12;6;2023;14:00;1;54;54395;2;1;1;4;Pont du millenaire;48,67799;6,20865
202300050090;17;7;2023;19:25;1;75;75102;2;7;1;7;PLACE DE L OPERA;48,870315;2,332704
202300050091;16;2;2023;06:30;3;77;77237;1;1;1;3;D345;48,84359;2,7762
202300050092;9;5;2023;16:54;1;49;49007;2;2;1;3;ROI RENE BOULEVARD;47,46751;-0,55583
202300050093;2;12;2023;14:00;1;83;83137;1;1;1;4;A57;43,12231793;5,95611165
202300050094;28;9;2023;06:40;3;78;78140;1;1;1;5;A13;48,965644;1,923681
202300050095;24;8;2023;09:00;1;75;75112;2;2;1;4;QUAI DE BERCY;48,83866923;2,37572908
202300050096;13;6;2023;14:00;1;54;54051;1;2;1;3;RD 13;49,17608;5,96825
202300050097;15;2;2023;15:15;1;74;74012;2;1;1;6;MERMOZ RUE JEAN);46,19559;6,25151
202300050098;17;7;2023;15:50;1;75;75101;2;2;1;6;BOULEVARD DE SEBASTOPOL;48,861978;2,350175
202300050099;3;12;2023;04:15;3;69;69029;1;1;1;6;Boulevard Laurent Bonnevay;45,73045;4,89926
202300050100;9;5;2023;20:17;1;49;49007;2;1;1;2;LAREVELLIERE;47,47135;-0,52615
202300050101;28;9;2023;06:00;2;78;78238;1;1;1;2;A13;48,969698;1,867391
202300050102;9;5;2023;15:58;1;49;49267;2;6;1;7;GANDHI;47,46929;-0,51951
202300050103;12;6;2023;09:14;1;51;51454;2;2;1;7;SULLY (RUE);49,21277;4,02774
202300050104;2;12;2023;23:15;3;69;69228;1;1;1;6;Autoroute 47;45,54283;4,6562
202300050105;15;2;2023;19:45;5;71;71306;2;1;1;3;CAMILLE DESMOULINS (RUE);46,66563043;4,36633721
202300050106;26;8;2023;11:30;1;75;75105;2;2;1;3;RUE DES ECOLES;48,849597;2,344825
202300050107;3;12;2023;03:45;3;33;33143;1;1;1;2;AUTOROUTE A 10;44,96588851;-0,43908298