Num_Acc;jour;mois;an;hrmn;lum;dep;com;agg;int;atm;col;adr;lat;long
202300050108;17;7;2023;00:20;5;75;75104;2;2;1;2;PONT DE SULLY;48,850809;2,361432
202300050109;9;5;2023;12:25;1;49;49007;2;2;1;2;COPERNIC;47,48205;-0,52238
202300050110;27;9;2023;19:45;3;92;92019;1;1;1;4;RN385;48,77621518;2,23316898
202300050111;12;6;2023;10:15;1;51;51344;1;3;1;3;CUMIERES (ALLEE DE);49,0691;3,93196
202300050112;16;2;2023;16:15;1;69;69286;2;4;1;2;2646 Route de Strasbourg;45,81893;4,89368
202300050113;3;12;2023;06:25;3;91;91377;1;1;1;2;AUTOROUTE A10;48,725;2,3
202300050114;25;8;2023;09:20;1;75;75120;2;3;8;2;RUE DE MENILMONTANT;48,86793;2,386624
202300050115;17;7;2023;12:00;1;94;94028;2;1;1;2;Route de Choisy;48,787141;2,450426
202300050116;27;9;2023;19:00;1;78;78640;1;1;1;2;N118;48,780589;2,222714
202300050117;13;6;2023;03:45;5;50;50129;2;1;1;6;ROUGES TERRES (LES);49,60747;-1,59948
202300050118;3;12;2023;10:30;1;95;95365;1;1;4;6;N104;49,06770069;2,39703848
202300050119;16;2;2023;09:00;1;69;69256;2;1;1;6;Avenue Bataillon Carmagnole Liberté;45,75896045;4,92315069
202300050120;9;5;2023;07:50;1;47;47001;2;2;8;3;STRASBOURG (RUE DE);44,199;0,6213
202300050121;15;7;2023;08:50;1;94;94068;2;1;1;6;ETIENNE DOLET (R);48,78827207;2,48804571
202300050122;25;8;2023;02:15;5;75;75120;2;2;1;7;RUE DES PYRENEES;48,861718;2,400188
202300050123;29;9;2023;08:10;1;93;93027;1;1;1;3;AUTOROUTE A86;48,92703;2,4056
202300050124;12;6;2023;10:49;1;49;49007;2;2;1;6;MENDES FRANCE PLACE;47,47333;-0,54572
202300050125;16;2;2023;15:00;1;69;69290;1;1;1;6;Boulevard des Expositions;45,71939;4,95482
202300050126;9;5;2023;19:42;1;43;43089;2;1;8;6;Avenue Jean Moulin;45,04151;3,87159
202300050127;16;7;2023;20:00;1;94;94016;2;9;1;6;Avenue du Président Wilson;48,78998147;2,32635176
202300050128;29;9;2023;07:00;3;93;93048;1;1;1;6;AUTOROUTE A86;48,86639922;2,48162801
202300050129;26;8;2023;08:30;1;75;75118;2;2;1;6;AVENUE DE LA PORTE DE CLIGNANCOURT;48,899467;2,344091
202300050130;3;12;2023;07:50;3;93;93027;1;1;1;2;AUTOROUTE A86;48,92521284;2,39306196
202300050131;13;6;2023;08:35;1;41;41295;1;1;1;4;RD 956;47,58682;1,36311
202300050132;16;7;2023;21:50;1;94;94028;2;1;1;6;Rue Claude Perrault;48,7786524;2,46480846
202300050133;16;2;2023;09:35;1;66;66136;2;3;1;3;;42,69885;2,877711
202300050134;29;9;2023;08:50;1;94;94079;1;1;1;2;A4;48,8352488;2,53824913
202300050135;25;8;2023;12:05;1;75;75118;2;2;1;6;BOULEVARD NEY;48,898725;2,370369
202300050136;16;6;2023;17:45;1;25;25427;2;1;1;1;5 Chemin du Rang;47,269096;5,878238
202300050137;5;5;2023;00:00;5;42;42218;2;2;1;3;Boulevard Maréchal de Lattre de Tassigny;45,44509;4,36611
202300050138;17;7;2023;11:00;1;94;94022;2;5;1;3;Avenue de Newburn;48,75496;2,4118
202300050139;13;6;2023;14:30;1;38;38185;2;6;1;3;AVENUE DE L'EUROPE;45,15907;5,7342
202300050140;23;7;2023;17:30;1;77;77442;2;1;1;1;D210;48,425278;2,760915
202300050141;15;2;2023;12:35;1;66;66136;2;1;1;2;;42,67756;2,9052
202300050142;1;12;2023;20:35;3;972;97213;2;1;1;6;GEORGES GRATIANT (AVENUE);14,61649;-61,03714
202300050143;26;8;2023;18:15;1;75;75117;2;2;1;3;BOULEVARD PEREIRE;48,88753;2,307491
202300050144;17;7;2023;15:00;1;93;93059;2;1;1;7;Boulevard Pasteur;48,96441;2,36617
202300050145;23;6;2023;21:45;2;55;55544;1;1;1;6;D118b;49,50569532;5,4506135
202300050146;13;6;2023;14:05;1;37;37233;2;2;1;3;BALZAC (RUE HONORE DE);47,38835;0,72297
202300050147;9;5;2023;10:00;1;42;42099;1;4;1;3;Rue Charles de Gaulle;45,39529587;4,26312608
202300050148;17;7;2023;19:10;1;93;93064;2;1;1;6;Boulevard de la Boissière;48,87301927;2,47055114
202300050149;1;12;2023;18:00;5;972;97209;1;1;1;1;REDOUTE (ROUTE DE LA);14,63593;-61,05595
202300050150;25;8;2023;18:15;1;75;75117;2;7;1;6;AVENUE DE VILLIERS;48,88486;2,297914
202300050151;16;2;2023;19:00;5;59;59599;2;2;1;3;MARNE (AVENUE DE LA);50,70980525;3,15289646
202300050152;28;9;2023;11:45;1;988;98818;2;3;1;6;RUE UNGER/ALI RALEB;-22,26182;166,44514
202300050153;2;12;2023;22:55;5;2B;2B033;2;6;6;6;SAMPIERO CORSO - AV;42,67151;9,44257
202300050154;17;7;2023;19:00;2;93;93048;2;1;1;3;Rue Kléber;48,8564258;2,43596836
202300050155;25;8;2023;13:10;1;75;75117;2;1;8;6;AVENUE EMILE ET ARMAND MASSARD;48,888113;2,296315
202300050156;28;9;2023;07:35;1;974;97416;1;1;1;7;CD 29;-21,33616;55,51948
202300050157;13;6;2023;08:50;1;37;37208;2;9;1;3;ECORCHEVEAU (RUE DE L');47,36829;0,73828
202300050158;9;5;2023;17:11;1;38;38151;2;2;3;3;COURS JEAN JAURÈS;45,15189;5,707
202300050159;15;2;2023;20:50;5;59;59350;2;1;1;6;Boulevard Jean-Baptiste Lebas;50,62624;3,06964
202300050160;28;9;2023;08:45;1;973;97302;2;1;1;7;ZEPHIR (ROCADE);4,93649;-52,30739
202300050161;17;7;2023;09:30;1;93;93079;2;1;1;2;Route de Saint-leu;48,9534827;2,33622935
202300050162;25;8;2023;22:55;5;75;75107;2;2;1;3;Quai d'Orsay;48,86259;2,319024
202300050163;13;6;2023;23:54;5;35;35238;2;1;1;1;VOLNEY (BD);48,12455097;-1,66660935
202300050164;11;2;2023;11:40;1;56;56260;2;6;1;6;CHATEAUBRIAND(RUE FRANCOIS DE);47,66294;-2,76219
202300050165;9;5;2023;11:40;1;38;38185;2;1;1;3;MARCEAU (RUE);45,18269;5,72194
202300050166;1;12;2023;18:07;3;2B;2B037;1;1;1;4;TOUTES RUES;42,6157;9,43748
202300050167;28;9;2023;06:15;2;973;97302;2;1;1;7;MADELEINE (ROUTE DE LA);4,90941;-52,32161
202300050168;17;7;2023;11:15;1;93;93029;2;1;1;6;Rue de la République;48,92445031;2,43731898
202300050169;3;12;2023;01:15;5;2A;2A004;2;1;1;-1;MACCHINI EUGENE AVENUE;41,918;8,737
202300050170;13;6;2023;08:45;1;35;35278;1;1;1;2;RD 137;48,15352;-1,70126
202300050171;17;7;2023;13:50;1;93;93013;2;1;1;6;Avenue de la Division Leclerc;48,93017285;2,42083857
202300050172;16;2;2023;19:50;5;54;54184;2;1;1;3;Avenue de Saulxures;48,707946;6,244375
202300050173;10;5;2023;20:10;1;37;37261;2;1;8;3;HOSPITALITE (RUE DE L');47,38949;0,66814
202300050174;28;9;2023;10:04;1;69;69388;2;8;1;3;Boulevard des Etats-Unis;45,73121;4,86619
202300050175;26;8;2023;15:00;1;75;75115;2;3;1;2;RUE DE VAUGIRARD;48,844713;2,318815
202300050176;13;6;2023;12:30;1;34;34301;2;1;1;6;427 Boulevard de Verdun;43,41212;3,68697
202300050177;9;5;2023;09:16;1;37;37214;2;1;2;2;SAINT CYR (QUAI DE);47,39727;0,66539
202300050178;16;2;2023;13:35;1;54;54138;1;1;1;2;52 (ROUTE NATIONALE);49,53555;5,75676
202300050179;28;9;2023;04:15;5;69;69383;2;9;1;6;Rue Paul Bert;45,75707;4,85468
202300050180;17;7;2023;11:35;1;93;93001;2;2;1;3;Avenue Jean Jaurès / Avenue de la République;48,90359223;2,3918442
202300050181;10;6;2023;10:10;1;34;34032;1;1;1;3;RD609;43,31381;3,17883
202300050182;25;8;2023;19:45;1;75;75115;2;1;1;2;RUE DU COLONEL PIERRE AVIA;48,830758;2,276799
202300050183;2;12;2023;10:00;1;95;95277;2;1;1;7;D970;48,98471;2,45912
202300050184;9;5;2023;09:15;1;37;37122;2;2;3;3;BORDEAUX (AVENUE DE);47,35562946;0,69869399
202300050185;28;9;2023;06:15;1;972;97209;1;1;1;2;RD 41 (ROCADE);14,61179;-61,07856
202300050186;17;7;2023;10:00;1;92;92051;2;3;1;3;GENERAL LECLERC (BOULEVARD DU, N° 1 A 27;48,88736539;2,2570155
202300050187;25;8;2023;14:35;1;75;75114;2;7;1;6;RUE DU CHATEAU;48,837445;2,318155
202300050188;2;12;2023;19:50;2;91;91549;2;1;1;6;JACQUES DUCLOS (AVENUE);48,63495;2,34586
202300050189;10;5;2023;17:25;1;35;35051;1;6;2;2;ALLIES (BOULEVARD DES);48,1022991;-1,61021054
202300050190;13;6;2023;20:15;1;31;31555;2;1;1;3;AV FREDERIC ESTEBE;43,62258153;1,43694788
202300050191;29;9;2023;01:40;5;69;69382;2;2;1;6;Place Antonin Poncet;45,75646;4,83337
202300050192;17;7;2023;09:40;1;92;92012;2;1;1;3;MARCEL SEMBAT (PLACE);48,83353239;2,24362627
202300050193;2;12;2023;17:30;5;91;91549;2;3;1;3;GRANDE CHARMILLE DU PARC (AVENUE DE LA);48,64529;2,328742
202300050194;28;9;2023;19:00;2;69;69389;2;1;1;2;3 Quai Paul Sédallian;45,79749;4,82946
202300050195;9;5;2023;11:45;1;35;35278;1;2;2;3;BERTAICHE  (LIEU DIT);48,16259;-1,68389
202300050196;16;2;2023;16:45;1;51;51454;2;6;1;6;avenue Christophe Colomb;49,22874432;4,03671116
202300050197;25;8;2023;19:30;1;75;75112;2;3;1;3;AVENUE DU TREMBLAY;48,829854;2,461061
202300050198;13;6;2023;18:10;1;29;29232;2;2;1;1;Rue President Sadate;47,9788;-4,10188
202300050199;18;7;2023;19:13;1;39;39329;1;1;1;7;N/A;46,788069;6,045249
202300050200;1;12;2023;18:20;5;91;91027;2;1;1;2;AV HENRI DUNANT;48,71999;2,40229
202300050201;27;9;2023;19:20;2;69;69389;2;2;1;3;21 Avenue Sidoine Apollinaire;45,77359;4,79521
202300050202;9;5;2023;08:20;1;35;35238;1;1;1;2;RN136;48,08218;-1,64604
202300050203;16;2;2023;11:15;1;51;51431;2;9;1;6;Rue Jules Lobet;49,02436434;3,94409448
202300050204;2;12;2023;10:50;1;78;78650;2;6;1;1;ETATS UNIS (BOULEVARD DES);48,901871;2,137702
202300050205;27;9;2023;21:50;3;971;97101;2;9;1;3;PALAIS ROYAL;16,28793;-61,49485
202300050206;24;6;2023;20:45;2;35;35126;2;2;1;7;Rue du Championnat;47,970696;-1,796163
202300050207;25;8;2023;09:00;1;75;75112;2;2;1;6;AVENUE DE SAINT MANDE;48,844297;2,410159
202300050208;13;2;2023;12:30;1;50;50129;2;1;1;2;ABBAYE (RUE DE L');49,64498;-1,6361
202300050209;28;9;2023;10:55;1;2A;2A004;2;1;1;6;AVENUE DU DOCTEUR NOEL FRANCHINI;41,94095;8,75597
202300050210;2;12;2023;08:50;1;78;78650;2;1;1;1;GEORGES CLEMENCEAU (AVENUE);48,88588;2,14464
202300050211;9;5;2023;17:30;1;33;33063;1;9;2;4;Boulevard Alienor d'Aquitaine;44,87621;-0,56407
202300050212;12;6;2023;14:10;1;17;17306;1;1;3;4;EXPRESS (VOIE);45,64076;-1,03324
202300050213;17;7;2023;17:50;1;22;22209;2;3;1;3;Rue Paul Vatine;48,572685;-2,137436
202300050214;22;8;2023;12:15;1;75;75112;2;3;1;3;BOULEVARD SOULT;48,838196;2,408438
202300050215;15;2;2023;15:44;1;49;49007;2;1;1;6;LA BRUYERE;47,47713;-0,57542
202300050216;9;5;2023;14:15;1;29;29019;2;1;1;5;avenue Georges Clemenceau;48,39101;-4,48749
202300050217;13;6;2023;14:00;1;17;17300;2;2;1;7;ROBESPIERRE   AVENUE;46,15305;-1,12366
202300050218;28;9;2023;13:20;1;95;95018;2;2;1;6;JEAN JAURES (AVENUE);48,939866;2,228286
202300050219;18;7;2023;12:00;1;68;68044;2;1;1;2;20 Rue du 3e Spahis Algeriens;48,16996;7,12612
202300050220;13;6;2023;18:30;1;13;13117;2;1;1;6;SALYENS ( AVENUE DES );43,44312;5,25251
202300050221;16;2;2023;14:40;1;37;37261;2;7;1;6;FRANCE (PLACE ANATOLE);47,39741;0,68602
202300050222;25;8;2023;23:05;3;75;75109;2;3;1;6;RUE CONDORCET;48,880243;2,342915
202300050223;28;9;2023;12:00;1;91;91421;1;1;1;1;NATIONALE 6 (PARTIE FORET);48,69011;2,46168
202300050224;1;12;2023;07:55;3;77;77284;2;1;8;1;ALLENDE (AV.SALVADOR);48,955562;2,889993
202300050225;17;7;2023;14:30;1;51;51599;1;1;1;3;RD 944 - PK 45;49,092642;4,272158
202300050226;15;2;2023;07:45;1;37;37214;2;1;1;6;HAUTE VAISPREE (RUE DE LA);47,41715;0,65038
202300050227;13;6;2023;17:50;1;13;13209;1;1;8;1;COL DE LA GINESTE D559;43,24256;5,45273
202300050228;18;7;2023;18:00;1;60;60279;1;1;1;6;Nationale 2;49,20898125;2,94225454
202300050229;2;12;2023;19:15;4;76;76540;1;1;1;2;N28;49,438825;1,116964
202300050230;28;9;2023;08:00;2;91;91114;2;1;1;3;RTE NATIONALE 6;48,68949;2,4829
202300050231;13;6;2023;16:10;1;13;13211;2;9;1;2;HENRI MARTINET (ROND POINT );43,29778896;5,47916609
202300050232;17;7;2023;19:40;1;34;34259;1;1;1;6;N109;43,628978;3,773563
202300050233;16;2;2023;11:50;1;35;35238;2;3;2;3;PAYS-BAS (AVENUE DES);48,08701;-1,66107
202300050234;30;11;2023;17:45;5;73;73011;2;1;3;6;CHASSEURS ALPINS (AV.) P. DUROY VERS AV;45,6709138;6,39139776
202300050235;25;8;2023;18:30;1;75;75108;2;7;1;7;PLACE SAINT AUGUSTIN;48,875639;2,318915
202300050236;27;9;2023;17:30;1;91;91691;2;6;1;2;GRANGE(AVENUE);48,723279;2,499099
202300050237;13;6;2023;15:00;1;13;13209;2;1;1;3;LÉON LACHAMP (ROUTE);43,24965;5,44782
202300050238;18;7;2023;08:54;1;62;62767;2;1;1;6;Rue des Carmes;50,381789;2,336187
202300050239;18;1;2023;22:00;5;34;34301;2;1;1;6;2 Boulevard de Verdun;43,41157;3,69179
202300050240;2;12;2023;07:20;5;72;72181;2;1;9;7;SAINT AUBIN (RUE) N° IMP 85 ET >;48,02490226;0,17341018
202300050241;28;9;2023;07:40;1;87;87085;2;3;1;7;LEGENDRE (RUE CHARLES);45,81655;1,24795
202300050242;12;6;2023;17:37;1;12;12089;1;1;2;1;D 963;44,584;2,247
202300050243;9;5;2023;06:45;1;26;26198;1;1;1;3;RN7 (secteur Nord);44,55883465;4,72959157
202300050244;18;7;2023;07:50;1;56;56156;1;1;1;1;PRAT MÉRIEN;48,035339;-3,214488
202300050245;23;8;2023;08:00;1;75;75108;2;2;1;6;BOULEVARD DE COURCELLES;48,880851;2,312565
202300050246;16;2;2023;07:00;5;33;33162;2;3;1;3;Rue de Langlet;44,88943;-0,6312
202300050247;13;6;2023;13:57;1;11;11069;1;1;1;2;ROCADE NORD - RD 6113;43,23007712;2,34273888
202300050248;15;7;2023;23:15;5;56;56240;2;6;2;7;Giratoire de Kergroës;47,5220105;-2,7681309
202300050249;9;5;2023;13:25;1;25;25056;2;1;2;6;ALLENDE  BOULEVARD SALVADOR;47,22061;5,97845
202300050250;27;9;2023;08:05;1;80;80021;2;1;1;3;ELBEUF (RUE D');49,89089;2,27681
202300050251;16;2;2023;12:58;1;32;32013;2;6;1;7;BOURGET;43,63866;0,5933
202300050252;2;12;2023;06:06;5;63;63113;2;6;4;3;MAYER (BD DANIEL);45,79306;3,09592
202300050253;12;6;2023;12:44;1;11;11069;2;1;2;6;27 Boulevard Marcou;43,2119;2,3464
202300050254;9;5;2023;11:30;1;25;25056;2;8;1;6;N/A;47,221923;5,967352
202300050255;26;8;2023;15:32;1;75;75107;2;2;1;3;BOULEVARD DES INVALIDES;48,857939;2,315182
202300050256;16;7;2023;09:25;1;56;56067;1;1;1;6;Lieu dit Cosqueric;47,739338;-2,860479
202300050257;26;9;2023;11:20;1;80;80021;2;1;1;3;PAUL CLAUDEL (AVENUE);49,87527;2,27943
202300050258;16;2;2023;17:05;1;25;25547;2;1;1;6;AVENUE LECLERC;47,51586;6,83313
202300050259;9;5;2023;10:35;1;22;22278;2;1;1;7;CAPUCINS (DES);48,51254;-2,76831
202300050260;2;12;2023;20:30;5;59;59512;2;1;1;2;METZ (BOULEVARD DE);50,70386;3,18104
202300050261;12;6;2023;18:31;1;10;10387;2;1;1;3;GEORGES POMPIDOU (RUE);48,29528;4,09366
202300050262;26;9;2023;12:00;1;80;80021;2;1;1;3;DE LA ROCHEFOUCAULD (RUE);49,91119;2,325
202300050263;25;8;2023;23:40;5;75;75107;2;2;1;6;RUE SAINT DOMINIQUE;48,858732;2,30323
202300050264;17;7;2023;12:40;1;82;82112;1;1;1;1;Route Départementale 927;44,127078;1,154326
202300050265;6;5;2023;10:45;1;18;18033;2;1;1;6;9 Rue Coursarlon;47,08448;2,39576
202300050266;2;12;2023;22:25;5;59;59360;2;1;8;6;FOCH RUE DU MARECHAL;50,614503;3,013088
202300050267;13;6;2023;08:50;1;6;6155;2;9;1;6;MARTYRS DE LA RESISTANCE AV.DES;43,574948;7,056314
202300050268;16;2;2023;10:15;1;14;14118;2;3;1;2;6 Boulevard Aristide Briand;49,178261;-0,362214
202300050269;17;7;2023;22:45;4;82;82079;1;1;1;6;Route de Montauban;43,941525;1,355535
202300050270;9;5;2023;07:45;1;17;17415;2;1;2;3;REPUBLIQUE QUAI DE LA;45,746073;-0,630513
202300050271;28;9;2023;23:18;5;78;78403;2;2;1;1;CHATEAUBRIAND (AVENUE);48,99825;1,88304
202300050272;5;6;2023;09:00;1;2;2722;2;6;1;2;;49,392859;3,338366
202300050273;25;8;2023;20:45;5;75;75102;2;5;1;3;RUE DE LA PAIX;48,8695468;2,33152628
202300050274;2;12;2023;10:30;1;59;59350;2;1;1;3;VAUBAN BOULEVARD N°2-18-1-39;50,63645;3,05077
202300050275;25;9;2023;14:00;1;78;78498;2;1;1;6;DEVAUX BD;48,92946;2,04309
202300050276;18;7;2023;18:35;1;49;49228;2;1;1;1;D138;47,59228;0,049063
202300050277;15;2;2023;15:00;1;13;13117;1;1;1;2;Route nationale 113;43,44070578;5,24770879
202300050278;12;6;2023;15:45;1;75;75117;2;1;1;3;BD PERIPHERIQUE INTERIEUR;48,895562;2,307691
202300050279;10;5;2023;09:50;1;17;17380;1;2;1;4;EXPRESS (VOIE);45,657171;-1,120533
202300050280;25;8;2023;15:50;1;75;75101;2;2;8;2;BOULEVARD DE SEBASTOPOL;48,86007;2,349088
202300050281;2;12;2023;06:30;5;59;59350;2;2;1;3;BASCULE, Rue de la;50,62437;3,06974
202300050282;16;2;2023;11:20;1;13;13001;2;1;1;6;;43,53101;5,41669
202300050283;17;7;2023;20:35;2;46;46173;1;1;1;1;D19;44,384039;1,758735
202300050284;12;6;2023;07:20;1;75;75118;2;1;1;2;BD PERIPHERIQUE EXTERIEUR;48,900935;2,338542
202300050285;3;5;2023;12:30;1;15;15012;2;1;1;3;NIEPCE (RUE NICEPHORE);44,91064;2,45702
202300050286;25;8;2023;01:10;5;75;75102;2;2;1;3;Rue Réaumur;48,86626;2,35255
202300050287;28;9;2023;13:00;1;77;77132;1;1;1;4;RD 934;48,88296;2,79975
202300050288;12;6;2023;23:00;5;75;75116;2;1;1;6;ALLEE DE LONGCHAMP;48,875838;2,273598
202300050289;16;2;2023;12:15;1;12;12176;2;1;1;3;SEVERAC LE CHATEAU (ROUTE DE );44,36284;2,61681
202300050290;2;12;2023;18:30;5;54;54578;2;1;1;3;Avenue du General Leclerc;48,674478;6,151094
202300050291;17;7;2023;14:45;1;47;47214;1;1;1;3;D143;44,335544;0,249821
202300050292;3;5;2023;08:12;1;15;15014;2;2;7;6;RN 122;44,914006;2,432017
202300050293;27;9;2023;22:00;5;76;76351;2;1;1;1;GENERAL FERRIE (AVENUE);49,50385599;0,1781559
202300050294;15;11;2023;15:30;1;54;54099;2;6;1;7;Avenue Albert de Briey;49,25428;5,936169
202300050295;24;8;2023;19:40;1;75;75101;2;2;1;3;RUE DE RIVOLI;48,858514;2,348241
202300050296;17;7;2023;07:00;1;41;41256;1;1;1;6;D41;47,30918;2,008202
202300050297;16;2;2023;14:40;1;11;11069;2;1;1;2;270 Avenue du Général Leclerc;43,20733;2,38025
202300050298;13;6;2023;19:30;1;75;75119;2;3;1;1;RUE RIQUET;48,889304;2,371293
202300050299;24;8;2023;15:45;1;75;75101;2;7;1;6;QUAI FRANCOIS MITTERRAND;48,860109;2,333296
202300050300;28;9;2023;05:20;5;76;76351;2;2;1;7;COCHET;49,50228;0,09719
202300050301;2;12;2023;20:25;5;51;51454;2;3;1;6;DIEU LUMIERE (BOULEVARD) COTE PAIR;49,23954;4,03844
202300050302;9;5;2023;18:00;1;14;14243;2;1;2;1;387 Chemin du Val des Moulineaux;49,39889;0,217226
202300050303;16;2;2023;12:00;1;11;11069;2;1;1;3;6 Boulevard Denis Papin;43,20787;2,31206
202300050304;17;7;2023;18:23;1;25;25060;2;2;1;1;Rue de l'Eglise;46,960943;6,269057
202300050305;13;6;2023;11:20;1;75;75119;2;3;1;3;AVENUE JEAN JAURES;48,88514;2,379397
202300050306;16;2;2023;20:30;5;7;7102;1;9;1;6;Chemin des Mulets;44,93386;4,85909
202300050307;26;8;2023;15:45;1;94;94080;2;1;1;2;Rue Félix Faure;48,84849;2,45442
202300050308;9;5;2023;20:40;1;14;14333;2;1;2;2;246 Chemin du Buquet;49,41396;0,23921
202300050309;26;9;2023;16:15;1;76;76305;1;2;1;6;BREQUE (ROUTE);49,487714;0,196224
202300050310;16;7;2023;20:40;2;25;25228;2;1;1;3;Avenue René Jacot;47,509483;6,849375
202300050311;13;6;2023;10:15;1;75;75117;2;1;1;6;RUE SALNEUVE;48,885071;2,314508
202300050312;16;2;2023;16:37;1;1;1289;2;1;7;6;BELLEVUE ( CHEMIN DE) PAIR;46,18226;5,20549
202300050313;27;9;2023;19:40;5;72;72181;2;9;1;1;GLONNIERES (BD) N° PAIRS;47,97139;0,21355
202300050314;10;5;2023;19:00;1;13;13211;2;3;1;3;PAGEOTTE (CHEMIN DE LA);43,3012;5,52339
202300050315;26;8;2023;18:00;1;94;94052;2;2;8;3;N486;48,8355;2,49406
202300050316;3;12;2023;00:15;4;47;47031;1;1;5;7;RD 813 (nouvelle rocade);44,1738221;0,63440466
202300050317;11;6;2023;23:40;5;75;75115;2;7;8;2;PLACE DE BRETEUIL;48,847161;2,312071
202300050318;27;9;2023;19:30;2;72;72181;2;1;1;3;DURAND GEORGES (AV) N° IMP 313 ET plus;47,96339;0,22129
202300050319;10;5;2023;15:30;1;13;13208;2;1;1;3;MADRAGUE DE MONTREDON (AVE DE LA) ;43,23498;5,36023
202300050320;14;7;2023;01:00;3;44;44023;1;1;1;6;Saint Eloi;47,416178;-1,893042
202300050321;24;8;2023;17:05;1;94;94058;2;1;1;3;Avenue du Général de Gaulle;48,85113;2,49501
202300050322;15;2;2023;08:18;1;976;97611;2;1;1;2;tsoundzou-Mangadzia  Tsoundzou 2 (rue );-12,81204;45,20289
202300050323;17;7;2023;12:20;1;29;29277;1;1;1;7;D764;48,40939995;-4,04927132
202300050324;13;6;2023;15:25;1;75;75114;2;2;1;3;RUE GASSENDI;48,833612;2,325804
202300050325;27;9;2023;09:50;1;72;72181;2;9;1;2;PORT (RUE DU);48,00305;0,19459
202300050326;7;5;2023;18:00;1;13;13215;2;1;1;3;MADRAGUE VILLE (chemin de la);43,32638215;5,36096292
202300050327;26;8;2023;12:45;1;94;94016;2;1;1;3;Avenue du Président Wilson;48,79627;2,33113
202300050328;15;2;2023;16:00;1;974;97416;2;1;1;5;RN2 (2);-21,34022;55,49317
202300050329;28;9;2023;15:50;1;71;71076;2;1;1;6;DE LATTRE DE TASSIGNY(MARECHAL);46,78620143;4,84400143
202300050330;15;7;2023;19:15;1;29;29176;1;1;1;1;Village Lanzent;48,141592;-4,230659
202300050331;8;5;2023;23:43;5;13;13212;2;9;1;3;CAILLOLS (AVENUE DES);43,30393837;5,43549806
202300050332;13;6;2023;11:27;1;75;75113;2;7;1;7;PLACE VALHUBERT;48,843677;2,365541
202300050333;25;8;2023;12:15;1;94;94021;2;1;1;6;Rue d'Agen;48,7622413;2,34958935
202300050334;9;5;2023;19:25;2;13;13209;2;1;2;1;COL DE LA GINESTE D559;43,24055366;5,45863612
202300050335;28;9;2023;09:50;1;69;69264;2;1;1;2;Boulevard Général Leclerc;45,99797;4,71076
202300050336;15;2;2023;15:41;1;973;97302;2;4;1;3;SOURCE DE BADUEL (CHEMIN DE LA);4,92543357;-52,30851799
202300050337;13;6;2023;23:15;5;75;75112;2;3;1;3;AVENUE LEDRU ROLLIN;48,849611;2,374275
202300050338;17;7;2023;17:35;1;29;29072;2;2;1;3;Rue Louis Pasteur;47,797251;-4,278708
202300050339;25;8;2023;18:00;1;94;94028;2;1;1;2;Route de Choisy;48,77678;2,44135
202300050340;9;5;2023;18:30;1;13;13212;2;1;2;2;SAINT JULIEN (AVENUE DE );43,30609952;5,41954703
202300050341;15;2;2023;07:05;1;973;97302;2;3;1;3;TIGRE (ROUTE DU);4,91749856;-52,31287122
202300050342;18;7;2023;12:15;1;2;2810;1;1;1;6;D936;49,213049;3,103831
202300050343;28;9;2023;07:30;1;69;69290;2;6;1;3;Rue du Progrès;45,7168;4,9581
202300050344;13;6;2023;16:58;1;75;75111;2;4;1;3;AVENUE LEDRU ROLLIN;48,854505;2,378044
202300050345;9;5;2023;15:05;1;13;13205;2;3;1;3;JEAN MOULIN (BOULEVARD);43,2904;5,39983
202300050346;15;2;2023;14:41;1;972;97209;2;1;1;1;MOUTTE (ROUTE DE);14,62489;-61,05083
202300050347;25;8;2023;09:45;1;94;94011;2;9;8;3;Rue Pierre Sémard;48,76272;2,4786
202300050348;13;6;2023;16:10;1;75;75111;2;1;1;3;BOULEVARD VOLTAIRE;48,860063;2,376271
202300050349;27;9;2023;18:45;1;69;69290;2;1;1;1;Boulevard de la Cité Berliet;45,70804;4,91796
202300050350;14;7;2023;16:05;1;50;50003;2;2;3;3;Avenue des Pins;49,046219;-1,593626
202300050351;15;2;2023;19:30;5;69;69385;2;2;1;3;Avenue de Ménival;45,75674;4,78296
202300050352;13;6;2023;19:40;1;75;75110;2;2;1;6;BOULEVARD DE STRASBOURG;48,872275;2,355921
202300050353;24;8;2023;19:45;2;94;94017;2;3;1;2;Avenue du Général de Gaulle;48,82409;2,49803
202300050354;15;2;2023;10:50;1;69;69081;2;2;1;6;Place Charles de Gaulle;45,77454;4,77881
202300050355;18;7;2023;20:35;1;50;50410;2;1;1;2;16 Rue Couesnon;48,552733;-1,512294
202300050356;13;6;2023;14:20;1;75;75109;2;2;1;1;RUE LA FAYETTE;48,874356;2,338153
202300050357;25;8;2023;20:10;1;94;94002;2;2;1;3;Rue de Seine;48,81026274;2,41694967
202300050358;15;2;2023;17:17;1;2A;2A004;2;3;1;3;ALATA ROUTE;41,93537;8,73632
202300050359;28;9;2023;08:55;1;67;67447;2;3;1;1;TRIBUNAL (RUE DU);48,60317176;7,75679559
202300050360;17;7;2023;21:10;1;50;50436;1;2;1;2;D205;48,6538;-0,995132
202300050361;13;6;2023;07:45;1;75;75108;2;7;1;3;PLACE DE L ALMA;48,864244;2,301478
202300050362;26;8;2023;03:00;3;93;93070;2;9;1;6;Rue Emile Cordon;48,91251342;2,33733156
202300050363;18;7;2023;19:30;1;60;60277;2;1;1;7;Lieu dit l'Italienne;49,424461;2,020626
202300050364;15;2;2023;08:12;1;2A;2A004;2;1;1;4;SAMPIERO BD;41,92496;8,73893
202300050365;28;9;2023;08:50;1;67;67482;2;8;1;6;COLMAR (AVENUE DE);48,54918;7,74156