Num_Acc;jour;mois;an;hrmn;lum;dep;com;agg;int;atm;col;adr;lat;long
202300050366;12;6;2023;23:44;5;75;75108;2;3;1;3;AVENUE DES CHAMPS ELYSEES;48,867779;2,31396
202300050367;18;7;2023;16:00;1;64;64233;2;1;1;7;RD834;43,557183;-0,285575
202300050368;25;8;2023;15:30;1;93;93064;2;9;1;6;Avenue du Général de Gaulle;48,8807074;2,47723024
202300050369;17;7;2023;13:30;1;7;7204;1;1;1;6;RD 276;45,03473;4,428799
202300050370;13;6;2023;08:58;1;75;75107;2;2;1;1;BOULEVARD DES INVALIDES;48,846967;2,316806
202300050371;14;2;2023;16:45;1;91;91477;2;1;1;5;CARNOT (RUE);48,71306;2,244414
202300050372;27;9;2023;17:10;1;67;67447;2;1;1;3;SELESTAT (RUE DE);48,61;7,739
202300050373;18;7;2023;09:30;1;21;21332;2;1;1;7;Rue du Meix Pichot;47,003813;5,092163
202300050374;28;9;2023;19:22;1;64;64130;1;1;1;7;LARRETXEKO BORDA (CHEMIN DE);43,34066;-1,72919
202300050375;12;6;2023;15:15;1;75;75103;2;2;1;6;BOULEVARD SAINT DENIS;48,869326;2,354273
202300050376;17;7;2023;11:05;1;85;85234;2;1;1;1;78 Route de la caillauderie;46,772636;-2,030515
202300050377;15;2;2023;15:35;1;91;91479;2;2;1;1;AV JEAN JAURES;48,7087;2,36657
202300050378;13;6;2023;20:15;1;94;94081;2;1;1;6;Avenue de l'Abbé Roger Derry;48,79102201;2,39398205
202300050379;15;2;2023;13:45;1;91;91589;2;1;1;6;BD DES BELGES;48,70053;2,35306
202300050380;18;7;2023;02:35;3;37;37014;1;1;1;6;RD 57;47,26882426;0,43359518
202300050381;15;2;2023;07:08;2;91;91027;2;1;1;3;AV MARCEL SEMBAT;48,708951;2,38632
202300050382;7;1;2023;14:50;1;974;97418;2;6;1;1;RUE DE LA FRATERNITÉ;-20,896549;55,543935
202300050383;12;6;2023;21:30;2;94;94080;2;5;1;3;NOGENT (AV DE);48,84463;2,43884
202300050384;17;7;2023;15:40;1;37;37050;2;2;1;3;41 avenue du grand sud;47,344375;0,702409
202300050385;27;9;2023;10:30;1;64;64284;2;6;1;2;CHARLES DE GAULLE;43,286564;-0,389423
202300050386;14;2;2023;14:34;1;87;87085;2;1;1;7;HALEVY (RUE);45,85616;1,25927
202300050387;2;1;2023;22:30;5;2B;2B311;2;3;1;3;Poraja;42,355678;9,531165
202300050388;13;6;2023;07:40;1;94;94046;2;5;1;3;Avenue du Général Leclerc;48,80571;2,4408
202300050389;14;7;2023;18:05;1;8;8116;2;1;1;1;24 Rue du Zouave Coco;49,511596;4,772352
202300050390;14;2;2023;13:15;1;78;78029;2;2;1;3;FLEURIOTTES (RUE DES);48,954704;1,85835
202300050391;4;1;2023;12:05;1;6;6128;2;1;1;2;450 route de la colle;43,698117;7,116656
202300050392;13;6;2023;15:48;1;94;94043;2;1;1;7;Rue Carnot;48,80929;2,36478
202300050393;22;9;2023;13:10;1;64;64335;1;6;2;3;SANTOS-DUMONT;43,32088;-0,42319
202300050394;15;7;2023;19:10;1;8;8222;2;3;2;3;Rue de l'Espérance;50,004191;4,704149
202300050395;7;1;2023;11:25;1;89;89438;1;2;1;3;;47,803117;3,667578
202300050396;15;2;2023;15:55;1;77;77445;2;1;1;1;D151;48,58692;2,59193
202300050397;16;7;2023;07:45;1;67;67463;1;1;1;2;A35;48,891584;8,080401
202300050398;6;1;2023;10:15;1;7;7324;2;1;1;6;42 Avenue du 8 Mai 1945;45,060561;4,836959
202300050399;13;6;2023;08:47;1;94;94022;2;1;1;3;Avenue Anatole France;48,7637;2,41043
202300050400;27;9;2023;07:47;1;64;64102;2;3;1;3;PAULMY (AVENUE DES ALLEES);43,49508;-1,478523
202300050401;7;1;2023;18:30;3;1;1185;1;1;1;1;les allobrauges;45,991841;5,59754
202300050402;16;7;2023;23:00;4;35;35206;1;6;1;3;Rue de Rennes;48,044543;-1,665008
202300050403;15;2;2023;06:45;2;77;77186;1;2;1;3;D301 / D152;48,37269;2,64328
202300050404;13;6;2023;20:20;1;94;94060;2;1;1;6;Rue du Général de Gaulle;48,78006531;2,57738426
202300050405;28;9;2023;13:40;1;63;63300;1;1;1;6;RD 2009;45,88043;3,1296
202300050406;13;6;2023;08:20;1;94;94047;2;1;1;6;Rue Paul Doumer;48,701071;2,538526
202300050407;6;1;2023;18:12;2;22;22026;1;2;2;1;La Huballerie;48,404755;-2,041652
202300050408;16;2;2023;00:35;3;76;76497;1;1;1;2;N338 - Sud 3;49,375294;1,046905
202300050409;15;9;2023;04:50;3;62;62224;2;1;1;6;D181E8;50,54006;2,58039
202300050410;7;1;2023;17:30;5;60;60612;2;3;2;6;Cours Thore Montmorency;49,207834;2,587806
202300050411;16;7;2023;08:30;1;11;11048;1;1;1;2;A61;43,168527;2,815075
202300050412;9;2;2023;20:20;3;76;76498;1;1;1;4;N338 - Sud 3;49,43382;1,06336
202300050413;6;1;2023;18:05;3;60;60575;2;1;1;6;rue de la chapelle;49,28538;2,208027
202300050414;14;2;2023;20:45;5;72;72181;2;1;1;3;PREMARTINE (RUE) N° IMP 185 ET >;48,0115;0,2289
202300050415;27;9;2023;16:55;1;62;62193;2;1;1;5;Cite des Cheminots;50,9382;1,85126
202300050416;16;7;2023;11:30;1;987;98729;1;3;1;2;MAATEA - PK 14,2;-17,577;-150,202
202300050417;13;6;2023;09:57;1;93;93064;2;1;1;4;Rue Laënnec;48,87725025;2,49919921
202300050418;15;2;2023;19:20;4;69;69282;2;3;1;6;Avenue Lucien Buisson;45,76526;4,99624
202300050419;6;1;2023;19:20;2;13;13211;1;1;1;6;A50-Sens Marseille vers Aubagne;43,286873;5,435289
202300050420;14;7;2023;17:30;1;78;78231;1;1;1;1;D928;48,950837;1,648029
202300050421;13;6;2023;17:10;1;93;93055;2;2;1;3;Rue Courtois / Rue Jacquart;48,8915367;2,41658811
202300050422;28;9;2023;02:27;3;61;61169;2;1;1;6;D25 PR21+100;48,739906;-0,58961
202300050423;5;1;2023;11:45;1;38;38449;1;1;2;2;A43   18.875 A 21.100;45,64965;5,11604
202300050424;15;2;2023;17:05;2;69;69290;2;2;1;3;Rue des Alouettes;45,70176;4,91771
202300050425;18;7;2023;07:15;1;2B;2B316;1;1;1;3;Sorbi;42,606394;8,930072
202300050426;13;6;2023;16:30;1;93;93051;2;1;1;1;Boulevard du Ru de Nesles;48,8366;2,58243
202300050427;5;1;2023;17:40;5;33;33249;1;1;1;2;ROUTE NATIONALE 230;44,875055;-0,507663
202300050428;18;7;2023;08:05;1;30;30258;1;1;1;1;D 42;43,713014;4,421675
202300050429;6;1;2023;19:00;3;92;92019;1;1;1;7;RN 385;48,76639308;2,2446642
202300050430;15;2;2023;09:50;1;69;69259;2;2;1;3;Boulevard Ambroise Croizat;45,70313;4,88751
202300050431;13;6;2023;10:45;1;93;93050;2;1;1;2;Boulevard du Marechal Foch;48,85423679;2,51995584
202300050432;14;2;2023;13:20;1;67;67218;2;1;1;7;DOCTEUR ALBERT SCHWEITZER (RUE DU);48,51402;7,72381
202300050433;6;1;2023;07:30;3;78;78423;1;1;1;2;RN12;48,79424;2,05
202300050434;27;9;2023;18:45;1;60;60057;2;2;1;3;Rue Binet;49,42404;2,08441
202300050435;17;7;2023;05:50;2;34;34199;1;2;1;1;RD613;43,475034;3,444343
202300050436;12;6;2023;03:40;5;93;93032;2;7;1;3;Rue Raffin / Avenue Jean Jaurès;48,88292771;2,52654765
202300050437;7;1;2023;22:54;5;65;65440;2;6;1;3;Route de Pau;43,2377779;0,042119
202300050438;5;1;2023;09:15;1;78;78206;1;1;1;4;A13;48,9494;1,94491
202300050439;13;6;2023;10:00;1;93;93029;2;3;1;6;Avenue Pierre et Marie Curie / Avenue Jean Jaurès;48,92137951;2,4488394
202300050440;18;7;2023;11:30;1;83;83115;2;3;1;1;Avenue du Général Leclerc;43,306724;6,645779
202300050441;15;2;2023;17:30;1;64;64445;2;2;1;3;LOUP DU;43,31473;-0,35445
202300050442;27;9;2023;16:40;1;59;59599;2;1;1;1;BEYENS (RUE MARCEL);50,74237;3,17873
202300050443;6;1;2023;08:30;2;95;95351;1;1;2;4;N104;49,03815718;2,4848988
202300050444;15;2;2023;15:25;1;64;64122;2;1;1;1;AUGUSTA (BD D');43,47697;-1,5476
202300050445;13;6;2023;16:55;1;93;93027;2;1;1;3;Avenue Marcel Cachin;48,92764054;2,39664763
202300050446;6;1;2023;01:50;3;94;94065;1;1;1;3;N186;48,754158;2,351465
202300050447;10;7;2023;17:15;1;83;83099;2;3;1;1;Chemin des Vernèdes;43,455606;6,698855
202300050448;15;2;2023;11:10;1;59;59350;2;1;1;6;Avenue de Dunkerque (Lille);50,6445;2,97546
202300050449;13;7;2023;21:10;2;6;6128;1;1;1;6;route des blaquières;43,679721;7,128802
202300050450;10;6;2023;17:10;1;93;93013;1;6;1;2;Place Charles Lindbergh / Avenue Alain Bozel;48,9434;2,43298
202300050451;15;2;2023;16:00;1;59;59295;2;6;1;3;AVENUE DES FLANDRES;50,73190438;2,52879471
202300050452;5;1;2023;18:27;1;988;98818;2;2;1;3;RUE D'AUSTERLITZ/RUE DE LA REPUBLIQUE;-22,26879;166,44058
202300050453;18;7;2023;12:30;1;13;13004;1;1;1;2;N113;43,64429;4,702964
202300050454;14;2;2023;06:30;5;54;54547;2;1;5;2;EUROPE (BOULEVARD DE L');48,66552;6,16798
202300050455;19;9;2023;16:55;1;59;59350;2;6;1;6;Boulevard du Professeur Jules Leclercq;50,60789505;3,0386171
202300050456;9;6;2023;22:00;2;93;93027;2;3;1;3;Rue de Saint-denis / Rue Guerman Titov;48,93084;2,38266
202300050457;5;1;2023;01:55;5;988;98818;2;2;1;6;RUE JACQUES IEKAWE/RUE JEAN CHALIER;-22,24798;166,46295
202300050458;16;7;2023;08:15;1;26;26179;1;1;1;6;Autoroute A7 - PK 054.700 sens N/S;45,069876;4,869336
202300050459;5;1;2023;06:55;1;974;97407;1;9;1;2;ROUTE NATIONALE N° 1;-20,9437;55,32626
202300050460;13;6;2023;18:11;1;93;93046;2;3;1;3;Boulevard Max Dormoy / Avenue de la Gare de Gargan;48,90419429;2,52179816
202300050461;15;2;2023;08:25;1;51;51055;1;3;1;7;Rue Alain Colas;49,27136;4,04497
202300050462;28;9;2023;17:20;1;58;58194;2;6;1;3;SAINT NICOLAS (PLACE);46,9871;3,16171
202300050463;4;1;2023;08:50;1;973;97302;1;1;2;3;LEBLOND (ROND POINT);4,92087104;-52,33034313
202300050464;13;6;2023;21:00;2;93;93010;2;1;1;6;125 Rue Louis Auguste Blanqui;48,89817922;2,49013469
202300050465;14;2;2023;14:21;1;49;49007;2;1;1;2;DE LATTRE DE TASSIGNY;47,44466;-0,53582
202300050466;5;1;2023;18:35;5;69;69387;2;2;1;3;36 Rue Père Chevrier;45,74831;4,84495
202300050467;22;9;2023;17:20;1;56;56260;1;1;1;2;N/A;47,66431;-2,71963
202300050468;15;2;2023;18:40;5;45;45068;2;1;1;1;89 Rue André Gide;48,03198;2,74378
202300050469;13;6;2023;17:30;1;93;93007;2;1;7;6;Rue Francois Garcia;48,93871616;2,45816035
202300050470;16;7;2023;14:30;1;68;68040;1;1;1;7;Rue Joffre;47,814858;7,055111
202300050471;5;1;2023;15:00;1;69;69387;2;3;2;6;Rue Bancel;45,74561;4,83783
202300050472;15;2;2023;09:30;1;45;45208;2;3;1;6;41 Avenue Adolphe Cochery;48,00272;2,73987
202300050473;3;1;2023;09:35;1;972;97213;2;1;1;6;FLORAINDRE ( RUE DE);14,61821;-60,99934
202300050474;13;6;2023;09:30;1;93;93005;2;9;1;3;Cours Salvador Allende;48,95261968;2,49760589
202300050475;14;7;2023;06:20;1;88;88136;1;1;1;3;D12;48,232163;6,450777
202300050476;27;9;2023;07:25;1;54;54395;2;2;1;6;Boulevard Lobau;48,68958;6,19374
202300050477;14;2;2023;08:50;1;37;37261;2;1;1;6;PREUILLY (BOULEVARD);47,39291;0,67052
202300050478;4;1;2023;17:10;5;972;97213;2;9;2;2;ROUTE DEPARTEMENTALE 14;14,62107;-61,01993
202300050479;13;6;2023;17:10;1;92;92046;2;3;1;3;RAYMOND DAVID;48,81726;2,29461
202300050480;15;2;2023;14:55;1;35;35051;1;1;1;7;RN136;48,14489;-1,61915
202300050481;18;7;2023;15:00;1;73;73256;1;1;1;1;D902;45,199382;6,461686
202300050482;5;1;2023;18:35;3;972;97209;2;1;1;6;SAINT-CHRISTOPHE (RUE);14,61234;-61,05294
202300050483;17;7;2023;18:45;1;42;42261;1;1;1;7;Route d’Essertines;45,734149;4,350323
202300050484;13;6;2023;15:10;1;92;92064;1;1;1;2;DAILLY;48,844191;2,220438
202300050485;5;1;2023;08:45;1;972;97209;1;1;2;6;RD 41 (ROCADE);14,61022;-61,08467
202300050486;27;9;2023;15:10;1;54;54382;2;4;1;3;MATHIEU DE DOMBASLE (RUE);49,5408;5,78788
202300050487;15;2;2023;06:55;5;35;35238;2;2;1;3;BOURGEOIS (BOULEVARD LEON);48,09808;-1,65597
202300050488;13;7;2023;08:05;1;17;17219;2;2;1;6;Rue du Maréchal Foch;45,822751;-1,10521
202300050489;5;1;2023;12:55;1;69;69152;2;3;2;3;Rue Ampère;45,70617;4,81524
202300050490;11;6;2023;07:45;2;92;92063;2;2;1;3;GALLIENI (RUE);48,86887284;2,20365644
202300050491;15;2;2023;19:05;5;31;31555;2;1;1;2;VA008493 LA CRABE A624 Sortie 2;43,6099;1,37374
202300050492;5;1;2023;06:40;5;69;69389;2;1;2;6;216 Avenue 25ème Régiment des Tirailleurs Sénégalais;45,79112;4,80163
202300050493;17;7;2023;11:45;1;85;85113;2;2;1;3;Route de la vigne à la croix;46,716807;-2,361264
202300050494;27;9;2023;21:05;5;50;50129;2;2;1;2;ASSELIN (RUE);49,63945;-1,63287
202300050495;5;1;2023;17:25;2;2B;2B033;2;1;1;6;CAP - ROUTE DU CAP;42,71027;9,4548
202300050496;12;6;2023;16:35;1;92;92051;2;2;1;3;VICTOR HUGO (BOULEVARD, N° 51 A 75 ET 62;48,88971;2,27662
202300050497;15;2;2023;14:00;1;31;31555;2;6;1;5;EISENHOWER (AVENUE DU GENERAL);43,56797;1,37641
202300050498;18;7;2023;16:45;1;80;80442;1;1;1;2;Cd 930;49,746398;2,963219
202300050499;13;6;2023;12:30;1;92;92012;2;1;1;3;BELLEVUE (RUE DE) 73/FIN - 80/FIN;48,83142965;2,23231941
202300050500;3;1;2023;12:50;1;971;97107;1;3;1;3;DUMANOIR ( ALLEE );16,03262;-61,57134
202300050501;13;6;2023;13:10;1;92;92004;2;1;1;6;BAS ( RUE DES );48,92034;2,28852
202300050502;16;7;2023;23:45;5;59;59051;2;2;1;3;Rue de la Marne;50,536065;2,806486
202300050503;15;2;2023;19:30;5;30;30007;2;6;1;1;;44,12129808;4,09256816
202300050504;4;1;2023;18:40;5;87;87085;2;1;2;2;PECHIERAS (RUE RENE);45,84834;1,2717
202300050505;26;9;2023;17:00;1;50;50129;2;3;1;3;LECLERC (RUE DU MARECHAL));49,63552;-1,63192
202300050506;14;2;2023;15:10;1;29;29232;2;6;1;6;Rond-Point du Loc'h;48,012196;-4,077606
202300050507;13;6;2023;15:25;1;92;92002;2;6;1;6;LE NOTRE (AVENUE);48,76915;2,30639
202300050508;4;1;2023;18:20;2;83;83069;2;9;1;3;COMBATTANTS D' AFRIQUE DU NORD ( AVENUE;43,12235;6,11013
202300050509;17;7;2023;05:10;3;83;83035;1;1;1;7;A50;43,164;5,767
202300050510;3;1;2023;05:50;5;78;78314;2;1;2;6;RUE NATIONALE;48,987935;1,79903
202300050511;15;2;2023;09:15;1;27;27701;1;6;5;3;D6154;49,240966;1,187616
202300050512;28;9;2023;12:30;1;49;49007;2;2;1;3;MONTAIGNE AVENUE;47,47218;-0,54064
202300050513;14;6;2023;13:45;1;38;38160;1;2;1;3;Montée des Epis;45,500651;4,982455
202300050514;17;7;2023;18:10;1;33;33013;1;1;1;4;ROUTE NATIONALE 89;44,86871;-0,50189
202300050515;15;2;2023;19:55;5;17;17300;2;1;1;7;POINCARE   AVENUE RAYMOND;46,16696;-1,19359
202300050516;28;9;2023;22:30;5;45;45284;2;1;1;3;129 Rue du Faubourg de Bourgogne;47,90343;1,93229
202300050517;14;2;2023;18:10;1;14;14059;2;1;1;6;74 Avenue du Littoral;49,345023;0,042098
202300050518;13;6;2023;13:25;1;86;86128;2;2;1;3;Rue du Stade;46,818625;0,331714
202300050519;13;7;2023;13:15;1;62;62274;1;1;1;3; A1;50,43322;2,97858
202300050520;15;2;2023;18:40;5;13;13209;2;1;1;7;SAINTE MARGUERITE (BOULEVARD);43,26246;5,41357
202300050521;14;6;2023;08:55;1;80;80809;1;1;1;6;A28;50,008339;1,69794
202300050522;24;9;2023;17:10;1;44;44132;2;1;1;6;5bis Boulevard de la République;47,26034;-2,33704
202300050523;5;1;2023;08:00;5;77;77132;1;1;2;7;AV PAUL SERAMY;48,863431;2,788629
202300050524;17;7;2023;17:20;1;91;91064;1;1;1;4;RN 118;48,74791;2,19763
202300050525;14;6;2023;11:20;1;68;68366;1;6;7;3;D4;48,109892;7,43853
202300050526;27;9;2023;18:15;1;43;43089;2;1;1;6;1 Chemin de L 'Arche;45,04434;3,87033
202300050527;14;2;2023;16:45;1;13;13212;2;1;1;1;WILLIAM BOOTH (AVENUE);43,29669;5,44844
202300050528;5;1;2023;19:00;5;73;73008;2;3;1;1;TRESSERVE AVENUE DE;45,68593409;5,9130089
202300050529;4;6;2023;16:00;1;42;42008;1;1;1;7;D51;46,002134;3,886135
202300050530;17;7;2023;17:15;1;94;94021;1;1;1;3;A6B;48,771567;2,34514085
202300050531;14;2;2023;11:50;1;13;13207;2;1;1;6;Corniche John Fitzgérald Kennedy;43,27654431;5,3580527
202300050532;28;9;2023;17:40;1;41;41018;2;1;1;7;AUVERGNE (RUE D');47,59383;1,33804
202300050533;15;2;2023;09:30;1;13;13001;2;1;1;1;EUROPE (AV);43,52385;5,43826
202300050534;17;7;2023;14:15;1;91;91228;1;1;1;2;AUTOROUTE A6;48,62541;2,41695
202300050535;14;6;2023;18:10;1;59;59653;1;1;7;3;Rue Anatole France;50,585933;2,943442
202300050536;5;1;2023;09:05;1;72;72181;2;1;2;7;CHANZY (RUE)  N° PAIRS 2 A 50;48,00351;0,20233
202300050537;12;2;2023;19:30;3;12;12013;1;1;1;6;RD 5 ROUTE DE MONTBAZENS;44,51654;2,24261
202300050538;14;6;2023;01:40;3;41;41171;1;1;1;7;PK/PK 13+700;47,84332;1,307759
202300050539;4;1;2023;18:20;5;72;72181;2;1;2;6;KLOTZ HENRI-PIERRE (AV);48,01993;0,16202
202300050540;17;7;2023;14:25;1;91;91174;1;1;1;4;RN 104;48,61025;2,44411
202300050541;28;9;2023;15:40;1;41;41295;1;1;1;3;RD 956;47,58215;1,36621
202300050542;16;2;2023;07:30;2;75;75112;2;1;1;2;PORTE DE CHARENTON;48,831934;2,405092
202300050543;4;1;2023;14:10;1;72;72181;2;1;1;7;LOUIS BLANC (SQUARE);48,0129;0,19927
202300050544;13;6;2023;14:15;1;57;57382;1;1;1;7;D27;48,761317;6,984848
202300050545;4;1;2023;12:05;1;72;72181;2;1;1;1;EINSTEIN ALBERT (RUE);48,0331;0,17437
202300050546;17;7;2023;00:49;3;91;91689;1;1;1;2;AUTOROUTE A6;48,72931;2,31424
202300050547;15;2;2023;13:50;1;75;75120;2;7;1;3;PLACE GAMBETTA;48,865128;2,398645
202300050548;14;6;2023;12:40;1;56;56036;1;1;1;1;D769;47,813241;-3,33508
202300050549;13;6;2023;15:22;1;76;76156;1;1;7;7;Route de Butôt;49,80792;0,596969
202300050550;22;9;2023;17:20;1;38;38053;2;1;3;1;BUGEY;45,61063;5,27353
202300050551;5;1;2023;13:10;1;64;64269;1;1;1;2;D938;43,28573;-0,3241
202300050552;17;7;2023;00:49;4;91;91689;1;1;1;7;AUTOROUTE A6;48,72931;2,31434
202300050553;16;2;2023;17:45;5;75;75119;2;2;1;3;AVENUE DE FLANDRE;48,892437;2,378876
202300050554;5;1;2023;11:50;1;64;64102;2;1;1;2;Rond-point Prof. Jean Delay;43,4814;-1,48233
202300050555;17;7;2023;17:00;1;92;92064;1;1;1;6;A13;48,83976303;2,20327874
202300050556;14;6;2023;14:30;1;2B;2B126;1;1;3;3;T50;42,182352;9,374192
202300050557;16;2;2023;01:30;5;75;75118;2;2;1;3;BOULEVARD BARBES;48,891541;2,349635
202300050558;2;1;2023;20:44;5;14;14035;2;1;1;6;1 Rue des Forges (Balleroy);49,184179;-0,846736
202300050559;28;9;2023;13:50;1;37;37122;2;3;1;3;CHINON (BOULEVARD DE);47,35381;0,69282
202300050560;4;1;2023;13:45;1;64;64102;2;1;1;2;Avenue du 8 Mai 1945;43,45926;-1,49567
202300050561;16;2;2023;19:00;5;75;75117;2;1;1;6;RUE BAYEN;48,883614;2,289944
202300050562;16;7;2023;21:35;2;93;93050;2;3;1;6;Rue du Roussillon / Allee du Roussillon;48,86555051;2,53147256
202300050563;28;9;2023;08:05;1;37;37261;2;9;1;3;CONSTANTINE (RUE DE);47,39622;0,68402
202300050564;4;1;2023;16:12;1;63;63113;2;3;1;3;ORADOU (RUE DE L') /Impasse Oradou;45,77004;3,10814
202300050565;14;6;2023;16:35;1;49;49069;1;2;1;3;Les Grelliers (Drain);47,340662;-1,227009
202300050566;16;2;2023;17:15;1;75;75115;2;3;1;3;RUE CAMBRONNE;48,844509;2,309177
202300050567;3;1;2023;10:40;1;63;63113;2;1;1;6;JOUHAUX (BD LEON);45,79462541;3,11739206
202300050568;28;9;2023;12:35;1;35;35238;2;1;1;3;VANEAU;48,11219385;-1,69323295
202300050569;5;1;2023;15:05;1;59;59599;2;1;2;6;CLOCHE (RUE DE LA);50,723006;3,16385
202300050570;8;6;2023;18:25;1;49;49218;1;1;1;5;Les Hauts Champs (Le Puiset-Doré);47,231044;-1,148157
202300050571;16;2;2023;08:00;1;75;75115;2;1;1;3;RUE LOUIS ARMAND;48,832583;2,279226
202300050572;16;7;2023;05:30;3;69;69259;2;1;8;5;Boulevard Périphérique Laurent Bonnevay;45,71702;4,85513
202300050573;5;1;2023;15:00;1;59;59512;2;1;2;3;NATIONS UNIES (AVENUE DES);50,69476;3,1788
202300050574;28;9;2023;07:25;5;35;35238;2;1;1;1;FLANDRE (DE);48,12301;-1,70727
202300050575;16;7;2023;05:15;2;976;97611;2;1;1;7;m'tsapere-M'tsapéré- M'tsangani ( rue );-12,78871;45,22472
202300050576;15;2;2023;13:00;1;75;75114;2;3;1;6;RUE RAYMOND LOSSERAND;48,830314;2,310869
202300050577;4;1;2023;17:45;5;59;59365;2;1;2;1;AVESNES (ROUTE D');50,26795242;3,96590821
202300050578;14;6;2023;12:00;1;49;49345;1;2;1;3;Chemin d'Orillé;47,24426;-0,528545
202300050579;27;9;2023;15:30;1;34;34172;1;1;1;1;JOUHAUX (AVENUE LEON);43,60761;3,82094
202300050580;15;7;2023;22:00;3;973;97302;2;4;1;1;MIRZA (CITE);4,93367134;-52,32547089
202300050581;16;2;2023;07:50;1;75;75113;2;2;1;3;RUE VERGNIAUD;48,825941;2,345182
202300050582;4;1;2023;18:35;3;59;59588;2;9;2;2;CHAPEAU ROUGE - ROUTE;51,028994;2,426587
202300050583;13;6;2023;20:15;1;47;47288;1;1;1;1;Alourmede RD656;44,25234556;0,72206775
202300050584;16;2;2023;17:55;2;75;75112;2;1;1;3;ROUTE DE LA PYRAMIDE;48,830304;2,450129
202300050585;16;7;2023;06:00;1;2B;2B120;1;1;1;3;11 - RT;42,64217;9,43969
202300050586;10;6;2023;05:34;2;86;86113;1;1;1;2;N10;46,490673;0,274136
202300050587;3;1;2023;16:30;1;59;59183;2;2;1;1;CORELLI - BOULEVARD;51,0205;2,33217
202300050588;27;9;2023;15:40;1;34;34129;2;1;1;6;PEROLS D132 (AVENUE DE);43,56899;3,90513
202300050589;16;2;2023;14:10;1;75;75109;2;2;1;6;RUE DE MAUBEUGE;48,878285;2,344962
202300050590;15;7;2023;20:10;5;971;97101;1;9;1;3;CARAQUE;16,25200917;-61,48937881
202300050591;4;1;2023;18:00;5;57;57631;2;1;2;6;GAULLE (AVENUE DU GENERAL DE)C3;49,11289082;7,0629859
202300050592;13;6;2023;16:25;1;68;68349;2;3;1;3;Boulevard d?Alsace;47,607767;7,576231
202300050593;27;9;2023;10:00;1;34;34172;2;1;1;6;BERTHELOT (BOULEVARD);43,60143;3,86904
202300050594;5;1;2023;09:45;1;54;54300;2;1;1;6;Rue Lucien Galtier;48,658981;6,228528
202300050595;15;2;2023;20:35;5;75;75109;2;3;1;3;BOULEVARD DES CAPUCINES;48,869951;2,328042
202300050596;12;6;2023;10:15;1;39;39368;2;1;1;6;36bis Rue de la République;46,526896;6,021799
202300050597;15;7;2023;17:50;1;971;97101;1;4;1;6;Rue des Orangers;16,29185626;-61,49494171
202300050598;5;1;2023;08:55;1;54;54274;2;1;8;7;Rue de la République;48,67498;6,20069
202300050599;16;2;2023;19:48;2;75;75108;2;2;1;6;RUE DE MIROMESNIL;48,873896;2,315906
202300050600;14;6;2023;07:40;1;39;39434;1;6;1;3;Rond-point de grimont;46,83693;5,689201
202300050601;27;9;2023;19:50;5;34;34032;2;1;1;2;CLAPAREDE EMILE (AVENUE);43,34371;3,22634
202300050602;5;1;2023;07:40;2;54;54395;2;3;2;6;MOLITOR (RUE);48,68593462;6,19309053
202300050603;16;2;2023;06:57;5;75;75108;2;2;1;6;AVENUE DES CHAMPS ELYSEES;48,870575;2,305425
202300050604;12;6;2023;18:38;1;44;44021;1;1;1;7;;47,012834;-1,857124
202300050605;5;1;2023;19:00;3;54;54254;1;1;2;7;52 (ROUTE NATIONALE);49,49851;5,80391
202300050606;15;7;2023;14:40;1;95;95306;2;2;1;5;D14;49,00059;2,18239
202300050607;28;9;2023;23:00;5;33;33063;2;1;1;3;Quai de Brazza;44,85506;-0,55139
202300050608;16;7;2023;16:35;1;83;83126;2;1;1;6;BRUN (AV ROBERT);43,11804;5,86311
202300050609;15;2;2023;21:19;5;75;75108;2;2;1;3;RUE SAINT LAZARE;48,875313;2,324956
202300050610;5;1;2023;07:50;5;54;54382;2;2;1;3;METZ (BOULEVARD DE);49,545983;5,7826
202300050611;13;6;2023;17:45;1;35;35040;1;3;1;2;Le Champ Gesbert;48,139287;-1,925129
202300050612;16;2;2023;16:37;1;75;75107;2;3;1;6;AVENUE DE LA MOTTE PICQUET;48,85616;2,308088
202300050613;16;7;2023;02:35;5;83;83061;2;3;1;3;BOULEVARD DE LA MER;43,421236;6,743727
202300050614;28;9;2023;18:04;1;33;33063;2;3;1;3;Rue d'Armagnac;44,82141196;-0,55211395
202300050615;13;6;2023;17:50;1;29;29037;1;6;1;3;Route de Pont l’Abbe;47,88424;-4,168652
202300050616;4;1;2023;16:02;1;54;54323;2;4;1;1;Avenue Raymond Poincaré;49,527199;5,778261
202300050617;16;7;2023;01:10;5;77;77373;2;1;1;6;RUE GILBERT REY;48,781464;2,605321
202300050618;28;9;2023;12:55;1;31;31555;2;1;1;6;RUE MALETACHE;43,59853;1,44519
202300050619;13;6;2023;21:00;3;2;2053;1;1;1;7;;48,993376;3,609341
202300050620;11;2;2023;10:15;1;75;75101;2;3;1;3;RUE DE RIVOLI;48,86243385;2,33624429
202300050621;5;1;2023;18:43;5;51;51454;2;1;2;6;boulevard Albert 1er;49,275;4,01773
202300050622;16;7;2023;08:00;1;77;77216;1;9;1;6;D63;48,29857;2,67104
202300050623;4;1;2023;20:10;5;50;50129;2;1;2;6;TANNERIES (RUE DES);49,63339;-1,62246
202300050624;15;2;2023;21:45;5;75;75101;2;4;1;7;RUE ETIENNE MARCEL;48,863885;2,348873
202300050625;14;6;2023;18:15;1;72;72228;1;9;1;3;Lieu Dit la Rousseliere;47,81497013;-0,21670818