Num_Acc;jour;mois;an;hrmn;lum;dep;com;agg;int;atm;col;adr;lat;long
202300050626;16;7;2023;15:25;1;64;64125;2;1;1;6;BERRUA;43,43831891;-1,58853963
202300050627;4;1;2023;12:20;1;49;49099;2;2;1;3;VICTOIRE (BOULEVARD DE LA );47,05938;-0,87414
202300050628;15;2;2023;19:05;5;75;75101;2;4;1;6;RUE DE RIVOLI;48,865333;2,327286
202300050629;28;9;2023;13:15;1;26;26198;1;1;1;6;Avenue de Gournier;44,53222641;4,74072908
202300050630;16;7;2023;18:00;1;63;63113;2;5;1;3;Schuman / Flaubert;45,76416;3,12596
202300050631;4;1;2023;15:45;1;49;49007;2;1;2;3;FOULQUES NERRA BOULEVARD;47,47105;-0,56495
202300050632;13;6;2023;16:47;1;45;45179;1;1;7;1;D103 PR 0 + 335;47,754116;1,732374
202300050633;16;2;2023;13:42;1;94;94081;2;2;1;3;Avenue Paul Vaillant Couturier / Avenue de l'Insurrection;48,79874;2,40039
202300050634;28;9;2023;08:30;1;25;25388;2;6;1;3;HELVETIE (ROND POINT);47,50857;6,80618
202300050635;15;7;2023;14:30;1;62;62193;2;6;1;3;D940;50,94615;1,83814
202300050636;13;6;2023;12:30;1;64;64120;1;1;2;7;570 Route du Bourg;43,310893;-1,071918
202300050637;5;1;2023;08:30;1;37;37261;2;3;2;3;MAGINOT (AV. ANDRE);47,41483;0,68811
202300050638;16;2;2023;17:25;1;92;92007;2;1;1;3;ARISTIDE BRIAND (AV);48,804;2,3249
202300050639;28;9;2023;08:50;1;70;70285;1;1;1;7;Z.A.C. EN SALAMON;47,58578;6,7586
202300050640;16;7;2023;16:20;1;59;59588;1;1;1;6;CHAPEAU ROUGE - ROUTE;51,02946;2,42543
202300050641;5;1;2023;08:00;2;37;37050;1;1;2;2;RD 37;47,33089;0,68015
202300050642;5;6;2023;19:35;1;18;18172;2;2;1;7;3 Rue des Ecoles;46,726007;2,479643
202300050643;16;2;2023;18:00;2;94;94060;2;1;1;6;Avenue Georges Pompidou;48,79534779;2,56515071
202300050644;29;9;2023;02:05;3;22;22278;2;1;1;6;MENEZ (FRANCOIS);48,50587;-2,767921
202300050645;5;1;2023;07:40;5;37;37261;2;6;2;3;LOUIS XI (ROND-POINT);47,37451;0,67109
202300050646;27;9;2023;23:15;5;21;21054;2;7;1;6;place joseph pétasse;47,02349169;4,83275324
202300050647;13;6;2023;18:00;2;21;21341;1;2;1;3;Lantilly;47,547451;4,374565
202300050648;16;7;2023;14:05;1;56;56098;2;1;1;5;LECLERC (RUE  GENERAL );47,76204;-3,35122
202300050649;14;2;2023;07:00;2;94;94059;2;6;5;3;avenue maurice berteaux;48,81611;2,56205
202300050650;4;1;2023;01:35;5;37;37261;2;1;1;6;COLOMBIER (RUE);47,41267;0,70084
202300050651;14;6;2023;04:30;3;40;40168;1;1;2;6;Route d'Azur;43,787191;-1,242313
202300050652;16;7;2023;11:55;1;56;56121;2;2;8;3;INDES ( QUAI DES );47,7452;-3,3585
202300050653;5;1;2023;12:48;1;33;33032;2;1;1;3;Quai de Vial;44,91086;-0,53629
202300050654;16;2;2023;16:20;1;93;93073;2;2;1;3;Avenue Pierre Colongo / Rue de Toulouse;48,93885;2,58268
202300050655;27;9;2023;12:05;1;18;18279;2;1;1;2;70 Avenue du 8 Mai 1945;47,22992;2,07926
202300050656;5;1;2023;07:40;3;33;33063;2;1;8;6;Boulevard du Président Franklin Roosevelt;44,81491;-0,57316
202300050657;16;7;2023;09:50;1;56;56162;2;3;1;3;ANSE DU STOLE (RUE);47,70669;-3,42195
202300050658;14;6;2023;01:30;4;8;8302;2;1;1;6;37 Route de Prum;49,884135;4,749484
202300050659;16;2;2023;21:10;5;93;93046;2;6;2;6;Boulevard de l'Europe / Avenue Lucie Aubrac;48,927071;2,550407
202300050660;28;9;2023;10:53;1;17;17461;2;1;1;3;PARC DES SPORTS (AVENUE DU);45,64268;-1,06684
202300050661;5;1;2023;07:40;2;31;31555;2;1;1;2;AV DE LYON;43,61522798;1,45223379
202300050662;13;6;2023;16:02;1;88;88389;1;1;1;7;route départementale 29;48,35169;5,969186
202300050663;5;1;2023;13:03;1;29;29039;2;1;8;6;Quai du Moros Rive Gauche;47,876269;-3,906105
202300050664;14;7;2023;13:56;1;54;54263;2;1;1;5;Rue de la Commune de Paris;49,226;5,98093
202300050665;16;2;2023;14:55;1;93;93046;2;3;1;6;Avenue Camille Desmoulins / Avenue Aristide Briand;48,91257289;2,52261579
202300050666;28;9;2023;18:50;1;17;17291;1;1;1;3;N11;46,17229;-1,11926
202300050667;14;7;2023;19:40;1;50;50218;2;7;3;7;GENERAL DE GAULLE (PLACE);48,8378;-1,59733
202300050668;8;6;2023;07:10;1;67;67471;2;2;1;3;Rue de la Ville;48,633472;7,742872
202300050669;28;9;2023;08:50;1;13;13117;2;1;1;6;ROUTE NATIONALE 113 - CADESTEAUX;43,47717;5,2278
202300050670;16;2;2023;13:34;1;93;93031;2;3;1;6;Rue Romain Rolland / Avenue de la Marne;48,954002;2,327109
202300050671;15;7;2023;17:40;1;48;48095;1;1;1;6;RD 42;44,53064;3,44098
202300050672;13;6;2023;07:09;1;11;11379;1;1;1;6;Autoroute A9, PK 204.000, sens France / Espagne;43,05321;2,939132
202300050673;4;1;2023;07:45;5;21;21054;2;3;2;3;GAULLE (AVENUE DU GENERAL DE);47,01817;4,83568
202300050674;16;7;2023;22:40;3;45;45284;1;1;1;2;D2060 PR 91 + 400;47,925147;1,980571
202300050675;16;2;2023;07:50;1;93;93031;2;3;1;6;Rue de Marseille / Route d'Argenteuil;48,96089;2,29343
202300050676;28;9;2023;11:28;1;13;13005;2;1;1;4;RD 43 C;43,3117;5,593
202300050677;13;6;2023;16:45;1;971;97115;2;1;7;6;route du pont borel;16,26961;-61,631455
202300050678;16;7;2023;01:45;5;45;45234;2;1;1;2;Pont René Thinat;47,89894375;1,9202739
202300050679;14;6;2023;12:15;1;2A;2A247;1;1;1;6;Route de Palombaggia;41,571303;9,286505
202300050680;5;1;2023;18:20;5;13;13103;2;1;1;4;;43,62853;5,11911
202300050681;28;9;2023;17:55;1;11;11069;2;3;1;3;25 Rue Aime Ramond;43,21188;2,35345
202300050682;15;2;2023;17:10;1;93;93031;2;3;1;3;Avenue de la République / Rue Gounod;48,94801;2,33867
202300050683;27;9;2023;19:06;1;10;10333;2;1;1;7;FRERES GILLET (RUE);48,28;4,05
202300050684;12;6;2023;10:00;1;83;83071;2;6;1;6;rond point de la garenne;43,13237;6,222108
202300050685;5;1;2023;15:15;1;13;13204;2;2;1;1;MARÉCHAL JUIN (BOULEVARD);43,30941;5,40289
202300050686;16;2;2023;08:55;1;93;93027;2;9;1;3;Avenue Waldeck Rochet / cimetieres;48,937;2,404
202300050687;27;9;2023;08:20;1;10;10333;2;6;1;6;PRESIDENT WILSON (RUE);48,2896;4,06711
202300050688;16;7;2023;09:30;1;34;34301;2;2;1;3;LATTRE DE TASSIGNY MARECHAL (QUAI DU);43,406826;3,696047
202300050689;14;6;2023;17:15;1;5;5065;1;1;1;7;D902;44,64588;6,656728
202300050690;15;2;2023;06:30;5;93;93013;2;1;1;6;Rue Marcel Sembat;48,938117;2,425008
202300050691;27;9;2023;09:50;1;6;6088;2;8;1;3;CALIFORNIE (AV.) (A PARTIR DU N° 201-212;43,68142;7,23121
202300050692;14;6;2023;20:00;1;13;13066;2;6;1;3;Place Jean Jaurès;43,874885;4,90215
202300050693;4;1;2023;17:20;5;13;13214;2;1;1;5;AVENUE RAIMU;43,33451;5,39866
202300050694;16;7;2023;19:10;1;34;34003;2;6;1;3;GENTILSHOMMES (H16 A L17;43,28911;3,50794
202300050695;15;2;2023;21:50;3;93;93008;2;1;1;6;Avenue Paul Vaillant - Couturier;48,90583;2,46725
202300050696;5;1;2023;12:50;1;13;13005;1;1;1;7;CIOTAT (ROUTE DE LA RN559);43,26927916;5,58902845
202300050697;18;9;2023;20:20;1;6;6069;2;1;1;3;CAPUCINS (CHEMIN ET IMPASSE DES);43,65212;6,92877
202300050698;13;6;2023;16:30;1;38;38298;1;1;9;2;A7;45,39037;4,80617
202300050699;16;2;2023;13:15;1;92;92062;2;1;1;3;EICHENBERGER (RUE);48,881682;2,237794
202300050700;16;7;2023;13:00;1;33;33550;2;2;1;1;Avenue Georges Clémenceau;44,78171;-0,56598
202300050701;4;1;2023;16:36;1;11;11262;2;1;1;6;;43,18592;3,00032
202300050702;27;9;2023;19:16;1;6;6004;2;1;1;3;NICE(RN.7) AV.ET RTE DE;43,598639;7,120433
202300050703;13;6;2023;17:20;1;70;70014;2;1;1;1;27 Route Nationale 19;47,677113;6,405641
202300050704;27;9;2023;06:00;5;5;5061;2;1;1;6;FANGEROTS ( CHEMIN DES );44,555316;6,06357
202300050705;16;2;2023;14:50;1;92;92024;2;1;7;2;ALSACE (RUE D') DE (25BIS A 77)   (38 A;48,90541511;2,30885357
202300050706;4;1;2023;18:00;5;10;10387;2;1;2;3;SENARDES (RUE DES);48,29236;4,09175
202300050707;16;7;2023;23:25;5;31;31555;2;3;1;3;RTE DE SEYSSES;43,57034;1,41623
202300050708;4;1;2023;01:56;5;10;10362;2;9;2;6;Avenue du General Leclerc;48,29156327;4,03474241
202300050709;16;7;2023;08:15;1;31;31555;1;1;1;2;26 LA FAOURETTE  (PERIPH OUEST A620);43,573809;1,409975
202300050710;28;9;2023;16:55;1;75;75116;2;1;1;5;ECHANGEUR AUTEUIL;48,850649;2,252218
202300050711;15;2;2023;20:00;5;92;92024;2;3;1;3;MARTRE (RUE) DE (59 A 109)   (58 A 120);48,90138114;2,30764657
202300050712;15;7;2023;17:30;1;27;27375;1;1;1;6;RD133;49,20554;1,14063
202300050713;2;6;2023;14:38;1;31;31458;1;1;1;2;D817;43,503929;1,358708
202300050714;15;2;2023;20:55;5;92;92023;2;1;1;1;JEAN JAURES (AVENUE) N°57 A 259 ET 64 A;48,809002;2,268688
202300050715;4;1;2023;13:50;1;75;75116;2;1;1;3;PORT DE PASSY;48,858333;2,260662
202300050716;28;9;2023;12:30;1;75;75114;2;1;1;4;PORTE DE CHATILLON;48,822268;2,315459
202300050717;16;7;2023;06:21;1;14;14118;2;3;1;3;101 Rue du Chemin Vert;49,194835;-0,395281
202300050718;16;2;2023;08:45;1;92;92071;2;9;1;6;CAUCHY (AVENUE);48,77529;2,28857
202300050719;14;6;2023;11:40;1;27;27322;1;4;7;2;D79;49,218256;1,061267
202300050720;5;1;2023;09:25;1;75;75117;2;1;8;6;RUE DE MONTENOTTE;48,877854;2,295362
202300050721;16;7;2023;09:10;1;13;13208;2;1;1;5;MONTREDON (AVENUE DE);43,24221816;5,36913565
202300050722;28;9;2023;12:00;1;75;75119;2;1;1;2;PORTE DES LILAS;48,880749;2,405164
202300050723;16;2;2023;21:37;5;92;92002;2;2;1;7;GENERAL DE GAULLE (AVENUE DU);48,76244112;2,3031123
202300050724;4;1;2023;14:45;1;75;75105;2;3;2;6;RUE DES CARMES;48,849669;2,347848
202300050725;28;9;2023;10:45;1;75;75119;2;1;1;2;PORTE D AUBERVILLIERS;48,900606;2,373933
202300050726;14;6;2023;10:10;1;76;76055;1;2;1;1;D131;49,63610146;0,73551178
202300050727;16;2;2023;14:25;1;92;92002;2;1;1;3;FONTAINE GRELOT (RUE DE LA);48,77046433;2,31655587
202300050728;16;7;2023;08:30;1;13;13209;2;3;1;5;LANCIER (CHEMIN DU);43,24918976;5,39705613
202300050729;4;1;2023;23:10;5;75;75116;2;1;2;2;AVENUE DE NEW YORK;48,858524;2,288662
202300050730;16;2;2023;11:26;1;8;8499;1;1;2;7;D11;49,64221;4,391924
202300050731;27;9;2023;21:25;5;75;75116;2;4;1;3;PORTE DE PASSY;48,8600046;2,26315141
202300050732;14;6;2023;08:40;1;60;60612;2;3;1;3;Rue de la République;49,205037;2,587511
202300050733;16;7;2023;08:45;1;13;13001;2;6;1;7;MAURIAT HENRI (AV);43,51625;5,4669
202300050734;16;2;2023;21:35;3;24;24449;1;1;1;2;D6089;45,021563;0,23913
202300050735;5;1;2023;15:15;1;75;75114;2;1;2;3;RUE RAYMOND LOSSERAND;48,828331;2,306701
202300050736;27;9;2023;11:55;1;75;75120;2;2;1;3;RUE DES PYRENEES;48,856192;2,404929
202300050737;13;2;2023;17:50;2;49;49192;2;1;1;1;D20;47,00637;-0,744731
202300050738;5;1;2023;18:10;5;75;75110;2;3;2;6;RUE DU FAUBOURG SAINT MARTIN;48,882558;2,366945
202300050739;16;7;2023;19:30;1;9;9122;1;1;1;4;20 (R.N.) COTE SUD DU TUNNEL;42,956108;1,623918
202300050740;14;6;2023;16:30;1;80;80561;2;1;1;6;Boulevard du Général Debeney;49,645625;2,571048
202300050741;27;9;2023;00:10;5;75;75120;2;3;1;3;RUE SAINT FARGEAU;48,871699;2,403895
202300050742;16;7;2023;17:25;1;6;6088;2;1;1;3;MONTREAL (BD DE);43,68696;7,21891
202300050743;5;1;2023;18:20;5;75;75108;2;7;2;3;PLACE DU CANADA;48,864949;2,310257
202300050744;17;2;2023;11:00;1;42;42120;1;2;1;5;Route de Villerest;45,992199;3,996964
202300050745;13;6;2023;22:50;3;59;59303;1;1;1;7;Rue Madoue;50,568135;2,847275
202300050746;16;7;2023;01:00;5;6;6088;2;1;1;6;CALIFORNIE (AV.) (A PARTIR DU N° 201-212;43,67783;7,22847
202300050747;28;9;2023;13:38;1;75;75119;2;3;1;6;RUE ARMAND CARREL;48,883098;2,371472
202300050748;17;2;2023;12:00;1;974;97405;1;1;1;1;Rue Augustin Mézino;-21,365829;55,555576
202300050749;12;6;2023;22:10;3;13;13085;1;1;1;2;A50-Sens Aubagne vers Toulon;43,2468;5,596
202300050750;15;7;2023;07:45;1;6;6088;2;1;1;6;DUNANT (AV. HENRI);43,720404;7,26306
202300050751;5;1;2023;18:05;5;75;75102;2;3;2;6;RUE MONTMARTRE;48,867791;2,343805
202300050752;28;9;2023;09:20;1;75;75119;2;3;1;2;RUE BOTZARIS;48,877718;2,381278
202300050753;12;2;2023;17:10;1;63;63004;1;1;7;1;CD 19 - pk 23+220;45,924565;2,776333
202300050754;15;7;2023;09:55;1;75;75119;2;1;1;2;PORTE D AUBERVILLIERS;48,900334;2,380785
202300050755;5;1;2023;04:15;5;75;75104;2;2;1;2;BOULEVARD BOURDON;48,847532;2,365584
202300050756;28;9;2023;05:40;5;75;75118;2;2;1;3;BOULEVARD BARBES;48,88835;2,349581
202300050757;15;2;2023;16:30;1;46;46197;1;1;1;3;RD820;44,403611;1,443543
202300050758;7;6;2023;18:30;1;13;13071;1;1;1;4;A7-Sens Marseille vers Lyon;43,41297;5,28139
202300050759;15;6;2023;14:40;1;75;75119;2;4;1;7;PORTE DE PANTIN;48,89289117;2,39544868
202300050760;4;1;2023;10:24;1;75;75104;2;3;2;3;RUE DE RIVOLI;48,85751994;2,35142291
202300050761;16;2;2023;23:00;3;42;42158;1;1;1;6;Route de Renaison;46,036677;3,849356
202300050762;28;9;2023;12:00;1;75;75117;2;3;1;2;BOULEVARD PERSHING;48,88173305;2,28534937
202300050763;16;7;2023;19:45;1;75;75119;2;3;1;3;RUE MANIN;48,882263;2,381947
202300050764;9;2;2023;16:30;1;38;38105;2;9;1;6;Route du Bourg;45,416352;5,552688
202300050765;13;6;2023;09:28;1;33;33013;1;1;1;5;;44,867593;-0,504247
202300050766;5;1;2023;19:40;3;94;94081;2;2;1;6;Rue Julian Grimau / Rue Edouard Tremblay;48,78161905;2,37268867
202300050767;16;7;2023;13:10;1;75;75112;2;2;1;2;BOULEVARD SOULT;48,839896;2,40902
202300050768;17;2;2023;09:30;1;8;8402;1;1;2;2;;49,59173525;4,49607577
202300050769;13;6;2023;17:15;1;91;91340;1;1;1;3;RN 104;48,61052;2,43137
202300050770;28;9;2023;11:15;1;75;75117;2;2;1;3;RUE TRUFFAUT;48,887772;2,318369
202300050771;5;1;2023;14:35;1;94;94046;2;3;2;1;117 Rue Jean Jaurès;48,795723;2,433978
202300050772;15;2;2023;16:05;1;62;62541;1;1;1;6;D104;50,457217;2,146239
202300050773;15;7;2023;21:45;5;75;75111;2;2;1;2;BOULEVARD DE CHARONNE;48,854303;2,395914
202300050774;27;9;2023;11:40;1;75;75115;2;1;1;6;BOULEVARD DE GRENELLE;48,84828;2,300831
202300050775;13;6;2023;09:40;1;94;94043;1;1;1;2;A6B;48,80449301;2,34428108
202300050776;16;2;2023;08:40;1;83;83057;1;9;1;6;Route de Nice;43,387862;6,248868
202300050777;5;1;2023;18:22;5;93;93055;2;4;2;6;Rue Jules Auffret / Avenue Faidherbe;48,88492;2,41113
202300050778;28;9;2023;12:30;1;75;75111;2;3;1;6;BOULEVARD VOLTAIRE;48,852833;2,388452
202300050779;16;7;2023;20:15;1;75;75110;2;2;1;3;BOULEVARD DE STRASBOURG;48,872248;2,355931
202300050780;24;1;2023;01:10;3;2B;2B096;1;1;2;1;RT 20 - Pk-PR 078.950;42,281472;9,164132
202300050781;5;1;2023;16:35;1;93;93032;2;3;2;6;Avenue Paul Vaillant Couturier / Avenue Bizet;48,87313699;2,55337849
202300050782;13;6;2023;16:55;1;78;78206;1;1;1;5;A13;48,954812;1,938386
202300050783;28;9;2023;06:00;5;75;75111;2;7;1;3;RUE DU FAUBOURG DU TEMPLE;48,86774;2,36439
202300050784;16;7;2023;20:55;1;93;93007;2;6;1;3;Avenue Pablo Néruda / Avenue Descartes;48,95006;2,46693
202300050785;16;2;2023;07:50;1;82;82112;1;6;5;2;Route de l'Avenir;44,103893;1,11331
202300050786;13;6;2023;09:15;1;92;92064;1;1;1;2;A13;48,83980011;2,20586376
202300050787;4;1;2023;19:00;5;93;93001;2;2;2;2;Avenue Victor Hugo / Avenue des Magasins Generaux;48,90253;2,370977
202300050788;16;7;2023;10:30;1;92;92044;2;2;1;3;ED.VAILLANT(RUE) 47A73 ET 50A78;48,89687821;2,28838563
202300050789;27;9;2023;15:15;1;75;75111;2;3;1;6;RUE DU GRAND PRIEURE;48,864541;2,369364
202300050790;12;6;2023;23:30;3;78;78418;1;1;1;2;A14;48,91597;2,13083
202300050791;16;7;2023;01:55;5;92;92024;2;1;1;6;GUSTAVE EIFFEL (RUE);48,90338758;2,29293734
202300050792;5;1;2023;08:05;2;92;92020;2;3;1;6;STALINGRAD BOULEVARD;48,81099;2,29937
202300050793;16;2;2023;19:25;3;82;82161;1;3;1;5;D 115;44,042354;1,437505
202300050794;28;9;2023;14:45;1;75;75109;2;5;1;1;RUE PIERRE FONTAINE;48,880451;2,335078
202300050795;12;6;2023;08:18;1;92;92047;1;1;1;3;A13;48,83291148;2,15823486
202300050796;5;1;2023;13:40;1;92;92040;2;1;2;3;rue du passeur de boulogne;48,825636;2,25977
202300050797;15;2;2023;20:40;5;33;33011;2;1;1;3;Avenue de la Libération;44,75866;-1,12095
202300050798;28;9;2023;09:05;1;75;75109;2;3;1;3;RUE DU FAUBOURG POISSONNIERE;48,873422;2,347889
202300050799;6;1;2023;08:10;1;60;60036;1;1;1;2;N31;49,385725;2,569942
202300050800;13;6;2023;17:00;1;95;95277;1;1;1;2;A3;48,97221;2,48464
202300050801;17;2;2023;11:15;1;63;63003;2;1;1;6;Allée des Sports;45,540007;3,751257
202300050802;27;9;2023;09:15;1;75;75108;2;2;1;3;AVENUE MATIGNON;48,869067;2,310307
202300050803;6;1;2023;18:08;3;76;76115;1;1;2;5;D6015;49,59385;0,58318
202300050804;13;6;2023;07:10;1;93;93005;1;1;1;2;AUTOROUTE A1;48,95720448;2,46153975
202300050805;12;6;2023;17:30;1;95;95572;1;1;1;2;N184;49,04929;2,13858
202300050806;28;9;2023;14:30;1;75;75107;2;4;1;2;RUE DE BABYLONE;48,851707;2,324396
202300050807;6;1;2023;15:55;1;25;25147;1;1;8;3;A36 sortie n°3 Besançon Ouest PK 133+800;47,235109;5,896128
202300050808;17;7;2023;15:41;1;60;60191;2;1;1;1;Rue de flandre;49,554707;2,701027
202300050809;15;2;2023;20:10;3;49;49008;1;2;1;2;D770;47,56367;-0,99731
202300050810;28;9;2023;07:30;2;94;94079;2;3;1;6;Boulevard Aristide Briand;48,83114;2,53518
202300050811;12;6;2023;15:00;1;93;93066;1;1;1;3;AUTOROUTE A1;48,9182;2,35758
202300050812;6;1;2023;08:15;2;49;49092;1;9;2;6;D160;47,22964612;-0,72195524
202300050813;27;9;2023;01:04;5;93;93066;2;1;1;6;Rue Georges Politzer;48,940256;2,364034
202300050814;6;1;2023;12:00;1;77;77141;1;1;1;7;A4 pk 035.250;48,855895;2,840331
202300050815;12;6;2023;10:00;1;95;95527;1;1;1;4;N104;49,027106;2,511782
202300050816;28;9;2023;17:20;1;93;93050;2;1;1;3;Rue Louis Vannini;48,86477;2,51949
202300050817;12;6;2023;09:15;1;93;93008;1;1;1;2;AUTOROUTE A86;48,91273457;2,43680722
202300050818;28;9;2023;15:15;1;93;93049;2;2;1;1;Chemin de Meaux / Rue Marcel Dassault;48,86406;2,51678
202300050819;4;1;2023;18:00;3;10;10067;1;1;2;4;D671;48,243139;4,118242
202300050820;12;6;2023;06:30;1;95;95252;1;1;1;3;A15;48,97936;2,228656
202300050821;28;9;2023;12:00;1;93;93079;2;1;1;6;Avenue Jean-baptiste Clément;48,954126;2,338311
202300050822;28;9;2023;15:44;1;93;93027;2;1;1;6;Boulevard Pasteur;48,92405;2,38422
202300050823;28;9;2023;09:15;1;93;93007;2;1;1;2;Avenue du Professeur Fleming;48,93383226;2,46650228
202300050824;6;1;2023;16:23;2;74;74272;1;3;8;3;Route de Bellegarde;45,942791;6,060483
202300050825;28;9;2023;08:20;1;92;92046;2;9;1;6;ETIENNE DOLET (RUE);48,8151844;2,2988736
202300050826;27;9;2023;18:48;1;92;92077;2;2;1;3;VERSAILLES (RUE DE);48,82504806;2,18692884
202300050827;27;9;2023;13:20;1;92;92050;2;1;7;2;CLEMENCEAU GEORGES AVENUE N° PAIR;48,88568703;2,21758068
202300050828;11;6;2023;21:05;2;93;93066;1;1;3;2;AUTOROUTE A1;48,90548;2,35866
202300050829;25;9;2023;16:30;1;92;92050;2;1;8;3;CLEMENCEAU GEORGES AVENUE N° PAIR;48,88690736;2,20245481
202300050830;6;1;2023;05:10;5;6;6095;2;3;1;3;41 Avenue de Boutiny;43,641496;6,878911
202300050831;13;6;2023;06:20;1;93;93051;1;1;1;5;A4;48,83634;2,55335
202300050832;5;1;2023;15:01;1;6;6109;1;1;1;7;Route de Levens;43,82979;7,193985
202300050833;28;9;2023;16:48;1;92;92044;2;2;1;6;PDT WILSON(RUE) 2A24 ET 1A21;48,89058914;2,29173578
202300050834;5;1;2023;16:49;1;3;3026;1;1;2;6;A79;46,460703;3,278802
202300050835;19;2;2023;06:00;3;88;88028;1;1;8;1;D11;48,15550083;6,54981585
202300050836;6;1;2023;06:10;3;4;4033;1;1;1;7;RD900B - PK24+493;44,458102;6,239108
202300050837;28;9;2023;12:37;1;92;92044;2;1;1;2;PDT WILSON(RUE)107A131 ET 110A130;48,89786155;2,28540212
202300050838;8;2;2023;07:29;1;88;88486;2;1;1;6;Rue Robert Claudel;48,008433;6,717335
202300050839;6;1;2023;07:10;2;51;51380;1;1;1;3;Rue du Faubourg de Paris;48,88075938;3,53905141
202300050840;28;9;2023;20:34;5;92;92024;2;1;1;3;GENERAL LECLERC (BD DU) (9 A 59)   (4 A;48,90435064;2,31149644
202300050841;29;1;2023;08:00;2;88;88447;1;1;1;2;D43;47,944852;6,789116
202300050842;2;1;2023;18:30;3;56;56013;2;1;2;3;20 Route de Pont Lorois;47,675775;-3,183171
202300050843;28;1;2023;04:00;3;88;88243;2;1;8;1;62 Rue du Haut Pré;48,309481;6,714723
202300050844;27;9;2023;11:00;1;92;92012;2;1;1;3;ALPHONSE LE GALLO (QUAI) 35/FIN;48,83867158;2,22414315
202300050845;5;1;2023;12:10;1;74;74096;2;2;1;6;7 Grand-Rue;46,0335;6,107272
202300050846;26;3;2023;14:50;1;43;43177;1;9;1;1;D500;45,313755;4,2847
202300050847;29;9;2023;07:25;1;17;17408;2;2;1;3;d 122;45,804976;-0,84878
202300050848;3;1;2023;07:20;3;80;80173;1;1;1;1;D919;49,958109;2,38178
202300050849;10;3;2023;16:20;1;43;43268;1;1;1;7;RN88;45,130257;4,095883
202300050850;28;9;2023;15:30;1;84;84137;2;1;1;6;Avenue des Choralies;44,242286;5,082003
202300050851;5;1;2023;07:35;2;11;11024;1;1;1;3;;43,128934;2,96125
202300050852;5;3;2023;15:30;1;13;13056;2;1;1;6;TURCAN FRANCIS;43,41596;5,05668
202300050853;27;9;2023;22:45;3;83;83130;1;1;1;6;Autoroute A57, PK 13.340;43,194289;6,039471
202300050854;6;1;2023;19:20;4;49;49086;2;2;1;3;Rue d’anjou ;47,23218;-0,430892
202300050855;8;4;2023;19:00;1;57;57487;2;1;1;3;VERDUN (RUE DE );49,10753;6,10623
202300050856;16;9;2023;09:05;1;71;71448;1;1;2;3;Autorute A6 PK 378+900 sens LYON / PARIS;46,385096;4,850158
202300050857;6;1;2023;14:32;1;86;86145;1;2;1;3;N10;46,473426;0,269025
202300050858;7;4;2023;12:50;1;93;93046;2;2;1;3;Av du Pdt J Fitzgerald Kennedy / Boulevard Roger Salengro;48,91492;2,53467
202300050859;27;9;2023;20:15;3;62;62491;2;1;1;1;D169;50,60423122;2,77153829
202300050860;5;1;2023;00:45;3;34;34332;1;1;1;6;D612;43,31313;3,390698
202300050861;29;9;2023;18:35;2;69;69260;2;1;1;7;774 Chemin de la Pronde;45,660135;4,802886
202300050862;12;6;2023;07:40;1;974;97411;2;2;1;6;PHILIBERT (RUE);-20,8888;55,44731
202300050863;28;9;2023;21:00;3;51;51245;1;1;1;6;départementale 27;49,232984;3,804563
202300050864;5;1;2023;18:20;4;39;39078;1;2;1;3;N/A;47,105742;5,5183741
202300050865;11;6;2023;22:30;5;973;97302;2;1;1;1;GALMOT (AVENUE);4,93219;-52,32747
202300050866;5;1;2023;09:30;1;39;39013;2;1;1;6;1 Avenue Pasteur;46,90687;5,769468
202300050867;29;9;2023;05:49;2;59;59074;1;9;1;1;D115;50,093942;3,436886
202300050868;12;6;2023;10:50;1;69;69387;2;8;1;7;Rue de Marseille;45,7539;4,84175
202300050869;5;1;2023;18:10;5;25;25157;2;2;2;6;La Tuilerie;46,867611;6,374224
202300050870;11;6;2023;11:45;1;971;97113;2;1;1;1;SECTION MARE-GAILLARD;16,2169685;-61,4375639
202300050871;29;9;2023;16:30;1;59;59282;1;1;1;3;D916;50,813094;2,483168
202300050872;6;1;2023;07:30;3;31;31396;1;1;1;1;D622;43,357731;1,596633
202300050873;11;6;2023;06:50;1;971;97101;2;9;1;3;Frédéric JALTON;16,27548;-61,50257
202300050874;6;1;2023;01:15;4;2;2126;2;7;2;6;3 Place de Mai 1940;49,770286;4,180655
202300050875;29;9;2023;08:50;1;65;65020;2;1;1;2;Route de Lourdes;43,094622;0,009061
202300050876;12;6;2023;14:40;1;95;95280;2;1;7;6;GARE (AVENUE DE LA);49,02276;2,46539
202300050877;27;9;2023;13:00;1;32;32457;1;1;1;6;D953;43,861267;0,686131
202300050878;5;1;2023;16:50;1;70;70315;2;1;1;1;4 Avenue Jacques Parisot;47,891327;6,282796
202300050879;29;9;2023;17:40;1;71;71282;1;1;1;7;RD 680;46,820891;4,370821
202300050880;12;6;2023;12:00;1;95;95197;2;1;1;2;GALLIENI (RUE);48,9666;2,32807
202300050881;6;1;2023;07:00;5;70;70235;2;3;2;3;grande rue;47,699607;6,18979
202300050882;28;9;2023;16:30;1;71;71134;2;1;1;3;Route de Montvaillant (Clermain);46,363526;4,582495
202300050883;12;6;2023;08:35;1;91;91114;2;1;1;4;RTE NATIONALE 6;48,678691;2,495793