Num_Acc;jour;mois;an;hrmn;lum;dep;com;agg;int;atm;col;adr;lat;long
202300050884;5;1;2023;14:50;1;54;54405;2;1;1;7;Grande Rue;48,57439594;5,97442746
202300050885;11;9;2023;18:50;1;61;61068;1;1;1;3;D309;48,5554424;0,211712
202300050886;6;1;2023;13:55;1;5;5170;2;1;1;6;10 Place du Commandant Dumont;44,461349;6,054867
202300050887;12;6;2023;12:40;1;91;91027;2;2;1;3;AV FRANCOIS MITTERRAND;48,71608;2,37087
202300050888;12;6;2023;10:56;1;91;91223;1;1;1;6;CHARPENTIER (AVENUE THEODORE);48,43097;2,15742
202300050889;2;1;2023;16:55;2;10;10323;2;1;1;5;Rue Milford Haven;48,504711;3,721358
202300050890;29;9;2023;04:26;3;25;25022;1;1;1;6;D683;47,515107;6,639122
202300050891;12;6;2023;07:50;1;88;88383;2;1;1;6;faubourg d'alsace;48,00853;6,60698
202300050892;4;1;2023;07:35;2;7;7122;1;1;1;3;Route d Ales;44,560011;4,35886
202300050893;11;6;2023;05:23;3;87;87201;1;1;1;6;RD941 (OUEST);45,843464;1,1775567
202300050894;29;9;2023;14:35;1;44;44007;1;1;1;3;Bel Air;47,653417;-1,969584
202300050895;5;1;2023;22:40;3;60;60570;1;1;1;6;A16;49,255468;2,093368
202300050896;28;9;2023;13:20;1;35;35143;2;1;1;6;D 71;48,239924;-2,009275
202300050897;5;1;2023;18:08;5;38;38530;1;1;1;4;RD1006;45,61884;5,182586
202300050898;11;6;2023;13:00;1;83;83123;1;4;1;3;BANDOL (ROUTE)N° PAIRS;43,12485295;5,78902075
202300050899;28;9;2023;19:30;2;29;29020;1;3;8;3;Route de Kergolo;48,13052587;-4,01835169
202300050900;6;1;2023;04:00;5;971;97103;2;3;1;3;Rue de l?Industrie;16,237558;-61,564624
202300050901;28;9;2023;22:00;3;29;29176;1;1;3;6;Lieu Dit Croix Neuve;48,13421;-4,227203
202300050902;5;1;2023;11:35;1;971;97125;2;2;1;3;Bragelogne;16,268259;-61,302788
202300050903;27;9;2023;05:20;3;29;29026;1;1;1;6;Prat Aval;48,18375101;-4,11007031
202300050904;12;6;2023;20:00;1;77;77058;2;9;1;7;CLOS SAINT GEORGES  (AVENUE DU);48,845624;2,733553
202300050905;25;9;2023;15:30;1;31;31110;1;1;1;6;DEPARTEMENTALE 83;43,108902;0,969737
202300050906;4;1;2023;21:45;5;971;97125;1;2;1;3;Belle Allée;16,256121;-61,311581
202300050907;9;6;2023;22:25;1;76;76351;2;6;1;6;LOUIS BLANC;49,50778;0,13364
202300050908;5;1;2023;02:21;3;977;97701;2;1;2;7;Saint jean;17,902971;-62,83206
202300050909;11;6;2023;19:00;1;72;72181;2;1;1;3;BOLLEE (AV) N° PAIRS 2 A 62;48,00395;0,20263
202300050910;6;1;2023;08:50;1;29;29233;2;6;8;3;Rue de Pont-aven;47,87084493;-3,56672108
202300050911;27;9;2023;13:15;1;3;3093;1;2;1;5;D907;46,187972;3,486979
202300050912;6;1;2023;08:15;2;91;91200;2;1;2;6;Intersection D116 - rue de l'ouye;48,523053;2,0078
202300050913;11;6;2023;18:56;1;71;71270;2;1;3;7;Boulevard de la Résistance;46,29491765;4,81936634
202300050914;28;9;2023;17:55;2;3;3092;1;1;7;6;lieu dit couture;46,453936;3,196442
202300050915;5;1;2023;11:45;1;34;34344;2;1;1;6;7 Rue des Artisans;43,561112;4,076989
202300050916;28;9;2023;16:30;1;26;26345;2;1;1;3;554 Route de Ste-Cécile;44,285226;4,846808
202300050917;5;1;2023;19:34;3;6;6077;2;1;1;6;D2566;43,880704;7,356864
202300050918;27;9;2023;19:00;2;72;72132;2;1;1;7;lieu dit le manay;48,175387;0,630491
202300050919;6;1;2023;08:30;1;5;5159;1;1;1;6;Route Departementale 330;44,313777;5,797434
202300050920;29;9;2023;14:20;1;6;6073;1;1;1;7;RM97, PR 02+700 - ISOLA2000;44,198363;7,069514
202300050921;18;9;2023;08:40;1;6;6080;1;1;8;7;Pont de la Bolinette;44,042505;7,128764
202300050922;5;1;2023;18:20;5;73;73213;2;3;1;6;D1006;45,57103;5,952439
202300050923;28;9;2023;20:30;3;8;8137;1;3;1;3;N/A;49,820037;4,698479
202300050924;6;1;2023;20:40;3;7;7042;1;1;1;6;D86;44,40348;4,646015
202300050925;5;1;2023;22:20;3;32;32258;1;1;1;6;chemin de crastes;43,743469;0,674762
202300050926;6;1;2023;07:57;3;14;14060;1;1;1;3;Allée Christian Coeuret;49,248419;-0,278931
202300050927;28;9;2023;16:45;1;88;88116;1;3;1;3;18 Rue de Chermenil;47,97694;6,83307
202300050928;3;1;2023;03:00;4;27;27016;2;1;1;6;2 Route des Templiers;49,248384;1,453021
202300050929;6;1;2023;07:40;5;76;76758;2;1;2;1;Rue Pierre de Coubertin;49,613769;0,761109
202300050930;4;1;2023;15:45;1;59;59151;1;1;2;7;Route de Solre-le-chateau;50,26121313;4,10604
202300050931;5;1;2023;08:34;1;13;13071;1;1;1;5;A55-Sens Martigues vers Marseille;43,37809;5,31739
202300050932;1;1;2023;06:20;3;69;69259;2;1;8;2;Boulevard Laurent Bonnevay;45,71863487;4,87177134
202300050933;5;1;2023;13:53;1;77;77384;1;1;2;3;AUTOROUTE A5A;48,5949;2,61413
202300050934;5;1;2023;11:08;1;91;91689;1;1;1;5;A10;48,73851;2,31707
202300050935;5;1;2023;09:31;1;91;91286;1;1;8;3;AUTOROUTE A6;48,64444;2,39007
202300050936;4;1;2023;23:25;3;91;91064;1;1;3;6;RN 118;48,75193;2,2229
202300050937;4;1;2023;16:50;5;78;78126;1;1;2;6;A86 DUPLEX;48,844821;2,147034
202300050938;5;1;2023;16:00;1;93;93066;1;1;2;4;AUTOROUTE A1;48,91916;2,35755
202300050939;4;1;2023;23:50;3;95;95572;1;1;2;6; A15;49,02837777;2,12775019
202300050940;5;1;2023;10:40;1;94;94028;1;1;1;2;A86;48,7806436;2,44115551
202300050941;4;1;2023;20:00;5;35;35051;2;1;2;6;PARIS (RUE DE);48,11435714;-1,59854025
202300050942;4;1;2023;19:00;5;27;27375;2;1;3;6;CROSNE (BOULEVARD DE);49,21551;1,16951
202300050943;3;1;2023;18:29;5;29;29019;2;1;2;6;avenue Victor Le Gorgeu;48,400527;-4,499121
202300050944;4;1;2023;19:25;2;974;97416;2;1;1;6;LORION (RUE LUC);-21,341211;55,468924
202300050945;2;1;2023;08:00;1;974;97411;1;1;1;1;MONTAGNE (ROUTE DE LA);-20,88725;55,44006
202300050946;4;1;2023;23:45;5;69;69383;2;3;2;7;Route de Genas;45,75487271;4,87608835
202300050947;4;1;2023;11:55;1;69;69034;2;1;1;6;Route de Strasbourg;45,79105516;4,86091956
202300050948;4;1;2023;11:30;1;69;69034;2;1;1;2;Montée des Soldats;45,79321;4,86011
202300050949;3;1;2023;18:00;5;971;97101;2;1;1;4;RN1-  HAUTEUR DE SORTIE LAURICISQUE;16,2522;-61,53157
202300050950;4;1;2023;20:05;5;2A;2A004;2;1;1;3;SEBASTIANU COSTA BD;41,9406;8,74494
202300050951;4;1;2023;09:20;1;91;91645;2;2;8;3;GEORGES POMPIDOU (AVENUE);48,7452;2,282992
202300050952;4;1;2023;17:50;5;91;91114;2;1;2;6;RUE DES VALLEES;48,698586;2,509422
202300050953;4;1;2023;13:25;1;91;91589;2;4;2;3;BD ARISTIDE BRIAND;48,687256;2,354354
202300050954;4;1;2023;06:50;3;91;91223;1;1;8;6;CD63;48,41508;2,196
202300050955;1;1;2023;12:15;1;88;88413;2;3;1;3;Rue de l'Etang Piller;48,29545;6,93915
202300050956;4;1;2023;13:30;1;87;87085;2;3;2;3;THOMAS (AVENUE ALBERT);45,83475;1,24567
202300050957;3;1;2023;09:15;1;86;86194;2;1;1;4;Avenue Jacques Coeur;46,56995;0,371571
202300050958;3;1;2023;08:55;1;83;83137;2;3;1;3;MOULINS (AVE DES DE 18 A 23;43,14602;5,91248
202300050959;2;1;2023;18:30;2;83;83137;2;3;1;2;DUGOMMIER (RUE);43,1255;5,92902
202300050960;3;1;2023;19:20;5;76;76351;2;3;2;6;PIERRE MENDES FRANCE;49,51444;0,15346
202300050961;4;1;2023;07:25;5;74;74012;2;1;5;3;THONON (ROUTE DE);46,19348;6,256
202300050962;4;1;2023;05:40;5;74;74012;2;1;5;6;FAUCIGNY (RUE DU);46,1947;6,23617
202300050963;4;1;2023;10:30;1;72;72181;2;1;1;7;GRANDES COURBES (RUE DES);47,9791;0,16777
202300050964;4;1;2023;13:20;1;69;69266;2;1;1;3;259 Rue Léon Blum;45,7623561;4,91158068
202300050965;3;1;2023;16:00;1;67;67482;2;1;1;6;PAUL ELUARD (RUE);48,58886;7,69726
202300050966;4;1;2023;07:52;5;66;66136;2;6;1;3;;42,70529;2,90176
202300050967;1;1;2023;04:50;5;66;66136;2;1;1;2;;42,69472;2,901651
202300050968;1;1;2023;04:15;3;60;60159;1;1;1;6;Route Nationale 31;49,42168;2,89991
202300050969;3;1;2023;06:45;4;59;59350;2;1;1;2;CHAUDE RIVIERE RUE DE;50,634167;3,081673
202300050970;3;1;2023;07:35;5;59;59131;2;9;9;6;SEPT PLANETES;50,99827;2,37591
202300050971;4;1;2023;18:14;5;51;51454;2;4;2;1;boulevard du Docteur Roux;49,23265606;4,02437702
202300050972;3;1;2023;10:15;1;51;51454;2;1;1;6;rue Chanzy;49,25396;4,03046
202300050973;2;1;2023;11:20;1;49;49099;2;1;8;3;D160;47,07951;-0,83152
202300050974;4;1;2023;08:21;3;49;49007;2;1;8;7;WALDECK ROUSSEAU;47,47098;-0,54431
202300050975;2;1;2023;22:58;5;49;49007;2;2;1;3;FREMUR;47,45883;-0,5586
202300050976;29;10;2023;14:31;1;93;93001;2;1;8;2;Avenue Victor Hugo;48,913997;2,380845
202300050977;29;10;2023;22:50;3;54;54462;1;1;3;3;D116;48,60283598;6,34496927
202300050978;20;10;2023;08:00;3;51;51423;1;1;3;6;D61;48,773925;4,830562
202300050979;30;10;2023;10:25;1;6;6114;2;1;1;6;Chemin du Souvenir;43,741329;7,287213
202300050980;29;10;2023;13:10;1;33;33205;1;1;3;1;Lieu Dit Ardennes;44,58621469;-0,39481036
202300050981;29;10;2023;09:50;1;31;31454;2;1;1;6;Avenue du Casteras;43,41373;1,116765
202300050982;28;10;2023;16:10;1;69;69285;2;6;1;3;Rue des Bruyères;45,763133;5,080442
202300050983;29;10;2023;05:15;2;27;27306;1;1;2;7;N1013;49,001746;1,184412
202300050984;6;10;2023;12:40;1;1;1109;2;3;1;3;Intersection D984B / Rue du Rhone;46,142589;5,908783
202300050985;30;10;2023;14:15;1;44;44056;1;1;1;3;1 le moulin de la violaye;47,408519;-1,757179
202300050986;29;10;2023;19:15;3;62;62289;1;1;2;6;D138;50,451944;1,773777
202300050987;28;10;2023;06:04;3;62;62376;1;1;2;6;D937;50,56815966;2,60229691
202300050988;29;10;2023;23:45;3;37;37179;1;1;1;2;A10 PK 198+380 SENS PARIS-TOURS;47,45941427;0,75836563
202300050989;30;10;2023;13:25;1;56;56188;1;1;8;1;Le Roduic;47,89567;-3,11247
202300050990;30;10;2023;19:15;3;56;56171;1;1;2;1;Fontalvy;47,698216;-2,382421
202300050991;30;10;2023;10:20;1;71;71263;2;1;1;6;Rue de Bram;46,629017;5,21893
202300050992;30;10;2023;14:30;1;71;71014;1;1;3;6;D 680;46,9294;4,365349
202300050993;30;10;2023;14:00;1;89;89072;1;1;8;6;Lieu Dit les Rosses;47,752803;2,975906
202300050994;24;10;2023;14:09;1;63;63366;1;3;1;4;D999/D214;45,495488;3,352649
202300050995;29;10;2023;18:45;2;61;61230;1;1;1;3;D8;48,526702;0,714057
202300050996;4;10;2023;06:27;3;68;68286;1;3;1;3;D 21.3;47,622856;7,550547
202300050997;30;10;2023;18:50;3;50;50289;1;2;8;3;La Bretonniere;49,189943;-1,304031
202300050998;22;10;2023;01:20;3;50;50619;2;3;9;6;Rue de l?Eglise;49,621137;-1,360631
202300050999;30;10;2023;18:40;5;50;50639;2;1;2;6;Rue du Général de Gaulle;48,837164;-1,221773
202300051000;9;5;2023;08:50;1;13;13210;2;6;1;6;ALFRED CURTEL (RUE);43,2783;5,407
202300051001;29;10;2023;12:40;1;9;9296;2;1;1;3;N20;42,799005;1,661657
202300051002;10;5;2023;18:27;1;13;13063;2;1;1;3;REPUBLIQUE AVENUE DE LA;43,58332;5,00396
202300051003;30;10;2023;12:50;1;85;85020;2;6;1;2;RD 148;46,370648;-0,575919
202300051004;8;5;2023;18:30;1;13;13063;2;1;1;1;DANIEL PAUL AVENUE;43,58772;5,00933
202300051005;8;5;2023;11:30;1;13;13005;2;1;1;6;BARTHELEMY (RUE DU DR);43,29565;5,5681
202300051006;28;10;2023;21:00;5;63;63113;1;9;1;5;A71;45,774917;3,140459
202300051007;8;5;2023;14:25;1;13;13004;2;2;1;6;AV DES ALYSCAMPS;43,67489;4,63224
202300051008;30;10;2023;15:37;1;14;14555;1;1;1;3;AUTOROUTE A13 PK173+300;49,30447758;0,29294014
202300051009;29;10;2023;21:00;3;988;98815;1;1;1;6;Tuho (Tribu);-21,52315;167,905662
202300051010;9;5;2023;17:50;1;10;10343;2;1;1;3;Allée du Château des Cours;48,2702;4,08913
202300051011;30;10;2023;05:15;3;29;29233;1;1;3;6;RN165;47,86239;-3,54916
202300051012;9;5;2023;14:28;1;10;10387;2;1;2;2;Boulevard Victor Hugo;48,29205462;4,07023877
202300051013;26;10;2023;05:50;3;77;77466;1;1;3;1;D21;48,824677;2,883265
202300051014;24;8;2023;21:55;5;93;93077;2;3;1;6;Avenue de Rosny / Avenue du Rond Point;48,884074;2,50060108
202300051015;9;5;2023;15:45;1;6;6069;2;1;1;3;AURIBEAU (ROUTE D') -D609-;43,630637;6,912105
202300051016;30;10;2023;11:45;1;84;84129;2;1;3;2;1171 Route d'Entraigues;44,006104;4,890397
202300051017;25;8;2023;19:30;1;93;93061;2;3;1;3;Rue d'Estienne d'Orves / Rue Simonnot;48,88567;2,40145
202300051018;9;5;2023;08:00;1;6;6069;2;6;1;3;PEGOMAS (ROUTE DE);43,641618;6,937395
202300051019;11;10;2023;08:33;1;13;13101;2;3;1;1;Rue de la Fontaine;43,406419;5,54478
202300051020;26;8;2023;18:50;1;93;93029;2;2;1;3;Rue des Bois de Groslay / Rue de l'Argonne;48,91757;2,46758
202300051021;7;5;2023;16:45;1;6;6004;2;2;1;1;FELON RUE;43,57283;7,10741
202300051022;29;10;2023;17:50;3;13;13030;1;1;1;2;D8n;43,268769;5,720057
202300051023;25;8;2023;16:05;1;93;93010;2;3;1;3;Route de Villemomble / Rue Rene Char;48,8919988;2,48899742
202300051024;30;10;2023;07:52;2;71;71086;1;1;2;6;D985, PK 54+400;46,418072;4,253651
202300051025;27;4;2023;12:05;1;5;5061;2;3;1;3;RAMBAUD ( ROUTE DE );44,56140833;6,09648407
202300051026;26;8;2023;08:45;1;93;93005;2;1;1;6;Rue Arthur Chevalier;48,9277422;2,5084138
202300051027;30;10;2023;08:30;1;52;52132;1;1;8;1;D33;48,10915021;5,45051508
202300051028;10;5;2023;10:00;1;75;75106;2;3;3;6;RUE DE SEVRES;48,84738;2,318213
202300051029;25;8;2023;23:00;5;93;93005;2;2;1;3;Rue Pierre Jouhet / Avenue Berthollet;48,92396784;2,50445095
202300051030;29;10;2023;23:25;3;67;67155;2;1;8;7;166 Route de Strasbourg;48,41099;7,471887
202300051031;10;5;2023;17:15;1;75;75120;2;3;1;3;RUE D AVRON;48,851648;2,400558
202300051032;25;8;2023;20:13;1;93;93001;2;4;1;6;Rue de Saint Denis / Chemin Latéral Nord;48,921965;2,374209
202300051033;28;10;2023;18:25;2;3;3265;2;3;1;3;intersection D55 et D15;46,468089;3,750093
202300051034;25;8;2023;00:15;5;92;92046;2;2;1;3;GABRIEL PERI;48,81955;2,30613
202300051035;10;5;2023;20:00;1;75;75119;2;3;1;6;AVENUE DE FLANDRE;48,885735;2,371018
202300051036;26;8;2023;19:40;1;92;92064;2;1;1;3;CARNOT;48,8430922;2,22309843
202300051037;30;10;2023;17:20;2;7;7245;2;3;2;3;D86;45,089672;4,817902
202300051038;9;5;2023;23:30;5;75;75119;2;1;3;6;BOULEVARD DE LA VILLETTE;48,877075;2,371378
202300051039;29;10;2023;15:20;1;1;1431;2;1;1;7;124 Grande Rue;45,928705;5,354227
202300051040;26;8;2023;16:30;1;92;92033;2;1;2;4;RAYMOND POINCARE;48,83838736;2,17350036
202300051041;9;5;2023;20:40;1;75;75117;2;2;1;6;BOULEVARD DE COURCELLES;48,879149;2,303123
202300051042;28;10;2023;18:05;1;69;69194;1;4;1;3;Avenue Ampère;45,84198946;4,79321072
202300051043;24;8;2023;18:35;1;92;92063;2;2;1;3;BONS RAISINS (RUE DES);48,87249614;2,19619203
202300051044;10;5;2023;14:03;1;75;75113;2;3;1;3;QUAI FRANCOIS MAURIAC;48,83452;2,37675
202300051045;25;8;2023;14:48;1;92;92040;2;9;1;3;JEAN JACQUES ROUSSEAU;48,82256;2,25743
202300051046;26;10;2023;10:30;1;33;33023;1;1;2;3;16 Avenue du Petit Breton;44,695978;-0,486445
202300051047;10;5;2023;11:10;1;75;75113;2;3;2;1;AVENUE BOUTROUX;48,822078;2,374964
202300051048;25;10;2023;01:15;3;33;33272;1;1;2;6;N10;45,07583271;-0,38674638
202300051049;24;8;2023;17:50;1;92;92025;2;1;1;2;A86;48,91832109;2,22386401
202300051050;8;5;2023;22:15;5;75;75113;2;3;1;3;PLACE DU DOCTEUR YERSIN;48,82027;2,371832
202300051051;26;8;2023;01:40;5;92;92012;2;1;1;3;QUATRE SEPTEMBRE (QUAI DU);48,85048765;2,2268343
202300051052;30;10;2023;08:30;2;44;44073;1;1;2;1;N/A;47,448214;-1,651844
202300051053;10;5;2023;17:30;1;75;75112;2;3;1;3;RUE DE CHARENTON;48,840327;2,38819
202300051054;16;10;2023;17:20;1;14;14488;2;1;1;6;67 Rue des Dunes;49,28523;-0,250191
202300051055;23;8;2023;09:20;1;92;92012;2;1;1;5;ALPHONSE LE GALLO (QUAI) 35/FIN;48,83682025;2,22426116
202300051056;30;10;2023;06:35;3;60;60437;1;1;3;7;D137;49,32487;2,232842
202300051057;25;8;2023;18:45;1;92;92014;2;1;1;6;CONDORCET (PLACE);48,77971496;2,31586118
202300051058;10;5;2023;13:05;1;75;75111;2;4;2;3;AVENUE LEDRU ROLLIN;48,85654763;2,3792679
202300051059;10;5;2023;10:20;1;75;75111;2;4;2;6;BOULEVARD VOLTAIRE;48,855864;2,383275
202300051060;18;10;2023;17:45;1;13;13214;1;1;1;2;A507 sens Marseille - Aubagne;43,33412;5,377
202300051061;26;8;2023;08:30;1;60;60441;2;9;1;2;Intermarché Super (Supermarché);49,415102;2,64601
202300051062;10;5;2023;09:20;1;75;75108;2;3;3;6;AVENUE HOCHE;48,874576;2,296947
202300051063;29;10;2023;15:55;1;69;69297;1;1;1;4;Autoroute 7;45,60505067;4,79933057
202300051064;26;8;2023;11:30;1;86;86131;1;1;1;7;D8;46,45487;0,607948
202300051065;10;5;2023;20:15;1;75;75107;2;3;3;6;QUAI D ORSAY;48,862447;2,306307
202300051066;29;10;2023;13:30;1;91;91468;1;1;1;5;AUTOROUTE A6;48,57319;2,46729
202300051067;25;8;2023;19:50;1;76;76675;1;1;1;3;A151;49,601699;1,04516
202300051068;10;5;2023;17:20;1;94;94074;2;1;2;6;Rue du Colonel Fabien;48,745463;2,469147
202300051069;29;10;2023;13:20;1;91;91161;1;1;1;4;AUTOROUTE A6;48,71212;2,3072
202300051070;10;5;2023;15:30;1;94;94058;2;9;3;6;Boulevard de la Liberté;48,837699;2,495006
202300051071;27;7;2023;16:35;1;6;6161;2;3;1;3;Avenue des Maurettes;43,630872;7,12988
202300051072;29;10;2023;09:30;1;94;94034;1;1;3;7;A86;48,75772551;2,3395
202300051073;10;5;2023;08:30;1;94;94058;2;2;2;3;27 Avenue Montaigne;48,83894;2,50829
202300051074;12;8;2023;17:30;1;41;41167;1;6;1;7;D952;47,486962;1,18957
202300051075;27;10;2023;16:00;1;78;78431;1;1;3;2;A13;48,937462;1,959023
202300051076;10;5;2023;14:42;1;94;94079;2;3;2;6;Rue Louis Lenoir;48,82357;2,54235
202300051077;26;8;2023;17:20;1;51;51396;1;1;1;7;Chemin de Vignes;49,049662;3,722466
202300051078;10;5;2023;19:50;1;94;94002;2;2;1;3;Rue Victor Hugo / Rue Jules Guesde;48,80488;2,41664
202300051079;26;7;2023;17:30;1;11;11098;1;1;1;7;rd 6113;43,188311;2,725417
202300051080;29;10;2023;16:45;1;93;93066;1;1;1;4;AUTOROUTE A1;48,9109;2,35822
202300051081;10;5;2023;18:51;1;93;93059;2;3;1;3;Avenue de la République / Rue Jacques Petit;48,96838;2,35978
202300051082;29;10;2023;13:25;1;95;95527;1;1;1;7;A3;48,98559644;2,50361681
202300051083;10;5;2023;07:50;1;93;93070;2;1;3;3;Avenue Michelet;48,909041;2,34427
202300051084;26;8;2023;05:00;3;26;26324;1;9;1;4;N/A;44,32592552;4,73939896
202300051085;5;5;2023;16:00;1;93;93066;2;2;1;3;Rue de l'Amiral Caillard / Rue de la Justice;48,91363389;2,36294252
202300051086;29;10;2023;12:15;2;93;93008;1;1;2;2;AUTOROUTE A86;48,90615841;2,46109169
202300051087;25;8;2023;22:10;3;68;68253;1;1;2;5;Départementale 39;47,805974;7,485254
202300051088;9;5;2023;23:40;5;93;93039;2;1;3;3;Quai de Seine;48,93404528;2,3409215
202300051089;29;10;2023;10:50;1;95;95018;1;1;2;7;A15;48,95523672;2,27824688
202300051090;25;8;2023;16:20;1;21;21244;1;1;1;7;A6;47,296706;4,504962
202300051091;10;5;2023;15:10;1;93;93008;2;2;2;3;Avenue Louis Aragon / Rue de la Paix;48,9147099;2,44060233
202300051092;29;10;2023;09:50;1;92;92036;1;1;2;4;AUTOROUTE A15;48,93788866;2,29766722
202300051093;25;8;2023;10:30;1;21;21087;1;1;3;6;a6;47,116895;4,707534
202300051094;10;5;2023;08:07;1;93;93048;2;2;3;3;Avenue Gabriel Péri / Avenue du Président Wilson;48,8574855;2,44006292
202300051095;27;8;2023;02:30;3;30;30014;1;1;2;6;D982;44,001107;4,383086
202300051096;28;10;2023;22:45;3;95;95488;1;1;2;6;A15;49,02353885;2,133708
202300051097;10;5;2023;11:05;1;93;93008;2;1;2;3;Avenue Paul Vaillant - Couturier;48,90845803;2,45161772
202300051098;27;8;2023;10:30;1;22;22084;1;1;1;6;Le Val Joli;48,413558;-2,315798
202300051099;9;5;2023;11:50;1;92;92064;2;1;2;6;JACOULET;48,8480432;2,20717505
202300051100;28;10;2023;20:10;3;95;95488;1;1;2;2;A15;49,02067066;2,13769913
202300051101;26;8;2023;04:00;3;63;63290;1;1;1;6;A89, PK 337+700, Axe : Bordeaux/Clermont-Ferrand;45,87187282;2,9018467
202300051102;10;5;2023;08:20;1;92;92051;2;2;2;6;ROUVRAY (RUE DE);48,88752423;2,27859825
202300051103;28;10;2023;10:25;1;93;93007;1;1;1;4;AUTOROUTE A1;48,94686412;2,44246244
202300051104;10;5;2023;10:20;1;92;92044;2;2;2;3;VOLTAIRE(RUE)1A51 ET2A40;48,89164564;2,28357241
202300051105;29;10;2023;11:40;1;94;94073;1;1;1;2;A86;48,769152;2,379201
202300051106;26;8;2023;04:50;3;56;56066;2;1;1;6;6 Rue de Scaer;48,133301;-3,610908
202300051107;9;5;2023;15:25;1;92;92024;2;2;3;6;GEORGES BOISSEAU (RUE);48,90628;2,31402
202300051108;27;8;2023;01:45;3;56;56169;2;1;1;6;71 Rue du Pont-Lorois;47,678127;-3,205198
202300051109;29;10;2023;06:15;3;94;94079;1;1;1;4;A4;48,83472567;2,53708778
202300051110;26;8;2023;07:00;2;59;59647;2;4;3;6;Rue de Saint Omer;50,829801;2,209813
202300051111;29;10;2023;02:30;3;94;94028;1;1;2;6;N406;48,78434995;2,4401287
202300051112;10;5;2023;16:30;1;92;92012;2;1;1;4;REINE (ROUTE DE LA) 82/FIN - 107TER/FIN;48,84044417;2,23257691
202300051113;29;10;2023;00:10;3;94;94028;1;1;3;6;A86;48,79694;2,443563
202300051114;10;5;2023;14:00;1;92;92012;2;1;1;6;BELLE FEUILLE (RUE DE LA);48,83896;2,2427
202300051115;26;8;2023;11:05;1;77;77109;1;1;8;3;D75;48,610831;3,187103
202300051116;31;3;2023;21:38;5;51;51454;2;2;2;3;rue Bernard Fresson;49,23894;4,01949
202300051117;26;8;2023;17:35;1;67;67513;1;1;1;7;N/A;48,389279;7,230806
202300051118;29;7;2023;15:30;1;91;91377;2;2;1;3;RTE DE LA BONDE;48,72046;2,27972
202300051119;10;5;2023;12:50;1;92;92002;2;1;1;3;ADOLPHE PAJEAUD (RUE);48,74533;2,29541
202300051120;30;3;2023;19:30;1;50;50129;2;1;1;2;JOLIOT CURIE (RUE);49,63034;-1,64413
202300051121;25;8;2023;10:30;1;79;79277;1;1;1;7;N/A;47,087949;-0,213203
202300051122;30;3;2023;11:40;1;49;49007;2;1;1;6;TARIN;47,46817;-0,5452
202300051123;10;5;2023;09:40;1;92;92002;1;3;2;2;DOCTEUR TENINE (AVENUE DU);48,76303174;2,31260329
202300051124;19;5;2023;12:00;1;91;91161;1;1;1;3;AUTOROUTE A126;48,71068;2,29967
202300051125;26;8;2023;20:00;3;2A;2A006;1;1;1;1;D81;41,975492;8,780952
202300051126;31;3;2023;19:30;1;42;42218;2;1;1;6;Rue du Puits de la Loire;45,44402064;4,37486878
202300051127;8;5;2023;14:00;1;60;60563;2;1;1;6;2 Rue du Transloy;49,363889;2,624507
202300051128;28;8;2023;20:05;1;74;74012;2;2;8;1;BEULET (RUE DU);46,19149;6,2389
202300051129;26;8;2023;02:45;3;82;82148;1;1;1;6;Route de Caussade;44,244277;1,61322
202300051130;11;5;2023;11:05;1;60;60242;1;1;1;7;D901;49,59088081;1,9561448
202300051131;31;3;2023;20:00;2;42;42187;2;6;2;3;Rue Joanny Augé;46,03984;4,05227
202300051132;23;8;2023;21:15;3;11;11124;1;1;1;7;N/A;42,988828;2,827574
202300051133;27;8;2023;22:46;5;74;74010;2;1;1;2;CROISEE (DE LA);45,8956;6,1118
202300051134;10;5;2023;22:25;3;1;1207;1;3;1;7;D904;45,986522;4,987471
202300051135;23;3;2023;16:14;1;38;38185;2;1;1;6;RUE DE STALINGRAD;45,17146;5,72424
202300051136;27;8;2023;02:00;5;74;74118;2;1;3;1;DEPORTES (ROUTE DES );46,18235;6,23041
202300051137;11;5;2023;15:50;1;6;6149;2;1;1;2;7045 Route de Laghet;43,751071;7,382122
202300051138;25;8;2023;18:15;2;71;71016;1;4;8;3;Route de Peronne;46,438894;4,767106
202300051139;31;3;2023;11:45;1;37;37261;2;1;1;3;DANIEL MAYER;47,41878;0,70082
202300051140;25;8;2023;21:50;3;61;61142;1;1;1;6;D955;48,363235;0,640511
202300051141;28;10;2023;13:20;1;976;97611;2;1;1;3;mamoudzou centre-Commandant Passot (Plac;-12,77878;45,2322
202300051142;10;5;2023;07:41;1;22;22370;1;1;8;1;la grande tournée;48,66352;-3,025451
202300051143;28;10;2023;11:20;1;974;97416;1;1;7;7;PERE MAITRE(RUE DU);-21,284388;55,466943
202300051144;31;3;2023;19:19;1;33;33063;2;2;1;3;Rue Cornac;44,85089;-0,57183
202300051145;26;8;2023;22:15;5;42;42177;2;2;1;3;Rue de la République;46,14296679;4,1083183
202300051146;10;5;2023;15:14;1;69;69046;2;3;1;1;46 Rue des Gobins;45,649148;4,793483
202300051147;28;10;2023;07:45;1;974;97416;1;9;1;1;BASSIN PLAT(CHEMIN);-21,33355;55,49891