Num_Acc;jour;mois;an;hrmn;lum;dep;com;agg;int;atm;col;adr;lat;long
202300051148;26;8;2023;17:30;1;42;42029;2;1;1;6;Rue Pasteur;45,838304;4,269192
202300051149;31;3;2023;18:00;1;33;33063;2;1;1;6;Cours Charles Bricaud;44,89305;-0,56562
202300051150;10;5;2023;18:00;1;972;97214;2;1;1;7;Crochemort;14,832376;-61,051364
202300051151;28;10;2023;05:30;5;69;69386;2;1;1;1;Rue Duguesclin;45,77138;4,84683
202300051152;31;3;2023;14:50;1;33;33200;2;1;1;2;Avenue du Médoc;44,89525;-0,66924
202300051153;28;10;2023;21:22;4;2B;2B120;2;1;1;3;LAGUNE (Route de la) D107;42,6544;9,44571
202300051154;3;12;2023;00:35;4;45;45302;2;1;1;6;2954 Ancienne Route de Chartres;47,95557;1,87813
202300051155;10;5;2023;07:15;1;972;97210;2;1;1;1;RN6, La Martienne;14,615302;-60,911352
202300051156;25;8;2023;17:45;1;47;47119;1;1;1;6;pk 9 D154 - lieu dit La Gumièche;44,191728;0,069566
202300051157;28;11;2023;16:35;1;35;35115;2;1;1;2;COINTAT (BD MICHEL);48,34646;-1,18403
202300051158;9;5;2023;07:00;1;972;97204;1;1;1;7;RN2 PK 024+500;14,699076;-61,17578
202300051159;27;10;2023;15:50;1;971;97101;1;3;2;6;L'ASSAINISSEMENT (RUE DE);16,24481;-61,53037
202300051160;30;3;2023;18:20;1;33;33281;2;1;1;4;Avenue de Verdun;44,83933;-0,62988
202300051161;26;8;2023;22:45;3;86;86039;1;1;1;6;N10;46,262228;0,170472
202300051162;2;12;2023;22:40;5;34;34172;2;2;1;1;CROIX CAPITAINE (AVENUE DE LA);43,60281;3,86366
202300051163;10;6;2023;23:00;5;70;70550;2;2;1;3;ALLIES (BOULEVARD DES);47,61708;6,1606
202300051164;26;8;2023;10:40;1;39;39290;1;1;2;6;N/A;46,428219;5,598925
202300051165;28;10;2023;07:50;5;95;95539;2;2;1;1;D125;48,99158;2,36027
202300051166;30;3;2023;18:10;1;33;33063;2;3;1;3;Cours de Verdun;44,84716;-0,5767
202300051167;10;5;2023;17:20;1;83;83086;1;1;1;5;D 125;43,45795;6,557969
202300051168;12;6;2023;18:20;1;69;69266;2;1;1;6;Rue Antoine Primat;45,75827;4,89919
202300051169;28;11;2023;14:41;1;33;33281;2;1;1;2;Avenue François Mitterrand;44,81962;-0,65301
202300051170;25;8;2023;00:15;3;29;29279;1;1;1;6;D58;48,59669418;-3,88880253
202300051171;8;5;2023;15:10;1;11;11098;1;1;1;6;RD 6113;43,188102;2,723386
202300051172;28;10;2023;06:55;5;95;95555;1;2;2;3;D470;48,9732;2,27606
202300051173;1;12;2023;16:50;2;33;33063;2;1;2;3;Rue Marcel Sembat;44,83554;-0,5481
202300051174;12;6;2023;08:40;1;69;69029;2;2;1;3;Avenue Pierre Mendès France;45,72184;4,91434
202300051175;26;8;2023;14:35;1;29;29024;2;1;1;6;17 Avenue Victor Hugo;48,277287;-3,558973
202300051176;11;5;2023;15:20;1;1;1353;2;1;1;1;Route de Reyrieux;45,948658;4,808514
202300051177;28;10;2023;23:16;5;95;95323;2;1;3;6;OISE (BOULEVARD DE L');49,01465;2,02622
202300051178;11;6;2023;19:00;1;69;69259;2;1;1;3;Boulevard Irène Joliot Curie;45,72045;4,87472
202300051179;29;3;2023;08:12;1;14;14487;1;1;1;1;11 Route de Manerbe;49,178754;0,204504
202300051180;10;5;2023;19:07;1;59;59579;1;1;1;7;5 Route du Village;50,95531;2,365552
202300051181;26;8;2023;18:50;1;31;31399;2;9;1;1;Route de Toulouse;43,358449;1,274731
202300051182;10;5;2023;16:20;1;26;26333;2;1;1;6;chemin des druides;45,194997;4,816427
202300051183;11;6;2023;13:05;1;66;66136;2;6;1;3;;42,67851;2,88088
202300051184;31;3;2023;22:00;3;13;13103;1;3;1;3;RN 113;43,64;5,03
202300051185;2;12;2023;15:25;1;27;27306;2;1;1;6;CARAVELLES (RUE DES);49,00862;1,16984
202300051186;9;6;2023;17:24;1;66;66136;2;1;1;2;;42,68094;2,881711
202300051187;26;8;2023;15:15;1;2;2607;1;1;1;1;N/A;49,335141;3,26456
202300051188;2;12;2023;19:50;5;25;25056;2;1;1;6;FLUTTES AGASSES RUE DES;47,25995;6,03364
202300051189;11;5;2023;12:05;1;62;62698;1;1;1;5;RD901;50,509387;1,764207
202300051190;29;10;2023;21:55;5;91;91425;2;2;2;3;RTE D ORLEANS RN 20;48,63984;2,26807
202300051191;3;5;2023;18:40;1;62;62186;2;1;1;3;D165;50,4452248;2,72314918
202300051192;11;5;2023;14:30;1;4;4033;1;1;1;6;D900;44,452075;6,374736
202300051193;31;3;2023;15:50;1;13;13213;2;1;1;5;CHATEAU GOMBERT CHEMIN;43,34599102;5,42532496
202300051194;1;12;2023;17:00;5;25;25056;2;1;2;6;MONTARMOTS CHEMIN DES;47,260767;6,027548
202300051195;25;8;2023;20:30;2;2;2027;2;1;1;1;31 Rue Ernest Lavisse;49,691242;3,559999
202300051196;8;6;2023;18:34;1;61;61169;1;1;1;1;D217 PR1+270;48,726512;-0,592546
202300051197;31;3;2023;03:30;5;13;13208;2;1;1;7;POMPIDOU (PROMENADE);43,26579;5,3729
202300051198;3;12;2023;00:15;4;22;22360;2;1;1;3;MENDES FRANCE (AVENUE PIERRE);48,49028;-2,76778
202300051199;27;10;2023;16:20;1;84;84031;1;6;1;3;D942;44,04659;5,02439
202300051200;27;8;2023;07:40;2;15;15187;2;1;1;1;RD 679;45,041387;3,085271
202300051201;10;6;2023;20:40;1;59;59122;2;3;1;3;MARCOING (RUE DE);50,16889;3,22895
202300051202;1;12;2023;18:30;5;14;14366;2;1;1;7;86 Rue Fournet;49,13481;0,2266
202300051203;15;7;2023;17:50;1;11;11367;1;1;2;6;D629;43,394337;2,126048
202300051204;9;5;2023;06:00;2;41;41258;1;1;2;3;D976;47,312377;1,330832
202300051205;29;10;2023;00:30;5;78;78372;2;3;2;2;VERSAILLES (ROUTE DE);48,875683;2,103384
202300051206;30;3;2023;20:00;2;13;13213;2;3;1;5;ALBERT EINSTEIN (RUE);43,3372;5,43539
202300051207;1;12;2023;21:00;5;13;13106;1;1;2;6;BEDOULE (CHEMIN DE LA);43,38862;5,35215
202300051208;11;6;2023;15:05;1;57;57306;2;1;1;6;CD 13;49,32997934;6,07443094
202300051209;15;7;2023;00:20;3;60;60403;1;1;1;6;D133;49,49857;2,005262
202300051210;10;5;2023;16:36;1;41;41166;1;1;8;7;Le Gros Buisson;47,408616;1,378518
202300051211;26;8;2023;10:30;1;15;15192;1;1;1;1;N122;45,069714;2,718851
202300051212;28;3;2023;16:30;1;13;13028;2;9;1;6;GUERIN (BOULEVARD);43,17512;5,60518
202300051213;9;6;2023;16:20;1;57;57672;1;1;1;2;OEUTRANGE (ROUTE D');49,39735;6,11434
202300051214;2;12;2023;19:15;5;13;13208;2;1;1;2;JEAN MERMOZ (RUE);43,27598;5,3869
202300051215;10;5;2023;22:15;3;86;86014;1;1;1;2;D749;46,742566;0,55408
202300051216;16;7;2023;18:35;1;60;60403;2;3;1;6;2 Rue Ferdinand Buisson;49,502569;1,996384
202300051217;27;10;2023;18:25;3;78;78372;1;2;3;5;PLANTES (CHEMIN DES);48,854185;2,083718
202300051218;26;8;2023;05:40;3;1;1188;1;3;1;7;D66a;46,187377;4,84849
202300051219;2;12;2023;09:30;1;13;13214;2;1;1;6;MAISON BLAN (BOULEVARD);43,32922;5,37408
202300051220;29;3;2023;14:15;1;10;10081;1;9;1;2;ROCADE EST (RD 610);48,30799;4,02227
202300051221;9;6;2023;22:10;1;56;56121;2;2;1;3;POISSONNIERE (RUE);47,74614;-3,35907
202300051222;16;7;2023;00:30;3;86;86258;1;2;1;6;Rue de Bonnoy;46,798612;0,416375
202300051223;9;5;2023;19:15;2;68;68120;1;1;3;1;D12b;47,517599;7,482011
202300051224;28;10;2023;09:50;1;77;77131;2;1;8;6;MORIN (rue du);48,80277;3,0961
202300051225;26;8;2023;20:30;3;1;1138;1;1;3;6;D992;45,857798;5,799405
202300051226;26;3;2023;03:30;3;4;4112;1;1;1;7;FOUCAULT(CHEMIN LEON);43,84534;5,83366
202300051227;11;6;2023;15:00;1;56;56098;2;9;1;3;KESLER-DEVILLERS ( AV. );47,76828;-3,3436
202300051228;1;12;2023;16:00;1;13;13002;2;1;2;5;DES TERMES (ROUTE) RD 908;43,38416479;5,55515638
202300051229;16;7;2023;16:35;1;85;85143;1;1;1;6;RD65;46,530655;-0,738945
202300051230;11;5;2023;04:30;3;68;68377;2;1;1;6;D419;47,622038;7,272831
202300051231;26;8;2023;06:15;2;70;70142;1;1;1;7;D 21 Grande rue;47,296189;5,629367
202300051232;28;10;2023;14:30;1;76;76216;2;1;2;2;A150;49,455;1,052
202300051233;11;6;2023;13:10;1;54;54578;2;1;1;3;Boulevard d'Haussonville;48,67485494;6,16324157
202300051234;11;5;2023;10:00;1;39;39478;2;1;1;6;Rue Gambetta;46,386854;5,865893
202300051235;31;3;2023;16:30;1;75;75119;2;1;1;2;PORTE DE LA VILLETTE;48,900433;2,386158
202300051236;1;12;2023;11:40;1;12;12089;1;1;2;3;D963;44,58709407;2,24861294
202300051237;26;8;2023;18:30;1;72;72309;2;9;8;3;D106;48,31063213;-0,06907225
202300051238;9;7;2023;14:25;1;41;41194;2;3;1;2;54 Avenue de Blois;47,365299;1,726553
202300051239;29;10;2023;02:10;5;72;72181;2;1;2;6;PORT (RUE DU);48,0027;0,19342
202300051240;12;6;2023;16:40;1;53;53130;2;1;1;3;Rue Joséphine Baker;48,08093;-0,79359
202300051241;11;5;2023;15:00;1;66;66124;2;3;1;3;N/A;42,50265;2,048993
202300051242;31;3;2023;11:45;1;75;75113;2;1;1;2;PORTE D IVRY;48,820004;2,374225
202300051243;1;12;2023;23:25;5;11;11069;2;6;2;2;36 Avenue du Marechal Juin;43,2126;2,37167
202300051244;25;8;2023;17:34;1;72;72228;1;1;1;1;D8;47,832892;-0,194739
202300051245;15;7;2023;15:30;1;2A;2A278;1;1;1;1;D420;41,764638;9,089491
202300051246;11;6;2023;20:20;1;51;51454;2;1;1;1;VIGNOBLE (ALLEE);49,21448;4,01385
202300051247;27;8;2023;04:15;3;14;14578;1;1;2;7;Route de Trouville;49,357529;0,162005
202300051248;31;3;2023;08:35;1;75;75116;2;1;1;7;PORT D AUTEUIL;48,846575;2,254875
202300051249;28;10;2023;20:45;5;72;72181;2;1;3;1;CLEMENCEAU GEORGES ( BD) N° IMP;47,97896;0,21466
202300051250;10;5;2023;18:30;2;18;18138;1;2;1;2;N/A;47,079445;2,303867
202300051251;2;12;2023;19:20;5;6;6088;2;2;1;6;VAUBAN (R. MARECHAL);43,7117;7,28522
202300051252;11;6;2023;15:30;1;51;51454;2;1;1;6;SAINT FIACRE (RUE);49,24172;4,03073
202300051253;10;5;2023;10:45;1;53;53245;1;1;2;7;Chemin de Bel Air;48,30926;-1,066387
202300051254;26;8;2023;14:55;1;50;50487;2;1;8;1;Rue du Moulin;48,502339;-1,39683
202300051255;16;7;2023;17:55;1;41;41256;1;1;1;5;Autoroute A71 PK 172+600 sens 2;47,283363;2,0435
202300051256;28;10;2023;18:07;1;72;72181;2;1;2;2;BROSSOLETTE PIERRE (BD) N° IMP;47,97884;0,20522
202300051257;10;6;2023;11:45;1;51;51454;2;3;1;3;EPERNAY (AVENUE D') COTE PAIR;49,23414;4,01406
202300051258;30;3;2023;15:00;1;75;75116;2;1;2;4;PORTE MAILLOT;48,869784;2,271684
202300051259;7;5;2023;09:40;1;21;21008;1;2;2;3;Chemin de Meplan;47,534682;4,481843
202300051260;17;7;2023;11:30;1;28;28278;1;6;1;3;D910;48,455776;1,542986
202300051261;2;12;2023;22:30;5;6;6004;2;1;1;5;CHANCEL BD;43,5791;7,11795
202300051262;12;6;2023;19:30;1;47;47001;2;3;1;3;DUMON (BD SYLVAIN);44,20795;0,62079
202300051263;29;3;2023;12:50;1;75;75112;2;1;1;2;BOULEVARD PERIPHERIQUE;48,827466;2,392312
202300051264;28;10;2023;11:15;1;69;69266;2;2;8;3;Cours Docteur Jean Damidot;45,76181;4,88472
202300051265;27;8;2023;12:50;1;64;64155;1;1;3;2;RD 933;43,182649;-1,176723
202300051266;11;5;2023;11:50;1;27;27620;1;1;1;7;vc106;49,292609;0,500736
202300051267;12;6;2023;10:20;1;45;45234;2;1;1;6;Avenue de Paris;47,91585;1,90274
202300051268;16;7;2023;19:00;1;85;85017;1;1;6;3;RD23;46,897584;-1,065205
202300051269;1;12;2023;08:30;1;75;75112;2;1;1;4;BD PERIPHERIQUE INTERIEUR;48,846538;2,414356
202300051270;27;10;2023;08:45;1;69;69266;2;8;2;6;Boulevard Honoré de Balzac;45,75451;4,88495
202300051271;26;8;2023;21:40;5;73;73255;2;1;2;6;D74 - 1160 Route de l'aura;45,334451;6,30616
202300051272;10;5;2023;10:40;1;17;17050;1;2;1;3;D2;45,473806;-0,616034
202300051273;30;3;2023;20:10;2;75;75120;2;4;2;3;RUE DES PYRENEES;48,857368;2,40413
202300051274;16;7;2023;16:39;1;22;22020;1;1;1;1;CD 793;48,291638;-2,28138
202300051275;10;6;2023;14:10;1;40;40281;1;1;1;5;ROCADE SUD RD 824;43,872;-0,519
202300051276;24;8;2023;00:50;3;36;36200;1;1;1;6;N/A;46,61892697;1,53248549
202300051277;28;10;2023;19:55;5;69;69259;1;1;1;6;3 Rue Pierre Timbaud;45,69192;4,90161
202300051278;30;11;2023;13:52;1;75;75106;2;3;1;3;RUE DE SEINE;48,854513;2,336887
202300051279;12;6;2023;14:50;1;38;38185;2;1;1;6;RUE FÉLIX ESCLANGON;45,19051;5,70452
202300051280;31;3;2023;18:30;1;75;75119;2;3;1;6;AVENUE MATHURIN MOREAU;48,87856;2,375442
202300051281;10;5;2023;18:00;1;37;37226;2;6;1;3;Route de Sepmes;47,105799;0,616516
202300051282;25;8;2023;19:50;2;7;7122;1;1;3;7;Chemin du Gay;44,570239;4,368407
202300051283;15;7;2023;14:00;1;56;56040;1;1;1;2;Lieu-dit Kerlebert;47,867653;-3,34156
202300051284;27;10;2023;17:30;1;65;65440;2;4;1;3;Rue Massey;43,23476263;0,07382794
202300051285;2;12;2023;17:45;5;75;75118;2;1;1;3;BOULEVARD DE ROCHECHOUART;48,883646;2,347809
202300051286;10;5;2023;23:00;3;60;60009;1;1;1;2;Autoroute A16, pk 069.642 sens PARIS-BOULOGNE;49,40682;2,126498
202300051287;27;8;2023;07:00;1;4;4110;2;1;2;7;Avenue du 14 Juillet 1789;44,045702;6,132109
202300051288;12;6;2023;12:40;1;37;37261;2;2;1;6;GRAMMONT (AVENUE DE);47,38411;0,69152
202300051289;30;3;2023;21:45;5;75;75113;2;2;2;3;BOULEVARD VINCENT AURIOL;48,83331631;2,36365914
202300051290;16;7;2023;17:56;1;2B;2B341;1;1;1;3;RUDA D143;42,229931;9,18972
202300051291;10;6;2023;18:50;1;36;36202;1;1;1;7;Route de Niherne;46,86480315;1,62569532
202300051292;29;10;2023;00:10;5;64;64445;2;3;1;3;14 JUILLET DU;43,29004;-0,37931
202300051293;2;12;2023;12:40;1;75;75116;2;2;1;6;RUE DE PASSY;48,858521;2,284571
202300051294;6;5;2023;11:50;1;67;67488;1;4;1;3;Autoroute A4  - PK 408+250 - vers STRASBOURG (67);48,915421;7,121179
202300051295;26;8;2023;15:20;1;85;85096;2;3;1;7;RD 32C;46,89051;-1,843879
202300051296;31;3;2023;13:00;1;75;75114;2;1;6;2;RUE GAZAN;48,821566;2,341
202300051297;17;7;2023;17:35;1;2B;2B319;1;1;1;1;Penticchie;42,43098;9,523349
202300051298;12;6;2023;15:20;1;33;33063;2;2;1;3;Rue Pasteur;44,8473;-0,6229
202300051299;2;12;2023;12:05;1;75;75114;2;2;1;6;Rue Pierre Castagnou;48,832442;2,325891
202300051300;10;5;2023;21:50;3;17;17053;1;1;8;2;A837;45,897285;-0,754661
202300051301;28;10;2023;07:20;5;64;64348;1;3;2;6;LACS DES;43,30614;-0,42325
202300051302;25;8;2023;15:30;1;85;85182;1;1;1;6;D960b;46,785578;-0,811716
202300051303;14;7;2023;22:50;5;80;80333;2;1;2;6;Avenue de la Plage;50,339546;1,560467
202300051304;31;3;2023;08:30;1;75;75114;2;3;1;6;AVENUE DU MAINE;48,83146361;2,32536793
202300051305;12;6;2023;06:00;2;33;33063;2;2;1;3;Rue Joseph Brunet;44,87839;-0,54373
202300051306;25;8;2023;19:30;1;85;85146;2;2;7;3;RD 763;46,979619;-1,307722
202300051307;2;12;2023;01:45;5;75;75114;2;3;1;3;RUE VERCINGETORIX;48,832105;2,31047
202300051308;28;10;2023;14:45;1;62;62193;2;2;1;6;Place d’Armes;50,95993;1,85131
202300051309;11;6;2023;02:30;5;33;33063;2;3;1;7;Avenue Thiers;44,8494;-0,54468
202300051310;16;7;2023;15:50;1;71;71204;2;6;1;1;D19;46,820124;4,850823
202300051311;28;4;2023;10:00;1;38;38401;1;1;1;4;A43;45,56033475;5,41262647
202300051312;30;3;2023;17:20;1;75;75114;2;3;1;3;AVENUE DU GENERAL LECLERC;48,83325;2,331537
202300051313;25;8;2023;08:15;2;27;27108;1;2;8;3;D926;48,746041;0,818374
202300051314;28;10;2023;19:50;5;60;60175;2;1;3;6;Boulevard Jean Biondi;49,25322;2,47194
202300051315;12;6;2023;02:40;5;29;29232;2;1;1;6;Avenue Pierre Mendes-France;47,97938;-4,12145
202300051316;1;12;2023;17:55;5;75;75114;2;3;1;2;BOULEVARD DE PORT ROYAL;48,839242;2,338342
202300051317;25;8;2023;09:32;1;28;28089;1;1;2;6;Route du Mans;48,575844;1,233763
202300051318;10;5;2023;05:00;2;971;97107;2;1;1;6;Sainte Marie;16,10596;-61,565317
202300051319;30;3;2023;23:30;5;75;75109;2;1;2;2;RUE SAINT LAZARE;48,876867;2,338342
202300051320;15;7;2023;18:33;2;71;71522;1;2;3;3;Route du Taillet;46,610664;4,954257
202300051321;28;10;2023;22:15;5;57;57660;2;3;2;3;NATIONALE(RUE)LIMITE FORBACH/RUE ST ALIC;49,1927;6,91425
202300051322;12;6;2023;17:35;1;29;29039;1;6;1;3;Giratoire de Kervinou;47,86235424;-3,88869881
202300051323;2;12;2023;16:15;1;75;75112;2;2;1;6;AVENUE DAUMESNIL;48,84664;2,376727
202300051324;11;5;2023;01:40;3;34;34151;1;1;1;1;RD61;43,641541;4,138241
202300051325;31;3;2023;15:45;1;75;75103;2;4;2;7;RUE DE TURBIGO;48,86626;2,359742
202300051326;26;8;2023;14:55;1;48;48097;1;1;8;1;St Roman de Tousque;44,150851;3,763547
202300051327;28;10;2023;15:24;1;54;54395;2;1;1;3;Boulevard du 26e Régiment d'Infanterie;48,69891;6,18777
202300051328;16;7;2023;03:30;3;76;76507;2;1;1;6;D49;50,039405;1,44437
202300051329;13;5;2023;09:35;1;24;24037;2;6;1;3;TAINE (RUE HIPPOLYTE);44,84848;0,48402
202300051330;6;5;2023;11:30;1;84;84105;1;1;1;3;D48;43,866419;5,414178
202300051331;31;3;2023;13:00;1;94;94038;2;1;2;6;Rue de Chevilly;48,776088;2,342291
202300051332;27;10;2023;11:50;1;51;51454;2;1;1;7;VAL DE VESLE (BOULEVARD);49,22648;4,09156
202300051333;2;12;2023;14:15;1;75;75112;2;2;1;3;ROUTE DE LA FERME;48,823774;2,457631
202300051334;26;8;2023;12:55;1;8;8185;1;1;1;1;Route départementale 8051 - PR28;49,987849;4,678588
202300051335;17;7;2023;00:55;5;47;47052;2;1;1;6;rue des abeilles;44,314384;0,079082
202300051336;11;5;2023;09:00;1;83;83027;1;1;7;1;Chemin de l?Argile;43,185254;5,761428
202300051337;11;6;2023;19:30;1;18;18279;2;3;1;1;Route du Petit Râteau;47,23422;2,09646
202300051338;29;10;2023;02:10;5;49;49007;2;1;1;2;DAVIERS BOULEVARD;47,47932;-0,56001
202300051339;31;3;2023;08:49;1;94;94054;2;2;1;3;Rue des Aubépines / Avenue Henri Barbusse;48,74303501;2,38871312
202300051340;16;7;2023;07:00;1;47;47188;1;1;1;6;767 route de maurillac;44,581615;0,46377
202300051341;2;12;2023;08:05;1;75;75112;2;1;1;2;QUAI DE LA RAPEE;48,844722;2,36775
202300051342;25;8;2023;15:55;1;10;10380;1;1;1;2;A26;48,543461;4,188323
202300051343;10;5;2023;17:00;2;6;6146;1;1;2;6;RM 2205;43,931404;7,177849
202300051344;30;3;2023;13:10;1;94;94018;2;3;1;6;Avenue de la Liberte / Rue de l'Archeveché;48,82359179;2,40438715
202300051345;11;5;2023;08:50;1;13;13072;2;1;1;6;N/A;43,4486;5,639226
202300051346;28;10;2023;19:40;5;41;41018;2;9;2;2;FENELON (RUE);47,58707;1,31556
202300051347;16;7;2023;02:50;3;68;68176;2;1;2;7;Rue de Seppois;47,559174;7,186587
202300051348;2;12;2023;01:23;5;75;75108;2;1;1;5;COURS ALBERT 1ER;48,864507;2,30514
202300051349;26;8;2023;17:00;1;42;42243;1;1;1;6;A89;45,860966;3,994045
202300051350;9;6;2023;17:40;1;14;14366;2;1;1;3;17 Rue du Pré d'Auge;49,14367;0,215123
202300051351;30;3;2023;13:51;1;94;94017;2;1;2;6;Avenue Jacques Copeau;48,82603;2,51543
202300051352;17;7;2023;08:25;1;68;68155;2;6;1;3;Route de Colmar;48,094441;7,30571
202300051353;28;10;2023;13:40;1;37;37261;2;1;2;3;DE GAULLE (AVENUE DU GENERAL);47,38043;0,69741
202300051354;31;3;2023;17:00;1;93;93066;2;1;1;6;Rue de la Garenne;48,942257;2,384998
202300051355;9;6;2023;16:08;1;30;30032;2;1;1;6;CASINO ALLEE;43,80829;4,64757
202300051356;2;12;2023;03:11;5;75;75107;2;1;1;5;QUAI D ORSAY;48,862884;2,317921
202300051357;8;5;2023;11:30;1;21;21606;1;2;1;1;route nationale 74;47,064202;4,867383
202300051358;16;7;2023;21:20;3;25;25160;1;1;1;6;CD 437 PK58+000;47,030179;6,499014
202300051359;31;3;2023;16:25;1;93;93051;2;1;1;6;Avenue Montaigne;48,842815;2,541318
202300051360;16;7;2023;02:15;3;35;35049;2;1;1;6;Rue de la Ville-ballet;48,67051;-1,866796
202300051361;27;10;2023;16:10;1;37;37261;2;8;2;3;FRANCE (PLACE ANATOLE);47,39697;0,68613
202300051362;12;6;2023;09:00;1;13;13215;2;1;1;1;PADOUANE (BD DE LA );43,35333812;5,36906727
202300051363;2;12;2023;02:40;5;94;94052;2;1;1;6;1 Avenue du Val de Beauté;48,832474;2,477199
202300051364;11;5;2023;16:15;1;68;68317;2;3;2;3;17 Route de la Schlucht;48,062803;7,103321
202300051365;31;3;2023;09:45;1;93;93048;2;3;1;6;Boulevard Aristide Briand / Passage des Ecoles;48,87412;2,45438
202300051366;27;8;2023;07:10;2;67;67162;1;1;5;2;autoroute A4 - PK447+250;48,769647;7,482837
202300051367;28;10;2023;15:30;1;34;34003;2;1;1;3;CASSIN (J18 A I20;43,30689;3,49321
202300051368;16;7;2023;23:15;3;29;29197;1;1;1;1;Route de Kerfendal - Kerglogay;48,006463;-4,476607
202300051369;12;6;2023;00:35;5;13;13208;2;1;1;3;MENDES FRANCE (AVENUE);43,2535016;5,37595755
202300051370;8;5;2023;16:55;1;67;67010;1;4;2;7;route départementale 253;48,381623;7,429419
202300051371;31;3;2023;18:36;1;92;92078;2;3;2;6;GALLIENI (BD) (126 ET 152);48,93557;2,332947
202300051372;2;12;2023;15:25;1;94;94041;2;9;1;3;Rue Ampère;48,80806512;2,40212883
202300051373;28;10;2023;10:15;1;33;33063;2;1;8;7;DANEY (BD ALFRED);44,87205;-0,56121
202300051374;25;8;2023;19:00;1;6;6088;1;1;1;2;A8, PK 186.500 chaussée nord;43,674336;7,197847
202300051375;10;5;2023;17:10;1;67;67118;1;1;1;6;Rue Jean Monnet;48,588765;7,687361
202300051376;31;3;2023;10:30;1;92;92075;2;2;1;7;JEAN BLEUZEN;48,82413868;2,29806773
202300051377;12;6;2023;01:55;5;13;13208;2;1;1;3;GOUDES (CHEMIN DES);43,22801;5,3497
202300051378;16;7;2023;00:30;5;31;31430;1;2;8;3;D817;43,100889;0,6059
202300051379;2;12;2023;16:00;1;94;94028;2;1;1;2;Rue Maurice UTRILLO;48,78131;2,45969
202300051380;28;10;2023;11:06;1;33;33039;2;1;1;3;Route de Toulouse;44,78566032;-0,56636184
202300051381;8;5;2023;13:40;1;67;67300;2;1;1;6;Rue de la Commanderie;48,533104;7,497987
202300051382;28;10;2023;09:10;1;33;33167;2;1;8;6;BD ENTRE DEUX MERS;44,84345;-0,52909
202300051383;26;8;2023;09:45;1;63;63021;1;1;8;3;A75 PK 16+100;45,6437805;3,18233428
202300051384;31;3;2023;12:50;1;92;92040;2;3;1;6;VAUDETARD;48,82746;2,27621
202300051385;11;6;2023;13:04;1;13;13202;2;3;1;6;PORT (QUAI DU);43,29578;5,36656
202300051386;18;6;2023;17:00;1;84;84017;1;1;1;1;Route du Mont-ventoux;44,121452;5,249357
202300051387;1;12;2023;17:00;5;94;94054;2;1;1;3;D225;48,7446;2,4078
202300051388;16;7;2023;11:00;1;3;3254;2;6;1;6;Place de la Liberté;46,30277;3,283981
202300051389;27;10;2023;17:08;1;33;33162;2;1;8;1;AVE DU MEDOC;44,88798798;-0,6439957
202300051390;11;6;2023;00:40;5;13;13208;2;1;1;6;JOSEPH VIDAL (AVENUE);43,25164411;5,3780363
202300051391;10;5;2023;11:20;1;73;73242;2;1;1;1;D80B;45,20788896;6,27429038
202300051392;31;3;2023;08:45;1;92;92040;2;1;1;2;MARCEAU;48,82761;2,27127
202300051393;26;8;2023;07:50;1;13;13097;1;1;1;1;Autoroute A54, pk 055+400, sens Salon-Arles;43,638436;4,845314
202300051394;2;12;2023;05:00;5;93;93066;2;2;1;3;Rue de la Saussaie / Rue de Villiers;48,940854;2,374464
202300051395;17;7;2023;08:00;1;15;15163;1;3;1;1;RD 20;44,808754;2,394116
202300051396;30;3;2023;15:30;1;92;92036;2;3;1;3;JEAN GRANDEL (PLACE);48,93351;2,29619
202300051397;28;10;2023;15:20;1;29;29019;1;1;1;5;rue Yves Giloux;48,42255903;-4,47687371
202300051398;11;5;2023;10:50;1;33;33114;1;1;2;2;N10;45,111573;-0,378299
202300051399;11;6;2023;20:55;2;13;13001;2;1;2;1;RD 543;43,53455;5,34899
202300051400;2;12;2023;19:45;5;93;93055;2;2;1;6;Avenue Jean Lolive / Rue de Moscou;48,89153;2,40493
202300051401;25;8;2023;21:40;3;77;77412;1;1;1;3;A6 PK 044+200;48,478156;2,515633
202300051402;28;10;2023;21:00;5;28;28085;2;1;2;3;NICOLE (RUE);48,44651;1,47974
202300051403;31;3;2023;17:00;1;92;92024;2;1;1;2;GABRIEL PERI (RUE);48,90745656;2,30420128
202300051404;15;7;2023;15:20;1;1;1138;2;3;1;3;Route de Luyrieux;45,844053;5,773499
202300051405;12;6;2023;00:00;3;9;9225;2;1;1;6;ESCOSSE CHEMIN D';43,11541;1,6179
202300051406;25;8;2023;21:00;3;987;98725;2;1;2;7;Descente Pointe Tapahi Orofara;-17,506783;-149,459156
202300051407;27;10;2023;12:00;1;19;19272;2;1;3;6;Ventadour (Av);45,274199;1,782313
202300051408;31;3;2023;16:15;1;92;92024;2;1;1;2;CLICHY (QUAI DE) DE (8 A 60);48,90761179;2,29822129
202300051409;2;12;2023;00:38;5;93;93050;2;5;1;6;Avenue du Maréchal Leclerc / Avenue de Verdun;48,85959;2,53705
202300051410;25;8;2023;18:30;5;974;97408;2;9;1;6;Rue Jean Robert;-20,959835;55,325411
202300051411;11;5;2023;14:00;1;56;56076;1;3;1;3;Lan Er Frost;48,029183;-3,027034