Num_Acc;jour;mois;an;hrmn;lum;dep;com;agg;int;atm;col;adr;lat;long
202300051412;28;10;2023;12:20;1;17;17415;1;9;8;2;GATERAT LE GRAND;45,74181;-0,66836
202300051413;16;7;2023;18:05;1;1;1328;1;1;1;1;Route de Neuville;46,136036;5,012923
202300051414;30;3;2023;09:00;1;60;60152;1;1;1;1;Hameau de Froyères;49,399021;2,61157
202300051415;11;6;2023;18:51;1;6;6088;2;1;1;6;BARLA (RUE);43,70186;7,28283
202300051416;2;12;2023;16:25;1;93;93029;2;1;1;6;Rue de Budapest;48,913398;2,465133
202300051417;25;8;2023;19:11;1;13;13040;1;9;1;3;Route Departementale 96;43,47417;5,54271
202300051418;27;10;2023;15:15;1;15;15012;2;1;3;7;SEGUIN (RUE M.);44,90618;2,45481
202300051419;31;3;2023;18:40;1;24;24442;2;1;2;6;Rue du 8 mai 1945;45,106492;0,48835
202300051420;10;5;2023;16:45;1;59;59400;2;1;1;1;Rue de Caudescure (Pont);50,650624;2,635222
202300051421;16;7;2023;09:30;1;70;70257;1;1;1;1;RD 474;47,498204;5,948842
202300051422;26;8;2023;18:15;1;37;37079;2;2;1;3;12 Rue Nationale;47,33127754;1,04613125
202300051423;12;6;2023;05:50;2;6;6069;2;3;1;3;PLAN (ROUTE DU) -D304-;43,642989;6,957056
202300051424;2;12;2023;12:00;1;93;93029;2;2;1;3;Rue Auguste Blanqui / Rue Jacqueline Quatremaire;48,91934937;2,46030717
202300051425;1;4;2023;17:15;1;52;52076;1;1;1;2;D65;48,08375539;4,99720771
202300051426;28;10;2023;19:45;5;13;13205;2;2;1;3;SAKAKINI (BOULEVARD);43,29363;5,40168
202300051427;10;5;2023;13:20;1;13;13212;2;1;1;2;A507 sens Marseille - Aubagne;43,2972;5,4247
202300051428;16;7;2023;16:20;1;6;6056;1;9;1;7;Entraunes;44,196363;6,746462
202300051429;23;8;2023;17:20;1;28;28187;1;2;8;3;D16;48,914532;1,459497
202300051430;2;12;2023;22:45;5;92;92073;2;2;1;6;SAINT CLOUD (RUE DE);48,8676775;2,22587407
202300051431;31;3;2023;17:00;1;18;18151;1;1;3;6;N/A;47,260669;2,699234
202300051432;10;6;2023;16:25;1;75;75114;2;1;1;3;PORTE DE GENTILLY;48,816714;2,340298
202300051433;10;5;2023;08:25;1;83;83137;1;1;1;2;A57;43,12197;5,954977
202300051434;1;12;2023;17:00;5;92;92060;2;1;1;3;PAUL LANGEVIN (AVENUE) (RD 2);48,77690084;2,24999204
202300051435;16;7;2023;10:50;1;14;14397;1;1;1;3;Route de Tessy;49,303762;-0,854267
202300051436;26;3;2023;13:05;1;44;44073;1;1;3;7;N/A;47,41444;-1,641662
202300051437;27;10;2023;14:22;1;13;13208;2;2;1;3;RABATAU (BOULEVARD);43,27;5,39
202300051438;9;6;2023;02:32;5;75;75112;2;1;1;3;PORTE DE VINCENNES;48,845831;2,414209
202300051439;4;8;2023;18:00;1;77;77381;1;2;1;3;D201;48,621642;2,972744
202300051440;10;5;2023;02:40;3;91;91216;1;1;1;7;AUTOROUTE A6;48,68093;2,33116
202300051441;1;12;2023;14:40;1;92;92004;2;1;7;2;ABBE LEMIRE DE L';48,92937271;2,28190309
202300051442;15;7;2023;19:30;1;9;9190;1;1;2;1;D19;43,090379;1,219858
202300051443;12;6;2023;21:50;5;75;75118;2;1;1;6;AVENUE DE LA PORTE DE LA CHAPELLE;48,900442;2,358493
202300051444;1;4;2023;09:50;1;83;83054;2;3;1;3;chemin des pinsons;43,166085;6,030325
202300051445;27;10;2023;17:00;1;13;13001;2;9;1;3;GALICE (RTE DE);43,52935776;5,40767488
202300051446;24;8;2023;16:15;1;77;77217;1;1;2;1;Rue des Bois;48,69283;2,68811
202300051447;2;12;2023;12:45;1;92;92014;2;1;1;3;GALOIS (AVENUE);48,77681688;2,31470597
202300051448;1;4;2023;08:45;1;56;56165;2;1;1;6;72 Rue Saint Michel;47,923633;-2,405083
202300051449;17;7;2023;16:40;1;64;64529;1;1;1;2;D936;43,303976;-0,762713
202300051450;12;6;2023;14:00;1;75;75117;2;4;1;3;BOULEVARD MALESHERBES;48,888835;2,3044
202300051451;23;10;2023;11:30;1;11;11262;2;2;1;3;2 Rue Joseph Cugnot;43,157205;2,983643
202300051452;2;12;2023;11:45;1;92;92014;2;2;1;3;CHATEAU (AVENUE DU);48,77395595;2,31812131
202300051453;1;4;2023;00:10;5;74;74309;1;3;2;3;d1205;46,113466;6,007392
202300051454;10;6;2023;17:15;1;75;75116;2;3;1;6;RUE VAN LOO;48,841506;2,266537
202300051455;16;7;2023;16:30;1;43;43025;1;2;1;1;La Croix de l’Horme;45,249132;4,096023
202300051456;1;4;2023;07:30;1;79;79299;1;1;1;7;N/A;46,916777;-0,25035
202300051457;10;5;2023;17:50;1;93;93006;1;1;1;4;AUTOROUTE A3;48,86966029;2,42972435
202300051458;26;8;2023;00:50;3;2B;2B193;1;1;1;1;RD 84 PK 79 - lieu dit Francardo;42,391476;9,183122
202300051459;28;10;2023;18:05;2;10;10357;2;1;2;6;Prolongement Bd POMPIDOU;48,3064;4,1015
202300051460;16;7;2023;00:30;3;53;53245;1;1;1;6;699 Route D Ernee;48,278473;-1,014347
202300051461;12;6;2023;08:45;1;75;75114;2;3;1;3;BOULEVARD DU MONTPARNASSE;48,843715;2,324268
202300051462;10;5;2023;11:30;1;95;95582;1;1;2;6;A15;48,96354686;2,26455688
202300051463;2;12;2023;21:10;3;60;60369;1;1;9;4;D200;49,327555;2,711756
202300051464;28;10;2023;19:30;5;8;8105;2;9;2;2;N/A;49,749162;4,717728
202300051465;9;3;2023;21:30;5;2A;2A271;2;1;1;1;T20;41,969322;8,817671
202300051466;21;6;2023;18:00;1;83;83042;2;2;1;3;Rue Georges Clémenceau;43,250923;6,536629
202300051467;10;6;2023;16:30;1;75;75114;2;2;1;1;RUE JULIA BARTET;48,825466;2,302345
202300051468;1;12;2023;19:10;5;62;62100;2;1;1;2;D130;50,424223;1,897394
202300051469;16;7;2023;20:59;1;21;21358;1;1;1;1;D19;47,609997;4,493988
202300051470;10;5;2023;13:55;1;77;77146;1;1;8;4;A4.Y;48,83117;2,64092
202300051471;28;10;2023;07:25;5;6;6088;2;1;1;3;SAINT-AUGUSTIN (AV. DE);43,67483;7,22342
202300051472;25;8;2023;11:40;1;5;5177;1;1;1;6;D902;44,551365;6,700394
202300051473;14;7;2023;17:30;1;21;21316;1;1;7;7;D25d;47,330497;5,445142
202300051474;25;8;2023;13:45;1;4;4143;1;1;1;7;D12 PK35+60;43,923059;5,955427
202300051475;12;6;2023;19:13;1;75;75113;2;3;1;3;AVENUE D ITALIE;48,826754;2,357112
202300051476;10;5;2023;10:10;1;94;94079;1;1;1;3;A4;48,83416652;2,53591477
202300051477;29;3;2023;18:15;1;33;33421;1;1;1;1;lieu dit bonhomme;44,80852545;-0,139727
202300051478;2;12;2023;18:35;3;49;49195;1;3;1;3;L'Appentière;47,060095;-0,804577
202300051479;28;10;2023;14:55;1;4;4112;2;2;1;7;BRET (BD. M.);43,83811;5,78033
202300051480;12;6;2023;17:40;1;75;75112;2;2;1;6;BOULEVARD PONIATOWSKI;48,831707;2,397962
202300051481;27;10;2023;21:05;3;75;75112;2;1;2;7;PORTE DE CHARENTON;48,830807;2,403154
202300051482;16;7;2023;16:00;1;40;40001;1;2;1;3;Route de Geaune;43,678542;-0,315192
202300051483;3;12;2023;06:20;5;81;81273;2;1;1;6;18bis Route de Toulouse;43,586171;2,174523
202300051484;10;5;2023;09:20;1;94;94028;1;1;2;2;A86;48,7924518;2,44126117
202300051485;25;8;2023;20:10;1;67;67023;1;2;1;7;d139;48,778627;7,719162
202300051486;1;4;2023;16:15;1;47;47226;1;2;3;1;d668/c502;44,620112;0,330759
202300051487;25;5;2023;23:40;5;75;75112;2;1;1;6;AVENUE DE NOGENT;48,837913;2,464366
202300051488;15;7;2023;04:00;3;24;24237;1;6;2;6;rond point ribeyrie;44,888727;0,551232
202300051489;27;10;2023;18:55;5;75;75119;2;1;2;4;PORTE D AUBERVILLIERS;48,900359;2,376642
202300051490;2;12;2023;16:50;2;28;28222;1;1;1;6;D28;48,30694;1,401696
202300051491;1;4;2023;11:00;1;34;34214;1;1;1;7;9 Avenue de Gabian;43,48985;3,276873
202300051492;25;8;2023;11:40;1;55;55427;2;6;1;3;Avenue du 15e Corps;48,821151;4,981653
202300051493;9;5;2023;09:45;1;75;75117;2;1;2;3;PORTE D ASNIERES;48,889591;2,297417
202300051494;12;6;2023;18:48;1;75;75110;2;1;1;3;BOULEVARD DE MAGENTA;48,882217;2,350738
202300051495;3;12;2023;03:59;3;1;1288;1;1;1;6;D884;46,17336218;5,91443717
202300051496;26;8;2023;05:00;3;42;42038;1;9;1;6;Rue de Montazy;45,623961;4,128547
202300051497;28;10;2023;08:17;2;75;75117;2;3;1;1;RUE DE SAUSSURE;48,888183;2,310533
202300051498;16;7;2023;14:14;1;4;4076;2;3;1;3;Avenue de Vauban;43,949308;6,812902
202300051499;25;3;2023;18:25;1;34;34252;1;3;1;3;D922;43,655676;3,109844
202300051500;9;5;2023;20:56;2;75;75120;2;2;1;3;RUE BELGRAND;48,864585;2,407235
202300051501;12;6;2023;12:45;1;75;75110;2;3;1;3;BOULEVARD DE BONNE NOUVELLE;48,870353;2,34956
202300051502;28;10;2023;08:17;5;75;75117;2;5;1;6;RUE DE ROME;48,887345;2,314132
202300051503;25;8;2023;15:50;1;26;26170;1;2;7;3;Chemin des Balayes;44,905393;4,945816
202300051504;3;12;2023;01:00;3;29;29020;1;1;1;3;Rue Nicephore Niepce;48,09872;-4,03173
202300051505;8;7;2023;03:30;3;85;85018;1;2;1;6;RD51;46,878235;-2,058477
202300051506;31;3;2023;08:12;2;44;44213;1;1;6;5;Route de Saint-Florent;47,37226;-1,017281
202300051507;9;5;2023;19:12;1;75;75120;2;3;2;6;RUE BELGRAND;48,864568;2,407325
202300051508;12;7;2023;23:00;4;85;85046;1;9;1;7;RD 948;46,66559;-1,294572
202300051509;11;6;2023;17:45;1;75;75108;2;2;1;1;RUE DE VIENNE;48,876849;2,321688
202300051510;2;12;2023;20:55;3;14;14027;2;1;1;6;D54;48,989923;-0,622476
202300051511;1;4;2023;16:55;1;29;29300;1;3;2;1;Pont Chlaon;47,894836;-3,648896
202300051512;24;8;2023;14:35;1;1;1313;2;3;1;3;108 rue du prieuré;46,252872;6,082059
202300051513;28;10;2023;12:25;1;75;75119;2;1;1;2;AVENUE MATHURIN MOREAU;48,878147;2,371895
202300051514;9;5;2023;13:00;1;75;75120;2;2;2;3;BOULEVARD MORTIER;48,87723;2,406794
202300051515;12;6;2023;21:10;2;75;75102;2;2;1;6;RUE REAUMUR;48,868535;2,341919
202300051516;2;12;2023;10:50;1;6;6095;2;1;1;6;18 Avenue de Boutiny;43,640623;6,87765
202300051517;16;7;2023;20:15;2;27;27107;1;1;1;3;D139;49,386958;0,597942
202300051518;31;3;2023;15:30;1;38;38034;2;6;1;3;Route de VIENNE;45,34645;5,04175
202300051519;26;8;2023;09:25;1;69;69069;2;3;3;3;11 Avenue Edouard Millaud;45,747342;4,743079
202300051520;28;10;2023;10:55;1;75;75119;2;1;1;4;BOULEVARD DE LA VILLETTE;48,874255;2,37464
202300051521;9;6;2023;16:45;1;94;94068;2;1;1;6;Avenue Foch;48,803374;2,489055
202300051522;31;3;2023;18:45;2;2;2235;1;1;6;7;Tunnel;49,429936;3,781115
202300051523;16;7;2023;21:47;2;27;27224;1;1;2;6;Épreville-près-le-Neubourg;49,139425;0,889034
202300051524;9;5;2023;11:30;1;75;75120;2;2;3;6;RUE PIXERECOURT;48,870099;2,395776
202300051525;2;12;2023;21:10;3;38;38030;1;1;1;1;D519;45,345238;5,464926
202300051526;26;8;2023;12:45;1;31;31395;2;1;1;6;3 Rue Didier Daurat;43,469895;1,326932
202300051527;27;10;2023;11:25;1;75;75119;2;1;1;2;BOULEVARD DE LA VILLETTE;48,873002;2,376052
202300051528;9;5;2023;17:45;1;75;75119;2;1;1;6;RUE ARMAND CARREL;48,882625;2,37958
202300051529;10;6;2023;17:30;1;94;94038;2;1;1;6;17 Rue Paul Hochart;48,77448527;2,35454996
202300051530;2;12;2023;14:30;1;91;91534;2;9;7;1;Route d?Orsay;48,747884;2,165418
202300051531;1;4;2023;11:48;1;1;1093;1;1;2;3;D936;46,133633;4,97013
202300051532;9;5;2023;15:20;1;75;75119;2;3;3;3;AVENUE DE FLANDRE;48,887342;2,372864
202300051533;16;7;2023;18:45;1;27;27679;2;1;1;1;Avenue Edmond Démolins;48,738408;0,914179
202300051534;3;12;2023;15:55;1;51;51488;1;1;1;4;D951;49,103524;3,981203
202300051535;26;8;2023;23:30;3;24;24223;1;1;2;6;Route de la Grande Serre;44,850233;0,771211
202300051536;1;4;2023;13:40;1;26;26369;1;1;1;6;RD94;44,377076;5,43121
202300051537;9;5;2023;14:00;1;75;75119;2;2;2;3;AVENUE SIMON BOLIVAR;48,875585;2,38188
202300051538;12;6;2023;06:25;1;94;94028;2;1;1;3;Route de Choisy;48,783235;2,446853
202300051539;2;12;2023;19:10;3;56;56185;1;1;2;6;N/A;47,790797;-3,443637
202300051540;28;10;2023;20:15;5;75;75116;2;2;2;1;ALLEE DE LA REINE MARGUERITE;48,858584;2,2449
202300051541;2;12;2023;05:50;3;59;59662;1;1;9;6;Route de Bray-dunes;50,843342;2,572163
202300051542;9;5;2023;13:10;1;75;75117;2;3;2;3;RUE DE COURCELLES;48,879276;2,303061
202300051543;11;6;2023;22:50;4;94;94017;1;6;8;6;11 Boulevard des Alliés;48,82976;2,48995
202300051544;1;4;2023;10:00;1;14;14371;1;2;1;3;2224 Route du Lieu aux Amis;49,03127;0,210221
202300051545;28;10;2023;20:45;3;75;75114;2;1;2;7;AVENUE DENFERT ROCHEREAU;48,835529;2,33354
202300051546;26;8;2023;09:30;1;33;33227;2;2;1;3;rond point de guyenne;44,554439;-0,254928
202300051547;15;7;2023;15:30;1;17;17385;2;3;1;7;83 Avenue de Bel Air;45,93918;-1,311547
202300051548;2;12;2023;19:25;3;77;77414;1;3;1;3;D75;48,652304;3,21893
202300051549;31;3;2023;16:45;1;7;7117;1;1;1;7;D104 route d'Ales;44,4345;4,224286
202300051550;9;5;2023;13:45;1;75;75115;2;3;3;2;BOULEVARD LEFEBVRE;48,828639;2,301425
202300051551;2;12;2023;12:20;1;76;76517;1;4;1;3;D47;49,516706;1,139341
202300051552;12;6;2023;12:00;1;93;93073;2;3;2;2;Rue Ronsard / Rue Corneille;48,95872;2,56764
202300051553;9;5;2023;12:15;1;75;75115;2;1;2;6;RUE DE VOUILLE;48,834081;2,307396
202300051554;26;8;2023;18:00;1;50;50041;1;3;1;3;44 Rue du Millecent (Beaumont-Hague);49,660489;-1,823983
202300051555;16;7;2023;21:30;1;88;88486;2;2;1;7;Rue de Saint-del;48,004711;6,724089
202300051556;27;10;2023;13:40;1;75;75113;2;5;1;2;PORTE D ITALIE;48,816439;2,360085
202300051557;1;4;2023;04:10;3;53;53146;1;1;2;6;Quifeu;48,205256;-0,691538
202300051558;10;6;2023;23:45;5;93;93073;1;1;1;3;Rue du Chapitre;49,00301204;2,53687204
202300051559;2;12;2023;18:54;5;2A;2A362;2;1;1;5;RT10 STE LUCIE DE PORTO VECCHIO;41,69747;9,342982
202300051560;9;5;2023;12:15;1;75;75113;2;3;2;3;AVENUE D ITALIE;48,825114;2,357591
202300051561;12;6;2023;18:30;1;93;93072;2;1;2;2;Boulevard Maxime Gorki;48,94605;2,38656
202300051562;12;6;2023;13:25;1;93;93064;2;1;1;6;Avenue du Général de Gaulle;48,88070304;2,47718633
202300051563;9;5;2023;08:00;1;75;75113;2;1;2;3;BOULEVARD VINCENT AURIOL;48,832391;2,361133
202300051564;18;7;2023;00:50;3;988;98805;1;1;2;6;VE1 SENS NORD/SUD - PR 5+574;-22,2255;166,462397
202300051565;31;3;2023;12:35;1;40;40282;2;1;1;1;avenue de l'océean;43,771954;-0,574025
202300051566;26;8;2023;05:30;2;29;29294;1;1;5;6;Brec'Hoat;48,40246618;-4,14883554
202300051567;24;11;2023;20:10;5;82;82112;2;2;2;4;Rue des Pommes;44,1086;1,107366
202300051568;12;6;2023;19:30;1;93;93048;2;1;1;6;Boulevard Théophile Sueur;48,86438023;2,46770858
202300051569;28;10;2023;12:10;1;75;75110;2;3;1;6;RUE DU FAUBOURG SAINT MARTIN;48,88253;2,366922
202300051570;9;5;2023;20:30;5;75;75112;2;2;1;3;AVENUE DU DOCTEUR ARNOLD NETTER;48,84089;2,404691
202300051571;3;12;2023;10:15;1;71;71396;1;3;7;6;27 Route de Pierre;46,86727;5,195479
202300051572;9;5;2023;08:20;1;75;75112;2;1;2;6;RUE DE REUILLY;48,847948;2,386312
202300051573;12;6;2023;02:10;3;93;93032;2;1;1;3;Rue de Maison Rouge;48,89835;2,54622
202300051574;12;6;2023;17:45;1;93;93010;2;1;1;6;Av du Mal de Lattre de Tassigny;48,9049082;2,48334471
202300051575;9;5;2023;00:10;5;75;75112;2;2;8;6;AVENUE DAUMESNIL;48,848627;2,372535
202300051576;16;7;2023;13:25;1;42;42243;1;1;1;6;A89;45,86258;4,009409
202300051577;3;12;2023;09:45;1;71;71097;1;1;1;1;Route de la Genete;46,553984;5,103954
202300051578;12;6;2023;13:40;1;93;93010;2;1;1;6;Route de Villemomble;48,89389981;2,47797454
202300051579;1;4;2023;14:50;1;40;40154;1;4;3;3;Route de Naboude;43,988268;-1,184388
202300051580;3;12;2023;13:20;1;71;71162;1;1;1;7;Route de Beaune;46,977194;4,370028
202300051581;8;5;2023;22:03;5;75;75109;2;3;1;6;RUE DE CLICHY;48,879684;2,329159
202300051582;11;6;2023;13:03;1;92;92064;2;9;1;3;GOUNOD;48,84307081;2,21409246
202300051583;28;10;2023;17:30;2;75;75108;2;2;2;6;BOULEVARD HAUSSMANN;48,875225;2,316288
202300051584;3;12;2023;09:15;1;89;89307;1;1;8;6;Nationale 77;47,897442;3,71192
202300051585;9;5;2023;18:34;1;94;94081;2;1;2;6;Place de l'Eglise;48,79147656;2,39405555
202300051586;10;6;2023;11:57;1;92;92064;2;9;1;3;GOUNOD;48,842866;2,212195
202300051587;30;11;2023;05:15;3;34;34031;1;1;2;6;D137;43,348323;3,42885
202300051588;31;3;2023;12:20;1;24;24525;1;1;1;1;"D87 lieu dit ""Lavenaud""";45,54384;0,704219
202300051589;26;8;2023;11:23;1;13;13212;1;1;1;2;A507 sens Aubagne- Marseille;43,2976;5,4255
202300051590;9;5;2023;15:10;1;94;94065;2;3;2;3;Avenue Charles Lindbergh / Rue Mondétour;48,75595;2,34619
202300051591;3;12;2023;04:20;3;44;44072;1;1;2;7;2 Kercouret;47,423776;-2,33924
202300051592;9;6;2023;23:25;5;92;92063;2;2;1;3;SOLFERINO (BOULEVARD);48,87628389;2,18576744
202300051593;9;5;2023;12:05;1;94;94028;2;1;3;6;Rue du Général Leclerc;48,78563;2,47009
202300051594;28;10;2023;11:05;1;75;75101;2;1;1;6;VOIE GEORGES POMPIDOU;48,857379;2,345755
202300051595;9;5;2023;11:20;1;94;94028;2;9;3;6;D86;48,77492;2,43979
202300051596;2;12;2023;15:00;1;44;44175;2;1;1;6;600 Bréca;47,360604;-2,313566
202300051597;12;6;2023;20:30;1;92;92051;1;1;1;3;BOURDON (BOULEVARD);48,89547788;2,27138579
202300051598;1;4;2023;12:30;1;68;68146;1;1;3;2;N/A;48,120518;7,366644
202300051599;26;8;2023;15:00;1;83;83137;1;1;1;3;A57;43,13063928;5,97933198
202300051600;2;12;2023;03:54;3;44;44090;1;1;1;1;N/A;47,004212;-1,722128
202300051601;27;11;2023;12:01;1;31;31390;2;1;2;6;7 Avenue de Saint-gaudens;43,08611244;0,5736541
202300051602;12;6;2023;17:45;1;92;92051;2;2;1;3;VICTOR HUGO (BOULEVARD, N° 9 A 49 ET 16;48,88555966;2,28018343
202300051603;25;8;2023;17:10;1;33;33075;1;1;1;5;ROCADE A 630;44,88773714;-0,57988286
202300051604;27;10;2023;23:40;5;75;75104;2;2;8;3;QUAI DE GESVRES;48,856083;2,350687
202300051605;17;7;2023;12:05;1;38;38485;2;1;1;6;Avenue Hector Berlioz;45,169086;5,680347
202300051606;1;4;2023;19:10;1;10;10256;1;1;4;7;A26;48,44553409;4,15687197
202300051607;1;12;2023;17:00;4;38;38501;2;1;2;6;1787 Avenue du Gresivaudan;45,301462;5,951326
202300051608;9;5;2023;16:50;1;94;94077;2;3;2;4;Rue Henri Lusseau / Avenue de la République;48,73183699;2,41222253
202300051609;28;10;2023;20:30;3;94;94074;2;6;2;3;Avenue Winston Churchill;48,7526;2,45494
202300051610;1;4;2023;01:20;5;973;97307;2;3;1;3;RN 2;4,876153;-52,337236
202300051611;18;8;2023;19:45;1;33;33063;1;1;1;4;ROCADE A 630;44,88393131;-0,55744886
202300051612;2;12;2023;19:00;2;2;2520;1;1;9;1;N/A;49,30316;3,589396
202300051613;9;5;2023;16:45;1;94;94054;2;7;2;6;Rue du Four;48,74283125;2,39830282
202300051614;24;8;2023;19:25;1;59;59401;1;1;3;6;AUTOROUTE A25;50,74929;2,66804
202300051615;28;10;2023;21:30;3;94;94073;1;1;2;5;Avenue de Fontainebleau;48,75888;2,36864
202300051616;17;7;2023;01:25;3;21;21054;1;1;1;2;Autoroute A6, PK 305+700, sens Lyon/Paris;47,007971;4,863861
202300051617;12;6;2023;16:20;1;92;92051;2;1;1;4;CHARLES DE GAULLE (AVENUE, N° 18 A 116);48,88119;2,27135
202300051618;9;5;2023;12:45;1;94;94017;2;1;2;6;Avenue Marx Dormoy;48,80636;2,52762
202300051619;28;10;2023;09:40;1;94;94054;2;1;2;6;Rue du Docteur Calmette;48,747025;2,409761
202300051620;31;3;2023;10:00;1;44;44094;1;1;6;7;N/A;47,323798;-1,40628
202300051621;26;8;2023;12:15;1;91;91037;1;1;1;3;AUTOROUTE A6;48,53193;2,50115
202300051622;17;7;2023;20:10;1;13;13114;1;1;1;7;D65;43,536383;5,277107
202300051623;9;5;2023;17:56;1;94;94071;2;1;8;3;Route de Bonneuil;48,77152465;2,50365785
202300051624;1;4;2023;03:00;5;987;98715;2;1;1;7;aratia nelson mandela, Auae, en face de la station mobil direction Punaauia Papeete;-17,546734;-149,590305
202300051625;28;10;2023;12:15;1;94;94053;2;1;2;1;Rue du Général de Gaulle;48,77667;2,54111
202300051626;25;8;2023;07:05;1;94;94076;1;1;8;3;A6B;48,79144268;2,34467388
202300051627;12;6;2023;22:50;2;92;92050;2;2;1;3;PREMIER MAI RUE DU;48,90985168;2,21563697
202300051628;2;12;2023;17:40;3;1;1258;1;4;9;2;Route de Châtillon;46,09629;4,822309
202300051629;15;7;2023;10:15;1;11;11145;1;1;1;7;N/A;43,23306458;3,13271769
202300051630;25;8;2023;01:45;3;91;91377;1;1;1;6;AUTOROUTE A10;48,725665;2,300835
202300051631;31;3;2023;17:15;1;6;6149;1;9;1;6;A500 PK 000+500;43,744999;7,371955
202300051632;9;5;2023;18:00;1;93;93073;2;2;1;3;Rue d'Alsace / Avenue Roger Salengro;48,94292;2,57694
202300051633;2;12;2023;18:40;3;26;26213;1;1;1;1;D139;45,297317;4,994885
202300051634;28;10;2023;11:10;1;93;93071;2;2;1;1;Boulevard Westinghouse / Allee Henri IV;48,92769;2,51933
202300051635;9;6;2023;22:45;5;92;92040;2;1;1;3;GALLIENI (BOULEVARD);48,82630416;2,26768792
202300051636;15;7;2023;07:50;1;987;98712;2;1;1;2;PK 4.2;-17,279;-149,542
202300051637;29;9;2023;05:20;2;987;98734;2;1;1;2;Pk 39;-17,75915;-149,482813
202300051638;26;8;2023;16:30;1;92;92072;1;1;1;2;N118;48,82786747;2,22509801
202300051639;28;3;2023;16:45;1;987;98722;1;1;1;5;RT2 PK 23.900 à TIAREI;-17,592;-149,391
202300051640;12;6;2023;17:50;1;92;92036;2;1;1;6;MARCEL PAUL (AVENUE) (1/103);48,940846;2,303571
202300051641;16;7;2023;02:30;3;988;98815;1;1;1;6;Taweinedr (Tribu);-21,4845;168,09567
202300051642;28;10;2023;07:00;5;93;93050;2;1;8;3;Rue Paul et Camille Thomoux;48,87259;2,52963
202300051643;28;9;2023;17:15;1;68;68375;2;5;1;3;Rue du Château d'Eau;47,79628;7,234561
202300051644;9;5;2023;16:45;1;93;93073;2;2;8;4;Avenue du General Pouderoux / Rue Henri Farman;48,9669;2,568
202300051645;2;12;2023;19:00;3;64;64463;1;1;1;5;Route de Laruns;43,1387088;-0,39968161
202300051646;12;6;2023;12:35;1;92;92012;2;1;1;2;GENERAL LECLERC (AVENUE DU) 1/33 - 2/58;48,831517;2,236498
202300051647;28;10;2023;16:17;1;93;93031;2;1;2;3;Avenue Galliéni;48,965057;2,299648
202300051648;17;7;2023;13:30;1;988;98803;1;1;1;6;RT1;-21,58513;165,51843
202300051649;25;8;2023;15:10;1;78;78133;1;1;1;4;A13;48,892191;2,008853
202300051650;28;9;2023;21:42;4;95;95256;1;1;1;2;N184;49,056088;2,203907
202300051651;16;7;2023;15:51;1;974;97408;1;1;3;7;Chemin Departemental 41;-20,930488;55,358562
202300051652;31;3;2023;19:15;3;971;97119;1;1;1;2;Gaschet;16,398947;-61,500119
202300051653;9;5;2023;10:40;1;95;95527;1;9;3;3;A1;48,99716076;2,51646459
202300051654;3;12;2023;09:40;1;43;43190;1;1;1;5;D15;45,017608;3,999624
202300051655;12;6;2023;17:20;1;92;92002;2;6;1;1;GENERAL DE GAULLE (PLACE DU);48,76378138;2,30928808
202300051656;24;8;2023;11:56;1;92;92047;1;1;1;7;A13;48,83243229;2,15433619
202300051657;28;10;2023;09:00;2;93;93010;2;2;1;1;Avenue du 14 Juillet / Allée de Bougainville;48,915855;2,49204283
202300051658;29;9;2023;14:25;1;973;97309;2;1;1;5;1741 Route de Montjoly;4,92361685;-52,28338972
202300051659;9;5;2023;17:45;1;93;93066;2;2;8;6;Rue Francis de Pressensé / Avenue du Stade de France;48,91962;2,36151
202300051660;13;6;2023;00:15;3;95;95436;1;1;1;1;D922;49,129137;2,258103
202300051661;1;4;2023;11:02;1;971;97112;2;2;1;5;D203;15,880214;-61,310363
202300051662;17;7;2023;01:00;3;973;97312;1;1;1;5;PK 84;5,328824;-52,914448
202300051663;28;10;2023;19:00;4;92;92036;2;4;3;3;VIEUX CHEMIN DE ST DENIS (AVENUE);48,93138761;2,32044151
202300051664;1;12;2023;17:30;5;4;4049;2;1;3;6;Avenue du General de Gaulle;44,093917;6,009792
202300051665;28;9;2023;16:20;1;69;69244;2;1;1;1;28 Chemin Finat Duclos;45,758444;4,754881
202300051666;9;5;2023;10:10;1;93;93039;2;1;2;6;Quai de Seine;48,93257006;2,34049195
202300051667;18;8;2023;08:10;1;78;78206;1;1;1;5;A13;48,94747;1,9471
202300051668;12;6;2023;23:05;4;68;68175;1;1;1;7;D415 - PK 12+800;48,146256;7,185745
202300051669;16;7;2023;21:20;3;971;97128;1;1;1;1;Maudette;16,225182;-61,403049
202300051670;31;3;2023;21:00;5;37;37011;2;6;6;3;Rue Marcel Vignaud;47,211435;0,172691
202300051671;28;9;2023;17:35;1;17;17175;1;1;1;1;N/A;45,550812;-0,363579
202300051672;9;5;2023;06:30;2;93;93066;2;1;2;3;Rue Proudhon;48,90650607;2,36193792
202300051673;28;10;2023;19:18;5;92;92062;2;3;1;3;WALLACE (BD RICHARD) DU 2 AU 28 ET DU 1;48,87957594;2,24047579