Num_Acc;jour;mois;an;hrmn;lum;dep;com;agg;int;atm;col;adr;lat;long
202300051674;2;12;2023;17:45;3;85;85169;1;1;1;1;RD 2;46,80254791;-1,6003105
202300051675;26;8;2023;13:00;1;93;93066;1;1;1;2;AUTOROUTE A1;48,92761238;2,35729694
202300051676;12;6;2023;10:55;1;68;68331;2;2;1;3;8 Rue du Neuland;48,043655;7,409418
202300051677;31;3;2023;18:10;1;91;91330;2;1;2;6;Rue de la Roche Qui Tourne;48,520492;2,256033
202300051678;13;7;2023;16:15;1;971;97112;1;3;1;3;Lieu Dit la Treille;15,908121;-61,300203
202300051679;28;10;2023;17:55;1;92;92040;2;1;3;6;GENERAL LECLERC;48,82511869;2,27597885
202300051680;29;9;2023;03:35;3;57;57155;1;1;1;2;A4;49,136814;6,411059
202300051681;3;12;2023;11:20;1;87;87192;2;4;1;1;48 Avenue Saint Eloi;45,75414;1,277896
202300051682;9;5;2023;08:00;1;93;93046;2;3;2;6;Avenue Aristide Briand / Avenue de Sully;48,9122;2,52149
202300051683;12;6;2023;19:02;1;28;28173;1;1;1;7;D32;48,461183;1,542927
202300051684;16;7;2023;02:10;3;41;41130;1;1;1;6;D110;47,765147;1,336963
202300051685;1;4;2023;14:30;1;2B;2B034;1;1;1;1;rt30;42,639866;9,003741
202300051686;28;9;2023;23:35;5;31;31254;1;1;1;6;D916;43,536968;1,510985
202300051687;2;12;2023;16:20;1;30;30138;1;6;1;3;D40;43,810128;4,2454
202300051688;9;5;2023;13:30;1;93;93046;2;1;2;1;Allée Auguste Geneviève;48,91519884;2,54086451
202300051689;27;10;2023;17:31;2;92;92012;2;2;2;1;REINE (ROUTE DE LA) 82/FIN - 107TER/FIN;48,84043811;2,23162329
202300051690;12;6;2023;18:25;2;67;67173;1;3;7;3;RD 31;48,634618;7,675644
202300051691;26;8;2023;12:00;1;93;93007;1;1;1;4;AUTOROUTE A3;48,94310661;2,47773335
202300051692;16;3;2023;19:13;3;13;13004;1;1;1;3;Route des Saintes Maries de la Mer;43,621755;4,50624
202300051693;22;9;2023;18:30;1;69;69235;2;3;2;6;Route Départementale 386;45,52670501;4,86707686
202300051694;31;3;2023;22:43;5;51;51250;2;1;2;6;Place de l'Hotel de Ville;49,307448;3,679867
202300051695;16;7;2023;18:55;1;37;37210;1;1;1;1;RD751;47,21155294;0,34967999
202300051696;8;5;2023;12:45;1;93;93008;2;3;1;3;Avenue Paul Vaillant - Couturier / Rue Frantz Fanon;48,90578;2,46589
202300051697;3;12;2023;11:18;1;30;30188;1;9;1;3;N106;44,01721419;4,15292072
202300051698;12;6;2023;17:50;1;91;91665;2;1;1;6;Allée Jacques Tati;48,669199;2,270506
202300051699;26;8;2023;11:00;1;93;93066;1;1;1;3;AUTOROUTE A86;48,92355906;2,34263062
202300051700;28;10;2023;01:15;5;92;92007;2;1;8;2;LONGUET (RUE JEAN);48,8002;2,31446
202300051701;29;9;2023;08:25;1;974;97415;1;1;1;1;N1a;-21,030734;55,225477
202300051702;3;12;2023;01:00;3;3;3193;1;1;2;7;Autoroute 71;46,509839;2,629133
202300051703;14;7;2023;21:45;2;77;77367;1;2;1;3;D146a3;49,052277;2,988362
202300051704;1;4;2023;10:50;1;73;73285;2;1;1;6;D1090 - RUE DE LA LIBERATION;45,62414;6,796802
202300051705;7;4;2023;16:40;1;93;93001;2;2;1;3;Avenue Victor Hugo / Rue Ferragus;48,91435;2,38089
202300051706;25;9;2023;18:05;1;60;60350;2;2;1;3;Rue du Plemont;49,58745;2,843742
202300051707;25;8;2023;12:50;1;95;95256;1;1;1;5;N184;49,05527959;2,20240474
202300051708;29;9;2023;14:00;1;973;97308;2;3;1;3;Rue Pierre Céron;3,887421;-51,802192
202300051709;4;6;2023;06:15;2;62;62158;1;1;1;1;D115;50,284068;2,213702
202300051710;28;10;2023;05:30;5;65;65398;1;1;1;6;567 Route de Luchon;42,961281;0,631448
202300051711;1;4;2023;08:19;1;38;38026;1;1;2;5;D65;45,834032;5,323734
202300051712;25;8;2023;10:30;1;93;93053;1;1;2;7;AUTOROUTE A103;48,88716534;2,47490084
202300051713;16;7;2023;19:00;1;84;84092;1;9;1;6;D 225;43,975986;4,873756
202300051714;1;12;2023;15:30;1;67;67249;1;1;1;4;A4;48,742327;7,68726
202300051715;28;9;2023;16:09;1;28;28015;1;1;1;1;D910;48,502456;1,73599
202300051716;9;5;2023;15:20;1;92;92078;2;3;2;6;VERDUN (AVENUE) (PAIRS 2 A 38);48,93550661;2,33386785
202300051717;29;10;2023;03:55;3;14;14226;1;1;2;6;Route des Carreaux;48,960602;-0,405893
202300051718;12;6;2023;18:14;1;35;35173;1;1;1;1;D82;48,20436804;-1,69575423
202300051719;31;3;2023;21:55;3;69;69163;1;1;1;2;Route Départementale 306;45,90694628;4,735799
202300051720;16;7;2023;19:00;1;84;84054;1;1;1;7;Chemin des Gypières;43,960225;5,079117
202300051721;29;9;2023;10:30;1;2A;2A247;1;1;1;7;D368;41,616164;9,259694
202300051722;9;5;2023;14:14;1;92;92062;2;7;2;6;JAURES (RUE JEAN) DU 114 AU 2;48,88256;2,24003
202300051723;1;4;2023;04:30;5;81;81105;2;1;1;6;Boulevard de la Casse;43,769273;1,999796
202300051724;12;6;2023;15:15;1;79;79079;1;1;1;3;;46,940704;-0,85057
202300051725;26;10;2023;13:45;1;62;62461;1;1;2;5;D928;50,399477;2,04365
202300051726;27;9;2023;08:55;1;13;13086;1;1;1;6;Allée de l?Huveaune;43,331421;5,599337
202300051727;25;8;2023;03:45;3;93;93053;1;1;1;5;AUTOROUTE A3;48,8841;2,46326
202300051728;1;12;2023;17:54;3;11;11262;1;1;2;4;Autoroute A9, PK 192.200, sens FRANCE / ESPAGNE;43,161687;2,992015
202300051729;9;3;2023;22:45;3;22;22176;1;1;6;2;D700;48,454531;-2,79277
202300051730;17;7;2023;17:30;1;83;83065;1;3;1;3;D61;43,250923;6,592129
202300051731;9;5;2023;14:00;1;92;92050;2;2;3;3;CLEMENCEAU GEORGES AVENUE N° PAIR;48,88618;2,21381
202300051732;2;1;2023;21:20;5;49;49007;2;1;1;2;CHAUMIN BOULEVARD;47,45025;-0,55594
202300051733;13;6;2023;12:40;1;80;80568;1;2;1;3;Rd 15;49,793802;2,934079
202300051734;29;9;2023;06:50;2;73;73227;1;1;1;7;D91A Route de la choulière;45,42898124;6,62967145
202300051735;28;10;2023;19:25;3;86;86203;1;1;8;1;D8;46,327009;0,631265
202300051736;24;8;2023;23:40;3;95;95572;1;1;1;6;A15;49,02973;2,1258
202300051737;4;1;2023;19:09;5;45;45234;2;1;2;6;7 Boulevard Saint-Euverte;47,90185;1,91886
202300051738;14;11;2023;12:00;1;971;97117;1;1;1;6;2051 Route de Chazeau;16,293706;-61,435724
202300051739;17;7;2023;19:00;1;83;83063;1;1;1;3;Route Départementale N°558;43,29977771;6,49106314
202300051740;9;5;2023;10:00;1;92;92049;2;1;2;7;JAURES AV. JEAN N°1 A 51 ET 2 A 50;48,8160592;2,3129788
202300051741;12;6;2023;18:25;1;89;89076;1;1;1;6;;48,031888;3,661473
202300051742;17;9;2023;16:10;1;7;7245;2;1;1;6;Chemin de Martinot;45,077538;4,799235
202300051743;4;1;2023;18:40;5;44;44109;2;1;2;6;33bis Rue Lamartine;47,21657;-1,5785
202300051744;29;10;2023;09:30;1;26;26259;1;1;1;1;Route Blanche;45,154806;4,975884
202300051745;27;5;2023;00:25;3;14;14220;2;1;1;7;51 Rue du Moulin Saint-laurent;49,343676;0,071929
202300051746;2;12;2023;22:10;3;83;83068;1;1;6;1;Route de Sainte Maxime;43,278799;6,567721
202300051747;1;4;2023;18:30;1;60;60439;1;1;2;2;D137;49,315037;2,273709
202300051748;28;9;2023;08:30;1;1;1276;2;1;1;6;Chemin des Moines;45,82492535;5,0592041
202300051749;9;5;2023;17:32;1;92;92044;2;1;1;2;PAUL VAILLANT-COUTURIER;48,89736;2,29056
202300051750;3;12;2023;13:25;1;83;83029;1;1;1;7;474 Route de Bagnols;43,603349;6,741904
202300051751;30;3;2023;18:10;1;83;83137;1;1;1;6;A50;43,12630328;5,90937562
202300051752;29;10;2023;07:15;1;38;38238;1;1;8;1;D502;45,504121;4,996419
202300051753;12;6;2023;12:34;1;49;49374;1;1;1;3;D952;47,257498;-0,044069
202300051754;16;7;2023;16:30;1;83;83077;1;1;1;5;D554;43,29960999;5,9847205
202300051755;4;1;2023;19:35;5;33;33039;2;2;1;3;Avenue Edouard Bourlaux;44,78764;-0,56658
202300051756;16;6;2023;20:45;1;42;42207;2;1;1;2;Rue Marc Seguin;45,47396;4,51825
202300051757;9;5;2023;09:26;1;92;92044;2;1;3;3;VIC. HUGO(RUE)001A067 ET002A078;48,8929;2,30041
202300051758;25;3;2023;08:30;1;69;69091;1;1;1;3;Autoroute 47 ;45,58731;4,75718
202300051759;27;10;2023;15:25;1;84;84088;1;1;1;1;723 Grande Route de Carpentras;44,016039;5,051356
202300051760;3;12;2023;15:40;1;13;13042;1;1;1;1;D2;43,312845;5,66695
202300051761;26;9;2023;17:40;1;46;46015;1;4;1;3;N122 Lieu dit veyre;44,65916928;2,12342173
202300051762;3;12;2023;06:00;3;57;57631;1;1;1;6;N61;49,09978;7,031379
202300051763;16;7;2023;21:23;5;6;6099;2;1;1;6;Planet;43,954526;6,908287
202300051764;16;6;2023;18:45;1;93;93078;2;3;1;1;Avenue de Montceleux / Avenue Nollet;48,9513;2,53654
202300051765;9;5;2023;07:40;1;92;92044;2;2;2;6;ARISTIDE BRIAND(RUE)1A49 ET 2A52;48,89077;2,28433
202300051766;6;6;2023;17:45;1;41;41239;2;4;1;2;Quai des Cochards;47,266289;1,38226
202300051767;28;9;2023;18:00;1;46;46140;1;1;1;6;Autoroute A20 - Sens 2 - PK 367;44,400217;1,521237
202300051768;27;10;2023;20:50;5;33;33478;2;2;2;3;Av du Mal de Lattre de Tassigny;45,011191;-0,001615
202300051769;1;12;2023;10:00;1;63;63335;1;1;2;6;RD 978;45,54682702;2,99061074
202300051770;16;7;2023;18:14;1;6;6101;1;1;1;6;D28;43,959228;6,995689
202300051771;31;3;2023;15:40;1;91;91161;1;1;1;3;AUTOROUTE A6;48,71276;2,30816
202300051772;4;1;2023;18:15;5;33;33069;2;2;1;3;Route du Médoc;44,87422301;-0,61859787
202300051773;27;9;2023;21:00;3;9;9143;1;1;1;7;D8;42,78313;1,544636
202300051774;12;6;2023;13:25;1;34;34031;1;1;1;3;RD137;43,349087;3,429344
202300051775;8;5;2023;21:35;5;92;92036;2;3;1;6;LAURENT CELY (AVENUE) (1/143);48,93159272;2,30183154
202300051776;10;6;2023;02:00;5;93;93055;2;1;1;3;Avenue Jean Jaurès;48,91013;2,39938
202300051777;29;10;2023;08:35;1;6;6161;2;1;2;1;446 Avenue de la Grange Rimade;43,663844;7,121262
202300051778;29;6;2023;11:00;1;6;6014;1;1;2;1;D15;43,831447;7,29784
202300051779;16;2;2023;13:20;1;47;47185;1;1;1;2;cd 102;44,46512;0,952291
202300051780;30;3;2023;18:20;1;78;78646;1;1;1;2;RN12;48,789169;2,130525
202300051781;4;1;2023;19:45;3;29;29254;1;1;2;2;Rue de Kerélisa;48,57205;-3,85408
202300051782;29;9;2023;07:40;2;33;33238;1;2;1;3;Avenue de Cadaujac;44,73438;-0,579481
202300051783;12;6;2023;14:00;1;68;68374;1;2;7;3;D83;48,087882;7,314714
202300051784;29;10;2023;06:09;1;974;97404;2;1;1;6;166 Chemin Charbonnier;-21,255162;55,367536
202300051785;2;12;2023;14:35;1;38;38348;1;1;4;5;Route de Chambéry;45,574395;5,336947
202300051786;11;2;2023;14:45;1;22;22030;1;1;1;7;Hent Crec'h Yar;48,701705;-3,371793
202300051787;16;7;2023;16:50;1;5;5077;1;1;1;3;Route départementale 205T - PK 3+200;44,708286;6,924348
202300051788;15;6;2023;16:00;1;95;95277;1;1;1;4;A1;48,97482404;2,48930186
202300051789;3;1;2023;19:50;5;29;29019;2;3;2;1;rue de Quimper;48,400978;-4,4506751
202300051790;9;5;2023;19:35;1;92;92026;2;3;2;4;VERDUN 1916 ( AVENUE DE );48,90133;2,26003
202300051791;28;9;2023;13:55;1;33;33312;1;1;1;2;Route de Pauillac (Pont);44,962946;-0,627143
202300051792;30;3;2023;08:20;1;78;78090;1;1;1;5;A13;48,97044;1,88853
202300051793;12;6;2023;18:30;1;35;35162;1;1;1;3;D15;48,47168598;-1,16227895
202300051794;2;12;2023;15:45;1;38;38152;2;1;4;1;Rd 1085 (Eclose);45,508798;5,303221
202300051795;7;2;2023;06:00;3;25;25321;1;1;1;1;12 Route des Brenets;47,061498;6,684709
202300051796;17;7;2023;09:00;1;25;25298;1;1;1;1;RD 683 - PR 60+800;47,339281;6,299479
202300051797;14;6;2023;17:20;1;93;93048;1;1;1;5;AUTOROUTE A86;48,86655;2,48147
202300051798;27;9;2023;09:15;1;57;57245;2;1;1;3;70 Rue de la Forge;49,433887;6,278606
202300051799;11;6;2023;04:30;3;29;29026;1;1;1;6;D88;48,21781;-4,050109
202300051800;2;12;2023;17:20;3;38;38152;1;1;4;6;Rd 1085 (Eclose);45,489532;5,295153
202300051801;9;5;2023;20:10;1;92;92026;2;3;1;3;HÔTEL DE VILLE (RUE);48,89394027;2,25652456
202300051802;2;1;2023;18:08;3;27;27681;1;1;9;2;GISORS (ROUTE DE);49,11629933;1,49533098
202300051803;31;3;2023;09:00;1;92;92036;1;1;2;2;AUTOROUTE A15;48,94355783;2,28738079
202300051804;28;10;2023;21:15;3;14;14027;1;2;8;3;1 Route de Chantepie;48,96454;-0,667516
202300051805;23;6;2023;18:00;1;67;67282;2;1;1;6;1 Rue Griesmatt;48,616817;7,503363
202300051806;10;6;2023;01:40;3;31;31341;1;6;1;7;D2;43,7198668;1,33060634
202300051807;10;5;2023;15:29;1;60;60643;1;1;1;7;D587;49,57084323;2,58010945
202300051808;27;9;2023;14:10;1;13;13022;1;1;1;1;A50-Sens Aubagne vers Toulon;43,22547796;5,58264618
202300051809;16;2;2023;16:55;1;1;1263;2;3;1;3;Chemin des Mûriers;46,076889;4,766028
202300051810;23;8;2023;16:30;1;974;97416;1;1;2;2;RN03;-21,2898;55,5143
202300051811;23;10;2023;09:13;1;58;58193;1;1;2;3;D241 - PK 1+500;47,537398;2,887022
202300051812;17;7;2023;11:20;1;73;73280;1;1;1;6;D926;45,226996;6,214228
202300051813;29;3;2023;19:10;1;95;95277;1;1;1;2;D170;48,97466324;2,4870193
202300051814;2;12;2023;06:45;5;69;69009;2;9;1;3;Route de Lyon;45,937206;4,717764
202300051815;13;6;2023;15:58;1;3;3284;1;3;1;3;D480;46,399278;3,597765
202300051816;10;5;2023;08:45;1;50;50027;1;1;2;3;D41;48,692979;-1,441258
202300051817;28;9;2023;16:10;1;77;77251;1;9;1;3;AUTOROUTE A5A;48,6118015;2,57095121
202300051818;17;2;2023;08:10;1;66;66106;1;1;1;3;;42,492581;2,802318
202300051819;11;6;2023;13:45;1;3;3208;1;1;1;6;44 Route du Donjon;46,421063;3,906493
202300051820;2;12;2023;19:20;3;40;40277;1;1;2;6;1095 Route de Peyrehorade;43,660665;-1,040754
202300051821;29;10;2023;16:40;1;6;6064;1;1;1;1;345 Avenue de la Tourre;43,763669;7,198998
202300051822;16;7;2023;16:45;1;73;73228;1;1;1;6;D1006;45,53295129;5,86389321
202300051823;24;8;2023;09:00;1;974;97411;2;1;1;4;CHAUDRON  (BLD 1 DU);-20,89665;55,4959
202300051824;4;1;2023;12:25;1;25;25462;2;1;1;3;Rocade Georges Pompidou;46,89582;6,36211
202300051825;8;5;2023;15:30;1;33;33106;2;7;1;7;RD15;44,561988;-0,155514
202300051826;29;3;2023;18:45;1;95;95572;1;1;1;2;RN 184;49,03385084;2,11134575
202300051827;29;1;2023;22:15;5;72;72359;2;1;1;6;41 Rue des Rosiers;48,1292;0,396587
202300051828;29;10;2023;03:15;4;42;42271;1;1;1;6;Route de la Terrasse;45,474525;4,58147
202300051829;3;12;2023;20:50;4;29;29042;2;1;3;6;11 rue Alsace-Lorraine;48,246055;-4,489856
202300051830;28;9;2023;09:20;1;91;91661;1;1;1;3;AUTOROUTE A10;48,6959;2,23616
202300051831;22;8;2023;04:15;3;974;97411;2;9;9;6;JAURES (BLD 2 JEAN);-20,90069;55,48717
202300051832;10;6;2023;12:15;1;1;1266;2;3;1;3;375 Rue des Luyers;46,332769;5,124006
202300051833;17;7;2023;08:45;1;42;42304;2;1;7;6;Boulevard Jean Moulin;45,541987;4,184375
202300051834;4;1;2023;19:30;5;22;22278;2;1;8;3;GOUEDIC (DE);48,508;-2,752
202300051835;31;3;2023;17:30;1;94;94017;1;1;2;2;A4;48,82671118;2,52258828
202300051836;28;9;2023;05:50;3;92;92002;1;1;1;3;AUTOROUTE A10;48,7328119;2,31162697
202300051837;13;6;2023;12:45;1;1;1319;1;1;1;6;Route de Chatillon;46,102507;4,950754
202300051838;5;2;2023;11:45;1;5;5017;1;2;1;3;intersection RN94/D11;44,563349;6,196917
202300051839;16;7;2023;20:00;2;38;38532;1;1;1;6;D 65;45,65679;5,289928
202300051840;10;5;2023;15:10;1;76;76055;1;1;1;4;A29;49,641286;0,732125
202300051841;4;1;2023;19:00;3;17;17461;2;6;2;3;ANGLES (ROND POINT);45,644417;-1,052667
202300051842;20;8;2023;12:15;1;974;97411;2;6;1;3;JAURES (BOULEVARD JEAN);-20,9;55,48006
202300051843;2;12;2023;17:40;3;76;76464;1;1;1;6;D491;49,398616;1,237121
202300051844;31;3;2023;13:00;1;94;94017;1;1;1;6;A4;48,82671118;2,52258828
202300051845;27;9;2023;18:00;1;93;93008;1;1;1;3;AUTOROUTE A86;48,91311024;2,4357596
202300051846;10;5;2023;03:20;3;71;71305;1;1;1;6;Autoroute A6, PK 369+500, sens Paris/Lyon;46,465558;4,879434
202300051847;17;7;2023;16:20;1;26;26074;1;1;1;1;D178;44,941003;5,390747
202300051848;24;8;2023;10:00;1;974;97407;2;1;1;6;14 JUILLET 1789(AVENUE DU);-20,93226;55,29447
202300051849;28;10;2023;20:00;5;30;30217;2;1;1;1;D111;43,95955;4,734324
202300051850;3;12;2023;02:16;3;2;2697;1;1;9;6;Route de Laon;49,595114;3,762774
202300051851;13;6;2023;18:30;1;54;54059;1;1;1;6;D44a;48,83249215;6,15950649
202300051852;31;3;2023;01:55;3;77;77373;1;1;3;6;RN104;48,76517721;2,61466006
202300051853;4;1;2023;08:15;5;14;14118;2;1;2;6;51 Rue de Geôle;49,185094;-0,363541
202300051854;28;9;2023;22:32;3;94;94011;1;1;1;6;N19;48,76289194;2,49463919
202300051855;10;5;2023;15:00;1;23;23154;1;1;2;7;Petite Baleyte;46,130616;2,023737
202300051856;24;8;2023;10:40;1;69;69383;2;9;1;6;31 Avenue Georges Pompidou;45,75932332;4,86680877
202300051857;15;7;2023;14:30;1;1;1211;1;1;1;6;D22;46,13053;5,191417
202300051858;6;6;2023;07:00;1;6;6086;1;1;1;6;Route de Sospel;43,927804;7,414033
202300051859;1;12;2023;18:58;5;59;59092;2;1;1;6;59 Rue Léon Piérard;50,283692;3,31759
202300051860;9;5;2023;18:00;1;63;63248;1;1;2;6;Quatre route de NEBOUZAT RD 2089;45,72462862;2,89651483
202300051861;4;1;2023;13:10;1;13;13210;2;9;1;3;PONT DE VIVAUX (BOULEVARD);43,28003222;5,41905453
202300051862;27;10;2023;21:20;3;22;22391;1;2;3;1;La Rabine;48,372473;-2,148283
202300051863;27;9;2023;07:40;1;94;94046;1;1;1;3;A86;48,80856288;2,44905786
202300051864;14;7;2023;05:30;3;86;86297;1;1;1;7;D12;46,606585;0,268693
202300051865;24;8;2023;16:32;1;972;97213;1;1;1;2;AUTOROUTE A1;14,61804;-61,02749
202300051866;30;3;2023;22:15;4;94;94018;1;1;2;2;A4;48,82320034;2,39580432
202300051867;12;6;2023;16:55;1;50;50417;2;1;7;1;rue du stade;49,591941;-1,298758
202300051868;4;1;2023;10:45;1;13;13205;2;1;1;7;SAKAKINI (BOULEVARD);43,29499;5,40117
202300051869;1;12;2023;20:00;5;13;13210;1;1;1;2;A50-Sens Marseille vers Aubagne;43,285;5,4219
202300051870;17;2;2023;03:40;3;7;7157;2;1;1;6;D86;44,610566;4,726299
202300051871;9;5;2023;08:05;1;86;86223;2;1;3;2;Rue Léon Barbarin;46,566708;0,871463
202300051872;29;6;2023;16:45;1;64;64496;2;6;1;7;D137a;43,470199;-1,450292
202300051873;27;10;2023;19:00;3;57;57138;1;1;2;7;D70;48,95639;6,496098
202300051874;24;8;2023;14:35;1;69;69389;2;1;1;6;156 Avenue Sidoine Apollinaire;45,76341934;4,80360135
202300051875;30;3;2023;08:30;1;77;77122;2;1;1;6;AV DU PALOISEL;48,661845;2,56342
202300051876;4;1;2023;11:00;1;13;13201;2;1;1;6;SAINTE BARBE (RUE);43,30008;5,37455
202300051877;20;6;2023;08:35;1;29;29271;1;1;1;1;D30;48,57869875;-4,13538694
202300051878;9;5;2023;19:45;1;14;14061;1;1;2;7;Route de la Ferriere;48,98515785;-0,88450033
202300051879;12;6;2023;17:15;1;50;50487;2;3;1;6;Route d'Antrain;48,521622;-1,334131
202300051880;7;2;2023;16:00;1;24;24274;1;1;1;2;Route de la Ferrière;44,809243;0,463142
202300051881;16;7;2023;09:45;1;49;49027;2;1;1;6;8 Rue du Bocage;47,141286;-0,939308
202300051882;1;12;2023;22:58;3;13;13071;1;1;1;6;A55-Sens Martigues vers Marseille;43,392;5,2712
202300051883;4;1;2023;10:10;1;13;13208;2;9;1;6;MAZARGUES (AVENUE DE);43,25945787;5,39411018
202300051884;9;5;2023;08:11;1;38;38301;1;1;1;6;Route de Sandon;44,797124;5,643368
202300051885;24;8;2023;13:45;1;69;69384;2;5;1;6;Rue de Cuire;45,77954;4,82919
202300051886;14;2;2023;14:43;1;35;35352;2;6;1;6;Rond-point de la Croix Rouge;48,049795;-1,60845
202300051887;27;9;2023;07:00;1;974;97416;2;1;1;2;LORION(RUE LUC);-21,33376;55,47125
202300051888;12;6;2023;15:00;1;64;64314;1;1;1;2;CD 918, pk 65.100;43,21947;-1,086187
202300051889;2;12;2023;15:05;1;33;33281;1;1;1;3;ROCADE A 630;44,81442425;-0,672521
202300051890;4;1;2023;08:00;2;11;11069;1;1;1;3;;43,20443;2,40169
202300051891;18;8;2023;15:00;1;971;97101;1;1;1;6;DOTHEMARE;16,26742;-61,51777
202300051892;29;10;2023;11:00;1;63;63187;1;3;6;2;Lieu Dit les Monteix;46,238407;2,824248
202300051893;14;2;2023;13:50;1;42;42268;1;1;7;2;A89;45,857354;4,042899
202300051894;30;3;2023;16:15;1;93;93014;2;2;1;6;Allée de Gagny / Allée Romain Rolland;48,90443902;2,54850852
202300051895;9;5;2023;11:26;1;37;37250;1;1;3;4;A10  PK 224+000 sens 2;47,249116;0,664051
202300051896;26;9;2023;22:05;5;974;97411;2;3;1;3;MACE (BOULEVARD GABRIEL);-20,8752;55,445
202300051897;13;6;2023;14:25;1;16;16170;1;1;1;1;D709;45,353574;0,182921
202300051898;16;7;2023;15:30;1;50;50531;1;1;2;7;Rue de la Jarrière;48,667782;-1,257527
202300051899;16;8;2023;00:36;5;971;97113;1;3;1;2;Morne Salines;16,21080784;-61,44161403
202300051900;3;1;2023;18:35;5;10;10060;2;1;1;3;HAUTEFEUILLE (RUE);48,25624;4,09297
202300051901;29;10;2023;10:45;1;63;63047;1;1;2;1;D996;45,59350558;2,72237475
202300051902;17;2;2023;11:15;1;37;37240;1;1;8;6;D74;47,578878;0,956336
202300051903;6;5;2023;09:15;1;51;51507;2;7;1;6;Avenue de la Gare;49,090449;4,903445
202300051904;30;3;2023;08:40;1;92;92050;2;2;1;6;FRACHON BENOIT AVENUE;48,89298332;2,18675563
202300051905;12;7;2023;15:19;1;29;29094;1;1;1;7;coat allee;48,60131897;-4,35634552
202300051906;12;6;2023;08:20;1;53;53040;1;1;1;6;le bas montigné;48,148536;-1,058491
202300051907;2;12;2023;10:30;1;33;33063;1;1;1;4;ROCADE A 630;44,88094373;-0,54229438
202300051908;24;8;2023;11:10;1;2A;2A004;2;1;1;2;NICOLI JEAN COURS;41,93331;8,74309
202300051909;3;1;2023;11:06;1;10;10297;2;1;1;6;Rue Marc Verdier;48,32531;4,11328
202300051910;28;10;2023;14:25;1;61;61037;1;1;3;7;D310;48,414618;0,513525
202300051911;29;3;2023;08:45;1;92;92004;2;1;1;3;PIERRE BOUDOU;48,91537;2,30693
202300051912;12;6;2023;22:55;3;21;21547;1;1;1;6;D970;47,465792;4,373418
202300051913;28;10;2023;21:30;5;55;55063;2;1;2;1;Rue Marcel-cachin;49,288768;5,759765
202300051914;3;1;2023;21:25;5;9;9122;2;6;8;6;RD 117;42,964125;1,610482
202300051915;27;9;2023;10:30;3;972;97209;1;1;2;4;RD 41 (ROCADE);14,6145;-61,0627
202300051916;24;8;2023;18:40;1;95;95268;2;9;1;6;D125;48,97601066;2,39543259
202300051917;15;7;2023;22:40;3;22;22168;2;1;2;3;Boulevard Jean Mermoz;48,812949;-3,455444
202300051918;2;12;2023;15:45;1;91;91340;1;1;1;2;AUTOROUTE A6;48,60141;2,4385
202300051919;5;5;2023;11:00;1;56;56122;1;3;2;3;89 Trégadoret;47,994212;-2,360561
202300051920;12;6;2023;15:33;1;4;4054;1;1;3;6;N85;44,023064;6,21058
202300051921;17;2;2023;12:52;1;72;72198;1;1;1;7;a81;48,043238;0,151431
202300051922;29;10;2023;09:00;1;55;55010;1;1;3;5;pk 4 N4;48,639054;5,032344
202300051923;27;3;2023;11:25;1;62;62895;2;1;1;6;Rue du Marechal Leclerc;50,490264;2,849881
202300051924;14;7;2023;05:00;3;59;59562;1;1;1;7;Rue de Flaumont;50,120355;3,997999
202300051925;24;8;2023;15:10;1;91;91201;2;2;2;1;AV JEAN JAURES;48,689722;2,413366
202300051926;27;9;2023;17:18;1;69;69381;2;1;1;6;Tunnel de la Rue Terme;45,77213727;4,83095238
202300051927;3;1;2023;06:10;5;6;6123;2;1;1;3;DE GAULLE GENERAL AVENUE;43,667921;7,192207
202300051928;2;12;2023;02:40;3;91;91363;1;1;1;6;RN 118;48,6685;2,1942
202300051929;9;5;2023;13:25;1;76;76219;2;1;1;1;Rue Cacheleu;49,720704;0,781639
202300051930;29;10;2023;09:00;1;49;49069;1;1;8;6;RD 154;47,310505;-1,200844
202300051931;21;1;2023;01:46;5;25;25462;2;9;4;6;MONTRIEUX;46,90106;6,3572
202300051932;2;12;2023;15:15;1;93;93010;1;1;1;6;AUTOROUTE A3;48,9111;2,47575
202300051933;13;6;2023;08:00;1;27;27284;1;4;1;7;D15b;49,2495901;1,7887764
202300051934;19;8;2023;17:20;1;91;91691;2;3;8;3;CHARLE DE GAULLE(RUE);48,71607;2,49069
202300051935;4;1;2023;08:45;1;93;93070;2;1;1;6;Rue des Entrepôts;48,902744;2,346299
202300051936;27;9;2023;05:50;2;2B;2B033;1;9;1;7;11 - RT;42,6741;9,4439
202300051937;28;10;2023;15:36;1;39;39535;1;1;1;6;N/A;46,874546;5,668076
202300051938;30;3;2023;14:00;1;976;97611;1;1;1;3;kaweni-Kaweni sud  (Z I);-12,77532;45,2283
202300051939;13;6;2023;08:45;1;17;17434;1;1;1;7;D114;46,086522;-0,753336
202300051940;10;5;2023;17:15;1;82;82190;1;1;1;6;D26;43,830208;1,242453
202300051941;1;12;2023;20:30;3;93;93053;1;1;1;3;AUTOROUTE A3;48,88781;2,4741