Num_Acc;jour;mois;an;hrmn;lum;dep;com;agg;int;atm;col;adr;lat;long
202300051942;16;7;2023;06:30;1;13;13213;1;1;1;3;A507 sens Marseille - Aubagne;43,325;5,421
202300051943;4;1;2023;17:45;5;75;75117;2;1;2;2;PORTE DE CLICHY;48,899104;2,317124
202300051944;24;8;2023;21:57;5;91;91434;2;2;1;3;MONTLHERY (RUE DE);48,66098;2,344972
202300051945;27;9;2023;18:25;3;971;97120;1;6;1;6;BLANCHARD;16,22275;-61,526
202300051946;5;6;2023;15:35;1;37;37050;2;1;1;6;34 Rue des Pommiers;47,339549;0,709842
202300051947;30;3;2023;17:18;1;974;97416;2;1;1;3;LORION (RUE LUC);-21,341119;55,468975
202300051948;29;10;2023;07:56;2;39;39404;1;1;8;1;N/A;46,687975;5,592057
202300051949;17;2;2023;13:30;1;34;34157;2;6;7;3;25 Route de Villeveyrac;43,431353;3,603559
202300051950;24;8;2023;11:17;1;87;87050;2;1;1;7;EGLISE (RUE DE L');45,87504;1,23809
202300051951;10;5;2023;17:55;1;89;89267;1;5;1;3;N/A;47,549855;4,055285
202300051952;30;3;2023;11:28;1;974;97416;2;1;1;6;PRESIDENT MITTERAND(AVENUE);-21,34536;55,48033
202300051953;3;1;2023;17:00;5;75;75113;2;1;1;4;QUAI D IVRY;48,825237;2,385529
202300051954;1;12;2023;19:45;3;93;93048;1;1;1;4;AUTOROUTE A3;48,87060889;2,43112922
202300051955;29;10;2023;04:20;5;25;25228;2;1;1;6;Av du General Charles de Gaulle;47,505026;6,846875
202300051956;11;6;2023;17:45;1;8;8361;2;1;1;2;D988;49,831784;4,603135
202300051957;16;7;2023;12:50;1;91;91689;1;1;1;2;AUTOROUTE A10;48,72837;2,30526
202300051958;4;5;2023;19:45;1;49;49100;1;1;1;7;D 960;47,205517;-0,199556
202300051959;16;2;2023;16:30;1;34;34213;1;1;1;2;D613;43,465364;3,668758
202300051960;23;8;2023;08:55;1;87;87085;2;1;1;6;VALIN (AVENUE DU GENERAL MARTIAL);45,81291;1,27232
202300051961;30;3;2023;20:35;5;973;97302;2;1;1;7;BADUEL (ROUTE DE);4,93394;-52,31061
202300051962;28;10;2023;05:20;3;29;29236;1;1;1;6;Pont du Guilly;47,821137;-3,651066
202300051963;2;12;2023;06:50;3;95;95424;1;1;1;6;A15;48,98932791;2,20074713
202300051964;3;1;2023;10:25;1;75;75112;2;1;1;3;BOULEVARD PERIPHERIQUE;48,82670558;2,3918277
202300051965;27;9;2023;12:00;1;91;91589;2;2;1;3;RUE HENRI DUNANT;48,679904;2,342262
202300051966;13;6;2023;17:20;1;13;13103;1;2;1;3;D69;43,630422;5,066113
202300051967;23;8;2023;16:55;1;85;85194;2;1;1;3;Rue du général dumouriez;46,48642;-1,74362
202300051968;16;7;2023;05:00;2;91;91377;1;1;1;2;AUTOROUTE A10;48,72491;2,30001
202300051969;1;12;2023;16:00;1;95;95088;1;1;1;6;D170 ;48,9776;2,43383
202300051970;29;3;2023;12:30;1;973;97302;2;2;1;3;POLYCARPE (VERMONT);4,94102121;-52,32523674
202300051971;27;9;2023;09:40;1;91;91027;2;1;1;6;QUAI DE L'INDUSTRIE;48,698625;2,39571
202300051972;15;2;2023;19:40;4;34;34145;1;2;1;3;D61;43,656373;4,138262
202300051973;10;5;2023;10:25;1;41;41185;1;1;1;1;D765;47,351632;1,721817
202300051974;29;10;2023;09:05;1;29;29182;1;3;2;2;Route de l'Oratoire;48,61337293;-3,68030684
202300051975;24;8;2023;08:00;1;83;83137;2;1;1;2;CLEMENCEAU (BD GEORGES);43,12322932;5,93813556
202300051976;13;6;2023;08:50;1;69;69244;2;2;2;1;60 Avenue Général Brosset;45,756667;4,781801
202300051977;16;7;2023;16:07;1;92;92064;1;1;1;2;A13;48,83850309;2,19236003
202300051978;1;12;2023;18:35;5;976;97611;2;1;1;6;kaweni-Centrale (rue);-12,77557;45,22373
202300051979;30;3;2023;16:55;1;972;97209;1;1;1;2;AVE CAMILLE DARSIERES;14,60336;-61,05693
202300051980;9;5;2023;13:55;1;38;38416;2;1;1;6;Rue Jean Rony;45,14901;5,320301
202300051981;27;9;2023;08:35;1;86;86214;2;1;1;6;Route de Ligugé;46,551111;0,320808
202300051982;23;8;2023;17:15;1;83;83144;2;1;1;6;UNIVERSITE (AVE DE L');43,13745;6,0079
202300051983;4;1;2023;19:05;5;94;94067;2;2;2;6;Avenue du Général de Gaulle / Rue de l'Epinette;48,83757;2,41805
202300051984;28;9;2023;00:00;5;85;85191;1;1;2;6;Boulevard louis blanc;46,671518;-1,434815
202300051985;30;3;2023;13:00;1;972;97209;2;1;1;3;BEAUSEJOUR JAMBETTE (ROUTE);14,63775;-61,04016
202300051986;27;11;2023;11:00;1;974;97416;1;1;1;5;MAURICE THOREZ(CHEMIN);-21,2802;55,4653
202300051987;10;5;2023;11:45;1;3;3281;1;1;1;6;le Chy;46,358491;3,15122
202300051988;13;6;2023;11:00;1;38;38052;1;4;1;3;D211;45,065019;6,040002
202300051989;17;2;2023;00:30;5;83;83042;2;1;1;7;Rond Point de la Foux;43,263175;6,575392
202300051990;1;8;2023;22:00;4;79;79329;2;3;2;7;N/A;46,974333;-0,20227
202300051991;4;1;2023;07:10;5;94;94046;2;2;2;6;Boulevard Gallièni;48,79738;2,43314
202300051992;15;7;2023;13:50;1;92;92012;1;1;1;5;A13;48,84843039;2,24006151
202300051993;25;9;2023;18:25;1;83;83137;2;2;1;1;ESCARTEFIGUE (CORNICHE DU 2 A 422;43,13547;5,93218
202300051994;1;12;2023;13:05;1;974;97411;1;1;1;7;PITON (ROUTE DU BOIS DE NEFLES);-20,92651;55,47334
202300051995;12;6;2023;14:50;1;27;27249;1;1;1;6;A13;49,179515;1,241112
202300051996;9;5;2023;13:45;1;70;70493;1;1;2;6;D15;47,397173;6,04851
202300051997;30;3;2023;08:00;1;972;97209;1;3;1;3;RELIGIEUSES (ROUTE DES);14,61171;-61,05999
202300051998;28;10;2023;19:05;3;29;29076;1;3;3;5;D26;48,46616;-4,516797
202300051999;24;8;2023;05:30;5;78;78401;2;2;1;3;RHIN ET DANUBE (PONT);49,004348;1,906912
202300052000;11;6;2023;04:00;3;971;97112;1;1;1;6;RN 9 DUCOS HERMITAGE;15,889213;-61,304215
202300052001;15;7;2023;19:20;1;95;95394;1;1;1;7;N184;49,05167676;2,15262568
202300052002;4;1;2023;12:40;1;94;94041;2;1;2;3;Rue Gaston Cornavin;48,81032;2,38212
202300052003;26;9;2023;17:05;1;82;82121;2;1;1;6;1 boulevard edouard herriot;44,01442;1,36684
202300052004;16;2;2023;20:05;5;89;89013;2;2;1;3;;47,869569;3,521393
202300052005;30;11;2023;09:30;1;974;97411;2;1;2;2;CANAL (CHEMIN DU GRAND);-20,9042;55,4984
202300052006;5;5;2023;16:15;1;6;6059;2;1;1;6;Avenue de la Liberté;43,720117;7,35286
202300052007;28;10;2023;06:15;5;2;2807;2;3;2;6;16bis Route de Saint-quentin;49,659308;3,206581
202300052008;11;6;2023;18:00;1;971;97134;1;1;1;6;Grandes Rivières;16,056083;-61,749923
202300052009;15;7;2023;20:20;1;93;93006;1;1;1;6;AUTOROUTE A3;48,86446703;2,41450757
202300052010;29;3;2023;09:50;1;69;69389;2;1;1;2;110 Rue de Saint-Cyr;45,78711;4,8085
202300052011;24;8;2023;11:10;1;76;76178;1;2;6;1;Rue de Tourville;49,30983;1,04393
202300052012;4;1;2023;18:04;5;94;94021;2;1;2;6;344 Avenue de Stalingrad;48,76293939;2,36820388
202300052013;6;5;2023;18:43;1;5;5127;1;1;1;7;D3, pk 14+500;44,470201;6,266128
202300052014;14;2;2023;13:00;1;67;67397;1;1;5;7;D52;48,328066;7,741327
202300052015;27;10;2023;20:35;5;84;84089;2;6;1;1;route départementale 956 - rond point d'alton;43,670945;5,497059
202300052016;11;6;2023;15:28;1;972;97224;2;1;1;3;1348 gondeau;14,653742;-61,037979
202300052017;3;1;2023;17:05;5;94;94028;2;1;1;3;140 Avenue du Maréchal Foch;48,78659285;2,43606001
202300052018;28;11;2023;21:40;5;974;97411;2;3;1;3;MACE (BOULEVARD GABRIEL);-20,87246;55,44967
202300052019;13;3;2023;13:01;1;2B;2B120;2;1;8;3;11 - RT;42,65;9,41
202300052020;23;8;2023;13:30;1;76;76351;1;3;1;3;LENINGRAD (BD DE);49,49977;0,16621
202300052021;16;7;2023;13:50;1;75;75112;1;1;1;4;A4;48,819353;2,458441
202300052022;16;2;2023;19:05;5;63;63284;2;1;1;2;4 rue de la Fontaine Ballet;45,796408;3,241589
202300052023;12;6;2023;09:40;1;13;13087;1;2;1;3;Avenue de la Bégude;43,489276;5,629817
202300052024;1;12;2023;16:30;1;973;97302;2;1;1;3;MADELEINE (ROUTE DE LA);4,92264867;-52,32339156
202300052025;9;5;2023;11:40;1;50;50419;2;5;2;3;Rue du Mont Saint Michel;48,970361;-1,468021
202300052026;3;1;2023;15:50;1;94;94069;2;2;1;3;PONT DE CHARENTON;48,81779754;2,41975976
202300052027;24;8;2023;17:10;1;69;69264;2;2;1;3;Rue Francois Meunier Vial;45,99523;4,73402
202300052028;16;7;2023;09:20;1;77;77337;1;9;1;6;RN104;48,829067;2,618663
202300052029;15;2;2023;20:00;5;42;42022;2;6;1;3;Avenue de la Mairie;45,523473;4,217924
202300052030;27;3;2023;09:15;1;95;95203;2;4;1;3;Rue du Général Leclerc;48,989032;2,274323
202300052031;29;10;2023;01:30;5;58;58085;2;1;2;7;Rue de Derriere les Murs;47,432126;3,405397
202300052032;27;9;2023;14:30;1;77;77132;2;1;1;2;AV ROBERT SCHUMAN;48,87085;2,79589
202300052033;1;6;2023;18:10;1;77;77440;1;1;1;6;D603;48,946351;3,096219
202300052034;1;12;2023;14:25;1;973;97302;2;1;1;3;STE THERESE(CITE ANATOLE);4,93853735;-52,31771368
202300052035;3;1;2023;14:20;1;94;94017;2;2;8;3;Rue Louis Talamoni;48,813795;2,510274
202300052036;17;2;2023;01:42;3;69;69289;2;6;1;7;Route d’Heyrieux;45,647168;5,026889
202300052037;23;8;2023;18:30;1;69;69264;2;3;1;1;Boulevard Général Leclerc;45,99841;4,70854
202300052038;9;5;2023;18:00;1;50;50388;1;3;2;3;Rue des Forges;49,00307;-1,45869
202300052039;29;10;2023;08:02;1;54;54128;1;1;2;7;N4;48,65820109;5,8381176
202300052040;13;6;2023;10:10;1;2A;2A247;2;1;1;1;avenue george Pompidou;41,588875;9,284665
202300052041;1;12;2023;18:00;5;69;69388;2;1;2;3;Avenue Général Frère;45,72658;4,88586
202300052042;27;9;2023;12:15;1;69;69029;2;3;1;6;Rue Guillermin;45,7465702;4,92518159
202300052043;16;7;2023;05:55;2;77;77122;1;1;1;7;RN104;48,645664;2,55159
202300052044;29;10;2023;18:28;3;50;50215;1;1;1;2;D650;49,088363;-1,59938
202300052045;20;8;2023;17:10;1;69;69264;2;2;1;3;Boulevard Général Leclerc;45,99842;4,70852
202300052046;4;1;2023;13:36;1;93;93078;2;6;1;2;Avenue Georges Clémenceau / Boulevard Robert Ballanger;48,96052;2,55615
202300052047;17;2;2023;15:10;1;81;81120;1;1;1;1;N112;43,5577433;2,2785555
202300052048;30;3;2023;09:30;1;91;91326;2;1;1;6;MONTTESSUY (RUE DE);48,688;2,385
202300052049;9;5;2023;18:30;1;50;50568;1;2;1;7;D73 D235;49,001422;-1,443157
202300052050;9;6;2023;13:00;1;66;66133;1;2;1;3;;42,572124;2,972671
202300052051;1;12;2023;15:55;1;972;97213;2;1;1;3;Z I LES MANGLES;14,6225;-61,015
202300052052;29;10;2023;08:30;2;45;45035;2;1;3;6;Rue du Chesnoy;48,0378683;2,38591969
202300052053;27;9;2023;08:44;1;69;69286;1;6;1;3;Chemin du Champ du Roy;45,8297;4,9075
202300052054;30;4;2023;08:00;1;43;43020;2;1;1;6;Pont de Bas en Basset;45,295939;4,117143
202300052055;4;1;2023;17:50;5;93;93033;2;2;2;3;Avenue Aristide Briand / Rue des Rosiers;48,85546;2,57595
202300052056;24;8;2023;16:50;1;69;69259;2;3;1;3;Rue Marius Martin;45,70761;4,86888
202300052057;16;2;2023;15:15;1;44;44047;2;3;1;3;21 Rue Fernand Doceul;47,2209344;-1,72114134
202300052058;13;6;2023;08:50;1;34;34022;1;1;1;3;8 Rue du Mas de la Treille;43,65543;4,0028
202300052059;28;10;2023;20:15;3;43;43025;1;1;6;6;RD 461;45,254309;4,122335
202300052060;9;5;2023;09:39;1;64;64001;1;4;1;1;D 311;43,288093;-0,074978
202300052061;23;8;2023;17:40;2;69;69259;2;1;1;6;Rue de l'Industrie;45,70894;4,88255
202300052062;15;7;2023;09:35;1;85;85191;2;1;8;6;Rue françois cevert;46,697797;-1,426615
202300052063;26;9;2023;13:10;1;67;67482;2;9;1;3;ARTHUR RIMBAUD (RUE);48,59;7,713
202300052064;4;1;2023;16:50;5;93;93048;2;3;2;6;Boulevard Aristide Briand / Rue Charles Delescluze;48,87729336;2,45679778
202300052065;30;3;2023;16:57;1;90;90001;2;1;1;2;Rue des Prés;47,606962;6,861964
202300052066;1;12;2023;10:15;1;69;69384;2;1;2;4;Quai Joseph Gillet;45,7882;4,8186
202300052067;16;2;2023;21:25;5;33;33096;1;1;1;6;AUTOROUTE A 10;44,88991;-0,50317
202300052068;4;1;2023;06:57;5;93;93048;2;1;2;6;Rue Franklin;48,86152;2,44359
202300052069;11;3;2023;11:40;1;89;89387;2;1;1;6;HEROS (PLACE DES);48,198;3,29
202300052070;13;6;2023;07:40;1;84;84132;1;2;1;3;Route de Fontaine de Vaucluse;43,902995;5,01072
202300052071;23;8;2023;12:00;1;69;69029;2;3;1;2;Rue Lionel Terray;45,72958;4,89398
202300052072;15;7;2023;16:25;1;79;79300;2;1;1;6;N/A;46,9981;-0,20891
202300052073;27;9;2023;12:50;1;64;64545;2;3;1;3;PAUL GELOS (RUE);43,37795;-1,67236
202300052074;1;5;2023;14:36;1;53;53135;1;2;1;3;D153;47,916213;-1,001242
202300052075;1;12;2023;06:00;2;971;97113;2;6;1;6;RN4 - SECTION RIVIERA;16,21347268;-61,47770047
202300052076;28;10;2023;13:30;1;43;43244;1;3;1;3;Route de Saint-Etienne;45,139882;4,294906
202300052077;16;2;2023;17:50;1;33;33550;1;1;1;5;ROCADE A 630;44,78265;-0,58633
202300052078;3;1;2023;16:30;1;92;92073;2;1;1;3;JAURES (AVENUE JEAN);48,86274;2,21028
202300052079;23;8;2023;11:40;1;64;64122;2;9;1;6;REPTOU (RUE DU);43,47243;-1,55587
202300052080;12;6;2023;20:00;1;57;57058;2;3;1;6;Rue des Roses;49,167963;6,933371
202300052081;27;9;2023;19:44;1;64;64269;1;9;1;6;CAM MARTY DE;43,29468;-0,32408
202300052082;4;1;2023;12:45;1;92;92064;2;1;2;7;ANDRE CHEVRILLON;48,8477;2,22039
202300052083;15;7;2023;06:51;2;94;94022;1;1;2;2;A86;48,77312;2,40147
202300052084;28;10;2023;14:30;1;36;36088;2;1;8;3;Rue de Lattre de Tassigny;46,955916;2,004533
202300052085;3;5;2023;15:20;1;27;27135;1;2;1;1;D24;49,183101;0,972497
202300052086;30;11;2023;18:30;4;971;97101;2;9;1;2;BOISRIPEAUX;16,27762045;-61,49990916
202300052087;12;6;2023;19:40;1;3;3139;1;1;2;6;departementale 7;46,012403;3,725266
202300052088;27;3;2023;19:13;1;87;87085;2;1;1;4;PORT DU NAVEIX (RUE DU);45,83732;1,28017
202300052089;18;8;2023;19:15;1;64;64122;2;3;1;3;HELIANTHE );43,47841952;-1,56491071
202300052090;16;2;2023;17:50;1;33;33192;1;1;1;3;ROCADE A 630;44,78929;-0,61948
202300052091;4;1;2023;19:25;5;92;92020;2;1;2;7;PARIS AVENUE DE N°2 A82;48,80411789;2,28878152
202300052092;22;9;2023;14:40;1;64;64445;2;2;2;3;CASTETNAU;43,30039;-0,36501
202300052093;29;10;2023;01:42;3;7;7240;1;1;1;7;Route Departementale 86, PK63;44,857816;4,83201
202300052094;11;6;2023;11:20;1;7;7107;2;1;1;6;165 Allee Marie Sauzee;44,636613;4,259305
202300052095;26;3;2023;16:10;1;83;83061;1;1;1;6;RN7;43,50166;6,79371
202300052096;16;2;2023;10:30;1;94;94034;1;1;1;6;A86;48,76101392;2,31812717
202300052097;9;5;2023;18:52;1;30;30228;1;1;2;1;D418;43,930029;4,319301
202300052098;14;7;2023;00:40;5;77;77373;2;3;1;6;AV DU DUC DE DANTZIG;48,806292;2,616563
202300052099;1;12;2023;19:08;5;2A;2A004;2;1;1;4;T22;41,95;8,769
202300052100;21;8;2023;11:20;1;64;64122;2;1;1;6;VIERGE (ESPLANADE DE LA);43,48336;-1,56825
202300052101;27;9;2023;04:05;3;61;61397;2;1;5;6;D30 PR0+220;48,4215;0,07936
202300052102;3;1;2023;18:45;5;92;92036;2;1;1;6;LUCIEN LANTERNIER (AVENUE) (19/65);48,931776;2,289134
202300052103;9;5;2023;12:01;1;52;52398;1;1;2;7;route départementale 16;48,401516;5,23638086
202300052104;29;3;2023;16:40;1;78;78551;2;1;1;6;MARCHE NEUF (PLACE DU);48,89827;2,08924
202300052105;23;8;2023;05:45;3;64;64024;2;1;1;7;PEE (ROUTE DE SAINT);43,45622;-1,50812
202300052106;1;12;2023;20:30;5;95;95680;2;9;1;6;D316C2;49,003485;2,384566
202300052107;15;2;2023;18:10;2;93;93007;1;1;1;3;AUTOROUTE A3;48,93614;2,48024
202300052108;12;6;2023;07:27;2;1;1405;1;3;1;2;D1083;46,118895;5,154661
202300052109;4;1;2023;08:35;1;92;92026;2;1;1;3;SAINT-DENIS BD DE (01 A 197 / 02 A 118);48,89811;2,26384
202300052110;27;9;2023;11:11;1;58;58194;2;1;1;3;REPUBLIQUE (BOULEVARD);46,99088;3,16969
202300052111;28;10;2023;15:35;1;53;53219;2;1;3;5;RN12;48,31022;-0,69458
202300052112;13;7;2023;16:00;1;77;77131;2;2;1;6;8 MAI 1945 (PLACE DU);48,80787;3,08269
202300052113;24;8;2023;12:15;1;63;63113;2;9;1;6;DELILLE (PLACE);45,78003;3,09131
202300052114;9;5;2023;09:10;1;26;26088;1;9;1;7;A49 - BIF7.3;45,025555;5,080962
202300052115;15;2;2023;10:20;1;93;93007;1;1;1;2;AUTOROUTE A3;48,93362;2,48067
202300052116;1;12;2023;18:50;5;91;91552;2;6;1;6;RUE D'AULNAY;48,59468;2,26423
202300052117;5;6;2023;08:50;2;44;44026;2;1;1;3;Avenue Syrma;47,27876;-1,474711
202300052118;27;10;2023;19:40;3;40;40014;1;1;2;6;D9;44,0755;-0,372162
202300052119;4;1;2023;14:00;1;37;37153;1;1;2;6;RD910;47,484765;0,76892
202300052120;9;5;2023;06:00;2;49;49377;1;1;3;6;a11;47,51907615;-0,42970866
202300052121;12;7;2023;22:30;5;93;93048;2;1;1;7;Boulevard Rouget de Lisle;48,86176;2,44097
202300052122;26;9;2023;17:55;1;56;56121;2;3;1;3;LAGRANGE (RUE  LEO );47,76169;-3,37655
202300052123;23;8;2023;12:04;1;63;63113;2;1;1;7;CARNOT (AVENUE);45,7763;3,0914
202300052124;12;6;2023;16:45;1;29;29247;2;1;1;6;Allée du Bois;47,928196;-4,014551
202300052125;30;11;2023;13:30;1;91;91103;2;6;1;3;AV DE LA COMMUNE DE PARIS;48,588326;2,301336
202300052126;27;10;2023;09:30;1;87;87047;1;1;2;7;Route d?Angelard;45,983589;1,295614
202300052127;3;1;2023;08:00;3;79;79057;1;1;5;6;N/A;46,124147;-0,208955
202300052128;10;6;2023;17:21;1;54;54027;1;1;1;6;Autoroute A 31;48,880638;6,096365
202300052129;16;2;2023;09:50;1;94;94073;1;1;1;5;A86;48,77093879;2,38756083
202300052130;22;8;2023;20:30;1;62;62427;1;1;1;2;D47;50,38355615;2,99430907
202300052131;11;7;2023;19:20;5;974;97411;2;9;1;1;CAMELIAS (RUE DES);-20,89598;55,4637
202300052132;9;5;2023;17:40;1;6;6018;1;3;1;3;Route de Valbonne;43,639445;7,056323
202300052133;28;10;2023;01:30;3;987;98752;1;1;1;6;PK 42+600;-17,722;-149,399
202300052134;26;9;2023;10:05;1;54;54578;2;1;1;2;Boulevard des Aiguillettes;48,67266;6,15441
202300052135;3;1;2023;15:15;1;62;62166;1;1;1;6;D916;50,452476;2,385836
202300052136;1;12;2023;06:40;5;91;91589;2;3;1;3;AV DE L ARMEE LECLERC;48,687512;2,336514
202300052137;23;8;2023;11:39;1;62;62548;2;9;1;6;RUE HENRI RAVISSE;50,94104;1,93258
202300052138;30;3;2023;00:30;3;77;77445;2;1;1;1;MOULIN (AVENUE JEAN);48,601523;2,581
202300052139;9;6;2023;15:00;1;67;67482;1;1;1;2;M35;48,590829;7,733909
202300052140;13;3;2023;23:15;3;62;62826;1;1;1;3;Avenue François Godin;50,4899;1,60601
202300052141;15;2;2023;20:30;5;75;75118;2;1;1;2;PORTE DE SAINT OUEN;48,900616;2,330349
202300052142;26;9;2023;10:00;1;54;54304;2;1;1;2;Avenue de la Résistance;48,69483648;6,12619758
202300052143;5;1;2023;09:54;1;83;83073;2;1;1;6;Dn7;43,393697;6,323555
202300052144;27;10;2023;18:00;1;24;24450;1;1;2;1;Route du Riol;44,747998;1,254684
202300052145;9;5;2023;14:45;1;77;77071;1;1;2;2;Autoroute A6, PK 84+300, sens PARIS-LYON;48,193785;2,81235
202300052146;24;8;2023;20:30;5;59;59527;2;1;1;6;LECLERC RUE DU GENERAL;50,66124;3,05026
202300052147;10;6;2023;17:10;1;59;59609;1;1;1;2;AUTOROUTE A1;50,5708;3,0781
202300052148;7;7;2023;19:30;1;89;89387;2;1;7;6;LEPELLETIER DE SAINT FARGEAU (RUE);48,19808;3,272213
202300052149;1;12;2023;14:10;1;84;84035;1;9;2;5;ROBION-RD2 (ROUTE DE);43,843105;5,075533
202300052150;26;9;2023;17:45;1;54;54483;2;1;1;2;Rue Anatole France;48,632138;6,305999
202300052151;4;1;2023;19:00;3;82;82101;1;2;1;6;267 LIEU-DIT AU GOULAT;44,085759;0,985014
202300052152;15;2;2023;11:45;1;75;75117;2;1;1;2;PORTE DE CHAMPERRET;48,887035;2,29029
202300052153;22;8;2023;10:20;1;57;57672;2;1;1;6;LIBERATION (ALLEE DE LA) - PAIR;49,36525;6,15188
202300052154;8;5;2023;11:45;1;78;78410;1;4;1;7;route departementale 37;49,075658;1,630896
202300052155;7;6;2023;19:45;1;59;59378;1;1;1;6;AUTOROUTE A22;50,69693344;3,11408091
202300052156;1;12;2023;19:55;5;83;83137;2;1;2;6;LACROIX (RUE DU LIEUTENANT HENRI);43,10853;5,9353
202300052157;15;7;2023;18:30;3;974;97416;1;1;2;6;RN3 (3);-21,31033;55,49707
202300052158;25;10;2023;21:00;3;78;78189;1;1;2;7;Route départementale;48,887107;1,901639
202300052159;26;9;2023;08:20;1;52;52121;2;1;1;6;REPUBLIQUE (AVENUE);48,10467057;5,14286757
202300052160;5;1;2023;13:25;1;47;47043;1;1;1;4;Route de Vianne;44,244753;0,315621
202300052161;12;6;2023;17:31;1;91;91174;1;1;1;6;RN 104;48,623195;2,466611
202300052162;14;2;2023;21:15;1;75;75113;2;1;1;3;PORTE D IVRY;48,820798;2,376664
202300052163;15;7;2023;23:20;3;974;97416;1;1;3;7;RN1;-21,32405;55,44682
202300052164;23;8;2023;11:30;1;54;54395;2;2;1;3;Rue Henri Déglin;48,70149;6,18128
202300052165;27;9;2023;12:10;1;51;51454;2;1;1;6;LOUVOIS (RUE DE) DU N°140 A FIN ET DU N°;49,22877;4,03712
202300052166;9;5;2023;17:15;1;2B;2B313;2;1;1;2;RT10 Moriani Plage;42,3668;9,529604
202300052167;1;12;2023;18:15;5;82;82033;2;2;1;3;Route Quercy-Gascogne;44,05914;1,10228
202300052168;12;6;2023;16:46;1;92;92064;1;1;1;2;A13;48,83936013;2,21689418
202300052169;4;1;2023;16:20;1;25;25262;1;1;1;1;D461;47,13649;6,615572
202300052170;26;9;2023;15:50;1;50;50129;2;3;1;6;LANSONNEUR (RUE LOUIS);49,62042;-1,62687
202300052171;15;2;2023;18:00;1;75;75120;2;2;1;3;RUE DE LA BIDASSOA;48,865776;2,394371
202300052172;15;7;2023;20:15;5;974;97416;2;2;2;3;BOEUF(CHEMIN);-21,28952;55,4646
202300052173;30;3;2023;08:50;1;77;77186;1;2;1;5;RD606. de la rochette à l'obélisque;48,48112;2,66907
202300052174;30;11;2023;07:15;2;80;80021;2;2;1;3;SAINT MAURICE (RUE);49,90418;2,28811
202300052175;24;8;2023;18:31;2;54;54149;2;1;2;1;D521;49,42816;5,93155
202300052176;12;6;2023;09:20;1;92;92048;1;1;1;2;N118;48,80998652;2,21231344
202300052177;6;5;2023;13:00;1;66;66065;2;3;1;3;N/A;42,598207;2,97597
202300052178;26;9;2023;19:05;1;50;50129;2;6;1;3;BRECOURT (rond point de );49,65379;-1,67616
202300052179;23;8;2023;16:36;1;54;54382;1;9;1;6;Avenue de l’Europe;49,541781;5,797223
202300052180;30;3;2023;11:00;1;69;69266;2;1;1;3;138 Cours Emile Zola;45,77006;4,8765
202300052181;15;2;2023;16:00;1;75;75119;2;1;1;2;RUE DES FETES;48,876138;2,392052
202300052182;5;1;2023;17:00;1;44;44131;2;1;8;3;19 Rue Charles de Foucauld;47,11377;-2,131134
202300052183;12;6;2023;06:40;1;78;78402;1;1;1;6;A13;48,96518;1,763334
202300052184;15;7;2023;07:22;1;974;97416;1;1;2;2;RN03;-21,3183;55,4898
202300052185;9;5;2023;17:30;1;83;83001;1;1;1;1;D37;43,553987;6,795924
202300052186;1;12;2023;18:05;5;79;79259;2;2;1;2;N/A;46,96389;-0,21008
202300052187;26;9;2023;18:56;1;49;49353;2;1;1;3;REPUBLIQUE AVENUE;47,44751;-0,50025
202300052188;24;8;2023;13:20;1;51;51454;2;1;8;6;LECOINTE (RUE SADI);49,25678;4,06405
202300052189;10;6;2023;07:30;1;75;75116;1;1;1;3;A13Y;48,848364;2,247631
202300052190;15;2;2023;09:15;1;75;75119;2;1;1;3;BOULEVARD SERURIER;48,878563;2,402539
202300052191;29;3;2023;12:30;1;64;64140;2;3;1;3;MOULIN D'HUREOUS (RUE DU);43,53239;-1,47226
202300052192;15;7;2023;19:15;3;974;97411;1;9;1;2;LITTORAL (ROUTE 1 DU);-20,87418371;55,42956591
202300052193;9;5;2023;21:10;5;4;4143;2;1;1;6;18 Avenue Charles Richaud;43,920826;5,91676
202300052194;1;12;2023;19:57;5;78;78440;2;1;1;4;MARECHAL FOCH (AVENUE DU);48,985525;1,894033
202300052195;5;1;2023;14:15;1;38;38065;1;1;8;5;D520;45,448842;5,400209
202300052196;26;9;2023;11:35;1;49;49353;2;1;1;7;JEAN JAURES RUE;47,44231;-0,49428
202300052197;24;8;2023;09:30;1;51;51454;2;2;1;6;TALLEYRAND (RUE);49,25423;4,03029
202300052198;9;5;2023;07:00;4;42;42168;2;1;1;6;Route de Maclas;45,406164;4,682161
202300052199;15;2;2023;18:30;5;75;75118;2;3;8;6;RUE DES POISSONNIERS;48,894231;2,352881
202300052200;1;12;2023;15:35;1;78;78401;2;1;1;6;ALBERT JOZON (RUE);49,00535;1,90659
202300052201;9;6;2023;08:00;1;78;78322;1;1;1;4;RN12 EXT;48,78315;2,159296
202300052202;29;3;2023;14:33;1;63;63113;2;2;1;3;Av République / Catarou;45,78757;3,10575
202300052203;27;9;2023;20:20;4;47;47001;2;1;1;6;BRU (AVENUE DU DOCTEUR JEAN);44,19362;0,61887
202300052204;15;7;2023;09:00;1;974;97411;2;9;1;3;VICTOIRE (AVENUE DE LA);-20,87662;55,44786
202300052205;4;1;2023;01:50;3;14;14249;1;1;6;6;D8;49,121074;-0,468678
202300052206;23;8;2023;11:10;1;51;51454;2;6;1;3;rue Saint-Léonard;49,24058;4,04506