Num_Acc;jour;mois;an;hrmn;lum;dep;com;agg;int;atm;col;adr;lat;long
202300052207;14;2;2023;12:48;1;75;75106;2;3;1;6;BOULEVARD DU MONTPARNASSE;48,840585;2,3337
202300052208;30;4;2023;14:15;1;38;38557;1;1;1;1;Rue des Marais;45,785662;5,078033
202300052209;1;12;2023;20:18;3;77;77350;1;1;1;7;D471;48,781218;2,709808
202300052210;9;6;2023;18:00;1;93;93066;1;1;1;2;AUTOROUTE A1;48,90397188;2,35851769
202300052211;30;3;2023;13:45;1;62;62498;2;1;1;3;Rue Jean Letienne;50,42793356;2,82697964
202300052212;5;1;2023;16:15;2;60;60155;1;1;2;1;D929;49,28570389;2,35879654
202300052213;26;9;2023;18:40;1;44;44184;2;4;1;1;13 Rue Ambroise Paré;47,26017;-2,23624
202300052214;23;8;2023;08:07;1;50;50129;1;6;7;3;BATE (ROND POINT);49,63686;-1,55008
202300052215;15;7;2023;18:10;1;973;97302;2;1;1;3;MADELEINE (ROUTE DE LA);4,92539794;-52,3225379
202300052216;1;1;2023;22:40;3;16;16075;1;1;2;6;D7;45,512719;0,037535
202300052217;30;3;2023;23:55;5;61;61143;2;6;3;7;Route d'Ecouves;48,454253;0,084609
202300052218;9;6;2023;17:45;1;95;95527;1;1;1;2;A1;48,99286381;2,51394314
202300052219;15;2;2023;10:30;1;75;75110;2;1;1;2;RUE DU FAUBOURG SAINT MARTIN;48,883078;2,367624
202300052220;14;11;2023;18:40;5;76;76540;2;6;1;6;Boulevard Gambetta;49,44186989;1,11266371
202300052221;23;8;2023;18:40;1;49;49007;2;1;1;6;auriol;47,49319;-0,56545
202300052222;24;9;2023;16:45;1;42;42186;2;1;1;3;Rue Edouard Vaillant;45,52024;4,59582
202300052223;11;6;2023;17:00;1;69;69264;2;1;1;6;Rue du Garet;45,99796;4,72077
202300052224;1;12;2023;11:10;1;76;76575;1;1;1;2;D18 E;49,36674;1,09268
202300052225;29;3;2023;17:50;1;60;60057;2;2;1;3;Avenue de l'Europe;49,4382;2,0767
202300052226;5;1;2023;12:30;1;40;40282;2;3;1;2;Route de Mont-de-marsan;43,77293;-0,568816
202300052227;10;5;2023;17:40;1;38;38158;2;3;1;3;rue mendès france;45,152116;5,747775
202300052228;19;8;2023;19:00;1;47;47323;2;1;1;6;SILOS (RUE DES);44,40158614;0,70355001
202300052229;15;7;2023;02:50;5;69;69387;2;3;1;1;Avenue Berthelot;45,748;4,83306
202300052230;27;9;2023;15:25;1;37;37233;2;1;1;6;REPUBLIQUE (AVENUE DE LA);47,3897;0,72352
202300052231;15;2;2023;06:30;5;75;75110;2;4;1;3;RUE DU FAUBOURG SAINT MARTIN;48,878904;2,362294
202300052232;23;3;2023;07:00;1;2A;2A271;1;1;1;3;T20;41,969236;8,817553
202300052233;30;11;2023;14:25;1;76;76296;1;1;1;1;LIBERATION (RUE DE LA );49,51769568;0,25179505
202300052234;30;3;2023;14:00;1;59;59512;2;1;2;3;MOTTE (AVENUE ALFRED);50,67480526;3,19463968
202300052235;9;5;2023;17:15;1;7;7324;2;1;2;7;avenue de nimes;45,056721;4,839896
202300052236;5;1;2023;09:17;1;40;40212;1;2;8;3;D817;43,557463;-1,14595
202300052237;11;6;2023;11:00;1;974;97416;1;1;1;7;RN1 (ROUTE NATIONALE);-21,32009429;55,4460454
202300052238;24;8;2023;09:00;1;30;30243;2;3;1;3;avenue jean moulin;44,0833;4,077
202300052239;14;7;2023;23:11;5;972;97213;1;1;1;3;ROUTE DEPARTEMENTALE 14;14,62379961;-61,01872344
202300052240;27;9;2023;12:15;1;35;35278;2;3;1;3;MILON (RUE A);48,15436;-1,68382
202300052241;1;12;2023;18:25;5;74;74118;2;5;3;3;DEPORTES (ROUTE DES );46,18139;6,22996
202300052242;30;3;2023;12:40;1;59;59350;2;3;1;3;MATHIAS FERDINAND RUE;50,62208;3,10082
202300052243;2;5;2023;14:45;1;7;7264;2;1;1;1;175 Avenue de Provence;44,323729;4,616044
202300052244;15;2;2023;12:00;1;75;75109;2;3;1;3;RUE LA BRUYERE;48,879744;2,332838
202300052245;5;1;2023;08:00;3;27;27105;1;1;2;2;D438;49,315751;0,895214
202300052246;11;6;2023;14:00;1;974;97407;2;1;1;1;JACQUES DUCLOS (RUE) - RIVIERE DES GAL  ;-20,96209;55,31791
202300052247;1;12;2023;13:30;1;72;72181;1;9;1;6;PREMIERE DIVISION FRANCAISE (BD);48,02188845;0,22904634
202300052248;23;8;2023;11:00;1;29;29151;2;3;1;3;Rue de Brest;48,57134;-3,83704
202300052249;15;7;2023;10:35;1;972;97209;2;1;1;2;ENTRAIDE (ROUTE DE L');14,60620365;-61,06270373
202300052250;23;3;2023;09:00;1;59;59328;2;3;8;6;LILLE RUE DE;50,64825066;3,04466421
202300052251;24;9;2023;15:40;1;34;34301;2;1;1;6;AVENUE DES EAUX BLANCHES;43,41754;3,71209
202300052252;5;1;2023;08:45;1;6;6018;1;1;1;2;Route des Dolines;43,621864;7,058533
202300052253;11;6;2023;14:40;1;973;97302;2;1;8;3;RABAN (ROUTE DE);4,93442973;-52,31385988
202300052254;30;11;2023;17:45;5;72;72181;2;9;2;3;HEUZE OLIVIER (AV) N° IMP DE 1 A 239;47,993092;0,174764
202300052255;15;2;2023;19:05;2;75;75108;2;3;1;6;RUE DE LA VILLE L EVEQUE;48,87192;2,318694
202300052256;10;5;2023;07:30;1;1;1390;1;2;1;3;Route de Ricoty;45,820773;5,243939
202300052257;29;3;2023;11:35;1;49;49007;2;2;8;1;DUNANT BOULEVARD;47,48282;-0,52236
202300052258;18;8;2023;17:20;1;29;29019;2;6;1;2;rue de Gouesnou;48,409084;-4,468101
202300052259;27;9;2023;13:00;1;31;31555;2;1;1;3;RTE DE SAINT SIMON;43,578052;1,390456
202300052260;15;7;2023;06:05;1;69;69149;2;3;1;1;Rue Marx Dormoy;45,70855663;4,81413803
202300052261;4;1;2023;13:40;1;49;49306;1;1;2;2;Saint-Léger-de-Linières;47,44079101;-0,75466636
202300052262;11;6;2023;18:55;1;69;69383;2;2;1;3;Cours Docteur Long;45,74991;4,88573
202300052263;9;5;2023;22:15;3;85;85189;1;1;1;6;1985 Route de challans;46,769108;-1,874212
202300052264;30;3;2023;17:00;1;47;47001;2;1;1;3;GAILLARD (AV. ET PONT DE);44,22207;0,6316
202300052265;2;12;2023;00:15;5;69;69275;1;1;2;1;Rue Elisée Reclus;45,75615;4,95431
202300052266;4;1;2023;15:40;1;51;51515;1;1;2;7;A4;49,036011;4,613485
202300052267;14;2;2023;13:00;1;75;75108;2;2;1;3;RUE DE COURCELLES;48,876373;2,307912
202300052268;22;8;2023;10:01;1;14;14366;2;3;1;6;103 Avenue du 6 Juin;49,141538;0,213603
202300052269;23;9;2023;17:30;1;31;31555;2;9;1;3;AV PAUL SEJOURNE;43,605826;1,42813951
202300052270;15;7;2023;10:20;1;971;97101;2;6;1;6;ROND POINT IGNACE;16,2430101;-61,53085113
202300052271;30;3;2023;07:50;1;44;44143;2;1;1;6;Boulevard du Général de Gaulle;47,192421;-1,5547733
202300052272;11;6;2023;16:45;1;69;69383;2;1;1;6;134 Avenue Lacassagne;45,74658;4,88526
202300052273;1;12;2023;17:10;2;69;69266;2;1;2;2;60 Rue Lucette et René Desgrand;45,78558;4,90454
202300052274;15;7;2023;01:30;5;971;97113;1;1;1;6;RN4 - SECTION RIVIERA;16,21793;-61,49851
202300052275;27;9;2023;07:45;1;31;31555;2;1;1;3;ETROITS (CHE DES) DU 1AU 159;43,566;1,43987
202300052276;9;5;2023;12:10;1;49;49194;1;2;8;3;Route de la Roche;47,472743;-0,282351
202300052277;5;1;2023;08:50;1;14;14269;1;1;2;5;459 Route de Blangy-le-Château;49,250479;0,226001
202300052278;1;12;2023;13:50;1;69;69264;2;6;2;7;Rue Francois Meunier Vial;45,99363;4,73438
202300052279;15;2;2023;07:30;2;75;75107;2;2;1;3;BOULEVARD RASPAIL;48,8545;2,325798
202300052280;24;8;2023;00:45;5;14;14118;2;8;1;3;30 Place de la Liberté;49,16143;-0,34232
202300052281;10;6;2023;21:20;4;972;97213;1;1;1;6;ROUTE DEPARTEMENTALE 3;14,63901;-60,99186
202300052282;9;5;2023;23:00;3;49;49138;1;1;1;7;D61;47,506918;-0,221518
202300052283;15;7;2023;18:35;1;2A;2A004;1;6;1;3;CAMPO DELL ORO RTE;41,927258;8,7787
202300052284;29;11;2023;16:00;2;69;69271;2;1;1;3;Chemin de Décines;45,74677817;4,97348123
202300052285;11;6;2023;19:57;1;69;69384;2;2;1;3;Rue Jean Jullien;45,78094;4,83659
202300052286;14;2;2023;13:52;1;75;75107;2;2;1;6;PONT DE L ALMA;48,862433;2,301587
202300052287;24;8;2023;08:15;1;13;13117;1;4;1;2;CD20 E;43,42435;5,23948
202300052288;29;3;2023;20:00;1;37;37261;2;2;1;3;VAILLANT (RUE EDOUARD);47,38075;0,70746
202300052289;9;5;2023;16:50;1;50;50492;1;3;1;3;lieu-dit Vaulaville - Précorbin;49,074681;-0,984843
202300052290;2;1;2023;18:31;3;45;45093;1;1;2;2;A10 PR 82 + 782;48,041166;1,840411
202300052291;1;12;2023;17:10;5;67;67482;2;3;2;6;LOUIS PASTEUR (QUAI);48,5744;7,73826
202300052292;15;7;2023;21:54;1;95;95585;2;6;1;3;D125;48,98848777;2,37789631
202300052293;11;6;2023;13:35;1;69;69382;2;2;1;3;Rue de la Charité;45,75464;4,83245
202300052294;14;2;2023;12:34;1;75;75103;2;4;1;3;RUE DU TEMPLE;48,866711;2,361778
202300052295;30;3;2023;12:45;1;35;35115;2;1;2;2;COINTAT (BD MICHEL);48,34455;-1,17907
202300052296;19;8;2023;18:40;1;13;13213;2;1;1;6;PEYPIN (RUE DE);43,32644;5,4215
202300052297;1;12;2023;08:10;1;66;66136;1;1;1;2;Départementale  617;42,70282;2,9411
202300052298;27;9;2023;08:00;1;18;18205;1;1;1;5;N/A;47,08909;2,34965
202300052299;29;3;2023;16:50;1;34;34172;2;6;1;7;646 Rue des Quatre Vents;43,64488;3,85263
202300052300;11;6;2023;16:30;1;2A;2A004;2;3;1;3;PRINCE IMPERIAL COURS;41,9341;8,75074
202300052301;15;7;2023;20:55;1;91;91589;2;1;1;1;PL DE LA GARE;48,67668;2,3523
202300052302;23;8;2023;09:20;1;12;12089;2;1;1;1;ALFARIC PROSPER (AVENUE);44,57324;2,25335
202300052303;30;11;2023;17:15;1;66;66136;2;1;1;3;Avenue Paul Gauguin;42,71517;2,89395
202300052304;15;2;2023;15:45;1;94;94081;2;2;1;6;Rue Verte / Avenue du Colonel Fabien;48,78255;2,38087
202300052305;8;5;2023;14:16;1;13;13215;1;1;1;3;A7-Sens Lyon vers Marseille;43,3634;5,3608
202300052306;4;1;2023;14:00;1;988;98832;1;1;3;1;RP3;-22,15246;166,83146
202300052307;26;9;2023;22:46;3;18;18033;1;1;1;3;N/A;47,04028;2,35302
202300052308;30;3;2023;09:50;1;31;31555;2;1;1;6;RUE ERNEST RENAN;43,63514595;1,44382507
202300052309;1;12;2023;19:19;5;65;65440;2;1;3;6;LACAUSSADE (BOULEVARD);43,23569;0,05495
202300052310;11;6;2023;16:25;1;95;95555;2;1;2;2;D14;48,9628049;2,29210317
202300052311;23;8;2023;17:10;1;9;9225;2;1;1;6;CAPITAINE TOURNISSA AVENUE DU;43,10765;1,62306
202300052312;15;2;2023;13:02;1;94;94081;2;2;1;3;Avenue Youri Gagarine / Rue de la Petite Saussaie;48,78611;2,39184
202300052313;4;1;2023;08:20;1;988;98833;1;1;1;7;RPN3;-21,414549;165,824085
202300052314;15;7;2023;20:20;1;78;78238;1;1;1;2;CD 14;48,97268;1,87871
202300052315;30;3;2023;00:39;3;31;31555;1;1;1;6;VA007644 EMPALOT A620 Sortie 24;43,575;1,44084
202300052316;11;6;2023;02:29;5;91;91589;2;1;1;7;AV GABRIEL PERI;48,69003;2,35279
202300052317;27;9;2023;20:30;4;17;17415;2;1;1;3;CASTAGNARY ALLEE;45,741237;-0,639465
202300052318;15;2;2023;18:20;2;94;94078;2;1;1;6;Av du Pdt J Fitzgerald Kennedy;48,734468;2,463681
202300052319;19;8;2023;14:20;1;7;7281;1;1;1;7;C.D.533;44,92784;4,79947
202300052320;15;7;2023;17:45;1;77;77083;1;6;1;6;VC;48,85112582;2,59281627
202300052321;30;11;2023;07:45;3;65;65286;1;3;2;3;N21 route de Tarbes;43,11603;-0,03287
202300052322;30;3;2023;06:20;5;31;31483;2;1;1;6;FOCH (AVENUE DU MARECHAL);43,10457;0,713097
202300052323;10;6;2023;14:41;1;74;74218;1;1;1;6;BENNAZ (RUE DE LA);46,3783;6,54562
202300052324;5;1;2023;06:10;3;971;97114;1;1;1;5;Christophe Ouest;16,110761;-61,573241
202300052325;27;9;2023;20:12;5;17;17300;2;1;1;3;MONGE   RUE GASPARD;46,154;-1,118
202300052326;14;2;2023;22:30;5;94;94074;2;1;1;3;Avenue Henri Barbusse;48,76218755;2,44248444
202300052327;16;7;2023;00:50;5;69;69259;2;1;3;3;Boulevard Irène Joliot Curie;45,71922;4,8755
202300052328;11;6;2023;02:20;5;69;69266;2;1;1;6;Avenue Roger Salengro;45,78062;4,8838
202300052329;11;8;2023;20:15;1;6;6069;2;1;1;3;CHENES (CHEMIN DES);43,64115;6,91501
202300052330;28;3;2023;12:00;1;30;30007;2;3;1;3;N/A;44,10101;4,07131
202300052331;27;9;2023;21:50;5;13;13211;1;1;1;6;RTE D' ALLAUCH;43,31096;5,49994
202300052332;15;2;2023;00:46;3;94;94042;2;2;1;6;Quai du Barrage;48,817655;2,468334
202300052333;1;12;2023;17:56;5;63;63300;2;1;2;4;ROCADE RD 446;45,90301;3,10019
202300052334;3;1;2023;17:40;5;21;21515;2;1;2;6;Avenue de Bourgogne;47,310664;5,106116
202300052335;9;6;2023;19:25;2;69;69199;2;3;1;6;57 Avenue Jean Jaurès;45,71097;4,8551
202300052336;15;7;2023;19:05;1;65;65440;2;2;8;3;Boulevard Lacaussade;43,23155;0,05468
202300052337;24;8;2023;16:30;1;6;6004;2;2;1;3;GREC AV.JULES;43,588398;7,1186
202300052338;29;3;2023;10:05;1;29;29019;2;2;1;3;rue du Guelmeur;48,39287;-4,46212
202300052339;27;9;2023;17:30;1;13;13210;2;1;1;3;PAUL CLAUDEL (BOULEVARD);43,26867;5,41965
202300052340;1;12;2023;14:05;1;62;62040;2;9;1;3;Avenue Georges Brassens;50,73694;2,28077
202300052341;14;2;2023;15:30;1;94;94028;1;3;1;2;Avenue du Maréchal Foch / A86;48,77795;2,43841
202300052342;15;7;2023;23:55;5;64;64024;2;1;1;7;BAYONNE (AVENUE DE);43,48229;-1,50706
202300052343;4;1;2023;23:50;3;29;29071;1;1;2;1;D222;47,931699;-3,432133
202300052344;24;11;2023;13:40;1;62;62427;2;9;8;7;Boulevard Ferdinand de Lesseps;50,40753507;2,95495087
202300052345;13;2;2023;17:50;1;94;94022;2;1;1;1;Avenue de Lugo;48,77255;2,40942
202300052346;27;9;2023;17:40;1;13;13204;2;1;1;6;SEBASTOPOL (PLACE);43,29884;5,39811
202300052347;15;7;2023;16:10;1;64;64102;2;1;2;6;GENIE (PONT DU);43,48788;-1,47479
202300052348;29;3;2023;08:25;1;29;29019;2;2;1;3;boulevard de l'Europe;48,416175;-4,468377
202300052349;24;8;2023;17:20;1;75;75119;2;1;1;2;PORTE D AUBERVILLIERS;48,900606;2,373933
202300052350;10;6;2023;16:25;1;65;65440;2;2;1;1;CARNOT (RUE);43,224035;0,069777
202300052351;5;1;2023;12:54;1;45;45051;1;1;2;1;D952 PK 36 + 55;47,83376659;2,36233431
202300052352;14;2;2023;18:35;5;94;94018;2;2;1;6;Rue des Bordeaux;48,82231;2,41065
202300052353;30;3;2023;13:45;1;28;28134;2;1;1;6;ITALIE (PLACE D');48,7368;1,34886
202300052354;22;9;2023;09:00;1;13;13210;2;3;1;3;PONT DE VIVAUX (BOULEVARD);43,28065;5,42077
202300052355;15;7;2023;12:13;1;61;61143;2;3;7;3;D204;48,44714;0,07784
202300052356;24;8;2023;17:05;1;75;75120;2;2;1;6;RUE DE MENILMONTANT;48,869124;2,39146
202300052357;24;3;2023;10:45;1;27;27681;2;6;1;6;MONT VERNON (ROND POINT);49,09713;1,48936
202300052358;15;2;2023;21:00;5;93;93066;2;1;1;3;Rue Danielle Casanova;48,929694;2,359609
202300052359;1;12;2023;18:00;5;59;59426;2;1;1;4;SCHUMAN (RUE ROBERT);50,74878;3,14437
202300052360;4;1;2023;14:35;1;77;77476;1;1;2;1;D401;49,041282;2,955884
202300052361;15;7;2023;16:04;1;59;59599;2;1;8;3;GAMBETTA (BOULEVARD);50,70941;3,1599
202300052362;26;9;2023;01:00;5;13;13202;2;2;1;7;MONTOLIEU (RUE);43,30316;5,37342
202300052363;15;2;2023;06:25;2;93;93066;2;1;1;3;Avenue du Président Wilson;48,91334908;2,35750213
202300052364;11;6;2023;18:20;1;49;49007;2;3;1;3;BEAUSSIER BOULEVARD;47,46933;-0,60216
202300052365;24;8;2023;14:50;1;75;75120;2;2;2;3;RUE DES PYRENEES;48,86323;2,39973
202300052366;15;7;2023;19:10;1;59;59350;2;1;1;6;JUSSIEU RUE;50,61733;3,06145
202300052367;1;12;2023;18:30;5;59;59650;2;1;1;5;Rue Vallon;50,70907;3,21932
202300052368;4;1;2023;09:00;2;95;95658;1;1;2;1;D14;49,07850905;1,9418174
202300052369;27;9;2023;18:25;1;13;13001;1;2;1;6;ST SIMON (CH DE);43,60293;5,42575
202300052370;15;2;2023;10:00;1;93;93050;2;2;1;3;Boulevard Louis Armand / Rue Louis Vannini;48,864901;2,520282
202300052371;9;6;2023;17:45;1;48;48095;1;1;3;1;RN 88 (ROUTE DU PUY);44,536735;3,53047907
202300052372;15;7;2023;11:40;1;56;56121;2;3;1;2;MULLER ( DU COLONEL JEAN );47,76811964;-3,40439736
202300052373;30;3;2023;21:30;5;25;25056;2;1;1;7;ARENES RUE D';47,23985;6,01939
202300052374;15;2;2023;12:10;1;93;93048;2;2;1;3;Avenue de la Résistance / Rue Hoche;48,86415;2,43597
202300052375;24;8;2023;10:20;1;75;75120;2;2;1;3;RUE DES PYRENEES;48,857634;2,403917
202300052376;4;1;2023;07:30;3;11;11099;1;1;5;7;;43,282392;2,359958
202300052377;15;7;2023;00:50;3;54;54528;2;1;1;6;Boulevard de Pinteville;48,67402;5,88333
202300052378;25;9;2023;09:15;1;12;12083;2;3;7;6;19 MARS 1962 (DU);44,52668;2,26816
202300052379;1;12;2023;21:45;5;59;59350;2;3;1;3;BERTEAUX MAURICE RUE;50,62226;3,09653
202300052380;11;6;2023;21:05;1;44;44184;2;2;1;3;82 Boulevard Pierre de Maupertuis;47,28072279;-2,22984776
202300052381;15;2;2023;14:30;1;93;93006;2;1;1;2;48bis Rue Charles Delescluze;48,86724725;2,42450505
202300052382;30;3;2023;13:35;1;21;21054;2;2;1;3;FERRY (BOULEVARD JULES);47,02379;4,844248
202300052383;11;6;2023;21:45;5;43;43157;2;1;3;7;Boulevard de Cluny;45,04926;3,89046
202300052384;17;6;2023;15:00;1;75;75120;2;3;1;1;RUE BELGRAND;48,864625;2,405648
202300052385;15;7;2023;22:40;3;54;54431;2;2;2;3;Rue Fabvier;48,90413;6,05236
202300052386;27;9;2023;06:46;2;6;6088;2;2;1;3;DIGUE DES FRANCAIS (TRAV. DE LA);43,67679;7,20141
202300052387;30;11;2023;17:15;2;57;57606;2;1;8;6;FOCH (RUE DU MARECHAL);49,103204;6,699693
202300052388;5;1;2023;16:00;1;6;6146;1;1;1;5;M2205;43,928777;7,180831
202300052389;15;2;2023;09:50;1;93;93031;2;1;1;6;Rue de la Bruyère;48,95937433;2,31798515
202300052390;15;7;2023;18:20;1;51;51454;2;9;2;6;DAUPHINOT (BOULEVARD);49,25885;4,05598
202300052391;28;3;2023;10:55;1;19;19031;2;6;1;3;COURBATERE (ROND-POINT ROGER);45,15888;1,51133
202300052392;26;9;2023;17:00;1;6;6123;2;1;1;6;PAGNOL MARCEL BOULEVARD;43,66803;7,18365
202300052393;5;1;2023;20:30;3;5;5119;1;1;1;1;RD 186 - lieu dit le chazaret;44,635269;6,624863
202300052394;30;11;2023;17:55;5;57;57332;2;7;1;6;Route départementale 603;49,12456;6,77342
202300052395;15;6;2023;17:20;1;75;75120;2;3;1;3;RUE DE BELLEVILLE;48,875313;2,393968
202300052396;15;2;2023;15:00;1;93;93014;2;3;1;3;Boulevard Gagarine / Avenue de l'Avenir;48,90485;2,5468
202300052397;11;6;2023;02:32;3;42;42184;2;1;1;1;Rue du Maréchal Foch;46,03958;4,01655
202300052398;29;3;2023;17:27;1;17;17306;2;1;1;3;ROCHEFORT (DE)  (AVENUE);45,63864;-1,02538
202300052399;15;7;2023;08:00;2;51;51172;2;6;2;3;FRATERNITE (PLACE);49,215;4,05
202300052400;4;1;2023;17:50;3;25;25047;1;1;1;5;D683;47,355611;6,37214
202300052401;27;9;2023;00:10;5;1;1283;2;1;1;6;BRILLAT SAVARIN;46,2505;5,64476
202300052402;24;11;2023;07:59;5;56;56260;2;3;8;3;Boulevard du Colonel Rémy;47,656475;-2,7823064
202300052403;11;6;2023;06:10;1;38;38185;1;9;1;6;A480;45,18113;5,70298
202300052404;15;2;2023;19:15;5;93;93057;2;3;1;3;Avenue de Rome / Allee de Luxembourg;48,91546785;2,49995425
202300052405;30;3;2023;16:45;1;13;13215;2;2;1;6;SAINT LOUIS (AVENUE DE);43,34759;5,35916
202300052406;14;7;2023;19:50;1;51;51454;2;2;1;1;ALBERT 1ER (BOULEVARD);49,27341;4,0149
202300052407;5;1;2023;11:40;1;7;7272;1;1;1;3;D579;44,52691475;4,41283464
202300052408;15;2;2023;17:49;5;93;93055;2;1;1;3;Avenue Jean Lolive;48,89465;2,42111
202300052409;11;6;2023;12:50;1;35;35238;2;1;1;6;SAINT-HELIER;48,1033;-1,66173
202300052410;27;9;2023;15:20;1;75;75112;2;1;1;2;ECHANGEUR BERCY;48,827141;2,39103
202300052411;1;12;2023;08:10;5;56;56121;2;6;2;3;CORNOUAILLES (ROND-POINT DE LA);47,7334;-3,3851
202300052412;15;7;2023;11:00;1;37;37195;2;1;1;7;SABLES (CHEMIN DES);47,37931;0,6546
202300052413;30;3;2023;10:15;1;13;13214;2;9;1;3;LAVOISIER (BOULEVARD);43,33879898;5,36950145
202300052414;4;1;2023;18:54;5;69;69116;2;6;1;6;Avenue de la Porte de Lyon;45,821416;4,766103
202300052415;14;2;2023;15:41;1;93;93001;2;1;1;6;..;48,90585084;2,36969055
202300052416;5;1;2023;18:00;3;33;33006;1;1;2;6;D255 PR 16+450;45,201378;-0,649089
202300052417;11;6;2023;01:35;5;35;35238;2;1;1;3;BOURGEOIS (BOULEVARD LEON);48,098962;-1,65338
202300052418;15;7;2023;19:45;1;34;34172;1;1;1;2;Boulevard Louis Blanc;43,61455455;3,88003059
202300052419;26;9;2023;21:13;5;75;75120;2;1;1;2;PORTE DE MONTREUIL;48,859033;2,41411
202300052420;29;3;2023;08:18;1;11;11069;2;2;1;3;N/A;43,21051;2,35783
202300052421;15;2;2023;16:30;1;92;92078;2;1;1;6;GALLIENI (BD) (153 ET 225);48,929239;2,331755
202300052422;30;11;2023;12:52;1;54;54304;2;2;1;3;Avenue de la Résistance;48,69503;6,12438
202300052423;5;1;2023;08:15;5;53;53168;2;1;8;6;16 Rue d'Anjou;47,985535;-0,782919
202300052424;14;7;2023;09:50;1;34;34003;1;1;1;2;RD612;43,300023;3,507437
202300052425;15;2;2023;09:20;1;92;92051;2;1;1;2;CHARLES DE GAULLE (AVENUE, N°27 A 129);48,87868047;2,27900594
202300052426;30;3;2023;13:30;1;6;6069;2;1;1;1;MASSEBOEUF (CHEMIN);43,64084;6,96747
202300052427;11;6;2023;22:15;5;35;35115;2;6;1;3;PRES (RUE DES);48,35495;-1,1986
202300052428;27;9;2023;19:42;5;75;75106;2;3;1;6;QUAI MALAQUAIS;48,858232;2,333239
202300052429;4;1;2023;18:45;3;76;76057;1;1;3;2;Boulevard de Normandie;49,53770522;0,96125364
202300052430;15;7;2023;05:00;5;33;33063;2;1;1;6;Quai Richelieu;44,83719;-0,56604
202300052431;2;12;2023;02:00;5;49;49007;2;1;1;3;MONTAIGNE AVENUE;47,46821;-0,53059
202300052432;11;6;2023;08:30;1;31;31555;2;1;1;6;ALL DE BARCELONE;43,60412;1,43456
202300052433;14;2;2023;09:20;1;92;92049;2;2;1;3;BRIAND AVENUE ARISTIDE N°1 A 129;48,81752;2,3256
202300052434;29;3;2023;15:10;1;5;5061;2;1;1;2;FREDERIC MISTRAL ( COURS );44,55692;6,07585
202300052435;5;1;2023;12:25;1;80;80219;1;1;2;7;Rue du Chateau;49,725169;2,073208
202300052436;27;9;2023;09:10;1;75;75113;2;3;1;3;RUE DE TOLBIAC;48,829187;2,37421
202300052437;10;6;2023;03:05;5;31;31555;2;1;1;6;Autoroute 624;43,604524;1,40418
202300052438;15;2;2023;12:50;1;92;92044;2;1;1;7;ALSACE (RUE) N°19 + ET 20+;48,89287;2,29835
202300052439;15;7;2023;09:31;1;33;33200;2;3;2;3;Rue de la Morandière;44,86058;-0,6777
202300052440;29;3;2023;18:30;1;5;5061;2;1;1;6;GEORGES POMPIDOU ( BD);44,55924;6,08392
202300052441;15;2;2023;09:55;1;92;92044;2;3;8;6;JACQUES IBERT(RUE)14A26;48,8876476;2,28772178
202300052442;4;1;2023;10:15;1;59;59400;1;1;2;1;Rue de Maroeuil;50,625611;2,630024
202300052443;11;6;2023;18:05;1;28;28220;2;1;1;3;ROUTE NATIONALE 123;48,4161;1,45696
202300052444;30;11;2023;17:37;2;49;49267;2;1;1;4;A87N;47,48533;-0,4978
202300052445;30;3;2023;19:50;5;75;75106;2;3;1;6;RUE LOBINEAU;48,851662;2,335284
202300052446;15;2;2023;14:37;1;54;54142;1;1;1;6;N57;48,46121914;6,2434423
202300052447;11;6;2023;23:10;5;14;14715;2;1;1;6;1 Place Foch;49,36623;0,07887
202300052448;30;11;2023;01:47;3;49;49267;1;1;1;1;RD 116;47,48682231;-0,47623592
202300052449;30;3;2023;07:55;1;75;75120;2;4;1;6;RUE BELGRAND;48,864606;2,405974
202300052450;15;2;2023;18:45;5;86;86131;2;4;1;1;Rue de la Poste;46,434867;0,600916
202300052451;3;1;2023;08:10;4;59;59507;1;1;1;2;AUTOROUTE A1;50,61213479;3,08907866
202300052452;14;7;2023;01:45;5;33;33032;2;1;1;6;Quai Francais;44,89356196;-0,52999914
202300052453;11;6;2023;22:00;5;13;13206;2;2;2;3;ROME (RUE DE);43,29204;5,38031
202300052454;27;9;2023;15:45;1;75;75119;2;3;1;6;AVENUE RENE FONCK;48,879663;2,408392
202300052455;16;2;2023;01:10;4;68;68250;2;1;5;7;Route de Soultzmatt;47,936655;7,23321
202300052456;29;11;2023;17:10;3;48;48095;1;1;2;7;RD 806;44,53042;3,48972
202300052457;30;3;2023;18:15;1;75;75117;2;2;1;3;AVENUE DE SAINT OUEN;48,894947;2,328088
202300052458;4;1;2023;09:50;1;94;94003;1;1;2;3;A6A;48,80389457;2,3420366
202300052459;11;6;2023;06:00;1;13;13201;2;9;1;2;FLAMMARION (BOULEVARD)     1 A 65;43,305;5,3905
202300052460;15;7;2023;10:00;1;31;31555;2;3;1;3;RUE DE LISIEUX;43,60386;1,39423
202300052461;4;1;2023;13:55;1;78;78640;1;1;2;6;A86 EXT;48,77964;2,191321
202300052462;30;3;2023;14:45;1;75;75116;2;1;1;6;AVENUE RAYMOND POINCARE;48,86544054;2,28642225
202300052463;26;9;2023;19:00;1;75;75119;2;1;1;3;RUE AUGUSTIN THIERRY;48,876202;2,393456
202300052464;11;2;2023;08:05;2;84;84037;2;1;1;1;Route de Sorgues;44,048976;4,838056
202300052465;11;6;2023;17:15;1;13;13210;2;1;1;2;Rond-point Florian;43,27798382;5,42720854