Num_Acc;jour;mois;an;hrmn;lum;dep;com;agg;int;atm;col;adr;lat;long
202300052466;4;1;2023;07:30;2;93;93007;1;1;1;3;AUTOROUTE A3;48,94214437;2,47816647
202300052467;29;11;2023;11:57;1;45;45208;2;4;1;3;51 Rue Dorée;47,99656;2,73282
202300052468;15;7;2023;05:19;5;31;31555;1;1;1;3;VA007331 A620;43,57557;1,40855
202300052469;15;2;2023;16:00;1;59;59278;2;1;1;3;Rue du General de Gaulle;50,609;2,962253
202300052470;30;3;2023;13:00;1;75;75116;2;5;1;3;AVENUE DE VERSAILLES;48,851321;2,278453
202300052471;3;1;2023;23:40;3;77;77373;1;1;3;7;RN104;48,765834;2,614199
202300052472;14;7;2023;09:50;1;29;29232;2;1;1;6;Rue de Juniville;47,995473;-4,099865
202300052473;14;2;2023;17:30;1;71;71336;2;1;1;6;36 Route de Chalon;46,720577;4,946055
202300052474;10;6;2023;13:35;1;13;13028;2;6;1;3;ROVARCH (AVENUE PIERRE);43,19219;5,60455
202300052475;30;11;2023;18:20;2;44;44143;2;1;1;2;Boulevard du Général de Gaulle;47,19283;-1,55275
202300052476;30;3;2023;12:30;1;75;75116;2;2;1;2;BOULEVARD EXELMANS;48,843208;2,260232
202300052477;27;9;2023;08:45;1;75;75118;2;2;1;6;PLACE JULES JOFFRIN;48,892399;2,344997
202300052478;15;7;2023;23:25;5;28;28134;2;9;1;6;MARCHE COUVERT (PLACE DU);48,73561;1,36513
202300052479;3;1;2023;10:30;1;33;33009;2;3;1;6;REGUE BLANQUE (RUE DE LA) 01 ET +;44,65061;-1,15366
202300052480;17;11;2023;21:35;5;43;43041;2;1;1;7;121 Avenue Charles Dupuy;45,049621;3,918366
202300052481;11;6;2023;04:14;5;6;6088;2;9;1;6;ANGLAIS (DU N° 45 AU N° 112);43,69375;7,25644
202300052482;13;2;2023;15:15;1;62;62473;2;8;7;3;D91;50,607353;2,463233
202300052483;29;3;2023;23:40;5;75;75116;2;2;1;1;ROUTE DE SURESNES;48,86364;2,23948
202300052484;2;1;2023;13:30;1;988;98818;2;1;1;6;RUE PAUL CANE;-22,29614;166,45437
202300052485;11;6;2023;12:10;1;6;6069;2;1;1;3;RENOIR (AVENUE AUGUSTE);43,680742;6,952997
202300052486;27;9;2023;15:30;1;75;75117;2;1;1;2;BOULEVARD DU FORT DE VAUX;48,892956;2,302036
202300052487;15;7;2023;13:55;1;28;28134;2;1;1;7;KOUDOUGOU (RUE DE);48,73789;1,3453
202300052488;16;2;2023;13:20;1;76;76344;1;3;1;3;D929;49,758778;1,718545
202300052489;1;12;2023;07:00;5;35;35238;2;2;1;2;SERGENT MAGINOT (AVENUE);48,109863;-1,65981
202300052490;2;1;2023;20:45;3;973;97302;1;1;1;3;;4,90542;-52,32024
202300052491;10;6;2023;01:25;3;4;4112;1;1;1;6;VANNADES (CH. DES);43,83485;5,81961
202300052492;29;3;2023;12:45;1;75;75116;2;3;1;3;ROUTE DE LA MUETTE A NEUILLY;48,873834;2,264132
202300052493;14;2;2023;18:00;3;82;82118;1;1;1;7;route des martels;43,939837;1,112999
202300052494;15;7;2023;15:20;1;27;27229;2;1;1;6;VERNON (RUE DE);49,03172;1,15883
202300052495;27;9;2023;13:10;1;75;75117;2;1;1;3;BOULEVARD BERTHIER;48,890947;2,306016
202300052496;2;1;2023;19:12;5;69;69389;2;1;2;6;63 Avenue Sidoine Apollinaire;45,77059;4,79693
202300052497;30;3;2023;16:05;1;75;75115;2;2;1;6;RUE DE LOURMEL;48,8502076;2,29196906
202300052498;10;6;2023;18:25;1;75;75117;2;1;1;3;PORTE DE CHAMPERRET;48,885193;2,287302
202300052499;16;2;2023;13:45;1;38;38343;2;2;1;1;D80;45,543051;5,662395
202300052500;1;12;2023;23:50;5;34;34172;2;2;8;3;BRINGUIER (AVENUE PAUL);43,61619;3,84106
202300052501;3;1;2023;07:00;5;95;95539;2;1;1;2;GARE (BOULEVARD DE LA);48,99544;2,36378
202300052502;15;7;2023;03:35;3;26;26362;1;1;1;7;Route de Fauconnières;44,94513;4,95517
202300052503;27;9;2023;12:00;1;75;75117;2;2;1;3;AVENUE NIEL;48,881271;2,295522
202300052504;15;2;2023;17:50;2;70;70473;2;1;1;3;Rue Edouard Herriot;47,806255;6,383679
202300052505;10;6;2023;16:20;1;75;75114;2;1;1;2;PORTE DE GENTILLY;48,817212;2,334982
202300052506;3;1;2023;08:15;2;95;95280;2;1;1;6;DEMOISELLES (AVENUE DES);49,02658;2,45493
202300052507;29;3;2023;19:50;2;75;75115;2;2;1;3;RUE DE LA PROCESSION;48,83569;2,311258
202300052508;1;12;2023;19:30;5;34;34129;2;1;2;7;D21 E1;43,58038;3,93059
202300052509;15;7;2023;06:15;1;25;25056;2;1;1;6;OUEST BOULEVARD;47,22414;5,97895
202300052510;27;9;2023;13:30;1;75;75116;2;1;1;2;ROUTE DES TRIBUNES;48,859788;2,229536
202300052511;2;1;2023;18:22;5;91;91477;2;1;8;6;ALLIES (AVENUE DES);48,7213;2,24833
202300052512;30;3;2023;08:29;1;75;75114;2;2;1;3;BOULEVARD JOURDAN;48,821364;2,334367
202300052513;10;6;2023;11:40;1;75;75114;2;1;1;2;BOULEVARD PERIPHERIQUE EXTERIEUR PORTE DE GENTILLY;48,816461;2,341671
202300052514;30;11;2023;18:13;5;34;34032;2;1;1;6;HEMINGWAY ERNEST (BLD);43,36357;3,22564
202300052515;15;7;2023;02:25;5;18;18279;2;1;2;6;Route de Puits Berteau;47,235948;2,076535
202300052516;3;1;2023;19:10;5;91;91027;2;1;1;6;RUE EDOUARD VAILLANT;48,70565;2,39325
202300052517;27;9;2023;20:45;3;75;75115;2;2;1;3;RUE DE VAUGIRARD;48,845001;2,319826
202300052518;15;2;2023;16:10;1;24;24564;1;1;7;3;D708;45,207697;0,282243
202300052519;10;6;2023;01:30;4;75;75114;2;1;1;6;ECHANGEUR ORLEANS;48,81953886;2,32848689
202300052520;14;7;2023;19:15;2;17;17415;1;1;1;2;route nationale 141;45,745634;-0,597144
202300052521;1;12;2023;01:30;5;33;33063;2;1;2;6;Cours Saint Louis;44,86327;-0,56658
202300052522;29;3;2023;11:20;1;75;75114;2;4;1;3;RUE DU COMMANDANT RENE MOUCHOTTE;48,840017;2,32169
202300052523;2;1;2023;14:59;1;88;88160;2;1;2;6;ALSACE (RUE D');48,16913;6,44476
202300052524;16;2;2023;15:40;1;27;27288;1;1;8;6;RD 130 PK 10;49,283435;0,6817
202300052525;27;9;2023;08:30;1;75;75115;2;2;1;6;BOULEVARD PASTEUR;48,842261;2,313366
202300052526;8;6;2023;08:40;1;75;75112;2;1;1;2;PORTE DE CHARENTON;48,830171;2,402188
202300052527;15;7;2023;14:00;1;13;13201;2;3;1;3;ROME (RUE DE)        1 A 71A;43,29383;5,37924
202300052528;30;3;2023;11:40;1;75;75113;2;7;1;6;RUE DU DOCTEUR LANDOUZY;48,82344699;2,35409975
202300052529;30;11;2023;08:00;1;33;33529;2;2;2;6;Place du General de Gaulle;44,53814;-1,15228
202300052530;3;1;2023;17:27;2;86;86066;2;1;1;6;Boulevard de Blossac;46,817422;0,545043
202300052531;15;2;2023;20:18;3;27;27198;1;1;1;1;D140;48,902136;1,029711
202300052532;27;9;2023;13:20;1;75;75113;2;3;1;7;RUE MAX JACOB;48,820325;2,354047
202300052533;1;1;2023;21:45;5;84;84007;1;1;1;3;Route de Marseille Mft;43,90496;4,89237
202300052534;15;2;2023;19:30;3;17;17008;1;1;1;2;D137;46,251959;-1,013253
202300052535;1;12;2023;08:30;1;31;31555;2;1;2;6;BOULINGRIN (ROND POINT DU) DU 5AU 9;43,59486;1,45294
202300052536;9;6;2023;16:30;1;75;75120;2;1;1;2;BOULEVARD PERIPHERIQUE INTERIEUR NORD  ;48,867845;2,413241
202300052537;30;3;2023;08:00;1;75;75112;2;3;1;3;AVENUE DE SAINT MANDE;48,844912;2,402917
202300052538;15;7;2023;10:30;1;11;11069;1;1;1;3;Route de Montreal;43,21293;2,27417
202300052539;27;9;2023;11:50;1;75;75113;2;2;1;6;BOULEVARD VINCENT AURIOL;48,833828;2,365097
202300052540;1;12;2023;11:22;1;29;29232;2;1;1;3;65 Avenue de Ty Bos;47,977294;-4,069674
202300052541;16;2;2023;08:00;1;37;37156;2;3;1;7;Rue des Vallées de Greux;47,374465;0,811154
202300052542;30;3;2023;09:00;1;75;75109;2;3;1;6;RUE DE CLICHY;48,878111;2,330142
202300052543;3;1;2023;13:05;1;81;81004;2;2;1;3;GAMBETTA (AV);43,9228768;2,147175
202300052544;14;7;2023;23:20;5;11;11069;2;1;1;6;Avenue des Berges de l’Aude;43,20792;2,34016
202300052545;11;6;2023;18:30;1;75;75106;2;3;1;2;QUAI DE CONTI;48,856426;2,339901
202300052546;26;9;2023;15:10;1;75;75113;2;1;1;6;BOULEVARD VINCENT AURIOL;48,831196;2,357551
202300052547;16;2;2023;06:00;2;973;97310;1;1;2;7;PK 22;4,778524;-52,424805
202300052548;30;3;2023;19:00;1;75;75108;2;2;1;7;PONT DE LA CONCORDE;48,86412;2,3201
202300052549;2;1;2023;18:32;3;81;81004;1;1;8;1;ROCADE RN88 EST;43,92541;2,17164
202300052550;1;12;2023;09:50;1;29;29019;2;7;1;6;rue Armorique;48,384297;-4,50495
202300052551;15;2;2023;14:20;1;42;42279;2;1;1;2;Boulevard Jean Jaurès;45,512832;4,263575
202300052552;3;1;2023;07:50;3;79;79191;2;2;1;6;N/A;46,3103;-0,46698
202300052553;14;7;2023;14:40;1;11;11069;2;3;1;3;56 Rue Pierre Germain;43,21562;2,35818
202300052554;27;9;2023;12:00;1;75;75110;2;2;1;1;RUE LA FAYETTE;48,879724;2,358696
202300052555;14;2;2023;08:30;1;45;45173;1;1;7;3;Rue du Talus;47,844141;2,118017
202300052556;28;3;2023;20:20;1;94;94077;1;3;1;1;Avenue du 8 Mai 1945 / Rue Lamartine;48,72878278;2,4059661
202300052557;10;6;2023;03:10;5;75;75118;2;1;9;7;AVENUE DE SAINT OUEN;48,888522;2,325944
202300052558;30;11;2023;19:55;4;29;29019;1;1;1;1;Rond-point des Keresseis;48,395074;-4,539219
202300052559;14;7;2023;18:19;1;7;7102;2;9;1;6;SADI-CARNOT (AV.) [DU N° AU N°];44,9254;4,8693
202300052560;3;1;2023;08:50;1;76;76217;2;1;1;7;CARENAGE (QUAI DU);49,92715;1,08296
202300052561;15;2;2023;13:20;1;13;13014;1;1;1;2;Route Departementale 21;43,518007;5,148726
202300052562;30;3;2023;16:40;1;93;93078;2;2;1;2;Boulevard Robert Ballanger / Avenue Emile Dambel;48,95782;2,54581
202300052563;11;6;2023;11:48;1;75;75117;2;2;1;2;AVENUE DE LA PORTE DES TERNES;48,881502;2,281798
202300052564;27;9;2023;08:00;1;75;75110;2;2;1;2;RUE JACQUES LOUVEL TESSIER;48,871243;2,370117
202300052565;29;11;2023;18:05;5;29;29019;2;1;2;6;rue de Glasgow;48,391447;-4,485564
202300052566;30;3;2023;00:24;3;93;93066;2;9;1;3;Rue Proudhon;48,906442;2,363718
202300052567;1;12;2023;19:40;3;25;25056;1;1;2;6;GRAY ROUTE DE;47,24764;5,97896
202300052568;15;7;2023;10:55;1;6;6104;1;1;1;5;TURBIE (ROUTE DE LA);43,758191;7,434809
202300052569;3;1;2023;06:30;2;74;74305;2;6;2;2;MONTREAL (RUE DE);46,20489;6,281
202300052570;16;2;2023;13:30;1;13;13057;1;3;1;5;d99 - PK 22+646;43,790893;4,76532
202300052571;10;6;2023;14:40;1;75;75113;2;2;1;3;RUE NEUVE TOLBIAC;48,83104;2,377594
202300052572;29;3;2023;11:40;1;93;93066;2;1;1;6;3 Avenue Jean Moulin;48,9393921;2,3621732
202300052573;3;1;2023;07:15;5;69;69092;2;1;1;3;Rue des Ecoles;45,9887;4,69674
202300052574;1;12;2023;19:40;5;25;25056;2;2;2;2;OBSERVATOIRE AVENUE DE L';47,246441;5,997657
202300052575;16;2;2023;08:15;1;38;38407;1;1;1;3;Le Jallas;45,350456;5,670013
202300052576;11;6;2023;14:15;1;75;75107;2;1;8;3;QUAI D ORSAY;48,86282;2,31841
202300052577;14;7;2023;19:55;1;75;75117;2;1;1;5;PORTE DE SAINT OUEN;48,900188;2,320781
202300052578;26;9;2023;23:09;5;75;75107;2;3;1;3;QUAI BRANLY;48,85897405;2,29336381
202300052579;3;1;2023;14:40;1;69;69259;2;1;1;2;Rue Léo Lagrange;45,70014;4,87253
202300052580;30;3;2023;07:10;1;93;93051;2;6;1;1;Porte de Neuilly / Boulevard du Mont d'Est;48,84332;2,54353
202300052581;16;2;2023;16:15;1;26;26170;1;1;1;3;Avenue des Cévennes;44,902228;4,945318
202300052582;1;12;2023;07:55;2;25;25056;2;1;2;6;N/A;47,22326;5,971319
202300052583;11;6;2023;02:30;5;75;75107;2;1;1;6;PONT D IENA;48,85932698;2,2928381
202300052584;26;9;2023;20:05;5;75;75103;2;2;1;2;RUE DES ARCHIVES;48,86121;2,35818
202300052585;1;12;2023;19:05;3;24;24037;1;1;3;6;RD 936 E1;44,82617;0,48989
202300052586;13;7;2023;17:10;1;75;75117;2;1;1;5;BD PERIPHERIQUE INTERIEUR;48,896462;2,310057
202300052587;3;1;2023;09:45;1;69;69290;2;3;1;3;Rue du Maconnais;45,69536;4,92071
202300052588;26;9;2023;20:10;3;94;94068;2;2;1;6;Rue Georges Clemenceau;48,79398;2,517667
202300052589;16;2;2023;06:40;5;14;14630;2;1;1;6;Impasse Garnerin;49,250164;-0,652416
202300052590;3;1;2023;02:05;5;69;69290;2;1;2;6;30 Rue Colette;45,6896;4,9434
202300052591;29;11;2023;22:15;5;19;19031;2;3;1;3;RIBOT (AVENUE);45,16448;1,5025
202300052592;15;7;2023;16:43;1;75;75105;2;3;1;3;QUAI SAINT BERNARD;48,849118;2,357576
202300052593;16;2;2023;17:15;1;27;27676;1;1;1;7;d135 PR 06+110;49,199345;1,304605
202300052594;25;9;2023;15:30;1;94;94079;2;1;1;2;Avenue André Rouy;48,8227279;2,55101466
202300052595;13;2;2023;07:13;3;59;59574;1;1;1;6;AUTOROUTE A 21;50,34617;3,277
202300052596;3;1;2023;16:15;1;64;64545;1;3;1;4;Route Départementale n° 810;43,35992;-1,72657
202300052597;29;11;2023;14:30;1;19;19031;2;1;1;6;SEMARD (AVENUE PIERRE) JUSQU'A N° 73 - 6;45,15694467;1,52197874
202300052598;27;9;2023;10:00;1;94;94017;2;2;1;2;Avenue Maurice Thorez;48,80704721;2,53559558
202300052599;2;1;2023;10:23;1;64;64335;2;1;2;3;Rue de Satao;43,329517;-0,441027
202300052600;15;2;2023;17:25;1;91;91689;1;1;1;2;AUTOROUTE A6;48,72471;2,31253
202300052601;27;11;2023;22:35;5;19;19031;2;2;1;3;SEMARD (AVENUE PIERRE) JUSQU'A N° 73 - 6;45,15742;1,52368
202300052602;27;9;2023;06:15;5;94;94017;2;1;1;6;Rue Louis Talamoni;48,81341;2,51139
202300052603;15;2;2023;02:50;3;78;78571;1;1;1;6;A13;48,878919;2,018456
202300052604;15;7;2023;14:00;1;75;75117;2;4;8;2;BOULEVARD PERSHING;48,879607;2,282157
202300052605;1;12;2023;07:45;2;15;15012;1;1;3;4;D 920;44,88278;2,450079
202300052606;3;1;2023;18:00;5;64;64122;2;4;1;4;Boulevard Mayol de Senillosa;43,48634;-1,54335
202300052607;14;2;2023;17:15;1;95;95488;1;1;1;6; A15;49,01991571;2,13851555
202300052608;15;7;2023;04:00;3;75;75116;2;2;1;6;RUE DE LA POMPE;48,872137;2,284211
202300052609;1;12;2023;18:45;5;13;13209;2;1;2;1;CAMILLE BLANC (BOULEVARD);43,25297;5,40198
202300052610;3;1;2023;08:44;1;64;64102;2;1;1;3;Avenue du 14 Avril 1814;43,50338;-1,46473
202300052611;14;2;2023;17:00;1;93;93007;1;1;1;2;AUTOROUTE A1;48,94688;2,44244
202300052612;27;9;2023;08:10;1;93;93078;2;9;1;3;Boulevard Robert Ballanger;48,96172928;2,55786046
202300052613;15;7;2023;16:15;1;75;75111;2;1;1;2;BOULEVARD RICHARD LENOIR;48,863692;2,371578
202300052614;1;12;2023;06:25;5;13;13214;2;2;1;6;ROLAND DORGELES (BOULEVARD);43,34727;5,37857
202300052615;2;1;2023;07:25;5;59;59350;2;1;1;1;CORDONNIER DENIS AVENUE;50,62398;3,08119
202300052616;15;7;2023;09:15;1;75;75108;2;2;2;7;AVENUE DE WAGRAM;48,87512;2,296029
202300052617;14;2;2023;14:30;1;92;92036;1;1;1;4;AUTOROUTE A86;48,93909226;2,30366757
202300052618;27;9;2023;19:55;3;93;93005;2;4;1;3;Rue du 11 Novembre / Boulevard Félix Faure;48,932475;2,497966
202300052619;30;11;2023;18:20;5;10;10387;2;3;8;3;URBAIN IV (RUE);48,2971;4,0751
202300052620;14;2;2023;11:55;1;93;93078;1;1;1;7;AUTOROUTE A104;48,95809287;2,53061231
202300052621;3;1;2023;16:20;1;54;54578;1;1;1;2;Avenue Paul Muller;48,65642456;6,1269781
202300052622;27;9;2023;17:17;1;93;93066;2;1;1;6;Allée Léonard de Vinci;48,93228269;2,36799478
202300052623;15;7;2023;02:45;5;75;75108;2;7;1;2;PLACE CHARLES DE GAULLE;48,87339987;2,29571342
202300052624;14;2;2023;09:00;1;92;92036;1;1;1;2;AUTOROUTE A15;48,94647077;2,28241919
202300052625;2;1;2023;05:37;3;49;49007;2;1;2;1;Rue Paul Langevin;47,46541;-0,54534
202300052626;1;12;2023;17:25;5;9;9122;2;1;3;4;ESPAGNE (ROUTE D');42,95348;1,6234
202300052627;15;7;2023;01:10;5;75;75107;2;1;1;1;QUAI VOLTAIRE;48,858881;2,331216
202300052628;27;9;2023;14:16;1;93;93066;2;4;1;3;Avenue Jean Moulin / Rue Guy Moquet;48,94097971;2,36417359
202300052629;3;1;2023;12:10;1;45;45302;2;1;1;6;D520 PR 0 + 485;47,943651;1,888174
202300052630;15;2;2023;12:30;1;94;94028;1;1;1;5;A86;48,78172396;2,44088054
202300052631;1;12;2023;06:40;5;7;7281;2;6;2;7;LIBERATION (CARREFOUR DE LA);44,94601;4,84754
202300052632;14;7;2023;13:35;1;75;75107;2;5;1;6;PLACE JOFFRE;48,851165;2,300908
202300052633;27;9;2023;07:15;2;93;93066;2;9;1;3;Avenue du Président Wilson;48,915325;2,357913
202300052634;3;1;2023;12:15;1;37;37214;2;2;7;3;HUGO (RUE VICTOR);47,41288;0,66719
202300052635;29;11;2023;17:00;2;6;6069;2;9;1;3;MISTRAL (AVENUE ET PLACE FREDERIC);43,6466608;6,9181449
202300052636;15;2;2023;06:30;3;94;94044;1;1;1;7;N406;48,75781222;2,47055049
202300052637;15;7;2023;05:00;5;75;75104;2;3;1;7;RUE DU RENARD;48,860296;2,352983
202300052638;3;1;2023;15:30;1;35;35238;2;2;1;6;FOUGERES (RUE DE);48,13198332;-1,63554601
202300052639;14;2;2023;17:45;2;91;91201;2;1;1;6;RUE DU PORT AUX DAMES;48,680711;2,398405
202300052640;27;9;2023;18:10;1;93;93046;2;9;1;3;Allée Montpensier;48,92012228;2,52371073
202300052641;15;7;2023;18:00;1;94;94077;2;1;1;2;Avenue de la Haute Seine;48,72965506;2,43398961
202300052642;14;2;2023;07:45;2;62;62160;2;1;1;2;Avenue Charles de Gaulle;50,728985;1,618595
202300052643;3;1;2023;11:10;1;35;35238;2;2;1;3;BOURGEOIS (BOULEVARD LEON);48,09813;-1,65553
202300052644;15;7;2023;10:45;1;94;94033;2;1;1;7;Avenue de la Pepiniere;48,84508209;2,45100582
202300052645;27;9;2023;08:30;1;93;93079;2;3;1;3;Avenue de la Division Leclerc / Rue Paul Langevin;48,951627;2,342936
202300052646;14;2;2023;08:00;1;60;60057;2;1;5;6;Rue Beauregard;49,43035;2,08125
202300052647;29;11;2023;13:25;1;6;6069;2;6;1;3;Rd point des Quatre Chemins;43,6451203;6,940074
202300052648;15;7;2023;14:50;1;93;93046;2;1;2;3;Avenue Voltaire;48,93184009;2,55075938
202300052649;3;1;2023;07:25;5;35;35238;2;6;1;3;GINGUENE;48,09903;-1,68422
202300052650;10;2;2023;15:55;1;67;67482;2;1;1;6;FRANÇOIS MITTERRAND (AVENUE);48,586652;7,696571
202300052651;26;9;2023;04:35;5;93;93029;2;2;1;3;Avenue Henri Barbusse / Avenue Jean Jaurès;48,91985;2,45143
202300052652;14;2;2023;17:30;1;974;97416;1;1;1;7;RN3 (1);-21,31447;55,49359
202300052653;15;7;2023;15:10;1;93;93051;2;2;8;6;Avenue Médéric / Avenue de l'Etoile;48,82909;2,56775
202300052654;1;1;2023;00:00;3;34;34032;1;1;1;6;D14;43,30944;3,1875
202300052655;13;2;2023;17:05;1;974;97416;1;1;1;6;RN03;-21,30223;55,50187
202300052656;15;7;2023;12:30;1;93;93027;2;1;1;3;Boulevard Pasteur;48,92480787;2,38449801
202300052657;6;1;2023;14:30;1;29;29019;2;1;2;3;rue de Quimper;48,40117;-4,45503
202300052658;27;9;2023;18:30;2;93;93057;2;7;1;5;Avenue Aristide Briand;48,911095;2,516244
202300052659;14;2;2023;16:45;1;974;97411;2;1;1;2;MONNERVILLE (BOULEVARD GASTON);-20,89319;55,45257
202300052660;2;1;2023;15:30;1;19;19031;2;1;1;3;SALAN (BOULEVARD DU);45,16046056;1,53510976
202300052661;15;7;2023;09:15;1;92;92051;2;1;2;2;CHARLES DE GAULLE (AVENUE, N° 18 A 116);48,88214;2,26959
202300052662;27;9;2023;17:30;1;93;93010;2;1;1;6;Avenue Jean Lebas;48,91332;2,48148
202300052663;15;7;2023;12:50;1;92;92048;2;1;2;7;MARE ADAM (CARREFOUR DE LA);48,8007931;2,20833376
202300052664;3;1;2023;08:15;1;17;17415;2;1;5;3;GAMBETTA 74 A 162 ET 29 A 183 AVENUE;45,74665;-0,62402
202300052665;13;2;2023;18:25;1;974;97411;2;6;1;2;RIVIERE DES PLUIES (ROUTE DE LA);-20,89983;55,49476
202300052666;27;9;2023;09:05;1;93;93008;2;6;1;6;Avenue Henri Barbusse;48,907396;2,425352
202300052667;3;1;2023;14:45;1;13;13207;2;1;1;6;PAUL CODACCIONI (RUE);43,28771;5,3591
202300052668;14;2;2023;10:00;1;973;97302;2;1;2;7;PASTEUR (AVENUE LOUIS);4,94391675;-52,31979534
202300052669;16;7;2023;00:55;5;38;38019;2;3;1;1;N7;45,431494;4,817837
202300052670;27;9;2023;20:02;5;92;92078;2;1;1;6;GALLIENI (BD) (153 ET 225);48,93383342;2,33269966
202300052671;3;1;2023;01:00;5;13;13205;2;9;1;3;SAKAKINI (BOULEVARD);43,29;5,4
202300052672;14;2;2023;02:20;5;972;97209;2;1;1;7;RD 41 (ROCADE);14,61645;-61,05477
202300052673;16;7;2023;07:30;2;6;6149;2;1;1;2;7000 Route de Laghet;43,751384;7,382268
202300052674;3;1;2023;07:30;1;13;13005;2;2;1;3;RN 8;43,28631;5,58726
202300052675;25;9;2023;15:35;1;92;92072;2;2;1;3;GRANDE RUE;48,82643;2,21924
202300052676;14;2;2023;15:30;1;69;69382;2;1;1;6;18 Rue de la Barre;45,75742125;4,83607666
202300052677;2;1;2023;21:35;5;10;10362;2;2;1;2;GENERAL SARRAIL (RUE DU);48,30329;4,03027
202300052678;14;2;2023;10:25;1;95;95555;1;1;5;3;Rue d'Ermont;48,97358106;2,2751087
202300052679;27;9;2023;08:28;1;92;92062;2;1;1;3;GENERAL DE GAULLE (AV) DU 44 AU 106;48,88824;2,23449
202300052680;15;7;2023;18:45;1;22;22172;2;2;1;1;Rue de la Madeleine;48,52397;-2,241621
202300052681;26;9;2023;12:19;1;92;92051;2;1;1;2;ACHILLE PERETTI (AVENUE,  N° 98 A 166 ET;48,88468802;2,26791054
202300052682;2;1;2023;18:00;5;7;7102;2;6;2;1;REPUBLIQUE (AV. DE LA) [DU N° AU N°];44,93999;4,86521
202300052683;11;2;2023;16:05;1;91;91228;2;2;1;6;BD DECAUVILLE;48,63631;2,43948
202300052684;16;7;2023;07:30;1;43;43093;1;1;1;6;D906;45,245343;3,765199
202300052685;27;9;2023;14:40;1;92;92050;2;1;1;3;PESARO BOULEVARD DE;48,89347605;2,22669125
202300052686;13;7;2023;16:00;1;6;6044;2;1;1;6;541 Boulevard Honoré Teisseire;43,686168;7,102739
202300052687;1;1;2023;22:20;5;6;6088;2;4;1;1;CASSIN (BD RENE);43,66706;7,20759
202300052688;27;9;2023;09:50;1;92;92020;2;1;1;7;PARIS AVENUE DE N° IMPAIRS;48,80769077;2,29479969
202300052689;15;7;2023;11:15;1;972;97207;1;1;1;1;Rivière la Manche;14,567032;-60,965967
202300052690;3;1;2023;13:45;1;1;1344;1;1;1;1;BRESSE (AVENUE DE);46,21101;5,20383
202300052691;27;9;2023;07:50;1;92;92072;2;1;1;6;GARDES (ROUTE DES) N° 91 A 93;48,81495927;2,22003579
202300052692;3;1;2023;09:30;1;75;75116;2;1;1;2;PORT DE PASSY;48,857246;2,258489
202300052693;27;9;2023;17:32;1;92;92062;2;1;1;3;ILE DE PUTEAUX;48,87124132;2,23620911
202300052694;14;2;2023;18:15;3;76;76410;1;1;1;1;Cote de la Valette;49,488;1,03177
202300052695;14;7;2023;16:45;1;38;38270;2;1;1;1;Route de la Couratiere;45,381785;5,538043
202300052696;3;1;2023;15:30;1;75;75113;2;3;1;2;BOULEVARD MASSENA;48,823385;2,375063
202300052697;14;2;2023;18:55;3;76;76705;1;1;1;2;D7;49,33418;1,10616
202300052698;25;9;2023;19:34;1;92;92050;2;4;1;4;SARTROUVILLE (RUE DE );48,91646389;2,22201812
202300052699;15;7;2023;20:30;1;79;79130;1;2;1;3;N/A;46,246495;-0,48593
202300052700;3;1;2023;18:11;5;75;75118;2;3;1;3;BOULEVARD BARBES;48,885255;2,349649
202300052701;26;9;2023;23:25;5;92;92007;2;9;1;3;BRIAND (AVENUE ARISTIDE) N° 162 A 300;48,79597451;2,3216604
202300052702;13;2;2023;15:25;1;71;71040;1;1;1;4;RN 70 (ROUTE EXPRESS);46,70373;4,41522
202300052703;3;1;2023;10:15;1;75;75116;2;3;1;2;AVENUE DE VERSAILLES;48,847751;2,273918
202300052704;16;7;2023;09:30;1;2B;2B050;2;9;1;3;Route territoriale 30;42,552096;8,776633
202300052705;27;9;2023;21:45;3;51;51531;2;1;1;6;Route d?Alliancelles;48,787303;4,906621
202300052706;14;2;2023;07:35;2;69;69266;2;3;1;6;Cours Emile Zola;45,77087686;4,86726181
202300052707;3;1;2023;15:30;1;75;75115;2;2;8;3;BOULEVARD LEFEBVRE;48,828545;2,301358
202300052708;26;9;2023;10:05;1;51;51531;2;1;7;6;Place Charles de Gaulle;48,784253;4,911368
202300052709;14;7;2023;23:25;5;2B;2B050;2;9;1;3;avenue christophe colomb;42,55508;8,761414
202300052710;3;1;2023;19:50;5;75;75114;2;3;1;6;RUE VERCINGETORIX;48,835141;2,314948
202300052711;15;7;2023;20:29;2;12;12054;1;1;1;6;la peyrière;44,30685963;2,17174476
202300052712;14;2;2023;08:05;1;69;69282;2;2;1;3;41 Rue Louis Saulnier;45,76367;5,00252
202300052713;27;9;2023;17:15;1;62;62812;1;2;1;3;D92;50,603628;2,035775
202300052714;3;1;2023;18:35;5;75;75113;2;2;1;3;RUE JACQUES DESTREE;48,815941;2,35633
202300052715;28;9;2023;08:00;1;95;95134;1;1;1;3;D301;49,13211;2,255931
202300052716;14;2;2023;06:05;5;69;69259;2;2;1;3;Boulevard de Jodino;45,69679;4,88753
202300052717;16;7;2023;05:30;2;42;42323;2;1;1;1;Avenue du général de Gaulle;45,560875;4,277284
202300052718;3;1;2023;08:07;2;75;75113;2;2;1;3;RUE NEUVE TOLBIAC;48,832207;2,379707
202300052719;27;9;2023;10:15;1;83;83086;1;1;1;7;D125;43,452934;6,563119
202300052720;11;7;2023;19:20;1;34;34064;1;1;1;6;RD 142;43,855403;3,324909
202300052721;11;2;2023;09:00;1;64;64102;2;1;1;3;LACHEPAILLET (ROND POINT DE);43,48461;-1,49059