Num_Acc;jour;mois;an;hrmn;lum;dep;com;agg;int;atm;col;adr;lat;long
202300052722;3;1;2023;16:15;1;75;75110;2;3;1;6;RUE DU FAUBOURG SAINT MARTIN;48,87524161;2,35946953
202300052723;2;1;2023;16:55;2;75;75101;2;1;1;7;VOIE GEORGES POMPIDOU;48,858575;2,341401
202300052724;27;9;2023;17:50;1;35;35337;2;3;1;3;Rue Nationale;48,32848;-1,833757
202300052725;16;7;2023;01:00;3;22;22194;2;1;2;7;Rue de Pont Menou;48,65532;-3,645675
202300052726;14;2;2023;21:20;5;61;61001;2;1;1;7;AMBROISE PARE (RUE);48,43527;0,10424
202300052727;2;1;2023;09:30;2;75;75102;2;2;2;7;RUE TIQUETONNE;48,86476299;2,3467961
202300052728;3;1;2023;19:17;5;94;94044;2;1;1;1;Avenue de Verdun;48,7490735;2,47420049
202300052729;14;2;2023;18:00;1;59;59599;2;2;1;3;Chaussée Marcelin Berthelot;50,72471;3,18212
202300052730;27;9;2023;17:15;1;51;51571;1;3;1;1;D34;49,165206;4,195919
202300052731;3;1;2023;08:35;1;94;94078;2;1;1;6;Rue des Vignes;48,73190281;2,4509161
202300052732;27;9;2023;14:30;1;51;51093;1;1;1;6;D951;48,991018;3,8871
202300052733;3;1;2023;20:45;5;94;94046;2;1;2;3;Avenue de la République;48,81045063;2,45640939
202300052734;13;2;2023;15:00;1;59;59467;2;2;1;3;Route de Bavay;50,22542;3,8423
202300052735;27;9;2023;11:10;1;59;59037;2;1;1;3;65 Rue Roger Salengro;50,199906;3,389004
202300052736;27;9;2023;18:50;1;56;56058;2;3;1;3;Boulevard de la Couvranne;47,48462;-2,340104
202300052737;2;1;2023;13:45;1;94;94028;2;3;1;2;2 Rue Viet / Rue du Général Leclerc;48,80138012;2,44965345
202300052738;13;2;2023;20:25;3;52;52121;1;1;1;1;RD 143;48,06064;5,14635
202300052739;28;9;2023;16:15;1;76;76222;2;1;1;6;Avenue du Président Coty;49,479164;0,870817
202300052740;3;1;2023;09:44;1;93;93048;2;1;1;6;Rue de Paris;48,856712;2,428173
202300052741;28;9;2023;16:40;1;2B;2B201;1;1;7;6;D14;42,209225;9,379964
202300052742;14;2;2023;08:10;1;51;51454;2;2;1;6;boulevard Pommery;49,25331;4,05409
202300052743;3;1;2023;19:10;5;92;92078;2;1;1;7;VERDUN (AVENUE) (IMPAIRS 1 A 25);48,93561368;2,33558339
202300052744;26;9;2023;14:51;1;65;65250;2;2;1;3;Chemin de Marcoy;43,313257;0,359366
202300052745;3;1;2023;20:15;5;92;92075;2;3;2;6;JEAN BLEUZEN;48,82371137;2,2971417
202300052746;13;2;2023;17:45;1;49;49099;2;1;1;3;FAIDHERBE (BOULEVARD DU GENERAL);47,0662;-0,87164
202300052747;15;9;2023;19:30;1;71;71412;1;1;1;3;N70;46,711098;4,428818
202300052748;3;1;2023;16:28;1;92;92063;2;4;1;3;POMPIDOU (AVENUE DU PRESIDENT);48,87356;2,18965
202300052749;14;2;2023;08:30;1;49;49246;2;1;1;3;GUINEL;47,44286;-0,53507
202300052750;28;9;2023;07:53;1;71;71549;1;1;1;1;D933;46,519547;4,978414
202300052751;3;1;2023;20:28;5;92;92050;2;1;3;3;JOLIOT CURIE F. ET IRENE AVENUE  N°PAIRS;48,88845464;2,20265231
202300052752;14;2;2023;17:50;1;44;44109;1;1;1;2;;47,2676667;-1,565997
202300052753;3;1;2023;13:05;1;92;92024;2;9;1;3;DAGOBERT (RUE);48,902501;2,305401
202300052754;28;9;2023;10:00;1;71;71359;1;2;1;3;D 37;46,545831;4,956572
202300052755;14;2;2023;08:44;1;38;38185;2;2;1;1;RUE DU 19 MARS 1962;45,18947;5,74193
202300052756;2;1;2023;15:20;1;92;92060;2;1;8;2;CHARLES DE GAULLE (PLACE);48,77265101;2,25173673
202300052757;27;9;2023;23:10;5;63;63291;2;2;1;3;D906-Anatole France/ rue Pasteur;45,96471252;3,47652376
202300052758;2;1;2023;21:20;5;92;92004;2;2;1;3;ARGENTEUIL AV D';48,92686006;2,27333777
202300052759;13;2;2023;15:55;1;37;37233;2;2;1;3;REPUBLIQUE (AVENUE DE LA);47,38989;0,72447
202300052760;22;9;2023;17:00;1;61;61129;1;1;2;1;D9;48,471416;0,606125
202300052761;1;1;2023;05:35;3;35;35177;1;1;1;6;Les Petites Roches;48,205156;-1,746043
202300052762;27;9;2023;13:30;1;46;46313;1;1;1;7;Lieu Dit les Reingues;44,909888;1,767876
202300052763;14;2;2023;15:35;1;35;35206;1;1;1;2;RN136;48,07901;-1,69073
202300052764;27;9;2023;17:25;1;44;44130;1;1;1;2;97 Rue du pays de retz;47,124513;-1,595389
202300052765;4;1;2023;14:30;1;66;66190;1;1;1;2;;42,858586;2,9572961
202300052766;28;9;2023;11:20;1;29;29264;1;1;1;7;Route de Kerfaven;48,51536447;-4,15119559
202300052767;10;2;2023;07:30;2;34;34032;2;3;1;1;674 Ancienne Route de Bedarieux;43,36329;3,21891
202300052768;3;1;2023;07:45;2;28;28035;1;3;5;3;La Saussaye;48,40290293;1,55122018
202300052769;28;9;2023;12:50;1;29;29176;1;1;2;7;lieu dit toul fil;48,1237607;-4,21246971
202300052770;14;2;2023;12:00;1;33;33529;2;1;1;3;LABARTHE (RUE MICHEL);44,62269;-1,13925
202300052771;3;1;2023;10:10;1;62;62338;1;3;1;1;Rue des Lombards;50,634574;2,835296
202300052772;17;9;2023;16:45;1;38;38457;1;1;1;1;D71;45,297717;5,266652
202300052773;3;1;2023;08:40;1;74;74085;1;1;5;7;Chemin de colombaz;45,814229;6,716723
202300052774;14;2;2023;19:55;5;27;27229;2;1;1;3;NORMANDIE (BOULEVARD DE);49,01955;1,13873
202300052775;4;1;2023;19:05;5;74;74267;2;1;1;6;652 Route du col de leschaux;45,857423;6,13834
202300052776;17;9;2023;02:00;4;26;26193;1;1;1;6;60 Route du Clôt;44,175637;5,433812
202300052777;3;1;2023;19:30;3;79;79311;1;1;2;7;;46,589865;-0,416762
202300052778;14;2;2023;12:20;1;22;22187;2;2;1;3;CHALUTIER SANS PITIE (Avenue du);48,53016;-2,76472
202300052779;4;1;2023;11:25;1;79;79322;1;1;2;6;N/A;46,63791;-0,2826
202300052780;14;2;2023;11:30;1;22;22278;2;1;1;6;71° RI (DU);48,51094;-2,75939
202300052781;1;1;2023;12:45;1;69;69018;1;1;1;7;Route de la Vallée d’Andilleys;46,14679;4,59216
202300052782;27;9;2023;23:00;5;18;18096;2;1;1;7;3 Rue Joliot Curie;47,177236;2,166002
202300052783;3;1;2023;21:20;3;71;71014;1;1;5;6;Route de Château Chinon;46,977277;4,259503
202300052784;14;2;2023;16:21;1;19;19275;2;9;1;3;;45,5461101;2,30669439
202300052785;24;9;2023;12:21;1;18;18108;2;1;1;6;21 Rue Edmond Laroche;46,949358;2,95962
202300052786;3;1;2023;19:00;5;89;89309;2;1;1;6;27 Avenue du General Leclerc;48,28498;3,210985
202300052787;27;9;2023;18:45;1;18;18145;2;1;1;6;23 Rue de la Gare;47,228476;2,482728
202300052788;14;2;2023;21:02;5;14;14118;2;2;1;1;1 Rue Professeur Joseph Rousselot;49,20588;-0,35935
202300052789;3;1;2023;12:35;1;46;46317;2;2;5;3;D60;44,831891;1,770859
202300052790;13;2;2023;19:30;5;14;14118;2;1;1;6;116 Rue de la Délivrande;49,195164;-0,359983
202300052791;3;1;2023;10:25;1;47;47195;1;2;7;1;Route de Mezin;44,130609;0,323233
202300052792;3;1;2023;14:30;1;86;86281;2;1;1;6;9 Route de Lencloître;46,736611;0,30931
202300052793;13;2;2023;14:45;1;13;13103;2;1;1;2;AVENUE BOREL -GEORGES;43,64048667;5,08041462
202300052794;26;9;2023;19:45;2;21;21545;1;1;1;6;D118;47,87482369;4,53612269
202300052795;4;1;2023;06:55;2;38;38416;1;1;1;3;pk79 rd 518;45,132043;5,325623
202300052796;27;9;2023;08:16;2;8;8491;2;9;7;6;Rue de l?Industrie;49,727458;4,840369
202300052797;14;2;2023;23:30;5;13;13213;2;1;1;6;ESCADRILLE NORMANDIE NIEMEN;43,33542444;5,41009663
202300052798;4;1;2023;20:25;3;38;38533;1;1;1;5;D524;45,164701;5,805781
202300052799;28;9;2023;14:00;1;88;88357;1;1;1;1;Chemin de Ramecourt;48,313391;6,109729
202300052800;14;2;2023;22:40;5;94;94038;2;1;1;6;Rue Paul Hochart;48,775711;2,357157
202300052801;3;1;2023;20:45;3;50;50604;1;1;2;6;1 Le Moulin d?Arrondel;49,542543;-1,836396
202300052802;28;9;2023;07:04;2;38;38517;1;1;1;6;A49;45,289588;5,527257
202300052803;13;2;2023;08:36;1;75;75118;2;3;1;1;RUE ORDENER;48,890875;2,353257
202300052804;27;9;2023;19:00;2;67;67152;2;1;1;7;Route de Strasbourg;48,528546;7,661923
202300052805;4;1;2023;09:00;2;50;50615;2;6;2;6;Place du Château;49,509383;-1,472125
202300052806;27;9;2023;09:30;1;91;91386;2;1;1;6;28 Boulevard Charles de Gaulle;48,5664;2,44369
202300052807;14;2;2023;11:45;1;75;75120;2;2;1;3;AVENUE GAMBETTA;48,866528;2,399889
202300052808;4;1;2023;07:10;3;45;45327;1;1;2;3;D11 PR 24 + 625;47,984687;2,094001
202300052809;14;2;2023;20:20;5;75;75119;2;7;1;2;PLACE AUGUSTE BARON;48,901012;2,387656
202300052810;26;9;2023;12:00;1;84;84019;2;1;1;1;chemin des turs,84500;44,286261;4,748084
202300052811;1;1;2023;06:19;3;64;64059;1;1;1;1;D817;43,285313;-0,256237
202300052812;3;1;2023;12:55;1;18;18019;1;1;1;7;;47,183681;2,677454
202300052813;27;9;2023;12:15;1;13;13034;1;1;1;3;D24b;43,762974;4,965606
202300052814;2;1;2023;08:55;1;53;53109;1;1;1;3;D35;48,287562;-0,471318
202300052815;14;2;2023;12:30;1;75;75119;2;3;1;3;AVENUE DE FLANDRE;48,890576;2,376478
202300052816;28;9;2023;07:40;1;38;38072;1;1;1;2;Autoroute A7 PK023+600 sens Nord / Sud;45,324438;4,811304
202300052817;4;1;2023;16:45;1;37;37212;1;1;2;6;Sainte-Catherine de Fierbois ? RD 910;47,145116;0,646917
202300052818;13;2;2023;13:00;1;75;75119;2;2;1;6;RUE MANIN;48,88303;2,385492
202300052819;3;1;2023;20:50;3;30;30169;1;1;1;1;RN 113;43,787698;4,317107
202300052820;14;2;2023;11:45;1;75;75116;2;1;1;6;RUE COPERNIC;48,869502;2,286744
202300052821;28;9;2023;07:55;1;70;70416;1;1;1;5;N19;47,660365;6,368616
202300052822;28;9;2023;06:55;2;3;3298;1;1;1;7;RN7;46,30933512;3,41044069
202300052823;3;1;2023;07:40;5;35;35206;1;3;1;3;D82 Le rouvray;48,059324;-1,663485
202300052824;13;2;2023;19:45;5;75;75116;2;3;1;6;AVENUE KLEBER;48,871251;2,293328
202300052825;28;9;2023;14:15;1;7;7324;2;6;1;3;chemin de champagne;45,050604;4,832101
202300052826;14;2;2023;19:20;5;75;75115;2;2;1;1;RUE DE LA CONVENTION;48,841095;2,287844
202300052827;27;9;2023;14:26;1;13;13117;1;1;1;6;A7-Sens Lyon vers Marseille;43,4328;5,2574
202300052828;14;2;2023;20:25;5;75;75113;2;1;1;6;AVENUE D ITALIE;48,829316;2,356298
202300052829;27;9;2023;14:25;1;13;13028;1;1;1;1;A50;43,19336483;5,66775157
202300052830;4;1;2023;16:00;1;2B;2B007;1;1;1;7;RD 84;42,304483;8,946605
202300052831;13;2;2023;22:40;5;75;75113;2;3;1;3;AVENUE DES GOBELINS;48,834864;2,353214
202300052832;25;9;2023;18:03;1;33;33318;1;1;1;2;ROCADE A 630;44,80604397;-0,6656009
202300052833;4;1;2023;10:00;1;34;34213;2;1;1;6;Rue Paul Valéry;43,48635;3,668141
202300052834;4;1;2023;07:45;1;34;34113;2;1;1;6;2 Avenue de Béziers;43,498856;3,713514
202300052835;14;2;2023;20:15;5;75;75111;2;3;1;3;BOULEVARD VOLTAIRE;48,865578;2,367042
202300052836;14;2;2023;04:25;5;75;75107;2;2;1;6;AVENUE DUQUESNE;48,852736;2,308583
202300052837;27;9;2023;14:00;1;91;91689;1;1;1;4;AUTOROUTE A6B;48,7469;2,327
202300052838;27;9;2023;14:18;1;91;91179;1;1;1;3;AUTOROUTE A6;48,563;2,48003
202300052839;2;1;2023;11:35;1;34;34199;2;2;1;3;1 Rue Louis Feuillade;43,454325;3,408149
202300052840;13;2;2023;10:45;1;75;75107;2;2;1;6;RUE D ESTREES;48,851742;2,313759
202300052841;13;2;2023;17:40;5;75;75101;2;2;1;6;BOULEVARD DE SEBASTOPOL;48,861985;2,350157
202300052842;4;1;2023;08:10;1;83;83035;1;1;1;5;D2;43,262148;5,760908
202300052843;27;9;2023;06:15;2;95;95219;1;1;1;6;A115;48,98965;2,24397
202300052844;14;2;2023;17:20;1;94;94058;2;9;1;6;34 Avenue du 11 Novembre;48,84468;2,49763
202300052845;4;1;2023;18:30;3;13;13103;1;1;1;1;D538;43,68410006;5,09391993
202300052846;14;2;2023;02:00;5;94;94058;2;2;1;6;Boulevard de Fontenay;48,84873;2,4936
202300052847;27;9;2023;17:10;1;94;94022;1;1;1;4;A86;48,77604023;2,42618623
202300052848;3;1;2023;08:55;1;21;21388;2;1;5;6;D34;47,210164;5,182393
202300052849;13;2;2023;16:50;1;94;94033;2;3;9;6;Rue Danielle Casanova;48,8556;2,47534
202300052850;7;6;2023;14:25;1;9;9225;2;1;1;6;JACOBINS RUE DES;43,11516;1,61197
202300052851;4;1;2023;18:00;3;68;68109;2;1;2;6;Rue du Muhlele;48,04251397;7,174716
202300052852;14;2;2023;22:10;5;94;94022;2;1;1;2;Rue Jean Jaures;48,76503;2,40786
202300052853;26;7;2023;20:30;1;74;74118;1;9;1;3;N/A;46,1695;6,20636
202300052854;2;1;2023;11:20;1;69;69069;2;2;1;3;40 Rue Centrale;45,745895;4,71652
202300052855;12;2;2023;23:30;5;94;94069;2;2;1;1;PONT DE CHARENTON;48,817793;2,419643
202300052856;4;1;2023;09:50;1;29;29046;1;1;2;7;Route d’Audierne;48,07327326;-4,3420632
202300052857;13;2;2023;08:10;1;94;94017;2;1;1;6;15 Rue de l'Abreuvoir;48,81037;2,54533
202300052858;12;7;2023;17:00;1;74;74012;2;1;1;3;VALLEES (ROUTE DES);46,193139;6,243365
202300052859;14;2;2023;08:30;1;93;93072;2;1;1;6;Rue Jean Pierre Timbaud;48,95956;2,37817
202300052860;4;1;2023;07:40;4;59;59035;2;1;2;6;Avenue de Verdun;50,119048;3,929696
202300052861;22;7;2023;19:55;2;74;74118;1;9;1;6;18 AOUT (RUE DU);46,17254;6,21218
202300052862;3;1;2023;08:42;1;13;13005;1;1;1;1;A50-Sens Marseille vers Aubagne;43,28568;5,5291
202300052863;13;7;2023;18:15;1;74;74137;1;1;7;1;Route des aires;46,018293;6,19321
202300052864;14;2;2023;14:30;1;93;93066;2;1;1;5;Rue du Landy;48,91536608;2,35382237
202300052865;2;1;2023;14:39;1;91;91228;1;1;1;4;RN 104;48,61693;2,4275
202300052866;14;2;2023;16:24;1;93;93077;2;2;1;6;Grande Rue / Avenue Lespinasse;48,88255;2,51838
202300052867;17;7;2023;22:35;3;74;74012;2;1;1;3;ROMAGNY (RUE DE);46,19476;6,24188
202300052868;14;2;2023;10:50;1;93;93051;2;2;1;2;Avenue Médéric / Rue du Ballon;48,82997567;2,58129895
202300052869;16;7;2023;23:50;3;74;74010;1;1;1;1;OUEST (BOULEVARD);45,89969;6,1069
202300052870;14;2;2023;08:00;1;93;93051;2;1;8;2;Boulevard du Rempart;48,8373328;2,54660323
202300052871;1;1;2023;01:50;4;92;92072;1;1;1;4;N118;48,82128224;2,21946107
202300052872;13;2;2023;12:20;1;93;93006;2;3;1;2;Rue des Loriettes;48,872012;2,418662
202300052873;3;1;2023;17:40;3;93;93078;1;1;1;3;AUTOROUTE A104;48,9588;2,53548
202300052874;16;7;2023;11:15;1;74;74076;1;2;1;3;Route de cercier;45,999004;6,041579
202300052875;14;2;2023;06:30;5;93;93032;2;5;1;1;Rue Paul Vaillant Couturier / Rue Hippolyte Pina;48,87435;2,55201
202300052876;19;7;2023;19:15;1;74;74118;2;1;1;2;DEPORTES (ROUTE DES );46,181;6,229
202300052877;14;2;2023;09:40;1;93;93079;2;1;7;6;189 Avenue de la Division Leclerc;48,95008738;2,34253451
202300052878;13;7;2023;21:05;2;74;74116;1;1;1;6;A410;46,072166;6,289458
202300052879;14;2;2023;08:29;1;93;93030;2;1;1;3;Avenue Ambroise Croizat;48,9581;2,41581
202300052880;14;2;2023;11:45;1;93;93008;2;1;7;6;Rue Pablo Picasso;48,908175;2,449017
202300052881;13;2;2023;18:18;5;92;92046;2;9;1;6;DE STALINGRAD;48,8128201;2,29138434
202300052882;20;7;2023;06:40;1;74;74010;2;3;1;5;FIER (BOULEVARD DU));45,9208;6,12063
202300052883;13;2;2023;10:51;1;92;92075;2;2;1;3;MARY BESSEYRE (RUE);48,82195;2,28925
202300052884;19;7;2023;09:55;1;74;74012;2;1;1;2;ROMAGNY (RUE DE);46,19675;6,24764
202300052885;13;2;2023;13:45;1;92;92063;2;1;1;3;GALLIENI (RUE);48,870152;2,203453
202300052886;13;7;2023;16:10;1;74;74010;2;1;1;1;MARQUISATS (AVENUE DES);45,895868;6,132895
202300052887;14;2;2023;19:45;5;92;92050;2;2;1;3;CLEMENCEAU GEORGES AVENUE N°IMPAIR;48,88570058;2,21925169
202300052888;11;7;2023;01:45;5;74;74298;2;6;1;6;BONNEVILLE (ROUTE DE );46,175;6,2477
202300052889;13;2;2023;15:30;1;92;92036;2;2;1;3;HENRI BARBUSSE (RUE) (1/35);48,918005;2,296602
202300052890;13;2;2023;10:00;1;92;92036;2;1;1;2;MARCEL PAUL (AVENUE) (52/102);48,941654;2,302965
202300052891;14;2;2023;13:00;1;92;92025;2;1;1;3;STALINGRAD (AV DE);48,930977;2,267215
202300052892;11;7;2023;13:50;1;74;74012;2;1;1;2;BONNEVILLE (ROUTE DE);46,1885;6,23582
202300052893;14;2;2023;07:45;1;92;92012;2;1;1;2;ALPHONSE LE GALLO (QUAI) 1/34;48,83244;2,22755
202300052894;13;2;2023;20:30;5;92;92014;2;1;1;2;GENERAL LECLERC (AV.) (1 A 55BIS - 2 A 4;48,78221;2,3165
202300052895;1;2;2023;18:30;3;60;60435;1;1;1;7;D150;49,589752;1,8536
202300052896;2;1;2023;20:40;3;95;95582;1;1;1;6;A15;48,96924975;2,2506845
202300052897;2;1;2023;19:30;3;93;93064;1;1;1;2;AUTOROUTE A86;48,8791675;2,47634149
202300052898;2;1;2023;09:40;2;92;92036;1;1;3;6;AUTOROUTE A15;48,947254;2,28190524
202300052899;2;1;2023;08:30;2;95;95527;1;1;2;6; A1;49,01061779;2,52906561
202300052900;2;1;2023;07:54;1;34;34172;2;1;1;6;3310 Boulevard Paul Valéry;43,59125;3,85427
202300052901;1;1;2023;18:30;5;29;29019;2;1;2;6;boulevard Gambetta;48,388688;-4,4803361
202300052902;2;1;2023;17:05;5;69;69388;2;8;2;6;Avenue Rockefeller;45,74078;4,88669
202300052903;1;12;2023;18:25;5;6;6027;2;1;2;6;ALPES AVENUE DES;43,6688;7,1259
202300052904;2;1;2023;11:00;1;69;69386;2;2;1;3;11 Rue des Emeraudes;45,76909203;4,8605758
202300052905;28;11;2023;14:30;1;5;5061;2;1;1;1;JEAN MACE ( RUE );44,55983;6,07187
202300052906;1;1;2023;04:00;5;972;97213;1;1;1;7;AUTOROUTE A1;14,61834;-61,02366
202300052907;1;1;2023;07:00;1;972;97209;1;1;1;2;AUTOROUTE (A1);14,61829;-61,03741
202300052908;15;2;2023;16:40;1;17;17387;1;1;1;2;Rue du Côteau;45,804865;-0,749438
202300052909;14;2;2023;18:55;2;52;52017;2;1;1;7;chemin de combe saint dizier;47,916957;4,937405
202300052910;2;1;2023;07:40;1;971;97113;1;1;1;1;RN4 - SECTION RIVIERA;16,21765;-61,49358
202300052911;28;11;2023;15:00;1;5;5061;2;2;1;3;COMMERCE ( RUE DU );44,5626;6,09579
202300052912;14;2;2023;09:55;1;40;40065;2;6;7;6;Avenue Jean Lartigau;43,637946;-1,429296
202300052913;1;1;2023;23:38;5;971;97113;1;9;1;1;COCOYER;16,2413929;-61,4940995
202300052914;15;2;2023;17:44;1;974;97404;1;1;1;3;D110;-21,249847;55,381892
202300052915;1;12;2023;18:00;5;75;75119;2;1;1;3;PORTE DE PANTIN;48,884855;2,39806
202300052916;2;1;2023;18:55;3;77;77121;2;1;1;6;NOYERS (RUE DES );48,836161;2,6676482
202300052917;14;2;2023;20:20;3;35;35109;1;1;1;2;Piquet;48,07108477;-1,19377345
202300052918;15;2;2023;09:30;1;95;95144;1;1;5;6;RD 9;49,067781;2,442304
202300052919;1;1;2023;13:50;1;73;73222;1;1;1;3;D912 Route de la Féclaz;45,58197;5,97544
202300052920;13;2;2023;09:50;1;19;19248;1;1;1;3;rd 920;45,462539;1,553621
202300052921;1;1;2023;15:50;1;71;71076;2;3;1;3;BOUCICAUT (AVENUE);46,78457;4,84474
202300052922;11;2;2023;16:00;1;56;56185;1;1;1;6;le Ménéguen;47,781679;-3,443372
202300052923;1;12;2023;16:17;1;75;75117;2;2;1;3;RUE DES ACACIAS;48,877075;2,292167
202300052924;2;1;2023;06:40;3;69;69092;1;1;1;7;Route de Montmelas;46,00271;4,71927
202300052925;7;7;2023;18:00;1;74;74225;1;1;1;3;D910;45,879382;5,937593
202300052926;30;11;2023;10:52;1;75;75108;2;2;1;6;RUE DE CONSTANTINOPLE;48,881271;2,316565
202300052927;15;2;2023;15:00;1;82;82136;2;6;1;6;Grand Rue;43,90531;1,407843
202300052928;5;7;2023;10:30;1;74;74237;1;1;1;1;Route Nationale;46,39284245;6,78975313
202300052929;26;10;2023;12:45;1;75;75105;2;3;1;3;BOULEVARD SAINT MICHEL;48,848806;2,341764
202300052930;2;1;2023;18:25;5;69;69290;2;3;2;3;Boulevard Edouard Herriot;45,69444;4,93696
202300052931;28;6;2023;19:25;2;74;74272;1;3;1;3;Route de Clermont_;45,943108;6,028002
202300052932;15;2;2023;17:10;2;61;61168;2;1;7;1;D916;48,584081;-0,365429
202300052933;30;11;2023;08:30;1;75;75105;2;3;1;6;RUE DU FOUARRE;48,851662;2,347762
202300052934;25;6;2023;00:20;3;74;74161;1;1;1;1;Route d'annecy;45,87653664;6,0159643
202300052935;2;1;2023;17:55;3;69;69290;2;1;2;2;Rue Maurice Audibert;45,70007;4,92004
202300052936;1;12;2023;07:40;2;75;75114;2;2;1;2;BOULEVARD ROMAIN ROLLAND;48,819848;2,325529
202300052937;19;6;2023;06:45;2;74;74016;2;6;1;3;Avenue marie curie;46,139415;6,123564
202300052938;17;1;2023;22:15;5;61;61145;2;1;8;6;Voie Communale;48,589144;-0,650215
202300052939;1;12;2023;18:15;5;75;75111;2;3;1;6;AVENUE DE LA REPUBLIQUE;48,86600857;2,37071478
202300052940;1;1;2023;04:10;4;67;67482;2;1;1;2;SALLUSTE (RUE);48,58306;7,69606
202300052941;13;2;2023;08:30;1;55;55001;1;1;5;7;D10;48,535178;5,500846
202300052942;29;11;2023;17:13;1;75;75101;2;3;1;7;RUE DU COLONEL DRIANT;48,863744;2,338784
202300052943;26;6;2023;08:15;1;26;26165;1;1;1;3;Route lucien ravit;44,797351;4,822952
202300052944;30;11;2023;11:10;1;94;94081;2;9;1;6;Boulevard de Stalingrad;48,797275;2,383227
202300052945;1;1;2023;17:50;5;66;66136;2;3;1;6;;42,70651;2,89343
202300052946;26;9;2023;19:40;5;973;97302;2;9;1;3;ZEPHIR (ROCADE);4,93779821;-52,30659217
202300052947;1;12;2023;22:00;5;94;94078;2;3;1;3;Rue de Paris;48,73549;2,44674
202300052948;15;2;2023;17:20;1;47;47301;1;1;1;3;1950 route de seyches;44,532608;0,316254
202300052949;26;9;2023;14:05;1;973;97302;2;1;1;3;BADUEL (ROUTE DE);4,93455319;-52,31151402
202300052950;1;1;2023;18:15;5;64;64102;2;1;1;1;Avenue Maréchal Foch;43,493502;-1,481037
202300052951;9;5;2023;08:20;1;13;13211;1;1;1;2;A50-Sens Aubagne vers Marseille;43,29466;5,4667
202300052952;29;3;2023;17:55;1;93;93063;2;1;1;3;Rue de la République;48,880393;2,43652
202300052953;30;11;2023;23:50;5;94;94068;2;2;1;1;Avenue de la Libération;48,81297;2,47972
202300052954;26;9;2023;07:20;1;973;97302;2;1;1;3;MADELEINE (ROUTE DE LA);4,9140254;-52,32085615
202300052955;2;1;2023;20:30;5;62;62193;2;3;1;3;Boulevard Léon Gambetta;50,94658;1,84337
202300052956;30;3;2023;16:50;1;93;93029;2;1;1;6;Rue Voltaire;48,914506;2,434786
202300052957;8;2;2023;11:15;1;22;22251;2;3;1;3;Rue des Sports;48,56609;-2,813079
202300052958;1;12;2023;11:45;1;94;94073;2;1;1;3;Boulevard de Stalingrad;48,77326;2,39963
202300052959;9;5;2023;03:00;3;69;69295;1;1;1;6;Autoroute 46;45,60551134;4,85985784
202300052960;30;3;2023;09:57;1;92;92051;2;1;1;3;VICTOR HUGO (BOULEVARD, N° 9 A 49 ET 16;48,88628666;2,27955347
202300052961;1;1;2023;20:30;5;59;59043;2;6;2;5;CASSEL (RUE DE);50,737925;2,73088
202300052962;26;9;2023;17:15;2;69;69386;2;3;1;3;Cours Vitton;45,77011;4,8592
202300052963;1;12;2023;09:15;1;94;94073;2;1;1;2;Rue des Aubépines;48,76669;2,39835
202300052964;2;1;2023;11:00;1;56;56098;2;6;7;3;Rue Daniel Trudaine;47,7744;-3,33829
202300052965;29;3;2023;23:26;5;92;92050;2;6;2;3;SOUFFLOT J-GERMAIN BOULEVARD;48,89643344;2,21472949
202300052966;15;2;2023;09:30;1;39;39030;1;6;7;3;N/A;47,134702;5,501125
202300052967;26;9;2023;16:50;1;69;69388;2;2;1;2;Boulevard des Etats-Unis;45,72447381;4,87141423
202300052968;1;1;2023;05:40;4;56;56121;2;1;6;6;MONISTROL (RUE);47,73889;-3,38105
202300052969;1;12;2023;09:40;1;94;94017;2;1;1;6;Avenue du Général de Gaulle;48,820615;2,486026
202300052970;2;1;2023;18:36;5;50;50218;2;1;2;6;MATIGNON (AV DES);48,83808;-1,57465
202300052971;30;3;2023;22:00;5;92;92020;2;1;1;3;VERDUN AVENUE DE N°1 A 45;48,803;2,287
202300052972;9;5;2023;09:02;1;33;33281;1;1;2;2;ROCADE A 630;44,84876;-0,66871
202300052973;26;9;2023;09:57;1;69;69388;2;2;1;1;Avenue des Frères Lumière;45,74304;4,87689
202300052974;30;11;2023;20:07;5;93;93073;2;2;1;3;Rue du Chapitre / Rue des Terres Noires;49,002475;2,536898
202300052975;30;3;2023;11:40;1;92;92049;2;1;1;3;BROSSOLETTE AVENUE PIERRE;48,816747;2,30662
202300052976;1;1;2023;06:38;3;49;49246;1;1;2;2;A87N;47,41908;-0,50523
202300052977;29;3;2023;20:03;5;92;92049;2;1;1;1;BROSSOLETTE AVENUE PIERRE;48,81882;2,30945
202300052978;14;2;2023;14:00;1;25;25519;1;1;1;5;RD 437;47,312846;6,811652
202300052979;2;1;2023;20:10;5;38;38318;2;3;3;3;FREREJEAN(AV G.ET L.);45,52395;4,91932
202300052980;25;9;2023;17:15;1;69;69387;2;3;1;3;Boulevard Yves Farge;45,74337;4,83426
202300052981;30;11;2023;05:00;5;93;93066;2;2;1;3;Avenue du Président Wilson /  Rue Henri Delaunay;48,92579;2,35725
202300052982;30;3;2023;14:45;1;92;92048;2;1;1;6;VERD DE SAINT JULIEN (BOULEVARD);48,81608964;2,2326681