Num_Acc;jour;mois;an;hrmn;lum;dep;com;agg;int;atm;col;adr;lat;long
202300052983;26;9;2023;07:55;1;972;97209;2;1;1;7;ZOBDA QUITMAN (AVENUE);14,63071;-61,03965
202300052984;2;1;2023;05:50;5;37;37208;2;2;2;3;DE GAULLE (AV. DU GAL);47,35629;0,72718
202300052985;30;3;2023;08:10;1;92;92026;1;3;8;3;MARECHAL JOFFRE (QUAI DU);48,90191;2,28023
202300052986;1;12;2023;19:40;5;93;93077;2;3;1;6;Grande Rue / Avenue de la Bourdonnais;48,88232;2,52366
202300052987;14;2;2023;18:45;2;29;29020;2;2;1;3;Rue Amiral de la Grandiere;48,097221;-3,996819
202300052988;26;9;2023;13:30;1;69;69389;2;1;1;2;49 Quai Paul Sédallian;45,78847;4,81532
202300052989;2;1;2023;17:20;2;33;33063;2;2;1;3;Boulevard Pierre 1er;44,85922;-0,58941
202300052990;30;3;2023;09:23;1;92;92019;2;1;1;6;DIVISION LECLERC (AVENUE DE LA);48,76468259;2,26570174
202300052991;8;5;2023;09:48;1;33;33192;1;1;1;4;ROCADE A 630;44,7901795;-0,6098941
202300052992;14;2;2023;16:30;1;31;31276;1;1;1;6;2245 Route de Balesta;43,200697;0,595693
202300052993;26;9;2023;13:30;1;971;97101;1;1;1;6;RN1-  HAUTEUR DE SORTIE LAURICISQUE;16,25383;-61,5389
202300052994;29;3;2023;08:45;1;92;92004;2;1;1;6;PIERRE BOUDOU;48,91583897;2,30843666
202300052995;1;12;2023;08:46;1;93;93077;2;3;1;4;Grande Rue / Avenue de la Bourdonnais;48,88216;2,52322
202300052996;1;1;2023;18:40;5;33;33063;2;5;1;3;Allée Serr;44,84122376;-0,56191742
202300052997;26;9;2023;11:50;1;971;97105;2;4;1;7;DANIEL BEAUPERTHUY (RUE);15,99912;-61,72985
202300052998;5;5;2023;23:25;3;59;59189;1;1;1;2;AUTOROUTE A25;50,79328789;2,61546317
202300052999;30;3;2023;10:35;1;92;92002;2;1;1;6;FERNAND BRAUDEL (ALLEE);48,75396;2,30736
202300053000;15;2;2023;11:35;1;5;5111;1;1;1;1;D9;44,557799;6,434041
202300053001;1;12;2023;14:30;1;93;93048;2;2;1;3;Rue Kléber / Rue Michelet;48,852526;2,433949
202300053002;2;1;2023;22:30;5;32;32013;2;1;1;6;ETIGNY (ALLEES D');43,64839;0,58168
202300053003;11;6;2023;19:11;1;94;94073;2;1;1;6;Avenue de Versailles;48,75699;2,38862
202300053004;6;5;2023;12:25;1;59;59431;1;1;1;6;AUTOROUTE A25;50,68525;2,83726
202300053005;30;3;2023;19:30;1;85;85223;1;1;1;1;D137;46,52969;-1,07756
202300053006;26;9;2023;09:35;1;2A;2A004;2;1;1;4;T21;41,9318;8,75676
202300053007;11;6;2023;16:59;1;94;94075;2;1;1;6;Av du Mal de Lattre de Tassigny;48,727447;2,530572
202300053008;15;2;2023;09:20;1;5;5044;1;1;1;6;D39;44,549928;6,592312
202300053009;1;1;2023;07:00;3;31;31555;1;1;1;2;;43,65235;1,42996
202300053010;9;5;2023;20:40;1;94;94038;1;1;1;2;A6B;48,77376519;2,34617558
202300053011;31;3;2023;19:28;1;22;22180;1;2;2;3;Rue des Plantations;48,428684;-2,222586
202300053012;1;12;2023;08:50;1;93;93007;2;5;1;6;Avenue Aristide Briand / Rue Maxime Gorki;48,94534145;2,45128457
202300053013;2;1;2023;15:44;1;22;22106;2;1;1;3;VERNE (RUE JULES);48,49589694;-2,72717781
202300053014;26;9;2023;09:25;1;2A;2A004;1;1;1;2;ROUTE DU STILETTO;41,94604;8,77186
202300053015;11;6;2023;16:28;1;93;93039;2;1;1;2;Quai du Châtelier;48,9228;2,33184
202300053016;9;5;2023;17:45;1;91;91432;1;1;2;2;AUTOROUTE A6;48,693062;2,320722
202300053017;14;2;2023;14:50;1;50;50364;2;1;1;3;Rue du Bourg;49,120642;-1,481003
202300053018;2;1;2023;13:41;1;22;22278;2;1;1;6;WALDECK-ROUSSEAU (BD ET PT);48,51117;-2,7558
202300053019;1;12;2023;21:32;3;92;92051;2;1;1;4;CHARLES DE GAULLE (AVENUE, N° 18 A 116);48,88207124;2,2691896
202300053020;31;3;2023;12:30;1;71;71270;1;1;1;4;A6;46,366483;4,833888
202300053021;10;6;2023;21:40;2;93;93050;2;2;1;6;Avenue du Dauphine / Avenue Léon Blum;48,86788149;2,53391653
202300053022;9;5;2023;08:30;1;94;94034;1;1;2;3;A6A;48,75548914;2,33374717
202300053023;26;9;2023;09:30;1;95;95598;2;3;1;3;GENERAL  DE GAULLE (AVENUE DU);48,98501557;2,29961872
202300053024;2;1;2023;21:15;5;75;75119;2;1;1;6;RUE GASTON TESSIER;48,896014;2,374135
202300053025;1;12;2023;18:06;5;92;92048;2;3;1;7;COLONEL MORAINE (ROUTE DU);48,78747;2,22287
202300053026;29;3;2023;12:05;1;974;97401;2;6;1;6;Rue de l'Église;-21,242437;55,333224
202300053027;11;6;2023;17:45;1;93;93047;2;1;1;1;Boulevard de l'Europe;48,89527817;2,57065837
202300053028;12;2;2023;12:00;1;50;50484;1;1;1;3;D976;48,58264;-1,114361
202300053029;2;1;2023;07:35;5;75;75116;2;2;2;6;Route de la Muette à Neuilly;48,86255737;2,264404
202300053030;31;3;2023;13:08;1;28;28278;2;1;3;6;D910;48,45948;1,567617
202300053031;26;9;2023;09:13;1;95;95127;1;1;1;4;N14;49,055005;2,052652
202300053032;30;11;2023;19:45;5;92;92025;2;3;1;6;ESTIENNE D'ORVES (RUE);48,91850169;2,24476433
202300053033;11;6;2023;04:20;3;93;93010;2;1;2;6;Avenue Henri Varagnat;48,9156071;2,48418555
202300053034;9;5;2023;13:53;1;78;78362;1;1;3;4;A13;48,97769;1,7128
202300053035;1;1;2023;17:40;5;75;75116;2;1;2;6;ALLEE DU BORD DE L EAU;48,859136;2,227596
202300053036;30;3;2023;01:30;3;22;22034;1;1;1;7;ROUTE DEPARTEMENTALE 767, PR 45+046, KERMORVAN, SENS LANNION-GUINGAMP;48,680237;-3,356591
202300053037;9;5;2023;09:15;1;92;92036;1;1;3;6;RN315 Y;48,92990191;2,30211945
202300053038;1;12;2023;07:00;5;92;92012;2;1;1;3;GEORGES GORSE (QUAI);48,82699871;2,23112404
202300053039;10;6;2023;01:07;5;92;92051;2;1;1;6;MAURICE BARRES (BOULEVARD);48,8799;2,2631
202300053040;2;1;2023;18:28;5;75;75115;2;1;1;3;QUAI ANDRE CITROEN;48,846976;2,278285
202300053041;15;2;2023;14:50;1;60;60509;2;3;1;3;Rue Voltaire;49,307279;2,604264
202300053042;31;3;2023;15:00;1;60;60176;1;1;2;1;D1324;49,23373402;2,92587967
202300053043;2;1;2023;12:00;1;75;75114;2;3;2;7;AVENUE LUCIEN DESCAVES;48,816993;2,332069
202300053044;8;5;2023;23:05;3;92;92072;1;1;2;2;N118;48,81421047;2,21433526
202300053045;11;6;2023;21:45;5;92;92050;2;1;2;2;JOLIOT CURIE F. ET IRENE AVENUE  N°PAIRS;48,89371;2,21208
202300053046;1;12;2023;16:10;1;91;91086;1;1;1;5;noel marteau;48,612352;2,376259
202300053047;15;2;2023;11:30;1;36;36241;1;1;1;6;;46,84420384;1,55396568
202300053048;26;9;2023;10:50;1;91;91326;2;2;1;6;CAMILLE DESMOULINS (RUE);48,6946;2,35888
202300053049;1;12;2023;09:00;2;31;31364;1;1;3;6;Route de Verfeil;43,723574;1,494851
202300053050;2;1;2023;14:35;1;75;75112;2;3;1;7;AVENUE DAUMESNIL;48,83896;2,39796
202300053051;30;3;2023;14:00;1;37;37010;1;9;1;2;A10 Aire courte épée;47,53628697;0,96339642
202300053052;11;6;2023;16:50;1;92;92025;2;1;2;2;CHARLES DE GAULLE (BD);48,914908;2,228644
202300053053;9;5;2023;18:15;1;95;95582;1;1;1;3;A15;48,96345705;2,26425648
202300053054;20;9;2023;16:55;1;88;88209;2;1;1;2;SCHUMANN ( RUE ROBERT );48,20076;6,42347
202300053055;31;3;2023;06:45;3;3;3102;1;1;1;6;N/A;46,538687;3,689946
202300053056;11;6;2023;15:00;1;92;92024;2;1;1;7;GENERAL LECLERC (BD DU) (9 A 59)   (4 A;48,90972;2,3068
202300053057;13;2;2023;06:47;2;85;85288;1;1;1;3;RD36;46,51563212;-1,67859077
202300053058;2;1;2023;15:40;1;75;75108;2;2;1;3;BOULEVARD HAUSSMANN;48,87419138;2,32392222
202300053059;9;5;2023;17:30;1;95;95572;1;1;1;2;N184;49,03561;2,11725
202300053060;30;11;2023;12:55;1;26;26324;1;1;2;5;A7 - PK 139+000 - Sens S/N;44,34627651;4,73759651
202300053061;2;1;2023;11:20;1;75;75108;2;2;2;6;AVENUE DES CHAMPS ELYSEES;48,873136;2,297088
202300053062;11;6;2023;13:22;1;92;92004;2;2;1;3;PONT D'ASNIERES;48,90493909;2,28784651
202300053063;14;2;2023;04:00;3;72;72231;1;1;1;6;Autoroute A28 PK 089+000;47,947166;0,319633
202300053064;9;5;2023;16:30;1;93;93001;1;1;8;2;AUTOROUTE A86;48,92145191;2,36796037
202300053065;12;9;2023;18:15;1;84;84087;1;3;1;3;JONQUIERES (ROUTE DE);44,11802;4,86412
202300053066;1;12;2023;16:45;2;79;79106;1;1;1;7;N/A;45,989374;-0,118382
202300053067;12;6;2023;02:06;3;47;47184;1;1;1;7;Fenouil;44,59293752;0,65801477
202300053068;31;3;2023;18:55;1;51;51413;1;1;6;1;D9;49,019022;4,036446
202300053069;1;1;2023;18:20;5;75;75104;2;3;2;6;RUE DE RIVOLI;48,858268;2,34912
202300053070;26;9;2023;19:30;1;84;84035;2;1;1;3;BOURNISSAC (COURS);43,8354;5,04054
202300053071;30;3;2023;19:00;1;2B;2B251;1;1;1;7;Route de Poggio;42,03854;9,330284
202300053072;14;2;2023;08:35;1;35;35353;1;1;7;2;;48,12222517;-1,77737117
202300053073;12;6;2023;09:00;1;2A;2A272;1;1;1;1;route de tizzano;41,55988;8,909032
202300053074;9;5;2023;13:05;1;95;95582;1;1;3;4;A15;48,96394;2,26399
202300053075;2;1;2023;18:00;5;94;94078;2;3;1;6;Rue Gambetta / Rue Jules Ferry;48,73738832;2,46220729
202300053076;12;6;2023;14:15;1;28;28219;1;1;1;7;PK 105.100, autoroute A11 sens Provence- Paris;48,23019;1,016879
202300053077;31;3;2023;09:46;1;2B;2B207;1;1;8;1;ZA;42,460684;9,501157
202300053078;13;2;2023;19:00;3;69;69244;2;1;1;3;19 Avenue Victor Hugo;45,770019;4,788537
202300053079;26;9;2023;08:45;1;81;81163;2;1;1;2;LAPEYROUSE;43,50528;2,38272
202300053080;1;12;2023;17:50;3;71;71420;1;3;2;3;Route de Louhans;46,707316;5,011595
202300053081;2;1;2023;18:40;5;94;94046;2;1;1;5;Avenue du Général Leclerc;48,8029;2,4466
202300053082;30;3;2023;11:40;1;81;81249;1;1;1;6;Almayrac;44,081096;2,170444
202300053083;9;5;2023;10:30;1;93;93005;1;1;3;5;AUTOROUTE A1;48,96248856;2,47096625
202300053084;12;6;2023;16:50;1;12;12197;1;1;8;3;Sabonies;43,99413591;2,55985165
202300053085;24;8;2023;09:15;1;75;75115;2;3;1;2;RUE CAMBRONNE;48,84374;2,302395
202300053086;12;2;2023;11:05;1;6;6113;1;1;1;3;A8 pk 219  sens FRANCE - ITALIE;43,795381;7,476583
202300053087;1;12;2023;08:00;2;2A;2A040;1;1;8;2;T20 pont de Sellola;42,093987;9,101379
202300053088;31;3;2023;00:05;3;32;32160;2;1;1;7;Avenue Charles Bacqué (Pont);43,608216;1,072235
202300053089;2;1;2023;20:20;5;94;94002;2;1;1;2;24 Quai de la Révolution;48,78134222;2,41914014
202300053090;8;5;2023;16:00;1;93;93005;1;1;1;6;AUTOROUTE A104;48,96880368;2,48090744
202300053091;26;9;2023;18:00;1;81;81004;2;1;1;4;LANNES (BD DU MARECHAL);43,94443;2,15982
202300053092;24;8;2023;16:35;1;75;75112;2;3;1;3;BOULEVARD DIDEROT;48,846471;2,378897
202300053093;12;2;2023;20:30;5;33;33199;2;2;1;3;Cours de Verdun;44,636483;-1,079192
202300053094;11;6;2023;21:00;2;35;35124;1;1;1;4;nationale 137 point kilométrique 004+700 sens NANTES RENNES;47,75099864;-1,71506613
202300053095;2;1;2023;17:10;2;93;93059;2;2;1;2;Boulevard Jean Mermoz / Rue Guéroux;48,9638;2,3611
202300053096;31;3;2023;17:10;1;71;71378;2;6;3;2;D981;46,879144;4,752327
202300053097;1;12;2023;17:15;2;31;31150;2;3;2;1;Route de Toulouse;43,651238;1,338806
202300053098;8;5;2023;10:50;1;93;93066;1;1;1;2;AUTOROUTE A86;48,92247728;2,35626225
202300053099;21;9;2023;16:46;1;81;81004;2;1;1;6;ESCAPADOU;43,93944;2,14602
202300053100;23;8;2023;10:17;1;75;75109;2;1;1;4;BOULEVARD MONTMARTRE;48,871682;2,341881
202300053101;2;1;2023;09:28;2;93;93039;2;1;2;3;Quai du Châtelier;48,9232;2,3322
202300053102;14;2;2023;09:20;1;45;45028;2;3;7;6;5 Avenue d'Orléans;47,781562;1,633154
202300053103;11;6;2023;13:15;1;17;17142;1;1;1;7;route nationale 11;46,18757;-1,074826
202300053104;30;3;2023;18:25;1;63;63366;1;1;1;6;D999 PK 7+900;45,4867263;3,3620385
202300053105;25;9;2023;06:23;5;80;80021;2;1;1;6;MARECHAL JOFFRE (PLACE DU);49,88841;2,30302
202300053106;7;5;2023;21:35;5;95;95219;1;1;2;2;A115;48,99691;2,24711
202300053107;1;12;2023;18:30;3;89;89227;1;1;1;6;départementale 124;47,918499;3,763547
202300053108;24;8;2023;20:40;5;94;94028;2;1;1;6;Rue de Paris;48,79514265;2,45924127
202300053109;14;2;2023;16:35;1;84;84092;1;1;1;2;D225;43,977962;4,879088
202300053110;1;1;2023;03:00;5;93;93066;2;1;1;2;Avenue du Colonel Fabien;48,94475777;2,35402787
202300053111;19;11;2023;19:15;3;12;12210;1;1;2;7;222 Route de l’Egalite;44,189113;2,035604
202300053112;7;5;2023;21:40;3;77;77122;1;1;2;6;RN104;48,651513;2,612486
202300053113;24;8;2023;08:40;1;94;94015;2;3;1;1;Rue François de Troy;48,842122;2,534088
202300053114;31;3;2023;13:12;1;55;55398;1;1;2;3;Zone industrielle Les Herbues;48,682762;5,741563
202300053115;24;9;2023;12:20;1;80;80021;2;2;1;3;SAINT PATRICE (RUE);49,8947;2,29755
202300053116;2;1;2023;15:25;1;93;93055;2;3;1;6;Rue Davoust / Avenue Édouard Vaillant;48,899798;2,395953
202300053117;15;2;2023;07:30;1;83;83068;1;1;1;1;D558;43,278108;6,508835
202300053118;1;12;2023;10:15;1;22;22251;2;3;1;6;Rue de Saint-Brieuc;48,569579;-2,817398
202300053119;27;1;2023;17:00;1;38;38544;1;1;1;1;LEVEAU(ROUTE DE);45,54157;4,8837
202300053120;21;9;2023;11:00;1;80;80021;2;1;2;3;ALPHONSE FIQUET (PLACE);49,8908;2,30637
202300053121;2;1;2023;15:10;1;93;93048;2;1;1;6;148 Rue de Paris;48,85608;2,42455
202300053122;24;8;2023;00:40;5;94;94041;2;3;1;3;Quai Auguste Deshaies;48,81800378;2,40171835
202300053123;11;6;2023;14:30;1;62;62233;1;1;1;5;route départementale 940;50,36370232;1,65323696
202300053124;15;2;2023;08:00;1;21;21138;1;3;1;3;D905;47,204763;5,325
202300053125;31;3;2023;18:00;1;49;49069;1;2;1;2;Lieu dit La Carré - DRAIN;47,31557;-1,232668
202300053126;30;11;2023;21:00;5;25;25367;2;9;2;6;Rue du 17 Novembre;47,447634;6,835186
202300053127;2;1;2023;12:20;1;93;93015;1;1;2;3;Route Stratégique;48,92432;2,57263
202300053128;24;8;2023;21:50;5;94;94022;2;1;1;3;Rue Jean Jaures;48,76542467;2,40833053
202300053129;3;3;2023;18:50;5;74;74010;2;1;1;6;RHONE (AVENUE DU);45,89803068;6,11915338
202300053130;12;6;2023;00:45;5;83;83070;1;1;1;6;Avenue du Levant;43,149975;6,4015
202300053131;15;2;2023;11:00;1;42;42059;2;1;1;6;Rue de Lyon;45,638791;4,392037
202300053132;2;1;2023;21:50;5;93;93029;2;3;1;3;Rue de Stalingrad / Rue Marcel Cachin;48,91644629;2,42284316
202300053133;2;12;2023;09:30;1;29;29079;1;1;7;2;Kerveguen;48,64076205;-3,93211158
202300053134;1;3;2023;07:10;2;74;74012;2;6;1;3;ZOLA (RUE EMILE);46,19588;6,23133
202300053135;26;9;2023;10:30;1;79;79191;2;2;1;3;N/A;46,34816;-0,4774
202300053136;24;8;2023;18:23;1;93;93073;2;2;1;2;Avenue Gilbert Berger / Avenue Kalifat;48,95224;2,58621
202300053137;31;3;2023;16:25;1;2;2810;2;1;1;6;33bis Rue du 18 Juillet 1918;49,254491;3,096246
202300053138;2;6;2023;15:55;1;14;14389;1;1;1;2;A84;49,06286212;-0,68733812
202300053139;10;2;2023;15:20;1;1;1281;2;3;1;3;Rue de Gex;46,282339;6,087686
202300053140;2;1;2023;20:30;5;93;93007;2;2;1;3;Avenue Charles Floquet;48,94053676;2,44928867
202300053141;24;8;2023;14:00;1;93;93055;2;1;2;3;Avenue du Général Leclerc;48,90024901;2,41041126
202300053142;16;1;2023;21:00;5;31;31044;2;1;2;6;ALLÉE PAUL GAUGUIN;43,596073;1,506339
202300053143;11;6;2023;14:00;1;85;85109;1;1;7;7;RD160;46,89297;-1,01124
202300053144;26;9;2023;08:40;1;78;78350;2;1;1;6;MARLY (ROUTE DE);48,86124;2,10606
202300053145;31;3;2023;05:50;3;1;1229;1;3;1;6;Route de Bourg;46,325104;5,136039
202300053146;1;12;2023;17:00;3;15;15142;1;1;4;3;D990;44,982539;3,011225
202300053147;2;1;2023;17:05;2;93;93005;2;1;1;2;Carrefour de l’Europe;48,95155;2,48271
202300053148;24;8;2023;14:35;1;93;93049;2;3;8;6;Rue des Coquelicots / Passage Felix;48,86062;2,51828
202300053149;13;2;2023;18:15;2;69;69143;1;1;1;4;27 Avenue du Parc;45,890613;4,855646
202300053150;6;5;2023;21:30;5;987;98736;1;4;1;6;TEMATAHI TEMARII (RUE);-17,53003;-149,54401
202300053151;6;6;2023;05:15;3;34;34142;1;1;1;2;A75 - PK 278+500;43,698504;3,334113
202300053152;27;3;2023;04:55;3;72;72046;1;1;1;1;Lieu Dit Le Tertre;47,9872;0,48739
202300053153;15;2;2023;16:50;1;85;85178;2;1;1;7;VC 22 Rue des chênes;46,76834;-1,503162
202300053154;26;9;2023;12:05;1;78;78172;2;2;1;1;CARNOT (AVENUE);49,00508;2,09353
202300053155;2;1;2023;18:00;5;93;93005;2;1;1;4;Rue Jules Princet;48,937449;2,499276
202300053156;27;3;2023;13:55;1;64;64374;1;1;1;7;D 945;43,43734;-0,483967
202300053157;24;8;2023;14:50;1;93;93050;2;2;8;3;Boulevard du Marechal Foch / Avenue Michel Debré;48,854;2,51889
202300053158;11;6;2023;23:45;3;62;62084;2;1;1;6;D8;50,249881;2,54937
202300053159;8;5;2023;18:30;2;973;97302;2;6;1;3;CATAYEE (JUSTIN);4,92498658;-52,32377207
202300053160;2;12;2023;16:00;2;60;60151;1;1;1;2;D66;49,44822556;2,87462854
202300053161;30;3;2023;22:15;3;64;64234;1;9;1;6;D946;43,516914;-0,483549
202300053162;15;2;2023;10:30;1;14;14322;1;6;1;3;D572;49,2544938;-0,72422889
202300053163;24;8;2023;00:45;5;93;93048;2;2;1;3;Avenue Gabriel Péri / Avenue du Président Wilson;48,85742;2,44007
202300053164;2;1;2023;18:39;5;92;92020;2;1;1;1;LIBERTE BOULEVARD DE LA N° IMPAIRS;48,80283;2,29071
202300053165;8;5;2023;19:50;2;69;69259;2;1;1;3;48 Avenue Francis de Pressensé;45,72839;4,86114
202300053166;11;6;2023;18:20;1;57;57529;2;1;1;1;Rue du Château;49,441671;6,02326
202300053167;14;2;2023;13:15;1;14;14076;1;1;1;6;D515;49,220723;-0,312155
202300053168;10;11;2023;20:30;3;73;73171;1;1;2;3;D1006;45,50102474;6,04288696
202300053169;24;8;2023;18:10;1;93;93031;2;1;1;6;Avenue Joffre;48,96123514;2,29611475
202300053170;2;1;2023;16:00;1;92;92026;2;9;1;3;PRÉSIDENT PAUL DOUMER (QUAI DU);48,88900069;2,25502753
202300053171;25;9;2023;18:15;1;77;77330;1;1;1;2;RD 360;48,92064;2,88054
202300053172;12;6;2023;15:19;1;76;76328;1;1;1;7;Route du Fort;49,665357;1,194296
202300053173;8;5;2023;09:15;1;69;69386;2;2;1;6;79 Cours Vitton;45,77019719;4,85983627
202300053174;24;8;2023;08:42;1;93;93059;2;4;1;3;Boulevard Jean Mermoz / Avenue Jacques Prévert;48,97121;2,36626
202300053175;6;2;2023;17:00;1;14;14066;1;1;1;1;D79A;49,316031;-0,428038
202300053176;30;3;2023;13:00;1;18;18118;1;1;1;-1;N/A;47,035111;3,014489
202300053177;9;6;2023;12:20;1;79;79174;2;6;1;3;;46,2247;-0,155048
202300053178;24;8;2023;10:10;1;92;92007;2;9;1;7;PASTEUR (AVENUE LOUIS) N° 1 A 39 ET 2 A;48,80127158;2,31839329
202300053179;2;1;2023;02:55;5;92;92025;2;2;2;3;STALINGRAD (AV DE);48,935673;2,260879
202300053180;8;5;2023;14:00;1;972;97213;1;1;1;3;ROUTE DEPARTEMENTALE 3;14,636;-60,992
202300053181;30;3;2023;16:45;1;85;85051;2;1;1;6;19 Rue belliard;46,69051;-1,045817
202300053182;25;9;2023;14:15;1;77;77237;2;1;1;1;TOURNAN (ROUTE DE );48,832718;2,754399
202300053183;2;12;2023;07:10;3;4;4230;1;1;1;1;RD 6 CHARABOTE;43,830347;5,949311
202300053184;12;6;2023;21:19;2;65;65389;2;1;1;1;Chemin du Clouzet;43,079895;0,483307
202300053185;18;1;2023;15:00;1;76;76743;1;1;4;4;Route des Campeaux;49,525863;0,937228
202300053186;8;5;2023;17:30;1;69;69202;2;1;1;6;41 Route de la Libération;45,72936;4,7775
202300053187;24;8;2023;08:40;1;92;92007;2;3;1;3;BRIAND (AVENUE ARISTIDE) N° 100 A 160;48,79916;2,32289
202300053188;2;1;2023;19:20;5;17;17330;1;2;2;1;Cadeuil;45,754057;-0,946112
202300053189;3;3;2023;20:00;5;27;27580;2;3;1;3;Route Nationale;49,35653;0,888401
202300053190;26;9;2023;07:30;2;76;76114;2;1;1;6;JACQUES FAUQUET (RUE);49,56979;0,47059
202300053191;1;12;2023;22:30;5;4;4230;2;9;2;6;Route de Riez;43,838667;5,99029
202300053192;8;5;2023;15:55;1;69;69384;2;1;1;6;45 Quai Joseph Gillet;45,77798;4,8109
202300053193;11;6;2023;16:10;1;32;32268;1;1;8;1;N124;43,608651;0,962124
202300053194;23;8;2023;17:45;1;35;35177;2;4;1;3;D637;48,197247;-1,732557
202300053195;12;2;2023;14:35;1;60;60141;2;6;1;3;;49,186163;2,460637
202300053196;2;1;2023;19:00;5;49;49092;2;1;1;3;Rue Robert d'Arbrissel (Chemillé);47,210499;-0,724953
202300053197;28;11;2023;13:08;1;28;28168;2;1;1;7;30 Faubourg de la Fontaine;48,523314;1,693365
202300053198;26;9;2023;16:40;1;73;73065;2;6;1;3;RECLUS (FAUBOURG);45,56929998;5,9217318
202300053199;7;5;2023;09:40;1;971;97105;2;1;1;2;GASTON FEUILLARD(AVENUE);16,00515018;-61,7303431
202300053200;30;3;2023;15:55;1;27;27034;1;2;1;3;D1;49,320919;1,389478
202300053201;15;7;2023;06:28;2;25;25018;1;1;1;6;Col de Ferrière (Col de montagne), départementale 31;47,356945;6,57403
202300053202;24;8;2023;22:30;3;14;14603;1;2;1;3;1 Route de l'Acre;49,034358;-0,418073
202300053203;13;2;2023;19:00;3;60;60326;1;1;1;7;D98;49,39990761;2,73738889
202300053204;12;6;2023;10:30;1;49;49180;1;1;1;7;LIEU DIT LA CROIX DU HAUT CHEMIN;47,366007;-0,15192
202300053205;25;9;2023;11:20;1;72;72181;2;9;1;6;JAURES JEAN (AV) N° IMP 1 A 25;47,99288;0,2046
202300053206;30;3;2023;05:00;3;17;17447;1;1;1;7;D5;46,067484;-0,93946
202300053207;16;7;2023;03:15;3;44;44097;2;1;1;6;607 Rue de Kerdandec;47,411638;-2,477052
202300053208;2;1;2023;18:00;3;11;11172;1;3;2;5;;43,266062;2,735665
202300053209;8;5;2023;14:30;1;77;77186;1;1;1;3;D409;48,41371;2,64314
202300053210;2;12;2023;18:10;3;17;17218;1;1;1;1;D114;46,298619;-0,977268
202300053211;11;6;2023;09:30;1;22;22132;1;1;1;7;Voie communal N4 - LOHUEC;48,47524;-3,520968
202300053212;12;2;2023;14:30;1;60;60339;2;1;8;6;Rue de l'Eglise;49,494594;2,212018
202300053213;15;7;2023;20:15;1;31;31210;1;1;2;6;D622;43,375732;1,677813
202300053214;24;8;2023;15:40;1;2A;2A048;1;1;1;1;rd 81 masorchia;42,056048;8,745332
202300053215;25;9;2023;12:40;1;71;71081;1;1;1;1;RN6;46,81619;4,82763
202300053216;31;3;2023;11:15;1;17;17353;1;1;1;7;N/A;45,995262;-1,04001
202300053217;3;1;2023;17:40;5;62;62638;2;1;1;1;Place du General Desailly;50,251359;3,121313
202300053218;12;6;2023;06:20;2;39;39441;1;1;7;2;N/A;46,456035;6,052995
202300053219;15;7;2023;14:35;1;15;15048;1;1;1;7;D313;45,108696;3,307378
202300053220;25;8;2023;10:40;1;86;86174;1;6;1;2;D161;46,781148;0,530192
202300053221;14;2;2023;20:45;3;80;80223;1;2;1;3;D1017;49,741819;2,809807
202300053222;30;11;2023;08:20;2;37;37281;1;1;8;4;D142;47,40271594;0,79971738
202300053223;26;9;2023;13:50;1;69;69266;2;1;1;6;Rue Antonin Perrin;45,75715637;4,88526414
202300053224;8;5;2023;20:50;1;76;76575;1;1;1;4;Boulevard Lénine;49,39333;1,11145
202300053225;30;3;2023;17:35;1;17;17317;1;1;1;3;D146;45,444474;-0,624577
202300053226;12;6;2023;12:27;1;39;39478;2;1;7;3;13 Rue Carnot;46,383993;5,862901
202300053227;3;1;2023;07:45;5;76;76159;2;3;1;1;Route de Veulettes;49,78896;0,63905
202300053228;21;8;2023;17:45;1;49;49092;1;1;1;7;CD 149 - PK 2 + 150;47,27502267;-0,82879012
202300053229;30;3;2023;15:43;1;30;30223;1;1;1;7;Route de Trouillas;44,183809;4,138707
202300053230;30;11;2023;23:45;3;987;98714;1;1;1;6;RT 101 Anau;-16,493065;-151,723326
202300053231;14;7;2023;18:20;1;1;1138;1;1;1;3;D992;45,869603;5,803142
202300053232;12;6;2023;15:40;1;39;39534;1;1;1;1;;46,540252;5,649784
202300053233;3;1;2023;19:00;5;76;76452;2;1;3;6;170 Rue André Martin;49,53609;1,06161
202300053234;23;8;2023;12:45;1;36;36041;2;1;1;7;Rue du Grand Gué;47,06983927;1,80623978
202300053235;4;5;2023;13:15;1;72;72181;2;9;1;3;CHAMPION HENRI (RUE) N° IMP;47,98252;0,22954
202300053236;26;9;2023;08:30;1;69;69264;2;3;1;2;Rue Ampere;45,98853;4,72246
202300053237;24;8;2023;19:55;1;36;36082;1;1;1;6;les écuries;47,03344688;1,51630014
202300053238;3;1;2023;19:00;3;2B;2B319;1;1;1;2;lieu dit figaretta;42,417659;9,529159
202300053239;2;12;2023;07:00;1;988;98820;1;1;1;6;Hwaadrila (Tribu);-20,59121;166,560781
202300053240;12;6;2023;17:58;1;25;25196;2;3;1;1;Rue des Vernes;47,478466;6,891519
202300053241;14;2;2023;17:30;2;59;59166;1;1;1;4;D649;50,318395;3,606219
202300053242;8;5;2023;19:23;1;69;69256;2;2;1;3;Rue Emile Zola;45,77773;4,91836
202300053243;5;8;2023;19:00;2;36;36175;2;1;1;7;2 Rue du Chanoine Berger;47,072303;1,655663