Num_Acc;jour;mois;an;hrmn;lum;dep;com;agg;int;atm;col;adr;lat;long
202300053244;25;9;2023;20:20;5;69;69259;2;1;1;6;Avenue Marcel Cachin;45,69229;4,87626
202300053245;31;3;2023;08:45;1;2;2697;1;1;1;2;A26;49,566433;3,728861
202300053246;3;1;2023;07:45;5;65;65388;2;1;2;6;Route d’Autun;42,820714;0,327165
202300053247;24;8;2023;17:45;1;84;84022;1;1;1;6;route departementale 20;44,27747;4,981484
202300053248;13;2;2023;12:30;1;13;13005;1;1;1;7;A50 - Sens Aubagne vers Marseille;43,2767111;5,58758772
202300053249;11;6;2023;06:00;2;29;29193;1;1;1;6;Kersaliou;48,53323559;-4,0804515
202300053250;15;7;2023;15:45;1;58;58264;1;1;1;5;D2076;46,801822;3,102694
202300053251;2;12;2023;00:05;3;33;33199;2;3;2;3;131 route des lacs;44,623197;-1,107999
202300053252;31;3;2023;05:45;3;7;7227;1;1;2;1;d 82;45,25587752;4,72581625
202300053253;8;5;2023;14:00;1;69;69282;2;1;1;1;Chemin de Peyssillieu;45,76840392;4,98656767
202300053254;3;1;2023;14:25;1;69;69162;1;1;1;7;Route Départementale 337;46,139668;4,607552
202300053255;25;8;2023;11:15;1;86;86070;2;3;1;3;Rue de Poitiers;46,568325;0,631523
202300053256;10;6;2023;20:23;1;29;29117;1;1;1;2;Lessiec;48,56035428;-4,50586958
202300053257;14;7;2023;05:20;2;18;18011;2;1;1;6;17 Rue Nicolas Leblanc;47,55723;2,445107
202300053258;13;2;2023;16:45;1;13;13211;1;1;1;4;A50-Sens Aubagne vers Marseille;43,28807985;5,44165529
202300053259;31;3;2023;16:17;1;38;38464;1;1;1;6;A48 PK044.800 sens GRENOBLE-LYON;45,54786638;5,37286868
202300053260;11;6;2023;15:45;1;31;31416;2;6;1;6;Route de Lafitte;43,31642;1,182296
202300053261;26;9;2023;17:00;1;67;67482;2;1;1;3;FRANÇOIS MITTERRAND (AVENUE);48,58558;7,69494
202300053262;1;12;2023;22:20;3;37;37003;2;1;1;6;Rue du Clos de Belle Roche;47,417909;1,000569
202300053263;2;1;2023;17:45;3;46;46162;1;1;2;1;Départementale 653;44,552245;1,583984
202300053264;8;5;2023;12:15;1;69;69290;2;1;1;2;Route de Grenoble;45,71388;4,96704
202300053265;23;8;2023;18:50;1;58;58270;1;1;1;6;D955;47,495365;3,004653
202300053266;15;7;2023;18:55;1;7;7155;2;1;1;1;Route du Village;44,633704;4,360778
202300053267;3;1;2023;18:00;5;29;29272;2;1;3;6;Rue Jean Jaures;47,967417;-3,933406
202300053268;8;5;2023;17:20;1;64;64284;2;1;1;6;RAUSKI;43,26769;-0,38945
202300053269;26;9;2023;08:00;1;67;67482;2;3;1;3;FENELON (RUE);48,6;7,696
202300053270;14;2;2023;15:50;1;69;69297;1;1;1;5;Autoroute 47 ;45,58817;4,78852
202300053271;24;8;2023;17:00;1;21;21192;1;1;2;7;Rue de Marsannay;47,291973;4,948815
202300053272;29;3;2023;07:15;2;38;38189;1;1;1;5;RD 518 Z;45,638677;5,065556
202300053273;15;7;2023;19:30;1;21;21251;1;1;1;6;VILLENEUVE;47,196806;4,539607
202300053274;2;1;2023;15:20;1;29;29173;1;1;3;7;route d'Audierne - le Paradis;47,998624;-4,195286
202300053275;24;11;2023;13:00;1;45;45290;1;3;1;3;D952 PR 44 + 835;47,862042;2,253619
202300053276;25;9;2023;17:15;1;67;67482;2;1;1;6;ILL (RUE DE L );48,613041;7,769675
202300053277;2;1;2023;17:30;3;3;3226;1;1;2;7;les millets;46,3929;3,891327
202300053278;10;7;2023;15:45;1;24;24520;2;1;1;7;Chemin de Pechauriol;44,909565;1,207793
202300053279;10;2;2023;19:40;3;57;57672;1;1;1;3;Autoroute A31;49,37907;6,1061
202300053280;24;8;2023;19:00;1;62;62458;2;3;1;3;D 219;50,792074;2,162818
202300053281;7;5;2023;15:20;1;64;64102;2;3;1;3;MOUNEDE (AVENUE DE);43,4997;-1,45849
202300053282;11;6;2023;18:50;1;60;60132;1;1;1;3;D934;49,6309941;2,91713995
202300053283;22;8;2023;08:19;1;56;56240;1;1;7;7;Kerhart D780;47,539831;-2,736323
202300053284;30;3;2023;16:45;1;988;98821;1;2;1;3;RT1/RM21 - La Tamoa;-22,076334;166,290264
202300053285;3;1;2023;13:20;1;53;53101;1;1;1;1;RN162;47,8924;-0,68092
202300053286;13;2;2023;12:00;1;59;59508;1;1;1;6;AUTOROUTE A22;50,74415;3,13997
202300053287;1;12;2023;19:00;5;77;77171;2;3;1;6;D5;48,905082;2,813297
202300053288;3;1;2023;08:40;1;28;28322;1;1;1;6;RD316, LES EAUX DE PARIS;48,708635;0,96066
202300053289;23;8;2023;16:00;1;67;67053;1;2;7;6;D209;48,23657178;7,55513625
202300053290;16;7;2023;13:45;1;24;24038;2;3;1;2;D708;45,304188;0,361497
202300053291;26;9;2023;21:25;3;64;64445;2;2;1;3;LESPY;43,30038;-0,3651
202300053292;7;5;2023;09:16;1;64;64024;2;3;1;3;EUGENE BERNAIN (AVENUE);43,48567;-1,51385
202300053293;2;12;2023;10:25;1;66;66014;1;1;1;6;D614;42,75452547;2,825616
202300053294;30;3;2023;18:20;2;978;97801;2;1;1;1;R CHARLES TONDU;18,064516;-63,088914
202300053295;29;10;2023;10:10;1;971;97118;2;1;1;1;Chemin de Clede;16,201451;-61,61393
202300053296;14;2;2023;17:35;2;91;91286;1;1;1;4;AUTOROUTE A6;48,6459;2,3886
202300053297;10;6;2023;13:50;1;45;45098;2;1;1;6;94 Rue du Maréchal Foch;47,821288;1,756155
202300053298;2;1;2023;19:15;3;64;64216;1;1;2;2;autoroute A64 - PK 123+700;43,261831;-0,147114
202300053299;31;3;2023;00:45;3;13;13067;1;1;1;7;D7n;43,790224;5,025783
202300053300;25;9;2023;18:45;1;64;64102;2;7;1;3;MAUBEC (RUE);43,49716;-1,4679
202300053301;7;5;2023;17:55;1;59;59527;2;1;3;6;FILATURE RUE DE LA;50,66353;3,05591
202300053302;25;8;2023;18:26;1;76;76241;1;2;1;3;D37;49,810587;0,788462
202300053303;16;7;2023;04:48;3;4;4173;2;1;1;6;Chemin des Iscles;43,961612;6,514367
202300053304;29;9;2023;17:00;1;83;83115;1;1;1;3;Le Saut du Loup;43,338273;6,676522
202300053305;30;3;2023;14:15;1;13;13034;1;1;1;7;Chemin de Saint-claude;43,767778;4,96214
202300053306;24;8;2023;17:45;1;65;65212;1;9;1;7;D30;42,85608914;0,31659605
202300053307;2;1;2023;13:35;1;31;31037;1;1;2;5;Autoroute A61, point kilométrique 271+000;43,361589;1,779663
202300053308;2;6;2023;10:15;1;16;16073;2;2;1;6;14 Rue de la Tude;45,272557;0,042234
202300053309;28;10;2023;23:45;5;2B;2B148;2;1;1;3;RT 205;42,542347;9,442481
202300053310;8;5;2023;03:50;5;57;57630;2;1;1;7;MALRAUX (VOIE ANDRE);48,7331;7,040418
202300053311;14;2;2023;13:40;1;91;91589;1;1;1;2;AUTOROUTE A6;48,67908;2,33417
202300053312;24;8;2023;20:40;2;81;81217;1;1;1;7;5049 Route de Brugnac;43,962202;1,740099
202300053313;30;3;2023;23:12;3;25;25097;1;6;9;6;D633;47,525229;6,855512
202300053314;7;7;2023;09:10;1;85;85164;2;3;1;3;18 Route de la taillée;46,8298;-2,120689
202300053315;2;1;2023;00:52;5;987;98745;2;1;1;1;PATIO PK 0+300 NORD OUEST;-16,62;-151,496
202300053316;26;9;2023;15:45;1;62;62624;2;2;1;3;ZONE COMMERCIALE AUCHAN;50,40777;2,97912
202300053317;1;12;2023;18:00;3;89;89274;1;1;1;4;A19;48,209165;3,223574
202300053318;12;6;2023;12:10;1;21;21337;2;1;1;6;Rue du Cimetiere;47,269726;5,379723
202300053319;24;8;2023;15:30;1;11;11276;1;1;1;7;CD611, col du Pilloux;42,848738;2,737334
202300053320;8;5;2023;19:18;1;54;54575;1;1;1;6; D17;49,472706;5,794982
202300053321;30;3;2023;14:30;1;68;68318;2;1;1;3;Quai de la Rivière;47,958628;7,244528
202300053322;3;1;2023;10:45;1;85;85234;1;1;7;1;RD.38 PR032.940;46,77058;-2,005694
202300053323;25;8;2023;05:15;3;63;63469;1;1;1;6;Départemantale 7 - Lieu dit la plaine;45,7677899;3,58771741
202300053324;14;2;2023;12:10;2;78;78118;1;1;1;3;A13;48,986198;1,668667
202300053325;28;10;2023;08:00;1;2A;2A247;1;1;1;1;T10;41,490811;9,245135
202300053326;11;6;2023;16:00;1;48;48166;1;1;1;7;D983;44,28593;3,596627
202300053327;26;9;2023;10:20;1;62;62263;1;9;1;3;Rue James Watt;50,26878627;2,72533733
202300053328;16;7;2023;09:00;1;28;28393;1;2;1;3;D140;48,616137;1,362881
202300053329;9;2;2023;10:35;1;92;92063;2;1;1;7;A86;48,88319818;2,16566641
202300053330;8;5;2023;18:30;1;51;51454;2;2;1;3;rue de la Garenne;49,24425;4,00728
202300053331;22;8;2023;16:25;1;46;46083;1;8;1;1;D720;45,016002;1,613775
202300053332;28;3;2023;14:35;1;9;9160;2;1;1;3;37 Avenue Général de Gaulle;42,930026;1,855493
202300053333;1;12;2023;17:25;5;71;71583;2;2;2;5;8 rue de la bruyère;46,270485;4,775378
202300053334;16;7;2023;12:45;1;52;52040;1;1;1;7;route départementale 129;47,84316849;5,06177688
202300053335;28;10;2023;17:15;1;66;66053;1;1;1;3;N/A;42,530578;3,072873
202300053336;26;9;2023;07:15;2;60;60057;2;1;1;3;Rue de Clermont;49,43092;2,11235
202300053337;13;2;2023;17:18;1;92;92072;1;1;1;6;N118;48,8263992;2,22346625
202300053338;11;6;2023;14:08;1;88;88373;1;1;7;7;D392;48,50676;7,105955
202300053339;30;3;2023;17:20;1;40;40314;1;1;1;7;Route de Tartas;43,669801;-1,120316
202300053340;24;8;2023;17:45;1;46;46334;1;1;1;1;lieu-dit le pouget;44,743491;1,44681
202300053341;8;5;2023;14:30;1;47;47031;1;3;1;3;DOCTEUR NOGUES (AV DU);44,19137;0,65082
202300053342;15;7;2023;23:25;3;67;67465;1;1;2;2;A35;48,784922;7,960544
202300053343;11;6;2023;10:10;1;78;78356;2;1;1;6;16 Route de Versailles;48,724379;2,092359
202300053344;26;9;2023;17:51;1;59;59009;2;1;1;1;ERABLES RUE DES;50,61958;3,14291
202300053345;15;10;2023;17:15;1;66;66008;1;3;1;1;N/A;42,53707;3,044082
202300053346;2;1;2023;12:58;1;51;51118;1;1;1;2;A26;49,271445;3,961108
202300053347;24;8;2023;16:50;1;44;44069;1;6;1;3;Rond-Point de Villeneuve;47,32011778;-2,41424963
202300053348;30;3;2023;22:05;3;76;76415;1;1;2;1;D915;49,683041;1,378098
202300053349;8;5;2023;18:10;1;45;45232;2;2;1;6;Avenue de Verdun;47,86864;1,91206
202300053350;14;2;2023;18:45;2;93;93005;1;1;1;5;AUTOROUTE A3;48,93021;2,4811
202300053351;12;6;2023;07:00;1;49;49215;1;1;1;5;D938;47,116365;-0,161834
202300053352;29;10;2023;13:15;1;84;84003;1;1;1;1;Route Departementale 943;43,863714;5,367902
202300053353;2;12;2023;16:55;1;10;10130;1;1;1;7;D137;48,609306;4,214458
202300053354;26;9;2023;10:20;1;59;59009;1;3;1;2;MONS BOULEVARD DE;50,64367;3,13563
202300053355;15;7;2023;15:00;1;3;3277;1;1;1;6;Autoroute A71;46,281124;3,049553
202300053356;24;8;2023;21:55;3;44;44142;1;1;1;2;la Caffiniere;47,063618;-1,385656
202300053357;30;3;2023;21:39;3;80;80204;1;1;1;6;A2;50,01387971;2,87901878
202300053358;11;6;2023;20:05;5;987;98738;2;1;1;6;RT1;-17,636977;-149,609413
202300053359;2;1;2023;18:50;3;34;34340;1;1;1;4;Autoroute A9 - PK 76+500 sens 2;43,71667207;4,13759112
202300053360;1;12;2023;14:50;1;73;73303;1;1;3;6;D1508 route d'Annecy - Lieu-dit Champs froids;45,76667;6,365638
202300053361;26;9;2023;08:50;1;59;59507;2;1;1;3;SEMBAT MARCEL RUE;50,60156;3,07929
202300053362;8;5;2023;09:25;1;34;34301;2;2;1;3;HUGO VICTOR (AVENUE);43,408834;3,697941
202300053363;28;10;2023;15:50;1;84;84003;2;3;1;3;Avenue de Saignon;43,874235;5,402377
202300053364;29;3;2023;08:30;1;13;13005;1;1;1;1;A50-Sens Marseille vers Aubagne;43,28482;5,5713
202300053365;23;8;2023;16:15;1;3;3264;2;1;1;6;6 Rue de la Liberté;46,065226;3,462805
202300053366;13;2;2023;18:30;3;92;92036;1;1;1;4;AUTOROUTE A86;48,93895984;2,3073606
202300053367;2;1;2023;16:30;1;73;73257;1;1;1;6;D117;45,386086;6,503273
202300053368;12;6;2023;15:30;1;69;69244;2;5;1;6;Avenue Charles de Gaulle;45,758182;4,774675
202300053369;10;7;2023;18:09;1;63;63014;1;9;1;5;A75 - PK002.800;45,74931462;3,14436582
202300053370;6;5;2023;12:00;1;21;21054;2;2;1;3;SAINT-JACQUES (BOULEVARD);47,02078;4,83744
202300053371;13;2;2023;05:00;3;93;93027;1;1;1;6;AUTOROUTE A86;48,92852;2,41594
202300053372;28;10;2023;12:25;1;38;38336;1;1;1;2;A7 - Pk 008+700;45,463743;4,832954
202300053373;23;8;2023;12:15;1;26;26108;2;1;1;3;Rue Roch Grivel;44,727052;5,024657
202300053374;26;9;2023;07:30;2;57;57463;2;3;5;7;FORT DE QUEULEU;49,10032;6,20623
202300053375;30;3;2023;06:47;2;33;33487;1;1;1;2;AUTOROUTE A 10;44,95352152;-0,45754194
202300053376;1;6;2023;12:50;1;976;97603;1;1;1;7;Route nationale 3;-12,916894;45,185475
202300053377;14;7;2023;13:45;1;11;11262;1;1;1;6;Autoroute A 61, PK 368.000;43,158361;2,913136
202300053378;1;1;2023;05:10;3;988;98817;1;3;1;6;RPS1/Rue du Mont THABOR;-22,22943;166,53552
202300053379;27;10;2023;14:00;1;8;8081;2;1;2;7;Rue Diderot;49,849295;4,76183
202300053380;25;9;2023;21:45;5;56;56107;2;1;1;6;KERGUELEN (RUE DE);47,70717;-3,40838
202300053381;26;5;2023;10:30;1;34;34172;1;1;1;3;A709 PK010+200;43,608589;3,936464
202300053382;28;3;2023;08:50;1;33;33063;1;1;1;2;ROCADE A 630;44,88034315;-0,5399394
202300053383;14;2;2023;19:30;3;93;93051;1;1;1;3;A4;48,8347865;2,58010105
202300053384;29;10;2023;16:15;1;54;54397;2;3;2;6;372 Rue de la Justice;48,621889;6,102914
202300053385;1;1;2023;06:55;1;971;97125;2;1;1;6;Pombiray;16,286704;-61,303765
202300053386;26;11;2023;14:20;1;65;65123;1;1;1;3;RD 935 route des deux Cols;42,996279;0,206965
202300053387;24;8;2023;17:40;1;24;24037;1;1;1;3;Le penaud;44,82865;0,525112
202300053388;30;3;2023;11:01;1;91;91037;1;1;1;7;AUTOROUTE A6;48,54103;2,4983
202300053389;12;6;2023;01:20;3;11;11322;1;1;1;6;;43,00156;2,964029
202300053390;8;5;2023;11:35;1;16;16015;2;2;1;3;MAIRAT (RUE PAUL);45,65646;0,17505
202300053391;29;10;2023;12:10;1;26;26331;1;1;1;7;route du vercors;45,032979;5,292363
202300053392;25;9;2023;08:00;1;54;54526;2;3;1;2;Rue Louis Barthou;48,6973;6,20735
202300053393;2;1;2023;17:45;5;83;83099;2;1;1;6;RDN7;43,43981139;6,70745373
202300053394;14;2;2023;10:00;1;94;94042;1;1;1;5;A4;48,82836797;2,47558356
202300053395;25;8;2023;13:25;1;27;27105;2;3;1;3;Route de Rouen;49,310281;0,888079
202300053396;27;10;2023;20:15;4;86;86297;1;1;2;7;D910;46,563823;0,302984
202300053397;16;7;2023;05:00;2;60;60631;1;1;1;4;Autoroute A1, sens Paris vers Lille, PK 34+900;49,14424071;2,57546293
202300053398;3;1;2023;08:10;3;89;89037;1;1;1;6;Autoroute A6;47,917506;3,288034
202300053399;1;12;2023;06:45;3;64;64304;1;1;2;1;RD 312;43,478039;-1,409919
202300053400;11;6;2023;00:05;3;988;98814;1;1;1;6;Hnasatuluneun;-20,847769;167,23414
202300053401;29;3;2023;14:41;1;91;91617;1;1;1;5;RN 104;48,63171;2,49685
202300053402;8;5;2023;02:00;5;13;13216;2;1;1;1;ESTAQUE PLAGE;43,36057;5,29915
202300053403;13;2;2023;15:33;1;85;85191;2;9;1;6;Boulevard des états-unis;46,66556;-1,42004
202300053404;26;9;2023;15:20;1;45;45147;2;1;1;2;61 Rue Victor Hugo;47,92939707;1,89986229
202300053405;23;10;2023;19:00;3;83;83069;1;1;1;6;A570;43,116;6,1109
202300053406;16;7;2023;12:40;1;988;98803;2;3;1;6;RT1/Route Léon BRESIL;-21,551912;165,47911
202300053407;25;8;2023;09:30;1;37;37132;2;1;2;1;56 Avenue Aristide Briand;47,117057;1,002055
202300053408;3;1;2023;12:25;1;67;67339;1;1;1;1;D243;48,898087;7,930219
202300053409;1;12;2023;16:40;1;49;49301;2;1;1;6;11 Rue du Commerce (St Macaire-en-Mauges);47,12371563;-0,99242002
202300053410;7;5;2023;23:10;5;75;75113;2;2;1;6;RUE BOBILLOT;48,825807;2,35038
202300053411;13;7;2023;17:05;1;29;29233;1;1;1;7;D16;47,833123;-3,580513
202300053412;28;10;2023;03:30;5;69;69382;2;1;1;6;Route de Métropole 6 ;45,75076339;4,82303997
202300053413;12;6;2023;06:30;2;77;77005;1;1;2;1;D404;48,92663;2,727946
202300053414;26;9;2023;10:20;1;45;45075;2;1;1;3;30bis Route de Blois;47,8861;1,8274
202300053415;2;1;2023;17:19;2;22;22282;1;1;2;7;D19;48,600885;-2,242209
202300053416;25;8;2023;10:40;1;13;13091;2;1;1;3;48 Avenue Camille Pelletan;43,620059;5,301151
202300053417;2;12;2023;07:05;2;44;44158;1;1;1;7;Route de Saint Etienne de Montluc;47,247674;-1,735754
202300053418;16;7;2023;01:35;3;29;29230;1;1;1;6;D790;47,9639165;-3,50150774
202300053419;11;2;2023;13:30;1;67;67482;2;3;1;6;SCHIRMECK (ROUTE DE);48,562;7,69761
202300053420;12;6;2023;17:50;1;77;77144;1;1;1;6;VC;48,755489;2,909591
202300053421;8;5;2023;19:50;1;75;75112;2;2;1;1;BOULEVARD PONIATOWSKI;48,831852;2,397695
202300053422;29;3;2023;19:00;1;95;95060;1;1;1;2;A115;49,039968;2,19073612
202300053423;28;10;2023;07:00;3;91;91161;1;1;1;7;AUTOROUTE A6;48,71404;2,30876
202300053424;2;1;2023;23:45;3;60;60243;1;1;1;3;D1001;49,48792363;2,14779235
202300053425;24;8;2023;12:44;1;1;1089;1;1;1;4;A42 sens GENÈVE/LYON PK 040+100;45,959008;5,305133
202300053426;4;7;2023;11:55;1;45;45312;2;1;1;6;D2007 PR 28 + 730;47,91315804;2,73512679
202300053427;2;12;2023;15:00;1;60;60241;1;2;1;3;D330a;49,176657;2,686281
202300053428;26;9;2023;08:30;1;45;45285;2;3;1;3;262 Rue Charles Beauhaire;47,91789927;1,86025098
202300053429;8;5;2023;15:40;1;94;94054;2;1;1;7;Route Charles Tillon;48,73864;2,39119
202300053430;28;10;2023;07:30;2;92;92072;1;1;1;6;N118;48,82602589;2,22262601
202300053431;10;2;2023;15:43;1;63;63032;2;5;1;6;HUIT MAI 1945 (ESPLANADE DU);45,7531;3,0888
202300053432;1;12;2023;23:30;4;2;2186;1;1;1;7;N/A;48,988666;3,360137
202300053433;3;1;2023;17:40;3;2;2381;1;1;1;2;N/A;49,904766;4,085155
202300053434;12;6;2023;17:50;1;2B;2B079;2;1;1;5;PONTE NOVO;42,486716;9,2812
202300053435;27;9;2023;00:10;3;45;45338;1;1;1;6;D2060 PR 29 + 470;47,97178625;2,71670732
202300053436;24;8;2023;20:15;2;68;68042;1;1;2;6;A35 - PK 120.800;47,617258;7,515335
202300053437;29;3;2023;17:45;1;95;95572;1;1;1;4;RN 184;49,03235342;2,10743017
202300053438;7;5;2023;06:30;2;93;93073;2;1;3;3;Rue des Terres Noires;49,00244;2,53334
202300053439;14;7;2023;20:00;1;91;91386;2;1;1;2;16 rue de Paris;48,575001;2,434193
202300053440;2;1;2023;22:20;3;59;59268;2;1;1;6;1790 rue de la Lys;50,626727;2,72984
202300053441;29;3;2023;12:00;1;95;95641;1;9;1;6;A1;49,067872;2,552602
202300053442;10;2;2023;12:58;1;63;63113;2;2;1;6;Rue Champfleury / rue de Chalonnax;45,79154271;3,09594432
202300053443;24;8;2023;04:00;3;34;34146;1;1;1;1;A9, PK 84.370;43,688605;4,059834
202300053444;15;7;2023;06:10;2;2B;2B313;2;1;1;3;T10;42,364688;9,529497
202300053445;27;10;2023;17:05;1;78;78158;1;1;2;5;A13;48,832464;2,139304
202300053446;2;12;2023;13:50;1;80;80288;1;1;1;2;A1;49,882676;2,837477
202300053447;26;9;2023;11:40;1;42;42207;2;4;1;3;Boulevard Pierre Joannon;45,45556;4,50722
202300053448;8;5;2023;10:45;1;93;93031;2;1;1;2;Route de Saint-leu;48,95809;2,32968
202300053449;11;8;2023;14:15;1;68;68278;2;1;1;6;134 Rue de l'Île Napoléon;47,764974;7,394582
202300053450;13;2;2023;20:15;5;974;97416;2;7;1;6;MOULIN A CAFE(CHEMIN);-21,28438;55,47277
202300053451;2;1;2023;05:45;5;13;13117;1;1;1;3;A7-Sens Marseille vers Lyon;43,476722;5,237587
202300053452;7;7;2023;09:00;1;13;13052;2;7;1;2;10 Avenue du Poète;43,831885;4,782401
202300053453;30;3;2023;09:10;1;77;77514;1;1;1;3;A104;48,94346579;2,62839062
202300053454;12;6;2023;08:48;1;2B;2B332;1;1;1;5;route territoriale 30;42,646681;9,099298
202300053455;26;9;2023;23:20;5;41;41018;1;1;1;6;RD 956;47,60234;1,34894
202300053456;28;10;2023;13:55;1;95;95582;1;1;1;6;D170;48,96561068;2,27178812
202300053457;1;12;2023;17:30;3;59;59025;1;1;1;1;M141;50,591411;2,824709
202300053458;12;6;2023;08:50;1;48;48119;1;1;1;6;Le rachas;44,51198719;3,90897066
202300053459;29;3;2023;19:20;1;69;69383;2;1;1;6;Avenue Lacassagne;45,75162;4,87202
202300053460;24;8;2023;15:15;1;18;18092;1;1;1;7;N/A;47,058955;2,657404
202300053461;13;7;2023;22:20;4;1;1211;2;3;1;3;D22;46,117307;5,194519
202300053462;2;1;2023;17:25;1;33;33550;1;1;1;5;ROCADE A 630;44,78138;-0,58176
202300053463;28;10;2023;09:30;1;93;93005;1;1;1;2;AUTOROUTE A3;48,95441;2,47384
202300053464;12;2;2023;17:05;1;974;97411;1;9;2;4;JAURES (BOULEVARD JEAN);-20,88818;55,44409
202300053465;8;5;2023;15:50;1;93;93014;2;1;1;6;Avenue de Sévigné;48,91387;2,54689
202300053466;15;7;2023;22:40;3;80;80023;1;1;1;6;D934;49,73144339;2,70937979
202300053467;29;3;2023;12:20;1;4;4112;2;1;1;6;SPELS (MONTEE DES);43,84483;5,78468
202300053468;11;6;2023;17:55;1;83;83068;1;1;1;3;Route Départementale N°558;43,289639;6,493424
202300053469;25;8;2023;07:00;1;973;97311;2;2;1;3;Allee des Hoccos;5,47185432;-54,03336883
202300053470;27;10;2023;20:15;3;95;95572;1;1;2;2;A15;49,03104508;2,12144494
202300053471;8;5;2023;23:10;3;80;80216;1;1;1;6;D929;50,048204;2,742473
202300053472;12;9;2023;17:10;1;38;38053;1;2;1;3;D 1006;45,59299;5,24756
202300053473;30;11;2023;20:45;3;83;83144;1;1;1;5;A57;43,1366;5,99399
202300053474;11;2;2023;16:30;1;974;97407;2;9;1;3;ANGLAIS (CHE DES) - RIVIERE DES GALETS ;-20,95505;55,3151
202300053475;12;6;2023;10:45;1;5;5065;2;7;1;6;rue notre dame d'aquilon;44,659607;6,649298
202300053476;15;7;2023;22:00;1;59;59581;1;1;1;6;Rue des 3 Tilleuls;50,66551;2,768568
202300053477;26;9;2023;14:30;1;37;37261;2;1;1;3;GIRAUDEAU (RUE);47,38343;0,6769
202300053478;30;11;2023;11:10;1;33;33318;1;1;3;2;AUTOROUTE A 63;44,78592;-0,62758
202300053479;28;4;2023;23:10;5;91;91235;2;9;1;1;Av du Dr Louis Francois Fichez;48,639284;2,361862
202300053480;27;10;2023;16:45;1;93;93078;1;1;2;4;AUTOROUTE A104;48,96176998;2,54505298
202300053481;20;8;2023;02:45;5;971;97106;1;1;3;1;Route Nationale 2;16,170438;-61,776405
202300053482;13;2;2023;16:40;1;973;97302;2;3;3;6;RABAN (ROUTE DE);4,92238624;-52,31529057
202300053483;29;3;2023;10:55;1;988;98818;2;1;1;6;9 Rue Adolphe et Louise LAPLAGNE;-22,2604;166,46663
202300053484;2;1;2023;16:25;1;33;33487;1;1;1;4;AUTOROUTE A 10;44,94053;-0,466693
202300053485;9;6;2023;12:20;1;71;71283;2;1;1;2;D6;46,699656;4,912627
202300053486;14;7;2023;23:00;5;13;13210;1;1;1;3;A507 sens Aubagne- Marseille;43,28344;5,40065
202300053487;18;8;2023;15:35;1;77;77327;1;1;9;7;D12;48,578069;3,04199
202300053488;1;12;2023;19:17;5;91;91377;2;1;1;2;RN20;48,7296;2,30054
202300053489;8;5;2023;17:15;1;52;52331;2;1;1;3;68 Rue des Ponts;48,474023;4,765771
202300053490;13;2;2023;08:10;1;973;97302;2;1;3;3;ZEPHIR (ROCADE);4,93471;-52,30855
202300053491;26;9;2023;07:45;1;37;37233;2;2;1;3;ESTIENNE D'ORVES (RUE D');47,38769;0,71881
202300053492;25;8;2023;16:00;1;95;95295;1;1;1;6;D14;49,11975358;1,86050892
202300053493;29;3;2023;19:15;5;973;97302;2;1;1;3;LAFAURIE (CITE);4,93119;-52,3249
202300053494;1;12;2023;18:45;3;78;78640;1;1;1;6;N118;48,78123;2,222776
202300053495;28;10;2023;15:45;1;77;77258;1;1;2;5;A4.W;48,83059272;2,63216178
202300053496;14;7;2023;13:30;1;83;83137;1;1;1;3;A57;43,121793;5,954849
202300053497;2;1;2023;14:00;1;91;91228;1;1;1;4;AUTOROUTE A6;48,61916;2,42664
202300053498;10;6;2023;10:27;1;38;38187;1;1;1;1;D8;45,008297;5,631657
202300053499;24;8;2023;06:00;2;95;95446;1;1;1;6;D79;49,119894;2,160089
202300053500;26;9;2023;15:45;1;35;35238;2;9;1;6;STATION DE METRO HENRI FREVILLE (AUX ABO;48,08794;-1,67449
202300053501;27;10;2023;19:06;5;988;98818;2;1;1;6;PAPEETE (RUE DE);-22,24656;166,4446
202300053502;13;2;2023;19:20;5;69;69386;2;2;1;3;Cours Vitton;45,77002;4,85848
202300053503;7;5;2023;08:55;1;83;83148;1;3;1;6;route de lorgues - D48;43,430437;6,42168
202300053504;30;11;2023;19:05;3;92;92048;1;1;1;4;N118;48,78695192;2,22236293
202300053505;15;7;2023;11:10;1;33;33013;1;1;1;2;ROUTE NATIONALE 230;44,86511;-0,5037
202300053506;24;8;2023;13:30;1;2B;2B109;1;1;1;1;route départementale 80;42,738778;9,347938
202300053507;29;3;2023;14:30;1;69;69383;2;2;1;3;Boulevard Marius Vivier-Merle;45,7536;4,85921
202300053508;28;10;2023;03:30;3;974;97416;1;9;1;7;RN1(BRETELLE ACCES);-21,32814;55,45202
202300053509;8;5;2023;16:07;1;67;67006;1;1;1;7;D230;48,71589;7,467084
202300053510;12;6;2023;12:20;1;69;69050;2;2;1;1;Route Buissonniere;45,876072;4,644138
202300053511;13;2;2023;16:30;1;69;69081;2;1;1;6;54 Chemin de Montlouis;45,79105461;4,78664606