Num_Acc;jour;mois;an;hrmn;lum;dep;com;agg;int;atm;col;adr;lat;long
202300053512;30;11;2023;17:30;3;78;78206;1;1;1;6;A13;48,95544;1,937438
202300053513;14;7;2023;20:40;1;94;94003;1;1;1;2;A6A;48,81203112;2,33668026
202300053514;2;1;2023;07:00;1;92;92050;1;1;2;4;A86;48,90887046;2,21442681
202300053515;26;9;2023;13:00;1;35;35238;2;2;1;3;FREVILLE (AVENUE HENRI);48,08376892;-1,67450577
202300053516;11;6;2023;18:25;1;79;79049;1;1;1;7;;46,786805;-0,478959
202300053517;13;2;2023;08:15;1;69;69081;2;3;1;6;Rue du Collovrier;45,79012;4,77865
202300053518;9;5;2023;08:30;1;974;97414;1;1;1;6;route nationale 1005;-21,254542;55,458952
202300053519;2;1;2023;10:45;1;95;95572;1;1;2;6; A15;49,03104977;2,12143421
202300053520;27;10;2023;08:30;1;974;97411;2;2;1;5;PARIS (RUE DE);-20,8821;55,4498
202300053521;29;3;2023;11:10;1;69;69387;2;2;1;6;174 Avenue Jean Jaurès;45,73796224;4,83759834
202300053522;6;5;2023;12:30;1;34;34289;1;2;1;3;RD18;43,393541;3,409753
202300053523;15;7;2023;02:15;3;78;78158;1;1;1;2;A13;48,832421;2,138802
202300053524;11;6;2023;17:15;1;33;33439;1;1;1;6;Lieu Dit le Page;45,114776;-0,414074
202300053525;30;11;2023;14:45;1;92;92025;1;1;1;4;A86;48,92210032;2,22649712
202300053526;25;9;2023;19:20;1;34;34172;2;3;1;3;LODEVE (AVENUE DE;43,61029;3,85443
202300053527;2;1;2023;09:30;1;95;95277;1;1;2;6;A3;48,97313;2,48527
202300053528;25;8;2023;07:45;1;8;8136;1;1;3;6;RN58;49,704778;5,009336
202300053529;13;2;2023;14:04;1;2B;2B120;2;3;1;3;IMPERIALE (Route) D464 ;42,64068;9,43263
202300053530;27;10;2023;06:15;1;974;97411;2;1;1;2;RAMBAUD (LEOPOLD);-20,88583;55,47486
202300053531;29;3;2023;17:46;1;972;97213;1;1;1;3;ROUTE DEPARTEMENTALE 15;14,60881;-61,00497
202300053532;9;5;2023;07:40;1;84;84099;1;1;1;5;Route des Taillades;43,841925;5,096819
202300053533;11;6;2023;09:20;1;49;49021;1;1;1;3;Route des Bois d?Anjou;47,454065;-0,198784
202300053534;24;8;2023;11:05;1;67;67368;2;1;7;7;10 Rue Dreistein;48,464239;7,414283
202300053535;14;7;2023;09:36;1;78;78362;1;1;1;4;A13;48,97567;1,72373
202300053536;1;12;2023;00:05;5;95;95212;1;1;1;6;A1;49,02672191;2,53714234
202300053537;23;9;2023;03:24;5;30;30189;2;3;1;7;Route d'Avignon;43,8537;4,4014
202300053538;1;1;2023;12:30;1;974;97416;1;1;1;1;THOREZ (CHEMIN MAURICE);-21,2764;55,4684
202300053539;13;2;2023;06:00;3;95;95585;2;1;8;6;GARGES (ROUTE DE);48,98881632;2,37801701
202300053540;8;5;2023;17:50;1;42;42242;2;1;1;1;14 Route du 3 Juillet 1867;45,541965;4,641048
202300053541;25;8;2023;10:11;1;3;3201;1;1;2;6;les rocs gaillards;46,114978;3,63861
202300053542;29;3;2023;14:50;1;972;97209;2;1;1;6;ROUTE DEPARTEMENTALE 15 A;14,61046;-61,0462
202300053543;27;10;2023;08:20;1;974;97407;2;1;1;1;ELUARD(RUE);-20,9356;55,30399
202300053544;15;7;2023;01:15;3;93;93005;1;1;1;2;AUTOROUTE A104;48,97275;2,49336
202300053545;11;6;2023;11:20;1;61;61341;1;1;1;2;D26;48,494134;0,068836
202300053546;25;9;2023;15:50;1;29;29232;2;1;1;6;Avenue de Keradennec;47,97608798;-4,07476366
202300053547;1;12;2023;21:05;3;94;94028;1;1;1;3;A86;48,80172654;2,44741443
202300053548;16;8;2023;08:45;1;73;73303;2;1;1;6;D1508 - 820 Route d'annecy;45,74947846;6,41085441
202300053549;1;1;2023;05:15;1;974;97416;1;1;1;6;RN03;-21,32297;55,48223
202300053550;14;7;2023;22:10;3;93;93027;1;1;1;2;AUTOROUTE A86;48,92669333;2,40380852
202300053551;13;2;2023;08:20;1;91;91114;2;6;1;6;RPT DU DONJON;48,70063;2,50581
202300053552;9;5;2023;17:30;1;60;60385;2;1;8;1;Rue de Meaux;49,153857;3,111046
202300053553;27;10;2023;14:40;1;973;97302;2;3;1;3;MERE THERESA (rue);4,92210298;-52,31259629
202300053554;28;3;2023;10:54;1;972;97213;1;1;1;3;BOIS CARRE (RUE DU);14,62838;-60,99339
202300053555;24;8;2023;22:00;3;42;42296;1;1;1;7;Route de Lyon;45,734006;4,280468
202300053556;1;1;2023;06:45;2;974;97411;1;1;1;6;LITTORAL (ROUTE 2 DU);-20,87582;55,41795
202300053557;8;6;2023;17:45;1;14;14068;2;3;1;3;10 Rue du Général de Gaulle;49,239762;-0,3268
202300053558;15;7;2023;11:10;1;94;94017;1;1;1;3;A4;48,82844169;2,50273164
202300053559;14;2;2023;01:15;5;91;91027;2;5;1;7;RUE DE LA VOIE VERTE;48,69945;2,36038
202300053560;27;10;2023;14:53;1;69;69383;2;1;1;6;156 Rue Garibaldi;45,76274;4,85165
202300053561;9;5;2023;13:30;1;83;83019;1;1;1;1;D98;43,149908;6,296014
202300053562;1;12;2023;11:30;1;94;94017;1;1;1;4;A4;48,82676199;2,51252339
202300053563;29;3;2023;13:30;1;972;97209;1;1;1;1;REDOUTE (ROUTE DE LA);14,63601;-61,05587
202300053564;24;8;2023;22:47;5;69;69204;2;1;1;3;6 Rue Marc Riboud;45,696236;4,797201
202300053565;1;1;2023;18:45;3;972;97213;1;1;1;1;ROUTE DEPARTEMENTALE 3;14,64169;-60,99133
202300053566;26;9;2023;08:25;1;25;25056;1;1;1;5;OUEST BOULEVARD;47,21375;5,98814
202300053567;9;6;2023;17:00;1;57;57356;1;1;1;5;D15;49,4388221;6,09352827
202300053568;13;2;2023;16:55;1;91;91174;2;2;1;6;RUE CHARLES ROBIN;48,61595;2,4659
202300053569;15;7;2023;10:10;1;77;77121;1;1;1;4;A4;48,831449;2,679535
202300053570;27;10;2023;12:37;1;69;69387;2;2;1;3;Rue d'Anvers;45,7497;4,84265
202300053571;24;11;2023;18:00;5;24;24037;2;1;2;6;PETIT SOL (RUE DU);44,85702;0,48464
202300053572;25;8;2023;05:00;3;44;44073;1;1;1;1;11 Rue  Anne de Bretagne;47,403284;-1,647783
202300053573;1;1;2023;12:45;1;972;97209;2;1;1;7;CHATEAUBOEUF (ROUTE DE);14,61649;-61,04969
202300053574;8;6;2023;18:30;1;59;59481;1;1;1;7;D934;50,23478974;3,63808393
202300053575;8;5;2023;11:45;1;85;85109;1;1;1;7;RD23;46,8362;-1,00402
202300053576;29;3;2023;08:55;1;972;97209;2;6;1;3;BISHOP (Avenue Maurice);14,60416;-61,0609
202300053577;25;8;2023;03:20;3;50;50601;2;1;1;1;Route la Castellière - Giéville;49,014839;-0,972848
202300053578;25;9;2023;11:07;1;15;15014;2;1;1;6;DOCTEUR CHANAL (RUE DU);44,93889;2,4568
202300053579;17;3;2023;14:40;1;974;97414;2;1;1;1;Rue du Père Laporte;-21,266506;55,441562
202300053580;27;10;2023;07:15;1;972;97209;2;1;8;3;REDOUTE (ROUTE DE LA);14,62225;-61,06043
202300053581;13;3;2023;03:30;5;971;97120;1;6;1;7;CHEMIN NEUF;16,23221823;-61,53158069
202300053582;9;6;2023;11:25;1;59;59482;2;1;1;6;rue foch;50,712399;3,001021
202300053583;1;1;2023;21:47;5;2A;2A004;2;4;1;3;NAPOLEON COURS APRES BEVERINI;41,93212342;8,74060285
202300053584;11;2;2023;18:00;1;87;87085;2;3;1;4;TURGOT;45,83132;1,25609
202300053585;21;8;2023;07:00;1;35;35360;1;6;1;6;Rd 178;48,136824;-1,210685
202300053586;29;11;2023;18:00;2;988;98818;2;3;1;3;RUE JACQUES IEKAWE;-22,23558;166,47659
202300053587;14;7;2023;08:30;1;973;97302;2;9;1;2;BADUEL (ROUTE DE);4,93896331;-52,31790572
202300053588;8;5;2023;15:15;1;62;62113;1;3;1;4;D939;50,34934865;2,53718004
202300053589;26;9;2023;11:00;1;13;13117;2;1;1;2;PADOVANI ( AVE );43,43461;5,26061
202300053590;29;3;2023;12:00;1;2A;2A004;2;1;1;6;NAPOLEON COURS AVANT BEVERINI;41,9217;8,73722
202300053591;27;10;2023;19:51;4;2B;2B037;1;1;1;3;TOUTES RUES;42,62386;9,43686
202300053592;29;11;2023;08:30;1;974;97416;1;1;1;7;BOEUF(CHEMIN);-21,2885;55,46664
202300053593;1;1;2023;12:40;1;83;83069;2;6;1;3;DECUGIS (AVENUE ALFRED);43,11645;6,14649
202300053594;14;7;2023;00:30;5;971;97120;2;9;1;2;BLANCHARD;16,22378;-61,52628
202300053595;8;5;2023;19:47;1;62;62909;2;3;1;7;D18;50,063236;2,992444
202300053596;11;6;2023;17:20;1;13;13214;1;1;1;4;A507 sens Marseille - Aubagne;43,33242542;5,38583279
202300053597;13;2;2023;18:00;1;81;81004;2;2;1;3;SAPINS (CHEM DES);43,93099;2,18817
202300053598;13;10;2023;23:10;5;971;97107;2;3;1;7;FLAMBOYANTS ( ALLEE DES );16,0516;-61,5639
202300053599;26;9;2023;14:30;1;13;13002;2;6;1;1;VATERSTETTEN (AVENUE DE);43,35438;5,48498
202300053600;9;5;2023;12:00;1;2B;2B159;1;1;1;7;D80 pk 26+300;42,911661;9,470494
202300053601;14;7;2023;15:00;1;95;95268;2;1;1;3;D125;48,96159;2,4142
202300053602;24;8;2023;16:10;1;2;2596;1;1;2;1;D82;48,947014;3,279043
202300053603;29;11;2023;11:35;1;974;97411;2;1;1;2;JOFFRE (BOULEVARD);-20,8748;55,4539
202300053604;1;1;2023;18:15;5;81;81065;2;3;1;3;ALBERT 1° (AV);43,5983385;2,230613
202300053605;11;6;2023;18:00;1;13;13071;1;1;1;2;A55 - Sens Marseille vers Martigues;43,38108777;5,31559322
202300053606;29;3;2023;17:35;1;81;81144;1;6;1;3;RN 88;43,95829;2,15982
202300053607;27;10;2023;14:05;1;2A;2A004;2;1;1;6;NAPOLEON COURS AVANT BEVERINI;41,92335;8,73777
202300053608;13;2;2023;13:30;1;78;78650;2;6;1;2;BOCAGES (RUE DES);48,895628;2,139178
202300053609;26;9;2023;10:30;1;13;13210;2;1;1;6;ROMAIN ROLLAND (BOULEVARD);43,27539195;5,4165685
202300053610;8;5;2023;18:00;1;65;65442;1;3;1;3;Route de Boulogne;43,298581;0,610124
202300053611;30;11;2023;16:35;1;973;97302;2;1;1;3;VOLTAIRE(AVENUE);4,94282684;-52,32052946
202300053612;23;8;2023;23:30;3;13;13043;1;1;1;2;A55-Sens Martigues vers Marseille;43,38342;5,23067
202300053613;14;7;2023;02:14;5;86;86066;2;1;8;6;Avenue Honoré de Balzac;46,794181;0,526575
202300053614;10;6;2023;14:05;1;83;83035;1;1;1;6;A50;43,177558;5,769939
202300053615;27;10;2023;15:30;1;95;95585;2;1;1;6;D125;48,98816978;2,37847567
202300053616;26;9;2023;07:15;2;13;13202;2;1;8;3;VAUDOYER (AVENUE);43,29761;5,36367
202300053617;27;4;2023;19:50;1;11;11441;1;1;1;6;Chemin rural 417;43,202407;3,084444
202300053618;13;2;2023;08:50;1;77;77373;1;1;1;5;RN 4;48,77053;2,63129
202300053619;24;8;2023;08:50;1;69;69091;1;1;1;6;Autoroute 47 ;45,58537;4,7506
202300053620;30;11;2023;08:10;1;973;97302;2;1;1;6;GALMOT (AVENUE);4,93173;-52,32916
202300053621;1;1;2023;07:20;3;78;78172;1;1;1;5;RN 184;49,00053;2,08079
202300053622;10;6;2023;07:25;1;83;83069;1;1;1;6;A570;43,12218391;6,09825355
202300053623;14;7;2023;16:00;1;78;78401;2;2;1;2;RHIN ET DANUBE (PONT);49,00139;1,90657
202300053624;23;8;2023;21:20;5;33;33249;1;1;1;6;ROUTE NATIONALE 230;44,88361963;-0,51281556
202300053625;23;10;2023;17:00;1;95;95585;2;2;2;3;HENRI BERGSON (BOULEVARD);48,97297;2,37588
202300053626;29;3;2023;15:45;1;78;78440;2;1;1;2;PAUL RAOULT (AVENUE);48,992222;1,913825
202300053627;9;5;2023;14:00;1;63;63258;2;1;3;3;RD 906;45,675482;3,632312
202300053628;1;12;2023;00:45;5;69;69387;2;1;2;1;Rue de l'Epargne;45,744;4,85219
202300053629;11;6;2023;06:15;1;69;69009;1;1;1;3;Autoroute 6;45,93954;4,72366
202300053630;25;9;2023;16:50;1;13;13213;1;9;1;3;ALBERT EINSTEIN (RUE);43,3435;5,44623
202300053631;21;8;2023;02:58;5;33;33550;1;1;1;6;ROCADE A 630;44,77898;-0,5523
202300053632;14;7;2023;00:42;3;78;78638;1;3;1;3;MOULIN A VENT (CHEMIN DU );49,01987;1,95901
202300053633;13;2;2023;14:45;1;77;77431;2;2;1;3;D16 / D98;48,266778;2,685794
202300053634;8;5;2023;11:30;1;49;49018;2;1;1;7;Rue Guérin des Fontaines;47,539494;-0,112199
202300053635;29;3;2023;14:15;1;78;78440;1;1;1;2;CD 14;48,97933;1,88671
202300053636;1;1;2023;03:50;3;77;77237;2;3;1;3;D231;48,849377;2,767837
202300053637;27;10;2023;10:00;1;95;95598;2;6;8;3;DURES TERRES (RUE DES);48,99033;2,29632
202300053638;26;9;2023;07:40;2;11;11262;2;1;1;6;Avenue Pierre Semard;43,18925;3,00776
202300053639;30;11;2023;23:45;5;69;69386;2;2;2;3;Rue des Emeraudes;45,76907;4,86055
202300053640;9;5;2023;08:45;1;42;42325;1;1;1;6;N82;45,942623;4,141299
202300053641;14;7;2023;18:00;1;72;72181;2;9;1;3;DIESEL RODOLPHE (RUE);47,98569;0,22524
202300053642;24;8;2023;21:20;5;94;94043;1;1;1;4;A6B;48,80839441;2,34798035
202300053643;11;6;2023;21:20;2;91;91363;1;1;3;3;RN104;48,6597;2,18502
202300053644;1;1;2023;18:30;3;76;76231;2;1;2;6;Chemin du Buquet;49,290508;0,98245
202300053645;28;3;2023;10:00;1;72;72181;2;1;1;6;PANORAMA (RUE DU) N° IMP;47,96443;0,22066
202300053646;13;2;2023;15:30;1;77;77014;2;3;1;3;D138;48,41307;2,74184
202300053647;25;9;2023;17:20;1;10;10362;1;1;1;6;RD 660;48,2934192;4,05026436
202300053648;14;7;2023;01:15;5;71;71306;2;1;1;6;BOIS CLAIR (RUE DU );46,69593;4,36843
202300053649;9;5;2023;18:39;1;46;46309;2;9;1;6;34 Avenue du Général de Gaulle;44,898953;1,47794
202300053650;26;10;2023;20:50;5;87;87085;2;1;3;5;TOULOUSE (RUE DE);45,80145;1,29445
202300053651;30;11;2023;15:45;1;69;69387;2;2;2;3;Rue de l'Université;45,7492;4,84197
202300053652;11;6;2023;06:10;1;91;91064;1;1;1;6;RN 118;48,74902;2,21276
202300053653;24;8;2023;06:00;3;93;93066;1;1;1;2;AUTOROUTE A1;48,92186;2,35708
202300053654;9;5;2023;07:05;2;29;29024;1;1;8;6;D787;48,29030519;-3,54583836
202300053655;1;1;2023;06:30;5;76;76366;2;2;1;1;Rue de la République;49,50974;1,03329
202300053656;28;3;2023;17:00;1;71;71040;2;1;1;2;JOSEPH LAMBERT (RUE);46,69594;4,39131
202300053657;12;2;2023;14:25;1;77;77239;1;1;1;1;D209;48,63195;3,10266
202300053658;14;7;2023;15:00;1;69;69266;2;1;1;3;25 Rue de la Soie;45,76208;4,91731
202300053659;25;9;2023;06:02;5;10;10362;2;3;1;1;GENERAL LECLERC (RUE DU);48,29184;4,02172
202300053660;7;5;2023;15:25;1;31;31033;2;1;1;7;Avenue d?Arenys de Mar;43,350636;1,478568
202300053661;10;6;2023;22:43;4;91;91363;1;1;1;6;RN 104;48,65447;2,17759
202300053662;30;11;2023;14:19;1;69;69383;2;2;2;3;Avenue Lacassagne;45,75456;4,86639
202300053663;27;10;2023;05:40;5;83;83137;2;1;1;7;JACQUEMIN (BD EMILE);43,13993317;5,91901606
202300053664;24;8;2023;14:00;1;94;94046;1;1;2;2;A86;48,80712934;2,44871697
202300053665;10;7;2023;10:40;1;69;69264;2;1;1;3;23 Rue Claude Bernard;45,99412;4,71762
202300053666;20;8;2023;03:20;4;7;7102;1;1;1;7;Chemin des MULETS;44,93364;4,85886
202300053667;1;1;2023;19:45;5;72;72181;2;2;8;3;CARNOT (BD);48,00875;0,18084
202300053668;6;2;2023;06:30;5;74;74305;2;3;1;3;TOURNELLES (RUE DES);46,19941;6,24522
202300053669;29;3;2023;07:55;1;67;67482;2;8;1;3;COLMAR (AVENUE DE);48,558;7,74855
202300053670;10;6;2023;22:20;3;78;78043;1;1;1;6;A12 Y;48,82847;2,07902
202300053671;23;8;2023;19:00;2;77;77449;1;1;1;7;A4;48,83312912;2,79203309
202300053672;14;7;2023;19:15;1;69;69259;2;2;1;3;Avenue Jean Cagne;45,69508;4,87355
202300053673;25;10;2023;15:00;1;83;83069;1;1;1;2;TOULON (VIEUX CHEMIN DE);43,12370327;6,09646064
202300053674;7;5;2023;19:50;2;26;26324;2;1;1;2;31 Avenue du Général de Gaulle;44,345869;4,758255
202300053675;30;11;2023;07:00;5;69;69383;2;1;2;4;Rue Turbil;45,75534015;4,86779953
202300053676;1;1;2023;04:00;5;69;69264;2;4;1;6;Rue Claudius Savoye;45,99136;4,73249
202300053677;12;2;2023;10:45;1;71;71153;2;1;1;2;21 Rue du Marechal Joffre;46,793911;4,421495
202300053678;28;3;2023;14:14;1;64;64102;2;1;1;2;SOULT (AVENUE MARECHAL);43,4873;-1,48496
202300053679;8;6;2023;20:40;1;95;95598;2;1;1;1;DURES TERRES (RUE DES);48,98972;2,29441
202300053680;26;9;2023;07:15;1;6;6029;2;6;1;3;BORDE (AVENUE DE LA)(BOCCA);43,56739;6,96761
202300053681;10;6;2023;19:20;1;93;93005;1;1;1;3;AUTOROUTE A3;48,9598;2,47358
202300053682;30;11;2023;09:18;1;87;87065;1;1;1;6;AUTOROUTE A20;45,79953;1,29611
202300053683;14;7;2023;14:10;1;67;67218;2;1;1;6;ROSEAUX (RUE DES);48,5186;7,7192
202300053684;6;5;2023;15:30;1;83;83025;1;1;1;3;route départementale 560, PK 033+050;43,529077;5,970377
202300053685;2;1;2023;01:40;3;59;59339;2;1;1;6;HUGO (RUE VICTOR);50,68288;3,24674
202300053686;25;10;2023;22:15;5;80;80021;2;1;1;1;SAINT MAURICE (QUAI);49,90162;2,29514
202300053687;10;2;2023;16:38;1;66;66136;2;1;1;6;LECLERC (AVENUE DU GENERAL);42,70125;2,8902
202300053688;8;5;2023;17:05;1;18;18028;1;1;1;7;N/A;47,106793;2,302194
202300053689;28;5;2023;04:50;3;53;53054;1;9;1;1;RD 31 VERS FOUGERES;48,0917;-0,82279
202300053690;28;3;2023;15:55;1;63;63113;2;9;1;1;MONTESQUIEU (RUE);45,79586;3,11784
202300053691;29;11;2023;15:00;1;83;83137;2;9;1;3;GRENIER (QUAI EMILE);43,13427;5,90585
202300053692;26;9;2023;19:30;2;75;75119;2;2;1;6;RUE D AUBERVILLIERS;48,89871968;2,37036467
202300053693;14;7;2023;08:25;1;64;64483;2;1;1;2;ITHURRALDE ANDRE (AVENUE);43,3918;-1,65453
202300053694;10;6;2023;16:00;1;93;93064;1;1;1;2;AUTOROUTE A86;48,88086587;2,4751941
202300053695;6;5;2023;06:30;2;16;16069;1;1;1;6;Voie communale sans numéro;45,865292;0,145193
202300053696;13;2;2023;15:50;1;64;64284;2;9;1;3;VALLEES DES;43,29295;-0,38666
202300053697;14;7;2023;12:00;1;64;64122;2;1;1;6;MARECHAL LECLERC(BD DU);43,48281;-1,56584
202300053698;1;1;2023;08:00;2;59;59650;2;2;1;3;LIBERTE (BOULEVARD DE LA);50,70794705;3,18666548
202300053699;15;6;2023;09:51;1;92;92073;2;4;1;3;SELLIER (BOULEVARD HENRI);48,86744625;2,22676188
202300053700;30;11;2023;17:40;5;81;81004;2;6;2;6;SAINT JUERY (AV DE) DU N° 1 AU N° 48;43,93377;2,17218
202300053701;26;9;2023;17:35;1;75;75119;2;1;1;3;RUE DE L OURCQ;48,891815;2,380097
202300053702;28;3;2023;13:08;1;63;63113;2;2;1;1;DULAURE (RUE)/ Monnier (sur voie de tram);45,78034;3,08325
202300053703;8;5;2023;16:00;1;7;7126;1;1;1;7;Route de la Vallee de l'Ibie;44,436139;4,433477
202300053704;10;6;2023;13:45;1;75;75112;1;1;1;2;A4;48,823477;2,463058
202300053705;26;10;2023;10:40;1;76;76351;2;1;1;6;GENERAL DE GAULLE (PLACE);49,48988;0,10754
202300053706;14;7;2023;02:35;5;64;64024;2;1;1;3;BAB (BOULEVARD DU);43,49735;-1,50783
202300053707;1;1;2023;20:57;5;49;49007;2;1;2;1;POIREL BOULEVARD;47,46123;-0,56177
202300053708;11;2;2023;06:44;5;63;63113;2;2;1;3;Côte Blatin / Blum;45,7718;3,0938
202300053709;9;5;2023;11:15;1;21;21455;1;1;2;6;RD 971;47,763964;4,574876
202300053710;9;3;2023;15:15;1;59;59603;1;1;2;6;RD 59;50,3234866;3,49555135
202300053711;16;6;2023;20:45;1;92;92044;2;2;1;3;MATHILD GIRAUD (SQUARE)38BAUDIN;48,8969;2,28202
202300053712;26;9;2023;15:15;1;75;75118;2;3;1;2;AVENUE DE LA PORTE DE MONTMARTRE;48,900225;2,335603
202300053713;29;11;2023;18:48;3;79;79191;1;1;1;4;N/A;46,31796;-0,3934
202300053714;15;7;2023;02:00;4;60;60159;2;1;1;6;86 Rue du Bataillon de France;49,4228;2,83806
202300053715;11;2;2023;10:10;1;62;62516;2;1;1;6;Boulevard de Paris;50,55179;2,47535
202300053716;1;1;2023;16:00;1;45;45004;1;1;1;2;D163 PR 6 + 456;47,98396;2,8251
202300053717;18;6;2023;15:30;1;92;92012;2;6;1;6;RHIN ET DANUBE (ROND POINT);48,84077958;2,22885936
202300053718;11;2;2023;17:35;1;61;61006;2;1;1;3;Voie Communale;48,74331;-0,02472
202300053719;8;5;2023;10:00;1;87;87003;1;1;8;1;La Salesse;46,295499;1,336719
202300053720;29;3;2023;17:50;1;59;59426;2;3;1;6;SALENGRO (PLACE ROGER);50,75087973;3,15159023
202300053721;26;9;2023;09:00;1;75;75118;2;1;1;6;BOULEVARD DE CLICHY;48,883716;2,333365
202300053722;10;6;2023;14:00;1;971;97113;2;1;7;6;MONTAUBAN (SECTEUR);16,20882293;-61,50004864
202300053723;1;1;2023;18:03;5;35;35238;2;1;1;6;VERDUN (BD DE);48,11576706;-1,69151768
202300053724;10;2;2023;15:20;1;59;59390;2;1;1;6;COMPIEGNE (RUE);50,33741716;3,19544435
202300053725;26;10;2023;09:45;1;71;71486;2;2;2;3;VERNOIS (RUE DU);46,662498;4,36568
202300053726;12;7;2023;19:26;1;59;59507;2;3;1;3;BEL AIR RUE DU;50,60823;3,0899
202300053727;29;3;2023;13:35;1;59;59410;2;1;1;1;SANGNIER MARC AVENUE;50,64692072;3,11125517
202300053728;8;5;2023;18:05;1;30;30228;1;1;1;3;N/A;43,930153;4,389424
202300053729;1;6;2023;17:10;1;62;62548;1;1;1;5;A16;50,93749;1,93334
202300053730;29;11;2023;19:15;5;77;77122;2;1;1;6;D57G;48,64937;2,56437
202300053731;2;3;2023;10:35;1;57;57143;2;1;1;6;CLEMENCEAU (RUE);49,26;6,09421
202300053732;14;7;2023;10:00;1;51;51454;2;1;1;6;DAUPHINOT (BOULEVARD);49,2615;4,0567
202300053733;1;1;2023;10:50;1;35;35238;2;2;2;2;BERGER (AVENUE GASTON);48,11603;-1,70509
202300053734;7;5;2023;22:40;3;35;35352;1;1;1;6;la Planche;48,07595;-1,605849
202300053735;10;6;2023;01:30;3;95;95582;2;5;1;3;MAGENDIE (RUE) ;48,977487;2,252642
202300053736;23;8;2023;15:00;1;974;97416;1;1;1;7;CD 26;-21,29579;55,44447
202300053737;10;3;2023;17:30;1;59;59350;2;1;1;3;LOUIS XIV BOULEVARD;50,62;3,07
202300053738;25;10;2023;16:40;1;71;71059;2;1;3;1;CHARLEVILLE (RUE DE);46,80615;4,47833
202300053739;26;9;2023;19:15;2;75;75116;2;2;1;3;CARREFOUR DES CASCADES;48,858412;2,258927
202300053740;9;2;2023;01:35;3;57;57019;1;1;9;7;CD181;49,22254;6,05667
202300053741;14;7;2023;20:37;1;37;37195;2;8;1;6;CHAPELLE (RUE DE LA);47,37615088;0,65969467
202300053742;9;6;2023;16:40;1;27;27681;2;1;1;7;FUTAIE (RUE DE LA);49,07758;1,48338
202300053743;1;1;2023;06:05;5;34;34172;2;1;1;1;M986;43,58893;3,89077
202300053744;22;8;2023;07:55;1;974;97416;2;1;1;3;OLIVINES (RUE DES);-21,32333;55,47446
202300053745;9;5;2023;12:00;1;3;3118;1;1;3;2;A719;46,117015;3,176295
202300053746;29;3;2023;08:40;1;59;59350;2;2;1;3;VAUBAN BOULEVARD N°2-18-1-39;50,63339;3,04767
202300053747;27;10;2023;13:55;1;71;71076;2;1;2;3;RENE CASSIN (RUE);46,77374;4,86508
202300053748;22;2;2023;21:50;3;69;69290;1;1;1;6;Autoroute 43 ;45,71287487;4,94659518
202300053749;26;9;2023;16:00;1;75;75116;2;7;1;2;PLACE TATTEGRAIN;48,864028;2,271947
202300053750;14;7;2023;10:10;1;37;37261;2;3;1;6;TONNELLE (BOULEVARD);47,38294357;0,66833138
202300053751;30;11;2023;17:20;2;76;76540;2;1;2;6;Rue Dufay;49,42473;1,07508
202300053752;7;5;2023;16:00;1;1;1087;1;1;8;6;Autoroute A40 - PK 112+760 vers Genève;46,17086;5,678363
202300053753;12;2;2023;22:50;3;50;50129;1;1;1;6;RN 13;49,63452;-1,56363
202300053754;22;8;2023;06:20;2;974;97416;2;1;1;7;AUGUSTIN ARCHAMBAUD(RUE);-21,33026;55,47944
202300053755;1;1;2023;18:50;3;22;22215;1;1;2;3;MERLET (RUE DE);48,4899;-2,8125
202300053756;27;10;2023;02:45;5;67;67482;2;1;2;7;MENACHEM TAFFEL (RUE);48,57407;7,74471
202300053757;28;3;2023;16:00;1;56;56121;2;3;1;2;27 Avenue Jean Jaurès;47,74528;-3,37322
202300053758;22;8;2023;18:20;1;974;97411;2;1;1;7;JAURES (BOULEVARD JEAN);-20,8918;55,46719
202300053759;26;9;2023;08:15;1;75;75116;2;2;1;3;ALLEE DE LA REINE MARGUERITE;48,858558;2,244877
202300053760;29;11;2023;18:20;5;76;76351;2;2;2;6;COLBERT (QUAI);49,49095787;0,12317643
202300053761;10;6;2023;13:00;1;974;97416;2;1;1;2;BOIS NOIRS(ALLEE DES);-21,28811;55,45713
202300053762;14;7;2023;23:05;3;35;35238;1;1;1;3;NATIONALE;48,12801;-1,71185
202300053763;12;2;2023;19:15;5;49;49099;2;6;1;3;PRAT (AVENUE MARCEL);47,05565;-0,89604
202300053764;28;3;2023;20:10;2;54;54395;2;1;1;2;LOBAU (BOULEVARD);48,6835;6,19677
202300053765;8;5;2023;16:30;1;78;78010;1;3;1;2;D45;48,915056;1,934616
202300053766;22;8;2023;15:55;1;974;97411;2;1;1;6;POIVRE (RUE);-20,88762;55,45158
202300053767;26;10;2023;12:00;1;67;67482;2;8;8;3;RICHARD STRAUSS (RUE);48,596598;7,759255
202300053768;29;11;2023;12:30;1;72;72181;2;1;1;6;SAVORGNAN DE BRAZZA (AV) N° IMP;48,01367;0,22215
202300053769;1;1;2023;04:25;3;17;17415;1;9;1;1;ROCADE OUEST;45,725586;-0,647673
202300053770;14;7;2023;10:40;1;35;35238;2;1;8;6;SAINT-AUBIN (CONTOUR);48,115344;-1,679941
202300053771;26;9;2023;10:45;1;75;75115;2;2;1;3;AVENUE EMILE ZOLA;48,846413;2,283124
202300053772;12;2;2023;17:37;1;49;49353;2;1;1;1;SEMARD;47,45088;-0,46199
202300053773;10;6;2023;09:10;1;974;97407;2;6;1;3;PASTEUR(AVENUE);-20,94522;55,29275
202300053774;18;8;2023;07:45;1;974;97411;2;1;1;6;MACE (BOULEVARD GABRIEL);-20,87230975;55,45117378
202300053775;28;3;2023;11:50;1;54;54395;2;1;1;3;SCARPONE (BD DE);48,70457;6,1628
202300053776;1;1;2023;17:40;5;17;17306;2;6;1;7;QUEBEC (AVENUE);45,63258;-1,01834