Num_Acc;jour;mois;an;hrmn;lum;dep;com;agg;int;atm;col;adr;lat;long
202300053777;27;10;2023;09:21;1;66;66136;1;1;1;2;RN 116;42,69416;2,85014
202300053778;29;11;2023;13:10;1;72;72181;2;1;1;1;NATIONALE (RUE);47,997;0,20118
202300053779;13;2;2023;07:35;5;47;47001;2;1;1;6;MICHELET (AV.);44,19921;0,6269
202300053780;20;8;2023;01:05;5;974;97407;2;1;1;6;RUE THEODORE DROUET;-20,9484;55,31729
202300053781;15;7;2023;00:30;5;33;33063;2;5;1;1;Rue Camille Godard;44,8550791;-0,57377145
202300053782;26;9;2023;21:30;3;75;75111;2;2;1;3;RUE DES BLUETS;48,864736;2,382949
202300053783;28;3;2023;17:10;1;49;49328;2;1;1;6;PALUSTRE (RUE LEOPOLD);47,27413;-0,10873
202300053784;9;6;2023;09:05;1;973;97302;2;4;1;7;BADUEL (ROUTE DE);4,93821134;-52,31676418
202300053785;26;10;2023;04:48;5;66;66136;2;1;1;6;N/A;42,69481;2,88908
202300053786;1;1;2023;16:15;2;14;14437;1;1;2;4;N814;49,16145;-0,30824
202300053787;13;2;2023;19:35;5;45;45068;2;6;1;2;2 Avenue du Général Leclerc;48,01226;2,73969
202300053788;29;11;2023;18:00;5;69;69029;2;1;1;3;Route de Genas;45,74960094;4,91314543
202300053789;23;8;2023;09:46;1;973;97302;2;1;1;3;MONTABO (ROUTE DE) 1;4,93512;-52,29292
202300053790;14;7;2023;20:10;1;33;33119;2;2;1;3;Avenue Hubert Dubedout;44,84708;-0,51023
202300053791;26;9;2023;14:45;1;75;75111;2;2;1;6;BOULEVARD VOLTAIRE;48,863769;2,37012
202300053792;10;6;2023;10:15;1;69;69387;2;2;1;6;Grande Rue de la Guillotière;45,75303;4,84509
202300053793;27;10;2023;06:40;5;64;64024;2;1;1;7;BAYONNE (AVENUE DE);43,48245082;-1,50638759
202300053794;29;3;2023;08:45;1;49;49007;2;2;1;3;BARANGE BOULEVARD;47,45435;-0,56765
202300053795;1;1;2023;15:30;1;13;13214;2;3;1;3;COMMANDANT FINAT DUCLO (BOULEVARD);43,33259692;5,38288842
202300053796;9;5;2023;07:00;1;987;98715;1;1;1;4;RT5;-17,584;-149,56
202300053797;13;2;2023;07:55;1;35;35238;2;5;5;1;ROOSEVELT (BD FRANKLIN);48,09722;-1,65795
202300053798;9;6;2023;16:30;1;69;69385;2;1;1;6;13 Rue Commandant Charcot;45,7536;4,8053
202300053799;29;11;2023;16:50;2;69;69259;2;1;1;3;Avenue Jacques Duclos;45,6979;4,89335
202300053800;28;3;2023;15:33;1;49;49007;2;1;1;3;GASNIER AVENUE;47,487;-0,57295
202300053801;22;8;2023;19:15;5;973;97302;2;3;1;3;MANGO (ROUTE);4,92958632;-52,31511891
202300053802;2;7;2023;17:27;1;27;27229;2;3;1;2;RUSSELSHEIM (RUE DE);49,008953;1,160942
202300053803;28;10;2023;00:55;5;62;62413;1;3;9;3;D917;50,46600315;2,90384102
202300053804;26;9;2023;07:35;2;75;75111;2;2;1;3;BOULEVARD RICHARD LENOIR;48,858031;2,37163
202300053805;1;1;2023;05:40;3;13;13210;2;1;1;1;SCHLOESING (BOULEVARD);43,27752;5,39937
202300053806;30;11;2023;02:55;5;68;68256;1;1;1;6;A36;47,757161;7,303521
202300053807;12;10;2023;22:40;3;62;62528;2;1;1;7;D165;50,45073609;2,75966477
202300053808;13;2;2023;08:45;1;33;33281;2;6;1;6;Avenue de la Grange Noire;44,858;-0,67718
202300053809;29;3;2023;06:10;5;44;44109;2;1;1;2;130 Rue Paul Bellamy;47,2278;-1,56131
202300053810;14;7;2023;15:00;1;13;13071;2;1;1;2;CD 6;43,41442;5,34893
202300053811;10;6;2023;11:34;1;2B;2B037;1;1;1;5;TOUTES RUES;42,620408;9,43693
202300053812;26;9;2023;09:45;1;75;75108;2;2;1;6;QUAI DES TUILERIES;48,864071;2,320124
202300053813;23;8;2023;17:50;1;69;69389;2;2;1;3;Avenue Barthélémy Buyer;45,76410825;4,79086848
202300053814;1;1;2023;04:40;5;13;13201;2;3;1;5;ADOLPHE THIERS (RUE);43,29878;5,38534
202300053815;9;5;2023;02:45;3;77;77185;1;2;1;6;Intersection RD637 et RD50;48,463709;2,554976
202300053816;29;11;2023;11:25;1;66;66136;2;3;1;3;N/A;42,6803;2,90876
202300053817;29;3;2023;18:00;1;42;42044;1;1;1;3;Route de Saint-Romain;45,380056;4,342839
202300053818;10;6;2023;23:38;5;95;95680;2;9;1;3;SALVADOR ALLENDE (BOULEVARD);49,00415366;2,3923147
202300053819;14;7;2023;12:25;1;13;13208;2;1;1;1;GOUDES (CHEMIN DES);43,22683;5,34815
202300053820;13;2;2023;15:38;1;27;27375;2;1;1;3;ONZE NOVEMBRE 1918 (RUE DU);49,2184;1,16688
202300053821;23;10;2023;16:05;1;62;62510;2;1;3;5;Rue Emile Zola;50,43373833;2,75602609
202300053822;1;1;2023;04:10;3;13;13005;1;1;1;7;EOURES (ROUTE D');43,30720996;5,55174131
202300053823;22;8;2023;23:00;5;2B;2B037;2;3;1;3;TOUTES RUES;42,62852;9,42808
202300053824;27;10;2023;11:35;1;60;60159;2;3;1;6;Rue Saint-Corneille;49,41718;2,82408
202300053825;14;7;2023;08:40;1;13;13206;2;2;1;3;ROME (RUE DE);43,29117;5,38078
202300053826;26;9;2023;13:00;1;75;75107;2;2;1;3;PONT ALEXANDRE III;48,862828;2,313459
202300053827;8;5;2023;19:30;5;973;97311;2;3;1;3;Avenue Christophe Colomb;5,478189;-54,037918
202300053828;30;11;2023;18:00;3;64;64335;1;1;3;4;SALIE;43,34244491;-0,41138113
202300053829;1;1;2023;11:35;1;13;13001;1;6;1;7;Route de Loqui;43,52359;5,3758
202300053830;22;8;2023;10:58;1;2B;2B033;2;3;1;6;PAOLI DU NR 1 A 20 - BLD;42,69779;9,44915
202300053831;13;2;2023;11:15;1;13;13054;2;9;1;6;HENRI DUNANT (AV );43,40256;5,26139
202300053832;7;5;2023;22:50;3;971;97115;1;1;1;6;Bréfort;16,264365;-61,645001
202300053833;30;11;2023;08:18;5;64;64237;1;1;2;7;FONTAINE;43,2786;-0,37003
202300053834;14;7;2023;22:20;5;13;13001;2;6;1;6;ALLUMETTES (RUE DES);43,52376;5,4392
202300053835;30;3;2023;22:37;5;38;38185;2;2;1;3;DIDEROT (RUE);45,18905;5,70579
202300053836;26;9;2023;04:50;5;75;75104;2;2;1;3;QUAI DE LA CORSE;48,85565755;2,34833837
202300053837;19;8;2023;08:30;1;971;97113;1;1;1;6;Section Port Blanc;16,22551893;-61,45644128
202300053838;27;10;2023;20:25;5;59;59360;2;2;8;3;CLEMENCEAU RUE;50,61597;3,01016
202300053839;1;1;2023;00:15;3;11;11069;2;1;1;7;RD 6113;43,22964;2,34194
202300053840;9;5;2023;07:20;1;45;45108;1;1;2;7;D156 PR 4 + 506;47,582533;2,506878
202300053841;10;6;2023;21:35;2;83;83034;2;3;1;3;RUE DES 3 PINS;43,10009;6,0619
202300053842;29;3;2023;15:45;1;37;37261;2;1;1;6;PORTALIS (AVENUE JEAN);47,36743;0,68713
202300053843;22;8;2023;10:30;1;971;97101;1;1;1;6;ROUTE DE CHAZEAU;16,29207;-61,46369
202300053844;13;2;2023;20:15;3;6;6088;2;1;1;4;BELLET (RTE DE);43,7;7,28
202300053845;14;7;2023;19:42;1;11;11069;2;6;1;2;ROCADE NORD - RD 6113;43,22042;2,38034
202300053846;29;11;2023;17:15;5;64;64024;2;1;1;4;BAYONNE (AVENUE DE);43,48247;-1,50559
202300053847;27;10;2023;10:25;1;58;58194;2;1;1;6;COLBERT;46,99293;3,16011
202300053848;1;1;2023;20:25;3;6;6069;2;1;1;2;SEMARD (AVENUE PIERRE);43,655997;6,928683
202300053849;8;5;2023;19:00;1;66;66210;1;1;1;7;N/A;42,64021;2,731475
202300053850;26;9;2023;08:15;1;94;94081;2;1;1;3;11 Route de Fontainebleau;48,773396;2,367919
202300053851;27;10;2023;11:59;1;57;57672;2;1;1;6;JEAN VIGO (RUE);49,35965;6,13381
202300053852;29;3;2023;09:45;1;37;37261;2;2;1;3;DELAROCHE (RUE);47,42782;0,67425
202300053853;13;2;2023;18:10;5;6;6123;2;9;1;1;GUYNEMER AVENUE;43,661536;7,196636
202300053854;9;6;2023;17:15;1;81;81021;2;2;2;5;GUIRAUD (PIERRE-EUGENE);43,49839;2,37154
202300053855;1;1;2023;11:50;1;6;6069;2;1;2;7;MARIGARDE (ROUTE DE LA);43,653715;6,936215
202300053856;14;7;2023;15:02;1;11;11069;1;1;1;5;route départementale 6113;43,21783;2,38231
202300053857;21;8;2023;16:15;1;971;97101;1;9;1;3;AEROPORT POLE CARAIBES;16,27474;-61,52437
202300053858;28;11;2023;10:40;1;62;62193;2;3;2;6;Rue du Mal de Lattre de Tassigny;50,96236;1,83209
202300053859;26;9;2023;19:15;2;94;94067;2;1;1;6;GENERAL DE GAULLE (AV DU);48,84595;2,41747
202300053860;5;5;2023;11:45;1;84;84026;1;3;1;3;D973;43,734003;5,350932
202300053861;14;7;2023;18:40;1;10;10387;2;9;1;6;MAJOR GENERAL VANIER (AVENUE);48,30469;4,07187
202300053862;23;8;2023;08:15;1;95;95019;2;1;1;6;D208;48,98577;2,40999
202300053863;28;3;2023;08:15;1;37;37261;2;1;1;3;MARCHANT DU PLESSIS (BOULEVARD);47,38083;0,68301
202300053864;10;6;2023;18:15;1;95;95527;2;1;3;1;AV CHARLES DE GAULLE;49,00265568;2,51716733
202300053865;26;10;2023;13:00;1;56;56260;2;2;8;6;MONTESQUIEU(RUE);47,65404;-2,74901
202300053866;29;11;2023;22:10;3;61;61006;1;1;1;6;D958;48,71384;-0,00652
202300053867;13;2;2023;11:10;1;75;75118;2;2;1;3;BOULEVARD NEY;48,898221;2,352523
202300053868;1;1;2023;12:55;1;75;75120;2;3;1;2;RUE BELGRAND;48,864596;2,406024
202300053869;9;5;2023;08:39;1;83;83055;2;1;1;6;695 Route de Draguignan;43,594313;6,685293
202300053870;26;9;2023;08:25;1;94;94037;2;1;1;6;2ème Avenue;48,81451;2,33376
202300053871;21;3;2023;15:28;1;36;36044;2;1;1;6;Av 6 J 1944 Debarquement Allies;46,81277;1,68483
202300053872;13;7;2023;18:00;1;75;75112;2;1;1;3;BD PERIPHERIQUE EXTERIEUR;48,845831;2,414445
202300053873;22;8;2023;09:50;1;95;95563;2;3;1;3;D192P;49,02797;2,24882
202300053874;13;2;2023;17:45;1;75;75117;2;1;1;6;BOULEVARD BESSIERES;48,896686;2,319848
202300053875;24;10;2023;17:10;1;54;54528;2;1;9;3;Avenue Georges Clémenceau;48,67989;5,8799
202300053876;8;5;2023;18:34;1;57;57765;2;1;1;6;D26;49,168184;6,703988
202300053877;30;11;2023;22:05;5;59;59244;2;4;8;3;CHAMP DE TIR (RUE DU);50,17134;3,20412
202300053878;10;6;2023;19:09;1;77;77487;2;2;1;3;D 605;48,53638;2,703409
202300053879;29;3;2023;08:30;1;35;35278;1;1;1;7;N136;48,14111;-1,68215
202300053880;1;1;2023;00:25;5;75;75119;2;2;1;3;Avenue de Flandre;48,89244677;2,37888068
202300053881;14;7;2023;02:30;5;75;75106;2;1;1;1;RUE DE VAUGIRARD;48,845629;2,321932
202300053882;26;9;2023;20:45;5;94;94034;2;2;1;3;Boulevard Pasteur;48,75811;2,31683
202300053883;12;2;2023;12:40;1;75;75116;2;3;8;6;RUE FRANCOIS MILLET;48,850384;2,273279
202300053884;30;11;2023;08:15;2;56;56121;2;2;2;6;Rue Émile de Najac;47,739672;-3,368941
202300053885;10;6;2023;17:40;1;77;77296;2;1;1;2;AV DE JATTEAU;48,63169;2,58179
202300053886;27;10;2023;18:20;5;54;54498;2;1;2;4;Route de Sarreguemines;48,71391;6,25083
202300053887;9;5;2023;09:30;1;63;63203;1;2;1;1;intersection D407 / D 796;45,845319;3,061516
202300053888;1;1;2023;21:15;5;75;75118;2;2;2;3;RUE CAULAINCOURT;48,88981206;2,34292835
202300053889;28;3;2023;15:20;1;33;33063;1;3;1;2;Avenue de Labarde;44,90679;-0,55573
202300053890;14;7;2023;20:48;1;75;75114;2;3;1;3;RUE DIDOT;48,832188;2,320378
202300053891;22;8;2023;15:45;1;91;91201;2;1;1;4;AV DE L EUROPE;48,681755;2,429387
202300053892;26;9;2023;08:35;1;94;94073;2;9;1;3;Boulevard de Stalingrad;48,77343;2,39952
202300053893;13;2;2023;22:00;4;75;75115;2;2;1;3;RUE DE L ABBE GROULT;48,840473;2,295779
202300053894;14;7;2023;06:25;2;75;75115;2;3;1;7;RUE DU THEATRE;48,849616;2,286138
202300053895;26;9;2023;08:05;2;94;94073;2;1;7;6;Rue Romain Gary;48,76706596;2,38041624
202300053896;29;11;2023;13:54;1;56;56121;2;6;1;3;MARNE ( AV DE LA );47,74533;-3,36798
202300053897;8;5;2023;09:25;1;38;38565;2;1;1;3;71 Quai des Chartreux;45,298298;5,636876
202300053898;21;8;2023;18:50;1;91;91114;2;1;1;2;AV PIERRE PROST;48,69926;2,49413
202300053899;1;1;2023;18:45;2;75;75115;2;2;1;6;RUE DE JAVEL;48,84209219;2,29036376
202300053900;27;3;2023;21:00;5;33;33063;2;3;1;3;Quai de la Souys;44,83076;-0,54467
202300053901;13;2;2023;17:30;1;75;75115;2;2;1;6;RUE BLOMET;48,843067;2,306835
202300053902;26;10;2023;14:50;1;52;52104;1;1;1;1;BAR LE DUC (ROUTE DE);48,66409529;4,97842903
202300053903;10;6;2023;07:15;1;77;77186;1;1;1;7;D606 de l'obélisque à limite MORET;48,37038346;2,79244296
202300053904;25;9;2023;17:50;1;94;94017;2;1;1;2;Rue de la Gaîté;48,80709172;2,53506464
202300053905;14;7;2023;03:15;5;75;75115;2;3;1;3;BOULEVARD DE VAUGIRARD;48,84157;2,318313
202300053906;21;8;2023;15:00;1;91;91657;2;1;1;3;AV DE LA TOURELLE;48,69198;2,44276
202300053907;1;1;2023;01:55;5;75;75112;2;3;1;6;BOULEVARD DE BERCY;48,83995559;2,38232464
202300053908;27;10;2023;16:15;1;51;51454;2;1;1;6;LUTON (PLACE);49,270516;4,025114
202300053909;29;3;2023;20:25;2;31;31555;2;1;1;3;BRIENNE (ALL DE) DU 1AU 135;43,608397;1,424208
202300053910;30;11;2023;08:35;1;54;54263;2;1;4;1;Rue Maurice Thorez;49,210361;5,990999
202300053911;26;9;2023;17:30;1;93;93066;2;1;1;6;Boulevard Anatole France;48,91986499;2,34349154
202300053912;9;6;2023;16:05;1;77;77186;1;6;1;3;ROND POINT OBELISQUE;48,397181;2,692661
202300053913;9;5;2023;19:00;1;69;69094;2;1;2;1;Route de Marcy;45,758377;4,697793
202300053914;13;2;2023;10:15;1;75;75115;2;2;1;6;BOULEVARD DE GRENELLE;48,849147;2,297986
202300053915;27;10;2023;13:55;1;50;50218;2;1;1;6;MATIGNON (AV DES);48,83803;-1,58285
202300053916;14;7;2023;01:45;5;75;75115;2;3;1;3;RUE LECOURBE;48,844404;2,308757
202300053917;28;3;2023;18:00;1;29;29019;2;1;2;3;rue de Glasgow;48,39309;-4,48439
202300053918;8;5;2023;17:15;1;46;46100;1;1;1;6;51 impasse de l'embarcadère;44,55797849;2,02599049
202300053919;30;11;2023;12:40;1;51;51454;2;1;1;2;VENISE (RUE);49,24833;4,03551
202300053920;1;1;2023;19:00;5;75;75111;2;7;2;6;BOULEVARD VOLTAIRE;48,84909919;2,39472717
202300053921;9;6;2023;19:00;1;72;72181;2;1;1;6;ESTEREL USINE DES EAUX;47,994;0,234
202300053922;26;9;2023;15:00;1;93;93055;2;1;1;6;Avenue Jean Lolive;48,89418391;2,41827477
202300053923;23;8;2023;11:30;1;91;91027;2;2;1;3;RUE PAUL DEMANGE;48,71616;2,37081
202300053924;30;3;2023;01:10;5;27;27229;2;1;1;6;VAL ITON (RUE DU);49,032869;1,145266
202300053925;26;10;2023;18:30;2;49;49007;2;3;2;1;BRISEPOTIERE;47,48108;-0,5336
202300053926;13;2;2023;21:30;5;75;75111;2;3;1;3;BOULEVARD VOLTAIRE;48,855352;2,384312
202300053927;14;7;2023;20:40;1;75;75114;2;3;1;3;AVENUE DU GENERAL LECLERC;48,824694;2,325891
202300053928;7;5;2023;07:45;2;9;9082;1;1;8;6;D117;42,995369;1,321832
202300053929;26;9;2023;14:45;1;93;93050;2;1;1;6;Avenue Paul Doumer;48,858073;2,52438
202300053930;28;11;2023;07:50;2;50;50129;2;1;1;6;GAMBETTA (RUE);49,63823;-1,62632
202300053931;9;6;2023;11:55;1;72;72181;2;9;1;2;SAURIA CHARLES (RUE);48,03197;0,18261
202300053932;1;1;2023;23:04;5;75;75107;2;3;2;7;RUE SAINT DOMINIQUE;48,858105;2,30145
202300053933;20;8;2023;03:09;3;86;86158;2;1;1;6;D910;46,62971;0,35599
202300053934;20;1;2023;12:08;1;19;19272;2;1;1;7;Victor Continsouza (Quai);45,27159456;1,7762661
202300053935;27;10;2023;09:20;1;45;45234;2;1;1;3;19 Boulevard Rocheplatte;47,90564;1,89765
202300053936;13;2;2023;15:54;1;75;75111;2;2;1;6;AVENUE DE LA REPUBLIQUE;48,864589;2,378034
202300053937;26;9;2023;07:00;2;93;93048;2;1;1;6;Avenue Pasteur;48,86580996;2,43682236
202300053938;14;7;2023;16:50;1;75;75110;2;3;1;2;BOULEVARD DE MAGENTA;48,875784;2,356513
202300053939;10;6;2023;10:10;1;71;71306;2;1;1;6;GENERAL DE GAULLE (QUAI DU);46,67341;4,3613
202300053940;28;11;2023;19:00;3;50;50129;1;3;2;3;BARBUSSE (RUE HENRI);49,61383;-1,65587
202300053941;1;1;2023;10:45;1;94;94076;2;2;8;3;42 Boulevard Maxime Gorki / Rue Jean Baptiste Clément;48,79607014;2,3683463
202300053942;8;5;2023;17:20;1;31;31187;1;6;1;3;D632;43,527823;1,209393
202300053943;29;3;2023;16:15;1;17;17415;2;1;1;2;CASTAGNARY ALLEE;45,7410984;-0,63997149
202300053944;27;10;2023;05:19;5;45;45298;2;1;2;6;47 Rue des Hautes Levées;47,89289;1,87853
202300053945;20;8;2023;16:15;1;83;83069;2;1;1;1;ALMANARRE (ROUTE DE L');43,08449863;6,11172295
202300053946;25;9;2023;17:20;1;93;93048;2;1;1;6;Rue de Stalingrad;48,86008372;2,44334904
202300053947;13;2;2023;10:35;1;75;75110;2;2;1;7;RUE LOUIS BLANC;48,883055;2,361624
202300053948;14;7;2023;12:40;1;75;75103;2;2;1;3;BOULEVARD BEAUMARCHAIS;48,855808;2,368481
202300053949;30;11;2023;01:39;5;49;49353;2;1;1;1;BAHONNEAU BOULEVARD;47,45449;-0,48316
202300053950;1;1;2023;18:30;5;93;93008;2;3;8;6;Rue d’Ankara / Avenue Edouard Vaillant;48,9108;2,466
202300053951;10;6;2023;18:20;1;69;69286;2;2;1;3;11 Avenue des Combattants en Afrique du Nord 1952-1962;45,81493;4,89362
202300053952;27;10;2023;21:30;3;45;45004;1;1;2;6;D163 PR 5 + 320;47,98637;2,81074
202300053953;23;8;2023;21:50;5;81;81004;2;1;1;6;LACOMBE (BD);43,92012876;2,13530606
202300053954;8;5;2023;21:30;2;86;86036;1;1;1;3;D147;47,053024;0,073235
202300053955;26;9;2023;18:20;1;93;93008;2;1;1;6;Chemin des Huats;48,909801;2,457124
202300053956;29;3;2023;15:20;1;13;13204;2;1;1;3;CHUTES LAVIE (AVENUE);43,3086;5,39692
202300053957;13;2;2023;06:50;5;75;75110;2;2;1;7;RUE DU FAUBOURG SAINT DENIS;48,876517;2,35621
202300053958;1;1;2023;13:50;1;92;92020;2;1;2;6;PAIX AVENUE DE LA  AUTRES N°;48,804901;2,282884
202300053959;29;11;2023;17:18;5;49;49007;2;1;1;3;CHATENAY AVENUE VICTOR;47,48678;-0,51357
202300053960;14;7;2023;15:06;1;94;94022;2;1;1;5;Avenue Anatole France;48,76204403;2,41110668
202300053961;8;5;2023;03:10;3;33;33554;1;1;1;6;Avenue des Tabernottes;44,876531;-0,468131
202300053962;9;6;2023;21:00;2;69;69092;2;3;2;3;531 Rue des Grillons;45,99557;4,7016
202300053963;18;8;2023;16:37;1;80;80021;2;1;1;1;LE TINTORET (RUE);49,92499;2,29865
202300053964;26;9;2023;20:30;5;93;93007;2;9;1;6;Square Maurice Audin;48,94853738;2,45322447
202300053965;29;3;2023;14:30;1;13;13212;2;1;1;6;LA MARTINE (TRAVERSE);43,30072547;5,46747753
202300053966;27;10;2023;12:40;1;45;45338;2;6;1;3;30 Rue Aristide Briand;47,99189;2,69383
202300053967;13;2;2023;14:30;1;75;75108;2;7;1;6;PLACE DE L EUROPE;48,87910247;2,32345551
202300053968;1;1;2023;04:15;5;92;92024;2;3;1;3;GENERAL ROGUET (RUE DU) DE (1 A 57)   (2;48,90608;2,31292
202300053969;9;5;2023;12:00;1;62;62443;2;6;3;6;D188;50,451896;2,637046
202300053970;13;7;2023;23:25;5;94;94079;2;6;1;2;Rue de Coeuilly;48,82258397;2,54112133
202300053971;30;11;2023;17:20;5;45;45234;1;1;2;4;D2020 PR 37 + 10;47,83751;1,91555
202300053972;27;10;2023;16:45;1;44;44184;2;7;1;6;7 Place Pierre Sémard;47,28533;-2,21163
202300053973;4;5;2023;05:30;2;62;62865;1;1;1;6;D44E1;50,319213;2,996575
202300053974;22;8;2023;11:10;1;77;77169;2;3;1;3;EMERY (RUE D');48,81366;2,6217
202300053975;1;6;2023;19:22;1;68;68149;2;3;1;3;ST-LOUIS ( RUE DE );47,590361;7,572967
202300053976;14;7;2023;19:30;1;94;94002;2;9;1;6;Rue du 14 Juillet;48,80362829;2,41820616
202300053977;4;5;2023;06:00;5;92;92078;2;2;1;3;VERDUN (AVENUE) (PAIRS 92 ET PLUS);48,93487523;2,32497329
202300053978;13;2;2023;11:10;1;75;75108;2;2;1;2;AVENUE DES CHAMPS ELYSEES;48,87011;2,306655
202300053979;30;11;2023;16:00;1;45;45274;1;3;1;7;D951 PR 87 + 443;47,87177723;1,94968557
202300053980;29;3;2023;22:30;5;13;13063;2;1;1;2;CHARLES DE GAULLE AVENUE;43,5823698;5,00124952
202300053981;27;10;2023;08:25;1;42;42095;2;1;1;6;Rue Michelet;45,38873517;4,29112516
202300053982;8;5;2023;03:55;5;33;33063;1;1;1;2;ROCADE A 630;44,88077648;-0,54187194
202300053983;2;1;2023;18:28;3;67;67103;1;3;2;3;Intersection d633/d133;48,809548;7,422552
202300053984;30;11;2023;18:40;5;44;44109;2;1;2;6;16 Rue du Moulin de la Garde;47,26154138;-1,50861894
202300053985;26;9;2023;15:00;1;92;92050;2;1;1;6;ARLEQUIN ALLEE DE L';48,89069898;2,2273542
202300053986;22;8;2023;08:32;1;77;77114;1;1;1;4;RD 471;48,74274;2,70244
202300053987;13;2;2023;10:55;1;75;75108;2;2;1;6;RUE LA BOETIE;48,874175;2,317578
202300053988;10;6;2023;15:30;1;67;67482;2;3;1;3;PIERRE PFLIMLIN (BOULEVARD);48,5989;7,7734
202300053989;14;7;2023;14:30;1;93;93027;2;2;1;3;Rue de la Convention / Avenue Marcel Cachin;48,92601754;2,3966905
202300053990;30;3;2023;00:45;3;11;11069;2;1;1;3;N/A;43,21237;2,3185
202300053991;15;11;2023;14:20;1;42;42223;2;1;1;6;Rue de la République;45,44621;4,33618
202300053992;8;5;2023;16:50;1;91;91228;1;1;1;3;AUTOROUTE A6;48,629;2,41195
202300053993;26;9;2023;13:30;1;92;92007;2;1;1;3;DORMOY AVENUE MARX N°102 A FIN;48,81036903;2,31158685
202300053994;22;8;2023;08:45;1;77;77243;2;2;1;2;GENERAL LECLERC  (AVENUE DU);48,873;2,687
202300053995;1;1;2023;18:45;2;973;97353;2;3;1;7;Rue Emmanuel Tolinga;3,644448;-54,034302
202300053996;14;7;2023;07:30;1;93;93057;2;2;1;2;Avenue Victor Hugo / Avenue du Président Wilson;48,90950793;2,51491002
202300053997;22;11;2023;22:35;5;39;39362;2;1;1;6;4 Rue François Monin;46,677827;5,542777
202300053998;26;10;2023;19:30;5;41;41269;2;3;3;1;BLOIS (ROUTE DE);47,78224;1,06997
202300053999;29;3;2023;23:30;5;6;6088;2;1;1;3;CARABACEL (BD);43,70371;7,27564
202300054000;9;6;2023;16:15;1;67;67462;2;3;1;3;LIBERTE (AVENUE DE LA);48,25867;7,44871
202300054001;11;2;2023;12:49;1;75;75107;2;7;1;3;RUE DE L UNIVERSITE;48,860726;2,318759
202300054002;1;1;2023;15:10;1;18;18032;1;1;1;7;;47,422407;2,894592
202300054003;27;10;2023;23:05;3;38;38185;1;1;1;6;A480;45,20661;5,68815
202300054004;7;5;2023;02:46;3;91;91161;1;1;3;4;AUTOROUTE A6;48,696399;2,316843
202300054005;26;9;2023;20:40;5;92;92026;2;2;1;6;COURBEVOIE (PONT DE);48,89683;2,26482
202300054006;14;7;2023;20:50;1;93;93007;2;3;1;3;Avenue Henri Barbusse / Rue Maurice Berteaux;48,93898;2,46122
202300054007;29;3;2023;18:10;1;6;6029;2;2;1;3;JOURDAN (AVENUE MICHEL);43,55489;6,97221
202300054008;23;8;2023;14:25;1;76;76165;2;6;1;4;Rue Félix Faure;49,289212;1,035628
202300054009;1;1;2023;03:45;3;972;97232;2;1;1;6;Pointe Faula;14,542294;-60,832506
202300054010;29;11;2023;17:25;5;38;38563;2;2;1;6;Rue du Colombier;45,36768;5,58935
202300054011;13;2;2023;15:30;1;75;75102;2;2;1;3;RUE ETIENNE MARCEL;48,863869;2,348966
202300054012;9;6;2023;17:32;1;67;67180;1;1;1;1;SCHIRRHEIN (ROUTE DE);48,81625;7,823317
202300054013;13;7;2023;23:55;5;92;92077;2;1;1;6;COROT (RUE);48,82805;2,19286
202300054014;6;5;2023;23:56;3;91;91477;1;1;3;2;AUTOROUTE A10;48,71817;2,26128
202300054015;26;9;2023;08:30;1;92;92026;2;1;1;2;MARECHAL JOFFRE (QUAI DU);48,89742519;2,26643407
202300054016;27;10;2023;18:20;2;38;38185;2;1;2;2;RUE GÉNÉRAL FERRIÉ;45,18044;5,72346
202300054017;30;11;2023;12:10;1;37;37261;2;1;8;7;MIRABEAU (PONT);47,40162804;0,70143521
202300054018;22;8;2023;11:15;1;76;76540;2;9;1;2;N1338;49,43724;1,07208
202300054019;1;1;2023;22:35;3;77;77182;2;3;1;6;D204;48,779624;3,303993
202300054020;12;2;2023;07:35;1;75;75103;2;2;8;3;BOULEVARD DU TEMPLE;48,864567;2,365822
202300054021;14;7;2023;18:53;1;92;92062;2;9;1;3;FUSILLES DE LA RESISTANCE RUE DES;48,88402667;2,22547
202300054022;9;6;2023;18:15;1;64;64125;2;1;1;3;BAYONNE (AVENUE DE);43,4501;-1,5618
202300054023;7;5;2023;21:40;3;92;92025;1;1;8;6;A86;48,93542176;2,2605831
202300054024;27;10;2023;09:17;1;37;37122;1;1;8;6;RD 37;47,33092;0,67611
202300054025;29;3;2023;19:35;1;75;75118;2;1;1;3;PORTE D AUBERVILLIERS;48,900654;2,369798
202300054026;20;8;2023;13:10;1;76;76131;1;1;1;1;Cote de la Maison Brulee;49,34652429;0,9330225
202300054027;25;9;2023;11:55;1;92;92024;2;2;1;3;CLICHY (QUAI DE) DE (8 A 60);48,90849676;2,30009179
202300054028;27;10;2023;09:25;1;35;35051;1;1;2;6;D 175;48,14295011;-1,62711918
202300054029;14;7;2023;10:10;1;92;92025;2;1;1;3;STALINGRAD (AV DE);48,93119901;2,26709872
202300054030;1;1;2023;19:45;3;14;14649;1;1;2;6;A88;48,867483;-0,203196
202300054031;10;6;2023;21:20;1;64;64024;2;2;1;3;LAROCHEFOUCAULD (AVENUE DE);43,48738;-1,53637
202300054032;13;2;2023;18:30;2;94;94081;2;3;1;3;Quai Jules Guesde / Rue Berthie Albrecht;48,79977;2,41355
202300054033;8;5;2023;02:35;3;94;94081;1;1;2;4;A86;48,77409978;2,4089616
202300054034;30;11;2023;08:05;1;37;37214;2;1;1;4;D938;47,42922;0,64872