Num_Acc;jour;mois;an;hrmn;lum;dep;com;agg;int;atm;col;adr;lat;long
202300054035;29;3;2023;16:45;1;75;75112;2;1;1;2;BOULEVARD PERIPHERIQUE;48,833569;2,408341
202300054036;14;7;2023;03:28;5;92;92012;2;1;1;6;GENERAL LECLERC (AVENUE DU) 35/FIN - 60/;48,82986;2,23094
202300054037;26;9;2023;19:35;2;92;92023;2;3;1;3;PRESIDENT ROOSEVELT (RUE DU) N°1 A 45;48,80419745;2,25802615
202300054038;28;10;2023;01:00;5;34;34172;2;9;1;3;ECOLE D'AGRICULTURE-GABRIEL BUCHET (AVEN;43,61561;3,85622
202300054039;21;8;2023;17:40;1;76;76351;2;3;1;5;LOUIS LUMIERE;49,52702;0,12994
202300054040;6;5;2023;00:00;3;94;94046;1;1;1;6;A86;48,80408662;2,4486362
202300054041;30;11;2023;09:55;1;34;34172;2;1;2;6;ECOLE NORMALE (RUE DE L');43,61769;3,8397
202300054042;21;8;2023;03:15;5;76;76351;2;1;1;7;PASTEUR;49,50384;0,130573
202300054043;27;10;2023;12:05;1;34;34172;2;1;1;6;RAOUX (RUE);43,601999;3,86828
202300054044;10;6;2023;15:20;1;59;59512;2;1;1;5;BEAUREPAIRE (BOULEVARD);50,690998;3,196297
202300054045;1;1;2023;19:40;3;80;80476;1;1;2;7;D901;50,032686;1,890024
202300054046;14;7;2023;17:45;1;92;92002;2;2;1;3;ONZE NOVEMBRE (AVENUE DU);48,75087;2,3061
202300054047;29;3;2023;14:45;1;75;75112;2;1;1;2;PORTE DE CHARENTON;48,831934;2,405092
202300054048;25;9;2023;18:15;1;92;92012;2;3;1;3;LE JOUR SE LEVE (AVENUE);48,83441875;2,25809745
202300054049;28;2;2023;21:50;5;74;74012;2;1;1;6;CHABLAIS (RUE DU);46,19524;6,23603
202300054050;11;2;2023;23:35;5;94;94068;2;2;1;2;Avenue des Piliers;48,794048;2,507407
202300054051;15;7;2023;03:00;3;60;60351;1;1;1;6;D938;49,5454;2,664571
202300054052;6;6;2023;08:20;1;59;59350;2;9;1;6;Avenue de Dunkerque;50,64479;2,98014
202300054053;18;8;2023;14:35;1;76;76351;2;3;1;3;JEAN JAURES (AVENUE);49,49769;0,1369
202300054054;26;9;2023;20:30;3;71;71583;1;1;1;6;Autoroute A6 PK393+900 Sens P/L;46,261388;4,792536
202300054055;30;11;2023;07:45;2;33;33249;2;2;2;6;Rue Fingues;44,87287;-0,52493
202300054056;28;3;2023;13:40;1;75;75118;2;1;1;3;PORTE DE LA CHAPELLE;48,901118;2,354841
202300054057;18;2;2023;14:28;1;74;74010;2;1;1;6;MAQUIS (CHEMIN DU);45,91913;6,13021
202300054058;2;1;2023;11:35;1;82;82117;1;1;1;1;barreau;44,338926;0,963372
202300054059;15;7;2023;05:00;2;60;60036;1;6;1;7;N31;49,387918;2,577871
202300054060;27;10;2023;09:00;2;33;33063;2;2;2;3;Rue des Vignes;44,83199;-0,56573
202300054061;13;2;2023;07:45;1;94;94058;2;3;1;6;Avenue Gabriel Péri;48,837243;2,495617
202300054062;9;6;2023;10:00;1;59;59273;2;1;1;7;D11;50,98097;2,14625
202300054063;29;5;2023;02:35;3;973;97308;1;1;1;6;RN2 - PK184;3,904751;-51,814804
202300054064;28;3;2023;23:20;5;75;75113;2;1;2;7;PORTE D ITALIE;48,8172;2,366254
202300054065;9;2;2023;07:55;1;74;74010;2;1;1;6;STAND (DU);45,90841;6,12149
202300054066;1;1;2023;06:00;3;11;11104;1;1;1;7;;42,69196864;2,23214312
202300054067;27;10;2023;17:40;1;31;31557;2;9;1;6;DOUMERGUE (RUE GASTON);43,58425;1,34696
202300054068;23;8;2023;05:40;5;76;76114;2;2;1;3;SAINT EUSTACHE (RUE DE);49,560962;0,473223
202300054069;12;7;2023;10:00;1;24;24236;1;1;1;5;D3 Route du Val de l'Isle;45,171086;0,567083
202300054070;30;11;2023;08:00;3;33;33192;2;6;3;3;Route de Léognan;44,76786;-0,61169
202300054071;13;2;2023;09:00;1;94;94017;2;1;1;2;Rue de Musselburgh;48,81157403;2,51454896
202300054072;23;9;2023;06:00;3;50;50407;1;1;1;7;A84;48,609278;-1,334538
202300054073;2;1;2023;00:30;3;22;22107;1;1;2;7;Rue de Lan Kergreis;48,236751;-3,122574
202300054074;27;3;2023;18:37;1;75;75120;2;1;1;2;PORTE DE BAGNOLET;48,868765;2,413467
202300054075;24;10;2023;15:00;1;31;31555;2;1;1;6;AV ETIENNE BILLIERES;43,59689514;1,42620295
202300054076;12;2;2023;11:20;1;63;63430;2;1;1;6;N/A;45,8656;3,5847
202300054077;14;7;2023;19:50;1;81;81132;2;1;1;6;Avenue de Cocagne;43,643413;2,045871
202300054078;9;6;2023;12:55;1;54;54253;1;2;1;6;D613;49,20074;5,90559
202300054079;26;9;2023;18:15;1;57;57383;1;1;1;6;D955;48,727512;6,898759
202300054080;1;1;2023;12:20;1;44;44048;2;1;2;6;427 Les Mazeries;47,38724;-1,311117
202300054081;30;11;2023;16:50;2;32;32013;2;6;2;3;Route d'Agen;43,66119;0,5992
202300054082;13;2;2023;14:11;1;94;94071;2;6;1;3;Rue de Paris / Rue de Champigny;48,7746;2,51085
202300054083;26;10;2023;09:00;1;30;30007;2;1;8;6;JAURES (QUAI JEAN);44,12134;4,07572
202300054084;29;3;2023;15:50;1;75;75115;2;2;1;3;RUE DUTOT;48,837681;2,307818
202300054085;10;6;2023;21:20;1;49;49099;2;2;1;6;LIBERATION (AVENUE DE LA );47,05428;-0,88065
202300054086;15;7;2023;18:15;1;11;11203;1;2;1;3;N/A;43,230313;2,795559
202300054087;22;8;2023;21:05;5;73;73008;2;6;1;2;D1201 - LATTRE DE TASSIGNY AVENUE DE L';45,6955;5,90712
202300054088;27;9;2023;11:00;1;95;95566;2;1;1;2;D85;49,1073513;2,34998841
202300054089;13;2;2023;10:45;1;94;94048;2;1;1;6;avenue des UZELLES;48,742;2,56113
202300054090;30;11;2023;11:00;1;31;31555;2;1;8;7;A624 (PURPAN);43,60456;1,40009
202300054091;15;7;2023;13:30;1;23;23001;1;1;2;6;D942;46,088487;2,054443
202300054092;2;1;2023;09:15;1;1;1225;1;1;8;1;D933;46,058365;4,7693
202300054093;7;5;2023;00:40;5;13;13208;2;1;1;5;PRADO (AVENUE DU);43,26604;5,38126
202300054094;23;9;2023;03:50;3;67;67508;1;1;1;7;D919;48,963822;7,139997
202300054095;26;10;2023;09:12;1;27;27229;2;3;2;3;NEUBOURG (RUE DU);49,0334;1,13008
202300054096;29;3;2023;19:00;1;75;75118;2;3;1;3;RUE MARX DORMOY;48,884892;2,359343
202300054097;23;8;2023;15:30;1;69;69266;2;2;1;3;Rue Paul Verlaine;45,76932;4,88025
202300054098;27;9;2023;02:21;3;71;71224;1;1;1;7;D985;46,511005;4,259284
202300054099;11;6;2023;00:48;5;49;49007;2;2;1;3;BEAUSSIER BOULEVARD;47,47153;-0,60007
202300054100;30;11;2023;09:12;2;22;22113;1;9;2;6;CHAMP BLANC (LIEU-DIT);48,75375849;-3,51986691
202300054101;15;7;2023;13:30;1;83;83048;1;1;1;1;997 Boulevard du Littoral;43,190894;6,566992
202300054102;1;1;2023;12:00;1;83;83005;1;1;1;6;D71;43,686851;6,109434
202300054103;13;2;2023;06:50;5;94;94004;2;2;2;3;Avenue du Général Leclerc / Rue de Valenton;48,74699;2,51021
202300054104;27;3;2023;13:30;1;75;75116;2;1;1;6;RUE NICOLO;48,859441;2,279406
202300054105;7;5;2023;19:30;5;974;97416;2;1;1;6;PRESBYTERE (RUE DU);-21,3342;55,47166
202300054106;19;10;2023;09:42;1;18;18033;2;9;1;3;Boulevard d'Auron;47,079665;2,390124
202300054107;27;9;2023;14:55;1;25;25524;1;9;1;7;chemin de halage;47,448464;6,657307
202300054108;29;11;2023;20:50;5;15;15014;2;1;3;6;N 122;44,910139;2,425495
202300054109;14;7;2023;22:30;3;971;97109;1;1;1;6;Avenue du Général de Gaulle Route Nationale 1;15,99453444;-61,70912147
202300054110;2;1;2023;04:30;3;36;36224;1;1;3;6;;46,71682241;0,95371036
202300054111;10;6;2023;03:28;3;45;45147;2;6;1;6;81 Rue Gustave Roland;47,92879;1,90619
202300054112;20;8;2023;16:00;1;69;69266;2;2;1;5;Rue Antonin Perrin;45,75816;4,88519
202300054113;13;7;2023;20:45;1;84;84099;1;1;1;7;D31;43,868043;5,083795
202300054114;13;2;2023;08:05;1;94;94002;2;3;1;2;Quai de la Révolution;48,784674;2,421416
202300054115;26;9;2023;17:09;1;35;35096;2;1;1;6;rue Saint Pierre;48,07106207;-1,39270082
202300054116;29;3;2023;09:00;1;75;75115;2;3;1;6;RUE DE DANTZIG;48,82993;2,295647
202300054117;7;5;2023;03:40;3;974;97411;1;1;1;6;LITTORAL (ROUTE 1 DU);-20,88126763;55,39486885
202300054118;27;10;2023;07:32;5;15;15014;2;3;2;3;GAULLE (AVENUE CHARLES DE);44,91106;2,42713
202300054119;1;1;2023;03:40;3;27;27204;2;3;2;6;Rue de la Cavee;49,323654;1,602427
202300054120;30;11;2023;17:31;5;14;14137;2;3;1;3;11 route de caen;49,18718;-0,42569
202300054121;11;6;2023;00:15;5;44;44132;2;6;1;3;16 Boulevard des Océanides;47,26133;-2,34156
202300054122;26;9;2023;09:15;1;38;38416;2;3;1;1;Avenue de Provence;45,150773;5,31646
202300054123;1;1;2023;09:30;1;88;88361;1;1;1;7;D420;48,332211;7,095795
202300054124;29;3;2023;09:00;1;75;75114;2;3;1;6;AVENUE DU MAINE;48,830247;2,325893
202300054125;6;5;2023;11:50;1;974;97411;2;1;1;3;JAURES (BLD 1 JEAN);-20,89129;55,46682
202300054126;13;2;2023;10:00;1;93;93078;2;6;1;3;39 Avenue Pierre Bérégovoy;48,946675;2,555345
202300054127;25;10;2023;14:25;1;15;15012;1;1;3;6;RD 6;44,89236;2,46741
202300054128;14;7;2023;17:00;1;14;14101;1;4;1;2;A84;49,164596;-0,429009
202300054129;22;8;2023;20:15;1;69;69029;2;2;1;3;296 Route de Genas;45,75080909;4,9085732
202300054130;30;11;2023;14:20;1;14;14137;1;3;1;3;11 Route de Caen;49,18718;-0,42569
202300054131;10;6;2023;10:50;1;41;41295;2;2;1;3;Rue des Paradis;47,58296;1,37944
202300054132;25;9;2023;17:10;1;70;70433;2;3;1;3;Rue du Château;47,615996;6,184546
202300054133;15;7;2023;05:00;3;12;12270;1;1;1;6;A75 - PK 185+0180 - SENS SUD/NORD;44,359543;3,116598
202300054134;1;1;2023;18:35;3;88;88122;1;1;1;6;Route Départementale 166;48,217603;6,281047
202300054135;27;10;2023;13:00;1;13;13054;2;1;1;1;MAURICE NOGUES (BD );43,4176;5,21947
202300054136;7;5;2023;01:00;5;973;97302;2;1;1;3;BADUEL (ROUTE DE);4,93094669;-52,30572903
202300054137;28;3;2023;19:20;1;75;75114;2;3;1;3;AVENUE DU MAINE;48,835004;2,324008
202300054138;10;2;2023;00:20;5;93;93070;2;3;1;6;Avenue Michelet / Rue Voltaire;48,903919;2,34415
202300054139;26;9;2023;13:10;1;58;58025;2;1;1;6;Route Departementale 981;46,865069;3,323058
202300054140;14;7;2023;22:55;3;50;50393;1;1;2;6;le hameau duval - le chefresne;48,903476;-1,163027
202300054141;11;6;2023;00:15;5;38;38185;2;1;1;1;COURS JEAN JAURÈS;45,18682;5,71863
202300054142;1;1;2023;23:45;5;987;98734;1;1;1;6;pk 37.800 RT1;-17,712;-149,508
202300054143;22;8;2023;15:00;1;69;69259;2;2;1;3;8 Avenue du 8 Mai 1945;45,6934;4,8713
202300054144;27;9;2023;09:15;1;14;14261;1;1;1;6;236 Route de Blangy-le-Château;49,24231905;0,31881809
202300054145;26;10;2023;22:40;5;13;13207;2;1;1;7;Corniche John Fitzgérald Kennedy;43,27276;5,363
202300054146;7;5;2023;18:00;2;972;97209;2;1;1;2;BALATA (ROUTE DE);14,629792;-61,072386
202300054147;29;3;2023;12:15;1;75;75113;2;2;1;3;RUE PAU CASALS;48,83104;2,377592
202300054148;13;2;2023;17:30;1;93;93059;2;3;1;3;Avenue Lénine / Rue Camélinat;48,9588;2,35858
202300054149;14;7;2023;17:50;1;50;50095;1;2;3;1;Rue de la Vire;49,089635;-1,119382
202300054150;1;1;2023;19:00;5;31;31395;2;6;1;2;Giratoire D12 sortie 35 de l'A64;43,474737;1,32214934
202300054151;30;11;2023;07:50;2;14;14118;2;1;1;4;N814;49,202006;-0,351649
202300054152;10;6;2023;19:05;1;38;38179;2;3;1;3;RUE DES ESSARTS;45,18814;5,77728
202300054153;22;8;2023;10:15;1;67;67482;2;3;1;1;ENGELBREIT (RUE DE L );48,58173;7,70723
202300054154;25;9;2023;14:00;1;36;36180;2;4;1;3;Route d'Issoudun;46,73123041;1,96571857
202300054155;7;5;2023;12:55;1;69;69149;2;2;2;6;90 Grande Rue;45,71556;4,80881
202300054156;14;7;2023;16:30;1;23;23015;2;1;1;6;Glatignat;46,365673;1,502477
202300054157;13;2;2023;11:30;1;93;93064;2;2;7;6;Rue Louise Michel / Rue Leon Blum;48,88028079;2,47824276
202300054158;10;6;2023;12:15;1;37;37122;2;1;1;6;DEUX LIONS (ROUTE DES);47,36131;0,6847
202300054159;29;3;2023;16:45;1;75;75112;2;3;1;6;RUE DE CHARENTON;48,833612;2,394897
202300054160;27;10;2023;16:40;1;10;10325;2;6;8;1;ROCADE OUEST (RD 610);48,26414;4,0784
202300054161;2;1;2023;12:25;1;6;6088;1;1;1;2;A8 PK 189.463 chaussée nord;43,700039;7,18832
202300054162;21;8;2023;20:40;2;67;67482;2;3;1;3;MARTIN SCHONGAUER (RUE);48,5664;7,7204
202300054163;10;7;2023;14:01;1;34;34270;1;3;1;2;RM612;43,564744;3,850188
202300054164;25;11;2023;15:35;1;14;14118;2;1;1;6;79 Rue du Chemin Vert;49,192537;-0,39328
202300054165;16;8;2023;15:20;1;21;21663;2;1;1;3;Avenue de Dijon;47,53798148;4,46220099
202300054166;7;5;2023;07:30;1;69;69382;2;2;1;3;Cours Bayard;45,7445;4,8195
202300054167;13;2;2023;18:00;2;93;93051;2;1;7;6;Boulevard du Rempart;48,83733;2,54662
202300054168;10;6;2023;09:15;1;34;34301;2;1;1;3;216 Avenue Gilbert Martelli;43,41022;3,70762
202300054169;27;10;2023;13:25;1;10;10387;2;1;1;6;QUATORZE JUILLET (RUE DU);48,2953;4,08007
202300054170;21;8;2023;17:00;1;65;65440;2;1;1;6;Avenue Alsace Lorraine;43,24664;0,07312
202300054171;29;3;2023;00:00;5;75;75110;2;3;2;3;RUE DU FAUBOURG SAINT MARTIN;48,877812;2,361616
202300054172;7;5;2023;05:45;1;971;97113;1;1;1;6;Pont de BLANCHARD;16,22353073;-61,52360916
202300054173;13;7;2023;18:20;1;37;37160;1;1;1;2;A10 PK 177+200;47,555163;1,013446
202300054174;1;1;2023;20:15;3;2;2280;1;1;9;6;;49,103573;3,457335
202300054175;30;11;2023;22:30;4;13;13117;2;3;1;3;CUGNOT ( AVENUE JOSEPH );43,47618;5,23412
202300054176;26;9;2023;17:02;1;21;21150;1;4;1;1;RD906;46,93429;4,738873
202300054177;9;2;2023;13:20;1;92;92075;2;3;1;3;FRERES CHAPELLE (RUE DES);48,817395;2,286369
202300054178;26;10;2023;07:45;5;10;10387;2;1;2;2;ANATOLE FRANCE (RUE);48,28583;4,07479
202300054179;22;8;2023;13:10;1;64;64260;2;6;1;2;EMPEREUR (BOULEVARD DE L');43,36234;-1,76199
202300054180;29;3;2023;09:00;1;94;94046;2;2;1;1;Avenue de la République;48,81061;2,45653
202300054181;15;7;2023;14:35;1;95;95352;1;1;1;1;D316;49,107218;2,426884
202300054182;2;1;2023;16:45;1;976;97617;1;1;1;1;CCD3 miréréni;-12,787435;45,139984
202300054183;27;10;2023;09:00;1;9;9121;2;9;9;6;D1;42,946884;1,617059
202300054184;23;9;2023;19:00;1;24;24153;1;2;1;6;Route de la Cassagne;45,077502;1,332988
202300054185;13;2;2023;09:00;1;92;92072;2;1;1;2;SAINT CLOUD (RUE DE);48,82859;2,22472
202300054186;30;11;2023;18:26;5;13;13019;2;1;1;5;AVENUE DU PLAN DE CAMPAGNE;43,41853;5,36067
202300054187;29;3;2023;18:00;1;94;94002;2;1;1;6;Rue des Alouettes;48,78422;2,423898
202300054188;14;7;2023;10:00;1;56;56240;2;1;1;2;22 Rue du Général de Gaulle;47,526649;-2,770373
202300054189;6;5;2023;12:25;1;91;91103;2;9;1;3;DEVI DU CD 19;48,58794;2,30698
202300054190;21;8;2023;22:30;4;64;64024;2;3;1;3;AMOUR (AVENUE DE LA CHAMBRE D');43,49522;-1,53503
202300054191;27;9;2023;13:50;1;87;87187;1;1;1;2;D704;45,541255;1,207391
202300054192;10;6;2023;20:50;1;34;34129;1;3;1;5;RM172;43,57447;3,92239
202300054193;13;2;2023;07:35;1;92;92049;2;5;1;3;DORMOY AVENUE MARX N°2 A 100;48,8099;2,31733
202300054194;27;10;2023;21:00;5;6;6123;2;3;1;3;VESPINS ROUTE DES;43,6600567;7,18346
202300054195;30;11;2023;14:15;1;13;13207;2;1;1;3;RIVE NEUVE (QUAI);43,29236;5,36559
202300054196;1;1;2023;22:15;5;988;98804;2;3;1;6;Route de Nonhoué;-21,518818;165,955557
202300054197;28;3;2023;19:15;1;94;94002;2;2;1;1;Rue Paul Vaillant Couturier / Rue Charles de Gaulle;48,81449;2,415319
202300054198;15;7;2023;19:15;1;2A;2A362;2;2;1;1;route de pinarello;41,698808;9,353657
202300054199;21;8;2023;15:10;1;64;64102;2;1;1;1;PRISSE (Avenue du );43,47916;-1,45575
202300054200;27;9;2023;17:50;1;13;13069;1;1;1;2;D572;43,627588;5,144488
202300054201;7;5;2023;20:30;1;83;83137;2;1;1;2;ROOSEVELT (AVE FRANKLIN);43,12104;5,9406
202300054202;10;6;2023;23:10;5;33;33063;2;1;1;4;Place Gambetta;44,8408;-0,58091
202300054203;29;11;2023;17:15;4;13;13207;2;1;1;1;Corniche John Fitzgérald Kennedy;43,28358488;5,35019724
202300054204;13;2;2023;11:55;1;92;92062;2;1;1;3;DEFENSE (ROND POINT DE LA);48,89017371;2,23989129
202300054205;27;10;2023;19:15;5;75;75117;2;2;2;3;BOULEVARD BESSIERES;48,897731;2,329018
202300054206;1;1;2023;16:45;1;33;33214;1;1;1;1;D6e1;45,043448;-1,173949
202300054207;19;8;2023;15:10;1;62;62907;2;1;1;3;Allée des Oiseaux;50,477991;3,001182
202300054208;13;2;2023;09:05;1;92;92062;2;1;1;1;DEFENSE (ROND POINT DE LA);48,890242;2,241753
202300054209;15;7;2023;19:05;1;2B;2B207;1;9;1;3;Caragiuti;42,453592;9,504354
202300054210;26;9;2023;15:10;1;6;6018;2;1;1;3;1780 Route de la Mer;43,617466;7,113374
202300054211;19;8;2023;17:00;1;62;62274;1;9;1;6;D160;50,440063;2,991113
202300054212;2;1;2023;14:00;1;66;66088;1;1;1;1;;42,662241;2,6430491
202300054213;27;10;2023;02:15;5;75;75117;2;7;1;1;RUE DE PRONY;48,880414;2,308794
202300054214;6;5;2023;17:55;1;83;83144;1;9;1;3;ST JUST (AVENUE LT ANTOINE);43,14313;6,01565
202300054215;10;6;2023;22:50;5;33;33529;1;1;1;2;CAZAUX (BD DE) DU 02 ET +;44,55701;-1,15314
202300054216;13;2;2023;16:20;1;92;92026;2;9;1;2;SAINT-DENIS BD (120 A 174 / DE 199 A 315;48,89991465;2,26834042
202300054217;29;11;2023;22:00;5;13;13028;2;6;8;3;Rond Point DULAC/ROVARCH;43,19262;5,60925
202300054218;29;3;2023;17:30;1;93;93072;2;3;1;5;Rue de Fontenay / Rue Francis Auffray;48,96795;2,37767
202300054219;26;10;2023;10:30;1;75;75116;2;1;1;6;AVENUE DU PRESIDENT WILSON;48,864844;2,296931
202300054220;27;9;2023;13:00;1;17;17139;1;1;1;2;A10;46,11909;-0,532708
202300054221;14;8;2023;20:00;2;62;62413;2;4;1;3;D162E1;50,44448;2,90506
202300054222;10;6;2023;14:10;1;32;32013;1;1;1;7;GAOUERE (CHEMIN DE);43,62145;0,56481
202300054223;29;11;2023;06:40;3;7;7008;1;1;1;6;VOIE DOUCE DE LA PAYRE;44,71218;4,62418
202300054224;15;7;2023;06:40;1;2B;2B077;1;1;1;2;Cavone;42,472975;9,497439
202300054225;1;1;2023;00:30;5;38;38507;2;9;1;2;Route de Crémieu;45,749676;5,184463
202300054226;29;3;2023;09:25;1;93;93064;2;1;1;6;Rue Jules Guesde;48,8757002;2,49828994
202300054227;13;2;2023;11:45;1;92;92012;2;2;1;1;BONTEMPS (rue Marcel);48,8255779;2,24189624
202300054228;26;9;2023;18:00;1;68;68278;2;1;1;2;Rue de Habsheim;47,744266;7,41273
202300054229;23;8;2023;13:30;1;62;62263;1;1;1;1;N25;50,26148;2,69672
202300054230;29;11;2023;11:30;1;7;7102;2;1;1;6;REPUBLIQUE (AV. DE LA) [DU N° AU N°];44,93677;4,87289
202300054231;7;5;2023;16:20;1;83;83069;2;3;1;1;QUINZIEME CORPS (RUE DU);43,122781;6,143594
202300054232;24;6;2023;09:00;1;71;71230;2;1;1;6;9 Route de Toulon;46,604237;4,071078
202300054233;29;3;2023;19:25;2;93;93048;2;1;1;6;Boulevard de la Boissière;48,87772653;2,45963126
202300054234;27;10;2023;16:05;1;75;75115;2;2;1;3;BOULEVARD PASTEUR;48,842995;2,312797
202300054235;2;1;2023;17:15;2;27;27003;2;1;1;6;Rue de Louviers;49,173462;1,174899
202300054236;9;6;2023;22:20;5;31;31555;2;1;1;2;VA007500 CROIX DAURADE A62 Sortie 14;43,63457;1,47809
202300054237;13;2;2023;09:30;1;92;92007;2;3;1;6;BRIAND (AVENUE ARISTIDE) N° 100 A 160;48,79922285;2,32282117
202300054238;29;3;2023;14:00;1;93;93048;2;1;1;6;Rue Gaston Lauriau;48,858245;2,447456
202300054239;23;8;2023;00:48;5;60;60057;2;2;1;3;Rue de la Madeleine;49,4289;2,08548
202300054240;27;10;2023;14:20;1;75;75115;2;3;1;6;RUE DE VAUGIRARD;48,842456;2,311086
202300054241;28;11;2023;09:22;1;6;6088;2;7;1;1;MEDECIN (PL. ALEXANDRE);43,7197248;7,2622586
202300054242;10;6;2023;12:45;1;29;29232;2;1;1;6;Boulevard de Bretagne;47,98654976;-4,12439793
202300054243;5;5;2023;17:20;1;83;83061;2;1;1;3;AVENUE DE LA CORNICHE D'AZUR;43,3989402;6,72971928
202300054244;2;1;2023;19:00;3;59;59388;1;3;1;3;Rue Leon Bocquet;50,559272;2,875709
202300054245;14;7;2023;23:45;3;71;71195;1;2;1;3;D906;46,506132;4,916881
202300054246;13;2;2023;06:45;5;92;92007;2;1;1;6;BRIAND (AVENUE ARISTIDE) N° 100 A 160;48,80052;2,32337
202300054247;29;3;2023;08:30;1;93;93032;2;3;1;6;Avenue Jean Jaurès / Place de Verdun;48,88316526;2,52745494
202300054248;26;9;2023;18:30;2;13;13001;1;1;7;3;A8 - PK 012.350 - SENS SUD NORD;43,534394;5,362229
202300054249;22;8;2023;06:00;5;60;60057;2;2;1;6;Boulevard Jules Brière;49,42786122;2,08846021
202300054250;11;6;2023;00:00;4;29;29151;2;1;1;6;Rue Leon Gambetta;48,575704;-3,832364
202300054251;21;11;2023;13:29;1;5;5061;2;1;1;6;DOCTEUR AYASSE ( RUE DU );44,56355;6,08935
202300054252;1;1;2023;14:20;1;13;13028;1;1;1;6;A50-Sens Aubagne vers Toulon;43,2047;5,5907
202300054253;26;10;2023;16:20;1;75;75114;2;7;1;2;AVENUE DU MAINE;48,828027;2,326791
202300054254;11;2;2023;20:15;3;13;13078;1;1;5;1;D268;43,407448;4,790125
202300054255;25;9;2023;09:30;1;987;98735;2;1;3;3;Papeari, pk 53.200 c/mer;-17,722;-149,399
202300054256;29;3;2023;12:00;1;93;93001;2;1;1;6;Avenue Victor Hugo;48,91182367;2,37963706
202300054257;13;8;2023;19:00;1;59;59632;1;1;1;3;RUE GUSTAVE DELORY;50,36381;3,39633
202300054258;11;7;2023;16:10;1;49;49029;1;2;1;3;D751;47,37384;-0,36999
202300054259;24;11;2023;15:45;1;5;5061;2;3;1;6;FUSILLES ( RUE DES );44,54419;6,06583
202300054260;1;1;2023;03:26;3;13;13043;1;1;1;7;A55-Sens Marseille vers Martigues;43,38218353;5,22683418
202300054261;10;6;2023;14:15;1;29;29254;2;1;1;1;D19;48,57539614;-3,85588457
202300054262;25;10;2023;18:45;5;75;75114;2;3;2;3;AVENUE DU MAINE;48,83403;2,324351
202300054263;28;3;2023;00:10;5;93;93001;2;1;1;3;Avenue de la République;48,91326;2,38268
202300054264;22;8;2023;16:40;1;59;59286;2;1;1;3;SANTES RUE DE;50,61048;2,97416
202300054265;14;2;2023;14:40;1;27;27507;1;1;1;3;D53;48,883316;1,263406
202300054266;30;11;2023;16:45;2;75;75117;2;1;1;2;PORTE MAILLOT;48,880244;2,281701
202300054267;10;6;2023;03:00;5;29;29019;2;6;2;7;Avenue Franklin Roosevelt;48,38290318;-4,48817253
202300054268;15;7;2023;12:40;1;86;86298;1;4;2;1;D15B;46,715741;0,555617
202300054269;29;3;2023;12:35;1;92;92073;2;1;1;6;CARNOT (RUE);48,876244;2,229154
202300054270;7;5;2023;20:00;1;77;77449;1;1;8;7;AV PAUL SERAMY;48,85755;2,79607
202300054271;22;8;2023;12:00;1;59;59350;2;2;1;3;CORDONNIER AVENUE DE L'ARCHITECTE;50,63369;3,04148
202300054272;27;10;2023;20:18;5;75;75112;2;9;2;1;AVENUE DAUMESNIL;48,84703643;2,37552524
202300054273;14;7;2023;11:45;1;86;86068;2;1;1;1;D35;46,208145;0,163471
202300054274;26;9;2023;13:02;1;78;78478;1;1;1;6;n191;48,475693;1,853721
202300054275;1;1;2023;19:22;3;33;33143;1;1;1;4;AUTOROUTE A 10;44,96679;-0,438417
202300054276;30;11;2023;07:45;1;75;75115;2;1;1;5;PORTE DE SEVRES;48,831897;2,28169
202300054277;29;3;2023;10:30;1;92;92012;2;2;1;6;JEAN JAURES (BOULEVARD) 217/FIN - 210/FI;48,828842;2,246197
202300054278;15;7;2023;12:30;1;22;22055;2;1;1;3;Rue des Prés Calan;48,612009;-2,829098
202300054279;6;5;2023;18:10;1;77;77111;2;6;1;3;BD LA MERIDIENNE;48,855885;2,77052
202300054280;21;8;2023;21:00;2;59;59574;2;3;1;3;RUE DES FRERES BRIDOUX;50,37099;3,26776
202300054281;13;2;2023;04:10;3;52;52332;1;1;5;2;A31 PK137.500 direction Dijon (21);47,977193;5,498968
202300054282;26;9;2023;10:40;1;2B;2B148;2;6;1;2;Route de l'aéroport;42,550219;9,459679
202300054283;27;10;2023;13:31;1;75;75109;2;2;1;3;BOULEVARD POISSONNIERE;48,871494;2,343089
202300054284;6;6;2023;09:24;1;26;26362;2;1;1;6;Faubourg Saint Jacques;44,93247;4,89612
202300054285;1;1;2023;07:15;3;33;33167;1;1;1;2;ROUTE NATIONALE 230;44,835226;-0,500053
202300054286;29;11;2023;21:10;5;75;75116;2;1;1;5;BD PERIPHERIQUE EXTERIEUR;48,860277;2,263373
202300054287;26;9;2023;20:45;2;89;89257;2;1;1;6;34 Rue Victor Hugo;47,958706;3,529841
202300054288;22;8;2023;07:00;1;59;59329;1;6;1;3;RD 643;50,34749;3,0901
202300054289;15;7;2023;08:00;1;35;35284;1;2;1;3;Lieu Dit Beausejour;48,611257;-1,941812
202300054290;10;6;2023;16:45;1;25;25462;2;1;1;6;REPUBLIQUE DE LA;46,90314;6,35636
202300054291;27;10;2023;13:25;1;75;75109;2;5;1;6;RUE LA FAYETTE;48,87503463;2,340855
202300054292;7;5;2023;22:30;5;76;76322;2;3;1;1;Rue de la République;49,4138044;1,03430271
202300054293;11;3;2023;18:10;2;68;68145;2;3;1;5;73 Grand'Rue;48,080036;7,397892