Num_Acc;jour;mois;an;hrmn;lum;dep;com;agg;int;atm;col;adr;lat;long
202300054294;11;2;2023;17:13;2;8;8435;1;1;5;2;N51;49,451883;4,298508
202300054295;1;1;2023;17:18;5;94;94034;1;1;2;4;A86;48,76061147;2,31935953
202300054296;26;9;2023;15:28;1;21;21464;2;6;1;1;1 Place Jules Ferry;47,135962;4,955004
202300054297;27;10;2023;15:50;1;75;75108;2;2;1;7;BOULEVARD DES BATIGNOLLES;48,882571;2,323378
202300054298;30;11;2023;19:00;5;75;75120;2;3;1;2;RUE DES PYRENEES;48,871976;2,391876
202300054299;7;5;2023;11:05;1;76;76681;1;1;3;7;Boulevard Industriel;49,41007038;1,1085248
202300054300;23;8;2023;07:55;1;58;58194;2;3;1;3;MARZY;46,98810593;3,12677815
202300054301;28;3;2023;14:00;1;974;97404;1;1;1;3;Avenue Octave Bénard;-21,26733168;55,3345862
202300054302;14;7;2023;10:35;1;38;38013;2;3;1;3;170 Route de Lyon;45,400168;5,484216
202300054303;13;2;2023;04:50;5;30;30254;2;1;1;3;;44,063922;4,723424
202300054304;10;6;2023;14:45;1;22;22278;2;1;1;6;VILLE-GUYOMARD (DE LA);48,52487;-2,78615
202300054305;22;9;2023;13:15;1;67;67122;1;9;1;7;D 224;48,635142;7,309481
202300054306;29;3;2023;06:40;2;67;67283;1;1;2;7;d218;48,708383;7,364761
202300054307;30;11;2023;15:55;2;75;75120;2;1;1;7;RUE DE MENILMONTANT;48,868528;2,389061
202300054308;27;10;2023;14:15;1;75;75108;2;5;8;3;RUE DE LONDRES;48,877881;2,326943
202300054309;6;5;2023;11:30;1;73;73008;2;9;1;3;D991 RUSSIE BOULEVARD DE;45,68292371;5,91040581
202300054310;1;1;2023;06:30;3;78;78133;1;1;1;2;A13;48,886934;2,011974
202300054311;21;8;2023;19:00;1;58;58194;2;3;1;3;BARATTE (FAUBOURG);46,98899;3,1884
202300054312;29;3;2023;22:10;3;6;6126;1;1;1;6;M6202;43,809292;7,192461
202300054313;10;2;2023;08:50;1;47;47010;1;2;1;3;D252 / D106;44,371171;0,068214
202300054314;9;6;2023;12:30;1;18;18279;2;1;1;1;20 Route René Dumont;47,20813;2,08942
202300054315;22;9;2023;13:50;1;67;67046;2;2;1;3;7 Rue des Bobineurs;48,765128;7,855107
202300054316;30;11;2023;08:35;1;75;75120;2;3;1;6;RUE DU TELEGRAPHE;48,871072;2,4003
202300054317;1;1;2023;18:50;3;95;95582;1;1;2;6;A115;48,98062982;2,2409411
202300054318;21;8;2023;09:25;1;57;57306;2;3;1;3;TOURNEUR (RUE) ;49,3286;6,06415
202300054319;14;7;2023;16:00;1;84;84102;1;3;1;3;Croisement D4/D227;43,913387;5,315151
202300054320;27;9;2023;16:25;1;88;88078;2;1;1;6;6 Rue de Gérardmer;48,200368;6,725183
202300054321;14;2;2023;03:45;3;31;31157;1;1;1;7;136 Route de Plaisance;43,549128;1,317638
202300054322;29;3;2023;18:50;1;72;72306;1;1;1;1;D139bis;47,854027;0,235616
202300054323;27;10;2023;20:10;5;94;94081;2;2;2;5;Avenue Ernest Havet;48,78779;2,40249
202300054324;11;6;2023;00:05;5;13;13210;2;1;1;6;CAPELETTE (AVENUE DE LA);43,28061357;5,40770574
202300054325;13;7;2023;21:30;3;15;15221;1;1;1;7;N122;44,878669;2,361599
202300054326;22;8;2023;19:24;1;56;56121;2;1;1;3;KERMELO (PROMENADE DE);47,73143;-3,37908
202300054327;30;11;2023;12:05;1;75;75119;2;3;1;3;AVENUE DE FLANDRE;48,89315;2,379885
202300054328;2;5;2023;07:25;1;73;73008;2;3;1;3;D913 GAULLE GENERAL DE AVENUE;45,68792;5,91197
202300054329;29;3;2023;17:30;1;23;23141;1;1;1;6;D5;46,251244;1,677487
202300054330;13;2;2023;08:20;2;95;95365;1;1;5;7;RD 316;49,07994978;2,4119854
202300054331;26;10;2023;22:57;5;94;94074;2;1;3;2;Rue Vasco de Gama;48,76691569;2,44955347
202300054332;23;8;2023;00:05;4;54;54323;2;1;1;7;Rue de la Banque;49,51737;5,76556
202300054333;27;9;2023;11:30;1;3;3290;1;3;1;3;pk 6 D29;46,636198;3,337634
202300054334;30;11;2023;09:20;1;75;75118;2;1;1;6;RUE D AUBERVILLIERS;48,89663;2,369769
202300054335;9;6;2023;23:23;5;13;13210;2;1;1;2;PAUL CLAUDEL (BOULEVARD);43,2682893;5,41452446
202300054336;1;1;2023;18:30;3;93;93078;1;1;2;4;AUTOROUTE A104;48,9713639;2,4985811
202300054337;14;7;2023;08:30;1;1;1348;1;2;1;1;Route des Brocatieres;46,183452;4,826852
202300054338;13;2;2023;16:40;1;2B;2B150;1;1;1;6;RT 30;42,595401;8,83812
202300054339;7;5;2023;18:40;1;72;72181;2;9;1;7;NERUDA PABLO (BD);47,99758;0,22306
202300054340;10;2;2023;14:00;1;51;51629;1;3;1;1;D951;49,173091;4,012134
202300054341;26;9;2023;19:30;2;73;73034;1;1;1;7;ROUTE DU CORMET D'ARECHES;45,637905;6,587902
202300054342;27;10;2023;18:50;5;94;94042;2;9;2;6;Rue Jean Mermoz;48,819768;2,464673
202300054343;13;7;2023;11:40;1;54;54149;1;3;1;3;D57;49,44741;5,91871
202300054344;1;1;2023;13:15;1;93;93078;1;1;2;7;AUTOROUTE A104;48,96300436;2,52239723
202300054345;15;7;2023;13:25;1;66;66147;1;1;1;3;RN 320;42,563512;1,773992
202300054346;29;11;2023;18:40;5;75;75117;2;4;1;5;BOULEVARD MALESHERBES;48,889003;2,304141
202300054347;13;2;2023;11:32;1;81;81120;2;9;1;3;Route de la Lande Basse;43,53883879;2,25652635
202300054348;24;9;2023;10:48;1;38;38556;2;3;1;3;D131;45,362003;4,857851
202300054349;10;6;2023;10:39;1;10;10357;1;1;7;4;ROCADE EST (RD 610);48,291527;4,132287
202300054350;26;10;2023;14:30;1;94;94076;2;9;1;3;Boulevard Maxime Gorki;48,79598;2,36843
202300054351;28;3;2023;13:53;1;76;76377;2;3;1;6;23 Route de Dieppe;49,499876;1,153927
202300054352;15;7;2023;20:15;2;6;6059;1;1;1;6;Avenue Raymond Poincaré;43,720622;7,368066
202300054353;21;8;2023;11:00;1;54;54099;2;3;1;6;Rue du Marechal Foch (Briey);49,24979;5,93845
202300054354;7;5;2023;03:15;5;69;69271;2;2;1;3;Avenue Charles de Gaulle;45,74486;4,9373
202300054355;1;1;2023;07:00;2;95;95365;1;1;1;2;N104;49,0647952;2,4102943
202300054356;29;11;2023;09:45;1;75;75116;2;3;1;3;CARREFOUR DE LONGCHAMP;48,863712;2,239533
202300054357;29;3;2023;22:15;4;2B;2B050;2;1;1;6;avenue de la république;42,564999;8,755701
202300054358;18;9;2023;17:40;1;44;44066;2;1;1;2;Route de rennes;47,358287;-1,631344
202300054359;10;6;2023;19:40;1;6;6104;2;9;1;2;HANOTEAUX (AVENUE GABRIEL);43,761629;7,465106
202300054360;26;10;2023;20:00;5;94;94041;2;2;3;3;Avenue de l’Industrie;48,81456;2,40445
202300054361;6;5;2023;20:30;1;64;64102;2;9;7;2;SOULT (AVENUE MARECHAL);43,48;-1,492
202300054362;23;8;2023;15:20;1;51;51454;2;3;1;3;MATHIEU (RUE LEON) DU N°51 A FIN ET DU N;49,24047;4,0099
202300054363;15;7;2023;10:30;1;14;14371;2;3;1;3;17 Route de Lisieux;49,013586;0,152264
202300054364;30;11;2023;09:00;1;75;75111;2;1;1;3;BOULEVARD VOLTAIRE;48,859384;2,377463
202300054365;13;2;2023;21:30;5;71;71014;2;2;1;3;Avenue de la République;46,957432;4,299447
202300054366;1;1;2023;03:45;3;77;77384;1;1;1;7;A5b;48,619864;2,630271
202300054367;30;3;2023;13:34;1;65;65258;2;1;1;6;700 Rue des Moulins;43,132167;0,394062
202300054368;27;10;2023;13:25;1;94;94033;2;1;1;3;Rue Carnot;48,8531;2,49139
202300054369;27;9;2023;07:00;1;38;38341;2;3;1;3;d1006;45,567023;5,414243
202300054370;10;6;2023;14:40;1;6;6069;1;1;2;1;PEGOMAS (ROUTE DE);43,620028;6,92519
202300054371;15;7;2023;07:50;1;60;60333;1;1;1;6;Rue de Hodenc;49,45761857;1,89738098
202300054372;22;8;2023;19:40;1;51;51474;2;1;1;3;SAINT THIERRY (CHEMIN DE) A REIMS;49,2786;4,00315
202300054373;6;5;2023;15:40;1;64;64024;2;1;1;3;ROUTE DE PITOYS;43,46373;-1,51482
202300054374;1;1;2023;03:45;5;974;97407;2;1;1;6;COMMUNE DE PARIS (AVENUE);-20,93375;55,29189
202300054375;30;11;2023;08:20;1;75;75110;2;2;8;6;RUE LA FAYETTE;48,880739;2,36241
202300054376;10;6;2023;15:35;1;39;39129;1;1;3;6;N/A;46,64902;5,942171
202300054377;27;10;2023;16:30;1;94;94011;2;9;2;6;Route de l’Ile Saint Julien;48,78017;2,48407
202300054378;13;2;2023;16:45;1;55;55165;1;3;7;3;Place de la Gare (Pont);49,382132;5,171406
202300054379;14;7;2023;11:50;1;73;73259;1;1;1;3;D99;45,374941;6,323748
202300054380;29;3;2023;15:45;1;71;71543;2;2;1;6;Rue Désiré Mathivet;46,561852;4,912874
202300054381;1;1;2023;01:14;5;68;68297;2;1;1;6;Rue de l'Aéroport;47,61165;7,5344
202300054382;21;8;2023;21:10;5;51;51454;2;3;1;3;DIEU LUMIERE (BOULEVARD) COTE PAIR;49,23996;4,04112
202300054383;11;9;2023;17:25;1;69;69228;1;2;1;3;Route de Bellevue;45,59478129;4,6665965
202300054384;27;10;2023;11:10;1;94;94028;2;1;8;6;Rue Edouard Manet;48,78055223;2,46433499
202300054385;7;5;2023;03:50;5;62;62215;2;1;2;6;NONETTES (R DES);50,47109;2,9388
202300054386;30;11;2023;09:05;1;75;75109;2;2;1;3;BOULEVARD DES ITALIENS;48,871438;2,336848
202300054387;13;2;2023;10:30;1;49;49180;1;1;1;6;D79;47,374908;-0,162649
202300054388;27;9;2023;05:00;3;81;81225;1;1;1;6;Les grèzes;43,9197833;1,9864529
202300054389;1;1;2023;08:25;2;85;85265;1;1;1;2;A83;46,4128363;-0,71131931
202300054390;14;7;2023;05:00;2;73;73067;1;1;1;6;D76A, route des Attignours;45,36747957;6,28903904
202300054391;21;8;2023;19:20;1;51;51454;2;1;1;6;RUE CHARLES GUGGIARI;49,28547;4,02621
202300054392;27;10;2023;02:30;3;94;94054;2;1;2;1;Route Charles Tillon;48,745394;2,384787
202300054393;10;6;2023;15:30;1;50;50188;1;3;1;5;Rue de la Libération;48,831348;-1,41449
202300054394;30;3;2023;07:00;1;47;47310;2;2;1;6;Rue Colisson;44,392319;0,305589
202300054395;6;5;2023;19:50;1;62;62215;1;1;1;1;D917;50,48047;2,9692
202300054396;1;1;2023;00:09;3;17;17133;2;1;1;7;25 Route de la Grande Mercerie;45,599007;-0,719213
202300054397;13;2;2023;16:40;1;12;12052;2;6;7;3;44 Boulevard Francois Mitterrand;44,55704264;2,07176685
202300054398;30;11;2023;18:05;5;75;75103;2;5;1;6;RUE DE TURBIGO;48,864834;2,353309
202300054399;14;7;2023;14:35;1;43;43167;1;1;1;6;D48;45,062533;3,567392
202300054400;11;6;2023;14:20;1;52;52193;1;1;1;7;D619;48,14184506;5,03902316
202300054401;22;8;2023;09:35;1;49;49328;2;2;1;6;BEAUREPAIRE (RUE);47,25953;-0,07876
202300054402;28;3;2023;18:10;1;47;47210;1;1;1;2;la Ségrive;44,27192;0,401017
202300054403;27;10;2023;10:20;1;94;94070;2;6;1;6;Route de Paris;48,715136;2,574723
202300054404;27;9;2023;07:40;1;65;65335;1;1;1;5;D8;43,099134;0,13675
202300054405;14;7;2023;19:30;1;16;16136;1;1;1;7;d 736 lieu dit coudrasse;46,013401;0,174837
202300054406;1;1;2023;15:35;1;84;84127;1;9;1;7;Chemin de la draille du plan;44,166048;4,820917
202300054407;6;5;2023;17:30;1;62;62119;2;1;1;2;D171E4;50,51415;2,62675
202300054408;11;6;2023;15:15;1;11;11068;1;1;1;6;A61 - PK 339.450;43,178894;2,533669
202300054409;29;11;2023;16:04;1;75;75102;2;3;1;6;RUE DE RICHELIEU;48,869451;2,338756
202300054410;22;8;2023;10:54;1;49;49353;2;1;1;6;avenue pierre mendès france;47,4485;-0,5088
202300054411;14;2;2023;16:15;1;39;39173;2;1;1;3;Route de Louhans (cimetière);46,530517;5,385924
202300054412;29;3;2023;15:45;1;38;38410;1;6;1;3;Route de Romans;45,076604;5,162491
202300054413;26;9;2023;14:42;1;33;33233;1;1;1;2;route nationale 10;45,13274;-0,371261
202300054414;14;7;2023;17:45;1;4;4124;1;1;1;3;RD 211;43,762711;6,096253
202300054415;27;10;2023;13:20;1;93;93073;2;2;1;3;Rue de Lorraine / Avenue Roger Salengro;48,94258;2,57581
202300054416;14;2;2023;18:25;2;38;38490;1;1;1;6;route de la plaine;45,353992;5,399061
202300054417;1;1;2023;06:30;2;2;2785;2;1;1;6;79 Rue Nationale;49,880402;3,153012
202300054418;9;6;2023;17:20;1;31;31418;1;3;1;3;Route de Toulouse;43,632257;1,522789
202300054419;29;11;2023;17:00;1;94;94037;2;9;1;3;Avenue Jean Jaurès;48,81351;2,3508
202300054420;21;8;2023;13:23;1;49;49007;2;6;1;3;DOYENNE BOULEVARD ET PASSAGE;47,48944;-0,53432
202300054421;26;9;2023;10:45;1;49;49023;2;3;1;6;Rue d'Anjou (Villedieu-la-Blouère);47,149305;-1,061334
202300054422;29;6;2023;09:58;1;87;87110;2;1;1;2;Rue de l?Ancienne Ecole;45,92285436;0,98724157
202300054423;30;3;2023;17:40;2;2;2453;2;1;2;3;6 Grande Rue;49,377258;3,734327
202300054424;27;10;2023;19:40;5;93;93048;2;3;2;6;Rue de Paris / Rue Marcel Dufriche;48,85616;2,42545
202300054425;1;1;2023;09:45;1;85;85065;1;1;1;6;A83;46,87219;-1,285155
202300054426;21;8;2023;09:40;1;49;49007;2;1;1;6;GAIN ( LOUIS);47,46841;-0,53829
202300054427;30;11;2023;07:15;5;94;94043;2;6;1;3;Avenue de Fontainebleau;48,8095;2,3625
202300054428;7;5;2023;06:20;2;59;59002;2;9;2;4;PL DU GENERAL DE GAULLE;50,33417;3,3015
202300054429;11;2;2023;03:16;4;38;38394;2;2;1;3;route de romans;45,100949;5,247568
202300054430;10;6;2023;08:10;1;68;68383;1;3;1;3;N/A;48,168107;7,314331
202300054431;27;9;2023;07:45;2;44;44094;1;1;1;1;4908 Route de Saint-Mars-du-Désert;47,337298;-1,408795
202300054432;13;7;2023;06:57;1;30;30185;2;1;1;6;Rue de la Grand-terre;43,738457;4,196987
202300054433;1;1;2023;08:00;2;83;83082;1;1;1;6;D955;43,605792;6,48012
202300054434;27;10;2023;09:45;1;93;93048;2;5;1;3;Place du Général de Gaulle / Rue du Marais;48,86940693;2,43291719
202300054435;29;3;2023;18:24;1;36;36165;1;2;1;3;Pouligny-Saint-Pierre;46,67882916;1,04414204
202300054436;7;5;2023;18:35;1;59;59350;2;9;2;6;ESPLANADE FACADE;50,63972;3,05356
202300054437;30;11;2023;12:40;1;94;94028;2;9;1;3;Avenue du Chemin-de-mesly;48,78375;2,4596
202300054438;1;6;2023;18:20;1;68;68227;2;1;1;3;18 Rue Principale;48,101887;7,471857
202300054439;13;2;2023;16:10;1;3;3156;1;2;7;1;D779;46,59862;3,511044
202300054440;14;7;2023;19:15;1;30;30097;1;1;1;6;D304;44,308422;4,144222
202300054441;1;1;2023;17:05;2;53;53147;1;1;2;1;N/A;48,2987;-0,58966
202300054442;22;8;2023;13:35;1;45;45234;2;3;1;3;17 Rue du Faubourg Saint-Vincent;47,90582;1,91401
202300054443;30;11;2023;08:20;1;94;94011;2;6;1;6;2 Avenue des Marronniers;48,767284;2,493695
202300054444;27;10;2023;13:30;1;93;93057;2;1;1;2;Avenue Aristide Briand;48,908983;2,501124
202300054445;28;3;2023;15:00;1;28;28171;1;1;1;3;D928;48,69453;1,340311
202300054446;9;6;2023;03:30;3;26;26138;1;1;1;2;A7 - PK 134+300;44,400138;4,728885
202300054447;14;7;2023;17:40;1;88;88361;1;1;1;6;D420;48,330962;7,092812
202300054448;26;9;2023;13:40;1;56;56146;1;2;1;3;Ker Yvon;48,14646;-2,982724
202300054449;1;1;2023;14:15;1;69;69086;1;1;1;6;Autoroute 89;45,84647882;4,67318058
202300054450;23;8;2023;18:00;1;44;44055;2;1;1;3;10 Allée des Ifs;47,28264;-2,39299
202300054451;28;11;2023;08:10;1;94;94028;2;1;8;6;Avenue de Verdun;48,79475;2,46224
202300054452;26;10;2023;18:20;1;93;93001;2;1;2;3;Quai Lucien Lefranc;48,909857;2,374642
202300054453;14;2;2023;05:45;3;1;1151;1;1;1;5;D1075;46,065612;5,330687
202300054454;10;6;2023;18:30;1;63;63206;1;1;1;6;D50;45,94768651;2,96639013
202300054455;7;7;2023;15:23;1;88;88063;1;1;1;3;Bocquegney;48,216681;6,305734
202300054456;1;1;2023;09:05;1;59;59593;1;1;1;6;A2;50,229387;3,271978
202300054457;27;9;2023;08:40;1;27;27235;1;1;1;1;D840;49,023349;0,930576
202300054458;21;8;2023;22:14;4;42;42071;2;1;1;-1;Boulevard Charles de Gaulle;46,01546;4,09625
202300054459;29;3;2023;17:10;1;52;52440;1;1;1;3;N67;48,359899;5,135811
202300054460;27;10;2023;03:50;3;92;92078;2;9;3;6;VERDUN (AVENUE) (PAIRS 92 ET PLUS);48,93494466;2,32580996
202300054461;29;11;2023;14:05;1;94;94019;2;6;1;1;Route de Chennevieres;48,80564;2,5328
202300054462;6;5;2023;09:45;1;59;59009;1;3;1;5;CHAMPOLLION AVENUE;50,63793293;3,14219177
202300054463;10;6;2023;19:40;1;1;1173;1;1;1;2;D1005;46,35106;6,0505
202300054464;14;7;2023;19:30;1;78;78356;1;1;1;2;D91;48,747161;2,024265
202300054465;13;2;2023;19:35;3;26;26211;1;1;1;6;Route de Valréas;44,36433;4,879228
202300054466;25;9;2023;16:45;1;13;13215;1;1;1;2;A7-Sens Marseille vers Lyon;43,3581884;5,36269145
202300054467;22;8;2023;23:15;5;38;38185;2;2;1;1;RUE DES ALLIÉS;45,16683;5,7234
202300054468;1;1;2023;05:00;2;974;97419;2;1;1;6;320 Route Nationale 2;-21,152856;55,820997
202300054469;27;10;2023;15:45;1;92;92050;2;1;1;3;REPUBLIQUE AVENUE DE LA;48,90547064;2,20991618
202300054470;28;3;2023;18:04;2;53;53121;1;1;1;3;PK 014+000 RN 12;48,422223;-0,314827
202300054471;11;6;2023;09:05;1;22;22223;1;1;1;6;N12;48,564553;-3,195487
202300054472;15;7;2023;20:30;1;13;13050;1;1;1;6;D7n;43,652317;5,272053
202300054473;13;2;2023;20:50;5;72;72180;2;1;1;6;Place de la Republique;48,349087;0,368122
202300054474;28;11;2023;17:36;5;94;94019;2;2;1;3;Avenue du Bois;48,80266684;2,54307148
202300054475;21;7;2023;20:05;1;36;36044;2;1;7;6;4 Avenue Gédéon Duchâteau;46,81822;1,69596
202300054476;21;9;2023;08:20;1;13;13215;1;1;1;2;A7-Sens Marseille vers Lyon;43,37919;5,35482
202300054477;18;4;2023;02:08;5;59;59009;2;3;1;1;DE VALMY BOULEVARD;50,622796;3,128253
202300054478;26;10;2023;13:45;1;92;92050;2;1;8;2;FRACHON BENOIT AVENUE;48,89315569;2,18731865
202300054479;9;6;2023;16:15;1;22;22223;1;3;1;6;intersection bretelle d'accés N12 - Route menant au centre équestre de KERNILIEN;48,56471;-3,19869
202300054480;30;3;2023;07:20;2;67;67067;1;1;2;2;A4;48,693237;7,725143
202300054481;23;8;2023;08:55;1;35;35051;2;1;1;6;ALLIES (BOULEVARD DES);48,11089;-1,61811
202300054482;13;2;2023;15:35;1;50;50150;1;1;7;2;Belle Croix;49,544535;-1,321203
202300054483;14;7;2023;07:10;1;62;62718;1;1;1;6;A1;50,30844468;2,89325607
202300054484;27;10;2023;18:27;5;92;92046;2;1;2;7;BROSSOLETTE AVENUE PIERRE;48,81213984;2,30088651
202300054485;29;11;2023;17:50;5;94;94075;2;1;1;6;Rue du Réveillon;48,72193;2,53508
202300054486;1;1;2023;02:00;3;42;42151;1;1;1;6;Route de Montverdun;45,683019;4,106773
202300054487;11;6;2023;14:00;1;50;50615;1;1;1;6;N13;49,499026;-1,444214
202300054488;6;5;2023;14:40;1;57;57631;2;9;1;1;BOULEAUX (RUE DES);49,11588;7,09331
202300054489;25;9;2023;09:30;1;13;13215;1;1;1;2;A7-Sens Lyon vers Marseille;43,38181453;5,3519974
202300054490;24;3;2023;15:20;1;13;13114;1;1;1;3;1970 Route de Berre;43,546792;5,319267
202300054491;11;6;2023;14:20;1;62;62424;1;1;1;7;D956;50,22368382;2,96623631
202300054492;14;2;2023;07:40;1;73;73070;1;9;1;1;D1516;45,613227;5,651779
202300054493;13;7;2023;06:20;2;987;98733;1;1;1;3;RT1 PK 19.8;-17,696;-149,548
202300054494;23;8;2023;08:45;1;34;34032;1;2;1;3;ROUTE DE BEDARIEUX (RD.909);43,38578;3,22807
202300054495;26;10;2023;08:45;1;92;92044;2;2;2;6;BAUDIN (RUE) 1A25 ET 2A34;48,89492335;2,27818
202300054496;6;5;2023;17:22;1;57;57630;2;4;1;7;FRANCE (AV);48,73512;7,0496
202300054497;1;1;2023;06:40;3;35;35152;1;1;1;6;Les Sevailles;48,22848103;-1,47954136
202300054498;25;9;2023;07:55;1;13;13071;1;1;1;3;A55 - Sens Marseille vers Martigues;43,39330763;5,29952667
202300054499;10;6;2023;22:35;3;59;59624;1;1;1;7;Rue de Gouy;50,026118;3,293596
202300054500;30;11;2023;09:10;1;93;93066;2;5;1;3;Avenue Marcel Cachin / Avenue Romain Rolland;48,93721;2,37206
202300054501;13;7;2023;23:40;3;971;97117;1;1;1;6;route nationale 5;16,306136;-61,305277
202300054502;23;8;2023;00:30;3;33;33063;2;1;1;6;Boulevard des Frères Moga;44,82959;-0,5529
202300054503;27;10;2023;07:30;5;92;92036;2;1;1;6;GRESILLONS (QUAI DES);48,92026;2,32344
202300054504;13;2;2023;00:50;3;16;16276;1;1;1;2;RN 10;45,452605;-0,153299
202300054505;29;3;2023;18:00;1;77;77511;1;1;1;3;D401;49,02903;2,619861
202300054506;26;9;2023;17:10;1;83;83137;1;1;1;2;A57;43,12331;5,95898
202300054507;7;5;2023;14:08;1;54;54526;1;1;1;6;RM 674;48,6846;6,2241
202300054508;22;8;2023;20:35;1;33;33063;2;2;1;7;Boulevard Alfred Daney;44,87033671;-0,56592536
202300054509;15;7;2023;07:45;1;77;77474;1;1;1;1;N3 PK16+300;48,958468;2,816234
202300054510;30;11;2023;12:10;1;93;93048;2;1;1;6;Rue des Ruffins;48,86094;2,47329
202300054511;27;10;2023;02:00;5;92;92062;2;1;2;6;GENERAL DE GAULLE (AVENUE DU);48,88706565;2,23185875
202300054512;10;6;2023;01:30;3;56;56099;1;1;1;7;Goëzélégan;48,115566;-3,2314682
202300054513;13;2;2023;17:30;2;40;40271;1;3;1;3;72 Route des Berges;43,563628;-1,203802
202300054514;29;3;2023;16:20;1;83;83065;1;1;1;2;RD61;43,254783;6,593492
202300054515;15;7;2023;11:00;1;2B;2B148;2;1;1;3;T20;42,525005;9,440662
202300054516;23;8;2023;08:05;1;33;33529;2;1;7;2;CUREPIPE (BD DE) DU 02 ET +;44,6377;-1,1428
202300054517;11;6;2023;02:08;3;56;56244;1;1;1;6;La Lande du Moulin;47,830098;-2,492937
202300054518;25;10;2023;08:15;2;92;92025;2;4;2;6;PAUL BERT (RUE);48,92741865;2,24699754
202300054519;20;9;2023;22:50;3;54;54571;1;1;1;5;Autoroute A 33;48,61840854;6,24584962
202300054520;7;5;2023;08:00;1;51;51454;2;2;2;3;avenue de Champagne;49,23403;4,03971
202300054521;30;11;2023;08:10;1;93;93048;2;3;1;3;Boulevard de Chanzy / Place du Marché;48,85833;2,43447
202300054522;14;7;2023;22:29;3;13;13014;1;1;1;1;D113;43,514798;5,20238
202300054523;21;8;2023;22:15;3;33;33529;1;1;1;3;BISCAROSSE (AVE DE) JUSQU'A DUNE;44,4816;-1,2361
202300054524;7;5;2023;10:05;1;50;50066;1;1;1;6;D 973 (GRANVILLE - CD572);48,822997;-1,555865
202300054525;10;6;2023;10:00;1;67;67165;1;1;1;1;D993;48,508282;7,149954
202300054526;30;3;2023;09:50;1;13;13027;1;2;8;3;D34;43,880851;4,832085
202300054527;13;2;2023;16:35;1;27;27011;1;2;1;4;D81;49,218855;0,934122
202300054528;30;11;2023;09:20;1;93;93046;2;1;1;6;Avenue Charles de Gaulle;48,91818;2,52909
202300054529;23;8;2023;00:20;5;31;31555;2;1;1;6;BD DE BONREPOS;43,60949;1,45358
202300054530;24;10;2023;19:10;5;92;92024;2;2;1;3;GENERAL LECLERC (BD DU) (9 A 59)   (4 A;48,90209;2,31428
202300054531;26;9;2023;08:03;1;33;33013;1;1;1;3;ROUTE NATIONALE 230;44,85268075;-0,50489634
202300054532;7;5;2023;16:15;1;49;49015;2;1;8;7;D775;47,51584;-0,61946
202300054533;10;6;2023;20:39;2;2A;2A006;1;1;1;3;D81;41,968704;8,779039
202300054534;29;3;2023;22:35;5;73;73132;2;6;1;6;Avenue des jeux olympiques;45,756472;6,540969
202300054535;15;7;2023;14:15;1;13;13057;1;3;1;4;d99 - PK 22+890;43,789812;4,761345
202300054536;29;11;2023;21:00;5;93;93013;2;1;1;6;Avenue de la Division Leclerc;48,9313;2,42215
202300054537;27;10;2023;17:40;1;92;92019;2;1;2;6;DIVISION LECLERC (AVENUE DE LA);48,76806458;2,25208497
202300054538;22;8;2023;15:15;1;31;31555;2;2;1;3;RUE ARNAUD VIDAL;43,60704;1,452906
202300054539;24;1;2023;17:00;1;37;37167;2;2;1;1;Avenue Louis Proust;47,546658;0,546945
202300054540;7;5;2023;04:45;3;47;47001;2;1;1;6;STALINGRAD (AVENUE DE );44,21472;0,64087
202300054541;14;7;2023;21:25;2;10;10379;2;1;1;6;28 Route de Brienne;48,5318181;4,16634692
202300054542;11;6;2023;14:50;1;2B;2B207;2;1;1;6;D506, lieu dit Chiapatella;42,445177;9,506312
202300054543;26;9;2023;07:45;2;33;33487;1;1;1;2;AUTOROUTE A 10;44,94922;-0,4639
202300054544;30;11;2023;10:35;1;92;92078;2;1;1;6;VERDUN (AVENUE) (PAIRS 92 ET PLUS);48,9351;2,32847
202300054545;27;10;2023;15:10;1;92;92004;2;1;2;6;ARGENTEUIL AV D';48,9169452;2,28199482
202300054546;25;3;2023;15:30;1;16;16168;1;1;1;7;Rue Pierre-Francois Lesenne;45,776827;0,227306
202300054547;14;7;2023;06:00;2;10;10314;1;1;1;6;D99;48,507713;4,287479
202300054548;14;2;2023;13:35;1;30;30075;2;1;1;3;Route de Nimes;43,822793;4,269041
202300054549;23;8;2023;15:00;1;29;29232;2;1;1;1;Rue de Pont-L'Abbe;47,989926;-4,118327
202300054550;26;9;2023;15:20;1;91;91689;1;1;1;7;AUTOROUTE A6B;48,738624;2,31933
202300054551;10;6;2023;15:00;1;82;82194;1;1;1;1;D91;43,917137;1,444336
202300054552;15;7;2023;01:10;5;68;68246;2;1;9;7;36 Rue du Maréchal Leclerc;47,989616;7,558085
202300054553;30;11;2023;12:10;1;92;92075;2;1;1;6;ANTOINE FRATACCI (RUE);48,82170005;2,28704931
202300054554;23;8;2023;11:30;1;29;29232;2;1;1;7;Rue de l'Universite;47,98125;-4,036393